0
SECTION
2
HEADER
9
$ACADVER
1
AC1009
9
$INSUNITS
70
4
0
ENDSEC
0
SECTION
2
TABLES
0
TABLE
2
LAYER
70
1
0
LAYER
2
CUT
70
0
62
7
6
CONTINUOUS
0
ENDTAB
0
ENDSEC
0
SECTION
2
ENTITIES
0
POLYLINE
8
CUT
66
1
70
1
10
0.0
20
0.0
30
0.0
0
VERTEX
8
CUT
10
168.3261
20
73.9131
0
VERTEX
8
CUT
10
168.4151
20
73.9067
0
VERTEX
8
CUT
10
168.4741
20
73.8995
0
VERTEX
8
CUT
10
168.5620
20
73.8843
0
VERTEX
8
CUT
10
168.6199
20
73.8713
0
VERTEX
8
CUT
10
168.7059
20
73.8475
0
VERTEX
8
CUT
10
168.7623
20
73.8288
0
VERTEX
8
CUT
10
168.8455
20
73.7966
0
VERTEX
8
CUT
10
168.8997
20
73.7725
0
VERTEX
8
CUT
10
168.9793
20
73.7322
0
VERTEX
8
CUT
10
169.0309
20
73.7028
0
VERTEX
8
CUT
10
169.1061
20
73.6548
0
VERTEX
8
CUT
10
169.1728
20
73.6075
0
VERTEX
8
CUT
10
169.2085
20
73.5807
0
VERTEX
8
CUT
10
169.2380
20
73.5576
0
VERTEX
8
CUT
10
169.2476
20
73.5501
0
VERTEX
8
CUT
10
170.8185
20
72.3643
0
VERTEX
8
CUT
10
170.8307
20
72.3554
0
VERTEX
8
CUT
10
170.9102
20
72.2985
0
VERTEX
8
CUT
10
170.9226
20
72.2898
0
VERTEX
8
CUT
10
170.9712
20
72.2568
0
VERTEX
8
CUT
10
170.9965
20
72.2405
0
VERTEX
8
CUT
10
171.1614
20
72.1403
0
VERTEX
8
CUT
10
171.2143
20
72.1117
0
VERTEX
8
CUT
10
171.3884
20
72.0285
0
VERTEX
8
CUT
10
171.4159
20
72.0162
0
VERTEX
8
CUT
10
171.4701
20
71.9935
0
VERTEX
8
CUT
10
171.4840
20
71.9879
0
VERTEX
8
CUT
10
171.5752
20
71.9525
0
VERTEX
8
CUT
10
171.5893
20
71.9472
0
VERTEX
8
CUT
10
173.1143
20
71.3983
0
VERTEX
8
CUT
10
173.1272
20
71.3938
0
VERTEX
8
CUT
10
173.2107
20
71.3659
0
VERTEX
8
CUT
10
173.2236
20
71.3617
0
VERTEX
8
CUT
10
173.2742
20
71.3461
0
VERTEX
8
CUT
10
173.3003
20
71.3386
0
VERTEX
8
CUT
10
173.4685
20
71.2948
0
VERTEX
8
CUT
10
173.5216
20
71.2835
0
VERTEX
8
CUT
10
173.6930
20
71.2550
0
VERTEX
8
CUT
10
173.7199
20
71.2511
0
VERTEX
8
CUT
10
173.7725
20
71.2448
0
VERTEX
8
CUT
10
173.7859
20
71.2433
0
VERTEX
8
CUT
10
173.8737
20
71.2348
0
VERTEX
8
CUT
10
173.8872
20
71.2337
0
VERTEX
8
CUT
10
175.6638
20
71.1014
0
VERTEX
8
CUT
10
175.6765
20
71.1006
0
VERTEX
8
CUT
10
175.7586
20
71.0962
0
VERTEX
8
CUT
10
175.7713
20
71.0957
0
VERTEX
8
CUT
10
175.8207
20
71.0941
0
VERTEX
8
CUT
10
175.8460
20
71.0938
0
VERTEX
8
CUT
10
176.0083
20
71.0955
0
VERTEX
8
CUT
10
176.0588
20
71.0981
0
VERTEX
8
CUT
10
176.2204
20
71.1134
0
VERTEX
8
CUT
10
176.2456
20
71.1164
0
VERTEX
8
CUT
10
176.2946
20
71.1231
0
VERTEX
8
CUT
10
176.3071
20
71.1250
0
VERTEX
8
CUT
10
176.3883
20
71.1379
0
VERTEX
8
CUT
10
176.4008
20
71.1400
0
VERTEX
8
CUT
10
178.0423
20
71.4368
0
VERTEX
8
CUT
10
178.0573
20
71.4397
0
VERTEX
8
CUT
10
178.1543
20
71.4598
0
VERTEX
8
CUT
10
178.1692
20
71.4631
0
VERTEX
8
CUT
10
178.2272
20
71.4767
0
VERTEX
8
CUT
10
178.2567
20
71.4844
0
VERTEX
8
CUT
10
178.4445
20
71.5385
0
VERTEX
8
CUT
10
178.5022
20
71.5583
0
VERTEX
8
CUT
10
178.6835
20
71.6312
0
VERTEX
8
CUT
10
178.7115
20
71.6433
0
VERTEX
8
CUT
10
178.7655
20
71.6683
0
VERTEX
8
CUT
10
178.7793
20
71.6749
0
VERTEX
8
CUT
10
178.8682
20
71.7187
0
VERTEX
8
CUT
10
178.8817
20
71.7256
0
VERTEX
8
CUT
10
180.0938
20
72.3627
0
VERTEX
8
CUT
10
180.1081
20
72.3704
0
VERTEX
8
CUT
10
180.2006
20
72.4223
0
VERTEX
8
CUT
10
180.2147
20
72.4305
0
VERTEX
8
CUT
10
180.2694
20
72.4631
0
VERTEX
8
CUT
10
180.2969
20
72.4806
0
VERTEX
8
CUT
10
180.4703
20
72.5974
0
VERTEX
8
CUT
10
180.5224
20
72.6367
0
VERTEX
8
CUT
10
180.6821
20
72.7716
0
VERTEX
8
CUT
10
180.7064
20
72.7933
0
VERTEX
8
CUT
10
180.7527
20
72.8370
0
VERTEX
8
CUT
10
180.7645
20
72.8483
0
VERTEX
8
CUT
10
180.8396
20
72.9231
0
VERTEX
8
CUT
10
180.8510
20
72.9348
0
VERTEX
8
CUT
10
181.8724
20
74.0082
0
VERTEX
8
CUT
10
181.8821
20
74.0187
0
VERTEX
8
CUT
10
181.9445
20
74.0875
0
VERTEX
8
CUT
10
181.9540
20
74.0982
0
VERTEX
8
CUT
10
181.9905
20
74.1404
0
VERTEX
8
CUT
10
182.0087
20
74.1625
0
VERTEX
8
CUT
10
182.1218
20
74.3066
0
VERTEX
8
CUT
10
182.1549
20
74.3532
0
VERTEX
8
CUT
10
182.2537
20
74.5074
0
VERTEX
8
CUT
10
182.2686
20
74.5319
0
VERTEX
8
CUT
10
182.2964
20
74.5802
0
VERTEX
8
CUT
10
182.3034
20
74.5927
0
VERTEX
8
CUT
10
182.3478
20
74.6743
0
VERTEX
8
CUT
10
182.3545
20
74.6869
0
VERTEX
8
CUT
10
182.9948
20
75.9330
0
VERTEX
8
CUT
10
183.0027
20
75.9488
0
VERTEX
8
CUT
10
183.0523
20
76.0528
0
VERTEX
8
CUT
10
183.0597
20
76.0689
0
VERTEX
8
CUT
10
183.0876
20
76.1321
0
VERTEX
8
CUT
10
183.1010
20
76.1650
0
VERTEX
8
CUT
10
183.1813
20
76.3806
0
VERTEX
8
CUT
10
183.1927
20
76.4142
0
VERTEX
8
CUT
10
183.2129
20
76.4803
0
VERTEX
8
CUT
10
183.2179
20
76.4973
0
VERTEX
8
CUT
10
183.2484
20
76.6083
0
VERTEX
8
CUT
10
183.2528
20
76.6255
0
VERTEX
8
CUT
10
183.3710
20
77.1117
0
VERTEX
8
CUT
10
183.3824
20
77.1542
0
VERTEX
8
CUT
10
183.4052
20
77.2315
0
VERTEX
8
CUT
10
183.4343
20
77.3146
0
VERTEX
8
CUT
10
183.4563
20
77.3689
0
VERTEX
8
CUT
10
183.4933
20
77.4487
0
VERTEX
8
CUT
10
183.5205
20
77.5006
0
VERTEX
8
CUT
10
183.5651
20
77.5765
0
VERTEX
8
CUT
10
183.5973
20
77.6255
0
VERTEX
8
CUT
10
183.6491
20
77.6966
0
VERTEX
8
CUT
10
183.6859
20
77.7422
0
VERTEX
8
CUT
10
183.7444
20
77.8079
0
VERTEX
8
CUT
10
183.7855
20
77.8497
0
VERTEX
8
CUT
10
183.8501
20
77.9094
0
VERTEX
8
CUT
10
183.8951
20
77.9470
0
VERTEX
8
CUT
10
183.9653
20
78.0000
0
VERTEX
8
CUT
10
184.0137
20
78.0331
0
VERTEX
8
CUT
10
184.0887
20
78.0790
0
VERTEX
8
CUT
10
184.1401
20
78.1072
0
VERTEX
8
CUT
10
184.2192
20
78.1456
0
VERTEX
8
CUT
10
184.2731
20
78.1686
0
VERTEX
8
CUT
10
184.3557
20
78.1991
0
VERTEX
8
CUT
10
184.4116
20
78.2167
0
VERTEX
8
CUT
10
184.4967
20
78.2390
0
VERTEX
8
CUT
10
184.5540
20
78.2510
0
VERTEX
8
CUT
10
184.6409
20
78.2649
0
VERTEX
8
CUT
10
184.6992
20
78.2713
0
VERTEX
8
CUT
10
184.7870
20
78.2767
0
VERTEX
8
CUT
10
184.8456
20
78.2773
0
VERTEX
8
CUT
10
184.9335
20
78.2741
0
VERTEX
8
CUT
10
184.9919
20
78.2690
0
VERTEX
8
CUT
10
185.0791
20
78.2572
0
VERTEX
8
CUT
10
185.1367
20
78.2464
0
VERTEX
8
CUT
10
185.2223
20
78.2261
0
VERTEX
8
CUT
10
185.2786
20
78.2098
0
VERTEX
8
CUT
10
185.3618
20
78.1813
0
VERTEX
8
CUT
10
185.4162
20
78.1595
0
VERTEX
8
CUT
10
185.4963
20
78.1230
0
VERTEX
8
CUT
10
185.5483
20
78.0960
0
VERTEX
8
CUT
10
185.6244
20
78.0518
0
VERTEX
8
CUT
10
185.6735
20
78.0199
0
VERTEX
8
CUT
10
185.7449
20
77.9685
0
VERTEX
8
CUT
10
185.7907
20
77.9320
0
VERTEX
8
CUT
10
185.8568
20
77.8738
0
VERTEX
8
CUT
10
185.8988
20
77.8330
0
VERTEX
8
CUT
10
185.9588
20
77.7687
0
VERTEX
8
CUT
10
185.9967
20
77.7239
0
VERTEX
8
CUT
10
186.0501
20
77.6540
0
VERTEX
8
CUT
10
186.0834
20
77.6058
0
VERTEX
8
CUT
10
186.1298
20
77.5310
0
VERTEX
8
CUT
10
186.1582
20
77.4798
0
VERTEX
8
CUT
10
186.1971
20
77.4008
0
VERTEX
8
CUT
10
186.2203
20
77.3471
0
VERTEX
8
CUT
10
186.2513
20
77.2647
0
VERTEX
8
CUT
10
186.2759
20
77.1879
0
VERTEX
8
CUT
10
186.2884
20
77.1457
0
VERTEX
8
CUT
10
186.7458
20
75.4379
0
VERTEX
8
CUT
10
186.7484
20
75.4278
0
VERTEX
8
CUT
10
186.7527
20
75.4111
0
VERTEX
8
CUT
10
186.7621
20
75.3706
0
VERTEX
8
CUT
10
186.7763
20
75.3016
0
VERTEX
8
CUT
10
186.7821
20
75.2709
0
VERTEX
8
CUT
10
186.7827
20
75.2677
0
VERTEX
8
CUT
10
186.7874
20
75.2368
0
VERTEX
8
CUT
10
186.7968
20
75.1670
0
VERTEX
8
CUT
10
186.8015
20
75.1257
0
VERTEX
8
CUT
10
186.8030
20
75.1085
0
VERTEX
8
CUT
10
186.8038
20
75.0981
0
VERTEX
8
CUT
10
186.9873
20
72.7152
0
VERTEX
8
CUT
10
186.9882
20
72.7031
0
VERTEX
8
CUT
10
186.9900
20
72.6749
0
VERTEX
8
CUT
10
186.9907
20
72.6628
0
VERTEX
8
CUT
10
186.9914
20
72.6481
0
VERTEX
8
CUT
10
186.9919
20
72.6360
0
VERTEX
8
CUT
10
186.9929
20
72.6077
0
VERTEX
8
CUT
10
186.9933
20
72.5956
0
VERTEX
8
CUT
10
186.9938
20
72.5742
0
VERTEX
8
CUT
10
186.9940
20
72.5621
0
VERTEX
8
CUT
10
186.9943
20
72.5338
0
VERTEX
8
CUT
10
186.9943
20
72.5217
0
VERTEX
8
CUT
10
186.9942
20
72.5069
0
VERTEX
8
CUT
10
186.9941
20
72.4948
0
VERTEX
8
CUT
10
186.9936
20
72.4666
0
VERTEX
8
CUT
10
186.9933
20
72.4545
0
VERTEX
8
CUT
10
186.9389
20
70.6868
0
VERTEX
8
CUT
10
186.9384
20
70.6751
0
VERTEX
8
CUT
10
186.9376
20
70.6557
0
VERTEX
8
CUT
10
186.9343
20
70.6092
0
VERTEX
8
CUT
10
186.9268
20
70.5304
0
VERTEX
8
CUT
10
186.9227
20
70.4956
0
VERTEX
8
CUT
10
186.9223
20
70.4920
0
VERTEX
8
CUT
10
186.9169
20
70.4574
0
VERTEX
8
CUT
10
186.9032
20
70.3795
0
VERTEX
8
CUT
10
186.8940
20
70.3337
0
VERTEX
8
CUT
10
186.8896
20
70.3148
0
VERTEX
8
CUT
10
186.8870
20
70.3034
0
VERTEX
8
CUT
10
186.6449
20
69.3073
0
VERTEX
8
CUT
10
186.6416
20
69.2944
0
VERTEX
8
CUT
10
186.6361
20
69.2730
0
VERTEX
8
CUT
10
186.6213
20
69.2220
0
VERTEX
8
CUT
10
186.5936
20
69.1363
0
VERTEX
8
CUT
10
186.5805
20
69.0987
0
VERTEX
8
CUT
10
186.5791
20
69.0949
0
VERTEX
8
CUT
10
186.5644
20
69.0578
0
VERTEX
8
CUT
10
186.5293
20
68.9749
0
VERTEX
8
CUT
10
186.5071
20
68.9266
0
VERTEX
8
CUT
10
186.4973
20
68.9069
0
VERTEX
8
CUT
10
186.4913
20
68.8950
0
VERTEX
8
CUT
10
185.6097
20
67.1796
0
VERTEX
8
CUT
10
185.6048
20
67.1701
0
VERTEX
8
CUT
10
185.5965
20
67.1543
0
VERTEX
8
CUT
10
185.5755
20
67.1169
0
VERTEX
8
CUT
10
185.5469
20
67.0686
0
VERTEX
8
CUT
10
185.5061
20
67.0057
0
VERTEX
8
CUT
10
185.4625
20
66.9443
0
VERTEX
8
CUT
10
185.4165
20
66.8850
0
VERTEX
8
CUT
10
185.3803
20
66.8421
0
VERTEX
8
CUT
10
185.3519
20
66.8100
0
VERTEX
8
CUT
10
185.3398
20
66.7970
0
VERTEX
8
CUT
10
185.3324
20
66.7892
0
VERTEX
8
CUT
10
183.8984
20
65.2821
0
VERTEX
8
CUT
10
183.8899
20
65.2733
0
VERTEX
8
CUT
10
183.8757
20
65.2587
0
VERTEX
8
CUT
10
183.8405
20
65.2247
0
VERTEX
8
CUT
10
183.7934
20
65.1814
0
VERTEX
8
CUT
10
183.7276
20
65.1266
0
VERTEX
8
CUT
10
183.6591
20
65.0749
0
VERTEX
8
CUT
10
183.5884
20
65.0266
0
VERTEX
8
CUT
10
183.5339
20
64.9930
0
VERTEX
8
CUT
10
183.4915
20
64.9685
0
VERTEX
8
CUT
10
183.4737
20
64.9588
0
VERTEX
8
CUT
10
183.4629
20
64.9530
0
VERTEX
8
CUT
10
181.7169
20
64.0354
0
VERTEX
8
CUT
10
181.7067
20
64.0301
0
VERTEX
8
CUT
10
181.6898
20
64.0215
0
VERTEX
8
CUT
10
181.6485
20
64.0018
0
VERTEX
8
CUT
10
181.5939
20
63.9774
0
VERTEX
8
CUT
10
181.5194
20
63.9480
0
VERTEX
8
CUT
10
181.4435
20
63.9219
0
VERTEX
8
CUT
10
181.3668
20
63.8992
0
VERTEX
8
CUT
10
181.3087
20
63.8848
0
VERTEX
8
CUT
10
181.2640
20
63.8750
0
VERTEX
8
CUT
10
181.2453
20
63.8714
0
VERTEX
8
CUT
10
181.2341
20
63.8693
0
VERTEX
8
CUT
10
179.0277
20
63.4703
0
VERTEX
8
CUT
10
179.0184
20
63.4687
0
VERTEX
8
CUT
10
179.0028
20
63.4660
0
VERTEX
8
CUT
10
178.9652
20
63.4605
0
VERTEX
8
CUT
10
178.9159
20
63.4542
0
VERTEX
8
CUT
10
178.8497
20
63.4483
0
VERTEX
8
CUT
10
178.7831
20
63.4448
0
VERTEX
8
CUT
10
178.7167
20
63.4438
0
VERTEX
8
CUT
10
178.6669
20
63.4449
0
VERTEX
8
CUT
10
178.6290
20
63.4465
0
VERTEX
8
CUT
10
178.6132
20
63.4475
0
VERTEX
8
CUT
10
178.6038
20
63.4481
0
VERTEX
8
CUT
10
176.2703
20
63.6218
0
VERTEX
8
CUT
10
176.2602
20
63.6226
0
VERTEX
8
CUT
10
176.2433
20
63.6241
0
VERTEX
8
CUT
10
176.2029
20
63.6285
0
VERTEX
8
CUT
10
176.1501
20
63.6354
0
VERTEX
8
CUT
10
176.0799
20
63.6475
0
VERTEX
8
CUT
10
176.0101
20
63.6623
0
VERTEX
8
CUT
10
175.9411
20
63.6799
0
VERTEX
8
CUT
10
175.8900
20
63.6951
0
VERTEX
8
CUT
10
175.8513
20
63.7076
0
VERTEX
8
CUT
10
175.8353
20
63.7131
0
VERTEX
8
CUT
10
175.8258
20
63.7165
0
VERTEX
8
CUT
10
173.7545
20
64.4620
0
VERTEX
8
CUT
10
173.7439
20
64.4659
0
VERTEX
8
CUT
10
173.7263
20
64.4725
0
VERTEX
8
CUT
10
173.6845
20
64.4894
0
VERTEX
8
CUT
10
173.6302
20
64.5128
0
VERTEX
8
CUT
10
173.5592
20
64.5473
0
VERTEX
8
CUT
10
173.4895
20
64.5851
0
VERTEX
8
CUT
10
173.4217
20
64.6257
0
VERTEX
8
CUT
10
173.3724
20
64.6583
0
VERTEX
8
CUT
10
173.3353
20
64.6841
0
VERTEX
8
CUT
10
173.3202
20
64.6952
0
VERTEX
8
CUT
10
173.3112
20
64.7019
0
VERTEX
8
CUT
10
171.3150
20
66.2088
0
VERTEX
8
CUT
10
171.3077
20
66.2143
0
VERTEX
8
CUT
10
171.2957
20
66.2236
0
VERTEX
8
CUT
10
171.2672
20
66.2465
0
VERTEX
8
CUT
10
171.2198
20
66.2862
0
VERTEX
8
CUT
10
171.1990
20
66.3041
0
VERTEX
8
CUT
10
171.1968
20
66.3061
0
VERTEX
8
CUT
10
171.1767
20
66.3246
0
VERTEX
8
CUT
10
171.1317
20
66.3672
0
VERTEX
8
CUT
10
171.1057
20
66.3928
0
VERTEX
8
CUT
10
171.0951
20
66.4037
0
VERTEX
8
CUT
10
171.0888
20
66.4103
0
VERTEX
8
CUT
10
171.0365
20
66.4651
0
VERTEX
8
CUT
10
170.1307
20
67.4147
0
VERTEX
8
CUT
10
170.1212
20
67.4248
0
VERTEX
8
CUT
10
170.0992
20
67.4485
0
VERTEX
8
CUT
10
170.0899
20
67.4588
0
VERTEX
8
CUT
10
170.0786
20
67.4714
0
VERTEX
8
CUT
10
170.0695
20
67.4817
0
VERTEX
8
CUT
10
170.0482
20
67.5062
0
VERTEX
8
CUT
10
170.0392
20
67.5167
0
VERTEX
8
CUT
10
170.0234
20
67.5354
0
VERTEX
8
CUT
10
170.0146
20
67.5461
0
VERTEX
8
CUT
10
169.9941
20
67.5712
0
VERTEX
8
CUT
10
169.9854
20
67.5820
0
VERTEX
8
CUT
10
169.9749
20
67.5952
0
VERTEX
8
CUT
10
169.9664
20
67.6062
0
VERTEX
8
CUT
10
169.9467
20
67.6318
0
VERTEX
8
CUT
10
169.9384
20
67.6429
0
VERTEX
8
CUT
10
167.0721
20
71.5039
0
VERTEX
8
CUT
10
167.0464
20
71.5404
0
VERTEX
8
CUT
10
167.0010
20
71.6083
0
VERTEX
8
CUT
10
166.9552
20
71.6849
0
VERTEX
8
CUT
10
166.9272
20
71.7373
0
VERTEX
8
CUT
10
166.8892
20
71.8180
0
VERTEX
8
CUT
10
166.8666
20
71.8729
0
VERTEX
8
CUT
10
166.8367
20
71.9570
0
VERTEX
8
CUT
10
166.8197
20
72.0139
0
VERTEX
8
CUT
10
166.7983
20
72.1005
0
VERTEX
8
CUT
10
166.7870
20
72.1588
0
VERTEX
8
CUT
10
166.7743
20
72.2471
0
VERTEX
8
CUT
10
166.7687
20
72.3062
0
VERTEX
8
CUT
10
166.7649
20
72.3954
0
VERTEX
8
CUT
10
166.7652
20
72.4547
0
VERTEX
8
CUT
10
166.7702
20
72.5438
0
VERTEX
8
CUT
10
166.7764
20
72.6029
0
VERTEX
8
CUT
10
166.7902
20
72.6910
0
VERTEX
8
CUT
10
166.8022
20
72.7492
0
VERTEX
8
CUT
10
166.8247
20
72.8355
0
VERTEX
8
CUT
10
166.8424
20
72.8922
0
VERTEX
8
CUT
10
166.8733
20
72.9759
0
VERTEX
8
CUT
10
166.8966
20
73.0305
0
VERTEX
8
CUT
10
166.9356
20
73.1108
0
VERTEX
8
CUT
10
166.9641
20
73.1628
0
VERTEX
8
CUT
10
167.0109
20
73.2388
0
VERTEX
8
CUT
10
167.0445
20
73.2878
0
VERTEX
8
CUT
10
167.1039
20
73.3658
0
VERTEX
8
CUT
10
167.1371
20
73.4141
0
VERTEX
8
CUT
10
167.1654
20
73.4655
0
VERTEX
8
CUT
10
167.1886
20
73.5194
0
VERTEX
8
CUT
10
167.2064
20
73.5753
0
VERTEX
8
CUT
10
167.2181
20
73.6301
0
VERTEX
8
CUT
10
167.2283
20
73.6299
0
VERTEX
8
CUT
10
167.2870
20
73.6347
0
VERTEX
8
CUT
10
167.3450
20
73.6452
0
VERTEX
8
CUT
10
167.4016
20
73.6614
0
VERTEX
8
CUT
10
167.4564
20
73.6830
0
VERTEX
8
CUT
10
167.5088
20
73.7099
0
VERTEX
8
CUT
10
167.5533
20
73.7356
0
VERTEX
8
CUT
10
167.6062
20
73.7627
0
VERTEX
8
CUT
10
167.6875
20
73.7994
0
VERTEX
8
CUT
10
167.7427
20
73.8211
0
VERTEX
8
CUT
10
167.8273
20
73.8496
0
VERTEX
8
CUT
10
167.8844
20
73.8657
0
VERTEX
8
CUT
10
167.9714
20
73.8857
0
VERTEX
8
CUT
10
168.0299
20
73.8961
0
VERTEX
8
CUT
10
168.1184
20
73.9074
0
VERTEX
8
CUT
10
168.1776
20
73.9119
0
VERTEX
8
CUT
10
168.2667
20
73.9144
0
SEQEND
0
POLYLINE
8
CUT
66
1
70
1
10
0.0
20
0.0
30
0.0
0
VERTEX
8
CUT
10
181.7788
20
91.7413
0
VERTEX
8
CUT
10
181.7849
20
91.7858
0
VERTEX
8
CUT
10
181.7941
20
91.8422
0
VERTEX
8
CUT
10
181.8074
20
91.9086
0
VERTEX
8
CUT
10
181.8218
20
91.9685
0
VERTEX
8
CUT
10
181.8303
20
92.0011
0
VERTEX
8
CUT
10
182.1498
20
93.1397
0
VERTEX
8
CUT
10
182.1662
20
93.1920
0
VERTEX
8
CUT
10
182.1991
20
93.2868
0
VERTEX
8
CUT
10
182.2413
20
93.3880
0
VERTEX
8
CUT
10
182.2856
20
93.4781
0
VERTEX
8
CUT
10
182.3112
20
93.5265
0
VERTEX
8
CUT
10
183.7008
20
95.9687
0
VERTEX
8
CUT
10
183.7266
20
96.0113
0
VERTEX
8
CUT
10
183.7761
20
96.0880
0
VERTEX
8
CUT
10
183.8346
20
96.1686
0
VERTEX
8
CUT
10
183.8922
20
96.2393
0
VERTEX
8
CUT
10
183.9247
20
96.2771
0
VERTEX
8
CUT
10
185.6744
20
98.1979
0
VERTEX
8
CUT
10
185.6782
20
98.2021
0
VERTEX
8
CUT
10
185.6844
20
98.2088
0
VERTEX
8
CUT
10
185.7034
20
98.2287
0
VERTEX
8
CUT
10
185.7381
20
98.2641
0
VERTEX
8
CUT
10
185.7535
20
98.2795
0
VERTEX
8
CUT
10
185.7687
20
98.2943
0
VERTEX
8
CUT
10
185.7736
20
98.2989
0
VERTEX
8
CUT
10
185.7771
20
98.3023
0
VERTEX
8
CUT
10
185.7978
20
98.3215
0
VERTEX
8
CUT
10
185.8375
20
98.3572
0
VERTEX
8
CUT
10
185.8554
20
98.3729
0
VERTEX
8
CUT
10
187.2923
20
99.5969
0
VERTEX
8
CUT
10
187.2969
20
99.6008
0
VERTEX
8
CUT
10
187.3042
20
99.6070
0
VERTEX
8
CUT
10
187.3265
20
99.6251
0
VERTEX
8
CUT
10
187.3673
20
99.6572
0
VERTEX
8
CUT
10
187.3853
20
99.6710
0
VERTEX
8
CUT
10
187.4031
20
99.6843
0
VERTEX
8
CUT
10
187.4087
20
99.6885
0
VERTEX
8
CUT
10
187.4128
20
99.6915
0
VERTEX
8
CUT
10
187.4370
20
99.7086
0
VERTEX
8
CUT
10
187.4830
20
99.7402
0
VERTEX
8
CUT
10
187.5037
20
99.7540
0
VERTEX
8
CUT
10
190.7052
20
101.8210
0
VERTEX
8
CUT
10
190.7100
20
101.8241
0
VERTEX
8
CUT
10
190.7212
20
101.8312
0
VERTEX
8
CUT
10
190.7260
20
101.8343
0
VERTEX
8
CUT
10
190.7371
20
101.8412
0
VERTEX
8
CUT
10
190.7479
20
101.8479
0
VERTEX
8
CUT
10
190.7731
20
101.8632
0
VERTEX
8
CUT
10
190.7839
20
101.8697
0
VERTEX
8
CUT
10
190.7905
20
101.8736
0
VERTEX
8
CUT
10
190.7966
20
101.8771
0
VERTEX
8
CUT
10
190.8106
20
101.8853
0
VERTEX
8
CUT
10
190.8167
20
101.8888
0
VERTEX
8
CUT
10
200.3398
20
107.3045
0
VERTEX
8
CUT
10
200.3552
20
107.3136
0
VERTEX
8
CUT
10
200.4547
20
107.3743
0
VERTEX
8
CUT
10
200.4699
20
107.3838
0
VERTEX
8
CUT
10
200.5925
20
107.4636
0
VERTEX
8
CUT
10
200.6074
20
107.4736
0
VERTEX
8
CUT
10
200.7032
20
107.5401
0
VERTEX
8
CUT
10
200.7177
20
107.5505
0
VERTEX
8
CUT
10
204.8860
20
110.6323
0
VERTEX
8
CUT
10
204.9023
20
110.6448
0
VERTEX
8
CUT
10
205.0068
20
110.7278
0
VERTEX
8
CUT
10
205.0227
20
110.7408
0
VERTEX
8
CUT
10
205.1501
20
110.8493
0
VERTEX
8
CUT
10
205.1655
20
110.8628
0
VERTEX
8
CUT
10
205.2641
20
110.9527
0
VERTEX
8
CUT
10
205.2791
20
110.9668
0
VERTEX
8
CUT
10
207.3629
20
113.0019
0
VERTEX
8
CUT
10
207.3741
20
113.0130
0
VERTEX
8
CUT
10
207.4455
20
113.0866
0
VERTEX
8
CUT
10
207.4563
20
113.0980
0
VERTEX
8
CUT
10
207.5435
20
113.1926
0
VERTEX
8
CUT
10
207.5540
20
113.2044
0
VERTEX
8
CUT
10
207.6215
20
113.2815
0
VERTEX
8
CUT
10
207.6317
20
113.2935
0
VERTEX
8
CUT
10
208.9847
20
114.9259
0
VERTEX
8
CUT
10
208.9930
20
114.9361
0
VERTEX
8
CUT
10
209.0460
20
115.0030
0
VERTEX
8
CUT
10
209.0541
20
115.0133
0
VERTEX
8
CUT
10
209.1188
20
115.0988
0
VERTEX
8
CUT
10
209.1266
20
115.1094
0
VERTEX
8
CUT
10
209.1767
20
115.1785
0
VERTEX
8
CUT
10
209.1842
20
115.1892
0
VERTEX
8
CUT
10
210.6929
20
117.3732
0
VERTEX
8
CUT
10
210.7190
20
117.4090
0
VERTEX
8
CUT
10
210.7682
20
117.4733
0
VERTEX
8
CUT
10
210.8254
20
117.5407
0
VERTEX
8
CUT
10
210.8656
20
117.5837
0
VERTEX
8
CUT
10
210.9291
20
117.6453
0
VERTEX
8
CUT
10
210.9733
20
117.6841
0
VERTEX
8
CUT
10
211.0426
20
117.7391
0
VERTEX
8
CUT
10
211.0904
20
117.7734
0
VERTEX
8
CUT
10
211.1647
20
117.8214
0
VERTEX
8
CUT
10
211.2157
20
117.8508
0
VERTEX
8
CUT
10
211.2943
20
117.8912
0
VERTEX
8
CUT
10
211.3479
20
117.9155
0
VERTEX
8
CUT
10
211.4302
20
117.9480
0
VERTEX
8
CUT
10
211.4859
20
117.9670
0
VERTEX
8
CUT
10
211.5710
20
117.9912
0
VERTEX
8
CUT
10
211.6283
20
118.0046
0
VERTEX
8
CUT
10
211.7153
20
118.0204
0
VERTEX
8
CUT
10
211.7737
20
118.0281
0
VERTEX
8
CUT
10
211.8618
20
118.0353
0
VERTEX
8
CUT
10
211.9206
20
118.0372
0
VERTEX
8
CUT
10
212.0090
20
118.0357
0
VERTEX
8
CUT
10
212.0678
20
118.0318
0
VERTEX
8
CUT
10
212.1556
20
118.0217
0
VERTEX
8
CUT
10
212.2137
20
118.0120
0
VERTEX
8
CUT
10
212.3001
20
117.9933
0
VERTEX
8
CUT
10
212.3570
20
117.9780
0
VERTEX
8
CUT
10
212.4411
20
117.9509
0
VERTEX
8
CUT
10
212.4962
20
117.9301
0
VERTEX
8
CUT
10
212.5773
20
117.8949
0
VERTEX
8
CUT
10
212.6301
20
117.8688
0
VERTEX
8
CUT
10
212.7073
20
117.8257
0
VERTEX
8
CUT
10
212.7573
20
117.7946
0
VERTEX
8
CUT
10
212.8299
20
117.7442
0
VERTEX
8
CUT
10
212.8766
20
117.7083
0
VERTEX
8
CUT
10
212.9439
20
117.6510
0
VERTEX
8
CUT
10
212.9868
20
117.6107
0
VERTEX
8
CUT
10
213.0482
20
117.5470
0
VERTEX
8
CUT
10
213.0870
20
117.5027
0
VERTEX
8
CUT
10
213.1418
20
117.4334
0
VERTEX
8
CUT
10
213.1761
20
117.3855
0
VERTEX
8
CUT
10
213.2238
20
117.3111
0
VERTEX
8
CUT
10
213.2532
20
117.2600
0
VERTEX
8
CUT
10
213.2934
20
117.1813
0
VERTEX
8
CUT
10
213.3176
20
117.1276
0
VERTEX
8
CUT
10
213.3500
20
117.0453
0
VERTEX
8
CUT
10
213.3688
20
116.9895
0
VERTEX
8
CUT
10
213.3929
20
116.9044
0
VERTEX
8
CUT
10
213.4061
20
116.8471
0
VERTEX
8
CUT
10
213.4217
20
116.7600
0
VERTEX
8
CUT
10
213.4293
20
116.7017
0
VERTEX
8
CUT
10
213.4363
20
116.6135
0
VERTEX
8
CUT
10
213.4381
20
116.5547
0
VERTEX
8
CUT
10
213.4364
20
116.4663
0
VERTEX
8
CUT
10
213.4309
20
116.3854
0
VERTEX
8
CUT
10
213.4268
20
116.3414
0
VERTEX
8
CUT
10
213.0013
20
112.7295
0
VERTEX
8
CUT
10
213.0007
20
112.7245
0
VERTEX
8
CUT
10
212.9997
20
112.7166
0
VERTEX
8
CUT
10
212.9965
20
112.6928
0
VERTEX
8
CUT
10
212.9900
20
112.6499
0
VERTEX
8
CUT
10
212.9870
20
112.6311
0
VERTEX
8
CUT
10
212.9838
20
112.6128
0
VERTEX
8
CUT
10
212.9828
20
112.6070
0
VERTEX
8
CUT
10
212.9820
20
112.6028
0
VERTEX
8
CUT
10
212.9773
20
112.5784
0
VERTEX
8
CUT
10
212.9678
20
112.5326
0
VERTEX
8
CUT
10
212.9633
20
112.5123
0
VERTEX
8
CUT
10
212.0562
20
108.6016
0
VERTEX
8
CUT
10
212.0550
20
108.5965
0
VERTEX
8
CUT
10
212.0531
20
108.5883
0
VERTEX
8
CUT
10
212.0469
20
108.5638
0
VERTEX
8
CUT
10
212.0381
20
108.5311
0
VERTEX
8
CUT
10
212.0186
20
108.4679
0
VERTEX
8
CUT
10
211.9925
20
108.3928
0
VERTEX
8
CUT
10
211.9577
20
108.3074
0
VERTEX
8
CUT
10
211.9316
20
108.2517
0
VERTEX
8
CUT
10
211.8882
20
108.1702
0
VERTEX
8
CUT
10
211.8566
20
108.1176
0
VERTEX
8
CUT
10
211.8051
20
108.0410
0
VERTEX
8
CUT
10
211.7682
20
107.9918
0
VERTEX
8
CUT
10
211.7091
20
107.9209
0
VERTEX
8
CUT
10
211.6517
20
107.8588
0
VERTEX
8
CUT
10
211.6195
20
107.8257
0
VERTEX
8
CUT
10
210.6250
20
106.8544
0
VERTEX
8
CUT
10
210.6138
20
106.8437
0
VERTEX
8
CUT
10
210.5877
20
106.8191
0
VERTEX
8
CUT
10
210.5764
20
106.8086
0
VERTEX
8
CUT
10
210.5625
20
106.7959
0
VERTEX
8
CUT
10
210.5511
20
106.7857
0
VERTEX
8
CUT
10
210.5241
20
106.7619
0
VERTEX
8
CUT
10
210.5125
20
106.7518
0
VERTEX
8
CUT
10
210.4917
20
106.7342
0
VERTEX
8
CUT
10
210.4799
20
106.7243
0
VERTEX
8
CUT
10
210.4522
20
106.7015
0
VERTEX
8
CUT
10
210.4402
20
106.6918
0
VERTEX
8
CUT
10
210.4255
20
106.6801
0
VERTEX
8
CUT
10
210.4133
20
106.6707
0
VERTEX
8
CUT
10
210.3848
20
106.6488
0
VERTEX
8
CUT
10
210.3725
20
106.6396
0
VERTEX
8
CUT
10
205.6524
20
103.1497
0
VERTEX
8
CUT
10
205.6415
20
103.1418
0
VERTEX
8
CUT
10
205.6160
20
103.1235
0
VERTEX
8
CUT
10
205.6050
20
103.1158
0
VERTEX
8
CUT
10
205.5915
20
103.1064
0
VERTEX
8
CUT
10
205.5804
20
103.0988
0
VERTEX
8
CUT
10
205.5544
20
103.0813
0
VERTEX
8
CUT
10
205.5432
20
103.0739
0
VERTEX
8
CUT
10
205.5232
20
103.0609
0
VERTEX
8
CUT
10
205.5119
20
103.0537
0
VERTEX
8
CUT
10
205.4853
20
103.0369
0
VERTEX
8
CUT
10
205.4739
20
103.0299
0
VERTEX
8
CUT
10
205.4599
20
103.0213
0
VERTEX
8
CUT
10
205.4483
20
103.0144
0
VERTEX
8
CUT
10
205.4213
20
102.9985
0
VERTEX
8
CUT
10
205.4096
20
102.9917
0
VERTEX
8
CUT
10
194.9768
20
97.0586
0
VERTEX
8
CUT
10
194.9699
20
97.0547
0
VERTEX
8
CUT
10
194.9223
20
97.0268
0
VERTEX
8
CUT
10
194.9150
20
97.0224
0
VERTEX
8
CUT
10
194.8562
20
96.9868
0
VERTEX
8
CUT
10
194.8491
20
96.9825
0
VERTEX
8
CUT
10
194.8031
20
96.9537
0
VERTEX
8
CUT
10
194.7956
20
96.9489
0
VERTEX
8
CUT
10
191.4136
20
94.7659
0
VERTEX
8
CUT
10
191.3971
20
94.7549
0
VERTEX
8
CUT
10
191.2911
20
94.6814
0
VERTEX
8
CUT
10
191.2750
20
94.6699
0
VERTEX
8
CUT
10
191.1452
20
94.5733
0
VERTEX
8
CUT
10
191.1295
20
94.5612
0
VERTEX
8
CUT
10
191.0286
20
94.4809
0
VERTEX
8
CUT
10
191.0133
20
94.4683
0
VERTEX
8
CUT
10
189.6041
20
93.2680
0
VERTEX
8
CUT
10
189.5898
20
93.2555
0
VERTEX
8
CUT
10
189.4986
20
93.1727
0
VERTEX
8
CUT
10
189.4847
20
93.1597
0
VERTEX
8
CUT
10
189.3736
20
93.0522
0
VERTEX
8
CUT
10
189.3601
20
93.0388
0
VERTEX
8
CUT
10
189.2743
20
92.9503
0
VERTEX
8
CUT
10
189.2613
20
92.9365
0
VERTEX
8
CUT
10
187.5155
20
91.0201
0
VERTEX
8
CUT
10
187.5045
20
91.0077
0
VERTEX
8
CUT
10
187.4340
20
90.9259
0
VERTEX
8
CUT
10
187.4233
20
90.9132
0
VERTEX
8
CUT
10
187.3824
20
90.8629
0
VERTEX
8
CUT
10
187.3622
20
90.8366
0
VERTEX
8
CUT
10
187.2354
20
90.6620
0
VERTEX
8
CUT
10
187.2166
20
90.6346
0
VERTEX
8
CUT
10
187.1815
20
90.5801
0
VERTEX
8
CUT
10
187.1727
20
90.5660
0
VERTEX
8
CUT
10
187.1167
20
90.4737
0
VERTEX
8
CUT
10
187.1083
20
90.4594
0
VERTEX
8
CUT
10
185.7378
20
88.0512
0
VERTEX
8
CUT
10
185.7291
20
88.0352
0
VERTEX
8
CUT
10
185.6735
20
87.9302
0
VERTEX
8
CUT
10
185.6652
20
87.9139
0
VERTEX
8
CUT
10
185.6338
20
87.8499
0
VERTEX
8
CUT
10
185.6187
20
87.8167
0
VERTEX
8
CUT
10
185.5272
20
87.5976
0
VERTEX
8
CUT
10
185.5142
20
87.5635
0
VERTEX
8
CUT
10
185.4908
20
87.4962
0
VERTEX
8
CUT
10
185.4850
20
87.4788
0
VERTEX
8
CUT
10
185.4495
20
87.3655
0
VERTEX
8
CUT
10
185.4443
20
87.3480
0
VERTEX
8
CUT
10
185.1679
20
86.3636
0
VERTEX
8
CUT
10
185.1645
20
86.3509
0
VERTEX
8
CUT
10
185.1432
20
86.2681
0
VERTEX
8
CUT
10
185.1401
20
86.2553
0
VERTEX
8
CUT
10
185.1310
20
86.2166
0
VERTEX
8
CUT
10
185.1199
20
86.1739
0
VERTEX
8
CUT
10
185.0977
20
86.0961
0
VERTEX
8
CUT
10
185.0692
20
86.0126
0
VERTEX
8
CUT
10
185.0476
20
85.9579
0
VERTEX
8
CUT
10
185.0111
20
85.8775
0
VERTEX
8
CUT
10
184.9842
20
85.8252
0
VERTEX
8
CUT
10
184.9400
20
85.7488
0
VERTEX
8
CUT
10
184.9081
20
85.6994
0
VERTEX
8
CUT
10
184.8567
20
85.6277
0
VERTEX
8
CUT
10
184.8201
20
85.5817
0
VERTEX
8
CUT
10
184.7619
20
85.5153
0
VERTEX
8
CUT
10
184.7210
20
85.4731
0
VERTEX
8
CUT
10
184.6565
20
85.4128
0
VERTEX
8
CUT
10
184.6116
20
85.3748
0
VERTEX
8
CUT
10
184.5416
20
85.3211
0
VERTEX
8
CUT
10
184.4932
20
85.2877
0
VERTEX
8
CUT
10
184.4182
20
85.2411
0
VERTEX
8
CUT
10
184.3668
20
85.2126
0
VERTEX
8
CUT
10
184.2876
20
85.1736
0
VERTEX
8
CUT
10
184.2337
20
85.1502
0
VERTEX
8
CUT
10
184.1511
20
85.1192
0
VERTEX
8
CUT
10
184.0951
20
85.1012
0
VERTEX
8
CUT
10
184.0098
20
85.0784
0
VERTEX
8
CUT
10
183.9523
20
85.0660
0
VERTEX
8
CUT
10
183.8652
20
85.0517
0
VERTEX
8
CUT
10
183.8068
20
85.0450
0
VERTEX
8
CUT
10
183.7187
20
85.0392
0
VERTEX
8
CUT
10
183.6600
20
85.0383
0
VERTEX
8
CUT
10
183.5717
20
85.0412
0
VERTEX
8
CUT
10
183.5131
20
85.0461
0
VERTEX
8
CUT
10
183.4256
20
85.0576
0
VERTEX
8
CUT
10
183.3678
20
85.0682
0
VERTEX
8
CUT
10
183.2818
20
85.0882
0
VERTEX
8
CUT
10
183.2253
20
85.1044
0
VERTEX
8
CUT
10
183.1417
20
85.1328
0
VERTEX
8
CUT
10
183.0871
20
85.1544
0
VERTEX
8
CUT
10
183.0067
20
85.1909
0
VERTEX
8
CUT
10
182.9544
20
85.2178
0
VERTEX
8
CUT
10
182.8779
20
85.2619
0
VERTEX
8
CUT
10
182.8285
20
85.2938
0
VERTEX
8
CUT
10
182.7568
20
85.3452
0
VERTEX
8
CUT
10
182.7108
20
85.3818
0
VERTEX
8
CUT
10
182.6444
20
85.4400
0
VERTEX
8
CUT
10
182.6022
20
85.4809
0
VERTEX
8
CUT
10
182.5418
20
85.5453
0
VERTEX
8
CUT
10
182.5038
20
85.5902
0
VERTEX
8
CUT
10
182.4501
20
85.6602
0
VERTEX
8
CUT
10
182.4167
20
85.7086
0
VERTEX
8
CUT
10
182.3700
20
85.7835
0
VERTEX
8
CUT
10
182.3415
20
85.8349
0
VERTEX
8
CUT
10
182.3025
20
85.9141
0
VERTEX
8
CUT
10
182.2791
20
85.9680
0
VERTEX
8
CUT
10
182.2480
20
86.0507
0
VERTEX
8
CUT
10
182.2233
20
86.1277
0
VERTEX
8
CUT
10
182.2108
20
86.1700
0
VERTEX
8
CUT
10
182.1146
20
86.5291
0
VERTEX
8
CUT
10
182.1130
20
86.5352
0
VERTEX
8
CUT
10
182.1105
20
86.5449
0
VERTEX
8
CUT
10
182.1034
20
86.5741
0
VERTEX
8
CUT
10
182.0915
20
86.6272
0
VERTEX
8
CUT
10
182.0865
20
86.6505
0
VERTEX
8
CUT
10
182.0820
20
86.6733
0
VERTEX
8
CUT
10
182.0807
20
86.6806
0
VERTEX
8
CUT
10
182.0797
20
86.6858
0
VERTEX
8
CUT
10
182.0744
20
86.7164
0
VERTEX
8
CUT
10
182.0656
20
86.7743
0
VERTEX
8
CUT
10
182.0620
20
86.8001
0
VERTEX
8
CUT
10
181.6568
20
90.0748
0
VERTEX
8
CUT
10
181.6521
20
90.1243
0
VERTEX
8
CUT
10
181.6459
20
90.2152
0
VERTEX
8
CUT
10
181.6447
20
90.3147
0
VERTEX
8
CUT
10
181.6486
20
90.4057
0
VERTEX
8
CUT
10
181.6521
20
90.4553
0
VERTEX
8
CUT
10
181.7765
20
91.7195
0
VERTEX
8
CUT
10
181.7777
20
91.7310
0
SEQEND
0
POLYLINE
8
CUT
66
1
70
1
10
0.0
20
0.0
30
0.0
0
VERTEX
8
CUT
10
0.5522
20
300.0625
0
VERTEX
8
CUT
10
1.4375
20
300.0625
0
VERTEX
8
CUT
10
2.5582
20
300.0625
0
VERTEX
8
CUT
10
140.0684
20
300.0625
0
VERTEX
8
CUT
10
193.3882
20
300.0625
0
VERTEX
8
CUT
10
298.5330
20
300.0625
0
VERTEX
8
CUT
10
298.5625
20
300.0625
0
VERTEX
8
CUT
10
299.4478
20
300.0625
0
VERTEX
8
CUT
10
299.5212
20
300.0589
0
VERTEX
8
CUT
10
299.5794
20
300.0503
0
VERTEX
8
CUT
10
299.6365
20
300.0360
0
VERTEX
8
CUT
10
299.6918
20
300.0162
0
VERTEX
8
CUT
10
299.7450
20
299.9910
0
VERTEX
8
CUT
10
299.7954
20
299.9608
0
VERTEX
8
CUT
10
299.8427
20
299.9257
0
VERTEX
8
CUT
10
299.8863
20
299.8863
0
VERTEX
8
CUT
10
299.9257
20
299.8427
0
VERTEX
8
CUT
10
299.9608
20
299.7954
0
VERTEX
8
CUT
10
299.9910
20
299.7450
0
VERTEX
8
CUT
10
300.0162
20
299.6918
0
VERTEX
8
CUT
10
300.0360
20
299.6365
0
VERTEX
8
CUT
10
300.0503
20
299.5794
0
VERTEX
8
CUT
10
300.0589
20
299.5212
0
VERTEX
8
CUT
10
300.0625
20
299.4478
0
VERTEX
8
CUT
10
300.0625
20
298.5625
0
VERTEX
8
CUT
10
300.0625
20
1.4375
0
VERTEX
8
CUT
10
300.0625
20
0.5522
0
VERTEX
8
CUT
10
300.0589
20
0.4788
0
VERTEX
8
CUT
10
300.0503
20
0.4206
0
VERTEX
8
CUT
10
300.0360
20
0.3635
0
VERTEX
8
CUT
10
300.0162
20
0.3082
0
VERTEX
8
CUT
10
299.9910
20
0.2550
0
VERTEX
8
CUT
10
299.9608
20
0.2046
0
VERTEX
8
CUT
10
299.9257
20
0.1573
0
VERTEX
8
CUT
10
299.8863
20
0.1137
0
VERTEX
8
CUT
10
299.8427
20
0.0743
0
VERTEX
8
CUT
10
299.7954
20
0.0392
0
VERTEX
8
CUT
10
299.7450
20
0.0090
0
VERTEX
8
CUT
10
299.6918
20
-0.0162
0
VERTEX
8
CUT
10
299.6365
20
-0.0360
0
VERTEX
8
CUT
10
299.5794
20
-0.0503
0
VERTEX
8
CUT
10
299.5212
20
-0.0589
0
VERTEX
8
CUT
10
299.4478
20
-0.0625
0
VERTEX
8
CUT
10
298.5625
20
-0.0625
0
VERTEX
8
CUT
10
1.4375
20
-0.0625
0
VERTEX
8
CUT
10
0.5522
20
-0.0625
0
VERTEX
8
CUT
10
0.4788
20
-0.0589
0
VERTEX
8
CUT
10
0.4206
20
-0.0503
0
VERTEX
8
CUT
10
0.3635
20
-0.0360
0
VERTEX
8
CUT
10
0.3082
20
-0.0162
0
VERTEX
8
CUT
10
0.2550
20
0.0090
0
VERTEX
8
CUT
10
0.2046
20
0.0392
0
VERTEX
8
CUT
10
0.1573
20
0.0743
0
VERTEX
8
CUT
10
0.1137
20
0.1137
0
VERTEX
8
CUT
10
0.0743
20
0.1573
0
VERTEX
8
CUT
10
0.0392
20
0.2046
0
VERTEX
8
CUT
10
0.0090
20
0.2550
0
VERTEX
8
CUT
10
-0.0162
20
0.3082
0
VERTEX
8
CUT
10
-0.0360
20
0.3635
0
VERTEX
8
CUT
10
-0.0503
20
0.4206
0
VERTEX
8
CUT
10
-0.0589
20
0.4788
0
VERTEX
8
CUT
10
-0.0625
20
0.5522
0
VERTEX
8
CUT
10
-0.0625
20
1.4375
0
VERTEX
8
CUT
10
-0.0625
20
298.5625
0
VERTEX
8
CUT
10
-0.0625
20
299.4478
0
VERTEX
8
CUT
10
-0.0589
20
299.5212
0
VERTEX
8
CUT
10
-0.0503
20
299.5794
0
VERTEX
8
CUT
10
-0.0360
20
299.6365
0
VERTEX
8
CUT
10
-0.0162
20
299.6918
0
VERTEX
8
CUT
10
0.0090
20
299.7450
0
VERTEX
8
CUT
10
0.0392
20
299.7954
0
VERTEX
8
CUT
10
0.0743
20
299.8427
0
VERTEX
8
CUT
10
0.1137
20
299.8863
0
VERTEX
8
CUT
10
0.1573
20
299.9257
0
VERTEX
8
CUT
10
0.2046
20
299.9608
0
VERTEX
8
CUT
10
0.2550
20
299.9910
0
VERTEX
8
CUT
10
0.3082
20
300.0162
0
VERTEX
8
CUT
10
0.3635
20
300.0360
0
VERTEX
8
CUT
10
0.4206
20
300.0503
0
VERTEX
8
CUT
10
0.4788
20
300.0589
0
SEQEND
0
POLYLINE
8
CUT
66
1
70
1
10
0.0
20
0.0
30
0.0
0
VERTEX
8
CUT
10
95.6632
20
24.0069
0
VERTEX
8
CUT
10
95.6715
20
23.9915
0
VERTEX
8
CUT
10
96.1723
20
23.0882
0
VERTEX
8
CUT
10
96.1790
20
23.0764
0
VERTEX
8
CUT
10
96.2236
20
23.0001
0
VERTEX
8
CUT
10
96.2306
20
22.9884
0
VERTEX
8
CUT
10
96.2584
20
22.9432
0
VERTEX
8
CUT
10
96.2732
20
22.9204
0
VERTEX
8
CUT
10
96.3711
20
22.7763
0
VERTEX
8
CUT
10
96.4036
20
22.7328
0
VERTEX
8
CUT
10
96.5142
20
22.5981
0
VERTEX
8
CUT
10
96.5319
20
22.5775
0
VERTEX
8
CUT
10
96.5674
20
22.5380
0
VERTEX
8
CUT
10
96.5766
20
22.5280
0
VERTEX
8
CUT
10
96.6372
20
22.4637
0
VERTEX
8
CUT
10
96.6466
20
22.4539
0
VERTEX
8
CUT
10
97.2111
20
21.8811
0
VERTEX
8
CUT
10
97.2213
20
21.8710
0
VERTEX
8
CUT
10
97.2884
20
21.8061
0
VERTEX
8
CUT
10
97.2988
20
21.7963
0
VERTEX
8
CUT
10
97.3400
20
21.7583
0
VERTEX
8
CUT
10
97.3616
20
21.7393
0
VERTEX
8
CUT
10
97.5026
20
21.6212
0
VERTEX
8
CUT
10
97.5483
20
21.5865
0
VERTEX
8
CUT
10
97.7000
20
21.4825
0
VERTEX
8
CUT
10
97.7241
20
21.4668
0
VERTEX
8
CUT
10
97.7718
20
21.4373
0
VERTEX
8
CUT
10
97.7841
20
21.4299
0
VERTEX
8
CUT
10
97.8646
20
21.3828
0
VERTEX
8
CUT
10
97.8770
20
21.3757
0
VERTEX
8
CUT
10
98.5590
20
20.9981
0
VERTEX
8
CUT
10
98.5713
20
20.9915
0
VERTEX
8
CUT
10
98.6515
20
20.9495
0
VERTEX
8
CUT
10
98.6639
20
20.9432
0
VERTEX
8
CUT
10
98.7127
20
20.9191
0
VERTEX
8
CUT
10
98.7380
20
20.9073
0
VERTEX
8
CUT
10
98.9015
20
20.8357
0
VERTEX
8
CUT
10
98.9535
20
20.8157
0
VERTEX
8
CUT
10
99.1230
20
20.7595
0
VERTEX
8
CUT
10
99.1497
20
20.7514
0
VERTEX
8
CUT
10
99.2020
20
20.7367
0
VERTEX
8
CUT
10
99.2155
20
20.7331
0
VERTEX
8
CUT
10
99.3032
20
20.7107
0
VERTEX
8
CUT
10
99.3167
20
20.7074
0
VERTEX
8
CUT
10
100.1693
20
20.5104
0
VERTEX
8
CUT
10
100.1848
20
20.5070
0
VERTEX
8
CUT
10
100.2856
20
20.4865
0
VERTEX
8
CUT
10
100.3012
20
20.4836
0
VERTEX
8
CUT
10
100.3620
20
20.4729
0
VERTEX
8
CUT
10
100.3933
20
20.4682
0
VERTEX
8
CUT
10
100.5946
20
20.4436
0
VERTEX
8
CUT
10
100.6577
20
20.4393
0
VERTEX
8
CUT
10
100.8605
20
20.4360
0
VERTEX
8
CUT
10
100.8922
20
20.4364
0
VERTEX
8
CUT
10
100.9539
20
20.4386
0
VERTEX
8
CUT
10
100.9697
20
20.4394
0
VERTEX
8
CUT
10
101.0724
20
20.4459
0
VERTEX
8
CUT
10
101.0881
20
20.4471
0
VERTEX
8
CUT
10
102.6239
20
20.5850
0
VERTEX
8
CUT
10
102.6409
20
20.5867
0
VERTEX
8
CUT
10
102.7510
20
20.5998
0
VERTEX
8
CUT
10
102.7679
20
20.6020
0
VERTEX
8
CUT
10
102.8337
20
20.6117
0
VERTEX
8
CUT
10
102.8673
20
20.6177
0
VERTEX
8
CUT
10
103.0814
20
20.6618
0
VERTEX
8
CUT
10
103.1473
20
20.6793
0
VERTEX
8
CUT
10
103.3550
20
20.7475
0
VERTEX
8
CUT
10
103.3871
20
20.7590
0
VERTEX
8
CUT
10
103.4491
20
20.7833
0
VERTEX
8
CUT
10
103.4648
20
20.7898
0
VERTEX
8
CUT
10
103.5669
20
20.8332
0
VERTEX
8
CUT
10
103.5825
20
20.8401
0
VERTEX
8
CUT
10
104.4867
20
21.2556
0
VERTEX
8
CUT
10
104.5011
20
21.2624
0
VERTEX
8
CUT
10
104.5938
20
21.3081
0
VERTEX
8
CUT
10
104.6079
20
21.3153
0
VERTEX
8
CUT
10
104.6629
20
21.3441
0
VERTEX
8
CUT
10
104.6906
20
21.3597
0
VERTEX
8
CUT
10
104.8657
20
21.4638
0
VERTEX
8
CUT
10
104.9185
20
21.4992
0
VERTEX
8
CUT
10
105.0816
20
21.6213
0
VERTEX
8
CUT
10
105.1065
20
21.6410
0
VERTEX
8
CUT
10
105.1541
20
21.6808
0
VERTEX
8
CUT
10
105.1662
20
21.6911
0
VERTEX
8
CUT
10
105.2437
20
21.7594
0
VERTEX
8
CUT
10
105.2555
20
21.7701
0
VERTEX
8
CUT
10
106.0872
20
22.5429
0
VERTEX
8
CUT
10
106.0963
20
22.5516
0
VERTEX
8
CUT
10
106.1551
20
22.6085
0
VERTEX
8
CUT
10
106.1640
20
22.6174
0
VERTEX
8
CUT
10
106.1986
20
22.6523
0
VERTEX
8
CUT
10
106.2159
20
22.6706
0
VERTEX
8
CUT
10
106.3245
20
22.7900
0
VERTEX
8
CUT
10
106.3568
20
22.8286
0
VERTEX
8
CUT
10
106.4550
20
22.9567
0
VERTEX
8
CUT
10
106.4699
20
22.9770
0
VERTEX
8
CUT
10
106.4982
20
23.0172
0
VERTEX
8
CUT
10
106.5053
20
23.0276
0
VERTEX
8
CUT
10
106.5509
20
23.0955
0
VERTEX
8
CUT
10
106.5578
20
23.1060
0
VERTEX
8
CUT
10
106.9223
20
23.6743
0
VERTEX
8
CUT
10
106.9310
20
23.6882
0
VERTEX
8
CUT
10
106.9859
20
23.7792
0
VERTEX
8
CUT
10
106.9941
20
23.7933
0
VERTEX
8
CUT
10
107.0256
20
23.8488
0
VERTEX
8
CUT
10
107.0410
20
23.8777
0
VERTEX
8
CUT
10
107.1355
20
24.0679
0
VERTEX
8
CUT
10
107.1493
20
24.0976
0
VERTEX
8
CUT
10
107.1745
20
24.1562
0
VERTEX
8
CUT
10
107.1808
20
24.1713
0
VERTEX
8
CUT
10
107.2201
20
24.2700
0
VERTEX
8
CUT
10
107.2260
20
24.2853
0
VERTEX
8
CUT
10
107.6582
20
25.4612
0
VERTEX
8
CUT
10
107.6630
20
25.4747
0
VERTEX
8
CUT
10
107.6930
20
25.5627
0
VERTEX
8
CUT
10
107.6974
20
25.5763
0
VERTEX
8
CUT
10
107.7142
20
25.6297
0
VERTEX
8
CUT
10
107.7221
20
25.6572
0
VERTEX
8
CUT
10
107.7687
20
25.8345
0
VERTEX
8
CUT
10
107.7806
20
25.8905
0
VERTEX
8
CUT
10
107.8100
20
26.0715
0
VERTEX
8
CUT
10
107.8140
20
26.0999
0
VERTEX
8
CUT
10
107.8203
20
26.1554
0
VERTEX
8
CUT
10
107.8218
20
26.1696
0
VERTEX
8
CUT
10
107.8301
20
26.2623
0
VERTEX
8
CUT
10
107.8312
20
26.2765
0
VERTEX
8
CUT
10
108.2685
20
32.8893
0
VERTEX
8
CUT
10
108.2692
20
32.8998
0
VERTEX
8
CUT
10
108.2700
20
32.9092
0
VERTEX
8
CUT
10
108.2740
20
32.9497
0
VERTEX
8
CUT
10
108.2830
20
33.0223
0
VERTEX
8
CUT
10
108.2874
20
33.0529
0
VERTEX
8
CUT
10
108.2925
20
33.0819
0
VERTEX
8
CUT
10
108.3059
20
33.1496
0
VERTEX
8
CUT
10
108.3147
20
33.1895
0
VERTEX
8
CUT
10
108.3179
20
33.2027
0
VERTEX
8
CUT
10
108.3208
20
33.2141
0
VERTEX
8
CUT
10
108.9355
20
35.5908
0
VERTEX
8
CUT
10
108.9379
20
35.6001
0
VERTEX
8
CUT
10
108.9396
20
35.6064
0
VERTEX
8
CUT
10
108.9515
20
35.6466
0
VERTEX
8
CUT
10
108.9701
20
35.7047
0
VERTEX
8
CUT
10
108.9935
20
35.7689
0
VERTEX
8
CUT
10
109.0108
20
35.8115
0
VERTEX
8
CUT
10
109.0366
20
35.8691
0
VERTEX
8
CUT
10
109.0582
20
35.9130
0
VERTEX
8
CUT
10
109.0759
20
35.9472
0
VERTEX
8
CUT
10
109.0816
20
35.9576
0
VERTEX
8
CUT
10
109.0868
20
35.9671
0
VERTEX
8
CUT
10
110.2832
20
38.0988
0
VERTEX
8
CUT
10
110.2893
20
38.1094
0
VERTEX
8
CUT
10
110.2947
20
38.1188
0
VERTEX
8
CUT
10
110.3193
20
38.1589
0
VERTEX
8
CUT
10
110.3654
20
38.2297
0
VERTEX
8
CUT
10
110.3855
20
38.2591
0
VERTEX
8
CUT
10
110.4058
20
38.2864
0
VERTEX
8
CUT
10
110.4546
20
38.3493
0
VERTEX
8
CUT
10
110.4845
20
38.3858
0
VERTEX
8
CUT
10
110.4947
20
38.3977
0
VERTEX
8
CUT
10
110.5037
20
38.4079
0
VERTEX
8
CUT
10
112.4865
20
40.6349
0
VERTEX
8
CUT
10
112.4937
20
40.6430
0
VERTEX
8
CUT
10
112.5109
20
40.6618
0
VERTEX
8
CUT
10
112.5183
20
40.6698
0
VERTEX
8
CUT
10
112.5273
20
40.6795
0
VERTEX
8
CUT
10
112.5348
20
40.6874
0
VERTEX
8
CUT
10
112.5524
20
40.7058
0
VERTEX
8
CUT
10
112.5600
20
40.7136
0
VERTEX
8
CUT
10
112.5661
20
40.7199
0
VERTEX
8
CUT
10
112.5738
20
40.7276
0
VERTEX
8
CUT
10
112.5918
20
40.7455
0
VERTEX
8
CUT
10
112.5996
20
40.7532
0
VERTEX
8
CUT
10
112.6091
20
40.7624
0
VERTEX
8
CUT
10
112.6170
20
40.7700
0
VERTEX
8
CUT
10
112.6354
20
40.7875
0
VERTEX
8
CUT
10
112.6434
20
40.7949
0
VERTEX
8
CUT
10
114.3012
20
42.3286
0
VERTEX
8
CUT
10
114.3093
20
42.3360
0
VERTEX
8
CUT
10
114.3282
20
42.3531
0
VERTEX
8
CUT
10
114.3364
20
42.3604
0
VERTEX
8
CUT
10
114.3464
20
42.3692
0
VERTEX
8
CUT
10
114.3547
20
42.3764
0
VERTEX
8
CUT
10
114.3740
20
42.3930
0
VERTEX
8
CUT
10
114.3823
20
42.4001
0
VERTEX
8
CUT
10
114.3891
20
42.4058
0
VERTEX
8
CUT
10
114.3975
20
42.4127
0
VERTEX
8
CUT
10
114.4172
20
42.4289
0
VERTEX
8
CUT
10
114.4257
20
42.4358
0
VERTEX
8
CUT
10
114.4362
20
42.4441
0
VERTEX
8
CUT
10
114.4448
20
42.4509
0
VERTEX
8
CUT
10
114.4649
20
42.4665
0
VERTEX
8
CUT
10
114.4736
20
42.4732
0
VERTEX
8
CUT
10
116.4307
20
43.9590
0
VERTEX
8
CUT
10
116.4396
20
43.9657
0
VERTEX
8
CUT
10
116.4605
20
43.9811
0
VERTEX
8
CUT
10
116.4696
20
43.9877
0
VERTEX
8
CUT
10
116.4806
20
43.9957
0
VERTEX
8
CUT
10
116.4897
20
44.0021
0
VERTEX
8
CUT
10
116.5110
20
44.0171
0
VERTEX
8
CUT
10
116.5201
20
44.0234
0
VERTEX
8
CUT
10
116.5275
20
44.0285
0
VERTEX
8
CUT
10
116.5368
20
44.0347
0
VERTEX
8
CUT
10
116.5584
20
44.0492
0
VERTEX
8
CUT
10
116.5678
20
44.0553
0
VERTEX
8
CUT
10
116.5792
20
44.0627
0
VERTEX
8
CUT
10
116.5886
20
44.0687
0
VERTEX
8
CUT
10
116.6106
20
44.0826
0
VERTEX
8
CUT
10
116.6200
20
44.0885
0
VERTEX
8
CUT
10
127.9855
20
51.0602
0
VERTEX
8
CUT
10
127.9939
20
51.0655
0
VERTEX
8
CUT
10
128.0522
20
51.1026
0
VERTEX
8
CUT
10
128.0612
20
51.1084
0
VERTEX
8
CUT
10
128.1331
20
51.1560
0
VERTEX
8
CUT
10
128.1418
20
51.1619
0
VERTEX
8
CUT
10
128.1979
20
51.2005
0
VERTEX
8
CUT
10
128.2071
20
51.2069
0
VERTEX
8
CUT
10
131.7449
20
53.7359
0
VERTEX
8
CUT
10
131.7607
20
53.7476
0
VERTEX
8
CUT
10
131.8620
20
53.8251
0
VERTEX
8
CUT
10
131.8774
20
53.8373
0
VERTEX
8
CUT
10
132.0013
20
53.9388
0
VERTEX
8
CUT
10
132.0163
20
53.9514
0
VERTEX
8
CUT
10
132.1123
20
54.0355
0
VERTEX
8
CUT
10
132.1269
20
54.0486
0
VERTEX
8
CUT
10
134.6149
20
56.3737
0
VERTEX
8
CUT
10
134.6241
20
56.3825
0
VERTEX
8
CUT
10
134.6831
20
56.4400
0
VERTEX
8
CUT
10
134.6921
20
56.4489
0
VERTEX
8
CUT
10
134.7268
20
56.4842
0
VERTEX
8
CUT
10
134.7442
20
56.5027
0
VERTEX
8
CUT
10
134.8545
20
56.6248
0
VERTEX
8
CUT
10
134.8711
20
56.6440
0
VERTEX
8
CUT
10
134.9027
20
56.6821
0
VERTEX
8
CUT
10
134.9107
20
56.6919
0
VERTEX
8
CUT
10
134.9620
20
56.7564
0
VERTEX
8
CUT
10
134.9697
20
56.7664
0
VERTEX
8
CUT
10
137.8867
20
60.6012
0
VERTEX
8
CUT
10
137.8937
20
60.6102
0
VERTEX
8
CUT
10
137.8983
20
60.6162
0
VERTEX
8
CUT
10
137.9301
20
60.6546
0
VERTEX
8
CUT
10
137.9778
20
60.7092
0
VERTEX
8
CUT
10
138.0340
20
60.7679
0
VERTEX
8
CUT
10
138.0736
20
60.8057
0
VERTEX
8
CUT
10
138.1298
20
60.8550
0
VERTEX
8
CUT
10
138.1739
20
60.8906
0
VERTEX
8
CUT
10
138.2097
20
60.9181
0
VERTEX
8
CUT
10
138.2213
20
60.9265
0
VERTEX
8
CUT
10
138.2317
20
60.9340
0
VERTEX
8
CUT
10
138.3879
20
61.0443
0
VERTEX
8
CUT
10
138.4257
20
61.0695
0
VERTEX
8
CUT
10
138.4960
20
61.1140
0
VERTEX
8
CUT
10
138.5751
20
61.1587
0
VERTEX
8
CUT
10
138.6292
20
61.1857
0
VERTEX
8
CUT
10
138.7124
20
61.2221
0
VERTEX
8
CUT
10
138.7690
20
61.2436
0
VERTEX
8
CUT
10
138.8554
20
61.2714
0
VERTEX
8
CUT
10
138.9139
20
61.2870
0
VERTEX
8
CUT
10
139.0027
20
61.3061
0
VERTEX
8
CUT
10
139.0624
20
61.3157
0
VERTEX
8
CUT
10
139.1527
20
61.3257
0
VERTEX
8
CUT
10
139.2131
20
61.3292
0
VERTEX
8
CUT
10
139.3039
20
61.3300
0
VERTEX
8
CUT
10
139.3870
20
61.3266
0
VERTEX
8
CUT
10
139.4324
20
61.3235
0
VERTEX
8
CUT
10
139.8638
20
61.2836
0
VERTEX
8
CUT
10
139.8746
20
61.2825
0
VERTEX
8
CUT
10
139.8818
20
61.2818
0
VERTEX
8
CUT
10
139.9285
20
61.2757
0
VERTEX
8
CUT
10
139.9962
20
61.2650
0
VERTEX
8
CUT
10
140.0715
20
61.2498
0
VERTEX
8
CUT
10
140.1217
20
61.2374
0
VERTEX
8
CUT
10
140.1898
20
61.2177
0
VERTEX
8
CUT
10
140.2412
20
61.2006
0
VERTEX
8
CUT
10
140.2816
20
61.1861
0
VERTEX
8
CUT
10
140.2942
20
61.1812
0
VERTEX
8
CUT
10
140.3055
20
61.1768
0
VERTEX
8
CUT
10
141.8274
20
60.5655
0
VERTEX
8
CUT
10
142.5078
20
60.2705
0
VERTEX
8
CUT
10
145.5086
20
58.7041
0
VERTEX
8
CUT
10
147.1029
20
57.8457
0
VERTEX
8
CUT
10
147.1117
20
57.8409
0
VERTEX
8
CUT
10
147.1233
20
57.8345
0
VERTEX
8
CUT
10
147.2085
20
57.7807
0
VERTEX
8
CUT
10
147.2536
20
57.7522
0
VERTEX
8
CUT
10
147.3115
20
57.7156
0
VERTEX
8
CUT
10
147.4396
20
57.6347
0
VERTEX
8
CUT
10
152.4331
20
54.3429
0
VERTEX
8
CUT
10
152.6681
20
54.1677
0
VERTEX
8
CUT
10
152.9185
20
53.9812
0
VERTEX
8
CUT
10
153.1649
20
53.7976
0
VERTEX
8
CUT
10
153.4173
20
53.6095
0
VERTEX
8
CUT
10
155.7682
20
51.5411
0
VERTEX
8
CUT
10
157.7333
20
49.6827
0
VERTEX
8
CUT
10
158.0781
20
49.3566
0
VERTEX
8
CUT
10
158.7575
20
48.7142
0
VERTEX
8
CUT
10
159.6898
20
47.8324
0
VERTEX
8
CUT
10
162.1991
20
45.1101
0
VERTEX
8
CUT
10
164.4090
20
42.6387
0
VERTEX
8
CUT
10
164.6903
20
42.2986
0
VERTEX
8
CUT
10
179.0350
20
23.9629
0
VERTEX
8
CUT
10
179.0458
20
23.9495
0
VERTEX
8
CUT
10
179.1175
20
23.8630
0
VERTEX
8
CUT
10
179.1288
20
23.8499
0
VERTEX
8
CUT
10
179.1566
20
23.8183
0
VERTEX
8
CUT
10
179.1651
20
23.8081
0
VERTEX
8
CUT
10
179.2036
20
23.7633
0
VERTEX
8
CUT
10
179.2238
20
23.7409
0
VERTEX
8
CUT
10
179.3592
20
23.5986
0
VERTEX
8
CUT
10
179.3805
20
23.5772
0
VERTEX
8
CUT
10
179.4233
20
23.5365
0
VERTEX
8
CUT
10
179.4344
20
23.5263
0
VERTEX
8
CUT
10
179.5073
20
23.4604
0
VERTEX
8
CUT
10
179.5186
20
23.4504
0
VERTEX
8
CUT
10
180.1033
20
22.9480
0
VERTEX
8
CUT
10
180.3264
20
22.7342
0
VERTEX
8
CUT
10
180.3381
20
22.7233
0
VERTEX
8
CUT
10
180.4149
20
22.6536
0
VERTEX
8
CUT
10
180.4268
20
22.6430
0
VERTEX
8
CUT
10
180.5255
20
22.5581
0
VERTEX
8
CUT
10
180.5377
20
22.5478
0
VERTEX
8
CUT
10
180.6181
20
22.4823
0
VERTEX
8
CUT
10
180.6306
20
22.4724
0
VERTEX
8
CUT
10
180.8897
20
22.2723
0
VERTEX
8
CUT
10
181.2332
20
21.9771
0
VERTEX
8
CUT
10
181.2416
20
21.9700
0
VERTEX
8
CUT
10
181.3007
20
21.9211
0
VERTEX
8
CUT
10
181.3099
20
21.9136
0
VERTEX
8
CUT
10
181.3848
20
21.8541
0
VERTEX
8
CUT
10
181.3939
20
21.8470
0
VERTEX
8
CUT
10
181.4540
20
21.8010
0
VERTEX
8
CUT
10
181.4639
20
21.7936
0
VERTEX
8
CUT
10
182.3328
20
21.1578
0
VERTEX
8
CUT
10
183.8167
20
20.0119
0
VERTEX
8
CUT
10
183.8315
20
20.0007
0
VERTEX
8
CUT
10
183.9292
20
19.9300
0
VERTEX
8
CUT
10
183.9444
20
19.9194
0
VERTEX
8
CUT
10
184.0697
20
19.8345
0
VERTEX
8
CUT
10
184.0852
20
19.8243
0
VERTEX
8
CUT
10
184.1870
20
19.7597
0
VERTEX
8
CUT
10
184.2029
20
19.7501
0
VERTEX
8
CUT
10
184.5224
20
19.5612
0
VERTEX
8
CUT
10
184.5352
20
19.5527
0
VERTEX
8
CUT
10
184.5589
20
19.5378
0
VERTEX
8
CUT
10
184.7149
20
19.4446
0
VERTEX
8
CUT
10
184.7392
20
19.4308
0
VERTEX
8
CUT
10
184.7786
20
19.4097
0
VERTEX
8
CUT
10
185.2030
20
19.1588
0
VERTEX
8
CUT
10
185.2136
20
19.1527
0
VERTEX
8
CUT
10
185.2826
20
19.1138
0
VERTEX
8
CUT
10
185.2933
20
19.1079
0
VERTEX
8
CUT
10
185.3353
20
19.0853
0
VERTEX
8
CUT
10
185.3570
20
19.0742
0
VERTEX
8
CUT
10
185.4996
20
19.0049
0
VERTEX
8
CUT
10
185.5217
20
18.9947
0
VERTEX
8
CUT
10
185.5654
20
18.9756
0
VERTEX
8
CUT
10
185.5766
20
18.9708
0
VERTEX
8
CUT
10
185.6499
20
18.9406
0
VERTEX
8
CUT
10
185.6612
20
18.9360
0
VERTEX
8
CUT
10
186.2180
20
18.7193
0
VERTEX
8
CUT
10
186.5337
20
18.5687
0
VERTEX
8
CUT
10
186.5500
20
18.5612
0
VERTEX
8
CUT
10
186.6563
20
18.5143
0
VERTEX
8
CUT
10
186.6728
20
18.5073
0
VERTEX
8
CUT
10
186.7374
20
18.4811
0
VERTEX
8
CUT
10
186.7710
20
18.4686
0
VERTEX
8
CUT
10
186.7846
20
18.4640
0
VERTEX
8
CUT
10
186.8036
20
18.4562
0
VERTEX
8
CUT
10
186.9986
20
18.3821
0
VERTEX
8
CUT
10
187.0290
20
18.3715
0
VERTEX
8
CUT
10
187.0886
20
18.3524
0
VERTEX
8
CUT
10
187.1040
20
18.3477
0
VERTEX
8
CUT
10
187.2042
20
18.3186
0
VERTEX
8
CUT
10
187.2197
20
18.3143
0
VERTEX
8
CUT
10
187.3750
20
18.2737
0
VERTEX
8
CUT
10
187.3975
20
18.2665
0
VERTEX
8
CUT
10
187.5529
20
18.2206
0
VERTEX
8
CUT
10
187.6020
20
18.2084
0
VERTEX
8
CUT
10
187.7063
20
18.1869
0
VERTEX
8
CUT
10
187.9992
20
18.1103
0
VERTEX
8
CUT
10
188.0129
20
18.1069
0
VERTEX
8
CUT
10
188.1018
20
18.0858
0
VERTEX
8
CUT
10
188.1155
20
18.0827
0
VERTEX
8
CUT
10
188.1693
20
18.0713
0
VERTEX
8
CUT
10
188.1969
20
18.0661
0
VERTEX
8
CUT
10
188.3772
20
18.0366
0
VERTEX
8
CUT
10
188.4051
20
18.0327
0
VERTEX
8
CUT
10
188.4597
20
18.0264
0
VERTEX
8
CUT
10
188.4737
20
18.0249
0
VERTEX
8
CUT
10
188.5647
20
18.0165
0
VERTEX
8
CUT
10
188.5787
20
18.0154
0
VERTEX
8
CUT
10
188.9135
20
17.9924
0
VERTEX
8
CUT
10
188.9819
20
17.9839
0
VERTEX
8
CUT
10
189.0314
20
17.9798
0
VERTEX
8
CUT
10
189.1903
20
17.9733
0
VERTEX
8
CUT
10
189.1945
20
17.9732
0
VERTEX
8
CUT
10
189.5218
20
17.9507
0
VERTEX
8
CUT
10
189.5326
20
17.9501
0
VERTEX
8
CUT
10
189.6077
20
17.9463
0
VERTEX
8
CUT
10
189.6189
20
17.9458
0
VERTEX
8
CUT
10
189.6683
20
17.9442
0
VERTEX
8
CUT
10
189.6920
20
17.9440
0
VERTEX
8
CUT
10
189.8402
20
17.9451
0
VERTEX
8
CUT
10
189.8631
20
17.9457
0
VERTEX
8
CUT
10
189.9027
20
17.9475
0
VERTEX
8
CUT
10
189.9135
20
17.9481
0
VERTEX
8
CUT
10
189.9877
20
17.9529
0
VERTEX
8
CUT
10
189.9998
20
17.9538
0
VERTEX
8
CUT
10
190.7581
20
18.0176
0
VERTEX
8
CUT
10
191.1204
20
18.0475
0
VERTEX
8
CUT
10
191.7555
20
18.0738
0
VERTEX
8
CUT
10
191.7684
20
18.0745
0
VERTEX
8
CUT
10
191.8524
20
18.0798
0
VERTEX
8
CUT
10
191.8653
20
18.0808
0
VERTEX
8
CUT
10
191.9157
20
18.0850
0
VERTEX
8
CUT
10
191.9414
20
18.0878
0
VERTEX
8
CUT
10
192.1059
20
18.1089
0
VERTEX
8
CUT
10
192.1569
20
18.1177
0
VERTEX
8
CUT
10
192.3168
20
18.1524
0
VERTEX
8
CUT
10
192.3392
20
18.1583
0
VERTEX
8
CUT
10
192.4923
20
18.1848
0
VERTEX
8
CUT
10
192.5435
20
18.1961
0
VERTEX
8
CUT
10
192.7040
20
18.2386
0
VERTEX
8
CUT
10
192.7541
20
18.2542
0
VERTEX
8
CUT
10
192.9123
20
18.3114
0
VERTEX
8
CUT
10
192.9368
20
18.3208
0
VERTEX
8
CUT
10
192.9842
20
18.3403
0
VERTEX
8
CUT
10
192.9963
20
18.3454
0
VERTEX
8
CUT
10
193.0744
20
18.3796
0
VERTEX
8
CUT
10
193.0864
20
18.3850
0
VERTEX
8
CUT
10
193.2342
20
18.4535
0
VERTEX
8
CUT
10
193.5492
20
18.5863
0
VERTEX
8
CUT
10
193.5605
20
18.5913
0
VERTEX
8
CUT
10
193.6341
20
18.6241
0
VERTEX
8
CUT
10
193.6454
20
18.6292
0
VERTEX
8
CUT
10
193.6892
20
18.6499
0
VERTEX
8
CUT
10
193.7114
20
18.6609
0
VERTEX
8
CUT
10
193.8522
20
18.7345
0
VERTEX
8
CUT
10
193.8952
20
18.7593
0
VERTEX
8
CUT
10
194.0294
20
18.8443
0
VERTEX
8
CUT
10
194.0501
20
18.8580
0
VERTEX
8
CUT
10
194.0899
20
18.8856
0
VERTEX
8
CUT
10
194.0973
20
18.8907
0
VERTEX
8
CUT
10
194.0973
20
18.8908
0
VERTEX
8
CUT
10
194.1532
20
18.9255
0
VERTEX
8
CUT
10
194.1674
20
18.9346
0
VERTEX
8
CUT
10
194.2589
20
18.9950
0
VERTEX
8
CUT
10
194.2729
20
19.0044
0
VERTEX
8
CUT
10
194.5935
20
19.2293
0
VERTEX
8
CUT
10
194.6067
20
19.2388
0
VERTEX
8
CUT
10
194.6916
20
19.3018
0
VERTEX
8
CUT
10
194.7045
20
19.3116
0
VERTEX
8
CUT
10
194.7544
20
19.3508
0
VERTEX
8
CUT
10
194.7794
20
19.3716
0
VERTEX
8
CUT
10
194.9382
20
19.5109
0
VERTEX
8
CUT
10
194.9621
20
19.5330
0
VERTEX
8
CUT
10
195.0051
20
19.5750
0
VERTEX
8
CUT
10
195.0804
20
19.6354
0
VERTEX
8
CUT
10
195.0937
20
19.6463
0
VERTEX
8
CUT
10
195.1447
20
19.6896
0
VERTEX
8
CUT
10
195.1702
20
19.7125
0
VERTEX
8
CUT
10
195.3314
20
19.8662
0
VERTEX
8
CUT
10
195.3556
20
19.8906
0
VERTEX
8
CUT
10
195.4013
20
19.9394
0
VERTEX
8
CUT
10
195.4128
20
19.9521
0
VERTEX
8
CUT
10
195.4866
20
20.0356
0
VERTEX
8
CUT
10
195.4978
20
20.0487
0
VERTEX
8
CUT
10
196.0239
20
20.6795
0
VERTEX
8
CUT
10
196.0353
20
20.6919
0
VERTEX
8
CUT
10
196.0475
20
20.7056
0
VERTEX
8
CUT
10
196.1252
20
20.7956
0
VERTEX
8
CUT
10
196.1369
20
20.8096
0
VERTEX
8
CUT
10
196.1819
20
20.8651
0
VERTEX
8
CUT
10
196.2041
20
20.8942
0
VERTEX
8
CUT
10
196.2105
20
20.9032
0
VERTEX
8
CUT
10
196.2497
20
20.9502
0
VERTEX
8
CUT
10
196.2587
20
20.9613
0
VERTEX
8
CUT
10
196.3165
20
21.0340
0
VERTEX
8
CUT
10
196.3252
20
21.0452
0
VERTEX
8
CUT
10
196.3588
20
21.0897
0
VERTEX
8
CUT
10
196.3755
20
21.1129
0
VERTEX
8
CUT
10
196.4803
20
21.2660
0
VERTEX
8
CUT
10
196.4958
20
21.2899
0
VERTEX
8
CUT
10
196.5251
20
21.3374
0
VERTEX
8
CUT
10
196.5324
20
21.3496
0
VERTEX
8
CUT
10
196.5792
20
21.4298
0
VERTEX
8
CUT
10
196.5863
20
21.4422
0
VERTEX
8
CUT
10
197.2858
20
22.7084
0
VERTEX
8
CUT
10
197.2917
20
22.7193
0
VERTEX
8
CUT
10
197.3293
20
22.7907
0
VERTEX
8
CUT
10
197.3349
20
22.8018
0
VERTEX
8
CUT
10
197.3566
20
22.8452
0
VERTEX
8
CUT
10
197.3673
20
22.8676
0
VERTEX
8
CUT
10
197.4333
20
23.0148
0
VERTEX
8
CUT
10
197.4430
20
23.0376
0
VERTEX
8
CUT
10
197.4611
20
23.0827
0
VERTEX
8
CUT
10
197.4655
20
23.0942
0
VERTEX
8
CUT
10
197.4785
20
23.1287
0
VERTEX
8
CUT
10
197.5641
20
23.2880
0
VERTEX
8
CUT
10
197.5709
20
23.3011
0
VERTEX
8
CUT
10
197.6142
20
23.3868
0
VERTEX
8
CUT
10
197.6207
20
23.4000
0
VERTEX
8
CUT
10
197.6455
20
23.4521
0
VERTEX
8
CUT
10
197.6575
20
23.4791
0
VERTEX
8
CUT
10
197.7312
20
23.6561
0
VERTEX
8
CUT
10
197.7419
20
23.6837
0
VERTEX
8
CUT
10
197.7614
20
23.7379
0
VERTEX
8
CUT
10
197.7662
20
23.7519
0
VERTEX
8
CUT
10
197.7964
20
23.8429
0
VERTEX
8
CUT
10
197.8009
20
23.8570
0
VERTEX
8
CUT
10
198.3227
20
25.5677
0
VERTEX
8
CUT
10
198.3257
20
25.5780
0
VERTEX
8
CUT
10
198.3464
20
25.6504
0
VERTEX
8
CUT
10
198.3494
20
25.6612
0
VERTEX
8
CUT
10
198.3620
20
25.7089
0
VERTEX
8
CUT
10
198.3676
20
25.7320
0
VERTEX
8
CUT
10
198.4000
20
25.8766
0
VERTEX
8
CUT
10
198.4045
20
25.8990
0
VERTEX
8
CUT
10
198.4117
20
25.9381
0
VERTEX
8
CUT
10
198.4135
20
25.9487
0
VERTEX
8
CUT
10
198.4257
20
26.0221
0
VERTEX
8
CUT
10
198.4275
20
26.0340
0
VERTEX
8
CUT
10
198.5581
20
26.9377
0
VERTEX
8
CUT
10
198.6731
20
27.4954
0
VERTEX
8
CUT
10
198.6756
20
27.5083
0
VERTEX
8
CUT
10
198.6910
20
27.5921
0
VERTEX
8
CUT
10
198.6932
20
27.6051
0
VERTEX
8
CUT
10
198.7102
20
27.7107
0
VERTEX
8
CUT
10
198.7121
20
27.7237
0
VERTEX
8
CUT
10
198.7239
20
27.8081
0
VERTEX
8
CUT
10
198.7255
20
27.8211
0
VERTEX
8
CUT
10
198.8905
20
29.2384
0
VERTEX
8
CUT
10
198.9430
20
29.6014
0
VERTEX
8
CUT
10
198.9454
20
29.6202
0
VERTEX
8
CUT
10
198.9591
20
29.7423
0
VERTEX
8
CUT
10
198.9609
20
29.7612
0
VERTEX
8
CUT
10
198.9733
20
29.9150
0
VERTEX
8
CUT
10
198.9745
20
29.9338
0
VERTEX
8
CUT
10
198.9806
20
30.0567
0
VERTEX
8
CUT
10
198.9812
20
30.0756
0
VERTEX
8
CUT
10
198.9877
20
30.4495
0
VERTEX
8
CUT
10
198.9983
20
30.6012
0
VERTEX
8
CUT
10
198.9994
20
30.6205
0
VERTEX
8
CUT
10
199.0041
20
30.7458
0
VERTEX
8
CUT
10
199.0046
20
30.7650
0
VERTEX
8
CUT
10
199.0104
20
31.7633
0
VERTEX
8
CUT
10
199.1084
20
37.4208
0
VERTEX
8
CUT
10
199.1085
20
37.4285
0
VERTEX
8
CUT
10
199.1088
20
37.4823
0
VERTEX
8
CUT
10
199.1087
20
37.4906
0
VERTEX
8
CUT
10
199.1081
20
37.5577
0
VERTEX
8
CUT
10
199.1080
20
37.5658
0
VERTEX
8
CUT
10
199.1068
20
37.6188
0
VERTEX
8
CUT
10
199.1065
20
37.6275
0
VERTEX
8
CUT
10
199.0532
20
39.0503
0
VERTEX
8
CUT
10
199.0561
20
39.5417
0
VERTEX
8
CUT
10
199.0561
20
39.5510
0
VERTEX
8
CUT
10
199.0555
20
39.6156
0
VERTEX
8
CUT
10
199.0553
20
39.6255
0
VERTEX
8
CUT
10
199.0532
20
39.7060
0
VERTEX
8
CUT
10
199.0529
20
39.7158
0
VERTEX
8
CUT
10
199.0502
20
39.7793
0
VERTEX
8
CUT
10
199.0496
20
39.7897
0
VERTEX
8
CUT
10
198.9854
20
40.8615
0
VERTEX
8
CUT
10
198.9817
20
40.9611
0
VERTEX
8
CUT
10
198.9813
20
40.9699
0
VERTEX
8
CUT
10
198.9781
20
41.0307
0
VERTEX
8
CUT
10
198.9776
20
41.0401
0
VERTEX
8
CUT
10
198.9724
20
41.1159
0
VERTEX
8
CUT
10
198.9717
20
41.1251
0
VERTEX
8
CUT
10
198.9667
20
41.1849
0
VERTEX
8
CUT
10
198.9658
20
41.1947
0
VERTEX
8
CUT
10
198.9648
20
41.2047
0
VERTEX
8
CUT
10
198.6332
20
46.7402
0
VERTEX
8
CUT
10
198.6327
20
46.7493
0
VERTEX
8
CUT
10
198.6316
20
46.7706
0
VERTEX
8
CUT
10
198.6312
20
46.7797
0
VERTEX
8
CUT
10
198.6308
20
46.7909
0
VERTEX
8
CUT
10
198.6304
20
46.8001
0
VERTEX
8
CUT
10
198.6298
20
46.8214
0
VERTEX
8
CUT
10
198.6296
20
46.8305
0
VERTEX
8
CUT
10
198.6294
20
46.8380
0
VERTEX
8
CUT
10
198.6293
20
46.8471
0
VERTEX
8
CUT
10
198.6291
20
46.8685
0
VERTEX
8
CUT
10
198.6291
20
46.8776
0
VERTEX
8
CUT
10
198.6291
20
46.8888
0
VERTEX
8
CUT
10
198.6292
20
46.8980
0
VERTEX
8
CUT
10
198.6294
20
46.9194
0
VERTEX
8
CUT
10
198.6296
20
46.9285
0
VERTEX
8
CUT
10
198.6786
20
49.2100
0
VERTEX
8
CUT
10
198.6789
20
49.2206
0
VERTEX
8
CUT
10
198.6797
20
49.2455
0
VERTEX
8
CUT
10
198.6802
20
49.2562
0
VERTEX
8
CUT
10
198.6807
20
49.2692
0
VERTEX
8
CUT
10
198.6813
20
49.2799
0
VERTEX
8
CUT
10
198.6827
20
49.3047
0
VERTEX
8
CUT
10
198.6834
20
49.3154
0
VERTEX
8
CUT
10
198.6840
20
49.3240
0
VERTEX
8
CUT
10
198.6848
20
49.3346
0
VERTEX
8
CUT
10
198.6868
20
49.3594
0
VERTEX
8
CUT
10
198.6877
20
49.3701
0
VERTEX
8
CUT
10
198.6889
20
49.3830
0
VERTEX
8
CUT
10
198.6900
20
49.3936
0
VERTEX
8
CUT
10
198.6926
20
49.4184
0
VERTEX
8
CUT
10
198.6937
20
49.4290
0
VERTEX
8
CUT
10
198.9347
20
51.4901
0
VERTEX
8
CUT
10
198.9363
20
51.5031
0
VERTEX
8
CUT
10
198.9403
20
51.5332
0
VERTEX
8
CUT
10
198.9421
20
51.5461
0
VERTEX
8
CUT
10
198.9444
20
51.5618
0
VERTEX
8
CUT
10
198.9463
20
51.5746
0
VERTEX
8
CUT
10
198.9512
20
51.6046
0
VERTEX
8
CUT
10
198.9533
20
51.6174
0
VERTEX
8
CUT
10
198.9551
20
51.6277
0
VERTEX
8
CUT
10
198.9575
20
51.6405
0
VERTEX
8
CUT
10
198.9632
20
51.6704
0
VERTEX
8
CUT
10
198.9657
20
51.6831
0
VERTEX
8
CUT
10
198.9689
20
51.6987
0
VERTEX
8
CUT
10
198.9716
20
51.7114
0
VERTEX
8
CUT
10
198.9782
20
51.7411
0
VERTEX
8
CUT
10
198.9811
20
51.7537
0
VERTEX
8
CUT
10
199.4344
20
53.6721
0
VERTEX
8
CUT
10
199.4374
20
53.6844
0
VERTEX
8
CUT
10
199.4446
20
53.7130
0
VERTEX
8
CUT
10
199.4478
20
53.7252
0
VERTEX
8
CUT
10
199.4517
20
53.7401
0
VERTEX
8
CUT
10
199.4551
20
53.7523
0
VERTEX
8
CUT
10
199.4631
20
53.7807
0
VERTEX
8
CUT
10
199.4666
20
53.7929
0
VERTEX
8
CUT
10
199.4695
20
53.8026
0
VERTEX
8
CUT
10
199.4732
20
53.8147
0
VERTEX
8
CUT
10
199.4819
20
53.8429
0
VERTEX
8
CUT
10
199.4858
20
53.8549
0
VERTEX
8
CUT
10
199.4906
20
53.8696
0
VERTEX
8
CUT
10
199.4946
20
53.8816
0
VERTEX
8
CUT
10
199.5042
20
53.9095
0
VERTEX
8
CUT
10
199.5084
20
53.9214
0
VERTEX
8
CUT
10
200.1475
20
55.7030
0
VERTEX
8
CUT
10
200.1523
20
55.7160
0
VERTEX
8
CUT
10
200.1638
20
55.7464
0
VERTEX
8
CUT
10
200.1688
20
55.7594
0
VERTEX
8
CUT
10
200.1750
20
55.7752
0
VERTEX
8
CUT
10
200.1802
20
55.7880
0
VERTEX
8
CUT
10
200.1925
20
55.8180
0
VERTEX
8
CUT
10
200.1979
20
55.8309
0
VERTEX
8
CUT
10
200.2023
20
55.8411
0
VERTEX
8
CUT
10
200.2079
20
55.8538
0
VERTEX
8
CUT
10
200.2212
20
55.8834
0
VERTEX
8
CUT
10
200.2270
20
55.8961
0
VERTEX
8
CUT
10
200.2342
20
55.9114
0
VERTEX
8
CUT
10
200.2402
20
55.9240
0
VERTEX
8
CUT
10
200.2544
20
55.9532
0
VERTEX
8
CUT
10
200.2605
20
55.9656
0
VERTEX
8
CUT
10
201.0707
20
57.5682
0
VERTEX
8
CUT
10
201.0781
20
57.5826
0
VERTEX
8
CUT
10
201.0958
20
57.6159
0
VERTEX
8
CUT
10
201.1035
20
57.6302
0
VERTEX
8
CUT
10
201.1130
20
57.6475
0
VERTEX
8
CUT
10
201.1209
20
57.6616
0
VERTEX
8
CUT
10
201.1398
20
57.6943
0
VERTEX
8
CUT
10
201.1480
20
57.7083
0
VERTEX
8
CUT
10
201.1546
20
57.7194
0
VERTEX
8
CUT
10
201.1631
20
57.7332
0
VERTEX
8
CUT
10
201.1831
20
57.7652
0
VERTEX
8
CUT
10
201.1918
20
57.7789
0
VERTEX
8
CUT
10
201.2025
20
57.7954
0
VERTEX
8
CUT
10
201.2114
20
57.8089
0
VERTEX
8
CUT
10
201.2326
20
57.8402
0
VERTEX
8
CUT
10
201.2418
20
57.8535
0
VERTEX
8
CUT
10
202.3266
20
59.3993
0
VERTEX
8
CUT
10
202.3334
20
59.4088
0
VERTEX
8
CUT
10
202.3493
20
59.4309
0
VERTEX
8
CUT
10
202.3562
20
59.4403
0
VERTEX
8
CUT
10
202.3647
20
59.4517
0
VERTEX
8
CUT
10
202.3717
20
59.4611
0
VERTEX
8
CUT
10
202.3882
20
59.4827
0
VERTEX
8
CUT
10
202.3953
20
59.4920
0
VERTEX
8
CUT
10
202.4011
20
59.4994
0
VERTEX
8
CUT
10
202.4084
20
59.5085
0
VERTEX
8
CUT
10
202.4254
20
59.5297
0
VERTEX
8
CUT
10
202.4328
20
59.5388
0
VERTEX
8
CUT
10
202.4419
20
59.5498
0
VERTEX
8
CUT
10
202.4494
20
59.5587
0
VERTEX
8
CUT
10
202.4670
20
59.5795
0
VERTEX
8
CUT
10
202.4746
20
59.5884
0
VERTEX
8
CUT
10
203.7324
20
61.0349
0
VERTEX
8
CUT
10
203.7370
20
61.0402
0
VERTEX
8
CUT
10
203.7479
20
61.0526
0
VERTEX
8
CUT
10
203.7498
20
61.0547
0
VERTEX
8
CUT
10
203.7702
20
61.0768
0
VERTEX
8
CUT
10
203.8097
20
61.1182
0
VERTEX
8
CUT
10
203.8544
20
61.1618
0
VERTEX
8
CUT
10
203.9101
20
61.2126
0
VERTEX
8
CUT
10
203.9362
20
61.2355
0
VERTEX
8
CUT
10
206.1096
20
63.0684
0
VERTEX
8
CUT
10
206.1172
20
63.0747
0
VERTEX
8
CUT
10
206.1242
20
63.0804
0
VERTEX
8
CUT
10
206.1541
20
63.1041
0
VERTEX
8
CUT
10
206.2084
20
63.1451
0
VERTEX
8
CUT
10
206.2317
20
63.1621
0
VERTEX
8
CUT
10
206.2545
20
63.1776
0
VERTEX
8
CUT
10
206.3084
20
63.2130
0
VERTEX
8
CUT
10
206.3407
20
63.2332
0
VERTEX
8
CUT
10
206.3516
20
63.2397
0
VERTEX
8
CUT
10
206.3611
20
63.2453
0
VERTEX
8
CUT
10
208.8722
20
64.7023
0
VERTEX
8
CUT
10
208.8785
20
64.7059
0
VERTEX
8
CUT
10
208.8932
20
64.7143
0
VERTEX
8
CUT
10
208.8957
20
64.7157
0
VERTEX
8
CUT
10
208.9228
20
64.7304
0
VERTEX
8
CUT
10
208.9749
20
64.7574
0
VERTEX
8
CUT
10
209.0327
20
64.7848
0
VERTEX
8
CUT
10
209.1037
20
64.8153
0
VERTEX
8
CUT
10
209.1366
20
64.8288
0
VERTEX
8
CUT
10
211.9277
20
65.9033
0
VERTEX
8
CUT
10
211.9343
20
65.9058
0
VERTEX
8
CUT
10
211.9496
20
65.9116
0
VERTEX
8
CUT
10
211.9523
20
65.9126
0
VERTEX
8
CUT
10
211.9803
20
65.9224
0
VERTEX
8
CUT
10
212.0341
20
65.9403
0
VERTEX
8
CUT
10
212.0934
20
65.9578
0
VERTEX
8
CUT
10
212.1658
20
65.9765
0
VERTEX
8
CUT
10
212.1993
20
65.9845
0
VERTEX
8
CUT
10
215.1558
20
66.6280
0
VERTEX
8
CUT
10
215.1715
20
66.6313
0
VERTEX
8
CUT
10
215.2081
20
66.6386
0
VERTEX
8
CUT
10
215.2238
20
66.6416
0
VERTEX
8
CUT
10
215.2428
20
66.6450
0
VERTEX
8
CUT
10
215.2585
20
66.6477
0
VERTEX
8
CUT
10
215.2951
20
66.6536
0
VERTEX
8
CUT
10
215.3108
20
66.6560
0
VERTEX
8
CUT
10
215.3235
20
66.6579
0
VERTEX
8
CUT
10
215.3393
20
66.6600
0
VERTEX
8
CUT
10
215.3761
20
66.6647
0
VERTEX
8
CUT
10
215.3920
20
66.6665
0
VERTEX
8
CUT
10
215.4113
20
66.6686
0
VERTEX
8
CUT
10
215.4272
20
66.6702
0
VERTEX
8
CUT
10
215.4642
20
66.6735
0
VERTEX
8
CUT
10
215.4801
20
66.6748
0
VERTEX
8
CUT
10
218.4650
20
66.8918
0
VERTEX
8
CUT
10
218.4805
20
66.8928
0
VERTEX
8
CUT
10
218.5166
20
66.8948
0
VERTEX
8
CUT
10
218.5321
20
66.8955
0
VERTEX
8
CUT
10
218.5511
20
66.8962
0
VERTEX
8
CUT
10
218.5666
20
66.8967
0
VERTEX
8
CUT
10
218.6028
20
66.8974
0
VERTEX
8
CUT
10
218.6183
20
66.8976
0
VERTEX
8
CUT
10
218.6308
20
66.8977
0
VERTEX
8
CUT
10
218.6463
20
66.8976
0
VERTEX
8
CUT
10
218.6825
20
66.8971
0
VERTEX
8
CUT
10
218.6980
20
66.8967
0
VERTEX
8
CUT
10
218.7170
20
66.8962
0
VERTEX
8
CUT
10
218.7325
20
66.8955
0
VERTEX
8
CUT
10
218.7687
20
66.8938
0
VERTEX
8
CUT
10
218.7842
20
66.8929
0
VERTEX
8
CUT
10
221.7485
20
66.6985
0
VERTEX
8
CUT
10
221.7552
20
66.6981
0
VERTEX
8
CUT
10
221.7711
20
66.6969
0
VERTEX
8
CUT
10
221.7738
20
66.6967
0
VERTEX
8
CUT
10
221.8027
20
66.6940
0
VERTEX
8
CUT
10
221.8575
20
66.6879
0
VERTEX
8
CUT
10
221.9171
20
66.6793
0
VERTEX
8
CUT
10
221.9887
20
66.6665
0
VERTEX
8
CUT
10
222.0215
20
66.6599
0
VERTEX
8
CUT
10
224.9900
20
66.0136
0
VERTEX
8
CUT
10
224.9997
20
66.0114
0
VERTEX
8
CUT
10
225.0085
20
66.0094
0
VERTEX
8
CUT
10
225.0455
20
66.0001
0
VERTEX
8
CUT
10
225.1114
20
65.9820
0
VERTEX
8
CUT
10
225.1392
20
65.9738
0
VERTEX
8
CUT
10
225.1654
20
65.9652
0
VERTEX
8
CUT
10
225.2264
20
65.9439
0
VERTEX
8
CUT
10
225.2623
20
65.9306
0
VERTEX
8
CUT
10
225.2741
20
65.9259
0
VERTEX
8
CUT
10
225.2844
20
65.9218
0
VERTEX
8
CUT
10
228.0525
20
64.7849
0
VERTEX
8
CUT
10
228.0657
20
64.7794
0
VERTEX
8
CUT
10
228.0965
20
64.7662
0
VERTEX
8
CUT
10
228.1096
20
64.7604
0
VERTEX
8
CUT
10
228.1255
20
64.7533
0
VERTEX
8
CUT
10
228.1386
20
64.7473
0
VERTEX
8
CUT
10
228.1689
20
64.7331
0
VERTEX
8
CUT
10
228.1818
20
64.7270
0
VERTEX
8
CUT
10
228.1921
20
64.7219
0
VERTEX
8
CUT
10
228.2049
20
64.7155
0
VERTEX
8
CUT
10
228.2348
20
64.7004
0
VERTEX
8
CUT
10
228.2475
20
64.6938
0
VERTEX
8
CUT
10
228.2629
20
64.6857
0
VERTEX
8
CUT
10
228.2756
20
64.6789
0
VERTEX
8
CUT
10
228.3049
20
64.6628
0
VERTEX
8
CUT
10
228.3174
20
64.6559
0
VERTEX
8
CUT
10
230.6392
20
63.3355
0
VERTEX
8
CUT
10
230.6451
20
63.3322
0
VERTEX
8
CUT
10
230.6588
20
63.3242
0
VERTEX
8
CUT
10
230.6612
20
63.3228
0
VERTEX
8
CUT
10
230.6859
20
63.3078
0
VERTEX
8
CUT
10
230.7325
20
63.2785
0
VERTEX
8
CUT
10
230.7823
20
63.2448
0
VERTEX
8
CUT
10
230.8410
20
63.2021
0
VERTEX
8
CUT
10
230.8677
20
63.1819
0
VERTEX
8
CUT
10
237.7861
20
57.7480
0
VERTEX
8
CUT
10
237.7963
20
57.7401
0
VERTEX
8
CUT
10
237.8634
20
57.6898
0
VERTEX
8
CUT
10
237.8738
20
57.6821
0
VERTEX
8
CUT
10
237.9594
20
57.6206
0
VERTEX
8
CUT
10
237.9700
20
57.6132
0
VERTEX
8
CUT
10
238.0392
20
57.5657
0
VERTEX
8
CUT
10
238.0500
20
57.5585
0
VERTEX
8
CUT
10
241.3079
20
55.4254
0
VERTEX
8
CUT
10
241.3167
20
55.4197
0
VERTEX
8
CUT
10
241.3786
20
55.3807
0
VERTEX
8
CUT
10
241.3879
20
55.3750
0
VERTEX
8
CUT
10
241.4289
20
55.3502
0
VERTEX
8
CUT
10
241.4489
20
55.3386
0
VERTEX
8
CUT
10
241.5749
20
55.2689
0
VERTEX
8
CUT
10
241.5945
20
55.2585
0
VERTEX
8
CUT
10
241.6289
20
55.2410
0
VERTEX
8
CUT
10
241.6383
20
55.2364
0
VERTEX
8
CUT
10
241.7034
20
55.2049
0
VERTEX
8
CUT
10
241.7140
20
55.1999
0
VERTEX
8
CUT
10
242.9534
20
54.6291
0
VERTEX
8
CUT
10
242.9656
20
54.6237
0
VERTEX
8
CUT
10
243.0445
20
54.5894
0
VERTEX
8
CUT
10
243.0567
20
54.5843
0
VERTEX
8
CUT
10
243.1046
20
54.5647
0
VERTEX
8
CUT
10
243.1293
20
54.5553
0
VERTEX
8
CUT
10
243.2913
20
54.4974
0
VERTEX
8
CUT
10
243.3164
20
54.4890
0
VERTEX
8
CUT
10
243.3659
20
54.4738
0
VERTEX
8
CUT
10
243.3786
20
54.4700
0
VERTEX
8
CUT
10
243.4613
20
54.4465
0
VERTEX
8
CUT
10
243.4741
20
54.4430
0
VERTEX
8
CUT
10
246.0059
20
53.7832
0
VERTEX
8
CUT
10
246.0193
20
53.7799
0
VERTEX
8
CUT
10
246.1067
20
53.7592
0
VERTEX
8
CUT
10
246.1202
20
53.7562
0
VERTEX
8
CUT
10
246.1730
20
53.7450
0
VERTEX
8
CUT
10
246.2002
20
53.7399
0
VERTEX
8
CUT
10
246.3751
20
53.7112
0
VERTEX
8
CUT
10
246.4300
20
53.7047
0
VERTEX
8
CUT
10
246.6068
20
53.6922
0
VERTEX
8
CUT
10
246.6344
20
53.6909
0
VERTEX
8
CUT
10
246.6884
20
53.6896
0
VERTEX
8
CUT
10
246.7022
20
53.6894
0
VERTEX
8
CUT
10
246.7921
20
53.6893
0
VERTEX
8
CUT
10
246.8059
20
53.6894
0
VERTEX
8
CUT
10
249.4127
20
53.7457
0
VERTEX
8
CUT
10
249.4274
20
53.7462
0
VERTEX
8
CUT
10
249.5226
20
53.7505
0
VERTEX
8
CUT
10
249.5373
20
53.7514
0
VERTEX
8
CUT
10
249.5945
20
53.7554
0
VERTEX
8
CUT
10
249.6237
20
53.7582
0
VERTEX
8
CUT
10
249.8129
20
53.7809
0
VERTEX
8
CUT
10
249.8420
20
53.7851
0
VERTEX
8
CUT
10
249.8985
20
53.7947
0
VERTEX
8
CUT
10
249.9129
20
53.7974
0
VERTEX
8
CUT
10
250.0065
20
53.8156
0
VERTEX
8
CUT
10
250.0209
20
53.8186
0
VERTEX
8
CUT
10
251.2933
20
54.0995
0
VERTEX
8
CUT
10
251.3142
20
54.1045
0
VERTEX
8
CUT
10
251.4494
20
54.1394
0
VERTEX
8
CUT
10
251.4701
20
54.1452
0
VERTEX
8
CUT
10
251.6381
20
54.1951
0
VERTEX
8
CUT
10
251.6586
20
54.2016
0
VERTEX
8
CUT
10
251.7910
20
54.2462
0
VERTEX
8
CUT
10
251.8113
20
54.2534
0
VERTEX
8
CUT
10
252.8573
20
54.6478
0
VERTEX
8
CUT
10
252.8774
20
54.6558
0
VERTEX
8
CUT
10
253.0070
20
54.7101
0
VERTEX
8
CUT
10
253.0268
20
54.7188
0
VERTEX
8
CUT
10
253.1868
20
54.7927
0
VERTEX
8
CUT
10
253.2062
20
54.8021
0
VERTEX
8
CUT
10
253.3316
20
54.8656
0
VERTEX
8
CUT
10
253.3507
20
54.8757
0
VERTEX
8
CUT
10
254.2346
20
55.3640
0
VERTEX
8
CUT
10
254.2479
20
55.3715
0
VERTEX
8
CUT
10
254.3336
20
55.4218
0
VERTEX
8
CUT
10
254.3467
20
55.4297
0
VERTEX
8
CUT
10
254.3973
20
55.4612
0
VERTEX
8
CUT
10
254.4229
20
55.4779
0
VERTEX
8
CUT
10
254.5860
20
55.5911
0
VERTEX
8
CUT
10
254.6107
20
55.6092
0
VERTEX
8
CUT
10
254.6579
20
55.6456
0
VERTEX
8
CUT
10
254.6699
20
55.6551
0
VERTEX
8
CUT
10
254.7469
20
55.7178
0
VERTEX
8
CUT
10
254.7586
20
55.7276
0
VERTEX
8
CUT
10
255.4661
20
56.3339
0
VERTEX
8
CUT
10
255.4767
20
56.3432
0
VERTEX
8
CUT
10
255.5447
20
56.4043
0
VERTEX
8
CUT
10
255.5550
20
56.4138
0
VERTEX
8
CUT
10
255.5950
20
56.4514
0
VERTEX
8
CUT
10
255.6150
20
56.4712
0
VERTEX
8
CUT
10
255.7420
20
56.6025
0
VERTEX
8
CUT
10
255.7611
20
56.6232
0
VERTEX
8
CUT
10
255.7974
20
56.6644
0
VERTEX
8
CUT
10
255.8065
20
56.6751
0
VERTEX
8
CUT
10
255.8653
20
56.7451
0
VERTEX
8
CUT
10
255.8742
20
56.7560
0
VERTEX
8
CUT
10
256.4464
20
57.4712
0
VERTEX
8
CUT
10
256.4549
20
57.4821
0
VERTEX
8
CUT
10
256.5094
20
57.5534
0
VERTEX
8
CUT
10
256.5176
20
57.5645
0
VERTEX
8
CUT
10
256.5494
20
57.6082
0
VERTEX
8
CUT
10
256.5651
20
57.6309
0
VERTEX
8
CUT
10
256.6639
20
57.7807
0
VERTEX
8
CUT
10
256.6785
20
57.8041
0
VERTEX
8
CUT
10
256.7061
20
57.8505
0
VERTEX
8
CUT
10
256.7130
20
57.8625
0
VERTEX
8
CUT
10
256.7572
20
57.9407
0
VERTEX
8
CUT
10
256.7638
20
57.9528
0
VERTEX
8
CUT
10
257.1800
20
58.7319
0
VERTEX
8
CUT
10
257.1874
20
58.7463
0
VERTEX
8
CUT
10
257.2345
20
58.8405
0
VERTEX
8
CUT
10
257.2415
20
58.8551
0
VERTEX
8
CUT
10
257.2683
20
58.9124
0
VERTEX
8
CUT
10
257.2812
20
58.9421
0
VERTEX
8
CUT
10
257.3597
20
59.1373
0
VERTEX
8
CUT
10
257.3710
20
59.1677
0
VERTEX
8
CUT
10
257.3914
20
59.2275
0
VERTEX
8
CUT
10
257.3964
20
59.2429
0
VERTEX
8
CUT
10
257.4277
20
59.3435
0
VERTEX
8
CUT
10
257.4323
20
59.3590
0
VERTEX
8
CUT
10
257.6529
20
60.1421
0
VERTEX
8
CUT
10
257.6572
20
60.1583
0
VERTEX
8
CUT
10
257.6837
20
60.2637
0
VERTEX
8
CUT
10
257.6876
20
60.2800
0
VERTEX
8
CUT
10
257.7018
20
60.3437
0
VERTEX
8
CUT
10
257.7081
20
60.3765
0
VERTEX
8
CUT
10
257.7434
20
60.5909
0
VERTEX
8
CUT
10
257.7479
20
60.6241
0
VERTEX
8
CUT
10
257.7549
20
60.6890
0
VERTEX
8
CUT
10
257.7564
20
60.7056
0
VERTEX
8
CUT
10
257.7651
20
60.8140
0
VERTEX
8
CUT
10
257.7661
20
60.8307
0
VERTEX
8
CUT
10
257.8531
20
62.5175
0
VERTEX
8
CUT
10
257.8536
20
62.5304
0
VERTEX
8
CUT
10
257.8561
20
62.6141
0
VERTEX
8
CUT
10
257.8564
20
62.6270
0
VERTEX
8
CUT
10
257.8568
20
62.6773
0
VERTEX
8
CUT
10
257.8565
20
62.7031
0
VERTEX
8
CUT
10
257.8508
20
62.8682
0
VERTEX
8
CUT
10
257.8468
20
62.9195
0
VERTEX
8
CUT
10
257.8270
20
63.0835
0
VERTEX
8
CUT
10
257.8234
20
63.1090
0
VERTEX
8
CUT
10
257.8152
20
63.1587
0
VERTEX
8
CUT
10
257.8129
20
63.1714
0
VERTEX
8
CUT
10
257.7976
20
63.2537
0
VERTEX
8
CUT
10
257.7951
20
63.2663
0
VERTEX
8
CUT
10
257.6170
20
64.1177
0
VERTEX
8
CUT
10
257.6134
20
64.1339
0
VERTEX
8
CUT
10
257.5883
20
64.2389
0
VERTEX
8
CUT
10
257.5843
20
64.2551
0
VERTEX
8
CUT
10
257.5675
20
64.3177
0
VERTEX
8
CUT
10
257.5580
20
64.3495
0
VERTEX
8
CUT
10
257.4908
20
64.5546
0
VERTEX
8
CUT
10
257.4795
20
64.5859
0
VERTEX
8
CUT
10
257.4559
20
64.6463
0
VERTEX
8
CUT
10
257.4497
20
64.6616
0
VERTEX
8
CUT
10
257.4076
20
64.7611
0
VERTEX
8
CUT
10
257.4010
20
64.7763
0
VERTEX
8
CUT
10
257.0009
20
65.6539
0
VERTEX
8
CUT
10
256.9935
20
65.6695
0
VERTEX
8
CUT
10
256.9441
20
65.7701
0
VERTEX
8
CUT
10
256.9363
20
65.7854
0
VERTEX
8
CUT
10
256.9049
20
65.8449
0
VERTEX
8
CUT
10
256.8880
20
65.8750
0
VERTEX
8
CUT
10
256.7723
20
66.0668
0
VERTEX
8
CUT
10
256.7536
20
66.0958
0
VERTEX
8
CUT
10
256.7156
20
66.1513
0
VERTEX
8
CUT
10
256.7057
20
66.1654
0
VERTEX
8
CUT
10
256.6398
20
66.2560
0
VERTEX
8
CUT
10
256.6294
20
66.2698
0
VERTEX
8
CUT
10
255.9883
20
67.0998
0
VERTEX
8
CUT
10
255.9800
20
67.1103
0
VERTEX
8
CUT
10
255.9254
20
67.1778
0
VERTEX
8
CUT
10
255.9169
20
67.1881
0
VERTEX
8
CUT
10
255.8832
20
67.2279
0
VERTEX
8
CUT
10
255.8655
20
67.2479
0
VERTEX
8
CUT
10
255.7476
20
67.3753
0
VERTEX
8
CUT
10
255.7290
20
67.3945
0
VERTEX
8
CUT
10
255.6919
20
67.4312
0
VERTEX
8
CUT
10
255.6823
20
67.4405
0
VERTEX
8
CUT
10
255.6191
20
67.5002
0
VERTEX
8
CUT
10
255.6093
20
67.5092
0
VERTEX
8
CUT
10
254.4445
20
68.5621
0
VERTEX
8
CUT
10
254.4332
20
68.5721
0
VERTEX
8
CUT
10
254.3585
20
68.6362
0
VERTEX
8
CUT
10
254.3469
20
68.6459
0
VERTEX
8
CUT
10
254.3011
20
68.6833
0
VERTEX
8
CUT
10
254.2772
20
68.7018
0
VERTEX
8
CUT
10
254.1188
20
68.8183
0
VERTEX
8
CUT
10
254.0939
20
68.8356
0
VERTEX
8
CUT
10
254.0446
20
68.8682
0
VERTEX
8
CUT
10
254.0319
20
68.8764
0
VERTEX
8
CUT
10
253.9484
20
68.9285
0
VERTEX
8
CUT
10
253.9355
20
68.9364
0
VERTEX
8
CUT
10
252.4162
20
69.8328
0
VERTEX
8
CUT
10
252.4017
20
69.8411
0
VERTEX
8
CUT
10
252.3072
20
69.8934
0
VERTEX
8
CUT
10
252.2925
20
69.9013
0
VERTEX
8
CUT
10
252.2349
20
69.9311
0
VERTEX
8
CUT
10
252.2049
20
69.9456
0
VERTEX
8
CUT
10
252.0079
20
70.0341
0
VERTEX
8
CUT
10
251.9772
20
70.0469
0
VERTEX
8
CUT
10
251.9166
20
70.0701
0
VERTEX
8
CUT
10
251.9010
20
70.0759
0
VERTEX
8
CUT
10
251.7990
20
70.1118
0
VERTEX
8
CUT
10
251.7833
20
70.1172
0
VERTEX
8
CUT
10
249.7358
20
70.7760
0
VERTEX
8
CUT
10
249.7232
20
70.7798
0
VERTEX
8
CUT
10
249.6412
20
70.8043
0
VERTEX
8
CUT
10
249.6285
20
70.8079
0
VERTEX
8
CUT
10
249.5789
20
70.8215
0
VERTEX
8
CUT
10
249.5533
20
70.8279
0
VERTEX
8
CUT
10
249.3864
20
70.8658
0
VERTEX
8
CUT
10
249.3606
20
70.8711
0
VERTEX
8
CUT
10
249.3100
20
70.8803
0
VERTEX
8
CUT
10
249.2970
20
70.8825
0
VERTEX
8
CUT
10
249.2124
20
70.8959
0
VERTEX
8
CUT
10
249.1994
20
70.8979
0
VERTEX
8
CUT
10
235.5996
20
72.7541
0
VERTEX
8
CUT
10
235.5875
20
72.7559
0
VERTEX
8
CUT
10
235.5594
20
72.7601
0
VERTEX
8
CUT
10
235.5474
20
72.7620
0
VERTEX
8
CUT
10
235.5327
20
72.7644
0
VERTEX
8
CUT
10
235.5207
20
72.7664
0
VERTEX
8
CUT
10
235.4927
20
72.7714
0
VERTEX
8
CUT
10
235.4808
20
72.7736
0
VERTEX
8
CUT
10
235.4711
20
72.7755
0
VERTEX
8
CUT
10
235.4591
20
72.7779
0
VERTEX
8
CUT
10
235.4313
20
72.7836
0
VERTEX
8
CUT
10
235.4194
20
72.7862
0
VERTEX
8
CUT
10
235.4048
20
72.7894
0
VERTEX
8
CUT
10
235.3930
20
72.7921
0
VERTEX
8
CUT
10
235.3653
20
72.7986
0
VERTEX
8
CUT
10
235.3534
20
72.8014
0
VERTEX
8
CUT
10
229.2478
20
74.3213
0
VERTEX
8
CUT
10
229.2344
20
74.3248
0
VERTEX
8
CUT
10
229.2032
20
74.3330
0
VERTEX
8
CUT
10
229.1899
20
74.3367
0
VERTEX
8
CUT
10
229.1737
20
74.3412
0
VERTEX
8
CUT
10
229.1604
20
74.3451
0
VERTEX
8
CUT
10
229.1295
20
74.3543
0
VERTEX
8
CUT
10
229.1163
20
74.3584
0
VERTEX
8
CUT
10
229.1057
20
74.3617
0
VERTEX
8
CUT
10
229.0926
20
74.3659
0
VERTEX
8
CUT
10
229.0620
20
74.3761
0
VERTEX
8
CUT
10
229.0489
20
74.3806
0
VERTEX
8
CUT
10
229.0330
20
74.3861
0
VERTEX
8
CUT
10
229.0200
20
74.3908
0
VERTEX
8
CUT
10
228.9897
20
74.4019
0
VERTEX
8
CUT
10
228.9768
20
74.4067
0
VERTEX
8
CUT
10
226.5146
20
75.3526
0
VERTEX
8
CUT
10
226.5030
20
75.3572
0
VERTEX
8
CUT
10
226.4760
20
75.3680
0
VERTEX
8
CUT
10
226.4645
20
75.3727
0
VERTEX
8
CUT
10
226.4505
20
75.3785
0
VERTEX
8
CUT
10
226.4391
20
75.3834
0
VERTEX
8
CUT
10
226.4124
20
75.3949
0
VERTEX
8
CUT
10
226.4010
20
75.3999
0
VERTEX
8
CUT
10
226.3919
20
75.4040
0
VERTEX
8
CUT
10
226.3806
20
75.4092
0
VERTEX
8
CUT
10
226.3543
20
75.4214
0
VERTEX
8
CUT
10
226.3431
20
75.4267
0
VERTEX
8
CUT
10
226.3294
20
75.4333
0
VERTEX
8
CUT
10
226.3182
20
75.4388
0
VERTEX
8
CUT
10
226.2923
20
75.4518
0
VERTEX
8
CUT
10
226.2812
20
75.4574
0
VERTEX
8
CUT
10
224.1788
20
76.5449
0
VERTEX
8
CUT
10
224.1685
20
76.5503
0
VERTEX
8
CUT
10
224.1445
20
76.5631
0
VERTEX
8
CUT
10
224.1342
20
76.5687
0
VERTEX
8
CUT
10
224.1217
20
76.5755
0
VERTEX
8
CUT
10
224.1116
20
76.5812
0
VERTEX
8
CUT
10
224.0879
20
76.5947
0
VERTEX
8
CUT
10
224.0778
20
76.6005
0
VERTEX
8
CUT
10
224.0697
20
76.6052
0
VERTEX
8
CUT
10
224.0596
20
76.6112
0
VERTEX
8
CUT
10
224.0363
20
76.6253
0
VERTEX
8
CUT
10
224.0263
20
76.6313
0
VERTEX
8
CUT
10
224.0142
20
76.6388
0
VERTEX
8
CUT
10
224.0044
20
76.6451
0
VERTEX
8
CUT
10
223.9814
20
76.6597
0
VERTEX
8
CUT
10
223.9716
20
76.6661
0
VERTEX
8
CUT
10
222.1386
20
77.8698
0
VERTEX
8
CUT
10
222.1263
20
77.8780
0
VERTEX
8
CUT
10
222.0978
20
77.8974
0
VERTEX
8
CUT
10
222.0856
20
77.9059
0
VERTEX
8
CUT
10
222.0709
20
77.9163
0
VERTEX
8
CUT
10
222.0589
20
77.9249
0
VERTEX
8
CUT
10
222.0310
20
77.9452
0
VERTEX
8
CUT
10
222.0191
20
77.9540
0
VERTEX
8
CUT
10
222.0097
20
77.9612
0
VERTEX
8
CUT
10
221.9979
20
77.9702
0
VERTEX
8
CUT
10
221.9708
20
77.9914
0
VERTEX
8
CUT
10
221.9592
20
78.0006
0
VERTEX
8
CUT
10
221.9451
20
78.0120
0
VERTEX
8
CUT
10
221.9337
20
78.0214
0
VERTEX
8
CUT
10
221.9072
20
78.0435
0
VERTEX
8
CUT
10
221.8960
20
78.0531
0
VERTEX
8
CUT
10
220.2774
20
79.4515
0
VERTEX
8
CUT
10
220.2720
20
79.4562
0
VERTEX
8
CUT
10
220.2594
20
79.4672
0
VERTEX
8
CUT
10
220.2572
20
79.4691
0
VERTEX
8
CUT
10
220.2347
20
79.4898
0
VERTEX
8
CUT
10
220.1926
20
79.5298
0
VERTEX
8
CUT
10
220.1482
20
79.5751
0
VERTEX
8
CUT
10
220.0966
20
79.6316
0
VERTEX
8
CUT
10
220.0733
20
79.6580
0
VERTEX
8
CUT
10
218.6495
20
81.3435
0
VERTEX
8
CUT
10
218.6417
20
81.3529
0
VERTEX
8
CUT
10
218.6347
20
81.3614
0
VERTEX
8
CUT
10
218.6059
20
81.3984
0
VERTEX
8
CUT
10
218.5561
20
81.4658
0
VERTEX
8
CUT
10
218.5357
20
81.4947
0
VERTEX
8
CUT
10
218.5173
20
81.5231
0
VERTEX
8
CUT
10
218.4757
20
81.5906
0
VERTEX
8
CUT
10
218.4521
20
81.6311
0
VERTEX
8
CUT
10
218.4446
20
81.6448
0
VERTEX
8
CUT
10
218.4381
20
81.6567
0
VERTEX
8
CUT
10
217.5927
20
83.2557
0
VERTEX
8
CUT
10
217.5881
20
83.2646
0
VERTEX
8
CUT
10
217.5850
20
83.2706
0
VERTEX
8
CUT
10
217.5660
20
83.3098
0
VERTEX
8
CUT
10
217.5398
20
83.3674
0
VERTEX
8
CUT
10
217.5130
20
83.4331
0
VERTEX
8
CUT
10
217.4967
20
83.4780
0
VERTEX
8
CUT
10
217.4766
20
83.5404
0
VERTEX
8
CUT
10
217.4629
20
83.5891
0
VERTEX
8
CUT
10
217.4529
20
83.6277
0
VERTEX
8
CUT
10
217.4501
20
83.6398
0
VERTEX
8
CUT
10
217.4476
20
83.6507
0
VERTEX
8
CUT
10
217.0849
20
85.2857
0
VERTEX
8
CUT
10
217.0827
20
85.2963
0
VERTEX
8
CUT
10
217.0812
20
85.3034
0
VERTEX
8
CUT
10
217.0727
20
85.3498
0
VERTEX
8
CUT
10
217.0622
20
85.4176
0
VERTEX
8
CUT
10
217.0537
20
85.4940
0
VERTEX
8
CUT
10
217.0502
20
85.5457
0
VERTEX
8
CUT
10
217.0481
20
85.6166
0
VERTEX
8
CUT
10
217.0487
20
85.6708
0
VERTEX
8
CUT
10
217.0502
20
85.7138
0
VERTEX
8
CUT
10
217.0510
20
85.7272
0
VERTEX
8
CUT
10
217.0517
20
85.7394
0
VERTEX
8
CUT
10
217.1607
20
87.2547
0
VERTEX
8
CUT
10
217.1615
20
87.2657
0
VERTEX
8
CUT
10
217.1621
20
87.2730
0
VERTEX
8
CUT
10
217.1674
20
87.3206
0
VERTEX
8
CUT
10
217.1770
20
87.3897
0
VERTEX
8
CUT
10
217.1910
20
87.4665
0
VERTEX
8
CUT
10
217.2027
20
87.5178
0
VERTEX
8
CUT
10
217.2215
20
87.5873
0
VERTEX
8
CUT
10
217.2380
20
87.6398
0
VERTEX
8
CUT
10
217.2521
20
87.6811
0
VERTEX
8
CUT
10
217.2568
20
87.6940
0
VERTEX
8
CUT
10
217.2611
20
87.7055
0
VERTEX
8
CUT
10
217.8244
20
89.1738
0
VERTEX
8
CUT
10
217.8282
20
89.1834
0
VERTEX
8
CUT
10
217.8307
20
89.1898
0
VERTEX
8
CUT
10
217.8482
20
89.2309
0
VERTEX
8
CUT
10
217.8751
20
89.2900
0
VERTEX
8
CUT
10
217.9080
20
89.3550
0
VERTEX
8
CUT
10
217.9318
20
89.3978
0
VERTEX
8
CUT
10
217.9667
20
89.4552
0
VERTEX
8
CUT
10
217.9952
20
89.4984
0
VERTEX
8
CUT
10
218.0184
20
89.5320
0
VERTEX
8
CUT
10
218.0259
20
89.5423
0
VERTEX
8
CUT
10
218.0327
20
89.5516
0
VERTEX
8
CUT
10
219.0775
20
90.9512
0
VERTEX
8
CUT
10
219.0851
20
90.9613
0
VERTEX
8
CUT
10
219.0921
20
90.9703
0
VERTEX
8
CUT
10
219.1228
20
91.0082
0
VERTEX
8
CUT
10
219.1800
20
91.0747
0
VERTEX
8
CUT
10
219.2048
20
91.1023
0
VERTEX
8
CUT
10
219.2294
20
91.1275
0
VERTEX
8
CUT
10
219.2885
20
91.1854
0
VERTEX
8
CUT
10
219.3244
20
91.2187
0
VERTEX
8
CUT
10
219.3366
20
91.2295
0
VERTEX
8
CUT
10
219.3473
20
91.2387
0
VERTEX
8
CUT
10
220.9088
20
92.5678
0
VERTEX
8
CUT
10
220.9167
20
92.5744
0
VERTEX
8
CUT
10
220.9238
20
92.5804
0
VERTEX
8
CUT
10
220.9551
20
92.6052
0
VERTEX
8
CUT
10
221.0124
20
92.6487
0
VERTEX
8
CUT
10
221.0369
20
92.6667
0
VERTEX
8
CUT
10
221.0609
20
92.6829
0
VERTEX
8
CUT
10
221.1176
20
92.7200
0
VERTEX
8
CUT
10
221.1517
20
92.7412
0
VERTEX
8
CUT
10
221.1632
20
92.7480
0
VERTEX
8
CUT
10
221.1732
20
92.7538
0
VERTEX
8
CUT
10
223.2825
20
93.9653
0
VERTEX
8
CUT
10
223.2953
20
93.9726
0
VERTEX
8
CUT
10
223.3255
20
93.9893
0
VERTEX
8
CUT
10
223.3385
20
93.9963
0
VERTEX
8
CUT
10
223.3544
20
94.0048
0
VERTEX
8
CUT
10
223.3675
20
94.0116
0
VERTEX
8
CUT
10
223.3983
20
94.0273
0
VERTEX
8
CUT
10
223.4115
20
94.0339
0
VERTEX
8
CUT
10
223.4221
20
94.0391
0
VERTEX
8
CUT
10
223.4354
20
94.0455
0
VERTEX
8
CUT
10
223.4666
20
94.0602
0
VERTEX
8
CUT
10
223.4801
20
94.0664
0
VERTEX
8
CUT
10
223.4965
20
94.0738
0
VERTEX
8
CUT
10
223.5100
20
94.0797
0
VERTEX
8
CUT
10
223.5417
20
94.0933
0
VERTEX
8
CUT
10
223.5553
20
94.0991
0
VERTEX
8
CUT
10
225.7163
20
94.9873
0
VERTEX
8
CUT
10
225.7279
20
94.9920
0
VERTEX
8
CUT
10
225.7552
20
95.0027
0
VERTEX
8
CUT
10
225.7669
20
95.0073
0
VERTEX
8
CUT
10
225.7812
20
95.0127
0
VERTEX
8
CUT
10
225.7930
20
95.0170
0
VERTEX
8
CUT
10
225.8205
20
95.0270
0
VERTEX
8
CUT
10
225.8323
20
95.0312
0
VERTEX
8
CUT
10
225.8418
20
95.0345
0
VERTEX
8
CUT
10
225.8537
20
95.0386
0
VERTEX
8
CUT
10
225.8815
20
95.0478
0
VERTEX
8
CUT
10
225.8935
20
95.0517
0
VERTEX
8
CUT
10
225.9081
20
95.0563
0
VERTEX
8
CUT
10
225.9201
20
95.0600
0
VERTEX
8
CUT
10
225.9481
20
95.0684
0
VERTEX
8
CUT
10
225.9602
20
95.0720
0
VERTEX
8
CUT
10
236.8690
20
98.1899
0
VERTEX
8
CUT
10
236.8739
20
98.1913
0
VERTEX
8
CUT
10
236.9079
20
98.2013
0
VERTEX
8
CUT
10
236.9132
20
98.2029
0
VERTEX
8
CUT
10
236.9555
20
98.2158
0
VERTEX
8
CUT
10
236.9606
20
98.2174
0
VERTEX
8
CUT
10
236.9939
20
98.2279
0
VERTEX
8
CUT
10
236.9994
20
98.2296
0
VERTEX
8
CUT
10
238.9204
20
98.8545
0
VERTEX
8
CUT
10
238.9326
20
98.8586
0
VERTEX
8
CUT
10
239.0111
20
98.8860
0
VERTEX
8
CUT
10
239.0232
20
98.8903
0
VERTEX
8
CUT
10
239.1211
20
98.9269
0
VERTEX
8
CUT
10
239.1331
20
98.9315
0
VERTEX
8
CUT
10
239.2104
20
98.9623
0
VERTEX
8
CUT
10
239.2222
20
98.9671
0
VERTEX
8
CUT
10
242.4448
20
100.3291
0
VERTEX
8
CUT
10
242.4549
20
100.3335
0
VERTEX
8
CUT
10
242.5249
20
100.3646
0
VERTEX
8
CUT
10
242.5353
20
100.3693
0
VERTEX
8
CUT
10
242.5808
20
100.3906
0
VERTEX
8
CUT
10
242.6025
20
100.4013
0
VERTEX
8
CUT
10
242.7365
20
100.4706
0
VERTEX
8
CUT
10
242.7570
20
100.4817
0
VERTEX
8
CUT
10
242.7921
20
100.5016
0
VERTEX
8
CUT
10
242.8016
20
100.5071
0
VERTEX
8
CUT
10
242.8667
20
100.5457
0
VERTEX
8
CUT
10
242.8772
20
100.5521
0
VERTEX
8
CUT
10
245.2837
20
102.0445
0
VERTEX
8
CUT
10
245.2945
20
102.0513
0
VERTEX
8
CUT
10
245.3643
20
102.0967
0
VERTEX
8
CUT
10
245.3750
20
102.1038
0
VERTEX
8
CUT
10
245.4163
20
102.1320
0
VERTEX
8
CUT
10
245.4372
20
102.1468
0
VERTEX
8
CUT
10
245.5706
20
102.2463
0
VERTEX
8
CUT
10
245.5908
20
102.2620
0
VERTEX
8
CUT
10
245.6296
20
102.2936
0
VERTEX
8
CUT
10
245.6395
20
102.3018
0
VERTEX
8
CUT
10
245.7029
20
102.3557
0
VERTEX
8
CUT
10
245.7126
20
102.3641
0
VERTEX
8
CUT
10
247.6632
20
104.0954
0
VERTEX
8
CUT
10
247.6739
20
104.1052
0
VERTEX
8
CUT
10
247.7428
20
104.1694
0
VERTEX
8
CUT
10
247.7533
20
104.1794
0
VERTEX
8
CUT
10
247.7938
20
104.2190
0
VERTEX
8
CUT
10
247.8140
20
104.2398
0
VERTEX
8
CUT
10
247.9422
20
104.3779
0
VERTEX
8
CUT
10
247.9614
20
104.3996
0
VERTEX
8
CUT
10
247.9979
20
104.4429
0
VERTEX
8
CUT
10
248.0071
20
104.4541
0
VERTEX
8
CUT
10
248.0660
20
104.5277
0
VERTEX
8
CUT
10
248.0750
20
104.5391
0
VERTEX
8
CUT
10
249.3080
20
106.1559
0
VERTEX
8
CUT
10
249.3162
20
106.1669
0
VERTEX
8
CUT
10
249.3682
20
106.2384
0
VERTEX
8
CUT
10
249.3761
20
106.2495
0
VERTEX
8
CUT
10
249.4064
20
106.2933
0
VERTEX
8
CUT
10
249.4214
20
106.3160
0
VERTEX
8
CUT
10
249.5143
20
106.4638
0
VERTEX
8
CUT
10
249.5411
20
106.5112
0
VERTEX
8
CUT
10
249.6202
20
106.6669
0
VERTEX
8
CUT
10
249.6319
20
106.6914
0
VERTEX
8
CUT
10
249.6539
20
106.7399
0
VERTEX
8
CUT
10
249.6593
20
106.7524
0
VERTEX
8
CUT
10
249.6939
20
106.8339
0
VERTEX
8
CUT
10
249.6991
20
106.8465
0
VERTEX
8
CUT
10
250.3498
20
108.4796
0
VERTEX
8
CUT
10
250.3546
20
108.4922
0
VERTEX
8
CUT
10
250.3853
20
108.5745
0
VERTEX
8
CUT
10
250.3899
20
108.5872
0
VERTEX
8
CUT
10
250.4072
20
108.6371
0
VERTEX
8
CUT
10
250.4155
20
108.6628
0
VERTEX
8
CUT
10
250.4649
20
108.8288
0
VERTEX
8
CUT
10
250.4779
20
108.8813
0
VERTEX
8
CUT
10
250.5121
20
109.0511
0
VERTEX
8
CUT
10
250.5169
20
109.0777
0
VERTEX
8
CUT
10
250.5250
20
109.1299
0
VERTEX
8
CUT
10
250.5269
20
109.1432
0
VERTEX
8
CUT
10
250.5384
20
109.2303
0
VERTEX
8
CUT
10
250.5400
20
109.2437
0
VERTEX
8
CUT
10
250.7548
20
111.2091
0
VERTEX
8
CUT
10
250.7563
20
111.2246
0
VERTEX
8
CUT
10
250.7647
20
111.3256
0
VERTEX
8
CUT
10
250.7658
20
111.3411
0
VERTEX
8
CUT
10
250.7693
20
111.4018
0
VERTEX
8
CUT
10
250.7702
20
111.4330
0
VERTEX
8
CUT
10
250.7712
20
111.6354
0
VERTEX
8
CUT
10
250.7706
20
111.6666
0
VERTEX
8
CUT
10
250.7677
20
111.7274
0
VERTEX
8
CUT
10
250.7668
20
111.7429
0
VERTEX
8
CUT
10
250.7594
20
111.8439
0
VERTEX
8
CUT
10
250.7581
20
111.8595
0
VERTEX
8
CUT
10
250.6689
20
112.7581
0
VERTEX
8
CUT
10
250.6670
20
112.7746
0
VERTEX
8
CUT
10
250.6534
20
112.8817
0
VERTEX
8
CUT
10
250.6510
20
112.8981
0
VERTEX
8
CUT
10
250.6411
20
112.9622
0
VERTEX
8
CUT
10
250.6351
20
112.9948
0
VERTEX
8
CUT
10
250.5902
20
113.2058
0
VERTEX
8
CUT
10
250.5824
20
113.2381
0
VERTEX
8
CUT
10
250.5654
20
113.3006
0
VERTEX
8
CUT
10
250.5608
20
113.3166
0
VERTEX
8
CUT
10
250.5297
20
113.4199
0
VERTEX
8
CUT
10
250.5247
20
113.4358
0
VERTEX
8
CUT
10
250.3112
20
114.0790
0
VERTEX
8
CUT
10
250.3066
20
114.0924
0
VERTEX
8
CUT
10
250.2756
20
114.1789
0
VERTEX
8
CUT
10
250.2707
20
114.1921
0
VERTEX
8
CUT
10
250.2509
20
114.2436
0
VERTEX
8
CUT
10
250.2401
20
114.2698
0
VERTEX
8
CUT
10
250.1671
20
114.4356
0
VERTEX
8
CUT
10
250.1420
20
114.4862
0
VERTEX
8
CUT
10
250.0537
20
114.6444
0
VERTEX
8
CUT
10
250.0394
20
114.6687
0
VERTEX
8
CUT
10
250.0102
20
114.7156
0
VERTEX
8
CUT
10
250.0026
20
114.7275
0
VERTEX
8
CUT
10
249.9523
20
114.8044
0
VERTEX
8
CUT
10
249.9445
20
114.8161
0
VERTEX
8
CUT
10
249.0316
20
116.1417
0
VERTEX
8
CUT
10
249.0216
20
116.1557
0
VERTEX
8
CUT
10
248.9556
20
116.2459
0
VERTEX
8
CUT
10
248.9453
20
116.2597
0
VERTEX
8
CUT
10
248.9041
20
116.3127
0
VERTEX
8
CUT
10
248.8823
20
116.3392
0
VERTEX
8
CUT
10
248.7353
20
116.5075
0
VERTEX
8
CUT
10
248.7120
20
116.5327
0
VERTEX
8
CUT
10
248.6650
20
116.5807
0
VERTEX
8
CUT
10
248.6528
20
116.5928
0
VERTEX
8
CUT
10
248.5723
20
116.6704
0
VERTEX
8
CUT
10
248.5598
20
116.6821
0
VERTEX
8
CUT
10
247.3745
20
117.7609
0
VERTEX
8
CUT
10
247.3647
20
117.7696
0
VERTEX
8
CUT
10
247.3002
20
117.8258
0
VERTEX
8
CUT
10
247.2901
20
117.8344
0
VERTEX
8
CUT
10
247.2506
20
117.8673
0
VERTEX
8
CUT
10
247.2300
20
117.8837
0
VERTEX
8
CUT
10
247.0957
20
117.9859
0
VERTEX
8
CUT
10
247.0525
20
118.0159
0
VERTEX
8
CUT
10
246.9097
20
118.1060
0
VERTEX
8
CUT
10
246.8871
20
118.1196
0
VERTEX
8
CUT
10
246.8425
20
118.1451
0
VERTEX
8
CUT
10
246.8310
20
118.1515
0
VERTEX
8
CUT
10
246.7558
20
118.1923
0
VERTEX
8
CUT
10
246.7441
20
118.1984
0
VERTEX
8
CUT
10
245.3957
20
118.8920
0
VERTEX
8
CUT
10
245.3802
20
118.8997
0
VERTEX
8
CUT
10
245.2787
20
118.9482
0
VERTEX
8
CUT
10
245.2630
20
118.9555
0
VERTEX
8
CUT
10
245.2013
20
118.9828
0
VERTEX
8
CUT
10
245.1692
20
118.9960
0
VERTEX
8
CUT
10
244.9588
20
119.0751
0
VERTEX
8
CUT
10
244.9261
20
119.0863
0
VERTEX
8
CUT
10
244.8616
20
119.1064
0
VERTEX
8
CUT
10
244.8450
20
119.1113
0
VERTEX
8
CUT
10
244.7367
20
119.1417
0
VERTEX
8
CUT
10
244.7199
20
119.1461
0
VERTEX
8
CUT
10
242.9111
20
119.5969
0
VERTEX
8
CUT
10
242.8974
20
119.6001
0
VERTEX
8
CUT
10
242.8084
20
119.6201
0
VERTEX
8
CUT
10
242.7946
20
119.6230
0
VERTEX
8
CUT
10
242.7409
20
119.6338
0
VERTEX
8
CUT
10
242.7132
20
119.6386
0
VERTEX
8
CUT
10
242.5328
20
119.6660
0
VERTEX
8
CUT
10
242.5049
20
119.6696
0
VERTEX
8
CUT
10
242.4504
20
119.6752
0
VERTEX
8
CUT
10
242.4364
20
119.6765
0
VERTEX
8
CUT
10
242.3454
20
119.6839
0
VERTEX
8
CUT
10
242.3314
20
119.6848
0
VERTEX
8
CUT
10
236.1387
20
120.0380
0
VERTEX
8
CUT
10
236.1318
20
120.0384
0
VERTEX
8
CUT
10
236.1159
20
120.0394
0
VERTEX
8
CUT
10
236.1131
20
120.0396
0
VERTEX
8
CUT
10
236.0840
20
120.0421
0
VERTEX
8
CUT
10
236.0288
20
120.0478
0
VERTEX
8
CUT
10
235.9687
20
120.0560
0
VERTEX
8
CUT
10
235.8966
20
120.0683
0
VERTEX
8
CUT
10
235.8635
20
120.0746
0
VERTEX
8
CUT
10
233.2479
20
120.6236
0
VERTEX
8
CUT
10
233.2408
20
120.6251
0
VERTEX
8
CUT
10
233.2244
20
120.6287
0
VERTEX
8
CUT
10
233.2216
20
120.6293
0
VERTEX
8
CUT
10
233.1921
20
120.6364
0
VERTEX
8
CUT
10
233.1358
20
120.6510
0
VERTEX
8
CUT
10
233.0753
20
120.6691
0
VERTEX
8
CUT
10
233.0029
20
120.6934
0
VERTEX
8
CUT
10
232.9698
20
120.7052
0
VERTEX
8
CUT
10
232.0291
20
121.0630
0
VERTEX
8
CUT
10
232.0184
20
121.0671
0
VERTEX
8
CUT
10
232.0087
20
121.0710
0
VERTEX
8
CUT
10
231.9680
20
121.0882
0
VERTEX
8
CUT
10
231.8962
20
121.1207
0
VERTEX
8
CUT
10
231.8661
20
121.1351
0
VERTEX
8
CUT
10
231.8379
20
121.1499
0
VERTEX
8
CUT
10
231.7726
20
121.1858
0
VERTEX
8
CUT
10
231.7345
20
121.2080
0
VERTEX
8
CUT
10
231.7220
20
121.2157
0
VERTEX
8
CUT
10
231.7112
20
121.2224
0
VERTEX
8
CUT
10
230.0521
20
122.2761
0
VERTEX
8
CUT
10
230.0431
20
122.2819
0
VERTEX
8
CUT
10
230.0372
20
122.2857
0
VERTEX
8
CUT
10
229.9991
20
122.3120
0
VERTEX
8
CUT
10
229.9447
20
122.3515
0
VERTEX
8
CUT
10
229.8858
20
122.3983
0
VERTEX
8
CUT
10
229.8474
20
122.4315
0
VERTEX
8
CUT
10
229.7966
20
122.4790
0
VERTEX
8
CUT
10
229.7590
20
122.5169
0
VERTEX
8
CUT
10
229.7301
20
122.5475
0
VERTEX
8
CUT
10
229.7212
20
122.5573
0
VERTEX
8
CUT
10
229.7133
20
122.5662
0
VERTEX
8
CUT
10
228.2756
20
124.2032
0
VERTEX
8
CUT
10
228.2298
20
124.2608
0
VERTEX
8
CUT
10
228.1511
20
124.3685
0
VERTEX
8
CUT
10
228.1002
20
124.4464
0
VERTEX
8
CUT
10
228.0850
20
124.4724
0
VERTEX
8
CUT
10
228.0672
20
124.5044
0
VERTEX
8
CUT
10
228.0620
20
124.5144
0
VERTEX
8
CUT
10
228.0572
20
124.5235
0
VERTEX
8
CUT
10
227.5685
20
125.4733
0
VERTEX
8
CUT
10
227.5636
20
125.4829
0
VERTEX
8
CUT
10
227.5593
20
125.4916
0
VERTEX
8
CUT
10
227.5416
20
125.5293
0
VERTEX
8
CUT
10
227.5112
20
125.5977
0
VERTEX
8
CUT
10
227.4990
20
125.6269
0
VERTEX
8
CUT
10
227.4883
20
125.6551
0
VERTEX
8
CUT
10
227.4645
20
125.7215
0
VERTEX
8
CUT
10
227.4514
20
125.7611
0
VERTEX
8
CUT
10
227.4473
20
125.7745
0
VERTEX
8
CUT
10
227.4439
20
125.7860
0
VERTEX
8
CUT
10
227.1484
20
126.7989
0
VERTEX
8
CUT
10
227.1455
20
126.8089
0
VERTEX
8
CUT
10
227.1430
20
126.8180
0
VERTEX
8
CUT
10
227.1330
20
126.8572
0
VERTEX
8
CUT
10
227.1166
20
126.9281
0
VERTEX
8
CUT
10
227.1102
20
126.9582
0
VERTEX
8
CUT
10
227.1052
20
126.9870
0
VERTEX
8
CUT
10
227.0945
20
127.0548
0
VERTEX
8
CUT
10
227.0891
20
127.0950
0
VERTEX
8
CUT
10
227.0876
20
127.1084
0
VERTEX
8
CUT
10
227.0864
20
127.1201
0
VERTEX
8
CUT
10
226.9785
20
128.2191
0
VERTEX
8
CUT
10
226.9776
20
128.2286
0
VERTEX
8
CUT
10
226.9769
20
128.2373
0
VERTEX
8
CUT
10
226.9744
20
128.2744
0
VERTEX
8
CUT
10
226.9714
20
128.3413
0
VERTEX
8
CUT
10
226.9705
20
128.3696
0
VERTEX
8
CUT
10
226.9706
20
128.3965
0
VERTEX
8
CUT
10
226.9719
20
128.4596
0
VERTEX
8
CUT
10
226.9734
20
128.4969
0
VERTEX
8
CUT
10
226.9742
20
128.5093
0
VERTEX
8
CUT
10
226.9749
20
128.5201
0
VERTEX
8
CUT
10
227.0584
20
129.6586
0
VERTEX
8
CUT
10
227.0593
20
129.6697
0
VERTEX
8
CUT
10
227.0601
20
129.6797
0
VERTEX
8
CUT
10
227.0649
20
129.7227
0
VERTEX
8
CUT
10
227.0752
20
129.7997
0
VERTEX
8
CUT
10
227.0802
20
129.8322
0
VERTEX
8
CUT
10
227.0862
20
129.8629
0
VERTEX
8
CUT
10
227.1015
20
129.9346
0
VERTEX
8
CUT
10
227.1115
20
129.9767
0
VERTEX
8
CUT
10
227.1152
20
129.9907
0
VERTEX
8
CUT
10
227.1185
20
130.0028
0
VERTEX
8
CUT
10
227.9416
20
132.9551
0
VERTEX
8
CUT
10
227.9436
20
132.9619
0
VERTEX
8
CUT
10
227.9481
20
132.9778
0
VERTEX
8
CUT
10
227.9489
20
132.9805
0
VERTEX
8
CUT
10
227.9578
20
133.0092
0
VERTEX
8
CUT
10
227.9758
20
133.0636
0
VERTEX
8
CUT
10
227.9973
20
133.1221
0
VERTEX
8
CUT
10
228.0258
20
133.1918
0
VERTEX
8
CUT
10
228.0395
20
133.2237
0
VERTEX
8
CUT
10
228.7091
20
134.6983
0
VERTEX
8
CUT
10
228.7154
20
134.7117
0
VERTEX
8
CUT
10
228.7302
20
134.7429
0
VERTEX
8
CUT
10
228.7366
20
134.7563
0
VERTEX
8
CUT
10
228.7444
20
134.7720
0
VERTEX
8
CUT
10
228.7510
20
134.7851
0
VERTEX
8
CUT
10
228.7666
20
134.8154
0
VERTEX
8
CUT
10
228.7734
20
134.8284
0
VERTEX
8
CUT
10
228.7790
20
134.8388
0
VERTEX
8
CUT
10
228.7860
20
134.8517
0
VERTEX
8
CUT
10
228.8027
20
134.8816
0
VERTEX
8
CUT
10
228.8099
20
134.8944
0
VERTEX
8
CUT
10
228.8189
20
134.9098
0
VERTEX
8
CUT
10
228.8263
20
134.9225
0
VERTEX
8
CUT
10
228.8440
20
134.9519
0
VERTEX
8
CUT
10
228.8516
20
134.9644
0
VERTEX
8
CUT
10
229.6717
20
136.2814
0
VERTEX
8
CUT
10
229.6803
20
136.2950
0
VERTEX
8
CUT
10
229.7007
20
136.3265
0
VERTEX
8
CUT
10
229.7095
20
136.3399
0
VERTEX
8
CUT
10
229.7204
20
136.3561
0
VERTEX
8
CUT
10
229.7295
20
136.3694
0
VERTEX
8
CUT
10
229.7510
20
136.4001
0
VERTEX
8
CUT
10
229.7604
20
136.4132
0
VERTEX
8
CUT
10
229.7679
20
136.4236
0
VERTEX
8
CUT
10
229.7775
20
136.4365
0
VERTEX
8
CUT
10
229.8000
20
136.4664
0
VERTEX
8
CUT
10
229.8098
20
136.4792
0
VERTEX
8
CUT
10
229.8219
20
136.4946
0
VERTEX
8
CUT
10
229.8319
20
136.5072
0
VERTEX
8
CUT
10
229.8556
20
136.5363
0
VERTEX
8
CUT
10
229.8658
20
136.5486
0
VERTEX
8
CUT
10
231.1226
20
138.0416
0
VERTEX
8
CUT
10
231.1295
20
138.0497
0
VERTEX
8
CUT
10
231.1457
20
138.0685
0
VERTEX
8
CUT
10
231.1527
20
138.0765
0
VERTEX
8
CUT
10
231.1613
20
138.0863
0
VERTEX
8
CUT
10
231.1684
20
138.0942
0
VERTEX
8
CUT
10
231.1851
20
138.1127
0
VERTEX
8
CUT
10
231.1923
20
138.1205
0
VERTEX
8
CUT
10
231.1981
20
138.1268
0
VERTEX
8
CUT
10
231.2054
20
138.1346
0
VERTEX
8
CUT
10
231.2225
20
138.1526
0
VERTEX
8
CUT
10
231.2298
20
138.1603
0
VERTEX
8
CUT
10
231.2389
20
138.1696
0
VERTEX
8
CUT
10
231.2463
20
138.1772
0
VERTEX
8
CUT
10
231.2639
20
138.1948
0
VERTEX
8
CUT
10
231.2714
20
138.2023
0
VERTEX
8
CUT
10
234.2487
20
141.1267
0
VERTEX
8
CUT
10
234.2595
20
141.1371
0
VERTEX
8
CUT
10
234.2847
20
141.1612
0
VERTEX
8
CUT
10
234.2957
20
141.1714
0
VERTEX
8
CUT
10
234.3091
20
141.1837
0
VERTEX
8
CUT
10
234.3202
20
141.1937
0
VERTEX
8
CUT
10
234.3463
20
141.2169
0
VERTEX
8
CUT
10
234.3575
20
141.2268
0
VERTEX
8
CUT
10
234.3666
20
141.2346
0
VERTEX
8
CUT
10
234.3780
20
141.2442
0
VERTEX
8
CUT
10
234.4049
20
141.2665
0
VERTEX
8
CUT
10
234.4165
20
141.2760
0
VERTEX
8
CUT
10
234.4307
20
141.2874
0
VERTEX
8
CUT
10
234.4424
20
141.2967
0
VERTEX
8
CUT
10
234.4700
20
141.3181
0
VERTEX
8
CUT
10
234.4819
20
141.3271
0
VERTEX
8
CUT
10
238.4441
20
144.2988
0
VERTEX
8
CUT
10
238.4545
20
144.3065
0
VERTEX
8
CUT
10
238.4789
20
144.3243
0
VERTEX
8
CUT
10
238.4895
20
144.3318
0
VERTEX
8
CUT
10
238.5024
20
144.3410
0
VERTEX
8
CUT
10
238.5130
20
144.3483
0
VERTEX
8
CUT
10
238.5379
20
144.3654
0
VERTEX
8
CUT
10
238.5486
20
144.3726
0
VERTEX
8
CUT
10
238.5573
20
144.3784
0
VERTEX
8
CUT
10
238.5681
20
144.3855
0
VERTEX
8
CUT
10
238.5935
20
144.4018
0
VERTEX
8
CUT
10
238.6045
20
144.4087
0
VERTEX
8
CUT
10
238.6179
20
144.4171
0
VERTEX
8
CUT
10
238.6289
20
144.4238
0
VERTEX
8
CUT
10
238.6547
20
144.4394
0
VERTEX
8
CUT
10
238.6659
20
144.4460
0
VERTEX
8
CUT
10
241.0612
20
145.8446
0
VERTEX
8
CUT
10
241.0674
20
145.8481
0
VERTEX
8
CUT
10
241.0818
20
145.8564
0
VERTEX
8
CUT
10
241.0879
20
145.8599
0
VERTEX
8
CUT
10
241.1030
20
145.8684
0
VERTEX
8
CUT
10
241.1105
20
145.8726
0
VERTEX
8
CUT
10
241.1282
20
145.8823
0
VERTEX
8
CUT
10
241.1358
20
145.8864
0
VERTEX
8
CUT
10
241.1420
20
145.8898
0
VERTEX
8
CUT
10
241.1498
20
145.8939
0
VERTEX
8
CUT
10
241.1680
20
145.9035
0
VERTEX
8
CUT
10
241.1759
20
145.9075
0
VERTEX
8
CUT
10
241.1796
20
145.9094
0
VERTEX
8
CUT
10
241.1888
20
145.9141
0
VERTEX
8
CUT
10
241.2104
20
145.9249
0
VERTEX
8
CUT
10
241.2197
20
145.9295
0
VERTEX
8
CUT
10
247.7622
20
149.0965
0
VERTEX
8
CUT
10
247.7666
20
149.0986
0
VERTEX
8
CUT
10
247.7770
20
149.1036
0
VERTEX
8
CUT
10
247.7814
20
149.1057
0
VERTEX
8
CUT
10
247.7921
20
149.1107
0
VERTEX
8
CUT
10
247.7975
20
149.1132
0
VERTEX
8
CUT
10
247.8101
20
149.1191
0
VERTEX
8
CUT
10
247.8155
20
149.1216
0
VERTEX
8
CUT
10
247.8200
20
149.1236
0
VERTEX
8
CUT
10
247.8255
20
149.1261
0
VERTEX
8
CUT
10
247.8384
20
149.1318
0
VERTEX
8
CUT
10
247.8433
20
149.1340
0
VERTEX
8
CUT
10
247.8535
20
149.1384
0
VERTEX
8
CUT
10
247.8685
20
149.1449
0
VERTEX
8
CUT
10
247.8750
20
149.1476
0
VERTEX
8
CUT
10
262.2490
20
155.1792
0
VERTEX
8
CUT
10
262.2551
20
155.1818
0
VERTEX
8
CUT
10
262.2972
20
155.2000
0
VERTEX
8
CUT
10
262.3037
20
155.2029
0
VERTEX
8
CUT
10
262.3560
20
155.2262
0
VERTEX
8
CUT
10
262.3624
20
155.2291
0
VERTEX
8
CUT
10
262.4035
20
155.2481
0
VERTEX
8
CUT
10
262.4102
20
155.2512
0
VERTEX
8
CUT
10
266.6535
20
157.2700
0
VERTEX
8
CUT
10
266.6619
20
157.2741
0
VERTEX
8
CUT
10
266.7203
20
157.3030
0
VERTEX
8
CUT
10
266.7293
20
157.3075
0
VERTEX
8
CUT
10
266.8015
20
157.3448
0
VERTEX
8
CUT
10
266.8102
20
157.3494
0
VERTEX
8
CUT
10
266.8668
20
157.3798
0
VERTEX
8
CUT
10
266.8761
20
157.3848
0
VERTEX
8
CUT
10
270.4089
20
159.3630
0
VERTEX
8
CUT
10
270.4182
20
159.3683
0
VERTEX
8
CUT
10
270.4820
20
159.4055
0
VERTEX
8
CUT
10
270.4918
20
159.4113
0
VERTEX
8
CUT
10
270.5705
20
159.4593
0
VERTEX
8
CUT
10
270.5799
20
159.4652
0
VERTEX
8
CUT
10
270.6414
20
159.5042
0
VERTEX
8
CUT
10
270.6514
20
159.5107
0
VERTEX
8
CUT
10
273.5389
20
161.4259
0
VERTEX
8
CUT
10
273.5524
20
161.4352
0
VERTEX
8
CUT
10
273.6397
20
161.4965
0
VERTEX
8
CUT
10
273.6530
20
161.5062
0
VERTEX
8
CUT
10
273.7603
20
161.5862
0
VERTEX
8
CUT
10
273.7733
20
161.5961
0
VERTEX
8
CUT
10
273.8571
20
161.6622
0
VERTEX
8
CUT
10
273.8698
20
161.6725
0
VERTEX
8
CUT
10
276.1157
20
163.5455
0
VERTEX
8
CUT
10
276.1294
20
163.5573
0
VERTEX
8
CUT
10
276.2179
20
163.6358
0
VERTEX
8
CUT
10
276.2313
20
163.6480
0
VERTEX
8
CUT
10
276.3393
20
163.7498
0
VERTEX
8
CUT
10
276.3523
20
163.7625
0
VERTEX
8
CUT
10
276.4358
20
163.8461
0
VERTEX
8
CUT
10
276.4485
20
163.8592
0
VERTEX
8
CUT
10
278.1647
20
165.6852
0
VERTEX
8
CUT
10
278.1733
20
165.6945
0
VERTEX
8
CUT
10
278.2284
20
165.7557
0
VERTEX
8
CUT
10
278.2368
20
165.7652
0
VERTEX
8
CUT
10
278.2691
20
165.8027
0
VERTEX
8
CUT
10
278.2853
20
165.8222
0
VERTEX
8
CUT
10
278.3875
20
165.9512
0
VERTEX
8
CUT
10
278.4028
20
165.9714
0
VERTEX
8
CUT
10
278.4319
20
166.0115
0
VERTEX
8
CUT
10
278.4392
20
166.0218
0
VERTEX
8
CUT
10
278.4862
20
166.0894
0
VERTEX
8
CUT
10
278.4933
20
166.0999
0
VERTEX
8
CUT
10
279.7041
20
167.9260
0
VERTEX
8
CUT
10
279.7110
20
167.9368
0
VERTEX
8
CUT
10
279.7556
20
168.0073
0
VERTEX
8
CUT
10
279.7624
20
168.0182
0
VERTEX
8
CUT
10
279.7883
20
168.0612
0
VERTEX
8
CUT
10
279.8011
20
168.0834
0
VERTEX
8
CUT
10
279.8810
20
168.2298
0
VERTEX
8
CUT
10
279.8929
20
168.2526
0
VERTEX
8
CUT
10
279.9150
20
168.2976
0
VERTEX
8
CUT
10
279.9205
20
168.3092
0
VERTEX
8
CUT
10
279.9558
20
168.3849
0
VERTEX
8
CUT
10
279.9611
20
168.3966
0
VERTEX
8
CUT
10
280.7984
20
170.3007
0
VERTEX
8
CUT
10
280.8036
20
170.3127
0
VERTEX
8
CUT
10
280.8361
20
170.3913
0
VERTEX
8
CUT
10
280.8410
20
170.4034
0
VERTEX
8
CUT
10
280.8595
20
170.4511
0
VERTEX
8
CUT
10
280.8684
20
170.4757
0
VERTEX
8
CUT
10
280.9231
20
170.6367
0
VERTEX
8
CUT
10
280.9309
20
170.6616
0
VERTEX
8
CUT
10
280.9452
20
170.7107
0
VERTEX
8
CUT
10
280.9487
20
170.7233
0
VERTEX
8
CUT
10
280.9707
20
170.8055
0
VERTEX
8
CUT
10
280.9740
20
170.8182
0
VERTEX
8
CUT
10
281.0939
20
171.3084
0
VERTEX
8
CUT
10
281.0979
20
171.3258
0
VERTEX
8
CUT
10
281.1221
20
171.4397
0
VERTEX
8
CUT
10
281.1256
20
171.4573
0
VERTEX
8
CUT
10
281.1518
20
171.6011
0
VERTEX
8
CUT
10
281.1547
20
171.6188
0
VERTEX
8
CUT
10
281.1722
20
171.7339
0
VERTEX
8
CUT
10
281.1746
20
171.7517
0
VERTEX
8
CUT
10
281.3711
20
173.3766
0
VERTEX
8
CUT
10
281.3727
20
173.3915
0
VERTEX
8
CUT
10
281.3820
20
173.4882
0
VERTEX
8
CUT
10
281.3832
20
173.5031
0
VERTEX
8
CUT
10
281.3873
20
173.5614
0
VERTEX
8
CUT
10
281.3887
20
173.5913
0
VERTEX
8
CUT
10
281.3927
20
173.7855
0
VERTEX
8
CUT
10
281.3926
20
173.8155
0
VERTEX
8
CUT
10
281.3909
20
173.8738
0
VERTEX
8
CUT
10
281.3903
20
173.8888
0
VERTEX
8
CUT
10
281.3850
20
173.9858
0
VERTEX
8
CUT
10
281.3840
20
174.0008
0
VERTEX
8
CUT
10
281.1772
20
176.6112
0
VERTEX
8
CUT
10
281.1761
20
176.6235
0
VERTEX
8
CUT
10
281.1680
20
176.7037
0
VERTEX
8
CUT
10
281.1667
20
176.7161
0
VERTEX
8
CUT
10
281.1608
20
176.7642
0
VERTEX
8
CUT
10
281.1574
20
176.7888
0
VERTEX
8
CUT
10
281.1317
20
176.9457
0
VERTEX
8
CUT
10
281.1217
20
176.9943
0
VERTEX
8
CUT
10
281.0833
20
177.1486
0
VERTEX
8
CUT
10
281.0768
20
177.1725
0
VERTEX
8
CUT
10
281.0631
20
177.2190
0
VERTEX
8
CUT
10
281.0595
20
177.2309
0
VERTEX
8
CUT
10
281.0351
20
177.3077
0
VERTEX
8
CUT
10
281.0313
20
177.3195
0
VERTEX
8
CUT
10
280.6295
20
178.5035
0
VERTEX
8
CUT
10
280.6246
20
178.5174
0
VERTEX
8
CUT
10
280.5915
20
178.6076
0
VERTEX
8
CUT
10
280.5863
20
178.6214
0
VERTEX
8
CUT
10
280.5651
20
178.6750
0
VERTEX
8
CUT
10
280.5535
20
178.7022
0
VERTEX
8
CUT
10
280.4743
20
178.8770
0
VERTEX
8
CUT
10
280.4614
20
178.9036
0
VERTEX
8
CUT
10
280.4351
20
178.9549
0
VERTEX
8
CUT
10
280.4281
20
178.9680
0
VERTEX
8
CUT
10
280.3821
20
179.0522
0
VERTEX
8
CUT
10
280.3749
20
179.0651
0
VERTEX
8
CUT
10
279.6460
20
180.3261
0
VERTEX
8
CUT
10
279.6389
20
180.3381
0
VERTEX
8
CUT
10
279.5919
20
180.4151
0
VERTEX
8
CUT
10
279.5846
20
180.4269
0
VERTEX
8
CUT
10
279.5553
20
180.4726
0
VERTEX
8
CUT
10
279.5398
20
180.4956
0
VERTEX
8
CUT
10
279.4354
20
180.6427
0
VERTEX
8
CUT
10
279.4189
20
180.6650
0
VERTEX
8
CUT
10
279.3855
20
180.7077
0
VERTEX
8
CUT
10
279.3768
20
180.7186
0
VERTEX
8
CUT
10
279.3196
20
180.7884
0
VERTEX
8
CUT
10
279.3107
20
180.7990
0
VERTEX
8
CUT
10
278.4298
20
181.8256
0
VERTEX
8
CUT
10
278.4217
20
181.8347
0
VERTEX
8
CUT
10
278.3690
20
181.8937
0
VERTEX
8
CUT
10
278.3607
20
181.9027
0
VERTEX
8
CUT
10
278.3283
20
181.9376
0
VERTEX
8
CUT
10
278.3113
20
181.9550
0
VERTEX
8
CUT
10
278.1989
20
182.0664
0
VERTEX
8
CUT
10
278.1812
20
182.0832
0
VERTEX
8
CUT
10
278.1460
20
182.1153
0
VERTEX
8
CUT
10
278.1370
20
182.1234
0
VERTEX
8
CUT
10
278.0774
20
182.1756
0
VERTEX
8
CUT
10
278.0682
20
182.1835
0
VERTEX
8
CUT
10
277.0165
20
183.0678
0
VERTEX
8
CUT
10
277.0069
20
183.0757
0
VERTEX
8
CUT
10
276.9439
20
183.1265
0
VERTEX
8
CUT
10
276.9341
20
183.1342
0
VERTEX
8
CUT
10
276.8956
20
183.1639
0
VERTEX
8
CUT
10
276.8756
20
183.1787
0
VERTEX
8
CUT
10
276.7436
20
183.2722
0
VERTEX
8
CUT
10
276.7230
20
183.2861
0
VERTEX
8
CUT
10
276.6821
20
183.3126
0
VERTEX
8
CUT
10
276.6716
20
183.3192
0
VERTEX
8
CUT
10
276.6028
20
183.3618
0
VERTEX
8
CUT
10
276.5921
20
183.3682
0
VERTEX
8
CUT
10
275.3810
20
184.0830
0
VERTEX
8
CUT
10
275.3694
20
184.0897
0
VERTEX
8
CUT
10
275.2938
20
184.1321
0
VERTEX
8
CUT
10
275.2821
20
184.1385
0
VERTEX
8
CUT
10
275.2360
20
184.1629
0
VERTEX
8
CUT
10
275.2122
20
184.1749
0
VERTEX
8
CUT
10
275.0557
20
184.2494
0
VERTEX
8
CUT
10
275.0314
20
184.2603
0
VERTEX
8
CUT
10
274.9834
20
184.2806
0
VERTEX
8
CUT
10
274.9710
20
184.2857
0
VERTEX
8
CUT
10
274.8904
20
184.3176
0
VERTEX
8
CUT
10
274.8780
20
184.3224
0
VERTEX
8
CUT
10
273.6104
20
184.7927
0
VERTEX
8
CUT
10
273.5981
20
184.7971
0
VERTEX
8
CUT
10
273.5177
20
184.8250
0
VERTEX
8
CUT
10
273.5053
20
184.8291
0
VERTEX
8
CUT
10
273.4566
20
184.8448
0
VERTEX
8
CUT
10
273.4315
20
184.8523
0
VERTEX
8
CUT
10
273.2675
20
184.8973
0
VERTEX
8
CUT
10
273.2421
20
184.9037
0
VERTEX
8
CUT
10
273.1923
20
184.9151
0
VERTEX
8
CUT
10
273.1795
20
184.9178
0
VERTEX
8
CUT
10
273.0961
20
184.9350
0
VERTEX
8
CUT
10
273.0833
20
184.9374
0
VERTEX
8
CUT
10
271.7821
20
185.1752
0
VERTEX
8
CUT
10
271.7696
20
185.1774
0
VERTEX
8
CUT
10
271.6884
20
185.1904
0
VERTEX
8
CUT
10
271.6759
20
185.1923
0
VERTEX
8
CUT
10
271.6269
20
185.1991
0
VERTEX
8
CUT
10
271.6018
20
185.2021
0
VERTEX
8
CUT
10
271.4381
20
185.2179
0
VERTEX
8
CUT
10
271.4129
20
185.2198
0
VERTEX
8
CUT
10
271.3635
20
185.2225
0
VERTEX
8
CUT
10
271.3508
20
185.2231
0
VERTEX
8
CUT
10
271.2686
20
185.2258
0
VERTEX
8
CUT
10
271.2560
20
185.2261
0
VERTEX
8
CUT
10
269.9587
20
185.2416
0
VERTEX
8
CUT
10
269.9416
20
185.2416
0
VERTEX
8
CUT
10
269.8305
20
185.2398
0
VERTEX
8
CUT
10
269.8134
20
185.2392
0
VERTEX
8
CUT
10
269.7468
20
185.2362
0
VERTEX
8
CUT
10
269.7127
20
185.2337
0
VERTEX
8
CUT
10
269.4917
20
185.2111
0
VERTEX
8
CUT
10
269.4578
20
185.2067
0
VERTEX
8
CUT
10
269.3919
20
185.1961
0
VERTEX
8
CUT
10
269.3751
20
185.1932
0
VERTEX
8
CUT
10
269.2659
20
185.1724
0
VERTEX
8
CUT
10
269.2492
20
185.1690
0
VERTEX
8
CUT
10
266.7812
20
184.6275
0
VERTEX
8
CUT
10
266.7638
20
184.6234
0
VERTEX
8
CUT
10
266.6514
20
184.5952
0
VERTEX
8
CUT
10
266.6342
20
184.5906
0
VERTEX
8
CUT
10
266.5673
20
184.5717
0
VERTEX
8
CUT
10
266.5333
20
184.5610
0
VERTEX
8
CUT
10
266.3146
20
184.4849
0
VERTEX
8
CUT
10
266.2813
20
184.4722
0
VERTEX
8
CUT
10
266.2171
20
184.4455
0
VERTEX
8
CUT
10
266.2008
20
184.4384
0
VERTEX
8
CUT
10
266.0952
20
184.3907
0
VERTEX
8
CUT
10
266.0790
20
184.3831
0
VERTEX
8
CUT
10
264.1829
20
183.4584
0
VERTEX
8
CUT
10
264.1710
20
183.4525
0
VERTEX
8
CUT
10
264.0942
20
183.4129
0
VERTEX
8
CUT
10
264.0825
20
183.4067
0
VERTEX
8
CUT
10
264.0368
20
183.3818
0
VERTEX
8
CUT
10
264.0138
20
183.3686
0
VERTEX
8
CUT
10
263.8658
20
183.2794
0
VERTEX
8
CUT
10
263.8433
20
183.2652
0
VERTEX
8
CUT
10
263.8001
20
183.2365
0
VERTEX
8
CUT
10
263.7891
20
183.2290
0
VERTEX
8
CUT
10
263.7182
20
183.1796
0
VERTEX
8
CUT
10
263.7074
20
183.1718
0
VERTEX
8
CUT
10
261.8886
20
181.8429
0
VERTEX
8
CUT
10
261.8779
20
181.8348
0
VERTEX
8
CUT
10
261.8085
20
181.7817
0
VERTEX
8
CUT
10
261.7979
20
181.7734
0
VERTEX
8
CUT
10
261.7569
20
181.7406
0
VERTEX
8
CUT
10
261.7364
20
181.7233
0
VERTEX
8
CUT
10
261.6051
20
181.6080
0
VERTEX
8
CUT
10
261.5853
20
181.5899
0
VERTEX
8
CUT
10
261.5475
20
181.5535
0
VERTEX
8
CUT
10
261.5379
20
181.5440
0
VERTEX
8
CUT
10
261.4763
20
181.4821
0
VERTEX
8
CUT
10
261.4669
20
181.4725
0
VERTEX
8
CUT
10
259.8603
20
179.7840
0
VERTEX
8
CUT
10
259.8455
20
179.7679
0
VERTEX
8
CUT
10
259.7514
20
179.6614
0
VERTEX
8
CUT
10
259.7372
20
179.6447
0
VERTEX
8
CUT
10
259.6240
20
179.5070
0
VERTEX
8
CUT
10
259.6105
20
179.4898
0
VERTEX
8
CUT
10
259.5243
20
179.3768
0
VERTEX
8
CUT
10
259.5114
20
179.3591
0
VERTEX
8
CUT
10
258.4906
20
177.9132
0
VERTEX
8
CUT
10
258.4846
20
177.9044
0
VERTEX
8
CUT
10
258.4430
20
177.8432
0
VERTEX
8
CUT
10
258.4368
20
177.8341
0
VERTEX
8
CUT
10
258.4103
20
177.7934
0
VERTEX
8
CUT
10
258.3979
20
177.7736
0
VERTEX
8
CUT
10
258.3230
20
177.6485
0
VERTEX
8
CUT
10
258.3118
20
177.6290
0
VERTEX
8
CUT
10
258.2930
20
177.5948
0
VERTEX
8
CUT
10
258.2880
20
177.5855
0
VERTEX
8
CUT
10
258.2539
20
177.5207
0
VERTEX
8
CUT
10
258.2485
20
177.5101
0
VERTEX
8
CUT
10
257.5539
20
176.1248
0
VERTEX
8
CUT
10
257.5476
20
176.1117
0
VERTEX
8
CUT
10
257.5074
20
176.0265
0
VERTEX
8
CUT
10
257.5014
20
176.0133
0
VERTEX
8
CUT
10
257.4535
20
175.9051
0
VERTEX
8
CUT
10
257.4478
20
175.8918
0
VERTEX
8
CUT
10
257.4118
20
175.8047
0
VERTEX
8
CUT
10
257.4065
20
175.7913
0
VERTEX
8
CUT
10
256.2661
20
172.8337
0
VERTEX
8
CUT
10
256.2628
20
172.8249
0
VERTEX
8
CUT
10
256.2403
20
172.7637
0
VERTEX
8
CUT
10
256.2369
20
172.7542
0
VERTEX
8
CUT
10
256.2102
20
172.6775
0
VERTEX
8
CUT
10
256.2070
20
172.6682
0
VERTEX
8
CUT
10
256.1868
20
172.6072
0
VERTEX
8
CUT
10
256.1836
20
172.5971
0
VERTEX
8
CUT
10
255.4989
20
170.3967
0
VERTEX
8
CUT
10
255.4845
20
170.3541
0
VERTEX
8
CUT
10
255.4561
20
170.2766
0
VERTEX
8
CUT
10
255.4209
20
170.1938
0
VERTEX
8
CUT
10
255.3947
20
170.1398
0
VERTEX
8
CUT
10
255.3514
20
170.0609
0
VERTEX
8
CUT
10
255.3200
20
170.0099
0
VERTEX
8
CUT
10
255.2690
20
169.9356
0
VERTEX
8
CUT
10
255.2326
20
169.8880
0
VERTEX
8
CUT
10
255.1745
20
169.8192
0
VERTEX
8
CUT
10
255.1335
20
169.7755
0
VERTEX
8
CUT
10
255.0688
20
169.7129
0
VERTEX
8
CUT
10
255.0237
20
169.6734
0
VERTEX
8
CUT
10
254.9530
20
169.6176
0
VERTEX
8
CUT
10
254.9042
20
169.5828
0
VERTEX
8
CUT
10
254.8283
20
169.5344
0
VERTEX
8
CUT
10
254.7762
20
169.5047
0
VERTEX
8
CUT
10
254.6959
20
169.4640
0
VERTEX
8
CUT
10
254.6411
20
169.4397
0
VERTEX
8
CUT
10
254.5571
20
169.4073
0
VERTEX
8
CUT
10
254.5001
20
169.3885
0
VERTEX
8
CUT
10
254.4133
20
169.3647
0
VERTEX
8
CUT
10
254.3548
20
169.3517
0
VERTEX
8
CUT
10
254.2660
20
169.3366
0
VERTEX
8
CUT
10
254.2065
20
169.3296
0
VERTEX
8
CUT
10
254.1167
20
169.3235
0
VERTEX
8
CUT
10
254.0567
20
169.3224
0
VERTEX
8
CUT
10
253.9667
20
169.3253
0
VERTEX
8
CUT
10
253.9070
20
169.3302
0
VERTEX
8
CUT
10
253.8177
20
169.3421
0
VERTEX
8
CUT
10
253.7588
20
169.3530
0
VERTEX
8
CUT
10
253.6712
20
169.3737
0
VERTEX
8
CUT
10
253.6136
20
169.3904
0
VERTEX
8
CUT
10
253.5285
20
169.4198
0
VERTEX
8
CUT
10
253.4729
20
169.4422
0
VERTEX
8
CUT
10
253.3911
20
169.4800
0
VERTEX
8
CUT
10
253.3380
20
169.5078
0
VERTEX
8
CUT
10
253.2605
20
169.5535
0
VERTEX
8
CUT
10
253.2104
20
169.5865
0
VERTEX
8
CUT
10
253.1378
20
169.6398
0
VERTEX
8
CUT
10
253.0913
20
169.6776
0
VERTEX
8
CUT
10
253.0244
20
169.7379
0
VERTEX
8
CUT
10
252.9819
20
169.7801
0
VERTEX
8
CUT
10
252.9214
20
169.8468
0
VERTEX
8
CUT
10
252.8833
20
169.8931
0
VERTEX
8
CUT
10
252.8615
20
169.9225
0
VERTEX
8
CUT
10
252.4781
20
170.8557
0
VERTEX
8
CUT
10
252.4741
20
170.8653
0
VERTEX
8
CUT
10
252.4455
20
170.9315
0
VERTEX
8
CUT
10
252.4410
20
170.9417
0
VERTEX
8
CUT
10
252.4038
20
171.0236
0
VERTEX
8
CUT
10
252.3992
20
171.0335
0
VERTEX
8
CUT
10
252.3687
20
171.0977
0
VERTEX
8
CUT
10
252.3636
20
171.1082
0
VERTEX
8
CUT
10
250.8965
20
174.0451
0
VERTEX
8
CUT
10
249.6109
20
176.7944
0
VERTEX
8
CUT
10
249.6053
20
176.8067
0
VERTEX
8
CUT
10
249.5943
20
176.8311
0
VERTEX
8
CUT
10
249.5055
20
177.0619
0
VERTEX
8
CUT
10
248.6616
20
179.6308
0
VERTEX
8
CUT
10
248.4396
20
180.4348
0
VERTEX
8
CUT
10
248.4364
20
180.4466
0
VERTEX
8
CUT
10
248.4291
20
180.4744
0
VERTEX
8
CUT
10
248.4261
20
180.4863
0
VERTEX
8
CUT
10
248.4225
20
180.5009
0
VERTEX
8
CUT
10
248.4196
20
180.5129
0
VERTEX
8
CUT
10
248.4132
20
180.5408
0
VERTEX
8
CUT
10
248.4104
20
180.5528
0
VERTEX
8
CUT
10
248.4083
20
180.5625
0
VERTEX
8
CUT
10
248.4058
20
180.5745
0
VERTEX
8
CUT
10
248.4001
20
180.6026
0
VERTEX
8
CUT
10
248.3977
20
180.6147
0
VERTEX
8
CUT
10
248.3949
20
180.6294
0
VERTEX
8
CUT
10
248.3927
20
180.6415
0
VERTEX
8
CUT
10
248.3877
20
180.6698
0
VERTEX
8
CUT
10
248.3857
20
180.6819
0
VERTEX
8
CUT
10
248.0850
20
182.5443
0
VERTEX
8
CUT
10
247.9581
20
185.0230
0
VERTEX
8
CUT
10
247.9593
20
185.0425
0
VERTEX
8
CUT
10
247.9603
20
185.0567
0
VERTEX
8
CUT
10
247.9959
20
185.5134
0
VERTEX
8
CUT
10
248.5567
20
189.1635
0
VERTEX
8
CUT
10
248.5582
20
189.1734
0
VERTEX
8
CUT
10
248.5597
20
189.1823
0
VERTEX
8
CUT
10
248.5668
20
189.2202
0
VERTEX
8
CUT
10
248.5810
20
189.2882
0
VERTEX
8
CUT
10
248.5875
20
189.3168
0
VERTEX
8
CUT
10
248.5947
20
189.3438
0
VERTEX
8
CUT
10
248.6124
20
189.4068
0
VERTEX
8
CUT
10
248.6237
20
189.4439
0
VERTEX
8
CUT
10
248.6277
20
189.4561
0
VERTEX
8
CUT
10
248.6313
20
189.4667
0
VERTEX
8
CUT
10
249.3076
20
191.4420
0
VERTEX
8
CUT
10
250.8487
20
194.4488
0
VERTEX
8
CUT
10
251.4184
20
195.3017
0
VERTEX
8
CUT
10
251.6601
20
195.6127
0
VERTEX
8
CUT
10
251.6686
20
195.6238
0
VERTEX
8
CUT
10
251.7043
20
195.6697
0
VERTEX
8
CUT
10
253.1912
20
197.5837
0
VERTEX
8
CUT
10
253.6867
20
198.1695
0
VERTEX
8
CUT
10
253.6953
20
198.1795
0
VERTEX
8
CUT
10
253.7155
20
198.2027
0
VERTEX
8
CUT
10
253.7242
20
198.2125
0
VERTEX
8
CUT
10
253.7349
20
198.2245
0
VERTEX
8
CUT
10
253.7437
20
198.2342
0
VERTEX
8
CUT
10
253.7646
20
198.2567
0
VERTEX
8
CUT
10
253.7736
20
198.2663
0
VERTEX
8
CUT
10
253.7809
20
198.2740
0
VERTEX
8
CUT
10
253.7900
20
198.2835
0
VERTEX
8
CUT
10
253.7925
20
198.2860
0
VERTEX
8
CUT
10
253.8064
20
198.2997
0
VERTEX
8
CUT
10
253.8189
20
198.3120
0
VERTEX
8
CUT
10
253.8219
20
198.3149
0
VERTEX
8
CUT
10
253.8769
20
198.3690
0
VERTEX
8
CUT
10
255.5677
20
199.9499
0
VERTEX
8
CUT
10
256.2672
20
200.5009
0
VERTEX
8
CUT
10
256.5953
20
200.7593
0
VERTEX
8
CUT
10
257.7083
20
201.6359
0
VERTEX
8
CUT
10
258.5157
20
202.2719
0
VERTEX
8
CUT
10
269.0049
20
208.7231
0
VERTEX
8
CUT
10
269.0154
20
208.7297
0
VERTEX
8
CUT
10
269.0828
20
208.7731
0
VERTEX
8
CUT
10
269.0931
20
208.7799
0
VERTEX
8
CUT
10
269.1766
20
208.8361
0
VERTEX
8
CUT
10
269.1867
20
208.8431
0
VERTEX
8
CUT
10
269.1966
20
208.8500
0
VERTEX
8
CUT
10
269.2038
20
208.8550
0
VERTEX
8
CUT
10
269.2729
20
208.9035
0
VERTEX
8
CUT
10
269.2835
20
208.9111
0
VERTEX
8
CUT
10
271.2075
20
210.3254
0
VERTEX
8
CUT
10
271.2199
20
210.3348
0
VERTEX
8
CUT
10
271.2995
20
210.3966
0
VERTEX
8
CUT
10
271.3117
20
210.4062
0
VERTEX
8
CUT
10
271.4097
20
210.4864
0
VERTEX
8
CUT
10
271.4216
20
210.4964
0
VERTEX
8
CUT
10
271.4979
20
210.5622
0
VERTEX
8
CUT
10
271.5096
20
210.5725
0
VERTEX
8
CUT
10
272.9324
20
211.8648
0
VERTEX
8
CUT
10
272.9445
20
211.8761
0
VERTEX
8
CUT
10
273.0223
20
211.9508
0
VERTEX
8
CUT
10
273.0341
20
211.9624
0
VERTEX
8
CUT
10
273.1291
20
212.0588
0
VERTEX
8
CUT
10
273.1405
20
212.0708
0
VERTEX
8
CUT
10
273.2141
20
212.1496
0
VERTEX
8
CUT
10
273.2252
20
212.1619
0
VERTEX
8
CUT
10
273.4532
20
212.4203
0
VERTEX
8
CUT
10
273.5949
20
212.5546
0
VERTEX
8
CUT
10
273.6061
20
212.5656
0
VERTEX
8
CUT
10
273.6781
20
212.6374
0
VERTEX
8
CUT
10
273.6890
20
212.6486
0
VERTEX
8
CUT
10
273.7311
20
212.6929
0
VERTEX
8
CUT
10
273.7521
20
212.7161
0
VERTEX
8
CUT
10
273.8842
20
212.8705
0
VERTEX
8
CUT
10
273.9039
20
212.8948
0
VERTEX
8
CUT
10
273.9412
20
212.9432
0
VERTEX
8
CUT
10
273.9505
20
212.9557
0
VERTEX
8
CUT
10
274.0104
20
213.0379
0
VERTEX
8
CUT
10
274.0195
20
213.0507
0
VERTEX
8
CUT
10
274.0561
20
213.1038
0
VERTEX
8
CUT
10
274.2582
20
213.3329
0
VERTEX
8
CUT
10
274.2725
20
213.3497
0
VERTEX
8
CUT
10
274.3633
20
213.4606
0
VERTEX
8
CUT
10
274.3770
20
213.4780
0
VERTEX
8
CUT
10
274.4857
20
213.6212
0
VERTEX
8
CUT
10
274.4987
20
213.6390
0
VERTEX
8
CUT
10
274.5811
20
213.7563
0
VERTEX
8
CUT
10
274.5935
20
213.7746
0
VERTEX
8
CUT
10
275.5901
20
215.3099
0
VERTEX
8
CUT
10
275.5958
20
215.3189
0
VERTEX
8
CUT
10
275.6350
20
215.3817
0
VERTEX
8
CUT
10
275.6407
20
215.3911
0
VERTEX
8
CUT
10
275.6657
20
215.4327
0
VERTEX
8
CUT
10
275.6773
20
215.4530
0
VERTEX
8
CUT
10
275.7473
20
215.5810
0
VERTEX
8
CUT
10
275.7578
20
215.6009
0
VERTEX
8
CUT
10
275.7752
20
215.6359
0
VERTEX
8
CUT
10
275.7799
20
215.6454
0
VERTEX
8
CUT
10
275.8114
20
215.7115
0
VERTEX
8
CUT
10
275.8164
20
215.7222
0
VERTEX
8
CUT
10
275.8296
20
215.7514
0
VERTEX
8
CUT
10
275.8431
20
215.7795
0
VERTEX
8
CUT
10
275.8488
20
215.7916
0
VERTEX
8
CUT
10
276.5016
20
217.2331
0
VERTEX
8
CUT
10
276.5070
20
217.2453
0
VERTEX
8
CUT
10
276.5408
20
217.3245
0
VERTEX
8
CUT
10
276.5458
20
217.3368
0
VERTEX
8
CUT
10
276.5651
20
217.3849
0
VERTEX
8
CUT
10
276.5744
20
217.4097
0
VERTEX
8
CUT
10
276.5802
20
217.4263
0
VERTEX
8
CUT
10
276.6314
20
217.5722
0
VERTEX
8
CUT
10
276.6396
20
217.5974
0
VERTEX
8
CUT
10
276.6546
20
217.6469
0
VERTEX
8
CUT
10
276.6583
20
217.6596
0
VERTEX
8
CUT
10
276.6813
20
217.7425
0
VERTEX
8
CUT
10
276.6847
20
217.7553
0
VERTEX
8
CUT
10
277.0439
20
219.1671
0
VERTEX
8
CUT
10
277.0469
20
219.1796
0
VERTEX
8
CUT
10
277.0657
20
219.2606
0
VERTEX
8
CUT
10
277.0684
20
219.2731
0
VERTEX
8
CUT
10
277.0715
20
219.2878
0
VERTEX
8
CUT
10
277.0724
20
219.2919
0
VERTEX
8
CUT
10
277.0752
20
219.3042
0
VERTEX
8
CUT
10
277.0853
20
219.3526
0
VERTEX
8
CUT
10
277.0900
20
219.3775
0
VERTEX
8
CUT
10
277.1168
20
219.5398
0
VERTEX
8
CUT
10
277.1204
20
219.5649
0
VERTEX
8
CUT
10
277.1264
20
219.6140
0
VERTEX
8
CUT
10
277.1278
20
219.6266
0
VERTEX
8
CUT
10
277.1361
20
219.7084
0
VERTEX
8
CUT
10
277.1373
20
219.7210
0
VERTEX
8
CUT
10
277.2460
20
221.0827
0
VERTEX
8
CUT
10
277.2471
20
221.0989
0
VERTEX
8
CUT
10
277.2526
20
221.2047
0
VERTEX
8
CUT
10
277.2533
20
221.2210
0
VERTEX
8
CUT
10
277.2549
20
221.2845
0
VERTEX
8
CUT
10
277.2548
20
221.3171
0
VERTEX
8
CUT
10
277.2487
20
221.5287
0
VERTEX
8
CUT
10
277.2468
20
221.5613
0
VERTEX
8
CUT
10
277.2416
20
221.6246
0
VERTEX
8
CUT
10
277.2401
20
221.6396
0
VERTEX
8
CUT
10
277.2381
20
221.6632
0
VERTEX
8
CUT
10
277.2365
20
221.6794
0
VERTEX
8
CUT
10
277.2247
20
221.7846
0
VERTEX
8
CUT
10
277.2227
20
221.8007
0
VERTEX
8
CUT
10
277.0507
20
223.0322
0
VERTEX
8
CUT
10
277.0488
20
223.0451
0
VERTEX
8
CUT
10
277.0352
20
223.1290
0
VERTEX
8
CUT
10
277.0330
20
223.1419
0
VERTEX
8
CUT
10
277.0237
20
223.1921
0
VERTEX
8
CUT
10
277.0184
20
223.2177
0
VERTEX
8
CUT
10
276.9804
20
223.3833
0
VERTEX
8
CUT
10
276.9740
20
223.4086
0
VERTEX
8
CUT
10
276.9604
20
223.4579
0
VERTEX
8
CUT
10
276.9567
20
223.4704
0
VERTEX
8
CUT
10
276.9323
20
223.5518
0
VERTEX
8
CUT
10
276.9284
20
223.5643
0
VERTEX
8
CUT
10
276.4989
20
224.8913
0
VERTEX
8
CUT
10
276.4944
20
224.9045
0
VERTEX
8
CUT
10
276.4646
20
224.9898
0
VERTEX
8
CUT
10
276.4599
20
225.0028
0
VERTEX
8
CUT
10
276.4408
20
225.0536
0
VERTEX
8
CUT
10
276.4304
20
225.0794
0
VERTEX
8
CUT
10
276.3592
20
225.2453
0
VERTEX
8
CUT
10
276.3476
20
225.2706
0
VERTEX
8
CUT
10
276.3239
20
225.3194
0
VERTEX
8
CUT
10
276.3177
20
225.3319
0
VERTEX
8
CUT
10
276.2764
20
225.4122
0
VERTEX
8
CUT
10
276.2699
20
225.4245
0
VERTEX
8
CUT
10
276.1859
20
225.5788
0
VERTEX
8
CUT
10
276.1850
20
225.5804
0
VERTEX
8
CUT
10
276.1847
20
225.5810
0
VERTEX
8
CUT
10
276.1828
20
225.5845
0
VERTEX
8
CUT
10
275.5828
20
226.6870
0
VERTEX
8
CUT
10
275.5823
20
226.6880
0
VERTEX
8
CUT
10
275.5753
20
226.7005
0
VERTEX
8
CUT
10
275.5289
20
226.7811
0
VERTEX
8
CUT
10
275.5216
20
226.7934
0
VERTEX
8
CUT
10
275.4926
20
226.8412
0
VERTEX
8
CUT
10
275.4771
20
226.8653
0
VERTEX
8
CUT
10
275.3730
20
227.0195
0
VERTEX
8
CUT
10
275.3565
20
227.0428
0
VERTEX
8
CUT
10
275.3230
20
227.0876
0
VERTEX
8
CUT
10
275.3143
20
227.0990
0
VERTEX
8
CUT
10
275.2568
20
227.1722
0
VERTEX
8
CUT
10
275.2479
20
227.1833
0
VERTEX
8
CUT
10
274.2782
20
228.3600
0
VERTEX
8
CUT
10
274.2695
20
228.3703
0
VERTEX
8
CUT
10
274.2119
20
228.4371
0
VERTEX
8
CUT
10
274.2029
20
228.4472
0
VERTEX
8
CUT
10
274.1674
20
228.4866
0
VERTEX
8
CUT
10
274.1651
20
228.4890
0
VERTEX
8
CUT
10
274.1464
20
228.5097
0
VERTEX
8
CUT
10
274.1275
20
228.5296
0
VERTEX
8
CUT
10
274.0022
20
228.6559
0
VERTEX
8
CUT
10
273.9825
20
228.6749
0
VERTEX
8
CUT
10
273.9431
20
228.7111
0
VERTEX
8
CUT
10
273.9330
20
228.7203
0
VERTEX
8
CUT
10
273.8661
20
228.7791
0
VERTEX
8
CUT
10
273.8557
20
228.7880
0
VERTEX
8
CUT
10
272.7453
20
229.7198
0
VERTEX
8
CUT
10
272.2616
20
230.1279
0
VERTEX
8
CUT
10
272.2477
20
230.1392
0
VERTEX
8
CUT
10
272.1567
20
230.2115
0
VERTEX
8
CUT
10
272.1425
20
230.2224
0
VERTEX
8
CUT
10
272.1243
20
230.2360
0
VERTEX
8
CUT
10
272.1107
20
230.2464
0
VERTEX
8
CUT
10
272.0540
20
230.2884
0
VERTEX
8
CUT
10
272.0243
20
230.3091
0
VERTEX
8
CUT
10
271.8274
20
230.4374
0
VERTEX
8
CUT
10
271.7965
20
230.4562
0
VERTEX
8
CUT
10
271.7352
20
230.4911
0
VERTEX
8
CUT
10
271.7193
20
230.4998
0
VERTEX
8
CUT
10
271.6154
20
230.5548
0
VERTEX
8
CUT
10
271.5993
20
230.5631
0
VERTEX
8
CUT
10
270.6661
20
231.0219
0
VERTEX
8
CUT
10
269.8700
20
231.4184
0
VERTEX
8
CUT
10
269.8547
20
231.4258
0
VERTEX
8
CUT
10
269.7546
20
231.4722
0
VERTEX
8
CUT
10
269.7390
20
231.4791
0
VERTEX
8
CUT
10
269.6781
20
231.5052
0
VERTEX
8
CUT
10
269.6466
20
231.5177
0
VERTEX
8
CUT
10
269.4392
20
231.5932
0
VERTEX
8
CUT
10
269.4070
20
231.6039
0
VERTEX
8
CUT
10
269.3836
20
231.6109
0
VERTEX
8
CUT
10
269.3718
20
231.6148
0
VERTEX
8
CUT
10
269.3095
20
231.6334
0
VERTEX
8
CUT
10
269.2935
20
231.6379
0
VERTEX
8
CUT
10
269.1890
20
231.6660
0
VERTEX
8
CUT
10
269.1729
20
231.6701
0
VERTEX
8
CUT
10
267.2366
20
232.1334
0
VERTEX
8
CUT
10
267.2215
20
232.1368
0
VERTEX
8
CUT
10
267.1230
20
232.1577
0
VERTEX
8
CUT
10
267.1079
20
232.1607
0
VERTEX
8
CUT
10
267.0484
20
232.1717
0
VERTEX
8
CUT
10
267.0178
20
232.1765
0
VERTEX
8
CUT
10
266.8184
20
232.2029
0
VERTEX
8
CUT
10
266.7876
20
232.2062
0
VERTEX
8
CUT
10
266.7273
20
232.2110
0
VERTEX
8
CUT
10
266.7119
20
232.2121
0
VERTEX
8
CUT
10
266.6114
20
232.2175
0
VERTEX
8
CUT
10
266.5959
20
232.2182
0
VERTEX
8
CUT
10
266.5946
20
232.2182
0
VERTEX
8
CUT
10
264.4460
20
232.2791
0
VERTEX
8
CUT
10
264.4427
20
232.2792
0
VERTEX
8
CUT
10
264.4276
20
232.2794
0
VERTEX
8
CUT
10
264.3300
20
232.2797
0
VERTEX
8
CUT
10
264.3150
20
232.2796
0
VERTEX
8
CUT
10
264.2564
20
232.2783
0
VERTEX
8
CUT
10
264.2264
20
232.2769
0
VERTEX
8
CUT
10
264.0317
20
232.2629
0
VERTEX
8
CUT
10
264.0018
20
232.2600
0
VERTEX
8
CUT
10
263.9436
20
232.2529
0
VERTEX
8
CUT
10
263.9287
20
232.2509
0
VERTEX
8
CUT
10
263.8322
20
232.2366
0
VERTEX
8
CUT
10
263.8173
20
232.2342
0
VERTEX
8
CUT
10
261.5694
20
231.8438
0
VERTEX
8
CUT
10
261.5559
20
231.8413
0
VERTEX
8
CUT
10
261.4684
20
231.8240
0
VERTEX
8
CUT
10
261.4550
20
231.8212
0
VERTEX
8
CUT
10
261.4026
20
231.8096
0
VERTEX
8
CUT
10
261.3759
20
231.8031
0
VERTEX
8
CUT
10
261.3184
20
231.7876
0
VERTEX
8
CUT
10
261.3125
20
231.7861
0
VERTEX
8
CUT
10
261.2510
20
231.7694
0
VERTEX
8
CUT
10
261.2038
20
231.7566
0
VERTEX
8
CUT
10
261.1993
20
231.7553
0
VERTEX
8
CUT
10
261.1406
20
231.7394
0
VERTEX
8
CUT
10
261.1143
20
231.7316
0
VERTEX
8
CUT
10
261.0633
20
231.7152
0
VERTEX
8
CUT
10
261.0503
20
231.7108
0
VERTEX
8
CUT
10
260.9660
20
231.6816
0
VERTEX
8
CUT
10
260.9531
20
231.6769
0
VERTEX
8
CUT
10
258.5651
20
230.7865
0
VERTEX
8
CUT
10
258.5553
20
230.7828
0
VERTEX
8
CUT
10
258.4867
20
230.7558
0
VERTEX
8
CUT
10
258.4765
20
230.7517
0
VERTEX
8
CUT
10
258.4319
20
230.7332
0
VERTEX
8
CUT
10
258.4106
20
230.7239
0
VERTEX
8
CUT
10
258.2788
20
230.6632
0
VERTEX
8
CUT
10
258.2586
20
230.6534
0
VERTEX
8
CUT
10
258.2240
20
230.6359
0
VERTEX
8
CUT
10
258.2146
20
230.6310
0
VERTEX
8
CUT
10
258.1503
20
230.5970
0
VERTEX
8
CUT
10
258.1398
20
230.5914
0
VERTEX
8
CUT
10
255.6419
20
229.2066
0
VERTEX
8
CUT
10
255.6323
20
229.2011
0
VERTEX
8
CUT
10
255.5656
20
229.1625
0
VERTEX
8
CUT
10
255.5557
20
229.1566
0
VERTEX
8
CUT
10
255.5124
20
229.1305
0
VERTEX
8
CUT
10
255.4918
20
229.1175
0
VERTEX
8
CUT
10
255.3651
20
229.0337
0
VERTEX
8
CUT
10
255.3458
20
229.0203
0
VERTEX
8
CUT
10
255.3128
20
228.9966
0
VERTEX
8
CUT
10
255.3039
20
228.9901
0
VERTEX
8
CUT
10
255.2428
20
228.9444
0
VERTEX
8
CUT
10
255.2330
20
228.9369
0
VERTEX
8
CUT
10
252.8082
20
227.0451
0
VERTEX
8
CUT
10
252.7953
20
227.0348
0
VERTEX
8
CUT
10
252.7125
20
226.9663
0
VERTEX
8
CUT
10
252.6999
20
226.9556
0
VERTEX
8
CUT
10
252.5982
20
226.8669
0
VERTEX
8
CUT
10
252.5859
20
226.8559
0
VERTEX
8
CUT
10
252.5069
20
226.7830
0
VERTEX
8
CUT
10
252.4949
20
226.7716
0
VERTEX
8
CUT
10
251.6180
20
225.9164
0
VERTEX
8
CUT
10
251.6048
20
225.9032
0
VERTEX
8
CUT
10
251.5208
20
225.8160
0
VERTEX
8
CUT
10
251.5081
20
225.8023
0
VERTEX
8
CUT
10
251.4061
20
225.6897
0
VERTEX
8
CUT
10
251.3938
20
225.6757
0
VERTEX
8
CUT
10
251.3154
20
225.5835
0
VERTEX
8
CUT
10
251.3035
20
225.5691
0
VERTEX
8
CUT
10
250.8808
20
225.0396
0
VERTEX
8
CUT
10
250.4268
20
224.5550
0
VERTEX
8
CUT
10
250.4152
20
224.5423
0
VERTEX
8
CUT
10
250.3411
20
224.4585
0
VERTEX
8
CUT
10
250.3299
20
224.4454
0
VERTEX
8
CUT
10
250.2399
20
224.3376
0
VERTEX
8
CUT
10
250.2291
20
224.3242
0
VERTEX
8
CUT
10
250.1599
20
224.2363
0
VERTEX
8
CUT
10
250.1495
20
224.2226
0
VERTEX
8
CUT
10
249.2351
20
222.9893
0
VERTEX
8
CUT
10
249.2262
20
222.9770
0
VERTEX
8
CUT
10
249.1694
20
222.8963
0
VERTEX
8
CUT
10
249.1609
20
222.8838
0
VERTEX
8
CUT
10
249.0922
20
222.7806
0
VERTEX
8
CUT
10
249.0840
20
222.7679
0
VERTEX
8
CUT
10
249.0314
20
222.6844
0
VERTEX
8
CUT
10
249.0235
20
222.6715
0
VERTEX
8
CUT
10
248.9904
20
222.6160
0
VERTEX
8
CUT
10
248.9885
20
222.6129
0
VERTEX
8
CUT
10
247.3428
20
219.8487
0
VERTEX
8
CUT
10
247.3192
20
219.8110
0
VERTEX
8
CUT
10
247.2741
20
219.7432
0
VERTEX
8
CUT
10
247.2213
20
219.6717
0
VERTEX
8
CUT
10
247.1838
20
219.6259
0
VERTEX
8
CUT
10
247.1243
20
219.5599
0
VERTEX
8
CUT
10
247.0825
20
219.5180
0
VERTEX
8
CUT
10
247.0167
20
219.4582
0
VERTEX
8
CUT
10
246.9709
20
219.4207
0
VERTEX
8
CUT
10
246.8996
20
219.3677
0
VERTEX
8
CUT
10
246.8504
20
219.3348
0
VERTEX
8
CUT
10
246.7741
20
219.2891
0
VERTEX
8
CUT
10
246.7219
20
219.2613
0
VERTEX
8
CUT
10
246.6415
20
219.2233
0
VERTEX
8
CUT
10
246.5868
20
219.2008
0
VERTEX
8
CUT
10
246.5030
20
219.1709
0
VERTEX
8
CUT
10
246.4464
20
219.1539
0
VERTEX
8
CUT
10
246.3601
20
219.1325
0
VERTEX
8
CUT
10
246.3020
20
219.1211
0
VERTEX
8
CUT
10
246.2141
20
219.1083
0
VERTEX
8
CUT
10
246.1552
20
219.1027
0
VERTEX
8
CUT
10
246.0664
20
219.0986
0
VERTEX
8
CUT
10
246.0072
20
219.0989
0
VERTEX
8
CUT
10
245.9184
20
219.1036
0
VERTEX
8
CUT
10
245.8374
20
219.1120
0
VERTEX
8
CUT
10
245.7933
20
219.1176
0
VERTEX
8
CUT
10
245.7876
20
219.1185
0
VERTEX
8
CUT
10
245.7607
20
219.1220
0
VERTEX
8
CUT
10
245.7082
20
219.1276
0
VERTEX
8
CUT
10
245.6947
20
219.1289
0
VERTEX
8
CUT
10
245.6072
20
219.1363
0
VERTEX
8
CUT
10
245.5937
20
219.1373
0
VERTEX
8
CUT
10
245.1531
20
219.1647
0
VERTEX
8
CUT
10
245.1405
20
219.1653
0
VERTEX
8
CUT
10
245.0588
20
219.1687
0
VERTEX
8
CUT
10
245.0463
20
219.1690
0
VERTEX
8
CUT
10
244.9971
20
219.1700
0
VERTEX
8
CUT
10
244.9719
20
219.1700
0
VERTEX
8
CUT
10
244.8106
20
219.1665
0
VERTEX
8
CUT
10
244.7604
20
219.1633
0
VERTEX
8
CUT
10
244.6000
20
219.1462
0
VERTEX
8
CUT
10
244.5750
20
219.1430
0
VERTEX
8
CUT
10
244.5264
20
219.1358
0
VERTEX
8
CUT
10
244.5139
20
219.1338
0
VERTEX
8
CUT
10
244.4333
20
219.1201
0
VERTEX
8
CUT
10
244.4209
20
219.1178
0
VERTEX
8
CUT
10
243.8576
20
219.0097
0
VERTEX
8
CUT
10
243.8402
20
219.0060
0
VERTEX
8
CUT
10
243.7272
20
218.9808
0
VERTEX
8
CUT
10
243.7098
20
218.9767
0
VERTEX
8
CUT
10
243.6425
20
218.9596
0
VERTEX
8
CUT
10
243.6082
20
218.9498
0
VERTEX
8
CUT
10
243.3878
20
218.8795
0
VERTEX
8
CUT
10
243.3541
20
218.8677
0
VERTEX
8
CUT
10
243.2893
20
218.8427
0
VERTEX
8
CUT
10
243.2728
20
218.8360
0
VERTEX
8
CUT
10
243.1660
20
218.7912
0
VERTEX
8
CUT
10
243.1497
20
218.7841
0
VERTEX
8
CUT
10
242.4781
20
218.4783
0
VERTEX
8
CUT
10
242.4647
20
218.4719
0
VERTEX
8
CUT
10
242.3781
20
218.4299
0
VERTEX
8
CUT
10
242.3648
20
218.4232
0
VERTEX
8
CUT
10
242.3134
20
218.3967
0
VERTEX
8
CUT
10
242.2874
20
218.3824
0
VERTEX
8
CUT
10
242.1209
20
218.2857
0
VERTEX
8
CUT
10
242.0956
20
218.2702
0
VERTEX
8
CUT
10
242.0471
20
218.2387
0
VERTEX
8
CUT
10
242.0347
20
218.2305
0
VERTEX
8
CUT
10
241.9552
20
218.1761
0
VERTEX
8
CUT
10
241.9431
20
218.1676
0
VERTEX
8
CUT
10
240.8450
20
217.3754
0
VERTEX
8
CUT
10
240.8314
20
217.3653
0
VERTEX
8
CUT
10
240.7439
20
217.2983
0
VERTEX
8
CUT
10
240.7306
20
217.2878
0
VERTEX
8
CUT
10
240.6792
20
217.2462
0
VERTEX
8
CUT
10
240.6535
20
217.2241
0
VERTEX
8
CUT
10
240.4906
20
217.0760
0
VERTEX
8
CUT
10
240.4662
20
217.0525
0
VERTEX
8
CUT
10
240.4199
20
217.0053
0
VERTEX
8
CUT
10
240.4082
20
216.9930
0
VERTEX
8
CUT
10
240.3332
20
216.9123
0
VERTEX
8
CUT
10
240.3219
20
216.8997
0
VERTEX
8
CUT
10
236.4786
20
212.5161
0
VERTEX
8
CUT
10
236.4712
20
212.5078
0
VERTEX
8
CUT
10
236.4540
20
212.4886
0
VERTEX
8
CUT
10
236.4465
20
212.4804
0
VERTEX
8
CUT
10
236.4374
20
212.4705
0
VERTEX
8
CUT
10
236.4299
20
212.4624
0
VERTEX
8
CUT
10
236.4122
20
212.4437
0
VERTEX
8
CUT
10
236.4045
20
212.4357
0
VERTEX
8
CUT
10
236.3909
20
212.4216
0
VERTEX
8
CUT
10
236.3832
20
212.4137
0
VERTEX
8
CUT
10
236.3650
20
212.3954
0
VERTEX
8
CUT
10
236.3572
20
212.3876
0
VERTEX
8
CUT
10
236.3475
20
212.3781
0
VERTEX
8
CUT
10
236.3396
20
212.3704
0
VERTEX
8
CUT
10
236.3210
20
212.3525
0
VERTEX
8
CUT
10
236.3130
20
212.3449
0
VERTEX
8
CUT
10
234.1990
20
210.3648
0
VERTEX
8
CUT
10
234.1912
20
210.3577
0
VERTEX
8
CUT
10
234.1783
20
210.3458
0
VERTEX
8
CUT
10
234.1464
20
210.3180
0
VERTEX
8
CUT
10
234.0914
20
210.2722
0
VERTEX
8
CUT
10
234.0667
20
210.2524
0
VERTEX
8
CUT
10
234.0640
20
210.2503
0
VERTEX
8
CUT
10
234.0386
20
210.2314
0
VERTEX
8
CUT
10
233.9805
20
210.1896
0
VERTEX
8
CUT
10
233.9456
20
210.1657
0
VERTEX
8
CUT
10
233.9309
20
210.1561
0
VERTEX
8
CUT
10
233.9220
20
210.1504
0
VERTEX
8
CUT
10
232.8587
20
209.4766
0
VERTEX
8
CUT
10
232.8498
20
209.4710
0
VERTEX
8
CUT
10
232.8419
20
209.4662
0
VERTEX
8
CUT
10
232.7902
20
209.4365
0
VERTEX
8
CUT
10
232.7136
20
209.3960
0
VERTEX
8
CUT
10
232.6245
20
209.3549
0
VERTEX
8
CUT
10
232.5638
20
209.3308
0
VERTEX
8
CUT
10
232.4707
20
209.2996
0
VERTEX
8
CUT
10
232.3871
20
209.2766
0
VERTEX
8
CUT
10
232.3292
20
209.2627
0
VERTEX
8
CUT
10
232.3201
20
209.2608
0
VERTEX
8
CUT
10
232.3098
20
209.2588
0
VERTEX
8
CUT
10
230.5191
20
208.9132
0
VERTEX
8
CUT
10
230.5079
20
208.9111
0
VERTEX
8
CUT
10
230.4892
20
208.9078
0
VERTEX
8
CUT
10
230.4439
20
208.9008
0
VERTEX
8
CUT
10
230.3845
20
208.8932
0
VERTEX
8
CUT
10
230.3047
20
208.8866
0
VERTEX
8
CUT
10
230.2245
20
208.8836
0
VERTEX
8
CUT
10
230.1444
20
208.8841
0
VERTEX
8
CUT
10
230.0846
20
208.8871
0
VERTEX
8
CUT
10
230.0390
20
208.8906
0
VERTEX
8
CUT
10
230.0201
20
208.8926
0
VERTEX
8
CUT
10
230.0087
20
208.8938
0
VERTEX
8
CUT
10
229.9214
20
208.9038
0
VERTEX
8
CUT
10
229.9160
20
208.9045
0
VERTEX
8
CUT
10
229.9034
20
208.9060
0
VERTEX
8
CUT
10
229.8989
20
208.9066
0
VERTEX
8
CUT
10
229.8886
20
208.9079
0
VERTEX
8
CUT
10
229.8852
20
208.9083
0
VERTEX
8
CUT
10
229.8557
20
208.9118
0
VERTEX
8
CUT
10
229.8516
20
208.9123
0
VERTEX
8
CUT
10
229.6136
20
208.9393
0
VERTEX
8
CUT
10
229.6033
20
208.9406
0
VERTEX
8
CUT
10
229.5879
20
208.9425
0
VERTEX
8
CUT
10
229.5485
20
208.9483
0
VERTEX
8
CUT
10
229.4990
20
208.9567
0
VERTEX
8
CUT
10
229.4320
20
208.9708
0
VERTEX
8
CUT
10
229.3653
20
208.9875
0
VERTEX
8
CUT
10
229.2995
20
209.0066
0
VERTEX
8
CUT
10
229.2509
20
209.0228
0
VERTEX
8
CUT
10
229.2140
20
209.0360
0
VERTEX
8
CUT
10
229.1988
20
209.0418
0
VERTEX
8
CUT
10
229.1897
20
209.0453
0
VERTEX
8
CUT
10
228.2070
20
209.4326
0
VERTEX
8
CUT
10
228.1974
20
209.4365
0
VERTEX
8
CUT
10
228.1815
20
209.4430
0
VERTEX
8
CUT
10
228.1436
20
209.4595
0
VERTEX
8
CUT
10
228.0944
20
209.4822
0
VERTEX
8
CUT
10
228.0299
20
209.5152
0
VERTEX
8
CUT
10
227.9667
20
209.5509
0
VERTEX
8
CUT
10
227.9051
20
209.5889
0
VERTEX
8
CUT
10
227.8602
20
209.6193
0
VERTEX
8
CUT
10
227.8264
20
209.6432
0
VERTEX
8
CUT
10
227.8126
20
209.6535
0
VERTEX
8
CUT
10
227.8044
20
209.6597
0
VERTEX
8
CUT
10
227.5222
20
209.8748
0
VERTEX
8
CUT
10
227.5139
20
209.8812
0
VERTEX
8
CUT
10
227.5001
20
209.8920
0
VERTEX
8
CUT
10
227.4677
20
209.9185
0
VERTEX
8
CUT
10
227.4260
20
209.9543
0
VERTEX
8
CUT
10
227.3724
20
210.0043
0
VERTEX
8
CUT
10
227.3206
20
210.0567
0
VERTEX
8
CUT
10
227.2712
20
210.1110
0
VERTEX
8
CUT
10
227.2359
20
210.1530
0
VERTEX
8
CUT
10
227.2097
20
210.1858
0
VERTEX
8
CUT
10
227.1991
20
210.1996
0
VERTEX
8
CUT
10
227.1928
20
210.2080
0
VERTEX
8
CUT
10
226.5375
20
211.0885
0
VERTEX
8
CUT
10
226.5308
20
211.0976
0
VERTEX
8
CUT
10
226.5197
20
211.1129
0
VERTEX
8
CUT
10
226.4940
20
211.1504
0
VERTEX
8
CUT
10
226.4615
20
211.2003
0
VERTEX
8
CUT
10
226.4211
20
211.2688
0
VERTEX
8
CUT
10
226.3837
20
211.3393
0
VERTEX
8
CUT
10
226.3495
20
211.4112
0
VERTEX
8
CUT
10
226.3264
20
211.4660
0
VERTEX
8
CUT
10
226.3097
20
211.5083
0
VERTEX
8
CUT
10
226.3033
20
211.5261
0
VERTEX
8
CUT
10
226.2994
20
211.5368
0
VERTEX
8
CUT
10
226.0486
20
212.2538
0
VERTEX
8
CUT
10
226.0454
20
212.2630
0
VERTEX
8
CUT
10
226.0426
20
212.2712
0
VERTEX
8
CUT
10
226.0265
20
212.3242
0
VERTEX
8
CUT
10
226.0055
20
212.4020
0
VERTEX
8
CUT
10
225.9862
20
212.4911
0
VERTEX
8
CUT
10
225.9763
20
212.5510
0
VERTEX
8
CUT
10
225.9661
20
212.6417
0
VERTEX
8
CUT
10
225.9612
20
212.7221
0
VERTEX
8
CUT
10
225.9595
20
212.7775
0
VERTEX
8
CUT
10
225.9595
20
212.7861
0
VERTEX
8
CUT
10
225.9596
20
212.7959
0
VERTEX
8
CUT
10
225.9903
20
215.5506
0
VERTEX
8
CUT
10
225.9905
20
215.5608
0
VERTEX
8
CUT
10
225.9908
20
215.5777
0
VERTEX
8
CUT
10
225.9927
20
215.6185
0
VERTEX
8
CUT
10
225.9974
20
215.6874
0
VERTEX
8
CUT
10
225.9999
20
215.7178
0
VERTEX
8
CUT
10
226.0003
20
215.7210
0
VERTEX
8
CUT
10
226.0039
20
215.7514
0
VERTEX
8
CUT
10
226.0132
20
215.8198
0
VERTEX
8
CUT
10
226.0197
20
215.8601
0
VERTEX
8
CUT
10
226.0227
20
215.8768
0
VERTEX
8
CUT
10
226.0246
20
215.8868
0
VERTEX
8
CUT
10
226.3516
20
217.5657
0
VERTEX
8
CUT
10
226.3542
20
217.5784
0
VERTEX
8
CUT
10
226.3604
20
217.6081
0
VERTEX
8
CUT
10
226.3632
20
217.6209
0
VERTEX
8
CUT
10
226.3667
20
217.6364
0
VERTEX
8
CUT
10
226.3696
20
217.6490
0
VERTEX
8
CUT
10
226.3767
20
217.6786
0
VERTEX
8
CUT
10
226.3799
20
217.6912
0
VERTEX
8
CUT
10
226.3856
20
217.7135
0
VERTEX
8
CUT
10
226.3889
20
217.7261
0
VERTEX
8
CUT
10
226.3968
20
217.7554
0
VERTEX
8
CUT
10
226.4003
20
217.7680
0
VERTEX
8
CUT
10
226.4047
20
217.7832
0
VERTEX
8
CUT
10
226.4084
20
217.7957
0
VERTEX
8
CUT
10
226.4172
20
217.8248
0
VERTEX
8
CUT
10
226.4210
20
217.8372
0
VERTEX
8
CUT
10
227.7723
20
222.0840
0
VERTEX
8
CUT
10
227.7763
20
222.0961
0
VERTEX
8
CUT
10
227.7857
20
222.1243
0
VERTEX
8
CUT
10
227.7898
20
222.1363
0
VERTEX
8
CUT
10
227.7949
20
222.1510
0
VERTEX
8
CUT
10
227.7992
20
222.1630
0
VERTEX
8
CUT
10
227.8094
20
222.1909
0
VERTEX
8
CUT
10
227.8139
20
222.2028
0
VERTEX
8
CUT
10
227.8219
20
222.2238
0
VERTEX
8
CUT
10
227.8265
20
222.2357
0
VERTEX
8
CUT
10
227.8375
20
222.2633
0
VERTEX
8
CUT
10
227.8423
20
222.2751
0
VERTEX
8
CUT
10
227.8482
20
222.2894
0
VERTEX
8
CUT
10
227.8532
20
222.3011
0
VERTEX
8
CUT
10
227.8649
20
222.3284
0
VERTEX
8
CUT
10
227.8701
20
222.3400
0
VERTEX
8
CUT
10
230.0658
20
227.2413
0
VERTEX
8
CUT
10
230.0697
20
227.2499
0
VERTEX
8
CUT
10
230.0789
20
227.2698
0
VERTEX
8
CUT
10
230.0829
20
227.2784
0
VERTEX
8
CUT
10
230.0878
20
227.2888
0
VERTEX
8
CUT
10
230.0919
20
227.2973
0
VERTEX
8
CUT
10
230.1015
20
227.3170
0
VERTEX
8
CUT
10
230.1056
20
227.3255
0
VERTEX
8
CUT
10
230.1131
20
227.3405
0
VERTEX
8
CUT
10
230.1174
20
227.3489
0
VERTEX
8
CUT
10
230.1274
20
227.3684
0
VERTEX
8
CUT
10
230.1317
20
227.3768
0
VERTEX
8
CUT
10
230.1371
20
227.3870
0
VERTEX
8
CUT
10
230.1415
20
227.3953
0
VERTEX
8
CUT
10
230.1520
20
227.4147
0
VERTEX
8
CUT
10
230.1565
20
227.4229
0
VERTEX
8
CUT
10
232.6728
20
231.9752
0
VERTEX
8
CUT
10
232.6782
20
231.9849
0
VERTEX
8
CUT
10
232.6910
20
232.0073
0
VERTEX
8
CUT
10
232.6965
20
232.0169
0
VERTEX
8
CUT
10
232.7034
20
232.0286
0
VERTEX
8
CUT
10
232.7090
20
232.0381
0
VERTEX
8
CUT
10
232.7223
20
232.0603
0
VERTEX
8
CUT
10
232.7281
20
232.0698
0
VERTEX
8
CUT
10
232.7385
20
232.0865
0
VERTEX
8
CUT
10
232.7444
20
232.0958
0
VERTEX
8
CUT
10
232.7582
20
232.1177
0
VERTEX
8
CUT
10
232.7642
20
232.1270
0
VERTEX
8
CUT
10
232.7716
20
232.1383
0
VERTEX
8
CUT
10
232.7778
20
232.1475
0
VERTEX
8
CUT
10
232.7922
20
232.1690
0
VERTEX
8
CUT
10
232.7984
20
232.1782
0
VERTEX
8
CUT
10
236.8896
20
238.1140
0
VERTEX
8
CUT
10
236.8967
20
238.1241
0
VERTEX
8
CUT
10
236.9133
20
238.1475
0
VERTEX
8
CUT
10
236.9205
20
238.1575
0
VERTEX
8
CUT
10
236.9294
20
238.1697
0
VERTEX
8
CUT
10
236.9367
20
238.1796
0
VERTEX
8
CUT
10
236.9540
20
238.2026
0
VERTEX
8
CUT
10
236.9615
20
238.2124
0
VERTEX
8
CUT
10
236.9748
20
238.2297
0
VERTEX
8
CUT
10
236.9825
20
238.2394
0
VERTEX
8
CUT
10
237.0004
20
238.2619
0
VERTEX
8
CUT
10
237.0081
20
238.2715
0
VERTEX
8
CUT
10
237.0176
20
238.2831
0
VERTEX
8
CUT
10
237.0255
20
238.2926
0
VERTEX
8
CUT
10
237.0440
20
238.3146
0
VERTEX
8
CUT
10
237.0520
20
238.3240
0
VERTEX
8
CUT
10
240.2773
20
242.0532
0
VERTEX
8
CUT
10
240.2836
20
242.0604
0
VERTEX
8
CUT
10
240.2984
20
242.0771
0
VERTEX
8
CUT
10
240.3048
20
242.0843
0
VERTEX
8
CUT
10
240.3126
20
242.0929
0
VERTEX
8
CUT
10
240.3190
20
242.1000
0
VERTEX
8
CUT
10
240.3341
20
242.1164
0
VERTEX
8
CUT
10
240.3407
20
242.1234
0
VERTEX
8
CUT
10
240.3523
20
242.1357
0
VERTEX
8
CUT
10
240.3589
20
242.1426
0
VERTEX
8
CUT
10
240.3743
20
242.1587
0
VERTEX
8
CUT
10
240.3810
20
242.1656
0
VERTEX
8
CUT
10
240.3892
20
242.1739
0
VERTEX
8
CUT
10
240.3959
20
242.1807
0
VERTEX
8
CUT
10
240.4008
20
242.1855
0
VERTEX
8
CUT
10
240.4301
20
242.2134
0
VERTEX
8
CUT
10
240.4713
20
242.2509
0
VERTEX
8
CUT
10
240.5865
20
242.3553
0
VERTEX
8
CUT
10
240.5995
20
242.3674
0
VERTEX
8
CUT
10
240.7092
20
242.4728
0
VERTEX
8
CUT
10
240.7225
20
242.4859
0
VERTEX
8
CUT
10
240.8070
20
242.5724
0
VERTEX
8
CUT
10
240.8198
20
242.5859
0
VERTEX
8
CUT
10
240.8590
20
242.6285
0
VERTEX
8
CUT
10
240.8759
20
242.6464
0
VERTEX
8
CUT
10
240.9098
20
242.6813
0
VERTEX
8
CUT
10
246.1988
20
247.8392
0
VERTEX
8
CUT
10
246.2060
20
247.8461
0
VERTEX
8
CUT
10
246.2227
20
247.8620
0
VERTEX
8
CUT
10
246.2299
20
247.8688
0
VERTEX
8
CUT
10
246.2324
20
247.8712
0
VERTEX
8
CUT
10
246.2386
20
247.8769
0
VERTEX
8
CUT
10
246.2400
20
247.8783
0
VERTEX
8
CUT
10
246.2458
20
247.8836
0
VERTEX
8
CUT
10
246.2527
20
247.8899
0
VERTEX
8
CUT
10
246.2628
20
247.8991
0
VERTEX
8
CUT
10
246.2702
20
247.9058
0
VERTEX
8
CUT
10
246.2832
20
247.9174
0
VERTEX
8
CUT
10
246.2906
20
247.9239
0
VERTEX
8
CUT
10
246.3080
20
247.9391
0
VERTEX
8
CUT
10
246.3154
20
247.9456
0
VERTEX
8
CUT
10
246.3246
20
247.9534
0
VERTEX
8
CUT
10
246.3321
20
247.9597
0
VERTEX
8
CUT
10
246.3498
20
247.9745
0
VERTEX
8
CUT
10
246.3574
20
247.9808
0
VERTEX
8
CUT
10
248.9565
20
250.1043
0
VERTEX
8
CUT
10
248.9602
20
250.1073
0
VERTEX
8
CUT
10
248.9689
20
250.1143
0
VERTEX
8
CUT
10
248.9726
20
250.1173
0
VERTEX
8
CUT
10
248.9813
20
250.1242
0
VERTEX
8
CUT
10
248.9859
20
250.1279
0
VERTEX
8
CUT
10
248.9968
20
250.1365
0
VERTEX
8
CUT
10
249.0015
20
250.1401
0
VERTEX
8
CUT
10
249.0097
20
250.1465
0
VERTEX
8
CUT
10
249.0143
20
250.1501
0
VERTEX
8
CUT
10
249.0251
20
250.1583
0
VERTEX
8
CUT
10
249.0291
20
250.1614
0
VERTEX
8
CUT
10
249.0381
20
250.1682
0
VERTEX
8
CUT
10
249.0508
20
250.1777
0
VERTEX
8
CUT
10
249.0564
20
250.1819
0
VERTEX
8
CUT
10
260.3853
20
258.4914
0
VERTEX
8
CUT
10
260.3960
20
258.4994
0
VERTEX
8
CUT
10
260.4653
20
258.5527
0
VERTEX
8
CUT
10
260.4759
20
258.5610
0
VERTEX
8
CUT
10
260.5614
20
258.6298
0
VERTEX
8
CUT
10
260.5717
20
258.6383
0
VERTEX
8
CUT
10
260.6386
20
258.6946
0
VERTEX
8
CUT
10
260.6488
20
258.7034
0
VERTEX
8
CUT
10
264.0218
20
261.6767
0
VERTEX
8
CUT
10
264.0300
20
261.6840
0
VERTEX
8
CUT
10
264.0866
20
261.7358
0
VERTEX
8
CUT
10
264.0950
20
261.7436
0
VERTEX
8
CUT
10
264.1315
20
261.7782
0
VERTEX
8
CUT
10
264.1487
20
261.7953
0
VERTEX
8
CUT
10
264.2540
20
261.9037
0
VERTEX
8
CUT
10
264.2699
20
261.9208
0
VERTEX
8
CUT
10
264.2969
20
261.9509
0
VERTEX
8
CUT
10
264.3042
20
261.9592
0
VERTEX
8
CUT
10
264.3538
20
262.0165
0
VERTEX
8
CUT
10
264.3618
20
262.0259
0
VERTEX
8
CUT
10
266.5575
20
264.6713
0
VERTEX
8
CUT
10
266.5656
20
264.6812
0
VERTEX
8
CUT
10
266.6171
20
264.7461
0
VERTEX
8
CUT
10
266.6250
20
264.7562
0
VERTEX
8
CUT
10
266.6551
20
264.7959
0
VERTEX
8
CUT
10
266.6702
20
264.8165
0
VERTEX
8
CUT
10
266.7648
20
264.9525
0
VERTEX
8
CUT
10
266.7789
20
264.9738
0
VERTEX
8
CUT
10
266.8056
20
265.0159
0
VERTEX
8
CUT
10
266.8123
20
265.0267
0
VERTEX
8
CUT
10
266.8552
20
265.0976
0
VERTEX
8
CUT
10
266.8617
20
265.1086
0
VERTEX
8
CUT
10
268.4825
20
267.9218
0
VERTEX
8
CUT
10
268.4877
20
267.9312
0
VERTEX
8
CUT
10
268.5239
20
267.9967
0
VERTEX
8
CUT
10
268.5293
20
268.0065
0
VERTEX
8
CUT
10
268.5522
20
268.0499
0
VERTEX
8
CUT
10
268.5628
20
268.0711
0
VERTEX
8
CUT
10
268.6266
20
268.2041
0
VERTEX
8
CUT
10
268.6360
20
268.2248
0
VERTEX
8
CUT
10
268.6517
20
268.2610
0
VERTEX
8
CUT
10
268.6559
20
268.2709
0
VERTEX
8
CUT
10
268.6841
20
268.3393
0
VERTEX
8
CUT
10
268.6886
20
268.3505
0
VERTEX
8
CUT
10
269.4152
20
270.2188
0
VERTEX
8
CUT
10
269.4218
20
270.2366
0
VERTEX
8
CUT
10
269.4629
20
270.3530
0
VERTEX
8
CUT
10
269.4689
20
270.3710
0
VERTEX
8
CUT
10
269.5158
20
270.5185
0
VERTEX
8
CUT
10
269.5213
20
270.5367
0
VERTEX
8
CUT
10
269.5549
20
270.6555
0
VERTEX
8
CUT
10
269.5598
20
270.6738
0
VERTEX
8
CUT
10
270.0279
20
272.5518
0
VERTEX
8
CUT
10
270.0305
20
272.5625
0
VERTEX
8
CUT
10
270.0478
20
272.6378
0
VERTEX
8
CUT
10
270.0502
20
272.6491
0
VERTEX
8
CUT
10
270.0606
20
272.6987
0
VERTEX
8
CUT
10
270.0652
20
272.7226
0
VERTEX
8
CUT
10
270.0903
20
272.8727
0
VERTEX
8
CUT
10
270.0937
20
272.8960
0
VERTEX
8
CUT
10
270.0989
20
272.9364
0
VERTEX
8
CUT
10
270.1002
20
272.9473
0
VERTEX
8
CUT
10
270.1084
20
273.0233
0
VERTEX
8
CUT
10
270.1097
20
273.0356
0
VERTEX
8
CUT
10
270.2641
20
274.7915
0
VERTEX
8
CUT
10
270.2650
20
274.8023
0
VERTEX
8
CUT
10
270.2702
20
274.8774
0
VERTEX
8
CUT
10
270.2709
20
274.8886
0
VERTEX
8
CUT
10
270.2734
20
274.9380
0
VERTEX
8
CUT
10
270.2741
20
274.9618
0
VERTEX
8
CUT
10
270.2758
20
275.1102
0
VERTEX
8
CUT
10
270.2756
20
275.1331
0
VERTEX
8
CUT
10
270.2746
20
275.1729
0
VERTEX
8
CUT
10
270.2742
20
275.1836
0
VERTEX
8
CUT
10
270.2708
20
275.2581
0
VERTEX
8
CUT
10
270.2702
20
275.2702
0
VERTEX
8
CUT
10
270.1589
20
276.9780
0
VERTEX
8
CUT
10
270.1581
20
276.9886
0
VERTEX
8
CUT
10
270.1520
20
277.0621
0
VERTEX
8
CUT
10
270.1510
20
277.0731
0
VERTEX
8
CUT
10
270.1461
20
277.1212
0
VERTEX
8
CUT
10
270.1433
20
277.1444
0
VERTEX
8
CUT
10
270.1231
20
277.2883
0
VERTEX
8
CUT
10
270.1195
20
277.3104
0
VERTEX
8
CUT
10
270.1127
20
277.3487
0
VERTEX
8
CUT
10
270.1107
20
277.3591
0
VERTEX
8
CUT
10
270.0966
20
277.4307
0
VERTEX
8
CUT
10
270.0942
20
277.4423
0
VERTEX
8
CUT
10
269.7293
20
279.1161
0
VERTEX
8
CUT
10
269.7265
20
279.1283
0
VERTEX
8
CUT
10
269.7076
20
279.2069
0
VERTEX
8
CUT
10
269.7046
20
279.2190
0
VERTEX
8
CUT
10
269.6922
20
279.2661
0
VERTEX
8
CUT
10
269.6854
20
279.2901
0
VERTEX
8
CUT
10
269.6380
20
279.4448
0
VERTEX
8
CUT
10
269.6302
20
279.4684
0
VERTEX
8
CUT
10
269.6140
20
279.5143
0
VERTEX
8
CUT
10
269.6097
20
279.5260
0
VERTEX
8
CUT
10
269.5812
20
279.6018
0
VERTEX
8
CUT
10
269.5767
20
279.6134
0
VERTEX
8
CUT
10
269.2486
20
280.4329
0
VERTEX
8
CUT
10
269.2429
20
280.4466
0
VERTEX
8
CUT
10
269.2048
20
280.5355
0
VERTEX
8
CUT
10
269.1987
20
280.5491
0
VERTEX
8
CUT
10
269.1745
20
280.6019
0
VERTEX
8
CUT
10
269.1614
20
280.6286
0
VERTEX
8
CUT
10
269.0734
20
280.7977
0
VERTEX
8
CUT
10
269.0433
20
280.8490
0
VERTEX
8
CUT
10
268.9404
20
281.0064
0
VERTEX
8
CUT
10
268.9055
20
281.0545
0
VERTEX
8
CUT
10
268.7875
20
281.2009
0
VERTEX
8
CUT
10
268.7479
20
281.2453
0
VERTEX
8
CUT
10
268.6160
20
281.3793
0
VERTEX
8
CUT
10
268.5723
20
281.4196
0
VERTEX
8
CUT
10
268.4277
20
281.5398
0
VERTEX
8
CUT
10
268.3802
20
281.5756
0
VERTEX
8
CUT
10
268.2245
20
281.6810
0
VERTEX
8
CUT
10
268.1736
20
281.7118
0
VERTEX
8
CUT
10
268.0083
20
281.8013
0
VERTEX
8
CUT
10
267.9546
20
281.8270
0
VERTEX
8
CUT
10
267.7812
20
281.8996
0
VERTEX
8
CUT
10
267.7253
20
281.9198
0
VERTEX
8
CUT
10
267.5455
20
281.9749
0
VERTEX
8
CUT
10
267.4878
20
281.9895
0
VERTEX
8
CUT
10
267.3035
20
282.0266
0
VERTEX
8
CUT
10
267.2447
20
282.0354
0
VERTEX
8
CUT
10
267.0550
20
282.0543
0
VERTEX
8
CUT
10
267.0253
20
282.0565
0
VERTEX
8
CUT
10
266.9673
20
282.0594
0
VERTEX
8
CUT
10
266.9524
20
282.0599
0
VERTEX
8
CUT
10
266.8558
20
282.0623
0
VERTEX
8
CUT
10
266.8409
20
282.0625
0
VERTEX
8
CUT
10
242.1471
20
282.0625
0
VERTEX
8
CUT
10
242.1316
20
282.0623
0
VERTEX
8
CUT
10
242.0302
20
282.0597
0
VERTEX
8
CUT
10
242.0147
20
282.0591
0
VERTEX
8
CUT
10
241.9539
20
282.0559
0
VERTEX
8
CUT
10
241.9228
20
282.0535
0
VERTEX
8
CUT
10
241.7240
20
282.0327
0
VERTEX
8
CUT
10
241.6625
20
282.0230
0
VERTEX
8
CUT
10
241.4696
20
281.9824
0
VERTEX
8
CUT
10
241.4094
20
281.9663
0
VERTEX
8
CUT
10
241.2218
20
281.9059
0
VERTEX
8
CUT
10
241.1635
20
281.8837
0
VERTEX
8
CUT
10
240.9833
20
281.8041
0
VERTEX
8
CUT
10
240.9276
20
281.7760
0
VERTEX
8
CUT
10
240.7566
20
281.6781
0
VERTEX
8
CUT
10
240.7041
20
281.6443
0
VERTEX
8
CUT
10
240.5442
20
281.5292
0
VERTEX
8
CUT
10
240.4955
20
281.4902
0
VERTEX
8
CUT
10
240.3463
20
281.3573
0
VERTEX
8
CUT
10
240.3236
20
281.3360
0
VERTEX
8
CUT
10
240.2803
20
281.2932
0
VERTEX
8
CUT
10
240.2694
20
281.2821
0
VERTEX
8
CUT
10
240.1992
20
281.2090
0
VERTEX
8
CUT
10
240.1885
20
281.1976
0
VERTEX
8
CUT
10
239.8177
20
280.7907
0
VERTEX
8
CUT
10
239.8085
20
280.7803
0
VERTEX
8
CUT
10
239.7491
20
280.7121
0
VERTEX
8
CUT
10
239.7401
20
280.7015
0
VERTEX
8
CUT
10
239.6677
20
280.6142
0
VERTEX
8
CUT
10
239.6589
20
280.6034
0
VERTEX
8
CUT
10
239.6028
20
280.5326
0
VERTEX
8
CUT
10
239.5943
20
280.5216
0
VERTEX
8
CUT
10
237.2950
20
277.4742
0
VERTEX
8
CUT
10
237.2871
20
277.4635
0
VERTEX
8
CUT
10
237.2367
20
277.3936
0
VERTEX
8
CUT
10
237.2291
20
277.3827
0
VERTEX
8
CUT
10
237.1678
20
277.2935
0
VERTEX
8
CUT
10
237.1604
20
277.2825
0
VERTEX
8
CUT
10
237.1131
20
277.2104
0
VERTEX
8
CUT
10
237.1060
20
277.1992
0
VERTEX
8
CUT
10
234.6642
20
273.2867
0
VERTEX
8
CUT
10
234.6565
20
273.2739
0
VERTEX
8
CUT
10
234.6071
20
273.1903
0
VERTEX
8
CUT
10
234.5997
20
273.1773
0
VERTEX
8
CUT
10
234.5713
20
273.1263
0
VERTEX
8
CUT
10
234.5574
20
273.0999
0
VERTEX
8
CUT
10
234.4716
20
272.9258
0
VERTEX
8
CUT
10
234.4590
20
272.8987
0
VERTEX
8
CUT
10
234.4358
20
272.8452
0
VERTEX
8
CUT
10
234.4301
20
272.8314
0
VERTEX
8
CUT
10
234.3937
20
272.7413
0
VERTEX
8
CUT
10
234.3883
20
272.7274
0
VERTEX
8
CUT
10
231.9980
20
266.3525
0
VERTEX
8
CUT
10
231.9930
20
266.3387
0
VERTEX
8
CUT
10
231.9618
20
266.2487
0
VERTEX
8
CUT
10
231.9571
20
266.2348
0
VERTEX
8
CUT
10
231.9207
20
266.1209
0
VERTEX
8
CUT
10
231.9164
20
266.1069
0
VERTEX
8
CUT
10
231.8896
20
266.0155
0
VERTEX
8
CUT
10
231.8856
20
266.0013
0
VERTEX
8
CUT
10
230.4847
20
260.7564
0
VERTEX
8
CUT
10
230.4821
20
260.7464
0
VERTEX
8
CUT
10
230.4647
20
260.6763
0
VERTEX
8
CUT
10
230.4621
20
260.6654
0
VERTEX
8
CUT
10
230.4420
20
260.5776
0
VERTEX
8
CUT
10
230.4396
20
260.5669
0
VERTEX
8
CUT
10
230.4250
20
260.4972
0
VERTEX
8
CUT
10
230.4227
20
260.4858
0
VERTEX
8
CUT
10
229.4671
20
255.4474
0
VERTEX
8
CUT
10
229.4642
20
255.4307
0
VERTEX
8
CUT
10
229.4467
20
255.3216
0
VERTEX
8
CUT
10
229.4442
20
255.3048
0
VERTEX
8
CUT
10
229.4356
20
255.2391
0
VERTEX
8
CUT
10
229.4321
20
255.2053
0
VERTEX
8
CUT
10
229.4157
20
254.9851
0
VERTEX
8
CUT
10
229.4142
20
254.9512
0
VERTEX
8
CUT
10
229.4130
20
254.8849
0
VERTEX
8
CUT
10
229.4130
20
254.8679
0
VERTEX
8
CUT
10
229.4142
20
254.7575
0
VERTEX
8
CUT
10
229.4146
20
254.7405
0
VERTEX
8
CUT
10
229.7726
20
245.6103
0
VERTEX
8
CUT
10
229.7730
20
245.5959
0
VERTEX
8
CUT
10
229.7738
20
245.5624
0
VERTEX
8
CUT
10
229.7740
20
245.5480
0
VERTEX
8
CUT
10
229.7742
20
245.5305
0
VERTEX
8
CUT
10
229.7742
20
245.5161
0
VERTEX
8
CUT
10
229.7739
20
245.4826
0
VERTEX
8
CUT
10
229.7736
20
245.4682
0
VERTEX
8
CUT
10
229.7730
20
245.4428
0
VERTEX
8
CUT
10
229.7725
20
245.4284
0
VERTEX
8
CUT
10
229.7712
20
245.3949
0
VERTEX
8
CUT
10
229.7705
20
245.3805
0
VERTEX
8
CUT
10
229.7695
20
245.3630
0
VERTEX
8
CUT
10
229.7685
20
245.3487
0
VERTEX
8
CUT
10
229.7661
20
245.3152
0
VERTEX
8
CUT
10
229.7649
20
245.3009
0
VERTEX
8
CUT
10
229.3831
20
241.0031
0
VERTEX
8
CUT
10
229.3815
20
240.9871
0
VERTEX
8
CUT
10
229.3776
20
240.9498
0
VERTEX
8
CUT
10
229.3757
20
240.9338
0
VERTEX
8
CUT
10
229.3733
20
240.9143
0
VERTEX
8
CUT
10
229.3711
20
240.8984
0
VERTEX
8
CUT
10
229.3658
20
240.8612
0
VERTEX
8
CUT
10
229.3634
20
240.8453
0
VERTEX
8
CUT
10
229.3588
20
240.8172
0
VERTEX
8
CUT
10
229.3561
20
240.8014
0
VERTEX
8
CUT
10
229.3495
20
240.7644
0
VERTEX
8
CUT
10
229.3465
20
240.7486
0
VERTEX
8
CUT
10
229.3427
20
240.7294
0
VERTEX
8
CUT
10
229.3394
20
240.7136
0
VERTEX
8
CUT
10
229.3314
20
240.6769
0
VERTEX
8
CUT
10
229.3279
20
240.6612
0
VERTEX
8
CUT
10
228.3763
20
236.6275
0
VERTEX
8
CUT
10
228.3725
20
236.6119
0
VERTEX
8
CUT
10
228.3632
20
236.5756
0
VERTEX
8
CUT
10
228.3591
20
236.5601
0
VERTEX
8
CUT
10
228.3539
20
236.5412
0
VERTEX
8
CUT
10
228.3495
20
236.5257
0
VERTEX
8
CUT
10
228.3390
20
236.4897
0
VERTEX
8
CUT
10
228.3343
20
236.4744
0
VERTEX
8
CUT
10
228.3259
20
236.4473
0
VERTEX
8
CUT
10
228.3209
20
236.4320
0
VERTEX
8
CUT
10
228.3091
20
236.3964
0
VERTEX
8
CUT
10
228.3039
20
236.3812
0
VERTEX
8
CUT
10
228.2974
20
236.3628
0
VERTEX
8
CUT
10
228.2919
20
236.3477
0
VERTEX
8
CUT
10
228.2788
20
236.3125
0
VERTEX
8
CUT
10
228.2731
20
236.2975
0
VERTEX
8
CUT
10
226.7075
20
232.3141
0
VERTEX
8
CUT
10
226.7016
20
232.2993
0
VERTEX
8
CUT
10
226.6874
20
232.2651
0
VERTEX
8
CUT
10
226.6812
20
232.2505
0
VERTEX
8
CUT
10
226.6735
20
232.2327
0
VERTEX
8
CUT
10
226.6670
20
232.2182
0
VERTEX
8
CUT
10
226.6517
20
232.1845
0
VERTEX
8
CUT
10
226.6450
20
232.1701
0
VERTEX
8
CUT
10
226.6329
20
232.1447
0
VERTEX
8
CUT
10
226.6259
20
232.1304
0
VERTEX
8
CUT
10
226.6094
20
232.0973
0
VERTEX
8
CUT
10
226.6021
20
232.0831
0
VERTEX
8
CUT
10
226.5932
20
232.0659
0
VERTEX
8
CUT
10
226.5857
20
232.0519
0
VERTEX
8
CUT
10
226.5680
20
232.0194
0
VERTEX
8
CUT
10
226.5603
20
232.0055
0
VERTEX
8
CUT
10
224.0664
20
227.6060
0
VERTEX
8
CUT
10
224.0587
20
227.5926
0
VERTEX
8
CUT
10
224.0404
20
227.5616
0
VERTEX
8
CUT
10
224.0324
20
227.5483
0
VERTEX
8
CUT
10
224.0226
20
227.5323
0
VERTEX
8
CUT
10
224.0144
20
227.5192
0
VERTEX
8
CUT
10
223.9951
20
227.4888
0
VERTEX
8
CUT
10
223.9867
20
227.4759
0
VERTEX
8
CUT
10
223.9716
20
227.4531
0
VERTEX
8
CUT
10
223.9630
20
227.4403
0
VERTEX
8
CUT
10
223.9426
20
227.4106
0
VERTEX
8
CUT
10
223.9338
20
227.3979
0
VERTEX
8
CUT
10
223.9228
20
227.3826
0
VERTEX
8
CUT
10
223.9138
20
227.3701
0
VERTEX
8
CUT
10
223.8924
20
227.3411
0
VERTEX
8
CUT
10
223.8831
20
227.3288
0
VERTEX
8
CUT
10
223.4329
20
226.7402
0
VERTEX
8
CUT
10
223.4051
20
226.7056
0
VERTEX
8
CUT
10
223.3525
20
226.6435
0
VERTEX
8
CUT
10
223.2919
20
226.5786
0
VERTEX
8
CUT
10
223.2494
20
226.5375
0
VERTEX
8
CUT
10
223.1827
20
226.4789
0
VERTEX
8
CUT
10
223.1364
20
226.4421
0
VERTEX
8
CUT
10
223.0642
20
226.3904
0
VERTEX
8
CUT
10
223.0145
20
226.3584
0
VERTEX
8
CUT
10
222.9376
20
226.3140
0
VERTEX
8
CUT
10
222.8850
20
226.2871
0
VERTEX
8
CUT
10
222.8040
20
226.2505
0
VERTEX
8
CUT
10
222.7490
20
226.2289
0
VERTEX
8
CUT
10
222.6649
20
226.2005
0
VERTEX
8
CUT
10
222.6080
20
226.1844
0
VERTEX
8
CUT
10
222.5215
20
226.1644
0
VERTEX
8
CUT
10
222.4633
20
226.1540
0
VERTEX
8
CUT
10
222.3752
20
226.1426
0
VERTEX
8
CUT
10
222.3163
20
226.1380
0
VERTEX
8
CUT
10
222.2275
20
226.1354
0
VERTEX
8
CUT
10
222.1684
20
226.1366
0
VERTEX
8
CUT
10
222.0798
20
226.1427
0
VERTEX
8
CUT
10
222.0211
20
226.1497
0
VERTEX
8
CUT
10
221.9335
20
226.1646
0
VERTEX
8
CUT
10
221.8758
20
226.1773
0
VERTEX
8
CUT
10
221.7901
20
226.2008
0
VERTEX
8
CUT
10
221.7340
20
226.2191
0
VERTEX
8
CUT
10
221.6510
20
226.2509
0
VERTEX
8
CUT
10
221.5969
20
226.2747
0
VERTEX
8
CUT
10
221.5175
20
226.3145
0
VERTEX
8
CUT
10
221.4660
20
226.3436
0
VERTEX
8
CUT
10
221.3909
20
226.3910
0
VERTEX
8
CUT
10
221.3426
20
226.4249
0
VERTEX
8
CUT
10
221.2725
20
226.4795
0
VERTEX
8
CUT
10
221.2277
20
226.5181
0
VERTEX
8
CUT
10
221.1634
20
226.5793
0
VERTEX
8
CUT
10
221.1226
20
226.6221
0
VERTEX
8
CUT
10
221.0646
20
226.6894
0
VERTEX
8
CUT
10
221.0283
20
226.7360
0
VERTEX
8
CUT
10
220.9772
20
226.8087
0
VERTEX
8
CUT
10
220.9456
20
226.8586
0
VERTEX
8
CUT
10
220.9019
20
226.9360
0
VERTEX
8
CUT
10
220.8755
20
226.9888
0
VERTEX
8
CUT
10
220.8396
20
227.0701
0
VERTEX
8
CUT
10
220.8185
20
227.1253
0
VERTEX
8
CUT
10
220.7908
20
227.2097
0
VERTEX
8
CUT
10
220.7752
20
227.2667
0
VERTEX
8
CUT
10
220.7560
20
227.3534
0
VERTEX
8
CUT
10
220.7461
20
227.4117
0
VERTEX
8
CUT
10
220.7355
20
227.4999
0
VERTEX
8
CUT
10
220.7314
20
227.5588
0
VERTEX
8
CUT
10
220.7296
20
227.6476
0
VERTEX
8
CUT
10
220.7313
20
227.7067
0
VERTEX
8
CUT
10
220.7382
20
227.7952
0
VERTEX
8
CUT
10
220.7458
20
227.8539
0
VERTEX
8
CUT
10
220.7614
20
227.9413
0
VERTEX
8
CUT
10
220.7747
20
227.9989
0
VERTEX
8
CUT
10
220.7989
20
228.0844
0
VERTEX
8
CUT
10
220.8248
20
228.1615
0
VERTEX
8
CUT
10
220.8401
20
228.2032
0
VERTEX
8
CUT
10
221.3460
20
229.4905
0
VERTEX
8
CUT
10
221.3535
20
229.5105
0
VERTEX
8
CUT
10
221.3997
20
229.6418
0
VERTEX
8
CUT
10
221.4065
20
229.6621
0
VERTEX
8
CUT
10
221.4586
20
229.8287
0
VERTEX
8
CUT
10
221.4646
20
229.8493
0
VERTEX
8
CUT
10
221.5014
20
229.9835
0
VERTEX
8
CUT
10
221.5067
20
230.0043
0
VERTEX
8
CUT
10
222.3283
20
233.4871
0
VERTEX
8
CUT
10
222.3329
20
233.5081
0
VERTEX
8
CUT
10
222.3600
20
233.6448
0
VERTEX
8
CUT
10
222.3638
20
233.6659
0
VERTEX
8
CUT
10
222.3917
20
233.8386
0
VERTEX
8
CUT
10
222.3947
20
233.8598
0
VERTEX
8
CUT
10
222.4120
20
233.9982
0
VERTEX
8
CUT
10
222.4143
20
234.0195
0
VERTEX
8
CUT
10
222.7458
20
237.7511
0
VERTEX
8
CUT
10
222.7472
20
237.7702
0
VERTEX
8
CUT
10
222.7543
20
237.8945
0
VERTEX
8
CUT
10
222.7551
20
237.9137
0
VERTEX
8
CUT
10
222.7589
20
238.0699
0
VERTEX
8
CUT
10
222.7591
20
238.0891
0
VERTEX
8
CUT
10
222.7582
20
238.2137
0
VERTEX
8
CUT
10
222.7577
20
238.2328
0
VERTEX
8
CUT
10
222.4274
20
246.6579
0
VERTEX
8
CUT
10
222.4270
20
246.7023
0
VERTEX
8
CUT
10
222.4286
20
246.7991
0
VERTEX
8
CUT
10
222.4303
20
246.8412
0
VERTEX
8
CUT
10
222.4326
20
246.8770
0
VERTEX
8
CUT
10
222.4330
20
246.8841
0
VERTEX
8
CUT
10
222.4380
20
246.9800
0
VERTEX
8
CUT
10
222.4388
20
247.0108
0
VERTEX
8
CUT
10
222.4388
20
247.2069
0
VERTEX
8
CUT
10
222.4357
20
247.2680
0
VERTEX
8
CUT
10
222.4161
20
247.4605
0
VERTEX
8
CUT
10
222.4068
20
247.5209
0
VERTEX
8
CUT
10
222.3677
20
247.7104
0
VERTEX
8
CUT
10
222.3522
20
247.7696
0
VERTEX
8
CUT
10
222.2940
20
247.9541
0
VERTEX
8
CUT
10
222.2726
20
248.0115
0
VERTEX
8
CUT
10
222.1959
20
248.1890
0
VERTEX
8
CUT
10
222.1688
20
248.2439
0
VERTEX
8
CUT
10
222.0744
20
248.4128
0
VERTEX
8
CUT
10
222.0418
20
248.4646
0
VERTEX
8
CUT
10
221.9307
20
248.6229
0
VERTEX
8
CUT
10
221.8930
20
248.6712
0
VERTEX
8
CUT
10
221.7663
20
248.8174
0
VERTEX
8
CUT
10
221.7239
20
248.8615
0
VERTEX
8
CUT
10
221.5830
20
248.9941
0
VERTEX
8
CUT
10
221.5363
20
249.0337
0
VERTEX
8
CUT
10
221.3805
20
249.1528
0
VERTEX
8
CUT
10
221.3557
20
249.1708
0
VERTEX
8
CUT
10
221.2908
20
249.2154
0
VERTEX
8
CUT
10
221.2856
20
249.2189
0
VERTEX
8
CUT
10
221.2797
20
249.2229
0
VERTEX
8
CUT
10
221.2441
20
249.2480
0
VERTEX
8
CUT
10
221.1765
20
249.2983
0
VERTEX
8
CUT
10
221.1059
20
249.3567
0
VERTEX
8
CUT
10
221.0609
20
249.3978
0
VERTEX
8
CUT
10
220.9966
20
249.4631
0
VERTEX
8
CUT
10
220.9560
20
249.5086
0
VERTEX
8
CUT
10
220.8987
20
249.5800
0
VERTEX
8
CUT
10
220.8630
20
249.6294
0
VERTEX
8
CUT
10
220.8132
20
249.7063
0
VERTEX
8
CUT
10
220.7827
20
249.7591
0
VERTEX
8
CUT
10
220.7410
20
249.8406
0
VERTEX
8
CUT
10
220.7066
20
249.9171
0
VERTEX
8
CUT
10
220.6889
20
249.9594
0
VERTEX
8
CUT
10
219.9197
20
251.9356
0
VERTEX
8
CUT
10
219.9195
20
251.9361
0
VERTEX
8
CUT
10
219.9158
20
251.9453
0
VERTEX
8
CUT
10
219.8899
20
252.0089
0
VERTEX
8
CUT
10
219.8858
20
252.0186
0
VERTEX
8
CUT
10
219.8521
20
252.0973
0
VERTEX
8
CUT
10
219.8479
20
252.1068
0
VERTEX
8
CUT
10
219.8201
20
252.1685
0
VERTEX
8
CUT
10
219.8155
20
252.1785
0
VERTEX
8
CUT
10
218.1388
20
255.7305
0
VERTEX
8
CUT
10
218.1328
20
255.7427
0
VERTEX
8
CUT
10
218.0935
20
255.8215
0
VERTEX
8
CUT
10
218.0873
20
255.8335
0
VERTEX
8
CUT
10
218.0356
20
255.9312
0
VERTEX
8
CUT
10
218.0291
20
255.9431
0
VERTEX
8
CUT
10
217.9862
20
256.0200
0
VERTEX
8
CUT
10
217.9795
20
256.0318
0
VERTEX
8
CUT
10
217.0701
20
257.5790
0
VERTEX
8
CUT
10
217.0637
20
257.5897
0
VERTEX
8
CUT
10
217.0212
20
257.6587
0
VERTEX
8
CUT
10
217.0145
20
257.6692
0
VERTEX
8
CUT
10
216.9594
20
257.7547
0
VERTEX
8
CUT
10
216.9525
20
257.7651
0
VERTEX
8
CUT
10
216.9072
20
257.8323
0
VERTEX
8
CUT
10
216.9001
20
257.8425
0
VERTEX
8
CUT
10
216.3703
20
258.5933
0
VERTEX
8
CUT
10
215.9338
20
259.2896
0
VERTEX
8
CUT
10
215.9249
20
259.3033
0
VERTEX
8
CUT
10
215.8663
20
259.3914
0
VERTEX
8
CUT
10
215.8571
20
259.4049
0
VERTEX
8
CUT
10
215.7805
20
259.5135
0
VERTEX
8
CUT
10
215.7710
20
259.5266
0
VERTEX
8
CUT
10
215.7076
20
259.6115
0
VERTEX
8
CUT
10
215.6977
20
259.6244
0
VERTEX
8
CUT
10
215.1825
20
260.2766
0
VERTEX
8
CUT
10
214.6835
20
260.9837
0
VERTEX
8
CUT
10
214.6736
20
260.9974
0
VERTEX
8
CUT
10
214.6074
20
261.0857
0
VERTEX
8
CUT
10
214.5971
20
261.0992
0
VERTEX
8
CUT
10
214.5110
20
261.2076
0
VERTEX
8
CUT
10
214.5002
20
261.2207
0
VERTEX
8
CUT
10
214.4292
20
261.3052
0
VERTEX
8
CUT
10
214.4181
20
261.3180
0
VERTEX
8
CUT
10
213.9038
20
261.8954
0
VERTEX
8
CUT
10
213.3643
20
262.5785
0
VERTEX
8
CUT
10
213.3521
20
262.5933
0
VERTEX
8
CUT
10
213.2720
20
262.6884
0
VERTEX
8
CUT
10
213.2594
20
262.7029
0
VERTEX
8
CUT
10
213.1550
20
262.8189
0
VERTEX
8
CUT
10
213.1420
20
262.8330
0
VERTEX
8
CUT
10
213.0559
20
262.9228
0
VERTEX
8
CUT
10
213.0424
20
262.9364
0
VERTEX
8
CUT
10
212.5293
20
263.4386
0
VERTEX
8
CUT
10
211.8701
20
264.1786
0
VERTEX
8
CUT
10
211.8605
20
264.1892
0
VERTEX
8
CUT
10
211.7967
20
264.2574
0
VERTEX
8
CUT
10
211.7868
20
264.2678
0
VERTEX
8
CUT
10
211.7047
20
264.3515
0
VERTEX
8
CUT
10
211.6945
20
264.3616
0
VERTEX
8
CUT
10
211.6276
20
264.4267
0
VERTEX
8
CUT
10
211.6171
20
264.4366
0
VERTEX
8
CUT
10
209.6564
20
266.2535
0
VERTEX
8
CUT
10
209.6485
20
266.2607
0
VERTEX
8
CUT
10
209.5933
20
266.3101
0
VERTEX
8
CUT
10
209.5847
20
266.3176
0
VERTEX
8
CUT
10
209.5147
20
266.3778
0
VERTEX
8
CUT
10
209.5062
20
266.3851
0
VERTEX
8
CUT
10
209.4500
20
266.4316
0
VERTEX
8
CUT
10
209.4410
20
266.4389
0
VERTEX
8
CUT
10
209.4313
20
266.4471
0
VERTEX
8
CUT
10
209.4201
20
266.4564
0
VERTEX
8
CUT
10
207.4965
20
268.0037
0
VERTEX
8
CUT
10
207.4853
20
268.0126
0
VERTEX
8
CUT
10
207.4113
20
268.0692
0
VERTEX
8
CUT
10
207.3999
20
268.0778
0
VERTEX
8
CUT
10
207.3054
20
268.1466
0
VERTEX
8
CUT
10
207.2937
20
268.1549
0
VERTEX
8
CUT
10
207.2172
20
268.2079
0
VERTEX
8
CUT
10
207.2053
20
268.2159
0
VERTEX
8
CUT
10
205.9006
20
269.0743
0
VERTEX
8
CUT
10
205.2625
20
269.5028
0
VERTEX
8
CUT
10
205.2493
20
269.5114
0
VERTEX
8
CUT
10
205.1625
20
269.5664
0
VERTEX
8
CUT
10
205.1490
20
269.5747
0
VERTEX
8
CUT
10
205.1240
20
269.5897
0
VERTEX
8
CUT
10
205.1168
20
269.5941
0
VERTEX
8
CUT
10
205.0065
20
269.6599
0
VERTEX
8
CUT
10
204.9928
20
269.6678
0
VERTEX
8
CUT
10
204.9036
20
269.7179
0
VERTEX
8
CUT
10
204.8897
20
269.7254
0
VERTEX
8
CUT
10
202.8681
20
270.7912
0
VERTEX
8
CUT
10
202.8547
20
270.7981
0
VERTEX
8
CUT
10
202.7664
20
270.8418
0
VERTEX
8
CUT
10
202.7528
20
270.8484
0
VERTEX
8
CUT
10
202.6406
20
270.9004
0
VERTEX
8
CUT
10
202.6268
20
270.9066
0
VERTEX
8
CUT
10
202.5365
20
270.9458
0
VERTEX
8
CUT
10
202.5225
20
270.9517
0
VERTEX
8
CUT
10
201.6731
20
271.2951
0
VERTEX
8
CUT
10
200.4588
20
271.8046
0
VERTEX
8
CUT
10
200.4449
20
271.8102
0
VERTEX
8
CUT
10
200.3540
20
271.8457
0
VERTEX
8
CUT
10
200.3399
20
271.8510
0
VERTEX
8
CUT
10
200.2248
20
271.8927
0
VERTEX
8
CUT
10
200.2106
20
271.8976
0
VERTEX
8
CUT
10
200.1180
20
271.9285
0
VERTEX
8
CUT
10
200.1037
20
271.9331
0
VERTEX
8
CUT
10
197.8109
20
272.6353
0
VERTEX
8
CUT
10
197.7982
20
272.6391
0
VERTEX
8
CUT
10
197.7151
20
272.6625
0
VERTEX
8
CUT
10
197.7023
20
272.6660
0
VERTEX
8
CUT
10
197.5974
20
272.6931
0
VERTEX
8
CUT
10
197.5845
20
272.6963
0
VERTEX
8
CUT
10
197.5005
20
272.7160
0
VERTEX
8
CUT
10
197.4875
20
272.7189
0
VERTEX
8
CUT
10
195.0496
20
273.2351
0
VERTEX
8
CUT
10
195.0394
20
273.2372
0
VERTEX
8
CUT
10
194.9679
20
273.2510
0
VERTEX
8
CUT
10
194.9569
20
273.2531
0
VERTEX
8
CUT
10
194.8675
20
273.2686
0
VERTEX
8
CUT
10
194.8566
20
273.2704
0
VERTEX
8
CUT
10
194.7858
20
273.2814
0
VERTEX
8
CUT
10
194.7742
20
273.2831
0
VERTEX
8
CUT
10
192.0769
20
273.6484
0
VERTEX
8
CUT
10
192.0657
20
273.6498
0
VERTEX
8
CUT
10
191.9884
20
273.6588
0
VERTEX
8
CUT
10
191.9765
20
273.6601
0
VERTEX
8
CUT
10
191.8800
20
273.6694
0
VERTEX
8
CUT
10
191.8682
20
273.6704
0
VERTEX
8
CUT
10
191.7918
20
273.6762
0
VERTEX
8
CUT
10
191.7792
20
273.6771
0
VERTEX
8
CUT
10
190.7803
20
273.7324
0
VERTEX
8
CUT
10
190.6013
20
273.7530
0
VERTEX
8
CUT
10
190.5856
20
273.7546
0
VERTEX
8
CUT
10
190.4831
20
273.7637
0
VERTEX
8
CUT
10
190.4674
20
273.7649
0
VERTEX
8
CUT
10
190.3385
20
273.7729
0
VERTEX
8
CUT
10
190.3227
20
273.7737
0
VERTEX
8
CUT
10
190.2199
20
273.7773
0
VERTEX
8
CUT
10
190.2041
20
273.7777
0
VERTEX
8
CUT
10
189.9174
20
273.7803
0
VERTEX
8
CUT
10
189.2917
20
273.8150
0
VERTEX
8
CUT
10
189.2721
20
273.8157
0
VERTEX
8
CUT
10
189.1448
20
273.8186
0
VERTEX
8
CUT
10
189.1252
20
273.8187
0
VERTEX
8
CUT
10
189.1159
20
273.8186
0
VERTEX
8
CUT
10
189.0731
20
273.8198
0
VERTEX
8
CUT
10
189.0555
20
273.8200
0
VERTEX
8
CUT
10
188.9118
20
273.8196
0
VERTEX
8
CUT
10
188.8942
20
273.8193
0
VERTEX
8
CUT
10
188.7798
20
273.8157
0
VERTEX
8
CUT
10
188.7622
20
273.8149
0
VERTEX
8
CUT
10
188.4208
20
273.7939
0
VERTEX
8
CUT
10
187.6679
20
273.8008
0
VERTEX
8
CUT
10
187.6544
20
273.8007
0
VERTEX
8
CUT
10
187.5668
20
273.7996
0
VERTEX
8
CUT
10
187.5533
20
273.7992
0
VERTEX
8
CUT
10
187.4434
20
273.7953
0
VERTEX
8
CUT
10
187.4299
20
273.7947
0
VERTEX
8
CUT
10
187.3424
20
273.7896
0
VERTEX
8
CUT
10
187.3290
20
273.7886
0
VERTEX
8
CUT
10
184.3391
20
273.5466
0
VERTEX
8
CUT
10
184.3296
20
273.5457
0
VERTEX
8
CUT
10
184.2633
20
273.5393
0
VERTEX
8
CUT
10
184.2531
20
273.5382
0
VERTEX
8
CUT
10
184.1706
20
273.5288
0
VERTEX
8
CUT
10
184.1606
20
273.5276
0
VERTEX
8
CUT
10
184.0956
20
273.5190
0
VERTEX
8
CUT
10
184.0850
20
273.5175
0
VERTEX
8
CUT
10
184.0535
20
273.5128
0
VERTEX
8
CUT
10
184.0507
20
273.5125
0
VERTEX
8
CUT
10
184.0377
20
273.5107
0
VERTEX
8
CUT
10
183.2272
20
273.3894
0
VERTEX
8
CUT
10
182.9255
20
273.3666
0
VERTEX
8
CUT
10
182.8827
20
273.3644
0
VERTEX
8
CUT
10
182.8043
20
273.3623
0
VERTEX
8
CUT
10
182.7188
20
273.3640
0
VERTEX
8
CUT
10
182.6619
20
273.3678
0
VERTEX
8
CUT
10
182.5769
20
273.3776
0
VERTEX
8
CUT
10
182.5207
20
273.3868
0
VERTEX
8
CUT
10
182.4370
20
273.4047
0
VERTEX
8
CUT
10
182.3819
20
273.4192
0
VERTEX
8
CUT
10
182.3002
20
273.4449
0
VERTEX
8
CUT
10
182.2467
20
273.4646
0
VERTEX
8
CUT
10
182.1679
20
273.4980
0
VERTEX
8
CUT
10
182.1166
20
273.5226
0
VERTEX
8
CUT
10
182.0413
20
273.5633
0
VERTEX
8
CUT
10
181.9925
20
273.5928
0
VERTEX
8
CUT
10
181.9214
20
273.6405
0
VERTEX
8
CUT
10
181.8756
20
273.6744
0
VERTEX
8
CUT
10
181.8094
20
273.7286
0
VERTEX
8
CUT
10
181.7512
20
273.7811
0
VERTEX
8
CUT
10
181.7201
20
273.8105
0
VERTEX
8
CUT
10
181.1289
20
274.3965
0
VERTEX
8
CUT
10
181.1134
20
274.4113
0
VERTEX
8
CUT
10
181.0109
20
274.5058
0
VERTEX
8
CUT
10
180.9949
20
274.5201
0
VERTEX
8
CUT
10
180.8622
20
274.6340
0
VERTEX
8
CUT
10
180.8457
20
274.6477
0
VERTEX
8
CUT
10
180.7368
20
274.7346
0
VERTEX
8
CUT
10
180.7198
20
274.7477
0
VERTEX
8
CUT
10
180.7197
20
274.7478
0
VERTEX
8
CUT
10
177.9802
20
276.7787
0
VERTEX
8
CUT
10
177.9660
20
276.7889
0
VERTEX
8
CUT
10
177.8726
20
276.8540
0
VERTEX
8
CUT
10
177.8581
20
276.8638
0
VERTEX
8
CUT
10
177.7385
20
276.9420
0
VERTEX
8
CUT
10
177.7237
20
276.9514
0
VERTEX
8
CUT
10
177.6267
20
277.0110
0
VERTEX
8
CUT
10
177.6116
20
277.0199
0
VERTEX
8
CUT
10
175.1548
20
278.4303
0
VERTEX
8
CUT
10
175.1419
20
278.4375
0
VERTEX
8
CUT
10
175.0572
20
278.4834
0
VERTEX
8
CUT
10
175.0441
20
278.4903
0
VERTEX
8
CUT
10
174.9926
20
278.5165
0
VERTEX
8
CUT
10
174.9659
20
278.5294
0
VERTEX
8
CUT
10
174.7927
20
278.6072
0
VERTEX
8
CUT
10
174.7375
20
278.6288
0
VERTEX
8
CUT
10
174.5600
20
278.6883
0
VERTEX
8
CUT
10
174.5030
20
278.7044
0
VERTEX
8
CUT
10
174.3204
20
278.7461
0
VERTEX
8
CUT
10
174.2621
20
278.7564
0
VERTEX
8
CUT
10
174.0763
20
278.7800
0
VERTEX
8
CUT
10
174.0173
20
278.7845
0
VERTEX
8
CUT
10
173.8301
20
278.7896
0
VERTEX
8
CUT
10
173.7709
20
278.7883
0
VERTEX
8
CUT
10
173.5841
20
278.7750
0
VERTEX
8
CUT
10
173.5253
20
278.7678
0
VERTEX
8
CUT
10
173.3407
20
278.7361
0
VERTEX
8
CUT
10
173.2829
20
278.7232
0
VERTEX
8
CUT
10
173.1024
20
278.6735
0
VERTEX
8
CUT
10
173.0461
20
278.6549
0
VERTEX
8
CUT
10
172.8714
20
278.5876
0
VERTEX
8
CUT
10
172.8172
20
278.5636
0
VERTEX
8
CUT
10
172.6500
20
278.4794
0
VERTEX
8
CUT
10
172.5985
20
278.4502
0
VERTEX
8
CUT
10
172.4403
20
278.3499
0
VERTEX
8
CUT
10
172.3919
20
278.3157
0
VERTEX
8
CUT
10
172.2445
20
278.2003
0
VERTEX
8
CUT
10
172.1997
20
278.1615
0
VERTEX
8
CUT
10
172.0643
20
278.0322
0
VERTEX
8
CUT
10
172.0236
20
277.9892
0
VERTEX
8
CUT
10
171.9016
20
277.8471
0
VERTEX
8
CUT
10
171.8653
20
277.8003
0
VERTEX
8
CUT
10
171.7579
20
277.6468
0
VERTEX
8
CUT
10
171.7264
20
277.5967
0
VERTEX
8
CUT
10
171.6347
20
277.4334
0
VERTEX
8
CUT
10
171.6083
20
277.3804
0
VERTEX
8
CUT
10
171.5331
20
277.2089
0
VERTEX
8
CUT
10
171.5121
20
277.1535
0
VERTEX
8
CUT
10
171.4542
20
276.9754
0
VERTEX
8
CUT
10
171.4387
20
276.9183
0
VERTEX
8
CUT
10
171.3987
20
276.7353
0
VERTEX
8
CUT
10
171.3889
20
276.6769
0
VERTEX
8
CUT
10
171.3671
20
276.4909
0
VERTEX
8
CUT
10
171.3631
20
276.4318
0
VERTEX
8
CUT
10
171.3597
20
276.2446
0
VERTEX
8
CUT
10
171.3616
20
276.1854
0
VERTEX
8
CUT
10
171.3767
20
275.9987
0
VERTEX
8
CUT
10
171.3844
20
275.9400
0
VERTEX
8
CUT
10
171.4179
20
275.7558
0
VERTEX
8
CUT
10
171.4313
20
275.6981
0
VERTEX
8
CUT
10
171.4828
20
275.5180
0
VERTEX
8
CUT
10
171.5018
20
275.4619
0
VERTEX
8
CUT
10
171.5708
20
275.2878
0
VERTEX
8
CUT
10
171.5953
20
275.2339
0
VERTEX
8
CUT
10
171.6811
20
275.0675
0
VERTEX
8
CUT
10
171.7108
20
275.0162
0
VERTEX
8
CUT
10
171.8126
20
274.8590
0
VERTEX
8
CUT
10
171.8472
20
274.8110
0
VERTEX
8
CUT
10
171.9640
20
274.6646
0
VERTEX
8
CUT
10
172.0031
20
274.6202
0
VERTEX
8
CUT
10
172.1356
20
274.4842
0
VERTEX
8
CUT
10
172.1568
20
274.4635
0
VERTEX
8
CUT
10
172.2135
20
274.4107
0
VERTEX
8
CUT
10
172.2184
20
274.4062
0
VERTEX
8
CUT
10
172.2528
20
274.3749
0
VERTEX
8
CUT
10
172.2580
20
274.3702
0
VERTEX
8
CUT
10
172.2901
20
274.3417
0
VERTEX
8
CUT
10
172.2990
20
274.3337
0
VERTEX
8
CUT
10
172.3208
20
274.3138
0
VERTEX
8
CUT
10
172.3301
20
274.3052
0
VERTEX
8
CUT
10
172.3400
20
274.2959
0
VERTEX
8
CUT
10
172.3488
20
274.2875
0
VERTEX
8
CUT
10
172.3691
20
274.2679
0
VERTEX
8
CUT
10
172.3778
20
274.2595
0
VERTEX
8
CUT
10
173.1658
20
273.4790
0
VERTEX
8
CUT
10
173.1973
20
273.4462
0
VERTEX
8
CUT
10
173.2536
20
273.3845
0
VERTEX
8
CUT
10
173.3115
20
273.3143
0
VERTEX
8
CUT
10
173.3476
20
273.2656
0
VERTEX
8
CUT
10
173.3981
20
273.1898
0
VERTEX
8
CUT
10
173.4291
20
273.1377
0
VERTEX
8
CUT
10
173.4717
20
273.0572
0
VERTEX
8
CUT
10
173.4972
20
273.0023
0
VERTEX
8
CUT
10
173.5315
20
272.9179
0
VERTEX
8
CUT
10
173.5514
20
272.8607
0
VERTEX
8
CUT
10
173.5769
20
272.7733
0
VERTEX
8
CUT
10
173.5909
20
272.7143
0
VERTEX
8
CUT
10
173.6075
20
272.6247
0
VERTEX
8
CUT
10
173.6155
20
272.5647
0
VERTEX
8
CUT
10
173.6229
20
272.4739
0
VERTEX
8
CUT
10
173.6248
20
272.4133
0
VERTEX
8
CUT
10
173.6230
20
272.3223
0
VERTEX
8
CUT
10
173.6187
20
272.2618
0
VERTEX
8
CUT
10
173.6077
20
272.1714
0
VERTEX
8
CUT
10
173.5974
20
272.1117
0
VERTEX
8
CUT
10
173.5773
20
272.0229
0
VERTEX
8
CUT
10
173.5610
20
271.9645
0
VERTEX
8
CUT
10
173.5321
20
271.8782
0
VERTEX
8
CUT
10
173.5099
20
271.8218
0
VERTEX
8
CUT
10
173.4724
20
271.7388
0
VERTEX
8
CUT
10
173.4447
20
271.6849
0
VERTEX
8
CUT
10
173.3990
20
271.6061
0
VERTEX
8
CUT
10
173.3659
20
271.5553
0
VERTEX
8
CUT
10
173.3125
20
271.4816
0
VERTEX
8
CUT
10
173.2602
20
271.4166
0
VERTEX
8
CUT
10
173.2308
20
271.3818
0
VERTEX
8
CUT
10
173.1709
20
271.3147
0
VERTEX
8
CUT
10
173.1337
20
271.2686
0
VERTEX
8
CUT
10
173.0234
20
271.1172
0
VERTEX
8
CUT
10
172.9910
20
271.0676
0
VERTEX
8
CUT
10
172.8962
20
270.9061
0
VERTEX
8
CUT
10
172.8687
20
270.8536
0
VERTEX
8
CUT
10
172.7903
20
270.6835
0
VERTEX
8
CUT
10
172.7682
20
270.6286
0
VERTEX
8
CUT
10
172.7070
20
270.4516
0
VERTEX
8
CUT
10
172.6904
20
270.3947
0
VERTEX
8
CUT
10
172.6469
20
270.2126
0
VERTEX
8
CUT
10
172.6360
20
270.1543
0
VERTEX
8
CUT
10
172.6107
20
269.9688
0
VERTEX
8
CUT
10
172.6056
20
269.9098
0
VERTEX
8
CUT
10
172.5987
20
269.7226
0
VERTEX
8
CUT
10
172.5994
20
269.6634
0
VERTEX
8
CUT
10
172.6110
20
269.4764
0
VERTEX
8
CUT
10
172.6176
20
269.4176
0
VERTEX
8
CUT
10
172.6475
20
269.2327
0
VERTEX
8
CUT
10
172.6599
20
269.1748
0
VERTEX
8
CUT
10
172.7079
20
268.9938
0
VERTEX
8
CUT
10
172.7259
20
268.9373
0
VERTEX
8
CUT
10
172.7916
20
268.7619
0
VERTEX
8
CUT
10
172.8151
20
268.7075
0
VERTEX
8
CUT
10
172.8977
20
268.5395
0
VERTEX
8
CUT
10
172.9265
20
268.4877
0
VERTEX
8
CUT
10
173.0253
20
268.3286
0
VERTEX
8
CUT
10
173.0590
20
268.2799
0
VERTEX
8
CUT
10
173.1730
20
268.1313
0
VERTEX
8
CUT
10
173.2113
20
268.0861
0
VERTEX
8
CUT
10
173.3395
20
267.9495
0
VERTEX
8
CUT
10
173.3821
20
267.9084
0
VERTEX
8
CUT
10
173.5230
20
267.7851
0
VERTEX
8
CUT
10
173.5695
20
267.7483
0
VERTEX
8
CUT
10
173.7240
20
267.6380
0
VERTEX
8
CUT
10
173.7486
20
267.6214
0
VERTEX
8
CUT
10
173.7973
20
267.5901
0
VERTEX
8
CUT
10
173.8098
20
267.5823
0
VERTEX
8
CUT
10
173.8921
20
267.5323
0
VERTEX
8
CUT
10
173.9049
20
267.5248
0
VERTEX
8
CUT
10
175.0032
20
266.8943
0
VERTEX
8
CUT
10
175.0078
20
266.8916
0
VERTEX
8
CUT
10
175.0151
20
266.8874
0
VERTEX
8
CUT
10
175.0368
20
266.8743
0
VERTEX
8
CUT
10
175.0758
20
266.8501
0
VERTEX
8
CUT
10
175.0927
20
266.8394
0
VERTEX
8
CUT
10
175.1091
20
266.8287
0
VERTEX
8
CUT
10
175.1143
20
266.8253
0
VERTEX
8
CUT
10
175.1181
20
266.8228
0
VERTEX
8
CUT
10
175.1397
20
266.8080
0
VERTEX
8
CUT
10
175.1800
20
266.7796
0
VERTEX
8
CUT
10
175.1978
20
266.7668
0
VERTEX
8
CUT
10
177.6755
20
264.9301
0
VERTEX
8
CUT
10
177.7092
20
264.9039
0
VERTEX
8
CUT
10
177.7697
20
264.8544
0
VERTEX
8
CUT
10
177.8332
20
264.7973
0
VERTEX
8
CUT
10
177.8736
20
264.7574
0
VERTEX
8
CUT
10
177.9313
20
264.6945
0
VERTEX
8
CUT
10
177.9677
20
264.6509
0
VERTEX
8
CUT
10
178.0193
20
264.5829
0
VERTEX
8
CUT
10
178.0514
20
264.5360
0
VERTEX
8
CUT
10
178.0962
20
264.4634
0
VERTEX
8
CUT
10
178.1238
20
264.4137
0
VERTEX
8
CUT
10
178.1615
20
264.3372
0
VERTEX
8
CUT
10
178.1843
20
264.2851
0
VERTEX
8
CUT
10
178.2146
20
264.2053
0
VERTEX
8
CUT
10
178.2323
20
264.1513
0
VERTEX
8
CUT
10
178.2549
20
264.0690
0
VERTEX
8
CUT
10
178.2674
20
264.0136
0
VERTEX
8
CUT
10
178.2822
20
263.9295
0
VERTEX
8
CUT
10
178.2893
20
263.8731
0
VERTEX
8
CUT
10
178.2961
20
263.7881
0
VERTEX
8
CUT
10
178.2985
20
263.7099
0
VERTEX
8
CUT
10
178.2989
20
263.6672
0
VERTEX
8
CUT
10
178.2517
20
260.6953
0
VERTEX
8
CUT
10
178.2514
20
260.6822
0
VERTEX
8
CUT
10
178.2507
20
260.6604
0
VERTEX
8
CUT
10
178.2476
20
260.6078
0
VERTEX
8
CUT
10
178.2397
20
260.5191
0
VERTEX
8
CUT
10
178.2353
20
260.4799
0
VERTEX
8
CUT
10
178.2348
20
260.4759
0
VERTEX
8
CUT
10
178.2287
20
260.4369
0
VERTEX
8
CUT
10
178.2130
20
260.3492
0
VERTEX
8
CUT
10
178.2023
20
260.2977
0
VERTEX
8
CUT
10
178.1972
20
260.2765
0
VERTEX
8
CUT
10
178.1941
20
260.2637
0
VERTEX
8
CUT
10
177.7876
20
258.6702
0
VERTEX
8
CUT
10
177.7835
20
258.6546
0
VERTEX
8
CUT
10
177.7736
20
258.6183
0
VERTEX
8
CUT
10
177.7691
20
258.6027
0
VERTEX
8
CUT
10
177.7636
20
258.5839
0
VERTEX
8
CUT
10
177.7589
20
258.5684
0
VERTEX
8
CUT
10
177.7476
20
258.5325
0
VERTEX
8
CUT
10
177.7427
20
258.5171
0
VERTEX
8
CUT
10
177.7337
20
258.4900
0
VERTEX
8
CUT
10
177.7284
20
258.4747
0
VERTEX
8
CUT
10
177.7159
20
258.4392
0
VERTEX
8
CUT
10
177.7104
20
258.4240
0
VERTEX
8
CUT
10
177.7035
20
258.4056
0
VERTEX
8
CUT
10
177.6977
20
258.3905
0
VERTEX
8
CUT
10
177.6839
20
258.3555
0
VERTEX
8
CUT
10
177.6778
20
258.3405
0
VERTEX
8
CUT
10
177.5753
20
258.0934
0
VERTEX
8
CUT
10
177.5575
20
258.0533
0
VERTEX
8
CUT
10
177.5232
20
257.9807
0
VERTEX
8
CUT
10
177.4818
20
257.9033
0
VERTEX
8
CUT
10
177.4519
20
257.8533
0
VERTEX
8
CUT
10
177.4032
20
257.7803
0
VERTEX
8
CUT
10
177.3685
20
257.7334
0
VERTEX
8
CUT
10
177.3130
20
257.6656
0
VERTEX
8
CUT
10
177.2739
20
257.6222
0
VERTEX
8
CUT
10
177.2120
20
257.5601
0
VERTEX
8
CUT
10
177.1689
20
257.5208
0
VERTEX
8
CUT
10
177.1013
20
257.4650
0
VERTEX
8
CUT
10
177.0545
20
257.4300
0
VERTEX
8
CUT
10
176.9818
20
257.3811
0
VERTEX
8
CUT
10
176.9319
20
257.3509
0
VERTEX
8
CUT
10
176.8548
20
257.3092
0
VERTEX
8
CUT
10
176.8021
20
257.2840
0
VERTEX
8
CUT
10
176.7213
20
257.2500
0
VERTEX
8
CUT
10
176.6664
20
257.2301
0
VERTEX
8
CUT
10
176.5827
20
257.2041
0
VERTEX
8
CUT
10
176.5262
20
257.1896
0
VERTEX
8
CUT
10
176.4403
20
257.1719
0
VERTEX
8
CUT
10
176.3826
20
257.1630
0
VERTEX
8
CUT
10
176.2954
20
257.1537
0
VERTEX
8
CUT
10
176.2372
20
257.1504
0
VERTEX
8
CUT
10
176.1495
20
257.1497
0
VERTEX
8
CUT
10
176.0912
20
257.1521
0
VERTEX
8
CUT
10
176.0039
20
257.1599
0
VERTEX
8
CUT
10
175.9461
20
257.1680
0
VERTEX
8
CUT
10
175.8599
20
257.1843
0
VERTEX
8
CUT
10
175.8032
20
257.1979
0
VERTEX
8
CUT
10
175.7190
20
257.2225
0
VERTEX
8
CUT
10
175.6639
20
257.2416
0
VERTEX
8
CUT
10
175.5825
20
257.2743
0
VERTEX
8
CUT
10
175.5295
20
257.2986
0
VERTEX
8
CUT
10
175.4517
20
257.3391
0
VERTEX
8
CUT
10
175.4013
20
257.3685
0
VERTEX
8
CUT
10
175.3278
20
257.4163
0
VERTEX
8
CUT
10
175.2805
20
257.4505
0
VERTEX
8
CUT
10
175.2120
20
257.5052
0
VERTEX
8
CUT
10
175.1682
20
257.5438
0
VERTEX
8
CUT
10
175.1054
20
257.6049
0
VERTEX
8
CUT
10
175.0656
20
257.6476
0
VERTEX
8
CUT
10
175.0090
20
257.7146
0
VERTEX
8
CUT
10
174.9736
20
257.7610
0
VERTEX
8
CUT
10
174.9238
20
257.8331
0
VERTEX
8
CUT
10
174.8930
20
257.8827
0
VERTEX
8
CUT
10
174.8504
20
257.9594
0
VERTEX
8
CUT
10
174.8246
20
258.0117
0
VERTEX
8
CUT
10
174.7898
20
258.0922
0
VERTEX
8
CUT
10
174.7614
20
258.1673
0
VERTEX
8
CUT
10
174.7470
20
258.2087
0
VERTEX
8
CUT
10
174.6646
20
258.4642
0
VERTEX
8
CUT
10
174.6608
20
258.4757
0
VERTEX
8
CUT
10
174.6352
20
258.5499
0
VERTEX
8
CUT
10
174.6312
20
258.5613
0
VERTEX
8
CUT
10
174.6149
20
258.6056
0
VERTEX
8
CUT
10
174.6061
20
258.6281
0
VERTEX
8
CUT
10
174.5462
20
258.7731
0
VERTEX
8
CUT
10
174.5365
20
258.7952
0
VERTEX
8
CUT
10
174.5167
20
258.8381
0
VERTEX
8
CUT
10
174.5115
20
258.8490
0
VERTEX
8
CUT
10
174.4772
20
258.9195
0
VERTEX
8
CUT
10
174.4718
20
258.9304
0
VERTEX
8
CUT
10
174.0871
20
259.6826
0
VERTEX
8
CUT
10
174.0773
20
259.7010
0
VERTEX
8
CUT
10
174.0111
20
259.8199
0
VERTEX
8
CUT
10
174.0006
20
259.8380
0
VERTEX
8
CUT
10
173.9125
20
259.9841
0
VERTEX
8
CUT
10
173.9014
20
260.0019
0
VERTEX
8
CUT
10
173.8272
20
260.1159
0
VERTEX
8
CUT
10
173.8154
20
260.1332
0
VERTEX
8
CUT
10
172.5412
20
261.9474
0
VERTEX
8
CUT
10
172.5334
20
261.9582
0
VERTEX
8
CUT
10
172.4820
20
262.0280
0
VERTEX
8
CUT
10
172.4740
20
262.0387
0
VERTEX
8
CUT
10
172.4422
20
262.0800
0
VERTEX
8
CUT
10
172.4254
20
262.1008
0
VERTEX
8
CUT
10
172.3136
20
262.2332
0
VERTEX
8
CUT
10
172.2959
20
262.2532
0
VERTEX
8
CUT
10
172.2605
20
262.2915
0
VERTEX
8
CUT
10
172.2514
20
262.3012
0
VERTEX
8
CUT
10
172.1911
20
262.3636
0
VERTEX
8
CUT
10
172.1817
20
262.3731
0
VERTEX
8
CUT
10
170.1892
20
264.3465
0
VERTEX
8
CUT
10
170.1775
20
264.3577
0
VERTEX
8
CUT
10
170.1010
20
264.4295
0
VERTEX
8
CUT
10
170.0891
20
264.4404
0
VERTEX
8
CUT
10
169.9907
20
264.5279
0
VERTEX
8
CUT
10
169.9785
20
264.5385
0
VERTEX
8
CUT
10
169.8982
20
264.6061
0
VERTEX
8
CUT
10
169.8857
20
264.6163
0
VERTEX
8
CUT
10
168.9036
20
265.3991
0
VERTEX
8
CUT
10
168.8883
20
265.4109
0
VERTEX
8
CUT
10
168.7880
20
265.4857
0
VERTEX
8
CUT
10
168.7724
20
265.4970
0
VERTEX
8
CUT
10
168.6436
20
265.5868
0
VERTEX
8
CUT
10
168.6276
20
265.5976
0
VERTEX
8
CUT
10
168.5226
20
265.6658
0
VERTEX
8
CUT
10
168.5063
20
265.6761
0
VERTEX
8
CUT
10
165.9456
20
267.2268
0
VERTEX
8
CUT
10
165.9352
20
267.2330
0
VERTEX
8
CUT
10
165.8669
20
267.2725
0
VERTEX
8
CUT
10
165.8563
20
267.2785
0
VERTEX
8
CUT
10
165.8148
20
267.3014
0
VERTEX
8
CUT
10
165.7933
20
267.3127
0
VERTEX
8
CUT
10
165.6523
20
267.3832
0
VERTEX
8
CUT
10
165.6303
20
267.3936
0
VERTEX
8
CUT
10
165.5871
20
267.4131
0
VERTEX
8
CUT
10
165.5760
20
267.4180
0
VERTEX
8
CUT
10
165.5034
20
267.4489
0
VERTEX
8
CUT
10
165.4922
20
267.4535
0
VERTEX
8
CUT
10
162.6020
20
268.6170
0
VERTEX
8
CUT
10
162.5916
20
268.6211
0
VERTEX
8
CUT
10
162.5183
20
268.6490
0
VERTEX
8
CUT
10
162.5074
20
268.6531
0
VERTEX
8
CUT
10
162.4590
20
268.6704
0
VERTEX
8
CUT
10
162.4355
20
268.6783
0
VERTEX
8
CUT
10
162.2882
20
268.7244
0
VERTEX
8
CUT
10
162.2653
20
268.7311
0
VERTEX
8
CUT
10
162.2254
20
268.7419
0
VERTEX
8
CUT
10
162.2145
20
268.7447
0
VERTEX
8
CUT
10
162.1394
20
268.7635
0
VERTEX
8
CUT
10
162.1271
20
268.7664
0
VERTEX
8
CUT
10
157.6262
20
269.7910
0
VERTEX
8
CUT
10
157.6154
20
269.7934
0
VERTEX
8
CUT
10
157.5401
20
269.8091
0
VERTEX
8
CUT
10
157.5288
20
269.8113
0
VERTEX
8
CUT
10
157.4792
20
269.8206
0
VERTEX
8
CUT
10
157.4552
20
269.8247
0
VERTEX
8
CUT
10
157.3051
20
269.8467
0
VERTEX
8
CUT
10
157.2819
20
269.8496
0
VERTEX
8
CUT
10
157.2415
20
269.8540
0
VERTEX
8
CUT
10
157.2305
20
269.8550
0
VERTEX
8
CUT
10
157.1547
20
269.8618
0
VERTEX
8
CUT
10
157.1424
20
269.8627
0
VERTEX
8
CUT
10
154.7587
20
270.0244
0
VERTEX
8
CUT
10
154.7474
20
270.0251
0
VERTEX
8
CUT
10
154.6692
20
270.0289
0
VERTEX
8
CUT
10
154.6572
20
270.0294
0
VERTEX
8
CUT
10
154.5596
20
270.0322
0
VERTEX
8
CUT
10
154.5478
20
270.0324
0
VERTEX
8
CUT
10
154.4707
20
270.0331
0
VERTEX
8
CUT
10
154.4580
20
270.0331
0
VERTEX
8
CUT
10
151.7422
20
270.0005
0
VERTEX
8
CUT
10
151.7277
20
270.0002
0
VERTEX
8
CUT
10
151.6336
20
269.9968
0
VERTEX
8
CUT
10
151.6191
20
269.9961
0
VERTEX
8
CUT
10
151.5626
20
269.9926
0
VERTEX
8
CUT
10
151.5337
20
269.9902
0
VERTEX
8
CUT
10
151.3491
20
269.9700
0
VERTEX
8
CUT
10
151.2918
20
269.9610
0
VERTEX
8
CUT
10
151.1124
20
269.9236
0
VERTEX
8
CUT
10
151.0563
20
269.9091
0
VERTEX
8
CUT
10
150.8813
20
269.8546
0
VERTEX
8
CUT
10
150.8269
20
269.8347
0
VERTEX
8
CUT
10
150.6580
20
269.7636
0
VERTEX
8
CUT
10
150.6057
20
269.7385
0
VERTEX
8
CUT
10
150.4445
20
269.6514
0
VERTEX
8
CUT
10
150.3949
20
269.6215
0
VERTEX
8
CUT
10
150.2428
20
269.5192
0
VERTEX
8
CUT
10
150.1963
20
269.4846
0
VERTEX
8
CUT
10
150.0548
20
269.3682
0
VERTEX
8
CUT
10
150.0119
20
269.3292
0
VERTEX
8
CUT
10
149.8823
20
269.1997
0
VERTEX
8
CUT
10
149.8433
20
269.1568
0
VERTEX
8
CUT
10
149.7268
20
269.0153
0
VERTEX
8
CUT
10
149.6922
20
268.9689
0
VERTEX
8
CUT
10
149.5899
20
268.8168
0
VERTEX
8
CUT
10
149.5599
20
268.7672
0
VERTEX
8
CUT
10
149.4727
20
268.6060
0
VERTEX
8
CUT
10
149.4476
20
268.5538
0
VERTEX
8
CUT
10
149.3764
20
268.3849
0
VERTEX
8
CUT
10
149.3565
20
268.3305
0
VERTEX
8
CUT
10
149.3019
20
268.1556
0
VERTEX
8
CUT
10
149.2873
20
268.0995
0
VERTEX
8
CUT
10
149.2499
20
267.9201
0
VERTEX
8
CUT
10
149.2408
20
267.8629
0
VERTEX
8
CUT
10
149.2208
20
267.6807
0
VERTEX
8
CUT
10
149.2173
20
267.6228
0
VERTEX
8
CUT
10
149.2150
20
267.4396
0
VERTEX
8
CUT
10
149.2171
20
267.3817
0
VERTEX
8
CUT
10
149.2325
20
267.1991
0
VERTEX
8
CUT
10
149.2401
20
267.1416
0
VERTEX
8
CUT
10
149.2731
20
266.9614
0
VERTEX
8
CUT
10
149.2862
20
266.9049
0
VERTEX
8
CUT
10
149.3364
20
266.7287
0
VERTEX
8
CUT
10
149.3550
20
266.6738
0
VERTEX
8
CUT
10
149.4219
20
266.5032
0
VERTEX
8
CUT
10
149.4457
20
266.4503
0
VERTEX
8
CUT
10
149.5288
20
266.2870
0
VERTEX
8
CUT
10
149.5575
20
266.2367
0
VERTEX
8
CUT
10
149.6560
20
266.0821
0
VERTEX
8
CUT
10
149.6895
20
266.0348
0
VERTEX
8
CUT
10
149.8024
20
265.8905
0
VERTEX
8
CUT
10
149.8403
20
265.8466
0
VERTEX
8
CUT
10
149.9666
20
265.7138
0
VERTEX
8
CUT
10
150.0085
20
265.6738
0
VERTEX
8
CUT
10
150.1471
20
265.5539
0
VERTEX
8
CUT
10
150.1927
20
265.5181
0
VERTEX
8
CUT
10
150.3421
20
265.4121
0
VERTEX
8
CUT
10
150.3910
20
265.3809
0
VERTEX
8
CUT
10
150.5522
20
265.2885
0
VERTEX
8
CUT
10
150.5777
20
265.2747
0
VERTEX
8
CUT
10
150.6281
20
265.2490
0
VERTEX
8
CUT
10
150.6411
20
265.2426
0
VERTEX
8
CUT
10
150.7260
20
265.2018
0
VERTEX
8
CUT
10
150.7391
20
265.1956
0
VERTEX
8
CUT
10
152.6916
20
264.3151
0
VERTEX
8
CUT
10
152.7055
20
264.3087
0
VERTEX
8
CUT
10
152.7379
20
264.2935
0
VERTEX
8
CUT
10
152.7517
20
264.2868
0
VERTEX
8
CUT
10
152.7684
20
264.2786
0
VERTEX
8
CUT
10
152.7821
20
264.2717
0
VERTEX
8
CUT
10
152.8139
20
264.2554
0
VERTEX
8
CUT
10
152.8274
20
264.2482
0
VERTEX
8
CUT
10
152.8384
20
264.2424
0
VERTEX
8
CUT
10
152.8519
20
264.2350
0
VERTEX
8
CUT
10
152.8831
20
264.2176
0
VERTEX
8
CUT
10
152.8965
20
264.2100
0
VERTEX
8
CUT
10
152.9127
20
264.2006
0
VERTEX
8
CUT
10
152.9259
20
264.1928
0
VERTEX
8
CUT
10
152.9565
20
264.1743
0
VERTEX
8
CUT
10
152.9696
20
264.1662
0
VERTEX
8
CUT
10
154.4887
20
263.2140
0
VERTEX
8
CUT
10
154.5013
20
263.2059
0
VERTEX
8
CUT
10
154.5307
20
263.1868
0
VERTEX
8
CUT
10
154.5433
20
263.1785
0
VERTEX
8
CUT
10
154.5585
20
263.1682
0
VERTEX
8
CUT
10
154.5709
20
263.1597
0
VERTEX
8
CUT
10
154.5996
20
263.1396
0
VERTEX
8
CUT
10
154.6119
20
263.1309
0
VERTEX
8
CUT
10
154.6216
20
263.1238
0
VERTEX
8
CUT
10
154.6337
20
263.1149
0
VERTEX
8
CUT
10
154.6618
20
263.0939
0
VERTEX
8
CUT
10
154.6737
20
263.0847
0
VERTEX
8
CUT
10
154.6882
20
263.0735
0
VERTEX
8
CUT
10
154.7000
20
263.0642
0
VERTEX
8
CUT
10
154.7274
20
263.0422
0
VERTEX
8
CUT
10
154.7390
20
263.0327
0
VERTEX
8
CUT
10
155.9969
20
261.9869
0
VERTEX
8
CUT
10
156.0047
20
261.9804
0
VERTEX
8
CUT
10
156.0116
20
261.9744
0
VERTEX
8
CUT
10
156.0410
20
261.9483
0
VERTEX
8
CUT
10
156.0929
20
261.9001
0
VERTEX
8
CUT
10
156.1145
20
261.8794
0
VERTEX
8
CUT
10
156.1343
20
261.8589
0
VERTEX
8
CUT
10
156.1799
20
261.8102
0
VERTEX
8
CUT
10
156.2063
20
261.7808
0
VERTEX
8
CUT
10
156.2148
20
261.7708
0
VERTEX
8
CUT
10
156.2222
20
261.7621
0
VERTEX
8
CUT
10
157.1207
20
260.6874
0
VERTEX
8
CUT
10
157.1290
20
260.6773
0
VERTEX
8
CUT
10
157.1363
20
260.6682
0
VERTEX
8
CUT
10
157.1671
20
260.6281
0
VERTEX
8
CUT
10
157.2202
20
260.5545
0
VERTEX
8
CUT
10
157.2419
20
260.5230
0
VERTEX
8
CUT
10
157.2613
20
260.4921
0
VERTEX
8
CUT
10
157.3050
20
260.4185
0
VERTEX
8
CUT
10
157.3297
20
260.3743
0
VERTEX
8
CUT
10
157.3375
20
260.3593
0
VERTEX
8
CUT
10
157.3441
20
260.3463
0
VERTEX
8
CUT
10
157.8828
20
259.2704
0
VERTEX
8
CUT
10
157.8871
20
259.2617
0
VERTEX
8
CUT
10
157.8899
20
259.2559
0
VERTEX
8
CUT
10
157.9074
20
259.2178
0
VERTEX
8
CUT
10
157.9315
20
259.1618
0
VERTEX
8
CUT
10
157.9562
20
259.0981
0
VERTEX
8
CUT
10
157.9711
20
259.0547
0
VERTEX
8
CUT
10
157.9895
20
258.9942
0
VERTEX
8
CUT
10
158.0021
20
258.9470
0
VERTEX
8
CUT
10
158.0112
20
258.9096
0
VERTEX
8
CUT
10
158.0138
20
258.8980
0
VERTEX
8
CUT
10
158.0161
20
258.8875
0
VERTEX
8
CUT
10
158.2393
20
257.8187
0
VERTEX
8
CUT
10
158.2414
20
257.8083
0
VERTEX
8
CUT
10
158.2428
20
257.8015
0
VERTEX
8
CUT
10
158.2505
20
257.7564
0
VERTEX
8
CUT
10
158.2600
20
257.6907
0
VERTEX
8
CUT
10
158.2676
20
257.6166
0
VERTEX
8
CUT
10
158.2706
20
257.5666
0
VERTEX
8
CUT
10
158.2721
20
257.4979
0
VERTEX
8
CUT
10
158.2713
20
257.4452
0
VERTEX
8
CUT
10
158.2697
20
257.4035
0
VERTEX
8
CUT
10
158.2689
20
257.3905
0
VERTEX
8
CUT
10
158.2681
20
257.3787
0
VERTEX
8
CUT
10
158.1910
20
256.3533
0
VERTEX
8
CUT
10
158.1900
20
256.3410
0
VERTEX
8
CUT
10
158.1893
20
256.3329
0
VERTEX
8
CUT
10
158.1829
20
256.2794
0
VERTEX
8
CUT
10
158.1713
20
256.2019
0
VERTEX
8
CUT
10
158.1541
20
256.1159
0
VERTEX
8
CUT
10
158.1396
20
256.0583
0
VERTEX
8
CUT
10
158.1165
20
255.9811
0
VERTEX
8
CUT
10
158.0964
20
255.9237
0
VERTEX
8
CUT
10
158.0792
20
255.8783
0
VERTEX
8
CUT
10
158.0733
20
255.8639
0
VERTEX
8
CUT
10
158.0679
20
255.8511
0
VERTEX
8
CUT
10
157.3193
20
254.1058
0
VERTEX
8
CUT
10
157.3030
20
254.0701
0
VERTEX
8
CUT
10
157.2718
20
254.0053
0
VERTEX
8
CUT
10
157.2347
20
253.9362
0
VERTEX
8
CUT
10
157.2080
20
253.8912
0
VERTEX
8
CUT
10
157.1650
20
253.8256
0
VERTEX
8
CUT
10
157.1345
20
253.7832
0
VERTEX
8
CUT
10
157.0860
20
253.7215
0
VERTEX
8
CUT
10
157.0391
20
253.6670
0
VERTEX
8
CUT
10
157.0129
20
253.6378
0
VERTEX
8
CUT
10
156.5829
20
253.1801
0
VERTEX
8
CUT
10
156.5736
20
253.1703
0
VERTEX
8
CUT
10
156.5626
20
253.1590
0
VERTEX
8
CUT
10
156.5240
20
253.1214
0
VERTEX
8
CUT
10
156.4584
20
253.0612
0
VERTEX
8
CUT
10
156.4297
20
253.0361
0
VERTEX
8
CUT
10
156.3999
20
253.0123
0
VERTEX
8
CUT
10
156.3291
20
252.9583
0
VERTEX
8
CUT
10
156.2853
20
252.9269
0
VERTEX
8
CUT
10
156.2722
20
252.9180
0
VERTEX
8
CUT
10
156.2610
20
252.9106
0
VERTEX
8
CUT
10
155.3936
20
252.3458
0
VERTEX
8
CUT
10
155.3819
20
252.3383
0
VERTEX
8
CUT
10
155.3544
20
252.3210
0
VERTEX
8
CUT
10
155.3425
20
252.3137
0
VERTEX
8
CUT
10
155.3280
20
252.3049
0
VERTEX
8
CUT
10
155.3161
20
252.2977
0
VERTEX
8
CUT
10
155.2880
20
252.2813
0
VERTEX
8
CUT
10
155.2760
20
252.2743
0
VERTEX
8
CUT
10
155.2662
20
252.2688
0
VERTEX
8
CUT
10
155.2541
20
252.2620
0
VERTEX
8
CUT
10
155.2256
20
252.2465
0
VERTEX
8
CUT
10
155.2133
20
252.2399
0
VERTEX
8
CUT
10
155.1982
20
252.2320
0
VERTEX
8
CUT
10
155.1859
20
252.2256
0
VERTEX
8
CUT
10
155.1569
20
252.2109
0
VERTEX
8
CUT
10
155.1444
20
252.2047
0
VERTEX
8
CUT
10
153.4452
20
251.3768
0
VERTEX
8
CUT
10
153.4370
20
251.3729
0
VERTEX
8
CUT
10
153.4297
20
251.3694
0
VERTEX
8
CUT
10
153.3977
20
251.3550
0
VERTEX
8
CUT
10
153.3396
20
251.3301
0
VERTEX
8
CUT
10
153.3170
20
251.3209
0
VERTEX
8
CUT
10
153.2906
20
251.3109
0
VERTEX
8
CUT
10
153.2351
20
251.2912
0
VERTEX
8
CUT
10
153.2017
20
251.2800
0
VERTEX
8
CUT
10
153.1905
20
251.2765
0
VERTEX
8
CUT
10
153.1808
20
251.2735
0
VERTEX
8
CUT
10
152.1437
20
250.9617
0
VERTEX
8
CUT
10
152.1318
20
250.9582
0
VERTEX
8
CUT
10
152.1039
20
250.9502
0
VERTEX
8
CUT
10
152.0919
20
250.9469
0
VERTEX
8
CUT
10
152.0772
20
250.9429
0
VERTEX
8
CUT
10
152.0652
20
250.9397
0
VERTEX
8
CUT
10
152.0371
20
250.9325
0
VERTEX
8
CUT
10
152.0250
20
250.9295
0
VERTEX
8
CUT
10
152.0153
20
250.9272
0
VERTEX
8
CUT
10
152.0032
20
250.9244
0
VERTEX
8
CUT
10
151.9749
20
250.9179
0
VERTEX
8
CUT
10
151.9627
20
250.9153
0
VERTEX
8
CUT
10
151.9479
20
250.9121
0
VERTEX
8
CUT
10
151.9357
20
250.9096
0
VERTEX
8
CUT
10
151.9072
20
250.9040
0
VERTEX
8
CUT
10
151.8950
20
250.9017
0
VERTEX
8
CUT
10
146.6652
20
249.9419
0
VERTEX
8
CUT
10
146.6448
20
249.9378
0
VERTEX
8
CUT
10
146.5130
20
249.9089
0
VERTEX
8
CUT
10
146.4928
20
249.9041
0
VERTEX
8
CUT
10
146.3288
20
249.8621
0
VERTEX
8
CUT
10
146.3088
20
249.8566
0
VERTEX
8
CUT
10
146.1792
20
249.8186
0
VERTEX
8
CUT
10
146.1594
20
249.8124
0
VERTEX
8
CUT
10
143.7415
20
249.0112
0
VERTEX
8
CUT
10
143.7234
20
249.0049
0
VERTEX
8
CUT
10
143.6061
20
248.9618
0
VERTEX
8
CUT
10
143.5881
20
248.9549
0
VERTEX
8
CUT
10
143.4428
20
248.8961
0
VERTEX
8
CUT
10
143.4251
20
248.8886
0
VERTEX
8
CUT
10
143.3108
20
248.8381
0
VERTEX
8
CUT
10
143.2934
20
248.8301
0
VERTEX
8
CUT
10
141.0039
20
247.7294
0
VERTEX
8
CUT
10
140.9871
20
247.7210
0
VERTEX
8
CUT
10
140.8788
20
247.6647
0
VERTEX
8
CUT
10
140.8622
20
247.6557
0
VERTEX
8
CUT
10
140.7285
20
247.5808
0
VERTEX
8
CUT
10
140.7123
20
247.5714
0
VERTEX
8
CUT
10
140.6077
20
247.5084
0
VERTEX
8
CUT
10
140.5917
20
247.4984
0
VERTEX
8
CUT
10
138.4014
20
246.0839
0
VERTEX
8
CUT
10
138.3859
20
246.0735
0
VERTEX
8
CUT
10
138.2859
20
246.0044
0
VERTEX
8
CUT
10
138.2707
20
245.9935
0
VERTEX
8
CUT
10
138.1479
20
245.9030
0
VERTEX
8
CUT
10
138.1331
20
245.8916
0
VERTEX
8
CUT
10
138.0376
20
245.8164
0
VERTEX
8
CUT
10
138.0231
20
245.8046
0
VERTEX
8
CUT
10
136.0969
20
244.1884
0
VERTEX
8
CUT
10
136.0834
20
244.1768
0
VERTEX
8
CUT
10
135.9974
20
244.1001
0
VERTEX
8
CUT
10
135.9843
20
244.0881
0
VERTEX
8
CUT
10
135.8792
20
243.9888
0
VERTEX
8
CUT
10
135.8665
20
243.9764
0
VERTEX
8
CUT
10
135.7851
20
243.8948
0
VERTEX
8
CUT
10
135.7727
20
243.8820
0
VERTEX
8
CUT
10
134.0943
20
242.0962
0
VERTEX
8
CUT
10
134.0799
20
242.0804
0
VERTEX
8
CUT
10
133.9885
20
241.9759
0
VERTEX
8
CUT
10
133.9747
20
241.9596
0
VERTEX
8
CUT
10
133.8648
20
241.8245
0
VERTEX
8
CUT
10
133.8516
20
241.8077
0
VERTEX
8
CUT
10
133.7679
20
241.6970
0
VERTEX
8
CUT
10
133.7553
20
241.6797
0
VERTEX
8
CUT
10
132.3921
20
239.7376
0
VERTEX
8
CUT
10
132.3802
20
239.7198
0
VERTEX
8
CUT
10
132.3043
20
239.6031
0
VERTEX
8
CUT
10
132.2929
20
239.5849
0
VERTEX
8
CUT
10
132.2031
20
239.4352
0
VERTEX
8
CUT
10
132.1924
20
239.4166
0
VERTEX
8
CUT
10
132.1251
20
239.2948
0
VERTEX
8
CUT
10
132.1150
20
239.2758
0
VERTEX
8
CUT
10
131.0799
20
237.2336
0
VERTEX
8
CUT
10
131.0742
20
237.2222
0
VERTEX
8
CUT
10
131.0385
20
237.1478
0
VERTEX
8
CUT
10
131.0331
20
237.1363
0
VERTEX
8
CUT
10
131.0126
20
237.0911
0
VERTEX
8
CUT
10
131.0026
20
237.0678
0
VERTEX
8
CUT
10
130.9407
20
236.9148
0
VERTEX
8
CUT
10
130.9316
20
236.8911
0
VERTEX
8
CUT
10
130.9150
20
236.8443
0
VERTEX
8
CUT
10
130.9108
20
236.8323
0
VERTEX
8
CUT
10
130.8848
20
236.7540
0
VERTEX
8
CUT
10
130.8809
20
236.7419
0
VERTEX
8
CUT
10
130.0508
20
234.0563
0
VERTEX
8
CUT
10
130.0447
20
234.0352
0
VERTEX
8
CUT
10
130.0075
20
233.8970
0
VERTEX
8
CUT
10
130.0021
20
233.8757
0
VERTEX
8
CUT
10
129.9619
20
233.7009
0
VERTEX
8
CUT
10
129.9573
20
233.6793
0
VERTEX
8
CUT
10
129.9303
20
233.5389
0
VERTEX
8
CUT
10
129.9266
20
233.5172
0
VERTEX
8
CUT
10
129.6610
20
231.7952
0
VERTEX
8
CUT
10
129.6585
20
231.7772
0
VERTEX
8
CUT
10
129.6441
20
231.6602
0
VERTEX
8
CUT
10
129.6421
20
231.6422
0
VERTEX
8
CUT
10
129.6284
20
231.4949
0
VERTEX
8
CUT
10
129.6270
20
231.4769
0
VERTEX
8
CUT
10
129.6197
20
231.3592
0
VERTEX
8
CUT
10
129.6188
20
231.3411
0
VERTEX
8
CUT
10
129.5517
20
229.2523
0
VERTEX
8
CUT
10
129.5515
20
229.2424
0
VERTEX
8
CUT
10
129.5504
20
229.1738
0
VERTEX
8
CUT
10
129.5503
20
229.1632
0
VERTEX
8
CUT
10
129.5505
20
229.0777
0
VERTEX
8
CUT
10
129.5506
20
229.0673
0
VERTEX
8
CUT
10
129.5519
20
228.9998
0
VERTEX
8
CUT
10
129.5522
20
228.9887
0
VERTEX
8
CUT
10
129.6482
20
226.4438
0
VERTEX
8
CUT
10
129.6488
20
226.4307
0
VERTEX
8
CUT
10
129.6539
20
226.3455
0
VERTEX
8
CUT
10
129.6548
20
226.3324
0
VERTEX
8
CUT
10
129.6636
20
226.2255
0
VERTEX
8
CUT
10
129.6648
20
226.2125
0
VERTEX
8
CUT
10
129.6736
20
226.1276
0
VERTEX
8
CUT
10
129.6751
20
226.1145
0
VERTEX
8
CUT
10
129.9362
20
224.0414
0
VERTEX
8
CUT
10
129.9392
20
224.0205
0
VERTEX
8
CUT
10
129.9611
20
223.8852
0
VERTEX
8
CUT
10
129.9648
20
223.8645
0
VERTEX
8
CUT
10
129.9982
20
223.6958
0
VERTEX
8
CUT
10
130.0027
20
223.6752
0
VERTEX
8
CUT
10
130.0341
20
223.5418
0
VERTEX
8
CUT
10
130.0392
20
223.5213
0
VERTEX
8
CUT
10
130.5463
20
221.6596
0
VERTEX
8
CUT
10
130.5518
20
221.6405
0
VERTEX
8
CUT
10
130.5898
20
221.5175
0
VERTEX
8
CUT
10
130.5959
20
221.4987
0
VERTEX
8
CUT
10
130.6485
20
221.3460
0
VERTEX
8
CUT
10
130.6553
20
221.3273
0
VERTEX
8
CUT
10
130.7013
20
221.2071
0
VERTEX
8
CUT
10
130.7086
20
221.1887
0
VERTEX
8
CUT
10
132.2094
20
217.6192
0
VERTEX
8
CUT
10
132.2160
20
217.6040
0
VERTEX
8
CUT
10
132.2607
20
217.5056
0
VERTEX
8
CUT
10
132.2678
20
217.4905
0
VERTEX
8
CUT
10
132.3272
20
217.3686
0
VERTEX
8
CUT
10
132.3347
20
217.3537
0
VERTEX
8
CUT
10
132.3847
20
217.2579
0
VERTEX
8
CUT
10
132.3926
20
217.2433
0
VERTEX
8
CUT
10
133.8773
20
214.5820
0
VERTEX
8
CUT
10
133.8847
20
214.5691
0
VERTEX
8
CUT
10
133.9340
20
214.4856
0
VERTEX
8
CUT
10
133.9418
20
214.4729
0
VERTEX
8
CUT
10
134.0063
20
214.3697
0
VERTEX
8
CUT
10
134.0143
20
214.3571
0
VERTEX
8
CUT
10
134.0677
20
214.2762
0
VERTEX
8
CUT
10
134.0761
20
214.2639
0
VERTEX
8
CUT
10
135.9105
20
211.6298
0
VERTEX
8
CUT
10
135.9207
20
211.6157
0
VERTEX
8
CUT
10
135.9882
20
211.5245
0
VERTEX
8
CUT
10
135.9988
20
211.5106
0
VERTEX
8
CUT
10
136.0868
20
211.3987
0
VERTEX
8
CUT
10
136.0978
20
211.3852
0
VERTEX
8
CUT
10
136.1705
20
211.2981
0
VERTEX
8
CUT
10
136.1819
20
211.2848
0
VERTEX
8
CUT
10
140.0963
20
206.8639
0
VERTEX
8
CUT
10
140.1021
20
206.8574
0
VERTEX
8
CUT
10
140.1429
20
206.8126
0
VERTEX
8
CUT
10
140.1493
20
206.8058
0
VERTEX
8
CUT
10
140.2010
20
206.7508
0
VERTEX
8
CUT
10
140.2073
20
206.7442
0
VERTEX
8
CUT
10
140.2488
20
206.7014
0
VERTEX
8
CUT
10
140.2557
20
206.6944
0
VERTEX
8
CUT
10
153.7811
20
193.1944
0
VERTEX
8
CUT
10
153.7860
20
193.1895
0
VERTEX
8
CUT
10
153.7971
20
193.1782
0
VERTEX
8
CUT
10
153.8019
20
193.1733
0
VERTEX
8
CUT
10
153.8135
20
193.1614
0
VERTEX
8
CUT
10
153.8193
20
193.1554
0
VERTEX
8
CUT
10
153.8327
20
193.1414
0
VERTEX
8
CUT
10
153.8384
20
193.1353
0
VERTEX
8
CUT
10
153.8430
20
193.1304
0
VERTEX
8
CUT
10
153.8488
20
193.1241
0
VERTEX
8
CUT
10
153.8622
20
193.1096
0
VERTEX
8
CUT
10
153.8679
20
193.1033
0
VERTEX
8
CUT
10
153.8706
20
193.1003
0
VERTEX
8
CUT
10
153.8772
20
193.0929
0
VERTEX
8
CUT
10
153.8926
20
193.0755
0
VERTEX
8
CUT
10
153.8991
20
193.0680
0
VERTEX
8
CUT
10
156.9438
20
189.5378
0
VERTEX
8
CUT
10
156.9539
20
189.5259
0
VERTEX
8
CUT
10
156.9772
20
189.4979
0
VERTEX
8
CUT
10
156.9871
20
189.4858
0
VERTEX
8
CUT
10
156.9989
20
189.4711
0
VERTEX
8
CUT
10
157.0086
20
189.4589
0
VERTEX
8
CUT
10
157.0308
20
189.4302
0
VERTEX
8
CUT
10
157.0403
20
189.4178
0
VERTEX
8
CUT
10
157.0477
20
189.4078
0
VERTEX
8
CUT
10
157.0570
20
189.3953
0
VERTEX
8
CUT
10
157.0782
20
189.3658
0
VERTEX
8
CUT
10
157.0872
20
189.3531
0
VERTEX
8
CUT
10
157.0981
20
189.3375
0
VERTEX
8
CUT
10
157.1069
20
189.3246
0
VERTEX
8
CUT
10
157.1271
20
189.2945
0
VERTEX
8
CUT
10
157.1356
20
189.2814
0
VERTEX
8
CUT
10
159.2164
20
186.0578
0
VERTEX
8
CUT
10
159.2227
20
186.0480
0
VERTEX
8
CUT
10
159.2371
20
186.0250
0
VERTEX
8
CUT
10
159.2432
20
186.0151
0
VERTEX
8
CUT
10
159.2506
20
186.0030
0
VERTEX
8
CUT
10
159.2566
20
185.9930
0
VERTEX
8
CUT
10
159.2704
20
185.9696
0
VERTEX
8
CUT
10
159.2763
20
185.9596
0
VERTEX
8
CUT
10
159.2810
20
185.9515
0
VERTEX
8
CUT
10
159.2867
20
185.9413
0
VERTEX
8
CUT
10
159.2999
20
185.9176
0
VERTEX
8
CUT
10
159.3055
20
185.9074
0
VERTEX
8
CUT
10
159.3122
20
185.8949
0
VERTEX
8
CUT
10
159.3177
20
185.8847
0
VERTEX
8
CUT
10
159.3303
20
185.8606
0
VERTEX
8
CUT
10
159.3356
20
185.8503
0
VERTEX
8
CUT
10
160.9927
20
182.5865
0
VERTEX
8
CUT
10
160.9978
20
182.5761
0
VERTEX
8
CUT
10
161.0098
20
182.5518
0
VERTEX
8
CUT
10
161.0148
20
182.5414
0
VERTEX
8
CUT
10
161.0209
20
182.5286
0
VERTEX
8
CUT
10
161.0258
20
182.5181
0
VERTEX
8
CUT
10
161.0371
20
182.4935
0
VERTEX
8
CUT
10
161.0419
20
182.4829
0
VERTEX
8
CUT
10
161.0457
20
182.4744
0
VERTEX
8
CUT
10
161.0503
20
182.4638
0
VERTEX
8
CUT
10
161.0610
20
182.4389
0
VERTEX
8
CUT
10
161.0655
20
182.4282
0
VERTEX
8
CUT
10
161.0709
20
182.4151
0
VERTEX
8
CUT
10
161.0753
20
182.4044
0
VERTEX
8
CUT
10
161.0853
20
182.3793
0
VERTEX
8
CUT
10
161.0896
20
182.3685
0
VERTEX
8
CUT
10
162.3800
20
179.0085
0
VERTEX
8
CUT
10
162.3844
20
178.9967
0
VERTEX
8
CUT
10
162.3945
20
178.9693
0
VERTEX
8
CUT
10
162.3987
20
178.9576
0
VERTEX
8
CUT
10
162.4038
20
178.9432
0
VERTEX
8
CUT
10
162.4079
20
178.9313
0
VERTEX
8
CUT
10
162.4172
20
178.9037
0
VERTEX
8
CUT
10
162.4211
20
178.8918
0
VERTEX
8
CUT
10
162.4242
20
178.8822
0
VERTEX
8
CUT
10
162.4279
20
178.8703
0
VERTEX
8
CUT
10
162.4365
20
178.8423
0
VERTEX
8
CUT
10
162.4401
20
178.8304
0
VERTEX
8
CUT
10
162.4443
20
178.8157
0
VERTEX
8
CUT
10
162.4477
20
178.8037
0
VERTEX
8
CUT
10
162.4555
20
178.7755
0
VERTEX
8
CUT
10
162.4588
20
178.7634
0
VERTEX
8
CUT
10
163.3490
20
175.3543
0
VERTEX
8
CUT
10
163.3522
20
175.3417
0
VERTEX
8
CUT
10
163.3595
20
175.3123
0
VERTEX
8
CUT
10
163.3625
20
175.2996
0
VERTEX
8
CUT
10
163.3660
20
175.2842
0
VERTEX
8
CUT
10
163.3689
20
175.2715
0
VERTEX
8
CUT
10
163.3752
20
175.2419
0
VERTEX
8
CUT
10
163.3779
20
175.2292
0
VERTEX
8
CUT
10
163.3799
20
175.2190
0
VERTEX
8
CUT
10
163.3824
20
175.2063
0
VERTEX
8
CUT
10
163.3879
20
175.1765
0
VERTEX
8
CUT
10
163.3902
20
175.1637
0
VERTEX
8
CUT
10
163.3928
20
175.1481
0
VERTEX
8
CUT
10
163.3949
20
175.1353
0
VERTEX
8
CUT
10
163.3996
20
175.1053
0
VERTEX
8
CUT
10
163.4015
20
175.0925
0
VERTEX
8
CUT
10
163.8739
20
171.7415
0
VERTEX
8
CUT
10
163.8758
20
171.7275
0
VERTEX
8
CUT
10
163.8799
20
171.6947
0
VERTEX
8
CUT
10
163.8815
20
171.6806
0
VERTEX
8
CUT
10
163.8834
20
171.6635
0
VERTEX
8
CUT
10
163.8848
20
171.6494
0
VERTEX
8
CUT
10
163.8879
20
171.6165
0
VERTEX
8
CUT
10
163.8891
20
171.6024
0
VERTEX
8
CUT
10
163.8899
20
171.5911
0
VERTEX
8
CUT
10
163.8909
20
171.5770
0
VERTEX
8
CUT
10
163.8929
20
171.5440
0
VERTEX
8
CUT
10
163.8937
20
171.5299
0
VERTEX
8
CUT
10
163.8945
20
171.5127
0
VERTEX
8
CUT
10
163.8950
20
171.4985
0
VERTEX
8
CUT
10
163.8960
20
171.4655
0
VERTEX
8
CUT
10
163.8963
20
171.4514
0
VERTEX
8
CUT
10
163.9436
20
168.1401
0
VERTEX
8
CUT
10
163.9437
20
168.1263
0
VERTEX
8
CUT
10
163.9436
20
168.0941
0
VERTEX
8
CUT
10
163.9435
20
168.0803
0
VERTEX
8
CUT
10
163.9432
20
168.0635
0
VERTEX
8
CUT
10
163.9429
20
168.0497
0
VERTEX
8
CUT
10
163.9419
20
168.0175
0
VERTEX
8
CUT
10
163.9413
20
168.0038
0
VERTEX
8
CUT
10
163.9408
20
167.9927
0
VERTEX
8
CUT
10
163.9401
20
167.9789
0
VERTEX
8
CUT
10
163.9381
20
167.9468
0
VERTEX
8
CUT
10
163.9371
20
167.9331
0
VERTEX
8
CUT
10
163.9358
20
167.9163
0
VERTEX
8
CUT
10
163.9346
20
167.9026
0
VERTEX
8
CUT
10
163.9316
20
167.8705
0
VERTEX
8
CUT
10
163.9302
20
167.8568
0
VERTEX
8
CUT
10
163.5799
20
164.6358
0
VERTEX
8
CUT
10
163.5781
20
164.6201
0
VERTEX
8
CUT
10
163.5735
20
164.5835
0
VERTEX
8
CUT
10
163.5714
20
164.5679
0
VERTEX
8
CUT
10
163.5686
20
164.5488
0
VERTEX
8
CUT
10
163.5662
20
164.5332
0
VERTEX
8
CUT
10
163.5603
20
164.4969
0
VERTEX
8
CUT
10
163.5576
20
164.4813
0
VERTEX
8
CUT
10
163.5554
20
164.4689
0
VERTEX
8
CUT
10
163.5525
20
164.4533
0
VERTEX
8
CUT
10
163.5453
20
164.4172
0
VERTEX
8
CUT
10
163.5421
20
164.4017
0
VERTEX
8
CUT
10
163.5380
20
164.3829
0
VERTEX
8
CUT
10
163.5345
20
164.3675
0
VERTEX
8
CUT
10
163.5261
20
164.3317
0
VERTEX
8
CUT
10
163.5223
20
164.3163
0
VERTEX
8
CUT
10
162.7378
20
161.2274
0
VERTEX
8
CUT
10
162.7348
20
161.2158
0
VERTEX
8
CUT
10
162.7275
20
161.1888
0
VERTEX
8
CUT
10
162.7244
20
161.1772
0
VERTEX
8
CUT
10
162.7204
20
161.1631
0
VERTEX
8
CUT
10
162.7170
20
161.1516
0
VERTEX
8
CUT
10
162.7091
20
161.1248
0
VERTEX
8
CUT
10
162.7056
20
161.1133
0
VERTEX
8
CUT
10
162.7027
20
161.1041
0
VERTEX
8
CUT
10
162.6991
20
161.0927
0
VERTEX
8
CUT
10
162.6904
20
161.0660
0
VERTEX
8
CUT
10
162.6866
20
161.0547
0
VERTEX
8
CUT
10
162.6819
20
161.0408
0
VERTEX
8
CUT
10
162.6779
20
161.0295
0
VERTEX
8
CUT
10
162.6685
20
161.0031
0
VERTEX
8
CUT
10
162.6644
20
160.9918
0
VERTEX
8
CUT
10
161.8847
20
158.8909
0
VERTEX
8
CUT
10
161.8804
20
158.8796
0
VERTEX
8
CUT
10
161.8703
20
158.8533
0
VERTEX
8
CUT
10
161.8658
20
158.8420
0
VERTEX
8
CUT
10
161.8603
20
158.8283
0
VERTEX
8
CUT
10
161.8558
20
158.8172
0
VERTEX
8
CUT
10
161.8449
20
158.7911
0
VERTEX
8
CUT
10
161.8402
20
158.7800
0
VERTEX
8
CUT
10
161.8363
20
158.7711
0
VERTEX
8
CUT
10
161.8314
20
158.7601
0
VERTEX
8
CUT
10
161.8199
20
158.7343
0
VERTEX
8
CUT
10
161.8148
20
158.7234
0
VERTEX
8
CUT
10
161.8086
20
158.7100
0
VERTEX
8
CUT
10
161.8034
20
158.6991
0
VERTEX
8
CUT
10
161.7912
20
158.6737
0
VERTEX
8
CUT
10
161.7859
20
158.6628
0
VERTEX
8
CUT
10
160.8079
20
156.7026
0
VERTEX
8
CUT
10
160.8030
20
156.6928
0
VERTEX
8
CUT
10
160.7913
20
156.6702
0
VERTEX
8
CUT
10
160.7863
20
156.6605
0
VERTEX
8
CUT
10
160.7800
20
156.6487
0
VERTEX
8
CUT
10
160.7749
20
156.6391
0
VERTEX
8
CUT
10
160.7627
20
156.6168
0
VERTEX
8
CUT
10
160.7574
20
156.6072
0
VERTEX
8
CUT
10
160.7531
20
156.5995
0
VERTEX
8
CUT
10
160.7477
20
156.5901
0
VERTEX
8
CUT
10
160.7350
20
156.5680
0
VERTEX
8
CUT
10
160.7295
20
156.5586
0
VERTEX
8
CUT
10
160.7227
20
156.5471
0
VERTEX
8
CUT
10
160.7170
20
156.5378
0
VERTEX
8
CUT
10
160.7038
20
156.5160
0
VERTEX
8
CUT
10
160.6980
20
156.5067
0
VERTEX
8
CUT
10
159.5243
20
154.6337
0
VERTEX
8
CUT
10
159.5185
20
154.6245
0
VERTEX
8
CUT
10
159.5048
20
154.6033
0
VERTEX
8
CUT
10
159.4989
20
154.5942
0
VERTEX
8
CUT
10
159.4916
20
154.5832
0
VERTEX
8
CUT
10
159.4856
20
154.5742
0
VERTEX
8
CUT
10
159.4714
20
154.5533
0
VERTEX
8
CUT
10
159.4712
20
154.5530
0
VERTEX
8
CUT
10
159.4599
20
154.5371
0
VERTEX
8
CUT
10
159.4537
20
154.5284
0
VERTEX
8
CUT
10
159.4459
20
154.5179
0
VERTEX
8
CUT
10
159.4396
20
154.5093
0
VERTEX
8
CUT
10
159.4246
20
154.4893
0
VERTEX
8
CUT
10
159.4181
20
154.4807
0
VERTEX
8
CUT
10
158.8835
20
153.7837
0
VERTEX
8
CUT
10
158.1030
20
152.7697
0
VERTEX
8
CUT
10
158.0952
20
152.7596
0
VERTEX
8
CUT
10
158.0767
20
152.7363
0
VERTEX
8
CUT
10
158.0687
20
152.7264
0
VERTEX
8
CUT
10
158.0589
20
152.7144
0
VERTEX
8
CUT
10
158.0508
20
152.7046
0
VERTEX
8
CUT
10
158.0348
20
152.6855
0
VERTEX
8
CUT
10
158.0161
20
152.6644
0
VERTEX
8
CUT
10
158.0075
20
152.6549
0
VERTEX
8
CUT
10
157.9970
20
152.6433
0
VERTEX
8
CUT
10
157.9882
20
152.6339
0
VERTEX
8
CUT
10
157.9678
20
152.6121
0
VERTEX
8
CUT
10
157.9589
20
152.6028
0
VERTEX
8
CUT
10
156.4749
20
151.0670
0
VERTEX
8
CUT
10
156.4671
20
151.0590
0
VERTEX
8
CUT
10
156.4488
20
151.0406
0
VERTEX
8
CUT
10
156.4409
20
151.0327
0
VERTEX
8
CUT
10
156.4312
20
151.0231
0
VERTEX
8
CUT
10
156.4232
20
151.0154
0
VERTEX
8
CUT
10
156.4044
20
150.9974
0
VERTEX
8
CUT
10
156.3964
20
150.9897
0
VERTEX
8
CUT
10
156.3898
20
150.9836
0
VERTEX
8
CUT
10
156.3816
20
150.9760
0
VERTEX
8
CUT
10
156.3624
20
150.9584
0
VERTEX
8
CUT
10
156.3542
20
150.9510
0
VERTEX
8
CUT
10
156.3440
20
150.9419
0
VERTEX
8
CUT
10
156.3357
20
150.9346
0
VERTEX
8
CUT
10
156.3160
20
150.9175
0
VERTEX
8
CUT
10
156.3076
20
150.9102
0
VERTEX
8
CUT
10
154.6701
20
149.5212
0
VERTEX
8
CUT
10
154.6609
20
149.5135
0
VERTEX
8
CUT
10
154.6393
20
149.4956
0
VERTEX
8
CUT
10
154.6299
20
149.4881
0
VERTEX
8
CUT
10
154.6185
20
149.4789
0
VERTEX
8
CUT
10
154.6091
20
149.4714
0
VERTEX
8
CUT
10
154.5873
20
149.4543
0
VERTEX
8
CUT
10
154.5693
20
149.4410
0
VERTEX
8
CUT
10
154.5597
20
149.4340
0
VERTEX
8
CUT
10
154.5479
20
149.4255
0
VERTEX
8
CUT
10
154.5382
20
149.4186
0
VERTEX
8
CUT
10
154.5154
20
149.4026
0
VERTEX
8
CUT
10
154.5056
20
149.3958
0
VERTEX
8
CUT
10
153.6341
20
148.8016
0
VERTEX
8
CUT
10
152.7473
20
148.1992
0
VERTEX
8
CUT
10
152.7348
20
148.1909
0
VERTEX
8
CUT
10
152.7055
20
148.1717
0
VERTEX
8
CUT
10
152.6929
20
148.1636
0
VERTEX
8
CUT
10
152.6774
20
148.1539
0
VERTEX
8
CUT
10
152.6647
20
148.1460
0
VERTEX
8
CUT
10
152.6348
20
148.1278
0
VERTEX
8
CUT
10
152.6219
20
148.1201
0
VERTEX
8
CUT
10
152.6116
20
148.1140
0
VERTEX
8
CUT
10
152.5986
20
148.1065
0
VERTEX
8
CUT
10
152.5681
20
148.0894
0
VERTEX
8
CUT
10
152.5550
20
148.0821
0
VERTEX
8
CUT
10
152.5389
20
148.0734
0
VERTEX
8
CUT
10
152.5256
20
148.0664
0
VERTEX
8
CUT
10
152.4946
20
148.0502
0
VERTEX
8
CUT
10
152.4813
20
148.0434
0
VERTEX
8
CUT
10
149.6612
20
146.6345
0
VERTEX
8
CUT
10
149.5179
20
146.5738
0
VERTEX
8
CUT
10
149.3548
20
146.5048
0
VERTEX
8
CUT
10
149.2333
20
146.4534
0
VERTEX
8
CUT
10
149.0189
20
146.3627
0
VERTEX
8
CUT
10
146.3624
20
145.4616
0
VERTEX
8
CUT
10
146.3533
20
145.4586
0
VERTEX
8
CUT
10
146.3452
20
145.4559
0
VERTEX
8
CUT
10
146.3099
20
145.4451
0
VERTEX
8
CUT
10
146.2460
20
145.4271
0
VERTEX
8
CUT
10
146.2189
20
145.4199
0
VERTEX
8
CUT
10
146.1928
20
145.4139
0
VERTEX
8
CUT
10
146.1316
20
145.4008
0
VERTEX
8
CUT
10
146.0953
20
145.3938
0
VERTEX
8
CUT
10
146.0831
20
145.3918
0
VERTEX
8
CUT
10
146.0726
20
145.3900
0
VERTEX
8
CUT
10
144.0825
20
145.0742
0
VERTEX
8
CUT
10
144.0795
20
145.0737
0
VERTEX
8
CUT
10
144.0506
20
145.0696
0
VERTEX
8
CUT
10
144.0374
20
145.0678
0
VERTEX
8
CUT
10
144.0212
20
145.0658
0
VERTEX
8
CUT
10
144.0080
20
145.0642
0
VERTEX
8
CUT
10
143.9770
20
145.0607
0
VERTEX
8
CUT
10
143.9637
20
145.0593
0
VERTEX
8
CUT
10
143.9530
20
145.0583
0
VERTEX
8
CUT
10
143.9397
20
145.0571
0
VERTEX
8
CUT
10
143.9086
20
145.0545
0
VERTEX
8
CUT
10
143.8953
20
145.0535
0
VERTEX
8
CUT
10
143.8790
20
145.0524
0
VERTEX
8
CUT
10
143.8657
20
145.0516
0
VERTEX
8
CUT
10
143.8346
20
145.0500
0
VERTEX
8
CUT
10
143.8212
20
145.0494
0
VERTEX
8
CUT
10
139.0493
20
144.8694
0
VERTEX
8
CUT
10
137.2540
20
144.9618
0
VERTEX
8
CUT
10
134.8016
20
145.2546
0
VERTEX
8
CUT
10
134.7864
20
145.2565
0
VERTEX
8
CUT
10
134.7679
20
145.2591
0
VERTEX
8
CUT
10
134.4527
20
145.3234
0
VERTEX
8
CUT
10
126.9184
20
147.2889
0
VERTEX
8
CUT
10
126.9017
20
147.2930
0
VERTEX
8
CUT
10
126.7926
20
147.3182
0
VERTEX
8
CUT
10
126.7757
20
147.3218
0
VERTEX
8
CUT
10
126.6379
20
147.3494
0
VERTEX
8
CUT
10
126.6210
20
147.3526
0
VERTEX
8
CUT
10
126.5106
20
147.3714
0
VERTEX
8
CUT
10
126.4936
20
147.3741
0
VERTEX
8
CUT
10
126.2231
20
147.4123
0
VERTEX
8
CUT
10
125.8540
20
147.5091
0
VERTEX
8
CUT
10
125.8408
20
147.5124
0
VERTEX
8
CUT
10
125.7548
20
147.5329
0
VERTEX
8
CUT
10
125.7415
20
147.5359
0
VERTEX
8
CUT
10
125.6329
20
147.5593
0
VERTEX
8
CUT
10
125.6195
20
147.5620
0
VERTEX
8
CUT
10
125.5326
20
147.5785
0
VERTEX
8
CUT
10
125.5192
20
147.5809
0
VERTEX
8
CUT
10
124.9121
20
147.6826
0
VERTEX
8
CUT
10
124.8961
20
147.6851
0
VERTEX
8
CUT
10
124.7920
20
147.6996
0
VERTEX
8
CUT
10
124.7760
20
147.7017
0
VERTEX
8
CUT
10
124.7133
20
147.7087
0
VERTEX
8
CUT
10
124.6811
20
147.7115
0
VERTEX
8
CUT
10
124.4742
20
147.7235
0
VERTEX
8
CUT
10
124.4096
20
147.7238
0
VERTEX
8
CUT
10
124.2027
20
147.7135
0
VERTEX
8
CUT
10
124.1704
20
147.7110
0
VERTEX
8
CUT
10
124.1077
20
147.7045
0
VERTEX
8
CUT
10
124.0916
20
147.7026
0
VERTEX
8
CUT
10
123.9874
20
147.6889
0
VERTEX
8
CUT
10
123.9714
20
147.6866
0
VERTEX
8
CUT
10
123.8299
20
147.6641
0
VERTEX
8
CUT
10
123.8178
20
147.6621
0
VERTEX
8
CUT
10
123.7389
20
147.6479
0
VERTEX
8
CUT
10
123.7268
20
147.6455
0
VERTEX
8
CUT
10
123.6795
20
147.6360
0
VERTEX
8
CUT
10
123.6555
20
147.6307
0
VERTEX
8
CUT
10
123.5019
20
147.5931
0
VERTEX
8
CUT
10
123.4702
20
147.5840
0
VERTEX
8
CUT
10
123.4488
20
147.5800
0
VERTEX
8
CUT
10
123.4345
20
147.5771
0
VERTEX
8
CUT
10
123.3419
20
147.5573
0
VERTEX
8
CUT
10
123.3277
20
147.5541
0
VERTEX
8
CUT
10
123.2724
20
147.5409
0
VERTEX
8
CUT
10
123.2442
20
147.5335
0
VERTEX
8
CUT
10
123.0649
20
147.4813
0
VERTEX
8
CUT
10
123.0098
20
147.4623
0
VERTEX
8
CUT
10
122.8364
20
147.3930
0
VERTEX
8
CUT
10
122.8096
20
147.3815
0
VERTEX
8
CUT
10
122.7578
20
147.3579
0
VERTEX
8
CUT
10
122.7446
20
147.3517
0
VERTEX
8
CUT
10
122.6595
20
147.3102
0
VERTEX
8
CUT
10
122.6465
20
147.3037
0
VERTEX
8
CUT
10
122.0526
20
146.9965
0
VERTEX
8
CUT
10
122.0402
20
146.9899
0
VERTEX
8
CUT
10
121.9602
20
146.9461
0
VERTEX
8
CUT
10
121.9480
20
146.9392
0
VERTEX
8
CUT
10
121.9005
20
146.9118
0
VERTEX
8
CUT
10
121.8766
20
146.8972
0
VERTEX
8
CUT
10
121.7253
20
146.8000
0
VERTEX
8
CUT
10
121.6796
20
146.7675
0
VERTEX
8
CUT
10
121.5380
20
146.6567
0
VERTEX
8
CUT
10
121.5163
20
146.6389
0
VERTEX
8
CUT
10
121.4748
20
146.6031
0
VERTEX
8
CUT
10
121.4643
20
146.5938
0
VERTEX
8
CUT
10
121.3967
20
146.5327
0
VERTEX
8
CUT
10
121.3864
20
146.5232
0
VERTEX
8
CUT
10
121.3366
20
146.4761
0
VERTEX
8
CUT
10
121.3259
20
146.4657
0
VERTEX
8
CUT
10
121.3179
20
146.4578
0
VERTEX
8
CUT
10
119.7186
20
145.1980
0
VERTEX
8
CUT
10
119.6799
20
145.1692
0
VERTEX
8
CUT
10
119.6075
20
145.1182
0
VERTEX
8
CUT
10
119.5257
20
145.0669
0
VERTEX
8
CUT
10
119.4694
20
145.0357
0
VERTEX
8
CUT
10
119.3826
20
144.9935
0
VERTEX
8
CUT
10
119.3233
20
144.9686
0
VERTEX
8
CUT
10
119.2324
20
144.9359
0
VERTEX
8
CUT
10
119.1476
20
144.9105
0
VERTEX
8
CUT
10
119.1010
20
144.8978
0
VERTEX
8
CUT
10
118.6462
20
144.7877
0
VERTEX
8
CUT
10
118.6319
20
144.7841
0
VERTEX
8
CUT
10
118.5393
20
144.7592
0
VERTEX
8
CUT
10
118.5251
20
144.7552
0
VERTEX
8
CUT
10
118.4698
20
144.7389
0
VERTEX
8
CUT
10
118.4417
20
144.7299
0
VERTEX
8
CUT
10
118.2631
20
144.6675
0
VERTEX
8
CUT
10
118.2084
20
144.6453
0
VERTEX
8
CUT
10
118.0391
20
144.5668
0
VERTEX
8
CUT
10
117.9868
20
144.5394
0
VERTEX
8
CUT
10
117.8239
20
144.4433
0
VERTEX
8
CUT
10
117.7988
20
144.4276
0
VERTEX
8
CUT
10
117.7507
20
144.3960
0
VERTEX
8
CUT
10
117.7384
20
144.3877
0
VERTEX
8
CUT
10
117.6596
20
144.3330
0
VERTEX
8
CUT
10
117.6476
20
144.3244
0
VERTEX
8
CUT
10
115.5316
20
142.7777
0
VERTEX
8
CUT
10
115.5223
20
142.7710
0
VERTEX
8
CUT
10
115.5138
20
142.7650
0
VERTEX
8
CUT
10
115.4768
20
142.7400
0
VERTEX
8
CUT
10
115.4091
20
142.6967
0
VERTEX
8
CUT
10
115.3802
20
142.6791
0
VERTEX
8
CUT
10
115.3520
20
142.6633
0
VERTEX
8
CUT
10
115.2852
20
142.6277
0
VERTEX
8
CUT
10
115.2452
20
142.6076
0
VERTEX
8
CUT
10
115.2317
20
142.6012
0
VERTEX
8
CUT
10
115.2199
20
142.5958
0
VERTEX
8
CUT
10
112.1539
20
141.2047
0
VERTEX
8
CUT
10
112.1346
20
141.1955
0
VERTEX
8
CUT
10
112.0104
20
141.1338
0
VERTEX
8
CUT
10
111.9915
20
141.1239
0
VERTEX
8
CUT
10
111.8386
20
141.0410
0
VERTEX
8
CUT
10
111.8200
20
141.0305
0
VERTEX
8
CUT
10
111.7005
20
140.9601
0
VERTEX
8
CUT
10
111.6824
20
140.9489
0
VERTEX
8
CUT
10
110.9759
20
140.4978
0
VERTEX
8
CUT
10
110.9642
20
140.4902
0
VERTEX
8
CUT
10
110.8889
20
140.4396
0
VERTEX
8
CUT
10
110.8774
20
140.4317
0
VERTEX
8
CUT
10
110.8329
20
140.4002
0
VERTEX
8
CUT
10
110.8104
20
140.3836
0
VERTEX
8
CUT
10
110.6673
20
140.2722
0
VERTEX
8
CUT
10
110.6457
20
140.2546
0
VERTEX
8
CUT
10
110.6043
20
140.2192
0
VERTEX
8
CUT
10
110.5938
20
140.2100
0
VERTEX
8
CUT
10
110.5262
20
140.1494
0
VERTEX
8
CUT
10
110.5160
20
140.1400
0
VERTEX
8
CUT
10
110.3314
20
139.9665
0
VERTEX
8
CUT
10
110.3205
20
139.9560
0
VERTEX
8
CUT
10
110.2506
20
139.8870
0
VERTEX
8
CUT
10
110.2400
20
139.8762
0
VERTEX
8
CUT
10
110.1991
20
139.8337
0
VERTEX
8
CUT
10
110.1787
20
139.8114
0
VERTEX
8
CUT
10
110.0516
20
139.6652
0
VERTEX
8
CUT
10
110.0143
20
139.6176
0
VERTEX
8
CUT
10
109.9040
20
139.4615
0
VERTEX
8
CUT
10
109.8717
20
139.4104
0
VERTEX
8
CUT
10
109.7777
20
139.2440
0
VERTEX
8
CUT
10
109.7507
20
139.1900
0
VERTEX
8
CUT
10
109.6739
20
139.0150
0
VERTEX
8
CUT
10
109.6525
20
138.9585
0
VERTEX
8
CUT
10
109.5937
20
138.7766
0
VERTEX
8
CUT
10
109.5781
20
138.7182
0
VERTEX
8
CUT
10
109.5373
20
138.5288
0
VERTEX
8
CUT
10
109.5317
20
138.4991
0
VERTEX
8
CUT
10
109.5223
20
138.4408
0
VERTEX
8
CUT
10
109.5200
20
138.4259
0
VERTEX
8
CUT
10
109.5067
20
138.3286
0
VERTEX
8
CUT
10
109.5048
20
138.3135
0
VERTEX
8
CUT
10
109.4403
20
137.7344
0
VERTEX
8
CUT
10
109.4390
20
137.7208
0
VERTEX
8
CUT
10
109.4312
20
137.6324
0
VERTEX
8
CUT
10
109.4301
20
137.6188
0
VERTEX
8
CUT
10
109.4266
20
137.5656
0
VERTEX
8
CUT
10
109.4255
20
137.5383
0
VERTEX
8
CUT
10
109.4220
20
137.3633
0
VERTEX
8
CUT
10
109.4234
20
137.3087
0
VERTEX
8
CUT
10
109.4358
20
137.1341
0
VERTEX
8
CUT
10
109.4384
20
137.1070
0
VERTEX
8
CUT
10
109.4446
20
137.0540
0
VERTEX
8
CUT
10
109.4463
20
137.0404
0
VERTEX
8
CUT
10
109.4587
20
136.9526
0
VERTEX
8
CUT
10
109.4607
20
136.9391
0
VERTEX
8
CUT
10
109.5898
20
136.1503
0
VERTEX
8
CUT
10
109.5924
20
136.1352
0
VERTEX
8
CUT
10
109.6110
20
136.0374
0
VERTEX
8
CUT
10
109.6140
20
136.0224
0
VERTEX
8
CUT
10
109.6267
20
135.9640
0
VERTEX
8
CUT
10
109.6339
20
135.9342
0
VERTEX
8
CUT
10
109.6852
20
135.7448
0
VERTEX
8
CUT
10
109.7042
20
135.6866
0
VERTEX
8
CUT
10
109.7735
20
135.5059
0
VERTEX
8
CUT
10
109.7983
20
135.4499
0
VERTEX
8
CUT
10
109.8869
20
135.2748
0
VERTEX
8
CUT
10
109.9015
20
135.2479
0
VERTEX
8
CUT
10
109.9311
20
135.1960
0
VERTEX
8
CUT
10
109.9389
20
135.1828
0
VERTEX
8
CUT
10
109.9905
20
135.0977
0
VERTEX
8
CUT
10
109.9986
20
135.0847
0
VERTEX
8
CUT
10
110.7020
20
133.9886
0
VERTEX
8
CUT
10
110.7089
20
133.9781
0
VERTEX
8
CUT
10
110.7544
20
133.9103
0
VERTEX
8
CUT
10
110.7615
20
133.9000
0
VERTEX
8
CUT
10
110.7898
20
133.8598
0
VERTEX
8
CUT
10
110.8046
20
133.8396
0
VERTEX
8
CUT
10
110.9026
20
133.7118
0
VERTEX
8
CUT
10
110.9348
20
133.6733
0
VERTEX
8
CUT
10
111.0431
20
133.5541
0
VERTEX
8
CUT
10
111.0604
20
133.5359
0
VERTEX
8
CUT
10
111.0949
20
133.5010
0
VERTEX
8
CUT
10
111.1039
20
133.4922
0
VERTEX
8
CUT
10
111.1625
20
133.4354
0
VERTEX
8
CUT
10
111.1716
20
133.4267
0
VERTEX
8
CUT
10
113.3306
20
131.4191
0
VERTEX
8
CUT
10
113.3470
20
131.4044
0
VERTEX
8
CUT
10
113.4553
20
131.3109
0
VERTEX
8
CUT
10
113.4722
20
131.2968
0
VERTEX
8
CUT
10
113.6122
20
131.1846
0
VERTEX
8
CUT
10
113.6296
20
131.1712
0
VERTEX
8
CUT
10
113.7444
20
131.0859
0
VERTEX
8
CUT
10
113.7623
20
131.0731
0
VERTEX
8
CUT
10
114.7223
20
130.4130
0
VERTEX
8
CUT
10
114.7339
20
130.4052
0
VERTEX
8
CUT
10
114.8100
20
130.3555
0
VERTEX
8
CUT
10
114.8217
20
130.3480
0
VERTEX
8
CUT
10
114.8681
20
130.3192
0
VERTEX
8
CUT
10
114.8922
20
130.3050
0
VERTEX
8
CUT
10
115.0487
20
130.2177
0
VERTEX
8
CUT
10
115.0988
20
130.1927
0
VERTEX
8
CUT
10
115.2627
20
130.1203
0
VERTEX
8
CUT
10
115.2886
20
130.1096
0
VERTEX
8
CUT
10
115.3395
20
130.0899
0
VERTEX
8
CUT
10
115.3526
20
130.0850
0
VERTEX
8
CUT
10
115.4381
20
130.0542
0
VERTEX
8
CUT
10
115.4513
20
130.0496
0
VERTEX
8
CUT
10
116.1454
20
129.8175
0
VERTEX
8
CUT
10
116.1565
20
129.8137
0
VERTEX
8
CUT
10
116.1664
20
129.8103
0
VERTEX
8
CUT
10
116.2089
20
129.7943
0
VERTEX
8
CUT
10
116.2844
20
129.7635
0
VERTEX
8
CUT
10
116.3181
20
129.7490
0
VERTEX
8
CUT
10
116.3182
20
129.7490
0
VERTEX
8
CUT
10
116.3433
20
129.7371
0
VERTEX
8
CUT
10
116.4015
20
129.7085
0
VERTEX
8
CUT
10
116.4262
20
129.6958
0
VERTEX
8
CUT
10
116.4772
20
129.6687
0
VERTEX
8
CUT
10
116.4855
20
129.6644
0
VERTEX
8
CUT
10
116.5524
20
129.6301
0
VERTEX
8
CUT
10
116.5768
20
129.6183
0
VERTEX
8
CUT
10
116.7337
20
129.5468
0
VERTEX
8
CUT
10
116.7857
20
129.5259
0
VERTEX
8
CUT
10
116.9641
20
129.4639
0
VERTEX
8
CUT
10
117.0207
20
129.4473
0
VERTEX
8
CUT
10
117.2019
20
129.4037
0
VERTEX
8
CUT
10
117.2598
20
129.3927
0
VERTEX
8
CUT
10
117.4444
20
129.3671
0
VERTEX
8
CUT
10
117.5031
20
129.3619
0
VERTEX
8
CUT
10
117.6893
20
129.3545
0
VERTEX
8
CUT
10
117.7483
20
129.3551
0
VERTEX
8
CUT
10
117.9343
20
129.3660
0
VERTEX
8
CUT
10
117.9929
20
129.3723
0
VERTEX
8
CUT
10
118.1770
20
129.4015
0
VERTEX
8
CUT
10
118.2347
20
129.4135
0
VERTEX
8
CUT
10
118.4150
20
129.4606
0
VERTEX
8
CUT
10
118.4712
20
129.4782
0
VERTEX
8
CUT
10
118.6485
20
129.5436
0
VERTEX
8
CUT
10
118.6759
20
129.5545
0
VERTEX
8
CUT
10
118.7289
20
129.5771
0
VERTEX
8
CUT
10
118.7424
20
129.5830
0
VERTEX
8
CUT
10
118.8296
20
129.6227
0
VERTEX
8
CUT
10
118.8429
20
129.6290
0
VERTEX
8
CUT
10
119.0784
20
129.7433
0
VERTEX
8
CUT
10
119.1189
20
129.7617
0
VERTEX
8
CUT
10
119.1938
20
129.7936
0
VERTEX
8
CUT
10
119.2772
20
129.8243
0
VERTEX
8
CUT
10
119.3337
20
129.8420
0
VERTEX
8
CUT
10
119.4197
20
129.8644
0
VERTEX
8
CUT
10
119.4776
20
129.8764
0
VERTEX
8
CUT
10
119.5654
20
129.8902
0
VERTEX
8
CUT
10
119.6242
20
129.8964
0
VERTEX
8
CUT
10
119.7129
20
129.9015
0
VERTEX
8
CUT
10
119.7721
20
129.9019
0
VERTEX
8
CUT
10
119.8609
20
129.8981
0
VERTEX
8
CUT
10
119.9419
20
129.8907
0
VERTEX
8
CUT
10
119.9861
20
129.8855
0
VERTEX
8
CUT
10
120.0612
20
129.8749
0
VERTEX
8
CUT
10
120.0764
20
129.8729
0
VERTEX
8
CUT
10
120.1356
20
129.8660
0
VERTEX
8
CUT
10
120.1660
20
129.8633
0
VERTEX
8
CUT
10
120.3613
20
129.8507
0
VERTEX
8
CUT
10
120.4223
20
129.8498
0
VERTEX
8
CUT
10
120.6152
20
129.8570
0
VERTEX
8
CUT
10
120.6760
20
129.8624
0
VERTEX
8
CUT
10
120.8671
20
129.8891
0
VERTEX
8
CUT
10
120.9271
20
129.9007
0
VERTEX
8
CUT
10
121.1145
20
129.9467
0
VERTEX
8
CUT
10
121.1730
20
129.9642
0
VERTEX
8
CUT
10
121.3548
20
130.0291
0
VERTEX
8
CUT
10
121.4112
20
130.0525
0
VERTEX
8
CUT
10
121.5854
20
130.1355
0
VERTEX
8
CUT
10
121.6391
20
130.1645
0
VERTEX
8
CUT
10
121.8041
20
130.2647
0
VERTEX
8
CUT
10
121.8545
20
130.2991
0
VERTEX
8
CUT
10
122.0106
20
130.4172
0
VERTEX
8
CUT
10
122.0344
20
130.4362
0
VERTEX
8
CUT
10
122.0801
20
130.4746
0
VERTEX
8
CUT
10
122.0916
20
130.4845
0
VERTEX
8
CUT
10
122.1544
20
130.5401
0
VERTEX
8
CUT
10
122.1827
20
130.5633
0
VERTEX
8
CUT
10
122.1887
20
130.5682
0
VERTEX
8
CUT
10
122.2522
20
130.6215
0
VERTEX
8
CUT
10
122.3309
20
130.6800
0
VERTEX
8
CUT
10
122.3859
20
130.7164
0
VERTEX
8
CUT
10
122.4714
20
130.7665
0
VERTEX
8
CUT
10
122.5522
20
130.8080
0
VERTEX
8
CUT
10
122.5969
20
130.8294
0
VERTEX
8
CUT
10
122.6695
20
130.8617
0
VERTEX
8
CUT
10
122.6831
20
130.8680
0
VERTEX
8
CUT
10
122.7358
20
130.8931
0
VERTEX
8
CUT
10
122.7625
20
130.9066
0
VERTEX
8
CUT
10
122.9313
20
130.9975
0
VERTEX
8
CUT
10
122.9825
20
131.0285
0
VERTEX
8
CUT
10
123.1392
20
131.1342
0
VERTEX
8
CUT
10
123.1871
20
131.1701
0
VERTEX
8
CUT
10
123.3325
20
131.2910
0
VERTEX
8
CUT
10
123.3766
20
131.3315
0
VERTEX
8
CUT
10
123.5092
20
131.4662
0
VERTEX
8
CUT
10
123.5490
20
131.5109
0
VERTEX
8
CUT
10
123.6676
20
131.6582
0
VERTEX
8
CUT
10
123.7027
20
131.7066
0
VERTEX
8
CUT
10
123.8061
20
131.8649
0
VERTEX
8
CUT
10
123.8362
20
131.9166
0
VERTEX
8
CUT
10
123.9233
20
132.0845
0
VERTEX
8
CUT
10
123.9481
20
132.1389
0
VERTEX
8
CUT
10
124.0180
20
132.3146
0
VERTEX
8
CUT
10
124.0374
20
132.3712
0
VERTEX
8
CUT
10
124.0894
20
132.5530
0
VERTEX
8
CUT
10
124.1030
20
132.6112
0
VERTEX
8
CUT
10
124.1372
20
132.7999
0
VERTEX
8
CUT
10
124.1418
20
132.8294
0
VERTEX
8
CUT
10
124.1493
20
132.8873
0
VERTEX
8
CUT
10
124.1510
20
132.9022
0
VERTEX
8
CUT
10
124.1612
20
132.9989
0
VERTEX
8
CUT
10
124.1626
20
133.0138
0
VERTEX
8
CUT
10
124.1844
20
133.2879
0
VERTEX
8
CUT
10
124.1939
20
133.3615
0
VERTEX
8
CUT
10
124.2177
20
133.5002
0
VERTEX
8
CUT
10
124.2351
20
133.5799
0
VERTEX
8
CUT
10
124.2382
20
133.5914
0
VERTEX
8
CUT
10
124.2432
20
133.6093
0
VERTEX
8
CUT
10
124.2724
20
133.7103
0
VERTEX
8
CUT
10
124.2764
20
133.7249
0
VERTEX
8
CUT
10
124.2913
20
133.7818
0
VERTEX
8
CUT
10
124.2982
20
133.8111
0
VERTEX
8
CUT
10
124.3377
20
134.0002
0
VERTEX
8
CUT
10
124.3470
20
134.0597
0
VERTEX
8
CUT
10
124.3671
20
134.2492
0
VERTEX
8
CUT
10
124.3704
20
134.3094
0
VERTEX
8
CUT
10
124.3714
20
134.4999
0
VERTEX
8
CUT
10
124.3686
20
134.5601
0
VERTEX
8
CUT
10
124.3504
20
134.7497
0
VERTEX
8
CUT
10
124.3417
20
134.8094
0
VERTEX
8
CUT
10
124.3046
20
134.9962
0
VERTEX
8
CUT
10
124.2899
20
135.0547
0
VERTEX
8
CUT
10
124.2342
20
135.2369
0
VERTEX
8
CUT
10
124.2137
20
135.2936
0
VERTEX
8
CUT
10
124.1401
20
135.4693
0
VERTEX
8
CUT
10
124.1140
20
135.5236
0
VERTEX
8
CUT
10
124.0231
20
135.6910
0
VERTEX
8
CUT
10
123.9917
20
135.7425
0
VERTEX
8
CUT
10
123.8830
20
135.9021
0
VERTEX
8
CUT
10
123.8654
20
135.9266
0
VERTEX
8
CUT
10
123.8361
20
135.9653
0
VERTEX
8
CUT
10
123.8350
20
135.9667
0
VERTEX
8
CUT
10
123.8100
20
136.0016
0
VERTEX
8
CUT
10
123.7660
20
136.0663
0
VERTEX
8
CUT
10
123.7212
20
136.1392
0
VERTEX
8
CUT
10
123.6938
20
136.1891
0
VERTEX
8
CUT
10
123.6562
20
136.2659
0
VERTEX
8
CUT
10
123.6251
20
136.3379
0
VERTEX
8
CUT
10
123.6120
20
136.3702
0
VERTEX
8
CUT
10
123.6118
20
136.3709
0
VERTEX
8
CUT
10
123.6068
20
136.3831
0
VERTEX
8
CUT
10
123.5986
20
136.4042
0
VERTEX
8
CUT
10
123.5832
20
136.4454
0
VERTEX
8
CUT
10
123.5780
20
136.4587
0
VERTEX
8
CUT
10
123.5572
20
136.5106
0
VERTEX
8
CUT
10
123.5459
20
136.5369
0
VERTEX
8
CUT
10
123.4695
20
136.7037
0
VERTEX
8
CUT
10
123.4432
20
136.7546
0
VERTEX
8
CUT
10
123.3525
20
136.9112
0
VERTEX
8
CUT
10
123.3215
20
136.9593
0
VERTEX
8
CUT
10
123.2148
20
137.1086
0
VERTEX
8
CUT
10
123.1976
20
137.1315
0
VERTEX
8
CUT
10
123.1630
20
137.1754
0
VERTEX
8
CUT
10
123.1540
20
137.1865
0
VERTEX
8
CUT
10
123.0946
20
137.2582
0
VERTEX
8
CUT
10
123.0853
20
137.2691
0
VERTEX
8
CUT
10
122.8960
20
137.4868
0
VERTEX
8
CUT
10
122.8677
20
137.5209
0
VERTEX
8
CUT
10
122.8176
20
137.5846
0
VERTEX
8
CUT
10
122.7664
20
137.6568
0
VERTEX
8
CUT
10
122.7346
20
137.7065
0
VERTEX
8
CUT
10
122.6907
20
137.7833
0
VERTEX
8
CUT
10
122.6641
20
137.8359
0
VERTEX
8
CUT
10
122.6279
20
137.9166
0
VERTEX
8
CUT
10
122.6065
20
137.9716
0
VERTEX
8
CUT
10
122.5785
20
138.0555
0
VERTEX
8
CUT
10
122.5626
20
138.1123
0
VERTEX
8
CUT
10
122.5430
20
138.1986
0
VERTEX
8
CUT
10
122.5327
20
138.2566
0
VERTEX
8
CUT
10
122.5217
20
138.3444
0
VERTEX
8
CUT
10
122.5172
20
138.4031
0
VERTEX
8
CUT
10
122.5148
20
138.4916
0
VERTEX
8
CUT
10
122.5161
20
138.5505
0
VERTEX
8
CUT
10
122.5224
20
138.6388
0
VERTEX
8
CUT
10
122.5295
20
138.6973
0
VERTEX
8
CUT
10
122.5444
20
138.7845
0
VERTEX
8
CUT
10
122.5572
20
138.8421
0
VERTEX
8
CUT
10
122.5807
20
138.9274
0
VERTEX
8
CUT
10
122.5991
20
138.9834
0
VERTEX
8
CUT
10
122.6308
20
139.0660
0
VERTEX
8
CUT
10
122.6546
20
139.1199
0
VERTEX
8
CUT
10
122.6943
20
139.1990
0
VERTEX
8
CUT
10
122.7232
20
139.2504
0
VERTEX
8
CUT
10
122.7705
20
139.3252
0
VERTEX
8
CUT
10
122.8044
20
139.3734
0
VERTEX
8
CUT
10
122.8588
20
139.4432
0
VERTEX
8
CUT
10
122.8972
20
139.4879
0
VERTEX
8
CUT
10
122.9582
20
139.5520
0
VERTEX
8
CUT
10
123.0009
20
139.5927
0
VERTEX
8
CUT
10
123.0679
20
139.6505
0
VERTEX
8
CUT
10
123.1143
20
139.6868
0
VERTEX
8
CUT
10
123.1867
20
139.7378
0
VERTEX
8
CUT
10
123.2364
20
139.7693
0
VERTEX
8
CUT
10
123.3134
20
139.8129
0
VERTEX
8
CUT
10
123.3859
20
139.8494
0
VERTEX
8
CUT
10
123.4259
20
139.8683
0
VERTEX
8
CUT
10
123.6971
20
139.9885
0
VERTEX
8
CUT
10
123.7088
20
139.9935
0
VERTEX
8
CUT
10
123.7164
20
139.9968
0
VERTEX
8
CUT
10
123.7679
20
140.0169
0
VERTEX
8
CUT
10
123.8437
20
140.0438
0
VERTEX
8
CUT
10
123.9299
20
140.0697
0
VERTEX
8
CUT
10
123.9891
20
140.0843
0
VERTEX
8
CUT
10
124.0702
20
140.1003
0
VERTEX
8
CUT
10
124.1316
20
140.1096
0
VERTEX
8
CUT
10
124.1810
20
140.1156
0
VERTEX
8
CUT
10
124.1970
20
140.1171
0
VERTEX
8
CUT
10
124.2111
20
140.1183
0
VERTEX
8
CUT
10
124.2900
20
140.1245
0
VERTEX
8
CUT
10
124.3316
20
140.1268
0
VERTEX
8
CUT
10
124.4080
20
140.1293
0
VERTEX
8
CUT
10
124.4914
20
140.1281
0
VERTEX
8
CUT
10
124.5468
20
140.1247
0
VERTEX
8
CUT
10
124.6297
20
140.1158
0
VERTEX
8
CUT
10
124.6846
20
140.1073
0
VERTEX
8
CUT
10
124.7664
20
140.0908
0
VERTEX
8
CUT
10
124.8202
20
140.0773
0
VERTEX
8
CUT
10
124.9001
20
140.0532
0
VERTEX
8
CUT
10
124.9721
20
140.0278
0
VERTEX
8
CUT
10
125.0111
20
140.0131
0
VERTEX
8
CUT
10
127.5285
20
138.9926
0
VERTEX
8
CUT
10
127.6401
20
138.9374
0
VERTEX
8
CUT
10
127.6403
20
138.9373
0
VERTEX
8
CUT
10
127.6938
20
138.9107
0
VERTEX
8
CUT
10
127.7074
20
138.9042
0
VERTEX
8
CUT
10
127.7961
20
138.8629
0
VERTEX
8
CUT
10
127.8099
20
138.8567
0
VERTEX
8
CUT
10
127.9226
20
138.8077
0
VERTEX
8
CUT
10
127.9365
20
138.8019
0
VERTEX
8
CUT
10
128.0272
20
138.7651
0
VERTEX
8
CUT
10
128.0412
20
138.7597
0
VERTEX
8
CUT
10
128.9075
20
138.4337
0
VERTEX
8
CUT
10
130.2261
20
137.8992
0
VERTEX
8
CUT
10
130.2669
20
137.8814
0
VERTEX
8
CUT
10
130.3410
20
137.8471
0
VERTEX
8
CUT
10
130.4199
20
137.8056
0
VERTEX
8
CUT
10
130.4710
20
137.7754
0
VERTEX
8
CUT
10
130.5454
20
137.7263
0
VERTEX
8
CUT
10
130.5932
20
137.6912
0
VERTEX
8
CUT
10
130.6624
20
137.6350
0
VERTEX
8
CUT
10
130.7231
20
137.5804
0
VERTEX
8
CUT
10
130.7555
20
137.5498
0
VERTEX
8
CUT
10
131.0962
20
137.2118
0
VERTEX
8
CUT
10
131.1243
20
137.1827
0
VERTEX
8
CUT
10
131.1746
20
137.1281
0
VERTEX
8
CUT
10
131.2267
20
137.0661
0
VERTEX
8
CUT
10
131.2595
20
137.0233
0
VERTEX
8
CUT
10
131.3059
20
136.9569
0
VERTEX
8
CUT
10
131.3347
20
136.9113
0
VERTEX
8
CUT
10
131.3749
20
136.8410
0
VERTEX
8
CUT
10
131.3995
20
136.7930
0
VERTEX
8
CUT
10
131.4332
20
136.7194
0
VERTEX
8
CUT
10
131.4610
20
136.6506
0
VERTEX
8
CUT
10
131.4754
20
136.6127
0
VERTEX
8
CUT
10
131.4783
20
136.6043
0
VERTEX
8
CUT
10
131.4835
20
136.5903
0
VERTEX
8
CUT
10
131.5041
20
136.5361
0
VERTEX
8
CUT
10
131.5154
20
136.5086
0
VERTEX
8
CUT
10
131.5918
20
136.3344
0
VERTEX
8
CUT
10
131.6183
20
136.2812
0
VERTEX
8
CUT
10
131.7104
20
136.1176
0
VERTEX
8
CUT
10
131.7420
20
136.0674
0
VERTEX
8
CUT
10
131.8498
20
135.9137
0
VERTEX
8
CUT
10
131.8862
20
135.8668
0
VERTEX
8
CUT
10
132.0086
20
135.7245
0
VERTEX
8
CUT
10
132.0495
20
135.6815
0
VERTEX
8
CUT
10
132.1854
20
135.5520
0
VERTEX
8
CUT
10
132.2304
20
135.5132
0
VERTEX
8
CUT
10
132.3784
20
135.3977
0
VERTEX
8
CUT
10
132.4270
20
135.3636
0
VERTEX
8
CUT
10
132.5857
20
135.2633
0
VERTEX
8
CUT
10
132.6374
20
135.2341
0
VERTEX
8
CUT
10
132.8052
20
135.1501
0
VERTEX
8
CUT
10
132.8596
20
135.1261
0
VERTEX
8
CUT
10
133.0349
20
135.0591
0
VERTEX
8
CUT
10
133.0913
20
135.0406
0
VERTEX
8
CUT
10
133.2724
20
134.9912
0
VERTEX
8
CUT
10
133.3304
20
134.9784
0
VERTEX
8
CUT
10
133.5155
20
134.9472
0
VERTEX
8
CUT
10
133.5745
20
134.9402
0
VERTEX
8
CUT
10
133.7617
20
134.9274
0
VERTEX
8
CUT
10
133.8211
20
134.9263
0
VERTEX
8
CUT
10
134.0087
20
134.9320
0
VERTEX
8
CUT
10
134.0679
20
134.9368
0
VERTEX
8
CUT
10
134.2541
20
134.9611
0
VERTEX
8
CUT
10
134.3125
20
134.9716
0
VERTEX
8
CUT
10
134.4953
20
135.0142
0
VERTEX
8
CUT
10
134.5524
20
135.0305
0
VERTEX
8
CUT
10
134.7301
20
135.0909
0
VERTEX
8
CUT
10
134.7853
20
135.1128
0
VERTEX
8
CUT
10
134.9562
20
135.1905
0
VERTEX
8
CUT
10
135.0090
20
135.2177
0
VERTEX
8
CUT
10
135.1714
20
135.3119
0
VERTEX
8
CUT
10
135.2212
20
135.3442
0
VERTEX
8
CUT
10
135.3735
20
135.4540
0
VERTEX
8
CUT
10
135.4198
20
135.4910
0
VERTEX
8
CUT
10
135.5625
20
135.6171
0
VERTEX
8
CUT
10
135.5842
20
135.6373
0
VERTEX
8
CUT
10
135.6257
20
135.6778
0
VERTEX
8
CUT
10
135.6362
20
135.6883
0
VERTEX
8
CUT
10
135.7036
20
135.7574
0
VERTEX
8
CUT
10
135.7088
20
135.7627
0
VERTEX
8
CUT
10
135.7114
20
135.7655
0
VERTEX
8
CUT
10
135.7124
20
135.7665
0
VERTEX
8
CUT
10
135.7283
20
135.7830
0
VERTEX
8
CUT
10
135.7725
20
135.8277
0
VERTEX
8
CUT
10
135.7992
20
135.8536
0
VERTEX
8
CUT
10
135.8083
20
135.8620
0
VERTEX
8
CUT
10
135.8162
20
135.8693
0
VERTEX
8
CUT
10
135.8492
20
135.8993
0
VERTEX
8
CUT
10
135.8804
20
135.9264
0
VERTEX
8
CUT
10
135.9387
20
135.9747
0
VERTEX
8
CUT
10
136.0047
20
136.0244
0
VERTEX
8
CUT
10
136.0501
20
136.0554
0
VERTEX
8
CUT
10
136.1203
20
136.0989
0
VERTEX
8
CUT
10
136.1684
20
136.1256
0
VERTEX
8
CUT
10
136.2423
20
136.1624
0
VERTEX
8
CUT
10
136.2927
20
136.1847
0
VERTEX
8
CUT
10
136.3697
20
136.2146
0
VERTEX
8
CUT
10
136.4218
20
136.2321
0
VERTEX
8
CUT
10
136.5012
20
136.2548
0
VERTEX
8
CUT
10
136.5749
20
136.2722
0
VERTEX
8
CUT
10
136.6153
20
136.2808
0
VERTEX
8
CUT
10
136.9243
20
136.3391
0
VERTEX
8
CUT
10
136.9995
20
136.3495
0
VERTEX
8
CUT
10
137.1367
20
136.3624
0
VERTEX
8
CUT
10
137.2327
20
136.3662
0
VERTEX
8
CUT
10
137.2636
20
136.3658
0
VERTEX
8
CUT
10
137.3014
20
136.3645
0
VERTEX
8
CUT
10
137.3130
20
136.3639
0
VERTEX
8
CUT
10
137.3236
20
136.3633
0
VERTEX
8
CUT
10
137.9723
20
136.3198
0
VERTEX
8
CUT
10
138.6716
20
136.2167
0
VERTEX
8
CUT
10
138.7302
20
136.2078
0
VERTEX
8
CUT
10
139.9263
20
135.8862
0
VERTEX
8
CUT
10
139.9638
20
135.8698
0
VERTEX
8
CUT
10
140.6779
20
135.5442
0
VERTEX
8
CUT
10
140.6904
20
135.5387
0
VERTEX
8
CUT
10
140.7716
20
135.5038
0
VERTEX
8
CUT
10
140.7842
20
135.4986
0
VERTEX
8
CUT
10
140.8334
20
135.4788
0
VERTEX
8
CUT
10
140.8589
20
135.4692
0
VERTEX
8
CUT
10
141.0234
20
135.4116
0
VERTEX
8
CUT
10
141.0755
20
135.3959
0
VERTEX
8
CUT
10
141.2423
20
135.3540
0
VERTEX
8
CUT
10
141.2956
20
135.3431
0
VERTEX
8
CUT
10
141.4654
20
135.3164
0
VERTEX
8
CUT
10
141.5195
20
135.3104
0
VERTEX
8
CUT
10
141.5569
20
135.3080
0
VERTEX
8
CUT
10
141.6793
20
135.2966
0
VERTEX
8
CUT
10
141.7435
20
135.2940
0
VERTEX
8
CUT
10
141.7830
20
135.2946
0
VERTEX
8
CUT
10
141.8374
20
135.2929
0
VERTEX
8
CUT
10
142.0379
20
135.2972
0
VERTEX
8
CUT
10
142.0692
20
135.2987
0
VERTEX
8
CUT
10
142.1302
20
135.3031
0
VERTEX
8
CUT
10
142.1458
20
135.3045
0
VERTEX
8
CUT
10
142.2470
20
135.3146
0
VERTEX
8
CUT
10
142.2626
20
135.3164
0
VERTEX
8
CUT
10
144.0343
20
135.5404
0
VERTEX
8
CUT
10
144.1856
20
135.5588
0
VERTEX
8
CUT
10
144.1957
20
135.5600
0
VERTEX
8
CUT
10
144.2195
20
135.5626
0
VERTEX
8
CUT
10
144.2297
20
135.5637
0
VERTEX
8
CUT
10
144.2421
20
135.5649
0
VERTEX
8
CUT
10
144.2523
20
135.5659
0
VERTEX
8
CUT
10
144.2761
20
135.5680
0
VERTEX
8
CUT
10
144.2848
20
135.5687
0
VERTEX
8
CUT
10
144.2893
20
135.5690
0
VERTEX
8
CUT
10
144.3141
20
135.5704
0
VERTEX
8
CUT
10
144.3247
20
135.5709
0
VERTEX
8
CUT
10
144.3377
20
135.5715
0
VERTEX
8
CUT
10
144.3484
20
135.5719
0
VERTEX
8
CUT
10
144.3732
20
135.5728
0
VERTEX
8
CUT
10
144.3838
20
135.5731
0
VERTEX
8
CUT
10
150.3256
20
135.7029
0
VERTEX
8
CUT
10
150.3352
20
135.7032
0
VERTEX
8
CUT
10
150.4019
20
135.7058
0
VERTEX
8
CUT
10
150.4121
20
135.7062
0
VERTEX
8
CUT
10
150.4952
20
135.7108
0
VERTEX
8
CUT
10
150.5053
20
135.7114
0
VERTEX
8
CUT
10
150.5708
20
135.7162
0
VERTEX
8
CUT
10
150.5816
20
135.7170
0
VERTEX
8
CUT
10
151.3544
20
135.7866
0
VERTEX
8
CUT
10
151.9860
20
135.8058
0
VERTEX
8
CUT
10
152.0050
20
135.8067
0
VERTEX
8
CUT
10
152.1286
20
135.8144
0
VERTEX
8
CUT
10
152.1476
20
135.8159
0
VERTEX
8
CUT
10
152.3023
20
135.8304
0
VERTEX
8
CUT
10
152.3212
20
135.8325
0
VERTEX
8
CUT
10
152.4441
20
135.8481
0
VERTEX
8
CUT
10
152.4629
20
135.8507
0
VERTEX
8
CUT
10
152.6384
20
135.8786
0
VERTEX
8
CUT
10
152.7696
20
135.8834
0
VERTEX
8
CUT
10
152.7896
20
135.8845
0
VERTEX
8
CUT
10
152.9192
20
135.8936
0
VERTEX
8
CUT
10
152.9392
20
135.8954
0
VERTEX
8
CUT
10
153.1014
20
135.9122
0
VERTEX
8
CUT
10
153.1212
20
135.9146
0
VERTEX
8
CUT
10
153.2500
20
135.9323
0
VERTEX
8
CUT
10
153.2697
20
135.9354
0
VERTEX
8
CUT
10
153.2698
20
135.9354
0
VERTEX
8
CUT
10
153.5581
20
135.9849
0
VERTEX
8
CUT
10
154.0409
20
136.0284
0
VERTEX
8
CUT
10
154.0514
20
136.0294
0
VERTEX
8
CUT
10
154.1243
20
136.0373
0
VERTEX
8
CUT
10
154.1351
20
136.0385
0
VERTEX
8
CUT
10
154.1828
20
136.0446
0
VERTEX
8
CUT
10
154.2057
20
136.0479
0
VERTEX
8
CUT
10
154.3482
20
136.0715
0
VERTEX
8
CUT
10
154.3701
20
136.0755
0
VERTEX
8
CUT
10
154.4080
20
136.0833
0
VERTEX
8
CUT
10
154.4183
20
136.0855
0
VERTEX
8
CUT
10
154.4890
20
136.1012
0
VERTEX
8
CUT
10
154.5005
20
136.1038
0
VERTEX
8
CUT
10
155.1045
20
136.2506
0
VERTEX
8
CUT
10
156.1990
20
136.4387
0
VERTEX
8
CUT
10
156.2155
20
136.4418
0
VERTEX
8
CUT
10
156.3220
20
136.4631
0
VERTEX
8
CUT
10
156.3384
20
136.4667
0
VERTEX
8
CUT
10
156.4713
20
136.4972
0
VERTEX
8
CUT
10
156.4876
20
136.5012
0
VERTEX
8
CUT
10
156.5928
20
136.5285
0
VERTEX
8
CUT
10
156.6089
20
136.5329
0
VERTEX
8
CUT
10
158.3027
20
137.0230
0
VERTEX
8
CUT
10
158.3132
20
137.0262
0
VERTEX
8
CUT
10
158.3860
20
137.0487
0
VERTEX
8
CUT
10
158.3972
20
137.0523
0
VERTEX
8
CUT
10
158.4873
20
137.0821
0
VERTEX
8
CUT
10
158.4982
20
137.0858
0
VERTEX
8
CUT
10
158.5690
20
137.1107
0
VERTEX
8
CUT
10
158.5805
20
137.1149
0
VERTEX
8
CUT
10
160.1368
20
137.6992
0
VERTEX
8
CUT
10
160.1549
20
137.7064
0
VERTEX
8
CUT
10
160.2717
20
137.7546
0
VERTEX
8
CUT
10
160.2896
20
137.7623
0
VERTEX
8
CUT
10
160.3368
20
137.7836
0
VERTEX
8
CUT
10
160.4077
20
137.8121
0
VERTEX
8
CUT
10
160.4251
20
137.8195
0
VERTEX
8
CUT
10
160.5375
20
137.8689
0
VERTEX
8
CUT
10
160.5547
20
137.8767
0
VERTEX
8
CUT
10
161.9925
20
138.5634
0
VERTEX
8
CUT
10
162.0041
20
138.5691
0
VERTEX
8
CUT
10
162.0793
20
138.6070
0
VERTEX
8
CUT
10
162.0908
20
138.6130
0
VERTEX
8
CUT
10
162.1841
20
138.6626
0
VERTEX
8
CUT
10
162.1955
20
138.6688
0
VERTEX
8
CUT
10
162.2689
20
138.7099
0
VERTEX
8
CUT
10
162.2802
20
138.7164
0
VERTEX
8
CUT
10
163.5960
20
139.4907
0
VERTEX
8
CUT
10
163.6055
20
139.4964
0
VERTEX
8
CUT
10
163.6716
20
139.5370
0
VERTEX
8
CUT
10
163.6814
20
139.5432
0
VERTEX
8
CUT
10
163.7243
20
139.5706
0
VERTEX
8
CUT
10
163.7447
20
139.5843
0
VERTEX
8
CUT
10
163.8699
20
139.6719
0
VERTEX
8
CUT
10
163.8890
20
139.6858
0
VERTEX
8
CUT
10
163.9216
20
139.7106
0
VERTEX
8
CUT
10
163.9304
20
139.7174
0
VERTEX
8
CUT
10
163.9906
20
139.7650
0
VERTEX
8
CUT
10
164.0003
20
139.7728
0
VERTEX
8
CUT
10
164.0386
20
139.8044
0
VERTEX
8
CUT
10
164.0486
20
139.8122
0
VERTEX
8
CUT
10
164.0604
20
139.8217
0
VERTEX
8
CUT
10
166.3874
20
141.7399
0
VERTEX
8
CUT
10
166.3996
20
141.7502
0
VERTEX
8
CUT
10
166.4780
20
141.8184
0
VERTEX
8
CUT
10
166.4899
20
141.8290
0
VERTEX
8
CUT
10
166.5358
20
141.8712
0
VERTEX
8
CUT
10
166.5588
20
141.8934
0
VERTEX
8
CUT
10
166.7041
20
142.0418
0
VERTEX
8
CUT
10
166.7258
20
142.0652
0
VERTEX
8
CUT
10
166.7670
20
142.1121
0
VERTEX
8
CUT
10
166.7774
20
142.1242
0
VERTEX
8
CUT
10
166.8439
20
142.2040
0
VERTEX
8
CUT
10
166.8540
20
142.2164
0
VERTEX
8
CUT
10
166.8541
20
142.2165
0
VERTEX
8
CUT
10
168.3257
20
144.0805
0
VERTEX
8
CUT
10
168.3257
20
144.0806
0
VERTEX
8
CUT
10
168.8223
20
144.7096
0
VERTEX
8
CUT
10
168.8238
20
144.7115
0
VERTEX
8
CUT
10
168.8320
20
144.7222
0
VERTEX
8
CUT
10
168.8845
20
144.7917
0
VERTEX
8
CUT
10
168.8924
20
144.8025
0
VERTEX
8
CUT
10
168.9230
20
144.8451
0
VERTEX
8
CUT
10
168.9382
20
144.8672
0
VERTEX
8
CUT
10
169.0335
20
145.0130
0
VERTEX
8
CUT
10
169.0477
20
145.0358
0
VERTEX
8
CUT
10
169.0743
20
145.0809
0
VERTEX
8
CUT
10
169.0810
20
145.0925
0
VERTEX
8
CUT
10
169.1237
20
145.1685
0
VERTEX
8
CUT
10
169.1302
20
145.1803
0
VERTEX
8
CUT
10
169.8092
20
146.4549
0
VERTEX
8
CUT
10
169.8182
20
146.4724
0
VERTEX
8
CUT
10
169.8746
20
146.5873
0
VERTEX
8
CUT
10
169.8830
20
146.6052
0
VERTEX
8
CUT
10
169.9491
20
146.7516
0
VERTEX
8
CUT
10
169.9569
20
146.7697
0
VERTEX
8
CUT
10
169.9594
20
146.7757
0
VERTEX
8
CUT
10
169.9681
20
146.7952
0
VERTEX
8
CUT
10
169.9760
20
146.8136
0
VERTEX
8
CUT
10
170.0251
20
146.9339
0
VERTEX
8
CUT
10
170.0324
20
146.9525
0
VERTEX
8
CUT
10
170.2446
20
147.5256
0
VERTEX
8
CUT
10
170.5024
20
148.2143
0
VERTEX
8
CUT
10
170.5066
20
148.2259
0
VERTEX
8
CUT
10
170.5330
20
148.3013
0
VERTEX
8
CUT
10
170.5370
20
148.3130
0
VERTEX
8
CUT
10
170.5520
20
148.3587
0
VERTEX
8
CUT
10
170.5592
20
148.3822
0
VERTEX
8
CUT
10
170.6028
20
148.5360
0
VERTEX
8
CUT
10
170.6090
20
148.5599
0
VERTEX
8
CUT
10
170.6131
20
148.5772
0
VERTEX
8
CUT
10
170.6155
20
148.5862
0
VERTEX
8
CUT
10
170.6264
20
148.6322
0
VERTEX
8
CUT
10
170.6291
20
148.6440
0
VERTEX
8
CUT
10
170.6458
20
148.7208
0
VERTEX
8
CUT
10
170.6482
20
148.7326
0
VERTEX
8
CUT
10
170.9184
20
150.1124
0
VERTEX
8
CUT
10
170.9218
20
150.1314
0
VERTEX
8
CUT
10
170.9390
20
150.2368
0
VERTEX
8
CUT
10
170.9421
20
150.2555
0
VERTEX
8
CUT
10
170.9448
20
150.2745
0
VERTEX
8
CUT
10
170.9651
20
150.4290
0
VERTEX
8
CUT
10
170.9673
20
150.4480
0
VERTEX
8
CUT
10
170.9795
20
150.5717
0
VERTEX
8
CUT
10
170.9811
20
150.5907
0
VERTEX
8
CUT
10
171.0779
20
152.0427
0
VERTEX
8
CUT
10
171.0788
20
152.0620
0
VERTEX
8
CUT
10
171.0832
20
152.1873
0
VERTEX
8
CUT
10
171.0835
20
152.2066
0
VERTEX
8
CUT
10
171.0836
20
152.2443
0
VERTEX
8
CUT
10
171.0837
20
152.2526
0
VERTEX
8
CUT
10
171.0838
20
152.3367
0
VERTEX
8
CUT
10
171.0839
20
152.3639
0
VERTEX
8
CUT
10
171.0838
20
152.3665
0
VERTEX
8
CUT
10
171.0839
20
152.4098
0
VERTEX
8
CUT
10
171.0836
20
152.4290
0
VERTEX
8
CUT
10
171.0797
20
152.5542
0
VERTEX
8
CUT
10
171.0787
20
152.5735
0
VERTEX
8
CUT
10
170.9730
20
154.2385
0
VERTEX
8
CUT
10
170.9717
20
154.2549
0
VERTEX
8
CUT
10
170.9621
20
154.3609
0
VERTEX
8
CUT
10
170.9604
20
154.3772
0
VERTEX
8
CUT
10
170.9446
20
154.5099
0
VERTEX
8
CUT
10
170.9425
20
154.5262
0
VERTEX
8
CUT
10
170.9270
20
154.6315
0
VERTEX
8
CUT
10
170.9244
20
154.6477
0
VERTEX
8
CUT
10
170.9240
20
154.6504
0
VERTEX
8
CUT
10
170.5939
20
156.5428
0
VERTEX
8
CUT
10
170.5891
20
156.5703
0
VERTEX
8
CUT
10
170.5875
20
156.5791
0
VERTEX
8
CUT
10
170.5759
20
156.6402
0
VERTEX
8
CUT
10
170.5740
20
156.6496
0
VERTEX
8
CUT
10
170.5584
20
156.7255
0
VERTEX
8
CUT
10
170.5564
20
156.7347
0
VERTEX
8
CUT
10
170.5431
20
156.7945
0
VERTEX
8
CUT
10
170.5408
20
156.8043
0
VERTEX
8
CUT
10
169.1056
20
162.7729
0
VERTEX
8
CUT
10
169.1025
20
162.7858
0
VERTEX
8
CUT
10
169.1018
20
162.7891
0
VERTEX
8
CUT
10
169.0604
20
164.6273
0
VERTEX
8
CUT
10
169.0602
20
164.6434
0
VERTEX
8
CUT
10
169.0600
20
164.6808
0
VERTEX
8
CUT
10
169.0601
20
164.6968
0
VERTEX
8
CUT
10
169.0603
20
164.7164
0
VERTEX
8
CUT
10
169.0607
20
164.7324
0
VERTEX
8
CUT
10
169.0618
20
164.7698
0
VERTEX
8
CUT
10
169.0625
20
164.7858
0
VERTEX
8
CUT
10
169.0631
20
164.7986
0
VERTEX
8
CUT
10
169.0640
20
164.8146
0
VERTEX
8
CUT
10
169.0665
20
164.8520
0
VERTEX
8
CUT
10
169.0677
20
164.8680
0
VERTEX
8
CUT
10
169.0694
20
164.8874
0
VERTEX
8
CUT
10
169.0709
20
164.9034
0
VERTEX
8
CUT
10
169.0747
20
164.9406
0
VERTEX
8
CUT
10
169.0765
20
164.9566
0
VERTEX
8
CUT
10
169.2838
20
166.6754
0
VERTEX
8
CUT
10
169.2853
20
166.6873
0
VERTEX
8
CUT
10
169.2867
20
166.6980
0
VERTEX
8
CUT
10
169.2941
20
166.7439
0
VERTEX
8
CUT
10
169.3095
20
166.8260
0
VERTEX
8
CUT
10
169.3120
20
166.8381
0
VERTEX
8
CUT
10
169.3190
20
166.8662
0
VERTEX
8
CUT
10
169.3393
20
166.9412
0
VERTEX
8
CUT
10
169.3524
20
166.9852
0
VERTEX
8
CUT
10
169.3571
20
166.9997
0
VERTEX
8
CUT
10
169.3613
20
167.0123
0
VERTEX
8
CUT
10
169.6240
20
167.7792
0
VERTEX
8
CUT
10
170.1174
20
169.2033
0
VERTEX
8
CUT
10
170.1211
20
169.2139
0
VERTEX
8
CUT
10
170.1237
20
169.2208
0
VERTEX
8
CUT
10
170.1414
20
169.2662
0
VERTEX
8
CUT
10
170.1690
20
169.3314
0
VERTEX
8
CUT
10
170.1972
20
169.3906
0
VERTEX
8
CUT
10
170.2090
20
169.4130
0
VERTEX
8
CUT
10
170.2460
20
169.4766
0
VERTEX
8
CUT
10
170.2761
20
169.5239
0
VERTEX
8
CUT
10
170.3009
20
169.5608
0
VERTEX
8
CUT
10
170.3091
20
169.5723
0
VERTEX
8
CUT
10
170.3164
20
169.5825
0
VERTEX
8
CUT
10
171.6656
20
171.4296
0
VERTEX
8
CUT
10
171.6724
20
171.4388
0
VERTEX
8
CUT
10
171.6785
20
171.4469
0
VERTEX
8
CUT
10
171.6892
20
171.4605
0
VERTEX
8
CUT
10
171.7187
20
171.4961
0
VERTEX
8
CUT
10
171.7657
20
171.5485
0
VERTEX
8
CUT
10
171.7987
20
171.5826
0
VERTEX
8
CUT
10
171.8457
20
171.6277
0
VERTEX
8
CUT
10
171.8833
20
171.6611
0
VERTEX
8
CUT
10
171.9134
20
171.6868
0
VERTEX
8
CUT
10
171.9229
20
171.6946
0
VERTEX
8
CUT
10
171.9316
20
171.7016
0
VERTEX
8
CUT
10
173.2844
20
172.7773
0
VERTEX
8
CUT
10
174.4054
20
173.4404
0
VERTEX
8
CUT
10
175.2563
20
173.8482
0
VERTEX
8
CUT
10
175.2585
20
173.8488
0
VERTEX
8
CUT
10
175.2886
20
173.8572
0
VERTEX
8
CUT
10
175.4456
20
173.9011
0
VERTEX
8
CUT
10
176.6239
20
174.2302
0
VERTEX
8
CUT
10
176.9871
20
174.2936
0
VERTEX
8
CUT
10
178.2836
20
174.4001
0
VERTEX
8
CUT
10
178.9977
20
174.4001
0
VERTEX
8
CUT
10
180.1176
20
174.3244
0
VERTEX
8
CUT
10
181.2798
20
174.1298
0
VERTEX
8
CUT
10
181.2913
20
174.1278
0
VERTEX
8
CUT
10
181.3016
20
174.1260
0
VERTEX
8
CUT
10
181.3455
20
174.1169
0
VERTEX
8
CUT
10
181.4242
20
174.0986
0
VERTEX
8
CUT
10
181.4572
20
174.0902
0
VERTEX
8
CUT
10
181.4883
20
174.0809
0
VERTEX
8
CUT
10
181.5208
20
174.0706
0
VERTEX
8
CUT
10
181.5299
20
174.0674
0
VERTEX
8
CUT
10
181.5978
20
174.0420
0
VERTEX
8
CUT
10
181.6376
20
174.0260
0
VERTEX
8
CUT
10
181.6507
20
174.0203
0
VERTEX
8
CUT
10
181.6620
20
174.0154
0
VERTEX
8
CUT
10
182.5256
20
173.6298
0
VERTEX
8
CUT
10
183.3653
20
173.1201
0
VERTEX
8
CUT
10
185.3354
20
171.4675
0
VERTEX
8
CUT
10
185.3437
20
171.4604
0
VERTEX
8
CUT
10
185.3511
20
171.4540
0
VERTEX
8
CUT
10
185.3823
20
171.4259
0
VERTEX
8
CUT
10
185.4374
20
171.3739
0
VERTEX
8
CUT
10
185.4602
20
171.3515
0
VERTEX
8
CUT
10
185.4811
20
171.3294
0
VERTEX
8
CUT
10
185.5292
20
171.2767
0
VERTEX
8
CUT
10
185.5569
20
171.2449
0
VERTEX
8
CUT
10
185.5659
20
171.2341
0
VERTEX
8
CUT
10
185.5690
20
171.2303
0
VERTEX
8
CUT
10
185.5888
20
171.2058
0
VERTEX
8
CUT
10
187.4374
20
168.9171
0
VERTEX
8
CUT
10
187.4452
20
168.9073
0
VERTEX
8
CUT
10
187.4521
20
168.8985
0
VERTEX
8
CUT
10
187.4808
20
168.8599
0
VERTEX
8
CUT
10
187.5306
20
168.7890
0
VERTEX
8
CUT
10
187.5385
20
168.7772
0
VERTEX
8
CUT
10
187.5452
20
168.7663
0
VERTEX
8
CUT
10
187.5863
20
168.6958
0
VERTEX
8
CUT
10
187.6096
20
168.6535
0
VERTEX
8
CUT
10
187.6169
20
168.6392
0
VERTEX
8
CUT
10
187.6232
20
168.6267
0
VERTEX
8
CUT
10
188.8586
20
166.1303
0
VERTEX
8
CUT
10
188.8644
20
166.1185
0
VERTEX
8
CUT
10
188.8694
20
166.1079
0
VERTEX
8
CUT
10
188.8899
20
166.0617
0
VERTEX
8
CUT
10
188.9243
20
165.9776
0
VERTEX
8
CUT
10
188.9380
20
165.9419
0
VERTEX
8
CUT
10
188.9496
20
165.9072
0
VERTEX
8
CUT
10
188.9749
20
165.8254
0
VERTEX
8
CUT
10
188.9885
20
165.7765
0
VERTEX
8
CUT
10
188.9925
20
165.7602
0
VERTEX
8
CUT
10
188.9960
20
165.7460
0
VERTEX
8
CUT
10
189.6422
20
162.9513
0
VERTEX
8
CUT
10
189.6446
20
162.9404
0
VERTEX
8
CUT
10
189.6467
20
162.9307
0
VERTEX
8
CUT
10
189.6549
20
162.8886
0
VERTEX
8
CUT
10
189.6677
20
162.8125
0
VERTEX
8
CUT
10
189.6725
20
162.7803
0
VERTEX
8
CUT
10
189.6759
20
162.7495
0
VERTEX
8
CUT
10
189.6826
20
162.6771
0
VERTEX
8
CUT
10
189.6855
20
162.6341
0
VERTEX
8
CUT
10
189.6861
20
162.6198
0
VERTEX
8
CUT
10
189.6866
20
162.6074
0
VERTEX
8
CUT
10
189.7833
20
159.3926
0
VERTEX
8
CUT
10
189.7836
20
159.3797
0
VERTEX
8
CUT
10
189.7841
20
159.3494
0
VERTEX
8
CUT
10
189.7842
20
159.3364
0
VERTEX
8
CUT
10
189.7842
20
159.3206
0
VERTEX
8
CUT
10
189.7841
20
159.3076
0
VERTEX
8
CUT
10
189.7837
20
159.2774
0
VERTEX
8
CUT
10
189.7835
20
159.2644
0
VERTEX
8
CUT
10
189.7832
20
159.2540
0
VERTEX
8
CUT
10
189.7827
20
159.2410
0
VERTEX
8
CUT
10
189.7815
20
159.2108
0
VERTEX
8
CUT
10
189.7808
20
159.1978
0
VERTEX
8
CUT
10
189.7799
20
159.1820
0
VERTEX
8
CUT
10
189.7791
20
159.1691
0
VERTEX
8
CUT
10
189.7770
20
159.1389
0
VERTEX
8
CUT
10
189.7760
20
159.1259
0
VERTEX
8
CUT
10
189.6611
20
157.7817
0
VERTEX
8
CUT
10
189.6600
20
157.7695
0
VERTEX
8
CUT
10
189.6571
20
157.7409
0
VERTEX
8
CUT
10
189.6558
20
157.7286
0
VERTEX
8
CUT
10
189.6541
20
157.7137
0
VERTEX
8
CUT
10
189.6527
20
157.7015
0
VERTEX
8
CUT
10
189.6491
20
157.6729
0
VERTEX
8
CUT
10
189.6474
20
157.6607
0
VERTEX
8
CUT
10
189.6460
20
157.6509
0
VERTEX
8
CUT
10
189.6442
20
157.6387
0
VERTEX
8
CUT
10
189.6398
20
157.6103
0
VERTEX
8
CUT
10
189.6379
20
157.5982
0
VERTEX
8
CUT
10
189.6354
20
157.5834
0
VERTEX
8
CUT
10
189.6332
20
157.5712
0
VERTEX
8
CUT
10
189.6281
20
157.5430
0
VERTEX
8
CUT
10
189.6258
20
157.5309
0
VERTEX
8
CUT
10
189.1061
20
154.8963
0
VERTEX
8
CUT
10
189.1042
20
154.8867
0
VERTEX
8
CUT
10
189.1024
20
154.8780
0
VERTEX
8
CUT
10
189.0938
20
154.8410
0
VERTEX
8
CUT
10
189.0770
20
154.7747
0
VERTEX
8
CUT
10
189.0695
20
154.7468
0
VERTEX
8
CUT
10
189.0614
20
154.7205
0
VERTEX
8
CUT
10
189.0414
20
154.6592
0
VERTEX
8
CUT
10
189.0288
20
154.6232
0
VERTEX
8
CUT
10
189.0244
20
154.6113
0
VERTEX
8
CUT
10
189.0205
20
154.6010
0
VERTEX
8
CUT
10
188.0718
20
152.1515
0
VERTEX
8
CUT
10
188.0679
20
152.1415
0
VERTEX
8
CUT
10
188.0643
20
152.1326
0
VERTEX
8
CUT
10
188.0480
20
152.0944
0
VERTEX
8
CUT
10
188.0170
20
152.0265
0
VERTEX
8
CUT
10
188.0034
20
151.9980
0
VERTEX
8
CUT
10
187.9894
20
151.9714
0
VERTEX
8
CUT
10
187.9557
20
151.9097
0
VERTEX
8
CUT
10
187.9348
20
151.8736
0
VERTEX
8
CUT
10
187.9276
20
151.8618
0
VERTEX
8
CUT
10
187.9213
20
151.8516
0
VERTEX
8
CUT
10
185.4086
20
147.8463
0
VERTEX
8
CUT
10
185.4007
20
147.8340
0
VERTEX
8
CUT
10
185.3820
20
147.8052
0
VERTEX
8
CUT
10
185.3739
20
147.7930
0
VERTEX
8
CUT
10
185.3639
20
147.7781
0
VERTEX
8
CUT
10
185.3556
20
147.7660
0
VERTEX
8
CUT
10
185.3360
20
147.7379
0
VERTEX
8
CUT
10
185.3275
20
147.7259
0
VERTEX
8
CUT
10
185.3206
20
147.7163
0
VERTEX
8
CUT
10
185.3119
20
147.7045
0
VERTEX
8
CUT
10
185.2913
20
147.6770
0
VERTEX
8
CUT
10
185.2825
20
147.6653
0
VERTEX
8
CUT
10
185.2715
20
147.6512
0
VERTEX
8
CUT
10
185.2624
20
147.6396
0
VERTEX
8
CUT
10
185.2410
20
147.6128
0
VERTEX
8
CUT
10
185.2317
20
147.6014
0
VERTEX
8
CUT
10
183.3382
20
145.3114
0
VERTEX
8
CUT
10
183.3318
20
145.3037
0
VERTEX
8
CUT
10
183.3167
20
145.2859
0
VERTEX
8
CUT
10
183.3102
20
145.2783
0
VERTEX
8
CUT
10
183.3022
20
145.2691
0
VERTEX
8
CUT
10
183.2956
20
145.2616
0
VERTEX
8
CUT
10
183.2802
20
145.2441
0
VERTEX
8
CUT
10
183.2735
20
145.2366
0
VERTEX
8
CUT
10
183.2681
20
145.2307
0
VERTEX
8
CUT
10
183.2613
20
145.2233
0
VERTEX
8
CUT
10
183.2455
20
145.2061
0
VERTEX
8
CUT
10
183.2387
20
145.1988
0
VERTEX
8
CUT
10
183.2303
20
145.1900
0
VERTEX
8
CUT
10
183.2234
20
145.1827
0
VERTEX
8
CUT
10
183.2071
20
145.1660
0
VERTEX
8
CUT
10
183.2001
20
145.1588
0
VERTEX
8
CUT
10
180.9601
20
142.8935
0
VERTEX
8
CUT
10
180.9534
20
142.8869
0
VERTEX
8
CUT
10
180.9378
20
142.8714
0
VERTEX
8
CUT
10
180.9310
20
142.8648
0
VERTEX
8
CUT
10
180.9228
20
142.8568
0
VERTEX
8
CUT
10
180.9159
20
142.8503
0
VERTEX
8
CUT
10
180.9000
20
142.8351
0
VERTEX
8
CUT
10
180.8931
20
142.8286
0
VERTEX
8
CUT
10
180.8876
20
142.8235
0
VERTEX
8
CUT
10
180.8806
20
142.8171
0
VERTEX
8
CUT
10
180.8643
20
142.8023
0
VERTEX
8
CUT
10
180.8573
20
142.7960
0
VERTEX
8
CUT
10
180.8487
20
142.7883
0
VERTEX
8
CUT
10
180.8417
20
142.7821
0
VERTEX
8
CUT
10
180.8251
20
142.7676
0
VERTEX
8
CUT
10
180.8180
20
142.7614
0
VERTEX
8
CUT
10
178.1559
20
140.4864
0
VERTEX
8
CUT
10
178.1514
20
140.4825
0
VERTEX
8
CUT
10
178.1407
20
140.4736
0
VERTEX
8
CUT
10
178.1362
20
140.4697
0
VERTEX
8
CUT
10
178.1250
20
140.4605
0
VERTEX
8
CUT
10
178.1194
20
140.4558
0
VERTEX
8
CUT
10
178.1063
20
140.4451
0
VERTEX
8
CUT
10
178.1006
20
140.4405
0
VERTEX
8
CUT
10
178.0960
20
140.4368
0
VERTEX
8
CUT
10
178.0902
20
140.4322
0
VERTEX
8
CUT
10
178.0767
20
140.4214
0
VERTEX
8
CUT
10
178.0708
20
140.4169
0
VERTEX
8
CUT
10
178.0681
20
140.4147
0
VERTEX
8
CUT
10
178.0612
20
140.4094
0
VERTEX
8
CUT
10
178.0450
20
140.3971
0
VERTEX
8
CUT
10
178.0381
20
140.3919
0
VERTEX
8
CUT
10
175.0767
20
138.1779
0
VERTEX
8
CUT
10
175.0686
20
138.1719
0
VERTEX
8
CUT
10
175.0495
20
138.1580
0
VERTEX
8
CUT
10
175.0413
20
138.1521
0
VERTEX
8
CUT
10
175.0314
20
138.1450
0
VERTEX
8
CUT
10
175.0232
20
138.1392
0
VERTEX
8
CUT
10
175.0040
20
138.1258
0
VERTEX
8
CUT
10
174.9957
20
138.1201
0
VERTEX
8
CUT
10
174.9890
20
138.1156
0
VERTEX
8
CUT
10
174.9807
20
138.1099
0
VERTEX
8
CUT
10
174.9611
20
138.0970
0
VERTEX
8
CUT
10
174.9527
20
138.0914
0
VERTEX
8
CUT
10
174.9424
20
138.0848
0
VERTEX
8
CUT
10
174.9339
20
138.0793
0
VERTEX
8
CUT
10
174.9141
20
138.0668
0
VERTEX
8
CUT
10
174.9055
20
138.0615
0
VERTEX
8
CUT
10
167.9335
20
133.7630
0
VERTEX
8
CUT
10
167.9276
20
133.7594
0
VERTEX
8
CUT
10
167.9138
20
133.7510
0
VERTEX
8
CUT
10
167.9079
20
133.7475
0
VERTEX
8
CUT
10
167.8935
20
133.7389
0
VERTEX
8
CUT
10
167.8863
20
133.7346
0
VERTEX
8
CUT
10
167.8693
20
133.7247
0
VERTEX
8
CUT
10
167.8620
20
133.7205
0
VERTEX
8
CUT
10
167.8561
20
133.7171
0
VERTEX
8
CUT
10
167.8486
20
133.7129
0
VERTEX
8
CUT
10
167.8311
20
133.7032
0
VERTEX
8
CUT
10
167.8236
20
133.6990
0
VERTEX
8
CUT
10
167.8200
20
133.6971
0
VERTEX
8
CUT
10
167.8112
20
133.6923
0
VERTEX
8
CUT
10
167.7905
20
133.6813
0
VERTEX
8
CUT
10
167.7815
20
133.6766
0
VERTEX
8
CUT
10
163.8817
20
131.6609
0
VERTEX
8
CUT
10
163.8776
20
131.6588
0
VERTEX
8
CUT
10
163.8681
20
131.6540
0
VERTEX
8
CUT
10
163.8641
20
131.6519
0
VERTEX
8
CUT
10
163.8543
20
131.6470
0
VERTEX
8
CUT
10
163.8494
20
131.6445
0
VERTEX
8
CUT
10
163.8378
20
131.6388
0
VERTEX
8
CUT
10
163.8329
20
131.6364
0
VERTEX
8
CUT
10
163.8288
20
131.6344
0
VERTEX
8
CUT
10
163.8237
20
131.6319
0
VERTEX
8
CUT
10
163.8119
20
131.6262
0
VERTEX
8
CUT
10
163.8074
20
131.6241
0
VERTEX
8
CUT
10
163.7981
20
131.6197
0
VERTEX
8
CUT
10
163.7844
20
131.6134
0
VERTEX
8
CUT
10
163.7784
20
131.6106
0
VERTEX
8
CUT
10
155.7921
20
127.9732
0
VERTEX
8
CUT
10
155.7860
20
127.9704
0
VERTEX
8
CUT
10
155.7440
20
127.9507
0
VERTEX
8
CUT
10
155.7375
20
127.9476
0
VERTEX
8
CUT
10
155.6853
20
127.9224
0
VERTEX
8
CUT
10
155.6790
20
127.9193
0
VERTEX
8
CUT
10
155.6380
20
127.8988
0
VERTEX
8
CUT
10
155.6313
20
127.8954
0
VERTEX
8
CUT
10
153.0282
20
126.5578
0
VERTEX
8
CUT
10
153.0143
20
126.5505
0
VERTEX
8
CUT
10
152.9249
20
126.5015
0
VERTEX
8
CUT
10
152.9113
20
126.4938
0
VERTEX
8
CUT
10
152.8007
20
126.4295
0
VERTEX
8
CUT
10
152.7872
20
126.4214
0
VERTEX
8
CUT
10
152.7005
20
126.3678
0
VERTEX
8
CUT
10
152.6872
20
126.3594
0
VERTEX
8
CUT
10
150.8899
20
125.1838
0
VERTEX
8
CUT
10
150.8747
20
125.1735
0
VERTEX
8
CUT
10
150.7769
20
125.1051
0
VERTEX
8
CUT
10
150.7620
20
125.0944
0
VERTEX
8
CUT
10
150.6419
20
125.0049
0
VERTEX
8
CUT
10
150.6274
20
124.9937
0
VERTEX
8
CUT
10
150.5339
20
124.9195
0
VERTEX
8
CUT
10
150.5197
20
124.9079
0
VERTEX
8
CUT
10
148.6097
20
123.2937
0
VERTEX
8
CUT
10
148.5990
20
123.2844
0
VERTEX
8
CUT
10
148.5299
20
123.2231
0
VERTEX
8
CUT
10
148.5194
20
123.2136
0
VERTEX
8
CUT
10
148.4346
20
123.1347
0
VERTEX
8
CUT
10
148.4243
20
123.1249
0
VERTEX
8
CUT
10
148.3582
20
123.0605
0
VERTEX
8
CUT
10
148.3481
20
123.0504
0
VERTEX
8
CUT
10
147.9395
20
122.6327
0
VERTEX
8
CUT
10
147.9297
20
122.6225
0
VERTEX
8
CUT
10
147.8669
20
122.5552
0
VERTEX
8
CUT
10
147.8573
20
122.5447
0
VERTEX
8
CUT
10
147.8206
20
122.5034
0
VERTEX
8
CUT
10
147.8022
20
122.4818
0
VERTEX
8
CUT
10
147.6881
20
122.3406
0
VERTEX
8
CUT
10
147.6546
20
122.2949
0
VERTEX
8
CUT
10
147.5556
20
122.1457
0
VERTEX
8
CUT
10
147.5265
20
122.0970
0
VERTEX
8
CUT
10
147.4421
20
121.9391
0
VERTEX
8
CUT
10
147.4178
20
121.8880
0
VERTEX
8
CUT
10
147.3486
20
121.7228
0
VERTEX
8
CUT
10
147.3292
20
121.6696
0
VERTEX
8
CUT
10
147.2759
20
121.4986
0
VERTEX
8
CUT
10
147.2616
20
121.4438
0
VERTEX
8
CUT
10
147.2246
20
121.2685
0
VERTEX
8
CUT
10
147.2156
20
121.2126
0
VERTEX
8
CUT
10
147.1953
20
121.0347
0
VERTEX
8
CUT
10
147.1916
20
120.9782
0
VERTEX
8
CUT
10
147.1882
20
120.7991
0
VERTEX
8
CUT
10
147.1898
20
120.7425
0
VERTEX
8
CUT
10
147.2033
20
120.5639
0
VERTEX
8
CUT
10
147.2102
20
120.5077
0
VERTEX
8
CUT
10
147.2409
20
120.3287
0
VERTEX
8
CUT
10
147.2464
20
120.3009
0
VERTEX
8
CUT
10
147.2583
20
120.2469
0
VERTEX
8
CUT
10
147.2615
20
120.2331
0
VERTEX
8
CUT
10
147.2835
20
120.1437
0
VERTEX
8
CUT
10
147.2870
20
120.1300
0
VERTEX
8
CUT
10
147.4857
20
119.3960
0
VERTEX
8
CUT
10
147.4881
20
119.3870
0
VERTEX
8
CUT
10
147.4902
20
119.3790
0
VERTEX
8
CUT
10
147.4985
20
119.3441
0
VERTEX
8
CUT
10
147.5122
20
119.2812
0
VERTEX
8
CUT
10
147.5171
20
119.2567
0
VERTEX
8
CUT
10
147.5219
20
119.2283
0
VERTEX
8
CUT
10
147.5310
20
119.1689
0
VERTEX
8
CUT
10
147.5357
20
119.1333
0
VERTEX
8
CUT
10
147.5370
20
119.1214
0
VERTEX
8
CUT
10
147.5381
20
119.1111
0
VERTEX
8
CUT
10
147.6410
20
118.0834
0
VERTEX
8
CUT
10
147.6421
20
118.0716
0
VERTEX
8
CUT
10
147.6430
20
118.0609
0
VERTEX
8
CUT
10
147.6458
20
118.0149
0
VERTEX
8
CUT
10
147.6488
20
117.9321
0
VERTEX
8
CUT
10
147.6493
20
117.8971
0
VERTEX
8
CUT
10
147.6484
20
117.8638
0
VERTEX
8
CUT
10
147.6448
20
117.7858
0
VERTEX
8
CUT
10
147.6415
20
117.7397
0
VERTEX
8
CUT
10
147.6400
20
117.7244
0
VERTEX
8
CUT
10
147.6386
20
117.7111
0
VERTEX
8
CUT
10
147.5154
20
116.6155
0
VERTEX
8
CUT
10
147.5142
20
116.6052
0
VERTEX
8
CUT
10
147.5130
20
116.5960
0
VERTEX
8
CUT
10
147.5072
20
116.5564
0
VERTEX
8
CUT
10
147.4952
20
116.4856
0
VERTEX
8
CUT
10
147.4896
20
116.4557
0
VERTEX
8
CUT
10
147.4833
20
116.4275
0
VERTEX
8
CUT
10
147.4673
20
116.3617
0
VERTEX
8
CUT
10
147.4569
20
116.3230
0
VERTEX
8
CUT
10
147.4532
20
116.3102
0
VERTEX
8
CUT
10
147.4499
20
116.2991
0
VERTEX
8
CUT
10
147.1346
20
115.2641
0
VERTEX
8
CUT
10
147.1308
20
115.2518
0
VERTEX
8
CUT
10
147.1272
20
115.2407
0
VERTEX
8
CUT
10
147.1107
20
115.1936
0
VERTEX
8
CUT
10
147.0786
20
115.1098
0
VERTEX
8
CUT
10
147.0643
20
115.0747
0
VERTEX
8
CUT
10
147.0492
20
115.0420
0
VERTEX
8
CUT
10
147.0121
20
114.9659
0
VERTEX
8
CUT
10
146.9889
20
114.9215
0
VERTEX
8
CUT
10
146.9808
20
114.9070
0
VERTEX
8
CUT
10
146.9737
20
114.8944
0
VERTEX
8
CUT
10
146.5631
20
114.1858
0
VERTEX
8
CUT
10
146.5561
20
114.1740
0
VERTEX
8
CUT
10
146.5477
20
114.1601
0
VERTEX
8
CUT
10
146.5179
20
114.1136
0
VERTEX
8
CUT
10
146.4663
20
114.0384
0
VERTEX
8
CUT
10
146.4434
20
114.0068
0
VERTEX
8
CUT
10
146.4191
20
113.9762
0
VERTEX
8
CUT
10
146.3608
20
113.9061
0
VERTEX
8
CUT
10
146.3242
20
113.8647
0
VERTEX
8
CUT
10
146.3131
20
113.8529
0
VERTEX
8
CUT
10
146.3036
20
113.8430
0
VERTEX
8
CUT
10
145.6271
20
113.1460
0
VERTEX
8
CUT
10
145.6222
20
113.1410
0
VERTEX
8
CUT
10
145.6106
20
113.1293
0
VERTEX
8
CUT
10
145.6086
20
113.1273
0
VERTEX
8
CUT
10
145.5871
20
113.1064
0
VERTEX
8
CUT
10
145.5455
20
113.0673
0
VERTEX
8
CUT
10
145.4989
20
113.0265
0
VERTEX
8
CUT
10
145.4409
20
112.9791
0
VERTEX
8
CUT
10
145.4138
20
112.9578
0
VERTEX
8
CUT
10
144.8570
20
112.5374
0
VERTEX
8
CUT
10
144.8453
20
112.5283
0
VERTEX
8
CUT
10
144.7702
20
112.4686
0
VERTEX
8
CUT
10
144.7588
20
112.4593
0
VERTEX
8
CUT
10
144.7141
20
112.4220
0
VERTEX
8
CUT
10
144.6917
20
112.4024
0
VERTEX
8
CUT
10
144.5517
20
112.2731
0
VERTEX
8
CUT
10
144.5101
20
112.2306
0
VERTEX
8
CUT
10
144.3853
20
112.0901
0
VERTEX
8
CUT
10
144.3481
20
112.0437
0
VERTEX
8
CUT
10
144.2523
20
111.9116
0
VERTEX
8
CUT
10
144.2256
20
111.8765
0
VERTEX
8
CUT
10
144.1750
20
111.8134
0
VERTEX
8
CUT
10
144.1164
20
111.7473
0
VERTEX
8
CUT
10
144.0753
20
111.7053
0
VERTEX
8
CUT
10
144.0106
20
111.6453
0
VERTEX
8
CUT
10
143.9656
20
111.6075
0
VERTEX
8
CUT
10
143.8953
20
111.5542
0
VERTEX
8
CUT
10
143.8468
20
111.5210
0
VERTEX
8
CUT
10
143.7716
20
111.4747
0
VERTEX
8
CUT
10
143.7201
20
111.4464
0
VERTEX
8
CUT
10
143.6407
20
111.4078
0
VERTEX
8
CUT
10
143.5867
20
111.3847
0
VERTEX
8
CUT
10
143.5039
20
111.3540
0
VERTEX
8
CUT
10
143.4479
20
111.3363
0
VERTEX
8
CUT
10
143.3625
20
111.3139
0
VERTEX
8
CUT
10
143.3050
20
111.3018
0
VERTEX
8
CUT
10
143.2178
20
111.2878
0
VERTEX
8
CUT
10
143.1594
20
111.2814
0
VERTEX
8
CUT
10
143.0713
20
111.2760
0
VERTEX
8
CUT
10
143.0125
20
111.2754
0
VERTEX
8
CUT
10
142.9243
20
111.2787
0
VERTEX
8
CUT
10
142.8658
20
111.2838
0
VERTEX
8
CUT
10
142.7783
20
111.2957
0
VERTEX
8
CUT
10
142.7205
20
111.3065
0
VERTEX
8
CUT
10
142.6347
20
111.3270
0
VERTEX
8
CUT
10
142.5570
20
111.3495
0
VERTEX
8
CUT
10
142.5149
20
111.3629
0
VERTEX
8
CUT
10
142.5000
20
111.3681
0
VERTEX
8
CUT
10
142.4719
20
111.3770
0
VERTEX
8
CUT
10
142.2908
20
111.4296
0
VERTEX
8
CUT
10
142.2335
20
111.4433
0
VERTEX
8
CUT
10
142.0506
20
111.4775
0
VERTEX
8
CUT
10
141.9923
20
111.4854
0
VERTEX
8
CUT
10
141.8044
20
111.5018
0
VERTEX
8
CUT
10
141.7750
20
111.5036
0
VERTEX
8
CUT
10
141.7176
20
111.5057
0
VERTEX
8
CUT
10
141.7028
20
111.5061
0
VERTEX
8
CUT
10
141.6072
20
111.5074
0
VERTEX
8
CUT
10
141.5925
20
111.5074
0
VERTEX
8
CUT
10
140.5973
20
111.4960
0
VERTEX
8
CUT
10
140.5827
20
111.4956
0
VERTEX
8
CUT
10
140.4880
20
111.4922
0
VERTEX
8
CUT
10
140.4734
20
111.4915
0
VERTEX
8
CUT
10
140.4166
20
111.4881
0
VERTEX
8
CUT
10
140.3875
20
111.4857
0
VERTEX
8
CUT
10
140.2017
20
111.4654
0
VERTEX
8
CUT
10
140.1441
20
111.4562
0
VERTEX
8
CUT
10
139.9636
20
111.4185
0
VERTEX
8
CUT
10
139.9072
20
111.4038
0
VERTEX
8
CUT
10
139.7312
20
111.3488
0
VERTEX
8
CUT
10
139.6765
20
111.3287
0
VERTEX
8
CUT
10
139.5067
20
111.2568
0
VERTEX
8
CUT
10
139.4541
20
111.2315
0
VERTEX
8
CUT
10
139.2921
20
111.1435
0
VERTEX
8
CUT
10
139.2423
20
111.1132
0
VERTEX
8
CUT
10
139.0896
20
111.0099
0
VERTEX
8
CUT
10
139.0429
20
110.9749
0
VERTEX
8
CUT
10
138.9010
20
110.8572
0
VERTEX
8
CUT
10
138.8580
20
110.8179
0
VERTEX
8
CUT
10
138.7281
20
110.6870
0
VERTEX
8
CUT
10
138.6891
20
110.6437
0
VERTEX
8
CUT
10
138.5726
20
110.5008
0
VERTEX
8
CUT
10
138.5379
20
110.4539
0
VERTEX
8
CUT
10
138.4358
20
110.3003
0
VERTEX
8
CUT
10
138.4059
20
110.2503
0
VERTEX
8
CUT
10
138.3192
20
110.0876
0
VERTEX
8
CUT
10
138.2943
20
110.0348
0
VERTEX
8
CUT
10
138.2238
20
109.8645
0
VERTEX
8
CUT
10
138.2041
20
109.8096
0
VERTEX
8
CUT
10
138.1504
20
109.6332
0
VERTEX
8
CUT
10
138.1362
20
109.5766
0
VERTEX
8
CUT
10
138.0999
20
109.3959
0
VERTEX
8
CUT
10
138.0912
20
109.3382
0
VERTEX
8
CUT
10
138.0727
20
109.1548
0
VERTEX
8
CUT
10
138.0697
20
109.0965
0
VERTEX
8
CUT
10
138.0690
20
108.9121
0
VERTEX
8
CUT
10
138.0716
20
108.8539
0
VERTEX
8
CUT
10
138.0889
20
108.6703
0
VERTEX
8
CUT
10
138.0971
20
108.6126
0
VERTEX
8
CUT
10
138.1321
20
108.4316
0
VERTEX
8
CUT
10
138.1459
20
108.3749
0
VERTEX
8
CUT
10
138.1983
20
108.1981
0
VERTEX
8
CUT
10
138.2176
20
108.1431
0
VERTEX
8
CUT
10
138.2869
20
107.9722
0
VERTEX
8
CUT
10
138.3114
20
107.9193
0
VERTEX
8
CUT
10
138.3970
20
107.7560
0
VERTEX
8
CUT
10
138.4265
20
107.7057
0
VERTEX
8
CUT
10
138.5276
20
107.5515
0
VERTEX
8
CUT
10
138.5618
20
107.5043
0
VERTEX
8
CUT
10
138.6774
20
107.3606
0
VERTEX
8
CUT
10
138.7161
20
107.3170
0
VERTEX
8
CUT
10
138.8468
20
107.1834
0
VERTEX
8
CUT
10
138.8677
20
107.1630
0
VERTEX
8
CUT
10
138.9348
20
107.1007
0
VERTEX
8
CUT
10
138.9395
20
107.0964
0
VERTEX
8
CUT
10
138.9764
20
107.0629
0
VERTEX
8
CUT
10
138.9814
20
107.0584
0
VERTEX
8
CUT
10
138.9888
20
107.0516
0
VERTEX
8
CUT
10
138.9971
20
107.0438
0
VERTEX
8
CUT
10
139.0167
20
107.0254
0
VERTEX
8
CUT
10
139.0251
20
107.0175
0
VERTEX
8
CUT
10
139.0884
20
106.9564
0
VERTEX
8
CUT
10
139.0990
20
106.9464
0
VERTEX
8
CUT
10
139.1409
20
106.9080
0
VERTEX
8
CUT
10
139.1629
20
106.8888
0
VERTEX
8
CUT
10
139.3063
20
106.7694
0
VERTEX
8
CUT
10
139.3528
20
106.7343
0
VERTEX
8
CUT
10
139.5050
20
106.6308
0
VERTEX
8
CUT
10
139.5547
20
106.6004
0
VERTEX
8
CUT
10
139.7162
20
106.5122
0
VERTEX
8
CUT
10
139.7686
20
106.4868
0
VERTEX
8
CUT
10
139.9380
20
106.4146
0
VERTEX
8
CUT
10
139.9926
20
106.3943
0
VERTEX
8
CUT
10
140.1681
20
106.3389
0
VERTEX
8
CUT
10
140.2244
20
106.3241
0
VERTEX
8
CUT
10
140.4045
20
106.2859
0
VERTEX
8
CUT
10
140.4620
20
106.2766
0
VERTEX
8
CUT
10
140.6449
20
106.2561
0
VERTEX
8
CUT
10
140.7030
20
106.2524
0
VERTEX
8
CUT
10
140.8871
20
106.2497
0
VERTEX
8
CUT
10
140.9453
20
106.2517
0
VERTEX
8
CUT
10
141.1288
20
106.2668
0
VERTEX
8
CUT
10
141.1865
20
106.2744
0
VERTEX
8
CUT
10
141.3676
20
106.3073
0
VERTEX
8
CUT
10
141.4244
20
106.3204
0
VERTEX
8
CUT
10
141.6039
20
106.3714
0
VERTEX
8
CUT
10
141.6317
20
106.3800
0
VERTEX
8
CUT
10
141.6856
20
106.3982
0
VERTEX
8
CUT
10
141.6993
20
106.4030
0
VERTEX
8
CUT
10
141.7883
20
106.4354
0
VERTEX
8
CUT
10
141.8019
20
106.4405
0
VERTEX
8
CUT
10
141.8731
20
106.4685
0
VERTEX
8
CUT
10
141.8816
20
106.4718
0
VERTEX
8
CUT
10
141.8947
20
106.4767
0
VERTEX
8
CUT
10
141.9172
20
106.4850
0
VERTEX
8
CUT
10
141.9465
20
106.4952
0
VERTEX
8
CUT
10
141.9738
20
106.5043
0
VERTEX
8
CUT
10
141.9922
20
106.5101
0
VERTEX
8
CUT
10
142.0035
20
106.5135
0
VERTEX
8
CUT
10
142.0083
20
106.5150
0
VERTEX
8
CUT
10
142.0351
20
106.5226
0
VERTEX
8
CUT
10
142.0939
20
106.5383
0
VERTEX
8
CUT
10
142.1288
20
106.5468
0
VERTEX
8
CUT
10
142.1382
20
106.5490
0
VERTEX
8
CUT
10
142.1452
20
106.5505
0
VERTEX
8
CUT
10
142.2487
20
106.5751
0
VERTEX
8
CUT
10
142.2636
20
106.5788
0
VERTEX
8
CUT
10
142.3189
20
106.5934
0
VERTEX
8
CUT
10
142.3471
20
106.6016
0
VERTEX
8
CUT
10
142.5269
20
106.6587
0
VERTEX
8
CUT
10
142.5821
20
106.6792
0
VERTEX
8
CUT
10
142.7531
20
106.7526
0
VERTEX
8
CUT
10
142.8059
20
106.7784
0
VERTEX
8
CUT
10
142.9689
20
106.8682
0
VERTEX
8
CUT
10
143.0190
20
106.8991
0
VERTEX
8
CUT
10
143.1724
20
107.0044
0
VERTEX
8
CUT
10
143.2192
20
107.0401
0
VERTEX
8
CUT
10
143.3616
20
107.1599
0
VERTEX
8
CUT
10
143.4047
20
107.2000
0
VERTEX
8
CUT
10
143.5346
20
107.3332
0
VERTEX
8
CUT
10
143.5735
20
107.3773
0
VERTEX
8
CUT
10
143.6914
20
107.5246
0
VERTEX
8
CUT
10
143.7092
20
107.5480
0
VERTEX
8
CUT
10
143.7146
20
107.5554
0
VERTEX
8
CUT
10
143.7775
20
107.6424
0
VERTEX
8
CUT
10
143.8345
20
107.7134
0
VERTEX
8
CUT
10
143.8745
20
107.7582
0
VERTEX
8
CUT
10
143.9380
20
107.8227
0
VERTEX
8
CUT
10
143.9824
20
107.8635
0
VERTEX
8
CUT
10
144.0521
20
107.9212
0
VERTEX
8
CUT
10
144.1004
20
107.9573
0
VERTEX
8
CUT
10
144.1755
20
108.0078
0
VERTEX
8
CUT
10
144.2272
20
108.0389
0
VERTEX
8
CUT
10
144.3070
20
108.0816
0
VERTEX
8
CUT
10
144.3615
20
108.1073
0
VERTEX
8
CUT
10
144.4453
20
108.1417
0
VERTEX
8
CUT
10
144.5021
20
108.1618
0
VERTEX
8
CUT
10
144.5888
20
108.1877
0
VERTEX
8
CUT
10
144.6474
20
108.2019
0
VERTEX
8
CUT
10
144.7363
20
108.2189
0
VERTEX
8
CUT
10
144.7960
20
108.2273
0
VERTEX
8
CUT
10
144.8862
20
108.2353
0
VERTEX
8
CUT
10
144.9464
20
108.2375
0
VERTEX
8
CUT
10
145.0369
20
108.2364
0
VERTEX
8
CUT
10
145.0971
20
108.2327
0
VERTEX
8
CUT
10
145.1870
20
108.2224
0
VERTEX
8
CUT
10
145.2465
20
108.2126
0
VERTEX
8
CUT
10
145.3350
20
108.1934
0
VERTEX
8
CUT
10
145.4151
20
108.1718
0
VERTEX
8
CUT
10
145.4585
20
108.1589
0
VERTEX
8
CUT
10
145.6311
20
108.1028
0
VERTEX
8
CUT
10
145.6885
20
108.0872
0
VERTEX
8
CUT
10
145.8721
20
108.0471
0
VERTEX
8
CUT
10
145.9308
20
108.0373
0
VERTEX
8
CUT
10
146.1175
20
108.0155
0
VERTEX
8
CUT
10
146.1768
20
108.0116
0
VERTEX
8
CUT
10
146.3647
20
108.0084
0
VERTEX
8
CUT
10
146.4241
20
108.0103
0
VERTEX
8
CUT
10
146.6115
20
108.0258
0
VERTEX
8
CUT
10
146.6704
20
108.0336
0
VERTEX
8
CUT
10
146.8553
20
108.0675
0
VERTEX
8
CUT
10
146.9131
20
108.0811
0
VERTEX
8
CUT
10
147.0963
20
108.1338
0
VERTEX
8
CUT
10
147.1246
20
108.1428
0
VERTEX
8
CUT
10
147.1795
20
108.1616
0
VERTEX
8
CUT
10
147.1935
20
108.1666
0
VERTEX
8
CUT
10
147.2842
20
108.2001
0
VERTEX
8
CUT
10
147.2980
20
108.2055
0
VERTEX
8
CUT
10
155.0916
20
111.3148
0
VERTEX
8
CUT
10
155.1001
20
111.3181
0
VERTEX
8
CUT
10
155.1200
20
111.3259
0
VERTEX
8
CUT
10
155.1286
20
111.3291
0
VERTEX
8
CUT
10
155.1391
20
111.3331
0
VERTEX
8
CUT
10
155.1477
20
111.3362
0
VERTEX
8
CUT
10
155.1678
20
111.3436
0
VERTEX
8
CUT
10
155.1764
20
111.3466
0
VERTEX
8
CUT
10
155.1834
20
111.3491
0
VERTEX
8
CUT
10
155.1921
20
111.3521
0
VERTEX
8
CUT
10
155.2123
20
111.3590
0
VERTEX
8
CUT
10
155.2210
20
111.3620
0
VERTEX
8
CUT
10
155.2317
20
111.3655
0
VERTEX
8
CUT
10
155.2404
20
111.3683
0
VERTEX
8
CUT
10
155.2608
20
111.3748
0
VERTEX
8
CUT
10
155.2695
20
111.3775
0
VERTEX
8
CUT
10
157.8010
20
112.1554
0
VERTEX
8
CUT
10
157.8117
20
112.1586
0
VERTEX
8
CUT
10
157.8366
20
112.1659
0
VERTEX
8
CUT
10
157.8472
20
112.1689
0
VERTEX
8
CUT
10
157.8603
20
112.1726
0
VERTEX
8
CUT
10
157.8710
20
112.1755
0
VERTEX
8
CUT
10
157.8961
20
112.1822
0
VERTEX
8
CUT
10
157.9068
20
112.1850
0
VERTEX
8
CUT
10
157.9155
20
112.1872
0
VERTEX
8
CUT
10
157.9263
20
112.1899
0
VERTEX
8
CUT
10
157.9515
20
112.1960
0
VERTEX
8
CUT
10
157.9623
20
112.1985
0
VERTEX
8
CUT
10
157.9755
20
112.2015
0
VERTEX
8
CUT
10
157.9864
20
112.2039
0
VERTEX
8
CUT
10
158.0117
20
112.2094
0
VERTEX
8
CUT
10
158.0226
20
112.2116
0
VERTEX
8
CUT
10
160.2045
20
112.6524
0
VERTEX
8
CUT
10
160.2139
20
112.6543
0
VERTEX
8
CUT
10
160.2223
20
112.6559
0
VERTEX
8
CUT
10
160.2588
20
112.6621
0
VERTEX
8
CUT
10
160.3245
20
112.6719
0
VERTEX
8
CUT
10
160.3524
20
112.6755
0
VERTEX
8
CUT
10
160.3790
20
112.6782
0
VERTEX
8
CUT
10
160.4414
20
112.6833
0
VERTEX
8
CUT
10
160.4784
20
112.6856
0
VERTEX
8
CUT
10
160.4908
20
112.6861
0
VERTEX
8
CUT
10
160.5015
20
112.6865
0
VERTEX
8
CUT
10
163.3489
20
112.7705
0
VERTEX
8
CUT
10
163.3909
20
112.7652
0
VERTEX
8
CUT
10
163.4055
20
112.7635
0
VERTEX
8
CUT
10
164.5662
20
112.6463
0
VERTEX
8
CUT
10
165.9798
20
112.3586
0
VERTEX
8
CUT
10
167.2961
20
111.9514
0
VERTEX
8
CUT
10
168.0125
20
111.6530
0
VERTEX
8
CUT
10
168.8098
20
111.2532
0
VERTEX
8
CUT
10
168.8227
20
111.2466
0
VERTEX
8
CUT
10
168.8528
20
111.2309
0
VERTEX
8
CUT
10
168.8657
20
111.2240
0
VERTEX
8
CUT
10
168.8808
20
111.2158
0
VERTEX
8
CUT
10
168.8934
20
111.2089
0
VERTEX
8
CUT
10
168.9225
20
111.1925
0
VERTEX
8
CUT
10
168.9350
20
111.1853
0
VERTEX
8
CUT
10
168.9450
20
111.1795
0
VERTEX
8
CUT
10
168.9574
20
111.1721
0
VERTEX
8
CUT
10
168.9741
20
111.1620
0
VERTEX
8
CUT
10
170.5726
20
110.0287
0
VERTEX
8
CUT
10
171.1236
20
109.5129
0
VERTEX
8
CUT
10
171.9882
20
108.6330
0
VERTEX
8
CUT
10
171.9899
20
108.6310
0
VERTEX
8
CUT
10
172.0070
20
108.6115
0
VERTEX
8
CUT
10
172.0233
20
108.5929
0
VERTEX
8
CUT
10
172.4700
20
108.0823
0
VERTEX
8
CUT
10
172.6797
20
107.8107
0
VERTEX
8
CUT
10
173.0207
20
107.3689
0
VERTEX
8
CUT
10
173.4513
20
106.7022
0
VERTEX
8
CUT
10
173.8024
20
106.0435
0
VERTEX
8
CUT
10
174.1366
20
105.2699
0
VERTEX
8
CUT
10
174.3430
20
104.6860
0
VERTEX
8
CUT
10
174.5516
20
103.9081
0
VERTEX
8
CUT
10
174.8428
20
101.8534
0
VERTEX
8
CUT
10
174.9097
20
101.1244
0
VERTEX
8
CUT
10
174.9093
20
101.1181
0
VERTEX
8
CUT
10
174.8297
20
99.8980
0
VERTEX
8
CUT
10
174.8041
20
99.7178
0
VERTEX
8
CUT
10
174.7954
20
99.6570
0
VERTEX
8
CUT
10
174.7943
20
99.6489
0
VERTEX
8
CUT
10
174.6700
20
98.7740
0
VERTEX
8
CUT
10
174.4903
20
98.0817
0
VERTEX
8
CUT
10
174.3889
20
97.6911
0
VERTEX
8
CUT
10
173.9727
20
96.5915
0
VERTEX
8
CUT
10
173.4832
20
95.5311
0
VERTEX
8
CUT
10
173.1686
20
95.0375
0
VERTEX
8
CUT
10
172.9477
20
94.6907
0
VERTEX
8
CUT
10
172.6632
20
94.2443
0
VERTEX
8
CUT
10
172.4109
20
93.8483
0
VERTEX
8
CUT
10
172.3234
20
93.7162
0
VERTEX
8
CUT
10
172.2875
20
93.6666
0
VERTEX
8
CUT
10
172.2679
20
93.6406
0
VERTEX
8
CUT
10
172.2483
20
93.6166
0
VERTEX
8
CUT
10
172.2012
20
93.5611
0
VERTEX
8
CUT
10
172.1727
20
93.5289
0
VERTEX
8
CUT
10
172.1629
20
93.5185
0
VERTEX
8
CUT
10
172.1543
20
93.5094
0
VERTEX
8
CUT
10
170.5183
20
91.8037
0
VERTEX
8
CUT
10
170.5113
20
91.7965
0
VERTEX
8
CUT
10
170.5050
20
91.7900
0
VERTEX
8
CUT
10
170.4773
20
91.7630
0
VERTEX
8
CUT
10
170.4264
20
91.7154
0
VERTEX
8
CUT
10
170.4045
20
91.6956
0
VERTEX
8
CUT
10
170.3831
20
91.6776
0
VERTEX
8
CUT
10
170.3322
20
91.6360
0
VERTEX
8
CUT
10
170.3015
20
91.6122
0
VERTEX
8
CUT
10
170.2911
20
91.6044
0
VERTEX
8
CUT
10
170.2821
20
91.5978
0
VERTEX
8
CUT
10
168.2360
20
90.1116
0
VERTEX
8
CUT
10
168.2286
20
90.1064
0
VERTEX
8
CUT
10
168.2220
20
90.1017
0
VERTEX
8
CUT
10
168.1932
20
90.0820
0
VERTEX
8
CUT
10
168.1406
20
90.0476
0
VERTEX
8
CUT
10
168.1200
20
90.0346
0
VERTEX
8
CUT
10
168.1120
20
90.0298
0
VERTEX
8
CUT
10
168.0837
20
90.0137
0
VERTEX
8
CUT
10
168.0379
20
89.9874
0
VERTEX
8
CUT
10
168.0142
20
89.9745
0
VERTEX
8
CUT
10
168.0038
20
89.9691
0
VERTEX
8
CUT
10
167.9948
20
89.9645
0
VERTEX
8
CUT
10
166.2549
20
89.0858
0
VERTEX
8
CUT
10
165.6801
20
88.8615
0
VERTEX
8
CUT
10
164.2587
20
88.3068
0
VERTEX
8
CUT
10
162.7032
20
87.8258
0
VERTEX
8
CUT
10
162.6955
20
87.8234
0
VERTEX
8
CUT
10
161.3698
20
87.5850
0
VERTEX
8
CUT
10
161.3554
20
87.5822
0
VERTEX
8
CUT
10
161.2620
20
87.5631
0
VERTEX
8
CUT
10
161.2476
20
87.5599
0
VERTEX
8
CUT
10
161.1918
20
87.5470
0
VERTEX
8
CUT
10
161.1634
20
87.5398
0
VERTEX
8
CUT
10
160.9824
20
87.4886
0
VERTEX
8
CUT
10
160.9268
20
87.4698
0
VERTEX
8
CUT
10
160.7541
20
87.4021
0
VERTEX
8
CUT
10
160.7006
20
87.3781
0
VERTEX
8
CUT
10
160.5354
20
87.2938
0
VERTEX
8
CUT
10
160.4845
20
87.2647
0
VERTEX
8
CUT
10
160.3282
20
87.1647
0
VERTEX
8
CUT
10
160.2804
20
87.1307
0
VERTEX
8
CUT
10
160.1347
20
87.0160
0
VERTEX
8
CUT
10
160.0904
20
86.9774
0
VERTEX
8
CUT
10
159.9566
20
86.8490
0
VERTEX
8
CUT
10
159.9163
20
86.8064
0
VERTEX
8
CUT
10
159.7957
20
86.6655
0
VERTEX
8
CUT
10
159.7597
20
86.6191
0
VERTEX
8
CUT
10
159.6534
20
86.4671
0
VERTEX
8
CUT
10
159.6222
20
86.4174
0
VERTEX
8
CUT
10
159.5312
20
86.2558
0
VERTEX
8
CUT
10
159.5050
20
86.2033
0
VERTEX
8
CUT
10
159.4303
20
86.0335
0
VERTEX
8
CUT
10
159.4093
20
85.9787
0
VERTEX
8
CUT
10
159.3515
20
85.8025
0
VERTEX
8
CUT
10
159.3360
20
85.7459
0
VERTEX
8
CUT
10
159.2957
20
85.5648
0
VERTEX
8
CUT
10
159.2858
20
85.5070
0
VERTEX
8
CUT
10
159.2634
20
85.3229
0
VERTEX
8
CUT
10
159.2591
20
85.2644
0
VERTEX
8
CUT
10
159.2548
20
85.0789
0
VERTEX
8
CUT
10
159.2563
20
85.0203
0
VERTEX
8
CUT
10
159.2701
20
84.8353
0
VERTEX
8
CUT
10
159.2773
20
84.7771
0
VERTEX
8
CUT
10
159.3091
20
84.5943
0
VERTEX
8
CUT
10
159.3220
20
84.5371
0
VERTEX
8
CUT
10
159.3715
20
84.3583
0
VERTEX
8
CUT
10
159.3899
20
84.3026
0
VERTEX
8
CUT
10
159.4566
20
84.1296
0
VERTEX
8
CUT
10
159.4804
20
84.0759
0
VERTEX
8
CUT
10
159.5637
20
83.9102
0
VERTEX
8
CUT
10
159.5926
20
83.8591
0
VERTEX
8
CUT
10
159.6916
20
83.7023
0
VERTEX
8
CUT
10
159.7254
20
83.6543
0
VERTEX
8
CUT
10
159.8409
20
83.5059
0
VERTEX
8
CUT
10
159.8595
20
83.4832
0
VERTEX
8
CUT
10
159.8695
20
83.4716
0
VERTEX
8
CUT
10
159.8973
20
83.4377
0
VERTEX
8
CUT
10
159.9466
20
83.3742
0
VERTEX
8
CUT
10
159.9971
20
83.3025
0
VERTEX
8
CUT
10
160.0283
20
83.2531
0
VERTEX
8
CUT
10
160.0716
20
83.1768
0
VERTEX
8
CUT
10
160.0978
20
83.1246
0
VERTEX
8
CUT
10
160.1334
20
83.0444
0
VERTEX
8
CUT
10
160.1545
20
82.9899
0
VERTEX
8
CUT
10
160.1821
20
82.9066
0
VERTEX
8
CUT
10
160.1978
20
82.8504
0
VERTEX
8
CUT
10
160.2171
20
82.7648
0
VERTEX
8
CUT
10
160.2272
20
82.7073
0
VERTEX
8
CUT
10
160.2382
20
82.6202
0
VERTEX
8
CUT
10
160.2426
20
82.5620
0
VERTEX
8
CUT
10
160.2451
20
82.4743
0
VERTEX
8
CUT
10
160.2438
20
82.4159
0
VERTEX
8
CUT
10
160.2377
20
82.3284
0
VERTEX
8
CUT
10
160.2308
20
82.2703
0
VERTEX
8
CUT
10
160.2161
20
82.1838
0
VERTEX
8
CUT
10
160.2036
20
82.1268
0
VERTEX
8
CUT
10
160.1806
20
82.0421
0
VERTEX
8
CUT
10
160.1626
20
81.9866
0
VERTEX
8
CUT
10
160.1315
20
81.9045
0
VERTEX
8
CUT
10
160.1081
20
81.8510
0
VERTEX
8
CUT
10
160.0691
20
81.7724
0
VERTEX
8
CUT
10
160.0407
20
81.7214
0
VERTEX
8
CUT
10
159.9943
20
81.6469
0
VERTEX
8
CUT
10
159.9610
20
81.5989
0
VERTEX
8
CUT
10
159.9075
20
81.5294
0
VERTEX
8
CUT
10
159.8697
20
81.4848
0
VERTEX
8
CUT
10
159.8097
20
81.4208
0
VERTEX
8
CUT
10
159.7677
20
81.3802
0
VERTEX
8
CUT
10
159.7018
20
81.3223
0
VERTEX
8
CUT
10
159.6561
20
81.2859
0
VERTEX
8
CUT
10
159.5848
20
81.2348
0
VERTEX
8
CUT
10
159.5358
20
81.2030
0
VERTEX
8
CUT
10
159.4599
20
81.1590
0
VERTEX
8
CUT
10
159.4080
20
81.1322
0
VERTEX
8
CUT
10
159.3282
20
81.0958
0
VERTEX
8
CUT
10
159.2739
20
81.0742
0
VERTEX
8
CUT
10
159.1909
20
81.0457
0
VERTEX
8
CUT
10
159.1348
20
81.0295
0
VERTEX
8
CUT
10
159.0494
20
81.0093
0
VERTEX
8
CUT
10
158.9920
20
80.9986
0
VERTEX
8
CUT
10
158.9051
20
80.9868
0
VERTEX
8
CUT
10
158.8469
20
80.9817
0
VERTEX
8
CUT
10
158.7592
20
80.9784
0
VERTEX
8
CUT
10
158.7008
20
80.9790
0
VERTEX
8
CUT
10
158.6132
20
80.9843
0
VERTEX
8
CUT
10
158.5552
20
80.9906
0
VERTEX
8
CUT
10
158.4685
20
81.0044
0
VERTEX
8
CUT
10
158.3898
20
81.0208
0
VERTEX
8
CUT
10
158.3471
20
81.0308
0
VERTEX
8
CUT
10
158.3243
20
81.0368
0
VERTEX
8
CUT
10
158.3099
20
81.0409
0
VERTEX
8
CUT
10
158.2503
20
81.0562
0
VERTEX
8
CUT
10
158.2350
20
81.0599
0
VERTEX
8
CUT
10
158.2312
20
81.0608
0
VERTEX
8
CUT
10
158.1352
20
81.0827
0
VERTEX
8
CUT
10
158.1198
20
81.0860
0
VERTEX
8
CUT
10
156.9693
20
81.3177
0
VERTEX
8
CUT
10
156.9567
20
81.3201
0
VERTEX
8
CUT
10
156.8752
20
81.3347
0
VERTEX
8
CUT
10
156.8627
20
81.3368
0
VERTEX
8
CUT
10
156.8135
20
81.3446
0
VERTEX
8
CUT
10
156.7882
20
81.3480
0
VERTEX
8
CUT
10
156.6259
20
81.3665
0
VERTEX
8
CUT
10
156.5751
20
81.3702
0
VERTEX
8
CUT
10
156.4118
20
81.3749
0
VERTEX
8
CUT
10
156.3864
20
81.3751
0
VERTEX
8
CUT
10
156.3366
20
81.3744
0
VERTEX
8
CUT
10
156.3238
20
81.3741
0
VERTEX
8
CUT
10
156.2411
20
81.3712
0
VERTEX
8
CUT
10
156.2284
20
81.3706
0
VERTEX
8
CUT
10
156.2283
20
81.3706
0
VERTEX
8
CUT
10
156.1113
20
81.3640
0
VERTEX
8
CUT
10
155.9811
20
81.3567
0
VERTEX
8
CUT
10
155.9086
20
81.3526
0
VERTEX
8
CUT
10
155.7618
20
81.3444
0
VERTEX
8
CUT
10
155.5124
20
81.3304
0
VERTEX
8
CUT
10
155.3060
20
81.3188
0
VERTEX
8
CUT
10
155.2427
20
81.3152
0
VERTEX
8
CUT
10
155.1988
20
81.3138
0
VERTEX
8
CUT
10
155.1184
20
81.3132
0
VERTEX
8
CUT
10
155.0307
20
81.3169
0
VERTEX
8
CUT
10
154.9725
20
81.3221
0
VERTEX
8
CUT
10
154.8855
20
81.3343
0
VERTEX
8
CUT
10
154.8281
20
81.3452
0
VERTEX
8
CUT
10
154.7428
20
81.3658
0
VERTEX
8
CUT
10
154.6867
20
81.3822
0
VERTEX
8
CUT
10
154.6038
20
81.4110
0
VERTEX
8
CUT
10
154.5495
20
81.4329
0
VERTEX
8
CUT
10
154.4698
20
81.4696
0
VERTEX
8
CUT
10
154.4180
20
81.4967
0
VERTEX
8
CUT
10
154.3422
20
81.5410
0
VERTEX
8
CUT
10
154.2933
20
81.5729
0
VERTEX
8
CUT
10
154.2222
20
81.6244
0
VERTEX
8
CUT
10
154.1766
20
81.6610
0
VERTEX
8
CUT
10
154.1109
20
81.7192
0
VERTEX
8
CUT
10
154.0691
20
81.7600
0
VERTEX
8
CUT
10
154.0093
20
81.8244
0
VERTEX
8
CUT
10
153.9717
20
81.8691
0
VERTEX
8
CUT
10
153.9185
20
81.9389
0
VERTEX
8
CUT
10
153.8854
20
81.9871
0
VERTEX
8
CUT
10
153.8392
20
82.0618
0
VERTEX
8
CUT
10
153.8110
20
82.1129
0
VERTEX
8
CUT
10
153.7723
20
82.1917
0
VERTEX
8
CUT
10
153.7492
20
82.2454
0
VERTEX
8
CUT
10
153.7184
20
82.3276
0
VERTEX
8
CUT
10
153.7006
20
82.3833
0
VERTEX
8
CUT
10
153.6780
20
82.4681
0
VERTEX
8
CUT
10
153.6657
20
82.5253
0
VERTEX
8
CUT
10
153.6515
20
82.6119
0
VERTEX
8
CUT
10
153.6448
20
82.6700
0
VERTEX
8
CUT
10
153.6391
20
82.7576
0
VERTEX
8
CUT
10
153.6381
20
82.8160
0
VERTEX
8
CUT
10
153.6410
20
82.9037
0
VERTEX
8
CUT
10
153.6457
20
82.9620
0
VERTEX
8
CUT
10
153.6571
20
83.0490
0
VERTEX
8
CUT
10
153.6674
20
83.1066
0
VERTEX
8
CUT
10
153.6872
20
83.1921
0
VERTEX
8
CUT
10
153.7032
20
83.2483
0
VERTEX
8
CUT
10
153.7312
20
83.3315
0
VERTEX
8
CUT
10
153.7525
20
83.3859
0
VERTEX
8
CUT
10
153.7886
20
83.4660
0
VERTEX
8
CUT
10
153.8251
20
83.5376
0
VERTEX
8
CUT
10
153.8460
20
83.5763
0
VERTEX
8
CUT
10
153.9567
20
83.7695
0
VERTEX
8
CUT
10
153.9838
20
83.8230
0
VERTEX
8
CUT
10
154.0612
20
83.9960
0
VERTEX
8
CUT
10
154.0829
20
84.0519
0
VERTEX
8
CUT
10
154.1425
20
84.2318
0
VERTEX
8
CUT
10
154.1585
20
84.2896
0
VERTEX
8
CUT
10
154.2000
20
84.4746
0
VERTEX
8
CUT
10
154.2101
20
84.5337
0
VERTEX
8
CUT
10
154.2329
20
84.7218
0
VERTEX
8
CUT
10
154.2371
20
84.7816
0
VERTEX
8
CUT
10
154.2410
20
84.9711
0
VERTEX
8
CUT
10
154.2392
20
85.0311
0
VERTEX
8
CUT
10
154.2241
20
85.2200
0
VERTEX
8
CUT
10
154.2164
20
85.2795
0
VERTEX
8
CUT
10
154.1825
20
85.4660
0
VERTEX
8
CUT
10
154.1689
20
85.5244
0
VERTEX
8
CUT
10
154.1166
20
85.7065
0
VERTEX
8
CUT
10
154.0971
20
85.7633
0
VERTEX
8
CUT
10
154.0269
20
85.9393
0
VERTEX
8
CUT
10
154.0020
20
85.9938
0
VERTEX
8
CUT
10
153.9145
20
86.1620
0
VERTEX
8
CUT
10
153.8842
20
86.2138
0
VERTEX
8
CUT
10
153.7804
20
86.3724
0
VERTEX
8
CUT
10
153.7451
20
86.4208
0
VERTEX
8
CUT
10
153.6260
20
86.5683
0
VERTEX
8
CUT
10
153.5861
20
86.6130
0
VERTEX
8
CUT
10
153.4528
20
86.7478
0
VERTEX
8
CUT
10
153.4086
20
86.7883
0
VERTEX
8
CUT
10
153.2626
20
86.9092
0
VERTEX
8
CUT
10
153.2146
20
86.9450
0
VERTEX
8
CUT
10
153.0572
20
87.0507
0
VERTEX
8
CUT
10
153.0058
20
87.0816
0
VERTEX
8
CUT
10
152.8387
20
87.1711
0
VERTEX
8
CUT
10
152.7845
20
87.1967
0
VERTEX
8
CUT
10
152.6093
20
87.2690
0
VERTEX
8
CUT
10
152.5528
20
87.2891
0
VERTEX
8
CUT
10
152.3713
20
87.3435
0
VERTEX
8
CUT
10
152.3130
20
87.3579
0
VERTEX
8
CUT
10
152.1244
20
87.3945
0
VERTEX
8
CUT
10
152.0948
20
87.3994
0
VERTEX
8
CUT
10
152.0350
20
87.4080
0
VERTEX
8
CUT
10
152.0246
20
87.4094
0
VERTEX
8
CUT
10
151.9499
20
87.4187
0
VERTEX
8
CUT
10
151.9413
20
87.4197
0
VERTEX
8
CUT
10
151.9308
20
87.4208
0
VERTEX
8
CUT
10
151.9097
20
87.4232
0
VERTEX
8
CUT
10
151.9024
20
87.4241
0
VERTEX
8
CUT
10
151.8916
20
87.4254
0
VERTEX
8
CUT
10
151.8785
20
87.4271
0
VERTEX
8
CUT
10
151.8479
20
87.4312
0
VERTEX
8
CUT
10
151.8349
20
87.4331
0
VERTEX
8
CUT
10
151.8189
20
87.4355
0
VERTEX
8
CUT
10
151.8059
20
87.4376
0
VERTEX
8
CUT
10
151.7755
20
87.4427
0
VERTEX
8
CUT
10
151.7624
20
87.4449
0
VERTEX
8
CUT
10
149.7586
20
87.8089
0
VERTEX
8
CUT
10
149.7473
20
87.8110
0
VERTEX
8
CUT
10
149.7211
20
87.8161
0
VERTEX
8
CUT
10
149.7099
20
87.8183
0
VERTEX
8
CUT
10
149.6962
20
87.8212
0
VERTEX
8
CUT
10
149.6850
20
87.8236
0
VERTEX
8
CUT
10
149.6589
20
87.8294
0
VERTEX
8
CUT
10
149.6477
20
87.8319
0
VERTEX
8
CUT
10
149.6387
20
87.8340
0
VERTEX
8
CUT
10
149.6276
20
87.8367
0
VERTEX
8
CUT
10
149.6017
20
87.8432
0
VERTEX
8
CUT
10
149.5906
20
87.8460
0
VERTEX
8
CUT
10
149.5770
20
87.8495
0
VERTEX
8
CUT
10
149.5660
20
87.8525
0
VERTEX
8
CUT
10
149.5402
20
87.8596
0
VERTEX
8
CUT
10
149.5292
20
87.8627
0
VERTEX
8
CUT
10
147.5495
20
88.4352
0
VERTEX
8
CUT
10
147.5374
20
88.4387
0
VERTEX
8
CUT
10
147.5092
20
88.4473
0
VERTEX
8
CUT
10
147.4972
20
88.4511
0
VERTEX
8
CUT
10
147.4825
20
88.4558
0
VERTEX
8
CUT
10
147.4705
20
88.4597
0
VERTEX
8
CUT
10
147.4426
20
88.4690
0
VERTEX
8
CUT
10
147.4307
20
88.4731
0
VERTEX
8
CUT
10
147.4211
20
88.4765
0
VERTEX
8
CUT
10
147.4092
20
88.4808
0
VERTEX
8
CUT
10
147.3816
20
88.4909
0
VERTEX
8
CUT
10
147.3698
20
88.4953
0
VERTEX
8
CUT
10
147.3554
20
88.5008
0
VERTEX
8
CUT
10
147.3437
20
88.5054
0
VERTEX
8
CUT
10
147.3163
20
88.5163
0
VERTEX
8
CUT
10
147.3047
20
88.5211
0
VERTEX
8
CUT
10
142.7346
20
90.4189
0
VERTEX
8
CUT
10
142.7229
20
90.4239
0
VERTEX
8
CUT
10
142.6957
20
90.4356
0
VERTEX
8
CUT
10
142.6841
20
90.4407
0
VERTEX
8
CUT
10
142.6700
20
90.4470
0
VERTEX
8
CUT
10
142.6584
20
90.4523
0
VERTEX
8
CUT
10
142.6316
20
90.4648
0
VERTEX
8
CUT
10
142.6202
20
90.4703
0
VERTEX
8
CUT
10
142.6110
20
90.4747
0
VERTEX
8
CUT
10
142.5996
20
90.4803
0
VERTEX
8
CUT
10
142.5731
20
90.4935
0
VERTEX
8
CUT
10
142.5618
20
90.4993
0
VERTEX
8
CUT
10
142.5481
20
90.5064
0
VERTEX
8
CUT
10
142.5369
20
90.5123
0
VERTEX
8
CUT
10
142.5108
20
90.5263
0
VERTEX
8
CUT
10
142.4997
20
90.5324
0
VERTEX
8
CUT
10
135.1274
20
94.6210
0
VERTEX
8
CUT
10
135.1182
20
94.6259
0
VERTEX
8
CUT
10
135.0543
20
94.6600
0
VERTEX
8
CUT
10
135.0444
20
94.6651
0
VERTEX
8
CUT
10
134.9639
20
94.7061
0
VERTEX
8
CUT
10
134.9541
20
94.7109
0
VERTEX
8
CUT
10
134.8899
20
94.7421
0
VERTEX
8
CUT
10
134.8793
20
94.7471
0
VERTEX
8
CUT
10
130.4274
20
96.8030
0
VERTEX
8
CUT
10
130.4148
20
96.8086
0
VERTEX
8
CUT
10
130.3331
20
96.8441
0
VERTEX
8
CUT
10
130.3205
20
96.8494
0
VERTEX
8
CUT
10
130.2709
20
96.8696
0
VERTEX
8
CUT
10
130.2453
20
96.8794
0
VERTEX
8
CUT
10
130.0774
20
96.9390
0
VERTEX
8
CUT
10
130.0514
20
96.9476
0
VERTEX
8
CUT
10
130.0002
20
96.9632
0
VERTEX
8
CUT
10
129.9870
20
96.9670
0
VERTEX
8
CUT
10
129.9012
20
96.9910
0
VERTEX
8
CUT
10
129.8880
20
96.9946
0
VERTEX
8
CUT
10
128.9289
20
97.2392
0
VERTEX
8
CUT
10
128.9147
20
97.2427
0
VERTEX
8
CUT
10
128.8217
20
97.2640
0
VERTEX
8
CUT
10
128.8074
20
97.2671
0
VERTEX
8
CUT
10
128.7512
20
97.2785
0
VERTEX
8
CUT
10
128.7224
20
97.2837
0
VERTEX
8
CUT
10
128.5365
20
97.3122
0
VERTEX
8
CUT
10
128.4781
20
97.3182
0
VERTEX
8
CUT
10
128.2929
20
97.3282
0
VERTEX
8
CUT
10
128.2342
20
97.3286
0
VERTEX
8
CUT
10
128.0489
20
97.3205
0
VERTEX
8
CUT
10
127.9905
20
97.3150
0
VERTEX
8
CUT
10
127.8068
20
97.2889
0
VERTEX
8
CUT
10
127.7492
20
97.2778
0
VERTEX
8
CUT
10
127.5690
20
97.2338
0
VERTEX
8
CUT
10
127.5128
20
97.2171
0
VERTEX
8
CUT
10
127.3377
20
97.1558
0
VERTEX
8
CUT
10
127.2833
20
97.1337
0
VERTEX
8
CUT
10
127.1151
20
97.0555
0
VERTEX
8
CUT
10
127.0632
20
97.0282
0
VERTEX
8
CUT
10
126.9034
20
96.9340
0
VERTEX
8
CUT
10
126.8544
20
96.9018
0
VERTEX
8
CUT
10
126.7046
20
96.7924
0
VERTEX
8
CUT
10
126.6589
20
96.7555
0
VERTEX
8
CUT
10
126.5205
20
96.6320
0
VERTEX
8
CUT
10
126.4787
20
96.5909
0
VERTEX
8
CUT
10
126.3530
20
96.4544
0
VERTEX
8
CUT
10
126.3154
20
96.4094
0
VERTEX
8
CUT
10
126.2036
20
96.2614
0
VERTEX
8
CUT
10
126.1706
20
96.2129
0
VERTEX
8
CUT
10
126.0738
20
96.0546
0
VERTEX
8
CUT
10
126.0457
20
96.0031
0
VERTEX
8
CUT
10
125.9649
20
95.8362
0
VERTEX
8
CUT
10
125.9419
20
95.7822
0
VERTEX
8
CUT
10
125.8777
20
95.6081
0
VERTEX
8
CUT
10
125.8602
20
95.5522
0
VERTEX
8
CUT
10
125.8133
20
95.3727
0
VERTEX
8
CUT
10
125.8013
20
95.3153
0
VERTEX
8
CUT
10
125.7722
20
95.1321
0
VERTEX
8
CUT
10
125.7658
20
95.0737
0
VERTEX
8
CUT
10
125.7547
20
94.8886
0
VERTEX
8
CUT
10
125.7541
20
94.8299
0
VERTEX
8
CUT
10
125.7612
20
94.6445
0
VERTEX
8
CUT
10
125.7663
20
94.5861
0
VERTEX
8
CUT
10
125.7914
20
94.4023
0
VERTEX
8
CUT
10
125.8022
20
94.3446
0
VERTEX
8
CUT
10
125.8452
20
94.1642
0
VERTEX
8
CUT
10
125.8615
20
94.1078
0
VERTEX
8
CUT
10
125.9219
20
93.9325
0
VERTEX
8
CUT
10
125.9437
20
93.8780
0
VERTEX
8
CUT
10
126.0220
20
93.7070
0
VERTEX
8
CUT
10
126.0349
20
93.6806
0
VERTEX
8
CUT
10
126.0612
20
93.6298
0
VERTEX
8
CUT
10
126.0682
20
93.6168
0
VERTEX
8
CUT
10
126.1141
20
93.5332
0
VERTEX
8
CUT
10
126.1213
20
93.5205
0
VERTEX
8
CUT
10
126.5142
20
92.8457
0
VERTEX
8
CUT
10
126.5195
20
92.8365
0
VERTEX
8
CUT
10
126.5230
20
92.8303
0
VERTEX
8
CUT
10
126.5448
20
92.7894
0
VERTEX
8
CUT
10
126.5750
20
92.7291
0
VERTEX
8
CUT
10
126.6059
20
92.6602
0
VERTEX
8
CUT
10
126.6248
20
92.6130
0
VERTEX
8
CUT
10
126.6481
20
92.5473
0
VERTEX
8
CUT
10
126.6640
20
92.4963
0
VERTEX
8
CUT
10
126.6756
20
92.4556
0
VERTEX
8
CUT
10
126.6790
20
92.4428
0
VERTEX
8
CUT
10
126.6819
20
92.4313
0
VERTEX
8
CUT
10
126.9417
20
91.3797
0
VERTEX
8
CUT
10
126.9442
20
91.3693
0
VERTEX
8
CUT
10
126.9459
20
91.3624
0
VERTEX
8
CUT
10
126.9553
20
91.3170
0
VERTEX
8
CUT
10
126.9673
20
91.2508
0
VERTEX
8
CUT
10
126.9776
20
91.1761
0
VERTEX
8
CUT
10
126.9824
20
91.1255
0
VERTEX
8
CUT
10
126.9863
20
91.0560
0
VERTEX
8
CUT
10
126.9872
20
91.0026
0
VERTEX
8
CUT
10
126.9870
20
90.9604
0
VERTEX
8
CUT
10
126.9866
20
90.9472
0
VERTEX
8
CUT
10
126.9862
20
90.9353
0
VERTEX
8
CUT
10
126.9467
20
90.0049
0
VERTEX
8
CUT
10
126.9441
20
89.9648
0
VERTEX
8
CUT
10
126.9376
20
89.8914
0
VERTEX
8
CUT
10
126.9271
20
89.8117
0
VERTEX
8
CUT
10
126.9177
20
89.7590
0
VERTEX
8
CUT
10
126.9000
20
89.6806
0
VERTEX
8
CUT
10
126.8860
20
89.6290
0
VERTEX
8
CUT
10
126.8614
20
89.5524
0
VERTEX
8
CUT
10
126.8358
20
89.4834
0
VERTEX
8
CUT
10
126.8210
20
89.4460
0
VERTEX
8
CUT
10
126.5016
20
88.6904
0
VERTEX
8
CUT
10
126.4968
20
88.6792
0
VERTEX
8
CUT
10
126.4935
20
88.6719
0
VERTEX
8
CUT
10
126.4709
20
88.6241
0
VERTEX
8
CUT
10
126.4358
20
88.5555
0
VERTEX
8
CUT
10
126.3930
20
88.4807
0
VERTEX
8
CUT
10
126.3616
20
88.4315
0
VERTEX
8
CUT
10
126.3160
20
88.3666
0
VERTEX
8
CUT
10
126.2795
20
88.3192
0
VERTEX
8
CUT
10
126.2493
20
88.2821
0
VERTEX
8
CUT
10
126.2393
20
88.2705
0
VERTEX
8
CUT
10
126.2304
20
88.2602
0
VERTEX
8
CUT
10
125.6456
20
87.5996
0
VERTEX
8
CUT
10
125.6380
20
87.5911
0
VERTEX
8
CUT
10
125.6329
20
87.5855
0
VERTEX
8
CUT
10
125.5987
20
87.5498
0
VERTEX
8
CUT
10
125.5474
20
87.4992
0
VERTEX
8
CUT
10
125.4874
20
87.4452
0
VERTEX
8
CUT
10
125.4454
20
87.4105
0
VERTEX
8
CUT
10
125.3861
20
87.3657
0
VERTEX
8
CUT
10
125.3395
20
87.3334
0
VERTEX
8
CUT
10
125.3020
20
87.3088
0
VERTEX
8
CUT
10
125.2899
20
87.3012
0
VERTEX
8
CUT
10
125.2790
20
87.2946
0
VERTEX
8
CUT
10
124.3284
20
86.7221
0
VERTEX
8
CUT
10
124.3187
20
86.7164
0
VERTEX
8
CUT
10
124.3122
20
86.7126
0
VERTEX
8
CUT
10
124.2693
20
86.6890
0
VERTEX
8
CUT
10
124.2059
20
86.6564
0
VERTEX
8
CUT
10
124.1333
20
86.6231
0
VERTEX
8
CUT
10
124.0834
20
86.6028
0
VERTEX
8
CUT
10
124.0142
20
86.5779
0
VERTEX
8
CUT
10
123.9607
20
86.5611
0
VERTEX
8
CUT
10
123.9179
20
86.5488
0
VERTEX
8
CUT
10
123.9043
20
86.5452
0
VERTEX
8
CUT
10
123.8921
20
86.5421
0
VERTEX
8
CUT
10
122.6175
20
86.2289
0
VERTEX
8
CUT
10
122.6058
20
86.2261
0
VERTEX
8
CUT
10
122.5953
20
86.2237
0
VERTEX
8
CUT
10
122.5498
20
86.2144
0
VERTEX
8
CUT
10
122.4676
20
86.1997
0
VERTEX
8
CUT
10
122.4327
20
86.1943
0
VERTEX
8
CUT
10
122.3994
20
86.1905
0
VERTEX
8
CUT
10
122.3210
20
86.1831
0
VERTEX
8
CUT
10
122.2745
20
86.1799
0
VERTEX
8
CUT
10
122.2590
20
86.1792
0
VERTEX
8
CUT
10
122.2455
20
86.1788
0
VERTEX
8
CUT
10
120.5703
20
86.1327
0
VERTEX
8
CUT
10
120.5594
20
86.1325
0
VERTEX
8
CUT
10
120.5495
20
86.1324
0
VERTEX
8
CUT
10
120.5071
20
86.1327
0
VERTEX
8
CUT
10
120.4309
20
86.1351
0
VERTEX
8
CUT
10
120.3988
20
86.1368
0
VERTEX
8
CUT
10
120.3682
20
86.1395
0
VERTEX
8
CUT
10
120.2968
20
86.1471
0
VERTEX
8
CUT
10
120.2546
20
86.1526
0
VERTEX
8
CUT
10
120.2406
20
86.1548
0
VERTEX
8
CUT
10
120.2285
20
86.1568
0
VERTEX
8
CUT
10
118.4416
20
86.4587
0
VERTEX
8
CUT
10
118.4316
20
86.4605
0
VERTEX
8
CUT
10
118.4227
20
86.4621
0
VERTEX
8
CUT
10
118.3845
20
86.4698
0
VERTEX
8
CUT
10
118.3161
20
86.4852
0
VERTEX
8
CUT
10
118.2874
20
86.4923
0
VERTEX
8
CUT
10
118.2602
20
86.4999
0
VERTEX
8
CUT
10
118.1969
20
86.5188
0
VERTEX
8
CUT
10
118.1597
20
86.5308
0
VERTEX
8
CUT
10
118.1474
20
86.5351
0
VERTEX
8
CUT
10
118.1368
20
86.5389
0
VERTEX
8
CUT
10
116.3488
20
87.1845
0
VERTEX
8
CUT
10
116.3423
20
87.1869
0
VERTEX
8
CUT
10
116.3271
20
87.1925
0
VERTEX
8
CUT
10
116.3245
20
87.1934
0
VERTEX
8
CUT
10
116.2971
20
87.2042
0
VERTEX
8
CUT
10
116.2453
20
87.2257
0
VERTEX
8
CUT
10
116.1897
20
87.2509
0
VERTEX
8
CUT
10
116.1235
20
87.2837
0
VERTEX
8
CUT
10
116.0934
20
87.2993
0
VERTEX
8
CUT
10
114.3835
20
88.2283
0
VERTEX
8
CUT
10
114.3707
20
88.2354
0
VERTEX
8
CUT
10
114.3410
20
88.2522
0
VERTEX
8
CUT
10
114.3283
20
88.2595
0
VERTEX
8
CUT
10
114.3132
20
88.2684
0
VERTEX
8
CUT
10
114.3007
20
88.2758
0
VERTEX
8
CUT
10
114.2718
20
88.2934
0
VERTEX
8
CUT
10
114.2595
20
88.3010
0
VERTEX
8
CUT
10
114.2496
20
88.3072
0
VERTEX
8
CUT
10
114.2374
20
88.3151
0
VERTEX
8
CUT
10
114.2090
20
88.3336
0
VERTEX
8
CUT
10
114.1969
20
88.3417
0
VERTEX
8
CUT
10
114.1822
20
88.3516
0
VERTEX
8
CUT
10
114.1702
20
88.3599
0
VERTEX
8
CUT
10
114.1425
20
88.3793
0
VERTEX
8
CUT
10
114.1306
20
88.3878
0
VERTEX
8
CUT
10
112.5224
20
89.5532
0
VERTEX
8
CUT
10
112.5168
20
89.5572
0
VERTEX
8
CUT
10
112.5039
20
89.5667
0
VERTEX
8
CUT
10
112.5017
20
89.5683
0
VERTEX
8
CUT
10
112.4786
20
89.5862
0
VERTEX
8
CUT
10
112.4350
20
89.6208
0
VERTEX
8
CUT
10
112.3889
20
89.6601
0
VERTEX
8
CUT
10
112.3348
20
89.7095
0
VERTEX
8
CUT
10
112.3103
20
89.7327
0
VERTEX
8
CUT
10
111.7053
20
90.3277
0
VERTEX
8
CUT
10
111.6695
20
90.3710
0
VERTEX
8
CUT
10
111.6599
20
90.3823
0
VERTEX
8
CUT
10
111.5963
20
90.4552
0
VERTEX
8
CUT
10
111.5864
20
90.4663
0
VERTEX
8
CUT
10
110.0627
20
92.1300
0
VERTEX
8
CUT
10
109.7905
20
92.4789
0
VERTEX
8
CUT
10
109.4543
20
92.9098
0
VERTEX
8
CUT
10
109.2432
20
93.2484
0
VERTEX
8
CUT
10
109.1114
20
93.4598
0
VERTEX
8
CUT
10
109.0919
20
93.4911
0
VERTEX
8
CUT
10
108.9512
20
93.7167
0
VERTEX
8
CUT
10
107.5384
20
96.3810
0
VERTEX
8
CUT
10
107.5221
20
96.4178
0
VERTEX
8
CUT
10
107.4833
20
96.5052
0
VERTEX
8
CUT
10
107.3919
20
96.7110
0
VERTEX
8
CUT
10
107.2193
20
97.1000
0
VERTEX
8
CUT
10
104.2651
20
105.1726
0
VERTEX
8
CUT
10
104.2633
20
105.1775
0
VERTEX
8
CUT
10
104.2507
20
105.2110
0
VERTEX
8
CUT
10
104.2487
20
105.2162
0
VERTEX
8
CUT
10
104.2326
20
105.2579
0
VERTEX
8
CUT
10
104.2306
20
105.2630
0
VERTEX
8
CUT
10
104.2176
20
105.2958
0
VERTEX
8
CUT
10
104.2154
20
105.3012
0
VERTEX
8
CUT
10
104.0440
20
105.7213
0
VERTEX
8
CUT
10
102.7251
20
108.9565
0
VERTEX
8
CUT
10
102.7093
20
108.9980
0
VERTEX
8
CUT
10
102.6823
20
109.0748
0
VERTEX
8
CUT
10
102.6571
20
109.1600
0
VERTEX
8
CUT
10
102.6539
20
109.1731
0
VERTEX
8
CUT
10
102.6472
20
109.1958
0
VERTEX
8
CUT
10
102.6412
20
109.2203
0
VERTEX
8
CUT
10
102.6244
20
109.3075
0
VERTEX
8
CUT
10
102.6162
20
109.3661
0
VERTEX
8
CUT
10
102.6081
20
109.4546
0
VERTEX
8
CUT
10
102.6056
20
109.5137
0
VERTEX
8
CUT
10
102.6063
20
109.6025
0
VERTEX
8
CUT
10
102.6097
20
109.6616
0
VERTEX
8
CUT
10
102.6191
20
109.7499
0
VERTEX
8
CUT
10
102.6283
20
109.8083
0
VERTEX
8
CUT
10
102.6464
20
109.8953
0
VERTEX
8
CUT
10
102.6614
20
109.9526
0
VERTEX
8
CUT
10
102.6880
20
110.0373
0
VERTEX
8
CUT
10
102.7084
20
110.0928
0
VERTEX
8
CUT
10
102.7433
20
110.1746
0
VERTEX
8
CUT
10
102.7659
20
110.2273
0
VERTEX
8
CUT
10
102.7833
20
110.2819
0
VERTEX
8
CUT
10
102.7954
20
110.3380
0
VERTEX
8
CUT
10
102.8022
20
110.3949
0
VERTEX
8
CUT
10
102.8034
20
110.4522
0
VERTEX
8
CUT
10
102.7992
20
110.5094
0
VERTEX
8
CUT
10
102.7896
20
110.5659
0
VERTEX
8
CUT
10
102.7746
20
110.6213
0
VERTEX
8
CUT
10
102.7544
20
110.6749
0
VERTEX
8
CUT
10
102.7291
20
110.7264
0
VERTEX
8
CUT
10
102.6991
20
110.7752
0
VERTEX
8
CUT
10
102.6645
20
110.8210
0
VERTEX
8
CUT
10
102.6258
20
110.8632
0
VERTEX
8
CUT
10
102.5831
20
110.9016
0
VERTEX
8
CUT
10
102.5370
20
110.9357
0
VERTEX
8
CUT
10
102.4879
20
110.9652
0
VERTEX
8
CUT
10
102.4362
20
110.9899
0
VERTEX
8
CUT
10
102.3823
20
111.0096
0
VERTEX
8
CUT
10
102.3268
20
111.0240
0
VERTEX
8
CUT
10
102.2408
20
111.0421
0
VERTEX
8
CUT
10
102.1843
20
111.0569
0
VERTEX
8
CUT
10
102.1006
20
111.0832
0
VERTEX
8
CUT
10
102.0458
20
111.1034
0
VERTEX
8
CUT
10
101.9650
20
111.1377
0
VERTEX
8
CUT
10
101.9124
20
111.1631
0
VERTEX
8
CUT
10
101.8354
20
111.2052
0
VERTEX
8
CUT
10
101.7855
20
111.2356
0
VERTEX
8
CUT
10
101.7130
20
111.2849
0
VERTEX
8
CUT
10
101.6663
20
111.3201
0
VERTEX
8
CUT
10
101.5989
20
111.3762
0
VERTEX
8
CUT
10
101.5397
20
111.4306
0
VERTEX
8
CUT
10
101.5082
20
111.4611
0
VERTEX
8
CUT
10
101.4073
20
111.5634
0
VERTEX
8
CUT
10
101.3642
20
111.6030
0
VERTEX
8
CUT
10
101.2221
20
111.7213
0
VERTEX
8
CUT
10
101.1754
20
111.7565
0
VERTEX
8
CUT
10
101.0224
20
111.8605
0
VERTEX
8
CUT
10
100.9725
20
111.8910
0
VERTEX
8
CUT
10
100.8102
20
111.9796
0
VERTEX
8
CUT
10
100.7575
20
112.0051
0
VERTEX
8
CUT
10
100.5873
20
112.0774
0
VERTEX
8
CUT
10
100.5325
20
112.0976
0
VERTEX
8
CUT
10
100.3560
20
112.1531
0
VERTEX
8
CUT
10
100.2994
20
112.1679
0
VERTEX
8
CUT
10
100.1185
20
112.2059
0
VERTEX
8
CUT
10
100.0607
20
112.2151
0
VERTEX
8
CUT
10
99.8769
20
112.2353
0
VERTEX
8
CUT
10
99.8185
20
112.2388
0
VERTEX
8
CUT
10
99.6336
20
112.2410
0
VERTEX
8
CUT
10
99.5751
20
112.2388
0
VERTEX
8
CUT
10
99.3909
20
112.2230
0
VERTEX
8
CUT
10
99.3329
20
112.2152
0
VERTEX
8
CUT
10
99.1511
20
112.1815
0
VERTEX
8
CUT
10
99.0941
20
112.1680
0
VERTEX
8
CUT
10
98.9164
20
112.1168
0
VERTEX
8
CUT
10
98.8611
20
112.0979
0
VERTEX
8
CUT
10
98.6892
20
112.0296
0
VERTEX
8
CUT
10
98.6360
20
112.0054
0
VERTEX
8
CUT
10
98.4716
20
111.9207
0
VERTEX
8
CUT
10
98.4210
20
111.8914
0
VERTEX
8
CUT
10
98.2656
20
111.7910
0
VERTEX
8
CUT
10
98.2181
20
111.7570
0
VERTEX
8
CUT
10
98.0732
20
111.6420
0
VERTEX
8
CUT
10
98.0292
20
111.6034
0
VERTEX
8
CUT
10
97.8963
20
111.4749
0
VERTEX
8
CUT
10
97.8562
20
111.4323
0
VERTEX
8
CUT
10
97.7364
20
111.2914
0
VERTEX
8
CUT
10
97.7007
20
111.2451
0
VERTEX
8
CUT
10
97.5952
20
111.0932
0
VERTEX
8
CUT
10
97.5642
20
111.0436
0
VERTEX
8
CUT
10
97.4739
20
110.8822
0
VERTEX
8
CUT
10
97.4479
20
110.8298
0
VERTEX
8
CUT
10
97.3738
20
110.6604
0
VERTEX
8
CUT
10
97.3530
20
110.6057
0
VERTEX
8
CUT
10
97.2957
20
110.4299
0
VERTEX
8
CUT
10
97.2804
20
110.3734
0
VERTEX
8
CUT
10
97.2405
20
110.1928
0
VERTEX
8
CUT
10
97.2307
20
110.1352
0
VERTEX
8
CUT
10
97.2083
20
109.9490
0
VERTEX
8
CUT
10
97.2055
20
109.9199
0
VERTEX
8
CUT
10
97.2015
20
109.8629
0
VERTEX
8
CUT
10
97.2006
20
109.8483
0
VERTEX
8
CUT
10
97.1962
20
109.7533
0
VERTEX
8
CUT
10
97.1957
20
109.7387
0
VERTEX
8
CUT
10
97.0814
20
104.5898
0
VERTEX
8
CUT
10
97.0810
20
104.5766
0
VERTEX
8
CUT
10
97.0799
20
104.5460
0
VERTEX
8
CUT
10
97.0793
20
104.5329
0
VERTEX
8
CUT
10
97.0785
20
104.5169
0
VERTEX
8
CUT
10
97.0777
20
104.5038
0
VERTEX
8
CUT
10
97.0757
20
104.4732
0
VERTEX
8
CUT
10
97.0747
20
104.4601
0
VERTEX
8
CUT
10
97.0739
20
104.4495
0
VERTEX
8
CUT
10
97.0727
20
104.4365
0
VERTEX
8
CUT
10
97.0698
20
104.4059
0
VERTEX
8
CUT
10
97.0685
20
104.3929
0
VERTEX
8
CUT
10
97.0667
20
104.3769
0
VERTEX
8
CUT
10
97.0652
20
104.3639
0
VERTEX
8
CUT
10
97.0614
20
104.3335
0
VERTEX
8
CUT
10
97.0597
20
104.3204
0
VERTEX
8
CUT
10
96.6816
20
101.6175
0
VERTEX
8
CUT
10
96.6808
20
101.6122
0
VERTEX
8
CUT
10
96.6790
20
101.5999
0
VERTEX
8
CUT
10
96.6782
20
101.5946
0
VERTEX
8
CUT
10
96.6763
20
101.5817
0
VERTEX
8
CUT
10
96.6753
20
101.5752
0
VERTEX
8
CUT
10
96.6729
20
101.5602
0
VERTEX
8
CUT
10
96.6718
20
101.5538
0
VERTEX
8
CUT
10
96.6710
20
101.5485
0
VERTEX
8
CUT
10
96.6698
20
101.5420
0
VERTEX
8
CUT
10
96.6672
20
101.5267
0
VERTEX
8
CUT
10
96.6662
20
101.5210
0
VERTEX
8
CUT
10
96.6639
20
101.5090
0
VERTEX
8
CUT
10
96.6606
20
101.4915
0
VERTEX
8
CUT
10
96.6591
20
101.4838
0
VERTEX
8
CUT
10
95.4672
20
95.5273
0
VERTEX
8
CUT
10
95.4636
20
95.5074
0
VERTEX
8
CUT
10
95.4420
20
95.3770
0
VERTEX
8
CUT
10
95.4391
20
95.3569
0
VERTEX
8
CUT
10
95.4176
20
95.1926
0
VERTEX
8
CUT
10
95.4153
20
95.1724
0
VERTEX
8
CUT
10
95.4027
20
95.0408
0
VERTEX
8
CUT
10
95.4011
20
95.0206
0
VERTEX
8
CUT
10
95.2971
20
93.3451
0
VERTEX
8
CUT
10
95.2969
20
93.3418
0
VERTEX
8
CUT
10
95.2961
20
93.3233
0
VERTEX
8
CUT
10
95.2923
20
93.2026
0
VERTEX
8
CUT
10
95.2920
20
93.1840
0
VERTEX
8
CUT
10
95.2920
20
93.0325
0
VERTEX
8
CUT
10
95.2923
20
93.0140
0
VERTEX
8
CUT
10
95.2961
20
92.8933
0
VERTEX
8
CUT
10
95.2969
20
92.8747
0
VERTEX
8
CUT
10
95.3949
20
91.2943
0
VERTEX
8
CUT
10
95.3966
20
91.2729
0
VERTEX
8
CUT
10
95.4102
20
91.1343
0
VERTEX
8
CUT
10
95.4126
20
91.1130
0
VERTEX
8
CUT
10
95.4169
20
91.0815
0
VERTEX
8
CUT
10
95.4191
20
91.0620
0
VERTEX
8
CUT
10
95.4423
20
90.8908
0
VERTEX
8
CUT
10
95.4455
20
90.8698
0
VERTEX
8
CUT
10
95.4687
20
90.7341
0
VERTEX
8
CUT
10
95.4726
20
90.7133
0
VERTEX
8
CUT
10
95.7783
20
89.2424
0
VERTEX
8
CUT
10
95.7828
20
89.2226
0
VERTEX
8
CUT
10
95.8140
20
89.0941
0
VERTEX
8
CUT
10
95.8192
20
89.0744
0
VERTEX
8
CUT
10
95.8638
20
88.9147
0
VERTEX
8
CUT
10
95.8697
20
88.8952
0
VERTEX
8
CUT
10
95.8726
20
88.8858
0
VERTEX
8
CUT
10
95.8782
20
88.8660
0
VERTEX
8
CUT
10
95.8842
20
88.8460
0
VERTEX
8
CUT
10
95.9253
20
88.7172
0
VERTEX
8
CUT
10
95.9320
20
88.6974
0
VERTEX
8
CUT
10
96.2059
20
87.9317
0
VERTEX
8
CUT
10
96.4332
20
87.2903
0
VERTEX
8
CUT
10
96.4399
20
87.2723
0
VERTEX
8
CUT
10
96.4856
20
87.1554
0
VERTEX
8
CUT
10
96.4929
20
87.1375
0
VERTEX
8
CUT
10
96.5001
20
87.1207
0
VERTEX
8
CUT
10
96.5038
20
87.1115
0
VERTEX
8
CUT
10
96.5109
20
87.0940
0
VERTEX
8
CUT
10
96.5717
20
86.9528
0
VERTEX
8
CUT
10
96.5795
20
86.9356
0
VERTEX
8
CUT
10
96.6314
20
86.8246
0
VERTEX
8
CUT
10
96.6397
20
86.8077
0
VERTEX
8
CUT
10
97.3565
20
85.3939
0
VERTEX
8
CUT
10
97.3653
20
85.3773
0
VERTEX
8
CUT
10
97.4239
20
85.2701
0
VERTEX
8
CUT
10
97.4332
20
85.2538
0
VERTEX
8
CUT
10
97.5109
20
85.1217
0
VERTEX
8
CUT
10
97.5190
20
85.1084
0
VERTEX
8
CUT
10
97.5343
20
85.0825
0
VERTEX
8
CUT
10
97.5442
20
85.0663
0
VERTEX
8
CUT
10
97.6102
20
84.9620
0
VERTEX
8
CUT
10
97.6206
20
84.9461
0
VERTEX
8
CUT
10
98.5817
20
83.5287
0
VERTEX
8
CUT
10
98.5917
20
83.5145
0
VERTEX
8
CUT
10
98.6578
20
83.4228
0
VERTEX
8
CUT
10
98.6682
20
83.4088
0
VERTEX
8
CUT
10
98.7545
20
83.2961
0
VERTEX
8
CUT
10
98.7653
20
83.2825
0
VERTEX
8
CUT
10
98.8367
20
83.1948
0
VERTEX
8
CUT
10
98.8479
20
83.1814
0
VERTEX
8
CUT
10
100.0263
20
81.8156
0
VERTEX
8
CUT
10
100.0394
20
81.8009
0
VERTEX
8
CUT
10
100.1158
20
81.7181
0
VERTEX
8
CUT
10
100.1328
20
81.6995
0
VERTEX
8
CUT
10
100.1453
20
81.6863
0
VERTEX
8
CUT
10
100.2488
20
81.5802
0
VERTEX
8
CUT
10
100.2616
20
81.5674
0
VERTEX
8
CUT
10
100.3466
20
81.4854
0
VERTEX
8
CUT
10
100.3599
20
81.4730
0
VERTEX
8
CUT
10
102.3990
20
79.6209
0
VERTEX
8
CUT
10
102.4091
20
79.6120
0
VERTEX
8
CUT
10
102.4751
20
79.5547
0
VERTEX
8
CUT
10
102.4853
20
79.5460
0
VERTEX
8
CUT
10
102.5698
20
79.4759
0
VERTEX
8
CUT
10
102.5803
20
79.4674
0
VERTEX
8
CUT
10
102.6488
20
79.4131
0
VERTEX
8
CUT
10
102.6595
20
79.4048
0
VERTEX
8
CUT
10
105.3622
20
77.3602
0
VERTEX
8
CUT
10
105.3712
20
77.3535
0
VERTEX
8
CUT
10
105.4339
20
77.3079
0
VERTEX
8
CUT
10
105.4437
20
77.3009
0
VERTEX
8
CUT
10
105.5230
20
77.2456
0
VERTEX
8
CUT
10
105.5327
20
77.2390
0
VERTEX
8
CUT
10
105.5962
20
77.1965
0
VERTEX
8
CUT
10
105.6067
20
77.1896
0
VERTEX
8
CUT
10
107.8075
20
75.7830
0
VERTEX
8
CUT
10
108.2358
20
75.4830
0
VERTEX
8
CUT
10
108.2487
20
75.4742
0
VERTEX
8
CUT
10
108.3330
20
75.4183
0
VERTEX
8
CUT
10
108.3461
20
75.4099
0
VERTEX
8
CUT
10
108.4539
20
75.3424
0
VERTEX
8
CUT
10
108.4672
20
75.3344
0
VERTEX
8
CUT
10
108.5544
20
75.2829
0
VERTEX
8
CUT
10
108.5679
20
75.2752
0
VERTEX
8
CUT
10
108.8301
20
75.1294
0
VERTEX
8
CUT
10
108.9540
20
75.0502
0
VERTEX
8
CUT
10
108.9601
20
75.0464
0
VERTEX
8
CUT
10
109.0026
20
75.0199
0
VERTEX
8
CUT
10
109.0092
20
75.0159
0
VERTEX
8
CUT
10
109.0626
20
74.9836
0
VERTEX
8
CUT
10
109.0691
20
74.9797
0
VERTEX
8
CUT
10
109.1117
20
74.9547
0
VERTEX
8
CUT
10
109.1187
20
74.9507
0
VERTEX
8
CUT
10
112.9642
20
72.7607
0
VERTEX
8
CUT
10
112.9724
20
72.7561
0
VERTEX
8
CUT
10
113.0298
20
72.7246
0
VERTEX
8
CUT
10
113.0386
20
72.7198
0
VERTEX
8
CUT
10
113.1108
20
72.6818
0
VERTEX
8
CUT
10
113.1196
20
72.6773
0
VERTEX
8
CUT
10
113.1770
20
72.6482
0
VERTEX
8
CUT
10
113.1865
20
72.6435
0
VERTEX
8
CUT
10
114.0967
20
72.2026
0
VERTEX
8
CUT
10
116.4860
20
70.8747
0
VERTEX
8
CUT
10
116.5249
20
70.8518
0
VERTEX
8
CUT
10
116.5950
20
70.8081
0
VERTEX
8
CUT
10
116.6691
20
70.7566
0
VERTEX
8
CUT
10
116.7166
20
70.7199
0
VERTEX
8
CUT
10
116.7852
20
70.6613
0
VERTEX
8
CUT
10
116.8288
20
70.6200
0
VERTEX
8
CUT
10
116.8911
20
70.5547
0
VERTEX
8
CUT
10
116.9304
20
70.5093
0
VERTEX
8
CUT
10
116.9859
20
70.4382
0
VERTEX
8
CUT
10
117.0204
20
70.3890
0
VERTEX
8
CUT
10
117.0684
20
70.3127
0
VERTEX
8
CUT
10
117.0979
20
70.2603
0
VERTEX
8
CUT
10
117.1381
20
70.1795
0
VERTEX
8
CUT
10
117.1621
20
70.1245
0
VERTEX
8
CUT
10
117.1940
20
70.0401
0
VERTEX
8
CUT
10
117.2124
20
69.9829
0
VERTEX
8
CUT
10
117.2357
20
69.8958
0
VERTEX
8
CUT
10
117.2483
20
69.8371
0
VERTEX
8
CUT
10
117.2627
20
69.7480
0
VERTEX
8
CUT
10
117.2693
20
69.6883
0
VERTEX
8
CUT
10
117.2748
20
69.5983
0
VERTEX
8
CUT
10
117.2754
20
69.5382
0
VERTEX
8
CUT
10
117.2718
20
69.4481
0
VERTEX
8
CUT
10
117.2665
20
69.3882
0
VERTEX
8
CUT
10
117.2539
20
69.2989
0
VERTEX
8
CUT
10
117.2425
20
69.2399
0
VERTEX
8
CUT
10
117.2210
20
69.1523
0
VERTEX
8
CUT
10
117.2038
20
69.0948
0
VERTEX
8
CUT
10
117.1737
20
69.0097
0
VERTEX
8
CUT
10
117.1508
20
68.9542
0
VERTEX
8
CUT
10
117.1123
20
68.8726
0
VERTEX
8
CUT
10
117.0840
20
68.8197
0
VERTEX
8
CUT
10
117.0375
20
68.7424
0
VERTEX
8
CUT
10
116.9914
20
68.6737
0
VERTEX
8
CUT
10
116.9653
20
68.6369
0
VERTEX
8
CUT
10
116.6750
20
68.2483
0
VERTEX
8
CUT
10
116.6668
20
68.2370
0
VERTEX
8
CUT
10
116.6143
20
68.1631
0
VERTEX
8
CUT
10
116.6063
20
68.1517
0
VERTEX
8
CUT
10
116.5758
20
68.1066
0
VERTEX
8
CUT
10
116.5607
20
68.0831
0
VERTEX
8
CUT
10
116.4675
20
67.9306
0
VERTEX
8
CUT
10
116.4406
20
67.8817
0
VERTEX
8
CUT
10
116.3631
20
67.7233
0
VERTEX
8
CUT
10
116.3409
20
67.6722
0
VERTEX
8
CUT
10
116.2775
20
67.5050
0
VERTEX
8
CUT
10
116.2682
20
67.4787
0
VERTEX
8
CUT
10
116.2512
20
67.4270
0
VERTEX
8
CUT
10
116.2471
20
67.4137
0
VERTEX
8
CUT
10
116.2209
20
67.3269
0
VERTEX
8
CUT
10
116.2170
20
67.3135
0
VERTEX
8
CUT
10
116.1755
20
67.1634
0
VERTEX
8
CUT
10
116.1710
20
67.1458
0
VERTEX
8
CUT
10
116.1430
20
67.0311
0
VERTEX
8
CUT
10
116.1389
20
67.0134
0
VERTEX
8
CUT
10
116.1242
20
66.9441
0
VERTEX
8
CUT
10
116.1178
20
66.9084
0
VERTEX
8
CUT
10
116.0829
20
66.6751
0
VERTEX
8
CUT
10
116.0786
20
66.6390
0
VERTEX
8
CUT
10
116.0724
20
66.5684
0
VERTEX
8
CUT
10
116.0710
20
66.5503
0
VERTEX
8
CUT
10
116.0642
20
66.4325
0
VERTEX
8
CUT
10
116.0635
20
66.4143
0
VERTEX
8
CUT
10
115.7523
20
55.0641
0
VERTEX
8
CUT
10
115.7519
20
55.0532
0
VERTEX
8
CUT
10
115.7516
20
55.0459
0
VERTEX
8
CUT
10
115.7485
20
54.9988
0
VERTEX
8
CUT
10
115.7422
20
54.9303
0
VERTEX
8
CUT
10
115.7318
20
54.8540
0
VERTEX
8
CUT
10
115.7227
20
54.8030
0
VERTEX
8
CUT
10
115.7074
20
54.7336
0
VERTEX
8
CUT
10
115.6936
20
54.6810
0
VERTEX
8
CUT
10
115.6816
20
54.6397
0
VERTEX
8
CUT
10
115.6776
20
54.6268
0
VERTEX
8
CUT
10
115.6739
20
54.6152
0
VERTEX
8
CUT
10
115.2219
20
53.2418
0
VERTEX
8
CUT
10
115.2167
20
53.2263
0
VERTEX
8
CUT
10
115.2040
20
53.1902
0
VERTEX
8
CUT
10
115.1985
20
53.1748
0
VERTEX
8
CUT
10
115.1916
20
53.1561
0
VERTEX
8
CUT
10
115.1857
20
53.1408
0
VERTEX
8
CUT
10
115.1718
20
53.1051
0
VERTEX
8
CUT
10
115.1657
20
53.0899
0
VERTEX
8
CUT
10
115.1607
20
53.0778
0
VERTEX
8
CUT
10
115.1543
20
53.0627
0
VERTEX
8
CUT
10
115.1391
20
53.0276
0
VERTEX
8
CUT
10
115.1325
20
53.0127
0
VERTEX
8
CUT
10
115.1242
20
52.9945
0
VERTEX
8
CUT
10
115.1173
20
52.9796
0
VERTEX
8
CUT
10
115.1008
20
52.9451
0
VERTEX
8
CUT
10
115.0936
20
52.9304
0
VERTEX
8
CUT
10
113.6706
20
50.0840
0
VERTEX
8
CUT
10
113.6664
20
50.0758
0
VERTEX
8
CUT
10
113.6626
20
50.0683
0
VERTEX
8
CUT
10
113.6456
20
50.0367
0
VERTEX
8
CUT
10
113.6138
20
49.9804
0
VERTEX
8
CUT
10
113.6011
20
49.9588
0
VERTEX
8
CUT
10
113.5858
20
49.9343
0
VERTEX
8
CUT
10
113.5529
20
49.8838
0
VERTEX
8
CUT
10
113.5327
20
49.8540
0
VERTEX
8
CUT
10
113.5257
20
49.8442
0
VERTEX
8
CUT
10
113.5196
20
49.8357
0
VERTEX
8
CUT
10
111.5176
20
47.0824
0
VERTEX
8
CUT
10
111.5080
20
47.0695
0
VERTEX
8
CUT
10
111.4854
20
47.0396
0
VERTEX
8
CUT
10
111.4757
20
47.0269
0
VERTEX
8
CUT
10
111.4636
20
47.0115
0
VERTEX
8
CUT
10
111.4536
20
46.9989
0
VERTEX
8
CUT
10
111.4299
20
46.9699
0
VERTEX
8
CUT
10
111.4197
20
46.9575
0
VERTEX
8
CUT
10
111.4114
20
46.9477
0
VERTEX
8
CUT
10
111.4010
20
46.9355
0
VERTEX
8
CUT
10
111.3763
20
46.9073
0
VERTEX
8
CUT
10
111.3657
20
46.8953
0
VERTEX
8
CUT
10
111.3525
20
46.8808
0
VERTEX
8
CUT
10
111.3416
20
46.8689
0
VERTEX
8
CUT
10
111.3160
20
46.8416
0
VERTEX
8
CUT
10
111.3049
20
46.8300
0
VERTEX
8
CUT
10
108.6539
20
44.1040
0
VERTEX
8
CUT
10
108.6457
20
44.0957
0
VERTEX
8
CUT
10
108.6265
20
44.0765
0
VERTEX
8
CUT
10
108.6182
20
44.0683
0
VERTEX
8
CUT
10
108.6081
20
44.0584
0
VERTEX
8
CUT
10
108.5997
20
44.0503
0
VERTEX
8
CUT
10
108.5800
20
44.0315
0
VERTEX
8
CUT
10
108.5715
20
44.0236
0
VERTEX
8
CUT
10
108.5646
20
44.0172
0
VERTEX
8
CUT
10
108.5560
20
44.0093
0
VERTEX
8
CUT
10
108.5358
20
43.9911
0
VERTEX
8
CUT
10
108.5271
20
43.9833
0
VERTEX
8
CUT
10
108.5165
20
43.9739
0
VERTEX
8
CUT
10
108.5077
20
43.9663
0
VERTEX
8
CUT
10
108.4870
20
43.9486
0
VERTEX
8
CUT
10
108.4781
20
43.9411
0
VERTEX
8
CUT
10
99.6616
20
36.5788
0
VERTEX
8
CUT
10
99.6524
20
36.5710
0
VERTEX
8
CUT
10
99.5931
20
36.5194
0
VERTEX
8
CUT
10
99.5841
20
36.5114
0
VERTEX
8
CUT
10
99.5491
20
36.4797
0
VERTEX
8
CUT
10
99.5315
20
36.4631
0
VERTEX
8
CUT
10
99.4195
20
36.3532
0
VERTEX
8
CUT
10
99.4027
20
36.3359
0
VERTEX
8
CUT
10
99.3703
20
36.3015
0
VERTEX
8
CUT
10
99.3621
20
36.2926
0
VERTEX
8
CUT
10
99.3095
20
36.2343
0
VERTEX
8
CUT
10
99.3015
20
36.2253
0
VERTEX
8
CUT
10
97.4619
20
34.1021
0
VERTEX
8
CUT
10
97.4523
20
34.0908
0
VERTEX
8
CUT
10
97.3912
20
34.0166
0
VERTEX
8
CUT
10
97.3819
20
34.0051
0
VERTEX
8
CUT
10
97.3463
20
33.9596
0
VERTEX
8
CUT
10
97.3286
20
33.9359
0
VERTEX
8
CUT
10
97.2177
20
33.7790
0
VERTEX
8
CUT
10
97.2012
20
33.7544
0
VERTEX
8
CUT
10
97.1702
20
33.7056
0
VERTEX
8
CUT
10
97.1624
20
33.6931
0
VERTEX
8
CUT
10
97.1129
20
33.6107
0
VERTEX
8
CUT
10
97.1054
20
33.5979
0
VERTEX
8
CUT
10
95.9464
20
31.5582
0
VERTEX
8
CUT
10
95.9404
20
31.5473
0
VERTEX
8
CUT
10
95.9020
20
31.4765
0
VERTEX
8
CUT
10
95.8963
20
31.4656
0
VERTEX
8
CUT
10
95.8741
20
31.4225
0
VERTEX
8
CUT
10
95.8632
20
31.4002
0
VERTEX
8
CUT
10
95.7955
20
31.2542
0
VERTEX
8
CUT
10
95.7855
20
31.2315
0
VERTEX
8
CUT
10
95.7670
20
31.1868
0
VERTEX
8
CUT
10
95.7624
20
31.1753
0
VERTEX
8
CUT
10
95.7331
20
31.1002
0
VERTEX
8
CUT
10
95.7287
20
31.0887
0
VERTEX
8
CUT
10
95.4453
20
30.3158
0
VERTEX
8
CUT
10
95.4411
20
30.3041
0
VERTEX
8
CUT
10
95.4148
20
30.2274
0
VERTEX
8
CUT
10
95.4108
20
30.2156
0
VERTEX
8
CUT
10
95.3960
20
30.1692
0
VERTEX
8
CUT
10
95.3889
20
30.1453
0
VERTEX
8
CUT
10
95.3459
20
29.9890
0
VERTEX
8
CUT
10
95.3398
20
29.9648
0
VERTEX
8
CUT
10
95.3288
20
29.9173
0
VERTEX
8
CUT
10
95.3261
20
29.9052
0
VERTEX
8
CUT
10
95.3096
20
29.8258
0
VERTEX
8
CUT
10
95.3071
20
29.8136
0
VERTEX
8
CUT
10
95.0225
20
28.2948
0
VERTEX
8
CUT
10
95.0198
20
28.2791
0
VERTEX
8
CUT
10
95.0035
20
28.1773
0
VERTEX
8
CUT
10
95.0012
20
28.1617
0
VERTEX
8
CUT
10
94.9930
20
28.1003
0
VERTEX
8
CUT
10
94.9897
20
28.0687
0
VERTEX
8
CUT
10
94.9733
20
27.8634
0
VERTEX
8
CUT
10
94.9717
20
27.8317
0
VERTEX
8
CUT
10
94.9700
20
27.7698
0
VERTEX
8
CUT
10
94.9698
20
27.7539
0
VERTEX
8
CUT
10
94.9698
20
27.6508
0
VERTEX
8
CUT
10
94.9700
20
27.6350
0
VERTEX
8
CUT
10
95.0026
20
26.3928
0
VERTEX
8
CUT
10
95.0031
20
26.3805
0
VERTEX
8
CUT
10
95.0068
20
26.3003
0
VERTEX
8
CUT
10
95.0075
20
26.2880
0
VERTEX
8
CUT
10
95.0108
20
26.2398
0
VERTEX
8
CUT
10
95.0130
20
26.2152
0
VERTEX
8
CUT
10
95.0301
20
26.0578
0
VERTEX
8
CUT
10
95.0375
20
26.0090
0
VERTEX
8
CUT
10
95.0675
20
25.8535
0
VERTEX
8
CUT
10
95.0727
20
25.8294
0
VERTEX
8
CUT
10
95.0838
20
25.7824
0
VERTEX
8
CUT
10
95.0868
20
25.7704
0
VERTEX
8
CUT
10
95.1069
20
25.6927
0
VERTEX
8
CUT
10
95.1101
20
25.6808
0
VERTEX
8
CUT
10
95.3947
20
24.6654
0
VERTEX
8
CUT
10
95.3996
20
24.6487
0
VERTEX
8
CUT
10
95.4334
20
24.5403
0
VERTEX
8
CUT
10
95.4389
20
24.5237
0
VERTEX
8
CUT
10
95.4610
20
24.4593
0
VERTEX
8
CUT
10
95.4734
20
24.4266
0
VERTEX
8
CUT
10
95.5596
20
24.2167
0
VERTEX
8
CUT
10
95.5738
20
24.1848
0
VERTEX
8
CUT
10
95.6033
20
24.1234
0
VERTEX
8
CUT
10
95.6111
20
24.1077
0
SEQEND
0
POLYLINE
8
CUT
66
1
70
1
10
0.0
20
0.0
30
0.0
0
VERTEX
8
CUT
10
272.2930
20
252.2540
0
VERTEX
8
CUT
10
272.3173
20
252.2033
0
VERTEX
8
CUT
10
272.4029
20
252.0447
0
VERTEX
8
CUT
10
272.4168
20
252.0202
0
VERTEX
8
CUT
10
272.4451
20
251.9732
0
VERTEX
8
CUT
10
272.4525
20
251.9612
0
VERTEX
8
CUT
10
272.5014
20
251.8840
0
VERTEX
8
CUT
10
272.5091
20
251.8722
0
VERTEX
8
CUT
10
272.6821
20
251.6129
0
VERTEX
8
CUT
10
272.6912
20
251.5996
0
VERTEX
8
CUT
10
272.7518
20
251.5139
0
VERTEX
8
CUT
10
272.7612
20
251.5009
0
VERTEX
8
CUT
10
272.7989
20
251.4505
0
VERTEX
8
CUT
10
272.8189
20
251.4252
0
VERTEX
8
CUT
10
272.9515
20
251.2665
0
VERTEX
8
CUT
10
272.9954
20
251.2193
0
VERTEX
8
CUT
10
273.1442
20
251.0758
0
VERTEX
8
CUT
10
273.1680
20
251.0540
0
VERTEX
8
CUT
10
273.2156
20
251.0128
0
VERTEX
8
CUT
10
273.2279
20
251.0024
0
VERTEX
8
CUT
10
273.3090
20
250.9360
0
VERTEX
8
CUT
10
273.3216
20
250.9259
0
VERTEX
8
CUT
10
273.5170
20
250.7743
0
VERTEX
8
CUT
10
273.5279
20
250.7660
0
VERTEX
8
CUT
10
273.5992
20
250.7133
0
VERTEX
8
CUT
10
273.6103
20
250.7053
0
VERTEX
8
CUT
10
273.6539
20
250.6745
0
VERTEX
8
CUT
10
273.6765
20
250.6593
0
VERTEX
8
CUT
10
273.8240
20
250.5650
0
VERTEX
8
CUT
10
273.8713
20
250.5378
0
VERTEX
8
CUT
10
274.0246
20
250.4584
0
VERTEX
8
CUT
10
274.0741
20
250.4355
0
VERTEX
8
CUT
10
274.2340
20
250.3704
0
VERTEX
8
CUT
10
274.2854
20
250.3521
0
VERTEX
8
CUT
10
274.4528
20
250.3011
0
VERTEX
8
CUT
10
274.4791
20
250.2938
0
VERTEX
8
CUT
10
274.5308
20
250.2806
0
VERTEX
8
CUT
10
274.5441
20
250.2773
0
VERTEX
8
CUT
10
274.6305
20
250.2573
0
VERTEX
8
CUT
10
274.6438
20
250.2544
0
VERTEX
8
CUT
10
275.1711
20
250.1449
0
VERTEX
8
CUT
10
275.1870
20
250.1418
0
VERTEX
8
CUT
10
275.2902
20
250.1233
0
VERTEX
8
CUT
10
275.3061
20
250.1206
0
VERTEX
8
CUT
10
275.3684
20
250.1112
0
VERTEX
8
CUT
10
275.4004
20
250.1072
0
VERTEX
8
CUT
10
275.6061
20
250.0871
0
VERTEX
8
CUT
10
275.6706
20
250.0843
0
VERTEX
8
CUT
10
275.8745
20
250.0864
0
VERTEX
8
CUT
10
275.9389
20
250.0906
0
VERTEX
8
CUT
10
276.1442
20
250.1149
0
VERTEX
8
CUT
10
276.1761
20
250.1196
0
VERTEX
8
CUT
10
276.2381
20
250.1303
0
VERTEX
8
CUT
10
276.2540
20
250.1333
0
VERTEX
8
CUT
10
276.3568
20
250.1540
0
VERTEX
8
CUT
10
276.3726
20
250.1574
0
VERTEX
8
CUT
10
276.5551
20
250.1993
0
VERTEX
8
CUT
10
276.5687
20
250.2026
0
VERTEX
8
CUT
10
276.6569
20
250.2250
0
VERTEX
8
CUT
10
276.6705
20
250.2286
0
VERTEX
8
CUT
10
276.7232
20
250.2433
0
VERTEX
8
CUT
10
276.7500
20
250.2515
0
VERTEX
8
CUT
10
276.9205
20
250.3078
0
VERTEX
8
CUT
10
276.9728
20
250.3278
0
VERTEX
8
CUT
10
277.1351
20
250.3988
0
VERTEX
8
CUT
10
277.1853
20
250.4236
0
VERTEX
8
CUT
10
277.3424
20
250.5106
0
VERTEX
8
CUT
10
277.3666
20
250.5248
0
VERTEX
8
CUT
10
277.4131
20
250.5535
0
VERTEX
8
CUT
10
277.4250
20
250.5610
0
VERTEX
8
CUT
10
277.5014
20
250.6105
0
VERTEX
8
CUT
10
277.5130
20
250.6183
0
VERTEX
8
CUT
10
277.8571
20
250.8533
0
VERTEX
8
CUT
10
277.8680
20
250.8609
0
VERTEX
8
CUT
10
277.9382
20
250.9111
0
VERTEX
8
CUT
10
277.9489
20
250.9190
0
VERTEX
8
CUT
10
277.9904
20
250.9501
0
VERTEX
8
CUT
10
278.0113
20
250.9665
0
VERTEX
8
CUT
10
278.1429
20
251.0746
0
VERTEX
8
CUT
10
278.1824
20
251.1102
0
VERTEX
8
CUT
10
278.3023
20
251.2279
0
VERTEX
8
CUT
10
278.3385
20
251.2667
0
VERTEX
8
CUT
10
278.4490
20
251.3963
0
VERTEX
8
CUT
10
278.4658
20
251.4169
0
VERTEX
8
CUT
10
278.4977
20
251.4579
0
VERTEX
8
CUT
10
278.5057
20
251.4684
0
VERTEX
8
CUT
10
278.5573
20
251.5377
0
VERTEX
8
CUT
10
278.5651
20
251.5485
0
VERTEX
8
CUT
10
278.6851
20
251.7176
0
VERTEX
8
CUT
10
278.6943
20
251.7308
0
VERTEX
8
CUT
10
278.7524
20
251.8175
0
VERTEX
8
CUT
10
278.7611
20
251.8309
0
VERTEX
8
CUT
10
278.7946
20
251.8839
0
VERTEX
8
CUT
10
278.8111
20
251.9115
0
VERTEX
8
CUT
10
278.9116
20
252.0910
0
VERTEX
8
CUT
10
278.9399
20
252.1486
0
VERTEX
8
CUT
10
279.0195
20
252.3352
0
VERTEX
8
CUT
10
279.0415
20
252.3955
0
VERTEX
8
CUT
10
279.1007
20
252.5896
0
VERTEX
8
CUT
10
279.1161
20
252.6519
0
VERTEX
8
CUT
10
279.1548
20
252.8540
0
VERTEX
8
CUT
10
279.1600
20
252.8857
0
VERTEX
8
CUT
10
279.1685
20
252.9478
0
VERTEX
8
CUT
10
279.1705
20
252.9637
0
VERTEX
8
CUT
10
279.1818
20
253.0674
0
VERTEX
8
CUT
10
279.1833
20
253.0834
0
VERTEX
8
CUT
10
279.2315
20
253.6682
0
VERTEX
8
CUT
10
279.2324
20
253.6807
0
VERTEX
8
CUT
10
279.2374
20
253.7623
0
VERTEX
8
CUT
10
279.2380
20
253.7748
0
VERTEX
8
CUT
10
279.2400
20
253.8239
0
VERTEX
8
CUT
10
279.2405
20
253.8490
0
VERTEX
8
CUT
10
279.2402
20
254.0101
0
VERTEX
8
CUT
10
279.2380
20
254.0603
0
VERTEX
8
CUT
10
279.2246
20
254.2165
0
VERTEX
8
CUT
10
279.2181
20
254.2674
0
VERTEX
8
CUT
10
279.1900
20
254.4304
0
VERTEX
8
CUT
10
279.1850
20
254.4561
0
VERTEX
8
CUT
10
279.1841
20
254.4598
0
VERTEX
8
CUT
10
279.1776
20
254.4868
0
VERTEX
8
CUT
10
279.1319
20
254.6581
0
VERTEX
8
CUT
10
279.1153
20
254.7107
0
VERTEX
8
CUT
10
279.0553
20
254.8736
0
VERTEX
8
CUT
10
279.0340
20
254.9243
0
VERTEX
8
CUT
10
278.9592
20
255.0813
0
VERTEX
8
CUT
10
278.9333
20
255.1299
0
VERTEX
8
CUT
10
278.8432
20
255.2815
0
VERTEX
8
CUT
10
278.8286
20
255.3048
0
VERTEX
8
CUT
10
278.7991
20
255.3497
0
VERTEX
8
CUT
10
278.7914
20
255.3611
0
VERTEX
8
CUT
10
278.7405
20
255.4347
0
VERTEX
8
CUT
10
278.7326
20
255.4459
0
VERTEX
8
CUT
10
278.5886
20
255.6442
0
VERTEX
8
CUT
10
278.5808
20
255.6548
0
VERTEX
8
CUT
10
278.5290
20
255.7229
0
VERTEX
8
CUT
10
278.5209
20
255.7333
0
VERTEX
8
CUT
10
278.4889
20
255.7736
0
VERTEX
8
CUT
10
278.4721
20
255.7939
0
VERTEX
8
CUT
10
278.3613
20
255.9213
0
VERTEX
8
CUT
10
278.3250
20
255.9595
0
VERTEX
8
CUT
10
278.2035
20
256.0767
0
VERTEX
8
CUT
10
278.1842
20
256.0945
0
VERTEX
8
CUT
10
278.1456
20
256.1286
0
VERTEX
8
CUT
10
278.1357
20
256.1372
0
VERTEX
8
CUT
10
278.0703
20
256.1924
0
VERTEX
8
CUT
10
278.0601
20
256.2008
0
VERTEX
8
CUT
10
277.4888
20
256.6624
0
VERTEX
8
CUT
10
277.4768
20
256.6719
0
VERTEX
8
CUT
10
277.3978
20
256.7325
0
VERTEX
8
CUT
10
277.3855
20
256.7416
0
VERTEX
8
CUT
10
277.3371
20
256.7768
0
VERTEX
8
CUT
10
277.3119
20
256.7942
0
VERTEX
8
CUT
10
277.1474
20
256.9014
0
VERTEX
8
CUT
10
277.0944
20
256.9321
0
VERTEX
8
CUT
10
276.9222
20
257.0207
0
VERTEX
8
CUT
10
276.8664
20
257.0460
0
VERTEX
8
CUT
10
276.6836
20
257.1175
0
VERTEX
8
CUT
10
276.6548
20
257.1280
0
VERTEX
8
CUT
10
276.5980
20
257.1469
0
VERTEX
8
CUT
10
276.5834
20
257.1516
0
VERTEX
8
CUT
10
276.4882
20
257.1807
0
VERTEX
8
CUT
10
276.4735
20
257.1849
0
VERTEX
8
CUT
10
276.3164
20
257.2286
0
VERTEX
8
CUT
10
276.3030
20
257.2322
0
VERTEX
8
CUT
10
276.2155
20
257.2543
0
VERTEX
8
CUT
10
276.2020
20
257.2576
0
VERTEX
8
CUT
10
276.1491
20
257.2696
0
VERTEX
8
CUT
10
276.1219
20
257.2752
0
VERTEX
8
CUT
10
275.9468
20
257.3068
0
VERTEX
8
CUT
10
275.8917
20
257.3141
0
VERTEX
8
CUT
10
275.7168
20
257.3292
0
VERTEX
8
CUT
10
275.6613
20
257.3314
0
VERTEX
8
CUT
10
275.4858
20
257.3302
0
VERTEX
8
CUT
10
275.4303
20
257.3272
0
VERTEX
8
CUT
10
275.2532
20
257.3096
0
VERTEX
8
CUT
10
275.2257
20
257.3062
0
VERTEX
8
CUT
10
275.1720
20
257.2983
0
VERTEX
8
CUT
10
275.1583
20
257.2962
0
VERTEX
8
CUT
10
275.0693
20
257.2810
0
VERTEX
8
CUT
10
275.0557
20
257.2785
0
VERTEX
8
CUT
10
274.9827
20
257.2644
0
VERTEX
8
CUT
10
274.9696
20
257.2617
0
VERTEX
8
CUT
10
274.8852
20
257.2433
0
VERTEX
8
CUT
10
274.8723
20
257.2404
0
VERTEX
8
CUT
10
274.8218
20
257.2282
0
VERTEX
8
CUT
10
274.7961
20
257.2214
0
VERTEX
8
CUT
10
274.6324
20
257.1743
0
VERTEX
8
CUT
10
274.5821
20
257.1573
0
VERTEX
8
CUT
10
274.4253
20
257.0967
0
VERTEX
8
CUT
10
274.3767
20
257.0754
0
VERTEX
8
CUT
10
274.2259
20
257.0011
0
VERTEX
8
CUT
10
274.1793
20
256.9756
0
VERTEX
8
CUT
10
274.0338
20
256.8871
0
VERTEX
8
CUT
10
274.0114
20
256.8728
0
VERTEX
8
CUT
10
273.9682
20
256.8439
0
VERTEX
8
CUT
10
273.9573
20
256.8363
0
VERTEX
8
CUT
10
273.8866
20
256.7867
0
VERTEX
8
CUT
10
273.8758
20
256.7789
0
VERTEX
8
CUT
10
273.3595
20
256.3986
0
VERTEX
8
CUT
10
273.3481
20
256.3900
0
VERTEX
8
CUT
10
273.2747
20
256.3333
0
VERTEX
8
CUT
10
273.2636
20
256.3244
0
VERTEX
8
CUT
10
273.2203
20
256.2892
0
VERTEX
8
CUT
10
273.1986
20
256.2707
0
VERTEX
8
CUT
10
273.0622
20
256.1487
0
VERTEX
8
CUT
10
273.0215
20
256.1086
0
VERTEX
8
CUT
10
272.8974
20
255.9742
0
VERTEX
8
CUT
10
272.8785
20
255.9527
0
VERTEX
8
CUT
10
272.8427
20
255.9100
0
VERTEX
8
CUT
10
272.8336
20
255.8990
0
VERTEX
8
CUT
10
272.7757
20
255.8265
0
VERTEX
8
CUT
10
272.7669
20
255.8152
0
VERTEX
8
CUT
10
272.7029
20
255.7311
0
VERTEX
8
CUT
10
272.6944
20
255.7197
0
VERTEX
8
CUT
10
272.6401
20
255.6446
0
VERTEX
8
CUT
10
272.6318
20
255.6330
0
VERTEX
8
CUT
10
272.6003
20
255.5871
0
VERTEX
8
CUT
10
272.5847
20
255.5632
0
VERTEX
8
CUT
10
272.4883
20
255.4080
0
VERTEX
8
CUT
10
272.4606
20
255.3581
0
VERTEX
8
CUT
10
272.3805
20
255.1967
0
VERTEX
8
CUT
10
272.3576
20
255.1444
0
VERTEX
8
CUT
10
272.2933
20
254.9761
0
VERTEX
8
CUT
10
272.2754
20
254.9219
0
VERTEX
8
CUT
10
272.2267
20
254.7458
0
VERTEX
8
CUT
10
272.2197
20
254.7182
0
VERTEX
8
CUT
10
272.2074
20
254.6639
0
VERTEX
8
CUT
10
272.2044
20
254.6499
0
VERTEX
8
CUT
10
272.1861
20
254.5591
0
VERTEX
8
CUT
10
272.1835
20
254.5451
0
VERTEX
8
CUT
10
272.0838
20
253.9819
0
VERTEX
8
CUT
10
272.0814
20
253.9673
0
VERTEX
8
CUT
10
272.0670
20
253.8726
0
VERTEX
8
CUT
10
272.0650
20
253.8580
0
VERTEX
8
CUT
10
272.0577
20
253.8010
0
VERTEX
8
CUT
10
272.0548
20
253.7716
0
VERTEX
8
CUT
10
272.0402
20
253.5833
0
VERTEX
8
CUT
10
272.0386
20
253.5244
0
VERTEX
8
CUT
10
272.0426
20
253.3356
0
VERTEX
8
CUT
10
272.0440
20
253.3062
0
VERTEX
8
CUT
10
272.0480
20
253.2488
0
VERTEX
8
CUT
10
272.0492
20
253.2341
0
VERTEX
8
CUT
10
272.0583
20
253.1387
0
VERTEX
8
CUT
10
272.0599
20
253.1241
0
VERTEX
8
CUT
10
272.0663
20
253.0705
0
VERTEX
8
CUT
10
272.0682
20
253.0565
0
VERTEX
8
CUT
10
272.0812
20
252.9661
0
VERTEX
8
CUT
10
272.0834
20
252.9522
0
VERTEX
8
CUT
10
272.0925
20
252.8980
0
VERTEX
8
CUT
10
272.0978
20
252.8704
0
VERTEX
8
CUT
10
272.1359
20
252.6943
0
VERTEX
8
CUT
10
272.1504
20
252.6399
0
VERTEX
8
CUT
10
272.2041
20
252.4704
0
VERTEX
8
CUT
10
272.2236
20
252.4177
0
SEQEND
0
POLYLINE
8
CUT
66
1
70
1
10
0.0
20
0.0
30
0.0
0
VERTEX
8
CUT
10
262.6954
20
91.0215
0
VERTEX
8
CUT
10
262.7009
20
91.0042
0
VERTEX
8
CUT
10
262.9136
20
90.3678
0
VERTEX
8
CUT
10
262.9195
20
90.3509
0
VERTEX
8
CUT
10
262.9599
20
90.2411
0
VERTEX
8
CUT
10
262.9664
20
90.2243
0
VERTEX
8
CUT
10
262.9926
20
90.1592
0
VERTEX
8
CUT
10
263.0070
20
90.1262
0
VERTEX
8
CUT
10
263.1071
20
89.9150
0
VERTEX
8
CUT
10
263.1235
20
89.8829
0
VERTEX
8
CUT
10
263.1573
20
89.8214
0
VERTEX
8
CUT
10
263.1662
20
89.8058
0
VERTEX
8
CUT
10
263.2255
20
89.7050
0
VERTEX
8
CUT
10
263.2349
20
89.6896
0
VERTEX
8
CUT
10
263.7713
20
88.8387
0
VERTEX
8
CUT
10
263.7779
20
88.8285
0
VERTEX
8
CUT
10
263.8212
20
88.7628
0
VERTEX
8
CUT
10
263.8279
20
88.7528
0
VERTEX
8
CUT
10
263.8548
20
88.7138
0
VERTEX
8
CUT
10
263.8689
20
88.6942
0
VERTEX
8
CUT
10
263.9632
20
88.5683
0
VERTEX
8
CUT
10
263.9782
20
88.5492
0
VERTEX
8
CUT
10
264.0080
20
88.5125
0
VERTEX
8
CUT
10
264.0158
20
88.5032
0
VERTEX
8
CUT
10
264.0667
20
88.4432
0
VERTEX
8
CUT
10
264.0746
20
88.4341
0
VERTEX
8
CUT
10
264.6860
20
87.7424
0
VERTEX
8
CUT
10
264.6963
20
87.7311
0
VERTEX
8
CUT
10
264.7638
20
87.6585
0
VERTEX
8
CUT
10
264.7744
20
87.6474
0
VERTEX
8
CUT
10
264.8160
20
87.6049
0
VERTEX
8
CUT
10
264.8379
20
87.5836
0
VERTEX
8
CUT
10
264.9836
20
87.4492
0
VERTEX
8
CUT
10
265.0065
20
87.4291
0
VERTEX
8
CUT
10
265.0523
20
87.3910
0
VERTEX
8
CUT
10
265.0641
20
87.3814
0
VERTEX
8
CUT
10
265.1419
20
87.3199
0
VERTEX
8
CUT
10
265.1540
20
87.3106
0
VERTEX
8
CUT
10
265.7806
20
86.8407
0
VERTEX
8
CUT
10
265.7930
20
86.8316
0
VERTEX
8
CUT
10
265.8741
20
86.7740
0
VERTEX
8
CUT
10
265.8867
20
86.7652
0
VERTEX
8
CUT
10
265.9363
20
86.7319
0
VERTEX
8
CUT
10
265.9622
20
86.7154
0
VERTEX
8
CUT
10
266.1327
20
86.6129
0
VERTEX
8
CUT
10
266.1593
20
86.5978
0
VERTEX
8
CUT
10
266.2121
20
86.5696
0
VERTEX
8
CUT
10
266.2257
20
86.5626
0
VERTEX
8
CUT
10
266.3147
20
86.5179
0
VERTEX
8
CUT
10
266.3284
20
86.5113
0
VERTEX
8
CUT
10
267.0627
20
86.1663
0
VERTEX
8
CUT
10
267.0744
20
86.1609
0
VERTEX
8
CUT
10
267.1507
20
86.1270
0
VERTEX
8
CUT
10
267.1625
20
86.1219
0
VERTEX
8
CUT
10
267.2089
20
86.1025
0
VERTEX
8
CUT
10
267.2328
20
86.0931
0
VERTEX
8
CUT
10
267.3895
20
86.0353
0
VERTEX
8
CUT
10
267.4139
20
86.0269
0
VERTEX
8
CUT
10
267.4617
20
86.0115
0
VERTEX
8
CUT
10
267.4740
20
86.0077
0
VERTEX
8
CUT
10
267.5541
20
85.9839
0
VERTEX
8
CUT
10
267.5664
20
85.9804
0
VERTEX
8
CUT
10
268.3077
20
85.7770
0
VERTEX
8
CUT
10
268.3232
20
85.7729
0
VERTEX
8
CUT
10
268.4240
20
85.7481
0
VERTEX
8
CUT
10
268.4396
20
85.7445
0
VERTEX
8
CUT
10
268.5006
20
85.7312
0
VERTEX
8
CUT
10
268.5320
20
85.7253
0
VERTEX
8
CUT
10
268.7369
20
85.6919
0
VERTEX
8
CUT
10
268.7686
20
85.6876
0
VERTEX
8
CUT
10
268.8306
20
85.6809
0
VERTEX
8
CUT
10
268.8465
20
85.6794
0
VERTEX
8
CUT
10
268.9500
20
85.6710
0
VERTEX
8
CUT
10
268.9660
20
85.6699
0
VERTEX
8
CUT
10
269.7429
20
85.6273
0
VERTEX
8
CUT
10
269.7578
20
85.6267
0
VERTEX
8
CUT
10
269.8547
20
85.6238
0
VERTEX
8
CUT
10
269.8696
20
85.6236
0
VERTEX
8
CUT
10
269.9279
20
85.6233
0
VERTEX
8
CUT
10
269.9577
20
85.6239
0
VERTEX
8
CUT
10
270.1512
20
85.6325
0
VERTEX
8
CUT
10
270.1810
20
85.6346
0
VERTEX
8
CUT
10
270.2390
20
85.6401
0
VERTEX
8
CUT
10
270.2538
20
85.6417
0
VERTEX
8
CUT
10
270.3500
20
85.6532
0
VERTEX
8
CUT
10
270.3648
20
85.6552
0
VERTEX
8
CUT
10
271.2069
20
85.7775
0
VERTEX
8
CUT
10
271.2200
20
85.7795
0
VERTEX
8
CUT
10
271.3047
20
85.7937
0
VERTEX
8
CUT
10
271.3177
20
85.7961
0
VERTEX
8
CUT
10
271.3684
20
85.8057
0
VERTEX
8
CUT
10
271.3943
20
85.8112
0
VERTEX
8
CUT
10
271.5614
20
85.8508
0
VERTEX
8
CUT
10
271.5870
20
85.8574
0
VERTEX
8
CUT
10
271.6367
20
85.8715
0
VERTEX
8
CUT
10
271.6493
20
85.8753
0
VERTEX
8
CUT
10
271.7314
20
85.9005
0
VERTEX
8
CUT
10
271.7440
20
85.9045
0
VERTEX
8
CUT
10
272.6026
20
86.1895
0
VERTEX
8
CUT
10
272.6181
20
86.1949
0
VERTEX
8
CUT
10
272.7187
20
86.2313
0
VERTEX
8
CUT
10
272.7340
20
86.2371
0
VERTEX
8
CUT
10
272.7938
20
86.2607
0
VERTEX
8
CUT
10
272.8240
20
86.2736
0
VERTEX
8
CUT
10
273.0183
20
86.3627
0
VERTEX
8
CUT
10
273.0478
20
86.3772
0
VERTEX
8
CUT
10
273.1046
20
86.4071
0
VERTEX
8
CUT
10
273.1190
20
86.4150
0
VERTEX
8
CUT
10
273.2122
20
86.4674
0
VERTEX
8
CUT
10
273.2264
20
86.4757
0
VERTEX
8
CUT
10
274.2842
20
87.1095
0
VERTEX
8
CUT
10
274.2952
20
87.1162
0
VERTEX
8
CUT
10
274.3664
20
87.1610
0
VERTEX
8
CUT
10
274.3773
20
87.1680
0
VERTEX
8
CUT
10
274.4195
20
87.1958
0
VERTEX
8
CUT
10
274.4408
20
87.2105
0
VERTEX
8
CUT
10
274.5752
20
87.3077
0
VERTEX
8
CUT
10
274.6157
20
87.3398
0
VERTEX
8
CUT
10
274.7412
20
87.4482
0
VERTEX
8
CUT
10
274.7605
20
87.4655
0
VERTEX
8
CUT
10
274.7973
20
87.5001
0
VERTEX
8
CUT
10
274.8066
20
87.5091
0
VERTEX
8
CUT
10
274.8665
20
87.5680
0
VERTEX
8
CUT
10
274.8757
20
87.5772
0
VERTEX
8
CUT
10
275.5577
20
88.2774
0
VERTEX
8
CUT
10
275.5668
20
88.2869
0
VERTEX
8
CUT
10
275.6250
20
88.3493
0
VERTEX
8
CUT
10
275.6338
20
88.3590
0
VERTEX
8
CUT
10
275.6680
20
88.3973
0
VERTEX
8
CUT
10
275.6850
20
88.4173
0
VERTEX
8
CUT
10
275.7914
20
88.5476
0
VERTEX
8
CUT
10
275.8228
20
88.5897
0
VERTEX
8
CUT
10
275.9175
20
88.7289
0
VERTEX
8
CUT
10
275.9318
20
88.7509
0
VERTEX
8
CUT
10
275.9587
20
88.7945
0
VERTEX
8
CUT
10
275.9655
20
88.8058
0
VERTEX
8
CUT
10
276.0087
20
88.8793
0
VERTEX
8
CUT
10
276.0153
20
88.8907
0
VERTEX
8
CUT
10
276.4934
20
89.7461
0
VERTEX
8
CUT
10
276.5018
20
89.7617
0
VERTEX
8
CUT
10
276.5549
20
89.8635
0
VERTEX
8
CUT
10
276.5628
20
89.8793
0
VERTEX
8
CUT
10
276.5928
20
89.9413
0
VERTEX
8
CUT
10
276.6073
20
89.9736
0
VERTEX
8
CUT
10
276.6950
20
90.1857
0
VERTEX
8
CUT
10
276.7075
20
90.2188
0
VERTEX
8
CUT
10
276.7300
20
90.2839
0
VERTEX
8
CUT
10
276.7355
20
90.3007
0
VERTEX
8
CUT
10
276.7699
20
90.4103
0
VERTEX
8
CUT
10
276.7749
20
90.4272
0
VERTEX
8
CUT
10
277.0373
20
91.3604
0
VERTEX
8
CUT
10
277.0419
20
91.3781
0
VERTEX
8
CUT
10
277.0705
20
91.4930
0
VERTEX
8
CUT
10
277.0746
20
91.5108
0
VERTEX
8
CUT
10
277.0897
20
91.5803
0
VERTEX
8
CUT
10
277.0963
20
91.6161
0
VERTEX
8
CUT
10
277.1323
20
91.8502
0
VERTEX
8
CUT
10
277.1367
20
91.8863
0
VERTEX
8
CUT
10
277.1432
20
91.9571
0
VERTEX
8
CUT
10
277.1446
20
91.9753
0
VERTEX
8
CUT
10
277.1519
20
92.0936
0
VERTEX
8
CUT
10
277.1527
20
92.1118
0
VERTEX
8
CUT
10
277.1824
20
93.0716
0
VERTEX
8
CUT
10
277.1827
20
93.0842
0
VERTEX
8
CUT
10
277.1835
20
93.1665
0
VERTEX
8
CUT
10
277.1835
20
93.1792
0
VERTEX
8
CUT
10
277.1829
20
93.2287
0
VERTEX
8
CUT
10
277.1821
20
93.2540
0
VERTEX
8
CUT
10
277.1734
20
93.4161
0
VERTEX
8
CUT
10
277.1686
20
93.4665
0
VERTEX
8
CUT
10
277.1463
20
93.6272
0
VERTEX
8
CUT
10
277.1423
20
93.6522
0
VERTEX
8
CUT
10
277.1334
20
93.7009
0
VERTEX
8
CUT
10
277.1310
20
93.7134
0
VERTEX
8
CUT
10
277.1146
20
93.7940
0
VERTEX
8
CUT
10
277.1119
20
93.8064
0
VERTEX
8
CUT
10
276.8717
20
94.8693
0
VERTEX
8
CUT
10
276.8674
20
94.8869
0
VERTEX
8
CUT
10
276.8381
20
95.0007
0
VERTEX
8
CUT
10
276.8333
20
95.0181
0
VERTEX
8
CUT
10
276.8137
20
95.0858
0
VERTEX
8
CUT
10
276.8025
20
95.1202
0
VERTEX
8
CUT
10
276.7236
20
95.3414
0
VERTEX
8
CUT
10
276.7104
20
95.3750
0
VERTEX
8
CUT
10
276.6828
20
95.4399
0
VERTEX
8
CUT
10
276.6754
20
95.4564
0
VERTEX
8
CUT
10
276.6261
20
95.5631
0
VERTEX
8
CUT
10
276.6183
20
95.5793
0
VERTEX
8
CUT
10
276.1348
20
96.5469
0
VERTEX
8
CUT
10
276.1292
20
96.5579
0
VERTEX
8
CUT
10
276.0919
20
96.6287
0
VERTEX
8
CUT
10
276.0861
20
96.6396
0
VERTEX
8
CUT
10
276.0628
20
96.6817
0
VERTEX
8
CUT
10
276.0505
20
96.7030
0
VERTEX
8
CUT
10
275.9686
20
96.8380
0
VERTEX
8
CUT
10
275.9413
20
96.8790
0
VERTEX
8
CUT
10
275.8486
20
97.0068
0
VERTEX
8
CUT
10
275.8337
20
97.0264
0
VERTEX
8
CUT
10
275.8039
20
97.0642
0
VERTEX
8
CUT
10
275.7962
20
97.0738
0
VERTEX
8
CUT
10
275.7453
20
97.1356
0
VERTEX
8
CUT
10
275.7373
20
97.1450
0
VERTEX
8
CUT
10
274.9969
20
98.0069
0
VERTEX
8
CUT
10
274.9851
20
98.0204
0
VERTEX
8
CUT
10
274.9066
20
98.1063
0
VERTEX
8
CUT
10
274.8944
20
98.1194
0
VERTEX
8
CUT
10
274.8458
20
98.1696
0
VERTEX
8
CUT
10
274.8201
20
98.1945
0
VERTEX
8
CUT
10
274.6486
20
98.3517
0
VERTEX
8
CUT
10
274.6215
20
98.3751
0
VERTEX
8
CUT
10
274.5673
20
98.4191
0
VERTEX
8
CUT
10
274.5532
20
98.4302
0
VERTEX
8
CUT
10
274.4607
20
98.5008
0
VERTEX
8
CUT
10
274.4463
20
98.5115
0
VERTEX
8
CUT
10
273.5563
20
99.1499
0
VERTEX
8
CUT
10
273.5462
20
99.1570
0
VERTEX
8
CUT
10
273.4799
20
99.2025
0
VERTEX
8
CUT
10
273.4696
20
99.2094
0
VERTEX
8
CUT
10
273.4291
20
99.2360
0
VERTEX
8
CUT
10
273.4082
20
99.2492
0
VERTEX
8
CUT
10
273.2720
20
99.3307
0
VERTEX
8
CUT
10
273.2285
20
99.3544
0
VERTEX
8
CUT
10
273.0860
20
99.4245
0
VERTEX
8
CUT
10
273.0636
20
99.4350
0
VERTEX
8
CUT
10
273.0193
20
99.4545
0
VERTEX
8
CUT
10
273.0080
20
99.4594
0
VERTEX
8
CUT
10
272.9337
20
99.4904
0
VERTEX
8
CUT
10
272.9222
20
99.4950
0
VERTEX
8
CUT
10
272.0092
20
99.8540
0
VERTEX
8
CUT
10
271.9940
20
99.8598
0
VERTEX
8
CUT
10
271.8943
20
99.8959
0
VERTEX
8
CUT
10
271.8789
20
99.9012
0
VERTEX
8
CUT
10
271.8185
20
99.9213
0
VERTEX
8
CUT
10
271.7873
20
99.9307
0
VERTEX
8
CUT
10
271.5829
20
99.9864
0
VERTEX
8
CUT
10
271.5512
20
99.9941
0
VERTEX
8
CUT
10
271.4890
20
100.0074
0
VERTEX
8
CUT
10
271.4730
20
100.0106
0
VERTEX
8
CUT
10
271.3688
20
100.0301
0
VERTEX
8
CUT
10
271.3527
20
100.0328
0
VERTEX
8
CUT
10
270.4262
20
100.1797
0
VERTEX
8
CUT
10
270.4086
20
100.1822
0
VERTEX
8
CUT
10
270.2938
20
100.1969
0
VERTEX
8
CUT
10
270.2761
20
100.1989
0
VERTEX
8
CUT
10
270.2069
20
100.2057
0
VERTEX
8
CUT
10
270.1714
20
100.2081
0
VERTEX
8
CUT
10
269.9403
20
100.2170
0
VERTEX
8
CUT
10
269.9047
20
100.2173
0
VERTEX
8
CUT
10
269.8352
20
100.2159
0
VERTEX
8
CUT
10
269.8174
20
100.2152
0
VERTEX
8
CUT
10
269.7018
20
100.2094
0
VERTEX
8
CUT
10
269.6841
20
100.2082
0
VERTEX
8
CUT
10
268.8069
20
100.1376
0
VERTEX
8
CUT
10
268.7900
20
100.1360
0
VERTEX
8
CUT
10
268.6803
20
100.1240
0
VERTEX
8
CUT
10
268.6634
20
100.1220
0
VERTEX
8
CUT
10
268.5978
20
100.1129
0
VERTEX
8
CUT
10
268.5643
20
100.1073
0
VERTEX
8
CUT
10
268.3480
20
100.0649
0
VERTEX
8
CUT
10
268.3149
20
100.0575
0
VERTEX
8
CUT
10
268.2507
20
100.0411
0
VERTEX
8
CUT
10
268.2343
20
100.0366
0
VERTEX
8
CUT
10
268.1283
20
100.0063
0
VERTEX
8
CUT
10
268.1120
20
100.0014
0
VERTEX
8
CUT
10
267.2354
20
99.7239
0
VERTEX
8
CUT
10
267.2193
20
99.7185
0
VERTEX
8
CUT
10
267.1153
20
99.6823
0
VERTEX
8
CUT
10
267.0993
20
99.6765
0
VERTEX
8
CUT
10
267.0375
20
99.6530
0
VERTEX
8
CUT
10
267.0062
20
99.6401
0
VERTEX
8
CUT
10
266.8051
20
99.5504
0
VERTEX
8
CUT
10
266.7746
20
99.5357
0
VERTEX
8
CUT
10
266.7158
20
99.5054
0
VERTEX
8
CUT
10
266.7009
20
99.4974
0
VERTEX
8
CUT
10
266.6044
20
99.4441
0
VERTEX
8
CUT
10
266.5897
20
99.4357
0
VERTEX
8
CUT
10
265.7712
20
98.9532
0
VERTEX
8
CUT
10
265.7558
20
98.9438
0
VERTEX
8
CUT
10
265.6566
20
98.8812
0
VERTEX
8
CUT
10
265.6415
20
98.8714
0
VERTEX
8
CUT
10
265.5831
20
98.8320
0
VERTEX
8
CUT
10
265.5538
20
98.8110
0
VERTEX
8
CUT
10
265.3677
20
98.6686
0
VERTEX
8
CUT
10
265.3397
20
98.6458
0
VERTEX
8
CUT
10
265.2865
20
98.5998
0
VERTEX
8
CUT
10
265.2730
20
98.5878
0
VERTEX
8
CUT
10
265.1866
20
98.5084
0
VERTEX
8
CUT
10
265.1735
20
98.4960
0
VERTEX
8
CUT
10
264.4953
20
97.8339
0
VERTEX
8
CUT
10
264.4862
20
97.8249
0
VERTEX
8
CUT
10
264.4278
20
97.7653
0
VERTEX
8
CUT
10
264.4189
20
97.7560
0
VERTEX
8
CUT
10
264.3845
20
97.7195
0
VERTEX
8
CUT
10
264.3674
20
97.7004
0
VERTEX
8
CUT
10
264.2598
20
97.5758
0
VERTEX
8
CUT
10
264.2280
20
97.5355
0
VERTEX
8
CUT
10
264.1315
20
97.4022
0
VERTEX
8
CUT
10
264.1169
20
97.3811
0
VERTEX
8
CUT
10
264.0893
20
97.3392
0
VERTEX
8
CUT
10
264.0823
20
97.3284
0
VERTEX
8
CUT
10
264.0379
20
97.2578
0
VERTEX
8
CUT
10
264.0311
20
97.2469
0
VERTEX
8
CUT
10
263.1470
20
95.7741
0
VERTEX
8
CUT
10
263.1400
20
95.7622
0
VERTEX
8
CUT
10
263.0956
20
95.6843
0
VERTEX
8
CUT
10
263.0889
20
95.6722
0
VERTEX
8
CUT
10
263.0633
20
95.6247
0
VERTEX
8
CUT
10
263.0508
20
95.6001
0
VERTEX
8
CUT
10
262.9740
20
95.4407
0
VERTEX
8
CUT
10
262.9524
20
95.3899
0
VERTEX
8
CUT
10
262.8915
20
95.2263
0
VERTEX
8
CUT
10
262.8746
20
95.1737
0
VERTEX
8
CUT
10
262.8283
20
95.0029
0
VERTEX
8
CUT
10
262.8217
20
94.9761
0
VERTEX
8
CUT
10
262.8100
20
94.9235
0
VERTEX
8
CUT
10
262.8072
20
94.9100
0
VERTEX
8
CUT
10
262.7898
20
94.8220
0
VERTEX
8
CUT
10
262.7872
20
94.8084
0
VERTEX
8
CUT
10
262.5194
20
93.2714
0
VERTEX
8
CUT
10
262.5174
20
93.2589
0
VERTEX
8
CUT
10
262.5050
20
93.1775
0
VERTEX
8
CUT
10
262.5032
20
93.1649
0
VERTEX
8
CUT
10
262.4968
20
93.1158
0
VERTEX
8
CUT
10
262.4940
20
93.0906
0
VERTEX
8
CUT
10
262.4797
20
92.9288
0
VERTEX
8
CUT
10
262.4774
20
92.8782
0
VERTEX
8
CUT
10
262.4768
20
92.7158
0
VERTEX
8
CUT
10
262.4773
20
92.6904
0
VERTEX
8
CUT
10
262.4792
20
92.6409
0
VERTEX
8
CUT
10
262.4798
20
92.6283
0
VERTEX
8
CUT
10
262.4847
20
92.5461
0
VERTEX
8
CUT
10
262.4856
20
92.5334
0
VERTEX
8
CUT
10
262.5496
20
91.7442
0
VERTEX
8
CUT
10
262.5513
20
91.7262
0
VERTEX
8
CUT
10
262.5644
20
91.6092
0
VERTEX
8
CUT
10
262.5667
20
91.5912
0
VERTEX
8
CUT
10
262.5766
20
91.5213
0
VERTEX
8
CUT
10
262.5828
20
91.4856
0
VERTEX
8
CUT
10
262.6299
20
91.2551
0
VERTEX
8
CUT
10
262.6383
20
91.2199
0
VERTEX
8
CUT
10
262.6566
20
91.1516
0
VERTEX
8
CUT
10
262.6615
20
91.1342
0
SEQEND
0
POLYLINE
8
CUT
66
1
70
1
10
0.0
20
0.0
30
0.0
0
VERTEX
8
CUT
10
269.9664
20
25.5589
0
VERTEX
8
CUT
10
269.9935
20
25.5087
0
VERTEX
8
CUT
10
270.0865
20
25.3540
0
VERTEX
8
CUT
10
270.1182
20
25.3066
0
VERTEX
8
CUT
10
270.2255
20
25.1615
0
VERTEX
8
CUT
10
270.2616
20
25.1172
0
VERTEX
8
CUT
10
270.3822
20
24.9830
0
VERTEX
8
CUT
10
270.4223
20
24.9424
0
VERTEX
8
CUT
10
270.5552
20
24.8202
0
VERTEX
8
CUT
10
270.5990
20
24.7836
0
VERTEX
8
CUT
10
270.7428
20
24.6746
0
VERTEX
8
CUT
10
270.7899
20
24.6423
0
VERTEX
8
CUT
10
270.9455
20
24.5461
0
VERTEX
8
CUT
10
270.9702
20
24.5317
0
VERTEX
8
CUT
10
271.0189
20
24.5047
0
VERTEX
8
CUT
10
271.0315
20
24.4979
0
VERTEX
8
CUT
10
271.1137
20
24.4549
0
VERTEX
8
CUT
10
271.1264
20
24.4484
0
VERTEX
8
CUT
10
271.2144
20
24.4050
0
VERTEX
8
CUT
10
271.2269
20
24.3990
0
VERTEX
8
CUT
10
271.3085
20
24.3611
0
VERTEX
8
CUT
10
271.3211
20
24.3554
0
VERTEX
8
CUT
10
271.3707
20
24.3337
0
VERTEX
8
CUT
10
271.3963
20
24.3232
0
VERTEX
8
CUT
10
271.5621
20
24.2597
0
VERTEX
8
CUT
10
271.6147
20
24.2423
0
VERTEX
8
CUT
10
271.7833
20
24.1950
0
VERTEX
8
CUT
10
271.8372
20
24.1825
0
VERTEX
8
CUT
10
272.0118
20
24.1505
0
VERTEX
8
CUT
10
272.0392
20
24.1461
0
VERTEX
8
CUT
10
272.0928
20
24.1389
0
VERTEX
8
CUT
10
272.1065
20
24.1372
0
VERTEX
8
CUT
10
272.1960
20
24.1271
0
VERTEX
8
CUT
10
272.2098
20
24.1257
0
VERTEX
8
CUT
10
272.5288
20
24.0973
0
VERTEX
8
CUT
10
272.5418
20
24.0962
0
VERTEX
8
CUT
10
272.6265
20
24.0905
0
VERTEX
8
CUT
10
272.6396
20
24.0898
0
VERTEX
8
CUT
10
272.6906
20
24.0875
0
VERTEX
8
CUT
10
272.7167
20
24.0869
0
VERTEX
8
CUT
10
272.8842
20
24.0866
0
VERTEX
8
CUT
10
272.9364
20
24.0887
0
VERTEX
8
CUT
10
273.1010
20
24.1028
0
VERTEX
8
CUT
10
273.1528
20
24.1095
0
VERTEX
8
CUT
10
273.3178
20
24.1383
0
VERTEX
8
CUT
10
273.3435
20
24.1433
0
VERTEX
8
CUT
10
273.3933
20
24.1542
0
VERTEX
8
CUT
10
273.4061
20
24.1572
0
VERTEX
8
CUT
10
273.4886
20
24.1772
0
VERTEX
8
CUT
10
273.5012
20
24.1804
0
VERTEX
8
CUT
10
273.7107
20
24.2360
0
VERTEX
8
CUT
10
273.7248
20
24.2399
0
VERTEX
8
CUT
10
273.8164
20
24.2666
0
VERTEX
8
CUT
10
273.8304
20
24.2709
0
VERTEX
8
CUT
10
273.8850
20
24.2883
0
VERTEX
8
CUT
10
273.9127
20
24.2979
0
VERTEX
8
CUT
10
274.0889
20
24.3636
0
VERTEX
8
CUT
10
274.1427
20
24.3868
0
VERTEX
8
CUT
10
274.3093
20
24.4683
0
VERTEX
8
CUT
10
274.3607
20
24.4967
0
VERTEX
8
CUT
10
274.5207
20
24.5954
0
VERTEX
8
CUT
10
274.5453
20
24.6114
0
VERTEX
8
CUT
10
274.5604
20
24.6218
0
VERTEX
8
CUT
10
274.5853
20
24.6399
0
VERTEX
8
CUT
10
274.7446
20
24.7618
0
VERTEX
8
CUT
10
274.7686
20
24.7811
0
VERTEX
8
CUT
10
274.7898
20
24.7992
0
VERTEX
8
CUT
10
274.8139
20
24.8209
0
VERTEX
8
CUT
10
274.9646
20
24.9637
0
VERTEX
8
CUT
10
275.0091
20
25.0107
0
VERTEX
8
CUT
10
275.1416
20
25.1667
0
VERTEX
8
CUT
10
275.1808
20
25.2183
0
VERTEX
8
CUT
10
275.2973
20
25.3900
0
VERTEX
8
CUT
10
275.3148
20
25.4173
0
VERTEX
8
CUT
10
275.3292
20
25.4413
0
VERTEX
8
CUT
10
275.3452
20
25.4696
0
VERTEX
8
CUT
10
275.4441
20
25.6559
0
VERTEX
8
CUT
10
275.4586
20
25.6850
0
VERTEX
8
CUT
10
275.4706
20
25.7109
0
VERTEX
8
CUT
10
275.4835
20
25.7408
0
VERTEX
8
CUT
10
275.5608
20
25.9347
0
VERTEX
8
CUT
10
275.5816
20
25.9964
0
VERTEX
8
CUT
10
275.6374
20
26.1975
0
VERTEX
8
CUT
10
275.6453
20
26.2292
0
VERTEX
8
CUT
10
275.6589
20
26.2912
0
VERTEX
8
CUT
10
275.6622
20
26.3072
0
VERTEX
8
CUT
10
275.6822
20
26.4112
0
VERTEX
8
CUT
10
275.6850
20
26.4272
0
VERTEX
8
CUT
10
275.6874
20
26.4419
0
VERTEX
8
CUT
10
275.6897
20
26.4574
0
VERTEX
8
CUT
10
275.7035
20
26.5580
0
VERTEX
8
CUT
10
275.7055
20
26.5735
0
VERTEX
8
CUT
10
275.7122
20
26.6342
0
VERTEX
8
CUT
10
275.7148
20
26.6653
0
VERTEX
8
CUT
10
275.7264
20
26.8653
0
VERTEX
8
CUT
10
275.7268
20
26.9278
0
VERTEX
8
CUT
10
275.7175
20
27.1279
0
VERTEX
8
CUT
10
275.7153
20
27.1591
0
VERTEX
8
CUT
10
275.7093
20
27.2198
0
VERTEX
8
CUT
10
275.7076
20
27.2353
0
VERTEX
8
CUT
10
275.6950
20
27.3361
0
VERTEX
8
CUT
10
275.6928
20
27.3516
0
VERTEX
8
CUT
10
275.6796
20
27.4385
0
VERTEX
8
CUT
10
275.6775
20
27.4514
0
VERTEX
8
CUT
10
275.6630
20
27.5350
0
VERTEX
8
CUT
10
275.6606
20
27.5479
0
VERTEX
8
CUT
10
275.6508
20
27.5979
0
VERTEX
8
CUT
10
275.6452
20
27.6234
0
VERTEX
8
CUT
10
275.6058
20
27.7861
0
VERTEX
8
CUT
10
275.5914
20
27.8362
0
VERTEX
8
CUT
10
275.5380
20
27.9949
0
VERTEX
8
CUT
10
275.5291
20
28.0194
0
VERTEX
8
CUT
10
275.5108
20
28.0670
0
VERTEX
8
CUT
10
275.5060
20
28.0792
0
VERTEX
8
CUT
10
275.4737
20
28.1577
0
VERTEX
8
CUT
10
275.4686
20
28.1697
0
VERTEX
8
CUT
10
275.4024
20
28.3215
0
VERTEX
8
CUT
10
275.3967
20
28.3340
0
VERTEX
8
CUT
10
275.3592
20
28.4149
0
VERTEX
8
CUT
10
275.3533
20
28.4273
0
VERTEX
8
CUT
10
275.3296
20
28.4754
0
VERTEX
8
CUT
10
275.3169
20
28.4998
0
VERTEX
8
CUT
10
275.2321
20
28.6539
0
VERTEX
8
CUT
10
275.2035
20
28.7007
0
VERTEX
8
CUT
10
275.1050
20
28.8464
0
VERTEX
8
CUT
10
275.0891
20
28.8688
0
VERTEX
8
CUT
10
275.0570
20
28.9118
0
VERTEX
8
CUT
10
275.0487
20
28.9227
0
VERTEX
8
CUT
10
274.9938
20
28.9930
0
VERTEX
8
CUT
10
274.9852
20
29.0037
0
VERTEX
8
CUT
10
274.9018
20
29.1057
0
VERTEX
8
CUT
10
274.8908
20
29.1188
0
VERTEX
8
CUT
10
274.8181
20
29.2026
0
VERTEX
8
CUT
10
274.8067
20
29.2153
0
VERTEX
8
CUT
10
274.7617
20
29.2643
0
VERTEX
8
CUT
10
274.7379
20
29.2888
0
VERTEX
8
CUT
10
274.5810
20
29.4412
0
VERTEX
8
CUT
10
274.5295
20
29.4859
0
VERTEX
8
CUT
10
274.3563
20
29.6195
0
VERTEX
8
CUT
10
274.3287
20
29.6396
0
VERTEX
8
CUT
10
274.2738
20
29.6772
0
VERTEX
8
CUT
10
274.2596
20
29.6866
0
VERTEX
8
CUT
10
274.1663
20
29.7466
0
VERTEX
8
CUT
10
274.1518
20
29.7557
0
VERTEX
8
CUT
10
274.1434
20
29.7607
0
VERTEX
8
CUT
10
274.1318
20
29.7676
0
VERTEX
8
CUT
10
274.0559
20
29.8111
0
VERTEX
8
CUT
10
274.0442
20
29.8177
0
VERTEX
8
CUT
10
273.9980
20
29.8428
0
VERTEX
8
CUT
10
273.9741
20
29.8552
0
VERTEX
8
CUT
10
273.8189
20
29.9308
0
VERTEX
8
CUT
10
273.7695
20
29.9522
0
VERTEX
8
CUT
10
273.6104
20
30.0128
0
VERTEX
8
CUT
10
273.5593
20
30.0296
0
VERTEX
8
CUT
10
273.3932
20
30.0764
0
VERTEX
8
CUT
10
273.3671
20
30.0831
0
VERTEX
8
CUT
10
273.3159
20
30.0950
0
VERTEX
8
CUT
10
273.3028
20
30.0979
0
VERTEX
8
CUT
10
273.2171
20
30.1159
0
VERTEX
8
CUT
10
273.2039
20
30.1185
0
VERTEX
8
CUT
10
273.0852
20
30.1406
0
VERTEX
8
CUT
10
273.0722
20
30.1429
0
VERTEX
8
CUT
10
272.9877
20
30.1568
0
VERTEX
8
CUT
10
272.9747
20
30.1587
0
VERTEX
8
CUT
10
272.9237
20
30.1660
0
VERTEX
8
CUT
10
272.8975
20
30.1691
0
VERTEX
8
CUT
10
272.7294
20
30.1853
0
VERTEX
8
CUT
10
272.6768
20
30.1881
0
VERTEX
8
CUT
10
272.5102
20
30.1896
0
VERTEX
8
CUT
10
272.4575
20
30.1877
0
VERTEX
8
CUT
10
272.2919
20
30.1746
0
VERTEX
8
CUT
10
272.2394
20
30.1680
0
VERTEX
8
CUT
10
272.0729
20
30.1399
0
VERTEX
8
CUT
10
272.0205
20
30.1286
0
VERTEX
8
CUT
10
271.8540
20
30.0849
0
VERTEX
8
CUT
10
271.8025
20
30.0689
0
VERTEX
8
CUT
10
271.6424
20
30.0110
0
VERTEX
8
CUT
10
271.5926
20
29.9905
0
VERTEX
8
CUT
10
271.4381
20
29.9184
0
VERTEX
8
CUT
10
271.3904
20
29.8934
0
VERTEX
8
CUT
10
271.2410
20
29.8066
0
VERTEX
8
CUT
10
271.2180
20
29.7926
0
VERTEX
8
CUT
10
271.1737
20
29.7641
0
VERTEX
8
CUT
10
271.1624
20
29.7567
0
VERTEX
8
CUT
10
271.0899
20
29.7077
0
VERTEX
8
CUT
10
271.0788
20
29.7000
0
VERTEX
8
CUT
10
270.8394
20
29.5304
0
VERTEX
8
CUT
10
270.8256
20
29.5204
0
VERTEX
8
CUT
10
270.7372
20
29.4539
0
VERTEX
8
CUT
10
270.7237
20
29.4435
0
VERTEX
8
CUT
10
270.6718
20
29.4021
0
VERTEX
8
CUT
10
270.6458
20
29.3801
0
VERTEX
8
CUT
10
270.4809
20
29.2326
0
VERTEX
8
CUT
10
270.4562
20
29.2092
0
VERTEX
8
CUT
10
270.4093
20
29.1622
0
VERTEX
8
CUT
10
270.3975
20
29.1500
0
VERTEX
8
CUT
10
270.3215
20
29.0694
0
VERTEX
8
CUT
10
270.3100
20
29.0569
0
VERTEX
8
CUT
10
270.2705
20
29.0125
0
VERTEX
8
CUT
10
270.2605
20
29.0009
0
VERTEX
8
CUT
10
270.1966
20
28.9253
0
VERTEX
8
CUT
10
270.1869
20
28.9136
0
VERTEX
8
CUT
10
270.1496
20
28.8672
0
VERTEX
8
CUT
10
270.1312
20
28.8430
0
VERTEX
8
CUT
10
270.0168
20
28.6847
0
VERTEX
8
CUT
10
269.9836
20
28.6336
0
VERTEX
8
CUT
10
269.8872
20
28.4669
0
VERTEX
8
CUT
10
269.8595
20
28.4127
0
VERTEX
8
CUT
10
269.7805
20
28.2371
0
VERTEX
8
CUT
10
269.7583
20
28.1803
0
VERTEX
8
CUT
10
269.6975
20
27.9976
0
VERTEX
8
CUT
10
269.6813
20
27.9389
0
VERTEX
8
CUT
10
269.6387
20
27.7483
0
VERTEX
8
CUT
10
269.6329
20
27.7184
0
VERTEX
8
CUT
10
269.6295
20
27.6988
0
VERTEX
8
CUT
10
269.6253
20
27.6700
0
VERTEX
8
CUT
10
269.6026
20
27.4818
0
VERTEX
8
CUT
10
269.5998
20
27.4528
0
VERTEX
8
CUT
10
269.5990
20
27.4417
0
VERTEX
8
CUT
10
269.5977
20
27.4138
0
VERTEX
8
CUT
10
269.5932
20
27.2352
0
VERTEX
8
CUT
10
269.5944
20
27.1795
0
VERTEX
8
CUT
10
269.6065
20
27.0012
0
VERTEX
8
CUT
10
269.6091
20
26.9734
0
VERTEX
8
CUT
10
269.6153
20
26.9193
0
VERTEX
8
CUT
10
269.6170
20
26.9055
0
VERTEX
8
CUT
10
269.6295
20
26.8158
0
VERTEX
8
CUT
10
269.6315
20
26.8020
0
VERTEX
8
CUT
10
269.7005
20
26.3769
0
VERTEX
8
CUT
10
269.7030
20
26.3628
0
VERTEX
8
CUT
10
269.7200
20
26.2716
0
VERTEX
8
CUT
10
269.7228
20
26.2576
0
VERTEX
8
CUT
10
269.7343
20
26.2031
0
VERTEX
8
CUT
10
269.7409
20
26.1753
0
VERTEX
8
CUT
10
269.7872
20
25.9983
0
VERTEX
8
CUT
10
269.8043
20
25.9438
0
VERTEX
8
CUT
10
269.8664
20
25.7743
0
VERTEX
8
CUT
10
269.8885
20
25.7217
0
SEQEND
0
POLYLINE
8
CUT
66
1
70
1
10
0.0
20
0.0
30
0.0
0
VERTEX
8
CUT
10
249.9426
20
135.0682
0
VERTEX
8
CUT
10
249.9679
20
135.0195
0
VERTEX
8
CUT
10
250.0561
20
134.8672
0
VERTEX
8
CUT
10
250.0704
20
134.8438
0
VERTEX
8
CUT
10
250.0994
20
134.7987
0
VERTEX
8
CUT
10
250.1070
20
134.7872
0
VERTEX
8
CUT
10
250.1569
20
134.7133
0
VERTEX
8
CUT
10
250.1647
20
134.7020
0
VERTEX
8
CUT
10
250.5204
20
134.2003
0
VERTEX
8
CUT
10
250.5299
20
134.1873
0
VERTEX
8
CUT
10
250.5928
20
134.1035
0
VERTEX
8
CUT
10
250.6026
20
134.0907
0
VERTEX
8
CUT
10
250.6418
20
134.0414
0
VERTEX
8
CUT
10
250.6625
20
134.0166
0
VERTEX
8
CUT
10
250.7994
20
133.8618
0
VERTEX
8
CUT
10
250.8447
20
133.8159
0
VERTEX
8
CUT
10
250.9954
20
133.6786
0
VERTEX
8
CUT
10
251.0453
20
133.6378
0
VERTEX
8
CUT
10
251.2122
20
133.5158
0
VERTEX
8
CUT
10
251.2387
20
133.4974
0
VERTEX
8
CUT
10
251.2914
20
133.4631
0
VERTEX
8
CUT
10
251.3051
20
133.4544
0
VERTEX
8
CUT
10
251.3944
20
133.3996
0
VERTEX
8
CUT
10
251.4083
20
133.3913
0
VERTEX
8
CUT
10
252.1977
20
132.9353
0
VERTEX
8
CUT
10
252.2113
20
132.9277
0
VERTEX
8
CUT
10
252.3001
20
132.8794
0
VERTEX
8
CUT
10
252.3138
20
132.8721
0
VERTEX
8
CUT
10
252.3679
20
132.8445
0
VERTEX
8
CUT
10
252.3959
20
132.8311
0
VERTEX
8
CUT
10
252.5779
20
132.7498
0
VERTEX
8
CUT
10
252.6359
20
132.7274
0
VERTEX
8
CUT
10
252.8252
20
132.6654
0
VERTEX
8
CUT
10
252.8550
20
132.6565
0
VERTEX
8
CUT
10
252.8780
20
132.6503
0
VERTEX
8
CUT
10
252.9062
20
132.6434
0
VERTEX
8
CUT
10
253.0906
20
132.6029
0
VERTEX
8
CUT
10
253.1191
20
132.5973
0
VERTEX
8
CUT
10
253.1293
20
132.5956
0
VERTEX
8
CUT
10
253.1561
20
132.5917
0
VERTEX
8
CUT
10
253.3280
20
132.5705
0
VERTEX
8
CUT
10
253.3818
20
132.5663
0
VERTEX
8
CUT
10
253.5526
20
132.5607
0
VERTEX
8
CUT
10
253.6066
20
132.5614
0
VERTEX
8
CUT
10
253.7772
20
132.5711
0
VERTEX
8
CUT
10
253.8309
20
132.5767
0
VERTEX
8
CUT
10
253.9999
20
132.6018
0
VERTEX
8
CUT
10
254.0529
20
132.6121
0
VERTEX
8
CUT
10
254.2213
20
132.6529
0
VERTEX
8
CUT
10
254.2474
20
132.6598
0
VERTEX
8
CUT
10
254.2981
20
132.6745
0
VERTEX
8
CUT
10
254.3110
20
132.6784
0
VERTEX
8
CUT
10
254.3948
20
132.7048
0
VERTEX
8
CUT
10
254.4076
20
132.7090
0
VERTEX
8
CUT
10
254.8228
20
132.8501
0
VERTEX
8
CUT
10
254.8365
20
132.8550
0
VERTEX
8
CUT
10
254.9253
20
132.8876
0
VERTEX
8
CUT
10
254.9389
20
132.8928
0
VERTEX
8
CUT
10
254.9918
20
132.9137
0
VERTEX
8
CUT
10
255.0186
20
132.9250
0
VERTEX
8
CUT
10
255.1887
20
133.0019
0
VERTEX
8
CUT
10
255.2405
20
133.0284
0
VERTEX
8
CUT
10
255.4023
20
133.1214
0
VERTEX
8
CUT
10
255.4272
20
133.1366
0
VERTEX
8
CUT
10
255.4750
20
133.1673
0
VERTEX
8
CUT
10
255.4872
20
133.1753
0
VERTEX
8
CUT
10
255.5656
20
133.2283
0
VERTEX
8
CUT
10
255.5775
20
133.2366
0
VERTEX
8
CUT
10
256.0582
20
133.5789
0
VERTEX
8
CUT
10
256.0699
20
133.5874
0
VERTEX
8
CUT
10
256.1454
20
133.6440
0
VERTEX
8
CUT
10
256.1569
20
133.6528
0
VERTEX
8
CUT
10
256.2014
20
133.6879
0
VERTEX
8
CUT
10
256.2237
20
133.7063
0
VERTEX
8
CUT
10
256.3640
20
133.8283
0
VERTEX
8
CUT
10
256.4059
20
133.8684
0
VERTEX
8
CUT
10
256.5320
20
134.0015
0
VERTEX
8
CUT
10
256.5698
20
134.0455
0
VERTEX
8
CUT
10
256.6841
20
134.1921
0
VERTEX
8
CUT
10
256.7014
20
134.2154
0
VERTEX
8
CUT
10
256.7340
20
134.2617
0
VERTEX
8
CUT
10
256.7422
20
134.2737
0
VERTEX
8
CUT
10
256.7946
20
134.3520
0
VERTEX
8
CUT
10
256.8025
20
134.3642
0
VERTEX
8
CUT
10
256.9019
20
134.5209
0
VERTEX
8
CUT
10
256.9090
20
134.5325
0
VERTEX
8
CUT
10
256.9549
20
134.6085
0
VERTEX
8
CUT
10
256.9618
20
134.6203
0
VERTEX
8
CUT
10
256.9883
20
134.6666
0
VERTEX
8
CUT
10
257.0013
20
134.6906
0
VERTEX
8
CUT
10
257.0812
20
134.8464
0
VERTEX
8
CUT
10
257.1039
20
134.8961
0
VERTEX
8
CUT
10
257.1685
20
135.0563
0
VERTEX
8
CUT
10
257.1866
20
135.1078
0
VERTEX
8
CUT
10
257.2363
20
135.2732
0
VERTEX
8
CUT
10
257.2496
20
135.3262
0
VERTEX
8
CUT
10
257.2846
20
135.4977
0
VERTEX
8
CUT
10
257.2894
20
135.5246
0
VERTEX
8
CUT
10
257.2977
20
135.5773
0
VERTEX
8
CUT
10
257.2996
20
135.5908
0
VERTEX
8
CUT
10
257.3114
20
135.6788
0
VERTEX
8
CUT
10
257.3130
20
135.6924
0
VERTEX
8
CUT
10
257.3795
20
136.2950
0
VERTEX
8
CUT
10
257.3810
20
136.3104
0
VERTEX
8
CUT
10
257.3895
20
136.4106
0
VERTEX
8
CUT
10
257.3906
20
136.4261
0
VERTEX
8
CUT
10
257.3941
20
136.4864
0
VERTEX
8
CUT
10
257.3951
20
136.5174
0
VERTEX
8
CUT
10
257.3964
20
136.7157
0
VERTEX
8
CUT
10
257.3936
20
136.7775
0
VERTEX
8
CUT
10
257.3748
20
136.9723
0
VERTEX
8
CUT
10
257.3656
20
137.0335
0
VERTEX
8
CUT
10
257.3263
20
137.2279
0
VERTEX
8
CUT
10
257.3193
20
137.2581
0
VERTEX
8
CUT
10
257.3043
20
137.3166
0
VERTEX
8
CUT
10
257.3003
20
137.3316
0
VERTEX
8
CUT
10
257.2727
20
137.4283
0
VERTEX
8
CUT
10
257.2683
20
137.4432
0
VERTEX
8
CUT
10
257.1714
20
137.7532
0
VERTEX
8
CUT
10
257.1662
20
137.7690
0
VERTEX
8
CUT
10
257.1313
20
137.8708
0
VERTEX
8
CUT
10
257.1257
20
137.8864
0
VERTEX
8
CUT
10
257.1031
20
137.9469
0
VERTEX
8
CUT
10
257.0906
20
137.9776
0
VERTEX
8
CUT
10
257.0053
20
138.1719
0
VERTEX
8
CUT
10
256.9754
20
138.2310
0
VERTEX
8
CUT
10
256.8708
20
138.4122
0
VERTEX
8
CUT
10
256.8345
20
138.4677
0
VERTEX
8
CUT
10
256.7088
20
138.6386
0
VERTEX
8
CUT
10
256.6884
20
138.6647
0
VERTEX
8
CUT
10
256.6473
20
138.7146
0
VERTEX
8
CUT
10
256.6366
20
138.7272
0
VERTEX
8
CUT
10
256.5659
20
138.8084
0
VERTEX
8
CUT
10
256.5548
20
138.8207
0
VERTEX
8
CUT
10
256.3075
20
139.0891
0
VERTEX
8
CUT
10
256.2970
20
139.1002
0
VERTEX
8
CUT
10
256.2278
20
139.1714
0
VERTEX
8
CUT
10
256.2170
20
139.1823
0
VERTEX
8
CUT
10
256.1744
20
139.2240
0
VERTEX
8
CUT
10
256.1521
20
139.2448
0
VERTEX
8
CUT
10
256.0054
20
139.3746
0
VERTEX
8
CUT
10
255.9576
20
139.4127
0
VERTEX
8
CUT
10
255.8007
20
139.5253
0
VERTEX
8
CUT
10
255.7493
20
139.5583
0
VERTEX
8
CUT
10
255.5795
20
139.6557
0
VERTEX
8
CUT
10
255.5526
20
139.6702
0
VERTEX
8
CUT
10
255.4994
20
139.6972
0
VERTEX
8
CUT
10
255.4857
20
139.7040
0
VERTEX
8
CUT
10
255.3960
20
139.7466
0
VERTEX
8
CUT
10
255.3821
20
139.7530
0
VERTEX
8
CUT
10
254.9543
20
139.9434
0
VERTEX
8
CUT
10
254.9413
20
139.9490
0
VERTEX
8
CUT
10
254.8562
20
139.9844
0
VERTEX
8
CUT
10
254.8431
20
139.9897
0
VERTEX
8
CUT
10
254.7915
20
140.0098
0
VERTEX
8
CUT
10
254.7648
20
140.0195
0
VERTEX
8
CUT
10
254.5925
20
140.0774
0
VERTEX
8
CUT
10
254.5380
20
140.0929
0
VERTEX
8
CUT
10
254.3634
20
140.1337
0
VERTEX
8
CUT
10
254.3077
20
140.1439
0
VERTEX
8
CUT
10
254.1276
20
140.1684
0
VERTEX
8
CUT
10
254.0994
20
140.1716
0
VERTEX
8
CUT
10
254.0443
20
140.1764
0
VERTEX
8
CUT
10
254.0301
20
140.1775
0
VERTEX
8
CUT
10
253.9382
20
140.1834
0
VERTEX
8
CUT
10
253.9240
20
140.1841
0
VERTEX
8
CUT
10
253.4215
20
140.2045
0
VERTEX
8
CUT
10
253.4056
20
140.2049
0
VERTEX
8
CUT
10
253.3021
20
140.2064
0
VERTEX
8
CUT
10
253.2862
20
140.2064
0
VERTEX
8
CUT
10
253.2240
20
140.2056
0
VERTEX
8
CUT
10
253.1922
20
140.2044
0
VERTEX
8
CUT
10
252.9885
20
140.1910
0
VERTEX
8
CUT
10
252.9252
20
140.1834
0
VERTEX
8
CUT
10
252.7241
20
140.1485
0
VERTEX
8
CUT
10
252.6929
20
140.1422
0
VERTEX
8
CUT
10
252.6323
20
140.1283
0
VERTEX
8
CUT
10
252.6168
20
140.1246
0
VERTEX
8
CUT
10
252.5165
20
140.0988
0
VERTEX
8
CUT
10
252.5012
20
140.0946
0
VERTEX
8
CUT
10
252.4199
20
140.0715
0
VERTEX
8
CUT
10
252.4062
20
140.0674
0
VERTEX
8
CUT
10
252.3177
20
140.0398
0
VERTEX
8
CUT
10
252.3042
20
140.0354
0
VERTEX
8
CUT
10
252.2514
20
140.0176
0
VERTEX
8
CUT
10
252.2246
20
140.0078
0
VERTEX
8
CUT
10
252.0544
20
139.9412
0
VERTEX
8
CUT
10
252.0023
20
139.9179
0
VERTEX
8
CUT
10
251.8414
20
139.8365
0
VERTEX
8
CUT
10
251.7918
20
139.8084
0
VERTEX
8
CUT
10
251.6372
20
139.7107
0
VERTEX
8
CUT
10
251.6135
20
139.6949
0
VERTEX
8
CUT
10
251.5678
20
139.6630
0
VERTEX
8
CUT
10
251.5563
20
139.6547
0
VERTEX
8
CUT
10
251.4816
20
139.5997
0
VERTEX
8
CUT
10
251.4702
20
139.5911
0
VERTEX
8
CUT
10
251.1021
20
139.3063
0
VERTEX
8
CUT
10
251.0908
20
139.2973
0
VERTEX
8
CUT
10
251.0181
20
139.2382
0
VERTEX
8
CUT
10
251.0070
20
139.2290
0
VERTEX
8
CUT
10
250.9642
20
139.1924
0
VERTEX
8
CUT
10
250.9427
20
139.1732
0
VERTEX
8
CUT
10
250.8081
20
139.0466
0
VERTEX
8
CUT
10
250.7680
20
139.0052
0
VERTEX
8
CUT
10
250.6478
20
138.8682
0
VERTEX
8
CUT
10
250.6119
20
138.8230
0
VERTEX
8
CUT
10
250.5040
20
138.6731
0
VERTEX
8
CUT
10
250.4877
20
138.6493
0
VERTEX
8
CUT
10
250.4570
20
138.6021
0
VERTEX
8
CUT
10
250.4493
20
138.5899
0
VERTEX
8
CUT
10
250.4002
20
138.5101
0
VERTEX
8
CUT
10
250.3928
20
138.4977
0
VERTEX
8
CUT
10
249.9939
20
137.8136
0
VERTEX
8
CUT
10
249.9872
20
137.8018
0
VERTEX
8
CUT
10
249.9445
20
137.7247
0
VERTEX
8
CUT
10
249.9381
20
137.7128
0
VERTEX
8
CUT
10
249.9135
20
137.6659
0
VERTEX
8
CUT
10
249.9015
20
137.6416
0
VERTEX
8
CUT
10
249.8279
20
137.4842
0
VERTEX
8
CUT
10
249.8072
20
137.4341
0
VERTEX
8
CUT
10
249.7481
20
137.2707
0
VERTEX
8
CUT
10
249.7394
20
137.2451
0
VERTEX
8
CUT
10
249.7325
20
137.2228
0
VERTEX
8
CUT
10
249.7246
20
137.1951
0
VERTEX
8
CUT
10
249.6776
20
137.0142
0
VERTEX
8
CUT
10
249.6710
20
136.9862
0
VERTEX
8
CUT
10
249.6643
20
136.9538
0
VERTEX
8
CUT
10
249.6588
20
136.9239
0
VERTEX
8
CUT
10
249.6286
20
136.7311
0
VERTEX
8
CUT
10
249.6223
20
136.6706
0
VERTEX
8
CUT
10
249.6119
20
136.4785
0
VERTEX
8
CUT
10
249.6117
20
136.4176
0
VERTEX
8
CUT
10
249.6209
20
136.2254
0
VERTEX
8
CUT
10
249.6269
20
136.1648
0
VERTEX
8
CUT
10
249.6559
20
135.9719
0
VERTEX
8
CUT
10
249.6612
20
135.9419
0
VERTEX
8
CUT
10
249.6730
20
135.8837
0
VERTEX
8
CUT
10
249.6762
20
135.8688
0
VERTEX
8
CUT
10
249.6983
20
135.7724
0
VERTEX
8
CUT
10
249.7019
20
135.7576
0
VERTEX
8
CUT
10
249.7340
20
135.6320
0
VERTEX
8
CUT
10
249.7376
20
135.6187
0
VERTEX
8
CUT
10
249.7617
20
135.5328
0
VERTEX
8
CUT
10
249.7655
20
135.5196
0
VERTEX
8
CUT
10
249.7812
20
135.4683
0
VERTEX
8
CUT
10
249.7898
20
135.4423
0
VERTEX
8
CUT
10
249.8489
20
135.2765
0
VERTEX
8
CUT
10
249.8696
20
135.2257
0
SEQEND
0
POLYLINE
8
CUT
66
1
70
1
10
0.0
20
0.0
30
0.0
0
VERTEX
8
CUT
10
215.5999
20
46.1267
0
VERTEX
8
CUT
10
215.6234
20
46.0755
0
VERTEX
8
CUT
10
215.7054
20
45.9172
0
VERTEX
8
CUT
10
215.7336
20
45.8685
0
VERTEX
8
CUT
10
215.8314
20
45.7165
0
VERTEX
8
CUT
10
215.8472
20
45.6932
0
VERTEX
8
CUT
10
215.8791
20
45.6483
0
VERTEX
8
CUT
10
215.8874
20
45.6369
0
VERTEX
8
CUT
10
215.9423
20
45.5636
0
VERTEX
8
CUT
10
215.9509
20
45.5524
0
VERTEX
8
CUT
10
215.9521
20
45.5508
0
VERTEX
8
CUT
10
215.9637
20
45.5365
0
VERTEX
8
CUT
10
216.0403
20
45.4448
0
VERTEX
8
CUT
10
216.0523
20
45.4309
0
VERTEX
8
CUT
10
216.1000
20
45.3774
0
VERTEX
8
CUT
10
216.1253
20
45.3506
0
VERTEX
8
CUT
10
216.2946
20
45.1823
0
VERTEX
8
CUT
10
216.3214
20
45.1572
0
VERTEX
8
CUT
10
216.3753
20
45.1099
0
VERTEX
8
CUT
10
216.3893
20
45.0979
0
VERTEX
8
CUT
10
216.4814
20
45.0218
0
VERTEX
8
CUT
10
216.4957
20
45.0103
0
VERTEX
8
CUT
10
216.6285
20
44.9073
0
VERTEX
8
CUT
10
216.6384
20
44.8998
0
VERTEX
8
CUT
10
216.7036
20
44.8513
0
VERTEX
8
CUT
10
216.7137
20
44.8440
0
VERTEX
8
CUT
10
216.7535
20
44.8157
0
VERTEX
8
CUT
10
216.7741
20
44.8017
0
VERTEX
8
CUT
10
216.9083
20
44.7144
0
VERTEX
8
CUT
10
216.9513
20
44.6889
0
VERTEX
8
CUT
10
217.0923
20
44.6131
0
VERTEX
8
CUT
10
217.1146
20
44.6017
0
VERTEX
8
CUT
10
217.1585
20
44.5804
0
VERTEX
8
CUT
10
217.1698
20
44.5750
0
VERTEX
8
CUT
10
217.2435
20
44.5411
0
VERTEX
8
CUT
10
217.2549
20
44.5360
0
VERTEX
8
CUT
10
217.3931
20
44.4760
0
VERTEX
8
CUT
10
217.4052
20
44.4709
0
VERTEX
8
CUT
10
217.4837
20
44.4387
0
VERTEX
8
CUT
10
217.4959
20
44.4339
0
VERTEX
8
CUT
10
217.5435
20
44.4156
0
VERTEX
8
CUT
10
217.5681
20
44.4068
0
VERTEX
8
CUT
10
217.7269
20
44.3537
0
VERTEX
8
CUT
10
217.7771
20
44.3392
0
VERTEX
8
CUT
10
217.9376
20
44.3006
0
VERTEX
8
CUT
10
217.9889
20
44.2906
0
VERTEX
8
CUT
10
218.1545
20
44.2658
0
VERTEX
8
CUT
10
218.1804
20
44.2625
0
VERTEX
8
CUT
10
218.2311
20
44.2571
0
VERTEX
8
CUT
10
218.2441
20
44.2559
0
VERTEX
8
CUT
10
218.3287
20
44.2488
0
VERTEX
8
CUT
10
218.3417
20
44.2479
0
VERTEX
8
CUT
10
218.8645
20
44.2155
0
VERTEX
8
CUT
10
218.8803
20
44.2147
0
VERTEX
8
CUT
10
218.9831
20
44.2111
0
VERTEX
8
CUT
10
218.9989
20
44.2107
0
VERTEX
8
CUT
10
219.0607
20
44.2102
0
VERTEX
8
CUT
10
219.0923
20
44.2107
0
VERTEX
8
CUT
10
219.2948
20
44.2195
0
VERTEX
8
CUT
10
219.3578
20
44.2256
0
VERTEX
8
CUT
10
219.5555
20
44.2553
0
VERTEX
8
CUT
10
219.6175
20
44.2680
0
VERTEX
8
CUT
10
219.8137
20
44.3191
0
VERTEX
8
CUT
10
219.8441
20
44.3279
0
VERTEX
8
CUT
10
219.9030
20
44.3465
0
VERTEX
8
CUT
10
219.9180
20
44.3515
0
VERTEX
8
CUT
10
220.0151
20
44.3852
0
VERTEX
8
CUT
10
220.0300
20
44.3906
0
VERTEX
8
CUT
10
220.4220
20
44.5382
0
VERTEX
8
CUT
10
220.4340
20
44.5428
0
VERTEX
8
CUT
10
220.5117
20
44.5740
0
VERTEX
8
CUT
10
220.5236
20
44.5789
0
VERTEX
8
CUT
10
220.5699
20
44.5987
0
VERTEX
8
CUT
10
220.5934
20
44.6093
0
VERTEX
8
CUT
10
220.7424
20
44.6806
0
VERTEX
8
CUT
10
220.7879
20
44.7048
0
VERTEX
8
CUT
10
220.9284
20
44.7874
0
VERTEX
8
CUT
10
220.9716
20
44.8154
0
VERTEX
8
CUT
10
221.1063
20
44.9111
0
VERTEX
8
CUT
10
221.1270
20
44.9265
0
VERTEX
8
CUT
10
221.1667
20
44.9574
0
VERTEX
8
CUT
10
221.1768
20
44.9654
0
VERTEX
8
CUT
10
221.2418
20
45.0182
0
VERTEX
8
CUT
10
221.2517
20
45.0264
0
VERTEX
8
CUT
10
221.2719
20
45.0436
0
VERTEX
8
CUT
10
221.2827
20
45.0529
0
VERTEX
8
CUT
10
221.3519
20
45.1146
0
VERTEX
8
CUT
10
221.3625
20
45.1242
0
VERTEX
8
CUT
10
221.4032
20
45.1623
0
VERTEX
8
CUT
10
221.4236
20
45.1823
0
VERTEX
8
CUT
10
221.5512
20
45.3134
0
VERTEX
8
CUT
10
221.5890
20
45.3561
0
VERTEX
8
CUT
10
221.7021
20
45.4968
0
VERTEX
8
CUT
10
221.7357
20
45.5429
0
VERTEX
8
CUT
10
221.8362
20
45.6958
0
VERTEX
8
CUT
10
221.8513
20
45.7200
0
VERTEX
8
CUT
10
221.8796
20
45.7680
0
VERTEX
8
CUT
10
221.8868
20
45.7804
0
VERTEX
8
CUT
10
221.9321
20
45.8613
0
VERTEX
8
CUT
10
221.9389
20
45.8739
0
VERTEX
8
CUT
10
222.2189
20
46.4033
0
VERTEX
8
CUT
10
222.2253
20
46.4157
0
VERTEX
8
CUT
10
222.2659
20
46.4972
0
VERTEX
8
CUT
10
222.2720
20
46.5098
0
VERTEX
8
CUT
10
222.2953
20
46.5593
0
VERTEX
8
CUT
10
222.3067
20
46.5849
0
VERTEX
8
CUT
10
222.3754
20
46.7507
0
VERTEX
8
CUT
10
222.3944
20
46.8034
0
VERTEX
8
CUT
10
222.4467
20
46.9726
0
VERTEX
8
CUT
10
222.4607
20
47.0268
0
VERTEX
8
CUT
10
222.4970
20
47.2001
0
VERTEX
8
CUT
10
222.5059
20
47.2554
0
VERTEX
8
CUT
10
222.5259
20
47.4313
0
VERTEX
8
CUT
10
222.5296
20
47.4872
0
VERTEX
8
CUT
10
222.5330
20
47.6643
0
VERTEX
8
CUT
10
222.5315
20
47.7202
0
VERTEX
8
CUT
10
222.5183
20
47.8993
0
VERTEX
8
CUT
10
222.5156
20
47.9271
0
VERTEX
8
CUT
10
222.5090
20
47.9814
0
VERTEX
8
CUT
10
222.5072
20
47.9953
0
VERTEX
8
CUT
10
222.4941
20
48.0854
0
VERTEX
8
CUT
10
222.4919
20
48.0992
0
VERTEX
8
CUT
10
222.4806
20
48.1666
0
VERTEX
8
CUT
10
222.4784
20
48.1789
0
VERTEX
8
CUT
10
222.4632
20
48.2586
0
VERTEX
8
CUT
10
222.4608
20
48.2708
0
VERTEX
8
CUT
10
222.4507
20
48.3185
0
VERTEX
8
CUT
10
222.4450
20
48.3428
0
VERTEX
8
CUT
10
222.4053
20
48.4978
0
VERTEX
8
CUT
10
222.3910
20
48.5456
0
VERTEX
8
CUT
10
222.3386
20
48.6967
0
VERTEX
8
CUT
10
222.3300
20
48.7201
0
VERTEX
8
CUT
10
222.3121
20
48.7655
0
VERTEX
8
CUT
10
222.3074
20
48.7771
0
VERTEX
8
CUT
10
222.2761
20
48.8519
0
VERTEX
8
CUT
10
222.2712
20
48.8634
0
VERTEX
8
CUT
10
222.1868
20
49.0541
0
VERTEX
8
CUT
10
222.1791
20
49.0707
0
VERTEX
8
CUT
10
222.1279
20
49.1775
0
VERTEX
8
CUT
10
222.1198
20
49.1938
0
VERTEX
8
CUT
10
222.0871
20
49.2570
0
VERTEX
8
CUT
10
222.0694
20
49.2888
0
VERTEX
8
CUT
10
221.9480
20
49.4921
0
VERTEX
8
CUT
10
221.9284
20
49.5228
0
VERTEX
8
CUT
10
221.8883
20
49.5815
0
VERTEX
8
CUT
10
221.8778
20
49.5964
0
VERTEX
8
CUT
10
221.8080
20
49.6922
0
VERTEX
8
CUT
10
221.7971
20
49.7068
0
VERTEX
8
CUT
10
221.6911
20
49.8434
0
VERTEX
8
CUT
10
221.6818
20
49.8551
0
VERTEX
8
CUT
10
221.6207
20
49.9300
0
VERTEX
8
CUT
10
221.6111
20
49.9414
0
VERTEX
8
CUT
10
221.5733
20
49.9854
0
VERTEX
8
CUT
10
221.5534
20
50.0075
0
VERTEX
8
CUT
10
221.4222
20
50.1458
0
VERTEX
8
CUT
10
221.3791
20
50.1869
0
VERTEX
8
CUT
10
221.2349
20
50.3116
0
VERTEX
8
CUT
10
221.2119
20
50.3305
0
VERTEX
8
CUT
10
221.1661
20
50.3662
0
VERTEX
8
CUT
10
221.1543
20
50.3752
0
VERTEX
8
CUT
10
221.0767
20
50.4328
0
VERTEX
8
CUT
10
221.0646
20
50.4415
0
VERTEX
8
CUT
10
220.5097
20
50.8322
0
VERTEX
8
CUT
10
220.4983
20
50.8401
0
VERTEX
8
CUT
10
220.4236
20
50.8901
0
VERTEX
8
CUT
10
220.4121
20
50.8977
0
VERTEX
8
CUT
10
220.3665
20
50.9267
0
VERTEX
8
CUT
10
220.3428
20
50.9411
0
VERTEX
8
CUT
10
220.1891
20
51.0293
0
VERTEX
8
CUT
10
220.1399
20
51.0546
0
VERTEX
8
CUT
10
219.9808
20
51.1274
0
VERTEX
8
CUT
10
219.9295
20
51.1481
0
VERTEX
8
CUT
10
219.7644
20
51.2059
0
VERTEX
8
CUT
10
219.7115
20
51.2217
0
VERTEX
8
CUT
10
219.5394
20
51.2647
0
VERTEX
8
CUT
10
219.5124
20
51.2707
0
VERTEX
8
CUT
10
219.4595
20
51.2814
0
VERTEX
8
CUT
10
219.4459
20
51.2840
0
VERTEX
8
CUT
10
219.3574
20
51.2997
0
VERTEX
8
CUT
10
219.3437
20
51.3019
0
VERTEX
8
CUT
10
219.3109
20
51.3070
0
VERTEX
8
CUT
10
219.2948
20
51.3092
0
VERTEX
8
CUT
10
219.1901
20
51.3224
0
VERTEX
8
CUT
10
219.1740
20
51.3242
0
VERTEX
8
CUT
10
219.1109
20
51.3304
0
VERTEX
8
CUT
10
219.0785
20
51.3327
0
VERTEX
8
CUT
10
218.8706
20
51.3419
0
VERTEX
8
CUT
10
218.8056
20
51.3413
0
VERTEX
8
CUT
10
218.6008
20
51.3281
0
VERTEX
8
CUT
10
218.5363
20
51.3204
0
VERTEX
8
CUT
10
218.3313
20
51.2847
0
VERTEX
8
CUT
10
218.2995
20
51.2783
0
VERTEX
8
CUT
10
218.2377
20
51.2640
0
VERTEX
8
CUT
10
218.2219
20
51.2602
0
VERTEX
8
CUT
10
218.1198
20
51.2337
0
VERTEX
8
CUT
10
218.1041
20
51.2294
0
VERTEX
8
CUT
10
217.9137
20
51.1745
0
VERTEX
8
CUT
10
217.9002
20
51.1704
0
VERTEX
8
CUT
10
217.8128
20
51.1430
0
VERTEX
8
CUT
10
217.7994
20
51.1386
0
VERTEX
8
CUT
10
217.7473
20
51.1209
0
VERTEX
8
CUT
10
217.7208
20
51.1112
0
VERTEX
8
CUT
10
217.5527
20
51.0450
0
VERTEX
8
CUT
10
217.5013
20
51.0220
0
VERTEX
8
CUT
10
217.3423
20
50.9415
0
VERTEX
8
CUT
10
217.2933
20
50.9137
0
VERTEX
8
CUT
10
217.1405
20
50.8173
0
VERTEX
8
CUT
10
217.1170
20
50.8017
0
VERTEX
8
CUT
10
217.0719
20
50.7702
0
VERTEX
8
CUT
10
217.0604
20
50.7620
0
VERTEX
8
CUT
10
216.9866
20
50.7078
0
VERTEX
8
CUT
10
216.9753
20
50.6993
0
VERTEX
8
CUT
10
216.5984
20
50.4088
0
VERTEX
8
CUT
10
216.5875
20
50.4002
0
VERTEX
8
CUT
10
216.5178
20
50.3439
0
VERTEX
8
CUT
10
216.5071
20
50.3351
0
VERTEX
8
CUT
10
216.4660
20
50.3002
0
VERTEX
8
CUT
10
216.4454
20
50.2819
0
VERTEX
8
CUT
10
216.3158
20
50.1616
0
VERTEX
8
CUT
10
216.2772
20
50.1222
0
VERTEX
8
CUT
10
216.1608
20
49.9922
0
VERTEX
8
CUT
10
216.1259
20
49.9495
0
VERTEX
8
CUT
10
216.0206
20
49.8074
0
VERTEX
8
CUT
10
216.0047
20
49.7849
0
VERTEX
8
CUT
10
215.9746
20
49.7402
0
VERTEX
8
CUT
10
215.9670
20
49.7287
0
VERTEX
8
CUT
10
215.9187
20
49.6531
0
VERTEX
8
CUT
10
215.9114
20
49.6414
0
VERTEX
8
CUT
10
215.5898
20
49.1125
0
VERTEX
8
CUT
10
215.5827
20
49.1005
0
VERTEX
8
CUT
10
215.5375
20
49.0221
0
VERTEX
8
CUT
10
215.5307
20
49.0099
0
VERTEX
8
CUT
10
215.5046
20
48.9621
0
VERTEX
8
CUT
10
215.4918
20
48.9374
0
VERTEX
8
CUT
10
215.4136
20
48.7768
0
VERTEX
8
CUT
10
215.3915
20
48.7257
0
VERTEX
8
CUT
10
215.3294
20
48.5608
0
VERTEX
8
CUT
10
215.3122
20
48.5078
0
VERTEX
8
CUT
10
215.2656
20
48.3379
0
VERTEX
8
CUT
10
215.2534
20
48.2836
0
VERTEX
8
CUT
10
215.2228
20
48.1101
0
VERTEX
8
CUT
10
215.2157
20
48.0548
0
VERTEX
8
CUT
10
215.2013
20
47.8792
0
VERTEX
8
CUT
10
215.1993
20
47.8235
0
VERTEX
8
CUT
10
215.2013
20
47.6474
0
VERTEX
8
CUT
10
215.2045
20
47.5918
0
VERTEX
8
CUT
10
215.2228
20
47.4166
0
VERTEX
8
CUT
10
215.2311
20
47.3615
0
VERTEX
8
CUT
10
215.2661
20
47.1863
0
VERTEX
8
CUT
10
215.2721
20
47.1591
0
VERTEX
8
CUT
10
215.2853
20
47.1063
0
VERTEX
8
CUT
10
215.2888
20
47.0928
0
VERTEX
8
CUT
10
215.3126
20
47.0055
0
VERTEX
8
CUT
10
215.3164
20
46.9921
0
VERTEX
8
CUT
10
215.4672
20
46.4866
0
VERTEX
8
CUT
10
215.4714
20
46.4731
0
VERTEX
8
CUT
10
215.4996
20
46.3860
0
VERTEX
8
CUT
10
215.5041
20
46.3726
0
VERTEX
8
CUT
10
215.5223
20
46.3207
0
VERTEX
8
CUT
10
215.5322
20
46.2943
0
SEQEND
0
POLYLINE
8
CUT
66
1
70
1
10
0.0
20
0.0
30
0.0
0
VERTEX
8
CUT
10
81.7743
20
223.2473
0
VERTEX
8
CUT
10
81.7803
20
223.2318
0
VERTEX
8
CUT
10
81.8209
20
223.1320
0
VERTEX
8
CUT
10
81.8273
20
223.1167
0
VERTEX
8
CUT
10
81.8817
20
222.9929
0
VERTEX
8
CUT
10
81.8886
20
222.9778
0
VERTEX
8
CUT
10
81.9346
20
222.8803
0
VERTEX
8
CUT
10
81.9419
20
222.8655
0
VERTEX
8
CUT
10
83.8841
20
219.0319
0
VERTEX
8
CUT
10
83.8892
20
219.0219
0
VERTEX
8
CUT
10
83.9259
20
218.9529
0
VERTEX
8
CUT
10
83.9316
20
218.9423
0
VERTEX
8
CUT
10
83.9789
20
218.8572
0
VERTEX
8
CUT
10
83.9848
20
218.8470
0
VERTEX
8
CUT
10
84.0235
20
218.7805
0
VERTEX
8
CUT
10
84.0300
20
218.7696
0
VERTEX
8
CUT
10
84.8754
20
217.3859
0
VERTEX
8
CUT
10
85.3283
20
216.5331
0
VERTEX
8
CUT
10
85.3357
20
216.5196
0
VERTEX
8
CUT
10
85.3846
20
216.4328
0
VERTEX
8
CUT
10
85.3924
20
216.4196
0
VERTEX
8
CUT
10
85.4566
20
216.3122
0
VERTEX
8
CUT
10
85.4646
20
216.2992
0
VERTEX
8
CUT
10
85.5180
20
216.2150
0
VERTEX
8
CUT
10
85.5264
20
216.2022
0
VERTEX
8
CUT
10
86.3447
20
214.9810
0
VERTEX
8
CUT
10
86.5172
20
214.6986
0
VERTEX
8
CUT
10
86.5227
20
214.6898
0
VERTEX
8
CUT
10
86.5614
20
214.6289
0
VERTEX
8
CUT
10
86.5674
20
214.6196
0
VERTEX
8
CUT
10
86.6170
20
214.5446
0
VERTEX
8
CUT
10
86.6231
20
214.5355
0
VERTEX
8
CUT
10
86.6634
20
214.4770
0
VERTEX
8
CUT
10
86.6701
20
214.4675
0
VERTEX
8
CUT
10
86.9586
20
214.0649
0
VERTEX
8
CUT
10
88.5150
20
211.7426
0
VERTEX
8
CUT
10
88.5239
20
211.7296
0
VERTEX
8
CUT
10
88.5835
20
211.6456
0
VERTEX
8
CUT
10
88.5928
20
211.6328
0
VERTEX
8
CUT
10
88.6703
20
211.5294
0
VERTEX
8
CUT
10
88.6800
20
211.5168
0
VERTEX
8
CUT
10
88.7439
20
211.4361
0
VERTEX
8
CUT
10
88.7539
20
211.4238
0
VERTEX
8
CUT
10
89.4494
20
210.5913
0
VERTEX
8
CUT
10
89.4687
20
210.5654
0
VERTEX
8
CUT
10
89.4756
20
210.5563
0
VERTEX
8
CUT
10
89.5322
20
210.4832
0
VERTEX
8
CUT
10
89.5392
20
210.4744
0
VERTEX
8
CUT
10
89.5850
20
210.4174
0
VERTEX
8
CUT
10
89.5926
20
210.4082
0
VERTEX
8
CUT
10
91.6247
20
207.9828
0
VERTEX
8
CUT
10
91.6327
20
207.9735
0
VERTEX
8
CUT
10
91.6852
20
207.9134
0
VERTEX
8
CUT
10
91.6933
20
207.9042
0
VERTEX
8
CUT
10
91.7076
20
207.8885
0
VERTEX
8
CUT
10
92.9238
20
206.4329
0
VERTEX
8
CUT
10
92.9382
20
206.4163
0
VERTEX
8
CUT
10
93.0337
20
206.3101
0
VERTEX
8
CUT
10
93.0487
20
206.2940
0
VERTEX
8
CUT
10
93.1733
20
206.1654
0
VERTEX
8
CUT
10
93.1889
20
206.1499
0
VERTEX
8
CUT
10
93.2919
20
206.0510
0
VERTEX
8
CUT
10
93.3080
20
206.0361
0
VERTEX
8
CUT
10
95.1712
20
204.3745
0
VERTEX
8
CUT
10
98.1810
20
201.3275
0
VERTEX
8
CUT
10
98.1889
20
201.3194
0
VERTEX
8
CUT
10
98.1959
20
201.3121
0
VERTEX
8
CUT
10
98.2255
20
201.2800
0
VERTEX
8
CUT
10
98.2771
20
201.2209
0
VERTEX
8
CUT
10
98.2985
20
201.1955
0
VERTEX
8
CUT
10
98.3178
20
201.1705
0
VERTEX
8
CUT
10
98.3621
20
201.1112
0
VERTEX
8
CUT
10
98.3875
20
201.0754
0
VERTEX
8
CUT
10
98.3956
20
201.0633
0
VERTEX
8
CUT
10
98.4026
20
201.0528
0
VERTEX
8
CUT
10
99.8776
20
198.7944
0
VERTEX
8
CUT
10
99.8837
20
198.7849
0
VERTEX
8
CUT
10
99.8978
20
198.7628
0
VERTEX
8
CUT
10
99.9038
20
198.7532
0
VERTEX
8
CUT
10
99.9110
20
198.7415
0
VERTEX
8
CUT
10
99.9168
20
198.7319
0
VERTEX
8
CUT
10
99.9304
20
198.7094
0
VERTEX
8
CUT
10
99.9361
20
198.6998
0
VERTEX
8
CUT
10
99.9407
20
198.6919
0
VERTEX
8
CUT
10
99.9463
20
198.6822
0
VERTEX
8
CUT
10
99.9592
20
198.6594
0
VERTEX
8
CUT
10
99.9647
20
198.6495
0
VERTEX
8
CUT
10
99.9713
20
198.6375
0
VERTEX
8
CUT
10
99.9767
20
198.6276
0
VERTEX
8
CUT
10
99.9891
20
198.6045
0
VERTEX
8
CUT
10
99.9943
20
198.5945
0
VERTEX
8
CUT
10
101.3625
20
195.9572
0
VERTEX
8
CUT
10
101.3682
20
195.9459
0
VERTEX
8
CUT
10
101.3733
20
195.9358
0
VERTEX
8
CUT
10
101.3940
20
195.8914
0
VERTEX
8
CUT
10
101.4291
20
195.8108
0
VERTEX
8
CUT
10
101.4432
20
195.7764
0
VERTEX
8
CUT
10
101.4551
20
195.7432
0
VERTEX
8
CUT
10
101.4815
20
195.6645
0
VERTEX
8
CUT
10
101.4959
20
195.6176
0
VERTEX
8
CUT
10
101.5002
20
195.6019
0
VERTEX
8
CUT
10
101.5039
20
195.5882
0
VERTEX
8
CUT
10
101.6635
20
194.9725
0
VERTEX
8
CUT
10
101.6661
20
194.9622
0
VERTEX
8
CUT
10
101.6678
20
194.9554
0
VERTEX
8
CUT
10
101.6777
20
194.9103
0
VERTEX
8
CUT
10
101.6904
20
194.8445
0
VERTEX
8
CUT
10
101.7015
20
194.7702
0
VERTEX
8
CUT
10
101.7069
20
194.7199
0
VERTEX
8
CUT
10
101.7117
20
194.6507
0
VERTEX
8
CUT
10
101.7133
20
194.5975
0
VERTEX
8
CUT
10
101.7135
20
194.5555
0
VERTEX
8
CUT
10
101.7133
20
194.5423
0
VERTEX
8
CUT
10
101.7130
20
194.5304
0
VERTEX
8
CUT
10
101.6623
20
192.8351
0
VERTEX
8
CUT
10
101.6621
20
192.8182
0
VERTEX
8
CUT
10
101.6619
20
192.7081
0
VERTEX
8
CUT
10
101.6621
20
192.6912
0
VERTEX
8
CUT
10
101.6638
20
192.6252
0
VERTEX
8
CUT
10
101.6657
20
192.5913
0
VERTEX
8
CUT
10
101.6837
20
192.3752
0
VERTEX
8
CUT
10
101.6931
20
192.3081
0
VERTEX
8
CUT
10
101.7353
20
192.0953
0
VERTEX
8
CUT
10
101.7428
20
192.0623
0
VERTEX
8
CUT
10
101.7593
20
191.9983
0
VERTEX
8
CUT
10
101.7638
20
191.9820
0
VERTEX
8
CUT
10
101.7943
20
191.8763
0
VERTEX
8
CUT
10
101.7992
20
191.8600
0
VERTEX
8
CUT
10
103.5956
20
186.2288
0
VERTEX
8
CUT
10
103.6001
20
186.2142
0
VERTEX
8
CUT
10
103.6103
20
186.1801
0
VERTEX
8
CUT
10
103.6146
20
186.1655
0
VERTEX
8
CUT
10
103.6196
20
186.1476
0
VERTEX
8
CUT
10
103.6237
20
186.1328
0
VERTEX
8
CUT
10
103.6327
20
186.0984
0
VERTEX
8
CUT
10
103.6365
20
186.0837
0
VERTEX
8
CUT
10
103.6394
20
186.0718
0
VERTEX
8
CUT
10
103.6429
20
186.0570
0
VERTEX
8
CUT
10
103.6508
20
186.0223
0
VERTEX
8
CUT
10
103.6541
20
186.0074
0
VERTEX
8
CUT
10
103.6579
20
185.9892
0
VERTEX
8
CUT
10
103.6609
20
185.9742
0
VERTEX
8
CUT
10
103.6677
20
185.9393
0
VERTEX
8
CUT
10
103.6704
20
185.9243
0
VERTEX
8
CUT
10
104.0264
20
183.8897
0
VERTEX
8
CUT
10
104.0288
20
183.8753
0
VERTEX
8
CUT
10
104.0341
20
183.8418
0
VERTEX
8
CUT
10
104.0363
20
183.8273
0
VERTEX
8
CUT
10
104.0388
20
183.8097
0
VERTEX
8
CUT
10
104.0407
20
183.7953
0
VERTEX
8
CUT
10
104.0449
20
183.7616
0
VERTEX
8
CUT
10
104.0466
20
183.7471
0
VERTEX
8
CUT
10
104.0479
20
183.7355
0
VERTEX
8
CUT
10
104.0494
20
183.7210
0
VERTEX
8
CUT
10
104.0525
20
183.6871
0
VERTEX
8
CUT
10
104.0537
20
183.6726
0
VERTEX
8
CUT
10
104.0551
20
183.6549
0
VERTEX
8
CUT
10
104.0561
20
183.6403
0
VERTEX
8
CUT
10
104.0581
20
183.6064
0
VERTEX
8
CUT
10
104.0588
20
183.5918
0
VERTEX
8
CUT
10
104.1269
20
182.0352
0
VERTEX
8
CUT
10
104.1272
20
182.0253
0
VERTEX
8
CUT
10
104.1275
20
182.0187
0
VERTEX
8
CUT
10
104.1278
20
181.9758
0
VERTEX
8
CUT
10
104.1269
20
181.9133
0
VERTEX
8
CUT
10
104.1231
20
181.8435
0
VERTEX
8
CUT
10
104.1188
20
181.7966
0
VERTEX
8
CUT
10
104.1105
20
181.7325
0
VERTEX
8
CUT
10
104.1023
20
181.6832
0
VERTEX
8
CUT
10
104.0950
20
181.6446
0
VERTEX
8
CUT
10
104.0925
20
181.6326
0
VERTEX
8
CUT
10
104.0901
20
181.6218
0
VERTEX
8
CUT
10
103.8720
20
180.6497
0
VERTEX
8
CUT
10
103.8693
20
180.6381
0
VERTEX
8
CUT
10
103.8668
20
180.6276
0
VERTEX
8
CUT
10
103.8549
20
180.5829
0
VERTEX
8
CUT
10
103.8315
20
180.5031
0
VERTEX
8
CUT
10
103.8209
20
180.4696
0
VERTEX
8
CUT
10
103.8095
20
180.4381
0
VERTEX
8
CUT
10
103.7814
20
180.3649
0
VERTEX
8
CUT
10
103.7636
20
180.3220
0
VERTEX
8
CUT
10
103.7574
20
180.3079
0
VERTEX
8
CUT
10
103.7518
20
180.2957
0
VERTEX
8
CUT
10
103.3592
20
179.4472
0
VERTEX
8
CUT
10
103.3532
20
179.4339
0
VERTEX
8
CUT
10
103.3155
20
179.3469
0
VERTEX
8
CUT
10
103.3099
20
179.3335
0
VERTEX
8
CUT
10
103.2885
20
179.2807
0
VERTEX
8
CUT
10
103.2782
20
179.2534
0
VERTEX
8
CUT
10
103.2166
20
179.0769
0
VERTEX
8
CUT
10
103.2000
20
179.0210
0
VERTEX
8
CUT
10
103.1564
20
178.8419
0
VERTEX
8
CUT
10
103.1454
20
178.7846
0
VERTEX
8
CUT
10
103.1193
20
178.6021
0
VERTEX
8
CUT
10
103.1139
20
178.5440
0
VERTEX
8
CUT
10
103.1057
20
178.3598
0
VERTEX
8
CUT
10
103.1059
20
178.3015
0
VERTEX
8
CUT
10
103.1157
20
178.1174
0
VERTEX
8
CUT
10
103.1216
20
178.0594
0
VERTEX
8
CUT
10
103.1491
20
177.8771
0
VERTEX
8
CUT
10
103.1606
20
177.8199
0
VERTEX
8
CUT
10
103.2058
20
177.6412
0
VERTEX
8
CUT
10
103.2228
20
177.5854
0
VERTEX
8
CUT
10
103.2850
20
177.4118
0
VERTEX
8
CUT
10
103.3074
20
177.3580
0
VERTEX
8
CUT
10
103.3862
20
177.1913
0
VERTEX
8
CUT
10
103.4136
20
177.1398
0
VERTEX
8
CUT
10
103.5083
20
176.9816
0
VERTEX
8
CUT
10
103.5406
20
176.9331
0
VERTEX
8
CUT
10
103.6501
20
176.7848
0
VERTEX
8
CUT
10
103.6870
20
176.7396
0
VERTEX
8
CUT
10
103.8104
20
176.6026
0
VERTEX
8
CUT
10
103.8515
20
176.5612
0
VERTEX
8
CUT
10
103.9877
20
176.4369
0
VERTEX
8
CUT
10
104.0326
20
176.3997
0
VERTEX
8
CUT
10
104.1801
20
176.2892
0
VERTEX
8
CUT
10
104.2284
20
176.2565
0
VERTEX
8
CUT
10
104.3860
20
176.1608
0
VERTEX
8
CUT
10
104.4373
20
176.1330
0
VERTEX
8
CUT
10
104.6034
20
176.0531
0
VERTEX
8
CUT
10
104.6572
20
176.0304
0
VERTEX
8
CUT
10
104.8303
20
175.9669
0
VERTEX
8
CUT
10
104.8859
20
175.9496
0
VERTEX
8
CUT
10
105.0669
20
175.9026
0
VERTEX
8
CUT
10
105.0953
20
175.8960
0
VERTEX
8
CUT
10
105.1510
20
175.8843
0
VERTEX
8
CUT
10
105.1653
20
175.8815
0
VERTEX
8
CUT
10
105.2586
20
175.8645
0
VERTEX
8
CUT
10
105.2729
20
175.8620
0
VERTEX
8
CUT
10
105.7525
20
175.7862
0
VERTEX
8
CUT
10
105.7593
20
175.7851
0
VERTEX
8
CUT
10
105.7751
20
175.7825
0
VERTEX
8
CUT
10
105.7778
20
175.7820
0
VERTEX
8
CUT
10
105.8065
20
175.7767
0
VERTEX
8
CUT
10
105.8609
20
175.7655
0
VERTEX
8
CUT
10
105.9198
20
175.7514
0
VERTEX
8
CUT
10
105.9904
20
175.7319
0
VERTEX
8
CUT
10
106.0227
20
175.7223
0
VERTEX
8
CUT
10
109.7249
20
174.5498
0
VERTEX
8
CUT
10
109.7314
20
174.5477
0
VERTEX
8
CUT
10
109.7464
20
174.5429
0
VERTEX
8
CUT
10
109.7528
20
174.5407
0
VERTEX
8
CUT
10
109.7682
20
174.5356
0
VERTEX
8
CUT
10
109.7760
20
174.5330
0
VERTEX
8
CUT
10
109.7941
20
174.5267
0
VERTEX
8
CUT
10
109.8019
20
174.5240
0
VERTEX
8
CUT
10
109.8082
20
174.5218
0
VERTEX
8
CUT
10
109.8160
20
174.5190
0
VERTEX
8
CUT
10
109.8344
20
174.5123
0
VERTEX
8
CUT
10
109.8422
20
174.5094
0
VERTEX
8
CUT
10
109.8459
20
174.5080
0
VERTEX
8
CUT
10
109.8551
20
174.5045
0
VERTEX
8
CUT
10
109.8765
20
174.4962
0
VERTEX
8
CUT
10
109.8856
20
174.4926
0
VERTEX
8
CUT
10
115.1140
20
172.4018
0
VERTEX
8
CUT
10
115.1547
20
172.3843
0
VERTEX
8
CUT
10
115.2284
20
172.3506
0
VERTEX
8
CUT
10
115.3069
20
172.3099
0
VERTEX
8
CUT
10
115.3577
20
172.2802
0
VERTEX
8
CUT
10
115.4318
20
172.2320
0
VERTEX
8
CUT
10
115.4795
20
172.1974
0
VERTEX
8
CUT
10
115.5486
20
172.1422
0
VERTEX
8
CUT
10
115.5926
20
172.1031
0
VERTEX
8
CUT
10
115.6559
20
172.0413
0
VERTEX
8
CUT
10
115.6960
20
171.9982
0
VERTEX
8
CUT
10
115.7528
20
171.9305
0
VERTEX
8
CUT
10
115.7885
20
171.8836
0
VERTEX
8
CUT
10
115.8384
20
171.8106
0
VERTEX
8
CUT
10
115.8693
20
171.7605
0
VERTEX
8
CUT
10
115.9118
20
171.6829
0
VERTEX
8
CUT
10
115.9376
20
171.6300
0
VERTEX
8
CUT
10
115.9723
20
171.5487
0
VERTEX
8
CUT
10
115.9928
20
171.4935
0
VERTEX
8
CUT
10
116.0194
20
171.4091
0
VERTEX
8
CUT
10
116.0343
20
171.3522
0
VERTEX
8
CUT
10
116.0525
20
171.2656
0
VERTEX
8
CUT
10
116.0618
20
171.2075
0
VERTEX
8
CUT
10
116.0714
20
171.1196
0
VERTEX
8
CUT
10
116.0749
20
171.0608
0
VERTEX
8
CUT
10
116.0758
20
170.9724
0
VERTEX
8
CUT
10
116.0736
20
170.9135
0
VERTEX
8
CUT
10
116.0658
20
170.8254
0
VERTEX
8
CUT
10
116.0578
20
170.7671
0
VERTEX
8
CUT
10
116.0414
20
170.6802
0
VERTEX
8
CUT
10
116.0277
20
170.6230
0
VERTEX
8
CUT
10
116.0029
20
170.5381
0
VERTEX
8
CUT
10
115.9836
20
170.4824
0
VERTEX
8
CUT
10
115.9506
20
170.4004
0
VERTEX
8
CUT
10
115.9259
20
170.3469
0
VERTEX
8
CUT
10
115.8850
20
170.2685
0
VERTEX
8
CUT
10
115.8552
20
170.2177
0
VERTEX
8
CUT
10
115.8068
20
170.1437
0
VERTEX
8
CUT
10
115.7722
20
170.0961
0
VERTEX
8
CUT
10
115.7167
20
170.0272
0
VERTEX
8
CUT
10
115.6776
20
169.9832
0
VERTEX
8
CUT
10
115.6157
20
169.9201
0
VERTEX
8
CUT
10
115.5724
20
169.8802
0
VERTEX
8
CUT
10
115.5046
20
169.8234
0
VERTEX
8
CUT
10
115.4576
20
169.7879
0
VERTEX
8
CUT
10
115.3845
20
169.7381
0
VERTEX
8
CUT
10
115.3343
20
169.7074
0
VERTEX
8
CUT
10
115.2567
20
169.6650
0
VERTEX
8
CUT
10
115.2037
20
169.6394
0
VERTEX
8
CUT
10
115.1223
20
169.6048
0
VERTEX
8
CUT
10
115.0670
20
169.5845
0
VERTEX
8
CUT
10
114.9826
20
169.5581
0
VERTEX
8
CUT
10
114.9256
20
169.5433
0
VERTEX
8
CUT
10
114.8390
20
169.5253
0
VERTEX
8
CUT
10
114.7590
20
169.5127
0
VERTEX
8
CUT
10
114.7151
20
169.5070
0
VERTEX
8
CUT
10
113.8105
20
169.4102
0
VERTEX
8
CUT
10
113.7982
20
169.4088
0
VERTEX
8
CUT
10
113.7189
20
169.3986
0
VERTEX
8
CUT
10
113.7067
20
169.3969
0
VERTEX
8
CUT
10
113.6074
20
169.3822
0
VERTEX
8
CUT
10
113.5952
20
169.3802
0
VERTEX
8
CUT
10
113.5164
20
169.3669
0
VERTEX
8
CUT
10
113.5042
20
169.3647
0
VERTEX
8
CUT
10
113.0432
20
169.2767
0
VERTEX
8
CUT
10
112.4790
20
169.2312
0
VERTEX
8
CUT
10
112.4570
20
169.2290
0
VERTEX
8
CUT
10
112.3146
20
169.2122
0
VERTEX
8
CUT
10
112.2927
20
169.2092
0
VERTEX
8
CUT
10
112.1149
20
169.1816
0
VERTEX
8
CUT
10
112.0931
20
169.1778
0
VERTEX
8
CUT
10
111.9523
20
169.1506
0
VERTEX
8
CUT
10
111.9307
20
169.1460
0
VERTEX
8
CUT
10
109.9297
20
168.6824
0
VERTEX
8
CUT
10
109.1888
20
168.5410
0
VERTEX
8
CUT
10
109.1682
20
168.5367
0
VERTEX
8
CUT
10
109.0352
20
168.5065
0
VERTEX
8
CUT
10
109.0148
20
168.5015
0
VERTEX
8
CUT
10
108.8493
20
168.4577
0
VERTEX
8
CUT
10
108.8291
20
168.4520
0
VERTEX
8
CUT
10
108.6986
20
168.4125
0
VERTEX
8
CUT
10
108.6786
20
168.4061
0
VERTEX
8
CUT
10
108.5550
20
168.3639
0
VERTEX
8
CUT
10
108.3682
20
168.3206
0
VERTEX
8
CUT
10
108.3517
20
168.3166
0
VERTEX
8
CUT
10
108.2450
20
168.2887
0
VERTEX
8
CUT
10
108.2287
20
168.2841
0
VERTEX
8
CUT
10
108.0958
20
168.2453
0
VERTEX
8
CUT
10
108.0796
20
168.2403
0
VERTEX
8
CUT
10
107.9978
20
168.2139
0
VERTEX
8
CUT
10
107.9687
20
168.2037
0
VERTEX
8
CUT
10
107.8947
20
168.1755
0
VERTEX
8
CUT
10
107.8798
20
168.1696
0
VERTEX
8
CUT
10
107.8275
20
168.1480
0
VERTEX
8
CUT
10
107.8001
20
168.1359
0
VERTEX
8
CUT
10
107.6265
20
168.0541
0
VERTEX
8
CUT
10
107.5737
20
168.0259
0
VERTEX
8
CUT
10
107.4114
20
167.9285
0
VERTEX
8
CUT
10
107.3617
20
167.8952
0
VERTEX
8
CUT
10
107.2099
20
167.7821
0
VERTEX
8
CUT
10
107.1637
20
167.7440
0
VERTEX
8
CUT
10
107.0240
20
167.6163
0
VERTEX
8
CUT
10
106.9818
20
167.5738
0
VERTEX
8
CUT
10
106.8555
20
167.4329
0
VERTEX
8
CUT
10
106.8178
20
167.3864
0
VERTEX
8
CUT
10
106.7061
20
167.2335
0
VERTEX
8
CUT
10
106.6733
20
167.1835
0
VERTEX
8
CUT
10
106.5774
20
167.0203
0
VERTEX
8
CUT
10
106.5497
20
166.9672
0
VERTEX
8
CUT
10
106.4705
20
166.7953
0
VERTEX
8
CUT
10
106.4482
20
166.7397
0
VERTEX
8
CUT
10
106.3866
20
166.5608
0
VERTEX
8
CUT
10
106.3700
20
166.5033
0
VERTEX
8
CUT
10
106.3265
20
166.3190
0
VERTEX
8
CUT
10
106.3157
20
166.2602
0
VERTEX
8
CUT
10
106.2908
20
166.0725
0
VERTEX
8
CUT
10
106.2859
20
166.0129
0
VERTEX
8
CUT
10
106.2798
20
165.8237
0
VERTEX
8
CUT
10
106.2809
20
165.7638
0
VERTEX
8
CUT
10
106.2937
20
165.5750
0
VERTEX
8
CUT
10
106.3008
20
165.5155
0
VERTEX
8
CUT
10
106.3323
20
165.3289
0
VERTEX
8
CUT
10
106.3453
20
165.2704
0
VERTEX
8
CUT
10
106.3953
20
165.0879
0
VERTEX
8
CUT
10
106.4140
20
165.0310
0
VERTEX
8
CUT
10
106.4819
20
164.8544
0
VERTEX
8
CUT
10
106.5062
20
164.7996
0
VERTEX
8
CUT
10
106.5914
20
164.6306
0
VERTEX
8
CUT
10
106.6210
20
164.5786
0
VERTEX
8
CUT
10
106.7226
20
164.4189
0
VERTEX
8
CUT
10
106.7573
20
164.3701
0
VERTEX
8
CUT
10
106.8743
20
164.2213
0
VERTEX
8
CUT
10
106.9136
20
164.1762
0
VERTEX
8
CUT
10
107.0449
20
164.0399
0
VERTEX
8
CUT
10
107.0886
20
163.9989
0
VERTEX
8
CUT
10
107.2328
20
163.8763
0
VERTEX
8
CUT
10
107.2803
20
163.8399
0
VERTEX
8
CUT
10
107.4360
20
163.7323
0
VERTEX
8
CUT
10
107.4869
20
163.7007
0
VERTEX
8
CUT
10
107.6526
20
163.6092
0
VERTEX
8
CUT
10
107.7064
20
163.5829
0
VERTEX
8
CUT
10
107.8803
20
163.5083
0
VERTEX
8
CUT
10
107.9365
20
163.4875
0
VERTEX
8
CUT
10
108.1170
20
163.4307
0
VERTEX
8
CUT
10
108.1749
20
163.4156
0
VERTEX
8
CUT
10
108.3602
20
163.3770
0
VERTEX
8
CUT
10
108.4194
20
163.3677
0
VERTEX
8
CUT
10
108.6102
20
163.3475
0
VERTEX
8
CUT
10
108.6401
20
163.3451
0
VERTEX
8
CUT
10
108.6984
20
163.3419
0
VERTEX
8
CUT
10
108.7134
20
163.3412
0
VERTEX
8
CUT
10
108.8107
20
163.3383
0
VERTEX
8
CUT
10
108.8256
20
163.3380
0
VERTEX
8
CUT
10
112.3093
20
163.3185
0
VERTEX
8
CUT
10
112.3163
20
163.3184
0
VERTEX
8
CUT
10
112.3326
20
163.3182
0
VERTEX
8
CUT
10
112.3354
20
163.3181
0
VERTEX
8
CUT
10
112.3652
20
163.3171
0
VERTEX
8
CUT
10
112.4217
20
163.3142
0
VERTEX
8
CUT
10
112.4833
20
163.3089
0
VERTEX
8
CUT
10
112.5574
20
163.2999
0
VERTEX
8
CUT
10
112.5915
20
163.2951
0
VERTEX
8
CUT
10
116.3815
20
162.6894
0
VERTEX
8
CUT
10
116.3969
20
162.6868
0
VERTEX
8
CUT
10
116.4327
20
162.6804
0
VERTEX
8
CUT
10
116.4480
20
162.6776
0
VERTEX
8
CUT
10
116.4664
20
162.6740
0
VERTEX
8
CUT
10
116.4816
20
162.6709
0
VERTEX
8
CUT
10
116.5170
20
162.6633
0
VERTEX
8
CUT
10
116.5321
20
162.6600
0
VERTEX
8
CUT
10
116.5442
20
162.6571
0
VERTEX
8
CUT
10
116.5593
20
162.6535
0
VERTEX
8
CUT
10
116.5945
20
162.6447
0
VERTEX
8
CUT
10
116.6095
20
162.6408
0
VERTEX
8
CUT
10
116.6278
20
162.6359
0
VERTEX
8
CUT
10
116.6427
20
162.6318
0
VERTEX
8
CUT
10
116.6776
20
162.6218
0
VERTEX
8
CUT
10
116.6924
20
162.6174
0
VERTEX
8
CUT
10
126.0660
20
159.7532
0
VERTEX
8
CUT
10
126.0749
20
159.7506
0
VERTEX
8
CUT
10
126.1370
20
159.7326
0
VERTEX
8
CUT
10
126.1466
20
159.7300
0
VERTEX
8
CUT
10
126.2245
20
159.7089
0
VERTEX
8
CUT
10
126.2339
20
159.7064
0
VERTEX
8
CUT
10
126.2957
20
159.6908
0
VERTEX
8
CUT
10
126.3058
20
159.6883
0
VERTEX
8
CUT
10
128.5425
20
159.1629
0
VERTEX
8
CUT
10
128.5637
20
159.1583
0
VERTEX
8
CUT
10
128.7021
20
159.1310
0
VERTEX
8
CUT
10
128.7234
20
159.1272
0
VERTEX
8
CUT
10
128.8981
20
159.0993
0
VERTEX
8
CUT
10
128.9196
20
159.0963
0
VERTEX
8
CUT
10
129.0596
20
159.0791
0
VERTEX
8
CUT
10
129.0811
20
159.0768
0
VERTEX
8
CUT
10
131.9030
20
158.8336
0
VERTEX
8
CUT
10
131.9248
20
158.8321
0
VERTEX
8
CUT
10
132.0666
20
158.8251
0
VERTEX
8
CUT
10
132.0884
20
158.8244
0
VERTEX
8
CUT
10
132.2665
20
158.8220
0
VERTEX
8
CUT
10
132.2884
20
158.8221
0
VERTEX
8
CUT
10
132.4303
20
158.8254
0
VERTEX
8
CUT
10
132.4521
20
158.8263
0
VERTEX
8
CUT
10
136.6021
20
159.0743
0
VERTEX
8
CUT
10
136.6162
20
159.0753
0
VERTEX
8
CUT
10
136.7083
20
159.0830
0
VERTEX
8
CUT
10
136.7224
20
159.0844
0
VERTEX
8
CUT
10
136.7777
20
159.0903
0
VERTEX
8
CUT
10
136.8058
20
159.0940
0
VERTEX
8
CUT
10
136.9859
20
159.1220
0
VERTEX
8
CUT
10
137.0415
20
159.1334
0
VERTEX
8
CUT
10
137.2181
20
159.1784
0
VERTEX
8
CUT
10
137.2455
20
159.1860
0
VERTEX
8
CUT
10
137.2986
20
159.2022
0
VERTEX
8
CUT
10
137.3121
20
159.2066
0
VERTEX
8
CUT
10
137.3998
20
159.2356
0
VERTEX
8
CUT
10
137.4132
20
159.2403
0
VERTEX
8
CUT
10
139.6336
20
160.0357
0
VERTEX
8
CUT
10
139.6506
20
160.0421
0
VERTEX
8
CUT
10
139.7604
20
160.0852
0
VERTEX
8
CUT
10
139.7771
20
160.0920
0
VERTEX
8
CUT
10
139.8422
20
160.1199
0
VERTEX
8
CUT
10
139.8751
20
160.1351
0
VERTEX
8
CUT
10
140.0856
20
160.2408
0
VERTEX
8
CUT
10
140.1176
20
160.2580
0
VERTEX
8
CUT
10
140.1787
20
160.2935
0
VERTEX
8
CUT
10
140.1943
20
160.3028
0
VERTEX
8
CUT
10
140.2944
20
160.3650
0
VERTEX
8
CUT
10
140.3097
20
160.3748
0
VERTEX
8
CUT
10
142.5445
20
161.8578
0
VERTEX
8
CUT
10
142.5554
20
161.8652
0
VERTEX
8
CUT
10
142.6259
20
161.9143
0
VERTEX
8
CUT
10
142.6367
20
161.9219
0
VERTEX
8
CUT
10
142.6784
20
161.9523
0
VERTEX
8
CUT
10
142.6994
20
161.9684
0
VERTEX
8
CUT
10
142.8336
20
162.0756
0
VERTEX
8
CUT
10
142.8539
20
162.0925
0
VERTEX
8
CUT
10
142.8928
20
162.1265
0
VERTEX
8
CUT
10
142.9026
20
162.1353
0
VERTEX
8
CUT
10
142.9661
20
162.1932
0
VERTEX
8
CUT
10
142.9757
20
162.2022
0
VERTEX
8
CUT
10
143.7952
20
162.9843
0
VERTEX
8
CUT
10
143.8044
20
162.9933
0
VERTEX
8
CUT
10
143.8636
20
163.0523
0
VERTEX
8
CUT
10
143.8726
20
163.0615
0
VERTEX
8
CUT
10
143.9074
20
163.0977
0
VERTEX
8
CUT
10
143.9248
20
163.1166
0
VERTEX
8
CUT
10
144.0353
20
163.2418
0
VERTEX
8
CUT
10
144.0519
20
163.2615
0
VERTEX
8
CUT
10
144.0835
20
163.3005
0
VERTEX
8
CUT
10
144.0915
20
163.3106
0
VERTEX
8
CUT
10
144.1426
20
163.3767
0
VERTEX
8
CUT
10
144.1504
20
163.3869
0
VERTEX
8
CUT
10
145.7511
20
165.5491
0
VERTEX
8
CUT
10
145.7589
20
165.5599
0
VERTEX
8
CUT
10
145.8092
20
165.6312
0
VERTEX
8
CUT
10
145.8169
20
165.6422
0
VERTEX
8
CUT
10
145.8461
20
165.6857
0
VERTEX
8
CUT
10
145.8606
20
165.7083
0
VERTEX
8
CUT
10
145.9514
20
165.8571
0
VERTEX
8
CUT
10
145.9649
20
165.8803
0
VERTEX
8
CUT
10
145.9901
20
165.9262
0
VERTEX
8
CUT
10
145.9965
20
165.9380
0
VERTEX
8
CUT
10
146.0368
20
166.0153
0
VERTEX
8
CUT
10
146.0429
20
166.0273
0
VERTEX
8
CUT
10
146.5126
20
166.9792
0
VERTEX
8
CUT
10
146.5216
20
166.9984
0
VERTEX
8
CUT
10
146.5781
20
167.1238
0
VERTEX
8
CUT
10
146.5865
20
167.1432
0
VERTEX
8
CUT
10
146.6517
20
167.3030
0
VERTEX
8
CUT
10
146.6594
20
167.3227
0
VERTEX
8
CUT
10
146.7069
20
167.4518
0
VERTEX
8
CUT
10
146.7138
20
167.4718
0
VERTEX
8
CUT
10
147.0664
20
168.5456
0
VERTEX
8
CUT
10
147.0698
20
168.5561
0
VERTEX
8
CUT
10
147.0924
20
168.6297
0
VERTEX
8
CUT
10
147.0957
20
168.6407
0
VERTEX
8
CUT
10
147.1096
20
168.6892
0
VERTEX
8
CUT
10
147.1159
20
168.7127
0
VERTEX
8
CUT
10
147.1518
20
168.8599
0
VERTEX
8
CUT
10
147.1569
20
168.8828
0
VERTEX
8
CUT
10
147.1650
20
168.9225
0
VERTEX
8
CUT
10
147.1671
20
168.9334
0
VERTEX
8
CUT
10
147.1808
20
169.0082
0
VERTEX
8
CUT
10
147.1829
20
169.0204
0
VERTEX
8
CUT
10
147.4225
20
170.4924
0
VERTEX
8
CUT
10
147.4251
20
170.5099
0
VERTEX
8
CUT
10
147.4402
20
170.6240
0
VERTEX
8
CUT
10
147.4422
20
170.6416
0
VERTEX
8
CUT
10
147.4493
20
170.7103
0
VERTEX
8
CUT
10
147.4519
20
170.7456
0
VERTEX
8
CUT
10
147.4618
20
170.9755
0
VERTEX
8
CUT
10
147.4623
20
171.0109
0
VERTEX
8
CUT
10
147.4612
20
171.0799
0
VERTEX
8
CUT
10
147.4606
20
171.0976
0
VERTEX
8
CUT
10
147.4554
20
171.2126
0
VERTEX
8
CUT
10
147.4543
20
171.2303
0
VERTEX
8
CUT
10
147.2763
20
173.6018
0
VERTEX
8
CUT
10
147.2752
20
173.6145
0
VERTEX
8
CUT
10
147.2672
20
173.6972
0
VERTEX
8
CUT
10
147.2658
20
173.7099
0
VERTEX
8
CUT
10
147.2600
20
173.7595
0
VERTEX
8
CUT
10
147.2564
20
173.7848
0
VERTEX
8
CUT
10
147.2303
20
173.9466
0
VERTEX
8
CUT
10
147.2200
20
173.9966
0
VERTEX
8
CUT
10
147.1802
20
174.1556
0
VERTEX
8
CUT
10
147.1735
20
174.1802
0
VERTEX
8
CUT
10
147.1593
20
174.2281
0
VERTEX
8
CUT
10
147.1555
20
174.2403
0
VERTEX
8
CUT
10
147.1303
20
174.3194
0
VERTEX
8
CUT
10
147.1262
20
174.3316
0
VERTEX
8
CUT
10
146.2703
20
176.8258
0
VERTEX
8
CUT
10
146.2656
20
176.8392
0
VERTEX
8
CUT
10
146.2336
20
176.9256
0
VERTEX
8
CUT
10
146.2286
20
176.9388
0
VERTEX
8
CUT
10
146.2081
20
176.9903
0
VERTEX
8
CUT
10
146.1971
20
177.0163
0
VERTEX
8
CUT
10
146.1211
20
177.1841
0
VERTEX
8
CUT
10
146.1088
20
177.2097
0
VERTEX
8
CUT
10
146.0836
20
177.2589
0
VERTEX
8
CUT
10
146.0771
20
177.2715
0
VERTEX
8
CUT
10
146.0332
20
177.3525
0
VERTEX
8
CUT
10
146.0263
20
177.3649
0
VERTEX
8
CUT
10
145.3623
20
178.5259
0
VERTEX
8
CUT
10
145.3533
20
178.5410
0
VERTEX
8
CUT
10
145.2938
20
178.6384
0
VERTEX
8
CUT
10
145.2844
20
178.6533
0
VERTEX
8
CUT
10
145.2061
20
178.7733
0
VERTEX
8
CUT
10
145.1963
20
178.7878
0
VERTEX
8
CUT
10
145.1311
20
178.8816
0
VERTEX
8
CUT
10
145.1209
20
178.8959
0
VERTEX
8
CUT
10
144.2549
20
180.0670
0
VERTEX
8
CUT
10
144.2439
20
180.0815
0
VERTEX
8
CUT
10
144.1707
20
180.1744
0
VERTEX
8
CUT
10
144.1593
20
180.1885
0
VERTEX
8
CUT
10
144.0640
20
180.3022
0
VERTEX
8
CUT
10
144.0521
20
180.3160
0
VERTEX
8
CUT
10
143.9734
20
180.4043
0
VERTEX
8
CUT
10
143.9611
20
180.4177
0
VERTEX
8
CUT
10
142.8459
20
181.5958
0
VERTEX
8
CUT
10
142.8311
20
181.6109
0
VERTEX
8
CUT
10
142.7334
20
181.7071
0
VERTEX
8
CUT
10
142.7181
20
181.7216
0
VERTEX
8
CUT
10
142.5914
20
181.8379
0
VERTEX
8
CUT
10
142.5756
20
181.8519
0
VERTEX
8
CUT
10
142.4714
20
181.9410
0
VERTEX
8
CUT
10
142.4552
20
181.9544
0
VERTEX
8
CUT
10
138.9282
20
184.7611
0
VERTEX
8
CUT
10
138.9156
20
184.7708
0
VERTEX
8
CUT
10
138.8333
20
184.8328
0
VERTEX
8
CUT
10
138.8204
20
184.8422
0
VERTEX
8
CUT
10
138.7150
20
184.9174
0
VERTEX
8
CUT
10
138.7020
20
184.9264
0
VERTEX
8
CUT
10
138.6164
20
184.9841
0
VERTEX
8
CUT
10
138.6031
20
184.9927
0
VERTEX
8
CUT
10
136.3056
20
186.4535
0
VERTEX
8
CUT
10
136.2984
20
186.4580
0
VERTEX
8
CUT
10
136.2483
20
186.4889
0
VERTEX
8
CUT
10
136.2405
20
186.4937
0
VERTEX
8
CUT
10
136.1774
20
186.5312
0
VERTEX
8
CUT
10
136.1697
20
186.5357
0
VERTEX
8
CUT
10
136.1193
20
186.5647
0
VERTEX
8
CUT
10
136.1111
20
186.5694
0
VERTEX
8
CUT
10
121.7698
20
194.5226
0
VERTEX
8
CUT
10
121.7619
20
194.5270
0
VERTEX
8
CUT
10
121.7436
20
194.5374
0
VERTEX
8
CUT
10
121.7358
20
194.5419
0
VERTEX
8
CUT
10
121.7262
20
194.5475
0
VERTEX
8
CUT
10
121.7184
20
194.5520
0
VERTEX
8
CUT
10
121.7003
20
194.5628
0
VERTEX
8
CUT
10
121.6926
20
194.5675
0
VERTEX
8
CUT
10
121.6863
20
194.5713
0
VERTEX
8
CUT
10
121.6786
20
194.5760
0
VERTEX
8
CUT
10
121.6607
20
194.5871
0
VERTEX
8
CUT
10
121.6531
20
194.5920
0
VERTEX
8
CUT
10
121.6438
20
194.5979
0
VERTEX
8
CUT
10
121.6362
20
194.6028
0
VERTEX
8
CUT
10
121.6185
20
194.6143
0
VERTEX
8
CUT
10
121.6109
20
194.6192
0
VERTEX
8
CUT
10
116.7291
20
197.8644
0
VERTEX
8
CUT
10
116.7187
20
197.8713
0
VERTEX
8
CUT
10
116.6948
20
197.8878
0
VERTEX
8
CUT
10
116.6845
20
197.8949
0
VERTEX
8
CUT
10
116.6721
20
197.9037
0
VERTEX
8
CUT
10
116.6620
20
197.9109
0
VERTEX
8
CUT
10
116.6384
20
197.9280
0
VERTEX
8
CUT
10
116.6284
20
197.9354
0
VERTEX
8
CUT
10
116.6204
20
197.9414
0
VERTEX
8
CUT
10
116.6104
20
197.9489
0
VERTEX
8
CUT
10
116.5874
20
197.9667
0
VERTEX
8
CUT
10
116.5776
20
197.9743
0
VERTEX
8
CUT
10
116.5657
20
197.9838
0
VERTEX
8
CUT
10
116.5559
20
197.9916
0
VERTEX
8
CUT
10
116.5334
20
198.0099
0
VERTEX
8
CUT
10
116.5238
20
198.0179
0
VERTEX
8
CUT
10
114.0571
20
200.0848
0
VERTEX
8
CUT
10
114.0468
20
200.0936
0
VERTEX
8
CUT
10
114.0229
20
200.1142
0
VERTEX
8
CUT
10
114.0127
20
200.1232
0
VERTEX
8
CUT
10
114.0004
20
200.1342
0
VERTEX
8
CUT
10
113.9903
20
200.1432
0
VERTEX
8
CUT
10
113.9671
20
200.1646
0
VERTEX
8
CUT
10
113.9572
20
200.1738
0
VERTEX
8
CUT
10
113.9493
20
200.1813
0
VERTEX
8
CUT
10
113.9395
20
200.1907
0
VERTEX
8
CUT
10
113.9169
20
200.2127
0
VERTEX
8
CUT
10
113.9073
20
200.2222
0
VERTEX
8
CUT
10
113.8956
20
200.2339
0
VERTEX
8
CUT
10
113.8861
20
200.2436
0
VERTEX
8
CUT
10
113.8642
20
200.2663
0
VERTEX
8
CUT
10
113.8549
20
200.2761
0
VERTEX
8
CUT
10
110.8797
20
203.4505
0
VERTEX
8
CUT
10
110.8688
20
203.4623
0
VERTEX
8
CUT
10
110.8438
20
203.4900
0
VERTEX
8
CUT
10
110.8332
20
203.5019
0
VERTEX
8
CUT
10
110.8204
20
203.5166
0
VERTEX
8
CUT
10
110.8099
20
203.5288
0
VERTEX
8
CUT
10
110.7859
20
203.5573
0
VERTEX
8
CUT
10
110.7757
20
203.5697
0
VERTEX
8
CUT
10
110.7677
20
203.5796
0
VERTEX
8
CUT
10
110.7577
20
203.5921
0
VERTEX
8
CUT
10
110.7347
20
203.6215
0
VERTEX
8
CUT
10
110.7249
20
203.6342
0
VERTEX
8
CUT
10
110.7132
20
203.6497
0
VERTEX
8
CUT
10
110.7037
20
203.6626
0
VERTEX
8
CUT
10
110.6817
20
203.6928
0
VERTEX
8
CUT
10
110.6724
20
203.7058
0
VERTEX
8
CUT
10
108.1770
20
207.2700
0
VERTEX
8
CUT
10
108.1685
20
207.2824
0
VERTEX
8
CUT
10
108.1489
20
207.3115
0
VERTEX
8
CUT
10
108.1405
20
207.3240
0
VERTEX
8
CUT
10
108.1305
20
207.3394
0
VERTEX
8
CUT
10
108.1224
20
207.3521
0
VERTEX
8
CUT
10
108.1037
20
207.3818
0
VERTEX
8
CUT
10
108.0958
20
207.3947
0
VERTEX
8
CUT
10
108.0896
20
207.4050
0
VERTEX
8
CUT
10
108.0819
20
207.4179
0
VERTEX
8
CUT
10
108.0642
20
207.4483
0
VERTEX
8
CUT
10
108.0568
20
207.4614
0
VERTEX
8
CUT
10
108.0478
20
207.4774
0
VERTEX
8
CUT
10
108.0405
20
207.4906
0
VERTEX
8
CUT
10
108.0239
20
207.5215
0
VERTEX
8
CUT
10
108.0169
20
207.5348
0
VERTEX
8
CUT
10
106.1025
20
211.2393
0
VERTEX
8
CUT
10
106.0955
20
211.2530
0
VERTEX
8
CUT
10
106.0795
20
211.2853
0
VERTEX
8
CUT
10
106.0728
20
211.2992
0
VERTEX
8
CUT
10
106.0647
20
211.3162
0
VERTEX
8
CUT
10
106.0583
20
211.3302
0
VERTEX
8
CUT
10
106.0434
20
211.3630
0
VERTEX
8
CUT
10
106.0371
20
211.3772
0
VERTEX
8
CUT
10
106.0322
20
211.3885
0
VERTEX
8
CUT
10
106.0262
20
211.4027
0
VERTEX
8
CUT
10
106.0125
20
211.4360
0
VERTEX
8
CUT
10
106.0067
20
211.4503
0
VERTEX
8
CUT
10
105.9998
20
211.4679
0
VERTEX
8
CUT
10
105.9943
20
211.4823
0
VERTEX
8
CUT
10
105.9817
20
211.5160
0
VERTEX
8
CUT
10
105.9765
20
211.5305
0
VERTEX
8
CUT
10
104.5922
20
215.4469
0
VERTEX
8
CUT
10
104.5872
20
215.4616
0
VERTEX
8
CUT
10
104.5757
20
215.4959
0
VERTEX
8
CUT
10
104.5709
20
215.5107
0
VERTEX
8
CUT
10
104.5652
20
215.5288
0
VERTEX
8
CUT
10
104.5607
20
215.5436
0
VERTEX
8
CUT
10
104.5504
20
215.5784
0
VERTEX
8
CUT
10
104.5461
20
215.5933
0
VERTEX
8
CUT
10
104.5428
20
215.6053
0
VERTEX
8
CUT
10
104.5387
20
215.6203
0
VERTEX
8
CUT
10
104.5297
20
215.6554
0
VERTEX
8
CUT
10
104.5259
20
215.6704
0
VERTEX
8
CUT
10
104.5215
20
215.6888
0
VERTEX
8
CUT
10
104.5180
20
215.7040
0
VERTEX
8
CUT
10
104.5101
20
215.7393
0
VERTEX
8
CUT
10
104.5068
20
215.7545
0
VERTEX
8
CUT
10
103.6945
20
219.7278
0
VERTEX
8
CUT
10
103.6931
20
219.7348
0
VERTEX
8
CUT
10
103.6899
20
219.7511
0
VERTEX
8
CUT
10
103.6893
20
219.7539
0
VERTEX
8
CUT
10
103.6841
20
219.7839
0
VERTEX
8
CUT
10
103.6752
20
219.8411
0
VERTEX
8
CUT
10
103.6677
20
219.9038
0
VERTEX
8
CUT
10
103.6612
20
219.9798
0
VERTEX
8
CUT
10
103.6590
20
220.0149
0
VERTEX
8
CUT
10
103.4827
20
223.8904
0
VERTEX
8
CUT
10
103.4823
20
223.9003
0
VERTEX
8
CUT
10
103.4820
20
223.9093
0
VERTEX
8
CUT
10
103.4815
20
223.9474
0
VERTEX
8
CUT
10
103.4821
20
224.0156
0
VERTEX
8
CUT
10
103.4828
20
224.0445
0
VERTEX
8
CUT
10
103.4844
20
224.0720
0
VERTEX
8
CUT
10
103.4892
20
224.1363
0
VERTEX
8
CUT
10
103.4929
20
224.1743
0
VERTEX
8
CUT
10
103.4944
20
224.1869
0
VERTEX
8
CUT
10
103.4957
20
224.1978
0
VERTEX
8
CUT
10
103.9692
20
227.8342
0
VERTEX
8
CUT
10
103.9707
20
227.8453
0
VERTEX
8
CUT
10
103.9722
20
227.8552
0
VERTEX
8
CUT
10
103.9793
20
227.8979
0
VERTEX
8
CUT
10
103.9940
20
227.9744
0
VERTEX
8
CUT
10
104.0009
20
228.0066
0
VERTEX
8
CUT
10
104.0086
20
228.0370
0
VERTEX
8
CUT
10
104.0279
20
228.1078
0
VERTEX
8
CUT
10
104.0403
20
228.1494
0
VERTEX
8
CUT
10
104.0448
20
228.1632
0
VERTEX
8
CUT
10
104.0488
20
228.1751
0
VERTEX
8
CUT
10
105.1771
20
231.4847
0
VERTEX
8
CUT
10
105.1816
20
231.4977
0
VERTEX
8
CUT
10
105.1870
20
231.5128
0
VERTEX
8
CUT
10
105.2071
20
231.5638
0
VERTEX
8
CUT
10
105.2427
20
231.6471
0
VERTEX
8
CUT
10
105.2588
20
231.6824
0
VERTEX
8
CUT
10
105.2765
20
231.7169
0
VERTEX
8
CUT
10
105.3196
20
231.7966
0
VERTEX
8
CUT
10
105.3472
20
231.8440
0
VERTEX
8
CUT
10
105.3557
20
231.8576
0
VERTEX
8
CUT
10
105.3630
20
231.8692
0
VERTEX
8
CUT
10
109.9610
20
239.0075
0
VERTEX
8
CUT
10
109.9676
20
239.0180
0
VERTEX
8
CUT
10
110.0097
20
239.0866
0
VERTEX
8
CUT
10
110.0161
20
239.0972
0
VERTEX
8
CUT
10
110.0406
20
239.1389
0
VERTEX
8
CUT
10
110.0527
20
239.1605
0
VERTEX
8
CUT
10
110.1284
20
239.3025
0
VERTEX
8
CUT
10
110.1396
20
239.3246
0
VERTEX
8
CUT
10
110.1606
20
239.3682
0
VERTEX
8
CUT
10
110.1658
20
239.3794
0
VERTEX
8
CUT
10
110.1992
20
239.4527
0
VERTEX
8
CUT
10
110.2042
20
239.4640
0
VERTEX
8
CUT
10
111.0526
20
241.4314
0
VERTEX
8
CUT
10
111.0575
20
241.4431
0
VERTEX
8
CUT
10
111.0883
20
241.5189
0
VERTEX
8
CUT
10
111.0929
20
241.5306
0
VERTEX
8
CUT
10
111.1105
20
241.5765
0
VERTEX
8
CUT
10
111.1190
20
241.6002
0
VERTEX
8
CUT
10
111.1709
20
241.7554
0
VERTEX
8
CUT
10
111.1784
20
241.7794
0
VERTEX
8
CUT
10
111.1921
20
241.8267
0
VERTEX
8
CUT
10
111.1955
20
241.8388
0
VERTEX
8
CUT
10
111.2165
20
241.9179
0
VERTEX
8
CUT
10
111.2196
20
241.9301
0
VERTEX
8
CUT
10
111.5076
20
243.1110
0
VERTEX
8
CUT
10
111.5107
20
243.1241
0
VERTEX
8
CUT
10
111.5295
20
243.2097
0
VERTEX
8
CUT
10
111.5323
20
243.2229
0
VERTEX
8
CUT
10
111.5425
20
243.2747
0
VERTEX
8
CUT
10
111.5471
20
243.3013
0
VERTEX
8
CUT
10
111.5731
20
243.4746
0
VERTEX
8
CUT
10
111.5766
20
243.5014
0
VERTEX
8
CUT
10
111.5820
20
243.5538
0
VERTEX
8
CUT
10
111.5833
20
243.5672
0
VERTEX
8
CUT
10
111.5905
20
243.6546
0
VERTEX
8
CUT
10
111.5914
20
243.6681
0
VERTEX
8
CUT
10
111.6908
20
245.3420
0
VERTEX
8
CUT
10
111.6916
20
245.3574
0
VERTEX
8
CUT
10
111.6949
20
245.4582
0
VERTEX
8
CUT
10
111.6952
20
245.4737
0
VERTEX
8
CUT
10
111.6957
20
245.5342
0
VERTEX
8
CUT
10
111.6951
20
245.5652
0
VERTEX
8
CUT
10
111.6863
20
245.7665
0
VERTEX
8
CUT
10
111.6841
20
245.7974
0
VERTEX
8
CUT
10
111.6783
20
245.8577
0
VERTEX
8
CUT
10
111.6766
20
245.8731
0
VERTEX
8
CUT
10
111.6644
20
245.9731
0
VERTEX
8
CUT
10
111.6623
20
245.9885
0
VERTEX
8
CUT
10
111.4146
20
247.6561
0
VERTEX
8
CUT
10
111.4123
20
247.6706
0
VERTEX
8
CUT
10
111.3959
20
247.7649
0
VERTEX
8
CUT
10
111.3932
20
247.7794
0
VERTEX
8
CUT
10
111.3820
20
247.8358
0
VERTEX
8
CUT
10
111.3755
20
247.8645
0
VERTEX
8
CUT
10
111.3290
20
248.0500
0
VERTEX
8
CUT
10
111.3211
20
248.0784
0
VERTEX
8
CUT
10
111.3044
20
248.1334
0
VERTEX
8
CUT
10
111.3000
20
248.1475
0
VERTEX
8
CUT
10
111.2700
20
248.2383
0
VERTEX
8
CUT
10
111.2652
20
248.2523
0
VERTEX
8
CUT
10
110.7096
20
249.8041
0
VERTEX
8
CUT
10
110.7046
20
249.8176
0
VERTEX
8
CUT
10
110.6708
20
249.9052
0
VERTEX
8
CUT
10
110.6655
20
249.9186
0
VERTEX
8
CUT
10
110.6439
20
249.9707
0
VERTEX
8
CUT
10
110.6323
20
249.9971
0
VERTEX
8
CUT
10
110.5523
20
250.1668
0
VERTEX
8
CUT
10
110.5394
20
250.1926
0
VERTEX
8
CUT
10
110.5130
20
250.2424
0
VERTEX
8
CUT
10
110.5060
20
250.2551
0
VERTEX
8
CUT
10
110.4601
20
250.3369
0
VERTEX
8
CUT
10
110.4528
20
250.3494
0
VERTEX
8
CUT
10
109.5947
20
251.7930
0
VERTEX
8
CUT
10
109.5878
20
251.8044
0
VERTEX
8
CUT
10
109.5420
20
251.8775
0
VERTEX
8
CUT
10
109.5349
20
251.8887
0
VERTEX
8
CUT
10
109.5064
20
251.9321
0
VERTEX
8
CUT
10
109.4914
20
251.9540
0
VERTEX
8
CUT
10
109.3905
20
252.0938
0
VERTEX
8
CUT
10
109.3745
20
252.1150
0
VERTEX
8
CUT
10
109.3423
20
252.1557
0
VERTEX
8
CUT
10
109.3340
20
252.1660
0
VERTEX
8
CUT
10
109.2790
20
252.2325
0
VERTEX
8
CUT
10
109.2704
20
252.2426
0
VERTEX
8
CUT
10
108.1141
20
253.5789
0
VERTEX
8
CUT
10
108.1051
20
253.5892
0
VERTEX
8
CUT
10
108.0453
20
253.6551
0
VERTEX
8
CUT
10
108.0360
20
253.6651
0
VERTEX
8
CUT
10
107.9992
20
253.7039
0
VERTEX
8
CUT
10
107.9799
20
253.7234
0
VERTEX
8
CUT
10
107.8518
20
253.8467
0
VERTEX
8
CUT
10
107.8316
20
253.8652
0
VERTEX
8
CUT
10
107.7914
20
253.9005
0
VERTEX
8
CUT
10
107.7810
20
253.9094
0
VERTEX
8
CUT
10
107.7128
20
253.9666
0
VERTEX
8
CUT
10
107.7023
20
253.9753
0
VERTEX
8
CUT
10
106.3176
20
255.0835
0
VERTEX
8
CUT
10
106.3063
20
255.0923
0
VERTEX
8
CUT
10
106.2321
20
255.1489
0
VERTEX
8
CUT
10
106.2205
20
255.1574
0
VERTEX
8
CUT
10
106.1751
20
255.1903
0
VERTEX
8
CUT
10
106.1515
20
255.2066
0
VERTEX
8
CUT
10
105.9954
20
255.3087
0
VERTEX
8
CUT
10
105.9710
20
255.3238
0
VERTEX
8
CUT
10
105.9227
20
255.3522
0
VERTEX
8
CUT
10
105.9102
20
255.3593
0
VERTEX
8
CUT
10
105.8287
20
255.4047
0
VERTEX
8
CUT
10
105.8161
20
255.4115
0
VERTEX
8
CUT
10
104.2281
20
256.2454
0
VERTEX
8
CUT
10
104.2162
20
256.2514
0
VERTEX
8
CUT
10
104.1384
20
256.2901
0
VERTEX
8
CUT
10
104.1263
20
256.2960
0
VERTEX
8
CUT
10
104.0790
20
256.3182
0
VERTEX
8
CUT
10
104.0546
20
256.3290
0
VERTEX
8
CUT
10
103.8941
20
256.3958
0
VERTEX
8
CUT
10
103.8692
20
256.4055
0
VERTEX
8
CUT
10
103.8201
20
256.4234
0
VERTEX
8
CUT
10
103.8075
20
256.4278
0
VERTEX
8
CUT
10
103.7252
20
256.4558
0
VERTEX
8
CUT
10
103.7125
20
256.4600
0
VERTEX
8
CUT
10
101.9412
20
257.0180
0
VERTEX
8
CUT
10
101.9263
20
257.0225
0
VERTEX
8
CUT
10
101.8293
20
257.0503
0
VERTEX
8
CUT
10
101.8143
20
257.0544
0
VERTEX
8
CUT
10
101.7556
20
257.0696
0
VERTEX
8
CUT
10
101.7254
20
257.0766
0
VERTEX
8
CUT
10
101.5277
20
257.1170
0
VERTEX
8
CUT
10
101.4971
20
257.1224
0
VERTEX
8
CUT
10
101.4372
20
257.1315
0
VERTEX
8
CUT
10
101.4218
20
257.1336
0
VERTEX
8
CUT
10
101.3216
20
257.1461
0
VERTEX
8
CUT
10
101.3062
20
257.1478
0
VERTEX
8
CUT
10
98.2250
20
257.4511
0
VERTEX
8
CUT
10
98.2227
20
257.4513
0
VERTEX
8
CUT
10
98.2060
20
257.4527
0
VERTEX
8
CUT
10
98.0972
20
257.4603
0
VERTEX
8
CUT
10
98.0804
20
257.4613
0
VERTEX
8
CUT
10
98.0150
20
257.4640
0
VERTEX
8
CUT
10
97.9814
20
257.4645
0
VERTEX
8
CUT
10
97.7634
20
257.4615
0
VERTEX
8
CUT
10
97.7299
20
257.4601
0
VERTEX
8
CUT
10
97.6645
20
257.4555
0
VERTEX
8
CUT
10
97.6478
20
257.4541
0
VERTEX
8
CUT
10
97.5392
20
257.4435
0
VERTEX
8
CUT
10
97.5226
20
257.4416
0
VERTEX
8
CUT
10
94.5039
20
257.0601
0
VERTEX
8
CUT
10
94.4869
20
257.0577
0
VERTEX
8
CUT
10
94.3771
20
257.0406
0
VERTEX
8
CUT
10
94.3602
20
257.0378
0
VERTEX
8
CUT
10
94.2946
20
257.0256
0
VERTEX
8
CUT
10
94.2611
20
257.0185
0
VERTEX
8
CUT
10
94.2193
20
257.0082
0
VERTEX
8
CUT
10
94.2173
20
257.0078
0
VERTEX
8
CUT
10
94.1477
20
256.9907
0
VERTEX
8
CUT
10
94.0453
20
256.9657
0
VERTEX
8
CUT
10
94.0423
20
256.9649
0
VERTEX
8
CUT
10
94.0026
20
256.9551
0
VERTEX
8
CUT
10
93.9698
20
256.9461
0
VERTEX
8
CUT
10
93.9063
20
256.9266
0
VERTEX
8
CUT
10
93.8901
20
256.9214
0
VERTEX
8
CUT
10
93.7853
20
256.8860
0
VERTEX
8
CUT
10
93.7693
20
256.8804
0
VERTEX
8
CUT
10
90.7246
20
255.7550
0
VERTEX
8
CUT
10
90.7144
20
255.7511
0
VERTEX
8
CUT
10
90.6432
20
255.7233
0
VERTEX
8
CUT
10
90.6326
20
255.7190
0
VERTEX
8
CUT
10
90.5863
20
255.6999
0
VERTEX
8
CUT
10
90.5641
20
255.6902
0
VERTEX
8
CUT
10
90.4274
20
255.6273
0
VERTEX
8
CUT
10
90.4064
20
255.6171
0
VERTEX
8
CUT
10
90.3914
20
255.6095
0
VERTEX
8
CUT
10
90.3911
20
255.6093
0
VERTEX
8
CUT
10
90.3700
20
255.5991
0
VERTEX
8
CUT
10
90.3338
20
255.5807
0
VERTEX
8
CUT
10
90.3240
20
255.5756
0
VERTEX
8
CUT
10
90.2567
20
255.5398
0
VERTEX
8
CUT
10
90.2459
20
255.5338
0
VERTEX
8
CUT
10
88.8407
20
254.7478
0
VERTEX
8
CUT
10
88.8273
20
254.7400
0
VERTEX
8
CUT
10
88.8091
20
254.7298
0
VERTEX
8
CUT
10
88.7969
20
254.7229
0
VERTEX
8
CUT
10
88.7188
20
254.6768
0
VERTEX
8
CUT
10
88.7068
20
254.6696
0
VERTEX
8
CUT
10
88.6101
20
254.6096
0
VERTEX
8
CUT
10
88.5983
20
254.6021
0
VERTEX
8
CUT
10
88.5224
20
254.5524
0
VERTEX
8
CUT
10
88.5108
20
254.5447
0
VERTEX
8
CUT
10
87.0787
20
253.5605
0
VERTEX
8
CUT
10
87.0630
20
253.5494
0
VERTEX
8
CUT
10
86.9625
20
253.4754
0
VERTEX
8
CUT
10
86.9472
20
253.4638
0
VERTEX
8
CUT
10
86.8241
20
253.3671
0
VERTEX
8
CUT
10
86.8092
20
253.3550
0
VERTEX
8
CUT
10
86.7136
20
253.2747
0
VERTEX
8
CUT
10
86.6991
20
253.2622
0
VERTEX
8
CUT
10
86.5815
20
253.1569
0
VERTEX
8
CUT
10
86.4436
20
253.0580
0
VERTEX
8
CUT
10
86.4276
20
253.0462
0
VERTEX
8
CUT
10
86.3252
20
252.9674
0
VERTEX
8
CUT
10
86.3096
20
252.9550
0
VERTEX
8
CUT
10
86.1844
20
252.8520
0
VERTEX
8
CUT
10
86.1692
20
252.8391
0
VERTEX
8
CUT
10
86.0722
20
252.7538
0
VERTEX
8
CUT
10
86.0575
20
252.7404
0
VERTEX
8
CUT
10
85.0751
20
251.8166
0
VERTEX
8
CUT
10
85.0612
20
251.8031
0
VERTEX
8
CUT
10
84.9727
20
251.7144
0
VERTEX
8
CUT
10
84.9593
20
251.7005
0
VERTEX
8
CUT
10
84.8757
20
251.6111
0
VERTEX
8
CUT
10
84.8557
20
251.5902
0
VERTEX
8
CUT
10
84.8401
20
251.5733
0
VERTEX
8
CUT
10
84.8137
20
251.5435
0
VERTEX
8
CUT
10
84.8066
20
251.5354
0
VERTEX
8
CUT
10
84.7702
20
251.4928
0
VERTEX
8
CUT
10
84.7563
20
251.4770
0
VERTEX
8
CUT
10
84.7438
20
251.4623
0
VERTEX
8
CUT
10
83.3431
20
249.7566
0
VERTEX
8
CUT
10
83.3361
20
249.7478
0
VERTEX
8
CUT
10
83.2873
20
249.6860
0
VERTEX
8
CUT
10
83.2801
20
249.6768
0
VERTEX
8
CUT
10
83.2489
20
249.6357
0
VERTEX
8
CUT
10
83.2343
20
249.6155
0
VERTEX
8
CUT
10
83.1458
20
249.4883
0
VERTEX
8
CUT
10
83.1435
20
249.4849
0
VERTEX
8
CUT
10
83.1387
20
249.4782
0
VERTEX
8
CUT
10
83.1267
20
249.4606
0
VERTEX
8
CUT
10
83.0507
20
249.3449
0
VERTEX
8
CUT
10
83.0394
20
249.3269
0
VERTEX
8
CUT
10
81.5373
20
246.8531
0
VERTEX
8
CUT
10
81.5305
20
246.8416
0
VERTEX
8
CUT
10
81.4871
20
246.7664
0
VERTEX
8
CUT
10
81.4806
20
246.7548
0
VERTEX
8
CUT
10
81.4555
20
246.7090
0
VERTEX
8
CUT
10
81.4432
20
246.6853
0
VERTEX
8
CUT
10
81.3667
20
246.5295
0
VERTEX
8
CUT
10
81.3554
20
246.5052
0
VERTEX
8
CUT
10
81.3345
20
246.4574
0
VERTEX
8
CUT
10
81.3293
20
246.4451
0
VERTEX
8
CUT
10
81.2963
20
246.3648
0
VERTEX
8
CUT
10
81.2914
20
246.3524
0
VERTEX
8
CUT
10
81.2490
20
246.2424
0
VERTEX
8
CUT
10
81.2416
20
246.2289
0
VERTEX
8
CUT
10
81.2348
20
246.2163
0
VERTEX
8
CUT
10
81.2091
20
246.1670
0
VERTEX
8
CUT
10
81.1965
20
246.1414
0
VERTEX
8
CUT
10
81.1189
20
245.9733
0
VERTEX
8
CUT
10
81.1075
20
245.9472
0
VERTEX
8
CUT
10
81.0866
20
245.8956
0
VERTEX
8
CUT
10
81.0814
20
245.8823
0
VERTEX
8
CUT
10
81.0486
20
245.7957
0
VERTEX
8
CUT
10
81.0437
20
245.7823
0
VERTEX
8
CUT
10
80.7498
20
244.9459
0
VERTEX
8
CUT
10
80.3063
20
243.7941
0
VERTEX
8
CUT
10
80.3017
20
243.7817
0
VERTEX
8
CUT
10
80.2724
20
243.7002
0
VERTEX
8
CUT
10
80.2680
20
243.6876
0
VERTEX
8
CUT
10
80.2335
20
243.5846
0
VERTEX
8
CUT
10
80.2294
20
243.5719
0
VERTEX
8
CUT
10
80.2037
20
243.4892
0
VERTEX
8
CUT
10
80.1999
20
243.4764
0
VERTEX
8
CUT
10
80.0530
20
242.9630
0
VERTEX
8
CUT
10
80.0124
20
242.8476
0
VERTEX
8
CUT
10
80.0075
20
242.8329
0
VERTEX
8
CUT
10
79.9765
20
242.7368
0
VERTEX
8
CUT
10
79.9719
20
242.7220
0
VERTEX
8
CUT
10
79.9361
20
242.6004
0
VERTEX
8
CUT
10
79.9320
20
242.5855
0
VERTEX
8
CUT
10
79.9060
20
242.4879
0
VERTEX
8
CUT
10
79.9022
20
242.4729
0
VERTEX
8
CUT
10
79.8491
20
242.2506
0
VERTEX
8
CUT
10
79.5119
20
241.0725
0
VERTEX
8
CUT
10
79.5091
20
241.0624
0
VERTEX
8
CUT
10
79.4903
20
240.9919
0
VERTEX
8
CUT
10
79.4876
20
240.9814
0
VERTEX
8
CUT
10
79.4760
20
240.9349
0
VERTEX
8
CUT
10
79.4709
20
240.9124
0
VERTEX
8
CUT
10
79.4417
20
240.7717
0
VERTEX
8
CUT
10
79.4376
20
240.7498
0
VERTEX
8
CUT
10
79.4311
20
240.7119
0
VERTEX
8
CUT
10
79.4295
20
240.7016
0
VERTEX
8
CUT
10
79.4187
20
240.6302
0
VERTEX
8
CUT
10
79.4170
20
240.6186
0
VERTEX
8
CUT
10
79.3651
20
240.2235
0
VERTEX
8
CUT
10
79.1885
20
239.4843
0
VERTEX
8
CUT
10
79.1859
20
239.4725
0
VERTEX
8
CUT
10
79.1692
20
239.3959
0
VERTEX
8
CUT
10
79.1667
20
239.3841
0
VERTEX
8
CUT
10
79.1576
20
239.3378
0
VERTEX
8
CUT
10
79.1535
20
239.3140
0
VERTEX
8
CUT
10
79.1294
20
239.1591
0
VERTEX
8
CUT
10
79.1262
20
239.1352
0
VERTEX
8
CUT
10
79.1208
20
239.0883
0
VERTEX
8
CUT
10
79.1196
20
239.0763
0
VERTEX
8
CUT
10
79.1123
20
238.9982
0
VERTEX
8
CUT
10
79.1113
20
238.9862
0
VERTEX
8
CUT
10
79.0074
20
237.5766
0
VERTEX
8
CUT
10
79.0065
20
237.5607
0
VERTEX
8
CUT
10
79.0016
20
237.4571
0
VERTEX
8
CUT
10
79.0011
20
237.4411
0
VERTEX
8
CUT
10
78.9984
20
237.3110
0
VERTEX
8
CUT
10
78.9983
20
237.2950
0
VERTEX
8
CUT
10
78.9990
20
237.1913
0
VERTEX
8
CUT
10
78.9993
20
237.1753
0
VERTEX
8
CUT
10
79.1166
20
233.6097
0
VERTEX
8
CUT
10
79.1176
20
233.5896
0
VERTEX
8
CUT
10
79.1205
20
233.5471
0
VERTEX
8
CUT
10
79.1211
20
233.5264
0
VERTEX
8
CUT
10
79.1218
20
233.5108
0
VERTEX
8
CUT
10
79.1278
20
233.4094
0
VERTEX
8
CUT
10
79.1289
20
233.3938
0
VERTEX
8
CUT
10
79.1397
20
233.2668
0
VERTEX
8
CUT
10
79.1413
20
233.2512
0
VERTEX
8
CUT
10
79.1525
20
233.1503
0
VERTEX
8
CUT
10
79.1544
20
233.1348
0
VERTEX
8
CUT
10
79.3976
20
231.3700
0
VERTEX
8
CUT
10
79.3995
20
231.3573
0
VERTEX
8
CUT
10
79.4128
20
231.2745
0
VERTEX
8
CUT
10
79.4149
20
231.2618
0
VERTEX
8
CUT
10
79.4338
20
231.1582
0
VERTEX
8
CUT
10
79.4362
20
231.1455
0
VERTEX
8
CUT
10
79.4530
20
231.0634
0
VERTEX
8
CUT
10
79.4557
20
231.0508
0
VERTEX
8
CUT
10
79.6821
20
230.0524
0
VERTEX
8
CUT
10
79.8212
20
229.2274
0
VERTEX
8
CUT
10
79.8233
20
229.2154
0
VERTEX
8
CUT
10
79.8381
20
229.1376
0
VERTEX
8
CUT
10
79.8405
20
229.1256
0
VERTEX
8
CUT
10
79.8610
20
229.0283
0
VERTEX
8
CUT
10
79.8636
20
229.0164
0
VERTEX
8
CUT
10
79.8815
20
228.9393
0
VERTEX
8
CUT
10
79.8844
20
228.9274
0
VERTEX
8
CUT
10
80.3312
20
227.1650
0
VERTEX
8
CUT
10
80.3355
20
227.1491
0
VERTEX
8
CUT
10
80.3647
20
227.0458
0
VERTEX
8
CUT
10
80.3694
20
227.0300
0
VERTEX
8
CUT
10
80.4097
20
226.9014
0
VERTEX
8
CUT
10
80.4148
20
226.8857
0
VERTEX
8
CUT
10
80.4497
20
226.7842
0
VERTEX
8
CUT
10
80.4552
20
226.7687
0
SEQEND
0
POLYLINE
8
CUT
66
1
70
1
10
0.0
20
0.0
30
0.0
0
VERTEX
8
CUT
10
137.1665
20
26.9020
0
VERTEX
8
CUT
10
137.1878
20
26.8489
0
VERTEX
8
CUT
10
137.2641
20
26.6824
0
VERTEX
8
CUT
10
137.2766
20
26.6567
0
VERTEX
8
CUT
10
137.3022
20
26.6071
0
VERTEX
8
CUT
10
137.3089
20
26.5944
0
VERTEX
8
CUT
10
137.3536
20
26.5130
0
VERTEX
8
CUT
10
137.3606
20
26.5005
0
VERTEX
8
CUT
10
137.3762
20
26.4735
0
VERTEX
8
CUT
10
137.3847
20
26.4593
0
VERTEX
8
CUT
10
137.4410
20
26.3679
0
VERTEX
8
CUT
10
137.4498
20
26.3540
0
VERTEX
8
CUT
10
137.4852
20
26.3000
0
VERTEX
8
CUT
10
137.5040
20
26.2729
0
VERTEX
8
CUT
10
137.6296
20
26.1024
0
VERTEX
8
CUT
10
137.6716
20
26.0515
0
VERTEX
8
CUT
10
137.8152
20
25.8958
0
VERTEX
8
CUT
10
137.8382
20
25.8722
0
VERTEX
8
CUT
10
137.8845
20
25.8273
0
VERTEX
8
CUT
10
137.8965
20
25.8159
0
VERTEX
8
CUT
10
137.9756
20
25.7433
0
VERTEX
8
CUT
10
137.9879
20
25.7322
0
VERTEX
8
CUT
10
138.3229
20
25.4410
0
VERTEX
8
CUT
10
138.3335
20
25.4320
0
VERTEX
8
CUT
10
138.4035
20
25.3740
0
VERTEX
8
CUT
10
138.4144
20
25.3651
0
VERTEX
8
CUT
10
138.4573
20
25.3313
0
VERTEX
8
CUT
10
138.4796
20
25.3144
0
VERTEX
8
CUT
10
138.6253
20
25.2099
0
VERTEX
8
CUT
10
138.6723
20
25.1794
0
VERTEX
8
CUT
10
138.8250
20
25.0901
0
VERTEX
8
CUT
10
138.8745
20
25.0642
0
VERTEX
8
CUT
10
139.0349
20
24.9895
0
VERTEX
8
CUT
10
139.0866
20
24.9683
0
VERTEX
8
CUT
10
139.2521
20
24.9093
0
VERTEX
8
CUT
10
139.3062
20
24.8928
0
VERTEX
8
CUT
10
139.4824
20
24.8482
0
VERTEX
8
CUT
10
139.5102
20
24.8418
0
VERTEX
8
CUT
10
139.5152
20
24.8408
0
VERTEX
8
CUT
10
139.5450
20
24.8355
0
VERTEX
8
CUT
10
139.7356
20
24.8066
0
VERTEX
8
CUT
10
139.7954
20
24.8006
0
VERTEX
8
CUT
10
139.9829
20
24.7912
0
VERTEX
8
CUT
10
140.0425
20
24.7911
0
VERTEX
8
CUT
10
140.2335
20
24.8005
0
VERTEX
8
CUT
10
140.2632
20
24.8027
0
VERTEX
8
CUT
10
140.3212
20
24.8085
0
VERTEX
8
CUT
10
140.3360
20
24.8101
0
VERTEX
8
CUT
10
140.4322
20
24.8221
0
VERTEX
8
CUT
10
140.4470
20
24.8241
0
VERTEX
8
CUT
10
141.0113
20
24.9086
0
VERTEX
8
CUT
10
141.0268
20
24.9111
0
VERTEX
8
CUT
10
141.1270
20
24.9288
0
VERTEX
8
CUT
10
141.1423
20
24.9317
0
VERTEX
8
CUT
10
141.2022
20
24.9439
0
VERTEX
8
CUT
10
141.2327
20
24.9509
0
VERTEX
8
CUT
10
141.4270
20
25.0012
0
VERTEX
8
CUT
10
141.4867
20
25.0200
0
VERTEX
8
CUT
10
141.6746
20
25.0901
0
VERTEX
8
CUT
10
141.7037
20
25.1019
0
VERTEX
8
CUT
10
141.7597
20
25.1262
0
VERTEX
8
CUT
10
141.7740
20
25.1326
0
VERTEX
8
CUT
10
141.8662
20
25.1756
0
VERTEX
8
CUT
10
141.8804
20
25.1823
0
VERTEX
8
CUT
10
142.1769
20
25.3299
0
VERTEX
8
CUT
10
142.1908
20
25.3371
0
VERTEX
8
CUT
10
142.2810
20
25.3849
0
VERTEX
8
CUT
10
142.2948
20
25.3925
0
VERTEX
8
CUT
10
142.3481
20
25.4226
0
VERTEX
8
CUT
10
142.3751
20
25.4388
0
VERTEX
8
CUT
10
142.5448
20
25.5467
0
VERTEX
8
CUT
10
142.5960
20
25.5831
0
VERTEX
8
CUT
10
142.7514
20
25.7065
0
VERTEX
8
CUT
10
142.7984
20
25.7481
0
VERTEX
8
CUT
10
142.9421
20
25.8890
0
VERTEX
8
CUT
10
142.9639
20
25.9116
0
VERTEX
8
CUT
10
143.0053
20
25.9567
0
VERTEX
8
CUT
10
143.0158
20
25.9684
0
VERTEX
8
CUT
10
143.0828
20
26.0454
0
VERTEX
8
CUT
10
143.0930
20
26.0574
0
VERTEX
8
CUT
10
143.1188
20
26.0886
0
VERTEX
8
CUT
10
143.1277
20
26.0996
0
VERTEX
8
CUT
10
143.1846
20
26.1719
0
VERTEX
8
CUT
10
143.1932
20
26.1832
0
VERTEX
8
CUT
10
143.2264
20
26.2274
0
VERTEX
8
CUT
10
143.2428
20
26.2505
0
VERTEX
8
CUT
10
143.3446
20
26.4006
0
VERTEX
8
CUT
10
143.3742
20
26.4489
0
VERTEX
8
CUT
10
143.4602
20
26.6059
0
VERTEX
8
CUT
10
143.4851
20
26.6567
0
VERTEX
8
CUT
10
143.5569
20
26.8234
0
VERTEX
8
CUT
10
143.5675
20
26.8496
0
VERTEX
8
CUT
10
143.5870
20
26.9014
0
VERTEX
8
CUT
10
143.5918
20
26.9147
0
VERTEX
8
CUT
10
143.6222
20
27.0015
0
VERTEX
8
CUT
10
143.6267
20
27.0149
0
VERTEX
8
CUT
10
143.6676
20
27.1413
0
VERTEX
8
CUT
10
143.6724
20
27.1569
0
VERTEX
8
CUT
10
143.7024
20
27.2591
0
VERTEX
8
CUT
10
143.7068
20
27.2749
0
VERTEX
8
CUT
10
143.7231
20
27.3367
0
VERTEX
8
CUT
10
143.7306
20
27.3686
0
VERTEX
8
CUT
10
143.7730
20
27.5741
0
VERTEX
8
CUT
10
143.7828
20
27.6389
0
VERTEX
8
CUT
10
143.8025
20
27.8479
0
VERTEX
8
CUT
10
143.8047
20
27.8806
0
VERTEX
8
CUT
10
143.8073
20
27.9444
0
VERTEX
8
CUT
10
143.8077
20
27.9608
0
VERTEX
8
CUT
10
143.8090
20
28.0673
0
VERTEX
8
CUT
10
143.8090
20
28.0837
0
VERTEX
8
CUT
10
143.8048
20
28.3666
0
VERTEX
8
CUT
10
143.8043
20
28.3827
0
VERTEX
8
CUT
10
143.8000
20
28.4870
0
VERTEX
8
CUT
10
143.7991
20
28.5030
0
VERTEX
8
CUT
10
143.7948
20
28.5656
0
VERTEX
8
CUT
10
143.7917
20
28.5976
0
VERTEX
8
CUT
10
143.7667
20
28.8019
0
VERTEX
8
CUT
10
143.7555
20
28.8651
0
VERTEX
8
CUT
10
143.7087
20
29.0656
0
VERTEX
8
CUT
10
143.7006
20
29.0967
0
VERTEX
8
CUT
10
143.6831
20
29.1569
0
VERTEX
8
CUT
10
143.6784
20
29.1723
0
VERTEX
8
CUT
10
143.6466
20
29.2717
0
VERTEX
8
CUT
10
143.6415
20
29.2869
0
VERTEX
8
CUT
10
143.5694
20
29.4934
0
VERTEX
8
CUT
10
143.5642
20
29.5075
0
VERTEX
8
CUT
10
143.5297
20
29.5990
0
VERTEX
8
CUT
10
143.5242
20
29.6130
0
VERTEX
8
CUT
10
143.5020
20
29.6674
0
VERTEX
8
CUT
10
143.4900
20
29.6949
0
VERTEX
8
CUT
10
143.4085
20
29.8696
0
VERTEX
8
CUT
10
143.3804
20
29.9228
0
VERTEX
8
CUT
10
143.2818
20
30.0884
0
VERTEX
8
CUT
10
143.2658
20
30.1139
0
VERTEX
8
CUT
10
143.2333
20
30.1628
0
VERTEX
8
CUT
10
143.2248
20
30.1752
0
VERTEX
8
CUT
10
143.1686
20
30.2552
0
VERTEX
8
CUT
10
143.1598
20
30.2674
0
VERTEX
8
CUT
10
143.0628
20
30.3985
0
VERTEX
8
CUT
10
143.0527
20
30.4118
0
VERTEX
8
CUT
10
142.9861
20
30.4969
0
VERTEX
8
CUT
10
142.9756
20
30.5098
0
VERTEX
8
CUT
10
142.9342
20
30.5598
0
VERTEX
8
CUT
10
142.9122
20
30.5848
0
VERTEX
8
CUT
10
142.7673
20
30.7410
0
VERTEX
8
CUT
10
142.7194
20
30.7872
0
VERTEX
8
CUT
10
142.5580
20
30.9264
0
VERTEX
8
CUT
10
142.5322
20
30.9475
0
VERTEX
8
CUT
10
142.4808
20
30.9871
0
VERTEX
8
CUT
10
142.4675
20
30.9970
0
VERTEX
8
CUT
10
142.3800
20
31.0606
0
VERTEX
8
CUT
10
142.3665
20
31.0702
0
VERTEX
8
CUT
10
142.2405
20
31.1566
0
VERTEX
8
CUT
10
142.2280
20
31.1649
0
VERTEX
8
CUT
10
142.1462
20
31.2180
0
VERTEX
8
CUT
10
142.1335
20
31.2261
0
VERTEX
8
CUT
10
142.0836
20
31.2567
0
VERTEX
8
CUT
10
142.0576
20
31.2718
0
VERTEX
8
CUT
10
141.8889
20
31.3642
0
VERTEX
8
CUT
10
141.8349
20
31.3903
0
VERTEX
8
CUT
10
141.6603
20
31.4643
0
VERTEX
8
CUT
10
141.6039
20
31.4850
0
VERTEX
8
CUT
10
141.4202
20
31.5420
0
VERTEX
8
CUT
10
141.3914
20
31.5501
0
VERTEX
8
CUT
10
141.3346
20
31.5647
0
VERTEX
8
CUT
10
141.3200
20
31.5682
0
VERTEX
8
CUT
10
141.2250
20
31.5901
0
VERTEX
8
CUT
10
141.2103
20
31.5932
0
VERTEX
8
CUT
10
140.8184
20
31.6730
0
VERTEX
8
CUT
10
140.8038
20
31.6758
0
VERTEX
8
CUT
10
140.7082
20
31.6928
0
VERTEX
8
CUT
10
140.6935
20
31.6952
0
VERTEX
8
CUT
10
140.6359
20
31.7040
0
VERTEX
8
CUT
10
140.6062
20
31.7077
0
VERTEX
8
CUT
10
140.4158
20
31.7270
0
VERTEX
8
CUT
10
140.3562
20
31.7301
0
VERTEX
8
CUT
10
140.1675
20
31.7304
0
VERTEX
8
CUT
10
140.1078
20
31.7276
0
VERTEX
8
CUT
10
139.9200
20
31.7091
0
VERTEX
8
CUT
10
139.8609
20
31.7003
0
VERTEX
8
CUT
10
139.6758
20
31.6633
0
VERTEX
8
CUT
10
139.6180
20
31.6487
0
VERTEX
8
CUT
10
139.4375
20
31.5935
0
VERTEX
8
CUT
10
139.3813
20
31.5732
0
VERTEX
8
CUT
10
139.2048
20
31.4993
0
VERTEX
8
CUT
10
139.1775
20
31.4870
0
VERTEX
8
CUT
10
139.1250
20
31.4619
0
VERTEX
8
CUT
10
139.1116
20
31.4553
0
VERTEX
8
CUT
10
139.0251
20
31.4112
0
VERTEX
8
CUT
10
139.0119
20
31.4043
0
VERTEX
8
CUT
10
138.8858
20
31.3360
0
VERTEX
8
CUT
10
138.8726
20
31.3287
0
VERTEX
8
CUT
10
138.7873
20
31.2797
0
VERTEX
8
CUT
10
138.7743
20
31.2720
0
VERTEX
8
CUT
10
138.7238
20
31.2413
0
VERTEX
8
CUT
10
138.6984
20
31.2249
0
VERTEX
8
CUT
10
138.5380
20
31.1159
0
VERTEX
8
CUT
10
138.4897
20
31.0794
0
VERTEX
8
CUT
10
138.3432
20
30.9565
0
VERTEX
8
CUT
10
138.2988
20
30.9154
0
VERTEX
8
CUT
10
138.1636
20
30.7764
0
VERTEX
8
CUT
10
138.1430
20
30.7542
0
VERTEX
8
CUT
10
138.1040
20
30.7099
0
VERTEX
8
CUT
10
138.0941
20
30.6984
0
VERTEX
8
CUT
10
138.0311
20
30.6230
0
VERTEX
8
CUT
10
138.0215
20
30.6112
0
VERTEX
8
CUT
10
137.6986
20
30.2047
0
VERTEX
8
CUT
10
137.6894
20
30.1928
0
VERTEX
8
CUT
10
137.6308
20
30.1151
0
VERTEX
8
CUT
10
137.6219
20
30.1030
0
VERTEX
8
CUT
10
137.5879
20
30.0555
0
VERTEX
8
CUT
10
137.5711
20
30.0307
0
VERTEX
8
CUT
10
137.4673
20
29.8692
0
VERTEX
8
CUT
10
137.4374
20
29.8173
0
VERTEX
8
CUT
10
137.3502
20
29.6462
0
VERTEX
8
CUT
10
137.3373
20
29.6192
0
VERTEX
8
CUT
10
137.3134
20
29.5658
0
VERTEX
8
CUT
10
137.3074
20
29.5521
0
VERTEX
8
CUT
10
137.2698
20
29.4623
0
VERTEX
8
CUT
10
137.2642
20
29.4484
0
VERTEX
8
CUT
10
137.1682
20
29.2020
0
VERTEX
8
CUT
10
137.1627
20
29.1873
0
VERTEX
8
CUT
10
137.1280
20
29.0910
0
VERTEX
8
CUT
10
137.1229
20
29.0762
0
VERTEX
8
CUT
10
137.1036
20
29.0178
0
VERTEX
8
CUT
10
137.0945
20
28.9877
0
VERTEX
8
CUT
10
137.0414
20
28.7931
0
VERTEX
8
CUT
10
137.0280
20
28.7316
0
VERTEX
8
CUT
10
136.9960
20
28.5353
0
VERTEX
8
CUT
10
136.9891
20
28.4727
0
VERTEX
8
CUT
10
136.9777
20
28.2713
0
VERTEX
8
CUT
10
136.9767
20
28.2398
0
VERTEX
8
CUT
10
136.9765
20
28.1784
0
VERTEX
8
CUT
10
136.9766
20
28.1627
0
VERTEX
8
CUT
10
136.9788
20
28.0604
0
VERTEX
8
CUT
10
136.9794
20
28.0446
0
VERTEX
8
CUT
10
136.9938
20
27.7456
0
VERTEX
8
CUT
10
136.9947
20
27.7314
0
VERTEX
8
CUT
10
137.0014
20
27.6387
0
VERTEX
8
CUT
10
137.0026
20
27.6245
0
VERTEX
8
CUT
10
137.0079
20
27.5689
0
VERTEX
8
CUT
10
137.0113
20
27.5405
0
VERTEX
8
CUT
10
137.0375
20
27.3592
0
VERTEX
8
CUT
10
137.0484
20
27.3031
0
VERTEX
8
CUT
10
137.0911
20
27.1275
0
VERTEX
8
CUT
10
137.1073
20
27.0727
0
SEQEND
0
POLYLINE
8
CUT
66
1
70
1
10
0.0
20
0.0
30
0.0
0
VERTEX
8
CUT
10
132.6596
20
100.2989
0
VERTEX
8
CUT
10
132.7042
20
100.2605
0
VERTEX
8
CUT
10
132.8509
20
100.1462
0
VERTEX
8
CUT
10
132.8991
20
100.1123
0
VERTEX
8
CUT
10
133.0563
20
100.0129
0
VERTEX
8
CUT
10
133.1075
20
99.9840
0
VERTEX
8
CUT
10
133.2737
20
99.9004
0
VERTEX
8
CUT
10
133.3275
20
99.8766
0
VERTEX
8
CUT
10
133.5011
20
99.8098
0
VERTEX
8
CUT
10
133.5570
20
99.7914
0
VERTEX
8
CUT
10
133.7363
20
99.7418
0
VERTEX
8
CUT
10
133.7937
20
99.7290
0
VERTEX
8
CUT
10
133.9770
20
99.6972
0
VERTEX
8
CUT
10
134.0354
20
99.6901
0
VERTEX
8
CUT
10
134.2209
20
99.6764
0
VERTEX
8
CUT
10
134.2797
20
99.6750
0
VERTEX
8
CUT
10
134.4657
20
99.6796
0
VERTEX
8
CUT
10
134.5243
20
99.6840
0
VERTEX
8
CUT
10
134.7115
20
99.7071
0
VERTEX
8
CUT
10
134.7406
20
99.7114
0
VERTEX
8
CUT
10
134.7599
20
99.7148
0
VERTEX
8
CUT
10
134.7887
20
99.7205
0
VERTEX
8
CUT
10
134.9749
20
99.7623
0
VERTEX
8
CUT
10
135.0034
20
99.7694
0
VERTEX
8
CUT
10
135.0219
20
99.7746
0
VERTEX
8
CUT
10
135.0499
20
99.7831
0
VERTEX
8
CUT
10
135.2284
20
99.8420
0
VERTEX
8
CUT
10
135.2831
20
99.8630
0
VERTEX
8
CUT
10
135.4526
20
99.9380
0
VERTEX
8
CUT
10
135.5050
20
99.9644
0
VERTEX
8
CUT
10
135.6664
20
100.0555
0
VERTEX
8
CUT
10
135.7160
20
100.0868
0
VERTEX
8
CUT
10
135.8677
20
100.1933
0
VERTEX
8
CUT
10
135.9140
20
100.2293
0
VERTEX
8
CUT
10
136.0546
20
100.3501
0
VERTEX
8
CUT
10
136.0971
20
100.3905
0
VERTEX
8
CUT
10
136.2252
20
100.5244
0
VERTEX
8
CUT
10
136.2637
20
100.5687
0
VERTEX
8
CUT
10
136.3781
20
100.7145
0
VERTEX
8
CUT
10
136.4120
20
100.7624
0
VERTEX
8
CUT
10
136.5117
20
100.9186
0
VERTEX
8
CUT
10
136.5408
20
100.9696
0
VERTEX
8
CUT
10
136.6247
20
101.1348
0
VERTEX
8
CUT
10
136.6487
20
101.1883
0
VERTEX
8
CUT
10
136.7161
20
101.3610
0
VERTEX
8
CUT
10
136.7347
20
101.4166
0
VERTEX
8
CUT
10
136.7849
20
101.5950
0
VERTEX
8
CUT
10
136.7980
20
101.6522
0
VERTEX
8
CUT
10
136.8306
20
101.8346
0
VERTEX
8
CUT
10
136.8381
20
101.8928
0
VERTEX
8
CUT
10
136.8527
20
102.0776
0
VERTEX
8
CUT
10
136.8545
20
102.1362
0
VERTEX
8
CUT
10
136.8510
20
102.3215
0
VERTEX
8
CUT
10
136.8470
20
102.3800
0
VERTEX
8
CUT
10
136.8254
20
102.5641
0
VERTEX
8
CUT
10
136.8158
20
102.6220
0
VERTEX
8
CUT
10
136.7764
20
102.8031
0
VERTEX
8
CUT
10
136.7611
20
102.8597
0
VERTEX
8
CUT
10
136.7042
20
103.0361
0
VERTEX
8
CUT
10
136.6835
20
103.0909
0
VERTEX
8
CUT
10
136.6096
20
103.2610
0
VERTEX
8
CUT
10
136.5836
20
103.3135
0
VERTEX
8
CUT
10
136.4935
20
103.4755
0
VERTEX
8
CUT
10
136.4626
20
103.5253
0
VERTEX
8
CUT
10
136.3556
20
103.6798
0
VERTEX
8
CUT
10
136.3383
20
103.7035
0
VERTEX
8
CUT
10
136.3321
20
103.7117
0
VERTEX
8
CUT
10
136.3136
20
103.7346
0
VERTEX
8
CUT
10
136.1898
20
103.8806
0
VERTEX
8
CUT
10
136.1702
20
103.9026
0
VERTEX
8
CUT
10
136.1624
20
103.9109
0
VERTEX
8
CUT
10
136.1417
20
103.9320
0
VERTEX
8
CUT
10
136.0052
20
104.0640
0
VERTEX
8
CUT
10
135.9607
20
104.1030
0
VERTEX
8
CUT
10
135.8139
20
104.2193
0
VERTEX
8
CUT
10
135.7657
20
104.2538
0
VERTEX
8
CUT
10
135.6082
20
104.3550
0
VERTEX
8
CUT
10
135.5569
20
104.3846
0
VERTEX
8
CUT
10
135.3901
20
104.4698
0
VERTEX
8
CUT
10
135.3361
20
104.4941
0
VERTEX
8
CUT
10
135.1618
20
104.5625
0
VERTEX
8
CUT
10
135.1057
20
104.5814
0
VERTEX
8
CUT
10
134.9254
20
104.6323
0
VERTEX
8
CUT
10
134.8677
20
104.6455
0
VERTEX
8
CUT
10
134.6834
20
104.6784
0
VERTEX
8
CUT
10
134.6246
20
104.6859
0
VERTEX
8
CUT
10
134.4379
20
104.7004
0
VERTEX
8
CUT
10
134.3787
20
104.7021
0
VERTEX
8
CUT
10
134.1915
20
104.6981
0
VERTEX
8
CUT
10
134.1324
20
104.6939
0
VERTEX
8
CUT
10
133.9465
20
104.6715
0
VERTEX
8
CUT
10
133.9439
20
104.6712
0
VERTEX
8
CUT
10
133.9146
20
104.6669
0
VERTEX
8
CUT
10
133.8737
20
104.6599
0
VERTEX
8
CUT
10
133.8058
20
104.6485
0
VERTEX
8
CUT
10
133.7203
20
104.6383
0
VERTEX
8
CUT
10
133.6611
20
104.6341
0
VERTEX
8
CUT
10
133.5726
20
104.6321
0
VERTEX
8
CUT
10
133.5137
20
104.6337
0
VERTEX
8
CUT
10
133.4254
20
104.6405
0
VERTEX
8
CUT
10
133.3669
20
104.6479
0
VERTEX
8
CUT
10
133.3550
20
104.6500
0
VERTEX
8
CUT
10
133.2965
20
104.6574
0
VERTEX
8
CUT
10
133.2376
20
104.6591
0
VERTEX
8
CUT
10
133.1789
20
104.6549
0
VERTEX
8
CUT
10
133.1208
20
104.6450
0
VERTEX
8
CUT
10
133.0640
20
104.6295
0
VERTEX
8
CUT
10
133.0090
20
104.6084
0
VERTEX
8
CUT
10
132.9563
20
104.5821
0
VERTEX
8
CUT
10
132.9064
20
104.5508
0
VERTEX
8
CUT
10
132.8599
20
104.5147
0
VERTEX
8
CUT
10
132.8171
20
104.4742
0
VERTEX
8
CUT
10
132.7785
20
104.4297
0
VERTEX
8
CUT
10
132.7444
20
104.3816
0
VERTEX
8
CUT
10
132.7153
20
104.3304
0
VERTEX
8
CUT
10
132.6913
20
104.2766
0
VERTEX
8
CUT
10
132.6644
20
104.2076
0
VERTEX
8
CUT
10
132.6291
20
104.1286
0
VERTEX
8
CUT
10
132.6030
20
104.0769
0
VERTEX
8
CUT
10
132.5600
20
104.0014
0
VERTEX
8
CUT
10
132.5290
20
103.9525
0
VERTEX
8
CUT
10
132.4790
20
103.8815
0
VERTEX
8
CUT
10
132.4452
20
103.8381
0
VERTEX
8
CUT
10
132.4443
20
103.8370
0
VERTEX
8
CUT
10
132.2949
20
103.6442
0
VERTEX
8
CUT
10
132.2778
20
103.6211
0
VERTEX
8
CUT
10
132.2680
20
103.6071
0
VERTEX
8
CUT
10
132.2517
20
103.5826
0
VERTEX
8
CUT
10
132.1511
20
103.4231
0
VERTEX
8
CUT
10
132.1222
20
103.3719
0
VERTEX
8
CUT
10
132.0389
20
103.2056
0
VERTEX
8
CUT
10
132.0151
20
103.1517
0
VERTEX
8
CUT
10
131.9485
20
102.9781
0
VERTEX
8
CUT
10
131.9301
20
102.9222
0
VERTEX
8
CUT
10
131.8808
20
102.7428
0
VERTEX
8
CUT
10
131.8680
20
102.6854
0
VERTEX
8
CUT
10
131.8365
20
102.5021
0
VERTEX
8
CUT
10
131.8294
20
102.4437
0
VERTEX
8
CUT
10
131.8160
20
102.2581
0
VERTEX
8
CUT
10
131.8146
20
102.1993
0
VERTEX
8
CUT
10
131.8195
20
102.0134
0
VERTEX
8
CUT
10
131.8239
20
101.9547
0
VERTEX
8
CUT
10
131.8469
20
101.7701
0
VERTEX
8
CUT
10
131.8570
20
101.7122
0
VERTEX
8
CUT
10
131.8980
20
101.5307
0
VERTEX
8
CUT
10
131.9138
20
101.4740
0
VERTEX
8
CUT
10
131.9723
20
101.2975
0
VERTEX
8
CUT
10
131.9936
20
101.2426
0
VERTEX
8
CUT
10
132.0692
20
101.0726
0
VERTEX
8
CUT
10
132.0957
20
101.0201
0
VERTEX
8
CUT
10
132.1875
20
100.8584
0
VERTEX
8
CUT
10
132.2191
20
100.8087
0
VERTEX
8
CUT
10
132.3263
20
100.6567
0
VERTEX
8
CUT
10
132.3626
20
100.6104
0
VERTEX
8
CUT
10
132.4842
20
100.4696
0
VERTEX
8
CUT
10
132.5248
20
100.4271
0
SEQEND
0
POLYLINE
8
CUT
66
1
70
1
10
0.0
20
0.0
30
0.0
0
VERTEX
8
CUT
10
104.3368
20
111.0292
0
VERTEX
8
CUT
10
104.3655
20
111.0230
0
VERTEX
8
CUT
10
104.3654
20
111.0224
0
VERTEX
8
CUT
10
104.4666
20
111.0003
0
VERTEX
8
CUT
10
104.5237
20
110.9848
0
VERTEX
8
CUT
10
104.6083
20
110.9574
0
VERTEX
8
CUT
10
104.6635
20
110.9364
0
VERTEX
8
CUT
10
104.7449
20
110.9008
0
VERTEX
8
CUT
10
104.7979
20
110.8744
0
VERTEX
8
CUT
10
104.8754
20
110.8309
0
VERTEX
8
CUT
10
104.9255
20
110.7995
0
VERTEX
8
CUT
10
104.9983
20
110.7486
0
VERTEX
8
CUT
10
105.0450
20
110.7123
0
VERTEX
8
CUT
10
105.1125
20
110.6545
0
VERTEX
8
CUT
10
105.1554
20
110.6138
0
VERTEX
8
CUT
10
105.2095
20
110.5573
0
VERTEX
8
CUT
10
105.2095
20
110.5572
0
VERTEX
8
CUT
10
105.2575
20
110.5018
0
VERTEX
8
CUT
10
105.3123
20
110.4319
0
VERTEX
8
CUT
10
105.3592
20
110.3654
0
VERTEX
8
CUT
10
105.3840
20
110.3285
0
VERTEX
8
CUT
10
105.4254
20
110.2632
0
VERTEX
8
CUT
10
105.4599
20
110.2144
0
VERTEX
8
CUT
10
105.5765
20
110.0658
0
VERTEX
8
CUT
10
105.6156
20
110.0207
0
VERTEX
8
CUT
10
105.7464
20
109.8845
0
VERTEX
8
CUT
10
105.7898
20
109.8435
0
VERTEX
8
CUT
10
105.9335
20
109.7209
0
VERTEX
8
CUT
10
105.9808
20
109.6844
0
VERTEX
8
CUT
10
106.1360
20
109.5768
0
VERTEX
8
CUT
10
106.1867
20
109.5452
0
VERTEX
8
CUT
10
106.3518
20
109.4535
0
VERTEX
8
CUT
10
106.4054
20
109.4271
0
VERTEX
8
CUT
10
106.5787
20
109.3522
0
VERTEX
8
CUT
10
106.6347
20
109.3313
0
VERTEX
8
CUT
10
106.8147
20
109.2741
0
VERTEX
8
CUT
10
106.8724
20
109.2588
0
VERTEX
8
CUT
10
107.0572
20
109.2197
0
VERTEX
8
CUT
10
107.1162
20
109.2103
0
VERTEX
8
CUT
10
107.3039
20
109.1898
0
VERTEX
8
CUT
10
107.3635
20
109.1863
0
VERTEX
8
CUT
10
107.5524
20
109.1846
0
VERTEX
8
CUT
10
107.6121
20
109.1870
0
VERTEX
8
CUT
10
107.8002
20
109.2041
0
VERTEX
8
CUT
10
107.8593
20
109.2124
0
VERTEX
8
CUT
10
108.0448
20
109.2481
0
VERTEX
8
CUT
10
108.1028
20
109.2623
0
VERTEX
8
CUT
10
108.2838
20
109.3162
0
VERTEX
8
CUT
10
108.3401
20
109.3361
0
VERTEX
8
CUT
10
108.5148
20
109.4078
0
VERTEX
8
CUT
10
108.5689
20
109.4332
0
VERTEX
8
CUT
10
108.7356
20
109.5219
0
VERTEX
8
CUT
10
108.7869
20
109.5525
0
VERTEX
8
CUT
10
108.9440
20
109.6574
0
VERTEX
8
CUT
10
108.9920
20
109.6930
0
VERTEX
8
CUT
10
109.1378
20
109.8129
0
VERTEX
8
CUT
10
109.1820
20
109.8531
0
VERTEX
8
CUT
10
109.3153
20
109.9869
0
VERTEX
8
CUT
10
109.3552
20
110.0313
0
VERTEX
8
CUT
10
109.4745
20
110.1777
0
VERTEX
8
CUT
10
109.4762
20
110.1798
0
VERTEX
8
CUT
10
109.4944
20
110.2034
0
VERTEX
8
CUT
10
109.5017
20
110.2133
0
VERTEX
8
CUT
10
109.5289
20
110.2484
0
VERTEX
8
CUT
10
109.5803
20
110.3117
0
VERTEX
8
CUT
10
109.6398
20
110.3778
0
VERTEX
8
CUT
10
109.6816
20
110.4198
0
VERTEX
8
CUT
10
109.7473
20
110.4797
0
VERTEX
8
CUT
10
109.7930
20
110.5174
0
VERTEX
8
CUT
10
109.8643
20
110.5706
0
VERTEX
8
CUT
10
109.9135
20
110.6036
0
VERTEX
8
CUT
10
109.9897
20
110.6494
0
VERTEX
8
CUT
10
110.0419
20
110.6774
0
VERTEX
8
CUT
10
110.1223
20
110.7155
0
VERTEX
8
CUT
10
110.1770
20
110.7382
0
VERTEX
8
CUT
10
110.2607
20
110.7682
0
VERTEX
8
CUT
10
110.3174
20
110.7853
0
VERTEX
8
CUT
10
110.4037
20
110.8069
0
VERTEX
8
CUT
10
110.4618
20
110.8184
0
VERTEX
8
CUT
10
110.5498
20
110.8314
0
VERTEX
8
CUT
10
110.6087
20
110.8371
0
VERTEX
8
CUT
10
110.6975
20
110.8412
0
VERTEX
8
CUT
10
110.7568
20
110.8411
0
VERTEX
8
CUT
10
110.8456
20
110.8365
0
VERTEX
8
CUT
10
110.9045
20
110.8305
0
VERTEX
8
CUT
10
110.9925
20
110.8172
0
VERTEX
8
CUT
10
111.0505
20
110.8054
0
VERTEX
8
CUT
10
111.1367
20
110.7834
0
VERTEX
8
CUT
10
111.1933
20
110.7660
0
VERTEX
8
CUT
10
111.2769
20
110.7356
0
VERTEX
8
CUT
10
111.3315
20
110.7127
0
VERTEX
8
CUT
10
111.4117
20
110.6742
0
VERTEX
8
CUT
10
111.4637
20
110.6460
0
VERTEX
8
CUT
10
111.5397
20
110.5998
0
VERTEX
8
CUT
10
111.5887
20
110.5665
0
VERTEX
8
CUT
10
111.6598
20
110.5130
0
VERTEX
8
CUT
10
111.7053
20
110.4751
0
VERTEX
8
CUT
10
111.7708
20
110.4149
0
VERTEX
8
CUT
10
111.8123
20
110.3727
0
VERTEX
8
CUT
10
111.8715
20
110.3063
0
VERTEX
8
CUT
10
111.9086
20
110.2602
0
VERTEX
8
CUT
10
111.9610
20
110.1882
0
VERTEX
8
CUT
10
111.9934
20
110.1387
0
VERTEX
8
CUT
10
112.0384
20
110.0620
0
VERTEX
8
CUT
10
112.0657
20
110.0094
0
VERTEX
8
CUT
10
112.1029
20
109.9286
0
VERTEX
8
CUT
10
112.1250
20
109.8737
0
VERTEX
8
CUT
10
112.1540
20
109.7896
0
VERTEX
8
CUT
10
112.1705
20
109.7327
0
VERTEX
8
CUT
10
112.1911
20
109.6462
0
VERTEX
8
CUT
10
112.2019
20
109.5880
0
VERTEX
8
CUT
10
112.2139
20
109.4998
0
VERTEX
8
CUT
10
112.2208
20
109.4186
0
VERTEX
8
CUT
10
112.2235
20
109.3742
0
VERTEX
8
CUT
10
112.2249
20
109.3336
0
VERTEX
8
CUT
10
112.2299
20
109.2751
0
VERTEX
8
CUT
10
112.2546
20
109.0913
0
VERTEX
8
CUT
10
112.2652
20
109.0336
0
VERTEX
8
CUT
10
112.3077
20
108.8531
0
VERTEX
8
CUT
10
112.3239
20
108.7967
0
VERTEX
8
CUT
10
112.3838
20
108.6212
0
VERTEX
8
CUT
10
112.4055
20
108.5667
0
VERTEX
8
CUT
10
112.4823
20
108.3979
0
VERTEX
8
CUT
10
112.5091
20
108.3458
0
VERTEX
8
CUT
10
112.6020
20
108.1853
0
VERTEX
8
CUT
10
112.6339
20
108.1360
0
VERTEX
8
CUT
10
112.7420
20
107.9853
0
VERTEX
8
CUT
10
112.7785
20
107.9394
0
VERTEX
8
CUT
10
112.9025
20
107.7981
0
VERTEX
8
CUT
10
112.9224
20
107.7765
0
VERTEX
8
CUT
10
112.9622
20
107.7353
0
VERTEX
8
CUT
10
112.9726
20
107.7249
0
VERTEX
8
CUT
10
113.0405
20
107.6581
0
VERTEX
8
CUT
10
113.0511
20
107.6479
0
VERTEX
8
CUT
10
113.7225
20
107.0190
0
VERTEX
8
CUT
10
113.7373
20
107.0056
0
VERTEX
8
CUT
10
113.8352
20
106.9199
0
VERTEX
8
CUT
10
113.8505
20
106.9069
0
VERTEX
8
CUT
10
113.9768
20
106.8035
0
VERTEX
8
CUT
10
113.9925
20
106.7911
0
VERTEX
8
CUT
10
114.0958
20
106.7121
0
VERTEX
8
CUT
10
114.1119
20
106.7002
0
VERTEX
8
CUT
10
115.1679
20
105.9476
0
VERTEX
8
CUT
10
115.2048
20
105.9198
0
VERTEX
8
CUT
10
115.2712
20
105.8672
0
VERTEX
8
CUT
10
115.3405
20
105.8061
0
VERTEX
8
CUT
10
115.3845
20
105.7632
0
VERTEX
8
CUT
10
115.4472
20
105.6953
0
VERTEX
8
CUT
10
115.4866
20
105.6481
0
VERTEX
8
CUT
10
115.5420
20
105.5742
0
VERTEX
8
CUT
10
115.5763
20
105.5232
0
VERTEX
8
CUT
10
115.6239
20
105.4440
0
VERTEX
8
CUT
10
115.6528
20
105.3897
0
VERTEX
8
CUT
10
115.6920
20
105.3060
0
VERTEX
8
CUT
10
115.7151
20
105.2491
0
VERTEX
8
CUT
10
115.7455
20
105.1618
0
VERTEX
8
CUT
10
115.7628
20
105.1028
0
VERTEX
8
CUT
10
115.7841
20
105.0129
0
VERTEX
8
CUT
10
115.7951
20
104.9524
0
VERTEX
8
CUT
10
115.8071
20
104.8608
0
VERTEX
8
CUT
10
115.8119
20
104.7995
0
VERTEX
8
CUT
10
115.8144
20
104.7071
0
VERTEX
8
CUT
10
115.8123
20
104.6195
0
VERTEX
8
CUT
10
115.8112
20
104.5916
0
VERTEX
8
CUT
10
115.8106
20
104.5808
0
VERTEX
8
CUT
10
115.8099
20
104.5305
0
VERTEX
8
CUT
10
115.8156
20
104.3335
0
VERTEX
8
CUT
10
115.8206
20
104.2712
0
VERTEX
8
CUT
10
115.8468
20
104.0753
0
VERTEX
8
CUT
10
115.8583
20
104.0139
0
VERTEX
8
CUT
10
115.9048
20
103.8218
0
VERTEX
8
CUT
10
115.9226
20
103.7618
0
VERTEX
8
CUT
10
115.9897
20
103.5730
0
VERTEX
8
CUT
10
116.0010
20
103.5438
0
VERTEX
8
CUT
10
116.0244
20
103.4874
0
VERTEX
8
CUT
10
116.0306
20
103.4731
0
VERTEX
8
CUT
10
116.0720
20
103.3803
0
VERTEX
8
CUT
10
116.0785
20
103.3661
0
VERTEX
8
CUT
10
116.0790
20
103.3652
0
VERTEX
8
CUT
10
117.5182
20
100.3529
0
VERTEX
8
CUT
10
117.5247
20
100.3397
0
VERTEX
8
CUT
10
117.5681
20
100.2544
0
VERTEX
8
CUT
10
117.5749
20
100.2414
0
VERTEX
8
CUT
10
117.6022
20
100.1908
0
VERTEX
8
CUT
10
117.6168
20
100.1652
0
VERTEX
8
CUT
10
117.7144
20
100.0038
0
VERTEX
8
CUT
10
117.7473
20
99.9549
0
VERTEX
8
CUT
10
117.8588
20
99.8059
0
VERTEX
8
CUT
10
117.8963
20
99.7605
0
VERTEX
8
CUT
10
118.0235
20
99.6212
0
VERTEX
8
CUT
10
118.0439
20
99.6000
0
VERTEX
8
CUT
10
118.0847
20
99.5595
0
VERTEX
8
CUT
10
118.0953
20
99.5493
0
VERTEX
8
CUT
10
118.1649
20
99.4835
0
VERTEX
8
CUT
10
118.1757
20
99.4736
0
VERTEX
8
CUT
10
118.3979
20
99.2737
0
VERTEX
8
CUT
10
118.4089
20
99.2640
0
VERTEX
8
CUT
10
118.4816
20
99.2019
0
VERTEX
8
CUT
10
118.4929
20
99.1924
0
VERTEX
8
CUT
10
118.5374
20
99.1561
0
VERTEX
8
CUT
10
118.5607
20
99.1381
0
VERTEX
8
CUT
10
118.7125
20
99.0264
0
VERTEX
8
CUT
10
118.7616
20
98.9939
0
VERTEX
8
CUT
10
118.9215
20
98.8988
0
VERTEX
8
CUT
10
118.9734
20
98.8713
0
VERTEX
8
CUT
10
119.1419
20
98.7924
0
VERTEX
8
CUT
10
119.1963
20
98.7701
0
VERTEX
8
CUT
10
119.3740
20
98.7072
0
VERTEX
8
CUT
10
119.4020
20
98.6980
0
VERTEX
8
CUT
10
119.4570
20
98.6815
0
VERTEX
8
CUT
10
119.4712
20
98.6775
0
VERTEX
8
CUT
10
119.5634
20
98.6523
0
VERTEX
8
CUT
10
119.5777
20
98.6486
0
VERTEX
8
CUT
10
120.3009
20
98.4701
0
VERTEX
8
CUT
10
120.3153
20
98.4667
0
VERTEX
8
CUT
10
120.4093
20
98.4459
0
VERTEX
8
CUT
10
120.4238
20
98.4429
0
VERTEX
8
CUT
10
120.4805
20
98.4318
0
VERTEX
8
CUT
10
120.5097
20
98.4269
0
VERTEX
8
CUT
10
120.6976
20
98.3998
0
VERTEX
8
CUT
10
120.7565
20
98.3942
0
VERTEX
8
CUT
10
120.9435
20
98.3859
0
VERTEX
8
CUT
10
121.0028
20
98.3862
0
VERTEX
8
CUT
10
121.1897
20
98.3963
0
VERTEX
8
CUT
10
121.2486
20
98.4024
0
VERTEX
8
CUT
10
121.4336
20
98.4309
0
VERTEX
8
CUT
10
121.4916
20
98.4428
0
VERTEX
8
CUT
10
121.6729
20
98.4894
0
VERTEX
8
CUT
10
121.7294
20
98.5070
0
VERTEX
8
CUT
10
121.9053
20
98.5712
0
VERTEX
8
CUT
10
121.9598
20
98.5943
0
VERTEX
8
CUT
10
122.1284
20
98.6755
0
VERTEX
8
CUT
10
122.1805
20
98.7038
0
VERTEX
8
CUT
10
122.3403
20
98.8013
0
VERTEX
8
CUT
10
122.3892
20
98.8346
0
VERTEX
8
CUT
10
122.5386
20
98.9474
0
VERTEX
8
CUT
10
122.5841
20
98.9854
0
VERTEX
8
CUT
10
122.7217
20
99.1123
0
VERTEX
8
CUT
10
122.7631
20
99.1546
0
VERTEX
8
CUT
10
122.8875
20
99.2944
0
VERTEX
8
CUT
10
122.9246
20
99.3406
0
VERTEX
8
CUT
10
123.0346
20
99.4921
0
VERTEX
8
CUT
10
123.0670
20
99.5416
0
VERTEX
8
CUT
10
123.1616
20
99.7032
0
VERTEX
8
CUT
10
123.1889
20
99.7557
0
VERTEX
8
CUT
10
123.2670
20
99.9258
0
VERTEX
8
CUT
10
123.2891
20
99.9808
0
VERTEX
8
CUT
10
123.3501
20
100.1578
0
VERTEX
8
CUT
10
123.3666
20
100.2146
0
VERTEX
8
CUT
10
123.4098
20
100.3968
0
VERTEX
8
CUT
10
123.4207
20
100.4550
0
VERTEX
8
CUT
10
123.4458
20
100.6405
0
VERTEX
8
CUT
10
123.4508
20
100.6995
0
VERTEX
8
CUT
10
123.4575
20
100.8866
0
VERTEX
8
CUT
10
123.4567
20
100.9458
0
VERTEX
8
CUT
10
123.4449
20
101.1326
0
VERTEX
8
CUT
10
123.4382
20
101.1914
0
VERTEX
8
CUT
10
123.4081
20
101.3762
0
VERTEX
8
CUT
10
123.3957
20
101.4341
0
VERTEX
8
CUT
10
123.3475
20
101.6150
0
VERTEX
8
CUT
10
123.3294
20
101.6713
0
VERTEX
8
CUT
10
123.2627
20
101.8490
0
VERTEX
8
CUT
10
123.2516
20
101.8765
0
VERTEX
8
CUT
10
123.2286
20
101.9295
0
VERTEX
8
CUT
10
123.2226
20
101.9431
0
VERTEX
8
CUT
10
123.1811
20
102.0327
0
VERTEX
8
CUT
10
123.1806
20
102.0340
0
VERTEX
8
CUT
10
123.1689
20
102.0597
0
VERTEX
8
CUT
10
123.1353
20
102.1371
0
VERTEX
8
CUT
10
123.1045
20
102.2188
0
VERTEX
8
CUT
10
123.0866
20
102.2741
0
VERTEX
8
CUT
10
123.0639
20
102.3584
0
VERTEX
8
CUT
10
123.0514
20
102.4152
0
VERTEX
8
CUT
10
123.0370
20
102.5014
0
VERTEX
8
CUT
10
123.0301
20
102.5591
0
VERTEX
8
CUT
10
123.0240
20
102.6462
0
VERTEX
8
CUT
10
123.0224
20
102.7262
0
VERTEX
8
CUT
10
123.0225
20
102.7699
0
VERTEX
8
CUT
10
123.0932
20
105.3383
0
VERTEX
8
CUT
10
123.0955
20
105.3817
0
VERTEX
8
CUT
10
123.1015
20
105.4610
0
VERTEX
8
CUT
10
123.1122
20
105.5471
0
VERTEX
8
CUT
10
123.1222
20
105.6041
0
VERTEX
8
CUT
10
123.1411
20
105.6888
0
VERTEX
8
CUT
10
123.1565
20
105.7445
0
VERTEX
8
CUT
10
123.1836
20
105.8270
0
VERTEX
8
CUT
10
123.2042
20
105.8810
0
VERTEX
8
CUT
10
123.2391
20
105.9605
0
VERTEX
8
CUT
10
123.2649
20
106.0122
0
VERTEX
8
CUT
10
123.3072
20
106.0880
0
VERTEX
8
CUT
10
123.3379
20
106.1370
0
VERTEX
8
CUT
10
123.3874
20
106.2083
0
VERTEX
8
CUT
10
123.4226
20
106.2542
0
VERTEX
8
CUT
10
123.4787
20
106.3204
0
VERTEX
8
CUT
10
123.5182
20
106.3626
0
VERTEX
8
CUT
10
123.5804
20
106.4231
0
VERTEX
8
CUT
10
123.6237
20
106.4614
0
VERTEX
8
CUT
10
123.6915
20
106.5156
0
VERTEX
8
CUT
10
123.7384
20
106.5495
0
VERTEX
8
CUT
10
123.8111
20
106.5969
0
VERTEX
8
CUT
10
123.8609
20
106.6261
0
VERTEX
8
CUT
10
123.9379
20
106.6663
0
VERTEX
8
CUT
10
123.9903
20
106.6906
0
VERTEX
8
CUT
10
124.0708
20
106.7232
0
VERTEX
8
CUT
10
124.1253
20
106.7423
0
VERTEX
8
CUT
10
124.2086
20
106.7670
0
VERTEX
8
CUT
10
124.2647
20
106.7808
0
VERTEX
8
CUT
10
124.3499
20
106.7974
0
VERTEX
8
CUT
10
124.4071
20
106.8057
0
VERTEX
8
CUT
10
124.4935
20
106.8139
0
VERTEX
8
CUT
10
124.5513
20
106.8167
0
VERTEX
8
CUT
10
124.6381
20
106.8166
0
VERTEX
8
CUT
10
124.6958
20
106.8137
0
VERTEX
8
CUT
10
124.7822
20
106.8053
0
VERTEX
8
CUT
10
124.8394
20
106.7969
0
VERTEX
8
CUT
10
124.9246
20
106.7802
0
VERTEX
8
CUT
10
124.9807
20
106.7663
0
VERTEX
8
CUT
10
125.0639
20
106.7414
0
VERTEX
8
CUT
10
125.1184
20
106.7222
0
VERTEX
8
CUT
10
125.1988
20
106.6895
0
VERTEX
8
CUT
10
125.2512
20
106.6651
0
VERTEX
8
CUT
10
125.3281
20
106.6247
0
VERTEX
8
CUT
10
125.3779
20
106.5954
0
VERTEX
8
CUT
10
125.4505
20
106.5479
0
VERTEX
8
CUT
10
125.4973
20
106.5139
0
VERTEX
8
CUT
10
125.5649
20
106.4595
0
VERTEX
8
CUT
10
125.6245
20
106.4068
0
VERTEX
8
CUT
10
125.6616
20
106.3723
0
VERTEX
8
CUT
10
125.6617
20
106.3724
0
VERTEX
8
CUT
10
125.6750
20
106.3599
0
VERTEX
8
CUT
10
125.8148
20
106.2362
0
VERTEX
8
CUT
10
125.8602
20
106.1998
0
VERTEX
8
CUT
10
126.0093
20
106.0917
0
VERTEX
8
CUT
10
126.0580
20
106.0599
0
VERTEX
8
CUT
10
126.2168
20
105.9667
0
VERTEX
8
CUT
10
126.2684
20
105.9397
0
VERTEX
8
CUT
10
126.4355
20
105.8625
0
VERTEX
8
CUT
10
126.4895
20
105.8406
0
VERTEX
8
CUT
10
126.6633
20
105.7799
0
VERTEX
8
CUT
10
126.7191
20
105.7634
0
VERTEX
8
CUT
10
126.9005
20
105.7192
0
VERTEX
8
CUT
10
126.9289
20
105.7130
0
VERTEX
8
CUT
10
126.9848
20
105.7022
0
VERTEX
8
CUT
10
126.9991
20
105.6996
0
VERTEX
8
CUT
10
127.0925
20
105.6839
0
VERTEX
8
CUT
10
127.1068
20
105.6817
0
VERTEX
8
CUT
10
127.8662
20
105.5732
0
VERTEX
8
CUT
10
127.8807
20
105.5713
0
VERTEX
8
CUT
10
127.9749
20
105.5602
0
VERTEX
8
CUT
10
127.9894
20
105.5586
0
VERTEX
8
CUT
10
128.0462
20
105.5533
0
VERTEX
8
CUT
10
128.0753
20
105.5513
0
VERTEX
8
CUT
10
128.2647
20
105.5428
0
VERTEX
8
CUT
10
128.2939
20
105.5422
0
VERTEX
8
CUT
10
128.3509
20
105.5425
0
VERTEX
8
CUT
10
128.3655
20
105.5427
0
VERTEX
8
CUT
10
128.4603
20
105.5454
0
VERTEX
8
CUT
10
128.4749
20
105.5460
0
VERTEX
8
CUT
10
129.0602
20
105.5768
0
VERTEX
8
CUT
10
129.0742
20
105.5777
0
VERTEX
8
CUT
10
129.1653
20
105.5847
0
VERTEX
8
CUT
10
129.1793
20
105.5859
0
VERTEX
8
CUT
10
129.2339
20
105.5914
0
VERTEX
8
CUT
10
129.2618
20
105.5948
0
VERTEX
8
CUT
10
129.4399
20
105.6211
0
VERTEX
8
CUT
10
129.4951
20
105.6318
0
VERTEX
8
CUT
10
129.6676
20
105.6741
0
VERTEX
8
CUT
10
129.7215
20
105.6900
0
VERTEX
8
CUT
10
129.8894
20
105.7481
0
VERTEX
8
CUT
10
129.9415
20
105.7690
0
VERTEX
8
CUT
10
130.1054
20
105.8436
0
VERTEX
8
CUT
10
130.1307
20
105.8559
0
VERTEX
8
CUT
10
130.1795
20
105.8809
0
VERTEX
8
CUT
10
130.1920
20
105.8875
0
VERTEX
8
CUT
10
130.2722
20
105.9311
0
VERTEX
8
CUT
10
130.2845
20
105.9379
0
VERTEX
8
CUT
10
130.5138
20
106.0695
0
VERTEX
8
CUT
10
130.5520
20
106.0903
0
VERTEX
8
CUT
10
130.6229
20
106.1265
0
VERTEX
8
CUT
10
130.7021
20
106.1623
0
VERTEX
8
CUT
10
130.7559
20
106.1836
0
VERTEX
8
CUT
10
130.8382
20
106.2115
0
VERTEX
8
CUT
10
130.8938
20
106.2275
0
VERTEX
8
CUT
10
130.9784
20
106.2474
0
VERTEX
8
CUT
10
131.0353
20
106.2579
0
VERTEX
8
CUT
10
131.1214
20
106.2696
0
VERTEX
8
CUT
10
131.1791
20
106.2746
0
VERTEX
8
CUT
10
131.2659
20
106.2779
0
VERTEX
8
CUT
10
131.3238
20
106.2773
0
VERTEX
8
CUT
10
131.4105
20
106.2722
0
VERTEX
8
CUT
10
131.4681
20
106.2660
0
VERTEX
8
CUT
10
131.5202
20
106.2578
0
VERTEX
8
CUT
10
131.5777
20
106.2516
0
VERTEX
8
CUT
10
131.6355
20
106.2510
0
VERTEX
8
CUT
10
131.6932
20
106.2560
0
VERTEX
8
CUT
10
131.7500
20
106.2664
0
VERTEX
8
CUT
10
131.8056
20
106.2824
0
VERTEX
8
CUT
10
131.8594
20
106.3035
0
VERTEX
8
CUT
10
131.9110
20
106.3298
0
VERTEX
8
CUT
10
131.9597
20
106.3609
0
VERTEX
8
CUT
10
132.0053
20
106.3966
0
VERTEX
8
CUT
10
132.0472
20
106.4364
0
VERTEX
8
CUT
10
132.0850
20
106.4802
0
VERTEX
8
CUT
10
132.1185
20
106.5273
0
VERTEX
8
CUT
10
132.1473
20
106.5775
0
VERTEX
8
CUT
10
132.1711
20
106.6302
0
VERTEX
8
CUT
10
132.2073
20
106.7219
0
VERTEX
8
CUT
10
132.2316
20
106.7756
0
VERTEX
8
CUT
10
132.2721
20
106.8544
0
VERTEX
8
CUT
10
132.3016
20
106.9054
0
VERTEX
8
CUT
10
132.3496
20
106.9798
0
VERTEX
8
CUT
10
132.3839
20
107.0277
0
VERTEX
8
CUT
10
132.4390
20
107.0970
0
VERTEX
8
CUT
10
132.4779
20
107.1413
0
VERTEX
8
CUT
10
132.5395
20
107.2049
0
VERTEX
8
CUT
10
132.5826
20
107.2452
0
VERTEX
8
CUT
10
132.6502
20
107.3024
0
VERTEX
8
CUT
10
132.7203
20
107.3560
0
VERTEX
8
CUT
10
132.7442
20
107.3738
0
VERTEX
8
CUT
10
132.7670
20
107.3916
0
VERTEX
8
CUT
10
132.8910
20
107.4933
0
VERTEX
8
CUT
10
132.9099
20
107.5095
0
VERTEX
8
CUT
10
132.9462
20
107.5419
0
VERTEX
8
CUT
10
132.9554
20
107.5503
0
VERTEX
8
CUT
10
133.0146
20
107.6054
0
VERTEX
8
CUT
10
133.0237
20
107.6140
0
VERTEX
8
CUT
10
133.0936
20
107.6818
0
VERTEX
8
CUT
10
133.1036
20
107.6917
0
VERTEX
8
CUT
10
133.1674
20
107.7565
0
VERTEX
8
CUT
10
133.1771
20
107.7666
0
VERTEX
8
CUT
10
133.2145
20
107.8065
0
VERTEX
8
CUT
10
133.2332
20
107.8273
0
VERTEX
8
CUT
10
133.3498
20
107.9637
0
VERTEX
8
CUT
10
133.3842
20
108.0079
0
VERTEX
8
CUT
10
133.4861
20
108.1526
0
VERTEX
8
CUT
10
133.5162
20
108.1998
0
VERTEX
8
CUT
10
133.6055
20
108.3554
0
VERTEX
8
CUT
10
133.6189
20
108.3800
0
VERTEX
8
CUT
10
133.6438
20
108.4287
0
VERTEX
8
CUT
10
133.6501
20
108.4412
0
VERTEX
8
CUT
10
133.6897
20
108.5231
0
VERTEX
8
CUT
10
133.6957
20
108.5358
0
VERTEX
8
CUT
10
133.7029
20
108.5516
0
VERTEX
8
CUT
10
133.7082
20
108.5638
0
VERTEX
8
CUT
10
133.7424
20
108.6433
0
VERTEX
8
CUT
10
133.7475
20
108.6556
0
VERTEX
8
CUT
10
133.7669
20
108.7039
0
VERTEX
8
CUT
10
133.7763
20
108.7288
0
VERTEX
8
CUT
10
133.8330
20
108.8898
0
VERTEX
8
CUT
10
133.8485
20
108.9408
0
VERTEX
8
CUT
10
133.8901
20
109.1039
0
VERTEX
8
CUT
10
133.9010
20
109.1561
0
VERTEX
8
CUT
10
133.9284
20
109.3246
0
VERTEX
8
CUT
10
133.9321
20
109.3510
0
VERTEX
8
CUT
10
133.9381
20
109.4026
0
VERTEX
8
CUT
10
133.9395
20
109.4159
0
VERTEX
8
CUT
10
133.9477
20
109.5021
0
VERTEX
8
CUT
10
133.9488
20
109.5153
0
VERTEX
8
CUT
10
134.0216
20
110.5206
0
VERTEX
8
CUT
10
134.0252
20
110.5594
0
VERTEX
8
CUT
10
134.0334
20
110.6302
0
VERTEX
8
CUT
10
134.0457
20
110.7070
0
VERTEX
8
CUT
10
134.0561
20
110.7577
0
VERTEX
8
CUT
10
134.0750
20
110.8332
0
VERTEX
8
CUT
10
134.0897
20
110.8828
0
VERTEX
8
CUT
10
134.1150
20
110.9564
0
VERTEX
8
CUT
10
134.1411
20
111.0227
0
VERTEX
8
CUT
10
134.1562
20
111.0586
0
VERTEX
8
CUT
10
134.1699
20
111.0894
0
VERTEX
8
CUT
10
134.1757
20
111.1029
0
VERTEX
8
CUT
10
134.1976
20
111.1558
0
VERTEX
8
CUT
10
134.2082
20
111.1832
0
VERTEX
8
CUT
10
134.2718
20
111.3602
0
VERTEX
8
CUT
10
134.2889
20
111.4163
0
VERTEX
8
CUT
10
134.3342
20
111.5962
0
VERTEX
8
CUT
10
134.3458
20
111.6537
0
VERTEX
8
CUT
10
134.3733
20
111.8372
0
VERTEX
8
CUT
10
134.3792
20
111.8955
0
VERTEX
8
CUT
10
134.3887
20
112.0808
0
VERTEX
8
CUT
10
134.3888
20
112.1395
0
VERTEX
8
CUT
10
134.3802
20
112.3248
0
VERTEX
8
CUT
10
134.3746
20
112.3832
0
VERTEX
8
CUT
10
134.3479
20
112.5667
0
VERTEX
8
CUT
10
134.3366
20
112.6243
0
VERTEX
8
CUT
10
134.2921
20
112.8044
0
VERTEX
8
CUT
10
134.2753
20
112.8606
0
VERTEX
8
CUT
10
134.2134
20
113.0355
0
VERTEX
8
CUT
10
134.1911
20
113.0898
0
VERTEX
8
CUT
10
134.1125
20
113.2578
0
VERTEX
8
CUT
10
134.0850
20
113.3096
0
VERTEX
8
CUT
10
133.9903
20
113.4691
0
VERTEX
8
CUT
10
133.9580
20
113.5181
0
VERTEX
8
CUT
10
133.8466
20
113.6696
0
VERTEX
8
CUT
10
133.8287
20
113.6928
0
VERTEX
8
CUT
10
133.7925
20
113.7373
0
VERTEX
8
CUT
10
133.7831
20
113.7486
0
VERTEX
8
CUT
10
133.7212
20
113.8211
0
VERTEX
8
CUT
10
133.7115
20
113.8321
0
VERTEX
8
CUT
10
130.5398
20
117.3663
0
VERTEX
8
CUT
10
130.5326
20
117.3743
0
VERTEX
8
CUT
10
130.4813
20
117.4293
0
VERTEX
8
CUT
10
130.4736
20
117.4375
0
VERTEX
8
CUT
10
130.4394
20
117.4729
0
VERTEX
8
CUT
10
130.4225
20
117.4897
0
VERTEX
8
CUT
10
130.3155
20
117.5921
0
VERTEX
8
CUT
10
130.2987
20
117.6076
0
VERTEX
8
CUT
10
130.2690
20
117.6339
0
VERTEX
8
CUT
10
130.2609
20
117.6409
0
VERTEX
8
CUT
10
130.2043
20
117.6893
0
VERTEX
8
CUT
10
130.1951
20
117.6970
0
VERTEX
8
CUT
10
129.5185
20
118.2521
0
VERTEX
8
CUT
10
129.5099
20
118.2590
0
VERTEX
8
CUT
10
129.4495
20
118.3067
0
VERTEX
8
CUT
10
129.4404
20
118.3137
0
VERTEX
8
CUT
10
129.4002
20
118.3443
0
VERTEX
8
CUT
10
129.3806
20
118.3586
0
VERTEX
8
CUT
10
129.2562
20
118.4453
0
VERTEX
8
CUT
10
129.2367
20
118.4583
0
VERTEX
8
CUT
10
129.2025
20
118.4802
0
VERTEX
8
CUT
10
129.1932
20
118.4861
0
VERTEX
8
CUT
10
129.1284
20
118.5260
0
VERTEX
8
CUT
10
129.1178
20
118.5323
0
VERTEX
8
CUT
10
127.2836
20
119.6093
0
VERTEX
8
CUT
10
127.2676
20
119.6184
0
VERTEX
8
CUT
10
127.1628
20
119.6757
0
VERTEX
8
CUT
10
127.1465
20
119.6842
0
VERTEX
8
CUT
10
127.0127
20
119.7521
0
VERTEX
8
CUT
10
126.9962
20
119.7602
0
VERTEX
8
CUT
10
126.8880
20
119.8110
0
VERTEX
8
CUT
10
126.8712
20
119.8185
0
VERTEX
8
CUT
10
126.3661
20
120.0370
0
VERTEX
8
CUT
10
126.3524
20
120.0427
0
VERTEX
8
CUT
10
126.2631
20
120.0788
0
VERTEX
8
CUT
10
126.2492
20
120.0842
0
VERTEX
8
CUT
10
126.1950
20
120.1045
0
VERTEX
8
CUT
10
126.1670
20
120.1142
0
VERTEX
8
CUT
10
125.9860
20
120.1721
0
VERTEX
8
CUT
10
125.9287
20
120.1873
0
VERTEX
8
CUT
10
125.7453
20
120.2265
0
VERTEX
8
CUT
10
125.6868
20
120.2360
0
VERTEX
8
CUT
10
125.5005
20
120.2569
0
VERTEX
8
CUT
10
125.4413
20
120.2606
0
VERTEX
8
CUT
10
125.2539
20
120.2630
0
VERTEX
8
CUT
10
125.1946
20
120.2608
0
VERTEX
8
CUT
10
125.0079
20
120.2447
0
VERTEX
8
CUT
10
124.9491
20
120.2367
0
VERTEX
8
CUT
10
124.7648
20
120.2022
0
VERTEX
8
CUT
10
124.7072
20
120.1884
0
VERTEX
8
CUT
10
124.5272
20
120.1359
0
VERTEX
8
CUT
10
124.4712
20
120.1165
0
VERTEX
8
CUT
10
124.2973
20
120.0465
0
VERTEX
8
CUT
10
124.2434
20
120.0217
0
VERTEX
8
CUT
10
124.0773
20
119.9349
0
VERTEX
8
CUT
10
124.0261
20
119.9048
0
VERTEX
8
CUT
10
123.8694
20
119.8020
0
VERTEX
8
CUT
10
123.8215
20
119.7671
0
VERTEX
8
CUT
10
123.6756
20
119.6493
0
VERTEX
8
CUT
10
123.6314
20
119.6098
0
VERTEX
8
CUT
10
123.5483
20
119.5279
0
VERTEX
8
CUT
10
123.5157
20
119.4973
0
VERTEX
8
CUT
10
123.4547
20
119.4429
0
VERTEX
8
CUT
10
123.3852
20
119.3868
0
VERTEX
8
CUT
10
123.3371
20
119.3518
0
VERTEX
8
CUT
10
123.2624
20
119.3029
0
VERTEX
8
CUT
10
123.2112
20
119.2729
0
VERTEX
8
CUT
10
123.1320
20
119.2316
0
VERTEX
8
CUT
10
123.0780
20
119.2068
0
VERTEX
8
CUT
10
122.9951
20
119.1736
0
VERTEX
8
CUT
10
122.9389
20
119.1543
0
VERTEX
8
CUT
10
122.8532
20
119.1294
0
VERTEX
8
CUT
10
122.7953
20
119.1157
0
VERTEX
8
CUT
10
122.7076
20
119.0995
0
VERTEX
8
CUT
10
122.6486
20
119.0916
0
VERTEX
8
CUT
10
122.5597
20
119.0842
0
VERTEX
8
CUT
10
122.5003
20
119.0822
0
VERTEX
8
CUT
10
122.4110
20
119.0836
0
VERTEX
8
CUT
10
122.3517
20
119.0875
0
VERTEX
8
CUT
10
122.2630
20
119.0977
0
VERTEX
8
CUT
10
122.2044
20
119.1075
0
VERTEX
8
CUT
10
122.1172
20
119.1265
0
VERTEX
8
CUT
10
122.0598
20
119.1420
0
VERTEX
8
CUT
10
121.9749
20
119.1695
0
VERTEX
8
CUT
10
121.9193
20
119.1906
0
VERTEX
8
CUT
10
121.8375
20
119.2264
0
VERTEX
8
CUT
10
121.7843
20
119.2530
0
VERTEX
8
CUT
10
121.7065
20
119.2967
0
VERTEX
8
CUT
10
121.6562
20
119.3284
0
VERTEX
8
CUT
10
121.5831
20
119.3796
0
VERTEX
8
CUT
10
121.5362
20
119.4161
0
VERTEX
8
CUT
10
121.4685
20
119.4743
0
VERTEX
8
CUT
10
121.4255
20
119.5153
0
VERTEX
8
CUT
10
121.3639
20
119.5799
0
VERTEX
8
CUT
10
121.3251
20
119.6250
0
VERTEX
8
CUT
10
121.2702
20
119.6954
0
VERTEX
8
CUT
10
121.2232
20
119.7623
0
VERTEX
8
CUT
10
121.1985
20
119.7995
0
VERTEX
8
CUT
10
121.1842
20
119.8223
0
VERTEX
8
CUT
10
121.1670
20
119.8480
0
VERTEX
8
CUT
10
121.0624
20
119.9965
0
VERTEX
8
CUT
10
121.0268
20
120.0420
0
VERTEX
8
CUT
10
120.9077
20
120.1805
0
VERTEX
8
CUT
10
120.8680
20
120.2225
0
VERTEX
8
CUT
10
120.7361
20
120.3489
0
VERTEX
8
CUT
10
120.6925
20
120.3868
0
VERTEX
8
CUT
10
120.5491
20
120.4999
0
VERTEX
8
CUT
10
120.5020
20
120.5335
0
VERTEX
8
CUT
10
120.3484
20
120.6323
0
VERTEX
8
CUT
10
120.2983
20
120.6612
0
VERTEX
8
CUT
10
120.1359
20
120.7447
0
VERTEX
8
CUT
10
120.0833
20
120.7687
0
VERTEX
8
CUT
10
119.9136
20
120.8362
0
VERTEX
8
CUT
10
119.8589
20
120.8550
0
VERTEX
8
CUT
10
119.6835
20
120.9059
0
VERTEX
8
CUT
10
119.6273
20
120.9193
0
VERTEX
8
CUT
10
119.4478
20
120.9531
0
VERTEX
8
CUT
10
119.3905
20
120.9611
0
VERTEX
8
CUT
10
119.2061
20
120.9777
0
VERTEX
8
CUT
10
119.1773
20
120.9796
0
VERTEX
8
CUT
10
119.1209
20
120.9819
0
VERTEX
8
CUT
10
119.1064
20
120.9824
0
VERTEX
8
CUT
10
119.0125
20
120.9840
0
VERTEX
8
CUT
10
118.9981
20
120.9841
0
VERTEX
8
CUT
10
117.4627
20
120.9741
0
VERTEX
8
CUT
10
117.4475
20
120.9738
0
VERTEX
8
CUT
10
117.3489
20
120.9706
0
VERTEX
8
CUT
10
117.3337
20
120.9700
0
VERTEX
8
CUT
10
117.2746
20
120.9666
0
VERTEX
8
CUT
10
117.2443
20
120.9641
0
VERTEX
8
CUT
10
117.0509
20
120.9432
0
VERTEX
8
CUT
10
116.9909
20
120.9336
0
VERTEX
8
CUT
10
116.8032
20
120.8938
0
VERTEX
8
CUT
10
116.7445
20
120.8782
0
VERTEX
8
CUT
10
116.5618
20
120.8196
0
VERTEX
8
CUT
10
116.5050
20
120.7982
0
VERTEX
8
CUT
10
116.3291
20
120.7214
0
VERTEX
8
CUT
10
116.2748
20
120.6944
0
VERTEX
8
CUT
10
116.1075
20
120.6003
0
VERTEX
8
CUT
10
116.0562
20
120.5679
0
VERTEX
8
CUT
10
115.8993
20
120.4573
0
VERTEX
8
CUT
10
115.8515
20
120.4199
0
VERTEX
8
CUT
10
115.7066
20
120.2941
0
VERTEX
8
CUT
10
115.6629
20
120.2520
0
VERTEX
8
CUT
10
115.5314
20
120.1122
0
VERTEX
8
CUT
10
115.4922
20
120.0659
0
VERTEX
8
CUT
10
115.3755
20
119.9135
0
VERTEX
8
CUT
10
115.3411
20
119.8635
0
VERTEX
8
CUT
10
115.2391
20
119.6979
0
VERTEX
8
CUT
10
115.2238
20
119.6716
0
VERTEX
8
CUT
10
115.1926
20
119.6147
0
VERTEX
8
CUT
10
115.1883
20
119.6068
0
VERTEX
8
CUT
10
115.1584
20
119.5502
0
VERTEX
8
CUT
10
115.1546
20
119.5429
0
VERTEX
8
CUT
10
115.1501
20
119.5341
0
VERTEX
8
CUT
10
115.1317
20
119.4999
0
VERTEX
8
CUT
10
115.0850
20
119.4175
0
VERTEX
8
CUT
10
115.0588
20
119.3743
0
VERTEX
8
CUT
10
114.0183
20
117.7582
0
VERTEX
8
CUT
10
114.0113
20
117.7470
0
VERTEX
8
CUT
10
113.9662
20
117.6736
0
VERTEX
8
CUT
10
113.9594
20
117.6622
0
VERTEX
8
CUT
10
113.9334
20
117.6175
0
VERTEX
8
CUT
10
113.9205
20
117.5943
0
VERTEX
8
CUT
10
113.8405
20
117.4419
0
VERTEX
8
CUT
10
113.8287
20
117.4181
0
VERTEX
8
CUT
10
113.8066
20
117.3713
0
VERTEX
8
CUT
10
113.8011
20
117.3592
0
VERTEX
8
CUT
10
113.7789
20
117.3092
0
VERTEX
8
CUT
10
113.7602
20
117.2696
0
VERTEX
8
CUT
10
113.7242
20
117.1979
0
VERTEX
8
CUT
10
113.6811
20
117.1218
0
VERTEX
8
CUT
10
113.6500
20
117.0725
0
VERTEX
8
CUT
10
113.5997
20
117.0009
0
VERTEX
8
CUT
10
113.5639
20
116.9549
0
VERTEX
8
CUT
10
113.5069
20
116.8885
0
VERTEX
8
CUT
10
113.4669
20
116.8461
0
VERTEX
8
CUT
10
113.4037
20
116.7856
0
VERTEX
8
CUT
10
113.3597
20
116.7474
0
VERTEX
8
CUT
10
113.2909
20
116.6932
0
VERTEX
8
CUT
10
113.2434
20
116.6594
0
VERTEX
8
CUT
10
113.1697
20
116.6123
0
VERTEX
8
CUT
10
113.1192
20
116.5833
0
VERTEX
8
CUT
10
113.0413
20
116.5434
0
VERTEX
8
CUT
10
112.9881
20
116.5195
0
VERTEX
8
CUT
10
112.9067
20
116.4874
0
VERTEX
8
CUT
10
112.8515
20
116.4688
0
VERTEX
8
CUT
10
112.7673
20
116.4448
0
VERTEX
8
CUT
10
112.7106
20
116.4315
0
VERTEX
8
CUT
10
112.6245
20
116.4158
0
VERTEX
8
CUT
10
112.5667
20
116.4082
0
VERTEX
8
CUT
10
112.4795
20
116.4009
0
VERTEX
8
CUT
10
112.4213
20
116.3989
0
VERTEX
8
CUT
10
112.3338
20
116.4002
0
VERTEX
8
CUT
10
112.2756
20
116.4038
0
VERTEX
8
CUT
10
112.1886
20
116.4136
0
VERTEX
8
CUT
10
112.1311
20
116.4229
0
VERTEX
8
CUT
10
112.0455
20
116.4410
0
VERTEX
8
CUT
10
111.9892
20
116.4558
0
VERTEX
8
CUT
10
111.9057
20
116.4822
0
VERTEX
8
CUT
10
111.8511
20
116.5025
0
VERTEX
8
CUT
10
111.7706
20
116.5368
0
VERTEX
8
CUT
10
111.7182
20
116.5623
0
VERTEX
8
CUT
10
111.6414
20
116.6043
0
VERTEX
8
CUT
10
111.5917
20
116.6347
0
VERTEX
8
CUT
10
111.5194
20
116.6840
0
VERTEX
8
CUT
10
111.4729
20
116.7191
0
VERTEX
8
CUT
10
111.4057
20
116.7752
0
VERTEX
8
CUT
10
111.3628
20
116.8146
0
VERTEX
8
CUT
10
111.3013
20
116.8770
0
VERTEX
8
CUT
10
111.2625
20
116.9204
0
VERTEX
8
CUT
10
111.2074
20
116.9884
0
VERTEX
8
CUT
10
111.1600
20
117.0531
0
VERTEX
8
CUT
10
111.1350
20
117.0890
0
VERTEX
8
CUT
10
111.1080
20
117.1300
0
VERTEX
8
CUT
10
111.0739
20
117.1766
0
VERTEX
8
CUT
10
110.9591
20
117.3186
0
VERTEX
8
CUT
10
110.9207
20
117.3617
0
VERTEX
8
CUT
10
110.7927
20
117.4920
0
VERTEX
8
CUT
10
110.7503
20
117.5312
0
VERTEX
8
CUT
10
110.6105
20
117.6486
0
VERTEX
8
CUT
10
110.5645
20
117.6836
0
VERTEX
8
CUT
10
110.4140
20
117.7870
0
VERTEX
8
CUT
10
110.3649
20
117.8174
0
VERTEX
8
CUT
10
110.2051
20
117.9058
0
VERTEX
8
CUT
10
110.1533
20
117.9314
0
VERTEX
8
CUT
10
109.9858
20
118.0041
0
VERTEX
8
CUT
10
109.9318
20
118.0245
0
VERTEX
8
CUT
10
109.7556
20
118.0815
0
VERTEX
8
CUT
10
109.7279
20
118.0897
0
VERTEX
8
CUT
10
109.6650
20
118.1068
0
VERTEX
8
CUT
10
109.6582
20
118.1086
0
VERTEX
8
CUT
10
109.6097
20
118.1212
0
VERTEX
8
CUT
10
109.6030
20
118.1229
0
VERTEX
8
CUT
10
109.5877
20
118.1266
0
VERTEX
8
CUT
10
109.5635
20
118.1329
0
VERTEX
8
CUT
10
109.5054
20
118.1490
0
VERTEX
8
CUT
10
109.4680
20
118.1602
0
VERTEX
8
CUT
10
109.4450
20
118.1676
0
VERTEX
8
CUT
10
109.4333
20
118.1715
0
VERTEX
8
CUT
10
107.2293
20
118.9178
0
VERTEX
8
CUT
10
107.2194
20
118.9213
0
VERTEX
8
CUT
10
107.2030
20
118.9270
0
VERTEX
8
CUT
10
107.1639
20
118.9418
0
VERTEX
8
CUT
10
107.0982
20
118.9684
0
VERTEX
8
CUT
10
107.0694
20
118.9807
0
VERTEX
8
CUT
10
107.0663
20
118.9820
0
VERTEX
8
CUT
10
107.0379
20
118.9953
0
VERTEX
8
CUT
10
106.9743
20
119.0264
0
VERTEX
8
CUT
10
106.9371
20
119.0456
0
VERTEX
8
CUT
10
106.9219
20
119.0540
0
VERTEX
8
CUT
10
106.9127
20
119.0590
0
VERTEX
8
CUT
10
105.9338
20
119.6097
0
VERTEX
8
CUT
10
105.9230
20
119.6158
0
VERTEX
8
CUT
10
105.8213
20
119.6730
0
VERTEX
8
CUT
10
105.8084
20
119.6801
0
VERTEX
8
CUT
10
105.7240
20
119.7249
0
VERTEX
8
CUT
10
105.7109
20
119.7316
0
VERTEX
8
CUT
10
105.7100
20
119.7321
0
VERTEX
8
CUT
10
105.6993
20
119.7374
0
VERTEX
8
CUT
10
105.6929
20
119.7408
0
VERTEX
8
CUT
10
105.6569
20
119.7587
0
VERTEX
8
CUT
10
105.6306
20
119.7710
0
VERTEX
8
CUT
10
105.4604
20
119.8457
0
VERTEX
8
CUT
10
105.4058
20
119.8666
0
VERTEX
8
CUT
10
105.4055
20
119.8667
0
VERTEX
8
CUT
10
105.2288
20
119.9245
0
VERTEX
8
CUT
10
105.1721
20
119.9401
0
VERTEX
8
CUT
10
104.9906
20
119.9803
0
VERTEX
8
CUT
10
104.9326
20
119.9902
0
VERTEX
8
CUT
10
104.7480
20
120.0125
0
VERTEX
8
CUT
10
104.6894
20
120.0167
0
VERTEX
8
CUT
10
104.5035
20
120.0208
0
VERTEX
8
CUT
10
104.4447
20
120.0193
0
VERTEX
8
CUT
10
104.2594
20
120.0052
0
VERTEX
8
CUT
10
104.2010
20
119.9979
0
VERTEX
8
CUT
10
104.0179
20
119.9657
0
VERTEX
8
CUT
10
103.9605
20
119.9527
0
VERTEX
8
CUT
10
103.7815
20
119.9028
0
VERTEX
8
CUT
10
103.7257
20
119.8842
0
VERTEX
8
CUT
10
103.5523
20
119.8170
0
VERTEX
8
CUT
10
103.4986
20
119.7930
0
VERTEX
8
CUT
10
103.3327
20
119.7092
0
VERTEX
8
CUT
10
103.2816
20
119.6801
0
VERTEX
8
CUT
10
103.1247
20
119.5804
0
VERTEX
8
CUT
10
103.0767
20
119.5465
0
VERTEX
8
CUT
10
102.9303
20
119.4319
0
VERTEX
8
CUT
10
102.8858
20
119.3934
0
VERTEX
8
CUT
10
102.7513
20
119.2650
0
VERTEX
8
CUT
10
102.7108
20
119.2224
0
VERTEX
8
CUT
10
102.5896
20
119.0815
0
VERTEX
8
CUT
10
102.5534
20
119.0351
0
VERTEX
8
CUT
10
102.4465
20
118.8830
0
VERTEX
8
CUT
10
102.4151
20
118.8333
0
VERTEX
8
CUT
10
102.3237
20
118.6714
0
VERTEX
8
CUT
10
102.2973
20
118.6189
0
VERTEX
8
CUT
10
102.2221
20
118.4488
0
VERTEX
8
CUT
10
102.2009
20
118.3940
0
VERTEX
8
CUT
10
102.1427
20
118.2174
0
VERTEX
8
CUT
10
102.1271
20
118.1607
0
VERTEX
8
CUT
10
102.0865
20
117.9793
0
VERTEX
8
CUT
10
102.0764
20
117.9214
0
VERTEX
8
CUT
10
102.0538
20
117.7368
0
VERTEX
8
CUT
10
102.0495
20
117.6782
0
VERTEX
8
CUT
10
102.0449
20
117.4923
0
VERTEX
8
CUT
10
102.0464
20
117.4336
0
VERTEX
8
CUT
10
102.0601
20
117.2481
0
VERTEX
8
CUT
10
102.0673
20
117.1898
0
VERTEX
8
CUT
10
102.0991
20
117.0066
0
VERTEX
8
CUT
10
102.1120
20
116.9492
0
VERTEX
8
CUT
10
102.1616
20
116.7701
0
VERTEX
8
CUT
10
102.1800
20
116.7142
0
VERTEX
8
CUT
10
102.2478
20
116.5384
0
VERTEX
8
CUT
10
102.2590
20
116.5112
0
VERTEX
8
CUT
10
102.2823
20
116.4587
0
VERTEX
8
CUT
10
102.2884
20
116.4453
0
VERTEX
8
CUT
10
102.3293
20
116.3589
0
VERTEX
8
CUT
10
102.3357
20
116.3457
0
VERTEX
8
CUT
10
102.7247
20
115.5723
0
VERTEX
8
CUT
10
102.9082
20
115.2074
0
VERTEX
8
CUT
10
103.1872
20
114.6527
0
VERTEX
8
CUT
10
103.9215
20
113.1926
0
VERTEX
8
CUT
10
103.9403
20
113.1529
0
VERTEX
8
CUT
10
103.9728
20
113.0794
0
VERTEX
8
CUT
10
104.0044
20
112.9976
0
VERTEX
8
CUT
10
104.0228
20
112.9421
0
VERTEX
8
CUT
10
104.0463
20
112.8576
0
VERTEX
8
CUT
10
104.0592
20
112.8006
0
VERTEX
8
CUT
10
104.0743
20
112.7142
0
VERTEX
8
CUT
10
104.0815
20
112.6562
0
VERTEX
8
CUT
10
104.0882
20
112.5687
0
VERTEX
8
CUT
10
104.0898
20
112.5103
0
VERTEX
8
CUT
10
104.0879
20
112.4226
0
VERTEX
8
CUT
10
104.0837
20
112.3643
0
VERTEX
8
CUT
10
104.0733
20
112.2772
0
VERTEX
8
CUT
10
104.0635
20
112.2196
0
VERTEX
8
CUT
10
104.0447
20
112.1339
0
VERTEX
8
CUT
10
104.0293
20
112.0776
0
VERTEX
8
CUT
10
104.0022
20
111.9941
0
VERTEX
8
CUT
10
103.9814
20
111.9395
0
VERTEX
8
CUT
10
103.9419
20
111.8491
0
VERTEX
8
CUT
10
103.9215
20
111.7955
0
VERTEX
8
CUT
10
103.9063
20
111.7402
0
VERTEX
8
CUT
10
103.8964
20
111.6837
0
VERTEX
8
CUT
10
103.8920
20
111.6265
0
VERTEX
8
CUT
10
103.8930
20
111.5691
0
VERTEX
8
CUT
10
103.8996
20
111.5121
0
VERTEX
8
CUT
10
103.9115
20
111.4560
0
VERTEX
8
CUT
10
103.9288
20
111.4013
0
VERTEX
8
CUT
10
103.9512
20
111.3485
0
VERTEX
8
CUT
10
103.9785
20
111.2981
0
VERTEX
8
CUT
10
104.0105
20
111.2505
0
VERTEX
8
CUT
10
104.0469
20
111.2062
0
VERTEX
8
CUT
10
104.0874
20
111.1655
0
VERTEX
8
CUT
10
104.1316
20
111.1289
0
VERTEX
8
CUT
10
104.1791
20
111.0967
0
VERTEX
8
CUT
10
104.2294
20
111.0692
0
VERTEX
8
CUT
10
104.2821
20
111.0466
0
SEQEND
0
POLYLINE
8
CUT
66
1
70
1
10
0.0
20
0.0
30
0.0
0
VERTEX
8
CUT
10
116.6448
20
260.5368
0
VERTEX
8
CUT
10
116.6518
20
260.5227
0
VERTEX
8
CUT
10
116.6979
20
260.4314
0
VERTEX
8
CUT
10
116.7052
20
260.4174
0
VERTEX
8
CUT
10
117.3943
20
259.1388
0
VERTEX
8
CUT
10
117.4016
20
259.1258
0
VERTEX
8
CUT
10
117.4497
20
259.0414
0
VERTEX
8
CUT
10
117.4573
20
259.0286
0
VERTEX
8
CUT
10
117.4875
20
258.9786
0
VERTEX
8
CUT
10
117.5036
20
258.9535
0
VERTEX
8
CUT
10
117.6108
20
258.7947
0
VERTEX
8
CUT
10
117.6467
20
258.7469
0
VERTEX
8
CUT
10
117.7691
20
258.5997
0
VERTEX
8
CUT
10
117.7888
20
258.5772
0
VERTEX
8
CUT
10
117.8283
20
258.5342
0
VERTEX
8
CUT
10
117.8385
20
258.5233
0
VERTEX
8
CUT
10
117.9060
20
258.4535
0
VERTEX
8
CUT
10
117.9166
20
258.4429
0
VERTEX
8
CUT
10
118.9663
20
257.4095
0
VERTEX
8
CUT
10
118.9789
20
257.3974
0
VERTEX
8
CUT
10
119.0619
20
257.3203
0
VERTEX
8
CUT
10
119.0748
20
257.3087
0
VERTEX
8
CUT
10
119.1259
20
257.2639
0
VERTEX
8
CUT
10
119.1528
20
257.2417
0
VERTEX
8
CUT
10
119.3315
20
257.1026
0
VERTEX
8
CUT
10
119.3596
20
257.0820
0
VERTEX
8
CUT
10
119.4156
20
257.0435
0
VERTEX
8
CUT
10
119.4301
20
257.0338
0
VERTEX
8
CUT
10
119.5252
20
256.9722
0
VERTEX
8
CUT
10
119.5399
20
256.9630
0
VERTEX
8
CUT
10
120.0229
20
256.6701
0
VERTEX
8
CUT
10
120.0418
20
256.6591
0
VERTEX
8
CUT
10
120.1655
20
256.5901
0
VERTEX
8
CUT
10
120.1848
20
256.5798
0
VERTEX
8
CUT
10
120.3430
20
256.4990
0
VERTEX
8
CUT
10
120.3626
20
256.4894
0
VERTEX
8
CUT
10
120.4910
20
256.4295
0
VERTEX
8
CUT
10
120.5109
20
256.4207
0
VERTEX
8
CUT
10
120.9123
20
256.2511
0
VERTEX
8
CUT
10
120.9293
20
256.2442
0
VERTEX
8
CUT
10
121.0398
20
256.2014
0
VERTEX
8
CUT
10
121.0569
20
256.1951
0
VERTEX
8
CUT
10
121.1240
20
256.1714
0
VERTEX
8
CUT
10
121.1588
20
256.1604
0
VERTEX
8
CUT
10
121.3866
20
256.0953
0
VERTEX
8
CUT
10
121.4220
20
256.0864
0
VERTEX
8
CUT
10
121.4914
20
256.0710
0
VERTEX
8
CUT
10
121.5093
20
256.0674
0
VERTEX
8
CUT
10
121.6258
20
256.0453
0
VERTEX
8
CUT
10
121.6438
20
256.0422
0
VERTEX
8
CUT
10
121.9857
20
255.9882
0
VERTEX
8
CUT
10
122.0071
20
255.9853
0
VERTEX
8
CUT
10
122.1461
20
255.9684
0
VERTEX
8
CUT
10
122.1675
20
255.9662
0
VERTEX
8
CUT
10
122.3426
20
255.9514
0
VERTEX
8
CUT
10
122.3641
20
255.9499
0
VERTEX
8
CUT
10
122.5040
20
255.9431
0
VERTEX
8
CUT
10
122.5255
20
255.9424
0
VERTEX
8
CUT
10
124.0352
20
255.9231
0
VERTEX
8
CUT
10
124.0550
20
255.9232
0
VERTEX
8
CUT
10
124.1836
20
255.9258
0
VERTEX
8
CUT
10
124.2034
20
255.9265
0
VERTEX
8
CUT
10
124.3645
20
255.9351
0
VERTEX
8
CUT
10
124.3842
20
255.9364
0
VERTEX
8
CUT
10
124.5124
20
255.9475
0
VERTEX
8
CUT
10
124.5320
20
255.9495
0
VERTEX
8
CUT
10
125.4950
20
256.0648
0
VERTEX
8
CUT
10
125.5115
20
256.0670
0
VERTEX
8
CUT
10
125.6187
20
256.0829
0
VERTEX
8
CUT
10
125.6352
20
256.0855
0
VERTEX
8
CUT
10
125.6993
20
256.0968
0
VERTEX
8
CUT
10
125.7320
20
256.1036
0
VERTEX
8
CUT
10
125.9400
20
256.1524
0
VERTEX
8
CUT
10
126.0040
20
256.1712
0
VERTEX
8
CUT
10
126.2054
20
256.2428
0
VERTEX
8
CUT
10
126.2365
20
256.2548
0
VERTEX
8
CUT
10
126.2965
20
256.2800
0
VERTEX
8
CUT
10
126.3118
20
256.2866
0
VERTEX
8
CUT
10
126.4106
20
256.3313
0
VERTEX
8
CUT
10
126.4257
20
256.3384
0
VERTEX
8
CUT
10
127.3391
20
256.7828
0
VERTEX
8
CUT
10
127.3514
20
256.7889
0
VERTEX
8
CUT
10
127.4308
20
256.8298
0
VERTEX
8
CUT
10
127.4429
20
256.8363
0
VERTEX
8
CUT
10
127.4901
20
256.8620
0
VERTEX
8
CUT
10
127.5139
20
256.8756
0
VERTEX
8
CUT
10
127.6647
20
256.9669
0
VERTEX
8
CUT
10
127.7103
20
256.9975
0
VERTEX
8
CUT
10
127.8521
20
257.1022
0
VERTEX
8
CUT
10
127.8738
20
257.1190
0
VERTEX
8
CUT
10
127.9155
20
257.1529
0
VERTEX
8
CUT
10
127.9261
20
257.1616
0
VERTEX
8
CUT
10
127.9941
20
257.2195
0
VERTEX
8
CUT
10
128.0045
20
257.2285
0
VERTEX
8
CUT
10
128.5258
20
257.6929
0
VERTEX
8
CUT
10
128.5363
20
257.7025
0
VERTEX
8
CUT
10
128.6039
20
257.7657
0
VERTEX
8
CUT
10
128.6142
20
257.7755
0
VERTEX
8
CUT
10
128.6540
20
257.8145
0
VERTEX
8
CUT
10
128.6738
20
257.8349
0
VERTEX
8
CUT
10
128.7997
20
257.9705
0
VERTEX
8
CUT
10
128.8186
20
257.9919
0
VERTEX
8
CUT
10
128.8545
20
258.0344
0
VERTEX
8
CUT
10
128.8635
20
258.0454
0
VERTEX
8
CUT
10
128.9215
20
258.1176
0
VERTEX
8
CUT
10
128.9303
20
258.1288
0
VERTEX
8
CUT
10
129.5142
20
258.8919
0
VERTEX
8
CUT
10
129.5207
20
258.9006
0
VERTEX
8
CUT
10
129.5657
20
258.9616
0
VERTEX
8
CUT
10
129.5724
20
258.9708
0
VERTEX
8
CUT
10
129.6011
20
259.0114
0
VERTEX
8
CUT
10
129.6146
20
259.0312
0
VERTEX
8
CUT
10
129.6960
20
259.1565
0
VERTEX
8
CUT
10
129.7082
20
259.1761
0
VERTEX
8
CUT
10
129.7287
20
259.2104
0
VERTEX
8
CUT
10
129.7341
20
259.2198
0
VERTEX
8
CUT
10
129.7714
20
259.2849
0
VERTEX
8
CUT
10
129.7773
20
259.2955
0
VERTEX
8
CUT
10
130.2140
20
260.0958
0
VERTEX
8
CUT
10
130.2235
20
260.1140
0
VERTEX
8
CUT
10
130.2831
20
260.2327
0
VERTEX
8
CUT
10
130.2920
20
260.2511
0
VERTEX
8
CUT
10
130.3616
20
260.4025
0
VERTEX
8
CUT
10
130.3699
20
260.4212
0
VERTEX
8
CUT
10
130.4212
20
260.5437
0
VERTEX
8
CUT
10
130.4288
20
260.5627
0
VERTEX
8
CUT
10
130.6292
20
261.0900
0
VERTEX
8
CUT
10
130.6336
20
261.1020
0
VERTEX
8
CUT
10
130.6614
20
261.1803
0
VERTEX
8
CUT
10
130.6656
20
261.1924
0
VERTEX
8
CUT
10
130.6813
20
261.2397
0
VERTEX
8
CUT
10
130.6888
20
261.2642
0
VERTEX
8
CUT
10
130.7338
20
261.4217
0
VERTEX
8
CUT
10
130.7457
20
261.4714
0
VERTEX
8
CUT
10
130.7770
20
261.6322
0
VERTEX
8
CUT
10
130.7814
20
261.6574
0
VERTEX
8
CUT
10
130.7889
20
261.7067
0
VERTEX
8
CUT
10
130.7906
20
261.7194
0
VERTEX
8
CUT
10
130.8013
20
261.8018
0
VERTEX
8
CUT
10
130.8028
20
261.8144
0
VERTEX
8
CUT
10
130.8151
20
261.9279
0
VERTEX
8
CUT
10
130.8163
20
261.9413
0
VERTEX
8
CUT
10
130.8237
20
262.0280
0
VERTEX
8
CUT
10
130.8247
20
262.0413
0
VERTEX
8
CUT
10
130.8280
20
262.0935
0
VERTEX
8
CUT
10
130.8291
20
262.1203
0
VERTEX
8
CUT
10
130.8323
20
262.2942
0
VERTEX
8
CUT
10
130.8322
20
262.3209
0
VERTEX
8
CUT
10
130.8308
20
262.3732
0
VERTEX
8
CUT
10
130.8303
20
262.3866
0
VERTEX
8
CUT
10
130.8261
20
262.4735
0
VERTEX
8
CUT
10
130.8252
20
262.4869
0
VERTEX
8
CUT
10
130.7111
20
264.0922
0
VERTEX
8
CUT
10
130.7100
20
264.1056
0
VERTEX
8
CUT
10
130.7018
20
264.1926
0
VERTEX
8
CUT
10
130.7004
20
264.2060
0
VERTEX
8
CUT
10
130.6943
20
264.2582
0
VERTEX
8
CUT
10
130.6906
20
264.2848
0
VERTEX
8
CUT
10
130.6627
20
264.4573
0
VERTEX
8
CUT
10
130.6578
20
264.4838
0
VERTEX
8
CUT
10
130.6470
20
264.5352
0
VERTEX
8
CUT
10
130.6441
20
264.5484
0
VERTEX
8
CUT
10
130.6244
20
264.6335
0
VERTEX
8
CUT
10
130.6212
20
264.6466
0
VERTEX
8
CUT
10
130.4844
20
265.1815
0
VERTEX
8
CUT
10
130.4789
20
265.2016
0
VERTEX
8
CUT
10
130.4409
20
265.3313
0
VERTEX
8
CUT
10
130.4347
20
265.3511
0
VERTEX
8
CUT
10
130.3814
20
265.5121
0
VERTEX
8
CUT
10
130.3746
20
265.5317
0
VERTEX
8
CUT
10
130.3277
20
265.6584
0
VERTEX
8
CUT
10
130.3201
20
265.6778
0
VERTEX
8
CUT
10
130.1570
20
266.0757
0
VERTEX
8
CUT
10
130.1506
20
266.0908
0
VERTEX
8
CUT
10
130.1074
20
266.1884
0
VERTEX
8
CUT
10
130.1006
20
266.2033
0
VERTEX
8
CUT
10
130.0730
20
266.2612
0
VERTEX
8
CUT
10
130.0581
20
266.2905
0
VERTEX
8
CUT
10
129.9561
20
266.4779
0
VERTEX
8
CUT
10
129.9396
20
266.5063
0
VERTEX
8
CUT
10
129.9060
20
266.5608
0
VERTEX
8
CUT
10
129.8971
20
266.5747
0
VERTEX
8
CUT
10
129.8386
20
266.6639
0
VERTEX
8
CUT
10
129.8294
20
266.6775
0
VERTEX
8
CUT
10
129.1782
20
267.6131
0
VERTEX
8
CUT
10
129.1695
20
267.6253
0
VERTEX
8
CUT
10
129.1121
20
267.7035
0
VERTEX
8
CUT
10
129.1032
20
267.7154
0
VERTEX
8
CUT
10
129.0675
20
267.7615
0
VERTEX
8
CUT
10
129.0487
20
267.7847
0
VERTEX
8
CUT
10
128.9244
20
267.9300
0
VERTEX
8
CUT
10
128.8834
20
267.9733
0
VERTEX
8
CUT
10
128.7453
20
268.1056
0
VERTEX
8
CUT
10
128.7233
20
268.1257
0
VERTEX
8
CUT
10
128.6792
20
268.1639
0
VERTEX
8
CUT
10
128.6678
20
268.1735
0
VERTEX
8
CUT
10
128.5930
20
268.2352
0
VERTEX
8
CUT
10
128.5813
20
268.2445
0
VERTEX
8
CUT
10
127.5021
20
269.0896
0
VERTEX
8
CUT
10
127.4915
20
269.0977
0
VERTEX
8
CUT
10
127.4222
20
269.1496
0
VERTEX
8
CUT
10
127.4114
20
269.1574
0
VERTEX
8
CUT
10
127.3690
20
269.1877
0
VERTEX
8
CUT
10
127.3470
20
269.2026
0
VERTEX
8
CUT
10
127.2018
20
269.2969
0
VERTEX
8
CUT
10
127.1791
20
269.3109
0
VERTEX
8
CUT
10
127.1342
20
269.3372
0
VERTEX
8
CUT
10
127.1227
20
269.3438
0
VERTEX
8
CUT
10
127.0470
20
269.3860
0
VERTEX
8
CUT
10
127.0353
20
269.3924
0
VERTEX
8
CUT
10
126.5499
20
269.6492
0
VERTEX
8
CUT
10
126.5359
20
269.6564
0
VERTEX
8
CUT
10
126.4442
20
269.7019
0
VERTEX
8
CUT
10
126.4300
20
269.7087
0
VERTEX
8
CUT
10
126.3743
20
269.7345
0
VERTEX
8
CUT
10
126.3454
20
269.7470
0
VERTEX
8
CUT
10
126.1557
20
269.8232
0
VERTEX
8
CUT
10
126.1262
20
269.8341
0
VERTEX
8
CUT
10
126.0681
20
269.8540
0
VERTEX
8
CUT
10
126.0531
20
269.8589
0
VERTEX
8
CUT
10
125.9555
20
269.8894
0
VERTEX
8
CUT
10
125.9404
20
269.8939
0
VERTEX
8
CUT
10
124.8583
20
270.2013
0
VERTEX
8
CUT
10
124.8448
20
270.2050
0
VERTEX
8
CUT
10
124.7568
20
270.2278
0
VERTEX
8
CUT
10
124.7432
20
270.2311
0
VERTEX
8
CUT
10
124.6900
20
270.2436
0
VERTEX
8
CUT
10
124.6626
20
270.2493
0
VERTEX
8
CUT
10
124.4864
20
270.2820
0
VERTEX
8
CUT
10
124.4310
20
270.2897
0
VERTEX
8
CUT
10
124.2524
20
270.3058
0
VERTEX
8
CUT
10
124.2245
20
270.3077
0
VERTEX
8
CUT
10
124.1699
20
270.3101
0
VERTEX
8
CUT
10
124.1560
20
270.3105
0
VERTEX
8
CUT
10
124.0651
20
270.3124
0
VERTEX
8
CUT
10
124.0511
20
270.3125
0
VERTEX
8
CUT
10
123.1357
20
270.3098
0
VERTEX
8
CUT
10
123.1232
20
270.3097
0
VERTEX
8
CUT
10
123.0422
20
270.3077
0
VERTEX
8
CUT
10
123.0297
20
270.3073
0
VERTEX
8
CUT
10
122.9811
20
270.3051
0
VERTEX
8
CUT
10
122.9562
20
270.3035
0
VERTEX
8
CUT
10
122.7970
20
270.2898
0
VERTEX
8
CUT
10
122.7475
20
270.2834
0
VERTEX
8
CUT
10
122.5900
20
270.2565
0
VERTEX
8
CUT
10
122.5655
20
270.2518
0
VERTEX
8
CUT
10
122.5178
20
270.2416
0
VERTEX
8
CUT
10
122.5057
20
270.2389
0
VERTEX
8
CUT
10
122.4268
20
270.2203
0
VERTEX
8
CUT
10
122.4147
20
270.2173
0
VERTEX
8
CUT
10
121.4080
20
269.9578
0
VERTEX
8
CUT
10
121.3919
20
269.9534
0
VERTEX
8
CUT
10
121.2877
20
269.9235
0
VERTEX
8
CUT
10
121.2717
20
269.9186
0
VERTEX
8
CUT
10
121.2097
20
269.8989
0
VERTEX
8
CUT
10
121.1782
20
269.8879
0
VERTEX
8
CUT
10
120.9756
20
269.8109
0
VERTEX
8
CUT
10
120.9447
20
269.7981
0
VERTEX
8
CUT
10
120.8853
20
269.7716
0
VERTEX
8
CUT
10
120.8701
20
269.7646
0
VERTEX
8
CUT
10
120.7723
20
269.7178
0
VERTEX
8
CUT
10
120.7574
20
269.7103
0
VERTEX
8
CUT
10
119.7853
20
269.2107
0
VERTEX
8
CUT
10
119.7695
20
269.2023
0
VERTEX
8
CUT
10
119.6672
20
269.1458
0
VERTEX
8
CUT
10
119.6516
20
269.1369
0
VERTEX
8
CUT
10
119.5913
20
269.1012
0
VERTEX
8
CUT
10
119.5610
20
269.0819
0
VERTEX
8
CUT
10
119.3676
20
268.9512
0
VERTEX
8
CUT
10
119.3384
20
268.9301
0
VERTEX
8
CUT
10
119.2828
20
268.8875
0
VERTEX
8
CUT
10
119.2687
20
268.8763
0
VERTEX
8
CUT
10
119.1783
20
268.8025
0
VERTEX
8
CUT
10
119.1645
20
268.7909
0
VERTEX
8
CUT
10
118.3759
20
268.1070
0
VERTEX
8
CUT
10
118.3643
20
268.0967
0
VERTEX
8
CUT
10
118.2902
20
268.0290
0
VERTEX
8
CUT
10
118.2790
20
268.0184
0
VERTEX
8
CUT
10
118.2355
20
267.9766
0
VERTEX
8
CUT
10
118.2138
20
267.9547
0
VERTEX
8
CUT
10
118.0765
20
267.8083
0
VERTEX
8
CUT
10
118.0560
20
267.7853
0
VERTEX
8
CUT
10
118.0171
20
267.7392
0
VERTEX
8
CUT
10
118.0073
20
267.7273
0
VERTEX
8
CUT
10
117.9444
20
267.6490
0
VERTEX
8
CUT
10
117.9349
20
267.6368
0
VERTEX
8
CUT
10
117.2572
20
266.7462
0
VERTEX
8
CUT
10
117.2497
20
266.7361
0
VERTEX
8
CUT
10
117.2017
20
266.6702
0
VERTEX
8
CUT
10
117.1945
20
266.6600
0
VERTEX
8
CUT
10
117.1664
20
266.6198
0
VERTEX
8
CUT
10
117.1525
20
266.5989
0
VERTEX
8
CUT
10
117.0662
20
266.4632
0
VERTEX
8
CUT
10
117.0410
20
266.4198
0
VERTEX
8
CUT
10
116.9663
20
266.2774
0
VERTEX
8
CUT
10
116.9551
20
266.2549
0
VERTEX
8
CUT
10
116.9342
20
266.2106
0
VERTEX
8
CUT
10
116.9289
20
266.1992
0
VERTEX
8
CUT
10
116.8956
20
266.1247
0
VERTEX
8
CUT
10
116.8906
20
266.1132
0
VERTEX
8
CUT
10
116.4914
20
265.1677
0
VERTEX
8
CUT
10
116.4866
20
265.1559
0
VERTEX
8
CUT
10
116.4561
20
265.0791
0
VERTEX
8
CUT
10
116.4515
20
265.0672
0
VERTEX
8
CUT
10
116.4341
20
265.0207
0
VERTEX
8
CUT
10
116.4257
20
264.9966
0
VERTEX
8
CUT
10
116.3752
20
264.8416
0
VERTEX
8
CUT
10
116.3616
20
264.7926
0
VERTEX
8
CUT
10
116.3244
20
264.6338
0
VERTEX
8
CUT
10
116.3191
20
264.6089
0
VERTEX
8
CUT
10
116.3099
20
264.5601
0
VERTEX
8
CUT
10
116.3076
20
264.5475
0
VERTEX
8
CUT
10
116.2939
20
264.4660
0
VERTEX
8
CUT
10
116.2920
20
264.4534
0
VERTEX
8
CUT
10
116.1538
20
263.5076
0
VERTEX
8
CUT
10
116.1516
20
263.4915
0
VERTEX
8
CUT
10
116.1392
20
263.3868
0
VERTEX
8
CUT
10
116.1375
20
263.3707
0
VERTEX
8
CUT
10
116.1318
20
263.3076
0
VERTEX
8
CUT
10
116.1297
20
263.2752
0
VERTEX
8
CUT
10
116.1220
20
263.0675
0
VERTEX
8
CUT
10
116.1231
20
263.0027
0
VERTEX
8
CUT
10
116.1379
20
262.7953
0
VERTEX
8
CUT
10
116.1411
20
262.7630
0
VERTEX
8
CUT
10
116.1490
20
262.7002
0
VERTEX
8
CUT
10
116.1513
20
262.6842
0
VERTEX
8
CUT
10
116.1673
20
262.5800
0
VERTEX
8
CUT
10
116.1699
20
262.5639
0
VERTEX
8
CUT
10
116.4024
20
261.2822
0
VERTEX
8
CUT
10
116.4054
20
261.2667
0
VERTEX
8
CUT
10
116.4263
20
261.1666
0
VERTEX
8
CUT
10
116.4297
20
261.1512
0
VERTEX
8
CUT
10
116.4438
20
261.0914
0
VERTEX
8
CUT
10
116.4518
20
261.0609
0
VERTEX
8
CUT
10
116.5085
20
260.8673
0
VERTEX
8
CUT
10
116.5293
20
260.8079
0
VERTEX
8
CUT
10
116.6058
20
260.6212
0
VERTEX
8
CUT
10
116.6186
20
260.5924
0
SEQEND
0
POLYLINE
8
CUT
66
1
70
1
10
0.0
20
0.0
30
0.0
0
VERTEX
8
CUT
10
71.7938
20
42.0923
0
VERTEX
8
CUT
10
71.8410
20
42.0563
0
VERTEX
8
CUT
10
71.9954
20
41.9497
0
VERTEX
8
CUT
10
72.0459
20
41.9185
0
VERTEX
8
CUT
10
72.2101
20
41.8278
0
VERTEX
8
CUT
10
72.2635
20
41.8017
0
VERTEX
8
CUT
10
72.4359
20
41.7276
0
VERTEX
8
CUT
10
72.4915
20
41.7069
0
VERTEX
8
CUT
10
72.6704
20
41.6502
0
VERTEX
8
CUT
10
72.7278
20
41.6351
0
VERTEX
8
CUT
10
72.9114
20
41.5964
0
VERTEX
8
CUT
10
72.9700
20
41.5870
0
VERTEX
8
CUT
10
73.1565
20
41.5666
0
VERTEX
8
CUT
10
73.2157
20
41.5631
0
VERTEX
8
CUT
10
73.4034
20
41.5613
0
VERTEX
8
CUT
10
73.4627
20
41.5636
0
VERTEX
8
CUT
10
73.6496
20
41.5803
0
VERTEX
8
CUT
10
73.7084
20
41.5885
0
VERTEX
8
CUT
10
73.8952
20
41.6240
0
VERTEX
8
CUT
10
73.9243
20
41.6303
0
VERTEX
8
CUT
10
73.9806
20
41.6439
0
VERTEX
8
CUT
10
73.9950
20
41.6476
0
VERTEX
8
CUT
10
74.0881
20
41.6726
0
VERTEX
8
CUT
10
74.1024
20
41.6766
0
VERTEX
8
CUT
10
75.4103
20
42.0626
0
VERTEX
8
CUT
10
75.4243
20
42.0669
0
VERTEX
8
CUT
10
75.5146
20
42.0959
0
VERTEX
8
CUT
10
75.5284
20
42.1006
0
VERTEX
8
CUT
10
75.5822
20
42.1193
0
VERTEX
8
CUT
10
75.6095
20
42.1296
0
VERTEX
8
CUT
10
75.7853
20
42.2007
0
VERTEX
8
CUT
10
75.8121
20
42.2123
0
VERTEX
8
CUT
10
75.8638
20
42.2362
0
VERTEX
8
CUT
10
75.8769
20
42.2425
0
VERTEX
8
CUT
10
75.9620
20
42.2843
0
VERTEX
8
CUT
10
75.9751
20
42.2909
0
VERTEX
8
CUT
10
102.9569
20
56.3903
0
VERTEX
8
CUT
10
102.9666
20
56.3955
0
VERTEX
8
CUT
10
103.0334
20
56.4320
0
VERTEX
8
CUT
10
103.0436
20
56.4377
0
VERTEX
8
CUT
10
103.1260
20
56.4848
0
VERTEX
8
CUT
10
103.1359
20
56.4906
0
VERTEX
8
CUT
10
103.2003
20
56.5290
0
VERTEX
8
CUT
10
103.2108
20
56.5354
0
VERTEX
8
CUT
10
105.1392
20
57.7417
0
VERTEX
8
CUT
10
105.1534
20
57.7508
0
VERTEX
8
CUT
10
105.2448
20
57.8117
0
VERTEX
8
CUT
10
105.2588
20
57.8212
0
VERTEX
8
CUT
10
105.3126
20
57.8593
0
VERTEX
8
CUT
10
105.3396
20
57.8796
0
VERTEX
8
CUT
10
105.5115
20
58.0162
0
VERTEX
8
CUT
10
105.5374
20
58.0380
0
VERTEX
8
CUT
10
105.5866
20
58.0819
0
VERTEX
8
CUT
10
105.5990
20
58.0933
0
VERTEX
8
CUT
10
105.6789
20
58.1687
0
VERTEX
8
CUT
10
105.6911
20
58.1804
0
VERTEX
8
CUT
10
106.6712
20
59.1586
0
VERTEX
8
CUT
10
106.6809
20
59.1685
0
VERTEX
8
CUT
10
106.7436
20
59.2340
0
VERTEX
8
CUT
10
106.7531
20
59.2442
0
VERTEX
8
CUT
10
106.7898
20
59.2845
0
VERTEX
8
CUT
10
106.8082
20
59.3055
0
VERTEX
8
CUT
10
106.9224
20
59.4430
0
VERTEX
8
CUT
10
106.9560
20
59.4875
0
VERTEX
8
CUT
10
107.0557
20
59.6330
0
VERTEX
8
CUT
10
107.0850
20
59.6804
0
VERTEX
8
CUT
10
107.1719
20
59.8366
0
VERTEX
8
CUT
10
107.1849
20
59.8613
0
VERTEX
8
CUT
10
107.2091
20
59.9101
0
VERTEX
8
CUT
10
107.2151
20
59.9227
0
VERTEX
8
CUT
10
107.2536
20
60.0048
0
VERTEX
8
CUT
10
107.2593
20
60.0175
0
VERTEX
8
CUT
10
107.4658
20
60.4867
0
VERTEX
8
CUT
10
107.4716
20
60.5005
0
VERTEX
8
CUT
10
107.5087
20
60.5908
0
VERTEX
8
CUT
10
107.5142
20
60.6047
0
VERTEX
8
CUT
10
107.5351
20
60.6595
0
VERTEX
8
CUT
10
107.5451
20
60.6878
0
VERTEX
8
CUT
10
107.6046
20
60.8708
0
VERTEX
8
CUT
10
107.6203
20
60.9288
0
VERTEX
8
CUT
10
107.6607
20
61.1142
0
VERTEX
8
CUT
10
107.6705
20
61.1735
0
VERTEX
8
CUT
10
107.6924
20
61.3646
0
VERTEX
8
CUT
10
107.6951
20
61.3946
0
VERTEX
8
CUT
10
107.6988
20
61.4531
0
VERTEX
8
CUT
10
107.6996
20
61.4681
0
VERTEX
8
CUT
10
107.7034
20
61.5656
0
VERTEX
8
CUT
10
107.7038
20
61.5806
0
VERTEX
8
CUT
10
107.7122
20
62.1783
0
VERTEX
8
CUT
10
107.7123
20
62.1931
0
VERTEX
8
CUT
10
107.7113
20
62.2886
0
VERTEX
8
CUT
10
107.7109
20
62.3033
0
VERTEX
8
CUT
10
107.7089
20
62.3607
0
VERTEX
8
CUT
10
107.7072
20
62.3901
0
VERTEX
8
CUT
10
107.6913
20
62.5779
0
VERTEX
8
CUT
10
107.6835
20
62.6362
0
VERTEX
8
CUT
10
107.6499
20
62.8190
0
VERTEX
8
CUT
10
107.6364
20
62.8763
0
VERTEX
8
CUT
10
107.5843
20
63.0574
0
VERTEX
8
CUT
10
107.5755
20
63.0855
0
VERTEX
8
CUT
10
107.5569
20
63.1398
0
VERTEX
8
CUT
10
107.5520
20
63.1537
0
VERTEX
8
CUT
10
107.5189
20
63.2434
0
VERTEX
8
CUT
10
107.5136
20
63.2571
0
VERTEX
8
CUT
10
107.1443
20
64.1867
0
VERTEX
8
CUT
10
107.1388
20
64.2003
0
VERTEX
8
CUT
10
107.1016
20
64.2876
0
VERTEX
8
CUT
10
107.0957
20
64.3010
0
VERTEX
8
CUT
10
107.0721
20
64.3530
0
VERTEX
8
CUT
10
107.0593
20
64.3793
0
VERTEX
8
CUT
10
106.9736
20
64.5458
0
VERTEX
8
CUT
10
106.9443
20
64.5964
0
VERTEX
8
CUT
10
106.8428
20
64.7537
0
VERTEX
8
CUT
10
106.8263
20
64.7779
0
VERTEX
8
CUT
10
106.7931
20
64.8243
0
VERTEX
8
CUT
10
106.7844
20
64.8361
0
VERTEX
8
CUT
10
106.7273
20
64.9119
0
VERTEX
8
CUT
10
106.7183
20
64.9234
0
VERTEX
8
CUT
10
105.5762
20
66.3638
0
VERTEX
8
CUT
10
105.5681
20
66.3737
0
VERTEX
8
CUT
10
105.5151
20
66.4378
0
VERTEX
8
CUT
10
105.5068
20
66.4476
0
VERTEX
8
CUT
10
105.4741
20
66.4854
0
VERTEX
8
CUT
10
105.4569
20
66.5044
0
VERTEX
8
CUT
10
105.3428
20
66.6255
0
VERTEX
8
CUT
10
105.3248
20
66.6438
0
VERTEX
8
CUT
10
105.2890
20
66.6787
0
VERTEX
8
CUT
10
105.2797
20
66.6875
0
VERTEX
8
CUT
10
105.2189
20
66.7443
0
VERTEX
8
CUT
10
105.2094
20
66.7529
0
VERTEX
8
CUT
10
102.7382
20
68.9629
0
VERTEX
8
CUT
10
102.7327
20
68.9678
0
VERTEX
8
CUT
10
102.6940
20
69.0015
0
VERTEX
8
CUT
10
102.6880
20
69.0067
0
VERTEX
8
CUT
10
102.6393
20
69.0481
0
VERTEX
8
CUT
10
102.6334
20
69.0531
0
VERTEX
8
CUT
10
102.5944
20
69.0853
0
VERTEX
8
CUT
10
102.5880
20
69.0905
0
VERTEX
8
CUT
10
96.5445
20
73.9522
0
VERTEX
8
CUT
10
96.5400
20
73.9559
0
VERTEX
8
CUT
10
96.5294
20
73.9645
0
VERTEX
8
CUT
10
96.5249
20
73.9683
0
VERTEX
8
CUT
10
96.5139
20
73.9773
0
VERTEX
8
CUT
10
96.5084
20
73.9819
0
VERTEX
8
CUT
10
96.4956
20
73.9926
0
VERTEX
8
CUT
10
96.4902
20
73.9972
0
VERTEX
8
CUT
10
96.4857
20
74.0010
0
VERTEX
8
CUT
10
96.4802
20
74.0058
0
VERTEX
8
CUT
10
96.4674
20
74.0169
0
VERTEX
8
CUT
10
96.4619
20
74.0217
0
VERTEX
8
CUT
10
96.4593
20
74.0240
0
VERTEX
8
CUT
10
96.4530
20
74.0296
0
VERTEX
8
CUT
10
96.4381
20
74.0430
0
VERTEX
8
CUT
10
96.4318
20
74.0487
0
VERTEX
8
CUT
10
93.0315
20
77.1628
0
VERTEX
8
CUT
10
93.0242
20
77.1696
0
VERTEX
8
CUT
10
93.0072
20
77.1855
0
VERTEX
8
CUT
10
92.9999
20
77.1924
0
VERTEX
8
CUT
10
92.9912
20
77.2007
0
VERTEX
8
CUT
10
92.9841
20
77.2077
0
VERTEX
8
CUT
10
92.9675
20
77.2239
0
VERTEX
8
CUT
10
92.9604
20
77.2309
0
VERTEX
8
CUT
10
92.9547
20
77.2366
0
VERTEX
8
CUT
10
92.9477
20
77.2437
0
VERTEX
8
CUT
10
92.9315
20
77.2603
0
VERTEX
8
CUT
10
92.9246
20
77.2674
0
VERTEX
8
CUT
10
92.9162
20
77.2762
0
VERTEX
8
CUT
10
92.9093
20
77.2835
0
VERTEX
8
CUT
10
92.8934
20
77.3004
0
VERTEX
8
CUT
10
92.8867
20
77.3078
0
VERTEX
8
CUT
10
91.7979
20
78.4985
0
VERTEX
8
CUT
10
91.5926
20
78.7377
0
VERTEX
8
CUT
10
91.4959
20
78.8505
0
VERTEX
8
CUT
10
90.9421
20
79.4960
0
VERTEX
8
CUT
10
89.5649
20
81.1013
0
VERTEX
8
CUT
10
89.4002
20
81.3354
0
VERTEX
8
CUT
10
89.3917
20
81.3472
0
VERTEX
8
CUT
10
89.3355
20
81.4231
0
VERTEX
8
CUT
10
89.3267
20
81.4347
0
VERTEX
8
CUT
10
89.2919
20
81.4795
0
VERTEX
8
CUT
10
89.2735
20
81.5020
0
VERTEX
8
CUT
10
89.1521
20
81.6432
0
VERTEX
8
CUT
10
89.1121
20
81.6854
0
VERTEX
8
CUT
10
88.9795
20
81.8125
0
VERTEX
8
CUT
10
88.9356
20
81.8507
0
VERTEX
8
CUT
10
88.7913
20
81.9643
0
VERTEX
8
CUT
10
88.7440
20
81.9980
0
VERTEX
8
CUT
10
88.5893
20
82.0972
0
VERTEX
8
CUT
10
88.5390
20
82.1262
0
VERTEX
8
CUT
10
88.3755
20
82.2100
0
VERTEX
8
CUT
10
88.3225
20
82.2339
0
VERTEX
8
CUT
10
88.1517
20
82.3015
0
VERTEX
8
CUT
10
88.0967
20
82.3202
0
VERTEX
8
CUT
10
87.9201
20
82.3709
0
VERTEX
8
CUT
10
87.8635
20
82.3842
0
VERTEX
8
CUT
10
87.6829
20
82.4176
0
VERTEX
8
CUT
10
87.6253
20
82.4254
0
VERTEX
8
CUT
10
87.4422
20
82.4412
0
VERTEX
8
CUT
10
87.3842
20
82.4433
0
VERTEX
8
CUT
10
87.2005
20
82.4413
0
VERTEX
8
CUT
10
87.1425
20
82.4379
0
VERTEX
8
CUT
10
86.9598
20
82.4181
0
VERTEX
8
CUT
10
86.9024
20
82.4090
0
VERTEX
8
CUT
10
86.7226
20
82.3717
0
VERTEX
8
CUT
10
86.6663
20
82.3571
0
VERTEX
8
CUT
10
86.4909
20
82.3025
0
VERTEX
8
CUT
10
86.4363
20
82.2826
0
VERTEX
8
CUT
10
86.2670
20
82.2113
0
VERTEX
8
CUT
10
86.2146
20
82.1862
0
VERTEX
8
CUT
10
86.0530
20
82.0989
0
VERTEX
8
CUT
10
86.0032
20
82.0688
0
VERTEX
8
CUT
10
85.8508
20
81.9662
0
VERTEX
8
CUT
10
85.8042
20
81.9315
0
VERTEX
8
CUT
10
85.6624
20
81.8147
0
VERTEX
8
CUT
10
85.6194
20
81.7756
0
VERTEX
8
CUT
10
85.4896
20
81.6456
0
VERTEX
8
CUT
10
85.4506
20
81.6025
0
VERTEX
8
CUT
10
85.3340
20
81.4606
0
VERTEX
8
CUT
10
85.2993
20
81.4140
0
VERTEX
8
CUT
10
85.1969
20
81.2614
0
VERTEX
8
CUT
10
85.1669
20
81.2116
0
VERTEX
8
CUT
10
85.0798
20
81.0499
0
VERTEX
8
CUT
10
85.0548
20
80.9975
0
VERTEX
8
CUT
10
84.9837
20
80.8280
0
VERTEX
8
CUT
10
84.9639
20
80.7734
0
VERTEX
8
CUT
10
84.9095
20
80.5979
0
VERTEX
8
CUT
10
84.8950
20
80.5417
0
VERTEX
8
CUT
10
84.8579
20
80.3617
0
VERTEX
8
CUT
10
84.8490
20
80.3043
0
VERTEX
8
CUT
10
84.8291
20
80.1191
0
VERTEX
8
CUT
10
84.8268
20
80.0902
0
VERTEX
8
CUT
10
84.8235
20
80.0335
0
VERTEX
8
CUT
10
84.8228
20
80.0190
0
VERTEX
8
CUT
10
84.8196
20
79.9246
0
VERTEX
8
CUT
10
84.8193
20
79.9101
0
VERTEX
8
CUT
10
84.7956
20
77.4502
0
VERTEX
8
CUT
10
84.7648
20
76.6936
0
VERTEX
8
CUT
10
84.7642
20
76.6826
0
VERTEX
8
CUT
10
84.7629
20
76.6569
0
VERTEX
8
CUT
10
84.7622
20
76.6459
0
VERTEX
8
CUT
10
84.7614
20
76.6325
0
VERTEX
8
CUT
10
84.7606
20
76.6215
0
VERTEX
8
CUT
10
84.7586
20
76.5959
0
VERTEX
8
CUT
10
84.7577
20
76.5849
0
VERTEX
8
CUT
10
84.7569
20
76.5761
0
VERTEX
8
CUT
10
84.7558
20
76.5651
0
VERTEX
8
CUT
10
84.7532
20
76.5396
0
VERTEX
8
CUT
10
84.7520
20
76.5286
0
VERTEX
8
CUT
10
84.7505
20
76.5153
0
VERTEX
8
CUT
10
84.7492
20
76.5043
0
VERTEX
8
CUT
10
84.7459
20
76.4789
0
VERTEX
8
CUT
10
84.7445
20
76.4679
0
VERTEX
8
CUT
10
84.3359
20
73.5390
0
VERTEX
8
CUT
10
84.1302
20
72.6253
0
VERTEX
8
CUT
10
83.6997
20
71.1901
0
VERTEX
8
CUT
10
82.8412
20
68.6348
0
VERTEX
8
CUT
10
82.8390
20
68.6285
0
VERTEX
8
CUT
10
82.8339
20
68.6137
0
VERTEX
8
CUT
10
82.8317
20
68.6073
0
VERTEX
8
CUT
10
82.8263
20
68.5919
0
VERTEX
8
CUT
10
82.8235
20
68.5842
0
VERTEX
8
CUT
10
82.8170
20
68.5662
0
VERTEX
8
CUT
10
82.8142
20
68.5585
0
VERTEX
8
CUT
10
82.8118
20
68.5523
0
VERTEX
8
CUT
10
82.8089
20
68.5445
0
VERTEX
8
CUT
10
82.8019
20
68.5263
0
VERTEX
8
CUT
10
82.7989
20
68.5185
0
VERTEX
8
CUT
10
82.7974
20
68.5148
0
VERTEX
8
CUT
10
82.7938
20
68.5057
0
VERTEX
8
CUT
10
82.7852
20
68.4846
0
VERTEX
8
CUT
10
82.7814
20
68.4755
0
VERTEX
8
CUT
10
81.9560
20
66.5099
0
VERTEX
8
CUT
10
80.1015
20
62.4944
0
VERTEX
8
CUT
10
78.9622
20
60.2296
0
VERTEX
8
CUT
10
78.9601
20
60.2254
0
VERTEX
8
CUT
10
78.9551
20
60.2156
0
VERTEX
8
CUT
10
78.9529
20
60.2114
0
VERTEX
8
CUT
10
78.9477
20
60.2013
0
VERTEX
8
CUT
10
78.9450
20
60.1962
0
VERTEX
8
CUT
10
78.9388
20
60.1843
0
VERTEX
8
CUT
10
78.9361
20
60.1792
0
VERTEX
8
CUT
10
78.9339
20
60.1751
0
VERTEX
8
CUT
10
78.9312
20
60.1699
0
VERTEX
8
CUT
10
78.9247
20
60.1579
0
VERTEX
8
CUT
10
78.9222
20
60.1534
0
VERTEX
8
CUT
10
78.9170
20
60.1440
0
VERTEX
8
CUT
10
78.9094
20
60.1303
0
VERTEX
8
CUT
10
78.9060
20
60.1243
0
VERTEX
8
CUT
10
73.5037
20
50.6375
0
VERTEX
8
CUT
10
73.4992
20
50.6295
0
VERTEX
8
CUT
10
73.4684
20
50.5733
0
VERTEX
8
CUT
10
73.4637
20
50.5646
0
VERTEX
8
CUT
10
73.4263
20
50.4938
0
VERTEX
8
CUT
10
73.4219
20
50.4852
0
VERTEX
8
CUT
10
73.3932
20
50.4288
0
VERTEX
8
CUT
10
73.3886
20
50.4195
0
VERTEX
8
CUT
10
71.6734
20
46.8899
0
VERTEX
8
CUT
10
71.6649
20
46.8718
0
VERTEX
8
CUT
10
71.6122
20
46.7535
0
VERTEX
8
CUT
10
71.6044
20
46.7352
0
VERTEX
8
CUT
10
71.5433
20
46.5846
0
VERTEX
8
CUT
10
71.5361
20
46.5660
0
VERTEX
8
CUT
10
71.4913
20
46.4445
0
VERTEX
8
CUT
10
71.4847
20
46.4256
0
VERTEX
8
CUT
10
70.9806
20
44.9015
0
VERTEX
8
CUT
10
70.9761
20
44.8874
0
VERTEX
8
CUT
10
70.9481
20
44.7951
0
VERTEX
8
CUT
10
70.9440
20
44.7808
0
VERTEX
8
CUT
10
70.9285
20
44.7250
0
VERTEX
8
CUT
10
70.9213
20
44.6962
0
VERTEX
8
CUT
10
70.8797
20
44.5105
0
VERTEX
8
CUT
10
70.8696
20
44.4520
0
VERTEX
8
CUT
10
70.8469
20
44.2658
0
VERTEX
8
CUT
10
70.8426
20
44.2066
0
VERTEX
8
CUT
10
70.8384
20
44.0190
0
VERTEX
8
CUT
10
70.8400
20
43.9597
0
VERTEX
8
CUT
10
70.8543
20
43.7726
0
VERTEX
8
CUT
10
70.8617
20
43.7137
0
VERTEX
8
CUT
10
70.8945
20
43.5289
0
VERTEX
8
CUT
10
70.9077
20
43.4711
0
VERTEX
8
CUT
10
70.9586
20
43.2905
0
VERTEX
8
CUT
10
70.9774
20
43.2342
0
VERTEX
8
CUT
10
71.0459
20
43.0595
0
VERTEX
8
CUT
10
71.0702
20
43.0053
0
VERTEX
8
CUT
10
71.1556
20
42.8382
0
VERTEX
8
CUT
10
71.1852
20
42.7868
0
VERTEX
8
CUT
10
71.2866
20
42.6289
0
VERTEX
8
CUT
10
71.3211
20
42.5807
0
VERTEX
8
CUT
10
71.4377
20
42.4336
0
VERTEX
8
CUT
10
71.4768
20
42.3890
0
VERTEX
8
CUT
10
71.6073
20
42.2542
0
VERTEX
8
CUT
10
71.6506
20
42.2136
0
SEQEND
0
POLYLINE
8
CUT
66
1
70
1
10
0.0
20
0.0
30
0.0
0
VERTEX
8
CUT
10
35.9568
20
161.7365
0
VERTEX
8
CUT
10
35.9606
20
161.7244
0
VERTEX
8
CUT
10
35.9862
20
161.6463
0
VERTEX
8
CUT
10
35.9902
20
161.6344
0
VERTEX
8
CUT
10
36.6363
20
159.7947
0
VERTEX
8
CUT
10
36.6409
20
159.7821
0
VERTEX
8
CUT
10
36.6718
20
159.7001
0
VERTEX
8
CUT
10
36.6767
20
159.6876
0
VERTEX
8
CUT
10
36.6963
20
159.6387
0
VERTEX
8
CUT
10
36.7069
20
159.6140
0
VERTEX
8
CUT
10
36.7785
20
159.4569
0
VERTEX
8
CUT
10
36.8030
20
159.4089
0
VERTEX
8
CUT
10
36.8884
20
159.2588
0
VERTEX
8
CUT
10
36.9023
20
159.2357
0
VERTEX
8
CUT
10
36.9303
20
159.1912
0
VERTEX
8
CUT
10
36.9376
20
159.1799
0
VERTEX
8
CUT
10
36.9860
20
159.1068
0
VERTEX
8
CUT
10
36.9935
20
159.0957
0
VERTEX
8
CUT
10
38.1424
20
157.4419
0
VERTEX
8
CUT
10
38.1504
20
157.4308
0
VERTEX
8
CUT
10
38.2029
20
157.3587
0
VERTEX
8
CUT
10
38.2112
20
157.3477
0
VERTEX
8
CUT
10
38.2437
20
157.3051
0
VERTEX
8
CUT
10
38.2609
20
157.2836
0
VERTEX
8
CUT
10
38.3741
20
157.1489
0
VERTEX
8
CUT
10
38.4113
20
157.1085
0
VERTEX
8
CUT
10
38.5364
20
156.9846
0
VERTEX
8
CUT
10
38.5563
20
156.9658
0
VERTEX
8
CUT
10
38.5961
20
156.9298
0
VERTEX
8
CUT
10
38.6064
20
156.9207
0
VERTEX
8
CUT
10
38.6740
20
156.8624
0
VERTEX
8
CUT
10
38.6845
20
156.8536
0
VERTEX
8
CUT
10
40.3104
20
155.5144
0
VERTEX
8
CUT
10
40.3212
20
155.5056
0
VERTEX
8
CUT
10
40.3922
20
155.4498
0
VERTEX
8
CUT
10
40.4033
20
155.4414
0
VERTEX
8
CUT
10
40.4467
20
155.4088
0
VERTEX
8
CUT
10
40.4694
20
155.3927
0
VERTEX
8
CUT
10
40.6168
20
155.2926
0
VERTEX
8
CUT
10
40.6642
20
155.2635
0
VERTEX
8
CUT
10
40.8203
20
155.1775
0
VERTEX
8
CUT
10
40.8449
20
155.1647
0
VERTEX
8
CUT
10
40.8937
20
155.1407
0
VERTEX
8
CUT
10
40.9062
20
155.1347
0
VERTEX
8
CUT
10
40.9882
20
155.0967
0
VERTEX
8
CUT
10
41.0009
20
155.0910
0
VERTEX
8
CUT
10
43.1404
20
154.1586
0
VERTEX
8
CUT
10
43.1538
20
154.1530
0
VERTEX
8
CUT
10
43.2413
20
154.1174
0
VERTEX
8
CUT
10
43.2548
20
154.1120
0
VERTEX
8
CUT
10
43.3079
20
154.0919
0
VERTEX
8
CUT
10
43.3353
20
154.0822
0
VERTEX
8
CUT
10
43.5150
20
154.0239
0
VERTEX
8
CUT
10
43.5428
20
154.0156
0
VERTEX
8
CUT
10
43.5976
20
154.0007
0
VERTEX
8
CUT
10
43.6117
20
153.9971
0
VERTEX
8
CUT
10
43.7034
20
153.9745
0
VERTEX
8
CUT
10
43.7176
20
153.9712
0
VERTEX
8
CUT
10
44.0091
20
153.9069
0
VERTEX
8
CUT
10
44.0219
20
153.9042
0
VERTEX
8
CUT
10
44.1057
20
153.8876
0
VERTEX
8
CUT
10
44.1186
20
153.8852
0
VERTEX
8
CUT
10
44.1692
20
153.8763
0
VERTEX
8
CUT
10
44.1952
20
153.8724
0
VERTEX
8
CUT
10
44.3646
20
153.8503
0
VERTEX
8
CUT
10
44.3907
20
153.8475
0
VERTEX
8
CUT
10
44.4419
20
153.8431
0
VERTEX
8
CUT
10
44.4550
20
153.8421
0
VERTEX
8
CUT
10
44.5402
20
153.8367
0
VERTEX
8
CUT
10
44.5533
20
153.8360
0
VERTEX
8
CUT
10
47.2523
20
153.7229
0
VERTEX
8
CUT
10
47.2643
20
153.7226
0
VERTEX
8
CUT
10
47.3426
20
153.7209
0
VERTEX
8
CUT
10
47.3547
20
153.7207
0
VERTEX
8
CUT
10
47.4018
20
153.7206
0
VERTEX
8
CUT
10
47.4259
20
153.7211
0
VERTEX
8
CUT
10
47.5823
20
153.7271
0
VERTEX
8
CUT
10
47.6064
20
153.7285
0
VERTEX
8
CUT
10
47.6533
20
153.7322
0
VERTEX
8
CUT
10
47.6653
20
153.7333
0
VERTEX
8
CUT
10
47.7433
20
153.7410
0
VERTEX
8
CUT
10
47.7552
20
153.7423
0
VERTEX
8
CUT
10
49.4741
20
153.9475
0
VERTEX
8
CUT
10
49.4943
20
153.9502
0
VERTEX
8
CUT
10
49.6249
20
153.9703
0
VERTEX
8
CUT
10
49.6450
20
153.9738
0
VERTEX
8
CUT
10
49.8079
20
154.0045
0
VERTEX
8
CUT
10
49.8278
20
154.0087
0
VERTEX
8
CUT
10
49.9568
20
154.0376
0
VERTEX
8
CUT
10
49.9766
20
154.0423
0
VERTEX
8
CUT
10
51.3596
20
154.4020
0
VERTEX
8
CUT
10
51.3720
20
154.4054
0
VERTEX
8
CUT
10
51.4526
20
154.4282
0
VERTEX
8
CUT
10
51.4650
20
154.4318
0
VERTEX
8
CUT
10
51.5131
20
154.4466
0
VERTEX
8
CUT
10
51.5376
20
154.4547
0
VERTEX
8
CUT
10
51.6955
20
154.5106
0
VERTEX
8
CUT
10
51.7196
20
154.5197
0
VERTEX
8
CUT
10
51.7663
20
154.5385
0
VERTEX
8
CUT
10
51.7782
20
154.5435
0
VERTEX
8
CUT
10
51.8552
20
154.5765
0
VERTEX
8
CUT
10
51.8670
20
154.5817
0
VERTEX
8
CUT
10
53.1387
20
155.1592
0
VERTEX
8
CUT
10
53.1580
20
155.1684
0
VERTEX
8
CUT
10
53.2821
20
155.2302
0
VERTEX
8
CUT
10
53.3011
20
155.2400
0
VERTEX
8
CUT
10
53.4540
20
155.3230
0
VERTEX
8
CUT
10
53.4725
20
155.3335
0
VERTEX
8
CUT
10
53.5920
20
155.4040
0
VERTEX
8
CUT
10
53.6102
20
155.4152
0
VERTEX
8
CUT
10
56.0252
20
156.9582
0
VERTEX
8
CUT
10
56.0415
20
156.9690
0
VERTEX
8
CUT
10
56.1461
20
157.0408
0
VERTEX
8
CUT
10
56.1620
20
157.0521
0
VERTEX
8
CUT
10
56.2903
20
157.1463
0
VERTEX
8
CUT
10
56.3059
20
157.1582
0
VERTEX
8
CUT
10
56.4056
20
157.2366
0
VERTEX
8
CUT
10
56.4208
20
157.2489
0
VERTEX
8
CUT
10
60.5517
20
160.7194
0
VERTEX
8
CUT
10
60.5562
20
160.7232
0
VERTEX
8
CUT
10
60.5668
20
160.7319
0
VERTEX
8
CUT
10
60.5713
20
160.7357
0
VERTEX
8
CUT
10
60.5824
20
160.7447
0
VERTEX
8
CUT
10
60.5880
20
160.7493
0
VERTEX
8
CUT
10
60.6010
20
160.7597
0
VERTEX
8
CUT
10
60.6066
20
160.7642
0
VERTEX
8
CUT
10
60.6112
20
160.7679
0
VERTEX
8
CUT
10
60.6169
20
160.7724
0
VERTEX
8
CUT
10
60.6304
20
160.7828
0
VERTEX
8
CUT
10
60.6362
20
160.7873
0
VERTEX
8
CUT
10
60.6389
20
160.7894
0
VERTEX
8
CUT
10
60.6458
20
160.7946
0
VERTEX
8
CUT
10
60.6617
20
160.8066
0
VERTEX
8
CUT
10
60.6686
20
160.8117
0
VERTEX
8
CUT
10
62.6710
20
162.2855
0
VERTEX
8
CUT
10
62.6791
20
162.2913
0
VERTEX
8
CUT
10
62.6864
20
162.2966
0
VERTEX
8
CUT
10
62.7181
20
162.3184
0
VERTEX
8
CUT
10
62.7755
20
162.3560
0
VERTEX
8
CUT
10
62.8001
20
162.3716
0
VERTEX
8
CUT
10
62.8240
20
162.3856
0
VERTEX
8
CUT
10
62.8806
20
162.4175
0
VERTEX
8
CUT
10
62.9145
20
162.4356
0
VERTEX
8
CUT
10
62.9259
20
162.4414
0
VERTEX
8
CUT
10
62.9358
20
162.4464
0
VERTEX
8
CUT
10
64.6514
20
163.2928
0
VERTEX
8
CUT
10
64.6620
20
163.2980
0
VERTEX
8
CUT
10
64.6717
20
163.3026
0
VERTEX
8
CUT
10
64.7136
20
163.3213
0
VERTEX
8
CUT
10
64.7898
20
163.3530
0
VERTEX
8
CUT
10
64.8222
20
163.3657
0
VERTEX
8
CUT
10
64.8535
20
163.3765
0
VERTEX
8
CUT
10
64.9276
20
163.4005
0
VERTEX
8
CUT
10
64.9717
20
163.4136
0
VERTEX
8
CUT
10
64.9865
20
163.4175
0
VERTEX
8
CUT
10
64.9994
20
163.4209
0
VERTEX
8
CUT
10
66.6242
20
163.8312
0
VERTEX
8
CUT
10
66.6336
20
163.8336
0
VERTEX
8
CUT
10
66.6400
20
163.8351
0
VERTEX
8
CUT
10
66.6813
20
163.8440
0
VERTEX
8
CUT
10
66.7416
20
163.8556
0
VERTEX
8
CUT
10
66.8096
20
163.8660
0
VERTEX
8
CUT
10
66.8557
20
163.8712
0
VERTEX
8
CUT
10
66.9191
20
163.8762
0
VERTEX
8
CUT
10
66.9683
20
163.8783
0
VERTEX
8
CUT
10
67.0070
20
163.8791
0
VERTEX
8
CUT
10
67.0190
20
163.8791
0
VERTEX
8
CUT
10
67.0299
20
163.8790
0
VERTEX
8
CUT
10
68.7563
20
163.8569
0
VERTEX
8
CUT
10
68.7673
20
163.8566
0
VERTEX
8
CUT
10
68.7772
20
163.8564
0
VERTEX
8
CUT
10
68.8198
20
163.8543
0
VERTEX
8
CUT
10
68.8962
20
163.8488
0
VERTEX
8
CUT
10
68.9284
20
163.8458
0
VERTEX
8
CUT
10
68.9590
20
163.8418
0
VERTEX
8
CUT
10
69.0305
20
163.8312
0
VERTEX
8
CUT
10
69.0726
20
163.8240
0
VERTEX
8
CUT
10
69.0865
20
163.8212
0
VERTEX
8
CUT
10
69.0986
20
163.8187
0
VERTEX
8
CUT
10
69.9427
20
163.6400
0
VERTEX
8
CUT
10
69.9540
20
163.6375
0
VERTEX
8
CUT
10
69.9642
20
163.6352
0
VERTEX
8
CUT
10
70.0077
20
163.6243
0
VERTEX
8
CUT
10
70.0853
20
163.6027
0
VERTEX
8
CUT
10
70.1180
20
163.5929
0
VERTEX
8
CUT
10
70.1486
20
163.5824
0
VERTEX
8
CUT
10
70.2200
20
163.5563
0
VERTEX
8
CUT
10
70.2619
20
163.5398
0
VERTEX
8
CUT
10
70.2757
20
163.5339
0
VERTEX
8
CUT
10
70.2876
20
163.5288
0
VERTEX
8
CUT
10
72.0566
20
162.7498
0
VERTEX
8
CUT
10
72.0670
20
162.7452
0
VERTEX
8
CUT
10
72.0763
20
162.7409
0
VERTEX
8
CUT
10
72.1158
20
162.7217
0
VERTEX
8
CUT
10
72.1861
20
162.6855
0
VERTEX
8
CUT
10
72.2155
20
162.6696
0
VERTEX
8
CUT
10
72.2428
20
162.6534
0
VERTEX
8
CUT
10
72.3063
20
162.6142
0
VERTEX
8
CUT
10
72.3432
20
162.5901
0
VERTEX
8
CUT
10
72.3553
20
162.5817
0
VERTEX
8
CUT
10
72.3657
20
162.5744
0
VERTEX
8
CUT
10
73.0493
20
162.0896
0
VERTEX
8
CUT
10
73.0585
20
162.0829
0
VERTEX
8
CUT
10
73.0668
20
162.0769
0
VERTEX
8
CUT
10
73.1016
20
162.0503
0
VERTEX
8
CUT
10
73.1630
20
162.0008
0
VERTEX
8
CUT
10
73.1885
20
161.9794
0
VERTEX
8
CUT
10
73.2120
20
161.9581
0
VERTEX
8
CUT
10
73.2661
20
161.9071
0
VERTEX
8
CUT
10
73.2974
20
161.8762
0
VERTEX
8
CUT
10
73.3075
20
161.8656
0
VERTEX
8
CUT
10
73.3163
20
161.8564
0
VERTEX
8
CUT
10
74.7185
20
160.3582
0
VERTEX
8
CUT
10
74.7271
20
160.3489
0
VERTEX
8
CUT
10
74.7348
20
160.3404
0
VERTEX
8
CUT
10
74.7669
20
160.3031
0
VERTEX
8
CUT
10
74.8228
20
160.2344
0
VERTEX
8
CUT
10
74.8458
20
160.2050
0
VERTEX
8
CUT
10
74.8664
20
160.1760
0
VERTEX
8
CUT
10
74.9133
20
160.1069
0
VERTEX
8
CUT
10
74.9399
20
160.0653
0
VERTEX
8
CUT
10
74.9484
20
160.0513
0
VERTEX
8
CUT
10
74.9556
20
160.0390
0
VERTEX
8
CUT
10
75.1237
20
159.7494
0
VERTEX
8
CUT
10
75.1314
20
159.7365
0
VERTEX
8
CUT
10
75.1826
20
159.6532
0
VERTEX
8
CUT
10
75.1906
20
159.6405
0
VERTEX
8
CUT
10
75.2226
20
159.5913
0
VERTEX
8
CUT
10
75.2396
20
159.5665
0
VERTEX
8
CUT
10
75.3525
20
159.4104
0
VERTEX
8
CUT
10
75.3901
20
159.3635
0
VERTEX
8
CUT
10
75.5164
20
159.2215
0
VERTEX
8
CUT
10
75.5585
20
159.1786
0
VERTEX
8
CUT
10
75.6983
20
159.0499
0
VERTEX
8
CUT
10
75.7445
20
159.0114
0
VERTEX
8
CUT
10
75.8964
20
158.8974
0
VERTEX
8
CUT
10
75.9463
20
158.8637
0
VERTEX
8
CUT
10
76.1089
20
158.7654
0
VERTEX
8
CUT
10
76.1618
20
158.7369
0
VERTEX
8
CUT
10
76.3335
20
158.6554
0
VERTEX
8
CUT
10
76.3890
20
158.6324
0
VERTEX
8
CUT
10
76.5679
20
158.5684
0
VERTEX
8
CUT
10
76.6255
20
158.5510
0
VERTEX
8
CUT
10
76.8099
20
158.5053
0
VERTEX
8
CUT
10
76.8689
20
158.4938
0
VERTEX
8
CUT
10
77.0570
20
158.4668
0
VERTEX
8
CUT
10
77.1169
20
158.4612
0
VERTEX
8
CUT
10
77.3067
20
158.4531
0
VERTEX
8
CUT
10
77.3668
20
158.4536
0
VERTEX
8
CUT
10
77.5565
20
158.4645
0
VERTEX
8
CUT
10
77.6163
20
158.4710
0
VERTEX
8
CUT
10
77.8039
20
158.5009
0
VERTEX
8
CUT
10
77.8628
20
158.5133
0
VERTEX
8
CUT
10
78.0465
20
158.5618
0
VERTEX
8
CUT
10
78.1038
20
158.5800
0
VERTEX
8
CUT
10
78.2817
20
158.6467
0
VERTEX
8
CUT
10
78.3369
20
158.6705
0
VERTEX
8
CUT
10
78.5073
20
158.7546
0
VERTEX
8
CUT
10
78.5598
20
158.7839
0
VERTEX
8
CUT
10
78.7209
20
158.8847
0
VERTEX
8
CUT
10
78.7702
20
158.9190
0
VERTEX
8
CUT
10
78.9204
20
159.0354
0
VERTEX
8
CUT
10
78.9660
20
159.0746
0
VERTEX
8
CUT
10
79.1058
20
159.2072
0
VERTEX
8
CUT
10
79.1271
20
159.2284
0
VERTEX
8
CUT
10
79.1676
20
159.2709
0
VERTEX
8
CUT
10
79.1778
20
159.2819
0
VERTEX
8
CUT
10
79.2434
20
159.3543
0
VERTEX
8
CUT
10
79.2534
20
159.3656
0
VERTEX
8
CUT
10
81.5222
20
161.9981
0
VERTEX
8
CUT
10
81.5277
20
162.0046
0
VERTEX
8
CUT
10
81.5656
20
162.0498
0
VERTEX
8
CUT
10
81.5714
20
162.0569
0
VERTEX
8
CUT
10
81.6178
20
162.1140
0
VERTEX
8
CUT
10
81.6234
20
162.1210
0
VERTEX
8
CUT
10
81.6594
20
162.1667
0
VERTEX
8
CUT
10
81.6652
20
162.1742
0
VERTEX
8
CUT
10
86.4339
20
168.4313
0
VERTEX
8
CUT
10
86.4369
20
168.4347
0
VERTEX
8
CUT
10
86.4527
20
168.4524
0
VERTEX
8
CUT
10
86.4595
20
168.4599
0
VERTEX
8
CUT
10
89.1721
20
171.4259
0
VERTEX
8
CUT
10
90.6192
20
172.9646
0
VERTEX
8
CUT
10
90.6293
20
172.9755
0
VERTEX
8
CUT
10
90.6935
20
173.0473
0
VERTEX
8
CUT
10
90.7032
20
173.0585
0
VERTEX
8
CUT
10
90.7407
20
173.1025
0
VERTEX
8
CUT
10
90.7594
20
173.1256
0
VERTEX
8
CUT
10
90.8752
20
173.2760
0
VERTEX
8
CUT
10
90.9090
20
173.3247
0
VERTEX
8
CUT
10
91.0080
20
173.4837
0
VERTEX
8
CUT
10
91.0368
20
173.5355
0
VERTEX
8
CUT
10
91.1197
20
173.7035
0
VERTEX
8
CUT
10
91.1433
20
173.7578
0
VERTEX
8
CUT
10
91.2101
20
173.9356
0
VERTEX
8
CUT
10
91.2198
20
173.9636
0
VERTEX
8
CUT
10
91.2375
20
174.0187
0
VERTEX
8
CUT
10
91.2418
20
174.0328
0
VERTEX
8
CUT
10
91.2680
20
174.1219
0
VERTEX
8
CUT
10
91.2734
20
174.1415
0
VERTEX
8
CUT
10
91.2740
20
174.1439
0
VERTEX
8
CUT
10
91.2770
20
174.1562
0
VERTEX
8
CUT
10
91.3031
20
174.2674
0
VERTEX
8
CUT
10
91.3070
20
174.2851
0
VERTEX
8
CUT
10
91.3211
20
174.3544
0
VERTEX
8
CUT
10
91.3272
20
174.3902
0
VERTEX
8
CUT
10
91.3601
20
174.6234
0
VERTEX
8
CUT
10
91.3640
20
174.6595
0
VERTEX
8
CUT
10
91.3696
20
174.7300
0
VERTEX
8
CUT
10
91.3708
20
174.7481
0
VERTEX
8
CUT
10
91.3766
20
174.8658
0
VERTEX
8
CUT
10
91.3772
20
174.8839
0
VERTEX
8
CUT
10
91.3837
20
175.2260
0
VERTEX
8
CUT
10
91.3892
20
175.3324
0
VERTEX
8
CUT
10
91.3900
20
175.3597
0
VERTEX
8
CUT
10
91.3904
20
175.4130
0
VERTEX
8
CUT
10
91.3903
20
175.4267
0
VERTEX
8
CUT
10
91.3890
20
175.5074
0
VERTEX
8
CUT
10
91.3958
20
175.8659
0
VERTEX
8
CUT
10
91.3959
20
175.8844
0
VERTEX
8
CUT
10
91.3945
20
176.0044
0
VERTEX
8
CUT
10
91.3939
20
176.0229
0
VERTEX
8
CUT
10
91.3875
20
176.1734
0
VERTEX
8
CUT
10
91.3865
20
176.1919
0
VERTEX
8
CUT
10
91.3776
20
176.3116
0
VERTEX
8
CUT
10
91.3760
20
176.3300
0
VERTEX
8
CUT
10
91.3462
20
176.6147
0
VERTEX
8
CUT
10
91.3040
20
177.6989
0
VERTEX
8
CUT
10
91.3031
20
177.7165
0
VERTEX
8
CUT
10
91.2952
20
177.8307
0
VERTEX
8
CUT
10
91.2938
20
177.8483
0
VERTEX
8
CUT
10
91.2798
20
177.9914
0
VERTEX
8
CUT
10
91.2778
20
178.0089
0
VERTEX
8
CUT
10
91.2633
20
178.1225
0
VERTEX
8
CUT
10
91.2608
20
178.1400
0
VERTEX
8
CUT
10
91.0644
20
179.3851
0
VERTEX
8
CUT
10
91.0608
20
179.4057
0
VERTEX
8
CUT
10
91.0350
20
179.5388
0
VERTEX
8
CUT
10
91.0307
20
179.5592
0
VERTEX
8
CUT
10
90.9926
20
179.7249
0
VERTEX
8
CUT
10
90.9875
20
179.7452
0
VERTEX
8
CUT
10
90.9526
20
179.8761
0
VERTEX
8
CUT
10
90.9469
20
179.8962
0
VERTEX
8
CUT
10
90.4634
20
181.4841
0
VERTEX
8
CUT
10
90.2609
20
182.1531
0
VERTEX
8
CUT
10
90.2570
20
182.1656
0
VERTEX
8
CUT
10
90.2304
20
182.2467
0
VERTEX
8
CUT
10
90.2262
20
182.2592
0
VERTEX
8
CUT
10
90.2195
20
182.2782
0
VERTEX
8
CUT
10
90.2159
20
182.2888
0
VERTEX
8
CUT
10
90.1805
20
182.3893
0
VERTEX
8
CUT
10
90.1760
20
182.4016
0
VERTEX
8
CUT
10
90.1460
20
182.4810
0
VERTEX
8
CUT
10
90.1413
20
182.4932
0
VERTEX
8
CUT
10
89.7221
20
183.5348
0
VERTEX
8
CUT
10
89.1904
20
184.8601
0
VERTEX
8
CUT
10
89.1848
20
184.8736
0
VERTEX
8
CUT
10
89.1472
20
184.9611
0
VERTEX
8
CUT
10
89.1412
20
184.9745
0
VERTEX
8
CUT
10
89.1282
20
185.0028
0
VERTEX
8
CUT
10
89.1267
20
185.0061
0
VERTEX
8
CUT
10
89.1104
20
185.0415
0
VERTEX
8
CUT
10
89.0913
20
185.0832
0
VERTEX
8
CUT
10
89.0895
20
185.0871
0
VERTEX
8
CUT
10
89.0767
20
185.1148
0
VERTEX
8
CUT
10
89.0704
20
185.1280
0
VERTEX
8
CUT
10
89.0285
20
185.2135
0
VERTEX
8
CUT
10
89.0219
20
185.2266
0
VERTEX
8
CUT
10
88.3680
20
186.4817
0
VERTEX
8
CUT
10
87.8447
20
187.4886
0
VERTEX
8
CUT
10
87.8384
20
187.5003
0
VERTEX
8
CUT
10
87.7969
20
187.5762
0
VERTEX
8
CUT
10
87.7903
20
187.5878
0
VERTEX
8
CUT
10
87.7811
20
187.6039
0
VERTEX
8
CUT
10
87.7808
20
187.6043
0
VERTEX
8
CUT
10
87.7744
20
187.6158
0
VERTEX
8
CUT
10
87.7207
20
187.7086
0
VERTEX
8
CUT
10
87.7140
20
187.7199
0
VERTEX
8
CUT
10
87.6696
20
187.7929
0
VERTEX
8
CUT
10
87.6627
20
187.8041
0
VERTEX
8
CUT
10
86.2635
20
189.9970
0
VERTEX
8
CUT
10
86.2558
20
190.0087
0
VERTEX
8
CUT
10
86.2051
20
190.0843
0
VERTEX
8
CUT
10
86.1972
20
190.0958
0
VERTEX
8
CUT
10
86.1312
20
190.1892
0
VERTEX
8
CUT
10
86.1273
20
190.1946
0
VERTEX
8
CUT
10
86.1117
20
190.2168
0
VERTEX
8
CUT
10
86.1035
20
190.2282
0
VERTEX
8
CUT
10
86.0489
20
190.3016
0
VERTEX
8
CUT
10
86.0404
20
190.3129
0
VERTEX
8
CUT
10
84.4938
20
192.2981
0
VERTEX
8
CUT
10
84.4854
20
192.3086
0
VERTEX
8
CUT
10
84.4301
20
192.3764
0
VERTEX
8
CUT
10
84.4214
20
192.3867
0
VERTEX
8
CUT
10
84.3501
20
192.4703
0
VERTEX
8
CUT
10
84.3413
20
192.4804
0
VERTEX
8
CUT
10
84.2830
20
192.5457
0
VERTEX
8
CUT
10
84.2739
20
192.5556
0
VERTEX
8
CUT
10
82.5892
20
194.3583
0
VERTEX
8
CUT
10
82.5778
20
194.3701
0
VERTEX
8
CUT
10
82.5026
20
194.4463
0
VERTEX
8
CUT
10
82.4909
20
194.4579
0
VERTEX
8
CUT
10
82.3939
20
194.5508
0
VERTEX
8
CUT
10
82.3819
20
194.5620
0
VERTEX
8
CUT
10
82.3026
20
194.6340
0
VERTEX
8
CUT
10
82.2903
20
194.6449
0
VERTEX
8
CUT
10
80.5693
20
196.1224
0
VERTEX
8
CUT
10
80.5560
20
196.1334
0
VERTEX
8
CUT
10
80.4691
20
196.2038
0
VERTEX
8
CUT
10
80.4556
20
196.2144
0
VERTEX
8
CUT
10
80.4243
20
196.2383
0
VERTEX
8
CUT
10
80.4231
20
196.2393
0
VERTEX
8
CUT
10
80.4047
20
196.2533
0
VERTEX
8
CUT
10
80.3440
20
196.2996
0
VERTEX
8
CUT
10
80.3399
20
196.3027
0
VERTEX
8
CUT
10
80.3114
20
196.3244
0
VERTEX
8
CUT
10
80.2975
20
196.3347
0
VERTEX
8
CUT
10
80.2066
20
196.3999
0
VERTEX
8
CUT
10
80.1925
20
196.4097
0
VERTEX
8
CUT
10
78.5022
20
197.5507
0
VERTEX
8
CUT
10
78.4851
20
197.5618
0
VERTEX
8
CUT
10
78.4393
20
197.5905
0
VERTEX
8
CUT
10
78.4386
20
197.5909
0
VERTEX
8
CUT
10
78.4275
20
197.5979
0
VERTEX
8
CUT
10
78.4242
20
197.6000
0
VERTEX
8
CUT
10
78.3728
20
197.6322
0
VERTEX
8
CUT
10
78.3553
20
197.6427
0
VERTEX
8
CUT
10
78.2115
20
197.7261
0
VERTEX
8
CUT
10
78.1937
20
197.7361
0
VERTEX
8
CUT
10
78.0769
20
197.7986
0
VERTEX
8
CUT
10
78.0588
20
197.8080
0
VERTEX
8
CUT
10
77.2172
20
198.2226
0
VERTEX
8
CUT
10
77.1991
20
198.2312
0
VERTEX
8
CUT
10
77.0807
20
198.2847
0
VERTEX
8
CUT
10
77.0624
20
198.2926
0
VERTEX
8
CUT
10
76.9117
20
198.3547
0
VERTEX
8
CUT
10
76.8931
20
198.3620
0
VERTEX
8
CUT
10
76.7714
20
198.4076
0
VERTEX
8
CUT
10
76.7526
20
198.4142
0
VERTEX
8
CUT
10
76.4168
20
198.5272
0
VERTEX
8
CUT
10
75.9238
20
198.7467
0
VERTEX
8
CUT
10
75.9101
20
198.7526
0
VERTEX
8
CUT
10
75.8209
20
198.7897
0
VERTEX
8
CUT
10
75.8071
20
198.7952
0
VERTEX
8
CUT
10
75.7529
20
198.8162
0
VERTEX
8
CUT
10
75.7249
20
198.8262
0
VERTEX
8
CUT
10
75.5415
20
198.8869
0
VERTEX
8
CUT
10
75.5131
20
198.8956
0
VERTEX
8
CUT
10
75.4571
20
198.9111
0
VERTEX
8
CUT
10
75.4427
20
198.9148
0
VERTEX
8
CUT
10
75.3490
20
198.9383
0
VERTEX
8
CUT
10
75.3345
20
198.9418
0
VERTEX
8
CUT
10
74.8844
20
199.0427
0
VERTEX
8
CUT
10
74.5902
20
199.1416
0
VERTEX
8
CUT
10
74.5762
20
199.1462
0
VERTEX
8
CUT
10
74.4847
20
199.1744
0
VERTEX
8
CUT
10
74.4706
20
199.1786
0
VERTEX
8
CUT
10
74.4153
20
199.1943
0
VERTEX
8
CUT
10
74.3868
20
199.2016
0
VERTEX
8
CUT
10
74.2003
20
199.2445
0
VERTEX
8
CUT
10
74.1715
20
199.2504
0
VERTEX
8
CUT
10
74.1149
20
199.2605
0
VERTEX
8
CUT
10
74.1004
20
199.2629
0
VERTEX
8
CUT
10
74.0058
20
199.2775
0
VERTEX
8
CUT
10
73.9912
20
199.2796
0
VERTEX
8
CUT
10
73.6069
20
199.3291
0
VERTEX
8
CUT
10
73.2626
20
199.4063
0
VERTEX
8
CUT
10
73.2478
20
199.4094
0
VERTEX
8
CUT
10
73.1512
20
199.4285
0
VERTEX
8
CUT
10
73.1362
20
199.4313
0
VERTEX
8
CUT
10
73.0779
20
199.4413
0
VERTEX
8
CUT
10
73.0479
20
199.4457
0
VERTEX
8
CUT
10
72.8524
20
199.4691
0
VERTEX
8
CUT
10
72.8222
20
199.4720
0
VERTEX
8
CUT
10
72.7632
20
199.4761
0
VERTEX
8
CUT
10
72.7480
20
199.4769
0
VERTEX
8
CUT
10
72.6496
20
199.4812
0
VERTEX
8
CUT
10
72.6345
20
199.4817
0
VERTEX
8
CUT
10
72.3874
20
199.4862
0
VERTEX
8
CUT
10
71.9353
20
199.5445
0
VERTEX
8
CUT
10
71.9229
20
199.5460
0
VERTEX
8
CUT
10
71.8426
20
199.5546
0
VERTEX
8
CUT
10
71.8302
20
199.5558
0
VERTEX
8
CUT
10
71.7818
20
199.5601
0
VERTEX
8
CUT
10
71.7570
20
199.5617
0
VERTEX
8
CUT
10
71.5956
20
199.5690
0
VERTEX
8
CUT
10
71.5707
20
199.5696
0
VERTEX
8
CUT
10
71.5221
20
199.5698
0
VERTEX
8
CUT
10
71.5097
20
199.5697
0
VERTEX
8
CUT
10
71.4289
20
199.5684
0
VERTEX
8
CUT
10
71.4165
20
199.5680
0
VERTEX
8
CUT
10
70.6562
20
199.5394
0
VERTEX
8
CUT
10
70.6422
20
199.5387
0
VERTEX
8
CUT
10
70.5512
20
199.5331
0
VERTEX
8
CUT
10
70.5372
20
199.5321
0
VERTEX
8
CUT
10
70.4826
20
199.5275
0
VERTEX
8
CUT
10
70.4547
20
199.5245
0
VERTEX
8
CUT
10
70.3854
20
199.5153
0
VERTEX
8
CUT
10
70.2416
20
199.5058
0
VERTEX
8
CUT
10
70.2163
20
199.5036
0
VERTEX
8
CUT
10
70.1670
20
199.4982
0
VERTEX
8
CUT
10
70.1543
20
199.4967
0
VERTEX
8
CUT
10
70.0724
20
199.4860
0
VERTEX
8
CUT
10
70.0599
20
199.4842
0
VERTEX
8
CUT
10
69.4029
20
199.3842
0
VERTEX
8
CUT
10
69.3879
20
199.3818
0
VERTEX
8
CUT
10
69.2904
20
199.3644
0
VERTEX
8
CUT
10
69.2754
20
199.3615
0
VERTEX
8
CUT
10
69.2172
20
199.3496
0
VERTEX
8
CUT
10
69.1875
20
199.3427
0
VERTEX
8
CUT
10
68.9959
20
199.2933
0
VERTEX
8
CUT
10
68.9666
20
199.2849
0
VERTEX
8
CUT
10
68.9098
20
199.2671
0
VERTEX
8
CUT
10
68.8953
20
199.2624
0
VERTEX
8
CUT
10
68.8016
20
199.2304
0
VERTEX
8
CUT
10
68.7873
20
199.2253
0
VERTEX
8
CUT
10
68.3846
20
199.0765
0
VERTEX
8
CUT
10
68.3430
20
199.0669
0
VERTEX
8
CUT
10
68.3308
20
199.0640
0
VERTEX
8
CUT
10
68.2521
20
199.0443
0
VERTEX
8
CUT
10
68.2400
20
199.0412
0
VERTEX
8
CUT
10
68.1929
20
199.0283
0
VERTEX
8
CUT
10
68.1689
20
199.0212
0
VERTEX
8
CUT
10
68.0163
20
198.9727
0
VERTEX
8
CUT
10
67.9694
20
198.9556
0
VERTEX
8
CUT
10
67.8214
20
198.8945
0
VERTEX
8
CUT
10
67.7985
20
198.8845
0
VERTEX
8
CUT
10
67.7542
20
198.8641
0
VERTEX
8
CUT
10
67.7429
20
198.8587
0
VERTEX
8
CUT
10
67.6699
20
198.8231
0
VERTEX
8
CUT
10
67.6587
20
198.8176
0
VERTEX
8
CUT
10
67.5906
20
198.7826
0
VERTEX
8
CUT
10
67.5141
20
198.7523
0
VERTEX
8
CUT
10
67.5015
20
198.7471
0
VERTEX
8
CUT
10
67.4523
20
198.7263
0
VERTEX
8
CUT
10
67.4274
20
198.7151
0
VERTEX
8
CUT
10
67.2693
20
198.6397
0
VERTEX
8
CUT
10
67.2211
20
198.6139
0
VERTEX
8
CUT
10
67.0705
20
198.5244
0
VERTEX
8
CUT
10
67.0473
20
198.5099
0
VERTEX
8
CUT
10
67.0034
20
198.4810
0
VERTEX
8
CUT
10
66.7540
20
198.3529
0
VERTEX
8
CUT
10
66.7407
20
198.3459
0
VERTEX
8
CUT
10
66.6553
20
198.2993
0
VERTEX
8
CUT
10
66.6423
20
198.2920
0
VERTEX
8
CUT
10
66.5916
20
198.2627
0
VERTEX
8
CUT
10
66.5661
20
198.2470
0
VERTEX
8
CUT
10
66.4028
20
198.1414
0
VERTEX
8
CUT
10
66.3781
20
198.1245
0
VERTEX
8
CUT
10
66.3306
20
198.0903
0
VERTEX
8
CUT
10
66.3186
20
198.0814
0
VERTEX
8
CUT
10
66.2411
20
198.0226
0
VERTEX
8
CUT
10
66.2292
20
198.0134
0
VERTEX
8
CUT
10
65.2021
20
197.1928
0
VERTEX
8
CUT
10
65.1928
20
197.1852
0
VERTEX
8
CUT
10
65.1327
20
197.1352
0
VERTEX
8
CUT
10
65.1236
20
197.1274
0
VERTEX
8
CUT
10
65.0880
20
197.0966
0
VERTEX
8
CUT
10
65.0702
20
197.0805
0
VERTEX
8
CUT
10
64.9563
20
196.9735
0
VERTEX
8
CUT
10
64.9391
20
196.9567
0
VERTEX
8
CUT
10
64.9062
20
196.9232
0
VERTEX
8
CUT
10
64.8978
20
196.9145
0
VERTEX
8
CUT
10
64.8442
20
196.8577
0
VERTEX
8
CUT
10
64.8360
20
196.8488
0
VERTEX
8
CUT
10
63.9680
20
195.8912
0
VERTEX
8
CUT
10
63.9585
20
195.8805
0
VERTEX
8
CUT
10
63.8979
20
195.8104
0
VERTEX
8
CUT
10
63.8887
20
195.7995
0
VERTEX
8
CUT
10
63.8533
20
195.7565
0
VERTEX
8
CUT
10
63.8357
20
195.7340
0
VERTEX
8
CUT
10
63.7248
20
195.5855
0
VERTEX
8
CUT
10
63.7083
20
195.5622
0
VERTEX
8
CUT
10
63.6772
20
195.5161
0
VERTEX
8
CUT
10
63.6693
20
195.5041
0
VERTEX
8
CUT
10
63.6193
20
195.4261
0
VERTEX
8
CUT
10
63.6117
20
195.4140
0
VERTEX
8
CUT
10
63.4416
20
195.1340
0
VERTEX
8
CUT
10
63.3998
20
195.0808
0
VERTEX
8
CUT
10
63.3912
20
195.0696
0
VERTEX
8
CUT
10
63.3582
20
195.0254
0
VERTEX
8
CUT
10
63.3419
20
195.0024
0
VERTEX
8
CUT
10
63.2392
20
194.8505
0
VERTEX
8
CUT
10
63.2239
20
194.8268
0
VERTEX
8
CUT
10
63.1953
20
194.7797
0
VERTEX
8
CUT
10
63.1881
20
194.7676
0
VERTEX
8
CUT
10
63.1422
20
194.6882
0
VERTEX
8
CUT
10
63.1353
20
194.6759
0
VERTEX
8
CUT
10
63.0472
20
194.5149
0
VERTEX
8
CUT
10
63.0399
20
194.5011
0
VERTEX
8
CUT
10
62.9932
20
194.4101
0
VERTEX
8
CUT
10
62.9862
20
194.3960
0
VERTEX
8
CUT
10
62.9596
20
194.3407
0
VERTEX
8
CUT
10
62.9467
20
194.3120
0
VERTEX
8
CUT
10
62.8680
20
194.1235
0
VERTEX
8
CUT
10
62.8567
20
194.0942
0
VERTEX
8
CUT
10
62.8360
20
194.0364
0
VERTEX
8
CUT
10
62.8309
20
194.0215
0
VERTEX
8
CUT
10
62.7990
20
193.9244
0
VERTEX
8
CUT
10
62.7943
20
193.9094
0
VERTEX
8
CUT
10
62.5221
20
192.9995
0
VERTEX
8
CUT
10
62.5181
20
192.9855
0
VERTEX
8
CUT
10
62.4932
20
192.8944
0
VERTEX
8
CUT
10
62.4896
20
192.8804
0
VERTEX
8
CUT
10
62.4759
20
192.8252
0
VERTEX
8
CUT
10
62.4697
20
192.7969
0
VERTEX
8
CUT
10
62.4333
20
192.6116
0
VERTEX
8
CUT
10
62.4284
20
192.5829
0
VERTEX
8
CUT
10
62.4202
20
192.5268
0
VERTEX
8
CUT
10
62.4182
20
192.5124
0
VERTEX
8
CUT
10
62.4068
20
192.4186
0
VERTEX
8
CUT
10
62.4052
20
192.4042
0
VERTEX
8
CUT
10
62.3924
20
192.2723
0
VERTEX
8
CUT
10
62.3502
20
192.1063
0
VERTEX
8
CUT
10
62.3468
20
192.0923
0
VERTEX
8
CUT
10
62.3260
20
192.0017
0
VERTEX
8
CUT
10
62.3230
20
191.9877
0
VERTEX
8
CUT
10
62.3118
20
191.9330
0
VERTEX
8
CUT
10
62.3068
20
191.9048
0
VERTEX
8
CUT
10
62.2783
20
191.7211
0
VERTEX
8
CUT
10
62.2746
20
191.6928
0
VERTEX
8
CUT
10
62.2687
20
191.6372
0
VERTEX
8
CUT
10
62.2673
20
191.6229
0
VERTEX
8
CUT
10
62.2597
20
191.5303
0
VERTEX
8
CUT
10
62.2587
20
191.5160
0
VERTEX
8
CUT
10
62.1836
20
190.2290
0
VERTEX
8
CUT
10
62.1830
20
190.2170
0
VERTEX
8
CUT
10
62.1800
20
190.1389
0
VERTEX
8
CUT
10
62.1797
20
190.1269
0
VERTEX
8
CUT
10
62.1788
20
190.0799
0
VERTEX
8
CUT
10
62.1788
20
190.0558
0
VERTEX
8
CUT
10
62.1823
20
189.8995
0
VERTEX
8
CUT
10
62.1833
20
189.8755
0
VERTEX
8
CUT
10
62.1862
20
189.8286
0
VERTEX
8
CUT
10
62.1870
20
189.8166
0
VERTEX
8
CUT
10
62.1935
20
189.7387
0
VERTEX
8
CUT
10
62.1946
20
189.7267
0
VERTEX
8
CUT
10
62.1989
20
189.6843
0
VERTEX
8
CUT
10
62.1995
20
189.6765
0
VERTEX
8
CUT
10
62.2008
20
189.6616
0
VERTEX
8
CUT
10
62.3250
20
188.4531
0
VERTEX
8
CUT
10
62.3265
20
188.4395
0
VERTEX
8
CUT
10
62.3376
20
188.3514
0
VERTEX
8
CUT
10
62.3395
20
188.3378
0
VERTEX
8
CUT
10
62.3473
20
188.2850
0
VERTEX
8
CUT
10
62.3520
20
188.2581
0
VERTEX
8
CUT
10
62.3861
20
188.0838
0
VERTEX
8
CUT
10
62.3920
20
188.0571
0
VERTEX
8
CUT
10
62.4046
20
188.0052
0
VERTEX
8
CUT
10
62.4080
20
187.9919
0
VERTEX
8
CUT
10
62.4310
20
187.9061
0
VERTEX
8
CUT
10
62.4347
20
187.8929
0
VERTEX
8
CUT
10
62.8908
20
186.3341
0
VERTEX
8
CUT
10
62.8950
20
186.3201
0
VERTEX
8
CUT
10
62.8960
20
186.3171
0
VERTEX
8
CUT
10
62.8978
20
186.3113
0
VERTEX
8
CUT
10
62.9261
20
186.2224
0
VERTEX
8
CUT
10
62.9306
20
186.2088
0
VERTEX
8
CUT
10
62.9489
20
186.1558
0
VERTEX
8
CUT
10
62.9589
20
186.1290
0
VERTEX
8
CUT
10
63.0282
20
185.9558
0
VERTEX
8
CUT
10
63.0395
20
185.9294
0
VERTEX
8
CUT
10
63.0627
20
185.8785
0
VERTEX
8
CUT
10
63.0688
20
185.8655
0
VERTEX
8
CUT
10
63.1096
20
185.7816
0
VERTEX
8
CUT
10
63.1160
20
185.7687
0
VERTEX
8
CUT
10
64.1460
20
183.7712
0
VERTEX
8
CUT
10
64.1527
20
183.7586
0
VERTEX
8
CUT
10
64.1970
20
183.6773
0
VERTEX
8
CUT
10
64.2040
20
183.6649
0
VERTEX
8
CUT
10
64.2319
20
183.6167
0
VERTEX
8
CUT
10
64.2467
20
183.5923
0
VERTEX
8
CUT
10
64.3468
20
183.4366
0
VERTEX
8
CUT
10
64.3628
20
183.4130
0
VERTEX
8
CUT
10
64.3864
20
183.3797
0
VERTEX
8
CUT
10
64.4363
20
183.3043
0
VERTEX
8
CUT
10
64.4482
20
183.2869
0
VERTEX
8
CUT
10
65.0802
20
182.4003
0
VERTEX
8
CUT
10
65.0914
20
182.3852
0
VERTEX
8
CUT
10
65.1654
20
182.2880
0
VERTEX
8
CUT
10
65.1770
20
182.2732
0
VERTEX
8
CUT
10
65.2736
20
182.1542
0
VERTEX
8
CUT
10
65.2857
20
182.1397
0
VERTEX
8
CUT
10
65.3657
20
182.0474
0
VERTEX
8
CUT
10
65.3782
20
182.0333
0
VERTEX
8
CUT
10
65.7980
20
181.5778
0
VERTEX
8
CUT
10
66.1604
20
181.1167
0
VERTEX
8
CUT
10
66.1725
20
181.1018
0
VERTEX
8
CUT
10
66.2526
20
181.0063
0
VERTEX
8
CUT
10
66.2652
20
180.9918
0
VERTEX
8
CUT
10
66.3695
20
180.8753
0
VERTEX
8
CUT
10
66.3825
20
180.8612
0
VERTEX
8
CUT
10
66.4685
20
180.7711
0
VERTEX
8
CUT
10
66.4820
20
180.7574
0
VERTEX
8
CUT
10
67.2498
20
180.0026
0
VERTEX
8
CUT
10
67.6402
20
179.5790
0
VERTEX
8
CUT
10
67.6495
20
179.5692
0
VERTEX
8
CUT
10
67.7106
20
179.5058
0
VERTEX
8
CUT
10
67.7202
20
179.4961
0
VERTEX
8
CUT
10
67.7987
20
179.4183
0
VERTEX
8
CUT
10
67.8084
20
179.4089
0
VERTEX
8
CUT
10
67.8723
20
179.3483
0
VERTEX
8
CUT
10
67.8823
20
179.3391
0
VERTEX
8
CUT
10
68.4210
20
178.8513
0
VERTEX
8
CUT
10
69.3144
20
177.9730
0
VERTEX
8
CUT
10
69.3191
20
177.9685
0
VERTEX
8
CUT
10
69.3513
20
177.9375
0
VERTEX
8
CUT
10
69.3564
20
177.9327
0
VERTEX
8
CUT
10
69.3971
20
177.8944
0
VERTEX
8
CUT
10
69.4020
20
177.8898
0
VERTEX
8
CUT
10
69.4345
20
177.8599
0
VERTEX
8
CUT
10
69.4399
20
177.8551
0
VERTEX
8
CUT
10
73.9821
20
173.7802
0
VERTEX
8
CUT
10
76.1213
20
171.5679
0
VERTEX
8
CUT
10
76.7740
20
170.8306
0
VERTEX
8
CUT
10
76.7941
20
170.7957
0
VERTEX
8
CUT
10
76.8343
20
170.7178
0
VERTEX
8
CUT
10
76.8585
20
170.6647
0
VERTEX
8
CUT
10
76.8909
20
170.5833
0
VERTEX
8
CUT
10
76.9099
20
170.5281
0
VERTEX
8
CUT
10
76.9342
20
170.4439
0
VERTEX
8
CUT
10
76.9477
20
170.3871
0
VERTEX
8
CUT
10
76.9637
20
170.3010
0
VERTEX
8
CUT
10
76.9716
20
170.2432
0
VERTEX
8
CUT
10
76.9791
20
170.1558
0
VERTEX
8
CUT
10
76.9813
20
170.0975
0
VERTEX
8
CUT
10
76.9804
20
170.0099
0
VERTEX
8
CUT
10
76.9769
20
169.9516
0
VERTEX
8
CUT
10
76.9674
20
169.8645
0
VERTEX
8
CUT
10
76.9583
20
169.8069
0
VERTEX
8
CUT
10
76.9404
20
169.7211
0
VERTEX
8
CUT
10
76.9257
20
169.6646
0
VERTEX
8
CUT
10
76.8996
20
169.5810
0
VERTEX
8
CUT
10
76.8794
20
169.5262
0
VERTEX
8
CUT
10
76.8453
20
169.4455
0
VERTEX
8
CUT
10
76.8199
20
169.3929
0
VERTEX
8
CUT
10
76.7781
20
169.3160
0
VERTEX
8
CUT
10
76.7477
20
169.2661
0
VERTEX
8
CUT
10
76.6986
20
169.1936
0
VERTEX
8
CUT
10
76.6635
20
169.1469
0
VERTEX
8
CUT
10
76.6075
20
169.0795
0
VERTEX
8
CUT
10
76.5681
20
169.0364
0
VERTEX
8
CUT
10
76.5058
20
168.9748
0
VERTEX
8
CUT
10
76.4624
20
168.9358
0
VERTEX
8
CUT
10
76.3944
20
168.8805
0
VERTEX
8
CUT
10
76.3474
20
168.8459
0
VERTEX
8
CUT
10
76.2744
20
168.7975
0
VERTEX
8
CUT
10
76.2243
20
168.7676
0
VERTEX
8
CUT
10
76.1469
20
168.7265
0
VERTEX
8
CUT
10
76.0941
20
168.7017
0
VERTEX
8
CUT
10
76.0130
20
168.6683
0
VERTEX
8
CUT
10
75.9580
20
168.6488
0
VERTEX
8
CUT
10
75.8741
20
168.6234
0
VERTEX
8
CUT
10
75.8175
20
168.6093
0
VERTEX
8
CUT
10
75.7316
20
168.5922
0
VERTEX
8
CUT
10
75.6738
20
168.5837
0
VERTEX
8
CUT
10
75.5866
20
168.5751
0
VERTEX
8
CUT
10
75.5284
20
168.5722
0
VERTEX
8
CUT
10
75.4407
20
168.5721
0
VERTEX
8
CUT
10
75.3824
20
168.5749
0
VERTEX
8
CUT
10
75.2952
20
168.5833
0
VERTEX
8
CUT
10
75.2375
20
168.5918
0
VERTEX
8
CUT
10
75.1515
20
168.6086
0
VERTEX
8
CUT
10
75.0735
20
168.6279
0
VERTEX
8
CUT
10
75.0312
20
168.6395
0
VERTEX
8
CUT
10
74.1277
20
168.9105
0
VERTEX
8
CUT
10
74.1132
20
168.9149
0
VERTEX
8
CUT
10
74.0795
20
168.9257
0
VERTEX
8
CUT
10
74.0651
20
168.9304
0
VERTEX
8
CUT
10
74.0475
20
168.9363
0
VERTEX
8
CUT
10
74.0332
20
168.9413
0
VERTEX
8
CUT
10
73.9999
20
168.9531
0
VERTEX
8
CUT
10
73.9856
20
168.9583
0
VERTEX
8
CUT
10
73.9743
20
168.9626
0
VERTEX
8
CUT
10
73.9601
20
168.9680
0
VERTEX
8
CUT
10
73.9272
20
168.9810
0
VERTEX
8
CUT
10
73.9132
20
168.9867
0
VERTEX
8
CUT
10
73.8961
20
168.9938
0
VERTEX
8
CUT
10
73.8821
20
168.9997
0
VERTEX
8
CUT
10
73.8497
20
169.0138
0
VERTEX
8
CUT
10
73.8358
20
169.0199
0
VERTEX
8
CUT
10
65.5641
20
172.7747
0
VERTEX
8
CUT
10
65.5605
20
172.7763
0
VERTEX
8
CUT
10
65.5351
20
172.7877
0
VERTEX
8
CUT
10
65.5312
20
172.7894
0
VERTEX
8
CUT
10
65.4994
20
172.8033
0
VERTEX
8
CUT
10
65.4955
20
172.8050
0
VERTEX
8
CUT
10
65.4703
20
172.8158
0
VERTEX
8
CUT
10
65.4662
20
172.8176
0
VERTEX
8
CUT
10
62.4765
20
174.0738
0
VERTEX
8
CUT
10
62.4677
20
174.0774
0
VERTEX
8
CUT
10
62.4061
20
174.1022
0
VERTEX
8
CUT
10
62.3965
20
174.1059
0
VERTEX
8
CUT
10
62.3192
20
174.1354
0
VERTEX
8
CUT
10
62.3098
20
174.1389
0
VERTEX
8
CUT
10
62.2483
20
174.1612
0
VERTEX
8
CUT
10
62.2382
20
174.1648
0
VERTEX
8
CUT
10
59.5169
20
175.0976
0
VERTEX
8
CUT
10
59.5079
20
175.1006
0
VERTEX
8
CUT
10
59.4450
20
175.1211
0
VERTEX
8
CUT
10
59.4352
20
175.1242
0
VERTEX
8
CUT
10
59.3564
20
175.1483
0
VERTEX
8
CUT
10
59.3468
20
175.1512
0
VERTEX
8
CUT
10
59.2842
20
175.1692
0
VERTEX
8
CUT
10
59.2739
20
175.1721
0
VERTEX
8
CUT
10
56.7581
20
175.8491
0
VERTEX
8
CUT
10
56.7446
20
175.8526
0
VERTEX
8
CUT
10
56.6568
20
175.8740
0
VERTEX
8
CUT
10
56.6432
20
175.8772
0
VERTEX
8
CUT
10
56.5323
20
175.9016
0
VERTEX
8
CUT
10
56.5187
20
175.9044
0
VERTEX
8
CUT
10
56.4299
20
175.9218
0
VERTEX
8
CUT
10
56.4162
20
175.9243
0
VERTEX
8
CUT
10
54.1640
20
176.3110
0
VERTEX
8
CUT
10
54.1500
20
176.3133
0
VERTEX
8
CUT
10
54.0591
20
176.3267
0
VERTEX
8
CUT
10
54.0451
20
176.3286
0
VERTEX
8
CUT
10
53.9306
20
176.3427
0
VERTEX
8
CUT
10
53.9165
20
176.3443
0
VERTEX
8
CUT
10
53.8251
20
176.3534
0
VERTEX
8
CUT
10
53.8110
20
176.3547
0
VERTEX
8
CUT
10
51.7476
20
176.5113
0
VERTEX
8
CUT
10
51.7299
20
176.5124
0
VERTEX
8
CUT
10
51.6143
20
176.5177
0
VERTEX
8
CUT
10
51.5966
20
176.5183
0
VERTEX
8
CUT
10
51.4514
20
176.5207
0
VERTEX
8
CUT
10
51.4336
20
176.5207
0
VERTEX
8
CUT
10
51.3180
20
176.5192
0
VERTEX
8
CUT
10
51.3002
20
176.5187
0
VERTEX
8
CUT
10
49.3050
20
176.4331
0
VERTEX
8
CUT
10
49.2893
20
176.4322
0
VERTEX
8
CUT
10
49.1876
20
176.4251
0
VERTEX
8
CUT
10
49.1719
20
176.4239
0
VERTEX
8
CUT
10
49.0445
20
176.4117
0
VERTEX
8
CUT
10
49.0289
20
176.4100
0
VERTEX
8
CUT
10
48.9277
20
176.3976
0
VERTEX
8
CUT
10
48.9121
20
176.3955
0
VERTEX
8
CUT
10
47.0666
20
176.1213
0
VERTEX
8
CUT
10
47.0541
20
176.1194
0
VERTEX
8
CUT
10
46.9733
20
176.1056
0
VERTEX
8
CUT
10
46.9609
20
176.1034
0
VERTEX
8
CUT
10
46.9125
20
176.0941
0
VERTEX
8
CUT
10
46.8878
20
176.0888
0
VERTEX
8
CUT
10
46.7282
20
176.0512
0
VERTEX
8
CUT
10
46.7038
20
176.0449
0
VERTEX
8
CUT
10
46.6564
20
176.0315
0
VERTEX
8
CUT
10
46.6442
20
176.0280
0
VERTEX
8
CUT
10
46.5658
20
176.0042
0
VERTEX
8
CUT
10
46.5538
20
176.0004
0
VERTEX
8
CUT
10
44.1117
20
175.2028
0
VERTEX
8
CUT
10
44.0922
20
175.1960
0
VERTEX
8
CUT
10
43.9660
20
175.1499
0
VERTEX
8
CUT
10
43.9467
20
175.1425
0
VERTEX
8
CUT
10
43.7904
20
175.0792
0
VERTEX
8
CUT
10
43.7714
20
175.0712
0
VERTEX
8
CUT
10
43.6487
20
175.0165
0
VERTEX
8
CUT
10
43.6299
20
175.0077
0
VERTEX
8
CUT
10
42.0358
20
174.2307
0
VERTEX
8
CUT
10
42.0211
20
174.2233
0
VERTEX
8
CUT
10
41.9259
20
174.1736
0
VERTEX
8
CUT
10
41.9113
20
174.1657
0
VERTEX
8
CUT
10
41.7936
20
174.1001
0
VERTEX
8
CUT
10
41.7793
20
174.0918
0
VERTEX
8
CUT
10
41.6869
20
174.0369
0
VERTEX
8
CUT
10
41.6728
20
174.0283
0
VERTEX
8
CUT
10
40.3258
20
173.1767
0
VERTEX
8
CUT
10
40.3105
20
173.1667
0
VERTEX
8
CUT
10
40.2123
20
173.1004
0
VERTEX
8
CUT
10
40.1974
20
173.0900
0
VERTEX
8
CUT
10
40.0768
20
173.0031
0
VERTEX
8
CUT
10
40.0622
20
172.9922
0
VERTEX
8
CUT
10
39.9682
20
172.9200
0
VERTEX
8
CUT
10
39.9539
20
172.9087
0
VERTEX
8
CUT
10
39.6563
20
172.6654
0
VERTEX
8
CUT
10
39.6467
20
172.6574
0
VERTEX
8
CUT
10
39.5848
20
172.6046
0
VERTEX
8
CUT
10
39.5754
20
172.5964
0
VERTEX
8
CUT
10
39.5389
20
172.5639
0
VERTEX
8
CUT
10
39.5205
20
172.5469
0
VERTEX
8
CUT
10
39.4037
20
172.4339
0
VERTEX
8
CUT
10
39.3860
20
172.4161
0
VERTEX
8
CUT
10
39.3523
20
172.3807
0
VERTEX
8
CUT
10
39.3438
20
172.3715
0
VERTEX
8
CUT
10
39.2890
20
172.3115
0
VERTEX
8
CUT
10
39.2807
20
172.3021
0
VERTEX
8
CUT
10
37.6474
20
170.4350
0
VERTEX
8
CUT
10
37.6385
20
170.4246
0
VERTEX
8
CUT
10
37.5817
20
170.3567
0
VERTEX
8
CUT
10
37.5731
20
170.3461
0
VERTEX
8
CUT
10
37.5400
20
170.3045
0
VERTEX
8
CUT
10
37.5235
20
170.2829
0
VERTEX
8
CUT
10
37.4209
20
170.1416
0
VERTEX
8
CUT
10
37.3909
20
170.0961
0
VERTEX
8
CUT
10
37.3016
20
169.9461
0
VERTEX
8
CUT
10
37.2882
20
169.9223
0
VERTEX
8
CUT
10
37.2631
20
169.8754
0
VERTEX
8
CUT
10
37.2568
20
169.8633
0
VERTEX
8
CUT
10
37.2168
20
169.7844
0
VERTEX
8
CUT
10
37.2107
20
169.7722
0
VERTEX
8
CUT
10
36.3019
20
167.8726
0
VERTEX
8
CUT
10
36.2961
20
167.8602
0
VERTEX
8
CUT
10
36.2597
20
167.7795
0
VERTEX
8
CUT
10
36.2543
20
167.7670
0
VERTEX
8
CUT
10
36.2335
20
167.7180
0
VERTEX
8
CUT
10
36.2235
20
167.6927
0
VERTEX
8
CUT
10
36.1627
20
167.5290
0
VERTEX
8
CUT
10
36.1461
20
167.4772
0
VERTEX
8
CUT
10
36.1004
20
167.3086
0
VERTEX
8
CUT
10
36.0939
20
167.2822
0
VERTEX
8
CUT
10
36.0823
20
167.2302
0
VERTEX
8
CUT
10
36.0795
20
167.2169
0
VERTEX
8
CUT
10
36.0622
20
167.1301
0
VERTEX
8
CUT
10
36.0597
20
167.1167
0
VERTEX
8
CUT
10
35.7015
20
165.0768
0
VERTEX
8
CUT
10
35.6994
20
165.0640
0
VERTEX
8
CUT
10
35.6866
20
164.9809
0
VERTEX
8
CUT
10
35.6848
20
164.9681
0
VERTEX
8
CUT
10
35.6782
20
164.9180
0
VERTEX
8
CUT
10
35.6754
20
164.8922
0
VERTEX
8
CUT
10
35.6609
20
164.7270
0
VERTEX
8
CUT
10
35.6586
20
164.6753
0
VERTEX
8
CUT
10
35.6584
20
164.5094
0
VERTEX
8
CUT
10
35.6589
20
164.4835
0
VERTEX
8
CUT
10
35.6610
20
164.4330
0
VERTEX
8
CUT
10
35.6617
20
164.4201
0
VERTEX
8
CUT
10
35.6670
20
164.3362
0
VERTEX
8
CUT
10
35.6680
20
164.3233
0
VERTEX
8
CUT
10
35.8357
20
162.3548
0
VERTEX
8
CUT
10
35.8369
20
162.3422
0
VERTEX
8
CUT
10
35.8456
20
162.2605
0
VERTEX
8
CUT
10
35.8470
20
162.2480
0
VERTEX
8
CUT
10
35.8533
20
162.1990
0
VERTEX
8
CUT
10
35.8570
20
162.1740
0
VERTEX
8
CUT
10
35.8843
20
162.0143
0
VERTEX
8
CUT
10
35.8949
20
161.9649
0
VERTEX
8
CUT
10
35.9355
20
161.8080
0
VERTEX
8
CUT
10
35.9424
20
161.7837
0
SEQEND
0
POLYLINE
8
CUT
66
1
70
1
10
0.0
20
0.0
30
0.0
0
VERTEX
8
CUT
10
21.8648
20
69.0859
0
VERTEX
8
CUT
10
21.9516
20
68.9258
0
VERTEX
8
CUT
10
21.9657
20
68.9011
0
VERTEX
8
CUT
10
21.9826
20
68.8732
0
VERTEX
8
CUT
10
22.0494
20
68.7222
0
VERTEX
8
CUT
10
22.0564
20
68.7070
0
VERTEX
8
CUT
10
22.1031
20
68.6088
0
VERTEX
8
CUT
10
22.1105
20
68.5938
0
VERTEX
8
CUT
10
22.1403
20
68.5357
0
VERTEX
8
CUT
10
22.1563
20
68.5063
0
VERTEX
8
CUT
10
22.2658
20
68.3186
0
VERTEX
8
CUT
10
22.2835
20
68.2902
0
VERTEX
8
CUT
10
22.3195
20
68.2358
0
VERTEX
8
CUT
10
22.3289
20
68.2219
0
VERTEX
8
CUT
10
22.3913
20
68.1329
0
VERTEX
8
CUT
10
22.4011
20
68.1194
0
VERTEX
8
CUT
10
23.0170
20
67.2918
0
VERTEX
8
CUT
10
23.0277
20
67.2778
0
VERTEX
8
CUT
10
23.0990
20
67.1877
0
VERTEX
8
CUT
10
23.1102
20
67.1740
0
VERTEX
8
CUT
10
23.1545
20
67.1212
0
VERTEX
8
CUT
10
23.1780
20
67.0949
0
VERTEX
8
CUT
10
23.3357
20
66.9281
0
VERTEX
8
CUT
10
23.3608
20
66.9032
0
VERTEX
8
CUT
10
23.4110
20
66.8560
0
VERTEX
8
CUT
10
23.4240
20
66.8441
0
VERTEX
8
CUT
10
23.5100
20
66.7679
0
VERTEX
8
CUT
10
23.5234
20
66.7564
0
VERTEX
8
CUT
10
24.9118
20
65.5979
0
VERTEX
8
CUT
10
24.9229
20
65.5889
0
VERTEX
8
CUT
10
24.9958
20
65.5309
0
VERTEX
8
CUT
10
25.0071
20
65.5221
0
VERTEX
8
CUT
10
25.0518
20
65.4883
0
VERTEX
8
CUT
10
25.0751
20
65.4716
0
VERTEX
8
CUT
10
25.2268
20
65.3679
0
VERTEX
8
CUT
10
25.2756
20
65.3378
0
VERTEX
8
CUT
10
25.4365
20
65.2490
0
VERTEX
8
CUT
10
25.4619
20
65.2358
0
VERTEX
8
CUT
10
25.5121
20
65.2111
0
VERTEX
8
CUT
10
25.5251
20
65.2049
0
VERTEX
8
CUT
10
25.6097
20
65.1659
0
VERTEX
8
CUT
10
25.6228
20
65.1600
0
VERTEX
8
CUT
10
26.4957
20
64.7820
0
VERTEX
8
CUT
10
26.5121
20
64.7752
0
VERTEX
8
CUT
10
26.6188
20
64.7327
0
VERTEX
8
CUT
10
26.6353
20
64.7264
0
VERTEX
8
CUT
10
26.7001
20
64.7028
0
VERTEX
8
CUT
10
26.7337
20
64.6916
0
VERTEX
8
CUT
10
26.9537
20
64.6258
0
VERTEX
8
CUT
10
26.9879
20
64.6167
0
VERTEX
8
CUT
10
27.0550
20
64.6008
0
VERTEX
8
CUT
10
27.0723
20
64.5970
0
VERTEX
8
CUT
10
27.1848
20
64.5739
0
VERTEX
8
CUT
10
27.2022
20
64.5706
0
VERTEX
8
CUT
10
27.4026
20
64.5356
0
VERTEX
8
CUT
10
27.4028
20
64.5356
0
VERTEX
8
CUT
10
27.4326
20
64.5271
0
VERTEX
8
CUT
10
27.6250
20
64.4780
0
VERTEX
8
CUT
10
27.6857
20
64.4658
0
VERTEX
8
CUT
10
27.8821
20
64.4367
0
VERTEX
8
CUT
10
27.9129
20
64.4330
0
VERTEX
8
CUT
10
27.9731
20
64.4272
0
VERTEX
8
CUT
10
27.9885
20
64.4259
0
VERTEX
8
CUT
10
28.0590
20
64.4210
0
VERTEX
8
CUT
10
28.3098
20
64.3773
0
VERTEX
8
CUT
10
28.3233
20
64.3751
0
VERTEX
8
CUT
10
28.4113
20
64.3618
0
VERTEX
8
CUT
10
28.4248
20
64.3599
0
VERTEX
8
CUT
10
28.4779
20
64.3531
0
VERTEX
8
CUT
10
28.5051
20
64.3502
0
VERTEX
8
CUT
10
28.6824
20
64.3357
0
VERTEX
8
CUT
10
28.7097
20
64.3341
0
VERTEX
8
CUT
10
28.7632
20
64.3322
0
VERTEX
8
CUT
10
28.7769
20
64.3319
0
VERTEX
8
CUT
10
28.8658
20
64.3307
0
VERTEX
8
CUT
10
28.8795
20
64.3307
0
VERTEX
8
CUT
10
29.8854
20
64.3404
0
VERTEX
8
CUT
10
30.4299
20
64.3167
0
VERTEX
8
CUT
10
30.4455
20
64.3162
0
VERTEX
8
CUT
10
30.5467
20
64.3145
0
VERTEX
8
CUT
10
30.5623
20
64.3144
0
VERTEX
8
CUT
10
30.6231
20
64.3149
0
VERTEX
8
CUT
10
30.6542
20
64.3160
0
VERTEX
8
CUT
10
30.8561
20
64.3281
0
VERTEX
8
CUT
10
30.8872
20
64.3308
0
VERTEX
8
CUT
10
30.9476
20
64.3376
0
VERTEX
8
CUT
10
30.9630
20
64.3396
0
VERTEX
8
CUT
10
31.0633
20
64.3535
0
VERTEX
8
CUT
10
31.0787
20
64.3559
0
VERTEX
8
CUT
10
31.5983
20
64.4419
0
VERTEX
8
CUT
10
31.6159
20
64.4451
0
VERTEX
8
CUT
10
31.7305
20
64.4676
0
VERTEX
8
CUT
10
31.7481
20
64.4714
0
VERTEX
8
CUT
10
31.8164
20
64.4869
0
VERTEX
8
CUT
10
31.8512
20
64.4959
0
VERTEX
8
CUT
10
32.0752
20
64.5613
0
VERTEX
8
CUT
10
32.1094
20
64.5724
0
VERTEX
8
CUT
10
32.1753
20
64.5960
0
VERTEX
8
CUT
10
32.1922
20
64.6023
0
VERTEX
8
CUT
10
32.3009
20
64.6450
0
VERTEX
8
CUT
10
32.3175
20
64.6518
0
VERTEX
8
CUT
10
32.6144
20
64.7786
0
VERTEX
8
CUT
10
32.7491
20
64.8322
0
VERTEX
8
CUT
10
32.7988
20
64.8547
0
VERTEX
8
CUT
10
32.8327
20
64.8719
0
VERTEX
8
CUT
10
32.9780
20
64.9339
0
VERTEX
8
CUT
10
32.9903
20
64.9394
0
VERTEX
8
CUT
10
33.0700
20
64.9755
0
VERTEX
8
CUT
10
33.0822
20
64.9812
0
VERTEX
8
CUT
10
33.1296
20
65.0040
0
VERTEX
8
CUT
10
33.1535
20
65.0162
0
VERTEX
8
CUT
10
33.3075
20
65.0991
0
VERTEX
8
CUT
10
33.3310
20
65.1123
0
VERTEX
8
CUT
10
33.3761
20
65.1393
0
VERTEX
8
CUT
10
33.3876
20
65.1463
0
VERTEX
8
CUT
10
33.4617
20
65.1928
0
VERTEX
8
CUT
10
33.4730
20
65.2001
0
VERTEX
8
CUT
10
33.7757
20
65.3999
0
VERTEX
8
CUT
10
34.0375
20
65.5298
0
VERTEX
8
CUT
10
34.0489
20
65.5355
0
VERTEX
8
CUT
10
34.1222
20
65.5739
0
VERTEX
8
CUT
10
34.1334
20
65.5799
0
VERTEX
8
CUT
10
34.1770
20
65.6039
0
VERTEX
8
CUT
10
34.1990
20
65.6166
0
VERTEX
8
CUT
10
34.3385
20
65.7013
0
VERTEX
8
CUT
10
34.3809
20
65.7295
0
VERTEX
8
CUT
10
34.5127
20
65.8257
0
VERTEX
8
CUT
10
34.5329
20
65.8411
0
VERTEX
8
CUT
10
34.5718
20
65.8721
0
VERTEX
8
CUT
10
34.5817
20
65.8802
0
VERTEX
8
CUT
10
34.6453
20
65.9331
0
VERTEX
8
CUT
10
34.6550
20
65.9413
0
VERTEX
8
CUT
10
34.8398
20
66.1019
0
VERTEX
8
CUT
10
34.9853
20
66.1978
0
VERTEX
8
CUT
10
34.9972
20
66.2059
0
VERTEX
8
CUT
10
35.0742
20
66.2594
0
VERTEX
8
CUT
10
35.0859
20
66.2677
0
VERTEX
8
CUT
10
35.1313
20
66.3009
0
VERTEX
8
CUT
10
35.1542
20
66.3185
0
VERTEX
8
CUT
10
35.2979
20
66.4346
0
VERTEX
8
CUT
10
35.3410
20
66.4729
0
VERTEX
8
CUT
10
35.4729
20
66.6022
0
VERTEX
8
CUT
10
35.4930
20
66.6229
0
VERTEX
8
CUT
10
35.5313
20
66.6642
0
VERTEX
8
CUT
10
35.5410
20
66.6749
0
VERTEX
8
CUT
10
35.6030
20
66.7451
0
VERTEX
8
CUT
10
35.6124
20
66.7560
0
VERTEX
8
CUT
10
35.6651
20
66.8187
0
VERTEX
8
CUT
10
35.8217
20
66.9547
0
VERTEX
8
CUT
10
35.8322
20
66.9640
0
VERTEX
8
CUT
10
35.8998
20
67.0256
0
VERTEX
8
CUT
10
35.9101
20
67.0352
0
VERTEX
8
CUT
10
35.9499
20
67.0732
0
VERTEX
8
CUT
10
35.9698
20
67.0931
0
VERTEX
8
CUT
10
36.0944
20
67.2237
0
VERTEX
8
CUT
10
36.1313
20
67.2662
0
VERTEX
8
CUT
10
36.2431
20
67.4079
0
VERTEX
8
CUT
10
36.2600
20
67.4304
0
VERTEX
8
CUT
10
36.2920
20
67.4752
0
VERTEX
8
CUT
10
36.3000
20
67.4867
0
VERTEX
8
CUT
10
36.3515
20
67.5624
0
VERTEX
8
CUT
10
36.3593
20
67.5741
0
VERTEX
8
CUT
10
36.5547
20
67.8763
0
VERTEX
8
CUT
10
36.6476
20
67.9868
0
VERTEX
8
CUT
10
36.6592
20
68.0010
0
VERTEX
8
CUT
10
36.6927
20
68.0434
0
VERTEX
8
CUT
10
36.7181
20
68.0747
0
VERTEX
8
CUT
10
36.7259
20
68.0844
0
VERTEX
8
CUT
10
36.7556
20
68.1226
0
VERTEX
8
CUT
10
36.7704
20
68.1425
0
VERTEX
8
CUT
10
36.8626
20
68.2718
0
VERTEX
8
CUT
10
36.8897
20
68.3132
0
VERTEX
8
CUT
10
36.9710
20
68.4497
0
VERTEX
8
CUT
10
36.9832
20
68.4712
0
VERTEX
8
CUT
10
37.0062
20
68.5138
0
VERTEX
8
CUT
10
37.0120
20
68.5247
0
VERTEX
8
CUT
10
37.0489
20
68.5963
0
VERTEX
8
CUT
10
37.0544
20
68.6074
0
VERTEX
8
CUT
10
37.0547
20
68.6080
0
VERTEX
8
CUT
10
37.0568
20
68.6120
0
VERTEX
8
CUT
10
37.0651
20
68.6284
0
VERTEX
8
CUT
10
37.1397
20
68.7809
0
VERTEX
8
CUT
10
37.3793
20
69.1515
0
VERTEX
8
CUT
10
37.3877
20
69.1649
0
VERTEX
8
CUT
10
37.4411
20
69.2524
0
VERTEX
8
CUT
10
37.4491
20
69.2659
0
VERTEX
8
CUT
10
37.4798
20
69.3193
0
VERTEX
8
CUT
10
37.4947
20
69.3471
0
VERTEX
8
CUT
10
37.5873
20
69.5298
0
VERTEX
8
CUT
10
37.6008
20
69.5583
0
VERTEX
8
CUT
10
37.6257
20
69.6146
0
VERTEX
8
CUT
10
37.6319
20
69.6291
0
VERTEX
8
CUT
10
37.6709
20
69.7239
0
VERTEX
8
CUT
10
37.6767
20
69.7386
0
VERTEX
8
CUT
10
37.9205
20
70.3790
0
VERTEX
8
CUT
10
38.0362
20
70.6158
0
VERTEX
8
CUT
10
38.0417
20
70.6274
0
VERTEX
8
CUT
10
38.0766
20
70.7029
0
VERTEX
8
CUT
10
38.0818
20
70.7145
0
VERTEX
8
CUT
10
38.1018
20
70.7604
0
VERTEX
8
CUT
10
38.1116
20
70.7840
0
VERTEX
8
CUT
10
38.1716
20
70.9391
0
VERTEX
8
CUT
10
38.1803
20
70.9631
0
VERTEX
8
CUT
10
38.1963
20
71.0105
0
VERTEX
8
CUT
10
38.2003
20
71.0227
0
VERTEX
8
CUT
10
38.2253
20
71.1020
0
VERTEX
8
CUT
10
38.2290
20
71.1142
0
VERTEX
8
CUT
10
38.2290
20
71.1144
0
VERTEX
8
CUT
10
38.3230
20
71.4366
0
VERTEX
8
CUT
10
38.6736
20
72.3574
0
VERTEX
8
CUT
10
38.6780
20
72.3694
0
VERTEX
8
CUT
10
38.7057
20
72.4470
0
VERTEX
8
CUT
10
38.7098
20
72.4590
0
VERTEX
8
CUT
10
38.7425
20
72.5573
0
VERTEX
8
CUT
10
38.7464
20
72.5694
0
VERTEX
8
CUT
10
38.7708
20
72.6481
0
VERTEX
8
CUT
10
38.7744
20
72.6603
0
VERTEX
8
CUT
10
40.3561
20
78.1789
0
VERTEX
8
CUT
10
40.3739
20
78.2195
0
VERTEX
8
CUT
10
40.3984
20
78.2755
0
VERTEX
8
CUT
10
40.4483
20
78.3892
0
VERTEX
8
CUT
10
40.5855
20
78.7021
0
VERTEX
8
CUT
10
41.2758
20
79.8773
0
VERTEX
8
CUT
10
41.8890
20
80.7990
0
VERTEX
8
CUT
10
43.2465
20
82.4954
0
VERTEX
8
CUT
10
43.2531
20
82.5035
0
VERTEX
8
CUT
10
43.2590
20
82.5108
0
VERTEX
8
CUT
10
43.2853
20
82.5415
0
VERTEX
8
CUT
10
43.3339
20
82.5956
0
VERTEX
8
CUT
10
43.3548
20
82.6180
0
VERTEX
8
CUT
10
43.3710
20
82.6343
0
VERTEX
8
CUT
10
43.4019
20
82.6633
0
VERTEX
8
CUT
10
43.4284
20
82.6871
0
VERTEX
8
CUT
10
44.1162
20
83.2831
0
VERTEX
8
CUT
10
44.6360
20
83.7301
0
VERTEX
8
CUT
10
44.6469
20
83.7393
0
VERTEX
8
CUT
10
44.6545
20
83.7456
0
VERTEX
8
CUT
10
44.6916
20
83.7743
0
VERTEX
8
CUT
10
44.7160
20
83.7924
0
VERTEX
8
CUT
10
44.7400
20
83.8090
0
VERTEX
8
CUT
10
44.7968
20
83.8467
0
VERTEX
8
CUT
10
44.8308
20
83.8683
0
VERTEX
8
CUT
10
44.8423
20
83.8752
0
VERTEX
8
CUT
10
44.8524
20
83.8812
0
VERTEX
8
CUT
10
48.0404
20
85.7447
0
VERTEX
8
CUT
10
48.0483
20
85.7494
0
VERTEX
8
CUT
10
48.0556
20
85.7535
0
VERTEX
8
CUT
10
48.0869
20
85.7705
0
VERTEX
8
CUT
10
48.1438
20
85.8001
0
VERTEX
8
CUT
10
48.1661
20
85.8113
0
VERTEX
8
CUT
10
48.1922
20
85.8233
0
VERTEX
8
CUT
10
48.2469
20
85.8475
0
VERTEX
8
CUT
10
48.2799
20
85.8613
0
VERTEX
8
CUT
10
48.2910
20
85.8657
0
VERTEX
8
CUT
10
48.3007
20
85.8695
0
VERTEX
8
CUT
10
50.1296
20
86.5683
0
VERTEX
8
CUT
10
50.1425
20
86.5731
0
VERTEX
8
CUT
10
50.1727
20
86.5842
0
VERTEX
8
CUT
10
50.1857
20
86.5888
0
VERTEX
8
CUT
10
50.2016
20
86.5943
0
VERTEX
8
CUT
10
50.2056
20
86.5957
0
VERTEX
8
CUT
10
50.2167
20
86.5993
0
VERTEX
8
CUT
10
50.2297
20
86.6035
0
VERTEX
8
CUT
10
50.2402
20
86.6068
0
VERTEX
8
CUT
10
50.2533
20
86.6108
0
VERTEX
8
CUT
10
50.2839
20
86.6199
0
VERTEX
8
CUT
10
50.2970
20
86.6237
0
VERTEX
8
CUT
10
50.3131
20
86.6282
0
VERTEX
8
CUT
10
50.3263
20
86.6318
0
VERTEX
8
CUT
10
50.3572
20
86.6399
0
VERTEX
8
CUT
10
50.3705
20
86.6433
0
VERTEX
8
CUT
10
55.0451
20
87.8015
0
VERTEX
8
CUT
10
55.0557
20
87.8040
0
VERTEX
8
CUT
10
55.0807
20
87.8099
0
VERTEX
8
CUT
10
55.0914
20
87.8123
0
VERTEX
8
CUT
10
55.1044
20
87.8152
0
VERTEX
8
CUT
10
55.1151
20
87.8175
0
VERTEX
8
CUT
10
55.1402
20
87.8228
0
VERTEX
8
CUT
10
55.1510
20
87.8250
0
VERTEX
8
CUT
10
55.1596
20
87.8267
0
VERTEX
8
CUT
10
55.1704
20
87.8287
0
VERTEX
8
CUT
10
55.1956
20
87.8333
0
VERTEX
8
CUT
10
55.2064
20
87.8353
0
VERTEX
8
CUT
10
55.2196
20
87.8375
0
VERTEX
8
CUT
10
55.2304
20
87.8393
0
VERTEX
8
CUT
10
55.2557
20
87.8433
0
VERTEX
8
CUT
10
55.2665
20
87.8450
0
VERTEX
8
CUT
10
60.7239
20
88.6439
0
VERTEX
8
CUT
10
60.7337
20
88.6454
0
VERTEX
8
CUT
10
60.8016
20
88.6565
0
VERTEX
8
CUT
10
60.8121
20
88.6583
0
VERTEX
8
CUT
10
60.8965
20
88.6736
0
VERTEX
8
CUT
10
60.9067
20
88.6755
0
VERTEX
8
CUT
10
60.9732
20
88.6888
0
VERTEX
8
CUT
10
60.9841
20
88.6911
0
VERTEX
8
CUT
10
61.8908
20
88.8894
0
VERTEX
8
CUT
10
62.6690
20
89.0120
0
VERTEX
8
CUT
10
62.6834
20
89.0144
0
VERTEX
8
CUT
10
62.7763
20
89.0314
0
VERTEX
8
CUT
10
62.7906
20
89.0342
0
VERTEX
8
CUT
10
62.8462
20
89.0457
0
VERTEX
8
CUT
10
62.8746
20
89.0523
0
VERTEX
8
CUT
10
63.0575
20
89.0997
0
VERTEX
8
CUT
10
63.0855
20
89.1076
0
VERTEX
8
CUT
10
63.1397
20
89.1245
0
VERTEX
8
CUT
10
63.1535
20
89.1290
0
VERTEX
8
CUT
10
63.2431
20
89.1593
0
VERTEX
8
CUT
10
63.2568
20
89.1641
0
VERTEX
8
CUT
10
63.3310
20
89.1912
0
VERTEX
8
CUT
10
63.5291
20
89.2479
0
VERTEX
8
CUT
10
63.7707
20
89.3008
0
VERTEX
8
CUT
10
63.7831
20
89.3036
0
VERTEX
8
CUT
10
63.8632
20
89.3229
0
VERTEX
8
CUT
10
63.8755
20
89.3260
0
VERTEX
8
CUT
10
63.9235
20
89.3387
0
VERTEX
8
CUT
10
63.9478
20
89.3456
0
VERTEX
8
CUT
10
64.1053
20
89.3944
0
VERTEX
8
CUT
10
64.1294
20
89.4024
0
VERTEX
8
CUT
10
64.1761
20
89.4190
0
VERTEX
8
CUT
10
64.1880
20
89.4234
0
VERTEX
8
CUT
10
64.2650
20
89.4527
0
VERTEX
8
CUT
10
64.2769
20
89.4573
0
VERTEX
8
CUT
10
64.3161
20
89.4732
0
VERTEX
8
CUT
10
64.6938
20
89.5813
0
VERTEX
8
CUT
10
64.7125
20
89.5870
0
VERTEX
8
CUT
10
64.8333
20
89.6259
0
VERTEX
8
CUT
10
64.8518
20
89.6322
0
VERTEX
8
CUT
10
65.0016
20
89.6858
0
VERTEX
8
CUT
10
65.0199
20
89.6927
0
VERTEX
8
CUT
10
65.1378
20
89.7393
0
VERTEX
8
CUT
10
65.1559
20
89.7468
0
VERTEX
8
CUT
10
66.7797
20
90.4506
0
VERTEX
8
CUT
10
66.7869
20
90.4532
0
VERTEX
8
CUT
10
66.7984
20
90.4575
0
VERTEX
8
CUT
10
66.8726
20
90.4864
0
VERTEX
8
CUT
10
66.8839
20
90.4909
0
VERTEX
8
CUT
10
66.9282
20
90.5092
0
VERTEX
8
CUT
10
66.9506
20
90.5190
0
VERTEX
8
CUT
10
67.0952
20
90.5856
0
VERTEX
8
CUT
10
67.1172
20
90.5963
0
VERTEX
8
CUT
10
67.1251
20
90.6003
0
VERTEX
8
CUT
10
67.3270
20
90.6878
0
VERTEX
8
CUT
10
67.3409
20
90.6940
0
VERTEX
8
CUT
10
67.4308
20
90.7357
0
VERTEX
8
CUT
10
67.4445
20
90.7423
0
VERTEX
8
CUT
10
67.5560
20
90.7975
0
VERTEX
8
CUT
10
67.5696
20
90.8045
0
VERTEX
8
CUT
10
67.6572
20
90.8507
0
VERTEX
8
CUT
10
67.6706
20
90.8579
0
VERTEX
8
CUT
10
69.4928
20
91.8787
0
VERTEX
8
CUT
10
69.5118
20
91.8898
0
VERTEX
8
CUT
10
69.6342
20
91.9644
0
VERTEX
8
CUT
10
69.6529
20
91.9762
0
VERTEX
8
CUT
10
69.8029
20
92.0754
0
VERTEX
8
CUT
10
69.8210
20
92.0879
0
VERTEX
8
CUT
10
69.9376
20
92.1713
0
VERTEX
8
CUT
10
69.9553
20
92.1845
0
VERTEX
8
CUT
10
70.0617
20
92.2666
0
VERTEX
8
CUT
10
70.1481
20
92.3173
0
VERTEX
8
CUT
10
70.1667
20
92.3286
0
VERTEX
8
CUT
10
70.2862
20
92.4047
0
VERTEX
8
CUT
10
70.3044
20
92.4168
0
VERTEX
8
CUT
10
70.4507
20
92.5176
0
VERTEX
8
CUT
10
70.4684
20
92.5303
0
VERTEX
8
CUT
10
70.5821
20
92.6149
0
VERTEX
8
CUT
10
70.5993
20
92.6282
0
VERTEX
8
CUT
10
71.6394
20
93.4623
0
VERTEX
8
CUT
10
71.7540
20
93.5463
0
VERTEX
8
CUT
10
71.7652
20
93.5546
0
VERTEX
8
CUT
10
71.8370
20
93.6099
0
VERTEX
8
CUT
10
71.8480
20
93.6185
0
VERTEX
8
CUT
10
71.8904
20
93.6527
0
VERTEX
8
CUT
10
71.9117
20
93.6707
0
VERTEX
8
CUT
10
72.0312
20
93.7765
0
VERTEX
8
CUT
10
72.0427
20
93.7858
0
VERTEX
8
CUT
10
72.0525
20
93.7938
0
VERTEX
8
CUT
10
72.1152
20
93.8463
0
VERTEX
8
CUT
10
72.1248
20
93.8545
0
VERTEX
8
CUT
10
72.1618
20
93.8868
0
VERTEX
8
CUT
10
72.1804
20
93.9038
0
VERTEX
8
CUT
10
72.2989
20
94.0164
0
VERTEX
8
CUT
10
72.3168
20
94.0341
0
VERTEX
8
CUT
10
72.3510
20
94.0694
0
VERTEX
8
CUT
10
72.3597
20
94.0786
0
VERTEX
8
CUT
10
72.4153
20
94.1385
0
VERTEX
8
CUT
10
72.4238
20
94.1478
0
VERTEX
8
CUT
10
73.0280
20
94.8271
0
VERTEX
8
CUT
10
73.3717
20
95.1940
0
VERTEX
8
CUT
10
73.3845
20
95.2080
0
VERTEX
8
CUT
10
73.4658
20
95.3004
0
VERTEX
8
CUT
10
73.4780
20
95.3149
0
VERTEX
8
CUT
10
73.5763
20
95.4340
0
VERTEX
8
CUT
10
73.5881
20
95.4488
0
VERTEX
8
CUT
10
73.6634
20
95.5462
0
VERTEX
8
CUT
10
73.6747
20
95.5614
0
VERTEX
8
CUT
10
75.4470
20
98.0099
0
VERTEX
8
CUT
10
75.4734
20
98.0446
0
VERTEX
8
CUT
10
75.5234
20
98.1071
0
VERTEX
8
CUT
10
75.5813
20
98.1725
0
VERTEX
8
CUT
10
75.6218
20
98.2142
0
VERTEX
8
CUT
10
75.6857
20
98.2737
0
VERTEX
8
CUT
10
75.7301
20
98.3113
0
VERTEX
8
CUT
10
75.7995
20
98.3643
0
VERTEX
8
CUT
10
75.8474
20
98.3974
0
VERTEX
8
CUT
10
75.9215
20
98.4435
0
VERTEX
8
CUT
10
75.9724
20
98.4717
0
VERTEX
8
CUT
10
76.0507
20
98.5104
0
VERTEX
8
CUT
10
76.1040
20
98.5336
0
VERTEX
8
CUT
10
76.1857
20
98.5645
0
VERTEX
8
CUT
10
76.2410
20
98.5824
0
VERTEX
8
CUT
10
76.3253
20
98.6052
0
VERTEX
8
CUT
10
76.3821
20
98.6177
0
VERTEX
8
CUT
10
76.4682
20
98.6323
0
VERTEX
8
CUT
10
76.5259
20
98.6392
0
VERTEX
8
CUT
10
76.6130
20
98.6453
0
VERTEX
8
CUT
10
76.6712
20
98.6466
0
VERTEX
8
CUT
10
76.7585
20
98.6443
0
VERTEX
8
CUT
10
76.8165
20
98.6399
0
VERTEX
8
CUT
10
76.9031
20
98.6291
0
VERTEX
8
CUT
10
76.9604
20
98.6191
0
VERTEX
8
CUT
10
77.0456
20
98.6000
0
VERTEX
8
CUT
10
77.1017
20
98.5845
0
VERTEX
8
CUT
10
77.1846
20
98.5572
0
VERTEX
8
CUT
10
77.2389
20
98.5364
0
VERTEX
8
CUT
10
77.3189
20
98.5012
0
VERTEX
8
CUT
10
77.3709
20
98.4752
0
VERTEX
8
CUT
10
77.4470
20
98.4324
0
VERTEX
8
CUT
10
77.4962
20
98.4014
0
VERTEX
8
CUT
10
77.5679
20
98.3515
0
VERTEX
8
CUT
10
77.6139
20
98.3159
0
VERTEX
8
CUT
10
77.6803
20
98.2592
0
VERTEX
8
CUT
10
77.7227
20
98.2194
0
VERTEX
8
CUT
10
77.7833
20
98.1565
0
VERTEX
8
CUT
10
77.8216
20
98.1128
0
VERTEX
8
CUT
10
77.8758
20
98.0443
0
VERTEX
8
CUT
10
77.9224
20
97.9793
0
VERTEX
8
CUT
10
77.9470
20
97.9432
0
VERTEX
8
CUT
10
79.3653
20
95.7457
0
VERTEX
8
CUT
10
79.3771
20
95.7282
0
VERTEX
8
CUT
10
79.4554
20
95.6157
0
VERTEX
8
CUT
10
79.4678
20
95.5986
0
VERTEX
8
CUT
10
79.5709
20
95.4611
0
VERTEX
8
CUT
10
79.5839
20
95.4444
0
VERTEX
8
CUT
10
79.6699
20
95.3377
0
VERTEX
8
CUT
10
79.6835
20
95.3215
0
VERTEX
8
CUT
10
80.6433
20
94.2134
0
VERTEX
8
CUT
10
80.6509
20
94.2045
0
VERTEX
8
CUT
10
80.6685
20
94.1837
0
VERTEX
8
CUT
10
80.6759
20
94.1747
0
VERTEX
8
CUT
10
80.6935
20
94.1533
0
VERTEX
8
CUT
10
80.6956
20
94.1507
0
VERTEX
8
CUT
10
80.7372
20
94.1007
0
VERTEX
8
CUT
10
80.7434
20
94.0934
0
VERTEX
8
CUT
10
80.7915
20
94.0373
0
VERTEX
8
CUT
10
80.8113
20
94.0154
0
VERTEX
8
CUT
10
80.9391
20
93.8806
0
VERTEX
8
CUT
10
80.9810
20
93.8404
0
VERTEX
8
CUT
10
81.1195
20
93.7200
0
VERTEX
8
CUT
10
81.1652
20
93.6841
0
VERTEX
8
CUT
10
81.3147
20
93.5777
0
VERTEX
8
CUT
10
81.3635
20
93.5464
0
VERTEX
8
CUT
10
81.5226
20
93.4549
0
VERTEX
8
CUT
10
81.5743
20
93.4284
0
VERTEX
8
CUT
10
81.7415
20
93.3527
0
VERTEX
8
CUT
10
81.7955
20
93.3314
0
VERTEX
8
CUT
10
81.9692
20
93.2722
0
VERTEX
8
CUT
10
82.0250
20
93.2562
0
VERTEX
8
CUT
10
82.2036
20
93.2141
0
VERTEX
8
CUT
10
82.2607
20
93.2035
0
VERTEX
8
CUT
10
82.4425
20
93.1789
0
VERTEX
8
CUT
10
82.5004
20
93.1739
0
VERTEX
8
CUT
10
82.6837
20
93.1669
0
VERTEX
8
CUT
10
82.7418
20
93.1675
0
VERTEX
8
CUT
10
82.9250
20
93.1783
0
VERTEX
8
CUT
10
82.9827
20
93.1845
0
VERTEX
8
CUT
10
83.1640
20
93.2130
0
VERTEX
8
CUT
10
83.2208
20
93.2247
0
VERTEX
8
CUT
10
83.3986
20
93.2706
0
VERTEX
8
CUT
10
83.4540
20
93.2878
0
VERTEX
8
CUT
10
83.6264
20
93.3506
0
VERTEX
8
CUT
10
83.6800
20
93.3730
0
VERTEX
8
CUT
10
83.8455
20
93.4522
0
VERTEX
8
CUT
10
83.8966
20
93.4798
0
VERTEX
8
CUT
10
84.0538
20
93.5745
0
VERTEX
8
CUT
10
84.1020
20
93.6069
0
VERTEX
8
CUT
10
84.2492
20
93.7164
0
VERTEX
8
CUT
10
84.2941
20
93.7533
0
VERTEX
8
CUT
10
84.4300
20
93.8765
0
VERTEX
8
CUT
10
84.4711
20
93.9176
0
VERTEX
8
CUT
10
84.5945
20
94.0534
0
VERTEX
8
CUT
10
84.6314
20
94.0982
0
VERTEX
8
CUT
10
84.7412
20
94.2453
0
VERTEX
8
CUT
10
84.7736
20
94.2934
0
VERTEX
8
CUT
10
84.8686
20
94.4504
0
VERTEX
8
CUT
10
84.8962
20
94.5015
0
VERTEX
8
CUT
10
84.9756
20
94.6670
0
VERTEX
8
CUT
10
84.9981
20
94.7205
0
VERTEX
8
CUT
10
85.0612
20
94.8928
0
VERTEX
8
CUT
10
85.0784
20
94.9482
0
VERTEX
8
CUT
10
85.1245
20
95.1259
0
VERTEX
8
CUT
10
85.1363
20
95.1827
0
VERTEX
8
CUT
10
85.1654
20
95.3665
0
VERTEX
8
CUT
10
85.1693
20
95.3953
0
VERTEX
8
CUT
10
85.1754
20
95.4516
0
VERTEX
8
CUT
10
85.1768
20
95.4661
0
VERTEX
8
CUT
10
85.1848
20
95.5601
0
VERTEX
8
CUT
10
85.1858
20
95.5745
0
VERTEX
8
CUT
10
85.4117
20
99.3232
0
VERTEX
8
CUT
10
85.4121
20
99.3294
0
VERTEX
8
CUT
10
85.4131
20
99.3437
0
VERTEX
8
CUT
10
85.4135
20
99.3499
0
VERTEX
8
CUT
10
85.4146
20
99.3648
0
VERTEX
8
CUT
10
85.4152
20
99.3723
0
VERTEX
8
CUT
10
85.4166
20
99.3897
0
VERTEX
8
CUT
10
85.4173
20
99.3972
0
VERTEX
8
CUT
10
85.4178
20
99.4033
0
VERTEX
8
CUT
10
85.4185
20
99.4109
0
VERTEX
8
CUT
10
85.4203
20
99.4287
0
VERTEX
8
CUT
10
85.4211
20
99.4363
0
VERTEX
8
CUT
10
85.4215
20
99.4399
0
VERTEX
8
CUT
10
85.4225
20
99.4488
0
VERTEX
8
CUT
10
85.4249
20
99.4696
0
VERTEX
8
CUT
10
85.4260
20
99.4785
0
VERTEX
8
CUT
10
86.0589
20
104.4153
0
VERTEX
8
CUT
10
86.0608
20
104.4324
0
VERTEX
8
CUT
10
86.0718
20
104.5432
0
VERTEX
8
CUT
10
86.0733
20
104.5602
0
VERTEX
8
CUT
10
86.0831
20
104.6998
0
VERTEX
8
CUT
10
86.0841
20
104.7169
0
VERTEX
8
CUT
10
86.0887
20
104.8282
0
VERTEX
8
CUT
10
86.0892
20
104.8454
0
VERTEX
8
CUT
10
86.1049
20
106.0318
0
VERTEX
8
CUT
10
86.1049
20
106.0465
0
VERTEX
8
CUT
10
86.1038
20
106.1424
0
VERTEX
8
CUT
10
86.1035
20
106.1571
0
VERTEX
8
CUT
10
86.1014
20
106.2147
0
VERTEX
8
CUT
10
86.0996
20
106.2441
0
VERTEX
8
CUT
10
86.0835
20
106.4324
0
VERTEX
8
CUT
10
86.0756
20
106.4909
0
VERTEX
8
CUT
10
86.0416
20
106.6742
0
VERTEX
8
CUT
10
86.0281
20
106.7315
0
VERTEX
8
CUT
10
85.9762
20
106.9106
0
VERTEX
8
CUT
10
85.9571
20
106.9664
0
VERTEX
8
CUT
10
85.8879
20
107.1395
0
VERTEX
8
CUT
10
85.8634
20
107.1931
0
VERTEX
8
CUT
10
85.7775
20
107.3586
0
VERTEX
8
CUT
10
85.7479
20
107.4096
0
VERTEX
8
CUT
10
85.6462
20
107.5658
0
VERTEX
8
CUT
10
85.6117
20
107.6136
0
VERTEX
8
CUT
10
85.4952
20
107.7592
0
VERTEX
8
CUT
10
85.4561
20
107.8033
0
VERTEX
8
CUT
10
85.3259
20
107.9367
0
VERTEX
8
CUT
10
85.2827
20
107.9769
0
VERTEX
8
CUT
10
85.1400
20
108.0968
0
VERTEX
8
CUT
10
85.0930
20
108.1325
0
VERTEX
8
CUT
10
84.9392
20
108.2379
0
VERTEX
8
CUT
10
84.8890
20
108.2688
0
VERTEX
8
CUT
10
84.7256
20
108.3586
0
VERTEX
8
CUT
10
84.6726
20
108.3844
0
VERTEX
8
CUT
10
84.5012
20
108.4577
0
VERTEX
8
CUT
10
84.4459
20
108.4782
0
VERTEX
8
CUT
10
84.2682
20
108.5344
0
VERTEX
8
CUT
10
84.2111
20
108.5493
0
VERTEX
8
CUT
10
84.0287
20
108.5878
0
VERTEX
8
CUT
10
83.9705
20
108.5971
0
VERTEX
8
CUT
10
83.7852
20
108.6174
0
VERTEX
8
CUT
10
83.7263
20
108.6209
0
VERTEX
8
CUT
10
83.5399
20
108.6229
0
VERTEX
8
CUT
10
83.4810
20
108.6207
0
VERTEX
8
CUT
10
83.2952
20
108.6044
0
VERTEX
8
CUT
10
83.2368
20
108.5964
0
VERTEX
8
CUT
10
83.0536
20
108.5619
0
VERTEX
8
CUT
10
82.9963
20
108.5482
0
VERTEX
8
CUT
10
82.8173
20
108.4960
0
VERTEX
8
CUT
10
82.7616
20
108.4767
0
VERTEX
8
CUT
10
82.5886
20
108.4071
0
VERTEX
8
CUT
10
82.5351
20
108.3825
0
VERTEX
8
CUT
10
82.3698
20
108.2963
0
VERTEX
8
CUT
10
82.3189
20
108.2664
0
VERTEX
8
CUT
10
82.1629
20
108.1644
0
VERTEX
8
CUT
10
82.1151
20
108.1298
0
VERTEX
8
CUT
10
81.9699
20
108.0129
0
VERTEX
8
CUT
10
81.9258
20
107.9738
0
VERTEX
8
CUT
10
81.8953
20
107.9438
0
VERTEX
8
CUT
10
81.8625
20
107.9133
0
VERTEX
8
CUT
10
81.8011
20
107.8588
0
VERTEX
8
CUT
10
81.7313
20
107.8028
0
VERTEX
8
CUT
10
81.6830
20
107.7678
0
VERTEX
8
CUT
10
81.6079
20
107.7190
0
VERTEX
8
CUT
10
81.5564
20
107.6890
0
VERTEX
8
CUT
10
81.4768
20
107.6479
0
VERTEX
8
CUT
10
81.4225
20
107.6232
0
VERTEX
8
CUT
10
81.3393
20
107.5902
0
VERTEX
8
CUT
10
81.2828
20
107.5710
0
VERTEX
8
CUT
10
81.1967
20
107.5464
0
VERTEX
8
CUT
10
81.1386
20
107.5330
0
VERTEX
8
CUT
10
81.0505
20
107.5171
0
VERTEX
8
CUT
10
80.9914
20
107.5094
0
VERTEX
8
CUT
10
80.9021
20
107.5024
0
VERTEX
8
CUT
10
80.8425
20
107.5007
0
VERTEX
8
CUT
10
80.7529
20
107.5026
0
VERTEX
8
CUT
10
80.6935
20
107.5068
0
VERTEX
8
CUT
10
80.6046
20
107.5175
0
VERTEX
8
CUT
10
80.5458
20
107.5276
0
VERTEX
8
CUT
10
80.4584
20
107.5472
0
VERTEX
8
CUT
10
80.4009
20
107.5631
0
VERTEX
8
CUT
10
80.3159
20
107.5912
0
VERTEX
8
CUT
10
80.2603
20
107.6127
0
VERTEX
8
CUT
10
80.1785
20
107.6492
0
VERTEX
8
CUT
10
80.1253
20
107.6761
0
VERTEX
8
CUT
10
80.0475
20
107.7205
0
VERTEX
8
CUT
10
79.9973
20
107.7526
0
VERTEX
8
CUT
10
79.9243
20
107.8045
0
VERTEX
8
CUT
10
79.8775
20
107.8415
0
VERTEX
8
CUT
10
79.8101
20
107.9004
0
VERTEX
8
CUT
10
79.7672
20
107.9418
0
VERTEX
8
CUT
10
79.7059
20
108.0071
0
VERTEX
8
CUT
10
79.6673
20
108.0525
0
VERTEX
8
CUT
10
79.6129
20
108.1236
0
VERTEX
8
CUT
10
79.5790
20
108.1727
0
VERTEX
8
CUT
10
79.5319
20
108.2489
0
VERTEX
8
CUT
10
79.5030
20
108.3011
0
VERTEX
8
CUT
10
79.4637
20
108.3815
0
VERTEX
8
CUT
10
79.4402
20
108.4363
0
VERTEX
8
CUT
10
79.4091
20
108.5203
0
VERTEX
8
CUT
10
79.3912
20
108.5771
0
VERTEX
8
CUT
10
79.3685
20
108.6638
0
VERTEX
8
CUT
10
79.3563
20
108.7222
0
VERTEX
8
CUT
10
79.3424
20
108.8106
0
VERTEX
8
CUT
10
79.3337
20
108.8922
0
VERTEX
8
CUT
10
79.3301
20
108.9369
0
VERTEX
8
CUT
10
79.2659
20
110.0738
0
VERTEX
8
CUT
10
79.2654
20
110.0845
0
VERTEX
8
CUT
10
79.2642
20
110.1095
0
VERTEX
8
CUT
10
79.2638
20
110.1202
0
VERTEX
8
CUT
10
79.2637
20
110.1251
0
VERTEX
8
CUT
10
79.2635
20
110.1317
0
VERTEX
8
CUT
10
79.2631
20
110.1470
0
VERTEX
8
CUT
10
79.2629
20
110.1535
0
VERTEX
8
CUT
10
79.2629
20
110.1585
0
VERTEX
8
CUT
10
79.2627
20
110.1702
0
VERTEX
8
CUT
10
79.2626
20
110.1976
0
VERTEX
8
CUT
10
79.2626
20
110.2083
0
VERTEX
8
CUT
10
79.2627
20
110.2160
0
VERTEX
8
CUT
10
79.2630
20
110.2335
0
VERTEX
8
CUT
10
79.2631
20
110.2411
0
VERTEX
8
CUT
10
79.3360
20
113.1630
0
VERTEX
8
CUT
10
79.3362
20
113.1697
0
VERTEX
8
CUT
10
79.3366
20
113.1803
0
VERTEX
8
CUT
10
79.3382
20
113.2122
0
VERTEX
8
CUT
10
79.3421
20
113.2696
0
VERTEX
8
CUT
10
79.3442
20
113.2948
0
VERTEX
8
CUT
10
79.3465
20
113.3193
0
VERTEX
8
CUT
10
79.3473
20
113.3271
0
VERTEX
8
CUT
10
79.3479
20
113.3327
0
VERTEX
8
CUT
10
79.3519
20
113.3653
0
VERTEX
8
CUT
10
79.3606
20
113.4267
0
VERTEX
8
CUT
10
79.3649
20
113.4540
0
VERTEX
8
CUT
10
79.6045
20
114.8350
0
VERTEX
8
CUT
10
79.6055
20
114.8409
0
VERTEX
8
CUT
10
79.6072
20
114.8500
0
VERTEX
8
CUT
10
79.6126
20
114.8778
0
VERTEX
8
CUT
10
79.6232
20
114.9275
0
VERTEX
8
CUT
10
79.6281
20
114.9492
0
VERTEX
8
CUT
10
79.6332
20
114.9704
0
VERTEX
8
CUT
10
79.6348
20
114.9771
0
VERTEX
8
CUT
10
79.6360
20
114.9820
0
VERTEX
8
CUT
10
79.6434
20
115.0100
0
VERTEX
8
CUT
10
79.6583
20
115.0627
0
VERTEX
8
CUT
10
79.6652
20
115.0861
0
VERTEX
8
CUT
10
80.0965
20
116.4726
0
VERTEX
8
CUT
10
80.0982
20
116.4782
0
VERTEX
8
CUT
10
80.1010
20
116.4869
0
VERTEX
8
CUT
10
80.1098
20
116.5133
0
VERTEX
8
CUT
10
80.1264
20
116.5604
0
VERTEX
8
CUT
10
80.1340
20
116.5810
0
VERTEX
8
CUT
10
80.1416
20
116.6010
0
VERTEX
8
CUT
10
80.1440
20
116.6073
0
VERTEX
8
CUT
10
80.1458
20
116.6119
0
VERTEX
8
CUT
10
80.1565
20
116.6383
0
VERTEX
8
CUT
10
80.1776
20
116.6878
0
VERTEX
8
CUT
10
80.1872
20
116.7096
0
VERTEX
8
CUT
10
80.4022
20
117.1796
0
VERTEX
8
CUT
10
80.4218
20
117.2200
0
VERTEX
8
CUT
10
80.4597
20
117.2930
0
VERTEX
8
CUT
10
80.5050
20
117.3705
0
VERTEX
8
CUT
10
80.5377
20
117.4205
0
VERTEX
8
CUT
10
80.5905
20
117.4931
0
VERTEX
8
CUT
10
80.6280
20
117.5396
0
VERTEX
8
CUT
10
80.6877
20
117.6066
0
VERTEX
8
CUT
10
80.7454
20
117.6652
0
VERTEX
8
CUT
10
80.7777
20
117.6964
0
VERTEX
8
CUT
10
80.7848
20
117.7028
0
VERTEX
8
CUT
10
80.7957
20
117.7131
0
VERTEX
8
CUT
10
80.8382
20
117.7541
0
VERTEX
8
CUT
10
80.8593
20
117.7756
0
VERTEX
8
CUT
10
80.9916
20
117.9168
0
VERTEX
8
CUT
10
81.0306
20
117.9629
0
VERTEX
8
CUT
10
81.1463
20
118.1146
0
VERTEX
8
CUT
10
81.1805
20
118.1643
0
VERTEX
8
CUT
10
81.2805
20
118.3269
0
VERTEX
8
CUT
10
81.3095
20
118.3798
0
VERTEX
8
CUT
10
81.3926
20
118.5516
0
VERTEX
8
CUT
10
81.4161
20
118.6072
0
VERTEX
8
CUT
10
81.4815
20
118.7864
0
VERTEX
8
CUT
10
81.4993
20
118.8441
0
VERTEX
8
CUT
10
81.5464
20
119.0290
0
VERTEX
8
CUT
10
81.5584
20
119.0882
0
VERTEX
8
CUT
10
81.5867
20
119.2769
0
VERTEX
8
CUT
10
81.5926
20
119.3369
0
VERTEX
8
CUT
10
81.6018
20
119.5275
0
VERTEX
8
CUT
10
81.6016
20
119.5879
0
VERTEX
8
CUT
10
81.5916
20
119.7785
0
VERTEX
8
CUT
10
81.5854
20
119.8385
0
VERTEX
8
CUT
10
81.5563
20
120.0271
0
VERTEX
8
CUT
10
81.5441
20
120.0862
0
VERTEX
8
CUT
10
81.4962
20
120.2709
0
VERTEX
8
CUT
10
81.4781
20
120.3285
0
VERTEX
8
CUT
10
81.4118
20
120.5074
0
VERTEX
8
CUT
10
81.3881
20
120.5629
0
VERTEX
8
CUT
10
81.3042
20
120.7343
0
VERTEX
8
CUT
10
81.2750
20
120.7871
0
VERTEX
8
CUT
10
81.1729
20
120.9515
0
VERTEX
8
CUT
10
81.1563
20
120.9767
0
VERTEX
8
CUT
10
81.1227
20
121.0251
0
VERTEX
8
CUT
10
81.1140
20
121.0374
0
VERTEX
8
CUT
10
81.0561
20
121.1166
0
VERTEX
8
CUT
10
81.0470
20
121.1287
0
VERTEX
8
CUT
10
73.9669
20
130.3188
0
VERTEX
8
CUT
10
73.9412
20
130.3539
0
VERTEX
8
CUT
10
73.8957
20
130.4192
0
VERTEX
8
CUT
10
73.8496
20
130.4928
0
VERTEX
8
CUT
10
73.8213
20
130.5432
0
VERTEX
8
CUT
10
73.7824
20
130.6209
0
VERTEX
8
CUT
10
73.7591
20
130.6739
0
VERTEX
8
CUT
10
73.7280
20
130.7550
0
VERTEX
8
CUT
10
73.7099
20
130.8099
0
VERTEX
8
CUT
10
73.6867
20
130.8936
0
VERTEX
8
CUT
10
73.6740
20
130.9500
0
VERTEX
8
CUT
10
73.6590
20
131.0356
0
VERTEX
8
CUT
10
73.6517
20
131.0930
0
VERTEX
8
CUT
10
73.6450
20
131.1796
0
VERTEX
8
CUT
10
73.6434
20
131.2374
0
VERTEX
8
CUT
10
73.6451
20
131.3243
0
VERTEX
8
CUT
10
73.6490
20
131.3820
0
VERTEX
8
CUT
10
73.6591
20
131.4683
0
VERTEX
8
CUT
10
73.6686
20
131.5253
0
VERTEX
8
CUT
10
73.6869
20
131.6102
0
VERTEX
8
CUT
10
73.7018
20
131.6661
0
VERTEX
8
CUT
10
73.7283
20
131.7489
0
VERTEX
8
CUT
10
73.7485
20
131.8030
0
VERTEX
8
CUT
10
73.7828
20
131.8829
0
VERTEX
8
CUT
10
73.8082
20
131.9348
0
VERTEX
8
CUT
10
73.8500
20
132.0110
0
VERTEX
8
CUT
10
73.8803
20
132.0602
0
VERTEX
8
CUT
10
73.9293
20
132.1320
0
VERTEX
8
CUT
10
73.9642
20
132.1781
0
VERTEX
8
CUT
10
74.0198
20
132.2448
0
VERTEX
8
CUT
10
74.0590
20
132.2874
0
VERTEX
8
CUT
10
74.1209
20
132.3484
0
VERTEX
8
CUT
10
74.1640
20
132.3870
0
VERTEX
8
CUT
10
74.2314
20
132.4417
0
VERTEX
8
CUT
10
74.2780
20
132.4760
0
VERTEX
8
CUT
10
74.3504
20
132.5240
0
VERTEX
8
CUT
10
74.4001
20
132.5536
0
VERTEX
8
CUT
10
74.4768
20
132.5943
0
VERTEX
8
CUT
10
74.5291
20
132.6190
0
VERTEX
8
CUT
10
74.6094
20
132.6522
0
VERTEX
8
CUT
10
74.6638
20
132.6717
0
VERTEX
8
CUT
10
74.7469
20
132.6970
0
VERTEX
8
CUT
10
74.8030
20
132.7112
0
VERTEX
8
CUT
10
74.8882
20
132.7284
0
VERTEX
8
CUT
10
74.9453
20
132.7371
0
VERTEX
8
CUT
10
75.0318
20
132.7460
0
VERTEX
8
CUT
10
75.1112
20
132.7503
0
VERTEX
8
CUT
10
75.1547
20
132.7516
0
VERTEX
8
CUT
10
78.3933
20
132.7708
0
VERTEX
8
CUT
10
78.4046
20
132.7710
0
VERTEX
8
CUT
10
78.4835
20
132.7730
0
VERTEX
8
CUT
10
78.4952
20
132.7734
0
VERTEX
8
CUT
10
78.5469
20
132.7757
0
VERTEX
8
CUT
10
78.5718
20
132.7773
0
VERTEX
8
CUT
10
78.7267
20
132.7906
0
VERTEX
8
CUT
10
78.7505
20
132.7932
0
VERTEX
8
CUT
10
78.7918
20
132.7984
0
VERTEX
8
CUT
10
78.8030
20
132.7999
0
VERTEX
8
CUT
10
78.8803
20
132.8112
0
VERTEX
8
CUT
10
78.8927
20
132.8131
0
VERTEX
8
CUT
10
79.2598
20
132.8745
0
VERTEX
8
CUT
10
79.2747
20
132.8772
0
VERTEX
8
CUT
10
79.3701
20
132.8956
0
VERTEX
8
CUT
10
79.3847
20
132.8986
0
VERTEX
8
CUT
10
79.4418
20
132.9111
0
VERTEX
8
CUT
10
79.4709
20
132.9183
0
VERTEX
8
CUT
10
79.6559
20
132.9686
0
VERTEX
8
CUT
10
79.7128
20
132.9872
0
VERTEX
8
CUT
10
79.8894
20
133.0548
0
VERTEX
8
CUT
10
79.9441
20
133.0789
0
VERTEX
8
CUT
10
80.1132
20
133.1638
0
VERTEX
8
CUT
10
80.1652
20
133.1932
0
VERTEX
8
CUT
10
80.3250
20
133.2945
0
VERTEX
8
CUT
10
80.3738
20
133.3290
0
VERTEX
8
CUT
10
80.5227
20
133.4456
0
VERTEX
8
CUT
10
80.5679
20
133.4849
0
VERTEX
8
CUT
10
80.7044
20
133.6158
0
VERTEX
8
CUT
10
80.7454
20
133.6593
0
VERTEX
8
CUT
10
80.8682
20
133.8031
0
VERTEX
8
CUT
10
80.9048
20
133.8505
0
VERTEX
8
CUT
10
81.0126
20
134.0058
0
VERTEX
8
CUT
10
81.0442
20
134.0566
0
VERTEX
8
CUT
10
81.1361
20
134.2220
0
VERTEX
8
CUT
10
81.1625
20
134.2756
0
VERTEX
8
CUT
10
81.2374
20
134.4493
0
VERTEX
8
CUT
10
81.2584
20
134.5053
0
VERTEX
8
CUT
10
81.3156
20
134.6856
0
VERTEX
8
CUT
10
81.3309
20
134.7434
0
VERTEX
8
CUT
10
81.3699
20
134.9285
0
VERTEX
8
CUT
10
81.3793
20
134.9876
0
VERTEX
8
CUT
10
81.3997
20
135.1756
0
VERTEX
8
CUT
10
81.4032
20
135.2353
0
VERTEX
8
CUT
10
81.4048
20
135.4244
0
VERTEX
8
CUT
10
81.4023
20
135.4842
0
VERTEX
8
CUT
10
81.3850
20
135.6725
0
VERTEX
8
CUT
10
81.3766
20
135.7318
0
VERTEX
8
CUT
10
81.3407
20
135.9174
0
VERTEX
8
CUT
10
81.3264
20
135.9755
0
VERTEX
8
CUT
10
81.2721
20
136.1567
0
VERTEX
8
CUT
10
81.2521
20
136.2131
0
VERTEX
8
CUT
10
81.1801
20
136.3880
0
VERTEX
8
CUT
10
81.1546
20
136.4421
0
VERTEX
8
CUT
10
81.0655
20
136.6089
0
VERTEX
8
CUT
10
81.0348
20
136.6602
0
VERTEX
8
CUT
10
80.9295
20
136.8174
0
VERTEX
8
CUT
10
80.8938
20
136.8654
0
VERTEX
8
CUT
10
80.7734
20
137.0112
0
VERTEX
8
CUT
10
80.7331
20
137.0554
0
VERTEX
8
CUT
10
80.5969
20
137.1904
0
VERTEX
8
CUT
10
80.5752
20
137.2110
0
VERTEX
8
CUT
10
80.5317
20
137.2500
0
VERTEX
8
CUT
10
80.5204
20
137.2598
0
VERTEX
8
CUT
10
80.4464
20
137.3229
0
VERTEX
8
CUT
10
80.4349
20
137.3325
0
VERTEX
8
CUT
10
80.4259
20
137.3398
0
VERTEX
8
CUT
10
80.4147
20
137.3487
0
VERTEX
8
CUT
10
80.3413
20
137.4053
0
VERTEX
8
CUT
10
80.3299
20
137.4139
0
VERTEX
8
CUT
10
80.2850
20
137.4469
0
VERTEX
8
CUT
10
80.2617
20
137.4633
0
VERTEX
8
CUT
10
80.1093
20
137.5644
0
VERTEX
8
CUT
10
80.0604
20
137.5937
0
VERTEX
8
CUT
10
79.8991
20
137.6799
0
VERTEX
8
CUT
10
79.8737
20
137.6928
0
VERTEX
8
CUT
10
79.8234
20
137.7167
0
VERTEX
8
CUT
10
79.8104
20
137.7227
0
VERTEX
8
CUT
10
79.7257
20
137.7605
0
VERTEX
8
CUT
10
79.7126
20
137.7661
0
VERTEX
8
CUT
10
77.2809
20
138.7829
0
VERTEX
8
CUT
10
77.2687
20
138.7881
0
VERTEX
8
CUT
10
77.2485
20
138.7969
0
VERTEX
8
CUT
10
77.2005
20
138.8196
0
VERTEX
8
CUT
10
77.1203
20
138.8603
0
VERTEX
8
CUT
10
77.0852
20
138.8791
0
VERTEX
8
CUT
10
77.0816
20
138.8811
0
VERTEX
8
CUT
10
77.0474
20
138.9015
0
VERTEX
8
CUT
10
76.9711
20
138.9491
0
VERTEX
8
CUT
10
76.9269
20
138.9786
0
VERTEX
8
CUT
10
76.9089
20
138.9914
0
VERTEX
8
CUT
10
76.8981
20
138.9991
0
VERTEX
8
CUT
10
76.7912
20
139.0774
0
VERTEX
8
CUT
10
76.7813
20
139.0848
0
VERTEX
8
CUT
10
76.7648
20
139.0972
0
VERTEX
8
CUT
10
76.7260
20
139.1282
0
VERTEX
8
CUT
10
76.6764
20
139.1701
0
VERTEX
8
CUT
10
76.6128
20
139.2293
0
VERTEX
8
CUT
10
76.5520
20
139.2916
0
VERTEX
8
CUT
10
76.4944
20
139.3567
0
VERTEX
8
CUT
10
76.4537
20
139.4073
0
VERTEX
8
CUT
10
76.4237
20
139.4469
0
VERTEX
8
CUT
10
76.4117
20
139.4636
0
VERTEX
8
CUT
10
76.4045
20
139.4738
0
VERTEX
8
CUT
10
76.1635
20
139.8204
0
VERTEX
8
CUT
10
76.1582
20
139.8282
0
VERTEX
8
CUT
10
76.1494
20
139.8411
0
VERTEX
8
CUT
10
76.1289
20
139.8727
0
VERTEX
8
CUT
10
76.1029
20
139.9146
0
VERTEX
8
CUT
10
76.0703
20
139.9717
0
VERTEX
8
CUT
10
76.0397
20
140.0303
0
VERTEX
8
CUT
10
76.0113
20
140.0897
0
VERTEX
8
CUT
10
75.9917
20
140.1349
0
VERTEX
8
CUT
10
75.9775
20
140.1697
0
VERTEX
8
CUT
10
75.9719
20
140.1843
0
VERTEX
8
CUT
10
75.9685
20
140.1931
0
VERTEX
8
CUT
10
75.3027
20
141.9799
0
VERTEX
8
CUT
10
75.2974
20
141.9937
0
VERTEX
8
CUT
10
75.2616
20
142.0830
0
VERTEX
8
CUT
10
75.2559
20
142.0967
0
VERTEX
8
CUT
10
75.2331
20
142.1497
0
VERTEX
8
CUT
10
75.2207
20
142.1766
0
VERTEX
8
CUT
10
75.1373
20
142.3469
0
VERTEX
8
CUT
10
75.1087
20
142.3987
0
VERTEX
8
CUT
10
75.0103
20
142.5578
0
VERTEX
8
CUT
10
74.9767
20
142.6065
0
VERTEX
8
CUT
10
74.8631
20
142.7551
0
VERTEX
8
CUT
10
74.8249
20
142.8003
0
VERTEX
8
CUT
10
74.6972
20
142.9370
0
VERTEX
8
CUT
10
74.6548
20
142.9782
0
VERTEX
8
CUT
10
74.5142
20
143.1017
0
VERTEX
8
CUT
10
74.4679
20
143.1385
0
VERTEX
8
CUT
10
74.3159
20
143.2475
0
VERTEX
8
CUT
10
74.2662
20
143.2796
0
VERTEX
8
CUT
10
74.1042
20
143.3731
0
VERTEX
8
CUT
10
74.0516
20
143.4001
0
VERTEX
8
CUT
10
73.8811
20
143.4772
0
VERTEX
8
CUT
10
73.8261
20
143.4989
0
VERTEX
8
CUT
10
73.6489
20
143.5588
0
VERTEX
8
CUT
10
73.5920
20
143.5750
0
VERTEX
8
CUT
10
73.4098
20
143.6172
0
VERTEX
8
CUT
10
73.3515
20
143.6277
0
VERTEX
8
CUT
10
73.1660
20
143.6518
0
VERTEX
8
CUT
10
73.1070
20
143.6565
0
VERTEX
8
CUT
10
72.9201
20
143.6621
0
VERTEX
8
CUT
10
72.8609
20
143.6610
0
VERTEX
8
CUT
10
72.6743
20
143.6482
0
VERTEX
8
CUT
10
72.6155
20
143.6413
0
VERTEX
8
CUT
10
72.4311
20
143.6102
0
VERTEX
8
CUT
10
72.3733
20
143.5975
0
VERTEX
8
CUT
10
72.1928
20
143.5483
0
VERTEX
8
CUT
10
72.1903
20
143.5477
0
VERTEX
8
CUT
10
72.1761
20
143.5436
0
VERTEX
8
CUT
10
72.1701
20
143.5418
0
VERTEX
8
CUT
10
72.1491
20
143.5358
0
VERTEX
8
CUT
10
72.0679
20
143.5137
0
VERTEX
8
CUT
10
72.0652
20
143.5129
0
VERTEX
8
CUT
10
71.9792
20
143.4940
0
VERTEX
8
CUT
10
71.9214
20
143.4842
0
VERTEX
8
CUT
10
71.8339
20
143.4737
0
VERTEX
8
CUT
10
71.7754
20
143.4696
0
VERTEX
8
CUT
10
71.6873
20
143.4677
0
VERTEX
8
CUT
10
71.6287
20
143.4694
0
VERTEX
8
CUT
10
71.5408
20
143.4761
0
VERTEX
8
CUT
10
71.4826
20
143.4835
0
VERTEX
8
CUT
10
71.3959
20
143.4988
0
VERTEX
8
CUT
10
71.3387
20
143.5118
0
VERTEX
8
CUT
10
71.2538
20
143.5355
0
VERTEX
8
CUT
10
71.1982
20
143.5541
0
VERTEX
8
CUT
10
71.1160
20
143.5860
0
VERTEX
8
CUT
10
71.0625
20
143.6099
0
VERTEX
8
CUT
10
70.9839
20
143.6497
0
VERTEX
8
CUT
10
70.9329
20
143.6787
0
VERTEX
8
CUT
10
70.8585
20
143.7260
0
VERTEX
8
CUT
10
70.8106
20
143.7599
0
VERTEX
8
CUT
10
70.7413
20
143.8142
0
VERTEX
8
CUT
10
70.6969
20
143.8526
0
VERTEX
8
CUT
10
70.6332
20
143.9134
0
VERTEX
8
CUT
10
70.5928
20
143.9560
0
VERTEX
8
CUT
10
70.5354
20
144.0228
0
VERTEX
8
CUT
10
70.4994
20
144.0691
0
VERTEX
8
CUT
10
70.4487
20
144.1412
0
VERTEX
8
CUT
10
70.4174
20
144.1908
0
VERTEX
8
CUT
10
70.3740
20
144.2675
0
VERTEX
8
CUT
10
70.3378
20
144.3396
0
VERTEX
8
CUT
10
70.3190
20
144.3794
0
VERTEX
8
CUT
10
70.2788
20
144.4703
0
VERTEX
8
CUT
10
70.2544
20
144.5189
0
VERTEX
8
CUT
10
70.2173
20
144.5987
0
VERTEX
8
CUT
10
70.1911
20
144.6489
0
VERTEX
8
CUT
10
70.1007
20
144.8033
0
VERTEX
8
CUT
10
70.0699
20
144.8507
0
VERTEX
8
CUT
10
69.9653
20
144.9959
0
VERTEX
8
CUT
10
69.9302
20
145.0402
0
VERTEX
8
CUT
10
69.8108
20
145.1768
0
VERTEX
8
CUT
10
69.7917
20
145.1977
0
VERTEX
8
CUT
10
69.7534
20
145.2375
0
VERTEX
8
CUT
10
69.7435
20
145.2476
0
VERTEX
8
CUT
10
69.6782
20
145.3124
0
VERTEX
8
CUT
10
69.6680
20
145.3223
0
VERTEX
8
CUT
10
68.5516
20
146.3796
0
VERTEX
8
CUT
10
68.5414
20
146.3890
0
VERTEX
8
CUT
10
68.4744
20
146.4496
0
VERTEX
8
CUT
10
68.4639
20
146.4588
0
VERTEX
8
CUT
10
68.4228
20
146.4943
0
VERTEX
8
CUT
10
68.4013
20
146.5120
0
VERTEX
8
CUT
10
68.2592
20
146.6236
0
VERTEX
8
CUT
10
68.2369
20
146.6403
0
VERTEX
8
CUT
10
68.1927
20
146.6718
0
VERTEX
8
CUT
10
68.1812
20
146.6797
0
VERTEX
8
CUT
10
68.1064
20
146.7305
0
VERTEX
8
CUT
10
68.0948
20
146.7381
0
VERTEX
8
CUT
10
68.0712
20
146.7534
0
VERTEX
8
CUT
10
67.0346
20
147.4218
0
VERTEX
8
CUT
10
67.0325
20
147.4232
0
VERTEX
8
CUT
10
67.0315
20
147.4238
0
VERTEX
8
CUT
10
67.0137
20
147.4349
0
VERTEX
8
CUT
10
66.8970
20
147.5045
0
VERTEX
8
CUT
10
66.8789
20
147.5149
0
VERTEX
8
CUT
10
66.7295
20
147.5971
0
VERTEX
8
CUT
10
66.7110
20
147.6068
0
VERTEX
8
CUT
10
66.5898
20
147.6681
0
VERTEX
8
CUT
10
66.5710
20
147.6773
0
VERTEX
8
CUT
10
65.3845
20
148.2262
0
VERTEX
8
CUT
10
65.3746
20
148.2307
0
VERTEX
8
CUT
10
65.3049
20
148.2614
0
VERTEX
8
CUT
10
65.2944
20
148.2659
0
VERTEX
8
CUT
10
65.2484
20
148.2851
0
VERTEX
8
CUT
10
65.2438
20
148.2870
0
VERTEX
8
CUT
10
65.2235
20
148.2954
0
VERTEX
8
CUT
10
65.2010
20
148.3043
0
VERTEX
8
CUT
10
65.0593
20
148.3568
0
VERTEX
8
CUT
10
65.0372
20
148.3645
0
VERTEX
8
CUT
10
64.9988
20
148.3771
0
VERTEX
8
CUT
10
64.9883
20
148.3804
0
VERTEX
8
CUT
10
64.9158
20
148.4026
0
VERTEX
8
CUT
10
64.9040
20
148.4061
0
VERTEX
8
CUT
10
63.6264
20
148.7697
0
VERTEX
8
CUT
10
63.6075
20
148.7747
0
VERTEX
8
CUT
10
63.4852
20
148.8053
0
VERTEX
8
CUT
10
63.4662
20
148.8097
0
VERTEX
8
CUT
10
63.3115
20
148.8431
0
VERTEX
8
CUT
10
63.2924
20
148.8469
0
VERTEX
8
CUT
10
63.1682
20
148.8695
0
VERTEX
8
CUT
10
63.1491
20
148.8727
0
VERTEX
8
CUT
10
63.1458
20
148.8732
0
VERTEX
8
CUT
10
61.8643
20
149.0638
0
VERTEX
8
CUT
10
61.8600
20
149.0644
0
VERTEX
8
CUT
10
61.8481
20
149.0661
0
VERTEX
8
CUT
10
61.7840
20
149.0743
0
VERTEX
8
CUT
10
61.7750
20
149.0755
0
VERTEX
8
CUT
10
61.7737
20
149.0756
0
VERTEX
8
CUT
10
61.7707
20
149.0760
0
VERTEX
8
CUT
10
61.7587
20
149.0774
0
VERTEX
8
CUT
10
61.7269
20
149.0809
0
VERTEX
8
CUT
10
61.7121
20
149.0825
0
VERTEX
8
CUT
10
61.6873
20
149.0847
0
VERTEX
8
CUT
10
61.5327
20
149.0952
0
VERTEX
8
CUT
10
61.5088
20
149.0964
0
VERTEX
8
CUT
10
61.4673
20
149.0975
0
VERTEX
8
CUT
10
61.4560
20
149.0977
0
VERTEX
8
CUT
10
61.3782
20
149.0985
0
VERTEX
8
CUT
10
61.3656
20
149.0984
0
VERTEX
8
CUT
10
60.0668
20
149.0831
0
VERTEX
8
CUT
10
60.0560
20
149.0829
0
VERTEX
8
CUT
10
59.9814
20
149.0807
0
VERTEX
8
CUT
10
59.9702
20
149.0803
0
VERTEX
8
CUT
10
59.9213
20
149.0779
0
VERTEX
8
CUT
10
59.9158
20
149.0775
0
VERTEX
8
CUT
10
59.8953
20
149.0765
0
VERTEX
8
CUT
10
59.8715
20
149.0749
0
VERTEX
8
CUT
10
59.7239
20
149.0617
0
VERTEX
8
CUT
10
59.7011
20
149.0593
0
VERTEX
8
CUT
10
59.6617
20
149.0542
0
VERTEX
8
CUT
10
59.6511
20
149.0528
0
VERTEX
8
CUT
10
59.5774
20
149.0420
0
VERTEX
8
CUT
10
59.5655
20
149.0402
0
VERTEX
8
CUT
10
58.3309
20
148.8346
0
VERTEX
8
CUT
10
58.3182
20
148.8324
0
VERTEX
8
CUT
10
58.2365
20
148.8170
0
VERTEX
8
CUT
10
58.2240
20
148.8145
0
VERTEX
8
CUT
10
58.1750
20
148.8041
0
VERTEX
8
CUT
10
58.1501
20
148.7983
0
VERTEX
8
CUT
10
57.9889
20
148.7571
0
VERTEX
8
CUT
10
57.9642
20
148.7502
0
VERTEX
8
CUT
10
57.9163
20
148.7358
0
VERTEX
8
CUT
10
57.9041
20
148.7319
0
VERTEX
8
CUT
10
57.8250
20
148.7062
0
VERTEX
8
CUT
10
57.8129
20
148.7021
0
VERTEX
8
CUT
10
56.6901
20
148.3103
0
VERTEX
8
CUT
10
56.6770
20
148.3055
0
VERTEX
8
CUT
10
56.5925
20
148.2738
0
VERTEX
8
CUT
10
56.5795
20
148.2688
0
VERTEX
8
CUT
10
56.5292
20
148.2486
0
VERTEX
8
CUT
10
56.5036
20
148.2376
0
VERTEX
8
CUT
10
56.3394
20
148.1626
0
VERTEX
8
CUT
10
56.3144
20
148.1505
0
VERTEX
8
CUT
10
56.2662
20
148.1257
0
VERTEX
8
CUT
10
56.2539
20
148.1192
0
VERTEX
8
CUT
10
56.2448
20
148.1143
0
VERTEX
8
CUT
10
56.2417
20
148.1126
0
VERTEX
8
CUT
10
56.2295
20
148.1062
0
VERTEX
8
CUT
10
56.1511
20
148.0635
0
VERTEX
8
CUT
10
56.1391
20
148.0568
0
VERTEX
8
CUT
10
55.2422
20
147.5414
0
VERTEX
8
CUT
10
55.2311
20
147.5349
0
VERTEX
8
CUT
10
55.1593
20
147.4915
0
VERTEX
8
CUT
10
55.1484
20
147.4847
0
VERTEX
8
CUT
10
55.1058
20
147.4578
0
VERTEX
8
CUT
10
55.0843
20
147.4435
0
VERTEX
8
CUT
10
54.9467
20
147.3478
0
VERTEX
8
CUT
10
54.9258
20
147.3327
0
VERTEX
8
CUT
10
54.8857
20
147.3022
0
VERTEX
8
CUT
10
54.8756
20
147.2942
0
VERTEX
8
CUT
10
54.8100
20
147.2420
0
VERTEX
8
CUT
10
54.8000
20
147.2339
0
VERTEX
8
CUT
10
54.0004
20
146.5693
0
VERTEX
8
CUT
10
53.9900
20
146.5603
0
VERTEX
8
CUT
10
53.9226
20
146.5017
0
VERTEX
8
CUT
10
53.9124
20
146.4925
0
VERTEX
8
CUT
10
53.8727
20
146.4564
0
VERTEX
8
CUT
10
53.8528
20
146.4374
0
VERTEX
8
CUT
10
53.8124
20
146.3970
0
VERTEX
8
CUT
10
53.8061
20
146.3909
0
VERTEX
8
CUT
10
53.7748
20
146.3594
0
VERTEX
8
CUT
10
53.7265
20
146.3111
0
VERTEX
8
CUT
10
53.7172
20
146.3014
0
VERTEX
8
CUT
10
53.6802
20
146.2641
0
VERTEX
8
CUT
10
53.6613
20
146.2442
0
VERTEX
8
CUT
10
53.6252
20
146.2043
0
VERTEX
8
CUT
10
53.6161
20
146.1940
0
VERTEX
8
CUT
10
53.5576
20
146.1264
0
VERTEX
8
CUT
10
53.5487
20
146.1159
0
VERTEX
8
CUT
10
52.9221
20
145.3569
0
VERTEX
8
CUT
10
52.9151
20
145.3483
0
VERTEX
8
CUT
10
52.8668
20
145.2875
0
VERTEX
8
CUT
10
52.8597
20
145.2784
0
VERTEX
8
CUT
10
52.8288
20
145.2379
0
VERTEX
8
CUT
10
52.8143
20
145.2181
0
VERTEX
8
CUT
10
52.7265
20
145.0929
0
VERTEX
8
CUT
10
52.7134
20
145.0734
0
VERTEX
8
CUT
10
52.6912
20
145.0389
0
VERTEX
8
CUT
10
52.6853
20
145.0296
0
VERTEX
8
CUT
10
52.6449
20
144.9642
0
VERTEX
8
CUT
10
52.6385
20
144.9536
0
VERTEX
8
CUT
10
52.1277
20
144.0876
0
VERTEX
8
CUT
10
52.1213
20
144.0765
0
VERTEX
8
CUT
10
52.0807
20
144.0042
0
VERTEX
8
CUT
10
52.0746
20
143.9930
0
VERTEX
8
CUT
10
52.0511
20
143.9490
0
VERTEX
8
CUT
10
52.0500
20
143.9467
0
VERTEX
8
CUT
10
52.0372
20
143.9227
0
VERTEX
8
CUT
10
52.0256
20
143.8997
0
VERTEX
8
CUT
10
51.9533
20
143.7486
0
VERTEX
8
CUT
10
51.9427
20
143.7251
0
VERTEX
8
CUT
10
51.9230
20
143.6788
0
VERTEX
8
CUT
10
51.9180
20
143.6669
0
VERTEX
8
CUT
10
51.8868
20
143.5891
0
VERTEX
8
CUT
10
51.8822
20
143.5771
0
VERTEX
8
CUT
10
51.5409
20
142.6706
0
VERTEX
8
CUT
10
51.5363
20
142.6577
0
VERTEX
8
CUT
10
51.5067
20
142.5735
0
VERTEX
8
CUT
10
51.5024
20
142.5605
0
VERTEX
8
CUT
10
51.4858
20
142.5095
0
VERTEX
8
CUT
10
51.4779
20
142.4832
0
VERTEX
8
CUT
10
51.4306
20
142.3112
0
VERTEX
8
CUT
10
51.4295
20
142.3069
0
VERTEX
8
CUT
10
51.4294
20
142.3065
0
VERTEX
8
CUT
10
51.4226
20
142.2795
0
VERTEX
8
CUT
10
51.4105
20
142.2264
0
VERTEX
8
CUT
10
51.4076
20
142.2127
0
VERTEX
8
CUT
10
51.3896
20
142.1239
0
VERTEX
8
CUT
10
51.3870
20
142.1102
0
VERTEX
8
CUT
10
51.2213
20
141.1815
0
VERTEX
8
CUT
10
51.2189
20
141.1672
0
VERTEX
8
CUT
10
51.2047
20
141.0745
0
VERTEX
8
CUT
10
51.2027
20
141.0602
0
VERTEX
8
CUT
10
51.1955
20
141.0043
0
VERTEX
8
CUT
10
51.1925
20
140.9756
0
VERTEX
8
CUT
10
51.1774
20
140.7887
0
VERTEX
8
CUT
10
51.1758
20
140.7599
0
VERTEX
8
CUT
10
51.1740
20
140.7036
0
VERTEX
8
CUT
10
51.1737
20
140.6892
0
VERTEX
8
CUT
10
51.1729
20
140.5954
0
VERTEX
8
CUT
10
51.1730
20
140.5809
0
VERTEX
8
CUT
10
51.1861
20
139.7535
0
VERTEX
8
CUT
10
51.1866
20
139.7359
0
VERTEX
8
CUT
10
51.1881
20
139.7031
0
VERTEX
8
CUT
10
51.1892
20
139.6416
0
VERTEX
8
CUT
10
51.1896
20
139.6276
0
VERTEX
8
CUT
10
51.1932
20
139.5367
0
VERTEX
8
CUT
10
51.1940
20
139.5227
0
VERTEX
8
CUT
10
51.1974
20
139.4681
0
VERTEX
8
CUT
10
51.1999
20
139.4402
0
VERTEX
8
CUT
10
51.2199
20
139.2594
0
VERTEX
8
CUT
10
51.2236
20
139.2316
0
VERTEX
8
CUT
10
51.2322
20
139.1776
0
VERTEX
8
CUT
10
51.2345
20
139.1638
0
VERTEX
8
CUT
10
51.2508
20
139.0742
0
VERTEX
8
CUT
10
51.2535
20
139.0605
0
VERTEX
8
CUT
10
51.4323
20
138.1945
0
VERTEX
8
CUT
10
51.4361
20
138.1774
0
VERTEX
8
CUT
10
51.4623
20
138.0669
0
VERTEX
8
CUT
10
51.4666
20
138.0500
0
VERTEX
8
CUT
10
51.4842
20
137.9842
0
VERTEX
8
CUT
10
51.4943
20
137.9507
0
VERTEX
8
CUT
10
51.5657
20
137.7352
0
VERTEX
8
CUT
10
51.5777
20
137.7024
0
VERTEX
8
CUT
10
51.6028
20
137.6391
0
VERTEX
8
CUT
10
51.6095
20
137.6229
0
VERTEX
8
CUT
10
51.6545
20
137.5186
0
VERTEX
8
CUT
10
51.6617
20
137.5027
0
VERTEX
8
CUT
10
51.6909
20
137.4401
0
VERTEX
8
CUT
10
51.6937
20
137.4299
0
VERTEX
8
CUT
10
51.7163
20
137.3489
0
VERTEX
8
CUT
10
51.7200
20
137.3365
0
VERTEX
8
CUT
10
51.7346
20
137.2881
0
VERTEX
8
CUT
10
51.7427
20
137.2635
0
VERTEX
8
CUT
10
51.7977
20
137.1069
0
VERTEX
8
CUT
10
51.8169
20
137.0589
0
VERTEX
8
CUT
10
51.8852
20
136.9077
0
VERTEX
8
CUT
10
51.8963
20
136.8843
0
VERTEX
8
CUT
10
51.9191
20
136.8391
0
VERTEX
8
CUT
10
51.9250
20
136.8276
0
VERTEX
8
CUT
10
51.9645
20
136.7534
0
VERTEX
8
CUT
10
51.9707
20
136.7420
0
VERTEX
8
CUT
10
52.2476
20
136.2473
0
VERTEX
8
CUT
10
52.4457
20
135.8229
0
VERTEX
8
CUT
10
52.4526
20
135.8086
0
VERTEX
8
CUT
10
52.4988
20
135.7162
0
VERTEX
8
CUT
10
52.5061
20
135.7021
0
VERTEX
8
CUT
10
52.5352
20
135.6473
0
VERTEX
8
CUT
10
52.5509
20
135.6196
0
VERTEX
8
CUT
10
52.6576
20
135.4428
0
VERTEX
8
CUT
10
52.6747
20
135.4160
0
VERTEX
8
CUT
10
52.7095
20
135.3646
0
VERTEX
8
CUT
10
52.7186
20
135.3516
0
VERTEX
8
CUT
10
52.7788
20
135.2676
0
VERTEX
8
CUT
10
52.7883
20
135.2548
0
VERTEX
8
CUT
10
52.8450
20
135.1801
0
VERTEX
8
CUT
10
52.9330
20
135.0229
0
VERTEX
8
CUT
10
52.9410
20
135.0090
0
VERTEX
8
CUT
10
52.9943
20
134.9194
0
VERTEX
8
CUT
10
53.0027
20
134.9058
0
VERTEX
8
CUT
10
53.0361
20
134.8529
0
VERTEX
8
CUT
10
53.0540
20
134.8262
0
VERTEX
8
CUT
10
53.1745
20
134.6564
0
VERTEX
8
CUT
10
53.1938
20
134.6307
0
VERTEX
8
CUT
10
53.2327
20
134.5817
0
VERTEX
8
CUT
10
53.2428
20
134.5693
0
VERTEX
8
CUT
10
53.3097
20
134.4894
0
VERTEX
8
CUT
10
53.3202
20
134.4772
0
VERTEX
8
CUT
10
53.7239
20
134.0207
0
VERTEX
8
CUT
10
54.4392
20
133.0772
0
VERTEX
8
CUT
10
54.4490
20
133.0646
0
VERTEX
8
CUT
10
54.5138
20
132.9837
0
VERTEX
8
CUT
10
54.5239
20
132.9714
0
VERTEX
8
CUT
10
54.6080
20
132.8720
0
VERTEX
8
CUT
10
54.6184
20
132.8599
0
VERTEX
8
CUT
10
54.6874
20
132.7826
0
VERTEX
8
CUT
10
54.6982
20
132.7708
0
VERTEX
8
CUT
10
56.8722
20
130.4606
0
VERTEX
8
CUT
10
60.2299
20
126.6637
0
VERTEX
8
CUT
10
60.2360
20
126.6567
0
VERTEX
8
CUT
10
60.2415
20
126.6503
0
VERTEX
8
CUT
10
60.2646
20
126.6226
0
VERTEX
8
CUT
10
60.3051
20
126.5718
0
VERTEX
8
CUT
10
60.3205
20
126.5518
0
VERTEX
8
CUT
10
60.3376
20
126.5283
0
VERTEX
8
CUT
10
60.3723
20
126.4787
0
VERTEX
8
CUT
10
60.3898
20
126.4525
0
VERTEX
8
CUT
10
60.3979
20
126.4399
0
VERTEX
8
CUT
10
60.4056
20
126.4278
0
VERTEX
8
CUT
10
61.8815
20
124.0637
0
VERTEX
8
CUT
10
61.8852
20
124.0578
0
VERTEX
8
CUT
10
61.8936
20
124.0440
0
VERTEX
8
CUT
10
61.8951
20
124.0417
0
VERTEX
8
CUT
10
61.9099
20
124.0162
0
VERTEX
8
CUT
10
61.9375
20
123.9673
0
VERTEX
8
CUT
10
61.9656
20
123.9130
0
VERTEX
8
CUT
10
61.9974
20
123.8462
0
VERTEX
8
CUT
10
62.0115
20
123.8152
0
VERTEX
8
CUT
10
63.3601
20
120.6838
0
VERTEX
8
CUT
10
63.3641
20
120.6744
0
VERTEX
8
CUT
10
63.3676
20
120.6658
0
VERTEX
8
CUT
10
63.3820
20
120.6291
0
VERTEX
8
CUT
10
63.4063
20
120.5628
0
VERTEX
8
CUT
10
63.4161
20
120.5345
0
VERTEX
8
CUT
10
63.4245
20
120.5073
0
VERTEX
8
CUT
10
63.4431
20
120.4431
0
VERTEX
8
CUT
10
63.4484
20
120.4232
0
VERTEX
8
CUT
10
63.4505
20
120.4146
0
VERTEX
8
CUT
10
63.4532
20
120.4035
0
VERTEX
8
CUT
10
63.5473
20
119.9963
0
VERTEX
8
CUT
10
63.9583
20
118.2052
0
VERTEX
8
CUT
10
63.9614
20
118.1908
0
VERTEX
8
CUT
10
63.9686
20
118.1571
0
VERTEX
8
CUT
10
63.9715
20
118.1426
0
VERTEX
8
CUT
10
63.9750
20
118.1250
0
VERTEX
8
CUT
10
63.9777
20
118.1105
0
VERTEX
8
CUT
10
63.9834
20
118.0786
0
VERTEX
8
CUT
10
63.9875
20
118.0501
0
VERTEX
8
CUT
10
63.9896
20
118.0356
0
VERTEX
8
CUT
10
63.9919
20
118.0178
0
VERTEX
8
CUT
10
63.9936
20
118.0032
0
VERTEX
8
CUT
10
63.9975
20
117.9692
0
VERTEX
8
CUT
10
63.9990
20
117.9546
0
VERTEX
8
CUT
10
64.1153
20
116.7557
0
VERTEX
8
CUT
10
64.2200
20
115.6492
0
VERTEX
8
CUT
10
64.2212
20
115.6351
0
VERTEX
8
CUT
10
64.2238
20
115.6020
0
VERTEX
8
CUT
10
64.2248
20
115.5878
0
VERTEX
8
CUT
10
64.2259
20
115.5705
0
VERTEX
8
CUT
10
64.2267
20
115.5563
0
VERTEX
8
CUT
10
64.2279
20
115.5304
0
VERTEX
8
CUT
10
64.2279
20
115.5300
0
VERTEX
8
CUT
10
64.2285
20
115.4965
0
VERTEX
8
CUT
10
64.2286
20
115.4821
0
VERTEX
8
CUT
10
64.2286
20
115.4646
0
VERTEX
8
CUT
10
64.2285
20
115.4502
0
VERTEX
8
CUT
10
64.2280
20
115.4167
0
VERTEX
8
CUT
10
64.2277
20
115.4023
0
VERTEX
8
CUT
10
64.1538
20
113.0206
0
VERTEX
8
CUT
10
64.1532
20
113.0057
0
VERTEX
8
CUT
10
64.1516
20
112.9712
0
VERTEX
8
CUT
10
64.1508
20
112.9564
0
VERTEX
8
CUT
10
64.1496
20
112.9383
0
VERTEX
8
CUT
10
64.1486
20
112.9235
0
VERTEX
8
CUT
10
64.1458
20
112.8890
0
VERTEX
8
CUT
10
64.1445
20
112.8743
0
VERTEX
8
CUT
10
64.1433
20
112.8625
0
VERTEX
8
CUT
10
64.1418
20
112.8477
0
VERTEX
8
CUT
10
64.1378
20
112.8133
0
VERTEX
8
CUT
10
64.1360
20
112.7986
0
VERTEX
8
CUT
10
64.1337
20
112.7807
0
VERTEX
8
CUT
10
64.1317
20
112.7660
0
VERTEX
8
CUT
10
64.1266
20
112.7318
0
VERTEX
8
CUT
10
64.1243
20
112.7171
0
VERTEX
8
CUT
10
63.7347
20
110.3452
0
VERTEX
8
CUT
10
63.7324
20
110.3321
0
VERTEX
8
CUT
10
63.7270
20
110.3016
0
VERTEX
8
CUT
10
63.7245
20
110.2885
0
VERTEX
8
CUT
10
63.7214
20
110.2726
0
VERTEX
8
CUT
10
63.7188
20
110.2595
0
VERTEX
8
CUT
10
63.7137
20
110.2352
0
VERTEX
8
CUT
10
63.7065
20
110.2054
0
VERTEX
8
CUT
10
63.7032
20
110.1924
0
VERTEX
8
CUT
10
63.6992
20
110.1765
0
VERTEX
8
CUT
10
63.6957
20
110.1636
0
VERTEX
8
CUT
10
63.6875
20
110.1334
0
VERTEX
8
CUT
10
63.6839
20
110.1205
0
VERTEX
8
CUT
10
62.9889
20
107.7126
0
VERTEX
8
CUT
10
62.9850
20
107.6998
0
VERTEX
8
CUT
10
62.9759
20
107.6697
0
VERTEX
8
CUT
10
62.9719
20
107.6569
0
VERTEX
8
CUT
10
62.9668
20
107.6413
0
VERTEX
8
CUT
10
62.9626
20
107.6285
0
VERTEX
8
CUT
10
62.9530
20
107.5999
0
VERTEX
8
CUT
10
62.9440
20
107.5757
0
VERTEX
8
CUT
10
62.9393
20
107.5632
0
VERTEX
8
CUT
10
62.9334
20
107.5481
0
VERTEX
8
CUT
10
62.9285
20
107.5357
0
VERTEX
8
CUT
10
62.9168
20
107.5068
0
VERTEX
8
CUT
10
62.9117
20
107.4945
0
VERTEX
8
CUT
10
61.8851
20
105.0640
0
VERTEX
8
CUT
10
61.8806
20
105.0534
0
VERTEX
8
CUT
10
61.8698
20
105.0290
0
VERTEX
8
CUT
10
61.8652
20
105.0185
0
VERTEX
8
CUT
10
61.8594
20
105.0058
0
VERTEX
8
CUT
10
61.8546
20
104.9953
0
VERTEX
8
CUT
10
61.8433
20
104.9711
0
VERTEX
8
CUT
10
61.8384
20
104.9608
0
VERTEX
8
CUT
10
61.8344
20
104.9525
0
VERTEX
8
CUT
10
61.8293
20
104.9422
0
VERTEX
8
CUT
10
61.8174
20
104.9183
0
VERTEX
8
CUT
10
61.8122
20
104.9081
0
VERTEX
8
CUT
10
61.8058
20
104.8957
0
VERTEX
8
CUT
10
61.8004
20
104.8855
0
VERTEX
8
CUT
10
61.7879
20
104.8619
0
VERTEX
8
CUT
10
61.7825
20
104.8518
0
VERTEX
8
CUT
10
60.4990
20
102.5108
0
VERTEX
8
CUT
10
60.4956
20
102.5045
0
VERTEX
8
CUT
10
60.4875
20
102.4900
0
VERTEX
8
CUT
10
60.4861
20
102.4875
0
VERTEX
8
CUT
10
60.4707
20
102.4614
0
VERTEX
8
CUT
10
60.4407
20
102.4123
0
VERTEX
8
CUT
10
60.4060
20
102.3598
0
VERTEX
8
CUT
10
60.3620
20
102.2979
0
VERTEX
8
CUT
10
60.3412
20
102.2698
0
VERTEX
8
CUT
10
57.8434
20
99.0318
0
VERTEX
8
CUT
10
57.0682
20
98.1646
0
VERTEX
8
CUT
10
54.1403
20
95.2581
0
VERTEX
8
CUT
10
54.1353
20
95.2532
0
VERTEX
8
CUT
10
54.1237
20
95.2419
0
VERTEX
8
CUT
10
54.1217
20
95.2399
0
VERTEX
8
CUT
10
54.1001
20
95.2197
0
VERTEX
8
CUT
10
54.0583
20
95.1818
0
VERTEX
8
CUT
10
54.0114
20
95.1422
0
VERTEX
8
CUT
10
53.9530
20
95.0962
0
VERTEX
8
CUT
10
53.9258
20
95.0755
0
VERTEX
8
CUT
10
52.0282
20
93.6931
0
VERTEX
8
CUT
10
52.0200
20
93.6872
0
VERTEX
8
CUT
10
52.0008
20
93.6735
0
VERTEX
8
CUT
10
51.9927
20
93.6678
0
VERTEX
8
CUT
10
51.9828
20
93.6609
0
VERTEX
8
CUT
10
51.9745
20
93.6553
0
VERTEX
8
CUT
10
51.9552
20
93.6421
0
VERTEX
8
CUT
10
51.9469
20
93.6366
0
VERTEX
8
CUT
10
51.9402
20
93.6321
0
VERTEX
8
CUT
10
51.9318
20
93.6266
0
VERTEX
8
CUT
10
51.9122
20
93.6140
0
VERTEX
8
CUT
10
51.9038
20
93.6086
0
VERTEX
8
CUT
10
51.8934
20
93.6021
0
VERTEX
8
CUT
10
51.8849
20
93.5968
0
VERTEX
8
CUT
10
51.8650
20
93.5845
0
VERTEX
8
CUT
10
51.8565
20
93.5793
0
VERTEX
8
CUT
10
48.8023
20
91.7462
0
VERTEX
8
CUT
10
48.7933
20
91.7409
0
VERTEX
8
CUT
10
48.7722
20
91.7286
0
VERTEX
8
CUT
10
48.7631
20
91.7233
0
VERTEX
8
CUT
10
48.7520
20
91.7170
0
VERTEX
8
CUT
10
48.7429
20
91.7119
0
VERTEX
8
CUT
10
48.7216
20
91.7001
0
VERTEX
8
CUT
10
48.7124
20
91.6951
0
VERTEX
8
CUT
10
48.7050
20
91.6911
0
VERTEX
8
CUT
10
48.6957
20
91.6862
0
VERTEX
8
CUT
10
48.6741
20
91.6748
0
VERTEX
8
CUT
10
48.6648
20
91.6701
0
VERTEX
8
CUT
10
48.6535
20
91.6643
0
VERTEX
8
CUT
10
48.6441
20
91.6596
0
VERTEX
8
CUT
10
48.6222
20
91.6488
0
VERTEX
8
CUT
10
48.6128
20
91.6442
0
VERTEX
8
CUT
10
46.7684
20
90.7587
0
VERTEX
8
CUT
10
46.7577
20
90.7536
0
VERTEX
8
CUT
10
46.7327
20
90.7420
0
VERTEX
8
CUT
10
46.7219
20
90.7371
0
VERTEX
8
CUT
10
46.7087
20
90.7312
0
VERTEX
8
CUT
10
46.6979
20
90.7264
0
VERTEX
8
CUT
10
46.6726
20
90.7154
0
VERTEX
8
CUT
10
46.6617
20
90.7108
0
VERTEX
8
CUT
10
46.6529
20
90.7071
0
VERTEX
8
CUT
10
46.6419
20
90.7027
0
VERTEX
8
CUT
10
46.6163
20
90.6924
0
VERTEX
8
CUT
10
46.6053
20
90.6880
0
VERTEX
8
CUT
10
46.5918
20
90.6828
0
VERTEX
8
CUT
10
46.5807
20
90.6786
0
VERTEX
8
CUT
10
46.5549
20
90.6690
0
VERTEX
8
CUT
10
46.5437
20
90.6650
0
VERTEX
8
CUT
10
32.8870
20
85.7971
0
VERTEX
8
CUT
10
32.8755
20
85.7929
0
VERTEX
8
CUT
10
32.8016
20
85.7648
0
VERTEX
8
CUT
10
32.7902
20
85.7604
0
VERTEX
8
CUT
10
32.6981
20
85.7232
0
VERTEX
8
CUT
10
32.6868
20
85.7186
0
VERTEX
8
CUT
10
32.6141
20
85.6875
0
VERTEX
8
CUT
10
32.6029
20
85.6826
0
VERTEX
8
CUT
10
32.0083
20
85.4146
0
VERTEX
8
CUT
10
31.0958
20
85.0850
0
VERTEX
8
CUT
10
31.0810
20
85.0794
0
VERTEX
8
CUT
10
30.9851
20
85.0419
0
VERTEX
8
CUT
10
30.9705
20
85.0359
0
VERTEX
8
CUT
10
30.8514
20
84.9857
0
VERTEX
8
CUT
10
30.8369
20
84.9793
0
VERTEX
8
CUT
10
30.7432
20
84.9368
0
VERTEX
8
CUT
10
30.7288
20
84.9301
0
VERTEX
8
CUT
10
28.3209
20
83.7604
0
VERTEX
8
CUT
10
28.3100
20
83.7549
0
VERTEX
8
CUT
10
28.2393
20
83.7188
0
VERTEX
8
CUT
10
28.2285
20
83.7131
0
VERTEX
8
CUT
10
28.1864
20
83.6905
0
VERTEX
8
CUT
10
28.1651
20
83.6785
0
VERTEX
8
CUT
10
28.0284
20
83.5978
0
VERTEX
8
CUT
10
28.0076
20
83.5849
0
VERTEX
8
CUT
10
27.9676
20
83.5590
0
VERTEX
8
CUT
10
27.9574
20
83.5522
0
VERTEX
8
CUT
10
27.8916
20
83.5077
0
VERTEX
8
CUT
10
27.8815
20
83.5008
0
VERTEX
8
CUT
10
27.8675
20
83.4908
0
VERTEX
8
CUT
10
27.8536
20
83.4815
0
VERTEX
8
CUT
10
27.8418
20
83.4734
0
VERTEX
8
CUT
10
26.1218
20
82.2591
0
VERTEX
8
CUT
10
26.1055
20
82.2472
0
VERTEX
8
CUT
10
26.0401
20
82.1976
0
VERTEX
8
CUT
10
26.0368
20
82.1952
0
VERTEX
8
CUT
10
26.0269
20
82.1878
0
VERTEX
8
CUT
10
26.0185
20
82.1812
0
VERTEX
8
CUT
10
26.0004
20
82.1675
0
VERTEX
8
CUT
10
25.9844
20
82.1550
0
VERTEX
8
CUT
10
25.9696
20
82.1429
0
VERTEX
8
CUT
10
25.9693
20
82.1427
0
VERTEX
8
CUT
10
25.9692
20
82.1427
0
VERTEX
8
CUT
10
25.8561
20
82.0507
0
VERTEX
8
CUT
10
25.8405
20
82.0376
0
VERTEX
8
CUT
10
25.7411
20
81.9511
0
VERTEX
8
CUT
10
25.7260
20
81.9375
0
VERTEX
8
CUT
10
24.1615
20
80.4800
0
VERTEX
8
CUT
10
24.1460
20
80.4650
0
VERTEX
8
CUT
10
24.0469
20
80.3659
0
VERTEX
8
CUT
10
24.0319
20
80.3503
0
VERTEX
8
CUT
10
23.9122
20
80.2215
0
VERTEX
8
CUT
10
23.8978
20
80.2055
0
VERTEX
8
CUT
10
23.8061
20
80.0994
0
VERTEX
8
CUT
10
23.7923
20
80.0828
0
VERTEX
8
CUT
10
23.5266
20
79.7522
0
VERTEX
8
CUT
10
23.4621
20
79.6883
0
VERTEX
8
CUT
10
23.4505
20
79.6766
0
VERTEX
8
CUT
10
23.3763
20
79.5990
0
VERTEX
8
CUT
10
23.3650
20
79.5869
0
VERTEX
8
CUT
10
23.3218
20
79.5391
0
VERTEX
8
CUT
10
23.3003
20
79.5140
0
VERTEX
8
CUT
10
23.1653
20
79.3472
0
VERTEX
8
CUT
10
23.1452
20
79.3209
0
VERTEX
8
CUT
10
23.1075
20
79.2687
0
VERTEX
8
CUT
10
23.0980
20
79.2552
0
VERTEX
8
CUT
10
23.0375
20
79.1664
0
VERTEX
8
CUT
10
23.0284
20
79.1526
0
VERTEX
8
CUT
10
22.9637
20
79.0518
0
VERTEX
8
CUT
10
22.8025
20
78.8511
0
VERTEX
8
CUT
10
22.7925
20
78.8383
0
VERTEX
8
CUT
10
22.7286
20
78.7543
0
VERTEX
8
CUT
10
22.7190
20
78.7412
0
VERTEX
8
CUT
10
22.6820
20
78.6897
0
VERTEX
8
CUT
10
22.6638
20
78.6629
0
VERTEX
8
CUT
10
22.5501
20
78.4851
0
VERTEX
8
CUT
10
22.5334
20
78.4572
0
VERTEX
8
CUT
10
22.5022
20
78.4021
0
VERTEX
8
CUT
10
22.4944
20
78.3878
0
VERTEX
8
CUT
10
22.4450
20
78.2945
0
VERTEX
8
CUT
10
22.4375
20
78.2801
0
VERTEX
8
CUT
10
22.3313
20
78.0659
0
VERTEX
8
CUT
10
22.2166
20
77.8871
0
VERTEX
8
CUT
10
22.2099
20
77.8764
0
VERTEX
8
CUT
10
22.1671
20
77.8064
0
VERTEX
8
CUT
10
22.1606
20
77.7956
0
VERTEX
8
CUT
10
22.1357
20
77.7529
0
VERTEX
8
CUT
10
22.1235
20
77.7309
0
VERTEX
8
CUT
10
22.0468
20
77.5858
0
VERTEX
8
CUT
10
22.0355
20
77.5632
0
VERTEX
8
CUT
10
22.0143
20
77.5187
0
VERTEX
8
CUT
10
22.0090
20
77.5072
0
VERTEX
8
CUT
10
21.9753
20
77.4324
0
VERTEX
8
CUT
10
21.9702
20
77.4208
0
VERTEX
8
CUT
10
21.7993
20
77.0187
0
VERTEX
8
CUT
10
21.7939
20
77.0057
0
VERTEX
8
CUT
10
21.7601
20
76.9206
0
VERTEX
8
CUT
10
21.7550
20
76.9074
0
VERTEX
8
CUT
10
21.7359
20
76.8558
0
VERTEX
8
CUT
10
21.7267
20
76.8292
0
VERTEX
8
CUT
10
21.6712
20
76.6548
0
VERTEX
8
CUT
10
21.6633
20
76.6278
0
VERTEX
8
CUT
10
21.6491
20
76.5746
0
VERTEX
8
CUT
10
21.6456
20
76.5610
0
VERTEX
8
CUT
10
21.6241
20
76.4720
0
VERTEX
8
CUT
10
21.6209
20
76.4583
0
VERTEX
8
CUT
10
21.3136
20
75.0450
0
VERTEX
8
CUT
10
21.3106
20
75.0305
0
VERTEX
8
CUT
10
21.2925
20
74.9359
0
VERTEX
8
CUT
10
21.2899
20
74.9214
0
VERTEX
8
CUT
10
21.2804
20
74.8643
0
VERTEX
8
CUT
10
21.2763
20
74.8349
0
VERTEX
8
CUT
10
21.2541
20
74.6437
0
VERTEX
8
CUT
10
21.2514
20
74.6142
0
VERTEX
8
CUT
10
21.2476
20
74.5565
0
VERTEX
8
CUT
10
21.2468
20
74.5417
0
VERTEX
8
CUT
10
21.2429
20
74.4454
0
VERTEX
8
CUT
10
21.2424
20
74.4306
0
VERTEX
8
CUT
10
21.2371
20
74.1115
0
VERTEX
8
CUT
10
21.2036
20
73.9175
0
VERTEX
8
CUT
10
21.2009
20
73.9002
0
VERTEX
8
CUT
10
21.1848
20
73.7875
0
VERTEX
8
CUT
10
21.1826
20
73.7701
0
VERTEX
8
CUT
10
21.1749
20
73.7023
0
VERTEX
8
CUT
10
21.1720
20
73.6674
0
VERTEX
8
CUT
10
21.1597
20
73.4403
0
VERTEX
8
CUT
10
21.1588
20
73.4053
0
VERTEX
8
CUT
10
21.1591
20
73.3370
0
VERTEX
8
CUT
10
21.1594
20
73.3194
0
VERTEX
8
CUT
10
21.1632
20
73.2057
0
VERTEX
8
CUT
10
21.1640
20
73.1882
0
VERTEX
8
CUT
10
21.2098
20
72.4575
0
VERTEX
8
CUT
10
21.2004
20
71.8916
0
VERTEX
8
CUT
10
21.2003
20
71.8752
0
VERTEX
8
CUT
10
21.2015
20
71.7685
0
VERTEX
8
CUT
10
21.2019
20
71.7521
0
VERTEX
8
CUT
10
21.2043
20
71.6881
0
VERTEX
8
CUT
10
21.2065
20
71.6554
0
VERTEX
8
CUT
10
21.2263
20
71.4431
0
VERTEX
8
CUT
10
21.2302
20
71.4105
0
VERTEX
8
CUT
10
21.2396
20
71.3472
0
VERTEX
8
CUT
10
21.2422
20
71.3310
0
VERTEX
8
CUT
10
21.2608
20
71.2260
0
VERTEX
8
CUT
10
21.2639
20
71.2099
0
VERTEX
8
CUT
10
21.3000
20
71.0336
0
VERTEX
8
CUT
10
21.3085
20
70.9434
0
VERTEX
8
CUT
10
21.3104
20
70.9252
0
VERTEX
8
CUT
10
21.3193
20
70.8542
0
VERTEX
8
CUT
10
21.3249
20
70.8180
0
VERTEX
8
CUT
10
21.3686
20
70.5839
0
VERTEX
8
CUT
10
21.3765
20
70.5481
0
VERTEX
8
CUT
10
21.3939
20
70.4788
0
VERTEX
8
CUT
10
21.3986
20
70.4610
0
VERTEX
8
CUT
10
21.4311
20
70.3464
0
VERTEX
8
CUT
10
21.4364
20
70.3288
0
VERTEX
8
CUT
10
21.4595
20
70.2560
0
VERTEX
8
CUT
10
21.4685
20
70.2120
0
VERTEX
8
CUT
10
21.4720
20
70.1963
0
VERTEX
8
CUT
10
21.4957
20
70.0945
0
VERTEX
8
CUT
10
21.4995
20
70.0789
0
VERTEX
8
CUT
10
21.5154
20
70.0182
0
VERTEX
8
CUT
10
21.5244
20
69.9873
0
VERTEX
8
CUT
10
21.5880
20
69.7884
0
VERTEX
8
CUT
10
21.5986
20
69.7580
0
VERTEX
8
CUT
10
21.6209
20
69.6994
0
VERTEX
8
CUT
10
21.6268
20
69.6844
0
VERTEX
8
CUT
10
21.6665
20
69.5878
0
VERTEX
8
CUT
10
21.6728
20
69.5730
0
VERTEX
8
CUT
10
21.6841
20
69.5475
0
VERTEX
8
CUT
10
21.7001
20
69.4972
0
VERTEX
8
CUT
10
21.7045
20
69.4837
0
VERTEX
8
CUT
10
21.7345
20
69.3964
0
VERTEX
8
CUT
10
21.7393
20
69.3830
0
VERTEX
8
CUT
10
21.7585
20
69.3310
0
VERTEX
8
CUT
10
21.7690
20
69.3046
0
VERTEX
8
CUT
10
21.8402
20
69.1370
0
SEQEND
0
POLYLINE
8
CUT
66
1
70
1
10
0.0
20
0.0
30
0.0
0
VERTEX
8
CUT
10
60.6739
20
266.2776
0
VERTEX
8
CUT
10
60.6784
20
266.2622
0
VERTEX
8
CUT
10
60.7091
20
266.1629
0
VERTEX
8
CUT
10
60.7140
20
266.1476
0
VERTEX
8
CUT
10
60.8181
20
265.8401
0
VERTEX
8
CUT
10
60.8229
20
265.8264
0
VERTEX
8
CUT
10
60.8552
20
265.7380
0
VERTEX
8
CUT
10
60.8603
20
265.7245
0
VERTEX
8
CUT
10
60.8810
20
265.6719
0
VERTEX
8
CUT
10
60.8922
20
265.6452
0
VERTEX
8
CUT
10
60.9683
20
265.4760
0
VERTEX
8
CUT
10
60.9946
20
265.4244
0
VERTEX
8
CUT
10
61.0854
20
265.2656
0
VERTEX
8
CUT
10
61.1165
20
265.2167
0
VERTEX
8
CUT
10
61.2222
20
265.0674
0
VERTEX
8
CUT
10
61.2579
20
265.0218
0
VERTEX
8
CUT
10
61.3775
20
264.8833
0
VERTEX
8
CUT
10
61.4174
20
264.8413
0
VERTEX
8
CUT
10
61.5498
20
264.7150
0
VERTEX
8
CUT
10
61.5935
20
264.6771
0
VERTEX
8
CUT
10
61.7375
20
264.5641
0
VERTEX
8
CUT
10
61.7847
20
264.5306
0
VERTEX
8
CUT
10
61.9389
20
264.4320
0
VERTEX
8
CUT
10
61.9891
20
264.4032
0
VERTEX
8
CUT
10
62.1520
20
264.3199
0
VERTEX
8
CUT
10
62.2048
20
264.2961
0
VERTEX
8
CUT
10
62.3750
20
264.2289
0
VERTEX
8
CUT
10
62.4298
20
264.2102
0
VERTEX
8
CUT
10
62.6057
20
264.1598
0
VERTEX
8
CUT
10
62.6620
20
264.1465
0
VERTEX
8
CUT
10
62.8420
20
264.1132
0
VERTEX
8
CUT
10
62.8993
20
264.1054
0
VERTEX
8
CUT
10
63.0816
20
264.0896
0
VERTEX
8
CUT
10
63.1395
20
264.0874
0
VERTEX
8
CUT
10
63.3225
20
264.0892
0
VERTEX
8
CUT
10
63.3803
20
264.0926
0
VERTEX
8
CUT
10
63.5647
20
264.1123
0
VERTEX
8
CUT
10
63.5934
20
264.1161
0
VERTEX
8
CUT
10
63.6493
20
264.1248
0
VERTEX
8
CUT
10
63.6636
20
264.1272
0
VERTEX
8
CUT
10
63.7561
20
264.1440
0
VERTEX
8
CUT
10
63.7704
20
264.1467
0
VERTEX
8
CUT
10
64.2517
20
264.2458
0
VERTEX
8
CUT
10
64.2643
20
264.2486
0
VERTEX
8
CUT
10
64.3458
20
264.2672
0
VERTEX
8
CUT
10
64.3583
20
264.2702
0
VERTEX
8
CUT
10
64.4070
20
264.2824
0
VERTEX
8
CUT
10
64.4318
20
264.2892
0
VERTEX
8
CUT
10
64.5899
20
264.3362
0
VERTEX
8
CUT
10
64.6386
20
264.3529
0
VERTEX
8
CUT
10
64.7920
20
264.4133
0
VERTEX
8
CUT
10
64.8158
20
264.4232
0
VERTEX
8
CUT
10
64.8617
20
264.4436
0
VERTEX
8
CUT
10
64.8734
20
264.4489
0
VERTEX
8
CUT
10
64.9491
20
264.4844
0
VERTEX
8
CUT
10
64.9607
20
264.4900
0
VERTEX
8
CUT
10
65.6574
20
264.8355
0
VERTEX
8
CUT
10
65.6703
20
264.8421
0
VERTEX
8
CUT
10
65.7533
20
264.8858
0
VERTEX
8
CUT
10
65.7660
20
264.8926
0
VERTEX
8
CUT
10
65.8152
20
264.9201
0
VERTEX
8
CUT
10
65.8401
20
264.9347
0
VERTEX
8
CUT
10
65.9971
20
265.0324
0
VERTEX
8
CUT
10
66.0445
20
265.0652
0
VERTEX
8
CUT
10
66.1894
20
265.1760
0
VERTEX
8
CUT
10
66.2335
20
265.2132
0
VERTEX
8
CUT
10
66.3690
20
265.3391
0
VERTEX
8
CUT
10
66.3896
20
265.3592
0
VERTEX
8
CUT
10
66.4290
20
265.3995
0
VERTEX
8
CUT
10
66.4390
20
265.4100
0
VERTEX
8
CUT
10
66.5029
20
265.4786
0
VERTEX
8
CUT
10
66.5126
20
265.4893
0
VERTEX
8
CUT
10
66.6347
20
265.6269
0
VERTEX
8
CUT
10
66.6441
20
265.6378
0
VERTEX
8
CUT
10
66.7047
20
265.7095
0
VERTEX
8
CUT
10
66.7139
20
265.7207
0
VERTEX
8
CUT
10
66.7493
20
265.7646
0
VERTEX
8
CUT
10
66.7668
20
265.7875
0
VERTEX
8
CUT
10
66.8758
20
265.9371
0
VERTEX
8
CUT
10
66.9075
20
265.9854
0
VERTEX
8
CUT
10
67.0015
20
266.1448
0
VERTEX
8
CUT
10
67.0156
20
266.1700
0
VERTEX
8
CUT
10
67.0419
20
266.2199
0
VERTEX
8
CUT
10
67.0485
20
266.2328
0
VERTEX
8
CUT
10
67.0902
20
266.3168
0
VERTEX
8
CUT
10
67.0965
20
266.3298
0
VERTEX
8
CUT
10
67.3626
20
266.8997
0
VERTEX
8
CUT
10
67.3687
20
266.9131
0
VERTEX
8
CUT
10
67.4070
20
267.0007
0
VERTEX
8
CUT
10
67.4127
20
267.0143
0
VERTEX
8
CUT
10
67.4345
20
267.0675
0
VERTEX
8
CUT
10
67.4449
20
267.0950
0
VERTEX
8
CUT
10
67.5084
20
267.2752
0
VERTEX
8
CUT
10
67.5175
20
267.3032
0
VERTEX
8
CUT
10
67.5339
20
267.3583
0
VERTEX
8
CUT
10
67.5380
20
267.3724
0
VERTEX
8
CUT
10
67.5630
20
267.4647
0
VERTEX
8
CUT
10
67.5667
20
267.4789
0
VERTEX
8
CUT
10
67.7805
20
268.3498
0
VERTEX
8
CUT
10
67.7837
20
268.3639
0
VERTEX
8
CUT
10
67.8039
20
268.4554
0
VERTEX
8
CUT
10
67.8068
20
268.4696
0
VERTEX
8
CUT
10
67.8176
20
268.5249
0
VERTEX
8
CUT
10
67.8225
20
268.5533
0
VERTEX
8
CUT
10
67.8491
20
268.7363
0
VERTEX
8
CUT
10
67.8546
20
268.7937
0
VERTEX
8
CUT
10
67.8635
20
268.9759
0
VERTEX
8
CUT
10
67.8635
20
269.0336
0
VERTEX
8
CUT
10
67.8547
20
269.2158
0
VERTEX
8
CUT
10
67.8492
20
269.2733
0
VERTEX
8
CUT
10
67.8230
20
269.4538
0
VERTEX
8
CUT
10
67.8120
20
269.5104
0
VERTEX
8
CUT
10
67.7686
20
269.6876
0
VERTEX
8
CUT
10
67.7522
20
269.7429
0
VERTEX
8
CUT
10
67.6920
20
269.9151
0
VERTEX
8
CUT
10
67.6703
20
269.9686
0
VERTEX
8
CUT
10
67.5938
20
270.1342
0
VERTEX
8
CUT
10
67.5671
20
270.1853
0
VERTEX
8
CUT
10
67.4751
20
270.3428
0
VERTEX
8
CUT
10
67.4436
20
270.3912
0
VERTEX
8
CUT
10
67.3369
20
270.5391
0
VERTEX
8
CUT
10
67.3009
20
270.5842
0
VERTEX
8
CUT
10
67.1805
20
270.7212
0
VERTEX
8
CUT
10
67.1403
20
270.7626
0
VERTEX
8
CUT
10
67.0073
20
270.8874
0
VERTEX
8
CUT
10
66.9634
20
270.9248
0
VERTEX
8
CUT
10
66.8189
20
271.0363
0
VERTEX
8
CUT
10
66.7716
20
271.0693
0
VERTEX
8
CUT
10
66.6172
20
271.1663
0
VERTEX
8
CUT
10
66.5669
20
271.1946
0
VERTEX
8
CUT
10
66.4038
20
271.2764
0
VERTEX
8
CUT
10
66.3511
20
271.2997
0
VERTEX
8
CUT
10
66.1809
20
271.3654
0
VERTEX
8
CUT
10
66.1261
20
271.3836
0
VERTEX
8
CUT
10
65.9504
20
271.4327
0
VERTEX
8
CUT
10
65.8942
20
271.4455
0
VERTEX
8
CUT
10
65.7146
20
271.4775
0
VERTEX
8
CUT
10
65.6574
20
271.4849
0
VERTEX
8
CUT
10
65.4756
20
271.4994
0
VERTEX
8
CUT
10
65.4179
20
271.5013
0
VERTEX
8
CUT
10
65.2355
20
271.4983
0
VERTEX
8
CUT
10
65.1779
20
271.4946
0
VERTEX
8
CUT
10
64.9967
20
271.4741
0
VERTEX
8
CUT
10
64.9397
20
271.4649
0
VERTEX
8
CUT
10
64.7588
20
271.4266
0
VERTEX
8
CUT
10
64.7307
20
271.4200
0
VERTEX
8
CUT
10
64.6762
20
271.4057
0
VERTEX
8
CUT
10
64.6623
20
271.4018
0
VERTEX
8
CUT
10
64.5722
20
271.3758
0
VERTEX
8
CUT
10
64.5584
20
271.3717
0
VERTEX
8
CUT
10
62.5163
20
270.7292
0
VERTEX
8
CUT
10
62.5027
20
270.7247
0
VERTEX
8
CUT
10
62.4146
20
270.6947
0
VERTEX
8
CUT
10
62.4011
20
270.6899
0
VERTEX
8
CUT
10
62.3487
20
270.6706
0
VERTEX
8
CUT
10
62.3221
20
270.6601
0
VERTEX
8
CUT
10
62.1531
20
270.5886
0
VERTEX
8
CUT
10
62.1016
20
270.5639
0
VERTEX
8
CUT
10
61.9424
20
270.4778
0
VERTEX
8
CUT
10
61.8934
20
270.4482
0
VERTEX
8
CUT
10
61.7432
20
270.3474
0
VERTEX
8
CUT
10
61.6972
20
270.3133
0
VERTEX
8
CUT
10
61.5573
20
270.1986
0
VERTEX
8
CUT
10
61.5148
20
270.1603
0
VERTEX
8
CUT
10
61.3864
20
270.0328
0
VERTEX
8
CUT
10
61.3478
20
269.9906
0
VERTEX
8
CUT
10
61.2305
20
269.8495
0
VERTEX
8
CUT
10
61.2128
20
269.8271
0
VERTEX
8
CUT
10
61.1791
20
269.7825
0
VERTEX
8
CUT
10
61.1707
20
269.7709
0
VERTEX
8
CUT
10
61.1165
20
269.6953
0
VERTEX
8
CUT
10
61.1083
20
269.6836
0
VERTEX
8
CUT
10
61.0497
20
269.5977
0
VERTEX
8
CUT
10
61.0424
20
269.5867
0
VERTEX
8
CUT
10
60.9956
20
269.5146
0
VERTEX
8
CUT
10
60.9885
20
269.5034
0
VERTEX
8
CUT
10
60.9613
20
269.4594
0
VERTEX
8
CUT
10
60.9479
20
269.4366
0
VERTEX
8
CUT
10
60.8651
20
269.2886
0
VERTEX
8
CUT
10
60.8413
20
269.2413
0
VERTEX
8
CUT
10
60.7728
20
269.0886
0
VERTEX
8
CUT
10
60.7533
20
269.0394
0
VERTEX
8
CUT
10
60.6978
20
268.8791
0
VERTEX
8
CUT
10
60.6897
20
268.8539
0
VERTEX
8
CUT
10
60.6749
20
268.8044
0
VERTEX
8
CUT
10
60.6713
20
268.7916
0
VERTEX
8
CUT
10
60.6486
20
268.7087
0
VERTEX
8
CUT
10
60.6452
20
268.6959
0
VERTEX
8
CUT
10
60.6420
20
268.6829
0
VERTEX
8
CUT
10
60.6390
20
268.6707
0
VERTEX
8
CUT
10
60.6209
20
268.5911
0
VERTEX
8
CUT
10
60.6182
20
268.5788
0
VERTEX
8
CUT
10
60.6083
20
268.5307
0
VERTEX
8
CUT
10
60.6037
20
268.5060
0
VERTEX
8
CUT
10
60.5778
20
268.3470
0
VERTEX
8
CUT
10
60.5719
20
268.2971
0
VERTEX
8
CUT
10
60.5594
20
268.1365
0
VERTEX
8
CUT
10
60.5579
20
268.1114
0
VERTEX
8
CUT
10
60.5562
20
268.0624
0
VERTEX
8
CUT
10
60.5559
20
268.0498
0
VERTEX
8
CUT
10
60.5546
20
267.9682
0
VERTEX
8
CUT
10
60.5546
20
267.9556
0
VERTEX
8
CUT
10
60.5600
20
267.0661
0
VERTEX
8
CUT
10
60.5603
20
267.0501
0
VERTEX
8
CUT
10
60.5637
20
266.9461
0
VERTEX
8
CUT
10
60.5644
20
266.9301
0
VERTEX
8
CUT
10
60.5682
20
266.8678
0
VERTEX
8
CUT
10
60.5709
20
266.8359
0
VERTEX
8
CUT
10
60.5940
20
266.6321
0
VERTEX
8
CUT
10
60.6046
20
266.5690
0
VERTEX
8
CUT
10
60.6492
20
266.3688
0
VERTEX
8
CUT
10
60.6570
20
266.3378
0
SEQEND
0
POLYLINE
8
CUT
66
1
70
1
10
0.0
20
0.0
30
0.0
0
VERTEX
8
CUT
10
42.2919
20
195.4290
0
VERTEX
8
CUT
10
42.3054
20
195.4074
0
VERTEX
8
CUT
10
42.3325
20
195.3659
0
VERTEX
8
CUT
10
42.3396
20
195.3553
0
VERTEX
8
CUT
10
42.3862
20
195.2872
0
VERTEX
8
CUT
10
42.3935
20
195.2768
0
VERTEX
8
CUT
10
42.5214
20
195.0981
0
VERTEX
8
CUT
10
42.5291
20
195.0876
0
VERTEX
8
CUT
10
42.5800
20
195.0197
0
VERTEX
8
CUT
10
42.5879
20
195.0094
0
VERTEX
8
CUT
10
42.6194
20
194.9692
0
VERTEX
8
CUT
10
42.6359
20
194.9490
0
VERTEX
8
CUT
10
42.7448
20
194.8219
0
VERTEX
8
CUT
10
42.7804
20
194.7838
0
VERTEX
8
CUT
10
42.8999
20
194.6666
0
VERTEX
8
CUT
10
42.9190
20
194.6488
0
VERTEX
8
CUT
10
42.9569
20
194.6147
0
VERTEX
8
CUT
10
42.9667
20
194.6061
0
VERTEX
8
CUT
10
43.0310
20
194.5508
0
VERTEX
8
CUT
10
43.0410
20
194.5423
0
VERTEX
8
CUT
10
43.1900
20
194.4198
0
VERTEX
8
CUT
10
43.2017
20
194.4104
0
VERTEX
8
CUT
10
43.2780
20
194.3507
0
VERTEX
8
CUT
10
43.2899
20
194.3417
0
VERTEX
8
CUT
10
43.3367
20
194.3069
0
VERTEX
8
CUT
10
43.3611
20
194.2898
0
VERTEX
8
CUT
10
43.5200
20
194.1836
0
VERTEX
8
CUT
10
43.5712
20
194.1529
0
VERTEX
8
CUT
10
43.7399
20
194.0630
0
VERTEX
8
CUT
10
43.7666
20
194.0497
0
VERTEX
8
CUT
10
43.8193
20
194.0249
0
VERTEX
8
CUT
10
43.8329
20
194.0187
0
VERTEX
8
CUT
10
43.9216
20
193.9796
0
VERTEX
8
CUT
10
43.9353
20
193.9737
0
VERTEX
8
CUT
10
44.1038
20
193.9045
0
VERTEX
8
CUT
10
44.1158
20
193.8997
0
VERTEX
8
CUT
10
44.1944
20
193.8694
0
VERTEX
8
CUT
10
44.2065
20
193.8648
0
VERTEX
8
CUT
10
44.2542
20
193.8476
0
VERTEX
8
CUT
10
44.2787
20
193.8393
0
VERTEX
8
CUT
10
44.4373
20
193.7896
0
VERTEX
8
CUT
10
44.4874
20
193.7763
0
VERTEX
8
CUT
10
44.6475
20
193.7409
0
VERTEX
8
CUT
10
44.6985
20
193.7320
0
VERTEX
8
CUT
10
44.8633
20
193.7103
0
VERTEX
8
CUT
10
44.8890
20
193.7075
0
VERTEX
8
CUT
10
44.9395
20
193.7030
0
VERTEX
8
CUT
10
44.9524
20
193.7020
0
VERTEX
8
CUT
10
45.0365
20
193.6965
0
VERTEX
8
CUT
10
45.0494
20
193.6958
0
VERTEX
8
CUT
10
45.7563
20
193.6643
0
VERTEX
8
CUT
10
45.7704
20
193.6639
0
VERTEX
8
CUT
10
45.8624
20
193.6620
0
VERTEX
8
CUT
10
45.8766
20
193.6618
0
VERTEX
8
CUT
10
45.9319
20
193.6620
0
VERTEX
8
CUT
10
45.9602
20
193.6627
0
VERTEX
8
CUT
10
46.1414
20
193.6718
0
VERTEX
8
CUT
10
46.1977
20
193.6773
0
VERTEX
8
CUT
10
46.3748
20
193.7030
0
VERTEX
8
CUT
10
46.4304
20
193.7138
0
VERTEX
8
CUT
10
46.6066
20
193.7567
0
VERTEX
8
CUT
10
46.6340
20
193.7640
0
VERTEX
8
CUT
10
46.6870
20
193.7796
0
VERTEX
8
CUT
10
46.7006
20
193.7838
0
VERTEX
8
CUT
10
46.7882
20
193.8118
0
VERTEX
8
CUT
10
46.8016
20
193.8163
0
VERTEX
8
CUT
10
47.2484
20
193.9708
0
VERTEX
8
CUT
10
47.2623
20
193.9758
0
VERTEX
8
CUT
10
47.3524
20
194.0095
0
VERTEX
8
CUT
10
47.3662
20
194.0149
0
VERTEX
8
CUT
10
47.4198
20
194.0364
0
VERTEX
8
CUT
10
47.4470
20
194.0481
0
VERTEX
8
CUT
10
47.6192
20
194.1275
0
VERTEX
8
CUT
10
47.6717
20
194.1549
0
VERTEX
8
CUT
10
47.8331
20
194.2495
0
VERTEX
8
CUT
10
47.8826
20
194.2819
0
VERTEX
8
CUT
10
48.0359
20
194.3935
0
VERTEX
8
CUT
10
48.0594
20
194.4115
0
VERTEX
8
CUT
10
48.1044
20
194.4478
0
VERTEX
8
CUT
10
48.1158
20
194.4572
0
VERTEX
8
CUT
10
48.1892
20
194.5194
0
VERTEX
8
CUT
10
48.2004
20
194.5291
0
VERTEX
8
CUT
10
48.6036
20
194.8884
0
VERTEX
8
CUT
10
48.6144
20
194.8982
0
VERTEX
8
CUT
10
48.6835
20
194.9628
0
VERTEX
8
CUT
10
48.6940
20
194.9728
0
VERTEX
8
CUT
10
48.7345
20
195.0127
0
VERTEX
8
CUT
10
48.7548
20
195.0335
0
VERTEX
8
CUT
10
48.8813
20
195.1705
0
VERTEX
8
CUT
10
48.9187
20
195.2151
0
VERTEX
8
CUT
10
49.0299
20
195.3616
0
VERTEX
8
CUT
10
49.0628
20
195.4096
0
VERTEX
8
CUT
10
49.1606
20
195.5684
0
VERTEX
8
CUT
10
49.1752
20
195.5935
0
VERTEX
8
CUT
10
49.2026
20
195.6433
0
VERTEX
8
CUT
10
49.2095
20
195.6561
0
VERTEX
8
CUT
10
49.2531
20
195.7400
0
VERTEX
8
CUT
10
49.2597
20
195.7530
0
VERTEX
8
CUT
10
49.3508
20
195.9393
0
VERTEX
8
CUT
10
49.3564
20
195.9510
0
VERTEX
8
CUT
10
49.3916
20
196.0270
0
VERTEX
8
CUT
10
49.3969
20
196.0388
0
VERTEX
8
CUT
10
49.4170
20
196.0849
0
VERTEX
8
CUT
10
49.4269
20
196.1088
0
VERTEX
8
CUT
10
49.4865
20
196.2630
0
VERTEX
8
CUT
10
49.5030
20
196.3118
0
VERTEX
8
CUT
10
49.5486
20
196.4684
0
VERTEX
8
CUT
10
49.5608
20
196.5185
0
VERTEX
8
CUT
10
49.5932
20
196.6807
0
VERTEX
8
CUT
10
49.5977
20
196.7061
0
VERTEX
8
CUT
10
49.6055
20
196.7558
0
VERTEX
8
CUT
10
49.6073
20
196.7686
0
VERTEX
8
CUT
10
49.6184
20
196.8517
0
VERTEX
8
CUT
10
49.6200
20
196.8645
0
VERTEX
8
CUT
10
49.6285
20
196.9414
0
VERTEX
8
CUT
10
49.6303
20
196.9597
0
VERTEX
8
CUT
10
49.6399
20
197.0788
0
VERTEX
8
CUT
10
49.6411
20
197.0972
0
VERTEX
8
CUT
10
49.6447
20
197.1688
0
VERTEX
8
CUT
10
49.6454
20
197.2055
0
VERTEX
8
CUT
10
49.6426
20
197.4444
0
VERTEX
8
CUT
10
49.6411
20
197.4811
0
VERTEX
8
CUT
10
49.6359
20
197.5526
0
VERTEX
8
CUT
10
49.6343
20
197.5709
0
VERTEX
8
CUT
10
49.6219
20
197.6898
0
VERTEX
8
CUT
10
49.6197
20
197.7081
0
VERTEX
8
CUT
10
49.5791
20
198.0092
0
VERTEX
8
CUT
10
49.5772
20
198.0223
0
VERTEX
8
CUT
10
49.5638
20
198.1076
0
VERTEX
8
CUT
10
49.5616
20
198.1207
0
VERTEX
8
CUT
10
49.5523
20
198.1717
0
VERTEX
8
CUT
10
49.5471
20
198.1978
0
VERTEX
8
CUT
10
49.5095
20
198.3638
0
VERTEX
8
CUT
10
49.4955
20
198.4150
0
VERTEX
8
CUT
10
49.4434
20
198.5771
0
VERTEX
8
CUT
10
49.4347
20
198.6022
0
VERTEX
8
CUT
10
49.4166
20
198.6508
0
VERTEX
8
CUT
10
49.4119
20
198.6632
0
VERTEX
8
CUT
10
49.3800
20
198.7434
0
VERTEX
8
CUT
10
49.3750
20
198.7557
0
VERTEX
8
CUT
10
49.2564
20
199.0366
0
VERTEX
8
CUT
10
49.2508
20
199.0494
0
VERTEX
8
CUT
10
49.2135
20
199.1322
0
VERTEX
8
CUT
10
49.2076
20
199.1448
0
VERTEX
8
CUT
10
49.1841
20
199.1940
0
VERTEX
8
CUT
10
49.1715
20
199.2190
0
VERTEX
8
CUT
10
49.0868
20
199.3767
0
VERTEX
8
CUT
10
49.0581
20
199.4246
0
VERTEX
8
CUT
10
48.9591
20
199.5737
0
VERTEX
8
CUT
10
48.9431
20
199.5966
0
VERTEX
8
CUT
10
48.9109
20
199.6406
0
VERTEX
8
CUT
10
48.9025
20
199.6518
0
VERTEX
8
CUT
10
48.8472
20
199.7237
0
VERTEX
8
CUT
10
48.8385
20
199.7347
0
VERTEX
8
CUT
10
48.6549
20
199.9622
0
VERTEX
8
CUT
10
48.6441
20
199.9753
0
VERTEX
8
CUT
10
48.5724
20
200.0591
0
VERTEX
8
CUT
10
48.5612
20
200.0719
0
VERTEX
8
CUT
10
48.5167
20
200.1210
0
VERTEX
8
CUT
10
48.4933
20
200.1455
0
VERTEX
8
CUT
10
48.3363
20
200.3003
0
VERTEX
8
CUT
10
48.3115
20
200.3235
0
VERTEX
8
CUT
10
48.2618
20
200.3672
0
VERTEX
8
CUT
10
48.2489
20
200.3783
0
VERTEX
8
CUT
10
48.1641
20
200.4488
0
VERTEX
8
CUT
10
48.1509
20
200.4595
0
VERTEX
8
CUT
10
47.9492
20
200.6178
0
VERTEX
8
CUT
10
47.9393
20
200.6254
0
VERTEX
8
CUT
10
47.8741
20
200.6744
0
VERTEX
8
CUT
10
47.8640
20
200.6818
0
VERTEX
8
CUT
10
47.8242
20
200.7104
0
VERTEX
8
CUT
10
47.8036
20
200.7247
0
VERTEX
8
CUT
10
47.6692
20
200.8130
0
VERTEX
8
CUT
10
47.6262
20
200.8388
0
VERTEX
8
CUT
10
47.4849
20
200.9157
0
VERTEX
8
CUT
10
47.4626
20
200.9272
0
VERTEX
8
CUT
10
47.4186
20
200.9488
0
VERTEX
8
CUT
10
47.4073
20
200.9542
0
VERTEX
8
CUT
10
47.3334
20
200.9886
0
VERTEX
8
CUT
10
47.3220
20
200.9938
0
VERTEX
8
CUT
10
47.0261
20
201.1240
0
VERTEX
8
CUT
10
47.0141
20
201.1291
0
VERTEX
8
CUT
10
46.9356
20
201.1616
0
VERTEX
8
CUT
10
46.9235
20
201.1665
0
VERTEX
8
CUT
10
46.8759
20
201.1850
0
VERTEX
8
CUT
10
46.8513
20
201.1940
0
VERTEX
8
CUT
10
46.6927
20
201.2479
0
VERTEX
8
CUT
10
46.6425
20
201.2625
0
VERTEX
8
CUT
10
46.4798
20
201.3024
0
VERTEX
8
CUT
10
46.4543
20
201.3080
0
VERTEX
8
CUT
10
46.4042
20
201.3180
0
VERTEX
8
CUT
10
46.3913
20
201.3204
0
VERTEX
8
CUT
10
46.3077
20
201.3352
0
VERTEX
8
CUT
10
46.2948
20
201.3374
0
VERTEX
8
CUT
10
46.1194
20
201.3644
0
VERTEX
8
CUT
10
46.1060
20
201.3664
0
VERTEX
8
CUT
10
46.0189
20
201.3778
0
VERTEX
8
CUT
10
46.0055
20
201.3794
0
VERTEX
8
CUT
10
45.9529
20
201.3851
0
VERTEX
8
CUT
10
45.9260
20
201.3874
0
VERTEX
8
CUT
10
45.7529
20
201.3983
0
VERTEX
8
CUT
10
45.6989
20
201.3993
0
VERTEX
8
CUT
10
45.5256
20
201.3946
0
VERTEX
8
CUT
10
45.4985
20
201.3933
0
VERTEX
8
CUT
10
45.4458
20
201.3894
0
VERTEX
8
CUT
10
45.4324
20
201.3883
0
VERTEX
8
CUT
10
45.3449
20
201.3800
0
VERTEX
8
CUT
10
45.3314
20
201.3786
0
VERTEX
8
CUT
10
45.2184
20
201.3653
0
VERTEX
8
CUT
10
45.2031
20
201.3632
0
VERTEX
8
CUT
10
45.1033
20
201.3489
0
VERTEX
8
CUT
10
45.0880
20
201.3464
0
VERTEX
8
CUT
10
45.0283
20
201.3363
0
VERTEX
8
CUT
10
44.9979
20
201.3303
0
VERTEX
8
CUT
10
44.8040
20
201.2868
0
VERTEX
8
CUT
10
44.7443
20
201.2701
0
VERTEX
8
CUT
10
44.5559
20
201.2068
0
VERTEX
8
CUT
10
44.5268
20
201.1962
0
VERTEX
8
CUT
10
44.4705
20
201.1739
0
VERTEX
8
CUT
10
44.4561
20
201.1681
0
VERTEX
8
CUT
10
44.3634
20
201.1287
0
VERTEX
8
CUT
10
44.3492
20
201.1224
0
VERTEX
8
CUT
10
44.1473
20
201.0305
0
VERTEX
8
CUT
10
44.1346
20
201.0245
0
VERTEX
8
CUT
10
44.0520
20
200.9845
0
VERTEX
8
CUT
10
44.0394
20
200.9782
0
VERTEX
8
CUT
10
43.9903
20
200.9530
0
VERTEX
8
CUT
10
43.9655
20
200.9395
0
VERTEX
8
CUT
10
43.8086
20
200.8493
0
VERTEX
8
CUT
10
43.7611
20
200.8189
0
VERTEX
8
CUT
10
43.6134
20
200.7144
0
VERTEX
8
CUT
10
43.5907
20
200.6976
0
VERTEX
8
CUT
10
43.5472
20
200.6637
0
VERTEX
8
CUT
10
43.5362
20
200.6549
0
VERTEX
8
CUT
10
43.4652
20
200.5967
0
VERTEX
8
CUT
10
43.4544
20
200.5876
0
VERTEX
8
CUT
10
43.1450
20
200.3218
0
VERTEX
8
CUT
10
43.1319
20
200.3101
0
VERTEX
8
CUT
10
43.0474
20
200.2332
0
VERTEX
8
CUT
10
43.0346
20
200.2212
0
VERTEX
8
CUT
10
42.9854
20
200.1736
0
VERTEX
8
CUT
10
42.9608
20
200.1484
0
VERTEX
8
CUT
10
42.8063
20
199.9804
0
VERTEX
8
CUT
10
42.7832
20
199.9539
0
VERTEX
8
CUT
10
42.7399
20
199.9008
0
VERTEX
8
CUT
10
42.7290
20
199.8871
0
VERTEX
8
CUT
10
42.6593
20
199.7966
0
VERTEX
8
CUT
10
42.6488
20
199.7825
0
VERTEX
8
CUT
10
42.4826
20
199.5529
0
VERTEX
8
CUT
10
42.4732
20
199.5395
0
VERTEX
8
CUT
10
42.4133
20
199.4518
0
VERTEX
8
CUT
10
42.4042
20
199.4382
0
VERTEX
8
CUT
10
42.3697
20
199.3846
0
VERTEX
8
CUT
10
42.3528
20
199.3567
0
VERTEX
8
CUT
10
42.2477
20
199.1723
0
VERTEX
8
CUT
10
42.2323
20
199.1435
0
VERTEX
8
CUT
10
42.2039
20
199.0864
0
VERTEX
8
CUT
10
42.1968
20
199.0717
0
VERTEX
8
CUT
10
42.1519
20
198.9755
0
VERTEX
8
CUT
10
42.1452
20
198.9606
0
VERTEX
8
CUT
10
42.0964
20
198.8479
0
VERTEX
8
CUT
10
42.0910
20
198.8350
0
VERTEX
8
CUT
10
42.0567
20
198.7504
0
VERTEX
8
CUT
10
42.0515
20
198.7373
0
VERTEX
8
CUT
10
42.0321
20
198.6859
0
VERTEX
8
CUT
10
42.0228
20
198.6594
0
VERTEX
8
CUT
10
41.9670
20
198.4882
0
VERTEX
8
CUT
10
41.9521
20
198.4340
0
VERTEX
8
CUT
10
41.9130
20
198.2607
0
VERTEX
8
CUT
10
41.9033
20
198.2053
0
VERTEX
8
CUT
10
41.8803
20
198.0267
0
VERTEX
8
CUT
10
41.8774
20
197.9987
0
VERTEX
8
CUT
10
41.8730
20
197.9440
0
VERTEX
8
CUT
10
41.8720
20
197.9300
0
VERTEX
8
CUT
10
41.8668
20
197.8388
0
VERTEX
8
CUT
10
41.8661
20
197.8248
0
VERTEX
8
CUT
10
41.8406
20
197.0755
0
VERTEX
8
CUT
10
41.8403
20
197.0604
0
VERTEX
8
CUT
10
41.8394
20
196.9626
0
VERTEX
8
CUT
10
41.8394
20
196.9476
0
VERTEX
8
CUT
10
41.8404
20
196.8888
0
VERTEX
8
CUT
10
41.8416
20
196.8587
0
VERTEX
8
CUT
10
41.8544
20
196.6663
0
VERTEX
8
CUT
10
41.8614
20
196.6065
0
VERTEX
8
CUT
10
41.8930
20
196.4189
0
VERTEX
8
CUT
10
41.9059
20
196.3601
0
VERTEX
8
CUT
10
41.9568
20
196.1740
0
VERTEX
8
CUT
10
41.9655
20
196.1452
0
VERTEX
8
CUT
10
41.9838
20
196.0894
0
VERTEX
8
CUT
10
41.9887
20
196.0751
0
VERTEX
8
CUT
10
42.0215
20
195.9830
0
VERTEX
8
CUT
10
42.0267
20
195.9688
0
VERTEX
8
CUT
10
42.0423
20
195.9284
0
VERTEX
8
CUT
10
42.0470
20
195.9166
0
VERTEX
8
CUT
10
42.0783
20
195.8402
0
VERTEX
8
CUT
10
42.0832
20
195.8285
0
VERTEX
8
CUT
10
42.1030
20
195.7830
0
VERTEX
8
CUT
10
42.1136
20
195.7599
0
VERTEX
8
CUT
10
42.1846
20
195.6135
0
VERTEX
8
CUT
10
42.2087
20
195.5688
0
SEQEND
0
POLYLINE
8
CUT
66
1
70
1
10
0.0
20
0.0
30
0.0
0
VERTEX
8
CUT
10
39.8124
20
25.8775
0
VERTEX
8
CUT
10
39.8408
20
25.8280
0
VERTEX
8
CUT
10
39.9378
20
25.6761
0
VERTEX
8
CUT
10
39.9707
20
25.6296
0
VERTEX
8
CUT
10
40.0832
20
25.4857
0
VERTEX
8
CUT
10
40.1013
20
25.4636
0
VERTEX
8
CUT
10
40.1376
20
25.4214
0
VERTEX
8
CUT
10
40.1471
20
25.4107
0
VERTEX
8
CUT
10
40.2092
20
25.3420
0
VERTEX
8
CUT
10
40.2188
20
25.3315
0
VERTEX
8
CUT
10
40.3649
20
25.1774
0
VERTEX
8
CUT
10
40.3750
20
25.1670
0
VERTEX
8
CUT
10
40.4415
20
25.1001
0
VERTEX
8
CUT
10
40.4519
20
25.0899
0
VERTEX
8
CUT
10
40.4928
20
25.0507
0
VERTEX
8
CUT
10
40.5143
20
25.0311
0
VERTEX
8
CUT
10
40.6547
20
24.9090
0
VERTEX
8
CUT
10
40.7003
20
24.8731
0
VERTEX
8
CUT
10
40.8499
20
24.7666
0
VERTEX
8
CUT
10
40.8988
20
24.7353
0
VERTEX
8
CUT
10
41.0579
20
24.6437
0
VERTEX
8
CUT
10
41.1095
20
24.6173
0
VERTEX
8
CUT
10
41.2791
20
24.5405
0
VERTEX
8
CUT
10
41.3058
20
24.5292
0
VERTEX
8
CUT
10
41.3585
20
24.5083
0
VERTEX
8
CUT
10
41.3721
20
24.5031
0
VERTEX
8
CUT
10
41.4607
20
24.4705
0
VERTEX
8
CUT
10
41.4744
20
24.4657
0
VERTEX
8
CUT
10
41.9264
20
24.3117
0
VERTEX
8
CUT
10
41.9420
20
24.3066
0
VERTEX
8
CUT
10
42.0436
20
24.2751
0
VERTEX
8
CUT
10
42.0593
20
24.2704
0
VERTEX
8
CUT
10
42.1208
20
24.2532
0
VERTEX
8
CUT
10
42.1525
20
24.2452
0
VERTEX
8
CUT
10
42.3572
20
24.1996
0
VERTEX
8
CUT
10
42.4218
20
24.1888
0
VERTEX
8
CUT
10
42.6302
20
24.1658
0
VERTEX
8
CUT
10
42.6628
20
24.1631
0
VERTEX
8
CUT
10
42.7266
20
24.1595
0
VERTEX
8
CUT
10
42.7430
20
24.1589
0
VERTEX
8
CUT
10
42.8493
20
24.1559
0
VERTEX
8
CUT
10
42.8657
20
24.1556
0
VERTEX
8
CUT
10
43.2272
20
24.1553
0
VERTEX
8
CUT
10
43.2412
20
24.1554
0
VERTEX
8
CUT
10
43.3326
20
24.1575
0
VERTEX
8
CUT
10
43.3466
20
24.1580
0
VERTEX
8
CUT
10
43.4014
20
24.1605
0
VERTEX
8
CUT
10
43.4295
20
24.1624
0
VERTEX
8
CUT
10
43.6088
20
24.1791
0
VERTEX
8
CUT
10
43.6645
20
24.1869
0
VERTEX
8
CUT
10
43.8391
20
24.2199
0
VERTEX
8
CUT
10
43.8938
20
24.2328
0
VERTEX
8
CUT
10
44.0645
20
24.2820
0
VERTEX
8
CUT
10
44.1177
20
24.3000
0
VERTEX
8
CUT
10
44.2832
20
24.3649
0
VERTEX
8
CUT
10
44.3345
20
24.3879
0
VERTEX
8
CUT
10
44.4931
20
24.4679
0
VERTEX
8
CUT
10
44.5420
20
24.4956
0
VERTEX
8
CUT
10
44.6924
20
24.5901
0
VERTEX
8
CUT
10
44.7386
20
24.6222
0
VERTEX
8
CUT
10
44.8814
20
24.7320
0
VERTEX
8
CUT
10
44.9033
20
24.7496
0
VERTEX
8
CUT
10
44.9452
20
24.7850
0
VERTEX
8
CUT
10
44.9558
20
24.7942
0
VERTEX
8
CUT
10
45.0242
20
24.8548
0
VERTEX
8
CUT
10
45.0346
20
24.8642
0
VERTEX
8
CUT
10
45.4264
20
25.2282
0
VERTEX
8
CUT
10
45.4397
20
25.2409
0
VERTEX
8
CUT
10
45.5247
20
25.3249
0
VERTEX
8
CUT
10
45.5375
20
25.3380
0
VERTEX
8
CUT
10
45.5870
20
25.3899
0
VERTEX
8
CUT
10
45.6115
20
25.4173
0
VERTEX
8
CUT
10
45.7652
20
25.5999
0
VERTEX
8
CUT
10
45.7880
20
25.6287
0
VERTEX
8
CUT
10
45.8307
20
25.6863
0
VERTEX
8
CUT
10
45.8414
20
25.7012
0
VERTEX
8
CUT
10
45.9096
20
25.7993
0
VERTEX
8
CUT
10
45.9199
20
25.8145
0
VERTEX
8
CUT
10
45.9351
20
25.8379
0
VERTEX
8
CUT
10
45.9428
20
25.8500
0
VERTEX
8
CUT
10
45.9915
20
25.9288
0
VERTEX
8
CUT
10
45.9988
20
25.9410
0
VERTEX
8
CUT
10
46.0269
20
25.9891
0
VERTEX
8
CUT
10
46.0408
20
26.0140
0
VERTEX
8
CUT
10
46.1255
20
26.1760
0
VERTEX
8
CUT
10
46.1495
20
26.2277
0
VERTEX
8
CUT
10
46.2175
20
26.3946
0
VERTEX
8
CUT
10
46.2365
20
26.4484
0
VERTEX
8
CUT
10
46.2884
20
26.6210
0
VERTEX
8
CUT
10
46.3022
20
26.6763
0
VERTEX
8
CUT
10
46.3374
20
26.8531
0
VERTEX
8
CUT
10
46.3459
20
26.9095
0
VERTEX
8
CUT
10
46.3645
20
27.0913
0
VERTEX
8
CUT
10
46.3667
20
27.1197
0
VERTEX
8
CUT
10
46.3697
20
27.1753
0
VERTEX
8
CUT
10
46.3703
20
27.1896
0
VERTEX
8
CUT
10
46.3731
20
27.2822
0
VERTEX
8
CUT
10
46.3734
20
27.2964
0
VERTEX
8
CUT
10
46.3742
20
27.4090
0
VERTEX
8
CUT
10
46.3741
20
27.4241
0
VERTEX
8
CUT
10
46.3723
20
27.5219
0
VERTEX
8
CUT
10
46.3718
20
27.5370
0
VERTEX
8
CUT
10
46.3693
20
27.5957
0
VERTEX
8
CUT
10
46.3672
20
27.6258
0
VERTEX
8
CUT
10
46.3491
20
27.8180
0
VERTEX
8
CUT
10
46.3405
20
27.8776
0
VERTEX
8
CUT
10
46.3038
20
28.0644
0
VERTEX
8
CUT
10
46.2892
20
28.1228
0
VERTEX
8
CUT
10
46.2332
20
28.3075
0
VERTEX
8
CUT
10
46.2237
20
28.3361
0
VERTEX
8
CUT
10
46.2039
20
28.3914
0
VERTEX
8
CUT
10
46.1986
20
28.4055
0
VERTEX
8
CUT
10
46.1632
20
28.4968
0
VERTEX
8
CUT
10
46.1576
20
28.5108
0
VERTEX
8
CUT
10
46.0422
20
28.7875
0
VERTEX
8
CUT
10
46.0367
20
28.8005
0
VERTEX
8
CUT
10
45.9993
20
28.8844
0
VERTEX
8
CUT
10
45.9934
20
28.8973
0
VERTEX
8
CUT
10
45.9698
20
28.9472
0
VERTEX
8
CUT
10
45.9571
20
28.9724
0
VERTEX
8
CUT
10
45.8720
20
29.1323
0
VERTEX
8
CUT
10
45.8432
20
29.1809
0
VERTEX
8
CUT
10
45.7448
20
29.3300
0
VERTEX
8
CUT
10
45.7114
20
29.3756
0
VERTEX
8
CUT
10
45.5979
20
29.5168
0
VERTEX
8
CUT
10
45.5797
20
29.5383
0
VERTEX
8
CUT
10
45.5431
20
29.5797
0
VERTEX
8
CUT
10
45.5336
20
29.5901
0
VERTEX
8
CUT
10
45.4711
20
29.6575
0
VERTEX
8
CUT
10
45.4614
20
29.6677
0
VERTEX
8
CUT
10
45.2616
20
29.8729
0
VERTEX
8
CUT
10
45.2515
20
29.8832
0
VERTEX
8
CUT
10
45.1845
20
29.9487
0
VERTEX
8
CUT
10
45.1741
20
29.9587
0
VERTEX
8
CUT
10
45.1329
20
29.9971
0
VERTEX
8
CUT
10
45.1114
20
30.0163
0
VERTEX
8
CUT
10
44.9704
20
30.1358
0
VERTEX
8
CUT
10
44.9246
20
30.1709
0
VERTEX
8
CUT
10
44.7749
20
30.2748
0
VERTEX
8
CUT
10
44.7260
20
30.3054
0
VERTEX
8
CUT
10
44.5647
20
30.3957
0
VERTEX
8
CUT
10
44.5392
20
30.4092
0
VERTEX
8
CUT
10
44.4888
20
30.4343
0
VERTEX
8
CUT
10
44.4759
20
30.4406
0
VERTEX
8
CUT
10
44.3910
20
30.4804
0
VERTEX
8
CUT
10
44.3779
20
30.4864
0
VERTEX
8
CUT
10
44.1022
20
30.6077
0
VERTEX
8
CUT
10
44.0894
20
30.6131
0
VERTEX
8
CUT
10
44.0056
20
30.6477
0
VERTEX
8
CUT
10
43.9926
20
30.6529
0
VERTEX
8
CUT
10
43.9418
20
30.6725
0
VERTEX
8
CUT
10
43.9155
20
30.6819
0
VERTEX
8
CUT
10
43.7459
20
30.7384
0
VERTEX
8
CUT
10
43.6923
20
30.7535
0
VERTEX
8
CUT
10
43.5205
20
30.7935
0
VERTEX
8
CUT
10
43.4657
20
30.8036
0
VERTEX
8
CUT
10
43.2909
20
30.8274
0
VERTEX
8
CUT
10
43.2354
20
30.8323
0
VERTEX
8
CUT
10
43.0592
20
30.8399
0
VERTEX
8
CUT
10
43.0035
20
30.8396
0
VERTEX
8
CUT
10
42.8273
20
30.8307
0
VERTEX
8
CUT
10
42.7718
20
30.8254
0
VERTEX
8
CUT
10
42.5973
20
30.8002
0
VERTEX
8
CUT
10
42.5425
20
30.7896
0
VERTEX
8
CUT
10
42.3688
20
30.7478
0
VERTEX
8
CUT
10
42.3418
20
30.7406
0
VERTEX
8
CUT
10
42.2895
20
30.7254
0
VERTEX
8
CUT
10
42.2761
20
30.7214
0
VERTEX
8
CUT
10
42.1897
20
30.6940
0
VERTEX
8
CUT
10
42.1765
20
30.6897
0
VERTEX
8
CUT
10
41.3443
20
30.4052
0
VERTEX
8
CUT
10
41.3308
20
30.4004
0
VERTEX
8
CUT
10
41.2431
20
30.3681
0
VERTEX
8
CUT
10
41.2297
20
30.3630
0
VERTEX
8
CUT
10
41.1775
20
30.3423
0
VERTEX
8
CUT
10
41.1511
20
30.3311
0
VERTEX
8
CUT
10
40.9833
20
30.2551
0
VERTEX
8
CUT
10
40.9321
20
30.2289
0
VERTEX
8
CUT
10
40.7745
20
30.1385
0
VERTEX
8
CUT
10
40.7261
20
30.1075
0
VERTEX
8
CUT
10
40.5779
20
30.0024
0
VERTEX
8
CUT
10
40.5326
20
29.9670
0
VERTEX
8
CUT
10
40.3952
20
29.8482
0
VERTEX
8
CUT
10
40.3535
20
29.8086
0
VERTEX
8
CUT
10
40.2280
20
29.6772
0
VERTEX
8
CUT
10
40.1904
20
29.6338
0
VERTEX
8
CUT
10
40.0781
20
29.4910
0
VERTEX
8
CUT
10
40.0447
20
29.4441
0
VERTEX
8
CUT
10
39.9466
20
29.2912
0
VERTEX
8
CUT
10
39.9179
20
29.2415
0
VERTEX
8
CUT
10
39.8336
20
29.0776
0
VERTEX
8
CUT
10
39.8211
20
29.0518
0
VERTEX
8
CUT
10
39.7979
20
29.0007
0
VERTEX
8
CUT
10
39.7921
20
28.9875
0
VERTEX
8
CUT
10
39.7554
20
28.9016
0
VERTEX
8
CUT
10
39.7500
20
28.8883
0
VERTEX
8
CUT
10
39.5593
20
28.4097
0
VERTEX
8
CUT
10
39.5542
20
28.3965
0
VERTEX
8
CUT
10
39.5221
20
28.3100
0
VERTEX
8
CUT
10
39.5173
20
28.2966
0
VERTEX
8
CUT
10
39.4992
20
28.2441
0
VERTEX
8
CUT
10
39.4906
20
28.2171
0
VERTEX
8
CUT
10
39.4396
20
28.0424
0
VERTEX
8
CUT
10
39.4262
20
27.9872
0
VERTEX
8
CUT
10
39.3923
20
27.8109
0
VERTEX
8
CUT
10
39.3843
20
27.7547
0
VERTEX
8
CUT
10
39.3672
20
27.5759
0
VERTEX
8
CUT
10
39.3645
20
27.5192
0
VERTEX
8
CUT
10
39.3645
20
27.3397
0
VERTEX
8
CUT
10
39.3671
20
27.2830
0
VERTEX
8
CUT
10
39.3840
20
27.1042
0
VERTEX
8
CUT
10
39.3920
20
27.0480
0
VERTEX
8
CUT
10
39.4258
20
26.8717
0
VERTEX
8
CUT
10
39.4391
20
26.8164
0
VERTEX
8
CUT
10
39.4900
20
26.6417
0
VERTEX
8
CUT
10
39.4986
20
26.6146
0
VERTEX
8
CUT
10
39.5166
20
26.5622
0
VERTEX
8
CUT
10
39.5214
20
26.5488
0
VERTEX
8
CUT
10
39.5534
20
26.4623
0
VERTEX
8
CUT
10
39.5585
20
26.4490
0
VERTEX
8
CUT
10
39.6464
20
26.2279
0
VERTEX
8
CUT
10
39.6518
20
26.2148
0
VERTEX
8
CUT
10
39.6880
20
26.1295
0
VERTEX
8
CUT
10
39.6938
20
26.1164
0
VERTEX
8
CUT
10
39.7168
20
26.0657
0
VERTEX
8
CUT
10
39.7292
20
26.0401
0
SEQEND
0
POLYLINE
8
CUT
66
1
70
1
10
0.0
20
0.0
30
0.0
0
VERTEX
8
CUT
10
37.2321
20
114.2217
0
VERTEX
8
CUT
10
37.2570
20
114.1678
0
VERTEX
8
CUT
10
37.3449
20
113.9996
0
VERTEX
8
CUT
10
37.3592
20
113.9739
0
VERTEX
8
CUT
10
37.3619
20
113.9693
0
VERTEX
8
CUT
10
37.3780
20
113.9433
0
VERTEX
8
CUT
10
37.4852
20
113.7803
0
VERTEX
8
CUT
10
37.5211
20
113.7314
0
VERTEX
8
CUT
10
37.6399
20
113.5852
0
VERTEX
8
CUT
10
37.6801
20
113.5406
0
VERTEX
8
CUT
10
37.8158
20
113.4042
0
VERTEX
8
CUT
10
37.8375
20
113.3835
0
VERTEX
8
CUT
10
37.8809
20
113.3441
0
VERTEX
8
CUT
10
37.8921
20
113.3341
0
VERTEX
8
CUT
10
37.9659
20
113.2703
0
VERTEX
8
CUT
10
37.9774
20
113.2606
0
VERTEX
8
CUT
10
38.0554
20
113.1965
0
VERTEX
8
CUT
10
38.0660
20
113.1880
0
VERTEX
8
CUT
10
38.1354
20
113.1335
0
VERTEX
8
CUT
10
38.1462
20
113.1253
0
VERTEX
8
CUT
10
38.1887
20
113.0935
0
VERTEX
8
CUT
10
38.2108
20
113.0777
0
VERTEX
8
CUT
10
38.3548
20
112.9797
0
VERTEX
8
CUT
10
38.4011
20
112.9513
0
VERTEX
8
CUT
10
38.5513
20
112.8679
0
VERTEX
8
CUT
10
38.6000
20
112.8437
0
VERTEX
8
CUT
10
38.7593
20
112.7733
0
VERTEX
8
CUT
10
38.7844
20
112.7629
0
VERTEX
8
CUT
10
38.8338
20
112.7437
0
VERTEX
8
CUT
10
38.8466
20
112.7389
0
VERTEX
8
CUT
10
38.9296
20
112.7088
0
VERTEX
8
CUT
10
38.9424
20
112.7043
0
VERTEX
8
CUT
10
39.1314
20
112.6405
0
VERTEX
8
CUT
10
39.1458
20
112.6358
0
VERTEX
8
CUT
10
39.2397
20
112.6067
0
VERTEX
8
CUT
10
39.2542
20
112.6024
0
VERTEX
8
CUT
10
39.3111
20
112.5864
0
VERTEX
8
CUT
10
39.3404
20
112.5789
0
VERTEX
8
CUT
10
39.5294
20
112.5357
0
VERTEX
8
CUT
10
39.5889
20
112.5252
0
VERTEX
8
CUT
10
39.7813
20
112.5013
0
VERTEX
8
CUT
10
39.8114
20
112.4983
0
VERTEX
8
CUT
10
39.8703
20
112.4940
0
VERTEX
8
CUT
10
39.8854
20
112.4931
0
VERTEX
8
CUT
10
39.9836
20
112.4883
0
VERTEX
8
CUT
10
39.9987
20
112.4878
0
VERTEX
8
CUT
10
40.3215
20
112.4804
0
VERTEX
8
CUT
10
40.3345
20
112.4802
0
VERTEX
8
CUT
10
40.4192
20
112.4801
0
VERTEX
8
CUT
10
40.4322
20
112.4803
0
VERTEX
8
CUT
10
40.4831
20
112.4813
0
VERTEX
8
CUT
10
40.5091
20
112.4824
0
VERTEX
8
CUT
10
40.6758
20
112.4931
0
VERTEX
8
CUT
10
40.7276
20
112.4986
0
VERTEX
8
CUT
10
40.8905
20
112.5234
0
VERTEX
8
CUT
10
40.9416
20
112.5334
0
VERTEX
8
CUT
10
41.1039
20
112.5727
0
VERTEX
8
CUT
10
41.1291
20
112.5794
0
VERTEX
8
CUT
10
41.1780
20
112.5935
0
VERTEX
8
CUT
10
41.1905
20
112.5973
0
VERTEX
8
CUT
10
41.2713
20
112.6225
0
VERTEX
8
CUT
10
41.2837
20
112.6266
0
VERTEX
8
CUT
10
41.3435
20
112.6467
0
VERTEX
8
CUT
10
41.3574
20
112.6515
0
VERTEX
8
CUT
10
41.4471
20
112.6842
0
VERTEX
8
CUT
10
41.4609
20
112.6894
0
VERTEX
8
CUT
10
41.5143
20
112.7103
0
VERTEX
8
CUT
10
41.5414
20
112.7217
0
VERTEX
8
CUT
10
41.7132
20
112.7989
0
VERTEX
8
CUT
10
41.7655
20
112.8256
0
VERTEX
8
CUT
10
41.9267
20
112.9179
0
VERTEX
8
CUT
10
41.9761
20
112.9496
0
VERTEX
8
CUT
10
42.1275
20
113.0573
0
VERTEX
8
CUT
10
42.1736
20
113.0936
0
VERTEX
8
CUT
10
42.3137
20
113.2156
0
VERTEX
8
CUT
10
42.3561
20
113.2563
0
VERTEX
8
CUT
10
42.4836
20
113.3913
0
VERTEX
8
CUT
10
42.5218
20
113.4360
0
VERTEX
8
CUT
10
42.6354
20
113.5829
0
VERTEX
8
CUT
10
42.6691
20
113.6311
0
VERTEX
8
CUT
10
42.7678
20
113.7884
0
VERTEX
8
CUT
10
42.7966
20
113.8396
0
VERTEX
8
CUT
10
42.8807
20
114.0081
0
VERTEX
8
CUT
10
42.8931
20
114.0347
0
VERTEX
8
CUT
10
42.9162
20
114.0872
0
VERTEX
8
CUT
10
42.9219
20
114.1008
0
VERTEX
8
CUT
10
42.9582
20
114.1891
0
VERTEX
8
CUT
10
42.9636
20
114.2028
0
VERTEX
8
CUT
10
43.1359
20
114.6542
0
VERTEX
8
CUT
10
43.1407
20
114.6673
0
VERTEX
8
CUT
10
43.1710
20
114.7523
0
VERTEX
8
CUT
10
43.1755
20
114.7654
0
VERTEX
8
CUT
10
43.1924
20
114.8169
0
VERTEX
8
CUT
10
43.2005
20
114.8434
0
VERTEX
8
CUT
10
43.2484
20
115.0148
0
VERTEX
8
CUT
10
43.2608
20
115.0689
0
VERTEX
8
CUT
10
43.2921
20
115.2416
0
VERTEX
8
CUT
10
43.2995
20
115.2966
0
VERTEX
8
CUT
10
43.3148
20
115.4715
0
VERTEX
8
CUT
10
43.3171
20
115.5269
0
VERTEX
8
CUT
10
43.3161
20
115.7048
0
VERTEX
8
CUT
10
43.3153
20
115.7326
0
VERTEX
8
CUT
10
43.3125
20
115.7867
0
VERTEX
8
CUT
10
43.3116
20
115.8006
0
VERTEX
8
CUT
10
43.3049
20
115.8905
0
VERTEX
8
CUT
10
43.3037
20
115.9044
0
VERTEX
8
CUT
10
43.2681
20
116.2660
0
VERTEX
8
CUT
10
43.2666
20
116.2798
0
VERTEX
8
CUT
10
43.2557
20
116.3695
0
VERTEX
8
CUT
10
43.2538
20
116.3832
0
VERTEX
8
CUT
10
43.2460
20
116.4369
0
VERTEX
8
CUT
10
43.2414
20
116.4643
0
VERTEX
8
CUT
10
43.2077
20
116.6392
0
VERTEX
8
CUT
10
43.1946
20
116.6932
0
VERTEX
8
CUT
10
43.1455
20
116.8619
0
VERTEX
8
CUT
10
43.1275
20
116.9145
0
VERTEX
8
CUT
10
43.0622
20
117.0802
0
VERTEX
8
CUT
10
43.0514
20
117.1058
0
VERTEX
8
CUT
10
43.0291
20
117.1553
0
VERTEX
8
CUT
10
43.0233
20
117.1679
0
VERTEX
8
CUT
10
42.9844
20
117.2494
0
VERTEX
8
CUT
10
42.9782
20
117.2618
0
VERTEX
8
CUT
10
42.9681
20
117.2820
0
VERTEX
8
CUT
10
42.9605
20
117.2965
0
VERTEX
8
CUT
10
42.9097
20
117.3902
0
VERTEX
8
CUT
10
42.9017
20
117.4046
0
VERTEX
8
CUT
10
42.8698
20
117.4600
0
VERTEX
8
CUT
10
42.8526
20
117.4879
0
VERTEX
8
CUT
10
42.7378
20
117.6640
0
VERTEX
8
CUT
10
42.6991
20
117.7168
0
VERTEX
8
CUT
10
42.5658
20
117.8793
0
VERTEX
8
CUT
10
42.5443
20
117.9041
0
VERTEX
8
CUT
10
42.5010
20
117.9512
0
VERTEX
8
CUT
10
42.4898
20
117.9632
0
VERTEX
8
CUT
10
42.4156
20
118.0397
0
VERTEX
8
CUT
10
42.4041
20
118.0514
0
VERTEX
8
CUT
10
42.3412
20
118.1128
0
VERTEX
8
CUT
10
42.3293
20
118.1242
0
VERTEX
8
CUT
10
42.2510
20
118.1966
0
VERTEX
8
CUT
10
42.2388
20
118.2076
0
VERTEX
8
CUT
10
42.1906
20
118.2499
0
VERTEX
8
CUT
10
42.1653
20
118.2708
0
VERTEX
8
CUT
10
41.9998
20
118.4006
0
VERTEX
8
CUT
10
41.9459
20
118.4382
0
VERTEX
8
CUT
10
41.7672
20
118.5491
0
VERTEX
8
CUT
10
41.7388
20
118.5656
0
VERTEX
8
CUT
10
41.6826
20
118.5964
0
VERTEX
8
CUT
10
41.6681
20
118.6041
0
VERTEX
8
CUT
10
41.5731
20
118.6527
0
VERTEX
8
CUT
10
41.5584
20
118.6600
0
VERTEX
8
CUT
10
41.5165
20
118.6800
0
VERTEX
8
CUT
10
41.5044
20
118.6856
0
VERTEX
8
CUT
10
41.4257
20
118.7211
0
VERTEX
8
CUT
10
41.4135
20
118.7264
0
VERTEX
8
CUT
10
41.3658
20
118.7467
0
VERTEX
8
CUT
10
41.3411
20
118.7566
0
VERTEX
8
CUT
10
41.1815
20
118.8161
0
VERTEX
8
CUT
10
41.1309
20
118.8325
0
VERTEX
8
CUT
10
40.9667
20
118.8777
0
VERTEX
8
CUT
10
40.9409
20
118.8842
0
VERTEX
8
CUT
10
40.8903
20
118.8957
0
VERTEX
8
CUT
10
40.8773
20
118.8985
0
VERTEX
8
CUT
10
40.7927
20
118.9159
0
VERTEX
8
CUT
10
40.7797
20
118.9184
0
VERTEX
8
CUT
10
40.6825
20
118.9361
0
VERTEX
8
CUT
10
40.6680
20
118.9386
0
VERTEX
8
CUT
10
40.5738
20
118.9533
0
VERTEX
8
CUT
10
40.5593
20
118.9554
0
VERTEX
8
CUT
10
40.5025
20
118.9629
0
VERTEX
8
CUT
10
40.4733
20
118.9660
0
VERTEX
8
CUT
10
40.2860
20
118.9815
0
VERTEX
8
CUT
10
40.2273
20
118.9834
0
VERTEX
8
CUT
10
40.0393
20
118.9805
0
VERTEX
8
CUT
10
40.0100
20
118.9793
0
VERTEX
8
CUT
10
39.9528
20
118.9757
0
VERTEX
8
CUT
10
39.9382
20
118.9745
0
VERTEX
8
CUT
10
39.8432
20
118.9661
0
VERTEX
8
CUT
10
39.8286
20
118.9646
0
VERTEX
8
CUT
10
39.7269
20
118.9530
0
VERTEX
8
CUT
10
39.7108
20
118.9509
0
VERTEX
8
CUT
10
39.6068
20
118.9362
0
VERTEX
8
CUT
10
39.5908
20
118.9338
0
VERTEX
8
CUT
10
39.5285
20
118.9233
0
VERTEX
8
CUT
10
39.4968
20
118.9170
0
VERTEX
8
CUT
10
39.2946
20
118.8716
0
VERTEX
8
CUT
10
39.2324
20
118.8540
0
VERTEX
8
CUT
10
39.0363
20
118.7870
0
VERTEX
8
CUT
10
39.0060
20
118.7758
0
VERTEX
8
CUT
10
38.9475
20
118.7522
0
VERTEX
8
CUT
10
38.9325
20
118.7459
0
VERTEX
8
CUT
10
38.8362
20
118.7041
0
VERTEX
8
CUT
10
38.8214
20
118.6974
0
VERTEX
8
CUT
10
38.7362
20
118.6576
0
VERTEX
8
CUT
10
38.7216
20
118.6506
0
VERTEX
8
CUT
10
38.6276
20
118.6036
0
VERTEX
8
CUT
10
38.6133
20
118.5961
0
VERTEX
8
CUT
10
38.5576
20
118.5664
0
VERTEX
8
CUT
10
38.5295
20
118.5504
0
VERTEX
8
CUT
10
38.3523
20
118.4430
0
VERTEX
8
CUT
10
38.2988
20
118.4066
0
VERTEX
8
CUT
10
38.1342
20
118.2808
0
VERTEX
8
CUT
10
38.1090
20
118.2605
0
VERTEX
8
CUT
10
38.0610
20
118.2195
0
VERTEX
8
CUT
10
38.0489
20
118.2088
0
VERTEX
8
CUT
10
37.9708
20
118.1385
0
VERTEX
8
CUT
10
37.9589
20
118.1275
0
VERTEX
8
CUT
10
37.8893
20
118.0613
0
VERTEX
8
CUT
10
37.8791
20
118.0513
0
VERTEX
8
CUT
10
37.8135
20
117.9859
0
VERTEX
8
CUT
10
37.8035
20
117.9757
0
VERTEX
8
CUT
10
37.7651
20
117.9355
0
VERTEX
8
CUT
10
37.7459
20
117.9145
0
VERTEX
8
CUT
10
37.6261
20
117.7766
0
VERTEX
8
CUT
10
37.5908
20
117.7319
0
VERTEX
8
CUT
10
37.4860
20
117.5853
0
VERTEX
8
CUT
10
37.4551
20
117.5374
0
VERTEX
8
CUT
10
37.3648
20
117.3816
0
VERTEX
8
CUT
10
37.3386
20
117.3310
0
VERTEX
8
CUT
10
37.2623
20
117.1650
0
VERTEX
8
CUT
10
37.2511
20
117.1388
0
VERTEX
8
CUT
10
37.2303
20
117.0872
0
VERTEX
8
CUT
10
37.2251
20
117.0739
0
VERTEX
8
CUT
10
37.1925
20
116.9872
0
VERTEX
8
CUT
10
37.1877
20
116.9738
0
VERTEX
8
CUT
10
37.1183
20
116.7748
0
VERTEX
8
CUT
10
37.1133
20
116.7599
0
VERTEX
8
CUT
10
37.0823
20
116.6630
0
VERTEX
8
CUT
10
37.0778
20
116.6480
0
VERTEX
8
CUT
10
37.0607
20
116.5893
0
VERTEX
8
CUT
10
37.0527
20
116.5590
0
VERTEX
8
CUT
10
37.0067
20
116.3636
0
VERTEX
8
CUT
10
36.9956
20
116.3020
0
VERTEX
8
CUT
10
36.9706
20
116.1056
0
VERTEX
8
CUT
10
36.9660
20
116.0432
0
VERTEX
8
CUT
10
36.9615
20
115.8425
0
VERTEX
8
CUT
10
36.9616
20
115.8112
0
VERTEX
8
CUT
10
36.9635
20
115.7501
0
VERTEX
8
CUT
10
36.9641
20
115.7345
0
VERTEX
8
CUT
10
36.9698
20
115.6328
0
VERTEX
8
CUT
10
36.9709
20
115.6172
0
VERTEX
8
CUT
10
37.0135
20
115.1004
0
VERTEX
8
CUT
10
37.0149
20
115.0854
0
VERTEX
8
CUT
10
37.0254
20
114.9884
0
VERTEX
8
CUT
10
37.0272
20
114.9735
0
VERTEX
8
CUT
10
37.0349
20
114.9154
0
VERTEX
8
CUT
10
37.0396
20
114.8857
0
VERTEX
8
CUT
10
37.0745
20
114.6965
0
VERTEX
8
CUT
10
37.0883
20
114.6381
0
VERTEX
8
CUT
10
37.1412
20
114.4558
0
VERTEX
8
CUT
10
37.1608
20
114.3990
0
SEQEND
0
POLYLINE
8
CUT
66
1
70
1
10
0.0
20
0.0
30
0.0
0
VERTEX
8
CUT
10
196.6078
20
202.4788
0
VERTEX
8
CUT
10
196.6549
20
202.5447
0
VERTEX
8
CUT
10
196.7098
20
202.6140
0
VERTEX
8
CUT
10
196.7486
20
202.6584
0
VERTEX
8
CUT
10
196.8101
20
202.7220
0
VERTEX
8
CUT
10
196.8530
20
202.7623
0
VERTEX
8
CUT
10
196.9204
20
202.8195
0
VERTEX
8
CUT
10
196.9671
20
202.8554
0
VERTEX
8
CUT
10
197.0398
20
202.9058
0
VERTEX
8
CUT
10
197.0898
20
202.9369
0
VERTEX
8
CUT
10
197.1672
20
202.9799
0
VERTEX
8
CUT
10
197.2200
20
203.0060
0
VERTEX
8
CUT
10
197.3011
20
203.0412
0
VERTEX
8
CUT
10
197.3562
20
203.0619
0
VERTEX
8
CUT
10
197.4405
20
203.0890
0
VERTEX
8
CUT
10
197.4973
20
203.1042
0
VERTEX
8
CUT
10
197.5838
20
203.1229
0
VERTEX
8
CUT
10
197.6419
20
203.1325
0
VERTEX
8
CUT
10
197.7298
20
203.1425
0
VERTEX
8
CUT
10
197.7886
20
203.1464
0
VERTEX
8
CUT
10
197.8770
20
203.1478
0
VERTEX
8
CUT
10
197.9359
20
203.1458
0
VERTEX
8
CUT
10
198.0240
20
203.1385
0
VERTEX
8
CUT
10
198.0824
20
203.1308
0
VERTEX
8
CUT
10
198.1694
20
203.1149
0
VERTEX
8
CUT
10
198.2268
20
203.1015
0
VERTEX
8
CUT
10
198.3118
20
203.0771
0
VERTEX
8
CUT
10
198.3676
20
203.0581
0
VERTEX
8
CUT
10
198.4498
20
203.0255
0
VERTEX
8
CUT
10
198.5034
20
203.0011
0
VERTEX
8
CUT
10
198.5820
20
202.9606
0
VERTEX
8
CUT
10
198.6330
20
202.9310
0
VERTEX
8
CUT
10
198.7073
20
202.8830
0
VERTEX
8
CUT
10
198.7551
20
202.8486
0
VERTEX
8
CUT
10
198.8243
20
202.7935
0
VERTEX
8
CUT
10
198.8685
20
202.7546
0
VERTEX
8
CUT
10
198.9319
20
202.6930
0
VERTEX
8
CUT
10
198.9721
20
202.6499
0
VERTEX
8
CUT
10
199.0292
20
202.5823
0
VERTEX
8
CUT
10
199.0650
20
202.5355
0
VERTEX
8
CUT
10
199.1151
20
202.4627
0
VERTEX
8
CUT
10
199.1461
20
202.4126
0
VERTEX
8
CUT
10
199.1889
20
202.3352
0
VERTEX
8
CUT
10
199.2148
20
202.2823
0
VERTEX
8
CUT
10
199.2498
20
202.2010
0
VERTEX
8
CUT
10
199.2704
20
202.1458
0
VERTEX
8
CUT
10
199.2972
20
202.0616
0
VERTEX
8
CUT
10
199.3123
20
202.0046
0
VERTEX
8
CUT
10
199.3307
20
201.9181
0
VERTEX
8
CUT
10
199.3402
20
201.8600
0
VERTEX
8
CUT
10
199.3500
20
201.7721
0
VERTEX
8
CUT
10
199.3537
20
201.7133
0
VERTEX
8
CUT
10
199.3548
20
201.6248
0
VERTEX
8
CUT
10
199.3527
20
201.5660
0
VERTEX
8
CUT
10
199.3452
20
201.4778
0
VERTEX
8
CUT
10
199.3343
20
201.3975
0
VERTEX
8
CUT
10
199.3273
20
201.3538
0
VERTEX
8
CUT
10
199.3266
20
201.3503
0
VERTEX
8
CUT
10
199.3243
20
201.3367
0
VERTEX
8
CUT
10
199.3156
20
201.2833
0
VERTEX
8
CUT
10
199.3118
20
201.2558
0
VERTEX
8
CUT
10
199.2913
20
201.0771
0
VERTEX
8
CUT
10
199.2888
20
201.0495
0
VERTEX
8
CUT
10
199.2851
20
200.9955
0
VERTEX
8
CUT
10
199.2843
20
200.9817
0
VERTEX
8
CUT
10
199.2802
20
200.8918
0
VERTEX
8
CUT
10
199.2798
20
200.8780
0
VERTEX
8
CUT
10
199.2360
20
198.8893
0
VERTEX
8
CUT
10
199.2358
20
198.8787
0
VERTEX
8
CUT
10
199.2355
20
198.8049
0
VERTEX
8
CUT
10
199.2355
20
198.7938
0
VERTEX
8
CUT
10
199.2362
20
198.7454
0
VERTEX
8
CUT
10
199.2370
20
198.7221
0
VERTEX
8
CUT
10
199.2447
20
198.5768
0
VERTEX
8
CUT
10
199.2463
20
198.5544
0
VERTEX
8
CUT
10
199.2498
20
198.5155
0
VERTEX
8
CUT
10
199.2508
20
198.5050
0
VERTEX
8
CUT
10
199.2587
20
198.4324
0
VERTEX
8
CUT
10
199.2601
20
198.4206
0
VERTEX
8
CUT
10
199.5414
20
196.2296
0
VERTEX
8
CUT
10
199.5442
20
196.2104
0
VERTEX
8
CUT
10
199.5643
20
196.0862
0
VERTEX
8
CUT
10
199.5677
20
196.0672
0
VERTEX
8
CUT
10
199.5978
20
195.9122
0
VERTEX
8
CUT
10
199.6018
20
195.8932
0
VERTEX
8
CUT
10
199.6299
20
195.7706
0
VERTEX
8
CUT
10
199.6345
20
195.7518
0
VERTEX
8
CUT
10
199.9506
20
194.5480
0
VERTEX
8
CUT
10
199.9535
20
194.5376
0
VERTEX
8
CUT
10
199.9740
20
194.4648
0
VERTEX
8
CUT
10
199.9771
20
194.4540
0
VERTEX
8
CUT
10
199.9915
20
194.4066
0
VERTEX
8
CUT
10
199.9989
20
194.3839
0
VERTEX
8
CUT
10
200.0476
20
194.2432
0
VERTEX
8
CUT
10
200.0555
20
194.2216
0
VERTEX
8
CUT
10
200.0700
20
194.1845
0
VERTEX
8
CUT
10
200.0740
20
194.1744
0
VERTEX
8
CUT
10
200.1024
20
194.1053
0
VERTEX
8
CUT
10
200.1072
20
194.0941
0
VERTEX
8
CUT
10
201.3447
20
191.2472
0
VERTEX
8
CUT
10
201.3528
20
191.2294
0
VERTEX
8
CUT
10
201.4071
20
191.1148
0
VERTEX
8
CUT
10
201.4157
20
191.0973
0
VERTEX
8
CUT
10
201.4886
20
190.9558
0
VERTEX
8
CUT
10
201.4978
20
190.9386
0
VERTEX
8
CUT
10
201.5595
20
190.8277
0
VERTEX
8
CUT
10
201.5692
20
190.8108
0
VERTEX
8
CUT
10
202.3947
20
189.4345
0
VERTEX
8
CUT
10
202.4032
20
189.4207
0
VERTEX
8
CUT
10
202.4599
20
189.3317
0
VERTEX
8
CUT
10
202.4689
20
189.3181
0
VERTEX
8
CUT
10
202.5431
20
189.2083
0
VERTEX
8
CUT
10
202.5524
20
189.1950
0
VERTEX
8
CUT
10
202.6138
20
189.1091
0
VERTEX
8
CUT
10
202.6235
20
189.0960
0
VERTEX
8
CUT
10
205.3071
20
185.5553
0
VERTEX
8
CUT
10
205.3147
20
185.5456
0
VERTEX
8
CUT
10
205.3643
20
185.4828
0
VERTEX
8
CUT
10
205.3721
20
185.4732
0
VERTEX
8
CUT
10
205.4360
20
185.3957
0
VERTEX
8
CUT
10
205.4439
20
185.3862
0
VERTEX
8
CUT
10
205.4961
20
185.3256
0
VERTEX
8
CUT
10
205.5042
20
185.3163
0
VERTEX
8
CUT
10
215.1583
20
174.5429
0
VERTEX
8
CUT
10
215.1686
20
174.5312
0
VERTEX
8
CUT
10
215.1924
20
174.5037
0
VERTEX
8
CUT
10
215.2025
20
174.4918
0
VERTEX
8
CUT
10
215.2147
20
174.4772
0
VERTEX
8
CUT
10
215.2246
20
174.4652
0
VERTEX
8
CUT
10
215.2475
20
174.4368
0
VERTEX
8
CUT
10
215.2571
20
174.4246
0
VERTEX
8
CUT
10
215.2741
20
174.4028
0
VERTEX
8
CUT
10
215.2836
20
174.3904
0
VERTEX
8
CUT
10
215.3055
20
174.3613
0
VERTEX
8
CUT
10
215.3147
20
174.3487
0
VERTEX
8
CUT
10
215.3259
20
174.3333
0
VERTEX
8
CUT
10
215.3349
20
174.3206
0
VERTEX
8
CUT
10
215.3558
20
174.2907
0
VERTEX
8
CUT
10
215.3646
20
174.2778
0
VERTEX
8
CUT
10
217.4832
20
171.1269
0
VERTEX
8
CUT
10
217.4882
20
171.1194
0
VERTEX
8
CUT
10
217.4965
20
171.1068
0
VERTEX
8
CUT
10
217.5157
20
171.0763
0
VERTEX
8
CUT
10
217.5473
20
171.0238
0
VERTEX
8
CUT
10
217.5609
20
171.0004
0
VERTEX
8
CUT
10
217.5623
20
170.9979
0
VERTEX
8
CUT
10
217.5752
20
170.9741
0
VERTEX
8
CUT
10
217.6036
20
170.9199
0
VERTEX
8
CUT
10
217.6196
20
170.8875
0
VERTEX
8
CUT
10
217.6261
20
170.8739
0
VERTEX
8
CUT
10
217.6299
20
170.8658
0
VERTEX
8
CUT
10
219.0384
20
167.8061
0
VERTEX
8
CUT
10
219.0450
20
167.7913
0
VERTEX
8
CUT
10
219.0602
20
167.7566
0
VERTEX
8
CUT
10
219.0666
20
167.7417
0
VERTEX
8
CUT
10
219.0742
20
167.7234
0
VERTEX
8
CUT
10
219.0803
20
167.7084
0
VERTEX
8
CUT
10
219.0943
20
167.6732
0
VERTEX
8
CUT
10
219.1001
20
167.6580
0
VERTEX
8
CUT
10
219.1102
20
167.6312
0
VERTEX
8
CUT
10
219.1158
20
167.6160
0
VERTEX
8
CUT
10
219.1285
20
167.5803
0
VERTEX
8
CUT
10
219.1338
20
167.5649
0
VERTEX
8
CUT
10
219.1400
20
167.5462
0
VERTEX
8
CUT
10
219.1451
20
167.5307
0
VERTEX
8
CUT
10
219.1564
20
167.4946
0
VERTEX
8
CUT
10
219.1612
20
167.4791
0
VERTEX
8
CUT
10
219.9810
20
164.7029
0
VERTEX
8
CUT
10
219.9837
20
164.6936
0
VERTEX
8
CUT
10
219.9881
20
164.6782
0
VERTEX
8
CUT
10
219.9978
20
164.6408
0
VERTEX
8
CUT
10
220.0130
20
164.5772
0
VERTEX
8
CUT
10
220.0192
20
164.5489
0
VERTEX
8
CUT
10
220.0198
20
164.5458
0
VERTEX
8
CUT
10
220.0252
20
164.5174
0
VERTEX
8
CUT
10
220.0362
20
164.4529
0
VERTEX
8
CUT
10
220.0419
20
164.4147
0
VERTEX
8
CUT
10
220.0439
20
164.3987
0
VERTEX
8
CUT
10
220.0451
20
164.3891
0
VERTEX
8
CUT
10
220.4279
20
161.0879
0
VERTEX
8
CUT
10
220.4293
20
161.0749
0
VERTEX
8
CUT
10
220.4323
20
161.0448
0
VERTEX
8
CUT
10
220.4336
20
161.0319
0
VERTEX
8
CUT
10
220.4349
20
161.0161
0
VERTEX
8
CUT
10
220.4360
20
161.0032
0
VERTEX
8
CUT
10
220.4381
20
160.9729
0
VERTEX
8
CUT
10
220.4390
20
160.9600
0
VERTEX
8
CUT
10
220.4403
20
160.9370
0
VERTEX
8
CUT
10
220.4410
20
160.9241
0
VERTEX
8
CUT
10
220.4423
20
160.8938
0
VERTEX
8
CUT
10
220.4428
20
160.8808
0
VERTEX
8
CUT
10
220.4432
20
160.8650
0
VERTEX
8
CUT
10
220.4435
20
160.8520
0
VERTEX
8
CUT
10
220.4439
20
160.8217
0
VERTEX
8
CUT
10
220.4440
20
160.8087
0
VERTEX
8
CUT
10
220.4441
20
159.1702
0
VERTEX
8
CUT
10
220.4429
20
159.1244
0
VERTEX
8
CUT
10
220.4386
20
159.0405
0
VERTEX
8
CUT
10
220.4293
20
158.9493
0
VERTEX
8
CUT
10
220.4200
20
158.8890
0
VERTEX
8
CUT
10
220.4015
20
158.7992
0
VERTEX
8
CUT
10
220.3861
20
158.7402
0
VERTEX
8
CUT
10
220.3585
20
158.6528
0
VERTEX
8
CUT
10
220.3372
20
158.5956
0
VERTEX
8
CUT
10
220.3009
20
158.5114
0
VERTEX
8
CUT
10
220.2739
20
158.4567
0
VERTEX
8
CUT
10
220.2292
20
158.3767
0
VERTEX
8
CUT
10
220.1967
20
158.3250
0
VERTEX
8
CUT
10
220.1441
20
158.2500
0
VERTEX
8
CUT
10
220.1066
20
158.2019
0
VERTEX
8
CUT
10
220.0466
20
158.1325
0
VERTEX
8
CUT
10
220.0044
20
158.0885
0
VERTEX
8
CUT
10
219.9377
20
158.0256
0
VERTEX
8
CUT
10
219.8737
20
157.9712
0
VERTEX
8
CUT
10
219.8380
20
157.9424
0
VERTEX
8
CUT
10
219.7882
20
157.9043
0
VERTEX
8
CUT
10
219.7717
20
157.8912
0
VERTEX
8
CUT
10
216.5762
20
155.2596
0
VERTEX
8
CUT
10
216.5410
20
155.2320
0
VERTEX
8
CUT
10
216.4752
20
155.1831
0
VERTEX
8
CUT
10
216.4008
20
155.1334
0
VERTEX
8
CUT
10
216.3497
20
155.1028
0
VERTEX
8
CUT
10
216.2708
20
155.0607
0
VERTEX
8
CUT
10
216.2169
20
155.0353
0
VERTEX
8
CUT
10
216.1342
20
155.0012
0
VERTEX
8
CUT
10
216.0781
20
154.9813
0
VERTEX
8
CUT
10
215.9924
20
154.9556
0
VERTEX
8
CUT
10
215.9346
20
154.9414
0
VERTEX
8
CUT
10
215.8467
20
154.9244
0
VERTEX
8
CUT
10
215.7878
20
154.9159
0
VERTEX
8
CUT
10
215.6987
20
154.9077
0
VERTEX
8
CUT
10
215.6392
20
154.9052
0
VERTEX
8
CUT
10
215.5498
20
154.9058
0
VERTEX
8
CUT
10
215.4903
20
154.9092
0
VERTEX
8
CUT
10
215.4014
20
154.9187
0
VERTEX
8
CUT
10
215.3425
20
154.9280
0
VERTEX
8
CUT
10
215.2550
20
154.9463
0
VERTEX
8
CUT
10
215.1973
20
154.9614
0
VERTEX
8
CUT
10
215.1120
20
154.9883
0
VERTEX
8
CUT
10
215.0562
20
155.0090
0
VERTEX
8
CUT
10
214.9740
20
155.0443
0
VERTEX
8
CUT
10
214.9205
20
155.0704
0
VERTEX
8
CUT
10
214.8422
20
155.1137
0
VERTEX
8
CUT
10
214.7915
20
155.1450
0
VERTEX
8
CUT
10
214.7179
20
155.1958
0
VERTEX
8
CUT
10
214.6706
20
155.2321
0
VERTEX
8
CUT
10
214.6024
20
155.2899
0
VERTEX
8
CUT
10
214.5590
20
155.3306
0
VERTEX
8
CUT
10
214.4968
20
155.3950
0
VERTEX
8
CUT
10
214.4576
20
155.4398
0
VERTEX
8
CUT
10
214.4022
20
155.5100
0
VERTEX
8
CUT
10
214.3677
20
155.5586
0
VERTEX
8
CUT
10
214.3195
20
155.6339
0
VERTEX
8
CUT
10
214.2899
20
155.6856
0
VERTEX
8
CUT
10
214.2494
20
155.7654
0
VERTEX
8
CUT
10
214.2252
20
155.8198
0
VERTEX
8
CUT
10
214.1928
20
155.9032
0
VERTEX
8
CUT
10
214.1740
20
155.9597
0
VERTEX
8
CUT
10
214.1501
20
156.0459
0
VERTEX
8
CUT
10
214.1371
20
156.1040
0
VERTEX
8
CUT
10
214.1218
20
156.1922
0
VERTEX
8
CUT
10
214.1146
20
156.2513
0
VERTEX
8
CUT
10
214.1082
20
156.3405
0
VERTEX
8
CUT
10
214.1069
20
156.4000
0
VERTEX
8
CUT
10
214.1094
20
156.4895
0
VERTEX
8
CUT
10
214.1157
20
156.5712
0
VERTEX
8
CUT
10
214.1203
20
156.6157
0
VERTEX
8
CUT
10
214.1768
20
157.0577
0
VERTEX
8
CUT
10
214.1789
20
157.0767
0
VERTEX
8
CUT
10
214.1908
20
157.2001
0
VERTEX
8
CUT
10
214.1923
20
157.2192
0
VERTEX
8
CUT
10
214.2022
20
157.3745
0
VERTEX
8
CUT
10
214.2031
20
157.3935
0
VERTEX
8
CUT
10
214.2070
20
157.5175
0
VERTEX
8
CUT
10
214.2073
20
157.5366
0
VERTEX
8
CUT
10
214.2072
20
160.2798
0
VERTEX
8
CUT
10
214.2070
20
160.2971
0
VERTEX
8
CUT
10
214.2037
20
160.4096
0
VERTEX
8
CUT
10
214.2030
20
160.4269
0
VERTEX
8
CUT
10
214.1948
20
160.5678
0
VERTEX
8
CUT
10
214.1936
20
160.5851
0
VERTEX
8
CUT
10
214.1838
20
160.6972
0
VERTEX
8
CUT
10
214.1821
20
160.7144
0
VERTEX
8
CUT
10
213.8555
20
163.5310
0
VERTEX
8
CUT
10
213.8538
20
163.5438
0
VERTEX
8
CUT
10
213.8424
20
163.6267
0
VERTEX
8
CUT
10
213.8405
20
163.6394
0
VERTEX
8
CUT
10
213.8326
20
163.6891
0
VERTEX
8
CUT
10
213.8280
20
163.7145
0
VERTEX
8
CUT
10
213.7945
20
163.8784
0
VERTEX
8
CUT
10
213.7888
20
163.9035
0
VERTEX
8
CUT
10
213.7767
20
163.9523
0
VERTEX
8
CUT
10
213.7734
20
163.9648
0
VERTEX
8
CUT
10
213.7514
20
164.0456
0
VERTEX
8
CUT
10
213.7479
20
164.0580
0
VERTEX
8
CUT
10
213.0625
20
166.3788
0
VERTEX
8
CUT
10
213.0560
20
166.3994
0
VERTEX
8
CUT
10
213.0114
20
166.5327
0
VERTEX
8
CUT
10
213.0041
20
166.5531
0
VERTEX
8
CUT
10
212.9421
20
166.7182
0
VERTEX
8
CUT
10
212.9342
20
166.7383
0
VERTEX
8
CUT
10
212.8800
20
166.8681
0
VERTEX
8
CUT
10
212.8713
20
166.8879
0
VERTEX
8
CUT
10
211.6745
20
169.4878
0
VERTEX
8
CUT
10
211.6693
20
169.4987
0
VERTEX
8
CUT
10
211.6352
20
169.5691
0
VERTEX
8
CUT
10
211.6298
20
169.5799
0
VERTEX
8
CUT
10
211.6084
20
169.6218
0
VERTEX
8
CUT
10
211.5971
20
169.6431
0
VERTEX
8
CUT
10
211.5205
20
169.7795
0
VERTEX
8
CUT
10
211.5083
20
169.8002
0
VERTEX
8
CUT
10
211.4836
20
169.8403
0
VERTEX
8
CUT
10
211.4772
20
169.8505
0
VERTEX
8
CUT
10
211.4348
20
169.9163
0
VERTEX
8
CUT
10
211.4282
20
169.9264
0
VERTEX
8
CUT
10
209.6094
20
172.6313
0
VERTEX
8
CUT
10
209.5975
20
172.6484
0
VERTEX
8
CUT
10
209.5182
20
172.7579
0
VERTEX
8
CUT
10
209.5057
20
172.7746
0
VERTEX
8
CUT
10
209.4015
20
172.9085
0
VERTEX
8
CUT
10
209.3885
20
172.9246
0
VERTEX
8
CUT
10
209.3018
20
173.0284
0
VERTEX
8
CUT
10
209.2881
20
173.0442
0
VERTEX
8
CUT
10
200.4743
20
182.8793
0
VERTEX
8
CUT
10
200.4671
20
182.8873
0
VERTEX
8
CUT
10
200.4506
20
182.9063
0
VERTEX
8
CUT
10
200.4435
20
182.9144
0
VERTEX
8
CUT
10
200.4402
20
182.9183
0
VERTEX
8
CUT
10
200.4359
20
182.9233
0
VERTEX
8
CUT
10
200.4260
20
182.9352
0
VERTEX
8
CUT
10
200.4218
20
182.9402
0
VERTEX
8
CUT
10
200.4186
20
182.9441
0
VERTEX
8
CUT
10
200.4111
20
182.9533
0
VERTEX
8
CUT
10
200.3937
20
182.9748
0
VERTEX
8
CUT
10
200.3869
20
182.9833
0
VERTEX
8
CUT
10
200.3822
20
182.9894
0
VERTEX
8
CUT
10
200.3714
20
183.0034
0
VERTEX
8
CUT
10
200.3667
20
183.0095
0
VERTEX
8
CUT
10
197.8178
20
186.3723
0
VERTEX
8
CUT
10
197.8148
20
186.3762
0
VERTEX
8
CUT
10
197.8101
20
186.3825
0
VERTEX
8
CUT
10
197.7962
20
186.4015
0
VERTEX
8
CUT
10
197.7717
20
186.4361
0
VERTEX
8
CUT
10
197.7610
20
186.4514
0
VERTEX
8
CUT
10
197.7508
20
186.4665
0
VERTEX
8
CUT
10
197.7476
20
186.4713
0
VERTEX
8
CUT
10
197.7453
20
186.4747
0
VERTEX
8
CUT
10
197.7321
20
186.4950
0
VERTEX
8
CUT
10
197.7077
20
186.5337
0
VERTEX
8
CUT
10
197.6970
20
186.5511
0
VERTEX
8
CUT
10
196.8498
20
187.9633
0
VERTEX
8
CUT
10
196.8468
20
187.9684
0
VERTEX
8
CUT
10
196.8420
20
187.9764
0
VERTEX
8
CUT
10
196.8280
20
188.0010
0
VERTEX
8
CUT
10
196.8035
20
188.0457
0
VERTEX
8
CUT
10
196.7930
20
188.0654
0
VERTEX
8
CUT
10
196.7830
20
188.0848
0
VERTEX
8
CUT
10
196.7798
20
188.0909
0
VERTEX
8
CUT
10
196.7776
20
188.0954
0
VERTEX
8
CUT
10
196.7648
20
188.1215
0
VERTEX
8
CUT
10
196.7415
20
188.1713
0
VERTEX
8
CUT
10
196.7315
20
188.1936
0
VERTEX
8
CUT
10
195.5256
20
190.9659
0
VERTEX
8
CUT
10
195.5225
20
190.9730
0
VERTEX
8
CUT
10
195.5207
20
190.9773
0
VERTEX
8
CUT
10
195.4993
20
191.0328
0
VERTEX
8
CUT
10
195.4616
20
191.1410
0
VERTEX
8
CUT
10
195.4437
20
191.1982
0
VERTEX
8
CUT
10
195.4434
20
191.1994
0
VERTEX
8
CUT
10
195.4406
20
191.2098
0
VERTEX
8
CUT
10
195.1006
20
192.5039
0
VERTEX
8
CUT
10
195.0991
20
192.5096
0
VERTEX
8
CUT
10
195.0968
20
192.5186
0
VERTEX
8
CUT
10
195.0903
20
192.5458
0
VERTEX
8
CUT
10
195.0793
20
192.5952
0
VERTEX
8
CUT
10
195.0747
20
192.6169
0
VERTEX
8
CUT
10
195.0706
20
192.6381
0
VERTEX
8
CUT
10
195.0693
20
192.6448
0
VERTEX
8
CUT
10
195.0683
20
192.6497
0
VERTEX
8
CUT
10
195.0634
20
192.6781
0
VERTEX
8
CUT
10
195.0550
20
192.7319
0
VERTEX
8
CUT
10
195.0516
20
192.7559
0
VERTEX
8
CUT
10
194.7708
20
194.9376
0
VERTEX
8
CUT
10
194.7699
20
194.9452
0
VERTEX
8
CUT
10
194.7693
20
194.9497
0
VERTEX
8
CUT
10
194.7643
20
195.0077
0
VERTEX
8
CUT
10
194.7592
20
195.1009
0
VERTEX
8
CUT
10
194.7575
20
195.1574
0
VERTEX
8
CUT
10
194.7573
20
195.2037
0
VERTEX
8
CUT
10
194.8016
20
197.2199
0
VERTEX
8
CUT
10
194.8035
20
197.2614
0
VERTEX
8
CUT
10
194.8087
20
197.3374
0
VERTEX
8
CUT
10
194.8182
20
197.4199
0
VERTEX
8
CUT
10
194.8303
20
197.4950
0
VERTEX
8
CUT
10
194.8379
20
197.5359
0
VERTEX
8
CUT
10
195.2474
20
199.4888
0
VERTEX
8
CUT
10
195.2570
20
199.5299
0
VERTEX
8
CUT
10
195.2765
20
199.6050
0
VERTEX
8
CUT
10
195.3015
20
199.6858
0
VERTEX
8
CUT
10
195.3280
20
199.7586
0
VERTEX
8
CUT
10
195.3433
20
199.7981
0
VERTEX
8
CUT
10
196.1372
20
201.7036
0
VERTEX
8
CUT
10
196.1418
20
201.7143
0
VERTEX
8
CUT
10
196.1459
20
201.7238
0
VERTEX
8
CUT
10
196.1648
20
201.7648
0
VERTEX
8
CUT
10
196.1903
20
201.8166
0
VERTEX
8
CUT
10
196.2228
20
201.8766
0
VERTEX
8
CUT
10
196.2543
20
201.9300
0
VERTEX
8
CUT
10
196.2722
20
201.9589
0
VERTEX
8
CUT
10
196.5829
20
202.4421
0
SEQEND
0
ENDSEC
0
EOF
