0
SECTION
2
HEADER
9
$ACADVER
1
AC1009
9
$INSUNITS
70
4
0
ENDSEC
0
SECTION
2
TABLES
0
TABLE
2
LAYER
70
1
0
LAYER
2
CUT
70
0
62
7
6
CONTINUOUS
0
ENDTAB
0
ENDSEC
0
SECTION
2
ENTITIES
0
POLYLINE
8
CUT
66
1
70
1
10
0.0
20
0.0
30
0.0
0
VERTEX
8
CUT
10
-0.0503
20
299.5794
0
VERTEX
8
CUT
10
-0.0360
20
299.6365
0
VERTEX
8
CUT
10
-0.0162
20
299.6918
0
VERTEX
8
CUT
10
0.0090
20
299.7450
0
VERTEX
8
CUT
10
0.0392
20
299.7954
0
VERTEX
8
CUT
10
0.0743
20
299.8427
0
VERTEX
8
CUT
10
0.1137
20
299.8863
0
VERTEX
8
CUT
10
0.1573
20
299.9257
0
VERTEX
8
CUT
10
0.2046
20
299.9608
0
VERTEX
8
CUT
10
0.2550
20
299.9910
0
VERTEX
8
CUT
10
0.3082
20
300.0162
0
VERTEX
8
CUT
10
0.3635
20
300.0360
0
VERTEX
8
CUT
10
0.4206
20
300.0503
0
VERTEX
8
CUT
10
0.4788
20
300.0589
0
VERTEX
8
CUT
10
0.5522
20
300.0625
0
VERTEX
8
CUT
10
1.4375
20
300.0625
0
VERTEX
8
CUT
10
298.5625
20
300.0625
0
VERTEX
8
CUT
10
299.4478
20
300.0625
0
VERTEX
8
CUT
10
299.5212
20
300.0589
0
VERTEX
8
CUT
10
299.5794
20
300.0503
0
VERTEX
8
CUT
10
299.6365
20
300.0360
0
VERTEX
8
CUT
10
299.6918
20
300.0162
0
VERTEX
8
CUT
10
299.7450
20
299.9910
0
VERTEX
8
CUT
10
299.7954
20
299.9608
0
VERTEX
8
CUT
10
299.8427
20
299.9257
0
VERTEX
8
CUT
10
299.8863
20
299.8863
0
VERTEX
8
CUT
10
299.9257
20
299.8427
0
VERTEX
8
CUT
10
299.9608
20
299.7954
0
VERTEX
8
CUT
10
299.9910
20
299.7450
0
VERTEX
8
CUT
10
300.0162
20
299.6918
0
VERTEX
8
CUT
10
300.0360
20
299.6365
0
VERTEX
8
CUT
10
300.0503
20
299.5794
0
VERTEX
8
CUT
10
300.0589
20
299.5212
0
VERTEX
8
CUT
10
300.0625
20
299.4478
0
VERTEX
8
CUT
10
300.0625
20
298.5625
0
VERTEX
8
CUT
10
300.0625
20
1.4375
0
VERTEX
8
CUT
10
300.0625
20
0.5522
0
VERTEX
8
CUT
10
300.0589
20
0.4788
0
VERTEX
8
CUT
10
300.0503
20
0.4206
0
VERTEX
8
CUT
10
300.0360
20
0.3635
0
VERTEX
8
CUT
10
300.0162
20
0.3082
0
VERTEX
8
CUT
10
299.9910
20
0.2550
0
VERTEX
8
CUT
10
299.9608
20
0.2046
0
VERTEX
8
CUT
10
299.9257
20
0.1573
0
VERTEX
8
CUT
10
299.8863
20
0.1137
0
VERTEX
8
CUT
10
299.8427
20
0.0743
0
VERTEX
8
CUT
10
299.7954
20
0.0392
0
VERTEX
8
CUT
10
299.7450
20
0.0090
0
VERTEX
8
CUT
10
299.6918
20
-0.0162
0
VERTEX
8
CUT
10
299.6365
20
-0.0360
0
VERTEX
8
CUT
10
299.5794
20
-0.0503
0
VERTEX
8
CUT
10
299.5212
20
-0.0589
0
VERTEX
8
CUT
10
299.4478
20
-0.0625
0
VERTEX
8
CUT
10
298.5625
20
-0.0625
0
VERTEX
8
CUT
10
1.4375
20
-0.0625
0
VERTEX
8
CUT
10
0.5522
20
-0.0625
0
VERTEX
8
CUT
10
0.4788
20
-0.0589
0
VERTEX
8
CUT
10
0.4206
20
-0.0503
0
VERTEX
8
CUT
10
0.3635
20
-0.0360
0
VERTEX
8
CUT
10
0.3082
20
-0.0162
0
VERTEX
8
CUT
10
0.2550
20
0.0090
0
VERTEX
8
CUT
10
0.2046
20
0.0392
0
VERTEX
8
CUT
10
0.1573
20
0.0743
0
VERTEX
8
CUT
10
0.1137
20
0.1137
0
VERTEX
8
CUT
10
0.0743
20
0.1573
0
VERTEX
8
CUT
10
0.0392
20
0.2046
0
VERTEX
8
CUT
10
0.0090
20
0.2550
0
VERTEX
8
CUT
10
-0.0162
20
0.3082
0
VERTEX
8
CUT
10
-0.0360
20
0.3635
0
VERTEX
8
CUT
10
-0.0503
20
0.4206
0
VERTEX
8
CUT
10
-0.0589
20
0.4788
0
VERTEX
8
CUT
10
-0.0625
20
0.5522
0
VERTEX
8
CUT
10
-0.0625
20
1.4375
0
VERTEX
8
CUT
10
-0.0625
20
298.5625
0
VERTEX
8
CUT
10
-0.0625
20
299.4478
0
VERTEX
8
CUT
10
-0.0589
20
299.5212
0
SEQEND
0
POLYLINE
8
CUT
66
1
70
1
10
0.0
20
0.0
30
0.0
0
VERTEX
8
CUT
10
120.5738
20
144.0686
0
VERTEX
8
CUT
10
120.5876
20
144.0105
0
VERTEX
8
CUT
10
120.6404
20
143.8291
0
VERTEX
8
CUT
10
120.6599
20
143.7726
0
VERTEX
8
CUT
10
120.7305
20
143.5974
0
VERTEX
8
CUT
10
120.7556
20
143.5431
0
VERTEX
8
CUT
10
120.8444
20
143.3734
0
VERTEX
8
CUT
10
120.8590
20
143.3473
0
VERTEX
8
CUT
10
120.8646
20
143.3378
0
VERTEX
8
CUT
10
120.8808
20
143.3118
0
VERTEX
8
CUT
10
120.9906
20
143.1454
0
VERTEX
8
CUT
10
121.0082
20
143.1202
0
VERTEX
8
CUT
10
121.0180
20
143.1069
0
VERTEX
8
CUT
10
121.0374
20
143.0820
0
VERTEX
8
CUT
10
121.1654
20
142.9260
0
VERTEX
8
CUT
10
121.2078
20
142.8795
0
VERTEX
8
CUT
10
121.3495
20
142.7397
0
VERTEX
8
CUT
10
121.3966
20
142.6979
0
VERTEX
8
CUT
10
121.5521
20
142.5737
0
VERTEX
8
CUT
10
121.6033
20
142.5371
0
VERTEX
8
CUT
10
121.7733
20
142.4284
0
VERTEX
8
CUT
10
121.8003
20
142.4122
0
VERTEX
8
CUT
10
121.8538
20
142.3818
0
VERTEX
8
CUT
10
121.8676
20
142.3742
0
VERTEX
8
CUT
10
121.9579
20
142.3261
0
VERTEX
8
CUT
10
121.9718
20
142.3188
0
VERTEX
8
CUT
10
122.5680
20
142.0207
0
VERTEX
8
CUT
10
122.5789
20
142.0152
0
VERTEX
8
CUT
10
122.5886
20
142.0102
0
VERTEX
8
CUT
10
122.6300
20
141.9873
0
VERTEX
8
CUT
10
122.7034
20
141.9444
0
VERTEX
8
CUT
10
122.7339
20
141.9256
0
VERTEX
8
CUT
10
122.7623
20
141.9065
0
VERTEX
8
CUT
10
122.8278
20
141.8604
0
VERTEX
8
CUT
10
122.8659
20
141.8321
0
VERTEX
8
CUT
10
122.8783
20
141.8223
0
VERTEX
8
CUT
10
122.8890
20
141.8138
0
VERTEX
8
CUT
10
124.0659
20
140.8601
0
VERTEX
8
CUT
10
124.0766
20
140.8517
0
VERTEX
8
CUT
10
124.1464
20
140.7976
0
VERTEX
8
CUT
10
124.1573
20
140.7894
0
VERTEX
8
CUT
10
124.2000
20
140.7579
0
VERTEX
8
CUT
10
124.2222
20
140.7423
0
VERTEX
8
CUT
10
124.3688
20
140.6440
0
VERTEX
8
CUT
10
124.3917
20
140.6294
0
VERTEX
8
CUT
10
124.4371
20
140.6019
0
VERTEX
8
CUT
10
124.4488
20
140.5950
0
VERTEX
8
CUT
10
124.5253
20
140.5509
0
VERTEX
8
CUT
10
124.5372
20
140.5443
0
VERTEX
8
CUT
10
126.6312
20
139.4007
0
VERTEX
8
CUT
10
126.6496
20
139.3910
0
VERTEX
8
CUT
10
126.7706
20
139.3303
0
VERTEX
8
CUT
10
126.7893
20
139.3213
0
VERTEX
8
CUT
10
126.9436
20
139.2504
0
VERTEX
8
CUT
10
126.9627
20
139.2421
0
VERTEX
8
CUT
10
127.0876
20
139.1899
0
VERTEX
8
CUT
10
127.1070
20
139.1822
0
VERTEX
8
CUT
10
131.4111
20
137.5572
0
VERTEX
8
CUT
10
131.4304
20
137.5503
0
VERTEX
8
CUT
10
131.5571
20
137.5074
0
VERTEX
8
CUT
10
131.5766
20
137.5011
0
VERTEX
8
CUT
10
131.7372
20
137.4528
0
VERTEX
8
CUT
10
131.7570
20
137.4472
0
VERTEX
8
CUT
10
131.8863
20
137.4130
0
VERTEX
8
CUT
10
131.9063
20
137.4081
0
VERTEX
8
CUT
10
134.1783
20
136.8909
0
VERTEX
8
CUT
10
134.1890
20
136.8885
0
VERTEX
8
CUT
10
134.2635
20
136.8730
0
VERTEX
8
CUT
10
134.2750
20
136.8707
0
VERTEX
8
CUT
10
134.3683
20
136.8532
0
VERTEX
8
CUT
10
134.3796
20
136.8511
0
VERTEX
8
CUT
10
134.4536
20
136.8387
0
VERTEX
8
CUT
10
134.4657
20
136.8368
0
VERTEX
8
CUT
10
139.2188
20
136.1361
0
VERTEX
8
CUT
10
139.2287
20
136.1345
0
VERTEX
8
CUT
10
139.2353
20
136.1335
0
VERTEX
8
CUT
10
139.2781
20
136.1256
0
VERTEX
8
CUT
10
139.3402
20
136.1127
0
VERTEX
8
CUT
10
139.4090
20
136.0954
0
VERTEX
8
CUT
10
139.4549
20
136.0820
0
VERTEX
8
CUT
10
139.5171
20
136.0613
0
VERTEX
8
CUT
10
139.5643
20
136.0437
0
VERTEX
8
CUT
10
139.6013
20
136.0289
0
VERTEX
8
CUT
10
139.6127
20
136.0241
0
VERTEX
8
CUT
10
139.6230
20
136.0196
0
VERTEX
8
CUT
10
140.7415
20
135.5277
0
VERTEX
8
CUT
10
140.7563
20
135.5215
0
VERTEX
8
CUT
10
140.8529
20
135.4820
0
VERTEX
8
CUT
10
140.8678
20
135.4762
0
VERTEX
8
CUT
10
140.9265
20
135.4540
0
VERTEX
8
CUT
10
140.9568
20
135.4435
0
VERTEX
8
CUT
10
141.1529
20
135.3813
0
VERTEX
8
CUT
10
141.2150
20
135.3652
0
VERTEX
8
CUT
10
141.4138
20
135.3248
0
VERTEX
8
CUT
10
141.4773
20
135.3154
0
VERTEX
8
CUT
10
141.6793
20
135.2966
0
VERTEX
8
CUT
10
141.7435
20
135.2940
0
VERTEX
8
CUT
10
141.9492
20
135.2969
0
VERTEX
8
CUT
10
141.9813
20
135.2982
0
VERTEX
8
CUT
10
142.0438
20
135.3024
0
VERTEX
8
CUT
10
142.0598
20
135.3037
0
VERTEX
8
CUT
10
142.1637
20
135.3135
0
VERTEX
8
CUT
10
142.1796
20
135.3152
0
VERTEX
8
CUT
10
144.1933
20
135.5598
0
VERTEX
8
CUT
10
144.2027
20
135.5609
0
VERTEX
8
CUT
10
144.2246
20
135.5633
0
VERTEX
8
CUT
10
144.2341
20
135.5643
0
VERTEX
8
CUT
10
144.2456
20
135.5655
0
VERTEX
8
CUT
10
144.2550
20
135.5664
0
VERTEX
8
CUT
10
144.2770
20
135.5683
0
VERTEX
8
CUT
10
144.2864
20
135.5691
0
VERTEX
8
CUT
10
144.2940
20
135.5697
0
VERTEX
8
CUT
10
144.3034
20
135.5704
0
VERTEX
8
CUT
10
144.3255
20
135.5719
0
VERTEX
8
CUT
10
144.3349
20
135.5725
0
VERTEX
8
CUT
10
144.3464
20
135.5732
0
VERTEX
8
CUT
10
144.3559
20
135.5737
0
VERTEX
8
CUT
10
144.3780
20
135.5748
0
VERTEX
8
CUT
10
144.3874
20
135.5751
0
VERTEX
8
CUT
10
152.7695
20
135.8834
0
VERTEX
8
CUT
10
152.7895
20
135.8845
0
VERTEX
8
CUT
10
152.9192
20
135.8936
0
VERTEX
8
CUT
10
152.9391
20
135.8954
0
VERTEX
8
CUT
10
153.1014
20
135.9122
0
VERTEX
8
CUT
10
153.1212
20
135.9146
0
VERTEX
8
CUT
10
153.2500
20
135.9323
0
VERTEX
8
CUT
10
153.2698
20
135.9354
0
VERTEX
8
CUT
10
156.1990
20
136.4387
0
VERTEX
8
CUT
10
156.2155
20
136.4418
0
VERTEX
8
CUT
10
156.3220
20
136.4631
0
VERTEX
8
CUT
10
156.3384
20
136.4667
0
VERTEX
8
CUT
10
156.4713
20
136.4972
0
VERTEX
8
CUT
10
156.4876
20
136.5012
0
VERTEX
8
CUT
10
156.5928
20
136.5285
0
VERTEX
8
CUT
10
156.6089
20
136.5329
0
VERTEX
8
CUT
10
158.3027
20
137.0230
0
VERTEX
8
CUT
10
158.3132
20
137.0262
0
VERTEX
8
CUT
10
158.3860
20
137.0487
0
VERTEX
8
CUT
10
158.3972
20
137.0523
0
VERTEX
8
CUT
10
158.4873
20
137.0821
0
VERTEX
8
CUT
10
158.4982
20
137.0858
0
VERTEX
8
CUT
10
158.5690
20
137.1107
0
VERTEX
8
CUT
10
158.5805
20
137.1149
0
VERTEX
8
CUT
10
160.1368
20
137.6992
0
VERTEX
8
CUT
10
160.1549
20
137.7064
0
VERTEX
8
CUT
10
160.2717
20
137.7546
0
VERTEX
8
CUT
10
160.2896
20
137.7623
0
VERTEX
8
CUT
10
160.4341
20
137.8275
0
VERTEX
8
CUT
10
160.4517
20
137.8358
0
VERTEX
8
CUT
10
160.5652
20
137.8916
0
VERTEX
8
CUT
10
160.5825
20
137.9004
0
VERTEX
8
CUT
10
163.5386
20
139.4729
0
VERTEX
8
CUT
10
163.5518
20
139.4802
0
VERTEX
8
CUT
10
163.6369
20
139.5282
0
VERTEX
8
CUT
10
163.6499
20
139.5358
0
VERTEX
8
CUT
10
163.7002
20
139.5659
0
VERTEX
8
CUT
10
163.7257
20
139.5820
0
VERTEX
8
CUT
10
163.8881
20
139.6905
0
VERTEX
8
CUT
10
163.9126
20
139.7078
0
VERTEX
8
CUT
10
163.9598
20
139.7429
0
VERTEX
8
CUT
10
163.9717
20
139.7520
0
VERTEX
8
CUT
10
164.0486
20
139.8122
0
VERTEX
8
CUT
10
164.0604
20
139.8217
0
VERTEX
8
CUT
10
166.3874
20
141.7399
0
VERTEX
8
CUT
10
166.3996
20
141.7502
0
VERTEX
8
CUT
10
166.4780
20
141.8184
0
VERTEX
8
CUT
10
166.4899
20
141.8290
0
VERTEX
8
CUT
10
166.5358
20
141.8712
0
VERTEX
8
CUT
10
166.5588
20
141.8934
0
VERTEX
8
CUT
10
166.7041
20
142.0418
0
VERTEX
8
CUT
10
166.7258
20
142.0652
0
VERTEX
8
CUT
10
166.7670
20
142.1121
0
VERTEX
8
CUT
10
166.7774
20
142.1242
0
VERTEX
8
CUT
10
166.8439
20
142.2040
0
VERTEX
8
CUT
10
166.8540
20
142.2164
0
VERTEX
8
CUT
10
168.8238
20
144.7115
0
VERTEX
8
CUT
10
168.8320
20
144.7222
0
VERTEX
8
CUT
10
168.8845
20
144.7917
0
VERTEX
8
CUT
10
168.8924
20
144.8025
0
VERTEX
8
CUT
10
168.9230
20
144.8451
0
VERTEX
8
CUT
10
168.9382
20
144.8672
0
VERTEX
8
CUT
10
169.0335
20
145.0130
0
VERTEX
8
CUT
10
169.0477
20
145.0358
0
VERTEX
8
CUT
10
169.0743
20
145.0809
0
VERTEX
8
CUT
10
169.0810
20
145.0925
0
VERTEX
8
CUT
10
169.1237
20
145.1685
0
VERTEX
8
CUT
10
169.1302
20
145.1803
0
VERTEX
8
CUT
10
169.8092
20
146.4549
0
VERTEX
8
CUT
10
169.8182
20
146.4724
0
VERTEX
8
CUT
10
169.8746
20
146.5873
0
VERTEX
8
CUT
10
169.8830
20
146.6052
0
VERTEX
8
CUT
10
169.9491
20
146.7516
0
VERTEX
8
CUT
10
169.9569
20
146.7697
0
VERTEX
8
CUT
10
170.0057
20
146.8881
0
VERTEX
8
CUT
10
170.0129
20
146.9064
0
VERTEX
8
CUT
10
170.5024
20
148.2143
0
VERTEX
8
CUT
10
170.5066
20
148.2259
0
VERTEX
8
CUT
10
170.5330
20
148.3013
0
VERTEX
8
CUT
10
170.5370
20
148.3130
0
VERTEX
8
CUT
10
170.5520
20
148.3587
0
VERTEX
8
CUT
10
170.5592
20
148.3822
0
VERTEX
8
CUT
10
170.6028
20
148.5360
0
VERTEX
8
CUT
10
170.6090
20
148.5599
0
VERTEX
8
CUT
10
170.6202
20
148.6066
0
VERTEX
8
CUT
10
170.6229
20
148.6186
0
VERTEX
8
CUT
10
170.6400
20
148.6968
0
VERTEX
8
CUT
10
170.6425
20
148.7088
0
VERTEX
8
CUT
10
170.9186
20
150.1141
0
VERTEX
8
CUT
10
170.9220
20
150.1329
0
VERTEX
8
CUT
10
170.9421
20
150.2555
0
VERTEX
8
CUT
10
170.9448
20
150.2745
0
VERTEX
8
CUT
10
170.9651
20
150.4290
0
VERTEX
8
CUT
10
170.9673
20
150.4480
0
VERTEX
8
CUT
10
170.9795
20
150.5717
0
VERTEX
8
CUT
10
170.9811
20
150.5907
0
VERTEX
8
CUT
10
171.0779
20
152.0427
0
VERTEX
8
CUT
10
171.0788
20
152.0620
0
VERTEX
8
CUT
10
171.0832
20
152.1873
0
VERTEX
8
CUT
10
171.0835
20
152.2066
0
VERTEX
8
CUT
10
171.0839
20
152.3639
0
VERTEX
8
CUT
10
171.0836
20
152.3832
0
VERTEX
8
CUT
10
171.0799
20
152.5085
0
VERTEX
8
CUT
10
171.0790
20
152.5277
0
VERTEX
8
CUT
10
170.9728
20
154.2359
0
VERTEX
8
CUT
10
170.9716
20
154.2525
0
VERTEX
8
CUT
10
170.9619
20
154.3599
0
VERTEX
8
CUT
10
170.9602
20
154.3764
0
VERTEX
8
CUT
10
170.9444
20
154.5108
0
VERTEX
8
CUT
10
170.9422
20
154.5273
0
VERTEX
8
CUT
10
170.9266
20
154.6340
0
VERTEX
8
CUT
10
170.9240
20
154.6504
0
VERTEX
8
CUT
10
170.5891
20
156.5703
0
VERTEX
8
CUT
10
170.5875
20
156.5791
0
VERTEX
8
CUT
10
170.5759
20
156.6402
0
VERTEX
8
CUT
10
170.5740
20
156.6496
0
VERTEX
8
CUT
10
170.5584
20
156.7255
0
VERTEX
8
CUT
10
170.5564
20
156.7347
0
VERTEX
8
CUT
10
170.5431
20
156.7945
0
VERTEX
8
CUT
10
170.5408
20
156.8043
0
VERTEX
8
CUT
10
169.1056
20
162.7729
0
VERTEX
8
CUT
10
169.1025
20
162.7858
0
VERTEX
8
CUT
10
169.0991
20
162.8010
0
VERTEX
8
CUT
10
169.0890
20
162.8532
0
VERTEX
8
CUT
10
169.0748
20
162.9400
0
VERTEX
8
CUT
10
169.0695
20
162.9773
0
VERTEX
8
CUT
10
169.0659
20
163.0148
0
VERTEX
8
CUT
10
169.0595
20
163.1024
0
VERTEX
8
CUT
10
169.0572
20
163.1556
0
VERTEX
8
CUT
10
169.0569
20
163.1712
0
VERTEX
8
CUT
10
169.0568
20
163.1845
0
VERTEX
8
CUT
10
169.0575
20
164.6690
0
VERTEX
8
CUT
10
169.0576
20
164.6824
0
VERTEX
8
CUT
10
169.0581
20
164.7136
0
VERTEX
8
CUT
10
169.0584
20
164.7269
0
VERTEX
8
CUT
10
169.0589
20
164.7433
0
VERTEX
8
CUT
10
169.0594
20
164.7566
0
VERTEX
8
CUT
10
169.0608
20
164.7878
0
VERTEX
8
CUT
10
169.0615
20
164.8012
0
VERTEX
8
CUT
10
169.0621
20
164.8119
0
VERTEX
8
CUT
10
169.0630
20
164.8252
0
VERTEX
8
CUT
10
169.0654
20
164.8564
0
VERTEX
8
CUT
10
169.0665
20
164.8697
0
VERTEX
8
CUT
10
169.0679
20
164.8860
0
VERTEX
8
CUT
10
169.0692
20
164.8993
0
VERTEX
8
CUT
10
169.0725
20
164.9303
0
VERTEX
8
CUT
10
169.0740
20
164.9436
0
VERTEX
8
CUT
10
169.2788
20
166.6514
0
VERTEX
8
CUT
10
169.2803
20
166.6632
0
VERTEX
8
CUT
10
169.2817
20
166.6737
0
VERTEX
8
CUT
10
169.2889
20
166.7190
0
VERTEX
8
CUT
10
169.3039
20
166.8000
0
VERTEX
8
CUT
10
169.3110
20
166.8341
0
VERTEX
8
CUT
10
169.3190
20
166.8662
0
VERTEX
8
CUT
10
169.3393
20
166.9412
0
VERTEX
8
CUT
10
169.3524
20
166.9852
0
VERTEX
8
CUT
10
169.3571
20
166.9997
0
VERTEX
8
CUT
10
169.3613
20
167.0123
0
VERTEX
8
CUT
10
170.0983
20
169.1642
0
VERTEX
8
CUT
10
170.1020
20
169.1748
0
VERTEX
8
CUT
10
170.1045
20
169.1819
0
VERTEX
8
CUT
10
170.1222
20
169.2275
0
VERTEX
8
CUT
10
170.1498
20
169.2932
0
VERTEX
8
CUT
10
170.1839
20
169.3654
0
VERTEX
8
CUT
10
170.2090
20
169.4130
0
VERTEX
8
CUT
10
170.2460
20
169.4766
0
VERTEX
8
CUT
10
170.2761
20
169.5239
0
VERTEX
8
CUT
10
170.3009
20
169.5608
0
VERTEX
8
CUT
10
170.3091
20
169.5723
0
VERTEX
8
CUT
10
170.3164
20
169.5825
0
VERTEX
8
CUT
10
171.6656
20
171.4296
0
VERTEX
8
CUT
10
171.6724
20
171.4388
0
VERTEX
8
CUT
10
171.6785
20
171.4469
0
VERTEX
8
CUT
10
171.7057
20
171.4814
0
VERTEX
8
CUT
10
171.7561
20
171.5422
0
VERTEX
8
CUT
10
171.7779
20
171.5674
0
VERTEX
8
CUT
10
171.7995
20
171.5906
0
VERTEX
8
CUT
10
171.8513
20
171.6441
0
VERTEX
8
CUT
10
171.8827
20
171.6750
0
VERTEX
8
CUT
10
171.8934
20
171.6850
0
VERTEX
8
CUT
10
171.9028
20
171.6936
0
VERTEX
8
CUT
10
172.6070
20
172.3342
0
VERTEX
8
CUT
10
172.6155
20
172.3418
0
VERTEX
8
CUT
10
172.6232
20
172.3487
0
VERTEX
8
CUT
10
172.6571
20
172.3773
0
VERTEX
8
CUT
10
172.7194
20
172.4272
0
VERTEX
8
CUT
10
172.7460
20
172.4478
0
VERTEX
8
CUT
10
172.7722
20
172.4663
0
VERTEX
8
CUT
10
172.8344
20
172.5087
0
VERTEX
8
CUT
10
172.8718
20
172.5328
0
VERTEX
8
CUT
10
172.8844
20
172.5405
0
VERTEX
8
CUT
10
172.8954
20
172.5472
0
VERTEX
8
CUT
10
174.7722
20
173.6574
0
VERTEX
8
CUT
10
174.7807
20
173.6623
0
VERTEX
8
CUT
10
174.7863
20
173.6656
0
VERTEX
8
CUT
10
174.8236
20
173.6860
0
VERTEX
8
CUT
10
174.8786
20
173.7143
0
VERTEX
8
CUT
10
174.9413
20
173.7436
0
VERTEX
8
CUT
10
174.9843
20
173.7617
0
VERTEX
8
CUT
10
175.0441
20
173.7845
0
VERTEX
8
CUT
10
175.0910
20
173.8004
0
VERTEX
8
CUT
10
175.1281
20
173.8122
0
VERTEX
8
CUT
10
175.1397
20
173.8156
0
VERTEX
8
CUT
10
175.1502
20
173.8186
0
VERTEX
8
CUT
10
177.2153
20
174.3955
0
VERTEX
8
CUT
10
177.2251
20
174.3982
0
VERTEX
8
CUT
10
177.2483
20
174.4043
0
VERTEX
8
CUT
10
177.2582
20
174.4069
0
VERTEX
8
CUT
10
177.2727
20
174.4106
0
VERTEX
8
CUT
10
177.2855
20
174.4139
0
VERTEX
8
CUT
10
177.2895
20
174.4149
0
VERTEX
8
CUT
10
177.3829
20
174.4390
0
VERTEX
8
CUT
10
177.3956
20
174.4425
0
VERTEX
8
CUT
10
177.4506
20
174.4580
0
VERTEX
8
CUT
10
177.4782
20
174.4665
0
VERTEX
8
CUT
10
177.6540
20
174.5254
0
VERTEX
8
CUT
10
177.7078
20
174.5464
0
VERTEX
8
CUT
10
177.8748
20
174.6209
0
VERTEX
8
CUT
10
177.9264
20
174.6469
0
VERTEX
8
CUT
10
178.0854
20
174.7372
0
VERTEX
8
CUT
10
178.1343
20
174.7681
0
VERTEX
8
CUT
10
178.2839
20
174.8732
0
VERTEX
8
CUT
10
178.3295
20
174.9087
0
VERTEX
8
CUT
10
178.4683
20
175.0277
0
VERTEX
8
CUT
10
178.5103
20
175.0674
0
VERTEX
8
CUT
10
178.6370
20
175.1993
0
VERTEX
8
CUT
10
178.6750
20
175.2428
0
VERTEX
8
CUT
10
178.7884
20
175.3863
0
VERTEX
8
CUT
10
178.8220
20
175.4333
0
VERTEX
8
CUT
10
178.9211
20
175.5870
0
VERTEX
8
CUT
10
178.9501
20
175.6370
0
VERTEX
8
CUT
10
179.0339
20
175.7995
0
VERTEX
8
CUT
10
179.0579
20
175.8521
0
VERTEX
8
CUT
10
179.1257
20
176.0219
0
VERTEX
8
CUT
10
179.1445
20
176.0766
0
VERTEX
8
CUT
10
179.1956
20
176.2521
0
VERTEX
8
CUT
10
179.2091
20
176.3083
0
VERTEX
8
CUT
10
179.2431
20
176.4880
0
VERTEX
8
CUT
10
179.2511
20
176.5453
0
VERTEX
8
CUT
10
179.2676
20
176.7273
0
VERTEX
8
CUT
10
179.2700
20
176.7851
0
VERTEX
8
CUT
10
179.2690
20
176.9679
0
VERTEX
8
CUT
10
179.2658
20
177.0257
0
VERTEX
8
CUT
10
179.2472
20
177.2075
0
VERTEX
8
CUT
10
179.2385
20
177.2647
0
VERTEX
8
CUT
10
179.2024
20
177.4439
0
VERTEX
8
CUT
10
179.1883
20
177.5000
0
VERTEX
8
CUT
10
179.1351
20
177.6749
0
VERTEX
8
CUT
10
179.1156
20
177.7294
0
VERTEX
8
CUT
10
179.0459
20
177.8984
0
VERTEX
8
CUT
10
179.0213
20
177.9507
0
VERTEX
8
CUT
10
178.9355
20
178.1122
0
VERTEX
8
CUT
10
178.9060
20
178.1619
0
VERTEX
8
CUT
10
178.8051
20
178.3144
0
VERTEX
8
CUT
10
178.7710
20
178.3610
0
VERTEX
8
CUT
10
178.6543
20
178.5051
0
VERTEX
8
CUT
10
178.6356
20
178.5271
0
VERTEX
8
CUT
10
178.5979
20
178.5692
0
VERTEX
8
CUT
10
178.5882
20
178.5799
0
VERTEX
8
CUT
10
178.5239
20
178.6485
0
VERTEX
8
CUT
10
178.5139
20
178.6589
0
VERTEX
8
CUT
10
177.4683
20
179.7218
0
VERTEX
8
CUT
10
177.4634
20
179.7267
0
VERTEX
8
CUT
10
177.4293
20
179.7606
0
VERTEX
8
CUT
10
177.4240
20
179.7658
0
VERTEX
8
CUT
10
177.3808
20
179.8077
0
VERTEX
8
CUT
10
177.3755
20
179.8127
0
VERTEX
8
CUT
10
177.3411
20
179.8453
0
VERTEX
8
CUT
10
177.3354
20
179.8506
0
VERTEX
8
CUT
10
165.1732
20
191.0578
0
VERTEX
8
CUT
10
165.1661
20
191.0644
0
VERTEX
8
CUT
10
165.1496
20
191.0800
0
VERTEX
8
CUT
10
165.1426
20
191.0867
0
VERTEX
8
CUT
10
165.1341
20
191.0949
0
VERTEX
8
CUT
10
165.1271
20
191.1016
0
VERTEX
8
CUT
10
165.1110
20
191.1175
0
VERTEX
8
CUT
10
165.1041
20
191.1243
0
VERTEX
8
CUT
10
165.0986
20
191.1299
0
VERTEX
8
CUT
10
165.0918
20
191.1368
0
VERTEX
8
CUT
10
165.0760
20
191.1530
0
VERTEX
8
CUT
10
165.0692
20
191.1600
0
VERTEX
8
CUT
10
165.0610
20
191.1686
0
VERTEX
8
CUT
10
165.0544
20
191.1756
0
VERTEX
8
CUT
10
165.0389
20
191.1922
0
VERTEX
8
CUT
10
165.0324
20
191.1993
0
VERTEX
8
CUT
10
161.2363
20
195.3567
0
VERTEX
8
CUT
10
161.2281
20
195.3659
0
VERTEX
8
CUT
10
161.2091
20
195.3873
0
VERTEX
8
CUT
10
161.2010
20
195.3965
0
VERTEX
8
CUT
10
161.1912
20
195.4078
0
VERTEX
8
CUT
10
161.1832
20
195.4172
0
VERTEX
8
CUT
10
161.1648
20
195.4391
0
VERTEX
8
CUT
10
161.1570
20
195.4486
0
VERTEX
8
CUT
10
161.1507
20
195.4562
0
VERTEX
8
CUT
10
161.1430
20
195.4658
0
VERTEX
8
CUT
10
161.1252
20
195.4882
0
VERTEX
8
CUT
10
161.1176
20
195.4978
0
VERTEX
8
CUT
10
161.1085
20
195.5097
0
VERTEX
8
CUT
10
161.1010
20
195.5194
0
VERTEX
8
CUT
10
161.0838
20
195.5423
0
VERTEX
8
CUT
10
161.0765
20
195.5522
0
VERTEX
8
CUT
10
159.7803
20
197.3268
0
VERTEX
8
CUT
10
159.7715
20
197.3390
0
VERTEX
8
CUT
10
159.7512
20
197.3678
0
VERTEX
8
CUT
10
159.7426
20
197.3803
0
VERTEX
8
CUT
10
159.7322
20
197.3955
0
VERTEX
8
CUT
10
159.7238
20
197.4080
0
VERTEX
8
CUT
10
159.7045
20
197.4375
0
VERTEX
8
CUT
10
159.6963
20
197.4502
0
VERTEX
8
CUT
10
159.6899
20
197.4604
0
VERTEX
8
CUT
10
159.6819
20
197.4732
0
VERTEX
8
CUT
10
159.6636
20
197.5033
0
VERTEX
8
CUT
10
159.6558
20
197.5163
0
VERTEX
8
CUT
10
159.6465
20
197.5322
0
VERTEX
8
CUT
10
159.6390
20
197.5453
0
VERTEX
8
CUT
10
159.6217
20
197.5760
0
VERTEX
8
CUT
10
159.6144
20
197.5892
0
VERTEX
8
CUT
10
157.6179
20
201.2731
0
VERTEX
8
CUT
10
157.6133
20
201.2816
0
VERTEX
8
CUT
10
157.6092
20
201.2894
0
VERTEX
8
CUT
10
157.5924
20
201.3229
0
VERTEX
8
CUT
10
157.5634
20
201.3839
0
VERTEX
8
CUT
10
157.5515
20
201.4099
0
VERTEX
8
CUT
10
157.5411
20
201.4350
0
VERTEX
8
CUT
10
157.5176
20
201.4942
0
VERTEX
8
CUT
10
157.5044
20
201.5295
0
VERTEX
8
CUT
10
157.5003
20
201.5413
0
VERTEX
8
CUT
10
157.4968
20
201.5516
0
VERTEX
8
CUT
10
156.4806
20
204.5771
0
VERTEX
8
CUT
10
156.4769
20
204.5885
0
VERTEX
8
CUT
10
156.4736
20
204.5988
0
VERTEX
8
CUT
10
156.4606
20
204.6432
0
VERTEX
8
CUT
10
156.4392
20
204.7238
0
VERTEX
8
CUT
10
156.4309
20
204.7580
0
VERTEX
8
CUT
10
156.4243
20
204.7908
0
VERTEX
8
CUT
10
156.4105
20
204.8682
0
VERTEX
8
CUT
10
156.4034
20
204.9141
0
VERTEX
8
CUT
10
156.4015
20
204.9295
0
VERTEX
8
CUT
10
156.3999
20
204.9428
0
VERTEX
8
CUT
10
155.9763
20
208.7439
0
VERTEX
8
CUT
10
155.9750
20
208.7565
0
VERTEX
8
CUT
10
155.9722
20
208.7858
0
VERTEX
8
CUT
10
155.9710
20
208.7984
0
VERTEX
8
CUT
10
155.9698
20
208.8138
0
VERTEX
8
CUT
10
155.9688
20
208.8264
0
VERTEX
8
CUT
10
155.9668
20
208.8558
0
VERTEX
8
CUT
10
155.9660
20
208.8684
0
VERTEX
8
CUT
10
155.9654
20
208.8785
0
VERTEX
8
CUT
10
155.9648
20
208.8911
0
VERTEX
8
CUT
10
155.9636
20
208.9206
0
VERTEX
8
CUT
10
155.9632
20
208.9332
0
VERTEX
8
CUT
10
155.9628
20
208.9486
0
VERTEX
8
CUT
10
155.9626
20
208.9612
0
VERTEX
8
CUT
10
155.9622
20
208.9907
0
VERTEX
8
CUT
10
155.9621
20
209.0033
0
VERTEX
8
CUT
10
155.9636
20
210.1304
0
VERTEX
8
CUT
10
155.9637
20
210.1442
0
VERTEX
8
CUT
10
155.9643
20
210.1765
0
VERTEX
8
CUT
10
155.9646
20
210.1904
0
VERTEX
8
CUT
10
155.9651
20
210.2073
0
VERTEX
8
CUT
10
155.9657
20
210.2211
0
VERTEX
8
CUT
10
155.9672
20
210.2534
0
VERTEX
8
CUT
10
155.9680
20
210.2672
0
VERTEX
8
CUT
10
155.9687
20
210.2783
0
VERTEX
8
CUT
10
155.9697
20
210.2921
0
VERTEX
8
CUT
10
155.9722
20
210.3244
0
VERTEX
8
CUT
10
155.9734
20
210.3382
0
VERTEX
8
CUT
10
155.9750
20
210.3550
0
VERTEX
8
CUT
10
155.9764
20
210.3688
0
VERTEX
8
CUT
10
155.9799
20
210.4009
0
VERTEX
8
CUT
10
155.9815
20
210.4147
0
VERTEX
8
CUT
10
156.2768
20
212.7749
0
VERTEX
8
CUT
10
156.2779
20
212.7839
0
VERTEX
8
CUT
10
156.2790
20
212.7921
0
VERTEX
8
CUT
10
156.2845
20
212.8270
0
VERTEX
8
CUT
10
156.2955
20
212.8896
0
VERTEX
8
CUT
10
156.3001
20
212.9138
0
VERTEX
8
CUT
10
156.3063
20
212.9415
0
VERTEX
8
CUT
10
156.3202
20
212.9992
0
VERTEX
8
CUT
10
156.3291
20
213.0335
0
VERTEX
8
CUT
10
156.3323
20
213.0448
0
VERTEX
8
CUT
10
156.3352
20
213.0547
0
VERTEX
8
CUT
10
156.9281
20
215.0646
0
VERTEX
8
CUT
10
156.9329
20
215.0802
0
VERTEX
8
CUT
10
156.9442
20
215.1163
0
VERTEX
8
CUT
10
156.9493
20
215.1318
0
VERTEX
8
CUT
10
156.9555
20
215.1505
0
VERTEX
8
CUT
10
156.9608
20
215.1659
0
VERTEX
8
CUT
10
156.9735
20
215.2016
0
VERTEX
8
CUT
10
156.9791
20
215.2169
0
VERTEX
8
CUT
10
156.9836
20
215.2290
0
VERTEX
8
CUT
10
156.9895
20
215.2442
0
VERTEX
8
CUT
10
157.0034
20
215.2794
0
VERTEX
8
CUT
10
157.0096
20
215.2945
0
VERTEX
8
CUT
10
157.0172
20
215.3128
0
VERTEX
8
CUT
10
157.0236
20
215.3277
0
VERTEX
8
CUT
10
157.0388
20
215.3624
0
VERTEX
8
CUT
10
157.0455
20
215.3772
0
VERTEX
8
CUT
10
158.3128
20
218.1314
0
VERTEX
8
CUT
10
158.3168
20
218.1400
0
VERTEX
8
CUT
10
158.3205
20
218.1477
0
VERTEX
8
CUT
10
158.3369
20
218.1806
0
VERTEX
8
CUT
10
158.3676
20
218.2392
0
VERTEX
8
CUT
10
158.3799
20
218.2618
0
VERTEX
8
CUT
10
158.3948
20
218.2873
0
VERTEX
8
CUT
10
158.4270
20
218.3400
0
VERTEX
8
CUT
10
158.4468
20
218.3711
0
VERTEX
8
CUT
10
158.4536
20
218.3813
0
VERTEX
8
CUT
10
158.4596
20
218.3901
0
VERTEX
8
CUT
10
159.3622
20
219.7085
0
VERTEX
8
CUT
10
159.3701
20
219.7204
0
VERTEX
8
CUT
10
159.4207
20
219.7982
0
VERTEX
8
CUT
10
159.4283
20
219.8102
0
VERTEX
8
CUT
10
159.4576
20
219.8577
0
VERTEX
8
CUT
10
159.4720
20
219.8823
0
VERTEX
8
CUT
10
159.5606
20
220.0424
0
VERTEX
8
CUT
10
159.5858
20
220.0936
0
VERTEX
8
CUT
10
159.6577
20
220.2591
0
VERTEX
8
CUT
10
159.6779
20
220.3125
0
VERTEX
8
CUT
10
159.7338
20
220.4841
0
VERTEX
8
CUT
10
159.7489
20
220.5391
0
VERTEX
8
CUT
10
159.7882
20
220.7152
0
VERTEX
8
CUT
10
159.7980
20
220.7715
0
VERTEX
8
CUT
10
159.8204
20
220.9505
0
VERTEX
8
CUT
10
159.8248
20
221.0074
0
VERTEX
8
CUT
10
159.8301
20
221.1878
0
VERTEX
8
CUT
10
159.8291
20
221.2449
0
VERTEX
8
CUT
10
159.8172
20
221.4250
0
VERTEX
8
CUT
10
159.8107
20
221.4817
0
VERTEX
8
CUT
10
159.7818
20
221.6598
0
VERTEX
8
CUT
10
159.7700
20
221.7156
0
VERTEX
8
CUT
10
159.7243
20
221.8902
0
VERTEX
8
CUT
10
159.7072
20
221.9447
0
VERTEX
8
CUT
10
159.6451
20
222.1141
0
VERTEX
8
CUT
10
159.6229
20
222.1667
0
VERTEX
8
CUT
10
159.5440
20
222.3317
0
VERTEX
8
CUT
10
159.5310
20
222.3572
0
VERTEX
8
CUT
10
159.5046
20
222.4062
0
VERTEX
8
CUT
10
159.4977
20
222.4187
0
VERTEX
8
CUT
10
159.4518
20
222.4993
0
VERTEX
8
CUT
10
159.4445
20
222.5116
0
VERTEX
8
CUT
10
159.1710
20
222.9664
0
VERTEX
8
CUT
10
159.1676
20
222.9720
0
VERTEX
8
CUT
10
159.1622
20
222.9811
0
VERTEX
8
CUT
10
159.1465
20
223.0087
0
VERTEX
8
CUT
10
159.1191
20
223.0591
0
VERTEX
8
CUT
10
159.1074
20
223.0813
0
VERTEX
8
CUT
10
159.0963
20
223.1031
0
VERTEX
8
CUT
10
159.0928
20
223.1100
0
VERTEX
8
CUT
10
159.0903
20
223.1151
0
VERTEX
8
CUT
10
159.0762
20
223.1446
0
VERTEX
8
CUT
10
159.0507
20
223.2007
0
VERTEX
8
CUT
10
159.0398
20
223.2259
0
VERTEX
8
CUT
10
158.5210
20
224.4680
0
VERTEX
8
CUT
10
158.5029
20
224.5151
0
VERTEX
8
CUT
10
158.4721
20
224.6022
0
VERTEX
8
CUT
10
158.4439
20
224.6991
0
VERTEX
8
CUT
10
158.4231
20
224.7891
0
VERTEX
8
CUT
10
158.4131
20
224.8386
0
VERTEX
8
CUT
10
158.0550
20
226.9089
0
VERTEX
8
CUT
10
158.0475
20
226.9609
0
VERTEX
8
CUT
10
158.0367
20
227.0564
0
VERTEX
8
CUT
10
158.0310
20
227.1611
0
VERTEX
8
CUT
10
158.0314
20
227.2572
0
VERTEX
8
CUT
10
158.0331
20
227.3097
0
VERTEX
8
CUT
10
158.0945
20
228.2987
0
VERTEX
8
CUT
10
158.0985
20
228.3436
0
VERTEX
8
CUT
10
158.1077
20
228.4256
0
VERTEX
8
CUT
10
158.1223
20
228.5145
0
VERTEX
8
CUT
10
158.1349
20
228.5731
0
VERTEX
8
CUT
10
158.1583
20
228.6601
0
VERTEX
8
CUT
10
158.1767
20
228.7172
0
VERTEX
8
CUT
10
158.2086
20
228.8014
0
VERTEX
8
CUT
10
158.2327
20
228.8564
0
VERTEX
8
CUT
10
158.2729
20
228.9370
0
VERTEX
8
CUT
10
158.3023
20
228.9893
0
VERTEX
8
CUT
10
158.3504
20
229.0654
0
VERTEX
8
CUT
10
158.3849
20
229.1145
0
VERTEX
8
CUT
10
158.4403
20
229.1855
0
VERTEX
8
CUT
10
158.4796
20
229.2309
0
VERTEX
8
CUT
10
158.5418
20
229.2960
0
VERTEX
8
CUT
10
158.5854
20
229.3372
0
VERTEX
8
CUT
10
158.6539
20
229.3957
0
VERTEX
8
CUT
10
158.7014
20
229.4324
0
VERTEX
8
CUT
10
158.7753
20
229.4838
0
VERTEX
8
CUT
10
158.8262
20
229.5155
0
VERTEX
8
CUT
10
158.9050
20
229.5592
0
VERTEX
8
CUT
10
158.9588
20
229.5857
0
VERTEX
8
CUT
10
159.0415
20
229.6214
0
VERTEX
8
CUT
10
159.0977
20
229.6423
0
VERTEX
8
CUT
10
159.1836
20
229.6695
0
VERTEX
8
CUT
10
159.2416
20
229.6848
0
VERTEX
8
CUT
10
159.3298
20
229.7033
0
VERTEX
8
CUT
10
159.3890
20
229.7126
0
VERTEX
8
CUT
10
159.4786
20
229.7222
0
VERTEX
8
CUT
10
159.5385
20
229.7256
0
VERTEX
8
CUT
10
159.6286
20
229.7262
0
VERTEX
8
CUT
10
159.6885
20
229.7235
0
VERTEX
8
CUT
10
159.7782
20
229.7151
0
VERTEX
8
CUT
10
159.8375
20
229.7065
0
VERTEX
8
CUT
10
159.9259
20
229.6891
0
VERTEX
8
CUT
10
159.9841
20
229.6746
0
VERTEX
8
CUT
10
160.0703
20
229.6485
0
VERTEX
8
CUT
10
160.1268
20
229.6283
0
VERTEX
8
CUT
10
160.2100
20
229.5937
0
VERTEX
8
CUT
10
160.2641
20
229.5679
0
VERTEX
8
CUT
10
160.3434
20
229.5252
0
VERTEX
8
CUT
10
160.3947
20
229.4941
0
VERTEX
8
CUT
10
160.4693
20
229.4436
0
VERTEX
8
CUT
10
160.5353
20
229.3940
0
VERTEX
8
CUT
10
160.5706
20
229.3661
0
VERTEX
8
CUT
10
160.6712
20
229.2823
0
VERTEX
8
CUT
10
160.7172
20
229.2475
0
VERTEX
8
CUT
10
160.8678
20
229.1448
0
VERTEX
8
CUT
10
160.9169
20
229.1147
0
VERTEX
8
CUT
10
161.0767
20
229.0269
0
VERTEX
8
CUT
10
161.1285
20
229.0016
0
VERTEX
8
CUT
10
161.2959
20
228.9295
0
VERTEX
8
CUT
10
161.3499
20
228.9093
0
VERTEX
8
CUT
10
161.5235
20
228.8537
0
VERTEX
8
CUT
10
161.5791
20
228.8387
0
VERTEX
8
CUT
10
161.7573
20
228.8000
0
VERTEX
8
CUT
10
161.8141
20
228.7905
0
VERTEX
8
CUT
10
161.9951
20
228.7690
0
VERTEX
8
CUT
10
162.0526
20
228.7650
0
VERTEX
8
CUT
10
162.2349
20
228.7610
0
VERTEX
8
CUT
10
162.2925
20
228.7625
0
VERTEX
8
CUT
10
162.4743
20
228.7760
0
VERTEX
8
CUT
10
162.5315
20
228.7831
0
VERTEX
8
CUT
10
162.7111
20
228.8140
0
VERTEX
8
CUT
10
162.7674
20
228.8265
0
VERTEX
8
CUT
10
162.9433
20
228.8745
0
VERTEX
8
CUT
10
162.9981
20
228.8923
0
VERTEX
8
CUT
10
163.1685
20
228.9570
0
VERTEX
8
CUT
10
163.2214
20
228.9800
0
VERTEX
8
CUT
10
163.3848
20
229.0607
0
VERTEX
8
CUT
10
163.4352
20
229.0887
0
VERTEX
8
CUT
10
163.5901
20
229.1847
0
VERTEX
8
CUT
10
163.6376
20
229.2174
0
VERTEX
8
CUT
10
163.7846
20
229.3294
0
VERTEX
8
CUT
10
163.8071
20
229.3474
0
VERTEX
8
CUT
10
163.8502
20
229.3837
0
VERTEX
8
CUT
10
163.8611
20
229.3931
0
VERTEX
8
CUT
10
163.9314
20
229.4551
0
VERTEX
8
CUT
10
163.9421
20
229.4648
0
VERTEX
8
CUT
10
167.1294
20
232.4171
0
VERTEX
8
CUT
10
167.1379
20
232.4248
0
VERTEX
8
CUT
10
167.1576
20
232.4426
0
VERTEX
8
CUT
10
167.1661
20
232.4502
0
VERTEX
8
CUT
10
167.1766
20
232.4594
0
VERTEX
8
CUT
10
167.1852
20
232.4669
0
VERTEX
8
CUT
10
167.2054
20
232.4842
0
VERTEX
8
CUT
10
167.2141
20
232.4916
0
VERTEX
8
CUT
10
167.2296
20
232.5045
0
VERTEX
8
CUT
10
167.2384
20
232.5118
0
VERTEX
8
CUT
10
167.2590
20
232.5286
0
VERTEX
8
CUT
10
167.2679
20
232.5358
0
VERTEX
8
CUT
10
167.2788
20
232.5444
0
VERTEX
8
CUT
10
167.2878
20
232.5515
0
VERTEX
8
CUT
10
167.3088
20
232.5677
0
VERTEX
8
CUT
10
167.3179
20
232.5747
0
VERTEX
8
CUT
10
179.3213
20
241.6196
0
VERTEX
8
CUT
10
179.3291
20
241.6257
0
VERTEX
8
CUT
10
179.3835
20
241.6681
0
VERTEX
8
CUT
10
179.3918
20
241.6747
0
VERTEX
8
CUT
10
179.4587
20
241.7287
0
VERTEX
8
CUT
10
179.4667
20
241.7353
0
VERTEX
8
CUT
10
179.5188
20
241.7790
0
VERTEX
8
CUT
10
179.5272
20
241.7862
0
VERTEX
8
CUT
10
181.2920
20
243.3213
0
VERTEX
8
CUT
10
181.3050
20
243.3329
0
VERTEX
8
CUT
10
181.3878
20
243.4093
0
VERTEX
8
CUT
10
181.4004
20
243.4212
0
VERTEX
8
CUT
10
181.5016
20
243.5201
0
VERTEX
8
CUT
10
181.5138
20
243.5324
0
VERTEX
8
CUT
10
181.5921
20
243.6135
0
VERTEX
8
CUT
10
181.6040
20
243.6261
0
VERTEX
8
CUT
10
184.2318
20
246.5087
0
VERTEX
8
CUT
10
184.2406
20
246.5185
0
VERTEX
8
CUT
10
184.2972
20
246.5835
0
VERTEX
8
CUT
10
184.3058
20
246.5935
0
VERTEX
8
CUT
10
184.3390
20
246.6333
0
VERTEX
8
CUT
10
184.3555
20
246.6540
0
VERTEX
8
CUT
10
184.4598
20
246.7910
0
VERTEX
8
CUT
10
184.4754
20
246.8125
0
VERTEX
8
CUT
10
184.5049
20
246.8550
0
VERTEX
8
CUT
10
184.5124
20
246.8660
0
VERTEX
8
CUT
10
184.5599
20
246.9378
0
VERTEX
8
CUT
10
184.5671
20
246.9489
0
VERTEX
8
CUT
10
186.4864
20
249.9933
0
VERTEX
8
CUT
10
186.4959
20
250.0088
0
VERTEX
8
CUT
10
186.5556
20
250.1101
0
VERTEX
8
CUT
10
186.5645
20
250.1259
0
VERTEX
8
CUT
10
186.5646
20
250.1261
0
VERTEX
8
CUT
10
186.6356
20
250.2553
0
VERTEX
8
CUT
10
186.6441
20
250.2713
0
VERTEX
8
CUT
10
186.6976
20
250.3761
0
VERTEX
8
CUT
10
186.7056
20
250.3924
0
VERTEX
8
CUT
10
187.5113
20
252.0959
0
VERTEX
8
CUT
10
187.5184
20
252.1116
0
VERTEX
8
CUT
10
187.5634
20
252.2141
0
VERTEX
8
CUT
10
187.5701
20
252.2300
0
VERTEX
8
CUT
10
187.6227
20
252.3602
0
VERTEX
8
CUT
10
187.6290
20
252.3763
0
VERTEX
8
CUT
10
187.6680
20
252.4812
0
VERTEX
8
CUT
10
187.6737
20
252.4975
0
VERTEX
8
CUT
10
188.2586
20
254.2222
0
VERTEX
8
CUT
10
188.2639
20
254.2386
0
VERTEX
8
CUT
10
188.2829
20
254.3003
0
VERTEX
8
CUT
10
188.2976
20
254.3442
0
VERTEX
8
CUT
10
188.3266
20
254.4238
0
VERTEX
8
CUT
10
188.3627
20
254.5089
0
VERTEX
8
CUT
10
188.3897
20
254.5643
0
VERTEX
8
CUT
10
188.4343
20
254.6452
0
VERTEX
8
CUT
10
188.4668
20
254.6975
0
VERTEX
8
CUT
10
188.5195
20
254.7735
0
VERTEX
8
CUT
10
188.5571
20
254.8222
0
VERTEX
8
CUT
10
188.6174
20
254.8924
0
VERTEX
8
CUT
10
188.6598
20
254.9369
0
VERTEX
8
CUT
10
188.7269
20
255.0005
0
VERTEX
8
CUT
10
188.7737
20
255.0405
0
VERTEX
8
CUT
10
188.8470
20
255.0969
0
VERTEX
8
CUT
10
188.9167
20
255.1450
0
VERTEX
8
CUT
10
188.9555
20
255.1703
0
VERTEX
8
CUT
10
189.2728
20
255.3662
0
VERTEX
8
CUT
10
190.7591
20
256.0488
0
VERTEX
8
CUT
10
190.7705
20
256.0539
0
VERTEX
8
CUT
10
190.7781
20
256.0572
0
VERTEX
8
CUT
10
190.8285
20
256.0778
0
VERTEX
8
CUT
10
190.9028
20
256.1054
0
VERTEX
8
CUT
10
190.9875
20
256.1322
0
VERTEX
8
CUT
10
191.0456
20
256.1475
0
VERTEX
8
CUT
10
191.0696
20
256.1526
0
VERTEX
8
CUT
10
191.1112
20
256.1595
0
VERTEX
8
CUT
10
191.1539
20
256.1656
0
VERTEX
8
CUT
10
191.1673
20
256.1671
0
VERTEX
8
CUT
10
191.1795
20
256.1685
0
VERTEX
8
CUT
10
192.5097
20
256.3054
0
VERTEX
8
CUT
10
193.0306
20
256.3559
0
VERTEX
8
CUT
10
193.0405
20
256.3568
0
VERTEX
8
CUT
10
193.0471
20
256.3573
0
VERTEX
8
CUT
10
193.0900
20
256.3600
0
VERTEX
8
CUT
10
193.1525
20
256.3623
0
VERTEX
8
CUT
10
193.2226
20
256.3622
0
VERTEX
8
CUT
10
193.2697
20
256.3603
0
VERTEX
8
CUT
10
193.3343
20
256.3554
0
VERTEX
8
CUT
10
193.3840
20
256.3498
0
VERTEX
8
CUT
10
193.4230
20
256.3445
0
VERTEX
8
CUT
10
193.4351
20
256.3426
0
VERTEX
8
CUT
10
193.4460
20
256.3409
0
VERTEX
8
CUT
10
196.0269
20
255.9023
0
VERTEX
8
CUT
10
196.0394
20
255.9001
0
VERTEX
8
CUT
10
196.0476
20
255.8986
0
VERTEX
8
CUT
10
196.1017
20
255.8869
0
VERTEX
8
CUT
10
196.1473
20
255.8755
0
VERTEX
8
CUT
10
196.4518
20
255.7651
0
VERTEX
8
CUT
10
196.4561
20
255.7631
0
VERTEX
8
CUT
10
196.5005
20
255.7409
0
VERTEX
8
CUT
10
196.5147
20
255.7333
0
VERTEX
8
CUT
10
196.5271
20
255.7265
0
VERTEX
8
CUT
10
198.0704
20
254.8694
0
VERTEX
8
CUT
10
198.0817
20
254.8630
0
VERTEX
8
CUT
10
198.0918
20
254.8572
0
VERTEX
8
CUT
10
198.1346
20
254.8311
0
VERTEX
8
CUT
10
198.2101
20
254.7819
0
VERTEX
8
CUT
10
198.2415
20
254.7604
0
VERTEX
8
CUT
10
198.2704
20
254.7387
0
VERTEX
8
CUT
10
198.3373
20
254.6862
0
VERTEX
8
CUT
10
198.3760
20
254.6541
0
VERTEX
8
CUT
10
198.3885
20
254.6430
0
VERTEX
8
CUT
10
198.3994
20
254.6333
0
VERTEX
8
CUT
10
199.3119
20
253.8044
0
VERTEX
8
CUT
10
199.3191
20
253.7978
0
VERTEX
8
CUT
10
199.3255
20
253.7918
0
VERTEX
8
CUT
10
199.3525
20
253.7657
0
VERTEX
8
CUT
10
199.4001
20
253.7176
0
VERTEX
8
CUT
10
199.4199
20
253.6970
0
VERTEX
8
CUT
10
199.4381
20
253.6767
0
VERTEX
8
CUT
10
199.4659
20
253.6446
0
VERTEX
8
CUT
10
199.4893
20
253.6165
0
VERTEX
8
CUT
10
199.4972
20
253.6065
0
VERTEX
8
CUT
10
199.5041
20
253.5978
0
VERTEX
8
CUT
10
200.2665
20
252.6147
0
VERTEX
8
CUT
10
200.2740
20
252.6049
0
VERTEX
8
CUT
10
200.2807
20
252.5960
0
VERTEX
8
CUT
10
200.3085
20
252.5570
0
VERTEX
8
CUT
10
200.3566
20
252.4856
0
VERTEX
8
CUT
10
200.3762
20
252.4550
0
VERTEX
8
CUT
10
200.3937
20
252.4252
0
VERTEX
8
CUT
10
200.4332
20
252.3542
0
VERTEX
8
CUT
10
200.4555
20
252.3117
0
VERTEX
8
CUT
10
200.4625
20
252.2973
0
VERTEX
8
CUT
10
200.4685
20
252.2848
0
VERTEX
8
CUT
10
201.7270
20
249.6085
0
VERTEX
8
CUT
10
201.7319
20
249.5979
0
VERTEX
8
CUT
10
201.7362
20
249.5883
0
VERTEX
8
CUT
10
201.7539
20
249.5467
0
VERTEX
8
CUT
10
201.7837
20
249.4712
0
VERTEX
8
CUT
10
201.7957
20
249.4391
0
VERTEX
8
CUT
10
201.8058
20
249.4080
0
VERTEX
8
CUT
10
201.8282
20
249.3348
0
VERTEX
8
CUT
10
201.8404
20
249.2912
0
VERTEX
8
CUT
10
201.8440
20
249.2765
0
VERTEX
8
CUT
10
201.8471
20
249.2638
0
VERTEX
8
CUT
10
202.1755
20
247.8734
0
VERTEX
8
CUT
10
202.1778
20
247.8635
0
VERTEX
8
CUT
10
202.1798
20
247.8545
0
VERTEX
8
CUT
10
202.1877
20
247.8157
0
VERTEX
8
CUT
10
202.2002
20
247.7456
0
VERTEX
8
CUT
10
202.2049
20
247.7159
0
VERTEX
8
CUT
10
202.2085
20
247.6874
0
VERTEX
8
CUT
10
202.2156
20
247.6207
0
VERTEX
8
CUT
10
202.2190
20
247.5811
0
VERTEX
8
CUT
10
202.2198
20
247.5679
0
VERTEX
8
CUT
10
202.2205
20
247.5564
0
VERTEX
8
CUT
10
202.3929
20
244.1073
0
VERTEX
8
CUT
10
202.3933
20
244.0975
0
VERTEX
8
CUT
10
202.3937
20
244.0887
0
VERTEX
8
CUT
10
202.3943
20
244.0507
0
VERTEX
8
CUT
10
202.3941
20
243.9823
0
VERTEX
8
CUT
10
202.3935
20
243.9534
0
VERTEX
8
CUT
10
202.3921
20
243.9260
0
VERTEX
8
CUT
10
202.3875
20
243.8617
0
VERTEX
8
CUT
10
202.3841
20
243.8237
0
VERTEX
8
CUT
10
202.3826
20
243.8111
0
VERTEX
8
CUT
10
202.3813
20
243.8001
0
VERTEX
8
CUT
10
202.0103
20
240.8406
0
VERTEX
8
CUT
10
202.0094
20
240.8338
0
VERTEX
8
CUT
10
202.0073
20
240.8180
0
VERTEX
8
CUT
10
202.0069
20
240.8153
0
VERTEX
8
CUT
10
202.0025
20
240.7869
0
VERTEX
8
CUT
10
201.9965
20
240.7519
0
VERTEX
8
CUT
10
201.9845
20
240.6937
0
VERTEX
8
CUT
10
201.9677
20
240.6238
0
VERTEX
8
CUT
10
201.9594
20
240.5917
0
VERTEX
8
CUT
10
201.6366
20
239.4370
0
VERTEX
8
CUT
10
201.1573
20
237.7342
0
VERTEX
8
CUT
10
201.1532
20
237.7198
0
VERTEX
8
CUT
10
201.1431
20
237.6862
0
VERTEX
8
CUT
10
201.1387
20
237.6719
0
VERTEX
8
CUT
10
201.1332
20
237.6547
0
VERTEX
8
CUT
10
201.1286
20
237.6405
0
VERTEX
8
CUT
10
201.1192
20
237.6125
0
VERTEX
8
CUT
10
201.1077
20
237.5817
0
VERTEX
8
CUT
10
201.1023
20
237.5677
0
VERTEX
8
CUT
10
201.0956
20
237.5506
0
VERTEX
8
CUT
10
201.0901
20
237.5366
0
VERTEX
8
CUT
10
201.0767
20
237.5042
0
VERTEX
8
CUT
10
201.0709
20
237.4903
0
VERTEX
8
CUT
10
199.9059
20
234.7828
0
VERTEX
8
CUT
10
199.9031
20
234.7764
0
VERTEX
8
CUT
10
199.8965
20
234.7614
0
VERTEX
8
CUT
10
199.8954
20
234.7589
0
VERTEX
8
CUT
10
199.8828
20
234.7319
0
VERTEX
8
CUT
10
199.8581
20
234.6809
0
VERTEX
8
CUT
10
199.8292
20
234.6263
0
VERTEX
8
CUT
10
199.7920
20
234.5616
0
VERTEX
8
CUT
10
199.7744
20
234.5321
0
VERTEX
8
CUT
10
198.1516
20
231.9391
0
VERTEX
8
CUT
10
198.1437
20
231.9268
0
VERTEX
8
CUT
10
198.1252
20
231.8982
0
VERTEX
8
CUT
10
198.1171
20
231.8860
0
VERTEX
8
CUT
10
198.1073
20
231.8714
0
VERTEX
8
CUT
10
198.0991
20
231.8594
0
VERTEX
8
CUT
10
198.0821
20
231.8350
0
VERTEX
8
CUT
10
198.0637
20
231.8102
0
VERTEX
8
CUT
10
198.0550
20
231.7986
0
VERTEX
8
CUT
10
198.0441
20
231.7846
0
VERTEX
8
CUT
10
198.0352
20
231.7731
0
VERTEX
8
CUT
10
198.0141
20
231.7465
0
VERTEX
8
CUT
10
198.0049
20
231.7352
0
VERTEX
8
CUT
10
195.9090
20
229.1837
0
VERTEX
8
CUT
10
195.9009
20
229.1739
0
VERTEX
8
CUT
10
195.8817
20
229.1513
0
VERTEX
8
CUT
10
195.8734
20
229.1416
0
VERTEX
8
CUT
10
195.8633
20
229.1299
0
VERTEX
8
CUT
10
195.8549
20
229.1204
0
VERTEX
8
CUT
10
195.8351
20
229.0983
0
VERTEX
8
CUT
10
195.8266
20
229.0889
0
VERTEX
8
CUT
10
195.8196
20
229.0814
0
VERTEX
8
CUT
10
195.8110
20
229.0721
0
VERTEX
8
CUT
10
195.7942
20
229.0544
0
VERTEX
8
CUT
10
195.7907
20
229.0507
0
VERTEX
8
CUT
10
195.7819
20
229.0415
0
VERTEX
8
CUT
10
195.7711
20
229.0305
0
VERTEX
8
CUT
10
195.7622
20
229.0215
0
VERTEX
8
CUT
10
195.7413
20
229.0006
0
VERTEX
8
CUT
10
195.7322
20
228.9917
0
VERTEX
8
CUT
10
193.2055
20
226.5431
0
VERTEX
8
CUT
10
193.1976
20
226.5356
0
VERTEX
8
CUT
10
193.1791
20
226.5180
0
VERTEX
8
CUT
10
193.1711
20
226.5105
0
VERTEX
8
CUT
10
193.1612
20
226.5015
0
VERTEX
8
CUT
10
193.1531
20
226.4941
0
VERTEX
8
CUT
10
193.1364
20
226.4790
0
VERTEX
8
CUT
10
193.1189
20
226.4639
0
VERTEX
8
CUT
10
193.1105
20
226.4569
0
VERTEX
8
CUT
10
193.1002
20
226.4483
0
VERTEX
8
CUT
10
193.0918
20
226.4413
0
VERTEX
8
CUT
10
193.0720
20
226.4251
0
VERTEX
8
CUT
10
193.0635
20
226.4182
0
VERTEX
8
CUT
10
190.0204
20
223.9934
0
VERTEX
8
CUT
10
190.0127
20
223.9874
0
VERTEX
8
CUT
10
189.9949
20
223.9735
0
VERTEX
8
CUT
10
189.9872
20
223.9676
0
VERTEX
8
CUT
10
189.9778
20
223.9604
0
VERTEX
8
CUT
10
189.9700
20
223.9546
0
VERTEX
8
CUT
10
189.9519
20
223.9410
0
VERTEX
8
CUT
10
189.9441
20
223.9353
0
VERTEX
8
CUT
10
189.9378
20
223.9307
0
VERTEX
8
CUT
10
189.9299
20
223.9250
0
VERTEX
8
CUT
10
189.9115
20
223.9119
0
VERTEX
8
CUT
10
189.9036
20
223.9063
0
VERTEX
8
CUT
10
189.8938
20
223.8995
0
VERTEX
8
CUT
10
189.8859
20
223.8941
0
VERTEX
8
CUT
10
189.8674
20
223.8815
0
VERTEX
8
CUT
10
189.8594
20
223.8761
0
VERTEX
8
CUT
10
181.5920
20
218.3822
0
VERTEX
8
CUT
10
181.5772
20
218.3720
0
VERTEX
8
CUT
10
181.5616
20
218.3610
0
VERTEX
8
CUT
10
181.5439
20
218.3492
0
VERTEX
8
CUT
10
181.5316
20
218.3408
0
VERTEX
8
CUT
10
181.4524
20
218.2854
0
VERTEX
8
CUT
10
181.4404
20
218.2767
0
VERTEX
8
CUT
10
181.3428
20
218.2046
0
VERTEX
8
CUT
10
181.3309
20
218.1956
0
VERTEX
8
CUT
10
181.2546
20
218.1363
0
VERTEX
8
CUT
10
181.2430
20
218.1270
0
VERTEX
8
CUT
10
179.2185
20
216.4706
0
VERTEX
8
CUT
10
179.2063
20
216.4602
0
VERTEX
8
CUT
10
179.1273
20
216.3920
0
VERTEX
8
CUT
10
179.1153
20
216.3814
0
VERTEX
8
CUT
10
179.0185
20
216.2931
0
VERTEX
8
CUT
10
179.0068
20
216.2822
0
VERTEX
8
CUT
10
178.9316
20
216.2098
0
VERTEX
8
CUT
10
178.9202
20
216.1985
0
VERTEX
8
CUT
10
178.5448
20
215.8176
0
VERTEX
8
CUT
10
178.5094
20
215.7873
0
VERTEX
8
CUT
10
178.4935
20
215.7733
0
VERTEX
8
CUT
10
178.3919
20
215.6802
0
VERTEX
8
CUT
10
178.3765
20
215.6656
0
VERTEX
8
CUT
10
178.2534
20
215.5445
0
VERTEX
8
CUT
10
178.2385
20
215.5294
0
VERTEX
8
CUT
10
178.1438
20
215.4294
0
VERTEX
8
CUT
10
178.1295
20
215.4137
0
VERTEX
8
CUT
10
177.9804
20
215.2448
0
VERTEX
8
CUT
10
177.3967
20
214.6524
0
VERTEX
8
CUT
10
177.3824
20
214.6374
0
VERTEX
8
CUT
10
177.2914
20
214.5384
0
VERTEX
8
CUT
10
177.2776
20
214.5229
0
VERTEX
8
CUT
10
177.1678
20
214.3948
0
VERTEX
8
CUT
10
177.1546
20
214.3789
0
VERTEX
8
CUT
10
177.0705
20
214.2738
0
VERTEX
8
CUT
10
177.0579
20
214.2574
0
VERTEX
8
CUT
10
176.7816
20
213.8863
0
VERTEX
8
CUT
10
176.4843
20
213.5494
0
VERTEX
8
CUT
10
176.4750
20
213.5387
0
VERTEX
8
CUT
10
176.4157
20
213.4681
0
VERTEX
8
CUT
10
176.4067
20
213.4572
0
VERTEX
8
CUT
10
176.3720
20
213.4140
0
VERTEX
8
CUT
10
176.3548
20
213.3914
0
VERTEX
8
CUT
10
176.2465
20
213.2424
0
VERTEX
8
CUT
10
176.2304
20
213.2191
0
VERTEX
8
CUT
10
176.2000
20
213.1728
0
VERTEX
8
CUT
10
176.1923
20
213.1608
0
VERTEX
8
CUT
10
176.1436
20
213.0826
0
VERTEX
8
CUT
10
176.1362
20
213.0705
0
VERTEX
8
CUT
10
175.9897
20
212.8227
0
VERTEX
8
CUT
10
175.7028
20
212.4374
0
VERTEX
8
CUT
10
175.6954
20
212.4273
0
VERTEX
8
CUT
10
175.6481
20
212.3609
0
VERTEX
8
CUT
10
175.6410
20
212.3506
0
VERTEX
8
CUT
10
175.6134
20
212.3101
0
VERTEX
8
CUT
10
175.5997
20
212.2891
0
VERTEX
8
CUT
10
175.5136
20
212.1507
0
VERTEX
8
CUT
10
175.5008
20
212.1291
0
VERTEX
8
CUT
10
175.4767
20
212.0864
0
VERTEX
8
CUT
10
175.4706
20
212.0755
0
VERTEX
8
CUT
10
175.4320
20
212.0037
0
VERTEX
8
CUT
10
175.4262
20
211.9926
0
VERTEX
8
CUT
10
175.0513
20
211.2596
0
VERTEX
8
CUT
10
175.0454
20
211.2477
0
VERTEX
8
CUT
10
175.0076
20
211.1696
0
VERTEX
8
CUT
10
175.0019
20
211.1575
0
VERTEX
8
CUT
10
174.9803
20
211.1101
0
VERTEX
8
CUT
10
174.9697
20
211.0856
0
VERTEX
8
CUT
10
174.9048
20
210.9248
0
VERTEX
8
CUT
10
174.8954
20
210.8999
0
VERTEX
8
CUT
10
174.8780
20
210.8507
0
VERTEX
8
CUT
10
174.8737
20
210.8381
0
VERTEX
8
CUT
10
174.8467
20
210.7556
0
VERTEX
8
CUT
10
174.8427
20
210.7429
0
VERTEX
8
CUT
10
174.5371
20
209.7365
0
VERTEX
8
CUT
10
174.2484
20
208.7971
0
VERTEX
8
CUT
10
174.2449
20
208.7853
0
VERTEX
8
CUT
10
174.2230
20
208.7086
0
VERTEX
8
CUT
10
174.2198
20
208.6968
0
VERTEX
8
CUT
10
174.2076
20
208.6504
0
VERTEX
8
CUT
10
174.2018
20
208.6266
0
VERTEX
8
CUT
10
174.1676
20
208.4708
0
VERTEX
8
CUT
10
174.1628
20
208.4468
0
VERTEX
8
CUT
10
174.1544
20
208.3995
0
VERTEX
8
CUT
10
174.1524
20
208.3874
0
VERTEX
8
CUT
10
174.1401
20
208.3086
0
VERTEX
8
CUT
10
174.1383
20
208.2965
0
VERTEX
8
CUT
10
174.0152
20
207.3865
0
VERTEX
8
CUT
10
174.0139
20
207.3760
0
VERTEX
8
CUT
10
174.0052
20
207.3025
0
VERTEX
8
CUT
10
174.0040
20
207.2915
0
VERTEX
8
CUT
10
173.9993
20
207.2433
0
VERTEX
8
CUT
10
173.9974
20
207.2200
0
VERTEX
8
CUT
10
173.9887
20
207.0745
0
VERTEX
8
CUT
10
173.9878
20
207.0520
0
VERTEX
8
CUT
10
173.9870
20
207.0130
0
VERTEX
8
CUT
10
173.9868
20
207.0024
0
VERTEX
8
CUT
10
173.9865
20
206.9293
0
VERTEX
8
CUT
10
173.9866
20
206.9174
0
VERTEX
8
CUT
10
173.9938
20
206.4475
0
VERTEX
8
CUT
10
173.9564
20
205.9957
0
VERTEX
8
CUT
10
173.9553
20
205.9812
0
VERTEX
8
CUT
10
173.9498
20
205.8873
0
VERTEX
8
CUT
10
173.9491
20
205.8728
0
VERTEX
8
CUT
10
173.9472
20
205.8162
0
VERTEX
8
CUT
10
173.9469
20
205.7873
0
VERTEX
8
CUT
10
173.9495
20
205.5991
0
VERTEX
8
CUT
10
173.9506
20
205.5701
0
VERTEX
8
CUT
10
173.9541
20
205.5137
0
VERTEX
8
CUT
10
173.9552
20
205.4992
0
VERTEX
8
CUT
10
173.9633
20
205.4054
0
VERTEX
8
CUT
10
173.9647
20
205.3910
0
VERTEX
8
CUT
10
174.0175
20
204.9153
0
VERTEX
8
CUT
10
174.0313
20
204.0163
0
VERTEX
8
CUT
10
174.0316
20
204.0055
0
VERTEX
8
CUT
10
174.0341
20
203.9301
0
VERTEX
8
CUT
10
174.0346
20
203.9189
0
VERTEX
8
CUT
10
174.0372
20
203.8696
0
VERTEX
8
CUT
10
174.0389
20
203.8458
0
VERTEX
8
CUT
10
174.0525
20
203.6980
0
VERTEX
8
CUT
10
174.0551
20
203.6752
0
VERTEX
8
CUT
10
174.0602
20
203.6358
0
VERTEX
8
CUT
10
174.0617
20
203.6251
0
VERTEX
8
CUT
10
174.0727
20
203.5514
0
VERTEX
8
CUT
10
174.0746
20
203.5395
0
VERTEX
8
CUT
10
174.3040
20
202.1884
0
VERTEX
8
CUT
10
174.3079
20
202.1677
0
VERTEX
8
CUT
10
174.3356
20
202.0335
0
VERTEX
8
CUT
10
174.3402
20
202.0130
0
VERTEX
8
CUT
10
174.3808
20
201.8460
0
VERTEX
8
CUT
10
174.3861
20
201.8256
0
VERTEX
8
CUT
10
174.4232
20
201.6938
0
VERTEX
8
CUT
10
174.4292
20
201.6736
0
VERTEX
8
CUT
10
174.4362
20
201.6517
0
VERTEX
8
CUT
10
174.4385
20
201.6436
0
VERTEX
8
CUT
10
174.4428
20
201.6294
0
VERTEX
8
CUT
10
174.8826
20
200.2446
0
VERTEX
8
CUT
10
174.8885
20
200.2270
0
VERTEX
8
CUT
10
174.9285
20
200.1133
0
VERTEX
8
CUT
10
174.9349
20
200.0959
0
VERTEX
8
CUT
10
174.9489
20
200.0599
0
VERTEX
8
CUT
10
174.9506
20
200.0551
0
VERTEX
8
CUT
10
174.9713
20
200.0020
0
VERTEX
8
CUT
10
174.9896
20
199.9547
0
VERTEX
8
CUT
10
174.9912
20
199.9506
0
VERTEX
8
CUT
10
175.0054
20
199.9142
0
VERTEX
8
CUT
10
175.0123
20
199.8970
0
VERTEX
8
CUT
10
175.0594
20
199.7862
0
VERTEX
8
CUT
10
175.0669
20
199.7692
0
VERTEX
8
CUT
10
175.7890
20
198.2047
0
VERTEX
8
CUT
10
175.7964
20
198.1892
0
VERTEX
8
CUT
10
175.8172
20
198.1440
0
VERTEX
8
CUT
10
175.8237
20
198.1304
0
VERTEX
8
CUT
10
175.8669
20
198.0424
0
VERTEX
8
CUT
10
175.8737
20
198.0290
0
VERTEX
8
CUT
10
175.9307
20
197.9199
0
VERTEX
8
CUT
10
175.9378
20
197.9066
0
VERTEX
8
CUT
10
175.9854
20
197.8209
0
VERTEX
8
CUT
10
175.9929
20
197.8079
0
VERTEX
8
CUT
10
177.1455
20
195.8483
0
VERTEX
8
CUT
10
177.1503
20
195.8404
0
VERTEX
8
CUT
10
177.1837
20
195.7854
0
VERTEX
8
CUT
10
177.1890
20
195.7770
0
VERTEX
8
CUT
10
177.2318
20
195.7092
0
VERTEX
8
CUT
10
177.2371
20
195.7010
0
VERTEX
8
CUT
10
177.2719
20
195.6479
0
VERTEX
8
CUT
10
177.2776
20
195.6393
0
VERTEX
8
CUT
10
178.9165
20
193.2295
0
VERTEX
8
CUT
10
178.9215
20
193.2223
0
VERTEX
8
CUT
10
178.9563
20
193.1727
0
VERTEX
8
CUT
10
178.9617
20
193.1651
0
VERTEX
8
CUT
10
179.0060
20
193.1039
0
VERTEX
8
CUT
10
179.0115
20
193.0966
0
VERTEX
8
CUT
10
179.0472
20
193.0488
0
VERTEX
8
CUT
10
179.0532
20
193.0410
0
VERTEX
8
CUT
10
187.8823
20
181.6398
0
VERTEX
8
CUT
10
187.8890
20
181.6311
0
VERTEX
8
CUT
10
187.8957
20
181.6223
0
VERTEX
8
CUT
10
187.9038
20
181.6116
0
VERTEX
8
CUT
10
187.9081
20
181.6058
0
VERTEX
8
CUT
10
187.9162
20
181.5949
0
VERTEX
8
CUT
10
187.9200
20
181.5898
0
VERTEX
8
CUT
10
187.9225
20
181.5863
0
VERTEX
8
CUT
10
187.9291
20
181.5773
0
VERTEX
8
CUT
10
187.9319
20
181.5735
0
VERTEX
8
CUT
10
190.8205
20
177.5555
0
VERTEX
8
CUT
10
190.8246
20
177.5499
0
VERTEX
8
CUT
10
190.8340
20
177.5366
0
VERTEX
8
CUT
10
190.8380
20
177.5308
0
VERTEX
8
CUT
10
190.8476
20
177.5169
0
VERTEX
8
CUT
10
190.8525
20
177.5099
0
VERTEX
8
CUT
10
190.8557
20
177.5053
0
VERTEX
8
CUT
10
190.8599
20
177.4990
0
VERTEX
8
CUT
10
190.8637
20
177.4933
0
VERTEX
8
CUT
10
190.8685
20
177.4861
0
VERTEX
8
CUT
10
190.8795
20
177.4692
0
VERTEX
8
CUT
10
190.8842
20
177.4619
0
VERTEX
8
CUT
10
190.8864
20
177.4585
0
VERTEX
8
CUT
10
190.8918
20
177.4499
0
VERTEX
8
CUT
10
190.9044
20
177.4298
0
VERTEX
8
CUT
10
190.9097
20
177.4212
0
VERTEX
8
CUT
10
192.3793
20
175.0095
0
VERTEX
8
CUT
10
194.0366
20
172.2882
0
VERTEX
8
CUT
10
194.0437
20
172.2764
0
VERTEX
8
CUT
10
194.0599
20
172.2488
0
VERTEX
8
CUT
10
194.0668
20
172.2369
0
VERTEX
8
CUT
10
194.0750
20
172.2225
0
VERTEX
8
CUT
10
194.0817
20
172.2105
0
VERTEX
8
CUT
10
194.0970
20
172.1825
0
VERTEX
8
CUT
10
194.1035
20
172.1705
0
VERTEX
8
CUT
10
194.1086
20
172.1608
0
VERTEX
8
CUT
10
194.1149
20
172.1486
0
VERTEX
8
CUT
10
194.1294
20
172.1202
0
VERTEX
8
CUT
10
194.1355
20
172.1079
0
VERTEX
8
CUT
10
194.1429
20
172.0929
0
VERTEX
8
CUT
10
194.1488
20
172.0806
0
VERTEX
8
CUT
10
194.1624
20
172.0517
0
VERTEX
8
CUT
10
194.1682
20
172.0393
0
VERTEX
8
CUT
10
196.7637
20
166.3088
0
VERTEX
8
CUT
10
196.7696
20
166.2954
0
VERTEX
8
CUT
10
196.7832
20
166.2640
0
VERTEX
8
CUT
10
196.7890
20
166.2504
0
VERTEX
8
CUT
10
196.7958
20
166.2339
0
VERTEX
8
CUT
10
196.8013
20
166.2203
0
VERTEX
8
CUT
10
196.8139
20
166.1884
0
VERTEX
8
CUT
10
196.8192
20
166.1747
0
VERTEX
8
CUT
10
196.8234
20
166.1637
0
VERTEX
8
CUT
10
196.8284
20
166.1499
0
VERTEX
8
CUT
10
196.8400
20
166.1176
0
VERTEX
8
CUT
10
196.8448
20
166.1038
0
VERTEX
8
CUT
10
196.8506
20
166.0868
0
VERTEX
8
CUT
10
196.8552
20
166.0729
0
VERTEX
8
CUT
10
196.8657
20
166.0402
0
VERTEX
8
CUT
10
196.8700
20
166.0262
0
VERTEX
8
CUT
10
198.0579
20
162.1132
0
VERTEX
8
CUT
10
198.0602
20
162.1053
0
VERTEX
8
CUT
10
198.0691
20
162.0746
0
VERTEX
8
CUT
10
198.0727
20
162.0614
0
VERTEX
8
CUT
10
198.0771
20
162.0452
0
VERTEX
8
CUT
10
198.0806
20
162.0319
0
VERTEX
8
CUT
10
198.0884
20
162.0009
0
VERTEX
8
CUT
10
198.0917
20
161.9876
0
VERTEX
8
CUT
10
198.0943
20
161.9769
0
VERTEX
8
CUT
10
198.0973
20
161.9636
0
VERTEX
8
CUT
10
198.1043
20
161.9323
0
VERTEX
8
CUT
10
198.1071
20
161.9189
0
VERTEX
8
CUT
10
198.1105
20
161.9025
0
VERTEX
8
CUT
10
198.1132
20
161.8891
0
VERTEX
8
CUT
10
198.1191
20
161.8576
0
VERTEX
8
CUT
10
198.1216
20
161.8442
0
VERTEX
8
CUT
10
198.6635
20
158.7341
0
VERTEX
8
CUT
10
199.0027
20
155.7574
0
VERTEX
8
CUT
10
199.0042
20
155.7431
0
VERTEX
8
CUT
10
199.0075
20
155.7097
0
VERTEX
8
CUT
10
199.0088
20
155.6953
0
VERTEX
8
CUT
10
199.0102
20
155.6778
0
VERTEX
8
CUT
10
199.0112
20
155.6635
0
VERTEX
8
CUT
10
199.0134
20
155.6299
0
VERTEX
8
CUT
10
199.0143
20
155.6156
0
VERTEX
8
CUT
10
199.0148
20
155.6040
0
VERTEX
8
CUT
10
199.0154
20
155.5897
0
VERTEX
8
CUT
10
199.0166
20
155.5561
0
VERTEX
8
CUT
10
199.0169
20
155.5417
0
VERTEX
8
CUT
10
199.0172
20
155.5241
0
VERTEX
8
CUT
10
199.0174
20
155.5097
0
VERTEX
8
CUT
10
199.0174
20
155.4761
0
VERTEX
8
CUT
10
199.0173
20
155.4617
0
VERTEX
8
CUT
10
198.9448
20
150.4763
0
VERTEX
8
CUT
10
198.7756
20
148.9068
0
VERTEX
8
CUT
10
198.6067
20
147.9069
0
VERTEX
8
CUT
10
198.4468
20
147.2091
0
VERTEX
8
CUT
10
197.6549
20
144.3357
0
VERTEX
8
CUT
10
197.6530
20
144.3289
0
VERTEX
8
CUT
10
197.6484
20
144.3128
0
VERTEX
8
CUT
10
197.6476
20
144.3100
0
VERTEX
8
CUT
10
197.6387
20
144.2809
0
VERTEX
8
CUT
10
197.6206
20
144.2258
0
VERTEX
8
CUT
10
197.5989
20
144.1664
0
VERTEX
8
CUT
10
197.5701
20
144.0956
0
VERTEX
8
CUT
10
197.5562
20
144.0633
0
VERTEX
8
CUT
10
195.5470
20
139.6287
0
VERTEX
8
CUT
10
195.5404
20
139.6145
0
VERTEX
8
CUT
10
195.5247
20
139.5815
0
VERTEX
8
CUT
10
195.5179
20
139.5674
0
VERTEX
8
CUT
10
195.5095
20
139.5504
0
VERTEX
8
CUT
10
195.5024
20
139.5365
0
VERTEX
8
CUT
10
195.4857
20
139.5042
0
VERTEX
8
CUT
10
195.4784
20
139.4904
0
VERTEX
8
CUT
10
195.4725
20
139.4793
0
VERTEX
8
CUT
10
195.4649
20
139.4657
0
VERTEX
8
CUT
10
195.4471
20
139.4339
0
VERTEX
8
CUT
10
195.4393
20
139.4203
0
VERTEX
8
CUT
10
195.4297
20
139.4039
0
VERTEX
8
CUT
10
195.4217
20
139.3905
0
VERTEX
8
CUT
10
195.4027
20
139.3594
0
VERTEX
8
CUT
10
195.3945
20
139.3461
0
VERTEX
8
CUT
10
194.1682
20
137.4088
0
VERTEX
8
CUT
10
194.1620
20
137.3992
0
VERTEX
8
CUT
10
194.1475
20
137.3770
0
VERTEX
8
CUT
10
194.1413
20
137.3675
0
VERTEX
8
CUT
10
194.1336
20
137.3560
0
VERTEX
8
CUT
10
194.1272
20
137.3466
0
VERTEX
8
CUT
10
194.1127
20
137.3255
0
VERTEX
8
CUT
10
194.0999
20
137.3078
0
VERTEX
8
CUT
10
194.0932
20
137.2987
0
VERTEX
8
CUT
10
194.0850
20
137.2877
0
VERTEX
8
CUT
10
194.0782
20
137.2786
0
VERTEX
8
CUT
10
194.0622
20
137.2577
0
VERTEX
8
CUT
10
194.0553
20
137.2487
0
VERTEX
8
CUT
10
193.2525
20
136.2228
0
VERTEX
8
CUT
10
192.5989
20
135.3900
0
VERTEX
8
CUT
10
192.5926
20
135.3821
0
VERTEX
8
CUT
10
192.5778
20
135.3636
0
VERTEX
8
CUT
10
192.5714
20
135.3557
0
VERTEX
8
CUT
10
192.5635
20
135.3462
0
VERTEX
8
CUT
10
192.5570
20
135.3384
0
VERTEX
8
CUT
10
192.5445
20
135.3234
0
VERTEX
8
CUT
10
192.5293
20
135.3062
0
VERTEX
8
CUT
10
192.5226
20
135.2986
0
VERTEX
8
CUT
10
192.5142
20
135.2893
0
VERTEX
8
CUT
10
192.5073
20
135.2817
0
VERTEX
8
CUT
10
192.4912
20
135.2642
0
VERTEX
8
CUT
10
192.4842
20
135.2567
0
VERTEX
8
CUT
10
190.8802
20
133.5519
0
VERTEX
8
CUT
10
190.8722
20
133.5435
0
VERTEX
8
CUT
10
190.8534
20
133.5240
0
VERTEX
8
CUT
10
190.8453
20
133.5157
0
VERTEX
8
CUT
10
190.8353
20
133.5057
0
VERTEX
8
CUT
10
190.8271
20
133.4975
0
VERTEX
8
CUT
10
190.8078
20
133.4785
0
VERTEX
8
CUT
10
190.7995
20
133.4704
0
VERTEX
8
CUT
10
190.7927
20
133.4640
0
VERTEX
8
CUT
10
190.7915
20
133.4628
0
VERTEX
8
CUT
10
190.7843
20
133.4560
0
VERTEX
8
CUT
10
190.7645
20
133.4375
0
VERTEX
8
CUT
10
190.7560
20
133.4297
0
VERTEX
8
CUT
10
190.7455
20
133.4202
0
VERTEX
8
CUT
10
190.7369
20
133.4124
0
VERTEX
8
CUT
10
190.7167
20
133.3945
0
VERTEX
8
CUT
10
190.7080
20
133.3869
0
VERTEX
8
CUT
10
188.8720
20
131.8017
0
VERTEX
8
CUT
10
188.8645
20
131.7953
0
VERTEX
8
CUT
10
188.8469
20
131.7805
0
VERTEX
8
CUT
10
188.8394
20
131.7742
0
VERTEX
8
CUT
10
188.8301
20
131.7665
0
VERTEX
8
CUT
10
188.8225
20
131.7603
0
VERTEX
8
CUT
10
188.8062
20
131.7471
0
VERTEX
8
CUT
10
188.7901
20
131.7347
0
VERTEX
8
CUT
10
188.7822
20
131.7287
0
VERTEX
8
CUT
10
188.7727
20
131.7214
0
VERTEX
8
CUT
10
188.7648
20
131.7155
0
VERTEX
8
CUT
10
188.7463
20
131.7019
0
VERTEX
8
CUT
10
188.7383
20
131.6961
0
VERTEX
8
CUT
10
186.7606
20
130.2686
0
VERTEX
8
CUT
10
186.7509
20
130.2616
0
VERTEX
8
CUT
10
186.7281
20
130.2456
0
VERTEX
8
CUT
10
186.7183
20
130.2388
0
VERTEX
8
CUT
10
186.7063
20
130.2306
0
VERTEX
8
CUT
10
186.6964
20
130.2240
0
VERTEX
8
CUT
10
186.6732
20
130.2086
0
VERTEX
8
CUT
10
186.6632
20
130.2021
0
VERTEX
8
CUT
10
186.6551
20
130.1969
0
VERTEX
8
CUT
10
186.6450
20
130.1905
0
VERTEX
8
CUT
10
186.6214
20
130.1757
0
VERTEX
8
CUT
10
186.6113
20
130.1694
0
VERTEX
8
CUT
10
186.5988
20
130.1619
0
VERTEX
8
CUT
10
186.5886
20
130.1558
0
VERTEX
8
CUT
10
186.5646
20
130.1416
0
VERTEX
8
CUT
10
186.5542
20
130.1356
0
VERTEX
8
CUT
10
182.6185
20
127.8867
0
VERTEX
8
CUT
10
182.6089
20
127.8813
0
VERTEX
8
CUT
10
182.5864
20
127.8688
0
VERTEX
8
CUT
10
182.5768
20
127.8635
0
VERTEX
8
CUT
10
182.5649
20
127.8572
0
VERTEX
8
CUT
10
182.5552
20
127.8520
0
VERTEX
8
CUT
10
182.5324
20
127.8401
0
VERTEX
8
CUT
10
182.5226
20
127.8350
0
VERTEX
8
CUT
10
182.5147
20
127.8310
0
VERTEX
8
CUT
10
182.5049
20
127.8261
0
VERTEX
8
CUT
10
182.4818
20
127.8147
0
VERTEX
8
CUT
10
182.4719
20
127.8099
0
VERTEX
8
CUT
10
182.4598
20
127.8041
0
VERTEX
8
CUT
10
182.4498
20
127.7994
0
VERTEX
8
CUT
10
182.4265
20
127.7886
0
VERTEX
8
CUT
10
182.4164
20
127.7840
0
VERTEX
8
CUT
10
170.7873
20
122.5741
0
VERTEX
8
CUT
10
170.7781
20
122.5698
0
VERTEX
8
CUT
10
170.7141
20
122.5399
0
VERTEX
8
CUT
10
170.7043
20
122.5352
0
VERTEX
8
CUT
10
170.6252
20
122.4964
0
VERTEX
8
CUT
10
170.6157
20
122.4916
0
VERTEX
8
CUT
10
170.5538
20
122.4598
0
VERTEX
8
CUT
10
170.5437
20
122.4545
0
VERTEX
8
CUT
10
166.5281
20
120.2967
0
VERTEX
8
CUT
10
166.5161
20
120.2900
0
VERTEX
8
CUT
10
166.4385
20
120.2460
0
VERTEX
8
CUT
10
166.4266
20
120.2391
0
VERTEX
8
CUT
10
166.3306
20
120.1817
0
VERTEX
8
CUT
10
166.3189
20
120.1745
0
VERTEX
8
CUT
10
166.2434
20
120.1270
0
VERTEX
8
CUT
10
166.2319
20
120.1196
0
VERTEX
8
CUT
10
165.7540
20
119.8034
0
VERTEX
8
CUT
10
165.3140
20
119.5599
0
VERTEX
8
CUT
10
165.3012
20
119.5526
0
VERTEX
8
CUT
10
165.2186
20
119.5042
0
VERTEX
8
CUT
10
165.2060
20
119.4966
0
VERTEX
8
CUT
10
165.1038
20
119.4334
0
VERTEX
8
CUT
10
165.0914
20
119.4254
0
VERTEX
8
CUT
10
165.0113
20
119.3731
0
VERTEX
8
CUT
10
164.9991
20
119.3649
0
VERTEX
8
CUT
10
162.9662
20
117.9635
0
VERTEX
8
CUT
10
162.9572
20
117.9571
0
VERTEX
8
CUT
10
162.8948
20
117.9124
0
VERTEX
8
CUT
10
162.8852
20
117.9054
0
VERTEX
8
CUT
10
162.8085
20
117.8481
0
VERTEX
8
CUT
10
162.7993
20
117.8411
0
VERTEX
8
CUT
10
162.7395
20
117.7946
0
VERTEX
8
CUT
10
162.7299
20
117.7869
0
VERTEX
8
CUT
10
162.0615
20
117.2447
0
VERTEX
8
CUT
10
162.0501
20
117.2352
0
VERTEX
8
CUT
10
161.9775
20
117.1733
0
VERTEX
8
CUT
10
161.9664
20
117.1636
0
VERTEX
8
CUT
10
161.9237
20
117.1253
0
VERTEX
8
CUT
10
161.9023
20
117.1051
0
VERTEX
8
CUT
10
161.7683
20
116.9727
0
VERTEX
8
CUT
10
161.7286
20
116.9294
0
VERTEX
8
CUT
10
161.6099
20
116.7864
0
VERTEX
8
CUT
10
161.5746
20
116.7394
0
VERTEX
8
CUT
10
161.4704
20
116.5855
0
VERTEX
8
CUT
10
161.4399
20
116.5353
0
VERTEX
8
CUT
10
161.3513
20
116.3719
0
VERTEX
8
CUT
10
161.3258
20
116.3189
0
VERTEX
8
CUT
10
161.2536
20
116.1477
0
VERTEX
8
CUT
10
161.2334
20
116.0925
0
VERTEX
8
CUT
10
161.1783
20
115.9150
0
VERTEX
8
CUT
10
161.1637
20
115.8581
0
VERTEX
8
CUT
10
161.1262
20
115.6760
0
VERTEX
8
CUT
10
161.1172
20
115.6180
0
VERTEX
8
CUT
10
161.0977
20
115.4332
0
VERTEX
8
CUT
10
161.0944
20
115.3745
0
VERTEX
8
CUT
10
161.0931
20
115.1886
0
VERTEX
8
CUT
10
161.0956
20
115.1299
0
VERTEX
8
CUT
10
161.1125
20
114.9448
0
VERTEX
8
CUT
10
161.1207
20
114.8866
0
VERTEX
8
CUT
10
161.1556
20
114.7041
0
VERTEX
8
CUT
10
161.1695
20
114.6470
0
VERTEX
8
CUT
10
161.2221
20
114.4687
0
VERTEX
8
CUT
10
161.2415
20
114.4132
0
VERTEX
8
CUT
10
161.3113
20
114.2410
0
VERTEX
8
CUT
10
161.3360
20
114.1877
0
VERTEX
8
CUT
10
161.4223
20
114.0231
0
VERTEX
8
CUT
10
161.4521
20
113.9725
0
VERTEX
8
CUT
10
161.5541
20
113.8171
0
VERTEX
8
CUT
10
161.5888
20
113.7696
0
VERTEX
8
CUT
10
161.6046
20
113.7500
0
VERTEX
8
CUT
10
161.6070
20
113.7468
0
VERTEX
8
CUT
10
161.6201
20
113.7308
0
VERTEX
8
CUT
10
161.7055
20
113.6250
0
VERTEX
8
CUT
10
161.7229
20
113.6054
0
VERTEX
8
CUT
10
161.7247
20
113.6033
0
VERTEX
8
CUT
10
161.7345
20
113.5925
0
VERTEX
8
CUT
10
161.7446
20
113.5811
0
VERTEX
8
CUT
10
161.7466
20
113.5791
0
VERTEX
8
CUT
10
161.7641
20
113.5598
0
VERTEX
8
CUT
10
161.8610
20
113.4627
0
VERTEX
8
CUT
10
161.8749
20
113.4486
0
VERTEX
8
CUT
10
161.8777
20
113.4461
0
VERTEX
8
CUT
10
161.8953
20
113.4284
0
VERTEX
8
CUT
10
161.9388
20
113.3890
0
VERTEX
8
CUT
10
162.0822
20
113.2711
0
VERTEX
8
CUT
10
162.1293
20
113.2361
0
VERTEX
8
CUT
10
162.2835
20
113.1328
0
VERTEX
8
CUT
10
162.3338
20
113.1026
0
VERTEX
8
CUT
10
162.4974
20
113.0148
0
VERTEX
8
CUT
10
162.5505
20
112.9896
0
VERTEX
8
CUT
10
162.7218
20
112.9183
0
VERTEX
8
CUT
10
162.7771
20
112.8985
0
VERTEX
8
CUT
10
162.9546
20
112.8442
0
VERTEX
8
CUT
10
163.0115
20
112.8299
0
VERTEX
8
CUT
10
163.1960
20
112.7927
0
VERTEX
8
CUT
10
163.2250
20
112.7876
0
VERTEX
8
CUT
10
163.2816
20
112.7791
0
VERTEX
8
CUT
10
163.2962
20
112.7771
0
VERTEX
8
CUT
10
163.3909
20
112.7652
0
VERTEX
8
CUT
10
163.4055
20
112.7635
0
VERTEX
8
CUT
10
164.5662
20
112.6463
0
VERTEX
8
CUT
10
165.9798
20
112.3586
0
VERTEX
8
CUT
10
167.6141
20
111.8531
0
VERTEX
8
CUT
10
167.6205
20
111.8511
0
VERTEX
8
CUT
10
167.6355
20
111.8463
0
VERTEX
8
CUT
10
167.6381
20
111.8455
0
VERTEX
8
CUT
10
167.6653
20
111.8362
0
VERTEX
8
CUT
10
167.7168
20
111.8177
0
VERTEX
8
CUT
10
167.7447
20
111.8067
0
VERTEX
8
CUT
10
167.7689
20
111.7964
0
VERTEX
8
CUT
10
167.7827
20
111.7904
0
VERTEX
8
CUT
10
167.7938
20
111.7855
0
VERTEX
8
CUT
10
167.8075
20
111.7793
0
VERTEX
8
CUT
10
167.8394
20
111.7644
0
VERTEX
8
CUT
10
167.8531
20
111.7580
0
VERTEX
8
CUT
10
167.8696
20
111.7499
0
VERTEX
8
CUT
10
167.8831
20
111.7432
0
VERTEX
8
CUT
10
167.9145
20
111.7274
0
VERTEX
8
CUT
10
167.9279
20
111.7204
0
VERTEX
8
CUT
10
168.7154
20
111.3054
0
VERTEX
8
CUT
10
168.7280
20
111.2989
0
VERTEX
8
CUT
10
168.8104
20
111.2579
0
VERTEX
8
CUT
10
168.8232
20
111.2518
0
VERTEX
8
CUT
10
168.8733
20
111.2283
0
VERTEX
8
CUT
10
168.8993
20
111.2169
0
VERTEX
8
CUT
10
169.0672
20
111.1477
0
VERTEX
8
CUT
10
169.1205
20
111.1287
0
VERTEX
8
CUT
10
169.2919
20
111.0764
0
VERTEX
8
CUT
10
169.3468
20
111.0624
0
VERTEX
8
CUT
10
169.5223
20
111.0265
0
VERTEX
8
CUT
10
169.5783
20
111.0178
0
VERTEX
8
CUT
10
169.7564
20
110.9987
0
VERTEX
8
CUT
10
169.8130
20
110.9953
0
VERTEX
8
CUT
10
169.9921
20
110.9930
0
VERTEX
8
CUT
10
170.0487
20
110.9949
0
VERTEX
8
CUT
10
170.2273
20
111.0096
0
VERTEX
8
CUT
10
170.2835
20
111.0169
0
VERTEX
8
CUT
10
170.4599
20
111.0483
0
VERTEX
8
CUT
10
170.5151
20
111.0608
0
VERTEX
8
CUT
10
170.6877
20
111.1087
0
VERTEX
8
CUT
10
170.7415
20
111.1264
0
VERTEX
8
CUT
10
170.9089
20
111.1904
0
VERTEX
8
CUT
10
170.9608
20
111.2131
0
VERTEX
8
CUT
10
171.1214
20
111.2926
0
VERTEX
8
CUT
10
171.1709
20
111.3201
0
VERTEX
8
CUT
10
171.3232
20
111.4143
0
VERTEX
8
CUT
10
171.3700
20
111.4464
0
VERTEX
8
CUT
10
171.5147
20
111.5561
0
VERTEX
8
CUT
10
171.5369
20
111.5737
0
VERTEX
8
CUT
10
171.5794
20
111.6092
0
VERTEX
8
CUT
10
171.5901
20
111.6184
0
VERTEX
8
CUT
10
171.6594
20
111.6791
0
VERTEX
8
CUT
10
171.6699
20
111.6885
0
VERTEX
8
CUT
10
174.2204
20
114.0314
0
VERTEX
8
CUT
10
174.2301
20
114.0402
0
VERTEX
8
CUT
10
174.2528
20
114.0604
0
VERTEX
8
CUT
10
174.2626
20
114.0690
0
VERTEX
8
CUT
10
174.2746
20
114.0794
0
VERTEX
8
CUT
10
174.2845
20
114.0879
0
VERTEX
8
CUT
10
174.3078
20
114.1075
0
VERTEX
8
CUT
10
174.3178
20
114.1158
0
VERTEX
8
CUT
10
174.3259
20
114.1224
0
VERTEX
8
CUT
10
174.3361
20
114.1306
0
VERTEX
8
CUT
10
174.3599
20
114.1495
0
VERTEX
8
CUT
10
174.3702
20
114.1575
0
VERTEX
8
CUT
10
174.3828
20
114.1672
0
VERTEX
8
CUT
10
174.3932
20
114.1751
0
VERTEX
8
CUT
10
174.4163
20
114.1924
0
VERTEX
8
CUT
10
174.4261
20
114.1996
0
VERTEX
8
CUT
10
176.6123
20
115.7832
0
VERTEX
8
CUT
10
176.6198
20
115.7886
0
VERTEX
8
CUT
10
176.6375
20
115.8011
0
VERTEX
8
CUT
10
176.6451
20
115.8064
0
VERTEX
8
CUT
10
176.6544
20
115.8129
0
VERTEX
8
CUT
10
176.6620
20
115.8181
0
VERTEX
8
CUT
10
176.6799
20
115.8303
0
VERTEX
8
CUT
10
176.6876
20
115.8354
0
VERTEX
8
CUT
10
176.6939
20
115.8396
0
VERTEX
8
CUT
10
176.7016
20
115.8447
0
VERTEX
8
CUT
10
176.7112
20
115.8509
0
VERTEX
8
CUT
10
176.7158
20
115.8538
0
VERTEX
8
CUT
10
176.7254
20
115.8599
0
VERTEX
8
CUT
10
176.7333
20
115.8648
0
VERTEX
8
CUT
10
176.7517
20
115.8763
0
VERTEX
8
CUT
10
176.7596
20
115.8811
0
VERTEX
8
CUT
10
179.4257
20
117.4959
0
VERTEX
8
CUT
10
179.4309
20
117.4990
0
VERTEX
8
CUT
10
179.4430
20
117.5062
0
VERTEX
8
CUT
10
179.4482
20
117.5093
0
VERTEX
8
CUT
10
179.4608
20
117.5167
0
VERTEX
8
CUT
10
179.4672
20
117.5204
0
VERTEX
8
CUT
10
179.4821
20
117.5290
0
VERTEX
8
CUT
10
179.4885
20
117.5326
0
VERTEX
8
CUT
10
179.4937
20
117.5356
0
VERTEX
8
CUT
10
179.5002
20
117.5393
0
VERTEX
8
CUT
10
179.5079
20
117.5435
0
VERTEX
8
CUT
10
179.5155
20
117.5477
0
VERTEX
8
CUT
10
179.5221
20
117.5513
0
VERTEX
8
CUT
10
179.5252
20
117.5530
0
VERTEX
8
CUT
10
179.5329
20
117.5572
0
VERTEX
8
CUT
10
179.5511
20
117.5668
0
VERTEX
8
CUT
10
179.5589
20
117.5709
0
VERTEX
8
CUT
10
190.0621
20
123.0185
0
VERTEX
8
CUT
10
190.0757
20
123.0258
0
VERTEX
8
CUT
10
190.1635
20
123.0742
0
VERTEX
8
CUT
10
190.1769
20
123.0819
0
VERTEX
8
CUT
10
190.2855
20
123.1455
0
VERTEX
8
CUT
10
190.2988
20
123.1535
0
VERTEX
8
CUT
10
190.2994
20
123.1539
0
VERTEX
8
CUT
10
190.3024
20
123.1556
0
VERTEX
8
CUT
10
190.3157
20
123.1636
0
VERTEX
8
CUT
10
190.4011
20
123.2167
0
VERTEX
8
CUT
10
190.4141
20
123.2250
0
VERTEX
8
CUT
10
192.1113
20
124.3411
0
VERTEX
8
CUT
10
193.8734
20
125.4989
0
VERTEX
8
CUT
10
193.8875
20
125.5085
0
VERTEX
8
CUT
10
193.9784
20
125.5720
0
VERTEX
8
CUT
10
193.9922
20
125.5820
0
VERTEX
8
CUT
10
193.9929
20
125.5825
0
VERTEX
8
CUT
10
193.9945
20
125.5836
0
VERTEX
8
CUT
10
194.0084
20
125.5936
0
VERTEX
8
CUT
10
194.1199
20
125.6764
0
VERTEX
8
CUT
10
194.1335
20
125.6867
0
VERTEX
8
CUT
10
194.2204
20
125.7552
0
VERTEX
8
CUT
10
194.2337
20
125.7659
0
VERTEX
8
CUT
10
198.8922
20
129.6522
0
VERTEX
8
CUT
10
198.9044
20
129.6627
0
VERTEX
8
CUT
10
198.9830
20
129.7320
0
VERTEX
8
CUT
10
198.9950
20
129.7428
0
VERTEX
8
CUT
10
199.0240
20
129.7698
0
VERTEX
8
CUT
10
199.0913
20
129.8323
0
VERTEX
8
CUT
10
199.1030
20
129.8434
0
VERTEX
8
CUT
10
199.1777
20
129.9167
0
VERTEX
8
CUT
10
199.1891
20
129.9282
0
VERTEX
8
CUT
10
201.9788
20
132.8148
0
VERTEX
8
CUT
10
201.9872
20
132.8237
0
VERTEX
8
CUT
10
202.0411
20
132.8818
0
VERTEX
8
CUT
10
202.0493
20
132.8908
0
VERTEX
8
CUT
10
202.1156
20
132.9652
0
VERTEX
8
CUT
10
202.1236
20
132.9744
0
VERTEX
8
CUT
10
202.1751
20
133.0347
0
VERTEX
8
CUT
10
202.1830
20
133.0441
0
VERTEX
8
CUT
10
203.3691
20
134.4902
0
VERTEX
8
CUT
10
203.3737
20
134.4958
0
VERTEX
8
CUT
10
203.4051
20
134.5350
0
VERTEX
8
CUT
10
203.4099
20
134.5411
0
VERTEX
8
CUT
10
203.4484
20
134.5906
0
VERTEX
8
CUT
10
203.4531
20
134.5966
0
VERTEX
8
CUT
10
203.4830
20
134.6360
0
VERTEX
8
CUT
10
203.4879
20
134.6425
0
VERTEX
8
CUT
10
204.6198
20
136.1763
0
VERTEX
8
CUT
10
204.6270
20
136.1862
0
VERTEX
8
CUT
10
204.6731
20
136.2514
0
VERTEX
8
CUT
10
204.6801
20
136.2615
0
VERTEX
8
CUT
10
204.7362
20
136.3445
0
VERTEX
8
CUT
10
204.7430
20
136.3547
0
VERTEX
8
CUT
10
204.7864
20
136.4217
0
VERTEX
8
CUT
10
204.7929
20
136.4321
0
VERTEX
8
CUT
10
204.8088
20
136.4577
0
VERTEX
8
CUT
10
204.8130
20
136.4642
0
VERTEX
8
CUT
10
204.8216
20
136.4777
0
VERTEX
8
CUT
10
205.8761
20
138.1833
0
VERTEX
8
CUT
10
207.1590
20
140.2574
0
VERTEX
8
CUT
10
207.1629
20
140.2639
0
VERTEX
8
CUT
10
207.1903
20
140.3094
0
VERTEX
8
CUT
10
207.1944
20
140.3164
0
VERTEX
8
CUT
10
207.2277
20
140.3736
0
VERTEX
8
CUT
10
207.2317
20
140.3805
0
VERTEX
8
CUT
10
207.2342
20
140.3849
0
VERTEX
8
CUT
10
207.2353
20
140.3867
0
VERTEX
8
CUT
10
207.2392
20
140.3937
0
VERTEX
8
CUT
10
207.2649
20
140.4390
0
VERTEX
8
CUT
10
207.2690
20
140.4465
0
VERTEX
8
CUT
10
212.8682
20
150.6983
0
VERTEX
8
CUT
10
212.8748
20
150.7101
0
VERTEX
8
CUT
10
212.8903
20
150.7375
0
VERTEX
8
CUT
10
212.8970
20
150.7492
0
VERTEX
8
CUT
10
212.9053
20
150.7633
0
VERTEX
8
CUT
10
212.9122
20
150.7749
0
VERTEX
8
CUT
10
212.9285
20
150.8018
0
VERTEX
8
CUT
10
212.9356
20
150.8133
0
VERTEX
8
CUT
10
212.9413
20
150.8225
0
VERTEX
8
CUT
10
212.9486
20
150.8339
0
VERTEX
8
CUT
10
212.9657
20
150.8603
0
VERTEX
8
CUT
10
212.9731
20
150.8715
0
VERTEX
8
CUT
10
212.9823
20
150.8852
0
VERTEX
8
CUT
10
212.9898
20
150.8964
0
VERTEX
8
CUT
10
213.0077
20
150.9222
0
VERTEX
8
CUT
10
213.0155
20
150.9333
0
VERTEX
8
CUT
10
213.8029
20
152.0368
0
VERTEX
8
CUT
10
213.8111
20
152.0487
0
VERTEX
8
CUT
10
213.8638
20
152.1264
0
VERTEX
8
CUT
10
213.8718
20
152.1384
0
VERTEX
8
CUT
10
213.9023
20
152.1858
0
VERTEX
8
CUT
10
213.9173
20
152.2105
0
VERTEX
8
CUT
10
214.0098
20
152.3708
0
VERTEX
8
CUT
10
214.0363
20
152.4222
0
VERTEX
8
CUT
10
214.1119
20
152.5884
0
VERTEX
8
CUT
10
214.1333
20
152.6420
0
VERTEX
8
CUT
10
214.1926
20
152.8147
0
VERTEX
8
CUT
10
214.2087
20
152.8702
0
VERTEX
8
CUT
10
214.2512
20
153.0478
0
VERTEX
8
CUT
10
214.2619
20
153.1045
0
VERTEX
8
CUT
10
214.2870
20
153.2854
0
VERTEX
8
CUT
10
214.2922
20
153.3429
0
VERTEX
8
CUT
10
214.2999
20
153.5253
0
VERTEX
8
CUT
10
214.2995
20
153.5831
0
VERTEX
8
CUT
10
214.2896
20
153.7654
0
VERTEX
8
CUT
10
214.2837
20
153.8228
0
VERTEX
8
CUT
10
214.2563
20
154.0034
0
VERTEX
8
CUT
10
214.2449
20
154.0600
0
VERTEX
8
CUT
10
214.2003
20
154.2370
0
VERTEX
8
CUT
10
214.1835
20
154.2923
0
VERTEX
8
CUT
10
214.1212
20
154.4666
0
VERTEX
8
CUT
10
214.1109
20
154.4936
0
VERTEX
8
CUT
10
214.0893
20
154.5457
0
VERTEX
8
CUT
10
214.0886
20
154.5474
0
VERTEX
8
CUT
10
214.0690
20
154.5946
0
VERTEX
8
CUT
10
214.0422
20
154.6636
0
VERTEX
8
CUT
10
214.0162
20
154.7407
0
VERTEX
8
CUT
10
214.0013
20
154.7928
0
VERTEX
8
CUT
10
213.9824
20
154.8719
0
VERTEX
8
CUT
10
213.9722
20
154.9251
0
VERTEX
8
CUT
10
213.9605
20
155.0056
0
VERTEX
8
CUT
10
213.9552
20
155.0595
0
VERTEX
8
CUT
10
213.9508
20
155.1407
0
VERTEX
8
CUT
10
213.9503
20
155.1949
0
VERTEX
8
CUT
10
213.9533
20
155.2762
0
VERTEX
8
CUT
10
213.9594
20
155.3505
0
VERTEX
8
CUT
10
213.9637
20
155.3909
0
VERTEX
8
CUT
10
214.1768
20
157.0577
0
VERTEX
8
CUT
10
214.1789
20
157.0767
0
VERTEX
8
CUT
10
214.1908
20
157.2001
0
VERTEX
8
CUT
10
214.1923
20
157.2192
0
VERTEX
8
CUT
10
214.2022
20
157.3745
0
VERTEX
8
CUT
10
214.2031
20
157.3935
0
VERTEX
8
CUT
10
214.2070
20
157.5175
0
VERTEX
8
CUT
10
214.2073
20
157.5366
0
VERTEX
8
CUT
10
214.2072
20
160.2798
0
VERTEX
8
CUT
10
214.2070
20
160.2971
0
VERTEX
8
CUT
10
214.2037
20
160.4096
0
VERTEX
8
CUT
10
214.2030
20
160.4269
0
VERTEX
8
CUT
10
214.1948
20
160.5678
0
VERTEX
8
CUT
10
214.1936
20
160.5851
0
VERTEX
8
CUT
10
214.1838
20
160.6972
0
VERTEX
8
CUT
10
214.1821
20
160.7144
0
VERTEX
8
CUT
10
213.8555
20
163.5310
0
VERTEX
8
CUT
10
213.8538
20
163.5438
0
VERTEX
8
CUT
10
213.8424
20
163.6267
0
VERTEX
8
CUT
10
213.8405
20
163.6394
0
VERTEX
8
CUT
10
213.8326
20
163.6891
0
VERTEX
8
CUT
10
213.8280
20
163.7145
0
VERTEX
8
CUT
10
213.7945
20
163.8784
0
VERTEX
8
CUT
10
213.7888
20
163.9035
0
VERTEX
8
CUT
10
213.7767
20
163.9523
0
VERTEX
8
CUT
10
213.7734
20
163.9648
0
VERTEX
8
CUT
10
213.7514
20
164.0456
0
VERTEX
8
CUT
10
213.7479
20
164.0580
0
VERTEX
8
CUT
10
213.0625
20
166.3788
0
VERTEX
8
CUT
10
213.0560
20
166.3994
0
VERTEX
8
CUT
10
213.0114
20
166.5327
0
VERTEX
8
CUT
10
213.0041
20
166.5531
0
VERTEX
8
CUT
10
212.9421
20
166.7182
0
VERTEX
8
CUT
10
212.9342
20
166.7383
0
VERTEX
8
CUT
10
212.8800
20
166.8681
0
VERTEX
8
CUT
10
212.8713
20
166.8879
0
VERTEX
8
CUT
10
211.6745
20
169.4878
0
VERTEX
8
CUT
10
211.6693
20
169.4987
0
VERTEX
8
CUT
10
211.6352
20
169.5691
0
VERTEX
8
CUT
10
211.6298
20
169.5799
0
VERTEX
8
CUT
10
211.6084
20
169.6218
0
VERTEX
8
CUT
10
211.5971
20
169.6431
0
VERTEX
8
CUT
10
211.5205
20
169.7795
0
VERTEX
8
CUT
10
211.5083
20
169.8002
0
VERTEX
8
CUT
10
211.4836
20
169.8403
0
VERTEX
8
CUT
10
211.4772
20
169.8505
0
VERTEX
8
CUT
10
211.4348
20
169.9163
0
VERTEX
8
CUT
10
211.4282
20
169.9264
0
VERTEX
8
CUT
10
209.6094
20
172.6313
0
VERTEX
8
CUT
10
209.5975
20
172.6484
0
VERTEX
8
CUT
10
209.5182
20
172.7579
0
VERTEX
8
CUT
10
209.5057
20
172.7746
0
VERTEX
8
CUT
10
209.4015
20
172.9085
0
VERTEX
8
CUT
10
209.3885
20
172.9246
0
VERTEX
8
CUT
10
209.3018
20
173.0284
0
VERTEX
8
CUT
10
209.2881
20
173.0442
0
VERTEX
8
CUT
10
200.4743
20
182.8793
0
VERTEX
8
CUT
10
200.4671
20
182.8873
0
VERTEX
8
CUT
10
200.4506
20
182.9063
0
VERTEX
8
CUT
10
200.4435
20
182.9144
0
VERTEX
8
CUT
10
200.4402
20
182.9183
0
VERTEX
8
CUT
10
200.4359
20
182.9233
0
VERTEX
8
CUT
10
200.4260
20
182.9352
0
VERTEX
8
CUT
10
200.4218
20
182.9402
0
VERTEX
8
CUT
10
200.4186
20
182.9441
0
VERTEX
8
CUT
10
200.4111
20
182.9533
0
VERTEX
8
CUT
10
200.3937
20
182.9748
0
VERTEX
8
CUT
10
200.3869
20
182.9833
0
VERTEX
8
CUT
10
200.3822
20
182.9894
0
VERTEX
8
CUT
10
200.3714
20
183.0034
0
VERTEX
8
CUT
10
200.3667
20
183.0095
0
VERTEX
8
CUT
10
197.8178
20
186.3723
0
VERTEX
8
CUT
10
197.8148
20
186.3762
0
VERTEX
8
CUT
10
197.8101
20
186.3825
0
VERTEX
8
CUT
10
197.7962
20
186.4015
0
VERTEX
8
CUT
10
197.7717
20
186.4361
0
VERTEX
8
CUT
10
197.7610
20
186.4514
0
VERTEX
8
CUT
10
197.7508
20
186.4665
0
VERTEX
8
CUT
10
197.7476
20
186.4713
0
VERTEX
8
CUT
10
197.7453
20
186.4747
0
VERTEX
8
CUT
10
197.7321
20
186.4950
0
VERTEX
8
CUT
10
197.7077
20
186.5337
0
VERTEX
8
CUT
10
197.6970
20
186.5511
0
VERTEX
8
CUT
10
196.8498
20
187.9633
0
VERTEX
8
CUT
10
196.8468
20
187.9684
0
VERTEX
8
CUT
10
196.8420
20
187.9764
0
VERTEX
8
CUT
10
196.8280
20
188.0010
0
VERTEX
8
CUT
10
196.8035
20
188.0457
0
VERTEX
8
CUT
10
196.7930
20
188.0654
0
VERTEX
8
CUT
10
196.7830
20
188.0848
0
VERTEX
8
CUT
10
196.7798
20
188.0909
0
VERTEX
8
CUT
10
196.7776
20
188.0954
0
VERTEX
8
CUT
10
196.7648
20
188.1215
0
VERTEX
8
CUT
10
196.7415
20
188.1713
0
VERTEX
8
CUT
10
196.7315
20
188.1936
0
VERTEX
8
CUT
10
195.5256
20
190.9659
0
VERTEX
8
CUT
10
195.5225
20
190.9730
0
VERTEX
8
CUT
10
195.5207
20
190.9773
0
VERTEX
8
CUT
10
195.4993
20
191.0328
0
VERTEX
8
CUT
10
195.4616
20
191.1410
0
VERTEX
8
CUT
10
195.4437
20
191.1982
0
VERTEX
8
CUT
10
195.4434
20
191.1994
0
VERTEX
8
CUT
10
195.4406
20
191.2098
0
VERTEX
8
CUT
10
195.1006
20
192.5039
0
VERTEX
8
CUT
10
195.0991
20
192.5096
0
VERTEX
8
CUT
10
195.0968
20
192.5186
0
VERTEX
8
CUT
10
195.0903
20
192.5458
0
VERTEX
8
CUT
10
195.0793
20
192.5952
0
VERTEX
8
CUT
10
195.0747
20
192.6169
0
VERTEX
8
CUT
10
195.0706
20
192.6381
0
VERTEX
8
CUT
10
195.0693
20
192.6448
0
VERTEX
8
CUT
10
195.0683
20
192.6497
0
VERTEX
8
CUT
10
195.0634
20
192.6781
0
VERTEX
8
CUT
10
195.0550
20
192.7319
0
VERTEX
8
CUT
10
195.0516
20
192.7559
0
VERTEX
8
CUT
10
194.7708
20
194.9376
0
VERTEX
8
CUT
10
194.7699
20
194.9452
0
VERTEX
8
CUT
10
194.7693
20
194.9497
0
VERTEX
8
CUT
10
194.7643
20
195.0077
0
VERTEX
8
CUT
10
194.7581
20
195.1195
0
VERTEX
8
CUT
10
194.7568
20
195.1781
0
VERTEX
8
CUT
10
194.7568
20
195.1792
0
VERTEX
8
CUT
10
194.7570
20
195.1898
0
VERTEX
8
CUT
10
194.8016
20
197.2199
0
VERTEX
8
CUT
10
194.8035
20
197.2614
0
VERTEX
8
CUT
10
194.8087
20
197.3374
0
VERTEX
8
CUT
10
194.8182
20
197.4199
0
VERTEX
8
CUT
10
194.8303
20
197.4950
0
VERTEX
8
CUT
10
194.8379
20
197.5359
0
VERTEX
8
CUT
10
195.2474
20
199.4888
0
VERTEX
8
CUT
10
195.2570
20
199.5299
0
VERTEX
8
CUT
10
195.2765
20
199.6050
0
VERTEX
8
CUT
10
195.3015
20
199.6858
0
VERTEX
8
CUT
10
195.3280
20
199.7586
0
VERTEX
8
CUT
10
195.3433
20
199.7981
0
VERTEX
8
CUT
10
196.1372
20
201.7036
0
VERTEX
8
CUT
10
196.1418
20
201.7143
0
VERTEX
8
CUT
10
196.1459
20
201.7238
0
VERTEX
8
CUT
10
196.1648
20
201.7648
0
VERTEX
8
CUT
10
196.1903
20
201.8166
0
VERTEX
8
CUT
10
196.2228
20
201.8766
0
VERTEX
8
CUT
10
196.2543
20
201.9300
0
VERTEX
8
CUT
10
196.2722
20
201.9589
0
VERTEX
8
CUT
10
196.5829
20
202.4421
0
VERTEX
8
CUT
10
196.6078
20
202.4788
0
VERTEX
8
CUT
10
196.6549
20
202.5447
0
VERTEX
8
CUT
10
196.7098
20
202.6140
0
VERTEX
8
CUT
10
196.7486
20
202.6584
0
VERTEX
8
CUT
10
196.8101
20
202.7220
0
VERTEX
8
CUT
10
196.8530
20
202.7623
0
VERTEX
8
CUT
10
196.9204
20
202.8195
0
VERTEX
8
CUT
10
196.9671
20
202.8554
0
VERTEX
8
CUT
10
197.0398
20
202.9058
0
VERTEX
8
CUT
10
197.0898
20
202.9369
0
VERTEX
8
CUT
10
197.1672
20
202.9799
0
VERTEX
8
CUT
10
197.2200
20
203.0060
0
VERTEX
8
CUT
10
197.3011
20
203.0412
0
VERTEX
8
CUT
10
197.3562
20
203.0619
0
VERTEX
8
CUT
10
197.4405
20
203.0890
0
VERTEX
8
CUT
10
197.4973
20
203.1042
0
VERTEX
8
CUT
10
197.5838
20
203.1229
0
VERTEX
8
CUT
10
197.6419
20
203.1325
0
VERTEX
8
CUT
10
197.7298
20
203.1425
0
VERTEX
8
CUT
10
197.7886
20
203.1464
0
VERTEX
8
CUT
10
197.8770
20
203.1478
0
VERTEX
8
CUT
10
197.9359
20
203.1458
0
VERTEX
8
CUT
10
198.0240
20
203.1385
0
VERTEX
8
CUT
10
198.0824
20
203.1308
0
VERTEX
8
CUT
10
198.1694
20
203.1149
0
VERTEX
8
CUT
10
198.2268
20
203.1015
0
VERTEX
8
CUT
10
198.3118
20
203.0771
0
VERTEX
8
CUT
10
198.3676
20
203.0581
0
VERTEX
8
CUT
10
198.4498
20
203.0255
0
VERTEX
8
CUT
10
198.5034
20
203.0011
0
VERTEX
8
CUT
10
198.5820
20
202.9606
0
VERTEX
8
CUT
10
198.6330
20
202.9310
0
VERTEX
8
CUT
10
198.7073
20
202.8830
0
VERTEX
8
CUT
10
198.7551
20
202.8486
0
VERTEX
8
CUT
10
198.8243
20
202.7935
0
VERTEX
8
CUT
10
198.8685
20
202.7546
0
VERTEX
8
CUT
10
198.9319
20
202.6930
0
VERTEX
8
CUT
10
198.9721
20
202.6499
0
VERTEX
8
CUT
10
199.0292
20
202.5823
0
VERTEX
8
CUT
10
199.0650
20
202.5355
0
VERTEX
8
CUT
10
199.1151
20
202.4627
0
VERTEX
8
CUT
10
199.1461
20
202.4126
0
VERTEX
8
CUT
10
199.1889
20
202.3352
0
VERTEX
8
CUT
10
199.2148
20
202.2823
0
VERTEX
8
CUT
10
199.2498
20
202.2010
0
VERTEX
8
CUT
10
199.2704
20
202.1458
0
VERTEX
8
CUT
10
199.2972
20
202.0616
0
VERTEX
8
CUT
10
199.3123
20
202.0046
0
VERTEX
8
CUT
10
199.3307
20
201.9181
0
VERTEX
8
CUT
10
199.3402
20
201.8600
0
VERTEX
8
CUT
10
199.3500
20
201.7721
0
VERTEX
8
CUT
10
199.3537
20
201.7133
0
VERTEX
8
CUT
10
199.3548
20
201.6248
0
VERTEX
8
CUT
10
199.3527
20
201.5660
0
VERTEX
8
CUT
10
199.3452
20
201.4778
0
VERTEX
8
CUT
10
199.3343
20
201.3975
0
VERTEX
8
CUT
10
199.3273
20
201.3538
0
VERTEX
8
CUT
10
199.3266
20
201.3503
0
VERTEX
8
CUT
10
199.3243
20
201.3367
0
VERTEX
8
CUT
10
199.3156
20
201.2833
0
VERTEX
8
CUT
10
199.3118
20
201.2558
0
VERTEX
8
CUT
10
199.2913
20
201.0771
0
VERTEX
8
CUT
10
199.2888
20
201.0495
0
VERTEX
8
CUT
10
199.2851
20
200.9955
0
VERTEX
8
CUT
10
199.2843
20
200.9817
0
VERTEX
8
CUT
10
199.2802
20
200.8918
0
VERTEX
8
CUT
10
199.2798
20
200.8780
0
VERTEX
8
CUT
10
199.2360
20
198.8893
0
VERTEX
8
CUT
10
199.2358
20
198.8787
0
VERTEX
8
CUT
10
199.2355
20
198.8049
0
VERTEX
8
CUT
10
199.2355
20
198.7938
0
VERTEX
8
CUT
10
199.2362
20
198.7454
0
VERTEX
8
CUT
10
199.2370
20
198.7221
0
VERTEX
8
CUT
10
199.2447
20
198.5768
0
VERTEX
8
CUT
10
199.2463
20
198.5544
0
VERTEX
8
CUT
10
199.2498
20
198.5155
0
VERTEX
8
CUT
10
199.2508
20
198.5050
0
VERTEX
8
CUT
10
199.2587
20
198.4324
0
VERTEX
8
CUT
10
199.2601
20
198.4206
0
VERTEX
8
CUT
10
199.5414
20
196.2296
0
VERTEX
8
CUT
10
199.5442
20
196.2104
0
VERTEX
8
CUT
10
199.5643
20
196.0862
0
VERTEX
8
CUT
10
199.5677
20
196.0672
0
VERTEX
8
CUT
10
199.5978
20
195.9122
0
VERTEX
8
CUT
10
199.6018
20
195.8932
0
VERTEX
8
CUT
10
199.6299
20
195.7706
0
VERTEX
8
CUT
10
199.6345
20
195.7518
0
VERTEX
8
CUT
10
199.9506
20
194.5480
0
VERTEX
8
CUT
10
199.9535
20
194.5376
0
VERTEX
8
CUT
10
199.9740
20
194.4648
0
VERTEX
8
CUT
10
199.9771
20
194.4540
0
VERTEX
8
CUT
10
199.9915
20
194.4066
0
VERTEX
8
CUT
10
199.9989
20
194.3839
0
VERTEX
8
CUT
10
200.0476
20
194.2432
0
VERTEX
8
CUT
10
200.0555
20
194.2216
0
VERTEX
8
CUT
10
200.0700
20
194.1845
0
VERTEX
8
CUT
10
200.0740
20
194.1744
0
VERTEX
8
CUT
10
200.1024
20
194.1053
0
VERTEX
8
CUT
10
200.1072
20
194.0941
0
VERTEX
8
CUT
10
201.3447
20
191.2472
0
VERTEX
8
CUT
10
201.3528
20
191.2294
0
VERTEX
8
CUT
10
201.4071
20
191.1148
0
VERTEX
8
CUT
10
201.4157
20
191.0973
0
VERTEX
8
CUT
10
201.4886
20
190.9558
0
VERTEX
8
CUT
10
201.4978
20
190.9386
0
VERTEX
8
CUT
10
201.5595
20
190.8277
0
VERTEX
8
CUT
10
201.5692
20
190.8108
0
VERTEX
8
CUT
10
202.3947
20
189.4345
0
VERTEX
8
CUT
10
202.4032
20
189.4207
0
VERTEX
8
CUT
10
202.4599
20
189.3317
0
VERTEX
8
CUT
10
202.4689
20
189.3181
0
VERTEX
8
CUT
10
202.5431
20
189.2083
0
VERTEX
8
CUT
10
202.5524
20
189.1950
0
VERTEX
8
CUT
10
202.6138
20
189.1091
0
VERTEX
8
CUT
10
202.6235
20
189.0960
0
VERTEX
8
CUT
10
205.3071
20
185.5553
0
VERTEX
8
CUT
10
205.3147
20
185.5456
0
VERTEX
8
CUT
10
205.3643
20
185.4828
0
VERTEX
8
CUT
10
205.3721
20
185.4732
0
VERTEX
8
CUT
10
205.4360
20
185.3957
0
VERTEX
8
CUT
10
205.4439
20
185.3862
0
VERTEX
8
CUT
10
205.4961
20
185.3256
0
VERTEX
8
CUT
10
205.5042
20
185.3163
0
VERTEX
8
CUT
10
215.1583
20
174.5429
0
VERTEX
8
CUT
10
215.1686
20
174.5312
0
VERTEX
8
CUT
10
215.1924
20
174.5037
0
VERTEX
8
CUT
10
215.2025
20
174.4918
0
VERTEX
8
CUT
10
215.2147
20
174.4772
0
VERTEX
8
CUT
10
215.2246
20
174.4652
0
VERTEX
8
CUT
10
215.2475
20
174.4368
0
VERTEX
8
CUT
10
215.2571
20
174.4246
0
VERTEX
8
CUT
10
215.2741
20
174.4028
0
VERTEX
8
CUT
10
215.2836
20
174.3904
0
VERTEX
8
CUT
10
215.3055
20
174.3613
0
VERTEX
8
CUT
10
215.3147
20
174.3487
0
VERTEX
8
CUT
10
215.3259
20
174.3333
0
VERTEX
8
CUT
10
215.3349
20
174.3206
0
VERTEX
8
CUT
10
215.3558
20
174.2907
0
VERTEX
8
CUT
10
215.3646
20
174.2778
0
VERTEX
8
CUT
10
217.4832
20
171.1269
0
VERTEX
8
CUT
10
217.4882
20
171.1194
0
VERTEX
8
CUT
10
217.4965
20
171.1068
0
VERTEX
8
CUT
10
217.5157
20
171.0763
0
VERTEX
8
CUT
10
217.5473
20
171.0238
0
VERTEX
8
CUT
10
217.5609
20
171.0004
0
VERTEX
8
CUT
10
217.5623
20
170.9979
0
VERTEX
8
CUT
10
217.5752
20
170.9741
0
VERTEX
8
CUT
10
217.6036
20
170.9199
0
VERTEX
8
CUT
10
217.6196
20
170.8875
0
VERTEX
8
CUT
10
217.6261
20
170.8739
0
VERTEX
8
CUT
10
217.6299
20
170.8658
0
VERTEX
8
CUT
10
219.0384
20
167.8061
0
VERTEX
8
CUT
10
219.0450
20
167.7913
0
VERTEX
8
CUT
10
219.0602
20
167.7566
0
VERTEX
8
CUT
10
219.0666
20
167.7417
0
VERTEX
8
CUT
10
219.0742
20
167.7234
0
VERTEX
8
CUT
10
219.0803
20
167.7084
0
VERTEX
8
CUT
10
219.0943
20
167.6732
0
VERTEX
8
CUT
10
219.1001
20
167.6580
0
VERTEX
8
CUT
10
219.1102
20
167.6312
0
VERTEX
8
CUT
10
219.1158
20
167.6160
0
VERTEX
8
CUT
10
219.1285
20
167.5803
0
VERTEX
8
CUT
10
219.1338
20
167.5649
0
VERTEX
8
CUT
10
219.1400
20
167.5462
0
VERTEX
8
CUT
10
219.1451
20
167.5307
0
VERTEX
8
CUT
10
219.1564
20
167.4946
0
VERTEX
8
CUT
10
219.1612
20
167.4791
0
VERTEX
8
CUT
10
219.9810
20
164.7029
0
VERTEX
8
CUT
10
219.9837
20
164.6936
0
VERTEX
8
CUT
10
219.9881
20
164.6782
0
VERTEX
8
CUT
10
219.9978
20
164.6408
0
VERTEX
8
CUT
10
220.0130
20
164.5772
0
VERTEX
8
CUT
10
220.0192
20
164.5489
0
VERTEX
8
CUT
10
220.0198
20
164.5458
0
VERTEX
8
CUT
10
220.0252
20
164.5174
0
VERTEX
8
CUT
10
220.0362
20
164.4529
0
VERTEX
8
CUT
10
220.0419
20
164.4147
0
VERTEX
8
CUT
10
220.0439
20
164.3987
0
VERTEX
8
CUT
10
220.0451
20
164.3891
0
VERTEX
8
CUT
10
220.4279
20
161.0879
0
VERTEX
8
CUT
10
220.4293
20
161.0749
0
VERTEX
8
CUT
10
220.4323
20
161.0448
0
VERTEX
8
CUT
10
220.4336
20
161.0319
0
VERTEX
8
CUT
10
220.4349
20
161.0161
0
VERTEX
8
CUT
10
220.4360
20
161.0032
0
VERTEX
8
CUT
10
220.4381
20
160.9729
0
VERTEX
8
CUT
10
220.4390
20
160.9600
0
VERTEX
8
CUT
10
220.4403
20
160.9370
0
VERTEX
8
CUT
10
220.4410
20
160.9241
0
VERTEX
8
CUT
10
220.4423
20
160.8938
0
VERTEX
8
CUT
10
220.4428
20
160.8808
0
VERTEX
8
CUT
10
220.4432
20
160.8650
0
VERTEX
8
CUT
10
220.4435
20
160.8520
0
VERTEX
8
CUT
10
220.4439
20
160.8217
0
VERTEX
8
CUT
10
220.4440
20
160.8087
0
VERTEX
8
CUT
10
220.4441
20
158.4691
0
VERTEX
8
CUT
10
220.4443
20
158.4543
0
VERTEX
8
CUT
10
220.4467
20
158.3586
0
VERTEX
8
CUT
10
220.4472
20
158.3439
0
VERTEX
8
CUT
10
220.4500
20
158.2864
0
VERTEX
8
CUT
10
220.4522
20
158.2570
0
VERTEX
8
CUT
10
220.4707
20
158.0690
0
VERTEX
8
CUT
10
220.4794
20
158.0107
0
VERTEX
8
CUT
10
220.5158
20
157.8280
0
VERTEX
8
CUT
10
220.5301
20
157.7709
0
VERTEX
8
CUT
10
220.5842
20
157.5926
0
VERTEX
8
CUT
10
220.6041
20
157.5372
0
VERTEX
8
CUT
10
220.6754
20
157.3651
0
VERTEX
8
CUT
10
220.7006
20
157.3118
0
VERTEX
8
CUT
10
220.7885
20
157.1476
0
VERTEX
8
CUT
10
220.8188
20
157.0970
0
VERTEX
8
CUT
10
220.9224
20
156.9422
0
VERTEX
8
CUT
10
220.9575
20
156.8949
0
VERTEX
8
CUT
10
221.0758
20
156.7510
0
VERTEX
8
CUT
10
221.1154
20
156.7073
0
VERTEX
8
CUT
10
221.2472
20
156.5757
0
VERTEX
8
CUT
10
221.2909
20
156.5361
0
VERTEX
8
CUT
10
221.4350
20
156.4181
0
VERTEX
8
CUT
10
221.4823
20
156.3830
0
VERTEX
8
CUT
10
221.6373
20
156.2796
0
VERTEX
8
CUT
10
221.6879
20
156.2494
0
VERTEX
8
CUT
10
221.8522
20
156.1617
0
VERTEX
8
CUT
10
221.9055
20
156.1365
0
VERTEX
8
CUT
10
222.0777
20
156.0654
0
VERTEX
8
CUT
10
222.1332
20
156.0456
0
VERTEX
8
CUT
10
222.3115
20
155.9917
0
VERTEX
8
CUT
10
222.3687
20
155.9774
0
VERTEX
8
CUT
10
222.5514
20
155.9413
0
VERTEX
8
CUT
10
222.6097
20
155.9327
0
VERTEX
8
CUT
10
222.7951
20
155.9147
0
VERTEX
8
CUT
10
222.8540
20
155.9118
0
VERTEX
8
CUT
10
223.0403
20
155.9121
0
VERTEX
8
CUT
10
223.0991
20
155.9150
0
VERTEX
8
CUT
10
223.2845
20
155.9335
0
VERTEX
8
CUT
10
223.3428
20
155.9422
0
VERTEX
8
CUT
10
223.5254
20
155.9788
0
VERTEX
8
CUT
10
223.5825
20
155.9932
0
VERTEX
8
CUT
10
223.7607
20
156.0476
0
VERTEX
8
CUT
10
223.8162
20
156.0675
0
VERTEX
8
CUT
10
223.9882
20
156.1390
0
VERTEX
8
CUT
10
224.0414
20
156.1643
0
VERTEX
8
CUT
10
224.2056
20
156.2524
0
VERTEX
8
CUT
10
224.2561
20
156.2828
0
VERTEX
8
CUT
10
224.4129
20
156.3879
0
VERTEX
8
CUT
10
224.4370
20
156.4049
0
VERTEX
8
CUT
10
224.4832
20
156.4393
0
VERTEX
8
CUT
10
224.4949
20
156.4482
0
VERTEX
8
CUT
10
224.5703
20
156.5073
0
VERTEX
8
CUT
10
224.5818
20
156.5165
0
VERTEX
8
CUT
10
226.6043
20
158.1822
0
VERTEX
8
CUT
10
226.6167
20
158.1922
0
VERTEX
8
CUT
10
226.6457
20
158.2152
0
VERTEX
8
CUT
10
226.6582
20
158.2250
0
VERTEX
8
CUT
10
226.6736
20
158.2368
0
VERTEX
8
CUT
10
226.6863
20
158.2463
0
VERTEX
8
CUT
10
226.7161
20
158.2683
0
VERTEX
8
CUT
10
226.7289
20
158.2776
0
VERTEX
8
CUT
10
226.7518
20
158.2939
0
VERTEX
8
CUT
10
226.7648
20
158.3030
0
VERTEX
8
CUT
10
226.7954
20
158.3239
0
VERTEX
8
CUT
10
226.8086
20
158.3328
0
VERTEX
8
CUT
10
226.8247
20
158.3435
0
VERTEX
8
CUT
10
226.8381
20
158.3521
0
VERTEX
8
CUT
10
226.8693
20
158.3719
0
VERTEX
8
CUT
10
226.8828
20
158.3803
0
VERTEX
8
CUT
10
236.0604
20
163.9792
0
VERTEX
8
CUT
10
236.0713
20
163.9860
0
VERTEX
8
CUT
10
236.1416
20
164.0309
0
VERTEX
8
CUT
10
236.1524
20
164.0380
0
VERTEX
8
CUT
10
236.2394
20
164.0963
0
VERTEX
8
CUT
10
236.2500
20
164.1036
0
VERTEX
8
CUT
10
236.3183
20
164.1516
0
VERTEX
8
CUT
10
236.3288
20
164.1590
0
VERTEX
8
CUT
10
238.3701
20
165.6580
0
VERTEX
8
CUT
10
238.3807
20
165.6660
0
VERTEX
8
CUT
10
238.4490
20
165.7185
0
VERTEX
8
CUT
10
238.4594
20
165.7267
0
VERTEX
8
CUT
10
238.4998
20
165.7592
0
VERTEX
8
CUT
10
238.5201
20
165.7763
0
VERTEX
8
CUT
10
238.6494
20
165.8901
0
VERTEX
8
CUT
10
238.6689
20
165.9081
0
VERTEX
8
CUT
10
238.7063
20
165.9440
0
VERTEX
8
CUT
10
238.7157
20
165.9533
0
VERTEX
8
CUT
10
238.7765
20
166.0144
0
VERTEX
8
CUT
10
238.7857
20
166.0239
0
VERTEX
8
CUT
10
241.2105
20
168.5721
0
VERTEX
8
CUT
10
241.2213
20
168.5837
0
VERTEX
8
CUT
10
241.2902
20
168.6600
0
VERTEX
8
CUT
10
241.3006
20
168.6719
0
VERTEX
8
CUT
10
241.3408
20
168.7188
0
VERTEX
8
CUT
10
241.3607
20
168.7434
0
VERTEX
8
CUT
10
241.4859
20
168.9063
0
VERTEX
8
CUT
10
241.5045
20
168.9319
0
VERTEX
8
CUT
10
241.5395
20
168.9828
0
VERTEX
8
CUT
10
241.5483
20
168.9960
0
VERTEX
8
CUT
10
241.6043
20
169.0822
0
VERTEX
8
CUT
10
241.6128
20
169.0956
0
VERTEX
8
CUT
10
242.3825
20
170.3521
0
VERTEX
8
CUT
10
242.3882
20
170.3616
0
VERTEX
8
CUT
10
242.4274
20
170.4283
0
VERTEX
8
CUT
10
242.4331
20
170.4383
0
VERTEX
8
CUT
10
242.4580
20
170.4826
0
VERTEX
8
CUT
10
242.4695
20
170.5041
0
VERTEX
8
CUT
10
242.5387
20
170.6399
0
VERTEX
8
CUT
10
242.5490
20
170.6611
0
VERTEX
8
CUT
10
242.5661
20
170.6982
0
VERTEX
8
CUT
10
242.5706
20
170.7083
0
VERTEX
8
CUT
10
242.6014
20
170.7784
0
VERTEX
8
CUT
10
242.6062
20
170.7898
0
VERTEX
8
CUT
10
243.1413
20
172.0811
0
VERTEX
8
CUT
10
243.1466
20
172.0944
0
VERTEX
8
CUT
10
243.1801
20
172.1810
0
VERTEX
8
CUT
10
243.1851
20
172.1944
0
VERTEX
8
CUT
10
243.2039
20
172.2469
0
VERTEX
8
CUT
10
243.2130
20
172.2740
0
VERTEX
8
CUT
10
243.2674
20
172.4516
0
VERTEX
8
CUT
10
243.2751
20
172.4791
0
VERTEX
8
CUT
10
243.2889
20
172.5332
0
VERTEX
8
CUT
10
243.2923
20
172.5471
0
VERTEX
8
CUT
10
243.3131
20
172.6376
0
VERTEX
8
CUT
10
243.3161
20
172.6516
0
VERTEX
8
CUT
10
243.5714
20
173.8971
0
VERTEX
8
CUT
10
243.5740
20
173.9105
0
VERTEX
8
CUT
10
243.5898
20
173.9977
0
VERTEX
8
CUT
10
243.5920
20
174.0111
0
VERTEX
8
CUT
10
243.6003
20
174.0637
0
VERTEX
8
CUT
10
243.6040
20
174.0907
0
VERTEX
8
CUT
10
243.6236
20
174.2666
0
VERTEX
8
CUT
10
243.6261
20
174.2937
0
VERTEX
8
CUT
10
243.6296
20
174.3468
0
VERTEX
8
CUT
10
243.6303
20
174.3605
0
VERTEX
8
CUT
10
243.6341
20
174.4489
0
VERTEX
8
CUT
10
243.6346
20
174.4625
0
VERTEX
8
CUT
10
243.6359
20
174.5290
0
VERTEX
8
CUT
10
243.6360
20
174.5436
0
VERTEX
8
CUT
10
243.6357
20
174.6382
0
VERTEX
8
CUT
10
243.6354
20
174.6528
0
VERTEX
8
CUT
10
243.6339
20
174.7096
0
VERTEX
8
CUT
10
243.6323
20
174.7387
0
VERTEX
8
CUT
10
243.6180
20
174.9247
0
VERTEX
8
CUT
10
243.6108
20
174.9825
0
VERTEX
8
CUT
10
243.5790
20
175.1638
0
VERTEX
8
CUT
10
243.5661
20
175.2206
0
VERTEX
8
CUT
10
243.5169
20
175.3979
0
VERTEX
8
CUT
10
243.4986
20
175.4532
0
VERTEX
8
CUT
10
243.4324
20
175.6250
0
VERTEX
8
CUT
10
243.4089
20
175.6782
0
VERTEX
8
CUT
10
243.3264
20
175.8427
0
VERTEX
8
CUT
10
243.2978
20
175.8934
0
VERTEX
8
CUT
10
243.1997
20
176.0492
0
VERTEX
8
CUT
10
243.1663
20
176.0969
0
VERTEX
8
CUT
10
243.0536
20
176.2424
0
VERTEX
8
CUT
10
243.0158
20
176.2867
0
VERTEX
8
CUT
10
242.8895
20
176.4206
0
VERTEX
8
CUT
10
242.8475
20
176.4609
0
VERTEX
8
CUT
10
242.7089
20
176.5820
0
VERTEX
8
CUT
10
242.6632
20
176.6181
0
VERTEX
8
CUT
10
242.5135
20
176.7251
0
VERTEX
8
CUT
10
242.4645
20
176.7566
0
VERTEX
8
CUT
10
242.3051
20
176.8486
0
VERTEX
8
CUT
10
242.2533
20
176.8753
0
VERTEX
8
CUT
10
242.0858
20
176.9514
0
VERTEX
8
CUT
10
242.0316
20
176.9729
0
VERTEX
8
CUT
10
241.8575
20
177.0324
0
VERTEX
8
CUT
10
241.8015
20
177.0485
0
VERTEX
8
CUT
10
241.6224
20
177.0909
0
VERTEX
8
CUT
10
241.5652
20
177.1015
0
VERTEX
8
CUT
10
241.3828
20
177.1264
0
VERTEX
8
CUT
10
241.3248
20
177.1314
0
VERTEX
8
CUT
10
241.1409
20
177.1384
0
VERTEX
8
CUT
10
241.0827
20
177.1378
0
VERTEX
8
CUT
10
240.8989
20
177.1270
0
VERTEX
8
CUT
10
240.8410
20
177.1207
0
VERTEX
8
CUT
10
240.6592
20
177.0921
0
VERTEX
8
CUT
10
240.6022
20
177.0803
0
VERTEX
8
CUT
10
240.4215
20
177.0336
0
VERTEX
8
CUT
10
240.3935
20
177.0256
0
VERTEX
8
CUT
10
240.3392
20
177.0087
0
VERTEX
8
CUT
10
240.3254
20
177.0042
0
VERTEX
8
CUT
10
240.2358
20
176.9739
0
VERTEX
8
CUT
10
240.2220
20
176.9691
0
VERTEX
8
CUT
10
238.4576
20
176.3248
0
VERTEX
8
CUT
10
238.4445
20
176.3201
0
VERTEX
8
CUT
10
238.4139
20
176.3095
0
VERTEX
8
CUT
10
238.4008
20
176.3050
0
VERTEX
8
CUT
10
238.3847
20
176.2997
0
VERTEX
8
CUT
10
238.3715
20
176.2954
0
VERTEX
8
CUT
10
238.3406
20
176.2858
0
VERTEX
8
CUT
10
238.3273
20
176.2817
0
VERTEX
8
CUT
10
238.3037
20
176.2747
0
VERTEX
8
CUT
10
238.2904
20
176.2709
0
VERTEX
8
CUT
10
238.2592
20
176.2621
0
VERTEX
8
CUT
10
238.2458
20
176.2585
0
VERTEX
8
CUT
10
238.2294
20
176.2542
0
VERTEX
8
CUT
10
238.2159
20
176.2507
0
VERTEX
8
CUT
10
238.1845
20
176.2430
0
VERTEX
8
CUT
10
238.1710
20
176.2397
0
VERTEX
8
CUT
10
236.9336
20
175.9543
0
VERTEX
8
CUT
10
236.9270
20
175.9528
0
VERTEX
8
CUT
10
236.9115
20
175.9494
0
VERTEX
8
CUT
10
236.9049
20
175.9479
0
VERTEX
8
CUT
10
236.9020
20
175.9473
0
VERTEX
8
CUT
10
236.8759
20
175.9421
0
VERTEX
8
CUT
10
236.8147
20
175.9308
0
VERTEX
8
CUT
10
236.7933
20
175.9272
0
VERTEX
8
CUT
10
236.7597
20
175.9226
0
VERTEX
8
CUT
10
236.6830
20
175.9138
0
VERTEX
8
CUT
10
236.6497
20
175.9105
0
VERTEX
8
CUT
10
235.4113
20
175.8135
0
VERTEX
8
CUT
10
235.3998
20
175.8127
0
VERTEX
8
CUT
10
235.3809
20
175.8114
0
VERTEX
8
CUT
10
235.3355
20
175.8096
0
VERTEX
8
CUT
10
235.2590
20
175.8085
0
VERTEX
8
CUT
10
235.2251
20
175.8086
0
VERTEX
8
CUT
10
235.2214
20
175.8087
0
VERTEX
8
CUT
10
235.1875
20
175.8101
0
VERTEX
8
CUT
10
235.1108
20
175.8147
0
VERTEX
8
CUT
10
235.0656
20
175.8186
0
VERTEX
8
CUT
10
235.0469
20
175.8207
0
VERTEX
8
CUT
10
235.0356
20
175.8220
0
VERTEX
8
CUT
10
234.1882
20
175.9273
0
VERTEX
8
CUT
10
234.1773
20
175.9287
0
VERTEX
8
CUT
10
234.1619
20
175.9308
0
VERTEX
8
CUT
10
234.1128
20
175.9389
0
VERTEX
8
CUT
10
234.0461
20
175.9518
0
VERTEX
8
CUT
10
233.9709
20
175.9698
0
VERTEX
8
CUT
10
233.9213
20
175.9838
0
VERTEX
8
CUT
10
233.8480
20
176.0082
0
VERTEX
8
CUT
10
233.7998
20
176.0265
0
VERTEX
8
CUT
10
233.7288
20
176.0570
0
VERTEX
8
CUT
10
233.6676
20
176.0865
0
VERTEX
8
CUT
10
233.6234
20
176.1093
0
VERTEX
8
CUT
10
233.6097
20
176.1168
0
VERTEX
8
CUT
10
233.6001
20
176.1222
0
VERTEX
8
CUT
10
232.8475
20
176.5496
0
VERTEX
8
CUT
10
232.8385
20
176.5548
0
VERTEX
8
CUT
10
232.8375
20
176.5554
0
VERTEX
8
CUT
10
232.7898
20
176.5852
0
VERTEX
8
CUT
10
232.7216
20
176.6310
0
VERTEX
8
CUT
10
232.6466
20
176.6872
0
VERTEX
8
CUT
10
232.5992
20
176.7266
0
VERTEX
8
CUT
10
232.5309
20
176.7898
0
VERTEX
8
CUT
10
232.4876
20
176.8342
0
VERTEX
8
CUT
10
232.4262
20
176.9041
0
VERTEX
8
CUT
10
232.3763
20
176.9672
0
VERTEX
8
CUT
10
232.3428
20
177.0124
0
VERTEX
8
CUT
10
232.3411
20
177.0148
0
VERTEX
8
CUT
10
232.3350
20
177.0239
0
VERTEX
8
CUT
10
232.1609
20
177.2814
0
VERTEX
8
CUT
10
232.1553
20
177.2897
0
VERTEX
8
CUT
10
232.1547
20
177.2907
0
VERTEX
8
CUT
10
232.1260
20
177.3371
0
VERTEX
8
CUT
10
232.0862
20
177.4063
0
VERTEX
8
CUT
10
232.0449
20
177.4873
0
VERTEX
8
CUT
10
232.0204
20
177.5419
0
VERTEX
8
CUT
10
231.9876
20
177.6261
0
VERTEX
8
CUT
10
231.9687
20
177.6831
0
VERTEX
8
CUT
10
231.9445
20
177.7701
0
VERTEX
8
CUT
10
231.9274
20
177.8463
0
VERTEX
8
CUT
10
231.9171
20
177.8999
0
VERTEX
8
CUT
10
231.9166
20
177.9028
0
VERTEX
8
CUT
10
231.9150
20
177.9133
0
VERTEX
8
CUT
10
231.7545
20
178.9896
0
VERTEX
8
CUT
10
231.7526
20
179.0029
0
VERTEX
8
CUT
10
231.7497
20
179.0250
0
VERTEX
8
CUT
10
231.7441
20
179.0783
0
VERTEX
8
CUT
10
231.7375
20
179.1688
0
VERTEX
8
CUT
10
231.7354
20
179.2089
0
VERTEX
8
CUT
10
231.7353
20
179.2130
0
VERTEX
8
CUT
10
231.7350
20
179.2532
0
VERTEX
8
CUT
10
231.7365
20
179.3440
0
VERTEX
8
CUT
10
231.7389
20
179.3975
0
VERTEX
8
CUT
10
231.7406
20
179.4197
0
VERTEX
8
CUT
10
231.7417
20
179.4331
0
VERTEX
8
CUT
10
231.8778
20
180.9373
0
VERTEX
8
CUT
10
231.8791
20
180.9506
0
VERTEX
8
CUT
10
231.8814
20
180.9727
0
VERTEX
8
CUT
10
231.8886
20
181.0258
0
VERTEX
8
CUT
10
231.9035
20
181.1153
0
VERTEX
8
CUT
10
231.9110
20
181.1547
0
VERTEX
8
CUT
10
231.9118
20
181.1587
0
VERTEX
8
CUT
10
231.9210
20
181.1978
0
VERTEX
8
CUT
10
231.9438
20
181.2856
0
VERTEX
8
CUT
10
231.9588
20
181.3370
0
VERTEX
8
CUT
10
231.9657
20
181.3582
0
VERTEX
8
CUT
10
231.9699
20
181.3709
0
VERTEX
8
CUT
10
232.6835
20
183.4658
0
VERTEX
8
CUT
10
232.6878
20
183.4780
0
VERTEX
8
CUT
10
232.6950
20
183.4983
0
VERTEX
8
CUT
10
232.7138
20
183.5465
0
VERTEX
8
CUT
10
232.7480
20
183.6273
0
VERTEX
8
CUT
10
232.7639
20
183.6628
0
VERTEX
8
CUT
10
232.7656
20
183.6664
0
VERTEX
8
CUT
10
232.7831
20
183.7011
0
VERTEX
8
CUT
10
232.8241
20
183.7787
0
VERTEX
8
CUT
10
232.8496
20
183.8238
0
VERTEX
8
CUT
10
232.8608
20
183.8422
0
VERTEX
8
CUT
10
232.8676
20
183.8532
0
VERTEX
8
CUT
10
234.4263
20
186.3469
0
VERTEX
8
CUT
10
234.4349
20
186.3603
0
VERTEX
8
CUT
10
234.4551
20
186.3915
0
VERTEX
8
CUT
10
234.4639
20
186.4047
0
VERTEX
8
CUT
10
234.4748
20
186.4208
0
VERTEX
8
CUT
10
234.4838
20
186.4340
0
VERTEX
8
CUT
10
234.5052
20
186.4644
0
VERTEX
8
CUT
10
234.5144
20
186.4773
0
VERTEX
8
CUT
10
234.5310
20
186.5001
0
VERTEX
8
CUT
10
234.5405
20
186.5129
0
VERTEX
8
CUT
10
234.5629
20
186.5425
0
VERTEX
8
CUT
10
234.5726
20
186.5552
0
VERTEX
8
CUT
10
234.5846
20
186.5705
0
VERTEX
8
CUT
10
234.5945
20
186.5829
0
VERTEX
8
CUT
10
234.6180
20
186.6117
0
VERTEX
8
CUT
10
234.6281
20
186.6240
0
VERTEX
8
CUT
10
244.2959
20
198.0957
0
VERTEX
8
CUT
10
244.3050
20
198.1068
0
VERTEX
8
CUT
10
244.3635
20
198.1797
0
VERTEX
8
CUT
10
244.3724
20
198.1910
0
VERTEX
8
CUT
10
244.4436
20
198.2843
0
VERTEX
8
CUT
10
244.4522
20
198.2958
0
VERTEX
8
CUT
10
244.5072
20
198.3714
0
VERTEX
8
CUT
10
244.5155
20
198.3832
0
VERTEX
8
CUT
10
247.6089
20
202.8626
0
VERTEX
8
CUT
10
247.6193
20
202.8783
0
VERTEX
8
CUT
10
247.6858
20
202.9812
0
VERTEX
8
CUT
10
247.6957
20
202.9972
0
VERTEX
8
CUT
10
247.7750
20
203.1289
0
VERTEX
8
CUT
10
247.7844
20
203.1452
0
VERTEX
8
CUT
10
247.8442
20
203.2521
0
VERTEX
8
CUT
10
247.8532
20
203.2687
0
VERTEX
8
CUT
10
248.7594
20
205.0149
0
VERTEX
8
CUT
10
248.7641
20
205.0242
0
VERTEX
8
CUT
10
248.7967
20
205.0899
0
VERTEX
8
CUT
10
248.8015
20
205.0997
0
VERTEX
8
CUT
10
248.8221
20
205.1431
0
VERTEX
8
CUT
10
248.8317
20
205.1642
0
VERTEX
8
CUT
10
248.8885
20
205.2970
0
VERTEX
8
CUT
10
248.8969
20
205.3176
0
VERTEX
8
CUT
10
248.9107
20
205.3537
0
VERTEX
8
CUT
10
248.9144
20
205.3635
0
VERTEX
8
CUT
10
248.9392
20
205.4316
0
VERTEX
8
CUT
10
248.9432
20
205.4427
0
VERTEX
8
CUT
10
250.2048
20
209.1247
0
VERTEX
8
CUT
10
250.2094
20
209.1385
0
VERTEX
8
CUT
10
250.2376
20
209.2280
0
VERTEX
8
CUT
10
250.2418
20
209.2418
0
VERTEX
8
CUT
10
250.2575
20
209.2960
0
VERTEX
8
CUT
10
250.2649
20
209.3240
0
VERTEX
8
CUT
10
250.3084
20
209.5066
0
VERTEX
8
CUT
10
250.3144
20
209.5349
0
VERTEX
8
CUT
10
250.3248
20
209.5904
0
VERTEX
8
CUT
10
250.3273
20
209.6046
0
VERTEX
8
CUT
10
250.3424
20
209.6973
0
VERTEX
8
CUT
10
250.3446
20
209.7116
0
VERTEX
8
CUT
10
250.7882
20
212.9203
0
VERTEX
8
CUT
10
250.7898
20
212.9332
0
VERTEX
8
CUT
10
250.7996
20
213.0172
0
VERTEX
8
CUT
10
250.8010
20
213.0302
0
VERTEX
8
CUT
10
250.8057
20
213.0808
0
VERTEX
8
CUT
10
250.8076
20
213.1068
0
VERTEX
8
CUT
10
250.8160
20
213.2735
0
VERTEX
8
CUT
10
250.8164
20
213.3255
0
VERTEX
8
CUT
10
250.8105
20
213.4901
0
VERTEX
8
CUT
10
250.8063
20
213.5419
0
VERTEX
8
CUT
10
250.7859
20
213.7076
0
VERTEX
8
CUT
10
250.7821
20
213.7333
0
VERTEX
8
CUT
10
250.7737
20
213.7835
0
VERTEX
8
CUT
10
250.7714
20
213.7963
0
VERTEX
8
CUT
10
250.7556
20
213.8794
0
VERTEX
8
CUT
10
250.7530
20
213.8922
0
VERTEX
8
CUT
10
250.6949
20
214.1650
0
VERTEX
8
CUT
10
250.6917
20
214.1792
0
VERTEX
8
CUT
10
250.6696
20
214.2717
0
VERTEX
8
CUT
10
250.6661
20
214.2859
0
VERTEX
8
CUT
10
250.6515
20
214.3411
0
VERTEX
8
CUT
10
250.6433
20
214.3692
0
VERTEX
8
CUT
10
250.5866
20
214.5479
0
VERTEX
8
CUT
10
250.5662
20
214.6028
0
VERTEX
8
CUT
10
250.4923
20
214.7751
0
VERTEX
8
CUT
10
250.4802
20
214.8017
0
VERTEX
8
CUT
10
250.4551
20
214.8530
0
VERTEX
8
CUT
10
250.4486
20
214.8661
0
VERTEX
8
CUT
10
250.4048
20
214.9505
0
VERTEX
8
CUT
10
250.3980
20
214.9634
0
VERTEX
8
CUT
10
249.4834
20
216.6281
0
VERTEX
8
CUT
10
249.4745
20
216.6438
0
VERTEX
8
CUT
10
249.4150
20
216.7448
0
VERTEX
8
CUT
10
249.4056
20
216.7603
0
VERTEX
8
CUT
10
249.3680
20
216.8198
0
VERTEX
8
CUT
10
249.3479
20
216.8497
0
VERTEX
8
CUT
10
249.2112
20
217.0401
0
VERTEX
8
CUT
10
249.1892
20
217.0688
0
VERTEX
8
CUT
10
249.1448
20
217.1234
0
VERTEX
8
CUT
10
249.1332
20
217.1372
0
VERTEX
8
CUT
10
249.0565
20
217.2260
0
VERTEX
8
CUT
10
249.0445
20
217.2394
0
VERTEX
8
CUT
10
248.6247
20
217.6964
0
VERTEX
8
CUT
10
248.6157
20
217.7060
0
VERTEX
8
CUT
10
248.5562
20
217.7680
0
VERTEX
8
CUT
10
248.5469
20
217.7774
0
VERTEX
8
CUT
10
248.5103
20
217.8139
0
VERTEX
8
CUT
10
248.4912
20
217.8321
0
VERTEX
8
CUT
10
248.3660
20
217.9463
0
VERTEX
8
CUT
10
248.3255
20
217.9802
0
VERTEX
8
CUT
10
248.1907
20
218.0830
0
VERTEX
8
CUT
10
248.1694
20
218.0985
0
VERTEX
8
CUT
10
248.1270
20
218.1280
0
VERTEX
8
CUT
10
248.1160
20
218.1354
0
VERTEX
8
CUT
10
248.0444
20
218.1829
0
VERTEX
8
CUT
10
248.0333
20
218.1901
0
VERTEX
8
CUT
10
247.5820
20
218.4752
0
VERTEX
8
CUT
10
247.5672
20
218.4842
0
VERTEX
8
CUT
10
247.4703
20
218.5416
0
VERTEX
8
CUT
10
247.4553
20
218.5502
0
VERTEX
8
CUT
10
247.3962
20
218.5829
0
VERTEX
8
CUT
10
247.3654
20
218.5988
0
VERTEX
8
CUT
10
247.1627
20
218.6962
0
VERTEX
8
CUT
10
247.1310
20
218.7103
0
VERTEX
8
CUT
10
247.0686
20
218.7360
0
VERTEX
8
CUT
10
247.0525
20
218.7424
0
VERTEX
8
CUT
10
246.9472
20
218.7822
0
VERTEX
8
CUT
10
246.9309
20
218.7880
0
VERTEX
8
CUT
10
246.3665
20
218.9829
0
VERTEX
8
CUT
10
246.3537
20
218.9872
0
VERTEX
8
CUT
10
246.2699
20
219.0140
0
VERTEX
8
CUT
10
246.2570
20
219.0180
0
VERTEX
8
CUT
10
246.2063
20
219.0329
0
VERTEX
8
CUT
10
246.1802
20
219.0400
0
VERTEX
8
CUT
10
246.0119
20
219.0816
0
VERTEX
8
CUT
10
245.9589
20
219.0922
0
VERTEX
8
CUT
10
245.7876
20
219.1185
0
VERTEX
8
CUT
10
245.7607
20
219.1220
0
VERTEX
8
CUT
10
245.7082
20
219.1276
0
VERTEX
8
CUT
10
245.6947
20
219.1289
0
VERTEX
8
CUT
10
245.6072
20
219.1363
0
VERTEX
8
CUT
10
245.5937
20
219.1373
0
VERTEX
8
CUT
10
245.1531
20
219.1647
0
VERTEX
8
CUT
10
245.1405
20
219.1653
0
VERTEX
8
CUT
10
245.0588
20
219.1687
0
VERTEX
8
CUT
10
245.0463
20
219.1690
0
VERTEX
8
CUT
10
244.9971
20
219.1700
0
VERTEX
8
CUT
10
244.9719
20
219.1700
0
VERTEX
8
CUT
10
244.8106
20
219.1665
0
VERTEX
8
CUT
10
244.7604
20
219.1633
0
VERTEX
8
CUT
10
244.6000
20
219.1462
0
VERTEX
8
CUT
10
244.5750
20
219.1430
0
VERTEX
8
CUT
10
244.5264
20
219.1358
0
VERTEX
8
CUT
10
244.5139
20
219.1338
0
VERTEX
8
CUT
10
244.4333
20
219.1201
0
VERTEX
8
CUT
10
244.4209
20
219.1178
0
VERTEX
8
CUT
10
243.8576
20
219.0097
0
VERTEX
8
CUT
10
243.8402
20
219.0060
0
VERTEX
8
CUT
10
243.7272
20
218.9808
0
VERTEX
8
CUT
10
243.7098
20
218.9767
0
VERTEX
8
CUT
10
243.6425
20
218.9596
0
VERTEX
8
CUT
10
243.6082
20
218.9498
0
VERTEX
8
CUT
10
243.3878
20
218.8795
0
VERTEX
8
CUT
10
243.3541
20
218.8677
0
VERTEX
8
CUT
10
243.2893
20
218.8427
0
VERTEX
8
CUT
10
243.2728
20
218.8360
0
VERTEX
8
CUT
10
243.1660
20
218.7912
0
VERTEX
8
CUT
10
243.1497
20
218.7841
0
VERTEX
8
CUT
10
242.4781
20
218.4783
0
VERTEX
8
CUT
10
242.4647
20
218.4719
0
VERTEX
8
CUT
10
242.3781
20
218.4299
0
VERTEX
8
CUT
10
242.3648
20
218.4232
0
VERTEX
8
CUT
10
242.3134
20
218.3967
0
VERTEX
8
CUT
10
242.2874
20
218.3824
0
VERTEX
8
CUT
10
242.1209
20
218.2857
0
VERTEX
8
CUT
10
242.0956
20
218.2702
0
VERTEX
8
CUT
10
242.0471
20
218.2387
0
VERTEX
8
CUT
10
242.0347
20
218.2305
0
VERTEX
8
CUT
10
241.9552
20
218.1761
0
VERTEX
8
CUT
10
241.9431
20
218.1676
0
VERTEX
8
CUT
10
240.8450
20
217.3754
0
VERTEX
8
CUT
10
240.8314
20
217.3653
0
VERTEX
8
CUT
10
240.7439
20
217.2983
0
VERTEX
8
CUT
10
240.7306
20
217.2878
0
VERTEX
8
CUT
10
240.6792
20
217.2462
0
VERTEX
8
CUT
10
240.6535
20
217.2241
0
VERTEX
8
CUT
10
240.4906
20
217.0760
0
VERTEX
8
CUT
10
240.4662
20
217.0525
0
VERTEX
8
CUT
10
240.4199
20
217.0053
0
VERTEX
8
CUT
10
240.4082
20
216.9930
0
VERTEX
8
CUT
10
240.3332
20
216.9123
0
VERTEX
8
CUT
10
240.3219
20
216.8997
0
VERTEX
8
CUT
10
236.4786
20
212.5161
0
VERTEX
8
CUT
10
236.4712
20
212.5078
0
VERTEX
8
CUT
10
236.4540
20
212.4886
0
VERTEX
8
CUT
10
236.4465
20
212.4804
0
VERTEX
8
CUT
10
236.4374
20
212.4705
0
VERTEX
8
CUT
10
236.4299
20
212.4624
0
VERTEX
8
CUT
10
236.4122
20
212.4437
0
VERTEX
8
CUT
10
236.4045
20
212.4357
0
VERTEX
8
CUT
10
236.3909
20
212.4216
0
VERTEX
8
CUT
10
236.3832
20
212.4137
0
VERTEX
8
CUT
10
236.3650
20
212.3954
0
VERTEX
8
CUT
10
236.3572
20
212.3876
0
VERTEX
8
CUT
10
236.3475
20
212.3781
0
VERTEX
8
CUT
10
236.3396
20
212.3704
0
VERTEX
8
CUT
10
236.3210
20
212.3525
0
VERTEX
8
CUT
10
236.3130
20
212.3449
0
VERTEX
8
CUT
10
234.1990
20
210.3648
0
VERTEX
8
CUT
10
234.1912
20
210.3577
0
VERTEX
8
CUT
10
234.1783
20
210.3458
0
VERTEX
8
CUT
10
234.1464
20
210.3180
0
VERTEX
8
CUT
10
234.0914
20
210.2722
0
VERTEX
8
CUT
10
234.0667
20
210.2524
0
VERTEX
8
CUT
10
234.0640
20
210.2503
0
VERTEX
8
CUT
10
234.0386
20
210.2314
0
VERTEX
8
CUT
10
233.9805
20
210.1896
0
VERTEX
8
CUT
10
233.9456
20
210.1657
0
VERTEX
8
CUT
10
233.9309
20
210.1561
0
VERTEX
8
CUT
10
233.9220
20
210.1504
0
VERTEX
8
CUT
10
232.8587
20
209.4766
0
VERTEX
8
CUT
10
232.8498
20
209.4710
0
VERTEX
8
CUT
10
232.8419
20
209.4662
0
VERTEX
8
CUT
10
232.7902
20
209.4365
0
VERTEX
8
CUT
10
232.7136
20
209.3960
0
VERTEX
8
CUT
10
232.6245
20
209.3549
0
VERTEX
8
CUT
10
232.5638
20
209.3308
0
VERTEX
8
CUT
10
232.4707
20
209.2996
0
VERTEX
8
CUT
10
232.3871
20
209.2766
0
VERTEX
8
CUT
10
232.3292
20
209.2627
0
VERTEX
8
CUT
10
232.3201
20
209.2608
0
VERTEX
8
CUT
10
232.3098
20
209.2588
0
VERTEX
8
CUT
10
230.5191
20
208.9132
0
VERTEX
8
CUT
10
230.5079
20
208.9111
0
VERTEX
8
CUT
10
230.4892
20
208.9078
0
VERTEX
8
CUT
10
230.4439
20
208.9008
0
VERTEX
8
CUT
10
230.3845
20
208.8932
0
VERTEX
8
CUT
10
230.3047
20
208.8866
0
VERTEX
8
CUT
10
230.2245
20
208.8836
0
VERTEX
8
CUT
10
230.1444
20
208.8841
0
VERTEX
8
CUT
10
230.0846
20
208.8871
0
VERTEX
8
CUT
10
230.0390
20
208.8906
0
VERTEX
8
CUT
10
230.0201
20
208.8926
0
VERTEX
8
CUT
10
230.0087
20
208.8938
0
VERTEX
8
CUT
10
229.6141
20
208.9392
0
VERTEX
8
CUT
10
229.6044
20
208.9404
0
VERTEX
8
CUT
10
229.5882
20
208.9424
0
VERTEX
8
CUT
10
229.5495
20
208.9481
0
VERTEX
8
CUT
10
229.4990
20
208.9567
0
VERTEX
8
CUT
10
229.4320
20
208.9708
0
VERTEX
8
CUT
10
229.3653
20
208.9875
0
VERTEX
8
CUT
10
229.2995
20
209.0066
0
VERTEX
8
CUT
10
229.2509
20
209.0228
0
VERTEX
8
CUT
10
229.2140
20
209.0360
0
VERTEX
8
CUT
10
229.1988
20
209.0418
0
VERTEX
8
CUT
10
229.1897
20
209.0453
0
VERTEX
8
CUT
10
228.2070
20
209.4326
0
VERTEX
8
CUT
10
228.1974
20
209.4365
0
VERTEX
8
CUT
10
228.1815
20
209.4430
0
VERTEX
8
CUT
10
228.1436
20
209.4595
0
VERTEX
8
CUT
10
228.0944
20
209.4822
0
VERTEX
8
CUT
10
228.0299
20
209.5152
0
VERTEX
8
CUT
10
227.9667
20
209.5509
0
VERTEX
8
CUT
10
227.9051
20
209.5889
0
VERTEX
8
CUT
10
227.8602
20
209.6193
0
VERTEX
8
CUT
10
227.8264
20
209.6432
0
VERTEX
8
CUT
10
227.8126
20
209.6535
0
VERTEX
8
CUT
10
227.8044
20
209.6597
0
VERTEX
8
CUT
10
227.5222
20
209.8748
0
VERTEX
8
CUT
10
227.5139
20
209.8812
0
VERTEX
8
CUT
10
227.5001
20
209.8920
0
VERTEX
8
CUT
10
227.4677
20
209.9185
0
VERTEX
8
CUT
10
227.4260
20
209.9543
0
VERTEX
8
CUT
10
227.3724
20
210.0043
0
VERTEX
8
CUT
10
227.3206
20
210.0567
0
VERTEX
8
CUT
10
227.2712
20
210.1110
0
VERTEX
8
CUT
10
227.2359
20
210.1530
0
VERTEX
8
CUT
10
227.2097
20
210.1858
0
VERTEX
8
CUT
10
227.1991
20
210.1996
0
VERTEX
8
CUT
10
227.1928
20
210.2080
0
VERTEX
8
CUT
10
226.5375
20
211.0885
0
VERTEX
8
CUT
10
226.5308
20
211.0976
0
VERTEX
8
CUT
10
226.5197
20
211.1129
0
VERTEX
8
CUT
10
226.4940
20
211.1504
0
VERTEX
8
CUT
10
226.4615
20
211.2003
0
VERTEX
8
CUT
10
226.4211
20
211.2688
0
VERTEX
8
CUT
10
226.3837
20
211.3393
0
VERTEX
8
CUT
10
226.3495
20
211.4112
0
VERTEX
8
CUT
10
226.3264
20
211.4660
0
VERTEX
8
CUT
10
226.3097
20
211.5083
0
VERTEX
8
CUT
10
226.3033
20
211.5261
0
VERTEX
8
CUT
10
226.2994
20
211.5368
0
VERTEX
8
CUT
10
226.0486
20
212.2538
0
VERTEX
8
CUT
10
226.0454
20
212.2630
0
VERTEX
8
CUT
10
226.0426
20
212.2712
0
VERTEX
8
CUT
10
226.0265
20
212.3242
0
VERTEX
8
CUT
10
226.0055
20
212.4020
0
VERTEX
8
CUT
10
225.9862
20
212.4911
0
VERTEX
8
CUT
10
225.9763
20
212.5510
0
VERTEX
8
CUT
10
225.9661
20
212.6417
0
VERTEX
8
CUT
10
225.9612
20
212.7221
0
VERTEX
8
CUT
10
225.9595
20
212.7775
0
VERTEX
8
CUT
10
225.9595
20
212.7861
0
VERTEX
8
CUT
10
225.9596
20
212.7959
0
VERTEX
8
CUT
10
225.9903
20
215.5506
0
VERTEX
8
CUT
10
225.9905
20
215.5608
0
VERTEX
8
CUT
10
225.9908
20
215.5777
0
VERTEX
8
CUT
10
225.9927
20
215.6185
0
VERTEX
8
CUT
10
225.9974
20
215.6874
0
VERTEX
8
CUT
10
225.9999
20
215.7178
0
VERTEX
8
CUT
10
226.0003
20
215.7210
0
VERTEX
8
CUT
10
226.0039
20
215.7514
0
VERTEX
8
CUT
10
226.0132
20
215.8198
0
VERTEX
8
CUT
10
226.0197
20
215.8601
0
VERTEX
8
CUT
10
226.0227
20
215.8768
0
VERTEX
8
CUT
10
226.0246
20
215.8868
0
VERTEX
8
CUT
10
226.3516
20
217.5657
0
VERTEX
8
CUT
10
226.3542
20
217.5784
0
VERTEX
8
CUT
10
226.3604
20
217.6081
0
VERTEX
8
CUT
10
226.3632
20
217.6209
0
VERTEX
8
CUT
10
226.3667
20
217.6364
0
VERTEX
8
CUT
10
226.3696
20
217.6490
0
VERTEX
8
CUT
10
226.3767
20
217.6786
0
VERTEX
8
CUT
10
226.3799
20
217.6912
0
VERTEX
8
CUT
10
226.3856
20
217.7135
0
VERTEX
8
CUT
10
226.3889
20
217.7261
0
VERTEX
8
CUT
10
226.3968
20
217.7554
0
VERTEX
8
CUT
10
226.4003
20
217.7680
0
VERTEX
8
CUT
10
226.4047
20
217.7832
0
VERTEX
8
CUT
10
226.4084
20
217.7957
0
VERTEX
8
CUT
10
226.4172
20
217.8248
0
VERTEX
8
CUT
10
226.4210
20
217.8372
0
VERTEX
8
CUT
10
227.7723
20
222.0840
0
VERTEX
8
CUT
10
227.7763
20
222.0961
0
VERTEX
8
CUT
10
227.7857
20
222.1243
0
VERTEX
8
CUT
10
227.7898
20
222.1363
0
VERTEX
8
CUT
10
227.7949
20
222.1510
0
VERTEX
8
CUT
10
227.7992
20
222.1630
0
VERTEX
8
CUT
10
227.8094
20
222.1909
0
VERTEX
8
CUT
10
227.8139
20
222.2028
0
VERTEX
8
CUT
10
227.8219
20
222.2238
0
VERTEX
8
CUT
10
227.8265
20
222.2357
0
VERTEX
8
CUT
10
227.8375
20
222.2633
0
VERTEX
8
CUT
10
227.8423
20
222.2751
0
VERTEX
8
CUT
10
227.8482
20
222.2894
0
VERTEX
8
CUT
10
227.8532
20
222.3011
0
VERTEX
8
CUT
10
227.8649
20
222.3284
0
VERTEX
8
CUT
10
227.8701
20
222.3400
0
VERTEX
8
CUT
10
230.0658
20
227.2413
0
VERTEX
8
CUT
10
230.0697
20
227.2499
0
VERTEX
8
CUT
10
230.0789
20
227.2698
0
VERTEX
8
CUT
10
230.0829
20
227.2784
0
VERTEX
8
CUT
10
230.0878
20
227.2888
0
VERTEX
8
CUT
10
230.0919
20
227.2973
0
VERTEX
8
CUT
10
230.1015
20
227.3170
0
VERTEX
8
CUT
10
230.1056
20
227.3255
0
VERTEX
8
CUT
10
230.1131
20
227.3405
0
VERTEX
8
CUT
10
230.1174
20
227.3489
0
VERTEX
8
CUT
10
230.1274
20
227.3684
0
VERTEX
8
CUT
10
230.1317
20
227.3768
0
VERTEX
8
CUT
10
230.1371
20
227.3870
0
VERTEX
8
CUT
10
230.1415
20
227.3953
0
VERTEX
8
CUT
10
230.1520
20
227.4147
0
VERTEX
8
CUT
10
230.1565
20
227.4229
0
VERTEX
8
CUT
10
232.6728
20
231.9752
0
VERTEX
8
CUT
10
232.6782
20
231.9849
0
VERTEX
8
CUT
10
232.6910
20
232.0073
0
VERTEX
8
CUT
10
232.6965
20
232.0169
0
VERTEX
8
CUT
10
232.7034
20
232.0286
0
VERTEX
8
CUT
10
232.7090
20
232.0381
0
VERTEX
8
CUT
10
232.7223
20
232.0603
0
VERTEX
8
CUT
10
232.7281
20
232.0698
0
VERTEX
8
CUT
10
232.7385
20
232.0865
0
VERTEX
8
CUT
10
232.7444
20
232.0958
0
VERTEX
8
CUT
10
232.7582
20
232.1177
0
VERTEX
8
CUT
10
232.7642
20
232.1270
0
VERTEX
8
CUT
10
232.7716
20
232.1383
0
VERTEX
8
CUT
10
232.7778
20
232.1475
0
VERTEX
8
CUT
10
232.7922
20
232.1690
0
VERTEX
8
CUT
10
232.7984
20
232.1782
0
VERTEX
8
CUT
10
236.8896
20
238.1140
0
VERTEX
8
CUT
10
236.8967
20
238.1241
0
VERTEX
8
CUT
10
236.9133
20
238.1475
0
VERTEX
8
CUT
10
236.9205
20
238.1575
0
VERTEX
8
CUT
10
236.9294
20
238.1697
0
VERTEX
8
CUT
10
236.9367
20
238.1796
0
VERTEX
8
CUT
10
236.9540
20
238.2026
0
VERTEX
8
CUT
10
236.9615
20
238.2124
0
VERTEX
8
CUT
10
236.9748
20
238.2297
0
VERTEX
8
CUT
10
236.9825
20
238.2394
0
VERTEX
8
CUT
10
237.0004
20
238.2619
0
VERTEX
8
CUT
10
237.0081
20
238.2715
0
VERTEX
8
CUT
10
237.0176
20
238.2831
0
VERTEX
8
CUT
10
237.0255
20
238.2926
0
VERTEX
8
CUT
10
237.0440
20
238.3146
0
VERTEX
8
CUT
10
237.0520
20
238.3240
0
VERTEX
8
CUT
10
240.2773
20
242.0532
0
VERTEX
8
CUT
10
240.2836
20
242.0604
0
VERTEX
8
CUT
10
240.2984
20
242.0771
0
VERTEX
8
CUT
10
240.3048
20
242.0843
0
VERTEX
8
CUT
10
240.3126
20
242.0929
0
VERTEX
8
CUT
10
240.3190
20
242.1000
0
VERTEX
8
CUT
10
240.3341
20
242.1164
0
VERTEX
8
CUT
10
240.3407
20
242.1234
0
VERTEX
8
CUT
10
240.3523
20
242.1357
0
VERTEX
8
CUT
10
240.3589
20
242.1426
0
VERTEX
8
CUT
10
240.3743
20
242.1587
0
VERTEX
8
CUT
10
240.3810
20
242.1656
0
VERTEX
8
CUT
10
240.3892
20
242.1739
0
VERTEX
8
CUT
10
240.3959
20
242.1807
0
VERTEX
8
CUT
10
240.4008
20
242.1855
0
VERTEX
8
CUT
10
240.4301
20
242.2134
0
VERTEX
8
CUT
10
240.4713
20
242.2509
0
VERTEX
8
CUT
10
240.5865
20
242.3553
0
VERTEX
8
CUT
10
240.5995
20
242.3674
0
VERTEX
8
CUT
10
240.7092
20
242.4728
0
VERTEX
8
CUT
10
240.7225
20
242.4859
0
VERTEX
8
CUT
10
240.8070
20
242.5724
0
VERTEX
8
CUT
10
240.8198
20
242.5859
0
VERTEX
8
CUT
10
240.8590
20
242.6285
0
VERTEX
8
CUT
10
240.8759
20
242.6464
0
VERTEX
8
CUT
10
240.9114
20
242.6830
0
VERTEX
8
CUT
10
246.1988
20
247.8392
0
VERTEX
8
CUT
10
246.2060
20
247.8461
0
VERTEX
8
CUT
10
246.2227
20
247.8620
0
VERTEX
8
CUT
10
246.2299
20
247.8688
0
VERTEX
8
CUT
10
246.2386
20
247.8769
0
VERTEX
8
CUT
10
246.2458
20
247.8836
0
VERTEX
8
CUT
10
246.2628
20
247.8991
0
VERTEX
8
CUT
10
246.2702
20
247.9058
0
VERTEX
8
CUT
10
246.2832
20
247.9174
0
VERTEX
8
CUT
10
246.2906
20
247.9239
0
VERTEX
8
CUT
10
246.3080
20
247.9391
0
VERTEX
8
CUT
10
246.3154
20
247.9456
0
VERTEX
8
CUT
10
246.3246
20
247.9534
0
VERTEX
8
CUT
10
246.3321
20
247.9597
0
VERTEX
8
CUT
10
246.3498
20
247.9745
0
VERTEX
8
CUT
10
246.3574
20
247.9808
0
VERTEX
8
CUT
10
248.9565
20
250.1043
0
VERTEX
8
CUT
10
248.9602
20
250.1073
0
VERTEX
8
CUT
10
248.9689
20
250.1143
0
VERTEX
8
CUT
10
248.9726
20
250.1173
0
VERTEX
8
CUT
10
248.9813
20
250.1242
0
VERTEX
8
CUT
10
248.9859
20
250.1279
0
VERTEX
8
CUT
10
248.9968
20
250.1365
0
VERTEX
8
CUT
10
249.0015
20
250.1401
0
VERTEX
8
CUT
10
249.0097
20
250.1465
0
VERTEX
8
CUT
10
249.0143
20
250.1501
0
VERTEX
8
CUT
10
249.0251
20
250.1583
0
VERTEX
8
CUT
10
249.0291
20
250.1614
0
VERTEX
8
CUT
10
249.0381
20
250.1682
0
VERTEX
8
CUT
10
249.0508
20
250.1777
0
VERTEX
8
CUT
10
249.0564
20
250.1819
0
VERTEX
8
CUT
10
260.3853
20
258.4914
0
VERTEX
8
CUT
10
260.3960
20
258.4994
0
VERTEX
8
CUT
10
260.4653
20
258.5527
0
VERTEX
8
CUT
10
260.4759
20
258.5610
0
VERTEX
8
CUT
10
260.5614
20
258.6298
0
VERTEX
8
CUT
10
260.5717
20
258.6383
0
VERTEX
8
CUT
10
260.6386
20
258.6946
0
VERTEX
8
CUT
10
260.6488
20
258.7034
0
VERTEX
8
CUT
10
264.0218
20
261.6767
0
VERTEX
8
CUT
10
264.0300
20
261.6840
0
VERTEX
8
CUT
10
264.0866
20
261.7358
0
VERTEX
8
CUT
10
264.0950
20
261.7436
0
VERTEX
8
CUT
10
264.1315
20
261.7782
0
VERTEX
8
CUT
10
264.1487
20
261.7953
0
VERTEX
8
CUT
10
264.2540
20
261.9037
0
VERTEX
8
CUT
10
264.2699
20
261.9208
0
VERTEX
8
CUT
10
264.2969
20
261.9509
0
VERTEX
8
CUT
10
264.3042
20
261.9592
0
VERTEX
8
CUT
10
264.3538
20
262.0165
0
VERTEX
8
CUT
10
264.3618
20
262.0259
0
VERTEX
8
CUT
10
266.5575
20
264.6713
0
VERTEX
8
CUT
10
266.5656
20
264.6812
0
VERTEX
8
CUT
10
266.6171
20
264.7461
0
VERTEX
8
CUT
10
266.6250
20
264.7562
0
VERTEX
8
CUT
10
266.6551
20
264.7959
0
VERTEX
8
CUT
10
266.6702
20
264.8165
0
VERTEX
8
CUT
10
266.7648
20
264.9525
0
VERTEX
8
CUT
10
266.7789
20
264.9738
0
VERTEX
8
CUT
10
266.8056
20
265.0159
0
VERTEX
8
CUT
10
266.8123
20
265.0267
0
VERTEX
8
CUT
10
266.8552
20
265.0976
0
VERTEX
8
CUT
10
266.8617
20
265.1086
0
VERTEX
8
CUT
10
268.4825
20
267.9218
0
VERTEX
8
CUT
10
268.4877
20
267.9312
0
VERTEX
8
CUT
10
268.5239
20
267.9967
0
VERTEX
8
CUT
10
268.5293
20
268.0065
0
VERTEX
8
CUT
10
268.5522
20
268.0499
0
VERTEX
8
CUT
10
268.5628
20
268.0711
0
VERTEX
8
CUT
10
268.6266
20
268.2041
0
VERTEX
8
CUT
10
268.6360
20
268.2248
0
VERTEX
8
CUT
10
268.6517
20
268.2610
0
VERTEX
8
CUT
10
268.6559
20
268.2709
0
VERTEX
8
CUT
10
268.6841
20
268.3393
0
VERTEX
8
CUT
10
268.6886
20
268.3505
0
VERTEX
8
CUT
10
269.4152
20
270.2188
0
VERTEX
8
CUT
10
269.4218
20
270.2366
0
VERTEX
8
CUT
10
269.4629
20
270.3530
0
VERTEX
8
CUT
10
269.4689
20
270.3710
0
VERTEX
8
CUT
10
269.5158
20
270.5185
0
VERTEX
8
CUT
10
269.5213
20
270.5367
0
VERTEX
8
CUT
10
269.5549
20
270.6555
0
VERTEX
8
CUT
10
269.5598
20
270.6738
0
VERTEX
8
CUT
10
270.0279
20
272.5518
0
VERTEX
8
CUT
10
270.0305
20
272.5625
0
VERTEX
8
CUT
10
270.0478
20
272.6378
0
VERTEX
8
CUT
10
270.0502
20
272.6491
0
VERTEX
8
CUT
10
270.0606
20
272.6987
0
VERTEX
8
CUT
10
270.0652
20
272.7226
0
VERTEX
8
CUT
10
270.0903
20
272.8727
0
VERTEX
8
CUT
10
270.0937
20
272.8960
0
VERTEX
8
CUT
10
270.0989
20
272.9364
0
VERTEX
8
CUT
10
270.1002
20
272.9473
0
VERTEX
8
CUT
10
270.1084
20
273.0233
0
VERTEX
8
CUT
10
270.1097
20
273.0356
0
VERTEX
8
CUT
10
270.2641
20
274.7915
0
VERTEX
8
CUT
10
270.2650
20
274.8023
0
VERTEX
8
CUT
10
270.2702
20
274.8774
0
VERTEX
8
CUT
10
270.2709
20
274.8886
0
VERTEX
8
CUT
10
270.2734
20
274.9380
0
VERTEX
8
CUT
10
270.2741
20
274.9618
0
VERTEX
8
CUT
10
270.2758
20
275.1102
0
VERTEX
8
CUT
10
270.2756
20
275.1331
0
VERTEX
8
CUT
10
270.2746
20
275.1729
0
VERTEX
8
CUT
10
270.2742
20
275.1836
0
VERTEX
8
CUT
10
270.2708
20
275.2581
0
VERTEX
8
CUT
10
270.2702
20
275.2702
0
VERTEX
8
CUT
10
270.1589
20
276.9780
0
VERTEX
8
CUT
10
270.1581
20
276.9886
0
VERTEX
8
CUT
10
270.1520
20
277.0621
0
VERTEX
8
CUT
10
270.1510
20
277.0731
0
VERTEX
8
CUT
10
270.1461
20
277.1212
0
VERTEX
8
CUT
10
270.1433
20
277.1444
0
VERTEX
8
CUT
10
270.1231
20
277.2883
0
VERTEX
8
CUT
10
270.1195
20
277.3104
0
VERTEX
8
CUT
10
270.1127
20
277.3487
0
VERTEX
8
CUT
10
270.1107
20
277.3591
0
VERTEX
8
CUT
10
270.0966
20
277.4307
0
VERTEX
8
CUT
10
270.0942
20
277.4423
0
VERTEX
8
CUT
10
269.7293
20
279.1161
0
VERTEX
8
CUT
10
269.7265
20
279.1283
0
VERTEX
8
CUT
10
269.7076
20
279.2069
0
VERTEX
8
CUT
10
269.7046
20
279.2190
0
VERTEX
8
CUT
10
269.6922
20
279.2661
0
VERTEX
8
CUT
10
269.6854
20
279.2901
0
VERTEX
8
CUT
10
269.6380
20
279.4448
0
VERTEX
8
CUT
10
269.6302
20
279.4684
0
VERTEX
8
CUT
10
269.6140
20
279.5143
0
VERTEX
8
CUT
10
269.6097
20
279.5260
0
VERTEX
8
CUT
10
269.5812
20
279.6018
0
VERTEX
8
CUT
10
269.5767
20
279.6134
0
VERTEX
8
CUT
10
269.2486
20
280.4329
0
VERTEX
8
CUT
10
269.2429
20
280.4466
0
VERTEX
8
CUT
10
269.2048
20
280.5355
0
VERTEX
8
CUT
10
269.1987
20
280.5491
0
VERTEX
8
CUT
10
269.1745
20
280.6019
0
VERTEX
8
CUT
10
269.1614
20
280.6286
0
VERTEX
8
CUT
10
269.0734
20
280.7977
0
VERTEX
8
CUT
10
269.0433
20
280.8490
0
VERTEX
8
CUT
10
268.9404
20
281.0064
0
VERTEX
8
CUT
10
268.9055
20
281.0545
0
VERTEX
8
CUT
10
268.7875
20
281.2009
0
VERTEX
8
CUT
10
268.7479
20
281.2453
0
VERTEX
8
CUT
10
268.6160
20
281.3793
0
VERTEX
8
CUT
10
268.5723
20
281.4196
0
VERTEX
8
CUT
10
268.4277
20
281.5398
0
VERTEX
8
CUT
10
268.3802
20
281.5756
0
VERTEX
8
CUT
10
268.2245
20
281.6810
0
VERTEX
8
CUT
10
268.1736
20
281.7118
0
VERTEX
8
CUT
10
268.0083
20
281.8013
0
VERTEX
8
CUT
10
267.9546
20
281.8270
0
VERTEX
8
CUT
10
267.7812
20
281.8996
0
VERTEX
8
CUT
10
267.7253
20
281.9198
0
VERTEX
8
CUT
10
267.5455
20
281.9749
0
VERTEX
8
CUT
10
267.4878
20
281.9895
0
VERTEX
8
CUT
10
267.3035
20
282.0266
0
VERTEX
8
CUT
10
267.2447
20
282.0354
0
VERTEX
8
CUT
10
267.0550
20
282.0543
0
VERTEX
8
CUT
10
267.0253
20
282.0565
0
VERTEX
8
CUT
10
266.9673
20
282.0594
0
VERTEX
8
CUT
10
266.9524
20
282.0599
0
VERTEX
8
CUT
10
266.8558
20
282.0623
0
VERTEX
8
CUT
10
266.8409
20
282.0625
0
VERTEX
8
CUT
10
242.1471
20
282.0625
0
VERTEX
8
CUT
10
242.1316
20
282.0623
0
VERTEX
8
CUT
10
242.0302
20
282.0597
0
VERTEX
8
CUT
10
242.0147
20
282.0591
0
VERTEX
8
CUT
10
241.9539
20
282.0559
0
VERTEX
8
CUT
10
241.9228
20
282.0535
0
VERTEX
8
CUT
10
241.7240
20
282.0327
0
VERTEX
8
CUT
10
241.6625
20
282.0230
0
VERTEX
8
CUT
10
241.4696
20
281.9824
0
VERTEX
8
CUT
10
241.4094
20
281.9663
0
VERTEX
8
CUT
10
241.2218
20
281.9059
0
VERTEX
8
CUT
10
241.1635
20
281.8837
0
VERTEX
8
CUT
10
240.9833
20
281.8041
0
VERTEX
8
CUT
10
240.9276
20
281.7760
0
VERTEX
8
CUT
10
240.7566
20
281.6781
0
VERTEX
8
CUT
10
240.7041
20
281.6443
0
VERTEX
8
CUT
10
240.5442
20
281.5292
0
VERTEX
8
CUT
10
240.4955
20
281.4902
0
VERTEX
8
CUT
10
240.3463
20
281.3573
0
VERTEX
8
CUT
10
240.3236
20
281.3360
0
VERTEX
8
CUT
10
240.2803
20
281.2932
0
VERTEX
8
CUT
10
240.2694
20
281.2821
0
VERTEX
8
CUT
10
240.1992
20
281.2090
0
VERTEX
8
CUT
10
240.1885
20
281.1976
0
VERTEX
8
CUT
10
239.8177
20
280.7907
0
VERTEX
8
CUT
10
239.8085
20
280.7803
0
VERTEX
8
CUT
10
239.7491
20
280.7121
0
VERTEX
8
CUT
10
239.7401
20
280.7015
0
VERTEX
8
CUT
10
239.6677
20
280.6142
0
VERTEX
8
CUT
10
239.6589
20
280.6034
0
VERTEX
8
CUT
10
239.6028
20
280.5326
0
VERTEX
8
CUT
10
239.5943
20
280.5216
0
VERTEX
8
CUT
10
237.2950
20
277.4742
0
VERTEX
8
CUT
10
237.2871
20
277.4635
0
VERTEX
8
CUT
10
237.2367
20
277.3936
0
VERTEX
8
CUT
10
237.2291
20
277.3827
0
VERTEX
8
CUT
10
237.1678
20
277.2935
0
VERTEX
8
CUT
10
237.1604
20
277.2825
0
VERTEX
8
CUT
10
237.1131
20
277.2104
0
VERTEX
8
CUT
10
237.1060
20
277.1992
0
VERTEX
8
CUT
10
234.6642
20
273.2867
0
VERTEX
8
CUT
10
234.6565
20
273.2739
0
VERTEX
8
CUT
10
234.6071
20
273.1903
0
VERTEX
8
CUT
10
234.5997
20
273.1773
0
VERTEX
8
CUT
10
234.5713
20
273.1263
0
VERTEX
8
CUT
10
234.5574
20
273.0999
0
VERTEX
8
CUT
10
234.4716
20
272.9258
0
VERTEX
8
CUT
10
234.4590
20
272.8987
0
VERTEX
8
CUT
10
234.4358
20
272.8452
0
VERTEX
8
CUT
10
234.4301
20
272.8314
0
VERTEX
8
CUT
10
234.3937
20
272.7413
0
VERTEX
8
CUT
10
234.3883
20
272.7274
0
VERTEX
8
CUT
10
231.9980
20
266.3525
0
VERTEX
8
CUT
10
231.9930
20
266.3387
0
VERTEX
8
CUT
10
231.9618
20
266.2487
0
VERTEX
8
CUT
10
231.9571
20
266.2348
0
VERTEX
8
CUT
10
231.9207
20
266.1209
0
VERTEX
8
CUT
10
231.9164
20
266.1069
0
VERTEX
8
CUT
10
231.8896
20
266.0155
0
VERTEX
8
CUT
10
231.8856
20
266.0013
0
VERTEX
8
CUT
10
230.4847
20
260.7564
0
VERTEX
8
CUT
10
230.4821
20
260.7464
0
VERTEX
8
CUT
10
230.4647
20
260.6763
0
VERTEX
8
CUT
10
230.4621
20
260.6654
0
VERTEX
8
CUT
10
230.4420
20
260.5776
0
VERTEX
8
CUT
10
230.4396
20
260.5669
0
VERTEX
8
CUT
10
230.4250
20
260.4972
0
VERTEX
8
CUT
10
230.4227
20
260.4858
0
VERTEX
8
CUT
10
229.4671
20
255.4474
0
VERTEX
8
CUT
10
229.4642
20
255.4307
0
VERTEX
8
CUT
10
229.4467
20
255.3216
0
VERTEX
8
CUT
10
229.4442
20
255.3048
0
VERTEX
8
CUT
10
229.4356
20
255.2391
0
VERTEX
8
CUT
10
229.4321
20
255.2053
0
VERTEX
8
CUT
10
229.4157
20
254.9851
0
VERTEX
8
CUT
10
229.4142
20
254.9512
0
VERTEX
8
CUT
10
229.4130
20
254.8849
0
VERTEX
8
CUT
10
229.4130
20
254.8679
0
VERTEX
8
CUT
10
229.4142
20
254.7575
0
VERTEX
8
CUT
10
229.4146
20
254.7405
0
VERTEX
8
CUT
10
229.7726
20
245.6103
0
VERTEX
8
CUT
10
229.7730
20
245.5959
0
VERTEX
8
CUT
10
229.7738
20
245.5624
0
VERTEX
8
CUT
10
229.7740
20
245.5480
0
VERTEX
8
CUT
10
229.7742
20
245.5305
0
VERTEX
8
CUT
10
229.7742
20
245.5161
0
VERTEX
8
CUT
10
229.7739
20
245.4826
0
VERTEX
8
CUT
10
229.7736
20
245.4682
0
VERTEX
8
CUT
10
229.7730
20
245.4428
0
VERTEX
8
CUT
10
229.7725
20
245.4284
0
VERTEX
8
CUT
10
229.7712
20
245.3949
0
VERTEX
8
CUT
10
229.7705
20
245.3805
0
VERTEX
8
CUT
10
229.7695
20
245.3630
0
VERTEX
8
CUT
10
229.7685
20
245.3487
0
VERTEX
8
CUT
10
229.7661
20
245.3152
0
VERTEX
8
CUT
10
229.7649
20
245.3009
0
VERTEX
8
CUT
10
229.3831
20
241.0031
0
VERTEX
8
CUT
10
229.3815
20
240.9871
0
VERTEX
8
CUT
10
229.3776
20
240.9498
0
VERTEX
8
CUT
10
229.3757
20
240.9338
0
VERTEX
8
CUT
10
229.3733
20
240.9143
0
VERTEX
8
CUT
10
229.3711
20
240.8984
0
VERTEX
8
CUT
10
229.3658
20
240.8612
0
VERTEX
8
CUT
10
229.3634
20
240.8453
0
VERTEX
8
CUT
10
229.3588
20
240.8172
0
VERTEX
8
CUT
10
229.3561
20
240.8014
0
VERTEX
8
CUT
10
229.3495
20
240.7644
0
VERTEX
8
CUT
10
229.3465
20
240.7486
0
VERTEX
8
CUT
10
229.3427
20
240.7294
0
VERTEX
8
CUT
10
229.3394
20
240.7136
0
VERTEX
8
CUT
10
229.3314
20
240.6769
0
VERTEX
8
CUT
10
229.3279
20
240.6612
0
VERTEX
8
CUT
10
228.3763
20
236.6275
0
VERTEX
8
CUT
10
228.3725
20
236.6119
0
VERTEX
8
CUT
10
228.3632
20
236.5756
0
VERTEX
8
CUT
10
228.3591
20
236.5601
0
VERTEX
8
CUT
10
228.3539
20
236.5412
0
VERTEX
8
CUT
10
228.3495
20
236.5257
0
VERTEX
8
CUT
10
228.3390
20
236.4897
0
VERTEX
8
CUT
10
228.3343
20
236.4744
0
VERTEX
8
CUT
10
228.3259
20
236.4473
0
VERTEX
8
CUT
10
228.3209
20
236.4320
0
VERTEX
8
CUT
10
228.3091
20
236.3964
0
VERTEX
8
CUT
10
228.3039
20
236.3812
0
VERTEX
8
CUT
10
228.2974
20
236.3628
0
VERTEX
8
CUT
10
228.2919
20
236.3477
0
VERTEX
8
CUT
10
228.2788
20
236.3125
0
VERTEX
8
CUT
10
228.2731
20
236.2975
0
VERTEX
8
CUT
10
226.7075
20
232.3141
0
VERTEX
8
CUT
10
226.7016
20
232.2993
0
VERTEX
8
CUT
10
226.6874
20
232.2651
0
VERTEX
8
CUT
10
226.6812
20
232.2505
0
VERTEX
8
CUT
10
226.6735
20
232.2327
0
VERTEX
8
CUT
10
226.6670
20
232.2182
0
VERTEX
8
CUT
10
226.6517
20
232.1845
0
VERTEX
8
CUT
10
226.6450
20
232.1701
0
VERTEX
8
CUT
10
226.6329
20
232.1447
0
VERTEX
8
CUT
10
226.6259
20
232.1304
0
VERTEX
8
CUT
10
226.6094
20
232.0973
0
VERTEX
8
CUT
10
226.6021
20
232.0831
0
VERTEX
8
CUT
10
226.5932
20
232.0659
0
VERTEX
8
CUT
10
226.5857
20
232.0519
0
VERTEX
8
CUT
10
226.5680
20
232.0194
0
VERTEX
8
CUT
10
226.5603
20
232.0055
0
VERTEX
8
CUT
10
224.0664
20
227.6060
0
VERTEX
8
CUT
10
224.0587
20
227.5926
0
VERTEX
8
CUT
10
224.0404
20
227.5616
0
VERTEX
8
CUT
10
224.0324
20
227.5483
0
VERTEX
8
CUT
10
224.0226
20
227.5323
0
VERTEX
8
CUT
10
224.0144
20
227.5192
0
VERTEX
8
CUT
10
223.9951
20
227.4888
0
VERTEX
8
CUT
10
223.9867
20
227.4759
0
VERTEX
8
CUT
10
223.9716
20
227.4531
0
VERTEX
8
CUT
10
223.9630
20
227.4403
0
VERTEX
8
CUT
10
223.9426
20
227.4106
0
VERTEX
8
CUT
10
223.9338
20
227.3979
0
VERTEX
8
CUT
10
223.9228
20
227.3826
0
VERTEX
8
CUT
10
223.9138
20
227.3701
0
VERTEX
8
CUT
10
223.8924
20
227.3411
0
VERTEX
8
CUT
10
223.8831
20
227.3288
0
VERTEX
8
CUT
10
223.4329
20
226.7402
0
VERTEX
8
CUT
10
223.4051
20
226.7056
0
VERTEX
8
CUT
10
223.3525
20
226.6435
0
VERTEX
8
CUT
10
223.2919
20
226.5786
0
VERTEX
8
CUT
10
223.2494
20
226.5375
0
VERTEX
8
CUT
10
223.1827
20
226.4789
0
VERTEX
8
CUT
10
223.1364
20
226.4421
0
VERTEX
8
CUT
10
223.0642
20
226.3904
0
VERTEX
8
CUT
10
223.0145
20
226.3584
0
VERTEX
8
CUT
10
222.9376
20
226.3140
0
VERTEX
8
CUT
10
222.8850
20
226.2871
0
VERTEX
8
CUT
10
222.8040
20
226.2505
0
VERTEX
8
CUT
10
222.7490
20
226.2289
0
VERTEX
8
CUT
10
222.6649
20
226.2005
0
VERTEX
8
CUT
10
222.6080
20
226.1844
0
VERTEX
8
CUT
10
222.5215
20
226.1644
0
VERTEX
8
CUT
10
222.4633
20
226.1540
0
VERTEX
8
CUT
10
222.3752
20
226.1426
0
VERTEX
8
CUT
10
222.3163
20
226.1380
0
VERTEX
8
CUT
10
222.2275
20
226.1354
0
VERTEX
8
CUT
10
222.1684
20
226.1366
0
VERTEX
8
CUT
10
222.0798
20
226.1427
0
VERTEX
8
CUT
10
222.0211
20
226.1497
0
VERTEX
8
CUT
10
221.9335
20
226.1646
0
VERTEX
8
CUT
10
221.8758
20
226.1773
0
VERTEX
8
CUT
10
221.7901
20
226.2008
0
VERTEX
8
CUT
10
221.7340
20
226.2191
0
VERTEX
8
CUT
10
221.6510
20
226.2509
0
VERTEX
8
CUT
10
221.5969
20
226.2747
0
VERTEX
8
CUT
10
221.5175
20
226.3145
0
VERTEX
8
CUT
10
221.4660
20
226.3436
0
VERTEX
8
CUT
10
221.3909
20
226.3910
0
VERTEX
8
CUT
10
221.3426
20
226.4249
0
VERTEX
8
CUT
10
221.2725
20
226.4795
0
VERTEX
8
CUT
10
221.2277
20
226.5181
0
VERTEX
8
CUT
10
221.1634
20
226.5793
0
VERTEX
8
CUT
10
221.1226
20
226.6221
0
VERTEX
8
CUT
10
221.0646
20
226.6894
0
VERTEX
8
CUT
10
221.0283
20
226.7360
0
VERTEX
8
CUT
10
220.9772
20
226.8087
0
VERTEX
8
CUT
10
220.9456
20
226.8586
0
VERTEX
8
CUT
10
220.9019
20
226.9360
0
VERTEX
8
CUT
10
220.8755
20
226.9888
0
VERTEX
8
CUT
10
220.8396
20
227.0701
0
VERTEX
8
CUT
10
220.8185
20
227.1253
0
VERTEX
8
CUT
10
220.7908
20
227.2097
0
VERTEX
8
CUT
10
220.7752
20
227.2667
0
VERTEX
8
CUT
10
220.7560
20
227.3534
0
VERTEX
8
CUT
10
220.7461
20
227.4117
0
VERTEX
8
CUT
10
220.7355
20
227.4999
0
VERTEX
8
CUT
10
220.7314
20
227.5588
0
VERTEX
8
CUT
10
220.7296
20
227.6476
0
VERTEX
8
CUT
10
220.7313
20
227.7067
0
VERTEX
8
CUT
10
220.7382
20
227.7952
0
VERTEX
8
CUT
10
220.7458
20
227.8539
0
VERTEX
8
CUT
10
220.7614
20
227.9413
0
VERTEX
8
CUT
10
220.7747
20
227.9989
0
VERTEX
8
CUT
10
220.7989
20
228.0844
0
VERTEX
8
CUT
10
220.8248
20
228.1615
0
VERTEX
8
CUT
10
220.8401
20
228.2032
0
VERTEX
8
CUT
10
221.3460
20
229.4905
0
VERTEX
8
CUT
10
221.3535
20
229.5105
0
VERTEX
8
CUT
10
221.3997
20
229.6418
0
VERTEX
8
CUT
10
221.4065
20
229.6621
0
VERTEX
8
CUT
10
221.4586
20
229.8287
0
VERTEX
8
CUT
10
221.4646
20
229.8493
0
VERTEX
8
CUT
10
221.5014
20
229.9835
0
VERTEX
8
CUT
10
221.5067
20
230.0043
0
VERTEX
8
CUT
10
222.3283
20
233.4871
0
VERTEX
8
CUT
10
222.3329
20
233.5081
0
VERTEX
8
CUT
10
222.3600
20
233.6448
0
VERTEX
8
CUT
10
222.3638
20
233.6659
0
VERTEX
8
CUT
10
222.3917
20
233.8386
0
VERTEX
8
CUT
10
222.3947
20
233.8598
0
VERTEX
8
CUT
10
222.4120
20
233.9982
0
VERTEX
8
CUT
10
222.4143
20
234.0195
0
VERTEX
8
CUT
10
222.7458
20
237.7511
0
VERTEX
8
CUT
10
222.7472
20
237.7702
0
VERTEX
8
CUT
10
222.7543
20
237.8945
0
VERTEX
8
CUT
10
222.7551
20
237.9137
0
VERTEX
8
CUT
10
222.7589
20
238.0699
0
VERTEX
8
CUT
10
222.7591
20
238.0891
0
VERTEX
8
CUT
10
222.7582
20
238.2137
0
VERTEX
8
CUT
10
222.7577
20
238.2328
0
VERTEX
8
CUT
10
222.4274
20
246.6579
0
VERTEX
8
CUT
10
222.4270
20
246.7023
0
VERTEX
8
CUT
10
222.4286
20
246.7991
0
VERTEX
8
CUT
10
222.4303
20
246.8412
0
VERTEX
8
CUT
10
222.4326
20
246.8770
0
VERTEX
8
CUT
10
222.4330
20
246.8841
0
VERTEX
8
CUT
10
222.4380
20
246.9800
0
VERTEX
8
CUT
10
222.4388
20
247.0108
0
VERTEX
8
CUT
10
222.4388
20
247.2069
0
VERTEX
8
CUT
10
222.4357
20
247.2680
0
VERTEX
8
CUT
10
222.4161
20
247.4605
0
VERTEX
8
CUT
10
222.4068
20
247.5209
0
VERTEX
8
CUT
10
222.3677
20
247.7104
0
VERTEX
8
CUT
10
222.3522
20
247.7696
0
VERTEX
8
CUT
10
222.2940
20
247.9541
0
VERTEX
8
CUT
10
222.2726
20
248.0115
0
VERTEX
8
CUT
10
222.1959
20
248.1890
0
VERTEX
8
CUT
10
222.1688
20
248.2439
0
VERTEX
8
CUT
10
222.0744
20
248.4128
0
VERTEX
8
CUT
10
222.0418
20
248.4646
0
VERTEX
8
CUT
10
221.9307
20
248.6229
0
VERTEX
8
CUT
10
221.8930
20
248.6712
0
VERTEX
8
CUT
10
221.7663
20
248.8174
0
VERTEX
8
CUT
10
221.7239
20
248.8615
0
VERTEX
8
CUT
10
221.5830
20
248.9941
0
VERTEX
8
CUT
10
221.5363
20
249.0337
0
VERTEX
8
CUT
10
221.3805
20
249.1528
0
VERTEX
8
CUT
10
221.3557
20
249.1708
0
VERTEX
8
CUT
10
221.2908
20
249.2154
0
VERTEX
8
CUT
10
221.2856
20
249.2189
0
VERTEX
8
CUT
10
221.2797
20
249.2229
0
VERTEX
8
CUT
10
221.2441
20
249.2480
0
VERTEX
8
CUT
10
221.1765
20
249.2983
0
VERTEX
8
CUT
10
221.1059
20
249.3567
0
VERTEX
8
CUT
10
221.0609
20
249.3978
0
VERTEX
8
CUT
10
220.9966
20
249.4631
0
VERTEX
8
CUT
10
220.9560
20
249.5086
0
VERTEX
8
CUT
10
220.8987
20
249.5800
0
VERTEX
8
CUT
10
220.8630
20
249.6294
0
VERTEX
8
CUT
10
220.8132
20
249.7063
0
VERTEX
8
CUT
10
220.7827
20
249.7591
0
VERTEX
8
CUT
10
220.7410
20
249.8406
0
VERTEX
8
CUT
10
220.7066
20
249.9171
0
VERTEX
8
CUT
10
220.6889
20
249.9594
0
VERTEX
8
CUT
10
219.9197
20
251.9356
0
VERTEX
8
CUT
10
219.9195
20
251.9361
0
VERTEX
8
CUT
10
219.9158
20
251.9453
0
VERTEX
8
CUT
10
219.8899
20
252.0089
0
VERTEX
8
CUT
10
219.8858
20
252.0186
0
VERTEX
8
CUT
10
219.8521
20
252.0973
0
VERTEX
8
CUT
10
219.8479
20
252.1068
0
VERTEX
8
CUT
10
219.8201
20
252.1685
0
VERTEX
8
CUT
10
219.8155
20
252.1785
0
VERTEX
8
CUT
10
218.1388
20
255.7305
0
VERTEX
8
CUT
10
218.1328
20
255.7427
0
VERTEX
8
CUT
10
218.0935
20
255.8215
0
VERTEX
8
CUT
10
218.0873
20
255.8335
0
VERTEX
8
CUT
10
218.0356
20
255.9312
0
VERTEX
8
CUT
10
218.0291
20
255.9431
0
VERTEX
8
CUT
10
217.9862
20
256.0200
0
VERTEX
8
CUT
10
217.9795
20
256.0318
0
VERTEX
8
CUT
10
217.0701
20
257.5790
0
VERTEX
8
CUT
10
217.0637
20
257.5897
0
VERTEX
8
CUT
10
217.0212
20
257.6587
0
VERTEX
8
CUT
10
217.0145
20
257.6692
0
VERTEX
8
CUT
10
216.9594
20
257.7547
0
VERTEX
8
CUT
10
216.9525
20
257.7651
0
VERTEX
8
CUT
10
216.9072
20
257.8323
0
VERTEX
8
CUT
10
216.9001
20
257.8425
0
VERTEX
8
CUT
10
216.3703
20
258.5933
0
VERTEX
8
CUT
10
215.9338
20
259.2896
0
VERTEX
8
CUT
10
215.9249
20
259.3033
0
VERTEX
8
CUT
10
215.8663
20
259.3914
0
VERTEX
8
CUT
10
215.8571
20
259.4049
0
VERTEX
8
CUT
10
215.7805
20
259.5135
0
VERTEX
8
CUT
10
215.7710
20
259.5266
0
VERTEX
8
CUT
10
215.7076
20
259.6115
0
VERTEX
8
CUT
10
215.6977
20
259.6244
0
VERTEX
8
CUT
10
215.1825
20
260.2766
0
VERTEX
8
CUT
10
214.6835
20
260.9837
0
VERTEX
8
CUT
10
214.6736
20
260.9974
0
VERTEX
8
CUT
10
214.6074
20
261.0857
0
VERTEX
8
CUT
10
214.5971
20
261.0992
0
VERTEX
8
CUT
10
214.5110
20
261.2076
0
VERTEX
8
CUT
10
214.5002
20
261.2207
0
VERTEX
8
CUT
10
214.4292
20
261.3052
0
VERTEX
8
CUT
10
214.4181
20
261.3180
0
VERTEX
8
CUT
10
213.9038
20
261.8954
0
VERTEX
8
CUT
10
213.3643
20
262.5785
0
VERTEX
8
CUT
10
213.3521
20
262.5933
0
VERTEX
8
CUT
10
213.2720
20
262.6884
0
VERTEX
8
CUT
10
213.2594
20
262.7029
0
VERTEX
8
CUT
10
213.1550
20
262.8189
0
VERTEX
8
CUT
10
213.1420
20
262.8330
0
VERTEX
8
CUT
10
213.0559
20
262.9228
0
VERTEX
8
CUT
10
213.0424
20
262.9364
0
VERTEX
8
CUT
10
212.5293
20
263.4386
0
VERTEX
8
CUT
10
211.8701
20
264.1786
0
VERTEX
8
CUT
10
211.8605
20
264.1892
0
VERTEX
8
CUT
10
211.7967
20
264.2574
0
VERTEX
8
CUT
10
211.7868
20
264.2678
0
VERTEX
8
CUT
10
211.7047
20
264.3515
0
VERTEX
8
CUT
10
211.6945
20
264.3616
0
VERTEX
8
CUT
10
211.6276
20
264.4267
0
VERTEX
8
CUT
10
211.6171
20
264.4366
0
VERTEX
8
CUT
10
209.6564
20
266.2535
0
VERTEX
8
CUT
10
209.6485
20
266.2607
0
VERTEX
8
CUT
10
209.5933
20
266.3101
0
VERTEX
8
CUT
10
209.5847
20
266.3176
0
VERTEX
8
CUT
10
209.5147
20
266.3778
0
VERTEX
8
CUT
10
209.5062
20
266.3851
0
VERTEX
8
CUT
10
209.4500
20
266.4316
0
VERTEX
8
CUT
10
209.4407
20
266.4392
0
VERTEX
8
CUT
10
207.4781
20
268.0004
0
VERTEX
8
CUT
10
207.4685
20
268.0078
0
VERTEX
8
CUT
10
207.4060
20
268.0555
0
VERTEX
8
CUT
10
207.3964
20
268.0627
0
VERTEX
8
CUT
10
207.3167
20
268.1210
0
VERTEX
8
CUT
10
207.3069
20
268.1281
0
VERTEX
8
CUT
10
207.3063
20
268.1285
0
VERTEX
8
CUT
10
207.2928
20
268.1383
0
VERTEX
8
CUT
10
207.2828
20
268.1454
0
VERTEX
8
CUT
10
207.2177
20
268.1910
0
VERTEX
8
CUT
10
207.2076
20
268.1979
0
VERTEX
8
CUT
10
206.5025
20
268.6702
0
VERTEX
8
CUT
10
205.2625
20
269.5028
0
VERTEX
8
CUT
10
205.2493
20
269.5114
0
VERTEX
8
CUT
10
205.1625
20
269.5664
0
VERTEX
8
CUT
10
205.1490
20
269.5747
0
VERTEX
8
CUT
10
205.1240
20
269.5897
0
VERTEX
8
CUT
10
205.1168
20
269.5941
0
VERTEX
8
CUT
10
205.0065
20
269.6599
0
VERTEX
8
CUT
10
204.9928
20
269.6678
0
VERTEX
8
CUT
10
204.9036
20
269.7179
0
VERTEX
8
CUT
10
204.8897
20
269.7254
0
VERTEX
8
CUT
10
202.8681
20
270.7912
0
VERTEX
8
CUT
10
202.8547
20
270.7981
0
VERTEX
8
CUT
10
202.7664
20
270.8418
0
VERTEX
8
CUT
10
202.7528
20
270.8484
0
VERTEX
8
CUT
10
202.6406
20
270.9004
0
VERTEX
8
CUT
10
202.6268
20
270.9066
0
VERTEX
8
CUT
10
202.5365
20
270.9458
0
VERTEX
8
CUT
10
202.5225
20
270.9517
0
VERTEX
8
CUT
10
200.3880
20
271.8146
0
VERTEX
8
CUT
10
200.3758
20
271.8193
0
VERTEX
8
CUT
10
200.2966
20
271.8494
0
VERTEX
8
CUT
10
200.2843
20
271.8539
0
VERTEX
8
CUT
10
200.2576
20
271.8634
0
VERTEX
8
CUT
10
200.2551
20
271.8643
0
VERTEX
8
CUT
10
200.2021
20
271.8830
0
VERTEX
8
CUT
10
200.1840
20
271.8895
0
VERTEX
8
CUT
10
200.1831
20
271.8898
0
VERTEX
8
CUT
10
200.1547
20
271.8998
0
VERTEX
8
CUT
10
200.1424
20
271.9040
0
VERTEX
8
CUT
10
200.0619
20
271.9306
0
VERTEX
8
CUT
10
200.0495
20
271.9345
0
VERTEX
8
CUT
10
197.7607
20
272.6343
0
VERTEX
8
CUT
10
197.7477
20
272.6381
0
VERTEX
8
CUT
10
197.6629
20
272.6620
0
VERTEX
8
CUT
10
197.6498
20
272.6655
0
VERTEX
8
CUT
10
197.5461
20
272.6922
0
VERTEX
8
CUT
10
197.5426
20
272.6930
0
VERTEX
8
CUT
10
197.5294
20
272.6963
0
VERTEX
8
CUT
10
197.4435
20
272.7163
0
VERTEX
8
CUT
10
197.4303
20
272.7193
0
VERTEX
8
CUT
10
194.9680
20
273.2357
0
VERTEX
8
CUT
10
194.9578
20
273.2377
0
VERTEX
8
CUT
10
194.8871
20
273.2513
0
VERTEX
8
CUT
10
194.8761
20
273.2533
0
VERTEX
8
CUT
10
194.7876
20
273.2686
0
VERTEX
8
CUT
10
194.7769
20
273.2703
0
VERTEX
8
CUT
10
194.7067
20
273.2812
0
VERTEX
8
CUT
10
194.6952
20
273.2828
0
VERTEX
8
CUT
10
191.9658
20
273.6491
0
VERTEX
8
CUT
10
191.9550
20
273.6505
0
VERTEX
8
CUT
10
191.8797
20
273.6592
0
VERTEX
8
CUT
10
191.8680
20
273.6604
0
VERTEX
8
CUT
10
191.7739
20
273.6695
0
VERTEX
8
CUT
10
191.7625
20
273.6705
0
VERTEX
8
CUT
10
191.6880
20
273.6762
0
VERTEX
8
CUT
10
191.6758
20
273.6770
0
VERTEX
8
CUT
10
190.8665
20
273.7225
0
VERTEX
8
CUT
10
190.6013
20
273.7530
0
VERTEX
8
CUT
10
190.5856
20
273.7546
0
VERTEX
8
CUT
10
190.4831
20
273.7637
0
VERTEX
8
CUT
10
190.4674
20
273.7649
0
VERTEX
8
CUT
10
190.3385
20
273.7729
0
VERTEX
8
CUT
10
190.3227
20
273.7737
0
VERTEX
8
CUT
10
190.2199
20
273.7773
0
VERTEX
8
CUT
10
190.2041
20
273.7777
0
VERTEX
8
CUT
10
189.8250
20
273.7811
0
VERTEX
8
CUT
10
189.2051
20
273.8160
0
VERTEX
8
CUT
10
189.1875
20
273.8167
0
VERTEX
8
CUT
10
189.0731
20
273.8198
0
VERTEX
8
CUT
10
189.0555
20
273.8200
0
VERTEX
8
CUT
10
188.9118
20
273.8196
0
VERTEX
8
CUT
10
188.8942
20
273.8193
0
VERTEX
8
CUT
10
188.7798
20
273.8157
0
VERTEX
8
CUT
10
188.7622
20
273.8149
0
VERTEX
8
CUT
10
188.4208
20
273.7939
0
VERTEX
8
CUT
10
187.6679
20
273.8008
0
VERTEX
8
CUT
10
187.6544
20
273.8007
0
VERTEX
8
CUT
10
187.5668
20
273.7996
0
VERTEX
8
CUT
10
187.5533
20
273.7992
0
VERTEX
8
CUT
10
187.4434
20
273.7953
0
VERTEX
8
CUT
10
187.4299
20
273.7947
0
VERTEX
8
CUT
10
187.3424
20
273.7896
0
VERTEX
8
CUT
10
187.3290
20
273.7886
0
VERTEX
8
CUT
10
184.3391
20
273.5466
0
VERTEX
8
CUT
10
184.3296
20
273.5457
0
VERTEX
8
CUT
10
184.2633
20
273.5393
0
VERTEX
8
CUT
10
184.2531
20
273.5382
0
VERTEX
8
CUT
10
184.1706
20
273.5288
0
VERTEX
8
CUT
10
184.1606
20
273.5276
0
VERTEX
8
CUT
10
184.0956
20
273.5190
0
VERTEX
8
CUT
10
184.0850
20
273.5175
0
VERTEX
8
CUT
10
184.0535
20
273.5128
0
VERTEX
8
CUT
10
184.0507
20
273.5125
0
VERTEX
8
CUT
10
184.0377
20
273.5107
0
VERTEX
8
CUT
10
183.0535
20
273.3634
0
VERTEX
8
CUT
10
183.0074
20
273.3578
0
VERTEX
8
CUT
10
182.9227
20
273.3495
0
VERTEX
8
CUT
10
182.8299
20
273.3453
0
VERTEX
8
CUT
10
182.7681
20
273.3457
0
VERTEX
8
CUT
10
182.6754
20
273.3511
0
VERTEX
8
CUT
10
182.6139
20
273.3579
0
VERTEX
8
CUT
10
182.5222
20
273.3728
0
VERTEX
8
CUT
10
182.4618
20
273.3859
0
VERTEX
8
CUT
10
182.3721
20
273.4102
0
VERTEX
8
CUT
10
182.3134
20
273.4294
0
VERTEX
8
CUT
10
182.2267
20
273.4628
0
VERTEX
8
CUT
10
182.1702
20
273.4880
0
VERTEX
8
CUT
10
182.0875
20
273.5302
0
VERTEX
8
CUT
10
182.0339
20
273.5610
0
VERTEX
8
CUT
10
181.9559
20
273.6115
0
VERTEX
8
CUT
10
181.9058
20
273.6477
0
VERTEX
8
CUT
10
181.8335
20
273.7060
0
VERTEX
8
CUT
10
181.7700
20
273.7627
0
VERTEX
8
CUT
10
181.7362
20
273.7945
0
VERTEX
8
CUT
10
181.1289
20
274.3965
0
VERTEX
8
CUT
10
181.1134
20
274.4113
0
VERTEX
8
CUT
10
181.0109
20
274.5058
0
VERTEX
8
CUT
10
180.9949
20
274.5201
0
VERTEX
8
CUT
10
180.8622
20
274.6340
0
VERTEX
8
CUT
10
180.8457
20
274.6477
0
VERTEX
8
CUT
10
180.7368
20
274.7346
0
VERTEX
8
CUT
10
180.7198
20
274.7477
0
VERTEX
8
CUT
10
180.7197
20
274.7478
0
VERTEX
8
CUT
10
177.9802
20
276.7787
0
VERTEX
8
CUT
10
177.9660
20
276.7889
0
VERTEX
8
CUT
10
177.8726
20
276.8540
0
VERTEX
8
CUT
10
177.8581
20
276.8638
0
VERTEX
8
CUT
10
177.7385
20
276.9420
0
VERTEX
8
CUT
10
177.7237
20
276.9514
0
VERTEX
8
CUT
10
177.6267
20
277.0110
0
VERTEX
8
CUT
10
177.6116
20
277.0199
0
VERTEX
8
CUT
10
175.1548
20
278.4303
0
VERTEX
8
CUT
10
175.1419
20
278.4375
0
VERTEX
8
CUT
10
175.0572
20
278.4834
0
VERTEX
8
CUT
10
175.0441
20
278.4903
0
VERTEX
8
CUT
10
174.9926
20
278.5165
0
VERTEX
8
CUT
10
174.9659
20
278.5294
0
VERTEX
8
CUT
10
174.7927
20
278.6072
0
VERTEX
8
CUT
10
174.7375
20
278.6288
0
VERTEX
8
CUT
10
174.5600
20
278.6883
0
VERTEX
8
CUT
10
174.5030
20
278.7044
0
VERTEX
8
CUT
10
174.3204
20
278.7461
0
VERTEX
8
CUT
10
174.2621
20
278.7564
0
VERTEX
8
CUT
10
174.0763
20
278.7800
0
VERTEX
8
CUT
10
174.0173
20
278.7845
0
VERTEX
8
CUT
10
173.8301
20
278.7896
0
VERTEX
8
CUT
10
173.7709
20
278.7883
0
VERTEX
8
CUT
10
173.5841
20
278.7750
0
VERTEX
8
CUT
10
173.5253
20
278.7678
0
VERTEX
8
CUT
10
173.3407
20
278.7361
0
VERTEX
8
CUT
10
173.2829
20
278.7232
0
VERTEX
8
CUT
10
173.1024
20
278.6735
0
VERTEX
8
CUT
10
173.0461
20
278.6549
0
VERTEX
8
CUT
10
172.8714
20
278.5876
0
VERTEX
8
CUT
10
172.8172
20
278.5636
0
VERTEX
8
CUT
10
172.6500
20
278.4794
0
VERTEX
8
CUT
10
172.5985
20
278.4502
0
VERTEX
8
CUT
10
172.4403
20
278.3499
0
VERTEX
8
CUT
10
172.3919
20
278.3157
0
VERTEX
8
CUT
10
172.2445
20
278.2003
0
VERTEX
8
CUT
10
172.1997
20
278.1615
0
VERTEX
8
CUT
10
172.0643
20
278.0322
0
VERTEX
8
CUT
10
172.0236
20
277.9892
0
VERTEX
8
CUT
10
171.9016
20
277.8471
0
VERTEX
8
CUT
10
171.8653
20
277.8003
0
VERTEX
8
CUT
10
171.7579
20
277.6468
0
VERTEX
8
CUT
10
171.7264
20
277.5967
0
VERTEX
8
CUT
10
171.6347
20
277.4334
0
VERTEX
8
CUT
10
171.6083
20
277.3804
0
VERTEX
8
CUT
10
171.5331
20
277.2089
0
VERTEX
8
CUT
10
171.5121
20
277.1535
0
VERTEX
8
CUT
10
171.4542
20
276.9754
0
VERTEX
8
CUT
10
171.4387
20
276.9183
0
VERTEX
8
CUT
10
171.3987
20
276.7353
0
VERTEX
8
CUT
10
171.3889
20
276.6769
0
VERTEX
8
CUT
10
171.3671
20
276.4909
0
VERTEX
8
CUT
10
171.3631
20
276.4318
0
VERTEX
8
CUT
10
171.3597
20
276.2446
0
VERTEX
8
CUT
10
171.3616
20
276.1854
0
VERTEX
8
CUT
10
171.3767
20
275.9987
0
VERTEX
8
CUT
10
171.3844
20
275.9400
0
VERTEX
8
CUT
10
171.4179
20
275.7558
0
VERTEX
8
CUT
10
171.4313
20
275.6981
0
VERTEX
8
CUT
10
171.4828
20
275.5180
0
VERTEX
8
CUT
10
171.5018
20
275.4619
0
VERTEX
8
CUT
10
171.5708
20
275.2878
0
VERTEX
8
CUT
10
171.5953
20
275.2339
0
VERTEX
8
CUT
10
171.6811
20
275.0675
0
VERTEX
8
CUT
10
171.7108
20
275.0162
0
VERTEX
8
CUT
10
171.8126
20
274.8590
0
VERTEX
8
CUT
10
171.8472
20
274.8110
0
VERTEX
8
CUT
10
171.9640
20
274.6646
0
VERTEX
8
CUT
10
172.0031
20
274.6202
0
VERTEX
8
CUT
10
172.1356
20
274.4842
0
VERTEX
8
CUT
10
172.1568
20
274.4635
0
VERTEX
8
CUT
10
172.2135
20
274.4107
0
VERTEX
8
CUT
10
172.2184
20
274.4062
0
VERTEX
8
CUT
10
172.2528
20
274.3749
0
VERTEX
8
CUT
10
172.2580
20
274.3702
0
VERTEX
8
CUT
10
172.2901
20
274.3417
0
VERTEX
8
CUT
10
172.2990
20
274.3337
0
VERTEX
8
CUT
10
172.3208
20
274.3138
0
VERTEX
8
CUT
10
172.3301
20
274.3052
0
VERTEX
8
CUT
10
172.3400
20
274.2959
0
VERTEX
8
CUT
10
172.3488
20
274.2875
0
VERTEX
8
CUT
10
172.3691
20
274.2679
0
VERTEX
8
CUT
10
172.3778
20
274.2595
0
VERTEX
8
CUT
10
173.1658
20
273.4790
0
VERTEX
8
CUT
10
173.1973
20
273.4462
0
VERTEX
8
CUT
10
173.2536
20
273.3845
0
VERTEX
8
CUT
10
173.3115
20
273.3143
0
VERTEX
8
CUT
10
173.3476
20
273.2656
0
VERTEX
8
CUT
10
173.3981
20
273.1898
0
VERTEX
8
CUT
10
173.4291
20
273.1377
0
VERTEX
8
CUT
10
173.4717
20
273.0572
0
VERTEX
8
CUT
10
173.4972
20
273.0023
0
VERTEX
8
CUT
10
173.5315
20
272.9179
0
VERTEX
8
CUT
10
173.5514
20
272.8607
0
VERTEX
8
CUT
10
173.5769
20
272.7733
0
VERTEX
8
CUT
10
173.5909
20
272.7143
0
VERTEX
8
CUT
10
173.6075
20
272.6247
0
VERTEX
8
CUT
10
173.6155
20
272.5647
0
VERTEX
8
CUT
10
173.6229
20
272.4739
0
VERTEX
8
CUT
10
173.6248
20
272.4133
0
VERTEX
8
CUT
10
173.6230
20
272.3223
0
VERTEX
8
CUT
10
173.6187
20
272.2618
0
VERTEX
8
CUT
10
173.6077
20
272.1714
0
VERTEX
8
CUT
10
173.5974
20
272.1117
0
VERTEX
8
CUT
10
173.5773
20
272.0229
0
VERTEX
8
CUT
10
173.5610
20
271.9645
0
VERTEX
8
CUT
10
173.5321
20
271.8782
0
VERTEX
8
CUT
10
173.5099
20
271.8218
0
VERTEX
8
CUT
10
173.4724
20
271.7388
0
VERTEX
8
CUT
10
173.4447
20
271.6849
0
VERTEX
8
CUT
10
173.3990
20
271.6061
0
VERTEX
8
CUT
10
173.3659
20
271.5553
0
VERTEX
8
CUT
10
173.3125
20
271.4816
0
VERTEX
8
CUT
10
173.2602
20
271.4166
0
VERTEX
8
CUT
10
173.2308
20
271.3818
0
VERTEX
8
CUT
10
173.1709
20
271.3147
0
VERTEX
8
CUT
10
173.1337
20
271.2686
0
VERTEX
8
CUT
10
173.0234
20
271.1172
0
VERTEX
8
CUT
10
172.9910
20
271.0676
0
VERTEX
8
CUT
10
172.8962
20
270.9061
0
VERTEX
8
CUT
10
172.8687
20
270.8536
0
VERTEX
8
CUT
10
172.7903
20
270.6835
0
VERTEX
8
CUT
10
172.7682
20
270.6286
0
VERTEX
8
CUT
10
172.7070
20
270.4516
0
VERTEX
8
CUT
10
172.6904
20
270.3947
0
VERTEX
8
CUT
10
172.6469
20
270.2126
0
VERTEX
8
CUT
10
172.6360
20
270.1543
0
VERTEX
8
CUT
10
172.6107
20
269.9688
0
VERTEX
8
CUT
10
172.6056
20
269.9098
0
VERTEX
8
CUT
10
172.5987
20
269.7226
0
VERTEX
8
CUT
10
172.5994
20
269.6634
0
VERTEX
8
CUT
10
172.6110
20
269.4764
0
VERTEX
8
CUT
10
172.6176
20
269.4176
0
VERTEX
8
CUT
10
172.6475
20
269.2327
0
VERTEX
8
CUT
10
172.6599
20
269.1748
0
VERTEX
8
CUT
10
172.7079
20
268.9938
0
VERTEX
8
CUT
10
172.7259
20
268.9373
0
VERTEX
8
CUT
10
172.7916
20
268.7619
0
VERTEX
8
CUT
10
172.8151
20
268.7075
0
VERTEX
8
CUT
10
172.8977
20
268.5395
0
VERTEX
8
CUT
10
172.9265
20
268.4877
0
VERTEX
8
CUT
10
173.0253
20
268.3286
0
VERTEX
8
CUT
10
173.0590
20
268.2799
0
VERTEX
8
CUT
10
173.1730
20
268.1313
0
VERTEX
8
CUT
10
173.2113
20
268.0861
0
VERTEX
8
CUT
10
173.3395
20
267.9495
0
VERTEX
8
CUT
10
173.3821
20
267.9084
0
VERTEX
8
CUT
10
173.5230
20
267.7851
0
VERTEX
8
CUT
10
173.5695
20
267.7483
0
VERTEX
8
CUT
10
173.7240
20
267.6380
0
VERTEX
8
CUT
10
173.7486
20
267.6214
0
VERTEX
8
CUT
10
173.7973
20
267.5901
0
VERTEX
8
CUT
10
173.8098
20
267.5823
0
VERTEX
8
CUT
10
173.8921
20
267.5323
0
VERTEX
8
CUT
10
173.9049
20
267.5248
0
VERTEX
8
CUT
10
175.0032
20
266.8943
0
VERTEX
8
CUT
10
175.0078
20
266.8916
0
VERTEX
8
CUT
10
175.0151
20
266.8874
0
VERTEX
8
CUT
10
175.0368
20
266.8743
0
VERTEX
8
CUT
10
175.0758
20
266.8501
0
VERTEX
8
CUT
10
175.0927
20
266.8394
0
VERTEX
8
CUT
10
175.1091
20
266.8287
0
VERTEX
8
CUT
10
175.1143
20
266.8253
0
VERTEX
8
CUT
10
175.1181
20
266.8228
0
VERTEX
8
CUT
10
175.1397
20
266.8080
0
VERTEX
8
CUT
10
175.1800
20
266.7796
0
VERTEX
8
CUT
10
175.1978
20
266.7668
0
VERTEX
8
CUT
10
177.6755
20
264.9301
0
VERTEX
8
CUT
10
177.7092
20
264.9039
0
VERTEX
8
CUT
10
177.7697
20
264.8544
0
VERTEX
8
CUT
10
177.8332
20
264.7973
0
VERTEX
8
CUT
10
177.8736
20
264.7574
0
VERTEX
8
CUT
10
177.9313
20
264.6945
0
VERTEX
8
CUT
10
177.9677
20
264.6509
0
VERTEX
8
CUT
10
178.0193
20
264.5829
0
VERTEX
8
CUT
10
178.0514
20
264.5360
0
VERTEX
8
CUT
10
178.0962
20
264.4634
0
VERTEX
8
CUT
10
178.1238
20
264.4137
0
VERTEX
8
CUT
10
178.1615
20
264.3372
0
VERTEX
8
CUT
10
178.1843
20
264.2851
0
VERTEX
8
CUT
10
178.2146
20
264.2053
0
VERTEX
8
CUT
10
178.2323
20
264.1513
0
VERTEX
8
CUT
10
178.2549
20
264.0690
0
VERTEX
8
CUT
10
178.2674
20
264.0136
0
VERTEX
8
CUT
10
178.2822
20
263.9295
0
VERTEX
8
CUT
10
178.2893
20
263.8731
0
VERTEX
8
CUT
10
178.2961
20
263.7881
0
VERTEX
8
CUT
10
178.2985
20
263.7099
0
VERTEX
8
CUT
10
178.2989
20
263.6672
0
VERTEX
8
CUT
10
178.2517
20
260.6953
0
VERTEX
8
CUT
10
178.2514
20
260.6822
0
VERTEX
8
CUT
10
178.2507
20
260.6604
0
VERTEX
8
CUT
10
178.2476
20
260.6078
0
VERTEX
8
CUT
10
178.2397
20
260.5191
0
VERTEX
8
CUT
10
178.2353
20
260.4799
0
VERTEX
8
CUT
10
178.2348
20
260.4759
0
VERTEX
8
CUT
10
178.2287
20
260.4369
0
VERTEX
8
CUT
10
178.2130
20
260.3492
0
VERTEX
8
CUT
10
178.2023
20
260.2977
0
VERTEX
8
CUT
10
178.1972
20
260.2765
0
VERTEX
8
CUT
10
178.1941
20
260.2637
0
VERTEX
8
CUT
10
177.7876
20
258.6702
0
VERTEX
8
CUT
10
177.7835
20
258.6546
0
VERTEX
8
CUT
10
177.7736
20
258.6183
0
VERTEX
8
CUT
10
177.7691
20
258.6027
0
VERTEX
8
CUT
10
177.7636
20
258.5839
0
VERTEX
8
CUT
10
177.7589
20
258.5684
0
VERTEX
8
CUT
10
177.7476
20
258.5325
0
VERTEX
8
CUT
10
177.7427
20
258.5171
0
VERTEX
8
CUT
10
177.7337
20
258.4900
0
VERTEX
8
CUT
10
177.7284
20
258.4747
0
VERTEX
8
CUT
10
177.7159
20
258.4392
0
VERTEX
8
CUT
10
177.7104
20
258.4240
0
VERTEX
8
CUT
10
177.7035
20
258.4056
0
VERTEX
8
CUT
10
177.6977
20
258.3905
0
VERTEX
8
CUT
10
177.6839
20
258.3555
0
VERTEX
8
CUT
10
177.6778
20
258.3405
0
VERTEX
8
CUT
10
177.5753
20
258.0934
0
VERTEX
8
CUT
10
177.5575
20
258.0533
0
VERTEX
8
CUT
10
177.5232
20
257.9807
0
VERTEX
8
CUT
10
177.4818
20
257.9033
0
VERTEX
8
CUT
10
177.4519
20
257.8533
0
VERTEX
8
CUT
10
177.4032
20
257.7803
0
VERTEX
8
CUT
10
177.3685
20
257.7334
0
VERTEX
8
CUT
10
177.3130
20
257.6656
0
VERTEX
8
CUT
10
177.2739
20
257.6222
0
VERTEX
8
CUT
10
177.2120
20
257.5601
0
VERTEX
8
CUT
10
177.1689
20
257.5208
0
VERTEX
8
CUT
10
177.1013
20
257.4650
0
VERTEX
8
CUT
10
177.0545
20
257.4300
0
VERTEX
8
CUT
10
176.9818
20
257.3811
0
VERTEX
8
CUT
10
176.9319
20
257.3509
0
VERTEX
8
CUT
10
176.8548
20
257.3092
0
VERTEX
8
CUT
10
176.8021
20
257.2840
0
VERTEX
8
CUT
10
176.7213
20
257.2500
0
VERTEX
8
CUT
10
176.6664
20
257.2301
0
VERTEX
8
CUT
10
176.5827
20
257.2041
0
VERTEX
8
CUT
10
176.5262
20
257.1896
0
VERTEX
8
CUT
10
176.4403
20
257.1719
0
VERTEX
8
CUT
10
176.3826
20
257.1630
0
VERTEX
8
CUT
10
176.2954
20
257.1537
0
VERTEX
8
CUT
10
176.2372
20
257.1504
0
VERTEX
8
CUT
10
176.1495
20
257.1497
0
VERTEX
8
CUT
10
176.0912
20
257.1521
0
VERTEX
8
CUT
10
176.0039
20
257.1599
0
VERTEX
8
CUT
10
175.9461
20
257.1680
0
VERTEX
8
CUT
10
175.8599
20
257.1843
0
VERTEX
8
CUT
10
175.8032
20
257.1979
0
VERTEX
8
CUT
10
175.7190
20
257.2225
0
VERTEX
8
CUT
10
175.6639
20
257.2416
0
VERTEX
8
CUT
10
175.5825
20
257.2743
0
VERTEX
8
CUT
10
175.5295
20
257.2986
0
VERTEX
8
CUT
10
175.4517
20
257.3391
0
VERTEX
8
CUT
10
175.4013
20
257.3685
0
VERTEX
8
CUT
10
175.3278
20
257.4163
0
VERTEX
8
CUT
10
175.2805
20
257.4505
0
VERTEX
8
CUT
10
175.2120
20
257.5052
0
VERTEX
8
CUT
10
175.1682
20
257.5438
0
VERTEX
8
CUT
10
175.1054
20
257.6049
0
VERTEX
8
CUT
10
175.0656
20
257.6476
0
VERTEX
8
CUT
10
175.0090
20
257.7146
0
VERTEX
8
CUT
10
174.9736
20
257.7610
0
VERTEX
8
CUT
10
174.9238
20
257.8331
0
VERTEX
8
CUT
10
174.8930
20
257.8827
0
VERTEX
8
CUT
10
174.8504
20
257.9594
0
VERTEX
8
CUT
10
174.8246
20
258.0117
0
VERTEX
8
CUT
10
174.7898
20
258.0922
0
VERTEX
8
CUT
10
174.7614
20
258.1673
0
VERTEX
8
CUT
10
174.7470
20
258.2087
0
VERTEX
8
CUT
10
174.6646
20
258.4642
0
VERTEX
8
CUT
10
174.6608
20
258.4757
0
VERTEX
8
CUT
10
174.6352
20
258.5499
0
VERTEX
8
CUT
10
174.6312
20
258.5613
0
VERTEX
8
CUT
10
174.6149
20
258.6056
0
VERTEX
8
CUT
10
174.6061
20
258.6281
0
VERTEX
8
CUT
10
174.5462
20
258.7731
0
VERTEX
8
CUT
10
174.5365
20
258.7952
0
VERTEX
8
CUT
10
174.5167
20
258.8381
0
VERTEX
8
CUT
10
174.5115
20
258.8490
0
VERTEX
8
CUT
10
174.4772
20
258.9195
0
VERTEX
8
CUT
10
174.4718
20
258.9304
0
VERTEX
8
CUT
10
174.0871
20
259.6826
0
VERTEX
8
CUT
10
174.0773
20
259.7010
0
VERTEX
8
CUT
10
174.0111
20
259.8199
0
VERTEX
8
CUT
10
174.0006
20
259.8380
0
VERTEX
8
CUT
10
173.9125
20
259.9841
0
VERTEX
8
CUT
10
173.9014
20
260.0019
0
VERTEX
8
CUT
10
173.8272
20
260.1159
0
VERTEX
8
CUT
10
173.8154
20
260.1332
0
VERTEX
8
CUT
10
172.5412
20
261.9474
0
VERTEX
8
CUT
10
172.5334
20
261.9582
0
VERTEX
8
CUT
10
172.4820
20
262.0280
0
VERTEX
8
CUT
10
172.4740
20
262.0387
0
VERTEX
8
CUT
10
172.4422
20
262.0800
0
VERTEX
8
CUT
10
172.4254
20
262.1008
0
VERTEX
8
CUT
10
172.3136
20
262.2332
0
VERTEX
8
CUT
10
172.2959
20
262.2532
0
VERTEX
8
CUT
10
172.2605
20
262.2915
0
VERTEX
8
CUT
10
172.2514
20
262.3012
0
VERTEX
8
CUT
10
172.1911
20
262.3636
0
VERTEX
8
CUT
10
172.1817
20
262.3731
0
VERTEX
8
CUT
10
170.1892
20
264.3465
0
VERTEX
8
CUT
10
170.1775
20
264.3577
0
VERTEX
8
CUT
10
170.1010
20
264.4295
0
VERTEX
8
CUT
10
170.0891
20
264.4404
0
VERTEX
8
CUT
10
169.9907
20
264.5279
0
VERTEX
8
CUT
10
169.9785
20
264.5385
0
VERTEX
8
CUT
10
169.8982
20
264.6061
0
VERTEX
8
CUT
10
169.8857
20
264.6163
0
VERTEX
8
CUT
10
168.9036
20
265.3991
0
VERTEX
8
CUT
10
168.8883
20
265.4109
0
VERTEX
8
CUT
10
168.7880
20
265.4857
0
VERTEX
8
CUT
10
168.7724
20
265.4970
0
VERTEX
8
CUT
10
168.6436
20
265.5868
0
VERTEX
8
CUT
10
168.6276
20
265.5976
0
VERTEX
8
CUT
10
168.5226
20
265.6658
0
VERTEX
8
CUT
10
168.5063
20
265.6761
0
VERTEX
8
CUT
10
165.9456
20
267.2268
0
VERTEX
8
CUT
10
165.9352
20
267.2330
0
VERTEX
8
CUT
10
165.8669
20
267.2725
0
VERTEX
8
CUT
10
165.8563
20
267.2785
0
VERTEX
8
CUT
10
165.8148
20
267.3014
0
VERTEX
8
CUT
10
165.7933
20
267.3127
0
VERTEX
8
CUT
10
165.6523
20
267.3832
0
VERTEX
8
CUT
10
165.6303
20
267.3936
0
VERTEX
8
CUT
10
165.5871
20
267.4131
0
VERTEX
8
CUT
10
165.5760
20
267.4180
0
VERTEX
8
CUT
10
165.5034
20
267.4489
0
VERTEX
8
CUT
10
165.4922
20
267.4535
0
VERTEX
8
CUT
10
162.6020
20
268.6170
0
VERTEX
8
CUT
10
162.5916
20
268.6211
0
VERTEX
8
CUT
10
162.5183
20
268.6490
0
VERTEX
8
CUT
10
162.5074
20
268.6531
0
VERTEX
8
CUT
10
162.4590
20
268.6704
0
VERTEX
8
CUT
10
162.4355
20
268.6783
0
VERTEX
8
CUT
10
162.2882
20
268.7244
0
VERTEX
8
CUT
10
162.2653
20
268.7311
0
VERTEX
8
CUT
10
162.2254
20
268.7419
0
VERTEX
8
CUT
10
162.2145
20
268.7447
0
VERTEX
8
CUT
10
162.1394
20
268.7635
0
VERTEX
8
CUT
10
162.1271
20
268.7664
0
VERTEX
8
CUT
10
157.6262
20
269.7910
0
VERTEX
8
CUT
10
157.6154
20
269.7934
0
VERTEX
8
CUT
10
157.5401
20
269.8091
0
VERTEX
8
CUT
10
157.5288
20
269.8113
0
VERTEX
8
CUT
10
157.4792
20
269.8206
0
VERTEX
8
CUT
10
157.4552
20
269.8247
0
VERTEX
8
CUT
10
157.3051
20
269.8467
0
VERTEX
8
CUT
10
157.2819
20
269.8496
0
VERTEX
8
CUT
10
157.2415
20
269.8540
0
VERTEX
8
CUT
10
157.2305
20
269.8550
0
VERTEX
8
CUT
10
157.1547
20
269.8618
0
VERTEX
8
CUT
10
157.1424
20
269.8627
0
VERTEX
8
CUT
10
154.7587
20
270.0244
0
VERTEX
8
CUT
10
154.7474
20
270.0251
0
VERTEX
8
CUT
10
154.6692
20
270.0289
0
VERTEX
8
CUT
10
154.6572
20
270.0294
0
VERTEX
8
CUT
10
154.5596
20
270.0322
0
VERTEX
8
CUT
10
154.5478
20
270.0324
0
VERTEX
8
CUT
10
154.4707
20
270.0331
0
VERTEX
8
CUT
10
154.4580
20
270.0331
0
VERTEX
8
CUT
10
151.7422
20
270.0005
0
VERTEX
8
CUT
10
151.7277
20
270.0002
0
VERTEX
8
CUT
10
151.6336
20
269.9968
0
VERTEX
8
CUT
10
151.6191
20
269.9961
0
VERTEX
8
CUT
10
151.5626
20
269.9926
0
VERTEX
8
CUT
10
151.5337
20
269.9902
0
VERTEX
8
CUT
10
151.3491
20
269.9700
0
VERTEX
8
CUT
10
151.2918
20
269.9610
0
VERTEX
8
CUT
10
151.1124
20
269.9236
0
VERTEX
8
CUT
10
151.0563
20
269.9091
0
VERTEX
8
CUT
10
150.8813
20
269.8546
0
VERTEX
8
CUT
10
150.8269
20
269.8347
0
VERTEX
8
CUT
10
150.6580
20
269.7636
0
VERTEX
8
CUT
10
150.6057
20
269.7385
0
VERTEX
8
CUT
10
150.4445
20
269.6514
0
VERTEX
8
CUT
10
150.3949
20
269.6215
0
VERTEX
8
CUT
10
150.2428
20
269.5192
0
VERTEX
8
CUT
10
150.1963
20
269.4846
0
VERTEX
8
CUT
10
150.0548
20
269.3682
0
VERTEX
8
CUT
10
150.0119
20
269.3292
0
VERTEX
8
CUT
10
149.8823
20
269.1997
0
VERTEX
8
CUT
10
149.8433
20
269.1568
0
VERTEX
8
CUT
10
149.7268
20
269.0153
0
VERTEX
8
CUT
10
149.6922
20
268.9689
0
VERTEX
8
CUT
10
149.5899
20
268.8168
0
VERTEX
8
CUT
10
149.5599
20
268.7672
0
VERTEX
8
CUT
10
149.4727
20
268.6060
0
VERTEX
8
CUT
10
149.4476
20
268.5538
0
VERTEX
8
CUT
10
149.3764
20
268.3849
0
VERTEX
8
CUT
10
149.3565
20
268.3305
0
VERTEX
8
CUT
10
149.3019
20
268.1556
0
VERTEX
8
CUT
10
149.2873
20
268.0995
0
VERTEX
8
CUT
10
149.2499
20
267.9201
0
VERTEX
8
CUT
10
149.2408
20
267.8629
0
VERTEX
8
CUT
10
149.2208
20
267.6807
0
VERTEX
8
CUT
10
149.2173
20
267.6228
0
VERTEX
8
CUT
10
149.2150
20
267.4396
0
VERTEX
8
CUT
10
149.2171
20
267.3817
0
VERTEX
8
CUT
10
149.2325
20
267.1991
0
VERTEX
8
CUT
10
149.2401
20
267.1416
0
VERTEX
8
CUT
10
149.2731
20
266.9614
0
VERTEX
8
CUT
10
149.2862
20
266.9049
0
VERTEX
8
CUT
10
149.3364
20
266.7287
0
VERTEX
8
CUT
10
149.3550
20
266.6738
0
VERTEX
8
CUT
10
149.4219
20
266.5032
0
VERTEX
8
CUT
10
149.4457
20
266.4503
0
VERTEX
8
CUT
10
149.5288
20
266.2870
0
VERTEX
8
CUT
10
149.5575
20
266.2367
0
VERTEX
8
CUT
10
149.6560
20
266.0821
0
VERTEX
8
CUT
10
149.6895
20
266.0348
0
VERTEX
8
CUT
10
149.8024
20
265.8905
0
VERTEX
8
CUT
10
149.8403
20
265.8466
0
VERTEX
8
CUT
10
149.9666
20
265.7138
0
VERTEX
8
CUT
10
150.0085
20
265.6738
0
VERTEX
8
CUT
10
150.1471
20
265.5539
0
VERTEX
8
CUT
10
150.1927
20
265.5181
0
VERTEX
8
CUT
10
150.3421
20
265.4121
0
VERTEX
8
CUT
10
150.3910
20
265.3809
0
VERTEX
8
CUT
10
150.5522
20
265.2885
0
VERTEX
8
CUT
10
150.5777
20
265.2747
0
VERTEX
8
CUT
10
150.6281
20
265.2490
0
VERTEX
8
CUT
10
150.6411
20
265.2426
0
VERTEX
8
CUT
10
150.7260
20
265.2018
0
VERTEX
8
CUT
10
150.7391
20
265.1956
0
VERTEX
8
CUT
10
152.6916
20
264.3151
0
VERTEX
8
CUT
10
152.7055
20
264.3087
0
VERTEX
8
CUT
10
152.7379
20
264.2935
0
VERTEX
8
CUT
10
152.7517
20
264.2868
0
VERTEX
8
CUT
10
152.7684
20
264.2786
0
VERTEX
8
CUT
10
152.7821
20
264.2717
0
VERTEX
8
CUT
10
152.8139
20
264.2554
0
VERTEX
8
CUT
10
152.8274
20
264.2482
0
VERTEX
8
CUT
10
152.8384
20
264.2424
0
VERTEX
8
CUT
10
152.8519
20
264.2350
0
VERTEX
8
CUT
10
152.8831
20
264.2176
0
VERTEX
8
CUT
10
152.8965
20
264.2100
0
VERTEX
8
CUT
10
152.9127
20
264.2006
0
VERTEX
8
CUT
10
152.9259
20
264.1928
0
VERTEX
8
CUT
10
152.9565
20
264.1743
0
VERTEX
8
CUT
10
152.9696
20
264.1662
0
VERTEX
8
CUT
10
154.4887
20
263.2140
0
VERTEX
8
CUT
10
154.5013
20
263.2059
0
VERTEX
8
CUT
10
154.5307
20
263.1868
0
VERTEX
8
CUT
10
154.5433
20
263.1785
0
VERTEX
8
CUT
10
154.5585
20
263.1682
0
VERTEX
8
CUT
10
154.5709
20
263.1597
0
VERTEX
8
CUT
10
154.5996
20
263.1396
0
VERTEX
8
CUT
10
154.6119
20
263.1309
0
VERTEX
8
CUT
10
154.6216
20
263.1238
0
VERTEX
8
CUT
10
154.6337
20
263.1149
0
VERTEX
8
CUT
10
154.6618
20
263.0939
0
VERTEX
8
CUT
10
154.6737
20
263.0847
0
VERTEX
8
CUT
10
154.6882
20
263.0735
0
VERTEX
8
CUT
10
154.7000
20
263.0642
0
VERTEX
8
CUT
10
154.7274
20
263.0422
0
VERTEX
8
CUT
10
154.7390
20
263.0327
0
VERTEX
8
CUT
10
155.9969
20
261.9869
0
VERTEX
8
CUT
10
156.0047
20
261.9804
0
VERTEX
8
CUT
10
156.0116
20
261.9744
0
VERTEX
8
CUT
10
156.0410
20
261.9483
0
VERTEX
8
CUT
10
156.0929
20
261.9001
0
VERTEX
8
CUT
10
156.1145
20
261.8794
0
VERTEX
8
CUT
10
156.1343
20
261.8589
0
VERTEX
8
CUT
10
156.1799
20
261.8102
0
VERTEX
8
CUT
10
156.2063
20
261.7808
0
VERTEX
8
CUT
10
156.2148
20
261.7708
0
VERTEX
8
CUT
10
156.2222
20
261.7621
0
VERTEX
8
CUT
10
157.1207
20
260.6874
0
VERTEX
8
CUT
10
157.1290
20
260.6773
0
VERTEX
8
CUT
10
157.1363
20
260.6682
0
VERTEX
8
CUT
10
157.1671
20
260.6281
0
VERTEX
8
CUT
10
157.2202
20
260.5545
0
VERTEX
8
CUT
10
157.2419
20
260.5230
0
VERTEX
8
CUT
10
157.2613
20
260.4921
0
VERTEX
8
CUT
10
157.3050
20
260.4185
0
VERTEX
8
CUT
10
157.3297
20
260.3743
0
VERTEX
8
CUT
10
157.3375
20
260.3593
0
VERTEX
8
CUT
10
157.3441
20
260.3463
0
VERTEX
8
CUT
10
157.8828
20
259.2704
0
VERTEX
8
CUT
10
157.8871
20
259.2617
0
VERTEX
8
CUT
10
157.8899
20
259.2559
0
VERTEX
8
CUT
10
157.9074
20
259.2178
0
VERTEX
8
CUT
10
157.9315
20
259.1618
0
VERTEX
8
CUT
10
157.9562
20
259.0981
0
VERTEX
8
CUT
10
157.9711
20
259.0547
0
VERTEX
8
CUT
10
157.9895
20
258.9942
0
VERTEX
8
CUT
10
158.0021
20
258.9470
0
VERTEX
8
CUT
10
158.0112
20
258.9096
0
VERTEX
8
CUT
10
158.0138
20
258.8980
0
VERTEX
8
CUT
10
158.0161
20
258.8875
0
VERTEX
8
CUT
10
158.2393
20
257.8187
0
VERTEX
8
CUT
10
158.2414
20
257.8083
0
VERTEX
8
CUT
10
158.2428
20
257.8015
0
VERTEX
8
CUT
10
158.2505
20
257.7564
0
VERTEX
8
CUT
10
158.2600
20
257.6907
0
VERTEX
8
CUT
10
158.2676
20
257.6166
0
VERTEX
8
CUT
10
158.2706
20
257.5666
0
VERTEX
8
CUT
10
158.2721
20
257.4979
0
VERTEX
8
CUT
10
158.2713
20
257.4452
0
VERTEX
8
CUT
10
158.2697
20
257.4035
0
VERTEX
8
CUT
10
158.2689
20
257.3905
0
VERTEX
8
CUT
10
158.2681
20
257.3787
0
VERTEX
8
CUT
10
158.1910
20
256.3533
0
VERTEX
8
CUT
10
158.1900
20
256.3410
0
VERTEX
8
CUT
10
158.1893
20
256.3329
0
VERTEX
8
CUT
10
158.1829
20
256.2794
0
VERTEX
8
CUT
10
158.1713
20
256.2019
0
VERTEX
8
CUT
10
158.1541
20
256.1159
0
VERTEX
8
CUT
10
158.1396
20
256.0583
0
VERTEX
8
CUT
10
158.1165
20
255.9811
0
VERTEX
8
CUT
10
158.0964
20
255.9237
0
VERTEX
8
CUT
10
158.0792
20
255.8783
0
VERTEX
8
CUT
10
158.0733
20
255.8639
0
VERTEX
8
CUT
10
158.0679
20
255.8511
0
VERTEX
8
CUT
10
157.3193
20
254.1058
0
VERTEX
8
CUT
10
157.3030
20
254.0701
0
VERTEX
8
CUT
10
157.2718
20
254.0053
0
VERTEX
8
CUT
10
157.2347
20
253.9362
0
VERTEX
8
CUT
10
157.2080
20
253.8912
0
VERTEX
8
CUT
10
157.1650
20
253.8256
0
VERTEX
8
CUT
10
157.1345
20
253.7832
0
VERTEX
8
CUT
10
157.0860
20
253.7215
0
VERTEX
8
CUT
10
157.0391
20
253.6670
0
VERTEX
8
CUT
10
157.0129
20
253.6378
0
VERTEX
8
CUT
10
156.5829
20
253.1801
0
VERTEX
8
CUT
10
156.5736
20
253.1703
0
VERTEX
8
CUT
10
156.5626
20
253.1590
0
VERTEX
8
CUT
10
156.5240
20
253.1214
0
VERTEX
8
CUT
10
156.4584
20
253.0612
0
VERTEX
8
CUT
10
156.4297
20
253.0361
0
VERTEX
8
CUT
10
156.3999
20
253.0123
0
VERTEX
8
CUT
10
156.3291
20
252.9583
0
VERTEX
8
CUT
10
156.2853
20
252.9269
0
VERTEX
8
CUT
10
156.2722
20
252.9180
0
VERTEX
8
CUT
10
156.2610
20
252.9106
0
VERTEX
8
CUT
10
155.3936
20
252.3458
0
VERTEX
8
CUT
10
155.3819
20
252.3383
0
VERTEX
8
CUT
10
155.3544
20
252.3210
0
VERTEX
8
CUT
10
155.3425
20
252.3137
0
VERTEX
8
CUT
10
155.3280
20
252.3049
0
VERTEX
8
CUT
10
155.3161
20
252.2977
0
VERTEX
8
CUT
10
155.2880
20
252.2813
0
VERTEX
8
CUT
10
155.2760
20
252.2743
0
VERTEX
8
CUT
10
155.2662
20
252.2688
0
VERTEX
8
CUT
10
155.2541
20
252.2620
0
VERTEX
8
CUT
10
155.2256
20
252.2465
0
VERTEX
8
CUT
10
155.2133
20
252.2399
0
VERTEX
8
CUT
10
155.1982
20
252.2320
0
VERTEX
8
CUT
10
155.1859
20
252.2256
0
VERTEX
8
CUT
10
155.1569
20
252.2109
0
VERTEX
8
CUT
10
155.1444
20
252.2047
0
VERTEX
8
CUT
10
153.4452
20
251.3768
0
VERTEX
8
CUT
10
153.4370
20
251.3729
0
VERTEX
8
CUT
10
153.4297
20
251.3694
0
VERTEX
8
CUT
10
153.3977
20
251.3550
0
VERTEX
8
CUT
10
153.3396
20
251.3301
0
VERTEX
8
CUT
10
153.3170
20
251.3209
0
VERTEX
8
CUT
10
153.2906
20
251.3109
0
VERTEX
8
CUT
10
153.2351
20
251.2912
0
VERTEX
8
CUT
10
153.2017
20
251.2800
0
VERTEX
8
CUT
10
153.1905
20
251.2765
0
VERTEX
8
CUT
10
153.1808
20
251.2735
0
VERTEX
8
CUT
10
152.1437
20
250.9617
0
VERTEX
8
CUT
10
152.1318
20
250.9582
0
VERTEX
8
CUT
10
152.1039
20
250.9502
0
VERTEX
8
CUT
10
152.0919
20
250.9469
0
VERTEX
8
CUT
10
152.0772
20
250.9429
0
VERTEX
8
CUT
10
152.0652
20
250.9397
0
VERTEX
8
CUT
10
152.0371
20
250.9325
0
VERTEX
8
CUT
10
152.0250
20
250.9295
0
VERTEX
8
CUT
10
152.0153
20
250.9272
0
VERTEX
8
CUT
10
152.0032
20
250.9244
0
VERTEX
8
CUT
10
151.9749
20
250.9179
0
VERTEX
8
CUT
10
151.9627
20
250.9153
0
VERTEX
8
CUT
10
151.9479
20
250.9121
0
VERTEX
8
CUT
10
151.9357
20
250.9096
0
VERTEX
8
CUT
10
151.9072
20
250.9040
0
VERTEX
8
CUT
10
151.8950
20
250.9017
0
VERTEX
8
CUT
10
146.6652
20
249.9419
0
VERTEX
8
CUT
10
146.6448
20
249.9378
0
VERTEX
8
CUT
10
146.5130
20
249.9089
0
VERTEX
8
CUT
10
146.4928
20
249.9041
0
VERTEX
8
CUT
10
146.3288
20
249.8621
0
VERTEX
8
CUT
10
146.3088
20
249.8566
0
VERTEX
8
CUT
10
146.1792
20
249.8186
0
VERTEX
8
CUT
10
146.1594
20
249.8124
0
VERTEX
8
CUT
10
143.7415
20
249.0112
0
VERTEX
8
CUT
10
143.7234
20
249.0049
0
VERTEX
8
CUT
10
143.6061
20
248.9618
0
VERTEX
8
CUT
10
143.5881
20
248.9549
0
VERTEX
8
CUT
10
143.4428
20
248.8961
0
VERTEX
8
CUT
10
143.4251
20
248.8886
0
VERTEX
8
CUT
10
143.3108
20
248.8381
0
VERTEX
8
CUT
10
143.2934
20
248.8301
0
VERTEX
8
CUT
10
141.0039
20
247.7294
0
VERTEX
8
CUT
10
140.9871
20
247.7210
0
VERTEX
8
CUT
10
140.8788
20
247.6647
0
VERTEX
8
CUT
10
140.8622
20
247.6557
0
VERTEX
8
CUT
10
140.7285
20
247.5808
0
VERTEX
8
CUT
10
140.7123
20
247.5714
0
VERTEX
8
CUT
10
140.6077
20
247.5084
0
VERTEX
8
CUT
10
140.5917
20
247.4984
0
VERTEX
8
CUT
10
138.4014
20
246.0839
0
VERTEX
8
CUT
10
138.3859
20
246.0735
0
VERTEX
8
CUT
10
138.2859
20
246.0044
0
VERTEX
8
CUT
10
138.2707
20
245.9935
0
VERTEX
8
CUT
10
138.1479
20
245.9030
0
VERTEX
8
CUT
10
138.1331
20
245.8916
0
VERTEX
8
CUT
10
138.0376
20
245.8164
0
VERTEX
8
CUT
10
138.0231
20
245.8046
0
VERTEX
8
CUT
10
136.0969
20
244.1884
0
VERTEX
8
CUT
10
136.0834
20
244.1768
0
VERTEX
8
CUT
10
135.9974
20
244.1001
0
VERTEX
8
CUT
10
135.9843
20
244.0881
0
VERTEX
8
CUT
10
135.8792
20
243.9888
0
VERTEX
8
CUT
10
135.8665
20
243.9764
0
VERTEX
8
CUT
10
135.7851
20
243.8948
0
VERTEX
8
CUT
10
135.7727
20
243.8820
0
VERTEX
8
CUT
10
134.0943
20
242.0962
0
VERTEX
8
CUT
10
134.0799
20
242.0804
0
VERTEX
8
CUT
10
133.9885
20
241.9759
0
VERTEX
8
CUT
10
133.9747
20
241.9596
0
VERTEX
8
CUT
10
133.8648
20
241.8245
0
VERTEX
8
CUT
10
133.8516
20
241.8077
0
VERTEX
8
CUT
10
133.7679
20
241.6970
0
VERTEX
8
CUT
10
133.7553
20
241.6797
0
VERTEX
8
CUT
10
132.3921
20
239.7376
0
VERTEX
8
CUT
10
132.3802
20
239.7198
0
VERTEX
8
CUT
10
132.3043
20
239.6031
0
VERTEX
8
CUT
10
132.2929
20
239.5849
0
VERTEX
8
CUT
10
132.2031
20
239.4352
0
VERTEX
8
CUT
10
132.1924
20
239.4166
0
VERTEX
8
CUT
10
132.1251
20
239.2948
0
VERTEX
8
CUT
10
132.1150
20
239.2758
0
VERTEX
8
CUT
10
131.0799
20
237.2336
0
VERTEX
8
CUT
10
131.0742
20
237.2222
0
VERTEX
8
CUT
10
131.0385
20
237.1478
0
VERTEX
8
CUT
10
131.0331
20
237.1363
0
VERTEX
8
CUT
10
131.0126
20
237.0911
0
VERTEX
8
CUT
10
131.0026
20
237.0678
0
VERTEX
8
CUT
10
130.9407
20
236.9148
0
VERTEX
8
CUT
10
130.9316
20
236.8911
0
VERTEX
8
CUT
10
130.9150
20
236.8443
0
VERTEX
8
CUT
10
130.9108
20
236.8323
0
VERTEX
8
CUT
10
130.8848
20
236.7540
0
VERTEX
8
CUT
10
130.8809
20
236.7419
0
VERTEX
8
CUT
10
130.0508
20
234.0563
0
VERTEX
8
CUT
10
130.0447
20
234.0352
0
VERTEX
8
CUT
10
130.0075
20
233.8970
0
VERTEX
8
CUT
10
130.0021
20
233.8757
0
VERTEX
8
CUT
10
129.9619
20
233.7009
0
VERTEX
8
CUT
10
129.9573
20
233.6793
0
VERTEX
8
CUT
10
129.9303
20
233.5389
0
VERTEX
8
CUT
10
129.9266
20
233.5172
0
VERTEX
8
CUT
10
129.6610
20
231.7952
0
VERTEX
8
CUT
10
129.6585
20
231.7772
0
VERTEX
8
CUT
10
129.6441
20
231.6602
0
VERTEX
8
CUT
10
129.6421
20
231.6422
0
VERTEX
8
CUT
10
129.6284
20
231.4949
0
VERTEX
8
CUT
10
129.6270
20
231.4769
0
VERTEX
8
CUT
10
129.6197
20
231.3592
0
VERTEX
8
CUT
10
129.6188
20
231.3411
0
VERTEX
8
CUT
10
129.5517
20
229.2523
0
VERTEX
8
CUT
10
129.5515
20
229.2424
0
VERTEX
8
CUT
10
129.5504
20
229.1738
0
VERTEX
8
CUT
10
129.5503
20
229.1632
0
VERTEX
8
CUT
10
129.5505
20
229.0777
0
VERTEX
8
CUT
10
129.5506
20
229.0673
0
VERTEX
8
CUT
10
129.5519
20
228.9998
0
VERTEX
8
CUT
10
129.5522
20
228.9887
0
VERTEX
8
CUT
10
129.6482
20
226.4438
0
VERTEX
8
CUT
10
129.6488
20
226.4307
0
VERTEX
8
CUT
10
129.6539
20
226.3455
0
VERTEX
8
CUT
10
129.6548
20
226.3324
0
VERTEX
8
CUT
10
129.6636
20
226.2255
0
VERTEX
8
CUT
10
129.6648
20
226.2125
0
VERTEX
8
CUT
10
129.6736
20
226.1276
0
VERTEX
8
CUT
10
129.6751
20
226.1145
0
VERTEX
8
CUT
10
129.9362
20
224.0414
0
VERTEX
8
CUT
10
129.9392
20
224.0205
0
VERTEX
8
CUT
10
129.9611
20
223.8852
0
VERTEX
8
CUT
10
129.9648
20
223.8645
0
VERTEX
8
CUT
10
129.9982
20
223.6958
0
VERTEX
8
CUT
10
130.0027
20
223.6752
0
VERTEX
8
CUT
10
130.0341
20
223.5418
0
VERTEX
8
CUT
10
130.0392
20
223.5213
0
VERTEX
8
CUT
10
130.5463
20
221.6596
0
VERTEX
8
CUT
10
130.5518
20
221.6405
0
VERTEX
8
CUT
10
130.5898
20
221.5175
0
VERTEX
8
CUT
10
130.5959
20
221.4987
0
VERTEX
8
CUT
10
130.6485
20
221.3460
0
VERTEX
8
CUT
10
130.6553
20
221.3273
0
VERTEX
8
CUT
10
130.7013
20
221.2071
0
VERTEX
8
CUT
10
130.7086
20
221.1887
0
VERTEX
8
CUT
10
132.2094
20
217.6192
0
VERTEX
8
CUT
10
132.2160
20
217.6040
0
VERTEX
8
CUT
10
132.2607
20
217.5056
0
VERTEX
8
CUT
10
132.2678
20
217.4905
0
VERTEX
8
CUT
10
132.3272
20
217.3686
0
VERTEX
8
CUT
10
132.3347
20
217.3537
0
VERTEX
8
CUT
10
132.3847
20
217.2579
0
VERTEX
8
CUT
10
132.3926
20
217.2433
0
VERTEX
8
CUT
10
133.8773
20
214.5820
0
VERTEX
8
CUT
10
133.8847
20
214.5691
0
VERTEX
8
CUT
10
133.9340
20
214.4856
0
VERTEX
8
CUT
10
133.9418
20
214.4729
0
VERTEX
8
CUT
10
134.0063
20
214.3697
0
VERTEX
8
CUT
10
134.0143
20
214.3571
0
VERTEX
8
CUT
10
134.0677
20
214.2762
0
VERTEX
8
CUT
10
134.0761
20
214.2639
0
VERTEX
8
CUT
10
135.9105
20
211.6298
0
VERTEX
8
CUT
10
135.9207
20
211.6157
0
VERTEX
8
CUT
10
135.9882
20
211.5245
0
VERTEX
8
CUT
10
135.9988
20
211.5106
0
VERTEX
8
CUT
10
136.0868
20
211.3987
0
VERTEX
8
CUT
10
136.0978
20
211.3852
0
VERTEX
8
CUT
10
136.1705
20
211.2981
0
VERTEX
8
CUT
10
136.1819
20
211.2848
0
VERTEX
8
CUT
10
140.0963
20
206.8639
0
VERTEX
8
CUT
10
140.1021
20
206.8574
0
VERTEX
8
CUT
10
140.1429
20
206.8126
0
VERTEX
8
CUT
10
140.1493
20
206.8058
0
VERTEX
8
CUT
10
140.2010
20
206.7508
0
VERTEX
8
CUT
10
140.2073
20
206.7442
0
VERTEX
8
CUT
10
140.2488
20
206.7014
0
VERTEX
8
CUT
10
140.2557
20
206.6944
0
VERTEX
8
CUT
10
153.7811
20
193.1944
0
VERTEX
8
CUT
10
153.7860
20
193.1895
0
VERTEX
8
CUT
10
153.7971
20
193.1782
0
VERTEX
8
CUT
10
153.8019
20
193.1733
0
VERTEX
8
CUT
10
153.8135
20
193.1614
0
VERTEX
8
CUT
10
153.8193
20
193.1554
0
VERTEX
8
CUT
10
153.8327
20
193.1414
0
VERTEX
8
CUT
10
153.8384
20
193.1353
0
VERTEX
8
CUT
10
153.8430
20
193.1304
0
VERTEX
8
CUT
10
153.8488
20
193.1241
0
VERTEX
8
CUT
10
153.8622
20
193.1096
0
VERTEX
8
CUT
10
153.8679
20
193.1033
0
VERTEX
8
CUT
10
153.8706
20
193.1003
0
VERTEX
8
CUT
10
153.8772
20
193.0929
0
VERTEX
8
CUT
10
153.8926
20
193.0755
0
VERTEX
8
CUT
10
153.8991
20
193.0680
0
VERTEX
8
CUT
10
156.9438
20
189.5378
0
VERTEX
8
CUT
10
156.9539
20
189.5259
0
VERTEX
8
CUT
10
156.9772
20
189.4979
0
VERTEX
8
CUT
10
156.9871
20
189.4858
0
VERTEX
8
CUT
10
156.9989
20
189.4711
0
VERTEX
8
CUT
10
157.0086
20
189.4589
0
VERTEX
8
CUT
10
157.0308
20
189.4302
0
VERTEX
8
CUT
10
157.0403
20
189.4178
0
VERTEX
8
CUT
10
157.0477
20
189.4078
0
VERTEX
8
CUT
10
157.0570
20
189.3953
0
VERTEX
8
CUT
10
157.0782
20
189.3658
0
VERTEX
8
CUT
10
157.0872
20
189.3531
0
VERTEX
8
CUT
10
157.0981
20
189.3375
0
VERTEX
8
CUT
10
157.1069
20
189.3246
0
VERTEX
8
CUT
10
157.1271
20
189.2945
0
VERTEX
8
CUT
10
157.1356
20
189.2814
0
VERTEX
8
CUT
10
159.2164
20
186.0578
0
VERTEX
8
CUT
10
159.2227
20
186.0480
0
VERTEX
8
CUT
10
159.2371
20
186.0250
0
VERTEX
8
CUT
10
159.2432
20
186.0151
0
VERTEX
8
CUT
10
159.2506
20
186.0030
0
VERTEX
8
CUT
10
159.2566
20
185.9930
0
VERTEX
8
CUT
10
159.2704
20
185.9696
0
VERTEX
8
CUT
10
159.2763
20
185.9596
0
VERTEX
8
CUT
10
159.2810
20
185.9515
0
VERTEX
8
CUT
10
159.2867
20
185.9413
0
VERTEX
8
CUT
10
159.2999
20
185.9176
0
VERTEX
8
CUT
10
159.3055
20
185.9074
0
VERTEX
8
CUT
10
159.3122
20
185.8949
0
VERTEX
8
CUT
10
159.3177
20
185.8847
0
VERTEX
8
CUT
10
159.3303
20
185.8606
0
VERTEX
8
CUT
10
159.3356
20
185.8503
0
VERTEX
8
CUT
10
160.9927
20
182.5865
0
VERTEX
8
CUT
10
160.9978
20
182.5761
0
VERTEX
8
CUT
10
161.0098
20
182.5518
0
VERTEX
8
CUT
10
161.0148
20
182.5414
0
VERTEX
8
CUT
10
161.0209
20
182.5286
0
VERTEX
8
CUT
10
161.0258
20
182.5181
0
VERTEX
8
CUT
10
161.0371
20
182.4935
0
VERTEX
8
CUT
10
161.0419
20
182.4829
0
VERTEX
8
CUT
10
161.0457
20
182.4744
0
VERTEX
8
CUT
10
161.0503
20
182.4638
0
VERTEX
8
CUT
10
161.0610
20
182.4389
0
VERTEX
8
CUT
10
161.0655
20
182.4282
0
VERTEX
8
CUT
10
161.0709
20
182.4151
0
VERTEX
8
CUT
10
161.0753
20
182.4044
0
VERTEX
8
CUT
10
161.0853
20
182.3793
0
VERTEX
8
CUT
10
161.0896
20
182.3685
0
VERTEX
8
CUT
10
162.3800
20
179.0085
0
VERTEX
8
CUT
10
162.3844
20
178.9967
0
VERTEX
8
CUT
10
162.3945
20
178.9693
0
VERTEX
8
CUT
10
162.3987
20
178.9576
0
VERTEX
8
CUT
10
162.4038
20
178.9432
0
VERTEX
8
CUT
10
162.4079
20
178.9313
0
VERTEX
8
CUT
10
162.4172
20
178.9037
0
VERTEX
8
CUT
10
162.4211
20
178.8918
0
VERTEX
8
CUT
10
162.4242
20
178.8822
0
VERTEX
8
CUT
10
162.4279
20
178.8703
0
VERTEX
8
CUT
10
162.4365
20
178.8423
0
VERTEX
8
CUT
10
162.4401
20
178.8304
0
VERTEX
8
CUT
10
162.4443
20
178.8157
0
VERTEX
8
CUT
10
162.4477
20
178.8037
0
VERTEX
8
CUT
10
162.4555
20
178.7755
0
VERTEX
8
CUT
10
162.4588
20
178.7634
0
VERTEX
8
CUT
10
163.3490
20
175.3543
0
VERTEX
8
CUT
10
163.3522
20
175.3417
0
VERTEX
8
CUT
10
163.3595
20
175.3123
0
VERTEX
8
CUT
10
163.3625
20
175.2996
0
VERTEX
8
CUT
10
163.3660
20
175.2842
0
VERTEX
8
CUT
10
163.3689
20
175.2715
0
VERTEX
8
CUT
10
163.3752
20
175.2419
0
VERTEX
8
CUT
10
163.3779
20
175.2292
0
VERTEX
8
CUT
10
163.3799
20
175.2190
0
VERTEX
8
CUT
10
163.3824
20
175.2063
0
VERTEX
8
CUT
10
163.3879
20
175.1765
0
VERTEX
8
CUT
10
163.3902
20
175.1637
0
VERTEX
8
CUT
10
163.3928
20
175.1481
0
VERTEX
8
CUT
10
163.3949
20
175.1353
0
VERTEX
8
CUT
10
163.3996
20
175.1053
0
VERTEX
8
CUT
10
163.4015
20
175.0925
0
VERTEX
8
CUT
10
163.8739
20
171.7415
0
VERTEX
8
CUT
10
163.8758
20
171.7275
0
VERTEX
8
CUT
10
163.8799
20
171.6947
0
VERTEX
8
CUT
10
163.8815
20
171.6806
0
VERTEX
8
CUT
10
163.8834
20
171.6635
0
VERTEX
8
CUT
10
163.8848
20
171.6494
0
VERTEX
8
CUT
10
163.8879
20
171.6165
0
VERTEX
8
CUT
10
163.8891
20
171.6024
0
VERTEX
8
CUT
10
163.8899
20
171.5911
0
VERTEX
8
CUT
10
163.8909
20
171.5770
0
VERTEX
8
CUT
10
163.8929
20
171.5440
0
VERTEX
8
CUT
10
163.8937
20
171.5299
0
VERTEX
8
CUT
10
163.8945
20
171.5127
0
VERTEX
8
CUT
10
163.8950
20
171.4985
0
VERTEX
8
CUT
10
163.8960
20
171.4655
0
VERTEX
8
CUT
10
163.8963
20
171.4514
0
VERTEX
8
CUT
10
163.9436
20
168.1401
0
VERTEX
8
CUT
10
163.9437
20
168.1263
0
VERTEX
8
CUT
10
163.9436
20
168.0941
0
VERTEX
8
CUT
10
163.9435
20
168.0803
0
VERTEX
8
CUT
10
163.9432
20
168.0635
0
VERTEX
8
CUT
10
163.9429
20
168.0497
0
VERTEX
8
CUT
10
163.9419
20
168.0175
0
VERTEX
8
CUT
10
163.9413
20
168.0038
0
VERTEX
8
CUT
10
163.9408
20
167.9927
0
VERTEX
8
CUT
10
163.9401
20
167.9789
0
VERTEX
8
CUT
10
163.9381
20
167.9468
0
VERTEX
8
CUT
10
163.9371
20
167.9331
0
VERTEX
8
CUT
10
163.9358
20
167.9163
0
VERTEX
8
CUT
10
163.9346
20
167.9026
0
VERTEX
8
CUT
10
163.9316
20
167.8705
0
VERTEX
8
CUT
10
163.9302
20
167.8568
0
VERTEX
8
CUT
10
163.5799
20
164.6358
0
VERTEX
8
CUT
10
163.5781
20
164.6201
0
VERTEX
8
CUT
10
163.5735
20
164.5835
0
VERTEX
8
CUT
10
163.5714
20
164.5679
0
VERTEX
8
CUT
10
163.5686
20
164.5488
0
VERTEX
8
CUT
10
163.5662
20
164.5332
0
VERTEX
8
CUT
10
163.5603
20
164.4969
0
VERTEX
8
CUT
10
163.5576
20
164.4813
0
VERTEX
8
CUT
10
163.5554
20
164.4689
0
VERTEX
8
CUT
10
163.5525
20
164.4533
0
VERTEX
8
CUT
10
163.5453
20
164.4172
0
VERTEX
8
CUT
10
163.5421
20
164.4017
0
VERTEX
8
CUT
10
163.5380
20
164.3829
0
VERTEX
8
CUT
10
163.5345
20
164.3675
0
VERTEX
8
CUT
10
163.5261
20
164.3317
0
VERTEX
8
CUT
10
163.5223
20
164.3163
0
VERTEX
8
CUT
10
162.7378
20
161.2274
0
VERTEX
8
CUT
10
162.7348
20
161.2158
0
VERTEX
8
CUT
10
162.7275
20
161.1888
0
VERTEX
8
CUT
10
162.7244
20
161.1772
0
VERTEX
8
CUT
10
162.7204
20
161.1631
0
VERTEX
8
CUT
10
162.7170
20
161.1516
0
VERTEX
8
CUT
10
162.7091
20
161.1248
0
VERTEX
8
CUT
10
162.7056
20
161.1133
0
VERTEX
8
CUT
10
162.7027
20
161.1041
0
VERTEX
8
CUT
10
162.6991
20
161.0927
0
VERTEX
8
CUT
10
162.6904
20
161.0660
0
VERTEX
8
CUT
10
162.6866
20
161.0547
0
VERTEX
8
CUT
10
162.6819
20
161.0408
0
VERTEX
8
CUT
10
162.6779
20
161.0295
0
VERTEX
8
CUT
10
162.6685
20
161.0031
0
VERTEX
8
CUT
10
162.6644
20
160.9918
0
VERTEX
8
CUT
10
161.8847
20
158.8909
0
VERTEX
8
CUT
10
161.8804
20
158.8796
0
VERTEX
8
CUT
10
161.8703
20
158.8533
0
VERTEX
8
CUT
10
161.8658
20
158.8420
0
VERTEX
8
CUT
10
161.8603
20
158.8283
0
VERTEX
8
CUT
10
161.8558
20
158.8172
0
VERTEX
8
CUT
10
161.8449
20
158.7911
0
VERTEX
8
CUT
10
161.8402
20
158.7800
0
VERTEX
8
CUT
10
161.8363
20
158.7711
0
VERTEX
8
CUT
10
161.8314
20
158.7601
0
VERTEX
8
CUT
10
161.8199
20
158.7343
0
VERTEX
8
CUT
10
161.8148
20
158.7234
0
VERTEX
8
CUT
10
161.8086
20
158.7100
0
VERTEX
8
CUT
10
161.8034
20
158.6991
0
VERTEX
8
CUT
10
161.7912
20
158.6737
0
VERTEX
8
CUT
10
161.7859
20
158.6628
0
VERTEX
8
CUT
10
160.8079
20
156.7026
0
VERTEX
8
CUT
10
160.8030
20
156.6928
0
VERTEX
8
CUT
10
160.7913
20
156.6702
0
VERTEX
8
CUT
10
160.7863
20
156.6605
0
VERTEX
8
CUT
10
160.7800
20
156.6487
0
VERTEX
8
CUT
10
160.7749
20
156.6391
0
VERTEX
8
CUT
10
160.7627
20
156.6168
0
VERTEX
8
CUT
10
160.7574
20
156.6072
0
VERTEX
8
CUT
10
160.7531
20
156.5995
0
VERTEX
8
CUT
10
160.7477
20
156.5901
0
VERTEX
8
CUT
10
160.7350
20
156.5680
0
VERTEX
8
CUT
10
160.7295
20
156.5586
0
VERTEX
8
CUT
10
160.7227
20
156.5471
0
VERTEX
8
CUT
10
160.7170
20
156.5378
0
VERTEX
8
CUT
10
160.7038
20
156.5160
0
VERTEX
8
CUT
10
160.6980
20
156.5067
0
VERTEX
8
CUT
10
159.5243
20
154.6337
0
VERTEX
8
CUT
10
159.5185
20
154.6245
0
VERTEX
8
CUT
10
159.5048
20
154.6033
0
VERTEX
8
CUT
10
159.4989
20
154.5942
0
VERTEX
8
CUT
10
159.4916
20
154.5832
0
VERTEX
8
CUT
10
159.4856
20
154.5742
0
VERTEX
8
CUT
10
159.4714
20
154.5533
0
VERTEX
8
CUT
10
159.4653
20
154.5444
0
VERTEX
8
CUT
10
159.4603
20
154.5372
0
VERTEX
8
CUT
10
159.4541
20
154.5284
0
VERTEX
8
CUT
10
159.4394
20
154.5078
0
VERTEX
8
CUT
10
159.4330
20
154.4990
0
VERTEX
8
CUT
10
159.4252
20
154.4884
0
VERTEX
8
CUT
10
159.4188
20
154.4797
0
VERTEX
8
CUT
10
159.4036
20
154.4595
0
VERTEX
8
CUT
10
159.3971
20
154.4509
0
VERTEX
8
CUT
10
158.1030
20
152.7697
0
VERTEX
8
CUT
10
158.0952
20
152.7596
0
VERTEX
8
CUT
10
158.0767
20
152.7363
0
VERTEX
8
CUT
10
158.0687
20
152.7264
0
VERTEX
8
CUT
10
158.0589
20
152.7144
0
VERTEX
8
CUT
10
158.0508
20
152.7046
0
VERTEX
8
CUT
10
158.0316
20
152.6818
0
VERTEX
8
CUT
10
158.0234
20
152.6721
0
VERTEX
8
CUT
10
158.0167
20
152.6644
0
VERTEX
8
CUT
10
158.0083
20
152.6548
0
VERTEX
8
CUT
10
157.9885
20
152.6326
0
VERTEX
8
CUT
10
157.9800
20
152.6231
0
VERTEX
8
CUT
10
157.9695
20
152.6116
0
VERTEX
8
CUT
10
157.9608
20
152.6023
0
VERTEX
8
CUT
10
157.9405
20
152.5806
0
VERTEX
8
CUT
10
157.9317
20
152.5714
0
VERTEX
8
CUT
10
156.4734
20
151.0653
0
VERTEX
8
CUT
10
156.4657
20
151.0575
0
VERTEX
8
CUT
10
156.4478
20
151.0394
0
VERTEX
8
CUT
10
156.4400
20
151.0317
0
VERTEX
8
CUT
10
156.4305
20
151.0223
0
VERTEX
8
CUT
10
156.4227
20
151.0147
0
VERTEX
8
CUT
10
156.4043
20
150.9971
0
VERTEX
8
CUT
10
156.3964
20
150.9895
0
VERTEX
8
CUT
10
156.3899
20
150.9835
0
VERTEX
8
CUT
10
156.3819
20
150.9761
0
VERTEX
8
CUT
10
156.3631
20
150.9589
0
VERTEX
8
CUT
10
156.3550
20
150.9516
0
VERTEX
8
CUT
10
156.3450
20
150.9427
0
VERTEX
8
CUT
10
156.3368
20
150.9355
0
VERTEX
8
CUT
10
156.3176
20
150.9187
0
VERTEX
8
CUT
10
156.3093
20
150.9116
0
VERTEX
8
CUT
10
154.7006
20
149.5445
0
VERTEX
8
CUT
10
154.6914
20
149.5368
0
VERTEX
8
CUT
10
154.6700
20
149.5191
0
VERTEX
8
CUT
10
154.6608
20
149.5116
0
VERTEX
8
CUT
10
154.6494
20
149.5024
0
VERTEX
8
CUT
10
154.6401
20
149.4950
0
VERTEX
8
CUT
10
154.6182
20
149.4779
0
VERTEX
8
CUT
10
154.6088
20
149.4706
0
VERTEX
8
CUT
10
154.6012
20
149.4648
0
VERTEX
8
CUT
10
154.5917
20
149.4576
0
VERTEX
8
CUT
10
154.5693
20
149.4410
0
VERTEX
8
CUT
10
154.5597
20
149.4340
0
VERTEX
8
CUT
10
154.5479
20
149.4255
0
VERTEX
8
CUT
10
154.5382
20
149.4186
0
VERTEX
8
CUT
10
154.5154
20
149.4026
0
VERTEX
8
CUT
10
154.5056
20
149.3958
0
VERTEX
8
CUT
10
152.7585
20
148.2046
0
VERTEX
8
CUT
10
152.7483
20
148.1977
0
VERTEX
8
CUT
10
152.7246
20
148.1820
0
VERTEX
8
CUT
10
152.7143
20
148.1753
0
VERTEX
8
CUT
10
152.7018
20
148.1672
0
VERTEX
8
CUT
10
152.6915
20
148.1607
0
VERTEX
8
CUT
10
152.6673
20
148.1456
0
VERTEX
8
CUT
10
152.6568
20
148.1392
0
VERTEX
8
CUT
10
152.6484
20
148.1341
0
VERTEX
8
CUT
10
152.6379
20
148.1279
0
VERTEX
8
CUT
10
152.6133
20
148.1135
0
VERTEX
8
CUT
10
152.6028
20
148.1073
0
VERTEX
8
CUT
10
152.5898
20
148.1000
0
VERTEX
8
CUT
10
152.5791
20
148.0940
0
VERTEX
8
CUT
10
152.5541
20
148.0802
0
VERTEX
8
CUT
10
152.5434
20
148.0744
0
VERTEX
8
CUT
10
150.6309
20
147.0548
0
VERTEX
8
CUT
10
150.6220
20
147.0501
0
VERTEX
8
CUT
10
150.6011
20
147.0393
0
VERTEX
8
CUT
10
150.5922
20
147.0347
0
VERTEX
8
CUT
10
150.5812
20
147.0292
0
VERTEX
8
CUT
10
150.5722
20
147.0247
0
VERTEX
8
CUT
10
150.5511
20
147.0143
0
VERTEX
8
CUT
10
150.5420
20
147.0099
0
VERTEX
8
CUT
10
150.5347
20
147.0064
0
VERTEX
8
CUT
10
150.5256
20
147.0022
0
VERTEX
8
CUT
10
150.5042
20
146.9923
0
VERTEX
8
CUT
10
150.4951
20
146.9881
0
VERTEX
8
CUT
10
150.4839
20
146.9831
0
VERTEX
8
CUT
10
150.4747
20
146.9790
0
VERTEX
8
CUT
10
150.4531
20
146.9696
0
VERTEX
8
CUT
10
150.4439
20
146.9656
0
VERTEX
8
CUT
10
148.3499
20
146.0796
0
VERTEX
8
CUT
10
148.3391
20
146.0751
0
VERTEX
8
CUT
10
148.3139
20
146.0648
0
VERTEX
8
CUT
10
148.3030
20
146.0605
0
VERTEX
8
CUT
10
148.2897
20
146.0553
0
VERTEX
8
CUT
10
148.2788
20
146.0511
0
VERTEX
8
CUT
10
148.2533
20
146.0414
0
VERTEX
8
CUT
10
148.2424
20
146.0374
0
VERTEX
8
CUT
10
148.2335
20
146.0342
0
VERTEX
8
CUT
10
148.2225
20
146.0303
0
VERTEX
8
CUT
10
148.1968
20
146.0213
0
VERTEX
8
CUT
10
148.1857
20
146.0175
0
VERTEX
8
CUT
10
148.1722
20
146.0130
0
VERTEX
8
CUT
10
148.1611
20
146.0094
0
VERTEX
8
CUT
10
148.1351
20
146.0011
0
VERTEX
8
CUT
10
148.1239
20
145.9976
0
VERTEX
8
CUT
10
146.3421
20
145.4535
0
VERTEX
8
CUT
10
146.3271
20
145.4490
0
VERTEX
8
CUT
10
146.2917
20
145.4389
0
VERTEX
8
CUT
10
146.2766
20
145.4347
0
VERTEX
8
CUT
10
146.2580
20
145.4297
0
VERTEX
8
CUT
10
146.2428
20
145.4258
0
VERTEX
8
CUT
10
146.2072
20
145.4169
0
VERTEX
8
CUT
10
146.1919
20
145.4133
0
VERTEX
8
CUT
10
146.1796
20
145.4104
0
VERTEX
8
CUT
10
146.1642
20
145.4070
0
VERTEX
8
CUT
10
146.1283
20
145.3994
0
VERTEX
8
CUT
10
146.1129
20
145.3963
0
VERTEX
8
CUT
10
146.0941
20
145.3926
0
VERTEX
8
CUT
10
146.0786
20
145.3898
0
VERTEX
8
CUT
10
146.0424
20
145.3834
0
VERTEX
8
CUT
10
146.0269
20
145.3808
0
VERTEX
8
CUT
10
144.0947
20
145.0760
0
VERTEX
8
CUT
10
144.0815
20
145.0740
0
VERTEX
8
CUT
10
144.0506
20
145.0696
0
VERTEX
8
CUT
10
144.0374
20
145.0678
0
VERTEX
8
CUT
10
144.0212
20
145.0658
0
VERTEX
8
CUT
10
144.0080
20
145.0642
0
VERTEX
8
CUT
10
143.9770
20
145.0607
0
VERTEX
8
CUT
10
143.9637
20
145.0593
0
VERTEX
8
CUT
10
143.9530
20
145.0583
0
VERTEX
8
CUT
10
143.9397
20
145.0571
0
VERTEX
8
CUT
10
143.9086
20
145.0545
0
VERTEX
8
CUT
10
143.8953
20
145.0535
0
VERTEX
8
CUT
10
143.8790
20
145.0524
0
VERTEX
8
CUT
10
143.8657
20
145.0516
0
VERTEX
8
CUT
10
143.8346
20
145.0500
0
VERTEX
8
CUT
10
143.8212
20
145.0494
0
VERTEX
8
CUT
10
138.4179
20
144.8456
0
VERTEX
8
CUT
10
138.4107
20
144.8453
0
VERTEX
8
CUT
10
138.3940
20
144.8448
0
VERTEX
8
CUT
10
138.3911
20
144.8448
0
VERTEX
8
CUT
10
138.3607
20
144.8445
0
VERTEX
8
CUT
10
138.3027
20
144.8451
0
VERTEX
8
CUT
10
138.2395
20
144.8479
0
VERTEX
8
CUT
10
138.1633
20
144.8540
0
VERTEX
8
CUT
10
138.1283
20
144.8575
0
VERTEX
8
CUT
10
134.8016
20
145.2546
0
VERTEX
8
CUT
10
134.7864
20
145.2565
0
VERTEX
8
CUT
10
134.7508
20
145.2614
0
VERTEX
8
CUT
10
134.7355
20
145.2636
0
VERTEX
8
CUT
10
134.7172
20
145.2665
0
VERTEX
8
CUT
10
134.7021
20
145.2689
0
VERTEX
8
CUT
10
134.6669
20
145.2750
0
VERTEX
8
CUT
10
134.6518
20
145.2777
0
VERTEX
8
CUT
10
134.6398
20
145.2800
0
VERTEX
8
CUT
10
134.6247
20
145.2829
0
VERTEX
8
CUT
10
134.5897
20
145.2902
0
VERTEX
8
CUT
10
134.5747
20
145.2934
0
VERTEX
8
CUT
10
134.5565
20
145.2975
0
VERTEX
8
CUT
10
134.5415
20
145.3010
0
VERTEX
8
CUT
10
134.5068
20
145.3095
0
VERTEX
8
CUT
10
134.4919
20
145.3132
0
VERTEX
8
CUT
10
126.9184
20
147.2889
0
VERTEX
8
CUT
10
126.9017
20
147.2930
0
VERTEX
8
CUT
10
126.7926
20
147.3182
0
VERTEX
8
CUT
10
126.7757
20
147.3218
0
VERTEX
8
CUT
10
126.6379
20
147.3494
0
VERTEX
8
CUT
10
126.6210
20
147.3526
0
VERTEX
8
CUT
10
126.5106
20
147.3714
0
VERTEX
8
CUT
10
126.4936
20
147.3741
0
VERTEX
8
CUT
10
124.6056
20
147.6408
0
VERTEX
8
CUT
10
124.5894
20
147.6428
0
VERTEX
8
CUT
10
124.4841
20
147.6548
0
VERTEX
8
CUT
10
124.4678
20
147.6564
0
VERTEX
8
CUT
10
124.4044
20
147.6619
0
VERTEX
8
CUT
10
124.3719
20
147.6638
0
VERTEX
8
CUT
10
124.1630
20
147.6704
0
VERTEX
8
CUT
10
124.0978
20
147.6689
0
VERTEX
8
CUT
10
123.8894
20
147.6528
0
VERTEX
8
CUT
10
123.8569
20
147.6494
0
VERTEX
8
CUT
10
123.7938
20
147.6410
0
VERTEX
8
CUT
10
123.7777
20
147.6387
0
VERTEX
8
CUT
10
123.6730
20
147.6219
0
VERTEX
8
CUT
10
123.6570
20
147.6191
0
VERTEX
8
CUT
10
123.4488
20
147.5800
0
VERTEX
8
CUT
10
123.4345
20
147.5771
0
VERTEX
8
CUT
10
123.3419
20
147.5573
0
VERTEX
8
CUT
10
123.3277
20
147.5541
0
VERTEX
8
CUT
10
123.2724
20
147.5409
0
VERTEX
8
CUT
10
123.2442
20
147.5335
0
VERTEX
8
CUT
10
123.0649
20
147.4813
0
VERTEX
8
CUT
10
123.0098
20
147.4623
0
VERTEX
8
CUT
10
122.8364
20
147.3930
0
VERTEX
8
CUT
10
122.8096
20
147.3815
0
VERTEX
8
CUT
10
122.7578
20
147.3579
0
VERTEX
8
CUT
10
122.7446
20
147.3517
0
VERTEX
8
CUT
10
122.6595
20
147.3102
0
VERTEX
8
CUT
10
122.6465
20
147.3037
0
VERTEX
8
CUT
10
122.0526
20
146.9965
0
VERTEX
8
CUT
10
122.0402
20
146.9899
0
VERTEX
8
CUT
10
121.9602
20
146.9461
0
VERTEX
8
CUT
10
121.9480
20
146.9392
0
VERTEX
8
CUT
10
121.9005
20
146.9118
0
VERTEX
8
CUT
10
121.8766
20
146.8972
0
VERTEX
8
CUT
10
121.7253
20
146.8000
0
VERTEX
8
CUT
10
121.6796
20
146.7675
0
VERTEX
8
CUT
10
121.5380
20
146.6567
0
VERTEX
8
CUT
10
121.5163
20
146.6389
0
VERTEX
8
CUT
10
121.4748
20
146.6031
0
VERTEX
8
CUT
10
121.4643
20
146.5938
0
VERTEX
8
CUT
10
121.3967
20
146.5327
0
VERTEX
8
CUT
10
121.3864
20
146.5232
0
VERTEX
8
CUT
10
121.3366
20
146.4761
0
VERTEX
8
CUT
10
121.3259
20
146.4657
0
VERTEX
8
CUT
10
121.2570
20
146.3972
0
VERTEX
8
CUT
10
121.2466
20
146.3865
0
VERTEX
8
CUT
10
121.2063
20
146.3444
0
VERTEX
8
CUT
10
121.1861
20
146.3223
0
VERTEX
8
CUT
10
121.0608
20
146.1774
0
VERTEX
8
CUT
10
121.0240
20
146.1303
0
VERTEX
8
CUT
10
120.9152
20
145.9759
0
VERTEX
8
CUT
10
120.8833
20
145.9253
0
VERTEX
8
CUT
10
120.7904
20
145.7608
0
VERTEX
8
CUT
10
120.7637
20
145.7074
0
VERTEX
8
CUT
10
120.6876
20
145.5345
0
VERTEX
8
CUT
10
120.6663
20
145.4786
0
VERTEX
8
CUT
10
120.6079
20
145.2990
0
VERTEX
8
CUT
10
120.5922
20
145.2413
0
VERTEX
8
CUT
10
120.5519
20
145.0567
0
VERTEX
8
CUT
10
120.5421
20
144.9978
0
VERTEX
8
CUT
10
120.5203
20
144.8101
0
VERTEX
8
CUT
10
120.5164
20
144.7505
0
VERTEX
8
CUT
10
120.5135
20
144.5616
0
VERTEX
8
CUT
10
120.5155
20
144.5019
0
VERTEX
8
CUT
10
120.5313
20
144.3136
0
VERTEX
8
CUT
10
120.5393
20
144.2544
0
SEQEND
0
POLYLINE
8
CUT
66
1
70
1
10
0.0
20
0.0
30
0.0
0
VERTEX
8
CUT
10
249.6559
20
135.9719
0
VERTEX
8
CUT
10
249.6612
20
135.9419
0
VERTEX
8
CUT
10
249.6730
20
135.8837
0
VERTEX
8
CUT
10
249.6762
20
135.8688
0
VERTEX
8
CUT
10
249.6983
20
135.7724
0
VERTEX
8
CUT
10
249.7019
20
135.7576
0
VERTEX
8
CUT
10
249.7340
20
135.6320
0
VERTEX
8
CUT
10
249.7376
20
135.6187
0
VERTEX
8
CUT
10
249.7617
20
135.5328
0
VERTEX
8
CUT
10
249.7655
20
135.5196
0
VERTEX
8
CUT
10
249.7812
20
135.4683
0
VERTEX
8
CUT
10
249.7898
20
135.4423
0
VERTEX
8
CUT
10
249.8489
20
135.2765
0
VERTEX
8
CUT
10
249.8696
20
135.2257
0
VERTEX
8
CUT
10
249.9426
20
135.0682
0
VERTEX
8
CUT
10
249.9679
20
135.0195
0
VERTEX
8
CUT
10
250.0561
20
134.8672
0
VERTEX
8
CUT
10
250.0704
20
134.8438
0
VERTEX
8
CUT
10
250.0994
20
134.7987
0
VERTEX
8
CUT
10
250.1070
20
134.7872
0
VERTEX
8
CUT
10
250.1569
20
134.7133
0
VERTEX
8
CUT
10
250.1647
20
134.7020
0
VERTEX
8
CUT
10
250.5204
20
134.2003
0
VERTEX
8
CUT
10
250.5299
20
134.1873
0
VERTEX
8
CUT
10
250.5928
20
134.1035
0
VERTEX
8
CUT
10
250.6026
20
134.0907
0
VERTEX
8
CUT
10
250.6418
20
134.0414
0
VERTEX
8
CUT
10
250.6625
20
134.0166
0
VERTEX
8
CUT
10
250.7994
20
133.8618
0
VERTEX
8
CUT
10
250.8447
20
133.8159
0
VERTEX
8
CUT
10
250.9954
20
133.6786
0
VERTEX
8
CUT
10
251.0453
20
133.6378
0
VERTEX
8
CUT
10
251.2122
20
133.5158
0
VERTEX
8
CUT
10
251.2387
20
133.4974
0
VERTEX
8
CUT
10
251.2914
20
133.4631
0
VERTEX
8
CUT
10
251.3051
20
133.4544
0
VERTEX
8
CUT
10
251.3944
20
133.3996
0
VERTEX
8
CUT
10
251.4083
20
133.3913
0
VERTEX
8
CUT
10
252.1977
20
132.9353
0
VERTEX
8
CUT
10
252.2113
20
132.9277
0
VERTEX
8
CUT
10
252.3001
20
132.8794
0
VERTEX
8
CUT
10
252.3138
20
132.8721
0
VERTEX
8
CUT
10
252.3679
20
132.8445
0
VERTEX
8
CUT
10
252.3959
20
132.8311
0
VERTEX
8
CUT
10
252.5779
20
132.7498
0
VERTEX
8
CUT
10
252.6359
20
132.7274
0
VERTEX
8
CUT
10
252.8252
20
132.6654
0
VERTEX
8
CUT
10
252.8550
20
132.6565
0
VERTEX
8
CUT
10
252.8780
20
132.6503
0
VERTEX
8
CUT
10
252.9062
20
132.6434
0
VERTEX
8
CUT
10
253.0906
20
132.6029
0
VERTEX
8
CUT
10
253.1191
20
132.5973
0
VERTEX
8
CUT
10
253.1293
20
132.5956
0
VERTEX
8
CUT
10
253.1561
20
132.5917
0
VERTEX
8
CUT
10
253.3280
20
132.5705
0
VERTEX
8
CUT
10
253.3818
20
132.5663
0
VERTEX
8
CUT
10
253.5526
20
132.5607
0
VERTEX
8
CUT
10
253.6066
20
132.5614
0
VERTEX
8
CUT
10
253.7772
20
132.5711
0
VERTEX
8
CUT
10
253.8309
20
132.5767
0
VERTEX
8
CUT
10
253.9999
20
132.6018
0
VERTEX
8
CUT
10
254.0529
20
132.6121
0
VERTEX
8
CUT
10
254.2213
20
132.6529
0
VERTEX
8
CUT
10
254.2474
20
132.6598
0
VERTEX
8
CUT
10
254.2981
20
132.6745
0
VERTEX
8
CUT
10
254.3110
20
132.6784
0
VERTEX
8
CUT
10
254.3948
20
132.7048
0
VERTEX
8
CUT
10
254.4076
20
132.7090
0
VERTEX
8
CUT
10
254.8228
20
132.8501
0
VERTEX
8
CUT
10
254.8365
20
132.8550
0
VERTEX
8
CUT
10
254.9253
20
132.8876
0
VERTEX
8
CUT
10
254.9389
20
132.8928
0
VERTEX
8
CUT
10
254.9918
20
132.9137
0
VERTEX
8
CUT
10
255.0186
20
132.9250
0
VERTEX
8
CUT
10
255.1887
20
133.0019
0
VERTEX
8
CUT
10
255.2405
20
133.0284
0
VERTEX
8
CUT
10
255.4023
20
133.1214
0
VERTEX
8
CUT
10
255.4272
20
133.1366
0
VERTEX
8
CUT
10
255.4750
20
133.1673
0
VERTEX
8
CUT
10
255.4872
20
133.1753
0
VERTEX
8
CUT
10
255.5656
20
133.2283
0
VERTEX
8
CUT
10
255.5775
20
133.2366
0
VERTEX
8
CUT
10
256.0582
20
133.5789
0
VERTEX
8
CUT
10
256.0699
20
133.5874
0
VERTEX
8
CUT
10
256.1454
20
133.6440
0
VERTEX
8
CUT
10
256.1569
20
133.6528
0
VERTEX
8
CUT
10
256.2014
20
133.6879
0
VERTEX
8
CUT
10
256.2237
20
133.7063
0
VERTEX
8
CUT
10
256.3640
20
133.8283
0
VERTEX
8
CUT
10
256.4059
20
133.8684
0
VERTEX
8
CUT
10
256.5320
20
134.0015
0
VERTEX
8
CUT
10
256.5698
20
134.0455
0
VERTEX
8
CUT
10
256.6841
20
134.1921
0
VERTEX
8
CUT
10
256.7014
20
134.2154
0
VERTEX
8
CUT
10
256.7340
20
134.2617
0
VERTEX
8
CUT
10
256.7422
20
134.2737
0
VERTEX
8
CUT
10
256.7946
20
134.3520
0
VERTEX
8
CUT
10
256.8025
20
134.3642
0
VERTEX
8
CUT
10
256.9019
20
134.5209
0
VERTEX
8
CUT
10
256.9090
20
134.5325
0
VERTEX
8
CUT
10
256.9549
20
134.6085
0
VERTEX
8
CUT
10
256.9618
20
134.6203
0
VERTEX
8
CUT
10
256.9883
20
134.6666
0
VERTEX
8
CUT
10
257.0013
20
134.6906
0
VERTEX
8
CUT
10
257.0812
20
134.8464
0
VERTEX
8
CUT
10
257.1039
20
134.8961
0
VERTEX
8
CUT
10
257.1685
20
135.0563
0
VERTEX
8
CUT
10
257.1866
20
135.1078
0
VERTEX
8
CUT
10
257.2363
20
135.2732
0
VERTEX
8
CUT
10
257.2496
20
135.3262
0
VERTEX
8
CUT
10
257.2846
20
135.4977
0
VERTEX
8
CUT
10
257.2894
20
135.5246
0
VERTEX
8
CUT
10
257.2977
20
135.5773
0
VERTEX
8
CUT
10
257.2996
20
135.5908
0
VERTEX
8
CUT
10
257.3114
20
135.6788
0
VERTEX
8
CUT
10
257.3130
20
135.6924
0
VERTEX
8
CUT
10
257.3795
20
136.2950
0
VERTEX
8
CUT
10
257.3810
20
136.3104
0
VERTEX
8
CUT
10
257.3895
20
136.4106
0
VERTEX
8
CUT
10
257.3906
20
136.4261
0
VERTEX
8
CUT
10
257.3941
20
136.4864
0
VERTEX
8
CUT
10
257.3951
20
136.5174
0
VERTEX
8
CUT
10
257.3964
20
136.7157
0
VERTEX
8
CUT
10
257.3936
20
136.7775
0
VERTEX
8
CUT
10
257.3748
20
136.9723
0
VERTEX
8
CUT
10
257.3656
20
137.0335
0
VERTEX
8
CUT
10
257.3263
20
137.2279
0
VERTEX
8
CUT
10
257.3193
20
137.2581
0
VERTEX
8
CUT
10
257.3043
20
137.3166
0
VERTEX
8
CUT
10
257.3003
20
137.3316
0
VERTEX
8
CUT
10
257.2727
20
137.4283
0
VERTEX
8
CUT
10
257.2683
20
137.4432
0
VERTEX
8
CUT
10
257.1714
20
137.7532
0
VERTEX
8
CUT
10
257.1662
20
137.7690
0
VERTEX
8
CUT
10
257.1313
20
137.8708
0
VERTEX
8
CUT
10
257.1257
20
137.8864
0
VERTEX
8
CUT
10
257.1031
20
137.9469
0
VERTEX
8
CUT
10
257.0906
20
137.9776
0
VERTEX
8
CUT
10
257.0053
20
138.1719
0
VERTEX
8
CUT
10
256.9754
20
138.2310
0
VERTEX
8
CUT
10
256.8708
20
138.4122
0
VERTEX
8
CUT
10
256.8345
20
138.4677
0
VERTEX
8
CUT
10
256.7088
20
138.6386
0
VERTEX
8
CUT
10
256.6884
20
138.6647
0
VERTEX
8
CUT
10
256.6473
20
138.7146
0
VERTEX
8
CUT
10
256.6366
20
138.7272
0
VERTEX
8
CUT
10
256.5659
20
138.8084
0
VERTEX
8
CUT
10
256.5548
20
138.8207
0
VERTEX
8
CUT
10
256.3075
20
139.0891
0
VERTEX
8
CUT
10
256.2970
20
139.1002
0
VERTEX
8
CUT
10
256.2278
20
139.1714
0
VERTEX
8
CUT
10
256.2170
20
139.1823
0
VERTEX
8
CUT
10
256.1744
20
139.2240
0
VERTEX
8
CUT
10
256.1521
20
139.2448
0
VERTEX
8
CUT
10
256.0054
20
139.3746
0
VERTEX
8
CUT
10
255.9576
20
139.4127
0
VERTEX
8
CUT
10
255.8007
20
139.5253
0
VERTEX
8
CUT
10
255.7493
20
139.5583
0
VERTEX
8
CUT
10
255.5795
20
139.6557
0
VERTEX
8
CUT
10
255.5526
20
139.6702
0
VERTEX
8
CUT
10
255.4994
20
139.6972
0
VERTEX
8
CUT
10
255.4857
20
139.7040
0
VERTEX
8
CUT
10
255.3960
20
139.7466
0
VERTEX
8
CUT
10
255.3821
20
139.7530
0
VERTEX
8
CUT
10
254.9543
20
139.9434
0
VERTEX
8
CUT
10
254.9413
20
139.9490
0
VERTEX
8
CUT
10
254.8562
20
139.9844
0
VERTEX
8
CUT
10
254.8431
20
139.9897
0
VERTEX
8
CUT
10
254.7915
20
140.0098
0
VERTEX
8
CUT
10
254.7648
20
140.0195
0
VERTEX
8
CUT
10
254.5925
20
140.0774
0
VERTEX
8
CUT
10
254.5380
20
140.0929
0
VERTEX
8
CUT
10
254.3634
20
140.1337
0
VERTEX
8
CUT
10
254.3077
20
140.1439
0
VERTEX
8
CUT
10
254.1276
20
140.1684
0
VERTEX
8
CUT
10
254.0994
20
140.1716
0
VERTEX
8
CUT
10
254.0443
20
140.1764
0
VERTEX
8
CUT
10
254.0301
20
140.1775
0
VERTEX
8
CUT
10
253.9382
20
140.1834
0
VERTEX
8
CUT
10
253.9240
20
140.1841
0
VERTEX
8
CUT
10
253.4215
20
140.2045
0
VERTEX
8
CUT
10
253.4056
20
140.2049
0
VERTEX
8
CUT
10
253.3021
20
140.2064
0
VERTEX
8
CUT
10
253.2862
20
140.2064
0
VERTEX
8
CUT
10
253.2240
20
140.2056
0
VERTEX
8
CUT
10
253.1922
20
140.2044
0
VERTEX
8
CUT
10
252.9885
20
140.1910
0
VERTEX
8
CUT
10
252.9252
20
140.1834
0
VERTEX
8
CUT
10
252.7241
20
140.1485
0
VERTEX
8
CUT
10
252.6929
20
140.1422
0
VERTEX
8
CUT
10
252.6323
20
140.1283
0
VERTEX
8
CUT
10
252.6168
20
140.1246
0
VERTEX
8
CUT
10
252.5165
20
140.0988
0
VERTEX
8
CUT
10
252.5012
20
140.0946
0
VERTEX
8
CUT
10
252.4199
20
140.0715
0
VERTEX
8
CUT
10
252.4062
20
140.0674
0
VERTEX
8
CUT
10
252.3177
20
140.0398
0
VERTEX
8
CUT
10
252.3042
20
140.0354
0
VERTEX
8
CUT
10
252.2514
20
140.0176
0
VERTEX
8
CUT
10
252.2246
20
140.0078
0
VERTEX
8
CUT
10
252.0544
20
139.9412
0
VERTEX
8
CUT
10
252.0023
20
139.9179
0
VERTEX
8
CUT
10
251.8414
20
139.8365
0
VERTEX
8
CUT
10
251.7918
20
139.8084
0
VERTEX
8
CUT
10
251.6372
20
139.7107
0
VERTEX
8
CUT
10
251.6135
20
139.6949
0
VERTEX
8
CUT
10
251.5678
20
139.6630
0
VERTEX
8
CUT
10
251.5563
20
139.6547
0
VERTEX
8
CUT
10
251.4816
20
139.5997
0
VERTEX
8
CUT
10
251.4702
20
139.5911
0
VERTEX
8
CUT
10
251.1021
20
139.3063
0
VERTEX
8
CUT
10
251.0908
20
139.2973
0
VERTEX
8
CUT
10
251.0181
20
139.2382
0
VERTEX
8
CUT
10
251.0070
20
139.2290
0
VERTEX
8
CUT
10
250.9642
20
139.1924
0
VERTEX
8
CUT
10
250.9427
20
139.1732
0
VERTEX
8
CUT
10
250.8081
20
139.0466
0
VERTEX
8
CUT
10
250.7680
20
139.0052
0
VERTEX
8
CUT
10
250.6478
20
138.8682
0
VERTEX
8
CUT
10
250.6119
20
138.8230
0
VERTEX
8
CUT
10
250.5040
20
138.6731
0
VERTEX
8
CUT
10
250.4877
20
138.6493
0
VERTEX
8
CUT
10
250.4570
20
138.6021
0
VERTEX
8
CUT
10
250.4493
20
138.5899
0
VERTEX
8
CUT
10
250.4002
20
138.5101
0
VERTEX
8
CUT
10
250.3928
20
138.4977
0
VERTEX
8
CUT
10
249.9939
20
137.8136
0
VERTEX
8
CUT
10
249.9872
20
137.8018
0
VERTEX
8
CUT
10
249.9445
20
137.7247
0
VERTEX
8
CUT
10
249.9381
20
137.7128
0
VERTEX
8
CUT
10
249.9135
20
137.6659
0
VERTEX
8
CUT
10
249.9015
20
137.6416
0
VERTEX
8
CUT
10
249.8279
20
137.4842
0
VERTEX
8
CUT
10
249.8072
20
137.4341
0
VERTEX
8
CUT
10
249.7481
20
137.2707
0
VERTEX
8
CUT
10
249.7394
20
137.2451
0
VERTEX
8
CUT
10
249.7325
20
137.2228
0
VERTEX
8
CUT
10
249.7246
20
137.1951
0
VERTEX
8
CUT
10
249.6776
20
137.0142
0
VERTEX
8
CUT
10
249.6710
20
136.9862
0
VERTEX
8
CUT
10
249.6643
20
136.9538
0
VERTEX
8
CUT
10
249.6588
20
136.9239
0
VERTEX
8
CUT
10
249.6286
20
136.7311
0
VERTEX
8
CUT
10
249.6223
20
136.6706
0
VERTEX
8
CUT
10
249.6119
20
136.4785
0
VERTEX
8
CUT
10
249.6117
20
136.4176
0
VERTEX
8
CUT
10
249.6209
20
136.2254
0
VERTEX
8
CUT
10
249.6269
20
136.1648
0
SEQEND
0
POLYLINE
8
CUT
66
1
70
1
10
0.0
20
0.0
30
0.0
0
VERTEX
8
CUT
10
166.7417
20
64.2696
0
VERTEX
8
CUT
10
166.7474
20
64.2407
0
VERTEX
8
CUT
10
166.7598
20
64.1847
0
VERTEX
8
CUT
10
166.7632
20
64.1703
0
VERTEX
8
CUT
10
166.7862
20
64.0776
0
VERTEX
8
CUT
10
166.7899
20
64.0633
0
VERTEX
8
CUT
10
169.9846
20
52.4121
0
VERTEX
8
CUT
10
169.9896
20
52.3950
0
VERTEX
8
CUT
10
170.0234
20
52.2848
0
VERTEX
8
CUT
10
170.0288
20
52.2679
0
VERTEX
8
CUT
10
170.0753
20
52.1308
0
VERTEX
8
CUT
10
170.0812
20
52.1140
0
VERTEX
8
CUT
10
170.1215
20
52.0060
0
VERTEX
8
CUT
10
170.1279
20
51.9894
0
VERTEX
8
CUT
10
171.5533
20
48.4814
0
VERTEX
8
CUT
10
171.5582
20
48.4697
0
VERTEX
8
CUT
10
171.5911
20
48.3934
0
VERTEX
8
CUT
10
171.5963
20
48.3818
0
VERTEX
8
CUT
10
171.6396
20
48.2869
0
VERTEX
8
CUT
10
171.6450
20
48.2754
0
VERTEX
8
CUT
10
171.6811
20
48.2006
0
VERTEX
8
CUT
10
171.6868
20
48.1892
0
VERTEX
8
CUT
10
172.3699
20
46.8482
0
VERTEX
8
CUT
10
172.3769
20
46.8348
0
VERTEX
8
CUT
10
172.4236
20
46.7485
0
VERTEX
8
CUT
10
172.4310
20
46.7353
0
VERTEX
8
CUT
10
172.4923
20
46.6285
0
VERTEX
8
CUT
10
172.5000
20
46.6155
0
VERTEX
8
CUT
10
172.5510
20
46.5317
0
VERTEX
8
CUT
10
172.5590
20
46.5189
0
VERTEX
8
CUT
10
174.1933
20
43.9790
0
VERTEX
8
CUT
10
174.2037
20
43.9634
0
VERTEX
8
CUT
10
174.2726
20
43.8633
0
VERTEX
8
CUT
10
174.2835
20
43.8480
0
VERTEX
8
CUT
10
174.3738
20
43.7252
0
VERTEX
8
CUT
10
174.3852
20
43.7103
0
VERTEX
8
CUT
10
174.4602
20
43.6146
0
VERTEX
8
CUT
10
174.4720
20
43.6001
0
VERTEX
8
CUT
10
175.3554
20
42.5437
0
VERTEX
8
CUT
10
175.3622
20
42.5357
0
VERTEX
8
CUT
10
175.4101
20
42.4805
0
VERTEX
8
CUT
10
175.4173
20
42.4723
0
VERTEX
8
CUT
10
175.4493
20
42.4367
0
VERTEX
8
CUT
10
175.4651
20
42.4198
0
VERTEX
8
CUT
10
175.5653
20
42.3165
0
VERTEX
8
CUT
10
175.5811
20
42.3008
0
VERTEX
8
CUT
10
175.6090
20
42.2742
0
VERTEX
8
CUT
10
175.6166
20
42.2670
0
VERTEX
8
CUT
10
175.6697
20
42.2180
0
VERTEX
8
CUT
10
175.6784
20
42.2101
0
VERTEX
8
CUT
10
176.5784
20
41.4107
0
VERTEX
8
CUT
10
176.5923
20
41.3988
0
VERTEX
8
CUT
10
176.6837
20
41.3225
0
VERTEX
8
CUT
10
176.6979
20
41.3110
0
VERTEX
8
CUT
10
176.8155
20
41.2188
0
VERTEX
8
CUT
10
176.8300
20
41.2077
0
VERTEX
8
CUT
10
176.9259
20
41.1371
0
VERTEX
8
CUT
10
176.9408
20
41.1265
0
VERTEX
8
CUT
10
177.8145
20
40.5236
0
VERTEX
8
CUT
10
177.8259
20
40.5159
0
VERTEX
8
CUT
10
177.9008
20
40.4668
0
VERTEX
8
CUT
10
177.9124
20
40.4593
0
VERTEX
8
CUT
10
177.9580
20
40.4308
0
VERTEX
8
CUT
10
177.9817
20
40.4168
0
VERTEX
8
CUT
10
178.1377
20
40.3291
0
VERTEX
8
CUT
10
178.1620
20
40.3161
0
VERTEX
8
CUT
10
178.2101
20
40.2919
0
VERTEX
8
CUT
10
178.2225
20
40.2859
0
VERTEX
8
CUT
10
178.3034
20
40.2475
0
VERTEX
8
CUT
10
178.3159
20
40.2417
0
VERTEX
8
CUT
10
179.1379
20
39.8743
0
VERTEX
8
CUT
10
179.1497
20
39.8692
0
VERTEX
8
CUT
10
179.2264
20
39.8368
0
VERTEX
8
CUT
10
179.2383
20
39.8320
0
VERTEX
8
CUT
10
179.2848
20
39.8135
0
VERTEX
8
CUT
10
179.3089
20
39.8046
0
VERTEX
8
CUT
10
179.4661
20
39.7498
0
VERTEX
8
CUT
10
179.4905
20
39.7419
0
VERTEX
8
CUT
10
179.5385
20
39.7275
0
VERTEX
8
CUT
10
179.5508
20
39.7239
0
VERTEX
8
CUT
10
179.6310
20
39.7017
0
VERTEX
8
CUT
10
179.6434
20
39.6984
0
VERTEX
8
CUT
10
180.3914
20
39.5078
0
VERTEX
8
CUT
10
180.4065
20
39.5041
0
VERTEX
8
CUT
10
180.5053
20
39.4817
0
VERTEX
8
CUT
10
180.5205
20
39.4784
0
VERTEX
8
CUT
10
180.5802
20
39.4665
0
VERTEX
8
CUT
10
180.6109
20
39.4612
0
VERTEX
8
CUT
10
180.8112
20
39.4318
0
VERTEX
8
CUT
10
180.8421
20
39.4281
0
VERTEX
8
CUT
10
180.9027
20
39.4224
0
VERTEX
8
CUT
10
180.9182
20
39.4212
0
VERTEX
8
CUT
10
181.0193
20
39.4143
0
VERTEX
8
CUT
10
181.0349
20
39.4135
0
VERTEX
8
CUT
10
181.7251
20
39.3847
0
VERTEX
8
CUT
10
181.7408
20
39.3842
0
VERTEX
8
CUT
10
181.8433
20
39.3827
0
VERTEX
8
CUT
10
181.8591
20
39.3826
0
VERTEX
8
CUT
10
181.9206
20
39.3833
0
VERTEX
8
CUT
10
181.9521
20
39.3845
0
VERTEX
8
CUT
10
182.1565
20
39.3975
0
VERTEX
8
CUT
10
182.1879
20
39.4003
0
VERTEX
8
CUT
10
182.2490
20
39.4074
0
VERTEX
8
CUT
10
182.2647
20
39.4094
0
VERTEX
8
CUT
10
182.3661
20
39.4240
0
VERTEX
8
CUT
10
182.3817
20
39.4264
0
VERTEX
8
CUT
10
183.0638
20
39.5425
0
VERTEX
8
CUT
10
183.0817
20
39.5458
0
VERTEX
8
CUT
10
183.1974
20
39.5691
0
VERTEX
8
CUT
10
183.2151
20
39.5730
0
VERTEX
8
CUT
10
183.2841
20
39.5891
0
VERTEX
8
CUT
10
183.3192
20
39.5984
0
VERTEX
8
CUT
10
183.5452
20
39.6657
0
VERTEX
8
CUT
10
183.5797
20
39.6772
0
VERTEX
8
CUT
10
183.6462
20
39.7015
0
VERTEX
8
CUT
10
183.6632
20
39.7080
0
VERTEX
8
CUT
10
183.7728
20
39.7518
0
VERTEX
8
CUT
10
183.7895
20
39.7588
0
VERTEX
8
CUT
10
184.9563
20
40.2670
0
VERTEX
8
CUT
10
184.9682
20
40.2723
0
VERTEX
8
CUT
10
185.0451
20
40.3078
0
VERTEX
8
CUT
10
185.0569
20
40.3134
0
VERTEX
8
CUT
10
185.1027
20
40.3357
0
VERTEX
8
CUT
10
185.1258
20
40.3477
0
VERTEX
8
CUT
10
185.2727
20
40.4274
0
VERTEX
8
CUT
10
185.3173
20
40.4543
0
VERTEX
8
CUT
10
185.4567
20
40.5465
0
VERTEX
8
CUT
10
185.4781
20
40.5613
0
VERTEX
8
CUT
10
185.5193
20
40.5913
0
VERTEX
8
CUT
10
185.5298
20
40.5990
0
VERTEX
8
CUT
10
185.5972
20
40.6503
0
VERTEX
8
CUT
10
185.6075
20
40.6583
0
VERTEX
8
CUT
10
186.1162
20
41.0624
0
VERTEX
8
CUT
10
186.1282
20
41.0722
0
VERTEX
8
CUT
10
186.2053
20
41.1368
0
VERTEX
8
CUT
10
186.2170
20
41.1469
0
VERTEX
8
CUT
10
186.2623
20
41.1869
0
VERTEX
8
CUT
10
186.2850
20
41.2080
0
VERTEX
8
CUT
10
186.4287
20
41.3486
0
VERTEX
8
CUT
10
186.4503
20
41.3709
0
VERTEX
8
CUT
10
186.4912
20
41.4153
0
VERTEX
8
CUT
10
186.5016
20
41.4268
0
VERTEX
8
CUT
10
186.5678
20
41.5025
0
VERTEX
8
CUT
10
186.5779
20
41.5143
0
VERTEX
8
CUT
10
187.1738
20
42.2320
0
VERTEX
8
CUT
10
187.1825
20
42.2428
0
VERTEX
8
CUT
10
187.2386
20
42.3136
0
VERTEX
8
CUT
10
187.2471
20
42.3246
0
VERTEX
8
CUT
10
187.2798
20
42.3679
0
VERTEX
8
CUT
10
187.2960
20
42.3904
0
VERTEX
8
CUT
10
187.3979
20
42.5393
0
VERTEX
8
CUT
10
187.4131
20
42.5626
0
VERTEX
8
CUT
10
187.4416
20
42.6088
0
VERTEX
8
CUT
10
187.4488
20
42.6207
0
VERTEX
8
CUT
10
187.4945
20
42.6985
0
VERTEX
8
CUT
10
187.5014
20
42.7106
0
VERTEX
8
CUT
10
188.6269
20
44.7335
0
VERTEX
8
CUT
10
188.6368
20
44.7520
0
VERTEX
8
CUT
10
188.6987
20
44.8730
0
VERTEX
8
CUT
10
188.7079
20
44.8918
0
VERTEX
8
CUT
10
188.7802
20
45.0463
0
VERTEX
8
CUT
10
188.7888
20
45.0653
0
VERTEX
8
CUT
10
188.8421
20
45.1904
0
VERTEX
8
CUT
10
188.8500
20
45.2098
0
VERTEX
8
CUT
10
189.4410
20
46.7416
0
VERTEX
8
CUT
10
189.4486
20
46.7623
0
VERTEX
8
CUT
10
189.4952
20
46.8979
0
VERTEX
8
CUT
10
189.5020
20
46.9189
0
VERTEX
8
CUT
10
189.5542
20
47.0909
0
VERTEX
8
CUT
10
189.5602
20
47.1121
0
VERTEX
8
CUT
10
189.5968
20
47.2508
0
VERTEX
8
CUT
10
189.6020
20
47.2722
0
VERTEX
8
CUT
10
190.8125
20
52.6563
0
VERTEX
8
CUT
10
190.8147
20
52.6665
0
VERTEX
8
CUT
10
190.8295
20
52.7380
0
VERTEX
8
CUT
10
190.8317
20
52.7491
0
VERTEX
8
CUT
10
190.8484
20
52.8385
0
VERTEX
8
CUT
10
190.8503
20
52.8494
0
VERTEX
8
CUT
10
190.8622
20
52.9203
0
VERTEX
8
CUT
10
190.8641
20
52.9319
0
VERTEX
8
CUT
10
192.4438
20
63.6122
0
VERTEX
8
CUT
10
192.4445
20
63.6173
0
VERTEX
8
CUT
10
192.4464
20
63.6291
0
VERTEX
8
CUT
10
192.4472
20
63.6342
0
VERTEX
8
CUT
10
192.4490
20
63.6460
0
VERTEX
8
CUT
10
192.4501
20
63.6523
0
VERTEX
8
CUT
10
192.4525
20
63.6670
0
VERTEX
8
CUT
10
192.4536
20
63.6733
0
VERTEX
8
CUT
10
192.4555
20
63.6843
0
VERTEX
8
CUT
10
192.4566
20
63.6905
0
VERTEX
8
CUT
10
192.4592
20
63.7048
0
VERTEX
8
CUT
10
192.4602
20
63.7102
0
VERTEX
8
CUT
10
192.4625
20
63.7222
0
VERTEX
8
CUT
10
192.4658
20
63.7389
0
VERTEX
8
CUT
10
192.4673
20
63.7462
0
VERTEX
8
CUT
10
193.4594
20
68.5684
0
VERTEX
8
CUT
10
193.4615
20
68.5785
0
VERTEX
8
CUT
10
193.4667
20
68.6021
0
VERTEX
8
CUT
10
193.4689
20
68.6122
0
VERTEX
8
CUT
10
193.4717
20
68.6244
0
VERTEX
8
CUT
10
193.4741
20
68.6344
0
VERTEX
8
CUT
10
193.4798
20
68.6578
0
VERTEX
8
CUT
10
193.4822
20
68.6678
0
VERTEX
8
CUT
10
193.4867
20
68.6855
0
VERTEX
8
CUT
10
193.4893
20
68.6955
0
VERTEX
8
CUT
10
193.4955
20
68.7187
0
VERTEX
8
CUT
10
193.4982
20
68.7287
0
VERTEX
8
CUT
10
193.5016
20
68.7408
0
VERTEX
8
CUT
10
193.5044
20
68.7507
0
VERTEX
8
CUT
10
193.5112
20
68.7738
0
VERTEX
8
CUT
10
193.5141
20
68.7837
0
VERTEX
8
CUT
10
194.6474
20
72.5187
0
VERTEX
8
CUT
10
194.6512
20
72.5310
0
VERTEX
8
CUT
10
194.6603
20
72.5596
0
VERTEX
8
CUT
10
194.6643
20
72.5718
0
VERTEX
8
CUT
10
194.6693
20
72.5867
0
VERTEX
8
CUT
10
194.6735
20
72.5989
0
VERTEX
8
CUT
10
194.6835
20
72.6273
0
VERTEX
8
CUT
10
194.6878
20
72.6394
0
VERTEX
8
CUT
10
194.6957
20
72.6608
0
VERTEX
8
CUT
10
194.7002
20
72.6729
0
VERTEX
8
CUT
10
194.7110
20
72.7010
0
VERTEX
8
CUT
10
194.7157
20
72.7129
0
VERTEX
8
CUT
10
194.7215
20
72.7275
0
VERTEX
8
CUT
10
194.7264
20
72.7395
0
VERTEX
8
CUT
10
194.7379
20
72.7672
0
VERTEX
8
CUT
10
194.7430
20
72.7791
0
VERTEX
8
CUT
10
196.1783
20
76.0895
0
VERTEX
8
CUT
10
196.1810
20
76.0957
0
VERTEX
8
CUT
10
196.1874
20
76.1102
0
VERTEX
8
CUT
10
196.1902
20
76.1164
0
VERTEX
8
CUT
10
196.1914
20
76.1190
0
VERTEX
8
CUT
10
196.2027
20
76.1430
0
VERTEX
8
CUT
10
196.2298
20
76.1987
0
VERTEX
8
CUT
10
196.2395
20
76.2180
0
VERTEX
8
CUT
10
196.2557
20
76.2476
0
VERTEX
8
CUT
10
196.2941
20
76.3145
0
VERTEX
8
CUT
10
196.3112
20
76.3431
0
VERTEX
8
CUT
10
198.6406
20
80.0821
0
VERTEX
8
CUT
10
198.6454
20
80.0898
0
VERTEX
8
CUT
10
198.6535
20
80.1024
0
VERTEX
8
CUT
10
198.6735
20
80.1325
0
VERTEX
8
CUT
10
198.7084
20
80.1827
0
VERTEX
8
CUT
10
198.7241
20
80.2046
0
VERTEX
8
CUT
10
198.7259
20
80.2070
0
VERTEX
8
CUT
10
198.7423
20
80.2285
0
VERTEX
8
CUT
10
198.7802
20
80.2765
0
VERTEX
8
CUT
10
198.8031
20
80.3044
0
VERTEX
8
CUT
10
198.8128
20
80.3158
0
VERTEX
8
CUT
10
198.8187
20
80.3226
0
VERTEX
8
CUT
10
201.8394
20
83.7829
0
VERTEX
8
CUT
10
201.8440
20
83.7882
0
VERTEX
8
CUT
10
201.8548
20
83.8004
0
VERTEX
8
CUT
10
201.8595
20
83.8056
0
VERTEX
8
CUT
10
201.8615
20
83.8078
0
VERTEX
8
CUT
10
201.8801
20
83.8279
0
VERTEX
8
CUT
10
201.9243
20
83.8740
0
VERTEX
8
CUT
10
201.9399
20
83.8898
0
VERTEX
8
CUT
10
201.9651
20
83.9138
0
VERTEX
8
CUT
10
202.0239
20
83.9673
0
VERTEX
8
CUT
10
202.0497
20
83.9899
0
VERTEX
8
CUT
10
205.5862
20
86.9716
0
VERTEX
8
CUT
10
205.5982
20
86.9815
0
VERTEX
8
CUT
10
205.6263
20
87.0044
0
VERTEX
8
CUT
10
205.6384
20
87.0141
0
VERTEX
8
CUT
10
205.6532
20
87.0257
0
VERTEX
8
CUT
10
205.6654
20
87.0352
0
VERTEX
8
CUT
10
205.6942
20
87.0570
0
VERTEX
8
CUT
10
205.7066
20
87.0663
0
VERTEX
8
CUT
10
205.7287
20
87.0824
0
VERTEX
8
CUT
10
205.7413
20
87.0915
0
VERTEX
8
CUT
10
205.7709
20
87.1123
0
VERTEX
8
CUT
10
205.7836
20
87.1211
0
VERTEX
8
CUT
10
205.7992
20
87.1317
0
VERTEX
8
CUT
10
205.8121
20
87.1403
0
VERTEX
8
CUT
10
205.8423
20
87.1602
0
VERTEX
8
CUT
10
205.8554
20
87.1685
0
VERTEX
8
CUT
10
211.0933
20
90.4723
0
VERTEX
8
CUT
10
211.1070
20
90.4812
0
VERTEX
8
CUT
10
211.1953
20
90.5403
0
VERTEX
8
CUT
10
211.2088
20
90.5496
0
VERTEX
8
CUT
10
211.2608
20
90.5865
0
VERTEX
8
CUT
10
211.2870
20
90.6062
0
VERTEX
8
CUT
10
211.4510
20
90.7366
0
VERTEX
8
CUT
10
211.4998
20
90.7800
0
VERTEX
8
CUT
10
211.6466
20
90.9254
0
VERTEX
8
CUT
10
211.6905
20
90.9739
0
VERTEX
8
CUT
10
211.8224
20
91.1367
0
VERTEX
8
CUT
10
211.8423
20
91.1627
0
VERTEX
8
CUT
10
211.8797
20
91.2144
0
VERTEX
8
CUT
10
211.8891
20
91.2277
0
VERTEX
8
CUT
10
211.9491
20
91.3155
0
VERTEX
8
CUT
10
211.9581
20
91.3291
0
VERTEX
8
CUT
10
214.2213
20
94.8449
0
VERTEX
8
CUT
10
214.2271
20
94.8541
0
VERTEX
8
CUT
10
214.2671
20
94.9187
0
VERTEX
8
CUT
10
214.2729
20
94.9284
0
VERTEX
8
CUT
10
214.2983
20
94.9712
0
VERTEX
8
CUT
10
214.3102
20
94.9921
0
VERTEX
8
CUT
10
214.3812
20
95.1238
0
VERTEX
8
CUT
10
214.3918
20
95.1443
0
VERTEX
8
CUT
10
214.4095
20
95.1803
0
VERTEX
8
CUT
10
214.4142
20
95.1901
0
VERTEX
8
CUT
10
214.4460
20
95.2581
0
VERTEX
8
CUT
10
214.4511
20
95.2692
0
VERTEX
8
CUT
10
216.4907
20
99.8616
0
VERTEX
8
CUT
10
216.4911
20
99.8626
0
VERTEX
8
CUT
10
216.4952
20
99.8720
0
VERTEX
8
CUT
10
216.5231
20
99.9379
0
VERTEX
8
CUT
10
216.5273
20
99.9480
0
VERTEX
8
CUT
10
216.5582
20
100.0249
0
VERTEX
8
CUT
10
216.5703
20
100.0536
0
VERTEX
8
CUT
10
216.6060
20
100.1340
0
VERTEX
8
CUT
10
216.6464
20
100.2142
0
VERTEX
8
CUT
10
216.6769
20
100.2678
0
VERTEX
8
CUT
10
216.7265
20
100.3455
0
VERTEX
8
CUT
10
216.7621
20
100.3954
0
VERTEX
8
CUT
10
216.8193
20
100.4676
0
VERTEX
8
CUT
10
216.8598
20
100.5136
0
VERTEX
8
CUT
10
216.9241
20
100.5795
0
VERTEX
8
CUT
10
216.9691
20
100.6212
0
VERTEX
8
CUT
10
217.0399
20
100.6802
0
VERTEX
8
CUT
10
217.1073
20
100.7309
0
VERTEX
8
CUT
10
217.1449
20
100.7576
0
VERTEX
8
CUT
10
217.7524
20
101.1670
0
VERTEX
8
CUT
10
217.7636
20
101.1747
0
VERTEX
8
CUT
10
217.8358
20
101.2258
0
VERTEX
8
CUT
10
217.8468
20
101.2338
0
VERTEX
8
CUT
10
217.9360
20
101.3000
0
VERTEX
8
CUT
10
217.9468
20
101.3082
0
VERTEX
8
CUT
10
218.0166
20
101.3625
0
VERTEX
8
CUT
10
218.0273
20
101.3710
0
VERTEX
8
CUT
10
218.8496
20
102.0411
0
VERTEX
8
CUT
10
218.8640
20
102.0532
0
VERTEX
8
CUT
10
218.9568
20
102.1338
0
VERTEX
8
CUT
10
218.9709
20
102.1465
0
VERTEX
8
CUT
10
219.0841
20
102.2512
0
VERTEX
8
CUT
10
219.0977
20
102.2643
0
VERTEX
8
CUT
10
219.1852
20
102.3506
0
VERTEX
8
CUT
10
219.1985
20
102.3640
0
VERTEX
8
CUT
10
220.9406
20
104.1934
0
VERTEX
8
CUT
10
220.9555
20
104.2096
0
VERTEX
8
CUT
10
221.0505
20
104.3171
0
VERTEX
8
CUT
10
221.0648
20
104.3339
0
VERTEX
8
CUT
10
221.1790
20
104.4729
0
VERTEX
8
CUT
10
221.1927
20
104.4902
0
VERTEX
8
CUT
10
221.2795
20
104.6044
0
VERTEX
8
CUT
10
221.2926
20
104.6222
0
VERTEX
8
CUT
10
222.6949
20
106.6125
0
VERTEX
8
CUT
10
222.7055
20
106.6280
0
VERTEX
8
CUT
10
222.7725
20
106.7296
0
VERTEX
8
CUT
10
222.7825
20
106.7454
0
VERTEX
8
CUT
10
222.8625
20
106.8755
0
VERTEX
8
CUT
10
222.8721
20
106.8916
0
VERTEX
8
CUT
10
222.9326
20
106.9973
0
VERTEX
8
CUT
10
222.9417
20
107.0137
0
VERTEX
8
CUT
10
223.3380
20
107.7587
0
VERTEX
8
CUT
10
223.3445
20
107.7713
0
VERTEX
8
CUT
10
223.3858
20
107.8536
0
VERTEX
8
CUT
10
223.3920
20
107.8663
0
VERTEX
8
CUT
10
223.4157
20
107.9164
0
VERTEX
8
CUT
10
223.4272
20
107.9423
0
VERTEX
8
CUT
10
223.4980
20
108.1123
0
VERTEX
8
CUT
10
223.5082
20
108.1387
0
VERTEX
8
CUT
10
223.5271
20
108.1908
0
VERTEX
8
CUT
10
223.5317
20
108.2041
0
VERTEX
8
CUT
10
223.5610
20
108.2915
0
VERTEX
8
CUT
10
223.5654
20
108.3050
0
VERTEX
8
CUT
10
224.0582
20
109.8985
0
VERTEX
8
CUT
10
224.0620
20
109.9112
0
VERTEX
8
CUT
10
224.0856
20
109.9943
0
VERTEX
8
CUT
10
224.0892
20
110.0071
0
VERTEX
8
CUT
10
224.1023
20
110.0573
0
VERTEX
8
CUT
10
224.1084
20
110.0831
0
VERTEX
8
CUT
10
224.1442
20
110.2497
0
VERTEX
8
CUT
10
224.1530
20
110.3021
0
VERTEX
8
CUT
10
224.1738
20
110.4711
0
VERTEX
8
CUT
10
224.1765
20
110.4976
0
VERTEX
8
CUT
10
224.1806
20
110.5493
0
VERTEX
8
CUT
10
224.1815
20
110.5626
0
VERTEX
8
CUT
10
224.1863
20
110.6488
0
VERTEX
8
CUT
10
224.1869
20
110.6621
0
VERTEX
8
CUT
10
224.2412
20
112.2479
0
VERTEX
8
CUT
10
224.2415
20
112.2660
0
VERTEX
8
CUT
10
224.2420
20
112.3836
0
VERTEX
8
CUT
10
224.2418
20
112.4017
0
VERTEX
8
CUT
10
224.2400
20
112.4722
0
VERTEX
8
CUT
10
224.2379
20
112.5084
0
VERTEX
8
CUT
10
224.2176
20
112.7425
0
VERTEX
8
CUT
10
224.2134
20
112.7785
0
VERTEX
8
CUT
10
224.2031
20
112.8483
0
VERTEX
8
CUT
10
224.2002
20
112.8661
0
VERTEX
8
CUT
10
224.1795
20
112.9819
0
VERTEX
8
CUT
10
224.1760
20
112.9997
0
VERTEX
8
CUT
10
223.8722
20
114.4452
0
VERTEX
8
CUT
10
223.8690
20
114.4596
0
VERTEX
8
CUT
10
223.8470
20
114.5529
0
VERTEX
8
CUT
10
223.8434
20
114.5672
0
VERTEX
8
CUT
10
223.8288
20
114.6230
0
VERTEX
8
CUT
10
223.8206
20
114.6513
0
VERTEX
8
CUT
10
223.7638
20
114.8317
0
VERTEX
8
CUT
10
223.7433
20
114.8870
0
VERTEX
8
CUT
10
223.6690
20
115.0609
0
VERTEX
8
CUT
10
223.6567
20
115.0877
0
VERTEX
8
CUT
10
223.6315
20
115.1395
0
VERTEX
8
CUT
10
223.6249
20
115.1527
0
VERTEX
8
CUT
10
223.5808
20
115.2379
0
VERTEX
8
CUT
10
223.5738
20
115.2509
0
VERTEX
8
CUT
10
223.0000
20
116.2957
0
VERTEX
8
CUT
10
222.9922
20
116.3095
0
VERTEX
8
CUT
10
222.9403
20
116.3983
0
VERTEX
8
CUT
10
222.9321
20
116.4119
0
VERTEX
8
CUT
10
222.8996
20
116.4644
0
VERTEX
8
CUT
10
222.8822
20
116.4909
0
VERTEX
8
CUT
10
222.7663
20
116.6574
0
VERTEX
8
CUT
10
222.7275
20
116.7074
0
VERTEX
8
CUT
10
222.5947
20
116.8609
0
VERTEX
8
CUT
10
222.5733
20
116.8843
0
VERTEX
8
CUT
10
222.5305
20
116.9288
0
VERTEX
8
CUT
10
222.5193
20
116.9401
0
VERTEX
8
CUT
10
222.4460
20
117.0123
0
VERTEX
8
CUT
10
222.4346
20
117.0233
0
VERTEX
8
CUT
10
221.8981
20
117.5249
0
VERTEX
8
CUT
10
221.8864
20
117.5356
0
VERTEX
8
CUT
10
221.8096
20
117.6037
0
VERTEX
8
CUT
10
221.7976
20
117.6140
0
VERTEX
8
CUT
10
221.7504
20
117.6538
0
VERTEX
8
CUT
10
221.7256
20
117.6735
0
VERTEX
8
CUT
10
221.5640
20
117.7955
0
VERTEX
8
CUT
10
221.5116
20
117.8308
0
VERTEX
8
CUT
10
221.3380
20
117.9351
0
VERTEX
8
CUT
10
221.3104
20
117.9507
0
VERTEX
8
CUT
10
221.2560
20
117.9797
0
VERTEX
8
CUT
10
221.2419
20
117.9869
0
VERTEX
8
CUT
10
221.1499
20
118.0327
0
VERTEX
8
CUT
10
221.1357
20
118.0395
0
VERTEX
8
CUT
10
220.5068
20
118.3323
0
VERTEX
8
CUT
10
220.4933
20
118.3384
0
VERTEX
8
CUT
10
220.4049
20
118.3769
0
VERTEX
8
CUT
10
220.3913
20
118.3826
0
VERTEX
8
CUT
10
220.3376
20
118.4044
0
VERTEX
8
CUT
10
220.3099
20
118.4149
0
VERTEX
8
CUT
10
220.1305
20
118.4777
0
VERTEX
8
CUT
10
220.0736
20
118.4945
0
VERTEX
8
CUT
10
219.8914
20
118.5387
0
VERTEX
8
CUT
10
219.8331
20
118.5498
0
VERTEX
8
CUT
10
219.6449
20
118.5762
0
VERTEX
8
CUT
10
219.6154
20
118.5796
0
VERTEX
8
CUT
10
219.5578
20
118.5847
0
VERTEX
8
CUT
10
219.5430
20
118.5859
0
VERTEX
8
CUT
10
219.4468
20
118.5921
0
VERTEX
8
CUT
10
219.4320
20
118.5929
0
VERTEX
8
CUT
10
219.0875
20
118.6067
0
VERTEX
8
CUT
10
219.0705
20
118.6072
0
VERTEX
8
CUT
10
218.9595
20
118.6085
0
VERTEX
8
CUT
10
218.9425
20
118.6084
0
VERTEX
8
CUT
10
218.8759
20
118.6073
0
VERTEX
8
CUT
10
218.8418
20
118.6058
0
VERTEX
8
CUT
10
218.6206
20
118.5894
0
VERTEX
8
CUT
10
218.5866
20
118.5860
0
VERTEX
8
CUT
10
218.5206
20
118.5773
0
VERTEX
8
CUT
10
218.5037
20
118.5748
0
VERTEX
8
CUT
10
218.3942
20
118.5572
0
VERTEX
8
CUT
10
218.3774
20
118.5543
0
VERTEX
8
CUT
10
215.4435
20
117.9976
0
VERTEX
8
CUT
10
215.4292
20
117.9947
0
VERTEX
8
CUT
10
215.3364
20
117.9748
0
VERTEX
8
CUT
10
215.3221
20
117.9715
0
VERTEX
8
CUT
10
215.2667
20
117.9582
0
VERTEX
8
CUT
10
215.2385
20
117.9506
0
VERTEX
8
CUT
10
215.0588
20
117.8980
0
VERTEX
8
CUT
10
215.0036
20
117.8789
0
VERTEX
8
CUT
10
214.8323
20
117.8100
0
VERTEX
8
CUT
10
214.7792
20
117.7856
0
VERTEX
8
CUT
10
214.6154
20
117.7004
0
VERTEX
8
CUT
10
214.5650
20
117.6709
0
VERTEX
8
CUT
10
214.4102
20
117.5702
0
VERTEX
8
CUT
10
214.3629
20
117.5360
0
VERTEX
8
CUT
10
214.2186
20
117.4207
0
VERTEX
8
CUT
10
214.1748
20
117.3820
0
VERTEX
8
CUT
10
214.0425
20
117.2533
0
VERTEX
8
CUT
10
214.0027
20
117.2105
0
VERTEX
8
CUT
10
213.8835
20
117.0695
0
VERTEX
8
CUT
10
213.8480
20
117.0231
0
VERTEX
8
CUT
10
213.7431
20
116.8711
0
VERTEX
8
CUT
10
213.7123
20
116.8215
0
VERTEX
8
CUT
10
213.6227
20
116.6601
0
VERTEX
8
CUT
10
213.5969
20
116.6077
0
VERTEX
8
CUT
10
213.5233
20
116.4383
0
VERTEX
8
CUT
10
213.5027
20
116.3836
0
VERTEX
8
CUT
10
213.4460
20
116.2079
0
VERTEX
8
CUT
10
213.4308
20
116.1515
0
VERTEX
8
CUT
10
213.3909
20
115.9686
0
VERTEX
8
CUT
10
213.3854
20
115.9399
0
VERTEX
8
CUT
10
213.3760
20
115.8836
0
VERTEX
8
CUT
10
213.3738
20
115.8692
0
VERTEX
8
CUT
10
213.3604
20
115.7752
0
VERTEX
8
CUT
10
213.3585
20
115.7607
0
VERTEX
8
CUT
10
213.0013
20
112.7295
0
VERTEX
8
CUT
10
213.0007
20
112.7246
0
VERTEX
8
CUT
10
212.9997
20
112.7166
0
VERTEX
8
CUT
10
212.9965
20
112.6928
0
VERTEX
8
CUT
10
212.9900
20
112.6499
0
VERTEX
8
CUT
10
212.9870
20
112.6311
0
VERTEX
8
CUT
10
212.9838
20
112.6128
0
VERTEX
8
CUT
10
212.9828
20
112.6070
0
VERTEX
8
CUT
10
212.9820
20
112.6028
0
VERTEX
8
CUT
10
212.9773
20
112.5784
0
VERTEX
8
CUT
10
212.9678
20
112.5326
0
VERTEX
8
CUT
10
212.9633
20
112.5123
0
VERTEX
8
CUT
10
212.0562
20
108.6016
0
VERTEX
8
CUT
10
212.0550
20
108.5965
0
VERTEX
8
CUT
10
212.0531
20
108.5883
0
VERTEX
8
CUT
10
212.0469
20
108.5638
0
VERTEX
8
CUT
10
212.0381
20
108.5311
0
VERTEX
8
CUT
10
212.0186
20
108.4679
0
VERTEX
8
CUT
10
211.9925
20
108.3928
0
VERTEX
8
CUT
10
211.9577
20
108.3074
0
VERTEX
8
CUT
10
211.9316
20
108.2517
0
VERTEX
8
CUT
10
211.8882
20
108.1702
0
VERTEX
8
CUT
10
211.8566
20
108.1176
0
VERTEX
8
CUT
10
211.8051
20
108.0410
0
VERTEX
8
CUT
10
211.7682
20
107.9918
0
VERTEX
8
CUT
10
211.7091
20
107.9209
0
VERTEX
8
CUT
10
211.6517
20
107.8588
0
VERTEX
8
CUT
10
211.6195
20
107.8257
0
VERTEX
8
CUT
10
210.6250
20
106.8544
0
VERTEX
8
CUT
10
210.6138
20
106.8437
0
VERTEX
8
CUT
10
210.5877
20
106.8191
0
VERTEX
8
CUT
10
210.5764
20
106.8086
0
VERTEX
8
CUT
10
210.5625
20
106.7959
0
VERTEX
8
CUT
10
210.5511
20
106.7857
0
VERTEX
8
CUT
10
210.5241
20
106.7619
0
VERTEX
8
CUT
10
210.5125
20
106.7518
0
VERTEX
8
CUT
10
210.4917
20
106.7342
0
VERTEX
8
CUT
10
210.4799
20
106.7243
0
VERTEX
8
CUT
10
210.4522
20
106.7015
0
VERTEX
8
CUT
10
210.4402
20
106.6918
0
VERTEX
8
CUT
10
210.4255
20
106.6801
0
VERTEX
8
CUT
10
210.4133
20
106.6707
0
VERTEX
8
CUT
10
210.3848
20
106.6488
0
VERTEX
8
CUT
10
210.3725
20
106.6396
0
VERTEX
8
CUT
10
205.6524
20
103.1497
0
VERTEX
8
CUT
10
205.6415
20
103.1418
0
VERTEX
8
CUT
10
205.6160
20
103.1235
0
VERTEX
8
CUT
10
205.6050
20
103.1158
0
VERTEX
8
CUT
10
205.5915
20
103.1064
0
VERTEX
8
CUT
10
205.5804
20
103.0988
0
VERTEX
8
CUT
10
205.5544
20
103.0813
0
VERTEX
8
CUT
10
205.5432
20
103.0739
0
VERTEX
8
CUT
10
205.5232
20
103.0609
0
VERTEX
8
CUT
10
205.5119
20
103.0537
0
VERTEX
8
CUT
10
205.4853
20
103.0369
0
VERTEX
8
CUT
10
205.4739
20
103.0299
0
VERTEX
8
CUT
10
205.4599
20
103.0213
0
VERTEX
8
CUT
10
205.4483
20
103.0144
0
VERTEX
8
CUT
10
205.4213
20
102.9985
0
VERTEX
8
CUT
10
205.4096
20
102.9917
0
VERTEX
8
CUT
10
194.9768
20
97.0586
0
VERTEX
8
CUT
10
194.9699
20
97.0547
0
VERTEX
8
CUT
10
194.9223
20
97.0268
0
VERTEX
8
CUT
10
194.9150
20
97.0224
0
VERTEX
8
CUT
10
194.8562
20
96.9868
0
VERTEX
8
CUT
10
194.8491
20
96.9825
0
VERTEX
8
CUT
10
194.8031
20
96.9537
0
VERTEX
8
CUT
10
194.7956
20
96.9489
0
VERTEX
8
CUT
10
191.4136
20
94.7659
0
VERTEX
8
CUT
10
191.3971
20
94.7549
0
VERTEX
8
CUT
10
191.2911
20
94.6814
0
VERTEX
8
CUT
10
191.2750
20
94.6699
0
VERTEX
8
CUT
10
191.1452
20
94.5733
0
VERTEX
8
CUT
10
191.1295
20
94.5612
0
VERTEX
8
CUT
10
191.0286
20
94.4809
0
VERTEX
8
CUT
10
191.0133
20
94.4683
0
VERTEX
8
CUT
10
189.6041
20
93.2680
0
VERTEX
8
CUT
10
189.5898
20
93.2555
0
VERTEX
8
CUT
10
189.4986
20
93.1727
0
VERTEX
8
CUT
10
189.4847
20
93.1597
0
VERTEX
8
CUT
10
189.3736
20
93.0522
0
VERTEX
8
CUT
10
189.3601
20
93.0388
0
VERTEX
8
CUT
10
189.2743
20
92.9503
0
VERTEX
8
CUT
10
189.2613
20
92.9365
0
VERTEX
8
CUT
10
187.5155
20
91.0201
0
VERTEX
8
CUT
10
187.5045
20
91.0077
0
VERTEX
8
CUT
10
187.4340
20
90.9259
0
VERTEX
8
CUT
10
187.4233
20
90.9132
0
VERTEX
8
CUT
10
187.3824
20
90.8629
0
VERTEX
8
CUT
10
187.3622
20
90.8366
0
VERTEX
8
CUT
10
187.2354
20
90.6620
0
VERTEX
8
CUT
10
187.2166
20
90.6346
0
VERTEX
8
CUT
10
187.1815
20
90.5801
0
VERTEX
8
CUT
10
187.1727
20
90.5660
0
VERTEX
8
CUT
10
187.1167
20
90.4737
0
VERTEX
8
CUT
10
187.1083
20
90.4594
0
VERTEX
8
CUT
10
185.7378
20
88.0512
0
VERTEX
8
CUT
10
185.7291
20
88.0352
0
VERTEX
8
CUT
10
185.6735
20
87.9302
0
VERTEX
8
CUT
10
185.6652
20
87.9139
0
VERTEX
8
CUT
10
185.6338
20
87.8499
0
VERTEX
8
CUT
10
185.6187
20
87.8167
0
VERTEX
8
CUT
10
185.5272
20
87.5976
0
VERTEX
8
CUT
10
185.5142
20
87.5635
0
VERTEX
8
CUT
10
185.4908
20
87.4962
0
VERTEX
8
CUT
10
185.4850
20
87.4788
0
VERTEX
8
CUT
10
185.4495
20
87.3655
0
VERTEX
8
CUT
10
185.4443
20
87.3480
0
VERTEX
8
CUT
10
185.1679
20
86.3636
0
VERTEX
8
CUT
10
185.1645
20
86.3509
0
VERTEX
8
CUT
10
185.1432
20
86.2681
0
VERTEX
8
CUT
10
185.1401
20
86.2553
0
VERTEX
8
CUT
10
185.1284
20
86.2052
0
VERTEX
8
CUT
10
185.1229
20
86.1795
0
VERTEX
8
CUT
10
185.0913
20
86.0114
0
VERTEX
8
CUT
10
185.0870
20
85.9855
0
VERTEX
8
CUT
10
185.0798
20
85.9346
0
VERTEX
8
CUT
10
185.0780
20
85.9215
0
VERTEX
8
CUT
10
185.0678
20
85.8366
0
VERTEX
8
CUT
10
185.0664
20
85.8235
0
VERTEX
8
CUT
10
184.9564
20
84.7073
0
VERTEX
8
CUT
10
184.9550
20
84.6907
0
VERTEX
8
CUT
10
184.9474
20
84.5832
0
VERTEX
8
CUT
10
184.9465
20
84.5666
0
VERTEX
8
CUT
10
184.9437
20
84.5019
0
VERTEX
8
CUT
10
184.9432
20
84.4688
0
VERTEX
8
CUT
10
184.9459
20
84.2533
0
VERTEX
8
CUT
10
184.9472
20
84.2201
0
VERTEX
8
CUT
10
184.9516
20
84.1556
0
VERTEX
8
CUT
10
184.9529
20
84.1390
0
VERTEX
8
CUT
10
184.9632
20
84.0317
0
VERTEX
8
CUT
10
184.9650
20
84.0152
0
VERTEX
8
CUT
10
185.3758
20
80.6927
0
VERTEX
8
CUT
10
185.3787
20
80.6721
0
VERTEX
8
CUT
10
185.4000
20
80.5386
0
VERTEX
8
CUT
10
185.4036
20
80.5181
0
VERTEX
8
CUT
10
185.4360
20
80.3517
0
VERTEX
8
CUT
10
185.4403
20
80.3314
0
VERTEX
8
CUT
10
185.4708
20
80.1997
0
VERTEX
8
CUT
10
185.4758
20
80.1795
0
VERTEX
8
CUT
10
186.7458
20
75.4379
0
VERTEX
8
CUT
10
186.7484
20
75.4278
0
VERTEX
8
CUT
10
186.7527
20
75.4111
0
VERTEX
8
CUT
10
186.7621
20
75.3706
0
VERTEX
8
CUT
10
186.7763
20
75.3016
0
VERTEX
8
CUT
10
186.7821
20
75.2709
0
VERTEX
8
CUT
10
186.7827
20
75.2677
0
VERTEX
8
CUT
10
186.7874
20
75.2368
0
VERTEX
8
CUT
10
186.7968
20
75.1670
0
VERTEX
8
CUT
10
186.8015
20
75.1257
0
VERTEX
8
CUT
10
186.8030
20
75.1085
0
VERTEX
8
CUT
10
186.8038
20
75.0981
0
VERTEX
8
CUT
10
186.9873
20
72.7152
0
VERTEX
8
CUT
10
186.9882
20
72.7031
0
VERTEX
8
CUT
10
186.9900
20
72.6749
0
VERTEX
8
CUT
10
186.9907
20
72.6628
0
VERTEX
8
CUT
10
186.9914
20
72.6481
0
VERTEX
8
CUT
10
186.9919
20
72.6360
0
VERTEX
8
CUT
10
186.9929
20
72.6077
0
VERTEX
8
CUT
10
186.9933
20
72.5956
0
VERTEX
8
CUT
10
186.9938
20
72.5742
0
VERTEX
8
CUT
10
186.9940
20
72.5621
0
VERTEX
8
CUT
10
186.9943
20
72.5338
0
VERTEX
8
CUT
10
186.9943
20
72.5217
0
VERTEX
8
CUT
10
186.9942
20
72.5069
0
VERTEX
8
CUT
10
186.9941
20
72.4948
0
VERTEX
8
CUT
10
186.9936
20
72.4666
0
VERTEX
8
CUT
10
186.9933
20
72.4545
0
VERTEX
8
CUT
10
186.9389
20
70.6868
0
VERTEX
8
CUT
10
186.9384
20
70.6751
0
VERTEX
8
CUT
10
186.9376
20
70.6557
0
VERTEX
8
CUT
10
186.9343
20
70.6092
0
VERTEX
8
CUT
10
186.9268
20
70.5304
0
VERTEX
8
CUT
10
186.9227
20
70.4956
0
VERTEX
8
CUT
10
186.9223
20
70.4920
0
VERTEX
8
CUT
10
186.9169
20
70.4574
0
VERTEX
8
CUT
10
186.9032
20
70.3795
0
VERTEX
8
CUT
10
186.8940
20
70.3337
0
VERTEX
8
CUT
10
186.8896
20
70.3148
0
VERTEX
8
CUT
10
186.8870
20
70.3034
0
VERTEX
8
CUT
10
186.6449
20
69.3073
0
VERTEX
8
CUT
10
186.6416
20
69.2944
0
VERTEX
8
CUT
10
186.6361
20
69.2730
0
VERTEX
8
CUT
10
186.6213
20
69.2220
0
VERTEX
8
CUT
10
186.5936
20
69.1363
0
VERTEX
8
CUT
10
186.5805
20
69.0987
0
VERTEX
8
CUT
10
186.5791
20
69.0949
0
VERTEX
8
CUT
10
186.5644
20
69.0578
0
VERTEX
8
CUT
10
186.5293
20
68.9749
0
VERTEX
8
CUT
10
186.5071
20
68.9266
0
VERTEX
8
CUT
10
186.4973
20
68.9069
0
VERTEX
8
CUT
10
186.4913
20
68.8950
0
VERTEX
8
CUT
10
185.6097
20
67.1796
0
VERTEX
8
CUT
10
185.6048
20
67.1701
0
VERTEX
8
CUT
10
185.5965
20
67.1543
0
VERTEX
8
CUT
10
185.5755
20
67.1169
0
VERTEX
8
CUT
10
185.5469
20
67.0686
0
VERTEX
8
CUT
10
185.5061
20
67.0057
0
VERTEX
8
CUT
10
185.4625
20
66.9443
0
VERTEX
8
CUT
10
185.4165
20
66.8850
0
VERTEX
8
CUT
10
185.3803
20
66.8421
0
VERTEX
8
CUT
10
185.3519
20
66.8100
0
VERTEX
8
CUT
10
185.3398
20
66.7970
0
VERTEX
8
CUT
10
185.3324
20
66.7892
0
VERTEX
8
CUT
10
183.8984
20
65.2821
0
VERTEX
8
CUT
10
183.8899
20
65.2733
0
VERTEX
8
CUT
10
183.8757
20
65.2587
0
VERTEX
8
CUT
10
183.8405
20
65.2247
0
VERTEX
8
CUT
10
183.7934
20
65.1814
0
VERTEX
8
CUT
10
183.7276
20
65.1266
0
VERTEX
8
CUT
10
183.6591
20
65.0749
0
VERTEX
8
CUT
10
183.5884
20
65.0266
0
VERTEX
8
CUT
10
183.5339
20
64.9930
0
VERTEX
8
CUT
10
183.4915
20
64.9685
0
VERTEX
8
CUT
10
183.4737
20
64.9588
0
VERTEX
8
CUT
10
183.4629
20
64.9530
0
VERTEX
8
CUT
10
181.7169
20
64.0354
0
VERTEX
8
CUT
10
181.7067
20
64.0301
0
VERTEX
8
CUT
10
181.6898
20
64.0215
0
VERTEX
8
CUT
10
181.6485
20
64.0018
0
VERTEX
8
CUT
10
181.5939
20
63.9774
0
VERTEX
8
CUT
10
181.5194
20
63.9480
0
VERTEX
8
CUT
10
181.4435
20
63.9219
0
VERTEX
8
CUT
10
181.3668
20
63.8992
0
VERTEX
8
CUT
10
181.3087
20
63.8848
0
VERTEX
8
CUT
10
181.2640
20
63.8750
0
VERTEX
8
CUT
10
181.2453
20
63.8714
0
VERTEX
8
CUT
10
181.2341
20
63.8693
0
VERTEX
8
CUT
10
179.0277
20
63.4703
0
VERTEX
8
CUT
10
179.0184
20
63.4687
0
VERTEX
8
CUT
10
179.0028
20
63.4660
0
VERTEX
8
CUT
10
178.9652
20
63.4605
0
VERTEX
8
CUT
10
178.9159
20
63.4542
0
VERTEX
8
CUT
10
178.8497
20
63.4483
0
VERTEX
8
CUT
10
178.7831
20
63.4448
0
VERTEX
8
CUT
10
178.7167
20
63.4438
0
VERTEX
8
CUT
10
178.6669
20
63.4449
0
VERTEX
8
CUT
10
178.6290
20
63.4465
0
VERTEX
8
CUT
10
178.6132
20
63.4475
0
VERTEX
8
CUT
10
178.6038
20
63.4481
0
VERTEX
8
CUT
10
176.2703
20
63.6218
0
VERTEX
8
CUT
10
176.2602
20
63.6226
0
VERTEX
8
CUT
10
176.2433
20
63.6241
0
VERTEX
8
CUT
10
176.2029
20
63.6285
0
VERTEX
8
CUT
10
176.1501
20
63.6354
0
VERTEX
8
CUT
10
176.0799
20
63.6475
0
VERTEX
8
CUT
10
176.0101
20
63.6623
0
VERTEX
8
CUT
10
175.9411
20
63.6799
0
VERTEX
8
CUT
10
175.8900
20
63.6951
0
VERTEX
8
CUT
10
175.8513
20
63.7076
0
VERTEX
8
CUT
10
175.8353
20
63.7131
0
VERTEX
8
CUT
10
175.8258
20
63.7165
0
VERTEX
8
CUT
10
173.7545
20
64.4620
0
VERTEX
8
CUT
10
173.7439
20
64.4659
0
VERTEX
8
CUT
10
173.7263
20
64.4725
0
VERTEX
8
CUT
10
173.6845
20
64.4894
0
VERTEX
8
CUT
10
173.6302
20
64.5128
0
VERTEX
8
CUT
10
173.5592
20
64.5473
0
VERTEX
8
CUT
10
173.4895
20
64.5851
0
VERTEX
8
CUT
10
173.4217
20
64.6257
0
VERTEX
8
CUT
10
173.3724
20
64.6583
0
VERTEX
8
CUT
10
173.3353
20
64.6841
0
VERTEX
8
CUT
10
173.3202
20
64.6952
0
VERTEX
8
CUT
10
173.3112
20
64.7019
0
VERTEX
8
CUT
10
171.3150
20
66.2088
0
VERTEX
8
CUT
10
171.3077
20
66.2143
0
VERTEX
8
CUT
10
171.2957
20
66.2236
0
VERTEX
8
CUT
10
171.2672
20
66.2465
0
VERTEX
8
CUT
10
171.2198
20
66.2862
0
VERTEX
8
CUT
10
171.1990
20
66.3041
0
VERTEX
8
CUT
10
171.1968
20
66.3061
0
VERTEX
8
CUT
10
171.1767
20
66.3246
0
VERTEX
8
CUT
10
171.1317
20
66.3672
0
VERTEX
8
CUT
10
171.1057
20
66.3928
0
VERTEX
8
CUT
10
171.0951
20
66.4037
0
VERTEX
8
CUT
10
171.0888
20
66.4103
0
VERTEX
8
CUT
10
171.0365
20
66.4651
0
VERTEX
8
CUT
10
171.0263
20
66.4756
0
VERTEX
8
CUT
10
170.9586
20
66.5431
0
VERTEX
8
CUT
10
170.9481
20
66.5534
0
VERTEX
8
CUT
10
170.9064
20
66.5929
0
VERTEX
8
CUT
10
170.8846
20
66.6127
0
VERTEX
8
CUT
10
170.7418
20
66.7357
0
VERTEX
8
CUT
10
170.6954
20
66.7718
0
VERTEX
8
CUT
10
170.5433
20
66.8787
0
VERTEX
8
CUT
10
170.4936
20
66.9102
0
VERTEX
8
CUT
10
170.3318
20
67.0017
0
VERTEX
8
CUT
10
170.2793
20
67.0281
0
VERTEX
8
CUT
10
170.1093
20
67.1034
0
VERTEX
8
CUT
10
170.0544
20
67.1245
0
VERTEX
8
CUT
10
169.8778
20
67.1828
0
VERTEX
8
CUT
10
169.8212
20
67.1985
0
VERTEX
8
CUT
10
169.6397
20
67.2392
0
VERTEX
8
CUT
10
169.5818
20
67.2492
0
VERTEX
8
CUT
10
169.3973
20
67.2719
0
VERTEX
8
CUT
10
169.3386
20
67.2763
0
VERTEX
8
CUT
10
169.1528
20
67.2808
0
VERTEX
8
CUT
10
169.0940
20
67.2794
0
VERTEX
8
CUT
10
168.9086
20
67.2658
0
VERTEX
8
CUT
10
168.8502
20
67.2586
0
VERTEX
8
CUT
10
168.6670
20
67.2268
0
VERTEX
8
CUT
10
168.6096
20
67.2140
0
VERTEX
8
CUT
10
168.4304
20
67.1645
0
VERTEX
8
CUT
10
168.3746
20
67.1460
0
VERTEX
8
CUT
10
168.2011
20
67.0792
0
VERTEX
8
CUT
10
168.1473
20
67.0554
0
VERTEX
8
CUT
10
167.9812
20
66.9719
0
VERTEX
8
CUT
10
167.9300
20
66.9430
0
VERTEX
8
CUT
10
167.7728
20
66.8436
0
VERTEX
8
CUT
10
167.7247
20
66.8098
0
VERTEX
8
CUT
10
167.5781
20
66.6956
0
VERTEX
8
CUT
10
167.5335
20
66.6572
0
VERTEX
8
CUT
10
167.3987
20
66.5291
0
VERTEX
8
CUT
10
167.3581
20
66.4866
0
VERTEX
8
CUT
10
167.2365
20
66.3459
0
VERTEX
8
CUT
10
167.2003
20
66.2996
0
VERTEX
8
CUT
10
167.0931
20
66.1478
0
VERTEX
8
CUT
10
167.0615
20
66.0981
0
VERTEX
8
CUT
10
166.9697
20
65.9365
0
VERTEX
8
CUT
10
166.9432
20
65.8840
0
VERTEX
8
CUT
10
166.8676
20
65.7141
0
VERTEX
8
CUT
10
166.8463
20
65.6593
0
VERTEX
8
CUT
10
166.7877
20
65.4829
0
VERTEX
8
CUT
10
166.7719
20
65.4262
0
VERTEX
8
CUT
10
166.7309
20
65.2449
0
VERTEX
8
CUT
10
166.7207
20
65.1870
0
VERTEX
8
CUT
10
166.6976
20
65.0025
0
VERTEX
8
CUT
10
166.6932
20
64.9438
0
VERTEX
8
CUT
10
166.6882
20
64.7580
0
VERTEX
8
CUT
10
166.6896
20
64.6992
0
VERTEX
8
CUT
10
166.7028
20
64.5138
0
VERTEX
8
CUT
10
166.7099
20
64.4554
0
SEQEND
0
POLYLINE
8
CUT
66
1
70
1
10
0.0
20
0.0
30
0.0
0
VERTEX
8
CUT
10
174.8253
20
29.8333
0
VERTEX
8
CUT
10
174.8380
20
29.7759
0
VERTEX
8
CUT
10
174.8871
20
29.5967
0
VERTEX
8
CUT
10
174.9054
20
29.5408
0
VERTEX
8
CUT
10
174.9719
20
29.3672
0
VERTEX
8
CUT
10
174.9955
20
29.3134
0
VERTEX
8
CUT
10
175.0786
20
29.1472
0
VERTEX
8
CUT
10
175.1075
20
29.0959
0
VERTEX
8
CUT
10
175.2078
20
28.9365
0
VERTEX
8
CUT
10
175.2241
20
28.9120
0
VERTEX
8
CUT
10
175.2570
20
28.8649
0
VERTEX
8
CUT
10
175.2656
20
28.8530
0
VERTEX
8
CUT
10
175.3222
20
28.7761
0
VERTEX
8
CUT
10
175.3311
20
28.7643
0
VERTEX
8
CUT
10
178.9140
20
24.1439
0
VERTEX
8
CUT
10
178.9279
20
24.1267
0
VERTEX
8
CUT
10
179.0199
20
24.0167
0
VERTEX
8
CUT
10
179.0344
20
24.0000
0
VERTEX
8
CUT
10
179.1548
20
23.8663
0
VERTEX
8
CUT
10
179.1699
20
23.8501
0
VERTEX
8
CUT
10
179.2698
20
23.7471
0
VERTEX
8
CUT
10
179.2854
20
23.7316
0
VERTEX
8
CUT
10
180.3264
20
22.7342
0
VERTEX
8
CUT
10
180.3381
20
22.7233
0
VERTEX
8
CUT
10
180.4149
20
22.6536
0
VERTEX
8
CUT
10
180.4268
20
22.6430
0
VERTEX
8
CUT
10
180.5255
20
22.5581
0
VERTEX
8
CUT
10
180.5377
20
22.5478
0
VERTEX
8
CUT
10
180.6181
20
22.4823
0
VERTEX
8
CUT
10
180.6306
20
22.4724
0
VERTEX
8
CUT
10
183.8167
20
20.0119
0
VERTEX
8
CUT
10
183.8315
20
20.0007
0
VERTEX
8
CUT
10
183.9292
20
19.9300
0
VERTEX
8
CUT
10
183.9444
20
19.9194
0
VERTEX
8
CUT
10
184.0697
20
19.8345
0
VERTEX
8
CUT
10
184.0852
20
19.8243
0
VERTEX
8
CUT
10
184.1870
20
19.7597
0
VERTEX
8
CUT
10
184.2029
20
19.7501
0
VERTEX
8
CUT
10
185.2030
20
19.1588
0
VERTEX
8
CUT
10
185.2136
20
19.1527
0
VERTEX
8
CUT
10
185.2826
20
19.1138
0
VERTEX
8
CUT
10
185.2933
20
19.1079
0
VERTEX
8
CUT
10
185.3353
20
19.0853
0
VERTEX
8
CUT
10
185.3570
20
19.0742
0
VERTEX
8
CUT
10
185.4996
20
19.0049
0
VERTEX
8
CUT
10
185.5217
20
18.9947
0
VERTEX
8
CUT
10
185.5654
20
18.9756
0
VERTEX
8
CUT
10
185.5766
20
18.9708
0
VERTEX
8
CUT
10
185.6499
20
18.9406
0
VERTEX
8
CUT
10
185.6612
20
18.9360
0
VERTEX
8
CUT
10
187.2258
20
18.3270
0
VERTEX
8
CUT
10
187.2376
20
18.3225
0
VERTEX
8
CUT
10
187.3148
20
18.2943
0
VERTEX
8
CUT
10
187.3267
20
18.2901
0
VERTEX
8
CUT
10
187.3734
20
18.2742
0
VERTEX
8
CUT
10
187.3975
20
18.2665
0
VERTEX
8
CUT
10
187.5529
20
18.2206
0
VERTEX
8
CUT
10
187.6020
20
18.2084
0
VERTEX
8
CUT
10
187.7607
20
18.1758
0
VERTEX
8
CUT
10
187.7856
20
18.1712
0
VERTEX
8
CUT
10
187.8343
20
18.1633
0
VERTEX
8
CUT
10
187.8468
20
18.1614
0
VERTEX
8
CUT
10
187.9282
20
18.1500
0
VERTEX
8
CUT
10
187.9407
20
18.1484
0
VERTEX
8
CUT
10
189.4296
20
17.9712
0
VERTEX
8
CUT
10
189.4446
20
17.9696
0
VERTEX
8
CUT
10
189.5420
20
17.9605
0
VERTEX
8
CUT
10
189.5570
20
17.9593
0
VERTEX
8
CUT
10
189.6156
20
17.9553
0
VERTEX
8
CUT
10
189.6457
20
17.9540
0
VERTEX
8
CUT
10
189.8413
20
17.9504
0
VERTEX
8
CUT
10
189.8714
20
17.9506
0
VERTEX
8
CUT
10
189.9301
20
17.9525
0
VERTEX
8
CUT
10
189.9452
20
17.9532
0
VERTEX
8
CUT
10
190.0429
20
17.9588
0
VERTEX
8
CUT
10
190.0579
20
17.9599
0
VERTEX
8
CUT
10
192.0864
20
18.1272
0
VERTEX
8
CUT
10
192.1022
20
18.1287
0
VERTEX
8
CUT
10
192.2045
20
18.1399
0
VERTEX
8
CUT
10
192.2202
20
18.1418
0
VERTEX
8
CUT
10
192.2815
20
18.1502
0
VERTEX
8
CUT
10
192.3127
20
18.1552
0
VERTEX
8
CUT
10
192.5121
20
18.1931
0
VERTEX
8
CUT
10
192.5736
20
18.2082
0
VERTEX
8
CUT
10
192.7678
20
18.2669
0
VERTEX
8
CUT
10
192.7979
20
18.2769
0
VERTEX
8
CUT
10
192.8560
20
18.2979
0
VERTEX
8
CUT
10
192.8708
20
18.3034
0
VERTEX
8
CUT
10
192.9667
20
18.3409
0
VERTEX
8
CUT
10
192.9814
20
18.3469
0
VERTEX
8
CUT
10
193.5492
20
18.5863
0
VERTEX
8
CUT
10
193.5605
20
18.5913
0
VERTEX
8
CUT
10
193.6341
20
18.6241
0
VERTEX
8
CUT
10
193.6454
20
18.6292
0
VERTEX
8
CUT
10
193.6892
20
18.6499
0
VERTEX
8
CUT
10
193.7114
20
18.6609
0
VERTEX
8
CUT
10
193.8522
20
18.7345
0
VERTEX
8
CUT
10
193.8952
20
18.7593
0
VERTEX
8
CUT
10
194.0294
20
18.8443
0
VERTEX
8
CUT
10
194.0501
20
18.8580
0
VERTEX
8
CUT
10
194.0899
20
18.8856
0
VERTEX
8
CUT
10
194.1000
20
18.8927
0
VERTEX
8
CUT
10
194.1653
20
18.9399
0
VERTEX
8
CUT
10
194.1753
20
18.9473
0
VERTEX
8
CUT
10
194.9799
20
19.5551
0
VERTEX
8
CUT
10
194.9934
20
19.5657
0
VERTEX
8
CUT
10
195.0804
20
19.6354
0
VERTEX
8
CUT
10
195.0937
20
19.6463
0
VERTEX
8
CUT
10
195.1447
20
19.6896
0
VERTEX
8
CUT
10
195.1702
20
19.7125
0
VERTEX
8
CUT
10
195.3314
20
19.8662
0
VERTEX
8
CUT
10
195.3556
20
19.8906
0
VERTEX
8
CUT
10
195.4013
20
19.9394
0
VERTEX
8
CUT
10
195.4128
20
19.9521
0
VERTEX
8
CUT
10
195.4866
20
20.0356
0
VERTEX
8
CUT
10
195.4978
20
20.0487
0
VERTEX
8
CUT
10
196.2497
20
20.9502
0
VERTEX
8
CUT
10
196.2587
20
20.9613
0
VERTEX
8
CUT
10
196.3165
20
21.0340
0
VERTEX
8
CUT
10
196.3252
20
21.0452
0
VERTEX
8
CUT
10
196.3588
20
21.0897
0
VERTEX
8
CUT
10
196.3755
20
21.1129
0
VERTEX
8
CUT
10
196.4803
20
21.2660
0
VERTEX
8
CUT
10
196.4958
20
21.2899
0
VERTEX
8
CUT
10
196.5251
20
21.3374
0
VERTEX
8
CUT
10
196.5324
20
21.3496
0
VERTEX
8
CUT
10
196.5792
20
21.4298
0
VERTEX
8
CUT
10
196.5863
20
21.4422
0
VERTEX
8
CUT
10
197.2858
20
22.7084
0
VERTEX
8
CUT
10
197.2917
20
22.7193
0
VERTEX
8
CUT
10
197.3293
20
22.7907
0
VERTEX
8
CUT
10
197.3349
20
22.8018
0
VERTEX
8
CUT
10
197.3566
20
22.8452
0
VERTEX
8
CUT
10
197.3673
20
22.8676
0
VERTEX
8
CUT
10
197.4333
20
23.0148
0
VERTEX
8
CUT
10
197.4430
20
23.0376
0
VERTEX
8
CUT
10
197.4611
20
23.0827
0
VERTEX
8
CUT
10
197.4655
20
23.0942
0
VERTEX
8
CUT
10
197.4940
20
23.1697
0
VERTEX
8
CUT
10
197.4982
20
23.1814
0
VERTEX
8
CUT
10
198.0992
20
24.8846
0
VERTEX
8
CUT
10
198.1057
20
24.9040
0
VERTEX
8
CUT
10
198.1455
20
25.0303
0
VERTEX
8
CUT
10
198.1513
20
25.0498
0
VERTEX
8
CUT
10
198.1958
20
25.2099
0
VERTEX
8
CUT
10
198.2010
20
25.2297
0
VERTEX
8
CUT
10
198.2321
20
25.3584
0
VERTEX
8
CUT
10
198.2366
20
25.3783
0
VERTEX
8
CUT
10
198.6731
20
27.4954
0
VERTEX
8
CUT
10
198.6756
20
27.5083
0
VERTEX
8
CUT
10
198.6910
20
27.5921
0
VERTEX
8
CUT
10
198.6932
20
27.6051
0
VERTEX
8
CUT
10
198.7102
20
27.7107
0
VERTEX
8
CUT
10
198.7121
20
27.7237
0
VERTEX
8
CUT
10
198.7239
20
27.8081
0
VERTEX
8
CUT
10
198.7255
20
27.8211
0
VERTEX
8
CUT
10
198.9154
20
29.4524
0
VERTEX
8
CUT
10
198.9170
20
29.4672
0
VERTEX
8
CUT
10
198.9258
20
29.5640
0
VERTEX
8
CUT
10
198.9270
20
29.5789
0
VERTEX
8
CUT
10
198.9308
20
29.6372
0
VERTEX
8
CUT
10
198.9321
20
29.6670
0
VERTEX
8
CUT
10
198.9352
20
29.8586
0
VERTEX
8
CUT
10
198.9332
20
29.9184
0
VERTEX
8
CUT
10
198.9174
20
30.1067
0
VERTEX
8
CUT
10
198.9095
20
30.1660
0
VERTEX
8
CUT
10
198.8750
20
30.3518
0
VERTEX
8
CUT
10
198.8612
20
30.4100
0
VERTEX
8
CUT
10
198.8085
20
30.5914
0
VERTEX
8
CUT
10
198.7890
20
30.6479
0
VERTEX
8
CUT
10
198.7184
20
30.8233
0
VERTEX
8
CUT
10
198.6934
20
30.8776
0
VERTEX
8
CUT
10
198.6058
20
31.0450
0
VERTEX
8
CUT
10
198.5754
20
31.0965
0
VERTEX
8
CUT
10
198.4716
20
31.2544
0
VERTEX
8
CUT
10
198.4363
20
31.3027
0
VERTEX
8
CUT
10
198.3172
20
31.4494
0
VERTEX
8
CUT
10
198.2773
20
31.4939
0
VERTEX
8
CUT
10
198.1442
20
31.6281
0
VERTEX
8
CUT
10
198.1000
20
31.6684
0
VERTEX
8
CUT
10
197.9543
20
31.7887
0
VERTEX
8
CUT
10
197.9063
20
31.8244
0
VERTEX
8
CUT
10
197.7493
20
31.9296
0
VERTEX
8
CUT
10
197.6980
20
31.9604
0
VERTEX
8
CUT
10
197.5313
20
32.0494
0
VERTEX
8
CUT
10
197.4773
20
32.0749
0
VERTEX
8
CUT
10
197.3025
20
32.1469
0
VERTEX
8
CUT
10
197.2462
20
32.1669
0
VERTEX
8
CUT
10
197.0652
20
32.2212
0
VERTEX
8
CUT
10
197.0071
20
32.2354
0
VERTEX
8
CUT
10
196.8216
20
32.2714
0
VERTEX
8
CUT
10
196.7624
20
32.2799
0
VERTEX
8
CUT
10
196.5742
20
32.2972
0
VERTEX
8
CUT
10
196.5145
20
32.2997
0
VERTEX
8
CUT
10
196.3255
20
32.2982
0
VERTEX
8
CUT
10
196.2658
20
32.2948
0
VERTEX
8
CUT
10
196.0779
20
32.2745
0
VERTEX
8
CUT
10
196.0188
20
32.2651
0
VERTEX
8
CUT
10
195.8339
20
32.2262
0
VERTEX
8
CUT
10
195.7761
20
32.2110
0
VERTEX
8
CUT
10
195.5959
20
32.1539
0
VERTEX
8
CUT
10
195.5399
20
32.1331
0
VERTEX
8
CUT
10
195.3663
20
32.0583
0
VERTEX
8
CUT
10
195.3127
20
32.0320
0
VERTEX
8
CUT
10
195.1474
20
31.9403
0
VERTEX
8
CUT
10
195.0966
20
31.9088
0
VERTEX
8
CUT
10
194.9412
20
31.8011
0
VERTEX
8
CUT
10
194.8939
20
31.7647
0
VERTEX
8
CUT
10
194.7500
20
31.6421
0
VERTEX
8
CUT
10
194.7065
20
31.6011
0
VERTEX
8
CUT
10
194.5737
20
31.4630
0
VERTEX
8
CUT
10
194.5535
20
31.4409
0
VERTEX
8
CUT
10
194.5152
20
31.3968
0
VERTEX
8
CUT
10
194.5056
20
31.3854
0
VERTEX
8
CUT
10
194.4437
20
31.3105
0
VERTEX
8
CUT
10
194.4343
20
31.2989
0
VERTEX
8
CUT
10
194.1491
20
30.9358
0
VERTEX
8
CUT
10
194.1413
20
30.9260
0
VERTEX
8
CUT
10
194.1342
20
30.9173
0
VERTEX
8
CUT
10
194.1029
20
30.8805
0
VERTEX
8
CUT
10
194.0447
20
30.8160
0
VERTEX
8
CUT
10
194.0196
20
30.7893
0
VERTEX
8
CUT
10
193.9946
20
30.7649
0
VERTEX
8
CUT
10
193.9348
20
30.7090
0
VERTEX
8
CUT
10
193.8985
20
30.6768
0
VERTEX
8
CUT
10
193.8862
20
30.6665
0
VERTEX
8
CUT
10
193.8754
20
30.6575
0
VERTEX
8
CUT
10
192.2244
20
29.3146
0
VERTEX
8
CUT
10
192.1913
20
29.2888
0
VERTEX
8
CUT
10
192.1294
20
29.2431
0
VERTEX
8
CUT
10
192.0596
20
29.1965
0
VERTEX
8
CUT
10
192.0117
20
29.1676
0
VERTEX
8
CUT
10
191.9379
20
29.1276
0
VERTEX
8
CUT
10
191.8876
20
29.1033
0
VERTEX
8
CUT
10
191.8103
20
29.0704
0
VERTEX
8
CUT
10
191.7382
20
29.0436
0
VERTEX
8
CUT
10
191.6986
20
29.0299
0
VERTEX
8
CUT
10
189.8097
20
28.4257
0
VERTEX
8
CUT
10
189.7993
20
28.4225
0
VERTEX
8
CUT
10
189.7924
20
28.4204
0
VERTEX
8
CUT
10
189.7470
20
28.4077
0
VERTEX
8
CUT
10
189.6805
20
28.3911
0
VERTEX
8
CUT
10
189.6052
20
28.3756
0
VERTEX
8
CUT
10
189.5541
20
28.3674
0
VERTEX
8
CUT
10
189.4837
20
28.3589
0
VERTEX
8
CUT
10
189.4296
20
28.3545
0
VERTEX
8
CUT
10
189.3867
20
28.3521
0
VERTEX
8
CUT
10
189.3733
20
28.3516
0
VERTEX
8
CUT
10
189.3611
20
28.3513
0
VERTEX
8
CUT
10
185.9829
20
28.2849
0
VERTEX
8
CUT
10
185.9708
20
28.2848
0
VERTEX
8
CUT
10
185.9628
20
28.2847
0
VERTEX
8
CUT
10
185.9101
20
28.2859
0
VERTEX
8
CUT
10
185.8336
20
28.2900
0
VERTEX
8
CUT
10
185.7482
20
28.2985
0
VERTEX
8
CUT
10
185.6909
20
28.3071
0
VERTEX
8
CUT
10
185.6134
20
28.3221
0
VERTEX
8
CUT
10
185.5554
20
28.3360
0
VERTEX
8
CUT
10
185.5094
20
28.3483
0
VERTEX
8
CUT
10
185.4949
20
28.3527
0
VERTEX
8
CUT
10
185.4819
20
28.3566
0
VERTEX
8
CUT
10
183.7345
20
28.9037
0
VERTEX
8
CUT
10
183.7218
20
28.9078
0
VERTEX
8
CUT
10
183.7069
20
28.9127
0
VERTEX
8
CUT
10
183.6566
20
28.9309
0
VERTEX
8
CUT
10
183.5746
20
28.9634
0
VERTEX
8
CUT
10
183.5398
20
28.9781
0
VERTEX
8
CUT
10
183.5057
20
28.9944
0
VERTEX
8
CUT
10
183.4268
20
29.0341
0
VERTEX
8
CUT
10
183.3799
20
29.0595
0
VERTEX
8
CUT
10
183.3663
20
29.0674
0
VERTEX
8
CUT
10
183.3548
20
29.0742
0
VERTEX
8
CUT
10
180.9204
20
30.5361
0
VERTEX
8
CUT
10
180.9123
20
30.5411
0
VERTEX
8
CUT
10
180.9050
20
30.5455
0
VERTEX
8
CUT
10
180.8740
20
30.5655
0
VERTEX
8
CUT
10
180.8191
20
30.6025
0
VERTEX
8
CUT
10
180.7961
20
30.6185
0
VERTEX
8
CUT
10
180.7747
20
30.6344
0
VERTEX
8
CUT
10
180.7253
20
30.6726
0
VERTEX
8
CUT
10
180.6965
20
30.6957
0
VERTEX
8
CUT
10
180.6871
20
30.7037
0
VERTEX
8
CUT
10
180.6789
20
30.7106
0
VERTEX
8
CUT
10
178.9456
20
32.2007
0
VERTEX
8
CUT
10
178.9343
20
32.2102
0
VERTEX
8
CUT
10
178.8603
20
32.2707
0
VERTEX
8
CUT
10
178.8488
20
32.2798
0
VERTEX
8
CUT
10
178.8035
20
32.3151
0
VERTEX
8
CUT
10
178.7799
20
32.3326
0
VERTEX
8
CUT
10
178.6257
20
32.4408
0
VERTEX
8
CUT
10
178.5760
20
32.4722
0
VERTEX
8
CUT
10
178.4141
20
32.5636
0
VERTEX
8
CUT
10
178.3616
20
32.5899
0
VERTEX
8
CUT
10
178.1916
20
32.6651
0
VERTEX
8
CUT
10
178.1367
20
32.6862
0
VERTEX
8
CUT
10
177.9602
20
32.7443
0
VERTEX
8
CUT
10
177.9035
20
32.7599
0
VERTEX
8
CUT
10
177.7222
20
32.8005
0
VERTEX
8
CUT
10
177.6642
20
32.8105
0
VERTEX
8
CUT
10
177.4798
20
32.8331
0
VERTEX
8
CUT
10
177.4211
20
32.8374
0
VERTEX
8
CUT
10
177.2353
20
32.8418
0
VERTEX
8
CUT
10
177.1766
20
32.8403
0
VERTEX
8
CUT
10
176.9912
20
32.8266
0
VERTEX
8
CUT
10
176.9329
20
32.8194
0
VERTEX
8
CUT
10
176.7498
20
32.7876
0
VERTEX
8
CUT
10
176.6924
20
32.7747
0
VERTEX
8
CUT
10
176.5133
20
32.7251
0
VERTEX
8
CUT
10
176.4575
20
32.7066
0
VERTEX
8
CUT
10
176.2841
20
32.6398
0
VERTEX
8
CUT
10
176.2303
20
32.6160
0
VERTEX
8
CUT
10
176.0643
20
32.5324
0
VERTEX
8
CUT
10
176.0132
20
32.5035
0
VERTEX
8
CUT
10
175.8561
20
32.4041
0
VERTEX
8
CUT
10
175.8080
20
32.3703
0
VERTEX
8
CUT
10
175.6615
20
32.2560
0
VERTEX
8
CUT
10
175.6169
20
32.2177
0
VERTEX
8
CUT
10
175.4822
20
32.0896
0
VERTEX
8
CUT
10
175.4417
20
32.0471
0
VERTEX
8
CUT
10
175.3201
20
31.9064
0
VERTEX
8
CUT
10
175.2839
20
31.8601
0
VERTEX
8
CUT
10
175.1768
20
31.7083
0
VERTEX
8
CUT
10
175.1453
20
31.6587
0
VERTEX
8
CUT
10
175.0535
20
31.4971
0
VERTEX
8
CUT
10
175.0270
20
31.4446
0
VERTEX
8
CUT
10
174.9514
20
31.2748
0
VERTEX
8
CUT
10
174.9302
20
31.2200
0
VERTEX
8
CUT
10
174.8716
20
31.0436
0
VERTEX
8
CUT
10
174.8559
20
30.9869
0
VERTEX
8
CUT
10
174.8148
20
30.8057
0
VERTEX
8
CUT
10
174.8047
20
30.7478
0
VERTEX
8
CUT
10
174.7816
20
30.5634
0
VERTEX
8
CUT
10
174.7772
20
30.5048
0
VERTEX
8
CUT
10
174.7722
20
30.3190
0
VERTEX
8
CUT
10
174.7736
20
30.2602
0
VERTEX
8
CUT
10
174.7868
20
30.0748
0
VERTEX
8
CUT
10
174.7939
20
30.0165
0
SEQEND
0
POLYLINE
8
CUT
66
1
70
1
10
0.0
20
0.0
30
0.0
0
VERTEX
8
CUT
10
133.6852
20
76.1426
0
VERTEX
8
CUT
10
133.6959
20
76.0835
0
VERTEX
8
CUT
10
133.7388
20
75.8984
0
VERTEX
8
CUT
10
133.7553
20
75.8406
0
VERTEX
8
CUT
10
133.8166
20
75.6608
0
VERTEX
8
CUT
10
133.8388
20
75.6049
0
VERTEX
8
CUT
10
133.9177
20
75.4321
0
VERTEX
8
CUT
10
133.9454
20
75.3788
0
VERTEX
8
CUT
10
134.0425
20
75.2124
0
VERTEX
8
CUT
10
134.0583
20
75.1869
0
VERTEX
8
CUT
10
134.0904
20
75.1377
0
VERTEX
8
CUT
10
134.0988
20
75.1253
0
VERTEX
8
CUT
10
134.1543
20
75.0449
0
VERTEX
8
CUT
10
134.1630
20
75.0326
0
VERTEX
8
CUT
10
137.8851
20
69.9154
0
VERTEX
8
CUT
10
137.8884
20
69.9107
0
VERTEX
8
CUT
10
137.8962
20
69.8999
0
VERTEX
8
CUT
10
137.8995
20
69.8952
0
VERTEX
8
CUT
10
137.9076
20
69.8839
0
VERTEX
8
CUT
10
137.9116
20
69.8782
0
VERTEX
8
CUT
10
137.9209
20
69.8648
0
VERTEX
8
CUT
10
137.9248
20
69.8591
0
VERTEX
8
CUT
10
137.9281
20
69.8544
0
VERTEX
8
CUT
10
137.9321
20
69.8485
0
VERTEX
8
CUT
10
137.9413
20
69.8347
0
VERTEX
8
CUT
10
137.9448
20
69.8296
0
VERTEX
8
CUT
10
137.9520
20
69.8186
0
VERTEX
8
CUT
10
137.9623
20
69.8027
0
VERTEX
8
CUT
10
137.9669
20
69.7956
0
VERTEX
8
CUT
10
143.9631
20
60.3636
0
VERTEX
8
CUT
10
143.9723
20
60.3496
0
VERTEX
8
CUT
10
144.0332
20
60.2594
0
VERTEX
8
CUT
10
144.0428
20
60.2457
0
VERTEX
8
CUT
10
144.0808
20
60.1926
0
VERTEX
8
CUT
10
144.1011
20
60.1660
0
VERTEX
8
CUT
10
144.2375
20
59.9966
0
VERTEX
8
CUT
10
144.2592
20
59.9711
0
VERTEX
8
CUT
10
144.3029
20
59.9226
0
VERTEX
8
CUT
10
144.3143
20
59.9103
0
VERTEX
8
CUT
10
144.3894
20
59.8316
0
VERTEX
8
CUT
10
144.4011
20
59.8196
0
VERTEX
8
CUT
10
144.8951
20
59.3297
0
VERTEX
8
CUT
10
144.9068
20
59.3183
0
VERTEX
8
CUT
10
144.9843
20
59.2456
0
VERTEX
8
CUT
10
144.9963
20
59.2346
0
VERTEX
8
CUT
10
145.0440
20
59.1922
0
VERTEX
8
CUT
10
145.0690
20
59.1712
0
VERTEX
8
CUT
10
145.2351
20
59.0390
0
VERTEX
8
CUT
10
145.2612
20
59.0193
0
VERTEX
8
CUT
10
145.3132
20
58.9824
0
VERTEX
8
CUT
10
145.3266
20
58.9731
0
VERTEX
8
CUT
10
145.4148
20
58.9139
0
VERTEX
8
CUT
10
145.4285
20
58.9050
0
VERTEX
8
CUT
10
151.1407
20
55.2968
0
VERTEX
8
CUT
10
151.1467
20
55.2931
0
VERTEX
8
CUT
10
151.1605
20
55.2842
0
VERTEX
8
CUT
10
151.1664
20
55.2803
0
VERTEX
8
CUT
10
151.1807
20
55.2710
0
VERTEX
8
CUT
10
151.1879
20
55.2662
0
VERTEX
8
CUT
10
151.2046
20
55.2551
0
VERTEX
8
CUT
10
151.2117
20
55.2503
0
VERTEX
8
CUT
10
151.2175
20
55.2464
0
VERTEX
8
CUT
10
151.2247
20
55.2414
0
VERTEX
8
CUT
10
151.2414
20
55.2297
0
VERTEX
8
CUT
10
151.2486
20
55.2247
0
VERTEX
8
CUT
10
151.2520
20
55.2223
0
VERTEX
8
CUT
10
151.2603
20
55.2163
0
VERTEX
8
CUT
10
151.2797
20
55.2022
0
VERTEX
8
CUT
10
151.2880
20
55.1961
0
VERTEX
8
CUT
10
154.0806
20
53.1152
0
VERTEX
8
CUT
10
154.0912
20
53.1072
0
VERTEX
8
CUT
10
154.1157
20
53.0884
0
VERTEX
8
CUT
10
154.1261
20
53.0803
0
VERTEX
8
CUT
10
154.1386
20
53.0704
0
VERTEX
8
CUT
10
154.1488
20
53.0622
0
VERTEX
8
CUT
10
154.1726
20
53.0428
0
VERTEX
8
CUT
10
154.1827
20
53.0344
0
VERTEX
8
CUT
10
154.1908
20
53.0276
0
VERTEX
8
CUT
10
154.2008
20
53.0190
0
VERTEX
8
CUT
10
154.2240
20
52.9989
0
VERTEX
8
CUT
10
154.2339
20
52.9902
0
VERTEX
8
CUT
10
154.2459
20
52.9796
0
VERTEX
8
CUT
10
154.2557
20
52.9707
0
VERTEX
8
CUT
10
154.2783
20
52.9499
0
VERTEX
8
CUT
10
154.2879
20
52.9410
0
VERTEX
8
CUT
10
160.1050
20
47.4398
0
VERTEX
8
CUT
10
160.1118
20
47.4333
0
VERTEX
8
CUT
10
160.1276
20
47.4181
0
VERTEX
8
CUT
10
160.1343
20
47.4115
0
VERTEX
8
CUT
10
160.1425
20
47.4034
0
VERTEX
8
CUT
10
160.1492
20
47.3968
0
VERTEX
8
CUT
10
160.1647
20
47.3812
0
VERTEX
8
CUT
10
160.1713
20
47.3745
0
VERTEX
8
CUT
10
160.1766
20
47.3690
0
VERTEX
8
CUT
10
160.1831
20
47.3622
0
VERTEX
8
CUT
10
160.1983
20
47.3463
0
VERTEX
8
CUT
10
160.2047
20
47.3395
0
VERTEX
8
CUT
10
160.2126
20
47.3311
0
VERTEX
8
CUT
10
160.2189
20
47.3241
0
VERTEX
8
CUT
10
160.2338
20
47.3079
0
VERTEX
8
CUT
10
160.2401
20
47.3009
0
VERTEX
8
CUT
10
165.5792
20
41.3301
0
VERTEX
8
CUT
10
165.5834
20
41.3253
0
VERTEX
8
CUT
10
165.5933
20
41.3141
0
VERTEX
8
CUT
10
165.5975
20
41.3093
0
VERTEX
8
CUT
10
165.6077
20
41.2975
0
VERTEX
8
CUT
10
165.6128
20
41.2916
0
VERTEX
8
CUT
10
165.6246
20
41.2778
0
VERTEX
8
CUT
10
165.6297
20
41.2718
0
VERTEX
8
CUT
10
165.6338
20
41.2670
0
VERTEX
8
CUT
10
165.6388
20
41.2608
0
VERTEX
8
CUT
10
165.6506
20
41.2465
0
VERTEX
8
CUT
10
165.6557
20
41.2404
0
VERTEX
8
CUT
10
165.6582
20
41.2373
0
VERTEX
8
CUT
10
165.6640
20
41.2300
0
VERTEX
8
CUT
10
165.6774
20
41.2131
0
VERTEX
8
CUT
10
165.6831
20
41.2058
0
VERTEX
8
CUT
10
166.4904
20
40.1651
0
VERTEX
8
CUT
10
166.4995
20
40.1536
0
VERTEX
8
CUT
10
166.5596
20
40.0800
0
VERTEX
8
CUT
10
166.5690
20
40.0688
0
VERTEX
8
CUT
10
166.6063
20
40.0252
0
VERTEX
8
CUT
10
166.6259
20
40.0034
0
VERTEX
8
CUT
10
166.7551
20
39.8668
0
VERTEX
8
CUT
10
166.7974
20
39.8262
0
VERTEX
8
CUT
10
166.9373
20
39.7045
0
VERTEX
8
CUT
10
166.9834
20
39.6683
0
VERTEX
8
CUT
10
167.1346
20
39.5609
0
VERTEX
8
CUT
10
167.1840
20
39.5293
0
VERTEX
8
CUT
10
167.3449
20
39.4371
0
VERTEX
8
CUT
10
167.3972
20
39.4105
0
VERTEX
8
CUT
10
167.5663
20
39.3345
0
VERTEX
8
CUT
10
167.6209
20
39.3131
0
VERTEX
8
CUT
10
167.7967
20
39.2540
0
VERTEX
8
CUT
10
167.8531
20
39.2381
0
VERTEX
8
CUT
10
168.0338
20
39.1964
0
VERTEX
8
CUT
10
168.0915
20
39.1860
0
VERTEX
8
CUT
10
168.2754
20
39.1622
0
VERTEX
8
CUT
10
168.3339
20
39.1575
0
VERTEX
8
CUT
10
168.5192
20
39.1517
0
VERTEX
8
CUT
10
168.5779
20
39.1528
0
VERTEX
8
CUT
10
168.7629
20
39.1651
0
VERTEX
8
CUT
10
168.8211
20
39.1719
0
VERTEX
8
CUT
10
169.0041
20
39.2023
0
VERTEX
8
CUT
10
169.0614
20
39.2147
0
VERTEX
8
CUT
10
169.2405
20
39.2628
0
VERTEX
8
CUT
10
169.2963
20
39.2807
0
VERTEX
8
CUT
10
169.4698
20
39.3461
0
VERTEX
8
CUT
10
169.5236
20
39.3694
0
VERTEX
8
CUT
10
169.6900
20
39.4514
0
VERTEX
8
CUT
10
169.7412
20
39.4798
0
VERTEX
8
CUT
10
169.8988
20
39.5776
0
VERTEX
8
CUT
10
169.9470
20
39.6110
0
VERTEX
8
CUT
10
170.0943
20
39.7237
0
VERTEX
8
CUT
10
170.1390
20
39.7616
0
VERTEX
8
CUT
10
170.2745
20
39.8882
0
VERTEX
8
CUT
10
170.3154
20
39.9303
0
VERTEX
8
CUT
10
170.4379
20
40.0694
0
VERTEX
8
CUT
10
170.4745
20
40.1153
0
VERTEX
8
CUT
10
170.5828
20
40.2658
0
VERTEX
8
CUT
10
170.6147
20
40.3150
0
VERTEX
8
CUT
10
170.7078
20
40.4754
0
VERTEX
8
CUT
10
170.7348
20
40.5275
0
VERTEX
8
CUT
10
170.8118
20
40.6961
0
VERTEX
8
CUT
10
170.8335
20
40.7506
0
VERTEX
8
CUT
10
170.8937
20
40.9260
0
VERTEX
8
CUT
10
170.9100
20
40.9823
0
VERTEX
8
CUT
10
170.9528
20
41.1628
0
VERTEX
8
CUT
10
170.9635
20
41.2204
0
VERTEX
8
CUT
10
170.9885
20
41.4042
0
VERTEX
8
CUT
10
170.9935
20
41.4626
0
VERTEX
8
CUT
10
171.0004
20
41.6479
0
VERTEX
8
CUT
10
170.9997
20
41.7066
0
VERTEX
8
CUT
10
170.9885
20
41.8916
0
VERTEX
8
CUT
10
170.9821
20
41.9499
0
VERTEX
8
CUT
10
170.9528
20
42.1330
0
VERTEX
8
CUT
10
170.9408
20
42.1904
0
VERTEX
8
CUT
10
170.8938
20
42.3698
0
VERTEX
8
CUT
10
170.8762
20
42.4258
0
VERTEX
8
CUT
10
170.8119
20
42.5997
0
VERTEX
8
CUT
10
170.7889
20
42.6536
0
VERTEX
8
CUT
10
170.7068
20
42.8228
0
VERTEX
8
CUT
10
170.6934
20
42.8489
0
VERTEX
8
CUT
10
170.6659
20
42.8991
0
VERTEX
8
CUT
10
170.6587
20
42.9119
0
VERTEX
8
CUT
10
170.6109
20
42.9944
0
VERTEX
8
CUT
10
170.6034
20
43.0070
0
VERTEX
8
CUT
10
164.5929
20
52.8201
0
VERTEX
8
CUT
10
164.5889
20
52.8266
0
VERTEX
8
CUT
10
164.5608
20
52.8712
0
VERTEX
8
CUT
10
164.5564
20
52.8780
0
VERTEX
8
CUT
10
164.5206
20
52.9331
0
VERTEX
8
CUT
10
164.5163
20
52.9398
0
VERTEX
8
CUT
10
164.4874
20
52.9830
0
VERTEX
8
CUT
10
164.4826
20
52.9900
0
VERTEX
8
CUT
10
162.1404
20
56.3903
0
VERTEX
8
CUT
10
162.1330
20
56.4006
0
VERTEX
8
CUT
10
162.0848
20
56.4676
0
VERTEX
8
CUT
10
162.0772
20
56.4778
0
VERTEX
8
CUT
10
162.0149
20
56.5606
0
VERTEX
8
CUT
10
162.0071
20
56.5707
0
VERTEX
8
CUT
10
161.9561
20
56.6356
0
VERTEX
8
CUT
10
161.9481
20
56.6455
0
VERTEX
8
CUT
10
159.5616
20
59.5494
0
VERTEX
8
CUT
10
159.5548
20
59.5576
0
VERTEX
8
CUT
10
159.5069
20
59.6138
0
VERTEX
8
CUT
10
159.4995
20
59.6224
0
VERTEX
8
CUT
10
159.4385
20
59.6913
0
VERTEX
8
CUT
10
159.4310
20
59.6996
0
VERTEX
8
CUT
10
159.3818
20
59.7531
0
VERTEX
8
CUT
10
159.3736
20
59.7618
0
VERTEX
8
CUT
10
153.6083
20
65.7907
0
VERTEX
8
CUT
10
153.6044
20
65.7948
0
VERTEX
8
CUT
10
153.5953
20
65.8044
0
VERTEX
8
CUT
10
153.5914
20
65.8086
0
VERTEX
8
CUT
10
153.5820
20
65.8186
0
VERTEX
8
CUT
10
153.5773
20
65.8237
0
VERTEX
8
CUT
10
153.5664
20
65.8356
0
VERTEX
8
CUT
10
153.5618
20
65.8407
0
VERTEX
8
CUT
10
153.5579
20
65.8450
0
VERTEX
8
CUT
10
153.5532
20
65.8502
0
VERTEX
8
CUT
10
153.5423
20
65.8625
0
VERTEX
8
CUT
10
153.5382
20
65.8671
0
VERTEX
8
CUT
10
153.5297
20
65.8769
0
VERTEX
8
CUT
10
153.5174
20
65.8912
0
VERTEX
8
CUT
10
153.5120
20
65.8975
0
VERTEX
8
CUT
10
151.0382
20
68.8286
0
VERTEX
8
CUT
10
151.0295
20
68.8391
0
VERTEX
8
CUT
10
151.0194
20
68.8515
0
VERTEX
8
CUT
10
150.9862
20
68.8945
0
VERTEX
8
CUT
10
150.9337
20
68.9672
0
VERTEX
8
CUT
10
150.9120
20
68.9989
0
VERTEX
8
CUT
10
150.8916
20
69.0315
0
VERTEX
8
CUT
10
150.8459
20
69.1087
0
VERTEX
8
CUT
10
150.8196
20
69.1562
0
VERTEX
8
CUT
10
150.8123
20
69.1704
0
VERTEX
8
CUT
10
150.8062
20
69.1825
0
VERTEX
8
CUT
10
149.7831
20
71.2499
0
VERTEX
8
CUT
10
149.7783
20
71.2598
0
VERTEX
8
CUT
10
149.7740
20
71.2687
0
VERTEX
8
CUT
10
149.7566
20
71.3073
0
VERTEX
8
CUT
10
149.7268
20
71.3776
0
VERTEX
8
CUT
10
149.7149
20
71.4075
0
VERTEX
8
CUT
10
149.7045
20
71.4364
0
VERTEX
8
CUT
10
149.6815
20
71.5045
0
VERTEX
8
CUT
10
149.6689
20
71.5451
0
VERTEX
8
CUT
10
149.6650
20
71.5587
0
VERTEX
8
CUT
10
149.6617
20
71.5706
0
VERTEX
8
CUT
10
149.3832
20
72.5983
0
VERTEX
8
CUT
10
149.3802
20
72.6098
0
VERTEX
8
CUT
10
149.3775
20
72.6202
0
VERTEX
8
CUT
10
149.3672
20
72.6650
0
VERTEX
8
CUT
10
149.3508
20
72.7461
0
VERTEX
8
CUT
10
149.3445
20
72.7805
0
VERTEX
8
CUT
10
149.3399
20
72.8134
0
VERTEX
8
CUT
10
149.3307
20
72.8909
0
VERTEX
8
CUT
10
149.3263
20
72.9368
0
VERTEX
8
CUT
10
149.3253
20
72.9522
0
VERTEX
8
CUT
10
149.3245
20
72.9655
0
VERTEX
8
CUT
10
149.2139
20
75.0481
0
VERTEX
8
CUT
10
149.2133
20
75.0598
0
VERTEX
8
CUT
10
149.2130
20
75.0674
0
VERTEX
8
CUT
10
149.2124
20
75.1181
0
VERTEX
8
CUT
10
149.2136
20
75.1918
0
VERTEX
8
CUT
10
149.2187
20
75.2742
0
VERTEX
8
CUT
10
149.2247
20
75.3296
0
VERTEX
8
CUT
10
149.2361
20
75.4047
0
VERTEX
8
CUT
10
149.2471
20
75.4614
0
VERTEX
8
CUT
10
149.2570
20
75.5062
0
VERTEX
8
CUT
10
149.2606
20
75.5203
0
VERTEX
8
CUT
10
149.2638
20
75.5329
0
VERTEX
8
CUT
10
149.7435
20
77.3514
0
VERTEX
8
CUT
10
149.7463
20
77.3619
0
VERTEX
8
CUT
10
149.7533
20
77.3873
0
VERTEX
8
CUT
10
149.7567
20
77.3993
0
VERTEX
8
CUT
10
149.7590
20
77.4077
0
VERTEX
8
CUT
10
149.7825
20
77.4970
0
VERTEX
8
CUT
10
149.7861
20
77.5110
0
VERTEX
8
CUT
10
149.7991
20
77.5660
0
VERTEX
8
CUT
10
149.8052
20
77.5942
0
VERTEX
8
CUT
10
149.8394
20
77.7764
0
VERTEX
8
CUT
10
149.8473
20
77.8337
0
VERTEX
8
CUT
10
149.8636
20
78.0159
0
VERTEX
8
CUT
10
149.8659
20
78.0736
0
VERTEX
8
CUT
10
149.8646
20
78.2565
0
VERTEX
8
CUT
10
149.8614
20
78.3142
0
VERTEX
8
CUT
10
149.8425
20
78.4961
0
VERTEX
8
CUT
10
149.8337
20
78.5533
0
VERTEX
8
CUT
10
149.7974
20
78.7325
0
VERTEX
8
CUT
10
149.7832
20
78.7885
0
VERTEX
8
CUT
10
149.7297
20
78.9634
0
VERTEX
8
CUT
10
149.7102
20
79.0178
0
VERTEX
8
CUT
10
149.6402
20
79.1868
0
VERTEX
8
CUT
10
149.6155
20
79.2391
0
VERTEX
8
CUT
10
149.5295
20
79.4004
0
VERTEX
8
CUT
10
149.4999
20
79.4501
0
VERTEX
8
CUT
10
149.3988
20
79.6025
0
VERTEX
8
CUT
10
149.3646
20
79.6491
0
VERTEX
8
CUT
10
149.2493
20
79.7910
0
VERTEX
8
CUT
10
149.2107
20
79.8341
0
VERTEX
8
CUT
10
149.0822
20
79.9642
0
VERTEX
8
CUT
10
149.0397
20
80.0034
0
VERTEX
8
CUT
10
148.8993
20
80.1206
0
VERTEX
8
CUT
10
148.8532
20
80.1555
0
VERTEX
8
CUT
10
148.7022
20
80.2586
0
VERTEX
8
CUT
10
148.6529
20
80.2889
0
VERTEX
8
CUT
10
148.4927
20
80.3770
0
VERTEX
8
CUT
10
148.4408
20
80.4024
0
VERTEX
8
CUT
10
148.2728
20
80.4747
0
VERTEX
8
CUT
10
148.2186
20
80.4950
0
VERTEX
8
CUT
10
148.0445
20
80.5507
0
VERTEX
8
CUT
10
147.9886
20
80.5657
0
VERTEX
8
CUT
10
147.8099
20
80.6045
0
VERTEX
8
CUT
10
147.7529
20
80.6140
0
VERTEX
8
CUT
10
147.5713
20
80.6353
0
VERTEX
8
CUT
10
147.5136
20
80.6393
0
VERTEX
8
CUT
10
147.3308
20
80.6431
0
VERTEX
8
CUT
10
147.2730
20
80.6415
0
VERTEX
8
CUT
10
147.0906
20
80.6277
0
VERTEX
8
CUT
10
147.0332
20
80.6205
0
VERTEX
8
CUT
10
146.8531
20
80.5892
0
VERTEX
8
CUT
10
146.7967
20
80.5766
0
VERTEX
8
CUT
10
146.6179
20
80.5274
0
VERTEX
8
CUT
10
146.5902
20
80.5190
0
VERTEX
8
CUT
10
146.5366
20
80.5014
0
VERTEX
8
CUT
10
146.5229
20
80.4967
0
VERTEX
8
CUT
10
146.4343
20
80.4653
0
VERTEX
8
CUT
10
146.4207
20
80.4603
0
VERTEX
8
CUT
10
146.4034
20
80.4537
0
VERTEX
8
CUT
10
146.3914
20
80.4492
0
VERTEX
8
CUT
10
146.3633
20
80.4389
0
VERTEX
8
CUT
10
146.3512
20
80.4346
0
VERTEX
8
CUT
10
146.3466
20
80.4330
0
VERTEX
8
CUT
10
146.3354
20
80.4292
0
VERTEX
8
CUT
10
146.3091
20
80.4203
0
VERTEX
8
CUT
10
146.2978
20
80.4166
0
VERTEX
8
CUT
10
146.2840
20
80.4122
0
VERTEX
8
CUT
10
146.2727
20
80.4087
0
VERTEX
8
CUT
10
146.2462
20
80.4006
0
VERTEX
8
CUT
10
146.2348
20
80.3972
0
VERTEX
8
CUT
10
144.5234
20
79.8981
0
VERTEX
8
CUT
10
144.5132
20
79.8952
0
VERTEX
8
CUT
10
144.5040
20
79.8927
0
VERTEX
8
CUT
10
144.4643
20
79.8826
0
VERTEX
8
CUT
10
144.3924
20
79.8660
0
VERTEX
8
CUT
10
144.3620
20
79.8596
0
VERTEX
8
CUT
10
144.3327
20
79.8545
0
VERTEX
8
CUT
10
144.2641
20
79.8438
0
VERTEX
8
CUT
10
144.2233
20
79.8384
0
VERTEX
8
CUT
10
144.2097
20
79.8370
0
VERTEX
8
CUT
10
144.1979
20
79.8358
0
VERTEX
8
CUT
10
135.9729
20
79.0496
0
VERTEX
8
CUT
10
135.9579
20
79.0479
0
VERTEX
8
CUT
10
135.8609
20
79.0362
0
VERTEX
8
CUT
10
135.8460
20
79.0342
0
VERTEX
8
CUT
10
135.7880
20
79.0257
0
VERTEX
8
CUT
10
135.7583
20
79.0206
0
VERTEX
8
CUT
10
135.5694
20
78.9832
0
VERTEX
8
CUT
10
135.5111
20
78.9686
0
VERTEX
8
CUT
10
135.3294
20
78.9132
0
VERTEX
8
CUT
10
135.2728
20
78.8928
0
VERTEX
8
CUT
10
135.0975
20
78.8196
0
VERTEX
8
CUT
10
135.0433
20
78.7936
0
VERTEX
8
CUT
10
134.8762
20
78.7032
0
VERTEX
8
CUT
10
134.8249
20
78.6720
0
VERTEX
8
CUT
10
134.6677
20
78.5653
0
VERTEX
8
CUT
10
134.6197
20
78.5291
0
VERTEX
8
CUT
10
134.4740
20
78.4072
0
VERTEX
8
CUT
10
134.4299
20
78.3664
0
VERTEX
8
CUT
10
134.2971
20
78.2305
0
VERTEX
8
CUT
10
134.2572
20
78.1855
0
VERTEX
8
CUT
10
134.1387
20
78.0370
0
VERTEX
8
CUT
10
134.1036
20
77.9882
0
VERTEX
8
CUT
10
134.0005
20
77.8287
0
VERTEX
8
CUT
10
133.9704
20
77.7766
0
VERTEX
8
CUT
10
133.8838
20
77.6075
0
VERTEX
8
CUT
10
133.8591
20
77.5527
0
VERTEX
8
CUT
10
133.7899
20
77.3758
0
VERTEX
8
CUT
10
133.7708
20
77.3188
0
VERTEX
8
CUT
10
133.7196
20
77.1359
0
VERTEX
8
CUT
10
133.7063
20
77.0773
0
VERTEX
8
CUT
10
133.6736
20
76.8901
0
VERTEX
8
CUT
10
133.6662
20
76.8305
0
VERTEX
8
CUT
10
133.6525
20
76.6410
0
VERTEX
8
CUT
10
133.6511
20
76.5809
0
VERTEX
8
CUT
10
133.6564
20
76.3910
0
VERTEX
8
CUT
10
133.6610
20
76.3311
0
SEQEND
0
POLYLINE
8
CUT
66
1
70
1
10
0.0
20
0.0
30
0.0
0
VERTEX
8
CUT
10
79.0023
20
237.3229
0
VERTEX
8
CUT
10
79.0016
20
237.2984
0
VERTEX
8
CUT
10
79.0012
20
237.2505
0
VERTEX
8
CUT
10
79.0012
20
237.2382
0
VERTEX
8
CUT
10
79.0022
20
237.1585
0
VERTEX
8
CUT
10
79.0025
20
237.1462
0
VERTEX
8
CUT
10
79.1211
20
233.5264
0
VERTEX
8
CUT
10
79.1218
20
233.5108
0
VERTEX
8
CUT
10
79.1278
20
233.4094
0
VERTEX
8
CUT
10
79.1289
20
233.3938
0
VERTEX
8
CUT
10
79.1397
20
233.2668
0
VERTEX
8
CUT
10
79.1413
20
233.2512
0
VERTEX
8
CUT
10
79.1525
20
233.1503
0
VERTEX
8
CUT
10
79.1544
20
233.1348
0
VERTEX
8
CUT
10
79.3976
20
231.3700
0
VERTEX
8
CUT
10
79.3995
20
231.3573
0
VERTEX
8
CUT
10
79.4128
20
231.2745
0
VERTEX
8
CUT
10
79.4149
20
231.2618
0
VERTEX
8
CUT
10
79.4338
20
231.1582
0
VERTEX
8
CUT
10
79.4362
20
231.1455
0
VERTEX
8
CUT
10
79.4530
20
231.0634
0
VERTEX
8
CUT
10
79.4557
20
231.0508
0
VERTEX
8
CUT
10
80.3295
20
227.1967
0
VERTEX
8
CUT
10
80.3319
20
227.1865
0
VERTEX
8
CUT
10
80.3493
20
227.1157
0
VERTEX
8
CUT
10
80.3519
20
227.1052
0
VERTEX
8
CUT
10
80.3642
20
227.0590
0
VERTEX
8
CUT
10
80.3705
20
227.0368
0
VERTEX
8
CUT
10
80.4125
20
226.8996
0
VERTEX
8
CUT
10
80.4193
20
226.8785
0
VERTEX
8
CUT
10
80.4319
20
226.8422
0
VERTEX
8
CUT
10
80.4354
20
226.8324
0
VERTEX
8
CUT
10
80.4602
20
226.7647
0
VERTEX
8
CUT
10
80.4644
20
226.7537
0
VERTEX
8
CUT
10
81.9228
20
223.0012
0
VERTEX
8
CUT
10
81.9294
20
222.9848
0
VERTEX
8
CUT
10
81.9740
20
222.8794
0
VERTEX
8
CUT
10
81.9811
20
222.8632
0
VERTEX
8
CUT
10
82.0410
20
222.7326
0
VERTEX
8
CUT
10
82.0485
20
222.7167
0
VERTEX
8
CUT
10
82.0992
20
222.6140
0
VERTEX
8
CUT
10
82.1073
20
222.5983
0
VERTEX
8
CUT
10
85.3283
20
216.5331
0
VERTEX
8
CUT
10
85.3357
20
216.5196
0
VERTEX
8
CUT
10
85.3846
20
216.4328
0
VERTEX
8
CUT
10
85.3924
20
216.4196
0
VERTEX
8
CUT
10
85.4566
20
216.3122
0
VERTEX
8
CUT
10
85.4646
20
216.2992
0
VERTEX
8
CUT
10
85.5180
20
216.2150
0
VERTEX
8
CUT
10
85.5264
20
216.2022
0
VERTEX
8
CUT
10
88.5150
20
211.7426
0
VERTEX
8
CUT
10
88.5239
20
211.7296
0
VERTEX
8
CUT
10
88.5835
20
211.6456
0
VERTEX
8
CUT
10
88.5928
20
211.6328
0
VERTEX
8
CUT
10
88.6703
20
211.5294
0
VERTEX
8
CUT
10
88.6800
20
211.5168
0
VERTEX
8
CUT
10
88.7439
20
211.4361
0
VERTEX
8
CUT
10
88.7539
20
211.4238
0
VERTEX
8
CUT
10
92.9238
20
206.4329
0
VERTEX
8
CUT
10
92.9382
20
206.4163
0
VERTEX
8
CUT
10
93.0337
20
206.3101
0
VERTEX
8
CUT
10
93.0487
20
206.2940
0
VERTEX
8
CUT
10
93.1733
20
206.1654
0
VERTEX
8
CUT
10
93.1889
20
206.1499
0
VERTEX
8
CUT
10
93.2919
20
206.0510
0
VERTEX
8
CUT
10
93.3080
20
206.0361
0
VERTEX
8
CUT
10
105.4250
20
195.2304
0
VERTEX
8
CUT
10
105.4284
20
195.2274
0
VERTEX
8
CUT
10
105.4523
20
195.2064
0
VERTEX
8
CUT
10
105.4560
20
195.2032
0
VERTEX
8
CUT
10
105.4860
20
195.1773
0
VERTEX
8
CUT
10
105.4896
20
195.1742
0
VERTEX
8
CUT
10
105.5135
20
195.1539
0
VERTEX
8
CUT
10
105.5174
20
195.1506
0
VERTEX
8
CUT
10
119.0984
20
183.8064
0
VERTEX
8
CUT
10
119.1024
20
183.8031
0
VERTEX
8
CUT
10
119.1116
20
183.7953
0
VERTEX
8
CUT
10
119.1155
20
183.7920
0
VERTEX
8
CUT
10
119.1251
20
183.7838
0
VERTEX
8
CUT
10
119.1298
20
183.7797
0
VERTEX
8
CUT
10
119.1410
20
183.7701
0
VERTEX
8
CUT
10
119.1457
20
183.7659
0
VERTEX
8
CUT
10
119.1496
20
183.7625
0
VERTEX
8
CUT
10
119.1544
20
183.7583
0
VERTEX
8
CUT
10
119.1655
20
183.7483
0
VERTEX
8
CUT
10
119.1697
20
183.7445
0
VERTEX
8
CUT
10
119.1785
20
183.7366
0
VERTEX
8
CUT
10
119.1911
20
183.7250
0
VERTEX
8
CUT
10
119.1966
20
183.7198
0
VERTEX
8
CUT
10
122.0534
20
181.0456
0
VERTEX
8
CUT
10
122.0580
20
181.0413
0
VERTEX
8
CUT
10
122.0687
20
181.0311
0
VERTEX
8
CUT
10
122.0732
20
181.0268
0
VERTEX
8
CUT
10
122.0842
20
181.0162
0
VERTEX
8
CUT
10
122.0897
20
181.0108
0
VERTEX
8
CUT
10
122.1025
20
180.9983
0
VERTEX
8
CUT
10
122.1080
20
180.9929
0
VERTEX
8
CUT
10
122.1124
20
180.9885
0
VERTEX
8
CUT
10
122.1179
20
180.9829
0
VERTEX
8
CUT
10
122.1308
20
180.9699
0
VERTEX
8
CUT
10
122.1362
20
180.9644
0
VERTEX
8
CUT
10
122.1388
20
180.9617
0
VERTEX
8
CUT
10
122.1452
20
180.9550
0
VERTEX
8
CUT
10
122.1599
20
180.9395
0
VERTEX
8
CUT
10
122.1662
20
180.9328
0
VERTEX
8
CUT
10
124.1637
20
178.7866
0
VERTEX
8
CUT
10
124.1746
20
178.7747
0
VERTEX
8
CUT
10
124.1998
20
178.7467
0
VERTEX
8
CUT
10
124.2104
20
178.7346
0
VERTEX
8
CUT
10
124.2231
20
178.7199
0
VERTEX
8
CUT
10
124.2335
20
178.7077
0
VERTEX
8
CUT
10
124.2575
20
178.6790
0
VERTEX
8
CUT
10
124.2677
20
178.6666
0
VERTEX
8
CUT
10
124.2758
20
178.6566
0
VERTEX
8
CUT
10
124.2857
20
178.6440
0
VERTEX
8
CUT
10
124.3087
20
178.6144
0
VERTEX
8
CUT
10
124.3184
20
178.6016
0
VERTEX
8
CUT
10
124.3302
20
178.5859
0
VERTEX
8
CUT
10
124.3397
20
178.5730
0
VERTEX
8
CUT
10
124.3616
20
178.5426
0
VERTEX
8
CUT
10
124.3709
20
178.5295
0
VERTEX
8
CUT
10
125.3855
20
177.0674
0
VERTEX
8
CUT
10
125.3932
20
177.0561
0
VERTEX
8
CUT
10
125.4021
20
177.0429
0
VERTEX
8
CUT
10
125.4311
20
176.9968
0
VERTEX
8
CUT
10
125.4766
20
176.9193
0
VERTEX
8
CUT
10
125.4954
20
176.8856
0
VERTEX
8
CUT
10
125.5126
20
176.8512
0
VERTEX
8
CUT
10
125.5509
20
176.7698
0
VERTEX
8
CUT
10
125.5726
20
176.7199
0
VERTEX
8
CUT
10
125.5785
20
176.7051
0
VERTEX
8
CUT
10
125.5835
20
176.6924
0
VERTEX
8
CUT
10
126.0064
20
175.5850
0
VERTEX
8
CUT
10
126.0106
20
175.5739
0
VERTEX
8
CUT
10
126.0142
20
175.5639
0
VERTEX
8
CUT
10
126.0289
20
175.5205
0
VERTEX
8
CUT
10
126.0533
20
175.4419
0
VERTEX
8
CUT
10
126.0629
20
175.4085
0
VERTEX
8
CUT
10
126.0708
20
175.3764
0
VERTEX
8
CUT
10
126.0877
20
175.3006
0
VERTEX
8
CUT
10
126.0966
20
175.2556
0
VERTEX
8
CUT
10
126.0992
20
175.2405
0
VERTEX
8
CUT
10
126.1013
20
175.2274
0
VERTEX
8
CUT
10
126.2573
20
174.2246
0
VERTEX
8
CUT
10
126.2625
20
174.1860
0
VERTEX
8
CUT
10
126.2704
20
174.1150
0
VERTEX
8
CUT
10
126.2757
20
174.0374
0
VERTEX
8
CUT
10
126.2770
20
173.9855
0
VERTEX
8
CUT
10
126.2755
20
173.9077
0
VERTEX
8
CUT
10
126.2723
20
173.8559
0
VERTEX
8
CUT
10
126.2641
20
173.7785
0
VERTEX
8
CUT
10
126.2535
20
173.7079
0
VERTEX
8
CUT
10
126.2469
20
173.6695
0
VERTEX
8
CUT
10
126.0092
20
172.4456
0
VERTEX
8
CUT
10
126.0004
20
172.4053
0
VERTEX
8
CUT
10
125.9826
20
172.3317
0
VERTEX
8
CUT
10
125.9595
20
172.2525
0
VERTEX
8
CUT
10
125.9417
20
172.2004
0
VERTEX
8
CUT
10
125.9114
20
172.1236
0
VERTEX
8
CUT
10
125.8889
20
172.0734
0
VERTEX
8
CUT
10
125.8517
20
171.9997
0
VERTEX
8
CUT
10
125.8247
20
171.9518
0
VERTEX
8
CUT
10
125.7809
20
171.8818
0
VERTEX
8
CUT
10
125.7379
20
171.8196
0
VERTEX
8
CUT
10
125.7137
20
171.7862
0
VERTEX
8
CUT
10
125.4037
20
171.3791
0
VERTEX
8
CUT
10
125.3790
20
171.3482
0
VERTEX
8
CUT
10
125.3327
20
171.2926
0
VERTEX
8
CUT
10
125.2796
20
171.2342
0
VERTEX
8
CUT
10
125.2425
20
171.1969
0
VERTEX
8
CUT
10
125.1844
20
171.1434
0
VERTEX
8
CUT
10
125.1442
20
171.1095
0
VERTEX
8
CUT
10
125.0817
20
171.0613
0
VERTEX
8
CUT
10
125.0225
20
171.0197
0
VERTEX
8
CUT
10
124.9897
20
170.9977
0
VERTEX
8
CUT
10
124.4432
20
170.6483
0
VERTEX
8
CUT
10
124.4070
20
170.6263
0
VERTEX
8
CUT
10
124.3398
20
170.5877
0
VERTEX
8
CUT
10
124.2646
20
170.5490
0
VERTEX
8
CUT
10
124.2134
20
170.5257
0
VERTEX
8
CUT
10
124.1349
20
170.4942
0
VERTEX
8
CUT
10
124.0817
20
170.4758
0
VERTEX
8
CUT
10
124.0006
20
170.4519
0
VERTEX
8
CUT
10
123.9253
20
170.4335
0
VERTEX
8
CUT
10
123.8840
20
170.4244
0
VERTEX
8
CUT
10
121.6256
20
169.9834
0
VERTEX
8
CUT
10
121.6132
20
169.9811
0
VERTEX
8
CUT
10
121.5842
20
169.9759
0
VERTEX
8
CUT
10
121.5717
20
169.9737
0
VERTEX
8
CUT
10
121.5565
20
169.9712
0
VERTEX
8
CUT
10
121.5440
20
169.9692
0
VERTEX
8
CUT
10
121.5148
20
169.9648
0
VERTEX
8
CUT
10
121.5023
20
169.9630
0
VERTEX
8
CUT
10
121.4923
20
169.9616
0
VERTEX
8
CUT
10
121.4797
20
169.9599
0
VERTEX
8
CUT
10
121.4505
20
169.9563
0
VERTEX
8
CUT
10
121.4379
20
169.9549
0
VERTEX
8
CUT
10
121.4226
20
169.9532
0
VERTEX
8
CUT
10
121.4100
20
169.9519
0
VERTEX
8
CUT
10
121.3807
20
169.9491
0
VERTEX
8
CUT
10
121.3681
20
169.9480
0
VERTEX
8
CUT
10
112.4790
20
169.2312
0
VERTEX
8
CUT
10
112.4570
20
169.2290
0
VERTEX
8
CUT
10
112.3146
20
169.2122
0
VERTEX
8
CUT
10
112.2927
20
169.2092
0
VERTEX
8
CUT
10
112.1149
20
169.1816
0
VERTEX
8
CUT
10
112.0931
20
169.1778
0
VERTEX
8
CUT
10
111.9523
20
169.1506
0
VERTEX
8
CUT
10
111.9307
20
169.1460
0
VERTEX
8
CUT
10
108.3682
20
168.3206
0
VERTEX
8
CUT
10
108.3517
20
168.3166
0
VERTEX
8
CUT
10
108.2450
20
168.2887
0
VERTEX
8
CUT
10
108.2287
20
168.2841
0
VERTEX
8
CUT
10
108.0958
20
168.2453
0
VERTEX
8
CUT
10
108.0796
20
168.2403
0
VERTEX
8
CUT
10
107.9978
20
168.2139
0
VERTEX
8
CUT
10
107.9687
20
168.2037
0
VERTEX
8
CUT
10
107.8947
20
168.1755
0
VERTEX
8
CUT
10
107.8798
20
168.1696
0
VERTEX
8
CUT
10
107.8275
20
168.1480
0
VERTEX
8
CUT
10
107.8001
20
168.1359
0
VERTEX
8
CUT
10
107.6265
20
168.0541
0
VERTEX
8
CUT
10
107.5737
20
168.0259
0
VERTEX
8
CUT
10
107.4114
20
167.9285
0
VERTEX
8
CUT
10
107.3617
20
167.8952
0
VERTEX
8
CUT
10
107.2099
20
167.7821
0
VERTEX
8
CUT
10
107.1637
20
167.7440
0
VERTEX
8
CUT
10
107.0240
20
167.6163
0
VERTEX
8
CUT
10
106.9818
20
167.5738
0
VERTEX
8
CUT
10
106.8555
20
167.4329
0
VERTEX
8
CUT
10
106.8178
20
167.3864
0
VERTEX
8
CUT
10
106.7061
20
167.2335
0
VERTEX
8
CUT
10
106.6733
20
167.1835
0
VERTEX
8
CUT
10
106.5774
20
167.0203
0
VERTEX
8
CUT
10
106.5497
20
166.9672
0
VERTEX
8
CUT
10
106.4705
20
166.7953
0
VERTEX
8
CUT
10
106.4482
20
166.7397
0
VERTEX
8
CUT
10
106.3866
20
166.5608
0
VERTEX
8
CUT
10
106.3700
20
166.5033
0
VERTEX
8
CUT
10
106.3265
20
166.3190
0
VERTEX
8
CUT
10
106.3157
20
166.2602
0
VERTEX
8
CUT
10
106.2908
20
166.0725
0
VERTEX
8
CUT
10
106.2859
20
166.0129
0
VERTEX
8
CUT
10
106.2798
20
165.8237
0
VERTEX
8
CUT
10
106.2809
20
165.7638
0
VERTEX
8
CUT
10
106.2937
20
165.5750
0
VERTEX
8
CUT
10
106.3008
20
165.5155
0
VERTEX
8
CUT
10
106.3323
20
165.3289
0
VERTEX
8
CUT
10
106.3453
20
165.2704
0
VERTEX
8
CUT
10
106.3953
20
165.0879
0
VERTEX
8
CUT
10
106.4140
20
165.0310
0
VERTEX
8
CUT
10
106.4819
20
164.8544
0
VERTEX
8
CUT
10
106.5062
20
164.7996
0
VERTEX
8
CUT
10
106.5914
20
164.6306
0
VERTEX
8
CUT
10
106.6210
20
164.5786
0
VERTEX
8
CUT
10
106.7226
20
164.4189
0
VERTEX
8
CUT
10
106.7573
20
164.3701
0
VERTEX
8
CUT
10
106.8743
20
164.2213
0
VERTEX
8
CUT
10
106.9136
20
164.1762
0
VERTEX
8
CUT
10
107.0449
20
164.0399
0
VERTEX
8
CUT
10
107.0886
20
163.9989
0
VERTEX
8
CUT
10
107.2328
20
163.8763
0
VERTEX
8
CUT
10
107.2803
20
163.8399
0
VERTEX
8
CUT
10
107.4360
20
163.7323
0
VERTEX
8
CUT
10
107.4869
20
163.7007
0
VERTEX
8
CUT
10
107.6526
20
163.6092
0
VERTEX
8
CUT
10
107.7064
20
163.5829
0
VERTEX
8
CUT
10
107.8803
20
163.5083
0
VERTEX
8
CUT
10
107.9365
20
163.4875
0
VERTEX
8
CUT
10
108.1170
20
163.4307
0
VERTEX
8
CUT
10
108.1749
20
163.4156
0
VERTEX
8
CUT
10
108.3602
20
163.3770
0
VERTEX
8
CUT
10
108.4194
20
163.3677
0
VERTEX
8
CUT
10
108.6102
20
163.3475
0
VERTEX
8
CUT
10
108.6401
20
163.3451
0
VERTEX
8
CUT
10
108.6984
20
163.3419
0
VERTEX
8
CUT
10
108.7134
20
163.3412
0
VERTEX
8
CUT
10
108.8107
20
163.3383
0
VERTEX
8
CUT
10
108.8256
20
163.3380
0
VERTEX
8
CUT
10
112.3093
20
163.3185
0
VERTEX
8
CUT
10
112.3163
20
163.3184
0
VERTEX
8
CUT
10
112.3326
20
163.3182
0
VERTEX
8
CUT
10
112.3354
20
163.3181
0
VERTEX
8
CUT
10
112.3652
20
163.3171
0
VERTEX
8
CUT
10
112.4217
20
163.3142
0
VERTEX
8
CUT
10
112.4833
20
163.3089
0
VERTEX
8
CUT
10
112.5574
20
163.2999
0
VERTEX
8
CUT
10
112.5915
20
163.2951
0
VERTEX
8
CUT
10
116.3815
20
162.6894
0
VERTEX
8
CUT
10
116.3969
20
162.6868
0
VERTEX
8
CUT
10
116.4327
20
162.6804
0
VERTEX
8
CUT
10
116.4480
20
162.6776
0
VERTEX
8
CUT
10
116.4664
20
162.6740
0
VERTEX
8
CUT
10
116.4816
20
162.6709
0
VERTEX
8
CUT
10
116.5170
20
162.6633
0
VERTEX
8
CUT
10
116.5321
20
162.6600
0
VERTEX
8
CUT
10
116.5442
20
162.6571
0
VERTEX
8
CUT
10
116.5593
20
162.6535
0
VERTEX
8
CUT
10
116.5945
20
162.6447
0
VERTEX
8
CUT
10
116.6095
20
162.6408
0
VERTEX
8
CUT
10
116.6278
20
162.6359
0
VERTEX
8
CUT
10
116.6427
20
162.6318
0
VERTEX
8
CUT
10
116.6776
20
162.6218
0
VERTEX
8
CUT
10
116.6924
20
162.6174
0
VERTEX
8
CUT
10
126.0660
20
159.7532
0
VERTEX
8
CUT
10
126.0749
20
159.7506
0
VERTEX
8
CUT
10
126.1370
20
159.7326
0
VERTEX
8
CUT
10
126.1466
20
159.7300
0
VERTEX
8
CUT
10
126.2245
20
159.7089
0
VERTEX
8
CUT
10
126.2339
20
159.7064
0
VERTEX
8
CUT
10
126.2957
20
159.6908
0
VERTEX
8
CUT
10
126.3058
20
159.6883
0
VERTEX
8
CUT
10
128.5425
20
159.1629
0
VERTEX
8
CUT
10
128.5637
20
159.1583
0
VERTEX
8
CUT
10
128.7021
20
159.1310
0
VERTEX
8
CUT
10
128.7234
20
159.1272
0
VERTEX
8
CUT
10
128.8981
20
159.0993
0
VERTEX
8
CUT
10
128.9196
20
159.0963
0
VERTEX
8
CUT
10
129.0596
20
159.0791
0
VERTEX
8
CUT
10
129.0811
20
159.0768
0
VERTEX
8
CUT
10
131.9030
20
158.8336
0
VERTEX
8
CUT
10
131.9248
20
158.8321
0
VERTEX
8
CUT
10
132.0666
20
158.8251
0
VERTEX
8
CUT
10
132.0884
20
158.8244
0
VERTEX
8
CUT
10
132.2665
20
158.8220
0
VERTEX
8
CUT
10
132.2884
20
158.8221
0
VERTEX
8
CUT
10
132.4303
20
158.8254
0
VERTEX
8
CUT
10
132.4521
20
158.8263
0
VERTEX
8
CUT
10
136.6021
20
159.0743
0
VERTEX
8
CUT
10
136.6162
20
159.0753
0
VERTEX
8
CUT
10
136.7083
20
159.0830
0
VERTEX
8
CUT
10
136.7224
20
159.0844
0
VERTEX
8
CUT
10
136.7777
20
159.0903
0
VERTEX
8
CUT
10
136.8058
20
159.0940
0
VERTEX
8
CUT
10
136.9859
20
159.1220
0
VERTEX
8
CUT
10
137.0415
20
159.1334
0
VERTEX
8
CUT
10
137.2181
20
159.1784
0
VERTEX
8
CUT
10
137.2455
20
159.1860
0
VERTEX
8
CUT
10
137.2986
20
159.2022
0
VERTEX
8
CUT
10
137.3121
20
159.2066
0
VERTEX
8
CUT
10
137.3998
20
159.2356
0
VERTEX
8
CUT
10
137.4132
20
159.2403
0
VERTEX
8
CUT
10
139.6336
20
160.0357
0
VERTEX
8
CUT
10
139.6506
20
160.0421
0
VERTEX
8
CUT
10
139.7604
20
160.0852
0
VERTEX
8
CUT
10
139.7771
20
160.0920
0
VERTEX
8
CUT
10
139.8422
20
160.1199
0
VERTEX
8
CUT
10
139.8751
20
160.1351
0
VERTEX
8
CUT
10
140.0856
20
160.2408
0
VERTEX
8
CUT
10
140.1176
20
160.2580
0
VERTEX
8
CUT
10
140.1787
20
160.2935
0
VERTEX
8
CUT
10
140.1943
20
160.3028
0
VERTEX
8
CUT
10
140.2944
20
160.3650
0
VERTEX
8
CUT
10
140.3097
20
160.3748
0
VERTEX
8
CUT
10
142.5445
20
161.8578
0
VERTEX
8
CUT
10
142.5554
20
161.8652
0
VERTEX
8
CUT
10
142.6259
20
161.9143
0
VERTEX
8
CUT
10
142.6367
20
161.9219
0
VERTEX
8
CUT
10
142.6784
20
161.9523
0
VERTEX
8
CUT
10
142.6994
20
161.9684
0
VERTEX
8
CUT
10
142.8336
20
162.0756
0
VERTEX
8
CUT
10
142.8539
20
162.0925
0
VERTEX
8
CUT
10
142.8928
20
162.1265
0
VERTEX
8
CUT
10
142.9026
20
162.1353
0
VERTEX
8
CUT
10
142.9661
20
162.1932
0
VERTEX
8
CUT
10
142.9757
20
162.2022
0
VERTEX
8
CUT
10
143.7952
20
162.9843
0
VERTEX
8
CUT
10
143.8044
20
162.9933
0
VERTEX
8
CUT
10
143.8636
20
163.0523
0
VERTEX
8
CUT
10
143.8726
20
163.0615
0
VERTEX
8
CUT
10
143.9074
20
163.0977
0
VERTEX
8
CUT
10
143.9248
20
163.1166
0
VERTEX
8
CUT
10
144.0353
20
163.2418
0
VERTEX
8
CUT
10
144.0519
20
163.2615
0
VERTEX
8
CUT
10
144.0835
20
163.3005
0
VERTEX
8
CUT
10
144.0915
20
163.3106
0
VERTEX
8
CUT
10
144.1426
20
163.3767
0
VERTEX
8
CUT
10
144.1504
20
163.3869
0
VERTEX
8
CUT
10
145.7511
20
165.5491
0
VERTEX
8
CUT
10
145.7589
20
165.5599
0
VERTEX
8
CUT
10
145.8092
20
165.6312
0
VERTEX
8
CUT
10
145.8169
20
165.6422
0
VERTEX
8
CUT
10
145.8461
20
165.6857
0
VERTEX
8
CUT
10
145.8606
20
165.7083
0
VERTEX
8
CUT
10
145.9514
20
165.8571
0
VERTEX
8
CUT
10
145.9649
20
165.8803
0
VERTEX
8
CUT
10
145.9901
20
165.9262
0
VERTEX
8
CUT
10
145.9965
20
165.9380
0
VERTEX
8
CUT
10
146.0368
20
166.0153
0
VERTEX
8
CUT
10
146.0429
20
166.0273
0
VERTEX
8
CUT
10
146.5126
20
166.9792
0
VERTEX
8
CUT
10
146.5216
20
166.9984
0
VERTEX
8
CUT
10
146.5781
20
167.1238
0
VERTEX
8
CUT
10
146.5865
20
167.1432
0
VERTEX
8
CUT
10
146.6517
20
167.3030
0
VERTEX
8
CUT
10
146.6594
20
167.3227
0
VERTEX
8
CUT
10
146.7069
20
167.4518
0
VERTEX
8
CUT
10
146.7138
20
167.4718
0
VERTEX
8
CUT
10
147.0664
20
168.5456
0
VERTEX
8
CUT
10
147.0698
20
168.5561
0
VERTEX
8
CUT
10
147.0924
20
168.6297
0
VERTEX
8
CUT
10
147.0957
20
168.6407
0
VERTEX
8
CUT
10
147.1096
20
168.6892
0
VERTEX
8
CUT
10
147.1159
20
168.7127
0
VERTEX
8
CUT
10
147.1518
20
168.8599
0
VERTEX
8
CUT
10
147.1569
20
168.8828
0
VERTEX
8
CUT
10
147.1650
20
168.9225
0
VERTEX
8
CUT
10
147.1671
20
168.9334
0
VERTEX
8
CUT
10
147.1808
20
169.0082
0
VERTEX
8
CUT
10
147.1829
20
169.0204
0
VERTEX
8
CUT
10
147.4225
20
170.4924
0
VERTEX
8
CUT
10
147.4251
20
170.5099
0
VERTEX
8
CUT
10
147.4402
20
170.6240
0
VERTEX
8
CUT
10
147.4422
20
170.6416
0
VERTEX
8
CUT
10
147.4493
20
170.7103
0
VERTEX
8
CUT
10
147.4519
20
170.7456
0
VERTEX
8
CUT
10
147.4618
20
170.9755
0
VERTEX
8
CUT
10
147.4623
20
171.0109
0
VERTEX
8
CUT
10
147.4612
20
171.0799
0
VERTEX
8
CUT
10
147.4606
20
171.0976
0
VERTEX
8
CUT
10
147.4554
20
171.2126
0
VERTEX
8
CUT
10
147.4543
20
171.2303
0
VERTEX
8
CUT
10
147.2763
20
173.6018
0
VERTEX
8
CUT
10
147.2752
20
173.6145
0
VERTEX
8
CUT
10
147.2672
20
173.6972
0
VERTEX
8
CUT
10
147.2658
20
173.7099
0
VERTEX
8
CUT
10
147.2600
20
173.7595
0
VERTEX
8
CUT
10
147.2564
20
173.7848
0
VERTEX
8
CUT
10
147.2303
20
173.9466
0
VERTEX
8
CUT
10
147.2200
20
173.9966
0
VERTEX
8
CUT
10
147.1802
20
174.1556
0
VERTEX
8
CUT
10
147.1735
20
174.1802
0
VERTEX
8
CUT
10
147.1593
20
174.2281
0
VERTEX
8
CUT
10
147.1555
20
174.2403
0
VERTEX
8
CUT
10
147.1303
20
174.3194
0
VERTEX
8
CUT
10
147.1262
20
174.3316
0
VERTEX
8
CUT
10
146.2703
20
176.8258
0
VERTEX
8
CUT
10
146.2656
20
176.8392
0
VERTEX
8
CUT
10
146.2336
20
176.9256
0
VERTEX
8
CUT
10
146.2286
20
176.9388
0
VERTEX
8
CUT
10
146.2081
20
176.9903
0
VERTEX
8
CUT
10
146.1971
20
177.0163
0
VERTEX
8
CUT
10
146.1211
20
177.1841
0
VERTEX
8
CUT
10
146.1088
20
177.2097
0
VERTEX
8
CUT
10
146.0836
20
177.2589
0
VERTEX
8
CUT
10
146.0771
20
177.2715
0
VERTEX
8
CUT
10
146.0332
20
177.3525
0
VERTEX
8
CUT
10
146.0263
20
177.3649
0
VERTEX
8
CUT
10
145.3623
20
178.5259
0
VERTEX
8
CUT
10
145.3533
20
178.5410
0
VERTEX
8
CUT
10
145.2938
20
178.6384
0
VERTEX
8
CUT
10
145.2844
20
178.6533
0
VERTEX
8
CUT
10
145.2061
20
178.7733
0
VERTEX
8
CUT
10
145.1963
20
178.7878
0
VERTEX
8
CUT
10
145.1311
20
178.8816
0
VERTEX
8
CUT
10
145.1209
20
178.8959
0
VERTEX
8
CUT
10
144.2549
20
180.0670
0
VERTEX
8
CUT
10
144.2439
20
180.0815
0
VERTEX
8
CUT
10
144.1707
20
180.1744
0
VERTEX
8
CUT
10
144.1593
20
180.1885
0
VERTEX
8
CUT
10
144.0640
20
180.3022
0
VERTEX
8
CUT
10
144.0521
20
180.3160
0
VERTEX
8
CUT
10
143.9734
20
180.4043
0
VERTEX
8
CUT
10
143.9611
20
180.4177
0
VERTEX
8
CUT
10
142.8459
20
181.5958
0
VERTEX
8
CUT
10
142.8311
20
181.6109
0
VERTEX
8
CUT
10
142.7334
20
181.7071
0
VERTEX
8
CUT
10
142.7181
20
181.7216
0
VERTEX
8
CUT
10
142.5914
20
181.8379
0
VERTEX
8
CUT
10
142.5756
20
181.8519
0
VERTEX
8
CUT
10
142.4714
20
181.9410
0
VERTEX
8
CUT
10
142.4552
20
181.9544
0
VERTEX
8
CUT
10
138.9282
20
184.7611
0
VERTEX
8
CUT
10
138.9156
20
184.7708
0
VERTEX
8
CUT
10
138.8333
20
184.8328
0
VERTEX
8
CUT
10
138.8204
20
184.8422
0
VERTEX
8
CUT
10
138.7150
20
184.9174
0
VERTEX
8
CUT
10
138.7020
20
184.9264
0
VERTEX
8
CUT
10
138.6164
20
184.9841
0
VERTEX
8
CUT
10
138.6031
20
184.9927
0
VERTEX
8
CUT
10
136.3056
20
186.4535
0
VERTEX
8
CUT
10
136.2984
20
186.4580
0
VERTEX
8
CUT
10
136.2483
20
186.4889
0
VERTEX
8
CUT
10
136.2405
20
186.4937
0
VERTEX
8
CUT
10
136.1774
20
186.5312
0
VERTEX
8
CUT
10
136.1697
20
186.5357
0
VERTEX
8
CUT
10
136.1193
20
186.5647
0
VERTEX
8
CUT
10
136.1111
20
186.5694
0
VERTEX
8
CUT
10
121.7698
20
194.5226
0
VERTEX
8
CUT
10
121.7619
20
194.5270
0
VERTEX
8
CUT
10
121.7436
20
194.5374
0
VERTEX
8
CUT
10
121.7358
20
194.5419
0
VERTEX
8
CUT
10
121.7262
20
194.5475
0
VERTEX
8
CUT
10
121.7184
20
194.5520
0
VERTEX
8
CUT
10
121.7003
20
194.5628
0
VERTEX
8
CUT
10
121.6926
20
194.5675
0
VERTEX
8
CUT
10
121.6863
20
194.5713
0
VERTEX
8
CUT
10
121.6786
20
194.5760
0
VERTEX
8
CUT
10
121.6607
20
194.5871
0
VERTEX
8
CUT
10
121.6531
20
194.5920
0
VERTEX
8
CUT
10
121.6438
20
194.5979
0
VERTEX
8
CUT
10
121.6362
20
194.6028
0
VERTEX
8
CUT
10
121.6185
20
194.6143
0
VERTEX
8
CUT
10
121.6109
20
194.6192
0
VERTEX
8
CUT
10
116.7291
20
197.8644
0
VERTEX
8
CUT
10
116.7187
20
197.8713
0
VERTEX
8
CUT
10
116.6948
20
197.8878
0
VERTEX
8
CUT
10
116.6845
20
197.8949
0
VERTEX
8
CUT
10
116.6721
20
197.9037
0
VERTEX
8
CUT
10
116.6620
20
197.9109
0
VERTEX
8
CUT
10
116.6384
20
197.9280
0
VERTEX
8
CUT
10
116.6284
20
197.9354
0
VERTEX
8
CUT
10
116.6204
20
197.9414
0
VERTEX
8
CUT
10
116.6104
20
197.9489
0
VERTEX
8
CUT
10
116.5874
20
197.9667
0
VERTEX
8
CUT
10
116.5776
20
197.9743
0
VERTEX
8
CUT
10
116.5657
20
197.9838
0
VERTEX
8
CUT
10
116.5559
20
197.9916
0
VERTEX
8
CUT
10
116.5334
20
198.0099
0
VERTEX
8
CUT
10
116.5238
20
198.0179
0
VERTEX
8
CUT
10
114.0571
20
200.0848
0
VERTEX
8
CUT
10
114.0468
20
200.0936
0
VERTEX
8
CUT
10
114.0229
20
200.1142
0
VERTEX
8
CUT
10
114.0127
20
200.1232
0
VERTEX
8
CUT
10
114.0004
20
200.1342
0
VERTEX
8
CUT
10
113.9903
20
200.1432
0
VERTEX
8
CUT
10
113.9671
20
200.1646
0
VERTEX
8
CUT
10
113.9572
20
200.1738
0
VERTEX
8
CUT
10
113.9493
20
200.1813
0
VERTEX
8
CUT
10
113.9395
20
200.1907
0
VERTEX
8
CUT
10
113.9169
20
200.2127
0
VERTEX
8
CUT
10
113.9073
20
200.2222
0
VERTEX
8
CUT
10
113.8956
20
200.2339
0
VERTEX
8
CUT
10
113.8861
20
200.2436
0
VERTEX
8
CUT
10
113.8642
20
200.2663
0
VERTEX
8
CUT
10
113.8549
20
200.2761
0
VERTEX
8
CUT
10
110.8797
20
203.4505
0
VERTEX
8
CUT
10
110.8688
20
203.4623
0
VERTEX
8
CUT
10
110.8438
20
203.4900
0
VERTEX
8
CUT
10
110.8332
20
203.5019
0
VERTEX
8
CUT
10
110.8204
20
203.5166
0
VERTEX
8
CUT
10
110.8099
20
203.5288
0
VERTEX
8
CUT
10
110.7859
20
203.5573
0
VERTEX
8
CUT
10
110.7757
20
203.5697
0
VERTEX
8
CUT
10
110.7677
20
203.5796
0
VERTEX
8
CUT
10
110.7577
20
203.5921
0
VERTEX
8
CUT
10
110.7347
20
203.6215
0
VERTEX
8
CUT
10
110.7249
20
203.6342
0
VERTEX
8
CUT
10
110.7132
20
203.6497
0
VERTEX
8
CUT
10
110.7037
20
203.6626
0
VERTEX
8
CUT
10
110.6817
20
203.6928
0
VERTEX
8
CUT
10
110.6724
20
203.7058
0
VERTEX
8
CUT
10
108.1770
20
207.2700
0
VERTEX
8
CUT
10
108.1685
20
207.2824
0
VERTEX
8
CUT
10
108.1489
20
207.3115
0
VERTEX
8
CUT
10
108.1405
20
207.3240
0
VERTEX
8
CUT
10
108.1305
20
207.3394
0
VERTEX
8
CUT
10
108.1224
20
207.3521
0
VERTEX
8
CUT
10
108.1037
20
207.3818
0
VERTEX
8
CUT
10
108.0958
20
207.3947
0
VERTEX
8
CUT
10
108.0896
20
207.4050
0
VERTEX
8
CUT
10
108.0819
20
207.4179
0
VERTEX
8
CUT
10
108.0642
20
207.4483
0
VERTEX
8
CUT
10
108.0568
20
207.4614
0
VERTEX
8
CUT
10
108.0478
20
207.4774
0
VERTEX
8
CUT
10
108.0405
20
207.4906
0
VERTEX
8
CUT
10
108.0239
20
207.5215
0
VERTEX
8
CUT
10
108.0169
20
207.5348
0
VERTEX
8
CUT
10
106.1025
20
211.2393
0
VERTEX
8
CUT
10
106.0955
20
211.2530
0
VERTEX
8
CUT
10
106.0795
20
211.2853
0
VERTEX
8
CUT
10
106.0728
20
211.2992
0
VERTEX
8
CUT
10
106.0647
20
211.3162
0
VERTEX
8
CUT
10
106.0583
20
211.3302
0
VERTEX
8
CUT
10
106.0434
20
211.3630
0
VERTEX
8
CUT
10
106.0371
20
211.3772
0
VERTEX
8
CUT
10
106.0322
20
211.3885
0
VERTEX
8
CUT
10
106.0262
20
211.4027
0
VERTEX
8
CUT
10
106.0125
20
211.4360
0
VERTEX
8
CUT
10
106.0067
20
211.4503
0
VERTEX
8
CUT
10
105.9998
20
211.4679
0
VERTEX
8
CUT
10
105.9943
20
211.4823
0
VERTEX
8
CUT
10
105.9817
20
211.5160
0
VERTEX
8
CUT
10
105.9765
20
211.5305
0
VERTEX
8
CUT
10
104.5922
20
215.4469
0
VERTEX
8
CUT
10
104.5872
20
215.4616
0
VERTEX
8
CUT
10
104.5757
20
215.4959
0
VERTEX
8
CUT
10
104.5709
20
215.5107
0
VERTEX
8
CUT
10
104.5652
20
215.5288
0
VERTEX
8
CUT
10
104.5607
20
215.5436
0
VERTEX
8
CUT
10
104.5504
20
215.5784
0
VERTEX
8
CUT
10
104.5461
20
215.5933
0
VERTEX
8
CUT
10
104.5428
20
215.6053
0
VERTEX
8
CUT
10
104.5387
20
215.6203
0
VERTEX
8
CUT
10
104.5297
20
215.6554
0
VERTEX
8
CUT
10
104.5259
20
215.6704
0
VERTEX
8
CUT
10
104.5215
20
215.6888
0
VERTEX
8
CUT
10
104.5180
20
215.7040
0
VERTEX
8
CUT
10
104.5101
20
215.7393
0
VERTEX
8
CUT
10
104.5068
20
215.7545
0
VERTEX
8
CUT
10
103.6945
20
219.7278
0
VERTEX
8
CUT
10
103.6931
20
219.7348
0
VERTEX
8
CUT
10
103.6899
20
219.7511
0
VERTEX
8
CUT
10
103.6893
20
219.7539
0
VERTEX
8
CUT
10
103.6841
20
219.7839
0
VERTEX
8
CUT
10
103.6752
20
219.8411
0
VERTEX
8
CUT
10
103.6677
20
219.9038
0
VERTEX
8
CUT
10
103.6612
20
219.9798
0
VERTEX
8
CUT
10
103.6590
20
220.0149
0
VERTEX
8
CUT
10
103.4827
20
223.8904
0
VERTEX
8
CUT
10
103.4823
20
223.9003
0
VERTEX
8
CUT
10
103.4820
20
223.9093
0
VERTEX
8
CUT
10
103.4815
20
223.9474
0
VERTEX
8
CUT
10
103.4821
20
224.0156
0
VERTEX
8
CUT
10
103.4828
20
224.0445
0
VERTEX
8
CUT
10
103.4844
20
224.0720
0
VERTEX
8
CUT
10
103.4892
20
224.1363
0
VERTEX
8
CUT
10
103.4929
20
224.1743
0
VERTEX
8
CUT
10
103.4944
20
224.1869
0
VERTEX
8
CUT
10
103.4957
20
224.1978
0
VERTEX
8
CUT
10
103.9692
20
227.8342
0
VERTEX
8
CUT
10
103.9707
20
227.8453
0
VERTEX
8
CUT
10
103.9722
20
227.8552
0
VERTEX
8
CUT
10
103.9793
20
227.8979
0
VERTEX
8
CUT
10
103.9940
20
227.9744
0
VERTEX
8
CUT
10
104.0009
20
228.0066
0
VERTEX
8
CUT
10
104.0086
20
228.0370
0
VERTEX
8
CUT
10
104.0279
20
228.1078
0
VERTEX
8
CUT
10
104.0403
20
228.1494
0
VERTEX
8
CUT
10
104.0448
20
228.1632
0
VERTEX
8
CUT
10
104.0488
20
228.1751
0
VERTEX
8
CUT
10
105.1771
20
231.4847
0
VERTEX
8
CUT
10
105.1816
20
231.4977
0
VERTEX
8
CUT
10
105.1870
20
231.5128
0
VERTEX
8
CUT
10
105.2071
20
231.5638
0
VERTEX
8
CUT
10
105.2427
20
231.6471
0
VERTEX
8
CUT
10
105.2588
20
231.6824
0
VERTEX
8
CUT
10
105.2765
20
231.7169
0
VERTEX
8
CUT
10
105.3196
20
231.7966
0
VERTEX
8
CUT
10
105.3472
20
231.8440
0
VERTEX
8
CUT
10
105.3557
20
231.8576
0
VERTEX
8
CUT
10
105.3630
20
231.8692
0
VERTEX
8
CUT
10
109.9610
20
239.0075
0
VERTEX
8
CUT
10
109.9676
20
239.0180
0
VERTEX
8
CUT
10
110.0097
20
239.0866
0
VERTEX
8
CUT
10
110.0161
20
239.0972
0
VERTEX
8
CUT
10
110.0406
20
239.1389
0
VERTEX
8
CUT
10
110.0527
20
239.1605
0
VERTEX
8
CUT
10
110.1284
20
239.3025
0
VERTEX
8
CUT
10
110.1396
20
239.3246
0
VERTEX
8
CUT
10
110.1606
20
239.3682
0
VERTEX
8
CUT
10
110.1658
20
239.3794
0
VERTEX
8
CUT
10
110.1992
20
239.4527
0
VERTEX
8
CUT
10
110.2042
20
239.4640
0
VERTEX
8
CUT
10
111.0526
20
241.4314
0
VERTEX
8
CUT
10
111.0575
20
241.4431
0
VERTEX
8
CUT
10
111.0883
20
241.5189
0
VERTEX
8
CUT
10
111.0929
20
241.5306
0
VERTEX
8
CUT
10
111.1105
20
241.5765
0
VERTEX
8
CUT
10
111.1190
20
241.6002
0
VERTEX
8
CUT
10
111.1709
20
241.7554
0
VERTEX
8
CUT
10
111.1784
20
241.7794
0
VERTEX
8
CUT
10
111.1921
20
241.8267
0
VERTEX
8
CUT
10
111.1955
20
241.8388
0
VERTEX
8
CUT
10
111.2165
20
241.9179
0
VERTEX
8
CUT
10
111.2196
20
241.9301
0
VERTEX
8
CUT
10
111.5076
20
243.1110
0
VERTEX
8
CUT
10
111.5107
20
243.1241
0
VERTEX
8
CUT
10
111.5295
20
243.2097
0
VERTEX
8
CUT
10
111.5323
20
243.2229
0
VERTEX
8
CUT
10
111.5425
20
243.2747
0
VERTEX
8
CUT
10
111.5471
20
243.3013
0
VERTEX
8
CUT
10
111.5731
20
243.4746
0
VERTEX
8
CUT
10
111.5766
20
243.5014
0
VERTEX
8
CUT
10
111.5820
20
243.5538
0
VERTEX
8
CUT
10
111.5833
20
243.5672
0
VERTEX
8
CUT
10
111.5905
20
243.6546
0
VERTEX
8
CUT
10
111.5914
20
243.6681
0
VERTEX
8
CUT
10
111.6908
20
245.3420
0
VERTEX
8
CUT
10
111.6916
20
245.3574
0
VERTEX
8
CUT
10
111.6949
20
245.4582
0
VERTEX
8
CUT
10
111.6952
20
245.4737
0
VERTEX
8
CUT
10
111.6957
20
245.5342
0
VERTEX
8
CUT
10
111.6951
20
245.5652
0
VERTEX
8
CUT
10
111.6863
20
245.7665
0
VERTEX
8
CUT
10
111.6841
20
245.7974
0
VERTEX
8
CUT
10
111.6783
20
245.8577
0
VERTEX
8
CUT
10
111.6766
20
245.8731
0
VERTEX
8
CUT
10
111.6644
20
245.9731
0
VERTEX
8
CUT
10
111.6623
20
245.9885
0
VERTEX
8
CUT
10
111.4146
20
247.6561
0
VERTEX
8
CUT
10
111.4123
20
247.6706
0
VERTEX
8
CUT
10
111.3959
20
247.7649
0
VERTEX
8
CUT
10
111.3932
20
247.7794
0
VERTEX
8
CUT
10
111.3820
20
247.8358
0
VERTEX
8
CUT
10
111.3755
20
247.8645
0
VERTEX
8
CUT
10
111.3290
20
248.0500
0
VERTEX
8
CUT
10
111.3211
20
248.0784
0
VERTEX
8
CUT
10
111.3044
20
248.1334
0
VERTEX
8
CUT
10
111.3000
20
248.1475
0
VERTEX
8
CUT
10
111.2700
20
248.2383
0
VERTEX
8
CUT
10
111.2652
20
248.2523
0
VERTEX
8
CUT
10
110.7096
20
249.8041
0
VERTEX
8
CUT
10
110.7046
20
249.8176
0
VERTEX
8
CUT
10
110.6708
20
249.9052
0
VERTEX
8
CUT
10
110.6655
20
249.9186
0
VERTEX
8
CUT
10
110.6439
20
249.9707
0
VERTEX
8
CUT
10
110.6323
20
249.9971
0
VERTEX
8
CUT
10
110.5523
20
250.1668
0
VERTEX
8
CUT
10
110.5394
20
250.1926
0
VERTEX
8
CUT
10
110.5130
20
250.2424
0
VERTEX
8
CUT
10
110.5060
20
250.2551
0
VERTEX
8
CUT
10
110.4601
20
250.3369
0
VERTEX
8
CUT
10
110.4528
20
250.3494
0
VERTEX
8
CUT
10
109.5947
20
251.7930
0
VERTEX
8
CUT
10
109.5878
20
251.8044
0
VERTEX
8
CUT
10
109.5420
20
251.8775
0
VERTEX
8
CUT
10
109.5349
20
251.8887
0
VERTEX
8
CUT
10
109.5064
20
251.9321
0
VERTEX
8
CUT
10
109.4914
20
251.9540
0
VERTEX
8
CUT
10
109.3905
20
252.0938
0
VERTEX
8
CUT
10
109.3745
20
252.1150
0
VERTEX
8
CUT
10
109.3423
20
252.1557
0
VERTEX
8
CUT
10
109.3340
20
252.1660
0
VERTEX
8
CUT
10
109.2790
20
252.2325
0
VERTEX
8
CUT
10
109.2704
20
252.2426
0
VERTEX
8
CUT
10
108.1141
20
253.5789
0
VERTEX
8
CUT
10
108.1051
20
253.5892
0
VERTEX
8
CUT
10
108.0453
20
253.6551
0
VERTEX
8
CUT
10
108.0360
20
253.6651
0
VERTEX
8
CUT
10
107.9992
20
253.7039
0
VERTEX
8
CUT
10
107.9799
20
253.7234
0
VERTEX
8
CUT
10
107.8518
20
253.8467
0
VERTEX
8
CUT
10
107.8316
20
253.8652
0
VERTEX
8
CUT
10
107.7914
20
253.9005
0
VERTEX
8
CUT
10
107.7810
20
253.9094
0
VERTEX
8
CUT
10
107.7128
20
253.9666
0
VERTEX
8
CUT
10
107.7023
20
253.9753
0
VERTEX
8
CUT
10
106.3176
20
255.0835
0
VERTEX
8
CUT
10
106.3063
20
255.0923
0
VERTEX
8
CUT
10
106.2321
20
255.1489
0
VERTEX
8
CUT
10
106.2205
20
255.1574
0
VERTEX
8
CUT
10
106.1751
20
255.1903
0
VERTEX
8
CUT
10
106.1515
20
255.2066
0
VERTEX
8
CUT
10
105.9954
20
255.3087
0
VERTEX
8
CUT
10
105.9710
20
255.3238
0
VERTEX
8
CUT
10
105.9227
20
255.3522
0
VERTEX
8
CUT
10
105.9102
20
255.3593
0
VERTEX
8
CUT
10
105.8287
20
255.4047
0
VERTEX
8
CUT
10
105.8161
20
255.4115
0
VERTEX
8
CUT
10
104.2281
20
256.2454
0
VERTEX
8
CUT
10
104.2162
20
256.2514
0
VERTEX
8
CUT
10
104.1384
20
256.2901
0
VERTEX
8
CUT
10
104.1263
20
256.2960
0
VERTEX
8
CUT
10
104.0790
20
256.3182
0
VERTEX
8
CUT
10
104.0546
20
256.3290
0
VERTEX
8
CUT
10
103.8941
20
256.3958
0
VERTEX
8
CUT
10
103.8692
20
256.4055
0
VERTEX
8
CUT
10
103.8201
20
256.4234
0
VERTEX
8
CUT
10
103.8075
20
256.4278
0
VERTEX
8
CUT
10
103.7252
20
256.4558
0
VERTEX
8
CUT
10
103.7125
20
256.4600
0
VERTEX
8
CUT
10
101.9412
20
257.0180
0
VERTEX
8
CUT
10
101.9263
20
257.0225
0
VERTEX
8
CUT
10
101.8293
20
257.0503
0
VERTEX
8
CUT
10
101.8143
20
257.0544
0
VERTEX
8
CUT
10
101.7556
20
257.0696
0
VERTEX
8
CUT
10
101.7254
20
257.0766
0
VERTEX
8
CUT
10
101.5277
20
257.1170
0
VERTEX
8
CUT
10
101.4971
20
257.1224
0
VERTEX
8
CUT
10
101.4372
20
257.1315
0
VERTEX
8
CUT
10
101.4218
20
257.1336
0
VERTEX
8
CUT
10
101.3216
20
257.1461
0
VERTEX
8
CUT
10
101.3062
20
257.1478
0
VERTEX
8
CUT
10
98.2250
20
257.4511
0
VERTEX
8
CUT
10
98.2081
20
257.4525
0
VERTEX
8
CUT
10
98.0986
20
257.4602
0
VERTEX
8
CUT
10
98.0818
20
257.4611
0
VERTEX
8
CUT
10
98.0159
20
257.4639
0
VERTEX
8
CUT
10
97.9822
20
257.4643
0
VERTEX
8
CUT
10
97.7628
20
257.4611
0
VERTEX
8
CUT
10
97.7290
20
257.4597
0
VERTEX
8
CUT
10
97.6633
20
257.4550
0
VERTEX
8
CUT
10
97.6465
20
257.4536
0
VERTEX
8
CUT
10
97.5372
20
257.4427
0
VERTEX
8
CUT
10
97.5204
20
257.4408
0
VERTEX
8
CUT
10
94.4587
20
257.0495
0
VERTEX
8
CUT
10
94.4419
20
257.0471
0
VERTEX
8
CUT
10
94.3326
20
257.0300
0
VERTEX
8
CUT
10
94.3158
20
257.0271
0
VERTEX
8
CUT
10
94.2505
20
257.0150
0
VERTEX
8
CUT
10
94.2173
20
257.0078
0
VERTEX
8
CUT
10
94.0026
20
256.9551
0
VERTEX
8
CUT
10
93.9698
20
256.9461
0
VERTEX
8
CUT
10
93.9063
20
256.9266
0
VERTEX
8
CUT
10
93.8901
20
256.9214
0
VERTEX
8
CUT
10
93.7853
20
256.8860
0
VERTEX
8
CUT
10
93.7693
20
256.8804
0
VERTEX
8
CUT
10
90.7246
20
255.7550
0
VERTEX
8
CUT
10
90.7144
20
255.7511
0
VERTEX
8
CUT
10
90.6432
20
255.7233
0
VERTEX
8
CUT
10
90.6326
20
255.7190
0
VERTEX
8
CUT
10
90.5863
20
255.6999
0
VERTEX
8
CUT
10
90.5641
20
255.6902
0
VERTEX
8
CUT
10
90.4274
20
255.6273
0
VERTEX
8
CUT
10
90.4064
20
255.6171
0
VERTEX
8
CUT
10
90.3705
20
255.5989
0
VERTEX
8
CUT
10
90.3608
20
255.5938
0
VERTEX
8
CUT
10
90.2941
20
255.5583
0
VERTEX
8
CUT
10
90.2833
20
255.5525
0
VERTEX
8
CUT
10
88.8091
20
254.7298
0
VERTEX
8
CUT
10
88.7969
20
254.7229
0
VERTEX
8
CUT
10
88.7188
20
254.6768
0
VERTEX
8
CUT
10
88.7068
20
254.6696
0
VERTEX
8
CUT
10
88.6101
20
254.6096
0
VERTEX
8
CUT
10
88.5983
20
254.6021
0
VERTEX
8
CUT
10
88.5224
20
254.5524
0
VERTEX
8
CUT
10
88.5108
20
254.5447
0
VERTEX
8
CUT
10
87.0787
20
253.5605
0
VERTEX
8
CUT
10
87.0630
20
253.5494
0
VERTEX
8
CUT
10
86.9625
20
253.4754
0
VERTEX
8
CUT
10
86.9472
20
253.4638
0
VERTEX
8
CUT
10
86.8241
20
253.3671
0
VERTEX
8
CUT
10
86.8092
20
253.3550
0
VERTEX
8
CUT
10
86.7136
20
253.2747
0
VERTEX
8
CUT
10
86.6991
20
253.2622
0
VERTEX
8
CUT
10
85.0825
20
251.8151
0
VERTEX
8
CUT
10
85.0745
20
251.8078
0
VERTEX
8
CUT
10
85.0192
20
251.7564
0
VERTEX
8
CUT
10
85.0110
20
251.7487
0
VERTEX
8
CUT
10
84.9754
20
251.7144
0
VERTEX
8
CUT
10
84.9585
20
251.6975
0
VERTEX
8
CUT
10
84.8557
20
251.5902
0
VERTEX
8
CUT
10
84.8401
20
251.5733
0
VERTEX
8
CUT
10
84.8137
20
251.5435
0
VERTEX
8
CUT
10
84.8066
20
251.5354
0
VERTEX
8
CUT
10
84.7581
20
251.4787
0
VERTEX
8
CUT
10
84.7503
20
251.4694
0
VERTEX
8
CUT
10
83.3489
20
249.7636
0
VERTEX
8
CUT
10
83.3357
20
249.7469
0
VERTEX
8
CUT
10
83.2517
20
249.6369
0
VERTEX
8
CUT
10
83.2391
20
249.6198
0
VERTEX
8
CUT
10
83.1387
20
249.4782
0
VERTEX
8
CUT
10
83.1267
20
249.4606
0
VERTEX
8
CUT
10
83.0507
20
249.3449
0
VERTEX
8
CUT
10
83.0394
20
249.3269
0
VERTEX
8
CUT
10
81.5373
20
246.8531
0
VERTEX
8
CUT
10
81.5305
20
246.8416
0
VERTEX
8
CUT
10
81.4871
20
246.7664
0
VERTEX
8
CUT
10
81.4806
20
246.7548
0
VERTEX
8
CUT
10
81.4555
20
246.7090
0
VERTEX
8
CUT
10
81.4432
20
246.6853
0
VERTEX
8
CUT
10
81.3667
20
246.5295
0
VERTEX
8
CUT
10
81.3554
20
246.5052
0
VERTEX
8
CUT
10
81.3345
20
246.4574
0
VERTEX
8
CUT
10
81.3293
20
246.4451
0
VERTEX
8
CUT
10
81.2963
20
246.3648
0
VERTEX
8
CUT
10
81.2914
20
246.3524
0
VERTEX
8
CUT
10
80.3063
20
243.7941
0
VERTEX
8
CUT
10
80.3017
20
243.7817
0
VERTEX
8
CUT
10
80.2724
20
243.7002
0
VERTEX
8
CUT
10
80.2680
20
243.6876
0
VERTEX
8
CUT
10
80.2335
20
243.5846
0
VERTEX
8
CUT
10
80.2294
20
243.5719
0
VERTEX
8
CUT
10
80.2037
20
243.4892
0
VERTEX
8
CUT
10
80.1999
20
243.4764
0
VERTEX
8
CUT
10
79.5119
20
241.0725
0
VERTEX
8
CUT
10
79.5091
20
241.0624
0
VERTEX
8
CUT
10
79.4903
20
240.9919
0
VERTEX
8
CUT
10
79.4876
20
240.9814
0
VERTEX
8
CUT
10
79.4760
20
240.9349
0
VERTEX
8
CUT
10
79.4709
20
240.9124
0
VERTEX
8
CUT
10
79.4417
20
240.7717
0
VERTEX
8
CUT
10
79.4376
20
240.7498
0
VERTEX
8
CUT
10
79.4311
20
240.7119
0
VERTEX
8
CUT
10
79.4295
20
240.7016
0
VERTEX
8
CUT
10
79.4187
20
240.6302
0
VERTEX
8
CUT
10
79.4170
20
240.6186
0
VERTEX
8
CUT
10
79.0276
20
237.6579
0
VERTEX
8
CUT
10
79.0261
20
237.6457
0
VERTEX
8
CUT
10
79.0173
20
237.5665
0
VERTEX
8
CUT
10
79.0161
20
237.5543
0
VERTEX
8
CUT
10
79.0118
20
237.5065
0
VERTEX
8
CUT
10
79.0101
20
237.4821
0
SEQEND
0
POLYLINE
8
CUT
66
1
70
1
10
0.0
20
0.0
30
0.0
0
VERTEX
8
CUT
10
136.9765
20
28.1784
0
VERTEX
8
CUT
10
136.9766
20
28.1627
0
VERTEX
8
CUT
10
136.9788
20
28.0604
0
VERTEX
8
CUT
10
136.9794
20
28.0446
0
VERTEX
8
CUT
10
136.9938
20
27.7456
0
VERTEX
8
CUT
10
136.9947
20
27.7314
0
VERTEX
8
CUT
10
137.0014
20
27.6387
0
VERTEX
8
CUT
10
137.0026
20
27.6245
0
VERTEX
8
CUT
10
137.0079
20
27.5689
0
VERTEX
8
CUT
10
137.0113
20
27.5405
0
VERTEX
8
CUT
10
137.0375
20
27.3592
0
VERTEX
8
CUT
10
137.0484
20
27.3031
0
VERTEX
8
CUT
10
137.0911
20
27.1275
0
VERTEX
8
CUT
10
137.1073
20
27.0727
0
VERTEX
8
CUT
10
137.1665
20
26.9020
0
VERTEX
8
CUT
10
137.1878
20
26.8489
0
VERTEX
8
CUT
10
137.2641
20
26.6824
0
VERTEX
8
CUT
10
137.2766
20
26.6567
0
VERTEX
8
CUT
10
137.3022
20
26.6071
0
VERTEX
8
CUT
10
137.3089
20
26.5944
0
VERTEX
8
CUT
10
137.3536
20
26.5130
0
VERTEX
8
CUT
10
137.3606
20
26.5005
0
VERTEX
8
CUT
10
137.3762
20
26.4735
0
VERTEX
8
CUT
10
137.3847
20
26.4593
0
VERTEX
8
CUT
10
137.4410
20
26.3679
0
VERTEX
8
CUT
10
137.4498
20
26.3540
0
VERTEX
8
CUT
10
137.4852
20
26.3000
0
VERTEX
8
CUT
10
137.5040
20
26.2729
0
VERTEX
8
CUT
10
137.6296
20
26.1024
0
VERTEX
8
CUT
10
137.6716
20
26.0515
0
VERTEX
8
CUT
10
137.8152
20
25.8958
0
VERTEX
8
CUT
10
137.8382
20
25.8722
0
VERTEX
8
CUT
10
137.8845
20
25.8273
0
VERTEX
8
CUT
10
137.8965
20
25.8159
0
VERTEX
8
CUT
10
137.9756
20
25.7433
0
VERTEX
8
CUT
10
137.9879
20
25.7322
0
VERTEX
8
CUT
10
138.3229
20
25.4410
0
VERTEX
8
CUT
10
138.3335
20
25.4320
0
VERTEX
8
CUT
10
138.4035
20
25.3740
0
VERTEX
8
CUT
10
138.4144
20
25.3651
0
VERTEX
8
CUT
10
138.4573
20
25.3313
0
VERTEX
8
CUT
10
138.4796
20
25.3144
0
VERTEX
8
CUT
10
138.6253
20
25.2099
0
VERTEX
8
CUT
10
138.6723
20
25.1794
0
VERTEX
8
CUT
10
138.8250
20
25.0901
0
VERTEX
8
CUT
10
138.8745
20
25.0642
0
VERTEX
8
CUT
10
139.0349
20
24.9895
0
VERTEX
8
CUT
10
139.0866
20
24.9683
0
VERTEX
8
CUT
10
139.2521
20
24.9093
0
VERTEX
8
CUT
10
139.3062
20
24.8928
0
VERTEX
8
CUT
10
139.4824
20
24.8482
0
VERTEX
8
CUT
10
139.5102
20
24.8418
0
VERTEX
8
CUT
10
139.5152
20
24.8408
0
VERTEX
8
CUT
10
139.5450
20
24.8355
0
VERTEX
8
CUT
10
139.7356
20
24.8066
0
VERTEX
8
CUT
10
139.7954
20
24.8006
0
VERTEX
8
CUT
10
139.9829
20
24.7912
0
VERTEX
8
CUT
10
140.0425
20
24.7911
0
VERTEX
8
CUT
10
140.2335
20
24.8005
0
VERTEX
8
CUT
10
140.2632
20
24.8027
0
VERTEX
8
CUT
10
140.3212
20
24.8085
0
VERTEX
8
CUT
10
140.3360
20
24.8101
0
VERTEX
8
CUT
10
140.4322
20
24.8221
0
VERTEX
8
CUT
10
140.4470
20
24.8241
0
VERTEX
8
CUT
10
141.0113
20
24.9086
0
VERTEX
8
CUT
10
141.0268
20
24.9111
0
VERTEX
8
CUT
10
141.1270
20
24.9288
0
VERTEX
8
CUT
10
141.1423
20
24.9317
0
VERTEX
8
CUT
10
141.2022
20
24.9439
0
VERTEX
8
CUT
10
141.2327
20
24.9509
0
VERTEX
8
CUT
10
141.4270
20
25.0012
0
VERTEX
8
CUT
10
141.4867
20
25.0200
0
VERTEX
8
CUT
10
141.6746
20
25.0901
0
VERTEX
8
CUT
10
141.7037
20
25.1019
0
VERTEX
8
CUT
10
141.7597
20
25.1262
0
VERTEX
8
CUT
10
141.7740
20
25.1326
0
VERTEX
8
CUT
10
141.8662
20
25.1756
0
VERTEX
8
CUT
10
141.8804
20
25.1823
0
VERTEX
8
CUT
10
142.1769
20
25.3299
0
VERTEX
8
CUT
10
142.1908
20
25.3371
0
VERTEX
8
CUT
10
142.2810
20
25.3849
0
VERTEX
8
CUT
10
142.2948
20
25.3925
0
VERTEX
8
CUT
10
142.3481
20
25.4226
0
VERTEX
8
CUT
10
142.3751
20
25.4388
0
VERTEX
8
CUT
10
142.5448
20
25.5467
0
VERTEX
8
CUT
10
142.5960
20
25.5831
0
VERTEX
8
CUT
10
142.7514
20
25.7065
0
VERTEX
8
CUT
10
142.7984
20
25.7481
0
VERTEX
8
CUT
10
142.9421
20
25.8890
0
VERTEX
8
CUT
10
142.9639
20
25.9116
0
VERTEX
8
CUT
10
143.0053
20
25.9567
0
VERTEX
8
CUT
10
143.0158
20
25.9684
0
VERTEX
8
CUT
10
143.0828
20
26.0454
0
VERTEX
8
CUT
10
143.0930
20
26.0574
0
VERTEX
8
CUT
10
143.1188
20
26.0886
0
VERTEX
8
CUT
10
143.1277
20
26.0996
0
VERTEX
8
CUT
10
143.1846
20
26.1719
0
VERTEX
8
CUT
10
143.1932
20
26.1832
0
VERTEX
8
CUT
10
143.2264
20
26.2274
0
VERTEX
8
CUT
10
143.2428
20
26.2505
0
VERTEX
8
CUT
10
143.3446
20
26.4006
0
VERTEX
8
CUT
10
143.3742
20
26.4489
0
VERTEX
8
CUT
10
143.4602
20
26.6059
0
VERTEX
8
CUT
10
143.4851
20
26.6567
0
VERTEX
8
CUT
10
143.5569
20
26.8234
0
VERTEX
8
CUT
10
143.5675
20
26.8496
0
VERTEX
8
CUT
10
143.5870
20
26.9014
0
VERTEX
8
CUT
10
143.5918
20
26.9147
0
VERTEX
8
CUT
10
143.6222
20
27.0015
0
VERTEX
8
CUT
10
143.6267
20
27.0149
0
VERTEX
8
CUT
10
143.6676
20
27.1413
0
VERTEX
8
CUT
10
143.6724
20
27.1569
0
VERTEX
8
CUT
10
143.7024
20
27.2591
0
VERTEX
8
CUT
10
143.7068
20
27.2749
0
VERTEX
8
CUT
10
143.7231
20
27.3367
0
VERTEX
8
CUT
10
143.7306
20
27.3686
0
VERTEX
8
CUT
10
143.7730
20
27.5741
0
VERTEX
8
CUT
10
143.7828
20
27.6389
0
VERTEX
8
CUT
10
143.8025
20
27.8479
0
VERTEX
8
CUT
10
143.8047
20
27.8806
0
VERTEX
8
CUT
10
143.8073
20
27.9444
0
VERTEX
8
CUT
10
143.8077
20
27.9608
0
VERTEX
8
CUT
10
143.8090
20
28.0673
0
VERTEX
8
CUT
10
143.8090
20
28.0837
0
VERTEX
8
CUT
10
143.8048
20
28.3666
0
VERTEX
8
CUT
10
143.8043
20
28.3827
0
VERTEX
8
CUT
10
143.8000
20
28.4870
0
VERTEX
8
CUT
10
143.7991
20
28.5030
0
VERTEX
8
CUT
10
143.7948
20
28.5656
0
VERTEX
8
CUT
10
143.7917
20
28.5976
0
VERTEX
8
CUT
10
143.7667
20
28.8019
0
VERTEX
8
CUT
10
143.7555
20
28.8651
0
VERTEX
8
CUT
10
143.7087
20
29.0656
0
VERTEX
8
CUT
10
143.7006
20
29.0967
0
VERTEX
8
CUT
10
143.6831
20
29.1569
0
VERTEX
8
CUT
10
143.6784
20
29.1723
0
VERTEX
8
CUT
10
143.6466
20
29.2717
0
VERTEX
8
CUT
10
143.6415
20
29.2869
0
VERTEX
8
CUT
10
143.5694
20
29.4934
0
VERTEX
8
CUT
10
143.5642
20
29.5075
0
VERTEX
8
CUT
10
143.5297
20
29.5990
0
VERTEX
8
CUT
10
143.5242
20
29.6130
0
VERTEX
8
CUT
10
143.5020
20
29.6674
0
VERTEX
8
CUT
10
143.4900
20
29.6949
0
VERTEX
8
CUT
10
143.4085
20
29.8696
0
VERTEX
8
CUT
10
143.3804
20
29.9228
0
VERTEX
8
CUT
10
143.2818
20
30.0884
0
VERTEX
8
CUT
10
143.2658
20
30.1139
0
VERTEX
8
CUT
10
143.2333
20
30.1628
0
VERTEX
8
CUT
10
143.2248
20
30.1752
0
VERTEX
8
CUT
10
143.1686
20
30.2552
0
VERTEX
8
CUT
10
143.1598
20
30.2674
0
VERTEX
8
CUT
10
143.0628
20
30.3985
0
VERTEX
8
CUT
10
143.0527
20
30.4118
0
VERTEX
8
CUT
10
142.9861
20
30.4969
0
VERTEX
8
CUT
10
142.9756
20
30.5098
0
VERTEX
8
CUT
10
142.9342
20
30.5598
0
VERTEX
8
CUT
10
142.9122
20
30.5848
0
VERTEX
8
CUT
10
142.7673
20
30.7410
0
VERTEX
8
CUT
10
142.7194
20
30.7872
0
VERTEX
8
CUT
10
142.5580
20
30.9264
0
VERTEX
8
CUT
10
142.5322
20
30.9475
0
VERTEX
8
CUT
10
142.4808
20
30.9871
0
VERTEX
8
CUT
10
142.4675
20
30.9970
0
VERTEX
8
CUT
10
142.3800
20
31.0606
0
VERTEX
8
CUT
10
142.3665
20
31.0702
0
VERTEX
8
CUT
10
142.2405
20
31.1566
0
VERTEX
8
CUT
10
142.2280
20
31.1649
0
VERTEX
8
CUT
10
142.1462
20
31.2180
0
VERTEX
8
CUT
10
142.1335
20
31.2261
0
VERTEX
8
CUT
10
142.0836
20
31.2567
0
VERTEX
8
CUT
10
142.0576
20
31.2718
0
VERTEX
8
CUT
10
141.8889
20
31.3642
0
VERTEX
8
CUT
10
141.8349
20
31.3903
0
VERTEX
8
CUT
10
141.6603
20
31.4643
0
VERTEX
8
CUT
10
141.6039
20
31.4850
0
VERTEX
8
CUT
10
141.4202
20
31.5420
0
VERTEX
8
CUT
10
141.3914
20
31.5501
0
VERTEX
8
CUT
10
141.3346
20
31.5647
0
VERTEX
8
CUT
10
141.3200
20
31.5682
0
VERTEX
8
CUT
10
141.2250
20
31.5901
0
VERTEX
8
CUT
10
141.2103
20
31.5932
0
VERTEX
8
CUT
10
140.8184
20
31.6730
0
VERTEX
8
CUT
10
140.8038
20
31.6758
0
VERTEX
8
CUT
10
140.7082
20
31.6928
0
VERTEX
8
CUT
10
140.6935
20
31.6952
0
VERTEX
8
CUT
10
140.6359
20
31.7040
0
VERTEX
8
CUT
10
140.6062
20
31.7077
0
VERTEX
8
CUT
10
140.4158
20
31.7270
0
VERTEX
8
CUT
10
140.3562
20
31.7301
0
VERTEX
8
CUT
10
140.1675
20
31.7304
0
VERTEX
8
CUT
10
140.1078
20
31.7276
0
VERTEX
8
CUT
10
139.9200
20
31.7091
0
VERTEX
8
CUT
10
139.8609
20
31.7003
0
VERTEX
8
CUT
10
139.6758
20
31.6633
0
VERTEX
8
CUT
10
139.6180
20
31.6487
0
VERTEX
8
CUT
10
139.4375
20
31.5935
0
VERTEX
8
CUT
10
139.3813
20
31.5732
0
VERTEX
8
CUT
10
139.2048
20
31.4993
0
VERTEX
8
CUT
10
139.1775
20
31.4870
0
VERTEX
8
CUT
10
139.1250
20
31.4619
0
VERTEX
8
CUT
10
139.1116
20
31.4553
0
VERTEX
8
CUT
10
139.0251
20
31.4112
0
VERTEX
8
CUT
10
139.0119
20
31.4043
0
VERTEX
8
CUT
10
138.8858
20
31.3360
0
VERTEX
8
CUT
10
138.8726
20
31.3287
0
VERTEX
8
CUT
10
138.7873
20
31.2797
0
VERTEX
8
CUT
10
138.7743
20
31.2720
0
VERTEX
8
CUT
10
138.7238
20
31.2413
0
VERTEX
8
CUT
10
138.6984
20
31.2249
0
VERTEX
8
CUT
10
138.5380
20
31.1159
0
VERTEX
8
CUT
10
138.4897
20
31.0794
0
VERTEX
8
CUT
10
138.3432
20
30.9565
0
VERTEX
8
CUT
10
138.2988
20
30.9154
0
VERTEX
8
CUT
10
138.1636
20
30.7764
0
VERTEX
8
CUT
10
138.1430
20
30.7542
0
VERTEX
8
CUT
10
138.1040
20
30.7099
0
VERTEX
8
CUT
10
138.0941
20
30.6984
0
VERTEX
8
CUT
10
138.0311
20
30.6230
0
VERTEX
8
CUT
10
138.0215
20
30.6112
0
VERTEX
8
CUT
10
137.6986
20
30.2047
0
VERTEX
8
CUT
10
137.6894
20
30.1928
0
VERTEX
8
CUT
10
137.6308
20
30.1151
0
VERTEX
8
CUT
10
137.6219
20
30.1030
0
VERTEX
8
CUT
10
137.5879
20
30.0555
0
VERTEX
8
CUT
10
137.5711
20
30.0307
0
VERTEX
8
CUT
10
137.4673
20
29.8692
0
VERTEX
8
CUT
10
137.4374
20
29.8173
0
VERTEX
8
CUT
10
137.3502
20
29.6462
0
VERTEX
8
CUT
10
137.3373
20
29.6192
0
VERTEX
8
CUT
10
137.3134
20
29.5658
0
VERTEX
8
CUT
10
137.3074
20
29.5521
0
VERTEX
8
CUT
10
137.2698
20
29.4623
0
VERTEX
8
CUT
10
137.2642
20
29.4484
0
VERTEX
8
CUT
10
137.1682
20
29.2020
0
VERTEX
8
CUT
10
137.1627
20
29.1873
0
VERTEX
8
CUT
10
137.1280
20
29.0910
0
VERTEX
8
CUT
10
137.1229
20
29.0762
0
VERTEX
8
CUT
10
137.1036
20
29.0178
0
VERTEX
8
CUT
10
137.0945
20
28.9877
0
VERTEX
8
CUT
10
137.0414
20
28.7931
0
VERTEX
8
CUT
10
137.0280
20
28.7316
0
VERTEX
8
CUT
10
136.9960
20
28.5353
0
VERTEX
8
CUT
10
136.9891
20
28.4727
0
VERTEX
8
CUT
10
136.9777
20
28.2713
0
VERTEX
8
CUT
10
136.9767
20
28.2398
0
SEQEND
0
POLYLINE
8
CUT
66
1
70
1
10
0.0
20
0.0
30
0.0
0
VERTEX
8
CUT
10
131.8469
20
101.7701
0
VERTEX
8
CUT
10
131.8570
20
101.7122
0
VERTEX
8
CUT
10
131.8980
20
101.5307
0
VERTEX
8
CUT
10
131.9138
20
101.4740
0
VERTEX
8
CUT
10
131.9723
20
101.2975
0
VERTEX
8
CUT
10
131.9936
20
101.2426
0
VERTEX
8
CUT
10
132.0692
20
101.0726
0
VERTEX
8
CUT
10
132.0957
20
101.0201
0
VERTEX
8
CUT
10
132.1875
20
100.8584
0
VERTEX
8
CUT
10
132.2191
20
100.8087
0
VERTEX
8
CUT
10
132.3263
20
100.6567
0
VERTEX
8
CUT
10
132.3626
20
100.6104
0
VERTEX
8
CUT
10
132.4842
20
100.4696
0
VERTEX
8
CUT
10
132.5248
20
100.4271
0
VERTEX
8
CUT
10
132.6596
20
100.2989
0
VERTEX
8
CUT
10
132.7042
20
100.2605
0
VERTEX
8
CUT
10
132.8509
20
100.1462
0
VERTEX
8
CUT
10
132.8991
20
100.1123
0
VERTEX
8
CUT
10
133.0563
20
100.0129
0
VERTEX
8
CUT
10
133.1075
20
99.9840
0
VERTEX
8
CUT
10
133.2737
20
99.9004
0
VERTEX
8
CUT
10
133.3275
20
99.8766
0
VERTEX
8
CUT
10
133.5011
20
99.8098
0
VERTEX
8
CUT
10
133.5570
20
99.7914
0
VERTEX
8
CUT
10
133.7363
20
99.7418
0
VERTEX
8
CUT
10
133.7937
20
99.7290
0
VERTEX
8
CUT
10
133.9770
20
99.6972
0
VERTEX
8
CUT
10
134.0354
20
99.6901
0
VERTEX
8
CUT
10
134.2209
20
99.6764
0
VERTEX
8
CUT
10
134.2797
20
99.6750
0
VERTEX
8
CUT
10
134.4657
20
99.6796
0
VERTEX
8
CUT
10
134.5243
20
99.6840
0
VERTEX
8
CUT
10
134.7115
20
99.7071
0
VERTEX
8
CUT
10
134.7406
20
99.7114
0
VERTEX
8
CUT
10
134.7599
20
99.7148
0
VERTEX
8
CUT
10
134.7887
20
99.7205
0
VERTEX
8
CUT
10
134.9749
20
99.7623
0
VERTEX
8
CUT
10
135.0034
20
99.7694
0
VERTEX
8
CUT
10
135.0219
20
99.7746
0
VERTEX
8
CUT
10
135.0499
20
99.7831
0
VERTEX
8
CUT
10
135.2284
20
99.8420
0
VERTEX
8
CUT
10
135.2831
20
99.8630
0
VERTEX
8
CUT
10
135.4526
20
99.9380
0
VERTEX
8
CUT
10
135.5050
20
99.9644
0
VERTEX
8
CUT
10
135.6664
20
100.0555
0
VERTEX
8
CUT
10
135.7160
20
100.0868
0
VERTEX
8
CUT
10
135.8677
20
100.1933
0
VERTEX
8
CUT
10
135.9140
20
100.2293
0
VERTEX
8
CUT
10
136.0546
20
100.3501
0
VERTEX
8
CUT
10
136.0971
20
100.3905
0
VERTEX
8
CUT
10
136.2252
20
100.5244
0
VERTEX
8
CUT
10
136.2637
20
100.5687
0
VERTEX
8
CUT
10
136.3781
20
100.7145
0
VERTEX
8
CUT
10
136.4120
20
100.7624
0
VERTEX
8
CUT
10
136.5117
20
100.9186
0
VERTEX
8
CUT
10
136.5408
20
100.9696
0
VERTEX
8
CUT
10
136.6247
20
101.1348
0
VERTEX
8
CUT
10
136.6487
20
101.1883
0
VERTEX
8
CUT
10
136.7161
20
101.3610
0
VERTEX
8
CUT
10
136.7347
20
101.4166
0
VERTEX
8
CUT
10
136.7849
20
101.5950
0
VERTEX
8
CUT
10
136.7980
20
101.6522
0
VERTEX
8
CUT
10
136.8306
20
101.8346
0
VERTEX
8
CUT
10
136.8381
20
101.8928
0
VERTEX
8
CUT
10
136.8527
20
102.0776
0
VERTEX
8
CUT
10
136.8545
20
102.1362
0
VERTEX
8
CUT
10
136.8510
20
102.3215
0
VERTEX
8
CUT
10
136.8470
20
102.3800
0
VERTEX
8
CUT
10
136.8254
20
102.5641
0
VERTEX
8
CUT
10
136.8158
20
102.6220
0
VERTEX
8
CUT
10
136.7764
20
102.8031
0
VERTEX
8
CUT
10
136.7611
20
102.8597
0
VERTEX
8
CUT
10
136.7042
20
103.0361
0
VERTEX
8
CUT
10
136.6835
20
103.0909
0
VERTEX
8
CUT
10
136.6096
20
103.2610
0
VERTEX
8
CUT
10
136.5836
20
103.3135
0
VERTEX
8
CUT
10
136.4935
20
103.4755
0
VERTEX
8
CUT
10
136.4626
20
103.5253
0
VERTEX
8
CUT
10
136.3556
20
103.6798
0
VERTEX
8
CUT
10
136.3383
20
103.7035
0
VERTEX
8
CUT
10
136.3321
20
103.7117
0
VERTEX
8
CUT
10
136.3136
20
103.7346
0
VERTEX
8
CUT
10
136.1898
20
103.8806
0
VERTEX
8
CUT
10
136.1702
20
103.9026
0
VERTEX
8
CUT
10
136.1624
20
103.9109
0
VERTEX
8
CUT
10
136.1417
20
103.9320
0
VERTEX
8
CUT
10
136.0052
20
104.0640
0
VERTEX
8
CUT
10
135.9607
20
104.1030
0
VERTEX
8
CUT
10
135.8139
20
104.2193
0
VERTEX
8
CUT
10
135.7657
20
104.2538
0
VERTEX
8
CUT
10
135.6082
20
104.3550
0
VERTEX
8
CUT
10
135.5569
20
104.3846
0
VERTEX
8
CUT
10
135.3901
20
104.4698
0
VERTEX
8
CUT
10
135.3361
20
104.4941
0
VERTEX
8
CUT
10
135.1618
20
104.5625
0
VERTEX
8
CUT
10
135.1057
20
104.5814
0
VERTEX
8
CUT
10
134.9254
20
104.6323
0
VERTEX
8
CUT
10
134.8677
20
104.6455
0
VERTEX
8
CUT
10
134.6834
20
104.6784
0
VERTEX
8
CUT
10
134.6246
20
104.6859
0
VERTEX
8
CUT
10
134.4379
20
104.7004
0
VERTEX
8
CUT
10
134.3787
20
104.7021
0
VERTEX
8
CUT
10
134.1915
20
104.6981
0
VERTEX
8
CUT
10
134.1324
20
104.6939
0
VERTEX
8
CUT
10
133.9465
20
104.6715
0
VERTEX
8
CUT
10
133.8881
20
104.6615
0
VERTEX
8
CUT
10
133.7053
20
104.6209
0
VERTEX
8
CUT
10
133.6482
20
104.6052
0
VERTEX
8
CUT
10
133.4703
20
104.5467
0
VERTEX
8
CUT
10
133.4150
20
104.5255
0
VERTEX
8
CUT
10
133.2437
20
104.4498
0
VERTEX
8
CUT
10
133.1908
20
104.4232
0
VERTEX
8
CUT
10
133.0278
20
104.3309
0
VERTEX
8
CUT
10
132.9778
20
104.2993
0
VERTEX
8
CUT
10
132.8247
20
104.1914
0
VERTEX
8
CUT
10
132.7780
20
104.1549
0
VERTEX
8
CUT
10
132.6363
20
104.0325
0
VERTEX
8
CUT
10
132.5935
20
103.9916
0
VERTEX
8
CUT
10
132.4628
20
103.8540
0
VERTEX
8
CUT
10
132.4429
20
103.8320
0
VERTEX
8
CUT
10
132.4316
20
103.8188
0
VERTEX
8
CUT
10
132.4129
20
103.7960
0
VERTEX
8
CUT
10
132.2952
20
103.6446
0
VERTEX
8
CUT
10
132.2776
20
103.6208
0
VERTEX
8
CUT
10
132.2680
20
103.6071
0
VERTEX
8
CUT
10
132.2517
20
103.5826
0
VERTEX
8
CUT
10
132.1511
20
103.4231
0
VERTEX
8
CUT
10
132.1222
20
103.3719
0
VERTEX
8
CUT
10
132.0389
20
103.2056
0
VERTEX
8
CUT
10
132.0151
20
103.1517
0
VERTEX
8
CUT
10
131.9485
20
102.9781
0
VERTEX
8
CUT
10
131.9301
20
102.9222
0
VERTEX
8
CUT
10
131.8808
20
102.7428
0
VERTEX
8
CUT
10
131.8680
20
102.6854
0
VERTEX
8
CUT
10
131.8365
20
102.5021
0
VERTEX
8
CUT
10
131.8294
20
102.4437
0
VERTEX
8
CUT
10
131.8160
20
102.2581
0
VERTEX
8
CUT
10
131.8146
20
102.1993
0
VERTEX
8
CUT
10
131.8195
20
102.0134
0
VERTEX
8
CUT
10
131.8239
20
101.9547
0
SEQEND
0
POLYLINE
8
CUT
66
1
70
1
10
0.0
20
0.0
30
0.0
0
VERTEX
8
CUT
10
115.6309
20
106.2641
0
VERTEX
8
CUT
10
115.6442
20
106.2050
0
VERTEX
8
CUT
10
115.6958
20
106.0207
0
VERTEX
8
CUT
10
115.7150
20
105.9633
0
VERTEX
8
CUT
10
115.7718
20
105.8183
0
VERTEX
8
CUT
10
115.7860
20
105.7794
0
VERTEX
8
CUT
10
115.8105
20
105.7075
0
VERTEX
8
CUT
10
115.8335
20
105.6279
0
VERTEX
8
CUT
10
115.8463
20
105.5743
0
VERTEX
8
CUT
10
115.8619
20
105.4929
0
VERTEX
8
CUT
10
115.8698
20
105.4383
0
VERTEX
8
CUT
10
115.8778
20
105.3559
0
VERTEX
8
CUT
10
115.8807
20
105.3008
0
VERTEX
8
CUT
10
115.8811
20
105.2179
0
VERTEX
8
CUT
10
115.8788
20
105.1628
0
VERTEX
8
CUT
10
115.8716
20
105.0803
0
VERTEX
8
CUT
10
115.8616
20
105.0051
0
VERTEX
8
CUT
10
115.8551
20
104.9641
0
VERTEX
8
CUT
10
115.8345
20
104.8498
0
VERTEX
8
CUT
10
115.8266
20
104.7879
0
VERTEX
8
CUT
10
115.8118
20
104.5910
0
VERTEX
8
CUT
10
115.8104
20
104.5286
0
VERTEX
8
CUT
10
115.8161
20
104.3313
0
VERTEX
8
CUT
10
115.8212
20
104.2691
0
VERTEX
8
CUT
10
115.8474
20
104.0735
0
VERTEX
8
CUT
10
115.8590
20
104.0121
0
VERTEX
8
CUT
10
115.9054
20
103.8202
0
VERTEX
8
CUT
10
115.9232
20
103.7604
0
VERTEX
8
CUT
10
115.9903
20
103.5718
0
VERTEX
8
CUT
10
116.0015
20
103.5427
0
VERTEX
8
CUT
10
116.0249
20
103.4864
0
VERTEX
8
CUT
10
116.0310
20
103.4720
0
VERTEX
8
CUT
10
116.0724
20
103.3793
0
VERTEX
8
CUT
10
116.0790
20
103.3652
0
VERTEX
8
CUT
10
117.5182
20
100.3529
0
VERTEX
8
CUT
10
117.5247
20
100.3397
0
VERTEX
8
CUT
10
117.5681
20
100.2544
0
VERTEX
8
CUT
10
117.5749
20
100.2414
0
VERTEX
8
CUT
10
117.6022
20
100.1908
0
VERTEX
8
CUT
10
117.6168
20
100.1652
0
VERTEX
8
CUT
10
117.7144
20
100.0038
0
VERTEX
8
CUT
10
117.7473
20
99.9549
0
VERTEX
8
CUT
10
117.8588
20
99.8059
0
VERTEX
8
CUT
10
117.8963
20
99.7605
0
VERTEX
8
CUT
10
118.0235
20
99.6212
0
VERTEX
8
CUT
10
118.0439
20
99.6000
0
VERTEX
8
CUT
10
118.0847
20
99.5595
0
VERTEX
8
CUT
10
118.0953
20
99.5493
0
VERTEX
8
CUT
10
118.1649
20
99.4835
0
VERTEX
8
CUT
10
118.1757
20
99.4736
0
VERTEX
8
CUT
10
118.3979
20
99.2737
0
VERTEX
8
CUT
10
118.4089
20
99.2640
0
VERTEX
8
CUT
10
118.4816
20
99.2019
0
VERTEX
8
CUT
10
118.4929
20
99.1924
0
VERTEX
8
CUT
10
118.5374
20
99.1561
0
VERTEX
8
CUT
10
118.5607
20
99.1381
0
VERTEX
8
CUT
10
118.7125
20
99.0264
0
VERTEX
8
CUT
10
118.7616
20
98.9939
0
VERTEX
8
CUT
10
118.9215
20
98.8988
0
VERTEX
8
CUT
10
118.9734
20
98.8713
0
VERTEX
8
CUT
10
119.1419
20
98.7924
0
VERTEX
8
CUT
10
119.1963
20
98.7701
0
VERTEX
8
CUT
10
119.3740
20
98.7072
0
VERTEX
8
CUT
10
119.4020
20
98.6980
0
VERTEX
8
CUT
10
119.4570
20
98.6815
0
VERTEX
8
CUT
10
119.4712
20
98.6775
0
VERTEX
8
CUT
10
119.5634
20
98.6523
0
VERTEX
8
CUT
10
119.5777
20
98.6486
0
VERTEX
8
CUT
10
120.3009
20
98.4701
0
VERTEX
8
CUT
10
120.3153
20
98.4667
0
VERTEX
8
CUT
10
120.4093
20
98.4459
0
VERTEX
8
CUT
10
120.4238
20
98.4429
0
VERTEX
8
CUT
10
120.4805
20
98.4318
0
VERTEX
8
CUT
10
120.5097
20
98.4269
0
VERTEX
8
CUT
10
120.6976
20
98.3998
0
VERTEX
8
CUT
10
120.7565
20
98.3942
0
VERTEX
8
CUT
10
120.9435
20
98.3859
0
VERTEX
8
CUT
10
121.0028
20
98.3862
0
VERTEX
8
CUT
10
121.1897
20
98.3963
0
VERTEX
8
CUT
10
121.2486
20
98.4024
0
VERTEX
8
CUT
10
121.4336
20
98.4309
0
VERTEX
8
CUT
10
121.4916
20
98.4428
0
VERTEX
8
CUT
10
121.6729
20
98.4894
0
VERTEX
8
CUT
10
121.7294
20
98.5070
0
VERTEX
8
CUT
10
121.9053
20
98.5712
0
VERTEX
8
CUT
10
121.9598
20
98.5943
0
VERTEX
8
CUT
10
122.1284
20
98.6755
0
VERTEX
8
CUT
10
122.1805
20
98.7038
0
VERTEX
8
CUT
10
122.3403
20
98.8013
0
VERTEX
8
CUT
10
122.3892
20
98.8346
0
VERTEX
8
CUT
10
122.5386
20
98.9474
0
VERTEX
8
CUT
10
122.5841
20
98.9854
0
VERTEX
8
CUT
10
122.7217
20
99.1123
0
VERTEX
8
CUT
10
122.7631
20
99.1546
0
VERTEX
8
CUT
10
122.8875
20
99.2944
0
VERTEX
8
CUT
10
122.9246
20
99.3406
0
VERTEX
8
CUT
10
123.0346
20
99.4921
0
VERTEX
8
CUT
10
123.0670
20
99.5416
0
VERTEX
8
CUT
10
123.1616
20
99.7032
0
VERTEX
8
CUT
10
123.1889
20
99.7557
0
VERTEX
8
CUT
10
123.2670
20
99.9258
0
VERTEX
8
CUT
10
123.2891
20
99.9808
0
VERTEX
8
CUT
10
123.3501
20
100.1578
0
VERTEX
8
CUT
10
123.3666
20
100.2146
0
VERTEX
8
CUT
10
123.4098
20
100.3968
0
VERTEX
8
CUT
10
123.4207
20
100.4550
0
VERTEX
8
CUT
10
123.4458
20
100.6405
0
VERTEX
8
CUT
10
123.4508
20
100.6995
0
VERTEX
8
CUT
10
123.4575
20
100.8866
0
VERTEX
8
CUT
10
123.4567
20
100.9458
0
VERTEX
8
CUT
10
123.4449
20
101.1326
0
VERTEX
8
CUT
10
123.4382
20
101.1914
0
VERTEX
8
CUT
10
123.4081
20
101.3762
0
VERTEX
8
CUT
10
123.3957
20
101.4341
0
VERTEX
8
CUT
10
123.3475
20
101.6150
0
VERTEX
8
CUT
10
123.3294
20
101.6713
0
VERTEX
8
CUT
10
123.2627
20
101.8490
0
VERTEX
8
CUT
10
123.2516
20
101.8765
0
VERTEX
8
CUT
10
123.2286
20
101.9295
0
VERTEX
8
CUT
10
123.2226
20
101.9431
0
VERTEX
8
CUT
10
123.1811
20
102.0327
0
VERTEX
8
CUT
10
123.1806
20
102.0340
0
VERTEX
8
CUT
10
123.1689
20
102.0597
0
VERTEX
8
CUT
10
123.1353
20
102.1371
0
VERTEX
8
CUT
10
123.1045
20
102.2188
0
VERTEX
8
CUT
10
123.0866
20
102.2741
0
VERTEX
8
CUT
10
123.0639
20
102.3584
0
VERTEX
8
CUT
10
123.0514
20
102.4152
0
VERTEX
8
CUT
10
123.0370
20
102.5014
0
VERTEX
8
CUT
10
123.0301
20
102.5591
0
VERTEX
8
CUT
10
123.0240
20
102.6462
0
VERTEX
8
CUT
10
123.0224
20
102.7262
0
VERTEX
8
CUT
10
123.0225
20
102.7699
0
VERTEX
8
CUT
10
123.0940
20
105.3652
0
VERTEX
8
CUT
10
123.0942
20
105.3814
0
VERTEX
8
CUT
10
123.0943
20
105.4862
0
VERTEX
8
CUT
10
123.0941
20
105.5024
0
VERTEX
8
CUT
10
123.0906
20
105.6339
0
VERTEX
8
CUT
10
123.0900
20
105.6500
0
VERTEX
8
CUT
10
123.0844
20
105.7547
0
VERTEX
8
CUT
10
123.0833
20
105.7708
0
VERTEX
8
CUT
10
122.9500
20
107.4334
0
VERTEX
8
CUT
10
122.9480
20
107.4542
0
VERTEX
8
CUT
10
122.9324
20
107.5894
0
VERTEX
8
CUT
10
122.9296
20
107.6102
0
VERTEX
8
CUT
10
122.9041
20
107.7790
0
VERTEX
8
CUT
10
122.9006
20
107.7997
0
VERTEX
8
CUT
10
122.8756
20
107.9335
0
VERTEX
8
CUT
10
122.8714
20
107.9540
0
VERTEX
8
CUT
10
122.3133
20
110.4536
0
VERTEX
8
CUT
10
122.3098
20
110.4684
0
VERTEX
8
CUT
10
122.2859
20
110.5640
0
VERTEX
8
CUT
10
122.2820
20
110.5787
0
VERTEX
8
CUT
10
122.2662
20
110.6358
0
VERTEX
8
CUT
10
122.2574
20
110.6648
0
VERTEX
8
CUT
10
122.1952
20
110.8519
0
VERTEX
8
CUT
10
122.1849
20
110.8804
0
VERTEX
8
CUT
10
122.1634
20
110.9356
0
VERTEX
8
CUT
10
122.1577
20
110.9497
0
VERTEX
8
CUT
10
122.1196
20
111.0406
0
VERTEX
8
CUT
10
122.1136
20
111.0546
0
VERTEX
8
CUT
10
122.0481
20
111.2005
0
VERTEX
8
CUT
10
122.0420
20
111.2137
0
VERTEX
8
CUT
10
122.0012
20
111.2990
0
VERTEX
8
CUT
10
121.9947
20
111.3121
0
VERTEX
8
CUT
10
121.9690
20
111.3627
0
VERTEX
8
CUT
10
121.9552
20
111.3883
0
VERTEX
8
CUT
10
121.8627
20
111.5502
0
VERTEX
8
CUT
10
121.8314
20
111.5992
0
VERTEX
8
CUT
10
121.7252
20
111.7493
0
VERTEX
8
CUT
10
121.6893
20
111.7951
0
VERTEX
8
CUT
10
121.5690
20
111.9342
0
VERTEX
8
CUT
10
121.5289
20
111.9763
0
VERTEX
8
CUT
10
121.3957
20
112.1031
0
VERTEX
8
CUT
10
121.3517
20
112.1412
0
VERTEX
8
CUT
10
121.2069
20
112.2545
0
VERTEX
8
CUT
10
121.1594
20
112.2881
0
VERTEX
8
CUT
10
121.0043
20
112.3868
0
VERTEX
8
CUT
10
120.9538
20
112.4156
0
VERTEX
8
CUT
10
120.7898
20
112.4989
0
VERTEX
8
CUT
10
120.7367
20
112.5227
0
VERTEX
8
CUT
10
120.5655
20
112.5897
0
VERTEX
8
CUT
10
120.5103
20
112.6083
0
VERTEX
8
CUT
10
120.3334
20
112.6584
0
VERTEX
8
CUT
10
120.2767
20
112.6715
0
VERTEX
8
CUT
10
120.0958
20
112.7042
0
VERTEX
8
CUT
10
120.0381
20
112.7118
0
VERTEX
8
CUT
10
119.8548
20
112.7269
0
VERTEX
8
CUT
10
119.7967
20
112.7288
0
VERTEX
8
CUT
10
119.6128
20
112.7261
0
VERTEX
8
CUT
10
119.5548
20
112.7224
0
VERTEX
8
CUT
10
119.3721
20
112.7019
0
VERTEX
8
CUT
10
119.3146
20
112.6926
0
VERTEX
8
CUT
10
119.1347
20
112.6544
0
VERTEX
8
CUT
10
119.0785
20
112.6396
0
VERTEX
8
CUT
10
118.9031
20
112.5842
0
VERTEX
8
CUT
10
118.8486
20
112.5641
0
VERTEX
8
CUT
10
118.6794
20
112.4920
0
VERTEX
8
CUT
10
118.6271
20
112.4666
0
VERTEX
8
CUT
10
118.4657
20
112.3785
0
VERTEX
8
CUT
10
118.4160
20
112.3481
0
VERTEX
8
CUT
10
118.2639
20
112.2448
0
VERTEX
8
CUT
10
118.2175
20
112.2098
0
VERTEX
8
CUT
10
118.0761
20
112.0922
0
VERTEX
8
CUT
10
118.0332
20
112.0529
0
VERTEX
8
CUT
10
117.9039
20
111.9222
0
VERTEX
8
CUT
10
117.8650
20
111.8789
0
VERTEX
8
CUT
10
117.7490
20
111.7363
0
VERTEX
8
CUT
10
117.7145
20
111.6894
0
VERTEX
8
CUT
10
117.6128
20
111.5362
0
VERTEX
8
CUT
10
117.5830
20
111.4862
0
VERTEX
8
CUT
10
117.4966
20
111.3239
0
VERTEX
8
CUT
10
117.4718
20
111.2713
0
VERTEX
8
CUT
10
117.4015
20
111.1014
0
VERTEX
8
CUT
10
117.3819
20
111.0466
0
VERTEX
8
CUT
10
117.3277
20
110.8682
0
VERTEX
8
CUT
10
117.3199
20
110.8402
0
VERTEX
8
CUT
10
117.3061
20
110.7851
0
VERTEX
8
CUT
10
117.3027
20
110.7710
0
VERTEX
8
CUT
10
117.2818
20
110.6788
0
VERTEX
8
CUT
10
117.2788
20
110.6645
0
VERTEX
8
CUT
10
117.0754
20
109.6517
0
VERTEX
8
CUT
10
117.0655
20
109.6081
0
VERTEX
8
CUT
10
117.0455
20
109.5287
0
VERTEX
8
CUT
10
117.0193
20
109.4432
0
VERTEX
8
CUT
10
116.9990
20
109.3873
0
VERTEX
8
CUT
10
116.9645
20
109.3049
0
VERTEX
8
CUT
10
116.9388
20
109.2512
0
VERTEX
8
CUT
10
116.8962
20
109.1726
0
VERTEX
8
CUT
10
116.8653
20
109.1218
0
VERTEX
8
CUT
10
116.8152
20
109.0478
0
VERTEX
8
CUT
10
116.7794
20
109.0002
0
VERTEX
8
CUT
10
116.7222
20
108.9316
0
VERTEX
8
CUT
10
116.6819
20
108.8878
0
VERTEX
8
CUT
10
116.6181
20
108.8252
0
VERTEX
8
CUT
10
116.5569
20
108.7708
0
VERTEX
8
CUT
10
116.5228
20
108.7419
0
VERTEX
8
CUT
10
116.4984
20
108.7223
0
VERTEX
8
CUT
10
116.4730
20
108.7008
0
VERTEX
8
CUT
10
116.3327
20
108.5745
0
VERTEX
8
CUT
10
116.2898
20
108.5318
0
VERTEX
8
CUT
10
116.1611
20
108.3900
0
VERTEX
8
CUT
10
116.1227
20
108.3432
0
VERTEX
8
CUT
10
116.0090
20
108.1892
0
VERTEX
8
CUT
10
115.9755
20
108.1388
0
VERTEX
8
CUT
10
115.8779
20
107.9741
0
VERTEX
8
CUT
10
115.8497
20
107.9205
0
VERTEX
8
CUT
10
115.7691
20
107.7469
0
VERTEX
8
CUT
10
115.7465
20
107.6907
0
VERTEX
8
CUT
10
115.6838
20
107.5098
0
VERTEX
8
CUT
10
115.6669
20
107.4517
0
VERTEX
8
CUT
10
115.6229
20
107.2654
0
VERTEX
8
CUT
10
115.6119
20
107.2058
0
VERTEX
8
CUT
10
115.5869
20
107.0160
0
VERTEX
8
CUT
10
115.5820
20
106.9557
0
VERTEX
8
CUT
10
115.5762
20
106.7643
0
VERTEX
8
CUT
10
115.5774
20
106.7038
0
VERTEX
8
CUT
10
115.5909
20
106.5128
0
VERTEX
8
CUT
10
115.5982
20
106.4527
0
SEQEND
0
POLYLINE
8
CUT
66
1
70
1
10
0.0
20
0.0
30
0.0
0
VERTEX
8
CUT
10
102.0991
20
117.0066
0
VERTEX
8
CUT
10
102.1120
20
116.9492
0
VERTEX
8
CUT
10
102.1616
20
116.7701
0
VERTEX
8
CUT
10
102.1800
20
116.7142
0
VERTEX
8
CUT
10
102.2478
20
116.5384
0
VERTEX
8
CUT
10
102.2590
20
116.5112
0
VERTEX
8
CUT
10
102.2823
20
116.4587
0
VERTEX
8
CUT
10
102.2884
20
116.4453
0
VERTEX
8
CUT
10
102.3293
20
116.3589
0
VERTEX
8
CUT
10
102.3357
20
116.3457
0
VERTEX
8
CUT
10
105.2188
20
110.6132
0
VERTEX
8
CUT
10
105.2257
20
110.5999
0
VERTEX
8
CUT
10
105.2714
20
110.5143
0
VERTEX
8
CUT
10
105.2786
20
110.5012
0
VERTEX
8
CUT
10
105.3074
20
110.4505
0
VERTEX
8
CUT
10
105.3228
20
110.4249
0
VERTEX
8
CUT
10
105.4254
20
110.2632
0
VERTEX
8
CUT
10
105.4599
20
110.2144
0
VERTEX
8
CUT
10
105.5765
20
110.0658
0
VERTEX
8
CUT
10
105.6156
20
110.0207
0
VERTEX
8
CUT
10
105.7464
20
109.8845
0
VERTEX
8
CUT
10
105.7898
20
109.8435
0
VERTEX
8
CUT
10
105.9335
20
109.7209
0
VERTEX
8
CUT
10
105.9808
20
109.6844
0
VERTEX
8
CUT
10
106.1360
20
109.5768
0
VERTEX
8
CUT
10
106.1867
20
109.5452
0
VERTEX
8
CUT
10
106.3518
20
109.4535
0
VERTEX
8
CUT
10
106.4054
20
109.4271
0
VERTEX
8
CUT
10
106.5787
20
109.3522
0
VERTEX
8
CUT
10
106.6347
20
109.3313
0
VERTEX
8
CUT
10
106.8147
20
109.2741
0
VERTEX
8
CUT
10
106.8724
20
109.2588
0
VERTEX
8
CUT
10
107.0572
20
109.2197
0
VERTEX
8
CUT
10
107.1162
20
109.2103
0
VERTEX
8
CUT
10
107.3039
20
109.1898
0
VERTEX
8
CUT
10
107.3635
20
109.1863
0
VERTEX
8
CUT
10
107.5524
20
109.1846
0
VERTEX
8
CUT
10
107.6121
20
109.1870
0
VERTEX
8
CUT
10
107.8002
20
109.2041
0
VERTEX
8
CUT
10
107.8593
20
109.2124
0
VERTEX
8
CUT
10
108.0448
20
109.2481
0
VERTEX
8
CUT
10
108.1028
20
109.2623
0
VERTEX
8
CUT
10
108.2838
20
109.3162
0
VERTEX
8
CUT
10
108.3401
20
109.3361
0
VERTEX
8
CUT
10
108.5148
20
109.4078
0
VERTEX
8
CUT
10
108.5689
20
109.4332
0
VERTEX
8
CUT
10
108.7356
20
109.5219
0
VERTEX
8
CUT
10
108.7869
20
109.5525
0
VERTEX
8
CUT
10
108.9440
20
109.6574
0
VERTEX
8
CUT
10
108.9920
20
109.6930
0
VERTEX
8
CUT
10
109.1378
20
109.8129
0
VERTEX
8
CUT
10
109.1820
20
109.8531
0
VERTEX
8
CUT
10
109.3153
20
109.9869
0
VERTEX
8
CUT
10
109.3552
20
110.0313
0
VERTEX
8
CUT
10
109.4745
20
110.1777
0
VERTEX
8
CUT
10
109.5099
20
110.2259
0
VERTEX
8
CUT
10
109.6140
20
110.3834
0
VERTEX
8
CUT
10
109.6444
20
110.4349
0
VERTEX
8
CUT
10
109.7323
20
110.6020
0
VERTEX
8
CUT
10
109.7575
20
110.6562
0
VERTEX
8
CUT
10
109.8283
20
110.8312
0
VERTEX
8
CUT
10
109.8480
20
110.8877
0
VERTEX
8
CUT
10
109.9018
20
111.0714
0
VERTEX
8
CUT
10
109.9095
20
111.1003
0
VERTEX
8
CUT
10
109.9231
20
111.1570
0
VERTEX
8
CUT
10
109.9264
20
111.1716
0
VERTEX
8
CUT
10
109.9467
20
111.2665
0
VERTEX
8
CUT
10
109.9496
20
111.2812
0
VERTEX
8
CUT
10
109.9917
20
111.5055
0
VERTEX
8
CUT
10
109.9939
20
111.5171
0
VERTEX
8
CUT
10
109.9978
20
111.5363
0
VERTEX
8
CUT
10
110.0083
20
111.5823
0
VERTEX
8
CUT
10
110.0282
20
111.6598
0
VERTEX
8
CUT
10
110.0377
20
111.6939
0
VERTEX
8
CUT
10
110.0387
20
111.6974
0
VERTEX
8
CUT
10
110.0495
20
111.7312
0
VERTEX
8
CUT
10
110.0754
20
111.8068
0
VERTEX
8
CUT
10
110.0919
20
111.8511
0
VERTEX
8
CUT
10
110.0992
20
111.8693
0
VERTEX
8
CUT
10
110.1037
20
111.8802
0
VERTEX
8
CUT
10
110.9608
20
113.9341
0
VERTEX
8
CUT
10
110.9647
20
113.9432
0
VERTEX
8
CUT
10
110.9712
20
113.9584
0
VERTEX
8
CUT
10
110.9877
20
113.9945
0
VERTEX
8
CUT
10
111.0170
20
114.0551
0
VERTEX
8
CUT
10
111.0305
20
114.0818
0
VERTEX
8
CUT
10
111.0319
20
114.0846
0
VERTEX
8
CUT
10
111.0462
20
114.1107
0
VERTEX
8
CUT
10
111.0795
20
114.1693
0
VERTEX
8
CUT
10
111.0999
20
114.2034
0
VERTEX
8
CUT
10
111.1087
20
114.2174
0
VERTEX
8
CUT
10
111.1140
20
114.2258
0
VERTEX
8
CUT
10
111.1452
20
114.2741
0
VERTEX
8
CUT
10
111.1528
20
114.2864
0
VERTEX
8
CUT
10
111.2018
20
114.3665
0
VERTEX
8
CUT
10
111.2091
20
114.3789
0
VERTEX
8
CUT
10
111.2373
20
114.4278
0
VERTEX
8
CUT
10
111.2512
20
114.4531
0
VERTEX
8
CUT
10
111.3360
20
114.6177
0
VERTEX
8
CUT
10
111.3599
20
114.6703
0
VERTEX
8
CUT
10
111.4276
20
114.8399
0
VERTEX
8
CUT
10
111.4464
20
114.8945
0
VERTEX
8
CUT
10
111.4974
20
115.0698
0
VERTEX
8
CUT
10
111.5108
20
115.1260
0
VERTEX
8
CUT
10
111.5447
20
115.3054
0
VERTEX
8
CUT
10
111.5527
20
115.3626
0
VERTEX
8
CUT
10
111.5692
20
115.5445
0
VERTEX
8
CUT
10
111.5717
20
115.6022
0
VERTEX
8
CUT
10
111.5706
20
115.7848
0
VERTEX
8
CUT
10
111.5675
20
115.8425
0
VERTEX
8
CUT
10
111.5489
20
116.0242
0
VERTEX
8
CUT
10
111.5403
20
116.0813
0
VERTEX
8
CUT
10
111.5043
20
116.2603
0
VERTEX
8
CUT
10
111.4902
20
116.3163
0
VERTEX
8
CUT
10
111.4371
20
116.4910
0
VERTEX
8
CUT
10
111.4177
20
116.5454
0
VERTEX
8
CUT
10
111.3481
20
116.7143
0
VERTEX
8
CUT
10
111.3236
20
116.7665
0
VERTEX
8
CUT
10
111.2381
20
116.9279
0
VERTEX
8
CUT
10
111.2086
20
116.9776
0
VERTEX
8
CUT
10
111.1080
20
117.1300
0
VERTEX
8
CUT
10
111.0739
20
117.1766
0
VERTEX
8
CUT
10
110.9591
20
117.3186
0
VERTEX
8
CUT
10
110.9207
20
117.3617
0
VERTEX
8
CUT
10
110.7927
20
117.4920
0
VERTEX
8
CUT
10
110.7503
20
117.5312
0
VERTEX
8
CUT
10
110.6105
20
117.6486
0
VERTEX
8
CUT
10
110.5645
20
117.6836
0
VERTEX
8
CUT
10
110.4140
20
117.7870
0
VERTEX
8
CUT
10
110.3649
20
117.8174
0
VERTEX
8
CUT
10
110.2051
20
117.9058
0
VERTEX
8
CUT
10
110.1533
20
117.9314
0
VERTEX
8
CUT
10
109.9858
20
118.0041
0
VERTEX
8
CUT
10
109.9318
20
118.0245
0
VERTEX
8
CUT
10
109.7556
20
118.0815
0
VERTEX
8
CUT
10
109.7279
20
118.0897
0
VERTEX
8
CUT
10
109.6650
20
118.1068
0
VERTEX
8
CUT
10
109.6582
20
118.1086
0
VERTEX
8
CUT
10
109.6097
20
118.1212
0
VERTEX
8
CUT
10
109.6030
20
118.1229
0
VERTEX
8
CUT
10
109.5877
20
118.1266
0
VERTEX
8
CUT
10
109.5635
20
118.1329
0
VERTEX
8
CUT
10
109.5054
20
118.1490
0
VERTEX
8
CUT
10
109.4680
20
118.1602
0
VERTEX
8
CUT
10
109.4450
20
118.1676
0
VERTEX
8
CUT
10
109.4333
20
118.1715
0
VERTEX
8
CUT
10
107.2293
20
118.9178
0
VERTEX
8
CUT
10
107.2194
20
118.9213
0
VERTEX
8
CUT
10
107.2030
20
118.9270
0
VERTEX
8
CUT
10
107.1639
20
118.9418
0
VERTEX
8
CUT
10
107.0982
20
118.9684
0
VERTEX
8
CUT
10
107.0694
20
118.9807
0
VERTEX
8
CUT
10
107.0663
20
118.9820
0
VERTEX
8
CUT
10
107.0379
20
118.9953
0
VERTEX
8
CUT
10
106.9743
20
119.0264
0
VERTEX
8
CUT
10
106.9371
20
119.0456
0
VERTEX
8
CUT
10
106.9219
20
119.0540
0
VERTEX
8
CUT
10
106.9127
20
119.0590
0
VERTEX
8
CUT
10
105.9338
20
119.6097
0
VERTEX
8
CUT
10
105.8213
20
119.6730
0
VERTEX
8
CUT
10
105.8084
20
119.6801
0
VERTEX
8
CUT
10
105.7240
20
119.7249
0
VERTEX
8
CUT
10
105.7109
20
119.7316
0
VERTEX
8
CUT
10
105.7100
20
119.7321
0
VERTEX
8
CUT
10
105.6595
20
119.7573
0
VERTEX
8
CUT
10
105.6329
20
119.7698
0
VERTEX
8
CUT
10
105.4604
20
119.8457
0
VERTEX
8
CUT
10
105.4055
20
119.8667
0
VERTEX
8
CUT
10
105.2288
20
119.9245
0
VERTEX
8
CUT
10
105.1721
20
119.9401
0
VERTEX
8
CUT
10
104.9906
20
119.9803
0
VERTEX
8
CUT
10
104.9326
20
119.9902
0
VERTEX
8
CUT
10
104.7480
20
120.0125
0
VERTEX
8
CUT
10
104.6894
20
120.0167
0
VERTEX
8
CUT
10
104.5035
20
120.0208
0
VERTEX
8
CUT
10
104.4447
20
120.0193
0
VERTEX
8
CUT
10
104.2594
20
120.0052
0
VERTEX
8
CUT
10
104.2010
20
119.9979
0
VERTEX
8
CUT
10
104.0179
20
119.9657
0
VERTEX
8
CUT
10
103.9605
20
119.9527
0
VERTEX
8
CUT
10
103.7815
20
119.9028
0
VERTEX
8
CUT
10
103.7257
20
119.8842
0
VERTEX
8
CUT
10
103.5523
20
119.8170
0
VERTEX
8
CUT
10
103.4986
20
119.7930
0
VERTEX
8
CUT
10
103.3327
20
119.7092
0
VERTEX
8
CUT
10
103.2816
20
119.6801
0
VERTEX
8
CUT
10
103.1247
20
119.5804
0
VERTEX
8
CUT
10
103.0767
20
119.5465
0
VERTEX
8
CUT
10
102.9303
20
119.4319
0
VERTEX
8
CUT
10
102.8858
20
119.3934
0
VERTEX
8
CUT
10
102.7513
20
119.2650
0
VERTEX
8
CUT
10
102.7108
20
119.2224
0
VERTEX
8
CUT
10
102.5896
20
119.0815
0
VERTEX
8
CUT
10
102.5534
20
119.0351
0
VERTEX
8
CUT
10
102.4465
20
118.8830
0
VERTEX
8
CUT
10
102.4151
20
118.8333
0
VERTEX
8
CUT
10
102.3237
20
118.6714
0
VERTEX
8
CUT
10
102.2973
20
118.6189
0
VERTEX
8
CUT
10
102.2221
20
118.4488
0
VERTEX
8
CUT
10
102.2009
20
118.3940
0
VERTEX
8
CUT
10
102.1427
20
118.2174
0
VERTEX
8
CUT
10
102.1271
20
118.1607
0
VERTEX
8
CUT
10
102.0865
20
117.9793
0
VERTEX
8
CUT
10
102.0764
20
117.9214
0
VERTEX
8
CUT
10
102.0538
20
117.7368
0
VERTEX
8
CUT
10
102.0495
20
117.6782
0
VERTEX
8
CUT
10
102.0449
20
117.4923
0
VERTEX
8
CUT
10
102.0464
20
117.4336
0
VERTEX
8
CUT
10
102.0601
20
117.2481
0
VERTEX
8
CUT
10
102.0673
20
117.1898
0
SEQEND
0
POLYLINE
8
CUT
66
1
70
1
10
0.0
20
0.0
30
0.0
0
VERTEX
8
CUT
10
77.7354
20
54.0339
0
VERTEX
8
CUT
10
77.7380
20
54.0040
0
VERTEX
8
CUT
10
77.7446
20
53.9459
0
VERTEX
8
CUT
10
77.7465
20
53.9310
0
VERTEX
8
CUT
10
77.7598
20
53.8346
0
VERTEX
8
CUT
10
77.7621
20
53.8198
0
VERTEX
8
CUT
10
77.8217
20
53.4563
0
VERTEX
8
CUT
10
77.8248
20
53.4386
0
VERTEX
8
CUT
10
77.8473
20
53.3233
0
VERTEX
8
CUT
10
77.8510
20
53.3057
0
VERTEX
8
CUT
10
77.8666
20
53.2370
0
VERTEX
8
CUT
10
77.8756
20
53.2020
0
VERTEX
8
CUT
10
77.9411
20
52.9768
0
VERTEX
8
CUT
10
77.9522
20
52.9424
0
VERTEX
8
CUT
10
77.9759
20
52.8761
0
VERTEX
8
CUT
10
77.9823
20
52.8592
0
VERTEX
8
CUT
10
78.0251
20
52.7499
0
VERTEX
8
CUT
10
78.0319
20
52.7331
0
VERTEX
8
CUT
10
78.0906
20
52.5955
0
VERTEX
8
CUT
10
78.0970
20
52.5812
0
VERTEX
8
CUT
10
78.1391
20
52.4891
0
VERTEX
8
CUT
10
78.1458
20
52.4750
0
VERTEX
8
CUT
10
78.1726
20
52.4204
0
VERTEX
8
CUT
10
78.1870
20
52.3927
0
VERTEX
8
CUT
10
78.2840
20
52.2181
0
VERTEX
8
CUT
10
78.3171
20
52.1653
0
VERTEX
8
CUT
10
78.4317
20
52.0017
0
VERTEX
8
CUT
10
78.4503
20
51.9766
0
VERTEX
8
CUT
10
78.4878
20
51.9287
0
VERTEX
8
CUT
10
78.4975
20
51.9165
0
VERTEX
8
CUT
10
78.5619
20
51.8383
0
VERTEX
8
CUT
10
78.5720
20
51.8264
0
VERTEX
8
CUT
10
78.8089
20
51.5537
0
VERTEX
8
CUT
10
78.8192
20
51.5422
0
VERTEX
8
CUT
10
78.8867
20
51.4683
0
VERTEX
8
CUT
10
78.8973
20
51.4570
0
VERTEX
8
CUT
10
78.9390
20
51.4137
0
VERTEX
8
CUT
10
78.9609
20
51.3921
0
VERTEX
8
CUT
10
79.1050
20
51.2571
0
VERTEX
8
CUT
10
79.1521
20
51.2173
0
VERTEX
8
CUT
10
79.3071
20
51.0994
0
VERTEX
8
CUT
10
79.3580
20
51.0647
0
VERTEX
8
CUT
10
79.5242
20
50.9633
0
VERTEX
8
CUT
10
79.5784
20
50.9340
0
VERTEX
8
CUT
10
79.7542
20
50.8502
0
VERTEX
8
CUT
10
79.8111
20
50.8266
0
VERTEX
8
CUT
10
79.9945
20
50.7613
0
VERTEX
8
CUT
10
80.0536
20
50.7436
0
VERTEX
8
CUT
10
80.2427
20
50.6975
0
VERTEX
8
CUT
10
80.3033
20
50.6860
0
VERTEX
8
CUT
10
80.4962
20
50.6595
0
VERTEX
8
CUT
10
80.5576
20
50.6542
0
VERTEX
8
CUT
10
80.7549
20
50.6475
0
VERTEX
8
CUT
10
80.7857
20
50.6473
0
VERTEX
8
CUT
10
80.8458
20
50.6483
0
VERTEX
8
CUT
10
80.8612
20
50.6488
0
VERTEX
8
CUT
10
80.9613
20
50.6531
0
VERTEX
8
CUT
10
80.9767
20
50.6540
0
VERTEX
8
CUT
10
82.6216
20
50.7674
0
VERTEX
8
CUT
10
82.6356
20
50.7685
0
VERTEX
8
CUT
10
82.7265
20
50.7769
0
VERTEX
8
CUT
10
82.7405
20
50.7784
0
VERTEX
8
CUT
10
82.7950
20
50.7847
0
VERTEX
8
CUT
10
82.8229
20
50.7886
0
VERTEX
8
CUT
10
83.0006
20
50.8178
0
VERTEX
8
CUT
10
83.0555
20
50.8295
0
VERTEX
8
CUT
10
83.2298
20
50.8751
0
VERTEX
8
CUT
10
83.2568
20
50.8829
0
VERTEX
8
CUT
10
83.3092
20
50.8992
0
VERTEX
8
CUT
10
83.3225
20
50.9036
0
VERTEX
8
CUT
10
83.4090
20
50.9329
0
VERTEX
8
CUT
10
83.4223
20
50.9375
0
VERTEX
8
CUT
10
83.4345
20
50.9420
0
VERTEX
8
CUT
10
83.4475
20
50.9469
0
VERTEX
8
CUT
10
83.5315
20
50.9798
0
VERTEX
8
CUT
10
83.5444
20
50.9850
0
VERTEX
8
CUT
10
83.5944
20
51.0059
0
VERTEX
8
CUT
10
83.6198
20
51.0172
0
VERTEX
8
CUT
10
83.7806
20
51.0934
0
VERTEX
8
CUT
10
83.8296
20
51.1195
0
VERTEX
8
CUT
10
83.9807
20
51.2090
0
VERTEX
8
CUT
10
84.0271
20
51.2395
0
VERTEX
8
CUT
10
84.1711
20
51.3440
0
VERTEX
8
CUT
10
84.1932
20
51.3608
0
VERTEX
8
CUT
10
84.2356
20
51.3947
0
VERTEX
8
CUT
10
84.2464
20
51.4035
0
VERTEX
8
CUT
10
84.3156
20
51.4614
0
VERTEX
8
CUT
10
84.3261
20
51.4704
0
VERTEX
8
CUT
10
85.1870
20
52.2257
0
VERTEX
8
CUT
10
85.1963
20
52.2341
0
VERTEX
8
CUT
10
85.2565
20
52.2892
0
VERTEX
8
CUT
10
85.2657
20
52.2978
0
VERTEX
8
CUT
10
85.3012
20
52.3317
0
VERTEX
8
CUT
10
85.3190
20
52.3494
0
VERTEX
8
CUT
10
85.4323
20
52.4669
0
VERTEX
8
CUT
10
85.4493
20
52.4854
0
VERTEX
8
CUT
10
85.4819
20
52.5221
0
VERTEX
8
CUT
10
85.4901
20
52.5316
0
VERTEX
8
CUT
10
85.5430
20
52.5938
0
VERTEX
8
CUT
10
85.5510
20
52.6035
0
VERTEX
8
CUT
10
87.3190
20
54.7758
0
VERTEX
8
CUT
10
87.3316
20
54.7918
0
VERTEX
8
CUT
10
87.4113
20
54.8968
0
VERTEX
8
CUT
10
87.4233
20
54.9131
0
VERTEX
8
CUT
10
87.5188
20
55.0482
0
VERTEX
8
CUT
10
87.5302
20
55.0649
0
VERTEX
8
CUT
10
87.6026
20
55.1751
0
VERTEX
8
CUT
10
87.6135
20
55.1922
0
VERTEX
8
CUT
10
90.5403
20
59.9885
0
VERTEX
8
CUT
10
90.5485
20
60.0025
0
VERTEX
8
CUT
10
90.6008
20
60.0936
0
VERTEX
8
CUT
10
90.6087
20
60.1077
0
VERTEX
8
CUT
10
90.6713
20
60.2239
0
VERTEX
8
CUT
10
90.6787
20
60.2382
0
VERTEX
8
CUT
10
90.7260
20
60.3321
0
VERTEX
8
CUT
10
90.7331
20
60.3466
0
VERTEX
8
CUT
10
92.2474
20
63.5624
0
VERTEX
8
CUT
10
92.2553
20
63.5799
0
VERTEX
8
CUT
10
92.3050
20
63.6948
0
VERTEX
8
CUT
10
92.3123
20
63.7126
0
VERTEX
8
CUT
10
92.3700
20
63.8586
0
VERTEX
8
CUT
10
92.3768
20
63.8767
0
VERTEX
8
CUT
10
92.4189
20
63.9945
0
VERTEX
8
CUT
10
92.4251
20
64.0127
0
VERTEX
8
CUT
10
93.3031
20
66.7374
0
VERTEX
8
CUT
10
93.3081
20
66.7538
0
VERTEX
8
CUT
10
93.3393
20
66.8612
0
VERTEX
8
CUT
10
93.3439
20
66.8778
0
VERTEX
8
CUT
10
93.3792
20
67.0137
0
VERTEX
8
CUT
10
93.3833
20
67.0304
0
VERTEX
8
CUT
10
93.4083
20
67.1394
0
VERTEX
8
CUT
10
93.4119
20
67.1563
0
VERTEX
8
CUT
10
93.9894
20
70.0503
0
VERTEX
8
CUT
10
93.9927
20
70.0678
0
VERTEX
8
CUT
10
94.0119
20
70.1821
0
VERTEX
8
CUT
10
94.0147
20
70.1997
0
VERTEX
8
CUT
10
94.0346
20
70.3438
0
VERTEX
8
CUT
10
94.0368
20
70.3615
0
VERTEX
8
CUT
10
94.0492
20
70.4768
0
VERTEX
8
CUT
10
94.0509
20
70.4945
0
VERTEX
8
CUT
10
94.2457
20
72.9854
0
VERTEX
8
CUT
10
94.2467
20
73.0004
0
VERTEX
8
CUT
10
94.2518
20
73.0980
0
VERTEX
8
CUT
10
94.2524
20
73.1130
0
VERTEX
8
CUT
10
94.2541
20
73.1717
0
VERTEX
8
CUT
10
94.2542
20
73.2018
0
VERTEX
8
CUT
10
94.2498
20
73.3971
0
VERTEX
8
CUT
10
94.2484
20
73.4271
0
VERTEX
8
CUT
10
94.2442
20
73.4857
0
VERTEX
8
CUT
10
94.2429
20
73.5007
0
VERTEX
8
CUT
10
94.2334
20
73.5980
0
VERTEX
8
CUT
10
94.2317
20
73.6129
0
VERTEX
8
CUT
10
94.0578
20
75.0260
0
VERTEX
8
CUT
10
94.0557
20
75.0408
0
VERTEX
8
CUT
10
94.0415
20
75.1368
0
VERTEX
8
CUT
10
94.0391
20
75.1515
0
VERTEX
8
CUT
10
94.0291
20
75.2090
0
VERTEX
8
CUT
10
94.0233
20
75.2383
0
VERTEX
8
CUT
10
93.9811
20
75.4250
0
VERTEX
8
CUT
10
93.9651
20
75.4825
0
VERTEX
8
CUT
10
93.9054
20
75.6617
0
VERTEX
8
CUT
10
93.8837
20
75.7173
0
VERTEX
8
CUT
10
93.8065
20
75.8896
0
VERTEX
8
CUT
10
93.7794
20
75.9428
0
VERTEX
8
CUT
10
93.6841
20
76.1089
0
VERTEX
8
CUT
10
93.6686
20
76.1344
0
VERTEX
8
CUT
10
93.6371
20
76.1835
0
VERTEX
8
CUT
10
93.6289
20
76.1959
0
VERTEX
8
CUT
10
93.5745
20
76.2763
0
VERTEX
8
CUT
10
93.5659
20
76.2886
0
VERTEX
8
CUT
10
93.0264
20
77.0437
0
VERTEX
8
CUT
10
93.0185
20
77.0544
0
VERTEX
8
CUT
10
92.9667
20
77.1236
0
VERTEX
8
CUT
10
92.9586
20
77.1342
0
VERTEX
8
CUT
10
92.8917
20
77.2196
0
VERTEX
8
CUT
10
92.8834
20
77.2300
0
VERTEX
8
CUT
10
92.8286
20
77.2968
0
VERTEX
8
CUT
10
92.8200
20
77.3070
0
VERTEX
8
CUT
10
89.3319
20
81.3729
0
VERTEX
8
CUT
10
89.3220
20
81.3841
0
VERTEX
8
CUT
10
89.2569
20
81.4562
0
VERTEX
8
CUT
10
89.2468
20
81.4672
0
VERTEX
8
CUT
10
89.2066
20
81.5095
0
VERTEX
8
CUT
10
89.1855
20
81.5307
0
VERTEX
8
CUT
10
89.0469
20
81.6630
0
VERTEX
8
CUT
10
89.0017
20
81.7020
0
VERTEX
8
CUT
10
88.8527
20
81.8183
0
VERTEX
8
CUT
10
88.8038
20
81.8526
0
VERTEX
8
CUT
10
88.6440
20
81.9534
0
VERTEX
8
CUT
10
88.5919
20
81.9828
0
VERTEX
8
CUT
10
88.4228
20
82.0672
0
VERTEX
8
CUT
10
88.3681
20
82.0912
0
VERTEX
8
CUT
10
88.1915
20
82.1583
0
VERTEX
8
CUT
10
88.1346
20
82.1768
0
VERTEX
8
CUT
10
87.9522
20
82.2260
0
VERTEX
8
CUT
10
87.8938
20
82.2387
0
VERTEX
8
CUT
10
87.7074
20
82.2696
0
VERTEX
8
CUT
10
87.6480
20
82.2764
0
VERTEX
8
CUT
10
87.4595
20
82.2886
0
VERTEX
8
CUT
10
87.3997
20
82.2895
0
VERTEX
8
CUT
10
87.2109
20
82.2828
0
VERTEX
8
CUT
10
87.1513
20
82.2777
0
VERTEX
8
CUT
10
86.9641
20
82.2523
0
VERTEX
8
CUT
10
86.9053
20
82.2413
0
VERTEX
8
CUT
10
86.7215
20
82.1974
0
VERTEX
8
CUT
10
86.6642
20
82.1807
0
VERTEX
8
CUT
10
86.4857
20
82.1187
0
VERTEX
8
CUT
10
86.4303
20
82.0963
0
VERTEX
8
CUT
10
86.2588
20
82.0169
0
VERTEX
8
CUT
10
86.2059
20
81.9891
0
VERTEX
8
CUT
10
86.0432
20
81.8930
0
VERTEX
8
CUT
10
85.9933
20
81.8601
0
VERTEX
8
CUT
10
85.8410
20
81.7483
0
VERTEX
8
CUT
10
85.7946
20
81.7105
0
VERTEX
8
CUT
10
85.6542
20
81.5841
0
VERTEX
8
CUT
10
85.6118
20
81.5420
0
VERTEX
8
CUT
10
85.4846
20
81.4022
0
VERTEX
8
CUT
10
85.4466
20
81.3561
0
VERTEX
8
CUT
10
85.3340
20
81.2044
0
VERTEX
8
CUT
10
85.3008
20
81.1547
0
VERTEX
8
CUT
10
85.2038
20
80.9925
0
VERTEX
8
CUT
10
85.1757
20
80.9398
0
VERTEX
8
CUT
10
85.0954
20
80.7687
0
VERTEX
8
CUT
10
85.0727
20
80.7135
0
VERTEX
8
CUT
10
85.0097
20
80.5353
0
VERTEX
8
CUT
10
84.9926
20
80.4780
0
VERTEX
8
CUT
10
84.9477
20
80.2945
0
VERTEX
8
CUT
10
84.9364
20
80.2358
0
VERTEX
8
CUT
10
84.9096
20
80.0461
0
VERTEX
8
CUT
10
84.9062
20
80.0164
0
VERTEX
8
CUT
10
84.9009
20
79.9583
0
VERTEX
8
CUT
10
84.8997
20
79.9434
0
VERTEX
8
CUT
10
84.8934
20
79.8464
0
VERTEX
8
CUT
10
84.8926
20
79.8315
0
VERTEX
8
CUT
10
84.7648
20
76.6936
0
VERTEX
8
CUT
10
84.7642
20
76.6826
0
VERTEX
8
CUT
10
84.7629
20
76.6569
0
VERTEX
8
CUT
10
84.7622
20
76.6459
0
VERTEX
8
CUT
10
84.7614
20
76.6325
0
VERTEX
8
CUT
10
84.7606
20
76.6215
0
VERTEX
8
CUT
10
84.7586
20
76.5959
0
VERTEX
8
CUT
10
84.7577
20
76.5849
0
VERTEX
8
CUT
10
84.7569
20
76.5761
0
VERTEX
8
CUT
10
84.7558
20
76.5651
0
VERTEX
8
CUT
10
84.7532
20
76.5396
0
VERTEX
8
CUT
10
84.7520
20
76.5286
0
VERTEX
8
CUT
10
84.7505
20
76.5153
0
VERTEX
8
CUT
10
84.7492
20
76.5043
0
VERTEX
8
CUT
10
84.7459
20
76.4789
0
VERTEX
8
CUT
10
84.7445
20
76.4679
0
VERTEX
8
CUT
10
84.2959
20
73.2523
0
VERTEX
8
CUT
10
84.2949
20
73.2454
0
VERTEX
8
CUT
10
84.2925
20
73.2293
0
VERTEX
8
CUT
10
84.2921
20
73.2265
0
VERTEX
8
CUT
10
84.2871
20
73.1972
0
VERTEX
8
CUT
10
84.2767
20
73.1415
0
VERTEX
8
CUT
10
84.2633
20
73.0812
0
VERTEX
8
CUT
10
84.2446
20
73.0090
0
VERTEX
8
CUT
10
84.2354
20
72.9759
0
VERTEX
8
CUT
10
83.2221
20
69.5981
0
VERTEX
8
CUT
10
83.2193
20
69.5890
0
VERTEX
8
CUT
10
83.2127
20
69.5678
0
VERTEX
8
CUT
10
83.2098
20
69.5587
0
VERTEX
8
CUT
10
83.2063
20
69.5478
0
VERTEX
8
CUT
10
83.2033
20
69.5388
0
VERTEX
8
CUT
10
83.1963
20
69.5179
0
VERTEX
8
CUT
10
83.1933
20
69.5090
0
VERTEX
8
CUT
10
83.1908
20
69.5017
0
VERTEX
8
CUT
10
83.1876
20
69.4928
0
VERTEX
8
CUT
10
83.1802
20
69.4720
0
VERTEX
8
CUT
10
83.1769
20
69.4631
0
VERTEX
8
CUT
10
83.1729
20
69.4523
0
VERTEX
8
CUT
10
83.1696
20
69.4434
0
VERTEX
8
CUT
10
83.1617
20
69.4228
0
VERTEX
8
CUT
10
83.1583
20
69.4139
0
VERTEX
8
CUT
10
82.4021
20
67.4969
0
VERTEX
8
CUT
10
82.3976
20
67.4857
0
VERTEX
8
CUT
10
82.3931
20
67.4746
0
VERTEX
8
CUT
10
82.3876
20
67.4611
0
VERTEX
8
CUT
10
82.3846
20
67.4538
0
VERTEX
8
CUT
10
82.3789
20
67.4403
0
VERTEX
8
CUT
10
82.3762
20
67.4339
0
VERTEX
8
CUT
10
82.3744
20
67.4295
0
VERTEX
8
CUT
10
82.3696
20
67.4185
0
VERTEX
8
CUT
10
82.3675
20
67.4137
0
VERTEX
8
CUT
10
78.5945
20
58.8367
0
VERTEX
8
CUT
10
78.5890
20
58.8237
0
VERTEX
8
CUT
10
78.5540
20
58.7388
0
VERTEX
8
CUT
10
78.5488
20
58.7257
0
VERTEX
8
CUT
10
78.5290
20
58.6742
0
VERTEX
8
CUT
10
78.5195
20
58.6476
0
VERTEX
8
CUT
10
78.4617
20
58.4735
0
VERTEX
8
CUT
10
78.4534
20
58.4465
0
VERTEX
8
CUT
10
78.4386
20
58.3933
0
VERTEX
8
CUT
10
78.4349
20
58.3797
0
VERTEX
8
CUT
10
78.4122
20
58.2907
0
VERTEX
8
CUT
10
78.4089
20
58.2770
0
VERTEX
8
CUT
10
77.8273
20
55.7487
0
VERTEX
8
CUT
10
77.8243
20
55.7349
0
VERTEX
8
CUT
10
77.8058
20
55.6447
0
VERTEX
8
CUT
10
77.8031
20
55.6308
0
VERTEX
8
CUT
10
77.7933
20
55.5764
0
VERTEX
8
CUT
10
77.7889
20
55.5484
0
VERTEX
8
CUT
10
77.7648
20
55.3660
0
VERTEX
8
CUT
10
77.7617
20
55.3378
0
VERTEX
8
CUT
10
77.7570
20
55.2827
0
VERTEX
8
CUT
10
77.7560
20
55.2686
0
VERTEX
8
CUT
10
77.7504
20
55.1767
0
VERTEX
8
CUT
10
77.7497
20
55.1626
0
VERTEX
8
CUT
10
77.7229
20
54.4438
0
VERTEX
8
CUT
10
77.7226
20
54.4288
0
VERTEX
8
CUT
10
77.7214
20
54.3315
0
VERTEX
8
CUT
10
77.7214
20
54.3165
0
VERTEX
8
CUT
10
77.7221
20
54.2580
0
VERTEX
8
CUT
10
77.7232
20
54.2281
0
SEQEND
0
POLYLINE
8
CUT
66
1
70
1
10
0.0
20
0.0
30
0.0
0
VERTEX
8
CUT
10
65.9886
20
134.9375
0
VERTEX
8
CUT
10
65.9968
20
134.8801
0
VERTEX
8
CUT
10
66.0315
20
134.7000
0
VERTEX
8
CUT
10
66.0452
20
134.6437
0
VERTEX
8
CUT
10
66.0972
20
134.4678
0
VERTEX
8
CUT
10
66.1163
20
134.4130
0
VERTEX
8
CUT
10
66.1849
20
134.2430
0
VERTEX
8
CUT
10
66.2092
20
134.1903
0
VERTEX
8
CUT
10
66.2940
20
134.0277
0
VERTEX
8
CUT
10
66.3232
20
133.9777
0
VERTEX
8
CUT
10
66.4233
20
133.8240
0
VERTEX
8
CUT
10
66.4573
20
133.7770
0
VERTEX
8
CUT
10
66.5717
20
133.6337
0
VERTEX
8
CUT
10
66.6100
20
133.5902
0
VERTEX
8
CUT
10
66.7378
20
133.4586
0
VERTEX
8
CUT
10
66.7801
20
133.4190
0
VERTEX
8
CUT
10
66.9200
20
133.3004
0
VERTEX
8
CUT
10
66.9660
20
133.2650
0
VERTEX
8
CUT
10
67.1166
20
133.1605
0
VERTEX
8
CUT
10
67.1658
20
133.1297
0
VERTEX
8
CUT
10
67.3258
20
133.0402
0
VERTEX
8
CUT
10
67.3777
20
133.0144
0
VERTEX
8
CUT
10
67.5457
20
132.9407
0
VERTEX
8
CUT
10
67.5998
20
132.9200
0
VERTEX
8
CUT
10
67.7741
20
132.8629
0
VERTEX
8
CUT
10
67.8300
20
132.8475
0
VERTEX
8
CUT
10
68.0114
20
132.8070
0
VERTEX
8
CUT
10
68.0399
20
132.8013
0
VERTEX
8
CUT
10
68.0957
20
132.7917
0
VERTEX
8
CUT
10
68.1100
20
132.7894
0
VERTEX
8
CUT
10
68.2033
20
132.7755
0
VERTEX
8
CUT
10
68.2176
20
132.7735
0
VERTEX
8
CUT
10
68.4622
20
132.7432
0
VERTEX
8
CUT
10
68.4815
20
132.7412
0
VERTEX
8
CUT
10
68.6069
20
132.7297
0
VERTEX
8
CUT
10
68.6262
20
132.7283
0
VERTEX
8
CUT
10
68.7840
20
132.7190
0
VERTEX
8
CUT
10
68.8033
20
132.7182
0
VERTEX
8
CUT
10
68.9292
20
132.7149
0
VERTEX
8
CUT
10
68.9486
20
132.7147
0
VERTEX
8
CUT
10
78.3933
20
132.7708
0
VERTEX
8
CUT
10
78.4046
20
132.7710
0
VERTEX
8
CUT
10
78.4835
20
132.7730
0
VERTEX
8
CUT
10
78.4952
20
132.7734
0
VERTEX
8
CUT
10
78.5469
20
132.7757
0
VERTEX
8
CUT
10
78.5718
20
132.7773
0
VERTEX
8
CUT
10
78.7267
20
132.7906
0
VERTEX
8
CUT
10
78.7505
20
132.7932
0
VERTEX
8
CUT
10
78.7918
20
132.7984
0
VERTEX
8
CUT
10
78.8030
20
132.7999
0
VERTEX
8
CUT
10
78.8803
20
132.8112
0
VERTEX
8
CUT
10
78.8927
20
132.8131
0
VERTEX
8
CUT
10
79.2598
20
132.8745
0
VERTEX
8
CUT
10
79.2747
20
132.8772
0
VERTEX
8
CUT
10
79.3701
20
132.8956
0
VERTEX
8
CUT
10
79.3847
20
132.8986
0
VERTEX
8
CUT
10
79.4418
20
132.9111
0
VERTEX
8
CUT
10
79.4709
20
132.9183
0
VERTEX
8
CUT
10
79.6559
20
132.9686
0
VERTEX
8
CUT
10
79.7128
20
132.9872
0
VERTEX
8
CUT
10
79.8894
20
133.0548
0
VERTEX
8
CUT
10
79.9441
20
133.0789
0
VERTEX
8
CUT
10
80.1132
20
133.1638
0
VERTEX
8
CUT
10
80.1652
20
133.1932
0
VERTEX
8
CUT
10
80.3250
20
133.2945
0
VERTEX
8
CUT
10
80.3738
20
133.3290
0
VERTEX
8
CUT
10
80.5227
20
133.4456
0
VERTEX
8
CUT
10
80.5679
20
133.4849
0
VERTEX
8
CUT
10
80.7044
20
133.6158
0
VERTEX
8
CUT
10
80.7454
20
133.6593
0
VERTEX
8
CUT
10
80.8682
20
133.8031
0
VERTEX
8
CUT
10
80.9048
20
133.8505
0
VERTEX
8
CUT
10
81.0126
20
134.0058
0
VERTEX
8
CUT
10
81.0442
20
134.0566
0
VERTEX
8
CUT
10
81.1361
20
134.2220
0
VERTEX
8
CUT
10
81.1625
20
134.2756
0
VERTEX
8
CUT
10
81.2374
20
134.4493
0
VERTEX
8
CUT
10
81.2584
20
134.5053
0
VERTEX
8
CUT
10
81.3156
20
134.6856
0
VERTEX
8
CUT
10
81.3309
20
134.7434
0
VERTEX
8
CUT
10
81.3699
20
134.9285
0
VERTEX
8
CUT
10
81.3793
20
134.9876
0
VERTEX
8
CUT
10
81.3997
20
135.1756
0
VERTEX
8
CUT
10
81.4032
20
135.2353
0
VERTEX
8
CUT
10
81.4048
20
135.4244
0
VERTEX
8
CUT
10
81.4023
20
135.4842
0
VERTEX
8
CUT
10
81.3850
20
135.6725
0
VERTEX
8
CUT
10
81.3766
20
135.7318
0
VERTEX
8
CUT
10
81.3407
20
135.9174
0
VERTEX
8
CUT
10
81.3264
20
135.9755
0
VERTEX
8
CUT
10
81.2721
20
136.1567
0
VERTEX
8
CUT
10
81.2521
20
136.2131
0
VERTEX
8
CUT
10
81.1801
20
136.3880
0
VERTEX
8
CUT
10
81.1546
20
136.4421
0
VERTEX
8
CUT
10
81.0655
20
136.6089
0
VERTEX
8
CUT
10
81.0348
20
136.6602
0
VERTEX
8
CUT
10
80.9295
20
136.8174
0
VERTEX
8
CUT
10
80.8938
20
136.8654
0
VERTEX
8
CUT
10
80.7734
20
137.0112
0
VERTEX
8
CUT
10
80.7331
20
137.0554
0
VERTEX
8
CUT
10
80.5969
20
137.1904
0
VERTEX
8
CUT
10
80.5752
20
137.2110
0
VERTEX
8
CUT
10
80.5317
20
137.2500
0
VERTEX
8
CUT
10
80.5204
20
137.2598
0
VERTEX
8
CUT
10
80.4464
20
137.3229
0
VERTEX
8
CUT
10
80.4349
20
137.3325
0
VERTEX
8
CUT
10
80.4259
20
137.3398
0
VERTEX
8
CUT
10
80.4147
20
137.3487
0
VERTEX
8
CUT
10
80.3413
20
137.4053
0
VERTEX
8
CUT
10
80.3299
20
137.4139
0
VERTEX
8
CUT
10
80.2850
20
137.4469
0
VERTEX
8
CUT
10
80.2617
20
137.4633
0
VERTEX
8
CUT
10
80.1093
20
137.5644
0
VERTEX
8
CUT
10
80.0604
20
137.5937
0
VERTEX
8
CUT
10
79.8991
20
137.6799
0
VERTEX
8
CUT
10
79.8737
20
137.6928
0
VERTEX
8
CUT
10
79.8234
20
137.7167
0
VERTEX
8
CUT
10
79.8104
20
137.7227
0
VERTEX
8
CUT
10
79.7257
20
137.7605
0
VERTEX
8
CUT
10
79.7126
20
137.7661
0
VERTEX
8
CUT
10
77.2809
20
138.7829
0
VERTEX
8
CUT
10
77.2687
20
138.7881
0
VERTEX
8
CUT
10
77.2485
20
138.7969
0
VERTEX
8
CUT
10
77.2005
20
138.8196
0
VERTEX
8
CUT
10
77.1203
20
138.8603
0
VERTEX
8
CUT
10
77.0852
20
138.8791
0
VERTEX
8
CUT
10
77.0816
20
138.8811
0
VERTEX
8
CUT
10
77.0474
20
138.9015
0
VERTEX
8
CUT
10
76.9711
20
138.9491
0
VERTEX
8
CUT
10
76.9269
20
138.9786
0
VERTEX
8
CUT
10
76.9089
20
138.9914
0
VERTEX
8
CUT
10
76.8981
20
138.9991
0
VERTEX
8
CUT
10
76.7912
20
139.0774
0
VERTEX
8
CUT
10
76.7813
20
139.0848
0
VERTEX
8
CUT
10
76.7648
20
139.0972
0
VERTEX
8
CUT
10
76.7260
20
139.1282
0
VERTEX
8
CUT
10
76.6764
20
139.1701
0
VERTEX
8
CUT
10
76.6128
20
139.2293
0
VERTEX
8
CUT
10
76.5520
20
139.2916
0
VERTEX
8
CUT
10
76.4944
20
139.3567
0
VERTEX
8
CUT
10
76.4537
20
139.4073
0
VERTEX
8
CUT
10
76.4237
20
139.4469
0
VERTEX
8
CUT
10
76.4117
20
139.4636
0
VERTEX
8
CUT
10
76.4045
20
139.4738
0
VERTEX
8
CUT
10
76.1635
20
139.8204
0
VERTEX
8
CUT
10
76.1582
20
139.8282
0
VERTEX
8
CUT
10
76.1494
20
139.8411
0
VERTEX
8
CUT
10
76.1289
20
139.8727
0
VERTEX
8
CUT
10
76.1029
20
139.9146
0
VERTEX
8
CUT
10
76.0703
20
139.9717
0
VERTEX
8
CUT
10
76.0397
20
140.0303
0
VERTEX
8
CUT
10
76.0113
20
140.0897
0
VERTEX
8
CUT
10
75.9917
20
140.1349
0
VERTEX
8
CUT
10
75.9775
20
140.1697
0
VERTEX
8
CUT
10
75.9719
20
140.1843
0
VERTEX
8
CUT
10
75.9685
20
140.1931
0
VERTEX
8
CUT
10
75.3027
20
141.9799
0
VERTEX
8
CUT
10
75.2974
20
141.9937
0
VERTEX
8
CUT
10
75.2616
20
142.0830
0
VERTEX
8
CUT
10
75.2559
20
142.0967
0
VERTEX
8
CUT
10
75.2331
20
142.1497
0
VERTEX
8
CUT
10
75.2207
20
142.1766
0
VERTEX
8
CUT
10
75.1373
20
142.3469
0
VERTEX
8
CUT
10
75.1087
20
142.3987
0
VERTEX
8
CUT
10
75.0103
20
142.5578
0
VERTEX
8
CUT
10
74.9767
20
142.6065
0
VERTEX
8
CUT
10
74.8631
20
142.7551
0
VERTEX
8
CUT
10
74.8249
20
142.8003
0
VERTEX
8
CUT
10
74.6972
20
142.9370
0
VERTEX
8
CUT
10
74.6548
20
142.9782
0
VERTEX
8
CUT
10
74.5142
20
143.1017
0
VERTEX
8
CUT
10
74.4679
20
143.1385
0
VERTEX
8
CUT
10
74.3159
20
143.2475
0
VERTEX
8
CUT
10
74.2662
20
143.2796
0
VERTEX
8
CUT
10
74.1042
20
143.3731
0
VERTEX
8
CUT
10
74.0516
20
143.4001
0
VERTEX
8
CUT
10
73.8811
20
143.4772
0
VERTEX
8
CUT
10
73.8261
20
143.4989
0
VERTEX
8
CUT
10
73.6489
20
143.5588
0
VERTEX
8
CUT
10
73.5920
20
143.5750
0
VERTEX
8
CUT
10
73.4098
20
143.6172
0
VERTEX
8
CUT
10
73.3515
20
143.6277
0
VERTEX
8
CUT
10
73.1660
20
143.6518
0
VERTEX
8
CUT
10
73.1070
20
143.6565
0
VERTEX
8
CUT
10
72.9201
20
143.6621
0
VERTEX
8
CUT
10
72.8609
20
143.6610
0
VERTEX
8
CUT
10
72.6743
20
143.6482
0
VERTEX
8
CUT
10
72.6155
20
143.6413
0
VERTEX
8
CUT
10
72.4311
20
143.6102
0
VERTEX
8
CUT
10
72.3733
20
143.5975
0
VERTEX
8
CUT
10
72.1928
20
143.5483
0
VERTEX
8
CUT
10
72.1366
20
143.5300
0
VERTEX
8
CUT
10
71.9618
20
143.4633
0
VERTEX
8
CUT
10
71.9076
20
143.4396
0
VERTEX
8
CUT
10
71.7403
20
143.3560
0
VERTEX
8
CUT
10
71.6887
20
143.3270
0
VERTEX
8
CUT
10
71.5304
20
143.2274
0
VERTEX
8
CUT
10
71.4819
20
143.1934
0
VERTEX
8
CUT
10
71.3342
20
143.0787
0
VERTEX
8
CUT
10
71.2893
20
143.0402
0
VERTEX
8
CUT
10
71.1536
20
142.9114
0
VERTEX
8
CUT
10
71.1127
20
142.8687
0
VERTEX
8
CUT
10
70.9903
20
142.7272
0
VERTEX
8
CUT
10
70.9539
20
142.6806
0
VERTEX
8
CUT
10
70.8445
20
142.5256
0
VERTEX
8
CUT
10
70.8281
20
142.5010
0
VERTEX
8
CUT
10
70.7971
20
142.4523
0
VERTEX
8
CUT
10
70.7894
20
142.4397
0
VERTEX
8
CUT
10
70.7399
20
142.3572
0
VERTEX
8
CUT
10
70.7324
20
142.3444
0
VERTEX
8
CUT
10
69.4436
20
140.0718
0
VERTEX
8
CUT
10
69.4369
20
140.0602
0
VERTEX
8
CUT
10
69.4256
20
140.0409
0
VERTEX
8
CUT
10
69.3969
20
139.9952
0
VERTEX
8
CUT
10
69.3461
20
139.9194
0
VERTEX
8
CUT
10
69.3228
20
139.8864
0
VERTEX
8
CUT
10
69.3203
20
139.8830
0
VERTEX
8
CUT
10
69.2956
20
139.8510
0
VERTEX
8
CUT
10
69.2382
20
139.7801
0
VERTEX
8
CUT
10
69.2030
20
139.7392
0
VERTEX
8
CUT
10
69.1879
20
139.7227
0
VERTEX
8
CUT
10
69.1787
20
139.7128
0
VERTEX
8
CUT
10
66.6853
20
137.0658
0
VERTEX
8
CUT
10
66.6758
20
137.0554
0
VERTEX
8
CUT
10
66.6145
20
136.9872
0
VERTEX
8
CUT
10
66.6052
20
136.9766
0
VERTEX
8
CUT
10
66.5693
20
136.9348
0
VERTEX
8
CUT
10
66.5515
20
136.9129
0
VERTEX
8
CUT
10
66.4404
20
136.7702
0
VERTEX
8
CUT
10
66.4078
20
136.7241
0
VERTEX
8
CUT
10
66.3120
20
136.5737
0
VERTEX
8
CUT
10
66.2839
20
136.5247
0
VERTEX
8
CUT
10
66.2026
20
136.3660
0
VERTEX
8
CUT
10
66.1793
20
136.3146
0
VERTEX
8
CUT
10
66.1132
20
136.1489
0
VERTEX
8
CUT
10
66.0948
20
136.0956
0
VERTEX
8
CUT
10
66.0446
20
135.9244
0
VERTEX
8
CUT
10
66.0313
20
135.8696
0
VERTEX
8
CUT
10
65.9974
20
135.6944
0
VERTEX
8
CUT
10
65.9893
20
135.6386
0
VERTEX
8
CUT
10
65.9718
20
135.4586
0
VERTEX
8
CUT
10
65.9697
20
135.4305
0
VERTEX
8
CUT
10
65.9689
20
135.4138
0
VERTEX
8
CUT
10
65.9682
20
135.3852
0
VERTEX
8
CUT
10
65.9677
20
135.1993
0
VERTEX
8
CUT
10
65.9683
20
135.1707
0
VERTEX
8
CUT
10
65.9692
20
135.1515
0
VERTEX
8
CUT
10
65.9712
20
135.1226
0
SEQEND
0
POLYLINE
8
CUT
66
1
70
1
10
0.0
20
0.0
30
0.0
0
VERTEX
8
CUT
10
60.5562
20
268.0624
0
VERTEX
8
CUT
10
60.5559
20
268.0498
0
VERTEX
8
CUT
10
60.5546
20
267.9682
0
VERTEX
8
CUT
10
60.5546
20
267.9556
0
VERTEX
8
CUT
10
60.5600
20
267.0661
0
VERTEX
8
CUT
10
60.5603
20
267.0501
0
VERTEX
8
CUT
10
60.5637
20
266.9461
0
VERTEX
8
CUT
10
60.5644
20
266.9301
0
VERTEX
8
CUT
10
60.5682
20
266.8678
0
VERTEX
8
CUT
10
60.5709
20
266.8359
0
VERTEX
8
CUT
10
60.5940
20
266.6321
0
VERTEX
8
CUT
10
60.6046
20
266.5690
0
VERTEX
8
CUT
10
60.6492
20
266.3688
0
VERTEX
8
CUT
10
60.6570
20
266.3378
0
VERTEX
8
CUT
10
60.6739
20
266.2776
0
VERTEX
8
CUT
10
60.6784
20
266.2622
0
VERTEX
8
CUT
10
60.7091
20
266.1629
0
VERTEX
8
CUT
10
60.7140
20
266.1476
0
VERTEX
8
CUT
10
60.8181
20
265.8401
0
VERTEX
8
CUT
10
60.8229
20
265.8264
0
VERTEX
8
CUT
10
60.8552
20
265.7380
0
VERTEX
8
CUT
10
60.8603
20
265.7245
0
VERTEX
8
CUT
10
60.8810
20
265.6719
0
VERTEX
8
CUT
10
60.8922
20
265.6452
0
VERTEX
8
CUT
10
60.9683
20
265.4760
0
VERTEX
8
CUT
10
60.9946
20
265.4244
0
VERTEX
8
CUT
10
61.0854
20
265.2656
0
VERTEX
8
CUT
10
61.1165
20
265.2167
0
VERTEX
8
CUT
10
61.2222
20
265.0674
0
VERTEX
8
CUT
10
61.2579
20
265.0218
0
VERTEX
8
CUT
10
61.3775
20
264.8833
0
VERTEX
8
CUT
10
61.4174
20
264.8413
0
VERTEX
8
CUT
10
61.5498
20
264.7150
0
VERTEX
8
CUT
10
61.5935
20
264.6771
0
VERTEX
8
CUT
10
61.7375
20
264.5641
0
VERTEX
8
CUT
10
61.7847
20
264.5306
0
VERTEX
8
CUT
10
61.9389
20
264.4320
0
VERTEX
8
CUT
10
61.9891
20
264.4032
0
VERTEX
8
CUT
10
62.1520
20
264.3199
0
VERTEX
8
CUT
10
62.2048
20
264.2961
0
VERTEX
8
CUT
10
62.3750
20
264.2289
0
VERTEX
8
CUT
10
62.4298
20
264.2102
0
VERTEX
8
CUT
10
62.6057
20
264.1598
0
VERTEX
8
CUT
10
62.6620
20
264.1465
0
VERTEX
8
CUT
10
62.8420
20
264.1132
0
VERTEX
8
CUT
10
62.8993
20
264.1054
0
VERTEX
8
CUT
10
63.0816
20
264.0896
0
VERTEX
8
CUT
10
63.1395
20
264.0874
0
VERTEX
8
CUT
10
63.3225
20
264.0892
0
VERTEX
8
CUT
10
63.3803
20
264.0926
0
VERTEX
8
CUT
10
63.5647
20
264.1123
0
VERTEX
8
CUT
10
63.5934
20
264.1161
0
VERTEX
8
CUT
10
63.6493
20
264.1248
0
VERTEX
8
CUT
10
63.6636
20
264.1272
0
VERTEX
8
CUT
10
63.7561
20
264.1440
0
VERTEX
8
CUT
10
63.7704
20
264.1467
0
VERTEX
8
CUT
10
64.2517
20
264.2458
0
VERTEX
8
CUT
10
64.2643
20
264.2486
0
VERTEX
8
CUT
10
64.3458
20
264.2672
0
VERTEX
8
CUT
10
64.3583
20
264.2702
0
VERTEX
8
CUT
10
64.4070
20
264.2824
0
VERTEX
8
CUT
10
64.4318
20
264.2892
0
VERTEX
8
CUT
10
64.5899
20
264.3362
0
VERTEX
8
CUT
10
64.6386
20
264.3529
0
VERTEX
8
CUT
10
64.7920
20
264.4133
0
VERTEX
8
CUT
10
64.8158
20
264.4232
0
VERTEX
8
CUT
10
64.8617
20
264.4436
0
VERTEX
8
CUT
10
64.8734
20
264.4489
0
VERTEX
8
CUT
10
64.9491
20
264.4844
0
VERTEX
8
CUT
10
64.9607
20
264.4900
0
VERTEX
8
CUT
10
65.6574
20
264.8355
0
VERTEX
8
CUT
10
65.6703
20
264.8421
0
VERTEX
8
CUT
10
65.7533
20
264.8858
0
VERTEX
8
CUT
10
65.7660
20
264.8926
0
VERTEX
8
CUT
10
65.8152
20
264.9201
0
VERTEX
8
CUT
10
65.8401
20
264.9347
0
VERTEX
8
CUT
10
65.9971
20
265.0324
0
VERTEX
8
CUT
10
66.0445
20
265.0652
0
VERTEX
8
CUT
10
66.1894
20
265.1760
0
VERTEX
8
CUT
10
66.2335
20
265.2132
0
VERTEX
8
CUT
10
66.3690
20
265.3391
0
VERTEX
8
CUT
10
66.3896
20
265.3592
0
VERTEX
8
CUT
10
66.4290
20
265.3995
0
VERTEX
8
CUT
10
66.4390
20
265.4100
0
VERTEX
8
CUT
10
66.5029
20
265.4786
0
VERTEX
8
CUT
10
66.5126
20
265.4893
0
VERTEX
8
CUT
10
66.6347
20
265.6269
0
VERTEX
8
CUT
10
66.6441
20
265.6378
0
VERTEX
8
CUT
10
66.7047
20
265.7095
0
VERTEX
8
CUT
10
66.7139
20
265.7207
0
VERTEX
8
CUT
10
66.7493
20
265.7646
0
VERTEX
8
CUT
10
66.7668
20
265.7875
0
VERTEX
8
CUT
10
66.8758
20
265.9371
0
VERTEX
8
CUT
10
66.9075
20
265.9854
0
VERTEX
8
CUT
10
67.0015
20
266.1448
0
VERTEX
8
CUT
10
67.0156
20
266.1700
0
VERTEX
8
CUT
10
67.0419
20
266.2199
0
VERTEX
8
CUT
10
67.0485
20
266.2328
0
VERTEX
8
CUT
10
67.0902
20
266.3168
0
VERTEX
8
CUT
10
67.0965
20
266.3298
0
VERTEX
8
CUT
10
67.3626
20
266.8997
0
VERTEX
8
CUT
10
67.3687
20
266.9131
0
VERTEX
8
CUT
10
67.4070
20
267.0007
0
VERTEX
8
CUT
10
67.4127
20
267.0143
0
VERTEX
8
CUT
10
67.4345
20
267.0675
0
VERTEX
8
CUT
10
67.4449
20
267.0950
0
VERTEX
8
CUT
10
67.5084
20
267.2752
0
VERTEX
8
CUT
10
67.5175
20
267.3032
0
VERTEX
8
CUT
10
67.5339
20
267.3583
0
VERTEX
8
CUT
10
67.5380
20
267.3724
0
VERTEX
8
CUT
10
67.5630
20
267.4647
0
VERTEX
8
CUT
10
67.5667
20
267.4789
0
VERTEX
8
CUT
10
67.7805
20
268.3498
0
VERTEX
8
CUT
10
67.7837
20
268.3639
0
VERTEX
8
CUT
10
67.8039
20
268.4554
0
VERTEX
8
CUT
10
67.8068
20
268.4696
0
VERTEX
8
CUT
10
67.8176
20
268.5249
0
VERTEX
8
CUT
10
67.8225
20
268.5533
0
VERTEX
8
CUT
10
67.8491
20
268.7363
0
VERTEX
8
CUT
10
67.8546
20
268.7937
0
VERTEX
8
CUT
10
67.8635
20
268.9759
0
VERTEX
8
CUT
10
67.8635
20
269.0336
0
VERTEX
8
CUT
10
67.8547
20
269.2158
0
VERTEX
8
CUT
10
67.8492
20
269.2733
0
VERTEX
8
CUT
10
67.8230
20
269.4538
0
VERTEX
8
CUT
10
67.8120
20
269.5104
0
VERTEX
8
CUT
10
67.7686
20
269.6876
0
VERTEX
8
CUT
10
67.7522
20
269.7429
0
VERTEX
8
CUT
10
67.6920
20
269.9151
0
VERTEX
8
CUT
10
67.6703
20
269.9686
0
VERTEX
8
CUT
10
67.5938
20
270.1342
0
VERTEX
8
CUT
10
67.5671
20
270.1853
0
VERTEX
8
CUT
10
67.4751
20
270.3428
0
VERTEX
8
CUT
10
67.4436
20
270.3912
0
VERTEX
8
CUT
10
67.3369
20
270.5391
0
VERTEX
8
CUT
10
67.3009
20
270.5842
0
VERTEX
8
CUT
10
67.1805
20
270.7212
0
VERTEX
8
CUT
10
67.1403
20
270.7626
0
VERTEX
8
CUT
10
67.0073
20
270.8874
0
VERTEX
8
CUT
10
66.9634
20
270.9248
0
VERTEX
8
CUT
10
66.8189
20
271.0363
0
VERTEX
8
CUT
10
66.7716
20
271.0693
0
VERTEX
8
CUT
10
66.6172
20
271.1663
0
VERTEX
8
CUT
10
66.5669
20
271.1946
0
VERTEX
8
CUT
10
66.4038
20
271.2764
0
VERTEX
8
CUT
10
66.3511
20
271.2997
0
VERTEX
8
CUT
10
66.1809
20
271.3654
0
VERTEX
8
CUT
10
66.1261
20
271.3836
0
VERTEX
8
CUT
10
65.9504
20
271.4327
0
VERTEX
8
CUT
10
65.8942
20
271.4455
0
VERTEX
8
CUT
10
65.7146
20
271.4775
0
VERTEX
8
CUT
10
65.6574
20
271.4849
0
VERTEX
8
CUT
10
65.4756
20
271.4994
0
VERTEX
8
CUT
10
65.4179
20
271.5013
0
VERTEX
8
CUT
10
65.2355
20
271.4983
0
VERTEX
8
CUT
10
65.1779
20
271.4946
0
VERTEX
8
CUT
10
64.9967
20
271.4741
0
VERTEX
8
CUT
10
64.9397
20
271.4649
0
VERTEX
8
CUT
10
64.7588
20
271.4266
0
VERTEX
8
CUT
10
64.7307
20
271.4200
0
VERTEX
8
CUT
10
64.6762
20
271.4057
0
VERTEX
8
CUT
10
64.6623
20
271.4018
0
VERTEX
8
CUT
10
64.5722
20
271.3758
0
VERTEX
8
CUT
10
64.5584
20
271.3717
0
VERTEX
8
CUT
10
62.5163
20
270.7292
0
VERTEX
8
CUT
10
62.5027
20
270.7247
0
VERTEX
8
CUT
10
62.4146
20
270.6947
0
VERTEX
8
CUT
10
62.4011
20
270.6899
0
VERTEX
8
CUT
10
62.3487
20
270.6706
0
VERTEX
8
CUT
10
62.3221
20
270.6601
0
VERTEX
8
CUT
10
62.1531
20
270.5886
0
VERTEX
8
CUT
10
62.1016
20
270.5639
0
VERTEX
8
CUT
10
61.9424
20
270.4778
0
VERTEX
8
CUT
10
61.8934
20
270.4482
0
VERTEX
8
CUT
10
61.7432
20
270.3474
0
VERTEX
8
CUT
10
61.6972
20
270.3133
0
VERTEX
8
CUT
10
61.5573
20
270.1986
0
VERTEX
8
CUT
10
61.5148
20
270.1603
0
VERTEX
8
CUT
10
61.3864
20
270.0328
0
VERTEX
8
CUT
10
61.3478
20
269.9906
0
VERTEX
8
CUT
10
61.2305
20
269.8495
0
VERTEX
8
CUT
10
61.2128
20
269.8271
0
VERTEX
8
CUT
10
61.1791
20
269.7825
0
VERTEX
8
CUT
10
61.1707
20
269.7709
0
VERTEX
8
CUT
10
61.1165
20
269.6953
0
VERTEX
8
CUT
10
61.1083
20
269.6836
0
VERTEX
8
CUT
10
61.0497
20
269.5977
0
VERTEX
8
CUT
10
61.0424
20
269.5867
0
VERTEX
8
CUT
10
60.9956
20
269.5146
0
VERTEX
8
CUT
10
60.9885
20
269.5034
0
VERTEX
8
CUT
10
60.9613
20
269.4594
0
VERTEX
8
CUT
10
60.9479
20
269.4366
0
VERTEX
8
CUT
10
60.8651
20
269.2886
0
VERTEX
8
CUT
10
60.8413
20
269.2413
0
VERTEX
8
CUT
10
60.7728
20
269.0886
0
VERTEX
8
CUT
10
60.7533
20
269.0394
0
VERTEX
8
CUT
10
60.6978
20
268.8791
0
VERTEX
8
CUT
10
60.6897
20
268.8539
0
VERTEX
8
CUT
10
60.6749
20
268.8044
0
VERTEX
8
CUT
10
60.6713
20
268.7916
0
VERTEX
8
CUT
10
60.6486
20
268.7087
0
VERTEX
8
CUT
10
60.6452
20
268.6959
0
VERTEX
8
CUT
10
60.6420
20
268.6829
0
VERTEX
8
CUT
10
60.6390
20
268.6707
0
VERTEX
8
CUT
10
60.6209
20
268.5911
0
VERTEX
8
CUT
10
60.6182
20
268.5788
0
VERTEX
8
CUT
10
60.6083
20
268.5307
0
VERTEX
8
CUT
10
60.6037
20
268.5060
0
VERTEX
8
CUT
10
60.5778
20
268.3470
0
VERTEX
8
CUT
10
60.5719
20
268.2971
0
VERTEX
8
CUT
10
60.5594
20
268.1365
0
VERTEX
8
CUT
10
60.5579
20
268.1114
0
SEQEND
0
POLYLINE
8
CUT
66
1
70
1
10
0.0
20
0.0
30
0.0
0
VERTEX
8
CUT
10
39.4258
20
26.8717
0
VERTEX
8
CUT
10
39.4391
20
26.8164
0
VERTEX
8
CUT
10
39.4900
20
26.6417
0
VERTEX
8
CUT
10
39.4986
20
26.6146
0
VERTEX
8
CUT
10
39.5166
20
26.5622
0
VERTEX
8
CUT
10
39.5214
20
26.5488
0
VERTEX
8
CUT
10
39.5534
20
26.4623
0
VERTEX
8
CUT
10
39.5585
20
26.4490
0
VERTEX
8
CUT
10
39.6464
20
26.2279
0
VERTEX
8
CUT
10
39.6518
20
26.2148
0
VERTEX
8
CUT
10
39.6880
20
26.1295
0
VERTEX
8
CUT
10
39.6938
20
26.1164
0
VERTEX
8
CUT
10
39.7168
20
26.0657
0
VERTEX
8
CUT
10
39.7292
20
26.0401
0
VERTEX
8
CUT
10
39.8124
20
25.8775
0
VERTEX
8
CUT
10
39.8408
20
25.8280
0
VERTEX
8
CUT
10
39.9378
20
25.6761
0
VERTEX
8
CUT
10
39.9707
20
25.6296
0
VERTEX
8
CUT
10
40.0832
20
25.4857
0
VERTEX
8
CUT
10
40.1013
20
25.4636
0
VERTEX
8
CUT
10
40.1376
20
25.4214
0
VERTEX
8
CUT
10
40.1471
20
25.4107
0
VERTEX
8
CUT
10
40.2092
20
25.3420
0
VERTEX
8
CUT
10
40.2188
20
25.3315
0
VERTEX
8
CUT
10
40.3649
20
25.1774
0
VERTEX
8
CUT
10
40.3750
20
25.1670
0
VERTEX
8
CUT
10
40.4415
20
25.1001
0
VERTEX
8
CUT
10
40.4519
20
25.0899
0
VERTEX
8
CUT
10
40.4928
20
25.0507
0
VERTEX
8
CUT
10
40.5143
20
25.0311
0
VERTEX
8
CUT
10
40.6547
20
24.9090
0
VERTEX
8
CUT
10
40.7003
20
24.8731
0
VERTEX
8
CUT
10
40.8499
20
24.7666
0
VERTEX
8
CUT
10
40.8988
20
24.7353
0
VERTEX
8
CUT
10
41.0579
20
24.6437
0
VERTEX
8
CUT
10
41.1095
20
24.6173
0
VERTEX
8
CUT
10
41.2791
20
24.5405
0
VERTEX
8
CUT
10
41.3058
20
24.5292
0
VERTEX
8
CUT
10
41.3585
20
24.5083
0
VERTEX
8
CUT
10
41.3721
20
24.5031
0
VERTEX
8
CUT
10
41.4607
20
24.4705
0
VERTEX
8
CUT
10
41.4744
20
24.4657
0
VERTEX
8
CUT
10
41.9264
20
24.3117
0
VERTEX
8
CUT
10
41.9420
20
24.3066
0
VERTEX
8
CUT
10
42.0436
20
24.2751
0
VERTEX
8
CUT
10
42.0593
20
24.2704
0
VERTEX
8
CUT
10
42.1208
20
24.2532
0
VERTEX
8
CUT
10
42.1525
20
24.2452
0
VERTEX
8
CUT
10
42.3572
20
24.1996
0
VERTEX
8
CUT
10
42.4218
20
24.1888
0
VERTEX
8
CUT
10
42.6302
20
24.1658
0
VERTEX
8
CUT
10
42.6628
20
24.1631
0
VERTEX
8
CUT
10
42.7266
20
24.1595
0
VERTEX
8
CUT
10
42.7430
20
24.1589
0
VERTEX
8
CUT
10
42.8493
20
24.1559
0
VERTEX
8
CUT
10
42.8657
20
24.1556
0
VERTEX
8
CUT
10
43.2272
20
24.1553
0
VERTEX
8
CUT
10
43.2412
20
24.1554
0
VERTEX
8
CUT
10
43.3326
20
24.1575
0
VERTEX
8
CUT
10
43.3466
20
24.1580
0
VERTEX
8
CUT
10
43.4014
20
24.1605
0
VERTEX
8
CUT
10
43.4295
20
24.1624
0
VERTEX
8
CUT
10
43.6088
20
24.1791
0
VERTEX
8
CUT
10
43.6645
20
24.1869
0
VERTEX
8
CUT
10
43.8391
20
24.2199
0
VERTEX
8
CUT
10
43.8938
20
24.2328
0
VERTEX
8
CUT
10
44.0645
20
24.2820
0
VERTEX
8
CUT
10
44.1177
20
24.3000
0
VERTEX
8
CUT
10
44.2832
20
24.3649
0
VERTEX
8
CUT
10
44.3345
20
24.3879
0
VERTEX
8
CUT
10
44.4931
20
24.4679
0
VERTEX
8
CUT
10
44.5420
20
24.4956
0
VERTEX
8
CUT
10
44.6924
20
24.5901
0
VERTEX
8
CUT
10
44.7386
20
24.6222
0
VERTEX
8
CUT
10
44.8814
20
24.7320
0
VERTEX
8
CUT
10
44.9033
20
24.7496
0
VERTEX
8
CUT
10
44.9452
20
24.7850
0
VERTEX
8
CUT
10
44.9558
20
24.7942
0
VERTEX
8
CUT
10
45.0242
20
24.8548
0
VERTEX
8
CUT
10
45.0346
20
24.8642
0
VERTEX
8
CUT
10
45.4264
20
25.2282
0
VERTEX
8
CUT
10
45.4397
20
25.2409
0
VERTEX
8
CUT
10
45.5247
20
25.3249
0
VERTEX
8
CUT
10
45.5375
20
25.3380
0
VERTEX
8
CUT
10
45.5870
20
25.3899
0
VERTEX
8
CUT
10
45.6115
20
25.4173
0
VERTEX
8
CUT
10
45.7652
20
25.5999
0
VERTEX
8
CUT
10
45.7880
20
25.6287
0
VERTEX
8
CUT
10
45.8307
20
25.6863
0
VERTEX
8
CUT
10
45.8414
20
25.7012
0
VERTEX
8
CUT
10
45.9096
20
25.7993
0
VERTEX
8
CUT
10
45.9199
20
25.8145
0
VERTEX
8
CUT
10
45.9351
20
25.8379
0
VERTEX
8
CUT
10
45.9428
20
25.8500
0
VERTEX
8
CUT
10
45.9915
20
25.9288
0
VERTEX
8
CUT
10
45.9988
20
25.9410
0
VERTEX
8
CUT
10
46.0269
20
25.9891
0
VERTEX
8
CUT
10
46.0408
20
26.0140
0
VERTEX
8
CUT
10
46.1255
20
26.1760
0
VERTEX
8
CUT
10
46.1495
20
26.2277
0
VERTEX
8
CUT
10
46.2175
20
26.3946
0
VERTEX
8
CUT
10
46.2365
20
26.4484
0
VERTEX
8
CUT
10
46.2884
20
26.6210
0
VERTEX
8
CUT
10
46.3022
20
26.6763
0
VERTEX
8
CUT
10
46.3374
20
26.8531
0
VERTEX
8
CUT
10
46.3459
20
26.9095
0
VERTEX
8
CUT
10
46.3645
20
27.0913
0
VERTEX
8
CUT
10
46.3667
20
27.1197
0
VERTEX
8
CUT
10
46.3697
20
27.1753
0
VERTEX
8
CUT
10
46.3703
20
27.1896
0
VERTEX
8
CUT
10
46.3731
20
27.2822
0
VERTEX
8
CUT
10
46.3734
20
27.2964
0
VERTEX
8
CUT
10
46.3742
20
27.4090
0
VERTEX
8
CUT
10
46.3741
20
27.4241
0
VERTEX
8
CUT
10
46.3723
20
27.5219
0
VERTEX
8
CUT
10
46.3718
20
27.5370
0
VERTEX
8
CUT
10
46.3693
20
27.5957
0
VERTEX
8
CUT
10
46.3672
20
27.6258
0
VERTEX
8
CUT
10
46.3491
20
27.8180
0
VERTEX
8
CUT
10
46.3405
20
27.8776
0
VERTEX
8
CUT
10
46.3038
20
28.0644
0
VERTEX
8
CUT
10
46.2892
20
28.1228
0
VERTEX
8
CUT
10
46.2332
20
28.3075
0
VERTEX
8
CUT
10
46.2237
20
28.3361
0
VERTEX
8
CUT
10
46.2039
20
28.3914
0
VERTEX
8
CUT
10
46.1986
20
28.4055
0
VERTEX
8
CUT
10
46.1632
20
28.4968
0
VERTEX
8
CUT
10
46.1576
20
28.5108
0
VERTEX
8
CUT
10
46.0422
20
28.7875
0
VERTEX
8
CUT
10
46.0367
20
28.8005
0
VERTEX
8
CUT
10
45.9993
20
28.8844
0
VERTEX
8
CUT
10
45.9934
20
28.8973
0
VERTEX
8
CUT
10
45.9698
20
28.9472
0
VERTEX
8
CUT
10
45.9571
20
28.9724
0
VERTEX
8
CUT
10
45.8720
20
29.1323
0
VERTEX
8
CUT
10
45.8432
20
29.1809
0
VERTEX
8
CUT
10
45.7448
20
29.3300
0
VERTEX
8
CUT
10
45.7114
20
29.3756
0
VERTEX
8
CUT
10
45.5979
20
29.5168
0
VERTEX
8
CUT
10
45.5797
20
29.5383
0
VERTEX
8
CUT
10
45.5431
20
29.5797
0
VERTEX
8
CUT
10
45.5336
20
29.5901
0
VERTEX
8
CUT
10
45.4711
20
29.6575
0
VERTEX
8
CUT
10
45.4614
20
29.6677
0
VERTEX
8
CUT
10
45.2616
20
29.8729
0
VERTEX
8
CUT
10
45.2515
20
29.8832
0
VERTEX
8
CUT
10
45.1845
20
29.9487
0
VERTEX
8
CUT
10
45.1741
20
29.9587
0
VERTEX
8
CUT
10
45.1329
20
29.9971
0
VERTEX
8
CUT
10
45.1114
20
30.0163
0
VERTEX
8
CUT
10
44.9704
20
30.1358
0
VERTEX
8
CUT
10
44.9246
20
30.1709
0
VERTEX
8
CUT
10
44.7749
20
30.2748
0
VERTEX
8
CUT
10
44.7260
20
30.3054
0
VERTEX
8
CUT
10
44.5647
20
30.3957
0
VERTEX
8
CUT
10
44.5392
20
30.4092
0
VERTEX
8
CUT
10
44.4888
20
30.4343
0
VERTEX
8
CUT
10
44.4759
20
30.4406
0
VERTEX
8
CUT
10
44.3910
20
30.4804
0
VERTEX
8
CUT
10
44.3779
20
30.4864
0
VERTEX
8
CUT
10
44.1022
20
30.6077
0
VERTEX
8
CUT
10
44.0894
20
30.6131
0
VERTEX
8
CUT
10
44.0056
20
30.6477
0
VERTEX
8
CUT
10
43.9926
20
30.6529
0
VERTEX
8
CUT
10
43.9418
20
30.6725
0
VERTEX
8
CUT
10
43.9155
20
30.6819
0
VERTEX
8
CUT
10
43.7459
20
30.7384
0
VERTEX
8
CUT
10
43.6923
20
30.7535
0
VERTEX
8
CUT
10
43.5205
20
30.7935
0
VERTEX
8
CUT
10
43.4657
20
30.8036
0
VERTEX
8
CUT
10
43.2909
20
30.8274
0
VERTEX
8
CUT
10
43.2354
20
30.8323
0
VERTEX
8
CUT
10
43.0592
20
30.8399
0
VERTEX
8
CUT
10
43.0035
20
30.8396
0
VERTEX
8
CUT
10
42.8273
20
30.8307
0
VERTEX
8
CUT
10
42.7718
20
30.8254
0
VERTEX
8
CUT
10
42.5973
20
30.8002
0
VERTEX
8
CUT
10
42.5425
20
30.7896
0
VERTEX
8
CUT
10
42.3688
20
30.7478
0
VERTEX
8
CUT
10
42.3418
20
30.7406
0
VERTEX
8
CUT
10
42.2895
20
30.7254
0
VERTEX
8
CUT
10
42.2761
20
30.7214
0
VERTEX
8
CUT
10
42.1897
20
30.6940
0
VERTEX
8
CUT
10
42.1765
20
30.6897
0
VERTEX
8
CUT
10
41.3443
20
30.4052
0
VERTEX
8
CUT
10
41.3308
20
30.4004
0
VERTEX
8
CUT
10
41.2431
20
30.3681
0
VERTEX
8
CUT
10
41.2297
20
30.3630
0
VERTEX
8
CUT
10
41.1775
20
30.3423
0
VERTEX
8
CUT
10
41.1511
20
30.3311
0
VERTEX
8
CUT
10
40.9833
20
30.2551
0
VERTEX
8
CUT
10
40.9321
20
30.2289
0
VERTEX
8
CUT
10
40.7745
20
30.1385
0
VERTEX
8
CUT
10
40.7261
20
30.1075
0
VERTEX
8
CUT
10
40.5779
20
30.0024
0
VERTEX
8
CUT
10
40.5326
20
29.9670
0
VERTEX
8
CUT
10
40.3952
20
29.8482
0
VERTEX
8
CUT
10
40.3535
20
29.8086
0
VERTEX
8
CUT
10
40.2280
20
29.6772
0
VERTEX
8
CUT
10
40.1904
20
29.6338
0
VERTEX
8
CUT
10
40.0781
20
29.4910
0
VERTEX
8
CUT
10
40.0447
20
29.4441
0
VERTEX
8
CUT
10
39.9466
20
29.2912
0
VERTEX
8
CUT
10
39.9179
20
29.2415
0
VERTEX
8
CUT
10
39.8336
20
29.0776
0
VERTEX
8
CUT
10
39.8211
20
29.0518
0
VERTEX
8
CUT
10
39.7979
20
29.0007
0
VERTEX
8
CUT
10
39.7921
20
28.9875
0
VERTEX
8
CUT
10
39.7554
20
28.9016
0
VERTEX
8
CUT
10
39.7500
20
28.8883
0
VERTEX
8
CUT
10
39.5593
20
28.4097
0
VERTEX
8
CUT
10
39.5542
20
28.3965
0
VERTEX
8
CUT
10
39.5221
20
28.3100
0
VERTEX
8
CUT
10
39.5173
20
28.2966
0
VERTEX
8
CUT
10
39.4992
20
28.2441
0
VERTEX
8
CUT
10
39.4906
20
28.2171
0
VERTEX
8
CUT
10
39.4396
20
28.0424
0
VERTEX
8
CUT
10
39.4262
20
27.9872
0
VERTEX
8
CUT
10
39.3923
20
27.8109
0
VERTEX
8
CUT
10
39.3843
20
27.7547
0
VERTEX
8
CUT
10
39.3672
20
27.5759
0
VERTEX
8
CUT
10
39.3645
20
27.5192
0
VERTEX
8
CUT
10
39.3645
20
27.3397
0
VERTEX
8
CUT
10
39.3671
20
27.2830
0
VERTEX
8
CUT
10
39.3840
20
27.1042
0
VERTEX
8
CUT
10
39.3920
20
27.0480
0
SEQEND
0
ENDSEC
0
EOF
