0
SECTION
2
HEADER
9
$ACADVER
1
AC1009
9
$INSUNITS
70
4
0
ENDSEC
0
SECTION
2
TABLES
0
TABLE
2
LAYER
70
1
0
LAYER
2
CUT
70
0
62
7
6
CONTINUOUS
0
ENDTAB
0
ENDSEC
0
SECTION
2
ENTITIES
0
POLYLINE
8
CUT
66
1
70
1
10
0.0
20
0.0
30
0.0
0
VERTEX
8
CUT
10
299.9954
20
299.9386
0
VERTEX
8
CUT
10
299.9954
20
0.0614
0
VERTEX
8
CUT
10
299.9926
20
0.0029
0
VERTEX
8
CUT
10
299.9341
20
-0.0000
0
VERTEX
8
CUT
10
0.0614
20
-0.0000
0
VERTEX
8
CUT
10
0.0029
20
0.0029
0
VERTEX
8
CUT
10
0.0000
20
0.0614
0
VERTEX
8
CUT
10
0.0000
20
299.9386
0
VERTEX
8
CUT
10
0.0029
20
299.9971
0
VERTEX
8
CUT
10
0.0614
20
300.0000
0
VERTEX
8
CUT
10
299.9341
20
300.0000
0
VERTEX
8
CUT
10
299.9926
20
299.9971
0
SEQEND
0
POLYLINE
8
CUT
66
1
70
1
10
0.0
20
0.0
30
0.0
0
VERTEX
8
CUT
10
224.3654
20
117.4205
0
VERTEX
8
CUT
10
224.4428
20
117.1886
0
VERTEX
8
CUT
10
224.5425
20
116.9653
0
VERTEX
8
CUT
10
224.6636
20
116.7529
0
VERTEX
8
CUT
10
224.8048
20
116.5533
0
VERTEX
8
CUT
10
224.9648
20
116.3685
0
VERTEX
8
CUT
10
225.1422
20
116.2002
0
VERTEX
8
CUT
10
225.3351
20
116.0500
0
VERTEX
8
CUT
10
225.5417
20
115.9194
0
VERTEX
8
CUT
10
225.7602
20
115.8095
0
VERTEX
8
CUT
10
225.9883
20
115.7216
0
VERTEX
8
CUT
10
226.2239
20
115.6563
0
VERTEX
8
CUT
10
226.4648
20
115.6144
0
VERTEX
8
CUT
10
226.7086
20
115.5962
0
VERTEX
8
CUT
10
226.9530
20
115.6019
0
VERTEX
8
CUT
10
227.1957
20
115.6315
0
VERTEX
8
CUT
10
227.4344
20
115.6846
0
VERTEX
8
CUT
10
227.6667
20
115.7608
0
VERTEX
8
CUT
10
227.8905
20
115.8593
0
VERTEX
8
CUT
10
228.6399
20
116.2340
0
VERTEX
8
CUT
10
228.6569
20
116.2419
0
VERTEX
8
CUT
10
228.7326
20
116.2708
0
VERTEX
8
CUT
10
228.7506
20
116.2761
0
VERTEX
8
CUT
10
230.8194
20
116.8357
0
VERTEX
8
CUT
10
230.8247
20
116.8370
0
VERTEX
8
CUT
10
230.8758
20
116.8464
0
VERTEX
8
CUT
10
230.9026
20
116.8488
0
VERTEX
8
CUT
10
230.9267
20
116.8494
0
VERTEX
8
CUT
10
233.9494
20
116.8557
0
VERTEX
8
CUT
10
233.9666
20
116.8554
0
VERTEX
8
CUT
10
234.0405
20
116.8487
0
VERTEX
8
CUT
10
234.0575
20
116.8460
0
VERTEX
8
CUT
10
235.5892
20
116.5665
0
VERTEX
8
CUT
10
235.6726
20
116.5482
0
VERTEX
8
CUT
10
235.7545
20
116.5239
0
VERTEX
8
CUT
10
237.3740
20
115.9802
0
VERTEX
8
CUT
10
237.3792
20
115.9784
0
VERTEX
8
CUT
10
237.4573
20
115.9447
0
VERTEX
8
CUT
10
237.4745
20
115.9358
0
VERTEX
8
CUT
10
240.3916
20
114.3416
0
VERTEX
8
CUT
10
240.4517
20
114.3064
0
VERTEX
8
CUT
10
240.5096
20
114.2678
0
VERTEX
8
CUT
10
243.3213
20
112.2732
0
VERTEX
8
CUT
10
243.3256
20
112.2700
0
VERTEX
8
CUT
10
243.3870
20
112.2187
0
VERTEX
8
CUT
10
243.4002
20
112.2062
0
VERTEX
8
CUT
10
245.4102
20
110.2062
0
VERTEX
8
CUT
10
245.4135
20
110.2028
0
VERTEX
8
CUT
10
245.4605
20
110.1489
0
VERTEX
8
CUT
10
245.4705
20
110.1360
0
VERTEX
8
CUT
10
250.2610
20
103.6958
0
VERTEX
8
CUT
10
250.2707
20
103.6822
0
VERTEX
8
CUT
10
250.3083
20
103.6209
0
VERTEX
8
CUT
10
250.3161
20
103.6062
0
VERTEX
8
CUT
10
250.9296
20
102.3759
0
VERTEX
8
CUT
10
251.1161
20
102.0617
0
VERTEX
8
CUT
10
253.5008
20
98.6418
0
VERTEX
8
CUT
10
253.6147
20
98.4910
0
VERTEX
8
CUT
10
255.8850
20
95.7093
0
VERTEX
8
CUT
10
256.0409
20
95.5355
0
VERTEX
8
CUT
10
259.3295
20
92.1976
0
VERTEX
8
CUT
10
259.3942
20
92.1342
0
VERTEX
8
CUT
10
260.6037
20
90.9924
0
VERTEX
8
CUT
10
260.8054
20
90.8212
0
VERTEX
8
CUT
10
262.7989
20
89.3034
0
VERTEX
8
CUT
10
262.9568
20
89.1925
0
VERTEX
8
CUT
10
263.1228
20
89.0941
0
VERTEX
8
CUT
10
266.2917
20
87.3778
0
VERTEX
8
CUT
10
266.4871
20
87.2827
0
VERTEX
8
CUT
10
266.6900
20
87.2050
0
VERTEX
8
CUT
10
268.8000
20
86.4999
0
VERTEX
8
CUT
10
269.0317
20
86.4347
0
VERTEX
8
CUT
10
269.2686
20
86.3921
0
VERTEX
8
CUT
10
271.5825
20
86.0899
0
VERTEX
8
CUT
10
271.5878
20
86.0891
0
VERTEX
8
CUT
10
271.6378
20
86.0784
0
VERTEX
8
CUT
10
271.6631
20
86.0705
0
VERTEX
8
CUT
10
271.6854
20
86.0620
0
VERTEX
8
CUT
10
271.7233
20
86.0465
0
VERTEX
8
CUT
10
271.9508
20
85.9661
0
VERTEX
8
CUT
10
272.1850
20
85.9079
0
VERTEX
8
CUT
10
272.4238
20
85.8727
0
VERTEX
8
CUT
10
272.6648
20
85.8606
0
VERTEX
8
CUT
10
274.4558
20
85.8573
0
VERTEX
8
CUT
10
274.7507
20
85.8742
0
VERTEX
8
CUT
10
275.0416
20
85.9258
0
VERTEX
8
CUT
10
276.9318
20
86.3775
0
VERTEX
8
CUT
10
277.1365
20
86.4358
0
VERTEX
8
CUT
10
277.3355
20
86.5112
0
VERTEX
8
CUT
10
278.8218
20
87.1483
0
VERTEX
8
CUT
10
279.0494
20
87.2598
0
VERTEX
8
CUT
10
279.2644
20
87.3937
0
VERTEX
8
CUT
10
280.7333
20
88.4154
0
VERTEX
8
CUT
10
280.9069
20
88.5477
0
VERTEX
8
CUT
10
281.0682
20
88.6947
0
VERTEX
8
CUT
10
281.2162
20
88.8552
0
VERTEX
8
CUT
10
282.5502
20
90.4355
0
VERTEX
8
CUT
10
282.7100
20
90.6465
0
VERTEX
8
CUT
10
283.0542
20
91.1549
0
VERTEX
8
CUT
10
283.1632
20
91.3311
0
VERTEX
8
CUT
10
283.2572
20
91.5158
0
VERTEX
8
CUT
10
283.3355
20
91.7075
0
VERTEX
8
CUT
10
284.1885
20
94.0700
0
VERTEX
8
CUT
10
284.2694
20
94.3411
0
VERTEX
8
CUT
10
284.3191
20
94.6197
0
VERTEX
8
CUT
10
284.3370
20
94.9020
0
VERTEX
8
CUT
10
284.3583
20
98.0319
0
VERTEX
8
CUT
10
284.3468
20
98.2884
0
VERTEX
8
CUT
10
284.3092
20
98.5423
0
VERTEX
8
CUT
10
284.2457
20
98.7910
0
VERTEX
8
CUT
10
284.1400
20
99.1309
0
VERTEX
8
CUT
10
284.1386
20
99.1358
0
VERTEX
8
CUT
10
284.1278
20
99.1834
0
VERTEX
8
CUT
10
284.1243
20
99.2085
0
VERTEX
8
CUT
10
284.1225
20
99.2311
0
VERTEX
8
CUT
10
284.0824
20
99.9567
0
VERTEX
8
CUT
10
284.0509
20
100.2374
0
VERTEX
8
CUT
10
283.9880
20
100.5127
0
VERTEX
8
CUT
10
283.8944
20
100.7791
0
VERTEX
8
CUT
10
282.8102
20
103.3848
0
VERTEX
8
CUT
10
282.7226
20
103.5729
0
VERTEX
8
CUT
10
282.6197
20
103.7531
0
VERTEX
8
CUT
10
282.5023
20
103.9241
0
VERTEX
8
CUT
10
280.2577
20
106.9181
0
VERTEX
8
CUT
10
280.0627
20
107.1479
0
VERTEX
8
CUT
10
279.8415
20
107.3525
0
VERTEX
8
CUT
10
278.3846
20
108.5458
0
VERTEX
8
CUT
10
278.2003
20
108.6830
0
VERTEX
8
CUT
10
278.0043
20
108.8028
0
VERTEX
8
CUT
10
275.4569
20
110.2023
0
VERTEX
8
CUT
10
275.1811
20
110.3326
0
VERTEX
8
CUT
10
274.8914
20
110.4283
0
VERTEX
8
CUT
10
272.8164
20
110.9762
0
VERTEX
8
CUT
10
272.7964
20
110.9821
0
VERTEX
8
CUT
10
272.7126
20
111.0145
0
VERTEX
8
CUT
10
272.6939
20
111.0236
0
VERTEX
8
CUT
10
272.3194
20
111.2183
0
VERTEX
8
CUT
10
272.0861
20
111.3249
0
VERTEX
8
CUT
10
271.8431
20
111.4069
0
VERTEX
8
CUT
10
271.5929
20
111.4637
0
VERTEX
8
CUT
10
271.3383
20
111.4945
0
VERTEX
8
CUT
10
270.9481
20
111.5214
0
VERTEX
8
CUT
10
270.9300
20
111.5231
0
VERTEX
8
CUT
10
270.8917
20
111.5295
0
VERTEX
8
CUT
10
270.8216
20
111.5558
0
VERTEX
8
CUT
10
270.6472
20
111.6260
0
VERTEX
8
CUT
10
270.4152
20
111.6943
0
VERTEX
8
CUT
10
270.1776
20
111.7397
0
VERTEX
8
CUT
10
269.9368
20
111.7621
0
VERTEX
8
CUT
10
269.3698
20
111.7871
0
VERTEX
8
CUT
10
269.3497
20
111.7885
0
VERTEX
8
CUT
10
269.3067
20
111.7951
0
VERTEX
8
CUT
10
269.2646
20
111.8062
0
VERTEX
8
CUT
10
269.2456
20
111.8130
0
VERTEX
8
CUT
10
269.0965
20
111.8704
0
VERTEX
8
CUT
10
268.8245
20
111.9575
0
VERTEX
8
CUT
10
268.5443
20
112.0131
0
VERTEX
8
CUT
10
268.2596
20
112.0364
0
VERTEX
8
CUT
10
266.8613
20
112.0705
0
VERTEX
8
CUT
10
266.8446
20
112.0713
0
VERTEX
8
CUT
10
266.8088
20
112.0753
0
VERTEX
8
CUT
10
266.7747
20
112.0856
0
VERTEX
8
CUT
10
266.7589
20
112.0915
0
VERTEX
8
CUT
10
266.6489
20
112.1355
0
VERTEX
8
CUT
10
266.4416
20
112.2080
0
VERTEX
8
CUT
10
266.2287
20
112.2621
0
VERTEX
8
CUT
10
266.0120
20
112.2972
0
VERTEX
8
CUT
10
265.7929
20
112.3132
0
VERTEX
8
CUT
10
264.6400
20
112.3466
0
VERTEX
8
CUT
10
264.6233
20
112.3475
0
VERTEX
8
CUT
10
264.5876
20
112.3517
0
VERTEX
8
CUT
10
264.5537
20
112.3621
0
VERTEX
8
CUT
10
264.5379
20
112.3680
0
VERTEX
8
CUT
10
264.4359
20
112.4093
0
VERTEX
8
CUT
10
264.2266
20
112.4832
0
VERTEX
8
CUT
10
264.0117
20
112.5384
0
VERTEX
8
CUT
10
263.7926
20
112.5742
0
VERTEX
8
CUT
10
263.5713
20
112.5905
0
VERTEX
8
CUT
10
262.4273
20
112.6236
0
VERTEX
8
CUT
10
262.4093
20
112.6246
0
VERTEX
8
CUT
10
262.3711
20
112.6294
0
VERTEX
8
CUT
10
262.3344
20
112.6414
0
VERTEX
8
CUT
10
262.3178
20
112.6482
0
VERTEX
8
CUT
10
262.1842
20
112.7065
0
VERTEX
8
CUT
10
261.9644
20
112.7905
0
VERTEX
8
CUT
10
261.7377
20
112.8534
0
VERTEX
8
CUT
10
261.5061
20
112.8947
0
VERTEX
8
CUT
10
259.3232
20
113.1788
0
VERTEX
8
CUT
10
259.3009
20
113.1824
0
VERTEX
8
CUT
10
259.2067
20
113.2064
0
VERTEX
8
CUT
10
259.1854
20
113.2139
0
VERTEX
8
CUT
10
258.3483
20
113.5380
0
VERTEX
8
CUT
10
258.1030
20
113.6187
0
VERTEX
8
CUT
10
257.8507
20
113.6736
0
VERTEX
8
CUT
10
257.5941
20
113.7022
0
VERTEX
8
CUT
10
256.7656
20
113.7515
0
VERTEX
8
CUT
10
256.7602
20
113.7519
0
VERTEX
8
CUT
10
256.7122
20
113.7588
0
VERTEX
8
CUT
10
256.6848
20
113.7678
0
VERTEX
8
CUT
10
256.6622
20
113.7768
0
VERTEX
8
CUT
10
253.1723
20
115.2725
0
VERTEX
8
CUT
10
252.8597
20
115.3825
0
VERTEX
8
CUT
10
251.7424
20
115.6944
0
VERTEX
8
CUT
10
251.7256
20
115.6996
0
VERTEX
8
CUT
10
251.6903
20
115.7131
0
VERTEX
8
CUT
10
251.6565
20
115.7298
0
VERTEX
8
CUT
10
251.6413
20
115.7386
0
VERTEX
8
CUT
10
248.0349
20
117.9603
0
VERTEX
8
CUT
10
247.9958
20
117.9854
0
VERTEX
8
CUT
10
247.9578
20
118.0121
0
VERTEX
8
CUT
10
245.8116
20
119.5770
0
VERTEX
8
CUT
10
245.7939
20
119.5907
0
VERTEX
8
CUT
10
245.7232
20
119.6565
0
VERTEX
8
CUT
10
245.7082
20
119.6731
0
VERTEX
8
CUT
10
242.4331
20
123.5426
0
VERTEX
8
CUT
10
242.4002
20
123.5833
0
VERTEX
8
CUT
10
242.3691
20
123.6253
0
VERTEX
8
CUT
10
240.4553
20
126.3363
0
VERTEX
8
CUT
10
240.4457
20
126.3506
0
VERTEX
8
CUT
10
240.4271
20
126.3828
0
VERTEX
8
CUT
10
240.4149
20
126.4175
0
VERTEX
8
CUT
10
240.4102
20
126.4343
0
VERTEX
8
CUT
10
240.3981
20
126.4825
0
VERTEX
8
CUT
10
240.3228
20
126.7275
0
VERTEX
8
CUT
10
240.2228
20
126.9635
0
VERTEX
8
CUT
10
240.0992
20
127.1880
0
VERTEX
8
CUT
10
239.9533
20
127.3987
0
VERTEX
8
CUT
10
239.8590
20
127.5210
0
VERTEX
8
CUT
10
239.8480
20
127.5360
0
VERTEX
8
CUT
10
239.8054
20
127.6042
0
VERTEX
8
CUT
10
239.7967
20
127.6207
0
VERTEX
8
CUT
10
237.8449
20
131.5686
0
VERTEX
8
CUT
10
237.7457
20
131.7499
0
VERTEX
8
CUT
10
235.3526
20
135.7259
0
VERTEX
8
CUT
10
235.1950
20
135.9572
0
VERTEX
8
CUT
10
233.8242
20
137.7462
0
VERTEX
8
CUT
10
233.6633
20
137.9358
0
VERTEX
8
CUT
10
233.4843
20
138.1085
0
VERTEX
8
CUT
10
233.2891
20
138.2626
0
VERTEX
8
CUT
10
233.0795
20
138.3965
0
VERTEX
8
CUT
10
232.8577
20
138.5090
0
VERTEX
8
CUT
10
232.6257
20
138.5988
0
VERTEX
8
CUT
10
232.3860
20
138.6652
0
VERTEX
8
CUT
10
232.1409
20
138.7074
0
VERTEX
8
CUT
10
231.8928
20
138.7250
0
VERTEX
8
CUT
10
231.6442
20
138.7179
0
VERTEX
8
CUT
10
231.3975
20
138.6861
0
VERTEX
8
CUT
10
231.1552
20
138.6300
0
VERTEX
8
CUT
10
230.9197
20
138.5501
0
VERTEX
8
CUT
10
230.6933
20
138.4472
0
VERTEX
8
CUT
10
230.4782
20
138.3223
0
VERTEX
8
CUT
10
230.2766
20
138.1766
0
VERTEX
8
CUT
10
230.0905
20
138.0116
0
VERTEX
8
CUT
10
229.9217
20
137.8290
0
VERTEX
8
CUT
10
229.7719
20
137.6304
0
VERTEX
8
CUT
10
229.6425
20
137.4180
0
VERTEX
8
CUT
10
229.5349
20
137.1938
0
VERTEX
8
CUT
10
229.4501
20
136.9599
0
VERTEX
8
CUT
10
229.3890
20
136.7189
0
VERTEX
8
CUT
10
229.3521
20
136.4729
0
VERTEX
8
CUT
10
229.3398
20
136.2245
0
VERTEX
8
CUT
10
229.3402
20
135.4414
0
VERTEX
8
CUT
10
229.3373
20
135.3580
0
VERTEX
8
CUT
10
229.3285
20
135.2750
0
VERTEX
8
CUT
10
228.7783
20
131.3621
0
VERTEX
8
CUT
10
228.7640
20
131.2811
0
VERTEX
8
CUT
10
228.7442
20
131.2013
0
VERTEX
8
CUT
10
227.6462
20
127.3503
0
VERTEX
8
CUT
10
227.6301
20
127.2985
0
VERTEX
8
CUT
10
227.6118
20
127.2476
0
VERTEX
8
CUT
10
224.4614
20
119.0915
0
VERTEX
8
CUT
10
224.3994
20
118.9109
0
VERTEX
8
CUT
10
224.3514
20
118.7261
0
VERTEX
8
CUT
10
224.3305
20
118.6308
0
VERTEX
8
CUT
10
224.2899
20
118.3897
0
VERTEX
8
CUT
10
224.2730
20
118.1457
0
VERTEX
8
CUT
10
224.2801
20
117.9014
0
VERTEX
8
CUT
10
224.3109
20
117.6588
0
SEQEND
0
POLYLINE
8
CUT
66
1
70
1
10
0.0
20
0.0
30
0.0
0
VERTEX
8
CUT
10
268.3277
20
188.3212
0
VERTEX
8
CUT
10
268.1340
20
188.1722
0
VERTEX
8
CUT
10
267.9558
20
188.0051
0
VERTEX
8
CUT
10
267.7948
20
187.8213
0
VERTEX
8
CUT
10
267.6525
20
187.6227
0
VERTEX
8
CUT
10
267.5302
20
187.4111
0
VERTEX
8
CUT
10
267.4292
20
187.1886
0
VERTEX
8
CUT
10
267.3504
20
186.9574
0
VERTEX
8
CUT
10
267.2945
20
186.7195
0
VERTEX
8
CUT
10
267.2621
20
186.4773
0
VERTEX
8
CUT
10
267.2536
20
186.2331
0
VERTEX
8
CUT
10
267.2762
20
184.5932
0
VERTEX
8
CUT
10
267.2916
20
184.3483
0
VERTEX
8
CUT
10
267.3310
20
184.1060
0
VERTEX
8
CUT
10
267.3939
20
183.8688
0
VERTEX
8
CUT
10
267.4798
20
183.6388
0
VERTEX
8
CUT
10
267.5878
20
183.4184
0
VERTEX
8
CUT
10
267.7170
20
183.2097
0
VERTEX
8
CUT
10
267.8659
20
183.0146
0
VERTEX
8
CUT
10
268.0333
20
182.8351
0
VERTEX
8
CUT
10
269.0876
20
181.8102
0
VERTEX
8
CUT
10
269.2791
20
181.6421
0
VERTEX
8
CUT
10
269.4866
20
181.4944
0
VERTEX
8
CUT
10
269.7082
20
181.3687
0
VERTEX
8
CUT
10
270.5771
20
180.9323
0
VERTEX
8
CUT
10
270.7833
20
180.8401
0
VERTEX
8
CUT
10
270.9970
20
180.7669
0
VERTEX
8
CUT
10
271.2165
20
180.7133
0
VERTEX
8
CUT
10
271.4399
20
180.6798
0
VERTEX
8
CUT
10
271.6654
20
180.6665
0
VERTEX
8
CUT
10
271.7847
20
180.6649
0
VERTEX
8
CUT
10
272.0340
20
180.6740
0
VERTEX
8
CUT
10
272.2812
20
180.7079
0
VERTEX
8
CUT
10
272.5238
20
180.7663
0
VERTEX
8
CUT
10
272.7594
20
180.8486
0
VERTEX
8
CUT
10
272.9856
20
180.9539
0
VERTEX
8
CUT
10
273.2002
20
181.0813
0
VERTEX
8
CUT
10
273.4010
20
181.2294
0
VERTEX
8
CUT
10
273.5860
20
181.3968
0
VERTEX
8
CUT
10
273.7534
20
181.5818
0
VERTEX
8
CUT
10
274.2787
20
182.2240
0
VERTEX
8
CUT
10
274.2919
20
182.2392
0
VERTEX
8
CUT
10
274.3213
20
182.2685
0
VERTEX
8
CUT
10
274.3665
20
182.2860
0
VERTEX
8
CUT
10
274.4961
20
182.3285
0
VERTEX
8
CUT
10
274.7171
20
182.4253
0
VERTEX
8
CUT
10
274.9278
20
182.5431
0
VERTEX
8
CUT
10
275.1261
20
182.6806
0
VERTEX
8
CUT
10
275.3103
20
182.8366
0
VERTEX
8
CUT
10
275.4786
20
183.0096
0
VERTEX
8
CUT
10
275.6294
20
183.1980
0
VERTEX
8
CUT
10
275.7613
20
183.4001
0
VERTEX
8
CUT
10
275.8731
20
183.6140
0
VERTEX
8
CUT
10
275.9638
20
183.8377
0
VERTEX
8
CUT
10
276.0325
20
184.0691
0
VERTEX
8
CUT
10
276.0785
20
184.3060
0
VERTEX
8
CUT
10
276.1015
20
184.5462
0
VERTEX
8
CUT
10
276.1012
20
184.7876
0
VERTEX
8
CUT
10
276.0777
20
185.0278
0
VERTEX
8
CUT
10
276.0311
20
185.2646
0
VERTEX
8
CUT
10
275.9281
20
185.6805
0
VERTEX
8
CUT
10
275.8504
20
185.9356
0
VERTEX
8
CUT
10
275.7459
20
186.1809
0
VERTEX
8
CUT
10
275.6159
20
186.4137
0
VERTEX
8
CUT
10
275.0966
20
187.2369
0
VERTEX
8
CUT
10
274.9464
20
187.4497
0
VERTEX
8
CUT
10
274.7749
20
187.6456
0
VERTEX
8
CUT
10
274.5839
20
187.8227
0
VERTEX
8
CUT
10
274.3755
20
187.9789
0
VERTEX
8
CUT
10
273.1539
20
188.7990
0
VERTEX
8
CUT
10
272.8906
20
188.9533
0
VERTEX
8
CUT
10
272.6105
20
189.0744
0
VERTEX
8
CUT
10
272.2125
20
189.2182
0
VERTEX
8
CUT
10
271.9735
20
189.2914
0
VERTEX
8
CUT
10
271.7285
20
189.3403
0
VERTEX
8
CUT
10
271.4797
20
189.3644
0
VERTEX
8
CUT
10
271.2298
20
189.3637
0
VERTEX
8
CUT
10
270.9813
20
189.3379
0
VERTEX
8
CUT
10
270.7365
20
189.2875
0
VERTEX
8
CUT
10
270.4980
20
189.2130
0
VERTEX
8
CUT
10
270.2681
20
189.1149
0
VERTEX
8
CUT
10
269.5841
20
188.7819
0
VERTEX
8
CUT
10
269.5680
20
188.7745
0
VERTEX
8
CUT
10
269.5338
20
188.7615
0
VERTEX
8
CUT
10
269.4982
20
188.7548
0
VERTEX
8
CUT
10
269.4591
20
188.7502
0
VERTEX
8
CUT
10
269.2182
20
188.7096
0
VERTEX
8
CUT
10
268.9823
20
188.6457
0
VERTEX
8
CUT
10
268.7539
20
188.5591
0
VERTEX
8
CUT
10
268.5349
20
188.4506
0
SEQEND
0
POLYLINE
8
CUT
66
1
70
1
10
0.0
20
0.0
30
0.0
0
VERTEX
8
CUT
10
195.3438
20
154.7151
0
VERTEX
8
CUT
10
197.6893
20
152.9084
0
VERTEX
8
CUT
10
197.7419
20
152.8655
0
VERTEX
8
CUT
10
197.7919
20
152.8197
0
VERTEX
8
CUT
10
203.2503
20
147.5253
0
VERTEX
8
CUT
10
203.3907
20
147.3991
0
VERTEX
8
CUT
10
203.5401
20
147.2838
0
VERTEX
8
CUT
10
205.9895
20
145.5384
0
VERTEX
8
CUT
10
206.2174
20
145.3940
0
VERTEX
8
CUT
10
208.2792
20
144.2375
0
VERTEX
8
CUT
10
208.2839
20
144.2348
0
VERTEX
8
CUT
10
208.3264
20
144.2061
0
VERTEX
8
CUT
10
208.3470
20
144.1893
0
VERTEX
8
CUT
10
208.3645
20
144.1732
0
VERTEX
8
CUT
10
209.8786
20
142.7053
0
VERTEX
8
CUT
10
209.8915
20
142.6922
0
VERTEX
8
CUT
10
209.9170
20
142.6621
0
VERTEX
8
CUT
10
209.9395
20
142.6297
0
VERTEX
8
CUT
10
209.9488
20
142.6139
0
VERTEX
8
CUT
10
210.7102
20
141.2464
0
VERTEX
8
CUT
10
210.7189
20
141.2298
0
VERTEX
8
CUT
10
210.7349
20
141.1929
0
VERTEX
8
CUT
10
210.7391
20
141.1530
0
VERTEX
8
CUT
10
210.7397
20
141.1342
0
VERTEX
8
CUT
10
210.7542
20
138.8446
0
VERTEX
8
CUT
10
210.7540
20
138.8274
0
VERTEX
8
CUT
10
210.7508
20
138.7905
0
VERTEX
8
CUT
10
210.7376
20
138.7557
0
VERTEX
8
CUT
10
210.7306
20
138.7405
0
VERTEX
8
CUT
10
210.3894
20
138.0417
0
VERTEX
8
CUT
10
210.3801
20
138.0238
0
VERTEX
8
CUT
10
210.3571
20
137.9872
0
VERTEX
8
CUT
10
210.3302
20
137.9532
0
VERTEX
8
CUT
10
210.3165
20
137.9385
0
VERTEX
8
CUT
10
209.1462
20
136.7455
0
VERTEX
8
CUT
10
209.1310
20
136.7309
0
VERTEX
8
CUT
10
209.0958
20
136.7022
0
VERTEX
8
CUT
10
209.0576
20
136.6778
0
VERTEX
8
CUT
10
209.0390
20
136.6679
0
VERTEX
8
CUT
10
207.5247
20
135.9222
0
VERTEX
8
CUT
10
207.5092
20
135.9150
0
VERTEX
8
CUT
10
207.4749
20
135.9019
0
VERTEX
8
CUT
10
207.4382
20
135.8985
0
VERTEX
8
CUT
10
207.4217
20
135.8981
0
VERTEX
8
CUT
10
204.4138
20
135.8933
0
VERTEX
8
CUT
10
204.3932
20
135.8938
0
VERTEX
8
CUT
10
204.3044
20
135.9034
0
VERTEX
8
CUT
10
204.2841
20
135.9074
0
VERTEX
8
CUT
10
202.9763
20
136.1976
0
VERTEX
8
CUT
10
202.9593
20
136.2017
0
VERTEX
8
CUT
10
202.9235
20
136.2133
0
VERTEX
8
CUT
10
202.8890
20
136.2281
0
VERTEX
8
CUT
10
202.8734
20
136.2360
0
VERTEX
8
CUT
10
200.8159
20
137.3527
0
VERTEX
8
CUT
10
200.5958
20
137.4586
0
VERTEX
8
CUT
10
200.3664
20
137.5426
0
VERTEX
8
CUT
10
200.1299
20
137.6037
0
VERTEX
8
CUT
10
199.8885
20
137.6414
0
VERTEX
8
CUT
10
199.6446
20
137.6554
0
VERTEX
8
CUT
10
199.4006
20
137.6456
0
VERTEX
8
CUT
10
199.1586
20
137.6119
0
VERTEX
8
CUT
10
198.9211
20
137.5549
0
VERTEX
8
CUT
10
198.6903
20
137.4749
0
VERTEX
8
CUT
10
198.4684
20
137.3727
0
VERTEX
8
CUT
10
198.2575
20
137.2494
0
VERTEX
8
CUT
10
198.0597
20
137.1061
0
VERTEX
8
CUT
10
197.8768
20
136.9442
0
VERTEX
8
CUT
10
197.7105
20
136.7652
0
VERTEX
8
CUT
10
197.5626
20
136.5708
0
VERTEX
8
CUT
10
197.4343
20
136.3630
0
VERTEX
8
CUT
10
197.3269
20
136.1436
0
VERTEX
8
CUT
10
197.2414
20
135.9147
0
VERTEX
8
CUT
10
197.1787
20
135.6786
0
VERTEX
8
CUT
10
197.1393
20
135.4376
0
VERTEX
8
CUT
10
197.1237
20
135.1938
0
VERTEX
8
CUT
10
197.1319
20
134.9496
0
VERTEX
8
CUT
10
197.1638
20
134.7075
0
VERTEX
8
CUT
10
197.2193
20
134.4696
0
VERTEX
8
CUT
10
197.2977
20
134.2382
0
VERTEX
8
CUT
10
197.3503
20
134.1050
0
VERTEX
8
CUT
10
197.3567
20
134.0860
0
VERTEX
8
CUT
10
197.3754
20
134.0255
0
VERTEX
8
CUT
10
197.6325
20
133.1124
0
VERTEX
8
CUT
10
197.7016
20
132.9028
0
VERTEX
8
CUT
10
197.7890
20
132.7001
0
VERTEX
8
CUT
10
197.8939
20
132.5060
0
VERTEX
8
CUT
10
198.4419
20
131.5904
0
VERTEX
8
CUT
10
198.5662
20
131.4025
0
VERTEX
8
CUT
10
198.7069
20
131.2266
0
VERTEX
8
CUT
10
198.8628
20
131.0641
0
VERTEX
8
CUT
10
198.9575
20
130.9739
0
VERTEX
8
CUT
10
199.0010
20
130.9280
0
VERTEX
8
CUT
10
199.0032
20
130.8648
0
VERTEX
8
CUT
10
198.9774
20
129.3292
0
VERTEX
8
CUT
10
198.9766
20
129.3098
0
VERTEX
8
CUT
10
198.9721
20
129.2703
0
VERTEX
8
CUT
10
198.9562
20
129.2338
0
VERTEX
8
CUT
10
198.9472
20
129.2166
0
VERTEX
8
CUT
10
198.6101
20
128.6097
0
VERTEX
8
CUT
10
198.6004
20
128.5932
0
VERTEX
8
CUT
10
198.5780
20
128.5607
0
VERTEX
8
CUT
10
198.5526
20
128.5305
0
VERTEX
8
CUT
10
198.5393
20
128.5168
0
VERTEX
8
CUT
10
197.7363
20
127.7307
0
VERTEX
8
CUT
10
197.7215
20
127.7169
0
VERTEX
8
CUT
10
197.6888
20
127.6908
0
VERTEX
8
CUT
10
197.6536
20
127.6683
0
VERTEX
8
CUT
10
197.6357
20
127.6587
0
VERTEX
8
CUT
10
195.9668
20
126.8143
0
VERTEX
8
CUT
10
195.7523
20
126.6921
0
VERTEX
8
CUT
10
195.5509
20
126.5493
0
VERTEX
8
CUT
10
195.3645
20
126.3874
0
VERTEX
8
CUT
10
195.1950
20
126.2079
0
VERTEX
8
CUT
10
195.0441
20
126.0125
0
VERTEX
8
CUT
10
194.9131
20
125.8032
0
VERTEX
8
CUT
10
194.8035
20
125.5820
0
VERTEX
8
CUT
10
194.7162
20
125.3511
0
VERTEX
8
CUT
10
194.6521
20
125.1127
0
VERTEX
8
CUT
10
194.6118
20
124.8691
0
VERTEX
8
CUT
10
194.5957
20
124.6228
0
VERTEX
8
CUT
10
194.6040
20
124.3761
0
VERTEX
8
CUT
10
194.6366
20
124.1313
0
VERTEX
8
CUT
10
194.6932
20
123.8910
0
VERTEX
8
CUT
10
194.7732
20
123.6575
0
VERTEX
8
CUT
10
194.8759
20
123.4330
0
VERTEX
8
CUT
10
195.0002
20
123.2197
0
VERTEX
8
CUT
10
195.1449
20
123.0197
0
VERTEX
8
CUT
10
195.3087
20
122.8349
0
VERTEX
8
CUT
10
195.4899
20
122.6672
0
VERTEX
8
CUT
10
195.6867
20
122.5182
0
VERTEX
8
CUT
10
195.8973
20
122.3893
0
VERTEX
8
CUT
10
196.1195
20
122.2819
0
VERTEX
8
CUT
10
196.3513
20
122.1968
0
VERTEX
8
CUT
10
196.5903
20
122.1351
0
VERTEX
8
CUT
10
196.8343
20
122.0972
0
VERTEX
8
CUT
10
197.0808
20
122.0836
0
VERTEX
8
CUT
10
197.3274
20
122.0943
0
VERTEX
8
CUT
10
197.5718
20
122.1293
0
VERTEX
8
CUT
10
197.8115
20
122.1883
0
VERTEX
8
CUT
10
200.4729
20
122.9840
0
VERTEX
8
CUT
10
200.8117
20
123.1127
0
VERTEX
8
CUT
10
204.0794
20
124.6336
0
VERTEX
8
CUT
10
204.1074
20
124.6467
0
VERTEX
8
CUT
10
204.1275
20
124.6553
0
VERTEX
8
CUT
10
204.2240
20
124.6879
0
VERTEX
8
CUT
10
204.4521
20
124.7776
0
VERTEX
8
CUT
10
204.6704
20
124.8893
0
VERTEX
8
CUT
10
204.8767
20
125.0218
0
VERTEX
8
CUT
10
205.0690
20
125.1738
0
VERTEX
8
CUT
10
205.2455
20
125.3440
0
VERTEX
8
CUT
10
205.4045
20
125.5307
0
VERTEX
8
CUT
10
205.5445
20
125.7320
0
VERTEX
8
CUT
10
205.6640
20
125.9460
0
VERTEX
8
CUT
10
205.7620
20
126.1708
0
VERTEX
8
CUT
10
205.8375
20
126.4040
0
VERTEX
8
CUT
10
205.8898
20
126.6436
0
VERTEX
8
CUT
10
205.9184
20
126.8871
0
VERTEX
8
CUT
10
205.9230
20
127.1322
0
VERTEX
8
CUT
10
205.9036
20
127.3766
0
VERTEX
8
CUT
10
205.8603
20
127.6179
0
VERTEX
8
CUT
10
205.7936
20
127.8539
0
VERTEX
8
CUT
10
205.7041
20
128.0821
0
VERTEX
8
CUT
10
205.5927
20
128.3005
0
VERTEX
8
CUT
10
205.5043
20
128.4385
0
VERTEX
8
CUT
10
205.4858
20
128.4708
0
VERTEX
8
CUT
10
205.5399
20
128.4897
0
VERTEX
8
CUT
10
212.1269
20
130.4363
0
VERTEX
8
CUT
10
212.4361
20
130.5504
0
VERTEX
8
CUT
10
214.4836
20
131.4630
0
VERTEX
8
CUT
10
214.7448
20
131.5984
0
VERTEX
8
CUT
10
214.9884
20
131.7635
0
VERTEX
8
CUT
10
215.9012
20
132.4644
0
VERTEX
8
CUT
10
216.1376
20
132.6708
0
VERTEX
8
CUT
10
217.7261
20
134.2437
0
VERTEX
8
CUT
10
217.9304
20
134.4724
0
VERTEX
8
CUT
10
218.7741
20
135.5425
0
VERTEX
8
CUT
10
218.8881
20
135.6993
0
VERTEX
8
CUT
10
218.9896
20
135.8644
0
VERTEX
8
CUT
10
220.2163
20
138.0446
0
VERTEX
8
CUT
10
220.3245
20
138.2607
0
VERTEX
8
CUT
10
220.4113
20
138.4861
0
VERTEX
8
CUT
10
220.7785
20
139.5976
0
VERTEX
8
CUT
10
220.8416
20
139.8238
0
VERTEX
8
CUT
10
220.8833
20
140.0549
0
VERTEX
8
CUT
10
220.9030
20
140.2889
0
VERTEX
8
CUT
10
220.9400
20
141.2806
0
VERTEX
8
CUT
10
220.9413
20
141.3005
0
VERTEX
8
CUT
10
220.9474
20
141.3430
0
VERTEX
8
CUT
10
220.9580
20
141.3846
0
VERTEX
8
CUT
10
220.9645
20
141.4034
0
VERTEX
8
CUT
10
221.0131
20
141.5342
0
VERTEX
8
CUT
10
221.0816
20
141.7471
0
VERTEX
8
CUT
10
221.1308
20
141.9653
0
VERTEX
8
CUT
10
221.1604
20
142.1870
0
VERTEX
8
CUT
10
221.1700
20
142.4105
0
VERTEX
8
CUT
10
221.1649
20
145.1249
0
VERTEX
8
CUT
10
221.1530
20
145.3632
0
VERTEX
8
CUT
10
221.1186
20
145.5992
0
VERTEX
8
CUT
10
221.0617
20
145.8309
0
VERTEX
8
CUT
10
220.3927
20
148.0873
0
VERTEX
8
CUT
10
220.3025
20
148.3405
0
VERTEX
8
CUT
10
220.1857
20
148.5826
0
VERTEX
8
CUT
10
218.7328
20
151.2207
0
VERTEX
8
CUT
10
218.5572
20
151.4955
0
VERTEX
8
CUT
10
217.1866
20
153.3598
0
VERTEX
8
CUT
10
217.0288
20
153.5534
0
VERTEX
8
CUT
10
216.8526
20
153.7302
0
VERTEX
8
CUT
10
214.4547
20
155.9065
0
VERTEX
8
CUT
10
214.3970
20
155.9626
0
VERTEX
8
CUT
10
214.3431
20
156.0225
0
VERTEX
8
CUT
10
212.4204
20
158.3118
0
VERTEX
8
CUT
10
212.4069
20
158.3288
0
VERTEX
8
CUT
10
212.3554
20
158.4069
0
VERTEX
8
CUT
10
212.3450
20
158.4260
0
VERTEX
8
CUT
10
211.8700
20
159.3660
0
VERTEX
8
CUT
10
211.8610
20
159.3853
0
VERTEX
8
CUT
10
211.8291
20
159.4713
0
VERTEX
8
CUT
10
211.8235
20
159.4917
0
VERTEX
8
CUT
10
211.5427
20
160.6302
0
VERTEX
8
CUT
10
211.5416
20
160.6353
0
VERTEX
8
CUT
10
211.5335
20
160.6851
0
VERTEX
8
CUT
10
211.5316
20
160.7112
0
VERTEX
8
CUT
10
211.5313
20
160.7346
0
VERTEX
8
CUT
10
211.5576
20
162.7951
0
VERTEX
8
CUT
10
211.5583
20
162.8144
0
VERTEX
8
CUT
10
211.5631
20
162.8556
0
VERTEX
8
CUT
10
211.5721
20
162.8961
0
VERTEX
8
CUT
10
211.5777
20
162.9146
0
VERTEX
8
CUT
10
212.0980
20
164.4792
0
VERTEX
8
CUT
10
212.0996
20
164.4837
0
VERTEX
8
CUT
10
212.1276
20
164.5514
0
VERTEX
8
CUT
10
212.1349
20
164.5664
0
VERTEX
8
CUT
10
212.7268
20
165.7235
0
VERTEX
8
CUT
10
212.7295
20
165.7284
0
VERTEX
8
CUT
10
212.7743
20
165.8005
0
VERTEX
8
CUT
10
212.7856
20
165.8162
0
VERTEX
8
CUT
10
213.6365
20
166.9379
0
VERTEX
8
CUT
10
213.6394
20
166.9416
0
VERTEX
8
CUT
10
213.6871
20
166.9959
0
VERTEX
8
CUT
10
213.6986
20
167.0077
0
VERTEX
8
CUT
10
215.5025
20
168.7638
0
VERTEX
8
CUT
10
215.5658
20
168.8211
0
VERTEX
8
CUT
10
215.6331
20
168.8738
0
VERTEX
8
CUT
10
217.4957
20
170.2278
0
VERTEX
8
CUT
10
217.5001
20
170.2308
0
VERTEX
8
CUT
10
217.5692
20
170.2731
0
VERTEX
8
CUT
10
217.5855
20
170.2816
0
VERTEX
8
CUT
10
218.7170
20
170.8431
0
VERTEX
8
CUT
10
218.7218
20
170.8454
0
VERTEX
8
CUT
10
218.7689
20
170.8642
0
VERTEX
8
CUT
10
218.7941
20
170.8717
0
VERTEX
8
CUT
10
218.8170
20
170.8770
0
VERTEX
8
CUT
10
220.3117
20
171.1875
0
VERTEX
8
CUT
10
220.3283
20
171.1906
0
VERTEX
8
CUT
10
220.3645
20
171.1947
0
VERTEX
8
CUT
10
220.4007
20
171.1890
0
VERTEX
8
CUT
10
220.4167
20
171.1853
0
VERTEX
8
CUT
10
220.4741
20
171.1708
0
VERTEX
8
CUT
10
220.7116
20
171.1228
0
VERTEX
8
CUT
10
220.9526
20
171.0980
0
VERTEX
8
CUT
10
221.1948
20
171.0967
0
VERTEX
8
CUT
10
221.4360
20
171.1188
0
VERTEX
8
CUT
10
221.6740
20
171.1642
0
VERTEX
8
CUT
10
221.9065
20
171.2324
0
VERTEX
8
CUT
10
222.1312
20
171.3228
0
VERTEX
8
CUT
10
222.3462
20
171.4345
0
VERTEX
8
CUT
10
222.5493
20
171.5664
0
VERTEX
8
CUT
10
222.7387
20
171.7175
0
VERTEX
8
CUT
10
222.9126
20
171.8861
0
VERTEX
8
CUT
10
223.0694
20
172.0708
0
VERTEX
8
CUT
10
223.2076
20
172.2698
0
VERTEX
8
CUT
10
223.3258
20
172.4812
0
VERTEX
8
CUT
10
224.4276
20
174.6966
0
VERTEX
8
CUT
10
224.5100
20
174.8807
0
VERTEX
8
CUT
10
226.0321
20
178.6830
0
VERTEX
8
CUT
10
226.1007
20
178.8772
0
VERTEX
8
CUT
10
226.1531
20
179.0765
0
VERTEX
8
CUT
10
226.1889
20
179.2793
0
VERTEX
8
CUT
10
226.2526
20
179.7537
0
VERTEX
8
CUT
10
226.2535
20
179.7591
0
VERTEX
8
CUT
10
226.2639
20
179.8065
0
VERTEX
8
CUT
10
226.2749
20
179.8332
0
VERTEX
8
CUT
10
226.2856
20
179.8551
0
VERTEX
8
CUT
10
226.7487
20
180.7457
0
VERTEX
8
CUT
10
226.8498
20
180.9655
0
VERTEX
8
CUT
10
226.9292
20
181.1941
0
VERTEX
8
CUT
10
226.9861
20
181.4292
0
VERTEX
8
CUT
10
227.0200
20
181.6688
0
VERTEX
8
CUT
10
227.0681
20
182.1878
0
VERTEX
8
CUT
10
227.0707
20
182.2092
0
VERTEX
8
CUT
10
227.0899
20
182.3005
0
VERTEX
8
CUT
10
227.0961
20
182.3212
0
VERTEX
8
CUT
10
227.8920
20
184.7052
0
VERTEX
8
CUT
10
227.8937
20
184.7100
0
VERTEX
8
CUT
10
227.9239
20
184.7817
0
VERTEX
8
CUT
10
227.9317
20
184.7975
0
VERTEX
8
CUT
10
228.1512
20
185.2157
0
VERTEX
8
CUT
10
228.2474
20
185.4211
0
VERTEX
8
CUT
10
228.3245
20
185.6343
0
VERTEX
8
CUT
10
228.3821
20
185.8537
0
VERTEX
8
CUT
10
228.4195
20
186.0774
0
VERTEX
8
CUT
10
228.4521
20
186.3474
0
VERTEX
8
CUT
10
228.4552
20
186.3682
0
VERTEX
8
CUT
10
228.4761
20
186.4565
0
VERTEX
8
CUT
10
228.4826
20
186.4765
0
VERTEX
8
CUT
10
229.8416
20
190.2707
0
VERTEX
8
CUT
10
229.8691
20
190.3405
0
VERTEX
8
CUT
10
229.9009
20
190.4083
0
VERTEX
8
CUT
10
231.5464
20
193.6496
0
VERTEX
8
CUT
10
231.6616
20
193.9130
0
VERTEX
8
CUT
10
231.7458
20
194.1879
0
VERTEX
8
CUT
10
231.8238
20
194.5072
0
VERTEX
8
CUT
10
231.8252
20
194.5124
0
VERTEX
8
CUT
10
231.8417
20
194.5616
0
VERTEX
8
CUT
10
231.8525
20
194.5861
0
VERTEX
8
CUT
10
231.8635
20
194.6075
0
VERTEX
8
CUT
10
233.4288
20
197.4661
0
VERTEX
8
CUT
10
233.4637
20
197.5258
0
VERTEX
8
CUT
10
233.5021
20
197.5834
0
VERTEX
8
CUT
10
234.3579
20
198.7893
0
VERTEX
8
CUT
10
234.4667
20
198.9564
0
VERTEX
8
CUT
10
234.5619
20
199.1317
0
VERTEX
8
CUT
10
235.3775
20
200.7881
0
VERTEX
8
CUT
10
235.3859
20
200.8043
0
VERTEX
8
CUT
10
235.4273
20
200.8710
0
VERTEX
8
CUT
10
235.4380
20
200.8858
0
VERTEX
8
CUT
10
236.4577
20
202.2245
0
VERTEX
8
CUT
10
236.5862
20
202.4100
0
VERTEX
8
CUT
10
236.6975
20
202.6064
0
VERTEX
8
CUT
10
236.7906
20
202.8120
0
VERTEX
8
CUT
10
237.1238
20
203.6461
0
VERTEX
8
CUT
10
237.1940
20
203.8461
0
VERTEX
8
CUT
10
237.2471
20
204.0513
0
VERTEX
8
CUT
10
237.2825
20
204.2602
0
VERTEX
8
CUT
10
237.3359
20
204.6826
0
VERTEX
8
CUT
10
237.3388
20
204.7019
0
VERTEX
8
CUT
10
237.3484
20
204.7427
0
VERTEX
8
CUT
10
237.3662
20
204.7806
0
VERTEX
8
CUT
10
237.3758
20
204.7975
0
VERTEX
8
CUT
10
238.1537
20
206.0882
0
VERTEX
8
CUT
10
238.2603
20
206.2844
0
VERTEX
8
CUT
10
238.3490
20
206.4894
0
VERTEX
8
CUT
10
238.4191
20
206.7015
0
VERTEX
8
CUT
10
238.6906
20
207.6664
0
VERTEX
8
CUT
10
238.7173
20
207.7494
0
VERTEX
8
CUT
10
238.7500
20
207.8303
0
VERTEX
8
CUT
10
239.6556
20
209.8542
0
VERTEX
8
CUT
10
239.7259
20
210.0284
0
VERTEX
8
CUT
10
239.7828
20
210.2074
0
VERTEX
8
CUT
10
241.0477
20
214.7701
0
VERTEX
8
CUT
10
241.1067
20
215.0399
0
VERTEX
8
CUT
10
241.1355
20
215.3146
0
VERTEX
8
CUT
10
241.1781
20
216.1759
0
VERTEX
8
CUT
10
241.1796
20
216.1954
0
VERTEX
8
CUT
10
241.1924
20
216.2787
0
VERTEX
8
CUT
10
241.1969
20
216.2977
0
VERTEX
8
CUT
10
241.6105
20
217.8708
0
VERTEX
8
CUT
10
241.6669
20
218.1483
0
VERTEX
8
CUT
10
241.6916
20
218.4304
0
VERTEX
8
CUT
10
241.7065
20
218.9213
0
VERTEX
8
CUT
10
241.7018
20
219.1693
0
VERTEX
8
CUT
10
241.6725
20
219.4155
0
VERTEX
8
CUT
10
241.6189
20
219.6576
0
VERTEX
8
CUT
10
241.5416
20
219.8933
0
VERTEX
8
CUT
10
241.4414
20
220.1201
0
VERTEX
8
CUT
10
241.3192
20
220.3359
0
VERTEX
8
CUT
10
241.1762
20
220.5385
0
VERTEX
8
CUT
10
241.0138
20
220.7259
0
VERTEX
8
CUT
10
240.8337
20
220.8964
0
VERTEX
8
CUT
10
240.6375
20
221.0481
0
VERTEX
8
CUT
10
240.4273
20
221.1797
0
VERTEX
8
CUT
10
240.2051
20
221.2898
0
VERTEX
8
CUT
10
239.9731
20
221.3773
0
VERTEX
8
CUT
10
239.7336
20
221.4415
0
VERTEX
8
CUT
10
239.4888
20
221.4816
0
VERTEX
8
CUT
10
239.2413
20
221.4972
0
VERTEX
8
CUT
10
238.9935
20
221.4882
0
VERTEX
8
CUT
10
238.7478
20
221.4548
0
VERTEX
8
CUT
10
238.5066
20
221.3971
0
VERTEX
8
CUT
10
238.2723
20
221.3158
0
VERTEX
8
CUT
10
238.0472
20
221.2118
0
VERTEX
8
CUT
10
237.6932
20
221.0262
0
VERTEX
8
CUT
10
237.6889
20
221.0241
0
VERTEX
8
CUT
10
237.6206
20
220.9945
0
VERTEX
8
CUT
10
237.6048
20
220.9886
0
VERTEX
8
CUT
10
235.0877
20
220.1304
0
VERTEX
8
CUT
10
234.8968
20
220.0564
0
VERTEX
8
CUT
10
234.7125
20
219.9671
0
VERTEX
8
CUT
10
230.9380
20
217.9419
0
VERTEX
8
CUT
10
230.6371
20
217.7517
0
VERTEX
8
CUT
10
227.8161
20
215.6732
0
VERTEX
8
CUT
10
227.5554
20
215.4521
0
VERTEX
8
CUT
10
225.2913
20
213.2485
0
VERTEX
8
CUT
10
225.1371
20
213.0842
0
VERTEX
8
CUT
10
223.4384
20
211.1031
0
VERTEX
8
CUT
10
223.2615
20
210.8704
0
VERTEX
8
CUT
10
221.8311
20
208.7424
0
VERTEX
8
CUT
10
221.7238
20
208.5676
0
VERTEX
8
CUT
10
221.6311
20
208.3846
0
VERTEX
8
CUT
10
221.5538
20
208.1947
0
VERTEX
8
CUT
10
220.8377
20
206.2058
0
VERTEX
8
CUT
10
220.7662
20
205.9720
0
VERTEX
8
CUT
10
220.7179
20
205.7323
0
VERTEX
8
CUT
10
220.6932
20
205.4891
0
VERTEX
8
CUT
10
220.6924
20
205.2446
0
VERTEX
8
CUT
10
220.7156
20
205.0011
0
VERTEX
8
CUT
10
220.7623
20
204.7612
0
VERTEX
8
CUT
10
220.8323
20
204.5269
0
VERTEX
8
CUT
10
220.9249
20
204.3006
0
VERTEX
8
CUT
10
221.2131
20
203.6838
0
VERTEX
8
CUT
10
221.2153
20
203.6788
0
VERTEX
8
CUT
10
221.2323
20
203.6327
0
VERTEX
8
CUT
10
221.2374
20
203.6038
0
VERTEX
8
CUT
10
221.2402
20
203.5792
0
VERTEX
8
CUT
10
221.3035
20
202.8467
0
VERTEX
8
CUT
10
221.3069
20
202.7937
0
VERTEX
8
CUT
10
221.3080
20
202.7406
0
VERTEX
8
CUT
10
221.2944
20
197.8353
0
VERTEX
8
CUT
10
221.2940
20
197.8180
0
VERTEX
8
CUT
10
221.2904
20
197.7807
0
VERTEX
8
CUT
10
221.2834
20
197.7437
0
VERTEX
8
CUT
10
221.2791
20
197.7275
0
VERTEX
8
CUT
10
221.1561
20
197.2994
0
VERTEX
8
CUT
10
221.1049
20
197.0864
0
VERTEX
8
CUT
10
221.0726
20
196.8696
0
VERTEX
8
CUT
10
221.0593
20
196.6509
0
VERTEX
8
CUT
10
221.0219
20
194.4098
0
VERTEX
8
CUT
10
221.0217
20
194.4045
0
VERTEX
8
CUT
10
221.0140
20
194.3246
0
VERTEX
8
CUT
10
221.0111
20
194.3065
0
VERTEX
8
CUT
10
220.7343
20
192.8123
0
VERTEX
8
CUT
10
220.7262
20
192.7725
0
VERTEX
8
CUT
10
220.7168
20
192.7331
0
VERTEX
8
CUT
10
220.4257
20
191.5989
0
VERTEX
8
CUT
10
220.4209
20
191.5819
0
VERTEX
8
CUT
10
220.4079
20
191.5460
0
VERTEX
8
CUT
10
220.3917
20
191.5115
0
VERTEX
8
CUT
10
220.3830
20
191.4960
0
VERTEX
8
CUT
10
219.6744
20
190.2978
0
VERTEX
8
CUT
10
219.5534
20
190.0665
0
VERTEX
8
CUT
10
219.4573
20
189.8239
0
VERTEX
8
CUT
10
219.3869
20
189.5725
0
VERTEX
8
CUT
10
219.3431
20
189.3151
0
VERTEX
8
CUT
10
219.0252
20
186.5924
0
VERTEX
8
CUT
10
219.0245
20
186.5870
0
VERTEX
8
CUT
10
219.0147
20
186.5388
0
VERTEX
8
CUT
10
219.0039
20
186.5116
0
VERTEX
8
CUT
10
218.9933
20
186.4893
0
VERTEX
8
CUT
10
217.6567
20
183.8379
0
VERTEX
8
CUT
10
217.6542
20
183.8332
0
VERTEX
8
CUT
10
217.6120
20
183.7638
0
VERTEX
8
CUT
10
217.6014
20
183.7487
0
VERTEX
8
CUT
10
215.1822
20
180.4681
0
VERTEX
8
CUT
10
215.1699
20
180.4523
0
VERTEX
8
CUT
10
215.1409
20
180.4207
0
VERTEX
8
CUT
10
215.1058
20
180.3959
0
VERTEX
8
CUT
10
215.0885
20
180.3857
0
VERTEX
8
CUT
10
214.4374
20
180.0236
0
VERTEX
8
CUT
10
214.4224
20
180.0157
0
VERTEX
8
CUT
10
214.3889
20
180.0009
0
VERTEX
8
CUT
10
214.2793
20
179.9746
0
VERTEX
8
CUT
10
214.2795
20
179.9736
0
VERTEX
8
CUT
10
214.1688
20
179.9492
0
VERTEX
8
CUT
10
213.9385
20
179.8746
0
VERTEX
8
CUT
10
213.7166
20
179.7780
0
VERTEX
8
CUT
10
213.5050
20
179.6605
0
VERTEX
8
CUT
10
213.3058
20
179.5230
0
VERTEX
8
CUT
10
213.1208
20
179.3670
0
VERTEX
8
CUT
10
212.9517
20
179.1937
0
VERTEX
8
CUT
10
212.0565
20
178.1827
0
VERTEX
8
CUT
10
212.0421
20
178.1673
0
VERTEX
8
CUT
10
212.0086
20
178.1371
0
VERTEX
8
CUT
10
211.9719
20
178.1107
0
VERTEX
8
CUT
10
211.9539
20
178.1000
0
VERTEX
8
CUT
10
209.4453
20
176.6963
0
VERTEX
8
CUT
10
209.4293
20
176.6879
0
VERTEX
8
CUT
10
209.3580
20
176.6565
0
VERTEX
8
CUT
10
209.3410
20
176.6504
0
VERTEX
8
CUT
10
205.1375
20
175.2653
0
VERTEX
8
CUT
10
205.1215
20
175.2604
0
VERTEX
8
CUT
10
205.0510
20
175.2440
0
VERTEX
8
CUT
10
205.0344
20
175.2412
0
VERTEX
8
CUT
10
203.1347
20
174.9731
0
VERTEX
8
CUT
10
203.0506
20
174.9643
0
VERTEX
8
CUT
10
202.9662
20
174.9614
0
VERTEX
8
CUT
10
198.3379
20
174.9692
0
VERTEX
8
CUT
10
198.3194
20
174.9697
0
VERTEX
8
CUT
10
198.2798
20
174.9736
0
VERTEX
8
CUT
10
198.2408
20
174.9815
0
VERTEX
8
CUT
10
198.2230
20
174.9864
0
VERTEX
8
CUT
10
197.8275
20
175.1074
0
VERTEX
8
CUT
10
197.6177
20
175.1618
0
VERTEX
8
CUT
10
197.4040
20
175.1978
0
VERTEX
8
CUT
10
197.1880
20
175.2151
0
VERTEX
8
CUT
10
195.8400
20
175.2646
0
VERTEX
8
CUT
10
195.8205
20
175.2658
0
VERTEX
8
CUT
10
195.7792
20
175.2717
0
VERTEX
8
CUT
10
195.7399
20
175.2859
0
VERTEX
8
CUT
10
195.7222
20
175.2940
0
VERTEX
8
CUT
10
195.1733
20
175.5608
0
VERTEX
8
CUT
10
194.9725
20
175.6477
0
VERTEX
8
CUT
10
194.7649
20
175.7168
0
VERTEX
8
CUT
10
194.5520
20
175.7674
0
VERTEX
8
CUT
10
194.3355
20
175.7992
0
VERTEX
8
CUT
10
192.0327
20
176.0354
0
VERTEX
8
CUT
10
191.7661
20
176.0484
0
VERTEX
8
CUT
10
186.8798
20
176.0258
0
VERTEX
8
CUT
10
186.5992
20
176.0087
0
VERTEX
8
CUT
10
186.3223
20
175.9602
0
VERTEX
8
CUT
10
184.5442
20
175.5446
0
VERTEX
8
CUT
10
184.2605
20
175.4603
0
VERTEX
8
CUT
10
183.9887
20
175.3430
0
VERTEX
8
CUT
10
183.3041
20
174.9982
0
VERTEX
8
CUT
10
183.0715
20
174.8650
0
VERTEX
8
CUT
10
182.8546
20
174.7077
0
VERTEX
8
CUT
10
181.8491
20
173.8928
0
VERTEX
8
CUT
10
181.6717
20
173.7344
0
VERTEX
8
CUT
10
181.5101
20
173.5599
0
VERTEX
8
CUT
10
181.3658
20
173.3709
0
VERTEX
8
CUT
10
180.9850
20
172.8191
0
VERTEX
8
CUT
10
180.8060
20
172.5164
0
VERTEX
8
CUT
10
179.6445
20
170.1920
0
VERTEX
8
CUT
10
179.5599
20
170.0038
0
VERTEX
8
CUT
10
179.4912
20
169.8091
0
VERTEX
8
CUT
10
179.4387
20
169.6095
0
VERTEX
8
CUT
10
179.0322
20
167.7540
0
VERTEX
8
CUT
10
178.9902
20
167.5000
0
VERTEX
8
CUT
10
178.9744
20
167.2431
0
VERTEX
8
CUT
10
178.9852
20
166.9859
0
VERTEX
8
CUT
10
179.0224
20
166.7312
0
VERTEX
8
CUT
10
179.4379
20
164.6427
0
VERTEX
8
CUT
10
179.4928
20
164.4205
0
VERTEX
8
CUT
10
179.5678
20
164.2043
0
VERTEX
8
CUT
10
179.6622
20
163.9958
0
VERTEX
8
CUT
10
180.4564
20
162.4368
0
VERTEX
8
CUT
10
180.5839
20
162.2152
0
VERTEX
8
CUT
10
180.7334
20
162.0078
0
VERTEX
8
CUT
10
180.9033
20
161.8168
0
VERTEX
8
CUT
10
182.7342
20
159.9589
0
VERTEX
8
CUT
10
182.8808
20
159.8216
0
VERTEX
8
CUT
10
183.0379
20
159.6966
0
VERTEX
8
CUT
10
183.7929
20
159.1437
0
VERTEX
8
CUT
10
183.9681
20
159.0265
0
VERTEX
8
CUT
10
184.1525
20
158.9244
0
VERTEX
8
CUT
10
185.9670
20
158.0178
0
VERTEX
8
CUT
10
186.1735
20
157.9260
0
VERTEX
8
CUT
10
186.3874
20
157.8533
0
VERTEX
8
CUT
10
192.1239
20
156.1879
0
VERTEX
8
CUT
10
192.2062
20
156.1607
0
VERTEX
8
CUT
10
192.2864
20
156.1275
0
VERTEX
8
CUT
10
195.2280
20
154.7849
0
VERTEX
8
CUT
10
195.2472
20
154.7755
0
VERTEX
8
CUT
10
195.3265
20
154.7277
0
SEQEND
0
POLYLINE
8
CUT
66
1
70
1
10
0.0
20
0.0
30
0.0
0
VERTEX
8
CUT
10
222.7803
20
30.2111
0
VERTEX
8
CUT
10
222.6495
20
30.0005
0
VERTEX
8
CUT
10
222.5402
20
29.7781
0
VERTEX
8
CUT
10
222.4535
20
29.5458
0
VERTEX
8
CUT
10
222.3902
20
29.3062
0
VERTEX
8
CUT
10
222.3509
20
29.0614
0
VERTEX
8
CUT
10
222.3361
20
28.8140
0
VERTEX
8
CUT
10
222.3458
20
28.5663
0
VERTEX
8
CUT
10
222.3800
20
28.3207
0
VERTEX
8
CUT
10
222.4384
20
28.0798
0
VERTEX
8
CUT
10
222.5203
20
27.8459
0
VERTEX
8
CUT
10
222.6251
20
27.6212
0
VERTEX
8
CUT
10
222.7515
20
27.4080
0
VERTEX
8
CUT
10
222.8985
20
27.2083
0
VERTEX
8
CUT
10
223.0644
20
27.0242
0
VERTEX
8
CUT
10
223.2479
20
26.8574
0
VERTEX
8
CUT
10
223.4469
20
26.7097
0
VERTEX
8
CUT
10
223.6596
20
26.5823
0
VERTEX
8
CUT
10
223.8838
20
26.4766
0
VERTEX
8
CUT
10
224.1174
20
26.3937
0
VERTEX
8
CUT
10
225.0154
20
26.1243
0
VERTEX
8
CUT
10
225.0880
20
26.1000
0
VERTEX
8
CUT
10
225.1590
20
26.0712
0
VERTEX
8
CUT
10
227.0241
20
25.2457
0
VERTEX
8
CUT
10
227.2411
20
25.1615
0
VERTEX
8
CUT
10
227.4650
20
25.0978
0
VERTEX
8
CUT
10
227.6939
20
25.0553
0
VERTEX
8
CUT
10
227.9257
20
25.0342
0
VERTEX
8
CUT
10
228.1584
20
25.0348
0
VERTEX
8
CUT
10
228.3901
20
25.0570
0
VERTEX
8
CUT
10
228.6188
20
25.1007
0
VERTEX
8
CUT
10
228.8424
20
25.1654
0
VERTEX
8
CUT
10
229.0521
20
25.2369
0
VERTEX
8
CUT
10
229.2430
20
25.3108
0
VERTEX
8
CUT
10
229.4271
20
25.4000
0
VERTEX
8
CUT
10
229.6033
20
25.5040
0
VERTEX
8
CUT
10
230.4485
20
26.0506
0
VERTEX
8
CUT
10
230.4652
20
26.0608
0
VERTEX
8
CUT
10
230.5010
20
26.0792
0
VERTEX
8
CUT
10
230.5406
20
26.0863
0
VERTEX
8
CUT
10
230.5600
20
26.0883
0
VERTEX
8
CUT
10
231.4479
20
26.1580
0
VERTEX
8
CUT
10
231.6893
20
26.1888
0
VERTEX
8
CUT
10
231.9266
20
26.2430
0
VERTEX
8
CUT
10
232.1574
20
26.3199
0
VERTEX
8
CUT
10
232.3797
20
26.4190
0
VERTEX
8
CUT
10
232.7131
20
26.5874
0
VERTEX
8
CUT
10
232.9406
20
26.7177
0
VERTEX
8
CUT
10
233.1531
20
26.8712
0
VERTEX
8
CUT
10
233.3485
20
27.0460
0
VERTEX
8
CUT
10
234.8515
20
28.5406
0
VERTEX
8
CUT
10
235.0073
20
28.7104
0
VERTEX
8
CUT
10
235.1467
20
28.8939
0
VERTEX
8
CUT
10
235.2687
20
29.0894
0
VERTEX
8
CUT
10
235.3721
20
29.2953
0
VERTEX
8
CUT
10
236.1203
20
30.9735
0
VERTEX
8
CUT
10
236.2107
20
31.2070
0
VERTEX
8
CUT
10
236.2772
20
31.4483
0
VERTEX
8
CUT
10
236.3193
20
31.6951
0
VERTEX
8
CUT
10
236.3365
20
31.9448
0
VERTEX
8
CUT
10
236.4243
20
36.6449
0
VERTEX
8
CUT
10
236.4179
20
36.8770
0
VERTEX
8
CUT
10
236.3900
20
37.1074
0
VERTEX
8
CUT
10
236.3408
20
37.3342
0
VERTEX
8
CUT
10
236.2708
20
37.5555
0
VERTEX
8
CUT
10
236.1806
20
37.7693
0
VERTEX
8
CUT
10
236.0709
20
37.9739
0
VERTEX
8
CUT
10
235.9428
20
38.1674
0
VERTEX
8
CUT
10
235.7972
20
38.3482
0
VERTEX
8
CUT
10
234.5396
20
39.7697
0
VERTEX
8
CUT
10
234.4840
20
39.8326
0
VERTEX
8
CUT
10
234.3136
20
40.0072
0
VERTEX
8
CUT
10
234.1270
20
40.1643
0
VERTEX
8
CUT
10
233.9260
20
40.3026
0
VERTEX
8
CUT
10
233.7125
20
40.4206
0
VERTEX
8
CUT
10
233.4885
20
40.5172
0
VERTEX
8
CUT
10
233.2562
20
40.5915
0
VERTEX
8
CUT
10
233.0177
20
40.6428
0
VERTEX
8
CUT
10
232.7753
20
40.6707
0
VERTEX
8
CUT
10
232.5314
20
40.6748
0
VERTEX
8
CUT
10
232.2882
20
40.6550
0
VERTEX
8
CUT
10
232.0482
20
40.6117
0
VERTEX
8
CUT
10
231.8135
20
40.5452
0
VERTEX
8
CUT
10
231.5864
20
40.4562
0
VERTEX
8
CUT
10
231.3690
20
40.3454
0
VERTEX
8
CUT
10
231.1635
20
40.2140
0
VERTEX
8
CUT
10
230.9718
20
40.0631
0
VERTEX
8
CUT
10
230.7956
20
39.8943
0
VERTEX
8
CUT
10
230.6368
20
39.7092
0
VERTEX
8
CUT
10
230.4968
20
39.5094
0
VERTEX
8
CUT
10
230.3769
20
39.2970
0
VERTEX
8
CUT
10
230.3499
20
39.2358
0
VERTEX
8
CUT
10
230.3110
20
39.1586
0
VERTEX
8
CUT
10
230.2343
20
39.0610
0
VERTEX
8
CUT
10
230.2357
20
39.0599
0
VERTEX
8
CUT
10
230.1616
20
38.9665
0
VERTEX
8
CUT
10
230.0371
20
38.7762
0
VERTEX
8
CUT
10
229.9304
20
38.5755
0
VERTEX
8
CUT
10
229.8424
20
38.3658
0
VERTEX
8
CUT
10
229.7738
20
38.1491
0
VERTEX
8
CUT
10
229.7251
20
37.9270
0
VERTEX
8
CUT
10
229.7151
20
37.8682
0
VERTEX
8
CUT
10
229.7112
20
37.8486
0
VERTEX
8
CUT
10
229.7001
20
37.8088
0
VERTEX
8
CUT
10
229.6813
20
37.7721
0
VERTEX
8
CUT
10
229.6708
20
37.7550
0
VERTEX
8
CUT
10
229.3518
20
37.2631
0
VERTEX
8
CUT
10
229.3416
20
37.2482
0
VERTEX
8
CUT
10
229.3186
20
37.2189
0
VERTEX
8
CUT
10
229.2869
20
37.2000
0
VERTEX
8
CUT
10
229.2706
20
37.1918
0
VERTEX
8
CUT
10
227.1620
20
36.1852
0
VERTEX
8
CUT
10
226.9277
20
36.0576
0
VERTEX
8
CUT
10
226.7083
20
35.9056
0
VERTEX
8
CUT
10
226.5063
20
35.7312
0
VERTEX
8
CUT
10
226.3241
20
35.5362
0
VERTEX
8
CUT
10
225.8179
20
34.9331
0
VERTEX
8
CUT
10
225.8146
20
34.9293
0
VERTEX
8
CUT
10
225.7632
20
34.8763
0
VERTEX
8
CUT
10
225.7504
20
34.8644
0
VERTEX
8
CUT
10
224.4081
20
33.6815
0
VERTEX
8
CUT
10
224.2351
20
33.5136
0
VERTEX
8
CUT
10
224.0791
20
33.3298
0
VERTEX
8
CUT
10
223.9415
20
33.1318
0
VERTEX
8
CUT
10
223.8236
20
32.9214
0
VERTEX
8
CUT
10
223.7266
20
32.7007
0
VERTEX
8
CUT
10
223.6513
20
32.4717
0
VERTEX
8
CUT
10
223.5983
20
32.2364
0
VERTEX
8
CUT
10
223.5683
20
31.9972
0
VERTEX
8
CUT
10
223.5615
20
31.7562
0
VERTEX
8
CUT
10
223.5779
20
31.5156
0
VERTEX
8
CUT
10
223.6016
20
31.3727
0
VERTEX
8
CUT
10
223.6007
20
31.3725
0
VERTEX
8
CUT
10
223.6194
20
31.2558
0
VERTEX
8
CUT
10
223.6145
20
31.2175
0
VERTEX
8
CUT
10
223.6108
20
31.1991
0
VERTEX
8
CUT
10
223.5629
20
30.9862
0
VERTEX
8
CUT
10
223.5582
20
30.9677
0
VERTEX
8
CUT
10
223.5460
20
30.9308
0
VERTEX
8
CUT
10
223.4899
20
30.8950
0
VERTEX
8
CUT
10
223.2879
20
30.7513
0
VERTEX
8
CUT
10
223.1011
20
30.5883
0
VERTEX
8
CUT
10
222.9314
20
30.4077
0
SEQEND
0
POLYLINE
8
CUT
66
1
70
1
10
0.0
20
0.0
30
0.0
0
VERTEX
8
CUT
10
183.1676
20
69.0118
0
VERTEX
8
CUT
10
183.8223
20
68.1841
0
VERTEX
8
CUT
10
183.8392
20
68.1613
0
VERTEX
8
CUT
10
184.5832
20
67.2221
0
VERTEX
8
CUT
10
184.5941
20
67.2077
0
VERTEX
8
CUT
10
184.6367
20
67.1417
0
VERTEX
8
CUT
10
184.6459
20
67.1251
0
VERTEX
8
CUT
10
184.9232
20
66.5901
0
VERTEX
8
CUT
10
185.0324
20
66.4002
0
VERTEX
8
CUT
10
185.1578
20
66.2206
0
VERTEX
8
CUT
10
185.2985
20
66.0527
0
VERTEX
8
CUT
10
185.5071
20
65.8248
0
VERTEX
8
CUT
10
185.5320
20
65.7960
0
VERTEX
8
CUT
10
186.9222
20
64.2785
0
VERTEX
8
CUT
10
186.9354
20
64.2634
0
VERTEX
8
CUT
10
186.9863
20
64.1946
0
VERTEX
8
CUT
10
186.9973
20
64.1770
0
VERTEX
8
CUT
10
187.8723
20
62.6934
0
VERTEX
8
CUT
10
187.9921
20
62.5093
0
VERTEX
8
CUT
10
188.1275
20
62.3365
0
VERTEX
8
CUT
10
189.0111
20
61.3055
0
VERTEX
8
CUT
10
189.0243
20
61.2894
0
VERTEX
8
CUT
10
189.0486
20
61.2541
0
VERTEX
8
CUT
10
189.0692
20
61.2164
0
VERTEX
8
CUT
10
189.0776
20
61.1974
0
VERTEX
8
CUT
10
189.6013
20
59.9374
0
VERTEX
8
CUT
10
189.6938
20
59.7397
0
VERTEX
8
CUT
10
189.8031
20
59.5509
0
VERTEX
8
CUT
10
189.9285
20
59.3723
0
VERTEX
8
CUT
10
190.0690
20
59.2053
0
VERTEX
8
CUT
10
191.2555
20
57.9141
0
VERTEX
8
CUT
10
191.3067
20
57.8546
0
VERTEX
8
CUT
10
191.3541
20
57.7919
0
VERTEX
8
CUT
10
192.4155
20
56.2884
0
VERTEX
8
CUT
10
192.4483
20
56.2368
0
VERTEX
8
CUT
10
192.4852
20
56.1414
0
VERTEX
8
CUT
10
192.5377
20
56.0271
0
VERTEX
8
CUT
10
192.5642
20
55.9643
0
VERTEX
8
CUT
10
192.5815
20
55.9316
0
VERTEX
8
CUT
10
192.6131
20
55.8628
0
VERTEX
8
CUT
10
192.6467
20
55.8084
0
VERTEX
8
CUT
10
192.6655
20
55.7729
0
VERTEX
8
CUT
10
192.7374
20
55.6616
0
VERTEX
8
CUT
10
192.7741
20
55.6020
0
VERTEX
8
CUT
10
196.3894
20
50.4790
0
VERTEX
8
CUT
10
196.5585
20
50.2652
0
VERTEX
8
CUT
10
196.6260
20
50.1888
0
VERTEX
8
CUT
10
196.6697
20
50.1336
0
VERTEX
8
CUT
10
198.5021
20
48.0641
0
VERTEX
8
CUT
10
198.6771
20
47.8853
0
VERTEX
8
CUT
10
198.8691
20
47.7249
0
VERTEX
8
CUT
10
199.0761
20
47.5846
0
VERTEX
8
CUT
10
199.2962
20
47.4656
0
VERTEX
8
CUT
10
199.5270
20
47.3691
0
VERTEX
8
CUT
10
199.7664
20
47.2963
0
VERTEX
8
CUT
10
200.0118
20
47.2477
0
VERTEX
8
CUT
10
200.2608
20
47.2239
0
VERTEX
8
CUT
10
200.5110
20
47.2251
0
VERTEX
8
CUT
10
200.7598
20
47.2513
0
VERTEX
8
CUT
10
201.0047
20
47.3023
0
VERTEX
8
CUT
10
201.2433
20
47.3774
0
VERTEX
8
CUT
10
201.4732
20
47.4761
0
VERTEX
8
CUT
10
201.6921
20
47.5972
0
VERTEX
8
CUT
10
201.8978
20
47.7396
0
VERTEX
8
CUT
10
201.8984
20
47.7400
0
VERTEX
8
CUT
10
202.0898
20
47.8872
0
VERTEX
8
CUT
10
202.1476
20
47.9291
0
VERTEX
8
CUT
10
202.1663
20
47.9418
0
VERTEX
8
CUT
10
202.2884
20
48.0153
0
VERTEX
8
CUT
10
202.3085
20
48.0258
0
VERTEX
8
CUT
10
202.3725
20
48.0572
0
VERTEX
8
CUT
10
202.6978
20
48.2052
0
VERTEX
8
CUT
10
202.7526
20
48.2271
0
VERTEX
8
CUT
10
202.8535
20
48.2366
0
VERTEX
8
CUT
10
202.9377
20
48.2410
0
VERTEX
8
CUT
10
203.2006
20
48.2830
0
VERTEX
8
CUT
10
203.4576
20
48.3527
0
VERTEX
8
CUT
10
203.5234
20
48.3744
0
VERTEX
8
CUT
10
203.5431
20
48.3803
0
VERTEX
8
CUT
10
203.5850
20
48.3894
0
VERTEX
8
CUT
10
203.6271
20
48.3940
0
VERTEX
8
CUT
10
203.7830
20
48.4021
0
VERTEX
8
CUT
10
204.0270
20
48.4393
0
VERTEX
8
CUT
10
204.2662
20
48.5004
0
VERTEX
8
CUT
10
204.4983
20
48.5847
0
VERTEX
8
CUT
10
204.7208
20
48.6916
0
VERTEX
8
CUT
10
204.9318
20
48.8198
0
VERTEX
8
CUT
10
205.1291
20
48.9683
0
VERTEX
8
CUT
10
205.3107
20
49.1354
0
VERTEX
8
CUT
10
205.4750
20
49.3197
0
VERTEX
8
CUT
10
205.6203
20
49.5193
0
VERTEX
8
CUT
10
205.7453
20
49.7322
0
VERTEX
8
CUT
10
205.8486
20
49.9565
0
VERTEX
8
CUT
10
205.9293
20
50.1898
0
VERTEX
8
CUT
10
205.9865
20
50.4299
0
VERTEX
8
CUT
10
206.0199
20
50.6746
0
VERTEX
8
CUT
10
206.0289
20
50.9213
0
VERTEX
8
CUT
10
206.0135
20
51.1677
0
VERTEX
8
CUT
10
205.9739
20
51.4114
0
VERTEX
8
CUT
10
205.9105
20
51.6500
0
VERTEX
8
CUT
10
205.8239
20
51.8812
0
VERTEX
8
CUT
10
205.7149
20
52.1027
0
VERTEX
8
CUT
10
205.5845
20
52.3123
0
VERTEX
8
CUT
10
205.2895
20
52.7384
0
VERTEX
8
CUT
10
205.2512
20
52.7937
0
VERTEX
8
CUT
10
205.2478
20
52.7987
0
VERTEX
8
CUT
10
205.2477
20
52.7988
0
VERTEX
8
CUT
10
205.2276
20
52.8312
0
VERTEX
8
CUT
10
205.2553
20
52.8050
0
VERTEX
8
CUT
10
208.0748
20
49.8578
0
VERTEX
8
CUT
10
208.2793
20
49.6666
0
VERTEX
8
CUT
10
208.5039
20
49.4996
0
VERTEX
8
CUT
10
208.7458
20
49.3587
0
VERTEX
8
CUT
10
209.6953
20
48.8746
0
VERTEX
8
CUT
10
209.7375
20
48.8521
0
VERTEX
8
CUT
10
209.7508
20
48.8447
0
VERTEX
8
CUT
10
209.8324
20
48.7948
0
VERTEX
8
CUT
10
209.8451
20
48.7864
0
VERTEX
8
CUT
10
209.8845
20
48.7591
0
VERTEX
8
CUT
10
212.1345
20
47.1369
0
VERTEX
8
CUT
10
212.3800
20
46.9807
0
VERTEX
8
CUT
10
212.6420
20
46.8542
0
VERTEX
8
CUT
10
212.9391
20
46.7314
0
VERTEX
8
CUT
10
213.2097
20
46.6374
0
VERTEX
8
CUT
10
213.2386
20
46.6292
0
VERTEX
8
CUT
10
213.3488
20
46.5919
0
VERTEX
8
CUT
10
213.4497
20
46.5465
0
VERTEX
8
CUT
10
213.5457
20
46.4913
0
VERTEX
8
CUT
10
213.6359
20
46.4271
0
VERTEX
8
CUT
10
213.7194
20
46.3545
0
VERTEX
8
CUT
10
213.7954
20
46.2740
0
VERTEX
8
CUT
10
213.8633
20
46.1865
0
VERTEX
8
CUT
10
213.9222
20
46.0928
0
VERTEX
8
CUT
10
213.9718
20
45.9938
0
VERTEX
8
CUT
10
214.0115
20
45.8905
0
VERTEX
8
CUT
10
214.0409
20
45.7838
0
VERTEX
8
CUT
10
214.0598
20
45.6747
0
VERTEX
8
CUT
10
214.0680
20
45.5643
0
VERTEX
8
CUT
10
214.0652
20
45.4480
0
VERTEX
8
CUT
10
214.0638
20
45.4287
0
VERTEX
8
CUT
10
214.0580
20
45.3680
0
VERTEX
8
CUT
10
214.0004
20
44.8955
0
VERTEX
8
CUT
10
213.9908
20
44.8307
0
VERTEX
8
CUT
10
213.9872
20
44.8103
0
VERTEX
8
CUT
10
213.9675
20
44.7246
0
VERTEX
8
CUT
10
213.9592
20
44.6886
0
VERTEX
8
CUT
10
213.9206
20
44.5762
0
VERTEX
8
CUT
10
213.8679
20
44.4630
0
VERTEX
8
CUT
10
213.8582
20
44.4446
0
VERTEX
8
CUT
10
213.8260
20
44.3876
0
VERTEX
8
CUT
10
213.5423
20
43.9147
0
VERTEX
8
CUT
10
213.5090
20
43.8650
0
VERTEX
8
CUT
10
213.4543
20
43.8895
0
VERTEX
8
CUT
10
213.2484
20
43.9944
0
VERTEX
8
CUT
10
213.2289
20
44.0051
0
VERTEX
8
CUT
10
213.1907
20
44.0303
0
VERTEX
8
CUT
10
213.1556
20
44.0596
0
VERTEX
8
CUT
10
213.1398
20
44.0752
0
VERTEX
8
CUT
10
212.3785
20
44.8710
0
VERTEX
8
CUT
10
212.2036
20
45.0370
0
VERTEX
8
CUT
10
212.0135
20
45.1854
0
VERTEX
8
CUT
10
211.8100
20
45.3147
0
VERTEX
8
CUT
10
211.5950
20
45.4239
0
VERTEX
8
CUT
10
211.3704
20
45.5119
0
VERTEX
8
CUT
10
211.1385
20
45.5778
0
VERTEX
8
CUT
10
210.9012
20
45.6210
0
VERTEX
8
CUT
10
210.6609
20
45.6412
0
VERTEX
8
CUT
10
210.4198
20
45.6381
0
VERTEX
8
CUT
10
210.1800
20
45.6118
0
VERTEX
8
CUT
10
209.9440
20
45.5626
0
VERTEX
8
CUT
10
209.7137
20
45.4908
0
VERTEX
8
CUT
10
209.4915
20
45.3972
0
VERTEX
8
CUT
10
209.2793
20
45.2826
0
VERTEX
8
CUT
10
209.0792
20
45.1481
0
VERTEX
8
CUT
10
208.8929
20
44.9949
0
VERTEX
8
CUT
10
208.7223
20
44.8245
0
VERTEX
8
CUT
10
208.5688
20
44.6384
0
VERTEX
8
CUT
10
208.4340
20
44.4384
0
VERTEX
8
CUT
10
208.3191
20
44.2264
0
VERTEX
8
CUT
10
208.2252
20
44.0043
0
VERTEX
8
CUT
10
208.1531
20
43.7742
0
VERTEX
8
CUT
10
208.0295
20
43.3005
0
VERTEX
8
CUT
10
208.0237
20
43.2804
0
VERTEX
8
CUT
10
208.0085
20
43.2402
0
VERTEX
8
CUT
10
207.9852
20
43.2040
0
VERTEX
8
CUT
10
207.9725
20
43.1874
0
VERTEX
8
CUT
10
207.7135
20
42.8660
0
VERTEX
8
CUT
10
207.7016
20
42.8519
0
VERTEX
8
CUT
10
207.6752
20
42.8248
0
VERTEX
8
CUT
10
207.6424
20
42.8060
0
VERTEX
8
CUT
10
207.6258
20
42.7979
0
VERTEX
8
CUT
10
207.4351
20
42.7111
0
VERTEX
8
CUT
10
207.2162
20
42.5982
0
VERTEX
8
CUT
10
207.0095
20
42.4642
0
VERTEX
8
CUT
10
206.8170
20
42.3106
0
VERTEX
8
CUT
10
206.6405
20
42.1387
0
VERTEX
8
CUT
10
206.4818
20
41.9504
0
VERTEX
8
CUT
10
206.3424
20
41.7473
0
VERTEX
8
CUT
10
206.2237
20
41.5315
0
VERTEX
8
CUT
10
206.1268
20
41.3050
0
VERTEX
8
CUT
10
206.0526
20
41.0702
0
VERTEX
8
CUT
10
206.0019
20
40.8291
0
VERTEX
8
CUT
10
205.9752
20
40.5843
0
VERTEX
8
CUT
10
205.9727
20
40.3380
0
VERTEX
8
CUT
10
205.9944
20
40.0926
0
VERTEX
8
CUT
10
206.0402
20
39.8506
0
VERTEX
8
CUT
10
206.1096
20
39.6143
0
VERTEX
8
CUT
10
206.2019
20
39.3859
0
VERTEX
8
CUT
10
206.3162
20
39.1677
0
VERTEX
8
CUT
10
206.4514
20
38.9619
0
VERTEX
8
CUT
10
206.6063
20
38.7703
0
VERTEX
8
CUT
10
208.3338
20
36.8363
0
VERTEX
8
CUT
10
208.5421
20
36.6290
0
VERTEX
8
CUT
10
212.9655
20
32.7171
0
VERTEX
8
CUT
10
212.9756
20
32.7081
0
VERTEX
8
CUT
10
213.1705
20
32.5524
0
VERTEX
8
CUT
10
213.3799
20
32.4168
0
VERTEX
8
CUT
10
213.6019
20
32.3028
0
VERTEX
8
CUT
10
213.8340
20
32.2115
0
VERTEX
8
CUT
10
214.0742
20
32.1438
0
VERTEX
8
CUT
10
214.3198
20
32.1004
0
VERTEX
8
CUT
10
214.5686
20
32.0816
0
VERTEX
8
CUT
10
214.8180
20
32.0878
0
VERTEX
8
CUT
10
215.0656
20
32.1187
0
VERTEX
8
CUT
10
215.3088
20
32.1742
0
VERTEX
8
CUT
10
215.5453
20
32.2537
0
VERTEX
8
CUT
10
215.7727
20
32.3563
0
VERTEX
8
CUT
10
215.9887
20
32.4811
0
VERTEX
8
CUT
10
216.1912
20
32.6268
0
VERTEX
8
CUT
10
216.3782
20
32.7920
0
VERTEX
8
CUT
10
216.5478
20
32.9750
0
VERTEX
8
CUT
10
216.6983
20
33.1739
0
VERTEX
8
CUT
10
216.8283
20
33.3869
0
VERTEX
8
CUT
10
216.9363
20
33.6118
0
VERTEX
8
CUT
10
217.0083
20
33.7829
0
VERTEX
8
CUT
10
217.1494
20
34.0751
0
VERTEX
8
CUT
10
217.1592
20
34.0940
0
VERTEX
8
CUT
10
217.1823
20
34.1311
0
VERTEX
8
CUT
10
217.2129
20
34.1625
0
VERTEX
8
CUT
10
217.2289
20
34.1765
0
VERTEX
8
CUT
10
217.3365
20
34.2654
0
VERTEX
8
CUT
10
217.5100
20
34.4230
0
VERTEX
8
CUT
10
217.6679
20
34.5961
0
VERTEX
8
CUT
10
217.8089
20
34.7833
0
VERTEX
8
CUT
10
217.9318
20
34.9828
0
VERTEX
8
CUT
10
218.0354
20
35.1929
0
VERTEX
8
CUT
10
218.1189
20
35.4118
0
VERTEX
8
CUT
10
218.1816
20
35.6376
0
VERTEX
8
CUT
10
218.2228
20
35.8683
0
VERTEX
8
CUT
10
218.2423
20
36.1018
0
VERTEX
8
CUT
10
218.2901
20
37.4162
0
VERTEX
8
CUT
10
218.2913
20
37.4360
0
VERTEX
8
CUT
10
218.2969
20
37.4766
0
VERTEX
8
CUT
10
218.3143
20
37.5136
0
VERTEX
8
CUT
10
218.3241
20
37.5309
0
VERTEX
8
CUT
10
218.4643
20
37.7646
0
VERTEX
8
CUT
10
218.8253
20
38.3664
0
VERTEX
8
CUT
10
218.9481
20
38.5977
0
VERTEX
8
CUT
10
219.0460
20
38.8405
0
VERTEX
8
CUT
10
219.1179
20
39.0923
0
VERTEX
8
CUT
10
219.1632
20
39.3502
0
VERTEX
8
CUT
10
219.1833
20
39.5154
0
VERTEX
8
CUT
10
219.2009
20
39.7589
0
VERTEX
8
CUT
10
219.1984
20
39.8585
0
VERTEX
8
CUT
10
219.2000
20
39.9299
0
VERTEX
8
CUT
10
219.2427
20
39.9713
0
VERTEX
8
CUT
10
220.1620
20
40.7815
0
VERTEX
8
CUT
10
220.2981
20
40.9108
0
VERTEX
8
CUT
10
220.4241
20
41.0500
0
VERTEX
8
CUT
10
220.9609
20
41.6895
0
VERTEX
8
CUT
10
221.0051
20
41.7395
0
VERTEX
8
CUT
10
221.0196
20
41.7550
0
VERTEX
8
CUT
10
221.1113
20
41.8432
0
VERTEX
8
CUT
10
221.2070
20
41.9173
0
VERTEX
8
CUT
10
221.3154
20
41.9841
0
VERTEX
8
CUT
10
221.3340
20
41.9942
0
VERTEX
8
CUT
10
221.3934
20
42.0245
0
VERTEX
8
CUT
10
222.8014
20
42.6967
0
VERTEX
8
CUT
10
223.0281
20
42.8196
0
VERTEX
8
CUT
10
223.2409
20
42.9653
0
VERTEX
8
CUT
10
223.4375
20
43.1320
0
VERTEX
8
CUT
10
223.6160
20
43.3182
0
VERTEX
8
CUT
10
223.7743
20
43.5218
0
VERTEX
8
CUT
10
223.9108
20
43.7405
0
VERTEX
8
CUT
10
224.0241
20
43.9722
0
VERTEX
8
CUT
10
224.1128
20
44.2143
0
VERTEX
8
CUT
10
224.1294
20
44.2678
0
VERTEX
8
CUT
10
224.1639
20
44.3617
0
VERTEX
8
CUT
10
224.2081
20
44.4550
0
VERTEX
8
CUT
10
224.2607
20
44.5438
0
VERTEX
8
CUT
10
224.3241
20
44.6318
0
VERTEX
8
CUT
10
224.3353
20
44.6459
0
VERTEX
8
CUT
10
224.3717
20
44.6897
0
VERTEX
8
CUT
10
224.6016
20
44.9540
0
VERTEX
8
CUT
10
224.7827
20
45.1889
0
VERTEX
8
CUT
10
224.9346
20
45.4437
0
VERTEX
8
CUT
10
225.1763
20
45.9097
0
VERTEX
8
CUT
10
225.2096
20
45.9697
0
VERTEX
8
CUT
10
225.2207
20
45.9884
0
VERTEX
8
CUT
10
225.2933
20
46.0973
0
VERTEX
8
CUT
10
225.3774
20
46.1975
0
VERTEX
8
CUT
10
225.3923
20
46.2134
0
VERTEX
8
CUT
10
225.4405
20
46.2621
0
VERTEX
8
CUT
10
225.6290
20
46.4422
0
VERTEX
8
CUT
10
225.6750
20
46.4841
0
VERTEX
8
CUT
10
225.6900
20
46.4971
0
VERTEX
8
CUT
10
225.7836
20
46.5702
0
VERTEX
8
CUT
10
225.8792
20
46.6306
0
VERTEX
8
CUT
10
225.9804
20
46.6812
0
VERTEX
8
CUT
10
226.0861
20
46.7215
0
VERTEX
8
CUT
10
226.1952
20
46.7510
0
VERTEX
8
CUT
10
226.3068
20
46.7696
0
VERTEX
8
CUT
10
226.4197
20
46.7769
0
VERTEX
8
CUT
10
226.5327
20
46.7730
0
VERTEX
8
CUT
10
226.6448
20
46.7578
0
VERTEX
8
CUT
10
226.7548
20
46.7316
0
VERTEX
8
CUT
10
226.8670
20
46.6927
0
VERTEX
8
CUT
10
226.8853
20
46.6853
0
VERTEX
8
CUT
10
226.9425
20
46.6605
0
VERTEX
8
CUT
10
227.7823
20
46.2718
0
VERTEX
8
CUT
10
227.8401
20
46.2432
0
VERTEX
8
CUT
10
227.8582
20
46.2337
0
VERTEX
8
CUT
10
227.9236
20
46.1948
0
VERTEX
8
CUT
10
227.9269
20
46.1928
0
VERTEX
8
CUT
10
228.1486
20
46.0755
0
VERTEX
8
CUT
10
228.3810
20
45.9810
0
VERTEX
8
CUT
10
228.6216
20
45.9103
0
VERTEX
8
CUT
10
228.8681
20
45.8641
0
VERTEX
8
CUT
10
229.1180
20
45.8428
0
VERTEX
8
CUT
10
229.3688
20
45.8466
0
VERTEX
8
CUT
10
229.6179
20
45.8755
0
VERTEX
8
CUT
10
229.8629
20
45.9293
0
VERTEX
8
CUT
10
230.1013
20
46.0073
0
VERTEX
8
CUT
10
230.3306
20
46.1088
0
VERTEX
8
CUT
10
230.5486
20
46.2328
0
VERTEX
8
CUT
10
230.7531
20
46.3780
0
VERTEX
8
CUT
10
230.9421
20
46.5430
0
VERTEX
8
CUT
10
231.1135
20
46.7261
0
VERTEX
8
CUT
10
231.2657
20
46.9254
0
VERTEX
8
CUT
10
231.3972
20
47.1390
0
VERTEX
8
CUT
10
231.5067
20
47.3647
0
VERTEX
8
CUT
10
231.5929
20
47.6002
0
VERTEX
8
CUT
10
231.6552
20
47.8431
0
VERTEX
8
CUT
10
231.6927
20
48.0911
0
VERTEX
8
CUT
10
231.7053
20
48.3416
0
VERTEX
8
CUT
10
231.7048
20
51.2404
0
VERTEX
8
CUT
10
231.6896
20
51.5159
0
VERTEX
8
CUT
10
231.6440
20
51.7879
0
VERTEX
8
CUT
10
231.5688
20
52.0533
0
VERTEX
8
CUT
10
231.5684
20
52.0545
0
VERTEX
8
CUT
10
231.1945
20
53.1413
0
VERTEX
8
CUT
10
231.1887
20
53.1598
0
VERTEX
8
CUT
10
231.1794
20
53.2001
0
VERTEX
8
CUT
10
231.1914
20
53.2397
0
VERTEX
8
CUT
10
231.1985
20
53.2577
0
VERTEX
8
CUT
10
231.2351
20
53.3442
0
VERTEX
8
CUT
10
231.3187
20
53.5725
0
VERTEX
8
CUT
10
231.3797
20
53.8078
0
VERTEX
8
CUT
10
231.4177
20
54.0479
0
VERTEX
8
CUT
10
231.4321
20
54.2905
0
VERTEX
8
CUT
10
231.4379
20
54.8373
0
VERTEX
8
CUT
10
231.4276
20
55.0930
0
VERTEX
8
CUT
10
231.3911
20
55.3463
0
VERTEX
8
CUT
10
231.3290
20
55.5946
0
VERTEX
8
CUT
10
231.2077
20
55.9913
0
VERTEX
8
CUT
10
231.2031
20
56.0077
0
VERTEX
8
CUT
10
231.1956
20
56.0438
0
VERTEX
8
CUT
10
231.1914
20
56.0805
0
VERTEX
8
CUT
10
231.1906
20
56.0970
0
VERTEX
8
CUT
10
231.1568
20
57.4966
0
VERTEX
8
CUT
10
231.1346
20
57.7742
0
VERTEX
8
CUT
10
231.0816
20
58.0476
0
VERTEX
8
CUT
10
230.9986
20
58.3134
0
VERTEX
8
CUT
10
230.9382
20
58.4745
0
VERTEX
8
CUT
10
230.9314
20
58.4943
0
VERTEX
8
CUT
10
230.9204
20
58.5381
0
VERTEX
8
CUT
10
230.9144
20
58.5829
0
VERTEX
8
CUT
10
230.9133
20
58.6038
0
VERTEX
8
CUT
10
230.8787
20
60.1341
0
VERTEX
8
CUT
10
230.8602
20
60.3862
0
VERTEX
8
CUT
10
230.8587
20
60.3949
0
VERTEX
8
CUT
10
230.8582
20
60.4020
0
VERTEX
8
CUT
10
230.8142
20
60.6505
0
VERTEX
8
CUT
10
230.3851
20
62.5206
0
VERTEX
8
CUT
10
230.3817
20
62.5370
0
VERTEX
8
CUT
10
230.3719
20
62.6083
0
VERTEX
8
CUT
10
230.3707
20
62.6250
0
VERTEX
8
CUT
10
230.3325
20
63.4143
0
VERTEX
8
CUT
10
230.3064
20
63.6739
0
VERTEX
8
CUT
10
230.2533
20
63.9293
0
VERTEX
8
CUT
10
230.1738
20
64.1778
0
VERTEX
8
CUT
10
230.0690
20
64.4167
0
VERTEX
8
CUT
10
229.9398
20
64.6433
0
VERTEX
8
CUT
10
229.0004
20
66.1079
0
VERTEX
8
CUT
10
228.9909
20
66.1234
0
VERTEX
8
CUT
10
228.9734
20
66.1578
0
VERTEX
8
CUT
10
228.9816
20
66.1955
0
VERTEX
8
CUT
10
228.9868
20
66.2129
0
VERTEX
8
CUT
10
229.0923
20
66.5388
0
VERTEX
8
CUT
10
229.1605
20
66.7952
0
VERTEX
8
CUT
10
229.2012
20
67.0573
0
VERTEX
8
CUT
10
229.2138
20
67.3223
0
VERTEX
8
CUT
10
229.2054
20
68.9028
0
VERTEX
8
CUT
10
229.1912
20
69.1559
0
VERTEX
8
CUT
10
229.1514
20
69.4063
0
VERTEX
8
CUT
10
229.0865
20
69.6514
0
VERTEX
8
CUT
10
228.4549
20
71.6251
0
VERTEX
8
CUT
10
228.4534
20
71.6300
0
VERTEX
8
CUT
10
228.4422
20
71.6776
0
VERTEX
8
CUT
10
228.4386
20
71.7027
0
VERTEX
8
CUT
10
228.4366
20
71.7253
0
VERTEX
8
CUT
10
228.3952
20
72.3809
0
VERTEX
8
CUT
10
228.3707
20
72.6058
0
VERTEX
8
CUT
10
228.3261
20
72.8276
0
VERTEX
8
CUT
10
227.8646
20
74.6806
0
VERTEX
8
CUT
10
227.7630
20
74.9971
0
VERTEX
8
CUT
10
226.8076
20
77.4090
0
VERTEX
8
CUT
10
226.8007
20
77.4277
0
VERTEX
8
CUT
10
226.7893
20
77.4689
0
VERTEX
8
CUT
10
226.7822
20
77.5112
0
VERTEX
8
CUT
10
226.7805
20
77.5310
0
VERTEX
8
CUT
10
226.7352
20
78.2992
0
VERTEX
8
CUT
10
226.7131
20
78.5142
0
VERTEX
8
CUT
10
226.6726
20
78.7264
0
VERTEX
8
CUT
10
226.6139
20
78.9343
0
VERTEX
8
CUT
10
226.5375
20
79.1364
0
VERTEX
8
CUT
10
225.1569
20
82.3588
0
VERTEX
8
CUT
10
225.1507
20
82.3742
0
VERTEX
8
CUT
10
225.1284
20
82.4424
0
VERTEX
8
CUT
10
225.1243
20
82.4585
0
VERTEX
8
CUT
10
224.8591
20
83.6009
0
VERTEX
8
CUT
10
224.8013
20
83.8086
0
VERTEX
8
CUT
10
224.7259
20
84.0105
0
VERTEX
8
CUT
10
224.6334
20
84.2052
0
VERTEX
8
CUT
10
224.5244
20
84.3911
0
VERTEX
8
CUT
10
224.1039
20
85.0427
0
VERTEX
8
CUT
10
224.0866
20
85.0696
0
VERTEX
8
CUT
10
224.0749
20
85.0889
0
VERTEX
8
CUT
10
224.0323
20
85.1764
0
VERTEX
8
CUT
10
224.0243
20
85.1975
0
VERTEX
8
CUT
10
223.4195
20
86.9458
0
VERTEX
8
CUT
10
223.2876
20
87.2573
0
VERTEX
8
CUT
10
222.6638
20
88.4900
0
VERTEX
8
CUT
10
222.6480
20
88.5213
0
VERTEX
8
CUT
10
222.6399
20
88.5384
0
VERTEX
8
CUT
10
222.6253
20
88.5764
0
VERTEX
8
CUT
10
222.6186
20
88.6166
0
VERTEX
8
CUT
10
222.6169
20
88.6355
0
VERTEX
8
CUT
10
222.5797
20
89.2198
0
VERTEX
8
CUT
10
222.5437
20
89.5118
0
VERTEX
8
CUT
10
222.4738
20
89.7975
0
VERTEX
8
CUT
10
222.2777
20
90.4334
0
VERTEX
8
CUT
10
222.0450
20
91.6937
0
VERTEX
8
CUT
10
222.0439
20
91.7563
0
VERTEX
8
CUT
10
222.0435
20
91.7757
0
VERTEX
8
CUT
10
222.0416
20
91.8779
0
VERTEX
8
CUT
10
222.0410
20
91.9099
0
VERTEX
8
CUT
10
222.1242
20
92.8129
0
VERTEX
8
CUT
10
222.2194
20
93.1881
0
VERTEX
8
CUT
10
222.2713
20
93.4510
0
VERTEX
8
CUT
10
222.2947
20
93.7179
0
VERTEX
8
CUT
10
222.3416
20
95.0937
0
VERTEX
8
CUT
10
222.3429
20
95.1145
0
VERTEX
8
CUT
10
222.3470
20
95.1426
0
VERTEX
8
CUT
10
222.3500
20
95.1533
0
VERTEX
8
CUT
10
222.3555
20
95.1688
0
VERTEX
8
CUT
10
222.7410
20
96.1845
0
VERTEX
8
CUT
10
222.8200
20
96.4300
0
VERTEX
8
CUT
10
222.8353
20
96.5027
0
VERTEX
8
CUT
10
222.8746
20
96.6852
0
VERTEX
8
CUT
10
222.9402
20
97.0920
0
VERTEX
8
CUT
10
222.9696
20
97.3793
0
VERTEX
8
CUT
10
222.9656
20
97.6681
0
VERTEX
8
CUT
10
222.8672
20
99.0437
0
VERTEX
8
CUT
10
222.8311
20
99.3243
0
VERTEX
8
CUT
10
222.7635
20
99.5989
0
VERTEX
8
CUT
10
222.7510
20
99.6329
0
VERTEX
8
CUT
10
222.6081
20
100.9670
0
VERTEX
8
CUT
10
222.5745
20
101.1877
0
VERTEX
8
CUT
10
222.5213
20
101.4045
0
VERTEX
8
CUT
10
222.4489
20
101.6158
0
VERTEX
8
CUT
10
222.4153
20
101.6913
0
VERTEX
8
CUT
10
222.4031
20
101.7286
0
VERTEX
8
CUT
10
222.2943
20
101.9715
0
VERTEX
8
CUT
10
221.8382
20
102.8598
0
VERTEX
8
CUT
10
221.8300
20
102.8768
0
VERTEX
8
CUT
10
221.8003
20
102.9524
0
VERTEX
8
CUT
10
221.7948
20
102.9704
0
VERTEX
8
CUT
10
221.5091
20
103.9856
0
VERTEX
8
CUT
10
221.4447
20
104.1826
0
VERTEX
8
CUT
10
221.3642
20
104.3736
0
VERTEX
8
CUT
10
221.2682
20
104.5573
0
VERTEX
8
CUT
10
220.1909
20
106.4253
0
VERTEX
8
CUT
10
220.1819
20
106.4418
0
VERTEX
8
CUT
10
220.1653
20
106.4787
0
VERTEX
8
CUT
10
220.1565
20
106.5182
0
VERTEX
8
CUT
10
220.1537
20
106.5368
0
VERTEX
8
CUT
10
220.1039
20
106.9471
0
VERTEX
8
CUT
10
220.1023
20
106.9596
0
VERTEX
8
CUT
10
220.0972
20
106.9877
0
VERTEX
8
CUT
10
220.0695
20
107.1556
0
VERTEX
8
CUT
10
220.0577
20
107.2023
0
VERTEX
8
CUT
10
220.0473
20
107.2590
0
VERTEX
8
CUT
10
220.0270
20
107.3237
0
VERTEX
8
CUT
10
220.0177
20
107.3604
0
VERTEX
8
CUT
10
219.9936
20
107.4303
0
VERTEX
8
CUT
10
219.9563
20
107.5494
0
VERTEX
8
CUT
10
219.5894
20
108.5108
0
VERTEX
8
CUT
10
219.5826
20
108.5301
0
VERTEX
8
CUT
10
219.5715
20
108.5726
0
VERTEX
8
CUT
10
219.5651
20
108.6161
0
VERTEX
8
CUT
10
219.5637
20
108.6365
0
VERTEX
8
CUT
10
219.5269
20
109.6088
0
VERTEX
8
CUT
10
219.5032
20
109.8707
0
VERTEX
8
CUT
10
219.4520
20
110.1287
0
VERTEX
8
CUT
10
219.3741
20
110.3799
0
VERTEX
8
CUT
10
219.2799
20
110.6350
0
VERTEX
8
CUT
10
219.2738
20
110.6530
0
VERTEX
8
CUT
10
219.2637
20
110.6925
0
VERTEX
8
CUT
10
219.2701
20
110.7328
0
VERTEX
8
CUT
10
219.2745
20
110.7513
0
VERTEX
8
CUT
10
219.4413
20
111.3760
0
VERTEX
8
CUT
10
219.4904
20
111.6008
0
VERTEX
8
CUT
10
219.5186
20
111.8291
0
VERTEX
8
CUT
10
219.5257
20
112.0591
0
VERTEX
8
CUT
10
219.5193
20
112.4793
0
VERTEX
8
CUT
10
219.5000
20
112.7532
0
VERTEX
8
CUT
10
219.4509
20
113.0233
0
VERTEX
8
CUT
10
219.2705
20
113.7764
0
VERTEX
8
CUT
10
219.2670
20
113.7926
0
VERTEX
8
CUT
10
219.2618
20
113.8281
0
VERTEX
8
CUT
10
219.2599
20
113.8609
0
VERTEX
8
CUT
10
219.2600
20
113.8852
0
VERTEX
8
CUT
10
219.2854
20
114.7322
0
VERTEX
8
CUT
10
219.2865
20
114.7518
0
VERTEX
8
CUT
10
219.2921
20
114.7936
0
VERTEX
8
CUT
10
219.3021
20
114.8346
0
VERTEX
8
CUT
10
219.3082
20
114.8532
0
VERTEX
8
CUT
10
219.3710
20
115.0290
0
VERTEX
8
CUT
10
219.4360
20
115.2399
0
VERTEX
8
CUT
10
219.4822
20
115.4556
0
VERTEX
8
CUT
10
219.5091
20
115.6746
0
VERTEX
8
CUT
10
219.5167
20
115.8951
0
VERTEX
8
CUT
10
219.5051
20
117.0559
0
VERTEX
8
CUT
10
219.4918
20
117.2897
0
VERTEX
8
CUT
10
219.4567
20
117.5212
0
VERTEX
8
CUT
10
219.4001
20
117.7484
0
VERTEX
8
CUT
10
219.3225
20
117.9693
0
VERTEX
8
CUT
10
219.1257
20
118.4553
0
VERTEX
8
CUT
10
219.0192
20
118.6843
0
VERTEX
8
CUT
10
218.8901
20
118.9015
0
VERTEX
8
CUT
10
218.7397
20
119.1045
0
VERTEX
8
CUT
10
218.5696
20
119.2913
0
VERTEX
8
CUT
10
217.8673
20
119.9884
0
VERTEX
8
CUT
10
217.6890
20
120.1492
0
VERTEX
8
CUT
10
217.4962
20
120.2920
0
VERTEX
8
CUT
10
217.2905
20
120.4158
0
VERTEX
8
CUT
10
217.0739
20
120.5192
0
VERTEX
8
CUT
10
216.0413
20
120.9527
0
VERTEX
8
CUT
10
215.7815
20
121.0453
0
VERTEX
8
CUT
10
215.5131
20
121.1087
0
VERTEX
8
CUT
10
215.2393
20
121.1422
0
VERTEX
8
CUT
10
214.5066
20
121.1909
0
VERTEX
8
CUT
10
214.2496
20
121.1947
0
VERTEX
8
CUT
10
213.9935
20
121.1721
0
VERTEX
8
CUT
10
212.1953
20
120.9199
0
VERTEX
8
CUT
10
211.9697
20
120.8776
0
VERTEX
8
CUT
10
211.7489
20
120.8147
0
VERTEX
8
CUT
10
210.3991
20
120.3628
0
VERTEX
8
CUT
10
210.0728
20
120.2272
0
VERTEX
8
CUT
10
207.0722
20
118.7234
0
VERTEX
8
CUT
10
206.8624
20
118.6053
0
VERTEX
8
CUT
10
204.7882
20
117.3022
0
VERTEX
8
CUT
10
204.6537
20
117.2115
0
VERTEX
8
CUT
10
202.7787
20
115.8563
0
VERTEX
8
CUT
10
202.6131
20
115.7256
0
VERTEX
8
CUT
10
195.9660
20
110.0093
0
VERTEX
8
CUT
10
195.9369
20
109.9850
0
VERTEX
8
CUT
10
195.9070
20
109.9617
0
VERTEX
8
CUT
10
193.7235
20
108.3130
0
VERTEX
8
CUT
10
193.6729
20
108.2768
0
VERTEX
8
CUT
10
193.6206
20
108.2434
0
VERTEX
8
CUT
10
190.8929
20
106.5992
0
VERTEX
8
CUT
10
190.8283
20
106.5630
0
VERTEX
8
CUT
10
190.7615
20
106.5308
0
VERTEX
8
CUT
10
188.3992
20
105.4813
0
VERTEX
8
CUT
10
188.3816
20
105.4740
0
VERTEX
8
CUT
10
188.3427
20
105.4613
0
VERTEX
8
CUT
10
188.3026
20
105.4525
0
VERTEX
8
CUT
10
188.2838
20
105.4499
0
VERTEX
8
CUT
10
187.8944
20
105.4054
0
VERTEX
8
CUT
10
187.6870
20
105.3728
0
VERTEX
8
CUT
10
187.4830
20
105.3229
0
VERTEX
8
CUT
10
187.2839
20
105.2561
0
VERTEX
8
CUT
10
186.3809
20
104.9101
0
VERTEX
8
CUT
10
186.3652
20
104.9045
0
VERTEX
8
CUT
10
186.3305
20
104.8947
0
VERTEX
8
CUT
10
186.2951
20
104.8912
0
VERTEX
8
CUT
10
186.2782
20
104.8906
0
VERTEX
8
CUT
10
182.4025
20
104.8529
0
VERTEX
8
CUT
10
182.3828
20
104.8533
0
VERTEX
8
CUT
10
182.2981
20
104.8613
0
VERTEX
8
CUT
10
182.2786
20
104.8648
0
VERTEX
8
CUT
10
180.8058
20
105.1633
0
VERTEX
8
CUT
10
180.7895
20
105.1670
0
VERTEX
8
CUT
10
180.7549
20
105.1773
0
VERTEX
8
CUT
10
180.7213
20
105.1907
0
VERTEX
8
CUT
10
180.7066
20
105.1976
0
VERTEX
8
CUT
10
179.1521
20
105.9805
0
VERTEX
8
CUT
10
179.1345
20
105.9900
0
VERTEX
8
CUT
10
179.0985
20
106.0132
0
VERTEX
8
CUT
10
179.0651
20
106.0402
0
VERTEX
8
CUT
10
179.0506
20
106.0539
0
VERTEX
8
CUT
10
176.9627
20
108.1419
0
VERTEX
8
CUT
10
176.9503
20
108.1548
0
VERTEX
8
CUT
10
176.9260
20
108.1843
0
VERTEX
8
CUT
10
176.9076
20
108.2179
0
VERTEX
8
CUT
10
176.9002
20
108.2341
0
VERTEX
8
CUT
10
176.0952
20
110.1114
0
VERTEX
8
CUT
10
176.0886
20
110.1279
0
VERTEX
8
CUT
10
176.0653
20
110.2004
0
VERTEX
8
CUT
10
176.0610
20
110.2176
0
VERTEX
8
CUT
10
175.5114
20
112.7062
0
VERTEX
8
CUT
10
175.5104
20
112.7115
0
VERTEX
8
CUT
10
175.4992
20
112.7928
0
VERTEX
8
CUT
10
175.4978
20
112.8114
0
VERTEX
8
CUT
10
175.4596
20
113.6218
0
VERTEX
8
CUT
10
175.4268
20
113.9241
0
VERTEX
8
CUT
10
175.3575
20
114.2202
0
VERTEX
8
CUT
10
174.6962
20
116.4311
0
VERTEX
8
CUT
10
174.5975
20
116.7029
0
VERTEX
8
CUT
10
174.4681
20
116.9613
0
VERTEX
8
CUT
10
173.5869
20
118.4932
0
VERTEX
8
CUT
10
173.3819
20
118.7959
0
VERTEX
8
CUT
10
172.4610
20
119.9621
0
VERTEX
8
CUT
10
172.2827
20
120.1645
0
VERTEX
8
CUT
10
172.0835
20
120.3464
0
VERTEX
8
CUT
10
170.6218
20
121.5443
0
VERTEX
8
CUT
10
170.4046
20
121.7035
0
VERTEX
8
CUT
10
170.1716
20
121.8384
0
VERTEX
8
CUT
10
168.9962
20
122.4370
0
VERTEX
8
CUT
10
168.8238
20
122.5167
0
VERTEX
8
CUT
10
168.6458
20
122.5830
0
VERTEX
8
CUT
10
167.4690
20
122.9718
0
VERTEX
8
CUT
10
167.2103
20
123.0421
0
VERTEX
8
CUT
10
166.9456
20
123.0843
0
VERTEX
8
CUT
10
166.6779
20
123.0979
0
VERTEX
8
CUT
10
165.6254
20
123.0949
0
VERTEX
8
CUT
10
165.3754
20
123.0817
0
VERTEX
8
CUT
10
165.1279
20
123.0435
0
VERTEX
8
CUT
10
164.8854
20
122.9807
0
VERTEX
8
CUT
10
164.6505
20
122.8940
0
VERTEX
8
CUT
10
163.6230
20
122.4552
0
VERTEX
8
CUT
10
163.4084
20
122.3511
0
VERTEX
8
CUT
10
163.2047
20
122.2271
0
VERTEX
8
CUT
10
163.0137
20
122.0843
0
VERTEX
8
CUT
10
162.8372
20
121.9239
0
VERTEX
8
CUT
10
162.6660
20
121.7527
0
VERTEX
8
CUT
10
162.5058
20
121.5764
0
VERTEX
8
CUT
10
162.3631
20
121.3857
0
VERTEX
8
CUT
10
162.2392
20
121.1823
0
VERTEX
8
CUT
10
162.1352
20
120.9680
0
VERTEX
8
CUT
10
161.7070
20
119.9668
0
VERTEX
8
CUT
10
161.6221
20
119.7380
0
VERTEX
8
CUT
10
161.5599
20
119.5021
0
VERTEX
8
CUT
10
161.5210
20
119.2613
0
VERTEX
8
CUT
10
161.5058
20
119.0178
0
VERTEX
8
CUT
10
161.4796
20
117.0952
0
VERTEX
8
CUT
10
161.4911
20
116.8184
0
VERTEX
8
CUT
10
161.5333
20
116.5446
0
VERTEX
8
CUT
10
161.6054
20
116.2771
0
VERTEX
8
CUT
10
163.6411
20
110.1130
0
VERTEX
8
CUT
10
163.6425
20
110.1085
0
VERTEX
8
CUT
10
163.6602
20
110.0386
0
VERTEX
8
CUT
10
163.6633
20
110.0225
0
VERTEX
8
CUT
10
163.9305
20
108.4612
0
VERTEX
8
CUT
10
163.9329
20
108.4446
0
VERTEX
8
CUT
10
163.9387
20
108.3722
0
VERTEX
8
CUT
10
163.9390
20
108.3553
0
VERTEX
8
CUT
10
163.8995
20
104.1131
0
VERTEX
8
CUT
10
163.8990
20
104.0957
0
VERTEX
8
CUT
10
163.8951
20
104.0582
0
VERTEX
8
CUT
10
163.8878
20
104.0213
0
VERTEX
8
CUT
10
163.8832
20
104.0044
0
VERTEX
8
CUT
10
163.0808
20
101.3003
0
VERTEX
8
CUT
10
163.0791
20
101.2950
0
VERTEX
8
CUT
10
163.0485
20
101.2165
0
VERTEX
8
CUT
10
163.0404
20
101.1992
0
VERTEX
8
CUT
10
161.6930
20
98.5007
0
VERTEX
8
CUT
10
161.6846
20
98.4849
0
VERTEX
8
CUT
10
161.6439
20
98.4196
0
VERTEX
8
CUT
10
161.6333
20
98.4051
0
VERTEX
8
CUT
10
157.7734
20
93.3559
0
VERTEX
8
CUT
10
157.6341
20
93.1540
0
VERTEX
8
CUT
10
157.5154
20
92.9394
0
VERTEX
8
CUT
10
157.2502
20
92.3994
0
VERTEX
8
CUT
10
157.2420
20
92.3835
0
VERTEX
8
CUT
10
157.2016
20
92.3179
0
VERTEX
8
CUT
10
157.1912
20
92.3034
0
VERTEX
8
CUT
10
156.0821
20
90.8325
0
VERTEX
8
CUT
10
155.9542
20
90.6457
0
VERTEX
8
CUT
10
155.8436
20
90.4482
0
VERTEX
8
CUT
10
154.9520
20
88.6704
0
VERTEX
8
CUT
10
154.8697
20
88.4885
0
VERTEX
8
CUT
10
154.8021
20
88.3007
0
VERTEX
8
CUT
10
154.4031
20
87.0339
0
VERTEX
8
CUT
10
154.3382
20
86.7830
0
VERTEX
8
CUT
10
154.2996
20
86.5268
0
VERTEX
8
CUT
10
154.2877
20
86.2679
0
VERTEX
8
CUT
10
154.3092
20
82.6854
0
VERTEX
8
CUT
10
154.3200
20
82.4682
0
VERTEX
8
CUT
10
154.3495
20
82.2528
0
VERTEX
8
CUT
10
154.3977
20
82.0408
0
VERTEX
8
CUT
10
154.4642
20
81.8338
0
VERTEX
8
CUT
10
155.0041
20
80.3727
0
VERTEX
8
CUT
10
155.0851
20
80.1791
0
VERTEX
8
CUT
10
155.1819
20
79.9930
0
VERTEX
8
CUT
10
155.2941
20
79.8157
0
VERTEX
8
CUT
10
156.2742
20
78.4008
0
VERTEX
8
CUT
10
156.4197
20
78.2109
0
VERTEX
8
CUT
10
156.5826
20
78.0358
0
VERTEX
8
CUT
10
157.7118
20
76.9331
0
VERTEX
8
CUT
10
157.9277
20
76.7452
0
VERTEX
8
CUT
10
158.1637
20
76.5832
0
VERTEX
8
CUT
10
160.4006
20
75.2290
0
VERTEX
8
CUT
10
160.5877
20
75.1263
0
VERTEX
8
CUT
10
160.7830
20
75.0400
0
VERTEX
8
CUT
10
160.9849
20
74.9707
0
VERTEX
8
CUT
10
163.1918
20
74.3166
0
VERTEX
8
CUT
10
163.4025
20
74.2640
0
VERTEX
8
CUT
10
163.6171
20
74.2299
0
VERTEX
8
CUT
10
163.8337
20
74.2145
0
VERTEX
8
CUT
10
165.0568
20
74.1810
0
VERTEX
8
CUT
10
165.0792
20
74.1797
0
VERTEX
8
CUT
10
165.1748
20
74.1656
0
VERTEX
8
CUT
10
165.1965
20
74.1603
0
VERTEX
8
CUT
10
165.6772
20
74.0295
0
VERTEX
8
CUT
10
165.9304
20
73.9745
0
VERTEX
8
CUT
10
166.1879
20
73.9460
0
VERTEX
8
CUT
10
166.4470
20
73.9443
0
VERTEX
8
CUT
10
166.7049
20
73.9694
0
VERTEX
8
CUT
10
166.9588
20
74.0211
0
VERTEX
8
CUT
10
167.2060
20
74.0988
0
VERTEX
8
CUT
10
167.3817
20
74.1642
0
VERTEX
8
CUT
10
167.3975
20
74.1697
0
VERTEX
8
CUT
10
167.4324
20
74.1792
0
VERTEX
8
CUT
10
167.4680
20
74.1824
0
VERTEX
8
CUT
10
167.4849
20
74.1827
0
VERTEX
8
CUT
10
169.1892
20
74.1810
0
VERTEX
8
CUT
10
169.2087
20
74.1805
0
VERTEX
8
CUT
10
169.2924
20
74.1717
0
VERTEX
8
CUT
10
169.3116
20
74.1682
0
VERTEX
8
CUT
10
173.3144
20
73.3213
0
VERTEX
8
CUT
10
173.3196
20
73.3201
0
VERTEX
8
CUT
10
173.3685
20
73.3055
0
VERTEX
8
CUT
10
173.3930
20
73.2957
0
VERTEX
8
CUT
10
173.4144
20
73.2856
0
VERTEX
8
CUT
10
174.4580
20
72.7612
0
VERTEX
8
CUT
10
174.5344
20
72.7192
0
VERTEX
8
CUT
10
174.6076
20
72.6718
0
VERTEX
8
CUT
10
174.9892
20
72.4039
0
VERTEX
8
CUT
10
175.1977
20
72.2724
0
VERTEX
8
CUT
10
175.4182
20
72.1620
0
VERTEX
8
CUT
10
175.6484
20
72.0739
0
VERTEX
8
CUT
10
175.8861
20
72.0089
0
VERTEX
8
CUT
10
176.1292
20
71.9677
0
VERTEX
8
CUT
10
176.3751
20
71.9505
0
VERTEX
8
CUT
10
176.6215
20
71.9577
0
VERTEX
8
CUT
10
176.8659
20
71.9891
0
VERTEX
8
CUT
10
177.1062
20
72.0444
0
VERTEX
8
CUT
10
177.3397
20
72.1231
0
VERTEX
8
CUT
10
177.5645
20
72.2244
0
VERTEX
8
CUT
10
177.7781
20
72.3474
0
VERTEX
8
CUT
10
177.9786
20
72.4908
0
VERTEX
8
CUT
10
178.1640
20
72.6533
0
VERTEX
8
CUT
10
178.3325
20
72.8332
0
VERTEX
8
CUT
10
178.3330
20
72.8339
0
VERTEX
8
CUT
10
178.2549
20
72.8750
0
VERTEX
8
CUT
10
178.1550
20
72.9409
0
VERTEX
8
CUT
10
178.0622
20
73.0165
0
VERTEX
8
CUT
10
177.9774
20
73.1009
0
VERTEX
8
CUT
10
177.9015
20
73.1933
0
VERTEX
8
CUT
10
177.8351
20
73.2928
0
VERTEX
8
CUT
10
177.7789
20
73.3984
0
VERTEX
8
CUT
10
177.7336
20
73.5091
0
VERTEX
8
CUT
10
177.6994
20
73.6238
0
VERTEX
8
CUT
10
177.6769
20
73.7413
0
VERTEX
8
CUT
10
177.6662
20
73.8604
0
VERTEX
8
CUT
10
177.6674
20
73.9801
0
VERTEX
8
CUT
10
177.6805
20
74.0990
0
VERTEX
8
CUT
10
177.6894
20
74.1408
0
VERTEX
8
CUT
10
177.7161
20
74.3056
0
VERTEX
8
CUT
10
177.7241
20
74.4334
0
VERTEX
8
CUT
10
177.7194
20
74.5613
0
VERTEX
8
CUT
10
177.7022
20
74.6882
0
VERTEX
8
CUT
10
177.6725
20
74.8127
0
VERTEX
8
CUT
10
177.6307
20
74.9338
0
VERTEX
8
CUT
10
177.5649
20
75.0770
0
VERTEX
8
CUT
10
175.2028
20
79.6099
0
VERTEX
8
CUT
10
175.1529
20
79.7186
0
VERTEX
8
CUT
10
175.1140
20
79.8319
0
VERTEX
8
CUT
10
175.0866
20
79.9484
0
VERTEX
8
CUT
10
175.0710
20
80.0671
0
VERTEX
8
CUT
10
175.0672
20
80.1867
0
VERTEX
8
CUT
10
175.0754
20
80.3062
0
VERTEX
8
CUT
10
175.0955
20
80.4242
0
VERTEX
8
CUT
10
175.1272
20
80.5396
0
VERTEX
8
CUT
10
175.1703
20
80.6513
0
VERTEX
8
CUT
10
175.2242
20
80.7582
0
VERTEX
8
CUT
10
175.2886
20
80.8591
0
VERTEX
8
CUT
10
175.3627
20
80.9531
0
VERTEX
8
CUT
10
175.4458
20
81.0393
0
VERTEX
8
CUT
10
175.5370
20
81.1168
0
VERTEX
8
CUT
10
175.6355
20
81.1848
0
VERTEX
8
CUT
10
175.7404
20
81.2426
0
VERTEX
8
CUT
10
175.8075
20
81.2714
0
VERTEX
8
CUT
10
175.6759
20
81.5994
0
VERTEX
8
CUT
10
175.6460
20
81.6824
0
VERTEX
8
CUT
10
175.6239
20
81.7511
0
VERTEX
8
CUT
10
175.5999
20
81.8360
0
VERTEX
8
CUT
10
175.1310
20
83.7508
0
VERTEX
8
CUT
10
175.1160
20
83.8209
0
VERTEX
8
CUT
10
175.1119
20
83.8433
0
VERTEX
8
CUT
10
175.0939
20
83.9855
0
VERTEX
8
CUT
10
175.0924
20
84.0082
0
VERTEX
8
CUT
10
175.0896
20
84.0799
0
VERTEX
8
CUT
10
175.0570
20
87.1770
0
VERTEX
8
CUT
10
175.0582
20
87.2461
0
VERTEX
8
CUT
10
175.0592
20
87.2680
0
VERTEX
8
CUT
10
175.0730
20
87.4055
0
VERTEX
8
CUT
10
175.0764
20
87.4272
0
VERTEX
8
CUT
10
175.0890
20
87.4952
0
VERTEX
8
CUT
10
175.3107
20
88.5312
0
VERTEX
8
CUT
10
175.3262
20
88.5953
0
VERTEX
8
CUT
10
175.3317
20
88.6155
0
VERTEX
8
CUT
10
175.3708
20
88.7349
0
VERTEX
8
CUT
10
175.4222
20
88.8496
0
VERTEX
8
CUT
10
175.4318
20
88.8682
0
VERTEX
8
CUT
10
175.4634
20
88.9260
0
VERTEX
8
CUT
10
176.3953
20
90.5264
0
VERTEX
8
CUT
10
176.4235
20
90.5725
0
VERTEX
8
CUT
10
176.4328
20
90.5870
0
VERTEX
8
CUT
10
176.4923
20
90.6714
0
VERTEX
8
CUT
10
176.5588
20
90.7503
0
VERTEX
8
CUT
10
176.5705
20
90.7630
0
VERTEX
8
CUT
10
176.6079
20
90.8020
0
VERTEX
8
CUT
10
177.7609
20
91.9510
0
VERTEX
8
CUT
10
177.8040
20
91.9920
0
VERTEX
8
CUT
10
177.8180
20
92.0047
0
VERTEX
8
CUT
10
177.9100
20
92.0803
0
VERTEX
8
CUT
10
177.9251
20
92.0916
0
VERTEX
8
CUT
10
177.9737
20
92.1261
0
VERTEX
8
CUT
10
179.4259
20
93.1049
0
VERTEX
8
CUT
10
179.4718
20
93.1344
0
VERTEX
8
CUT
10
179.4866
20
93.1435
0
VERTEX
8
CUT
10
179.5821
20
93.1963
0
VERTEX
8
CUT
10
179.5976
20
93.2040
0
VERTEX
8
CUT
10
179.6470
20
93.2273
0
VERTEX
8
CUT
10
181.8908
20
94.2251
0
VERTEX
8
CUT
10
181.9450
20
94.2476
0
VERTEX
8
CUT
10
181.9897
20
94.2651
0
VERTEX
8
CUT
10
182.0449
20
94.2851
0
VERTEX
8
CUT
10
188.7312
20
96.5342
0
VERTEX
8
CUT
10
189.0253
20
96.6545
0
VERTEX
8
CUT
10
196.3283
20
100.1974
0
VERTEX
8
CUT
10
196.3838
20
100.2227
0
VERTEX
8
CUT
10
196.4016
20
100.2303
0
VERTEX
8
CUT
10
196.5108
20
100.2707
0
VERTEX
8
CUT
10
196.6179
20
100.2988
0
VERTEX
8
CUT
10
196.7273
20
100.3163
0
VERTEX
8
CUT
10
196.8379
20
100.3230
0
VERTEX
8
CUT
10
196.9486
20
100.3190
0
VERTEX
8
CUT
10
197.0584
20
100.3042
0
VERTEX
8
CUT
10
197.1662
20
100.2787
0
VERTEX
8
CUT
10
197.2710
20
100.2429
0
VERTEX
8
CUT
10
197.3718
20
100.1970
0
VERTEX
8
CUT
10
197.4677
20
100.1415
0
VERTEX
8
CUT
10
197.5577
20
100.0769
0
VERTEX
8
CUT
10
197.6410
20
100.0039
0
VERTEX
8
CUT
10
197.7168
20
99.9230
0
VERTEX
8
CUT
10
197.7843
20
99.8352
0
VERTEX
8
CUT
10
197.8429
20
99.7412
0
VERTEX
8
CUT
10
197.8921
20
99.6420
0
VERTEX
8
CUT
10
197.9314
20
99.5384
0
VERTEX
8
CUT
10
197.9604
20
99.4315
0
VERTEX
8
CUT
10
197.9788
20
99.3222
0
VERTEX
8
CUT
10
197.9865
20
99.2117
0
VERTEX
8
CUT
10
197.9833
20
99.0954
0
VERTEX
8
CUT
10
197.9818
20
99.0761
0
VERTEX
8
CUT
10
197.9756
20
99.0154
0
VERTEX
8
CUT
10
197.9153
20
98.5377
0
VERTEX
8
CUT
10
197.9038
20
98.4643
0
VERTEX
8
CUT
10
197.8994
20
98.4412
0
VERTEX
8
CUT
10
197.8635
20
98.2973
0
VERTEX
8
CUT
10
197.8565
20
98.2748
0
VERTEX
8
CUT
10
197.8322
20
98.2046
0
VERTEX
8
CUT
10
197.5623
20
97.4948
0
VERTEX
8
CUT
10
197.4923
20
97.2829
0
VERTEX
8
CUT
10
197.4416
20
97.0656
0
VERTEX
8
CUT
10
197.4104
20
96.8446
0
VERTEX
8
CUT
10
197.3991
20
96.6217
0
VERTEX
8
CUT
10
197.3956
20
96.0659
0
VERTEX
8
CUT
10
197.3922
20
96.0046
0
VERTEX
8
CUT
10
197.3383
20
95.9750
0
VERTEX
8
CUT
10
192.6844
20
93.7172
0
VERTEX
8
CUT
10
192.6134
20
93.6855
0
VERTEX
8
CUT
10
192.5404
20
93.6583
0
VERTEX
8
CUT
10
185.4242
20
91.2646
0
VERTEX
8
CUT
10
185.2055
20
91.1794
0
VERTEX
8
CUT
10
182.9416
20
90.1727
0
VERTEX
8
CUT
10
182.7462
20
90.0754
0
VERTEX
8
CUT
10
182.5601
20
89.9614
0
VERTEX
8
CUT
10
181.1743
20
89.0274
0
VERTEX
8
CUT
10
180.9834
20
88.8850
0
VERTEX
8
CUT
10
180.8069
20
88.7251
0
VERTEX
8
CUT
10
179.7555
20
87.6773
0
VERTEX
8
CUT
10
179.6089
20
87.5180
0
VERTEX
8
CUT
10
179.4767
20
87.3466
0
VERTEX
8
CUT
10
179.3598
20
87.1645
0
VERTEX
8
CUT
10
178.5339
20
85.7461
0
VERTEX
8
CUT
10
178.4135
20
85.5117
0
VERTEX
8
CUT
10
178.3184
20
85.2658
0
VERTEX
8
CUT
10
178.2497
20
85.0113
0
VERTEX
8
CUT
10
178.0743
20
84.1918
0
VERTEX
8
CUT
10
178.0315
20
83.9186
0
VERTEX
8
CUT
10
178.0191
20
83.6424
0
VERTEX
8
CUT
10
178.0389
20
81.7596
0
VERTEX
8
CUT
10
178.0512
20
80.5925
0
VERTEX
8
CUT
10
178.0706
20
80.3063
0
VERTEX
8
CUT
10
178.1228
20
80.0242
0
VERTEX
8
CUT
10
178.5803
20
78.1555
0
VERTEX
8
CUT
10
178.6883
20
77.8194
0
VERTEX
8
CUT
10
179.1779
20
76.5986
0
VERTEX
8
CUT
10
179.2812
20
76.3740
0
VERTEX
8
CUT
10
181.0336
20
73.0110
0
VERTEX
8
CUT
10
182.9113
20
69.4075
0
VERTEX
8
CUT
10
183.0301
20
69.2036
0
SEQEND
0
POLYLINE
8
CUT
66
1
70
1
10
0.0
20
0.0
30
0.0
0
VERTEX
8
CUT
10
215.8375
20
260.9763
0
VERTEX
8
CUT
10
215.9622
20
260.7647
0
VERTEX
8
CUT
10
216.1072
20
260.5664
0
VERTEX
8
CUT
10
216.2709
20
260.3833
0
VERTEX
8
CUT
10
216.4518
20
260.2171
0
VERTEX
8
CUT
10
216.6481
20
260.0695
0
VERTEX
8
CUT
10
216.8580
20
259.9418
0
VERTEX
8
CUT
10
217.0793
20
259.8354
0
VERTEX
8
CUT
10
217.3101
20
259.7512
0
VERTEX
8
CUT
10
217.5480
20
259.6900
0
VERTEX
8
CUT
10
217.7908
20
259.6525
0
VERTEX
8
CUT
10
218.0360
20
259.6390
0
VERTEX
8
CUT
10
218.3587
20
259.6371
0
VERTEX
8
CUT
10
218.6046
20
259.6478
0
VERTEX
8
CUT
10
218.8482
20
259.6826
0
VERTEX
8
CUT
10
219.0872
20
259.7411
0
VERTEX
8
CUT
10
219.3193
20
259.8229
0
VERTEX
8
CUT
10
219.5423
20
259.9272
0
VERTEX
8
CUT
10
219.7539
20
260.0528
0
VERTEX
8
CUT
10
219.9521
20
260.1986
0
VERTEX
8
CUT
10
220.1351
20
260.3632
0
VERTEX
8
CUT
10
220.3009
20
260.5450
0
VERTEX
8
CUT
10
220.4481
20
260.7423
0
VERTEX
8
CUT
10
220.5752
20
260.9530
0
VERTEX
8
CUT
10
220.6809
20
261.1752
0
VERTEX
8
CUT
10
220.7643
20
261.4068
0
VERTEX
8
CUT
10
220.8245
20
261.6454
0
VERTEX
8
CUT
10
220.8610
20
261.8888
0
VERTEX
8
CUT
10
220.8734
20
262.1346
0
VERTEX
8
CUT
10
220.8738
20
262.5555
0
VERTEX
8
CUT
10
220.8615
20
262.8056
0
VERTEX
8
CUT
10
220.8242
20
263.0533
0
VERTEX
8
CUT
10
220.7624
20
263.2959
0
VERTEX
8
CUT
10
220.6766
20
263.5312
0
VERTEX
8
CUT
10
220.5677
20
263.7567
0
VERTEX
8
CUT
10
220.4368
20
263.9701
0
VERTEX
8
CUT
10
220.2852
20
264.1694
0
VERTEX
8
CUT
10
220.1144
20
264.3525
0
VERTEX
8
CUT
10
219.9559
20
264.5063
0
VERTEX
8
CUT
10
219.7700
20
264.6696
0
VERTEX
8
CUT
10
219.5688
20
264.8136
0
VERTEX
8
CUT
10
219.3544
20
264.9371
0
VERTEX
8
CUT
10
219.1289
20
265.0388
0
VERTEX
8
CUT
10
218.8944
20
265.1178
0
VERTEX
8
CUT
10
218.6532
20
265.1731
0
VERTEX
8
CUT
10
218.4078
20
265.2043
0
VERTEX
8
CUT
10
218.1605
20
265.2112
0
VERTEX
8
CUT
10
217.9137
20
265.1935
0
VERTEX
8
CUT
10
217.6699
20
265.1515
0
VERTEX
8
CUT
10
217.4314
20
265.0857
0
VERTEX
8
CUT
10
217.2006
20
264.9966
0
VERTEX
8
CUT
10
216.9797
20
264.8851
0
VERTEX
8
CUT
10
216.7709
20
264.7523
0
VERTEX
8
CUT
10
216.7166
20
264.7139
0
VERTEX
8
CUT
10
216.5097
20
264.5504
0
VERTEX
8
CUT
10
216.3212
20
264.3660
0
VERTEX
8
CUT
10
216.1531
20
264.1628
0
VERTEX
8
CUT
10
216.0458
20
264.0181
0
VERTEX
8
CUT
10
215.9007
20
263.7993
0
VERTEX
8
CUT
10
215.7793
20
263.5665
0
VERTEX
8
CUT
10
215.6830
20
263.3222
0
VERTEX
8
CUT
10
215.6128
20
263.0692
0
VERTEX
8
CUT
10
215.5696
20
262.8102
0
VERTEX
8
CUT
10
215.5538
20
262.5481
0
VERTEX
8
CUT
10
215.5507
20
262.1584
0
VERTEX
8
CUT
10
215.5609
20
261.9130
0
VERTEX
8
CUT
10
215.5951
20
261.6697
0
VERTEX
8
CUT
10
215.6530
20
261.4310
0
VERTEX
8
CUT
10
215.7341
20
261.1991
0
SEQEND
0
POLYLINE
8
CUT
66
1
70
1
10
0.0
20
0.0
30
0.0
0
VERTEX
8
CUT
10
145.2819
20
57.6429
0
VERTEX
8
CUT
10
145.2541
20
57.3868
0
VERTEX
8
CUT
10
145.2527
20
57.1291
0
VERTEX
8
CUT
10
145.2779
20
56.8727
0
VERTEX
8
CUT
10
145.3294
20
56.6203
0
VERTEX
8
CUT
10
145.4065
20
56.3745
0
VERTEX
8
CUT
10
145.8661
20
55.1375
0
VERTEX
8
CUT
10
145.9850
20
54.8673
0
VERTEX
8
CUT
10
146.1350
20
54.6131
0
VERTEX
8
CUT
10
147.5402
20
52.5233
0
VERTEX
8
CUT
10
147.6815
20
52.3332
0
VERTEX
8
CUT
10
147.8401
20
52.1574
0
VERTEX
8
CUT
10
148.7726
20
51.2177
0
VERTEX
8
CUT
10
148.9601
20
51.0470
0
VERTEX
8
CUT
10
149.1639
20
50.8961
0
VERTEX
8
CUT
10
158.5531
20
44.6591
0
VERTEX
8
CUT
10
158.5913
20
44.6326
0
VERTEX
8
CUT
10
158.6284
20
44.6047
0
VERTEX
8
CUT
10
162.4802
20
41.5893
0
VERTEX
8
CUT
10
162.4842
20
41.5860
0
VERTEX
8
CUT
10
162.5207
20
41.5525
0
VERTEX
8
CUT
10
162.5380
20
41.5335
0
VERTEX
8
CUT
10
162.5525
20
41.5156
0
VERTEX
8
CUT
10
163.2287
20
40.6383
0
VERTEX
8
CUT
10
163.3816
20
40.4582
0
VERTEX
8
CUT
10
163.5509
20
40.2933
0
VERTEX
8
CUT
10
165.3564
20
38.6934
0
VERTEX
8
CUT
10
165.3604
20
38.6897
0
VERTEX
8
CUT
10
165.4175
20
38.6301
0
VERTEX
8
CUT
10
165.4296
20
38.6158
0
VERTEX
8
CUT
10
168.7701
20
34.4381
0
VERTEX
8
CUT
10
168.7819
20
34.4226
0
VERTEX
8
CUT
10
168.8273
20
34.3519
0
VERTEX
8
CUT
10
168.8366
20
34.3347
0
VERTEX
8
CUT
10
169.4412
20
33.1367
0
VERTEX
8
CUT
10
169.5512
20
32.9412
0
VERTEX
8
CUT
10
169.6782
20
32.7563
0
VERTEX
8
CUT
10
170.7622
20
31.3213
0
VERTEX
8
CUT
10
170.8111
20
31.2514
0
VERTEX
8
CUT
10
170.8549
20
31.1783
0
VERTEX
8
CUT
10
172.4496
20
28.2852
0
VERTEX
8
CUT
10
172.4520
20
28.2806
0
VERTEX
8
CUT
10
172.4850
20
28.2078
0
VERTEX
8
CUT
10
172.4914
20
28.1908
0
VERTEX
8
CUT
10
172.7712
20
27.3952
0
VERTEX
8
CUT
10
172.8867
20
27.1203
0
VERTEX
8
CUT
10
173.0341
20
26.8610
0
VERTEX
8
CUT
10
174.1208
20
25.1909
0
VERTEX
8
CUT
10
174.1297
20
25.1766
0
VERTEX
8
CUT
10
174.1638
20
25.1123
0
VERTEX
8
CUT
10
174.1706
20
25.0969
0
VERTEX
8
CUT
10
174.9886
20
23.1503
0
VERTEX
8
CUT
10
175.0668
20
22.9820
0
VERTEX
8
CUT
10
175.1572
20
22.8201
0
VERTEX
8
CUT
10
176.0083
20
21.4201
0
VERTEX
8
CUT
10
176.0180
20
21.4032
0
VERTEX
8
CUT
10
176.0540
20
21.3273
0
VERTEX
8
CUT
10
176.0609
20
21.3091
0
VERTEX
8
CUT
10
176.6318
20
19.6912
0
VERTEX
8
CUT
10
176.7149
20
19.4854
0
VERTEX
8
CUT
10
176.8159
20
19.2877
0
VERTEX
8
CUT
10
176.9341
20
19.0998
0
VERTEX
8
CUT
10
181.6034
20
12.3574
0
VERTEX
8
CUT
10
181.7912
20
12.1186
0
VERTEX
8
CUT
10
182.0066
20
11.9044
0
VERTEX
8
CUT
10
183.5231
20
10.5691
0
VERTEX
8
CUT
10
183.5836
20
10.5120
0
VERTEX
8
CUT
10
183.6400
20
10.4508
0
VERTEX
8
CUT
10
184.9840
20
8.8847
0
VERTEX
8
CUT
10
185.1525
20
8.7068
0
VERTEX
8
CUT
10
185.3376
20
8.5463
0
VERTEX
8
CUT
10
185.5375
20
8.4046
0
VERTEX
8
CUT
10
185.7503
20
8.2832
0
VERTEX
8
CUT
10
185.9740
20
8.1833
0
VERTEX
8
CUT
10
186.2064
20
8.1057
0
VERTEX
8
CUT
10
186.4452
20
8.0512
0
VERTEX
8
CUT
10
186.6883
20
8.0203
0
VERTEX
8
CUT
10
186.9332
20
8.0134
0
VERTEX
8
CUT
10
205.1482
20
8.3927
0
VERTEX
8
CUT
10
205.2040
20
8.3945
0
VERTEX
8
CUT
10
214.2703
20
8.7861
0
VERTEX
8
CUT
10
214.3248
20
8.7890
0
VERTEX
8
CUT
10
216.8103
20
8.9507
0
VERTEX
8
CUT
10
217.0532
20
8.9785
0
VERTEX
8
CUT
10
217.2922
20
9.0299
0
VERTEX
8
CUT
10
217.5250
20
9.1044
0
VERTEX
8
CUT
10
217.7495
20
9.2012
0
VERTEX
8
CUT
10
217.9634
20
9.3195
0
VERTEX
8
CUT
10
218.1648
20
9.4582
0
VERTEX
8
CUT
10
218.3516
20
9.6158
0
VERTEX
8
CUT
10
218.5222
20
9.7910
0
VERTEX
8
CUT
10
218.6748
20
9.9819
0
VERTEX
8
CUT
10
218.8080
20
10.1869
0
VERTEX
8
CUT
10
218.9206
20
10.4039
0
VERTEX
8
CUT
10
219.0115
20
10.6308
0
VERTEX
8
CUT
10
219.0798
20
10.8656
0
VERTEX
8
CUT
10
219.1248
20
11.1058
0
VERTEX
8
CUT
10
219.1461
20
11.3494
0
VERTEX
8
CUT
10
219.1436
20
11.5938
0
VERTEX
8
CUT
10
219.1171
20
11.8369
0
VERTEX
8
CUT
10
219.0671
20
12.0761
0
VERTEX
8
CUT
10
218.9939
20
12.3094
0
VERTEX
8
CUT
10
218.8984
20
12.5344
0
VERTEX
8
CUT
10
218.7812
20
12.7490
0
VERTEX
8
CUT
10
218.6437
20
12.9511
0
VERTEX
8
CUT
10
218.4871
20
13.1388
0
VERTEX
8
CUT
10
218.3129
20
13.3104
0
VERTEX
8
CUT
10
218.1228
20
13.4641
0
VERTEX
8
CUT
10
217.9186
20
13.5985
0
VERTEX
8
CUT
10
217.7023
20
13.7123
0
VERTEX
8
CUT
10
217.4758
20
13.8044
0
VERTEX
8
CUT
10
217.2415
20
13.8740
0
VERTEX
8
CUT
10
217.0015
20
13.9204
0
VERTEX
8
CUT
10
216.7580
20
13.9430
0
VERTEX
8
CUT
10
216.1526
20
13.9697
0
VERTEX
8
CUT
10
216.1473
20
13.9701
0
VERTEX
8
CUT
10
216.0967
20
13.9765
0
VERTEX
8
CUT
10
216.0710
20
13.9821
0
VERTEX
8
CUT
10
216.0482
20
13.9885
0
VERTEX
8
CUT
10
214.7409
20
14.3942
0
VERTEX
8
CUT
10
214.4613
20
14.4636
0
VERTEX
8
CUT
10
214.1757
20
14.5003
0
VERTEX
8
CUT
10
213.5524
20
14.5443
0
VERTEX
8
CUT
10
213.5333
20
14.5461
0
VERTEX
8
CUT
10
213.4928
20
14.5531
0
VERTEX
8
CUT
10
213.4532
20
14.5643
0
VERTEX
8
CUT
10
213.4352
20
14.5708
0
VERTEX
8
CUT
10
212.4347
20
14.9657
0
VERTEX
8
CUT
10
212.1019
20
15.0708
0
VERTEX
8
CUT
10
208.5263
20
15.9313
0
VERTEX
8
CUT
10
208.4647
20
15.9478
0
VERTEX
8
CUT
10
208.4041
20
15.9677
0
VERTEX
8
CUT
10
200.7625
20
18.6982
0
VERTEX
8
CUT
10
200.7061
20
18.7200
0
VERTEX
8
CUT
10
200.6509
20
18.7446
0
VERTEX
8
CUT
10
194.3130
20
21.7636
0
VERTEX
8
CUT
10
194.2772
20
21.7814
0
VERTEX
8
CUT
10
194.2421
20
21.8004
0
VERTEX
8
CUT
10
191.8152
20
23.1627
0
VERTEX
8
CUT
10
191.7753
20
23.1862
0
VERTEX
8
CUT
10
191.7362
20
23.2112
0
VERTEX
8
CUT
10
186.7837
20
26.5218
0
VERTEX
8
CUT
10
186.7383
20
26.5537
0
VERTEX
8
CUT
10
186.6944
20
26.5877
0
VERTEX
8
CUT
10
183.7954
20
28.9433
0
VERTEX
8
CUT
10
183.7479
20
28.9841
0
VERTEX
8
CUT
10
183.7025
20
29.0273
0
VERTEX
8
CUT
10
178.3397
20
34.4120
0
VERTEX
8
CUT
10
178.2870
20
34.4685
0
VERTEX
8
CUT
10
178.2380
20
34.5282
0
VERTEX
8
CUT
10
175.6297
20
37.9328
0
VERTEX
8
CUT
10
175.5967
20
37.9780
0
VERTEX
8
CUT
10
175.5659
20
38.0248
0
VERTEX
8
CUT
10
172.7888
20
42.4565
0
VERTEX
8
CUT
10
172.7644
20
42.4971
0
VERTEX
8
CUT
10
172.7417
20
42.5386
0
VERTEX
8
CUT
10
169.9381
20
47.9187
0
VERTEX
8
CUT
10
169.8759
20
48.0311
0
VERTEX
8
CUT
10
167.1700
20
52.6305
0
VERTEX
8
CUT
10
167.0592
20
52.8024
0
VERTEX
8
CUT
10
165.1598
20
55.4993
0
VERTEX
8
CUT
10
165.0617
20
55.6293
0
VERTEX
8
CUT
10
162.8712
20
58.3452
0
VERTEX
8
CUT
10
162.7323
20
58.5033
0
VERTEX
8
CUT
10
162.5806
20
58.6491
0
VERTEX
8
CUT
10
160.0496
20
60.8855
0
VERTEX
8
CUT
10
159.7929
20
61.0842
0
VERTEX
8
CUT
10
157.5413
20
62.6041
0
VERTEX
8
CUT
10
157.2644
20
62.7662
0
VERTEX
8
CUT
10
155.9626
20
63.4198
0
VERTEX
8
CUT
10
155.6329
20
63.5568
0
VERTEX
8
CUT
10
154.4305
20
63.9584
0
VERTEX
8
CUT
10
154.2138
20
64.0201
0
VERTEX
8
CUT
10
153.9925
20
64.0620
0
VERTEX
8
CUT
10
153.7683
20
64.0839
0
VERTEX
8
CUT
10
152.9937
20
64.1242
0
VERTEX
8
CUT
10
152.9711
20
64.1260
0
VERTEX
8
CUT
10
152.8745
20
64.1429
0
VERTEX
8
CUT
10
152.8526
20
64.1488
0
VERTEX
8
CUT
10
152.4792
20
64.2618
0
VERTEX
8
CUT
10
152.2222
20
64.3249
0
VERTEX
8
CUT
10
151.9599
20
64.3605
0
VERTEX
8
CUT
10
151.6954
20
64.3681
0
VERTEX
8
CUT
10
151.3601
20
64.3601
0
VERTEX
8
CUT
10
151.1175
20
64.3424
0
VERTEX
8
CUT
10
150.8777
20
64.3013
0
VERTEX
8
CUT
10
150.6431
20
64.2370
0
VERTEX
8
CUT
10
148.8679
20
63.6565
0
VERTEX
8
CUT
10
148.6178
20
63.5596
0
VERTEX
8
CUT
10
148.3795
20
63.4364
0
VERTEX
8
CUT
10
148.1558
20
63.2885
0
VERTEX
8
CUT
10
146.8773
20
62.3404
0
VERTEX
8
CUT
10
146.6798
20
62.1776
0
VERTEX
8
CUT
10
146.4999
20
61.9955
0
VERTEX
8
CUT
10
146.3397
20
61.7959
0
VERTEX
8
CUT
10
146.1726
20
61.5646
0
VERTEX
8
CUT
10
146.0580
20
61.3911
0
VERTEX
8
CUT
10
145.9581
20
61.2086
0
VERTEX
8
CUT
10
145.8738
20
61.0185
0
VERTEX
8
CUT
10
145.4193
20
59.8665
0
VERTEX
8
CUT
10
145.3436
20
59.6448
0
VERTEX
8
CUT
10
145.2890
20
59.4169
0
VERTEX
8
CUT
10
145.2559
20
59.1850
0
VERTEX
8
CUT
10
145.2448
20
58.9510
0
VERTEX
8
CUT
10
145.2555
20
58.7169
0
VERTEX
8
CUT
10
145.2882
20
58.4849
0
VERTEX
8
CUT
10
145.3424
20
58.2570
0
VERTEX
8
CUT
10
145.3745
20
58.1455
0
VERTEX
8
CUT
10
145.3788
20
58.1292
0
VERTEX
8
CUT
10
145.3857
20
58.0935
0
VERTEX
8
CUT
10
145.3795
20
58.0581
0
VERTEX
8
CUT
10
145.3754
20
58.0414
0
VERTEX
8
CUT
10
145.3360
20
57.8948
0
SEQEND
0
POLYLINE
8
CUT
66
1
70
1
10
0.0
20
0.0
30
0.0
0
VERTEX
8
CUT
10
195.5167
20
252.0458
0
VERTEX
8
CUT
10
195.6065
20
251.8285
0
VERTEX
8
CUT
10
195.7162
20
251.6206
0
VERTEX
8
CUT
10
195.8451
20
251.4239
0
VERTEX
8
CUT
10
196.5761
20
250.4150
0
VERTEX
8
CUT
10
196.5867
20
250.3996
0
VERTEX
8
CUT
10
196.6063
20
250.3662
0
VERTEX
8
CUT
10
196.6227
20
250.3312
0
VERTEX
8
CUT
10
196.6295
20
250.3137
0
VERTEX
8
CUT
10
196.8104
20
249.8085
0
VERTEX
8
CUT
10
196.9019
20
249.5870
0
VERTEX
8
CUT
10
197.0143
20
249.3753
0
VERTEX
8
CUT
10
197.1463
20
249.1753
0
VERTEX
8
CUT
10
197.2970
20
248.9888
0
VERTEX
8
CUT
10
197.4648
20
248.8176
0
VERTEX
8
CUT
10
197.6482
20
248.6633
0
VERTEX
8
CUT
10
197.8456
20
248.5273
0
VERTEX
8
CUT
10
198.0551
20
248.4108
0
VERTEX
8
CUT
10
198.2748
20
248.3149
0
VERTEX
8
CUT
10
198.8187
20
248.1079
0
VERTEX
8
CUT
10
199.0399
20
248.0353
0
VERTEX
8
CUT
10
199.2669
20
247.9836
0
VERTEX
8
CUT
10
199.4977
20
247.9532
0
VERTEX
8
CUT
10
199.7304
20
247.9445
0
VERTEX
8
CUT
10
199.9996
20
247.9469
0
VERTEX
8
CUT
10
200.2905
20
247.9665
0
VERTEX
8
CUT
10
200.5771
20
248.0198
0
VERTEX
8
CUT
10
201.2516
20
248.1866
0
VERTEX
8
CUT
10
201.5309
20
248.2732
0
VERTEX
8
CUT
10
201.7980
20
248.3919
0
VERTEX
8
CUT
10
202.3887
20
248.6966
0
VERTEX
8
CUT
10
202.5855
20
248.8098
0
VERTEX
8
CUT
10
202.7712
20
248.9403
0
VERTEX
8
CUT
10
202.9443
20
249.0871
0
VERTEX
8
CUT
10
203.4947
20
249.5987
0
VERTEX
8
CUT
10
203.6478
20
249.7540
0
VERTEX
8
CUT
10
203.7868
20
249.9220
0
VERTEX
8
CUT
10
205.4949
20
252.1810
0
VERTEX
8
CUT
10
205.6315
20
252.3811
0
VERTEX
8
CUT
10
205.7481
20
252.5935
0
VERTEX
8
CUT
10
206.2573
20
253.6381
0
VERTEX
8
CUT
10
206.3485
20
253.8495
0
VERTEX
8
CUT
10
206.4199
20
254.0685
0
VERTEX
8
CUT
10
206.4709
20
254.2930
0
VERTEX
8
CUT
10
206.5010
20
254.5213
0
VERTEX
8
CUT
10
206.5099
20
254.7514
0
VERTEX
8
CUT
10
206.5005
20
256.0593
0
VERTEX
8
CUT
10
206.4861
20
256.3099
0
VERTEX
8
CUT
10
206.4466
20
256.5579
0
VERTEX
8
CUT
10
206.3825
20
256.8006
0
VERTEX
8
CUT
10
206.2943
20
257.0357
0
VERTEX
8
CUT
10
206.1830
20
257.2607
0
VERTEX
8
CUT
10
206.0497
20
257.4735
0
VERTEX
8
CUT
10
205.8957
20
257.6718
0
VERTEX
8
CUT
10
205.7226
20
257.8536
0
VERTEX
8
CUT
10
205.5321
20
258.0172
0
VERTEX
8
CUT
10
205.3262
20
258.1609
0
VERTEX
8
CUT
10
204.6501
20
258.5837
0
VERTEX
8
CUT
10
204.4102
20
258.7160
0
VERTEX
8
CUT
10
204.1572
20
258.8213
0
VERTEX
8
CUT
10
203.8943
20
258.8983
0
VERTEX
8
CUT
10
203.6245
20
258.9460
0
VERTEX
8
CUT
10
203.4066
20
258.9724
0
VERTEX
8
CUT
10
203.3857
20
258.9755
0
VERTEX
8
CUT
10
203.3432
20
258.9853
0
VERTEX
8
CUT
10
203.3020
20
258.9996
0
VERTEX
8
CUT
10
203.2826
20
259.0081
0
VERTEX
8
CUT
10
202.7727
20
259.2484
0
VERTEX
8
CUT
10
202.5654
20
259.3349
0
VERTEX
8
CUT
10
202.3512
20
259.4025
0
VERTEX
8
CUT
10
202.1318
20
259.4505
0
VERTEX
8
CUT
10
201.9090
20
259.4787
0
VERTEX
8
CUT
10
201.6845
20
259.4868
0
VERTEX
8
CUT
10
201.5154
20
259.4853
0
VERTEX
8
CUT
10
201.2245
20
259.4657
0
VERTEX
8
CUT
10
200.9379
20
259.4123
0
VERTEX
8
CUT
10
200.2915
20
259.2525
0
VERTEX
8
CUT
10
200.0862
20
259.1923
0
VERTEX
8
CUT
10
199.8867
20
259.1148
0
VERTEX
8
CUT
10
199.6947
20
259.0205
0
VERTEX
8
CUT
10
199.0504
20
258.6692
0
VERTEX
8
CUT
10
198.8435
20
258.5430
0
VERTEX
8
CUT
10
198.6498
20
258.3974
0
VERTEX
8
CUT
10
198.4711
20
258.2337
0
VERTEX
8
CUT
10
196.4440
20
256.1872
0
VERTEX
8
CUT
10
196.2732
20
255.9962
0
VERTEX
8
CUT
10
196.1229
20
255.7886
0
VERTEX
8
CUT
10
195.9946
20
255.5667
0
VERTEX
8
CUT
10
195.7869
20
255.1608
0
VERTEX
8
CUT
10
195.6965
20
254.9635
0
VERTEX
8
CUT
10
195.6236
20
254.7591
0
VERTEX
8
CUT
10
195.5686
20
254.5491
0
VERTEX
8
CUT
10
195.5321
20
254.3352
0
VERTEX
8
CUT
10
195.3893
20
253.2039
0
VERTEX
8
CUT
10
195.3708
20
252.9695
0
VERTEX
8
CUT
10
195.3745
20
252.7344
0
VERTEX
8
CUT
10
195.4002
20
252.5008
0
VERTEX
8
CUT
10
195.4477
20
252.2705
0
SEQEND
0
POLYLINE
8
CUT
66
1
70
1
10
0.0
20
0.0
30
0.0
0
VERTEX
8
CUT
10
164.8714
20
145.4178
0
VERTEX
8
CUT
10
164.9038
20
145.2121
0
VERTEX
8
CUT
10
164.9531
20
145.0098
0
VERTEX
8
CUT
10
165.6547
20
142.5789
0
VERTEX
8
CUT
10
165.6601
20
142.5580
0
VERTEX
8
CUT
10
165.6754
20
142.4697
0
VERTEX
8
CUT
10
165.6774
20
142.4482
0
VERTEX
8
CUT
10
165.7212
20
141.7535
0
VERTEX
8
CUT
10
165.7457
20
141.5286
0
VERTEX
8
CUT
10
165.7904
20
141.3068
0
VERTEX
8
CUT
10
166.2992
20
139.2636
0
VERTEX
8
CUT
10
166.3546
20
139.0737
0
VERTEX
8
CUT
10
166.8951
20
137.4600
0
VERTEX
8
CUT
10
166.9900
20
137.2189
0
VERTEX
8
CUT
10
168.3230
20
134.2887
0
VERTEX
8
CUT
10
168.4313
20
134.0777
0
VERTEX
8
CUT
10
169.4931
20
132.2311
0
VERTEX
8
CUT
10
169.6357
20
132.0108
0
VERTEX
8
CUT
10
170.9134
20
130.2466
0
VERTEX
8
CUT
10
171.0333
20
130.0939
0
VERTEX
8
CUT
10
171.1647
20
129.9510
0
VERTEX
8
CUT
10
174.2499
20
126.8459
0
VERTEX
8
CUT
10
174.4028
20
126.7043
0
VERTEX
8
CUT
10
174.5670
20
126.5760
0
VERTEX
8
CUT
10
177.3128
20
124.6080
0
VERTEX
8
CUT
10
177.4781
20
124.4992
0
VERTEX
8
CUT
10
177.6515
20
124.4038
0
VERTEX
8
CUT
10
178.7938
20
123.8329
0
VERTEX
8
CUT
10
178.8298
20
123.8126
0
VERTEX
8
CUT
10
179.0026
20
123.7285
0
VERTEX
8
CUT
10
179.0042
20
123.7278
0
VERTEX
8
CUT
10
179.0043
20
123.7277
0
VERTEX
8
CUT
10
179.0047
20
123.7275
0
VERTEX
8
CUT
10
179.0061
20
123.7268
0
VERTEX
8
CUT
10
180.7879
20
122.8363
0
VERTEX
8
CUT
10
180.9769
20
122.7515
0
VERTEX
8
CUT
10
181.1723
20
122.6825
0
VERTEX
8
CUT
10
184.5252
20
121.6540
0
VERTEX
8
CUT
10
184.8201
20
121.5828
0
VERTEX
8
CUT
10
185.1214
20
121.5478
0
VERTEX
8
CUT
10
185.6817
20
121.5171
0
VERTEX
8
CUT
10
185.7032
20
121.5154
0
VERTEX
8
CUT
10
185.7471
20
121.5081
0
VERTEX
8
CUT
10
185.7899
20
121.4961
0
VERTEX
8
CUT
10
185.8102
20
121.4887
0
VERTEX
8
CUT
10
185.9359
20
121.4382
0
VERTEX
8
CUT
10
186.1480
20
121.3641
0
VERTEX
8
CUT
10
186.3659
20
121.3092
0
VERTEX
8
CUT
10
186.5879
20
121.2742
0
VERTEX
8
CUT
10
186.8121
20
121.2592
0
VERTEX
8
CUT
10
188.5643
20
121.2212
0
VERTEX
8
CUT
10
188.5846
20
121.2203
0
VERTEX
8
CUT
10
188.6262
20
121.2151
0
VERTEX
8
CUT
10
188.6671
20
121.2056
0
VERTEX
8
CUT
10
188.6864
20
121.1996
0
VERTEX
8
CUT
10
188.9523
20
121.1088
0
VERTEX
8
CUT
10
189.2177
20
121.0342
0
VERTEX
8
CUT
10
189.4897
20
120.9893
0
VERTEX
8
CUT
10
189.7649
20
120.9746
0
VERTEX
8
CUT
10
191.1468
20
120.9771
0
VERTEX
8
CUT
10
191.3911
20
120.9895
0
VERTEX
8
CUT
10
191.6330
20
121.0257
0
VERTEX
8
CUT
10
191.8702
20
121.0854
0
VERTEX
8
CUT
10
192.1004
20
121.1680
0
VERTEX
8
CUT
10
192.3214
20
121.2727
0
VERTEX
8
CUT
10
192.5312
20
121.3984
0
VERTEX
8
CUT
10
192.7277
20
121.5441
0
VERTEX
8
CUT
10
192.9090
20
121.7083
0
VERTEX
8
CUT
10
193.0733
20
121.8894
0
VERTEX
8
CUT
10
193.2192
20
122.0857
0
VERTEX
8
CUT
10
193.3453
20
122.2953
0
VERTEX
8
CUT
10
193.4502
20
122.5162
0
VERTEX
8
CUT
10
193.5331
20
122.7463
0
VERTEX
8
CUT
10
193.5930
20
122.9834
0
VERTEX
8
CUT
10
193.6295
20
123.2253
0
VERTEX
8
CUT
10
193.6422
20
123.4695
0
VERTEX
8
CUT
10
193.6310
20
123.7138
0
VERTEX
8
CUT
10
193.5960
20
123.9559
0
VERTEX
8
CUT
10
193.5375
20
124.1934
0
VERTEX
8
CUT
10
193.4560
20
124.4240
0
VERTEX
8
CUT
10
193.3524
20
124.6455
0
VERTEX
8
CUT
10
193.2277
20
124.8559
0
VERTEX
8
CUT
10
193.0830
20
125.0531
0
VERTEX
8
CUT
10
192.9197
20
125.2352
0
VERTEX
8
CUT
10
192.7394
20
125.4004
0
VERTEX
8
CUT
10
192.5438
20
125.5473
0
VERTEX
8
CUT
10
192.3348
20
125.6743
0
VERTEX
8
CUT
10
192.1144
20
125.7803
0
VERTEX
8
CUT
10
191.8847
20
125.8643
0
VERTEX
8
CUT
10
191.6479
20
125.9254
0
VERTEX
8
CUT
10
191.5760
20
125.9403
0
VERTEX
8
CUT
10
191.5580
20
125.9444
0
VERTEX
8
CUT
10
191.5220
20
125.9555
0
VERTEX
8
CUT
10
191.4948
20
125.9816
0
VERTEX
8
CUT
10
191.4824
20
125.9952
0
VERTEX
8
CUT
10
191.1615
20
126.3666
0
VERTEX
8
CUT
10
191.1483
20
126.3826
0
VERTEX
8
CUT
10
191.1241
20
126.4175
0
VERTEX
8
CUT
10
191.1162
20
126.4593
0
VERTEX
8
CUT
10
191.1140
20
126.4798
0
VERTEX
8
CUT
10
191.0585
20
127.1727
0
VERTEX
8
CUT
10
191.0575
20
127.1904
0
VERTEX
8
CUT
10
191.0579
20
127.2271
0
VERTEX
8
CUT
10
191.0681
20
127.2626
0
VERTEX
8
CUT
10
191.0740
20
127.2789
0
VERTEX
8
CUT
10
191.5374
20
128.4718
0
VERTEX
8
CUT
10
191.6350
20
128.7814
0
VERTEX
8
CUT
10
191.8377
20
129.6077
0
VERTEX
8
CUT
10
191.8842
20
129.8474
0
VERTEX
8
CUT
10
191.9071
20
130.0906
0
VERTEX
8
CUT
10
191.9489
20
131.0169
0
VERTEX
8
CUT
10
191.9501
20
131.0347
0
VERTEX
8
CUT
10
191.9550
20
131.0711
0
VERTEX
8
CUT
10
191.9663
20
131.1057
0
VERTEX
8
CUT
10
191.9729
20
131.1223
0
VERTEX
8
CUT
10
191.9787
20
131.1358
0
VERTEX
8
CUT
10
192.0662
20
131.3730
0
VERTEX
8
CUT
10
192.1292
20
131.6178
0
VERTEX
8
CUT
10
192.1672
20
131.8678
0
VERTEX
8
CUT
10
192.1798
20
132.1203
0
VERTEX
8
CUT
10
192.1777
20
134.5139
0
VERTEX
8
CUT
10
192.1640
20
134.7732
0
VERTEX
8
CUT
10
192.1235
20
135.0296
0
VERTEX
8
CUT
10
191.3663
20
138.6057
0
VERTEX
8
CUT
10
191.3132
20
138.8124
0
VERTEX
8
CUT
10
191.2427
20
139.0137
0
VERTEX
8
CUT
10
191.1553
20
139.2084
0
VERTEX
8
CUT
10
189.6375
20
142.2357
0
VERTEX
8
CUT
10
189.5467
20
142.4008
0
VERTEX
8
CUT
10
189.4438
20
142.5587
0
VERTEX
8
CUT
10
187.8393
20
144.8273
0
VERTEX
8
CUT
10
187.8286
20
144.8433
0
VERTEX
8
CUT
10
187.8092
20
144.8774
0
VERTEX
8
CUT
10
187.8127
20
144.8976
0
VERTEX
8
CUT
10
187.8559
20
145.0869
0
VERTEX
8
CUT
10
187.8867
20
145.3238
0
VERTEX
8
CUT
10
187.8947
20
145.5626
0
VERTEX
8
CUT
10
187.8798
20
145.8011
0
VERTEX
8
CUT
10
187.8423
20
146.0370
0
VERTEX
8
CUT
10
187.7824
20
146.2683
0
VERTEX
8
CUT
10
187.7007
20
146.4929
0
VERTEX
8
CUT
10
187.5979
20
146.7086
0
VERTEX
8
CUT
10
187.4750
20
146.9135
0
VERTEX
8
CUT
10
187.3331
20
147.1057
0
VERTEX
8
CUT
10
187.1735
20
147.2835
0
VERTEX
8
CUT
10
186.9977
20
147.4453
0
VERTEX
8
CUT
10
186.8072
20
147.5896
0
VERTEX
8
CUT
10
186.6038
20
147.7150
0
VERTEX
8
CUT
10
186.3894
20
147.8204
0
VERTEX
8
CUT
10
186.1659
20
147.9048
0
VERTEX
8
CUT
10
185.9354
20
147.9676
0
VERTEX
8
CUT
10
185.6999
20
148.0080
0
VERTEX
8
CUT
10
185.4616
20
148.0258
0
VERTEX
8
CUT
10
184.3169
20
148.0563
0
VERTEX
8
CUT
10
184.2985
20
148.0573
0
VERTEX
8
CUT
10
184.2225
20
148.0664
0
VERTEX
8
CUT
10
184.2044
20
148.0699
0
VERTEX
8
CUT
10
183.3440
20
148.2555
0
VERTEX
8
CUT
10
183.0880
20
148.2970
0
VERTEX
8
CUT
10
182.8292
20
148.3117
0
VERTEX
8
CUT
10
173.7574
20
148.3571
0
VERTEX
8
CUT
10
173.7522
20
148.3572
0
VERTEX
8
CUT
10
173.6754
20
148.3633
0
VERTEX
8
CUT
10
173.6574
20
148.3658
0
VERTEX
8
CUT
10
171.8410
20
148.6620
0
VERTEX
8
CUT
10
171.8235
20
148.6653
0
VERTEX
8
CUT
10
171.7877
20
148.6745
0
VERTEX
8
CUT
10
171.7528
20
148.6869
0
VERTEX
8
CUT
10
171.7369
20
148.6938
0
VERTEX
8
CUT
10
168.4860
20
150.1888
0
VERTEX
8
CUT
10
168.4710
20
150.1961
0
VERTEX
8
CUT
10
168.3493
20
150.2650
0
VERTEX
8
CUT
10
168.3492
20
150.2649
0
VERTEX
8
CUT
10
168.3005
20
150.2948
0
VERTEX
8
CUT
10
168.0824
20
150.4011
0
VERTEX
8
CUT
10
167.8550
20
150.4858
0
VERTEX
8
CUT
10
167.6205
20
150.5481
0
VERTEX
8
CUT
10
167.3810
20
150.5873
0
VERTEX
8
CUT
10
167.1389
20
150.6032
0
VERTEX
8
CUT
10
166.8963
20
150.5955
0
VERTEX
8
CUT
10
166.6557
20
150.5643
0
VERTEX
8
CUT
10
166.4192
20
150.5099
0
VERTEX
8
CUT
10
166.1891
20
150.4328
0
VERTEX
8
CUT
10
165.9676
20
150.3338
0
VERTEX
8
CUT
10
165.7567
20
150.2138
0
VERTEX
8
CUT
10
165.5584
20
150.0740
0
VERTEX
8
CUT
10
165.3746
20
149.9155
0
VERTEX
8
CUT
10
165.2070
20
149.7400
0
VERTEX
8
CUT
10
165.0573
20
149.5490
0
VERTEX
8
CUT
10
164.9268
20
149.3445
0
VERTEX
8
CUT
10
164.8167
20
149.1282
0
VERTEX
8
CUT
10
164.7281
20
148.9023
0
VERTEX
8
CUT
10
164.6618
20
148.6689
0
VERTEX
8
CUT
10
164.6184
20
148.4302
0
VERTEX
8
CUT
10
164.5985
20
148.1883
0
VERTEX
8
CUT
10
164.6020
20
147.9457
0
VERTEX
8
CUT
10
164.6291
20
147.7045
0
VERTEX
8
CUT
10
164.6794
20
147.4672
0
VERTEX
8
CUT
10
164.7524
20
147.2358
0
VERTEX
8
CUT
10
164.7883
20
147.1388
0
VERTEX
8
CUT
10
164.7952
20
147.1186
0
VERTEX
8
CUT
10
164.8060
20
147.0758
0
VERTEX
8
CUT
10
164.8121
20
147.0322
0
VERTEX
8
CUT
10
164.8133
20
147.0108
0
VERTEX
8
CUT
10
164.8563
20
145.6254
0
SEQEND
0
POLYLINE
8
CUT
66
1
70
1
10
0.0
20
0.0
30
0.0
0
VERTEX
8
CUT
10
185.0576
20
269.6995
0
VERTEX
8
CUT
10
185.1752
20
269.6146
0
VERTEX
8
CUT
10
185.3743
20
269.4849
0
VERTEX
8
CUT
10
185.5849
20
269.3746
0
VERTEX
8
CUT
10
185.8050
20
269.2848
0
VERTEX
8
CUT
10
186.0326
20
269.2163
0
VERTEX
8
CUT
10
186.1864
20
269.1779
0
VERTEX
8
CUT
10
186.4269
20
269.1302
0
VERTEX
8
CUT
10
186.6710
20
269.1063
0
VERTEX
8
CUT
10
186.9162
20
269.1065
0
VERTEX
8
CUT
10
187.1602
20
269.1307
0
VERTEX
8
CUT
10
187.4006
20
269.1786
0
VERTEX
8
CUT
10
187.6352
20
269.2499
0
VERTEX
8
CUT
10
187.8617
20
269.3438
0
VERTEX
8
CUT
10
188.0780
20
269.4595
0
VERTEX
8
CUT
10
188.2818
20
269.5957
0
VERTEX
8
CUT
10
188.6822
20
269.8929
0
VERTEX
8
CUT
10
188.8841
20
270.0597
0
VERTEX
8
CUT
10
189.0674
20
270.2468
0
VERTEX
8
CUT
10
189.2301
20
270.4521
0
VERTEX
8
CUT
10
189.3705
20
270.6732
0
VERTEX
8
CUT
10
189.4135
20
270.7495
0
VERTEX
8
CUT
10
189.5195
20
270.9602
0
VERTEX
8
CUT
10
189.6051
20
271.1801
0
VERTEX
8
CUT
10
189.6697
20
271.4070
0
VERTEX
8
CUT
10
189.7126
20
271.6390
0
VERTEX
8
CUT
10
189.7334
20
271.8740
0
VERTEX
8
CUT
10
189.7319
20
272.1099
0
VERTEX
8
CUT
10
189.7083
20
272.3447
0
VERTEX
8
CUT
10
189.6411
20
272.7962
0
VERTEX
8
CUT
10
189.5961
20
273.0247
0
VERTEX
8
CUT
10
189.5301
20
273.2480
0
VERTEX
8
CUT
10
189.4436
20
273.4642
0
VERTEX
8
CUT
10
189.3374
20
273.6714
0
VERTEX
8
CUT
10
189.2123
20
273.8678
0
VERTEX
8
CUT
10
189.0695
20
274.0517
0
VERTEX
8
CUT
10
188.9102
20
274.2216
0
VERTEX
8
CUT
10
188.7219
20
274.4045
0
VERTEX
8
CUT
10
188.5304
20
274.5724
0
VERTEX
8
CUT
10
188.3228
20
274.7200
0
VERTEX
8
CUT
10
188.1012
20
274.8457
0
VERTEX
8
CUT
10
188.0241
20
274.8844
0
VERTEX
8
CUT
10
187.8083
20
274.9802
0
VERTEX
8
CUT
10
187.5845
20
275.0552
0
VERTEX
8
CUT
10
187.3546
20
275.1088
0
VERTEX
8
CUT
10
187.1207
20
275.1405
0
VERTEX
8
CUT
10
186.8849
20
275.1499
0
VERTEX
8
CUT
10
186.6492
20
275.1371
0
VERTEX
8
CUT
10
186.4157
20
275.1021
0
VERTEX
8
CUT
10
186.1866
20
275.0452
0
VERTEX
8
CUT
10
185.9639
20
274.9670
0
VERTEX
8
CUT
10
185.7496
20
274.8681
0
VERTEX
8
CUT
10
185.6499
20
274.8162
0
VERTEX
8
CUT
10
185.4247
20
274.6837
0
VERTEX
8
CUT
10
185.2145
20
274.5285
0
VERTEX
8
CUT
10
185.0217
20
274.3521
0
VERTEX
8
CUT
10
184.6543
20
273.9790
0
VERTEX
8
CUT
10
184.4904
20
273.7953
0
VERTEX
8
CUT
10
184.3454
20
273.5963
0
VERTEX
8
CUT
10
184.2206
20
273.3841
0
VERTEX
8
CUT
10
184.1174
20
273.1606
0
VERTEX
8
CUT
10
184.0366
20
272.9280
0
VERTEX
8
CUT
10
183.9791
20
272.6886
0
VERTEX
8
CUT
10
183.9454
20
272.4448
0
VERTEX
8
CUT
10
183.9358
20
272.1987
0
VERTEX
8
CUT
10
183.9394
20
271.8566
0
VERTEX
8
CUT
10
183.9529
20
271.6223
0
VERTEX
8
CUT
10
183.9883
20
271.3902
0
VERTEX
8
CUT
10
184.0454
20
271.1624
0
VERTEX
8
CUT
10
184.1235
20
270.9410
0
VERTEX
8
CUT
10
184.2221
20
270.7279
0
VERTEX
8
CUT
10
184.3034
20
270.5717
0
VERTEX
8
CUT
10
184.4204
20
270.3707
0
VERTEX
8
CUT
10
184.5555
20
270.1813
0
VERTEX
8
CUT
10
184.7077
20
270.0053
0
VERTEX
8
CUT
10
184.8755
20
269.8443
0
SEQEND
0
POLYLINE
8
CUT
66
1
70
1
10
0.0
20
0.0
30
0.0
0
VERTEX
8
CUT
10
136.8655
20
169.1291
0
VERTEX
8
CUT
10
137.2492
20
168.9370
0
VERTEX
8
CUT
10
137.4621
20
168.8425
0
VERTEX
8
CUT
10
137.6829
20
168.7683
0
VERTEX
8
CUT
10
137.9096
20
168.7150
0
VERTEX
8
CUT
10
138.1403
20
168.6829
0
VERTEX
8
CUT
10
138.3730
20
168.6725
0
VERTEX
8
CUT
10
141.1783
20
168.6778
0
VERTEX
8
CUT
10
141.3937
20
168.6875
0
VERTEX
8
CUT
10
141.6076
20
168.7157
0
VERTEX
8
CUT
10
141.8181
20
168.7623
0
VERTEX
8
CUT
10
145.5729
20
169.7642
0
VERTEX
8
CUT
10
145.5892
20
169.7682
0
VERTEX
8
CUT
10
145.6236
20
169.7743
0
VERTEX
8
CUT
10
145.6584
20
169.7775
0
VERTEX
8
CUT
10
145.6748
20
169.7780
0
VERTEX
8
CUT
10
150.1371
20
169.8061
0
VERTEX
8
CUT
10
150.1840
20
169.8055
0
VERTEX
8
CUT
10
150.2309
20
169.8031
0
VERTEX
8
CUT
10
150.9936
20
169.7494
0
VERTEX
8
CUT
10
151.0152
20
169.7473
0
VERTEX
8
CUT
10
151.1035
20
169.7313
0
VERTEX
8
CUT
10
151.1245
20
169.7257
0
VERTEX
8
CUT
10
154.4510
20
168.7375
0
VERTEX
8
CUT
10
154.6604
20
168.6850
0
VERTEX
8
CUT
10
154.8736
20
168.6508
0
VERTEX
8
CUT
10
156.8195
20
168.4240
0
VERTEX
8
CUT
10
157.0522
20
168.4078
0
VERTEX
8
CUT
10
157.2853
20
168.4134
0
VERTEX
8
CUT
10
157.5169
20
168.4407
0
VERTEX
8
CUT
10
157.7450
20
168.4895
0
VERTEX
8
CUT
10
157.9675
20
168.5593
0
VERTEX
8
CUT
10
158.5907
20
168.7872
0
VERTEX
8
CUT
10
158.8215
20
168.8849
0
VERTEX
8
CUT
10
159.0412
20
169.0053
0
VERTEX
8
CUT
10
159.2479
20
169.1470
0
VERTEX
8
CUT
10
159.4393
20
169.3087
0
VERTEX
8
CUT
10
159.6664
20
169.5210
0
VERTEX
8
CUT
10
159.8409
20
169.7014
0
VERTEX
8
CUT
10
159.9965
20
169.8984
0
VERTEX
8
CUT
10
160.1315
20
170.1100
0
VERTEX
8
CUT
10
160.2446
20
170.3340
0
VERTEX
8
CUT
10
160.3347
20
170.5683
0
VERTEX
8
CUT
10
160.4009
20
170.8104
0
VERTEX
8
CUT
10
160.4424
20
171.0579
0
VERTEX
8
CUT
10
160.4589
20
171.3084
0
VERTEX
8
CUT
10
160.4502
20
171.5592
0
VERTEX
8
CUT
10
160.4165
20
171.8079
0
VERTEX
8
CUT
10
160.3579
20
172.0520
0
VERTEX
8
CUT
10
160.2752
20
172.2889
0
VERTEX
8
CUT
10
160.1691
20
172.5164
0
VERTEX
8
CUT
10
160.0407
20
172.7321
0
VERTEX
8
CUT
10
159.8914
20
172.9338
0
VERTEX
8
CUT
10
159.7226
20
173.1196
0
VERTEX
8
CUT
10
158.5465
20
174.2898
0
VERTEX
8
CUT
10
158.3829
20
174.4388
0
VERTEX
8
CUT
10
158.2069
20
174.5727
0
VERTEX
8
CUT
10
158.0196
20
174.6905
0
VERTEX
8
CUT
10
157.8227
20
174.7913
0
VERTEX
8
CUT
10
154.8553
20
176.1482
0
VERTEX
8
CUT
10
154.8358
20
176.1577
0
VERTEX
8
CUT
10
154.7973
20
176.1808
0
VERTEX
8
CUT
10
154.7615
20
176.2079
0
VERTEX
8
CUT
10
154.7453
20
176.2224
0
VERTEX
8
CUT
10
153.5834
20
177.3235
0
VERTEX
8
CUT
10
153.5686
20
177.3383
0
VERTEX
8
CUT
10
153.5407
20
177.3710
0
VERTEX
8
CUT
10
153.5163
20
177.4065
0
VERTEX
8
CUT
10
153.5059
20
177.4246
0
VERTEX
8
CUT
10
152.8024
20
178.7233
0
VERTEX
8
CUT
10
152.7944
20
178.7390
0
VERTEX
8
CUT
10
152.7799
20
178.7726
0
VERTEX
8
CUT
10
152.7684
20
178.8075
0
VERTEX
8
CUT
10
152.7641
20
178.8241
0
VERTEX
8
CUT
10
152.4370
20
180.2238
0
VERTEX
8
CUT
10
152.3527
20
180.5076
0
VERTEX
8
CUT
10
152.2355
20
180.7794
0
VERTEX
8
CUT
10
151.3170
20
182.6035
0
VERTEX
8
CUT
10
151.1941
20
182.8200
0
VERTEX
8
CUT
10
151.0503
20
183.0232
0
VERTEX
8
CUT
10
150.0348
20
184.3162
0
VERTEX
8
CUT
10
149.8727
20
184.5028
0
VERTEX
8
CUT
10
149.6930
20
184.6725
0
VERTEX
8
CUT
10
149.4974
20
184.8237
0
VERTEX
8
CUT
10
149.2878
20
184.9547
0
VERTEX
8
CUT
10
149.0663
20
185.0645
0
VERTEX
8
CUT
10
148.8350
20
185.1518
0
VERTEX
8
CUT
10
148.5963
20
185.2158
0
VERTEX
8
CUT
10
148.3524
20
185.2560
0
VERTEX
8
CUT
10
148.1057
20
185.2719
0
VERTEX
8
CUT
10
147.8586
20
185.2633
0
VERTEX
8
CUT
10
147.6136
20
185.2304
0
VERTEX
8
CUT
10
147.3731
20
185.1734
0
VERTEX
8
CUT
10
147.1393
20
185.0930
0
VERTEX
8
CUT
10
146.9147
20
184.9899
0
VERTEX
8
CUT
10
146.7013
20
184.8651
0
VERTEX
8
CUT
10
146.5013
20
184.7198
0
VERTEX
8
CUT
10
146.3166
20
184.5555
0
VERTEX
8
CUT
10
146.1491
20
184.3737
0
VERTEX
8
CUT
10
145.7137
20
183.8519
0
VERTEX
8
CUT
10
145.5228
20
183.5903
0
VERTEX
8
CUT
10
144.2939
20
181.6548
0
VERTEX
8
CUT
10
144.1810
20
181.4577
0
VERTEX
8
CUT
10
144.0864
20
181.2512
0
VERTEX
8
CUT
10
144.0110
20
181.0369
0
VERTEX
8
CUT
10
143.4325
20
179.1196
0
VERTEX
8
CUT
10
143.4266
20
179.1016
0
VERTEX
8
CUT
10
143.3970
20
179.0291
0
VERTEX
8
CUT
10
143.3886
20
179.0122
0
VERTEX
8
CUT
10
142.7511
20
177.7978
0
VERTEX
8
CUT
10
142.7409
20
177.7796
0
VERTEX
8
CUT
10
142.7169
20
177.7437
0
VERTEX
8
CUT
10
142.6893
20
177.7105
0
VERTEX
8
CUT
10
142.6747
20
177.6955
0
VERTEX
8
CUT
10
141.4786
20
176.5340
0
VERTEX
8
CUT
10
141.4635
20
176.5201
0
VERTEX
8
CUT
10
141.4302
20
176.4938
0
VERTEX
8
CUT
10
141.3943
20
176.4712
0
VERTEX
8
CUT
10
141.3761
20
176.4616
0
VERTEX
8
CUT
10
137.8604
20
174.7206
0
VERTEX
8
CUT
10
137.6906
20
174.6282
0
VERTEX
8
CUT
10
137.5286
20
174.5230
0
VERTEX
8
CUT
10
136.9090
20
174.0859
0
VERTEX
8
CUT
10
136.7243
20
173.9422
0
VERTEX
8
CUT
10
136.5538
20
173.7818
0
VERTEX
8
CUT
10
136.3991
20
173.6062
0
VERTEX
8
CUT
10
136.2615
20
173.4169
0
VERTEX
8
CUT
10
135.8523
20
172.7948
0
VERTEX
8
CUT
10
135.7312
20
172.5899
0
VERTEX
8
CUT
10
135.6300
20
172.3744
0
VERTEX
8
CUT
10
135.5498
20
172.1503
0
VERTEX
8
CUT
10
135.4913
20
171.9196
0
VERTEX
8
CUT
10
135.4550
20
171.6844
0
VERTEX
8
CUT
10
135.4412
20
171.4468
0
VERTEX
8
CUT
10
135.4501
20
171.2089
0
VERTEX
8
CUT
10
135.4816
20
170.9730
0
VERTEX
8
CUT
10
135.5353
20
170.7411
0
VERTEX
8
CUT
10
135.6109
20
170.5154
0
VERTEX
8
CUT
10
135.7076
20
170.2979
0
VERTEX
8
CUT
10
135.8245
20
170.0906
0
VERTEX
8
CUT
10
135.9606
20
169.8953
0
VERTEX
8
CUT
10
136.0041
20
169.8389
0
VERTEX
8
CUT
10
136.1493
20
169.6670
0
VERTEX
8
CUT
10
136.3094
20
169.5088
0
VERTEX
8
CUT
10
136.4831
20
169.3657
0
VERTEX
8
CUT
10
136.6690
20
169.2388
0
SEQEND
0
POLYLINE
8
CUT
66
1
70
1
10
0.0
20
0.0
30
0.0
0
VERTEX
8
CUT
10
138.8012
20
35.4354
0
VERTEX
8
CUT
10
139.7755
20
33.6157
0
VERTEX
8
CUT
10
139.8979
20
33.4111
0
VERTEX
8
CUT
10
140.0393
20
33.2191
0
VERTEX
8
CUT
10
140.1983
20
33.0415
0
VERTEX
8
CUT
10
140.3735
20
32.8798
0
VERTEX
8
CUT
10
140.5633
20
32.7355
0
VERTEX
8
CUT
10
140.7659
20
32.6100
0
VERTEX
8
CUT
10
142.2200
20
31.8027
0
VERTEX
8
CUT
10
142.4375
20
31.6954
0
VERTEX
8
CUT
10
142.6644
20
31.6096
0
VERTEX
8
CUT
10
142.8986
20
31.5463
0
VERTEX
8
CUT
10
143.1377
20
31.5059
0
VERTEX
8
CUT
10
144.4888
20
31.3449
0
VERTEX
8
CUT
10
144.7505
20
31.3276
0
VERTEX
8
CUT
10
145.0125
20
31.3378
0
VERTEX
8
CUT
10
145.2720
20
31.3753
0
VERTEX
8
CUT
10
145.5261
20
31.4398
0
VERTEX
8
CUT
10
145.7721
20
31.5306
0
VERTEX
8
CUT
10
146.7231
20
31.9395
0
VERTEX
8
CUT
10
146.9344
20
32.0424
0
VERTEX
8
CUT
10
147.1351
20
32.1646
0
VERTEX
8
CUT
10
147.3235
20
32.3052
0
VERTEX
8
CUT
10
147.4978
20
32.4629
0
VERTEX
8
CUT
10
149.0562
20
34.0114
0
VERTEX
8
CUT
10
149.2212
20
34.1923
0
VERTEX
8
CUT
10
149.3677
20
34.3884
0
VERTEX
8
CUT
10
149.4944
20
34.5980
0
VERTEX
8
CUT
10
149.7191
20
35.0145
0
VERTEX
8
CUT
10
149.8203
20
35.2253
0
VERTEX
8
CUT
10
149.9015
20
35.4447
0
VERTEX
8
CUT
10
149.9617
20
35.6707
0
VERTEX
8
CUT
10
150.0006
20
35.9013
0
VERTEX
8
CUT
10
150.0331
20
36.1699
0
VERTEX
8
CUT
10
150.0355
20
36.1865
0
VERTEX
8
CUT
10
150.0431
20
36.2220
0
VERTEX
8
CUT
10
150.0567
20
36.2552
0
VERTEX
8
CUT
10
150.0642
20
36.2705
0
VERTEX
8
CUT
10
150.1079
20
36.3546
0
VERTEX
8
CUT
10
150.2070
20
36.5698
0
VERTEX
8
CUT
10
150.2853
20
36.7933
0
VERTEX
8
CUT
10
150.3422
20
37.0234
0
VERTEX
8
CUT
10
150.3769
20
37.2577
0
VERTEX
8
CUT
10
150.3894
20
37.4943
0
VERTEX
8
CUT
10
150.3794
20
37.7310
0
VERTEX
8
CUT
10
150.3470
20
37.9657
0
VERTEX
8
CUT
10
150.2926
20
38.1963
0
VERTEX
8
CUT
10
150.2165
20
38.4207
0
VERTEX
8
CUT
10
149.5370
20
40.1517
0
VERTEX
8
CUT
10
149.4372
20
40.3735
0
VERTEX
8
CUT
10
149.3164
20
40.5846
0
VERTEX
8
CUT
10
149.1756
20
40.7829
0
VERTEX
8
CUT
10
148.5642
20
41.5609
0
VERTEX
8
CUT
10
148.3907
20
41.7592
0
VERTEX
8
CUT
10
148.1972
20
41.9382
0
VERTEX
8
CUT
10
147.9859
20
42.0959
0
VERTEX
8
CUT
10
146.9070
20
42.8157
0
VERTEX
8
CUT
10
146.7135
20
42.9325
0
VERTEX
8
CUT
10
146.5102
20
43.0313
0
VERTEX
8
CUT
10
146.2989
20
43.1114
0
VERTEX
8
CUT
10
146.1459
20
43.1616
0
VERTEX
8
CUT
10
145.8935
20
43.2300
0
VERTEX
8
CUT
10
145.6353
20
43.2717
0
VERTEX
8
CUT
10
145.3741
20
43.2862
0
VERTEX
8
CUT
10
143.4670
20
43.2919
0
VERTEX
8
CUT
10
143.2359
20
43.2819
0
VERTEX
8
CUT
10
143.0066
20
43.2506
0
VERTEX
8
CUT
10
142.7813
20
43.1982
0
VERTEX
8
CUT
10
142.5618
20
43.1252
0
VERTEX
8
CUT
10
141.8449
20
42.8494
0
VERTEX
8
CUT
10
141.5760
20
42.7272
0
VERTEX
8
CUT
10
141.3233
20
42.5741
0
VERTEX
8
CUT
10
140.7814
20
42.2004
0
VERTEX
8
CUT
10
140.5821
20
42.0477
0
VERTEX
8
CUT
10
140.3992
20
41.8758
0
VERTEX
8
CUT
10
140.0486
20
41.5114
0
VERTEX
8
CUT
10
139.9040
20
41.3473
0
VERTEX
8
CUT
10
139.7743
20
41.1713
0
VERTEX
8
CUT
10
138.9244
20
39.9050
0
VERTEX
8
CUT
10
138.7954
20
39.6902
0
VERTEX
8
CUT
10
138.6885
20
39.4635
0
VERTEX
8
CUT
10
138.6756
20
39.4324
0
VERTEX
8
CUT
10
138.5921
20
39.1967
0
VERTEX
8
CUT
10
138.5326
20
38.9539
0
VERTEX
8
CUT
10
138.4976
20
38.7064
0
VERTEX
8
CUT
10
138.4875
20
38.4566
0
VERTEX
8
CUT
10
138.5053
20
36.5915
0
VERTEX
8
CUT
10
138.5192
20
36.3510
0
VERTEX
8
CUT
10
138.5562
20
36.1130
0
VERTEX
8
CUT
10
138.6159
20
35.8796
0
VERTEX
8
CUT
10
138.6979
20
35.6530
0
SEQEND
0
POLYLINE
8
CUT
66
1
70
1
10
0.0
20
0.0
30
0.0
0
VERTEX
8
CUT
10
64.4018
20
42.3217
0
VERTEX
8
CUT
10
64.4401
20
42.2014
0
VERTEX
8
CUT
10
64.4485
20
42.1614
0
VERTEX
8
CUT
10
64.4510
20
42.1426
0
VERTEX
8
CUT
10
64.7541
20
39.2996
0
VERTEX
8
CUT
10
64.7834
20
39.1008
0
VERTEX
8
CUT
10
64.8285
20
38.9051
0
VERTEX
8
CUT
10
65.5655
20
36.2102
0
VERTEX
8
CUT
10
65.6473
20
35.9626
0
VERTEX
8
CUT
10
65.7545
20
35.7248
0
VERTEX
8
CUT
10
66.5896
20
34.1037
0
VERTEX
8
CUT
10
66.7155
20
33.8869
0
VERTEX
8
CUT
10
66.8624
20
33.6838
0
VERTEX
8
CUT
10
67.0289
20
33.4964
0
VERTEX
8
CUT
10
68.7168
20
31.7786
0
VERTEX
8
CUT
10
68.8946
20
31.6144
0
VERTEX
8
CUT
10
69.0874
20
31.4681
0
VERTEX
8
CUT
10
69.4150
20
31.2438
0
VERTEX
8
CUT
10
69.6366
20
31.1084
0
VERTEX
8
CUT
10
69.8709
20
30.9967
0
VERTEX
8
CUT
10
70.1156
20
30.9099
0
VERTEX
8
CUT
10
71.3743
20
30.5360
0
VERTEX
8
CUT
10
71.6088
20
30.4785
0
VERTEX
8
CUT
10
71.8478
20
30.4439
0
VERTEX
8
CUT
10
72.0890
20
30.4325
0
VERTEX
8
CUT
10
74.6410
20
30.4353
0
VERTEX
8
CUT
10
74.9081
20
30.4499
0
VERTEX
8
CUT
10
75.1721
20
30.4929
0
VERTEX
8
CUT
10
76.0017
20
30.6743
0
VERTEX
8
CUT
10
76.2000
20
30.7262
0
VERTEX
8
CUT
10
76.3934
20
30.7943
0
VERTEX
8
CUT
10
78.7610
20
31.7379
0
VERTEX
8
CUT
10
78.9808
20
31.8380
0
VERTEX
8
CUT
10
79.1898
20
31.9589
0
VERTEX
8
CUT
10
82.7405
20
34.2476
0
VERTEX
8
CUT
10
83.0309
20
34.4663
0
VERTEX
8
CUT
10
87.3185
20
38.2123
0
VERTEX
8
CUT
10
87.4443
20
38.3302
0
VERTEX
8
CUT
10
90.0682
20
40.9628
0
VERTEX
8
CUT
10
90.2001
20
41.1058
0
VERTEX
8
CUT
10
94.9984
20
46.7349
0
VERTEX
8
CUT
10
95.0748
20
46.8292
0
VERTEX
8
CUT
10
100.5353
20
53.9036
0
VERTEX
8
CUT
10
100.6176
20
54.0166
0
VERTEX
8
CUT
10
104.1845
20
59.2149
0
VERTEX
8
CUT
10
104.2437
20
59.3053
0
VERTEX
8
CUT
10
105.4031
20
61.1621
0
VERTEX
8
CUT
10
105.5259
20
61.3830
0
VERTEX
8
CUT
10
105.6259
20
61.6152
0
VERTEX
8
CUT
10
105.7018
20
61.8563
0
VERTEX
8
CUT
10
105.7491
20
62.0378
0
VERTEX
8
CUT
10
105.7539
20
62.0548
0
VERTEX
8
CUT
10
105.7669
20
62.0904
0
VERTEX
8
CUT
10
105.7686
20
62.0933
0
VERTEX
8
CUT
10
105.7877
20
62.1202
0
VERTEX
8
CUT
10
105.7981
20
62.1330
0
VERTEX
8
CUT
10
106.3286
20
62.7544
0
VERTEX
8
CUT
10
106.5246
20
63.0170
0
VERTEX
8
CUT
10
107.2030
20
64.0627
0
VERTEX
8
CUT
10
107.4837
20
64.4469
0
VERTEX
8
CUT
10
107.5909
20
64.6061
0
VERTEX
8
CUT
10
108.3248
20
65.7918
0
VERTEX
8
CUT
10
109.4418
20
67.5136
0
VERTEX
8
CUT
10
109.5150
20
67.6336
0
VERTEX
8
CUT
10
110.1212
20
68.6942
0
VERTEX
8
CUT
10
111.1232
20
70.3131
0
VERTEX
8
CUT
10
111.1971
20
70.4408
0
VERTEX
8
CUT
10
112.5263
20
72.9019
0
VERTEX
8
CUT
10
112.7719
20
73.3318
0
VERTEX
8
CUT
10
112.8694
20
73.5204
0
VERTEX
8
CUT
10
112.9249
20
73.6400
0
VERTEX
8
CUT
10
112.9789
20
73.7401
0
VERTEX
8
CUT
10
113.0680
20
73.9224
0
VERTEX
8
CUT
10
113.1340
20
74.0910
0
VERTEX
8
CUT
10
113.8207
20
75.5713
0
VERTEX
8
CUT
10
114.0664
20
75.9523
0
VERTEX
8
CUT
10
114.2017
20
76.1897
0
VERTEX
8
CUT
10
114.3103
20
76.4405
0
VERTEX
8
CUT
10
114.6087
20
77.2478
0
VERTEX
8
CUT
10
114.6770
20
77.4617
0
VERTEX
8
CUT
10
114.7259
20
77.6808
0
VERTEX
8
CUT
10
114.7548
20
77.9035
0
VERTEX
8
CUT
10
114.7637
20
78.1278
0
VERTEX
8
CUT
10
114.7568
20
79.4261
0
VERTEX
8
CUT
10
114.7580
20
79.9700
0
VERTEX
8
CUT
10
114.7449
20
80.2314
0
VERTEX
8
CUT
10
114.7046
20
80.4899
0
VERTEX
8
CUT
10
114.6374
20
80.7428
0
VERTEX
8
CUT
10
114.5710
20
80.9487
0
VERTEX
8
CUT
10
114.4884
20
81.1689
0
VERTEX
8
CUT
10
114.3855
20
81.3803
0
VERTEX
8
CUT
10
114.2836
20
81.5476
0
VERTEX
8
CUT
10
114.2586
20
81.6015
0
VERTEX
8
CUT
10
114.1118
20
81.8423
0
VERTEX
8
CUT
10
113.9388
20
82.0651
0
VERTEX
8
CUT
10
113.7930
20
82.2324
0
VERTEX
8
CUT
10
113.6524
20
82.3811
0
VERTEX
8
CUT
10
112.5687
20
83.4365
0
VERTEX
8
CUT
10
112.3549
20
83.6223
0
VERTEX
8
CUT
10
112.1215
20
83.7827
0
VERTEX
8
CUT
10
112.0933
20
83.7998
0
VERTEX
8
CUT
10
112.0790
20
83.8099
0
VERTEX
8
CUT
10
112.0406
20
83.8318
0
VERTEX
8
CUT
10
111.8248
20
83.9628
0
VERTEX
8
CUT
10
111.6410
20
84.0640
0
VERTEX
8
CUT
10
109.1209
20
85.3173
0
VERTEX
8
CUT
10
109.1087
20
85.3223
0
VERTEX
8
CUT
10
109.1040
20
85.3247
0
VERTEX
8
CUT
10
108.8330
20
85.4419
0
VERTEX
8
CUT
10
105.7506
20
86.5638
0
VERTEX
8
CUT
10
105.6720
20
86.6032
0
VERTEX
8
CUT
10
105.6424
20
86.6181
0
VERTEX
8
CUT
10
105.6109
20
86.6339
0
VERTEX
8
CUT
10
105.5112
20
86.6838
0
VERTEX
8
CUT
10
103.7241
20
87.7621
0
VERTEX
8
CUT
10
103.1923
20
88.1023
0
VERTEX
8
CUT
10
102.9183
20
88.2776
0
VERTEX
8
CUT
10
102.7523
20
88.3838
0
VERTEX
8
CUT
10
102.4458
20
88.5799
0
VERTEX
8
CUT
10
101.4900
20
89.2742
0
VERTEX
8
CUT
10
100.1572
20
90.3703
0
VERTEX
8
CUT
10
99.5969
20
90.8311
0
VERTEX
8
CUT
10
99.2002
20
91.1573
0
VERTEX
8
CUT
10
99.1006
20
91.2393
0
VERTEX
8
CUT
10
98.4780
20
91.7780
0
VERTEX
8
CUT
10
97.3181
20
92.9648
0
VERTEX
8
CUT
10
96.7094
20
93.5969
0
VERTEX
8
CUT
10
96.6793
20
93.6300
0
VERTEX
8
CUT
10
96.6700
20
93.6416
0
VERTEX
8
CUT
10
94.6247
20
96.3483
0
VERTEX
8
CUT
10
94.1404
20
96.9909
0
VERTEX
8
CUT
10
94.1190
20
97.0226
0
VERTEX
8
CUT
10
89.3226
20
104.4096
0
VERTEX
8
CUT
10
89.1918
20
104.5924
0
VERTEX
8
CUT
10
89.1170
20
104.6877
0
VERTEX
8
CUT
10
89.1165
20
104.6884
0
VERTEX
8
CUT
10
89.1155
20
104.6896
0
VERTEX
8
CUT
10
87.4091
20
106.8620
0
VERTEX
8
CUT
10
87.2192
20
107.0771
0
VERTEX
8
CUT
10
86.9167
20
107.3825
0
VERTEX
8
CUT
10
86.7543
20
107.5814
0
VERTEX
8
CUT
10
86.5445
20
107.8081
0
VERTEX
8
CUT
10
85.6280
20
108.6834
0
VERTEX
8
CUT
10
83.0353
20
111.3009
0
VERTEX
8
CUT
10
82.8806
20
111.4444
0
VERTEX
8
CUT
10
82.4605
20
111.8024
0
VERTEX
8
CUT
10
82.2650
20
111.9530
0
VERTEX
8
CUT
10
82.0913
20
112.0613
0
VERTEX
8
CUT
10
81.7820
20
112.3567
0
VERTEX
8
CUT
10
81.7781
20
112.3606
0
VERTEX
8
CUT
10
81.7454
20
112.3975
0
VERTEX
8
CUT
10
81.7302
20
112.4226
0
VERTEX
8
CUT
10
81.7187
20
112.4445
0
VERTEX
8
CUT
10
81.5649
20
112.7575
0
VERTEX
8
CUT
10
81.5570
20
112.7745
0
VERTEX
8
CUT
10
81.5432
20
112.8118
0
VERTEX
8
CUT
10
81.5609
20
112.8474
0
VERTEX
8
CUT
10
81.5704
20
112.8635
0
VERTEX
8
CUT
10
81.7397
20
113.1323
0
VERTEX
8
CUT
10
81.7496
20
113.1472
0
VERTEX
8
CUT
10
81.7728
20
113.1772
0
VERTEX
8
CUT
10
81.8104
20
113.1824
0
VERTEX
8
CUT
10
81.8282
20
113.1836
0
VERTEX
8
CUT
10
83.1411
20
113.2370
0
VERTEX
8
CUT
10
83.1604
20
113.2373
0
VERTEX
8
CUT
10
83.2019
20
113.2347
0
VERTEX
8
CUT
10
83.2420
20
113.2236
0
VERTEX
8
CUT
10
83.2602
20
113.2170
0
VERTEX
8
CUT
10
84.6885
20
112.6581
0
VERTEX
8
CUT
10
84.7388
20
112.6371
0
VERTEX
8
CUT
10
84.7880
20
112.6138
0
VERTEX
8
CUT
10
87.4485
20
111.2813
0
VERTEX
8
CUT
10
87.4529
20
111.2789
0
VERTEX
8
CUT
10
87.5190
20
111.2393
0
VERTEX
8
CUT
10
87.5334
20
111.2295
0
VERTEX
8
CUT
10
89.4967
20
109.8162
0
VERTEX
8
CUT
10
89.5480
20
109.7771
0
VERTEX
8
CUT
10
89.5971
20
109.7354
0
VERTEX
8
CUT
10
92.7956
20
106.8611
0
VERTEX
8
CUT
10
92.8243
20
106.8345
0
VERTEX
8
CUT
10
92.8521
20
106.8069
0
VERTEX
8
CUT
10
101.3127
20
98.1351
0
VERTEX
8
CUT
10
101.4808
20
97.9779
0
VERTEX
8
CUT
10
103.1596
20
96.5477
0
VERTEX
8
CUT
10
103.3179
20
96.4235
0
VERTEX
8
CUT
10
103.4857
20
96.3124
0
VERTEX
8
CUT
10
106.0115
20
94.7824
0
VERTEX
8
CUT
10
106.1865
20
94.6858
0
VERTEX
8
CUT
10
108.6521
20
93.4499
0
VERTEX
8
CUT
10
108.9792
20
93.3140
0
VERTEX
8
CUT
10
111.2588
20
92.5514
0
VERTEX
8
CUT
10
111.4735
20
92.4901
0
VERTEX
8
CUT
10
119.8161
20
90.5058
0
VERTEX
8
CUT
10
119.8370
20
90.5002
0
VERTEX
8
CUT
10
119.9250
20
90.4682
0
VERTEX
8
CUT
10
119.9446
20
90.4590
0
VERTEX
8
CUT
10
123.0877
20
88.8852
0
VERTEX
8
CUT
10
123.1071
20
88.8748
0
VERTEX
8
CUT
10
123.1863
20
88.8228
0
VERTEX
8
CUT
10
123.2035
20
88.8092
0
VERTEX
8
CUT
10
123.6300
20
88.4514
0
VERTEX
8
CUT
10
123.6744
20
88.4123
0
VERTEX
8
CUT
10
123.7168
20
88.3710
0
VERTEX
8
CUT
10
126.7336
20
85.2825
0
VERTEX
8
CUT
10
126.7466
20
85.2685
0
VERTEX
8
CUT
10
126.7722
20
85.2362
0
VERTEX
8
CUT
10
126.7944
20
85.2016
0
VERTEX
8
CUT
10
126.8035
20
85.1847
0
VERTEX
8
CUT
10
127.5591
20
83.6890
0
VERTEX
8
CUT
10
127.5689
20
83.6681
0
VERTEX
8
CUT
10
127.6025
20
83.5746
0
VERTEX
8
CUT
10
127.6083
20
83.5524
0
VERTEX
8
CUT
10
128.1816
20
81.0209
0
VERTEX
8
CUT
10
128.1826
20
81.0159
0
VERTEX
8
CUT
10
128.1897
20
80.9674
0
VERTEX
8
CUT
10
128.1911
20
80.9421
0
VERTEX
8
CUT
10
128.1911
20
80.9193
0
VERTEX
8
CUT
10
128.1427
20
78.9352
0
VERTEX
8
CUT
10
128.1417
20
78.9152
0
VERTEX
8
CUT
10
128.1361
20
78.8723
0
VERTEX
8
CUT
10
128.1259
20
78.8303
0
VERTEX
8
CUT
10
128.1196
20
78.8113
0
VERTEX
8
CUT
10
127.4621
20
76.9844
0
VERTEX
8
CUT
10
127.3916
20
76.7542
0
VERTEX
8
CUT
10
127.3435
20
76.5184
0
VERTEX
8
CUT
10
127.3184
20
76.2791
0
VERTEX
8
CUT
10
127.3164
20
76.0384
0
VERTEX
8
CUT
10
127.3375
20
75.7987
0
VERTEX
8
CUT
10
127.3816
20
75.5621
0
VERTEX
8
CUT
10
127.4482
20
75.3308
0
VERTEX
8
CUT
10
127.5368
20
75.1070
0
VERTEX
8
CUT
10
127.6465
20
74.8928
0
VERTEX
8
CUT
10
127.7762
20
74.6901
0
VERTEX
8
CUT
10
127.9249
20
74.5008
0
VERTEX
8
CUT
10
128.0911
20
74.3267
0
VERTEX
8
CUT
10
128.2732
20
74.1694
0
VERTEX
8
CUT
10
128.4696
20
74.0303
0
VERTEX
8
CUT
10
128.6785
20
73.9108
0
VERTEX
8
CUT
10
128.8979
20
73.8119
0
VERTEX
8
CUT
10
129.1258
20
73.7345
0
VERTEX
8
CUT
10
129.3601
20
73.6794
0
VERTEX
8
CUT
10
129.5986
20
73.6471
0
VERTEX
8
CUT
10
129.8391
20
73.6379
0
VERTEX
8
CUT
10
134.2881
20
73.6818
0
VERTEX
8
CUT
10
134.5148
20
73.6944
0
VERTEX
8
CUT
10
134.7394
20
73.7274
0
VERTEX
8
CUT
10
134.9600
20
73.7807
0
VERTEX
8
CUT
10
137.1539
20
74.4172
0
VERTEX
8
CUT
10
137.3586
20
74.4863
0
VERTEX
8
CUT
10
137.5566
20
74.5728
0
VERTEX
8
CUT
10
137.7464
20
74.6761
0
VERTEX
8
CUT
10
140.6510
20
76.4239
0
VERTEX
8
CUT
10
140.8438
20
76.5525
0
VERTEX
8
CUT
10
141.0239
20
76.6983
0
VERTEX
8
CUT
10
141.1897
20
76.8602
0
VERTEX
8
CUT
10
141.3398
20
77.0368
0
VERTEX
8
CUT
10
141.9864
20
77.8731
0
VERTEX
8
CUT
10
142.1193
20
78.0623
0
VERTEX
8
CUT
10
142.2340
20
78.2630
0
VERTEX
8
CUT
10
142.3297
20
78.4735
0
VERTEX
8
CUT
10
142.6762
20
79.3391
0
VERTEX
8
CUT
10
142.7423
20
79.5254
0
VERTEX
8
CUT
10
142.7935
20
79.7163
0
VERTEX
8
CUT
10
142.9739
20
80.5136
0
VERTEX
8
CUT
10
143.0206
20
80.7922
0
VERTEX
8
CUT
10
143.0355
20
81.0743
0
VERTEX
8
CUT
10
143.0288
20
82.9208
0
VERTEX
8
CUT
10
143.0174
20
83.1512
0
VERTEX
8
CUT
10
142.9847
20
83.3796
0
VERTEX
8
CUT
10
142.9311
20
83.6040
0
VERTEX
8
CUT
10
142.8571
20
83.8224
0
VERTEX
8
CUT
10
142.0767
20
85.8177
0
VERTEX
8
CUT
10
141.9592
20
86.0744
0
VERTEX
8
CUT
10
141.8135
20
86.3162
0
VERTEX
8
CUT
10
141.6414
20
86.5401
0
VERTEX
8
CUT
10
139.9127
20
88.5440
0
VERTEX
8
CUT
10
139.7087
20
88.7542
0
VERTEX
8
CUT
10
136.6265
20
91.5785
0
VERTEX
8
CUT
10
136.5802
20
91.6233
0
VERTEX
8
CUT
10
136.5364
20
91.6705
0
VERTEX
8
CUT
10
134.8266
20
93.6162
0
VERTEX
8
CUT
10
134.6713
20
93.7776
0
VERTEX
8
CUT
10
134.5023
20
93.9245
0
VERTEX
8
CUT
10
133.5610
20
94.6712
0
VERTEX
8
CUT
10
133.5472
20
94.6827
0
VERTEX
8
CUT
10
133.5192
20
94.7096
0
VERTEX
8
CUT
10
133.4940
20
94.7391
0
VERTEX
8
CUT
10
133.4832
20
94.7536
0
VERTEX
8
CUT
10
131.5160
20
97.5542
0
VERTEX
8
CUT
10
131.5132
20
97.5583
0
VERTEX
8
CUT
10
131.4742
20
97.6238
0
VERTEX
8
CUT
10
131.4662
20
97.6392
0
VERTEX
8
CUT
10
130.9460
20
98.7044
0
VERTEX
8
CUT
10
130.9384
20
98.7210
0
VERTEX
8
CUT
10
130.9109
20
98.7948
0
VERTEX
8
CUT
10
130.9057
20
98.8123
0
VERTEX
8
CUT
10
130.3443
20
100.9204
0
VERTEX
8
CUT
10
130.3430
20
100.9256
0
VERTEX
8
CUT
10
130.3338
20
100.9768
0
VERTEX
8
CUT
10
130.3315
20
101.0036
0
VERTEX
8
CUT
10
130.3310
20
101.0277
0
VERTEX
8
CUT
10
130.3376
20
104.6944
0
VERTEX
8
CUT
10
130.3377
20
104.6999
0
VERTEX
8
CUT
10
130.3422
20
104.7521
0
VERTEX
8
CUT
10
130.3470
20
104.7788
0
VERTEX
8
CUT
10
130.3528
20
104.8024
0
VERTEX
8
CUT
10
130.8987
20
106.8040
0
VERTEX
8
CUT
10
130.9234
20
106.8835
0
VERTEX
8
CUT
10
130.9536
20
106.9611
0
VERTEX
8
CUT
10
131.7253
20
108.7564
0
VERTEX
8
CUT
10
131.7585
20
108.8271
0
VERTEX
8
CUT
10
131.7962
20
108.8954
0
VERTEX
8
CUT
10
132.5969
20
110.2403
0
VERTEX
8
CUT
10
132.6169
20
110.2728
0
VERTEX
8
CUT
10
132.6381
20
110.3047
0
VERTEX
8
CUT
10
138.2030
20
118.4199
0
VERTEX
8
CUT
10
138.3751
20
118.7114
0
VERTEX
8
CUT
10
139.5979
20
121.1454
0
VERTEX
8
CUT
10
139.7354
20
121.4762
0
VERTEX
8
CUT
10
141.2842
20
126.1169
0
VERTEX
8
CUT
10
141.3492
20
126.3482
0
VERTEX
8
CUT
10
141.3917
20
126.5846
0
VERTEX
8
CUT
10
141.6926
20
128.8888
0
VERTEX
8
CUT
10
141.7022
20
128.9496
0
VERTEX
8
CUT
10
141.7148
20
129.0098
0
VERTEX
8
CUT
10
142.0908
20
130.5935
0
VERTEX
8
CUT
10
142.1406
20
130.8735
0
VERTEX
8
CUT
10
142.1584
20
131.1574
0
VERTEX
8
CUT
10
142.1814
20
135.4282
0
VERTEX
8
CUT
10
142.1650
20
135.7278
0
VERTEX
8
CUT
10
142.1128
20
136.0233
0
VERTEX
8
CUT
10
141.9827
20
136.5670
0
VERTEX
8
CUT
10
141.9787
20
136.5860
0
VERTEX
8
CUT
10
141.9677
20
136.6692
0
VERTEX
8
CUT
10
141.9666
20
136.6886
0
VERTEX
8
CUT
10
141.9303
20
137.9775
0
VERTEX
8
CUT
10
141.9057
20
138.2637
0
VERTEX
8
CUT
10
141.8484
20
138.5452
0
VERTEX
8
CUT
10
141.4308
20
140.1268
0
VERTEX
8
CUT
10
141.4264
20
140.1450
0
VERTEX
8
CUT
10
141.4137
20
140.2244
0
VERTEX
8
CUT
10
141.4121
20
140.2430
0
VERTEX
8
CUT
10
141.3793
20
140.7898
0
VERTEX
8
CUT
10
141.3438
20
141.0853
0
VERTEX
8
CUT
10
141.2734
20
141.3745
0
VERTEX
8
CUT
10
141.1115
20
141.9012
0
VERTEX
8
CUT
10
141.0283
20
142.1311
0
VERTEX
8
CUT
10
140.9231
20
142.3516
0
VERTEX
8
CUT
10
140.7969
20
142.5609
0
VERTEX
8
CUT
10
140.6509
20
142.7569
0
VERTEX
8
CUT
10
140.4864
20
142.9376
0
VERTEX
8
CUT
10
140.3050
20
143.1014
0
VERTEX
8
CUT
10
140.1086
20
143.2468
0
VERTEX
8
CUT
10
139.8988
20
143.3722
0
VERTEX
8
CUT
10
139.6779
20
143.4766
0
VERTEX
8
CUT
10
139.4478
20
143.5589
0
VERTEX
8
CUT
10
139.2107
20
143.6184
0
VERTEX
8
CUT
10
138.9690
20
143.6544
0
VERTEX
8
CUT
10
138.7249
20
143.6666
0
VERTEX
8
CUT
10
138.4808
20
143.6550
0
VERTEX
8
CUT
10
138.2390
20
143.6196
0
VERTEX
8
CUT
10
138.0018
20
143.5607
0
VERTEX
8
CUT
10
137.7715
20
143.4790
0
VERTEX
8
CUT
10
137.5503
20
143.3751
0
VERTEX
8
CUT
10
137.3402
20
143.2502
0
VERTEX
8
CUT
10
137.1434
20
143.1053
0
VERTEX
8
CUT
10
136.9617
20
142.9420
0
VERTEX
8
CUT
10
136.7967
20
142.7616
0
VERTEX
8
CUT
10
136.6502
20
142.5660
0
VERTEX
8
CUT
10
136.5235
20
142.3571
0
VERTEX
8
CUT
10
136.4177
20
142.1367
0
VERTEX
8
CUT
10
136.3340
20
141.9071
0
VERTEX
8
CUT
10
136.2731
20
141.6705
0
VERTEX
8
CUT
10
136.2356
20
141.4290
0
VERTEX
8
CUT
10
136.2219
20
141.1850
0
VERTEX
8
CUT
10
136.2176
20
140.6046
0
VERTEX
8
CUT
10
136.2140
20
140.5199
0
VERTEX
8
CUT
10
136.2044
20
140.4357
0
VERTEX
8
CUT
10
135.6634
20
136.8476
0
VERTEX
8
CUT
10
135.6625
20
136.8423
0
VERTEX
8
CUT
10
135.6436
20
136.7622
0
VERTEX
8
CUT
10
135.6382
20
136.7442
0
VERTEX
8
CUT
10
135.0983
20
135.1172
0
VERTEX
8
CUT
10
135.0768
20
135.0577
0
VERTEX
8
CUT
10
135.0522
20
134.9994
0
VERTEX
8
CUT
10
133.7006
20
132.0248
0
VERTEX
8
CUT
10
133.6984
20
132.0201
0
VERTEX
8
CUT
10
133.6596
20
131.9500
0
VERTEX
8
CUT
10
133.6498
20
131.9347
0
VERTEX
8
CUT
10
132.5581
20
130.3127
0
VERTEX
8
CUT
10
132.5244
20
130.2652
0
VERTEX
8
CUT
10
132.4885
20
130.2195
0
VERTEX
8
CUT
10
131.1466
20
128.5936
0
VERTEX
8
CUT
10
131.1167
20
128.5588
0
VERTEX
8
CUT
10
131.0855
20
128.5252
0
VERTEX
8
CUT
10
127.8757
20
125.1944
0
VERTEX
8
CUT
10
127.6930
20
124.9821
0
VERTEX
8
CUT
10
125.3498
20
121.9303
0
VERTEX
8
CUT
10
125.2108
20
121.7298
0
VERTEX
8
CUT
10
125.0920
20
121.5166
0
VERTEX
8
CUT
10
124.1793
20
119.6723
0
VERTEX
8
CUT
10
124.0929
20
119.4772
0
VERTEX
8
CUT
10
124.0235
20
119.2755
0
VERTEX
8
CUT
10
123.3414
20
116.9801
0
VERTEX
8
CUT
10
123.2888
20
116.7699
0
VERTEX
8
CUT
10
123.2545
20
116.5559
0
VERTEX
8
CUT
10
123.2389
20
116.3398
0
VERTEX
8
CUT
10
123.2032
20
115.0962
0
VERTEX
8
CUT
10
123.2020
20
115.0750
0
VERTEX
8
CUT
10
123.1890
20
114.9842
0
VERTEX
8
CUT
10
123.1842
20
114.9634
0
VERTEX
8
CUT
10
123.0729
20
114.5361
0
VERTEX
8
CUT
10
123.0221
20
114.2917
0
VERTEX
8
CUT
10
122.9960
20
114.0434
0
VERTEX
8
CUT
10
122.9947
20
113.7938
0
VERTEX
8
CUT
10
123.0183
20
113.5453
0
VERTEX
8
CUT
10
123.2125
20
112.2127
0
VERTEX
8
CUT
10
123.2146
20
112.1960
0
VERTEX
8
CUT
10
123.2166
20
112.1600
0
VERTEX
8
CUT
10
123.2088
20
112.1246
0
VERTEX
8
CUT
10
123.2043
20
112.1089
0
VERTEX
8
CUT
10
123.0705
20
111.6818
0
VERTEX
8
CUT
10
123.0120
20
111.4600
0
VERTEX
8
CUT
10
122.9742
20
111.2336
0
VERTEX
8
CUT
10
122.9572
20
111.0048
0
VERTEX
8
CUT
10
122.9048
20
109.1443
0
VERTEX
8
CUT
10
122.9038
20
109.1262
0
VERTEX
8
CUT
10
122.8990
20
109.0875
0
VERTEX
8
CUT
10
122.8905
20
109.0495
0
VERTEX
8
CUT
10
122.8852
20
109.0321
0
VERTEX
8
CUT
10
122.3473
20
107.3943
0
VERTEX
8
CUT
10
122.3455
20
107.3894
0
VERTEX
8
CUT
10
122.3261
20
107.3432
0
VERTEX
8
CUT
10
122.3140
20
107.3203
0
VERTEX
8
CUT
10
122.3020
20
107.3004
0
VERTEX
8
CUT
10
121.2239
20
105.6183
0
VERTEX
8
CUT
10
121.2130
20
105.6022
0
VERTEX
8
CUT
10
121.1869
20
105.5696
0
VERTEX
8
CUT
10
121.1547
20
105.5431
0
VERTEX
8
CUT
10
121.1388
20
105.5319
0
VERTEX
8
CUT
10
119.4240
20
104.3948
0
VERTEX
8
CUT
10
119.4091
20
104.3854
0
VERTEX
8
CUT
10
119.3756
20
104.3675
0
VERTEX
8
CUT
10
119.3406
20
104.3528
0
VERTEX
8
CUT
10
119.3238
20
104.3471
0
VERTEX
8
CUT
10
118.3730
20
104.0491
0
VERTEX
8
CUT
10
118.3540
20
104.0437
0
VERTEX
8
CUT
10
118.3124
20
104.0353
0
VERTEX
8
CUT
10
118.2702
20
104.0314
0
VERTEX
8
CUT
10
118.2505
20
104.0311
0
VERTEX
8
CUT
10
116.5840
20
104.0503
0
VERTEX
8
CUT
10
116.5658
20
104.0510
0
VERTEX
8
CUT
10
116.5270
20
104.0552
0
VERTEX
8
CUT
10
116.4897
20
104.0669
0
VERTEX
8
CUT
10
116.4727
20
104.0735
0
VERTEX
8
CUT
10
114.6046
20
104.8626
0
VERTEX
8
CUT
10
114.5854
20
104.8713
0
VERTEX
8
CUT
10
114.5459
20
104.8935
0
VERTEX
8
CUT
10
114.5091
20
104.9200
0
VERTEX
8
CUT
10
114.4931
20
104.9337
0
VERTEX
8
CUT
10
113.6345
20
105.7126
0
VERTEX
8
CUT
10
113.6182
20
105.7283
0
VERTEX
8
CUT
10
113.5542
20
105.8021
0
VERTEX
8
CUT
10
113.5410
20
105.8204
0
VERTEX
8
CUT
10
112.9551
20
106.6895
0
VERTEX
8
CUT
10
112.9453
20
106.7048
0
VERTEX
8
CUT
10
112.9079
20
106.7737
0
VERTEX
8
CUT
10
112.9005
20
106.7902
0
VERTEX
8
CUT
10
112.0951
20
108.6936
0
VERTEX
8
CUT
10
112.0876
20
108.7126
0
VERTEX
8
CUT
10
112.0750
20
108.7547
0
VERTEX
8
CUT
10
112.0670
20
108.7979
0
VERTEX
8
CUT
10
112.0650
20
108.8182
0
VERTEX
8
CUT
10
112.0264
20
109.3402
0
VERTEX
8
CUT
10
111.9931
20
109.6026
0
VERTEX
8
CUT
10
111.9321
20
109.8600
0
VERTEX
8
CUT
10
111.8444
20
110.1094
0
VERTEX
8
CUT
10
111.7818
20
110.2611
0
VERTEX
8
CUT
10
111.7758
20
110.2767
0
VERTEX
8
CUT
10
111.7651
20
110.3109
0
VERTEX
8
CUT
10
111.7607
20
110.3461
0
VERTEX
8
CUT
10
111.7597
20
110.3630
0
VERTEX
8
CUT
10
111.7263
20
111.2852
0
VERTEX
8
CUT
10
111.7008
20
111.5620
0
VERTEX
8
CUT
10
111.6447
20
111.8342
0
VERTEX
8
CUT
10
111.5588
20
112.0985
0
VERTEX
8
CUT
10
111.2664
20
112.8525
0
VERTEX
8
CUT
10
111.1537
20
113.1017
0
VERTEX
8
CUT
10
111.0144
20
113.3371
0
VERTEX
8
CUT
10
110.7422
20
113.7447
0
VERTEX
8
CUT
10
110.5876
20
113.9520
0
VERTEX
8
CUT
10
110.4125
20
114.1423
0
VERTEX
8
CUT
10
108.9104
20
115.6135
0
VERTEX
8
CUT
10
108.7250
20
115.7779
0
VERTEX
8
CUT
10
108.5241
20
115.9231
0
VERTEX
8
CUT
10
108.3099
20
116.0478
0
VERTEX
8
CUT
10
107.7481
20
116.3385
0
VERTEX
8
CUT
10
107.5356
20
116.4361
0
VERTEX
8
CUT
10
107.3151
20
116.5134
0
VERTEX
8
CUT
10
105.0416
20
117.1928
0
VERTEX
8
CUT
10
104.8428
20
117.2434
0
VERTEX
8
CUT
10
104.6404
20
117.2776
0
VERTEX
8
CUT
10
104.4359
20
117.2950
0
VERTEX
8
CUT
10
103.6649
20
117.3290
0
VERTEX
8
CUT
10
103.6437
20
117.3305
0
VERTEX
8
CUT
10
103.5983
20
117.3378
0
VERTEX
8
CUT
10
103.5541
20
117.3501
0
VERTEX
8
CUT
10
103.5341
20
117.3575
0
VERTEX
8
CUT
10
103.4395
20
117.3959
0
VERTEX
8
CUT
10
103.2296
20
117.4704
0
VERTEX
8
CUT
10
103.0138
20
117.5259
0
VERTEX
8
CUT
10
102.7940
20
117.5620
0
VERTEX
8
CUT
10
102.5718
20
117.5784
0
VERTEX
8
CUT
10
101.4277
20
117.6116
0
VERTEX
8
CUT
10
101.4103
20
117.6125
0
VERTEX
8
CUT
10
101.3731
20
117.6170
0
VERTEX
8
CUT
10
101.3379
20
117.6282
0
VERTEX
8
CUT
10
101.3215
20
117.6347
0
VERTEX
8
CUT
10
101.2632
20
117.6593
0
VERTEX
8
CUT
10
101.0485
20
117.7385
0
VERTEX
8
CUT
10
100.8274
20
117.7978
0
VERTEX
8
CUT
10
100.6019
20
117.8366
0
VERTEX
8
CUT
10
100.3737
20
117.8546
0
VERTEX
8
CUT
10
99.5243
20
117.8827
0
VERTEX
8
CUT
10
99.5052
20
117.8839
0
VERTEX
8
CUT
10
99.4236
20
117.8949
0
VERTEX
8
CUT
10
99.4049
20
117.8989
0
VERTEX
8
CUT
10
98.2918
20
118.1665
0
VERTEX
8
CUT
10
98.2703
20
118.1724
0
VERTEX
8
CUT
10
98.1798
20
118.2059
0
VERTEX
8
CUT
10
98.1596
20
118.2155
0
VERTEX
8
CUT
10
97.5094
20
118.5490
0
VERTEX
8
CUT
10
97.2823
20
118.6515
0
VERTEX
8
CUT
10
97.0462
20
118.7309
0
VERTEX
8
CUT
10
95.9660
20
119.0351
0
VERTEX
8
CUT
10
95.9489
20
119.0403
0
VERTEX
8
CUT
10
95.8771
20
119.0681
0
VERTEX
8
CUT
10
95.8610
20
119.0757
0
VERTEX
8
CUT
10
91.5426
20
121.2373
0
VERTEX
8
CUT
10
91.5378
20
121.2398
0
VERTEX
8
CUT
10
91.4676
20
121.2823
0
VERTEX
8
CUT
10
91.4523
20
121.2930
0
VERTEX
8
CUT
10
89.4116
20
122.7945
0
VERTEX
8
CUT
10
89.3437
20
122.8485
0
VERTEX
8
CUT
10
89.2798
20
122.9072
0
VERTEX
8
CUT
10
86.6184
20
125.5397
0
VERTEX
8
CUT
10
86.5622
20
125.5993
0
VERTEX
8
CUT
10
86.5102
20
125.6626
0
VERTEX
8
CUT
10
84.7637
20
127.9444
0
VERTEX
8
CUT
10
84.7504
20
127.9629
0
VERTEX
8
CUT
10
84.7005
20
128.0476
0
VERTEX
8
CUT
10
84.6908
20
128.0682
0
VERTEX
8
CUT
10
84.3274
20
128.9030
0
VERTEX
8
CUT
10
84.3205
20
128.9200
0
VERTEX
8
CUT
10
84.3085
20
128.9571
0
VERTEX
8
CUT
10
84.3193
20
128.9946
0
VERTEX
8
CUT
10
84.3257
20
129.0118
0
VERTEX
8
CUT
10
84.5572
20
129.5920
0
VERTEX
8
CUT
10
84.5644
20
129.6089
0
VERTEX
8
CUT
10
84.5824
20
129.6436
0
VERTEX
8
CUT
10
84.6185
20
129.6587
0
VERTEX
8
CUT
10
84.6360
20
129.6645
0
VERTEX
8
CUT
10
85.0803
20
129.7999
0
VERTEX
8
CUT
10
87.4303
20
128.8567
0
VERTEX
8
CUT
10
87.6132
20
128.7914
0
VERTEX
8
CUT
10
87.6594
20
128.7769
0
VERTEX
8
CUT
10
90.3519
20
127.9322
0
VERTEX
8
CUT
10
90.5976
20
127.8687
0
VERTEX
8
CUT
10
90.8484
20
127.8303
0
VERTEX
8
CUT
10
91.1018
20
127.8176
0
VERTEX
8
CUT
10
91.3552
20
127.8306
0
VERTEX
8
CUT
10
91.6060
20
127.8693
0
VERTEX
8
CUT
10
91.8516
20
127.9332
0
VERTEX
8
CUT
10
92.0894
20
128.0216
0
VERTEX
8
CUT
10
92.3171
20
128.1337
0
VERTEX
8
CUT
10
92.5322
20
128.2683
0
VERTEX
8
CUT
10
92.7325
20
128.4240
0
VERTEX
8
CUT
10
92.9161
20
128.5992
0
VERTEX
8
CUT
10
92.9586
20
128.6442
0
VERTEX
8
CUT
10
93.0414
20
128.7162
0
VERTEX
8
CUT
10
93.1307
20
128.7799
0
VERTEX
8
CUT
10
93.2258
20
128.8347
0
VERTEX
8
CUT
10
93.3257
20
128.8801
0
VERTEX
8
CUT
10
93.4347
20
128.9174
0
VERTEX
8
CUT
10
93.4532
20
128.9227
0
VERTEX
8
CUT
10
93.5116
20
128.9380
0
VERTEX
8
CUT
10
93.6026
20
128.9596
0
VERTEX
8
CUT
10
93.8884
20
129.0456
0
VERTEX
8
CUT
10
94.1620
20
129.1652
0
VERTEX
8
CUT
10
94.6645
20
129.4215
0
VERTEX
8
CUT
10
94.7067
20
129.4404
0
VERTEX
8
CUT
10
94.6751
20
129.4066
0
VERTEX
8
CUT
10
94.1262
20
128.8744
0
VERTEX
8
CUT
10
94.1117
20
128.8610
0
VERTEX
8
CUT
10
94.0798
20
128.8357
0
VERTEX
8
CUT
10
94.0647
20
128.8260
0
VERTEX
8
CUT
10
93.8636
20
128.6823
0
VERTEX
8
CUT
10
93.6777
20
128.5194
0
VERTEX
8
CUT
10
93.5088
20
128.3389
0
VERTEX
8
CUT
10
93.3585
20
128.1427
0
VERTEX
8
CUT
10
93.2283
20
127.9325
0
VERTEX
8
CUT
10
93.1195
20
127.7106
0
VERTEX
8
CUT
10
93.0332
20
127.4790
0
VERTEX
8
CUT
10
92.9702
20
127.2399
0
VERTEX
8
CUT
10
92.9311
20
126.9959
0
VERTEX
8
CUT
10
92.9162
20
126.7491
0
VERTEX
8
CUT
10
92.9259
20
126.5021
0
VERTEX
8
CUT
10
92.9598
20
126.2573
0
VERTEX
8
CUT
10
93.0178
20
126.0170
0
VERTEX
8
CUT
10
93.0992
20
125.7836
0
VERTEX
8
CUT
10
93.2033
20
125.5594
0
VERTEX
8
CUT
10
93.3290
20
125.3466
0
VERTEX
8
CUT
10
93.4751
20
125.1472
0
VERTEX
8
CUT
10
93.6401
20
124.9632
0
VERTEX
8
CUT
10
93.8226
20
124.7964
0
VERTEX
8
CUT
10
94.0206
20
124.6485
0
VERTEX
8
CUT
10
94.2322
20
124.5208
0
VERTEX
8
CUT
10
94.4555
20
124.4147
0
VERTEX
8
CUT
10
98.2976
20
122.8155
0
VERTEX
8
CUT
10
98.4730
20
122.7501
0
VERTEX
8
CUT
10
98.6527
20
122.6980
0
VERTEX
8
CUT
10
99.8573
20
122.3973
0
VERTEX
8
CUT
10
100.0970
20
122.3498
0
VERTEX
8
CUT
10
100.3403
20
122.3259
0
VERTEX
8
CUT
10
100.5847
20
122.3259
0
VERTEX
8
CUT
10
100.8279
20
122.3497
0
VERTEX
8
CUT
10
101.0677
20
122.3972
0
VERTEX
8
CUT
10
101.3016
20
122.4678
0
VERTEX
8
CUT
10
101.5276
20
122.5610
0
VERTEX
8
CUT
10
101.7434
20
122.6758
0
VERTEX
8
CUT
10
101.9469
20
122.8111
0
VERTEX
8
CUT
10
102.1363
20
122.9657
0
VERTEX
8
CUT
10
102.3096
20
123.1379
0
VERTEX
8
CUT
10
102.4653
20
123.3263
0
VERTEX
8
CUT
10
102.6019
20
123.5290
0
VERTEX
8
CUT
10
102.7180
20
123.7441
0
VERTEX
8
CUT
10
102.8126
20
123.9695
0
VERTEX
8
CUT
10
102.8847
20
124.2030
0
VERTEX
8
CUT
10
102.9337
20
124.4425
0
VERTEX
8
CUT
10
102.9590
20
124.6856
0
VERTEX
8
CUT
10
102.9605
20
124.9300
0
VERTEX
8
CUT
10
102.9381
20
125.1734
0
VERTEX
8
CUT
10
102.8920
20
125.4134
0
VERTEX
8
CUT
10
102.8228
20
125.6478
0
VERTEX
8
CUT
10
102.7309
20
125.8743
0
VERTEX
8
CUT
10
102.6174
20
126.0908
0
VERTEX
8
CUT
10
102.4833
20
126.2951
0
VERTEX
8
CUT
10
102.3299
20
126.4854
0
VERTEX
8
CUT
10
102.1586
20
126.6597
0
VERTEX
8
CUT
10
101.9712
20
126.8166
0
VERTEX
8
CUT
10
101.7693
20
126.9543
0
VERTEX
8
CUT
10
100.5570
20
127.6975
0
VERTEX
8
CUT
10
100.5378
20
127.7100
0
VERTEX
8
CUT
10
100.4633
20
127.7685
0
VERTEX
8
CUT
10
100.4465
20
127.7841
0
VERTEX
8
CUT
10
99.3767
20
128.8437
0
VERTEX
8
CUT
10
99.3620
20
128.8590
0
VERTEX
8
CUT
10
99.3344
20
128.8930
0
VERTEX
8
CUT
10
99.3146
20
128.9321
0
VERTEX
8
CUT
10
99.3066
20
128.9518
0
VERTEX
8
CUT
10
99.2859
20
129.0067
0
VERTEX
8
CUT
10
99.2448
20
129.1162
0
VERTEX
8
CUT
10
99.1487
20
129.3382
0
VERTEX
8
CUT
10
99.0317
20
129.5499
0
VERTEX
8
CUT
10
98.8948
20
129.7492
0
VERTEX
8
CUT
10
98.7392
20
129.9345
0
VERTEX
8
CUT
10
98.5665
20
130.1038
0
VERTEX
8
CUT
10
98.3782
20
130.2556
0
VERTEX
8
CUT
10
98.1762
20
130.3886
0
VERTEX
8
CUT
10
97.9622
20
130.5013
0
VERTEX
8
CUT
10
97.7383
20
130.5929
0
VERTEX
8
CUT
10
97.5918
20
130.6369
0
VERTEX
8
CUT
10
97.6389
20
130.7195
0
VERTEX
8
CUT
10
97.7383
20
130.9421
0
VERTEX
8
CUT
10
97.8156
20
131.1732
0
VERTEX
8
CUT
10
97.8700
20
131.4108
0
VERTEX
8
CUT
10
97.9011
20
131.6526
0
VERTEX
8
CUT
10
97.9084
20
131.8962
0
VERTEX
8
CUT
10
97.8920
20
132.1394
0
VERTEX
8
CUT
10
97.8519
20
132.3798
0
VERTEX
8
CUT
10
97.7887
20
132.6152
0
VERTEX
8
CUT
10
97.7028
20
132.8433
0
VERTEX
8
CUT
10
97.5963
20
133.0596
0
VERTEX
8
CUT
10
97.5863
20
133.0829
0
VERTEX
8
CUT
10
97.5176
20
133.2679
0
VERTEX
8
CUT
10
97.4094
20
133.4897
0
VERTEX
8
CUT
10
97.2798
20
133.6997
0
VERTEX
8
CUT
10
97.1302
20
133.8959
0
VERTEX
8
CUT
10
96.9619
20
134.0764
0
VERTEX
8
CUT
10
96.7767
20
134.2394
0
VERTEX
8
CUT
10
96.5763
20
134.3834
0
VERTEX
8
CUT
10
96.3627
20
134.5069
0
VERTEX
8
CUT
10
96.1379
20
134.6088
0
VERTEX
8
CUT
10
95.9042
20
134.6880
0
VERTEX
8
CUT
10
95.6638
20
134.7438
0
VERTEX
8
CUT
10
95.4191
20
134.7756
0
VERTEX
8
CUT
10
95.1725
20
134.7832
0
VERTEX
8
CUT
10
94.9263
20
134.7663
0
VERTEX
8
CUT
10
94.6830
20
134.7253
0
VERTEX
8
CUT
10
94.4449
20
134.6606
0
VERTEX
8
CUT
10
93.2775
20
134.2801
0
VERTEX
8
CUT
10
93.1345
20
134.2463
0
VERTEX
8
CUT
10
93.1203
20
134.2434
0
VERTEX
8
CUT
10
93.1032
20
134.2429
0
VERTEX
8
CUT
10
92.3292
20
134.2379
0
VERTEX
8
CUT
10
91.6805
20
134.2452
0
VERTEX
8
CUT
10
91.6749
20
134.2454
0
VERTEX
8
CUT
10
91.6723
20
134.2456
0
VERTEX
8
CUT
10
91.6644
20
134.2472
0
VERTEX
8
CUT
10
91.6456
20
134.2526
0
VERTEX
8
CUT
10
91.4376
20
134.3184
0
VERTEX
8
CUT
10
90.3180
20
134.7457
0
VERTEX
8
CUT
10
89.4595
20
135.2092
0
VERTEX
8
CUT
10
88.6817
20
135.6635
0
VERTEX
8
CUT
10
88.6771
20
135.6664
0
VERTEX
8
CUT
10
88.6692
20
135.6719
0
VERTEX
8
CUT
10
88.2816
20
136.1149
0
VERTEX
8
CUT
10
88.2781
20
136.1191
0
VERTEX
8
CUT
10
88.2768
20
136.1209
0
VERTEX
8
CUT
10
88.2267
20
136.1974
0
VERTEX
8
CUT
10
88.2181
20
136.2134
0
VERTEX
8
CUT
10
86.8877
20
138.9013
0
VERTEX
8
CUT
10
86.8805
20
138.9166
0
VERTEX
8
CUT
10
86.8773
20
138.9249
0
VERTEX
8
CUT
10
86.8721
20
138.9639
0
VERTEX
8
CUT
10
86.8711
20
138.9844
0
VERTEX
8
CUT
10
86.8596
20
139.4946
0
VERTEX
8
CUT
10
86.8526
20
140.4246
0
VERTEX
8
CUT
10
86.8455
20
141.3658
0
VERTEX
8
CUT
10
86.8415
20
141.8932
0
VERTEX
8
CUT
10
86.8388
20
142.2546
0
VERTEX
8
CUT
10
87.0328
20
143.6197
0
VERTEX
8
CUT
10
87.4330
20
144.8701
0
VERTEX
8
CUT
10
87.5220
20
145.1483
0
VERTEX
8
CUT
10
87.5970
20
145.3825
0
VERTEX
8
CUT
10
87.9424
20
146.4617
0
VERTEX
8
CUT
10
88.5322
20
147.6334
0
VERTEX
8
CUT
10
88.5403
20
147.6485
0
VERTEX
8
CUT
10
88.5412
20
147.6500
0
VERTEX
8
CUT
10
88.5797
20
147.7118
0
VERTEX
8
CUT
10
88.5899
20
147.7258
0
VERTEX
8
CUT
10
90.4132
20
150.1262
0
VERTEX
8
CUT
10
93.7023
20
153.0709
0
VERTEX
8
CUT
10
93.7073
20
153.0751
0
VERTEX
8
CUT
10
93.7204
20
153.0828
0
VERTEX
8
CUT
10
93.7373
20
153.0910
0
VERTEX
8
CUT
10
96.8807
20
154.5208
0
VERTEX
8
CUT
10
97.1342
20
154.6541
0
VERTEX
8
CUT
10
98.6604
20
155.5721
0
VERTEX
8
CUT
10
98.6778
20
155.5819
0
VERTEX
8
CUT
10
98.7039
20
155.5941
0
VERTEX
8
CUT
10
98.7361
20
155.6015
0
VERTEX
8
CUT
10
98.7556
20
155.6044
0
VERTEX
8
CUT
10
99.1909
20
155.6573
0
VERTEX
8
CUT
10
99.4753
20
155.7087
0
VERTEX
8
CUT
10
99.7519
20
155.7925
0
VERTEX
8
CUT
10
99.7603
20
155.7956
0
VERTEX
8
CUT
10
101.5198
20
156.4424
0
VERTEX
8
CUT
10
101.5370
20
156.4482
0
VERTEX
8
CUT
10
101.5747
20
156.4581
0
VERTEX
8
CUT
10
101.6132
20
156.4643
0
VERTEX
8
CUT
10
101.6312
20
156.4658
0
VERTEX
8
CUT
10
102.2829
20
156.5070
0
VERTEX
8
CUT
10
102.5078
20
156.5314
0
VERTEX
8
CUT
10
102.7296
20
156.5761
0
VERTEX
8
CUT
10
104.6121
20
157.0449
0
VERTEX
8
CUT
10
104.8720
20
157.1249
0
VERTEX
8
CUT
10
106.7575
20
157.8194
0
VERTEX
8
CUT
10
106.7760
20
157.8256
0
VERTEX
8
CUT
10
106.8203
20
157.8369
0
VERTEX
8
CUT
10
106.8564
20
157.8425
0
VERTEX
8
CUT
10
106.8751
20
157.8440
0
VERTEX
8
CUT
10
107.7929
20
157.8929
0
VERTEX
8
CUT
10
108.0337
20
157.9175
0
VERTEX
8
CUT
10
108.2710
20
157.9653
0
VERTEX
8
CUT
10
108.9169
20
158.1282
0
VERTEX
8
CUT
10
109.1340
20
158.1935
0
VERTEX
8
CUT
10
109.3442
20
158.2782
0
VERTEX
8
CUT
10
109.3797
20
158.2964
0
VERTEX
8
CUT
10
109.5345
20
158.3634
0
VERTEX
8
CUT
10
110.6655
20
158.9254
0
VERTEX
8
CUT
10
110.8486
20
159.0261
0
VERTEX
8
CUT
10
111.0226
20
159.1417
0
VERTEX
8
CUT
10
111.6197
20
159.5755
0
VERTEX
8
CUT
10
111.6490
20
159.5940
0
VERTEX
8
CUT
10
111.7409
20
159.6636
0
VERTEX
8
CUT
10
111.7851
20
159.6957
0
VERTEX
8
CUT
10
111.9469
20
159.8238
0
VERTEX
8
CUT
10
112.0976
20
159.9649
0
VERTEX
8
CUT
10
112.6762
20
160.5529
0
VERTEX
8
CUT
10
113.2646
20
161.1318
0
VERTEX
8
CUT
10
113.4052
20
161.2821
0
VERTEX
8
CUT
10
113.5331
20
161.4435
0
VERTEX
8
CUT
10
113.5855
20
161.5155
0
VERTEX
8
CUT
10
113.6352
20
161.5813
0
VERTEX
8
CUT
10
113.6466
20
161.5997
0
VERTEX
8
CUT
10
114.0705
20
162.1825
0
VERTEX
8
CUT
10
114.2005
20
162.3803
0
VERTEX
8
CUT
10
114.3112
20
162.5894
0
VERTEX
8
CUT
10
114.7612
20
163.5468
0
VERTEX
8
CUT
10
114.7998
20
163.6396
0
VERTEX
8
CUT
10
114.8047
20
163.6492
0
VERTEX
8
CUT
10
114.8128
20
163.6707
0
VERTEX
8
CUT
10
114.8473
20
163.7537
0
VERTEX
8
CUT
10
114.8631
20
163.8038
0
VERTEX
8
CUT
10
114.8959
20
163.8905
0
VERTEX
8
CUT
10
114.9618
20
164.1399
0
VERTEX
8
CUT
10
115.0016
20
164.3947
0
VERTEX
8
CUT
10
115.0150
20
164.6523
0
VERTEX
8
CUT
10
115.0154
20
166.8519
0
VERTEX
8
CUT
10
115.0044
20
167.0872
0
VERTEX
8
CUT
10
114.9712
20
167.3204
0
VERTEX
8
CUT
10
114.9163
20
167.5495
0
VERTEX
8
CUT
10
114.8400
20
167.7724
0
VERTEX
8
CUT
10
114.7431
20
167.9871
0
VERTEX
8
CUT
10
114.5688
20
168.3293
0
VERTEX
8
CUT
10
114.4547
20
168.5299
0
VERTEX
8
CUT
10
114.3226
20
168.7191
0
VERTEX
8
CUT
10
111.6989
20
172.1294
0
VERTEX
8
CUT
10
111.5918
20
172.2593
0
VERTEX
8
CUT
10
110.7277
20
173.2384
0
VERTEX
8
CUT
10
109.6529
20
174.5905
0
VERTEX
8
CUT
10
109.6496
20
174.5948
0
VERTEX
8
CUT
10
109.6226
20
174.6352
0
VERTEX
8
CUT
10
109.6110
20
174.6618
0
VERTEX
8
CUT
10
109.6026
20
174.6848
0
VERTEX
8
CUT
10
109.3883
20
175.3212
0
VERTEX
8
CUT
10
109.3007
20
175.5454
0
VERTEX
8
CUT
10
109.1919
20
175.7600
0
VERTEX
8
CUT
10
109.0629
20
175.9632
0
VERTEX
8
CUT
10
108.9150
20
176.1531
0
VERTEX
8
CUT
10
108.7495
20
176.3279
0
VERTEX
8
CUT
10
108.5680
20
176.4859
0
VERTEX
8
CUT
10
108.3722
20
176.6258
0
VERTEX
8
CUT
10
108.1638
20
176.7462
0
VERTEX
8
CUT
10
107.9448
20
176.8459
0
VERTEX
8
CUT
10
107.7172
20
176.9242
0
VERTEX
8
CUT
10
107.4831
20
176.9802
0
VERTEX
8
CUT
10
107.2448
20
177.0135
0
VERTEX
8
CUT
10
107.0043
20
177.0237
0
VERTEX
8
CUT
10
106.7640
20
177.0107
0
VERTEX
8
CUT
10
106.5261
20
176.9746
0
VERTEX
8
CUT
10
106.2927
20
176.9159
0
VERTEX
8
CUT
10
106.0660
20
176.8350
0
VERTEX
8
CUT
10
105.8482
20
176.7326
0
VERTEX
8
CUT
10
105.6412
20
176.6098
0
VERTEX
8
CUT
10
105.4470
20
176.4677
0
VERTEX
8
CUT
10
105.2674
20
176.3075
0
VERTEX
8
CUT
10
105.1040
20
176.1308
0
VERTEX
8
CUT
10
104.9583
20
175.9392
0
VERTEX
8
CUT
10
103.7238
20
174.1420
0
VERTEX
8
CUT
10
103.6637
20
174.0698
0
VERTEX
8
CUT
10
103.3702
20
173.6803
0
VERTEX
8
CUT
10
103.1763
20
173.4856
0
VERTEX
8
CUT
10
100.3925
20
170.9822
0
VERTEX
8
CUT
10
100.3884
20
170.9787
0
VERTEX
8
CUT
10
100.3652
20
170.9610
0
VERTEX
8
CUT
10
100.3292
20
170.9378
0
VERTEX
8
CUT
10
100.3133
20
170.9291
0
VERTEX
8
CUT
10
98.5869
20
170.0387
0
VERTEX
8
CUT
10
98.5825
20
170.0366
0
VERTEX
8
CUT
10
98.5141
20
170.0074
0
VERTEX
8
CUT
10
98.4982
20
170.0017
0
VERTEX
8
CUT
10
96.9128
20
169.4728
0
VERTEX
8
CUT
10
96.8375
20
169.4504
0
VERTEX
8
CUT
10
96.7608
20
169.4330
0
VERTEX
8
CUT
10
95.3316
20
169.1581
0
VERTEX
8
CUT
10
95.1081
20
169.1043
0
VERTEX
8
CUT
10
94.8905
20
169.0302
0
VERTEX
8
CUT
10
94.6806
20
168.9365
0
VERTEX
8
CUT
10
94.5710
20
168.8813
0
VERTEX
8
CUT
10
94.3557
20
168.7593
0
VERTEX
8
CUT
10
94.1535
20
168.6167
0
VERTEX
8
CUT
10
93.9665
20
168.4547
0
VERTEX
8
CUT
10
93.7963
20
168.2751
0
VERTEX
8
CUT
10
93.6448
20
168.0795
0
VERTEX
8
CUT
10
93.5133
20
167.8699
0
VERTEX
8
CUT
10
93.4032
20
167.6483
0
VERTEX
8
CUT
10
93.3155
20
167.4169
0
VERTEX
8
CUT
10
93.2512
20
167.1780
0
VERTEX
8
CUT
10
93.2107
20
166.9339
0
VERTEX
8
CUT
10
93.1743
20
166.6174
0
VERTEX
8
CUT
10
93.1720
20
166.6005
0
VERTEX
8
CUT
10
93.1645
20
166.5647
0
VERTEX
8
CUT
10
93.1418
20
166.5357
0
VERTEX
8
CUT
10
93.1307
20
166.5234
0
VERTEX
8
CUT
10
92.2863
20
165.6290
0
VERTEX
8
CUT
10
92.2733
20
165.6158
0
VERTEX
8
CUT
10
92.2129
20
165.5633
0
VERTEX
8
CUT
10
92.1981
20
165.5522
0
VERTEX
8
CUT
10
91.1186
20
164.7861
0
VERTEX
8
CUT
10
91.1036
20
164.7760
0
VERTEX
8
CUT
10
91.0357
20
164.7370
0
VERTEX
8
CUT
10
91.0193
20
164.7292
0
VERTEX
8
CUT
10
88.0199
20
163.3738
0
VERTEX
8
CUT
10
88.0043
20
163.3672
0
VERTEX
8
CUT
10
87.9349
20
163.3431
0
VERTEX
8
CUT
10
87.9184
20
163.3386
0
VERTEX
8
CUT
10
85.7791
20
162.8070
0
VERTEX
8
CUT
10
85.7605
20
162.8028
0
VERTEX
8
CUT
10
85.6788
20
162.7912
0
VERTEX
8
CUT
10
85.6597
20
162.7899
0
VERTEX
8
CUT
10
84.6664
20
162.7499
0
VERTEX
8
CUT
10
84.4055
20
162.7257
0
VERTEX
8
CUT
10
84.1486
20
162.6742
0
VERTEX
8
CUT
10
83.8984
20
162.5962
0
VERTEX
8
CUT
10
83.7068
20
162.5252
0
VERTEX
8
CUT
10
83.6910
20
162.5197
0
VERTEX
8
CUT
10
83.6560
20
162.5102
0
VERTEX
8
CUT
10
83.6204
20
162.5072
0
VERTEX
8
CUT
10
83.6034
20
162.5068
0
VERTEX
8
CUT
10
79.7900
20
162.5181
0
VERTEX
8
CUT
10
79.7687
20
162.5188
0
VERTEX
8
CUT
10
79.7231
20
162.5241
0
VERTEX
8
CUT
10
79.6784
20
162.5346
0
VERTEX
8
CUT
10
79.6581
20
162.5412
0
VERTEX
8
CUT
10
77.9251
20
163.1631
0
VERTEX
8
CUT
10
77.7114
20
163.2291
0
VERTEX
8
CUT
10
77.4927
20
163.2758
0
VERTEX
8
CUT
10
77.2707
20
163.3027
0
VERTEX
8
CUT
10
76.6253
20
163.3519
0
VERTEX
8
CUT
10
76.6252
20
163.3506
0
VERTEX
8
CUT
10
76.4259
20
163.3603
0
VERTEX
8
CUT
10
76.1875
20
163.3491
0
VERTEX
8
CUT
10
75.9512
20
163.3153
0
VERTEX
8
CUT
10
75.7193
20
163.2591
0
VERTEX
8
CUT
10
75.4937
20
163.1810
0
VERTEX
8
CUT
10
75.2766
20
163.0817
0
VERTEX
8
CUT
10
75.0700
20
162.9623
0
VERTEX
8
CUT
10
74.8757
20
162.8236
0
VERTEX
8
CUT
10
74.6955
20
162.6671
0
VERTEX
8
CUT
10
74.5311
20
162.4940
0
VERTEX
8
CUT
10
74.4286
20
162.3753
0
VERTEX
8
CUT
10
74.3480
20
162.2986
0
VERTEX
8
CUT
10
74.2558
20
162.2267
0
VERTEX
8
CUT
10
74.2399
20
162.2155
0
VERTEX
8
CUT
10
74.1890
20
162.1815
0
VERTEX
8
CUT
10
72.9957
20
161.4260
0
VERTEX
8
CUT
10
72.7794
20
161.2724
0
VERTEX
8
CUT
10
72.5806
20
161.0967
0
VERTEX
8
CUT
10
71.6648
20
160.1966
0
VERTEX
8
CUT
10
71.6200
20
160.1547
0
VERTEX
8
CUT
10
71.6055
20
160.1418
0
VERTEX
8
CUT
10
71.5145
20
160.0684
0
VERTEX
8
CUT
10
71.4215
20
160.0074
0
VERTEX
8
CUT
10
71.3229
20
159.9558
0
VERTEX
8
CUT
10
71.2146
20
159.9119
0
VERTEX
8
CUT
10
71.1673
20
159.8954
0
VERTEX
8
CUT
10
71.1678
20
159.8938
0
VERTEX
8
CUT
10
71.0318
20
159.8465
0
VERTEX
8
CUT
10
70.8125
20
159.7456
0
VERTEX
8
CUT
10
70.6040
20
159.6241
0
VERTEX
8
CUT
10
70.4083
20
159.4830
0
VERTEX
8
CUT
10
70.2270
20
159.3237
0
VERTEX
8
CUT
10
70.0619
20
159.1476
0
VERTEX
8
CUT
10
69.9146
20
158.9565
0
VERTEX
8
CUT
10
69.7864
20
158.7520
0
VERTEX
8
CUT
10
69.6785
20
158.5362
0
VERTEX
8
CUT
10
69.5919
20
158.3109
0
VERTEX
8
CUT
10
69.5274
20
158.0784
0
VERTEX
8
CUT
10
69.4857
20
157.8407
0
VERTEX
8
CUT
10
69.4670
20
157.6001
0
VERTEX
8
CUT
10
69.4379
20
156.5965
0
VERTEX
8
CUT
10
69.4375
20
156.5883
0
VERTEX
8
CUT
10
69.4304
20
156.5644
0
VERTEX
8
CUT
10
69.4220
20
156.5412
0
VERTEX
8
CUT
10
69.3547
20
156.3706
0
VERTEX
8
CUT
10
69.2704
20
156.1179
0
VERTEX
8
CUT
10
69.2135
20
155.8578
0
VERTEX
8
CUT
10
69.1845
20
155.5931
0
VERTEX
8
CUT
10
69.1829
20
155.5644
0
VERTEX
8
CUT
10
69.1419
20
154.8278
0
VERTEX
8
CUT
10
69.1403
20
154.8081
0
VERTEX
8
CUT
10
69.1335
20
154.7663
0
VERTEX
8
CUT
10
69.1181
20
154.7268
0
VERTEX
8
CUT
10
69.1095
20
154.7091
0
VERTEX
8
CUT
10
68.8699
20
154.2461
0
VERTEX
8
CUT
10
68.7794
20
154.0511
0
VERTEX
8
CUT
10
68.7060
20
153.8491
0
VERTEX
8
CUT
10
68.6503
20
153.6416
0
VERTEX
8
CUT
10
68.6125
20
153.4300
0
VERTEX
8
CUT
10
68.5675
20
153.0945
0
VERTEX
8
CUT
10
68.5640
20
153.0734
0
VERTEX
8
CUT
10
68.5527
20
153.0287
0
VERTEX
8
CUT
10
68.5364
20
152.9856
0
VERTEX
8
CUT
10
68.5271
20
152.9663
0
VERTEX
8
CUT
10
68.0647
20
152.0703
0
VERTEX
8
CUT
10
67.9612
20
151.8426
0
VERTEX
8
CUT
10
67.8811
20
151.6056
0
VERTEX
8
CUT
10
67.8250
20
151.3618
0
VERTEX
8
CUT
10
67.7935
20
151.1137
0
VERTEX
8
CUT
10
67.7600
20
150.6738
0
VERTEX
8
CUT
10
67.7581
20
150.6551
0
VERTEX
8
CUT
10
67.7510
20
150.6153
0
VERTEX
8
CUT
10
67.7400
20
150.5764
0
VERTEX
8
CUT
10
67.7336
20
150.5588
0
VERTEX
8
CUT
10
67.3961
20
149.7037
0
VERTEX
8
CUT
10
67.3244
20
149.4955
0
VERTEX
8
CUT
10
67.2713
20
149.2818
0
VERTEX
8
CUT
10
67.2371
20
149.0642
0
VERTEX
8
CUT
10
67.1952
20
148.6895
0
VERTEX
8
CUT
10
67.1929
20
148.6724
0
VERTEX
8
CUT
10
67.1854
20
148.6360
0
VERTEX
8
CUT
10
67.1715
20
148.6019
0
VERTEX
8
CUT
10
67.1638
20
148.5862
0
VERTEX
8
CUT
10
66.9638
20
148.2019
0
VERTEX
8
CUT
10
66.8573
20
147.9685
0
VERTEX
8
CUT
10
66.7752
20
147.7255
0
VERTEX
8
CUT
10
66.7185
20
147.4754
0
VERTEX
8
CUT
10
66.6877
20
147.2207
0
VERTEX
8
CUT
10
66.6618
20
146.8454
0
VERTEX
8
CUT
10
66.6595
20
146.8227
0
VERTEX
8
CUT
10
66.6408
20
146.7259
0
VERTEX
8
CUT
10
66.6345
20
146.7040
0
VERTEX
8
CUT
10
66.1296
20
145.1400
0
VERTEX
8
CUT
10
65.9960
20
144.7260
0
VERTEX
8
CUT
10
65.9368
20
144.5099
0
VERTEX
8
CUT
10
65.8971
20
144.2894
0
VERTEX
8
CUT
10
65.8774
20
144.0662
0
VERTEX
8
CUT
10
65.8302
20
142.9770
0
VERTEX
8
CUT
10
65.8290
20
142.9583
0
VERTEX
8
CUT
10
65.8232
20
142.9183
0
VERTEX
8
CUT
10
65.8135
20
142.8791
0
VERTEX
8
CUT
10
65.8076
20
142.8612
0
VERTEX
8
CUT
10
65.4783
20
141.9396
0
VERTEX
8
CUT
10
65.3997
20
141.6740
0
VERTEX
8
CUT
10
65.3509
20
141.4012
0
VERTEX
8
CUT
10
65.3327
20
141.1247
0
VERTEX
8
CUT
10
65.2917
20
137.2302
0
VERTEX
8
CUT
10
65.2910
20
137.2106
0
VERTEX
8
CUT
10
65.2813
20
137.1267
0
VERTEX
8
CUT
10
65.2776
20
137.1074
0
VERTEX
8
CUT
10
65.1076
20
136.3428
0
VERTEX
8
CUT
10
65.0648
20
136.0890
0
VERTEX
8
CUT
10
65.0483
20
135.8320
0
VERTEX
8
CUT
10
65.0337
20
134.6774
0
VERTEX
8
CUT
10
65.0466
20
134.3901
0
VERTEX
8
CUT
10
65.0925
20
134.1061
0
VERTEX
8
CUT
10
65.8571
20
130.6483
0
VERTEX
8
CUT
10
65.9262
20
130.3982
0
VERTEX
8
CUT
10
66.6608
20
128.1922
0
VERTEX
8
CUT
10
66.7311
20
128.0062
0
VERTEX
8
CUT
10
66.8159
20
127.8263
0
VERTEX
8
CUT
10
67.1593
20
127.1676
0
VERTEX
8
CUT
10
67.1678
20
127.1502
0
VERTEX
8
CUT
10
67.1987
20
127.0724
0
VERTEX
8
CUT
10
67.2044
20
127.0538
0
VERTEX
8
CUT
10
67.5068
20
125.9795
0
VERTEX
8
CUT
10
67.5859
20
125.7440
0
VERTEX
8
CUT
10
67.6879
20
125.5176
0
VERTEX
8
CUT
10
68.5404
20
123.8520
0
VERTEX
8
CUT
10
68.5713
20
123.7869
0
VERTEX
8
CUT
10
68.5982
20
123.7201
0
VERTEX
8
CUT
10
69.7116
20
120.6910
0
VERTEX
8
CUT
10
69.8007
20
120.4791
0
VERTEX
8
CUT
10
69.9090
20
120.2762
0
VERTEX
8
CUT
10
70.7622
20
118.8407
0
VERTEX
8
CUT
10
70.7712
20
118.8248
0
VERTEX
8
CUT
10
70.7878
20
118.7892
0
VERTEX
8
CUT
10
70.7935
20
118.7504
0
VERTEX
8
CUT
10
70.7948
20
118.7322
0
VERTEX
8
CUT
10
70.8581
20
117.3794
0
VERTEX
8
CUT
10
70.8775
20
117.1643
0
VERTEX
8
CUT
10
70.9154
20
116.9517
0
VERTEX
8
CUT
10
70.9715
20
116.7431
0
VERTEX
8
CUT
10
71.0454
20
116.5402
0
VERTEX
8
CUT
10
71.6290
20
115.1302
0
VERTEX
8
CUT
10
71.6351
20
115.1146
0
VERTEX
8
CUT
10
71.6458
20
115.0802
0
VERTEX
8
CUT
10
71.6503
20
115.0449
0
VERTEX
8
CUT
10
71.6513
20
115.0280
0
VERTEX
8
CUT
10
71.6836
20
114.1346
0
VERTEX
8
CUT
10
71.7025
20
113.9050
0
VERTEX
8
CUT
10
71.7425
20
113.6780
0
VERTEX
8
CUT
10
71.8032
20
113.4557
0
VERTEX
8
CUT
10
71.8842
20
113.2400
0
VERTEX
8
CUT
10
71.9048
20
113.1919
0
VERTEX
8
CUT
10
71.9112
20
113.1759
0
VERTEX
8
CUT
10
71.9227
20
113.1404
0
VERTEX
8
CUT
10
71.9274
20
113.1039
0
VERTEX
8
CUT
10
71.9284
20
113.0864
0
VERTEX
8
CUT
10
71.9664
20
112.0377
0
VERTEX
8
CUT
10
71.9822
20
111.8334
0
VERTEX
8
CUT
10
72.0146
20
111.6310
0
VERTEX
8
CUT
10
72.0636
20
111.4320
0
VERTEX
8
CUT
10
72.1969
20
110.9724
0
VERTEX
8
CUT
10
72.1982
20
110.9672
0
VERTEX
8
CUT
10
72.2084
20
110.9175
0
VERTEX
8
CUT
10
72.2113
20
110.8913
0
VERTEX
8
CUT
10
72.2125
20
110.8678
0
VERTEX
8
CUT
10
72.2478
20
109.5073
0
VERTEX
8
CUT
10
72.2479
20
109.5025
0
VERTEX
8
CUT
10
72.2445
20
109.4290
0
VERTEX
8
CUT
10
72.2427
20
109.4124
0
VERTEX
8
CUT
10
71.9250
20
106.9097
0
VERTEX
8
CUT
10
71.9243
20
106.9050
0
VERTEX
8
CUT
10
71.9098
20
106.8331
0
VERTEX
8
CUT
10
71.9056
20
106.8169
0
VERTEX
8
CUT
10
71.3603
20
104.9086
0
VERTEX
8
CUT
10
71.3548
20
104.8911
0
VERTEX
8
CUT
10
71.3258
20
104.8174
0
VERTEX
8
CUT
10
71.3178
20
104.8009
0
VERTEX
8
CUT
10
71.1158
20
104.4063
0
VERTEX
8
CUT
10
71.0100
20
104.1704
0
VERTEX
8
CUT
10
70.9291
20
103.9249
0
VERTEX
8
CUT
10
70.8741
20
103.6722
0
VERTEX
8
CUT
10
70.8454
20
103.4153
0
VERTEX
8
CUT
10
70.8042
20
102.7230
0
VERTEX
8
CUT
10
70.8028
20
102.7061
0
VERTEX
8
CUT
10
70.7974
20
102.6701
0
VERTEX
8
CUT
10
70.7857
20
102.6360
0
VERTEX
8
CUT
10
70.7791
20
102.6202
0
VERTEX
8
CUT
10
69.9325
20
100.7237
0
VERTEX
8
CUT
10
69.8423
20
100.4911
0
VERTEX
8
CUT
10
69.7757
20
100.2506
0
VERTEX
8
CUT
10
69.7335
20
100.0047
0
VERTEX
8
CUT
10
69.6903
20
99.6473
0
VERTEX
8
CUT
10
69.6875
20
99.6285
0
VERTEX
8
CUT
10
69.6695
20
99.5485
0
VERTEX
8
CUT
10
69.6640
20
99.5303
0
VERTEX
8
CUT
10
68.8651
20
97.1379
0
VERTEX
8
CUT
10
68.8635
20
97.1333
0
VERTEX
8
CUT
10
68.8344
20
97.0638
0
VERTEX
8
CUT
10
68.8269
20
97.0484
0
VERTEX
8
CUT
10
68.6251
20
96.6592
0
VERTEX
8
CUT
10
68.5192
20
96.4265
0
VERTEX
8
CUT
10
68.4375
20
96.1842
0
VERTEX
8
CUT
10
68.3811
20
95.9348
0
VERTEX
8
CUT
10
68.3504
20
95.6809
0
VERTEX
8
CUT
10
68.3237
20
95.2944
0
VERTEX
8
CUT
10
68.3218
20
95.2747
0
VERTEX
8
CUT
10
68.3069
20
95.1903
0
VERTEX
8
CUT
10
68.3020
20
95.1711
0
VERTEX
8
CUT
10
67.6377
20
92.8622
0
VERTEX
8
CUT
10
67.5882
20
92.6586
0
VERTEX
8
CUT
10
67.5560
20
92.4517
0
VERTEX
8
CUT
10
67.5412
20
92.2427
0
VERTEX
8
CUT
10
67.5051
20
90.9849
0
VERTEX
8
CUT
10
67.5039
20
90.9647
0
VERTEX
8
CUT
10
67.4980
20
90.9216
0
VERTEX
8
CUT
10
67.4875
20
90.8794
0
VERTEX
8
CUT
10
67.4811
20
90.8603
0
VERTEX
8
CUT
10
67.4119
20
90.6719
0
VERTEX
8
CUT
10
67.3353
20
90.4243
0
VERTEX
8
CUT
10
67.2848
20
90.1700
0
VERTEX
8
CUT
10
67.2609
20
89.9119
0
VERTEX
8
CUT
10
67.2506
20
89.6582
0
VERTEX
8
CUT
10
66.9458
20
82.1515
0
VERTEX
8
CUT
10
66.9446
20
82.1330
0
VERTEX
8
CUT
10
66.9391
20
82.0936
0
VERTEX
8
CUT
10
66.9297
20
82.0549
0
VERTEX
8
CUT
10
66.9240
20
82.0373
0
VERTEX
8
CUT
10
66.8400
20
81.7966
0
VERTEX
8
CUT
10
66.7684
20
81.5524
0
VERTEX
8
CUT
10
66.7221
20
81.3022
0
VERTEX
8
CUT
10
66.7014
20
81.0486
0
VERTEX
8
CUT
10
66.6639
20
79.8163
0
VERTEX
8
CUT
10
66.6636
20
79.8108
0
VERTEX
8
CUT
10
66.6579
20
79.7616
0
VERTEX
8
CUT
10
66.6493
20
79.7333
0
VERTEX
8
CUT
10
66.6406
20
79.7100
0
VERTEX
8
CUT
10
66.6126
20
79.6406
0
VERTEX
8
CUT
10
66.5368
20
79.4252
0
VERTEX
8
CUT
10
66.4811
20
79.2037
0
VERTEX
8
CUT
10
66.4457
20
78.9781
0
VERTEX
8
CUT
10
66.4311
20
78.7502
0
VERTEX
8
CUT
10
66.3974
20
76.9118
0
VERTEX
8
CUT
10
66.3965
20
76.8920
0
VERTEX
8
CUT
10
66.3912
20
76.8496
0
VERTEX
8
CUT
10
66.3815
20
76.8080
0
VERTEX
8
CUT
10
66.3755
20
76.7891
0
VERTEX
8
CUT
10
66.2855
20
76.5313
0
VERTEX
8
CUT
10
66.2141
20
76.2873
0
VERTEX
8
CUT
10
66.1679
20
76.0374
0
VERTEX
8
CUT
10
66.1472
20
75.7840
0
VERTEX
8
CUT
10
66.1097
20
74.5513
0
VERTEX
8
CUT
10
66.1094
20
74.5458
0
VERTEX
8
CUT
10
66.1037
20
74.4966
0
VERTEX
8
CUT
10
66.0951
20
74.4684
0
VERTEX
8
CUT
10
66.0864
20
74.4451
0
VERTEX
8
CUT
10
66.0543
20
74.3655
0
VERTEX
8
CUT
10
65.9793
20
74.1525
0
VERTEX
8
CUT
10
65.9239
20
73.9337
0
VERTEX
8
CUT
10
65.8884
20
73.7108
0
VERTEX
8
CUT
10
65.8732
20
73.4856
0
VERTEX
8
CUT
10
65.8364
20
71.8420
0
VERTEX
8
CUT
10
65.8353
20
71.8207
0
VERTEX
8
CUT
10
65.8229
20
71.7296
0
VERTEX
8
CUT
10
65.8182
20
71.7088
0
VERTEX
8
CUT
10
65.4001
20
70.0644
0
VERTEX
8
CUT
10
65.3455
20
69.7833
0
VERTEX
8
CUT
10
65.3235
20
69.4978
0
VERTEX
8
CUT
10
65.2886
20
67.7339
0
VERTEX
8
CUT
10
65.2884
20
67.7288
0
VERTEX
8
CUT
10
65.2836
20
67.6800
0
VERTEX
8
CUT
10
65.2790
20
67.6551
0
VERTEX
8
CUT
10
65.2735
20
67.6330
0
VERTEX
8
CUT
10
65.1297
20
67.1066
0
VERTEX
8
CUT
10
65.0824
20
66.8990
0
VERTEX
8
CUT
10
65.0529
20
66.6882
0
VERTEX
8
CUT
10
65.0415
20
66.4756
0
VERTEX
8
CUT
10
65.0034
20
63.0350
0
VERTEX
8
CUT
10
65.0026
20
63.0147
0
VERTEX
8
CUT
10
64.9974
20
62.9711
0
VERTEX
8
CUT
10
64.9874
20
62.9284
0
VERTEX
8
CUT
10
64.9812
20
62.9090
0
VERTEX
8
CUT
10
64.8967
20
62.6679
0
VERTEX
8
CUT
10
64.8260
20
62.4282
0
VERTEX
8
CUT
10
64.7795
20
62.1827
0
VERTEX
8
CUT
10
64.7578
20
61.9338
0
VERTEX
8
CUT
10
64.7213
20
60.9505
0
VERTEX
8
CUT
10
64.7203
20
60.9329
0
VERTEX
8
CUT
10
64.7153
20
60.8953
0
VERTEX
8
CUT
10
64.7034
20
60.8594
0
VERTEX
8
CUT
10
64.6855
20
60.8159
0
VERTEX
8
CUT
10
64.6873
20
60.8151
0
VERTEX
8
CUT
10
64.6186
20
60.6347
0
VERTEX
8
CUT
10
64.5540
20
60.3965
0
VERTEX
8
CUT
10
64.5131
20
60.1531
0
VERTEX
8
CUT
10
64.4964
20
59.9069
0
VERTEX
8
CUT
10
64.4583
20
57.8200
0
VERTEX
8
CUT
10
64.4572
20
57.7973
0
VERTEX
8
CUT
10
64.4435
20
57.6998
0
VERTEX
8
CUT
10
64.4383
20
57.6776
0
VERTEX
8
CUT
10
64.3244
20
57.2514
0
VERTEX
8
CUT
10
64.2772
20
57.0373
0
VERTEX
8
CUT
10
64.2488
20
56.8199
0
VERTEX
8
CUT
10
64.2397
20
56.6009
0
VERTEX
8
CUT
10
64.2677
20
43.1172
0
VERTEX
8
CUT
10
64.2796
20
42.8786
0
VERTEX
8
CUT
10
64.3142
20
42.6423
0
VERTEX
8
CUT
10
64.3713
20
42.4103
0
VERTEX
8
CUT
10
64.4022
20
42.3218
0
SEQEND
0
POLYLINE
8
CUT
66
1
70
1
10
0.0
20
0.0
30
0.0
0
VERTEX
8
CUT
10
109.9784
20
189.0029
0
VERTEX
8
CUT
10
110.0832
20
188.7790
0
VERTEX
8
CUT
10
110.2096
20
188.5665
0
VERTEX
8
CUT
10
110.3564
20
188.3676
0
VERTEX
8
CUT
10
110.5222
20
188.1841
0
VERTEX
8
CUT
10
110.7052
20
188.0179
0
VERTEX
8
CUT
10
110.9038
20
187.8706
0
VERTEX
8
CUT
10
111.1159
20
187.7436
0
VERTEX
8
CUT
10
111.3396
20
187.6382
0
VERTEX
8
CUT
10
111.5726
20
187.5554
0
VERTEX
8
CUT
10
111.8126
20
187.4960
0
VERTEX
8
CUT
10
112.0573
20
187.4606
0
VERTEX
8
CUT
10
112.3043
20
187.4496
0
VERTEX
8
CUT
10
112.5512
20
187.4630
0
VERTEX
8
CUT
10
112.7955
20
187.5007
0
VERTEX
8
CUT
10
113.0350
20
187.5624
0
VERTEX
8
CUT
10
113.2671
20
187.6475
0
VERTEX
8
CUT
10
113.4898
20
187.7550
0
VERTEX
8
CUT
10
113.7007
20
187.8841
0
VERTEX
8
CUT
10
113.8978
20
188.0333
0
VERTEX
8
CUT
10
114.0793
20
188.2013
0
VERTEX
8
CUT
10
114.1569
20
188.2889
0
VERTEX
8
CUT
10
114.2306
20
188.3645
0
VERTEX
8
CUT
10
114.2443
20
188.3766
0
VERTEX
8
CUT
10
117.9094
20
191.4663
0
VERTEX
8
CUT
10
117.9587
20
191.5057
0
VERTEX
8
CUT
10
118.0101
20
191.5425
0
VERTEX
8
CUT
10
119.7185
20
192.6973
0
VERTEX
8
CUT
10
119.7848
20
192.7390
0
VERTEX
8
CUT
10
119.8537
20
192.7763
0
VERTEX
8
CUT
10
124.1490
20
194.9205
0
VERTEX
8
CUT
10
124.2258
20
194.9555
0
VERTEX
8
CUT
10
124.3050
20
194.9850
0
VERTEX
8
CUT
10
126.7168
20
195.7874
0
VERTEX
8
CUT
10
126.7327
20
195.7923
0
VERTEX
8
CUT
10
126.7679
20
195.8006
0
VERTEX
8
CUT
10
126.8241
20
195.8087
0
VERTEX
8
CUT
10
127.0691
20
195.8566
0
VERTEX
8
CUT
10
127.3081
20
195.9286
0
VERTEX
8
CUT
10
127.5387
20
196.0242
0
VERTEX
8
CUT
10
127.7587
20
196.1423
0
VERTEX
8
CUT
10
127.9658
20
196.2817
0
VERTEX
8
CUT
10
128.1579
20
196.4411
0
VERTEX
8
CUT
10
128.3332
20
196.6188
0
VERTEX
8
CUT
10
128.4899
20
196.8132
0
VERTEX
8
CUT
10
128.6264
20
197.0222
0
VERTEX
8
CUT
10
128.7414
20
197.2438
0
VERTEX
8
CUT
10
128.8337
20
197.4757
0
VERTEX
8
CUT
10
128.9024
20
197.7157
0
VERTEX
8
CUT
10
128.9469
20
197.9613
0
VERTEX
8
CUT
10
128.9666
20
198.2102
0
VERTEX
8
CUT
10
128.9614
20
198.4598
0
VERTEX
8
CUT
10
128.9543
20
198.5598
0
VERTEX
8
CUT
10
128.9722
20
198.5927
0
VERTEX
8
CUT
10
128.9816
20
198.6074
0
VERTEX
8
CUT
10
130.1640
20
200.3657
0
VERTEX
8
CUT
10
130.1992
20
200.4153
0
VERTEX
8
CUT
10
130.2370
20
200.4630
0
VERTEX
8
CUT
10
131.6488
20
202.1594
0
VERTEX
8
CUT
10
131.6852
20
202.2012
0
VERTEX
8
CUT
10
131.7236
20
202.2413
0
VERTEX
8
CUT
10
134.0104
20
204.5203
0
VERTEX
8
CUT
10
134.0140
20
204.5237
0
VERTEX
8
CUT
10
134.0705
20
204.5724
0
VERTEX
8
CUT
10
134.0840
20
204.5826
0
VERTEX
8
CUT
10
137.1581
20
206.8197
0
VERTEX
8
CUT
10
137.1624
20
206.8227
0
VERTEX
8
CUT
10
137.2305
20
206.8645
0
VERTEX
8
CUT
10
137.2465
20
206.8730
0
VERTEX
8
CUT
10
139.7805
20
208.1397
0
VERTEX
8
CUT
10
139.9965
20
208.2615
0
VERTEX
8
CUT
10
140.1994
20
208.4040
0
VERTEX
8
CUT
10
140.3872
20
208.5659
0
VERTEX
8
CUT
10
140.5580
20
208.7456
0
VERTEX
8
CUT
10
140.7101
20
208.9414
0
VERTEX
8
CUT
10
140.8422
20
209.1512
0
VERTEX
8
CUT
10
140.9527
20
209.3731
0
VERTEX
8
CUT
10
141.0408
20
209.6049
0
VERTEX
8
CUT
10
141.1055
20
209.8443
0
VERTEX
8
CUT
10
141.1461
20
210.0888
0
VERTEX
8
CUT
10
141.1624
20
210.3363
0
VERTEX
8
CUT
10
141.1540
20
210.5840
0
VERTEX
8
CUT
10
141.1211
20
210.8298
0
VERTEX
8
CUT
10
141.0641
20
211.0711
0
VERTEX
8
CUT
10
140.9834
20
211.3055
0
VERTEX
8
CUT
10
140.8799
20
211.5308
0
VERTEX
8
CUT
10
140.7546
20
211.7448
0
VERTEX
8
CUT
10
140.6087
20
211.9453
0
VERTEX
8
CUT
10
140.4437
20
212.1303
0
VERTEX
8
CUT
10
140.2612
20
212.2981
0
VERTEX
8
CUT
10
140.0629
20
212.4470
0
VERTEX
8
CUT
10
139.8509
20
212.5755
0
VERTEX
8
CUT
10
139.6271
20
212.6824
0
VERTEX
8
CUT
10
139.3939
20
212.7666
0
VERTEX
8
CUT
10
139.1535
20
212.8272
0
VERTEX
8
CUT
10
138.9083
20
212.8638
0
VERTEX
8
CUT
10
138.6607
20
212.8759
0
VERTEX
8
CUT
10
136.8864
20
212.8745
0
VERTEX
8
CUT
10
136.6533
20
212.8634
0
VERTEX
8
CUT
10
136.4223
20
212.8306
0
VERTEX
8
CUT
10
128.2217
20
211.2746
0
VERTEX
8
CUT
10
128.2042
20
211.2717
0
VERTEX
8
CUT
10
128.1282
20
211.2646
0
VERTEX
8
CUT
10
128.1105
20
211.2642
0
VERTEX
8
CUT
10
125.6854
20
211.2654
0
VERTEX
8
CUT
10
125.6651
20
211.2660
0
VERTEX
8
CUT
10
125.6215
20
211.2707
0
VERTEX
8
CUT
10
125.5787
20
211.2802
0
VERTEX
8
CUT
10
125.5592
20
211.2862
0
VERTEX
8
CUT
10
125.2455
20
211.3924
0
VERTEX
8
CUT
10
125.0212
20
211.4568
0
VERTEX
8
CUT
10
124.7919
20
211.5000
0
VERTEX
8
CUT
10
124.5596
20
211.5217
0
VERTEX
8
CUT
10
123.4831
20
211.5716
0
VERTEX
8
CUT
10
123.4644
20
211.5729
0
VERTEX
8
CUT
10
123.4244
20
211.5788
0
VERTEX
8
CUT
10
123.3852
20
211.5886
0
VERTEX
8
CUT
10
123.3674
20
211.5945
0
VERTEX
8
CUT
10
120.4246
20
212.6558
0
VERTEX
8
CUT
10
120.4085
20
212.6620
0
VERTEX
8
CUT
10
120.3748
20
212.6778
0
VERTEX
8
CUT
10
120.3424
20
212.6967
0
VERTEX
8
CUT
10
120.3287
20
212.7061
0
VERTEX
8
CUT
10
118.1895
20
214.2387
0
VERTEX
8
CUT
10
118.1853
20
214.2419
0
VERTEX
8
CUT
10
118.1465
20
214.2747
0
VERTEX
8
CUT
10
118.1281
20
214.2934
0
VERTEX
8
CUT
10
118.1126
20
214.3112
0
VERTEX
8
CUT
10
116.5786
20
216.1578
0
VERTEX
8
CUT
10
116.5653
20
216.1749
0
VERTEX
8
CUT
10
116.5142
20
216.2531
0
VERTEX
8
CUT
10
116.5040
20
216.2722
0
VERTEX
8
CUT
10
115.4122
20
218.4607
0
VERTEX
8
CUT
10
115.4047
20
218.4766
0
VERTEX
8
CUT
10
115.3910
20
218.5121
0
VERTEX
8
CUT
10
115.3807
20
218.5486
0
VERTEX
8
CUT
10
115.3771
20
218.5659
0
VERTEX
8
CUT
10
115.0875
20
220.1476
0
VERTEX
8
CUT
10
115.0848
20
220.1649
0
VERTEX
8
CUT
10
115.0781
20
220.2401
0
VERTEX
8
CUT
10
115.0778
20
220.2576
0
VERTEX
8
CUT
10
115.0883
20
222.4442
0
VERTEX
8
CUT
10
115.0889
20
222.4636
0
VERTEX
8
CUT
10
115.0934
20
222.5052
0
VERTEX
8
CUT
10
115.1022
20
222.5461
0
VERTEX
8
CUT
10
115.1077
20
222.5647
0
VERTEX
8
CUT
10
115.9726
20
225.2178
0
VERTEX
8
CUT
10
115.9785
20
225.2346
0
VERTEX
8
CUT
10
115.9938
20
225.2697
0
VERTEX
8
CUT
10
116.0123
20
225.3032
0
VERTEX
8
CUT
10
116.0220
20
225.3182
0
VERTEX
8
CUT
10
117.1583
20
226.9815
0
VERTEX
8
CUT
10
117.1680
20
226.9951
0
VERTEX
8
CUT
10
117.2139
20
227.0510
0
VERTEX
8
CUT
10
117.2254
20
227.0632
0
VERTEX
8
CUT
10
118.8292
20
228.6933
0
VERTEX
8
CUT
10
118.8329
20
228.6970
0
VERTEX
8
CUT
10
118.8928
20
228.7490
0
VERTEX
8
CUT
10
118.9071
20
228.7600
0
VERTEX
8
CUT
10
125.3820
20
233.4715
0
VERTEX
8
CUT
10
125.5354
20
233.5925
0
VERTEX
8
CUT
10
125.6789
20
233.7252
0
VERTEX
8
CUT
10
129.0272
20
237.0735
0
VERTEX
8
CUT
10
129.2497
20
237.3284
0
VERTEX
8
CUT
10
130.7529
20
239.3061
0
VERTEX
8
CUT
10
130.8797
20
239.4893
0
VERTEX
8
CUT
10
132.1579
20
241.5244
0
VERTEX
8
CUT
10
132.2759
20
241.7342
0
VERTEX
8
CUT
10
133.7798
20
244.7356
0
VERTEX
8
CUT
10
133.9157
20
245.0630
0
VERTEX
8
CUT
10
134.9458
20
248.1450
0
VERTEX
8
CUT
10
135.0203
20
248.4187
0
VERTEX
8
CUT
10
135.7734
20
251.9687
0
VERTEX
8
CUT
10
135.8112
20
252.1996
0
VERTEX
8
CUT
10
135.8273
20
252.4329
0
VERTEX
8
CUT
10
135.8677
20
254.2852
0
VERTEX
8
CUT
10
135.8685
20
254.3024
0
VERTEX
8
CUT
10
135.8727
20
254.3394
0
VERTEX
8
CUT
10
135.8803
20
254.3760
0
VERTEX
8
CUT
10
135.8849
20
254.3920
0
VERTEX
8
CUT
10
136.0000
20
254.7683
0
VERTEX
8
CUT
10
136.0604
20
255.0074
0
VERTEX
8
CUT
10
136.0970
20
255.2512
0
VERTEX
8
CUT
10
136.1094
20
255.4975
0
VERTEX
8
CUT
10
136.1115
20
257.6892
0
VERTEX
8
CUT
10
136.1002
20
257.9291
0
VERTEX
8
CUT
10
136.0659
20
258.1668
0
VERTEX
8
CUT
10
136.0090
20
258.4001
0
VERTEX
8
CUT
10
135.8857
20
258.8171
0
VERTEX
8
CUT
10
135.8814
20
258.8331
0
VERTEX
8
CUT
10
135.8743
20
258.8684
0
VERTEX
8
CUT
10
135.8703
20
258.9044
0
VERTEX
8
CUT
10
135.8696
20
258.9205
0
VERTEX
8
CUT
10
135.8353
20
260.5232
0
VERTEX
8
CUT
10
135.8186
20
260.7633
0
VERTEX
8
CUT
10
135.7789
20
261.0006
0
VERTEX
8
CUT
10
135.7165
20
261.2331
0
VERTEX
8
CUT
10
135.6321
20
261.4584
0
VERTEX
8
CUT
10
135.6251
20
261.4747
0
VERTEX
8
CUT
10
135.6187
20
261.4905
0
VERTEX
8
CUT
10
135.6073
20
261.5252
0
VERTEX
8
CUT
10
135.6025
20
261.5611
0
VERTEX
8
CUT
10
135.6013
20
261.5782
0
VERTEX
8
CUT
10
135.5638
20
262.4158
0
VERTEX
8
CUT
10
135.5375
20
262.6829
0
VERTEX
8
CUT
10
135.4826
20
262.9456
0
VERTEX
8
CUT
10
135.0581
20
264.5444
0
VERTEX
8
CUT
10
135.0536
20
264.5633
0
VERTEX
8
CUT
10
135.0405
20
264.6460
0
VERTEX
8
CUT
10
135.0390
20
264.6654
0
VERTEX
8
CUT
10
135.0118
20
265.1766
0
VERTEX
8
CUT
10
134.9782
20
265.4732
0
VERTEX
8
CUT
10
134.9094
20
265.7637
0
VERTEX
8
CUT
10
133.9711
20
268.8843
0
VERTEX
8
CUT
10
133.9548
20
268.9442
0
VERTEX
8
CUT
10
133.9416
20
269.0049
0
VERTEX
8
CUT
10
133.6443
20
270.5685
0
VERTEX
8
CUT
10
133.6018
20
270.7533
0
VERTEX
8
CUT
10
133.5455
20
270.9343
0
VERTEX
8
CUT
10
133.0520
20
272.3309
0
VERTEX
8
CUT
10
132.9611
20
272.5536
0
VERTEX
8
CUT
10
132.8491
20
272.7666
0
VERTEX
8
CUT
10
132.7172
20
272.9678
0
VERTEX
8
CUT
10
132.5665
20
273.1554
0
VERTEX
8
CUT
10
132.3985
20
273.3276
0
VERTEX
8
CUT
10
132.2148
20
273.4829
0
VERTEX
8
CUT
10
132.0169
20
273.6198
0
VERTEX
8
CUT
10
131.8068
20
273.7371
0
VERTEX
8
CUT
10
131.5864
20
273.8336
0
VERTEX
8
CUT
10
131.3578
20
273.9085
0
VERTEX
8
CUT
10
131.1230
20
273.9611
0
VERTEX
8
CUT
10
130.8842
20
273.9908
0
VERTEX
8
CUT
10
130.6437
20
273.9975
0
VERTEX
8
CUT
10
130.4037
20
273.9810
0
VERTEX
8
CUT
10
130.1664
20
273.9415
0
VERTEX
8
CUT
10
129.9339
20
273.8794
0
VERTEX
8
CUT
10
129.7085
20
273.7952
0
VERTEX
8
CUT
10
129.4923
20
273.6897
0
VERTEX
8
CUT
10
129.2871
20
273.5640
0
VERTEX
8
CUT
10
129.0951
20
273.4191
0
VERTEX
8
CUT
10
128.9178
20
273.2564
0
VERTEX
8
CUT
10
128.7570
20
273.0774
0
VERTEX
8
CUT
10
128.6141
20
272.8838
0
VERTEX
8
CUT
10
128.4905
20
272.6774
0
VERTEX
8
CUT
10
128.3874
20
272.4600
0
VERTEX
8
CUT
10
127.7373
20
270.9007
0
VERTEX
8
CUT
10
127.6492
20
270.6539
0
VERTEX
8
CUT
10
127.0578
20
268.6732
0
VERTEX
8
CUT
10
127.0412
20
268.6219
0
VERTEX
8
CUT
10
127.0223
20
268.5714
0
VERTEX
8
CUT
10
124.2601
20
261.6674
0
VERTEX
8
CUT
10
124.2539
20
261.6523
0
VERTEX
8
CUT
10
124.2401
20
261.6202
0
VERTEX
8
CUT
10
120.6900
20
253.6762
0
VERTEX
8
CUT
10
120.6768
20
253.6478
0
VERTEX
8
CUT
10
120.6629
20
253.6197
0
VERTEX
8
CUT
10
114.0246
20
240.6416
0
VERTEX
8
CUT
10
114.0051
20
240.6050
0
VERTEX
8
CUT
10
113.9843
20
240.5692
0
VERTEX
8
CUT
10
103.3455
20
222.9129
0
VERTEX
8
CUT
10
103.2521
20
222.7435
0
VERTEX
8
CUT
10
102.2773
20
220.7999
0
VERTEX
8
CUT
10
102.1628
20
220.5343
0
VERTEX
8
CUT
10
101.1347
20
217.7101
0
VERTEX
8
CUT
10
101.0460
20
217.4088
0
VERTEX
8
CUT
10
100.8590
20
216.5860
0
VERTEX
8
CUT
10
100.8107
20
216.2946
0
VERTEX
8
CUT
10
100.7971
20
215.9994
0
VERTEX
8
CUT
10
100.8141
20
214.6940
0
VERTEX
8
CUT
10
100.8315
20
214.4309
0
VERTEX
8
CUT
10
100.8765
20
214.1710
0
VERTEX
8
CUT
10
100.9485
20
213.9174
0
VERTEX
8
CUT
10
101.0469
20
213.6727
0
VERTEX
8
CUT
10
101.1706
20
213.4398
0
VERTEX
8
CUT
10
101.3180
20
213.2212
0
VERTEX
8
CUT
10
105.3618
20
207.8598
0
VERTEX
8
CUT
10
105.3647
20
207.8559
0
VERTEX
8
CUT
10
105.4049
20
207.7936
0
VERTEX
8
CUT
10
105.4132
20
207.7789
0
VERTEX
8
CUT
10
107.6313
20
203.6450
0
VERTEX
8
CUT
10
107.6336
20
203.6406
0
VERTEX
8
CUT
10
107.6641
20
203.5721
0
VERTEX
8
CUT
10
107.6701
20
203.5562
0
VERTEX
8
CUT
10
109.2984
20
198.9105
0
VERTEX
8
CUT
10
109.3001
20
198.9053
0
VERTEX
8
CUT
10
109.3211
20
198.8247
0
VERTEX
8
CUT
10
109.3247
20
198.8061
0
VERTEX
8
CUT
10
109.8457
20
195.6651
0
VERTEX
8
CUT
10
109.8464
20
195.6604
0
VERTEX
8
CUT
10
109.8532
20
195.5891
0
VERTEX
8
CUT
10
109.8538
20
195.5728
0
VERTEX
8
CUT
10
109.9208
20
191.3708
0
VERTEX
8
CUT
10
109.9197
20
191.2979
0
VERTEX
8
CUT
10
109.9142
20
191.2252
0
VERTEX
8
CUT
10
109.8064
20
190.2150
0
VERTEX
8
CUT
10
109.7923
20
189.9681
0
VERTEX
8
CUT
10
109.8027
20
189.7211
0
VERTEX
8
CUT
10
109.8374
20
189.4763
0
VERTEX
8
CUT
10
109.8962
20
189.2361
0
SEQEND
0
POLYLINE
8
CUT
66
1
70
1
10
0.0
20
0.0
30
0.0
0
VERTEX
8
CUT
10
106.3574
20
130.7145
0
VERTEX
8
CUT
10
106.3965
20
130.4871
0
VERTEX
8
CUT
10
106.8915
20
128.2376
0
VERTEX
8
CUT
10
106.9398
20
128.0522
0
VERTEX
8
CUT
10
107.0021
20
127.8711
0
VERTEX
8
CUT
10
107.3845
20
126.8849
0
VERTEX
8
CUT
10
107.3913
20
126.8657
0
VERTEX
8
CUT
10
107.4022
20
126.8257
0
VERTEX
8
CUT
10
107.3877
20
126.7869
0
VERTEX
8
CUT
10
107.3791
20
126.7685
0
VERTEX
8
CUT
10
107.1773
20
126.3630
0
VERTEX
8
CUT
10
107.1680
20
126.3455
0
VERTEX
8
CUT
10
107.1463
20
126.3110
0
VERTEX
8
CUT
10
107.1181
20
126.2815
0
VERTEX
8
CUT
10
107.1034
20
126.2682
0
VERTEX
8
CUT
10
106.7314
20
125.9493
0
VERTEX
8
CUT
10
106.7165
20
125.9372
0
VERTEX
8
CUT
10
106.6204
20
125.8698
0
VERTEX
8
CUT
10
106.5456
20
125.8227
0
VERTEX
8
CUT
10
106.3536
20
125.6735
0
VERTEX
8
CUT
10
106.1769
20
125.5065
0
VERTEX
8
CUT
10
106.0173
20
125.3230
0
VERTEX
8
CUT
10
105.8762
20
125.1249
0
VERTEX
8
CUT
10
105.7551
20
124.9140
0
VERTEX
8
CUT
10
105.6550
20
124.6924
0
VERTEX
8
CUT
10
105.5770
20
124.4621
0
VERTEX
8
CUT
10
105.5217
20
124.2253
0
VERTEX
8
CUT
10
105.4896
20
123.9842
0
VERTEX
8
CUT
10
105.4812
20
123.7412
0
VERTEX
8
CUT
10
105.4964
20
123.4985
0
VERTEX
8
CUT
10
105.5350
20
123.2584
0
VERTEX
8
CUT
10
105.5969
20
123.0232
0
VERTEX
8
CUT
10
105.6813
20
122.7952
0
VERTEX
8
CUT
10
105.7874
20
122.5764
0
VERTEX
8
CUT
10
105.9143
20
122.3689
0
VERTEX
8
CUT
10
106.0608
20
122.1748
0
VERTEX
8
CUT
10
106.2254
20
121.9958
0
VERTEX
8
CUT
10
106.4066
20
121.8337
0
VERTEX
8
CUT
10
106.6028
20
121.6899
0
VERTEX
8
CUT
10
106.8119
20
121.5659
0
VERTEX
8
CUT
10
107.0322
20
121.4628
0
VERTEX
8
CUT
10
107.2614
20
121.3815
0
VERTEX
8
CUT
10
107.4974
20
121.3229
0
VERTEX
8
CUT
10
107.7380
20
121.2876
0
VERTEX
8
CUT
10
107.9809
20
121.2757
0
VERTEX
8
CUT
10
110.6314
20
121.2757
0
VERTEX
8
CUT
10
110.9337
20
121.2940
0
VERTEX
8
CUT
10
111.2316
20
121.3487
0
VERTEX
8
CUT
10
113.0303
20
121.7935
0
VERTEX
8
CUT
10
113.0487
20
121.7976
0
VERTEX
8
CUT
10
113.1257
20
121.8090
0
VERTEX
8
CUT
10
113.1445
20
121.8105
0
VERTEX
8
CUT
10
113.6059
20
121.8350
0
VERTEX
8
CUT
10
113.8702
20
121.8633
0
VERTEX
8
CUT
10
114.1300
20
121.9194
0
VERTEX
8
CUT
10
114.3824
20
122.0028
0
VERTEX
8
CUT
10
115.2774
20
122.3523
0
VERTEX
8
CUT
10
115.2939
20
122.3583
0
VERTEX
8
CUT
10
115.3290
20
122.3685
0
VERTEX
8
CUT
10
115.3651
20
122.3756
0
VERTEX
8
CUT
10
115.3821
20
122.3778
0
VERTEX
8
CUT
10
115.6397
20
122.4051
0
VERTEX
8
CUT
10
115.8698
20
122.4404
0
VERTEX
8
CUT
10
116.0957
20
122.4969
0
VERTEX
8
CUT
10
116.3153
20
122.5742
0
VERTEX
8
CUT
10
116.5267
20
122.6716
0
VERTEX
8
CUT
10
117.5221
20
123.1876
0
VERTEX
8
CUT
10
117.5376
20
123.1952
0
VERTEX
8
CUT
10
117.5709
20
123.2089
0
VERTEX
8
CUT
10
117.6054
20
123.2197
0
VERTEX
8
CUT
10
117.6218
20
123.2237
0
VERTEX
8
CUT
10
117.8317
20
123.2697
0
VERTEX
8
CUT
10
118.0681
20
123.3337
0
VERTEX
8
CUT
10
118.2971
20
123.4206
0
VERTEX
8
CUT
10
118.5165
20
123.5295
0
VERTEX
8
CUT
10
120.6597
20
124.7275
0
VERTEX
8
CUT
10
120.9265
20
124.8998
0
VERTEX
8
CUT
10
122.8655
20
126.3339
0
VERTEX
8
CUT
10
123.0147
20
126.4533
0
VERTEX
8
CUT
10
123.1543
20
126.5838
0
VERTEX
8
CUT
10
125.5531
20
129.0037
0
VERTEX
8
CUT
10
125.7099
20
129.1773
0
VERTEX
8
CUT
10
125.8497
20
129.3649
0
VERTEX
8
CUT
10
128.0209
20
132.5811
0
VERTEX
8
CUT
10
128.1852
20
132.8624
0
VERTEX
8
CUT
10
129.4893
20
135.4720
0
VERTEX
8
CUT
10
129.6248
20
135.7995
0
VERTEX
8
CUT
10
130.4199
20
138.1863
0
VERTEX
8
CUT
10
130.4738
20
138.3719
0
VERTEX
8
CUT
10
131.2864
20
141.6326
0
VERTEX
8
CUT
10
131.3464
20
141.9709
0
VERTEX
8
CUT
10
131.6740
20
145.0300
0
VERTEX
8
CUT
10
131.6766
20
145.0496
0
VERTEX
8
CUT
10
131.6849
20
145.0894
0
VERTEX
8
CUT
10
131.6971
20
145.1283
0
VERTEX
8
CUT
10
131.7045
20
145.1466
0
VERTEX
8
CUT
10
131.7415
20
145.2330
0
VERTEX
8
CUT
10
131.8179
20
145.4347
0
VERTEX
8
CUT
10
131.8766
20
145.6423
0
VERTEX
8
CUT
10
131.9171
20
145.8541
0
VERTEX
8
CUT
10
131.9393
20
146.0687
0
VERTEX
8
CUT
10
132.0509
20
147.9336
0
VERTEX
8
CUT
10
132.0537
20
148.1741
0
VERTEX
8
CUT
10
132.0334
20
148.4138
0
VERTEX
8
CUT
10
131.9902
20
148.6504
0
VERTEX
8
CUT
10
131.9244
20
148.8817
0
VERTEX
8
CUT
10
131.8367
20
149.1056
0
VERTEX
8
CUT
10
131.7279
20
149.3201
0
VERTEX
8
CUT
10
131.5989
20
149.5232
0
VERTEX
8
CUT
10
131.4511
20
149.7129
0
VERTEX
8
CUT
10
131.2857
20
149.8875
0
VERTEX
8
CUT
10
131.1043
20
150.0454
0
VERTEX
8
CUT
10
130.9085
20
150.1851
0
VERTEX
8
CUT
10
130.7003
20
150.3054
0
VERTEX
8
CUT
10
130.4814
20
150.4052
0
VERTEX
8
CUT
10
130.2540
20
150.4834
0
VERTEX
8
CUT
10
130.0201
20
150.5394
0
VERTEX
8
CUT
10
129.7819
20
150.5727
0
VERTEX
8
CUT
10
129.5416
20
150.5830
0
VERTEX
8
CUT
10
129.3014
20
150.5701
0
VERTEX
8
CUT
10
129.0636
20
150.5342
0
VERTEX
8
CUT
10
128.8304
20
150.4756
0
VERTEX
8
CUT
10
128.6038
20
150.3948
0
VERTEX
8
CUT
10
128.3861
20
150.2927
0
VERTEX
8
CUT
10
128.1792
20
150.1701
0
VERTEX
8
CUT
10
127.9850
20
150.0282
0
VERTEX
8
CUT
10
127.5497
20
149.6768
0
VERTEX
8
CUT
10
127.5358
20
149.6660
0
VERTEX
8
CUT
10
127.5054
20
149.6457
0
VERTEX
8
CUT
10
127.4732
20
149.6281
0
VERTEX
8
CUT
10
127.4577
20
149.6208
0
VERTEX
8
CUT
10
125.3483
20
148.6971
0
VERTEX
8
CUT
10
125.3433
20
148.6950
0
VERTEX
8
CUT
10
125.2959
20
148.6785
0
VERTEX
8
CUT
10
125.2715
20
148.6723
0
VERTEX
8
CUT
10
125.2479
20
148.6678
0
VERTEX
8
CUT
10
123.4466
20
148.3655
0
VERTEX
8
CUT
10
123.4413
20
148.3647
0
VERTEX
8
CUT
10
123.3626
20
148.3576
0
VERTEX
8
CUT
10
123.3439
20
148.3571
0
VERTEX
8
CUT
10
115.0806
20
148.3119
0
VERTEX
8
CUT
10
114.8053
20
148.2952
0
VERTEX
8
CUT
10
114.5335
20
148.2483
0
VERTEX
8
CUT
10
113.7696
20
148.0724
0
VERTEX
8
CUT
10
113.7506
20
148.0685
0
VERTEX
8
CUT
10
113.6714
20
148.0583
0
VERTEX
8
CUT
10
113.6521
20
148.0572
0
VERTEX
8
CUT
10
113.6505
20
148.0571
0
VERTEX
8
CUT
10
113.4022
20
148.0368
0
VERTEX
8
CUT
10
113.1570
20
147.9918
0
VERTEX
8
CUT
10
112.9176
20
147.9226
0
VERTEX
8
CUT
10
112.6862
20
147.8299
0
VERTEX
8
CUT
10
112.4653
20
147.7147
0
VERTEX
8
CUT
10
112.2569
20
147.5780
0
VERTEX
8
CUT
10
112.0631
20
147.4213
0
VERTEX
8
CUT
10
111.8859
20
147.2460
0
VERTEX
8
CUT
10
111.7270
20
147.0540
0
VERTEX
8
CUT
10
111.5881
20
146.8471
0
VERTEX
8
CUT
10
111.4704
20
146.6274
0
VERTEX
8
CUT
10
111.3752
20
146.3971
0
VERTEX
8
CUT
10
111.3034
20
146.1584
0
VERTEX
8
CUT
10
111.2557
20
145.9138
0
VERTEX
8
CUT
10
111.2326
20
145.6656
0
VERTEX
8
CUT
10
111.2340
20
145.4686
0
VERTEX
8
CUT
10
111.2329
20
145.4436
0
VERTEX
8
CUT
10
111.2091
20
145.4117
0
VERTEX
8
CUT
10
111.1964
20
145.3971
0
VERTEX
8
CUT
10
109.2156
20
143.2304
0
VERTEX
8
CUT
10
109.0717
20
143.0580
0
VERTEX
8
CUT
10
108.9439
20
142.8735
0
VERTEX
8
CUT
10
108.8331
20
142.6782
0
VERTEX
8
CUT
10
107.9504
20
140.9452
0
VERTEX
8
CUT
10
107.8498
20
140.7209
0
VERTEX
8
CUT
10
107.7716
20
140.4878
0
VERTEX
8
CUT
10
107.4472
20
139.3351
0
VERTEX
8
CUT
10
107.4412
20
139.3158
0
VERTEX
8
CUT
10
107.4105
20
139.2380
0
VERTEX
8
CUT
10
107.4017
20
139.2198
0
VERTEX
8
CUT
10
107.1039
20
138.6450
0
VERTEX
8
CUT
10
107.0035
20
138.4258
0
VERTEX
8
CUT
10
106.9246
20
138.1979
0
VERTEX
8
CUT
10
106.8681
20
137.9635
0
VERTEX
8
CUT
10
106.5800
20
136.4529
0
VERTEX
8
CUT
10
106.5762
20
136.4351
0
VERTEX
8
CUT
10
106.5555
20
136.3630
0
VERTEX
8
CUT
10
106.5493
20
136.3459
0
VERTEX
8
CUT
10
106.2314
20
135.5283
0
VERTEX
8
CUT
10
106.1593
20
135.3145
0
VERTEX
8
CUT
10
106.1067
20
135.0952
0
VERTEX
8
CUT
10
106.0740
20
134.8720
0
VERTEX
8
CUT
10
106.0617
20
134.6467
0
VERTEX
8
CUT
10
106.0489
20
133.3289
0
VERTEX
8
CUT
10
106.0618
20
133.0493
0
VERTEX
8
CUT
10
106.1059
20
132.7729
0
VERTEX
8
CUT
10
106.1807
20
132.5031
0
VERTEX
8
CUT
10
106.2817
20
132.2046
0
VERTEX
8
CUT
10
106.2875
20
132.1860
0
VERTEX
8
CUT
10
106.2966
20
132.1468
0
VERTEX
8
CUT
10
106.3018
20
132.1070
0
VERTEX
8
CUT
10
106.3029
20
132.0875
0
VERTEX
8
CUT
10
106.3394
20
130.9445
0
SEQEND
0
POLYLINE
8
CUT
66
1
70
1
10
0.0
20
0.0
30
0.0
0
VERTEX
8
CUT
10
115.7801
20
24.6455
0
VERTEX
8
CUT
10
115.9808
20
24.4951
0
VERTEX
8
CUT
10
116.1955
20
24.3655
0
VERTEX
8
CUT
10
116.4221
20
24.2581
0
VERTEX
8
CUT
10
116.6583
20
24.1740
0
VERTEX
8
CUT
10
116.9017
20
24.1139
0
VERTEX
8
CUT
10
117.1500
20
24.0786
0
VERTEX
8
CUT
10
117.4005
20
24.0682
0
VERTEX
8
CUT
10
117.4751
20
24.0689
0
VERTEX
8
CUT
10
117.7040
20
24.0815
0
VERTEX
8
CUT
10
117.9308
20
24.1149
0
VERTEX
8
CUT
10
118.1535
20
24.1690
0
VERTEX
8
CUT
10
118.3704
20
24.2433
0
VERTEX
8
CUT
10
118.5795
20
24.3372
0
VERTEX
8
CUT
10
118.8371
20
24.4672
0
VERTEX
8
CUT
10
119.0711
20
24.6017
0
VERTEX
8
CUT
10
119.2892
20
24.7606
0
VERTEX
8
CUT
10
119.4889
20
24.9421
0
VERTEX
8
CUT
10
119.7361
20
25.1923
0
VERTEX
8
CUT
10
119.9151
20
25.3943
0
VERTEX
8
CUT
10
120.0714
20
25.6145
0
VERTEX
8
CUT
10
120.2030
20
25.8503
0
VERTEX
8
CUT
10
120.3269
20
26.1036
0
VERTEX
8
CUT
10
120.4178
20
26.3130
0
VERTEX
8
CUT
10
120.4892
20
26.5299
0
VERTEX
8
CUT
10
120.5405
20
26.7524
0
VERTEX
8
CUT
10
120.5713
20
26.9786
0
VERTEX
8
CUT
10
120.5813
20
27.2067
0
VERTEX
8
CUT
10
120.5807
20
27.5607
0
VERTEX
8
CUT
10
120.5678
20
27.8097
0
VERTEX
8
CUT
10
120.5302
20
28.0562
0
VERTEX
8
CUT
10
120.4683
20
28.2977
0
VERTEX
8
CUT
10
120.3825
20
28.5318
0
VERTEX
8
CUT
10
120.2739
20
28.7562
0
VERTEX
8
CUT
10
120.1435
20
28.9687
0
VERTEX
8
CUT
10
119.9926
20
29.1672
0
VERTEX
8
CUT
10
119.8226
20
29.3496
0
VERTEX
8
CUT
10
119.3136
20
29.8440
0
VERTEX
8
CUT
10
119.1317
20
30.0043
0
VERTEX
8
CUT
10
118.9351
20
30.1463
0
VERTEX
8
CUT
10
118.7256
20
30.2685
0
VERTEX
8
CUT
10
118.5053
20
30.3699
0
VERTEX
8
CUT
10
118.2763
20
30.4494
0
VERTEX
8
CUT
10
118.0406
20
30.5064
0
VERTEX
8
CUT
10
117.8004
20
30.5403
0
VERTEX
8
CUT
10
117.5582
20
30.5507
0
VERTEX
8
CUT
10
117.2240
20
30.5489
0
VERTEX
8
CUT
10
116.9953
20
30.5372
0
VERTEX
8
CUT
10
116.7686
20
30.5046
0
VERTEX
8
CUT
10
116.5459
20
30.4513
0
VERTEX
8
CUT
10
116.3290
20
30.3780
0
VERTEX
8
CUT
10
116.1197
20
30.2851
0
VERTEX
8
CUT
10
115.8545
20
30.1525
0
VERTEX
8
CUT
10
115.6171
20
30.0171
0
VERTEX
8
CUT
10
115.3960
20
29.8567
0
VERTEX
8
CUT
10
115.1937
20
29.6731
0
VERTEX
8
CUT
10
114.9447
20
29.4210
0
VERTEX
8
CUT
10
114.7688
20
29.2229
0
VERTEX
8
CUT
10
114.6148
20
29.0073
0
VERTEX
8
CUT
10
114.4845
20
28.7766
0
VERTEX
8
CUT
10
114.3783
20
28.5630
0
VERTEX
8
CUT
10
114.2838
20
28.3478
0
VERTEX
8
CUT
10
114.2098
20
28.1248
0
VERTEX
8
CUT
10
114.1572
20
27.8958
0
VERTEX
8
CUT
10
114.1262
20
27.6628
0
VERTEX
8
CUT
10
114.1173
20
27.4280
0
VERTEX
8
CUT
10
114.1305
20
27.1934
0
VERTEX
8
CUT
10
114.1656
20
26.9610
0
VERTEX
8
CUT
10
114.2224
20
26.7330
0
VERTEX
8
CUT
10
114.3004
20
26.5113
0
VERTEX
8
CUT
10
114.3988
20
26.2980
0
VERTEX
8
CUT
10
114.5186
20
26.0674
0
VERTEX
8
CUT
10
114.6437
20
25.8532
0
VERTEX
8
CUT
10
114.7895
20
25.6525
0
VERTEX
8
CUT
10
114.9545
20
25.4672
0
VERTEX
8
CUT
10
115.5956
20
24.8152
0
SEQEND
0
POLYLINE
8
CUT
66
1
70
1
10
0.0
20
0.0
30
0.0
0
VERTEX
8
CUT
10
56.6283
20
220.9948
0
VERTEX
8
CUT
10
56.7387
20
220.7749
0
VERTEX
8
CUT
10
56.8703
20
220.5669
0
VERTEX
8
CUT
10
57.0216
20
220.3729
0
VERTEX
8
CUT
10
57.1913
20
220.1947
0
VERTEX
8
CUT
10
57.3777
20
220.0341
0
VERTEX
8
CUT
10
57.5789
20
219.8925
0
VERTEX
8
CUT
10
57.7931
20
219.7714
0
VERTEX
8
CUT
10
58.0182
20
219.6720
0
VERTEX
8
CUT
10
58.2520
20
219.5951
0
VERTEX
8
CUT
10
58.4921
20
219.5417
0
VERTEX
8
CUT
10
58.7364
20
219.5120
0
VERTEX
8
CUT
10
58.9824
20
219.5066
0
VERTEX
8
CUT
10
59.2277
20
219.5253
0
VERTEX
8
CUT
10
59.4701
20
219.5681
0
VERTEX
8
CUT
10
59.7070
20
219.6345
0
VERTEX
8
CUT
10
59.9362
20
219.7239
0
VERTEX
8
CUT
10
60.1556
20
219.8353
0
VERTEX
8
CUT
10
60.3630
20
219.9678
0
VERTEX
8
CUT
10
60.5563
20
220.1201
0
VERTEX
8
CUT
10
60.7337
20
220.2906
0
VERTEX
8
CUT
10
60.8935
20
220.4777
0
VERTEX
8
CUT
10
61.0341
20
220.6796
0
VERTEX
8
CUT
10
61.1177
20
220.8132
0
VERTEX
8
CUT
10
61.1545
20
220.8684
0
VERTEX
8
CUT
10
61.1942
20
220.9216
0
VERTEX
8
CUT
10
64.2000
20
224.7118
0
VERTEX
8
CUT
10
64.2424
20
224.7622
0
VERTEX
8
CUT
10
64.2874
20
224.8102
0
VERTEX
8
CUT
10
68.3037
20
228.8626
0
VERTEX
8
CUT
10
68.3477
20
228.9048
0
VERTEX
8
CUT
10
68.3939
20
228.9448
0
VERTEX
8
CUT
10
71.3820
20
231.3983
0
VERTEX
8
CUT
10
71.4212
20
231.4291
0
VERTEX
8
CUT
10
71.4616
20
231.4582
0
VERTEX
8
CUT
10
75.9018
20
234.5220
0
VERTEX
8
CUT
10
75.9362
20
234.5449
0
VERTEX
8
CUT
10
75.9713
20
234.5665
0
VERTEX
8
CUT
10
81.6785
20
237.9470
0
VERTEX
8
CUT
10
81.8929
20
238.0895
0
VERTEX
8
CUT
10
84.7803
20
240.2293
0
VERTEX
8
CUT
10
84.9274
20
240.3472
0
VERTEX
8
CUT
10
85.0653
20
240.4759
0
VERTEX
8
CUT
10
87.7046
20
243.1328
0
VERTEX
8
CUT
10
87.8595
20
243.3038
0
VERTEX
8
CUT
10
87.9979
20
243.4883
0
VERTEX
8
CUT
10
88.9003
20
244.8145
0
VERTEX
8
CUT
10
89.0681
20
245.1001
0
VERTEX
8
CUT
10
89.9963
20
246.9507
0
VERTEX
8
CUT
10
90.1336
20
247.2818
0
VERTEX
8
CUT
10
90.5856
20
248.6393
0
VERTEX
8
CUT
10
90.6481
20
248.8607
0
VERTEX
8
CUT
10
90.6900
20
249.0870
0
VERTEX
8
CUT
10
90.9081
20
250.6653
0
VERTEX
8
CUT
10
90.9316
20
250.9955
0
VERTEX
8
CUT
10
90.9500
20
254.8936
0
VERTEX
8
CUT
10
90.9354
20
255.1761
0
VERTEX
8
CUT
10
90.6768
20
257.5506
0
VERTEX
8
CUT
10
90.6278
20
257.8409
0
VERTEX
8
CUT
10
89.8416
20
261.2553
0
VERTEX
8
CUT
10
89.7783
20
261.4811
0
VERTEX
8
CUT
10
86.3090
20
271.9449
0
VERTEX
8
CUT
10
86.3041
20
271.9608
0
VERTEX
8
CUT
10
86.2958
20
271.9960
0
VERTEX
8
CUT
10
86.2907
20
272.0319
0
VERTEX
8
CUT
10
86.2894
20
272.0480
0
VERTEX
8
CUT
10
86.2520
20
272.7499
0
VERTEX
8
CUT
10
86.2292
20
272.9789
0
VERTEX
8
CUT
10
86.1854
20
273.2049
0
VERTEX
8
CUT
10
86.1210
20
273.4259
0
VERTEX
8
CUT
10
86.0365
20
273.6400
0
VERTEX
8
CUT
10
86.0254
20
273.6647
0
VERTEX
8
CUT
10
86.0185
20
273.6813
0
VERTEX
8
CUT
10
86.0060
20
273.7180
0
VERTEX
8
CUT
10
85.9972
20
273.7558
0
VERTEX
8
CUT
10
85.9944
20
273.7736
0
VERTEX
8
CUT
10
85.7559
20
275.5436
0
VERTEX
8
CUT
10
85.7491
20
275.6062
0
VERTEX
8
CUT
10
85.7457
20
275.6692
0
VERTEX
8
CUT
10
85.6720
20
278.2846
0
VERTEX
8
CUT
10
85.6719
20
278.3494
0
VERTEX
8
CUT
10
85.6754
20
278.4141
0
VERTEX
8
CUT
10
85.9973
20
282.4000
0
VERTEX
8
CUT
10
85.9995
20
282.4206
0
VERTEX
8
CUT
10
86.0166
20
282.5088
0
VERTEX
8
CUT
10
86.0222
20
282.5288
0
VERTEX
8
CUT
10
87.4009
20
286.9565
0
VERTEX
8
CUT
10
87.4025
20
286.9613
0
VERTEX
8
CUT
10
87.4312
20
287.0336
0
VERTEX
8
CUT
10
87.4388
20
287.0496
0
VERTEX
8
CUT
10
87.6623
20
287.4974
0
VERTEX
8
CUT
10
87.7620
20
287.7249
0
VERTEX
8
CUT
10
87.8387
20
287.9611
0
VERTEX
8
CUT
10
87.8916
20
288.2038
0
VERTEX
8
CUT
10
87.9201
20
288.4506
0
VERTEX
8
CUT
10
87.9240
20
288.6990
0
VERTEX
8
CUT
10
87.9032
20
288.9465
0
VERTEX
8
CUT
10
87.8580
20
289.1908
0
VERTEX
8
CUT
10
87.7887
20
289.4293
0
VERTEX
8
CUT
10
87.6962
20
289.6598
0
VERTEX
8
CUT
10
87.5812
20
289.8800
0
VERTEX
8
CUT
10
87.4449
20
290.0877
0
VERTEX
8
CUT
10
87.2886
20
290.2808
0
VERTEX
8
CUT
10
87.1140
20
290.4575
0
VERTEX
8
CUT
10
86.9227
20
290.6160
0
VERTEX
8
CUT
10
86.7167
20
290.7547
0
VERTEX
8
CUT
10
86.4978
20
290.8722
0
VERTEX
8
CUT
10
86.2684
20
290.9675
0
VERTEX
8
CUT
10
86.0307
20
291.0395
0
VERTEX
8
CUT
10
85.7870
20
291.0876
0
VERTEX
8
CUT
10
85.5397
20
291.1113
0
VERTEX
8
CUT
10
85.2913
20
291.1103
0
VERTEX
8
CUT
10
74.3209
20
290.5208
0
VERTEX
8
CUT
10
74.2215
20
290.5135
0
VERTEX
8
CUT
10
66.5249
20
289.7912
0
VERTEX
8
CUT
10
66.4338
20
289.7810
0
VERTEX
8
CUT
10
65.5140
20
289.6605
0
VERTEX
8
CUT
10
65.2717
20
289.6166
0
VERTEX
8
CUT
10
65.0349
20
289.5490
0
VERTEX
8
CUT
10
64.8059
20
289.4584
0
VERTEX
8
CUT
10
64.5869
20
289.3457
0
VERTEX
8
CUT
10
64.3801
20
289.2121
0
VERTEX
8
CUT
10
64.1874
20
289.0587
0
VERTEX
8
CUT
10
64.0107
20
288.8871
0
VERTEX
8
CUT
10
63.8518
20
288.6990
0
VERTEX
8
CUT
10
63.7122
20
288.4962
0
VERTEX
8
CUT
10
63.5931
20
288.2805
0
VERTEX
8
CUT
10
63.4959
20
288.0543
0
VERTEX
8
CUT
10
63.4214
20
287.8195
0
VERTEX
8
CUT
10
63.3704
20
287.5786
0
VERTEX
8
CUT
10
63.3433
20
287.3338
0
VERTEX
8
CUT
10
63.3405
20
287.0876
0
VERTEX
8
CUT
10
63.3619
20
286.8423
0
VERTEX
8
CUT
10
63.4073
20
286.6002
0
VERTEX
8
CUT
10
63.4763
20
286.3638
0
VERTEX
8
CUT
10
64.6847
20
282.8733
0
VERTEX
8
CUT
10
64.6864
20
282.8682
0
VERTEX
8
CUT
10
64.6992
20
282.8184
0
VERTEX
8
CUT
10
64.7034
20
282.7921
0
VERTEX
8
CUT
10
64.7058
20
282.7684
0
VERTEX
8
CUT
10
64.7391
20
282.3203
0
VERTEX
8
CUT
10
64.7684
20
282.0816
0
VERTEX
8
CUT
10
64.8205
20
281.8468
0
VERTEX
8
CUT
10
64.8950
20
281.6182
0
VERTEX
8
CUT
10
64.9911
20
281.3977
0
VERTEX
8
CUT
10
65.2434
20
280.8873
0
VERTEX
8
CUT
10
65.2512
20
280.8705
0
VERTEX
8
CUT
10
65.2652
20
280.8333
0
VERTEX
8
CUT
10
65.2716
20
280.7940
0
VERTEX
8
CUT
10
65.2733
20
280.7755
0
VERTEX
8
CUT
10
65.3047
20
280.2829
0
VERTEX
8
CUT
10
65.3342
20
280.0274
0
VERTEX
8
CUT
10
65.3898
20
279.7764
0
VERTEX
8
CUT
10
65.4709
20
279.5324
0
VERTEX
8
CUT
10
65.7899
20
278.7156
0
VERTEX
8
CUT
10
65.8154
20
278.6433
0
VERTEX
8
CUT
10
65.8363
20
278.5694
0
VERTEX
8
CUT
10
66.3699
20
276.4221
0
VERTEX
8
CUT
10
66.3740
20
276.4039
0
VERTEX
8
CUT
10
66.3855
20
276.3245
0
VERTEX
8
CUT
10
66.3868
20
276.3060
0
VERTEX
8
CUT
10
66.4168
20
275.6533
0
VERTEX
8
CUT
10
66.4377
20
275.4262
0
VERTEX
8
CUT
10
66.4791
20
275.2021
0
VERTEX
8
CUT
10
66.5408
20
274.9826
0
VERTEX
8
CUT
10
66.6222
20
274.7696
0
VERTEX
8
CUT
10
66.6433
20
274.7213
0
VERTEX
8
CUT
10
66.6505
20
274.7036
0
VERTEX
8
CUT
10
66.6630
20
274.6644
0
VERTEX
8
CUT
10
66.6714
20
274.6242
0
VERTEX
8
CUT
10
66.6739
20
274.6052
0
VERTEX
8
CUT
10
66.9576
20
271.9279
0
VERTEX
8
CUT
10
66.9906
20
271.7096
0
VERTEX
8
CUT
10
67.0426
20
271.4951
0
VERTEX
8
CUT
10
67.1134
20
271.2860
0
VERTEX
8
CUT
10
67.2015
20
271.0593
0
VERTEX
8
CUT
10
67.2034
20
271.0540
0
VERTEX
8
CUT
10
67.2174
20
271.0065
0
VERTEX
8
CUT
10
67.2205
20
270.9771
0
VERTEX
8
CUT
10
67.2216
20
270.9522
0
VERTEX
8
CUT
10
67.2623
20
268.5360
0
VERTEX
8
CUT
10
67.2860
20
268.2326
0
VERTEX
8
CUT
10
67.5054
20
266.6603
0
VERTEX
8
CUT
10
67.5139
20
266.5782
0
VERTEX
8
CUT
10
67.5168
20
266.4956
0
VERTEX
8
CUT
10
67.5168
20
262.5258
0
VERTEX
8
CUT
10
67.5140
20
262.4437
0
VERTEX
8
CUT
10
67.5055
20
262.3619
0
VERTEX
8
CUT
10
67.2848
20
260.7722
0
VERTEX
8
CUT
10
67.2613
20
260.4681
0
VERTEX
8
CUT
10
67.2234
20
258.0824
0
VERTEX
8
CUT
10
67.2232
20
258.0769
0
VERTEX
8
CUT
10
67.2185
20
258.0287
0
VERTEX
8
CUT
10
67.2106
20
258.0008
0
VERTEX
8
CUT
10
67.2025
20
257.9778
0
VERTEX
8
CUT
10
67.1386
20
257.8090
0
VERTEX
8
CUT
10
67.0565
20
257.5509
0
VERTEX
8
CUT
10
67.0028
20
257.2855
0
VERTEX
8
CUT
10
66.9781
20
257.0158
0
VERTEX
8
CUT
10
66.9426
20
256.0583
0
VERTEX
8
CUT
10
66.9414
20
256.0402
0
VERTEX
8
CUT
10
66.9362
20
256.0016
0
VERTEX
8
CUT
10
66.9237
20
255.9647
0
VERTEX
8
CUT
10
66.9048
20
255.9201
0
VERTEX
8
CUT
10
66.9056
20
255.9198
0
VERTEX
8
CUT
10
66.8298
20
255.7282
0
VERTEX
8
CUT
10
66.7637
20
255.4995
0
VERTEX
8
CUT
10
66.7196
20
255.2655
0
VERTEX
8
CUT
10
66.6980
20
255.0283
0
VERTEX
8
CUT
10
66.6722
20
254.4316
0
VERTEX
8
CUT
10
66.6707
20
254.4113
0
VERTEX
8
CUT
10
66.6576
20
254.3247
0
VERTEX
8
CUT
10
66.6529
20
254.3050
0
VERTEX
8
CUT
10
66.2228
20
252.6822
0
VERTEX
8
CUT
10
66.1714
20
252.4404
0
VERTEX
8
CUT
10
66.1440
20
252.1948
0
VERTEX
8
CUT
10
66.1056
20
251.5686
0
VERTEX
8
CUT
10
66.1052
20
251.5634
0
VERTEX
8
CUT
10
66.0981
20
251.5139
0
VERTEX
8
CUT
10
66.0923
20
251.4887
0
VERTEX
8
CUT
10
66.0856
20
251.4664
0
VERTEX
8
CUT
10
65.4357
20
249.4614
0
VERTEX
8
CUT
10
65.3794
20
249.2593
0
VERTEX
8
CUT
10
65.3403
20
249.0532
0
VERTEX
8
CUT
10
65.3186
20
248.8445
0
VERTEX
8
CUT
10
65.2850
20
248.2998
0
VERTEX
8
CUT
10
65.2836
20
248.2827
0
VERTEX
8
CUT
10
65.2723
20
248.2096
0
VERTEX
8
CUT
10
65.2686
20
248.1929
0
VERTEX
8
CUT
10
64.7292
20
246.0229
0
VERTEX
8
CUT
10
64.7073
20
245.9457
0
VERTEX
8
CUT
10
64.6801
20
245.8701
0
VERTEX
8
CUT
10
63.7423
20
243.5116
0
VERTEX
8
CUT
10
63.6777
20
243.3288
0
VERTEX
8
CUT
10
63.6275
20
243.1416
0
VERTEX
8
CUT
10
63.3208
20
241.7912
0
VERTEX
8
CUT
10
63.3195
20
241.7861
0
VERTEX
8
CUT
10
63.3045
20
241.7382
0
VERTEX
8
CUT
10
63.2946
20
241.7142
0
VERTEX
8
CUT
10
63.2844
20
241.6932
0
VERTEX
8
CUT
10
62.7805
20
240.7169
0
VERTEX
8
CUT
10
62.6873
20
240.5148
0
VERTEX
8
CUT
10
62.6124
20
240.3052
0
VERTEX
8
CUT
10
62.5565
20
240.0898
0
VERTEX
8
CUT
10
62.5200
20
239.8702
0
VERTEX
8
CUT
10
62.4848
20
239.5788
0
VERTEX
8
CUT
10
62.4824
20
239.5620
0
VERTEX
8
CUT
10
62.4747
20
239.5263
0
VERTEX
8
CUT
10
62.4609
20
239.4929
0
VERTEX
8
CUT
10
62.4533
20
239.4775
0
VERTEX
8
CUT
10
62.1630
20
238.9224
0
VERTEX
8
CUT
10
62.0718
20
238.7282
0
VERTEX
8
CUT
10
61.9976
20
238.5268
0
VERTEX
8
CUT
10
61.9410
20
238.3199
0
VERTEX
8
CUT
10
61.6584
20
237.0813
0
VERTEX
8
CUT
10
61.6571
20
237.0761
0
VERTEX
8
CUT
10
61.6417
20
237.0274
0
VERTEX
8
CUT
10
61.6315
20
237.0030
0
VERTEX
8
CUT
10
61.6211
20
236.9817
0
VERTEX
8
CUT
10
61.2879
20
236.3447
0
VERTEX
8
CUT
10
61.1914
20
236.1376
0
VERTEX
8
CUT
10
61.1142
20
235.9225
0
VERTEX
8
CUT
10
60.2757
20
233.2025
0
VERTEX
8
CUT
10
60.2704
20
233.1867
0
VERTEX
8
CUT
10
60.2433
20
233.1202
0
VERTEX
8
CUT
10
60.2360
20
233.1052
0
VERTEX
8
CUT
10
59.6692
20
232.0050
0
VERTEX
8
CUT
10
59.5819
20
231.8168
0
VERTEX
8
CUT
10
59.5105
20
231.6219
0
VERTEX
8
CUT
10
59.4556
20
231.4217
0
VERTEX
8
CUT
10
59.1648
20
230.1604
0
VERTEX
8
CUT
10
59.1602
20
230.1427
0
VERTEX
8
CUT
10
59.1351
20
230.0679
0
VERTEX
8
CUT
10
59.1281
20
230.0511
0
VERTEX
8
CUT
10
58.1842
20
227.9417
0
VERTEX
8
CUT
10
58.0943
20
227.7107
0
VERTEX
8
CUT
10
57.3816
20
225.5712
0
VERTEX
8
CUT
10
57.3119
20
225.3182
0
VERTEX
8
CUT
10
57.2690
20
225.0592
0
VERTEX
8
CUT
10
57.2199
20
224.6199
0
VERTEX
8
CUT
10
57.2174
20
224.6016
0
VERTEX
8
CUT
10
57.2091
20
224.5627
0
VERTEX
8
CUT
10
57.1970
20
224.5249
0
VERTEX
8
CUT
10
57.1902
20
224.5078
0
VERTEX
8
CUT
10
56.6354
20
223.2180
0
VERTEX
8
CUT
10
56.5407
20
222.9598
0
VERTEX
8
CUT
10
56.4751
20
222.6927
0
VERTEX
8
CUT
10
56.4391
20
222.4200
0
VERTEX
8
CUT
10
56.4220
20
222.1956
0
VERTEX
8
CUT
10
56.4154
20
221.9496
0
VERTEX
8
CUT
10
56.4330
20
221.7042
0
VERTEX
8
CUT
10
56.4747
20
221.4617
0
VERTEX
8
CUT
10
56.5400
20
221.2244
0
SEQEND
0
POLYLINE
8
CUT
66
1
70
1
10
0.0
20
0.0
30
0.0
0
VERTEX
8
CUT
10
13.1397
20
161.8084
0
VERTEX
8
CUT
10
13.1786
20
161.6366
0
VERTEX
8
CUT
10
13.1897
20
161.5716
0
VERTEX
8
CUT
10
13.1915
20
161.5531
0
VERTEX
8
CUT
10
13.2122
20
161.2599
0
VERTEX
8
CUT
10
13.2391
20
161.0306
0
VERTEX
8
CUT
10
13.2870
20
160.8047
0
VERTEX
8
CUT
10
13.3556
20
160.5842
0
VERTEX
8
CUT
10
13.4442
20
160.3710
0
VERTEX
8
CUT
10
13.5521
20
160.1669
0
VERTEX
8
CUT
10
14.2955
20
158.9053
0
VERTEX
8
CUT
10
14.4178
20
158.7176
0
VERTEX
8
CUT
10
14.5563
20
158.5416
0
VERTEX
8
CUT
10
14.7101
20
158.3787
0
VERTEX
8
CUT
10
15.7673
20
157.3548
0
VERTEX
8
CUT
10
15.9445
20
157.1988
0
VERTEX
8
CUT
10
16.1356
20
157.0601
0
VERTEX
8
CUT
10
16.3389
20
156.9401
0
VERTEX
8
CUT
10
17.0084
20
156.5865
0
VERTEX
8
CUT
10
17.2672
20
156.4681
0
VERTEX
8
CUT
10
18.1621
20
156.1188
0
VERTEX
8
CUT
10
18.4076
20
156.0374
0
VERTEX
8
CUT
10
18.6601
20
155.9818
0
VERTEX
8
CUT
10
18.9171
20
155.9525
0
VERTEX
8
CUT
10
19.3789
20
155.9240
0
VERTEX
8
CUT
10
19.3985
20
155.9223
0
VERTEX
8
CUT
10
19.4403
20
155.9153
0
VERTEX
8
CUT
10
19.4811
20
155.9039
0
VERTEX
8
CUT
10
19.5304
20
155.8859
0
VERTEX
8
CUT
10
19.5310
20
155.8877
0
VERTEX
8
CUT
10
19.7085
20
155.8274
0
VERTEX
8
CUT
10
19.9457
20
155.7718
0
VERTEX
8
CUT
10
20.1873
20
155.7396
0
VERTEX
8
CUT
10
20.4308
20
155.7311
0
VERTEX
8
CUT
10
20.6740
20
155.7463
0
VERTEX
8
CUT
10
22.5667
20
155.9578
0
VERTEX
8
CUT
10
22.8907
20
156.0158
0
VERTEX
8
CUT
10
23.5821
20
156.1872
0
VERTEX
8
CUT
10
23.8598
20
156.2734
0
VERTEX
8
CUT
10
24.1256
20
156.3914
0
VERTEX
8
CUT
10
24.7422
20
156.7091
0
VERTEX
8
CUT
10
24.7572
20
156.7164
0
VERTEX
8
CUT
10
24.7906
20
156.7300
0
VERTEX
8
CUT
10
24.8254
20
156.7373
0
VERTEX
8
CUT
10
24.8422
20
156.7397
0
VERTEX
8
CUT
10
25.0806
20
156.7684
0
VERTEX
8
CUT
10
25.3172
20
156.8084
0
VERTEX
8
CUT
10
25.5488
20
156.8709
0
VERTEX
8
CUT
10
25.7734
20
156.9553
0
VERTEX
8
CUT
10
25.9889
20
157.0609
0
VERTEX
8
CUT
10
28.4115
20
158.3957
0
VERTEX
8
CUT
10
28.5771
20
158.4955
0
VERTEX
8
CUT
10
28.7344
20
158.6077
0
VERTEX
8
CUT
10
30.8105
20
160.2132
0
VERTEX
8
CUT
10
31.0309
20
160.4053
0
VERTEX
8
CUT
10
37.3423
20
166.5903
0
VERTEX
8
CUT
10
37.3684
20
166.6151
0
VERTEX
8
CUT
10
37.3952
20
166.6391
0
VERTEX
8
CUT
10
39.5431
20
168.5035
0
VERTEX
8
CUT
10
39.5470
20
168.5067
0
VERTEX
8
CUT
10
39.6083
20
168.5524
0
VERTEX
8
CUT
10
39.6229
20
168.5619
0
VERTEX
8
CUT
10
43.2365
20
170.8089
0
VERTEX
8
CUT
10
43.3038
20
170.8477
0
VERTEX
8
CUT
10
43.3736
20
170.8822
0
VERTEX
8
CUT
10
46.2853
20
172.2026
0
VERTEX
8
CUT
10
46.3593
20
172.2332
0
VERTEX
8
CUT
10
46.4351
20
172.2587
0
VERTEX
8
CUT
10
49.1098
20
173.0611
0
VERTEX
8
CUT
10
49.1314
20
173.0669
0
VERTEX
8
CUT
10
49.2266
20
173.0835
0
VERTEX
8
CUT
10
49.2488
20
173.0853
0
VERTEX
8
CUT
10
49.9836
20
173.1245
0
VERTEX
8
CUT
10
50.2558
20
173.1541
0
VERTEX
8
CUT
10
50.5232
20
173.2132
0
VERTEX
8
CUT
10
50.7825
20
173.3012
0
VERTEX
8
CUT
10
50.8897
20
173.3443
0
VERTEX
8
CUT
10
50.9063
20
173.3506
0
VERTEX
8
CUT
10
50.9430
20
173.3614
0
VERTEX
8
CUT
10
50.9811
20
173.3651
0
VERTEX
8
CUT
10
50.9989
20
173.3656
0
VERTEX
8
CUT
10
55.2787
20
173.3757
0
VERTEX
8
CUT
10
55.2994
20
173.3752
0
VERTEX
8
CUT
10
55.3439
20
173.3704
0
VERTEX
8
CUT
10
55.3875
20
173.3607
0
VERTEX
8
CUT
10
55.4073
20
173.3545
0
VERTEX
8
CUT
10
55.6752
20
173.2627
0
VERTEX
8
CUT
10
55.9032
20
173.1966
0
VERTEX
8
CUT
10
56.1365
20
173.1524
0
VERTEX
8
CUT
10
56.3729
20
173.1305
0
VERTEX
8
CUT
10
57.7588
20
173.0682
0
VERTEX
8
CUT
10
57.8451
20
173.0624
0
VERTEX
8
CUT
10
57.8451
20
173.0627
0
VERTEX
8
CUT
10
57.9862
20
173.0503
0
VERTEX
8
CUT
10
58.2327
20
173.0529
0
VERTEX
8
CUT
10
58.4776
20
173.0798
0
VERTEX
8
CUT
10
58.7187
20
173.1307
0
VERTEX
8
CUT
10
58.9537
20
173.2050
0
VERTEX
8
CUT
10
59.1801
20
173.3021
0
VERTEX
8
CUT
10
59.3959
20
173.4211
0
VERTEX
8
CUT
10
59.5990
20
173.5607
0
VERTEX
8
CUT
10
59.7873
20
173.7196
0
VERTEX
8
CUT
10
59.9591
20
173.8963
0
VERTEX
8
CUT
10
60.1126
20
174.0891
0
VERTEX
8
CUT
10
60.2464
20
174.2960
0
VERTEX
8
CUT
10
60.3592
20
174.5151
0
VERTEX
8
CUT
10
60.4499
20
174.7442
0
VERTEX
8
CUT
10
60.5176
20
174.9812
0
VERTEX
8
CUT
10
60.5616
20
175.2237
0
VERTEX
8
CUT
10
60.5815
20
175.4693
0
VERTEX
8
CUT
10
60.5772
20
175.7157
0
VERTEX
8
CUT
10
60.5486
20
175.9604
0
VERTEX
8
CUT
10
60.4960
20
176.2012
0
VERTEX
8
CUT
10
60.4200
20
176.4356
0
VERTEX
8
CUT
10
60.3214
20
176.6614
0
VERTEX
8
CUT
10
60.2009
20
176.8764
0
VERTEX
8
CUT
10
59.1910
20
178.4873
0
VERTEX
8
CUT
10
59.1758
20
178.5121
0
VERTEX
8
CUT
10
59.1613
20
178.5373
0
VERTEX
8
CUT
10
57.8048
20
180.9553
0
VERTEX
8
CUT
10
57.7970
20
180.9700
0
VERTEX
8
CUT
10
57.7676
20
181.0354
0
VERTEX
8
CUT
10
57.7618
20
181.0509
0
VERTEX
8
CUT
10
57.4352
20
181.9900
0
VERTEX
8
CUT
10
57.3000
20
182.3065
0
VERTEX
8
CUT
10
56.1584
20
184.5397
0
VERTEX
8
CUT
10
56.1248
20
184.6114
0
VERTEX
8
CUT
10
56.0960
20
184.6850
0
VERTEX
8
CUT
10
54.4431
20
189.3613
0
VERTEX
8
CUT
10
54.4255
20
189.4152
0
VERTEX
8
CUT
10
54.4105
20
189.4699
0
VERTEX
8
CUT
10
53.8306
20
191.7933
0
VERTEX
8
CUT
10
53.7605
20
192.0254
0
VERTEX
8
CUT
10
53.6684
20
192.2496
0
VERTEX
8
CUT
10
53.5549
20
192.4638
0
VERTEX
8
CUT
10
53.4212
20
192.6660
0
VERTEX
8
CUT
10
53.2686
20
192.8543
0
VERTEX
8
CUT
10
53.0985
20
193.0270
0
VERTEX
8
CUT
10
52.9124
20
193.1824
0
VERTEX
8
CUT
10
52.7122
20
193.3190
0
VERTEX
8
CUT
10
52.4996
20
193.4355
0
VERTEX
8
CUT
10
52.2768
20
193.5310
0
VERTEX
8
CUT
10
52.0458
20
193.6044
0
VERTEX
8
CUT
10
51.8088
20
193.6551
0
VERTEX
8
CUT
10
51.5679
20
193.6826
0
VERTEX
8
CUT
10
51.3255
20
193.6867
0
VERTEX
8
CUT
10
51.0839
20
193.6672
0
VERTEX
8
CUT
10
50.8453
20
193.6245
0
VERTEX
8
CUT
10
50.6120
20
193.5588
0
VERTEX
8
CUT
10
50.3861
20
193.4709
0
VERTEX
8
CUT
10
50.1698
20
193.3615
0
VERTEX
8
CUT
10
49.9651
20
193.2316
0
VERTEX
8
CUT
10
49.7739
20
193.0826
0
VERTEX
8
CUT
10
49.5981
20
192.9157
0
VERTEX
8
CUT
10
49.4393
20
192.7326
0
VERTEX
8
CUT
10
49.2989
20
192.5350
0
VERTEX
8
CUT
10
49.1784
20
192.3247
0
VERTEX
8
CUT
10
46.9895
20
188.0372
0
VERTEX
8
CUT
10
46.9763
20
188.0120
0
VERTEX
8
CUT
10
46.9624
20
187.9871
0
VERTEX
8
CUT
10
44.7545
20
184.1290
0
VERTEX
8
CUT
10
44.7192
20
184.0712
0
VERTEX
8
CUT
10
44.6807
20
184.0155
0
VERTEX
8
CUT
10
41.5514
20
179.7546
0
VERTEX
8
CUT
10
41.5379
20
179.7373
0
VERTEX
8
CUT
10
41.4734
20
179.6681
0
VERTEX
8
CUT
10
41.4571
20
179.6534
0
VERTEX
8
CUT
10
40.1301
20
178.5265
0
VERTEX
8
CUT
10
39.9371
20
178.3441
0
VERTEX
8
CUT
10
39.7646
20
178.1422
0
VERTEX
8
CUT
10
39.1117
20
177.2909
0
VERTEX
8
CUT
10
39.1007
20
177.2772
0
VERTEX
8
CUT
10
39.0749
20
177.2494
0
VERTEX
8
CUT
10
39.0466
20
177.2242
0
VERTEX
8
CUT
10
39.0327
20
177.2134
0
VERTEX
8
CUT
10
35.7679
20
174.8055
0
VERTEX
8
CUT
10
35.7150
20
174.7687
0
VERTEX
8
CUT
10
35.6602
20
174.7347
0
VERTEX
8
CUT
10
32.3792
20
172.8243
0
VERTEX
8
CUT
10
32.3596
20
172.8137
0
VERTEX
8
CUT
10
32.2714
20
172.7755
0
VERTEX
8
CUT
10
32.2502
20
172.7685
0
VERTEX
8
CUT
10
30.3804
20
172.2102
0
VERTEX
8
CUT
10
30.1638
20
172.1345
0
VERTEX
8
CUT
10
29.9550
20
172.0393
0
VERTEX
8
CUT
10
29.2735
20
171.6898
0
VERTEX
8
CUT
10
29.2579
20
171.6823
0
VERTEX
8
CUT
10
29.2234
20
171.6684
0
VERTEX
8
CUT
10
29.1873
20
171.6612
0
VERTEX
8
CUT
10
29.1700
20
171.6590
0
VERTEX
8
CUT
10
28.9511
20
171.6357
0
VERTEX
8
CUT
10
28.7225
20
171.6008
0
VERTEX
8
CUT
10
28.4981
20
171.5448
0
VERTEX
8
CUT
10
28.2798
20
171.4683
0
VERTEX
8
CUT
10
28.0696
20
171.3720
0
VERTEX
8
CUT
10
27.6116
20
171.1361
0
VERTEX
8
CUT
10
27.5958
20
171.1284
0
VERTEX
8
CUT
10
27.5607
20
171.1143
0
VERTEX
8
CUT
10
27.5244
20
171.1035
0
VERTEX
8
CUT
10
27.5072
20
171.0997
0
VERTEX
8
CUT
10
20.4559
20
169.7065
0
VERTEX
8
CUT
10
20.2123
20
169.6455
0
VERTEX
8
CUT
10
19.9760
20
169.5604
0
VERTEX
8
CUT
10
17.2193
20
168.4077
0
VERTEX
8
CUT
10
16.9848
20
168.2949
0
VERTEX
8
CUT
10
16.7632
20
168.1584
0
VERTEX
8
CUT
10
16.5570
20
167.9995
0
VERTEX
8
CUT
10
15.0112
20
166.6749
0
VERTEX
8
CUT
10
14.8508
20
166.5247
0
VERTEX
8
CUT
10
14.7042
20
166.3610
0
VERTEX
8
CUT
10
14.5726
20
166.1851
0
VERTEX
8
CUT
10
14.4569
20
165.9983
0
VERTEX
8
CUT
10
13.5287
20
164.3412
0
VERTEX
8
CUT
10
13.4123
20
164.1048
0
VERTEX
8
CUT
10
13.3213
20
163.8575
0
VERTEX
8
CUT
10
13.2569
20
163.6020
0
VERTEX
8
CUT
10
13.2197
20
163.3412
0
VERTEX
8
CUT
10
13.1808
20
162.9039
0
VERTEX
8
CUT
10
13.1787
20
162.8855
0
VERTEX
8
CUT
10
13.1528
20
162.7490
0
VERTEX
8
CUT
10
13.1479
20
162.7292
0
VERTEX
8
CUT
10
13.1138
20
162.5003
0
VERTEX
8
CUT
10
13.1010
20
162.2692
0
VERTEX
8
CUT
10
13.1097
20
162.0379
0
SEQEND
0
POLYLINE
8
CUT
66
1
70
1
10
0.0
20
0.0
30
0.0
0
VERTEX
8
CUT
10
26.2142
20
122.5976
0
VERTEX
8
CUT
10
26.2263
20
122.3680
0
VERTEX
8
CUT
10
26.2594
20
122.1406
0
VERTEX
8
CUT
10
26.3133
20
121.9172
0
VERTEX
8
CUT
10
26.3874
20
121.6996
0
VERTEX
8
CUT
10
26.6581
20
121.0111
0
VERTEX
8
CUT
10
26.7410
20
120.8231
0
VERTEX
8
CUT
10
26.8391
20
120.6426
0
VERTEX
8
CUT
10
26.9517
20
120.4707
0
VERTEX
8
CUT
10
28.0965
20
118.8708
0
VERTEX
8
CUT
10
28.2618
20
118.6640
0
VERTEX
8
CUT
10
28.4480
20
118.4757
0
VERTEX
8
CUT
10
28.6530
20
118.3083
0
VERTEX
8
CUT
10
30.1998
20
117.1761
0
VERTEX
8
CUT
10
30.4385
20
117.0214
0
VERTEX
8
CUT
10
30.6932
20
116.8949
0
VERTEX
8
CUT
10
30.9607
20
116.7981
0
VERTEX
8
CUT
10
33.1611
20
116.1406
0
VERTEX
8
CUT
10
33.4027
20
116.0814
0
VERTEX
8
CUT
10
33.6490
20
116.0464
0
VERTEX
8
CUT
10
33.8976
20
116.0361
0
VERTEX
8
CUT
10
34.1459
20
116.0505
0
VERTEX
8
CUT
10
35.9937
20
116.2506
0
VERTEX
8
CUT
10
36.2450
20
116.2908
0
VERTEX
8
CUT
10
36.4909
20
116.3564
0
VERTEX
8
CUT
10
36.7288
20
116.4466
0
VERTEX
8
CUT
10
36.9564
20
116.5606
0
VERTEX
8
CUT
10
38.9458
20
117.6870
0
VERTEX
8
CUT
10
39.1330
20
117.8042
0
VERTEX
8
CUT
10
39.3092
20
117.9375
0
VERTEX
8
CUT
10
39.4729
20
118.0858
0
VERTEX
8
CUT
10
40.3218
20
118.9263
0
VERTEX
8
CUT
10
40.4723
20
119.0891
0
VERTEX
8
CUT
10
40.6077
20
119.2646
0
VERTEX
8
CUT
10
41.0633
20
119.9122
0
VERTEX
8
CUT
10
41.2077
20
120.1434
0
VERTEX
8
CUT
10
41.3261
20
120.3889
0
VERTEX
8
CUT
10
41.8950
20
121.7539
0
VERTEX
8
CUT
10
41.9789
20
121.9873
0
VERTEX
8
CUT
10
42.0393
20
122.2277
0
VERTEX
8
CUT
10
42.0755
20
122.4730
0
VERTEX
8
CUT
10
42.0873
20
122.7207
0
VERTEX
8
CUT
10
42.0812
20
125.7398
0
VERTEX
8
CUT
10
42.0696
20
125.9754
0
VERTEX
8
CUT
10
42.0358
20
126.2088
0
VERTEX
8
CUT
10
41.9802
20
126.4380
0
VERTEX
8
CUT
10
41.9033
20
126.6610
0
VERTEX
8
CUT
10
41.8056
20
126.8757
0
VERTEX
8
CUT
10
41.0198
20
128.4078
0
VERTEX
8
CUT
10
40.8928
20
128.6273
0
VERTEX
8
CUT
10
40.7441
20
128.8328
0
VERTEX
8
CUT
10
40.5755
20
129.0222
0
VERTEX
8
CUT
10
39.0200
20
130.5997
0
VERTEX
8
CUT
10
38.8768
20
130.7338
0
VERTEX
8
CUT
10
38.7236
20
130.8564
0
VERTEX
8
CUT
10
37.9381
20
131.4356
0
VERTEX
8
CUT
10
37.7604
20
131.5553
0
VERTEX
8
CUT
10
37.5730
20
131.6593
0
VERTEX
8
CUT
10
37.3774
20
131.7469
0
VERTEX
8
CUT
10
36.5916
20
132.0591
0
VERTEX
8
CUT
10
36.3418
20
132.1434
0
VERTEX
8
CUT
10
36.0845
20
132.2009
0
VERTEX
8
CUT
10
35.8225
20
132.2310
0
VERTEX
8
CUT
10
35.3172
20
132.2622
0
VERTEX
8
CUT
10
35.2971
20
132.2640
0
VERTEX
8
CUT
10
35.2560
20
132.2707
0
VERTEX
8
CUT
10
35.2158
20
132.2816
0
VERTEX
8
CUT
10
35.1742
20
132.2964
0
VERTEX
8
CUT
10
34.9261
20
132.3704
0
VERTEX
8
CUT
10
34.6716
20
132.4182
0
VERTEX
8
CUT
10
34.4136
20
132.4395
0
VERTEX
8
CUT
10
34.1548
20
132.4340
0
VERTEX
8
CUT
10
33.8979
20
132.4018
0
VERTEX
8
CUT
10
31.7067
20
132.0107
0
VERTEX
8
CUT
10
31.4628
20
131.9544
0
VERTEX
8
CUT
10
31.2258
20
131.8740
0
VERTEX
8
CUT
10
30.9979
20
131.7704
0
VERTEX
8
CUT
10
30.7816
20
131.6444
0
VERTEX
8
CUT
10
28.8943
20
130.4152
0
VERTEX
8
CUT
10
28.7111
20
130.2837
0
VERTEX
8
CUT
10
28.5405
20
130.1363
0
VERTEX
8
CUT
10
28.3838
20
129.9741
0
VERTEX
8
CUT
10
28.2425
20
129.7984
0
VERTEX
8
CUT
10
26.9753
20
128.0699
0
VERTEX
8
CUT
10
26.8490
20
127.8800
0
VERTEX
8
CUT
10
26.7405
20
127.6793
0
VERTEX
8
CUT
10
26.6507
20
127.4695
0
VERTEX
8
CUT
10
26.3523
20
126.6736
0
VERTEX
8
CUT
10
26.2820
20
126.4565
0
VERTEX
8
CUT
10
26.2318
20
126.2338
0
VERTEX
8
CUT
10
26.2021
20
126.0075
0
VERTEX
8
CUT
10
26.1932
20
125.7794
0
SEQEND
0
POLYLINE
8
CUT
66
1
70
1
10
0.0
20
0.0
30
0.0
0
VERTEX
8
CUT
10
32.9074
20
27.2824
0
VERTEX
8
CUT
10
33.0193
20
27.0815
0
VERTEX
8
CUT
10
33.3811
20
26.4973
0
VERTEX
8
CUT
10
33.5522
20
26.2544
0
VERTEX
8
CUT
10
33.7509
20
26.0336
0
VERTEX
8
CUT
10
34.8189
20
24.9799
0
VERTEX
8
CUT
10
35.0061
20
24.8128
0
VERTEX
8
CUT
10
35.2092
20
24.6654
0
VERTEX
8
CUT
10
35.4259
20
24.5391
0
VERTEX
8
CUT
10
35.6543
20
24.4351
0
VERTEX
8
CUT
10
36.1303
20
24.2466
0
VERTEX
8
CUT
10
36.3541
20
24.1700
0
VERTEX
8
CUT
10
36.5843
20
24.1149
0
VERTEX
8
CUT
10
36.8186
20
24.0818
0
VERTEX
8
CUT
10
37.0550
20
24.0711
0
VERTEX
8
CUT
10
37.4789
20
24.0718
0
VERTEX
8
CUT
10
37.7244
20
24.0843
0
VERTEX
8
CUT
10
37.9676
20
24.1209
0
VERTEX
8
CUT
10
38.2059
20
24.1812
0
VERTEX
8
CUT
10
38.4372
20
24.2646
0
VERTEX
8
CUT
10
38.6592
20
24.3703
0
VERTEX
8
CUT
10
38.8697
20
24.4973
0
VERTEX
8
CUT
10
39.7982
20
25.1217
0
VERTEX
8
CUT
10
39.9966
20
25.2699
0
VERTEX
8
CUT
10
40.1794
20
25.4371
0
VERTEX
8
CUT
10
41.0266
20
26.2925
0
VERTEX
8
CUT
10
41.2031
20
26.4908
0
VERTEX
8
CUT
10
41.3576
20
26.7067
0
VERTEX
8
CUT
10
41.4883
20
26.9377
0
VERTEX
8
CUT
10
41.6213
20
27.2048
0
VERTEX
8
CUT
10
41.7149
20
27.4172
0
VERTEX
8
CUT
10
41.7885
20
27.6373
0
VERTEX
8
CUT
10
41.8413
20
27.8633
0
VERTEX
8
CUT
10
41.8730
20
28.0932
0
VERTEX
8
CUT
10
41.8831
20
28.3251
0
VERTEX
8
CUT
10
41.8817
20
28.8953
0
VERTEX
8
CUT
10
41.8685
20
29.1453
0
VERTEX
8
CUT
10
41.8304
20
29.3927
0
VERTEX
8
CUT
10
41.7678
20
29.6351
0
VERTEX
8
CUT
10
41.6812
20
29.8700
0
VERTEX
8
CUT
10
41.2321
20
30.9226
0
VERTEX
8
CUT
10
41.1316
20
31.1309
0
VERTEX
8
CUT
10
41.0122
20
31.3290
0
VERTEX
8
CUT
10
40.8751
20
31.5153
0
VERTEX
8
CUT
10
40.7213
20
31.6881
0
VERTEX
8
CUT
10
40.4449
20
31.9711
0
VERTEX
8
CUT
10
40.2606
20
32.1419
0
VERTEX
8
CUT
10
40.0600
20
32.2933
0
VERTEX
8
CUT
10
39.6060
20
32.6013
0
VERTEX
8
CUT
10
39.3769
20
32.7395
0
VERTEX
8
CUT
10
39.1342
20
32.8524
0
VERTEX
8
CUT
10
38.4330
20
33.1341
0
VERTEX
8
CUT
10
38.2158
20
33.2099
0
VERTEX
8
CUT
10
37.9927
20
33.2655
0
VERTEX
8
CUT
10
37.7653
20
33.3003
0
VERTEX
8
CUT
10
37.5358
20
33.3141
0
VERTEX
8
CUT
10
37.3999
20
33.3160
0
VERTEX
8
CUT
10
37.1329
20
33.3054
0
VERTEX
8
CUT
10
36.8686
20
33.2664
0
VERTEX
8
CUT
10
36.6100
20
33.1994
0
VERTEX
8
CUT
10
36.3599
20
33.1052
0
VERTEX
8
CUT
10
34.7402
20
32.3939
0
VERTEX
8
CUT
10
34.5133
20
32.2802
0
VERTEX
8
CUT
10
34.2991
20
32.1440
0
VERTEX
8
CUT
10
34.0998
20
31.9869
0
VERTEX
8
CUT
10
33.9174
20
31.8103
0
VERTEX
8
CUT
10
33.7539
20
31.6162
0
VERTEX
8
CUT
10
33.6110
20
31.4064
0
VERTEX
8
CUT
10
33.0856
20
30.5450
0
VERTEX
8
CUT
10
32.9519
20
30.2947
0
VERTEX
8
CUT
10
32.8474
20
30.0308
0
VERTEX
8
CUT
10
32.7708
20
29.8001
0
VERTEX
8
CUT
10
32.7000
20
29.5408
0
VERTEX
8
CUT
10
32.6574
20
29.2754
0
VERTEX
8
CUT
10
32.6436
20
29.0069
0
VERTEX
8
CUT
10
32.6450
20
28.3917
0
VERTEX
8
CUT
10
32.6561
20
28.1621
0
VERTEX
8
CUT
10
32.6882
20
27.9344
0
VERTEX
8
CUT
10
32.7412
20
27.7106
0
VERTEX
8
CUT
10
32.8144
20
27.4927
0
SEQEND
0
POLYLINE
8
CUT
66
1
70
1
10
0.0
20
0.0
30
0.0
0
VERTEX
8
CUT
10
18.6066
20
111.3744
0
VERTEX
8
CUT
10
18.5488
20
111.1334
0
VERTEX
8
CUT
10
18.5152
20
110.8879
0
VERTEX
8
CUT
10
18.5060
20
110.6402
0
VERTEX
8
CUT
10
18.5111
20
110.2380
0
VERTEX
8
CUT
10
18.5287
20
109.9715
0
VERTEX
8
CUT
10
18.5747
20
109.7083
0
VERTEX
8
CUT
10
18.6485
20
109.4516
0
VERTEX
8
CUT
10
18.7493
20
109.2042
0
VERTEX
8
CUT
10
18.8886
20
108.9085
0
VERTEX
8
CUT
10
19.0062
20
108.6882
0
VERTEX
8
CUT
10
19.1451
20
108.4807
0
VERTEX
8
CUT
10
19.3041
20
108.2881
0
VERTEX
8
CUT
10
19.4815
20
108.1123
0
VERTEX
8
CUT
10
19.6755
20
107.9551
0
VERTEX
8
CUT
10
19.8843
20
107.8181
0
VERTEX
8
CUT
10
20.1056
20
107.7026
0
VERTEX
8
CUT
10
20.9372
20
107.3202
0
VERTEX
8
CUT
10
21.1548
20
107.2322
0
VERTEX
8
CUT
10
21.3798
20
107.1650
0
VERTEX
8
CUT
10
21.6100
20
107.1193
0
VERTEX
8
CUT
10
21.8436
20
107.0953
0
VERTEX
8
CUT
10
22.0783
20
107.0934
0
VERTEX
8
CUT
10
22.3122
20
107.1134
0
VERTEX
8
CUT
10
22.5432
20
107.1554
0
VERTEX
8
CUT
10
22.7693
20
107.2188
0
VERTEX
8
CUT
10
23.0222
20
107.3027
0
VERTEX
8
CUT
10
23.2293
20
107.3818
0
VERTEX
8
CUT
10
23.4286
20
107.4790
0
VERTEX
8
CUT
10
23.6185
20
107.5934
0
VERTEX
8
CUT
10
23.7975
20
107.7242
0
VERTEX
8
CUT
10
23.9642
20
107.8703
0
VERTEX
8
CUT
10
24.1900
20
108.0866
0
VERTEX
8
CUT
10
24.3536
20
108.2591
0
VERTEX
8
CUT
10
24.5002
20
108.4462
0
VERTEX
8
CUT
10
24.6282
20
108.6465
0
VERTEX
8
CUT
10
24.7367
20
108.8580
0
VERTEX
8
CUT
10
24.9695
20
109.3705
0
VERTEX
8
CUT
10
25.0600
20
109.5992
0
VERTEX
8
CUT
10
25.1277
20
109.8358
0
VERTEX
8
CUT
10
25.1718
20
110.0778
0
VERTEX
8
CUT
10
25.1919
20
110.3230
0
VERTEX
8
CUT
10
25.1878
20
110.5690
0
VERTEX
8
CUT
10
25.1595
20
110.8134
0
VERTEX
8
CUT
10
25.1073
20
111.0539
0
VERTEX
8
CUT
10
25.0318
20
111.2880
0
VERTEX
8
CUT
10
24.9336
20
111.5136
0
VERTEX
8
CUT
10
24.6083
20
112.1707
0
VERTEX
8
CUT
10
24.4945
20
112.3756
0
VERTEX
8
CUT
10
24.3621
20
112.5690
0
VERTEX
8
CUT
10
24.2121
20
112.7492
0
VERTEX
8
CUT
10
24.0459
20
112.9145
0
VERTEX
8
CUT
10
23.8649
20
113.0635
0
VERTEX
8
CUT
10
23.6708
20
113.1950
0
VERTEX
8
CUT
10
23.4653
20
113.3076
0
VERTEX
8
CUT
10
23.2204
20
113.4273
0
VERTEX
8
CUT
10
23.0127
20
113.5173
0
VERTEX
8
CUT
10
22.7978
20
113.5882
0
VERTEX
8
CUT
10
22.5774
20
113.6393
0
VERTEX
8
CUT
10
22.3532
20
113.6704
0
VERTEX
8
CUT
10
22.1271
20
113.6810
0
VERTEX
8
CUT
10
21.6574
20
113.6818
0
VERTEX
8
CUT
10
21.4280
20
113.6716
0
VERTEX
8
CUT
10
21.2006
20
113.6404
0
VERTEX
8
CUT
10
20.9769
20
113.5885
0
VERTEX
8
CUT
10
20.7589
20
113.5163
0
VERTEX
8
CUT
10
20.5485
20
113.4244
0
VERTEX
8
CUT
10
20.2708
20
113.2876
0
VERTEX
8
CUT
10
20.0297
20
113.1518
0
VERTEX
8
CUT
10
19.8050
20
112.9901
0
VERTEX
8
CUT
10
19.5996
20
112.8045
0
VERTEX
8
CUT
10
19.2299
20
112.4313
0
VERTEX
8
CUT
10
19.0644
20
112.2469
0
VERTEX
8
CUT
10
18.9180
20
112.0469
0
VERTEX
8
CUT
10
18.7921
20
111.8334
0
VERTEX
8
CUT
10
18.6880
20
111.6085
0
SEQEND
0
ENDSEC
0
EOF
