0
SECTION
2
HEADER
9
$ACADVER
1
AC1009
9
$INSUNITS
70
4
0
ENDSEC
0
SECTION
2
TABLES
0
TABLE
2
LAYER
70
1
0
LAYER
2
CUT
70
0
62
7
6
CONTINUOUS
0
ENDTAB
0
ENDSEC
0
SECTION
2
ENTITIES
0
POLYLINE
8
CUT
66
1
70
1
10
0.0
20
0.0
30
0.0
0
VERTEX
8
CUT
10
207.8053
20
63.0702
0
VERTEX
8
CUT
10
208.1891
20
62.7080
0
VERTEX
8
CUT
10
208.5985
20
61.0656
0
VERTEX
8
CUT
10
209.0472
20
57.0602
0
VERTEX
8
CUT
10
208.4165
20
55.9744
0
VERTEX
8
CUT
10
208.1366
20
55.6167
0
VERTEX
8
CUT
10
207.9914
20
55.4549
0
VERTEX
8
CUT
10
207.8153
20
55.2062
0
VERTEX
8
CUT
10
205.3504
20
52.0567
0
VERTEX
8
CUT
10
203.5270
20
48.6182
0
VERTEX
8
CUT
10
203.3017
20
47.9302
0
VERTEX
8
CUT
10
203.0666
20
47.4102
0
VERTEX
8
CUT
10
203.0139
20
47.0513
0
VERTEX
8
CUT
10
202.8004
20
46.3994
0
VERTEX
8
CUT
10
202.9015
20
46.2857
0
VERTEX
8
CUT
10
202.8895
20
46.2042
0
VERTEX
8
CUT
10
203.1855
20
45.9424
0
VERTEX
8
CUT
10
203.4588
20
45.9658
0
VERTEX
8
CUT
10
204.0511
20
45.9693
0
VERTEX
8
CUT
10
207.1799
20
46.7963
0
VERTEX
8
CUT
10
209.4969
20
47.7566
0
VERTEX
8
CUT
10
211.8449
20
49.0066
0
VERTEX
8
CUT
10
214.1652
20
50.5237
0
VERTEX
8
CUT
10
218.7695
20
54.4002
0
VERTEX
8
CUT
10
218.8584
20
54.4914
0
VERTEX
8
CUT
10
218.8608
20
54.4930
0
VERTEX
8
CUT
10
218.8895
20
54.5234
0
VERTEX
8
CUT
10
221.0023
20
56.6945
0
VERTEX
8
CUT
10
224.9710
20
61.2986
0
VERTEX
8
CUT
10
225.5228
20
61.6609
0
VERTEX
8
CUT
10
226.2390
20
61.3467
0
VERTEX
8
CUT
10
226.5838
20
61.4827
0
VERTEX
8
CUT
10
226.6683
20
61.8081
0
VERTEX
8
CUT
10
226.1166
20
63.8292
0
VERTEX
8
CUT
10
225.7450
20
64.1011
0
VERTEX
8
CUT
10
225.4229
20
63.9312
0
VERTEX
8
CUT
10
225.0356
20
63.0734
0
VERTEX
8
CUT
10
224.8364
20
62.9696
0
VERTEX
8
CUT
10
224.8324
20
62.9683
0
VERTEX
8
CUT
10
224.8154
20
62.9629
0
VERTEX
8
CUT
10
224.7785
20
62.9511
0
VERTEX
8
CUT
10
224.3719
20
62.8208
0
VERTEX
8
CUT
10
220.8819
20
62.3706
0
VERTEX
8
CUT
10
217.1397
20
61.5773
0
VERTEX
8
CUT
10
216.5178
20
61.6772
0
VERTEX
8
CUT
10
216.4408
20
61.7407
0
VERTEX
8
CUT
10
216.4182
20
61.7593
0
VERTEX
8
CUT
10
216.3965
20
61.7773
0
VERTEX
8
CUT
10
216.3696
20
61.7995
0
VERTEX
8
CUT
10
216.1244
20
62.4477
0
VERTEX
8
CUT
10
215.8192
20
65.1888
0
VERTEX
8
CUT
10
215.7895
20
66.2075
0
VERTEX
8
CUT
10
215.9931
20
67.1232
0
VERTEX
8
CUT
10
216.7962
20
67.8891
0
VERTEX
8
CUT
10
218.8177
20
68.6000
0
VERTEX
8
CUT
10
221.5782
20
68.9943
0
VERTEX
8
CUT
10
224.5611
20
69.0562
0
VERTEX
8
CUT
10
224.9530
20
68.9206
0
VERTEX
8
CUT
10
225.2589
20
69.0690
0
VERTEX
8
CUT
10
225.4241
20
74.1832
0
VERTEX
8
CUT
10
225.7022
20
76.1963
0
VERTEX
8
CUT
10
226.9699
20
81.4366
0
VERTEX
8
CUT
10
227.1952
20
82.1448
0
VERTEX
8
CUT
10
228.2396
20
84.6466
0
VERTEX
8
CUT
10
228.8536
20
85.5436
0
VERTEX
8
CUT
10
229.6169
20
86.0418
0
VERTEX
8
CUT
10
236.9386
20
87.5332
0
VERTEX
8
CUT
10
239.1095
20
88.2058
0
VERTEX
8
CUT
10
239.1473
20
88.6390
0
VERTEX
8
CUT
10
238.8301
20
88.8353
0
VERTEX
8
CUT
10
238.3346
20
89.5489
0
VERTEX
8
CUT
10
238.2423
20
90.1238
0
VERTEX
8
CUT
10
238.5777
20
93.5421
0
VERTEX
8
CUT
10
239.6227
20
97.1102
0
VERTEX
8
CUT
10
241.4756
20
101.2108
0
VERTEX
8
CUT
10
243.8264
20
104.9157
0
VERTEX
8
CUT
10
243.8983
20
105.0097
0
VERTEX
8
CUT
10
243.9590
20
105.0891
0
VERTEX
8
CUT
10
244.0437
20
105.1999
0
VERTEX
8
CUT
10
244.2539
20
105.4749
0
VERTEX
8
CUT
10
247.7094
20
109.7551
0
VERTEX
8
CUT
10
247.7373
20
109.7873
0
VERTEX
8
CUT
10
247.7441
20
109.7950
0
VERTEX
8
CUT
10
247.7445
20
109.7955
0
VERTEX
8
CUT
10
248.0146
20
110.1068
0
VERTEX
8
CUT
10
252.3342
20
114.6617
0
VERTEX
8
CUT
10
252.9197
20
114.9642
0
VERTEX
8
CUT
10
253.4353
20
114.7960
0
VERTEX
8
CUT
10
255.6055
20
112.5554
0
VERTEX
8
CUT
10
256.3438
20
111.2880
0
VERTEX
8
CUT
10
256.4497
20
110.5543
0
VERTEX
8
CUT
10
255.7809
20
109.3961
0
VERTEX
8
CUT
10
254.0207
20
107.1968
0
VERTEX
8
CUT
10
251.9541
20
104.7204
0
VERTEX
8
CUT
10
251.5540
20
104.0199
0
VERTEX
8
CUT
10
251.7909
20
103.7048
0
VERTEX
8
CUT
10
252.3410
20
103.7490
0
VERTEX
8
CUT
10
252.7877
20
103.5670
0
VERTEX
8
CUT
10
253.1901
20
103.2908
0
VERTEX
8
CUT
10
254.5528
20
101.7391
0
VERTEX
8
CUT
10
256.1299
20
98.9604
0
VERTEX
8
CUT
10
257.4350
20
95.8043
0
VERTEX
8
CUT
10
257.8736
20
94.2328
0
VERTEX
8
CUT
10
258.1763
20
91.7485
0
VERTEX
8
CUT
10
258.0924
20
86.0194
0
VERTEX
8
CUT
10
257.7969
20
84.0747
0
VERTEX
8
CUT
10
257.7243
20
83.6857
0
VERTEX
8
CUT
10
257.5443
20
83.3350
0
VERTEX
8
CUT
10
256.9464
20
82.5598
0
VERTEX
8
CUT
10
255.5557
20
81.3813
0
VERTEX
8
CUT
10
253.7692
20
80.0885
0
VERTEX
8
CUT
10
251.1850
20
78.6594
0
VERTEX
8
CUT
10
250.3825
20
78.5194
0
VERTEX
8
CUT
10
249.6781
20
78.9164
0
VERTEX
8
CUT
10
249.3051
20
78.6990
0
VERTEX
8
CUT
10
249.7231
20
74.4260
0
VERTEX
8
CUT
10
249.7837
20
70.4860
0
VERTEX
8
CUT
10
249.6552
20
69.0052
0
VERTEX
8
CUT
10
248.9564
20
67.3426
0
VERTEX
8
CUT
10
249.1254
20
67.0567
0
VERTEX
8
CUT
10
249.7235
20
66.8073
0
VERTEX
8
CUT
10
253.7778
20
66.0800
0
VERTEX
8
CUT
10
254.5995
20
65.8250
0
VERTEX
8
CUT
10
254.9800
20
65.4936
0
VERTEX
8
CUT
10
256.7417
20
63.2148
0
VERTEX
8
CUT
10
258.1136
20
61.0211
0
VERTEX
8
CUT
10
260.3376
20
56.6669
0
VERTEX
8
CUT
10
261.9292
20
52.5023
0
VERTEX
8
CUT
10
262.9597
20
48.2594
0
VERTEX
8
CUT
10
263.2957
20
45.9734
0
VERTEX
8
CUT
10
263.7230
20
38.3892
0
VERTEX
8
CUT
10
263.7000
20
36.6551
0
VERTEX
8
CUT
10
263.6391
20
35.9178
0
VERTEX
8
CUT
10
263.5831
20
35.7111
0
VERTEX
8
CUT
10
263.3012
20
35.0352
0
VERTEX
8
CUT
10
262.7653
20
34.7472
0
VERTEX
8
CUT
10
262.5505
20
34.6666
0
VERTEX
8
CUT
10
260.9873
20
34.6511
0
VERTEX
8
CUT
10
255.7687
20
35.1823
0
VERTEX
8
CUT
10
253.3244
20
35.7079
0
VERTEX
8
CUT
10
248.7200
20
37.2528
0
VERTEX
8
CUT
10
246.4948
20
38.3032
0
VERTEX
8
CUT
10
243.0383
20
40.4040
0
VERTEX
8
CUT
10
241.2245
20
41.7105
0
VERTEX
8
CUT
10
239.3300
20
43.2478
0
VERTEX
8
CUT
10
239.3282
20
43.2496
0
VERTEX
8
CUT
10
238.5257
20
44.2501
0
VERTEX
8
CUT
10
238.2332
20
44.8935
0
VERTEX
8
CUT
10
237.9448
20
45.0673
0
VERTEX
8
CUT
10
237.8991
20
45.0315
0
VERTEX
8
CUT
10
237.8850
20
45.0491
0
VERTEX
8
CUT
10
232.4287
20
40.9219
0
VERTEX
8
CUT
10
230.5912
20
40.0149
0
VERTEX
8
CUT
10
229.3889
20
40.2947
0
VERTEX
8
CUT
10
226.7780
20
41.6608
0
VERTEX
8
CUT
10
225.3441
20
42.8434
0
VERTEX
8
CUT
10
225.1550
20
43.3827
0
VERTEX
8
CUT
10
225.2469
20
43.6579
0
VERTEX
8
CUT
10
231.4234
20
49.0846
0
VERTEX
8
CUT
10
233.0930
20
50.8507
0
VERTEX
8
CUT
10
232.9204
20
51.2155
0
VERTEX
8
CUT
10
232.3915
20
51.3243
0
VERTEX
8
CUT
10
231.6657
20
51.8598
0
VERTEX
8
CUT
10
231.6312
20
51.8982
0
VERTEX
8
CUT
10
228.9484
20
56.2195
0
VERTEX
8
CUT
10
228.6248
20
56.3998
0
VERTEX
8
CUT
10
228.2764
20
56.1953
0
VERTEX
8
CUT
10
228.2793
20
55.5151
0
VERTEX
8
CUT
10
227.5254
20
54.1113
0
VERTEX
8
CUT
10
227.5229
20
54.1079
0
VERTEX
8
CUT
10
227.5200
20
54.1039
0
VERTEX
8
CUT
10
227.5149
20
54.0968
0
VERTEX
8
CUT
10
227.5113
20
54.0918
0
VERTEX
8
CUT
10
224.5501
20
50.5943
0
VERTEX
8
CUT
10
224.3852
20
50.4344
0
VERTEX
8
CUT
10
224.3150
20
50.3664
0
VERTEX
8
CUT
10
224.1852
20
50.2404
0
VERTEX
8
CUT
10
224.0267
20
50.0867
0
VERTEX
8
CUT
10
220.7598
20
46.9810
0
VERTEX
8
CUT
10
215.9164
20
43.4800
0
VERTEX
8
CUT
10
213.4430
20
42.0466
0
VERTEX
8
CUT
10
208.5264
20
39.9741
0
VERTEX
8
CUT
10
203.8818
20
38.9681
0
VERTEX
8
CUT
10
203.6379
20
38.9527
0
VERTEX
8
CUT
10
203.6050
20
38.9506
0
VERTEX
8
CUT
10
203.5635
20
38.9479
0
VERTEX
8
CUT
10
203.4112
20
38.9383
0
VERTEX
8
CUT
10
200.4222
20
38.8892
0
VERTEX
8
CUT
10
200.3420
20
38.8944
0
VERTEX
8
CUT
10
200.2563
20
38.8999
0
VERTEX
8
CUT
10
199.9566
20
38.9192
0
VERTEX
8
CUT
10
199.3502
20
38.9582
0
VERTEX
8
CUT
10
197.1567
20
39.3400
0
VERTEX
8
CUT
10
195.9196
20
40.1774
0
VERTEX
8
CUT
10
195.4848
20
41.6311
0
VERTEX
8
CUT
10
195.6357
20
44.5992
0
VERTEX
8
CUT
10
195.6416
20
44.6299
0
VERTEX
8
CUT
10
195.6423
20
44.6336
0
VERTEX
8
CUT
10
195.6424
20
44.6343
0
VERTEX
8
CUT
10
195.6425
20
44.6344
0
VERTEX
8
CUT
10
197.0257
20
49.5265
0
VERTEX
8
CUT
10
197.4080
20
50.4551
0
VERTEX
8
CUT
10
198.2425
20
52.3191
0
VERTEX
8
CUT
10
199.6280
20
54.8190
0
VERTEX
8
CUT
10
201.2751
20
57.2318
0
VERTEX
8
CUT
10
203.0395
20
59.4500
0
VERTEX
8
CUT
10
203.1202
20
59.5254
0
VERTEX
8
CUT
10
203.2279
20
59.6260
0
VERTEX
8
CUT
10
203.4484
20
59.8319
0
VERTEX
8
CUT
10
206.1778
20
62.3814
0
VERTEX
8
CUT
10
207.2926
20
63.0827
0
SEQEND
0
POLYLINE
8
CUT
66
1
70
1
10
0.0
20
0.0
30
0.0
0
VERTEX
8
CUT
10
254.0337
20
42.6225
0
VERTEX
8
CUT
10
255.8042
20
42.3081
0
VERTEX
8
CUT
10
255.9715
20
42.3431
0
VERTEX
8
CUT
10
256.0122
20
42.3362
0
VERTEX
8
CUT
10
256.0510
20
42.3597
0
VERTEX
8
CUT
10
256.3335
20
42.4186
0
VERTEX
8
CUT
10
256.7146
20
43.1814
0
VERTEX
8
CUT
10
256.6981
20
44.1976
0
VERTEX
8
CUT
10
256.2243
20
46.7924
0
VERTEX
8
CUT
10
256.2157
20
46.8939
0
VERTEX
8
CUT
10
256.1455
20
47.2240
0
VERTEX
8
CUT
10
255.7671
20
49.2958
0
VERTEX
8
CUT
10
254.5032
20
53.1828
0
VERTEX
8
CUT
10
252.9242
20
56.7027
0
VERTEX
8
CUT
10
251.5239
20
58.8270
0
VERTEX
8
CUT
10
250.9898
20
59.2211
0
VERTEX
8
CUT
10
246.9530
20
59.8600
0
VERTEX
8
CUT
10
246.5707
20
59.4689
0
VERTEX
8
CUT
10
246.9861
20
58.8472
0
VERTEX
8
CUT
10
246.9904
20
58.2563
0
VERTEX
8
CUT
10
246.3707
20
56.7704
0
VERTEX
8
CUT
10
246.3682
20
56.7654
0
VERTEX
8
CUT
10
246.3661
20
56.7612
0
VERTEX
8
CUT
10
246.3403
20
56.7101
0
VERTEX
8
CUT
10
245.9513
20
55.9403
0
VERTEX
8
CUT
10
244.4739
20
53.4848
0
VERTEX
8
CUT
10
241.7351
20
49.5452
0
VERTEX
8
CUT
10
241.7247
20
49.1494
0
VERTEX
8
CUT
10
242.0282
20
48.9503
0
VERTEX
8
CUT
10
242.7160
20
48.9815
0
VERTEX
8
CUT
10
243.2866
20
48.6726
0
VERTEX
8
CUT
10
246.1294
20
46.4965
0
VERTEX
8
CUT
10
246.3135
20
46.3876
0
VERTEX
8
CUT
10
247.1349
20
45.7553
0
VERTEX
8
CUT
10
250.5877
20
43.8617
0
SEQEND
0
POLYLINE
8
CUT
66
1
70
1
10
0.0
20
0.0
30
0.0
0
VERTEX
8
CUT
10
251.6039
20
87.0282
0
VERTEX
8
CUT
10
251.9070
20
87.9676
0
VERTEX
8
CUT
10
251.9676
20
90.4524
0
VERTEX
8
CUT
10
251.9070
20
90.9070
0
VERTEX
8
CUT
10
251.6342
20
91.1191
0
VERTEX
8
CUT
10
251.2706
20
90.6645
0
VERTEX
8
CUT
10
250.7555
20
86.9373
0
VERTEX
8
CUT
10
249.9979
20
85.7858
0
SEQEND
0
POLYLINE
8
CUT
66
1
70
1
10
0.0
20
0.0
30
0.0
0
VERTEX
8
CUT
10
251.4173
20
92.2780
0
VERTEX
8
CUT
10
250.9606
20
94.5389
0
VERTEX
8
CUT
10
248.5924
20
99.1636
0
VERTEX
8
CUT
10
248.2880
20
99.3600
0
VERTEX
8
CUT
10
247.9534
20
99.2213
0
VERTEX
8
CUT
10
247.5717
20
98.5617
0
VERTEX
8
CUT
10
247.4465
20
98.4225
0
VERTEX
8
CUT
10
247.2744
20
98.0480
0
VERTEX
8
CUT
10
246.2604
20
96.2958
0
VERTEX
8
CUT
10
244.7758
20
91.4857
0
VERTEX
8
CUT
10
244.2653
20
90.6178
0
VERTEX
8
CUT
10
244.4816
20
90.1357
0
VERTEX
8
CUT
10
245.8876
20
90.6941
0
VERTEX
8
CUT
10
246.0038
20
90.7184
0
VERTEX
8
CUT
10
246.6250
20
90.9869
0
VERTEX
8
CUT
10
249.5843
20
92.1620
0
VERTEX
8
CUT
10
250.2534
20
92.2980
0
VERTEX
8
CUT
10
251.0793
20
92.0559
0
SEQEND
0
POLYLINE
8
CUT
66
1
70
1
10
0.0
20
0.0
30
0.0
0
VERTEX
8
CUT
10
243.2206
20
67.7725
0
VERTEX
8
CUT
10
243.5979
20
67.9285
0
VERTEX
8
CUT
10
243.6577
20
68.2630
0
VERTEX
8
CUT
10
243.2063
20
69.6443
0
VERTEX
8
CUT
10
242.9537
20
72.7243
0
VERTEX
8
CUT
10
242.8204
20
75.2969
0
VERTEX
8
CUT
10
242.0031
20
80.1113
0
VERTEX
8
CUT
10
242.0408
20
80.7894
0
VERTEX
8
CUT
10
242.3493
20
81.3302
0
VERTEX
8
CUT
10
242.3047
20
81.7539
0
VERTEX
8
CUT
10
241.9357
20
81.8922
0
VERTEX
8
CUT
10
234.9689
20
80.4028
0
VERTEX
8
CUT
10
234.6063
20
80.2275
0
VERTEX
8
CUT
10
234.5165
20
80.2101
0
VERTEX
8
CUT
10
234.3463
20
80.1018
0
VERTEX
8
CUT
10
233.6537
20
79.7670
0
VERTEX
8
CUT
10
232.9240
20
77.9847
0
VERTEX
8
CUT
10
232.3871
20
75.0231
0
VERTEX
8
CUT
10
232.1473
20
71.5332
0
VERTEX
8
CUT
10
232.1484
20
69.8396
0
VERTEX
8
CUT
10
232.3695
20
68.4498
0
VERTEX
8
CUT
10
232.7317
20
68.3729
0
VERTEX
8
CUT
10
233.5507
20
69.0081
0
VERTEX
8
CUT
10
234.3870
20
69.0853
0
SEQEND
0
POLYLINE
8
CUT
66
1
70
1
10
0.0
20
0.0
30
0.0
0
VERTEX
8
CUT
10
234.0961
20
61.2423
0
VERTEX
8
CUT
10
236.7800
20
55.6741
0
VERTEX
8
CUT
10
237.2545
20
55.4690
0
VERTEX
8
CUT
10
237.7461
20
55.9830
0
VERTEX
8
CUT
10
239.6241
20
58.8740
0
VERTEX
8
CUT
10
239.9702
20
59.4754
0
VERTEX
8
CUT
10
240.6445
20
60.5061
0
VERTEX
8
CUT
10
240.6645
20
60.8733
0
VERTEX
8
CUT
10
240.6595
20
60.8763
0
VERTEX
8
CUT
10
240.6658
20
60.9792
0
VERTEX
8
CUT
10
240.3890
20
61.2163
0
VERTEX
8
CUT
10
236.0201
20
62.2545
0
VERTEX
8
CUT
10
235.5320
20
62.3819
0
VERTEX
8
CUT
10
235.4404
20
62.4058
0
VERTEX
8
CUT
10
235.4213
20
62.4108
0
VERTEX
8
CUT
10
235.2128
20
62.4652
0
VERTEX
8
CUT
10
233.7859
20
63.1542
0
VERTEX
8
CUT
10
233.5315
20
62.7318
0
SEQEND
0
POLYLINE
8
CUT
66
1
70
1
10
0.0
20
0.0
30
0.0
0
VERTEX
8
CUT
10
41.2972
20
59.9045
0
VERTEX
8
CUT
10
42.1483
20
61.4042
0
VERTEX
8
CUT
10
43.6230
20
63.6762
0
VERTEX
8
CUT
10
44.9229
20
65.2798
0
VERTEX
8
CUT
10
46.0430
20
65.9909
0
VERTEX
8
CUT
10
51.0542
20
66.9443
0
VERTEX
8
CUT
10
51.3397
20
67.2776
0
VERTEX
8
CUT
10
50.5550
20
68.4819
0
VERTEX
8
CUT
10
50.3341
20
70.2217
0
VERTEX
8
CUT
10
50.4545
20
74.8179
0
VERTEX
8
CUT
10
50.8745
20
78.8902
0
VERTEX
8
CUT
10
50.4754
20
79.1185
0
VERTEX
8
CUT
10
49.7367
20
78.4749
0
VERTEX
8
CUT
10
48.2902
20
78.9267
0
VERTEX
8
CUT
10
46.8533
20
79.7307
0
VERTEX
8
CUT
10
44.0635
20
81.6351
0
VERTEX
8
CUT
10
42.9989
20
82.6995
0
VERTEX
8
CUT
10
42.3300
20
83.8034
0
VERTEX
8
CUT
10
41.8196
20
86.4881
0
VERTEX
8
CUT
10
41.6971
20
89.3698
0
VERTEX
8
CUT
10
41.8785
20
92.9226
0
VERTEX
8
CUT
10
42.2506
20
94.8100
0
VERTEX
8
CUT
10
42.5625
20
95.9901
0
VERTEX
8
CUT
10
43.8970
20
99.0534
0
VERTEX
8
CUT
10
45.5453
20
101.7734
0
VERTEX
8
CUT
10
46.8887
20
103.2543
0
VERTEX
8
CUT
10
47.2720
20
103.4627
0
VERTEX
8
CUT
10
47.3232
20
103.4905
0
VERTEX
8
CUT
10
47.3866
20
103.5250
0
VERTEX
8
CUT
10
47.4330
20
103.5502
0
VERTEX
8
CUT
10
47.8201
20
103.6432
0
VERTEX
8
CUT
10
48.1846
20
103.7046
0
VERTEX
8
CUT
10
48.1995
20
103.7344
0
VERTEX
8
CUT
10
48.2352
20
103.7430
0
VERTEX
8
CUT
10
48.4567
20
104.0284
0
VERTEX
8
CUT
10
48.3740
20
104.3454
0
VERTEX
8
CUT
10
48.1292
20
104.6494
0
VERTEX
8
CUT
10
47.8161
20
105.1191
0
VERTEX
8
CUT
10
44.2833
20
109.5350
0
VERTEX
8
CUT
10
43.6390
20
110.7868
0
VERTEX
8
CUT
10
44.0819
20
111.9085
0
VERTEX
8
CUT
10
45.0189
20
113.3756
0
VERTEX
8
CUT
10
46.1040
20
114.6731
0
VERTEX
8
CUT
10
47.0290
20
115.2657
0
VERTEX
8
CUT
10
50.0154
20
112.2775
0
VERTEX
8
CUT
10
51.3517
20
110.7391
0
VERTEX
8
CUT
10
51.3708
20
110.7171
0
VERTEX
8
CUT
10
51.4867
20
110.5837
0
VERTEX
8
CUT
10
51.7917
20
110.2325
0
VERTEX
8
CUT
10
55.5211
20
105.8315
0
VERTEX
8
CUT
10
55.9393
20
105.2705
0
VERTEX
8
CUT
10
58.1171
20
101.9650
0
VERTEX
8
CUT
10
59.1306
20
100.2922
0
VERTEX
8
CUT
10
60.7161
20
96.5366
0
VERTEX
8
CUT
10
61.6018
20
92.9171
0
VERTEX
8
CUT
10
61.7152
20
89.6364
0
VERTEX
8
CUT
10
61.5028
20
89.1159
0
VERTEX
8
CUT
10
60.6695
20
88.7443
0
VERTEX
8
CUT
10
60.6804
20
88.2508
0
VERTEX
8
CUT
10
65.3383
20
87.0230
0
VERTEX
8
CUT
10
69.7601
20
86.1976
0
VERTEX
8
CUT
10
71.1154
20
85.7345
0
VERTEX
8
CUT
10
71.6603
20
85.1697
0
VERTEX
8
CUT
10
72.8049
20
82.5135
0
VERTEX
8
CUT
10
74.2367
20
77.5090
0
VERTEX
8
CUT
10
74.7222
20
72.9558
0
VERTEX
8
CUT
10
74.7933
20
68.2131
0
VERTEX
8
CUT
10
75.3303
20
68.1261
0
VERTEX
8
CUT
10
75.9939
20
69.0235
0
VERTEX
8
CUT
10
78.1278
20
69.0865
0
VERTEX
8
CUT
10
82.2838
20
68.3248
0
VERTEX
8
CUT
10
84.1870
20
67.4215
0
VERTEX
8
CUT
10
83.9656
20
62.8060
0
VERTEX
8
CUT
10
83.6054
20
61.6539
0
VERTEX
8
CUT
10
83.2429
20
61.3558
0
VERTEX
8
CUT
10
83.1661
20
61.3546
0
VERTEX
8
CUT
10
82.8388
20
61.3670
0
VERTEX
8
CUT
10
80.3818
20
61.7728
0
VERTEX
8
CUT
10
76.1388
20
62.7395
0
VERTEX
8
CUT
10
75.0198
20
63.1666
0
VERTEX
8
CUT
10
74.7185
20
63.8129
0
VERTEX
8
CUT
10
74.4251
20
63.9631
0
VERTEX
8
CUT
10
74.0440
20
63.7062
0
VERTEX
8
CUT
10
73.5815
20
61.9798
0
VERTEX
8
CUT
10
73.6460
20
61.6835
0
VERTEX
8
CUT
10
73.9420
20
61.5187
0
VERTEX
8
CUT
10
74.6328
20
61.6535
0
VERTEX
8
CUT
10
75.2081
20
61.2923
0
VERTEX
8
CUT
10
79.2054
20
56.6342
0
VERTEX
8
CUT
10
81.2438
20
54.5347
0
VERTEX
8
CUT
10
83.2964
20
52.6646
0
VERTEX
8
CUT
10
87.4894
20
49.5496
0
VERTEX
8
CUT
10
91.8539
20
47.2766
0
VERTEX
8
CUT
10
94.8492
20
46.2591
0
VERTEX
8
CUT
10
95.5412
20
46.1589
0
VERTEX
8
CUT
10
96.1523
20
45.9705
0
VERTEX
8
CUT
10
96.8671
20
45.9468
0
VERTEX
8
CUT
10
96.8921
20
45.9632
0
VERTEX
8
CUT
10
97.1283
20
45.9290
0
VERTEX
8
CUT
10
97.4170
20
46.1747
0
VERTEX
8
CUT
10
97.4136
20
46.7037
0
VERTEX
8
CUT
10
96.9350
20
47.8493
0
VERTEX
8
CUT
10
96.7810
20
48.3508
0
VERTEX
8
CUT
10
96.4904
20
48.9137
0
VERTEX
8
CUT
10
95.9695
20
50.1604
0
VERTEX
8
CUT
10
93.5456
20
53.9674
0
VERTEX
8
CUT
10
91.9582
20
55.6549
0
VERTEX
8
CUT
10
91.9348
20
55.6935
0
VERTEX
8
CUT
10
91.4915
20
56.7048
0
VERTEX
8
CUT
10
91.4244
20
58.9470
0
VERTEX
8
CUT
10
91.9427
20
62.7330
0
VERTEX
8
CUT
10
92.2181
20
63.1493
0
VERTEX
8
CUT
10
92.5178
20
63.3571
0
VERTEX
8
CUT
10
93.2040
20
63.1599
0
VERTEX
8
CUT
10
93.9240
20
62.5622
0
VERTEX
8
CUT
10
95.9909
20
60.7563
0
VERTEX
8
CUT
10
97.4504
20
59.1696
0
VERTEX
8
CUT
10
98.2752
20
58.1364
0
VERTEX
8
CUT
10
98.5185
20
57.8315
0
VERTEX
8
CUT
10
98.8838
20
57.3739
0
VERTEX
8
CUT
10
99.2272
20
56.9438
0
VERTEX
8
CUT
10
100.1729
20
55.5686
0
VERTEX
8
CUT
10
101.8778
20
52.5859
0
VERTEX
8
CUT
10
103.3082
20
49.5438
0
VERTEX
8
CUT
10
103.8324
20
48.0556
0
VERTEX
8
CUT
10
103.8524
20
47.9826
0
VERTEX
8
CUT
10
103.8954
20
47.8260
0
VERTEX
8
CUT
10
104.0069
20
47.4194
0
VERTEX
8
CUT
10
104.3736
20
46.0829
0
VERTEX
8
CUT
10
104.8422
20
43.2697
0
VERTEX
8
CUT
10
104.8990
20
41.1765
0
VERTEX
8
CUT
10
104.8868
20
40.9152
0
VERTEX
8
CUT
10
104.5842
20
40.1984
0
VERTEX
8
CUT
10
103.7385
20
39.5890
0
VERTEX
8
CUT
10
101.9619
20
38.9709
0
VERTEX
8
CUT
10
99.7224
20
38.6665
0
VERTEX
8
CUT
10
96.1566
20
38.8176
0
VERTEX
8
CUT
10
95.2237
20
38.9934
0
VERTEX
8
CUT
10
93.2762
20
39.4302
0
VERTEX
8
CUT
10
92.5941
20
39.6442
0
VERTEX
8
CUT
10
90.1719
20
40.4789
0
VERTEX
8
CUT
10
87.1899
20
41.8800
0
VERTEX
8
CUT
10
84.2038
20
43.5883
0
VERTEX
8
CUT
10
81.2838
20
45.6276
0
VERTEX
8
CUT
10
78.5070
20
47.8912
0
VERTEX
8
CUT
10
75.7989
20
50.4458
0
VERTEX
8
CUT
10
73.3009
20
53.2159
0
VERTEX
8
CUT
10
72.3050
20
54.5552
0
VERTEX
8
CUT
10
72.3043
20
54.5561
0
VERTEX
8
CUT
10
72.3039
20
54.5566
0
VERTEX
8
CUT
10
72.3032
20
54.5577
0
VERTEX
8
CUT
10
72.3000
20
54.5623
0
VERTEX
8
CUT
10
71.8471
20
55.9920
0
VERTEX
8
CUT
10
71.4918
20
56.1688
0
VERTEX
8
CUT
10
71.2036
20
56.0081
0
VERTEX
8
CUT
10
68.6382
20
51.9777
0
VERTEX
8
CUT
10
68.0591
20
51.4057
0
VERTEX
8
CUT
10
67.9329
20
51.3444
0
VERTEX
8
CUT
10
67.7736
20
51.2672
0
VERTEX
8
CUT
10
67.7619
20
51.2615
0
VERTEX
8
CUT
10
67.7329
20
51.2475
0
VERTEX
8
CUT
10
67.3819
20
51.1262
0
VERTEX
8
CUT
10
67.3572
20
51.0653
0
VERTEX
8
CUT
10
67.3348
20
51.0545
0
VERTEX
8
CUT
10
67.3398
20
51.0225
0
VERTEX
8
CUT
10
67.2433
20
50.7851
0
VERTEX
8
CUT
10
67.9336
20
50.1054
0
VERTEX
8
CUT
10
68.0329
20
49.9879
0
VERTEX
8
CUT
10
68.2296
20
49.8140
0
VERTEX
8
CUT
10
70.5501
20
47.5291
0
VERTEX
8
CUT
10
74.0322
20
44.7181
0
VERTEX
8
CUT
10
74.0394
20
44.7118
0
VERTEX
8
CUT
10
74.0451
20
44.7069
0
VERTEX
8
CUT
10
74.0721
20
44.6835
0
VERTEX
8
CUT
10
74.2229
20
44.5527
0
VERTEX
8
CUT
10
74.6032
20
44.1558
0
VERTEX
8
CUT
10
74.6981
20
44.0287
0
VERTEX
8
CUT
10
74.8116
20
43.8769
0
VERTEX
8
CUT
10
74.8987
20
43.7602
0
VERTEX
8
CUT
10
75.0759
20
43.5231
0
VERTEX
8
CUT
10
75.0415
20
43.1036
0
VERTEX
8
CUT
10
74.6209
20
42.5692
0
VERTEX
8
CUT
10
73.1600
20
41.4099
0
VERTEX
8
CUT
10
70.5034
20
40.1374
0
VERTEX
8
CUT
10
69.4499
20
40.0519
0
VERTEX
8
CUT
10
67.5401
20
41.0981
0
VERTEX
8
CUT
10
67.5169
20
41.1156
0
VERTEX
8
CUT
10
67.4740
20
41.1479
0
VERTEX
8
CUT
10
67.3566
20
41.2363
0
VERTEX
8
CUT
10
67.1234
20
41.4118
0
VERTEX
8
CUT
10
62.4918
20
45.3421
0
VERTEX
8
CUT
10
62.1699
20
45.4210
0
VERTEX
8
CUT
10
61.9035
20
45.2238
0
VERTEX
8
CUT
10
61.7358
20
44.3395
0
VERTEX
8
CUT
10
61.4003
20
43.8624
0
VERTEX
8
CUT
10
59.2885
20
41.9617
0
VERTEX
8
CUT
10
54.9964
20
39.0070
0
VERTEX
8
CUT
10
52.7689
20
37.8012
0
VERTEX
8
CUT
10
50.4776
20
36.8254
0
VERTEX
8
CUT
10
45.6301
20
35.4622
0
VERTEX
8
CUT
10
42.9228
20
35.0005
0
VERTEX
8
CUT
10
38.6496
20
34.6066
0
VERTEX
8
CUT
10
38.0677
20
34.6559
0
VERTEX
8
CUT
10
36.9554
20
34.9384
0
VERTEX
8
CUT
10
36.7074
20
35.1853
0
VERTEX
8
CUT
10
36.5456
20
35.6516
0
VERTEX
8
CUT
10
36.4081
20
37.6342
0
VERTEX
8
CUT
10
36.4468
20
40.3639
0
VERTEX
8
CUT
10
36.4922
20
41.5049
0
VERTEX
8
CUT
10
36.7578
20
45.7056
0
VERTEX
8
CUT
10
37.4266
20
49.8179
0
VERTEX
8
CUT
10
37.9217
20
51.7973
0
VERTEX
8
CUT
10
39.2183
20
55.5139
0
VERTEX
8
CUT
10
39.3063
20
55.7387
0
VERTEX
8
CUT
10
39.3279
20
55.7937
0
VERTEX
8
CUT
10
39.3314
20
55.8027
0
VERTEX
8
CUT
10
39.3438
20
55.8343
0
VERTEX
8
CUT
10
40.5457
20
58.4905
0
SEQEND
0
POLYLINE
8
CUT
66
1
70
1
10
0.0
20
0.0
30
0.0
0
VERTEX
8
CUT
10
66.7079
20
79.4537
0
VERTEX
8
CUT
10
66.4036
20
79.9003
0
VERTEX
8
CUT
10
65.7222
20
80.2275
0
VERTEX
8
CUT
10
57.8255
20
81.9924
0
VERTEX
8
CUT
10
57.4850
20
81.5592
0
VERTEX
8
CUT
10
57.9647
20
80.9344
0
VERTEX
8
CUT
10
58.1763
20
79.8578
0
VERTEX
8
CUT
10
57.5076
20
76.4416
0
VERTEX
8
CUT
10
57.3244
20
74.4867
0
VERTEX
8
CUT
10
57.3203
20
74.4815
0
VERTEX
8
CUT
10
57.3157
20
74.3940
0
VERTEX
8
CUT
10
56.7061
20
67.8882
0
VERTEX
8
CUT
10
57.0811
20
67.7407
0
VERTEX
8
CUT
10
66.3479
20
69.0567
0
VERTEX
8
CUT
10
67.0080
20
68.9337
0
VERTEX
8
CUT
10
67.3924
20
68.4825
0
VERTEX
8
CUT
10
67.7907
20
68.5307
0
VERTEX
8
CUT
10
68.0281
20
69.5085
0
VERTEX
8
CUT
10
68.0604
20
70.8992
0
VERTEX
8
CUT
10
67.8786
20
74.1354
0
VERTEX
8
CUT
10
67.3643
20
77.3017
0
SEQEND
0
POLYLINE
8
CUT
66
1
70
1
10
0.0
20
0.0
30
0.0
0
VERTEX
8
CUT
10
64.0442
20
62.2172
0
VERTEX
8
CUT
10
59.0572
20
60.9991
0
VERTEX
8
CUT
10
58.8403
20
60.7420
0
VERTEX
8
CUT
10
58.9041
20
60.4118
0
VERTEX
8
CUT
10
59.5959
20
60.1137
0
VERTEX
8
CUT
10
59.7922
20
59.9309
0
VERTEX
8
CUT
10
60.8441
20
58.4945
0
VERTEX
8
CUT
10
62.1598
20
56.4054
0
VERTEX
8
CUT
10
62.9330
20
55.4324
0
VERTEX
8
CUT
10
63.2821
20
55.3196
0
VERTEX
8
CUT
10
63.5704
20
55.5464
0
VERTEX
8
CUT
10
66.1607
20
61.4568
0
VERTEX
8
CUT
10
66.3318
20
62.0284
0
VERTEX
8
CUT
10
66.3930
20
62.1585
0
VERTEX
8
CUT
10
66.4067
20
62.2790
0
VERTEX
8
CUT
10
66.5103
20
62.6250
0
VERTEX
8
CUT
10
66.0434
20
62.9118
0
SEQEND
0
POLYLINE
8
CUT
66
1
70
1
10
0.0
20
0.0
30
0.0
0
VERTEX
8
CUT
10
49.0459
20
59.0555
0
VERTEX
8
CUT
10
48.7954
20
58.8257
0
VERTEX
8
CUT
10
48.7002
20
58.7669
0
VERTEX
8
CUT
10
48.6086
20
58.6543
0
VERTEX
8
CUT
10
48.4249
20
58.4858
0
VERTEX
8
CUT
10
48.3094
20
58.2867
0
VERTEX
8
CUT
10
47.7729
20
57.6275
0
VERTEX
8
CUT
10
46.0140
20
54.1371
0
VERTEX
8
CUT
10
44.9589
20
51.4270
0
VERTEX
8
CUT
10
44.3067
20
48.7334
0
VERTEX
8
CUT
10
44.1457
20
48.2083
0
VERTEX
8
CUT
10
44.0548
20
47.6930
0
VERTEX
8
CUT
10
43.6628
20
46.0740
0
VERTEX
8
CUT
10
43.4806
20
43.8282
0
VERTEX
8
CUT
10
43.5943
20
42.6272
0
VERTEX
8
CUT
10
44.0111
20
42.2761
0
VERTEX
8
CUT
10
44.2557
20
42.2978
0
VERTEX
8
CUT
10
44.3456
20
42.2756
0
VERTEX
8
CUT
10
44.5970
20
42.3282
0
VERTEX
8
CUT
10
45.2118
20
42.3830
0
VERTEX
8
CUT
10
49.5032
20
43.7897
0
VERTEX
8
CUT
10
50.1565
20
44.1459
0
VERTEX
8
CUT
10
50.3670
20
44.2212
0
VERTEX
8
CUT
10
50.8282
20
44.5121
0
VERTEX
8
CUT
10
52.8341
20
45.6058
0
VERTEX
8
CUT
10
57.0905
20
48.6732
0
VERTEX
8
CUT
10
58.5497
20
49.2216
0
VERTEX
8
CUT
10
58.5660
20
49.6246
0
VERTEX
8
CUT
10
55.4026
20
53.9971
0
VERTEX
8
CUT
10
53.4468
20
57.6300
0
VERTEX
8
CUT
10
53.3342
20
58.7460
0
VERTEX
8
CUT
10
53.8217
20
59.3259
0
VERTEX
8
CUT
10
53.7626
20
59.7543
0
VERTEX
8
CUT
10
53.4567
20
59.8855
0
VERTEX
8
CUT
10
52.0618
20
59.6996
0
VERTEX
8
CUT
10
50.6518
20
59.4125
0
VERTEX
8
CUT
10
50.3238
20
59.3988
0
VERTEX
8
CUT
10
49.9773
20
59.3057
0
VERTEX
8
CUT
10
49.5085
20
59.2843
0
VERTEX
8
CUT
10
49.2862
20
59.1291
0
VERTEX
8
CUT
10
49.2604
20
59.1131
0
SEQEND
0
POLYLINE
8
CUT
66
1
70
1
10
0.0
20
0.0
30
0.0
0
VERTEX
8
CUT
10
51.6801
20
99.6823
0
VERTEX
8
CUT
10
51.3946
20
99.5107
0
VERTEX
8
CUT
10
51.1184
20
98.3456
0
VERTEX
8
CUT
10
49.4833
20
95.4646
0
VERTEX
8
CUT
10
48.6234
20
93.0585
0
VERTEX
8
CUT
10
48.1960
20
90.4231
0
VERTEX
8
CUT
10
48.7157
20
90.2348
0
VERTEX
8
CUT
10
49.2693
20
91.2587
0
VERTEX
8
CUT
10
50.2179
20
91.3291
0
VERTEX
8
CUT
10
56.0796
20
89.6343
0
VERTEX
8
CUT
10
56.3111
20
90.1027
0
VERTEX
8
CUT
10
55.3490
20
91.5250
0
VERTEX
8
CUT
10
54.1308
20
95.7195
0
VERTEX
8
CUT
10
53.5283
20
97.0711
0
VERTEX
8
CUT
10
51.9940
20
99.5709
0
SEQEND
0
POLYLINE
8
CUT
66
1
70
1
10
0.0
20
0.0
30
0.0
0
VERTEX
8
CUT
10
52.8161
20
82.9676
0
VERTEX
8
CUT
10
54.1191
20
82.9979
0
VERTEX
8
CUT
10
53.5433
20
83.6039
0
VERTEX
8
CUT
10
52.0585
20
84.3918
0
VERTEX
8
CUT
10
51.7252
20
84.3009
0
VERTEX
8
CUT
10
51.6039
20
82.5130
0
VERTEX
8
CUT
10
51.7858
20
82.3918
0
SEQEND
0
POLYLINE
8
CUT
66
1
70
1
10
0.0
20
0.0
30
0.0
0
VERTEX
8
CUT
10
37.8453
20
267.5712
0
VERTEX
8
CUT
10
38.7261
20
267.6315
0
VERTEX
8
CUT
10
40.1919
20
267.5712
0
VERTEX
8
CUT
10
45.5453
20
266.8115
0
VERTEX
8
CUT
10
50.5118
20
265.3510
0
VERTEX
8
CUT
10
52.8313
20
264.3454
0
VERTEX
8
CUT
10
57.1655
20
261.7848
0
VERTEX
8
CUT
10
59.9457
20
259.6177
0
VERTEX
8
CUT
10
60.8952
20
258.6402
0
VERTEX
8
CUT
10
60.9024
20
258.6317
0
VERTEX
8
CUT
10
60.9179
20
258.6134
0
VERTEX
8
CUT
10
60.9798
20
258.5403
0
VERTEX
8
CUT
10
61.3911
20
258.0541
0
VERTEX
8
CUT
10
61.4583
20
257.8939
0
VERTEX
8
CUT
10
61.5922
20
257.5323
0
VERTEX
8
CUT
10
61.5595
20
256.9779
0
VERTEX
8
CUT
10
61.8547
20
256.7084
0
VERTEX
8
CUT
10
62.1777
20
256.7869
0
VERTEX
8
CUT
10
64.3312
20
258.7150
0
VERTEX
8
CUT
10
67.1714
20
260.8300
0
VERTEX
8
CUT
10
68.7737
20
261.6794
0
VERTEX
8
CUT
10
69.4918
20
261.8745
0
VERTEX
8
CUT
10
70.7832
20
261.7447
0
VERTEX
8
CUT
10
73.2464
20
260.4573
0
VERTEX
8
CUT
10
74.4284
20
259.3933
0
VERTEX
8
CUT
10
74.5710
20
258.8419
0
VERTEX
8
CUT
10
74.3838
20
258.2445
0
VERTEX
8
CUT
10
73.9123
20
257.6785
0
VERTEX
8
CUT
10
70.1022
20
254.6499
0
VERTEX
8
CUT
10
68.7539
20
253.6374
0
VERTEX
8
CUT
10
67.7927
20
252.6589
0
VERTEX
8
CUT
10
67.2609
20
252.2179
0
VERTEX
8
CUT
10
67.2744
20
252.1231
0
VERTEX
8
CUT
10
67.2349
20
251.9529
0
VERTEX
8
CUT
10
67.0895
20
251.8010
0
VERTEX
8
CUT
10
67.1775
20
251.5121
0
VERTEX
8
CUT
10
67.8220
20
251.1020
0
VERTEX
8
CUT
10
68.1261
20
250.7802
0
VERTEX
8
CUT
10
69.2525
20
249.3722
0
VERTEX
8
CUT
10
71.1103
20
246.1558
0
VERTEX
8
CUT
10
71.3910
20
245.9767
0
VERTEX
8
CUT
10
71.7579
20
246.1370
0
VERTEX
8
CUT
10
72.0628
20
247.1658
0
VERTEX
8
CUT
10
73.3393
20
248.8500
0
VERTEX
8
CUT
10
73.4657
20
249.0169
0
VERTEX
8
CUT
10
73.6052
20
249.2009
0
VERTEX
8
CUT
10
73.8974
20
249.5864
0
VERTEX
8
CUT
10
78.4075
20
254.0975
0
VERTEX
8
CUT
10
81.8278
20
256.9652
0
VERTEX
8
CUT
10
84.2665
20
258.5186
0
VERTEX
8
CUT
10
87.4232
20
260.1574
0
VERTEX
8
CUT
10
90.6396
20
261.6139
0
VERTEX
8
CUT
10
93.3171
20
262.5580
0
VERTEX
8
CUT
10
96.5389
20
263.1142
0
VERTEX
8
CUT
10
99.7146
20
263.2079
0
VERTEX
8
CUT
10
101.1603
20
263.0524
0
VERTEX
8
CUT
10
102.4439
20
262.8276
0
VERTEX
8
CUT
10
104.1290
20
262.0097
0
VERTEX
8
CUT
10
104.4053
20
261.5890
0
VERTEX
8
CUT
10
104.5695
20
260.7658
0
VERTEX
8
CUT
10
104.5702
20
260.7502
0
VERTEX
8
CUT
10
104.1461
20
257.0654
0
VERTEX
8
CUT
10
103.6494
20
254.8335
0
VERTEX
8
CUT
10
102.0905
20
250.5622
0
VERTEX
8
CUT
10
101.3224
20
249.0515
0
VERTEX
8
CUT
10
100.2782
20
247.3756
0
VERTEX
8
CUT
10
98.5157
20
244.7728
0
VERTEX
8
CUT
10
98.4378
20
244.6767
0
VERTEX
8
CUT
10
98.4365
20
244.6750
0
VERTEX
8
CUT
10
98.3289
20
244.5422
0
VERTEX
8
CUT
10
98.2876
20
244.4911
0
VERTEX
8
CUT
10
96.4994
20
242.4752
0
VERTEX
8
CUT
10
95.7233
20
241.6745
0
VERTEX
8
CUT
10
93.4902
20
239.7105
0
VERTEX
8
CUT
10
92.5983
20
239.3339
0
VERTEX
8
CUT
10
92.2405
20
239.4026
0
VERTEX
8
CUT
10
91.9859
20
239.7969
0
VERTEX
8
CUT
10
91.2134
20
243.4895
0
VERTEX
8
CUT
10
91.2137
20
245.3888
0
VERTEX
8
CUT
10
91.9759
20
246.6618
0
VERTEX
8
CUT
10
94.2594
20
249.6175
0
VERTEX
8
CUT
10
95.9908
20
252.4838
0
VERTEX
8
CUT
10
96.4491
20
253.5891
0
VERTEX
8
CUT
10
96.4788
20
253.6441
0
VERTEX
8
CUT
10
96.6973
20
254.1876
0
VERTEX
8
CUT
10
97.0036
20
254.9262
0
VERTEX
8
CUT
10
97.0751
20
255.7648
0
VERTEX
8
CUT
10
97.1126
20
256.0180
0
VERTEX
8
CUT
10
96.8636
20
256.2548
0
VERTEX
8
CUT
10
96.1389
20
256.2710
0
VERTEX
8
CUT
10
95.4798
20
256.0988
0
VERTEX
8
CUT
10
95.2462
20
256.0859
0
VERTEX
8
CUT
10
94.3837
20
255.8123
0
VERTEX
8
CUT
10
93.6608
20
255.6235
0
VERTEX
8
CUT
10
93.3133
20
255.4728
0
VERTEX
8
CUT
10
92.4304
20
255.1928
0
VERTEX
8
CUT
10
89.0778
20
253.6366
0
VERTEX
8
CUT
10
86.5237
20
252.0453
0
VERTEX
8
CUT
10
83.2929
20
249.4504
0
VERTEX
8
CUT
10
80.0046
20
246.3137
0
VERTEX
8
CUT
10
77.5679
20
243.4266
0
VERTEX
8
CUT
10
75.5223
20
241.0746
0
VERTEX
8
CUT
10
74.5622
20
240.4298
0
VERTEX
8
CUT
10
73.9464
20
240.7749
0
VERTEX
8
CUT
10
73.5727
20
240.5036
0
VERTEX
8
CUT
10
74.0158
20
238.6651
0
VERTEX
8
CUT
10
74.3465
20
238.4298
0
VERTEX
8
CUT
10
74.6327
20
238.5268
0
VERTEX
8
CUT
10
75.0968
20
239.1135
0
VERTEX
8
CUT
10
76.0410
20
239.4262
0
VERTEX
8
CUT
10
76.6260
20
239.4871
0
VERTEX
8
CUT
10
82.4654
20
239.9038
0
VERTEX
8
CUT
10
83.7043
20
239.7718
0
VERTEX
8
CUT
10
84.0296
20
239.4936
0
VERTEX
8
CUT
10
84.2868
20
238.7050
0
VERTEX
8
CUT
10
84.6007
20
236.0840
0
VERTEX
8
CUT
10
84.5370
20
235.2318
0
VERTEX
8
CUT
10
84.2320
20
234.5168
0
VERTEX
8
CUT
10
83.6849
20
233.9720
0
VERTEX
8
CUT
10
82.8558
20
233.5793
0
VERTEX
8
CUT
10
80.2488
20
233.0642
0
VERTEX
8
CUT
10
78.0821
20
232.8459
0
VERTEX
8
CUT
10
77.9553
20
232.8386
0
VERTEX
8
CUT
10
77.8331
20
232.8316
0
VERTEX
8
CUT
10
77.6096
20
232.8187
0
VERTEX
8
CUT
10
77.2944
20
232.8005
0
VERTEX
8
CUT
10
76.8778
20
232.8254
0
VERTEX
8
CUT
10
75.9243
20
232.9846
0
VERTEX
8
CUT
10
75.8388
20
233.0135
0
VERTEX
8
CUT
10
75.2114
20
233.5781
0
VERTEX
8
CUT
10
74.8194
20
233.5276
0
VERTEX
8
CUT
10
74.6687
20
233.2356
0
VERTEX
8
CUT
10
74.5044
20
229.2504
0
VERTEX
8
CUT
10
74.1829
20
228.5536
0
VERTEX
8
CUT
10
73.4930
20
228.1377
0
VERTEX
8
CUT
10
73.5741
20
227.6556
0
VERTEX
8
CUT
10
81.4686
20
227.5103
0
VERTEX
8
CUT
10
88.1116
20
226.9037
0
VERTEX
8
CUT
10
90.3910
20
226.1997
0
VERTEX
8
CUT
10
90.5407
20
225.9421
0
VERTEX
8
CUT
10
90.3887
20
225.1786
0
VERTEX
8
CUT
10
90.7597
20
224.8947
0
VERTEX
8
CUT
10
99.5132
20
231.4726
0
VERTEX
8
CUT
10
107.3087
20
236.2772
0
VERTEX
8
CUT
10
107.6357
20
236.4498
0
VERTEX
8
CUT
10
111.4285
20
238.4100
0
VERTEX
8
CUT
10
113.3958
20
239.3270
0
VERTEX
8
CUT
10
113.5391
20
239.3939
0
VERTEX
8
CUT
10
113.7728
20
239.5028
0
VERTEX
8
CUT
10
113.9300
20
239.5761
0
VERTEX
8
CUT
10
121.7663
20
242.8101
0
VERTEX
8
CUT
10
121.8895
20
242.8545
0
VERTEX
8
CUT
10
121.9838
20
242.8884
0
VERTEX
8
CUT
10
122.2498
20
242.9842
0
VERTEX
8
CUT
10
122.5839
20
243.1045
0
VERTEX
8
CUT
10
131.8686
20
245.7724
0
VERTEX
8
CUT
10
141.5579
20
247.3849
0
VERTEX
8
CUT
10
151.2189
20
247.8132
0
VERTEX
8
CUT
10
160.9898
20
247.0197
0
VERTEX
8
CUT
10
170.5576
20
245.0976
0
VERTEX
8
CUT
10
170.6454
20
245.0749
0
VERTEX
8
CUT
10
170.7128
20
245.0575
0
VERTEX
8
CUT
10
170.7644
20
245.0441
0
VERTEX
8
CUT
10
170.7895
20
245.0377
0
VERTEX
8
CUT
10
180.3357
20
241.9732
0
VERTEX
8
CUT
10
189.9571
20
237.6768
0
VERTEX
8
CUT
10
194.7419
20
235.0873
0
VERTEX
8
CUT
10
201.4243
20
230.8648
0
VERTEX
8
CUT
10
208.6233
20
225.3926
0
VERTEX
8
CUT
10
208.9783
20
225.4937
0
VERTEX
8
CUT
10
209.0219
20
225.5679
0
VERTEX
8
CUT
10
209.0594
20
225.5802
0
VERTEX
8
CUT
10
209.0799
20
225.6664
0
VERTEX
8
CUT
10
209.3939
20
226.2006
0
VERTEX
8
CUT
10
210.0536
20
226.4883
0
VERTEX
8
CUT
10
212.6187
20
226.9952
0
VERTEX
8
CUT
10
222.6235
20
227.6016
0
VERTEX
8
CUT
10
226.4317
20
227.5965
0
VERTEX
8
CUT
10
229.3386
20
227.4548
0
VERTEX
8
CUT
10
230.1988
20
227.4128
0
VERTEX
8
CUT
10
230.6312
20
227.3917
0
VERTEX
8
CUT
10
231.8531
20
227.3322
0
VERTEX
8
CUT
10
235.6435
20
226.8884
0
VERTEX
8
CUT
10
235.8934
20
226.8496
0
VERTEX
8
CUT
10
242.5480
20
225.4097
0
VERTEX
8
CUT
10
250.1316
20
222.9013
0
VERTEX
8
CUT
10
254.6366
20
220.8527
0
VERTEX
8
CUT
10
255.7708
20
220.1882
0
VERTEX
8
CUT
10
256.8336
20
219.2295
0
VERTEX
8
CUT
10
257.0013
20
218.8666
0
VERTEX
8
CUT
10
257.2141
20
217.6445
0
VERTEX
8
CUT
10
257.5693
20
215.4530
0
VERTEX
8
CUT
10
257.8746
20
210.7240
0
VERTEX
8
CUT
10
257.7231
20
203.5393
0
VERTEX
8
CUT
10
257.1730
20
199.3781
0
VERTEX
8
CUT
10
256.4119
20
195.3337
0
VERTEX
8
CUT
10
255.4078
20
191.4118
0
VERTEX
8
CUT
10
254.1615
20
187.5838
0
VERTEX
8
CUT
10
252.7153
20
183.8477
0
VERTEX
8
CUT
10
250.5887
20
179.5264
0
VERTEX
8
CUT
10
247.3687
20
174.0714
0
VERTEX
8
CUT
10
246.6857
20
172.9916
0
VERTEX
8
CUT
10
246.5660
20
172.8024
0
VERTEX
8
CUT
10
246.5420
20
172.7645
0
VERTEX
8
CUT
10
246.5275
20
172.7415
0
VERTEX
8
CUT
10
244.0363
20
169.3474
0
VERTEX
8
CUT
10
243.2801
20
168.8225
0
VERTEX
8
CUT
10
242.8974
20
168.8746
0
VERTEX
8
CUT
10
242.3687
20
169.3222
0
VERTEX
8
CUT
10
241.9473
20
169.0125
0
VERTEX
8
CUT
10
243.0567
20
163.0608
0
VERTEX
8
CUT
10
243.5998
20
155.0493
0
VERTEX
8
CUT
10
243.6239
20
153.2547
0
VERTEX
8
CUT
10
243.6333
20
152.5546
0
VERTEX
8
CUT
10
243.6372
20
152.2636
0
VERTEX
8
CUT
10
243.6642
20
150.2522
0
VERTEX
8
CUT
10
243.1726
20
141.4967
0
VERTEX
8
CUT
10
241.3489
20
130.9285
0
VERTEX
8
CUT
10
241.2771
20
130.6516
0
VERTEX
8
CUT
10
241.2601
20
130.5863
0
VERTEX
8
CUT
10
241.2461
20
130.5323
0
VERTEX
8
CUT
10
241.1793
20
130.2749
0
VERTEX
8
CUT
10
238.3575
20
120.6475
0
VERTEX
8
CUT
10
237.8975
20
119.4234
0
VERTEX
8
CUT
10
234.2371
20
110.7051
0
VERTEX
8
CUT
10
234.2318
20
110.6943
0
VERTEX
8
CUT
10
234.2188
20
110.6682
0
VERTEX
8
CUT
10
234.1152
20
110.4586
0
VERTEX
8
CUT
10
233.4417
20
109.0975
0
VERTEX
8
CUT
10
228.7123
20
100.6519
0
VERTEX
8
CUT
10
228.0340
20
99.5714
0
VERTEX
8
CUT
10
222.5283
20
91.8534
0
VERTEX
8
CUT
10
221.9157
20
91.0699
0
VERTEX
8
CUT
10
221.4244
20
90.4416
0
VERTEX
8
CUT
10
221.2674
20
90.2409
0
VERTEX
8
CUT
10
221.1741
20
90.1216
0
VERTEX
8
CUT
10
216.5781
20
85.0088
0
VERTEX
8
CUT
10
212.3909
20
80.7909
0
VERTEX
8
CUT
10
209.1020
20
77.8368
0
VERTEX
8
CUT
10
205.6362
20
74.9068
0
VERTEX
8
CUT
10
200.8483
20
71.4338
0
VERTEX
8
CUT
10
197.7058
20
69.4202
0
VERTEX
8
CUT
10
194.5157
20
67.5674
0
VERTEX
8
CUT
10
188.0297
20
64.3547
0
VERTEX
8
CUT
10
184.8217
20
63.0107
0
VERTEX
8
CUT
10
178.4997
20
60.8650
0
VERTEX
8
CUT
10
178.4217
20
60.3443
0
VERTEX
8
CUT
10
179.1509
20
60.0465
0
VERTEX
8
CUT
10
179.2983
20
59.6635
0
VERTEX
8
CUT
10
178.6139
20
57.5486
0
VERTEX
8
CUT
10
175.4818
20
51.5967
0
VERTEX
8
CUT
10
174.4393
20
50.0114
0
VERTEX
8
CUT
10
171.3368
20
45.5857
0
VERTEX
8
CUT
10
166.6838
20
40.3265
0
VERTEX
8
CUT
10
161.5630
20
35.7208
0
VERTEX
8
CUT
10
158.5914
20
33.5734
0
VERTEX
8
CUT
10
157.7667
20
33.0269
0
VERTEX
8
CUT
10
157.5949
20
32.9131
0
VERTEX
8
CUT
10
157.5314
20
32.8709
0
VERTEX
8
CUT
10
157.5079
20
32.8554
0
VERTEX
8
CUT
10
152.7522
20
30.1706
0
VERTEX
8
CUT
10
150.2283
20
29.0992
0
VERTEX
8
CUT
10
150.1768
20
29.1187
0
VERTEX
8
CUT
10
144.6976
20
31.7194
0
VERTEX
8
CUT
10
144.6940
20
31.7214
0
VERTEX
8
CUT
10
144.5907
20
31.7806
0
VERTEX
8
CUT
10
144.5120
20
31.8257
0
VERTEX
8
CUT
10
144.4433
20
31.8650
0
VERTEX
8
CUT
10
140.1019
20
34.7489
0
VERTEX
8
CUT
10
137.0006
20
37.2737
0
VERTEX
8
CUT
10
134.0404
20
40.0527
0
VERTEX
8
CUT
10
131.1831
20
43.0913
0
VERTEX
8
CUT
10
128.5661
20
46.3152
0
VERTEX
8
CUT
10
126.1942
20
49.6586
0
VERTEX
8
CUT
10
124.1378
20
53.0437
0
VERTEX
8
CUT
10
124.0933
20
53.1287
0
VERTEX
8
CUT
10
122.0829
20
57.1751
0
VERTEX
8
CUT
10
121.7123
20
58.1409
0
VERTEX
8
CUT
10
121.5768
20
58.4939
0
VERTEX
8
CUT
10
121.4567
20
58.8067
0
VERTEX
8
CUT
10
121.3142
20
59.1781
0
VERTEX
8
CUT
10
121.2162
20
59.8595
0
VERTEX
8
CUT
10
121.6980
20
60.6531
0
VERTEX
8
CUT
10
121.5734
20
61.0638
0
VERTEX
8
CUT
10
115.6907
20
63.0708
0
VERTEX
8
CUT
10
112.2717
20
64.4747
0
VERTEX
8
CUT
10
109.0432
20
65.9378
0
VERTEX
8
CUT
10
103.2990
20
69.0517
0
VERTEX
8
CUT
10
97.6831
20
72.7443
0
VERTEX
8
CUT
10
92.3003
20
76.8569
0
VERTEX
8
CUT
10
91.0723
20
77.9474
0
VERTEX
8
CUT
10
87.3959
20
81.2423
0
VERTEX
8
CUT
10
81.5709
20
87.1797
0
VERTEX
8
CUT
10
77.6916
20
91.7042
0
VERTEX
8
CUT
10
73.5296
20
97.3530
0
VERTEX
8
CUT
10
70.1988
20
102.5652
0
VERTEX
8
CUT
10
69.6067
20
103.5409
0
VERTEX
8
CUT
10
65.0888
20
112.1954
0
VERTEX
8
CUT
10
61.3387
20
121.4649
0
VERTEX
8
CUT
10
58.6472
20
130.8396
0
VERTEX
8
CUT
10
56.9089
20
140.4162
0
VERTEX
8
CUT
10
56.2897
20
148.5698
0
VERTEX
8
CUT
10
56.2620
20
149.3716
0
VERTEX
8
CUT
10
56.2278
20
150.3622
0
VERTEX
8
CUT
10
56.2103
20
150.8662
0
VERTEX
8
CUT
10
56.4657
20
158.8835
0
VERTEX
8
CUT
10
56.5283
20
159.7951
0
VERTEX
8
CUT
10
57.8042
20
169.0422
0
VERTEX
8
CUT
10
57.5098
20
169.3235
0
VERTEX
8
CUT
10
56.7956
20
169.1515
0
VERTEX
8
CUT
10
56.6070
20
169.2432
0
VERTEX
8
CUT
10
56.1603
20
169.6049
0
VERTEX
8
CUT
10
54.4123
20
171.6511
0
VERTEX
8
CUT
10
51.1612
20
176.5410
0
VERTEX
8
CUT
10
48.3774
20
181.6802
0
VERTEX
8
CUT
10
46.0811
20
186.9980
0
VERTEX
8
CUT
10
44.2463
20
192.4719
0
VERTEX
8
CUT
10
42.9172
20
197.9698
0
VERTEX
8
CUT
10
42.1246
20
203.5047
0
VERTEX
8
CUT
10
41.8952
20
208.0890
0
VERTEX
8
CUT
10
41.9048
20
208.9704
0
VERTEX
8
CUT
10
41.9091
20
209.3617
0
VERTEX
8
CUT
10
41.9139
20
209.8054
0
VERTEX
8
CUT
10
41.9187
20
210.2452
0
VERTEX
8
CUT
10
42.1516
20
214.3989
0
VERTEX
8
CUT
10
42.5221
20
217.4763
0
VERTEX
8
CUT
10
43.0559
20
219.1883
0
VERTEX
8
CUT
10
43.5796
20
219.8100
0
VERTEX
8
CUT
10
45.1225
20
220.7646
0
VERTEX
8
CUT
10
49.8471
20
222.8846
0
VERTEX
8
CUT
10
52.6522
20
223.8831
0
VERTEX
8
CUT
10
52.8650
20
224.1439
0
VERTEX
8
CUT
10
52.6091
20
224.6059
0
VERTEX
8
CUT
10
51.4008
20
224.6060
0
VERTEX
8
CUT
10
51.0036
20
224.7639
0
VERTEX
8
CUT
10
50.6423
20
225.4629
0
VERTEX
8
CUT
10
50.3965
20
228.6296
0
VERTEX
8
CUT
10
50.3965
20
228.6329
0
VERTEX
8
CUT
10
50.3965
20
228.6355
0
VERTEX
8
CUT
10
50.3966
20
228.6754
0
VERTEX
8
CUT
10
50.3975
20
229.0712
0
VERTEX
8
CUT
10
50.4240
20
232.1152
0
VERTEX
8
CUT
10
50.7990
20
234.0639
0
VERTEX
8
CUT
10
51.2728
20
234.5831
0
VERTEX
8
CUT
10
51.0401
20
234.9429
0
VERTEX
8
CUT
10
45.8854
20
236.3395
0
VERTEX
8
CUT
10
44.8980
20
236.9529
0
VERTEX
8
CUT
10
43.8518
20
238.2171
0
VERTEX
8
CUT
10
42.0014
20
241.0990
0
VERTEX
8
CUT
10
39.8305
20
245.4723
0
VERTEX
8
CUT
10
38.3084
20
249.7384
0
VERTEX
8
CUT
10
37.2480
20
254.2830
0
VERTEX
8
CUT
10
36.8792
20
256.7712
0
VERTEX
8
CUT
10
36.4090
20
264.5949
0
VERTEX
8
CUT
10
36.4192
20
265.6395
0
VERTEX
8
CUT
10
36.6846
20
267.0515
0
VERTEX
8
CUT
10
36.8886
20
267.2315
0
VERTEX
8
CUT
10
37.7008
20
267.5407
0
SEQEND
0
POLYLINE
8
CUT
66
1
70
1
10
0.0
20
0.0
30
0.0
0
VERTEX
8
CUT
10
247.8126
20
212.5693
0
VERTEX
8
CUT
10
247.8131
20
210.1598
0
VERTEX
8
CUT
10
247.3882
20
206.3357
0
VERTEX
8
CUT
10
245.5606
20
198.8703
0
VERTEX
8
CUT
10
242.7629
20
191.0279
0
VERTEX
8
CUT
10
237.9603
20
181.0916
0
VERTEX
8
CUT
10
238.0657
20
180.7468
0
VERTEX
8
CUT
10
238.5093
20
180.5957
0
VERTEX
8
CUT
10
238.9797
20
180.1094
0
VERTEX
8
CUT
10
240.2358
20
176.7035
0
VERTEX
8
CUT
10
240.7808
20
176.5896
0
VERTEX
8
CUT
10
240.8378
20
176.6769
0
VERTEX
8
CUT
10
240.8999
20
176.6601
0
VERTEX
8
CUT
10
242.1321
20
178.6599
0
VERTEX
8
CUT
10
243.8525
20
181.2957
0
VERTEX
8
CUT
10
246.5888
20
186.4674
0
VERTEX
8
CUT
10
248.7040
20
191.8726
0
VERTEX
8
CUT
10
249.5554
20
194.6702
0
VERTEX
8
CUT
10
250.7880
20
200.4119
0
VERTEX
8
CUT
10
251.1516
20
204.1589
0
VERTEX
8
CUT
10
251.3331
20
210.7281
0
VERTEX
8
CUT
10
251.1570
20
213.8361
0
VERTEX
8
CUT
10
250.9306
20
214.6289
0
VERTEX
8
CUT
10
250.7041
20
214.8748
0
VERTEX
8
CUT
10
250.6885
20
214.9922
0
VERTEX
8
CUT
10
250.1043
20
215.4372
0
VERTEX
8
CUT
10
249.7194
20
215.6099
0
VERTEX
8
CUT
10
249.2463
20
215.8950
0
VERTEX
8
CUT
10
246.3443
20
217.1055
0
VERTEX
8
CUT
10
240.8449
20
218.7969
0
VERTEX
8
CUT
10
234.5491
20
220.1525
0
VERTEX
8
CUT
10
230.0609
20
220.7289
0
VERTEX
8
CUT
10
223.9093
20
221.1211
0
VERTEX
8
CUT
10
221.4842
20
221.0906
0
VERTEX
8
CUT
10
216.5257
20
220.6966
0
VERTEX
8
CUT
10
214.4597
20
220.6540
0
VERTEX
8
CUT
10
214.1581
20
220.4380
0
VERTEX
8
CUT
10
214.1736
20
220.0675
0
VERTEX
8
CUT
10
214.2298
20
220.0019
0
VERTEX
8
CUT
10
214.2304
20
219.9832
0
VERTEX
8
CUT
10
215.7138
20
218.1811
0
VERTEX
8
CUT
10
216.1183
20
217.0621
0
VERTEX
8
CUT
10
216.3811
20
216.8613
0
VERTEX
8
CUT
10
216.6216
20
216.8559
0
VERTEX
8
CUT
10
216.6526
20
216.8327
0
VERTEX
8
CUT
10
219.2270
20
216.7972
0
VERTEX
8
CUT
10
227.9171
20
216.6016
0
VERTEX
8
CUT
10
233.7419
20
216.2392
0
VERTEX
8
CUT
10
233.9964
20
216.2164
0
VERTEX
8
CUT
10
234.1271
20
216.2048
0
VERTEX
8
CUT
10
234.2397
20
216.1947
0
VERTEX
8
CUT
10
234.3888
20
216.1814
0
VERTEX
8
CUT
10
241.8765
20
214.6839
0
VERTEX
8
CUT
10
245.8189
20
213.5314
0
VERTEX
8
CUT
10
247.7402
20
212.6268
0
SEQEND
0
POLYLINE
8
CUT
66
1
70
1
10
0.0
20
0.0
30
0.0
0
VERTEX
8
CUT
10
228.2635
20
200.5387
0
VERTEX
8
CUT
10
229.9554
20
197.6837
0
VERTEX
8
CUT
10
230.4664
20
197.5879
0
VERTEX
8
CUT
10
230.8022
20
198.3738
0
VERTEX
8
CUT
10
231.0078
20
198.7282
0
VERTEX
8
CUT
10
231.2783
20
199.4882
0
VERTEX
8
CUT
10
231.7109
20
200.5006
0
VERTEX
8
CUT
10
231.9535
20
201.5911
0
VERTEX
8
CUT
10
231.8381
20
201.9719
0
VERTEX
8
CUT
10
230.8960
20
202.4014
0
VERTEX
8
CUT
10
227.1701
20
202.6951
0
VERTEX
8
CUT
10
226.8700
20
202.4736
0
VERTEX
8
CUT
10
226.8932
20
202.1012
0
SEQEND
0
POLYLINE
8
CUT
66
1
70
1
10
0.0
20
0.0
30
0.0
0
VERTEX
8
CUT
10
209.5118
20
95.7962
0
VERTEX
8
CUT
10
210.5760
20
96.9360
0
VERTEX
8
CUT
10
210.5935
20
96.9584
0
VERTEX
8
CUT
10
211.2893
20
97.7061
0
VERTEX
8
CUT
10
215.3953
20
103.1401
0
VERTEX
8
CUT
10
218.1278
20
107.2999
0
VERTEX
8
CUT
10
220.6054
20
111.6218
0
VERTEX
8
CUT
10
221.3543
20
113.1837
0
VERTEX
8
CUT
10
222.0886
20
114.5293
0
VERTEX
8
CUT
10
223.4515
20
117.5580
0
VERTEX
8
CUT
10
224.8688
20
120.5143
0
VERTEX
8
CUT
10
226.5837
20
125.0571
0
VERTEX
8
CUT
10
228.0352
20
129.6215
0
VERTEX
8
CUT
10
229.2152
20
134.1879
0
VERTEX
8
CUT
10
230.4857
20
140.7783
0
VERTEX
8
CUT
10
230.8790
20
144.6143
0
VERTEX
8
CUT
10
230.9619
20
148.9511
0
VERTEX
8
CUT
10
231.1212
20
151.2817
0
VERTEX
8
CUT
10
231.1129
20
151.5267
0
VERTEX
8
CUT
10
231.1818
20
152.6674
0
VERTEX
8
CUT
10
231.1265
20
155.5273
0
VERTEX
8
CUT
10
231.0324
20
155.7192
0
VERTEX
8
CUT
10
231.0241
20
156.1922
0
VERTEX
8
CUT
10
230.8150
20
156.4935
0
VERTEX
8
CUT
10
230.3854
20
156.4448
0
VERTEX
8
CUT
10
228.6196
20
154.5355
0
VERTEX
8
CUT
10
223.1232
20
149.8900
0
VERTEX
8
CUT
10
218.7619
20
146.6189
0
VERTEX
8
CUT
10
215.3192
20
144.3337
0
VERTEX
8
CUT
10
210.6754
20
141.6324
0
VERTEX
8
CUT
10
207.1852
20
139.8716
0
VERTEX
8
CUT
10
206.4555
20
139.7054
0
VERTEX
8
CUT
10
205.7333
20
140.5042
0
VERTEX
8
CUT
10
205.2495
20
140.4349
0
VERTEX
8
CUT
10
203.0361
20
134.0593
0
VERTEX
8
CUT
10
201.0979
20
129.9406
0
VERTEX
8
CUT
10
198.7738
20
125.9955
0
VERTEX
8
CUT
10
196.1581
20
122.3166
0
VERTEX
8
CUT
10
193.2356
20
118.8780
0
VERTEX
8
CUT
10
190.6580
20
116.4015
0
VERTEX
8
CUT
10
189.8356
20
115.6626
0
VERTEX
8
CUT
10
189.6875
20
115.5295
0
VERTEX
8
CUT
10
189.6831
20
115.5255
0
VERTEX
8
CUT
10
189.6829
20
115.5254
0
VERTEX
8
CUT
10
186.1673
20
112.6131
0
VERTEX
8
CUT
10
186.1982
20
112.1737
0
VERTEX
8
CUT
10
186.8243
20
111.9202
0
VERTEX
8
CUT
10
187.0712
20
111.4992
0
VERTEX
8
CUT
10
187.6296
20
108.4248
0
VERTEX
8
CUT
10
188.0866
20
103.0945
0
VERTEX
8
CUT
10
188.2382
20
97.0930
0
VERTEX
8
CUT
10
187.8743
20
90.5633
0
VERTEX
8
CUT
10
187.3865
20
86.1427
0
VERTEX
8
CUT
10
186.5888
20
81.3336
0
VERTEX
8
CUT
10
186.3426
20
80.2041
0
VERTEX
8
CUT
10
186.3041
20
80.0276
0
VERTEX
8
CUT
10
186.2411
20
79.7384
0
VERTEX
8
CUT
10
186.1227
20
79.1949
0
VERTEX
8
CUT
10
185.6832
20
78.2654
0
VERTEX
8
CUT
10
185.7554
20
77.8136
0
VERTEX
8
CUT
10
186.1729
20
77.7260
0
VERTEX
8
CUT
10
186.6485
20
77.9938
0
VERTEX
8
CUT
10
188.3077
20
78.7822
0
VERTEX
8
CUT
10
190.6899
20
80.2690
0
VERTEX
8
CUT
10
192.4572
20
81.2639
0
VERTEX
8
CUT
10
195.1273
20
83.0384
0
VERTEX
8
CUT
10
195.2286
20
83.1016
0
VERTEX
8
CUT
10
195.2746
20
83.1363
0
VERTEX
8
CUT
10
197.5954
20
84.6787
0
VERTEX
8
CUT
10
201.3216
20
87.5869
0
VERTEX
8
CUT
10
204.9032
20
91.0207
0
VERTEX
8
CUT
10
205.8686
20
91.8942
0
VERTEX
8
CUT
10
206.3309
20
92.3894
0
VERTEX
8
CUT
10
206.4257
20
92.4802
0
SEQEND
0
POLYLINE
8
CUT
66
1
70
1
10
0.0
20
0.0
30
0.0
0
VERTEX
8
CUT
10
221.3812
20
157.4646
0
VERTEX
8
CUT
10
222.2105
20
158.2257
0
VERTEX
8
CUT
10
228.6377
20
163.8077
0
VERTEX
8
CUT
10
229.1807
20
164.0559
0
VERTEX
8
CUT
10
230.1296
20
163.7684
0
VERTEX
8
CUT
10
230.3137
20
164.1234
0
VERTEX
8
CUT
10
229.7107
20
167.9168
0
VERTEX
8
CUT
10
229.3002
20
168.2061
0
VERTEX
8
CUT
10
227.8350
20
166.5584
0
VERTEX
8
CUT
10
227.7294
20
166.4437
0
VERTEX
8
CUT
10
227.6188
20
166.3237
0
VERTEX
8
CUT
10
226.2370
20
164.8243
0
VERTEX
8
CUT
10
221.9385
20
160.1601
0
VERTEX
8
CUT
10
220.0592
20
158.2168
0
VERTEX
8
CUT
10
215.3440
20
153.9271
0
VERTEX
8
CUT
10
210.6508
20
150.1257
0
VERTEX
8
CUT
10
210.6129
20
149.5998
0
VERTEX
8
CUT
10
211.0290
20
149.4681
0
VERTEX
8
CUT
10
211.9363
20
150.0476
0
VERTEX
8
CUT
10
217.7729
20
154.3717
0
VERTEX
8
CUT
10
220.8700
20
157.0615
0
SEQEND
0
POLYLINE
8
CUT
66
1
70
1
10
0.0
20
0.0
30
0.0
0
VERTEX
8
CUT
10
209.1333
20
166.7061
0
VERTEX
8
CUT
10
209.4655
20
166.9742
0
VERTEX
8
CUT
10
212.8895
20
170.5004
0
VERTEX
8
CUT
10
214.8145
20
172.4449
0
VERTEX
8
CUT
10
215.0185
20
172.6929
0
VERTEX
8
CUT
10
215.5713
20
173.2623
0
VERTEX
8
CUT
10
218.5814
20
177.0254
0
VERTEX
8
CUT
10
220.5613
20
179.4328
0
VERTEX
8
CUT
10
222.1324
20
181.6397
0
VERTEX
8
CUT
10
224.5323
20
185.7191
0
VERTEX
8
CUT
10
224.4242
20
186.0773
0
VERTEX
8
CUT
10
223.7394
20
186.2629
0
VERTEX
8
CUT
10
222.7837
20
187.3203
0
VERTEX
8
CUT
10
220.3910
20
191.4810
0
VERTEX
8
CUT
10
220.3276
20
191.5956
0
VERTEX
8
CUT
10
220.3039
20
191.6324
0
VERTEX
8
CUT
10
219.4281
20
193.1554
0
VERTEX
8
CUT
10
214.8822
20
200.3380
0
VERTEX
8
CUT
10
214.4907
20
201.3113
0
VERTEX
8
CUT
10
214.6046
20
201.8564
0
VERTEX
8
CUT
10
214.3173
20
202.1361
0
VERTEX
8
CUT
10
212.2171
20
201.7150
0
VERTEX
8
CUT
10
211.9538
20
201.7009
0
VERTEX
8
CUT
10
210.2157
20
201.3663
0
VERTEX
8
CUT
10
209.2850
20
201.1271
0
VERTEX
8
CUT
10
208.2387
20
200.9173
0
VERTEX
8
CUT
10
202.8890
20
199.3159
0
VERTEX
8
CUT
10
197.4664
20
197.2863
0
VERTEX
8
CUT
10
192.9062
20
195.1864
0
VERTEX
8
CUT
10
192.8504
20
195.2024
0
VERTEX
8
CUT
10
192.2677
20
194.8924
0
VERTEX
8
CUT
10
190.5585
20
194.1054
0
VERTEX
8
CUT
10
188.7761
20
193.7466
0
VERTEX
8
CUT
10
188.7992
20
193.3172
0
VERTEX
8
CUT
10
191.9499
20
189.7046
0
VERTEX
8
CUT
10
195.4974
20
185.1567
0
VERTEX
8
CUT
10
199.5199
20
178.7568
0
VERTEX
8
CUT
10
201.7665
20
174.3235
0
VERTEX
8
CUT
10
203.5847
20
170.0809
0
VERTEX
8
CUT
10
204.7097
20
166.5339
0
VERTEX
8
CUT
10
204.7716
20
166.2844
0
VERTEX
8
CUT
10
204.7848
20
166.2313
0
VERTEX
8
CUT
10
204.8310
20
166.0447
0
VERTEX
8
CUT
10
204.9792
20
165.4474
0
VERTEX
8
CUT
10
205.0871
20
163.9919
0
VERTEX
8
CUT
10
205.3769
20
163.7089
0
VERTEX
8
CUT
10
205.7058
20
163.7822
0
VERTEX
8
CUT
10
208.7434
20
166.3123
0
SEQEND
0
POLYLINE
8
CUT
66
1
70
1
10
0.0
20
0.0
30
0.0
0
VERTEX
8
CUT
10
190.2464
20
212.4477
0
VERTEX
8
CUT
10
189.5180
20
212.0741
0
VERTEX
8
CUT
10
187.0915
20
210.9613
0
VERTEX
8
CUT
10
184.2898
20
209.3073
0
VERTEX
8
CUT
10
181.3454
20
207.6037
0
VERTEX
8
CUT
10
180.9436
20
207.3318
0
VERTEX
8
CUT
10
176.1985
20
204.5304
0
VERTEX
8
CUT
10
175.9732
20
204.2344
0
VERTEX
8
CUT
10
176.0984
20
203.8842
0
VERTEX
8
CUT
10
178.8247
20
202.1530
0
VERTEX
8
CUT
10
179.1249
20
202.1282
0
VERTEX
8
CUT
10
179.9762
20
203.3933
0
VERTEX
8
CUT
10
181.4096
20
204.4632
0
VERTEX
8
CUT
10
186.3200
20
207.2117
0
VERTEX
8
CUT
10
192.8311
20
210.2543
0
VERTEX
8
CUT
10
202.3825
20
213.8627
0
VERTEX
8
CUT
10
202.6026
20
214.3624
0
VERTEX
8
CUT
10
199.1299
20
216.9827
0
VERTEX
8
CUT
10
198.7694
20
217.0433
0
VERTEX
8
CUT
10
198.3485
20
216.2953
0
VERTEX
8
CUT
10
197.2959
20
215.6409
0
VERTEX
8
CUT
10
192.2363
20
213.3206
0
SEQEND
0
POLYLINE
8
CUT
66
1
70
1
10
0.0
20
0.0
30
0.0
0
VERTEX
8
CUT
10
165.2087
20
150.8787
0
VERTEX
8
CUT
10
166.7240
20
147.8329
0
VERTEX
8
CUT
10
167.1334
20
147.3319
0
VERTEX
8
CUT
10
167.1831
20
147.2403
0
VERTEX
8
CUT
10
167.2011
20
147.2491
0
VERTEX
8
CUT
10
167.2503
20
147.1888
0
VERTEX
8
CUT
10
169.0550
20
147.9865
0
VERTEX
8
CUT
10
175.3534
20
149.2350
0
VERTEX
8
CUT
10
182.9963
20
151.4107
0
VERTEX
8
CUT
10
183.7419
20
151.6985
0
VERTEX
8
CUT
10
184.2096
20
151.8355
0
VERTEX
8
CUT
10
185.7546
20
152.4753
0
VERTEX
8
CUT
10
190.2824
20
154.2230
0
VERTEX
8
CUT
10
193.6727
20
155.9034
0
VERTEX
8
CUT
10
194.4433
20
156.4900
0
VERTEX
8
CUT
10
193.6154
20
157.8446
0
VERTEX
8
CUT
10
192.1253
20
163.1617
0
VERTEX
8
CUT
10
189.9948
20
168.6229
0
VERTEX
8
CUT
10
187.0679
20
174.0579
0
VERTEX
8
CUT
10
185.5369
20
176.2622
0
VERTEX
8
CUT
10
185.3918
20
176.5130
0
VERTEX
8
CUT
10
185.2963
20
176.6085
0
VERTEX
8
CUT
10
183.3530
20
179.4063
0
VERTEX
8
CUT
10
179.3607
20
184.1561
0
VERTEX
8
CUT
10
177.3695
20
186.1387
0
VERTEX
8
CUT
10
176.9683
20
186.1337
0
VERTEX
8
CUT
10
176.5098
20
185.4969
0
VERTEX
8
CUT
10
175.4124
20
184.2672
0
VERTEX
8
CUT
10
175.2077
20
184.0818
0
VERTEX
8
CUT
10
169.2616
20
178.7223
0
VERTEX
8
CUT
10
169.0222
20
178.4817
0
VERTEX
8
CUT
10
168.6944
20
178.1849
0
VERTEX
8
CUT
10
165.4780
20
174.9687
0
VERTEX
8
CUT
10
165.0049
20
174.4432
0
VERTEX
8
CUT
10
163.5182
20
172.9488
0
VERTEX
8
CUT
10
159.1022
20
167.9284
0
VERTEX
8
CUT
10
156.6930
20
164.7786
0
VERTEX
8
CUT
10
156.7835
20
164.4204
0
VERTEX
8
CUT
10
157.5527
20
163.9799
0
VERTEX
8
CUT
10
158.1840
20
163.2298
0
VERTEX
8
CUT
10
159.9073
20
160.6479
0
SEQEND
0
POLYLINE
8
CUT
66
1
70
1
10
0.0
20
0.0
30
0.0
0
VERTEX
8
CUT
10
144.9903
20
211.3593
0
VERTEX
8
CUT
10
149.8706
20
211.5109
0
VERTEX
8
CUT
10
154.7480
20
211.3582
0
VERTEX
8
CUT
10
158.5404
20
210.9273
0
VERTEX
8
CUT
10
164.6614
20
209.2302
0
VERTEX
8
CUT
10
169.9100
20
207.2063
0
VERTEX
8
CUT
10
170.1873
20
207.4891
0
VERTEX
8
CUT
10
170.1733
20
208.4011
0
VERTEX
8
CUT
10
170.1742
20
208.4090
0
VERTEX
8
CUT
10
170.1754
20
208.4193
0
VERTEX
8
CUT
10
170.1766
20
208.4293
0
VERTEX
8
CUT
10
170.1802
20
208.4607
0
VERTEX
8
CUT
10
170.8399
20
209.2558
0
VERTEX
8
CUT
10
174.6603
20
212.0755
0
VERTEX
8
CUT
10
177.5486
20
213.9306
0
VERTEX
8
CUT
10
180.5990
20
215.7605
0
VERTEX
8
CUT
10
186.4744
20
218.8497
0
VERTEX
8
CUT
10
189.0258
20
220.0166
0
VERTEX
8
CUT
10
191.0634
20
220.7455
0
VERTEX
8
CUT
10
192.5161
20
221.0383
0
VERTEX
8
CUT
10
192.7577
20
221.3998
0
VERTEX
8
CUT
10
192.6135
20
221.7018
0
VERTEX
8
CUT
10
192.3430
20
221.8805
0
VERTEX
8
CUT
10
192.1035
20
222.1476
0
VERTEX
8
CUT
10
190.2435
20
223.3384
0
VERTEX
8
CUT
10
188.6314
20
224.1754
0
VERTEX
8
CUT
10
184.5447
20
226.5046
0
VERTEX
8
CUT
10
181.5684
20
227.9622
0
VERTEX
8
CUT
10
175.3096
20
230.5307
0
VERTEX
8
CUT
10
167.8667
20
232.7977
0
VERTEX
8
CUT
10
165.6418
20
233.2332
0
VERTEX
8
CUT
10
164.9018
20
233.4268
0
VERTEX
8
CUT
10
162.0444
20
233.9738
0
VERTEX
8
CUT
10
161.6011
20
234.0241
0
VERTEX
8
CUT
10
160.3118
20
234.2764
0
VERTEX
8
CUT
10
152.7266
20
234.9692
0
VERTEX
8
CUT
10
145.1439
20
234.8465
0
VERTEX
8
CUT
10
137.5994
20
233.9748
0
VERTEX
8
CUT
10
133.1539
20
232.9711
0
VERTEX
8
CUT
10
132.6002
20
232.8561
0
VERTEX
8
CUT
10
132.4328
20
232.8083
0
VERTEX
8
CUT
10
130.0660
20
232.2739
0
VERTEX
8
CUT
10
127.2734
20
231.3346
0
VERTEX
8
CUT
10
126.8890
20
231.2248
0
VERTEX
8
CUT
10
126.3139
20
231.0119
0
VERTEX
8
CUT
10
122.6933
20
229.7941
0
VERTEX
8
CUT
10
115.4949
20
226.5413
0
VERTEX
8
CUT
10
112.2779
20
224.8119
0
VERTEX
8
CUT
10
107.3060
20
221.6819
0
VERTEX
8
CUT
10
107.2067
20
221.3316
0
VERTEX
8
CUT
10
107.2225
20
221.3107
0
VERTEX
8
CUT
10
107.2060
20
221.2667
0
VERTEX
8
CUT
10
107.4296
20
220.9670
0
VERTEX
8
CUT
10
107.9168
20
220.8481
0
VERTEX
8
CUT
10
111.8352
20
219.1619
0
VERTEX
8
CUT
10
115.0101
20
217.5445
0
VERTEX
8
CUT
10
124.3625
20
212.0475
0
VERTEX
8
CUT
10
127.7452
20
209.5345
0
VERTEX
8
CUT
10
128.3487
20
209.0327
0
VERTEX
8
CUT
10
128.8925
20
208.2797
0
VERTEX
8
CUT
10
128.6619
20
207.4378
0
VERTEX
8
CUT
10
129.0561
20
207.1014
0
VERTEX
8
CUT
10
136.8076
20
209.8326
0
VERTEX
8
CUT
10
141.0652
20
210.9283
0
SEQEND
0
POLYLINE
8
CUT
66
1
70
1
10
0.0
20
0.0
30
0.0
0
VERTEX
8
CUT
10
175.6619
20
135.6143
0
VERTEX
8
CUT
10
175.0929
20
135.5774
0
VERTEX
8
CUT
10
174.0493
20
135.5099
0
VERTEX
8
CUT
10
174.0209
20
135.5080
0
VERTEX
8
CUT
10
173.8304
20
135.4957
0
VERTEX
8
CUT
10
172.5483
20
135.5093
0
VERTEX
8
CUT
10
172.2172
20
135.2937
0
VERTEX
8
CUT
10
172.2109
20
134.8297
0
VERTEX
8
CUT
10
174.8160
20
125.8946
0
VERTEX
8
CUT
10
174.9388
20
125.3344
0
VERTEX
8
CUT
10
175.5752
20
121.8892
0
VERTEX
8
CUT
10
176.0163
20
121.6029
0
VERTEX
8
CUT
10
178.5848
20
123.2382
0
VERTEX
8
CUT
10
180.8398
20
125.0138
0
VERTEX
8
CUT
10
184.0783
20
128.0423
0
VERTEX
8
CUT
10
185.4995
20
129.6434
0
VERTEX
8
CUT
10
188.0679
20
133.0878
0
VERTEX
8
CUT
10
191.7991
20
139.4062
0
VERTEX
8
CUT
10
191.3280
20
139.6944
0
VERTEX
8
CUT
10
184.8375
20
137.6731
0
VERTEX
8
CUT
10
176.9217
20
135.8230
0
SEQEND
0
POLYLINE
8
CUT
66
1
70
1
10
0.0
20
0.0
30
0.0
0
VERTEX
8
CUT
10
177.6673
20
107.0929
0
VERTEX
8
CUT
10
178.2060
20
105.9969
0
VERTEX
8
CUT
10
178.4193
20
103.7740
0
VERTEX
8
CUT
10
178.4200
20
95.2092
0
VERTEX
8
CUT
10
178.2066
20
90.1562
0
VERTEX
8
CUT
10
177.2963
20
83.6321
0
VERTEX
8
CUT
10
174.8272
20
73.4574
0
VERTEX
8
CUT
10
174.9906
20
73.1331
0
VERTEX
8
CUT
10
175.3503
20
73.0840
0
VERTEX
8
CUT
10
178.6973
20
74.5037
0
VERTEX
8
CUT
10
178.9138
20
74.8061
0
VERTEX
8
CUT
10
178.4014
20
75.6109
0
VERTEX
8
CUT
10
178.3938
20
76.8825
0
VERTEX
8
CUT
10
179.7908
20
84.4884
0
VERTEX
8
CUT
10
179.9026
20
85.6865
0
VERTEX
8
CUT
10
180.2431
20
89.2598
0
VERTEX
8
CUT
10
180.2453
20
89.3572
0
VERTEX
8
CUT
10
180.6064
20
93.2256
0
VERTEX
8
CUT
10
180.6970
20
99.3226
0
VERTEX
8
CUT
10
180.5031
20
108.1696
0
VERTEX
8
CUT
10
180.1809
20
108.5419
0
VERTEX
8
CUT
10
178.1823
20
107.5664
0
SEQEND
0
POLYLINE
8
CUT
66
1
70
1
10
0.0
20
0.0
30
0.0
0
VERTEX
8
CUT
10
150.1989
20
37.1160
0
VERTEX
8
CUT
10
150.2163
20
37.1075
0
VERTEX
8
CUT
10
150.6271
20
37.2851
0
VERTEX
8
CUT
10
151.9093
20
37.7793
0
VERTEX
8
CUT
10
154.8512
20
39.7187
0
VERTEX
8
CUT
10
156.9662
20
41.4036
0
VERTEX
8
CUT
10
157.0569
20
41.4723
0
VERTEX
8
CUT
10
157.0894
20
41.5018
0
VERTEX
8
CUT
10
158.2598
20
42.4342
0
VERTEX
8
CUT
10
161.5965
20
45.4700
0
VERTEX
8
CUT
10
165.1031
20
49.3677
0
VERTEX
8
CUT
10
167.3700
20
52.2385
0
VERTEX
8
CUT
10
171.0149
20
57.7343
0
VERTEX
8
CUT
10
172.1640
20
58.9075
0
VERTEX
8
CUT
10
171.8287
20
59.3067
0
VERTEX
8
CUT
10
170.5375
20
59.2028
0
VERTEX
8
CUT
10
170.1433
20
59.2708
0
VERTEX
8
CUT
10
169.6003
20
59.6016
0
VERTEX
8
CUT
10
169.1621
20
59.4669
0
VERTEX
8
CUT
10
169.0755
20
59.3610
0
VERTEX
8
CUT
10
168.9664
20
59.3292
0
VERTEX
8
CUT
10
168.6647
20
58.8582
0
VERTEX
8
CUT
10
168.2716
20
58.3770
0
VERTEX
8
CUT
10
164.0201
20
51.8495
0
VERTEX
8
CUT
10
161.2209
20
48.4234
0
VERTEX
8
CUT
10
160.9184
20
48.0683
0
VERTEX
8
CUT
10
160.8509
20
47.9892
0
VERTEX
8
CUT
10
160.7833
20
47.9097
0
VERTEX
8
CUT
10
160.2825
20
47.3219
0
VERTEX
8
CUT
10
157.7840
20
44.8627
0
VERTEX
8
CUT
10
157.5504
20
44.6364
0
VERTEX
8
CUT
10
157.0334
20
44.1356
0
VERTEX
8
CUT
10
156.8841
20
43.9909
0
VERTEX
8
CUT
10
156.4859
20
43.6052
0
VERTEX
8
CUT
10
155.3744
20
42.6670
0
VERTEX
8
CUT
10
154.9707
20
42.3410
0
VERTEX
8
CUT
10
154.8440
20
42.2387
0
VERTEX
8
CUT
10
154.8266
20
42.2246
0
VERTEX
8
CUT
10
154.4714
20
41.9377
0
VERTEX
8
CUT
10
151.9199
20
40.1790
0
VERTEX
8
CUT
10
150.1004
20
39.4021
0
VERTEX
8
CUT
10
149.7640
20
39.5550
0
VERTEX
8
CUT
10
147.9253
20
40.4814
0
VERTEX
8
CUT
10
145.3690
20
42.3365
0
VERTEX
8
CUT
10
144.4982
20
43.0544
0
VERTEX
8
CUT
10
143.9153
20
43.5350
0
VERTEX
8
CUT
10
143.1222
20
44.2129
0
VERTEX
8
CUT
10
139.4849
20
47.8502
0
VERTEX
8
CUT
10
136.1557
20
51.8219
0
VERTEX
8
CUT
10
131.1603
20
59.6374
0
VERTEX
8
CUT
10
130.8544
20
59.7481
0
VERTEX
8
CUT
10
129.7653
20
59.4554
0
VERTEX
8
CUT
10
128.2904
20
59.5444
0
VERTEX
8
CUT
10
127.9928
20
59.3352
0
VERTEX
8
CUT
10
128.0169
20
58.9391
0
VERTEX
8
CUT
10
129.5446
20
57.5365
0
VERTEX
8
CUT
10
131.2621
20
54.8667
0
VERTEX
8
CUT
10
131.4514
20
54.5602
0
VERTEX
8
CUT
10
131.5172
20
54.4702
0
VERTEX
8
CUT
10
132.7793
20
52.5083
0
VERTEX
8
CUT
10
135.7681
20
48.7657
0
VERTEX
8
CUT
10
139.0784
20
45.1542
0
VERTEX
8
CUT
10
142.3077
20
42.1953
0
VERTEX
8
CUT
10
144.7544
20
40.3217
0
VERTEX
8
CUT
10
148.1825
20
38.0052
0
VERTEX
8
CUT
10
150.1632
20
37.1063
0
VERTEX
8
CUT
10
150.1866
20
37.1153
0
VERTEX
8
CUT
10
150.1919
20
37.1123
0
SEQEND
0
POLYLINE
8
CUT
66
1
70
1
10
0.0
20
0.0
30
0.0
0
VERTEX
8
CUT
10
142.3225
20
197.8482
0
VERTEX
8
CUT
10
139.3176
20
197.0744
0
VERTEX
8
CUT
10
132.4535
20
194.6317
0
VERTEX
8
CUT
10
132.4382
20
194.1090
0
VERTEX
8
CUT
10
138.3585
20
188.1506
0
VERTEX
8
CUT
10
140.3200
20
186.0377
0
VERTEX
8
CUT
10
145.3510
20
180.4189
0
VERTEX
8
CUT
10
145.7133
20
179.9787
0
VERTEX
8
CUT
10
147.9211
20
177.0364
0
VERTEX
8
CUT
10
148.5312
20
175.6489
0
VERTEX
8
CUT
10
148.9503
20
175.7308
0
VERTEX
8
CUT
10
156.1822
20
183.7519
0
VERTEX
8
CUT
10
164.7553
20
192.2649
0
VERTEX
8
CUT
10
166.6980
20
193.4420
0
VERTEX
8
CUT
10
166.7125
20
193.9870
0
VERTEX
8
CUT
10
166.0658
20
194.3076
0
VERTEX
8
CUT
10
166.0539
20
194.3227
0
VERTEX
8
CUT
10
164.5079
20
195.1443
0
VERTEX
8
CUT
10
163.5153
20
195.5721
0
VERTEX
8
CUT
10
162.1393
20
196.2543
0
VERTEX
8
CUT
10
158.4034
20
197.5206
0
VERTEX
8
CUT
10
155.8597
20
198.0948
0
VERTEX
8
CUT
10
151.5452
20
198.3029
0
VERTEX
8
CUT
10
145.5957
20
198.2129
0
SEQEND
0
POLYLINE
8
CUT
66
1
70
1
10
0.0
20
0.0
30
0.0
0
VERTEX
8
CUT
10
139.8885
20
73.4137
0
VERTEX
8
CUT
10
140.3710
20
72.0852
0
VERTEX
8
CUT
10
140.6482
20
71.5198
0
VERTEX
8
CUT
10
140.9256
20
70.8282
0
VERTEX
8
CUT
10
141.2973
20
70.1959
0
VERTEX
8
CUT
10
141.5143
20
69.7533
0
VERTEX
8
CUT
10
141.8928
20
69.6081
0
VERTEX
8
CUT
10
142.5698
20
69.9932
0
VERTEX
8
CUT
10
144.6784
20
70.2073
0
VERTEX
8
CUT
10
151.7231
20
70.2685
0
VERTEX
8
CUT
10
157.1019
20
70.1524
0
VERTEX
8
CUT
10
157.2028
20
70.1446
0
VERTEX
8
CUT
10
157.3148
20
70.1359
0
VERTEX
8
CUT
10
157.4037
20
70.1290
0
VERTEX
8
CUT
10
157.4978
20
70.1217
0
VERTEX
8
CUT
10
158.0583
20
70.0353
0
VERTEX
8
CUT
10
158.4328
20
69.6775
0
VERTEX
8
CUT
10
158.7628
20
69.7378
0
VERTEX
8
CUT
10
159.0949
20
70.4641
0
VERTEX
8
CUT
10
159.5092
20
71.1905
0
VERTEX
8
CUT
10
159.9417
20
72.3165
0
VERTEX
8
CUT
10
160.6160
20
73.7916
0
VERTEX
8
CUT
10
161.7952
20
77.0548
0
VERTEX
8
CUT
10
162.8678
20
80.8998
0
VERTEX
8
CUT
10
163.2949
20
82.2930
0
VERTEX
8
CUT
10
163.2693
20
82.3391
0
VERTEX
8
CUT
10
163.7647
20
84.1147
0
VERTEX
8
CUT
10
165.0023
20
91.2746
0
VERTEX
8
CUT
10
165.3341
20
94.7505
0
VERTEX
8
CUT
10
165.5824
20
100.4473
0
VERTEX
8
CUT
10
165.6645
20
100.5736
0
VERTEX
8
CUT
10
165.7555
20
101.7858
0
VERTEX
8
CUT
10
165.6533
20
102.0719
0
VERTEX
8
CUT
10
165.6558
20
102.1311
0
VERTEX
8
CUT
10
165.6307
20
102.1351
0
VERTEX
8
CUT
10
165.6039
20
102.2100
0
VERTEX
8
CUT
10
165.0361
20
102.2303
0
VERTEX
8
CUT
10
164.9426
20
102.2452
0
VERTEX
8
CUT
10
164.8962
20
102.2353
0
VERTEX
8
CUT
10
164.7555
20
102.2403
0
VERTEX
8
CUT
10
163.3312
20
101.9676
0
VERTEX
8
CUT
10
162.4887
20
101.7187
0
VERTEX
8
CUT
10
160.8404
20
101.3649
0
VERTEX
8
CUT
10
154.6000
20
100.5774
0
VERTEX
8
CUT
10
151.6659
20
100.4823
0
VERTEX
8
CUT
10
151.6645
20
100.4827
0
VERTEX
8
CUT
10
147.5433
20
100.4827
0
VERTEX
8
CUT
10
147.2390
20
100.4175
0
VERTEX
8
CUT
10
141.5288
20
100.8186
0
VERTEX
8
CUT
10
138.5144
20
101.2747
0
VERTEX
8
CUT
10
137.2719
20
101.5724
0
VERTEX
8
CUT
10
137.1797
20
101.6645
0
VERTEX
8
CUT
10
136.4332
20
101.7743
0
VERTEX
8
CUT
10
135.2839
20
102.4436
0
VERTEX
8
CUT
10
134.9977
20
102.1163
0
VERTEX
8
CUT
10
135.0002
20
101.6383
0
VERTEX
8
CUT
10
134.9676
20
101.6039
0
VERTEX
8
CUT
10
134.7252
20
98.7858
0
VERTEX
8
CUT
10
134.9979
20
96.2100
0
VERTEX
8
CUT
10
135.0745
20
96.1612
0
VERTEX
8
CUT
10
135.3879
20
91.4815
0
VERTEX
8
CUT
10
136.1728
20
86.1949
0
VERTEX
8
CUT
10
136.8914
20
83.2989
0
VERTEX
8
CUT
10
136.8521
20
83.2530
0
VERTEX
8
CUT
10
137.1335
20
82.3234
0
VERTEX
8
CUT
10
138.1706
20
78.1437
0
VERTEX
8
CUT
10
139.5405
20
74.3718
0
VERTEX
8
CUT
10
139.6524
20
74.0024
0
SEQEND
0
POLYLINE
8
CUT
66
1
70
1
10
0.0
20
0.0
30
0.0
0
VERTEX
8
CUT
10
160.5471
20
126.6910
0
VERTEX
8
CUT
10
159.4402
20
130.2496
0
VERTEX
8
CUT
10
158.7869
20
131.7279
0
VERTEX
8
CUT
10
158.7750
20
131.7619
0
VERTEX
8
CUT
10
158.7088
20
131.9046
0
VERTEX
8
CUT
10
157.5132
20
134.6098
0
VERTEX
8
CUT
10
157.1566
20
134.7647
0
VERTEX
8
CUT
10
156.7999
20
134.5891
0
VERTEX
8
CUT
10
156.7926
20
134.5869
0
VERTEX
8
CUT
10
156.7288
20
134.5679
0
VERTEX
8
CUT
10
156.5016
20
134.5001
0
VERTEX
8
CUT
10
155.7087
20
134.2636
0
VERTEX
8
CUT
10
154.3235
20
134.0315
0
VERTEX
8
CUT
10
143.4874
20
133.0628
0
VERTEX
8
CUT
10
143.1707
20
133.0002
0
VERTEX
8
CUT
10
142.0801
20
132.9442
0
VERTEX
8
CUT
10
141.5371
20
132.6772
0
VERTEX
8
CUT
10
141.3758
20
132.6453
0
VERTEX
8
CUT
10
141.3668
20
132.5934
0
VERTEX
8
CUT
10
141.2912
20
132.5562
0
VERTEX
8
CUT
10
141.3229
20
132.3412
0
VERTEX
8
CUT
10
141.0464
20
130.7517
0
VERTEX
8
CUT
10
139.3115
20
125.0606
0
VERTEX
8
CUT
10
138.5922
20
122.8432
0
VERTEX
8
CUT
10
138.2982
20
121.7364
0
VERTEX
8
CUT
10
137.8055
20
120.1201
0
VERTEX
8
CUT
10
137.5989
20
119.1035
0
VERTEX
8
CUT
10
137.4426
20
118.5153
0
VERTEX
8
CUT
10
137.2408
20
117.3418
0
VERTEX
8
CUT
10
136.7915
20
115.1311
0
VERTEX
8
CUT
10
137.1114
20
114.8242
0
VERTEX
8
CUT
10
139.5906
20
114.7224
0
VERTEX
8
CUT
10
144.6341
20
113.9334
0
VERTEX
8
CUT
10
149.4213
20
113.8444
0
VERTEX
8
CUT
10
149.7577
20
113.8680
0
VERTEX
8
CUT
10
151.1645
20
113.8137
0
VERTEX
8
CUT
10
155.7465
20
114.2048
0
VERTEX
8
CUT
10
156.6181
20
114.3499
0
VERTEX
8
CUT
10
157.6183
20
114.4202
0
VERTEX
8
CUT
10
161.0275
20
115.1084
0
VERTEX
8
CUT
10
164.0531
20
116.0527
0
VERTEX
8
CUT
10
164.1627
20
116.4431
0
VERTEX
8
CUT
10
163.2506
20
117.9998
0
VERTEX
8
CUT
10
161.6241
20
123.2289
0
VERTEX
8
CUT
10
160.9474
20
125.5458
0
SEQEND
0
POLYLINE
8
CUT
66
1
70
1
10
0.0
20
0.0
30
0.0
0
VERTEX
8
CUT
10
150.4221
20
56.6645
0
VERTEX
8
CUT
10
151.6645
20
57.9373
0
VERTEX
8
CUT
10
152.5736
20
59.3918
0
VERTEX
8
CUT
10
150.5433
20
58.4221
0
VERTEX
8
CUT
10
148.6342
20
58.5130
0
VERTEX
8
CUT
10
148.7252
20
57.9979
0
VERTEX
8
CUT
10
149.4221
20
56.9373
0
VERTEX
8
CUT
10
149.7555
20
56.6948
0
VERTEX
8
CUT
10
149.7959
20
56.6930
0
VERTEX
8
CUT
10
150.0585
20
56.5736
0
VERTEX
8
CUT
10
150.2555
20
56.6721
0
SEQEND
0
POLYLINE
8
CUT
66
1
70
1
10
0.0
20
0.0
30
0.0
0
VERTEX
8
CUT
10
144.8791
20
146.3847
0
VERTEX
8
CUT
10
145.3256
20
146.1783
0
VERTEX
8
CUT
10
151.5479
20
146.1893
0
VERTEX
8
CUT
10
151.9032
20
146.5457
0
VERTEX
8
CUT
10
151.4391
20
147.5077
0
VERTEX
8
CUT
10
151.4335
20
147.5359
0
VERTEX
8
CUT
10
151.2318
20
147.9377
0
VERTEX
8
CUT
10
149.1770
20
152.1979
0
VERTEX
8
CUT
10
148.8365
20
152.3961
0
VERTEX
8
CUT
10
148.6667
20
152.2200
0
VERTEX
8
CUT
10
148.5168
20
152.1232
0
VERTEX
8
CUT
10
148.4403
20
151.9852
0
VERTEX
8
CUT
10
148.0925
20
151.6244
0
VERTEX
8
CUT
10
145.9029
20
147.8859
0
VERTEX
8
CUT
10
144.9428
20
146.8510
0
SEQEND
0
POLYLINE
8
CUT
66
1
70
1
10
0.0
20
0.0
30
0.0
0
VERTEX
8
CUT
10
140.3177
20
163.5333
0
VERTEX
8
CUT
10
140.3331
20
163.5761
0
VERTEX
8
CUT
10
141.0353
20
164.9264
0
VERTEX
8
CUT
10
140.8114
20
165.1813
0
VERTEX
8
CUT
10
140.2112
20
165.3477
0
VERTEX
8
CUT
10
139.5478
20
165.8854
0
VERTEX
8
CUT
10
139.4387
20
166.0145
0
VERTEX
8
CUT
10
138.7064
20
166.8806
0
VERTEX
8
CUT
10
138.5149
20
167.1072
0
VERTEX
8
CUT
10
138.2056
20
167.4731
0
VERTEX
8
CUT
10
137.4703
20
168.3429
0
VERTEX
8
CUT
10
137.3627
20
168.4701
0
VERTEX
8
CUT
10
136.9286
20
168.9837
0
VERTEX
8
CUT
10
133.9019
20
172.7669
0
VERTEX
8
CUT
10
127.7226
20
179.5520
0
VERTEX
8
CUT
10
124.0331
20
183.1806
0
VERTEX
8
CUT
10
123.6004
20
183.5603
0
VERTEX
8
CUT
10
123.1710
20
183.9834
0
VERTEX
8
CUT
10
122.4491
20
184.5706
0
VERTEX
8
CUT
10
121.3588
20
185.5273
0
VERTEX
8
CUT
10
121.0040
20
185.6090
0
VERTEX
8
CUT
10
120.0401
20
184.1084
0
VERTEX
8
CUT
10
116.4441
20
179.7872
0
VERTEX
8
CUT
10
114.4820
20
177.1018
0
VERTEX
8
CUT
10
110.9986
20
171.1957
0
VERTEX
8
CUT
10
108.3125
20
165.0644
0
VERTEX
8
CUT
10
107.3486
20
162.0187
0
VERTEX
8
CUT
10
106.7569
20
159.1055
0
VERTEX
8
CUT
10
106.7251
20
159.0882
0
VERTEX
8
CUT
10
106.4749
20
158.0362
0
VERTEX
8
CUT
10
106.4014
20
157.3550
0
VERTEX
8
CUT
10
106.0883
20
155.8133
0
VERTEX
8
CUT
10
106.3832
20
155.4541
0
VERTEX
8
CUT
10
107.0791
20
155.5700
0
VERTEX
8
CUT
10
108.2360
20
155.2499
0
VERTEX
8
CUT
10
116.4637
20
151.5894
0
VERTEX
8
CUT
10
121.2369
20
149.8669
0
VERTEX
8
CUT
10
126.1465
20
148.4728
0
VERTEX
8
CUT
10
127.3005
20
148.2418
0
VERTEX
8
CUT
10
127.4342
20
148.2037
0
VERTEX
8
CUT
10
128.5876
20
147.9840
0
VERTEX
8
CUT
10
132.9512
20
147.1103
0
VERTEX
8
CUT
10
133.2487
20
147.4750
0
VERTEX
8
CUT
10
133.0605
20
147.9306
0
VERTEX
8
CUT
10
133.0962
20
148.9513
0
VERTEX
8
CUT
10
134.2294
20
151.8389
0
VERTEX
8
CUT
10
140.2003
20
163.3208
0
SEQEND
0
POLYLINE
8
CUT
66
1
70
1
10
0.0
20
0.0
30
0.0
0
VERTEX
8
CUT
10
124.4874
20
121.2532
0
VERTEX
8
CUT
10
126.0265
20
126.3702
0
VERTEX
8
CUT
10
126.8069
20
128.8131
0
VERTEX
8
CUT
10
126.8084
20
128.8178
0
VERTEX
8
CUT
10
127.5346
20
131.0910
0
VERTEX
8
CUT
10
127.6227
20
131.3669
0
VERTEX
8
CUT
10
128.5433
20
133.5880
0
VERTEX
8
CUT
10
128.4903
20
133.9529
0
VERTEX
8
CUT
10
128.1087
20
134.0549
0
VERTEX
8
CUT
10
128.0857
20
134.0886
0
VERTEX
8
CUT
10
127.4056
20
134.2427
0
VERTEX
8
CUT
10
117.3842
20
136.9205
0
VERTEX
8
CUT
10
112.2499
20
138.6830
0
VERTEX
8
CUT
10
108.0370
20
140.5693
0
VERTEX
8
CUT
10
107.6744
20
140.5241
0
VERTEX
8
CUT
10
107.5084
20
140.1986
0
VERTEX
8
CUT
10
108.0467
20
138.3972
0
VERTEX
8
CUT
10
110.0049
20
134.3335
0
VERTEX
8
CUT
10
112.4801
20
130.4131
0
VERTEX
8
CUT
10
115.2319
20
127.2131
0
VERTEX
8
CUT
10
117.4450
20
125.1206
0
VERTEX
8
CUT
10
118.4685
20
124.3191
0
VERTEX
8
CUT
10
119.2674
20
123.6275
0
VERTEX
8
CUT
10
120.7372
20
122.5423
0
VERTEX
8
CUT
10
123.5749
20
120.3199
0
VERTEX
8
CUT
10
123.7417
20
120.3239
0
VERTEX
8
CUT
10
123.7507
20
120.3173
0
VERTEX
8
CUT
10
123.7690
20
120.3246
0
VERTEX
8
CUT
10
124.0598
20
120.3316
0
SEQEND
0
POLYLINE
8
CUT
66
1
70
1
10
0.0
20
0.0
30
0.0
0
VERTEX
8
CUT
10
121.9638
20
107.0061
0
VERTEX
8
CUT
10
121.6297
20
107.3369
0
VERTEX
8
CUT
10
120.8965
20
107.1212
0
VERTEX
8
CUT
10
119.7570
20
107.1961
0
VERTEX
8
CUT
10
119.7089
20
107.1023
0
VERTEX
8
CUT
10
119.6035
20
107.1083
0
VERTEX
8
CUT
10
119.4636
20
106.8081
0
VERTEX
8
CUT
10
119.6384
20
104.8787
0
VERTEX
8
CUT
10
119.8136
20
93.9840
0
VERTEX
8
CUT
10
120.3889
20
86.8660
0
VERTEX
8
CUT
10
122.1151
20
75.8150
0
VERTEX
8
CUT
10
121.4074
20
74.8043
0
VERTEX
8
CUT
10
121.6281
20
74.5154
0
VERTEX
8
CUT
10
125.2288
20
73.1613
0
VERTEX
8
CUT
10
125.5447
20
73.6180
0
VERTEX
8
CUT
10
123.0047
20
84.5598
0
VERTEX
8
CUT
10
122.1218
20
90.9219
0
VERTEX
8
CUT
10
121.6970
20
97.2147
0
SEQEND
0
POLYLINE
8
CUT
66
1
70
1
10
0.0
20
0.0
30
0.0
0
VERTEX
8
CUT
10
108.4602
20
212.5926
0
VERTEX
8
CUT
10
108.0571
20
212.7677
0
VERTEX
8
CUT
10
106.7905
20
213.4123
0
VERTEX
8
CUT
10
102.0799
20
215.4628
0
VERTEX
8
CUT
10
101.3602
20
215.8598
0
VERTEX
8
CUT
10
101.1090
20
216.0463
0
VERTEX
8
CUT
10
100.8364
20
216.6496
0
VERTEX
8
CUT
10
100.4691
20
216.6186
0
VERTEX
8
CUT
10
97.3341
20
214.2611
0
VERTEX
8
CUT
10
97.3042
20
213.7988
0
VERTEX
8
CUT
10
97.8233
20
213.5004
0
VERTEX
8
CUT
10
103.8072
20
211.4337
0
VERTEX
8
CUT
10
110.4576
20
208.6392
0
VERTEX
8
CUT
10
114.6297
20
206.5051
0
VERTEX
8
CUT
10
118.9849
20
204.1040
0
VERTEX
8
CUT
10
122.0195
20
202.2823
0
VERTEX
8
CUT
10
122.4683
20
202.4069
0
VERTEX
8
CUT
10
122.5350
20
202.8975
0
VERTEX
8
CUT
10
123.0374
20
203.7591
0
VERTEX
8
CUT
10
123.3507
20
204.0406
0
VERTEX
8
CUT
10
123.2010
20
204.5161
0
VERTEX
8
CUT
10
122.2964
20
204.7803
0
VERTEX
8
CUT
10
121.5521
20
205.1763
0
VERTEX
8
CUT
10
113.8088
20
209.8424
0
SEQEND
0
POLYLINE
8
CUT
66
1
70
1
10
0.0
20
0.0
30
0.0
0
VERTEX
8
CUT
10
117.9676
20
107.9676
0
VERTEX
8
CUT
10
118.3918
20
107.8464
0
VERTEX
8
CUT
10
117.5433
20
108.5130
0
VERTEX
8
CUT
10
115.4524
20
109.6039
0
SEQEND
0
POLYLINE
8
CUT
66
1
70
1
10
0.0
20
0.0
30
0.0
0
VERTEX
8
CUT
10
72.5888
20
127.7703
0
VERTEX
8
CUT
10
72.8023
20
127.1631
0
VERTEX
8
CUT
10
74.3091
20
122.5771
0
VERTEX
8
CUT
10
76.3355
20
118.0220
0
VERTEX
8
CUT
10
76.8305
20
116.8630
0
VERTEX
8
CUT
10
76.9938
20
116.5422
0
VERTEX
8
CUT
10
77.9832
20
114.3182
0
VERTEX
8
CUT
10
79.2468
20
112.1145
0
VERTEX
8
CUT
10
79.4913
20
111.6339
0
VERTEX
8
CUT
10
80.5576
20
109.8284
0
VERTEX
8
CUT
10
82.4897
20
106.4588
0
VERTEX
8
CUT
10
84.0349
20
104.3255
0
VERTEX
8
CUT
10
85.7351
20
101.8609
0
VERTEX
8
CUT
10
86.7125
20
100.6285
0
VERTEX
8
CUT
10
87.7867
20
99.1453
0
VERTEX
8
CUT
10
88.6550
20
98.1792
0
VERTEX
8
CUT
10
89.3356
20
97.3211
0
VERTEX
8
CUT
10
92.5743
20
93.8183
0
VERTEX
8
CUT
10
92.9288
20
93.4239
0
VERTEX
8
CUT
10
93.1327
20
93.1916
0
VERTEX
8
CUT
10
93.1619
20
93.1645
0
VERTEX
8
CUT
10
94.5362
20
91.6354
0
VERTEX
8
CUT
10
99.0085
20
87.4951
0
VERTEX
8
CUT
10
101.9486
20
85.1919
0
VERTEX
8
CUT
10
104.5908
20
83.4947
0
VERTEX
8
CUT
10
106.0790
20
82.4790
0
VERTEX
8
CUT
10
107.9877
20
81.3128
0
VERTEX
8
CUT
10
110.2158
20
79.8817
0
VERTEX
8
CUT
10
111.0526
20
79.4403
0
VERTEX
8
CUT
10
112.7540
20
78.4008
0
VERTEX
8
CUT
10
114.2866
20
77.6382
0
VERTEX
8
CUT
10
114.6266
20
77.6490
0
VERTEX
8
CUT
10
114.6414
20
77.6800
0
VERTEX
8
CUT
10
114.7632
20
77.6830
0
VERTEX
8
CUT
10
114.9563
20
78.0991
0
VERTEX
8
CUT
10
114.1542
20
81.2975
0
VERTEX
8
CUT
10
112.6697
20
90.3255
0
VERTEX
8
CUT
10
112.3942
20
94.8352
0
VERTEX
8
CUT
10
112.3040
20
107.3224
0
VERTEX
8
CUT
10
112.4281
20
108.9744
0
VERTEX
8
CUT
10
112.7119
20
109.9534
0
VERTEX
8
CUT
10
113.5503
20
110.5724
0
VERTEX
8
CUT
10
113.5826
20
111.0301
0
VERTEX
8
CUT
10
110.9308
20
113.1265
0
VERTEX
8
CUT
10
108.4827
20
115.2100
0
VERTEX
8
CUT
10
104.5984
20
119.1137
0
VERTEX
8
CUT
10
102.3938
20
121.8284
0
VERTEX
8
CUT
10
99.7983
20
125.7216
0
VERTEX
8
CUT
10
97.5736
20
129.9228
0
VERTEX
8
CUT
10
95.7174
20
134.2707
0
VERTEX
8
CUT
10
94.2856
20
138.7431
0
VERTEX
8
CUT
10
93.6076
20
141.5573
0
VERTEX
8
CUT
10
93.2158
20
141.6472
0
VERTEX
8
CUT
10
92.6066
20
141.1823
0
VERTEX
8
CUT
10
90.9542
20
141.6194
0
VERTEX
8
CUT
10
86.9613
20
143.6905
0
VERTEX
8
CUT
10
82.8290
20
146.2118
0
VERTEX
8
CUT
10
78.5748
20
149.1589
0
VERTEX
8
CUT
10
74.3839
20
152.4080
0
VERTEX
8
CUT
10
70.7080
20
155.5368
0
VERTEX
8
CUT
10
69.5624
20
156.9744
0
VERTEX
8
CUT
10
69.1638
20
157.1503
0
VERTEX
8
CUT
10
68.8448
20
156.8090
0
VERTEX
8
CUT
10
68.8253
20
154.9973
0
VERTEX
8
CUT
10
68.7852
20
154.6946
0
VERTEX
8
CUT
10
68.7843
20
151.1831
0
VERTEX
8
CUT
10
68.7537
20
148.3331
0
VERTEX
8
CUT
10
69.3139
20
142.9722
0
VERTEX
8
CUT
10
69.3589
20
142.4407
0
VERTEX
8
CUT
10
69.3992
20
142.1561
0
VERTEX
8
CUT
10
69.6646
20
139.6163
0
VERTEX
8
CUT
10
70.9651
20
133.6454
0
VERTEX
8
CUT
10
71.0175
20
133.3938
0
VERTEX
8
CUT
10
71.0281
20
133.3561
0
VERTEX
8
CUT
10
71.5404
20
131.0037
0
VERTEX
8
CUT
10
72.5091
20
128.0554
0
SEQEND
0
POLYLINE
8
CUT
66
1
70
1
10
0.0
20
0.0
30
0.0
0
VERTEX
8
CUT
10
94.7094
20
166.5547
0
VERTEX
8
CUT
10
97.6593
20
174.1236
0
VERTEX
8
CUT
10
100.4171
20
179.5180
0
VERTEX
8
CUT
10
101.9972
20
182.1626
0
VERTEX
8
CUT
10
105.4913
20
187.2378
0
VERTEX
8
CUT
10
107.4064
20
189.6402
0
VERTEX
8
CUT
10
107.4070
20
189.6408
0
VERTEX
8
CUT
10
109.1272
20
191.4724
0
VERTEX
8
CUT
10
109.3566
20
191.7166
0
VERTEX
8
CUT
10
109.3859
20
191.7478
0
VERTEX
8
CUT
10
109.4127
20
191.7764
0
VERTEX
8
CUT
10
110.7409
20
192.7735
0
VERTEX
8
CUT
10
110.8374
20
193.0964
0
VERTEX
8
CUT
10
110.7367
20
193.1861
0
VERTEX
8
CUT
10
110.8161
20
193.2706
0
VERTEX
8
CUT
10
110.2678
20
193.6037
0
VERTEX
8
CUT
10
110.0467
20
193.8007
0
VERTEX
8
CUT
10
109.4662
20
194.0908
0
VERTEX
8
CUT
10
108.4221
20
194.7252
0
VERTEX
8
CUT
10
106.3396
20
195.6532
0
VERTEX
8
CUT
10
105.4884
20
196.0786
0
VERTEX
8
CUT
10
103.6110
20
196.8486
0
VERTEX
8
CUT
10
101.9979
20
197.6948
0
VERTEX
8
CUT
10
100.8767
20
198.0585
0
VERTEX
8
CUT
10
100.8682
20
197.9736
0
VERTEX
8
CUT
10
98.2718
20
199.0385
0
VERTEX
8
CUT
10
91.4642
20
200.8542
0
VERTEX
8
CUT
10
88.1810
20
201.4314
0
VERTEX
8
CUT
10
87.7917
20
201.5164
0
VERTEX
8
CUT
10
87.5975
20
201.5340
0
VERTEX
8
CUT
10
85.2093
20
201.9539
0
VERTEX
8
CUT
10
84.8829
20
201.5858
0
VERTEX
8
CUT
10
85.1062
20
200.8124
0
VERTEX
8
CUT
10
84.0015
20
198.7174
0
VERTEX
8
CUT
10
80.5954
20
193.3931
0
VERTEX
8
CUT
10
77.1974
20
187.4186
0
VERTEX
8
CUT
10
76.2552
20
186.0814
0
VERTEX
8
CUT
10
75.8105
20
185.8339
0
VERTEX
8
CUT
10
75.6233
20
185.3118
0
VERTEX
8
CUT
10
76.8424
20
183.4132
0
VERTEX
8
CUT
10
77.2858
20
182.8543
0
VERTEX
8
CUT
10
77.4358
20
182.6129
0
VERTEX
8
CUT
10
78.5318
20
181.2755
0
VERTEX
8
CUT
10
80.1954
20
179.1254
0
VERTEX
8
CUT
10
80.6582
20
178.6043
0
VERTEX
8
CUT
10
81.9398
20
176.9892
0
VERTEX
8
CUT
10
82.5866
20
176.3274
0
VERTEX
8
CUT
10
83.7542
20
174.9026
0
VERTEX
8
CUT
10
87.6478
20
171.1484
0
VERTEX
8
CUT
10
89.7486
20
168.9987
0
VERTEX
8
CUT
10
93.0005
20
165.8090
0
VERTEX
8
CUT
10
93.9346
20
165.2060
0
VERTEX
8
CUT
10
94.2023
20
165.4020
0
SEQEND
0
POLYLINE
8
CUT
66
1
70
1
10
0.0
20
0.0
30
0.0
0
VERTEX
8
CUT
10
91.1772
20
151.1807
0
VERTEX
8
CUT
10
91.1127
20
151.1997
0
VERTEX
8
CUT
10
90.5143
20
151.4614
0
VERTEX
8
CUT
10
85.4429
20
155.1414
0
VERTEX
8
CUT
10
84.1572
20
156.1663
0
VERTEX
8
CUT
10
78.3688
20
161.4513
0
VERTEX
8
CUT
10
71.0448
20
168.9882
0
VERTEX
8
CUT
10
70.6881
20
169.0473
0
VERTEX
8
CUT
10
70.4362
20
168.7880
0
VERTEX
8
CUT
10
69.7483
20
164.7987
0
VERTEX
8
CUT
10
69.8689
20
164.4477
0
VERTEX
8
CUT
10
70.5289
20
164.4620
0
VERTEX
8
CUT
10
70.7814
20
164.4202
0
VERTEX
8
CUT
10
71.7971
20
163.7669
0
VERTEX
8
CUT
10
78.1010
20
158.5844
0
VERTEX
8
CUT
10
83.7305
20
154.3173
0
VERTEX
8
CUT
10
88.6197
20
151.1440
0
VERTEX
8
CUT
10
91.9088
20
148.8796
0
VERTEX
8
CUT
10
92.0636
20
148.9087
0
VERTEX
8
CUT
10
92.1654
20
148.8427
0
VERTEX
8
CUT
10
92.6483
20
148.9231
0
VERTEX
8
CUT
10
92.5469
20
151.0283
0
SEQEND
0
POLYLINE
8
CUT
66
1
70
1
10
0.0
20
0.0
30
0.0
0
VERTEX
8
CUT
10
51.6367
20
210.7131
0
VERTEX
8
CUT
10
51.6678
20
211.0763
0
VERTEX
8
CUT
10
51.7174
20
211.6563
0
VERTEX
8
CUT
10
51.7290
20
211.7921
0
VERTEX
8
CUT
10
51.7416
20
211.9392
0
VERTEX
8
CUT
10
51.8265
20
212.2218
0
VERTEX
8
CUT
10
52.2655
20
212.5550
0
VERTEX
8
CUT
10
52.7882
20
212.8971
0
VERTEX
8
CUT
10
56.9127
20
214.1097
0
VERTEX
8
CUT
10
65.9619
20
215.8109
0
VERTEX
8
CUT
10
69.6106
20
216.0984
0
VERTEX
8
CUT
10
72.3972
20
216.2003
0
VERTEX
8
CUT
10
72.9020
20
216.2188
0
VERTEX
8
CUT
10
75.6792
20
216.3204
0
VERTEX
8
CUT
10
75.9350
20
216.3297
0
VERTEX
8
CUT
10
80.7499
20
216.4269
0
VERTEX
8
CUT
10
82.8016
20
216.4545
0
VERTEX
8
CUT
10
82.8105
20
216.4684
0
VERTEX
8
CUT
10
83.3058
20
216.4784
0
VERTEX
8
CUT
10
83.5728
20
216.7282
0
VERTEX
8
CUT
10
83.6833
20
217.4374
0
VERTEX
8
CUT
10
83.6897
20
217.4524
0
VERTEX
8
CUT
10
83.7081
20
217.4961
0
VERTEX
8
CUT
10
83.7144
20
217.5109
0
VERTEX
8
CUT
10
83.8934
20
217.9335
0
VERTEX
8
CUT
10
85.7534
20
220.0591
0
VERTEX
8
CUT
10
85.6194
20
220.6036
0
VERTEX
8
CUT
10
81.8387
20
220.6831
0
VERTEX
8
CUT
10
81.7069
20
220.6976
0
VERTEX
8
CUT
10
75.7195
20
220.8484
0
VERTEX
8
CUT
10
75.1164
20
220.8245
0
VERTEX
8
CUT
10
73.9942
20
220.8482
0
VERTEX
8
CUT
10
69.7027
20
220.6360
0
VERTEX
8
CUT
10
65.7061
20
220.1251
0
VERTEX
8
CUT
10
58.6902
20
218.6135
0
VERTEX
8
CUT
10
54.1940
20
217.3164
0
VERTEX
8
CUT
10
50.8302
20
216.0120
0
VERTEX
8
CUT
10
49.6923
20
215.4084
0
VERTEX
8
CUT
10
49.1531
20
214.9034
0
VERTEX
8
CUT
10
48.9842
20
214.7687
0
VERTEX
8
CUT
10
48.9798
20
214.7412
0
VERTEX
8
CUT
10
48.7064
20
214.4851
0
VERTEX
8
CUT
10
48.5612
20
212.0887
0
VERTEX
8
CUT
10
48.4507
20
211.3887
0
VERTEX
8
CUT
10
48.4335
20
209.9817
0
VERTEX
8
CUT
10
48.4201
20
209.7607
0
VERTEX
8
CUT
10
48.4277
20
209.5096
0
VERTEX
8
CUT
10
48.3910
20
206.5039
0
VERTEX
8
CUT
10
48.6031
20
203.7373
0
VERTEX
8
CUT
10
48.6313
20
202.8101
0
VERTEX
8
CUT
10
48.9905
20
199.5064
0
VERTEX
8
CUT
10
49.5682
20
196.9176
0
VERTEX
8
CUT
10
51.1922
20
191.6245
0
VERTEX
8
CUT
10
51.5235
20
190.8170
0
VERTEX
8
CUT
10
51.5343
20
190.7837
0
VERTEX
8
CUT
10
51.6933
20
190.4029
0
VERTEX
8
CUT
10
53.3367
20
186.3970
0
VERTEX
8
CUT
10
55.8405
20
181.6285
0
VERTEX
8
CUT
10
58.4063
20
177.5281
0
VERTEX
8
CUT
10
58.9052
20
176.2045
0
VERTEX
8
CUT
10
59.2277
20
175.8647
0
VERTEX
8
CUT
10
59.6254
20
176.0459
0
VERTEX
8
CUT
10
60.8122
20
179.8826
0
VERTEX
8
CUT
10
61.1822
20
180.4130
0
VERTEX
8
CUT
10
61.9646
20
180.7116
0
VERTEX
8
CUT
10
62.0638
20
181.0670
0
VERTEX
8
CUT
10
59.9292
20
184.9688
0
VERTEX
8
CUT
10
57.3841
20
190.2711
0
VERTEX
8
CUT
10
54.4382
20
197.5587
0
VERTEX
8
CUT
10
53.0652
20
202.3480
0
VERTEX
8
CUT
10
52.1847
20
206.4227
0
VERTEX
8
CUT
10
52.0841
20
207.1102
0
VERTEX
8
CUT
10
52.0546
20
207.3122
0
VERTEX
8
CUT
10
52.0408
20
207.4062
0
VERTEX
8
CUT
10
51.8795
20
208.5090
0
VERTEX
8
CUT
10
51.6364
20
210.4012
0
SEQEND
0
POLYLINE
8
CUT
66
1
70
1
10
0.0
20
0.0
30
0.0
0
VERTEX
8
CUT
10
79.6342
20
202.4827
0
VERTEX
8
CUT
10
77.9373
20
202.6342
0
VERTEX
8
CUT
10
74.9979
20
202.5433
0
VERTEX
8
CUT
10
74.4524
20
202.1797
0
VERTEX
8
CUT
10
74.9979
20
201.8161
0
VERTEX
8
CUT
10
79.3615
20
201.8161
0
VERTEX
8
CUT
10
79.9070
20
202.1797
0
SEQEND
0
POLYLINE
8
CUT
66
1
70
1
10
0.0
20
0.0
30
0.0
0
VERTEX
8
CUT
10
68.2395
20
201.8055
0
VERTEX
8
CUT
10
67.9178
20
201.5273
0
VERTEX
8
CUT
10
67.9668
20
200.4860
0
VERTEX
8
CUT
10
68.9546
20
198.0406
0
VERTEX
8
CUT
10
69.0758
20
197.7027
0
VERTEX
8
CUT
10
69.1221
20
197.6258
0
VERTEX
8
CUT
10
69.2111
20
197.4054
0
VERTEX
8
CUT
10
69.2739
20
197.3739
0
VERTEX
8
CUT
10
69.3177
20
197.3012
0
VERTEX
8
CUT
10
69.4437
20
197.2886
0
VERTEX
8
CUT
10
69.5359
20
197.2422
0
VERTEX
8
CUT
10
69.5929
20
197.2737
0
VERTEX
8
CUT
10
69.6793
20
197.2650
0
VERTEX
8
CUT
10
69.7261
20
197.3471
0
VERTEX
8
CUT
10
69.8542
20
197.4177
0
VERTEX
8
CUT
10
70.7109
20
199.0363
0
VERTEX
8
CUT
10
72.6419
20
201.6721
0
VERTEX
8
CUT
10
72.5090
20
202.1837
0
VERTEX
8
CUT
10
70.2591
20
202.0676
0
VERTEX
8
CUT
10
69.9067
20
202.0623
0
VERTEX
8
CUT
10
69.7908
20
202.0434
0
VERTEX
8
CUT
10
68.9738
20
202.0012
0
SEQEND
0
POLYLINE
8
CUT
66
1
70
1
10
0.0
20
0.0
30
0.0
0
VERTEX
8
CUT
10
56.6528
20
233.7928
0
VERTEX
8
CUT
10
56.4890
20
233.4226
0
VERTEX
8
CUT
10
56.8035
20
232.7892
0
VERTEX
8
CUT
10
57.0261
20
231.4403
0
VERTEX
8
CUT
10
56.9353
20
226.1230
0
VERTEX
8
CUT
10
56.6636
20
225.4563
0
VERTEX
8
CUT
10
57.0577
20
225.2114
0
VERTEX
8
CUT
10
61.6958
20
226.2362
0
VERTEX
8
CUT
10
69.3504
20
227.3363
0
VERTEX
8
CUT
10
69.4459
20
227.8860
0
VERTEX
8
CUT
10
68.8503
20
228.1580
0
VERTEX
8
CUT
10
68.4900
20
228.6080
0
VERTEX
8
CUT
10
68.3802
20
228.9381
0
VERTEX
8
CUT
10
68.1671
20
231.8272
0
VERTEX
8
CUT
10
68.0948
20
233.2410
0
VERTEX
8
CUT
10
68.0616
20
233.2568
0
VERTEX
8
CUT
10
68.0335
20
233.6373
0
VERTEX
8
CUT
10
67.6327
20
233.8042
0
VERTEX
8
CUT
10
66.6173
20
233.1565
0
VERTEX
8
CUT
10
64.7291
20
233.0606
0
SEQEND
0
POLYLINE
8
CUT
66
1
70
1
10
0.0
20
0.0
30
0.0
0
VERTEX
8
CUT
10
59.1424
20
240.9672
0
VERTEX
8
CUT
10
64.3021
20
239.9330
0
VERTEX
8
CUT
10
66.2693
20
239.2150
0
VERTEX
8
CUT
10
66.7166
20
239.4766
0
VERTEX
8
CUT
10
66.1479
20
240.9121
0
VERTEX
8
CUT
10
66.1121
20
241.0540
0
VERTEX
8
CUT
10
65.9900
20
241.3107
0
VERTEX
8
CUT
10
65.6045
20
242.2837
0
VERTEX
8
CUT
10
63.3263
20
246.7812
0
VERTEX
8
CUT
10
63.0917
20
246.9591
0
VERTEX
8
CUT
10
62.6854
20
246.8248
0
VERTEX
8
CUT
10
59.9926
20
242.5809
0
VERTEX
8
CUT
10
59.0313
20
241.6531
0
VERTEX
8
CUT
10
58.8767
20
241.2761
0
SEQEND
0
POLYLINE
8
CUT
66
1
70
1
10
0.0
20
0.0
30
0.0
0
VERTEX
8
CUT
10
45.7220
20
259.8191
0
VERTEX
8
CUT
10
44.4643
20
259.9176
0
VERTEX
8
CUT
10
43.8976
20
259.9738
0
VERTEX
8
CUT
10
43.8884
20
259.9627
0
VERTEX
8
CUT
10
43.8059
20
259.9691
0
VERTEX
8
CUT
10
43.6639
20
259.6937
0
VERTEX
8
CUT
10
43.5731
20
259.5849
0
VERTEX
8
CUT
10
43.5769
20
259.5249
0
VERTEX
8
CUT
10
43.4923
20
259.3609
0
VERTEX
8
CUT
10
43.5098
20
258.5479
0
VERTEX
8
CUT
10
44.2949
20
254.0090
0
VERTEX
8
CUT
10
45.3823
20
250.1770
0
VERTEX
8
CUT
10
47.4918
20
245.1781
0
VERTEX
8
CUT
10
48.1620
20
244.0323
0
VERTEX
8
CUT
10
48.3881
20
243.8091
0
VERTEX
8
CUT
10
48.3911
20
243.8041
0
VERTEX
8
CUT
10
48.4265
20
243.7711
0
VERTEX
8
CUT
10
49.0695
20
243.1363
0
VERTEX
8
CUT
10
49.1286
20
243.1182
0
VERTEX
8
CUT
10
49.1900
20
243.0610
0
VERTEX
8
CUT
10
50.1958
20
242.7502
0
VERTEX
8
CUT
10
50.3561
20
242.7429
0
VERTEX
8
CUT
10
50.5489
20
242.6840
0
VERTEX
8
CUT
10
53.7302
20
242.1323
0
VERTEX
8
CUT
10
54.1277
20
242.5247
0
VERTEX
8
CUT
10
53.6044
20
243.2264
0
VERTEX
8
CUT
10
53.4867
20
243.7315
0
VERTEX
8
CUT
10
53.7832
20
244.8447
0
VERTEX
8
CUT
10
53.9897
20
245.3400
0
VERTEX
8
CUT
10
56.4497
20
249.9165
0
VERTEX
8
CUT
10
58.2727
20
252.4649
0
VERTEX
8
CUT
10
58.2621
20
252.8363
0
VERTEX
8
CUT
10
57.7291
20
253.1013
0
VERTEX
8
CUT
10
55.4614
20
254.6508
0
VERTEX
8
CUT
10
53.0281
20
256.4622
0
VERTEX
8
CUT
10
51.8939
20
257.0884
0
VERTEX
8
CUT
10
51.2386
20
257.5361
0
VERTEX
8
CUT
10
50.5080
20
257.8534
0
VERTEX
8
CUT
10
49.2834
20
258.5294
0
SEQEND
0
POLYLINE
8
CUT
66
1
70
1
10
0.0
20
0.0
30
0.0
0
VERTEX
8
CUT
10
247.9064
20
300.3897
0
VERTEX
8
CUT
10
290.0216
20
300.2451
0
VERTEX
8
CUT
10
294.9843
20
300.1481
0
VERTEX
8
CUT
10
298.3433
20
300.0457
0
VERTEX
8
CUT
10
299.2598
20
299.8804
0
VERTEX
8
CUT
10
299.3959
20
299.1669
0
VERTEX
8
CUT
10
299.4513
20
297.6333
0
VERTEX
8
CUT
10
299.4779
20
296.8991
0
VERTEX
8
CUT
10
299.4958
20
296.4040
0
VERTEX
8
CUT
10
299.5613
20
294.5921
0
VERTEX
8
CUT
10
299.6391
20
290.6016
0
VERTEX
8
CUT
10
299.6397
20
290.4320
0
VERTEX
8
CUT
10
299.6427
20
289.5477
0
VERTEX
8
CUT
10
299.6432
20
289.3887
0
VERTEX
8
CUT
10
299.7830
20
248.5389
0
VERTEX
8
CUT
10
299.7683
20
48.3786
0
VERTEX
8
CUT
10
299.6927
20
12.5701
0
VERTEX
8
CUT
10
299.6016
20
5.2310
0
VERTEX
8
CUT
10
299.2946
20
0.6776
0
VERTEX
8
CUT
10
299.0593
20
0.5238
0
VERTEX
8
CUT
10
298.9729
20
0.5064
0
VERTEX
8
CUT
10
298.8273
20
0.4770
0
VERTEX
8
CUT
10
298.7638
20
0.4641
0
VERTEX
8
CUT
10
298.5286
20
0.4166
0
VERTEX
8
CUT
10
297.7551
20
0.3332
0
VERTEX
8
CUT
10
277.9618
20
0.1331
0
VERTEX
8
CUT
10
273.5737
20
0.1123
0
VERTEX
8
CUT
10
265.5680
20
0.0909
0
VERTEX
8
CUT
10
94.0459
20
0.0909
0
VERTEX
8
CUT
10
42.4773
20
0.1102
0
VERTEX
8
CUT
10
6.5958
20
0.2729
0
VERTEX
8
CUT
10
1.3319
20
0.5053
0
VERTEX
8
CUT
10
1.1115
20
0.5620
0
VERTEX
8
CUT
10
1.0930
20
0.5667
0
VERTEX
8
CUT
10
1.0895
20
0.5676
0
VERTEX
8
CUT
10
1.0118
20
0.5876
0
VERTEX
8
CUT
10
0.7881
20
0.7533
0
VERTEX
8
CUT
10
0.5153
20
5.2310
0
VERTEX
8
CUT
10
0.4243
20
12.5701
0
VERTEX
8
CUT
10
0.3333
20
43.6332
0
VERTEX
8
CUT
10
0.3200
20
125.7966
0
VERTEX
8
CUT
10
0.3321
20
244.2402
0
VERTEX
8
CUT
10
0.4243
20
287.8499
0
VERTEX
8
CUT
10
0.5884
20
296.2720
0
VERTEX
8
CUT
10
0.7474
20
298.6301
0
VERTEX
8
CUT
10
0.8022
20
299.4434
0
VERTEX
8
CUT
10
0.8184
20
299.6825
0
VERTEX
8
CUT
10
0.8236
20
299.7604
0
VERTEX
8
CUT
10
0.8402
20
299.8522
0
VERTEX
8
CUT
10
2.0019
20
300.0869
0
VERTEX
8
CUT
10
5.4862
20
300.1550
0
VERTEX
8
CUT
10
11.8438
20
300.2685
0
VERTEX
8
CUT
10
63.1388
20
300.4053
0
VERTEX
8
CUT
10
69.9573
20
300.4198
0
VERTEX
8
CUT
10
95.2289
20
300.4157
0
SEQEND
0
POLYLINE
8
CUT
66
1
70
1
10
0.0
20
0.0
30
0.0
0
VERTEX
8
CUT
10
293.0925
20
294.5054
0
VERTEX
8
CUT
10
293.0890
20
294.5095
0
VERTEX
8
CUT
10
291.6712
20
294.6368
0
VERTEX
8
CUT
10
277.3998
20
294.8048
0
VERTEX
8
CUT
10
277.3140
20
294.7124
0
VERTEX
8
CUT
10
275.9209
20
294.7307
0
VERTEX
8
CUT
10
275.5301
20
294.3389
0
VERTEX
8
CUT
10
275.8479
20
293.9574
0
VERTEX
8
CUT
10
288.5244
20
292.3553
0
VERTEX
8
CUT
10
290.0263
20
291.9144
0
VERTEX
8
CUT
10
290.0467
20
291.9046
0
VERTEX
8
CUT
10
290.3320
20
291.6700
0
VERTEX
8
CUT
10
290.6243
20
291.1763
0
VERTEX
8
CUT
10
291.1752
20
289.1813
0
VERTEX
8
CUT
10
291.8144
20
285.1514
0
VERTEX
8
CUT
10
291.8997
20
284.4602
0
VERTEX
8
CUT
10
291.9015
20
284.4459
0
VERTEX
8
CUT
10
291.9041
20
284.4252
0
VERTEX
8
CUT
10
291.9054
20
284.4143
0
VERTEX
8
CUT
10
292.0666
20
282.6080
0
VERTEX
8
CUT
10
292.0788
20
281.9610
0
VERTEX
8
CUT
10
292.1399
20
278.6993
0
VERTEX
8
CUT
10
292.1463
20
278.3579
0
VERTEX
8
CUT
10
292.1472
20
278.3065
0
VERTEX
8
CUT
10
291.5370
20
274.5010
0
VERTEX
8
CUT
10
290.5823
20
271.8488
0
VERTEX
8
CUT
10
288.8823
20
268.3255
0
VERTEX
8
CUT
10
289.0222
20
268.0252
0
VERTEX
8
CUT
10
289.7295
20
267.6834
0
VERTEX
8
CUT
10
290.4797
20
266.5323
0
VERTEX
8
CUT
10
291.8464
20
263.3489
0
VERTEX
8
CUT
10
292.5758
20
260.0883
0
VERTEX
8
CUT
10
292.6594
20
256.8397
0
VERTEX
8
CUT
10
292.4423
20
255.1517
0
VERTEX
8
CUT
10
291.4922
20
251.7595
0
VERTEX
8
CUT
10
290.8160
20
250.1183
0
VERTEX
8
CUT
10
290.7688
20
250.0140
0
VERTEX
8
CUT
10
288.9241
20
246.7639
0
VERTEX
8
CUT
10
289.1018
20
246.4475
0
VERTEX
8
CUT
10
289.8487
20
246.1099
0
VERTEX
8
CUT
10
290.5036
20
245.1787
0
VERTEX
8
CUT
10
291.8365
20
242.0847
0
VERTEX
8
CUT
10
292.4502
20
239.0069
0
VERTEX
8
CUT
10
292.4806
20
235.0540
0
VERTEX
8
CUT
10
292.1762
20
232.6396
0
VERTEX
8
CUT
10
291.6324
20
230.7861
0
VERTEX
8
CUT
10
291.6152
20
230.7475
0
VERTEX
8
CUT
10
291.6105
20
230.7370
0
VERTEX
8
CUT
10
291.5926
20
230.6969
0
VERTEX
8
CUT
10
291.5922
20
230.6960
0
VERTEX
8
CUT
10
288.7140
20
225.2577
0
VERTEX
8
CUT
10
288.8857
20
224.9406
0
VERTEX
8
CUT
10
289.5689
20
224.7950
0
VERTEX
8
CUT
10
290.0263
20
224.4096
0
VERTEX
8
CUT
10
290.8096
20
223.1444
0
VERTEX
8
CUT
10
291.6408
20
221.2126
0
VERTEX
8
CUT
10
292.5963
20
217.1688
0
VERTEX
8
CUT
10
292.6921
20
215.1083
0
VERTEX
8
CUT
10
292.5652
20
213.0058
0
VERTEX
8
CUT
10
291.5658
20
208.9783
0
VERTEX
8
CUT
10
289.2896
20
204.3636
0
VERTEX
8
CUT
10
289.4204
20
204.0584
0
VERTEX
8
CUT
10
290.3281
20
203.3892
0
VERTEX
8
CUT
10
290.7023
20
202.7861
0
VERTEX
8
CUT
10
291.4687
20
201.2497
0
VERTEX
8
CUT
10
292.3773
20
198.6152
0
VERTEX
8
CUT
10
292.7270
20
195.9021
0
VERTEX
8
CUT
10
292.7691
20
194.6669
0
VERTEX
8
CUT
10
292.7229
20
192.0478
0
VERTEX
8
CUT
10
292.3799
20
190.0554
0
VERTEX
8
CUT
10
291.5466
20
187.7218
0
VERTEX
8
CUT
10
291.4982
20
187.6133
0
VERTEX
8
CUT
10
291.4663
20
187.5416
0
VERTEX
8
CUT
10
291.4391
20
187.4806
0
VERTEX
8
CUT
10
291.3318
20
187.2400
0
VERTEX
8
CUT
10
289.2495
20
183.2249
0
VERTEX
8
CUT
10
289.4313
20
182.9032
0
VERTEX
8
CUT
10
290.0711
20
182.7046
0
VERTEX
8
CUT
10
290.7433
20
181.8794
0
VERTEX
8
CUT
10
292.1096
20
178.8413
0
VERTEX
8
CUT
10
292.7233
20
175.8776
0
VERTEX
8
CUT
10
292.7837
20
172.0870
0
VERTEX
8
CUT
10
292.3569
20
169.3888
0
VERTEX
8
CUT
10
291.9468
20
168.0321
0
VERTEX
8
CUT
10
290.7641
20
165.4244
0
VERTEX
8
CUT
10
288.9314
20
162.4076
0
VERTEX
8
CUT
10
289.1273
20
162.0630
0
VERTEX
8
CUT
10
289.7821
20
162.0480
0
VERTEX
8
CUT
10
290.0634
20
161.8392
0
VERTEX
8
CUT
10
290.1989
20
161.6876
0
VERTEX
8
CUT
10
291.5526
20
158.9642
0
VERTEX
8
CUT
10
292.3880
20
156.0861
0
VERTEX
8
CUT
10
292.7740
20
152.4203
0
VERTEX
8
CUT
10
292.7645
20
151.2324
0
VERTEX
8
CUT
10
292.6880
20
149.9525
0
VERTEX
8
CUT
10
291.8093
20
146.0133
0
VERTEX
8
CUT
10
290.9986
20
144.0149
0
VERTEX
8
CUT
10
289.3674
20
141.0010
0
VERTEX
8
CUT
10
289.6030
20
140.6443
0
VERTEX
8
CUT
10
290.3327
20
140.5313
0
VERTEX
8
CUT
10
290.9957
20
139.7727
0
VERTEX
8
CUT
10
292.3457
20
136.1947
0
VERTEX
8
CUT
10
292.3713
20
136.0541
0
VERTEX
8
CUT
10
292.7154
20
133.5781
0
VERTEX
8
CUT
10
292.6628
20
130.0556
0
VERTEX
8
CUT
10
292.2238
20
127.9511
0
VERTEX
8
CUT
10
291.5458
20
125.9268
0
VERTEX
8
CUT
10
289.0917
20
121.4109
0
VERTEX
8
CUT
10
289.2317
20
121.1138
0
VERTEX
8
CUT
10
290.0174
20
120.8124
0
VERTEX
8
CUT
10
290.3879
20
120.4203
0
VERTEX
8
CUT
10
290.8113
20
119.5886
0
VERTEX
8
CUT
10
291.6938
20
117.3112
0
VERTEX
8
CUT
10
291.8107
20
116.9752
0
VERTEX
8
CUT
10
292.4566
20
113.4065
0
VERTEX
8
CUT
10
292.5090
20
112.1225
0
VERTEX
8
CUT
10
292.5089
20
112.0558
0
VERTEX
8
CUT
10
292.4514
20
111.2856
0
VERTEX
8
CUT
10
292.4505
20
111.2735
0
VERTEX
8
CUT
10
292.4456
20
111.2082
0
VERTEX
8
CUT
10
292.4088
20
110.7148
0
VERTEX
8
CUT
10
291.7980
20
107.5231
0
VERTEX
8
CUT
10
291.1209
20
105.6530
0
VERTEX
8
CUT
10
288.8803
20
101.3563
0
VERTEX
8
CUT
10
289.0523
20
101.0250
0
VERTEX
8
CUT
10
289.7681
20
100.7652
0
VERTEX
8
CUT
10
290.3774
20
100.0339
0
VERTEX
8
CUT
10
291.6453
20
97.4448
0
VERTEX
8
CUT
10
292.4462
20
94.2214
0
VERTEX
8
CUT
10
292.6607
20
91.6042
0
VERTEX
8
CUT
10
292.6607
20
91.5770
0
VERTEX
8
CUT
10
292.6607
20
91.5765
0
VERTEX
8
CUT
10
292.6607
20
91.5723
0
VERTEX
8
CUT
10
292.6607
20
91.5596
0
VERTEX
8
CUT
10
292.5604
20
89.4306
0
VERTEX
8
CUT
10
292.3544
20
88.0733
0
VERTEX
8
CUT
10
292.1012
20
86.7962
0
VERTEX
8
CUT
10
290.9983
20
84.0751
0
VERTEX
8
CUT
10
288.7988
20
80.3191
0
VERTEX
8
CUT
10
288.9973
20
79.9739
0
VERTEX
8
CUT
10
289.8702
20
79.8261
0
VERTEX
8
CUT
10
290.3090
20
79.4066
0
VERTEX
8
CUT
10
291.2374
20
77.7240
0
VERTEX
8
CUT
10
291.8521
20
76.1691
0
VERTEX
8
CUT
10
292.2054
20
75.0614
0
VERTEX
8
CUT
10
292.7714
20
71.1871
0
VERTEX
8
CUT
10
292.7709
20
71.1371
0
VERTEX
8
CUT
10
292.7697
20
71.0174
0
VERTEX
8
CUT
10
292.7695
20
70.9951
0
VERTEX
8
CUT
10
292.7681
20
70.8472
0
VERTEX
8
CUT
10
292.6497
20
68.7306
0
VERTEX
8
CUT
10
292.4926
20
67.8272
0
VERTEX
8
CUT
10
291.9892
20
65.7332
0
VERTEX
8
CUT
10
290.8205
20
62.9312
0
VERTEX
8
CUT
10
289.1548
20
59.8429
0
VERTEX
8
CUT
10
289.2812
20
59.5331
0
VERTEX
8
CUT
10
289.8285
20
59.4025
0
VERTEX
8
CUT
10
290.4058
20
58.7639
0
VERTEX
8
CUT
10
291.3049
20
56.9211
0
VERTEX
8
CUT
10
291.6557
20
55.9808
0
VERTEX
8
CUT
10
292.2673
20
54.0223
0
VERTEX
8
CUT
10
292.6308
20
50.9318
0
VERTEX
8
CUT
10
292.5412
20
47.5380
0
VERTEX
8
CUT
10
292.2572
20
45.5958
0
VERTEX
8
CUT
10
290.9511
20
41.9516
0
VERTEX
8
CUT
10
289.4087
20
38.9683
0
VERTEX
8
CUT
10
289.5960
20
38.6116
0
VERTEX
8
CUT
10
290.5516
20
38.4996
0
VERTEX
8
CUT
10
290.9204
20
38.0756
0
VERTEX
8
CUT
10
291.4781
20
36.5468
0
VERTEX
8
CUT
10
291.8753
20
34.0993
0
VERTEX
8
CUT
10
291.9364
20
33.6870
0
VERTEX
8
CUT
10
292.0019
20
31.3712
0
VERTEX
8
CUT
10
291.9391
20
29.6356
0
VERTEX
8
CUT
10
291.7703
20
27.8926
0
VERTEX
8
CUT
10
291.5158
20
27.0805
0
VERTEX
8
CUT
10
291.1446
20
26.7025
0
VERTEX
8
CUT
10
290.3701
20
27.0119
0
VERTEX
8
CUT
10
290.0130
20
26.6383
0
VERTEX
8
CUT
10
290.9637
20
22.5405
0
VERTEX
8
CUT
10
291.4202
20
19.1760
0
VERTEX
8
CUT
10
291.4228
20
19.1389
0
VERTEX
8
CUT
10
291.4321
20
19.0062
0
VERTEX
8
CUT
10
291.4669
20
18.5101
0
VERTEX
8
CUT
10
291.5100
20
17.8968
0
VERTEX
8
CUT
10
291.5371
20
17.1261
0
VERTEX
8
CUT
10
291.5019
20
14.3442
0
VERTEX
8
CUT
10
291.1634
20
11.0421
0
VERTEX
8
CUT
10
290.5196
20
9.4805
0
VERTEX
8
CUT
10
290.0512
20
9.0784
0
VERTEX
8
CUT
10
288.9465
20
8.8487
0
VERTEX
8
CUT
10
285.5485
20
8.8182
0
VERTEX
8
CUT
10
283.4334
20
8.9704
0
VERTEX
8
CUT
10
282.9530
20
9.1715
0
VERTEX
8
CUT
10
282.7590
20
9.8061
0
VERTEX
8
CUT
10
283.1335
20
10.8319
0
VERTEX
8
CUT
10
282.9517
20
11.1081
0
VERTEX
8
CUT
10
282.6597
20
11.1559
0
VERTEX
8
CUT
10
279.6911
20
9.0753
0
VERTEX
8
CUT
10
278.7376
20
8.5854
0
VERTEX
8
CUT
10
278.7100
20
8.5713
0
VERTEX
8
CUT
10
278.6648
20
8.5480
0
VERTEX
8
CUT
10
278.6561
20
8.5436
0
VERTEX
8
CUT
10
277.4239
20
7.9920
0
VERTEX
8
CUT
10
274.6683
20
7.2347
0
VERTEX
8
CUT
10
272.6145
20
7.0475
0
VERTEX
8
CUT
10
272.3506
20
6.8603
0
VERTEX
8
CUT
10
272.0774
20
7.0476
0
VERTEX
8
CUT
10
269.9370
20
7.1844
0
VERTEX
8
CUT
10
267.4775
20
7.7602
0
VERTEX
8
CUT
10
264.9395
20
8.7166
0
VERTEX
8
CUT
10
262.6172
20
10.0216
0
VERTEX
8
CUT
10
262.2871
20
10.3771
0
VERTEX
8
CUT
10
262.1978
20
10.9815
0
VERTEX
8
CUT
10
261.8772
20
11.1699
0
VERTEX
8
CUT
10
257.1919
20
8.3819
0
VERTEX
8
CUT
10
255.2489
20
7.5859
0
VERTEX
8
CUT
10
253.3086
20
7.2425
0
VERTEX
8
CUT
10
246.3765
20
7.1268
0
VERTEX
8
CUT
10
246.3116
20
7.1585
0
VERTEX
8
CUT
10
246.2225
20
7.3100
0
VERTEX
8
CUT
10
244.1062
20
8.2341
0
VERTEX
8
CUT
10
242.2694
20
9.1299
0
VERTEX
8
CUT
10
240.0063
20
10.8219
0
VERTEX
8
CUT
10
235.9460
20
8.3359
0
VERTEX
8
CUT
10
235.9026
20
8.3102
0
VERTEX
8
CUT
10
235.8964
20
8.3065
0
VERTEX
8
CUT
10
235.8931
20
8.3045
0
VERTEX
8
CUT
10
235.8747
20
8.2937
0
VERTEX
8
CUT
10
232.8118
20
7.3955
0
VERTEX
8
CUT
10
229.5921
20
7.1215
0
VERTEX
8
CUT
10
226.6626
20
7.4640
0
VERTEX
8
CUT
10
223.4603
20
8.6834
0
VERTEX
8
CUT
10
221.8476
20
10.1707
0
VERTEX
8
CUT
10
216.0186
20
7.5011
0
VERTEX
8
CUT
10
213.2030
20
6.9389
0
VERTEX
8
CUT
10
212.9346
20
6.5260
0
VERTEX
8
CUT
10
213.3223
20
6.1776
0
VERTEX
8
CUT
10
272.0157
20
6.2727
0
VERTEX
8
CUT
10
272.3515
20
6.4671
0
VERTEX
8
CUT
10
272.6884
20
6.2744
0
VERTEX
8
CUT
10
282.2407
20
6.2988
0
VERTEX
8
CUT
10
292.6515
20
6.5095
0
VERTEX
8
CUT
10
293.3075
20
6.6258
0
VERTEX
8
CUT
10
293.5170
20
6.8804
0
VERTEX
8
CUT
10
293.5209
20
7.0229
0
VERTEX
8
CUT
10
293.5827
20
7.1140
0
VERTEX
8
CUT
10
293.6017
20
9.9815
0
VERTEX
8
CUT
10
293.8182
20
17.9066
0
VERTEX
8
CUT
10
293.9091
20
47.8776
0
VERTEX
8
CUT
10
293.9091
20
127.6217
0
VERTEX
8
CUT
10
293.9394
20
203.4521
0
VERTEX
8
CUT
10
293.9091
20
216.5737
0
VERTEX
8
CUT
10
293.9091
20
245.0878
0
VERTEX
8
CUT
10
293.7576
20
287.7248
0
VERTEX
8
CUT
10
293.6049
20
294.1454
0
VERTEX
8
CUT
10
293.3114
20
294.5025
0
SEQEND
0
POLYLINE
8
CUT
66
1
70
1
10
0.0
20
0.0
30
0.0
0
VERTEX
8
CUT
10
286.9070
20
33.9979
0
VERTEX
8
CUT
10
287.2403
20
33.9070
0
VERTEX
8
CUT
10
287.5736
20
34.3312
0
VERTEX
8
CUT
10
288.1797
20
36.3009
0
VERTEX
8
CUT
10
288.9676
20
37.9373
0
VERTEX
8
CUT
10
286.7555
20
35.2100
0
VERTEX
8
CUT
10
286.6039
20
34.7858
0
VERTEX
8
CUT
10
286.6948
20
34.3312
0
SEQEND
0
POLYLINE
8
CUT
66
1
70
1
10
0.0
20
0.0
30
0.0
0
VERTEX
8
CUT
10
281.6638
20
175.1294
0
VERTEX
8
CUT
10
281.1632
20
174.8537
0
VERTEX
8
CUT
10
280.7381
20
174.9463
0
VERTEX
8
CUT
10
280.3209
20
174.7435
0
VERTEX
8
CUT
10
280.3670
20
174.3133
0
VERTEX
8
CUT
10
285.5390
20
167.9996
0
VERTEX
8
CUT
10
286.0676
20
167.9667
0
VERTEX
8
CUT
10
287.2112
20
170.6339
0
VERTEX
8
CUT
10
287.5746
20
173.5903
0
VERTEX
8
CUT
10
287.3411
20
176.4804
0
VERTEX
8
CUT
10
286.5756
20
179.3733
0
VERTEX
8
CUT
10
286.0192
20
179.4157
0
SEQEND
0
POLYLINE
8
CUT
66
1
70
1
10
0.0
20
0.0
30
0.0
0
VERTEX
8
CUT
10
284.3966
20
190.2294
0
VERTEX
8
CUT
10
285.2369
20
188.5990
0
VERTEX
8
CUT
10
285.7564
20
188.5320
0
VERTEX
8
CUT
10
286.1220
20
189.1855
0
VERTEX
8
CUT
10
286.1403
20
189.1852
0
VERTEX
8
CUT
10
286.2595
20
189.4312
0
VERTEX
8
CUT
10
287.0195
20
190.7897
0
VERTEX
8
CUT
10
287.5464
20
193.5162
0
VERTEX
8
CUT
10
287.3937
20
196.4939
0
VERTEX
8
CUT
10
287.2217
20
197.0639
0
VERTEX
8
CUT
10
287.2193
20
197.0897
0
VERTEX
8
CUT
10
287.1470
20
197.3118
0
VERTEX
8
CUT
10
286.2955
20
200.1337
0
VERTEX
8
CUT
10
285.7447
20
200.1693
0
VERTEX
8
CUT
10
282.5430
20
196.7004
0
VERTEX
8
CUT
10
282.3860
20
196.5436
0
VERTEX
8
CUT
10
280.9063
20
195.4367
0
VERTEX
8
CUT
10
280.4612
20
195.2843
0
VERTEX
8
CUT
10
280.4911
20
194.8481
0
SEQEND
0
POLYLINE
8
CUT
66
1
70
1
10
0.0
20
0.0
30
0.0
0
VERTEX
8
CUT
10
285.2821
20
65.3175
0
VERTEX
8
CUT
10
285.7992
20
65.2728
0
VERTEX
8
CUT
10
285.9051
20
65.4846
0
VERTEX
8
CUT
10
285.9480
20
65.4804
0
VERTEX
8
CUT
10
286.5140
20
66.4150
0
VERTEX
8
CUT
10
286.8340
20
67.3424
0
VERTEX
8
CUT
10
287.1228
20
67.9201
0
VERTEX
8
CUT
10
287.5455
20
70.3633
0
VERTEX
8
CUT
10
287.3919
20
72.7719
0
VERTEX
8
CUT
10
286.2924
20
76.6518
0
VERTEX
8
CUT
10
285.7494
20
76.7394
0
VERTEX
8
CUT
10
281.8144
20
72.8202
0
VERTEX
8
CUT
10
281.0529
20
72.2300
0
VERTEX
8
CUT
10
280.2103
20
72.0019
0
VERTEX
8
CUT
10
280.2114
20
71.5625
0
VERTEX
8
CUT
10
283.2038
20
68.1460
0
VERTEX
8
CUT
10
283.6873
20
67.5730
0
SEQEND
0
POLYLINE
8
CUT
66
1
70
1
10
0.0
20
0.0
30
0.0
0
VERTEX
8
CUT
10
286.2374
20
146.8732
0
VERTEX
8
CUT
10
286.7314
20
148.0808
0
VERTEX
8
CUT
10
287.1518
20
148.9722
0
VERTEX
8
CUT
10
287.5140
20
151.8026
0
VERTEX
8
CUT
10
287.2783
20
154.9750
0
VERTEX
8
CUT
10
286.3636
20
158.8278
0
VERTEX
8
CUT
10
285.8077
20
158.8710
0
VERTEX
8
CUT
10
282.0740
20
155.0203
0
VERTEX
8
CUT
10
281.1890
20
154.2373
0
VERTEX
8
CUT
10
280.0873
20
153.7804
0
VERTEX
8
CUT
10
280.1165
20
153.3487
0
VERTEX
8
CUT
10
284.5746
20
147.9912
0
VERTEX
8
CUT
10
285.4161
20
146.4611
0
VERTEX
8
CUT
10
285.9439
20
146.4111
0
VERTEX
8
CUT
10
286.1568
20
146.8625
0
SEQEND
0
POLYLINE
8
CUT
66
1
70
1
10
0.0
20
0.0
30
0.0
0
VERTEX
8
CUT
10
287.5133
20
131.5414
0
VERTEX
8
CUT
10
287.3689
20
134.4882
0
VERTEX
8
CUT
10
286.7491
20
137.1915
0
VERTEX
8
CUT
10
286.2110
20
137.2742
0
VERTEX
8
CUT
10
282.0761
20
133.5760
0
VERTEX
8
CUT
10
281.5613
20
133.3345
0
VERTEX
8
CUT
10
281.0297
20
133.4647
0
VERTEX
8
CUT
10
280.6002
20
133.2791
0
VERTEX
8
CUT
10
280.6327
20
132.8438
0
VERTEX
8
CUT
10
283.5861
20
129.3594
0
VERTEX
8
CUT
10
284.2741
20
128.5136
0
VERTEX
8
CUT
10
285.3282
20
126.8573
0
VERTEX
8
CUT
10
285.8484
20
126.7991
0
VERTEX
8
CUT
10
286.9604
20
128.8261
0
SEQEND
0
POLYLINE
8
CUT
66
1
70
1
10
0.0
20
0.0
30
0.0
0
VERTEX
8
CUT
10
286.7227
20
87.9518
0
VERTEX
8
CUT
10
286.9549
20
88.4170
0
VERTEX
8
CUT
10
287.4518
20
91.4885
0
VERTEX
8
CUT
10
287.0742
20
94.5191
0
VERTEX
8
CUT
10
286.1071
20
97.4573
0
VERTEX
8
CUT
10
285.8553
20
97.6091
0
VERTEX
8
CUT
10
285.5394
20
97.5186
0
VERTEX
8
CUT
10
281.6806
20
93.7783
0
VERTEX
8
CUT
10
280.4950
20
92.7749
0
VERTEX
8
CUT
10
279.8093
20
92.5615
0
VERTEX
8
CUT
10
279.8521
20
92.1251
0
VERTEX
8
CUT
10
285.1670
20
85.9438
0
VERTEX
8
CUT
10
285.6926
20
85.8875
0
VERTEX
8
CUT
10
285.8563
20
86.2156
0
VERTEX
8
CUT
10
286.3110
20
86.8848
0
SEQEND
0
POLYLINE
8
CUT
66
1
70
1
10
0.0
20
0.0
30
0.0
0
VERTEX
8
CUT
10
287.4238
20
215.1079
0
VERTEX
8
CUT
10
287.0412
20
218.2257
0
VERTEX
8
CUT
10
285.9224
20
221.3373
0
VERTEX
8
CUT
10
285.3711
20
221.3611
0
VERTEX
8
CUT
10
281.7783
20
217.6027
0
VERTEX
8
CUT
10
280.7759
20
216.7845
0
VERTEX
8
CUT
10
280.7678
20
216.7801
0
VERTEX
8
CUT
10
280.7588
20
216.7752
0
VERTEX
8
CUT
10
280.7556
20
216.7734
0
VERTEX
8
CUT
10
280.6944
20
216.7400
0
VERTEX
8
CUT
10
280.0011
20
216.4766
0
VERTEX
8
CUT
10
280.0430
20
216.0454
0
VERTEX
8
CUT
10
284.1288
20
211.3143
0
VERTEX
8
CUT
10
285.2588
20
209.6728
0
VERTEX
8
CUT
10
285.7881
20
209.6310
0
VERTEX
8
CUT
10
287.0446
20
212.2316
0
SEQEND
0
POLYLINE
8
CUT
66
1
70
1
10
0.0
20
0.0
30
0.0
0
VERTEX
8
CUT
10
287.1805
20
238.9499
0
VERTEX
8
CUT
10
286.0905
20
242.6514
0
VERTEX
8
CUT
10
285.5380
20
242.7263
0
VERTEX
8
CUT
10
282.3427
20
239.2894
0
VERTEX
8
CUT
10
281.2832
20
238.3604
0
VERTEX
8
CUT
10
279.9754
20
237.7568
0
VERTEX
8
CUT
10
280.0030
20
237.3310
0
VERTEX
8
CUT
10
283.8639
20
232.5468
0
VERTEX
8
CUT
10
284.9655
20
230.7999
0
VERTEX
8
CUT
10
285.4768
20
230.7409
0
VERTEX
8
CUT
10
286.8062
20
233.1499
0
VERTEX
8
CUT
10
287.1303
20
234.2237
0
VERTEX
8
CUT
10
287.3918
20
236.4917
0
SEQEND
0
POLYLINE
8
CUT
66
1
70
1
10
0.0
20
0.0
30
0.0
0
VERTEX
8
CUT
10
279.3131
20
49.7106
0
VERTEX
8
CUT
10
281.8005
20
46.4697
0
VERTEX
8
CUT
10
282.4110
20
45.6160
0
VERTEX
8
CUT
10
282.5556
20
45.4138
0
VERTEX
8
CUT
10
282.6281
20
45.3124
0
VERTEX
8
CUT
10
282.7817
20
45.0977
0
VERTEX
8
CUT
10
284.3797
20
42.5698
0
VERTEX
8
CUT
10
284.9241
20
42.4777
0
VERTEX
8
CUT
10
285.7921
20
43.8125
0
VERTEX
8
CUT
10
286.9069
20
46.1855
0
VERTEX
8
CUT
10
287.3321
20
48.5458
0
VERTEX
8
CUT
10
287.3252
20
48.7904
0
VERTEX
8
CUT
10
287.3915
20
49.1454
0
VERTEX
8
CUT
10
287.3604
20
51.4216
0
VERTEX
8
CUT
10
287.2376
20
51.9115
0
VERTEX
8
CUT
10
287.2160
20
52.6809
0
VERTEX
8
CUT
10
286.3938
20
55.8625
0
VERTEX
8
CUT
10
285.8376
20
55.9052
0
VERTEX
8
CUT
10
281.2063
20
51.3032
0
VERTEX
8
CUT
10
280.3928
20
50.6161
0
VERTEX
8
CUT
10
279.6903
20
50.3428
0
VERTEX
8
CUT
10
279.6373
20
50.2660
0
VERTEX
8
CUT
10
279.2750
20
50.1092
0
SEQEND
0
POLYLINE
8
CUT
66
1
70
1
10
0.0
20
0.0
30
0.0
0
VERTEX
8
CUT
10
283.9435
20
254.5963
0
VERTEX
8
CUT
10
283.9825
20
254.5468
0
VERTEX
8
CUT
10
285.2414
20
252.5311
0
VERTEX
8
CUT
10
285.5366
20
252.3682
0
VERTEX
8
CUT
10
285.8729
20
252.5262
0
VERTEX
8
CUT
10
286.7834
20
254.1684
0
VERTEX
8
CUT
10
287.3650
20
256.8766
0
VERTEX
8
CUT
10
287.3008
20
260.1103
0
VERTEX
8
CUT
10
286.3595
20
263.8481
0
VERTEX
8
CUT
10
286.1349
20
264.1451
0
VERTEX
8
CUT
10
285.7318
20
264.0957
0
VERTEX
8
CUT
10
281.8407
20
259.8769
0
VERTEX
8
CUT
10
281.0141
20
259.3996
0
VERTEX
8
CUT
10
280.3060
20
259.4886
0
VERTEX
8
CUT
10
280.0578
20
259.1357
0
SEQEND
0
POLYLINE
8
CUT
66
1
70
1
10
0.0
20
0.0
30
0.0
0
VERTEX
8
CUT
10
285.5487
20
106.8500
0
VERTEX
8
CUT
10
285.6015
20
106.8590
0
VERTEX
8
CUT
10
285.8584
20
107.4392
0
VERTEX
8
CUT
10
286.6404
20
108.9266
0
VERTEX
8
CUT
10
287.1829
20
111.6091
0
VERTEX
8
CUT
10
287.1795
20
113.3940
0
VERTEX
8
CUT
10
286.3407
20
117.9390
0
VERTEX
8
CUT
10
285.8166
20
118.0328
0
VERTEX
8
CUT
10
282.1179
20
114.6739
0
VERTEX
8
CUT
10
280.6197
20
113.6652
0
VERTEX
8
CUT
10
280.2156
20
113.6912
0
VERTEX
8
CUT
10
279.7357
20
113.4136
0
VERTEX
8
CUT
10
280.0061
20
112.8017
0
VERTEX
8
CUT
10
283.5799
20
108.5910
0
VERTEX
8
CUT
10
284.9096
20
106.6959
0
VERTEX
8
CUT
10
285.4343
20
106.6323
0
SEQEND
0
POLYLINE
8
CUT
66
1
70
1
10
0.0
20
0.0
30
0.0
0
VERTEX
8
CUT
10
277.9342
20
278.0417
0
VERTEX
8
CUT
10
280.1626
20
276.9076
0
VERTEX
8
CUT
10
282.9828
20
274.9405
0
VERTEX
8
CUT
10
282.9974
20
274.9270
0
VERTEX
8
CUT
10
283.0184
20
274.9076
0
VERTEX
8
CUT
10
283.0681
20
274.8617
0
VERTEX
8
CUT
10
283.5774
20
274.3910
0
VERTEX
8
CUT
10
284.7095
20
273.2924
0
VERTEX
8
CUT
10
284.9968
20
273.3932
0
VERTEX
8
CUT
10
285.5496
20
274.4776
0
VERTEX
8
CUT
10
285.9420
20
275.6810
0
VERTEX
8
CUT
10
286.1529
20
277.3050
0
VERTEX
8
CUT
10
286.1401
20
278.1301
0
VERTEX
8
CUT
10
286.2092
20
278.8353
0
VERTEX
8
CUT
10
286.2430
20
279.0814
0
VERTEX
8
CUT
10
286.2406
20
279.1548
0
VERTEX
8
CUT
10
286.2712
20
279.4669
0
VERTEX
8
CUT
10
286.1756
20
281.1170
0
VERTEX
8
CUT
10
286.1520
20
281.8282
0
VERTEX
8
CUT
10
286.1281
20
281.9361
0
VERTEX
8
CUT
10
286.0642
20
283.0386
0
VERTEX
8
CUT
10
286.0637
20
283.0404
0
VERTEX
8
CUT
10
286.0631
20
283.0792
0
VERTEX
8
CUT
10
285.6497
20
285.3370
0
VERTEX
8
CUT
10
285.2936
20
285.6260
0
VERTEX
8
CUT
10
285.0156
20
285.5296
0
VERTEX
8
CUT
10
283.8616
20
284.1108
0
VERTEX
8
CUT
10
277.7646
20
278.4109
0
SEQEND
0
POLYLINE
8
CUT
66
1
70
1
10
0.0
20
0.0
30
0.0
0
VERTEX
8
CUT
10
285.7252
20
15.0585
0
VERTEX
8
CUT
10
285.4827
20
14.9070
0
VERTEX
8
CUT
10
285.1797
20
13.8464
0
VERTEX
8
CUT
10
284.4221
20
12.6948
0
VERTEX
8
CUT
10
284.3918
20
12.3312
0
VERTEX
8
CUT
10
284.9979
20
12.7858
0
VERTEX
8
CUT
10
285.7858
20
13.7858
0
VERTEX
8
CUT
10
286.2403
20
14.6645
0
VERTEX
8
CUT
10
286.1797
20
14.9676
0
SEQEND
0
POLYLINE
8
CUT
66
1
70
1
10
0.0
20
0.0
30
0.0
0
VERTEX
8
CUT
10
282.9842
20
31.0165
0
VERTEX
8
CUT
10
278.2539
20
26.9277
0
VERTEX
8
CUT
10
276.1747
20
25.4911
0
VERTEX
8
CUT
10
276.2233
20
25.1673
0
VERTEX
8
CUT
10
280.7081
20
20.0107
0
VERTEX
8
CUT
10
281.2221
20
19.2847
0
VERTEX
8
CUT
10
281.5575
20
18.4370
0
VERTEX
8
CUT
10
281.9951
20
18.4411
0
VERTEX
8
CUT
10
283.1647
20
19.5479
0
VERTEX
8
CUT
10
283.4573
20
19.7710
0
VERTEX
8
CUT
10
283.4945
20
19.7994
0
VERTEX
8
CUT
10
283.6049
20
19.8836
0
VERTEX
8
CUT
10
283.9946
20
20.1808
0
VERTEX
8
CUT
10
284.3044
20
20.3406
0
VERTEX
8
CUT
10
284.8207
20
20.1851
0
VERTEX
8
CUT
10
285.2550
20
19.7866
0
VERTEX
8
CUT
10
285.6821
20
19.9605
0
VERTEX
8
CUT
10
285.5855
20
20.5138
0
VERTEX
8
CUT
10
285.6481
20
20.5798
0
VERTEX
8
CUT
10
285.2940
20
22.1846
0
VERTEX
8
CUT
10
284.8882
20
24.5095
0
VERTEX
8
CUT
10
283.4573
20
29.1148
0
VERTEX
8
CUT
10
283.3349
20
29.8976
0
VERTEX
8
CUT
10
283.6099
20
30.6979
0
VERTEX
8
CUT
10
283.4136
20
31.0443
0
SEQEND
0
POLYLINE
8
CUT
66
1
70
1
10
0.0
20
0.0
30
0.0
0
VERTEX
8
CUT
10
283.1965
20
143.1266
0
VERTEX
8
CUT
10
282.3441
20
143.2277
0
VERTEX
8
CUT
10
281.1189
20
144.0646
0
VERTEX
8
CUT
10
277.3536
20
147.9324
0
VERTEX
8
CUT
10
276.8117
20
147.8522
0
VERTEX
8
CUT
10
276.1120
20
145.1005
0
VERTEX
8
CUT
10
276.0660
20
144.3173
0
VERTEX
8
CUT
10
275.9059
20
143.4781
0
VERTEX
8
CUT
10
275.9322
20
141.9908
0
VERTEX
8
CUT
10
276.0593
20
141.5035
0
VERTEX
8
CUT
10
276.5064
20
139.2611
0
VERTEX
8
CUT
10
276.8498
20
138.5938
0
VERTEX
8
CUT
10
277.5419
20
137.0802
0
VERTEX
8
CUT
10
277.6881
20
136.9647
0
VERTEX
8
CUT
10
277.9033
20
136.5467
0
VERTEX
8
CUT
10
278.4597
20
136.5981
0
VERTEX
8
CUT
10
279.6512
20
138.3704
0
VERTEX
8
CUT
10
280.1832
20
138.9859
0
VERTEX
8
CUT
10
282.0958
20
141.0877
0
VERTEX
8
CUT
10
282.4154
20
141.5687
0
VERTEX
8
CUT
10
283.3288
20
142.6254
0
SEQEND
0
POLYLINE
8
CUT
66
1
70
1
10
0.0
20
0.0
30
0.0
0
VERTEX
8
CUT
10
282.2309
20
60.3773
0
VERTEX
8
CUT
10
283.0727
20
61.3444
0
VERTEX
8
CUT
10
282.9388
20
61.8480
0
VERTEX
8
CUT
10
282.0683
20
61.9248
0
VERTEX
8
CUT
10
280.8322
20
62.9282
0
VERTEX
8
CUT
10
276.9808
20
66.8266
0
VERTEX
8
CUT
10
276.4255
20
66.7912
0
VERTEX
8
CUT
10
274.9829
20
62.6824
0
VERTEX
8
CUT
10
274.6927
20
61.2939
0
VERTEX
8
CUT
10
274.7237
20
59.3342
0
VERTEX
8
CUT
10
274.9280
20
57.9330
0
VERTEX
8
CUT
10
274.9358
20
57.6215
0
VERTEX
8
CUT
10
275.0220
20
57.2882
0
VERTEX
8
CUT
10
275.0744
20
56.9286
0
VERTEX
8
CUT
10
275.1682
20
56.7226
0
VERTEX
8
CUT
10
275.3377
20
56.0667
0
VERTEX
8
CUT
10
276.1621
20
54.4138
0
VERTEX
8
CUT
10
276.2256
20
54.4000
0
VERTEX
8
CUT
10
276.4086
20
53.9981
0
VERTEX
8
CUT
10
276.9570
20
54.0168
0
VERTEX
8
CUT
10
278.3558
20
55.9250
0
VERTEX
8
CUT
10
280.5741
20
58.4738
0
VERTEX
8
CUT
10
281.8950
20
59.9180
0
SEQEND
0
POLYLINE
8
CUT
66
1
70
1
10
0.0
20
0.0
30
0.0
0
VERTEX
8
CUT
10
281.0509
20
186.1046
0
VERTEX
8
CUT
10
277.4094
20
189.7136
0
VERTEX
8
CUT
10
277.0906
20
189.8255
0
VERTEX
8
CUT
10
276.7573
20
189.5403
0
VERTEX
8
CUT
10
275.9676
20
185.5689
0
VERTEX
8
CUT
10
275.9670
20
184.2773
0
VERTEX
8
CUT
10
275.9363
20
183.9126
0
VERTEX
8
CUT
10
275.9667
20
183.7354
0
VERTEX
8
CUT
10
275.9663
20
182.7629
0
VERTEX
8
CUT
10
276.5502
20
180.2776
0
VERTEX
8
CUT
10
276.9263
20
179.5358
0
VERTEX
8
CUT
10
277.1808
20
178.8961
0
VERTEX
8
CUT
10
277.3014
20
178.7959
0
VERTEX
8
CUT
10
277.3872
20
178.6265
0
VERTEX
8
CUT
10
277.8708
20
178.1735
0
VERTEX
8
CUT
10
283.0091
20
184.7683
0
VERTEX
8
CUT
10
282.8292
20
185.0510
0
VERTEX
8
CUT
10
281.8089
20
185.4787
0
SEQEND
0
POLYLINE
8
CUT
66
1
70
1
10
0.0
20
0.0
30
0.0
0
VERTEX
8
CUT
10
279.1450
20
200.9266
0
VERTEX
8
CUT
10
283.0048
20
205.5938
0
VERTEX
8
CUT
10
282.8958
20
206.0741
0
VERTEX
8
CUT
10
281.8740
20
206.3248
0
VERTEX
8
CUT
10
281.2514
20
206.8280
0
VERTEX
8
CUT
10
280.9998
20
207.0565
0
VERTEX
8
CUT
10
280.6119
20
207.4089
0
VERTEX
8
CUT
10
280.1603
20
207.8190
0
VERTEX
8
CUT
10
279.5777
20
208.3482
0
VERTEX
8
CUT
10
277.0084
20
210.9628
0
VERTEX
8
CUT
10
276.4648
20
210.9285
0
VERTEX
8
CUT
10
275.8097
20
207.8851
0
VERTEX
8
CUT
10
275.8056
20
207.8706
0
VERTEX
8
CUT
10
275.8044
20
207.8609
0
VERTEX
8
CUT
10
275.4251
20
206.0987
0
VERTEX
8
CUT
10
275.3919
20
204.4692
0
VERTEX
8
CUT
10
275.6877
20
202.8104
0
VERTEX
8
CUT
10
275.9263
20
202.1497
0
VERTEX
8
CUT
10
276.0233
20
201.7695
0
VERTEX
8
CUT
10
276.2078
20
201.3703
0
VERTEX
8
CUT
10
276.3008
20
201.1130
0
VERTEX
8
CUT
10
276.4465
20
200.8539
0
VERTEX
8
CUT
10
276.9193
20
199.8308
0
VERTEX
8
CUT
10
277.1033
20
199.6864
0
VERTEX
8
CUT
10
277.4039
20
199.1520
0
VERTEX
8
CUT
10
277.9476
20
199.2033
0
SEQEND
0
POLYLINE
8
CUT
66
1
70
1
10
0.0
20
0.0
30
0.0
0
VERTEX
8
CUT
10
282.9670
20
164.0411
0
VERTEX
8
CUT
10
282.8996
20
164.5073
0
VERTEX
8
CUT
10
282.1143
20
164.6161
0
VERTEX
8
CUT
10
281.2328
20
165.2561
0
VERTEX
8
CUT
10
277.7913
20
168.7544
0
VERTEX
8
CUT
10
277.4774
20
168.8808
0
VERTEX
8
CUT
10
277.2016
20
168.7485
0
VERTEX
8
CUT
10
276.2069
20
165.3949
0
VERTEX
8
CUT
10
276.0872
20
163.7955
0
VERTEX
8
CUT
10
275.9670
20
162.8451
0
VERTEX
8
CUT
10
276.0002
20
162.6319
0
VERTEX
8
CUT
10
275.9655
20
162.1677
0
VERTEX
8
CUT
10
276.2769
20
160.8541
0
VERTEX
8
CUT
10
276.4081
20
160.0106
0
VERTEX
8
CUT
10
276.5783
20
159.5825
0
VERTEX
8
CUT
10
276.6722
20
159.1864
0
VERTEX
8
CUT
10
277.0724
20
158.3395
0
VERTEX
8
CUT
10
277.1869
20
158.0513
0
VERTEX
8
CUT
10
277.2169
20
158.0337
0
VERTEX
8
CUT
10
277.3651
20
157.7200
0
VERTEX
8
CUT
10
277.9128
20
157.7322
0
VERTEX
8
CUT
10
278.9610
20
159.3180
0
SEQEND
0
POLYLINE
8
CUT
66
1
70
1
10
0.0
20
0.0
30
0.0
0
VERTEX
8
CUT
10
276.9353
20
253.6727
0
VERTEX
8
CUT
10
276.6990
20
253.3965
0
VERTEX
8
CUT
10
276.5944
20
252.0953
0
VERTEX
8
CUT
10
275.6332
20
249.0094
0
VERTEX
8
CUT
10
275.4811
20
247.1006
0
VERTEX
8
CUT
10
275.6277
20
245.1968
0
VERTEX
8
CUT
10
276.0654
20
243.4908
0
VERTEX
8
CUT
10
276.9174
20
241.7540
0
VERTEX
8
CUT
10
277.2911
20
241.4908
0
VERTEX
8
CUT
10
277.5939
20
241.6243
0
VERTEX
8
CUT
10
281.3352
20
246.4236
0
VERTEX
8
CUT
10
281.7383
20
246.9111
0
VERTEX
8
CUT
10
281.8379
20
247.0684
0
VERTEX
8
CUT
10
282.8825
20
248.4085
0
VERTEX
8
CUT
10
282.7367
20
248.7029
0
VERTEX
8
CUT
10
282.0304
20
249.0671
0
VERTEX
8
CUT
10
280.8267
20
250.1451
0
VERTEX
8
CUT
10
279.8338
20
251.1265
0
VERTEX
8
CUT
10
278.1644
20
252.9270
0
VERTEX
8
CUT
10
277.5631
20
253.3709
0
VERTEX
8
CUT
10
277.2968
20
253.6341
0
SEQEND
0
POLYLINE
8
CUT
66
1
70
1
10
0.0
20
0.0
30
0.0
0
VERTEX
8
CUT
10
277.6154
20
117.4981
0
VERTEX
8
CUT
10
282.7782
20
123.0788
0
VERTEX
8
CUT
10
282.7152
20
123.5657
0
VERTEX
8
CUT
10
281.9930
20
123.7070
0
VERTEX
8
CUT
10
281.1257
20
124.2761
0
VERTEX
8
CUT
10
277.8034
20
127.5088
0
VERTEX
8
CUT
10
277.7606
20
127.5059
0
VERTEX
8
CUT
10
277.6769
20
127.5901
0
VERTEX
8
CUT
10
277.4936
20
127.4878
0
VERTEX
8
CUT
10
277.2772
20
127.4731
0
VERTEX
8
CUT
10
276.5316
20
125.5092
0
VERTEX
8
CUT
10
276.0703
20
123.0154
0
VERTEX
8
CUT
10
275.9934
20
122.7005
0
VERTEX
8
CUT
10
275.9970
20
122.6192
0
VERTEX
8
CUT
10
275.8764
20
121.9675
0
VERTEX
8
CUT
10
276.0869
20
120.5917
0
VERTEX
8
CUT
10
276.0869
20
120.5917
0
VERTEX
8
CUT
10
276.0869
20
120.5917
0
VERTEX
8
CUT
10
276.2264
20
119.6795
0
VERTEX
8
CUT
10
276.6083
20
118.6854
0
VERTEX
8
CUT
10
276.8509
20
117.7982
0
VERTEX
8
CUT
10
276.9621
20
117.7641
0
VERTEX
8
CUT
10
277.0651
20
117.4960
0
SEQEND
0
POLYLINE
8
CUT
66
1
70
1
10
0.0
20
0.0
30
0.0
0
VERTEX
8
CUT
10
280.8354
20
224.6396
0
VERTEX
8
CUT
10
281.3581
20
225.2258
0
VERTEX
8
CUT
10
281.4153
20
225.3443
0
VERTEX
8
CUT
10
282.5575
20
226.7323
0
VERTEX
8
CUT
10
282.4403
20
227.2140
0
VERTEX
8
CUT
10
281.6027
20
227.4450
0
VERTEX
8
CUT
10
280.6340
20
228.2466
0
VERTEX
8
CUT
10
277.0933
20
232.1051
0
VERTEX
8
CUT
10
276.5385
20
232.0721
0
VERTEX
8
CUT
10
275.8359
20
230.1663
0
VERTEX
8
CUT
10
275.3616
20
229.1219
0
VERTEX
8
CUT
10
275.3425
20
228.8279
0
VERTEX
8
CUT
10
275.1176
20
228.2176
0
VERTEX
8
CUT
10
274.9644
20
225.0695
0
VERTEX
8
CUT
10
275.2041
20
224.1199
0
VERTEX
8
CUT
10
275.2357
20
223.6766
0
VERTEX
8
CUT
10
275.6077
20
222.4663
0
VERTEX
8
CUT
10
275.6333
20
222.4202
0
VERTEX
8
CUT
10
275.6970
20
222.1679
0
VERTEX
8
CUT
10
276.4880
20
220.8830
0
VERTEX
8
CUT
10
276.7332
20
220.4418
0
VERTEX
8
CUT
10
276.7743
20
220.4178
0
VERTEX
8
CUT
10
276.9890
20
220.0689
0
VERTEX
8
CUT
10
277.5291
20
220.1337
0
VERTEX
8
CUT
10
278.7311
20
222.0826
0
SEQEND
0
POLYLINE
8
CUT
66
1
70
1
10
0.0
20
0.0
30
0.0
0
VERTEX
8
CUT
10
280.9420
20
83.1078
0
VERTEX
8
CUT
10
280.7548
20
83.2802
0
VERTEX
8
CUT
10
280.7503
20
83.2844
0
VERTEX
8
CUT
10
280.7274
20
83.3055
0
VERTEX
8
CUT
10
276.7610
20
87.2811
0
VERTEX
8
CUT
10
276.2072
20
87.2346
0
VERTEX
8
CUT
10
275.1420
20
83.4900
0
VERTEX
8
CUT
10
274.9670
20
81.7415
0
VERTEX
8
CUT
10
275.0535
20
80.0163
0
VERTEX
8
CUT
10
275.7264
20
77.7698
0
VERTEX
8
CUT
10
276.1150
20
77.1415
0
VERTEX
8
CUT
10
276.6348
20
76.1771
0
VERTEX
8
CUT
10
276.7746
20
76.0748
0
VERTEX
8
CUT
10
277.1284
20
75.5026
0
VERTEX
8
CUT
10
277.6760
20
75.5135
0
VERTEX
8
CUT
10
278.5605
20
76.9398
0
VERTEX
8
CUT
10
278.8439
20
77.2776
0
VERTEX
8
CUT
10
278.8480
20
77.2825
0
VERTEX
8
CUT
10
278.8981
20
77.3422
0
VERTEX
8
CUT
10
280.1577
20
78.8434
0
VERTEX
8
CUT
10
282.5530
20
81.5493
0
VERTEX
8
CUT
10
282.4817
20
82.0101
0
VERTEX
8
CUT
10
281.2799
20
82.7966
0
SEQEND
0
POLYLINE
8
CUT
66
1
70
1
10
0.0
20
0.0
30
0.0
0
VERTEX
8
CUT
10
276.0932
20
108.1664
0
VERTEX
8
CUT
10
274.9353
20
103.9197
0
VERTEX
8
CUT
10
274.8469
20
100.8057
0
VERTEX
8
CUT
10
275.2636
20
98.9643
0
VERTEX
8
CUT
10
275.6410
20
98.2808
0
VERTEX
8
CUT
10
276.1591
20
97.1497
0
VERTEX
8
CUT
10
276.6481
20
96.4570
0
VERTEX
8
CUT
10
276.8689
20
96.0573
0
VERTEX
8
CUT
10
277.4172
20
96.1146
0
VERTEX
8
CUT
10
278.0384
20
97.3217
0
VERTEX
8
CUT
10
278.9096
20
98.3611
0
VERTEX
8
CUT
10
279.5250
20
99.0953
0
VERTEX
8
CUT
10
279.6577
20
99.2537
0
VERTEX
8
CUT
10
280.0617
20
99.7356
0
VERTEX
8
CUT
10
282.3495
20
102.3952
0
VERTEX
8
CUT
10
282.3876
20
102.8295
0
VERTEX
8
CUT
10
281.0893
20
103.6439
0
VERTEX
8
CUT
10
279.4931
20
105.1453
0
VERTEX
8
CUT
10
276.6458
20
108.1936
0
SEQEND
0
POLYLINE
8
CUT
66
1
70
1
10
0.0
20
0.0
30
0.0
0
VERTEX
8
CUT
10
276.5525
20
262.5298
0
VERTEX
8
CUT
10
276.9287
20
262.1216
0
VERTEX
8
CUT
10
277.2846
20
262.0157
0
VERTEX
8
CUT
10
277.5329
20
262.1870
0
VERTEX
8
CUT
10
277.6116
20
262.6527
0
VERTEX
8
CUT
10
278.2101
20
263.6189
0
VERTEX
8
CUT
10
278.2228
20
263.6376
0
VERTEX
8
CUT
10
281.4085
20
267.7947
0
VERTEX
8
CUT
10
282.1704
20
269.0745
0
VERTEX
8
CUT
10
282.0056
20
269.3276
0
VERTEX
8
CUT
10
280.9414
20
269.8235
0
VERTEX
8
CUT
10
276.7255
20
272.6140
0
VERTEX
8
CUT
10
275.1859
20
273.7855
0
VERTEX
8
CUT
10
274.2517
20
274.8497
0
VERTEX
8
CUT
10
273.9008
20
274.7619
0
VERTEX
8
CUT
10
273.4387
20
274.1146
0
VERTEX
8
CUT
10
273.2018
20
273.9282
0
VERTEX
8
CUT
10
273.1456
20
273.8189
0
VERTEX
8
CUT
10
273.0143
20
273.7112
0
VERTEX
8
CUT
10
272.8615
20
273.3061
0
VERTEX
8
CUT
10
272.3445
20
272.5818
0
VERTEX
8
CUT
10
271.9941
20
271.1639
0
VERTEX
8
CUT
10
272.1674
20
268.7418
0
VERTEX
8
CUT
10
272.8307
20
267.0484
0
VERTEX
8
CUT
10
273.0075
20
266.7876
0
VERTEX
8
CUT
10
273.1053
20
266.5527
0
VERTEX
8
CUT
10
273.7638
20
265.6720
0
VERTEX
8
CUT
10
274.0628
20
265.2310
0
VERTEX
8
CUT
10
274.2260
20
265.0540
0
VERTEX
8
CUT
10
274.3700
20
264.8613
0
VERTEX
8
CUT
10
274.7969
20
264.4047
0
VERTEX
8
CUT
10
275.5573
20
263.4940
0
VERTEX
8
CUT
10
276.0870
20
263.0247
0
VERTEX
8
CUT
10
276.5467
20
262.5330
0
SEQEND
0
POLYLINE
8
CUT
66
1
70
1
10
0.0
20
0.0
30
0.0
0
VERTEX
8
CUT
10
273.6055
20
29.8237
0
VERTEX
8
CUT
10
274.8351
20
31.4182
0
VERTEX
8
CUT
10
275.3429
20
31.9197
0
VERTEX
8
CUT
10
275.8337
20
32.4044
0
VERTEX
8
CUT
10
275.9406
20
32.5098
0
VERTEX
8
CUT
10
276.8222
20
33.3804
0
VERTEX
8
CUT
10
281.5447
20
37.9178
0
VERTEX
8
CUT
10
281.5242
20
38.3576
0
VERTEX
8
CUT
10
280.7432
20
38.8364
0
VERTEX
8
CUT
10
280.2063
20
39.4624
0
VERTEX
8
CUT
10
275.6571
20
45.3043
0
VERTEX
8
CUT
10
275.3626
20
45.4488
0
VERTEX
8
CUT
10
275.0882
20
45.3444
0
VERTEX
8
CUT
10
274.6517
20
44.1125
0
VERTEX
8
CUT
10
273.7693
20
42.3616
0
VERTEX
8
CUT
10
273.4804
20
41.9144
0
VERTEX
8
CUT
10
273.0935
20
41.0207
0
VERTEX
8
CUT
10
272.6245
20
40.0903
0
VERTEX
8
CUT
10
272.0282
20
37.4793
0
VERTEX
8
CUT
10
272.0282
20
36.1527
0
VERTEX
8
CUT
10
272.0253
20
36.1048
0
VERTEX
8
CUT
10
271.9981
20
35.8919
0
VERTEX
8
CUT
10
272.0019
20
35.7205
0
VERTEX
8
CUT
10
271.9358
20
34.6363
0
VERTEX
8
CUT
10
272.0283
20
33.7125
0
VERTEX
8
CUT
10
272.0283
20
33.3656
0
VERTEX
8
CUT
10
272.3578
20
31.6406
0
VERTEX
8
CUT
10
273.0478
20
29.8304
0
SEQEND
0
POLYLINE
8
CUT
66
1
70
1
10
0.0
20
0.0
30
0.0
0
VERTEX
8
CUT
10
279.5643
20
287.4809
0
VERTEX
8
CUT
10
279.6271
20
288.0038
0
VERTEX
8
CUT
10
278.7940
20
288.1767
0
VERTEX
8
CUT
10
278.7546
20
288.1899
0
VERTEX
8
CUT
10
278.6983
20
288.1965
0
VERTEX
8
CUT
10
277.2957
20
288.4876
0
VERTEX
8
CUT
10
273.7147
20
288.7572
0
VERTEX
8
CUT
10
272.5449
20
288.6673
0
VERTEX
8
CUT
10
272.3590
20
288.6643
0
VERTEX
8
CUT
10
272.1929
20
288.6403
0
VERTEX
8
CUT
10
270.6256
20
288.5198
0
VERTEX
8
CUT
10
267.6940
20
287.8257
0
VERTEX
8
CUT
10
267.6386
20
287.2989
0
VERTEX
8
CUT
10
271.1611
20
283.8877
0
VERTEX
8
CUT
10
272.0484
20
282.7252
0
VERTEX
8
CUT
10
272.5098
20
281.9362
0
VERTEX
8
CUT
10
272.8651
20
282.0172
0
VERTEX
8
CUT
10
277.6022
20
286.1379
0
SEQEND
0
POLYLINE
8
CUT
66
1
70
1
10
0.0
20
0.0
30
0.0
0
VERTEX
8
CUT
10
275.7563
20
13.4149
0
VERTEX
8
CUT
10
277.1520
20
14.3436
0
VERTEX
8
CUT
10
277.9057
20
14.8183
0
VERTEX
8
CUT
10
277.8914
20
15.3488
0
VERTEX
8
CUT
10
276.5899
20
16.2918
0
VERTEX
8
CUT
10
271.9947
20
20.8052
0
VERTEX
8
CUT
10
271.6876
20
20.9205
0
VERTEX
8
CUT
10
271.4011
20
20.7606
0
VERTEX
8
CUT
10
271.0959
20
19.9661
0
VERTEX
8
CUT
10
270.4488
20
19.1819
0
VERTEX
8
CUT
10
267.6444
20
16.2349
0
VERTEX
8
CUT
10
266.1956
20
14.7933
0
VERTEX
8
CUT
10
266.1667
20
14.6821
0
VERTEX
8
CUT
10
265.8680
20
14.3683
0
VERTEX
8
CUT
10
266.0913
20
14.0280
0
VERTEX
8
CUT
10
269.3053
20
12.9263
0
VERTEX
8
CUT
10
269.8769
20
12.8884
0
VERTEX
8
CUT
10
270.0588
20
12.8379
0
VERTEX
8
CUT
10
272.1567
20
12.6927
0
VERTEX
8
CUT
10
272.3846
20
12.7221
0
VERTEX
8
CUT
10
272.8203
20
12.6932
0
VERTEX
8
CUT
10
273.9985
20
12.7576
0
VERTEX
8
CUT
10
275.1659
20
13.0925
0
VERTEX
8
CUT
10
275.5937
20
13.3620
0
SEQEND
0
POLYLINE
8
CUT
66
1
70
1
10
0.0
20
0.0
30
0.0
0
VERTEX
8
CUT
10
70.9809
20
28.2510
0
VERTEX
8
CUT
10
72.4690
20
29.2610
0
VERTEX
8
CUT
10
73.0869
20
29.5412
0
VERTEX
8
CUT
10
73.0899
20
29.5426
0
VERTEX
8
CUT
10
73.5339
20
29.7439
0
VERTEX
8
CUT
10
74.1207
20
30.0101
0
VERTEX
8
CUT
10
77.3483
20
30.9957
0
VERTEX
8
CUT
10
78.9601
20
31.1836
0
VERTEX
8
CUT
10
79.0354
20
31.1889
0
VERTEX
8
CUT
10
79.0643
20
31.1909
0
VERTEX
8
CUT
10
79.1300
20
31.1955
0
VERTEX
8
CUT
10
79.2776
20
31.2058
0
VERTEX
8
CUT
10
80.6830
20
31.1823
0
VERTEX
8
CUT
10
80.7308
20
31.1795
0
VERTEX
8
CUT
10
80.7545
20
31.1781
0
VERTEX
8
CUT
10
80.8234
20
31.1741
0
VERTEX
8
CUT
10
81.0604
20
31.1602
0
VERTEX
8
CUT
10
84.5795
20
30.5385
0
VERTEX
8
CUT
10
86.4036
20
29.8480
0
VERTEX
8
CUT
10
87.5068
20
29.2954
0
VERTEX
8
CUT
10
88.4057
20
28.7567
0
VERTEX
8
CUT
10
91.1335
20
26.5773
0
VERTEX
8
CUT
10
91.5428
20
26.8981
0
VERTEX
8
CUT
10
91.4066
20
27.9151
0
VERTEX
8
CUT
10
92.7951
20
28.9031
0
VERTEX
8
CUT
10
93.9511
20
29.3146
0
VERTEX
8
CUT
10
95.2784
20
29.6615
0
VERTEX
8
CUT
10
98.0304
20
29.9941
0
VERTEX
8
CUT
10
100.8575
20
29.7505
0
VERTEX
8
CUT
10
103.6711
20
28.8032
0
VERTEX
8
CUT
10
105.3311
20
27.9449
0
VERTEX
8
CUT
10
110.0698
20
24.7912
0
VERTEX
8
CUT
10
110.4229
20
25.0489
0
VERTEX
8
CUT
10
110.3981
20
25.8854
0
VERTEX
8
CUT
10
110.6956
20
26.4406
0
VERTEX
8
CUT
10
110.8483
20
26.6295
0
VERTEX
8
CUT
10
110.8762
20
26.6640
0
VERTEX
8
CUT
10
110.9015
20
26.6953
0
VERTEX
8
CUT
10
110.9664
20
26.7756
0
VERTEX
8
CUT
10
112.8996
20
28.3352
0
VERTEX
8
CUT
10
115.4897
20
29.6557
0
VERTEX
8
CUT
10
118.2140
20
30.3823
0
VERTEX
8
CUT
10
119.6049
20
30.5091
0
VERTEX
8
CUT
10
122.4186
20
30.2668
0
VERTEX
8
CUT
10
124.3066
20
29.7306
0
VERTEX
8
CUT
10
125.7521
20
29.1223
0
VERTEX
8
CUT
10
126.3387
20
28.7651
0
VERTEX
8
CUT
10
126.7229
20
28.5214
0
VERTEX
8
CUT
10
126.8959
20
28.4116
0
VERTEX
8
CUT
10
126.9622
20
28.3695
0
VERTEX
8
CUT
10
127.1019
20
28.2809
0
VERTEX
8
CUT
10
129.8647
20
26.2292
0
VERTEX
8
CUT
10
130.2440
20
26.3727
0
VERTEX
8
CUT
10
130.4017
20
26.9068
0
VERTEX
8
CUT
10
130.9884
20
27.5791
0
VERTEX
8
CUT
10
132.0050
20
28.1029
0
VERTEX
8
CUT
10
132.7544
20
28.4715
0
VERTEX
8
CUT
10
136.5587
20
29.4758
0
VERTEX
8
CUT
10
139.2871
20
29.6619
0
VERTEX
8
CUT
10
141.9298
20
29.4133
0
VERTEX
8
CUT
10
145.6591
20
28.4128
0
VERTEX
8
CUT
10
147.5239
20
27.6363
0
VERTEX
8
CUT
10
150.8611
20
25.8367
0
VERTEX
8
CUT
10
151.2000
20
26.0656
0
VERTEX
8
CUT
10
151.4572
20
27.0564
0
VERTEX
8
CUT
10
153.5160
20
28.2189
0
VERTEX
8
CUT
10
157.7563
20
29.5328
0
VERTEX
8
CUT
10
160.0414
20
29.7723
0
VERTEX
8
CUT
10
160.4192
20
29.7836
0
VERTEX
8
CUT
10
163.3270
20
29.5729
0
VERTEX
8
CUT
10
165.4990
20
29.0419
0
VERTEX
8
CUT
10
167.7641
20
28.1526
0
VERTEX
8
CUT
10
171.5295
20
26.0927
0
VERTEX
8
CUT
10
172.9149
20
27.7812
0
VERTEX
8
CUT
10
175.7417
20
29.4066
0
VERTEX
8
CUT
10
177.8164
20
30.1148
0
VERTEX
8
CUT
10
180.8222
20
30.2684
0
VERTEX
8
CUT
10
183.6904
20
30.0793
0
VERTEX
8
CUT
10
186.0832
20
29.3708
0
VERTEX
8
CUT
10
186.0848
20
29.3703
0
VERTEX
8
CUT
10
186.0855
20
29.3701
0
VERTEX
8
CUT
10
186.0858
20
29.3700
0
VERTEX
8
CUT
10
186.0862
20
29.3698
0
VERTEX
8
CUT
10
187.9715
20
28.2131
0
VERTEX
8
CUT
10
188.3398
20
27.9703
0
VERTEX
8
CUT
10
188.5197
20
27.8518
0
VERTEX
8
CUT
10
188.6581
20
27.7606
0
VERTEX
8
CUT
10
188.9239
20
27.5854
0
VERTEX
8
CUT
10
191.2102
20
25.8548
0
VERTEX
8
CUT
10
191.5335
20
26.0165
0
VERTEX
8
CUT
10
191.6308
20
26.4934
0
VERTEX
8
CUT
10
192.5791
20
27.4051
0
VERTEX
8
CUT
10
194.0305
20
28.3458
0
VERTEX
8
CUT
10
194.3288
20
28.5067
0
VERTEX
8
CUT
10
195.8605
20
29.1487
0
VERTEX
8
CUT
10
197.5480
20
29.7021
0
VERTEX
8
CUT
10
198.9317
20
30.0530
0
VERTEX
8
CUT
10
201.1463
20
30.2662
0
VERTEX
8
CUT
10
203.3327
20
30.1777
0
VERTEX
8
CUT
10
205.5407
20
29.7448
0
VERTEX
8
CUT
10
207.6551
20
28.9337
0
VERTEX
8
CUT
10
211.4783
20
26.6219
0
VERTEX
8
CUT
10
211.7873
20
26.7608
0
VERTEX
8
CUT
10
212.0400
20
27.5142
0
VERTEX
8
CUT
10
212.7005
20
28.1735
0
VERTEX
8
CUT
10
214.3766
20
29.1314
0
VERTEX
8
CUT
10
215.4083
20
29.6204
0
VERTEX
8
CUT
10
217.8843
20
30.3351
0
VERTEX
8
CUT
10
217.9228
20
30.3430
0
VERTEX
8
CUT
10
217.9403
20
30.3466
0
VERTEX
8
CUT
10
217.9472
20
30.3480
0
VERTEX
8
CUT
10
217.9919
20
30.3571
0
VERTEX
8
CUT
10
220.4120
20
30.5405
0
VERTEX
8
CUT
10
222.8039
20
30.3539
0
VERTEX
8
CUT
10
224.7221
20
29.8792
0
VERTEX
8
CUT
10
224.8824
20
29.8140
0
VERTEX
8
CUT
10
224.9212
20
29.7983
0
VERTEX
8
CUT
10
225.0406
20
29.7497
0
VERTEX
8
CUT
10
225.1176
20
29.7184
0
VERTEX
8
CUT
10
228.1352
20
27.9969
0
VERTEX
8
CUT
10
230.8651
20
25.9932
0
VERTEX
8
CUT
10
231.1879
20
26.1798
0
VERTEX
8
CUT
10
231.4154
20
27.0589
0
VERTEX
8
CUT
10
231.7518
20
27.5025
0
VERTEX
8
CUT
10
233.5454
20
28.8678
0
VERTEX
8
CUT
10
236.1162
20
30.1255
0
VERTEX
8
CUT
10
238.0946
20
30.6459
0
VERTEX
8
CUT
10
238.2821
20
30.6866
0
VERTEX
8
CUT
10
241.9328
20
30.8141
0
VERTEX
8
CUT
10
244.2947
20
30.4205
0
VERTEX
8
CUT
10
244.2971
20
30.4199
0
VERTEX
8
CUT
10
244.3051
20
30.4175
0
VERTEX
8
CUT
10
244.3101
20
30.4161
0
VERTEX
8
CUT
10
244.4482
20
30.3764
0
VERTEX
8
CUT
10
247.5375
20
29.0991
0
VERTEX
8
CUT
10
250.5786
20
27.2785
0
VERTEX
8
CUT
10
250.8664
20
27.4382
0
VERTEX
8
CUT
10
251.1257
20
28.0822
0
VERTEX
8
CUT
10
252.0648
20
29.1439
0
VERTEX
8
CUT
10
253.2975
20
30.0647
0
VERTEX
8
CUT
10
256.2734
20
31.5636
0
VERTEX
8
CUT
10
259.5761
20
32.5030
0
VERTEX
8
CUT
10
261.0840
20
32.7004
0
VERTEX
8
CUT
10
261.7731
20
32.7297
0
VERTEX
8
CUT
10
262.8863
20
32.7500
0
VERTEX
8
CUT
10
265.2432
20
32.4503
0
VERTEX
8
CUT
10
265.3642
20
32.4717
0
VERTEX
8
CUT
10
265.5254
20
32.4503
0
VERTEX
8
CUT
10
265.7141
20
32.5335
0
VERTEX
8
CUT
10
265.9050
20
32.5671
0
VERTEX
8
CUT
10
265.9147
20
32.6218
0
VERTEX
8
CUT
10
265.9926
20
32.6561
0
VERTEX
8
CUT
10
266.0123
20
33.1681
0
VERTEX
8
CUT
10
266.1505
20
33.9419
0
VERTEX
8
CUT
10
266.4828
20
38.9898
0
VERTEX
8
CUT
10
266.7521
20
40.2108
0
VERTEX
8
CUT
10
267.1870
20
42.0453
0
VERTEX
8
CUT
10
267.7073
20
43.4272
0
VERTEX
8
CUT
10
268.3688
20
44.7816
0
VERTEX
8
CUT
10
270.0262
20
47.2626
0
VERTEX
8
CUT
10
271.1318
20
48.4507
0
VERTEX
8
CUT
10
271.6295
20
48.7728
0
VERTEX
8
CUT
10
272.4468
20
48.8916
0
VERTEX
8
CUT
10
272.6572
20
49.2009
0
VERTEX
8
CUT
10
270.9289
20
52.4550
0
VERTEX
8
CUT
10
269.9680
20
54.9815
0
VERTEX
8
CUT
10
269.3671
20
57.9587
0
VERTEX
8
CUT
10
269.3029
20
60.9048
0
VERTEX
8
CUT
10
269.8214
20
64.2777
0
VERTEX
8
CUT
10
271.0168
20
67.4138
0
VERTEX
8
CUT
10
272.3331
20
69.5688
0
VERTEX
8
CUT
10
272.7619
20
69.9169
0
VERTEX
8
CUT
10
273.6118
20
70.0792
0
VERTEX
8
CUT
10
273.8093
20
70.4577
0
VERTEX
8
CUT
10
271.9373
20
73.2985
0
VERTEX
8
CUT
10
271.4293
20
74.2556
0
VERTEX
8
CUT
10
270.5912
20
75.9500
0
VERTEX
8
CUT
10
269.8540
20
78.2847
0
VERTEX
8
CUT
10
269.5313
20
80.5708
0
VERTEX
8
CUT
10
269.5257
20
80.6392
0
VERTEX
8
CUT
10
269.5249
20
80.6496
0
VERTEX
8
CUT
10
269.5224
20
80.6809
0
VERTEX
8
CUT
10
269.5179
20
80.7367
0
VERTEX
8
CUT
10
269.6120
20
83.0796
0
VERTEX
8
CUT
10
270.2886
20
86.3510
0
VERTEX
8
CUT
10
271.7792
20
89.5456
0
VERTEX
8
CUT
10
273.2086
20
91.2748
0
VERTEX
8
CUT
10
271.4908
20
94.2168
0
VERTEX
8
CUT
10
271.2397
20
94.7256
0
VERTEX
8
CUT
10
270.2904
20
96.9736
0
VERTEX
8
CUT
10
269.6376
20
99.5799
0
VERTEX
8
CUT
10
269.4226
20
101.7716
0
VERTEX
8
CUT
10
269.4006
20
102.1027
0
VERTEX
8
CUT
10
269.7354
20
105.1474
0
VERTEX
8
CUT
10
271.1010
20
109.6991
0
VERTEX
8
CUT
10
272.0974
20
111.4057
0
VERTEX
8
CUT
10
272.1150
20
111.4312
0
VERTEX
8
CUT
10
272.1173
20
111.4346
0
VERTEX
8
CUT
10
272.1482
20
111.4794
0
VERTEX
8
CUT
10
272.2407
20
111.6137
0
VERTEX
8
CUT
10
272.7827
20
111.9248
0
VERTEX
8
CUT
10
273.2473
20
111.9489
0
VERTEX
8
CUT
10
273.4424
20
112.2560
0
VERTEX
8
CUT
10
272.3149
20
114.4122
0
VERTEX
8
CUT
10
271.0121
20
118.0781
0
VERTEX
8
CUT
10
270.6316
20
121.7872
0
VERTEX
8
CUT
10
270.6410
20
122.0637
0
VERTEX
8
CUT
10
270.6421
20
122.0959
0
VERTEX
8
CUT
10
270.6434
20
122.1315
0
VERTEX
8
CUT
10
270.6520
20
122.3857
0
VERTEX
8
CUT
10
270.9483
20
124.7861
0
VERTEX
8
CUT
10
272.3142
20
129.1266
0
VERTEX
8
CUT
10
273.3738
20
130.9636
0
VERTEX
8
CUT
10
273.3925
20
130.9878
0
VERTEX
8
CUT
10
274.2426
20
131.4168
0
VERTEX
8
CUT
10
274.3841
20
131.7487
0
VERTEX
8
CUT
10
272.6017
20
134.8455
0
VERTEX
8
CUT
10
272.5770
20
134.8992
0
VERTEX
8
CUT
10
272.4847
20
135.1001
0
VERTEX
8
CUT
10
272.2999
20
135.5024
0
VERTEX
8
CUT
10
271.6087
20
137.0067
0
VERTEX
8
CUT
10
271.5826
20
137.0655
0
VERTEX
8
CUT
10
270.8236
20
140.1922
0
VERTEX
8
CUT
10
270.6483
20
143.3493
0
VERTEX
8
CUT
10
270.6731
20
143.6896
0
VERTEX
8
CUT
10
270.7397
20
144.6032
0
VERTEX
8
CUT
10
270.7540
20
144.7990
0
VERTEX
8
CUT
10
270.7868
20
145.2486
0
VERTEX
8
CUT
10
270.7928
20
145.3169
0
VERTEX
8
CUT
10
271.5339
20
148.6612
0
VERTEX
8
CUT
10
272.7442
20
151.3094
0
VERTEX
8
CUT
10
272.8267
20
151.4263
0
VERTEX
8
CUT
10
272.8479
20
151.4565
0
VERTEX
8
CUT
10
272.8738
20
151.4932
0
VERTEX
8
CUT
10
272.9255
20
151.5665
0
VERTEX
8
CUT
10
273.2089
20
151.8226
0
VERTEX
8
CUT
10
273.7928
20
151.9490
0
VERTEX
8
CUT
10
273.9437
20
152.2756
0
VERTEX
8
CUT
10
272.0221
20
156.2370
0
VERTEX
8
CUT
10
271.3051
20
158.3603
0
VERTEX
8
CUT
10
270.6977
20
162.2358
0
VERTEX
8
CUT
10
270.6989
20
164.2004
0
VERTEX
8
CUT
10
270.7019
20
164.3161
0
VERTEX
8
CUT
10
270.7020
20
164.3177
0
VERTEX
8
CUT
10
270.7044
20
164.4111
0
VERTEX
8
CUT
10
270.7066
20
164.4966
0
VERTEX
8
CUT
10
271.1938
20
167.3622
0
VERTEX
8
CUT
10
271.3348
20
167.8982
0
VERTEX
8
CUT
10
271.5804
20
168.7364
0
VERTEX
8
CUT
10
272.2661
20
170.4889
0
VERTEX
8
CUT
10
273.2594
20
172.1008
0
VERTEX
8
CUT
10
274.2292
20
172.4751
0
VERTEX
8
CUT
10
274.4187
20
172.8290
0
VERTEX
8
CUT
10
272.3767
20
176.5001
0
VERTEX
8
CUT
10
271.1969
20
179.5554
0
VERTEX
8
CUT
10
270.8488
20
181.0733
0
VERTEX
8
CUT
10
270.6763
20
183.2715
0
VERTEX
8
CUT
10
270.6760
20
183.2941
0
VERTEX
8
CUT
10
270.6740
20
183.4288
0
VERTEX
8
CUT
10
270.6710
20
183.6278
0
VERTEX
8
CUT
10
270.6497
20
185.0504
0
VERTEX
8
CUT
10
270.7009
20
186.0996
0
VERTEX
8
CUT
10
271.0385
20
188.0258
0
VERTEX
8
CUT
10
271.5640
20
189.9332
0
VERTEX
8
CUT
10
272.6094
20
192.3819
0
VERTEX
8
CUT
10
273.1456
20
193.1797
0
VERTEX
8
CUT
10
273.8964
20
193.4829
0
VERTEX
8
CUT
10
274.0649
20
193.8067
0
VERTEX
8
CUT
10
272.1376
20
197.2495
0
VERTEX
8
CUT
10
270.8029
20
200.5252
0
VERTEX
8
CUT
10
270.3950
20
202.1874
0
VERTEX
8
CUT
10
270.1458
20
204.5875
0
VERTEX
8
CUT
10
270.1145
20
205.8729
0
VERTEX
8
CUT
10
270.4263
20
208.6640
0
VERTEX
8
CUT
10
271.3124
20
211.7260
0
VERTEX
8
CUT
10
271.3160
20
211.7344
0
VERTEX
8
CUT
10
271.3160
20
211.7344
0
VERTEX
8
CUT
10
271.3161
20
211.7345
0
VERTEX
8
CUT
10
271.3199
20
211.7435
0
VERTEX
8
CUT
10
272.3888
20
213.8864
0
VERTEX
8
CUT
10
273.3780
20
214.6849
0
VERTEX
8
CUT
10
273.4737
20
214.9984
0
VERTEX
8
CUT
10
271.5665
20
218.3001
0
VERTEX
8
CUT
10
270.3202
20
221.1566
0
VERTEX
8
CUT
10
269.7891
20
223.0946
0
VERTEX
8
CUT
10
269.5025
20
225.3794
0
VERTEX
8
CUT
10
269.4865
20
225.6937
0
VERTEX
8
CUT
10
269.4823
20
225.7773
0
VERTEX
8
CUT
10
269.4775
20
225.8711
0
VERTEX
8
CUT
10
269.4573
20
226.2682
0
VERTEX
8
CUT
10
269.7911
20
228.9442
0
VERTEX
8
CUT
10
270.8900
20
232.4294
0
VERTEX
8
CUT
10
272.2970
20
235.2177
0
VERTEX
8
CUT
10
273.4732
20
236.4483
0
VERTEX
8
CUT
10
271.5905
20
240.1931
0
VERTEX
8
CUT
10
270.5857
20
243.0246
0
VERTEX
8
CUT
10
270.0907
20
245.9709
0
VERTEX
8
CUT
10
270.1550
20
249.0668
0
VERTEX
8
CUT
10
270.7942
20
251.9888
0
VERTEX
8
CUT
10
271.5717
20
253.9785
0
VERTEX
8
CUT
10
272.5322
20
255.6450
0
VERTEX
8
CUT
10
273.0291
20
256.1393
0
VERTEX
8
CUT
10
273.7362
20
256.4628
0
VERTEX
8
CUT
10
273.8838
20
256.7925
0
VERTEX
8
CUT
10
269.4755
20
261.3147
0
VERTEX
8
CUT
10
269.3742
20
261.4320
0
VERTEX
8
CUT
10
267.6403
20
263.9129
0
VERTEX
8
CUT
10
266.4883
20
266.7468
0
VERTEX
8
CUT
10
265.7972
20
270.4768
0
VERTEX
8
CUT
10
259.8183
20
270.6988
0
VERTEX
8
CUT
10
256.8080
20
271.2237
0
VERTEX
8
CUT
10
256.0874
20
271.4892
0
VERTEX
8
CUT
10
253.7785
20
272.5004
0
VERTEX
8
CUT
10
253.1121
20
272.8286
0
VERTEX
8
CUT
10
251.8849
20
273.7231
0
VERTEX
8
CUT
10
250.7248
20
274.9103
0
VERTEX
8
CUT
10
247.3498
20
272.8941
0
VERTEX
8
CUT
10
244.1647
20
271.6502
0
VERTEX
8
CUT
10
242.9938
20
271.4855
0
VERTEX
8
CUT
10
241.0700
20
271.2730
0
VERTEX
8
CUT
10
239.6811
20
271.2975
0
VERTEX
8
CUT
10
237.4335
20
271.5157
0
VERTEX
8
CUT
10
235.6115
20
271.9867
0
VERTEX
8
CUT
10
232.7384
20
273.1813
0
VERTEX
8
CUT
10
231.2199
20
274.1153
0
VERTEX
8
CUT
10
230.2602
20
274.9861
0
VERTEX
8
CUT
10
229.9880
20
275.5653
0
VERTEX
8
CUT
10
229.6885
20
275.6949
0
VERTEX
8
CUT
10
225.8115
20
273.0050
0
VERTEX
8
CUT
10
223.4843
20
271.8577
0
VERTEX
8
CUT
10
221.3693
20
271.4165
0
VERTEX
8
CUT
10
221.2305
20
271.4152
0
VERTEX
8
CUT
10
219.8050
20
271.4022
0
VERTEX
8
CUT
10
219.5380
20
271.3998
0
VERTEX
8
CUT
10
218.9079
20
271.3940
0
VERTEX
8
CUT
10
218.8203
20
271.3939
0
VERTEX
8
CUT
10
216.6008
20
271.6762
0
VERTEX
8
CUT
10
215.1640
20
272.0752
0
VERTEX
8
CUT
10
213.2467
20
272.8661
0
VERTEX
8
CUT
10
210.6015
20
274.6156
0
VERTEX
8
CUT
10
209.7366
20
275.7782
0
VERTEX
8
CUT
10
206.9201
20
273.7851
0
VERTEX
8
CUT
10
203.7788
20
272.1560
0
VERTEX
8
CUT
10
203.6921
20
272.1235
0
VERTEX
8
CUT
10
201.7759
20
271.7183
0
VERTEX
8
CUT
10
199.9095
20
271.6667
0
VERTEX
8
CUT
10
197.0335
20
271.8863
0
VERTEX
8
CUT
10
196.1760
20
272.0750
0
VERTEX
8
CUT
10
196.0475
20
272.1033
0
VERTEX
8
CUT
10
196.0257
20
272.1080
0
VERTEX
8
CUT
10
196.0175
20
272.1098
0
VERTEX
8
CUT
10
194.4245
20
272.6057
0
VERTEX
8
CUT
10
193.6911
20
272.8950
0
VERTEX
8
CUT
10
193.6421
20
272.9143
0
VERTEX
8
CUT
10
193.6197
20
272.9231
0
VERTEX
8
CUT
10
193.6160
20
272.9246
0
VERTEX
8
CUT
10
191.2584
20
274.2294
0
VERTEX
8
CUT
10
190.3749
20
275.0248
0
VERTEX
8
CUT
10
190.0687
20
275.7728
0
VERTEX
8
CUT
10
189.7570
20
275.8866
0
VERTEX
8
CUT
10
187.4526
20
273.8870
0
VERTEX
8
CUT
10
185.1975
20
272.3178
0
VERTEX
8
CUT
10
183.0344
20
271.4642
0
VERTEX
8
CUT
10
182.8015
20
271.4079
0
VERTEX
8
CUT
10
179.9918
20
271.0303
0
VERTEX
8
CUT
10
176.9679
20
271.2817
0
VERTEX
8
CUT
10
176.0119
20
271.5483
0
VERTEX
8
CUT
10
174.6933
20
272.0145
0
VERTEX
8
CUT
10
174.3574
20
272.1877
0
VERTEX
8
CUT
10
173.9100
20
272.4185
0
VERTEX
8
CUT
10
173.5634
20
272.5973
0
VERTEX
8
CUT
10
173.2035
20
272.7829
0
VERTEX
8
CUT
10
171.3419
20
273.8418
0
VERTEX
8
CUT
10
170.6177
20
274.4473
0
VERTEX
8
CUT
10
169.9422
20
275.6083
0
VERTEX
8
CUT
10
169.6758
20
275.7528
0
VERTEX
8
CUT
10
165.4709
20
272.7955
0
VERTEX
8
CUT
10
165.0707
20
272.5985
0
VERTEX
8
CUT
10
164.9631
20
272.5456
0
VERTEX
8
CUT
10
164.8640
20
272.4968
0
VERTEX
8
CUT
10
164.7211
20
272.4264
0
VERTEX
8
CUT
10
163.7099
20
271.9670
0
VERTEX
8
CUT
10
163.2639
20
271.8562
0
VERTEX
8
CUT
10
163.1666
20
271.8320
0
VERTEX
8
CUT
10
162.0668
20
271.5588
0
VERTEX
8
CUT
10
161.6671
20
271.4596
0
VERTEX
8
CUT
10
158.6125
20
271.4556
0
VERTEX
8
CUT
10
155.6445
20
271.9553
0
VERTEX
8
CUT
10
153.8326
20
272.6945
0
VERTEX
8
CUT
10
152.0110
20
273.7572
0
VERTEX
8
CUT
10
150.7220
20
274.7373
0
VERTEX
8
CUT
10
150.1174
20
275.6305
0
VERTEX
8
CUT
10
149.8164
20
275.7727
0
VERTEX
8
CUT
10
146.5128
20
273.4322
0
VERTEX
8
CUT
10
144.2207
20
272.1775
0
VERTEX
8
CUT
10
142.1215
20
271.4942
0
VERTEX
8
CUT
10
140.8989
20
271.3592
0
VERTEX
8
CUT
10
140.4718
20
271.3438
0
VERTEX
8
CUT
10
140.2916
20
271.3373
0
VERTEX
8
CUT
10
140.1866
20
271.3335
0
VERTEX
8
CUT
10
139.3819
20
271.3045
0
VERTEX
8
CUT
10
137.1730
20
271.5911
0
VERTEX
8
CUT
10
136.2205
20
271.7979
0
VERTEX
8
CUT
10
134.4040
20
272.4698
0
VERTEX
8
CUT
10
131.4611
20
274.1235
0
VERTEX
8
CUT
10
130.6224
20
274.8668
0
VERTEX
8
CUT
10
130.2328
20
275.5873
0
VERTEX
8
CUT
10
129.9504
20
275.6933
0
VERTEX
8
CUT
10
127.1244
20
273.4169
0
VERTEX
8
CUT
10
124.6644
20
272.1720
0
VERTEX
8
CUT
10
121.9197
20
271.4244
0
VERTEX
8
CUT
10
119.1885
20
271.2727
0
VERTEX
8
CUT
10
116.4683
20
271.7106
0
VERTEX
8
CUT
10
113.2310
20
273.0936
0
VERTEX
8
CUT
10
113.1645
20
273.1335
0
VERTEX
8
CUT
10
113.1588
20
273.1369
0
VERTEX
8
CUT
10
113.1244
20
273.1575
0
VERTEX
8
CUT
10
112.9055
20
273.2887
0
VERTEX
8
CUT
10
110.5556
20
274.8869
0
VERTEX
8
CUT
10
110.4502
20
274.9835
0
VERTEX
8
CUT
10
110.4464
20
274.9869
0
VERTEX
8
CUT
10
110.4449
20
274.9883
0
VERTEX
8
CUT
10
110.3577
20
275.0682
0
VERTEX
8
CUT
10
109.7236
20
275.9692
0
VERTEX
8
CUT
10
109.4117
20
276.1058
0
VERTEX
8
CUT
10
105.8204
20
273.4655
0
VERTEX
8
CUT
10
103.9825
20
272.5433
0
VERTEX
8
CUT
10
102.1396
20
271.9157
0
VERTEX
8
CUT
10
100.2295
20
271.6059
0
VERTEX
8
CUT
10
99.2076
20
271.5914
0
VERTEX
8
CUT
10
97.5221
20
271.6862
0
VERTEX
8
CUT
10
97.0756
20
271.7438
0
VERTEX
8
CUT
10
96.5115
20
271.8753
0
VERTEX
8
CUT
10
96.2068
20
271.9463
0
VERTEX
8
CUT
10
95.6570
20
272.0744
0
VERTEX
8
CUT
10
95.3466
20
272.1467
0
VERTEX
8
CUT
10
94.5078
20
272.3865
0
VERTEX
8
CUT
10
91.1392
20
274.0157
0
VERTEX
8
CUT
10
90.3877
20
274.7050
0
VERTEX
8
CUT
10
90.1074
20
275.5768
0
VERTEX
8
CUT
10
89.7561
20
275.7804
0
VERTEX
8
CUT
10
86.9644
20
273.6124
0
VERTEX
8
CUT
10
84.9142
20
272.4354
0
VERTEX
8
CUT
10
82.8426
20
271.6446
0
VERTEX
8
CUT
10
80.7377
20
271.2524
0
VERTEX
8
CUT
10
77.8129
20
271.3515
0
VERTEX
8
CUT
10
76.2758
20
271.6083
0
VERTEX
8
CUT
10
76.2412
20
271.6156
0
VERTEX
8
CUT
10
73.9561
20
272.3901
0
VERTEX
8
CUT
10
70.8339
20
274.0780
0
VERTEX
8
CUT
10
69.8252
20
274.9342
0
VERTEX
8
CUT
10
69.4966
20
275.6756
0
VERTEX
8
CUT
10
69.1681
20
275.8274
0
VERTEX
8
CUT
10
66.8399
20
273.9734
0
VERTEX
8
CUT
10
64.8760
20
272.6869
0
VERTEX
8
CUT
10
63.0867
20
271.8678
0
VERTEX
8
CUT
10
61.1370
20
271.4249
0
VERTEX
8
CUT
10
59.3727
20
271.3350
0
VERTEX
8
CUT
10
58.0104
20
271.3094
0
VERTEX
8
CUT
10
54.5794
20
272.0071
0
VERTEX
8
CUT
10
50.8412
20
273.8410
0
VERTEX
8
CUT
10
50.0994
20
274.4518
0
VERTEX
8
CUT
10
49.6244
20
275.2807
0
VERTEX
8
CUT
10
49.3170
20
275.4003
0
VERTEX
8
CUT
10
45.8170
20
272.7662
0
VERTEX
8
CUT
10
43.1059
20
271.5507
0
VERTEX
8
CUT
10
40.2830
20
270.9488
0
VERTEX
8
CUT
10
40.0904
20
270.9228
0
VERTEX
8
CUT
10
40.0290
20
270.9145
0
VERTEX
8
CUT
10
40.0094
20
270.9119
0
VERTEX
8
CUT
10
39.9489
20
270.9037
0
VERTEX
8
CUT
10
36.7619
20
270.7879
0
VERTEX
8
CUT
10
34.0176
20
270.9697
0
VERTEX
8
CUT
10
33.7931
20
270.8695
0
VERTEX
8
CUT
10
33.5043
20
270.8828
0
VERTEX
8
CUT
10
33.2303
20
270.5266
0
VERTEX
8
CUT
10
33.0000
20
268.9129
0
VERTEX
8
CUT
10
32.3760
20
266.6504
0
VERTEX
8
CUT
10
31.2637
20
264.0329
0
VERTEX
8
CUT
10
29.6663
20
261.8846
0
VERTEX
8
CUT
10
24.9659
20
256.9008
0
VERTEX
8
CUT
10
25.2077
20
256.5405
0
VERTEX
8
CUT
10
26.0073
20
256.4353
0
VERTEX
8
CUT
10
26.7648
20
255.6916
0
VERTEX
8
CUT
10
27.9553
20
253.1838
0
VERTEX
8
CUT
10
28.9947
20
249.5959
0
VERTEX
8
CUT
10
29.1759
20
247.2718
0
VERTEX
8
CUT
10
29.1784
20
247.2284
0
VERTEX
8
CUT
10
29.1840
20
247.1291
0
VERTEX
8
CUT
10
29.1895
20
247.0335
0
VERTEX
8
CUT
10
29.2024
20
246.8061
0
VERTEX
8
CUT
10
28.9272
20
243.6977
0
VERTEX
8
CUT
10
28.0019
20
240.6269
0
VERTEX
8
CUT
10
25.9085
20
236.3877
0
VERTEX
8
CUT
10
27.5618
20
234.3640
0
VERTEX
8
CUT
10
27.9597
20
233.5589
0
VERTEX
8
CUT
10
28.0258
20
233.4093
0
VERTEX
8
CUT
10
28.0605
20
233.3307
0
VERTEX
8
CUT
10
28.1245
20
233.1859
0
VERTEX
8
CUT
10
28.9334
20
231.3556
0
VERTEX
8
CUT
10
29.5943
20
229.4151
0
VERTEX
8
CUT
10
29.6793
20
229.0239
0
VERTEX
8
CUT
10
29.9655
20
226.6557
0
VERTEX
8
CUT
10
29.7837
20
222.6254
0
VERTEX
8
CUT
10
29.2812
20
220.5101
0
VERTEX
8
CUT
10
29.2792
20
220.5056
0
VERTEX
8
CUT
10
29.2721
20
220.4896
0
VERTEX
8
CUT
10
29.2453
20
220.4295
0
VERTEX
8
CUT
10
29.1356
20
220.1828
0
VERTEX
8
CUT
10
27.5498
20
217.0259
0
VERTEX
8
CUT
10
26.2974
20
214.9898
0
VERTEX
8
CUT
10
26.5035
20
214.7729
0
VERTEX
8
CUT
10
26.5606
20
214.6386
0
VERTEX
8
CUT
10
26.7810
20
214.4809
0
VERTEX
8
CUT
10
27.6085
20
213.6102
0
VERTEX
8
CUT
10
28.9623
20
210.6727
0
VERTEX
8
CUT
10
29.6550
20
207.2482
0
VERTEX
8
CUT
10
29.6577
20
207.2265
0
VERTEX
8
CUT
10
29.6595
20
207.2117
0
VERTEX
8
CUT
10
29.6610
20
207.2002
0
VERTEX
8
CUT
10
29.6625
20
207.1880
0
VERTEX
8
CUT
10
29.6274
20
203.6191
0
VERTEX
8
CUT
10
28.8394
20
200.1336
0
VERTEX
8
CUT
10
28.1641
20
198.4692
0
VERTEX
8
CUT
10
25.6673
20
193.9863
0
VERTEX
8
CUT
10
25.7877
20
193.7084
0
VERTEX
8
CUT
10
26.7301
20
193.0641
0
VERTEX
8
CUT
10
27.4714
20
191.6970
0
VERTEX
8
CUT
10
28.1664
20
189.7018
0
VERTEX
8
CUT
10
28.9344
20
186.2586
0
VERTEX
8
CUT
10
29.0542
20
182.9667
0
VERTEX
8
CUT
10
28.5377
20
179.8069
0
VERTEX
8
CUT
10
27.8339
20
177.8109
0
VERTEX
8
CUT
10
25.1034
20
172.8370
0
VERTEX
8
CUT
10
26.1633
20
171.6814
0
VERTEX
8
CUT
10
26.4959
20
171.2445
0
VERTEX
8
CUT
10
27.7076
20
168.5317
0
VERTEX
8
CUT
10
28.5546
20
165.4400
0
VERTEX
8
CUT
10
28.8404
20
162.5009
0
VERTEX
8
CUT
10
28.6317
20
158.7715
0
VERTEX
8
CUT
10
28.2825
20
157.0670
0
VERTEX
8
CUT
10
27.9686
20
156.1292
0
VERTEX
8
CUT
10
27.2205
20
154.3679
0
VERTEX
8
CUT
10
25.6149
20
151.5720
0
VERTEX
8
CUT
10
26.9968
20
149.9612
0
VERTEX
8
CUT
10
27.0194
20
149.9275
0
VERTEX
8
CUT
10
27.0294
20
149.9125
0
VERTEX
8
CUT
10
27.0387
20
149.8987
0
VERTEX
8
CUT
10
27.0765
20
149.8423
0
VERTEX
8
CUT
10
28.5660
20
145.7729
0
VERTEX
8
CUT
10
28.9945
20
142.4466
0
VERTEX
8
CUT
10
28.9017
20
139.0818
0
VERTEX
8
CUT
10
28.2197
20
135.9823
0
VERTEX
8
CUT
10
27.4611
20
134.1779
0
VERTEX
8
CUT
10
27.3694
20
133.9599
0
VERTEX
8
CUT
10
27.2616
20
133.7033
0
VERTEX
8
CUT
10
27.1260
20
133.3808
0
VERTEX
8
CUT
10
25.6620
20
130.6037
0
VERTEX
8
CUT
10
27.3072
20
128.4853
0
VERTEX
8
CUT
10
28.6478
20
125.2515
0
VERTEX
8
CUT
10
28.7581
20
124.7508
0
VERTEX
8
CUT
10
29.0860
20
122.3476
0
VERTEX
8
CUT
10
29.1474
20
118.8495
0
VERTEX
8
CUT
10
28.5246
20
115.6126
0
VERTEX
8
CUT
10
27.6349
20
113.4392
0
VERTEX
8
CUT
10
25.9137
20
110.1558
0
VERTEX
8
CUT
10
26.0958
20
109.8707
0
VERTEX
8
CUT
10
27.0819
20
109.4471
0
VERTEX
8
CUT
10
27.4830
20
108.9920
0
VERTEX
8
CUT
10
28.3337
20
107.5189
0
VERTEX
8
CUT
10
28.9169
20
106.2645
0
VERTEX
8
CUT
10
29.7817
20
103.8765
0
VERTEX
8
CUT
10
30.2376
20
100.0448
0
VERTEX
8
CUT
10
30.0817
20
97.4668
0
VERTEX
8
CUT
10
29.5366
20
95.2867
0
VERTEX
8
CUT
10
29.5328
20
95.2772
0
VERTEX
8
CUT
10
29.5325
20
95.2765
0
VERTEX
8
CUT
10
29.5262
20
95.2604
0
VERTEX
8
CUT
10
29.5192
20
95.2427
0
VERTEX
8
CUT
10
28.5416
20
93.1019
0
VERTEX
8
CUT
10
26.5811
20
89.8056
0
VERTEX
8
CUT
10
27.9385
20
88.5257
0
VERTEX
8
CUT
10
29.3234
20
85.9575
0
VERTEX
8
CUT
10
30.1408
20
82.8687
0
VERTEX
8
CUT
10
30.3870
20
79.5636
0
VERTEX
8
CUT
10
30.3869
20
79.5633
0
VERTEX
8
CUT
10
30.3867
20
79.5593
0
VERTEX
8
CUT
10
30.3819
20
79.4875
0
VERTEX
8
CUT
10
30.3728
20
79.3508
0
VERTEX
8
CUT
10
30.2624
20
77.9463
0
VERTEX
8
CUT
10
29.5196
20
74.9043
0
VERTEX
8
CUT
10
28.4496
20
72.7063
0
VERTEX
8
CUT
10
26.2822
20
69.1759
0
VERTEX
8
CUT
10
26.4712
20
68.8679
0
VERTEX
8
CUT
10
27.1831
20
68.6511
0
VERTEX
8
CUT
10
27.9739
20
67.8033
0
VERTEX
8
CUT
10
29.1994
20
65.6171
0
VERTEX
8
CUT
10
29.3396
20
65.3269
0
VERTEX
8
CUT
10
30.1990
20
62.7555
0
VERTEX
8
CUT
10
30.6320
20
59.7630
0
VERTEX
8
CUT
10
30.6583
20
57.5889
0
VERTEX
8
CUT
10
30.6236
20
57.3247
0
VERTEX
8
CUT
10
30.6217
20
57.3097
0
VERTEX
8
CUT
10
30.6099
20
57.2197
0
VERTEX
8
CUT
10
30.5926
20
57.0879
0
VERTEX
8
CUT
10
30.0815
20
54.3448
0
VERTEX
8
CUT
10
29.2164
20
52.1168
0
VERTEX
8
CUT
10
27.5483
20
48.7918
0
VERTEX
8
CUT
10
27.7473
20
48.5262
0
VERTEX
8
CUT
10
28.4931
20
48.3176
0
VERTEX
8
CUT
10
28.5602
20
48.2633
0
VERTEX
8
CUT
10
28.5619
20
48.2619
0
VERTEX
8
CUT
10
28.5635
20
48.2606
0
VERTEX
8
CUT
10
28.6021
20
48.2295
0
VERTEX
8
CUT
10
29.2283
20
47.5467
0
VERTEX
8
CUT
10
29.6940
20
46.9816
0
VERTEX
8
CUT
10
31.3556
20
44.4763
0
VERTEX
8
CUT
10
32.5319
20
42.2120
0
VERTEX
8
CUT
10
33.4455
20
38.8007
0
VERTEX
8
CUT
10
33.8365
20
32.8531
0
VERTEX
8
CUT
10
34.1853
20
32.6461
0
VERTEX
8
CUT
10
37.2035
20
32.9929
0
VERTEX
8
CUT
10
38.6357
20
32.9632
0
VERTEX
8
CUT
10
40.4361
20
32.6801
0
VERTEX
8
CUT
10
41.0091
20
32.5572
0
VERTEX
8
CUT
10
41.2042
20
32.5153
0
VERTEX
8
CUT
10
41.4641
20
32.4595
0
VERTEX
8
CUT
10
41.7723
20
32.3934
0
VERTEX
8
CUT
10
42.6315
20
32.1090
0
VERTEX
8
CUT
10
42.8177
20
32.0272
0
VERTEX
8
CUT
10
43.1081
20
31.8703
0
VERTEX
8
CUT
10
43.2493
20
31.7940
0
VERTEX
8
CUT
10
43.4508
20
31.6852
0
VERTEX
8
CUT
10
44.8838
20
30.9111
0
VERTEX
8
CUT
10
46.1445
20
30.0822
0
VERTEX
8
CUT
10
47.0494
20
29.1467
0
VERTEX
8
CUT
10
47.5582
20
27.8701
0
VERTEX
8
CUT
10
47.9300
20
27.8374
0
VERTEX
8
CUT
10
50.4527
20
29.3888
0
VERTEX
8
CUT
10
50.6275
20
29.4693
0
VERTEX
8
CUT
10
51.2078
20
29.7365
0
VERTEX
8
CUT
10
51.3780
20
29.8149
0
VERTEX
8
CUT
10
52.2607
20
30.2213
0
VERTEX
8
CUT
10
53.7603
20
30.7920
0
VERTEX
8
CUT
10
54.0881
20
30.8907
0
VERTEX
8
CUT
10
54.6407
20
31.0570
0
VERTEX
8
CUT
10
54.7965
20
31.1039
0
VERTEX
8
CUT
10
54.8559
20
31.1218
0
VERTEX
8
CUT
10
56.1899
20
31.2988
0
VERTEX
8
CUT
10
58.3521
20
31.2675
0
VERTEX
8
CUT
10
61.2662
20
30.9276
0
VERTEX
8
CUT
10
63.7497
20
30.1706
0
VERTEX
8
CUT
10
63.7623
20
30.1654
0
VERTEX
8
CUT
10
63.7644
20
30.1646
0
VERTEX
8
CUT
10
63.7665
20
30.1637
0
VERTEX
8
CUT
10
63.7678
20
30.1632
0
VERTEX
8
CUT
10
66.3709
20
28.7583
0
VERTEX
8
CUT
10
69.7167
20
26.4119
0
VERTEX
8
CUT
10
70.0020
20
26.5865
0
VERTEX
8
CUT
10
70.2711
20
27.5270
0
VERTEX
8
CUT
10
70.8001
20
28.1223
0
VERTEX
8
CUT
10
70.8163
20
28.1339
0
VERTEX
8
CUT
10
70.8411
20
28.1515
0
VERTEX
8
CUT
10
70.9318
20
28.2161
0
SEQEND
0
POLYLINE
8
CUT
66
1
70
1
10
0.0
20
0.0
30
0.0
0
VERTEX
8
CUT
10
271.0373
20
294.8318
0
VERTEX
8
CUT
10
254.2721
20
294.8466
0
VERTEX
8
CUT
10
254.2070
20
294.7873
0
VERTEX
8
CUT
10
253.4535
20
294.7894
0
VERTEX
8
CUT
10
253.0624
20
294.4096
0
VERTEX
8
CUT
10
253.3224
20
294.0316
0
VERTEX
8
CUT
10
257.2582
20
293.2232
0
VERTEX
8
CUT
10
262.0727
20
291.2365
0
VERTEX
8
CUT
10
262.8960
20
291.0564
0
VERTEX
8
CUT
10
263.2211
20
291.1391
0
VERTEX
8
CUT
10
263.5318
20
291.6154
0
VERTEX
8
CUT
10
264.3437
20
292.1777
0
VERTEX
8
CUT
10
266.6790
20
293.0724
0
VERTEX
8
CUT
10
268.7261
20
293.5695
0
VERTEX
8
CUT
10
271.7545
20
293.9735
0
VERTEX
8
CUT
10
272.0411
20
294.3818
0
VERTEX
8
CUT
10
271.6533
20
294.7399
0
VERTEX
8
CUT
10
271.1280
20
294.7413
0
SEQEND
0
POLYLINE
8
CUT
66
1
70
1
10
0.0
20
0.0
30
0.0
0
VERTEX
8
CUT
10
260.8139
20
283.9806
0
VERTEX
8
CUT
10
260.2413
20
283.2777
0
VERTEX
8
CUT
10
254.9191
20
278.6873
0
VERTEX
8
CUT
10
254.8486
20
278.4026
0
VERTEX
8
CUT
10
255.0271
20
278.1278
0
VERTEX
8
CUT
10
256.9962
20
277.2327
0
VERTEX
8
CUT
10
257.2459
20
277.0947
0
VERTEX
8
CUT
10
257.5429
20
276.9842
0
VERTEX
8
CUT
10
257.7002
20
276.9127
0
VERTEX
8
CUT
10
258.9051
20
276.4351
0
VERTEX
8
CUT
10
260.4710
20
276.2391
0
VERTEX
8
CUT
10
261.1088
20
276.2710
0
VERTEX
8
CUT
10
261.1367
20
276.2685
0
VERTEX
8
CUT
10
263.5881
20
276.3898
0
VERTEX
8
CUT
10
263.6169
20
276.3967
0
VERTEX
8
CUT
10
264.0157
20
276.4167
0
VERTEX
8
CUT
10
265.8156
20
276.8266
0
VERTEX
8
CUT
10
268.0714
20
278.0680
0
VERTEX
8
CUT
10
268.7708
20
278.7902
0
VERTEX
8
CUT
10
268.6438
20
279.0926
0
VERTEX
8
CUT
10
267.0988
20
280.2366
0
VERTEX
8
CUT
10
263.9124
20
283.1493
0
VERTEX
8
CUT
10
261.4042
20
284.9588
0
VERTEX
8
CUT
10
261.0785
20
284.7771
0
SEQEND
0
POLYLINE
8
CUT
66
1
70
1
10
0.0
20
0.0
30
0.0
0
VERTEX
8
CUT
10
261.4351
20
18.3219
0
VERTEX
8
CUT
10
262.0063
20
18.7579
0
VERTEX
8
CUT
10
263.2749
20
19.9236
0
VERTEX
8
CUT
10
266.5900
20
22.8727
0
VERTEX
8
CUT
10
268.2648
20
24.0500
0
VERTEX
8
CUT
10
268.1898
20
24.3798
0
VERTEX
8
CUT
10
266.6495
20
25.5112
0
VERTEX
8
CUT
10
264.5318
20
26.3277
0
VERTEX
8
CUT
10
263.2664
20
26.4855
0
VERTEX
8
CUT
10
262.9987
20
26.4855
0
VERTEX
8
CUT
10
262.4817
20
26.5750
0
VERTEX
8
CUT
10
262.0611
20
26.5403
0
VERTEX
8
CUT
10
262.0301
20
26.5442
0
VERTEX
8
CUT
10
261.2713
20
26.4852
0
VERTEX
8
CUT
10
260.3092
20
26.4850
0
VERTEX
8
CUT
10
258.8459
20
26.2586
0
VERTEX
8
CUT
10
256.0957
20
24.9935
0
VERTEX
8
CUT
10
254.5050
20
24.5136
0
VERTEX
8
CUT
10
254.2895
20
24.1692
0
VERTEX
8
CUT
10
259.3604
20
19.1143
0
VERTEX
8
CUT
10
259.9633
20
18.2316
0
VERTEX
8
CUT
10
260.0831
20
17.7106
0
VERTEX
8
CUT
10
260.3941
20
17.5274
0
VERTEX
8
CUT
10
261.1376
20
18.0949
0
VERTEX
8
CUT
10
261.1490
20
18.0950
0
SEQEND
0
POLYLINE
8
CUT
66
1
70
1
10
0.0
20
0.0
30
0.0
0
VERTEX
8
CUT
10
256.0047
20
288.0507
0
VERTEX
8
CUT
10
255.3689
20
288.2338
0
VERTEX
8
CUT
10
254.5053
20
288.5854
0
VERTEX
8
CUT
10
251.2470
20
289.0303
0
VERTEX
8
CUT
10
251.0469
20
289.0197
0
VERTEX
8
CUT
10
250.5124
20
289.0896
0
VERTEX
8
CUT
10
249.5703
20
288.9416
0
VERTEX
8
CUT
10
247.9008
20
288.8532
0
VERTEX
8
CUT
10
244.1463
20
287.8820
0
VERTEX
8
CUT
10
244.1146
20
287.3400
0
VERTEX
8
CUT
10
248.5043
20
283.1521
0
VERTEX
8
CUT
10
249.4486
20
281.8047
0
VERTEX
8
CUT
10
249.8419
20
281.8613
0
VERTEX
8
CUT
10
256.5212
20
287.2253
0
VERTEX
8
CUT
10
256.5597
20
287.7488
0
VERTEX
8
CUT
10
256.0811
20
287.9438
0
SEQEND
0
POLYLINE
8
CUT
66
1
70
1
10
0.0
20
0.0
30
0.0
0
VERTEX
8
CUT
10
256.3653
20
14.8961
0
VERTEX
8
CUT
10
255.1072
20
15.7717
0
VERTEX
8
CUT
10
254.9289
20
15.9252
0
VERTEX
8
CUT
10
254.8752
20
15.9715
0
VERTEX
8
CUT
10
254.7858
20
16.0484
0
VERTEX
8
CUT
10
254.3897
20
16.3894
0
VERTEX
8
CUT
10
251.3980
20
19.1487
0
VERTEX
8
CUT
10
249.8368
20
20.3249
0
VERTEX
8
CUT
10
246.7040
20
17.0482
0
VERTEX
8
CUT
10
244.4362
20
14.8032
0
VERTEX
8
CUT
10
244.4489
20
14.6896
0
VERTEX
8
CUT
10
244.1107
20
14.3359
0
VERTEX
8
CUT
10
244.3349
20
13.9709
0
VERTEX
8
CUT
10
247.6342
20
12.8150
0
VERTEX
8
CUT
10
247.9219
20
12.7775
0
VERTEX
8
CUT
10
248.1334
20
12.7017
0
VERTEX
8
CUT
10
248.7322
20
12.6719
0
VERTEX
8
CUT
10
250.4173
20
12.4525
0
VERTEX
8
CUT
10
253.0953
20
12.7877
0
VERTEX
8
CUT
10
253.5669
20
12.9786
0
VERTEX
8
CUT
10
253.5865
20
12.9823
0
VERTEX
8
CUT
10
253.6746
20
13.0222
0
VERTEX
8
CUT
10
255.5309
20
13.7735
0
VERTEX
8
CUT
10
256.3671
20
14.3480
0
SEQEND
0
POLYLINE
8
CUT
66
1
70
1
10
0.0
20
0.0
30
0.0
0
VERTEX
8
CUT
10
247.6571
20
294.0586
0
VERTEX
8
CUT
10
247.8663
20
294.5675
0
VERTEX
8
CUT
10
247.5073
20
294.8081
0
VERTEX
8
CUT
10
246.9818
20
294.8085
0
VERTEX
8
CUT
10
246.9426
20
294.8485
0
VERTEX
8
CUT
10
232.4685
20
294.8466
0
VERTEX
8
CUT
10
232.4366
20
294.8178
0
VERTEX
8
CUT
10
231.8723
20
294.8182
0
VERTEX
8
CUT
10
231.5006
20
294.5463
0
VERTEX
8
CUT
10
231.7128
20
294.0723
0
VERTEX
8
CUT
10
234.9676
20
293.1874
0
VERTEX
8
CUT
10
239.4684
20
291.0321
0
VERTEX
8
CUT
10
240.0079
20
290.9911
0
VERTEX
8
CUT
10
240.6860
20
291.7798
0
VERTEX
8
CUT
10
241.5572
20
292.2970
0
VERTEX
8
CUT
10
243.4536
20
293.1084
0
VERTEX
8
CUT
10
244.9358
20
293.5693
0
SEQEND
0
POLYLINE
8
CUT
66
1
70
1
10
0.0
20
0.0
30
0.0
0
VERTEX
8
CUT
10
233.3666
20
279.4442
0
VERTEX
8
CUT
10
233.4886
20
278.9144
0
VERTEX
8
CUT
10
236.3679
20
277.4583
0
VERTEX
8
CUT
10
238.2465
20
276.9084
0
VERTEX
8
CUT
10
239.7413
20
276.8146
0
VERTEX
8
CUT
10
240.5699
20
276.8775
0
VERTEX
8
CUT
10
240.8107
20
276.8735
0
VERTEX
8
CUT
10
241.0556
20
276.9143
0
VERTEX
8
CUT
10
242.0720
20
276.9913
0
VERTEX
8
CUT
10
243.3736
20
277.3264
0
VERTEX
8
CUT
10
244.6865
20
277.9720
0
VERTEX
8
CUT
10
245.7877
20
278.7268
0
VERTEX
8
CUT
10
245.9179
20
278.9943
0
VERTEX
8
CUT
10
245.7659
20
279.3278
0
VERTEX
8
CUT
10
243.8753
20
280.4031
0
VERTEX
8
CUT
10
241.4699
20
282.3296
0
VERTEX
8
CUT
10
240.2844
20
283.3236
0
VERTEX
8
CUT
10
239.9101
20
283.5789
0
VERTEX
8
CUT
10
238.5890
20
284.6369
0
VERTEX
8
CUT
10
238.2597
20
284.4844
0
VERTEX
8
CUT
10
237.4716
20
283.2979
0
VERTEX
8
CUT
10
237.3420
20
283.1410
0
SEQEND
0
POLYLINE
8
CUT
66
1
70
1
10
0.0
20
0.0
30
0.0
0
VERTEX
8
CUT
10
242.1046
20
20.2704
0
VERTEX
8
CUT
10
245.6618
20
23.3200
0
VERTEX
8
CUT
10
245.5566
20
23.6373
0
VERTEX
8
CUT
10
245.1375
20
23.8780
0
VERTEX
8
CUT
10
244.8646
20
24.1459
0
VERTEX
8
CUT
10
243.2498
20
24.8534
0
VERTEX
8
CUT
10
242.1110
20
25.1023
0
VERTEX
8
CUT
10
241.5196
20
25.2955
0
VERTEX
8
CUT
10
240.1889
20
25.3615
0
VERTEX
8
CUT
10
238.8632
20
25.1846
0
VERTEX
8
CUT
10
237.5025
20
24.7415
0
VERTEX
8
CUT
10
234.4873
20
23.2603
0
VERTEX
8
CUT
10
234.2808
20
22.9140
0
VERTEX
8
CUT
10
237.4108
20
19.5450
0
VERTEX
8
CUT
10
238.0708
20
18.6847
0
VERTEX
8
CUT
10
238.4581
20
17.6038
0
VERTEX
8
CUT
10
238.7782
20
17.4187
0
VERTEX
8
CUT
10
241.9004
20
20.0953
0
VERTEX
8
CUT
10
241.9851
20
20.1598
0
SEQEND
0
POLYLINE
8
CUT
66
1
70
1
10
0.0
20
0.0
30
0.0
0
VERTEX
8
CUT
10
234.4828
20
13.9905
0
VERTEX
8
CUT
10
234.4948
20
14.0094
0
VERTEX
8
CUT
10
234.9620
20
14.2782
0
VERTEX
8
CUT
10
234.9366
20
14.8066
0
VERTEX
8
CUT
10
230.0979
20
18.8241
0
VERTEX
8
CUT
10
229.8055
20
18.6727
0
VERTEX
8
CUT
10
225.7366
20
13.4885
0
VERTEX
8
CUT
10
226.0646
20
13.1269
0
VERTEX
8
CUT
10
229.5648
20
12.6644
0
VERTEX
8
CUT
10
230.8582
20
12.6659
0
VERTEX
8
CUT
10
232.9229
20
13.1050
0
VERTEX
8
CUT
10
234.3204
20
13.9091
0
SEQEND
0
POLYLINE
8
CUT
66
1
70
1
10
0.0
20
0.0
30
0.0
0
VERTEX
8
CUT
10
223.7183
20
288.1377
0
VERTEX
8
CUT
10
223.6711
20
287.5939
0
VERTEX
8
CUT
10
226.4412
20
284.9179
0
VERTEX
8
CUT
10
226.7773
20
284.5463
0
VERTEX
8
CUT
10
227.1949
20
284.1753
0
VERTEX
8
CUT
10
228.1985
20
282.5689
0
VERTEX
8
CUT
10
228.5592
20
282.6272
0
VERTEX
8
CUT
10
231.0189
20
284.8291
0
VERTEX
8
CUT
10
234.1133
20
287.2264
0
VERTEX
8
CUT
10
234.1597
20
287.7700
0
VERTEX
8
CUT
10
232.4316
20
288.5598
0
VERTEX
8
CUT
10
229.6070
20
289.0303
0
VERTEX
8
CUT
10
226.4671
20
288.8224
0
SEQEND
0
POLYLINE
8
CUT
66
1
70
1
10
0.0
20
0.0
30
0.0
0
VERTEX
8
CUT
10
224.7466
20
20.5567
0
VERTEX
8
CUT
10
226.5677
20
21.8737
0
VERTEX
8
CUT
10
226.5314
20
22.1746
0
VERTEX
8
CUT
10
225.6180
20
22.9060
0
VERTEX
8
CUT
10
225.5909
20
22.9534
0
VERTEX
8
CUT
10
224.1827
20
23.8359
0
VERTEX
8
CUT
10
224.1498
20
23.8478
0
VERTEX
8
CUT
10
223.6105
20
24.1833
0
VERTEX
8
CUT
10
222.0253
20
24.7534
0
VERTEX
8
CUT
10
221.1063
20
24.7374
0
VERTEX
8
CUT
10
220.1830
20
24.8157
0
VERTEX
8
CUT
10
219.1498
20
24.7032
0
VERTEX
8
CUT
10
218.7764
20
24.6967
0
VERTEX
8
CUT
10
215.2573
20
23.7412
0
VERTEX
8
CUT
10
214.9819
20
23.4122
0
VERTEX
8
CUT
10
215.0617
20
23.1278
0
VERTEX
8
CUT
10
217.9786
20
19.9491
0
VERTEX
8
CUT
10
220.4153
20
16.8684
0
VERTEX
8
CUT
10
220.7377
20
16.9562
0
VERTEX
8
CUT
10
222.3208
20
18.3781
0
VERTEX
8
CUT
10
222.9188
20
18.8825
0
VERTEX
8
CUT
10
223.1789
20
19.1487
0
SEQEND
0
POLYLINE
8
CUT
66
1
70
1
10
0.0
20
0.0
30
0.0
0
VERTEX
8
CUT
10
225.8996
20
294.8182
0
VERTEX
8
CUT
10
225.6183
20
294.8183
0
VERTEX
8
CUT
10
225.6180
20
294.8184
0
VERTEX
8
CUT
10
225.2514
20
294.8189
0
VERTEX
8
CUT
10
225.2215
20
294.8485
0
VERTEX
8
CUT
10
212.5614
20
294.8467
0
VERTEX
8
CUT
10
212.5483
20
294.8338
0
VERTEX
8
CUT
10
212.1516
20
294.8343
0
VERTEX
8
CUT
10
212.1419
20
294.8255
0
VERTEX
8
CUT
10
211.6048
20
294.8258
0
VERTEX
8
CUT
10
211.2145
20
294.4392
0
VERTEX
8
CUT
10
211.4499
20
294.0777
0
VERTEX
8
CUT
10
215.2354
20
293.0490
0
VERTEX
8
CUT
10
219.5401
20
291.2865
0
VERTEX
8
CUT
10
219.8377
20
291.4232
0
VERTEX
8
CUT
10
220.0816
20
291.8807
0
VERTEX
8
CUT
10
221.2946
20
292.6432
0
VERTEX
8
CUT
10
223.6778
20
293.5056
0
VERTEX
8
CUT
10
226.0350
20
294.0625
0
VERTEX
8
CUT
10
226.2835
20
294.4970
0
SEQEND
0
POLYLINE
8
CUT
66
1
70
1
10
0.0
20
0.0
30
0.0
0
VERTEX
8
CUT
10
220.3644
20
276.9680
0
VERTEX
8
CUT
10
221.9256
20
277.2883
0
VERTEX
8
CUT
10
223.5040
20
278.1248
0
VERTEX
8
CUT
10
224.0606
20
278.5585
0
VERTEX
8
CUT
10
224.1549
20
278.6088
0
VERTEX
8
CUT
10
224.2128
20
278.6772
0
VERTEX
8
CUT
10
224.6934
20
279.0517
0
VERTEX
8
CUT
10
224.8319
20
279.3549
0
VERTEX
8
CUT
10
224.6856
20
279.6543
0
VERTEX
8
CUT
10
223.4318
20
280.5096
0
VERTEX
8
CUT
10
219.6012
20
283.8276
0
VERTEX
8
CUT
10
218.2684
20
284.6918
0
VERTEX
8
CUT
10
213.3076
20
279.3943
0
VERTEX
8
CUT
10
213.4072
20
278.8576
0
VERTEX
8
CUT
10
216.0778
20
277.6031
0
VERTEX
8
CUT
10
217.3656
20
277.1156
0
VERTEX
8
CUT
10
218.8327
20
276.9352
0
SEQEND
0
POLYLINE
8
CUT
66
1
70
1
10
0.0
20
0.0
30
0.0
0
VERTEX
8
CUT
10
215.1290
20
15.3729
0
VERTEX
8
CUT
10
214.6324
20
15.8104
0
VERTEX
8
CUT
10
213.6366
20
16.6875
0
VERTEX
8
CUT
10
212.7443
20
17.4735
0
VERTEX
8
CUT
10
210.5994
20
19.5279
0
VERTEX
8
CUT
10
210.3916
20
19.5460
0
VERTEX
8
CUT
10
210.3342
20
19.5966
0
VERTEX
8
CUT
10
210.2426
20
19.5590
0
VERTEX
8
CUT
10
210.1917
20
19.5635
0
VERTEX
8
CUT
10
210.1507
20
19.5214
0
VERTEX
8
CUT
10
210.0326
20
19.4729
0
VERTEX
8
CUT
10
209.8272
20
19.1884
0
VERTEX
8
CUT
10
205.1045
20
14.3268
0
VERTEX
8
CUT
10
205.1285
20
13.7757
0
VERTEX
8
CUT
10
208.0023
20
12.8048
0
VERTEX
8
CUT
10
208.5204
20
12.7407
0
VERTEX
8
CUT
10
208.6862
20
12.6862
0
VERTEX
8
CUT
10
210.6754
20
12.3920
0
VERTEX
8
CUT
10
211.0833
20
12.4234
0
VERTEX
8
CUT
10
211.3504
20
12.3903
0
VERTEX
8
CUT
10
212.3421
20
12.5202
0
VERTEX
8
CUT
10
212.9378
20
12.5660
0
VERTEX
8
CUT
10
213.2021
20
12.6328
0
VERTEX
8
CUT
10
214.2438
20
12.7692
0
VERTEX
8
CUT
10
215.2133
20
13.2435
0
VERTEX
8
CUT
10
216.1042
20
13.5923
0
VERTEX
8
CUT
10
216.2289
20
13.7404
0
VERTEX
8
CUT
10
216.6798
20
13.9610
0
VERTEX
8
CUT
10
216.6308
20
14.4844
0
VERTEX
8
CUT
10
215.3858
20
15.1467
0
SEQEND
0
POLYLINE
8
CUT
66
1
70
1
10
0.0
20
0.0
30
0.0
0
VERTEX
8
CUT
10
210.6826
20
288.7872
0
VERTEX
8
CUT
10
209.3394
20
289.0614
0
VERTEX
8
CUT
10
207.2095
20
288.9414
0
VERTEX
8
CUT
10
207.0665
20
288.9046
0
VERTEX
8
CUT
10
203.8304
20
288.5378
0
VERTEX
8
CUT
10
203.5451
20
288.3001
0
VERTEX
8
CUT
10
203.6120
20
287.9007
0
VERTEX
8
CUT
10
208.5285
20
282.8341
0
VERTEX
8
CUT
10
208.8462
20
282.9339
0
VERTEX
8
CUT
10
214.0740
20
287.5548
0
VERTEX
8
CUT
10
213.9621
20
287.8713
0
VERTEX
8
CUT
10
213.4373
20
288.1788
0
VERTEX
8
CUT
10
211.4277
20
288.7617
0
SEQEND
0
POLYLINE
8
CUT
66
1
70
1
10
0.0
20
0.0
30
0.0
0
VERTEX
8
CUT
10
202.0849
20
9.4529
0
VERTEX
8
CUT
10
201.8459
20
9.6724
0
VERTEX
8
CUT
10
201.8408
20
9.6772
0
VERTEX
8
CUT
10
201.8404
20
9.6775
0
VERTEX
8
CUT
10
201.8404
20
9.6775
0
VERTEX
8
CUT
10
200.9514
20
10.5724
0
VERTEX
8
CUT
10
196.6165
20
7.9665
0
VERTEX
8
CUT
10
195.0133
20
7.3474
0
VERTEX
8
CUT
10
193.2378
20
6.9268
0
VERTEX
8
CUT
10
193.0074
20
6.4901
0
VERTEX
8
CUT
10
193.3896
20
6.1776
0
VERTEX
8
CUT
10
208.6533
20
6.1776
0
VERTEX
8
CUT
10
209.0432
20
6.5603
0
VERTEX
8
CUT
10
208.7790
20
6.9367
0
VERTEX
8
CUT
10
206.2590
20
7.5582
0
VERTEX
8
CUT
10
203.1746
20
8.8111
0
SEQEND
0
POLYLINE
8
CUT
66
1
70
1
10
0.0
20
0.0
30
0.0
0
VERTEX
8
CUT
10
203.2788
20
24.6063
0
VERTEX
8
CUT
10
201.2448
20
24.8177
0
VERTEX
8
CUT
10
199.3675
20
24.6680
0
VERTEX
8
CUT
10
196.4654
20
23.5415
0
VERTEX
8
CUT
10
196.1918
20
23.4419
0
VERTEX
8
CUT
10
196.0950
20
23.4067
0
VERTEX
8
CUT
10
196.0544
20
23.3919
0
VERTEX
8
CUT
10
195.9877
20
23.3676
0
VERTEX
8
CUT
10
194.9279
20
23.1394
0
VERTEX
8
CUT
10
194.6975
20
22.8114
0
VERTEX
8
CUT
10
194.7913
20
22.5282
0
VERTEX
8
CUT
10
199.1759
20
17.9650
0
VERTEX
8
CUT
10
199.4385
20
17.5579
0
VERTEX
8
CUT
10
199.7016
20
17.4179
0
VERTEX
8
CUT
10
199.8071
20
17.3081
0
VERTEX
8
CUT
10
200.6052
20
17.8093
0
VERTEX
8
CUT
10
205.2857
20
21.8849
0
VERTEX
8
CUT
10
206.5226
20
22.7655
0
VERTEX
8
CUT
10
206.4326
20
23.0871
0
VERTEX
8
CUT
10
205.0740
20
24.0685
0
SEQEND
0
POLYLINE
8
CUT
66
1
70
1
10
0.0
20
0.0
30
0.0
0
VERTEX
8
CUT
10
205.6783
20
294.0715
0
VERTEX
8
CUT
10
205.6896
20
294.0911
0
VERTEX
8
CUT
10
205.6951
20
294.0923
0
VERTEX
8
CUT
10
205.9414
20
294.4512
0
VERTEX
8
CUT
10
205.9127
20
294.4802
0
VERTEX
8
CUT
10
205.9369
20
294.5224
0
VERTEX
8
CUT
10
205.6030
20
294.7933
0
VERTEX
8
CUT
10
205.5519
20
294.8449
0
VERTEX
8
CUT
10
204.8347
20
294.8453
0
VERTEX
8
CUT
10
204.8280
20
294.8485
0
VERTEX
8
CUT
10
203.3076
20
294.8462
0
VERTEX
8
CUT
10
192.5253
20
294.8525
0
VERTEX
8
CUT
10
192.5163
20
294.8443
0
VERTEX
8
CUT
10
192.2507
20
294.8446
0
VERTEX
8
CUT
10
191.8604
20
294.4620
0
VERTEX
8
CUT
10
192.0893
20
294.0993
0
VERTEX
8
CUT
10
195.4902
20
293.1057
0
VERTEX
8
CUT
10
199.6615
20
291.1326
0
VERTEX
8
CUT
10
199.9922
20
291.2998
0
VERTEX
8
CUT
10
200.2105
20
291.9623
0
VERTEX
8
CUT
10
200.9551
20
292.5890
0
VERTEX
8
CUT
10
203.3955
20
293.5530
0
SEQEND
0
POLYLINE
8
CUT
66
1
70
1
10
0.0
20
0.0
30
0.0
0
VERTEX
8
CUT
10
203.3144
20
278.3139
0
VERTEX
8
CUT
10
203.7956
20
278.5400
0
VERTEX
8
CUT
10
204.0696
20
278.7989
0
VERTEX
8
CUT
10
204.9455
20
279.3614
0
VERTEX
8
CUT
10
204.9209
20
279.9155
0
VERTEX
8
CUT
10
203.0301
20
281.0068
0
VERTEX
8
CUT
10
198.9459
20
284.6362
0
VERTEX
8
CUT
10
198.3167
20
284.9877
0
VERTEX
8
CUT
10
198.0358
20
284.8678
0
VERTEX
8
CUT
10
196.7651
20
283.1966
0
VERTEX
8
CUT
10
195.2582
20
281.5819
0
VERTEX
8
CUT
10
193.4927
20
279.8597
0
VERTEX
8
CUT
10
193.5079
20
279.7066
0
VERTEX
8
CUT
10
193.1463
20
279.3192
0
VERTEX
8
CUT
10
193.3804
20
278.9636
0
VERTEX
8
CUT
10
196.7379
20
277.6092
0
VERTEX
8
CUT
10
196.7998
20
277.5799
0
VERTEX
8
CUT
10
196.8244
20
277.5743
0
VERTEX
8
CUT
10
197.0046
20
277.5015
0
VERTEX
8
CUT
10
197.5990
20
277.3983
0
VERTEX
8
CUT
10
198.7123
20
277.1454
0
VERTEX
8
CUT
10
199.0499
20
277.1463
0
VERTEX
8
CUT
10
199.7198
20
277.0299
0
VERTEX
8
CUT
10
200.9789
20
277.2048
0
VERTEX
8
CUT
10
202.2753
20
277.6466
0
SEQEND
0
POLYLINE
8
CUT
66
1
70
1
10
0.0
20
0.0
30
0.0
0
VERTEX
8
CUT
10
186.1660
20
13.7407
0
VERTEX
8
CUT
10
186.2323
20
13.2038
0
VERTEX
8
CUT
10
188.6996
20
12.4120
0
VERTEX
8
CUT
10
189.3656
20
12.3554
0
VERTEX
8
CUT
10
189.5242
20
12.3019
0
VERTEX
8
CUT
10
190.7282
20
12.2382
0
VERTEX
8
CUT
10
190.7333
20
12.2391
0
VERTEX
8
CUT
10
191.8327
20
12.1457
0
VERTEX
8
CUT
10
193.9759
20
12.7844
0
VERTEX
8
CUT
10
194.9697
20
13.4276
0
VERTEX
8
CUT
10
195.4300
20
13.6709
0
VERTEX
8
CUT
10
195.5109
20
13.7779
0
VERTEX
8
CUT
10
195.8400
20
13.9909
0
VERTEX
8
CUT
10
195.7898
20
14.5073
0
VERTEX
8
CUT
10
193.7556
20
15.9776
0
VERTEX
8
CUT
10
191.1852
20
18.2691
0
VERTEX
8
CUT
10
190.4973
20
18.6916
0
VERTEX
8
CUT
10
189.5403
20
17.5309
0
VERTEX
8
CUT
10
187.0751
20
14.7379
0
SEQEND
0
POLYLINE
8
CUT
66
1
70
1
10
0.0
20
0.0
30
0.0
0
VERTEX
8
CUT
10
189.3144
20
289.1807
0
VERTEX
8
CUT
10
186.3088
20
288.9174
0
VERTEX
8
CUT
10
183.8863
20
288.2292
0
VERTEX
8
CUT
10
183.6410
20
287.9570
0
VERTEX
8
CUT
10
183.7299
20
287.6014
0
VERTEX
8
CUT
10
185.9900
20
285.4203
0
VERTEX
8
CUT
10
187.2451
20
284.0804
0
VERTEX
8
CUT
10
188.0870
20
282.8834
0
VERTEX
8
CUT
10
188.3842
20
282.7452
0
VERTEX
8
CUT
10
193.9318
20
287.7989
0
VERTEX
8
CUT
10
193.7280
20
288.1751
0
VERTEX
8
CUT
10
192.2139
20
288.8243
0
SEQEND
0
POLYLINE
8
CUT
66
1
70
1
10
0.0
20
0.0
30
0.0
0
VERTEX
8
CUT
10
186.5431
20
7.4938
0
VERTEX
8
CUT
10
184.6450
20
8.2736
0
VERTEX
8
CUT
10
183.0698
20
9.2354
0
VERTEX
8
CUT
10
182.4034
20
10.2261
0
VERTEX
8
CUT
10
182.1286
20
10.3530
0
VERTEX
8
CUT
10
178.8684
20
8.4872
0
VERTEX
8
CUT
10
177.0828
20
7.7194
0
VERTEX
8
CUT
10
177.0640
20
7.7118
0
VERTEX
8
CUT
10
177.0384
20
7.7014
0
VERTEX
8
CUT
10
176.9299
20
7.6576
0
VERTEX
8
CUT
10
176.9159
20
7.6519
0
VERTEX
8
CUT
10
173.6093
20
6.9364
0
VERTEX
8
CUT
10
173.3489
20
6.5220
0
VERTEX
8
CUT
10
173.7362
20
6.1776
0
VERTEX
8
CUT
10
188.5137
20
6.1776
0
VERTEX
8
CUT
10
188.9036
20
6.5762
0
VERTEX
8
CUT
10
188.6489
20
6.9334
0
SEQEND
0
POLYLINE
8
CUT
66
1
70
1
10
0.0
20
0.0
30
0.0
0
VERTEX
8
CUT
10
175.2257
20
23.2540
0
VERTEX
8
CUT
10
175.1863
20
22.6943
0
VERTEX
8
CUT
10
179.3361
20
18.6500
0
VERTEX
8
CUT
10
179.5084
20
18.4719
0
VERTEX
8
CUT
10
180.7243
20
16.8364
0
VERTEX
8
CUT
10
181.0447
20
16.9282
0
VERTEX
8
CUT
10
181.8828
20
17.6924
0
VERTEX
8
CUT
10
181.9666
20
17.7453
0
VERTEX
8
CUT
10
184.3019
20
19.8415
0
VERTEX
8
CUT
10
184.8304
20
20.3799
0
VERTEX
8
CUT
10
184.9473
20
20.4864
0
VERTEX
8
CUT
10
186.6530
20
21.6626
0
VERTEX
8
CUT
10
186.6931
20
22.1787
0
VERTEX
8
CUT
10
186.0429
20
22.6265
0
VERTEX
8
CUT
10
185.8680
20
22.8903
0
VERTEX
8
CUT
10
184.3789
20
23.7723
0
VERTEX
8
CUT
10
183.8453
20
24.1398
0
VERTEX
8
CUT
10
182.7280
20
24.4608
0
VERTEX
8
CUT
10
182.5821
20
24.5196
0
VERTEX
8
CUT
10
182.4720
20
24.5344
0
VERTEX
8
CUT
10
181.4946
20
24.8153
0
VERTEX
8
CUT
10
180.8774
20
24.7493
0
VERTEX
8
CUT
10
180.8449
20
24.7536
0
VERTEX
8
CUT
10
180.4941
20
24.7083
0
VERTEX
8
CUT
10
179.0766
20
24.5567
0
SEQEND
0
POLYLINE
8
CUT
66
1
70
1
10
0.0
20
0.0
30
0.0
0
VERTEX
8
CUT
10
185.7153
20
294.8583
0
VERTEX
8
CUT
10
172.6454
20
294.8640
0
VERTEX
8
CUT
10
172.6284
20
294.8485
0
VERTEX
8
CUT
10
171.8708
20
294.8485
0
VERTEX
8
CUT
10
171.4808
20
294.4526
0
VERTEX
8
CUT
10
171.7312
20
294.0943
0
VERTEX
8
CUT
10
174.6180
20
293.4156
0
VERTEX
8
CUT
10
176.4021
20
292.7108
0
VERTEX
8
CUT
10
179.7585
20
290.9417
0
VERTEX
8
CUT
10
180.1163
20
291.1364
0
VERTEX
8
CUT
10
180.1694
20
291.6573
0
VERTEX
8
CUT
10
180.4884
20
292.1180
0
VERTEX
8
CUT
10
181.8696
20
292.8808
0
VERTEX
8
CUT
10
183.9924
20
293.6215
0
VERTEX
8
CUT
10
186.3048
20
294.0929
0
VERTEX
8
CUT
10
186.5528
20
294.5275
0
VERTEX
8
CUT
10
186.1690
20
294.8485
0
VERTEX
8
CUT
10
185.7251
20
294.8485
0
SEQEND
0
POLYLINE
8
CUT
66
1
70
1
10
0.0
20
0.0
30
0.0
0
VERTEX
8
CUT
10
174.0366
20
280.0457
0
VERTEX
8
CUT
10
173.4645
20
279.4743
0
VERTEX
8
CUT
10
173.4674
20
279.4273
0
VERTEX
8
CUT
10
173.2073
20
279.1446
0
VERTEX
8
CUT
10
173.4095
20
278.8009
0
VERTEX
8
CUT
10
176.6697
20
277.1695
0
VERTEX
8
CUT
10
178.8954
20
276.6624
0
VERTEX
8
CUT
10
180.7240
20
276.7528
0
VERTEX
8
CUT
10
182.1058
20
277.1531
0
VERTEX
8
CUT
10
182.9249
20
277.7765
0
VERTEX
8
CUT
10
184.1480
20
278.5630
0
VERTEX
8
CUT
10
184.3883
20
278.8902
0
VERTEX
8
CUT
10
184.6867
20
279.1172
0
VERTEX
8
CUT
10
184.6310
20
279.6477
0
VERTEX
8
CUT
10
178.2532
20
284.9118
0
VERTEX
8
CUT
10
177.9569
20
284.7670
0
VERTEX
8
CUT
10
177.1488
20
283.4273
0
SEQEND
0
POLYLINE
8
CUT
66
1
70
1
10
0.0
20
0.0
30
0.0
0
VERTEX
8
CUT
10
176.8012
20
13.7944
0
VERTEX
8
CUT
10
176.9207
20
14.1050
0
VERTEX
8
CUT
10
176.7870
20
14.3712
0
VERTEX
8
CUT
10
175.2728
20
15.2792
0
VERTEX
8
CUT
10
174.9648
20
15.5392
0
VERTEX
8
CUT
10
172.6433
20
17.5100
0
VERTEX
8
CUT
10
172.5288
20
17.5954
0
VERTEX
8
CUT
10
170.7454
20
19.1006
0
VERTEX
8
CUT
10
170.4383
20
18.9561
0
VERTEX
8
CUT
10
168.8838
20
17.0116
0
VERTEX
8
CUT
10
166.2584
20
14.5069
0
VERTEX
8
CUT
10
165.8944
20
13.9279
0
VERTEX
8
CUT
10
166.1795
20
13.5379
0
VERTEX
8
CUT
10
167.7110
20
12.9520
0
VERTEX
8
CUT
10
169.5930
20
12.4813
0
VERTEX
8
CUT
10
169.6090
20
12.4798
0
VERTEX
8
CUT
10
169.7805
20
12.4213
0
VERTEX
8
CUT
10
170.9515
20
12.2997
0
VERTEX
8
CUT
10
171.1556
20
12.3295
0
VERTEX
8
CUT
10
171.4718
20
12.2988
0
VERTEX
8
CUT
10
174.0940
20
12.5432
0
VERTEX
8
CUT
10
175.5843
20
13.0882
0
SEQEND
0
POLYLINE
8
CUT
66
1
70
1
10
0.0
20
0.0
30
0.0
0
VERTEX
8
CUT
10
168.2871
20
289.0133
0
VERTEX
8
CUT
10
167.2432
20
288.9980
0
VERTEX
8
CUT
10
163.6683
20
288.2181
0
VERTEX
8
CUT
10
163.6083
20
287.6779
0
VERTEX
8
CUT
10
166.9176
20
284.4600
0
VERTEX
8
CUT
10
168.0121
20
282.8625
0
VERTEX
8
CUT
10
168.0744
20
282.8292
0
VERTEX
8
CUT
10
168.2115
20
282.5883
0
VERTEX
8
CUT
10
168.5750
20
282.6783
0
VERTEX
8
CUT
10
173.9774
20
287.3047
0
VERTEX
8
CUT
10
174.0082
20
287.8542
0
VERTEX
8
CUT
10
172.4880
20
288.6204
0
VERTEX
8
CUT
10
170.1001
20
288.9448
0
VERTEX
8
CUT
10
169.2305
20
289.0887
0
SEQEND
0
POLYLINE
8
CUT
66
1
70
1
10
0.0
20
0.0
30
0.0
0
VERTEX
8
CUT
10
162.9440
20
9.6650
0
VERTEX
8
CUT
10
162.4624
20
10.4923
0
VERTEX
8
CUT
10
162.1692
20
10.6555
0
VERTEX
8
CUT
10
159.5123
20
9.0202
0
VERTEX
8
CUT
10
156.6029
20
7.6563
0
VERTEX
8
CUT
10
154.4723
20
7.1271
0
VERTEX
8
CUT
10
152.6678
20
6.9450
0
VERTEX
8
CUT
10
152.3772
20
6.5374
0
VERTEX
8
CUT
10
152.7660
20
6.1776
0
VERTEX
8
CUT
10
169.9535
20
6.1776
0
VERTEX
8
CUT
10
170.3435
20
6.5627
0
VERTEX
8
CUT
10
170.0752
20
6.9381
0
VERTEX
8
CUT
10
166.8687
20
7.6179
0
VERTEX
8
CUT
10
164.1240
20
8.8667
0
SEQEND
0
POLYLINE
8
CUT
66
1
70
1
10
0.0
20
0.0
30
0.0
0
VERTEX
8
CUT
10
160.0820
20
17.0978
0
VERTEX
8
CUT
10
160.3675
20
16.9263
0
VERTEX
8
CUT
10
160.9352
20
17.3861
0
VERTEX
8
CUT
10
160.9898
20
17.3820
0
VERTEX
8
CUT
10
161.7849
20
18.0743
0
VERTEX
8
CUT
10
166.4775
20
21.8752
0
VERTEX
8
CUT
10
166.6270
20
22.1812
0
VERTEX
8
CUT
10
166.4791
20
22.4879
0
VERTEX
8
CUT
10
166.3374
20
22.5645
0
VERTEX
8
CUT
10
166.3362
20
22.5678
0
VERTEX
8
CUT
10
166.2850
20
22.5928
0
VERTEX
8
CUT
10
164.4661
20
23.5760
0
VERTEX
8
CUT
10
164.1402
20
23.6427
0
VERTEX
8
CUT
10
164.1168
20
23.6541
0
VERTEX
8
CUT
10
163.8481
20
23.7024
0
VERTEX
8
CUT
10
162.5491
20
23.9680
0
VERTEX
8
CUT
10
162.4486
20
24.0017
0
VERTEX
8
CUT
10
162.3893
20
24.0006
0
VERTEX
8
CUT
10
161.5064
20
24.1812
0
VERTEX
8
CUT
10
161.2388
20
24.1711
0
VERTEX
8
CUT
10
161.1876
20
24.1803
0
VERTEX
8
CUT
10
160.9810
20
24.1614
0
VERTEX
8
CUT
10
158.4542
20
24.0666
0
VERTEX
8
CUT
10
154.9974
20
23.3775
0
VERTEX
8
CUT
10
154.7220
20
23.0481
0
VERTEX
8
CUT
10
154.8271
20
22.7350
0
VERTEX
8
CUT
10
159.4751
20
18.2727
0
SEQEND
0
POLYLINE
8
CUT
66
1
70
1
10
0.0
20
0.0
30
0.0
0
VERTEX
8
CUT
10
165.4033
20
294.8700
0
VERTEX
8
CUT
10
152.2353
20
294.8757
0
VERTEX
8
CUT
10
152.2060
20
294.8485
0
VERTEX
8
CUT
10
151.8240
20
294.8485
0
VERTEX
8
CUT
10
151.4340
20
294.4623
0
VERTEX
8
CUT
10
151.7042
20
294.0873
0
VERTEX
8
CUT
10
154.1892
20
293.5376
0
VERTEX
8
CUT
10
156.1778
20
292.8362
0
VERTEX
8
CUT
10
159.4679
20
291.2116
0
VERTEX
8
CUT
10
159.7782
20
291.3350
0
VERTEX
8
CUT
10
160.1970
20
292.0471
0
VERTEX
8
CUT
10
160.3019
20
292.1369
0
VERTEX
8
CUT
10
161.3402
20
292.6761
0
VERTEX
8
CUT
10
163.8817
20
293.6247
0
VERTEX
8
CUT
10
165.8914
20
294.0889
0
VERTEX
8
CUT
10
166.1545
20
294.5028
0
VERTEX
8
CUT
10
165.7670
20
294.8485
0
VERTEX
8
CUT
10
165.4561
20
294.8485
0
SEQEND
0
POLYLINE
8
CUT
66
1
70
1
10
0.0
20
0.0
30
0.0
0
VERTEX
8
CUT
10
156.5324
20
282.8160
0
VERTEX
8
CUT
10
156.5204
20
282.8030
0
VERTEX
8
CUT
10
156.4853
20
282.7653
0
VERTEX
8
CUT
10
153.3222
20
279.6570
0
VERTEX
8
CUT
10
153.4490
20
279.1292
0
VERTEX
8
CUT
10
156.9588
20
277.4469
0
VERTEX
8
CUT
10
158.3416
20
277.0254
0
VERTEX
8
CUT
10
159.6617
20
276.9080
0
VERTEX
8
CUT
10
160.9213
20
277.0545
0
VERTEX
8
CUT
10
162.1555
20
277.4653
0
VERTEX
8
CUT
10
163.4818
20
278.1909
0
VERTEX
8
CUT
10
163.6223
20
278.2943
0
VERTEX
8
CUT
10
163.8862
20
278.4210
0
VERTEX
8
CUT
10
164.1303
20
278.6679
0
VERTEX
8
CUT
10
164.8195
20
279.1748
0
VERTEX
8
CUT
10
165.0297
20
279.5176
0
VERTEX
8
CUT
10
164.8492
20
279.8690
0
VERTEX
8
CUT
10
164.3398
20
279.9257
0
VERTEX
8
CUT
10
163.7003
20
280.2809
0
VERTEX
8
CUT
10
163.2936
20
280.6315
0
VERTEX
8
CUT
10
159.4616
20
283.9944
0
VERTEX
8
CUT
10
158.3053
20
284.7774
0
VERTEX
8
CUT
10
158.0324
20
284.6695
0
VERTEX
8
CUT
10
156.5410
20
282.8254
0
VERTEX
8
CUT
10
156.5334
20
282.8171
0
SEQEND
0
POLYLINE
8
CUT
66
1
70
1
10
0.0
20
0.0
30
0.0
0
VERTEX
8
CUT
10
150.1264
20
12.1484
0
VERTEX
8
CUT
10
152.9217
20
12.4240
0
VERTEX
8
CUT
10
155.2802
20
13.2102
0
VERTEX
8
CUT
10
156.3079
20
13.7934
0
VERTEX
8
CUT
10
156.4329
20
14.0598
0
VERTEX
8
CUT
10
156.3098
20
14.3649
0
VERTEX
8
CUT
10
152.3239
20
17.5805
0
VERTEX
8
CUT
10
151.1988
20
18.5621
0
VERTEX
8
CUT
10
150.5017
20
19.0506
0
VERTEX
8
CUT
10
149.3129
20
20.0096
0
VERTEX
8
CUT
10
149.0094
20
19.8884
0
VERTEX
8
CUT
10
148.8245
20
19.5296
0
VERTEX
8
CUT
10
145.6258
20
16.5285
0
VERTEX
8
CUT
10
144.3452
20
15.3816
0
VERTEX
8
CUT
10
144.0209
20
15.0227
0
VERTEX
8
CUT
10
143.5051
20
14.5388
0
VERTEX
8
CUT
10
143.5093
20
14.4566
0
VERTEX
8
CUT
10
143.1454
20
14.0541
0
VERTEX
8
CUT
10
143.3780
20
13.6937
0
VERTEX
8
CUT
10
146.0173
20
12.7400
0
VERTEX
8
CUT
10
146.4127
20
12.6626
0
VERTEX
8
CUT
10
146.5995
20
12.5853
0
VERTEX
8
CUT
10
147.8713
20
12.3594
0
VERTEX
8
CUT
10
147.9561
20
12.3606
0
VERTEX
8
CUT
10
148.7248
20
12.2102
0
SEQEND
0
POLYLINE
8
CUT
66
1
70
1
10
0.0
20
0.0
30
0.0
0
VERTEX
8
CUT
10
153.7588
20
287.9259
0
VERTEX
8
CUT
10
153.4011
20
288.1117
0
VERTEX
8
CUT
10
153.3733
20
288.1614
0
VERTEX
8
CUT
10
153.1462
20
288.2441
0
VERTEX
8
CUT
10
152.3570
20
288.6541
0
VERTEX
8
CUT
10
149.3434
20
289.0900
0
VERTEX
8
CUT
10
149.2310
20
289.0831
0
VERTEX
8
CUT
10
149.1982
20
289.0886
0
VERTEX
8
CUT
10
149.0290
20
289.0708
0
VERTEX
8
CUT
10
146.9173
20
288.9424
0
VERTEX
8
CUT
10
143.8657
20
288.4266
0
VERTEX
8
CUT
10
143.8116
20
287.8777
0
VERTEX
8
CUT
10
147.7240
20
283.8416
0
VERTEX
8
CUT
10
147.9913
20
283.3417
0
VERTEX
8
CUT
10
147.9219
20
282.9746
0
VERTEX
8
CUT
10
148.1287
20
282.6013
0
VERTEX
8
CUT
10
148.5537
20
282.6409
0
VERTEX
8
CUT
10
153.7325
20
287.3811
0
SEQEND
0
POLYLINE
8
CUT
66
1
70
1
10
0.0
20
0.0
30
0.0
0
VERTEX
8
CUT
10
147.8246
20
6.5680
0
VERTEX
8
CUT
10
147.5470
20
6.9410
0
VERTEX
8
CUT
10
144.9417
20
7.2802
0
VERTEX
8
CUT
10
142.5821
20
8.0443
0
VERTEX
8
CUT
10
141.9684
20
8.2781
0
VERTEX
8
CUT
10
141.9397
20
8.2891
0
VERTEX
8
CUT
10
141.9379
20
8.2897
0
VERTEX
8
CUT
10
141.9378
20
8.2898
0
VERTEX
8
CUT
10
140.1711
20
9.3193
0
VERTEX
8
CUT
10
140.1705
20
9.3198
0
VERTEX
8
CUT
10
140.1704
20
9.3198
0
VERTEX
8
CUT
10
140.1695
20
9.3204
0
VERTEX
8
CUT
10
140.1652
20
9.3234
0
VERTEX
8
CUT
10
139.3396
20
10.5599
0
VERTEX
8
CUT
10
139.0381
20
10.7033
0
VERTEX
8
CUT
10
137.1513
20
9.4456
0
VERTEX
8
CUT
10
134.2072
20
8.0192
0
VERTEX
8
CUT
10
132.6106
20
7.4879
0
VERTEX
8
CUT
10
129.6433
20
6.9371
0
VERTEX
8
CUT
10
129.3806
20
6.5231
0
VERTEX
8
CUT
10
129.7681
20
6.1776
0
VERTEX
8
CUT
10
147.4346
20
6.1776
0
SEQEND
0
POLYLINE
8
CUT
66
1
70
1
10
0.0
20
0.0
30
0.0
0
VERTEX
8
CUT
10
140.7218
20
292.0764
0
VERTEX
8
CUT
10
141.5863
20
292.6475
0
VERTEX
8
CUT
10
144.0331
20
293.6141
0
VERTEX
8
CUT
10
145.4422
20
293.9520
0
VERTEX
8
CUT
10
146.2391
20
294.1224
0
VERTEX
8
CUT
10
146.4891
20
294.4808
0
VERTEX
8
CUT
10
146.0990
20
294.8764
0
VERTEX
8
CUT
10
132.6329
20
294.8668
0
VERTEX
8
CUT
10
132.6131
20
294.8485
0
VERTEX
8
CUT
10
132.3026
20
294.8485
0
VERTEX
8
CUT
10
131.9127
20
294.4651
0
VERTEX
8
CUT
10
132.1428
20
294.1027
0
VERTEX
8
CUT
10
134.8718
20
293.4927
0
VERTEX
8
CUT
10
139.9155
20
291.1474
0
VERTEX
8
CUT
10
140.2235
20
291.2785
0
SEQEND
0
POLYLINE
8
CUT
66
1
70
1
10
0.0
20
0.0
30
0.0
0
VERTEX
8
CUT
10
133.7653
20
278.8586
0
VERTEX
8
CUT
10
133.7855
20
278.8494
0
VERTEX
8
CUT
10
133.8001
20
278.8319
0
VERTEX
8
CUT
10
134.1377
20
278.6895
0
VERTEX
8
CUT
10
136.8205
20
277.4713
0
VERTEX
8
CUT
10
138.0822
20
277.0864
0
VERTEX
8
CUT
10
139.4728
20
276.9662
0
VERTEX
8
CUT
10
141.2806
20
277.1367
0
VERTEX
8
CUT
10
142.1856
20
277.4350
0
VERTEX
8
CUT
10
144.1292
20
278.6404
0
VERTEX
8
CUT
10
145.0847
20
279.6165
0
VERTEX
8
CUT
10
144.9395
20
279.9174
0
VERTEX
8
CUT
10
143.6316
20
280.6464
0
VERTEX
8
CUT
10
141.3684
20
282.7847
0
VERTEX
8
CUT
10
140.0686
20
283.8112
0
VERTEX
8
CUT
10
139.7788
20
284.0734
0
VERTEX
8
CUT
10
139.4936
20
284.2653
0
VERTEX
8
CUT
10
138.6439
20
284.9363
0
VERTEX
8
CUT
10
133.6283
20
279.4147
0
VERTEX
8
CUT
10
133.5801
20
279.0884
0
SEQEND
0
POLYLINE
8
CUT
66
1
70
1
10
0.0
20
0.0
30
0.0
0
VERTEX
8
CUT
10
142.6791
20
21.1875
0
VERTEX
8
CUT
10
144.3855
20
22.3590
0
VERTEX
8
CUT
10
144.5324
20
22.6656
0
VERTEX
8
CUT
10
144.3168
20
23.0127
0
VERTEX
8
CUT
10
142.6793
20
23.6400
0
VERTEX
8
CUT
10
139.9902
20
24.1830
0
VERTEX
8
CUT
10
139.5460
20
24.1619
0
VERTEX
8
CUT
10
139.4495
20
24.1818
0
VERTEX
8
CUT
10
138.9638
20
24.1343
0
VERTEX
8
CUT
10
137.4147
20
24.0609
0
VERTEX
8
CUT
10
133.6573
20
23.0713
0
VERTEX
8
CUT
10
133.4328
20
22.8177
0
VERTEX
8
CUT
10
133.4915
20
22.4841
0
VERTEX
8
CUT
10
136.6657
20
18.9908
0
VERTEX
8
CUT
10
137.6148
20
17.3923
0
VERTEX
8
CUT
10
137.9008
20
17.2327
0
SEQEND
0
POLYLINE
8
CUT
66
1
70
1
10
0.0
20
0.0
30
0.0
0
VERTEX
8
CUT
10
134.4530
20
287.8763
0
VERTEX
8
CUT
10
134.1878
20
288.0096
0
VERTEX
8
CUT
10
134.1760
20
288.0577
0
VERTEX
8
CUT
10
133.7400
20
288.2348
0
VERTEX
8
CUT
10
132.5480
20
288.8341
0
VERTEX
8
CUT
10
129.9104
20
289.3038
0
VERTEX
8
CUT
10
129.7088
20
289.2928
0
VERTEX
8
CUT
10
129.6624
20
289.3014
0
VERTEX
8
CUT
10
129.2580
20
289.2680
0
VERTEX
8
CUT
10
127.2366
20
289.1571
0
VERTEX
8
CUT
10
123.6160
20
288.3136
0
VERTEX
8
CUT
10
123.5658
20
287.7837
0
VERTEX
8
CUT
10
126.7316
20
284.7122
0
VERTEX
8
CUT
10
128.5443
20
282.6100
0
VERTEX
8
CUT
10
128.8301
20
282.6902
0
VERTEX
8
CUT
10
131.5958
20
285.2240
0
VERTEX
8
CUT
10
134.3996
20
287.3502
0
SEQEND
0
POLYLINE
8
CUT
66
1
70
1
10
0.0
20
0.0
30
0.0
0
VERTEX
8
CUT
10
133.3557
20
13.8025
0
VERTEX
8
CUT
10
133.3931
20
13.8454
0
VERTEX
8
CUT
10
134.0708
20
14.2212
0
VERTEX
8
CUT
10
134.1913
20
14.4884
0
VERTEX
8
CUT
10
134.0652
20
14.7908
0
VERTEX
8
CUT
10
132.8584
20
15.5681
0
VERTEX
8
CUT
10
128.3636
20
19.4874
0
VERTEX
8
CUT
10
128.0632
20
19.3308
0
VERTEX
8
CUT
10
127.6871
20
18.3659
0
VERTEX
8
CUT
10
126.7321
20
17.2842
0
VERTEX
8
CUT
10
123.3164
20
14.4606
0
VERTEX
8
CUT
10
123.1740
20
14.1539
0
VERTEX
8
CUT
10
123.6000
20
13.6761
0
VERTEX
8
CUT
10
123.7565
20
13.6036
0
VERTEX
8
CUT
10
123.7812
20
13.5393
0
VERTEX
8
CUT
10
124.5154
20
13.2518
0
VERTEX
8
CUT
10
125.6094
20
12.7447
0
VERTEX
8
CUT
10
128.3753
20
12.4206
0
VERTEX
8
CUT
10
130.9087
20
12.7255
0
VERTEX
8
CUT
10
131.6148
20
12.9739
0
VERTEX
8
CUT
10
131.7167
20
12.9865
0
VERTEX
8
CUT
10
131.8764
20
13.0660
0
VERTEX
8
CUT
10
132.1813
20
13.1733
0
VERTEX
8
CUT
10
132.9660
20
13.6085
0
SEQEND
0
POLYLINE
8
CUT
66
1
70
1
10
0.0
20
0.0
30
0.0
0
VERTEX
8
CUT
10
122.4120
20
8.0425
0
VERTEX
8
CUT
10
118.1586
20
10.2882
0
VERTEX
8
CUT
10
117.7607
20
10.2150
0
VERTEX
8
CUT
10
117.3526
20
9.2555
0
VERTEX
8
CUT
10
117.1927
20
9.1240
0
VERTEX
8
CUT
10
116.3204
20
8.5161
0
VERTEX
8
CUT
10
114.3677
20
7.5991
0
VERTEX
8
CUT
10
112.7032
20
7.1853
0
VERTEX
8
CUT
10
108.3757
20
7.0612
0
VERTEX
8
CUT
10
106.0628
20
7.3718
0
VERTEX
8
CUT
10
103.3576
20
8.6170
0
VERTEX
8
CUT
10
102.7858
20
9.1344
0
VERTEX
8
CUT
10
102.5037
20
9.8106
0
VERTEX
8
CUT
10
102.1892
20
9.9347
0
VERTEX
8
CUT
10
98.5052
20
8.0973
0
VERTEX
8
CUT
10
96.6714
20
7.5183
0
VERTEX
8
CUT
10
93.5384
20
6.9544
0
VERTEX
8
CUT
10
93.2668
20
6.5424
0
VERTEX
8
CUT
10
93.6544
20
6.1922
0
VERTEX
8
CUT
10
126.3982
20
6.1776
0
VERTEX
8
CUT
10
126.7595
20
6.4209
0
VERTEX
8
CUT
10
126.5414
20
6.9303
0
VERTEX
8
CUT
10
124.6953
20
7.2815
0
SEQEND
0
POLYLINE
8
CUT
66
1
70
1
10
0.0
20
0.0
30
0.0
0
VERTEX
8
CUT
10
120.2159
20
292.1049
0
VERTEX
8
CUT
10
120.2774
20
292.1549
0
VERTEX
8
CUT
10
121.3571
20
292.7002
0
VERTEX
8
CUT
10
124.7887
20
293.7838
0
VERTEX
8
CUT
10
126.1640
20
294.1036
0
VERTEX
8
CUT
10
126.4347
20
294.4785
0
VERTEX
8
CUT
10
126.0445
20
294.8649
0
VERTEX
8
CUT
10
112.3679
20
294.8551
0
VERTEX
8
CUT
10
112.3607
20
294.8485
0
VERTEX
8
CUT
10
111.8164
20
294.8485
0
VERTEX
8
CUT
10
111.4265
20
294.4659
0
VERTEX
8
CUT
10
111.6905
20
294.0894
0
VERTEX
8
CUT
10
115.6636
20
292.9873
0
VERTEX
8
CUT
10
119.5320
20
291.2912
0
VERTEX
8
CUT
10
119.8373
20
291.4255
0
SEQEND
0
POLYLINE
8
CUT
66
1
70
1
10
0.0
20
0.0
30
0.0
0
VERTEX
8
CUT
10
120.6944
20
276.9968
0
VERTEX
8
CUT
10
120.6973
20
276.9974
0
VERTEX
8
CUT
10
120.7616
20
276.9964
0
VERTEX
8
CUT
10
120.9746
20
277.0489
0
VERTEX
8
CUT
10
122.3177
20
277.2983
0
VERTEX
8
CUT
10
123.7973
20
278.0867
0
VERTEX
8
CUT
10
125.1747
20
279.3282
0
VERTEX
8
CUT
10
125.0118
20
279.6628
0
VERTEX
8
CUT
10
123.6467
20
280.4463
0
VERTEX
8
CUT
10
119.1216
20
284.2781
0
VERTEX
8
CUT
10
118.1411
20
284.8839
0
VERTEX
8
CUT
10
117.8547
20
284.7784
0
VERTEX
8
CUT
10
113.0709
20
279.7405
0
VERTEX
8
CUT
10
113.1813
20
279.1947
0
VERTEX
8
CUT
10
116.7967
20
277.4696
0
VERTEX
8
CUT
10
117.7107
20
277.1356
0
VERTEX
8
CUT
10
119.0838
20
276.9661
0
SEQEND
0
POLYLINE
8
CUT
66
1
70
1
10
0.0
20
0.0
30
0.0
0
VERTEX
8
CUT
10
113.0787
20
22.1143
0
VERTEX
8
CUT
10
118.8543
20
16.8568
0
VERTEX
8
CUT
10
119.3050
20
16.9620
0
VERTEX
8
CUT
10
120.1294
20
18.3921
0
VERTEX
8
CUT
10
121.8018
20
20.0674
0
VERTEX
8
CUT
10
123.5858
20
21.5494
0
VERTEX
8
CUT
10
124.8551
20
22.2429
0
VERTEX
8
CUT
10
124.8640
20
22.8010
0
VERTEX
8
CUT
10
124.5459
20
23.0115
0
VERTEX
8
CUT
10
124.3826
20
23.2337
0
VERTEX
8
CUT
10
123.1528
20
23.9333
0
VERTEX
8
CUT
10
122.5510
20
24.3315
0
VERTEX
8
CUT
10
121.6926
20
24.6490
0
VERTEX
8
CUT
10
120.7250
20
24.7368
0
VERTEX
8
CUT
10
120.1753
20
24.8464
0
VERTEX
8
CUT
10
119.8304
20
24.8180
0
VERTEX
8
CUT
10
119.4951
20
24.8485
0
VERTEX
8
CUT
10
117.9042
20
24.5033
0
VERTEX
8
CUT
10
117.5419
20
24.3335
0
VERTEX
8
CUT
10
117.4491
20
24.3079
0
VERTEX
8
CUT
10
117.2690
20
24.2056
0
VERTEX
8
CUT
10
114.7039
20
23.0032
0
VERTEX
8
CUT
10
113.0663
20
22.6704
0
SEQEND
0
POLYLINE
8
CUT
66
1
70
1
10
0.0
20
0.0
30
0.0
0
VERTEX
8
CUT
10
114.0144
20
13.1362
0
VERTEX
8
CUT
10
114.0121
20
13.6563
0
VERTEX
8
CUT
10
112.1187
20
15.4492
0
VERTEX
8
CUT
10
112.0793
20
15.4976
0
VERTEX
8
CUT
10
111.5157
20
16.0201
0
VERTEX
8
CUT
10
110.0026
20
17.4529
0
VERTEX
8
CUT
10
109.5446
20
17.6879
0
VERTEX
8
CUT
10
107.8621
20
15.4466
0
VERTEX
8
CUT
10
106.0219
20
13.3475
0
VERTEX
8
CUT
10
106.1051
20
12.8320
0
VERTEX
8
CUT
10
110.0341
20
12.3451
0
VERTEX
8
CUT
10
110.3669
20
12.2988
0
VERTEX
8
CUT
10
110.3794
20
12.3023
0
VERTEX
8
CUT
10
110.3987
20
12.2999
0
SEQEND
0
POLYLINE
8
CUT
66
1
70
1
10
0.0
20
0.0
30
0.0
0
VERTEX
8
CUT
10
107.0175
20
284.6692
0
VERTEX
8
CUT
10
108.2533
20
283.1694
0
VERTEX
8
CUT
10
108.5467
20
283.2422
0
VERTEX
8
CUT
10
111.9801
20
286.2766
0
VERTEX
8
CUT
10
113.6289
20
287.4882
0
VERTEX
8
CUT
10
113.6669
20
288.0371
0
VERTEX
8
CUT
10
111.8175
20
288.8770
0
VERTEX
8
CUT
10
110.1994
20
289.1528
0
VERTEX
8
CUT
10
107.6760
20
289.0941
0
VERTEX
8
CUT
10
103.7663
20
288.4179
0
VERTEX
8
CUT
10
103.7348
20
287.8738
0
SEQEND
0
POLYLINE
8
CUT
66
1
70
1
10
0.0
20
0.0
30
0.0
0
VERTEX
8
CUT
10
100.5846
20
292.0858
0
VERTEX
8
CUT
10
101.8647
20
292.8314
0
VERTEX
8
CUT
10
106.2552
20
294.0941
0
VERTEX
8
CUT
10
106.4917
20
294.5303
0
VERTEX
8
CUT
10
106.1086
20
294.8457
0
VERTEX
8
CUT
10
105.7537
20
294.8453
0
VERTEX
8
CUT
10
105.7459
20
294.8532
0
VERTEX
8
CUT
10
95.9317
20
294.8432
0
VERTEX
8
CUT
10
92.8048
20
294.8466
0
VERTEX
8
CUT
10
92.7978
20
294.8401
0
VERTEX
8
CUT
10
92.1219
20
294.8394
0
VERTEX
8
CUT
10
92.1146
20
294.8327
0
VERTEX
8
CUT
10
91.8946
20
294.8324
0
VERTEX
8
CUT
10
91.5050
20
294.4368
0
VERTEX
8
CUT
10
91.7548
20
294.0785
0
VERTEX
8
CUT
10
95.3606
20
293.1387
0
VERTEX
8
CUT
10
97.9976
20
292.0487
0
VERTEX
8
CUT
10
99.5099
20
291.3578
0
VERTEX
8
CUT
10
99.5702
20
291.3986
0
VERTEX
8
CUT
10
99.7780
20
291.3127
0
VERTEX
8
CUT
10
100.5782
20
292.0814
0
VERTEX
8
CUT
10
100.5824
20
292.0843
0
VERTEX
8
CUT
10
100.5835
20
292.0850
0
VERTEX
8
CUT
10
100.5843
20
292.0856
0
SEQEND
0
POLYLINE
8
CUT
66
1
70
1
10
0.0
20
0.0
30
0.0
0
VERTEX
8
CUT
10
93.9155
20
24.2795
0
VERTEX
8
CUT
10
93.9415
20
23.8113
0
VERTEX
8
CUT
10
98.7030
20
19.0435
0
VERTEX
8
CUT
10
100.4790
20
16.7630
0
VERTEX
8
CUT
10
100.6157
20
16.5319
0
VERTEX
8
CUT
10
100.6512
20
16.5419
0
VERTEX
8
CUT
10
100.6753
20
16.5109
0
VERTEX
8
CUT
10
101.0697
20
16.5864
0
VERTEX
8
CUT
10
105.7012
20
20.8288
0
VERTEX
8
CUT
10
105.5801
20
21.2494
0
VERTEX
8
CUT
10
103.5300
20
22.8141
0
VERTEX
8
CUT
10
102.0377
20
23.5782
0
VERTEX
8
CUT
10
101.7679
20
23.7251
0
VERTEX
8
CUT
10
101.7129
20
23.7445
0
VERTEX
8
CUT
10
100.5499
20
24.3400
0
VERTEX
8
CUT
10
99.7128
20
24.5152
0
VERTEX
8
CUT
10
98.4496
20
24.4930
0
VERTEX
8
CUT
10
98.0599
20
24.5137
0
VERTEX
8
CUT
10
97.7086
20
24.4354
0
VERTEX
8
CUT
10
95.3044
20
24.0913
0
VERTEX
8
CUT
10
94.3581
20
24.4343
0
SEQEND
0
POLYLINE
8
CUT
66
1
70
1
10
0.0
20
0.0
30
0.0
0
VERTEX
8
CUT
10
96.5725
20
282.5180
0
VERTEX
8
CUT
10
93.3483
20
279.2021
0
VERTEX
8
CUT
10
93.3096
20
278.8783
0
VERTEX
8
CUT
10
93.4966
20
278.6543
0
VERTEX
8
CUT
10
96.4401
20
277.5375
0
VERTEX
8
CUT
10
96.6910
20
277.4935
0
VERTEX
8
CUT
10
97.2639
20
277.2546
0
VERTEX
8
CUT
10
98.5356
20
277.1185
0
VERTEX
8
CUT
10
98.7104
20
277.1392
0
VERTEX
8
CUT
10
98.9954
20
277.0892
0
VERTEX
8
CUT
10
100.5875
20
277.2650
0
VERTEX
8
CUT
10
102.1496
20
277.7959
0
VERTEX
8
CUT
10
103.2132
20
278.5274
0
VERTEX
8
CUT
10
103.4273
20
278.6603
0
VERTEX
8
CUT
10
103.4740
20
278.7016
0
VERTEX
8
CUT
10
103.8603
20
278.8918
0
VERTEX
8
CUT
10
103.9983
20
279.0673
0
VERTEX
8
CUT
10
104.4292
20
279.3637
0
VERTEX
8
CUT
10
104.8962
20
279.9740
0
VERTEX
8
CUT
10
104.7336
20
280.2706
0
VERTEX
8
CUT
10
103.3852
20
281.0434
0
VERTEX
8
CUT
10
99.2680
20
284.4947
0
VERTEX
8
CUT
10
98.5669
20
284.8911
0
SEQEND
0
POLYLINE
8
CUT
66
1
70
1
10
0.0
20
0.0
30
0.0
0
VERTEX
8
CUT
10
96.5215
20
13.5586
0
VERTEX
8
CUT
10
96.5011
20
14.1132
0
VERTEX
8
CUT
10
89.7154
20
20.2653
0
VERTEX
8
CUT
10
89.2499
20
20.2142
0
VERTEX
8
CUT
10
87.4599
20
18.0424
0
VERTEX
8
CUT
10
83.9591
20
14.5727
0
VERTEX
8
CUT
10
83.9693
20
14.0556
0
VERTEX
8
CUT
10
87.0099
20
13.0152
0
VERTEX
8
CUT
10
90.0281
20
12.4826
0
VERTEX
8
CUT
10
91.5270
20
12.4208
0
VERTEX
8
CUT
10
94.2842
20
12.6659
0
VERTEX
8
CUT
10
95.4074
20
12.9843
0
SEQEND
0
POLYLINE
8
CUT
66
1
70
1
10
0.0
20
0.0
30
0.0
0
VERTEX
8
CUT
10
88.3090
20
282.2125
0
VERTEX
8
CUT
10
94.1342
20
287.3432
0
VERTEX
8
CUT
10
94.1888
20
287.8706
0
VERTEX
8
CUT
10
92.5620
20
288.6171
0
VERTEX
8
CUT
10
89.4698
20
289.0289
0
VERTEX
8
CUT
10
89.4613
20
289.0303
0
VERTEX
8
CUT
10
89.4597
20
289.0302
0
VERTEX
8
CUT
10
89.4591
20
289.0303
0
VERTEX
8
CUT
10
89.4340
20
289.0290
0
VERTEX
8
CUT
10
89.0603
20
289.0106
0
VERTEX
8
CUT
10
88.9476
20
289.0303
0
VERTEX
8
CUT
10
88.6479
20
288.9904
0
VERTEX
8
CUT
10
86.9850
20
288.9089
0
VERTEX
8
CUT
10
86.9350
20
288.8954
0
VERTEX
8
CUT
10
86.1413
20
288.8530
0
VERTEX
8
CUT
10
83.1667
20
288.1944
0
VERTEX
8
CUT
10
83.0971
20
287.6461
0
VERTEX
8
CUT
10
87.0542
20
283.6025
0
VERTEX
8
CUT
10
87.6086
20
282.8814
0
VERTEX
8
CUT
10
87.9081
20
282.1683
0
SEQEND
0
POLYLINE
8
CUT
66
1
70
1
10
0.0
20
0.0
30
0.0
0
VERTEX
8
CUT
10
72.7390
20
7.6064
0
VERTEX
8
CUT
10
70.1149
20
7.4242
0
VERTEX
8
CUT
10
64.1767
20
7.6345
0
VERTEX
8
CUT
10
63.2672
20
7.8765
0
VERTEX
8
CUT
10
61.0814
20
8.9227
0
VERTEX
8
CUT
10
60.4693
20
9.4449
0
VERTEX
8
CUT
10
60.2819
20
10.2446
0
VERTEX
8
CUT
10
59.9434
20
10.4457
0
VERTEX
8
CUT
10
56.2225
20
8.6494
0
VERTEX
8
CUT
10
52.8568
20
7.4363
0
VERTEX
8
CUT
10
50.6376
20
7.0935
0
VERTEX
8
CUT
10
47.8426
20
6.9985
0
VERTEX
8
CUT
10
45.0951
20
7.1226
0
VERTEX
8
CUT
10
42.8641
20
7.4675
0
VERTEX
8
CUT
10
39.7275
20
8.6863
0
VERTEX
8
CUT
10
35.5960
20
10.7067
0
VERTEX
8
CUT
10
35.2494
20
10.5097
0
VERTEX
8
CUT
10
34.9525
20
9.6572
0
VERTEX
8
CUT
10
33.6624
20
8.9170
0
VERTEX
8
CUT
10
31.2760
20
8.1544
0
VERTEX
8
CUT
10
27.4566
20
7.5757
0
VERTEX
8
CUT
10
21.1672
20
7.7537
0
VERTEX
8
CUT
10
20.3890
20
7.8239
0
VERTEX
8
CUT
10
12.1871
20
8.7339
0
VERTEX
8
CUT
10
10.3590
20
9.3742
0
VERTEX
8
CUT
10
9.7194
20
10.4181
0
VERTEX
8
CUT
10
9.2446
20
12.1795
0
VERTEX
8
CUT
10
8.8182
20
17.6362
0
VERTEX
8
CUT
10
8.8499
20
20.4772
0
VERTEX
8
CUT
10
9.0943
20
22.1878
0
VERTEX
8
CUT
10
9.4994
20
22.8856
0
VERTEX
8
CUT
10
10.1929
20
23.1792
0
VERTEX
8
CUT
10
10.3517
20
23.5419
0
VERTEX
8
CUT
10
9.0511
20
26.1793
0
VERTEX
8
CUT
10
8.3681
20
28.0754
0
VERTEX
8
CUT
10
8.1613
20
29.1491
0
VERTEX
8
CUT
10
8.0306
20
32.7967
0
VERTEX
8
CUT
10
8.1266
20
34.1579
0
VERTEX
8
CUT
10
8.6589
20
36.1843
0
VERTEX
8
CUT
10
9.7401
20
38.3377
0
VERTEX
8
CUT
10
10.3577
20
39.0449
0
VERTEX
8
CUT
10
11.0012
20
39.3330
0
VERTEX
8
CUT
10
11.1317
20
39.6696
0
VERTEX
8
CUT
10
9.5886
20
42.6137
0
VERTEX
8
CUT
10
8.5023
20
45.0625
0
VERTEX
8
CUT
10
8.1335
20
46.0479
0
VERTEX
8
CUT
10
7.6672
20
48.2848
0
VERTEX
8
CUT
10
7.5152
20
51.7189
0
VERTEX
8
CUT
10
7.8101
20
54.2896
0
VERTEX
8
CUT
10
7.8575
20
54.4636
0
VERTEX
8
CUT
10
7.8972
20
54.6089
0
VERTEX
8
CUT
10
7.9016
20
54.6251
0
VERTEX
8
CUT
10
7.9508
20
54.8053
0
VERTEX
8
CUT
10
8.6012
20
56.8299
0
VERTEX
8
CUT
10
8.6805
20
57.0101
0
VERTEX
8
CUT
10
9.6852
20
58.9501
0
VERTEX
8
CUT
10
10.3505
20
59.4544
0
VERTEX
8
CUT
10
10.8738
20
59.5310
0
VERTEX
8
CUT
10
11.0443
20
59.8916
0
VERTEX
8
CUT
10
9.3226
20
62.7577
0
VERTEX
8
CUT
10
8.1399
20
65.3654
0
VERTEX
8
CUT
10
7.4897
20
68.0133
0
VERTEX
8
CUT
10
7.2859
20
70.3311
0
VERTEX
8
CUT
10
6.8605
20
70.6270
0
VERTEX
8
CUT
10
6.5167
20
70.2392
0
VERTEX
8
CUT
10
6.5221
20
68.3465
0
VERTEX
8
CUT
10
6.5194
20
68.3435
0
VERTEX
8
CUT
10
6.5208
20
67.8804
0
VERTEX
8
CUT
10
6.5109
20
67.8682
0
VERTEX
8
CUT
10
6.6018
20
20.9373
0
VERTEX
8
CUT
10
6.6976
20
16.0042
0
VERTEX
8
CUT
10
6.8074
20
6.9345
0
VERTEX
8
CUT
10
6.9524
20
6.6357
0
VERTEX
8
CUT
10
7.9329
20
6.4801
0
VERTEX
8
CUT
10
20.3343
20
6.2988
0
VERTEX
8
CUT
10
88.9355
20
6.1966
0
VERTEX
8
CUT
10
89.2390
20
6.3412
0
VERTEX
8
CUT
10
89.3172
20
6.6682
0
VERTEX
8
CUT
10
89.0767
20
6.9503
0
VERTEX
8
CUT
10
85.6864
20
7.5570
0
VERTEX
8
CUT
10
81.9451
20
8.9867
0
VERTEX
8
CUT
10
80.9707
20
9.5458
0
VERTEX
8
CUT
10
79.7276
20
10.8360
0
VERTEX
8
CUT
10
74.6836
20
8.0662
0
SEQEND
0
POLYLINE
8
CUT
66
1
70
1
10
0.0
20
0.0
30
0.0
0
VERTEX
8
CUT
10
85.2441
20
294.8485
0
VERTEX
8
CUT
10
72.0191
20
294.8466
0
VERTEX
8
CUT
10
71.9882
20
294.8186
0
VERTEX
8
CUT
10
71.2372
20
294.8182
0
VERTEX
8
CUT
10
70.8472
20
294.4312
0
VERTEX
8
CUT
10
71.0830
20
294.0700
0
VERTEX
8
CUT
10
74.5716
20
293.1088
0
VERTEX
8
CUT
10
78.9732
20
291.2240
0
VERTEX
8
CUT
10
80.8994
20
292.5909
0
VERTEX
8
CUT
10
83.2532
20
293.4752
0
VERTEX
8
CUT
10
85.8115
20
294.0754
0
VERTEX
8
CUT
10
86.0474
20
294.5117
0
VERTEX
8
CUT
10
85.6643
20
294.8267
0
VERTEX
8
CUT
10
85.3736
20
294.8265
0
VERTEX
8
CUT
10
85.3677
20
294.8324
0
VERTEX
8
CUT
10
85.2791
20
294.8322
0
SEQEND
0
POLYLINE
8
CUT
66
1
70
1
10
0.0
20
0.0
30
0.0
0
VERTEX
8
CUT
10
74.2313
20
23.9862
0
VERTEX
8
CUT
10
73.0475
20
23.7297
0
VERTEX
8
CUT
10
72.9934
20
23.1808
0
VERTEX
8
CUT
10
75.6655
20
20.4855
0
VERTEX
8
CUT
10
77.5065
20
18.4480
0
VERTEX
8
CUT
10
78.2394
20
17.5162
0
VERTEX
8
CUT
10
78.6330
20
17.5775
0
VERTEX
8
CUT
10
80.0810
20
18.8312
0
VERTEX
8
CUT
10
80.0817
20
18.8317
0
VERTEX
8
CUT
10
80.0851
20
18.8347
0
VERTEX
8
CUT
10
83.4746
20
21.7694
0
VERTEX
8
CUT
10
85.5043
20
23.1635
0
VERTEX
8
CUT
10
85.5613
20
23.6937
0
VERTEX
8
CUT
10
84.6053
20
24.2810
0
VERTEX
8
CUT
10
84.4150
20
24.4745
0
VERTEX
8
CUT
10
83.7406
20
24.8122
0
VERTEX
8
CUT
10
83.7269
20
24.8207
0
VERTEX
8
CUT
10
83.7157
20
24.8247
0
VERTEX
8
CUT
10
83.3297
20
25.0180
0
VERTEX
8
CUT
10
82.9039
20
25.1183
0
VERTEX
8
CUT
10
82.4862
20
25.2693
0
VERTEX
8
CUT
10
81.9887
20
25.3338
0
VERTEX
8
CUT
10
81.3540
20
25.4832
0
VERTEX
8
CUT
10
80.4456
20
25.5336
0
VERTEX
8
CUT
10
79.8865
20
25.6061
0
VERTEX
8
CUT
10
77.2926
20
25.3177
0
SEQEND
0
POLYLINE
8
CUT
66
1
70
1
10
0.0
20
0.0
30
0.0
0
VERTEX
8
CUT
10
72.8953
20
278.9009
0
VERTEX
8
CUT
10
76.0605
20
277.5035
0
VERTEX
8
CUT
10
76.7402
20
277.3375
0
VERTEX
8
CUT
10
77.0535
20
277.2011
0
VERTEX
8
CUT
10
78.7530
20
276.8430
0
VERTEX
8
CUT
10
78.7658
20
276.8430
0
VERTEX
8
CUT
10
78.8849
20
276.8139
0
VERTEX
8
CUT
10
79.1442
20
276.8443
0
VERTEX
8
CUT
10
79.7830
20
276.8464
0
VERTEX
8
CUT
10
80.4354
20
276.9953
0
VERTEX
8
CUT
10
81.4724
20
277.1166
0
VERTEX
8
CUT
10
83.4461
20
278.0455
0
VERTEX
8
CUT
10
84.5729
20
279.0350
0
VERTEX
8
CUT
10
84.4460
20
279.3419
0
VERTEX
8
CUT
10
82.8718
20
280.4056
0
VERTEX
8
CUT
10
82.4398
20
280.7704
0
VERTEX
8
CUT
10
79.0369
20
283.7220
0
VERTEX
8
CUT
10
78.4692
20
284.1237
0
VERTEX
8
CUT
10
77.6981
20
284.7750
0
VERTEX
8
CUT
10
77.3965
20
284.6383
0
VERTEX
8
CUT
10
72.7695
20
279.4471
0
SEQEND
0
POLYLINE
8
CUT
66
1
70
1
10
0.0
20
0.0
30
0.0
0
VERTEX
8
CUT
10
74.2057
20
14.2864
0
VERTEX
8
CUT
10
74.3464
20
14.5898
0
VERTEX
8
CUT
10
74.2004
20
14.8907
0
VERTEX
8
CUT
10
72.7702
20
15.8082
0
VERTEX
8
CUT
10
68.8726
20
19.0534
0
VERTEX
8
CUT
10
68.6282
20
18.7898
0
VERTEX
8
CUT
10
68.5518
20
18.7518
0
VERTEX
8
CUT
10
68.2709
20
18.4044
0
VERTEX
8
CUT
10
64.2088
20
14.0225
0
VERTEX
8
CUT
10
64.1598
20
13.6927
0
VERTEX
8
CUT
10
64.3835
20
13.4456
0
VERTEX
8
CUT
10
67.0470
20
12.7554
0
VERTEX
8
CUT
10
69.6367
20
12.6313
0
VERTEX
8
CUT
10
71.3156
20
12.8643
0
VERTEX
8
CUT
10
72.7245
20
13.3575
0
SEQEND
0
POLYLINE
8
CUT
66
1
70
1
10
0.0
20
0.0
30
0.0
0
VERTEX
8
CUT
10
73.3176
20
287.2793
0
VERTEX
8
CUT
10
73.3648
20
287.8245
0
VERTEX
8
CUT
10
72.5760
20
288.1795
0
VERTEX
8
CUT
10
72.5743
20
288.1819
0
VERTEX
8
CUT
10
72.5565
20
288.1882
0
VERTEX
8
CUT
10
71.4631
20
288.6803
0
VERTEX
8
CUT
10
68.8824
20
289.0598
0
VERTEX
8
CUT
10
68.5205
20
289.0481
0
VERTEX
8
CUT
10
68.4379
20
289.0598
0
VERTEX
8
CUT
10
68.2459
20
289.0393
0
VERTEX
8
CUT
10
66.9725
20
288.9982
0
VERTEX
8
CUT
10
63.3979
20
288.3000
0
VERTEX
8
CUT
10
63.2471
20
288.0483
0
VERTEX
8
CUT
10
63.3375
20
287.7331
0
VERTEX
8
CUT
10
66.1586
20
284.9513
0
VERTEX
8
CUT
10
67.8948
20
282.9549
0
VERTEX
8
CUT
10
68.2170
20
283.0249
0
VERTEX
8
CUT
10
71.4009
20
285.9099
0
SEQEND
0
POLYLINE
8
CUT
66
1
70
1
10
0.0
20
0.0
30
0.0
0
VERTEX
8
CUT
10
50.9232
20
294.4298
0
VERTEX
8
CUT
10
51.1598
20
294.0692
0
VERTEX
8
CUT
10
54.9317
20
293.0492
0
VERTEX
8
CUT
10
59.1719
20
291.3127
0
VERTEX
8
CUT
10
60.2513
20
292.2756
0
VERTEX
8
CUT
10
61.1950
20
292.7999
0
VERTEX
8
CUT
10
65.4922
20
294.0671
0
VERTEX
8
CUT
10
65.7276
20
294.5032
0
VERTEX
8
CUT
10
65.3449
20
294.8182
0
VERTEX
8
CUT
10
64.7336
20
294.8182
0
VERTEX
8
CUT
10
64.6683
20
294.8485
0
VERTEX
8
CUT
10
52.3301
20
294.8466
0
VERTEX
8
CUT
10
52.2988
20
294.8178
0
VERTEX
8
CUT
10
51.3119
20
294.8177
0
SEQEND
0
POLYLINE
8
CUT
66
1
70
1
10
0.0
20
0.0
30
0.0
0
VERTEX
8
CUT
10
52.4356
20
23.4792
0
VERTEX
8
CUT
10
53.6925
20
22.5398
0
VERTEX
8
CUT
10
54.0573
20
22.1913
0
VERTEX
8
CUT
10
56.9463
20
19.2071
0
VERTEX
8
CUT
10
58.6167
20
17.3051
0
VERTEX
8
CUT
10
59.1040
20
17.1247
0
VERTEX
8
CUT
10
59.9926
20
17.8026
0
VERTEX
8
CUT
10
64.9664
20
22.2510
0
VERTEX
8
CUT
10
65.0049
20
22.7746
0
VERTEX
8
CUT
10
63.6528
20
23.8340
0
VERTEX
8
CUT
10
61.6391
20
25.0031
0
VERTEX
8
CUT
10
60.5983
20
25.2972
0
VERTEX
8
CUT
10
60.4740
20
25.3442
0
VERTEX
8
CUT
10
60.3417
20
25.3697
0
VERTEX
8
CUT
10
59.6217
20
25.5732
0
VERTEX
8
CUT
10
58.8403
20
25.6596
0
VERTEX
8
CUT
10
58.8083
20
25.6657
0
VERTEX
8
CUT
10
58.7841
20
25.6658
0
VERTEX
8
CUT
10
58.5133
20
25.6957
0
VERTEX
8
CUT
10
56.6708
20
25.6686
0
VERTEX
8
CUT
10
55.0287
20
25.3710
0
VERTEX
8
CUT
10
53.5412
20
24.7312
0
VERTEX
8
CUT
10
52.8699
20
24.2920
0
VERTEX
8
CUT
10
52.6982
20
24.2159
0
VERTEX
8
CUT
10
52.6937
20
24.1767
0
VERTEX
8
CUT
10
52.4617
20
24.0249
0
SEQEND
0
POLYLINE
8
CUT
66
1
70
1
10
0.0
20
0.0
30
0.0
0
VERTEX
8
CUT
10
53.2194
20
279.3092
0
VERTEX
8
CUT
10
53.0547
20
279.1355
0
VERTEX
8
CUT
10
52.9971
20
278.8471
0
VERTEX
8
CUT
10
53.1892
20
278.5805
0
VERTEX
8
CUT
10
56.0843
20
277.2922
0
VERTEX
8
CUT
10
57.3480
20
276.9610
0
VERTEX
8
CUT
10
59.2329
20
276.8164
0
VERTEX
8
CUT
10
60.9872
20
277.1578
0
VERTEX
8
CUT
10
61.9027
20
277.5656
0
VERTEX
8
CUT
10
62.3075
20
277.8517
0
VERTEX
8
CUT
10
63.2550
20
278.3938
0
VERTEX
8
CUT
10
64.1808
20
279.1851
0
VERTEX
8
CUT
10
64.2775
20
279.4615
0
VERTEX
8
CUT
10
64.2738
20
279.4648
0
VERTEX
8
CUT
10
64.3168
20
279.5274
0
VERTEX
8
CUT
10
60.2733
20
283.0908
0
VERTEX
8
CUT
10
59.3799
20
283.7619
0
VERTEX
8
CUT
10
59.2416
20
283.8834
0
VERTEX
8
CUT
10
59.0777
20
283.9889
0
VERTEX
8
CUT
10
57.9919
20
284.8046
0
VERTEX
8
CUT
10
57.7042
20
284.6537
0
VERTEX
8
CUT
10
55.1597
20
281.3834
0
VERTEX
8
CUT
10
53.2359
20
279.3659
0
SEQEND
0
POLYLINE
8
CUT
66
1
70
1
10
0.0
20
0.0
30
0.0
0
VERTEX
8
CUT
10
51.3211
20
12.7141
0
VERTEX
8
CUT
10
52.6499
20
13.1049
0
VERTEX
8
CUT
10
53.7274
20
13.6626
0
VERTEX
8
CUT
10
53.7452
20
13.6684
0
VERTEX
8
CUT
10
53.7509
20
13.6748
0
VERTEX
8
CUT
10
54.4324
20
14.0275
0
VERTEX
8
CUT
10
54.4795
20
14.4522
0
VERTEX
8
CUT
10
52.3796
20
16.1386
0
VERTEX
8
CUT
10
52.2852
20
16.2319
0
VERTEX
8
CUT
10
51.8978
20
16.6416
0
VERTEX
8
CUT
10
51.3989
20
17.1695
0
VERTEX
8
CUT
10
50.4790
20
18.1426
0
VERTEX
8
CUT
10
49.1478
20
19.5509
0
VERTEX
8
CUT
10
48.7849
20
20.6139
0
VERTEX
8
CUT
10
48.4639
20
20.7849
0
VERTEX
8
CUT
10
47.7837
20
20.2027
0
VERTEX
8
CUT
10
47.7531
20
20.1870
0
VERTEX
8
CUT
10
42.7375
20
15.9225
0
VERTEX
8
CUT
10
41.1268
20
14.7300
0
VERTEX
8
CUT
10
40.9935
20
14.4209
0
VERTEX
8
CUT
10
41.1504
20
14.1232
0
VERTEX
8
CUT
10
42.1203
20
13.6172
0
VERTEX
8
CUT
10
42.1853
20
13.5802
0
VERTEX
8
CUT
10
42.2005
20
13.5754
0
VERTEX
8
CUT
10
42.3898
20
13.4765
0
VERTEX
8
CUT
10
43.8027
20
12.9830
0
VERTEX
8
CUT
10
45.2715
20
12.6264
0
VERTEX
8
CUT
10
46.4620
20
12.5362
0
VERTEX
8
CUT
10
47.3591
20
12.4200
0
VERTEX
8
CUT
10
47.9786
20
12.4213
0
VERTEX
8
CUT
10
48.3782
20
12.3910
0
SEQEND
0
POLYLINE
8
CUT
66
1
70
1
10
0.0
20
0.0
30
0.0
0
VERTEX
8
CUT
10
46.8948
20
288.9128
0
VERTEX
8
CUT
10
45.8457
20
288.8542
0
VERTEX
8
CUT
10
43.3395
20
288.1600
0
VERTEX
8
CUT
10
43.1381
20
287.8884
0
VERTEX
8
CUT
10
43.2245
20
287.5616
0
VERTEX
8
CUT
10
45.6984
20
285.1348
0
VERTEX
8
CUT
10
46.1616
20
284.6292
0
VERTEX
8
CUT
10
46.1686
20
284.6215
0
VERTEX
8
CUT
10
46.2378
20
284.5460
0
VERTEX
8
CUT
10
46.2473
20
284.5356
0
VERTEX
8
CUT
10
47.1766
20
283.4539
0
VERTEX
8
CUT
10
47.1952
20
283.4277
0
VERTEX
8
CUT
10
47.2304
20
283.3783
0
VERTEX
8
CUT
10
47.2457
20
283.3568
0
VERTEX
8
CUT
10
47.2631
20
283.3325
0
VERTEX
8
CUT
10
47.7109
20
282.5263
0
VERTEX
8
CUT
10
47.9057
20
282.4303
0
VERTEX
8
CUT
10
47.9162
20
282.4155
0
VERTEX
8
CUT
10
47.9299
20
282.4183
0
VERTEX
8
CUT
10
48.0101
20
282.3788
0
VERTEX
8
CUT
10
48.0903
20
282.4515
0
VERTEX
8
CUT
10
48.2491
20
282.4844
0
VERTEX
8
CUT
10
50.5525
20
284.6847
0
VERTEX
8
CUT
10
53.7411
20
287.5766
0
VERTEX
8
CUT
10
53.5914
20
287.9099
0
VERTEX
8
CUT
10
52.7742
20
288.3547
0
VERTEX
8
CUT
10
51.0656
20
288.7934
0
VERTEX
8
CUT
10
48.9750
20
289.0290
0
VERTEX
8
CUT
10
48.8541
20
289.0222
0
VERTEX
8
CUT
10
48.3191
20
289.0899
0
SEQEND
0
POLYLINE
8
CUT
66
1
70
1
10
0.0
20
0.0
30
0.0
0
VERTEX
8
CUT
10
33.6023
20
293.1387
0
VERTEX
8
CUT
10
34.1211
20
292.9783
0
VERTEX
8
CUT
10
34.8062
20
292.7469
0
VERTEX
8
CUT
10
36.0825
20
292.3113
0
VERTEX
8
CUT
10
39.1139
20
290.9108
0
VERTEX
8
CUT
10
39.4350
20
291.1034
0
VERTEX
8
CUT
10
39.5874
20
291.8201
0
VERTEX
8
CUT
10
40.3809
20
292.4842
0
VERTEX
8
CUT
10
42.7263
20
293.4079
0
VERTEX
8
CUT
10
43.2622
20
293.5712
0
VERTEX
8
CUT
10
45.2417
20
294.0529
0
VERTEX
8
CUT
10
45.4550
20
294.3041
0
VERTEX
8
CUT
10
45.3997
20
294.6290
0
VERTEX
8
CUT
10
45.0776
20
294.7973
0
VERTEX
8
CUT
10
44.6249
20
294.7960
0
VERTEX
8
CUT
10
44.5483
20
294.8324
0
VERTEX
8
CUT
10
27.8154
20
294.8182
0
VERTEX
8
CUT
10
9.7055
20
294.6668
0
VERTEX
8
CUT
10
8.1920
20
294.5503
0
VERTEX
8
CUT
10
7.9032
20
294.5460
0
VERTEX
8
CUT
10
7.6938
20
294.5119
0
VERTEX
8
CUT
10
7.4757
20
294.4951
0
VERTEX
8
CUT
10
7.2200
20
294.4934
0
VERTEX
8
CUT
10
7.1814
20
294.4724
0
VERTEX
8
CUT
10
6.8704
20
294.4485
0
VERTEX
8
CUT
10
6.6610
20
293.6318
0
VERTEX
8
CUT
10
6.5109
20
288.3537
0
VERTEX
8
CUT
10
6.5659
20
263.3935
0
VERTEX
8
CUT
10
6.5929
20
263.3627
0
VERTEX
8
CUT
10
6.5910
20
262.8616
0
VERTEX
8
CUT
10
6.5925
20
262.8590
0
VERTEX
8
CUT
10
6.5924
20
262.8130
0
VERTEX
8
CUT
10
6.6700
20
262.7268
0
VERTEX
8
CUT
10
6.7918
20
262.5191
0
VERTEX
8
CUT
10
6.8650
20
262.5104
0
VERTEX
8
CUT
10
6.9036
20
262.4676
0
VERTEX
8
CUT
10
6.9758
20
262.4973
0
VERTEX
8
CUT
10
7.0851
20
262.4843
0
VERTEX
8
CUT
10
7.2163
20
262.5964
0
VERTEX
8
CUT
10
7.3046
20
262.6327
0
VERTEX
8
CUT
10
7.3170
20
262.6825
0
VERTEX
8
CUT
10
7.3361
20
262.6987
0
VERTEX
8
CUT
10
7.7536
20
264.4271
0
VERTEX
8
CUT
10
7.7550
20
264.4326
0
VERTEX
8
CUT
10
7.7551
20
264.4330
0
VERTEX
8
CUT
10
7.7583
20
264.4457
0
VERTEX
8
CUT
10
7.7691
20
264.4890
0
VERTEX
8
CUT
10
8.8502
20
267.0184
0
VERTEX
8
CUT
10
9.3959
20
267.8439
0
VERTEX
8
CUT
10
10.4326
20
268.4869
0
VERTEX
8
CUT
10
10.4644
20
268.8179
0
VERTEX
8
CUT
10
9.3004
20
271.0914
0
VERTEX
8
CUT
10
8.7288
20
272.5096
0
VERTEX
8
CUT
10
8.6556
20
272.6913
0
VERTEX
8
CUT
10
8.5989
20
272.8320
0
VERTEX
8
CUT
10
8.5901
20
272.8538
0
VERTEX
8
CUT
10
8.2753
20
273.8121
0
VERTEX
8
CUT
10
7.6365
20
277.8909
0
VERTEX
8
CUT
10
7.7576
20
281.4898
0
VERTEX
8
CUT
10
8.2168
20
284.8605
0
VERTEX
8
CUT
10
9.1795
20
289.4047
0
VERTEX
8
CUT
10
9.1884
20
289.4344
0
VERTEX
8
CUT
10
9.1903
20
289.4409
0
VERTEX
8
CUT
10
9.2198
20
289.5393
0
VERTEX
8
CUT
10
9.3290
20
289.9031
0
VERTEX
8
CUT
10
9.8637
20
291.3799
0
VERTEX
8
CUT
10
10.0027
20
291.5382
0
VERTEX
8
CUT
10
10.4423
20
291.8637
0
VERTEX
8
CUT
10
11.3317
20
292.1419
0
VERTEX
8
CUT
10
11.3710
20
292.1497
0
VERTEX
8
CUT
10
21.6228
20
293.3064
0
VERTEX
8
CUT
10
22.9935
20
293.4542
0
VERTEX
8
CUT
10
28.7056
20
293.6925
0
VERTEX
8
CUT
10
33.2800
20
293.2384
0
VERTEX
8
CUT
10
33.3829
20
293.2066
0
SEQEND
0
POLYLINE
8
CUT
66
1
70
1
10
0.0
20
0.0
30
0.0
0
VERTEX
8
CUT
10
43.2579
20
277.9186
0
VERTEX
8
CUT
10
44.4318
20
278.8717
0
VERTEX
8
CUT
10
44.3897
20
279.4007
0
VERTEX
8
CUT
10
39.0724
20
283.7511
0
VERTEX
8
CUT
10
39.0417
20
283.7788
0
VERTEX
8
CUT
10
39.0235
20
283.7911
0
VERTEX
8
CUT
10
37.6953
20
284.8778
0
VERTEX
8
CUT
10
37.3910
20
284.7361
0
VERTEX
8
CUT
10
36.9166
20
284.0797
0
VERTEX
8
CUT
10
34.4810
20
281.8527
0
VERTEX
8
CUT
10
31.8629
20
279.5966
0
VERTEX
8
CUT
10
30.9153
20
278.5150
0
VERTEX
8
CUT
10
31.1735
20
278.1648
0
VERTEX
8
CUT
10
33.3639
20
277.4135
0
VERTEX
8
CUT
10
33.3829
20
277.4035
0
VERTEX
8
CUT
10
33.4984
20
277.3674
0
VERTEX
8
CUT
10
34.7646
20
276.9331
0
VERTEX
8
CUT
10
34.9895
20
276.9010
0
VERTEX
8
CUT
10
35.6416
20
276.6970
0
VERTEX
8
CUT
10
37.2830
20
276.5733
0
VERTEX
8
CUT
10
37.9267
20
276.4813
0
VERTEX
8
CUT
10
39.9290
20
276.6050
0
VERTEX
8
CUT
10
41.7636
20
277.0822
0
SEQEND
0
POLYLINE
8
CUT
66
1
70
1
10
0.0
20
0.0
30
0.0
0
VERTEX
8
CUT
10
31.0757
20
24.5047
0
VERTEX
8
CUT
10
29.4298
20
23.1505
0
VERTEX
8
CUT
10
29.4858
20
22.6035
0
VERTEX
8
CUT
10
30.9051
20
21.7468
0
VERTEX
8
CUT
10
33.0851
20
19.6634
0
VERTEX
8
CUT
10
34.9991
20
18.2275
0
VERTEX
8
CUT
10
35.4515
20
17.8076
0
VERTEX
8
CUT
10
35.9204
20
17.5364
0
VERTEX
8
CUT
10
36.6387
20
16.9975
0
VERTEX
8
CUT
10
36.9264
20
17.1615
0
VERTEX
8
CUT
10
37.0607
20
17.8333
0
VERTEX
8
CUT
10
37.8551
20
18.7885
0
VERTEX
8
CUT
10
43.5851
20
24.1245
0
VERTEX
8
CUT
10
44.1686
20
24.8914
0
VERTEX
8
CUT
10
43.9347
20
25.2196
0
VERTEX
8
CUT
10
40.1228
20
26.8347
0
VERTEX
8
CUT
10
38.8450
20
27.0925
0
VERTEX
8
CUT
10
36.6694
20
27.0897
0
VERTEX
8
CUT
10
35.3144
20
26.7888
0
VERTEX
8
CUT
10
33.4858
20
25.9260
0
VERTEX
8
CUT
10
33.3751
20
25.8896
0
VERTEX
8
CUT
10
33.2662
20
25.8224
0
VERTEX
8
CUT
10
32.7489
20
25.5783
0
SEQEND
0
POLYLINE
8
CUT
66
1
70
1
10
0.0
20
0.0
30
0.0
0
VERTEX
8
CUT
10
20.0104
20
286.8958
0
VERTEX
8
CUT
10
23.8626
20
283.6418
0
VERTEX
8
CUT
10
24.6621
20
282.7442
0
VERTEX
8
CUT
10
25.1888
20
281.7981
0
VERTEX
8
CUT
10
25.5243
20
281.8006
0
VERTEX
8
CUT
10
27.1752
20
283.0449
0
VERTEX
8
CUT
10
29.2795
20
284.7941
0
VERTEX
8
CUT
10
32.1385
20
286.9960
0
VERTEX
8
CUT
10
32.2955
20
287.2927
0
VERTEX
8
CUT
10
32.1690
20
287.4985
0
VERTEX
8
CUT
10
32.1882
20
287.6929
0
VERTEX
8
CUT
10
31.4700
20
287.8371
0
VERTEX
8
CUT
10
30.9042
20
288.0010
0
VERTEX
8
CUT
10
30.5747
20
288.0168
0
VERTEX
8
CUT
10
30.2147
20
288.0891
0
VERTEX
8
CUT
10
29.0600
20
288.0897
0
VERTEX
8
CUT
10
27.7788
20
288.1514
0
VERTEX
8
CUT
10
26.8494
20
288.0909
0
VERTEX
8
CUT
10
26.4372
20
288.0911
0
VERTEX
8
CUT
10
23.3061
20
287.8604
0
VERTEX
8
CUT
10
22.7016
20
287.8210
0
VERTEX
8
CUT
10
22.6683
20
287.8134
0
VERTEX
8
CUT
10
21.9379
20
287.7595
0
VERTEX
8
CUT
10
20.0481
20
287.4452
0
SEQEND
0
POLYLINE
8
CUT
66
1
70
1
10
0.0
20
0.0
30
0.0
0
VERTEX
8
CUT
10
19.7245
20
14.3491
0
VERTEX
8
CUT
10
20.0174
20
14.0273
0
VERTEX
8
CUT
10
24.1429
20
13.5405
0
VERTEX
8
CUT
10
24.8353
20
13.5456
0
VERTEX
8
CUT
10
24.8717
20
13.5418
0
VERTEX
8
CUT
10
25.1994
20
13.5482
0
VERTEX
8
CUT
10
25.3300
20
13.5492
0
VERTEX
8
CUT
10
25.8703
20
13.4806
0
VERTEX
8
CUT
10
26.5435
20
13.5581
0
VERTEX
8
CUT
10
28.6023
20
13.5732
0
VERTEX
8
CUT
10
30.3178
20
13.8796
0
VERTEX
8
CUT
10
30.5761
20
14.2280
0
VERTEX
8
CUT
10
29.9806
20
15.0503
0
VERTEX
8
CUT
10
26.5142
20
18.4874
0
VERTEX
8
CUT
10
25.9826
20
19.4257
0
VERTEX
8
CUT
10
25.7093
20
19.5423
0
VERTEX
8
CUT
10
25.3725
20
19.2381
0
VERTEX
8
CUT
10
25.1034
20
19.1397
0
VERTEX
8
CUT
10
23.7453
20
17.7686
0
VERTEX
8
CUT
10
21.1117
20
15.3902
0
VERTEX
8
CUT
10
19.9118
20
14.7418
0
SEQEND
0
POLYLINE
8
CUT
66
1
70
1
10
0.0
20
0.0
30
0.0
0
VERTEX
8
CUT
10
28.0932
20
33.7036
0
VERTEX
8
CUT
10
28.0938
20
33.7273
0
VERTEX
8
CUT
10
28.1794
20
34.7637
0
VERTEX
8
CUT
10
28.1275
20
35.1927
0
VERTEX
8
CUT
10
28.1523
20
36.2729
0
VERTEX
8
CUT
10
27.9160
20
37.9711
0
VERTEX
8
CUT
10
27.0862
20
40.4709
0
VERTEX
8
CUT
10
25.2327
20
43.8162
0
VERTEX
8
CUT
10
24.6761
20
45.2628
0
VERTEX
8
CUT
10
24.2468
20
45.2244
0
VERTEX
8
CUT
10
20.6666
20
41.8095
0
VERTEX
8
CUT
10
19.9129
20
41.1698
0
VERTEX
8
CUT
10
19.9127
20
41.1697
0
VERTEX
8
CUT
10
19.9123
20
41.1693
0
VERTEX
8
CUT
10
19.9123
20
41.1693
0
VERTEX
8
CUT
10
18.8111
20
40.3379
0
VERTEX
8
CUT
10
18.1659
20
40.2929
0
VERTEX
8
CUT
10
18.0022
20
39.8892
0
VERTEX
8
CUT
10
19.1776
20
38.2663
0
VERTEX
8
CUT
10
19.2215
20
38.1920
0
VERTEX
8
CUT
10
19.2701
20
38.1387
0
VERTEX
8
CUT
10
19.7390
20
37.4912
0
VERTEX
8
CUT
10
22.4275
20
34.6822
0
VERTEX
8
CUT
10
24.1510
20
33.4010
0
VERTEX
8
CUT
10
25.9474
20
32.5117
0
VERTEX
8
CUT
10
26.1985
20
32.3620
0
VERTEX
8
CUT
10
27.0212
20
31.5175
0
VERTEX
8
CUT
10
27.3484
20
31.4306
0
VERTEX
8
CUT
10
27.6493
20
31.7044
0
VERTEX
8
CUT
10
28.0573
20
33.5420
0
VERTEX
8
CUT
10
28.0864
20
33.6383
0
VERTEX
8
CUT
10
28.0910
20
33.6935
0
SEQEND
0
POLYLINE
8
CUT
66
1
70
1
10
0.0
20
0.0
30
0.0
0
VERTEX
8
CUT
10
26.8531
20
271.7627
0
VERTEX
8
CUT
10
26.6843
20
274.7231
0
VERTEX
8
CUT
10
26.4598
20
274.9775
0
VERTEX
8
CUT
10
26.1210
20
274.9598
0
VERTEX
8
CUT
10
20.4701
20
271.4382
0
VERTEX
8
CUT
10
20.3176
20
271.3517
0
VERTEX
8
CUT
10
20.1588
20
271.2618
0
VERTEX
8
CUT
10
20.0727
20
271.2130
0
VERTEX
8
CUT
10
19.1253
20
270.6762
0
VERTEX
8
CUT
10
18.3828
20
270.2897
0
VERTEX
8
CUT
10
17.1400
20
270.0168
0
VERTEX
8
CUT
10
16.8925
20
269.7902
0
VERTEX
8
CUT
10
16.8958
20
269.4898
0
VERTEX
8
CUT
10
17.3503
20
268.8174
0
VERTEX
8
CUT
10
20.6813
20
264.3057
0
VERTEX
8
CUT
10
21.4739
20
262.5016
0
VERTEX
8
CUT
10
21.8962
20
262.5765
0
VERTEX
8
CUT
10
22.6410
20
263.3334
0
VERTEX
8
CUT
10
23.4365
20
264.0378
0
VERTEX
8
CUT
10
24.1195
20
264.8359
0
VERTEX
8
CUT
10
24.4182
20
265.1394
0
VERTEX
8
CUT
10
25.4364
20
266.4604
0
VERTEX
8
CUT
10
26.4465
20
268.3976
0
VERTEX
8
CUT
10
26.9394
20
270.2498
0
VERTEX
8
CUT
10
26.8765
20
271.3525
0
VERTEX
8
CUT
10
26.9050
20
271.5322
0
SEQEND
0
POLYLINE
8
CUT
66
1
70
1
10
0.0
20
0.0
30
0.0
0
VERTEX
8
CUT
10
23.5504
20
53.9743
0
VERTEX
8
CUT
10
23.6834
20
54.2085
0
VERTEX
8
CUT
10
23.7107
20
54.2065
0
VERTEX
8
CUT
10
23.7982
20
54.4106
0
VERTEX
8
CUT
10
24.4595
20
55.5750
0
VERTEX
8
CUT
10
25.0692
20
57.4313
0
VERTEX
8
CUT
10
25.2708
20
59.2463
0
VERTEX
8
CUT
10
24.8018
20
62.1308
0
VERTEX
8
CUT
10
23.6833
20
65.5422
0
VERTEX
8
CUT
10
23.3236
20
65.7980
0
VERTEX
8
CUT
10
18.3819
20
61.5584
0
VERTEX
8
CUT
10
17.9742
20
61.2962
0
VERTEX
8
CUT
10
17.9091
20
61.1528
0
VERTEX
8
CUT
10
17.6356
20
60.9181
0
VERTEX
8
CUT
10
17.7439
20
60.7882
0
VERTEX
8
CUT
10
17.7431
20
60.7865
0
VERTEX
8
CUT
10
18.6384
20
59.6242
0
VERTEX
8
CUT
10
22.0837
20
55.5322
0
VERTEX
8
CUT
10
22.9304
20
54.0961
0
VERTEX
8
CUT
10
23.2284
20
53.8736
0
SEQEND
0
POLYLINE
8
CUT
66
1
70
1
10
0.0
20
0.0
30
0.0
0
VERTEX
8
CUT
10
24.4962
20
77.0419
0
VERTEX
8
CUT
10
25.0314
20
79.4405
0
VERTEX
8
CUT
10
24.9365
20
81.9278
0
VERTEX
8
CUT
10
24.6660
20
83.1451
0
VERTEX
8
CUT
10
23.8866
20
85.1990
0
VERTEX
8
CUT
10
23.6891
20
85.8238
0
VERTEX
8
CUT
10
23.6469
20
85.8307
0
VERTEX
8
CUT
10
23.6438
20
85.8388
0
VERTEX
8
CUT
10
23.3980
20
85.8714
0
VERTEX
8
CUT
10
23.1422
20
85.9133
0
VERTEX
8
CUT
10
23.1348
20
85.9064
0
VERTEX
8
CUT
10
23.0979
20
85.9113
0
VERTEX
8
CUT
10
18.8702
20
82.1791
0
VERTEX
8
CUT
10
17.4573
20
81.2905
0
VERTEX
8
CUT
10
17.5021
20
80.8928
0
VERTEX
8
CUT
10
22.4839
20
74.5827
0
VERTEX
8
CUT
10
22.9853
20
74.5282
0
SEQEND
0
POLYLINE
8
CUT
66
1
70
1
10
0.0
20
0.0
30
0.0
0
VERTEX
8
CUT
10
23.0676
20
106.4725
0
VERTEX
8
CUT
10
22.7336
20
106.4145
0
VERTEX
8
CUT
10
18.8978
20
102.6007
0
VERTEX
8
CUT
10
18.2418
20
102.2522
0
VERTEX
8
CUT
10
17.3675
20
102.1743
0
VERTEX
8
CUT
10
17.1215
20
101.8137
0
VERTEX
8
CUT
10
18.1796
20
100.5147
0
VERTEX
8
CUT
10
18.2745
20
100.3823
0
VERTEX
8
CUT
10
18.5436
20
100.0679
0
VERTEX
8
CUT
10
22.8017
20
94.8407
0
VERTEX
8
CUT
10
23.1671
20
95.0225
0
VERTEX
8
CUT
10
24.3937
20
97.2229
0
VERTEX
8
CUT
10
24.4386
20
97.4609
0
VERTEX
8
CUT
10
24.4563
20
97.4918
0
VERTEX
8
CUT
10
24.4668
20
97.6102
0
VERTEX
8
CUT
10
24.8452
20
99.6144
0
VERTEX
8
CUT
10
24.6073
20
102.2709
0
VERTEX
8
CUT
10
24.4528
20
102.7483
0
VERTEX
8
CUT
10
24.4232
20
103.0578
0
VERTEX
8
CUT
10
23.9804
20
104.2086
0
VERTEX
8
CUT
10
23.3209
20
106.2471
0
SEQEND
0
POLYLINE
8
CUT
66
1
70
1
10
0.0
20
0.0
30
0.0
0
VERTEX
8
CUT
10
18.4336
20
225.6946
0
VERTEX
8
CUT
10
22.4891
20
220.4400
0
VERTEX
8
CUT
10
22.7543
20
220.3066
0
VERTEX
8
CUT
10
23.0643
20
220.4245
0
VERTEX
8
CUT
10
23.9060
20
221.8617
0
VERTEX
8
CUT
10
24.4229
20
223.2965
0
VERTEX
8
CUT
10
24.6641
20
225.1014
0
VERTEX
8
CUT
10
24.3955
20
228.0568
0
VERTEX
8
CUT
10
23.3410
20
231.2462
0
VERTEX
8
CUT
10
23.2137
20
232.1652
0
VERTEX
8
CUT
10
22.8623
20
232.4081
0
VERTEX
8
CUT
10
22.5609
20
232.2773
0
VERTEX
8
CUT
10
19.6409
20
229.0404
0
VERTEX
8
CUT
10
19.2549
20
228.6426
0
VERTEX
8
CUT
10
18.3787
20
227.8907
0
VERTEX
8
CUT
10
17.9158
20
227.6614
0
VERTEX
8
CUT
10
17.4109
20
227.5118
0
VERTEX
8
CUT
10
17.3413
20
227.3769
0
VERTEX
8
CUT
10
17.3277
20
227.3701
0
VERTEX
8
CUT
10
17.3302
20
227.3554
0
VERTEX
8
CUT
10
17.2587
20
227.2168
0
VERTEX
8
CUT
10
17.3820
20
227.0571
0
VERTEX
8
CUT
10
17.3909
20
227.0056
0
SEQEND
0
POLYLINE
8
CUT
66
1
70
1
10
0.0
20
0.0
30
0.0
0
VERTEX
8
CUT
10
24.3586
20
205.5644
0
VERTEX
8
CUT
10
24.3905
20
206.6107
0
VERTEX
8
CUT
10
23.5164
20
210.9376
0
VERTEX
8
CUT
10
23.2749
20
211.2599
0
VERTEX
8
CUT
10
22.9079
20
211.2202
0
VERTEX
8
CUT
10
18.8526
20
207.3763
0
VERTEX
8
CUT
10
17.6091
20
206.4480
0
VERTEX
8
CUT
10
17.1176
20
206.3773
0
VERTEX
8
CUT
10
16.9331
20
206.0967
0
VERTEX
8
CUT
10
17.1899
20
205.7637
0
VERTEX
8
CUT
10
17.1751
20
205.6949
0
VERTEX
8
CUT
10
17.7946
20
204.8007
0
VERTEX
8
CUT
10
21.1188
20
200.6668
0
VERTEX
8
CUT
10
21.2508
20
200.4956
0
VERTEX
8
CUT
10
21.8454
20
199.2714
0
VERTEX
8
CUT
10
22.1089
20
199.1291
0
VERTEX
8
CUT
10
22.4727
20
199.3008
0
VERTEX
8
CUT
10
23.6209
20
201.2920
0
VERTEX
8
CUT
10
23.8886
20
202.2979
0
VERTEX
8
CUT
10
23.9125
20
202.3476
0
VERTEX
8
CUT
10
23.9339
20
202.4678
0
VERTEX
8
CUT
10
24.3068
20
203.8687
0
VERTEX
8
CUT
10
24.3326
20
204.7151
0
VERTEX
8
CUT
10
24.3920
20
205.0496
0
SEQEND
0
POLYLINE
8
CUT
66
1
70
1
10
0.0
20
0.0
30
0.0
0
VERTEX
8
CUT
10
22.3022
20
115.3879
0
VERTEX
8
CUT
10
23.0301
20
116.5621
0
VERTEX
8
CUT
10
23.6373
20
118.0628
0
VERTEX
8
CUT
10
23.9098
20
119.8725
0
VERTEX
8
CUT
10
23.8803
20
121.7842
0
VERTEX
8
CUT
10
23.5852
20
123.6854
0
VERTEX
8
CUT
10
22.6624
20
126.3988
0
VERTEX
8
CUT
10
22.3338
20
126.6208
0
VERTEX
8
CUT
10
22.0271
20
126.5000
0
VERTEX
8
CUT
10
19.0343
20
123.2221
0
VERTEX
8
CUT
10
17.6479
20
122.1463
0
VERTEX
8
CUT
10
17.3120
20
122.0854
0
VERTEX
8
CUT
10
17.1145
20
121.7671
0
VERTEX
8
CUT
10
18.3699
20
120.0130
0
VERTEX
8
CUT
10
20.6261
20
117.3865
0
VERTEX
8
CUT
10
20.9091
20
117.0437
0
VERTEX
8
CUT
10
21.0217
20
116.9073
0
VERTEX
8
CUT
10
21.0293
20
116.8980
0
VERTEX
8
CUT
10
21.0332
20
116.8934
0
VERTEX
8
CUT
10
21.9677
20
115.3417
0
SEQEND
0
POLYLINE
8
CUT
66
1
70
1
10
0.0
20
0.0
30
0.0
0
VERTEX
8
CUT
10
22.1078
20
135.7028
0
VERTEX
8
CUT
10
22.7603
20
136.6930
0
VERTEX
8
CUT
10
23.3755
20
138.3429
0
VERTEX
8
CUT
10
23.9071
20
140.9701
0
VERTEX
8
CUT
10
23.9087
20
142.1358
0
VERTEX
8
CUT
10
23.1541
20
146.2977
0
VERTEX
8
CUT
10
23.1660
20
147.5297
0
VERTEX
8
CUT
10
22.8347
20
147.8466
0
VERTEX
8
CUT
10
22.5207
20
147.7494
0
VERTEX
8
CUT
10
18.4741
20
143.6621
0
VERTEX
8
CUT
10
17.7205
20
143.0982
0
VERTEX
8
CUT
10
16.8910
20
143.0630
0
VERTEX
8
CUT
10
16.6938
20
142.7473
0
VERTEX
8
CUT
10
18.2169
20
140.5607
0
VERTEX
8
CUT
10
20.1773
20
138.1898
0
VERTEX
8
CUT
10
20.2008
20
138.1596
0
VERTEX
8
CUT
10
20.2310
20
138.1208
0
VERTEX
8
CUT
10
20.2621
20
138.0808
0
VERTEX
8
CUT
10
20.5284
20
137.7387
0
VERTEX
8
CUT
10
21.1801
20
136.7985
0
VERTEX
8
CUT
10
21.7717
20
135.6577
0
SEQEND
0
POLYLINE
8
CUT
66
1
70
1
10
0.0
20
0.0
30
0.0
0
VERTEX
8
CUT
10
23.6355
20
186.7036
0
VERTEX
8
CUT
10
22.7460
20
189.6022
0
VERTEX
8
CUT
10
22.7081
20
189.7594
0
VERTEX
8
CUT
10
22.6512
20
189.7659
0
VERTEX
8
CUT
10
22.3660
20
189.9792
0
VERTEX
8
CUT
10
22.0594
20
189.8584
0
VERTEX
8
CUT
10
19.0253
20
186.5481
0
VERTEX
8
CUT
10
18.9587
20
186.5010
0
VERTEX
8
CUT
10
18.8126
20
186.3975
0
VERTEX
8
CUT
10
18.6135
20
186.2565
0
VERTEX
8
CUT
10
17.5436
20
185.4989
0
VERTEX
8
CUT
10
17.1837
20
185.5145
0
VERTEX
8
CUT
10
16.9461
20
185.1867
0
VERTEX
8
CUT
10
21.5828
20
178.7325
0
VERTEX
8
CUT
10
22.1062
20
178.6293
0
VERTEX
8
CUT
10
22.7603
20
179.5120
0
VERTEX
8
CUT
10
23.5174
20
181.7640
0
VERTEX
8
CUT
10
23.8195
20
183.4024
0
SEQEND
0
POLYLINE
8
CUT
66
1
70
1
10
0.0
20
0.0
30
0.0
0
VERTEX
8
CUT
10
21.9022
20
242.0452
0
VERTEX
8
CUT
10
22.1840
20
241.8673
0
VERTEX
8
CUT
10
22.5003
20
241.9720
0
VERTEX
8
CUT
10
23.2758
20
243.3870
0
VERTEX
8
CUT
10
23.5559
20
244.2309
0
VERTEX
8
CUT
10
23.7879
20
246.1455
0
VERTEX
8
CUT
10
23.7369
20
246.8184
0
VERTEX
8
CUT
10
23.7565
20
246.9814
0
VERTEX
8
CUT
10
23.6929
20
247.3981
0
VERTEX
8
CUT
10
23.5432
20
249.3731
0
VERTEX
8
CUT
10
22.4624
20
252.6694
0
VERTEX
8
CUT
10
22.3978
20
253.7981
0
VERTEX
8
CUT
10
22.0409
20
254.0523
0
VERTEX
8
CUT
10
21.6110
20
253.6692
0
VERTEX
8
CUT
10
21.5426
20
253.6717
0
VERTEX
8
CUT
10
21.2631
20
253.3716
0
VERTEX
8
CUT
10
21.0341
20
253.2187
0
VERTEX
8
CUT
10
20.7887
20
252.9363
0
VERTEX
8
CUT
10
17.3547
20
249.8757
0
VERTEX
8
CUT
10
16.6923
20
249.6125
0
VERTEX
8
CUT
10
16.5491
20
249.3166
0
VERTEX
8
CUT
10
21.2162
20
243.2582
0
SEQEND
0
POLYLINE
8
CUT
66
1
70
1
10
0.0
20
0.0
30
0.0
0
VERTEX
8
CUT
10
22.3675
20
169.3517
0
VERTEX
8
CUT
10
21.9387
20
169.3279
0
VERTEX
8
CUT
10
18.6842
20
165.9027
0
VERTEX
8
CUT
10
17.5954
20
164.9424
0
VERTEX
8
CUT
10
16.9902
20
164.7895
0
VERTEX
8
CUT
10
16.8257
20
164.4999
0
VERTEX
8
CUT
10
18.0030
20
162.9019
0
VERTEX
8
CUT
10
18.7142
20
161.9082
0
VERTEX
8
CUT
10
18.8959
20
161.6899
0
VERTEX
8
CUT
10
21.1660
20
158.6086
0
VERTEX
8
CUT
10
21.8892
20
157.3689
0
VERTEX
8
CUT
10
22.1939
20
157.2192
0
VERTEX
8
CUT
10
22.5233
20
157.3966
0
VERTEX
8
CUT
10
23.2110
20
158.9416
0
VERTEX
8
CUT
10
23.3274
20
159.7229
0
VERTEX
8
CUT
10
23.3405
20
159.7561
0
VERTEX
8
CUT
10
23.3475
20
159.8572
0
VERTEX
8
CUT
10
23.6061
20
161.5924
0
VERTEX
8
CUT
10
23.4584
20
164.4927
0
VERTEX
8
CUT
10
22.4864
20
168.0922
0
VERTEX
8
CUT
10
22.5518
20
168.9297
0
SEQEND
0
POLYLINE
8
CUT
66
1
70
1
10
0.0
20
0.0
30
0.0
0
VERTEX
8
CUT
10
23.1357
20
26.2807
0
VERTEX
8
CUT
10
22.7199
20
26.4228
0
VERTEX
8
CUT
10
22.1441
20
26.8434
0
VERTEX
8
CUT
10
22.0772
20
26.8923
0
VERTEX
8
CUT
10
21.9315
20
26.9987
0
VERTEX
8
CUT
10
21.6948
20
27.1716
0
VERTEX
8
CUT
10
21.1182
20
27.7320
0
VERTEX
8
CUT
10
19.8921
20
28.9581
0
VERTEX
8
CUT
10
14.6487
20
35.0193
0
VERTEX
8
CUT
10
14.0903
20
35.0141
0
VERTEX
8
CUT
10
13.5742
20
32.2451
0
VERTEX
8
CUT
10
13.5421
20
31.0604
0
VERTEX
8
CUT
10
13.6515
20
30.4811
0
VERTEX
8
CUT
10
13.6560
20
30.1013
0
VERTEX
8
CUT
10
13.8628
20
29.3617
0
VERTEX
8
CUT
10
13.9759
20
28.7630
0
VERTEX
8
CUT
10
15.1578
20
26.4904
0
VERTEX
8
CUT
10
15.7819
20
25.8005
0
VERTEX
8
CUT
10
15.9313
20
25.6074
0
VERTEX
8
CUT
10
16.1486
20
25.3951
0
VERTEX
8
CUT
10
18.2358
20
23.0877
0
VERTEX
8
CUT
10
18.9087
20
21.8087
0
VERTEX
8
CUT
10
19.4556
20
21.7845
0
VERTEX
8
CUT
10
23.2151
20
25.7888
0
SEQEND
0
POLYLINE
8
CUT
66
1
70
1
10
0.0
20
0.0
30
0.0
0
VERTEX
8
CUT
10
13.5157
20
277.0789
0
VERTEX
8
CUT
10
13.6085
20
276.5476
0
VERTEX
8
CUT
10
13.6340
20
276.0726
0
VERTEX
8
CUT
10
13.7609
20
275.6744
0
VERTEX
8
CUT
10
13.7844
20
275.5398
0
VERTEX
8
CUT
10
13.9287
20
275.1476
0
VERTEX
8
CUT
10
14.3402
20
273.8560
0
VERTEX
8
CUT
10
14.8566
20
273.8126
0
VERTEX
8
CUT
10
16.5299
20
275.3329
0
VERTEX
8
CUT
10
16.8228
20
275.5428
0
VERTEX
8
CUT
10
16.9998
20
275.6695
0
VERTEX
8
CUT
10
17.8595
20
276.2854
0
VERTEX
8
CUT
10
18.3183
20
276.6141
0
VERTEX
8
CUT
10
20.9578
20
278.4257
0
VERTEX
8
CUT
10
21.1196
20
278.7192
0
VERTEX
8
CUT
10
20.9940
20
279.0299
0
VERTEX
8
CUT
10
19.4115
20
280.1072
0
VERTEX
8
CUT
10
17.1586
20
282.0755
0
VERTEX
8
CUT
10
16.9468
20
282.2919
0
VERTEX
8
CUT
10
16.8498
20
282.3910
0
VERTEX
8
CUT
10
16.8437
20
282.3972
0
VERTEX
8
CUT
10
16.8242
20
282.4172
0
VERTEX
8
CUT
10
16.7743
20
282.4681
0
VERTEX
8
CUT
10
16.5679
20
282.6790
0
VERTEX
8
CUT
10
15.4154
20
284.1267
0
VERTEX
8
CUT
10
15.1542
20
284.7788
0
VERTEX
8
CUT
10
14.8292
20
284.9581
0
VERTEX
8
CUT
10
14.4651
20
284.7159
0
VERTEX
8
CUT
10
13.7551
20
281.9823
0
VERTEX
8
CUT
10
13.5468
20
279.6469
0
VERTEX
8
CUT
10
13.5401
20
279.6078
0
VERTEX
8
CUT
10
13.5407
20
279.5790
0
VERTEX
8
CUT
10
13.4813
20
278.9122
0
VERTEX
8
CUT
10
13.4836
20
278.8693
0
VERTEX
8
CUT
10
13.4823
20
278.8587
0
SEQEND
0
POLYLINE
8
CUT
66
1
70
1
10
0.0
20
0.0
30
0.0
0
VERTEX
8
CUT
10
19.1161
20
51.1358
0
VERTEX
8
CUT
10
18.7084
20
51.5296
0
VERTEX
8
CUT
10
18.2470
20
51.9754
0
VERTEX
8
CUT
10
17.1261
20
53.0584
0
VERTEX
8
CUT
10
14.5680
20
55.6171
0
VERTEX
8
CUT
10
14.1072
20
55.8383
0
VERTEX
8
CUT
10
13.8230
20
55.6590
0
VERTEX
8
CUT
10
13.5656
20
55.0337
0
VERTEX
8
CUT
10
13.1456
20
53.3925
0
VERTEX
8
CUT
10
12.8734
20
51.5080
0
VERTEX
8
CUT
10
12.8768
20
49.7836
0
VERTEX
8
CUT
10
13.1667
20
48.1022
0
VERTEX
8
CUT
10
13.7592
20
46.4038
0
VERTEX
8
CUT
10
15.1370
20
44.0303
0
VERTEX
8
CUT
10
15.6971
20
44.0408
0
VERTEX
8
CUT
10
16.4473
20
45.1985
0
VERTEX
8
CUT
10
20.1059
20
49.3103
0
VERTEX
8
CUT
10
20.4851
20
49.9542
0
VERTEX
8
CUT
10
19.4450
20
50.8180
0
SEQEND
0
POLYLINE
8
CUT
66
1
70
1
10
0.0
20
0.0
30
0.0
0
VERTEX
8
CUT
10
13.6783
20
210.8680
0
VERTEX
8
CUT
10
14.0581
20
210.0628
0
VERTEX
8
CUT
10
14.6144
20
210.0574
0
VERTEX
8
CUT
10
20.1377
20
216.7202
0
VERTEX
8
CUT
10
19.8919
20
217.0840
0
VERTEX
8
CUT
10
19.2429
20
216.9784
0
VERTEX
8
CUT
10
18.4838
20
217.4266
0
VERTEX
8
CUT
10
16.0654
20
219.8552
0
VERTEX
8
CUT
10
14.6382
20
221.3791
0
VERTEX
8
CUT
10
14.5010
20
221.4261
0
VERTEX
8
CUT
10
14.1037
20
221.8251
0
VERTEX
8
CUT
10
13.7435
20
221.5787
0
VERTEX
8
CUT
10
12.8741
20
218.6042
0
VERTEX
8
CUT
10
12.7334
20
217.3137
0
VERTEX
8
CUT
10
12.6313
20
216.5653
0
VERTEX
8
CUT
10
12.6350
20
216.4114
0
VERTEX
8
CUT
10
12.5416
20
215.5547
0
VERTEX
8
CUT
10
12.6906
20
214.1162
0
VERTEX
8
CUT
10
12.6948
20
213.9427
0
VERTEX
8
CUT
10
12.7181
20
213.8506
0
VERTEX
8
CUT
10
12.8439
20
212.6367
0
VERTEX
8
CUT
10
13.2351
20
211.8075
0
VERTEX
8
CUT
10
13.2768
20
211.6426
0
SEQEND
0
POLYLINE
8
CUT
66
1
70
1
10
0.0
20
0.0
30
0.0
0
VERTEX
8
CUT
10
12.6321
20
90.7524
0
VERTEX
8
CUT
10
12.6840
20
90.3011
0
VERTEX
8
CUT
10
12.6894
20
89.7708
0
VERTEX
8
CUT
10
12.7829
20
89.4398
0
VERTEX
8
CUT
10
12.7864
20
89.4094
0
VERTEX
8
CUT
10
12.8781
20
89.1026
0
VERTEX
8
CUT
10
13.4849
20
86.9527
0
VERTEX
8
CUT
10
14.3387
20
85.3935
0
VERTEX
8
CUT
10
14.7089
20
85.2353
0
VERTEX
8
CUT
10
19.9048
20
90.9088
0
VERTEX
8
CUT
10
19.9985
20
91.2263
0
VERTEX
8
CUT
10
19.8145
20
91.5014
0
VERTEX
8
CUT
10
19.7099
20
91.5073
0
VERTEX
8
CUT
10
19.6873
20
91.5479
0
VERTEX
8
CUT
10
18.4002
20
92.3033
0
VERTEX
8
CUT
10
14.1742
20
96.5742
0
VERTEX
8
CUT
10
13.6744
20
96.5160
0
VERTEX
8
CUT
10
12.6590
20
92.7079
0
VERTEX
8
CUT
10
12.6750
20
91.1650
0
SEQEND
0
POLYLINE
8
CUT
66
1
70
1
10
0.0
20
0.0
30
0.0
0
VERTEX
8
CUT
10
19.9148
20
70.8840
0
VERTEX
8
CUT
10
19.7207
20
71.1990
0
VERTEX
8
CUT
10
19.0793
20
71.2846
0
VERTEX
8
CUT
10
18.3929
20
71.7903
0
VERTEX
8
CUT
10
14.0252
20
76.1888
0
VERTEX
8
CUT
10
13.7112
20
76.3011
0
VERTEX
8
CUT
10
13.3762
20
76.0262
0
VERTEX
8
CUT
10
12.7485
20
73.0369
0
VERTEX
8
CUT
10
12.5421
20
71.1857
0
VERTEX
8
CUT
10
12.5995
20
69.4757
0
VERTEX
8
CUT
10
12.7556
20
68.8942
0
VERTEX
8
CUT
10
12.8351
20
68.3682
0
VERTEX
8
CUT
10
13.1930
20
67.2648
0
VERTEX
8
CUT
10
13.2459
20
67.0677
0
VERTEX
8
CUT
10
13.2726
20
67.0193
0
VERTEX
8
CUT
10
13.3047
20
66.9206
0
VERTEX
8
CUT
10
14.2073
20
65.2330
0
VERTEX
8
CUT
10
14.2797
20
65.1935
0
VERTEX
8
CUT
10
14.4493
20
64.8860
0
VERTEX
8
CUT
10
15.0087
20
64.8928
0
SEQEND
0
POLYLINE
8
CUT
66
1
70
1
10
0.0
20
0.0
30
0.0
0
VERTEX
8
CUT
10
13.1928
20
233.7178
0
VERTEX
8
CUT
10
14.0148
20
231.9153
0
VERTEX
8
CUT
10
14.1626
20
231.7855
0
VERTEX
8
CUT
10
14.3304
20
231.4436
0
VERTEX
8
CUT
10
14.6368
20
231.3057
0
VERTEX
8
CUT
10
14.9366
20
231.4573
0
VERTEX
8
CUT
10
17.6984
20
235.2288
0
VERTEX
8
CUT
10
18.5492
20
236.3262
0
VERTEX
8
CUT
10
18.6965
20
236.5918
0
VERTEX
8
CUT
10
19.9133
20
238.2535
0
VERTEX
8
CUT
10
19.6543
20
238.5982
0
VERTEX
8
CUT
10
18.7049
20
238.5822
0
VERTEX
8
CUT
10
18.1524
20
238.8852
0
VERTEX
8
CUT
10
18.1073
20
238.9332
0
VERTEX
8
CUT
10
18.0547
20
238.9893
0
VERTEX
8
CUT
10
17.8041
20
239.2561
0
VERTEX
8
CUT
10
16.6348
20
240.5012
0
VERTEX
8
CUT
10
14.0858
20
243.3532
0
VERTEX
8
CUT
10
13.7804
20
243.4782
0
VERTEX
8
CUT
10
13.4224
20
243.1892
0
VERTEX
8
CUT
10
12.7776
20
239.9698
0
VERTEX
8
CUT
10
12.6006
20
236.5208
0
VERTEX
8
CUT
10
12.8626
20
235.1477
0
VERTEX
8
CUT
10
12.8697
20
235.0511
0
VERTEX
8
CUT
10
12.9233
20
234.8299
0
VERTEX
8
CUT
10
13.0854
20
233.9803
0
VERTEX
8
CUT
10
13.1718
20
233.8042
0
SEQEND
0
POLYLINE
8
CUT
66
1
70
1
10
0.0
20
0.0
30
0.0
0
VERTEX
8
CUT
10
14.3040
20
146.4621
0
VERTEX
8
CUT
10
14.6009
20
146.6256
0
VERTEX
8
CUT
10
15.6454
20
148.2415
0
VERTEX
8
CUT
10
19.1926
20
152.4563
0
VERTEX
8
CUT
10
19.7910
20
153.4296
0
VERTEX
8
CUT
10
19.5412
20
153.7429
0
VERTEX
8
CUT
10
18.6152
20
153.8194
0
VERTEX
8
CUT
10
17.6986
20
154.6096
0
VERTEX
8
CUT
10
17.5550
20
154.7726
0
VERTEX
8
CUT
10
13.9401
20
159.0258
0
VERTEX
8
CUT
10
13.4270
20
158.9729
0
VERTEX
8
CUT
10
12.4208
20
154.0771
0
VERTEX
8
CUT
10
12.3013
20
151.9807
0
VERTEX
8
CUT
10
12.5419
20
150.0826
0
VERTEX
8
CUT
10
13.0960
20
148.2750
0
VERTEX
8
CUT
10
13.9669
20
146.6231
0
SEQEND
0
POLYLINE
8
CUT
66
1
70
1
10
0.0
20
0.0
30
0.0
0
VERTEX
8
CUT
10
14.0171
20
106.1747
0
VERTEX
8
CUT
10
14.2736
20
105.6434
0
VERTEX
8
CUT
10
14.5829
20
105.5101
0
VERTEX
8
CUT
10
14.8561
20
105.6376
0
VERTEX
8
CUT
10
17.4327
20
108.9114
0
VERTEX
8
CUT
10
18.0116
20
109.5494
0
VERTEX
8
CUT
10
18.6253
20
110.4268
0
VERTEX
8
CUT
10
19.4534
20
111.4789
0
VERTEX
8
CUT
10
19.2676
20
111.8016
0
VERTEX
8
CUT
10
18.3521
20
112.1135
0
VERTEX
8
CUT
10
17.9755
20
112.4917
0
VERTEX
8
CUT
10
17.8825
20
112.5851
0
VERTEX
8
CUT
10
17.3770
20
113.0928
0
VERTEX
8
CUT
10
16.6887
20
113.7841
0
VERTEX
8
CUT
10
14.6281
20
116.1013
0
VERTEX
8
CUT
10
13.7848
20
116.8048
0
VERTEX
8
CUT
10
13.4081
20
116.5213
0
VERTEX
8
CUT
10
12.7763
20
113.7811
0
VERTEX
8
CUT
10
12.6005
20
110.4918
0
VERTEX
8
CUT
10
13.0409
20
108.3972
0
VERTEX
8
CUT
10
13.0818
20
108.1399
0
VERTEX
8
CUT
10
13.1059
20
108.0878
0
VERTEX
8
CUT
10
13.1154
20
108.0427
0
VERTEX
8
CUT
10
13.4101
20
107.4324
0
VERTEX
8
CUT
10
13.9789
20
106.2062
0
SEQEND
0
POLYLINE
8
CUT
66
1
70
1
10
0.0
20
0.0
30
0.0
0
VERTEX
8
CUT
10
12.3649
20
196.0384
0
VERTEX
8
CUT
10
12.3307
20
194.4660
0
VERTEX
8
CUT
10
12.5680
20
192.8660
0
VERTEX
8
CUT
10
13.1223
20
191.2272
0
VERTEX
8
CUT
10
13.1958
20
191.0869
0
VERTEX
8
CUT
10
13.7552
20
189.6558
0
VERTEX
8
CUT
10
14.0258
20
189.5019
0
VERTEX
8
CUT
10
14.1327
20
189.2977
0
VERTEX
8
CUT
10
14.6652
20
189.3262
0
VERTEX
8
CUT
10
15.6002
20
190.7456
0
VERTEX
8
CUT
10
19.3766
20
195.2219
0
VERTEX
8
CUT
10
19.2982
20
195.6871
0
VERTEX
8
CUT
10
18.5681
20
195.8554
0
VERTEX
8
CUT
10
15.6195
20
198.8243
0
VERTEX
8
CUT
10
14.0054
20
200.5915
0
VERTEX
8
CUT
10
13.4556
20
200.5605
0
SEQEND
0
POLYLINE
8
CUT
66
1
70
1
10
0.0
20
0.0
30
0.0
0
VERTEX
8
CUT
10
12.3671
20
132.4696
0
VERTEX
8
CUT
10
12.3313
20
132.1787
0
VERTEX
8
CUT
10
12.3571
20
132.0231
0
VERTEX
8
CUT
10
12.3316
20
130.8752
0
VERTEX
8
CUT
10
12.9307
20
128.4456
0
VERTEX
8
CUT
10
13.4664
20
127.3501
0
VERTEX
8
CUT
10
13.7362
20
126.5999
0
VERTEX
8
CUT
10
13.8738
20
126.5169
0
VERTEX
8
CUT
10
14.0474
20
126.1618
0
VERTEX
8
CUT
10
14.4350
20
125.9761
0
VERTEX
8
CUT
10
17.9088
20
130.3238
0
VERTEX
8
CUT
10
18.2175
20
130.6932
0
VERTEX
8
CUT
10
18.2690
20
130.7748
0
VERTEX
8
CUT
10
19.3459
20
132.1226
0
VERTEX
8
CUT
10
19.0997
20
132.4429
0
VERTEX
8
CUT
10
18.4630
20
132.5168
0
VERTEX
8
CUT
10
17.4054
20
133.4152
0
VERTEX
8
CUT
10
13.8020
20
137.2926
0
VERTEX
8
CUT
10
13.3749
20
137.3223
0
VERTEX
8
CUT
10
12.3859
20
133.3136
0
SEQEND
0
POLYLINE
8
CUT
66
1
70
1
10
0.0
20
0.0
30
0.0
0
VERTEX
8
CUT
10
13.5659
20
169.4395
0
VERTEX
8
CUT
10
13.6397
20
169.2773
0
VERTEX
8
CUT
10
13.6656
20
169.2539
0
VERTEX
8
CUT
10
13.6857
20
169.2165
0
VERTEX
8
CUT
10
14.0070
20
168.5898
0
VERTEX
8
CUT
10
14.3141
20
168.4577
0
VERTEX
8
CUT
10
14.6107
20
168.6119
0
VERTEX
8
CUT
10
15.8850
20
170.7226
0
VERTEX
8
CUT
10
19.1852
20
174.7749
0
VERTEX
8
CUT
10
19.0170
20
175.0967
0
VERTEX
8
CUT
10
18.2087
20
175.3541
0
VERTEX
8
CUT
10
17.2100
20
176.2463
0
VERTEX
8
CUT
10
14.2005
20
179.6806
0
VERTEX
8
CUT
10
13.7480
20
179.9849
0
VERTEX
8
CUT
10
13.3696
20
179.7093
0
VERTEX
8
CUT
10
12.7465
20
177.1215
0
VERTEX
8
CUT
10
12.6618
20
176.1662
0
VERTEX
8
CUT
10
12.6046
20
175.8813
0
VERTEX
8
CUT
10
12.5984
20
175.4523
0
VERTEX
8
CUT
10
12.5976
20
175.4435
0
VERTEX
8
CUT
10
12.5715
20
175.2333
0
VERTEX
8
CUT
10
12.5741
20
175.1785
0
VERTEX
8
CUT
10
12.4200
20
173.4421
0
VERTEX
8
CUT
10
12.7833
20
170.9764
0
VERTEX
8
CUT
10
13.4251
20
169.7246
0
VERTEX
8
CUT
10
13.4415
20
169.6711
0
SEQEND
0
POLYLINE
8
CUT
66
1
70
1
10
0.0
20
0.0
30
0.0
0
VERTEX
8
CUT
10
12.1176
20
258.7502
0
VERTEX
8
CUT
10
12.5721
20
255.8519
0
VERTEX
8
CUT
10
12.8887
20
255.1800
0
VERTEX
8
CUT
10
13.2877
20
254.2267
0
VERTEX
8
CUT
10
13.3875
20
254.1215
0
VERTEX
8
CUT
10
13.7480
20
253.3565
0
VERTEX
8
CUT
10
14.2899
20
253.3964
0
VERTEX
8
CUT
10
14.8988
20
254.6803
0
VERTEX
8
CUT
10
18.7415
20
259.4445
0
VERTEX
8
CUT
10
18.6416
20
259.9511
0
VERTEX
8
CUT
10
17.7552
20
260.1900
0
VERTEX
8
CUT
10
16.3773
20
261.2920
0
VERTEX
8
CUT
10
13.6974
20
264.3663
0
VERTEX
8
CUT
10
13.1493
20
264.3149
0
VERTEX
8
CUT
10
12.3828
20
261.7588
0
SEQEND
0
POLYLINE
8
CUT
66
1
70
1
10
0.0
20
0.0
30
0.0
0
VERTEX
8
CUT
10
15.0984
20
18.8352
0
VERTEX
8
CUT
10
14.7252
20
19.1797
0
VERTEX
8
CUT
10
14.1191
20
19.3009
0
VERTEX
8
CUT
10
14.0607
20
19.1696
0
VERTEX
8
CUT
10
13.9454
20
19.1543
0
VERTEX
8
CUT
10
13.7985
20
18.8190
0
VERTEX
8
CUT
10
14.3684
20
16.1713
0
VERTEX
8
CUT
10
14.4221
20
15.6948
0
VERTEX
8
CUT
10
14.7555
20
14.8464
0
VERTEX
8
CUT
10
14.9217
20
14.8131
0
VERTEX
8
CUT
10
15.0585
20
14.6039
0
VERTEX
8
CUT
10
15.5736
20
14.4827
0
VERTEX
8
CUT
10
15.6010
20
14.5343
0
VERTEX
8
CUT
10
16.1405
20
14.4076
0
VERTEX
8
CUT
10
16.3798
20
14.9008
0
VERTEX
8
CUT
10
15.7382
20
15.4497
0
VERTEX
8
CUT
10
15.4552
20
16.2710
0
VERTEX
8
CUT
10
15.5344
20
16.4649
0
VERTEX
8
CUT
10
16.1494
20
17.6948
0
VERTEX
8
CUT
10
16.1782
20
18.0400
0
VERTEX
8
CUT
10
16.2684
20
18.2609
0
VERTEX
8
CUT
10
16.1994
20
18.2947
0
VERTEX
8
CUT
10
16.2100
20
18.4221
0
VERTEX
8
CUT
10
15.9070
20
18.6645
0
VERTEX
8
CUT
10
15.1490
20
18.8103
0
SEQEND
0
POLYLINE
8
CUT
66
1
70
1
10
0.0
20
0.0
30
0.0
0
VERTEX
8
CUT
10
7.4862
20
218.5065
0
VERTEX
8
CUT
10
7.7727
20
219.8487
0
VERTEX
8
CUT
10
7.9902
20
220.6669
0
VERTEX
8
CUT
10
8.9361
20
223.1934
0
VERTEX
8
CUT
10
9.1142
20
223.5900
0
VERTEX
8
CUT
10
9.6792
20
224.5988
0
VERTEX
8
CUT
10
9.7395
20
224.6900
0
VERTEX
8
CUT
10
9.7590
20
224.7195
0
VERTEX
8
CUT
10
9.7788
20
224.7494
0
VERTEX
8
CUT
10
9.8559
20
224.8661
0
VERTEX
8
CUT
10
10.8617
20
225.5503
0
VERTEX
8
CUT
10
11.0100
20
225.8393
0
VERTEX
8
CUT
10
8.4949
20
230.9636
0
VERTEX
8
CUT
10
7.7376
20
233.3261
0
VERTEX
8
CUT
10
7.3665
20
235.7197
0
VERTEX
8
CUT
10
7.4576
20
239.6096
0
VERTEX
8
CUT
10
8.2216
20
243.4239
0
VERTEX
8
CUT
10
9.3029
20
246.3779
0
VERTEX
8
CUT
10
9.8526
20
247.0530
0
VERTEX
8
CUT
10
10.5441
20
247.3825
0
VERTEX
8
CUT
10
10.6539
20
247.6668
0
VERTEX
8
CUT
10
9.3770
20
249.9233
0
VERTEX
8
CUT
10
8.3257
20
252.2963
0
VERTEX
8
CUT
10
7.3173
20
256.0177
0
VERTEX
8
CUT
10
6.8822
20
256.2561
0
VERTEX
8
CUT
10
6.5651
20
255.8745
0
VERTEX
8
CUT
10
6.5637
20
255.1530
0
VERTEX
8
CUT
10
6.5620
20
255.1513
0
VERTEX
8
CUT
10
6.5284
20
238.3971
0
VERTEX
8
CUT
10
6.5309
20
238.3945
0
VERTEX
8
CUT
10
6.5260
20
235.8611
0
VERTEX
8
CUT
10
6.5232
20
235.8584
0
VERTEX
8
CUT
10
6.5187
20
232.1644
0
VERTEX
8
CUT
10
6.4503
20
197.1773
0
VERTEX
8
CUT
10
6.8495
20
196.7874
0
VERTEX
8
CUT
10
7.2065
20
197.0430
0
VERTEX
8
CUT
10
7.5103
20
199.0554
0
VERTEX
8
CUT
10
7.6452
20
199.6085
0
VERTEX
8
CUT
10
8.6883
20
202.4243
0
VERTEX
8
CUT
10
9.5451
20
204.1064
0
VERTEX
8
CUT
10
10.3817
20
204.8015
0
VERTEX
8
CUT
10
8.4059
20
209.2913
0
VERTEX
8
CUT
10
7.5412
20
212.2131
0
VERTEX
8
CUT
10
7.5201
20
212.2950
0
VERTEX
8
CUT
10
7.2729
20
215.5022
0
SEQEND
0
POLYLINE
8
CUT
66
1
70
1
10
0.0
20
0.0
30
0.0
0
VERTEX
8
CUT
10
8.5466
20
77.2541
0
VERTEX
8
CUT
10
8.6648
20
77.5412
0
VERTEX
8
CUT
10
9.4317
20
78.9314
0
VERTEX
8
CUT
10
9.8171
20
79.4571
0
VERTEX
8
CUT
10
9.9055
20
79.5504
0
VERTEX
8
CUT
10
10.7077
20
79.8566
0
VERTEX
8
CUT
10
10.8651
20
80.1804
0
VERTEX
8
CUT
10
8.1666
20
85.7982
0
VERTEX
8
CUT
10
7.6406
20
87.9559
0
VERTEX
8
CUT
10
7.3646
20
90.3101
0
VERTEX
8
CUT
10
7.5156
20
93.8017
0
VERTEX
8
CUT
10
7.9770
20
95.7497
0
VERTEX
8
CUT
10
9.1791
20
98.7729
0
VERTEX
8
CUT
10
9.5769
20
99.4227
0
VERTEX
8
CUT
10
10.5295
20
100.6584
0
VERTEX
8
CUT
10
10.4462
20
100.8427
0
VERTEX
8
CUT
10
10.5152
20
100.9552
0
VERTEX
8
CUT
10
9.5152
20
102.9026
0
VERTEX
8
CUT
10
8.4447
20
105.2708
0
VERTEX
8
CUT
10
7.7688
20
107.2933
0
VERTEX
8
CUT
10
7.3800
20
109.8671
0
VERTEX
8
CUT
10
7.3157
20
110.8332
0
VERTEX
8
CUT
10
7.3484
20
112.1696
0
VERTEX
8
CUT
10
7.4202
20
112.8266
0
VERTEX
8
CUT
10
7.4892
20
113.4576
0
VERTEX
8
CUT
10
7.4977
20
113.5352
0
VERTEX
8
CUT
10
7.5027
20
113.5814
0
VERTEX
8
CUT
10
7.8814
20
115.7291
0
VERTEX
8
CUT
10
8.7670
20
118.3941
0
VERTEX
8
CUT
10
9.2913
20
119.4662
0
VERTEX
8
CUT
10
10.4768
20
120.7495
0
VERTEX
8
CUT
10
8.1069
20
126.1900
0
VERTEX
8
CUT
10
7.2220
20
129.7305
0
VERTEX
8
CUT
10
6.7707
20
129.9877
0
VERTEX
8
CUT
10
6.4623
20
129.6061
0
VERTEX
8
CUT
10
6.4627
20
129.1533
0
VERTEX
8
CUT
10
6.4627
20
129.1532
0
VERTEX
8
CUT
10
6.4810
20
108.7631
0
VERTEX
8
CUT
10
6.4806
20
108.7626
0
VERTEX
8
CUT
10
6.4870
20
93.3198
0
VERTEX
8
CUT
10
6.4949
20
93.3120
0
VERTEX
8
CUT
10
6.4988
20
88.9604
0
VERTEX
8
CUT
10
6.4919
20
88.9528
0
VERTEX
8
CUT
10
6.5087
20
73.8328
0
VERTEX
8
CUT
10
6.5124
20
73.8290
0
VERTEX
8
CUT
10
6.5129
20
73.3244
0
VERTEX
8
CUT
10
6.5134
20
73.3239
0
VERTEX
8
CUT
10
6.5149
20
71.5798
0
VERTEX
8
CUT
10
6.8995
20
71.1903
0
VERTEX
8
CUT
10
7.2852
20
71.4937
0
VERTEX
8
CUT
10
7.6694
20
74.6989
0
VERTEX
8
CUT
10
8.4603
20
77.0446
0
VERTEX
8
CUT
10
8.5152
20
77.1780
0
VERTEX
8
CUT
10
8.5418
20
77.2425
0
SEQEND
0
POLYLINE
8
CUT
66
1
70
1
10
0.0
20
0.0
30
0.0
0
VERTEX
8
CUT
10
8.9157
20
139.8126
0
VERTEX
8
CUT
10
9.6099
20
140.7472
0
VERTEX
8
CUT
10
9.6698
20
140.8279
0
VERTEX
8
CUT
10
9.6851
20
140.8484
0
VERTEX
8
CUT
10
9.6899
20
140.8549
0
VERTEX
8
CUT
10
10.3809
20
141.0923
0
VERTEX
8
CUT
10
10.5535
20
141.4186
0
VERTEX
8
CUT
10
8.6937
20
145.1134
0
VERTEX
8
CUT
10
8.3282
20
145.9577
0
VERTEX
8
CUT
10
7.9143
20
147.0718
0
VERTEX
8
CUT
10
7.2038
20
150.1949
0
VERTEX
8
CUT
10
6.7682
20
150.4362
0
VERTEX
8
CUT
10
6.4506
20
150.0527
0
VERTEX
8
CUT
10
6.4597
20
134.0820
0
VERTEX
8
CUT
10
6.8410
20
133.6924
0
VERTEX
8
CUT
10
7.2180
20
133.9539
0
VERTEX
8
CUT
10
7.9167
20
137.1753
0
SEQEND
0
POLYLINE
8
CUT
66
1
70
1
10
0.0
20
0.0
30
0.0
0
VERTEX
8
CUT
10
8.0070
20
168.7919
0
VERTEX
8
CUT
10
7.4855
20
170.7059
0
VERTEX
8
CUT
10
7.2210
20
173.6329
0
VERTEX
8
CUT
10
6.8355
20
173.9381
0
VERTEX
8
CUT
10
6.4503
20
173.5481
0
VERTEX
8
CUT
10
6.4563
20
158.3584
0
VERTEX
8
CUT
10
6.4550
20
155.5290
0
VERTEX
8
CUT
10
6.4574
20
155.5264
0
VERTEX
8
CUT
10
6.4578
20
154.4912
0
VERTEX
8
CUT
10
6.8032
20
154.1792
0
VERTEX
8
CUT
10
7.1852
20
154.3853
0
VERTEX
8
CUT
10
7.7614
20
157.5228
0
VERTEX
8
CUT
10
8.5011
20
159.9275
0
VERTEX
8
CUT
10
9.3442
20
161.7899
0
VERTEX
8
CUT
10
10.5397
20
163.1072
0
SEQEND
0
POLYLINE
8
CUT
66
1
70
1
10
0.0
20
0.0
30
0.0
0
VERTEX
8
CUT
10
10.4968
20
184.0872
0
VERTEX
8
CUT
10
7.8235
20
190.1922
0
VERTEX
8
CUT
10
7.2131
20
193.7227
0
VERTEX
8
CUT
10
6.8013
20
193.9961
0
VERTEX
8
CUT
10
6.4503
20
193.6081
0
VERTEX
8
CUT
10
6.4503
20
175.0717
0
VERTEX
8
CUT
10
6.8357
20
174.6817
0
VERTEX
8
CUT
10
7.2210
20
174.9871
0
VERTEX
8
CUT
10
7.4706
20
177.7616
0
VERTEX
8
CUT
10
7.9695
20
179.6674
0
VERTEX
8
CUT
10
8.0172
20
179.8389
0
VERTEX
8
CUT
10
9.3553
20
182.7888
0
SEQEND
0
POLYLINE
8
CUT
66
1
70
1
10
0.0
20
0.0
30
0.0
0
VERTEX
8
CUT
10
225.1147
20
239.0595
0
VERTEX
8
CUT
10
225.1196
20
238.3128
0
VERTEX
8
CUT
10
225.5045
20
238.0596
0
VERTEX
8
CUT
10
225.8622
20
238.3499
0
VERTEX
8
CUT
10
226.5138
20
240.7950
0
VERTEX
8
CUT
10
226.4354
20
241.1205
0
VERTEX
8
CUT
10
225.9835
20
241.2358
0
VERTEX
8
CUT
10
225.3322
20
240.6695
0
VERTEX
8
CUT
10
224.8220
20
240.8766
0
VERTEX
8
CUT
10
220.7010
20
245.3984
0
VERTEX
8
CUT
10
220.2468
20
245.9358
0
VERTEX
8
CUT
10
219.9703
20
246.2003
0
VERTEX
8
CUT
10
218.6002
20
247.7036
0
VERTEX
8
CUT
10
214.2196
20
251.4244
0
VERTEX
8
CUT
10
211.9312
20
252.9615
0
VERTEX
8
CUT
10
209.9003
20
253.9989
0
VERTEX
8
CUT
10
209.5226
20
254.2269
0
VERTEX
8
CUT
10
208.9829
20
254.4676
0
VERTEX
8
CUT
10
207.4562
20
255.2474
0
VERTEX
8
CUT
10
205.2263
20
255.9811
0
VERTEX
8
CUT
10
203.3840
20
256.3259
0
VERTEX
8
CUT
10
202.8264
20
256.1792
0
VERTEX
8
CUT
10
202.6722
20
255.7198
0
VERTEX
8
CUT
10
203.2602
20
253.9119
0
VERTEX
8
CUT
10
204.9388
20
250.7079
0
VERTEX
8
CUT
10
207.2586
20
247.7058
0
VERTEX
8
CUT
10
208.1560
20
246.5082
0
VERTEX
8
CUT
10
208.4050
20
246.1757
0
VERTEX
8
CUT
10
208.5392
20
245.9967
0
VERTEX
8
CUT
10
208.5569
20
245.9730
0
VERTEX
8
CUT
10
208.7836
20
245.1102
0
VERTEX
8
CUT
10
208.2647
20
240.7763
0
VERTEX
8
CUT
10
207.7179
20
239.2493
0
VERTEX
8
CUT
10
207.1827
20
239.3006
0
VERTEX
8
CUT
10
206.3001
20
239.8528
0
VERTEX
8
CUT
10
206.1385
20
239.9800
0
VERTEX
8
CUT
10
206.0503
20
240.0495
0
VERTEX
8
CUT
10
206.0024
20
240.0872
0
VERTEX
8
CUT
10
205.9615
20
240.1194
0
VERTEX
8
CUT
10
203.9289
20
241.9625
0
VERTEX
8
CUT
10
203.0560
20
242.8735
0
VERTEX
8
CUT
10
201.5029
20
244.7122
0
VERTEX
8
CUT
10
199.6755
20
247.2999
0
VERTEX
8
CUT
10
197.0725
20
252.4735
0
VERTEX
8
CUT
10
196.2774
20
254.6803
0
VERTEX
8
CUT
10
195.6404
20
257.9562
0
VERTEX
8
CUT
10
195.4545
20
261.0194
0
VERTEX
8
CUT
10
195.6455
20
261.6312
0
VERTEX
8
CUT
10
195.9340
20
262.0189
0
VERTEX
8
CUT
10
196.6174
20
262.4948
0
VERTEX
8
CUT
10
198.5809
20
263.0552
0
VERTEX
8
CUT
10
201.2396
20
263.2985
0
VERTEX
8
CUT
10
203.6683
20
263.1173
0
VERTEX
8
CUT
10
206.3122
20
262.5894
0
VERTEX
8
CUT
10
211.7063
20
260.6663
0
VERTEX
8
CUT
10
214.4189
20
259.2930
0
VERTEX
8
CUT
10
219.6579
20
255.7866
0
VERTEX
8
CUT
10
223.1201
20
252.5665
0
VERTEX
8
CUT
10
226.4118
20
249.1129
0
VERTEX
8
CUT
10
228.0606
20
246.9731
0
VERTEX
8
CUT
10
228.2011
20
246.2434
0
VERTEX
8
CUT
10
228.5628
20
246.0711
0
VERTEX
8
CUT
10
228.8492
20
246.2414
0
VERTEX
8
CUT
10
231.1425
20
249.9541
0
VERTEX
8
CUT
10
231.6803
20
250.6097
0
VERTEX
8
CUT
10
232.0771
20
250.9310
0
VERTEX
8
CUT
10
232.8263
20
251.3506
0
VERTEX
8
CUT
10
232.9390
20
251.6647
0
VERTEX
8
CUT
10
232.7586
20
251.8455
0
VERTEX
8
CUT
10
232.7478
20
251.9180
0
VERTEX
8
CUT
10
231.5572
20
253.0814
0
VERTEX
8
CUT
10
231.4026
20
253.2046
0
VERTEX
8
CUT
10
230.6243
20
253.9847
0
VERTEX
8
CUT
10
226.0525
20
257.5580
0
VERTEX
8
CUT
10
225.3044
20
258.4030
0
VERTEX
8
CUT
10
225.2468
20
258.8564
0
VERTEX
8
CUT
10
225.5785
20
259.5356
0
VERTEX
8
CUT
10
227.0029
20
260.6577
0
VERTEX
8
CUT
10
230.2826
20
262.2247
0
VERTEX
8
CUT
10
233.0472
20
260.6315
0
VERTEX
8
CUT
10
237.6082
20
256.9658
0
VERTEX
8
CUT
10
237.9019
20
256.8947
0
VERTEX
8
CUT
10
238.1963
20
257.1221
0
VERTEX
8
CUT
10
238.3938
20
257.9821
0
VERTEX
8
CUT
10
238.4117
20
258.0108
0
VERTEX
8
CUT
10
241.2681
20
260.6287
0
VERTEX
8
CUT
10
241.5527
20
260.8437
0
VERTEX
8
CUT
10
244.4807
20
262.9559
0
VERTEX
8
CUT
10
247.6875
20
264.6816
0
VERTEX
8
CUT
10
253.3598
20
266.5622
0
VERTEX
8
CUT
10
257.5657
20
267.3257
0
VERTEX
8
CUT
10
261.6850
20
267.6021
0
VERTEX
8
CUT
10
261.7585
20
267.5989
0
VERTEX
8
CUT
10
262.0585
20
267.5856
0
VERTEX
8
CUT
10
262.7072
20
267.4227
0
VERTEX
8
CUT
10
263.2290
20
266.8732
0
VERTEX
8
CUT
10
263.4194
20
265.6513
0
VERTEX
8
CUT
10
263.4200
20
262.9720
0
VERTEX
8
CUT
10
263.0562
20
256.8056
0
VERTEX
8
CUT
10
262.3823
20
252.5182
0
VERTEX
8
CUT
10
261.2855
20
248.5608
0
VERTEX
8
CUT
10
259.8910
20
244.9348
0
VERTEX
8
CUT
10
259.8052
20
244.7355
0
VERTEX
8
CUT
10
259.7851
20
244.6887
0
VERTEX
8
CUT
10
259.6668
20
244.4139
0
VERTEX
8
CUT
10
259.6569
20
244.3910
0
VERTEX
8
CUT
10
258.4236
20
241.8954
0
VERTEX
8
CUT
10
256.2969
20
238.4314
0
VERTEX
8
CUT
10
255.0387
20
236.9245
0
VERTEX
8
CUT
10
253.7126
20
236.2272
0
VERTEX
8
CUT
10
248.8411
20
235.0862
0
VERTEX
8
CUT
10
248.5757
20
234.8806
0
VERTEX
8
CUT
10
248.5859
20
234.5107
0
VERTEX
8
CUT
10
249.1896
20
234.0407
0
VERTEX
8
CUT
10
249.2590
20
233.8888
0
VERTEX
8
CUT
10
249.4197
20
233.3174
0
VERTEX
8
CUT
10
249.6573
20
230.9689
0
VERTEX
8
CUT
10
249.6539
20
230.7393
0
VERTEX
8
CUT
10
249.4592
20
225.9989
0
VERTEX
8
CUT
10
249.4243
20
225.7281
0
VERTEX
8
CUT
10
249.3570
20
225.6217
0
VERTEX
8
CUT
10
249.3088
20
225.5456
0
VERTEX
8
CUT
10
249.2204
20
225.4060
0
VERTEX
8
CUT
10
248.8129
20
224.7622
0
VERTEX
8
CUT
10
248.7972
20
224.7508
0
VERTEX
8
CUT
10
248.0578
20
224.6764
0
VERTEX
8
CUT
10
243.3837
20
226.2547
0
VERTEX
8
CUT
10
243.3816
20
226.2560
0
VERTEX
8
CUT
10
243.3759
20
226.2593
0
VERTEX
8
CUT
10
243.3694
20
226.2631
0
VERTEX
8
CUT
10
243.2117
20
226.3557
0
VERTEX
8
CUT
10
242.9697
20
232.3534
0
VERTEX
8
CUT
10
243.1034
20
233.1588
0
VERTEX
8
CUT
10
243.3896
20
233.6223
0
VERTEX
8
CUT
10
243.0522
20
233.9936
0
VERTEX
8
CUT
10
235.7301
20
233.0910
0
VERTEX
8
CUT
10
234.0766
20
233.0648
0
VERTEX
8
CUT
10
232.3255
20
233.5928
0
VERTEX
8
CUT
10
232.1189
20
233.2861
0
VERTEX
8
CUT
10
231.8959
20
228.8477
0
VERTEX
8
CUT
10
231.6093
20
228.4662
0
VERTEX
8
CUT
10
231.3824
20
228.4087
0
VERTEX
8
CUT
10
229.0600
20
228.3636
0
VERTEX
8
CUT
10
226.7217
20
228.5579
0
VERTEX
8
CUT
10
226.4941
20
228.5816
0
VERTEX
8
CUT
10
225.5273
20
229.0496
0
VERTEX
8
CUT
10
225.4156
20
229.4046
0
VERTEX
8
CUT
10
225.4137
20
229.4108
0
VERTEX
8
CUT
10
225.3829
20
229.5085
0
VERTEX
8
CUT
10
225.2411
20
229.9594
0
VERTEX
8
CUT
10
225.1023
20
233.3204
0
VERTEX
8
CUT
10
224.9137
20
233.5922
0
VERTEX
8
CUT
10
224.5842
20
233.6214
0
VERTEX
8
CUT
10
224.0521
20
233.1084
0
VERTEX
8
CUT
10
223.2901
20
232.9394
0
VERTEX
8
CUT
10
218.6306
20
233.5481
0
VERTEX
8
CUT
10
216.1514
20
234.4317
0
VERTEX
8
CUT
10
215.7296
20
235.4513
0
VERTEX
8
CUT
10
215.7655
20
239.1779
0
VERTEX
8
CUT
10
216.1151
20
240.1264
0
VERTEX
8
CUT
10
216.5245
20
240.3894
0
VERTEX
8
CUT
10
217.1003
20
240.4464
0
VERTEX
8
CUT
10
220.5019
20
239.8135
0
VERTEX
8
CUT
10
224.0531
20
239.4456
0
VERTEX
8
CUT
10
224.4105
20
239.3300
0
VERTEX
8
CUT
10
224.6298
20
239.2590
0
VERTEX
8
CUT
10
224.7397
20
239.2235
0
VERTEX
8
CUT
10
224.8861
20
239.1761
0
SEQEND
0
POLYLINE
8
CUT
66
1
70
1
10
0.0
20
0.0
30
0.0
0
VERTEX
8
CUT
10
256.0567
20
259.9982
0
VERTEX
8
CUT
10
254.7080
20
259.8758
0
VERTEX
8
CUT
10
250.6195
20
258.4679
0
VERTEX
8
CUT
10
249.0508
20
257.5729
0
VERTEX
8
CUT
10
247.3037
20
256.6455
0
VERTEX
8
CUT
10
246.7273
20
256.2474
0
VERTEX
8
CUT
10
246.1615
20
255.9246
0
VERTEX
8
CUT
10
242.7936
20
253.3775
0
VERTEX
8
CUT
10
241.7300
20
252.8791
0
VERTEX
8
CUT
10
241.6915
20
252.4856
0
VERTEX
8
CUT
10
244.1826
20
248.8252
0
VERTEX
8
CUT
10
246.3982
20
244.4859
0
VERTEX
8
CUT
10
246.5990
20
243.7197
0
VERTEX
8
CUT
10
246.5238
20
243.1880
0
VERTEX
8
CUT
10
246.0905
20
242.5945
0
VERTEX
8
CUT
10
246.1855
20
242.2327
0
VERTEX
8
CUT
10
246.5414
20
242.1173
0
VERTEX
8
CUT
10
250.8203
20
243.0107
0
VERTEX
8
CUT
10
251.1119
20
243.2630
0
VERTEX
8
CUT
10
251.2609
20
243.3511
0
VERTEX
8
CUT
10
251.3129
20
243.4369
0
VERTEX
8
CUT
10
251.5527
20
243.6443
0
VERTEX
8
CUT
10
252.7885
20
245.6556
0
VERTEX
8
CUT
10
254.7941
20
250.5667
0
VERTEX
8
CUT
10
255.1602
20
252.1139
0
VERTEX
8
CUT
10
255.1880
20
252.1705
0
VERTEX
8
CUT
10
255.6528
20
254.1954
0
VERTEX
8
CUT
10
256.0902
20
256.0438
0
VERTEX
8
CUT
10
256.3766
20
259.7656
0
SEQEND
0
POLYLINE
8
CUT
66
1
70
1
10
0.0
20
0.0
30
0.0
0
VERTEX
8
CUT
10
234.3763
20
242.3147
0
VERTEX
8
CUT
10
233.3238
20
239.7506
0
VERTEX
8
CUT
10
233.5286
20
239.3030
0
VERTEX
8
CUT
10
240.6981
20
240.9409
0
VERTEX
8
CUT
10
240.9625
20
241.1457
0
VERTEX
8
CUT
10
240.9331
20
241.5467
0
VERTEX
8
CUT
10
240.2481
20
242.1888
0
VERTEX
8
CUT
10
240.0483
20
242.4813
0
VERTEX
8
CUT
10
240.0409
20
242.4921
0
VERTEX
8
CUT
10
239.9886
20
242.5686
0
VERTEX
8
CUT
10
239.6714
20
243.0332
0
VERTEX
8
CUT
10
237.3265
20
246.6916
0
VERTEX
8
CUT
10
237.0035
20
246.7874
0
VERTEX
8
CUT
10
236.7473
20
246.6285
0
VERTEX
8
CUT
10
236.6748
20
246.4966
0
VERTEX
8
CUT
10
236.6710
20
246.4955
0
VERTEX
8
CUT
10
236.5281
20
246.2296
0
SEQEND
0
ENDSEC
0
EOF
