0
SECTION
2
HEADER
9
$ACADVER
1
AC1009
9
$INSUNITS
70
4
0
ENDSEC
0
SECTION
2
TABLES
0
TABLE
2
LAYER
70
1
0
LAYER
2
CUT
70
0
62
7
6
CONTINUOUS
0
ENDTAB
0
ENDSEC
0
SECTION
2
ENTITIES
0
POLYLINE
8
CUT
66
1
70
1
10
0.0
20
0.0
30
0.0
0
VERTEX
8
CUT
10
298.6041
20
299.9569
0
VERTEX
8
CUT
10
298.8256
20
299.8521
0
VERTEX
8
CUT
10
299.0358
20
299.7262
0
VERTEX
8
CUT
10
299.2326
20
299.5802
0
VERTEX
8
CUT
10
299.4142
20
299.4156
0
VERTEX
8
CUT
10
299.5787
20
299.2341
0
VERTEX
8
CUT
10
299.7247
20
299.0373
0
VERTEX
8
CUT
10
299.8507
20
298.8271
0
VERTEX
8
CUT
10
299.9554
20
298.6056
0
VERTEX
8
CUT
10
300.0380
20
298.3748
0
VERTEX
8
CUT
10
300.0975
20
298.1371
0
VERTEX
8
CUT
10
300.1335
20
297.8947
0
VERTEX
8
CUT
10
300.1485
20
297.5886
0
VERTEX
8
CUT
10
300.1485
20
2.4114
0
VERTEX
8
CUT
10
300.1335
20
2.1053
0
VERTEX
8
CUT
10
300.0975
20
1.8629
0
VERTEX
8
CUT
10
300.0380
20
1.6252
0
VERTEX
8
CUT
10
299.9554
20
1.3944
0
VERTEX
8
CUT
10
299.8507
20
1.1729
0
VERTEX
8
CUT
10
299.7247
20
0.9627
0
VERTEX
8
CUT
10
299.5787
20
0.7659
0
VERTEX
8
CUT
10
299.4142
20
0.5844
0
VERTEX
8
CUT
10
299.2326
20
0.4198
0
VERTEX
8
CUT
10
299.0358
20
0.2738
0
VERTEX
8
CUT
10
298.8256
20
0.1479
0
VERTEX
8
CUT
10
298.6041
20
0.0431
0
VERTEX
8
CUT
10
298.3734
20
-0.0395
0
VERTEX
8
CUT
10
298.1357
20
-0.0990
0
VERTEX
8
CUT
10
297.8933
20
-0.1350
0
VERTEX
8
CUT
10
297.5872
20
-0.1500
0
VERTEX
8
CUT
10
297.0112
20
-0.1500
0
VERTEX
8
CUT
10
297.0101
20
-0.1500
0
VERTEX
8
CUT
10
2.4114
20
-0.1500
0
VERTEX
8
CUT
10
2.2009
20
-0.1397
0
VERTEX
8
CUT
10
2.1053
20
-0.1350
0
VERTEX
8
CUT
10
1.8629
20
-0.0990
0
VERTEX
8
CUT
10
1.6252
20
-0.0395
0
VERTEX
8
CUT
10
1.3944
20
0.0431
0
VERTEX
8
CUT
10
1.1729
20
0.1479
0
VERTEX
8
CUT
10
0.9627
20
0.2738
0
VERTEX
8
CUT
10
0.7659
20
0.4198
0
VERTEX
8
CUT
10
0.5844
20
0.5844
0
VERTEX
8
CUT
10
0.4198
20
0.7659
0
VERTEX
8
CUT
10
0.2738
20
0.9627
0
VERTEX
8
CUT
10
0.1479
20
1.1729
0
VERTEX
8
CUT
10
0.0431
20
1.3944
0
VERTEX
8
CUT
10
-0.0395
20
1.6252
0
VERTEX
8
CUT
10
-0.0990
20
1.8629
0
VERTEX
8
CUT
10
-0.1350
20
2.1053
0
VERTEX
8
CUT
10
-0.1500
20
2.4114
0
VERTEX
8
CUT
10
-0.1500
20
2.9270
0
VERTEX
8
CUT
10
-0.1500
20
2.9304
0
VERTEX
8
CUT
10
-0.1500
20
297.0000
0
VERTEX
8
CUT
10
-0.1500
20
297.5886
0
VERTEX
8
CUT
10
-0.1350
20
297.8947
0
VERTEX
8
CUT
10
-0.0990
20
298.1371
0
VERTEX
8
CUT
10
-0.0395
20
298.3748
0
VERTEX
8
CUT
10
0.0431
20
298.6056
0
VERTEX
8
CUT
10
0.1479
20
298.8271
0
VERTEX
8
CUT
10
0.2738
20
299.0373
0
VERTEX
8
CUT
10
0.4198
20
299.2341
0
VERTEX
8
CUT
10
0.5844
20
299.4156
0
VERTEX
8
CUT
10
0.7659
20
299.5802
0
VERTEX
8
CUT
10
0.9627
20
299.7262
0
VERTEX
8
CUT
10
1.1729
20
299.8521
0
VERTEX
8
CUT
10
1.3944
20
299.9569
0
VERTEX
8
CUT
10
1.6252
20
300.0395
0
VERTEX
8
CUT
10
1.8629
20
300.0990
0
VERTEX
8
CUT
10
2.1053
20
300.1350
0
VERTEX
8
CUT
10
2.4114
20
300.1500
0
VERTEX
8
CUT
10
297.5872
20
300.1500
0
VERTEX
8
CUT
10
297.8933
20
300.1350
0
VERTEX
8
CUT
10
298.1357
20
300.0990
0
VERTEX
8
CUT
10
298.3734
20
300.0395
0
SEQEND
0
POLYLINE
8
CUT
66
1
70
1
10
0.0
20
0.0
30
0.0
0
VERTEX
8
CUT
10
33.3575
20
188.9078
0
VERTEX
8
CUT
10
33.4076
20
188.6407
0
VERTEX
8
CUT
10
33.9387
20
186.4687
0
VERTEX
8
CUT
10
34.0090
20
186.2324
0
VERTEX
8
CUT
10
34.1022
20
186.0041
0
VERTEX
8
CUT
10
35.1275
20
183.8101
0
VERTEX
8
CUT
10
35.2355
20
183.6045
0
VERTEX
8
CUT
10
35.3620
20
183.4099
0
VERTEX
8
CUT
10
36.5370
20
181.7743
0
VERTEX
8
CUT
10
36.6873
20
181.5851
0
VERTEX
8
CUT
10
36.8552
20
181.4113
0
VERTEX
8
CUT
10
38.4251
20
179.9357
0
VERTEX
8
CUT
10
38.5662
20
179.8126
0
VERTEX
8
CUT
10
38.7162
20
179.7005
0
VERTEX
8
CUT
10
40.6764
20
178.3462
0
VERTEX
8
CUT
10
40.9920
20
178.1607
0
VERTEX
8
CUT
10
43.2417
20
177.0516
0
VERTEX
8
CUT
10
43.5373
20
176.9287
0
VERTEX
8
CUT
10
45.1711
20
176.3693
0
VERTEX
8
CUT
10
45.5472
20
176.2299
0
VERTEX
8
CUT
10
45.8122
20
176.1498
0
VERTEX
8
CUT
10
46.0965
20
176.0525
0
VERTEX
8
CUT
10
46.3872
20
175.9722
0
VERTEX
8
CUT
10
48.0912
20
175.6105
0
VERTEX
8
CUT
10
48.2452
20
175.5742
0
VERTEX
8
CUT
10
48.3654
20
175.5523
0
VERTEX
8
CUT
10
49.2288
20
175.3690
0
VERTEX
8
CUT
10
49.4878
20
175.3281
0
VERTEX
8
CUT
10
52.5255
20
175.0103
0
VERTEX
8
CUT
10
52.7865
20
174.9967
0
VERTEX
8
CUT
10
55.9893
20
174.9979
0
VERTEX
8
CUT
10
56.0271
20
174.9982
0
VERTEX
8
CUT
10
56.0341
20
174.9983
0
VERTEX
8
CUT
10
56.1929
20
175.0058
0
VERTEX
8
CUT
10
58.9169
20
175.2217
0
VERTEX
8
CUT
10
59.1304
20
175.2479
0
VERTEX
8
CUT
10
64.8016
20
176.1931
0
VERTEX
8
CUT
10
65.0632
20
176.2513
0
VERTEX
8
CUT
10
71.5023
20
178.0498
0
VERTEX
8
CUT
10
71.5377
20
178.0600
0
VERTEX
8
CUT
10
71.5441
20
178.0619
0
VERTEX
8
CUT
10
71.6916
20
178.1105
0
VERTEX
8
CUT
10
79.7377
20
181.0406
0
VERTEX
8
CUT
10
79.8048
20
181.0661
0
VERTEX
8
CUT
10
91.5825
20
185.7421
0
VERTEX
8
CUT
10
91.6928
20
185.7839
0
VERTEX
8
CUT
10
91.7684
20
185.8111
0
VERTEX
8
CUT
10
91.8801
20
185.8495
0
VERTEX
8
CUT
10
96.7967
20
187.4514
0
VERTEX
8
CUT
10
97.0035
20
187.5122
0
VERTEX
8
CUT
10
97.1449
20
187.5495
0
VERTEX
8
CUT
10
97.3548
20
187.5983
0
VERTEX
8
CUT
10
101.1396
20
188.3656
0
VERTEX
8
CUT
10
101.3500
20
188.4020
0
VERTEX
8
CUT
10
101.4935
20
188.4227
0
VERTEX
8
CUT
10
101.7056
20
188.4471
0
VERTEX
8
CUT
10
103.2709
20
188.5823
0
VERTEX
8
CUT
10
103.4441
20
188.5932
0
VERTEX
8
CUT
10
103.5619
20
188.5979
0
VERTEX
8
CUT
10
103.7354
20
188.6008
0
VERTEX
8
CUT
10
107.5752
20
188.5760
0
VERTEX
8
CUT
10
107.7753
20
188.5694
0
VERTEX
8
CUT
10
107.9110
20
188.5613
0
VERTEX
8
CUT
10
108.1105
20
188.5439
0
VERTEX
8
CUT
10
109.6809
20
188.3653
0
VERTEX
8
CUT
10
109.8592
20
188.3407
0
VERTEX
8
CUT
10
109.9799
20
188.3211
0
VERTEX
8
CUT
10
110.1569
20
188.2879
0
VERTEX
8
CUT
10
111.6094
20
187.9794
0
VERTEX
8
CUT
10
111.7563
20
187.9451
0
VERTEX
8
CUT
10
111.7825
20
187.9384
0
VERTEX
8
CUT
10
112.0715
20
187.8523
0
VERTEX
8
CUT
10
112.0970
20
187.8435
0
VERTEX
8
CUT
10
112.2387
20
187.7918
0
VERTEX
8
CUT
10
115.0651
20
186.6950
0
VERTEX
8
CUT
10
115.2534
20
186.6159
0
VERTEX
8
CUT
10
115.2866
20
186.6009
0
VERTEX
8
CUT
10
115.6488
20
186.4128
0
VERTEX
8
CUT
10
115.6802
20
186.3942
0
VERTEX
8
CUT
10
115.8531
20
186.2856
0
VERTEX
8
CUT
10
118.2543
20
184.6847
0
VERTEX
8
CUT
10
118.3888
20
184.5903
0
VERTEX
8
CUT
10
118.4751
20
184.5221
0
VERTEX
8
CUT
10
118.5253
20
184.4824
0
VERTEX
8
CUT
10
118.7061
20
184.3350
0
VERTEX
8
CUT
10
118.7300
20
184.3135
0
VERTEX
8
CUT
10
118.8609
20
184.1901
0
VERTEX
8
CUT
10
120.9509
20
182.1229
0
VERTEX
8
CUT
10
121.0773
20
181.9916
0
VERTEX
8
CUT
10
121.0993
20
181.9676
0
VERTEX
8
CUT
10
121.3322
20
181.6875
0
VERTEX
8
CUT
10
121.3518
20
181.6615
0
VERTEX
8
CUT
10
121.4578
20
181.5132
0
VERTEX
8
CUT
10
122.8402
20
179.4771
0
VERTEX
8
CUT
10
122.9483
20
179.3082
0
VERTEX
8
CUT
10
122.9668
20
179.2776
0
VERTEX
8
CUT
10
123.1553
20
178.9238
0
VERTEX
8
CUT
10
123.1704
20
178.8914
0
VERTEX
8
CUT
10
123.2502
20
178.7074
0
VERTEX
8
CUT
10
124.1207
20
176.5436
0
VERTEX
8
CUT
10
124.1887
20
176.3612
0
VERTEX
8
CUT
10
124.2000
20
176.3283
0
VERTEX
8
CUT
10
124.3070
20
175.9542
0
VERTEX
8
CUT
10
124.3148
20
175.9204
0
VERTEX
8
CUT
10
124.3536
20
175.7297
0
VERTEX
8
CUT
10
124.7760
20
173.3392
0
VERTEX
8
CUT
10
124.8028
20
173.1628
0
VERTEX
8
CUT
10
124.8069
20
173.1312
0
VERTEX
8
CUT
10
124.8352
20
172.7757
0
VERTEX
8
CUT
10
124.8363
20
172.7439
0
VERTEX
8
CUT
10
124.8378
20
172.5655
0
VERTEX
8
CUT
10
124.7902
20
169.4813
0
VERTEX
8
CUT
10
124.7846
20
169.3280
0
VERTEX
8
CUT
10
124.7831
20
169.3005
0
VERTEX
8
CUT
10
124.7533
20
168.9952
0
VERTEX
8
CUT
10
124.7495
20
168.9680
0
VERTEX
8
CUT
10
124.7253
20
168.8165
0
VERTEX
8
CUT
10
124.4795
20
167.4591
0
VERTEX
8
CUT
10
124.4503
20
167.3143
0
VERTEX
8
CUT
10
124.4446
20
167.2885
0
VERTEX
8
CUT
10
124.3693
20
167.0031
0
VERTEX
8
CUT
10
124.3616
20
166.9778
0
VERTEX
8
CUT
10
124.3156
20
166.8375
0
VERTEX
8
CUT
10
123.9784
20
165.8740
0
VERTEX
8
CUT
10
123.9340
20
165.7570
0
VERTEX
8
CUT
10
123.8786
20
165.6108
0
VERTEX
8
CUT
10
123.8560
20
165.5513
0
VERTEX
8
CUT
10
123.8332
20
165.4911
0
VERTEX
8
CUT
10
123.7924
20
165.3836
0
VERTEX
8
CUT
10
123.7691
20
165.3222
0
VERTEX
8
CUT
10
123.7211
20
165.2120
0
VERTEX
8
CUT
10
123.7102
20
165.1894
0
VERTEX
8
CUT
10
123.6475
20
165.0650
0
VERTEX
8
CUT
10
123.3373
20
164.4768
0
VERTEX
8
CUT
10
123.3237
20
164.4554
0
VERTEX
8
CUT
10
121.9340
20
162.3981
0
VERTEX
8
CUT
10
121.8689
20
162.3075
0
VERTEX
8
CUT
10
121.8544
20
162.2892
0
VERTEX
8
CUT
10
121.8376
20
162.2688
0
VERTEX
8
CUT
10
121.6404
20
162.0486
0
VERTEX
8
CUT
10
121.6220
20
162.0296
0
VERTEX
8
CUT
10
121.5170
20
161.9255
0
VERTEX
8
CUT
10
120.5780
20
161.0298
0
VERTEX
8
CUT
10
120.3894
20
160.8616
0
VERTEX
8
CUT
10
120.2576
20
160.7519
0
VERTEX
8
CUT
10
120.0581
20
160.5969
0
VERTEX
8
CUT
10
118.9457
20
159.7909
0
VERTEX
8
CUT
10
118.8225
20
159.7054
0
VERTEX
8
CUT
10
118.8001
20
159.6905
0
VERTEX
8
CUT
10
118.5440
20
159.5345
0
VERTEX
8
CUT
10
118.5205
20
159.5215
0
VERTEX
8
CUT
10
118.3880
20
159.4513
0
VERTEX
8
CUT
10
115.4837
20
157.9870
0
VERTEX
8
CUT
10
115.3013
20
157.9011
0
VERTEX
8
CUT
10
115.1758
20
157.8461
0
VERTEX
8
CUT
10
114.9889
20
157.7701
0
VERTEX
8
CUT
10
112.8084
20
156.9508
0
VERTEX
8
CUT
10
112.7348
20
156.9251
0
VERTEX
8
CUT
10
112.3873
20
156.8366
0
VERTEX
8
CUT
10
112.1395
20
156.7735
0
VERTEX
8
CUT
10
111.9967
20
156.7372
0
VERTEX
8
CUT
10
108.5340
20
156.1321
0
VERTEX
8
CUT
10
108.3916
20
156.1100
0
VERTEX
8
CUT
10
108.3660
20
156.1066
0
VERTEX
8
CUT
10
108.0792
20
156.0789
0
VERTEX
8
CUT
10
108.0534
20
156.0774
0
VERTEX
8
CUT
10
107.9094
20
156.0719
0
VERTEX
8
CUT
10
105.4688
20
156.0248
0
VERTEX
8
CUT
10
105.4659
20
156.0248
0
VERTEX
8
CUT
10
105.4164
20
156.0244
0
VERTEX
8
CUT
10
105.3568
20
156.0240
0
VERTEX
8
CUT
10
101.7240
20
155.9958
0
VERTEX
8
CUT
10
97.6535
20
156.4133
0
VERTEX
8
CUT
10
97.5287
20
156.4282
0
VERTEX
8
CUT
10
97.4440
20
156.4398
0
VERTEX
8
CUT
10
97.3196
20
156.4589
0
VERTEX
8
CUT
10
97.0071
20
156.5123
0
VERTEX
8
CUT
10
96.8944
20
156.5598
0
VERTEX
8
CUT
10
96.6627
20
156.6319
0
VERTEX
8
CUT
10
96.4251
20
156.6811
0
VERTEX
8
CUT
10
95.4555
20
156.8336
0
VERTEX
8
CUT
10
95.2100
20
156.8599
0
VERTEX
8
CUT
10
94.9631
20
156.8618
0
VERTEX
8
CUT
10
94.9627
20
156.8617
0
VERTEX
8
CUT
10
88.5238
20
157.9623
0
VERTEX
8
CUT
10
88.2873
20
157.9912
0
VERTEX
8
CUT
10
84.3594
20
158.2821
0
VERTEX
8
CUT
10
84.1302
20
158.2886
0
VERTEX
8
CUT
10
83.9014
20
158.2740
0
VERTEX
8
CUT
10
77.9802
20
157.6229
0
VERTEX
8
CUT
10
77.7843
20
157.5934
0
VERTEX
8
CUT
10
77.5913
20
157.5486
0
VERTEX
8
CUT
10
75.8794
20
157.0784
0
VERTEX
8
CUT
10
75.6985
20
157.0212
0
VERTEX
8
CUT
10
75.5224
20
156.9505
0
VERTEX
8
CUT
10
72.0668
20
155.4078
0
VERTEX
8
CUT
10
71.8285
20
155.2857
0
VERTEX
8
CUT
10
69.5669
20
153.9697
0
VERTEX
8
CUT
10
69.3474
20
153.8260
0
VERTEX
8
CUT
10
65.5009
20
151.0097
0
VERTEX
8
CUT
10
65.3473
20
150.9031
0
VERTEX
8
CUT
10
65.2412
20
150.8333
0
VERTEX
8
CUT
10
65.0825
20
150.7344
0
VERTEX
8
CUT
10
60.0850
20
147.7911
0
VERTEX
8
CUT
10
59.9233
20
147.6873
0
VERTEX
8
CUT
10
59.7700
20
147.5713
0
VERTEX
8
CUT
10
58.9881
20
146.9312
0
VERTEX
8
CUT
10
58.8654
20
146.8348
0
VERTEX
8
CUT
10
58.8238
20
146.7966
0
VERTEX
8
CUT
10
57.8171
20
145.9724
0
VERTEX
8
CUT
10
57.5610
20
145.7307
0
VERTEX
8
CUT
10
56.7552
20
144.8548
0
VERTEX
8
CUT
10
56.7315
20
144.8287
0
VERTEX
8
CUT
10
56.7270
20
144.8237
0
VERTEX
8
CUT
10
56.6316
20
144.7105
0
VERTEX
8
CUT
10
55.9069
20
143.7966
0
VERTEX
8
CUT
10
55.7088
20
143.5071
0
VERTEX
8
CUT
10
54.8119
20
141.9766
0
VERTEX
8
CUT
10
54.7917
20
141.9467
0
VERTEX
8
CUT
10
54.6599
20
141.7289
0
VERTEX
8
CUT
10
54.5837
20
141.5870
0
VERTEX
8
CUT
10
52.9056
20
138.7231
0
VERTEX
8
CUT
10
52.8499
20
138.6311
0
VERTEX
8
CUT
10
52.8112
20
138.5692
0
VERTEX
8
CUT
10
52.7529
20
138.4789
0
VERTEX
8
CUT
10
51.1113
20
136.0129
0
VERTEX
8
CUT
10
50.4889
20
135.1796
0
VERTEX
8
CUT
10
50.3079
20
134.9003
0
VERTEX
8
CUT
10
49.9866
20
134.3234
0
VERTEX
8
CUT
10
49.6466
20
133.8128
0
VERTEX
8
CUT
10
49.5165
20
133.5938
0
VERTEX
8
CUT
10
49.4092
20
133.3628
0
VERTEX
8
CUT
10
49.0720
20
132.5270
0
VERTEX
8
CUT
10
48.9989
20
132.3201
0
VERTEX
8
CUT
10
48.9443
20
132.1075
0
VERTEX
8
CUT
10
48.9084
20
131.8909
0
VERTEX
8
CUT
10
48.7006
20
130.1672
0
VERTEX
8
CUT
10
48.6826
20
129.8837
0
VERTEX
8
CUT
10
48.6970
20
129.6001
0
VERTEX
8
CUT
10
48.7434
20
129.3199
0
VERTEX
8
CUT
10
48.8585
20
128.8072
0
VERTEX
8
CUT
10
48.9379
20
128.5299
0
VERTEX
8
CUT
10
49.0487
20
128.2636
0
VERTEX
8
CUT
10
49.3104
20
127.7243
0
VERTEX
8
CUT
10
49.4127
20
127.5347
0
VERTEX
8
CUT
10
49.5310
20
127.3546
0
VERTEX
8
CUT
10
49.6049
20
127.2609
0
VERTEX
8
CUT
10
49.7474
20
127.0242
0
VERTEX
8
CUT
10
49.9365
20
126.7830
0
VERTEX
8
CUT
10
50.5202
20
126.1254
0
VERTEX
8
CUT
10
50.7342
20
125.9119
0
VERTEX
8
CUT
10
50.8422
20
125.8276
0
VERTEX
8
CUT
10
50.8873
20
125.7797
0
VERTEX
8
CUT
10
51.0562
20
125.6301
0
VERTEX
8
CUT
10
51.2378
20
125.4963
0
VERTEX
8
CUT
10
52.3863
20
124.7282
0
VERTEX
8
CUT
10
52.6643
20
124.5671
0
VERTEX
8
CUT
10
57.0880
20
122.3707
0
VERTEX
8
CUT
10
57.2959
20
122.2789
0
VERTEX
8
CUT
10
61.8809
20
120.5011
0
VERTEX
8
CUT
10
62.0931
20
120.4296
0
VERTEX
8
CUT
10
71.3353
20
117.7688
0
VERTEX
8
CUT
10
71.3997
20
117.7512
0
VERTEX
8
CUT
10
71.4141
20
117.7475
0
VERTEX
8
CUT
10
71.4619
20
117.7356
0
VERTEX
8
CUT
10
93.0788
20
112.5843
0
VERTEX
8
CUT
10
93.2170
20
112.5486
0
VERTEX
8
CUT
10
93.3105
20
112.5225
0
VERTEX
8
CUT
10
93.4473
20
112.4816
0
VERTEX
8
CUT
10
96.7723
20
111.4161
0
VERTEX
8
CUT
10
96.9810
20
111.3424
0
VERTEX
8
CUT
10
97.1211
20
111.2882
0
VERTEX
8
CUT
10
97.3251
20
111.2023
0
VERTEX
8
CUT
10
101.1592
20
109.4525
0
VERTEX
8
CUT
10
101.2887
20
109.3904
0
VERTEX
8
CUT
10
101.3116
20
109.3788
0
VERTEX
8
CUT
10
101.5629
20
109.2400
0
VERTEX
8
CUT
10
101.5849
20
109.2267
0
VERTEX
8
CUT
10
101.7064
20
109.1502
0
VERTEX
8
CUT
10
103.3835
20
108.0483
0
VERTEX
8
CUT
10
103.5333
20
107.9446
0
VERTEX
8
CUT
10
103.5596
20
107.9254
0
VERTEX
8
CUT
10
103.8432
20
107.6968
0
VERTEX
8
CUT
10
103.8675
20
107.6752
0
VERTEX
8
CUT
10
104.0007
20
107.5508
0
VERTEX
8
CUT
10
105.2090
20
106.3658
0
VERTEX
8
CUT
10
105.3489
20
106.2210
0
VERTEX
8
CUT
10
105.3732
20
106.1945
0
VERTEX
8
CUT
10
105.6287
20
105.8835
0
VERTEX
8
CUT
10
105.6500
20
105.8546
0
VERTEX
8
CUT
10
105.7648
20
105.6892
0
VERTEX
8
CUT
10
106.8791
20
103.9898
0
VERTEX
8
CUT
10
106.9651
20
103.8522
0
VERTEX
8
CUT
10
107.0215
20
103.7575
0
VERTEX
8
CUT
10
107.1015
20
103.6163
0
VERTEX
8
CUT
10
109.1566
20
99.7983
0
VERTEX
8
CUT
10
109.2683
20
99.6108
0
VERTEX
8
CUT
10
109.3960
20
99.4339
0
VERTEX
8
CUT
10
109.5385
20
99.2687
0
VERTEX
8
CUT
10
109.9220
20
98.8617
0
VERTEX
8
CUT
10
109.9336
20
98.8455
0
VERTEX
8
CUT
10
110.0517
20
98.7039
0
VERTEX
8
CUT
10
110.9819
20
97.6689
0
VERTEX
8
CUT
10
111.1538
20
97.4954
0
VERTEX
8
CUT
10
111.3418
20
97.3396
0
VERTEX
8
CUT
10
111.3819
20
97.3125
0
VERTEX
8
CUT
10
112.3651
20
96.2691
0
VERTEX
8
CUT
10
112.5038
20
96.1330
0
VERTEX
8
CUT
10
112.6527
20
96.0080
0
VERTEX
8
CUT
10
116.4055
20
93.0982
0
VERTEX
8
CUT
10
116.4359
20
93.0750
0
VERTEX
8
CUT
10
116.4412
20
93.0710
0
VERTEX
8
CUT
10
116.5722
20
92.9791
0
VERTEX
8
CUT
10
119.8079
20
90.8581
0
VERTEX
8
CUT
10
119.8291
20
90.8444
0
VERTEX
8
CUT
10
119.8326
20
90.8421
0
VERTEX
8
CUT
10
119.9221
20
90.7874
0
VERTEX
8
CUT
10
123.6420
20
88.6168
0
VERTEX
8
CUT
10
123.6658
20
88.6031
0
VERTEX
8
CUT
10
123.6700
20
88.6008
0
VERTEX
8
CUT
10
123.7711
20
88.5462
0
VERTEX
8
CUT
10
128.1492
20
86.3154
0
VERTEX
8
CUT
10
128.1832
20
86.2984
0
VERTEX
8
CUT
10
128.1893
20
86.2954
0
VERTEX
8
CUT
10
128.3350
20
86.2296
0
VERTEX
8
CUT
10
132.8737
20
84.3529
0
VERTEX
8
CUT
10
132.9043
20
84.3405
0
VERTEX
8
CUT
10
132.9096
20
84.3384
0
VERTEX
8
CUT
10
133.0393
20
84.2909
0
VERTEX
8
CUT
10
137.6951
20
82.7293
0
VERTEX
8
CUT
10
137.7303
20
82.7177
0
VERTEX
8
CUT
10
137.7365
20
82.7158
0
VERTEX
8
CUT
10
137.8858
20
82.6732
0
VERTEX
8
CUT
10
142.6847
20
81.4648
0
VERTEX
8
CUT
10
142.7166
20
81.4570
0
VERTEX
8
CUT
10
142.7221
20
81.4557
0
VERTEX
8
CUT
10
142.8566
20
81.4276
0
VERTEX
8
CUT
10
147.6803
20
80.5570
0
VERTEX
8
CUT
10
147.7158
20
80.5508
0
VERTEX
8
CUT
10
147.7220
20
80.5498
0
VERTEX
8
CUT
10
147.8717
20
80.5296
0
VERTEX
8
CUT
10
152.7440
20
80.0223
0
VERTEX
8
CUT
10
152.7797
20
80.0188
0
VERTEX
8
CUT
10
152.7860
20
80.0182
0
VERTEX
8
CUT
10
152.9363
20
80.0093
0
VERTEX
8
CUT
10
157.7173
20
79.8699
0
VERTEX
8
CUT
10
157.7541
20
79.8691
0
VERTEX
8
CUT
10
157.7607
20
79.8690
0
VERTEX
8
CUT
10
157.9145
20
79.8715
0
VERTEX
8
CUT
10
159.8005
20
79.9605
0
VERTEX
8
CUT
10
159.9841
20
79.9646
0
VERTEX
8
CUT
10
160.0173
20
79.9645
0
VERTEX
8
CUT
10
160.3560
20
79.9472
0
VERTEX
8
CUT
10
160.6620
20
79.9011
0
VERTEX
8
CUT
10
160.9620
20
79.8252
0
VERTEX
8
CUT
10
161.2531
20
79.7201
0
VERTEX
8
CUT
10
161.5325
20
79.5869
0
VERTEX
8
CUT
10
161.7974
20
79.4269
0
VERTEX
8
CUT
10
162.0452
20
79.2417
0
VERTEX
8
CUT
10
162.2737
20
79.0329
0
VERTEX
8
CUT
10
162.4806
20
78.8028
0
VERTEX
8
CUT
10
162.6638
20
78.5534
0
VERTEX
8
CUT
10
162.8217
20
78.2872
0
VERTEX
8
CUT
10
162.9526
20
78.0068
0
VERTEX
8
CUT
10
163.0553
20
77.7149
0
VERTEX
8
CUT
10
163.1288
20
77.4142
0
VERTEX
8
CUT
10
163.1724
20
77.1079
0
VERTEX
8
CUT
10
163.1857
20
76.7987
0
VERTEX
8
CUT
10
163.1686
20
76.4897
0
VERTEX
8
CUT
10
163.1211
20
76.1839
0
VERTEX
8
CUT
10
163.0439
20
75.8842
0
VERTEX
8
CUT
10
162.9375
20
75.5936
0
VERTEX
8
CUT
10
162.8031
20
75.3149
0
VERTEX
8
CUT
10
162.6420
20
75.0507
0
VERTEX
8
CUT
10
162.4556
20
74.8036
0
VERTEX
8
CUT
10
162.2459
20
74.5760
0
VERTEX
8
CUT
10
162.0148
20
74.3702
0
VERTEX
8
CUT
10
161.7647
20
74.1880
0
VERTEX
8
CUT
10
161.4978
20
74.0313
0
VERTEX
8
CUT
10
161.2168
20
73.9017
0
VERTEX
8
CUT
10
160.9244
20
73.8002
0
VERTEX
8
CUT
10
160.5946
20
73.7211
0
VERTEX
8
CUT
10
160.5622
20
73.7150
0
VERTEX
8
CUT
10
160.3800
20
73.6852
0
VERTEX
8
CUT
10
160.3192
20
73.6769
0
VERTEX
8
CUT
10
160.1682
20
73.6591
0
VERTEX
8
CUT
10
160.0653
20
73.6492
0
VERTEX
8
CUT
10
159.9136
20
73.6376
0
VERTEX
8
CUT
10
153.4751
20
73.2771
0
VERTEX
8
CUT
10
153.3220
20
73.2717
0
VERTEX
8
CUT
10
153.2180
20
73.2701
0
VERTEX
8
CUT
10
153.0649
20
73.2709
0
VERTEX
8
CUT
10
146.5953
20
73.4375
0
VERTEX
8
CUT
10
146.4421
20
73.4446
0
VERTEX
8
CUT
10
146.3382
20
73.4515
0
VERTEX
8
CUT
10
146.1855
20
73.4649
0
VERTEX
8
CUT
10
143.9258
20
73.7088
0
VERTEX
8
CUT
10
143.6782
20
73.7231
0
VERTEX
8
CUT
10
143.4304
20
73.7129
0
VERTEX
8
CUT
10
143.1848
20
73.6781
0
VERTEX
8
CUT
10
142.9439
20
73.6192
0
VERTEX
8
CUT
10
142.7100
20
73.5367
0
VERTEX
8
CUT
10
142.4854
20
73.4314
0
VERTEX
8
CUT
10
142.2724
20
73.3044
0
VERTEX
8
CUT
10
142.0730
20
73.1569
0
VERTEX
8
CUT
10
141.8892
20
72.9904
0
VERTEX
8
CUT
10
141.7228
20
72.8065
0
VERTEX
8
CUT
10
141.5754
20
72.6070
0
VERTEX
8
CUT
10
141.4485
20
72.3939
0
VERTEX
8
CUT
10
141.3434
20
72.1692
0
VERTEX
8
CUT
10
141.2611
20
71.9353
0
VERTEX
8
CUT
10
141.2023
20
71.6943
0
VERTEX
8
CUT
10
141.1677
20
71.4487
0
VERTEX
8
CUT
10
141.1576
20
71.2009
0
VERTEX
8
CUT
10
141.1721
20
70.9533
0
VERTEX
8
CUT
10
141.2111
20
70.7083
0
VERTEX
8
CUT
10
141.2742
20
70.4685
0
VERTEX
8
CUT
10
141.3607
20
70.2360
0
VERTEX
8
CUT
10
141.4698
20
70.0133
0
VERTEX
8
CUT
10
141.6004
20
69.8025
0
VERTEX
8
CUT
10
141.7513
20
69.6056
0
VERTEX
8
CUT
10
141.9210
20
69.4247
0
VERTEX
8
CUT
10
142.1078
20
69.2615
0
VERTEX
8
CUT
10
142.3098
20
69.1176
0
VERTEX
8
CUT
10
142.5250
20
68.9944
0
VERTEX
8
CUT
10
142.7514
20
68.8932
0
VERTEX
8
CUT
10
142.9868
20
68.8149
0
VERTEX
8
CUT
10
143.2287
20
68.7603
0
VERTEX
8
CUT
10
144.7057
20
68.5031
0
VERTEX
8
CUT
10
144.8294
20
68.4794
0
VERTEX
8
CUT
10
144.9133
20
68.4619
0
VERTEX
8
CUT
10
145.0362
20
68.4341
0
VERTEX
8
CUT
10
151.7236
20
66.8005
0
VERTEX
8
CUT
10
152.8212
20
66.5088
0
VERTEX
8
CUT
10
155.6542
20
65.6387
0
VERTEX
8
CUT
10
155.7626
20
65.6036
0
VERTEX
8
CUT
10
155.8359
20
65.5786
0
VERTEX
8
CUT
10
155.9432
20
65.5402
0
VERTEX
8
CUT
10
161.9250
20
63.2970
0
VERTEX
8
CUT
10
162.0754
20
63.2369
0
VERTEX
8
CUT
10
162.1767
20
63.1938
0
VERTEX
8
CUT
10
162.3244
20
63.1272
0
VERTEX
8
CUT
10
168.2910
20
60.2804
0
VERTEX
8
CUT
10
168.4890
20
60.1786
0
VERTEX
8
CUT
10
168.6214
20
60.1055
0
VERTEX
8
CUT
10
168.8130
20
59.9921
0
VERTEX
8
CUT
10
173.9710
20
56.7297
0
VERTEX
8
CUT
10
174.1724
20
56.5930
0
VERTEX
8
CUT
10
174.3060
20
56.4958
0
VERTEX
8
CUT
10
174.4980
20
56.3463
0
VERTEX
8
CUT
10
178.1866
20
53.2783
0
VERTEX
8
CUT
10
179.7591
20
51.8834
0
VERTEX
8
CUT
10
179.8317
20
51.8173
0
VERTEX
8
CUT
10
179.8805
20
51.7717
0
VERTEX
8
CUT
10
179.9513
20
51.7038
0
VERTEX
8
CUT
10
181.2585
20
50.4158
0
VERTEX
8
CUT
10
190.5416
20
40.9104
0
VERTEX
8
CUT
10
190.7336
20
40.7333
0
VERTEX
8
CUT
10
193.5930
20
38.3604
0
VERTEX
8
CUT
10
193.8228
20
38.1909
0
VERTEX
8
CUT
10
197.0330
20
36.0948
0
VERTEX
8
CUT
10
197.3542
20
35.9172
0
VERTEX
8
CUT
10
200.9769
20
34.2491
0
VERTEX
8
CUT
10
201.1492
20
34.1774
0
VERTEX
8
CUT
10
201.3263
20
34.1188
0
VERTEX
8
CUT
10
204.8758
20
33.0896
0
VERTEX
8
CUT
10
205.1495
20
33.0267
0
VERTEX
8
CUT
10
205.4286
20
32.9949
0
VERTEX
8
CUT
10
206.6768
20
32.9232
0
VERTEX
8
CUT
10
206.9154
20
32.8882
0
VERTEX
8
CUT
10
208.8714
20
32.7420
0
VERTEX
8
CUT
10
209.0754
20
32.7351
0
VERTEX
8
CUT
10
209.2793
20
32.7449
0
VERTEX
8
CUT
10
209.5145
20
32.7658
0
VERTEX
8
CUT
10
209.7803
20
32.7690
0
VERTEX
8
CUT
10
213.9019
20
33.1060
0
VERTEX
8
CUT
10
214.1351
20
33.1362
0
VERTEX
8
CUT
10
214.3644
20
33.1881
0
VERTEX
8
CUT
10
216.0132
20
33.6440
0
VERTEX
8
CUT
10
216.3550
20
33.7658
0
VERTEX
8
CUT
10
218.0383
20
34.5075
0
VERTEX
8
CUT
10
218.3165
20
34.6515
0
VERTEX
8
CUT
10
219.7026
20
35.4832
0
VERTEX
8
CUT
10
219.9877
20
35.6824
0
VERTEX
8
CUT
10
220.5172
20
36.1103
0
VERTEX
8
CUT
10
220.6132
20
36.1789
0
VERTEX
8
CUT
10
220.7979
20
36.3244
0
VERTEX
8
CUT
10
220.8853
20
36.4078
0
VERTEX
8
CUT
10
221.2141
20
36.6734
0
VERTEX
8
CUT
10
221.3563
20
36.7975
0
VERTEX
8
CUT
10
221.4887
20
36.9319
0
VERTEX
8
CUT
10
222.4699
20
38.0062
0
VERTEX
8
CUT
10
222.6146
20
38.1797
0
VERTEX
8
CUT
10
222.7430
20
38.3657
0
VERTEX
8
CUT
10
223.3789
20
39.3815
0
VERTEX
8
CUT
10
223.4937
20
39.5855
0
VERTEX
8
CUT
10
223.5889
20
39.7993
0
VERTEX
8
CUT
10
223.9659
20
40.7657
0
VERTEX
8
CUT
10
224.0572
20
41.0481
0
VERTEX
8
CUT
10
224.1144
20
41.3393
0
VERTEX
8
CUT
10
224.2287
20
42.1852
0
VERTEX
8
CUT
10
224.2502
20
42.4457
0
VERTEX
8
CUT
10
224.2443
20
42.7072
0
VERTEX
8
CUT
10
224.2111
20
42.9665
0
VERTEX
8
CUT
10
223.9663
20
44.3156
0
VERTEX
8
CUT
10
223.9051
20
44.5742
0
VERTEX
8
CUT
10
223.8167
20
44.8248
0
VERTEX
8
CUT
10
223.7023
20
45.0646
0
VERTEX
8
CUT
10
222.9573
20
46.4332
0
VERTEX
8
CUT
10
222.8372
20
46.6313
0
VERTEX
8
CUT
10
222.6993
20
46.8175
0
VERTEX
8
CUT
10
222.5447
20
46.9901
0
VERTEX
8
CUT
10
221.3950
20
48.1601
0
VERTEX
8
CUT
10
221.1907
20
48.3463
0
VERTEX
8
CUT
10
220.9670
20
48.5087
0
VERTEX
8
CUT
10
220.4002
20
48.8743
0
VERTEX
8
CUT
10
220.1904
20
48.9957
0
VERTEX
8
CUT
10
219.9697
20
49.0962
0
VERTEX
8
CUT
10
217.7205
20
49.9916
0
VERTEX
8
CUT
10
217.4999
20
50.0676
0
VERTEX
8
CUT
10
217.2732
20
50.1228
0
VERTEX
8
CUT
10
215.1560
20
50.5347
0
VERTEX
8
CUT
10
214.8782
20
50.5727
0
VERTEX
8
CUT
10
206.0795
20
51.2776
0
VERTEX
8
CUT
10
205.9557
20
51.2896
0
VERTEX
8
CUT
10
205.8716
20
51.2992
0
VERTEX
8
CUT
10
205.7483
20
51.3153
0
VERTEX
8
CUT
10
201.5679
20
51.9313
0
VERTEX
8
CUT
10
201.3860
20
51.9626
0
VERTEX
8
CUT
10
201.2631
20
51.9870
0
VERTEX
8
CUT
10
201.0830
20
52.0273
0
VERTEX
8
CUT
10
197.8685
20
52.8301
0
VERTEX
8
CUT
10
197.6284
20
52.8986
0
VERTEX
8
CUT
10
197.4671
20
52.9505
0
VERTEX
8
CUT
10
197.2321
20
53.0348
0
VERTEX
8
CUT
10
194.6436
20
54.0625
0
VERTEX
8
CUT
10
194.5122
20
54.1176
0
VERTEX
8
CUT
10
194.4889
20
54.1279
0
VERTEX
8
CUT
10
194.2329
20
54.2527
0
VERTEX
8
CUT
10
194.2105
20
54.2648
0
VERTEX
8
CUT
10
194.0862
20
54.3344
0
VERTEX
8
CUT
10
192.6165
20
55.1952
0
VERTEX
8
CUT
10
192.3926
20
55.3372
0
VERTEX
8
CUT
10
192.2442
20
55.4389
0
VERTEX
8
CUT
10
192.0309
20
55.5964
0
VERTEX
8
CUT
10
190.7796
20
56.5904
0
VERTEX
8
CUT
10
190.6607
20
56.6889
0
VERTEX
8
CUT
10
190.6398
20
56.7069
0
VERTEX
8
CUT
10
190.4148
20
56.9181
0
VERTEX
8
CUT
10
190.3954
20
56.9378
0
VERTEX
8
CUT
10
190.2896
20
57.0502
0
VERTEX
8
CUT
10
189.3417
20
58.0992
0
VERTEX
8
CUT
10
189.2335
20
58.2243
0
VERTEX
8
CUT
10
189.2147
20
58.2471
0
VERTEX
8
CUT
10
189.0155
20
58.5109
0
VERTEX
8
CUT
10
188.9987
20
58.5353
0
VERTEX
8
CUT
10
188.9080
20
58.6735
0
VERTEX
8
CUT
10
188.2529
20
59.7221
0
VERTEX
8
CUT
10
188.1594
20
59.8803
0
VERTEX
8
CUT
10
188.1434
20
59.9089
0
VERTEX
8
CUT
10
187.9801
20
60.2381
0
VERTEX
8
CUT
10
187.9670
20
60.2682
0
VERTEX
8
CUT
10
187.8976
20
60.4384
0
VERTEX
8
CUT
10
187.5262
20
61.4181
0
VERTEX
8
CUT
10
187.4600
20
61.6078
0
VERTEX
8
CUT
10
187.4491
20
61.6420
0
VERTEX
8
CUT
10
187.3477
20
62.0305
0
VERTEX
8
CUT
10
187.3405
20
62.0656
0
VERTEX
8
CUT
10
187.3056
20
62.2635
0
VERTEX
8
CUT
10
187.1650
20
63.2061
0
VERTEX
8
CUT
10
187.1451
20
63.3614
0
VERTEX
8
CUT
10
187.1422
20
63.3893
0
VERTEX
8
CUT
10
187.1236
20
63.6766
0
VERTEX
8
CUT
10
187.1290
20
63.9645
0
VERTEX
8
CUT
10
187.1307
20
63.9925
0
VERTEX
8
CUT
10
187.1435
20
64.1485
0
VERTEX
8
CUT
10
187.2302
20
64.9908
0
VERTEX
8
CUT
10
187.2606
20
65.2184
0
VERTEX
8
CUT
10
187.2673
20
65.2587
0
VERTEX
8
CUT
10
187.3697
20
65.7060
0
VERTEX
8
CUT
10
187.3812
20
65.7451
0
VERTEX
8
CUT
10
187.4527
20
65.9633
0
VERTEX
8
CUT
10
187.7551
20
66.7982
0
VERTEX
8
CUT
10
187.8130
20
66.9481
0
VERTEX
8
CUT
10
187.8240
20
66.9747
0
VERTEX
8
CUT
10
187.9481
20
67.2430
0
VERTEX
8
CUT
10
188.0946
20
67.4996
0
VERTEX
8
CUT
10
188.1100
20
67.5240
0
VERTEX
8
CUT
10
188.1985
20
67.6581
0
VERTEX
8
CUT
10
188.9313
20
68.7185
0
VERTEX
8
CUT
10
189.0302
20
68.8550
0
VERTEX
8
CUT
10
189.0484
20
68.8790
0
VERTEX
8
CUT
10
189.2468
20
69.1170
0
VERTEX
8
CUT
10
189.4657
20
69.3363
0
VERTEX
8
CUT
10
189.4879
20
69.3567
0
VERTEX
8
CUT
10
189.6148
20
69.4677
0
VERTEX
8
CUT
10
190.6972
20
70.3727
0
VERTEX
8
CUT
10
190.8209
20
70.4717
0
VERTEX
8
CUT
10
190.8434
20
70.4890
0
VERTEX
8
CUT
10
191.0818
20
70.6563
0
VERTEX
8
CUT
10
191.3335
20
70.8028
0
VERTEX
8
CUT
10
191.3586
20
70.8161
0
VERTEX
8
CUT
10
191.5003
20
70.8870
0
VERTEX
8
CUT
10
193.1742
20
71.6808
0
VERTEX
8
CUT
10
193.3224
20
71.7472
0
VERTEX
8
CUT
10
193.3492
20
71.7585
0
VERTEX
8
CUT
10
193.6537
20
71.8718
0
VERTEX
8
CUT
10
193.6813
20
71.8807
0
VERTEX
8
CUT
10
193.8370
20
71.9274
0
VERTEX
8
CUT
10
196.1830
20
72.5754
0
VERTEX
8
CUT
10
196.3316
20
72.6132
0
VERTEX
8
CUT
10
196.3583
20
72.6194
0
VERTEX
8
CUT
10
196.6596
20
72.6766
0
VERTEX
8
CUT
10
196.6868
20
72.6807
0
VERTEX
8
CUT
10
196.8389
20
72.7000
0
VERTEX
8
CUT
10
198.2240
20
72.8472
0
VERTEX
8
CUT
10
198.3402
20
72.8565
0
VERTEX
8
CUT
10
198.4899
20
72.8655
0
VERTEX
8
CUT
10
198.5917
20
72.8696
0
VERTEX
8
CUT
10
198.7416
20
72.8725
0
VERTEX
8
CUT
10
205.5574
20
72.8722
0
VERTEX
8
CUT
10
205.6644
20
72.8707
0
VERTEX
8
CUT
10
205.7372
20
72.8686
0
VERTEX
8
CUT
10
205.8441
20
72.8640
0
VERTEX
8
CUT
10
206.1360
20
72.8473
0
VERTEX
8
CUT
10
216.8724
20
71.6773
0
VERTEX
8
CUT
10
216.9615
20
71.6692
0
VERTEX
8
CUT
10
222.8544
20
71.2398
0
VERTEX
8
CUT
10
222.8846
20
71.2378
0
VERTEX
8
CUT
10
222.8898
20
71.2375
0
VERTEX
8
CUT
10
223.0160
20
71.2330
0
VERTEX
8
CUT
10
228.6444
20
71.1762
0
VERTEX
8
CUT
10
228.6745
20
71.1760
0
VERTEX
8
CUT
10
228.6798
20
71.1760
0
VERTEX
8
CUT
10
228.8059
20
71.1795
0
VERTEX
8
CUT
10
230.2416
20
71.2548
0
VERTEX
8
CUT
10
230.9005
20
71.2623
0
VERTEX
8
CUT
10
231.1342
20
71.2760
0
VERTEX
8
CUT
10
231.6167
20
71.3269
0
VERTEX
8
CUT
10
233.5820
20
71.4300
0
VERTEX
8
CUT
10
233.8102
20
71.4525
0
VERTEX
8
CUT
10
235.6092
20
71.7136
0
VERTEX
8
CUT
10
235.8215
20
71.7539
0
VERTEX
8
CUT
10
240.6633
20
72.8909
0
VERTEX
8
CUT
10
240.9449
20
72.9748
0
VERTEX
8
CUT
10
245.1351
20
74.4960
0
VERTEX
8
CUT
10
245.4685
20
74.6455
0
VERTEX
8
CUT
10
249.1272
20
76.6185
0
VERTEX
8
CUT
10
249.2890
20
76.7138
0
VERTEX
8
CUT
10
249.4433
20
76.8210
0
VERTEX
8
CUT
10
252.5021
20
79.1215
0
VERTEX
8
CUT
10
252.6665
20
79.2565
0
VERTEX
8
CUT
10
252.8189
20
79.4049
0
VERTEX
8
CUT
10
255.2850
20
82.0218
0
VERTEX
8
CUT
10
255.4349
20
82.1962
0
VERTEX
8
CUT
10
255.5681
20
82.3837
0
VERTEX
8
CUT
10
257.4775
20
85.3515
0
VERTEX
8
CUT
10
257.5962
20
85.5569
0
VERTEX
8
CUT
10
257.6949
20
85.7725
0
VERTEX
8
CUT
10
259.0409
20
89.1242
0
VERTEX
8
CUT
10
259.1130
20
89.3293
0
VERTEX
8
CUT
10
259.1671
20
89.5400
0
VERTEX
8
CUT
10
259.9603
20
93.3010
0
VERTEX
8
CUT
10
260.0053
20
93.6078
0
VERTEX
8
CUT
10
260.1208
20
94.9835
0
VERTEX
8
CUT
10
260.1280
20
95.2808
0
VERTEX
8
CUT
10
260.0226
20
98.2657
0
VERTEX
8
CUT
10
260.0067
20
98.4720
0
VERTEX
8
CUT
10
259.9739
20
98.6763
0
VERTEX
8
CUT
10
259.4275
20
101.3592
0
VERTEX
8
CUT
10
259.3301
20
101.7068
0
VERTEX
8
CUT
10
258.9412
20
102.7876
0
VERTEX
8
CUT
10
258.8581
20
102.9902
0
VERTEX
8
CUT
10
258.7575
20
103.1848
0
VERTEX
8
CUT
10
257.1923
20
105.9138
0
VERTEX
8
CUT
10
257.0778
20
106.0949
0
VERTEX
8
CUT
10
256.9483
20
106.2656
0
VERTEX
8
CUT
10
256.8046
20
106.4245
0
VERTEX
8
CUT
10
255.6393
20
107.6073
0
VERTEX
8
CUT
10
255.4430
20
107.7864
0
VERTEX
8
CUT
10
255.2289
20
107.9436
0
VERTEX
8
CUT
10
253.6824
20
108.9573
0
VERTEX
8
CUT
10
253.4608
20
109.0868
0
VERTEX
8
CUT
10
253.2270
20
109.1929
0
VERTEX
8
CUT
10
251.3192
20
109.9433
0
VERTEX
8
CUT
10
251.1116
20
110.0146
0
VERTEX
8
CUT
10
250.8984
20
110.0674
0
VERTEX
8
CUT
10
250.6815
20
110.1014
0
VERTEX
8
CUT
10
250.4624
20
110.1161
0
VERTEX
8
CUT
10
247.4382
20
110.1867
0
VERTEX
8
CUT
10
247.1914
20
110.1803
0
VERTEX
8
CUT
10
246.9464
20
110.1495
0
VERTEX
8
CUT
10
244.6615
20
109.7473
0
VERTEX
8
CUT
10
244.4410
20
109.6981
0
VERTEX
8
CUT
10
244.2257
20
109.6292
0
VERTEX
8
CUT
10
244.0176
20
109.5411
0
VERTEX
8
CUT
10
241.7657
20
108.4658
0
VERTEX
8
CUT
10
241.5851
20
108.3703
0
VERTEX
8
CUT
10
241.4129
20
108.2604
0
VERTEX
8
CUT
10
239.9073
20
107.2103
0
VERTEX
8
CUT
10
239.6576
20
107.0113
0
VERTEX
8
CUT
10
238.4115
20
105.8809
0
VERTEX
8
CUT
10
238.2495
20
105.7198
0
VERTEX
8
CUT
10
238.1028
20
105.5446
0
VERTEX
8
CUT
10
236.1166
20
102.9382
0
VERTEX
8
CUT
10
235.9760
20
102.7334
0
VERTEX
8
CUT
10
232.7961
20
97.5671
0
VERTEX
8
CUT
10
232.6874
20
97.4005
0
VERTEX
8
CUT
10
232.6106
20
97.2894
0
VERTEX
8
CUT
10
232.4932
20
97.1288
0
VERTEX
8
CUT
10
231.0503
20
95.2613
0
VERTEX
8
CUT
10
230.9582
20
95.1469
0
VERTEX
8
CUT
10
230.9413
20
95.1268
0
VERTEX
8
CUT
10
230.7443
20
94.9092
0
VERTEX
8
CUT
10
230.7258
20
94.8904
0
VERTEX
8
CUT
10
230.6211
20
94.7876
0
VERTEX
8
CUT
10
229.0089
20
93.2666
0
VERTEX
8
CUT
10
228.9037
20
93.1710
0
VERTEX
8
CUT
10
228.8845
20
93.1542
0
VERTEX
8
CUT
10
228.6635
20
92.9753
0
VERTEX
8
CUT
10
228.6431
20
92.9601
0
VERTEX
8
CUT
10
228.5277
20
92.8770
0
VERTEX
8
CUT
10
226.6272
20
91.5638
0
VERTEX
8
CUT
10
226.3970
20
91.4169
0
VERTEX
8
CUT
10
226.2372
20
91.3229
0
VERTEX
8
CUT
10
225.9969
20
91.1930
0
VERTEX
8
CUT
10
223.6307
20
90.0239
0
VERTEX
8
CUT
10
223.4524
20
89.9415
0
VERTEX
8
CUT
10
223.3299
20
89.8888
0
VERTEX
8
CUT
10
223.1475
20
89.8159
0
VERTEX
8
CUT
10
220.0667
20
88.6768
0
VERTEX
8
CUT
10
219.9536
20
88.6370
0
VERTEX
8
CUT
10
219.8763
20
88.6112
0
VERTEX
8
CUT
10
219.7620
20
88.5751
0
VERTEX
8
CUT
10
215.7932
20
87.3897
0
VERTEX
8
CUT
10
215.7036
20
87.3642
0
VERTEX
8
CUT
10
215.6425
20
87.3476
0
VERTEX
8
CUT
10
215.5523
20
87.3242
0
VERTEX
8
CUT
10
197.2470
20
82.8341
0
VERTEX
8
CUT
10
197.1812
20
82.8170
0
VERTEX
8
CUT
10
197.1665
20
82.8130
0
VERTEX
8
CUT
10
197.1182
20
82.7992
0
VERTEX
8
CUT
10
180.6016
20
77.9095
0
VERTEX
8
CUT
10
180.4260
20
77.8621
0
VERTEX
8
CUT
10
180.3944
20
77.8544
0
VERTEX
8
CUT
10
180.0662
20
77.7910
0
VERTEX
8
CUT
10
179.7626
20
77.7624
0
VERTEX
8
CUT
10
179.4576
20
77.7634
0
VERTEX
8
CUT
10
179.1541
20
77.7939
0
VERTEX
8
CUT
10
178.8551
20
77.8537
0
VERTEX
8
CUT
10
178.5632
20
77.9421
0
VERTEX
8
CUT
10
178.2813
20
78.0584
0
VERTEX
8
CUT
10
178.0119
20
78.2015
0
VERTEX
8
CUT
10
177.7577
20
78.3700
0
VERTEX
8
CUT
10
177.5210
20
78.5623
0
VERTEX
8
CUT
10
177.3041
20
78.7766
0
VERTEX
8
CUT
10
177.1089
20
79.0110
0
VERTEX
8
CUT
10
176.9373
20
79.2631
0
VERTEX
8
CUT
10
176.7910
20
79.5307
0
VERTEX
8
CUT
10
176.6713
20
79.8112
0
VERTEX
8
CUT
10
176.5793
20
80.1019
0
VERTEX
8
CUT
10
176.5159
20
80.4003
0
VERTEX
8
CUT
10
176.4817
20
80.7033
0
VERTEX
8
CUT
10
176.4770
20
81.0083
0
VERTEX
8
CUT
10
176.5019
20
81.3122
0
VERTEX
8
CUT
10
176.5561
20
81.6123
0
VERTEX
8
CUT
10
176.6391
20
81.9058
0
VERTEX
8
CUT
10
176.7501
20
82.1898
0
VERTEX
8
CUT
10
176.8882
20
82.4618
0
VERTEX
8
CUT
10
177.0519
20
82.7191
0
VERTEX
8
CUT
10
177.2398
20
82.9593
0
VERTEX
8
CUT
10
177.4500
20
83.1802
0
VERTEX
8
CUT
10
177.6807
20
83.3797
0
VERTEX
8
CUT
10
177.9296
20
83.5559
0
VERTEX
8
CUT
10
178.2199
20
83.7218
0
VERTEX
8
CUT
10
178.2489
20
83.7365
0
VERTEX
8
CUT
10
178.4129
20
83.8150
0
VERTEX
8
CUT
10
179.7493
20
84.4150
0
VERTEX
8
CUT
10
180.3904
20
84.6808
0
VERTEX
8
CUT
10
180.5944
20
84.7764
0
VERTEX
8
CUT
10
180.8321
20
84.9012
0
VERTEX
8
CUT
10
181.6936
20
85.2880
0
VERTEX
8
CUT
10
181.9499
20
85.4213
0
VERTEX
8
CUT
10
182.8790
20
85.9753
0
VERTEX
8
CUT
10
183.3068
20
86.1998
0
VERTEX
8
CUT
10
183.4949
20
86.3092
0
VERTEX
8
CUT
10
184.2326
20
86.7823
0
VERTEX
8
CUT
10
185.5969
20
87.5958
0
VERTEX
8
CUT
10
185.8234
20
87.7481
0
VERTEX
8
CUT
10
189.1553
20
90.2647
0
VERTEX
8
CUT
10
189.3902
20
90.4662
0
VERTEX
8
CUT
10
192.3321
20
93.3232
0
VERTEX
8
CUT
10
192.5340
20
93.5442
0
VERTEX
8
CUT
10
195.2050
20
96.8458
0
VERTEX
8
CUT
10
195.3457
20
97.0378
0
VERTEX
8
CUT
10
198.2687
20
101.4512
0
VERTEX
8
CUT
10
198.2981
20
101.4967
0
VERTEX
8
CUT
10
198.3045
20
101.5069
0
VERTEX
8
CUT
10
198.3257
20
101.5410
0
VERTEX
8
CUT
10
215.5764
20
129.8507
0
VERTEX
8
CUT
10
217.9610
20
133.7510
0
VERTEX
8
CUT
10
217.9967
20
133.8113
0
VERTEX
8
CUT
10
218.1064
20
134.0025
0
VERTEX
8
CUT
10
219.6130
20
136.4750
0
VERTEX
8
CUT
10
219.6254
20
136.4955
0
VERTEX
8
CUT
10
219.6276
20
136.4992
0
VERTEX
8
CUT
10
219.6773
20
136.5865
0
VERTEX
8
CUT
10
221.4405
20
139.8330
0
VERTEX
8
CUT
10
221.4579
20
139.8656
0
VERTEX
8
CUT
10
221.4609
20
139.8714
0
VERTEX
8
CUT
10
221.5286
20
140.0110
0
VERTEX
8
CUT
10
222.4765
20
142.1297
0
VERTEX
8
CUT
10
222.6815
20
142.5396
0
VERTEX
8
CUT
10
222.7761
20
142.7529
0
VERTEX
8
CUT
10
222.9122
20
143.1034
0
VERTEX
8
CUT
10
223.9852
20
145.5017
0
VERTEX
8
CUT
10
224.0597
20
145.6880
0
VERTEX
8
CUT
10
224.1191
20
145.8796
0
VERTEX
8
CUT
10
225.3826
20
150.6267
0
VERTEX
8
CUT
10
225.4503
20
150.9833
0
VERTEX
8
CUT
10
225.7082
20
153.2192
0
VERTEX
8
CUT
10
225.7244
20
153.4715
0
VERTEX
8
CUT
10
225.7777
20
157.3752
0
VERTEX
8
CUT
10
225.7618
20
157.6929
0
VERTEX
8
CUT
10
225.2723
20
161.9806
0
VERTEX
8
CUT
10
225.2267
20
162.2490
0
VERTEX
8
CUT
10
224.5241
20
165.3527
0
VERTEX
8
CUT
10
224.5159
20
165.3879
0
VERTEX
8
CUT
10
224.5143
20
165.3942
0
VERTEX
8
CUT
10
224.4741
20
165.5411
0
VERTEX
8
CUT
10
221.6955
20
174.5867
0
VERTEX
8
CUT
10
221.6558
20
174.7253
0
VERTEX
8
CUT
10
221.6306
20
174.8201
0
VERTEX
8
CUT
10
221.5963
20
174.9603
0
VERTEX
8
CUT
10
220.9754
20
177.7224
0
VERTEX
8
CUT
10
220.9253
20
177.9906
0
VERTEX
8
CUT
10
220.8980
20
178.1737
0
VERTEX
8
CUT
10
220.8675
20
178.4449
0
VERTEX
8
CUT
10
220.8037
20
179.2876
0
VERTEX
8
CUT
10
220.7949
20
179.4535
0
VERTEX
8
CUT
10
220.7939
20
179.4833
0
VERTEX
8
CUT
10
220.7983
20
179.8155
0
VERTEX
8
CUT
10
220.8000
20
179.8452
0
VERTEX
8
CUT
10
220.8132
20
180.0109
0
VERTEX
8
CUT
10
220.9137
20
180.9950
0
VERTEX
8
CUT
10
220.9403
20
181.1992
0
VERTEX
8
CUT
10
220.9460
20
181.2354
0
VERTEX
8
CUT
10
221.0324
20
181.6377
0
VERTEX
8
CUT
10
221.0421
20
181.6732
0
VERTEX
8
CUT
10
221.1017
20
181.8702
0
VERTEX
8
CUT
10
221.2847
20
182.4198
0
VERTEX
8
CUT
10
221.3438
20
182.5843
0
VERTEX
8
CUT
10
221.3550
20
182.6135
0
VERTEX
8
CUT
10
221.4845
20
182.9075
0
VERTEX
8
CUT
10
221.6407
20
183.1883
0
VERTEX
8
CUT
10
221.6572
20
183.2149
0
VERTEX
8
CUT
10
221.7527
20
183.3613
0
VERTEX
8
CUT
10
221.9354
20
183.6277
0
VERTEX
8
CUT
10
222.0558
20
183.7934
0
VERTEX
8
CUT
10
222.0780
20
183.8223
0
VERTEX
8
CUT
10
222.3234
20
184.1076
0
VERTEX
8
CUT
10
222.5984
20
184.3644
0
VERTEX
8
CUT
10
222.6264
20
184.3878
0
VERTEX
8
CUT
10
222.7870
20
184.5148
0
VERTEX
8
CUT
10
223.0137
20
184.6843
0
VERTEX
8
CUT
10
223.1523
20
184.7831
0
VERTEX
8
CUT
10
223.1775
20
184.8002
0
VERTEX
8
CUT
10
223.4440
20
184.9641
0
VERTEX
8
CUT
10
223.7243
20
185.1031
0
VERTEX
8
CUT
10
223.7522
20
185.1154
0
VERTEX
8
CUT
10
223.9094
20
185.1805
0
VERTEX
8
CUT
10
224.3249
20
185.3414
0
VERTEX
8
CUT
10
224.4699
20
185.3942
0
VERTEX
8
CUT
10
224.4961
20
185.4031
0
VERTEX
8
CUT
10
224.7682
20
185.4835
0
VERTEX
8
CUT
10
225.0460
20
185.5413
0
VERTEX
8
CUT
10
225.0733
20
185.5458
0
VERTEX
8
CUT
10
225.2260
20
185.5678
0
VERTEX
8
CUT
10
225.8882
20
185.6495
0
VERTEX
8
CUT
10
226.0939
20
185.6691
0
VERTEX
8
CUT
10
226.1307
20
185.6716
0
VERTEX
8
CUT
10
226.5438
20
185.6767
0
VERTEX
8
CUT
10
226.5806
20
185.6751
0
VERTEX
8
CUT
10
226.7868
20
185.6606
0
VERTEX
8
CUT
10
227.8420
20
185.5571
0
VERTEX
8
CUT
10
227.9891
20
185.5397
0
VERTEX
8
CUT
10
228.0154
20
185.5361
0
VERTEX
8
CUT
10
228.3070
20
185.4840
0
VERTEX
8
CUT
10
228.3329
20
185.4783
0
VERTEX
8
CUT
10
228.4769
20
185.4436
0
VERTEX
8
CUT
10
229.7429
20
185.1124
0
VERTEX
8
CUT
10
229.9159
20
185.0627
0
VERTEX
8
CUT
10
229.9466
20
185.0531
0
VERTEX
8
CUT
10
229.9846
20
185.0391
0
VERTEX
8
CUT
10
230.3401
20
184.9048
0
VERTEX
8
CUT
10
230.4781
20
184.8425
0
VERTEX
8
CUT
10
234.6201
20
182.8525
0
VERTEX
8
CUT
10
234.6970
20
182.8144
0
VERTEX
8
CUT
10
234.7490
20
182.7880
0
VERTEX
8
CUT
10
234.8250
20
182.7482
0
VERTEX
8
CUT
10
243.1029
20
178.2941
0
VERTEX
8
CUT
10
243.1244
20
178.2826
0
VERTEX
8
CUT
10
243.1283
20
178.2806
0
VERTEX
8
CUT
10
243.2203
20
178.2346
0
VERTEX
8
CUT
10
250.3718
20
174.8437
0
VERTEX
8
CUT
10
250.4053
20
174.8281
0
VERTEX
8
CUT
10
250.4113
20
174.8253
0
VERTEX
8
CUT
10
250.5543
20
174.7654
0
VERTEX
8
CUT
10
253.4727
20
173.6470
0
VERTEX
8
CUT
10
253.7268
20
173.5649
0
VERTEX
8
CUT
10
259.0033
20
172.1663
0
VERTEX
8
CUT
10
259.3449
20
172.1007
0
VERTEX
8
CUT
10
261.6606
20
171.8218
0
VERTEX
8
CUT
10
261.9275
20
171.8041
0
VERTEX
8
CUT
10
262.0269
20
171.8028
0
VERTEX
8
CUT
10
262.3217
20
171.7762
0
VERTEX
8
CUT
10
265.0621
20
171.6961
0
VERTEX
8
CUT
10
265.3861
20
171.7076
0
VERTEX
8
CUT
10
265.8435
20
171.7538
0
VERTEX
8
CUT
10
266.1612
20
171.7497
0
VERTEX
8
CUT
10
266.4129
20
171.7591
0
VERTEX
8
CUT
10
267.7876
20
171.8803
0
VERTEX
8
CUT
10
268.1099
20
171.9301
0
VERTEX
8
CUT
10
268.1904
20
171.9480
0
VERTEX
8
CUT
10
268.4233
20
172.0116
0
VERTEX
8
CUT
10
268.6489
20
172.0974
0
VERTEX
8
CUT
10
268.8652
20
172.2046
0
VERTEX
8
CUT
10
269.0702
20
172.3321
0
VERTEX
8
CUT
10
269.2619
20
172.4788
0
VERTEX
8
CUT
10
269.4385
20
172.6433
0
VERTEX
8
CUT
10
269.5985
20
172.8241
0
VERTEX
8
CUT
10
269.7403
20
173.0194
0
VERTEX
8
CUT
10
269.8626
20
173.2275
0
VERTEX
8
CUT
10
269.9642
20
173.4465
0
VERTEX
8
CUT
10
270.0443
20
173.6742
0
VERTEX
8
CUT
10
270.1020
20
173.9086
0
VERTEX
8
CUT
10
270.1369
20
174.1475
0
VERTEX
8
CUT
10
270.1485
20
174.3886
0
VERTEX
8
CUT
10
270.1485
20
174.4548
0
VERTEX
8
CUT
10
270.1485
20
183.7225
0
VERTEX
8
CUT
10
270.1485
20
183.8720
0
VERTEX
8
CUT
10
270.1370
20
184.1119
0
VERTEX
8
CUT
10
270.1025
20
184.3496
0
VERTEX
8
CUT
10
270.0453
20
184.5829
0
VERTEX
8
CUT
10
269.9660
20
184.8096
0
VERTEX
8
CUT
10
269.8654
20
185.0277
0
VERTEX
8
CUT
10
269.7443
20
185.2351
0
VERTEX
8
CUT
10
269.6038
20
185.4299
0
VERTEX
8
CUT
10
269.4453
20
185.6103
0
VERTEX
8
CUT
10
269.2702
20
185.7747
0
VERTEX
8
CUT
10
269.0801
20
185.9215
0
VERTEX
8
CUT
10
268.8768
20
186.0495
0
VERTEX
8
CUT
10
268.6622
20
186.1573
0
VERTEX
8
CUT
10
268.4382
20
186.2440
0
VERTEX
8
CUT
10
268.2070
20
186.3088
0
VERTEX
8
CUT
10
267.9705
20
186.3512
0
VERTEX
8
CUT
10
267.7312
20
186.3706
0
VERTEX
8
CUT
10
267.4910
20
186.3670
0
VERTEX
8
CUT
10
267.2523
20
186.3404
0
VERTEX
8
CUT
10
266.8892
20
186.2821
0
VERTEX
8
CUT
10
266.5742
20
186.2104
0
VERTEX
8
CUT
10
261.3005
20
184.6455
0
VERTEX
8
CUT
10
261.1527
20
184.6049
0
VERTEX
8
CUT
10
261.0518
20
184.5794
0
VERTEX
8
CUT
10
260.9025
20
184.5449
0
VERTEX
8
CUT
10
259.3465
20
184.2186
0
VERTEX
8
CUT
10
259.1711
20
184.1862
0
VERTEX
8
CUT
10
259.1396
20
184.1811
0
VERTEX
8
CUT
10
258.7852
20
184.1414
0
VERTEX
8
CUT
10
258.7534
20
184.1394
0
VERTEX
8
CUT
10
258.5752
20
184.1322
0
VERTEX
8
CUT
10
252.0590
20
184.0251
0
VERTEX
8
CUT
10
251.8883
20
184.0262
0
VERTEX
8
CUT
10
251.7723
20
184.0295
0
VERTEX
8
CUT
10
251.6018
20
184.0384
0
VERTEX
8
CUT
10
248.6120
20
184.2619
0
VERTEX
8
CUT
10
248.4589
20
184.2766
0
VERTEX
8
CUT
10
248.4315
20
184.2797
0
VERTEX
8
CUT
10
248.1277
20
184.3277
0
VERTEX
8
CUT
10
248.1007
20
184.3331
0
VERTEX
8
CUT
10
247.9505
20
184.3665
0
VERTEX
8
CUT
10
242.6196
20
185.6639
0
VERTEX
8
CUT
10
242.4203
20
185.7183
0
VERTEX
8
CUT
10
242.2860
20
185.7589
0
VERTEX
8
CUT
10
242.0900
20
185.8242
0
VERTEX
8
CUT
10
238.0857
20
187.2810
0
VERTEX
8
CUT
10
237.9472
20
187.3346
0
VERTEX
8
CUT
10
237.8538
20
187.3728
0
VERTEX
8
CUT
10
237.7175
20
187.4318
0
VERTEX
8
CUT
10
233.6693
20
189.2793
0
VERTEX
8
CUT
10
233.5317
20
189.3456
0
VERTEX
8
CUT
10
233.4390
20
189.3925
0
VERTEX
8
CUT
10
233.3042
20
189.4643
0
VERTEX
8
CUT
10
229.3791
20
191.6581
0
VERTEX
8
CUT
10
229.2599
20
191.7277
0
VERTEX
8
CUT
10
229.1797
20
191.7764
0
VERTEX
8
CUT
10
229.0631
20
191.8503
0
VERTEX
8
CUT
10
225.2255
20
194.3827
0
VERTEX
8
CUT
10
225.1109
20
194.4615
0
VERTEX
8
CUT
10
225.0340
20
194.5164
0
VERTEX
8
CUT
10
224.9224
20
194.5993
0
VERTEX
8
CUT
10
221.2352
20
197.4460
0
VERTEX
8
CUT
10
221.1305
20
197.5299
0
VERTEX
8
CUT
10
221.0604
20
197.5881
0
VERTEX
8
CUT
10
220.9588
20
197.6757
0
VERTEX
8
CUT
10
217.3939
20
200.8597
0
VERTEX
8
CUT
10
217.2651
20
200.9803
0
VERTEX
8
CUT
10
217.1795
20
201.0642
0
VERTEX
8
CUT
10
217.0565
20
201.1908
0
VERTEX
8
CUT
10
211.3513
20
207.3437
0
VERTEX
8
CUT
10
211.2681
20
207.4365
0
VERTEX
8
CUT
10
211.2126
20
207.5004
0
VERTEX
8
CUT
10
211.1326
20
207.5959
0
VERTEX
8
CUT
10
200.1179
20
221.1834
0
VERTEX
8
CUT
10
200.0995
20
221.2057
0
VERTEX
8
CUT
10
200.0811
20
221.2280
0
VERTEX
8
CUT
10
200.0578
20
221.2556
0
VERTEX
8
CUT
10
195.6671
20
226.3928
0
VERTEX
8
CUT
10
195.6500
20
226.4126
0
VERTEX
8
CUT
10
195.6470
20
226.4161
0
VERTEX
8
CUT
10
195.5731
20
226.4971
0
VERTEX
8
CUT
10
192.1129
20
230.1269
0
VERTEX
8
CUT
10
192.0871
20
230.1536
0
VERTEX
8
CUT
10
192.0824
20
230.1583
0
VERTEX
8
CUT
10
191.9698
20
230.2661
0
VERTEX
8
CUT
10
188.6935
20
233.2105
0
VERTEX
8
CUT
10
188.5155
20
233.3562
0
VERTEX
8
CUT
10
186.0590
20
235.1853
0
VERTEX
8
CUT
10
185.6462
20
235.5109
0
VERTEX
8
CUT
10
185.4167
20
235.6719
0
VERTEX
8
CUT
10
185.3494
20
235.7137
0
VERTEX
8
CUT
10
183.6270
20
236.9961
0
VERTEX
8
CUT
10
183.3501
20
237.1752
0
VERTEX
8
CUT
10
178.4770
20
239.8885
0
VERTEX
8
CUT
10
178.2456
20
240.0022
0
VERTEX
8
CUT
10
176.8366
20
240.6061
0
VERTEX
8
CUT
10
176.6689
20
240.6829
0
VERTEX
8
CUT
10
176.6393
20
240.6973
0
VERTEX
8
CUT
10
176.3423
20
240.8608
0
VERTEX
8
CUT
10
176.0873
20
241.0359
0
VERTEX
8
CUT
10
175.8508
20
241.2351
0
VERTEX
8
CUT
10
175.6350
20
241.4566
0
VERTEX
8
CUT
10
175.4420
20
241.6983
0
VERTEX
8
CUT
10
175.2736
20
241.9577
0
VERTEX
8
CUT
10
175.1316
20
242.2325
0
VERTEX
8
CUT
10
175.0172
20
242.5198
0
VERTEX
8
CUT
10
174.9316
20
242.8170
0
VERTEX
8
CUT
10
174.8756
20
243.1212
0
VERTEX
8
CUT
10
174.8498
20
243.4294
0
VERTEX
8
CUT
10
174.8543
20
243.7386
0
VERTEX
8
CUT
10
174.8892
20
244.0459
0
VERTEX
8
CUT
10
174.9542
20
244.3483
0
VERTEX
8
CUT
10
175.0485
20
244.6428
0
VERTEX
8
CUT
10
175.1713
20
244.9267
0
VERTEX
8
CUT
10
175.3213
20
245.1971
0
VERTEX
8
CUT
10
175.3984
20
245.3085
0
VERTEX
8
CUT
10
175.5261
20
245.5136
0
VERTEX
8
CUT
10
175.6333
20
245.7301
0
VERTEX
8
CUT
10
175.7192
20
245.9559
0
VERTEX
8
CUT
10
175.7829
20
246.1890
0
VERTEX
8
CUT
10
175.8237
20
246.4271
0
VERTEX
8
CUT
10
175.8414
20
246.6681
0
VERTEX
8
CUT
10
175.8358
20
246.9096
0
VERTEX
8
CUT
10
175.8069
20
247.1495
0
VERTEX
8
CUT
10
175.7549
20
247.3854
0
VERTEX
8
CUT
10
175.6804
20
247.6152
0
VERTEX
8
CUT
10
175.5841
20
247.8368
0
VERTEX
8
CUT
10
175.4669
20
248.0480
0
VERTEX
8
CUT
10
175.3298
20
248.2470
0
VERTEX
8
CUT
10
175.1741
20
248.4317
0
VERTEX
8
CUT
10
175.0013
20
248.6006
0
VERTEX
8
CUT
10
174.8131
20
248.7520
0
VERTEX
8
CUT
10
174.6111
20
248.8846
0
VERTEX
8
CUT
10
174.3972
20
248.9970
0
VERTEX
8
CUT
10
174.1735
20
249.0883
0
VERTEX
8
CUT
10
173.9420
20
249.1575
0
VERTEX
8
CUT
10
173.7050
20
249.2041
0
VERTEX
8
CUT
10
173.4645
20
249.2275
0
VERTEX
8
CUT
10
173.2229
20
249.2277
0
VERTEX
8
CUT
10
172.9824
20
249.2045
0
VERTEX
8
CUT
10
172.7453
20
249.1582
0
VERTEX
8
CUT
10
172.5137
20
249.0893
0
VERTEX
8
CUT
10
172.4245
20
249.0579
0
VERTEX
8
CUT
10
172.1824
20
248.9584
0
VERTEX
8
CUT
10
167.9132
20
246.9352
0
VERTEX
8
CUT
10
167.7082
20
246.8262
0
VERTEX
8
CUT
10
162.7560
20
243.8882
0
VERTEX
8
CUT
10
162.7256
20
243.8699
0
VERTEX
8
CUT
10
162.7202
20
243.8666
0
VERTEX
8
CUT
10
162.5949
20
243.7846
0
VERTEX
8
CUT
10
146.1773
20
232.3219
0
VERTEX
8
CUT
10
146.0325
20
232.2257
0
VERTEX
8
CUT
10
145.9325
20
232.1626
0
VERTEX
8
CUT
10
145.7833
20
232.0732
0
VERTEX
8
CUT
10
139.9893
20
228.7807
0
VERTEX
8
CUT
10
139.8662
20
228.7138
0
VERTEX
8
CUT
10
139.8439
20
228.7022
0
VERTEX
8
CUT
10
139.5906
20
228.5823
0
VERTEX
8
CUT
10
139.5676
20
228.5724
0
VERTEX
8
CUT
10
139.4378
20
228.5197
0
VERTEX
8
CUT
10
134.4411
20
226.5974
0
VERTEX
8
CUT
10
134.1949
20
226.5123
0
VERTEX
8
CUT
10
134.0259
20
226.4604
0
VERTEX
8
CUT
10
133.7743
20
226.3927
0
VERTEX
8
CUT
10
131.5092
20
225.8665
0
VERTEX
8
CUT
10
131.3502
20
225.8331
0
VERTEX
8
CUT
10
131.2417
20
225.8128
0
VERTEX
8
CUT
10
131.0814
20
225.7864
0
VERTEX
8
CUT
10
128.6249
20
225.4362
0
VERTEX
8
CUT
10
128.4239
20
225.4131
0
VERTEX
8
CUT
10
128.2871
20
225.4010
0
VERTEX
8
CUT
10
128.0852
20
225.3888
0
VERTEX
8
CUT
10
124.4544
20
225.2664
0
VERTEX
8
CUT
10
124.1824
20
225.2671
0
VERTEX
8
CUT
10
123.9979
20
225.2742
0
VERTEX
8
CUT
10
123.7267
20
225.2946
0
VERTEX
8
CUT
10
120.1485
20
225.6950
0
VERTEX
8
CUT
10
119.9129
20
225.7290
0
VERTEX
8
CUT
10
119.7537
20
225.7571
0
VERTEX
8
CUT
10
119.5207
20
225.8060
0
VERTEX
8
CUT
10
115.9398
20
226.6763
0
VERTEX
8
CUT
10
115.7057
20
226.7413
0
VERTEX
8
CUT
10
115.5482
20
226.7906
0
VERTEX
8
CUT
10
115.3188
20
226.8707
0
VERTEX
8
CUT
10
111.7305
20
228.2545
0
VERTEX
8
CUT
10
111.5135
20
228.3461
0
VERTEX
8
CUT
10
111.3683
20
228.4129
0
VERTEX
8
CUT
10
111.1575
20
228.5179
0
VERTEX
8
CUT
10
107.7473
20
230.3532
0
VERTEX
8
CUT
10
107.5496
20
230.4675
0
VERTEX
8
CUT
10
107.4178
20
230.5491
0
VERTEX
8
CUT
10
107.2274
20
230.6752
0
VERTEX
8
CUT
10
103.9876
20
232.9664
0
VERTEX
8
CUT
10
103.8209
20
233.0914
0
VERTEX
8
CUT
10
103.7101
20
233.1793
0
VERTEX
8
CUT
10
103.5507
20
233.3133
0
VERTEX
8
CUT
10
100.5662
20
235.9662
0
VERTEX
8
CUT
10
100.4636
20
236.0608
0
VERTEX
8
CUT
10
100.4456
20
236.0781
0
VERTEX
8
CUT
10
100.2515
20
236.2784
0
VERTEX
8
CUT
10
100.2348
20
236.2970
0
VERTEX
8
CUT
10
100.1434
20
236.4024
0
VERTEX
8
CUT
10
96.2801
20
241.0325
0
VERTEX
8
CUT
10
96.1135
20
241.2476
0
VERTEX
8
CUT
10
96.0059
20
241.3975
0
VERTEX
8
CUT
10
95.8553
20
241.6241
0
VERTEX
8
CUT
10
93.1649
20
246.0100
0
VERTEX
8
CUT
10
93.0526
20
246.2063
0
VERTEX
8
CUT
10
92.9803
20
246.3417
0
VERTEX
8
CUT
10
92.8800
20
246.5444
0
VERTEX
8
CUT
10
91.2968
20
250.0000
0
VERTEX
8
CUT
10
91.2478
20
250.1119
0
VERTEX
8
CUT
10
91.2157
20
250.1884
0
VERTEX
8
CUT
10
91.1703
20
250.3018
0
VERTEX
8
CUT
10
88.0301
20
258.5333
0
VERTEX
8
CUT
10
87.9209
20
258.7788
0
VERTEX
8
CUT
10
86.0246
20
262.4939
0
VERTEX
8
CUT
10
85.9016
20
262.7080
0
VERTEX
8
CUT
10
85.7581
20
262.9089
0
VERTEX
8
CUT
10
83.6299
20
265.5975
0
VERTEX
8
CUT
10
83.4899
20
265.7596
0
VERTEX
8
CUT
10
83.3365
20
265.9092
0
VERTEX
8
CUT
10
81.5238
20
267.5307
0
VERTEX
8
CUT
10
81.3400
20
267.6800
0
VERTEX
8
CUT
10
81.1430
20
267.8113
0
VERTEX
8
CUT
10
79.7282
20
268.6600
0
VERTEX
8
CUT
10
79.5218
20
268.7710
0
VERTEX
8
CUT
10
77.1535
20
269.9049
0
VERTEX
8
CUT
10
76.9481
20
269.9922
0
VERTEX
8
CUT
10
76.7357
20
270.0608
0
VERTEX
8
CUT
10
76.5181
20
270.1102
0
VERTEX
8
CUT
10
76.2969
20
270.1400
0
VERTEX
8
CUT
10
76.0739
20
270.1500
0
VERTEX
8
CUT
10
74.9538
20
270.1500
0
VERTEX
8
CUT
10
69.9049
20
270.1500
0
VERTEX
8
CUT
10
69.1856
20
270.1500
0
VERTEX
8
CUT
10
68.9645
20
270.1402
0
VERTEX
8
CUT
10
68.7451
20
270.1109
0
VERTEX
8
CUT
10
68.5292
20
270.0623
0
VERTEX
8
CUT
10
68.3184
20
269.9948
0
VERTEX
8
CUT
10
66.8551
20
269.4536
0
VERTEX
8
CUT
10
66.5206
20
269.3010
0
VERTEX
8
CUT
10
65.0503
20
268.4950
0
VERTEX
8
CUT
10
64.7903
20
268.3309
0
VERTEX
8
CUT
10
63.5080
20
267.4067
0
VERTEX
8
CUT
10
63.3613
20
267.2925
0
VERTEX
8
CUT
10
63.2235
20
267.1676
0
VERTEX
8
CUT
10
62.2154
20
266.1836
0
VERTEX
8
CUT
10
61.9880
20
265.9291
0
VERTEX
8
CUT
10
61.1256
20
264.8201
0
VERTEX
8
CUT
10
61.0039
20
264.6491
0
VERTEX
8
CUT
10
60.8969
20
264.4686
0
VERTEX
8
CUT
10
60.2667
20
263.2955
0
VERTEX
8
CUT
10
60.1831
20
263.1245
0
VERTEX
8
CUT
10
60.1127
20
262.9477
0
VERTEX
8
CUT
10
59.6313
20
261.5898
0
VERTEX
8
CUT
10
59.5366
20
261.2470
0
VERTEX
8
CUT
10
59.2396
20
259.7694
0
VERTEX
8
CUT
10
59.1950
20
259.4237
0
VERTEX
8
CUT
10
59.1079
20
257.9436
0
VERTEX
8
CUT
10
59.1046
20
257.7268
0
VERTEX
8
CUT
10
59.1200
20
257.5105
0
VERTEX
8
CUT
10
59.1909
20
256.8958
0
VERTEX
8
CUT
10
59.1882
20
256.8022
0
VERTEX
8
CUT
10
59.1903
20
256.6051
0
VERTEX
8
CUT
10
59.2080
20
256.4088
0
VERTEX
8
CUT
10
59.3893
20
255.0113
0
VERTEX
8
CUT
10
59.4327
20
254.7974
0
VERTEX
8
CUT
10
59.4961
20
254.2477
0
VERTEX
8
CUT
10
59.5396
20
253.9898
0
VERTEX
8
CUT
10
59.6098
20
253.7379
0
VERTEX
8
CUT
10
60.2437
20
251.8506
0
VERTEX
8
CUT
10
60.3123
20
251.6042
0
VERTEX
8
CUT
10
60.3903
20
251.3700
0
VERTEX
8
CUT
10
60.4502
20
251.2359
0
VERTEX
8
CUT
10
60.6819
20
250.5459
0
VERTEX
8
CUT
10
60.7719
20
250.3162
0
VERTEX
8
CUT
10
60.8841
20
250.0964
0
VERTEX
8
CUT
10
62.7672
20
246.8190
0
VERTEX
8
CUT
10
62.8691
20
246.6564
0
VERTEX
8
CUT
10
62.9832
20
246.5021
0
VERTEX
8
CUT
10
65.6768
20
243.1373
0
VERTEX
8
CUT
10
65.8900
20
242.9031
0
VERTEX
8
CUT
10
69.3643
20
239.5412
0
VERTEX
8
CUT
10
69.5667
20
239.3653
0
VERTEX
8
CUT
10
73.8491
20
236.0303
0
VERTEX
8
CUT
10
74.0313
20
235.9010
0
VERTEX
8
CUT
10
79.0904
20
232.6419
0
VERTEX
8
CUT
10
79.1205
20
232.6229
0
VERTEX
8
CUT
10
79.1260
20
232.6195
0
VERTEX
8
CUT
10
79.2555
20
232.5439
0
VERTEX
8
CUT
10
85.0925
20
229.3699
0
VERTEX
8
CUT
10
85.1186
20
229.3559
0
VERTEX
8
CUT
10
85.1232
20
229.3535
0
VERTEX
8
CUT
10
85.2345
20
229.2981
0
VERTEX
8
CUT
10
91.1765
20
226.5267
0
VERTEX
8
CUT
10
91.1995
20
226.5161
0
VERTEX
8
CUT
10
91.2035
20
226.5142
0
VERTEX
8
CUT
10
91.3014
20
226.4723
0
VERTEX
8
CUT
10
95.5524
20
224.7561
0
VERTEX
8
CUT
10
96.0239
20
224.5405
0
VERTEX
8
CUT
10
96.0869
20
224.5127
0
VERTEX
8
CUT
10
96.1010
20
224.5068
0
VERTEX
8
CUT
10
96.1479
20
224.4874
0
VERTEX
8
CUT
10
105.1875
20
220.8661
0
VERTEX
8
CUT
10
113.1705
20
217.6433
0
VERTEX
8
CUT
10
113.2347
20
217.6166
0
VERTEX
8
CUT
10
113.2782
20
217.5981
0
VERTEX
8
CUT
10
113.3419
20
217.5703
0
VERTEX
8
CUT
10
119.2660
20
214.9192
0
VERTEX
8
CUT
10
119.3848
20
214.8635
0
VERTEX
8
CUT
10
119.4648
20
214.8243
0
VERTEX
8
CUT
10
119.5816
20
214.7645
0
VERTEX
8
CUT
10
122.1044
20
213.4164
0
VERTEX
8
CUT
10
122.2639
20
213.3260
0
VERTEX
8
CUT
10
122.2920
20
213.3092
0
VERTEX
8
CUT
10
122.5722
20
213.1222
0
VERTEX
8
CUT
10
122.8100
20
212.9274
0
VERTEX
8
CUT
10
123.0276
20
212.7103
0
VERTEX
8
CUT
10
123.2230
20
212.4731
0
VERTEX
8
CUT
10
123.3943
20
212.2179
0
VERTEX
8
CUT
10
123.5399
20
211.9472
0
VERTEX
8
CUT
10
123.6583
20
211.6635
0
VERTEX
8
CUT
10
123.7485
20
211.3697
0
VERTEX
8
CUT
10
123.8096
20
211.0684
0
VERTEX
8
CUT
10
123.8410
20
210.7627
0
VERTEX
8
CUT
10
123.8423
20
210.4553
0
VERTEX
8
CUT
10
123.8137
20
210.1493
0
VERTEX
8
CUT
10
123.7553
20
209.8475
0
VERTEX
8
CUT
10
123.6678
20
209.5529
0
VERTEX
8
CUT
10
123.5519
20
209.2682
0
VERTEX
8
CUT
10
123.4087
20
208.9962
0
VERTEX
8
CUT
10
123.2397
20
208.7395
0
VERTEX
8
CUT
10
123.0465
20
208.5005
0
VERTEX
8
CUT
10
122.8308
20
208.2815
0
VERTEX
8
CUT
10
122.5948
20
208.0846
0
VERTEX
8
CUT
10
122.3407
20
207.9116
0
VERTEX
8
CUT
10
122.0709
20
207.7644
0
VERTEX
8
CUT
10
121.7608
20
207.6326
0
VERTEX
8
CUT
10
121.7301
20
207.6212
0
VERTEX
8
CUT
10
121.5566
20
207.5621
0
VERTEX
8
CUT
10
120.5455
20
207.2447
0
VERTEX
8
CUT
10
120.3677
20
207.1814
0
VERTEX
8
CUT
10
120.1952
20
207.1049
0
VERTEX
8
CUT
10
112.1489
20
203.1665
0
VERTEX
8
CUT
10
112.0778
20
203.1303
0
VERTEX
8
CUT
10
99.4299
20
196.4316
0
VERTEX
8
CUT
10
99.3128
20
196.3722
0
VERTEX
8
CUT
10
99.2324
20
196.3332
0
VERTEX
8
CUT
10
99.1132
20
196.2779
0
VERTEX
8
CUT
10
92.4712
20
193.3355
0
VERTEX
8
CUT
10
92.3454
20
193.2825
0
VERTEX
8
CUT
10
92.2593
20
193.2481
0
VERTEX
8
CUT
10
92.1317
20
193.1997
0
VERTEX
8
CUT
10
87.7745
20
191.6377
0
VERTEX
8
CUT
10
87.6775
20
191.6044
0
VERTEX
8
CUT
10
87.6113
20
191.5827
0
VERTEX
8
CUT
10
87.5134
20
191.5520
0
VERTEX
8
CUT
10
83.0900
20
190.2343
0
VERTEX
8
CUT
10
82.9369
20
190.1922
0
VERTEX
8
CUT
10
82.8324
20
190.1658
0
VERTEX
8
CUT
10
82.6777
20
190.1303
0
VERTEX
8
CUT
10
78.5870
20
189.2802
0
VERTEX
8
CUT
10
78.4345
20
189.2518
0
VERTEX
8
CUT
10
78.3306
20
189.2347
0
VERTEX
8
CUT
10
78.1771
20
189.2126
0
VERTEX
8
CUT
10
74.3022
20
188.7369
0
VERTEX
8
CUT
10
74.1158
20
188.7187
0
VERTEX
8
CUT
10
73.9889
20
188.7095
0
VERTEX
8
CUT
10
73.8017
20
188.7007
0
VERTEX
8
CUT
10
70.2648
20
188.6220
0
VERTEX
8
CUT
10
70.0518
20
188.6233
0
VERTEX
8
CUT
10
69.9073
20
188.6283
0
VERTEX
8
CUT
10
69.6947
20
188.6417
0
VERTEX
8
CUT
10
66.4603
20
188.9381
0
VERTEX
8
CUT
10
66.2183
20
188.9682
0
VERTEX
8
CUT
10
66.0549
20
188.9940
0
VERTEX
8
CUT
10
65.8154
20
189.0398
0
VERTEX
8
CUT
10
62.8638
20
189.7043
0
VERTEX
8
CUT
10
62.6125
20
189.7701
0
VERTEX
8
CUT
10
62.4436
20
189.8206
0
VERTEX
8
CUT
10
62.1974
20
189.9037
0
VERTEX
8
CUT
10
59.6077
20
190.8786
0
VERTEX
8
CUT
10
59.4730
20
190.9323
0
VERTEX
8
CUT
10
59.4490
20
190.9424
0
VERTEX
8
CUT
10
59.1863
20
191.0653
0
VERTEX
8
CUT
10
59.1632
20
191.0772
0
VERTEX
8
CUT
10
59.0355
20
191.1462
0
VERTEX
8
CUT
10
56.7055
20
192.4642
0
VERTEX
8
CUT
10
56.5510
20
192.5566
0
VERTEX
8
CUT
10
56.5237
20
192.5738
0
VERTEX
8
CUT
10
56.2289
20
192.7802
0
VERTEX
8
CUT
10
56.2034
20
192.8000
0
VERTEX
8
CUT
10
56.0638
20
192.9136
0
VERTEX
8
CUT
10
50.8014
20
197.4083
0
VERTEX
8
CUT
10
50.5528
20
197.5952
0
VERTEX
8
CUT
10
47.7972
20
199.4102
0
VERTEX
8
CUT
10
47.5339
20
199.5616
0
VERTEX
8
CUT
10
47.2541
20
199.6799
0
VERTEX
8
CUT
10
44.9442
20
200.4951
0
VERTEX
8
CUT
10
44.7050
20
200.5663
0
VERTEX
8
CUT
10
44.4599
20
200.6133
0
VERTEX
8
CUT
10
44.2114
20
200.6356
0
VERTEX
8
CUT
10
42.0937
20
200.7197
0
VERTEX
8
CUT
10
41.7997
20
200.7141
0
VERTEX
8
CUT
10
41.5084
20
200.6740
0
VERTEX
8
CUT
10
40.6459
20
200.5030
0
VERTEX
8
CUT
10
40.3818
20
200.4355
0
VERTEX
8
CUT
10
40.1266
20
200.3396
0
VERTEX
8
CUT
10
38.3282
20
199.5497
0
VERTEX
8
CUT
10
38.0631
20
199.4138
0
VERTEX
8
CUT
10
37.8160
20
199.2474
0
VERTEX
8
CUT
10
36.4166
20
198.1785
0
VERTEX
8
CUT
10
36.2464
20
198.0360
0
VERTEX
8
CUT
10
36.0895
20
197.8791
0
VERTEX
8
CUT
10
35.9472
20
197.7089
0
VERTEX
8
CUT
10
34.8805
20
196.3117
0
VERTEX
8
CUT
10
34.7156
20
196.0670
0
VERTEX
8
CUT
10
34.5806
20
195.8045
0
VERTEX
8
CUT
10
33.8573
20
194.1667
0
VERTEX
8
CUT
10
33.7560
20
193.8956
0
VERTEX
8
CUT
10
33.6866
20
193.6146
0
VERTEX
8
CUT
10
33.3331
20
191.7170
0
VERTEX
8
CUT
10
33.2990
20
191.4613
0
VERTEX
8
CUT
10
33.2915
20
191.2035
0
VERTEX
8
CUT
10
33.3366
20
189.1787
0
SEQEND
0
POLYLINE
8
CUT
66
1
70
1
10
0.0
20
0.0
30
0.0
0
VERTEX
8
CUT
10
260.1436
20
66.7108
0
VERTEX
8
CUT
10
260.4327
20
65.5724
0
VERTEX
8
CUT
10
260.5004
20
65.3499
0
VERTEX
8
CUT
10
260.5885
20
65.1346
0
VERTEX
8
CUT
10
260.6962
20
64.9284
0
VERTEX
8
CUT
10
260.9393
20
64.5115
0
VERTEX
8
CUT
10
261.0903
20
64.2824
0
VERTEX
8
CUT
10
261.2655
20
64.0713
0
VERTEX
8
CUT
10
261.5580
20
63.7558
0
VERTEX
8
CUT
10
261.7136
20
63.6020
0
VERTEX
8
CUT
10
261.8820
20
63.4624
0
VERTEX
8
CUT
10
262.0620
20
63.3381
0
VERTEX
8
CUT
10
262.5080
20
63.0581
0
VERTEX
8
CUT
10
262.7088
20
62.9446
0
VERTEX
8
CUT
10
262.9193
20
62.8500
0
VERTEX
8
CUT
10
263.1376
20
62.7753
0
VERTEX
8
CUT
10
263.3619
20
62.7210
0
VERTEX
8
CUT
10
263.5902
20
62.6876
0
VERTEX
8
CUT
10
264.4126
20
62.6059
0
VERTEX
8
CUT
10
264.6273
20
62.5939
0
VERTEX
8
CUT
10
264.8424
20
62.6004
0
VERTEX
8
CUT
10
264.9108
20
62.6084
0
VERTEX
8
CUT
10
265.2928
20
62.5900
0
VERTEX
8
CUT
10
265.5103
20
62.5890
0
VERTEX
8
CUT
10
265.7270
20
62.6070
0
VERTEX
8
CUT
10
265.9414
20
62.6437
0
VERTEX
8
CUT
10
266.0927
20
62.6764
0
VERTEX
8
CUT
10
266.3143
20
62.7351
0
VERTEX
8
CUT
10
266.5295
20
62.8138
0
VERTEX
8
CUT
10
266.7367
20
62.9119
0
VERTEX
8
CUT
10
266.9316
20
63.0154
0
VERTEX
8
CUT
10
267.0582
20
63.0929
0
VERTEX
8
CUT
10
267.0899
20
63.1089
0
VERTEX
8
CUT
10
267.2775
20
63.2259
0
VERTEX
8
CUT
10
267.7098
20
63.5227
0
VERTEX
8
CUT
10
267.9400
20
63.7014
0
VERTEX
8
CUT
10
268.1479
20
63.9056
0
VERTEX
8
CUT
10
268.5582
20
64.3587
0
VERTEX
8
CUT
10
268.7304
20
64.5712
0
VERTEX
8
CUT
10
268.8784
20
64.8012
0
VERTEX
8
CUT
10
269.1329
20
65.2490
0
VERTEX
8
CUT
10
269.2374
20
65.4541
0
VERTEX
8
CUT
10
269.3225
20
65.6679
0
VERTEX
8
CUT
10
269.3875
20
65.8887
0
VERTEX
8
CUT
10
269.5123
20
66.3970
0
VERTEX
8
CUT
10
269.5666
20
66.6958
0
VERTEX
8
CUT
10
269.5843
20
66.9990
0
VERTEX
8
CUT
10
269.5831
20
67.4896
0
VERTEX
8
CUT
10
269.5648
20
67.7850
0
VERTEX
8
CUT
10
269.5118
20
68.0761
0
VERTEX
8
CUT
10
269.3856
20
68.5934
0
VERTEX
8
CUT
10
269.3274
20
68.7949
0
VERTEX
8
CUT
10
269.2525
20
68.9908
0
VERTEX
8
CUT
10
269.1614
20
69.1797
0
VERTEX
8
CUT
10
268.8776
20
69.7103
0
VERTEX
8
CUT
10
268.7238
20
69.9613
0
VERTEX
8
CUT
10
268.5414
20
70.1924
0
VERTEX
8
CUT
10
268.1031
20
70.6854
0
VERTEX
8
CUT
10
267.9053
20
70.8842
0
VERTEX
8
CUT
10
267.6865
20
71.0596
0
VERTEX
8
CUT
10
267.1947
20
71.4104
0
VERTEX
8
CUT
10
267.0031
20
71.5343
0
VERTEX
8
CUT
10
266.8010
20
71.6402
0
VERTEX
8
CUT
10
266.3859
20
71.8341
0
VERTEX
8
CUT
10
266.1087
20
71.9440
0
VERTEX
8
CUT
10
265.8204
20
72.0201
0
VERTEX
8
CUT
10
265.5649
20
72.0714
0
VERTEX
8
CUT
10
265.3063
20
72.1095
0
VERTEX
8
CUT
10
265.0451
20
72.1203
0
VERTEX
8
CUT
10
264.7843
20
72.1038
0
VERTEX
8
CUT
10
263.8264
20
71.9928
0
VERTEX
8
CUT
10
263.5703
20
71.9495
0
VERTEX
8
CUT
10
263.3202
20
71.8799
0
VERTEX
8
CUT
10
263.0786
20
71.7848
0
VERTEX
8
CUT
10
262.8481
20
71.6651
0
VERTEX
8
CUT
10
261.8923
20
71.1037
0
VERTEX
8
CUT
10
261.6903
20
70.9716
0
VERTEX
8
CUT
10
261.5021
20
70.8206
0
VERTEX
8
CUT
10
261.3292
20
70.6522
0
VERTEX
8
CUT
10
261.0704
20
70.3744
0
VERTEX
8
CUT
10
260.9359
20
70.2175
0
VERTEX
8
CUT
10
260.8149
20
70.0501
0
VERTEX
8
CUT
10
260.7081
20
69.8732
0
VERTEX
8
CUT
10
260.5657
20
69.6140
0
VERTEX
8
CUT
10
260.4475
20
69.3675
0
VERTEX
8
CUT
10
260.3568
20
69.1096
0
VERTEX
8
CUT
10
260.2949
20
68.8433
0
VERTEX
8
CUT
10
260.1044
20
67.7585
0
VERTEX
8
CUT
10
260.0726
20
67.4964
0
VERTEX
8
CUT
10
260.0685
20
67.2325
0
VERTEX
8
CUT
10
260.0923
20
66.9697
0
SEQEND
0
POLYLINE
8
CUT
66
1
70
1
10
0.0
20
0.0
30
0.0
0
VERTEX
8
CUT
10
257.9928
20
257.2266
0
VERTEX
8
CUT
10
258.0617
20
257.0026
0
VERTEX
8
CUT
10
258.1512
20
256.7861
0
VERTEX
8
CUT
10
258.3626
20
256.3356
0
VERTEX
8
CUT
10
258.4826
20
256.1107
0
VERTEX
8
CUT
10
258.6247
20
255.8992
0
VERTEX
8
CUT
10
258.7877
20
255.7033
0
VERTEX
8
CUT
10
259.8335
20
254.5690
0
VERTEX
8
CUT
10
260.0271
20
254.3806
0
VERTEX
8
CUT
10
260.2399
20
254.2142
0
VERTEX
8
CUT
10
260.4695
20
254.0716
0
VERTEX
8
CUT
10
261.3414
20
253.5935
0
VERTEX
8
CUT
10
261.5428
20
253.4945
0
VERTEX
8
CUT
10
261.7524
20
253.4140
0
VERTEX
8
CUT
10
261.9683
20
253.3526
0
VERTEX
8
CUT
10
262.1426
20
253.3114
0
VERTEX
8
CUT
10
262.3462
20
253.2721
0
VERTEX
8
CUT
10
262.5524
20
253.2498
0
VERTEX
8
CUT
10
262.7598
20
253.2447
0
VERTEX
8
CUT
10
263.5957
20
253.2588
0
VERTEX
8
CUT
10
263.8561
20
253.2768
0
VERTEX
8
CUT
10
264.1133
20
253.3219
0
VERTEX
8
CUT
10
264.3644
20
253.3936
0
VERTEX
8
CUT
10
265.2860
20
253.7095
0
VERTEX
8
CUT
10
265.4968
20
253.7927
0
VERTEX
8
CUT
10
265.6992
20
253.8946
0
VERTEX
8
CUT
10
265.8916
20
254.0144
0
VERTEX
8
CUT
10
266.0724
20
254.1511
0
VERTEX
8
CUT
10
266.8828
20
254.8242
0
VERTEX
8
CUT
10
267.0729
20
254.9994
0
VERTEX
8
CUT
10
267.2439
20
255.1933
0
VERTEX
8
CUT
10
267.3939
20
255.4038
0
VERTEX
8
CUT
10
267.5214
20
255.6287
0
VERTEX
8
CUT
10
267.9903
20
256.5659
0
VERTEX
8
CUT
10
268.0810
20
256.7692
0
VERTEX
8
CUT
10
268.1532
20
256.9798
0
VERTEX
8
CUT
10
268.2064
20
257.1959
0
VERTEX
8
CUT
10
268.2401
20
257.4160
0
VERTEX
8
CUT
10
268.3602
20
258.5275
0
VERTEX
8
CUT
10
268.3744
20
258.7614
0
VERTEX
8
CUT
10
268.3667
20
258.9956
0
VERTEX
8
CUT
10
268.3370
20
259.2281
0
VERTEX
8
CUT
10
268.2858
20
259.4568
0
VERTEX
8
CUT
10
267.9962
20
260.5132
0
VERTEX
8
CUT
10
267.9182
20
260.7507
0
VERTEX
8
CUT
10
267.8168
20
260.9793
0
VERTEX
8
CUT
10
267.6930
20
261.1966
0
VERTEX
8
CUT
10
267.5482
20
261.4004
0
VERTEX
8
CUT
10
266.9121
20
262.2071
0
VERTEX
8
CUT
10
266.7232
20
262.4204
0
VERTEX
8
CUT
10
266.5113
20
262.6109
0
VERTEX
8
CUT
10
266.2790
20
262.7759
0
VERTEX
8
CUT
10
265.4133
20
263.3198
0
VERTEX
8
CUT
10
265.1990
20
263.4402
0
VERTEX
8
CUT
10
264.9739
20
263.5390
0
VERTEX
8
CUT
10
264.7402
20
263.6151
0
VERTEX
8
CUT
10
264.5002
20
263.6680
0
VERTEX
8
CUT
10
263.3768
20
263.8579
0
VERTEX
8
CUT
10
263.1391
20
263.8865
0
VERTEX
8
CUT
10
262.8998
20
263.8922
0
VERTEX
8
CUT
10
262.6611
20
263.8750
0
VERTEX
8
CUT
10
262.4251
20
263.8350
0
VERTEX
8
CUT
10
262.1940
20
263.7727
0
VERTEX
8
CUT
10
261.3029
20
263.4859
0
VERTEX
8
CUT
10
261.0319
20
263.3809
0
VERTEX
8
CUT
10
260.7749
20
263.2452
0
VERTEX
8
CUT
10
260.0498
20
262.8066
0
VERTEX
8
CUT
10
259.8184
20
262.6482
0
VERTEX
8
CUT
10
259.6061
20
262.4649
0
VERTEX
8
CUT
10
259.1543
20
262.0281
0
VERTEX
8
CUT
10
259.0020
20
261.8671
0
VERTEX
8
CUT
10
258.8645
20
261.6933
0
VERTEX
8
CUT
10
258.7429
20
261.5080
0
VERTEX
8
CUT
10
258.3803
20
260.8978
0
VERTEX
8
CUT
10
258.2497
20
260.6467
0
VERTEX
8
CUT
10
258.1483
20
260.3825
0
VERTEX
8
CUT
10
257.9683
20
259.8200
0
VERTEX
8
CUT
10
257.9103
20
259.6065
0
VERTEX
8
CUT
10
257.8713
20
259.3887
0
VERTEX
8
CUT
10
257.8518
20
259.1683
0
VERTEX
8
CUT
10
257.8241
20
258.5409
0
VERTEX
8
CUT
10
257.8257
20
258.2889
0
VERTEX
8
CUT
10
257.8527
20
258.0383
0
VERTEX
8
CUT
10
257.9452
20
257.4561
0
SEQEND
0
POLYLINE
8
CUT
66
1
70
1
10
0.0
20
0.0
30
0.0
0
VERTEX
8
CUT
10
258.1067
20
138.5102
0
VERTEX
8
CUT
10
258.2049
20
138.2655
0
VERTEX
8
CUT
10
258.3284
20
138.0325
0
VERTEX
8
CUT
10
258.4756
20
137.8138
0
VERTEX
8
CUT
10
258.7607
20
137.4352
0
VERTEX
8
CUT
10
258.9161
20
137.2484
0
VERTEX
8
CUT
10
259.0890
20
137.0775
0
VERTEX
8
CUT
10
259.2776
20
136.9243
0
VERTEX
8
CUT
10
259.6306
20
136.6649
0
VERTEX
8
CUT
10
259.8116
20
136.5437
0
VERTEX
8
CUT
10
260.0026
20
136.4386
0
VERTEX
8
CUT
10
260.2019
20
136.3506
0
VERTEX
8
CUT
10
260.5413
20
136.2182
0
VERTEX
8
CUT
10
260.8118
20
136.1300
0
VERTEX
8
CUT
10
261.0907
20
136.0731
0
VERTEX
8
CUT
10
261.3742
20
136.0483
0
VERTEX
8
CUT
10
261.7770
20
136.0360
0
VERTEX
8
CUT
10
262.0428
20
136.0421
0
VERTEX
8
CUT
10
262.3065
20
136.0763
0
VERTEX
8
CUT
10
262.5650
20
136.1384
0
VERTEX
8
CUT
10
262.9667
20
136.2577
0
VERTEX
8
CUT
10
263.2355
20
136.3546
0
VERTEX
8
CUT
10
263.4915
20
136.4815
0
VERTEX
8
CUT
10
263.7313
20
136.6368
0
VERTEX
8
CUT
10
263.7886
20
136.6787
0
VERTEX
8
CUT
10
263.9724
20
136.8271
0
VERTEX
8
CUT
10
264.1414
20
136.9922
0
VERTEX
8
CUT
10
264.2941
20
137.1724
0
VERTEX
8
CUT
10
264.4290
20
137.3663
0
VERTEX
8
CUT
10
264.7155
20
137.8223
0
VERTEX
8
CUT
10
264.8285
20
138.0221
0
VERTEX
8
CUT
10
264.9228
20
138.2314
0
VERTEX
8
CUT
10
264.9974
20
138.4484
0
VERTEX
8
CUT
10
265.0519
20
138.6714
0
VERTEX
8
CUT
10
265.1628
20
139.2374
0
VERTEX
8
CUT
10
265.1958
20
139.4568
0
VERTEX
8
CUT
10
265.2091
20
139.6783
0
VERTEX
8
CUT
10
265.2028
20
139.9001
0
VERTEX
8
CUT
10
265.1769
20
140.1205
0
VERTEX
8
CUT
10
265.0877
20
140.6673
0
VERTEX
8
CUT
10
265.0435
20
140.8800
0
VERTEX
8
CUT
10
264.9809
20
141.0880
0
VERTEX
8
CUT
10
264.9006
20
141.2898
0
VERTEX
8
CUT
10
264.8030
20
141.4838
0
VERTEX
8
CUT
10
264.6420
20
141.7722
0
VERTEX
8
CUT
10
264.4902
20
142.0111
0
VERTEX
8
CUT
10
264.3124
20
142.2314
0
VERTEX
8
CUT
10
264.1108
20
142.4301
0
VERTEX
8
CUT
10
263.8461
20
142.6630
0
VERTEX
8
CUT
10
263.6381
20
142.8274
0
VERTEX
8
CUT
10
263.4138
20
142.9688
0
VERTEX
8
CUT
10
263.1758
20
143.0856
0
VERTEX
8
CUT
10
262.9045
20
143.2014
0
VERTEX
8
CUT
10
262.6632
20
143.2900
0
VERTEX
8
CUT
10
262.4141
20
143.3533
0
VERTEX
8
CUT
10
262.1597
20
143.3908
0
VERTEX
8
CUT
10
261.8488
20
143.4203
0
VERTEX
8
CUT
10
261.6032
20
143.4315
0
VERTEX
8
CUT
10
261.3577
20
143.4185
0
VERTEX
8
CUT
10
261.1147
20
143.3815
0
VERTEX
8
CUT
10
260.6845
20
143.2941
0
VERTEX
8
CUT
10
260.4751
20
143.2421
0
VERTEX
8
CUT
10
260.2710
20
143.1722
0
VERTEX
8
CUT
10
260.0736
20
143.0849
0
VERTEX
8
CUT
10
259.8845
20
142.9810
0
VERTEX
8
CUT
10
259.5595
20
142.7836
0
VERTEX
8
CUT
10
259.3285
20
142.6250
0
VERTEX
8
CUT
10
259.1166
20
142.4414
0
VERTEX
8
CUT
10
258.9267
20
142.2353
0
VERTEX
8
CUT
10
258.5759
20
141.8091
0
VERTEX
8
CUT
10
258.4459
20
141.6362
0
VERTEX
8
CUT
10
258.3312
20
141.4528
0
VERTEX
8
CUT
10
258.2328
20
141.2602
0
VERTEX
8
CUT
10
258.1515
20
141.0598
0
VERTEX
8
CUT
10
258.0171
20
140.6828
0
VERTEX
8
CUT
10
257.9527
20
140.4734
0
VERTEX
8
CUT
10
257.9068
20
140.2592
0
VERTEX
8
CUT
10
257.8799
20
140.0419
0
VERTEX
8
CUT
10
257.8721
20
139.8230
0
VERTEX
8
CUT
10
257.8741
20
139.5866
0
VERTEX
8
CUT
10
257.8905
20
139.3201
0
VERTEX
8
CUT
10
257.9353
20
139.0568
0
VERTEX
8
CUT
10
258.0079
20
138.7999
0
SEQEND
0
POLYLINE
8
CUT
66
1
70
1
10
0.0
20
0.0
30
0.0
0
VERTEX
8
CUT
10
241.8508
20
214.4954
0
VERTEX
8
CUT
10
241.8802
20
214.2010
0
VERTEX
8
CUT
10
241.9442
20
213.9121
0
VERTEX
8
CUT
10
242.1556
20
213.1694
0
VERTEX
8
CUT
10
242.2214
20
212.9702
0
VERTEX
8
CUT
10
242.3038
20
212.7772
0
VERTEX
8
CUT
10
242.4020
20
212.5918
0
VERTEX
8
CUT
10
242.8274
20
211.8643
0
VERTEX
8
CUT
10
242.9748
20
211.6407
0
VERTEX
8
CUT
10
243.1452
20
211.4341
0
VERTEX
8
CUT
10
243.6707
20
210.8627
0
VERTEX
8
CUT
10
243.8593
20
210.6781
0
VERTEX
8
CUT
10
244.0664
20
210.5144
0
VERTEX
8
CUT
10
244.7249
20
210.0482
0
VERTEX
8
CUT
10
244.9764
20
209.8916
0
VERTEX
8
CUT
10
245.2448
20
209.7659
0
VERTEX
8
CUT
10
245.9202
20
209.4971
0
VERTEX
8
CUT
10
246.1694
20
209.4127
0
VERTEX
8
CUT
10
246.4261
20
209.3551
0
VERTEX
8
CUT
10
247.1759
20
209.2277
0
VERTEX
8
CUT
10
247.4626
20
209.1959
0
VERTEX
8
CUT
10
247.7510
20
209.1973
0
VERTEX
8
CUT
10
248.4821
20
209.2431
0
VERTEX
8
CUT
10
248.7776
20
209.2794
0
VERTEX
8
CUT
10
249.0666
20
209.3505
0
VERTEX
8
CUT
10
249.7336
20
209.5575
0
VERTEX
8
CUT
10
249.9655
20
209.6422
0
VERTEX
8
CUT
10
250.1880
20
209.7494
0
VERTEX
8
CUT
10
250.3988
20
209.8781
0
VERTEX
8
CUT
10
251.3132
20
210.5001
0
VERTEX
8
CUT
10
251.5349
20
210.6698
0
VERTEX
8
CUT
10
251.7363
20
210.8631
0
VERTEX
8
CUT
10
251.9149
20
211.0777
0
VERTEX
8
CUT
10
252.7454
20
212.1971
0
VERTEX
8
CUT
10
252.8869
20
212.4099
0
VERTEX
8
CUT
10
253.0060
20
212.6359
0
VERTEX
8
CUT
10
253.1014
20
212.8730
0
VERTEX
8
CUT
10
253.3635
20
213.6344
0
VERTEX
8
CUT
10
253.4252
20
213.8425
0
VERTEX
8
CUT
10
253.4686
20
214.0551
0
VERTEX
8
CUT
10
253.4934
20
214.2706
0
VERTEX
8
CUT
10
253.5476
20
215.0319
0
VERTEX
8
CUT
10
253.5535
20
215.2530
0
VERTEX
8
CUT
10
253.5399
20
215.4738
0
VERTEX
8
CUT
10
253.5068
20
215.6924
0
VERTEX
8
CUT
10
253.3574
20
216.4508
0
VERTEX
8
CUT
10
253.2811
20
216.7437
0
VERTEX
8
CUT
10
253.1700
20
217.0252
0
VERTEX
8
CUT
10
252.7994
20
217.8192
0
VERTEX
8
CUT
10
252.7004
20
218.0095
0
VERTEX
8
CUT
10
252.5855
20
218.1906
0
VERTEX
8
CUT
10
252.4555
20
218.3612
0
VERTEX
8
CUT
10
251.9416
20
218.9786
0
VERTEX
8
CUT
10
251.7438
20
219.1901
0
VERTEX
8
CUT
10
251.5228
20
219.3773
0
VERTEX
8
CUT
10
250.7684
20
219.9447
0
VERTEX
8
CUT
10
250.5818
20
220.0722
0
VERTEX
8
CUT
10
250.3845
20
220.1824
0
VERTEX
8
CUT
10
250.1780
20
220.2743
0
VERTEX
8
CUT
10
249.2469
20
220.6392
0
VERTEX
8
CUT
10
249.0411
20
220.7097
0
VERTEX
8
CUT
10
248.8300
20
220.7621
0
VERTEX
8
CUT
10
248.6152
20
220.7958
0
VERTEX
8
CUT
10
247.9188
20
220.8745
0
VERTEX
8
CUT
10
247.6927
20
220.8897
0
VERTEX
8
CUT
10
247.4662
20
220.8844
0
VERTEX
8
CUT
10
247.2411
20
220.8585
0
VERTEX
8
CUT
10
246.5277
20
220.7437
0
VERTEX
8
CUT
10
246.2319
20
220.6775
0
VERTEX
8
CUT
10
245.9463
20
220.5760
0
VERTEX
8
CUT
10
245.2010
20
220.2590
0
VERTEX
8
CUT
10
244.9398
20
220.1294
0
VERTEX
8
CUT
10
244.6954
20
219.9703
0
VERTEX
8
CUT
10
243.9887
20
219.4489
0
VERTEX
8
CUT
10
243.7783
20
219.2752
0
VERTEX
8
CUT
10
243.5882
20
219.0797
0
VERTEX
8
CUT
10
243.0122
20
218.4188
0
VERTEX
8
CUT
10
242.8396
20
218.1967
0
VERTEX
8
CUT
10
242.6931
20
217.9567
0
VERTEX
8
CUT
10
242.3230
20
217.2657
0
VERTEX
8
CUT
10
242.1989
20
216.9970
0
VERTEX
8
CUT
10
242.1075
20
216.7156
0
VERTEX
8
CUT
10
241.9013
20
215.9240
0
VERTEX
8
CUT
10
241.8510
20
215.6832
0
VERTEX
8
CUT
10
241.8247
20
215.4386
0
VERTEX
8
CUT
10
241.8226
20
215.1927
0
SEQEND
0
POLYLINE
8
CUT
66
1
70
1
10
0.0
20
0.0
30
0.0
0
VERTEX
8
CUT
10
240.3570
20
33.2947
0
VERTEX
8
CUT
10
240.6121
20
32.3624
0
VERTEX
8
CUT
10
240.6973
20
32.1062
0
VERTEX
8
CUT
10
240.8097
20
31.8607
0
VERTEX
8
CUT
10
240.9478
20
31.6287
0
VERTEX
8
CUT
10
241.1102
20
31.4130
0
VERTEX
8
CUT
10
241.6756
20
30.7408
0
VERTEX
8
CUT
10
241.8401
20
30.5634
0
VERTEX
8
CUT
10
242.0210
20
30.4027
0
VERTEX
8
CUT
10
242.2166
20
30.2602
0
VERTEX
8
CUT
10
242.4251
20
30.1373
0
VERTEX
8
CUT
10
242.6445
20
30.0352
0
VERTEX
8
CUT
10
242.8727
20
29.9547
0
VERTEX
8
CUT
10
243.1077
20
29.8967
0
VERTEX
8
CUT
10
243.3471
20
29.8617
0
VERTEX
8
CUT
10
243.5888
20
29.8500
0
VERTEX
8
CUT
10
247.2315
20
29.8500
0
VERTEX
8
CUT
10
247.4697
20
29.8614
0
VERTEX
8
CUT
10
247.7057
20
29.8954
0
VERTEX
8
CUT
10
247.9374
20
29.9517
0
VERTEX
8
CUT
10
248.1627
20
30.0299
0
VERTEX
8
CUT
10
248.3795
20
30.1292
0
VERTEX
8
CUT
10
248.5859
20
30.2487
0
VERTEX
8
CUT
10
248.7800
20
30.3873
0
VERTEX
8
CUT
10
248.9599
20
30.5438
0
VERTEX
8
CUT
10
249.1241
20
30.7167
0
VERTEX
8
CUT
10
249.2712
20
30.9044
0
VERTEX
8
CUT
10
249.3996
20
31.1053
0
VERTEX
8
CUT
10
249.6325
20
31.5110
0
VERTEX
8
CUT
10
249.7565
20
31.7577
0
VERTEX
8
CUT
10
249.8526
20
32.0167
0
VERTEX
8
CUT
10
249.9196
20
32.2846
0
VERTEX
8
CUT
10
250.1873
20
33.6805
0
VERTEX
8
CUT
10
250.2243
20
33.9536
0
VERTEX
8
CUT
10
250.2309
20
34.2292
0
VERTEX
8
CUT
10
250.2072
20
34.5038
0
VERTEX
8
CUT
10
250.1405
20
34.9721
0
VERTEX
8
CUT
10
250.0901
20
35.2288
0
VERTEX
8
CUT
10
250.0132
20
35.4789
0
VERTEX
8
CUT
10
249.8099
20
36.0344
0
VERTEX
8
CUT
10
249.7225
20
36.2435
0
VERTEX
8
CUT
10
249.6165
20
36.4437
0
VERTEX
8
CUT
10
249.4928
20
36.6336
0
VERTEX
8
CUT
10
248.9453
20
37.3960
0
VERTEX
8
CUT
10
248.7844
20
37.5973
0
VERTEX
8
CUT
10
248.6036
20
37.7810
0
VERTEX
8
CUT
10
248.4048
20
37.9451
0
VERTEX
8
CUT
10
248.1902
20
38.0878
0
VERTEX
8
CUT
10
247.4440
20
38.5305
0
VERTEX
8
CUT
10
247.2088
20
38.6537
0
VERTEX
8
CUT
10
246.9618
20
38.7512
0
VERTEX
8
CUT
10
246.7058
20
38.8220
0
VERTEX
8
CUT
10
246.4438
20
38.8652
0
VERTEX
8
CUT
10
245.6349
20
38.9548
0
VERTEX
8
CUT
10
245.3884
20
38.9699
0
VERTEX
8
CUT
10
245.1415
20
38.9605
0
VERTEX
8
CUT
10
244.8968
20
38.9268
0
VERTEX
8
CUT
10
243.6076
20
38.6840
0
VERTEX
8
CUT
10
243.3692
20
38.6269
0
VERTEX
8
CUT
10
243.1375
20
38.5466
0
VERTEX
8
CUT
10
242.9148
20
38.4441
0
VERTEX
8
CUT
10
242.7032
20
38.3202
0
VERTEX
8
CUT
10
242.5047
20
38.1762
0
VERTEX
8
CUT
10
241.8678
20
37.6646
0
VERTEX
8
CUT
10
241.6662
20
37.4838
0
VERTEX
8
CUT
10
241.4853
20
37.2823
0
VERTEX
8
CUT
10
241.3273
20
37.0624
0
VERTEX
8
CUT
10
241.1940
20
36.8267
0
VERTEX
8
CUT
10
240.5912
20
35.6118
0
VERTEX
8
CUT
10
240.5035
20
35.4138
0
VERTEX
8
CUT
10
240.4332
20
35.2088
0
VERTEX
8
CUT
10
240.3809
20
34.9986
0
VERTEX
8
CUT
10
240.3469
20
34.7846
0
VERTEX
8
CUT
10
240.2845
20
34.2384
0
VERTEX
8
CUT
10
240.2688
20
34.0010
0
VERTEX
8
CUT
10
240.2757
20
33.7631
0
VERTEX
8
CUT
10
240.3052
20
33.5270
0
SEQEND
0
POLYLINE
8
CUT
66
1
70
1
10
0.0
20
0.0
30
0.0
0
VERTEX
8
CUT
10
246.6692
20
152.2146
0
VERTEX
8
CUT
10
246.7348
20
152.2105
0
VERTEX
8
CUT
10
246.9612
20
152.2066
0
VERTEX
8
CUT
10
247.1870
20
152.2232
0
VERTEX
8
CUT
10
247.4104
20
152.2602
0
VERTEX
8
CUT
10
247.6295
20
152.3172
0
VERTEX
8
CUT
10
247.7236
20
152.3463
0
VERTEX
8
CUT
10
247.9523
20
152.4294
0
VERTEX
8
CUT
10
248.1720
20
152.5344
0
VERTEX
8
CUT
10
248.3803
20
152.6603
0
VERTEX
8
CUT
10
248.5754
20
152.8058
0
VERTEX
8
CUT
10
248.7555
20
152.9697
0
VERTEX
8
CUT
10
248.9187
20
153.1502
0
VERTEX
8
CUT
10
249.0547
20
153.3337
0
VERTEX
8
CUT
10
249.1157
20
153.4104
0
VERTEX
8
CUT
10
249.2496
20
153.6179
0
VERTEX
8
CUT
10
249.3047
20
153.7131
0
VERTEX
8
CUT
10
249.3132
20
153.7297
0
VERTEX
8
CUT
10
249.3756
20
153.8337
0
VERTEX
8
CUT
10
249.4795
20
154.0523
0
VERTEX
8
CUT
10
249.5618
20
154.2798
0
VERTEX
8
CUT
10
249.6217
20
154.5143
0
VERTEX
8
CUT
10
249.6587
20
154.7534
0
VERTEX
8
CUT
10
249.6723
20
154.9950
0
VERTEX
8
CUT
10
249.6626
20
155.2367
0
VERTEX
8
CUT
10
249.6295
20
155.4764
0
VERTEX
8
CUT
10
249.5734
20
155.7118
0
VERTEX
8
CUT
10
249.4948
20
155.9406
0
VERTEX
8
CUT
10
249.3945
20
156.1608
0
VERTEX
8
CUT
10
249.2733
20
156.3703
0
VERTEX
8
CUT
10
249.1772
20
156.5193
0
VERTEX
8
CUT
10
249.0146
20
156.7431
0
VERTEX
8
CUT
10
248.8284
20
156.9476
0
VERTEX
8
CUT
10
248.6206
20
157.1302
0
VERTEX
8
CUT
10
248.4539
20
157.2612
0
VERTEX
8
CUT
10
248.2489
20
157.4062
0
VERTEX
8
CUT
10
248.0304
20
157.5299
0
VERTEX
8
CUT
10
247.8006
20
157.6310
0
VERTEX
8
CUT
10
247.5618
20
157.7086
0
VERTEX
8
CUT
10
247.3165
20
157.7619
0
VERTEX
8
CUT
10
247.0670
20
157.7903
0
VERTEX
8
CUT
10
246.8159
20
157.7935
0
VERTEX
8
CUT
10
246.5658
20
157.7715
0
VERTEX
8
CUT
10
246.3192
20
157.7245
0
VERTEX
8
CUT
10
246.0785
20
157.6530
0
VERTEX
8
CUT
10
245.8462
20
157.5578
0
VERTEX
8
CUT
10
245.6246
20
157.4397
0
VERTEX
8
CUT
10
245.4992
20
157.3646
0
VERTEX
8
CUT
10
245.4476
20
157.3299
0
VERTEX
8
CUT
10
245.4200
20
157.3136
0
VERTEX
8
CUT
10
245.3820
20
157.2857
0
VERTEX
8
CUT
10
245.2799
20
157.2169
0
VERTEX
8
CUT
10
245.2222
20
157.1684
0
VERTEX
8
CUT
10
245.2201
20
157.1669
0
VERTEX
8
CUT
10
245.2164
20
157.1636
0
VERTEX
8
CUT
10
245.0774
20
157.0468
0
VERTEX
8
CUT
10
244.9845
20
156.9504
0
VERTEX
8
CUT
10
244.9411
20
156.9073
0
VERTEX
8
CUT
10
244.9136
20
156.8767
0
VERTEX
8
CUT
10
244.8940
20
156.8563
0
VERTEX
8
CUT
10
244.8859
20
156.8459
0
VERTEX
8
CUT
10
244.7530
20
156.6982
0
VERTEX
8
CUT
10
244.5895
20
156.4693
0
VERTEX
8
CUT
10
244.4938
20
156.2974
0
VERTEX
8
CUT
10
244.4169
20
156.1745
0
VERTEX
8
CUT
10
244.3093
20
155.9589
0
VERTEX
8
CUT
10
244.2229
20
155.7339
0
VERTEX
8
CUT
10
244.1586
20
155.5017
0
VERTEX
8
CUT
10
244.1170
20
155.2643
0
VERTEX
8
CUT
10
244.0984
20
155.0240
0
VERTEX
8
CUT
10
244.1030
20
154.7830
0
VERTEX
8
CUT
10
244.1308
20
154.5436
0
VERTEX
8
CUT
10
244.1815
20
154.3080
0
VERTEX
8
CUT
10
244.2547
20
154.0784
0
VERTEX
8
CUT
10
244.3496
20
153.8569
0
VERTEX
8
CUT
10
244.4655
20
153.6455
0
VERTEX
8
CUT
10
244.5516
20
153.5050
0
VERTEX
8
CUT
10
244.6953
20
153.2951
0
VERTEX
8
CUT
10
244.8596
20
153.1010
0
VERTEX
8
CUT
10
245.0427
20
152.9245
0
VERTEX
8
CUT
10
245.1310
20
152.8478
0
VERTEX
8
CUT
10
245.3200
20
152.6987
0
VERTEX
8
CUT
10
245.5225
20
152.5685
0
VERTEX
8
CUT
10
245.7366
20
152.4584
0
VERTEX
8
CUT
10
245.7902
20
152.4341
0
VERTEX
8
CUT
10
246.0015
20
152.3493
0
VERTEX
8
CUT
10
246.2197
20
152.2842
0
VERTEX
8
CUT
10
246.4428
20
152.2391
0
SEQEND
0
POLYLINE
8
CUT
66
1
70
1
10
0.0
20
0.0
30
0.0
0
VERTEX
8
CUT
10
181.4637
20
251.6133
0
VERTEX
8
CUT
10
181.2706
20
251.4656
0
VERTEX
8
CUT
10
181.0927
20
251.2999
0
VERTEX
8
CUT
10
180.9319
20
251.1176
0
VERTEX
8
CUT
10
180.7894
20
250.9206
0
VERTEX
8
CUT
10
180.6668
20
250.7107
0
VERTEX
8
CUT
10
180.5651
20
250.4899
0
VERTEX
8
CUT
10
180.4854
20
250.2603
0
VERTEX
8
CUT
10
180.4284
20
250.0239
0
VERTEX
8
CUT
10
180.3945
20
249.7832
0
VERTEX
8
CUT
10
180.3843
20
249.5403
0
VERTEX
8
CUT
10
180.3976
20
249.2976
0
VERTEX
8
CUT
10
180.4345
20
249.0573
0
VERTEX
8
CUT
10
180.4945
20
248.8218
0
VERTEX
8
CUT
10
180.5771
20
248.5931
0
VERTEX
8
CUT
10
180.6816
20
248.3736
0
VERTEX
8
CUT
10
180.8068
20
248.1653
0
VERTEX
8
CUT
10
180.9517
20
247.9701
0
VERTEX
8
CUT
10
181.1149
20
247.7899
0
VERTEX
8
CUT
10
181.2948
20
247.6264
0
VERTEX
8
CUT
10
181.4898
20
247.4812
0
VERTEX
8
CUT
10
181.6979
20
247.3555
0
VERTEX
8
CUT
10
181.9172
20
247.2507
0
VERTEX
8
CUT
10
182.1457
20
247.1677
0
VERTEX
8
CUT
10
182.3812
20
247.1073
0
VERTEX
8
CUT
10
182.6214
20
247.0700
0
VERTEX
8
CUT
10
182.8641
20
247.0562
0
VERTEX
8
CUT
10
184.9490
20
247.0394
0
VERTEX
8
CUT
10
185.1226
20
247.0340
0
VERTEX
8
CUT
10
185.2404
20
247.0276
0
VERTEX
8
CUT
10
185.4136
20
247.0141
0
VERTEX
8
CUT
10
188.8077
20
246.6712
0
VERTEX
8
CUT
10
188.9367
20
246.6559
0
VERTEX
8
CUT
10
189.0242
20
246.6440
0
VERTEX
8
CUT
10
189.1526
20
246.6243
0
VERTEX
8
CUT
10
192.7137
20
246.0130
0
VERTEX
8
CUT
10
192.8513
20
245.9867
0
VERTEX
8
CUT
10
192.9445
20
245.9671
0
VERTEX
8
CUT
10
193.0810
20
245.9357
0
VERTEX
8
CUT
10
196.8344
20
244.9985
0
VERTEX
8
CUT
10
196.9749
20
244.9605
0
VERTEX
8
CUT
10
197.0698
20
244.9328
0
VERTEX
8
CUT
10
197.2086
20
244.8894
0
VERTEX
8
CUT
10
210.5610
20
240.4303
0
VERTEX
8
CUT
10
210.5835
20
240.4229
0
VERTEX
8
CUT
10
210.5876
20
240.4216
0
VERTEX
8
CUT
10
210.6832
20
240.3928
0
VERTEX
8
CUT
10
216.5752
20
238.7437
0
VERTEX
8
CUT
10
216.9091
20
238.6744
0
VERTEX
8
CUT
10
220.6176
20
238.1655
0
VERTEX
8
CUT
10
220.9387
20
238.1424
0
VERTEX
8
CUT
10
224.4007
20
238.1163
0
VERTEX
8
CUT
10
224.7377
20
238.1366
0
VERTEX
8
CUT
10
227.9819
20
238.5530
0
VERTEX
8
CUT
10
228.1689
20
238.5842
0
VERTEX
8
CUT
10
228.3530
20
238.6295
0
VERTEX
8
CUT
10
231.2901
20
239.4721
0
VERTEX
8
CUT
10
231.4812
20
239.5353
0
VERTEX
8
CUT
10
231.6666
20
239.6137
0
VERTEX
8
CUT
10
234.2607
20
240.8364
0
VERTEX
8
CUT
10
234.4651
20
240.9445
0
VERTEX
8
CUT
10
234.6586
20
241.0710
0
VERTEX
8
CUT
10
236.8663
20
242.6654
0
VERTEX
8
CUT
10
237.0438
20
242.8062
0
VERTEX
8
CUT
10
237.2078
20
242.9625
0
VERTEX
8
CUT
10
239.0732
20
244.9095
0
VERTEX
8
CUT
10
239.2387
20
245.1006
0
VERTEX
8
CUT
10
239.3840
20
245.3075
0
VERTEX
8
CUT
10
240.7987
20
247.5556
0
VERTEX
8
CUT
10
240.8942
20
247.7211
0
VERTEX
8
CUT
10
240.9768
20
247.8934
0
VERTEX
8
CUT
10
241.6135
20
249.3632
0
VERTEX
8
CUT
10
241.6984
20
249.5881
0
VERTEX
8
CUT
10
241.7613
20
249.8202
0
VERTEX
8
CUT
10
241.8714
20
250.3214
0
VERTEX
8
CUT
10
241.9151
20
250.5882
0
VERTEX
8
CUT
10
241.9297
20
250.8582
0
VERTEX
8
CUT
10
241.9297
20
255.5730
0
VERTEX
8
CUT
10
241.9142
20
255.8509
0
VERTEX
8
CUT
10
241.8680
20
256.1254
0
VERTEX
8
CUT
10
241.6612
20
257.0380
0
VERTEX
8
CUT
10
241.5948
20
257.2759
0
VERTEX
8
CUT
10
241.5053
20
257.5060
0
VERTEX
8
CUT
10
241.1421
20
258.3183
0
VERTEX
8
CUT
10
241.0466
20
258.5096
0
VERTEX
8
CUT
10
240.2903
20
259.8745
0
VERTEX
8
CUT
10
240.1493
20
260.0998
0
VERTEX
8
CUT
10
239.9851
20
260.3089
0
VERTEX
8
CUT
10
238.0473
20
262.5239
0
VERTEX
8
CUT
10
237.8801
20
262.6974
0
VERTEX
8
CUT
10
237.6969
20
262.8540
0
VERTEX
8
CUT
10
237.4995
20
262.9923
0
VERTEX
8
CUT
10
235.0374
20
264.5453
0
VERTEX
8
CUT
10
234.7890
20
264.6829
0
VERTEX
8
CUT
10
234.5266
20
264.7915
0
VERTEX
8
CUT
10
233.2298
20
265.2435
0
VERTEX
8
CUT
10
232.9046
20
265.3328
0
VERTEX
8
CUT
10
231.4694
20
265.6243
0
VERTEX
8
CUT
10
231.1256
20
265.6696
0
VERTEX
8
CUT
10
229.4969
20
265.7701
0
VERTEX
8
CUT
10
229.2492
20
265.7731
0
VERTEX
8
CUT
10
227.9892
20
265.7258
0
VERTEX
8
CUT
10
227.7971
20
265.7112
0
VERTEX
8
CUT
10
227.6068
20
265.6818
0
VERTEX
8
CUT
10
225.1350
20
265.2023
0
VERTEX
8
CUT
10
224.8929
20
265.1426
0
VERTEX
8
CUT
10
224.6579
20
265.0592
0
VERTEX
8
CUT
10
222.2308
20
264.0581
0
VERTEX
8
CUT
10
222.0588
20
263.9794
0
VERTEX
8
CUT
10
221.8933
20
263.8880
0
VERTEX
8
CUT
10
220.7895
20
263.2226
0
VERTEX
8
CUT
10
220.5267
20
263.0403
0
VERTEX
8
CUT
10
212.7282
20
256.8554
0
VERTEX
8
CUT
10
212.6116
20
256.7665
0
VERTEX
8
CUT
10
212.5904
20
256.7510
0
VERTEX
8
CUT
10
212.3471
20
256.5873
0
VERTEX
8
CUT
10
212.3247
20
256.5735
0
VERTEX
8
CUT
10
212.1985
20
256.4989
0
VERTEX
8
CUT
10
211.3522
20
256.0210
0
VERTEX
8
CUT
10
211.1344
20
255.9073
0
VERTEX
8
CUT
10
210.9841
20
255.8349
0
VERTEX
8
CUT
10
210.7593
20
255.7357
0
VERTEX
8
CUT
10
208.2571
20
254.7276
0
VERTEX
8
CUT
10
208.1257
20
254.6776
0
VERTEX
8
CUT
10
208.1020
20
254.6690
0
VERTEX
8
CUT
10
207.8341
20
254.5838
0
VERTEX
8
CUT
10
207.8098
20
254.5771
0
VERTEX
8
CUT
10
207.6737
20
254.5420
0
VERTEX
8
CUT
10
204.7567
20
253.8499
0
VERTEX
8
CUT
10
204.5678
20
253.8102
0
VERTEX
8
CUT
10
204.4389
20
253.7865
0
VERTEX
8
CUT
10
204.2482
20
253.7566
0
VERTEX
8
CUT
10
202.6653
20
253.5496
0
VERTEX
8
CUT
10
202.4911
20
253.5309
0
VERTEX
8
CUT
10
202.3725
20
253.5210
0
VERTEX
8
CUT
10
202.1975
20
253.5105
0
VERTEX
8
CUT
10
191.2935
20
253.1117
0
VERTEX
8
CUT
10
191.2656
20
253.1105
0
VERTEX
8
CUT
10
191.2605
20
253.1103
0
VERTEX
8
CUT
10
191.1430
20
253.1019
0
VERTEX
8
CUT
10
184.6604
20
252.4850
0
VERTEX
8
CUT
10
184.3633
20
252.4385
0
VERTEX
8
CUT
10
182.3503
20
251.9984
0
VERTEX
8
CUT
10
182.1156
20
251.9350
0
VERTEX
8
CUT
10
181.8882
20
251.8491
0
VERTEX
8
CUT
10
181.6702
20
251.7416
0
SEQEND
0
POLYLINE
8
CUT
66
1
70
1
10
0.0
20
0.0
30
0.0
0
VERTEX
8
CUT
10
222.8784
20
120.2934
0
VERTEX
8
CUT
10
222.9370
20
120.0172
0
VERTEX
8
CUT
10
223.0264
20
119.7494
0
VERTEX
8
CUT
10
223.3104
20
119.0355
0
VERTEX
8
CUT
10
223.4136
20
118.8095
0
VERTEX
8
CUT
10
223.5387
20
118.5948
0
VERTEX
8
CUT
10
223.9682
20
117.9357
0
VERTEX
8
CUT
10
224.1207
20
117.7263
0
VERTEX
8
CUT
10
224.2940
20
117.5337
0
VERTEX
8
CUT
10
224.6350
20
117.1924
0
VERTEX
8
CUT
10
224.7933
20
117.0470
0
VERTEX
8
CUT
10
224.9635
20
116.9157
0
VERTEX
8
CUT
10
225.1443
20
116.7996
0
VERTEX
8
CUT
10
225.3344
20
116.6994
0
VERTEX
8
CUT
10
225.6411
20
116.5543
0
VERTEX
8
CUT
10
226.2183
20
116.2567
0
VERTEX
8
CUT
10
226.4751
20
116.1421
0
VERTEX
8
CUT
10
226.5880
20
116.1062
0
VERTEX
8
CUT
10
226.6619
20
116.0712
0
VERTEX
8
CUT
10
226.9153
20
115.9679
0
VERTEX
8
CUT
10
227.1785
20
115.8929
0
VERTEX
8
CUT
10
227.4483
20
115.8471
0
VERTEX
8
CUT
10
227.9742
20
115.7872
0
VERTEX
8
CUT
10
228.1853
20
115.7721
0
VERTEX
8
CUT
10
228.3969
20
115.7750
0
VERTEX
8
CUT
10
228.6075
20
115.7958
0
VERTEX
8
CUT
10
229.1500
20
115.8726
0
VERTEX
8
CUT
10
229.4121
20
115.9241
0
VERTEX
8
CUT
10
229.6672
20
116.0032
0
VERTEX
8
CUT
10
230.3032
20
116.2386
0
VERTEX
8
CUT
10
230.5550
20
116.3478
0
VERTEX
8
CUT
10
230.7932
20
116.4839
0
VERTEX
8
CUT
10
231.5207
20
116.9543
0
VERTEX
8
CUT
10
231.6955
20
117.0783
0
VERTEX
8
CUT
10
231.8590
20
117.2167
0
VERTEX
8
CUT
10
232.0101
20
117.3687
0
VERTEX
8
CUT
10
232.4149
20
117.8124
0
VERTEX
8
CUT
10
232.6058
20
118.0490
0
VERTEX
8
CUT
10
232.7666
20
118.3071
0
VERTEX
8
CUT
10
233.0711
20
118.8696
0
VERTEX
8
CUT
10
233.1904
20
119.1230
0
VERTEX
8
CUT
10
233.2807
20
119.3881
0
VERTEX
8
CUT
10
233.4580
20
120.0239
0
VERTEX
8
CUT
10
233.5183
20
120.2991
0
VERTEX
8
CUT
10
233.5472
20
120.5795
0
VERTEX
8
CUT
10
233.5749
20
121.1744
0
VERTEX
8
CUT
10
233.5705
20
121.4795
0
VERTEX
8
CUT
10
233.5289
20
121.7818
0
VERTEX
8
CUT
10
233.3860
20
122.4947
0
VERTEX
8
CUT
10
233.3368
20
122.6964
0
VERTEX
8
CUT
10
233.2710
20
122.8933
0
VERTEX
8
CUT
10
233.1891
20
123.0840
0
VERTEX
8
CUT
10
232.8799
20
123.7291
0
VERTEX
8
CUT
10
232.7529
20
123.9616
0
VERTEX
8
CUT
10
232.6020
20
124.1793
0
VERTEX
8
CUT
10
232.1622
20
124.7472
0
VERTEX
8
CUT
10
231.9838
20
124.9532
0
VERTEX
8
CUT
10
231.7842
20
125.1386
0
VERTEX
8
CUT
10
231.5655
20
125.3011
0
VERTEX
8
CUT
10
230.6522
20
125.9056
0
VERTEX
8
CUT
10
230.4761
20
126.0120
0
VERTEX
8
CUT
10
230.2919
20
126.1036
0
VERTEX
8
CUT
10
230.1008
20
126.1797
0
VERTEX
8
CUT
10
229.3791
20
126.4331
0
VERTEX
8
CUT
10
229.1196
20
126.5088
0
VERTEX
8
CUT
10
228.8534
20
126.5560
0
VERTEX
8
CUT
10
228.4422
20
126.6061
0
VERTEX
8
CUT
10
228.2083
20
126.6236
0
VERTEX
8
CUT
10
227.9737
20
126.6190
0
VERTEX
8
CUT
10
227.7407
20
126.5925
0
VERTEX
8
CUT
10
227.5111
20
126.5442
0
VERTEX
8
CUT
10
226.6993
20
126.3334
0
VERTEX
8
CUT
10
226.4318
20
126.2476
0
VERTEX
8
CUT
10
226.1757
20
126.1324
0
VERTEX
8
CUT
10
225.9341
20
125.9892
0
VERTEX
8
CUT
10
225.6009
20
125.7655
0
VERTEX
8
CUT
10
225.2434
20
125.5719
0
VERTEX
8
CUT
10
225.0098
20
125.4283
0
VERTEX
8
CUT
10
224.7933
20
125.2600
0
VERTEX
8
CUT
10
224.4862
20
124.9930
0
VERTEX
8
CUT
10
224.2907
20
124.8034
0
VERTEX
8
CUT
10
224.1171
20
124.5938
0
VERTEX
8
CUT
10
223.9673
20
124.3664
0
VERTEX
8
CUT
10
223.9397
20
124.3192
0
VERTEX
8
CUT
10
223.4358
20
123.5748
0
VERTEX
8
CUT
10
223.3024
20
123.3540
0
VERTEX
8
CUT
10
223.1925
20
123.1206
0
VERTEX
8
CUT
10
223.1072
20
122.8772
0
VERTEX
8
CUT
10
223.0475
20
122.6262
0
VERTEX
8
CUT
10
222.8363
20
121.4795
0
VERTEX
8
CUT
10
222.8012
20
121.2030
0
VERTEX
8
CUT
10
222.7971
20
120.9242
0
VERTEX
8
CUT
10
222.8241
20
120.6467
0
SEQEND
0
POLYLINE
8
CUT
66
1
70
1
10
0.0
20
0.0
30
0.0
0
VERTEX
8
CUT
10
220.7315
20
216.8467
0
VERTEX
8
CUT
10
220.7343
20
216.8309
0
VERTEX
8
CUT
10
220.7345
20
216.8295
0
VERTEX
8
CUT
10
220.7381
20
216.8099
0
VERTEX
8
CUT
10
220.7708
20
216.6285
0
VERTEX
8
CUT
10
220.7727
20
216.6217
0
VERTEX
8
CUT
10
220.7766
20
216.6003
0
VERTEX
8
CUT
10
220.8398
20
216.3761
0
VERTEX
8
CUT
10
220.9237
20
216.1588
0
VERTEX
8
CUT
10
221.0067
20
215.9703
0
VERTEX
8
CUT
10
221.1101
20
215.7257
0
VERTEX
8
CUT
10
221.2034
20
215.5295
0
VERTEX
8
CUT
10
221.3133
20
215.3421
0
VERTEX
8
CUT
10
221.4391
20
215.1650
0
VERTEX
8
CUT
10
221.7331
20
214.7869
0
VERTEX
8
CUT
10
221.9345
20
214.5582
0
VERTEX
8
CUT
10
222.1622
20
214.3556
0
VERTEX
8
CUT
10
222.4833
20
214.1035
0
VERTEX
8
CUT
10
222.6601
20
213.9766
0
VERTEX
8
CUT
10
222.8473
20
213.8656
0
VERTEX
8
CUT
10
223.0435
20
213.7712
0
VERTEX
8
CUT
10
223.4455
20
213.5991
0
VERTEX
8
CUT
10
223.6518
20
213.5213
0
VERTEX
8
CUT
10
223.8642
20
213.4620
0
VERTEX
8
CUT
10
224.0810
20
213.4217
0
VERTEX
8
CUT
10
224.4171
20
213.3743
0
VERTEX
8
CUT
10
224.6871
20
213.3511
0
VERTEX
8
CUT
10
224.9580
20
213.3573
0
VERTEX
8
CUT
10
225.2267
20
213.3927
0
VERTEX
8
CUT
10
225.4347
20
213.4318
0
VERTEX
8
CUT
10
225.6763
20
213.4897
0
VERTEX
8
CUT
10
225.9110
20
213.5712
0
VERTEX
8
CUT
10
226.1365
20
213.6757
0
VERTEX
8
CUT
10
226.4755
20
213.8539
0
VERTEX
8
CUT
10
226.7222
20
214.0022
0
VERTEX
8
CUT
10
226.9502
20
214.1778
0
VERTEX
8
CUT
10
227.3058
20
214.4861
0
VERTEX
8
CUT
10
227.4955
20
214.6688
0
VERTEX
8
CUT
10
227.6649
20
214.8705
0
VERTEX
8
CUT
10
227.8122
20
215.0890
0
VERTEX
8
CUT
10
228.0241
20
215.4422
0
VERTEX
8
CUT
10
228.1315
20
215.6410
0
VERTEX
8
CUT
10
228.2205
20
215.8486
0
VERTEX
8
CUT
10
228.2903
20
216.0634
0
VERTEX
8
CUT
10
228.3406
20
216.2836
0
VERTEX
8
CUT
10
228.3707
20
216.5075
0
VERTEX
8
CUT
10
228.3825
20
216.6412
0
VERTEX
8
CUT
10
228.4204
20
216.7688
0
VERTEX
8
CUT
10
228.4688
20
217.0343
0
VERTEX
8
CUT
10
228.4883
20
217.3034
0
VERTEX
8
CUT
10
228.4787
20
217.5730
0
VERTEX
8
CUT
10
228.4674
20
217.6993
0
VERTEX
8
CUT
10
228.4691
20
217.7397
0
VERTEX
8
CUT
10
228.4571
20
217.9728
0
VERTEX
8
CUT
10
228.4234
20
218.2036
0
VERTEX
8
CUT
10
228.4075
20
218.2689
0
VERTEX
8
CUT
10
228.3996
20
218.3266
0
VERTEX
8
CUT
10
228.3441
20
218.5598
0
VERTEX
8
CUT
10
228.2666
20
218.7866
0
VERTEX
8
CUT
10
228.2592
20
218.8030
0
VERTEX
8
CUT
10
228.2368
20
218.8795
0
VERTEX
8
CUT
10
228.1632
20
219.0940
0
VERTEX
8
CUT
10
228.0705
20
219.3009
0
VERTEX
8
CUT
10
227.9595
20
219.4986
0
VERTEX
8
CUT
10
227.8310
20
219.6855
0
VERTEX
8
CUT
10
227.6861
20
219.8599
0
VERTEX
8
CUT
10
227.4604
20
220.1077
0
VERTEX
8
CUT
10
227.4438
20
220.1309
0
VERTEX
8
CUT
10
227.2634
20
220.3319
0
VERTEX
8
CUT
10
227.1529
20
220.4311
0
VERTEX
8
CUT
10
227.0960
20
220.4874
0
VERTEX
8
CUT
10
226.8903
20
220.6517
0
VERTEX
8
CUT
10
226.8847
20
220.6553
0
VERTEX
8
CUT
10
226.6871
20
220.8143
0
VERTEX
8
CUT
10
226.4710
20
220.9699
0
VERTEX
8
CUT
10
226.2396
20
221.1017
0
VERTEX
8
CUT
10
225.9955
20
221.2081
0
VERTEX
8
CUT
10
225.7724
20
221.2915
0
VERTEX
8
CUT
10
225.7432
20
221.3063
0
VERTEX
8
CUT
10
225.5285
20
221.3915
0
VERTEX
8
CUT
10
225.3069
20
221.4564
0
VERTEX
8
CUT
10
225.0803
20
221.5007
0
VERTEX
8
CUT
10
224.8859
20
221.5293
0
VERTEX
8
CUT
10
224.6478
20
221.5529
0
VERTEX
8
CUT
10
224.4085
20
221.5536
0
VERTEX
8
CUT
10
224.1702
20
221.5314
0
VERTEX
8
CUT
10
223.9175
20
221.4957
0
VERTEX
8
CUT
10
223.7004
20
221.4551
0
VERTEX
8
CUT
10
223.4878
20
221.3955
0
VERTEX
8
CUT
10
223.2812
20
221.3173
0
VERTEX
8
CUT
10
222.9370
20
221.1694
0
VERTEX
8
CUT
10
222.6724
20
221.0367
0
VERTEX
8
CUT
10
222.4253
20
220.8735
0
VERTEX
8
CUT
10
222.0837
20
220.6177
0
VERTEX
8
CUT
10
221.9172
20
220.4815
0
VERTEX
8
CUT
10
221.7630
20
220.3313
0
VERTEX
8
CUT
10
221.6223
20
220.1685
0
VERTEX
8
CUT
10
221.3972
20
219.8843
0
VERTEX
8
CUT
10
221.2767
20
219.7185
0
VERTEX
8
CUT
10
221.1701
20
219.5434
0
VERTEX
8
CUT
10
221.0783
20
219.3602
0
VERTEX
8
CUT
10
220.9256
20
219.0216
0
VERTEX
8
CUT
10
220.8399
20
218.8052
0
VERTEX
8
CUT
10
220.7746
20
218.5817
0
VERTEX
8
CUT
10
220.7305
20
218.3530
0
VERTEX
8
CUT
10
220.6760
20
217.9777
0
VERTEX
8
CUT
10
220.6534
20
217.7471
0
VERTEX
8
CUT
10
220.6522
20
217.5153
0
VERTEX
8
CUT
10
220.6725
20
217.2844
0
SEQEND
0
POLYLINE
8
CUT
66
1
70
1
10
0.0
20
0.0
30
0.0
0
VERTEX
8
CUT
10
173.8610
20
33.7448
0
VERTEX
8
CUT
10
173.8779
20
33.4929
0
VERTEX
8
CUT
10
173.9200
20
33.2441
0
VERTEX
8
CUT
10
173.9871
20
33.0008
0
VERTEX
8
CUT
10
174.0783
20
32.7654
0
VERTEX
8
CUT
10
174.1928
20
32.5405
0
VERTEX
8
CUT
10
174.3294
20
32.3283
0
VERTEX
8
CUT
10
174.4867
20
32.1309
0
VERTEX
8
CUT
10
174.6631
20
31.9504
0
VERTEX
8
CUT
10
174.8520
20
31.7756
0
VERTEX
8
CUT
10
175.0456
20
31.6139
0
VERTEX
8
CUT
10
175.2544
20
31.4725
0
VERTEX
8
CUT
10
175.4765
20
31.3529
0
VERTEX
8
CUT
10
175.7095
20
31.2563
0
VERTEX
8
CUT
10
175.9510
20
31.1836
0
VERTEX
8
CUT
10
176.1986
20
31.1357
0
VERTEX
8
CUT
10
176.4498
20
31.1129
0
VERTEX
8
CUT
10
176.7020
20
31.1156
0
VERTEX
8
CUT
10
176.9527
20
31.1436
0
VERTEX
8
CUT
10
177.1993
20
31.1968
0
VERTEX
8
CUT
10
177.4392
20
31.2746
0
VERTEX
8
CUT
10
177.6701
20
31.3761
0
VERTEX
8
CUT
10
177.8896
20
31.5004
0
VERTEX
8
CUT
10
178.0954
20
31.6461
0
VERTEX
8
CUT
10
178.2855
20
31.8119
0
VERTEX
8
CUT
10
178.4580
20
31.9960
0
VERTEX
8
CUT
10
178.7081
20
32.2915
0
VERTEX
8
CUT
10
178.8579
20
32.4875
0
VERTEX
8
CUT
10
178.9878
20
32.6972
0
VERTEX
8
CUT
10
179.0963
20
32.9187
0
VERTEX
8
CUT
10
179.1824
20
33.1499
0
VERTEX
8
CUT
10
179.2454
20
33.3884
0
VERTEX
8
CUT
10
179.2846
20
33.6319
0
VERTEX
8
CUT
10
179.2995
20
33.8781
0
VERTEX
8
CUT
10
179.3005
20
33.9666
0
VERTEX
8
CUT
10
179.2925
20
34.1977
0
VERTEX
8
CUT
10
179.2630
20
34.4272
0
VERTEX
8
CUT
10
179.2125
20
34.6529
0
VERTEX
8
CUT
10
179.1414
20
34.8730
0
VERTEX
8
CUT
10
179.0502
20
35.0856
0
VERTEX
8
CUT
10
179.0215
20
35.1449
0
VERTEX
8
CUT
10
178.8978
20
35.3699
0
VERTEX
8
CUT
10
178.7517
20
35.5809
0
VERTEX
8
CUT
10
178.5847
20
35.7759
0
VERTEX
8
CUT
10
178.3986
20
35.9527
0
VERTEX
8
CUT
10
178.3179
20
36.0218
0
VERTEX
8
CUT
10
178.1269
20
36.1701
0
VERTEX
8
CUT
10
177.9225
20
36.2992
0
VERTEX
8
CUT
10
177.7066
20
36.4079
0
VERTEX
8
CUT
10
177.4812
20
36.4953
0
VERTEX
8
CUT
10
177.2484
20
36.5605
0
VERTEX
8
CUT
10
177.0104
20
36.6029
0
VERTEX
8
CUT
10
176.7694
20
36.6222
0
VERTEX
8
CUT
10
176.5276
20
36.6180
0
VERTEX
8
CUT
10
176.2874
20
36.5906
0
VERTEX
8
CUT
10
176.0510
20
36.5400
0
VERTEX
8
CUT
10
175.8206
20
36.4669
0
VERTEX
8
CUT
10
175.5983
20
36.3718
0
VERTEX
8
CUT
10
175.5292
20
36.3382
0
VERTEX
8
CUT
10
175.3300
20
36.2300
0
VERTEX
8
CUT
10
175.1414
20
36.1041
0
VERTEX
8
CUT
10
174.9650
20
35.9617
0
VERTEX
8
CUT
10
174.8022
20
35.8038
0
VERTEX
8
CUT
10
174.5599
20
35.5465
0
VERTEX
8
CUT
10
174.4102
20
35.3722
0
VERTEX
8
CUT
10
174.2771
20
35.1848
0
VERTEX
8
CUT
10
174.1619
20
34.9861
0
VERTEX
8
CUT
10
174.0653
20
34.7775
0
VERTEX
8
CUT
10
174.0462
20
34.7307
0
VERTEX
8
CUT
10
173.9627
20
34.4925
0
VERTEX
8
CUT
10
173.9036
20
34.2471
0
VERTEX
8
CUT
10
173.8696
20
33.9970
0
SEQEND
0
POLYLINE
8
CUT
66
1
70
1
10
0.0
20
0.0
30
0.0
0
VERTEX
8
CUT
10
151.4640
20
266.4257
0
VERTEX
8
CUT
10
151.4452
20
266.1664
0
VERTEX
8
CUT
10
151.4533
20
265.9065
0
VERTEX
8
CUT
10
151.4884
20
265.6489
0
VERTEX
8
CUT
10
151.5501
20
265.3963
0
VERTEX
8
CUT
10
151.7883
20
264.6024
0
VERTEX
8
CUT
10
151.8566
20
264.4050
0
VERTEX
8
CUT
10
151.9412
20
264.2140
0
VERTEX
8
CUT
10
152.0414
20
264.0307
0
VERTEX
8
CUT
10
152.2395
20
263.7019
0
VERTEX
8
CUT
10
152.3592
20
263.5215
0
VERTEX
8
CUT
10
152.4940
20
263.3521
0
VERTEX
8
CUT
10
152.5148
20
263.3301
0
VERTEX
8
CUT
10
152.6513
20
263.1558
0
VERTEX
8
CUT
10
152.8337
20
262.9674
0
VERTEX
8
CUT
10
153.0348
20
262.7991
0
VERTEX
8
CUT
10
153.2524
20
262.6528
0
VERTEX
8
CUT
10
153.3121
20
262.6170
0
VERTEX
8
CUT
10
153.5309
20
262.5004
0
VERTEX
8
CUT
10
153.7602
20
262.4060
0
VERTEX
8
CUT
10
153.9379
20
262.3528
0
VERTEX
8
CUT
10
154.1644
20
262.2376
0
VERTEX
8
CUT
10
154.3902
20
262.1366
0
VERTEX
8
CUT
10
154.6248
20
262.0584
0
VERTEX
8
CUT
10
154.8660
20
262.0038
0
VERTEX
8
CUT
10
155.1115
20
261.9732
0
VERTEX
8
CUT
10
155.3587
20
261.9671
0
VERTEX
8
CUT
10
155.6054
20
261.9854
0
VERTEX
8
CUT
10
155.8490
20
262.0280
0
VERTEX
8
CUT
10
156.0872
20
262.0945
0
VERTEX
8
CUT
10
156.4741
20
262.2234
0
VERTEX
8
CUT
10
156.6695
20
262.2976
0
VERTEX
8
CUT
10
156.8579
20
262.3880
0
VERTEX
8
CUT
10
157.0382
20
262.4937
0
VERTEX
8
CUT
10
157.0954
20
262.5306
0
VERTEX
8
CUT
10
157.1255
20
262.5459
0
VERTEX
8
CUT
10
157.3362
20
262.6811
0
VERTEX
8
CUT
10
157.3750
20
262.7118
0
VERTEX
8
CUT
10
157.5348
20
262.8248
0
VERTEX
8
CUT
10
157.6997
20
262.9644
0
VERTEX
8
CUT
10
157.8496
20
263.1152
0
VERTEX
8
CUT
10
157.8511
20
263.1165
0
VERTEX
8
CUT
10
158.0417
20
263.3028
0
VERTEX
8
CUT
10
158.2113
20
263.5083
0
VERTEX
8
CUT
10
158.3582
20
263.7307
0
VERTEX
8
CUT
10
158.4123
20
263.8354
0
VERTEX
8
CUT
10
158.5682
20
264.0394
0
VERTEX
8
CUT
10
158.6988
20
264.2276
0
VERTEX
8
CUT
10
158.8116
20
264.4269
0
VERTEX
8
CUT
10
158.9058
20
264.6357
0
VERTEX
8
CUT
10
158.9804
20
264.8522
0
VERTEX
8
CUT
10
158.9858
20
264.8706
0
VERTEX
8
CUT
10
159.0419
20
265.1016
0
VERTEX
8
CUT
10
159.0758
20
265.3369
0
VERTEX
8
CUT
10
159.0873
20
265.5744
0
VERTEX
8
CUT
10
159.0761
20
265.8119
0
VERTEX
8
CUT
10
159.0116
20
266.4927
0
VERTEX
8
CUT
10
158.9746
20
266.7451
0
VERTEX
8
CUT
10
158.9120
20
266.9924
0
VERTEX
8
CUT
10
158.8246
20
267.2320
0
VERTEX
8
CUT
10
158.7133
20
267.4615
0
VERTEX
8
CUT
10
158.5791
20
267.6784
0
VERTEX
8
CUT
10
158.1381
20
268.3163
0
VERTEX
8
CUT
10
157.9734
20
268.5290
0
VERTEX
8
CUT
10
157.7869
20
268.7227
0
VERTEX
8
CUT
10
157.5807
20
268.8953
0
VERTEX
8
CUT
10
157.3570
20
269.0448
0
VERTEX
8
CUT
10
156.9069
20
269.3118
0
VERTEX
8
CUT
10
156.6971
20
269.4231
0
VERTEX
8
CUT
10
156.4777
20
269.5140
0
VERTEX
8
CUT
10
156.2507
20
269.5837
0
VERTEX
8
CUT
10
156.0181
20
269.6315
0
VERTEX
8
CUT
10
155.5984
20
269.6972
0
VERTEX
8
CUT
10
155.3306
20
269.7244
0
VERTEX
8
CUT
10
155.0614
20
269.7227
0
VERTEX
8
CUT
10
154.7940
20
269.6921
0
VERTEX
8
CUT
10
154.5314
20
269.6328
0
VERTEX
8
CUT
10
154.1197
20
269.5164
0
VERTEX
8
CUT
10
153.8896
20
269.4391
0
VERTEX
8
CUT
10
153.6681
20
269.3398
0
VERTEX
8
CUT
10
153.4573
20
269.2195
0
VERTEX
8
CUT
10
153.2591
20
269.0794
0
VERTEX
8
CUT
10
152.7737
20
268.6994
0
VERTEX
8
CUT
10
152.6004
20
268.5505
0
VERTEX
8
CUT
10
152.4415
20
268.3864
0
VERTEX
8
CUT
10
152.2981
20
268.2084
0
VERTEX
8
CUT
10
152.1717
20
268.0182
0
VERTEX
8
CUT
10
151.8016
20
267.4021
0
VERTEX
8
CUT
10
151.6794
20
267.1725
0
VERTEX
8
CUT
10
151.5818
20
266.9315
0
VERTEX
8
CUT
10
151.5098
20
266.6817
0
SEQEND
0
POLYLINE
8
CUT
66
1
70
1
10
0.0
20
0.0
30
0.0
0
VERTEX
8
CUT
10
124.7997
20
47.2953
0
VERTEX
8
CUT
10
124.8178
20
47.0610
0
VERTEX
8
CUT
10
124.8579
20
46.8295
0
VERTEX
8
CUT
10
124.9195
20
46.6027
0
VERTEX
8
CUT
10
125.2107
20
45.7008
0
VERTEX
8
CUT
10
125.2931
20
45.4815
0
VERTEX
8
CUT
10
125.3956
20
45.2709
0
VERTEX
8
CUT
10
125.5173
20
45.0708
0
VERTEX
8
CUT
10
125.6341
20
44.8977
0
VERTEX
8
CUT
10
125.7063
20
44.7528
0
VERTEX
8
CUT
10
125.8302
20
44.5329
0
VERTEX
8
CUT
10
125.9757
20
44.3266
0
VERTEX
8
CUT
10
126.1412
20
44.1360
0
VERTEX
8
CUT
10
126.1640
20
44.1122
0
VERTEX
8
CUT
10
126.1772
20
44.0927
0
VERTEX
8
CUT
10
126.3116
20
43.9117
0
VERTEX
8
CUT
10
126.4617
20
43.7435
0
VERTEX
8
CUT
10
126.6264
20
43.5895
0
VERTEX
8
CUT
10
126.8980
20
43.3576
0
VERTEX
8
CUT
10
126.9414
20
43.3161
0
VERTEX
8
CUT
10
127.0364
20
43.2395
0
VERTEX
8
CUT
10
127.4272
20
42.9058
0
VERTEX
8
CUT
10
127.6480
20
42.7376
0
VERTEX
8
CUT
10
127.8861
20
42.5948
0
VERTEX
8
CUT
10
128.2377
20
42.4098
0
VERTEX
8
CUT
10
128.5376
20
42.2763
0
VERTEX
8
CUT
10
128.9175
20
42.1363
0
VERTEX
8
CUT
10
129.1755
20
42.0568
0
VERTEX
8
CUT
10
129.4407
20
42.0055
0
VERTEX
8
CUT
10
130.3731
20
41.8771
0
VERTEX
8
CUT
10
130.6040
20
41.8561
0
VERTEX
8
CUT
10
130.8358
20
41.8567
0
VERTEX
8
CUT
10
131.0667
20
41.8787
0
VERTEX
8
CUT
10
131.9923
20
42.0105
0
VERTEX
8
CUT
10
132.2206
20
42.0539
0
VERTEX
8
CUT
10
132.4439
20
42.1184
0
VERTEX
8
CUT
10
132.6603
20
42.2032
0
VERTEX
8
CUT
10
132.8678
20
42.3079
0
VERTEX
8
CUT
10
134.1311
20
43.0202
0
VERTEX
8
CUT
10
134.3432
20
43.1542
0
VERTEX
8
CUT
10
134.5407
20
43.3088
0
VERTEX
8
CUT
10
134.7218
20
43.4824
0
VERTEX
8
CUT
10
135.2154
20
44.0058
0
VERTEX
8
CUT
10
135.3893
20
44.2111
0
VERTEX
8
CUT
10
135.5400
20
44.4340
0
VERTEX
8
CUT
10
135.9467
20
45.1111
0
VERTEX
8
CUT
10
136.0566
20
45.3148
0
VERTEX
8
CUT
10
136.1471
20
45.5278
0
VERTEX
8
CUT
10
136.4121
20
46.2411
0
VERTEX
8
CUT
10
136.4934
20
46.5035
0
VERTEX
8
CUT
10
136.5455
20
46.7732
0
VERTEX
8
CUT
10
136.6390
20
47.4570
0
VERTEX
8
CUT
10
136.6606
20
47.7113
0
VERTEX
8
CUT
10
136.6561
20
47.9665
0
VERTEX
8
CUT
10
136.6099
20
48.6413
0
VERTEX
8
CUT
10
136.5753
20
48.9179
0
VERTEX
8
CUT
10
136.5102
20
49.1890
0
VERTEX
8
CUT
10
136.3263
20
49.8017
0
VERTEX
8
CUT
10
136.2348
20
50.0559
0
VERTEX
8
CUT
10
136.1163
20
50.2988
0
VERTEX
8
CUT
10
135.7510
20
50.9552
0
VERTEX
8
CUT
10
135.6169
20
51.1698
0
VERTEX
8
CUT
10
135.4618
20
51.3697
0
VERTEX
8
CUT
10
134.9175
20
52.0025
0
VERTEX
8
CUT
10
134.7567
20
52.1726
0
VERTEX
8
CUT
10
134.5808
20
52.3269
0
VERTEX
8
CUT
10
133.9039
20
52.8666
0
VERTEX
8
CUT
10
133.6957
20
53.0158
0
VERTEX
8
CUT
10
133.4734
20
53.1429
0
VERTEX
8
CUT
10
132.9480
20
53.4086
0
VERTEX
8
CUT
10
132.7206
20
53.5096
0
VERTEX
8
CUT
10
132.4844
20
53.5876
0
VERTEX
8
CUT
10
132.2415
20
53.6417
0
VERTEX
8
CUT
10
131.2311
20
53.8145
0
VERTEX
8
CUT
10
131.0108
20
53.8422
0
VERTEX
8
CUT
10
130.7890
20
53.8503
0
VERTEX
8
CUT
10
130.5673
20
53.8386
0
VERTEX
8
CUT
10
130.3475
20
53.8073
0
VERTEX
8
CUT
10
129.1513
20
53.5822
0
VERTEX
8
CUT
10
128.9332
20
53.5564
0
VERTEX
8
CUT
10
128.6937
20
53.5039
0
VERTEX
8
CUT
10
128.4606
20
53.4282
0
VERTEX
8
CUT
10
128.2360
20
53.3300
0
VERTEX
8
CUT
10
127.9198
20
53.1729
0
VERTEX
8
CUT
10
127.7358
20
53.0716
0
VERTEX
8
CUT
10
127.5611
20
52.9553
0
VERTEX
8
CUT
10
127.3967
20
52.8248
0
VERTEX
8
CUT
10
127.3848
20
52.8145
0
VERTEX
8
CUT
10
127.2335
20
52.7237
0
VERTEX
8
CUT
10
127.0541
20
52.6053
0
VERTEX
8
CUT
10
126.8856
20
52.4719
0
VERTEX
8
CUT
10
126.7291
20
52.3245
0
VERTEX
8
CUT
10
126.1135
20
51.6925
0
VERTEX
8
CUT
10
125.9618
20
51.5220
0
VERTEX
8
CUT
10
125.8264
20
51.3383
0
VERTEX
8
CUT
10
125.7083
20
51.1430
0
VERTEX
8
CUT
10
125.2862
20
50.3672
0
VERTEX
8
CUT
10
125.1885
20
50.1670
0
VERTEX
8
CUT
10
125.1091
20
49.9589
0
VERTEX
8
CUT
10
125.0485
20
49.7446
0
VERTEX
8
CUT
10
124.8376
20
48.8478
0
VERTEX
8
CUT
10
124.7970
20
48.6340
0
VERTEX
8
CUT
10
124.7752
20
48.4175
0
VERTEX
8
CUT
10
124.7723
20
48.1999
0
SEQEND
0
POLYLINE
8
CUT
66
1
70
1
10
0.0
20
0.0
30
0.0
0
VERTEX
8
CUT
10
130.7569
20
71.1253
0
VERTEX
8
CUT
10
130.9937
20
71.1908
0
VERTEX
8
CUT
10
131.2229
20
71.2793
0
VERTEX
8
CUT
10
131.4423
20
71.3898
0
VERTEX
8
CUT
10
131.6498
20
71.5213
0
VERTEX
8
CUT
10
131.8434
20
71.6726
0
VERTEX
8
CUT
10
132.0212
20
71.8421
0
VERTEX
8
CUT
10
132.1815
20
72.0282
0
VERTEX
8
CUT
10
132.3228
20
72.2292
0
VERTEX
8
CUT
10
132.4436
20
72.4431
0
VERTEX
8
CUT
10
132.5429
20
72.6678
0
VERTEX
8
CUT
10
132.6197
20
72.9012
0
VERTEX
8
CUT
10
132.6731
20
73.1410
0
VERTEX
8
CUT
10
132.7028
20
73.3849
0
VERTEX
8
CUT
10
132.7084
20
73.6305
0
VERTEX
8
CUT
10
132.6899
20
73.8754
0
VERTEX
8
CUT
10
132.6474
20
74.1174
0
VERTEX
8
CUT
10
132.5813
20
74.3540
0
VERTEX
8
CUT
10
132.4924
20
74.5830
0
VERTEX
8
CUT
10
132.3814
20
74.8022
0
VERTEX
8
CUT
10
132.2495
20
75.0094
0
VERTEX
8
CUT
10
132.0978
20
75.2027
0
VERTEX
8
CUT
10
131.9279
20
75.3801
0
VERTEX
8
CUT
10
131.7414
20
75.5401
0
VERTEX
8
CUT
10
131.5401
20
75.6809
0
VERTEX
8
CUT
10
131.3260
20
75.8013
0
VERTEX
8
CUT
10
131.1010
20
75.9001
0
VERTEX
8
CUT
10
130.8675
20
75.9763
0
VERTEX
8
CUT
10
126.3740
20
77.2027
0
VERTEX
8
CUT
10
126.2270
20
77.2461
0
VERTEX
8
CUT
10
126.1277
20
77.2776
0
VERTEX
8
CUT
10
125.9825
20
77.3270
0
VERTEX
8
CUT
10
119.8021
20
79.5705
0
VERTEX
8
CUT
10
119.6688
20
79.6218
0
VERTEX
8
CUT
10
119.5789
20
79.6583
0
VERTEX
8
CUT
10
119.4476
20
79.7147
0
VERTEX
8
CUT
10
113.3262
20
82.4807
0
VERTEX
8
CUT
10
113.2238
20
82.5288
0
VERTEX
8
CUT
10
113.1547
20
82.5626
0
VERTEX
8
CUT
10
113.0538
20
82.6138
0
VERTEX
8
CUT
10
109.9731
20
84.2362
0
VERTEX
8
CUT
10
109.9094
20
84.2705
0
VERTEX
8
CUT
10
109.8664
20
84.2942
0
VERTEX
8
CUT
10
109.8034
20
84.3298
0
VERTEX
8
CUT
10
106.9738
20
85.9623
0
VERTEX
8
CUT
10
106.8580
20
86.0320
0
VERTEX
8
CUT
10
106.7801
20
86.0807
0
VERTEX
8
CUT
10
106.6668
20
86.1545
0
VERTEX
8
CUT
10
101.6051
20
89.5834
0
VERTEX
8
CUT
10
101.4291
20
89.7101
0
VERTEX
8
CUT
10
101.3122
20
89.7996
0
VERTEX
8
CUT
10
101.1439
20
89.9363
0
VERTEX
8
CUT
10
96.6651
20
93.7943
0
VERTEX
8
CUT
10
96.5126
20
93.9332
0
VERTEX
8
CUT
10
96.4116
20
94.0303
0
VERTEX
8
CUT
10
96.2669
20
94.1774
0
VERTEX
8
CUT
10
89.1553
20
101.8165
0
VERTEX
8
CUT
10
88.9636
20
102.0016
0
VERTEX
8
CUT
10
88.7532
20
102.1652
0
VERTEX
8
CUT
10
86.5244
20
103.7159
0
VERTEX
8
CUT
10
86.3377
20
103.8339
0
VERTEX
8
CUT
10
86.1412
20
103.9350
0
VERTEX
8
CUT
10
85.9366
20
104.0184
0
VERTEX
8
CUT
10
84.5248
20
104.5220
0
VERTEX
8
CUT
10
84.3174
20
104.5860
0
VERTEX
8
CUT
10
84.1053
20
104.6317
0
VERTEX
8
CUT
10
83.8900
20
104.6589
0
VERTEX
8
CUT
10
82.5692
20
104.7677
0
VERTEX
8
CUT
10
82.3404
20
104.7760
0
VERTEX
8
CUT
10
82.1118
20
104.7633
0
VERTEX
8
CUT
10
81.8854
20
104.7298
0
VERTEX
8
CUT
10
81.0083
20
104.5587
0
VERTEX
8
CUT
10
80.7396
20
104.4907
0
VERTEX
8
CUT
10
80.4800
20
104.3933
0
VERTEX
8
CUT
10
80.2329
20
104.2677
0
VERTEX
8
CUT
10
79.6559
20
103.9331
0
VERTEX
8
CUT
10
79.4632
20
103.8093
0
VERTEX
8
CUT
10
79.2827
20
103.6684
0
VERTEX
8
CUT
10
79.1159
20
103.5115
0
VERTEX
8
CUT
10
78.9641
20
103.3401
0
VERTEX
8
CUT
10
78.7416
20
103.0642
0
VERTEX
8
CUT
10
78.7193
20
103.0421
0
VERTEX
8
CUT
10
78.5528
20
102.8379
0
VERTEX
8
CUT
10
78.5260
20
102.7969
0
VERTEX
8
CUT
10
78.4854
20
102.7466
0
VERTEX
8
CUT
10
78.3508
20
102.5633
0
VERTEX
8
CUT
10
78.2335
20
102.3686
0
VERTEX
8
CUT
10
78.1343
20
102.1641
0
VERTEX
8
CUT
10
78.0962
20
102.0630
0
VERTEX
8
CUT
10
78.0522
20
101.9774
0
VERTEX
8
CUT
10
77.9592
20
101.7391
0
VERTEX
8
CUT
10
77.8909
20
101.4926
0
VERTEX
8
CUT
10
77.8611
20
101.3588
0
VERTEX
8
CUT
10
77.7844
20
101.1234
0
VERTEX
8
CUT
10
77.7260
20
100.9133
0
VERTEX
8
CUT
10
77.6861
20
100.6989
0
VERTEX
8
CUT
10
77.6650
20
100.4818
0
VERTEX
8
CUT
10
77.6629
20
100.2637
0
VERTEX
8
CUT
10
77.6664
20
100.1623
0
VERTEX
8
CUT
10
77.6672
20
100.0623
0
VERTEX
8
CUT
10
77.6744
20
99.9298
0
VERTEX
8
CUT
10
77.7140
20
98.7693
0
VERTEX
8
CUT
10
77.7379
20
98.4994
0
VERTEX
8
CUT
10
77.7909
20
98.2337
0
VERTEX
8
CUT
10
77.8723
20
97.9753
0
VERTEX
8
CUT
10
78.1015
20
97.3655
0
VERTEX
8
CUT
10
78.1021
20
97.3629
0
VERTEX
8
CUT
10
78.1632
20
97.1540
0
VERTEX
8
CUT
10
78.2422
20
96.9513
0
VERTEX
8
CUT
10
78.3436
20
96.7213
0
VERTEX
8
CUT
10
78.7036
20
95.7633
0
VERTEX
8
CUT
10
78.8049
20
95.5304
0
VERTEX
8
CUT
10
78.9293
20
95.3089
0
VERTEX
8
CUT
10
80.5648
20
92.7164
0
VERTEX
8
CUT
10
80.6823
20
92.5462
0
VERTEX
8
CUT
10
80.8134
20
92.3863
0
VERTEX
8
CUT
10
83.1880
20
89.7237
0
VERTEX
8
CUT
10
83.4084
20
89.5055
0
VERTEX
8
CUT
10
86.4401
20
86.8553
0
VERTEX
8
CUT
10
86.6403
20
86.6976
0
VERTEX
8
CUT
10
90.3372
20
84.0784
0
VERTEX
8
CUT
10
90.5241
20
83.9581
0
VERTEX
8
CUT
10
94.7303
20
81.5080
0
VERTEX
8
CUT
10
94.7608
20
81.4905
0
VERTEX
8
CUT
10
94.7664
20
81.4873
0
VERTEX
8
CUT
10
94.8978
20
81.4183
0
VERTEX
8
CUT
10
99.6265
20
79.1108
0
VERTEX
8
CUT
10
99.6559
20
79.0966
0
VERTEX
8
CUT
10
99.6611
20
79.0942
0
VERTEX
8
CUT
10
99.7863
20
79.0393
0
VERTEX
8
CUT
10
104.8935
20
76.9623
0
VERTEX
8
CUT
10
105.0861
20
76.8930
0
VERTEX
8
CUT
10
112.4220
20
74.5886
0
VERTEX
8
CUT
10
112.6194
20
74.5354
0
VERTEX
8
CUT
10
121.0916
20
72.6177
0
VERTEX
8
CUT
10
121.1151
20
72.6125
0
VERTEX
8
CUT
10
121.1193
20
72.6116
0
VERTEX
8
CUT
10
121.2189
20
72.5922
0
VERTEX
8
CUT
10
129.7805
20
71.1016
0
VERTEX
8
CUT
10
130.0243
20
71.0714
0
VERTEX
8
CUT
10
130.2699
20
71.0653
0
VERTEX
8
CUT
10
130.5149
20
71.0833
0
SEQEND
0
POLYLINE
8
CUT
66
1
70
1
10
0.0
20
0.0
30
0.0
0
VERTEX
8
CUT
10
118.6598
20
243.3427
0
VERTEX
8
CUT
10
118.7538
20
243.1531
0
VERTEX
8
CUT
10
118.8636
20
242.9721
0
VERTEX
8
CUT
10
118.9883
20
242.8010
0
VERTEX
8
CUT
10
119.2541
20
242.4669
0
VERTEX
8
CUT
10
119.4561
20
242.2424
0
VERTEX
8
CUT
10
119.6837
20
242.0439
0
VERTEX
8
CUT
10
119.9644
20
241.8274
0
VERTEX
8
CUT
10
120.1323
20
241.7085
0
VERTEX
8
CUT
10
120.3095
20
241.6039
0
VERTEX
8
CUT
10
120.4946
20
241.5142
0
VERTEX
8
CUT
10
120.8864
20
241.3440
0
VERTEX
8
CUT
10
121.1010
20
241.2622
0
VERTEX
8
CUT
10
121.3221
20
241.2005
0
VERTEX
8
CUT
10
121.5480
20
241.1593
0
VERTEX
8
CUT
10
121.8282
20
241.1215
0
VERTEX
8
CUT
10
122.0459
20
241.1017
0
VERTEX
8
CUT
10
122.2644
20
241.1010
0
VERTEX
8
CUT
10
122.4822
20
241.1194
0
VERTEX
8
CUT
10
122.7226
20
241.1503
0
VERTEX
8
CUT
10
122.9660
20
241.1940
0
VERTEX
8
CUT
10
123.2039
20
241.2615
0
VERTEX
8
CUT
10
123.4340
20
241.3522
0
VERTEX
8
CUT
10
123.5536
20
241.4063
0
VERTEX
8
CUT
10
123.6851
20
241.4455
0
VERTEX
8
CUT
10
123.9427
20
241.5549
0
VERTEX
8
CUT
10
123.9901
20
241.5782
0
VERTEX
8
CUT
10
124.1869
20
241.6863
0
VERTEX
8
CUT
10
124.3732
20
241.8117
0
VERTEX
8
CUT
10
124.5475
20
241.9533
0
VERTEX
8
CUT
10
124.7440
20
242.1281
0
VERTEX
8
CUT
10
124.8996
20
242.2792
0
VERTEX
8
CUT
10
125.0416
20
242.4432
0
VERTEX
8
CUT
10
125.1458
20
242.5871
0
VERTEX
8
CUT
10
125.2793
20
242.7338
0
VERTEX
8
CUT
10
125.3305
20
242.8017
0
VERTEX
8
CUT
10
125.3350
20
242.8069
0
VERTEX
8
CUT
10
125.3471
20
242.8238
0
VERTEX
8
CUT
10
125.4188
20
242.9190
0
VERTEX
8
CUT
10
125.4388
20
242.9514
0
VERTEX
8
CUT
10
125.4666
20
242.9900
0
VERTEX
8
CUT
10
125.5811
20
243.1842
0
VERTEX
8
CUT
10
125.8309
20
243.6548
0
VERTEX
8
CUT
10
125.9354
20
243.8775
0
VERTEX
8
CUT
10
126.0175
20
244.1093
0
VERTEX
8
CUT
10
126.0764
20
244.3481
0
VERTEX
8
CUT
10
126.1116
20
244.5915
0
VERTEX
8
CUT
10
126.1519
20
245.0184
0
VERTEX
8
CUT
10
126.1630
20
245.2590
0
VERTEX
8
CUT
10
126.1509
20
245.4995
0
VERTEX
8
CUT
10
126.1157
20
245.7378
0
VERTEX
8
CUT
10
126.0578
20
245.9716
0
VERTEX
8
CUT
10
125.8895
20
246.5330
0
VERTEX
8
CUT
10
125.8171
20
246.7407
0
VERTEX
8
CUT
10
125.7268
20
246.9412
0
VERTEX
8
CUT
10
125.6192
20
247.1330
0
VERTEX
8
CUT
10
125.4952
20
247.3147
0
VERTEX
8
CUT
10
125.1869
20
247.7260
0
VERTEX
8
CUT
10
125.0386
20
247.9056
0
VERTEX
8
CUT
10
124.8743
20
248.0707
0
VERTEX
8
CUT
10
124.6954
20
248.2198
0
VERTEX
8
CUT
10
124.5034
20
248.3516
0
VERTEX
8
CUT
10
124.1036
20
248.5993
0
VERTEX
8
CUT
10
123.8646
20
248.7300
0
VERTEX
8
CUT
10
123.6129
20
248.8338
0
VERTEX
8
CUT
10
123.3514
20
248.9097
0
VERTEX
8
CUT
10
122.9424
20
249.0045
0
VERTEX
8
CUT
10
122.6888
20
249.0497
0
VERTEX
8
CUT
10
122.4319
20
249.0686
0
VERTEX
8
CUT
10
122.1744
20
249.0609
0
VERTEX
8
CUT
10
121.7206
20
249.0238
0
VERTEX
8
CUT
10
121.4768
20
248.9918
0
VERTEX
8
CUT
10
121.2373
20
248.9360
0
VERTEX
8
CUT
10
121.0044
20
248.8569
0
VERTEX
8
CUT
10
120.5000
20
248.6574
0
VERTEX
8
CUT
10
120.2584
20
248.5467
0
VERTEX
8
CUT
10
120.0300
20
248.4109
0
VERTEX
8
CUT
10
119.8173
20
248.2517
0
VERTEX
8
CUT
10
119.4639
20
247.9567
0
VERTEX
8
CUT
10
119.3004
20
247.8075
0
VERTEX
8
CUT
10
119.1508
20
247.6443
0
VERTEX
8
CUT
10
119.0161
20
247.4686
0
VERTEX
8
CUT
10
118.8976
20
247.2817
0
VERTEX
8
CUT
10
118.8939
20
247.2752
0
VERTEX
8
CUT
10
118.8500
20
247.2185
0
VERTEX
8
CUT
10
118.7284
20
247.0282
0
VERTEX
8
CUT
10
118.6244
20
246.8276
0
VERTEX
8
CUT
10
118.5079
20
246.5756
0
VERTEX
8
CUT
10
118.4216
20
246.3637
0
VERTEX
8
CUT
10
118.3549
20
246.1449
0
VERTEX
8
CUT
10
118.3085
20
245.9208
0
VERTEX
8
CUT
10
118.2718
20
245.6906
0
VERTEX
8
CUT
10
118.2446
20
245.4398
0
VERTEX
8
CUT
10
118.2429
20
245.1875
0
VERTEX
8
CUT
10
118.2478
20
245.1352
0
VERTEX
8
CUT
10
118.2472
20
244.9076
0
VERTEX
8
CUT
10
118.2727
20
244.6524
0
VERTEX
8
CUT
10
118.3238
20
244.3172
0
VERTEX
8
CUT
10
118.3670
20
244.0991
0
VERTEX
8
CUT
10
118.4294
20
243.8857
0
VERTEX
8
CUT
10
118.5106
20
243.6787
0
SEQEND
0
POLYLINE
8
CUT
66
1
70
1
10
0.0
20
0.0
30
0.0
0
VERTEX
8
CUT
10
97.0926
20
30.7472
0
VERTEX
8
CUT
10
97.2572
20
30.5686
0
VERTEX
8
CUT
10
97.4384
20
30.4067
0
VERTEX
8
CUT
10
97.6344
20
30.2633
0
VERTEX
8
CUT
10
97.8434
20
30.1395
0
VERTEX
8
CUT
10
98.0635
20
30.0366
0
VERTEX
8
CUT
10
98.2925
20
29.9555
0
VERTEX
8
CUT
10
98.5283
20
29.8971
0
VERTEX
8
CUT
10
98.7686
20
29.8618
0
VERTEX
8
CUT
10
99.0112
20
29.8500
0
VERTEX
8
CUT
10
99.0847
20
29.8500
0
VERTEX
8
CUT
10
103.5510
20
29.8500
0
VERTEX
8
CUT
10
103.6146
20
29.8500
0
VERTEX
8
CUT
10
103.8511
20
29.8612
0
VERTEX
8
CUT
10
104.0854
20
29.8947
0
VERTEX
8
CUT
10
104.3156
20
29.9503
0
VERTEX
8
CUT
10
104.5395
20
30.0274
0
VERTEX
8
CUT
10
104.7550
20
30.1253
0
VERTEX
8
CUT
10
104.9604
20
30.2432
0
VERTEX
8
CUT
10
105.1537
20
30.3799
0
VERTEX
8
CUT
10
105.3331
20
30.5344
0
VERTEX
8
CUT
10
105.4972
20
30.7051
0
VERTEX
8
CUT
10
105.6444
20
30.8906
0
VERTEX
8
CUT
10
105.7733
20
31.0891
0
VERTEX
8
CUT
10
106.1540
20
31.7409
0
VERTEX
8
CUT
10
106.2830
20
31.9937
0
VERTEX
8
CUT
10
106.3825
20
32.2595
0
VERTEX
8
CUT
10
106.4513
20
32.5348
0
VERTEX
8
CUT
10
106.5355
20
32.9778
0
VERTEX
8
CUT
10
106.5678
20
33.2031
0
VERTEX
8
CUT
10
106.5794
20
33.4304
0
VERTEX
8
CUT
10
106.5704
20
33.6579
0
VERTEX
8
CUT
10
106.5407
20
33.8835
0
VERTEX
8
CUT
10
106.4906
20
34.1055
0
VERTEX
8
CUT
10
106.2009
20
35.1626
0
VERTEX
8
CUT
10
106.1272
20
35.3886
0
VERTEX
8
CUT
10
106.0324
20
35.6066
0
VERTEX
8
CUT
10
105.9174
20
35.8146
0
VERTEX
8
CUT
10
105.7830
20
36.0108
0
VERTEX
8
CUT
10
104.8649
20
37.2236
0
VERTEX
8
CUT
10
104.6799
20
37.4410
0
VERTEX
8
CUT
10
104.4714
20
37.6358
0
VERTEX
8
CUT
10
104.2421
20
37.8056
0
VERTEX
8
CUT
10
103.7342
20
38.1385
0
VERTEX
8
CUT
10
103.5549
20
38.2456
0
VERTEX
8
CUT
10
103.3672
20
38.3373
0
VERTEX
8
CUT
10
103.1726
20
38.4131
0
VERTEX
8
CUT
10
103.0659
20
38.4496
0
VERTEX
8
CUT
10
102.8583
20
38.5107
0
VERTEX
8
CUT
10
102.6462
20
38.5536
0
VERTEX
8
CUT
10
102.4312
20
38.5780
0
VERTEX
8
CUT
10
101.4998
20
38.6430
0
VERTEX
8
CUT
10
101.2203
20
38.6469
0
VERTEX
8
CUT
10
100.9421
20
38.6195
0
VERTEX
8
CUT
10
100.6688
20
38.5612
0
VERTEX
8
CUT
10
99.2154
20
38.1654
0
VERTEX
8
CUT
10
98.9897
20
38.0923
0
VERTEX
8
CUT
10
98.7719
20
37.9981
0
VERTEX
8
CUT
10
98.5641
20
37.8836
0
VERTEX
8
CUT
10
98.3680
20
37.7500
0
VERTEX
8
CUT
10
97.9317
20
37.4213
0
VERTEX
8
CUT
10
97.7602
20
37.2798
0
VERTEX
8
CUT
10
97.6021
20
37.1236
0
VERTEX
8
CUT
10
97.4584
20
36.9539
0
VERTEX
8
CUT
10
97.3303
20
36.7722
0
VERTEX
8
CUT
10
96.9176
20
36.1273
0
VERTEX
8
CUT
10
96.8089
20
35.9399
0
VERTEX
8
CUT
10
96.7167
20
35.7438
0
VERTEX
8
CUT
10
96.6419
20
35.5404
0
VERTEX
8
CUT
10
96.5771
20
35.3377
0
VERTEX
8
CUT
10
96.5037
20
35.0497
0
VERTEX
8
CUT
10
96.4649
20
34.7549
0
VERTEX
8
CUT
10
96.4187
20
34.1070
0
VERTEX
8
CUT
10
96.3370
20
33.4696
0
VERTEX
8
CUT
10
96.3175
20
33.2157
0
VERTEX
8
CUT
10
96.3240
20
32.9612
0
VERTEX
8
CUT
10
96.3394
20
32.8406
0
VERTEX
8
CUT
10
96.3393
20
32.8358
0
VERTEX
8
CUT
10
96.3560
20
32.6000
0
VERTEX
8
CUT
10
96.3949
20
32.3668
0
VERTEX
8
CUT
10
96.4556
20
32.1384
0
VERTEX
8
CUT
10
96.6282
20
31.5942
0
VERTEX
8
CUT
10
96.7128
20
31.3665
0
VERTEX
8
CUT
10
96.8191
20
31.1480
0
VERTEX
8
CUT
10
96.9461
20
30.9410
0
SEQEND
0
POLYLINE
8
CUT
66
1
70
1
10
0.0
20
0.0
30
0.0
0
VERTEX
8
CUT
10
99.7306
20
174.3386
0
VERTEX
8
CUT
10
99.9348
20
174.2161
0
VERTEX
8
CUT
10
100.1497
20
174.1137
0
VERTEX
8
CUT
10
100.3734
20
174.0321
0
VERTEX
8
CUT
10
100.6038
20
173.9722
0
VERTEX
8
CUT
10
100.8389
20
173.9345
0
VERTEX
8
CUT
10
101.2133
20
173.8925
0
VERTEX
8
CUT
10
101.4684
20
173.8771
0
VERTEX
8
CUT
10
101.7237
20
173.8878
0
VERTEX
8
CUT
10
101.9766
20
173.9246
0
VERTEX
8
CUT
10
102.2244
20
173.9869
0
VERTEX
8
CUT
10
102.4645
20
174.0742
0
VERTEX
8
CUT
10
102.6945
20
174.1856
0
VERTEX
8
CUT
10
102.9119
20
174.3198
0
VERTEX
8
CUT
10
103.1145
20
174.4756
0
VERTEX
8
CUT
10
103.2508
20
174.5919
0
VERTEX
8
CUT
10
103.4140
20
174.7444
0
VERTEX
8
CUT
10
103.5630
20
174.9108
0
VERTEX
8
CUT
10
103.6966
20
175.0899
0
VERTEX
8
CUT
10
103.8136
20
175.2801
0
VERTEX
8
CUT
10
103.8786
20
175.3972
0
VERTEX
8
CUT
10
103.9845
20
175.6116
0
VERTEX
8
CUT
10
104.0694
20
175.8351
0
VERTEX
8
CUT
10
104.1326
20
176.0657
0
VERTEX
8
CUT
10
104.1735
20
176.3013
0
VERTEX
8
CUT
10
104.1917
20
176.5398
0
VERTEX
8
CUT
10
104.1870
20
176.7789
0
VERTEX
8
CUT
10
104.1595
20
177.0164
0
VERTEX
8
CUT
10
104.1094
20
177.2502
0
VERTEX
8
CUT
10
104.0496
20
177.4391
0
VERTEX
8
CUT
10
104.0368
20
177.4978
0
VERTEX
8
CUT
10
103.9613
20
177.7317
0
VERTEX
8
CUT
10
103.8631
20
177.9570
0
VERTEX
8
CUT
10
103.7433
20
178.1716
0
VERTEX
8
CUT
10
103.6030
20
178.3734
0
VERTEX
8
CUT
10
103.4436
20
178.5604
0
VERTEX
8
CUT
10
103.2666
20
178.7309
0
VERTEX
8
CUT
10
103.0737
20
178.8832
0
VERTEX
8
CUT
10
103.0170
20
178.9195
0
VERTEX
8
CUT
10
102.8605
20
179.0476
0
VERTEX
8
CUT
10
102.6581
20
179.1826
0
VERTEX
8
CUT
10
102.4436
20
179.2974
0
VERTEX
8
CUT
10
102.2189
20
179.3907
0
VERTEX
8
CUT
10
101.9862
20
179.4618
0
VERTEX
8
CUT
10
101.9286
20
179.4764
0
VERTEX
8
CUT
10
101.6998
20
179.5230
0
VERTEX
8
CUT
10
101.4677
20
179.5480
0
VERTEX
8
CUT
10
101.2342
20
179.5514
0
VERTEX
8
CUT
10
101.0014
20
179.5329
0
VERTEX
8
CUT
10
100.7714
20
179.4927
0
VERTEX
8
CUT
10
100.6905
20
179.4747
0
VERTEX
8
CUT
10
100.4705
20
179.4150
0
VERTEX
8
CUT
10
100.2569
20
179.3355
0
VERTEX
8
CUT
10
100.0515
20
179.2369
0
VERTEX
8
CUT
10
99.8559
20
179.1201
0
VERTEX
8
CUT
10
99.6717
20
178.9858
0
VERTEX
8
CUT
10
99.5005
20
178.8354
0
VERTEX
8
CUT
10
99.3437
20
178.6700
0
VERTEX
8
CUT
10
99.2018
20
178.5059
0
VERTEX
8
CUT
10
99.0628
20
178.3298
0
VERTEX
8
CUT
10
98.9402
20
178.1420
0
VERTEX
8
CUT
10
98.8349
20
177.9440
0
VERTEX
8
CUT
10
98.7478
20
177.7373
0
VERTEX
8
CUT
10
98.6795
20
177.5237
0
VERTEX
8
CUT
10
98.5987
20
177.2252
0
VERTEX
8
CUT
10
98.5471
20
176.9903
0
VERTEX
8
CUT
10
98.5183
20
176.7515
0
VERTEX
8
CUT
10
98.5126
20
176.5110
0
VERTEX
8
CUT
10
98.5300
20
176.2711
0
VERTEX
8
CUT
10
98.5704
20
176.0340
0
VERTEX
8
CUT
10
98.6334
20
175.8019
0
VERTEX
8
CUT
10
98.7185
20
175.5769
0
VERTEX
8
CUT
10
98.8247
20
175.3611
0
VERTEX
8
CUT
10
98.9512
20
175.1565
0
VERTEX
8
CUT
10
99.0563
20
175.0035
0
VERTEX
8
CUT
10
99.2003
20
174.8139
0
VERTEX
8
CUT
10
99.3617
20
174.6388
0
VERTEX
8
CUT
10
99.5390
20
174.4799
0
SEQEND
0
POLYLINE
8
CUT
66
1
70
1
10
0.0
20
0.0
30
0.0
0
VERTEX
8
CUT
10
84.3144
20
61.2914
0
VERTEX
8
CUT
10
84.3627
20
61.2664
0
VERTEX
8
CUT
10
84.5772
20
61.1679
0
VERTEX
8
CUT
10
84.8000
20
61.0901
0
VERTEX
8
CUT
10
85.0291
20
61.0336
0
VERTEX
8
CUT
10
85.2626
20
60.9990
0
VERTEX
8
CUT
10
85.4983
20
60.9865
0
VERTEX
8
CUT
10
85.7341
20
60.9963
0
VERTEX
8
CUT
10
85.9679
20
61.0283
0
VERTEX
8
CUT
10
86.1977
20
61.0823
0
VERTEX
8
CUT
10
86.4214
20
61.1576
0
VERTEX
8
CUT
10
86.6369
20
61.2537
0
VERTEX
8
CUT
10
86.8425
20
61.3697
0
VERTEX
8
CUT
10
87.0361
20
61.5046
0
VERTEX
8
CUT
10
87.2162
20
61.6571
0
VERTEX
8
CUT
10
87.4014
20
61.8296
0
VERTEX
8
CUT
10
87.4158
20
61.8421
0
VERTEX
8
CUT
10
87.4231
20
61.8498
0
VERTEX
8
CUT
10
87.4455
20
61.8707
0
VERTEX
8
CUT
10
87.5970
20
62.0245
0
VERTEX
8
CUT
10
87.7346
20
62.1908
0
VERTEX
8
CUT
10
87.8573
20
62.3683
0
VERTEX
8
CUT
10
87.9046
20
62.4435
0
VERTEX
8
CUT
10
88.0267
20
62.6608
0
VERTEX
8
CUT
10
88.1266
20
62.8892
0
VERTEX
8
CUT
10
88.2032
20
63.1263
0
VERTEX
8
CUT
10
88.2558
20
63.3700
0
VERTEX
8
CUT
10
88.2839
20
63.6176
0
VERTEX
8
CUT
10
88.2872
20
63.8668
0
VERTEX
8
CUT
10
88.2657
20
64.1151
0
VERTEX
8
CUT
10
88.2195
20
64.3601
0
VERTEX
8
CUT
10
88.1492
20
64.5992
0
VERTEX
8
CUT
10
88.0554
20
64.8301
0
VERTEX
8
CUT
10
87.9391
20
65.0506
0
VERTEX
8
CUT
10
87.8404
20
65.1996
0
VERTEX
8
CUT
10
87.7876
20
65.2950
0
VERTEX
8
CUT
10
87.6537
20
65.4906
0
VERTEX
8
CUT
10
87.5019
20
65.6728
0
VERTEX
8
CUT
10
87.3335
20
65.8397
0
VERTEX
8
CUT
10
87.2663
20
65.9002
0
VERTEX
8
CUT
10
87.0775
20
66.0543
0
VERTEX
8
CUT
10
86.8747
20
66.1893
0
VERTEX
8
CUT
10
86.6596
20
66.3039
0
VERTEX
8
CUT
10
86.4344
20
66.3971
0
VERTEX
8
CUT
10
86.3285
20
66.4350
0
VERTEX
8
CUT
10
86.0864
20
66.5079
0
VERTEX
8
CUT
10
85.8382
20
66.5561
0
VERTEX
8
CUT
10
85.5865
20
66.5789
0
VERTEX
8
CUT
10
85.3337
20
66.5762
0
VERTEX
8
CUT
10
85.0825
20
66.5480
0
VERTEX
8
CUT
10
84.8354
20
66.4946
0
VERTEX
8
CUT
10
84.5950
20
66.4165
0
VERTEX
8
CUT
10
84.5321
20
66.3925
0
VERTEX
8
CUT
10
84.3079
20
66.2940
0
VERTEX
8
CUT
10
84.0944
20
66.1741
0
VERTEX
8
CUT
10
83.8936
20
66.0339
0
VERTEX
8
CUT
10
83.7076
20
65.8747
0
VERTEX
8
CUT
10
83.5380
20
65.6981
0
VERTEX
8
CUT
10
83.4631
20
65.6120
0
VERTEX
8
CUT
10
83.3156
20
65.4253
0
VERTEX
8
CUT
10
83.1865
20
65.2254
0
VERTEX
8
CUT
10
83.0771
20
65.0141
0
VERTEX
8
CUT
10
82.9882
20
64.7934
0
VERTEX
8
CUT
10
82.9207
20
64.5652
0
VERTEX
8
CUT
10
82.9090
20
64.5052
0
VERTEX
8
CUT
10
82.8973
20
64.4623
0
VERTEX
8
CUT
10
82.8472
20
64.2375
0
VERTEX
8
CUT
10
82.8179
20
64.0091
0
VERTEX
8
CUT
10
82.8098
20
63.7790
0
VERTEX
8
CUT
10
82.8229
20
63.5491
0
VERTEX
8
CUT
10
82.8571
20
63.3214
0
VERTEX
8
CUT
10
82.8823
20
63.1939
0
VERTEX
8
CUT
10
82.9376
20
62.9696
0
VERTEX
8
CUT
10
83.0133
20
62.7513
0
VERTEX
8
CUT
10
83.1088
20
62.5409
0
VERTEX
8
CUT
10
83.2234
20
62.3402
0
VERTEX
8
CUT
10
83.3560
20
62.1510
0
VERTEX
8
CUT
10
83.4851
20
61.9838
0
VERTEX
8
CUT
10
83.6628
20
61.7777
0
VERTEX
8
CUT
10
83.8619
20
61.5923
0
VERTEX
8
CUT
10
84.0800
20
61.4295
0
SEQEND
0
POLYLINE
8
CUT
66
1
70
1
10
0.0
20
0.0
30
0.0
0
VERTEX
8
CUT
10
67.4670
20
208.7743
0
VERTEX
8
CUT
10
67.4881
20
208.5858
0
VERTEX
8
CUT
10
67.6225
20
207.6932
0
VERTEX
8
CUT
10
67.6791
20
207.4209
0
VERTEX
8
CUT
10
67.7657
20
207.1566
0
VERTEX
8
CUT
10
67.9701
20
206.6328
0
VERTEX
8
CUT
10
68.0975
20
206.3570
0
VERTEX
8
CUT
10
68.2575
20
206.0987
0
VERTEX
8
CUT
10
68.7252
20
205.4370
0
VERTEX
8
CUT
10
68.8550
20
205.2689
0
VERTEX
8
CUT
10
68.9987
20
205.1124
0
VERTEX
8
CUT
10
69.9628
20
204.1481
0
VERTEX
8
CUT
10
70.1279
20
203.9971
0
VERTEX
8
CUT
10
70.3059
20
203.8615
0
VERTEX
8
CUT
10
70.4953
20
203.7423
0
VERTEX
8
CUT
10
71.8633
20
202.9646
0
VERTEX
8
CUT
10
72.0544
20
202.8665
0
VERTEX
8
CUT
10
72.2533
20
202.7853
0
VERTEX
8
CUT
10
72.4584
20
202.7214
0
VERTEX
8
CUT
10
72.8762
20
202.6106
0
VERTEX
8
CUT
10
73.0872
20
202.5644
0
VERTEX
8
CUT
10
73.3014
20
202.5365
0
VERTEX
8
CUT
10
73.5172
20
202.5272
0
VERTEX
8
CUT
10
74.8669
20
202.5276
0
VERTEX
8
CUT
10
75.1281
20
202.5413
0
VERTEX
8
CUT
10
75.3864
20
202.5823
0
VERTEX
8
CUT
10
75.6391
20
202.6500
0
VERTEX
8
CUT
10
77.1232
20
203.1324
0
VERTEX
8
CUT
10
77.3600
20
203.2229
0
VERTEX
8
CUT
10
77.5864
20
203.3369
0
VERTEX
8
CUT
10
77.8000
20
203.4732
0
VERTEX
8
CUT
10
79.3338
20
204.5648
0
VERTEX
8
CUT
10
79.5348
20
204.7240
0
VERTEX
8
CUT
10
79.7185
20
204.9030
0
VERTEX
8
CUT
10
79.8829
20
205.0998
0
VERTEX
8
CUT
10
80.0262
20
205.3125
0
VERTEX
8
CUT
10
80.7680
20
206.5450
0
VERTEX
8
CUT
10
80.8845
20
206.7622
0
VERTEX
8
CUT
10
80.9790
20
206.9898
0
VERTEX
8
CUT
10
81.0507
20
207.2255
0
VERTEX
8
CUT
10
81.3485
20
208.4119
0
VERTEX
8
CUT
10
81.3926
20
208.6274
0
VERTEX
8
CUT
10
81.4176
20
208.8459
0
VERTEX
8
CUT
10
81.4233
20
209.0658
0
VERTEX
8
CUT
10
81.4022
20
210.2295
0
VERTEX
8
CUT
10
81.3884
20
210.4498
0
VERTEX
8
CUT
10
81.3553
20
210.6680
0
VERTEX
8
CUT
10
81.3031
20
210.8825
0
VERTEX
8
CUT
10
80.9614
20
212.0572
0
VERTEX
8
CUT
10
80.8620
20
212.3360
0
VERTEX
8
CUT
10
80.7305
20
212.6010
0
VERTEX
8
CUT
10
80.1450
20
213.6236
0
VERTEX
8
CUT
10
80.0202
20
213.8200
0
VERTEX
8
CUT
10
79.8776
20
214.0038
0
VERTEX
8
CUT
10
79.7185
20
214.1737
0
VERTEX
8
CUT
10
78.9212
20
214.9491
0
VERTEX
8
CUT
10
78.7613
20
215.0918
0
VERTEX
8
CUT
10
78.5898
20
215.2203
0
VERTEX
8
CUT
10
78.4078
20
215.3336
0
VERTEX
8
CUT
10
77.3884
20
215.9096
0
VERTEX
8
CUT
10
77.1752
20
216.0169
0
VERTEX
8
CUT
10
76.9528
20
216.1034
0
VERTEX
8
CUT
10
76.7232
20
216.1683
0
VERTEX
8
CUT
10
75.4100
20
216.4727
0
VERTEX
8
CUT
10
75.1592
20
216.5175
0
VERTEX
8
CUT
10
74.9052
20
216.5365
0
VERTEX
8
CUT
10
74.1917
20
216.5536
0
VERTEX
8
CUT
10
73.8607
20
216.5396
0
VERTEX
8
CUT
10
73.2377
20
216.4716
0
VERTEX
8
CUT
10
72.9695
20
216.4274
0
VERTEX
8
CUT
10
72.7077
20
216.3545
0
VERTEX
8
CUT
10
71.3763
20
215.9040
0
VERTEX
8
CUT
10
71.1245
20
215.8033
0
VERTEX
8
CUT
10
70.8852
20
215.6760
0
VERTEX
8
CUT
10
70.5079
20
215.4482
0
VERTEX
8
CUT
10
70.2586
20
215.2762
0
VERTEX
8
CUT
10
70.0319
20
215.0753
0
VERTEX
8
CUT
10
69.0989
20
214.1418
0
VERTEX
8
CUT
10
68.9391
20
213.9659
0
VERTEX
8
CUT
10
68.7967
20
213.7757
0
VERTEX
8
CUT
10
68.6730
20
213.5728
0
VERTEX
8
CUT
10
67.8736
20
212.1090
0
VERTEX
8
CUT
10
67.7630
20
211.8793
0
VERTEX
8
CUT
10
67.6763
20
211.6395
0
VERTEX
8
CUT
10
67.6145
20
211.3921
0
VERTEX
8
CUT
10
67.5104
20
210.8616
0
VERTEX
8
CUT
10
67.4756
20
210.6249
0
VERTEX
8
CUT
10
67.4636
20
210.3861
0
VERTEX
8
CUT
10
67.4602
20
208.9639
0
SEQEND
0
POLYLINE
8
CUT
66
1
70
1
10
0.0
20
0.0
30
0.0
0
VERTEX
8
CUT
10
47.6480
20
65.1816
0
VERTEX
8
CUT
10
47.7179
20
64.9397
0
VERTEX
8
CUT
10
47.8118
20
64.7060
0
VERTEX
8
CUT
10
47.9287
20
64.4829
0
VERTEX
8
CUT
10
48.0675
20
64.2727
0
VERTEX
8
CUT
10
49.1314
20
62.8256
0
VERTEX
8
CUT
10
49.2650
20
62.6593
0
VERTEX
8
CUT
10
49.4123
20
62.5049
0
VERTEX
8
CUT
10
49.5722
20
62.3637
0
VERTEX
8
CUT
10
50.4774
20
61.6306
0
VERTEX
8
CUT
10
50.6675
20
61.4910
0
VERTEX
8
CUT
10
50.8698
20
61.3700
0
VERTEX
8
CUT
10
51.8096
20
60.8662
0
VERTEX
8
CUT
10
52.0184
20
60.7664
0
VERTEX
8
CUT
10
52.2357
20
60.6864
0
VERTEX
8
CUT
10
52.4593
20
60.6267
0
VERTEX
8
CUT
10
53.5099
20
60.3983
0
VERTEX
8
CUT
10
53.7443
20
60.3589
0
VERTEX
8
CUT
10
53.9813
20
60.3419
0
VERTEX
8
CUT
10
54.2190
20
60.3475
0
VERTEX
8
CUT
10
55.6413
20
60.4489
0
VERTEX
8
CUT
10
55.8488
20
60.4724
0
VERTEX
8
CUT
10
56.0537
20
60.5132
0
VERTEX
8
CUT
10
57.0935
20
60.7659
0
VERTEX
8
CUT
10
57.3494
20
60.8427
0
VERTEX
8
CUT
10
57.5956
20
60.9465
0
VERTEX
8
CUT
10
57.8294
20
61.0759
0
VERTEX
8
CUT
10
59.0845
20
61.8612
0
VERTEX
8
CUT
10
59.2937
20
62.0075
0
VERTEX
8
CUT
10
59.4868
20
62.1743
0
VERTEX
8
CUT
10
59.6620
20
62.3599
0
VERTEX
8
CUT
10
60.4871
20
63.3290
0
VERTEX
8
CUT
10
60.6291
20
63.5125
0
VERTEX
8
CUT
10
60.7536
20
63.7084
0
VERTEX
8
CUT
10
60.8594
20
63.9150
0
VERTEX
8
CUT
10
61.3935
20
65.0900
0
VERTEX
8
CUT
10
61.4780
20
65.3008
0
VERTEX
8
CUT
10
61.5430
20
65.5183
0
VERTEX
8
CUT
10
61.5880
20
65.7409
0
VERTEX
8
CUT
10
61.8005
20
67.1089
0
VERTEX
8
CUT
10
61.8237
20
67.3135
0
VERTEX
8
CUT
10
61.8300
20
67.5193
0
VERTEX
8
CUT
10
61.8193
20
67.7249
0
VERTEX
8
CUT
10
61.6921
20
69.0890
0
VERTEX
8
CUT
10
61.6617
20
69.3088
0
VERTEX
8
CUT
10
61.6119
20
69.5250
0
VERTEX
8
CUT
10
61.5432
20
69.7359
0
VERTEX
8
CUT
10
61.0677
20
71.0018
0
VERTEX
8
CUT
10
60.9693
20
71.2287
0
VERTEX
8
CUT
10
60.8491
20
71.4448
0
VERTEX
8
CUT
10
60.7080
20
71.6480
0
VERTEX
8
CUT
10
59.8579
20
72.7519
0
VERTEX
8
CUT
10
59.6986
20
72.9390
0
VERTEX
8
CUT
10
59.5217
20
73.1095
0
VERTEX
8
CUT
10
59.3289
20
73.2618
0
VERTEX
8
CUT
10
58.1900
20
74.0742
0
VERTEX
8
CUT
10
58.0126
20
74.1897
0
VERTEX
8
CUT
10
57.8261
20
74.2898
0
VERTEX
8
CUT
10
57.6318
20
74.3738
0
VERTEX
8
CUT
10
56.7775
20
74.7007
0
VERTEX
8
CUT
10
56.5282
20
74.7814
0
VERTEX
8
CUT
10
56.2719
20
74.8356
0
VERTEX
8
CUT
10
55.3523
20
74.9800
0
VERTEX
8
CUT
10
55.1110
20
75.0059
0
VERTEX
8
CUT
10
54.8682
20
75.0084
0
VERTEX
8
CUT
10
53.9074
20
74.9714
0
VERTEX
8
CUT
10
53.6626
20
74.9499
0
VERTEX
8
CUT
10
53.4210
20
74.9044
0
VERTEX
8
CUT
10
52.4659
20
74.6756
0
VERTEX
8
CUT
10
52.2646
20
74.6183
0
VERTEX
8
CUT
10
52.0688
20
74.5444
0
VERTEX
8
CUT
10
51.1729
20
74.1629
0
VERTEX
8
CUT
10
50.9530
20
74.0562
0
VERTEX
8
CUT
10
50.7445
20
73.9285
0
VERTEX
8
CUT
10
49.9109
20
73.3603
0
VERTEX
8
CUT
10
49.7240
20
73.2197
0
VERTEX
8
CUT
10
49.5511
20
73.0621
0
VERTEX
8
CUT
10
48.9109
20
72.4218
0
VERTEX
8
CUT
10
48.7687
20
72.2670
0
VERTEX
8
CUT
10
48.6399
20
72.1008
0
VERTEX
8
CUT
10
48.5256
20
71.9244
0
VERTEX
8
CUT
10
47.7988
20
70.6922
0
VERTEX
8
CUT
10
47.6971
20
70.5014
0
VERTEX
8
CUT
10
47.6123
20
70.3025
0
VERTEX
8
CUT
10
47.5450
20
70.0970
0
VERTEX
8
CUT
10
47.4956
20
69.8865
0
VERTEX
8
CUT
10
47.3075
20
68.8913
0
VERTEX
8
CUT
10
47.2768
20
68.6796
0
VERTEX
8
CUT
10
47.2643
20
68.4659
0
VERTEX
8
CUT
10
47.2449
20
67.2267
0
VERTEX
8
CUT
10
47.2501
20
67.0214
0
VERTEX
8
CUT
10
47.2722
20
66.8173
0
VERTEX
8
CUT
10
47.3109
20
66.6157
0
SEQEND
0
POLYLINE
8
CUT
66
1
70
1
10
0.0
20
0.0
30
0.0
0
VERTEX
8
CUT
10
33.0961
20
225.0777
0
VERTEX
8
CUT
10
33.0978
20
224.8681
0
VERTEX
8
CUT
10
33.1247
20
224.3318
0
VERTEX
8
CUT
10
33.1436
20
224.1253
0
VERTEX
8
CUT
10
33.1796
20
223.9211
0
VERTEX
8
CUT
10
33.2324
20
223.7206
0
VERTEX
8
CUT
10
33.3913
20
223.2052
0
VERTEX
8
CUT
10
33.4900
20
222.9395
0
VERTEX
8
CUT
10
33.6181
20
222.6867
0
VERTEX
8
CUT
10
33.9491
20
222.1163
0
VERTEX
8
CUT
10
34.0636
20
221.9371
0
VERTEX
8
CUT
10
34.1929
20
221.7683
0
VERTEX
8
CUT
10
34.3360
20
221.6110
0
VERTEX
8
CUT
10
34.7432
20
221.2004
0
VERTEX
8
CUT
10
34.7688
20
221.1768
0
VERTEX
8
CUT
10
34.8343
20
221.0966
0
VERTEX
8
CUT
10
34.9792
20
220.9343
0
VERTEX
8
CUT
10
35.1376
20
220.7853
0
VERTEX
8
CUT
10
35.3083
20
220.6506
0
VERTEX
8
CUT
10
35.6311
20
220.4180
0
VERTEX
8
CUT
10
35.8306
20
220.2882
0
VERTEX
8
CUT
10
36.0416
20
220.1779
0
VERTEX
8
CUT
10
36.2621
20
220.0882
0
VERTEX
8
CUT
10
36.4902
20
220.0199
0
VERTEX
8
CUT
10
37.4095
20
219.7917
0
VERTEX
8
CUT
10
37.6310
20
219.7472
0
VERTEX
8
CUT
10
37.8556
20
219.7229
0
VERTEX
8
CUT
10
38.0816
20
219.7189
0
VERTEX
8
CUT
10
38.5944
20
219.7332
0
VERTEX
8
CUT
10
38.8415
20
219.7524
0
VERTEX
8
CUT
10
39.0856
20
219.7959
0
VERTEX
8
CUT
10
39.7413
20
219.9469
0
VERTEX
8
CUT
10
39.9825
20
220.0153
0
VERTEX
8
CUT
10
40.2157
20
220.1075
0
VERTEX
8
CUT
10
40.4384
20
220.2227
0
VERTEX
8
CUT
10
40.6485
20
220.3595
0
VERTEX
8
CUT
10
41.2472
20
220.7938
0
VERTEX
8
CUT
10
41.2939
20
220.8246
0
VERTEX
8
CUT
10
41.3279
20
220.8524
0
VERTEX
8
CUT
10
41.4584
20
220.9470
0
VERTEX
8
CUT
10
41.6277
20
221.0814
0
VERTEX
8
CUT
10
41.7848
20
221.2299
0
VERTEX
8
CUT
10
41.9285
20
221.3915
0
VERTEX
8
CUT
10
42.0577
20
221.5648
0
VERTEX
8
CUT
10
42.6758
20
222.4737
0
VERTEX
8
CUT
10
42.8111
20
222.6969
0
VERTEX
8
CUT
10
42.9224
20
222.9329
0
VERTEX
8
CUT
10
43.0085
20
223.1793
0
VERTEX
8
CUT
10
43.2302
20
223.9393
0
VERTEX
8
CUT
10
43.2863
20
224.1724
0
VERTEX
8
CUT
10
43.3197
20
224.4098
0
VERTEX
8
CUT
10
43.3203
20
224.4238
0
VERTEX
8
CUT
10
43.3488
20
224.6248
0
VERTEX
8
CUT
10
43.3586
20
224.8798
0
VERTEX
8
CUT
10
43.3424
20
225.1345
0
VERTEX
8
CUT
10
43.3281
20
225.2200
0
VERTEX
8
CUT
10
43.3275
20
225.3827
0
VERTEX
8
CUT
10
43.3179
20
225.5914
0
VERTEX
8
CUT
10
43.2910
20
225.7987
0
VERTEX
8
CUT
10
43.2468
20
226.0030
0
VERTEX
8
CUT
10
43.0720
20
226.6744
0
VERTEX
8
CUT
10
42.9994
20
226.9062
0
VERTEX
8
CUT
10
42.9047
20
227.1299
0
VERTEX
8
CUT
10
42.7888
20
227.3433
0
VERTEX
8
CUT
10
42.4284
20
227.9361
0
VERTEX
8
CUT
10
42.3003
20
228.1265
0
VERTEX
8
CUT
10
42.1552
20
228.3044
0
VERTEX
8
CUT
10
41.9945
20
228.4682
0
VERTEX
8
CUT
10
41.5054
20
228.9229
0
VERTEX
8
CUT
10
41.3254
20
229.0751
0
VERTEX
8
CUT
10
41.1319
20
229.2096
0
VERTEX
8
CUT
10
40.9265
20
229.3253
0
VERTEX
8
CUT
10
40.2860
20
229.6475
0
VERTEX
8
CUT
10
40.0406
20
229.7549
0
VERTEX
8
CUT
10
39.7851
20
229.8354
0
VERTEX
8
CUT
10
39.5225
20
229.8881
0
VERTEX
8
CUT
10
39.0301
20
229.9597
0
VERTEX
8
CUT
10
38.9427
20
229.9810
0
VERTEX
8
CUT
10
38.6921
20
230.0285
0
VERTEX
8
CUT
10
38.4380
20
230.0502
0
VERTEX
8
CUT
10
38.1829
20
230.0459
0
VERTEX
8
CUT
10
38.1457
20
230.0415
0
VERTEX
8
CUT
10
38.1391
20
230.0415
0
VERTEX
8
CUT
10
37.8968
20
230.0174
0
VERTEX
8
CUT
10
36.9518
20
229.8766
0
VERTEX
8
CUT
10
36.6919
20
229.8236
0
VERTEX
8
CUT
10
36.4391
20
229.7434
0
VERTEX
8
CUT
10
36.1962
20
229.6369
0
VERTEX
8
CUT
10
35.4832
20
229.2780
0
VERTEX
8
CUT
10
35.2608
20
229.1514
0
VERTEX
8
CUT
10
35.0526
20
229.0028
0
VERTEX
8
CUT
10
34.8606
20
228.8336
0
VERTEX
8
CUT
10
34.3755
20
228.3598
0
VERTEX
8
CUT
10
34.2211
20
228.1948
0
VERTEX
8
CUT
10
34.0822
20
228.0164
0
VERTEX
8
CUT
10
33.9600
20
227.8263
0
VERTEX
8
CUT
10
33.6096
20
227.2225
0
VERTEX
8
CUT
10
33.4905
20
226.9903
0
VERTEX
8
CUT
10
33.3963
20
226.7469
0
VERTEX
8
CUT
10
33.3280
20
226.4950
0
VERTEX
8
CUT
10
33.1625
20
225.7283
0
VERTEX
8
CUT
10
33.1225
20
225.4853
0
VERTEX
8
CUT
10
33.1065
20
225.2395
0
VERTEX
8
CUT
10
33.1071
20
225.2227
0
SEQEND
0
POLYLINE
8
CUT
66
1
70
1
10
0.0
20
0.0
30
0.0
0
VERTEX
8
CUT
10
37.0688
20
254.0931
0
VERTEX
8
CUT
10
37.1712
20
253.8553
0
VERTEX
8
CUT
10
37.2975
20
253.6293
0
VERTEX
8
CUT
10
37.4466
20
253.4176
0
VERTEX
8
CUT
10
37.6168
20
253.2224
0
VERTEX
8
CUT
10
37.8777
20
252.9527
0
VERTEX
8
CUT
10
38.0607
20
252.7817
0
VERTEX
8
CUT
10
38.2598
20
252.6298
0
VERTEX
8
CUT
10
38.4732
20
252.4986
0
VERTEX
8
CUT
10
38.6987
20
252.3894
0
VERTEX
8
CUT
10
38.9339
20
252.3033
0
VERTEX
8
CUT
10
39.1766
20
252.2412
0
VERTEX
8
CUT
10
39.4242
20
252.2036
0
VERTEX
8
CUT
10
39.6744
20
252.1911
0
VERTEX
8
CUT
10
40.0313
20
252.1911
0
VERTEX
8
CUT
10
40.2928
20
252.2048
0
VERTEX
8
CUT
10
40.5514
20
252.2458
0
VERTEX
8
CUT
10
40.8043
20
252.3136
0
VERTEX
8
CUT
10
41.0488
20
252.4075
0
VERTEX
8
CUT
10
41.2820
20
252.5265
0
VERTEX
8
CUT
10
41.5016
20
252.6692
0
VERTEX
8
CUT
10
41.7050
20
252.8340
0
VERTEX
8
CUT
10
41.9537
20
253.0582
0
VERTEX
8
CUT
10
42.1278
20
253.2313
0
VERTEX
8
CUT
10
42.2841
20
253.4207
0
VERTEX
8
CUT
10
42.4210
20
253.6244
0
VERTEX
8
CUT
10
42.4520
20
253.6759
0
VERTEX
8
CUT
10
42.5723
20
253.9006
0
VERTEX
8
CUT
10
42.6691
20
254.1364
0
VERTEX
8
CUT
10
42.7414
20
254.3809
0
VERTEX
8
CUT
10
42.7885
20
254.6314
0
VERTEX
8
CUT
10
42.8097
20
254.8854
0
VERTEX
8
CUT
10
42.8204
20
255.2133
0
VERTEX
8
CUT
10
42.8149
20
255.4790
0
VERTEX
8
CUT
10
42.7812
20
255.7427
0
VERTEX
8
CUT
10
42.7198
20
256.0012
0
VERTEX
8
CUT
10
42.7007
20
256.0659
0
VERTEX
8
CUT
10
42.6168
20
256.3052
0
VERTEX
8
CUT
10
42.5091
20
256.5347
0
VERTEX
8
CUT
10
42.3787
20
256.7522
0
VERTEX
8
CUT
10
42.2269
20
256.9553
0
VERTEX
8
CUT
10
42.0096
20
257.2173
0
VERTEX
8
CUT
10
41.8623
20
257.3797
0
VERTEX
8
CUT
10
41.7014
20
257.5287
0
VERTEX
8
CUT
10
41.5281
20
257.6629
0
VERTEX
8
CUT
10
41.3437
20
257.7815
0
VERTEX
8
CUT
10
41.2345
20
257.8451
0
VERTEX
8
CUT
10
41.0036
20
257.9639
0
VERTEX
8
CUT
10
40.7617
20
258.0582
0
VERTEX
8
CUT
10
40.5113
20
258.1269
0
VERTEX
8
CUT
10
40.2551
20
258.1692
0
VERTEX
8
CUT
10
40.0734
20
258.1896
0
VERTEX
8
CUT
10
39.8317
20
258.2049
0
VERTEX
8
CUT
10
39.5898
20
258.1968
0
VERTEX
8
CUT
10
39.3497
20
258.1654
0
VERTEX
8
CUT
10
39.1138
20
258.1108
0
VERTEX
8
CUT
10
38.8843
20
258.0337
0
VERTEX
8
CUT
10
38.7127
20
257.9666
0
VERTEX
8
CUT
10
38.5008
20
257.8722
0
VERTEX
8
CUT
10
38.2985
20
257.7586
0
VERTEX
8
CUT
10
38.1077
20
257.6267
0
VERTEX
8
CUT
10
37.9299
20
257.4777
0
VERTEX
8
CUT
10
37.7667
20
257.3129
0
VERTEX
8
CUT
10
37.6194
20
257.1336
0
VERTEX
8
CUT
10
37.4894
20
256.9415
0
VERTEX
8
CUT
10
37.3778
20
256.7382
0
VERTEX
8
CUT
10
37.1856
20
256.3459
0
VERTEX
8
CUT
10
37.0880
20
256.1188
0
VERTEX
8
CUT
10
37.0132
20
255.8833
0
VERTEX
8
CUT
10
36.9621
20
255.6415
0
VERTEX
8
CUT
10
36.9351
20
255.3958
0
VERTEX
8
CUT
10
36.9180
20
255.1107
0
VERTEX
8
CUT
10
36.9158
20
254.8518
0
VERTEX
8
CUT
10
36.9405
20
254.5941
0
VERTEX
8
CUT
10
36.9917
20
254.3403
0
SEQEND
0
POLYLINE
8
CUT
66
1
70
1
10
0.0
20
0.0
30
0.0
0
VERTEX
8
CUT
10
32.1065
20
101.9181
0
VERTEX
8
CUT
10
32.1259
20
101.8649
0
VERTEX
8
CUT
10
32.1440
20
101.7936
0
VERTEX
8
CUT
10
32.2334
20
101.5502
0
VERTEX
8
CUT
10
32.2836
20
101.4477
0
VERTEX
8
CUT
10
32.3377
20
101.3192
0
VERTEX
8
CUT
10
32.4532
20
101.1056
0
VERTEX
8
CUT
10
32.5309
20
100.9903
0
VERTEX
8
CUT
10
32.6474
20
100.8032
0
VERTEX
8
CUT
10
32.7987
20
100.6068
0
VERTEX
8
CUT
10
32.8650
20
100.5364
0
VERTEX
8
CUT
10
33.0155
20
100.3552
0
VERTEX
8
CUT
10
33.1998
20
100.1748
0
VERTEX
8
CUT
10
33.4018
20
100.0143
0
VERTEX
8
CUT
10
33.7340
20
99.7773
0
VERTEX
8
CUT
10
33.9275
20
99.6523
0
VERTEX
8
CUT
10
34.1317
20
99.5456
0
VERTEX
8
CUT
10
34.3449
20
99.4582
0
VERTEX
8
CUT
10
34.6561
20
99.3470
0
VERTEX
8
CUT
10
34.8710
20
99.2810
0
VERTEX
8
CUT
10
35.0910
20
99.2345
0
VERTEX
8
CUT
10
35.3143
20
99.2080
0
VERTEX
8
CUT
10
35.5390
20
99.2016
0
VERTEX
8
CUT
10
35.7940
20
99.2059
0
VERTEX
8
CUT
10
36.0406
20
99.2223
0
VERTEX
8
CUT
10
36.2844
20
99.2629
0
VERTEX
8
CUT
10
36.5230
20
99.3274
0
VERTEX
8
CUT
10
36.7541
20
99.4152
0
VERTEX
8
CUT
10
36.8931
20
99.4760
0
VERTEX
8
CUT
10
37.0686
20
99.5422
0
VERTEX
8
CUT
10
37.2648
20
99.6365
0
VERTEX
8
CUT
10
37.4520
20
99.7475
0
VERTEX
8
CUT
10
37.4978
20
99.7773
0
VERTEX
8
CUT
10
37.6916
20
99.9177
0
VERTEX
8
CUT
10
37.8712
20
100.0759
0
VERTEX
8
CUT
10
37.9282
20
100.1367
0
VERTEX
8
CUT
10
38.0873
20
100.2747
0
VERTEX
8
CUT
10
38.2574
20
100.4368
0
VERTEX
8
CUT
10
38.4115
20
100.6142
0
VERTEX
8
CUT
10
38.5483
20
100.8052
0
VERTEX
8
CUT
10
38.7056
20
101.0484
0
VERTEX
8
CUT
10
38.8192
20
101.2424
0
VERTEX
8
CUT
10
38.9148
20
101.4458
0
VERTEX
8
CUT
10
38.9918
20
101.6570
0
VERTEX
8
CUT
10
39.0687
20
101.9020
0
VERTEX
8
CUT
10
39.1267
20
102.1206
0
VERTEX
8
CUT
10
39.1647
20
102.3436
0
VERTEX
8
CUT
10
39.1824
20
102.5692
0
VERTEX
8
CUT
10
39.1920
20
102.8609
0
VERTEX
8
CUT
10
39.1898
20
103.0756
0
VERTEX
8
CUT
10
39.1693
20
103.2894
0
VERTEX
8
CUT
10
39.1304
20
103.5006
0
VERTEX
8
CUT
10
39.0822
20
103.7116
0
VERTEX
8
CUT
10
39.0210
20
103.9321
0
VERTEX
8
CUT
10
38.9399
20
104.1461
0
VERTEX
8
CUT
10
38.8396
20
104.3517
0
VERTEX
8
CUT
10
38.7123
20
104.5851
0
VERTEX
8
CUT
10
38.5766
20
104.8058
0
VERTEX
8
CUT
10
38.4187
20
105.0113
0
VERTEX
8
CUT
10
38.2405
20
105.1993
0
VERTEX
8
CUT
10
38.0601
20
105.3708
0
VERTEX
8
CUT
10
37.8895
20
105.5189
0
VERTEX
8
CUT
10
37.7062
20
105.6510
0
VERTEX
8
CUT
10
37.5118
20
105.7661
0
VERTEX
8
CUT
10
37.3077
20
105.8631
0
VERTEX
8
CUT
10
37.2366
20
105.8931
0
VERTEX
8
CUT
10
37.1602
20
105.9371
0
VERTEX
8
CUT
10
36.9450
20
106.0355
0
VERTEX
8
CUT
10
36.7215
20
106.1130
0
VERTEX
8
CUT
10
36.7041
20
106.1173
0
VERTEX
8
CUT
10
36.5033
20
106.2018
0
VERTEX
8
CUT
10
36.2728
20
106.2859
0
VERTEX
8
CUT
10
36.0352
20
106.3469
0
VERTEX
8
CUT
10
35.7927
20
106.3843
0
VERTEX
8
CUT
10
35.5477
20
106.3978
0
VERTEX
8
CUT
10
35.3026
20
106.3872
0
VERTEX
8
CUT
10
35.0597
20
106.3526
0
VERTEX
8
CUT
10
34.8214
20
106.2944
0
VERTEX
8
CUT
10
34.5899
20
106.2131
0
VERTEX
8
CUT
10
34.3675
20
106.1095
0
VERTEX
8
CUT
10
33.6177
20
105.7143
0
VERTEX
8
CUT
10
33.3919
20
105.5797
0
VERTEX
8
CUT
10
33.1815
20
105.4222
0
VERTEX
8
CUT
10
32.9888
20
105.2434
0
VERTEX
8
CUT
10
32.8151
20
105.0644
0
VERTEX
8
CUT
10
32.6676
20
104.8981
0
VERTEX
8
CUT
10
32.5354
20
104.7194
0
VERTEX
8
CUT
10
32.4197
20
104.5297
0
VERTEX
8
CUT
10
32.3212
20
104.3304
0
VERTEX
8
CUT
10
32.1715
20
103.9901
0
VERTEX
8
CUT
10
32.0841
20
103.7618
0
VERTEX
8
CUT
10
32.0194
20
103.5260
0
VERTEX
8
CUT
10
31.9781
20
103.2851
0
VERTEX
8
CUT
10
31.9605
20
103.0412
0
VERTEX
8
CUT
10
31.9557
20
102.8331
0
VERTEX
8
CUT
10
31.9611
20
102.6001
0
VERTEX
8
CUT
10
31.9883
20
102.3686
0
VERTEX
8
CUT
10
32.0369
20
102.1406
0
SEQEND
0
ENDSEC
0
EOF
