0
SECTION
2
HEADER
9
$ACADVER
1
AC1009
9
$INSUNITS
70
4
0
ENDSEC
0
SECTION
2
TABLES
0
TABLE
2
LAYER
70
1
0
LAYER
2
CUT
70
0
62
7
6
CONTINUOUS
0
ENDTAB
0
ENDSEC
0
SECTION
2
ENTITIES
0
POLYLINE
8
CUT
66
1
70
1
10
0.0
20
0.0
30
0.0
0
VERTEX
8
CUT
10
0.0599
20
298.8022
0
VERTEX
8
CUT
10
0.1480
20
298.9885
0
VERTEX
8
CUT
10
0.2539
20
299.1652
0
VERTEX
8
CUT
10
0.3767
20
299.3307
0
VERTEX
8
CUT
10
0.5151
20
299.4834
0
VERTEX
8
CUT
10
0.6678
20
299.6218
0
VERTEX
8
CUT
10
0.8333
20
299.7446
0
VERTEX
8
CUT
10
1.0101
20
299.8506
0
VERTEX
8
CUT
10
1.1964
20
299.9387
0
VERTEX
8
CUT
10
1.3904
20
300.0081
0
VERTEX
8
CUT
10
1.5903
20
300.0582
0
VERTEX
8
CUT
10
1.7942
20
300.0884
0
VERTEX
8
CUT
10
2.0000
20
300.0985
0
VERTEX
8
CUT
10
298.0000
20
300.0985
0
VERTEX
8
CUT
10
298.2058
20
300.0884
0
VERTEX
8
CUT
10
298.4097
20
300.0582
0
VERTEX
8
CUT
10
298.6096
20
300.0081
0
VERTEX
8
CUT
10
298.8036
20
299.9387
0
VERTEX
8
CUT
10
298.9899
20
299.8506
0
VERTEX
8
CUT
10
299.1667
20
299.7446
0
VERTEX
8
CUT
10
299.3322
20
299.6218
0
VERTEX
8
CUT
10
299.4849
20
299.4834
0
VERTEX
8
CUT
10
299.6233
20
299.3307
0
VERTEX
8
CUT
10
299.7461
20
299.1652
0
VERTEX
8
CUT
10
299.8520
20
298.9885
0
VERTEX
8
CUT
10
299.9401
20
298.8022
0
VERTEX
8
CUT
10
300.0096
20
298.6081
0
VERTEX
8
CUT
10
300.0596
20
298.4082
0
VERTEX
8
CUT
10
300.0899
20
298.2044
0
VERTEX
8
CUT
10
300.1000
20
297.9985
0
VERTEX
8
CUT
10
300.1000
20
2.0000
0
VERTEX
8
CUT
10
300.0899
20
1.7942
0
VERTEX
8
CUT
10
300.0596
20
1.5903
0
VERTEX
8
CUT
10
300.0096
20
1.3904
0
VERTEX
8
CUT
10
299.9401
20
1.1964
0
VERTEX
8
CUT
10
299.8520
20
1.0101
0
VERTEX
8
CUT
10
299.7461
20
0.8333
0
VERTEX
8
CUT
10
299.6233
20
0.6678
0
VERTEX
8
CUT
10
299.4849
20
0.5151
0
VERTEX
8
CUT
10
299.3322
20
0.3767
0
VERTEX
8
CUT
10
299.1667
20
0.2539
0
VERTEX
8
CUT
10
298.9899
20
0.1480
0
VERTEX
8
CUT
10
298.8036
20
0.0599
0
VERTEX
8
CUT
10
298.6096
20
-0.0096
0
VERTEX
8
CUT
10
298.4097
20
-0.0596
0
VERTEX
8
CUT
10
298.2058
20
-0.0899
0
VERTEX
8
CUT
10
298.0000
20
-0.1000
0
VERTEX
8
CUT
10
2.0000
20
-0.1000
0
VERTEX
8
CUT
10
1.7942
20
-0.0899
0
VERTEX
8
CUT
10
1.5903
20
-0.0596
0
VERTEX
8
CUT
10
1.3904
20
-0.0096
0
VERTEX
8
CUT
10
1.1964
20
0.0599
0
VERTEX
8
CUT
10
1.0101
20
0.1480
0
VERTEX
8
CUT
10
0.8333
20
0.2539
0
VERTEX
8
CUT
10
0.6678
20
0.3767
0
VERTEX
8
CUT
10
0.5151
20
0.5151
0
VERTEX
8
CUT
10
0.3767
20
0.6678
0
VERTEX
8
CUT
10
0.2539
20
0.8333
0
VERTEX
8
CUT
10
0.1480
20
1.0101
0
VERTEX
8
CUT
10
0.0599
20
1.1964
0
VERTEX
8
CUT
10
-0.0096
20
1.3904
0
VERTEX
8
CUT
10
-0.0596
20
1.5903
0
VERTEX
8
CUT
10
-0.0899
20
1.7942
0
VERTEX
8
CUT
10
-0.1000
20
2.0000
0
VERTEX
8
CUT
10
-0.1000
20
297.9985
0
VERTEX
8
CUT
10
-0.0899
20
298.2044
0
VERTEX
8
CUT
10
-0.0596
20
298.4082
0
VERTEX
8
CUT
10
-0.0096
20
298.6081
0
SEQEND
0
POLYLINE
8
CUT
66
1
70
1
10
0.0
20
0.0
30
0.0
0
VERTEX
8
CUT
10
285.2189
20
167.9401
0
VERTEX
8
CUT
10
285.0108
20
167.9785
0
VERTEX
8
CUT
10
284.8076
20
168.0378
0
VERTEX
8
CUT
10
284.6114
20
168.1171
0
VERTEX
8
CUT
10
284.4242
20
168.2158
0
VERTEX
8
CUT
10
284.2479
20
168.3329
0
VERTEX
8
CUT
10
284.0842
20
168.4671
0
VERTEX
8
CUT
10
283.9349
20
168.6171
0
VERTEX
8
CUT
10
283.8015
20
168.7814
0
VERTEX
8
CUT
10
283.6853
20
168.9582
0
VERTEX
8
CUT
10
283.5874
20
169.1459
0
VERTEX
8
CUT
10
283.5090
20
169.3424
0
VERTEX
8
CUT
10
283.5089
20
169.3427
0
VERTEX
8
CUT
10
283.5034
20
169.3564
0
VERTEX
8
CUT
10
283.4644
20
169.4418
0
VERTEX
8
CUT
10
283.4576
20
169.4549
0
VERTEX
8
CUT
10
283.4104
20
169.5361
0
VERTEX
8
CUT
10
283.4023
20
169.5484
0
VERTEX
8
CUT
10
283.3473
20
169.6245
0
VERTEX
8
CUT
10
283.3381
20
169.6360
0
VERTEX
8
CUT
10
283.2759
20
169.7063
0
VERTEX
8
CUT
10
283.2655
20
169.7168
0
VERTEX
8
CUT
10
283.1967
20
169.7806
0
VERTEX
8
CUT
10
283.1853
20
169.7901
0
VERTEX
8
CUT
10
283.1105
20
169.8467
0
VERTEX
8
CUT
10
283.0983
20
169.8550
0
VERTEX
8
CUT
10
283.0182
20
169.9040
0
VERTEX
8
CUT
10
283.0053
20
169.9111
0
VERTEX
8
CUT
10
282.9208
20
169.9519
0
VERTEX
8
CUT
10
282.9072
20
169.9577
0
VERTEX
8
CUT
10
282.8190
20
169.9900
0
VERTEX
8
CUT
10
282.8049
20
169.9944
0
VERTEX
8
CUT
10
282.7141
20
170.0178
0
VERTEX
8
CUT
10
282.6996
20
170.0208
0
VERTEX
8
CUT
10
282.6068
20
170.0351
0
VERTEX
8
CUT
10
282.5921
20
170.0367
0
VERTEX
8
CUT
10
282.4984
20
170.0418
0
VERTEX
8
CUT
10
282.4837
20
170.0419
0
VERTEX
8
CUT
10
282.3899
20
170.0377
0
VERTEX
8
CUT
10
282.3752
20
170.0363
0
VERTEX
8
CUT
10
282.2823
20
170.0229
0
VERTEX
8
CUT
10
282.2678
20
170.0201
0
VERTEX
8
CUT
10
282.1767
20
169.9976
0
VERTEX
8
CUT
10
282.1625
20
169.9933
0
VERTEX
8
CUT
10
282.0741
20
169.9619
0
VERTEX
8
CUT
10
282.0604
20
169.9563
0
VERTEX
8
CUT
10
281.9755
20
169.9163
0
VERTEX
8
CUT
10
281.9625
20
169.9094
0
VERTEX
8
CUT
10
281.8819
20
169.8612
0
VERTEX
8
CUT
10
281.8480
20
169.8386
0
VERTEX
8
CUT
10
281.8096
20
169.8116
0
VERTEX
8
CUT
10
281.4032
20
169.5103
0
VERTEX
8
CUT
10
281.3676
20
169.4826
0
VERTEX
8
CUT
10
281.3374
20
169.4579
0
VERTEX
8
CUT
10
281.2704
20
169.3976
0
VERTEX
8
CUT
10
281.2603
20
169.3877
0
VERTEX
8
CUT
10
281.1994
20
169.3213
0
VERTEX
8
CUT
10
281.1903
20
169.3104
0
VERTEX
8
CUT
10
281.1359
20
169.2386
0
VERTEX
8
CUT
10
281.1138
20
169.2064
0
VERTEX
8
CUT
10
281.0892
20
169.1686
0
VERTEX
8
CUT
10
280.6646
20
168.4811
0
VERTEX
8
CUT
10
280.6395
20
168.4380
0
VERTEX
8
CUT
10
280.6187
20
168.4000
0
VERTEX
8
CUT
10
280.5755
20
168.3101
0
VERTEX
8
CUT
10
280.5695
20
168.2957
0
VERTEX
8
CUT
10
280.5359
20
168.2018
0
VERTEX
8
CUT
10
280.5314
20
168.1867
0
VERTEX
8
CUT
10
280.5079
20
168.0898
0
VERTEX
8
CUT
10
280.5000
20
168.0473
0
VERTEX
8
CUT
10
280.4920
20
167.9980
0
VERTEX
8
CUT
10
280.3545
20
166.9691
0
VERTEX
8
CUT
10
280.3498
20
166.9268
0
VERTEX
8
CUT
10
280.3466
20
166.8900
0
VERTEX
8
CUT
10
280.3429
20
166.8050
0
VERTEX
8
CUT
10
280.3429
20
166.7916
0
VERTEX
8
CUT
10
280.3469
20
166.7066
0
VERTEX
8
CUT
10
280.3481
20
166.6932
0
VERTEX
8
CUT
10
280.3596
20
166.6089
0
VERTEX
8
CUT
10
280.3620
20
166.5957
0
VERTEX
8
CUT
10
280.3811
20
166.5128
0
VERTEX
8
CUT
10
280.3910
20
166.4772
0
VERTEX
8
CUT
10
280.4033
20
166.4364
0
VERTEX
8
CUT
10
280.5929
20
165.8555
0
VERTEX
8
CUT
10
280.6109
20
165.8052
0
VERTEX
8
CUT
10
280.6277
20
165.7620
0
VERTEX
8
CUT
10
280.6720
20
165.6650
0
VERTEX
8
CUT
10
280.6798
20
165.6501
0
VERTEX
8
CUT
10
280.7347
20
165.5586
0
VERTEX
8
CUT
10
280.7607
20
165.5203
0
VERTEX
8
CUT
10
280.7919
20
165.4770
0
VERTEX
8
CUT
10
281.5158
20
164.5304
0
VERTEX
8
CUT
10
281.5477
20
164.4910
0
VERTEX
8
CUT
10
281.5762
20
164.4576
0
VERTEX
8
CUT
10
281.6458
20
164.3842
0
VERTEX
8
CUT
10
281.6574
20
164.3733
0
VERTEX
8
CUT
10
281.7345
20
164.3078
0
VERTEX
8
CUT
10
281.7471
20
164.2981
0
VERTEX
8
CUT
10
281.8308
20
164.2411
0
VERTEX
8
CUT
10
281.8683
20
164.2184
0
VERTEX
8
CUT
10
281.9123
20
164.1933
0
VERTEX
8
CUT
10
283.2017
20
163.5034
0
VERTEX
8
CUT
10
283.2435
20
163.4824
0
VERTEX
8
CUT
10
283.2801
20
163.4650
0
VERTEX
8
CUT
10
283.3665
20
163.4292
0
VERTEX
8
CUT
10
283.3803
20
163.4243
0
VERTEX
8
CUT
10
283.4697
20
163.3972
0
VERTEX
8
CUT
10
283.4840
20
163.3936
0
VERTEX
8
CUT
10
283.5756
20
163.3754
0
VERTEX
8
CUT
10
283.6157
20
163.3695
0
VERTEX
8
CUT
10
283.6621
20
163.3638
0
VERTEX
8
CUT
10
284.0254
20
163.3283
0
VERTEX
8
CUT
10
284.0712
20
163.3249
0
VERTEX
8
CUT
10
284.1111
20
163.3230
0
VERTEX
8
CUT
10
284.2030
20
163.3229
0
VERTEX
8
CUT
10
284.2174
20
163.3236
0
VERTEX
8
CUT
10
284.3089
20
163.3324
0
VERTEX
8
CUT
10
284.3232
20
163.3345
0
VERTEX
8
CUT
10
284.4134
20
163.3521
0
VERTEX
8
CUT
10
284.4274
20
163.3556
0
VERTEX
8
CUT
10
284.5155
20
163.3818
0
VERTEX
8
CUT
10
284.5531
20
163.3951
0
VERTEX
8
CUT
10
284.5961
20
163.4114
0
VERTEX
8
CUT
10
285.8589
20
163.9256
0
VERTEX
8
CUT
10
285.8984
20
163.9427
0
VERTEX
8
CUT
10
285.9323
20
163.9584
0
VERTEX
8
CUT
10
286.0086
20
163.9978
0
VERTEX
8
CUT
10
286.0203
20
164.0046
0
VERTEX
8
CUT
10
286.0928
20
164.0508
0
VERTEX
8
CUT
10
286.1038
20
164.0586
0
VERTEX
8
CUT
10
286.1718
20
164.1111
0
VERTEX
8
CUT
10
286.2003
20
164.1353
0
VERTEX
8
CUT
10
286.2324
20
164.1638
0
VERTEX
8
CUT
10
286.7661
20
164.6599
0
VERTEX
8
CUT
10
286.8005
20
164.6935
0
VERTEX
8
CUT
10
286.8296
20
164.7234
0
VERTEX
8
CUT
10
286.8930
20
164.7956
0
VERTEX
8
CUT
10
286.9024
20
164.8075
0
VERTEX
8
CUT
10
286.9582
20
164.8857
0
VERTEX
8
CUT
10
286.9663
20
164.8985
0
VERTEX
8
CUT
10
287.0139
20
164.9820
0
VERTEX
8
CUT
10
287.0207
20
164.9955
0
VERTEX
8
CUT
10
287.0596
20
165.0833
0
VERTEX
8
CUT
10
287.0745
20
165.1223
0
VERTEX
8
CUT
10
287.0906
20
165.1676
0
VERTEX
8
CUT
10
287.4158
20
166.1636
0
VERTEX
8
CUT
10
287.4278
20
166.2032
0
VERTEX
8
CUT
10
287.4374
20
166.2378
0
VERTEX
8
CUT
10
287.4561
20
166.3184
0
VERTEX
8
CUT
10
287.4585
20
166.3312
0
VERTEX
8
CUT
10
287.4702
20
166.4131
0
VERTEX
8
CUT
10
287.4714
20
166.4260
0
VERTEX
8
CUT
10
287.4759
20
166.5086
0
VERTEX
8
CUT
10
287.4763
20
166.5445
0
VERTEX
8
CUT
10
287.4758
20
166.5859
0
VERTEX
8
CUT
10
287.4637
20
166.9540
0
VERTEX
8
CUT
10
287.4609
20
167.0017
0
VERTEX
8
CUT
10
287.4575
20
167.0429
0
VERTEX
8
CUT
10
287.4448
20
167.1374
0
VERTEX
8
CUT
10
287.4420
20
167.1522
0
VERTEX
8
CUT
10
287.4199
20
167.2449
0
VERTEX
8
CUT
10
287.4157
20
167.2593
0
VERTEX
8
CUT
10
287.3844
20
167.3494
0
VERTEX
8
CUT
10
287.3788
20
167.3633
0
VERTEX
8
CUT
10
287.3386
20
167.4498
0
VERTEX
8
CUT
10
287.3316
20
167.4630
0
VERTEX
8
CUT
10
287.2830
20
167.5450
0
VERTEX
8
CUT
10
287.2747
20
167.5575
0
VERTEX
8
CUT
10
287.2180
20
167.6343
0
VERTEX
8
CUT
10
287.2085
20
167.6459
0
VERTEX
8
CUT
10
287.1445
20
167.7165
0
VERTEX
8
CUT
10
287.1339
20
167.7271
0
VERTEX
8
CUT
10
287.0631
20
167.7910
0
VERTEX
8
CUT
10
287.0514
20
167.8004
0
VERTEX
8
CUT
10
286.9746
20
167.8569
0
VERTEX
8
CUT
10
286.9621
20
167.8651
0
VERTEX
8
CUT
10
286.8799
20
167.9136
0
VERTEX
8
CUT
10
286.8667
20
167.9205
0
VERTEX
8
CUT
10
286.7801
20
167.9605
0
VERTEX
8
CUT
10
286.7662
20
167.9661
0
VERTEX
8
CUT
10
286.6760
20
167.9972
0
VERTEX
8
CUT
10
286.6616
20
168.0014
0
VERTEX
8
CUT
10
286.5688
20
168.0232
0
VERTEX
8
CUT
10
286.5540
20
168.0259
0
VERTEX
8
CUT
10
286.4595
20
168.0384
0
VERTEX
8
CUT
10
286.4446
20
168.0396
0
VERTEX
8
CUT
10
286.3493
20
168.0425
0
VERTEX
8
CUT
10
286.3343
20
168.0422
0
VERTEX
8
CUT
10
286.2391
20
168.0355
0
VERTEX
8
CUT
10
286.2242
20
168.0338
0
VERTEX
8
CUT
10
286.1303
20
168.0176
0
VERTEX
8
CUT
10
286.1156
20
168.0143
0
VERTEX
8
CUT
10
286.0581
20
167.9983
0
VERTEX
8
CUT
10
285.8516
20
167.9520
0
VERTEX
8
CUT
10
285.6414
20
167.9267
0
VERTEX
8
CUT
10
285.4298
20
167.9227
0
SEQEND
0
POLYLINE
8
CUT
66
1
70
1
10
0.0
20
0.0
30
0.0
0
VERTEX
8
CUT
10
278.2434
20
93.0468
0
VERTEX
8
CUT
10
278.0561
20
93.1472
0
VERTEX
8
CUT
10
277.8800
20
93.2660
0
VERTEX
8
CUT
10
277.7167
20
93.4020
0
VERTEX
8
CUT
10
277.5681
20
93.5538
0
VERTEX
8
CUT
10
277.4355
20
93.7199
0
VERTEX
8
CUT
10
277.3204
20
93.8985
0
VERTEX
8
CUT
10
277.2239
20
94.0878
0
VERTEX
8
CUT
10
277.1471
20
94.2859
0
VERTEX
8
CUT
10
277.0906
20
94.4907
0
VERTEX
8
CUT
10
276.8722
20
95.4754
0
VERTEX
8
CUT
10
276.8422
20
95.6421
0
VERTEX
8
CUT
10
276.8258
20
95.8108
0
VERTEX
8
CUT
10
276.7982
20
96.2962
0
VERTEX
8
CUT
10
276.7944
20
96.3426
0
VERTEX
8
CUT
10
276.7901
20
96.3827
0
VERTEX
8
CUT
10
276.7758
20
96.4745
0
VERTEX
8
CUT
10
276.7728
20
96.4889
0
VERTEX
8
CUT
10
276.7496
20
96.5789
0
VERTEX
8
CUT
10
276.7452
20
96.5928
0
VERTEX
8
CUT
10
276.7133
20
96.6802
0
VERTEX
8
CUT
10
276.7076
20
96.6936
0
VERTEX
8
CUT
10
276.6673
20
96.7774
0
VERTEX
8
CUT
10
276.6603
20
96.7902
0
VERTEX
8
CUT
10
276.6120
20
96.8697
0
VERTEX
8
CUT
10
276.6038
20
96.8818
0
VERTEX
8
CUT
10
276.5479
20
96.9561
0
VERTEX
8
CUT
10
276.5385
20
96.9673
0
VERTEX
8
CUT
10
276.4757
20
97.0358
0
VERTEX
8
CUT
10
276.4653
20
97.0461
0
VERTEX
8
CUT
10
276.3960
20
97.1081
0
VERTEX
8
CUT
10
276.3847
20
97.1173
0
VERTEX
8
CUT
10
276.3097
20
97.1723
0
VERTEX
8
CUT
10
276.2974
20
97.1803
0
VERTEX
8
CUT
10
276.2174
20
97.2277
0
VERTEX
8
CUT
10
276.2045
20
97.2345
0
VERTEX
8
CUT
10
276.1202
20
97.2738
0
VERTEX
8
CUT
10
276.1067
20
97.2793
0
VERTEX
8
CUT
10
276.0190
20
97.3102
0
VERTEX
8
CUT
10
276.0050
20
97.3143
0
VERTEX
8
CUT
10
275.9147
20
97.3365
0
VERTEX
8
CUT
10
275.9003
20
97.3393
0
VERTEX
8
CUT
10
275.8083
20
97.3525
0
VERTEX
8
CUT
10
275.7937
20
97.3538
0
VERTEX
8
CUT
10
275.7009
20
97.3580
0
VERTEX
8
CUT
10
275.6862
20
97.3579
0
VERTEX
8
CUT
10
275.5934
20
97.3529
0
VERTEX
8
CUT
10
275.5789
20
97.3514
0
VERTEX
8
CUT
10
275.4870
20
97.3374
0
VERTEX
8
CUT
10
275.4726
20
97.3345
0
VERTEX
8
CUT
10
275.3825
20
97.3115
0
VERTEX
8
CUT
10
275.3685
20
97.3072
0
VERTEX
8
CUT
10
275.2811
20
97.2756
0
VERTEX
8
CUT
10
275.2676
20
97.2700
0
VERTEX
8
CUT
10
275.1837
20
97.2299
0
VERTEX
8
CUT
10
275.1709
20
97.2230
0
VERTEX
8
CUT
10
275.0913
20
97.1749
0
VERTEX
8
CUT
10
275.0791
20
97.1667
0
VERTEX
8
CUT
10
275.0046
20
97.1111
0
VERTEX
8
CUT
10
274.9934
20
97.1018
0
VERTEX
8
CUT
10
274.9247
20
97.0392
0
VERTEX
8
CUT
10
274.9144
20
97.0288
0
VERTEX
8
CUT
10
274.8521
20
96.9597
0
VERTEX
8
CUT
10
274.8429
20
96.9484
0
VERTEX
8
CUT
10
274.7877
20
96.8736
0
VERTEX
8
CUT
10
274.7796
20
96.8614
0
VERTEX
8
CUT
10
274.7320
20
96.7816
0
VERTEX
8
CUT
10
274.7130
20
96.7459
0
VERTEX
8
CUT
10
274.6922
20
96.7043
0
VERTEX
8
CUT
10
274.3928
20
96.0679
0
VERTEX
8
CUT
10
274.3739
20
96.0250
0
VERTEX
8
CUT
10
274.3585
20
95.9875
0
VERTEX
8
CUT
10
274.3272
20
95.8994
0
VERTEX
8
CUT
10
274.3229
20
95.8853
0
VERTEX
8
CUT
10
274.3005
20
95.7946
0
VERTEX
8
CUT
10
274.2976
20
95.7801
0
VERTEX
8
CUT
10
274.2842
20
95.6876
0
VERTEX
8
CUT
10
274.2804
20
95.6472
0
VERTEX
8
CUT
10
274.2771
20
95.6005
0
VERTEX
8
CUT
10
274.1913
20
93.7214
0
VERTEX
8
CUT
10
274.1903
20
93.6764
0
VERTEX
8
CUT
10
274.1904
20
93.6374
0
VERTEX
8
CUT
10
274.1948
20
93.5476
0
VERTEX
8
CUT
10
274.1961
20
93.5336
0
VERTEX
8
CUT
10
274.2090
20
93.4446
0
VERTEX
8
CUT
10
274.2117
20
93.4307
0
VERTEX
8
CUT
10
274.2330
20
93.3434
0
VERTEX
8
CUT
10
274.2440
20
93.3059
0
VERTEX
8
CUT
10
274.2577
20
93.2631
0
VERTEX
8
CUT
10
274.8116
20
91.6628
0
VERTEX
8
CUT
10
274.8262
20
91.6235
0
VERTEX
8
CUT
10
274.8396
20
91.5896
0
VERTEX
8
CUT
10
274.8740
20
91.5130
0
VERTEX
8
CUT
10
274.8799
20
91.5012
0
VERTEX
8
CUT
10
274.9209
20
91.4280
0
VERTEX
8
CUT
10
274.9279
20
91.4167
0
VERTEX
8
CUT
10
274.9751
20
91.3474
0
VERTEX
8
CUT
10
274.9970
20
91.3182
0
VERTEX
8
CUT
10
275.0229
20
91.2852
0
VERTEX
8
CUT
10
275.6525
20
90.5176
0
VERTEX
8
CUT
10
275.6812
20
90.4842
0
VERTEX
8
CUT
10
275.7068
20
90.4558
0
VERTEX
8
CUT
10
275.7687
20
90.3932
0
VERTEX
8
CUT
10
275.7789
20
90.3838
0
VERTEX
8
CUT
10
275.8463
20
90.3272
0
VERTEX
8
CUT
10
275.8573
20
90.3188
0
VERTEX
8
CUT
10
275.9297
20
90.2687
0
VERTEX
8
CUT
10
275.9621
20
90.2484
0
VERTEX
8
CUT
10
275.9999
20
90.2259
0
VERTEX
8
CUT
10
277.2183
20
89.5399
0
VERTEX
8
CUT
10
277.2610
20
89.5172
0
VERTEX
8
CUT
10
277.2986
20
89.4985
0
VERTEX
8
CUT
10
277.3872
20
89.4599
0
VERTEX
8
CUT
10
277.4014
20
89.4546
0
VERTEX
8
CUT
10
277.4934
20
89.4252
0
VERTEX
8
CUT
10
277.5081
20
89.4213
0
VERTEX
8
CUT
10
277.6027
20
89.4014
0
VERTEX
8
CUT
10
277.6441
20
89.3949
0
VERTEX
8
CUT
10
277.6921
20
89.3885
0
VERTEX
8
CUT
10
279.2390
20
89.2248
0
VERTEX
8
CUT
10
279.2803
20
89.2213
0
VERTEX
8
CUT
10
279.3162
20
89.2191
0
VERTEX
8
CUT
10
279.3992
20
89.2176
0
VERTEX
8
CUT
10
279.4351
20
89.2185
0
VERTEX
8
CUT
10
279.4766
20
89.2205
0
VERTEX
8
CUT
10
280.4757
20
89.2898
0
VERTEX
8
CUT
10
280.5289
20
89.2950
0
VERTEX
8
CUT
10
280.5748
20
89.3008
0
VERTEX
8
CUT
10
280.6797
20
89.3201
0
VERTEX
8
CUT
10
280.7247
20
89.3310
0
VERTEX
8
CUT
10
280.7762
20
89.3450
0
VERTEX
8
CUT
10
281.3142
20
89.5080
0
VERTEX
8
CUT
10
281.3563
20
89.5218
0
VERTEX
8
CUT
10
281.3926
20
89.5347
0
VERTEX
8
CUT
10
281.4746
20
89.5682
0
VERTEX
8
CUT
10
281.4873
20
89.5740
0
VERTEX
8
CUT
10
281.5659
20
89.6150
0
VERTEX
8
CUT
10
281.5779
20
89.6221
0
VERTEX
8
CUT
10
281.6523
20
89.6702
0
VERTEX
8
CUT
10
281.6836
20
89.6926
0
VERTEX
8
CUT
10
281.7191
20
89.7192
0
VERTEX
8
CUT
10
282.7742
20
90.5511
0
VERTEX
8
CUT
10
282.8056
20
90.5770
0
VERTEX
8
CUT
10
282.8323
20
90.6000
0
VERTEX
8
CUT
10
282.8916
20
90.6556
0
VERTEX
8
CUT
10
282.9006
20
90.6647
0
VERTEX
8
CUT
10
282.9549
20
90.7252
0
VERTEX
8
CUT
10
282.9773
20
90.7524
0
VERTEX
8
CUT
10
283.0025
20
90.7843
0
VERTEX
8
CUT
10
283.8487
20
91.9061
0
VERTEX
8
CUT
10
283.8759
20
91.9440
0
VERTEX
8
CUT
10
283.8987
20
91.9775
0
VERTEX
8
CUT
10
283.9473
20
92.0571
0
VERTEX
8
CUT
10
283.9543
20
92.0700
0
VERTEX
8
CUT
10
283.9949
20
92.1540
0
VERTEX
8
CUT
10
284.0006
20
92.1675
0
VERTEX
8
CUT
10
284.0327
20
92.2551
0
VERTEX
8
CUT
10
284.0371
20
92.2691
0
VERTEX
8
CUT
10
284.0604
20
92.3594
0
VERTEX
8
CUT
10
284.0686
20
92.3991
0
VERTEX
8
CUT
10
284.0770
20
92.4450
0
VERTEX
8
CUT
10
284.1230
20
92.7398
0
VERTEX
8
CUT
10
284.1291
20
92.7869
0
VERTEX
8
CUT
10
284.1334
20
92.8279
0
VERTEX
8
CUT
10
284.1387
20
92.9227
0
VERTEX
8
CUT
10
284.1387
20
92.9377
0
VERTEX
8
CUT
10
284.1344
20
93.0325
0
VERTEX
8
CUT
10
284.1330
20
93.0474
0
VERTEX
8
CUT
10
284.1192
20
93.1414
0
VERTEX
8
CUT
10
284.1163
20
93.1560
0
VERTEX
8
CUT
10
284.0933
20
93.2482
0
VERTEX
8
CUT
10
284.0889
20
93.2625
0
VERTEX
8
CUT
10
284.0568
20
93.3518
0
VERTEX
8
CUT
10
284.0510
20
93.3656
0
VERTEX
8
CUT
10
284.0101
20
93.4513
0
VERTEX
8
CUT
10
284.0030
20
93.4644
0
VERTEX
8
CUT
10
283.9537
20
93.5456
0
VERTEX
8
CUT
10
283.9453
20
93.5580
0
VERTEX
8
CUT
10
283.8881
20
93.6338
0
VERTEX
8
CUT
10
283.8786
20
93.6453
0
VERTEX
8
CUT
10
283.8141
20
93.7151
0
VERTEX
8
CUT
10
283.8034
20
93.7255
0
VERTEX
8
CUT
10
283.7323
20
93.7885
0
VERTEX
8
CUT
10
283.7207
20
93.7978
0
VERTEX
8
CUT
10
283.6436
20
93.8534
0
VERTEX
8
CUT
10
283.6311
20
93.8615
0
VERTEX
8
CUT
10
283.5489
20
93.9091
0
VERTEX
8
CUT
10
283.5356
20
93.9159
0
VERTEX
8
CUT
10
283.4491
20
93.9550
0
VERTEX
8
CUT
10
283.4352
20
93.9605
0
VERTEX
8
CUT
10
283.3452
20
93.9908
0
VERTEX
8
CUT
10
283.3308
20
93.9948
0
VERTEX
8
CUT
10
283.2382
20
94.0160
0
VERTEX
8
CUT
10
283.2235
20
94.0186
0
VERTEX
8
CUT
10
283.1293
20
94.0303
0
VERTEX
8
CUT
10
283.1144
20
94.0314
0
VERTEX
8
CUT
10
283.0194
20
94.0338
0
VERTEX
8
CUT
10
283.0045
20
94.0334
0
VERTEX
8
CUT
10
282.9098
20
94.0262
0
VERTEX
8
CUT
10
282.8950
20
94.0243
0
VERTEX
8
CUT
10
282.8015
20
94.0077
0
VERTEX
8
CUT
10
282.7869
20
94.0043
0
VERTEX
8
CUT
10
282.6955
20
93.9785
0
VERTEX
8
CUT
10
282.6814
20
93.9737
0
VERTEX
8
CUT
10
282.5930
20
93.9388
0
VERTEX
8
CUT
10
282.5794
20
93.9326
0
VERTEX
8
CUT
10
282.4950
20
93.8891
0
VERTEX
8
CUT
10
282.4821
20
93.8816
0
VERTEX
8
CUT
10
282.4025
20
93.8299
0
VERTEX
8
CUT
10
282.3904
20
93.8211
0
VERTEX
8
CUT
10
282.3163
20
93.7617
0
VERTEX
8
CUT
10
282.2855
20
93.7343
0
VERTEX
8
CUT
10
282.2507
20
93.7019
0
VERTEX
8
CUT
10
282.2339
20
93.6853
0
VERTEX
8
CUT
10
282.0856
20
93.5529
0
VERTEX
8
CUT
10
281.9254
20
93.4351
0
VERTEX
8
CUT
10
281.7548
20
93.3329
0
VERTEX
8
CUT
10
281.5754
20
93.2474
0
VERTEX
8
CUT
10
281.3886
20
93.1792
0
VERTEX
8
CUT
10
280.5355
20
92.9127
0
VERTEX
8
CUT
10
280.3052
20
92.8549
0
VERTEX
8
CUT
10
280.0699
20
92.8234
0
VERTEX
8
CUT
10
279.8325
20
92.8187
0
VERTEX
8
CUT
10
279.0638
20
92.8468
0
VERTEX
8
CUT
10
278.8522
20
92.8654
0
VERTEX
8
CUT
10
278.6435
20
92.9052
0
VERTEX
8
CUT
10
278.4398
20
92.9659
0
SEQEND
0
POLYLINE
8
CUT
66
1
70
1
10
0.0
20
0.0
30
0.0
0
VERTEX
8
CUT
10
275.5307
20
220.6656
0
VERTEX
8
CUT
10
275.5137
20
220.7087
0
VERTEX
8
CUT
10
275.4979
20
220.7456
0
VERTEX
8
CUT
10
275.4576
20
220.8289
0
VERTEX
8
CUT
10
275.4506
20
220.8417
0
VERTEX
8
CUT
10
275.4024
20
220.9206
0
VERTEX
8
CUT
10
275.3942
20
220.9326
0
VERTEX
8
CUT
10
275.3385
20
221.0065
0
VERTEX
8
CUT
10
275.3292
20
221.0177
0
VERTEX
8
CUT
10
275.2666
20
221.0858
0
VERTEX
8
CUT
10
275.2562
20
221.0960
0
VERTEX
8
CUT
10
275.1872
20
221.1577
0
VERTEX
8
CUT
10
275.1759
20
221.1669
0
VERTEX
8
CUT
10
275.1013
20
221.2215
0
VERTEX
8
CUT
10
275.0892
20
221.2296
0
VERTEX
8
CUT
10
275.0096
20
221.2767
0
VERTEX
8
CUT
10
274.9967
20
221.2835
0
VERTEX
8
CUT
10
274.9129
20
221.3227
0
VERTEX
8
CUT
10
274.8994
20
221.3282
0
VERTEX
8
CUT
10
274.8122
20
221.3590
0
VERTEX
8
CUT
10
274.7983
20
221.3632
0
VERTEX
8
CUT
10
274.7084
20
221.3854
0
VERTEX
8
CUT
10
274.6942
20
221.3882
0
VERTEX
8
CUT
10
274.6026
20
221.4016
0
VERTEX
8
CUT
10
274.5881
20
221.4030
0
VERTEX
8
CUT
10
274.4957
20
221.4074
0
VERTEX
8
CUT
10
274.4812
20
221.4073
0
VERTEX
8
CUT
10
274.3888
20
221.4027
0
VERTEX
8
CUT
10
274.3743
20
221.4013
0
VERTEX
8
CUT
10
274.2828
20
221.3877
0
VERTEX
8
CUT
10
274.2685
20
221.3848
0
VERTEX
8
CUT
10
274.1787
20
221.3624
0
VERTEX
8
CUT
10
274.1648
20
221.3582
0
VERTEX
8
CUT
10
274.0777
20
221.3271
0
VERTEX
8
CUT
10
274.0642
20
221.3215
0
VERTEX
8
CUT
10
273.9805
20
221.2821
0
VERTEX
8
CUT
10
273.9677
20
221.2753
0
VERTEX
8
CUT
10
273.8882
20
221.2279
0
VERTEX
8
CUT
10
273.8761
20
221.2199
0
VERTEX
8
CUT
10
273.8016
20
221.1650
0
VERTEX
8
CUT
10
273.7903
20
221.1558
0
VERTEX
8
CUT
10
273.7215
20
221.0939
0
VERTEX
8
CUT
10
273.7112
20
221.0837
0
VERTEX
8
CUT
10
273.6487
20
221.0154
0
VERTEX
8
CUT
10
273.6395
20
221.0042
0
VERTEX
8
CUT
10
273.5840
20
220.9302
0
VERTEX
8
CUT
10
273.5758
20
220.9181
0
VERTEX
8
CUT
10
273.5278
20
220.8390
0
VERTEX
8
CUT
10
273.5208
20
220.8262
0
VERTEX
8
CUT
10
273.4807
20
220.7429
0
VERTEX
8
CUT
10
273.4751
20
220.7295
0
VERTEX
8
CUT
10
273.4433
20
220.6426
0
VERTEX
8
CUT
10
273.4389
20
220.6287
0
VERTEX
8
CUT
10
273.4158
20
220.5391
0
VERTEX
8
CUT
10
273.4128
20
220.5249
0
VERTEX
8
CUT
10
273.3984
20
220.4335
0
VERTEX
8
CUT
10
273.3969
20
220.4190
0
VERTEX
8
CUT
10
273.3915
20
220.3267
0
VERTEX
8
CUT
10
273.3911
20
220.2865
0
VERTEX
8
CUT
10
273.3918
20
220.2402
0
VERTEX
8
CUT
10
273.4406
20
218.9921
0
VERTEX
8
CUT
10
273.4429
20
218.9532
0
VERTEX
8
CUT
10
273.4456
20
218.9195
0
VERTEX
8
CUT
10
273.4550
20
218.8423
0
VERTEX
8
CUT
10
273.4570
20
218.8302
0
VERTEX
8
CUT
10
273.4727
20
218.7539
0
VERTEX
8
CUT
10
273.4809
20
218.7211
0
VERTEX
8
CUT
10
273.4910
20
218.6835
0
VERTEX
8
CUT
10
273.6279
20
218.2164
0
VERTEX
8
CUT
10
273.6455
20
218.1626
0
VERTEX
8
CUT
10
273.6620
20
218.1165
0
VERTEX
8
CUT
10
273.7064
20
218.0127
0
VERTEX
8
CUT
10
273.7283
20
217.9688
0
VERTEX
8
CUT
10
273.7551
20
217.9190
0
VERTEX
8
CUT
10
274.3844
20
216.8282
0
VERTEX
8
CUT
10
274.4103
20
216.7859
0
VERTEX
8
CUT
10
274.4337
20
216.7499
0
VERTEX
8
CUT
10
274.4919
20
216.6696
0
VERTEX
8
CUT
10
274.5017
20
216.6575
0
VERTEX
8
CUT
10
274.5679
20
216.5838
0
VERTEX
8
CUT
10
274.5983
20
216.5534
0
VERTEX
8
CUT
10
274.6342
20
216.5192
0
VERTEX
8
CUT
10
275.4447
20
215.7877
0
VERTEX
8
CUT
10
275.4742
20
215.7621
0
VERTEX
8
CUT
10
275.5003
20
215.7405
0
VERTEX
8
CUT
10
275.5623
20
215.6931
0
VERTEX
8
CUT
10
275.5724
20
215.6861
0
VERTEX
8
CUT
10
275.6381
20
215.6440
0
VERTEX
8
CUT
10
275.6674
20
215.6269
0
VERTEX
8
CUT
10
275.7015
20
215.6079
0
VERTEX
8
CUT
10
276.0483
20
215.4240
0
VERTEX
8
CUT
10
276.0906
20
215.4029
0
VERTEX
8
CUT
10
276.1277
20
215.3855
0
VERTEX
8
CUT
10
276.2151
20
215.3498
0
VERTEX
8
CUT
10
276.2291
20
215.3448
0
VERTEX
8
CUT
10
276.3197
20
215.3180
0
VERTEX
8
CUT
10
276.3595
20
215.3083
0
VERTEX
8
CUT
10
276.4057
20
215.2982
0
VERTEX
8
CUT
10
277.5840
20
215.0728
0
VERTEX
8
CUT
10
277.6267
20
215.0656
0
VERTEX
8
CUT
10
277.6639
20
215.0603
0
VERTEX
8
CUT
10
277.7499
20
215.0518
0
VERTEX
8
CUT
10
277.7635
20
215.0511
0
VERTEX
8
CUT
10
277.8499
20
215.0505
0
VERTEX
8
CUT
10
277.8874
20
215.0519
0
VERTEX
8
CUT
10
277.9306
20
215.0546
0
VERTEX
8
CUT
10
279.7970
20
215.2122
0
VERTEX
8
CUT
10
279.8397
20
215.2167
0
VERTEX
8
CUT
10
279.8765
20
215.2215
0
VERTEX
8
CUT
10
279.9610
20
215.2364
0
VERTEX
8
CUT
10
279.9741
20
215.2394
0
VERTEX
8
CUT
10
280.0568
20
215.2618
0
VERTEX
8
CUT
10
280.0697
20
215.2659
0
VERTEX
8
CUT
10
280.1501
20
215.2957
0
VERTEX
8
CUT
10
280.1625
20
215.3010
0
VERTEX
8
CUT
10
280.2398
20
215.3379
0
VERTEX
8
CUT
10
280.2727
20
215.3554
0
VERTEX
8
CUT
10
280.3100
20
215.3765
0
VERTEX
8
CUT
10
280.7591
20
215.6431
0
VERTEX
8
CUT
10
280.7992
20
215.6683
0
VERTEX
8
CUT
10
280.8334
20
215.6910
0
VERTEX
8
CUT
10
280.9095
20
215.7471
0
VERTEX
8
CUT
10
280.9210
20
215.7565
0
VERTEX
8
CUT
10
280.9912
20
215.8200
0
VERTEX
8
CUT
10
281.0017
20
215.8305
0
VERTEX
8
CUT
10
281.0652
20
215.9006
0
VERTEX
8
CUT
10
281.0747
20
215.9121
0
VERTEX
8
CUT
10
281.1309
20
215.9882
0
VERTEX
8
CUT
10
281.1391
20
216.0006
0
VERTEX
8
CUT
10
281.1875
20
216.0819
0
VERTEX
8
CUT
10
281.1944
20
216.0950
0
VERTEX
8
CUT
10
281.2345
20
216.1807
0
VERTEX
8
CUT
10
281.2401
20
216.1945
0
VERTEX
8
CUT
10
281.2714
20
216.2838
0
VERTEX
8
CUT
10
281.2756
20
216.2980
0
VERTEX
8
CUT
10
281.2979
20
216.3900
0
VERTEX
8
CUT
10
281.3007
20
216.4046
0
VERTEX
8
CUT
10
281.3137
20
216.4983
0
VERTEX
8
CUT
10
281.3150
20
216.5131
0
VERTEX
8
CUT
10
281.3186
20
216.6077
0
VERTEX
8
CUT
10
281.3184
20
216.6225
0
VERTEX
8
CUT
10
281.3126
20
216.7169
0
VERTEX
8
CUT
10
281.3109
20
216.7317
0
VERTEX
8
CUT
10
281.2958
20
216.8251
0
VERTEX
8
CUT
10
281.2926
20
216.8397
0
VERTEX
8
CUT
10
281.2683
20
216.9311
0
VERTEX
8
CUT
10
281.2637
20
216.9452
0
VERTEX
8
CUT
10
281.2303
20
217.0337
0
VERTEX
8
CUT
10
281.2244
20
217.0474
0
VERTEX
8
CUT
10
281.1824
20
217.1321
0
VERTEX
8
CUT
10
281.1751
20
217.1451
0
VERTEX
8
CUT
10
281.1249
20
217.2253
0
VERTEX
8
CUT
10
281.1164
20
217.2375
0
VERTEX
8
CUT
10
281.0584
20
217.3122
0
VERTEX
8
CUT
10
281.0487
20
217.3235
0
VERTEX
8
CUT
10
280.9836
20
217.3921
0
VERTEX
8
CUT
10
280.9728
20
217.4024
0
VERTEX
8
CUT
10
280.9012
20
217.4642
0
VERTEX
8
CUT
10
280.8895
20
217.4733
0
VERTEX
8
CUT
10
280.8120
20
217.5277
0
VERTEX
8
CUT
10
280.7994
20
217.5356
0
VERTEX
8
CUT
10
280.7170
20
217.5820
0
VERTEX
8
CUT
10
280.7037
20
217.5887
0
VERTEX
8
CUT
10
280.6170
20
217.6266
0
VERTEX
8
CUT
10
280.6031
20
217.6319
0
VERTEX
8
CUT
10
280.5131
20
217.6610
0
VERTEX
8
CUT
10
280.4988
20
217.6649
0
VERTEX
8
CUT
10
280.4063
20
217.6850
0
VERTEX
8
CUT
10
280.3916
20
217.6874
0
VERTEX
8
CUT
10
280.2976
20
217.6981
0
VERTEX
8
CUT
10
280.2567
20
217.7007
0
VERTEX
8
CUT
10
280.2094
20
217.7026
0
VERTEX
8
CUT
10
279.0022
20
217.7196
0
VERTEX
8
CUT
10
278.8032
20
217.7318
0
VERTEX
8
CUT
10
278.6063
20
217.7629
0
VERTEX
8
CUT
10
278.4133
20
217.8125
0
VERTEX
8
CUT
10
278.2258
20
217.8802
0
VERTEX
8
CUT
10
277.9192
20
218.0076
0
VERTEX
8
CUT
10
277.7027
20
218.1125
0
VERTEX
8
CUT
10
277.4996
20
218.2415
0
VERTEX
8
CUT
10
277.1172
20
218.5162
0
VERTEX
8
CUT
10
276.9498
20
218.6501
0
VERTEX
8
CUT
10
276.7969
20
218.8002
0
VERTEX
8
CUT
10
276.6600
20
218.9652
0
VERTEX
8
CUT
10
275.8500
20
220.0501
0
VERTEX
8
CUT
10
275.7374
20
220.2171
0
VERTEX
8
CUT
10
275.6413
20
220.3940
0
VERTEX
8
CUT
10
275.5626
20
220.5794
0
SEQEND
0
POLYLINE
8
CUT
66
1
70
1
10
0.0
20
0.0
30
0.0
0
VERTEX
8
CUT
10
240.3555
20
164.2012
0
VERTEX
8
CUT
10
240.5132
20
164.2141
0
VERTEX
8
CUT
10
242.8726
20
164.3190
0
VERTEX
8
CUT
10
243.0352
20
164.3199
0
VERTEX
8
CUT
10
243.1975
20
164.3082
0
VERTEX
8
CUT
10
245.6269
20
164.0386
0
VERTEX
8
CUT
10
245.9105
20
163.9872
0
VERTEX
8
CUT
10
248.2941
20
163.3840
0
VERTEX
8
CUT
10
248.4476
20
163.3388
0
VERTEX
8
CUT
10
248.5972
20
163.2821
0
VERTEX
8
CUT
10
251.0222
20
162.2560
0
VERTEX
8
CUT
10
251.2607
20
162.1367
0
VERTEX
8
CUT
10
252.4834
20
161.4245
0
VERTEX
8
CUT
10
252.6375
20
161.3256
0
VERTEX
8
CUT
10
252.7823
20
161.2136
0
VERTEX
8
CUT
10
255.3426
20
159.0490
0
VERTEX
8
CUT
10
255.4876
20
158.9142
0
VERTEX
8
CUT
10
255.6193
20
158.7663
0
VERTEX
8
CUT
10
257.9002
20
155.9475
0
VERTEX
8
CUT
10
258.0628
20
155.7163
0
VERTEX
8
CUT
10
258.9416
20
154.2686
0
VERTEX
8
CUT
10
259.0809
20
153.9961
0
VERTEX
8
CUT
10
260.3901
20
150.8971
0
VERTEX
8
CUT
10
260.4542
20
150.7244
0
VERTEX
8
CUT
10
260.5030
20
150.5468
0
VERTEX
8
CUT
10
260.9575
20
148.5535
0
VERTEX
8
CUT
10
260.9841
20
148.4164
0
VERTEX
8
CUT
10
261.7176
20
143.8024
0
VERTEX
8
CUT
10
261.7401
20
143.5935
0
VERTEX
8
CUT
10
261.7417
20
143.3833
0
VERTEX
8
CUT
10
261.7223
20
143.1741
0
VERTEX
8
CUT
10
261.6820
20
142.9679
0
VERTEX
8
CUT
10
261.6214
20
142.7667
0
VERTEX
8
CUT
10
261.5409
20
142.5726
0
VERTEX
8
CUT
10
261.4415
20
142.3875
0
VERTEX
8
CUT
10
261.3240
20
142.2132
0
VERTEX
8
CUT
10
261.1897
20
142.0516
0
VERTEX
8
CUT
10
261.0400
20
141.9042
0
VERTEX
8
CUT
10
260.8762
20
141.7725
0
VERTEX
8
CUT
10
260.7001
20
141.6578
0
VERTEX
8
CUT
10
260.5135
20
141.5613
0
VERTEX
8
CUT
10
260.3181
20
141.4839
0
VERTEX
8
CUT
10
260.1160
20
141.4265
0
VERTEX
8
CUT
10
259.9091
20
141.3895
0
VERTEX
8
CUT
10
259.6996
20
141.3734
0
VERTEX
8
CUT
10
259.4895
20
141.3783
0
VERTEX
8
CUT
10
259.2810
20
141.4042
0
VERTEX
8
CUT
10
259.0761
20
141.4508
0
VERTEX
8
CUT
10
256.8390
20
142.0787
0
VERTEX
8
CUT
10
256.7879
20
142.0916
0
VERTEX
8
CUT
10
256.7433
20
142.1015
0
VERTEX
8
CUT
10
256.6394
20
142.1185
0
VERTEX
8
CUT
10
256.6229
20
142.1203
0
VERTEX
8
CUT
10
256.5178
20
142.1257
0
VERTEX
8
CUT
10
256.4721
20
142.1256
0
VERTEX
8
CUT
10
256.4194
20
142.1239
0
VERTEX
8
CUT
10
254.5189
20
142.0110
0
VERTEX
8
CUT
10
254.3230
20
142.0085
0
VERTEX
8
CUT
10
254.1277
20
142.0243
0
VERTEX
8
CUT
10
253.9348
20
142.0582
0
VERTEX
8
CUT
10
253.7458
20
142.1100
0
VERTEX
8
CUT
10
253.5625
20
142.1791
0
VERTEX
8
CUT
10
253.3865
20
142.2650
0
VERTEX
8
CUT
10
253.2192
20
142.3669
0
VERTEX
8
CUT
10
250.2787
20
144.3525
0
VERTEX
8
CUT
10
250.2430
20
144.3754
0
VERTEX
8
CUT
10
250.2117
20
144.3946
0
VERTEX
8
CUT
10
250.1376
20
144.4355
0
VERTEX
8
CUT
10
250.1046
20
144.4518
0
VERTEX
8
CUT
10
250.0662
20
144.4698
0
VERTEX
8
CUT
10
249.4119
20
144.7585
0
VERTEX
8
CUT
10
249.3520
20
144.7825
0
VERTEX
8
CUT
10
249.2658
20
144.8137
0
VERTEX
8
CUT
10
249.2043
20
144.8336
0
VERTEX
8
CUT
10
246.3510
20
145.6524
0
VERTEX
8
CUT
10
246.3048
20
145.6644
0
VERTEX
8
CUT
10
246.2646
20
145.6738
0
VERTEX
8
CUT
10
246.1709
20
145.6908
0
VERTEX
8
CUT
10
246.1299
20
145.6961
0
VERTEX
8
CUT
10
246.0825
20
145.7010
0
VERTEX
8
CUT
10
243.8440
20
145.8777
0
VERTEX
8
CUT
10
243.7848
20
145.8805
0
VERTEX
8
CUT
10
243.7007
20
145.8819
0
VERTEX
8
CUT
10
243.6415
20
145.8810
0
VERTEX
8
CUT
10
243.2491
20
145.8629
0
VERTEX
8
CUT
10
243.2023
20
145.8596
0
VERTEX
8
CUT
10
243.1618
20
145.8558
0
VERTEX
8
CUT
10
243.0691
20
145.8422
0
VERTEX
8
CUT
10
243.0547
20
145.8394
0
VERTEX
8
CUT
10
242.9637
20
145.8168
0
VERTEX
8
CUT
10
242.9496
20
145.8125
0
VERTEX
8
CUT
10
242.8613
20
145.7811
0
VERTEX
8
CUT
10
242.8477
20
145.7755
0
VERTEX
8
CUT
10
242.7630
20
145.7355
0
VERTEX
8
CUT
10
242.7500
20
145.7285
0
VERTEX
8
CUT
10
242.6696
20
145.6804
0
VERTEX
8
CUT
10
242.6573
20
145.6722
0
VERTEX
8
CUT
10
242.5821
20
145.6163
0
VERTEX
8
CUT
10
242.5707
20
145.6070
0
VERTEX
8
CUT
10
242.5013
20
145.5440
0
VERTEX
8
CUT
10
242.4909
20
145.5335
0
VERTEX
8
CUT
10
242.4281
20
145.4640
0
VERTEX
8
CUT
10
242.4187
20
145.4526
0
VERTEX
8
CUT
10
242.3631
20
145.3772
0
VERTEX
8
CUT
10
242.3549
20
145.3649
0
VERTEX
8
CUT
10
242.3069
20
145.2844
0
VERTEX
8
CUT
10
242.3000
20
145.2714
0
VERTEX
8
CUT
10
242.2602
20
145.1866
0
VERTEX
8
CUT
10
242.2546
20
145.1729
0
VERTEX
8
CUT
10
242.2234
20
145.0846
0
VERTEX
8
CUT
10
242.2192
20
145.0705
0
VERTEX
8
CUT
10
242.1968
20
144.9795
0
VERTEX
8
CUT
10
242.1940
20
144.9650
0
VERTEX
8
CUT
10
242.1807
20
144.8722
0
VERTEX
8
CUT
10
242.1793
20
144.8576
0
VERTEX
8
CUT
10
242.1753
20
144.7639
0
VERTEX
8
CUT
10
242.1753
20
144.7492
0
VERTEX
8
CUT
10
242.1805
20
144.6556
0
VERTEX
8
CUT
10
242.1821
20
144.6410
0
VERTEX
8
CUT
10
242.1964
20
144.5484
0
VERTEX
8
CUT
10
242.1994
20
144.5339
0
VERTEX
8
CUT
10
242.2228
20
144.4432
0
VERTEX
8
CUT
10
242.2272
20
144.4291
0
VERTEX
8
CUT
10
242.2595
20
144.3411
0
VERTEX
8
CUT
10
242.2652
20
144.3276
0
VERTEX
8
CUT
10
242.3060
20
144.2432
0
VERTEX
8
CUT
10
242.3130
20
144.2303
0
VERTEX
8
CUT
10
242.3619
20
144.1503
0
VERTEX
8
CUT
10
242.3702
20
144.1381
0
VERTEX
8
CUT
10
242.4268
20
144.0634
0
VERTEX
8
CUT
10
242.4362
20
144.0521
0
VERTEX
8
CUT
10
242.4999
20
143.9833
0
VERTEX
8
CUT
10
242.5104
20
143.9730
0
VERTEX
8
CUT
10
242.5805
20
143.9108
0
VERTEX
8
CUT
10
242.5920
20
143.9016
0
VERTEX
8
CUT
10
242.6679
20
143.8466
0
VERTEX
8
CUT
10
242.6802
20
143.8385
0
VERTEX
8
CUT
10
242.7612
20
143.7913
0
VERTEX
8
CUT
10
242.7742
20
143.7845
0
VERTEX
8
CUT
10
242.8594
20
143.7455
0
VERTEX
8
CUT
10
242.8731
20
143.7400
0
VERTEX
8
CUT
10
242.9618
20
143.7096
0
VERTEX
8
CUT
10
242.9759
20
143.7055
0
VERTEX
8
CUT
10
243.0671
20
143.6840
0
VERTEX
8
CUT
10
243.1071
20
143.6766
0
VERTEX
8
CUT
10
243.1534
20
143.6692
0
VERTEX
8
CUT
10
244.4284
20
143.4984
0
VERTEX
8
CUT
10
244.7276
20
143.4358
0
VERTEX
8
CUT
10
246.2667
20
142.9951
0
VERTEX
8
CUT
10
246.4396
20
142.9374
0
VERTEX
8
CUT
10
246.6069
20
142.8648
0
VERTEX
8
CUT
10
248.0553
20
142.1605
0
VERTEX
8
CUT
10
248.2682
20
142.0413
0
VERTEX
8
CUT
10
248.4657
20
141.8981
0
VERTEX
8
CUT
10
250.1634
20
140.5111
0
VERTEX
8
CUT
10
250.3015
20
140.3877
0
VERTEX
8
CUT
10
250.4283
20
140.2525
0
VERTEX
8
CUT
10
250.5426
20
140.1067
0
VERTEX
8
CUT
10
251.2464
20
139.1230
0
VERTEX
8
CUT
10
251.3541
20
138.9563
0
VERTEX
8
CUT
10
251.4456
20
138.7801
0
VERTEX
8
CUT
10
252.0011
20
137.5749
0
VERTEX
8
CUT
10
252.0900
20
137.3484
0
VERTEX
8
CUT
10
252.1520
20
137.1133
0
VERTEX
8
CUT
10
252.1584
20
137.0820
0
VERTEX
8
CUT
10
252.1688
20
137.0364
0
VERTEX
8
CUT
10
252.1788
20
136.9970
0
VERTEX
8
CUT
10
252.2064
20
136.9075
0
VERTEX
8
CUT
10
252.2114
20
136.8937
0
VERTEX
8
CUT
10
252.2476
20
136.8074
0
VERTEX
8
CUT
10
252.2540
20
136.7941
0
VERTEX
8
CUT
10
252.2986
20
136.7118
0
VERTEX
8
CUT
10
252.3062
20
136.6992
0
VERTEX
8
CUT
10
252.3586
20
136.6216
0
VERTEX
8
CUT
10
252.3675
20
136.6099
0
VERTEX
8
CUT
10
252.4273
20
136.5379
0
VERTEX
8
CUT
10
252.4373
20
136.5270
0
VERTEX
8
CUT
10
252.5039
20
136.4612
0
VERTEX
8
CUT
10
252.5149
20
136.4514
0
VERTEX
8
CUT
10
252.5876
20
136.3926
0
VERTEX
8
CUT
10
252.5995
20
136.3839
0
VERTEX
8
CUT
10
252.6778
20
136.3324
0
VERTEX
8
CUT
10
252.6904
20
136.3250
0
VERTEX
8
CUT
10
252.7733
20
136.2815
0
VERTEX
8
CUT
10
252.7867
20
136.2753
0
VERTEX
8
CUT
10
252.8735
20
136.2402
0
VERTEX
8
CUT
10
252.8874
20
136.2354
0
VERTEX
8
CUT
10
252.9772
20
136.2090
0
VERTEX
8
CUT
10
252.9915
20
136.2056
0
VERTEX
8
CUT
10
253.0835
20
136.1882
0
VERTEX
8
CUT
10
253.0981
20
136.1861
0
VERTEX
8
CUT
10
253.1913
20
136.1779
0
VERTEX
8
CUT
10
253.2061
20
136.1773
0
VERTEX
8
CUT
10
253.2997
20
136.1783
0
VERTEX
8
CUT
10
253.3144
20
136.1791
0
VERTEX
8
CUT
10
253.4074
20
136.1893
0
VERTEX
8
CUT
10
253.4220
20
136.1916
0
VERTEX
8
CUT
10
253.5136
20
136.2109
0
VERTEX
8
CUT
10
253.5278
20
136.2147
0
VERTEX
8
CUT
10
253.6171
20
136.2429
0
VERTEX
8
CUT
10
253.6309
20
136.2480
0
VERTEX
8
CUT
10
253.7169
20
136.2849
0
VERTEX
8
CUT
10
253.7301
20
136.2913
0
VERTEX
8
CUT
10
253.8121
20
136.3365
0
VERTEX
8
CUT
10
253.8247
20
136.3442
0
VERTEX
8
CUT
10
253.9018
20
136.3973
0
VERTEX
8
CUT
10
253.9135
20
136.4062
0
VERTEX
8
CUT
10
253.9851
20
136.4666
0
VERTEX
8
CUT
10
253.9958
20
136.4766
0
VERTEX
8
CUT
10
254.0611
20
136.5437
0
VERTEX
8
CUT
10
254.0708
20
136.5548
0
VERTEX
8
CUT
10
254.1292
20
136.6280
0
VERTEX
8
CUT
10
254.1378
20
136.6399
0
VERTEX
8
CUT
10
254.1886
20
136.7185
0
VERTEX
8
CUT
10
254.1960
20
136.7313
0
VERTEX
8
CUT
10
254.2388
20
136.8145
0
VERTEX
8
CUT
10
254.2449
20
136.8279
0
VERTEX
8
CUT
10
254.2794
20
136.9150
0
VERTEX
8
CUT
10
254.2852
20
136.9322
0
VERTEX
8
CUT
10
254.3588
20
137.1189
0
VERTEX
8
CUT
10
254.4499
20
137.2978
0
VERTEX
8
CUT
10
254.5576
20
137.4672
0
VERTEX
8
CUT
10
254.6810
20
137.6255
0
VERTEX
8
CUT
10
254.8190
20
137.7713
0
VERTEX
8
CUT
10
254.9703
20
137.9033
0
VERTEX
8
CUT
10
255.1334
20
138.0202
0
VERTEX
8
CUT
10
255.3070
20
138.1210
0
VERTEX
8
CUT
10
255.4894
20
138.2048
0
VERTEX
8
CUT
10
255.6790
20
138.2707
0
VERTEX
8
CUT
10
255.8740
20
138.3183
0
VERTEX
8
CUT
10
256.0727
20
138.3470
0
VERTEX
8
CUT
10
256.2732
20
138.3567
0
VERTEX
8
CUT
10
256.4737
20
138.3471
0
VERTEX
8
CUT
10
256.6724
20
138.3185
0
VERTEX
8
CUT
10
257.0985
20
138.2360
0
VERTEX
8
CUT
10
257.3120
20
138.1830
0
VERTEX
8
CUT
10
258.9777
20
137.6753
0
VERTEX
8
CUT
10
259.1931
20
137.5966
0
VERTEX
8
CUT
10
259.3986
20
137.4948
0
VERTEX
8
CUT
10
260.6990
20
136.7599
0
VERTEX
8
CUT
10
260.8508
20
136.6653
0
VERTEX
8
CUT
10
260.9941
20
136.5582
0
VERTEX
8
CUT
10
264.2264
20
133.9184
0
VERTEX
8
CUT
10
264.3823
20
133.7775
0
VERTEX
8
CUT
10
264.5233
20
133.6218
0
VERTEX
8
CUT
10
265.2673
20
132.7125
0
VERTEX
8
CUT
10
265.2979
20
132.6769
0
VERTEX
8
CUT
10
265.3252
20
132.6468
0
VERTEX
8
CUT
10
265.3914
20
132.5805
0
VERTEX
8
CUT
10
265.4023
20
132.5706
0
VERTEX
8
CUT
10
265.4747
20
132.5111
0
VERTEX
8
CUT
10
265.4866
20
132.5023
0
VERTEX
8
CUT
10
265.5645
20
132.4503
0
VERTEX
8
CUT
10
265.5771
20
132.4427
0
VERTEX
8
CUT
10
265.6598
20
132.3986
0
VERTEX
8
CUT
10
265.6731
20
132.3923
0
VERTEX
8
CUT
10
265.7598
20
132.3566
0
VERTEX
8
CUT
10
265.7736
20
132.3516
0
VERTEX
8
CUT
10
265.8634
20
132.3246
0
VERTEX
8
CUT
10
265.8777
20
132.3210
0
VERTEX
8
CUT
10
265.9696
20
132.3030
0
VERTEX
8
CUT
10
265.9842
20
132.3009
0
VERTEX
8
CUT
10
266.0775
20
132.2920
0
VERTEX
8
CUT
10
266.0922
20
132.2913
0
VERTEX
8
CUT
10
266.1859
20
132.2916
0
VERTEX
8
CUT
10
266.2007
20
132.2924
0
VERTEX
8
CUT
10
266.2939
20
132.3020
0
VERTEX
8
CUT
10
266.3084
20
132.3042
0
VERTEX
8
CUT
10
266.4003
20
132.3229
0
VERTEX
8
CUT
10
266.4145
20
132.3266
0
VERTEX
8
CUT
10
266.5041
20
132.3543
0
VERTEX
8
CUT
10
266.5179
20
132.3593
0
VERTEX
8
CUT
10
266.6043
20
132.3957
0
VERTEX
8
CUT
10
266.6176
20
132.4021
0
VERTEX
8
CUT
10
266.6999
20
132.4468
0
VERTEX
8
CUT
10
266.7125
20
132.4545
0
VERTEX
8
CUT
10
266.7900
20
132.5071
0
VERTEX
8
CUT
10
266.8018
20
132.5159
0
VERTEX
8
CUT
10
266.8738
20
132.5759
0
VERTEX
8
CUT
10
266.8846
20
132.5859
0
VERTEX
8
CUT
10
266.9504
20
132.6527
0
VERTEX
8
CUT
10
266.9602
20
132.6637
0
VERTEX
8
CUT
10
267.0190
20
132.7367
0
VERTEX
8
CUT
10
267.0276
20
132.7486
0
VERTEX
8
CUT
10
267.0790
20
132.8270
0
VERTEX
8
CUT
10
267.0864
20
132.8397
0
VERTEX
8
CUT
10
267.1298
20
132.9228
0
VERTEX
8
CUT
10
267.1360
20
132.9362
0
VERTEX
8
CUT
10
267.1709
20
133.0231
0
VERTEX
8
CUT
10
267.1757
20
133.0371
0
VERTEX
8
CUT
10
267.2019
20
133.1270
0
VERTEX
8
CUT
10
267.2053
20
133.1414
0
VERTEX
8
CUT
10
267.2226
20
133.2335
0
VERTEX
8
CUT
10
267.2280
20
133.2738
0
VERTEX
8
CUT
10
267.2332
20
133.3204
0
VERTEX
8
CUT
10
267.4669
20
136.0313
0
VERTEX
8
CUT
10
267.4689
20
136.0596
0
VERTEX
8
CUT
10
267.4712
20
136.0999
0
VERTEX
8
CUT
10
267.4723
20
136.1283
0
VERTEX
8
CUT
10
267.5011
20
137.2261
0
VERTEX
8
CUT
10
267.5801
20
138.3086
0
VERTEX
8
CUT
10
267.5826
20
138.3670
0
VERTEX
8
CUT
10
267.5835
20
138.4500
0
VERTEX
8
CUT
10
267.5824
20
138.5084
0
VERTEX
8
CUT
10
267.5510
20
139.1326
0
VERTEX
8
CUT
10
267.5872
20
140.5113
0
VERTEX
8
CUT
10
267.5875
20
140.5320
0
VERTEX
8
CUT
10
267.5876
20
140.5614
0
VERTEX
8
CUT
10
267.5875
20
140.5822
0
VERTEX
8
CUT
10
267.4402
20
149.0261
0
VERTEX
8
CUT
10
267.4382
20
149.0733
0
VERTEX
8
CUT
10
267.4354
20
149.1142
0
VERTEX
8
CUT
10
267.4244
20
149.2080
0
VERTEX
8
CUT
10
267.4219
20
149.2227
0
VERTEX
8
CUT
10
267.4016
20
149.3149
0
VERTEX
8
CUT
10
267.3977
20
149.3293
0
VERTEX
8
CUT
10
267.3684
20
149.4190
0
VERTEX
8
CUT
10
267.3631
20
149.4329
0
VERTEX
8
CUT
10
267.3249
20
149.5193
0
VERTEX
8
CUT
10
267.3183
20
149.5326
0
VERTEX
8
CUT
10
267.2717
20
149.6148
0
VERTEX
8
CUT
10
267.2638
20
149.6273
0
VERTEX
8
CUT
10
267.2093
20
149.7045
0
VERTEX
8
CUT
10
267.2002
20
149.7162
0
VERTEX
8
CUT
10
267.1383
20
149.7876
0
VERTEX
8
CUT
10
267.1280
20
149.7983
0
VERTEX
8
CUT
10
267.0594
20
149.8632
0
VERTEX
8
CUT
10
267.0481
20
149.8728
0
VERTEX
8
CUT
10
266.9733
20
149.9306
0
VERTEX
8
CUT
10
266.9611
20
149.9390
0
VERTEX
8
CUT
10
266.8810
20
149.9891
0
VERTEX
8
CUT
10
266.8680
20
149.9963
0
VERTEX
8
CUT
10
266.7834
20
150.0381
0
VERTEX
8
CUT
10
266.7697
20
150.0440
0
VERTEX
8
CUT
10
266.6813
20
150.0772
0
VERTEX
8
CUT
10
266.6671
20
150.0817
0
VERTEX
8
CUT
10
266.5759
20
150.1060
0
VERTEX
8
CUT
10
266.5613
20
150.1090
0
VERTEX
8
CUT
10
266.4681
20
150.1241
0
VERTEX
8
CUT
10
266.4533
20
150.1257
0
VERTEX
8
CUT
10
266.3591
20
150.1314
0
VERTEX
8
CUT
10
266.3442
20
150.1316
0
VERTEX
8
CUT
10
266.2308
20
150.1272
0
VERTEX
8
CUT
10
266.0261
20
150.1291
0
VERTEX
8
CUT
10
265.8225
20
150.1511
0
VERTEX
8
CUT
10
265.6220
20
150.1927
0
VERTEX
8
CUT
10
265.4265
20
150.2537
0
VERTEX
8
CUT
10
265.2379
20
150.3334
0
VERTEX
8
CUT
10
265.0579
20
150.4311
0
VERTEX
8
CUT
10
264.8884
20
150.5459
0
VERTEX
8
CUT
10
264.7308
20
150.6766
0
VERTEX
8
CUT
10
264.5867
20
150.8221
0
VERTEX
8
CUT
10
264.4574
20
150.9809
0
VERTEX
8
CUT
10
264.3442
20
151.1515
0
VERTEX
8
CUT
10
263.9926
20
151.7423
0
VERTEX
8
CUT
10
263.8834
20
151.9518
0
VERTEX
8
CUT
10
263.7984
20
152.1723
0
VERTEX
8
CUT
10
262.8169
20
155.2186
0
VERTEX
8
CUT
10
262.7967
20
155.2750
0
VERTEX
8
CUT
10
262.7656
20
155.3541
0
VERTEX
8
CUT
10
262.7419
20
155.4091
0
VERTEX
8
CUT
10
261.9541
20
157.0924
0
VERTEX
8
CUT
10
261.9345
20
157.1317
0
VERTEX
8
CUT
10
261.9168
20
157.1654
0
VERTEX
8
CUT
10
261.8725
20
157.2410
0
VERTEX
8
CUT
10
261.8517
20
157.2730
0
VERTEX
8
CUT
10
261.8270
20
157.3092
0
VERTEX
8
CUT
10
258.4957
20
161.9497
0
VERTEX
8
CUT
10
258.4711
20
161.9825
0
VERTEX
8
CUT
10
258.4491
20
162.0105
0
VERTEX
8
CUT
10
258.3957
20
162.0727
0
VERTEX
8
CUT
10
258.3714
20
162.0987
0
VERTEX
8
CUT
10
258.3428
20
162.1280
0
VERTEX
8
CUT
10
257.5536
20
162.9016
0
VERTEX
8
CUT
10
257.5282
20
162.9256
0
VERTEX
8
CUT
10
257.5057
20
162.9460
0
VERTEX
8
CUT
10
257.4523
20
162.9912
0
VERTEX
8
CUT
10
257.4284
20
163.0100
0
VERTEX
8
CUT
10
257.4004
20
163.0310
0
VERTEX
8
CUT
10
254.6492
20
165.0288
0
VERTEX
8
CUT
10
254.6037
20
165.0599
0
VERTEX
8
CUT
10
254.5378
20
165.1021
0
VERTEX
8
CUT
10
254.4906
20
165.1304
0
VERTEX
8
CUT
10
252.6321
20
166.1749
0
VERTEX
8
CUT
10
252.5944
20
166.1950
0
VERTEX
8
CUT
10
252.5613
20
166.2117
0
VERTEX
8
CUT
10
252.4836
20
166.2466
0
VERTEX
8
CUT
10
252.4491
20
166.2602
0
VERTEX
8
CUT
10
252.4091
20
166.2751
0
VERTEX
8
CUT
10
251.4301
20
166.6129
0
VERTEX
8
CUT
10
251.3800
20
166.6287
0
VERTEX
8
CUT
10
251.3083
20
166.6491
0
VERTEX
8
CUT
10
251.2575
20
166.6620
0
VERTEX
8
CUT
10
248.4851
20
167.2872
0
VERTEX
8
CUT
10
248.4236
20
167.2989
0
VERTEX
8
CUT
10
248.3359
20
167.3127
0
VERTEX
8
CUT
10
248.2738
20
167.3204
0
VERTEX
8
CUT
10
242.7764
20
167.8168
0
VERTEX
8
CUT
10
242.7216
20
167.8201
0
VERTEX
8
CUT
10
242.6740
20
167.8217
0
VERTEX
8
CUT
10
242.5642
20
167.8188
0
VERTEX
8
CUT
10
242.5167
20
167.8149
0
VERTEX
8
CUT
10
242.4621
20
167.8087
0
VERTEX
8
CUT
10
239.5538
20
167.3945
0
VERTEX
8
CUT
10
239.5133
20
167.3878
0
VERTEX
8
CUT
10
239.4783
20
167.3813
0
VERTEX
8
CUT
10
239.3984
20
167.3628
0
VERTEX
8
CUT
10
239.3641
20
167.3533
0
VERTEX
8
CUT
10
239.3249
20
167.3414
0
VERTEX
8
CUT
10
238.0511
20
166.9275
0
VERTEX
8
CUT
10
237.9951
20
166.9073
0
VERTEX
8
CUT
10
237.9164
20
166.8761
0
VERTEX
8
CUT
10
237.8618
20
166.8525
0
VERTEX
8
CUT
10
236.5598
20
166.2400
0
VERTEX
8
CUT
10
236.5239
20
166.2222
0
VERTEX
8
CUT
10
236.4931
20
166.2061
0
VERTEX
8
CUT
10
236.4237
20
166.1660
0
VERTEX
8
CUT
10
236.3943
20
166.1473
0
VERTEX
8
CUT
10
236.3610
20
166.1251
0
VERTEX
8
CUT
10
234.4350
20
164.7832
0
VERTEX
8
CUT
10
234.3970
20
164.7553
0
VERTEX
8
CUT
10
234.3646
20
164.7302
0
VERTEX
8
CUT
10
234.2929
20
164.6689
0
VERTEX
8
CUT
10
234.2821
20
164.6587
0
VERTEX
8
CUT
10
234.2169
20
164.5905
0
VERTEX
8
CUT
10
234.2072
20
164.5793
0
VERTEX
8
CUT
10
234.1490
20
164.5049
0
VERTEX
8
CUT
10
234.1404
20
164.4928
0
VERTEX
8
CUT
10
234.0900
20
164.4131
0
VERTEX
8
CUT
10
234.0827
20
164.4001
0
VERTEX
8
CUT
10
234.0403
20
164.3158
0
VERTEX
8
CUT
10
234.0343
20
164.3022
0
VERTEX
8
CUT
10
234.0006
20
164.2141
0
VERTEX
8
CUT
10
233.9960
20
164.2000
0
VERTEX
8
CUT
10
233.9712
20
164.1089
0
VERTEX
8
CUT
10
233.9680
20
164.0944
0
VERTEX
8
CUT
10
233.9523
20
164.0014
0
VERTEX
8
CUT
10
233.9506
20
163.9866
0
VERTEX
8
CUT
10
233.9442
20
163.8925
0
VERTEX
8
CUT
10
233.9440
20
163.8776
0
VERTEX
8
CUT
10
233.9470
20
163.7833
0
VERTEX
8
CUT
10
233.9482
20
163.7685
0
VERTEX
8
CUT
10
233.9606
20
163.6750
0
VERTEX
8
CUT
10
233.9633
20
163.6604
0
VERTEX
8
CUT
10
233.9849
20
163.5685
0
VERTEX
8
CUT
10
233.9890
20
163.5542
0
VERTEX
8
CUT
10
234.0196
20
163.4650
0
VERTEX
8
CUT
10
234.0252
20
163.4512
0
VERTEX
8
CUT
10
234.0645
20
163.3654
0
VERTEX
8
CUT
10
234.0713
20
163.3523
0
VERTEX
8
CUT
10
234.1190
20
163.2708
0
VERTEX
8
CUT
10
234.1271
20
163.2584
0
VERTEX
8
CUT
10
234.1826
20
163.1821
0
VERTEX
8
CUT
10
234.1919
20
163.1705
0
VERTEX
8
CUT
10
234.2547
20
163.1001
0
VERTEX
8
CUT
10
234.2652
20
163.0895
0
VERTEX
8
CUT
10
234.3347
20
163.0257
0
VERTEX
8
CUT
10
234.3461
20
163.0162
0
VERTEX
8
CUT
10
234.4216
20
162.9595
0
VERTEX
8
CUT
10
234.4339
20
162.9512
0
VERTEX
8
CUT
10
234.5146
20
162.9024
0
VERTEX
8
CUT
10
234.5277
20
162.8953
0
VERTEX
8
CUT
10
234.6128
20
162.8547
0
VERTEX
8
CUT
10
234.6265
20
162.8490
0
VERTEX
8
CUT
10
234.7153
20
162.8171
0
VERTEX
8
CUT
10
234.7295
20
162.8127
0
VERTEX
8
CUT
10
234.8211
20
162.7898
0
VERTEX
8
CUT
10
234.8356
20
162.7869
0
VERTEX
8
CUT
10
234.9290
20
162.7731
0
VERTEX
8
CUT
10
234.9438
20
162.7717
0
VERTEX
8
CUT
10
235.0380
20
162.7672
0
VERTEX
8
CUT
10
235.0529
20
162.7673
0
VERTEX
8
CUT
10
235.1471
20
162.7722
0
VERTEX
8
CUT
10
235.1619
20
162.7737
0
VERTEX
8
CUT
10
235.2552
20
162.7880
0
VERTEX
8
CUT
10
235.2697
20
162.7910
0
VERTEX
8
CUT
10
235.3611
20
162.8145
0
VERTEX
8
CUT
10
235.4002
20
162.8266
0
VERTEX
8
CUT
10
235.4450
20
162.8417
0
VERTEX
8
CUT
10
237.6380
20
163.6442
0
VERTEX
8
CUT
10
237.7934
20
163.6943
0
VERTEX
8
CUT
10
237.9523
20
163.7322
0
VERTEX
8
CUT
10
240.1991
20
164.1763
0
SEQEND
0
POLYLINE
8
CUT
66
1
70
1
10
0.0
20
0.0
30
0.0
0
VERTEX
8
CUT
10
251.5251
20
103.2596
0
VERTEX
8
CUT
10
251.4410
20
103.2980
0
VERTEX
8
CUT
10
251.4275
20
103.3034
0
VERTEX
8
CUT
10
251.3401
20
103.3335
0
VERTEX
8
CUT
10
251.3261
20
103.3375
0
VERTEX
8
CUT
10
251.2362
20
103.3589
0
VERTEX
8
CUT
10
251.2219
20
103.3616
0
VERTEX
8
CUT
10
251.1303
20
103.3742
0
VERTEX
8
CUT
10
251.1158
20
103.3754
0
VERTEX
8
CUT
10
251.0234
20
103.3790
0
VERTEX
8
CUT
10
251.0088
20
103.3789
0
VERTEX
8
CUT
10
250.9165
20
103.3735
0
VERTEX
8
CUT
10
250.9021
20
103.3719
0
VERTEX
8
CUT
10
250.8108
20
103.3575
0
VERTEX
8
CUT
10
250.7965
20
103.3546
0
VERTEX
8
CUT
10
250.7070
20
103.3314
0
VERTEX
8
CUT
10
250.6931
20
103.3270
0
VERTEX
8
CUT
10
250.6063
20
103.2953
0
VERTEX
8
CUT
10
250.5929
20
103.2896
0
VERTEX
8
CUT
10
250.5096
20
103.2495
0
VERTEX
8
CUT
10
250.4968
20
103.2426
0
VERTEX
8
CUT
10
250.4178
20
103.1946
0
VERTEX
8
CUT
10
250.4057
20
103.1865
0
VERTEX
8
CUT
10
250.3317
20
103.1310
0
VERTEX
8
CUT
10
250.3205
20
103.1217
0
VERTEX
8
CUT
10
250.2523
20
103.0593
0
VERTEX
8
CUT
10
250.2420
20
103.0490
0
VERTEX
8
CUT
10
250.1802
20
102.9803
0
VERTEX
8
CUT
10
250.1710
20
102.9690
0
VERTEX
8
CUT
10
250.1161
20
102.8946
0
VERTEX
8
CUT
10
250.1081
20
102.8825
0
VERTEX
8
CUT
10
250.0607
20
102.8031
0
VERTEX
8
CUT
10
250.0539
20
102.7902
0
VERTEX
8
CUT
10
250.0145
20
102.7066
0
VERTEX
8
CUT
10
250.0089
20
102.6932
0
VERTEX
8
CUT
10
249.9778
20
102.6061
0
VERTEX
8
CUT
10
249.9736
20
102.5922
0
VERTEX
8
CUT
10
249.9511
20
102.5025
0
VERTEX
8
CUT
10
249.9483
20
102.4882
0
VERTEX
8
CUT
10
249.9346
20
102.3968
0
VERTEX
8
CUT
10
249.9332
20
102.3823
0
VERTEX
8
CUT
10
249.9285
20
102.2900
0
VERTEX
8
CUT
10
249.9284
20
102.2499
0
VERTEX
8
CUT
10
249.9294
20
102.2036
0
VERTEX
8
CUT
10
249.9423
20
101.9266
0
VERTEX
8
CUT
10
249.9454
20
101.8831
0
VERTEX
8
CUT
10
249.9489
20
101.8454
0
VERTEX
8
CUT
10
249.9609
20
101.7590
0
VERTEX
8
CUT
10
249.9634
20
101.7455
0
VERTEX
8
CUT
10
249.9833
20
101.6606
0
VERTEX
8
CUT
10
249.9937
20
101.6242
0
VERTEX
8
CUT
10
250.0065
20
101.5825
0
VERTEX
8
CUT
10
250.5689
20
99.8981
0
VERTEX
8
CUT
10
250.5864
20
99.8501
0
VERTEX
8
CUT
10
250.6027
20
99.8088
0
VERTEX
8
CUT
10
250.6453
20
99.7159
0
VERTEX
8
CUT
10
250.6659
20
99.6767
0
VERTEX
8
CUT
10
250.6909
20
99.6321
0
VERTEX
8
CUT
10
251.2563
20
98.6837
0
VERTEX
8
CUT
10
251.2842
20
98.6397
0
VERTEX
8
CUT
10
251.3095
20
98.6022
0
VERTEX
8
CUT
10
251.3723
20
98.5191
0
VERTEX
8
CUT
10
251.3828
20
98.5067
0
VERTEX
8
CUT
10
251.4543
20
98.4310
0
VERTEX
8
CUT
10
251.4662
20
98.4197
0
VERTEX
8
CUT
10
251.5456
20
98.3523
0
VERTEX
8
CUT
10
251.5816
20
98.3250
0
VERTEX
8
CUT
10
251.6239
20
98.2947
0
VERTEX
8
CUT
10
251.7542
20
98.2067
0
VERTEX
8
CUT
10
251.7905
20
98.1833
0
VERTEX
8
CUT
10
251.8224
20
98.1638
0
VERTEX
8
CUT
10
251.8980
20
98.1222
0
VERTEX
8
CUT
10
251.9102
20
98.1162
0
VERTEX
8
CUT
10
251.9892
20
98.0816
0
VERTEX
8
CUT
10
252.0019
20
98.0767
0
VERTEX
8
CUT
10
252.0837
20
98.0495
0
VERTEX
8
CUT
10
252.0968
20
98.0458
0
VERTEX
8
CUT
10
252.1808
20
98.0260
0
VERTEX
8
CUT
10
252.2176
20
98.0191
0
VERTEX
8
CUT
10
252.2602
20
98.0122
0
VERTEX
8
CUT
10
253.5483
20
97.8309
0
VERTEX
8
CUT
10
253.7041
20
97.8029
0
VERTEX
8
CUT
10
253.8575
20
97.7633
0
VERTEX
8
CUT
10
255.2411
20
97.3494
0
VERTEX
8
CUT
10
255.2920
20
97.3317
0
VERTEX
8
CUT
10
255.3251
20
97.3138
0
VERTEX
8
CUT
10
255.3669
20
97.2926
0
VERTEX
8
CUT
10
255.8224
20
97.0747
0
VERTEX
8
CUT
10
256.5362
20
96.6316
0
VERTEX
8
CUT
10
256.5760
20
96.6082
0
VERTEX
8
CUT
10
256.6110
20
96.5888
0
VERTEX
8
CUT
10
256.6938
20
96.5480
0
VERTEX
8
CUT
10
256.7071
20
96.5422
0
VERTEX
8
CUT
10
256.7934
20
96.5096
0
VERTEX
8
CUT
10
256.8072
20
96.5051
0
VERTEX
8
CUT
10
256.8963
20
96.4811
0
VERTEX
8
CUT
10
256.9105
20
96.4780
0
VERTEX
8
CUT
10
257.0015
20
96.4627
0
VERTEX
8
CUT
10
257.0159
20
96.4609
0
VERTEX
8
CUT
10
257.1080
20
96.4545
0
VERTEX
8
CUT
10
257.1225
20
96.4542
0
VERTEX
8
CUT
10
257.2147
20
96.4568
0
VERTEX
8
CUT
10
257.2292
20
96.4579
0
VERTEX
8
CUT
10
257.3207
20
96.4694
0
VERTEX
8
CUT
10
257.3350
20
96.4719
0
VERTEX
8
CUT
10
257.4250
20
96.4923
0
VERTEX
8
CUT
10
257.4390
20
96.4962
0
VERTEX
8
CUT
10
257.5266
20
96.5251
0
VERTEX
8
CUT
10
257.5402
20
96.5304
0
VERTEX
8
CUT
10
257.6246
20
96.5677
0
VERTEX
8
CUT
10
257.6375
20
96.5742
0
VERTEX
8
CUT
10
257.7179
20
96.6196
0
VERTEX
8
CUT
10
257.7302
20
96.6273
0
VERTEX
8
CUT
10
257.8057
20
96.6803
0
VERTEX
8
CUT
10
257.8172
20
96.6892
0
VERTEX
8
CUT
10
257.8873
20
96.7492
0
VERTEX
8
CUT
10
257.8978
20
96.7592
0
VERTEX
8
CUT
10
257.9617
20
96.8257
0
VERTEX
8
CUT
10
257.9713
20
96.8367
0
VERTEX
8
CUT
10
258.0284
20
96.9091
0
VERTEX
8
CUT
10
258.0368
20
96.9210
0
VERTEX
8
CUT
10
258.0867
20
96.9986
0
VERTEX
8
CUT
10
258.0939
20
97.0112
0
VERTEX
8
CUT
10
258.1360
20
97.0933
0
VERTEX
8
CUT
10
258.1525
20
97.1298
0
VERTEX
8
CUT
10
258.1705
20
97.1723
0
VERTEX
8
CUT
10
259.6175
20
100.8351
0
VERTEX
8
CUT
10
259.6335
20
100.8786
0
VERTEX
8
CUT
10
259.6464
20
100.9168
0
VERTEX
8
CUT
10
259.6719
20
101.0059
0
VERTEX
8
CUT
10
259.6753
20
101.0202
0
VERTEX
8
CUT
10
259.6919
20
101.1114
0
VERTEX
8
CUT
10
259.6938
20
101.1259
0
VERTEX
8
CUT
10
259.7015
20
101.2183
0
VERTEX
8
CUT
10
259.7020
20
101.2329
0
VERTEX
8
CUT
10
259.7007
20
101.3256
0
VERTEX
8
CUT
10
259.6997
20
101.3402
0
VERTEX
8
CUT
10
259.6893
20
101.4324
0
VERTEX
8
CUT
10
259.6870
20
101.4468
0
VERTEX
8
CUT
10
259.6676
20
101.5375
0
VERTEX
8
CUT
10
259.6639
20
101.5516
0
VERTEX
8
CUT
10
259.6358
20
101.6400
0
VERTEX
8
CUT
10
259.6307
20
101.6536
0
VERTEX
8
CUT
10
259.5941
20
101.7389
0
VERTEX
8
CUT
10
259.5877
20
101.7520
0
VERTEX
8
CUT
10
259.5429
20
101.8332
0
VERTEX
8
CUT
10
259.5353
20
101.8457
0
VERTEX
8
CUT
10
259.4828
20
101.9221
0
VERTEX
8
CUT
10
259.4740
20
101.9338
0
VERTEX
8
CUT
10
259.4143
20
102.0048
0
VERTEX
8
CUT
10
259.4044
20
102.0155
0
VERTEX
8
CUT
10
259.3381
20
102.0803
0
VERTEX
8
CUT
10
259.3271
20
102.0900
0
VERTEX
8
CUT
10
259.2548
20
102.1481
0
VERTEX
8
CUT
10
259.2430
20
102.1566
0
VERTEX
8
CUT
10
259.1653
20
102.2074
0
VERTEX
8
CUT
10
259.1528
20
102.2147
0
VERTEX
8
CUT
10
259.0705
20
102.2576
0
VERTEX
8
CUT
10
259.0573
20
102.2638
0
VERTEX
8
CUT
10
258.9712
20
102.2984
0
VERTEX
8
CUT
10
258.9575
20
102.3032
0
VERTEX
8
CUT
10
258.8685
20
102.3293
0
VERTEX
8
CUT
10
258.8543
20
102.3328
0
VERTEX
8
CUT
10
258.7631
20
102.3501
0
VERTEX
8
CUT
10
258.7487
20
102.3521
0
VERTEX
8
CUT
10
258.6563
20
102.3604
0
VERTEX
8
CUT
10
258.6417
20
102.3610
0
VERTEX
8
CUT
10
258.5490
20
102.3603
0
VERTEX
8
CUT
10
258.5344
20
102.3595
0
VERTEX
8
CUT
10
258.4422
20
102.3497
0
VERTEX
8
CUT
10
258.4278
20
102.3475
0
VERTEX
8
CUT
10
258.3369
20
102.3288
0
VERTEX
8
CUT
10
258.2979
20
102.3187
0
VERTEX
8
CUT
10
258.2533
20
102.3060
0
VERTEX
8
CUT
10
256.9175
20
101.8914
0
VERTEX
8
CUT
10
256.7104
20
101.8385
0
VERTEX
8
CUT
10
256.4990
20
101.8070
0
VERTEX
8
CUT
10
255.8919
20
101.7477
0
VERTEX
8
CUT
10
255.7245
20
101.7381
0
VERTEX
8
CUT
10
255.5570
20
101.7419
0
VERTEX
8
CUT
10
254.8901
20
101.7835
0
VERTEX
8
CUT
10
254.6911
20
101.8055
0
VERTEX
8
CUT
10
254.4950
20
101.8464
0
VERTEX
8
CUT
10
253.3449
20
102.1440
0
VERTEX
8
CUT
10
253.1593
20
102.2013
0
VERTEX
8
CUT
10
252.9797
20
102.2755
0
VERTEX
8
CUT
10
252.8078
20
102.3660
0
VERTEX
8
CUT
10
252.6450
20
102.4719
0
VERTEX
8
CUT
10
251.6899
20
103.1586
0
VERTEX
8
CUT
10
251.6517
20
103.1847
0
VERTEX
8
CUT
10
251.6180
20
103.2065
0
VERTEX
8
CUT
10
251.5380
20
103.2529
0
SEQEND
0
POLYLINE
8
CUT
66
1
70
1
10
0.0
20
0.0
30
0.0
0
VERTEX
8
CUT
10
247.3005
20
113.4259
0
VERTEX
8
CUT
10
247.4421
20
113.2341
0
VERTEX
8
CUT
10
248.3171
20
111.8960
0
VERTEX
8
CUT
10
248.3439
20
111.8572
0
VERTEX
8
CUT
10
248.3679
20
111.8242
0
VERTEX
8
CUT
10
248.4269
20
111.7510
0
VERTEX
8
CUT
10
248.4367
20
111.7399
0
VERTEX
8
CUT
10
248.5027
20
111.6729
0
VERTEX
8
CUT
10
248.5136
20
111.6629
0
VERTEX
8
CUT
10
248.5859
20
111.6027
0
VERTEX
8
CUT
10
248.5977
20
111.5938
0
VERTEX
8
CUT
10
248.6756
20
111.5410
0
VERTEX
8
CUT
10
248.6882
20
111.5334
0
VERTEX
8
CUT
10
248.7709
20
111.4886
0
VERTEX
8
CUT
10
248.7843
20
111.4822
0
VERTEX
8
CUT
10
248.8710
20
111.4458
0
VERTEX
8
CUT
10
248.8849
20
111.4408
0
VERTEX
8
CUT
10
248.9748
20
111.4132
0
VERTEX
8
CUT
10
248.9892
20
111.4096
0
VERTEX
8
CUT
10
249.0814
20
111.3910
0
VERTEX
8
CUT
10
249.0960
20
111.3888
0
VERTEX
8
CUT
10
249.1896
20
111.3794
0
VERTEX
8
CUT
10
249.2044
20
111.3787
0
VERTEX
8
CUT
10
249.2984
20
111.3787
0
VERTEX
8
CUT
10
249.3132
20
111.3794
0
VERTEX
8
CUT
10
249.4068
20
111.3886
0
VERTEX
8
CUT
10
249.4215
20
111.3908
0
VERTEX
8
CUT
10
249.5137
20
111.4093
0
VERTEX
8
CUT
10
249.5280
20
111.4129
0
VERTEX
8
CUT
10
249.6180
20
111.4404
0
VERTEX
8
CUT
10
249.6319
20
111.4454
0
VERTEX
8
CUT
10
249.7187
20
111.4817
0
VERTEX
8
CUT
10
249.7320
20
111.4881
0
VERTEX
8
CUT
10
249.8148
20
111.5328
0
VERTEX
8
CUT
10
249.8274
20
111.5404
0
VERTEX
8
CUT
10
249.9054
20
111.5931
0
VERTEX
8
CUT
10
249.9172
20
111.6020
0
VERTEX
8
CUT
10
249.9896
20
111.6621
0
VERTEX
8
CUT
10
250.0005
20
111.6721
0
VERTEX
8
CUT
10
250.0665
20
111.7391
0
VERTEX
8
CUT
10
250.0763
20
111.7501
0
VERTEX
8
CUT
10
250.1354
20
111.8233
0
VERTEX
8
CUT
10
250.1442
20
111.8352
0
VERTEX
8
CUT
10
250.1957
20
111.9139
0
VERTEX
8
CUT
10
250.2032
20
111.9267
0
VERTEX
8
CUT
10
250.2467
20
112.0100
0
VERTEX
8
CUT
10
250.2529
20
112.0235
0
VERTEX
8
CUT
10
250.2880
20
112.1107
0
VERTEX
8
CUT
10
250.2928
20
112.1247
0
VERTEX
8
CUT
10
250.3191
20
112.2150
0
VERTEX
8
CUT
10
250.3225
20
112.2294
0
VERTEX
8
CUT
10
250.3397
20
112.3219
0
VERTEX
8
CUT
10
250.3416
20
112.3366
0
VERTEX
8
CUT
10
250.3496
20
112.4303
0
VERTEX
8
CUT
10
250.3501
20
112.4451
0
VERTEX
8
CUT
10
250.3487
20
112.5391
0
VERTEX
8
CUT
10
250.3478
20
112.5539
0
VERTEX
8
CUT
10
250.3371
20
112.6473
0
VERTEX
8
CUT
10
250.3305
20
112.6876
0
VERTEX
8
CUT
10
250.3217
20
112.7339
0
VERTEX
8
CUT
10
250.2718
20
112.9648
0
VERTEX
8
CUT
10
250.2613
20
113.0085
0
VERTEX
8
CUT
10
250.2513
20
113.0462
0
VERTEX
8
CUT
10
250.2241
20
113.1319
0
VERTEX
8
CUT
10
250.2192
20
113.1451
0
VERTEX
8
CUT
10
250.1840
20
113.2278
0
VERTEX
8
CUT
10
250.1670
20
113.2630
0
VERTEX
8
CUT
10
250.1465
20
113.3030
0
VERTEX
8
CUT
10
249.4467
20
114.5937
0
VERTEX
8
CUT
10
249.4260
20
114.6300
0
VERTEX
8
CUT
10
249.4073
20
114.6612
0
VERTEX
8
CUT
10
249.3611
20
114.7309
0
VERTEX
8
CUT
10
249.3398
20
114.7602
0
VERTEX
8
CUT
10
249.3144
20
114.7935
0
VERTEX
8
CUT
10
248.4533
20
115.8738
0
VERTEX
8
CUT
10
248.4248
20
115.9079
0
VERTEX
8
CUT
10
248.3994
20
115.9368
0
VERTEX
8
CUT
10
248.3379
20
116.0007
0
VERTEX
8
CUT
10
248.3099
20
116.0272
0
VERTEX
8
CUT
10
248.2770
20
116.0569
0
VERTEX
8
CUT
10
247.4313
20
116.7851
0
VERTEX
8
CUT
10
247.3975
20
116.8128
0
VERTEX
8
CUT
10
247.3676
20
116.8362
0
VERTEX
8
CUT
10
247.2965
20
116.8869
0
VERTEX
8
CUT
10
247.2646
20
116.9074
0
VERTEX
8
CUT
10
247.2273
20
116.9303
0
VERTEX
8
CUT
10
246.2751
20
117.4840
0
VERTEX
8
CUT
10
246.2361
20
117.5055
0
VERTEX
8
CUT
10
246.2019
20
117.5233
0
VERTEX
8
CUT
10
246.1212
20
117.5606
0
VERTEX
8
CUT
10
246.0854
20
117.5752
0
VERTEX
8
CUT
10
246.0438
20
117.5910
0
VERTEX
8
CUT
10
244.8082
20
118.0272
0
VERTEX
8
CUT
10
244.7642
20
118.0415
0
VERTEX
8
CUT
10
244.7258
20
118.0530
0
VERTEX
8
CUT
10
244.6361
20
118.0751
0
VERTEX
8
CUT
10
244.6219
20
118.0779
0
VERTEX
8
CUT
10
244.5304
20
118.0912
0
VERTEX
8
CUT
10
244.5160
20
118.0926
0
VERTEX
8
CUT
10
244.4237
20
118.0970
0
VERTEX
8
CUT
10
244.4091
20
118.0970
0
VERTEX
8
CUT
10
244.3169
20
118.0924
0
VERTEX
8
CUT
10
244.3024
20
118.0909
0
VERTEX
8
CUT
10
244.2110
20
118.0774
0
VERTEX
8
CUT
10
244.1967
20
118.0745
0
VERTEX
8
CUT
10
244.1071
20
118.0521
0
VERTEX
8
CUT
10
244.0932
20
118.0479
0
VERTEX
8
CUT
10
244.0062
20
118.0169
0
VERTEX
8
CUT
10
243.9927
20
118.0114
0
VERTEX
8
CUT
10
243.9091
20
117.9721
0
VERTEX
8
CUT
10
243.8963
20
117.9653
0
VERTEX
8
CUT
10
243.8169
20
117.9180
0
VERTEX
8
CUT
10
243.8048
20
117.9100
0
VERTEX
8
CUT
10
243.7303
20
117.8553
0
VERTEX
8
CUT
10
243.7190
20
117.8461
0
VERTEX
8
CUT
10
243.6503
20
117.7844
0
VERTEX
8
CUT
10
243.6400
20
117.7741
0
VERTEX
8
CUT
10
243.5775
20
117.7060
0
VERTEX
8
CUT
10
243.5682
20
117.6948
0
VERTEX
8
CUT
10
243.5127
20
117.6210
0
VERTEX
8
CUT
10
243.5046
20
117.6090
0
VERTEX
8
CUT
10
243.4565
20
117.5301
0
VERTEX
8
CUT
10
243.4496
20
117.5173
0
VERTEX
8
CUT
10
243.4094
20
117.4341
0
VERTEX
8
CUT
10
243.4037
20
117.4207
0
VERTEX
8
CUT
10
243.3718
20
117.3340
0
VERTEX
8
CUT
10
243.3675
20
117.3201
0
VERTEX
8
CUT
10
243.3441
20
117.2307
0
VERTEX
8
CUT
10
243.3412
20
117.2165
0
VERTEX
8
CUT
10
243.3267
20
117.1253
0
VERTEX
8
CUT
10
243.3251
20
117.1108
0
VERTEX
8
CUT
10
243.3195
20
117.0186
0
VERTEX
8
CUT
10
243.3193
20
117.0040
0
VERTEX
8
CUT
10
243.3227
20
116.9117
0
VERTEX
8
CUT
10
243.3240
20
116.8972
0
VERTEX
8
CUT
10
243.3363
20
116.8057
0
VERTEX
8
CUT
10
243.3390
20
116.7914
0
VERTEX
8
CUT
10
243.3602
20
116.7015
0
VERTEX
8
CUT
10
243.3642
20
116.6875
0
VERTEX
8
CUT
10
243.3941
20
116.6001
0
VERTEX
8
CUT
10
243.3994
20
116.5865
0
VERTEX
8
CUT
10
243.4376
20
116.5024
0
VERTEX
8
CUT
10
243.4443
20
116.4895
0
VERTEX
8
CUT
10
243.4905
20
116.4095
0
VERTEX
8
CUT
10
243.4984
20
116.3973
0
VERTEX
8
CUT
10
243.5521
20
116.3221
0
VERTEX
8
CUT
10
243.5612
20
116.3107
0
VERTEX
8
CUT
10
243.6220
20
116.2412
0
VERTEX
8
CUT
10
243.6321
20
116.2307
0
VERTEX
8
CUT
10
243.6994
20
116.1674
0
VERTEX
8
CUT
10
243.7104
20
116.1580
0
VERTEX
8
CUT
10
243.7835
20
116.1015
0
VERTEX
8
CUT
10
243.8164
20
116.0785
0
VERTEX
8
CUT
10
243.8550
20
116.0530
0
VERTEX
8
CUT
10
245.7713
20
114.8508
0
VERTEX
8
CUT
10
245.9468
20
114.7278
0
VERTEX
8
CUT
10
246.1089
20
114.5875
0
VERTEX
8
CUT
10
247.1381
20
113.6003
0
SEQEND
0
POLYLINE
8
CUT
66
1
70
1
10
0.0
20
0.0
30
0.0
0
VERTEX
8
CUT
10
229.5771
20
211.7893
0
VERTEX
8
CUT
10
229.5028
20
211.7348
0
VERTEX
8
CUT
10
229.4915
20
211.7257
0
VERTEX
8
CUT
10
229.4228
20
211.6643
0
VERTEX
8
CUT
10
229.4124
20
211.6541
0
VERTEX
8
CUT
10
229.3500
20
211.5862
0
VERTEX
8
CUT
10
229.3407
20
211.5751
0
VERTEX
8
CUT
10
229.2851
20
211.5015
0
VERTEX
8
CUT
10
229.2769
20
211.4896
0
VERTEX
8
CUT
10
229.2288
20
211.4109
0
VERTEX
8
CUT
10
229.2218
20
211.3982
0
VERTEX
8
CUT
10
229.1815
20
211.3153
0
VERTEX
8
CUT
10
229.1758
20
211.3020
0
VERTEX
8
CUT
10
229.1437
20
211.2155
0
VERTEX
8
CUT
10
229.1393
20
211.2017
0
VERTEX
8
CUT
10
229.1157
20
211.1126
0
VERTEX
8
CUT
10
229.1127
20
211.0984
0
VERTEX
8
CUT
10
229.0979
20
211.0074
0
VERTEX
8
CUT
10
229.0963
20
210.9930
0
VERTEX
8
CUT
10
229.0904
20
210.9009
0
VERTEX
8
CUT
10
229.0902
20
210.8864
0
VERTEX
8
CUT
10
229.0932
20
210.7943
0
VERTEX
8
CUT
10
229.0944
20
210.7798
0
VERTEX
8
CUT
10
229.1064
20
210.6884
0
VERTEX
8
CUT
10
229.1090
20
210.6741
0
VERTEX
8
CUT
10
229.1298
20
210.5843
0
VERTEX
8
CUT
10
229.1337
20
210.5704
0
VERTEX
8
CUT
10
229.1631
20
210.4830
0
VERTEX
8
CUT
10
229.1684
20
210.4695
0
VERTEX
8
CUT
10
229.2062
20
210.3854
0
VERTEX
8
CUT
10
229.2127
20
210.3724
0
VERTEX
8
CUT
10
229.2584
20
210.2924
0
VERTEX
8
CUT
10
229.2662
20
210.2801
0
VERTEX
8
CUT
10
229.3195
20
210.2049
0
VERTEX
8
CUT
10
229.3285
20
210.1935
0
VERTEX
8
CUT
10
229.3888
20
210.1237
0
VERTEX
8
CUT
10
229.3988
20
210.1132
0
VERTEX
8
CUT
10
229.4656
20
210.0497
0
VERTEX
8
CUT
10
229.4766
20
210.0402
0
VERTEX
8
CUT
10
229.5492
20
209.9834
0
VERTEX
8
CUT
10
229.5611
20
209.9751
0
VERTEX
8
CUT
10
229.6389
20
209.9256
0
VERTEX
8
CUT
10
229.6737
20
209.9058
0
VERTEX
8
CUT
10
229.7143
20
209.8840
0
VERTEX
8
CUT
10
229.9499
20
209.7646
0
VERTEX
8
CUT
10
230.1565
20
209.6447
0
VERTEX
8
CUT
10
230.3481
20
209.5021
0
VERTEX
8
CUT
10
230.5223
20
209.3387
0
VERTEX
8
CUT
10
230.9282
20
208.9120
0
VERTEX
8
CUT
10
231.0490
20
208.7734
0
VERTEX
8
CUT
10
231.1572
20
208.6247
0
VERTEX
8
CUT
10
231.2520
20
208.4671
0
VERTEX
8
CUT
10
231.3326
20
208.3019
0
VERTEX
8
CUT
10
231.9366
20
206.9126
0
VERTEX
8
CUT
10
232.0119
20
206.7122
0
VERTEX
8
CUT
10
232.0663
20
206.5051
0
VERTEX
8
CUT
10
232.0994
20
206.2936
0
VERTEX
8
CUT
10
232.1880
20
205.4460
0
VERTEX
8
CUT
10
232.1990
20
205.1891
0
VERTEX
8
CUT
10
232.1786
20
204.9328
0
VERTEX
8
CUT
10
231.9962
20
203.6471
0
VERTEX
8
CUT
10
231.9631
20
203.4692
0
VERTEX
8
CUT
10
231.9148
20
203.2948
0
VERTEX
8
CUT
10
230.4103
20
198.6503
0
VERTEX
8
CUT
10
230.2125
20
198.2277
0
VERTEX
8
CUT
10
230.1933
20
198.1838
0
VERTEX
8
CUT
10
230.1776
20
198.1452
0
VERTEX
8
CUT
10
230.1459
20
198.0548
0
VERTEX
8
CUT
10
230.1341
20
198.0149
0
VERTEX
8
CUT
10
230.1218
20
197.9685
0
VERTEX
8
CUT
10
229.9279
20
197.1613
0
VERTEX
8
CUT
10
229.5448
20
195.9785
0
VERTEX
8
CUT
10
229.5319
20
195.9353
0
VERTEX
8
CUT
10
229.5216
20
195.8976
0
VERTEX
8
CUT
10
229.5021
20
195.8096
0
VERTEX
8
CUT
10
229.4997
20
195.7956
0
VERTEX
8
CUT
10
229.4886
20
195.7062
0
VERTEX
8
CUT
10
229.4856
20
195.6672
0
VERTEX
8
CUT
10
229.4833
20
195.6221
0
VERTEX
8
CUT
10
229.4750
20
195.3294
0
VERTEX
8
CUT
10
229.4748
20
195.2820
0
VERTEX
8
CUT
10
229.4757
20
195.2410
0
VERTEX
8
CUT
10
229.4824
20
195.1466
0
VERTEX
8
CUT
10
229.4842
20
195.1318
0
VERTEX
8
CUT
10
229.5003
20
195.0386
0
VERTEX
8
CUT
10
229.5036
20
195.0241
0
VERTEX
8
CUT
10
229.5061
20
195.0150
0
VERTEX
8
CUT
10
229.5094
20
194.9931
0
VERTEX
8
CUT
10
229.5122
20
194.9791
0
VERTEX
8
CUT
10
229.5342
20
194.8907
0
VERTEX
8
CUT
10
229.5383
20
194.8769
0
VERTEX
8
CUT
10
229.5687
20
194.7911
0
VERTEX
8
CUT
10
229.5742
20
194.7778
0
VERTEX
8
CUT
10
229.6127
20
194.6952
0
VERTEX
8
CUT
10
229.6193
20
194.6825
0
VERTEX
8
CUT
10
229.6656
20
194.6040
0
VERTEX
8
CUT
10
229.6734
20
194.5920
0
VERTEX
8
CUT
10
229.7270
20
194.5183
0
VERTEX
8
CUT
10
229.7360
20
194.5072
0
VERTEX
8
CUT
10
229.7963
20
194.4389
0
VERTEX
8
CUT
10
229.8063
20
194.4287
0
VERTEX
8
CUT
10
229.8729
20
194.3665
0
VERTEX
8
CUT
10
229.8839
20
194.3573
0
VERTEX
8
CUT
10
229.9562
20
194.3018
0
VERTEX
8
CUT
10
229.9679
20
194.2936
0
VERTEX
8
CUT
10
230.0452
20
194.2453
0
VERTEX
8
CUT
10
230.0577
20
194.2383
0
VERTEX
8
CUT
10
230.1392
20
194.1977
0
VERTEX
8
CUT
10
230.1524
20
194.1919
0
VERTEX
8
CUT
10
230.2374
20
194.1593
0
VERTEX
8
CUT
10
230.2510
20
194.1548
0
VERTEX
8
CUT
10
230.3388
20
194.1304
0
VERTEX
8
CUT
10
230.3528
20
194.1273
0
VERTEX
8
CUT
10
230.4425
20
194.1114
0
VERTEX
8
CUT
10
230.4567
20
194.1096
0
VERTEX
8
CUT
10
230.5476
20
194.1025
0
VERTEX
8
CUT
10
230.5619
20
194.1020
0
VERTEX
8
CUT
10
230.6530
20
194.1036
0
VERTEX
8
CUT
10
230.6673
20
194.1046
0
VERTEX
8
CUT
10
230.7578
20
194.1149
0
VERTEX
8
CUT
10
230.7720
20
194.1172
0
VERTEX
8
CUT
10
230.8496
20
194.1337
0
VERTEX
8
CUT
10
230.8760
20
194.1369
0
VERTEX
8
CUT
10
230.9184
20
194.1443
0
VERTEX
8
CUT
10
230.9671
20
194.1541
0
VERTEX
8
CUT
10
232.1387
20
194.4221
0
VERTEX
8
CUT
10
232.1890
20
194.4351
0
VERTEX
8
CUT
10
232.2324
20
194.4475
0
VERTEX
8
CUT
10
232.3305
20
194.4816
0
VERTEX
8
CUT
10
232.3722
20
194.4987
0
VERTEX
8
CUT
10
232.4197
20
194.5197
0
VERTEX
8
CUT
10
235.6614
20
196.0612
0
VERTEX
8
CUT
10
235.6987
20
196.0800
0
VERTEX
8
CUT
10
235.7308
20
196.0970
0
VERTEX
8
CUT
10
235.8028
20
196.1394
0
VERTEX
8
CUT
10
235.8332
20
196.1592
0
VERTEX
8
CUT
10
235.8678
20
196.1827
0
VERTEX
8
CUT
10
238.6145
20
198.1436
0
VERTEX
8
CUT
10
238.6460
20
198.1671
0
VERTEX
8
CUT
10
238.6729
20
198.1880
0
VERTEX
8
CUT
10
238.7328
20
198.2388
0
VERTEX
8
CUT
10
238.7579
20
198.2619
0
VERTEX
8
CUT
10
238.7862
20
198.2891
0
VERTEX
8
CUT
10
239.8787
20
199.3817
0
VERTEX
8
CUT
10
239.9087
20
199.4130
0
VERTEX
8
CUT
10
239.9340
20
199.4408
0
VERTEX
8
CUT
10
239.9895
20
199.5075
0
VERTEX
8
CUT
10
240.0122
20
199.5375
0
VERTEX
8
CUT
10
240.0376
20
199.5727
0
VERTEX
8
CUT
10
241.8800
20
202.2507
0
VERTEX
8
CUT
10
241.9011
20
202.2826
0
VERTEX
8
CUT
10
241.9188
20
202.3107
0
VERTEX
8
CUT
10
241.9570
20
202.3771
0
VERTEX
8
CUT
10
241.9724
20
202.4065
0
VERTEX
8
CUT
10
241.9894
20
202.4408
0
VERTEX
8
CUT
10
242.6824
20
203.9076
0
VERTEX
8
CUT
10
242.7010
20
203.9497
0
VERTEX
8
CUT
10
242.7261
20
204.0101
0
VERTEX
8
CUT
10
242.7427
20
204.0530
0
VERTEX
8
CUT
10
244.4930
20
208.9323
0
VERTEX
8
CUT
10
244.5809
20
209.1413
0
VERTEX
8
CUT
10
245.4574
20
210.9445
0
VERTEX
8
CUT
10
245.5744
20
211.1539
0
VERTEX
8
CUT
10
245.7145
20
211.3486
0
VERTEX
8
CUT
10
246.2293
20
211.9839
0
VERTEX
8
CUT
10
246.2589
20
212.0225
0
VERTEX
8
CUT
10
246.2838
20
212.0566
0
VERTEX
8
CUT
10
246.3370
20
212.1381
0
VERTEX
8
CUT
10
246.3447
20
212.1513
0
VERTEX
8
CUT
10
246.3893
20
212.2378
0
VERTEX
8
CUT
10
246.3956
20
212.2517
0
VERTEX
8
CUT
10
246.4311
20
212.3423
0
VERTEX
8
CUT
10
246.4359
20
212.3568
0
VERTEX
8
CUT
10
246.4620
20
212.4506
0
VERTEX
8
CUT
10
246.4653
20
212.4655
0
VERTEX
8
CUT
10
246.4816
20
212.5615
0
VERTEX
8
CUT
10
246.4834
20
212.5767
0
VERTEX
8
CUT
10
246.4898
20
212.6738
0
VERTEX
8
CUT
10
246.4900
20
212.6891
0
VERTEX
8
CUT
10
246.4864
20
212.7863
0
VERTEX
8
CUT
10
246.4851
20
212.8016
0
VERTEX
8
CUT
10
246.4715
20
212.8979
0
VERTEX
8
CUT
10
246.4686
20
212.9129
0
VERTEX
8
CUT
10
246.4453
20
213.0074
0
VERTEX
8
CUT
10
246.4331
20
213.0478
0
VERTEX
8
CUT
10
246.4179
20
213.0941
0
VERTEX
8
CUT
10
246.2456
20
213.5743
0
VERTEX
8
CUT
10
246.2251
20
213.6265
0
VERTEX
8
CUT
10
246.2060
20
213.6712
0
VERTEX
8
CUT
10
246.1560
20
213.7715
0
VERTEX
8
CUT
10
246.1318
20
213.8136
0
VERTEX
8
CUT
10
246.1024
20
213.8614
0
VERTEX
8
CUT
10
244.5892
20
216.1677
0
VERTEX
8
CUT
10
244.5692
20
216.1969
0
VERTEX
8
CUT
10
244.5402
20
216.2378
0
VERTEX
8
CUT
10
244.5192
20
216.2663
0
VERTEX
8
CUT
10
242.6716
20
218.6712
0
VERTEX
8
CUT
10
242.6396
20
218.7105
0
VERTEX
8
CUT
10
242.6111
20
218.7438
0
VERTEX
8
CUT
10
242.5413
20
218.8170
0
VERTEX
8
CUT
10
242.5297
20
218.8279
0
VERTEX
8
CUT
10
242.4525
20
218.8933
0
VERTEX
8
CUT
10
242.4175
20
218.9199
0
VERTEX
8
CUT
10
242.3764
20
218.9494
0
VERTEX
8
CUT
10
242.1240
20
219.1205
0
VERTEX
8
CUT
10
242.0866
20
219.1446
0
VERTEX
8
CUT
10
242.0538
20
219.1647
0
VERTEX
8
CUT
10
241.9759
20
219.2074
0
VERTEX
8
CUT
10
241.9634
20
219.2136
0
VERTEX
8
CUT
10
241.8819
20
219.2489
0
VERTEX
8
CUT
10
241.8689
20
219.2538
0
VERTEX
8
CUT
10
241.7844
20
219.2813
0
VERTEX
8
CUT
10
241.7710
20
219.2850
0
VERTEX
8
CUT
10
241.6844
20
219.3045
0
VERTEX
8
CUT
10
241.6706
20
219.3070
0
VERTEX
8
CUT
10
241.5825
20
219.3183
0
VERTEX
8
CUT
10
241.5686
20
219.3195
0
VERTEX
8
CUT
10
241.4799
20
219.3225
0
VERTEX
8
CUT
10
241.4659
20
219.3223
0
VERTEX
8
CUT
10
241.3773
20
219.3171
0
VERTEX
8
CUT
10
241.3634
20
219.3156
0
VERTEX
8
CUT
10
241.2756
20
219.3021
0
VERTEX
8
CUT
10
241.2619
20
219.2994
0
VERTEX
8
CUT
10
241.1758
20
219.2778
0
VERTEX
8
CUT
10
241.1389
20
219.2666
0
VERTEX
8
CUT
10
241.0967
20
219.2528
0
VERTEX
8
CUT
10
238.5606
20
218.3567
0
VERTEX
8
CUT
10
238.5122
20
218.3381
0
VERTEX
8
CUT
10
238.4441
20
218.3098
0
VERTEX
8
CUT
10
238.3967
20
218.2885
0
VERTEX
8
CUT
10
237.1094
20
217.6683
0
VERTEX
8
CUT
10
237.0722
20
217.6493
0
VERTEX
8
CUT
10
237.0402
20
217.6322
0
VERTEX
8
CUT
10
236.9685
20
217.5894
0
VERTEX
8
CUT
10
236.9382
20
217.5695
0
VERTEX
8
CUT
10
236.9038
20
217.5458
0
VERTEX
8
CUT
10
233.3622
20
214.9908
0
VERTEX
8
CUT
10
233.3308
20
214.9672
0
VERTEX
8
CUT
10
233.3041
20
214.9461
0
VERTEX
8
CUT
10
233.2444
20
214.8951
0
VERTEX
8
CUT
10
233.2195
20
214.8719
0
VERTEX
8
CUT
10
233.1913
20
214.8446
0
VERTEX
8
CUT
10
230.9665
20
212.5981
0
VERTEX
8
CUT
10
230.8308
20
212.4726
0
VERTEX
8
CUT
10
230.6846
20
212.3596
0
VERTEX
8
CUT
10
230.5290
20
212.2598
0
VERTEX
8
CUT
10
230.3652
20
212.1741
0
VERTEX
8
CUT
10
229.7452
20
211.8837
0
VERTEX
8
CUT
10
229.7039
20
211.8631
0
VERTEX
8
CUT
10
229.6685
20
211.8444
0
VERTEX
8
CUT
10
229.5892
20
211.7973
0
SEQEND
0
POLYLINE
8
CUT
66
1
70
1
10
0.0
20
0.0
30
0.0
0
VERTEX
8
CUT
10
233.4357
20
34.9231
0
VERTEX
8
CUT
10
233.4305
20
34.9367
0
VERTEX
8
CUT
10
233.3930
20
35.0209
0
VERTEX
8
CUT
10
233.3865
20
35.0338
0
VERTEX
8
CUT
10
233.3411
20
35.1140
0
VERTEX
8
CUT
10
233.3333
20
35.1263
0
VERTEX
8
CUT
10
233.2803
20
35.2017
0
VERTEX
8
CUT
10
233.2714
20
35.2131
0
VERTEX
8
CUT
10
233.2114
20
35.2830
0
VERTEX
8
CUT
10
233.2014
20
35.2936
0
VERTEX
8
CUT
10
233.1349
20
35.3573
0
VERTEX
8
CUT
10
233.1239
20
35.3669
0
VERTEX
8
CUT
10
233.0515
20
35.4239
0
VERTEX
8
CUT
10
233.0397
20
35.4323
0
VERTEX
8
CUT
10
232.9621
20
35.4820
0
VERTEX
8
CUT
10
232.9495
20
35.4892
0
VERTEX
8
CUT
10
232.8674
20
35.5312
0
VERTEX
8
CUT
10
232.8542
20
35.5371
0
VERTEX
8
CUT
10
232.7685
20
35.5709
0
VERTEX
8
CUT
10
232.7547
20
35.5756
0
VERTEX
8
CUT
10
232.6661
20
35.6009
0
VERTEX
8
CUT
10
232.6520
20
35.6042
0
VERTEX
8
CUT
10
232.5614
20
35.6209
0
VERTEX
8
CUT
10
232.5470
20
35.6228
0
VERTEX
8
CUT
10
232.4551
20
35.6305
0
VERTEX
8
CUT
10
232.4407
20
35.6311
0
VERTEX
8
CUT
10
232.3485
20
35.6299
0
VERTEX
8
CUT
10
232.3340
20
35.6290
0
VERTEX
8
CUT
10
232.2424
20
35.6189
0
VERTEX
8
CUT
10
232.2281
20
35.6166
0
VERTEX
8
CUT
10
232.1379
20
35.5976
0
VERTEX
8
CUT
10
232.1239
20
35.5939
0
VERTEX
8
CUT
10
232.0359
20
35.5663
0
VERTEX
8
CUT
10
232.0223
20
35.5613
0
VERTEX
8
CUT
10
231.9375
20
35.5253
0
VERTEX
8
CUT
10
231.9244
20
35.5190
0
VERTEX
8
CUT
10
231.8435
20
35.4749
0
VERTEX
8
CUT
10
231.8311
20
35.4674
0
VERTEX
8
CUT
10
231.7548
20
35.4157
0
VERTEX
8
CUT
10
231.7432
20
35.4070
0
VERTEX
8
CUT
10
231.6723
20
35.3481
0
VERTEX
8
CUT
10
231.6616
20
35.3383
0
VERTEX
8
CUT
10
231.5967
20
35.2729
0
VERTEX
8
CUT
10
231.5870
20
35.2621
0
VERTEX
8
CUT
10
231.5288
20
35.1907
0
VERTEX
8
CUT
10
231.5202
20
35.1790
0
VERTEX
8
CUT
10
231.4691
20
35.1022
0
VERTEX
8
CUT
10
231.4617
20
35.0898
0
VERTEX
8
CUT
10
231.4184
20
35.0084
0
VERTEX
8
CUT
10
231.4122
20
34.9953
0
VERTEX
8
CUT
10
231.3769
20
34.9102
0
VERTEX
8
CUT
10
231.3720
20
34.8965
0
VERTEX
8
CUT
10
231.3452
20
34.8083
0
VERTEX
8
CUT
10
231.3354
20
34.7696
0
VERTEX
8
CUT
10
231.3298
20
34.7447
0
VERTEX
8
CUT
10
231.3233
20
34.7087
0
VERTEX
8
CUT
10
231.3181
20
34.6745
0
VERTEX
8
CUT
10
231.3088
20
34.5863
0
VERTEX
8
CUT
10
231.3066
20
34.5478
0
VERTEX
8
CUT
10
231.3050
20
34.5035
0
VERTEX
8
CUT
10
231.2851
20
32.7363
0
VERTEX
8
CUT
10
231.2862
20
32.6787
0
VERTEX
8
CUT
10
231.2886
20
32.6289
0
VERTEX
8
CUT
10
231.3012
20
32.5147
0
VERTEX
8
CUT
10
231.3097
20
32.4656
0
VERTEX
8
CUT
10
231.3212
20
32.4092
0
VERTEX
8
CUT
10
231.5598
20
31.3945
0
VERTEX
8
CUT
10
231.5708
20
31.3523
0
VERTEX
8
CUT
10
231.5811
20
31.3160
0
VERTEX
8
CUT
10
231.6087
20
31.2334
0
VERTEX
8
CUT
10
231.6137
20
31.2206
0
VERTEX
8
CUT
10
231.6488
20
31.1409
0
VERTEX
8
CUT
10
231.6656
20
31.1070
0
VERTEX
8
CUT
10
231.6858
20
31.0684
0
VERTEX
8
CUT
10
231.9289
20
30.6300
0
VERTEX
8
CUT
10
231.9529
20
30.5892
0
VERTEX
8
CUT
10
231.9746
20
30.5543
0
VERTEX
8
CUT
10
232.0284
20
30.4767
0
VERTEX
8
CUT
10
232.0534
20
30.4441
0
VERTEX
8
CUT
10
232.0832
20
30.4074
0
VERTEX
8
CUT
10
233.4385
20
28.8162
0
VERTEX
8
CUT
10
233.4689
20
28.7822
0
VERTEX
8
CUT
10
233.4960
20
28.7533
0
VERTEX
8
CUT
10
233.5615
20
28.6899
0
VERTEX
8
CUT
10
233.5722
20
28.6804
0
VERTEX
8
CUT
10
233.6435
20
28.6236
0
VERTEX
8
CUT
10
233.6551
20
28.6152
0
VERTEX
8
CUT
10
233.7315
20
28.5655
0
VERTEX
8
CUT
10
233.7657
20
28.5455
0
VERTEX
8
CUT
10
233.8056
20
28.5234
0
VERTEX
8
CUT
10
235.4850
20
27.6468
0
VERTEX
8
CUT
10
235.5253
20
27.6269
0
VERTEX
8
CUT
10
235.5607
20
27.6106
0
VERTEX
8
CUT
10
235.6438
20
27.5767
0
VERTEX
8
CUT
10
235.6572
20
27.5720
0
VERTEX
8
CUT
10
235.7431
20
27.5462
0
VERTEX
8
CUT
10
235.7568
20
27.5428
0
VERTEX
8
CUT
10
235.8449
20
27.5252
0
VERTEX
8
CUT
10
235.8834
20
27.5193
0
VERTEX
8
CUT
10
235.9280
20
27.5137
0
VERTEX
8
CUT
10
237.7928
20
27.3215
0
VERTEX
8
CUT
10
237.8396
20
27.3178
0
VERTEX
8
CUT
10
237.8802
20
27.3156
0
VERTEX
8
CUT
10
237.9740
20
27.3153
0
VERTEX
8
CUT
10
237.9887
20
27.3159
0
VERTEX
8
CUT
10
238.0821
20
27.3248
0
VERTEX
8
CUT
10
238.1223
20
27.3307
0
VERTEX
8
CUT
10
238.1686
20
27.3386
0
VERTEX
8
CUT
10
238.9751
20
27.4968
0
VERTEX
8
CUT
10
239.0307
20
27.5094
0
VERTEX
8
CUT
10
239.0785
20
27.5218
0
VERTEX
8
CUT
10
239.1867
20
27.5569
0
VERTEX
8
CUT
10
239.2327
20
27.5749
0
VERTEX
8
CUT
10
239.2851
20
27.5973
0
VERTEX
8
CUT
10
240.7417
20
28.2717
0
VERTEX
8
CUT
10
240.7845
20
28.2928
0
VERTEX
8
CUT
10
240.8212
20
28.3121
0
VERTEX
8
CUT
10
240.9034
20
28.3608
0
VERTEX
8
CUT
10
240.9160
20
28.3690
0
VERTEX
8
CUT
10
240.9929
20
28.4257
0
VERTEX
8
CUT
10
241.0250
20
28.4519
0
VERTEX
8
CUT
10
241.0612
20
28.4831
0
VERTEX
8
CUT
10
241.2148
20
28.6221
0
VERTEX
8
CUT
10
241.2490
20
28.6546
0
VERTEX
8
CUT
10
241.2779
20
28.6836
0
VERTEX
8
CUT
10
241.3412
20
28.7534
0
VERTEX
8
CUT
10
241.3506
20
28.7649
0
VERTEX
8
CUT
10
241.4066
20
28.8406
0
VERTEX
8
CUT
10
241.4148
20
28.8530
0
VERTEX
8
CUT
10
241.4630
20
28.9339
0
VERTEX
8
CUT
10
241.4700
20
28.9470
0
VERTEX
8
CUT
10
241.5100
20
29.0324
0
VERTEX
8
CUT
10
241.5156
20
29.0461
0
VERTEX
8
CUT
10
241.5469
20
29.1349
0
VERTEX
8
CUT
10
241.5511
20
29.1492
0
VERTEX
8
CUT
10
241.5735
20
29.2407
0
VERTEX
8
CUT
10
241.5763
20
29.2553
0
VERTEX
8
CUT
10
241.5894
20
29.3486
0
VERTEX
8
CUT
10
241.5908
20
29.3633
0
VERTEX
8
CUT
10
241.5946
20
29.4575
0
VERTEX
8
CUT
10
241.5945
20
29.4723
0
VERTEX
8
CUT
10
241.5890
20
29.5664
0
VERTEX
8
CUT
10
241.5874
20
29.5811
0
VERTEX
8
CUT
10
241.5726
20
29.6742
0
VERTEX
8
CUT
10
241.5695
20
29.6887
0
VERTEX
8
CUT
10
241.5456
20
29.7798
0
VERTEX
8
CUT
10
241.5411
20
29.7939
0
VERTEX
8
CUT
10
241.5082
20
29.8822
0
VERTEX
8
CUT
10
241.5024
20
29.8959
0
VERTEX
8
CUT
10
241.4609
20
29.9805
0
VERTEX
8
CUT
10
241.4537
20
29.9934
0
VERTEX
8
CUT
10
241.4041
20
30.0735
0
VERTEX
8
CUT
10
241.3957
20
30.0857
0
VERTEX
8
CUT
10
241.3383
20
30.1605
0
VERTEX
8
CUT
10
241.3287
20
30.1718
0
VERTEX
8
CUT
10
241.2643
20
30.2405
0
VERTEX
8
CUT
10
241.2536
20
30.2508
0
VERTEX
8
CUT
10
241.1826
20
30.3128
0
VERTEX
8
CUT
10
241.1710
20
30.3220
0
VERTEX
8
CUT
10
241.0942
20
30.3767
0
VERTEX
8
CUT
10
241.0817
20
30.3846
0
VERTEX
8
CUT
10
240.9999
20
30.4314
0
VERTEX
8
CUT
10
240.9867
20
30.4381
0
VERTEX
8
CUT
10
240.9007
20
30.4766
0
VERTEX
8
CUT
10
240.8869
20
30.4819
0
VERTEX
8
CUT
10
240.7974
20
30.5116
0
VERTEX
8
CUT
10
240.7832
20
30.5156
0
VERTEX
8
CUT
10
240.6912
20
30.5363
0
VERTEX
8
CUT
10
240.6766
20
30.5388
0
VERTEX
8
CUT
10
240.5831
20
30.5503
0
VERTEX
8
CUT
10
240.5683
20
30.5514
0
VERTEX
8
CUT
10
240.4741
20
30.5536
0
VERTEX
8
CUT
10
240.4593
20
30.5532
0
VERTEX
8
CUT
10
240.3294
20
30.5432
0
VERTEX
8
CUT
10
240.1945
20
30.5373
0
VERTEX
8
CUT
10
238.1404
20
30.5124
0
VERTEX
8
CUT
10
237.9533
20
30.5185
0
VERTEX
8
CUT
10
237.7674
20
30.5413
0
VERTEX
8
CUT
10
237.5843
20
30.5805
0
VERTEX
8
CUT
10
236.4192
20
30.8848
0
VERTEX
8
CUT
10
236.2144
20
30.9497
0
VERTEX
8
CUT
10
236.0173
20
31.0352
0
VERTEX
8
CUT
10
235.8299
20
31.1403
0
VERTEX
8
CUT
10
235.6543
20
31.2640
0
VERTEX
8
CUT
10
235.4922
20
31.4051
0
VERTEX
8
CUT
10
234.7898
20
32.0825
0
VERTEX
8
CUT
10
234.6549
20
32.2253
0
VERTEX
8
CUT
10
234.5340
20
32.3802
0
VERTEX
8
CUT
10
234.4280
20
32.5456
0
VERTEX
8
CUT
10
234.3380
20
32.7202
0
VERTEX
8
CUT
10
233.6459
20
34.2327
0
VERTEX
8
CUT
10
233.5790
20
34.3971
0
VERTEX
8
CUT
10
233.5261
20
34.5666
0
VERTEX
8
CUT
10
233.5005
20
34.6821
0
VERTEX
8
CUT
10
233.4687
20
34.8217
0
VERTEX
8
CUT
10
233.4648
20
34.8357
0
SEQEND
0
POLYLINE
8
CUT
66
1
70
1
10
0.0
20
0.0
30
0.0
0
VERTEX
8
CUT
10
203.7753
20
107.1667
0
VERTEX
8
CUT
10
203.7866
20
107.1588
0
VERTEX
8
CUT
10
203.8611
20
107.1120
0
VERTEX
8
CUT
10
203.8732
20
107.1051
0
VERTEX
8
CUT
10
203.8771
20
107.1031
0
VERTEX
8
CUT
10
203.8812
20
107.1000
0
VERTEX
8
CUT
10
203.9220
20
107.0698
0
VERTEX
8
CUT
10
203.9581
20
107.0447
0
VERTEX
8
CUT
10
204.0443
20
106.9912
0
VERTEX
8
CUT
10
204.0583
20
106.9835
0
VERTEX
8
CUT
10
204.1497
20
106.9396
0
VERTEX
8
CUT
10
204.1644
20
106.9334
0
VERTEX
8
CUT
10
204.2599
20
106.8995
0
VERTEX
8
CUT
10
204.3021
20
106.8870
0
VERTEX
8
CUT
10
204.3512
20
106.8739
0
VERTEX
8
CUT
10
204.5474
20
106.8269
0
VERTEX
8
CUT
10
205.5581
20
106.4275
0
VERTEX
8
CUT
10
205.6041
20
106.4107
0
VERTEX
8
CUT
10
205.6443
20
106.3972
0
VERTEX
8
CUT
10
205.7385
20
106.3708
0
VERTEX
8
CUT
10
205.7535
20
106.3674
0
VERTEX
8
CUT
10
205.8500
20
106.3508
0
VERTEX
8
CUT
10
205.8921
20
106.3458
0
VERTEX
8
CUT
10
205.9409
20
106.3413
0
VERTEX
8
CUT
10
212.6347
20
105.8920
0
VERTEX
8
CUT
10
212.6508
20
105.8911
0
VERTEX
8
CUT
10
212.6737
20
105.8899
0
VERTEX
8
CUT
10
212.6898
20
105.8893
0
VERTEX
8
CUT
10
221.7475
20
105.5896
0
VERTEX
8
CUT
10
221.7976
20
105.5893
0
VERTEX
8
CUT
10
221.8410
20
105.5901
0
VERTEX
8
CUT
10
221.9408
20
105.5974
0
VERTEX
8
CUT
10
221.9564
20
105.5993
0
VERTEX
8
CUT
10
222.0549
20
105.6170
0
VERTEX
8
CUT
10
222.0702
20
105.6206
0
VERTEX
8
CUT
10
222.1662
20
105.6486
0
VERTEX
8
CUT
10
222.1811
20
105.6538
0
VERTEX
8
CUT
10
222.2737
20
105.6917
0
VERTEX
8
CUT
10
222.3129
20
105.7103
0
VERTEX
8
CUT
10
222.3576
20
105.7328
0
VERTEX
8
CUT
10
223.8229
20
106.5223
0
VERTEX
8
CUT
10
224.1851
20
106.6606
0
VERTEX
8
CUT
10
224.2263
20
106.6775
0
VERTEX
8
CUT
10
224.2616
20
106.6929
0
VERTEX
8
CUT
10
224.3412
20
106.7322
0
VERTEX
8
CUT
10
224.3750
20
106.7508
0
VERTEX
8
CUT
10
224.4134
20
106.7732
0
VERTEX
8
CUT
10
225.2862
20
107.3107
0
VERTEX
8
CUT
10
225.8989
20
107.6408
0
VERTEX
8
CUT
10
225.9423
20
107.6657
0
VERTEX
8
CUT
10
225.9794
20
107.6883
0
VERTEX
8
CUT
10
226.0619
20
107.7447
0
VERTEX
8
CUT
10
226.0744
20
107.7542
0
VERTEX
8
CUT
10
226.1505
20
107.8189
0
VERTEX
8
CUT
10
226.1820
20
107.8488
0
VERTEX
8
CUT
10
226.2174
20
107.8841
0
VERTEX
8
CUT
10
226.6397
20
108.3278
0
VERTEX
8
CUT
10
226.9912
20
108.6795
0
VERTEX
8
CUT
10
227.0230
20
108.7129
0
VERTEX
8
CUT
10
227.0499
20
108.7426
0
VERTEX
8
CUT
10
227.1085
20
108.8139
0
VERTEX
8
CUT
10
227.1172
20
108.8255
0
VERTEX
8
CUT
10
227.1263
20
108.8391
0
VERTEX
8
CUT
10
231.8115
20
113.7624
0
VERTEX
8
CUT
10
231.9876
20
113.9273
0
VERTEX
8
CUT
10
233.1924
20
114.9324
0
VERTEX
8
CUT
10
233.3280
20
115.0365
0
VERTEX
8
CUT
10
233.4717
20
115.1292
0
VERTEX
8
CUT
10
234.4205
20
115.6881
0
VERTEX
8
CUT
10
234.4597
20
115.7125
0
VERTEX
8
CUT
10
234.4933
20
115.7345
0
VERTEX
8
CUT
10
234.5680
20
115.7889
0
VERTEX
8
CUT
10
234.5793
20
115.7981
0
VERTEX
8
CUT
10
234.6483
20
115.8595
0
VERTEX
8
CUT
10
234.6587
20
115.8697
0
VERTEX
8
CUT
10
234.7215
20
115.9375
0
VERTEX
8
CUT
10
234.7308
20
115.9487
0
VERTEX
8
CUT
10
234.7867
20
116.0223
0
VERTEX
8
CUT
10
234.7949
20
116.0343
0
VERTEX
8
CUT
10
234.8433
20
116.1131
0
VERTEX
8
CUT
10
234.8503
20
116.1258
0
VERTEX
8
CUT
10
234.8909
20
116.2089
0
VERTEX
8
CUT
10
234.8966
20
116.2222
0
VERTEX
8
CUT
10
234.9289
20
116.3088
0
VERTEX
8
CUT
10
234.9333
20
116.3227
0
VERTEX
8
CUT
10
234.9570
20
116.4120
0
VERTEX
8
CUT
10
234.9600
20
116.4262
0
VERTEX
8
CUT
10
234.9749
20
116.5174
0
VERTEX
8
CUT
10
234.9766
20
116.5319
0
VERTEX
8
CUT
10
234.9825
20
116.6241
0
VERTEX
8
CUT
10
234.9828
20
116.6387
0
VERTEX
8
CUT
10
234.9797
20
116.7310
0
VERTEX
8
CUT
10
234.9785
20
116.7455
0
VERTEX
8
CUT
10
234.9665
20
116.8372
0
VERTEX
8
CUT
10
234.9640
20
116.8515
0
VERTEX
8
CUT
10
234.9431
20
116.9415
0
VERTEX
8
CUT
10
234.9391
20
116.9555
0
VERTEX
8
CUT
10
234.9096
20
117.0431
0
VERTEX
8
CUT
10
234.9043
20
117.0566
0
VERTEX
8
CUT
10
234.8664
20
117.1409
0
VERTEX
8
CUT
10
234.8598
20
117.1539
0
VERTEX
8
CUT
10
234.8139
20
117.2341
0
VERTEX
8
CUT
10
234.8061
20
117.2464
0
VERTEX
8
CUT
10
234.7526
20
117.3217
0
VERTEX
8
CUT
10
234.7278
20
117.3533
0
VERTEX
8
CUT
10
234.6984
20
117.3890
0
VERTEX
8
CUT
10
233.9134
20
118.2938
0
VERTEX
8
CUT
10
233.8828
20
118.3275
0
VERTEX
8
CUT
10
233.8555
20
118.3560
0
VERTEX
8
CUT
10
233.7897
20
118.4186
0
VERTEX
8
CUT
10
233.7789
20
118.4280
0
VERTEX
8
CUT
10
233.7073
20
118.4840
0
VERTEX
8
CUT
10
233.6957
20
118.4923
0
VERTEX
8
CUT
10
233.6191
20
118.5413
0
VERTEX
8
CUT
10
233.6067
20
118.5484
0
VERTEX
8
CUT
10
233.5258
20
118.5898
0
VERTEX
8
CUT
10
233.5128
20
118.5957
0
VERTEX
8
CUT
10
233.4283
20
118.6292
0
VERTEX
8
CUT
10
233.4148
20
118.6338
0
VERTEX
8
CUT
10
233.3275
20
118.6591
0
VERTEX
8
CUT
10
233.3136
20
118.6624
0
VERTEX
8
CUT
10
233.2243
20
118.6792
0
VERTEX
8
CUT
10
233.2101
20
118.6812
0
VERTEX
8
CUT
10
233.1196
20
118.6894
0
VERTEX
8
CUT
10
233.1053
20
118.6900
0
VERTEX
8
CUT
10
233.0144
20
118.6894
0
VERTEX
8
CUT
10
233.0002
20
118.6887
0
VERTEX
8
CUT
10
232.9097
20
118.6795
0
VERTEX
8
CUT
10
232.8956
20
118.6774
0
VERTEX
8
CUT
10
232.8065
20
118.6596
0
VERTEX
8
CUT
10
232.7926
20
118.6561
0
VERTEX
8
CUT
10
232.7056
20
118.6299
0
VERTEX
8
CUT
10
232.6921
20
118.6251
0
VERTEX
8
CUT
10
232.6080
20
118.5907
0
VERTEX
8
CUT
10
232.5951
20
118.5846
0
VERTEX
8
CUT
10
232.5146
20
118.5423
0
VERTEX
8
CUT
10
232.5023
20
118.5350
0
VERTEX
8
CUT
10
232.4263
20
118.4852
0
VERTEX
8
CUT
10
232.4147
20
118.4768
0
VERTEX
8
CUT
10
232.3438
20
118.4200
0
VERTEX
8
CUT
10
232.3143
20
118.3938
0
VERTEX
8
CUT
10
232.2809
20
118.3629
0
VERTEX
8
CUT
10
231.3095
20
117.4178
0
VERTEX
8
CUT
10
231.1292
20
117.2614
0
VERTEX
8
CUT
10
230.9324
20
117.1264
0
VERTEX
8
CUT
10
229.4802
20
116.2476
0
VERTEX
8
CUT
10
229.4351
20
116.2185
0
VERTEX
8
CUT
10
229.3966
20
116.1922
0
VERTEX
8
CUT
10
229.3116
20
116.1265
0
VERTEX
8
CUT
10
229.2764
20
116.0960
0
VERTEX
8
CUT
10
229.2368
20
116.0597
0
VERTEX
8
CUT
10
227.2444
20
114.1254
0
VERTEX
8
CUT
10
227.0707
20
113.9743
0
VERTEX
8
CUT
10
226.8814
20
113.8432
0
VERTEX
8
CUT
10
226.6789
20
113.7335
0
VERTEX
8
CUT
10
225.4825
20
113.1681
0
VERTEX
8
CUT
10
225.2958
20
113.0906
0
VERTEX
8
CUT
10
225.1025
20
113.0314
0
VERTEX
8
CUT
10
224.9045
20
112.9911
0
VERTEX
8
CUT
10
223.5370
20
112.7808
0
VERTEX
8
CUT
10
223.3247
20
112.7591
0
VERTEX
8
CUT
10
223.1114
20
112.7591
0
VERTEX
8
CUT
10
222.8991
20
112.7807
0
VERTEX
8
CUT
10
221.8518
20
112.9414
0
VERTEX
8
CUT
10
221.6671
20
112.9783
0
VERTEX
8
CUT
10
221.4864
20
113.0316
0
VERTEX
8
CUT
10
221.3113
20
113.1009
0
VERTEX
8
CUT
10
221.1431
20
113.1856
0
VERTEX
8
CUT
10
220.9831
20
113.2850
0
VERTEX
8
CUT
10
220.6113
20
113.5398
0
VERTEX
8
CUT
10
220.4350
20
113.6749
0
VERTEX
8
CUT
10
220.2740
20
113.8278
0
VERTEX
8
CUT
10
220.1300
20
113.9969
0
VERTEX
8
CUT
10
220.0047
20
114.1803
0
VERTEX
8
CUT
10
219.8994
20
114.3758
0
VERTEX
8
CUT
10
219.8154
20
114.5814
0
VERTEX
8
CUT
10
219.7825
20
114.6758
0
VERTEX
8
CUT
10
219.7342
20
114.8344
0
VERTEX
8
CUT
10
219.6986
20
114.9963
0
VERTEX
8
CUT
10
219.6985
20
114.9971
0
VERTEX
8
CUT
10
219.6940
20
115.0169
0
VERTEX
8
CUT
10
219.6697
20
115.1055
0
VERTEX
8
CUT
10
219.6652
20
115.1192
0
VERTEX
8
CUT
10
219.6323
20
115.2050
0
VERTEX
8
CUT
10
219.6265
20
115.2182
0
VERTEX
8
CUT
10
219.5856
20
115.3005
0
VERTEX
8
CUT
10
219.5785
20
115.3131
0
VERTEX
8
CUT
10
219.5298
20
115.3910
0
VERTEX
8
CUT
10
219.5216
20
115.4029
0
VERTEX
8
CUT
10
219.4655
20
115.4757
0
VERTEX
8
CUT
10
219.4562
20
115.4867
0
VERTEX
8
CUT
10
219.3934
20
115.5538
0
VERTEX
8
CUT
10
219.3830
20
115.5638
0
VERTEX
8
CUT
10
219.3140
20
115.6245
0
VERTEX
8
CUT
10
219.3027
20
115.6335
0
VERTEX
8
CUT
10
219.2282
20
115.6872
0
VERTEX
8
CUT
10
219.2161
20
115.6951
0
VERTEX
8
CUT
10
219.1367
20
115.7414
0
VERTEX
8
CUT
10
219.1239
20
115.7481
0
VERTEX
8
CUT
10
219.0404
20
115.7864
0
VERTEX
8
CUT
10
219.0270
20
115.7918
0
VERTEX
8
CUT
10
218.9403
20
115.8220
0
VERTEX
8
CUT
10
218.9264
20
115.8261
0
VERTEX
8
CUT
10
218.8371
20
115.8477
0
VERTEX
8
CUT
10
218.8229
20
115.8504
0
VERTEX
8
CUT
10
218.7319
20
115.8633
0
VERTEX
8
CUT
10
218.7175
20
115.8646
0
VERTEX
8
CUT
10
218.6258
20
115.8686
0
VERTEX
8
CUT
10
218.6113
20
115.8686
0
VERTEX
8
CUT
10
218.5196
20
115.8637
0
VERTEX
8
CUT
10
218.5052
20
115.8622
0
VERTEX
8
CUT
10
218.4143
20
115.8485
0
VERTEX
8
CUT
10
218.4002
20
115.8457
0
VERTEX
8
CUT
10
218.3111
20
115.8233
0
VERTEX
8
CUT
10
218.2972
20
115.8191
0
VERTEX
8
CUT
10
218.2107
20
115.7881
0
VERTEX
8
CUT
10
218.1974
20
115.7826
0
VERTEX
8
CUT
10
218.1143
20
115.7435
0
VERTEX
8
CUT
10
218.0790
20
115.7248
0
VERTEX
8
CUT
10
218.0390
20
115.7022
0
VERTEX
8
CUT
10
217.6252
20
115.4559
0
VERTEX
8
CUT
10
217.4162
20
115.3469
0
VERTEX
8
CUT
10
212.9320
20
113.3192
0
VERTEX
8
CUT
10
212.8909
20
113.2994
0
VERTEX
8
CUT
10
212.8556
20
113.2814
0
VERTEX
8
CUT
10
212.7766
20
113.2361
0
VERTEX
8
CUT
10
212.7645
20
113.2283
0
VERTEX
8
CUT
10
212.6902
20
113.1756
0
VERTEX
8
CUT
10
212.6789
20
113.1668
0
VERTEX
8
CUT
10
212.6099
20
113.1072
0
VERTEX
8
CUT
10
212.5995
20
113.0973
0
VERTEX
8
CUT
10
212.5366
20
113.0314
0
VERTEX
8
CUT
10
212.5272
20
113.0205
0
VERTEX
8
CUT
10
212.4709
20
112.9489
0
VERTEX
8
CUT
10
212.4626
20
112.9372
0
VERTEX
8
CUT
10
212.4134
20
112.8604
0
VERTEX
8
CUT
10
212.4063
20
112.8480
0
VERTEX
8
CUT
10
212.3647
20
112.7669
0
VERTEX
8
CUT
10
212.3588
20
112.7539
0
VERTEX
8
CUT
10
212.3251
20
112.6692
0
VERTEX
8
CUT
10
212.3205
20
112.6556
0
VERTEX
8
CUT
10
212.2951
20
112.5680
0
VERTEX
8
CUT
10
212.2918
20
112.5541
0
VERTEX
8
CUT
10
212.2750
20
112.4645
0
VERTEX
8
CUT
10
212.2730
20
112.4503
0
VERTEX
8
CUT
10
212.2648
20
112.3596
0
VERTEX
8
CUT
10
212.2642
20
112.3452
0
VERTEX
8
CUT
10
212.2651
20
112.2118
0
VERTEX
8
CUT
10
212.2566
20
112.0094
0
VERTEX
8
CUT
10
212.2286
20
111.8088
0
VERTEX
8
CUT
10
212.1815
20
111.6119
0
VERTEX
8
CUT
10
212.1155
20
111.4203
0
VERTEX
8
CUT
10
212.0315
20
111.2361
0
VERTEX
8
CUT
10
211.9301
20
111.0608
0
VERTEX
8
CUT
10
211.8123
20
110.8960
0
VERTEX
8
CUT
10
211.6791
20
110.7434
0
VERTEX
8
CUT
10
211.5319
20
110.6043
0
VERTEX
8
CUT
10
211.3719
20
110.4801
0
VERTEX
8
CUT
10
211.2007
20
110.3718
0
VERTEX
8
CUT
10
211.0199
20
110.2805
0
VERTEX
8
CUT
10
210.8312
20
110.2071
0
VERTEX
8
CUT
10
210.6362
20
110.1522
0
VERTEX
8
CUT
10
210.4369
20
110.1163
0
VERTEX
8
CUT
10
210.2350
20
110.0998
0
VERTEX
8
CUT
10
210.0325
20
110.1029
0
VERTEX
8
CUT
10
209.8312
20
110.1254
0
VERTEX
8
CUT
10
209.6330
20
110.1672
0
VERTEX
8
CUT
10
209.4398
20
110.2279
0
VERTEX
8
CUT
10
209.2533
20
110.3070
0
VERTEX
8
CUT
10
207.2301
20
111.2821
0
VERTEX
8
CUT
10
207.1887
20
111.3009
0
VERTEX
8
CUT
10
207.1524
20
111.3163
0
VERTEX
8
CUT
10
207.0672
20
111.3477
0
VERTEX
8
CUT
10
207.0535
20
111.3520
0
VERTEX
8
CUT
10
206.9657
20
111.3752
0
VERTEX
8
CUT
10
206.9271
20
111.3834
0
VERTEX
8
CUT
10
206.8963
20
111.3892
0
VERTEX
8
CUT
10
206.8602
20
111.3941
0
VERTEX
8
CUT
10
206.8176
20
111.3988
0
VERTEX
8
CUT
10
206.7191
20
111.4045
0
VERTEX
8
CUT
10
206.7036
20
111.4046
0
VERTEX
8
CUT
10
206.6050
20
111.4001
0
VERTEX
8
CUT
10
206.5895
20
111.3986
0
VERTEX
8
CUT
10
206.4919
20
111.3838
0
VERTEX
8
CUT
10
206.4767
20
111.3807
0
VERTEX
8
CUT
10
206.3812
20
111.3559
0
VERTEX
8
CUT
10
206.3403
20
111.3430
0
VERTEX
8
CUT
10
206.2936
20
111.3269
0
VERTEX
8
CUT
10
204.8902
20
110.8016
0
VERTEX
8
CUT
10
204.8462
20
110.7839
0
VERTEX
8
CUT
10
204.8085
20
110.7676
0
VERTEX
8
CUT
10
204.7235
20
110.7257
0
VERTEX
8
CUT
10
204.6876
20
110.7057
0
VERTEX
8
CUT
10
204.6467
20
110.6816
0
VERTEX
8
CUT
10
203.7598
20
110.1282
0
VERTEX
8
CUT
10
203.7237
20
110.1046
0
VERTEX
8
CUT
10
203.6929
20
110.0833
0
VERTEX
8
CUT
10
203.6242
20
110.0312
0
VERTEX
8
CUT
10
203.6138
20
110.0226
0
VERTEX
8
CUT
10
203.5501
20
109.9645
0
VERTEX
8
CUT
10
203.5236
20
109.9380
0
VERTEX
8
CUT
10
203.4938
20
109.9068
0
VERTEX
8
CUT
10
203.3933
20
109.7969
0
VERTEX
8
CUT
10
203.3441
20
109.7721
0
VERTEX
8
CUT
10
203.3315
20
109.7650
0
VERTEX
8
CUT
10
203.2535
20
109.7158
0
VERTEX
8
CUT
10
203.2417
20
109.7075
0
VERTEX
8
CUT
10
203.1689
20
109.6510
0
VERTEX
8
CUT
10
203.1385
20
109.6249
0
VERTEX
8
CUT
10
203.1042
20
109.5941
0
VERTEX
8
CUT
10
202.9610
20
109.4587
0
VERTEX
8
CUT
10
202.9274
20
109.4253
0
VERTEX
8
CUT
10
202.8989
20
109.3956
0
VERTEX
8
CUT
10
202.8369
20
109.3240
0
VERTEX
8
CUT
10
202.8278
20
109.3123
0
VERTEX
8
CUT
10
202.7732
20
109.2349
0
VERTEX
8
CUT
10
202.7652
20
109.2223
0
VERTEX
8
CUT
10
202.7187
20
109.1398
0
VERTEX
8
CUT
10
202.7120
20
109.1265
0
VERTEX
8
CUT
10
202.6739
20
109.0398
0
VERTEX
8
CUT
10
202.6686
20
109.0259
0
VERTEX
8
CUT
10
202.6393
20
108.9358
0
VERTEX
8
CUT
10
202.6354
20
108.9214
0
VERTEX
8
CUT
10
202.6152
20
108.8289
0
VERTEX
8
CUT
10
202.6127
20
108.8142
0
VERTEX
8
CUT
10
202.6019
20
108.7202
0
VERTEX
8
CUT
10
202.6009
20
108.7053
0
VERTEX
8
CUT
10
202.5995
20
108.6106
0
VERTEX
8
CUT
10
202.6000
20
108.5957
0
VERTEX
8
CUT
10
202.6080
20
108.5013
0
VERTEX
8
CUT
10
202.6100
20
108.4866
0
VERTEX
8
CUT
10
202.6273
20
108.3935
0
VERTEX
8
CUT
10
202.6308
20
108.3790
0
VERTEX
8
CUT
10
202.6574
20
108.2881
0
VERTEX
8
CUT
10
202.6708
20
108.2493
0
VERTEX
8
CUT
10
202.6783
20
108.2294
0
VERTEX
8
CUT
10
202.6898
20
108.2029
0
VERTEX
8
CUT
10
202.7075
20
108.1649
0
VERTEX
8
CUT
10
202.7542
20
108.0770
0
VERTEX
8
CUT
10
202.7623
20
108.0636
0
VERTEX
8
CUT
10
202.8180
20
107.9811
0
VERTEX
8
CUT
10
202.8274
20
107.9686
0
VERTEX
8
CUT
10
202.8915
20
107.8924
0
VERTEX
8
CUT
10
202.9022
20
107.8809
0
VERTEX
8
CUT
10
202.9739
20
107.8118
0
VERTEX
8
CUT
10
203.0065
20
107.7835
0
VERTEX
8
CUT
10
203.0450
20
107.7519
0
VERTEX
8
CUT
10
203.5661
20
107.3456
0
VERTEX
8
CUT
10
203.6433
20
107.2741
0
VERTEX
8
CUT
10
203.6763
20
107.2449
0
VERTEX
8
CUT
10
203.7055
20
107.2203
0
SEQEND
0
POLYLINE
8
CUT
66
1
70
1
10
0.0
20
0.0
30
0.0
0
VERTEX
8
CUT
10
226.8846
20
58.4667
0
VERTEX
8
CUT
10
226.7941
20
58.4484
0
VERTEX
8
CUT
10
226.7800
20
58.4448
0
VERTEX
8
CUT
10
226.6916
20
58.4178
0
VERTEX
8
CUT
10
226.6780
20
58.4128
0
VERTEX
8
CUT
10
226.5926
20
58.3774
0
VERTEX
8
CUT
10
226.5795
20
58.3711
0
VERTEX
8
CUT
10
226.4980
20
58.3275
0
VERTEX
8
CUT
10
226.4856
20
58.3200
0
VERTEX
8
CUT
10
226.4087
20
58.2687
0
VERTEX
8
CUT
10
226.3971
20
58.2601
0
VERTEX
8
CUT
10
226.3256
20
58.2015
0
VERTEX
8
CUT
10
226.3148
20
58.1918
0
VERTEX
8
CUT
10
226.2493
20
58.1266
0
VERTEX
8
CUT
10
226.2395
20
58.1158
0
VERTEX
8
CUT
10
226.1807
20
58.0445
0
VERTEX
8
CUT
10
226.1721
20
58.0329
0
VERTEX
8
CUT
10
226.1205
20
57.9562
0
VERTEX
8
CUT
10
226.1129
20
57.9438
0
VERTEX
8
CUT
10
226.0690
20
57.8625
0
VERTEX
8
CUT
10
226.0628
20
57.8494
0
VERTEX
8
CUT
10
226.0270
20
57.7642
0
VERTEX
8
CUT
10
226.0220
20
57.7505
0
VERTEX
8
CUT
10
225.9947
20
57.6623
0
VERTEX
8
CUT
10
225.9910
20
57.6482
0
VERTEX
8
CUT
10
225.9724
20
57.5577
0
VERTEX
8
CUT
10
225.9702
20
57.5433
0
VERTEX
8
CUT
10
225.9604
20
57.4514
0
VERTEX
8
CUT
10
225.9596
20
57.4369
0
VERTEX
8
CUT
10
225.9588
20
57.3445
0
VERTEX
8
CUT
10
225.9594
20
57.3300
0
VERTEX
8
CUT
10
225.9676
20
57.2380
0
VERTEX
8
CUT
10
225.9696
20
57.2236
0
VERTEX
8
CUT
10
225.9868
20
57.1328
0
VERTEX
8
CUT
10
225.9901
20
57.1186
0
VERTEX
8
CUT
10
226.0160
20
57.0299
0
VERTEX
8
CUT
10
226.0208
20
57.0162
0
VERTEX
8
CUT
10
226.0551
20
56.9304
0
VERTEX
8
CUT
10
226.0612
20
56.9172
0
VERTEX
8
CUT
10
226.1037
20
56.8352
0
VERTEX
8
CUT
10
226.1111
20
56.8226
0
VERTEX
8
CUT
10
226.1614
20
56.7451
0
VERTEX
8
CUT
10
226.1699
20
56.7333
0
VERTEX
8
CUT
10
226.2275
20
56.6611
0
VERTEX
8
CUT
10
226.2371
20
56.6502
0
VERTEX
8
CUT
10
226.3015
20
56.5839
0
VERTEX
8
CUT
10
226.3308
20
56.5565
0
VERTEX
8
CUT
10
226.3653
20
56.5258
0
VERTEX
8
CUT
10
227.4417
20
55.6139
0
VERTEX
8
CUT
10
227.4777
20
55.5849
0
VERTEX
8
CUT
10
227.5096
20
55.5605
0
VERTEX
8
CUT
10
227.5856
20
55.5079
0
VERTEX
8
CUT
10
227.5979
20
55.5002
0
VERTEX
8
CUT
10
227.6787
20
55.4553
0
VERTEX
8
CUT
10
227.6917
20
55.4488
0
VERTEX
8
CUT
10
227.7764
20
55.4119
0
VERTEX
8
CUT
10
227.7900
20
55.4068
0
VERTEX
8
CUT
10
227.8780
20
55.3783
0
VERTEX
8
CUT
10
227.8920
20
55.3745
0
VERTEX
8
CUT
10
227.9823
20
55.3547
0
VERTEX
8
CUT
10
227.9966
20
55.3523
0
VERTEX
8
CUT
10
228.0884
20
55.3413
0
VERTEX
8
CUT
10
228.1029
20
55.3403
0
VERTEX
8
CUT
10
228.1953
20
55.3384
0
VERTEX
8
CUT
10
228.2099
20
55.3388
0
VERTEX
8
CUT
10
228.3020
20
55.3458
0
VERTEX
8
CUT
10
228.3164
20
55.3476
0
VERTEX
8
CUT
10
228.4075
20
55.3636
0
VERTEX
8
CUT
10
228.4217
20
55.3668
0
VERTEX
8
CUT
10
228.5107
20
55.3916
0
VERTEX
8
CUT
10
228.5245
20
55.3962
0
VERTEX
8
CUT
10
228.6107
20
55.4294
0
VERTEX
8
CUT
10
228.6240
20
55.4353
0
VERTEX
8
CUT
10
228.7066
20
55.4769
0
VERTEX
8
CUT
10
228.7193
20
55.4840
0
VERTEX
8
CUT
10
228.7974
20
55.5334
0
VERTEX
8
CUT
10
228.8093
20
55.5417
0
VERTEX
8
CUT
10
228.8823
20
55.5984
0
VERTEX
8
CUT
10
228.9127
20
55.6246
0
VERTEX
8
CUT
10
228.9471
20
55.6555
0
VERTEX
8
CUT
10
231.2137
20
57.8016
0
VERTEX
8
CUT
10
231.2464
20
57.8341
0
VERTEX
8
CUT
10
231.2741
20
57.8630
0
VERTEX
8
CUT
10
231.3345
20
57.9325
0
VERTEX
8
CUT
10
231.3434
20
57.9438
0
VERTEX
8
CUT
10
231.3968
20
58.0189
0
VERTEX
8
CUT
10
231.4047
20
58.0311
0
VERTEX
8
CUT
10
231.4506
20
58.1109
0
VERTEX
8
CUT
10
231.4572
20
58.1238
0
VERTEX
8
CUT
10
231.4951
20
58.2077
0
VERTEX
8
CUT
10
231.5004
20
58.2212
0
VERTEX
8
CUT
10
231.5300
20
58.3084
0
VERTEX
8
CUT
10
231.5340
20
58.3223
0
VERTEX
8
CUT
10
231.5551
20
58.4120
0
VERTEX
8
CUT
10
231.5577
20
58.4262
0
VERTEX
8
CUT
10
231.5699
20
58.5175
0
VERTEX
8
CUT
10
231.5712
20
58.5319
0
VERTEX
8
CUT
10
231.5745
20
58.6239
0
VERTEX
8
CUT
10
231.5744
20
58.6384
0
VERTEX
8
CUT
10
231.5688
20
58.7303
0
VERTEX
8
CUT
10
231.5672
20
58.7447
0
VERTEX
8
CUT
10
231.5527
20
58.8357
0
VERTEX
8
CUT
10
231.5498
20
58.8499
0
VERTEX
8
CUT
10
231.5266
20
58.9390
0
VERTEX
8
CUT
10
231.5222
20
58.9528
0
VERTEX
8
CUT
10
231.4905
20
59.0393
0
VERTEX
8
CUT
10
231.4849
20
59.0526
0
VERTEX
8
CUT
10
231.4449
20
59.1356
0
VERTEX
8
CUT
10
231.4380
20
59.1483
0
VERTEX
8
CUT
10
231.3902
20
59.2270
0
VERTEX
8
CUT
10
231.3821
20
59.2390
0
VERTEX
8
CUT
10
231.3269
20
59.3127
0
VERTEX
8
CUT
10
231.3177
20
59.3239
0
VERTEX
8
CUT
10
231.2556
20
59.3919
0
VERTEX
8
CUT
10
231.2453
20
59.4021
0
VERTEX
8
CUT
10
231.1769
20
59.4638
0
VERTEX
8
CUT
10
231.1657
20
59.4730
0
VERTEX
8
CUT
10
231.0917
20
59.5277
0
VERTEX
8
CUT
10
231.0796
20
59.5358
0
VERTEX
8
CUT
10
231.0006
20
59.5831
0
VERTEX
8
CUT
10
230.9879
20
59.5900
0
VERTEX
8
CUT
10
230.9047
20
59.6294
0
VERTEX
8
CUT
10
230.8913
20
59.6350
0
VERTEX
8
CUT
10
230.8046
20
59.6662
0
VERTEX
8
CUT
10
230.7908
20
59.6704
0
VERTEX
8
CUT
10
230.7015
20
59.6931
0
VERTEX
8
CUT
10
230.6873
20
59.6960
0
VERTEX
8
CUT
10
230.5963
20
59.7099
0
VERTEX
8
CUT
10
230.5819
20
59.7114
0
VERTEX
8
CUT
10
230.4899
20
59.7164
0
VERTEX
8
CUT
10
230.4755
20
59.7165
0
VERTEX
8
CUT
10
230.3834
20
59.7126
0
VERTEX
8
CUT
10
230.3690
20
59.7113
0
VERTEX
8
CUT
10
230.2778
20
59.6985
0
VERTEX
8
CUT
10
230.2636
20
59.6958
0
VERTEX
8
CUT
10
230.1741
20
59.6742
0
VERTEX
8
CUT
10
230.1602
20
59.6702
0
VERTEX
8
CUT
10
230.0731
20
59.6400
0
VERTEX
8
CUT
10
230.0597
20
59.6346
0
VERTEX
8
CUT
10
229.9760
20
59.5962
0
VERTEX
8
CUT
10
229.9405
20
59.5778
0
VERTEX
8
CUT
10
229.9002
20
59.5555
0
VERTEX
8
CUT
10
228.7900
20
58.9088
0
VERTEX
8
CUT
10
228.5861
20
58.8044
0
VERTEX
8
CUT
10
228.3721
20
58.7229
0
VERTEX
8
CUT
10
227.9325
20
58.5824
0
VERTEX
8
CUT
10
227.7264
20
58.5279
0
VERTEX
8
CUT
10
227.5159
20
58.4946
0
VERTEX
8
CUT
10
227.3031
20
58.4828
0
VERTEX
8
CUT
10
227.0772
20
58.4817
0
VERTEX
8
CUT
10
227.0310
20
58.4804
0
VERTEX
8
CUT
10
226.9909
20
58.4783
0
VERTEX
8
CUT
10
226.8990
20
58.4688
0
SEQEND
0
POLYLINE
8
CUT
66
1
70
1
10
0.0
20
0.0
30
0.0
0
VERTEX
8
CUT
10
229.0257
20
261.6910
0
VERTEX
8
CUT
10
228.8766
20
261.8416
0
VERTEX
8
CUT
10
228.5944
20
262.1569
0
VERTEX
8
CUT
10
228.4567
20
262.3280
0
VERTEX
8
CUT
10
228.3376
20
262.5126
0
VERTEX
8
CUT
10
228.2385
20
262.7086
0
VERTEX
8
CUT
10
228.1603
20
262.9139
0
VERTEX
8
CUT
10
228.1041
20
263.1262
0
VERTEX
8
CUT
10
228.0868
20
263.2083
0
VERTEX
8
CUT
10
228.0760
20
263.2542
0
VERTEX
8
CUT
10
228.0656
20
263.2938
0
VERTEX
8
CUT
10
228.0372
20
263.3837
0
VERTEX
8
CUT
10
228.0320
20
263.3976
0
VERTEX
8
CUT
10
227.9949
20
263.4842
0
VERTEX
8
CUT
10
227.9884
20
263.4975
0
VERTEX
8
CUT
10
227.9428
20
263.5800
0
VERTEX
8
CUT
10
227.9350
20
263.5926
0
VERTEX
8
CUT
10
227.8814
20
263.6702
0
VERTEX
8
CUT
10
227.8724
20
263.6819
0
VERTEX
8
CUT
10
227.8115
20
263.7538
0
VERTEX
8
CUT
10
227.8013
20
263.7646
0
VERTEX
8
CUT
10
227.7335
20
263.8301
0
VERTEX
8
CUT
10
227.7224
20
263.8399
0
VERTEX
8
CUT
10
227.6484
20
263.8983
0
VERTEX
8
CUT
10
227.6364
20
263.9069
0
VERTEX
8
CUT
10
227.5570
20
263.9577
0
VERTEX
8
CUT
10
227.5441
20
263.9651
0
VERTEX
8
CUT
10
227.4601
20
264.0078
0
VERTEX
8
CUT
10
227.4465
20
264.0139
0
VERTEX
8
CUT
10
227.3587
20
264.0480
0
VERTEX
8
CUT
10
227.3446
20
264.0527
0
VERTEX
8
CUT
10
227.2538
20
264.0780
0
VERTEX
8
CUT
10
227.2394
20
264.0812
0
VERTEX
8
CUT
10
227.1465
20
264.0974
0
VERTEX
8
CUT
10
227.1318
20
264.0992
0
VERTEX
8
CUT
10
227.0378
20
264.1061
0
VERTEX
8
CUT
10
227.0230
20
264.1064
0
VERTEX
8
CUT
10
226.9288
20
264.1039
0
VERTEX
8
CUT
10
226.9140
20
264.1028
0
VERTEX
8
CUT
10
226.8205
20
264.0910
0
VERTEX
8
CUT
10
226.8059
20
264.0884
0
VERTEX
8
CUT
10
226.7140
20
264.0673
0
VERTEX
8
CUT
10
226.6997
20
264.0633
0
VERTEX
8
CUT
10
226.6104
20
264.0333
0
VERTEX
8
CUT
10
226.5966
20
264.0278
0
VERTEX
8
CUT
10
226.5107
20
263.9891
0
VERTEX
8
CUT
10
226.4975
20
263.9823
0
VERTEX
8
CUT
10
226.4158
20
263.9352
0
VERTEX
8
CUT
10
226.4034
20
263.9272
0
VERTEX
8
CUT
10
226.3268
20
263.8723
0
VERTEX
8
CUT
10
226.3152
20
263.8630
0
VERTEX
8
CUT
10
226.2444
20
263.8008
0
VERTEX
8
CUT
10
226.2338
20
263.7904
0
VERTEX
8
CUT
10
226.1696
20
263.7215
0
VERTEX
8
CUT
10
226.1600
20
263.7101
0
VERTEX
8
CUT
10
226.1029
20
263.6351
0
VERTEX
8
CUT
10
226.0946
20
263.6229
0
VERTEX
8
CUT
10
226.0452
20
263.5426
0
VERTEX
8
CUT
10
226.0381
20
263.5296
0
VERTEX
8
CUT
10
225.9969
20
263.4448
0
VERTEX
8
CUT
10
225.9911
20
263.4311
0
VERTEX
8
CUT
10
225.9586
20
263.3427
0
VERTEX
8
CUT
10
225.9542
20
263.3285
0
VERTEX
8
CUT
10
225.9305
20
263.2373
0
VERTEX
8
CUT
10
225.9276
20
263.2228
0
VERTEX
8
CUT
10
225.9131
20
263.1296
0
VERTEX
8
CUT
10
225.9089
20
263.0889
0
VERTEX
8
CUT
10
225.9051
20
263.0419
0
VERTEX
8
CUT
10
225.8517
20
262.0627
0
VERTEX
8
CUT
10
225.8503
20
262.0174
0
VERTEX
8
CUT
10
225.8500
20
261.9781
0
VERTEX
8
CUT
10
225.8537
20
261.8875
0
VERTEX
8
CUT
10
225.8550
20
261.8733
0
VERTEX
8
CUT
10
225.8673
20
261.7836
0
VERTEX
8
CUT
10
225.8699
20
261.7695
0
VERTEX
8
CUT
10
225.8907
20
261.6813
0
VERTEX
8
CUT
10
225.9016
20
261.6435
0
VERTEX
8
CUT
10
225.9151
20
261.6003
0
VERTEX
8
CUT
10
226.2535
20
260.6041
0
VERTEX
8
CUT
10
226.2687
20
260.5624
0
VERTEX
8
CUT
10
226.2828
20
260.5265
0
VERTEX
8
CUT
10
226.3191
20
260.4455
0
VERTEX
8
CUT
10
226.3254
20
260.4331
0
VERTEX
8
CUT
10
226.3691
20
260.3558
0
VERTEX
8
CUT
10
226.3765
20
260.3440
0
VERTEX
8
CUT
10
226.4272
20
260.2711
0
VERTEX
8
CUT
10
226.4507
20
260.2405
0
VERTEX
8
CUT
10
226.4785
20
260.2060
0
VERTEX
8
CUT
10
227.1839
20
259.3711
0
VERTEX
8
CUT
10
227.2183
20
259.3325
0
VERTEX
8
CUT
10
227.2490
20
259.2999
0
VERTEX
8
CUT
10
227.3238
20
259.2288
0
VERTEX
8
CUT
10
227.3362
20
259.2182
0
VERTEX
8
CUT
10
227.4183
20
259.1556
0
VERTEX
8
CUT
10
227.4317
20
259.1465
0
VERTEX
8
CUT
10
227.5202
20
259.0931
0
VERTEX
8
CUT
10
227.5597
20
259.0721
0
VERTEX
8
CUT
10
227.6060
20
259.0491
0
VERTEX
8
CUT
10
228.0081
20
258.8628
0
VERTEX
8
CUT
10
228.0469
20
258.8459
0
VERTEX
8
CUT
10
228.0809
20
258.8319
0
VERTEX
8
CUT
10
228.1606
20
258.8033
0
VERTEX
8
CUT
10
228.1734
20
258.7994
0
VERTEX
8
CUT
10
228.2553
20
258.7780
0
VERTEX
8
CUT
10
228.2683
20
258.7752
0
VERTEX
8
CUT
10
228.3518
20
258.7612
0
VERTEX
8
CUT
10
228.3883
20
258.7567
0
VERTEX
8
CUT
10
228.4304
20
258.7525
0
VERTEX
8
CUT
10
229.6355
20
258.6594
0
VERTEX
8
CUT
10
229.6810
20
258.6570
0
VERTEX
8
CUT
10
229.7206
20
258.6558
0
VERTEX
8
CUT
10
229.8117
20
258.6576
0
VERTEX
8
CUT
10
229.8261
20
258.6585
0
VERTEX
8
CUT
10
229.9166
20
258.6690
0
VERTEX
8
CUT
10
229.9308
20
258.6713
0
VERTEX
8
CUT
10
230.0199
20
258.6904
0
VERTEX
8
CUT
10
230.0581
20
258.7005
0
VERTEX
8
CUT
10
230.1019
20
258.7133
0
VERTEX
8
CUT
10
230.5655
20
258.8603
0
VERTEX
8
CUT
10
230.6104
20
258.8758
0
VERTEX
8
CUT
10
230.6489
20
258.8902
0
VERTEX
8
CUT
10
230.7360
20
258.9277
0
VERTEX
8
CUT
10
230.7494
20
258.9343
0
VERTEX
8
CUT
10
230.8323
20
258.9803
0
VERTEX
8
CUT
10
230.8450
20
258.9882
0
VERTEX
8
CUT
10
230.9229
20
259.0423
0
VERTEX
8
CUT
10
230.9347
20
259.0514
0
VERTEX
8
CUT
10
231.0068
20
259.1130
0
VERTEX
8
CUT
10
231.0177
20
259.1233
0
VERTEX
8
CUT
10
231.0833
20
259.1918
0
VERTEX
8
CUT
10
231.0930
20
259.2030
0
VERTEX
8
CUT
10
231.1515
20
259.2777
0
VERTEX
8
CUT
10
231.1601
20
259.2899
0
VERTEX
8
CUT
10
231.2108
20
259.3701
0
VERTEX
8
CUT
10
231.2181
20
259.3831
0
VERTEX
8
CUT
10
231.2606
20
259.4679
0
VERTEX
8
CUT
10
231.2666
20
259.4815
0
VERTEX
8
CUT
10
231.3004
20
259.5702
0
VERTEX
8
CUT
10
231.3050
20
259.5844
0
VERTEX
8
CUT
10
231.3297
20
259.6759
0
VERTEX
8
CUT
10
231.3329
20
259.6905
0
VERTEX
8
CUT
10
231.3484
20
259.7841
0
VERTEX
8
CUT
10
231.3501
20
259.7989
0
VERTEX
8
CUT
10
231.3562
20
259.8935
0
VERTEX
8
CUT
10
231.3564
20
259.9084
0
VERTEX
8
CUT
10
231.3531
20
260.0032
0
VERTEX
8
CUT
10
231.3518
20
260.0181
0
VERTEX
8
CUT
10
231.3390
20
260.1121
0
VERTEX
8
CUT
10
231.3362
20
260.1267
0
VERTEX
8
CUT
10
231.3141
20
260.2190
0
VERTEX
8
CUT
10
231.3099
20
260.2333
0
VERTEX
8
CUT
10
231.2787
20
260.3228
0
VERTEX
8
CUT
10
231.2731
20
260.3367
0
VERTEX
8
CUT
10
231.2331
20
260.4226
0
VERTEX
8
CUT
10
231.2261
20
260.4358
0
VERTEX
8
CUT
10
231.1777
20
260.5174
0
VERTEX
8
CUT
10
231.1695
20
260.5299
0
VERTEX
8
CUT
10
231.1132
20
260.6062
0
VERTEX
8
CUT
10
231.1038
20
260.6177
0
VERTEX
8
CUT
10
231.0401
20
260.6881
0
VERTEX
8
CUT
10
231.0296
20
260.6986
0
VERTEX
8
CUT
10
230.9593
20
260.7623
0
VERTEX
8
CUT
10
230.9477
20
260.7717
0
VERTEX
8
CUT
10
230.8714
20
260.8280
0
VERTEX
8
CUT
10
230.8590
20
260.8363
0
VERTEX
8
CUT
10
230.7774
20
260.8847
0
VERTEX
8
CUT
10
230.7642
20
260.8917
0
VERTEX
8
CUT
10
230.6782
20
260.9317
0
VERTEX
8
CUT
10
230.6401
20
260.9472
0
VERTEX
8
CUT
10
230.5957
20
260.9640
0
VERTEX
8
CUT
10
229.7494
20
261.2594
0
VERTEX
8
CUT
10
229.5530
20
261.3393
0
VERTEX
8
CUT
10
229.3657
20
261.4385
0
VERTEX
8
CUT
10
229.1893
20
261.5562
0
SEQEND
0
POLYLINE
8
CUT
66
1
70
1
10
0.0
20
0.0
30
0.0
0
VERTEX
8
CUT
10
199.4071
20
143.7539
0
VERTEX
8
CUT
10
199.4197
20
143.6628
0
VERTEX
8
CUT
10
199.4223
20
143.6485
0
VERTEX
8
CUT
10
199.4437
20
143.5590
0
VERTEX
8
CUT
10
199.4477
20
143.5451
0
VERTEX
8
CUT
10
199.4776
20
143.4581
0
VERTEX
8
CUT
10
199.4829
20
143.4447
0
VERTEX
8
CUT
10
199.5211
20
143.3610
0
VERTEX
8
CUT
10
199.5277
20
143.3481
0
VERTEX
8
CUT
10
199.5738
20
143.2685
0
VERTEX
8
CUT
10
199.5817
20
143.2563
0
VERTEX
8
CUT
10
199.6352
20
143.1815
0
VERTEX
8
CUT
10
199.6442
20
143.1702
0
VERTEX
8
CUT
10
199.7048
20
143.1009
0
VERTEX
8
CUT
10
199.7148
20
143.0905
0
VERTEX
8
CUT
10
199.7818
20
143.0274
0
VERTEX
8
CUT
10
199.7928
20
143.0180
0
VERTEX
8
CUT
10
199.8656
20
142.9617
0
VERTEX
8
CUT
10
199.8775
20
142.9535
0
VERTEX
8
CUT
10
199.9554
20
142.9045
0
VERTEX
8
CUT
10
199.9680
20
142.8974
0
VERTEX
8
CUT
10
200.0502
20
142.8562
0
VERTEX
8
CUT
10
200.0635
20
142.8503
0
VERTEX
8
CUT
10
200.1493
20
142.8173
0
VERTEX
8
CUT
10
200.1631
20
142.8127
0
VERTEX
8
CUT
10
200.2517
20
142.7881
0
VERTEX
8
CUT
10
200.2658
20
142.7849
0
VERTEX
8
CUT
10
200.3565
20
142.7690
0
VERTEX
8
CUT
10
200.3708
20
142.7672
0
VERTEX
8
CUT
10
200.4626
20
142.7602
0
VERTEX
8
CUT
10
200.4770
20
142.7598
0
VERTEX
8
CUT
10
200.5690
20
142.7617
0
VERTEX
8
CUT
10
200.5835
20
142.7626
0
VERTEX
8
CUT
10
200.6748
20
142.7734
0
VERTEX
8
CUT
10
200.6891
20
142.7758
0
VERTEX
8
CUT
10
200.7790
20
142.7953
0
VERTEX
8
CUT
10
200.7930
20
142.7991
0
VERTEX
8
CUT
10
200.8806
20
142.8273
0
VERTEX
8
CUT
10
200.8941
20
142.8324
0
VERTEX
8
CUT
10
200.9786
20
142.8689
0
VERTEX
8
CUT
10
200.9916
20
142.8753
0
VERTEX
8
CUT
10
201.0721
20
142.9198
0
VERTEX
8
CUT
10
201.0844
20
142.9274
0
VERTEX
8
CUT
10
201.1602
20
142.9795
0
VERTEX
8
CUT
10
201.1717
20
142.9882
0
VERTEX
8
CUT
10
201.2422
20
143.0474
0
VERTEX
8
CUT
10
201.2528
20
143.0573
0
VERTEX
8
CUT
10
201.3172
20
143.1230
0
VERTEX
8
CUT
10
201.3268
20
143.1338
0
VERTEX
8
CUT
10
201.3845
20
143.2055
0
VERTEX
8
CUT
10
201.3930
20
143.2172
0
VERTEX
8
CUT
10
201.4435
20
143.2941
0
VERTEX
8
CUT
10
201.4668
20
143.3335
0
VERTEX
8
CUT
10
201.5961
20
143.5275
0
VERTEX
8
CUT
10
202.4467
20
144.6612
0
VERTEX
8
CUT
10
202.6001
20
144.8432
0
VERTEX
8
CUT
10
202.7731
20
145.0067
0
VERTEX
8
CUT
10
203.7716
20
145.8484
0
VERTEX
8
CUT
10
203.9377
20
145.9748
0
VERTEX
8
CUT
10
204.1155
20
146.0841
0
VERTEX
8
CUT
10
205.3270
20
146.7484
0
VERTEX
8
CUT
10
205.5133
20
146.8389
0
VERTEX
8
CUT
10
205.7076
20
146.9106
0
VERTEX
8
CUT
10
207.0912
20
147.3450
0
VERTEX
8
CUT
10
207.2886
20
147.3966
0
VERTEX
8
CUT
10
207.4900
20
147.4288
0
VERTEX
8
CUT
10
207.6937
20
147.4413
0
VERTEX
8
CUT
10
209.5108
20
147.4643
0
VERTEX
8
CUT
10
209.7420
20
147.4545
0
VERTEX
8
CUT
10
209.9706
20
147.4193
0
VERTEX
8
CUT
10
210.1941
20
147.3592
0
VERTEX
8
CUT
10
211.9573
20
146.7787
0
VERTEX
8
CUT
10
212.1590
20
146.7006
0
VERTEX
8
CUT
10
212.3516
20
146.6022
0
VERTEX
8
CUT
10
212.5331
20
146.4844
0
VERTEX
8
CUT
10
214.0885
20
145.3571
0
VERTEX
8
CUT
10
214.2621
20
145.2166
0
VERTEX
8
CUT
10
214.4198
20
145.0584
0
VERTEX
8
CUT
10
214.5599
20
144.8844
0
VERTEX
8
CUT
10
215.7226
20
143.2707
0
VERTEX
8
CUT
10
215.8311
20
143.1040
0
VERTEX
8
CUT
10
215.9234
20
142.9277
0
VERTEX
8
CUT
10
215.9986
20
142.7435
0
VERTEX
8
CUT
10
216.3814
20
141.6615
0
VERTEX
8
CUT
10
216.4334
20
141.4923
0
VERTEX
8
CUT
10
216.4709
20
141.3193
0
VERTEX
8
CUT
10
216.4937
20
141.1437
0
VERTEX
8
CUT
10
216.7210
20
138.5397
0
VERTEX
8
CUT
10
216.7290
20
138.3678
0
VERTEX
8
CUT
10
216.7228
20
138.1958
0
VERTEX
8
CUT
10
216.5674
20
136.1784
0
VERTEX
8
CUT
10
216.5412
20
135.9718
0
VERTEX
8
CUT
10
216.0784
20
133.3704
0
VERTEX
8
CUT
10
216.0726
20
133.3340
0
VERTEX
8
CUT
10
216.0683
20
133.3024
0
VERTEX
8
CUT
10
216.0610
20
133.2291
0
VERTEX
8
CUT
10
216.0591
20
133.1972
0
VERTEX
8
CUT
10
216.0576
20
133.1604
0
VERTEX
8
CUT
10
216.0121
20
130.9821
0
VERTEX
8
CUT
10
216.0017
20
130.9333
0
VERTEX
8
CUT
10
215.9993
20
130.9190
0
VERTEX
8
CUT
10
215.9889
20
130.8277
0
VERTEX
8
CUT
10
215.9880
20
130.8133
0
VERTEX
8
CUT
10
215.9865
20
130.7214
0
VERTEX
8
CUT
10
215.9869
20
130.7070
0
VERTEX
8
CUT
10
215.9943
20
130.6154
0
VERTEX
8
CUT
10
215.9961
20
130.6011
0
VERTEX
8
CUT
10
216.0123
20
130.5106
0
VERTEX
8
CUT
10
216.0155
20
130.4965
0
VERTEX
8
CUT
10
216.0404
20
130.4081
0
VERTEX
8
CUT
10
216.0530
20
130.3703
0
VERTEX
8
CUT
10
216.0686
20
130.3270
0
VERTEX
8
CUT
10
216.2566
20
129.8432
0
VERTEX
8
CUT
10
216.4512
20
129.2266
0
VERTEX
8
CUT
10
216.4682
20
129.1777
0
VERTEX
8
CUT
10
216.4840
20
129.1357
0
VERTEX
8
CUT
10
216.5256
20
129.0411
0
VERTEX
8
CUT
10
216.5329
20
129.0267
0
VERTEX
8
CUT
10
216.5846
20
128.9372
0
VERTEX
8
CUT
10
216.5935
20
128.9236
0
VERTEX
8
CUT
10
216.6546
20
128.8402
0
VERTEX
8
CUT
10
216.6830
20
128.8056
0
VERTEX
8
CUT
10
216.7169
20
128.7665
0
VERTEX
8
CUT
10
216.8014
20
128.6742
0
VERTEX
8
CUT
10
216.8342
20
128.6401
0
VERTEX
8
CUT
10
216.8634
20
128.6113
0
VERTEX
8
CUT
10
216.9340
20
128.5482
0
VERTEX
8
CUT
10
216.9455
20
128.5388
0
VERTEX
8
CUT
10
217.0220
20
128.4831
0
VERTEX
8
CUT
10
217.0345
20
128.4749
0
VERTEX
8
CUT
10
217.1161
20
128.4270
0
VERTEX
8
CUT
10
217.1526
20
128.4081
0
VERTEX
8
CUT
10
217.1951
20
128.3872
0
VERTEX
8
CUT
10
217.3408
20
128.3204
0
VERTEX
8
CUT
10
217.3869
20
128.3006
0
VERTEX
8
CUT
10
217.4274
20
128.2846
0
VERTEX
8
CUT
10
217.5225
20
128.2526
0
VERTEX
8
CUT
10
217.5377
20
128.2483
0
VERTEX
8
CUT
10
217.6356
20
128.2265
0
VERTEX
8
CUT
10
217.6512
20
128.2239
0
VERTEX
8
CUT
10
217.7508
20
128.2126
0
VERTEX
8
CUT
10
217.7943
20
128.2100
0
VERTEX
8
CUT
10
217.8445
20
128.2083
0
VERTEX
8
CUT
10
217.8511
20
128.2082
0
VERTEX
8
CUT
10
217.8890
20
128.2022
0
VERTEX
8
CUT
10
217.9018
20
128.2007
0
VERTEX
8
CUT
10
217.9832
20
128.1949
0
VERTEX
8
CUT
10
218.0186
20
128.1939
0
VERTEX
8
CUT
10
218.0595
20
128.1936
0
VERTEX
8
CUT
10
218.4583
20
128.1993
0
VERTEX
8
CUT
10
218.5011
20
128.2009
0
VERTEX
8
CUT
10
218.5370
20
128.2031
0
VERTEX
8
CUT
10
218.8228
20
128.2009
0
VERTEX
8
CUT
10
218.8739
20
128.2019
0
VERTEX
8
CUT
10
218.9181
20
128.2040
0
VERTEX
8
CUT
10
219.0196
20
128.2141
0
VERTEX
8
CUT
10
219.0355
20
128.2166
0
VERTEX
8
CUT
10
219.1353
20
128.2376
0
VERTEX
8
CUT
10
219.1508
20
128.2418
0
VERTEX
8
CUT
10
219.2478
20
128.2734
0
VERTEX
8
CUT
10
219.2891
20
128.2894
0
VERTEX
8
CUT
10
219.3362
20
128.3090
0
VERTEX
8
CUT
10
220.4759
20
128.8215
0
VERTEX
8
CUT
10
220.5254
20
128.8456
0
VERTEX
8
CUT
10
220.5677
20
128.8676
0
VERTEX
8
CUT
10
220.6621
20
128.9240
0
VERTEX
8
CUT
10
220.7016
20
128.9508
0
VERTEX
8
CUT
10
220.7462
20
128.9831
0
VERTEX
8
CUT
10
221.4661
20
129.5354
0
VERTEX
8
CUT
10
221.5041
20
129.5662
0
VERTEX
8
CUT
10
221.5569
20
129.6112
0
VERTEX
8
CUT
10
221.5933
20
129.6439
0
VERTEX
8
CUT
10
223.5455
20
131.4897
0
VERTEX
8
CUT
10
223.5820
20
131.5261
0
VERTEX
8
CUT
10
223.6324
20
131.5792
0
VERTEX
8
CUT
10
223.6668
20
131.6175
0
VERTEX
8
CUT
10
229.0022
20
137.8897
0
VERTEX
8
CUT
10
229.1079
20
138.0050
0
VERTEX
8
CUT
10
229.2219
20
138.1121
0
VERTEX
8
CUT
10
230.0331
20
138.8191
0
VERTEX
8
CUT
10
230.0669
20
138.8500
0
VERTEX
8
CUT
10
230.0955
20
138.8775
0
VERTEX
8
CUT
10
230.1584
20
138.9439
0
VERTEX
8
CUT
10
230.1677
20
138.9549
0
VERTEX
8
CUT
10
230.2239
20
139.0271
0
VERTEX
8
CUT
10
230.2322
20
139.0389
0
VERTEX
8
CUT
10
230.2812
20
139.1161
0
VERTEX
8
CUT
10
230.2883
20
139.1287
0
VERTEX
8
CUT
10
230.3296
20
139.2103
0
VERTEX
8
CUT
10
230.3354
20
139.2234
0
VERTEX
8
CUT
10
230.3687
20
139.3087
0
VERTEX
8
CUT
10
230.3733
20
139.3223
0
VERTEX
8
CUT
10
230.3981
20
139.4103
0
VERTEX
8
CUT
10
230.4014
20
139.4244
0
VERTEX
8
CUT
10
230.4177
20
139.5144
0
VERTEX
8
CUT
10
230.4196
20
139.5287
0
VERTEX
8
CUT
10
230.4271
20
139.6198
0
VERTEX
8
CUT
10
230.4276
20
139.6342
0
VERTEX
8
CUT
10
230.4264
20
139.7257
0
VERTEX
8
CUT
10
230.4255
20
139.7400
0
VERTEX
8
CUT
10
230.4154
20
139.8310
0
VERTEX
8
CUT
10
230.4132
20
139.8452
0
VERTEX
8
CUT
10
230.3944
20
139.9347
0
VERTEX
8
CUT
10
230.3908
20
139.9487
0
VERTEX
8
CUT
10
230.3635
20
140.0360
0
VERTEX
8
CUT
10
230.3585
20
140.0495
0
VERTEX
8
CUT
10
230.3230
20
140.1338
0
VERTEX
8
CUT
10
230.3168
20
140.1468
0
VERTEX
8
CUT
10
230.2732
20
140.2272
0
VERTEX
8
CUT
10
230.2658
20
140.2396
0
VERTEX
8
CUT
10
230.2147
20
140.3155
0
VERTEX
8
CUT
10
230.2061
20
140.3270
0
VERTEX
8
CUT
10
230.1480
20
140.3977
0
VERTEX
8
CUT
10
230.1384
20
140.4083
0
VERTEX
8
CUT
10
230.0737
20
140.4730
0
VERTEX
8
CUT
10
230.0630
20
140.4827
0
VERTEX
8
CUT
10
229.9925
20
140.5409
0
VERTEX
8
CUT
10
229.9809
20
140.5495
0
VERTEX
8
CUT
10
229.9051
20
140.6007
0
VERTEX
8
CUT
10
229.8928
20
140.6081
0
VERTEX
8
CUT
10
229.8455
20
140.6338
0
VERTEX
8
CUT
10
229.6689
20
140.7410
0
VERTEX
8
CUT
10
229.5037
20
140.8652
0
VERTEX
8
CUT
10
229.3516
20
141.0049
0
VERTEX
8
CUT
10
229.2138
20
141.1590
0
VERTEX
8
CUT
10
229.0919
20
141.3258
0
VERTEX
8
CUT
10
228.9870
20
141.5038
0
VERTEX
8
CUT
10
228.9001
20
141.6912
0
VERTEX
8
CUT
10
228.8320
20
141.8863
0
VERTEX
8
CUT
10
228.7834
20
142.0871
0
VERTEX
8
CUT
10
228.7548
20
142.2918
0
VERTEX
8
CUT
10
228.7464
20
142.4982
0
VERTEX
8
CUT
10
228.7584
20
142.7045
0
VERTEX
8
CUT
10
228.7906
20
142.9086
0
VERTEX
8
CUT
10
228.8426
20
143.1086
0
VERTEX
8
CUT
10
228.9043
20
143.3052
0
VERTEX
8
CUT
10
228.9176
20
143.3516
0
VERTEX
8
CUT
10
228.9281
20
143.3922
0
VERTEX
8
CUT
10
228.9475
20
143.4868
0
VERTEX
8
CUT
10
228.9498
20
143.5018
0
VERTEX
8
CUT
10
228.9595
20
143.5979
0
VERTEX
8
CUT
10
228.9616
20
143.6398
0
VERTEX
8
CUT
10
228.9627
20
143.6881
0
VERTEX
8
CUT
10
228.9598
20
145.9352
0
VERTEX
8
CUT
10
228.9589
20
145.9742
0
VERTEX
8
CUT
10
228.9575
20
146.0080
0
VERTEX
8
CUT
10
228.9510
20
146.0857
0
VERTEX
8
CUT
10
228.9495
20
146.0979
0
VERTEX
8
CUT
10
228.9366
20
146.1747
0
VERTEX
8
CUT
10
228.9297
20
146.2078
0
VERTEX
8
CUT
10
228.9209
20
146.2458
0
VERTEX
8
CUT
10
228.3219
20
148.6153
0
VERTEX
8
CUT
10
228.3075
20
148.6662
0
VERTEX
8
CUT
10
228.2939
20
148.7099
0
VERTEX
8
CUT
10
228.2567
20
148.8088
0
VERTEX
8
CUT
10
228.2383
20
148.8508
0
VERTEX
8
CUT
10
228.2157
20
148.8985
0
VERTEX
8
CUT
10
227.4006
20
150.5020
0
VERTEX
8
CUT
10
227.3793
20
150.5416
0
VERTEX
8
CUT
10
227.3600
20
150.5755
0
VERTEX
8
CUT
10
227.3119
20
150.6513
0
VERTEX
8
CUT
10
227.3038
20
150.6629
0
VERTEX
8
CUT
10
227.2488
20
150.7338
0
VERTEX
8
CUT
10
227.2396
20
150.7446
0
VERTEX
8
CUT
10
227.1782
20
150.8100
0
VERTEX
8
CUT
10
227.1680
20
150.8198
0
VERTEX
8
CUT
10
227.1006
20
150.8792
0
VERTEX
8
CUT
10
227.0896
20
150.8880
0
VERTEX
8
CUT
10
227.0169
20
150.9407
0
VERTEX
8
CUT
10
227.0051
20
150.9485
0
VERTEX
8
CUT
10
226.9278
20
150.9941
0
VERTEX
8
CUT
10
226.9153
20
151.0007
0
VERTEX
8
CUT
10
226.8340
20
151.0388
0
VERTEX
8
CUT
10
226.8209
20
151.0442
0
VERTEX
8
CUT
10
226.7364
20
151.0744
0
VERTEX
8
CUT
10
226.6991
20
151.0858
0
VERTEX
8
CUT
10
226.6558
20
151.0979
0
VERTEX
8
CUT
10
224.8656
20
151.5533
0
VERTEX
8
CUT
10
224.6135
20
151.6347
0
VERTEX
8
CUT
10
219.3436
20
153.7110
0
VERTEX
8
CUT
10
219.2904
20
153.7301
0
VERTEX
8
CUT
10
219.2438
20
153.7454
0
VERTEX
8
CUT
10
219.1345
20
153.7740
0
VERTEX
8
CUT
10
219.0864
20
153.7836
0
VERTEX
8
CUT
10
219.0306
20
153.7930
0
VERTEX
8
CUT
10
216.0138
20
154.2091
0
VERTEX
8
CUT
10
215.9718
20
154.2140
0
VERTEX
8
CUT
10
215.9354
20
154.2174
0
VERTEX
8
CUT
10
215.8511
20
154.2214
0
VERTEX
8
CUT
10
215.8145
20
154.2216
0
VERTEX
8
CUT
10
215.7723
20
154.2208
0
VERTEX
8
CUT
10
212.3994
20
154.0835
0
VERTEX
8
CUT
10
212.3624
20
154.0813
0
VERTEX
8
CUT
10
212.3304
20
154.0787
0
VERTEX
8
CUT
10
212.2568
20
154.0699
0
VERTEX
8
CUT
10
212.2251
20
154.0649
0
VERTEX
8
CUT
10
212.1886
20
154.0584
0
VERTEX
8
CUT
10
208.6639
20
153.3559
0
VERTEX
8
CUT
10
208.6108
20
153.3437
0
VERTEX
8
CUT
10
208.5651
20
153.3318
0
VERTEX
8
CUT
10
208.4616
20
153.2985
0
VERTEX
8
CUT
10
208.4176
20
153.2815
0
VERTEX
8
CUT
10
208.3673
20
153.2604
0
VERTEX
8
CUT
10
206.3120
20
152.3275
0
VERTEX
8
CUT
10
206.2670
20
152.3057
0
VERTEX
8
CUT
10
206.2286
20
152.2857
0
VERTEX
8
CUT
10
206.1425
20
152.2352
0
VERTEX
8
CUT
10
206.1064
20
152.2113
0
VERTEX
8
CUT
10
206.0654
20
152.1826
0
VERTEX
8
CUT
10
204.0175
20
150.6691
0
VERTEX
8
CUT
10
203.9760
20
150.6366
0
VERTEX
8
CUT
10
203.9409
20
150.6075
0
VERTEX
8
CUT
10
203.8637
20
150.5360
0
VERTEX
8
CUT
10
203.8320
20
150.5031
0
VERTEX
8
CUT
10
203.7965
20
150.4643
0
VERTEX
8
CUT
10
200.2768
20
146.3904
0
VERTEX
8
CUT
10
200.2399
20
146.3450
0
VERTEX
8
CUT
10
200.1896
20
146.2790
0
VERTEX
8
CUT
10
200.1557
20
146.2314
0
VERTEX
8
CUT
10
199.6587
20
145.4883
0
VERTEX
8
CUT
10
199.6317
20
145.4455
0
VERTEX
8
CUT
10
199.6093
20
145.4078
0
VERTEX
8
CUT
10
199.5624
20
145.3183
0
VERTEX
8
CUT
10
199.5558
20
145.3039
0
VERTEX
8
CUT
10
199.5186
20
145.2099
0
VERTEX
8
CUT
10
199.5136
20
145.1948
0
VERTEX
8
CUT
10
199.4866
20
145.0975
0
VERTEX
8
CUT
10
199.4832
20
145.0819
0
VERTEX
8
CUT
10
199.4668
20
144.9822
0
VERTEX
8
CUT
10
199.4619
20
144.9387
0
VERTEX
8
CUT
10
199.4577
20
144.8883
0
VERTEX
8
CUT
10
199.4040
20
143.9462
0
VERTEX
8
CUT
10
199.4025
20
143.9002
0
VERTEX
8
CUT
10
199.4022
20
143.8602
0
VERTEX
8
CUT
10
199.4058
20
143.7683
0
SEQEND
0
POLYLINE
8
CUT
66
1
70
1
10
0.0
20
0.0
30
0.0
0
VERTEX
8
CUT
10
213.8003
20
97.8512
0
VERTEX
8
CUT
10
213.7084
20
97.8301
0
VERTEX
8
CUT
10
213.6942
20
97.8260
0
VERTEX
8
CUT
10
213.6049
20
97.7958
0
VERTEX
8
CUT
10
213.5911
20
97.7904
0
VERTEX
8
CUT
10
213.5052
20
97.7515
0
VERTEX
8
CUT
10
213.4921
20
97.7447
0
VERTEX
8
CUT
10
213.4105
20
97.6975
0
VERTEX
8
CUT
10
213.3980
20
97.6894
0
VERTEX
8
CUT
10
213.3216
20
97.6344
0
VERTEX
8
CUT
10
213.3100
20
97.6251
0
VERTEX
8
CUT
10
213.2393
20
97.5627
0
VERTEX
8
CUT
10
213.2287
20
97.5524
0
VERTEX
8
CUT
10
213.1646
20
97.4833
0
VERTEX
8
CUT
10
213.1551
20
97.4719
0
VERTEX
8
CUT
10
213.0981
20
97.3968
0
VERTEX
8
CUT
10
213.0898
20
97.3846
0
VERTEX
8
CUT
10
213.0405
20
97.3042
0
VERTEX
8
CUT
10
213.0334
20
97.2912
0
VERTEX
8
CUT
10
212.9924
20
97.2063
0
VERTEX
8
CUT
10
212.9866
20
97.1927
0
VERTEX
8
CUT
10
212.9542
20
97.1042
0
VERTEX
8
CUT
10
212.9499
20
97.0900
0
VERTEX
8
CUT
10
212.9264
20
96.9987
0
VERTEX
8
CUT
10
212.9234
20
96.9842
0
VERTEX
8
CUT
10
212.9091
20
96.8910
0
VERTEX
8
CUT
10
212.9076
20
96.8763
0
VERTEX
8
CUT
10
212.9026
20
96.7822
0
VERTEX
8
CUT
10
212.9026
20
96.7674
0
VERTEX
8
CUT
10
212.9070
20
96.6732
0
VERTEX
8
CUT
10
212.9084
20
96.6585
0
VERTEX
8
CUT
10
212.9221
20
96.5652
0
VERTEX
8
CUT
10
212.9249
20
96.5507
0
VERTEX
8
CUT
10
212.9478
20
96.4592
0
VERTEX
8
CUT
10
212.9521
20
96.4450
0
VERTEX
8
CUT
10
212.9839
20
96.3563
0
VERTEX
8
CUT
10
212.9896
20
96.3426
0
VERTEX
8
CUT
10
213.0301
20
96.2575
0
VERTEX
8
CUT
10
213.0371
20
96.2445
0
VERTEX
8
CUT
10
213.0858
20
96.1638
0
VERTEX
8
CUT
10
213.0941
20
96.1515
0
VERTEX
8
CUT
10
213.1506
20
96.0760
0
VERTEX
8
CUT
10
213.1600
20
96.0646
0
VERTEX
8
CUT
10
213.2237
20
95.9951
0
VERTEX
8
CUT
10
213.2342
20
95.9847
0
VERTEX
8
CUT
10
213.3045
20
95.9218
0
VERTEX
8
CUT
10
213.3160
20
95.9125
0
VERTEX
8
CUT
10
213.3921
20
95.8569
0
VERTEX
8
CUT
10
213.4263
20
95.8345
0
VERTEX
8
CUT
10
213.4664
20
95.8096
0
VERTEX
8
CUT
10
217.4330
20
93.4791
0
VERTEX
8
CUT
10
217.4884
20
93.4489
0
VERTEX
8
CUT
10
217.5685
20
93.4088
0
VERTEX
8
CUT
10
217.5804
20
93.4033
0
VERTEX
8
CUT
10
217.6153
20
93.3812
0
VERTEX
8
CUT
10
217.6517
20
93.3593
0
VERTEX
8
CUT
10
217.6837
20
93.3410
0
VERTEX
8
CUT
10
217.7594
20
93.3021
0
VERTEX
8
CUT
10
217.7929
20
93.2867
0
VERTEX
8
CUT
10
217.8320
20
93.2698
0
VERTEX
8
CUT
10
218.5409
20
92.9823
0
VERTEX
8
CUT
10
218.5922
20
92.9632
0
VERTEX
8
CUT
10
218.6371
20
92.9479
0
VERTEX
8
CUT
10
218.6985
20
92.9310
0
VERTEX
8
CUT
10
219.0375
20
92.7883
0
VERTEX
8
CUT
10
219.0821
20
92.7708
0
VERTEX
8
CUT
10
219.1211
20
92.7567
0
VERTEX
8
CUT
10
219.2126
20
92.7286
0
VERTEX
8
CUT
10
219.2272
20
92.7249
0
VERTEX
8
CUT
10
219.3211
20
92.7062
0
VERTEX
8
CUT
10
219.3360
20
92.7040
0
VERTEX
8
CUT
10
219.4312
20
92.6949
0
VERTEX
8
CUT
10
219.4727
20
92.6930
0
VERTEX
8
CUT
10
219.5206
20
92.6920
0
VERTEX
8
CUT
10
220.8172
20
92.6986
0
VERTEX
8
CUT
10
220.8643
20
92.7000
0
VERTEX
8
CUT
10
220.9052
20
92.7022
0
VERTEX
8
CUT
10
220.9991
20
92.7120
0
VERTEX
8
CUT
10
221.0137
20
92.7143
0
VERTEX
8
CUT
10
221.1061
20
92.7334
0
VERTEX
8
CUT
10
221.1205
20
92.7371
0
VERTEX
8
CUT
10
221.2105
20
92.7653
0
VERTEX
8
CUT
10
221.2245
20
92.7705
0
VERTEX
8
CUT
10
221.3113
20
92.8074
0
VERTEX
8
CUT
10
221.3246
20
92.8139
0
VERTEX
8
CUT
10
221.4073
20
92.8593
0
VERTEX
8
CUT
10
221.4200
20
92.8671
0
VERTEX
8
CUT
10
221.4978
20
92.9205
0
VERTEX
8
CUT
10
221.5096
20
92.9295
0
VERTEX
8
CUT
10
221.5817
20
92.9904
0
VERTEX
8
CUT
10
221.6116
20
93.0183
0
VERTEX
8
CUT
10
221.6453
20
93.0514
0
VERTEX
8
CUT
10
221.7600
20
93.1695
0
VERTEX
8
CUT
10
221.7979
20
93.2109
0
VERTEX
8
CUT
10
221.8296
20
93.2478
0
VERTEX
8
CUT
10
221.8976
20
93.3368
0
VERTEX
8
CUT
10
221.9248
20
93.3771
0
VERTEX
8
CUT
10
221.9548
20
93.4246
0
VERTEX
8
CUT
10
222.3835
20
94.1495
0
VERTEX
8
CUT
10
222.4058
20
94.1893
0
VERTEX
8
CUT
10
222.4243
20
94.2243
0
VERTEX
8
CUT
10
222.4630
20
94.3069
0
VERTEX
8
CUT
10
222.4684
20
94.3202
0
VERTEX
8
CUT
10
222.4990
20
94.4061
0
VERTEX
8
CUT
10
222.5031
20
94.4199
0
VERTEX
8
CUT
10
222.5253
20
94.5083
0
VERTEX
8
CUT
10
222.5282
20
94.5224
0
VERTEX
8
CUT
10
222.5418
20
94.6126
0
VERTEX
8
CUT
10
222.5432
20
94.6269
0
VERTEX
8
CUT
10
222.5481
20
94.7180
0
VERTEX
8
CUT
10
222.5482
20
94.7323
0
VERTEX
8
CUT
10
222.5443
20
94.8235
0
VERTEX
8
CUT
10
222.5430
20
94.8377
0
VERTEX
8
CUT
10
222.5304
20
94.9281
0
VERTEX
8
CUT
10
222.5277
20
94.9422
0
VERTEX
8
CUT
10
222.5065
20
95.0309
0
VERTEX
8
CUT
10
222.5025
20
95.0447
0
VERTEX
8
CUT
10
222.4728
20
95.1309
0
VERTEX
8
CUT
10
222.4675
20
95.1443
0
VERTEX
8
CUT
10
222.4298
20
95.2273
0
VERTEX
8
CUT
10
222.4232
20
95.2401
0
VERTEX
8
CUT
10
222.3776
20
95.3191
0
VERTEX
8
CUT
10
222.3699
20
95.3312
0
VERTEX
8
CUT
10
222.3169
20
95.4054
0
VERTEX
8
CUT
10
222.3080
20
95.4167
0
VERTEX
8
CUT
10
222.2482
20
95.4856
0
VERTEX
8
CUT
10
222.2383
20
95.4959
0
VERTEX
8
CUT
10
222.1721
20
95.5587
0
VERTEX
8
CUT
10
222.1612
20
95.5681
0
VERTEX
8
CUT
10
222.0894
20
95.6242
0
VERTEX
8
CUT
10
222.0570
20
95.6471
0
VERTEX
8
CUT
10
222.0191
20
95.6725
0
VERTEX
8
CUT
10
221.2423
20
96.1672
0
VERTEX
8
CUT
10
221.2030
20
96.1910
0
VERTEX
8
CUT
10
221.1684
20
96.2107
0
VERTEX
8
CUT
10
221.0866
20
96.2523
0
VERTEX
8
CUT
10
221.0502
20
96.2686
0
VERTEX
8
CUT
10
221.0079
20
96.2864
0
VERTEX
8
CUT
10
218.9742
20
97.0837
0
VERTEX
8
CUT
10
218.9225
20
97.1023
0
VERTEX
8
CUT
10
218.8483
20
97.1265
0
VERTEX
8
CUT
10
218.7955
20
97.1421
0
VERTEX
8
CUT
10
216.8230
20
97.6623
0
VERTEX
8
CUT
10
216.7552
20
97.6776
0
VERTEX
8
CUT
10
216.6583
20
97.6957
0
VERTEX
8
CUT
10
216.5896
20
97.7059
0
VERTEX
8
CUT
10
214.9997
20
97.8840
0
VERTEX
8
CUT
10
214.9336
20
97.8890
0
VERTEX
8
CUT
10
214.8396
20
97.8930
0
VERTEX
8
CUT
10
214.7733
20
97.8934
0
VERTEX
8
CUT
10
213.9962
20
97.8715
0
VERTEX
8
CUT
10
213.9491
20
97.8690
0
VERTEX
8
CUT
10
213.9083
20
97.8658
0
VERTEX
8
CUT
10
213.8149
20
97.8539
0
SEQEND
0
POLYLINE
8
CUT
66
1
70
1
10
0.0
20
0.0
30
0.0
0
VERTEX
8
CUT
10
215.4778
20
176.5161
0
VERTEX
8
CUT
10
215.5068
20
176.4239
0
VERTEX
8
CUT
10
215.5121
20
176.4097
0
VERTEX
8
CUT
10
215.5503
20
176.3209
0
VERTEX
8
CUT
10
215.5570
20
176.3073
0
VERTEX
8
CUT
10
215.6040
20
176.2228
0
VERTEX
8
CUT
10
215.6121
20
176.2099
0
VERTEX
8
CUT
10
215.6675
20
176.1307
0
VERTEX
8
CUT
10
215.6768
20
176.1187
0
VERTEX
8
CUT
10
215.7399
20
176.0456
0
VERTEX
8
CUT
10
215.7504
20
176.0346
0
VERTEX
8
CUT
10
215.8207
20
175.9682
0
VERTEX
8
CUT
10
215.8323
20
175.9583
0
VERTEX
8
CUT
10
215.9089
20
175.8994
0
VERTEX
8
CUT
10
215.9214
20
175.8908
0
VERTEX
8
CUT
10
216.0037
20
175.8400
0
VERTEX
8
CUT
10
216.0170
20
175.8327
0
VERTEX
8
CUT
10
216.1039
20
175.7905
0
VERTEX
8
CUT
10
216.1426
20
175.7742
0
VERTEX
8
CUT
10
216.1876
20
175.7565
0
VERTEX
8
CUT
10
216.2321
20
175.7402
0
VERTEX
8
CUT
10
216.2795
20
175.7243
0
VERTEX
8
CUT
10
216.3211
20
175.7116
0
VERTEX
8
CUT
10
216.4182
20
175.6874
0
VERTEX
8
CUT
10
216.4336
20
175.6844
0
VERTEX
8
CUT
10
216.5328
20
175.6706
0
VERTEX
8
CUT
10
216.5485
20
175.6693
0
VERTEX
8
CUT
10
216.6485
20
175.6659
0
VERTEX
8
CUT
10
216.6919
20
175.6668
0
VERTEX
8
CUT
10
216.7419
20
175.6691
0
VERTEX
8
CUT
10
219.1290
20
175.8421
0
VERTEX
8
CUT
10
219.1876
20
175.8482
0
VERTEX
8
CUT
10
219.2706
20
175.8594
0
VERTEX
8
CUT
10
219.3287
20
175.8691
0
VERTEX
8
CUT
10
219.6373
20
175.9305
0
VERTEX
8
CUT
10
219.6821
20
175.9405
0
VERTEX
8
CUT
10
219.7207
20
175.9502
0
VERTEX
8
CUT
10
219.8086
20
175.9767
0
VERTEX
8
CUT
10
219.8222
20
175.9816
0
VERTEX
8
CUT
10
219.9071
20
176.0164
0
VERTEX
8
CUT
10
219.9202
20
176.0226
0
VERTEX
8
CUT
10
220.0013
20
176.0655
0
VERTEX
8
CUT
10
220.0137
20
176.0729
0
VERTEX
8
CUT
10
220.0903
20
176.1234
0
VERTEX
8
CUT
10
220.1020
20
176.1319
0
VERTEX
8
CUT
10
220.1733
20
176.1896
0
VERTEX
8
CUT
10
220.1841
20
176.1992
0
VERTEX
8
CUT
10
220.2496
20
176.2636
0
VERTEX
8
CUT
10
220.2594
20
176.2742
0
VERTEX
8
CUT
10
220.3183
20
176.3445
0
VERTEX
8
CUT
10
220.3270
20
176.3560
0
VERTEX
8
CUT
10
220.3789
20
176.4318
0
VERTEX
8
CUT
10
220.3865
20
176.4440
0
VERTEX
8
CUT
10
220.4308
20
176.5244
0
VERTEX
8
CUT
10
220.4372
20
176.5374
0
VERTEX
8
CUT
10
220.4735
20
176.6217
0
VERTEX
8
CUT
10
220.4786
20
176.6352
0
VERTEX
8
CUT
10
220.5066
20
176.7226
0
VERTEX
8
CUT
10
220.5104
20
176.7365
0
VERTEX
8
CUT
10
220.5298
20
176.8262
0
VERTEX
8
CUT
10
220.5322
20
176.8404
0
VERTEX
8
CUT
10
220.5429
20
176.9316
0
VERTEX
8
CUT
10
220.5439
20
176.9460
0
VERTEX
8
CUT
10
220.5458
20
177.0378
0
VERTEX
8
CUT
10
220.5454
20
177.0522
0
VERTEX
8
CUT
10
220.5384
20
177.1437
0
VERTEX
8
CUT
10
220.5366
20
177.1580
0
VERTEX
8
CUT
10
220.5208
20
177.2484
0
VERTEX
8
CUT
10
220.5177
20
177.2625
0
VERTEX
8
CUT
10
220.4932
20
177.3510
0
VERTEX
8
CUT
10
220.4887
20
177.3647
0
VERTEX
8
CUT
10
220.4558
20
177.4504
0
VERTEX
8
CUT
10
220.4500
20
177.4636
0
VERTEX
8
CUT
10
220.4090
20
177.5457
0
VERTEX
8
CUT
10
220.4019
20
177.5583
0
VERTEX
8
CUT
10
220.3532
20
177.6361
0
VERTEX
8
CUT
10
220.3449
20
177.6479
0
VERTEX
8
CUT
10
220.2889
20
177.7206
0
VERTEX
8
CUT
10
220.2796
20
177.7316
0
VERTEX
8
CUT
10
220.2168
20
177.7986
0
VERTEX
8
CUT
10
220.2064
20
177.8086
0
VERTEX
8
CUT
10
220.1375
20
177.8692
0
VERTEX
8
CUT
10
220.1262
20
177.8782
0
VERTEX
8
CUT
10
220.0517
20
177.9318
0
VERTEX
8
CUT
10
220.0396
20
177.9397
0
VERTEX
8
CUT
10
219.9603
20
177.9859
0
VERTEX
8
CUT
10
219.9475
20
177.9925
0
VERTEX
8
CUT
10
219.8641
20
178.0309
0
VERTEX
8
CUT
10
219.8507
20
178.0362
0
VERTEX
8
CUT
10
219.7640
20
178.0663
0
VERTEX
8
CUT
10
219.7501
20
178.0704
0
VERTEX
8
CUT
10
219.6609
20
178.0920
0
VERTEX
8
CUT
10
219.6218
20
178.0995
0
VERTEX
8
CUT
10
219.5709
20
178.1079
0
VERTEX
8
CUT
10
219.3665
20
178.1525
0
VERTEX
8
CUT
10
219.1675
20
178.2172
0
VERTEX
8
CUT
10
218.9759
20
178.3014
0
VERTEX
8
CUT
10
218.1943
20
178.6924
0
VERTEX
8
CUT
10
217.9906
20
178.8089
0
VERTEX
8
CUT
10
217.8012
20
178.9474
0
VERTEX
8
CUT
10
217.7594
20
178.9818
0
VERTEX
8
CUT
10
217.7229
20
179.0103
0
VERTEX
8
CUT
10
217.6907
20
179.0342
0
VERTEX
8
CUT
10
217.6138
20
179.0857
0
VERTEX
8
CUT
10
217.6014
20
179.0932
0
VERTEX
8
CUT
10
217.5199
20
179.1369
0
VERTEX
8
CUT
10
217.5068
20
179.1432
0
VERTEX
8
CUT
10
217.4214
20
179.1788
0
VERTEX
8
CUT
10
217.4077
20
179.1837
0
VERTEX
8
CUT
10
217.3193
20
179.2108
0
VERTEX
8
CUT
10
217.3052
20
179.2144
0
VERTEX
8
CUT
10
217.2146
20
179.2328
0
VERTEX
8
CUT
10
217.2002
20
179.2350
0
VERTEX
8
CUT
10
217.1082
20
179.2445
0
VERTEX
8
CUT
10
217.0937
20
179.2453
0
VERTEX
8
CUT
10
217.0012
20
179.2458
0
VERTEX
8
CUT
10
216.9867
20
179.2451
0
VERTEX
8
CUT
10
216.8946
20
179.2366
0
VERTEX
8
CUT
10
216.8802
20
179.2346
0
VERTEX
8
CUT
10
216.7894
20
179.2172
0
VERTEX
8
CUT
10
216.7753
20
179.2137
0
VERTEX
8
CUT
10
216.6866
20
179.1876
0
VERTEX
8
CUT
10
216.6729
20
179.1828
0
VERTEX
8
CUT
10
216.5871
20
179.1481
0
VERTEX
8
CUT
10
216.5739
20
179.1420
0
VERTEX
8
CUT
10
216.4920
20
179.0992
0
VERTEX
8
CUT
10
216.4794
20
179.0918
0
VERTEX
8
CUT
10
216.4021
20
179.0412
0
VERTEX
8
CUT
10
216.3903
20
179.0326
0
VERTEX
8
CUT
10
216.3182
20
178.9747
0
VERTEX
8
CUT
10
216.3073
20
178.9651
0
VERTEX
8
CUT
10
216.2412
20
178.9004
0
VERTEX
8
CUT
10
216.2313
20
178.8898
0
VERTEX
8
CUT
10
216.1718
20
178.8190
0
VERTEX
8
CUT
10
216.1475
20
178.7871
0
VERTEX
8
CUT
10
216.1203
20
178.7496
0
VERTEX
8
CUT
10
215.7894
20
178.2677
0
VERTEX
8
CUT
10
215.7677
20
178.2346
0
VERTEX
8
CUT
10
215.7495
20
178.2056
0
VERTEX
8
CUT
10
215.7103
20
178.1370
0
VERTEX
8
CUT
10
215.7046
20
178.1260
0
VERTEX
8
CUT
10
215.6713
20
178.0544
0
VERTEX
8
CUT
10
215.6582
20
178.0227
0
VERTEX
8
CUT
10
215.6438
20
177.9859
0
VERTEX
8
CUT
10
215.4805
20
177.5417
0
VERTEX
8
CUT
10
215.4666
20
177.5009
0
VERTEX
8
CUT
10
215.4553
20
177.4654
0
VERTEX
8
CUT
10
215.4330
20
177.3823
0
VERTEX
8
CUT
10
215.4301
20
177.3691
0
VERTEX
8
CUT
10
215.4155
20
177.2843
0
VERTEX
8
CUT
10
215.4138
20
177.2709
0
VERTEX
8
CUT
10
215.4069
20
177.1852
0
VERTEX
8
CUT
10
215.4064
20
177.1717
0
VERTEX
8
CUT
10
215.4073
20
177.0857
0
VERTEX
8
CUT
10
215.4094
20
177.0484
0
VERTEX
8
CUT
10
215.4127
20
177.0055
0
VERTEX
8
CUT
10
215.4421
20
176.7150
0
VERTEX
8
CUT
10
215.4482
20
176.6670
0
VERTEX
8
CUT
10
215.4545
20
176.6255
0
VERTEX
8
CUT
10
215.4740
20
176.5309
0
SEQEND
0
POLYLINE
8
CUT
66
1
70
1
10
0.0
20
0.0
30
0.0
0
VERTEX
8
CUT
10
212.3862
20
87.2780
0
VERTEX
8
CUT
10
212.3078
20
87.3292
0
VERTEX
8
CUT
10
212.2950
20
87.3366
0
VERTEX
8
CUT
10
212.2120
20
87.3799
0
VERTEX
8
CUT
10
212.1986
20
87.3860
0
VERTEX
8
CUT
10
212.1117
20
87.4209
0
VERTEX
8
CUT
10
212.0978
20
87.4257
0
VERTEX
8
CUT
10
212.0078
20
87.4518
0
VERTEX
8
CUT
10
211.9935
20
87.4552
0
VERTEX
8
CUT
10
211.9014
20
87.4724
0
VERTEX
8
CUT
10
211.8868
20
87.4743
0
VERTEX
8
CUT
10
211.7935
20
87.4823
0
VERTEX
8
CUT
10
211.7788
20
87.4829
0
VERTEX
8
CUT
10
211.6852
20
87.4816
0
VERTEX
8
CUT
10
211.6705
20
87.4807
0
VERTEX
8
CUT
10
211.5774
20
87.4702
0
VERTEX
8
CUT
10
211.5629
20
87.4679
0
VERTEX
8
CUT
10
211.4713
20
87.4483
0
VERTEX
8
CUT
10
211.4571
20
87.4445
0
VERTEX
8
CUT
10
211.3679
20
87.4160
0
VERTEX
8
CUT
10
211.3541
20
87.4108
0
VERTEX
8
CUT
10
211.2681
20
87.3737
0
VERTEX
8
CUT
10
211.2549
20
87.3672
0
VERTEX
8
CUT
10
211.1730
20
87.3217
0
VERTEX
8
CUT
10
211.1605
20
87.3139
0
VERTEX
8
CUT
10
211.0835
20
87.2606
0
VERTEX
8
CUT
10
211.0718
20
87.2517
0
VERTEX
8
CUT
10
211.0004
20
87.1911
0
VERTEX
8
CUT
10
210.9897
20
87.1810
0
VERTEX
8
CUT
10
210.9246
20
87.1136
0
VERTEX
8
CUT
10
210.9149
20
87.1025
0
VERTEX
8
CUT
10
210.8568
20
87.0291
0
VERTEX
8
CUT
10
210.8483
20
87.0171
0
VERTEX
8
CUT
10
210.7977
20
86.9383
0
VERTEX
8
CUT
10
210.7903
20
86.9255
0
VERTEX
8
CUT
10
210.7477
20
86.8421
0
VERTEX
8
CUT
10
210.7417
20
86.8287
0
VERTEX
8
CUT
10
210.7075
20
86.7415
0
VERTEX
8
CUT
10
210.7029
20
86.7275
0
VERTEX
8
CUT
10
210.6775
20
86.6374
0
VERTEX
8
CUT
10
210.6742
20
86.6230
0
VERTEX
8
CUT
10
210.6578
20
86.5308
0
VERTEX
8
CUT
10
210.6559
20
86.5162
0
VERTEX
8
CUT
10
210.6487
20
86.4229
0
VERTEX
8
CUT
10
210.6483
20
86.4081
0
VERTEX
8
CUT
10
210.6503
20
86.3145
0
VERTEX
8
CUT
10
210.6513
20
86.2998
0
VERTEX
8
CUT
10
210.6625
20
86.2068
0
VERTEX
8
CUT
10
210.6650
20
86.1923
0
VERTEX
8
CUT
10
210.6853
20
86.1009
0
VERTEX
8
CUT
10
210.6892
20
86.0867
0
VERTEX
8
CUT
10
210.7185
20
85.9977
0
VERTEX
8
CUT
10
210.7237
20
85.9840
0
VERTEX
8
CUT
10
210.7616
20
85.8983
0
VERTEX
8
CUT
10
210.7682
20
85.8852
0
VERTEX
8
CUT
10
210.8143
20
85.8037
0
VERTEX
8
CUT
10
210.8360
20
85.7693
0
VERTEX
8
CUT
10
210.8621
20
85.7303
0
VERTEX
8
CUT
10
210.9540
20
85.5998
0
VERTEX
8
CUT
10
210.9813
20
85.5629
0
VERTEX
8
CUT
10
211.0057
20
85.5315
0
VERTEX
8
CUT
10
211.0655
20
85.4620
0
VERTEX
8
CUT
10
211.0929
20
85.4331
0
VERTEX
8
CUT
10
211.1252
20
85.4006
0
VERTEX
8
CUT
10
212.8938
20
83.7058
0
VERTEX
8
CUT
10
212.9231
20
83.6789
0
VERTEX
8
CUT
10
212.9490
20
83.6561
0
VERTEX
8
CUT
10
213.0108
20
83.6060
0
VERTEX
8
CUT
10
213.0385
20
83.5855
0
VERTEX
8
CUT
10
213.0710
20
83.5624
0
VERTEX
8
CUT
10
215.5321
20
81.8911
0
VERTEX
8
CUT
10
215.5622
20
81.8715
0
VERTEX
8
CUT
10
215.6055
20
81.8444
0
VERTEX
8
CUT
10
215.6364
20
81.8259
0
VERTEX
8
CUT
10
216.9324
20
81.0825
0
VERTEX
8
CUT
10
216.9736
20
81.0602
0
VERTEX
8
CUT
10
217.0098
20
81.0417
0
VERTEX
8
CUT
10
217.0952
20
81.0034
0
VERTEX
8
CUT
10
217.1089
20
80.9980
0
VERTEX
8
CUT
10
217.1977
20
80.9683
0
VERTEX
8
CUT
10
217.2119
20
80.9643
0
VERTEX
8
CUT
10
217.3032
20
80.9434
0
VERTEX
8
CUT
10
217.3177
20
80.9408
0
VERTEX
8
CUT
10
217.4105
20
80.9290
0
VERTEX
8
CUT
10
217.4252
20
80.9279
0
VERTEX
8
CUT
10
217.5188
20
80.9253
0
VERTEX
8
CUT
10
217.5336
20
80.9257
0
VERTEX
8
CUT
10
217.6270
20
80.9323
0
VERTEX
8
CUT
10
217.6416
20
80.9341
0
VERTEX
8
CUT
10
217.7339
20
80.9499
0
VERTEX
8
CUT
10
217.7482
20
80.9531
0
VERTEX
8
CUT
10
217.8385
20
80.9780
0
VERTEX
8
CUT
10
217.8525
20
80.9826
0
VERTEX
8
CUT
10
217.9399
20
81.0162
0
VERTEX
8
CUT
10
217.9534
20
81.0221
0
VERTEX
8
CUT
10
218.0370
20
81.0642
0
VERTEX
8
CUT
10
218.0499
20
81.0715
0
VERTEX
8
CUT
10
218.1290
20
81.1216
0
VERTEX
8
CUT
10
218.1410
20
81.1300
0
VERTEX
8
CUT
10
218.2148
20
81.1877
0
VERTEX
8
CUT
10
218.2259
20
81.1973
0
VERTEX
8
CUT
10
218.2937
20
81.2620
0
VERTEX
8
CUT
10
218.3038
20
81.2726
0
VERTEX
8
CUT
10
218.3649
20
81.3436
0
VERTEX
8
CUT
10
218.3739
20
81.3553
0
VERTEX
8
CUT
10
218.4277
20
81.4319
0
VERTEX
8
CUT
10
218.4355
20
81.4444
0
VERTEX
8
CUT
10
218.4815
20
81.5260
0
VERTEX
8
CUT
10
218.4881
20
81.5391
0
VERTEX
8
CUT
10
218.5258
20
81.6249
0
VERTEX
8
CUT
10
218.5310
20
81.6386
0
VERTEX
8
CUT
10
218.5601
20
81.7276
0
VERTEX
8
CUT
10
218.5640
20
81.7418
0
VERTEX
8
CUT
10
218.5841
20
81.8333
0
VERTEX
8
CUT
10
218.5866
20
81.8478
0
VERTEX
8
CUT
10
218.5976
20
81.9408
0
VERTEX
8
CUT
10
218.5986
20
81.9555
0
VERTEX
8
CUT
10
218.6005
20
82.0491
0
VERTEX
8
CUT
10
218.6000
20
82.0638
0
VERTEX
8
CUT
10
218.5926
20
82.1572
0
VERTEX
8
CUT
10
218.5907
20
82.1718
0
VERTEX
8
CUT
10
218.5742
20
82.2639
0
VERTEX
8
CUT
10
218.5709
20
82.2783
0
VERTEX
8
CUT
10
218.5453
20
82.3684
0
VERTEX
8
CUT
10
218.5406
20
82.3823
0
VERTEX
8
CUT
10
218.5063
20
82.4694
0
VERTEX
8
CUT
10
218.5002
20
82.4829
0
VERTEX
8
CUT
10
218.4575
20
82.5662
0
VERTEX
8
CUT
10
218.4501
20
82.5789
0
VERTEX
8
CUT
10
218.3994
20
82.6577
0
VERTEX
8
CUT
10
218.3908
20
82.6696
0
VERTEX
8
CUT
10
218.3326
20
82.7430
0
VERTEX
8
CUT
10
218.3229
20
82.7540
0
VERTEX
8
CUT
10
218.2577
20
82.8213
0
VERTEX
8
CUT
10
218.2470
20
82.8313
0
VERTEX
8
CUT
10
218.1755
20
82.8918
0
VERTEX
8
CUT
10
218.1432
20
82.9165
0
VERTEX
8
CUT
10
218.1053
20
82.9440
0
VERTEX
8
CUT
10
213.9411
20
85.8156
0
VERTEX
8
CUT
10
213.7966
20
85.9247
0
VERTEX
8
CUT
10
213.6621
20
86.0458
0
VERTEX
8
CUT
10
212.5357
20
87.1516
0
VERTEX
8
CUT
10
212.5014
20
87.1836
0
VERTEX
8
CUT
10
212.4710
20
87.2106
0
VERTEX
8
CUT
10
212.3981
20
87.2693
0
SEQEND
0
POLYLINE
8
CUT
66
1
70
1
10
0.0
20
0.0
30
0.0
0
VERTEX
8
CUT
10
176.0931
20
171.9573
0
VERTEX
8
CUT
10
176.1746
20
171.9213
0
VERTEX
8
CUT
10
176.1877
20
171.9163
0
VERTEX
8
CUT
10
176.2722
20
171.8882
0
VERTEX
8
CUT
10
176.2819
20
171.8854
0
VERTEX
8
CUT
10
176.4163
20
171.8358
0
VERTEX
8
CUT
10
176.4561
20
171.8221
0
VERTEX
8
CUT
10
176.4908
20
171.8109
0
VERTEX
8
CUT
10
176.5720
20
171.7889
0
VERTEX
8
CUT
10
176.5849
20
171.7860
0
VERTEX
8
CUT
10
176.6677
20
171.7712
0
VERTEX
8
CUT
10
176.6808
20
171.7694
0
VERTEX
8
CUT
10
176.7645
20
171.7620
0
VERTEX
8
CUT
10
176.8010
20
171.7604
0
VERTEX
8
CUT
10
176.8431
20
171.7595
0
VERTEX
8
CUT
10
177.6083
20
171.7597
0
VERTEX
8
CUT
10
177.6504
20
171.7607
0
VERTEX
8
CUT
10
177.6869
20
171.7623
0
VERTEX
8
CUT
10
177.7706
20
171.7698
0
VERTEX
8
CUT
10
177.8068
20
171.7746
0
VERTEX
8
CUT
10
177.8484
20
171.7811
0
VERTEX
8
CUT
10
177.9519
20
171.7997
0
VERTEX
8
CUT
10
177.9790
20
171.8015
0
VERTEX
8
CUT
10
178.0221
20
171.8066
0
VERTEX
8
CUT
10
178.0717
20
171.8139
0
VERTEX
8
CUT
10
184.1142
20
172.8589
0
VERTEX
8
CUT
10
184.2195
20
172.8744
0
VERTEX
8
CUT
10
195.0804
20
174.1904
0
VERTEX
8
CUT
10
195.1262
20
174.1971
0
VERTEX
8
CUT
10
195.1658
20
174.2039
0
VERTEX
8
CUT
10
195.2561
20
174.2239
0
VERTEX
8
CUT
10
195.2948
20
174.2345
0
VERTEX
8
CUT
10
195.3392
20
174.2478
0
VERTEX
8
CUT
10
198.3570
20
175.2331
0
VERTEX
8
CUT
10
198.4226
20
175.2572
0
VERTEX
8
CUT
10
198.5143
20
175.2948
0
VERTEX
8
CUT
10
198.5780
20
175.3237
0
VERTEX
8
CUT
10
200.3987
20
176.2322
0
VERTEX
8
CUT
10
200.4507
20
176.2601
0
VERTEX
8
CUT
10
200.5232
20
176.3021
0
VERTEX
8
CUT
10
200.5733
20
176.3333
0
VERTEX
8
CUT
10
202.1911
20
177.4098
0
VERTEX
8
CUT
10
202.2473
20
177.4502
0
VERTEX
8
CUT
10
202.3249
20
177.5104
0
VERTEX
8
CUT
10
202.3780
20
177.5547
0
VERTEX
8
CUT
10
204.3004
20
179.2850
0
VERTEX
8
CUT
10
204.3296
20
179.3124
0
VERTEX
8
CUT
10
204.3703
20
179.3522
0
VERTEX
8
CUT
10
204.3983
20
179.3808
0
VERTEX
8
CUT
10
209.6375
20
184.9644
0
VERTEX
8
CUT
10
209.7332
20
185.0600
0
VERTEX
8
CUT
10
212.3845
20
187.5439
0
VERTEX
8
CUT
10
212.5805
20
187.7063
0
VERTEX
8
CUT
10
214.4060
20
189.0415
0
VERTEX
8
CUT
10
214.5509
20
189.1386
0
VERTEX
8
CUT
10
217.5930
20
190.9971
0
VERTEX
8
CUT
10
217.6319
20
191.0222
0
VERTEX
8
CUT
10
217.6651
20
191.0448
0
VERTEX
8
CUT
10
217.7390
20
191.1004
0
VERTEX
8
CUT
10
217.7502
20
191.1098
0
VERTEX
8
CUT
10
217.8183
20
191.1724
0
VERTEX
8
CUT
10
217.8285
20
191.1827
0
VERTEX
8
CUT
10
217.8902
20
191.2517
0
VERTEX
8
CUT
10
217.8994
20
191.2630
0
VERTEX
8
CUT
10
217.9541
20
191.3376
0
VERTEX
8
CUT
10
217.9621
20
191.3497
0
VERTEX
8
CUT
10
218.0092
20
191.4293
0
VERTEX
8
CUT
10
218.0160
20
191.4422
0
VERTEX
8
CUT
10
218.0552
20
191.5260
0
VERTEX
8
CUT
10
218.0608
20
191.5394
0
VERTEX
8
CUT
10
218.0916
20
191.6266
0
VERTEX
8
CUT
10
218.0958
20
191.6406
0
VERTEX
8
CUT
10
218.1180
20
191.7304
0
VERTEX
8
CUT
10
218.1208
20
191.7447
0
VERTEX
8
CUT
10
218.1342
20
191.8362
0
VERTEX
8
CUT
10
218.1356
20
191.8507
0
VERTEX
8
CUT
10
218.1400
20
191.9431
0
VERTEX
8
CUT
10
218.1400
20
191.9577
0
VERTEX
8
CUT
10
218.1354
20
192.0500
0
VERTEX
8
CUT
10
218.1339
20
192.0645
0
VERTEX
8
CUT
10
218.1203
20
192.1560
0
VERTEX
8
CUT
10
218.1175
20
192.1703
0
VERTEX
8
CUT
10
218.0951
20
192.2601
0
VERTEX
8
CUT
10
218.0909
20
192.2740
0
VERTEX
8
CUT
10
218.0598
20
192.3611
0
VERTEX
8
CUT
10
218.0543
20
192.3746
0
VERTEX
8
CUT
10
218.0149
20
192.4583
0
VERTEX
8
CUT
10
218.0081
20
192.4711
0
VERTEX
8
CUT
10
217.9607
20
192.5506
0
VERTEX
8
CUT
10
217.9527
20
192.5627
0
VERTEX
8
CUT
10
217.8978
20
192.6372
0
VERTEX
8
CUT
10
217.8886
20
192.6485
0
VERTEX
8
CUT
10
217.8268
20
192.7173
0
VERTEX
8
CUT
10
217.8165
20
192.7276
0
VERTEX
8
CUT
10
217.7483
20
192.7901
0
VERTEX
8
CUT
10
217.7325
20
192.8032
0
VERTEX
8
CUT
10
217.5743
20
192.9486
0
VERTEX
8
CUT
10
217.4319
20
193.1094
0
VERTEX
8
CUT
10
217.3066
20
193.2839
0
VERTEX
8
CUT
10
217.1998
20
193.4703
0
VERTEX
8
CUT
10
217.1126
20
193.6667
0
VERTEX
8
CUT
10
217.0460
20
193.8709
0
VERTEX
8
CUT
10
217.0005
20
194.0809
0
VERTEX
8
CUT
10
216.9767
20
194.2944
0
VERTEX
8
CUT
10
216.9749
20
194.5092
0
VERTEX
8
CUT
10
216.9950
20
194.7230
0
VERTEX
8
CUT
10
216.9961
20
194.7303
0
VERTEX
8
CUT
10
217.0017
20
194.7765
0
VERTEX
8
CUT
10
217.0055
20
194.8166
0
VERTEX
8
CUT
10
217.0099
20
194.9094
0
VERTEX
8
CUT
10
217.0099
20
194.9240
0
VERTEX
8
CUT
10
217.0052
20
195.0168
0
VERTEX
8
CUT
10
217.0037
20
195.0313
0
VERTEX
8
CUT
10
216.9900
20
195.1232
0
VERTEX
8
CUT
10
216.9871
20
195.1375
0
VERTEX
8
CUT
10
216.9644
20
195.2276
0
VERTEX
8
CUT
10
216.9601
20
195.2416
0
VERTEX
8
CUT
10
216.9288
20
195.3291
0
VERTEX
8
CUT
10
216.9232
20
195.3426
0
VERTEX
8
CUT
10
216.8834
20
195.4265
0
VERTEX
8
CUT
10
216.8765
20
195.4394
0
VERTEX
8
CUT
10
216.8287
20
195.5191
0
VERTEX
8
CUT
10
216.8206
20
195.5312
0
VERTEX
8
CUT
10
216.7653
20
195.6058
0
VERTEX
8
CUT
10
216.7560
20
195.6171
0
VERTEX
8
CUT
10
216.6936
20
195.6860
0
VERTEX
8
CUT
10
216.6833
20
195.6963
0
VERTEX
8
CUT
10
216.6145
20
195.7587
0
VERTEX
8
CUT
10
216.6032
20
195.7680
0
VERTEX
8
CUT
10
216.5286
20
195.8234
0
VERTEX
8
CUT
10
216.5165
20
195.8315
0
VERTEX
8
CUT
10
216.4369
20
195.8794
0
VERTEX
8
CUT
10
216.4240
20
195.8863
0
VERTEX
8
CUT
10
216.3401
20
195.9261
0
VERTEX
8
CUT
10
216.3266
20
195.9318
0
VERTEX
8
CUT
10
216.2392
20
195.9632
0
VERTEX
8
CUT
10
216.2252
20
195.9675
0
VERTEX
8
CUT
10
216.1351
20
195.9902
0
VERTEX
8
CUT
10
216.1208
20
195.9931
0
VERTEX
8
CUT
10
216.0289
20
196.0069
0
VERTEX
8
CUT
10
216.0144
20
196.0084
0
VERTEX
8
CUT
10
215.9216
20
196.0132
0
VERTEX
8
CUT
10
215.9070
20
196.0132
0
VERTEX
8
CUT
10
215.8142
20
196.0089
0
VERTEX
8
CUT
10
215.7997
20
196.0076
0
VERTEX
8
CUT
10
215.7077
20
195.9942
0
VERTEX
8
CUT
10
215.6934
20
195.9914
0
VERTEX
8
CUT
10
215.6032
20
195.9691
0
VERTEX
8
CUT
10
215.5892
20
195.9650
0
VERTEX
8
CUT
10
215.5016
20
195.9340
0
VERTEX
8
CUT
10
215.4881
20
195.9284
0
VERTEX
8
CUT
10
215.4039
20
195.8891
0
VERTEX
8
CUT
10
215.3910
20
195.8822
0
VERTEX
8
CUT
10
215.3111
20
195.8348
0
VERTEX
8
CUT
10
215.2990
20
195.8267
0
VERTEX
8
CUT
10
215.2241
20
195.7717
0
VERTEX
8
CUT
10
215.2127
20
195.7625
0
VERTEX
8
CUT
10
215.1436
20
195.7005
0
VERTEX
8
CUT
10
215.1332
20
195.6902
0
VERTEX
8
CUT
10
215.0705
20
195.6217
0
VERTEX
8
CUT
10
215.0447
20
195.5906
0
VERTEX
8
CUT
10
215.0160
20
195.5541
0
VERTEX
8
CUT
10
214.4749
20
194.8328
0
VERTEX
8
CUT
10
214.3463
20
194.6774
0
VERTEX
8
CUT
10
208.0186
20
187.7427
0
VERTEX
8
CUT
10
207.9516
20
187.6725
0
VERTEX
8
CUT
10
204.0895
20
183.8141
0
VERTEX
8
CUT
10
203.9348
20
183.6741
0
VERTEX
8
CUT
10
203.7669
20
183.5502
0
VERTEX
8
CUT
10
202.7539
20
182.8777
0
VERTEX
8
CUT
10
202.5652
20
182.7661
0
VERTEX
8
CUT
10
202.3658
20
182.6747
0
VERTEX
8
CUT
10
201.1433
20
182.1905
0
VERTEX
8
CUT
10
200.9838
20
182.1346
0
VERTEX
8
CUT
10
200.8204
20
182.0917
0
VERTEX
8
CUT
10
194.2763
20
180.6544
0
VERTEX
8
CUT
10
193.9718
20
180.6106
0
VERTEX
8
CUT
10
191.2890
20
180.4236
0
VERTEX
8
CUT
10
191.0484
20
180.4207
0
VERTEX
8
CUT
10
187.6104
20
180.5757
0
VERTEX
8
CUT
10
187.4043
20
180.5952
0
VERTEX
8
CUT
10
187.2012
20
180.6348
0
VERTEX
8
CUT
10
187.0030
20
180.6943
0
VERTEX
8
CUT
10
186.8116
20
180.7730
0
VERTEX
8
CUT
10
186.6288
20
180.8702
0
VERTEX
8
CUT
10
186.4565
20
180.9849
0
VERTEX
8
CUT
10
186.2964
20
181.1160
0
VERTEX
8
CUT
10
186.1499
20
181.2622
0
VERTEX
8
CUT
10
186.0185
20
181.4221
0
VERTEX
8
CUT
10
185.9035
20
181.5942
0
VERTEX
8
CUT
10
185.8060
20
181.7768
0
VERTEX
8
CUT
10
185.7270
20
181.9680
0
VERTEX
8
CUT
10
185.6671
20
182.1662
0
VERTEX
8
CUT
10
185.6271
20
182.3692
0
VERTEX
8
CUT
10
185.6072
20
182.5752
0
VERTEX
8
CUT
10
185.6050
20
182.6223
0
VERTEX
8
CUT
10
185.6036
20
182.6370
0
VERTEX
8
CUT
10
185.5900
20
182.7297
0
VERTEX
8
CUT
10
185.5871
20
182.7442
0
VERTEX
8
CUT
10
185.5645
20
182.8352
0
VERTEX
8
CUT
10
185.5602
20
182.8493
0
VERTEX
8
CUT
10
185.5286
20
182.9376
0
VERTEX
8
CUT
10
185.5230
20
182.9512
0
VERTEX
8
CUT
10
185.4829
20
183.0360
0
VERTEX
8
CUT
10
185.4759
20
183.0490
0
VERTEX
8
CUT
10
185.4276
20
183.1293
0
VERTEX
8
CUT
10
185.4194
20
183.1416
0
VERTEX
8
CUT
10
185.3635
20
183.2168
0
VERTEX
8
CUT
10
185.3541
20
183.2282
0
VERTEX
8
CUT
10
185.2910
20
183.2975
0
VERTEX
8
CUT
10
185.2805
20
183.3080
0
VERTEX
8
CUT
10
185.2109
20
183.3707
0
VERTEX
8
CUT
10
185.1994
20
183.3800
0
VERTEX
8
CUT
10
185.1239
20
183.4356
0
VERTEX
8
CUT
10
185.1116
20
183.4438
0
VERTEX
8
CUT
10
185.0310
20
183.4917
0
VERTEX
8
CUT
10
185.0180
20
183.4986
0
VERTEX
8
CUT
10
184.9330
20
183.5383
0
VERTEX
8
CUT
10
184.9194
20
183.5438
0
VERTEX
8
CUT
10
184.8309
20
183.5750
0
VERTEX
8
CUT
10
184.8168
20
183.5792
0
VERTEX
8
CUT
10
184.7257
20
183.6014
0
VERTEX
8
CUT
10
184.7112
20
183.6042
0
VERTEX
8
CUT
10
184.6184
20
183.6174
0
VERTEX
8
CUT
10
184.6037
20
183.6187
0
VERTEX
8
CUT
10
184.5100
20
183.6226
0
VERTEX
8
CUT
10
184.4953
20
183.6225
0
VERTEX
8
CUT
10
184.4017
20
183.6172
0
VERTEX
8
CUT
10
184.3870
20
183.6156
0
VERTEX
8
CUT
10
184.2944
20
183.6011
0
VERTEX
8
CUT
10
184.2799
20
183.5981
0
VERTEX
8
CUT
10
184.1892
20
183.5745
0
VERTEX
8
CUT
10
184.1751
20
183.5701
0
VERTEX
8
CUT
10
184.0871
20
183.5376
0
VERTEX
8
CUT
10
184.0736
20
183.5318
0
VERTEX
8
CUT
10
183.9892
20
183.4909
0
VERTEX
8
CUT
10
183.9535
20
183.4713
0
VERTEX
8
CUT
10
183.9130
20
183.4478
0
VERTEX
8
CUT
10
182.7863
20
182.7556
0
VERTEX
8
CUT
10
182.7397
20
182.7251
0
VERTEX
8
CUT
10
182.6749
20
182.6798
0
VERTEX
8
CUT
10
182.6301
20
182.6466
0
VERTEX
8
CUT
10
181.0783
20
181.4217
0
VERTEX
8
CUT
10
181.0528
20
181.4009
0
VERTEX
8
CUT
10
181.0172
20
181.3706
0
VERTEX
8
CUT
10
180.9924
20
181.3489
0
VERTEX
8
CUT
10
179.5427
20
180.0320
0
VERTEX
8
CUT
10
179.5024
20
179.9931
0
VERTEX
8
CUT
10
179.4468
20
179.9362
0
VERTEX
8
CUT
10
179.4088
20
179.8951
0
VERTEX
8
CUT
10
177.8546
20
178.1064
0
VERTEX
8
CUT
10
177.7829
20
178.0587
0
VERTEX
8
CUT
10
177.7711
20
178.0500
0
VERTEX
8
CUT
10
177.6990
20
177.9911
0
VERTEX
8
CUT
10
177.6881
20
177.9813
0
VERTEX
8
CUT
10
177.6221
20
177.9156
0
VERTEX
8
CUT
10
177.6123
20
177.9047
0
VERTEX
8
CUT
10
177.5530
20
177.8329
0
VERTEX
8
CUT
10
177.5289
20
177.8004
0
VERTEX
8
CUT
10
177.5019
20
177.7624
0
VERTEX
8
CUT
10
177.3192
20
177.4903
0
VERTEX
8
CUT
10
177.0340
20
177.1621
0
VERTEX
8
CUT
10
176.9993
20
177.1197
0
VERTEX
8
CUT
10
176.9703
20
177.0822
0
VERTEX
8
CUT
10
176.9086
20
176.9919
0
VERTEX
8
CUT
10
176.8841
20
176.9513
0
VERTEX
8
CUT
10
176.8572
20
176.9036
0
VERTEX
8
CUT
10
176.6093
20
176.4329
0
VERTEX
8
CUT
10
176.4644
20
176.2172
0
VERTEX
8
CUT
10
176.4450
20
176.1871
0
VERTEX
8
CUT
10
176.4287
20
176.1607
0
VERTEX
8
CUT
10
176.3934
20
176.0984
0
VERTEX
8
CUT
10
176.3790
20
176.0708
0
VERTEX
8
CUT
10
176.3632
20
176.0387
0
VERTEX
8
CUT
10
176.0357
20
175.3441
0
VERTEX
8
CUT
10
175.5999
20
174.5167
0
VERTEX
8
CUT
10
175.5769
20
174.4700
0
VERTEX
8
CUT
10
175.5581
20
174.4289
0
VERTEX
8
CUT
10
175.5200
20
174.3321
0
VERTEX
8
CUT
10
175.5148
20
174.3166
0
VERTEX
8
CUT
10
175.4875
20
174.2162
0
VERTEX
8
CUT
10
175.4781
20
174.1720
0
VERTEX
8
CUT
10
175.4686
20
174.1208
0
VERTEX
8
CUT
10
175.4242
20
173.8382
0
VERTEX
8
CUT
10
175.3609
20
173.5759
0
VERTEX
8
CUT
10
175.3519
20
173.5347
0
VERTEX
8
CUT
10
175.3450
20
173.4988
0
VERTEX
8
CUT
10
175.3325
20
173.4154
0
VERTEX
8
CUT
10
175.3312
20
173.4022
0
VERTEX
8
CUT
10
175.3262
20
173.3180
0
VERTEX
8
CUT
10
175.3260
20
173.3048
0
VERTEX
8
CUT
10
175.3285
20
173.2205
0
VERTEX
8
CUT
10
175.3312
20
173.1840
0
VERTEX
8
CUT
10
175.3341
20
173.1540
0
VERTEX
8
CUT
10
175.3362
20
173.0876
0
VERTEX
8
CUT
10
175.3373
20
173.0737
0
VERTEX
8
CUT
10
175.3483
20
172.9857
0
VERTEX
8
CUT
10
175.3507
20
172.9719
0
VERTEX
8
CUT
10
175.3699
20
172.8853
0
VERTEX
8
CUT
10
175.3735
20
172.8718
0
VERTEX
8
CUT
10
175.4007
20
172.7874
0
VERTEX
8
CUT
10
175.4054
20
172.7748
0
VERTEX
8
CUT
10
175.4154
20
172.7442
0
VERTEX
8
CUT
10
175.4206
20
172.7306
0
VERTEX
8
CUT
10
175.4579
20
172.6454
0
VERTEX
8
CUT
10
175.4644
20
172.6323
0
VERTEX
8
CUT
10
175.5098
20
172.5511
0
VERTEX
8
CUT
10
175.5176
20
172.5387
0
VERTEX
8
CUT
10
175.5340
20
172.5152
0
VERTEX
8
CUT
10
175.5610
20
172.4655
0
VERTEX
8
CUT
10
175.5833
20
172.4269
0
VERTEX
8
CUT
10
175.6033
20
172.3938
0
VERTEX
8
CUT
10
175.6531
20
172.3199
0
VERTEX
8
CUT
10
175.6614
20
172.3086
0
VERTEX
8
CUT
10
175.7179
20
172.2397
0
VERTEX
8
CUT
10
175.7273
20
172.2293
0
VERTEX
8
CUT
10
175.7899
20
172.1660
0
VERTEX
8
CUT
10
175.8003
20
172.1565
0
VERTEX
8
CUT
10
175.8686
20
172.0993
0
VERTEX
8
CUT
10
175.8994
20
172.0759
0
VERTEX
8
CUT
10
175.9341
20
172.0508
0
VERTEX
8
CUT
10
175.9699
20
172.0274
0
VERTEX
8
CUT
10
176.0027
20
172.0070
0
VERTEX
8
CUT
10
176.0805
20
171.9635
0
SEQEND
0
POLYLINE
8
CUT
66
1
70
1
10
0.0
20
0.0
30
0.0
0
VERTEX
8
CUT
10
207.6211
20
218.3653
0
VERTEX
8
CUT
10
207.6543
20
218.2774
0
VERTEX
8
CUT
10
207.6602
20
218.2638
0
VERTEX
8
CUT
10
207.7018
20
218.1796
0
VERTEX
8
CUT
10
207.7090
20
218.1667
0
VERTEX
8
CUT
10
207.7588
20
218.0871
0
VERTEX
8
CUT
10
207.7672
20
218.0749
0
VERTEX
8
CUT
10
207.8246
20
218.0006
0
VERTEX
8
CUT
10
207.8342
20
217.9893
0
VERTEX
8
CUT
10
207.8987
20
217.9210
0
VERTEX
8
CUT
10
207.9093
20
217.9108
0
VERTEX
8
CUT
10
207.9802
20
217.8492
0
VERTEX
8
CUT
10
207.9918
20
217.8401
0
VERTEX
8
CUT
10
208.0685
20
217.7858
0
VERTEX
8
CUT
10
208.0809
20
217.7778
0
VERTEX
8
CUT
10
208.1626
20
217.7314
0
VERTEX
8
CUT
10
208.1758
20
217.7247
0
VERTEX
8
CUT
10
208.2616
20
217.6865
0
VERTEX
8
CUT
10
208.2754
20
217.6812
0
VERTEX
8
CUT
10
208.3645
20
217.6517
0
VERTEX
8
CUT
10
208.3788
20
217.6477
0
VERTEX
8
CUT
10
208.4704
20
217.6272
0
VERTEX
8
CUT
10
208.4850
20
217.6247
0
VERTEX
8
CUT
10
208.5782
20
217.6133
0
VERTEX
8
CUT
10
208.5929
20
217.6122
0
VERTEX
8
CUT
10
208.6869
20
217.6101
0
VERTEX
8
CUT
10
208.7016
20
217.6105
0
VERTEX
8
CUT
10
208.7953
20
217.6177
0
VERTEX
8
CUT
10
208.8099
20
217.6195
0
VERTEX
8
CUT
10
208.9024
20
217.6359
0
VERTEX
8
CUT
10
208.9168
20
217.6392
0
VERTEX
8
CUT
10
209.0072
20
217.6646
0
VERTEX
8
CUT
10
209.0212
20
217.6693
0
VERTEX
8
CUT
10
209.1087
20
217.7036
0
VERTEX
8
CUT
10
209.1222
20
217.7096
0
VERTEX
8
CUT
10
209.2058
20
217.7524
0
VERTEX
8
CUT
10
209.2186
20
217.7597
0
VERTEX
8
CUT
10
209.2977
20
217.8105
0
VERTEX
8
CUT
10
209.3308
20
217.8342
0
VERTEX
8
CUT
10
209.3684
20
217.8625
0
VERTEX
8
CUT
10
209.6324
20
218.0718
0
VERTEX
8
CUT
10
209.6769
20
218.1023
0
VERTEX
8
CUT
10
209.7125
20
218.1297
0
VERTEX
8
CUT
10
209.7527
20
218.1624
0
VERTEX
8
CUT
10
209.8229
20
218.2228
0
VERTEX
8
CUT
10
212.3465
20
220.2230
0
VERTEX
8
CUT
10
212.4939
20
220.3298
0
VERTEX
8
CUT
10
217.4478
20
223.6004
0
VERTEX
8
CUT
10
217.4865
20
223.6273
0
VERTEX
8
CUT
10
217.5195
20
223.6515
0
VERTEX
8
CUT
10
217.5926
20
223.7110
0
VERTEX
8
CUT
10
217.6037
20
223.7210
0
VERTEX
8
CUT
10
217.6706
20
223.7874
0
VERTEX
8
CUT
10
217.6805
20
223.7984
0
VERTEX
8
CUT
10
217.7405
20
223.8711
0
VERTEX
8
CUT
10
217.7494
20
223.8830
0
VERTEX
8
CUT
10
217.8018
20
223.9614
0
VERTEX
8
CUT
10
217.8094
20
223.9741
0
VERTEX
8
CUT
10
217.8538
20
224.0572
0
VERTEX
8
CUT
10
217.8602
20
224.0707
0
VERTEX
8
CUT
10
217.8961
20
224.1578
0
VERTEX
8
CUT
10
217.9011
20
224.1718
0
VERTEX
8
CUT
10
217.9282
20
224.2621
0
VERTEX
8
CUT
10
217.9318
20
224.2765
0
VERTEX
8
CUT
10
217.9498
20
224.3690
0
VERTEX
8
CUT
10
217.9519
20
224.3837
0
VERTEX
8
CUT
10
217.9607
20
224.4776
0
VERTEX
8
CUT
10
217.9613
20
224.4924
0
VERTEX
8
CUT
10
217.9607
20
224.5867
0
VERTEX
8
CUT
10
217.9599
20
224.6015
0
VERTEX
8
CUT
10
217.9500
20
224.6952
0
VERTEX
8
CUT
10
217.9477
20
224.7099
0
VERTEX
8
CUT
10
217.9285
20
224.8022
0
VERTEX
8
CUT
10
217.9248
20
224.8165
0
VERTEX
8
CUT
10
217.8965
20
224.9065
0
VERTEX
8
CUT
10
217.8914
20
224.9204
0
VERTEX
8
CUT
10
217.8544
20
225.0071
0
VERTEX
8
CUT
10
217.8479
20
225.0204
0
VERTEX
8
CUT
10
217.8024
20
225.1030
0
VERTEX
8
CUT
10
217.7946
20
225.1157
0
VERTEX
8
CUT
10
217.7412
20
225.1934
0
VERTEX
8
CUT
10
217.7322
20
225.2051
0
VERTEX
8
CUT
10
217.6714
20
225.2772
0
VERTEX
8
CUT
10
217.6612
20
225.2880
0
VERTEX
8
CUT
10
217.5936
20
225.3536
0
VERTEX
8
CUT
10
217.5824
20
225.3634
0
VERTEX
8
CUT
10
217.5085
20
225.4220
0
VERTEX
8
CUT
10
217.4965
20
225.4306
0
VERTEX
8
CUT
10
217.4172
20
225.4816
0
VERTEX
8
CUT
10
217.4043
20
225.4889
0
VERTEX
8
CUT
10
217.3203
20
225.5318
0
VERTEX
8
CUT
10
217.3068
20
225.5379
0
VERTEX
8
CUT
10
217.2190
20
225.5722
0
VERTEX
8
CUT
10
217.2049
20
225.5769
0
VERTEX
8
CUT
10
217.1141
20
225.6023
0
VERTEX
8
CUT
10
217.0997
20
225.6056
0
VERTEX
8
CUT
10
217.0068
20
225.6219
0
VERTEX
8
CUT
10
216.9921
20
225.6237
0
VERTEX
8
CUT
10
216.8981
20
225.6307
0
VERTEX
8
CUT
10
216.8832
20
225.6311
0
VERTEX
8
CUT
10
216.7890
20
225.6287
0
VERTEX
8
CUT
10
216.7742
20
225.6276
0
VERTEX
8
CUT
10
216.6806
20
225.6159
0
VERTEX
8
CUT
10
216.6660
20
225.6134
0
VERTEX
8
CUT
10
216.5741
20
225.5925
0
VERTEX
8
CUT
10
216.5598
20
225.5885
0
VERTEX
8
CUT
10
216.4704
20
225.5585
0
VERTEX
8
CUT
10
216.4566
20
225.5531
0
VERTEX
8
CUT
10
216.3706
20
225.5145
0
VERTEX
8
CUT
10
216.3342
20
225.4959
0
VERTEX
8
CUT
10
216.2927
20
225.4734
0
VERTEX
8
CUT
10
214.9210
20
224.6848
0
VERTEX
8
CUT
10
214.6483
20
224.5533
0
VERTEX
8
CUT
10
213.5162
20
224.1045
0
VERTEX
8
CUT
10
213.3179
20
224.0371
0
VERTEX
8
CUT
10
213.1139
20
223.9898
0
VERTEX
8
CUT
10
212.9062
20
223.9631
0
VERTEX
8
CUT
10
212.6968
20
223.9572
0
VERTEX
8
CUT
10
212.4879
20
223.9722
0
VERTEX
8
CUT
10
212.2815
20
224.0079
0
VERTEX
8
CUT
10
212.0798
20
224.0639
0
VERTEX
8
CUT
10
211.8846
20
224.1399
0
VERTEX
8
CUT
10
211.6979
20
224.2348
0
VERTEX
8
CUT
10
211.5216
20
224.3479
0
VERTEX
8
CUT
10
211.3575
20
224.4780
0
VERTEX
8
CUT
10
211.2071
20
224.6238
0
VERTEX
8
CUT
10
211.0720
20
224.7838
0
VERTEX
8
CUT
10
210.9536
20
224.9565
0
VERTEX
8
CUT
10
210.8529
20
225.1402
0
VERTEX
8
CUT
10
210.7710
20
225.3329
0
VERTEX
8
CUT
10
210.7087
20
225.5329
0
VERTEX
8
CUT
10
210.6420
20
225.7917
0
VERTEX
8
CUT
10
210.6279
20
225.8499
0
VERTEX
8
CUT
10
210.6088
20
225.9340
0
VERTEX
8
CUT
10
210.5995
20
225.9703
0
VERTEX
8
CUT
10
210.5713
20
226.0607
0
VERTEX
8
CUT
10
210.5662
20
226.0747
0
VERTEX
8
CUT
10
210.5291
20
226.1619
0
VERTEX
8
CUT
10
210.5226
20
226.1753
0
VERTEX
8
CUT
10
210.4771
20
226.2583
0
VERTEX
8
CUT
10
210.4693
20
226.2710
0
VERTEX
8
CUT
10
210.4157
20
226.3491
0
VERTEX
8
CUT
10
210.4066
20
226.3610
0
VERTEX
8
CUT
10
210.3455
20
226.4334
0
VERTEX
8
CUT
10
210.3353
20
226.4443
0
VERTEX
8
CUT
10
210.2673
20
226.5102
0
VERTEX
8
CUT
10
210.2561
20
226.5200
0
VERTEX
8
CUT
10
210.1819
20
226.5788
0
VERTEX
8
CUT
10
210.1697
20
226.5875
0
VERTEX
8
CUT
10
210.0900
20
226.6386
0
VERTEX
8
CUT
10
210.0771
20
226.6460
0
VERTEX
8
CUT
10
209.9926
20
226.6889
0
VERTEX
8
CUT
10
209.9790
20
226.6950
0
VERTEX
8
CUT
10
209.8907
20
226.7293
0
VERTEX
8
CUT
10
209.8766
20
226.7340
0
VERTEX
8
CUT
10
209.7853
20
226.7593
0
VERTEX
8
CUT
10
209.7707
20
226.7626
0
VERTEX
8
CUT
10
209.6774
20
226.7787
0
VERTEX
8
CUT
10
209.6626
20
226.7805
0
VERTEX
8
CUT
10
209.5681
20
226.7872
0
VERTEX
8
CUT
10
209.5532
20
226.7875
0
VERTEX
8
CUT
10
209.4585
20
226.7848
0
VERTEX
8
CUT
10
209.4437
20
226.7836
0
VERTEX
8
CUT
10
209.3497
20
226.7715
0
VERTEX
8
CUT
10
209.3351
20
226.7688
0
VERTEX
8
CUT
10
209.2428
20
226.7474
0
VERTEX
8
CUT
10
209.2285
20
226.7433
0
VERTEX
8
CUT
10
209.1388
20
226.7127
0
VERTEX
8
CUT
10
209.1250
20
226.7072
0
VERTEX
8
CUT
10
209.0388
20
226.6679
0
VERTEX
8
CUT
10
209.0255
20
226.6610
0
VERTEX
8
CUT
10
208.9437
20
226.6133
0
VERTEX
8
CUT
10
208.9312
20
226.6052
0
VERTEX
8
CUT
10
208.8546
20
226.5495
0
VERTEX
8
CUT
10
208.8430
20
226.5402
0
VERTEX
8
CUT
10
208.7722
20
226.4772
0
VERTEX
8
CUT
10
208.7616
20
226.4667
0
VERTEX
8
CUT
10
208.6975
20
226.3970
0
VERTEX
8
CUT
10
208.6880
20
226.3855
0
VERTEX
8
CUT
10
208.6311
20
226.3098
0
VERTEX
8
CUT
10
208.6228
20
226.2974
0
VERTEX
8
CUT
10
208.5738
20
226.2163
0
VERTEX
8
CUT
10
208.5543
20
226.1801
0
VERTEX
8
CUT
10
208.5329
20
226.1378
0
VERTEX
8
CUT
10
208.0839
20
225.1937
0
VERTEX
8
CUT
10
208.0667
20
225.1555
0
VERTEX
8
CUT
10
208.0526
20
225.1221
0
VERTEX
8
CUT
10
208.0235
20
225.0436
0
VERTEX
8
CUT
10
208.0194
20
225.0311
0
VERTEX
8
CUT
10
207.9973
20
224.9504
0
VERTEX
8
CUT
10
207.9892
20
224.9150
0
VERTEX
8
CUT
10
207.9809
20
224.8740
0
VERTEX
8
CUT
10
207.3628
20
221.4667
0
VERTEX
8
CUT
10
207.3569
20
221.4297
0
VERTEX
8
CUT
10
207.3524
20
221.3976
0
VERTEX
8
CUT
10
207.3448
20
221.3232
0
VERTEX
8
CUT
10
207.3428
20
221.2908
0
VERTEX
8
CUT
10
207.3413
20
221.2534
0
VERTEX
8
CUT
10
207.3195
20
220.2575
0
VERTEX
8
CUT
10
207.3195
20
220.2137
0
VERTEX
8
CUT
10
207.3204
20
220.1758
0
VERTEX
8
CUT
10
207.3266
20
220.0885
0
VERTEX
8
CUT
10
207.3310
20
220.0507
0
VERTEX
8
CUT
10
207.3371
20
220.0074
0
VERTEX
8
CUT
10
207.5750
20
218.5561
0
VERTEX
8
CUT
10
207.5838
20
218.5099
0
VERTEX
8
CUT
10
207.5923
20
218.4701
0
VERTEX
8
CUT
10
207.6166
20
218.3793
0
SEQEND
0
POLYLINE
8
CUT
66
1
70
1
10
0.0
20
0.0
30
0.0
0
VERTEX
8
CUT
10
207.5294
20
198.6394
0
VERTEX
8
CUT
10
207.5086
20
198.5476
0
VERTEX
8
CUT
10
207.5061
20
198.5330
0
VERTEX
8
CUT
10
207.4945
20
198.4395
0
VERTEX
8
CUT
10
207.4934
20
198.4247
0
VERTEX
8
CUT
10
207.4911
20
198.3306
0
VERTEX
8
CUT
10
207.4915
20
198.3158
0
VERTEX
8
CUT
10
207.4986
20
198.2218
0
VERTEX
8
CUT
10
207.5005
20
198.2071
0
VERTEX
8
CUT
10
207.5168
20
198.1144
0
VERTEX
8
CUT
10
207.5201
20
198.0999
0
VERTEX
8
CUT
10
207.5456
20
198.0093
0
VERTEX
8
CUT
10
207.5503
20
197.9952
0
VERTEX
8
CUT
10
207.5846
20
197.9075
0
VERTEX
8
CUT
10
207.5907
20
197.8940
0
VERTEX
8
CUT
10
207.6335
20
197.8101
0
VERTEX
8
CUT
10
207.6409
20
197.7973
0
VERTEX
8
CUT
10
207.6919
20
197.7180
0
VERTEX
8
CUT
10
207.7005
20
197.7060
0
VERTEX
8
CUT
10
207.7590
20
197.6322
0
VERTEX
8
CUT
10
207.7688
20
197.6211
0
VERTEX
8
CUT
10
207.8344
20
197.5535
0
VERTEX
8
CUT
10
207.8452
20
197.5433
0
VERTEX
8
CUT
10
207.9172
20
197.4826
0
VERTEX
8
CUT
10
207.9290
20
197.4736
0
VERTEX
8
CUT
10
208.0066
20
197.4202
0
VERTEX
8
CUT
10
208.0192
20
197.4124
0
VERTEX
8
CUT
10
208.1017
20
197.3670
0
VERTEX
8
CUT
10
208.1150
20
197.3606
0
VERTEX
8
CUT
10
208.2016
20
197.3235
0
VERTEX
8
CUT
10
208.2155
20
197.3184
0
VERTEX
8
CUT
10
208.3054
20
197.2902
0
VERTEX
8
CUT
10
208.3197
20
197.2864
0
VERTEX
8
CUT
10
208.4119
20
197.2672
0
VERTEX
8
CUT
10
208.4266
20
197.2649
0
VERTEX
8
CUT
10
208.5202
20
197.2550
0
VERTEX
8
CUT
10
208.5350
20
197.2542
0
VERTEX
8
CUT
10
208.6292
20
197.2535
0
VERTEX
8
CUT
10
208.6440
20
197.2542
0
VERTEX
8
CUT
10
208.7378
20
197.2629
0
VERTEX
8
CUT
10
208.7525
20
197.2650
0
VERTEX
8
CUT
10
208.8449
20
197.2829
0
VERTEX
8
CUT
10
208.8593
20
197.2865
0
VERTEX
8
CUT
10
208.9495
20
197.3135
0
VERTEX
8
CUT
10
208.9635
20
197.3184
0
VERTEX
8
CUT
10
209.0506
20
197.3543
0
VERTEX
8
CUT
10
209.0640
20
197.3606
0
VERTEX
8
CUT
10
209.1472
20
197.4049
0
VERTEX
8
CUT
10
209.1599
20
197.4125
0
VERTEX
8
CUT
10
209.2382
20
197.4648
0
VERTEX
8
CUT
10
209.2501
20
197.4736
0
VERTEX
8
CUT
10
209.3229
20
197.5334
0
VERTEX
8
CUT
10
209.3531
20
197.5609
0
VERTEX
8
CUT
10
209.3872
20
197.5935
0
VERTEX
8
CUT
10
210.1741
20
198.3834
0
VERTEX
8
CUT
10
210.2014
20
198.4120
0
VERTEX
8
CUT
10
210.2247
20
198.4374
0
VERTEX
8
CUT
10
210.2757
20
198.4979
0
VERTEX
8
CUT
10
210.2833
20
198.5078
0
VERTEX
8
CUT
10
210.3291
20
198.5724
0
VERTEX
8
CUT
10
210.3478
20
198.6013
0
VERTEX
8
CUT
10
210.3687
20
198.6350
0
VERTEX
8
CUT
10
212.0731
20
201.5229
0
VERTEX
8
CUT
10
212.0924
20
201.5572
0
VERTEX
8
CUT
10
212.1086
20
201.5874
0
VERTEX
8
CUT
10
212.1429
20
201.6583
0
VERTEX
8
CUT
10
212.1564
20
201.6897
0
VERTEX
8
CUT
10
212.1714
20
201.7262
0
VERTEX
8
CUT
10
214.9493
20
208.9491
0
VERTEX
8
CUT
10
215.0260
20
209.1243
0
VERTEX
8
CUT
10
215.1184
20
209.2919
0
VERTEX
8
CUT
10
215.2256
20
209.4503
0
VERTEX
8
CUT
10
216.4928
20
211.1502
0
VERTEX
8
CUT
10
216.5201
20
211.1889
0
VERTEX
8
CUT
10
216.5430
20
211.2230
0
VERTEX
8
CUT
10
216.5917
20
211.3040
0
VERTEX
8
CUT
10
216.5987
20
211.3172
0
VERTEX
8
CUT
10
216.6391
20
211.4027
0
VERTEX
8
CUT
10
216.6447
20
211.4164
0
VERTEX
8
CUT
10
216.6764
20
211.5055
0
VERTEX
8
CUT
10
216.6807
20
211.5198
0
VERTEX
8
CUT
10
216.7034
20
211.6116
0
VERTEX
8
CUT
10
216.7062
20
211.6262
0
VERTEX
8
CUT
10
216.7196
20
211.7198
0
VERTEX
8
CUT
10
216.7210
20
211.7346
0
VERTEX
8
CUT
10
216.7250
20
211.8291
0
VERTEX
8
CUT
10
216.7249
20
211.8440
0
VERTEX
8
CUT
10
216.7195
20
211.9384
0
VERTEX
8
CUT
10
216.7179
20
211.9532
0
VERTEX
8
CUT
10
216.7032
20
212.0466
0
VERTEX
8
CUT
10
216.7001
20
212.0612
0
VERTEX
8
CUT
10
216.6762
20
212.1526
0
VERTEX
8
CUT
10
216.6717
20
212.1668
0
VERTEX
8
CUT
10
216.6387
20
212.2555
0
VERTEX
8
CUT
10
216.6328
20
212.2691
0
VERTEX
8
CUT
10
216.5912
20
212.3541
0
VERTEX
8
CUT
10
216.5840
20
212.3671
0
VERTEX
8
CUT
10
216.5342
20
212.4474
0
VERTEX
8
CUT
10
216.5257
20
212.4597
0
VERTEX
8
CUT
10
216.4681
20
212.5347
0
VERTEX
8
CUT
10
216.4585
20
212.5460
0
VERTEX
8
CUT
10
216.3937
20
212.6149
0
VERTEX
8
CUT
10
216.3830
20
212.6252
0
VERTEX
8
CUT
10
216.3116
20
212.6873
0
VERTEX
8
CUT
10
216.3000
20
212.6965
0
VERTEX
8
CUT
10
216.2228
20
212.7512
0
VERTEX
8
CUT
10
216.2103
20
212.7592
0
VERTEX
8
CUT
10
216.1281
20
212.8060
0
VERTEX
8
CUT
10
216.1148
20
212.8127
0
VERTEX
8
CUT
10
216.0283
20
212.8510
0
VERTEX
8
CUT
10
216.0145
20
212.8564
0
VERTEX
8
CUT
10
215.9246
20
212.8859
0
VERTEX
8
CUT
10
215.9103
20
212.8899
0
VERTEX
8
CUT
10
215.8180
20
212.9104
0
VERTEX
8
CUT
10
215.8033
20
212.9129
0
VERTEX
8
CUT
10
215.7094
20
212.9240
0
VERTEX
8
CUT
10
215.6945
20
212.9251
0
VERTEX
8
CUT
10
215.6000
20
212.9269
0
VERTEX
8
CUT
10
215.5851
20
212.9264
0
VERTEX
8
CUT
10
215.4909
20
212.9188
0
VERTEX
8
CUT
10
215.4761
20
212.9168
0
VERTEX
8
CUT
10
215.3831
20
212.8999
0
VERTEX
8
CUT
10
215.3686
20
212.8965
0
VERTEX
8
CUT
10
215.2777
20
212.8703
0
VERTEX
8
CUT
10
215.2636
20
212.8655
0
VERTEX
8
CUT
10
215.1758
20
212.8305
0
VERTEX
8
CUT
10
215.1623
20
212.8243
0
VERTEX
8
CUT
10
215.0784
20
212.7807
0
VERTEX
8
CUT
10
215.0655
20
212.7731
0
VERTEX
8
CUT
10
214.9864
20
212.7214
0
VERTEX
8
CUT
10
214.9532
20
212.6973
0
VERTEX
8
CUT
10
214.9156
20
212.6685
0
VERTEX
8
CUT
10
214.2948
20
212.1678
0
VERTEX
8
CUT
10
214.2614
20
212.1397
0
VERTEX
8
CUT
10
214.2331
20
212.1146
0
VERTEX
8
CUT
10
214.1705
20
212.0538
0
VERTEX
8
CUT
10
214.1446
20
212.0262
0
VERTEX
8
CUT
10
214.1154
20
211.9937
0
VERTEX
8
CUT
10
212.2581
20
209.8257
0
VERTEX
8
CUT
10
212.2234
20
209.7828
0
VERTEX
8
CUT
10
212.1945
20
209.7447
0
VERTEX
8
CUT
10
212.1329
20
209.6531
0
VERTEX
8
CUT
10
212.1085
20
209.6119
0
VERTEX
8
CUT
10
212.0818
20
209.5636
0
VERTEX
8
CUT
10
210.1540
20
205.8220
0
VERTEX
8
CUT
10
210.1379
20
205.7892
0
VERTEX
8
CUT
10
210.1245
20
205.7605
0
VERTEX
8
CUT
10
210.0961
20
205.6932
0
VERTEX
8
CUT
10
210.0850
20
205.6635
0
VERTEX
8
CUT
10
210.0727
20
205.6291
0
VERTEX
8
CUT
10
208.4419
20
200.7386
0
VERTEX
8
CUT
10
208.3664
20
200.5448
0
VERTEX
8
CUT
10
207.5962
20
198.8246
0
VERTEX
8
CUT
10
207.5780
20
198.7812
0
VERTEX
8
CUT
10
207.5632
20
198.7431
0
VERTEX
8
CUT
10
207.5334
20
198.6537
0
SEQEND
0
POLYLINE
8
CUT
66
1
70
1
10
0.0
20
0.0
30
0.0
0
VERTEX
8
CUT
10
208.7862
20
243.0341
0
VERTEX
8
CUT
10
208.7063
20
242.9849
0
VERTEX
8
CUT
10
208.6942
20
242.9765
0
VERTEX
8
CUT
10
208.6196
20
242.9196
0
VERTEX
8
CUT
10
208.6083
20
242.9101
0
VERTEX
8
CUT
10
208.5397
20
242.8462
0
VERTEX
8
CUT
10
208.5294
20
242.8356
0
VERTEX
8
CUT
10
208.4674
20
242.7652
0
VERTEX
8
CUT
10
208.4582
20
242.7536
0
VERTEX
8
CUT
10
208.4035
20
242.6774
0
VERTEX
8
CUT
10
208.3955
20
242.6650
0
VERTEX
8
CUT
10
208.3485
20
242.5838
0
VERTEX
8
CUT
10
208.3418
20
242.5707
0
VERTEX
8
CUT
10
208.3031
20
242.4852
0
VERTEX
8
CUT
10
208.2977
20
242.4715
0
VERTEX
8
CUT
10
208.2676
20
242.3826
0
VERTEX
8
CUT
10
208.2635
20
242.3684
0
VERTEX
8
CUT
10
208.2424
20
242.2770
0
VERTEX
8
CUT
10
208.2398
20
242.2625
0
VERTEX
8
CUT
10
208.2278
20
242.1694
0
VERTEX
8
CUT
10
208.2266
20
242.1547
0
VERTEX
8
CUT
10
208.2238
20
242.0609
0
VERTEX
8
CUT
10
208.2241
20
242.0462
0
VERTEX
8
CUT
10
208.2306
20
241.9526
0
VERTEX
8
CUT
10
208.2323
20
241.9379
0
VERTEX
8
CUT
10
208.2480
20
241.8454
0
VERTEX
8
CUT
10
208.2512
20
241.8310
0
VERTEX
8
CUT
10
208.2759
20
241.7405
0
VERTEX
8
CUT
10
208.2805
20
241.7265
0
VERTEX
8
CUT
10
208.3141
20
241.6389
0
VERTEX
8
CUT
10
208.3200
20
241.6254
0
VERTEX
8
CUT
10
208.3621
20
241.5415
0
VERTEX
8
CUT
10
208.3693
20
241.5287
0
VERTEX
8
CUT
10
208.4194
20
241.4493
0
VERTEX
8
CUT
10
208.4279
20
241.4373
0
VERTEX
8
CUT
10
208.4856
20
241.3633
0
VERTEX
8
CUT
10
208.4952
20
241.3521
0
VERTEX
8
CUT
10
208.5600
20
241.2842
0
VERTEX
8
CUT
10
208.5707
20
241.2740
0
VERTEX
8
CUT
10
208.6418
20
241.2128
0
VERTEX
8
CUT
10
208.6534
20
241.2038
0
VERTEX
8
CUT
10
208.7302
20
241.1499
0
VERTEX
8
CUT
10
208.7427
20
241.1420
0
VERTEX
8
CUT
10
208.8244
20
241.0959
0
VERTEX
8
CUT
10
208.8376
20
241.0893
0
VERTEX
8
CUT
10
208.9235
20
241.0516
0
VERTEX
8
CUT
10
208.9373
20
241.0463
0
VERTEX
8
CUT
10
209.0265
20
241.0172
0
VERTEX
8
CUT
10
209.0407
20
241.0133
0
VERTEX
8
CUT
10
209.1295
20
240.9938
0
VERTEX
8
CUT
10
209.1451
20
240.9903
0
VERTEX
8
CUT
10
209.1594
20
240.9871
0
VERTEX
8
CUT
10
209.2500
20
240.9643
0
VERTEX
8
CUT
10
209.7246
20
240.8337
0
VERTEX
8
CUT
10
209.9137
20
240.7719
0
VERTEX
8
CUT
10
210.0961
20
240.6924
0
VERTEX
8
CUT
10
210.2702
20
240.5961
0
VERTEX
8
CUT
10
211.1616
20
240.0460
0
VERTEX
8
CUT
10
211.3335
20
239.9277
0
VERTEX
8
CUT
10
211.4929
20
239.7930
0
VERTEX
8
CUT
10
211.6380
20
239.6431
0
VERTEX
8
CUT
10
212.2868
20
238.9030
0
VERTEX
8
CUT
10
212.4440
20
238.6998
0
VERTEX
8
CUT
10
212.5752
20
238.4791
0
VERTEX
8
CUT
10
212.9242
20
237.8003
0
VERTEX
8
CUT
10
213.0234
20
237.5763
0
VERTEX
8
CUT
10
213.0957
20
237.3424
0
VERTEX
8
CUT
10
213.1284
20
237.2097
0
VERTEX
8
CUT
10
213.1408
20
237.1644
0
VERTEX
8
CUT
10
213.1525
20
237.1253
0
VERTEX
8
CUT
10
213.1839
20
237.0367
0
VERTEX
8
CUT
10
213.1895
20
237.0230
0
VERTEX
8
CUT
10
213.2295
20
236.9379
0
VERTEX
8
CUT
10
213.2365
20
236.9249
0
VERTEX
8
CUT
10
213.2847
20
236.8442
0
VERTEX
8
CUT
10
213.2929
20
236.8319
0
VERTEX
8
CUT
10
213.3489
20
236.7563
0
VERTEX
8
CUT
10
213.3583
20
236.7449
0
VERTEX
8
CUT
10
213.4215
20
236.6753
0
VERTEX
8
CUT
10
213.4319
20
236.6649
0
VERTEX
8
CUT
10
213.5017
20
236.6018
0
VERTEX
8
CUT
10
213.5132
20
236.5925
0
VERTEX
8
CUT
10
213.5888
20
236.5366
0
VERTEX
8
CUT
10
213.6011
20
236.5285
0
VERTEX
8
CUT
10
213.6819
20
236.4804
0
VERTEX
8
CUT
10
213.6950
20
236.4735
0
VERTEX
8
CUT
10
213.7801
20
236.4336
0
VERTEX
8
CUT
10
213.7938
20
236.4280
0
VERTEX
8
CUT
10
213.8825
20
236.3968
0
VERTEX
8
CUT
10
213.8967
20
236.3926
0
VERTEX
8
CUT
10
213.9880
20
236.3703
0
VERTEX
8
CUT
10
214.0025
20
236.3675
0
VERTEX
8
CUT
10
214.0956
20
236.3544
0
VERTEX
8
CUT
10
214.1103
20
236.3530
0
VERTEX
8
CUT
10
214.2043
20
236.3491
0
VERTEX
8
CUT
10
214.2191
20
236.3492
0
VERTEX
8
CUT
10
214.3129
20
236.3547
0
VERTEX
8
CUT
10
214.3276
20
236.3563
0
VERTEX
8
CUT
10
214.4205
20
236.3709
0
VERTEX
8
CUT
10
214.4349
20
236.3740
0
VERTEX
8
CUT
10
214.5259
20
236.3978
0
VERTEX
8
CUT
10
214.5400
20
236.4022
0
VERTEX
8
CUT
10
214.6282
20
236.4349
0
VERTEX
8
CUT
10
214.6418
20
236.4407
0
VERTEX
8
CUT
10
214.7262
20
236.4819
0
VERTEX
8
CUT
10
214.7392
20
236.4891
0
VERTEX
8
CUT
10
214.8192
20
236.5384
0
VERTEX
8
CUT
10
214.8314
20
236.5468
0
VERTEX
8
CUT
10
214.9061
20
236.6039
0
VERTEX
8
CUT
10
214.9174
20
236.6134
0
VERTEX
8
CUT
10
214.9861
20
236.6776
0
VERTEX
8
CUT
10
214.9964
20
236.6882
0
VERTEX
8
CUT
10
215.0584
20
236.7588
0
VERTEX
8
CUT
10
215.0676
20
236.7704
0
VERTEX
8
CUT
10
215.1224
20
236.8469
0
VERTEX
8
CUT
10
215.1304
20
236.8593
0
VERTEX
8
CUT
10
215.1773
20
236.9408
0
VERTEX
8
CUT
10
215.1840
20
236.9539
0
VERTEX
8
CUT
10
215.2226
20
237.0396
0
VERTEX
8
CUT
10
215.2280
20
237.0534
0
VERTEX
8
CUT
10
215.2580
20
237.1425
0
VERTEX
8
CUT
10
215.2620
20
237.1567
0
VERTEX
8
CUT
10
215.2830
20
237.2484
0
VERTEX
8
CUT
10
215.2901
20
237.2886
0
VERTEX
8
CUT
10
215.2972
20
237.3351
0
VERTEX
8
CUT
10
215.3692
20
237.9030
0
VERTEX
8
CUT
10
215.3735
20
237.9433
0
VERTEX
8
CUT
10
215.3764
20
237.9784
0
VERTEX
8
CUT
10
215.3797
20
238.0593
0
VERTEX
8
CUT
10
215.3796
20
238.0944
0
VERTEX
8
CUT
10
215.3787
20
238.1349
0
VERTEX
8
CUT
10
215.3131
20
239.6102
0
VERTEX
8
CUT
10
215.3103
20
239.6523
0
VERTEX
8
CUT
10
215.3070
20
239.6887
0
VERTEX
8
CUT
10
215.2958
20
239.7721
0
VERTEX
8
CUT
10
215.2935
20
239.7852
0
VERTEX
8
CUT
10
215.2750
20
239.8673
0
VERTEX
8
CUT
10
215.2715
20
239.8801
0
VERTEX
8
CUT
10
215.2458
20
239.9602
0
VERTEX
8
CUT
10
215.2331
20
239.9945
0
VERTEX
8
CUT
10
215.2175
20
240.0337
0
VERTEX
8
CUT
10
214.8023
20
241.0180
0
VERTEX
8
CUT
10
214.7812
20
241.0644
0
VERTEX
8
CUT
10
214.7618
20
241.1042
0
VERTEX
8
CUT
10
214.7123
20
241.1934
0
VERTEX
8
CUT
10
214.7037
20
241.2070
0
VERTEX
8
CUT
10
214.6449
20
241.2904
0
VERTEX
8
CUT
10
214.6350
20
241.3030
0
VERTEX
8
CUT
10
214.5676
20
241.3795
0
VERTEX
8
CUT
10
214.5366
20
241.4111
0
VERTEX
8
CUT
10
214.4999
20
241.4466
0
VERTEX
8
CUT
10
213.1223
20
242.7082
0
VERTEX
8
CUT
10
213.0729
20
242.7504
0
VERTEX
8
CUT
10
213.0008
20
242.8079
0
VERTEX
8
CUT
10
212.9486
20
242.8467
0
VERTEX
8
CUT
10
212.2920
20
243.3004
0
VERTEX
8
CUT
10
212.2483
20
243.3289
0
VERTEX
8
CUT
10
212.2097
20
243.3525
0
VERTEX
8
CUT
10
212.1180
20
243.4019
0
VERTEX
8
CUT
10
212.1032
20
243.4089
0
VERTEX
8
CUT
10
212.0067
20
243.4480
0
VERTEX
8
CUT
10
211.9639
20
243.4627
0
VERTEX
8
CUT
10
211.9141
20
243.4782
0
VERTEX
8
CUT
10
211.8784
20
243.4883
0
VERTEX
8
CUT
10
211.8305
20
243.5005
0
VERTEX
8
CUT
10
211.7888
20
243.5100
0
VERTEX
8
CUT
10
211.6915
20
243.5268
0
VERTEX
8
CUT
10
211.6761
20
243.5286
0
VERTEX
8
CUT
10
211.5777
20
243.5353
0
VERTEX
8
CUT
10
211.5622
20
243.5355
0
VERTEX
8
CUT
10
211.4635
20
243.5319
0
VERTEX
8
CUT
10
211.4209
20
243.5281
0
VERTEX
8
CUT
10
211.3718
20
243.5224
0
VERTEX
8
CUT
10
209.3958
20
243.2424
0
VERTEX
8
CUT
10
209.3457
20
243.2339
0
VERTEX
8
CUT
10
209.3024
20
243.2254
0
VERTEX
8
CUT
10
209.2040
20
243.2005
0
VERTEX
8
CUT
10
209.1620
20
243.1874
0
VERTEX
8
CUT
10
209.1139
20
243.1711
0
VERTEX
8
CUT
10
208.9645
20
243.1157
0
VERTEX
8
CUT
10
208.9209
20
243.0983
0
VERTEX
8
CUT
10
208.8835
20
243.0823
0
VERTEX
8
CUT
10
208.7991
20
243.0412
0
SEQEND
0
POLYLINE
8
CUT
66
1
70
1
10
0.0
20
0.0
30
0.0
0
VERTEX
8
CUT
10
208.6041
20
43.5539
0
VERTEX
8
CUT
10
208.4108
20
43.6631
0
VERTEX
8
CUT
10
208.0824
20
43.8721
0
VERTEX
8
CUT
10
207.8601
20
44.0351
0
VERTEX
8
CUT
10
207.8086
20
44.0784
0
VERTEX
8
CUT
10
207.7970
20
44.0872
0
VERTEX
8
CUT
10
207.7203
20
44.1397
0
VERTEX
8
CUT
10
207.7078
20
44.1474
0
VERTEX
8
CUT
10
207.6264
20
44.1921
0
VERTEX
8
CUT
10
207.6133
20
44.1985
0
VERTEX
8
CUT
10
207.5279
20
44.2351
0
VERTEX
8
CUT
10
207.5142
20
44.2402
0
VERTEX
8
CUT
10
207.4256
20
44.2682
0
VERTEX
8
CUT
10
207.4114
20
44.2720
0
VERTEX
8
CUT
10
207.3206
20
44.2912
0
VERTEX
8
CUT
10
207.3061
20
44.2935
0
VERTEX
8
CUT
10
207.2138
20
44.3038
0
VERTEX
8
CUT
10
207.1992
20
44.3047
0
VERTEX
8
CUT
10
207.1063
20
44.3059
0
VERTEX
8
CUT
10
207.0917
20
44.3054
0
VERTEX
8
CUT
10
206.9991
20
44.2975
0
VERTEX
8
CUT
10
206.9846
20
44.2956
0
VERTEX
8
CUT
10
206.8932
20
44.2787
0
VERTEX
8
CUT
10
206.8790
20
44.2753
0
VERTEX
8
CUT
10
206.7897
20
44.2496
0
VERTEX
8
CUT
10
206.7759
20
44.2448
0
VERTEX
8
CUT
10
206.6896
20
44.2105
0
VERTEX
8
CUT
10
206.6763
20
44.2044
0
VERTEX
8
CUT
10
206.5937
20
44.1618
0
VERTEX
8
CUT
10
206.5811
20
44.1545
0
VERTEX
8
CUT
10
206.5031
20
44.1040
0
VERTEX
8
CUT
10
206.4912
20
44.0954
0
VERTEX
8
CUT
10
206.4185
20
44.0376
0
VERTEX
8
CUT
10
206.4075
20
44.0279
0
VERTEX
8
CUT
10
206.3409
20
43.9632
0
VERTEX
8
CUT
10
206.3309
20
43.9525
0
VERTEX
8
CUT
10
206.2708
20
43.8816
0
VERTEX
8
CUT
10
206.2619
20
43.8700
0
VERTEX
8
CUT
10
206.2091
20
43.7936
0
VERTEX
8
CUT
10
206.2014
20
43.7812
0
VERTEX
8
CUT
10
206.1563
20
43.6999
0
VERTEX
8
CUT
10
206.1499
20
43.6868
0
VERTEX
8
CUT
10
206.1129
20
43.6015
0
VERTEX
8
CUT
10
206.1078
20
43.5879
0
VERTEX
8
CUT
10
206.0793
20
43.4994
0
VERTEX
8
CUT
10
206.0756
20
43.4853
0
VERTEX
8
CUT
10
206.0559
20
43.3945
0
VERTEX
8
CUT
10
206.0535
20
43.3801
0
VERTEX
8
CUT
10
206.0428
20
43.2878
0
VERTEX
8
CUT
10
206.0419
20
43.2732
0
VERTEX
8
CUT
10
206.0403
20
43.1803
0
VERTEX
8
CUT
10
206.0407
20
43.1657
0
VERTEX
8
CUT
10
206.0482
20
43.0730
0
VERTEX
8
CUT
10
206.0534
20
43.0331
0
VERTEX
8
CUT
10
206.0606
20
42.9871
0
VERTEX
8
CUT
10
206.4614
20
40.7667
0
VERTEX
8
CUT
10
206.4711
20
40.7199
0
VERTEX
8
CUT
10
206.4805
20
40.6796
0
VERTEX
8
CUT
10
206.5068
20
40.5879
0
VERTEX
8
CUT
10
206.5116
20
40.5737
0
VERTEX
8
CUT
10
206.5470
20
40.4850
0
VERTEX
8
CUT
10
206.5532
20
40.4714
0
VERTEX
8
CUT
10
206.5973
20
40.3868
0
VERTEX
8
CUT
10
206.6049
20
40.3738
0
VERTEX
8
CUT
10
206.6573
20
40.2940
0
VERTEX
8
CUT
10
206.6661
20
40.2819
0
VERTEX
8
CUT
10
206.7262
20
40.2078
0
VERTEX
8
CUT
10
206.7363
20
40.1966
0
VERTEX
8
CUT
10
206.8035
20
40.1289
0
VERTEX
8
CUT
10
206.8146
20
40.1188
0
VERTEX
8
CUT
10
206.8883
20
40.0582
0
VERTEX
8
CUT
10
206.9004
20
40.0493
0
VERTEX
8
CUT
10
206.9798
20
39.9964
0
VERTEX
8
CUT
10
206.9927
20
39.9887
0
VERTEX
8
CUT
10
207.0770
20
39.9440
0
VERTEX
8
CUT
10
207.0906
20
39.9377
0
VERTEX
8
CUT
10
207.1790
20
39.9017
0
VERTEX
8
CUT
10
207.1931
20
39.8967
0
VERTEX
8
CUT
10
207.2847
20
39.8698
0
VERTEX
8
CUT
10
207.2993
20
39.8663
0
VERTEX
8
CUT
10
207.3931
20
39.8487
0
VERTEX
8
CUT
10
207.4079
20
39.8467
0
VERTEX
8
CUT
10
207.5030
20
39.8386
0
VERTEX
8
CUT
10
207.5180
20
39.8380
0
VERTEX
8
CUT
10
207.6134
20
39.8395
0
VERTEX
8
CUT
10
207.6284
20
39.8405
0
VERTEX
8
CUT
10
207.7232
20
39.8516
0
VERTEX
8
CUT
10
207.7380
20
39.8541
0
VERTEX
8
CUT
10
207.8312
20
39.8746
0
VERTEX
8
CUT
10
207.8457
20
39.8785
0
VERTEX
8
CUT
10
207.9363
20
39.9083
0
VERTEX
8
CUT
10
207.9750
20
39.9232
0
VERTEX
8
CUT
10
208.0191
20
39.9415
0
VERTEX
8
CUT
10
208.4967
20
40.1535
0
VERTEX
8
CUT
10
208.5296
20
40.1689
0
VERTEX
8
CUT
10
208.5579
20
40.1828
0
VERTEX
8
CUT
10
208.6218
20
40.2172
0
VERTEX
8
CUT
10
208.6490
20
40.2332
0
VERTEX
8
CUT
10
208.6799
20
40.2523
0
VERTEX
8
CUT
10
210.2897
20
41.2859
0
VERTEX
8
CUT
10
210.3280
20
41.3119
0
VERTEX
8
CUT
10
210.3607
20
41.3352
0
VERTEX
8
CUT
10
210.4332
20
41.3924
0
VERTEX
8
CUT
10
210.4442
20
41.4020
0
VERTEX
8
CUT
10
210.5108
20
41.4660
0
VERTEX
8
CUT
10
210.5208
20
41.4766
0
VERTEX
8
CUT
10
210.5809
20
41.5468
0
VERTEX
8
CUT
10
210.5898
20
41.5583
0
VERTEX
8
CUT
10
210.6428
20
41.6341
0
VERTEX
8
CUT
10
210.6506
20
41.6464
0
VERTEX
8
CUT
10
210.6959
20
41.7269
0
VERTEX
8
CUT
10
210.7024
20
41.7399
0
VERTEX
8
CUT
10
210.7398
20
41.8245
0
VERTEX
8
CUT
10
210.7450
20
41.8381
0
VERTEX
8
CUT
10
210.7739
20
41.9259
0
VERTEX
8
CUT
10
210.7778
20
41.9399
0
VERTEX
8
CUT
10
210.7980
20
42.0301
0
VERTEX
8
CUT
10
210.8005
20
42.0444
0
VERTEX
8
CUT
10
210.8119
20
42.1362
0
VERTEX
8
CUT
10
210.8130
20
42.1507
0
VERTEX
8
CUT
10
210.8154
20
42.2431
0
VERTEX
8
CUT
10
210.8150
20
42.2576
0
VERTEX
8
CUT
10
210.8084
20
42.3498
0
VERTEX
8
CUT
10
210.8067
20
42.3643
0
VERTEX
8
CUT
10
210.7911
20
42.4554
0
VERTEX
8
CUT
10
210.7880
20
42.4696
0
VERTEX
8
CUT
10
210.7637
20
42.5588
0
VERTEX
8
CUT
10
210.7592
20
42.5726
0
VERTEX
8
CUT
10
210.7263
20
42.6590
0
VERTEX
8
CUT
10
210.7205
20
42.6723
0
VERTEX
8
CUT
10
210.6793
20
42.7551
0
VERTEX
8
CUT
10
210.6722
20
42.7678
0
VERTEX
8
CUT
10
210.6233
20
42.8462
0
VERTEX
8
CUT
10
210.6150
20
42.8581
0
VERTEX
8
CUT
10
210.5586
20
42.9314
0
VERTEX
8
CUT
10
210.5492
20
42.9425
0
VERTEX
8
CUT
10
210.4859
20
43.0099
0
VERTEX
8
CUT
10
210.4755
20
43.0200
0
VERTEX
8
CUT
10
210.4060
20
43.0810
0
VERTEX
8
CUT
10
210.3946
20
43.0900
0
VERTEX
8
CUT
10
210.3195
20
43.1439
0
VERTEX
8
CUT
10
210.3073
20
43.1518
0
VERTEX
8
CUT
10
210.2273
20
43.1982
0
VERTEX
8
CUT
10
210.2144
20
43.2048
0
VERTEX
8
CUT
10
210.1303
20
43.2432
0
VERTEX
8
CUT
10
210.1168
20
43.2486
0
VERTEX
8
CUT
10
210.0294
20
43.2786
0
VERTEX
8
CUT
10
210.0154
20
43.2826
0
VERTEX
8
CUT
10
209.9255
20
43.3040
0
VERTEX
8
CUT
10
209.9112
20
43.3066
0
VERTEX
8
CUT
10
209.8196
20
43.3191
0
VERTEX
8
CUT
10
209.7796
20
43.3226
0
VERTEX
8
CUT
10
209.7334
20
43.3255
0
VERTEX
8
CUT
10
209.4583
20
43.3361
0
VERTEX
8
CUT
10
209.2373
20
43.3563
0
VERTEX
8
CUT
10
209.0196
20
43.3997
0
VERTEX
8
CUT
10
208.8078
20
43.4658
0
SEQEND
0
POLYLINE
8
CUT
66
1
70
1
10
0.0
20
0.0
30
0.0
0
VERTEX
8
CUT
10
201.5821
20
269.7385
0
VERTEX
8
CUT
10
201.6600
20
269.7977
0
VERTEX
8
CUT
10
201.6925
20
269.8252
0
VERTEX
8
CUT
10
201.7291
20
269.8577
0
VERTEX
8
CUT
10
201.8844
20
270.0033
0
VERTEX
8
CUT
10
202.0006
20
270.0737
0
VERTEX
8
CUT
10
202.0410
20
270.0995
0
VERTEX
8
CUT
10
202.0754
20
270.1228
0
VERTEX
8
CUT
10
202.1519
20
270.1805
0
VERTEX
8
CUT
10
202.1635
20
270.1901
0
VERTEX
8
CUT
10
202.2338
20
270.2552
0
VERTEX
8
CUT
10
202.2629
20
270.2849
0
VERTEX
8
CUT
10
202.2955
20
270.3200
0
VERTEX
8
CUT
10
202.6160
20
270.6829
0
VERTEX
8
CUT
10
202.8175
20
270.8430
0
VERTEX
8
CUT
10
202.8574
20
270.8765
0
VERTEX
8
CUT
10
202.8912
20
270.9065
0
VERTEX
8
CUT
10
202.9651
20
270.9798
0
VERTEX
8
CUT
10
202.9760
20
270.9919
0
VERTEX
8
CUT
10
203.0415
20
271.0728
0
VERTEX
8
CUT
10
203.0511
20
271.0861
0
VERTEX
8
CUT
10
203.0702
20
271.1159
0
VERTEX
8
CUT
10
203.0839
20
271.1295
0
VERTEX
8
CUT
10
203.1154
20
271.1624
0
VERTEX
8
CUT
10
203.1836
20
271.2423
0
VERTEX
8
CUT
10
203.1936
20
271.2554
0
VERTEX
8
CUT
10
203.2526
20
271.3423
0
VERTEX
8
CUT
10
203.2761
20
271.3813
0
VERTEX
8
CUT
10
203.3019
20
271.4271
0
VERTEX
8
CUT
10
203.3446
20
271.5080
0
VERTEX
8
CUT
10
203.4188
20
271.5921
0
VERTEX
8
CUT
10
203.4532
20
271.6332
0
VERTEX
8
CUT
10
203.4819
20
271.6698
0
VERTEX
8
CUT
10
203.5433
20
271.7575
0
VERTEX
8
CUT
10
203.5521
20
271.7718
0
VERTEX
8
CUT
10
203.6033
20
271.8659
0
VERTEX
8
CUT
10
203.6231
20
271.9079
0
VERTEX
8
CUT
10
203.6446
20
271.9570
0
VERTEX
8
CUT
10
203.8521
20
272.4694
0
VERTEX
8
CUT
10
204.0494
20
272.8431
0
VERTEX
8
CUT
10
204.0696
20
272.8837
0
VERTEX
8
CUT
10
204.0863
20
272.9193
0
VERTEX
8
CUT
10
204.1207
20
273.0030
0
VERTEX
8
CUT
10
204.1255
20
273.0164
0
VERTEX
8
CUT
10
204.1518
20
273.1031
0
VERTEX
8
CUT
10
204.1553
20
273.1169
0
VERTEX
8
CUT
10
204.1732
20
273.2057
0
VERTEX
8
CUT
10
204.1792
20
273.2446
0
VERTEX
8
CUT
10
204.1850
20
273.2895
0
VERTEX
8
CUT
10
204.1999
20
273.4325
0
VERTEX
8
CUT
10
204.2018
20
273.4441
0
VERTEX
8
CUT
10
204.2067
20
273.4896
0
VERTEX
8
CUT
10
204.2093
20
273.5222
0
VERTEX
8
CUT
10
204.3186
20
274.5698
0
VERTEX
8
CUT
10
204.3223
20
274.6170
0
VERTEX
8
CUT
10
204.3246
20
274.6580
0
VERTEX
8
CUT
10
204.3250
20
274.7525
0
VERTEX
8
CUT
10
204.3243
20
274.7674
0
VERTEX
8
CUT
10
204.3153
20
274.8615
0
VERTEX
8
CUT
10
204.3094
20
274.9021
0
VERTEX
8
CUT
10
204.3014
20
274.9488
0
VERTEX
8
CUT
10
204.0696
20
276.1225
0
VERTEX
8
CUT
10
204.0602
20
276.1653
0
VERTEX
8
CUT
10
204.0511
20
276.2021
0
VERTEX
8
CUT
10
204.0263
20
276.2860
0
VERTEX
8
CUT
10
204.0218
20
276.2991
0
VERTEX
8
CUT
10
203.9895
20
276.3803
0
VERTEX
8
CUT
10
203.9738
20
276.4149
0
VERTEX
8
CUT
10
203.9548
20
276.4544
0
VERTEX
8
CUT
10
203.6636
20
277.0255
0
VERTEX
8
CUT
10
203.6354
20
277.1005
0
VERTEX
8
CUT
10
203.6302
20
277.1127
0
VERTEX
8
CUT
10
203.5936
20
277.1886
0
VERTEX
8
CUT
10
203.5873
20
277.2003
0
VERTEX
8
CUT
10
203.5441
20
277.2727
0
VERTEX
8
CUT
10
203.5240
20
277.3033
0
VERTEX
8
CUT
10
203.5167
20
277.3138
0
VERTEX
8
CUT
10
203.4100
20
277.5232
0
VERTEX
8
CUT
10
203.3895
20
277.5612
0
VERTEX
8
CUT
10
203.3710
20
277.5937
0
VERTEX
8
CUT
10
203.3250
20
277.6667
0
VERTEX
8
CUT
10
203.3172
20
277.6779
0
VERTEX
8
CUT
10
203.2648
20
277.7464
0
VERTEX
8
CUT
10
203.2407
20
277.7751
0
VERTEX
8
CUT
10
203.2122
20
277.8075
0
VERTEX
8
CUT
10
203.0945
20
277.9353
0
VERTEX
8
CUT
10
203.0912
20
277.9401
0
VERTEX
8
CUT
10
203.0823
20
277.9517
0
VERTEX
8
CUT
10
203.0222
20
278.0228
0
VERTEX
8
CUT
10
202.9946
20
278.0524
0
VERTEX
8
CUT
10
202.9620
20
278.0857
0
VERTEX
8
CUT
10
202.9504
20
278.0970
0
VERTEX
8
CUT
10
202.8318
20
278.2607
0
VERTEX
8
CUT
10
202.8077
20
278.2925
0
VERTEX
8
CUT
10
202.7863
20
278.3197
0
VERTEX
8
CUT
10
202.7342
20
278.3801
0
VERTEX
8
CUT
10
202.7257
20
278.3893
0
VERTEX
8
CUT
10
202.6687
20
278.4451
0
VERTEX
8
CUT
10
202.6430
20
278.4683
0
VERTEX
8
CUT
10
202.6129
20
278.4944
0
VERTEX
8
CUT
10
202.4728
20
278.6105
0
VERTEX
8
CUT
10
202.3889
20
278.7016
0
VERTEX
8
CUT
10
202.3609
20
278.7307
0
VERTEX
8
CUT
10
202.3361
20
278.7555
0
VERTEX
8
CUT
10
202.2767
20
278.8099
0
VERTEX
8
CUT
10
202.2670
20
278.8181
0
VERTEX
8
CUT
10
202.2031
20
278.8673
0
VERTEX
8
CUT
10
202.1745
20
278.8875
0
VERTEX
8
CUT
10
202.1410
20
278.9101
0
VERTEX
8
CUT
10
202.0595
20
278.9626
0
VERTEX
8
CUT
10
202.0035
20
279.0169
0
VERTEX
8
CUT
10
201.9677
20
279.0499
0
VERTEX
8
CUT
10
201.9359
20
279.0778
0
VERTEX
8
CUT
10
201.8595
20
279.1381
0
VERTEX
8
CUT
10
201.8471
20
279.1470
0
VERTEX
8
CUT
10
201.7649
20
279.1992
0
VERTEX
8
CUT
10
201.7281
20
279.2199
0
VERTEX
8
CUT
10
201.6851
20
279.2428
0
VERTEX
8
CUT
10
201.4115
20
279.3795
0
VERTEX
8
CUT
10
201.1460
20
279.5503
0
VERTEX
8
CUT
10
201.1104
20
279.5721
0
VERTEX
8
CUT
10
201.0791
20
279.5903
0
VERTEX
8
CUT
10
201.0053
20
279.6291
0
VERTEX
8
CUT
10
200.9935
20
279.6347
0
VERTEX
8
CUT
10
200.9165
20
279.6669
0
VERTEX
8
CUT
10
200.8826
20
279.6794
0
VERTEX
8
CUT
10
200.8431
20
279.6929
0
VERTEX
8
CUT
10
200.6800
20
279.7448
0
VERTEX
8
CUT
10
200.4833
20
279.8431
0
VERTEX
8
CUT
10
200.4436
20
279.8618
0
VERTEX
8
CUT
10
200.4088
20
279.8772
0
VERTEX
8
CUT
10
200.3270
20
279.9090
0
VERTEX
8
CUT
10
200.3139
20
279.9134
0
VERTEX
8
CUT
10
200.2295
20
279.9375
0
VERTEX
8
CUT
10
200.2161
20
279.9407
0
VERTEX
8
CUT
10
200.1299
20
279.9569
0
VERTEX
8
CUT
10
200.0922
20
279.9622
0
VERTEX
8
CUT
10
200.0486
20
279.9673
0
VERTEX
8
CUT
10
199.9532
20
279.9762
0
VERTEX
8
CUT
10
199.6358
20
280.0773
0
VERTEX
8
CUT
10
199.5883
20
280.0910
0
VERTEX
8
CUT
10
199.5469
20
280.1019
0
VERTEX
8
CUT
10
199.4503
20
280.1219
0
VERTEX
8
CUT
10
199.4349
20
280.1243
0
VERTEX
8
CUT
10
199.3367
20
280.1341
0
VERTEX
8
CUT
10
199.2940
20
280.1362
0
VERTEX
8
CUT
10
199.2446
20
280.1373
0
VERTEX
8
CUT
10
198.2733
20
280.1336
0
VERTEX
8
CUT
10
198.2053
20
280.1400
0
VERTEX
8
CUT
10
198.1579
20
280.1432
0
VERTEX
8
CUT
10
198.1167
20
280.1450
0
VERTEX
8
CUT
10
198.0216
20
280.1444
0
VERTEX
8
CUT
10
198.0067
20
280.1435
0
VERTEX
8
CUT
10
197.9122
20
280.1334
0
VERTEX
8
CUT
10
197.8975
20
280.1311
0
VERTEX
8
CUT
10
197.8045
20
280.1115
0
VERTEX
8
CUT
10
197.7900
20
280.1077
0
VERTEX
8
CUT
10
197.6995
20
280.0790
0
VERTEX
8
CUT
10
197.6646
20
280.0660
0
VERTEX
8
CUT
10
196.4309
20
279.6765
0
VERTEX
8
CUT
10
196.3860
20
279.6611
0
VERTEX
8
CUT
10
196.3473
20
279.6467
0
VERTEX
8
CUT
10
196.2600
20
279.6092
0
VERTEX
8
CUT
10
196.2230
20
279.5910
0
VERTEX
8
CUT
10
196.1808
20
279.5690
0
VERTEX
8
CUT
10
195.6233
20
279.2600
0
VERTEX
8
CUT
10
195.5884
20
279.2397
0
VERTEX
8
CUT
10
195.5585
20
279.2214
0
VERTEX
8
CUT
10
195.4915
20
279.1765
0
VERTEX
8
CUT
10
195.4813
20
279.1689
0
VERTEX
8
CUT
10
195.4184
20
279.1184
0
VERTEX
8
CUT
10
195.3920
20
279.0954
0
VERTEX
8
CUT
10
195.3622
20
279.0682
0
VERTEX
8
CUT
10
194.0345
20
277.8034
0
VERTEX
8
CUT
10
194.0008
20
277.7697
0
VERTEX
8
CUT
10
193.9723
20
277.7397
0
VERTEX
8
CUT
10
193.9103
20
277.6674
0
VERTEX
8
CUT
10
193.9011
20
277.6556
0
VERTEX
8
CUT
10
193.8466
20
277.5774
0
VERTEX
8
CUT
10
193.8387
20
277.5647
0
VERTEX
8
CUT
10
193.7923
20
277.4815
0
VERTEX
8
CUT
10
193.7856
20
277.4680
0
VERTEX
8
CUT
10
193.7478
20
277.3806
0
VERTEX
8
CUT
10
193.7333
20
277.3418
0
VERTEX
8
CUT
10
193.7178
20
277.2968
0
VERTEX
8
CUT
10
193.6513
20
277.0876
0
VERTEX
8
CUT
10
193.6255
20
277.0221
0
VERTEX
8
CUT
10
193.6133
20
276.9865
0
VERTEX
8
CUT
10
193.6003
20
276.9453
0
VERTEX
8
CUT
10
193.5341
20
276.7187
0
VERTEX
8
CUT
10
193.3688
20
276.1985
0
VERTEX
8
CUT
10
193.3259
20
276.0967
0
VERTEX
8
CUT
10
193.3097
20
276.0556
0
VERTEX
8
CUT
10
193.2965
20
276.0196
0
VERTEX
8
CUT
10
193.2699
20
275.9354
0
VERTEX
8
CUT
10
193.2663
20
275.9219
0
VERTEX
8
CUT
10
193.2477
20
275.8356
0
VERTEX
8
CUT
10
193.2413
20
275.7978
0
VERTEX
8
CUT
10
193.2412
20
275.7970
0
VERTEX
8
CUT
10
193.1823
20
275.6116
0
VERTEX
8
CUT
10
193.1681
20
275.5623
0
VERTEX
8
CUT
10
193.1569
20
275.5193
0
VERTEX
8
CUT
10
193.1366
20
275.4189
0
VERTEX
8
CUT
10
193.1343
20
275.4030
0
VERTEX
8
CUT
10
193.1249
20
275.3010
0
VERTEX
8
CUT
10
193.1232
20
275.2566
0
VERTEX
8
CUT
10
193.1227
20
275.2053
0
VERTEX
8
CUT
10
193.1282
20
274.8648
0
VERTEX
8
CUT
10
193.1075
20
274.6927
0
VERTEX
8
CUT
10
193.1033
20
274.6498
0
VERTEX
8
CUT
10
193.1005
20
274.6125
0
VERTEX
8
CUT
10
193.0981
20
274.5264
0
VERTEX
8
CUT
10
193.0987
20
274.4890
0
VERTEX
8
CUT
10
193.1004
20
274.4459
0
VERTEX
8
CUT
10
193.1471
20
273.6923
0
VERTEX
8
CUT
10
193.1506
20
273.4758
0
VERTEX
8
CUT
10
193.1522
20
273.4339
0
VERTEX
8
CUT
10
193.1544
20
273.3977
0
VERTEX
8
CUT
10
193.1631
20
273.3144
0
VERTEX
8
CUT
10
193.1651
20
273.3014
0
VERTEX
8
CUT
10
193.1811
20
273.2192
0
VERTEX
8
CUT
10
193.1896
20
273.1839
0
VERTEX
8
CUT
10
193.2004
20
273.1434
0
VERTEX
8
CUT
10
193.2282
20
273.0469
0
VERTEX
8
CUT
10
193.2834
20
272.8250
0
VERTEX
8
CUT
10
193.2952
20
272.7819
0
VERTEX
8
CUT
10
193.3064
20
272.7447
0
VERTEX
8
CUT
10
193.3360
20
272.6603
0
VERTEX
8
CUT
10
193.3413
20
272.6473
0
VERTEX
8
CUT
10
193.3469
20
272.6353
0
VERTEX
8
CUT
10
193.3741
20
272.5410
0
VERTEX
8
CUT
10
193.3861
20
272.5025
0
VERTEX
8
CUT
10
193.3972
20
272.4693
0
VERTEX
8
CUT
10
193.4260
20
272.3940
0
VERTEX
8
CUT
10
193.4311
20
272.3823
0
VERTEX
8
CUT
10
193.4662
20
272.3097
0
VERTEX
8
CUT
10
193.4828
20
272.2789
0
VERTEX
8
CUT
10
193.5026
20
272.2437
0
VERTEX
8
CUT
10
193.8357
20
271.6826
0
VERTEX
8
CUT
10
193.8619
20
271.6409
0
VERTEX
8
CUT
10
193.8856
20
271.6054
0
VERTEX
8
CUT
10
193.9443
20
271.5264
0
VERTEX
8
CUT
10
193.9542
20
271.5145
0
VERTEX
8
CUT
10
194.0207
20
271.4420
0
VERTEX
8
CUT
10
194.0512
20
271.4121
0
VERTEX
8
CUT
10
194.0555
20
271.4082
0
VERTEX
8
CUT
10
194.0958
20
271.3525
0
VERTEX
8
CUT
10
194.1052
20
271.3408
0
VERTEX
8
CUT
10
194.1684
20
271.2697
0
VERTEX
8
CUT
10
194.1973
20
271.2403
0
VERTEX
8
CUT
10
194.2316
20
271.2072
0
VERTEX
8
CUT
10
194.6198
20
270.8503
0
VERTEX
8
CUT
10
194.6938
20
270.7514
0
VERTEX
8
CUT
10
194.7228
20
270.7147
0
VERTEX
8
CUT
10
194.7487
20
270.6834
0
VERTEX
8
CUT
10
194.8118
20
270.6145
0
VERTEX
8
CUT
10
194.8222
20
270.6041
0
VERTEX
8
CUT
10
194.8918
20
270.5417
0
VERTEX
8
CUT
10
194.9233
20
270.5162
0
VERTEX
8
CUT
10
194.9604
20
270.4876
0
VERTEX
8
CUT
10
195.2257
20
270.2931
0
VERTEX
8
CUT
10
195.3215
20
270.2051
0
VERTEX
8
CUT
10
195.3584
20
270.1729
0
VERTEX
8
CUT
10
195.3910
20
270.1458
0
VERTEX
8
CUT
10
195.4695
20
270.0873
0
VERTEX
8
CUT
10
195.4823
20
270.0788
0
VERTEX
8
CUT
10
195.5664
20
270.0287
0
VERTEX
8
CUT
10
195.6039
20
270.0089
0
VERTEX
8
CUT
10
195.6336
20
269.9942
0
VERTEX
8
CUT
10
195.7452
20
269.9124
0
VERTEX
8
CUT
10
195.8659
20
269.8057
0
VERTEX
8
CUT
10
195.9018
20
269.7754
0
VERTEX
8
CUT
10
195.9337
20
269.7499
0
VERTEX
8
CUT
10
196.0099
20
269.6949
0
VERTEX
8
CUT
10
196.0223
20
269.6869
0
VERTEX
8
CUT
10
196.1036
20
269.6397
0
VERTEX
8
CUT
10
196.1167
20
269.6329
0
VERTEX
8
CUT
10
196.2022
20
269.5940
0
VERTEX
8
CUT
10
196.2401
20
269.5790
0
VERTEX
8
CUT
10
196.2843
20
269.5627
0
VERTEX
8
CUT
10
197.3325
20
269.2060
0
VERTEX
8
CUT
10
197.6860
20
269.0421
0
VERTEX
8
CUT
10
197.7297
20
269.0232
0
VERTEX
8
CUT
10
197.7680
20
269.0077
0
VERTEX
8
CUT
10
197.8579
20
268.9765
0
VERTEX
8
CUT
10
197.8723
20
268.9723
0
VERTEX
8
CUT
10
197.9649
20
268.9503
0
VERTEX
8
CUT
10
198.0055
20
268.9428
0
VERTEX
8
CUT
10
198.0525
20
268.9352
0
VERTEX
8
CUT
10
198.4067
20
268.8878
0
VERTEX
8
CUT
10
198.4474
20
268.8832
0
VERTEX
8
CUT
10
198.4828
20
268.8800
0
VERTEX
8
CUT
10
198.5646
20
268.8762
0
VERTEX
8
CUT
10
198.5775
20
268.8761
0
VERTEX
8
CUT
10
198.6593
20
268.8793
0
VERTEX
8
CUT
10
198.6721
20
268.8804
0
VERTEX
8
CUT
10
198.7534
20
268.8906
0
VERTEX
8
CUT
10
198.7884
20
268.8966
0
VERTEX
8
CUT
10
198.8286
20
268.9043
0
VERTEX
8
CUT
10
199.6856
20
269.0886
0
VERTEX
8
CUT
10
200.1760
20
269.1351
0
VERTEX
8
CUT
10
200.2172
20
269.1399
0
VERTEX
8
CUT
10
200.2528
20
269.1448
0
VERTEX
8
CUT
10
200.3343
20
269.1598
0
VERTEX
8
CUT
10
200.3470
20
269.1627
0
VERTEX
8
CUT
10
200.4268
20
269.1847
0
VERTEX
8
CUT
10
200.4392
20
269.1887
0
VERTEX
8
CUT
10
200.5169
20
269.2176
0
VERTEX
8
CUT
10
200.5500
20
269.2316
0
VERTEX
8
CUT
10
200.5878
20
269.2486
0
VERTEX
8
CUT
10
201.4046
20
269.6366
0
VERTEX
8
CUT
10
201.4483
20
269.6587
0
VERTEX
8
CUT
10
201.4857
20
269.6789
0
VERTEX
8
CUT
10
201.5694
20
269.7298
0
SEQEND
0
POLYLINE
8
CUT
66
1
70
1
10
0.0
20
0.0
30
0.0
0
VERTEX
8
CUT
10
174.8938
20
151.8605
0
VERTEX
8
CUT
10
174.9206
20
152.0341
0
VERTEX
8
CUT
10
175.4904
20
154.9180
0
VERTEX
8
CUT
10
175.5553
20
155.1659
0
VERTEX
8
CUT
10
175.6499
20
155.4040
0
VERTEX
8
CUT
10
175.7907
20
155.7036
0
VERTEX
8
CUT
10
175.8941
20
155.8968
0
VERTEX
8
CUT
10
176.0170
20
156.0781
0
VERTEX
8
CUT
10
177.5145
20
158.0559
0
VERTEX
8
CUT
10
177.5417
20
158.0938
0
VERTEX
8
CUT
10
177.5791
20
158.1486
0
VERTEX
8
CUT
10
177.6045
20
158.1878
0
VERTEX
8
CUT
10
177.8678
20
158.6176
0
VERTEX
8
CUT
10
177.8910
20
158.6575
0
VERTEX
8
CUT
10
177.9102
20
158.6927
0
VERTEX
8
CUT
10
177.9506
20
158.7758
0
VERTEX
8
CUT
10
177.9563
20
158.7891
0
VERTEX
8
CUT
10
177.9884
20
158.8757
0
VERTEX
8
CUT
10
177.9928
20
158.8896
0
VERTEX
8
CUT
10
178.0163
20
158.9788
0
VERTEX
8
CUT
10
178.0194
20
158.9931
0
VERTEX
8
CUT
10
178.0341
20
159.0842
0
VERTEX
8
CUT
10
178.0357
20
159.0987
0
VERTEX
8
CUT
10
178.0416
20
159.1908
0
VERTEX
8
CUT
10
178.0418
20
159.2054
0
VERTEX
8
CUT
10
178.0386
20
159.2976
0
VERTEX
8
CUT
10
178.0374
20
159.3121
0
VERTEX
8
CUT
10
178.0253
20
159.4037
0
VERTEX
8
CUT
10
178.0227
20
159.4180
0
VERTEX
8
CUT
10
178.0018
20
159.5079
0
VERTEX
8
CUT
10
177.9978
20
159.5219
0
VERTEX
8
CUT
10
177.9682
20
159.6094
0
VERTEX
8
CUT
10
177.9629
20
159.6229
0
VERTEX
8
CUT
10
177.9250
20
159.7071
0
VERTEX
8
CUT
10
177.9184
20
159.7200
0
VERTEX
8
CUT
10
177.8724
20
159.8001
0
VERTEX
8
CUT
10
177.8646
20
159.8124
0
VERTEX
8
CUT
10
177.8111
20
159.8876
0
VERTEX
8
CUT
10
177.8021
20
159.8991
0
VERTEX
8
CUT
10
177.7415
20
159.9688
0
VERTEX
8
CUT
10
177.7315
20
159.9793
0
VERTEX
8
CUT
10
177.6644
20
160.0428
0
VERTEX
8
CUT
10
177.6534
20
160.0522
0
VERTEX
8
CUT
10
177.5805
20
160.1089
0
VERTEX
8
CUT
10
177.5686
20
160.1173
0
VERTEX
8
CUT
10
177.4905
20
160.1666
0
VERTEX
8
CUT
10
177.4779
20
160.1738
0
VERTEX
8
CUT
10
177.3954
20
160.2153
0
VERTEX
8
CUT
10
177.3821
20
160.2212
0
VERTEX
8
CUT
10
177.2960
20
160.2545
0
VERTEX
8
CUT
10
177.2822
20
160.2590
0
VERTEX
8
CUT
10
177.1932
20
160.2838
0
VERTEX
8
CUT
10
177.1791
20
160.2870
0
VERTEX
8
CUT
10
177.0881
20
160.3031
0
VERTEX
8
CUT
10
177.0737
20
160.3049
0
VERTEX
8
CUT
10
176.9816
20
160.3120
0
VERTEX
8
CUT
10
176.9671
20
160.3124
0
VERTEX
8
CUT
10
176.8748
20
160.3105
0
VERTEX
8
CUT
10
176.8603
20
160.3095
0
VERTEX
8
CUT
10
176.7686
20
160.2987
0
VERTEX
8
CUT
10
176.7542
20
160.2963
0
VERTEX
8
CUT
10
176.6640
20
160.2766
0
VERTEX
8
CUT
10
176.6500
20
160.2728
0
VERTEX
8
CUT
10
176.5621
20
160.2444
0
VERTEX
8
CUT
10
176.5485
20
160.2393
0
VERTEX
8
CUT
10
176.4638
20
160.2025
0
VERTEX
8
CUT
10
176.4278
20
160.1848
0
VERTEX
8
CUT
10
176.3869
20
160.1634
0
VERTEX
8
CUT
10
175.2424
20
159.5279
0
VERTEX
8
CUT
10
175.2096
20
159.5088
0
VERTEX
8
CUT
10
175.1816
20
159.4918
0
VERTEX
8
CUT
10
175.1185
20
159.4498
0
VERTEX
8
CUT
10
175.0919
20
159.4306
0
VERTEX
8
CUT
10
175.0616
20
159.4077
0
VERTEX
8
CUT
10
171.8806
20
156.9062
0
VERTEX
8
CUT
10
171.8491
20
156.8803
0
VERTEX
8
CUT
10
171.8223
20
156.8573
0
VERTEX
8
CUT
10
171.7628
20
156.8016
0
VERTEX
8
CUT
10
171.7380
20
156.7764
0
VERTEX
8
CUT
10
171.7101
20
156.7467
0
VERTEX
8
CUT
10
169.3137
20
154.0840
0
VERTEX
8
CUT
10
169.2833
20
154.0484
0
VERTEX
8
CUT
10
169.2576
20
154.0169
0
VERTEX
8
CUT
10
169.2022
20
153.9416
0
VERTEX
8
CUT
10
169.1798
20
153.9078
0
VERTEX
8
CUT
10
169.1549
20
153.8681
0
VERTEX
8
CUT
10
169.1332
20
153.8315
0
VERTEX
8
CUT
10
169.1167
20
153.8122
0
VERTEX
8
CUT
10
169.0674
20
153.7490
0
VERTEX
8
CUT
10
169.0472
20
153.7207
0
VERTEX
8
CUT
10
169.0246
20
153.6876
0
VERTEX
8
CUT
10
168.1793
20
152.3920
0
VERTEX
8
CUT
10
168.1444
20
152.3340
0
VERTEX
8
CUT
10
168.0977
20
152.2499
0
VERTEX
8
CUT
10
168.0670
20
152.1896
0
VERTEX
8
CUT
10
167.7353
20
151.4767
0
VERTEX
8
CUT
10
167.4355
20
150.9716
0
VERTEX
8
CUT
10
167.4021
20
150.9105
0
VERTEX
8
CUT
10
167.3580
20
150.8220
0
VERTEX
8
CUT
10
167.3293
20
150.7585
0
VERTEX
8
CUT
10
166.7965
20
149.4588
0
VERTEX
8
CUT
10
166.7714
20
149.4047
0
VERTEX
8
CUT
10
166.7498
20
149.3547
0
VERTEX
8
CUT
10
166.7212
20
149.2827
0
VERTEX
8
CUT
10
166.7026
20
149.2315
0
VERTEX
8
CUT
10
166.6992
20
149.2214
0
VERTEX
8
CUT
10
166.4204
20
148.5413
0
VERTEX
8
CUT
10
166.4017
20
148.4918
0
VERTEX
8
CUT
10
166.3771
20
148.4207
0
VERTEX
8
CUT
10
166.3612
20
148.3702
0
VERTEX
8
CUT
10
166.0281
20
147.2008
0
VERTEX
8
CUT
10
165.9816
20
147.0609
0
VERTEX
8
CUT
10
165.9657
20
147.0079
0
VERTEX
8
CUT
10
165.9453
20
146.9319
0
VERTEX
8
CUT
10
165.9325
20
146.8780
0
VERTEX
8
CUT
10
165.9229
20
146.8314
0
VERTEX
8
CUT
10
165.4169
20
145.0550
0
VERTEX
8
CUT
10
165.4049
20
145.0085
0
VERTEX
8
CUT
10
165.3955
20
144.9679
0
VERTEX
8
CUT
10
165.3787
20
144.8735
0
VERTEX
8
CUT
10
165.3735
20
144.8322
0
VERTEX
8
CUT
10
165.3686
20
144.7844
0
VERTEX
8
CUT
10
165.2242
20
142.8697
0
VERTEX
8
CUT
10
165.1010
20
141.9385
0
VERTEX
8
CUT
10
165.0960
20
141.8920
0
VERTEX
8
CUT
10
165.0906
20
141.8257
0
VERTEX
8
CUT
10
165.0879
20
141.7790
0
VERTEX
8
CUT
10
165.0044
20
139.2461
0
VERTEX
8
CUT
10
165.0041
20
139.1950
0
VERTEX
8
CUT
10
165.0056
20
139.1224
0
VERTEX
8
CUT
10
165.0080
20
139.0713
0
VERTEX
8
CUT
10
165.2002
20
136.5043
0
VERTEX
8
CUT
10
165.2049
20
135.3609
0
VERTEX
8
CUT
10
165.2065
20
135.3106
0
VERTEX
8
CUT
10
165.2106
20
135.2392
0
VERTEX
8
CUT
10
165.2148
20
135.1891
0
VERTEX
8
CUT
10
165.4489
20
133.0710
0
VERTEX
8
CUT
10
165.4545
20
133.0292
0
VERTEX
8
CUT
10
165.4601
20
132.9932
0
VERTEX
8
CUT
10
165.4767
20
132.9107
0
VERTEX
8
CUT
10
165.4855
20
132.8752
0
VERTEX
8
CUT
10
165.4965
20
132.8346
0
VERTEX
8
CUT
10
166.6705
20
128.8626
0
VERTEX
8
CUT
10
166.6780
20
128.8336
0
VERTEX
8
CUT
10
166.6876
20
128.7991
0
VERTEX
8
CUT
10
166.6965
20
128.7693
0
VERTEX
8
CUT
10
166.7088
20
128.7332
0
VERTEX
8
CUT
10
166.8793
20
128.1563
0
VERTEX
8
CUT
10
166.8899
20
128.1229
0
VERTEX
8
CUT
10
166.8995
20
128.0941
0
VERTEX
8
CUT
10
166.9243
20
128.0286
0
VERTEX
8
CUT
10
166.9361
20
128.0005
0
VERTEX
8
CUT
10
166.9502
20
127.9685
0
VERTEX
8
CUT
10
168.2044
20
125.2688
0
VERTEX
8
CUT
10
168.2246
20
125.2280
0
VERTEX
8
CUT
10
168.2430
20
125.1930
0
VERTEX
8
CUT
10
168.2890
20
125.1145
0
VERTEX
8
CUT
10
168.3106
20
125.0814
0
VERTEX
8
CUT
10
168.3365
20
125.0439
0
VERTEX
8
CUT
10
168.7834
20
124.4267
0
VERTEX
8
CUT
10
168.9040
20
124.2089
0
VERTEX
8
CUT
10
168.9295
20
124.1656
0
VERTEX
8
CUT
10
168.9673
20
124.1051
0
VERTEX
8
CUT
10
168.9951
20
124.0632
0
VERTEX
8
CUT
10
170.3155
20
122.1799
0
VERTEX
8
CUT
10
170.3437
20
122.1419
0
VERTEX
8
CUT
10
170.3850
20
122.0888
0
VERTEX
8
CUT
10
170.4149
20
122.0522
0
VERTEX
8
CUT
10
171.8754
20
120.3572
0
VERTEX
8
CUT
10
171.9030
20
120.3265
0
VERTEX
8
CUT
10
171.9275
20
120.3004
0
VERTEX
8
CUT
10
171.9865
20
120.2429
0
VERTEX
8
CUT
10
172.0132
20
120.2190
0
VERTEX
8
CUT
10
172.0445
20
120.1922
0
VERTEX
8
CUT
10
172.8480
20
119.5346
0
VERTEX
8
CUT
10
173.6538
20
118.7366
0
VERTEX
8
CUT
10
173.6847
20
118.7073
0
VERTEX
8
CUT
10
173.7121
20
118.6825
0
VERTEX
8
CUT
10
173.7777
20
118.6283
0
VERTEX
8
CUT
10
173.8072
20
118.6060
0
VERTEX
8
CUT
10
173.8418
20
118.5811
0
VERTEX
8
CUT
10
174.8985
20
117.8564
0
VERTEX
8
CUT
10
175.5599
20
117.3151
0
VERTEX
8
CUT
10
175.5924
20
117.2896
0
VERTEX
8
CUT
10
175.6212
20
117.2681
0
VERTEX
8
CUT
10
175.6894
20
117.2216
0
VERTEX
8
CUT
10
175.7199
20
117.2027
0
VERTEX
8
CUT
10
175.7555
20
117.1816
0
VERTEX
8
CUT
10
176.4564
20
116.7880
0
VERTEX
8
CUT
10
176.9369
20
116.4584
0
VERTEX
8
CUT
10
176.9682
20
116.4379
0
VERTEX
8
CUT
10
176.9956
20
116.4206
0
VERTEX
8
CUT
10
177.0604
20
116.3833
0
VERTEX
8
CUT
10
177.0892
20
116.3682
0
VERTEX
8
CUT
10
177.1226
20
116.3515
0
VERTEX
8
CUT
10
178.7124
20
115.5960
0
VERTEX
8
CUT
10
178.7482
20
115.5798
0
VERTEX
8
CUT
10
178.7796
20
115.5665
0
VERTEX
8
CUT
10
178.8530
20
115.5387
0
VERTEX
8
CUT
10
178.8854
20
115.5280
0
VERTEX
8
CUT
10
178.9230
20
115.5165
0
VERTEX
8
CUT
10
179.5361
20
115.3414
0
VERTEX
8
CUT
10
179.7421
20
115.2573
0
VERTEX
8
CUT
10
179.7782
20
115.2435
0
VERTEX
8
CUT
10
179.8097
20
115.2321
0
VERTEX
8
CUT
10
179.8834
20
115.2088
0
VERTEX
8
CUT
10
179.9157
20
115.2000
0
VERTEX
8
CUT
10
179.9532
20
115.1906
0
VERTEX
8
CUT
10
180.5053
20
115.0646
0
VERTEX
8
CUT
10
182.5028
20
114.4940
0
VERTEX
8
CUT
10
182.5670
20
114.4781
0
VERTEX
8
CUT
10
182.6589
20
114.4587
0
VERTEX
8
CUT
10
182.7241
20
114.4472
0
VERTEX
8
CUT
10
184.5975
20
114.1855
0
VERTEX
8
CUT
10
184.6487
20
114.1797
0
VERTEX
8
CUT
10
184.7217
20
114.1736
0
VERTEX
8
CUT
10
184.7731
20
114.1706
0
VERTEX
8
CUT
10
187.5348
20
114.0871
0
VERTEX
8
CUT
10
187.5923
20
114.0871
0
VERTEX
8
CUT
10
187.6741
20
114.0896
0
VERTEX
8
CUT
10
187.7315
20
114.0931
0
VERTEX
8
CUT
10
188.1212
20
114.1287
0
VERTEX
8
CUT
10
188.4298
20
114.1188
0
VERTEX
8
CUT
10
188.4769
20
114.1185
0
VERTEX
8
CUT
10
188.5177
20
114.1192
0
VERTEX
8
CUT
10
188.6115
20
114.1255
0
VERTEX
8
CUT
10
188.6520
20
114.1303
0
VERTEX
8
CUT
10
188.6986
20
114.1369
0
VERTEX
8
CUT
10
189.2799
20
114.2344
0
VERTEX
8
CUT
10
190.6917
20
114.3633
0
VERTEX
8
CUT
10
190.7321
20
114.3679
0
VERTEX
8
CUT
10
190.7670
20
114.3726
0
VERTEX
8
CUT
10
190.8470
20
114.3868
0
VERTEX
8
CUT
10
190.8814
20
114.3945
0
VERTEX
8
CUT
10
190.9209
20
114.4042
0
VERTEX
8
CUT
10
191.9706
20
114.6859
0
VERTEX
8
CUT
10
192.3306
20
114.7464
0
VERTEX
8
CUT
10
192.3821
20
114.7565
0
VERTEX
8
CUT
10
192.4266
20
114.7665
0
VERTEX
8
CUT
10
192.5276
20
114.7952
0
VERTEX
8
CUT
10
192.5707
20
114.8101
0
VERTEX
8
CUT
10
192.6199
20
114.8286
0
VERTEX
8
CUT
10
192.8460
20
114.9209
0
VERTEX
8
CUT
10
193.6170
20
115.1279
0
VERTEX
8
CUT
10
193.6525
20
115.1381
0
VERTEX
8
CUT
10
193.6832
20
115.1477
0
VERTEX
8
CUT
10
193.7530
20
115.1724
0
VERTEX
8
CUT
10
193.7828
20
115.1842
0
VERTEX
8
CUT
10
193.8169
20
115.1986
0
VERTEX
8
CUT
10
196.6632
20
116.4631
0
VERTEX
8
CUT
10
196.7076
20
116.4842
0
VERTEX
8
CUT
10
196.7456
20
116.5036
0
VERTEX
8
CUT
10
196.8308
20
116.5525
0
VERTEX
8
CUT
10
196.8666
20
116.5756
0
VERTEX
8
CUT
10
196.9072
20
116.6034
0
VERTEX
8
CUT
10
199.1925
20
118.2527
0
VERTEX
8
CUT
10
199.2250
20
118.2773
0
VERTEX
8
CUT
10
199.2528
20
118.2992
0
VERTEX
8
CUT
10
199.3145
20
118.3524
0
VERTEX
8
CUT
10
199.3403
20
118.3766
0
VERTEX
8
CUT
10
199.3694
20
118.4051
0
VERTEX
8
CUT
10
200.2715
20
119.3281
0
VERTEX
8
CUT
10
200.3120
20
119.3722
0
VERTEX
8
CUT
10
200.3675
20
119.4367
0
VERTEX
8
CUT
10
200.4051
20
119.4833
0
VERTEX
8
CUT
10
201.1864
20
120.5159
0
VERTEX
8
CUT
10
201.2095
20
120.5478
0
VERTEX
8
CUT
10
201.2289
20
120.5758
0
VERTEX
8
CUT
10
201.2711
20
120.6423
0
VERTEX
8
CUT
10
201.2881
20
120.6719
0
VERTEX
8
CUT
10
201.3071
20
120.7063
0
VERTEX
8
CUT
10
202.4577
20
122.9059
0
VERTEX
8
CUT
10
202.4738
20
122.9381
0
VERTEX
8
CUT
10
202.4872
20
122.9663
0
VERTEX
8
CUT
10
202.5156
20
123.0324
0
VERTEX
8
CUT
10
202.5269
20
123.0616
0
VERTEX
8
CUT
10
202.5392
20
123.0954
0
VERTEX
8
CUT
10
202.7629
20
123.7476
0
VERTEX
8
CUT
10
202.7783
20
123.7968
0
VERTEX
8
CUT
10
202.7905
20
123.8398
0
VERTEX
8
CUT
10
202.8131
20
123.9403
0
VERTEX
8
CUT
10
202.8206
20
123.9843
0
VERTEX
8
CUT
10
202.8278
20
124.0354
0
VERTEX
8
CUT
10
202.9634
20
125.2269
0
VERTEX
8
CUT
10
202.9673
20
125.2699
0
VERTEX
8
CUT
10
202.9699
20
125.3073
0
VERTEX
8
CUT
10
202.9718
20
125.3936
0
VERTEX
8
CUT
10
202.9709
20
125.4311
0
VERTEX
8
CUT
10
202.9690
20
125.4742
0
VERTEX
8
CUT
10
202.7560
20
128.5744
0
VERTEX
8
CUT
10
202.7522
20
128.6164
0
VERTEX
8
CUT
10
202.7481
20
128.6527
0
VERTEX
8
CUT
10
202.7349
20
128.7360
0
VERTEX
8
CUT
10
202.7322
20
128.7490
0
VERTEX
8
CUT
10
202.7116
20
128.8308
0
VERTEX
8
CUT
10
202.7012
20
128.8658
0
VERTEX
8
CUT
10
202.6882
20
128.9060
0
VERTEX
8
CUT
10
202.3293
20
129.9367
0
VERTEX
8
CUT
10
202.3130
20
129.9800
0
VERTEX
8
CUT
10
202.2980
20
130.0172
0
VERTEX
8
CUT
10
202.2593
20
130.1010
0
VERTEX
8
CUT
10
202.2526
20
130.1139
0
VERTEX
8
CUT
10
202.2059
20
130.1936
0
VERTEX
8
CUT
10
202.1980
20
130.2058
0
VERTEX
8
CUT
10
202.1438
20
130.2806
0
VERTEX
8
CUT
10
202.1347
20
130.2919
0
VERTEX
8
CUT
10
202.0734
20
130.3611
0
VERTEX
8
CUT
10
202.0633
20
130.3715
0
VERTEX
8
CUT
10
201.9956
20
130.4344
0
VERTEX
8
CUT
10
201.9845
20
130.4438
0
VERTEX
8
CUT
10
201.9111
20
130.4998
0
VERTEX
8
CUT
10
201.8991
20
130.5081
0
VERTEX
8
CUT
10
201.7771
20
130.5836
0
VERTEX
8
CUT
10
201.7777
20
130.5846
0
VERTEX
8
CUT
10
201.6655
20
130.6541
0
VERTEX
8
CUT
10
201.5020
20
130.7791
0
VERTEX
8
CUT
10
201.3515
20
130.9195
0
VERTEX
8
CUT
10
201.2155
20
131.0740
0
VERTEX
8
CUT
10
201.0952
20
131.2410
0
VERTEX
8
CUT
10
200.9919
20
131.4190
0
VERTEX
8
CUT
10
200.9065
20
131.6063
0
VERTEX
8
CUT
10
200.8399
20
131.8010
0
VERTEX
8
CUT
10
200.7926
20
132.0013
0
VERTEX
8
CUT
10
200.7652
20
132.2053
0
VERTEX
8
CUT
10
200.7579
20
132.4110
0
VERTEX
8
CUT
10
200.7707
20
132.6164
0
VERTEX
8
CUT
10
200.8036
20
132.8196
0
VERTEX
8
CUT
10
200.8562
20
133.0186
0
VERTEX
8
CUT
10
200.8668
20
133.0519
0
VERTEX
8
CUT
10
200.8913
20
133.1454
0
VERTEX
8
CUT
10
200.8944
20
133.1603
0
VERTEX
8
CUT
10
200.9093
20
133.2559
0
VERTEX
8
CUT
10
200.9109
20
133.2711
0
VERTEX
8
CUT
10
200.9160
20
133.3677
0
VERTEX
8
CUT
10
200.9160
20
133.3829
0
VERTEX
8
CUT
10
200.9112
20
133.4795
0
VERTEX
8
CUT
10
200.9070
20
133.5213
0
VERTEX
8
CUT
10
200.9010
20
133.5693
0
VERTEX
8
CUT
10
200.3052
20
137.4783
0
VERTEX
8
CUT
10
200.2970
20
137.5245
0
VERTEX
8
CUT
10
200.2889
20
137.5645
0
VERTEX
8
CUT
10
200.2656
20
137.6554
0
VERTEX
8
CUT
10
200.2613
20
137.6696
0
VERTEX
8
CUT
10
200.2292
20
137.7578
0
VERTEX
8
CUT
10
200.2234
20
137.7714
0
VERTEX
8
CUT
10
200.1828
20
137.8560
0
VERTEX
8
CUT
10
200.1757
20
137.8690
0
VERTEX
8
CUT
10
200.1269
20
137.9492
0
VERTEX
8
CUT
10
200.1186
20
137.9614
0
VERTEX
8
CUT
10
200.0621
20
138.0364
0
VERTEX
8
CUT
10
200.0526
20
138.0477
0
VERTEX
8
CUT
10
199.9889
20
138.1168
0
VERTEX
8
CUT
10
199.9784
20
138.1271
0
VERTEX
8
CUT
10
199.9083
20
138.1895
0
VERTEX
8
CUT
10
199.8967
20
138.1988
0
VERTEX
8
CUT
10
199.8208
20
138.2539
0
VERTEX
8
CUT
10
199.8084
20
138.2620
0
VERTEX
8
CUT
10
199.7273
20
138.3094
0
VERTEX
8
CUT
10
199.7142
20
138.3162
0
VERTEX
8
CUT
10
199.6289
20
138.3554
0
VERTEX
8
CUT
10
199.6152
20
138.3609
0
VERTEX
8
CUT
10
199.5264
20
138.3914
0
VERTEX
8
CUT
10
199.5122
20
138.3955
0
VERTEX
8
CUT
10
199.4208
20
138.4171
0
VERTEX
8
CUT
10
199.4063
20
138.4198
0
VERTEX
8
CUT
10
199.3133
20
138.4323
0
VERTEX
8
CUT
10
199.2985
20
138.4335
0
VERTEX
8
CUT
10
199.2047
20
138.4368
0
VERTEX
8
CUT
10
199.1899
20
138.4365
0
VERTEX
8
CUT
10
199.0962
20
138.4305
0
VERTEX
8
CUT
10
199.0816
20
138.4288
0
VERTEX
8
CUT
10
198.9889
20
138.4135
0
VERTEX
8
CUT
10
198.9745
20
138.4104
0
VERTEX
8
CUT
10
198.8838
20
138.3860
0
VERTEX
8
CUT
10
198.8697
20
138.3815
0
VERTEX
8
CUT
10
198.7819
20
138.3483
0
VERTEX
8
CUT
10
198.7684
20
138.3424
0
VERTEX
8
CUT
10
198.6843
20
138.3007
0
VERTEX
8
CUT
10
198.6714
20
138.2935
0
VERTEX
8
CUT
10
198.5918
20
138.2437
0
VERTEX
8
CUT
10
198.5797
20
138.2352
0
VERTEX
8
CUT
10
198.5054
20
138.1778
0
VERTEX
8
CUT
10
198.4942
20
138.1682
0
VERTEX
8
CUT
10
198.4259
20
138.1037
0
VERTEX
8
CUT
10
198.4157
20
138.0930
0
VERTEX
8
CUT
10
198.3542
20
138.0221
0
VERTEX
8
CUT
10
198.3450
20
138.0105
0
VERTEX
8
CUT
10
198.2908
20
137.9338
0
VERTEX
8
CUT
10
198.2689
20
137.8995
0
VERTEX
8
CUT
10
198.2447
20
137.8592
0
VERTEX
8
CUT
10
198.0365
20
137.4928
0
VERTEX
8
CUT
10
198.0161
20
137.4551
0
VERTEX
8
CUT
10
197.9993
20
137.4220
0
VERTEX
8
CUT
10
197.9638
20
137.3440
0
VERTEX
8
CUT
10
197.9588
20
137.3315
0
VERTEX
8
CUT
10
197.9306
20
137.2508
0
VERTEX
8
CUT
10
197.9267
20
137.2378
0
VERTEX
8
CUT
10
197.9058
20
137.1548
0
VERTEX
8
CUT
10
197.9031
20
137.1416
0
VERTEX
8
CUT
10
197.8898
20
137.0571
0
VERTEX
8
CUT
10
197.8883
20
137.0437
0
VERTEX
8
CUT
10
197.8827
20
136.9583
0
VERTEX
8
CUT
10
197.8819
20
136.9212
0
VERTEX
8
CUT
10
197.8820
20
136.8783
0
VERTEX
8
CUT
10
197.9135
20
135.5760
0
VERTEX
8
CUT
10
197.9085
20
135.3707
0
VERTEX
8
CUT
10
197.8834
20
135.1670
0
VERTEX
8
CUT
10
197.8385
20
134.9666
0
VERTEX
8
CUT
10
197.7152
20
134.5198
0
VERTEX
8
CUT
10
197.6524
20
134.3282
0
VERTEX
8
CUT
10
197.5714
20
134.1436
0
VERTEX
8
CUT
10
197.4731
20
133.9675
0
VERTEX
8
CUT
10
197.2799
20
133.6576
0
VERTEX
8
CUT
10
197.1463
20
133.4676
0
VERTEX
8
CUT
10
196.9926
20
133.2934
0
VERTEX
8
CUT
10
196.8205
20
133.1373
0
VERTEX
8
CUT
10
196.7345
20
133.0676
0
VERTEX
8
CUT
10
196.5711
20
132.9477
0
VERTEX
8
CUT
10
196.3970
20
132.8441
0
VERTEX
8
CUT
10
196.2137
20
132.7578
0
VERTEX
8
CUT
10
196.0229
20
132.6895
0
VERTEX
8
CUT
10
195.8264
20
132.6400
0
VERTEX
8
CUT
10
194.3478
20
132.3421
0
VERTEX
8
CUT
10
194.1879
20
132.3163
0
VERTEX
8
CUT
10
194.0266
20
132.3028
0
VERTEX
8
CUT
10
190.9746
20
132.1669
0
VERTEX
8
CUT
10
190.7708
20
132.1677
0
VERTEX
8
CUT
10
188.2254
20
132.3017
0
VERTEX
8
CUT
10
187.9246
20
132.3395
0
VERTEX
8
CUT
10
186.3895
20
132.6460
0
VERTEX
8
CUT
10
186.1287
20
132.7158
0
VERTEX
8
CUT
10
184.2986
20
133.3339
0
VERTEX
8
CUT
10
184.0693
20
133.4267
0
VERTEX
8
CUT
10
183.8526
20
133.5458
0
VERTEX
8
CUT
10
181.6948
20
134.9029
0
VERTEX
8
CUT
10
181.5512
20
135.0017
0
VERTEX
8
CUT
10
181.4163
20
135.1121
0
VERTEX
8
CUT
10
179.4627
20
136.8516
0
VERTEX
8
CUT
10
179.2502
20
137.0704
0
VERTEX
8
CUT
10
178.4834
20
137.9846
0
VERTEX
8
CUT
10
178.3120
20
138.2204
0
VERTEX
8
CUT
10
177.1347
20
140.1023
0
VERTEX
8
CUT
10
177.0470
20
140.2568
0
VERTEX
8
CUT
10
176.9726
20
140.4181
0
VERTEX
8
CUT
10
176.9121
20
140.5851
0
VERTEX
8
CUT
10
176.0358
20
143.3668
0
VERTEX
8
CUT
10
175.9916
20
143.5296
0
VERTEX
8
CUT
10
175.2325
20
146.8487
0
VERTEX
8
CUT
10
175.1992
20
147.0309
0
VERTEX
8
CUT
10
174.8511
20
149.5627
0
VERTEX
8
CUT
10
174.8346
20
149.7344
0
VERTEX
8
CUT
10
174.8323
20
149.9069
0
VERTEX
8
CUT
10
174.8816
20
151.6852
0
SEQEND
0
POLYLINE
8
CUT
66
1
70
1
10
0.0
20
0.0
30
0.0
0
VERTEX
8
CUT
10
198.9278
20
16.7591
0
VERTEX
8
CUT
10
198.7964
20
16.9341
0
VERTEX
8
CUT
10
198.6206
20
17.1957
0
VERTEX
8
CUT
10
198.5933
20
17.2342
0
VERTEX
8
CUT
10
198.5688
20
17.2671
0
VERTEX
8
CUT
10
198.5085
20
17.3399
0
VERTEX
8
CUT
10
198.4985
20
17.3508
0
VERTEX
8
CUT
10
198.4314
20
17.4172
0
VERTEX
8
CUT
10
198.4203
20
17.4272
0
VERTEX
8
CUT
10
198.3469
20
17.4866
0
VERTEX
8
CUT
10
198.3349
20
17.4953
0
VERTEX
8
CUT
10
198.2559
20
17.5472
0
VERTEX
8
CUT
10
198.2431
20
17.5547
0
VERTEX
8
CUT
10
198.1594
20
17.5984
0
VERTEX
8
CUT
10
198.1459
20
17.6046
0
VERTEX
8
CUT
10
198.0582
20
17.6398
0
VERTEX
8
CUT
10
198.0442
20
17.6447
0
VERTEX
8
CUT
10
197.9535
20
17.6710
0
VERTEX
8
CUT
10
197.9390
20
17.6744
0
VERTEX
8
CUT
10
197.8461
20
17.6916
0
VERTEX
8
CUT
10
197.8314
20
17.6936
0
VERTEX
8
CUT
10
197.7373
20
17.7014
0
VERTEX
8
CUT
10
197.7224
20
17.7019
0
VERTEX
8
CUT
10
197.6280
20
17.7004
0
VERTEX
8
CUT
10
197.6132
20
17.6994
0
VERTEX
8
CUT
10
197.5194
20
17.6885
0
VERTEX
8
CUT
10
197.5047
20
17.6860
0
VERTEX
8
CUT
10
197.4124
20
17.6658
0
VERTEX
8
CUT
10
197.3981
20
17.6619
0
VERTEX
8
CUT
10
197.3083
20
17.6327
0
VERTEX
8
CUT
10
197.2944
20
17.6274
0
VERTEX
8
CUT
10
197.2079
20
17.5894
0
VERTEX
8
CUT
10
197.1947
20
17.5827
0
VERTEX
8
CUT
10
197.1124
20
17.5363
0
VERTEX
8
CUT
10
197.0998
20
17.5283
0
VERTEX
8
CUT
10
197.0226
20
17.4740
0
VERTEX
8
CUT
10
197.0109
20
17.4648
0
VERTEX
8
CUT
10
196.9395
20
17.4030
0
VERTEX
8
CUT
10
196.9287
20
17.3928
0
VERTEX
8
CUT
10
196.8638
20
17.3242
0
VERTEX
8
CUT
10
196.8541
20
17.3129
0
VERTEX
8
CUT
10
196.7963
20
17.2382
0
VERTEX
8
CUT
10
196.7878
20
17.2260
0
VERTEX
8
CUT
10
196.7377
20
17.1460
0
VERTEX
8
CUT
10
196.7304
20
17.1330
0
VERTEX
8
CUT
10
196.6885
20
17.0483
0
VERTEX
8
CUT
10
196.6826
20
17.0347
0
VERTEX
8
CUT
10
196.6493
20
16.9463
0
VERTEX
8
CUT
10
196.6448
20
16.9322
0
VERTEX
8
CUT
10
196.6205
20
16.8409
0
VERTEX
8
CUT
10
196.6173
20
16.8264
0
VERTEX
8
CUT
10
196.6022
20
16.7331
0
VERTEX
8
CUT
10
196.6006
20
16.7184
0
VERTEX
8
CUT
10
196.5947
20
16.6241
0
VERTEX
8
CUT
10
196.5943
20
16.5831
0
VERTEX
8
CUT
10
196.5949
20
16.5358
0
VERTEX
8
CUT
10
196.5973
20
16.4720
0
VERTEX
8
CUT
10
196.5998
20
16.4310
0
VERTEX
8
CUT
10
196.6026
20
16.3956
0
VERTEX
8
CUT
10
196.6128
20
16.3143
0
VERTEX
8
CUT
10
196.6149
20
16.3016
0
VERTEX
8
CUT
10
196.6321
20
16.2215
0
VERTEX
8
CUT
10
196.6353
20
16.2090
0
VERTEX
8
CUT
10
196.6593
20
16.1307
0
VERTEX
8
CUT
10
196.6711
20
16.0972
0
VERTEX
8
CUT
10
196.6856
20
16.0588
0
VERTEX
8
CUT
10
196.8480
20
15.6561
0
VERTEX
8
CUT
10
196.8666
20
15.6131
0
VERTEX
8
CUT
10
196.8836
20
15.5762
0
VERTEX
8
CUT
10
196.9270
20
15.4933
0
VERTEX
8
CUT
10
196.9344
20
15.4806
0
VERTEX
8
CUT
10
196.9858
20
15.4023
0
VERTEX
8
CUT
10
197.0097
20
15.3695
0
VERTEX
8
CUT
10
197.0382
20
15.3323
0
VERTEX
8
CUT
10
197.2996
20
15.0085
0
VERTEX
8
CUT
10
197.3302
20
14.9724
0
VERTEX
8
CUT
10
197.3575
20
14.9418
0
VERTEX
8
CUT
10
197.4238
20
14.8746
0
VERTEX
8
CUT
10
197.4348
20
14.8645
0
VERTEX
8
CUT
10
197.5075
20
14.8042
0
VERTEX
8
CUT
10
197.5403
20
14.7796
0
VERTEX
8
CUT
10
197.5788
20
14.7522
0
VERTEX
8
CUT
10
198.4657
20
14.1545
0
VERTEX
8
CUT
10
198.5049
20
14.1295
0
VERTEX
8
CUT
10
198.5394
20
14.1086
0
VERTEX
8
CUT
10
198.6212
20
14.0644
0
VERTEX
8
CUT
10
198.6344
20
14.0581
0
VERTEX
8
CUT
10
198.7201
20
14.0222
0
VERTEX
8
CUT
10
198.7339
20
14.0172
0
VERTEX
8
CUT
10
198.8227
20
13.9898
0
VERTEX
8
CUT
10
198.8618
20
13.9798
0
VERTEX
8
CUT
10
198.9072
20
13.9694
0
VERTEX
8
CUT
10
199.5572
20
13.8368
0
VERTEX
8
CUT
10
199.6030
20
13.8286
0
VERTEX
8
CUT
10
199.6429
20
13.8225
0
VERTEX
8
CUT
10
199.7354
20
13.8129
0
VERTEX
8
CUT
10
199.7501
20
13.8121
0
VERTEX
8
CUT
10
199.8431
20
13.8117
0
VERTEX
8
CUT
10
199.8577
20
13.8123
0
VERTEX
8
CUT
10
199.9504
20
13.8209
0
VERTEX
8
CUT
10
199.9648
20
13.8230
0
VERTEX
8
CUT
10
200.0562
20
13.8407
0
VERTEX
8
CUT
10
200.0704
20
13.8441
0
VERTEX
8
CUT
10
200.1596
20
13.8706
0
VERTEX
8
CUT
10
200.1734
20
13.8755
0
VERTEX
8
CUT
10
200.2596
20
13.9106
0
VERTEX
8
CUT
10
200.2728
20
13.9168
0
VERTEX
8
CUT
10
200.3551
20
13.9602
0
VERTEX
8
CUT
10
200.3677
20
13.9676
0
VERTEX
8
CUT
10
200.4454
20
14.0189
0
VERTEX
8
CUT
10
200.4572
20
14.0275
0
VERTEX
8
CUT
10
200.5295
20
14.0861
0
VERTEX
8
CUT
10
200.5404
20
14.0959
0
VERTEX
8
CUT
10
200.6066
20
14.1612
0
VERTEX
8
CUT
10
200.6165
20
14.1720
0
VERTEX
8
CUT
10
200.6760
20
14.2436
0
VERTEX
8
CUT
10
200.6848
20
14.2553
0
VERTEX
8
CUT
10
200.7369
20
14.3323
0
VERTEX
8
CUT
10
200.7445
20
14.3448
0
VERTEX
8
CUT
10
200.7889
20
14.4266
0
VERTEX
8
CUT
10
200.7953
20
14.4397
0
VERTEX
8
CUT
10
200.8315
20
14.5255
0
VERTEX
8
CUT
10
200.8365
20
14.5392
0
VERTEX
8
CUT
10
200.8641
20
14.6280
0
VERTEX
8
CUT
10
200.8678
20
14.6422
0
VERTEX
8
CUT
10
200.8866
20
14.7333
0
VERTEX
8
CUT
10
200.8888
20
14.7478
0
VERTEX
8
CUT
10
200.8986
20
14.8403
0
VERTEX
8
CUT
10
200.8994
20
14.8549
0
VERTEX
8
CUT
10
200.9001
20
14.9480
0
VERTEX
8
CUT
10
200.8995
20
14.9626
0
VERTEX
8
CUT
10
200.8911
20
15.0553
0
VERTEX
8
CUT
10
200.8890
20
15.0697
0
VERTEX
8
CUT
10
200.8716
20
15.1611
0
VERTEX
8
CUT
10
200.8681
20
15.1754
0
VERTEX
8
CUT
10
200.8418
20
15.2646
0
VERTEX
8
CUT
10
200.8370
20
15.2784
0
VERTEX
8
CUT
10
200.8020
20
15.3646
0
VERTEX
8
CUT
10
200.7959
20
15.3779
0
VERTEX
8
CUT
10
200.7527
20
15.4603
0
VERTEX
8
CUT
10
200.7453
20
15.4729
0
VERTEX
8
CUT
10
200.6942
20
15.5507
0
VERTEX
8
CUT
10
200.6856
20
15.5625
0
VERTEX
8
CUT
10
200.6272
20
15.6350
0
VERTEX
8
CUT
10
200.6174
20
15.6459
0
VERTEX
8
CUT
10
200.5522
20
15.7122
0
VERTEX
8
CUT
10
200.5414
20
15.7221
0
VERTEX
8
CUT
10
200.4700
20
15.7818
0
VERTEX
8
CUT
10
200.4583
20
15.7906
0
VERTEX
8
CUT
10
200.3814
20
15.8430
0
VERTEX
8
CUT
10
200.3689
20
15.8506
0
VERTEX
8
CUT
10
200.2873
20
15.8952
0
VERTEX
8
CUT
10
200.2509
20
15.9128
0
VERTEX
8
CUT
10
200.2085
20
15.9320
0
VERTEX
8
CUT
10
200.1968
20
15.9370
0
VERTEX
8
CUT
10
200.0898
20
15.9860
0
VERTEX
8
CUT
10
199.6113
20
16.2217
0
VERTEX
8
CUT
10
199.4203
20
16.3285
0
VERTEX
8
CUT
10
199.2414
20
16.4547
0
VERTEX
8
CUT
10
199.0767
20
16.5987
0
SEQEND
0
POLYLINE
8
CUT
66
1
70
1
10
0.0
20
0.0
30
0.0
0
VERTEX
8
CUT
10
161.8547
20
110.2922
0
VERTEX
8
CUT
10
161.7630
20
110.2901
0
VERTEX
8
CUT
10
161.7486
20
110.2891
0
VERTEX
8
CUT
10
161.6575
20
110.2782
0
VERTEX
8
CUT
10
161.6433
20
110.2758
0
VERTEX
8
CUT
10
161.5537
20
110.2561
0
VERTEX
8
CUT
10
161.5398
20
110.2524
0
VERTEX
8
CUT
10
161.4525
20
110.2241
0
VERTEX
8
CUT
10
161.4390
20
110.2190
0
VERTEX
8
CUT
10
161.3548
20
110.1826
0
VERTEX
8
CUT
10
161.3419
20
110.1762
0
VERTEX
8
CUT
10
161.2616
20
110.1317
0
VERTEX
8
CUT
10
161.2494
20
110.1241
0
VERTEX
8
CUT
10
161.1738
20
110.0722
0
VERTEX
8
CUT
10
161.1623
20
110.0634
0
VERTEX
8
CUT
10
161.0921
20
110.0044
0
VERTEX
8
CUT
10
161.0815
20
109.9946
0
VERTEX
8
CUT
10
161.0173
20
109.9290
0
VERTEX
8
CUT
10
161.0077
20
109.9182
0
VERTEX
8
CUT
10
160.9502
20
109.8468
0
VERTEX
8
CUT
10
160.9417
20
109.8352
0
VERTEX
8
CUT
10
160.8913
20
109.7585
0
VERTEX
8
CUT
10
160.8723
20
109.7264
0
VERTEX
8
CUT
10
160.8278
20
109.6562
0
VERTEX
8
CUT
10
160.8210
20
109.6443
0
VERTEX
8
CUT
10
160.7813
20
109.5670
0
VERTEX
8
CUT
10
160.7656
20
109.5327
0
VERTEX
8
CUT
10
160.7485
20
109.4927
0
VERTEX
8
CUT
10
160.7137
20
109.4063
0
VERTEX
8
CUT
10
160.6982
20
109.3650
0
VERTEX
8
CUT
10
160.6856
20
109.3289
0
VERTEX
8
CUT
10
160.6605
20
109.2444
0
VERTEX
8
CUT
10
160.6571
20
109.2310
0
VERTEX
8
CUT
10
160.6399
20
109.1445
0
VERTEX
8
CUT
10
160.6378
20
109.1308
0
VERTEX
8
CUT
10
160.6287
20
109.0432
0
VERTEX
8
CUT
10
160.6279
20
109.0293
0
VERTEX
8
CUT
10
160.6269
20
108.9412
0
VERTEX
8
CUT
10
160.6283
20
108.9029
0
VERTEX
8
CUT
10
160.6309
20
108.8589
0
VERTEX
8
CUT
10
160.6320
20
108.8457
0
VERTEX
8
CUT
10
160.6273
20
108.8212
0
VERTEX
8
CUT
10
160.6252
20
108.8073
0
VERTEX
8
CUT
10
160.6167
20
108.7182
0
VERTEX
8
CUT
10
160.6148
20
108.6794
0
VERTEX
8
CUT
10
160.6136
20
108.6347
0
VERTEX
8
CUT
10
160.6111
20
107.1824
0
VERTEX
8
CUT
10
160.5918
20
106.7501
0
VERTEX
8
CUT
10
160.5909
20
106.6995
0
VERTEX
8
CUT
10
160.5913
20
106.6556
0
VERTEX
8
CUT
10
160.5976
20
106.5546
0
VERTEX
8
CUT
10
160.6027
20
106.5110
0
VERTEX
8
CUT
10
160.6098
20
106.4609
0
VERTEX
8
CUT
10
161.2602
20
102.6432
0
VERTEX
8
CUT
10
161.2695
20
102.5962
0
VERTEX
8
CUT
10
161.2843
20
102.5298
0
VERTEX
8
CUT
10
161.2958
20
102.4834
0
VERTEX
8
CUT
10
161.8658
20
100.4209
0
VERTEX
8
CUT
10
161.8806
20
100.3722
0
VERTEX
8
CUT
10
161.9036
20
100.3036
0
VERTEX
8
CUT
10
161.9211
20
100.2558
0
VERTEX
8
CUT
10
162.3346
20
99.2110
0
VERTEX
8
CUT
10
162.5042
20
98.6752
0
VERTEX
8
CUT
10
162.5207
20
98.6274
0
VERTEX
8
CUT
10
162.5460
20
98.5602
0
VERTEX
8
CUT
10
162.5650
20
98.5134
0
VERTEX
8
CUT
10
163.0366
20
97.4373
0
VERTEX
8
CUT
10
163.4938
20
96.2822
0
VERTEX
8
CUT
10
163.5165
20
96.2295
0
VERTEX
8
CUT
10
163.5510
20
96.1557
0
VERTEX
8
CUT
10
163.5769
20
96.1044
0
VERTEX
8
CUT
10
164.5554
20
94.3036
0
VERTEX
8
CUT
10
164.5813
20
94.2588
0
VERTEX
8
CUT
10
164.6199
20
94.1962
0
VERTEX
8
CUT
10
164.6482
20
94.1529
0
VERTEX
8
CUT
10
164.9709
20
93.6880
0
VERTEX
8
CUT
10
164.9781
20
93.6759
0
VERTEX
8
CUT
10
165.0158
20
93.6163
0
VERTEX
8
CUT
10
165.0435
20
93.5750
0
VERTEX
8
CUT
10
165.3479
20
93.1449
0
VERTEX
8
CUT
10
166.9091
20
90.8956
0
VERTEX
8
CUT
10
166.9456
20
90.8465
0
VERTEX
8
CUT
10
166.9996
20
90.7785
0
VERTEX
8
CUT
10
167.0391
20
90.7318
0
VERTEX
8
CUT
10
168.3112
20
89.3263
0
VERTEX
8
CUT
10
168.3498
20
89.2860
0
VERTEX
8
CUT
10
168.4064
20
89.2304
0
VERTEX
8
CUT
10
168.4474
20
89.1925
0
VERTEX
8
CUT
10
171.5100
20
86.5192
0
VERTEX
8
CUT
10
171.5590
20
86.4792
0
VERTEX
8
CUT
10
171.6304
20
86.4248
0
VERTEX
8
CUT
10
171.6820
20
86.3882
0
VERTEX
8
CUT
10
180.5412
20
80.5275
0
VERTEX
8
CUT
10
180.7767
20
80.3465
0
VERTEX
8
CUT
10
182.2284
20
79.0577
0
VERTEX
8
CUT
10
182.2644
20
79.0273
0
VERTEX
8
CUT
10
182.2963
20
79.0017
0
VERTEX
8
CUT
10
182.3727
20
78.9464
0
VERTEX
8
CUT
10
182.3852
20
78.9383
0
VERTEX
8
CUT
10
182.4666
20
78.8908
0
VERTEX
8
CUT
10
182.5046
20
78.8712
0
VERTEX
8
CUT
10
182.6899
20
78.7629
0
VERTEX
8
CUT
10
182.8632
20
78.6364
0
VERTEX
8
CUT
10
183.0226
20
78.4928
0
VERTEX
8
CUT
10
183.1666
20
78.3336
0
VERTEX
8
CUT
10
183.2935
20
78.1607
0
VERTEX
8
CUT
10
183.3732
20
78.0251
0
VERTEX
8
CUT
10
183.3735
20
78.0253
0
VERTEX
8
CUT
10
183.4067
20
77.9685
0
VERTEX
8
CUT
10
183.4573
20
77.8909
0
VERTEX
8
CUT
10
183.4658
20
77.8791
0
VERTEX
8
CUT
10
183.5237
20
77.8068
0
VERTEX
8
CUT
10
183.5503
20
77.7767
0
VERTEX
8
CUT
10
183.5818
20
77.7428
0
VERTEX
8
CUT
10
187.1807
20
74.0501
0
VERTEX
8
CUT
10
187.2231
20
74.0092
0
VERTEX
8
CUT
10
187.2850
20
73.9530
0
VERTEX
8
CUT
10
187.3299
20
73.9149
0
VERTEX
8
CUT
10
188.7328
20
72.7938
0
VERTEX
8
CUT
10
188.7707
20
72.7650
0
VERTEX
8
CUT
10
188.8041
20
72.7409
0
VERTEX
8
CUT
10
188.8839
20
72.6894
0
VERTEX
8
CUT
10
188.9195
20
72.6687
0
VERTEX
8
CUT
10
188.9613
20
72.6460
0
VERTEX
8
CUT
10
190.9001
20
71.6512
0
VERTEX
8
CUT
10
190.9457
20
71.6293
0
VERTEX
8
CUT
10
190.9857
20
71.6114
0
VERTEX
8
CUT
10
191.0800
20
71.5751
0
VERTEX
8
CUT
10
191.1217
20
71.5615
0
VERTEX
8
CUT
10
191.1702
20
71.5472
0
VERTEX
8
CUT
10
191.9574
20
71.3368
0
VERTEX
8
CUT
10
192.0025
20
71.3260
0
VERTEX
8
CUT
10
192.0418
20
71.3175
0
VERTEX
8
CUT
10
192.1331
20
71.3024
0
VERTEX
8
CUT
10
192.1731
20
71.2978
0
VERTEX
8
CUT
10
192.2192
20
71.2936
0
VERTEX
8
CUT
10
193.1516
20
71.2321
0
VERTEX
8
CUT
10
193.1986
20
71.2301
0
VERTEX
8
CUT
10
193.2394
20
71.2295
0
VERTEX
8
CUT
10
193.3334
20
71.2326
0
VERTEX
8
CUT
10
193.3482
20
71.2338
0
VERTEX
8
CUT
10
193.4414
20
71.2462
0
VERTEX
8
CUT
10
193.4560
20
71.2489
0
VERTEX
8
CUT
10
193.5475
20
71.2705
0
VERTEX
8
CUT
10
193.5617
20
71.2746
0
VERTEX
8
CUT
10
193.6510
20
71.3052
0
VERTEX
8
CUT
10
193.8514
20
71.3630
0
VERTEX
8
CUT
10
194.0566
20
71.4007
0
VERTEX
8
CUT
10
194.2646
20
71.4178
0
VERTEX
8
CUT
10
194.4731
20
71.4142
0
VERTEX
8
CUT
10
194.6803
20
71.3899
0
VERTEX
8
CUT
10
194.8841
20
71.3452
0
VERTEX
8
CUT
10
195.0824
20
71.2804
0
VERTEX
8
CUT
10
195.2734
20
71.1964
0
VERTEX
8
CUT
10
195.3517
20
71.1571
0
VERTEX
8
CUT
10
195.3653
20
71.1511
0
VERTEX
8
CUT
10
195.4536
20
71.1174
0
VERTEX
8
CUT
10
195.4677
20
71.1128
0
VERTEX
8
CUT
10
195.5590
20
71.0880
0
VERTEX
8
CUT
10
195.5735
20
71.0848
0
VERTEX
8
CUT
10
195.6668
20
71.0692
0
VERTEX
8
CUT
10
195.7076
20
71.0645
0
VERTEX
8
CUT
10
195.7547
20
71.0602
0
VERTEX
8
CUT
10
197.2790
20
70.9595
0
VERTEX
8
CUT
10
197.3254
20
70.9576
0
VERTEX
8
CUT
10
197.3656
20
70.9569
0
VERTEX
8
CUT
10
197.4583
20
70.9599
0
VERTEX
8
CUT
10
197.4729
20
70.9611
0
VERTEX
8
CUT
10
197.5649
20
70.9731
0
VERTEX
8
CUT
10
197.5793
20
70.9756
0
VERTEX
8
CUT
10
197.6696
20
70.9966
0
VERTEX
8
CUT
10
197.6837
20
71.0005
0
VERTEX
8
CUT
10
197.7716
20
71.0302
0
VERTEX
8
CUT
10
197.7852
20
71.0355
0
VERTEX
8
CUT
10
197.8698
20
71.0736
0
VERTEX
8
CUT
10
197.8828
20
71.0802
0
VERTEX
8
CUT
10
197.9633
20
71.1264
0
VERTEX
8
CUT
10
197.9756
20
71.1342
0
VERTEX
8
CUT
10
198.0512
20
71.1880
0
VERTEX
8
CUT
10
198.0626
20
71.1970
0
VERTEX
8
CUT
10
198.1326
20
71.2580
0
VERTEX
8
CUT
10
198.1431
20
71.2681
0
VERTEX
8
CUT
10
198.2069
20
71.3355
0
VERTEX
8
CUT
10
198.2163
20
71.3466
0
VERTEX
8
CUT
10
198.2732
20
71.4199
0
VERTEX
8
CUT
10
198.2815
20
71.4319
0
VERTEX
8
CUT
10
198.3309
20
71.5104
0
VERTEX
8
CUT
10
198.3381
20
71.5232
0
VERTEX
8
CUT
10
198.3796
20
71.6061
0
VERTEX
8
CUT
10
198.3854
20
71.6195
0
VERTEX
8
CUT
10
198.4186
20
71.7061
0
VERTEX
8
CUT
10
198.4232
20
71.7200
0
VERTEX
8
CUT
10
198.4478
20
71.8095
0
VERTEX
8
CUT
10
198.4509
20
71.8237
0
VERTEX
8
CUT
10
198.4666
20
71.9151
0
VERTEX
8
CUT
10
198.4684
20
71.9296
0
VERTEX
8
CUT
10
198.4751
20
72.0222
0
VERTEX
8
CUT
10
198.4755
20
72.0368
0
VERTEX
8
CUT
10
198.4732
20
72.1295
0
VERTEX
8
CUT
10
198.4721
20
72.1441
0
VERTEX
8
CUT
10
198.4607
20
72.2361
0
VERTEX
8
CUT
10
198.4582
20
72.2505
0
VERTEX
8
CUT
10
198.4379
20
72.3410
0
VERTEX
8
CUT
10
198.4340
20
72.3551
0
VERTEX
8
CUT
10
198.4049
20
72.4432
0
VERTEX
8
CUT
10
198.3997
20
72.4568
0
VERTEX
8
CUT
10
198.3466
20
72.5770
0
VERTEX
8
CUT
10
198.2716
20
72.7723
0
VERTEX
8
CUT
10
198.2165
20
72.9740
0
VERTEX
8
CUT
10
198.1817
20
73.1802
0
VERTEX
8
CUT
10
198.1676
20
73.3889
0
VERTEX
8
CUT
10
198.1743
20
73.5979
0
VERTEX
8
CUT
10
198.2018
20
73.8053
0
VERTEX
8
CUT
10
198.2497
20
74.0088
0
VERTEX
8
CUT
10
198.3177
20
74.2066
0
VERTEX
8
CUT
10
198.4050
20
74.3967
0
VERTEX
8
CUT
10
198.5108
20
74.5771
0
VERTEX
8
CUT
10
198.6340
20
74.7461
0
VERTEX
8
CUT
10
198.6901
20
74.8155
0
VERTEX
8
CUT
10
198.7184
20
74.8523
0
VERTEX
8
CUT
10
198.7421
20
74.8848
0
VERTEX
8
CUT
10
198.7931
20
74.9624
0
VERTEX
8
CUT
10
198.8005
20
74.9750
0
VERTEX
8
CUT
10
198.8437
20
75.0571
0
VERTEX
8
CUT
10
198.8607
20
75.0936
0
VERTEX
8
CUT
10
198.8793
20
75.1362
0
VERTEX
8
CUT
10
199.3815
20
76.3709
0
VERTEX
8
CUT
10
199.4008
20
76.4227
0
VERTEX
8
CUT
10
199.4261
20
76.4970
0
VERTEX
8
CUT
10
199.4423
20
76.5498
0
VERTEX
8
CUT
10
200.0725
20
78.8275
0
VERTEX
8
CUT
10
200.0841
20
78.8737
0
VERTEX
8
CUT
10
200.0931
20
78.9140
0
VERTEX
8
CUT
10
200.1091
20
79.0077
0
VERTEX
8
CUT
10
200.1141
20
79.0487
0
VERTEX
8
CUT
10
200.1185
20
79.0961
0
VERTEX
8
CUT
10
200.1893
20
80.1131
0
VERTEX
8
CUT
10
200.1912
20
80.1534
0
VERTEX
8
CUT
10
200.1922
20
80.1884
0
VERTEX
8
CUT
10
200.1909
20
80.2691
0
VERTEX
8
CUT
10
200.1902
20
80.2818
0
VERTEX
8
CUT
10
200.1821
20
80.3620
0
VERTEX
8
CUT
10
200.1771
20
80.3967
0
VERTEX
8
CUT
10
200.1705
20
80.4365
0
VERTEX
8
CUT
10
199.7488
20
82.6842
0
VERTEX
8
CUT
10
199.7252
20
82.8434
0
VERTEX
8
CUT
10
199.1628
20
87.9931
0
VERTEX
8
CUT
10
199.1540
20
88.0544
0
VERTEX
8
CUT
10
199.1388
20
88.1409
0
VERTEX
8
CUT
10
199.1261
20
88.2015
0
VERTEX
8
CUT
10
198.6280
20
90.2446
0
VERTEX
8
CUT
10
198.6160
20
90.2892
0
VERTEX
8
CUT
10
198.6047
20
90.3275
0
VERTEX
8
CUT
10
198.5742
20
90.4146
0
VERTEX
8
CUT
10
198.5592
20
90.4516
0
VERTEX
8
CUT
10
198.5409
20
90.4940
0
VERTEX
8
CUT
10
197.2764
20
93.2264
0
VERTEX
8
CUT
10
197.2560
20
93.2677
0
VERTEX
8
CUT
10
197.2376
20
93.3030
0
VERTEX
8
CUT
10
197.1911
20
93.3823
0
VERTEX
8
CUT
10
197.1693
20
93.4157
0
VERTEX
8
CUT
10
197.1432
20
93.4536
0
VERTEX
8
CUT
10
194.7138
20
96.8059
0
VERTEX
8
CUT
10
194.6887
20
96.8390
0
VERTEX
8
CUT
10
194.6663
20
96.8673
0
VERTEX
8
CUT
10
194.6118
20
96.9300
0
VERTEX
8
CUT
10
194.5870
20
96.9562
0
VERTEX
8
CUT
10
194.5578
20
96.9857
0
VERTEX
8
CUT
10
192.8227
20
98.6635
0
VERTEX
8
CUT
10
192.7845
20
98.6985
0
VERTEX
8
CUT
10
192.7506
20
98.7279
0
VERTEX
8
CUT
10
192.6688
20
98.7913
0
VERTEX
8
CUT
10
192.6319
20
98.8169
0
VERTEX
8
CUT
10
192.5885
20
98.8451
0
VERTEX
8
CUT
10
191.3893
20
99.5812
0
VERTEX
8
CUT
10
191.2901
20
99.6575
0
VERTEX
8
CUT
10
191.2476
20
99.6884
0
VERTEX
8
CUT
10
191.2100
20
99.7142
0
VERTEX
8
CUT
10
191.1202
20
99.7686
0
VERTEX
8
CUT
10
191.1056
20
99.7764
0
VERTEX
8
CUT
10
191.0103
20
99.8206
0
VERTEX
8
CUT
10
190.9680
20
99.8374
0
VERTEX
8
CUT
10
190.9186
20
99.8555
0
VERTEX
8
CUT
10
190.9080
20
99.8591
0
VERTEX
8
CUT
10
190.9072
20
99.8595
0
VERTEX
8
CUT
10
190.8922
20
99.8656
0
VERTEX
8
CUT
10
190.7946
20
99.8993
0
VERTEX
8
CUT
10
190.7515
20
99.9116
0
VERTEX
8
CUT
10
190.7507
20
99.9118
0
VERTEX
8
CUT
10
190.0752
20
100.1385
0
VERTEX
8
CUT
10
190.0335
20
100.1514
0
VERTEX
8
CUT
10
189.9971
20
100.1618
0
VERTEX
8
CUT
10
189.9122
20
100.1818
0
VERTEX
8
CUT
10
189.8987
20
100.1843
0
VERTEX
8
CUT
10
189.8124
20
100.1965
0
VERTEX
8
CUT
10
189.7987
20
100.1978
0
VERTEX
8
CUT
10
189.7116
20
100.2020
0
VERTEX
8
CUT
10
189.6738
20
100.2020
0
VERTEX
8
CUT
10
189.6302
20
100.2011
0
VERTEX
8
CUT
10
189.5105
20
100.1959
0
VERTEX
8
CUT
10
189.4062
20
100.2196
0
VERTEX
8
CUT
10
189.3593
20
100.2291
0
VERTEX
8
CUT
10
189.3184
20
100.2363
0
VERTEX
8
CUT
10
189.2235
20
100.2480
0
VERTEX
8
CUT
10
189.2085
20
100.2491
0
VERTEX
8
CUT
10
189.1128
20
100.2513
0
VERTEX
8
CUT
10
189.0713
20
100.2501
0
VERTEX
8
CUT
10
189.0235
20
100.2476
0
VERTEX
8
CUT
10
188.6718
20
100.2200
0
VERTEX
8
CUT
10
188.6254
20
100.2152
0
VERTEX
8
CUT
10
188.5853
20
100.2100
0
VERTEX
8
CUT
10
188.4937
20
100.1937
0
VERTEX
8
CUT
10
188.4794
20
100.1904
0
VERTEX
8
CUT
10
188.3898
20
100.1652
0
VERTEX
8
CUT
10
188.3759
20
100.1605
0
VERTEX
8
CUT
10
188.2891
20
100.1266
0
VERTEX
8
CUT
10
188.2758
20
100.1206
0
VERTEX
8
CUT
10
188.1928
20
100.0784
0
VERTEX
8
CUT
10
188.1801
20
100.0711
0
VERTEX
8
CUT
10
188.1016
20
100.0209
0
VERTEX
8
CUT
10
188.0897
20
100.0124
0
VERTEX
8
CUT
10
188.0165
20
99.9548
0
VERTEX
8
CUT
10
188.0055
20
99.9452
0
VERTEX
8
CUT
10
187.9383
20
99.8807
0
VERTEX
8
CUT
10
187.9283
20
99.8700
0
VERTEX
8
CUT
10
187.8677
20
99.7993
0
VERTEX
8
CUT
10
187.8588
20
99.7877
0
VERTEX
8
CUT
10
187.8055
20
99.7113
0
VERTEX
8
CUT
10
187.7977
20
99.6989
0
VERTEX
8
CUT
10
187.7521
20
99.6177
0
VERTEX
8
CUT
10
187.7456
20
99.6046
0
VERTEX
8
CUT
10
187.7082
20
99.5193
0
VERTEX
8
CUT
10
187.7030
20
99.5056
0
VERTEX
8
CUT
10
187.6742
20
99.4171
0
VERTEX
8
CUT
10
187.6703
20
99.4029
0
VERTEX
8
CUT
10
187.6503
20
99.3120
0
VERTEX
8
CUT
10
187.6478
20
99.2975
0
VERTEX
8
CUT
10
187.6368
20
99.2051
0
VERTEX
8
CUT
10
187.6358
20
99.1905
0
VERTEX
8
CUT
10
187.6339
20
99.0974
0
VERTEX
8
CUT
10
187.6350
20
99.0570
0
VERTEX
8
CUT
10
187.6375
20
99.0104
0
VERTEX
8
CUT
10
187.6410
20
98.9654
0
VERTEX
8
CUT
10
187.6467
20
98.9115
0
VERTEX
8
CUT
10
187.6530
20
98.8649
0
VERTEX
8
CUT
10
187.6736
20
98.7587
0
VERTEX
8
CUT
10
187.6778
20
98.7422
0
VERTEX
8
CUT
10
187.7104
20
98.6390
0
VERTEX
8
CUT
10
187.7271
20
98.5951
0
VERTEX
8
CUT
10
187.7477
20
98.5450
0
VERTEX
8
CUT
10
188.0268
20
97.9197
0
VERTEX
8
CUT
10
188.0432
20
97.8848
0
VERTEX
8
CUT
10
188.0581
20
97.8549
0
VERTEX
8
CUT
10
188.0951
20
97.7873
0
VERTEX
8
CUT
10
188.1124
20
97.7586
0
VERTEX
8
CUT
10
188.1329
20
97.7260
0
VERTEX
8
CUT
10
188.4292
20
97.2759
0
VERTEX
8
CUT
10
188.4392
20
97.2563
0
VERTEX
8
CUT
10
188.4714
20
97.1987
0
VERTEX
8
CUT
10
188.5199
20
97.1184
0
VERTEX
8
CUT
10
188.5561
20
97.0631
0
VERTEX
8
CUT
10
188.7594
20
96.7742
0
VERTEX
8
CUT
10
191.3165
20
92.8897
0
VERTEX
8
CUT
10
191.4003
20
92.7509
0
VERTEX
8
CUT
10
191.4732
20
92.6061
0
VERTEX
8
CUT
10
192.2713
20
90.8554
0
VERTEX
8
CUT
10
192.3380
20
90.6908
0
VERTEX
8
CUT
10
192.3907
20
90.5211
0
VERTEX
8
CUT
10
192.4288
20
90.3476
0
VERTEX
8
CUT
10
192.6530
20
89.0710
0
VERTEX
8
CUT
10
192.6802
20
88.8439
0
VERTEX
8
CUT
10
192.6826
20
88.6151
0
VERTEX
8
CUT
10
192.6601
20
88.3875
0
VERTEX
8
CUT
10
192.2998
20
86.0523
0
VERTEX
8
CUT
10
192.2946
20
86.0126
0
VERTEX
8
CUT
10
192.2907
20
85.9780
0
VERTEX
8
CUT
10
192.2852
20
85.8980
0
VERTEX
8
CUT
10
192.2849
20
85.8854
0
VERTEX
8
CUT
10
192.2862
20
85.8053
0
VERTEX
8
CUT
10
192.2882
20
85.7705
0
VERTEX
8
CUT
10
192.2913
20
85.7306
0
VERTEX
8
CUT
10
192.4355
20
84.2973
0
VERTEX
8
CUT
10
192.4414
20
84.2506
0
VERTEX
8
CUT
10
192.4514
20
84.1844
0
VERTEX
8
CUT
10
192.4596
20
84.1379
0
VERTEX
8
CUT
10
193.6479
20
78.2608
0
VERTEX
8
CUT
10
193.6569
20
78.2210
0
VERTEX
8
CUT
10
193.6654
20
78.1867
0
VERTEX
8
CUT
10
193.6883
20
78.1084
0
VERTEX
8
CUT
10
193.6997
20
78.0749
0
VERTEX
8
CUT
10
193.7137
20
78.0366
0
VERTEX
8
CUT
10
193.9524
20
77.4235
0
VERTEX
8
CUT
10
194.0177
20
77.2280
0
VERTEX
8
CUT
10
194.0635
20
77.0269
0
VERTEX
8
CUT
10
194.0894
20
76.8224
0
VERTEX
8
CUT
10
194.0950
20
76.6163
0
VERTEX
8
CUT
10
194.0805
20
76.4107
0
VERTEX
8
CUT
10
194.0458
20
76.2074
0
VERTEX
8
CUT
10
193.9914
20
76.0086
0
VERTEX
8
CUT
10
193.9178
20
75.8160
0
VERTEX
8
CUT
10
193.8256
20
75.6316
0
VERTEX
8
CUT
10
193.7158
20
75.4571
0
VERTEX
8
CUT
10
193.5894
20
75.2942
0
VERTEX
8
CUT
10
193.4476
20
75.1446
0
VERTEX
8
CUT
10
193.2919
20
75.0095
0
VERTEX
8
CUT
10
193.1236
20
74.8903
0
VERTEX
8
CUT
10
192.9445
20
74.7882
0
VERTEX
8
CUT
10
192.7562
20
74.7042
0
VERTEX
8
CUT
10
192.5606
20
74.6391
0
VERTEX
8
CUT
10
192.3596
20
74.5934
0
VERTEX
8
CUT
10
192.1551
20
74.5677
0
VERTEX
8
CUT
10
191.9490
20
74.5621
0
VERTEX
8
CUT
10
191.7433
20
74.5768
0
VERTEX
8
CUT
10
191.5401
20
74.6116
0
VERTEX
8
CUT
10
191.3413
20
74.6661
0
VERTEX
8
CUT
10
191.1488
20
74.7399
0
VERTEX
8
CUT
10
190.9644
20
74.8322
0
VERTEX
8
CUT
10
190.1219
20
75.3070
0
VERTEX
8
CUT
10
189.9723
20
75.3998
0
VERTEX
8
CUT
10
189.8309
20
75.5049
0
VERTEX
8
CUT
10
185.0641
20
79.3674
0
VERTEX
8
CUT
10
185.0274
20
79.3957
0
VERTEX
8
CUT
10
184.9950
20
79.4194
0
VERTEX
8
CUT
10
184.9177
20
79.4704
0
VERTEX
8
CUT
10
184.9052
20
79.4778
0
VERTEX
8
CUT
10
184.8097
20
79.5282
0
VERTEX
8
CUT
10
184.6294
20
79.6353
0
VERTEX
8
CUT
10
184.4606
20
79.7599
0
VERTEX
8
CUT
10
184.3051
20
79.9006
0
VERTEX
8
CUT
10
184.1644
20
80.0562
0
VERTEX
8
CUT
10
184.0399
20
80.2250
0
VERTEX
8
CUT
10
183.9329
20
80.4054
0
VERTEX
8
CUT
10
183.9269
20
80.4168
0
VERTEX
8
CUT
10
183.9193
20
80.4296
0
VERTEX
8
CUT
10
183.8673
20
80.5082
0
VERTEX
8
CUT
10
183.8585
20
80.5201
0
VERTEX
8
CUT
10
183.7989
20
80.5932
0
VERTEX
8
CUT
10
183.7715
20
80.6236
0
VERTEX
8
CUT
10
183.7390
20
80.6579
0
VERTEX
8
CUT
10
182.7431
20
81.6575
0
VERTEX
8
CUT
10
182.6051
20
81.8104
0
VERTEX
8
CUT
10
182.4827
20
81.9760
0
VERTEX
8
CUT
10
182.3771
20
82.1529
0
VERTEX
8
CUT
10
182.2894
20
82.3392
0
VERTEX
8
CUT
10
182.2203
20
82.5333
0
VERTEX
8
CUT
10
182.1706
20
82.7331
0
VERTEX
8
CUT
10
182.1407
20
82.9369
0
VERTEX
8
CUT
10
182.1309
20
83.1426
0
VERTEX
8
CUT
10
182.1412
20
83.3483
0
VERTEX
8
CUT
10
182.1717
20
83.5520
0
VERTEX
8
CUT
10
182.3779
20
84.5815
0
VERTEX
8
CUT
10
182.3866
20
84.6321
0
VERTEX
8
CUT
10
182.3930
20
84.6762
0
VERTEX
8
CUT
10
182.4022
20
84.7785
0
VERTEX
8
CUT
10
182.4037
20
84.8231
0
VERTEX
8
CUT
10
182.4042
20
84.8745
0
VERTEX
8
CUT
10
182.3952
20
85.3523
0
VERTEX
8
CUT
10
182.3933
20
85.3970
0
VERTEX
8
CUT
10
182.3907
20
85.4358
0
VERTEX
8
CUT
10
182.3806
20
85.5247
0
VERTEX
8
CUT
10
182.3784
20
85.5386
0
VERTEX
8
CUT
10
182.3599
20
85.6261
0
VERTEX
8
CUT
10
182.3564
20
85.6397
0
VERTEX
8
CUT
10
182.3298
20
85.7252
0
VERTEX
8
CUT
10
182.3250
20
85.7384
0
VERTEX
8
CUT
10
182.2905
20
85.8209
0
VERTEX
8
CUT
10
182.2845
20
85.8337
0
VERTEX
8
CUT
10
182.2424
20
85.9126
0
VERTEX
8
CUT
10
182.2225
20
85.9460
0
VERTEX
8
CUT
10
182.1987
20
85.9839
0
VERTEX
8
CUT
10
182.0936
20
86.1427
0
VERTEX
8
CUT
10
182.0611
20
86.1888
0
VERTEX
8
CUT
10
182.0317
20
86.2279
0
VERTEX
8
CUT
10
181.9588
20
86.3139
0
VERTEX
8
CUT
10
181.9251
20
86.3493
0
VERTEX
8
CUT
10
181.8849
20
86.3889
0
VERTEX
8
CUT
10
180.3754
20
87.7917
0
VERTEX
8
CUT
10
180.2357
20
87.9345
0
VERTEX
8
CUT
10
180.1101
20
88.0900
0
VERTEX
8
CUT
10
179.9999
20
88.2568
0
VERTEX
8
CUT
10
179.9061
20
88.4332
0
VERTEX
8
CUT
10
179.8295
20
88.6178
0
VERTEX
8
CUT
10
179.7707
20
88.8088
0
VERTEX
8
CUT
10
179.6468
20
89.2924
0
VERTEX
8
CUT
10
179.6055
20
89.4946
0
VERTEX
8
CUT
10
179.5842
20
89.6998
0
VERTEX
8
CUT
10
179.5832
20
89.9061
0
VERTEX
8
CUT
10
179.6125
20
90.5702
0
VERTEX
8
CUT
10
179.6304
20
90.7668
0
VERTEX
8
CUT
10
179.6668
20
90.9609
0
VERTEX
8
CUT
10
179.7212
20
91.1507
0
VERTEX
8
CUT
10
179.7932
20
91.3345
0
VERTEX
8
CUT
10
179.8822
20
91.5108
0
VERTEX
8
CUT
10
179.9873
20
91.6779
0
VERTEX
8
CUT
10
180.1076
20
91.8345
0
VERTEX
8
CUT
10
180.2422
20
91.9790
0
VERTEX
8
CUT
10
180.3897
20
92.1103
0
VERTEX
8
CUT
10
180.5488
20
92.2271
0
VERTEX
8
CUT
10
180.7183
20
92.3285
0
VERTEX
8
CUT
10
180.8374
20
92.3923
0
VERTEX
8
CUT
10
180.8498
20
92.3997
0
VERTEX
8
CUT
10
180.9257
20
92.4504
0
VERTEX
8
CUT
10
180.9373
20
92.4589
0
VERTEX
8
CUT
10
181.0080
20
92.5167
0
VERTEX
8
CUT
10
181.0187
20
92.5263
0
VERTEX
8
CUT
10
181.0836
20
92.5905
0
VERTEX
8
CUT
10
181.0933
20
92.6011
0
VERTEX
8
CUT
10
181.1517
20
92.6713
0
VERTEX
8
CUT
10
181.1603
20
92.6828
0
VERTEX
8
CUT
10
181.2117
20
92.7583
0
VERTEX
8
CUT
10
181.2192
20
92.7705
0
VERTEX
8
CUT
10
181.2631
20
92.8506
0
VERTEX
8
CUT
10
181.2694
20
92.8635
0
VERTEX
8
CUT
10
181.3054
20
92.9474
0
VERTEX
8
CUT
10
181.3104
20
92.9609
0
VERTEX
8
CUT
10
181.3382
20
93.0479
0
VERTEX
8
CUT
10
181.3419
20
93.0618
0
VERTEX
8
CUT
10
181.3612
20
93.1510
0
VERTEX
8
CUT
10
181.3635
20
93.1652
0
VERTEX
8
CUT
10
181.3741
20
93.2559
0
VERTEX
8
CUT
10
181.3751
20
93.2702
0
VERTEX
8
CUT
10
181.3770
20
93.3615
0
VERTEX
8
CUT
10
181.3766
20
93.3759
0
VERTEX
8
CUT
10
181.3697
20
93.4669
0
VERTEX
8
CUT
10
181.3679
20
93.4812
0
VERTEX
8
CUT
10
181.3523
20
93.5711
0
VERTEX
8
CUT
10
181.3491
20
93.5852
0
VERTEX
8
CUT
10
181.3249
20
93.6732
0
VERTEX
8
CUT
10
181.3204
20
93.6869
0
VERTEX
8
CUT
10
181.2879
20
93.7722
0
VERTEX
8
CUT
10
181.2821
20
93.7853
0
VERTEX
8
CUT
10
181.2415
20
93.8671
0
VERTEX
8
CUT
10
181.2222
20
93.9017
0
VERTEX
8
CUT
10
181.1990
20
93.9411
0
VERTEX
8
CUT
10
180.1589
20
95.6116
0
VERTEX
8
CUT
10
180.1238
20
95.6639
0
VERTEX
8
CUT
10
180.0716
20
95.7366
0
VERTEX
8
CUT
10
180.0331
20
95.7865
0
VERTEX
8
CUT
10
178.2339
20
97.9679
0
VERTEX
8
CUT
10
178.2019
20
98.0048
0
VERTEX
8
CUT
10
178.1550
20
98.0561
0
VERTEX
8
CUT
10
178.1211
20
98.0913
0
VERTEX
8
CUT
10
176.1763
20
100.0081
0
VERTEX
8
CUT
10
176.1295
20
100.0513
0
VERTEX
8
CUT
10
176.0610
20
100.1103
0
VERTEX
8
CUT
10
176.0114
20
100.1502
0
VERTEX
8
CUT
10
163.4052
20
109.6163
0
VERTEX
8
CUT
10
163.3698
20
109.6416
0
VERTEX
8
CUT
10
163.3385
20
109.6629
0
VERTEX
8
CUT
10
163.2645
20
109.7086
0
VERTEX
8
CUT
10
163.2314
20
109.7269
0
VERTEX
8
CUT
10
163.1929
20
109.7472
0
VERTEX
8
CUT
10
163.0619
20
109.8122
0
VERTEX
8
CUT
10
162.8120
20
110.0004
0
VERTEX
8
CUT
10
162.7768
20
110.0257
0
VERTEX
8
CUT
10
162.7458
20
110.0469
0
VERTEX
8
CUT
10
162.6723
20
110.0925
0
VERTEX
8
CUT
10
162.6604
20
110.0991
0
VERTEX
8
CUT
10
162.5830
20
110.1378
0
VERTEX
8
CUT
10
162.5705
20
110.1433
0
VERTEX
8
CUT
10
162.4899
20
110.1748
0
VERTEX
8
CUT
10
162.4770
20
110.1792
0
VERTEX
8
CUT
10
162.3938
20
110.2032
0
VERTEX
8
CUT
10
162.3573
20
110.2119
0
VERTEX
8
CUT
10
162.3150
20
110.2210
0
VERTEX
8
CUT
10
162.1014
20
110.2621
0
VERTEX
8
CUT
10
162.0553
20
110.2698
0
VERTEX
8
CUT
10
162.0435
20
110.2714
0
VERTEX
8
CUT
10
161.9749
20
110.2833
0
VERTEX
8
CUT
10
161.9606
20
110.2850
0
VERTEX
8
CUT
10
161.8691
20
110.2918
0
SEQEND
0
POLYLINE
8
CUT
66
1
70
1
10
0.0
20
0.0
30
0.0
0
VERTEX
8
CUT
10
190.2256
20
197.7643
0
VERTEX
8
CUT
10
190.2358
20
197.6694
0
VERTEX
8
CUT
10
190.2381
20
197.6546
0
VERTEX
8
CUT
10
190.2578
20
197.5611
0
VERTEX
8
CUT
10
190.2616
20
197.5466
0
VERTEX
8
CUT
10
190.2905
20
197.4557
0
VERTEX
8
CUT
10
190.2958
20
197.4416
0
VERTEX
8
CUT
10
190.3337
20
197.3540
0
VERTEX
8
CUT
10
190.3404
20
197.3405
0
VERTEX
8
CUT
10
190.3869
20
197.2572
0
VERTEX
8
CUT
10
190.3948
20
197.2445
0
VERTEX
8
CUT
10
190.4495
20
197.1662
0
VERTEX
8
CUT
10
190.4587
20
197.1543
0
VERTEX
8
CUT
10
190.5209
20
197.0820
0
VERTEX
8
CUT
10
190.5313
20
197.0711
0
VERTEX
8
CUT
10
190.6005
20
197.0053
0
VERTEX
8
CUT
10
190.6119
20
196.9955
0
VERTEX
8
CUT
10
190.6873
20
196.9371
0
VERTEX
8
CUT
10
190.6996
20
196.9285
0
VERTEX
8
CUT
10
190.7806
20
196.8779
0
VERTEX
8
CUT
10
190.7937
20
196.8706
0
VERTEX
8
CUT
10
190.8793
20
196.8283
0
VERTEX
8
CUT
10
190.8931
20
196.8224
0
VERTEX
8
CUT
10
190.9825
20
196.7890
0
VERTEX
8
CUT
10
190.9968
20
196.7844
0
VERTEX
8
CUT
10
191.0891
20
196.7602
0
VERTEX
8
CUT
10
191.1038
20
196.7571
0
VERTEX
8
CUT
10
191.1981
20
196.7422
0
VERTEX
8
CUT
10
191.2393
20
196.7378
0
VERTEX
8
CUT
10
191.2724
20
196.7351
0
VERTEX
8
CUT
10
191.3028
20
196.7342
0
VERTEX
8
CUT
10
191.3424
20
196.7339
0
VERTEX
8
CUT
10
191.4335
20
196.7375
0
VERTEX
8
CUT
10
191.4478
20
196.7388
0
VERTEX
8
CUT
10
191.5382
20
196.7512
0
VERTEX
8
CUT
10
191.5524
20
196.7539
0
VERTEX
8
CUT
10
191.6411
20
196.7749
0
VERTEX
8
CUT
10
191.6549
20
196.7789
0
VERTEX
8
CUT
10
191.7413
20
196.8083
0
VERTEX
8
CUT
10
191.7781
20
196.8229
0
VERTEX
8
CUT
10
191.8201
20
196.8407
0
VERTEX
8
CUT
10
192.0850
20
196.9605
0
VERTEX
8
CUT
10
192.2962
20
197.0382
0
VERTEX
8
CUT
10
192.3306
20
197.0516
0
VERTEX
8
CUT
10
192.3602
20
197.0639
0
VERTEX
8
CUT
10
192.4273
20
197.0946
0
VERTEX
8
CUT
10
192.4558
20
197.1091
0
VERTEX
8
CUT
10
192.4884
20
197.1264
0
VERTEX
8
CUT
10
192.6483
20
197.2154
0
VERTEX
8
CUT
10
193.1471
20
197.4411
0
VERTEX
8
CUT
10
193.1983
20
197.4661
0
VERTEX
8
CUT
10
193.2697
20
197.5037
0
VERTEX
8
CUT
10
193.3193
20
197.5318
0
VERTEX
8
CUT
10
194.4778
20
198.2337
0
VERTEX
8
CUT
10
194.6259
20
198.3161
0
VERTEX
8
CUT
10
194.6616
20
198.3370
0
VERTEX
8
CUT
10
194.6921
20
198.3557
0
VERTEX
8
CUT
10
194.7605
20
198.4020
0
VERTEX
8
CUT
10
194.7818
20
198.4179
0
VERTEX
8
CUT
10
194.9634
20
198.5279
0
VERTEX
8
CUT
10
195.0076
20
198.5563
0
VERTEX
8
CUT
10
195.0452
20
198.5820
0
VERTEX
8
CUT
10
195.1284
20
198.6460
0
VERTEX
8
CUT
10
195.1629
20
198.6757
0
VERTEX
8
CUT
10
195.2018
20
198.7111
0
VERTEX
8
CUT
10
195.5080
20
199.0056
0
VERTEX
8
CUT
10
195.5366
20
199.0288
0
VERTEX
8
CUT
10
195.5725
20
199.0595
0
VERTEX
8
CUT
10
195.6030
20
199.0869
0
VERTEX
8
CUT
10
195.6700
20
199.1533
0
VERTEX
8
CUT
10
195.6800
20
199.1643
0
VERTEX
8
CUT
10
195.7071
20
199.1972
0
VERTEX
8
CUT
10
197.4474
20
200.8710
0
VERTEX
8
CUT
10
197.4867
20
200.9111
0
VERTEX
8
CUT
10
197.5197
20
200.9469
0
VERTEX
8
CUT
10
197.5908
20
201.0336
0
VERTEX
8
CUT
10
197.6194
20
201.0730
0
VERTEX
8
CUT
10
197.6510
20
201.1194
0
VERTEX
8
CUT
10
199.3481
20
203.7765
0
VERTEX
8
CUT
10
199.3765
20
203.8239
0
VERTEX
8
CUT
10
199.3999
20
203.8658
0
VERTEX
8
CUT
10
199.4481
20
203.9651
0
VERTEX
8
CUT
10
199.4665
20
204.0093
0
VERTEX
8
CUT
10
199.4862
20
204.0609
0
VERTEX
8
CUT
10
199.9649
20
205.4334
0
VERTEX
8
CUT
10
199.9792
20
205.4777
0
VERTEX
8
CUT
10
199.9906
20
205.5164
0
VERTEX
8
CUT
10
200.0125
20
205.6068
0
VERTEX
8
CUT
10
200.0152
20
205.6212
0
VERTEX
8
CUT
10
200.0282
20
205.7133
0
VERTEX
8
CUT
10
200.0295
20
205.7278
0
VERTEX
8
CUT
10
200.0334
20
205.8207
0
VERTEX
8
CUT
10
200.0332
20
205.8354
0
VERTEX
8
CUT
10
200.0280
20
205.9282
0
VERTEX
8
CUT
10
200.0265
20
205.9428
0
VERTEX
8
CUT
10
200.0122
20
206.0346
0
VERTEX
8
CUT
10
200.0092
20
206.0490
0
VERTEX
8
CUT
10
199.9860
20
206.1390
0
VERTEX
8
CUT
10
199.9817
20
206.1530
0
VERTEX
8
CUT
10
199.9498
20
206.2403
0
VERTEX
8
CUT
10
199.9441
20
206.2538
0
VERTEX
8
CUT
10
199.9038
20
206.3376
0
VERTEX
8
CUT
10
199.8968
20
206.3505
0
VERTEX
8
CUT
10
199.8485
20
206.4299
0
VERTEX
8
CUT
10
199.8403
20
206.4420
0
VERTEX
8
CUT
10
199.7844
20
206.5164
0
VERTEX
8
CUT
10
199.7751
20
206.5276
0
VERTEX
8
CUT
10
199.7122
20
206.5962
0
VERTEX
8
CUT
10
199.7018
20
206.6064
0
VERTEX
8
CUT
10
199.6326
20
206.6685
0
VERTEX
8
CUT
10
199.6212
20
206.6777
0
VERTEX
8
CUT
10
199.5462
20
206.7327
0
VERTEX
8
CUT
10
199.5340
20
206.7408
0
VERTEX
8
CUT
10
199.4540
20
206.7881
0
VERTEX
8
CUT
10
199.4411
20
206.7950
0
VERTEX
8
CUT
10
199.3568
20
206.8343
0
VERTEX
8
CUT
10
199.3433
20
206.8398
0
VERTEX
8
CUT
10
199.2556
20
206.8707
0
VERTEX
8
CUT
10
199.2415
20
206.8749
0
VERTEX
8
CUT
10
199.1512
20
206.8970
0
VERTEX
8
CUT
10
199.1369
20
206.8998
0
VERTEX
8
CUT
10
199.0448
20
206.9131
0
VERTEX
8
CUT
10
199.0303
20
206.9144
0
VERTEX
8
CUT
10
198.9374
20
206.9186
0
VERTEX
8
CUT
10
198.9228
20
206.9185
0
VERTEX
8
CUT
10
198.8299
20
206.9136
0
VERTEX
8
CUT
10
198.8153
20
206.9121
0
VERTEX
8
CUT
10
198.6726
20
206.8903
0
VERTEX
8
CUT
10
198.6723
20
206.8917
0
VERTEX
8
CUT
10
198.5442
20
206.8723
0
VERTEX
8
CUT
10
198.3352
20
206.8617
0
VERTEX
8
CUT
10
198.1262
20
206.8720
0
VERTEX
8
CUT
10
197.9193
20
206.9029
0
VERTEX
8
CUT
10
197.7164
20
206.9544
0
VERTEX
8
CUT
10
197.5197
20
207.0257
0
VERTEX
8
CUT
10
197.3311
20
207.1163
0
VERTEX
8
CUT
10
197.1524
20
207.2252
0
VERTEX
8
CUT
10
196.9855
20
207.3514
0
VERTEX
8
CUT
10
196.8319
20
207.4935
0
VERTEX
8
CUT
10
196.6932
20
207.6502
0
VERTEX
8
CUT
10
196.5709
20
207.8200
0
VERTEX
8
CUT
10
196.4660
20
208.0010
0
VERTEX
8
CUT
10
196.3796
20
208.1917
0
VERTEX
8
CUT
10
196.3127
20
208.3899
0
VERTEX
8
CUT
10
196.2658
20
208.5938
0
VERTEX
8
CUT
10
196.2395
20
208.8014
0
VERTEX
8
CUT
10
196.2339
20
209.0106
0
VERTEX
8
CUT
10
196.2492
20
209.2193
0
VERTEX
8
CUT
10
196.4026
20
210.4599
0
VERTEX
8
CUT
10
196.4070
20
210.5041
0
VERTEX
8
CUT
10
196.4099
20
210.5426
0
VERTEX
8
CUT
10
196.4125
20
210.6313
0
VERTEX
8
CUT
10
196.4123
20
210.6453
0
VERTEX
8
CUT
10
196.4066
20
210.7338
0
VERTEX
8
CUT
10
196.4050
20
210.7477
0
VERTEX
8
CUT
10
196.3911
20
210.8354
0
VERTEX
8
CUT
10
196.3883
20
210.8491
0
VERTEX
8
CUT
10
196.3662
20
210.9351
0
VERTEX
8
CUT
10
196.3621
20
210.9484
0
VERTEX
8
CUT
10
196.3321
20
211.0320
0
VERTEX
8
CUT
10
196.3268
20
211.0449
0
VERTEX
8
CUT
10
196.2891
20
211.1253
0
VERTEX
8
CUT
10
196.2712
20
211.1593
0
VERTEX
8
CUT
10
196.2495
20
211.1981
0
VERTEX
8
CUT
10
195.0309
20
213.2698
0
VERTEX
8
CUT
10
194.9376
20
213.4472
0
VERTEX
8
CUT
10
194.8617
20
213.6327
0
VERTEX
8
CUT
10
194.8038
20
213.8246
0
VERTEX
8
CUT
10
194.3632
20
215.5847
0
VERTEX
8
CUT
10
194.3225
20
215.7906
0
VERTEX
8
CUT
10
194.3025
20
215.9995
0
VERTEX
8
CUT
10
194.3035
20
216.2093
0
VERTEX
8
CUT
10
194.4723
20
219.2958
0
VERTEX
8
CUT
10
194.4918
20
219.4886
0
VERTEX
8
CUT
10
194.5290
20
219.6788
0
VERTEX
8
CUT
10
194.5836
20
219.8647
0
VERTEX
8
CUT
10
194.6551
20
220.0449
0
VERTEX
8
CUT
10
195.0074
20
220.8257
0
VERTEX
8
CUT
10
195.1057
20
221.0167
0
VERTEX
8
CUT
10
195.2229
20
221.1967
0
VERTEX
8
CUT
10
195.3579
20
221.3637
0
VERTEX
8
CUT
10
195.5093
20
221.5161
0
VERTEX
8
CUT
10
195.6309
20
221.6266
0
VERTEX
8
CUT
10
195.7869
20
221.7552
0
VERTEX
8
CUT
10
195.9545
20
221.8682
0
VERTEX
8
CUT
10
196.1323
20
221.9645
0
VERTEX
8
CUT
10
196.3748
20
222.0813
0
VERTEX
8
CUT
10
196.5552
20
222.1579
0
VERTEX
8
CUT
10
196.7419
20
222.2175
0
VERTEX
8
CUT
10
196.9335
20
222.2593
0
VERTEX
8
CUT
10
197.1280
20
222.2831
0
VERTEX
8
CUT
10
197.8425
20
222.3369
0
VERTEX
8
CUT
10
198.0223
20
222.3427
0
VERTEX
8
CUT
10
198.2020
20
222.3331
0
VERTEX
8
CUT
10
198.2422
20
222.3292
0
VERTEX
8
CUT
10
198.2571
20
222.3285
0
VERTEX
8
CUT
10
198.3517
20
222.3288
0
VERTEX
8
CUT
10
198.3666
20
222.3296
0
VERTEX
8
CUT
10
198.4607
20
222.3394
0
VERTEX
8
CUT
10
198.4754
20
222.3416
0
VERTEX
8
CUT
10
198.5681
20
222.3607
0
VERTEX
8
CUT
10
198.5825
20
222.3644
0
VERTEX
8
CUT
10
198.6729
20
222.3926
0
VERTEX
8
CUT
10
198.6869
20
222.3978
0
VERTEX
8
CUT
10
198.7739
20
222.4348
0
VERTEX
8
CUT
10
198.7873
20
222.4413
0
VERTEX
8
CUT
10
198.8703
20
222.4869
0
VERTEX
8
CUT
10
198.8829
20
222.4947
0
VERTEX
8
CUT
10
198.9609
20
222.5482
0
VERTEX
8
CUT
10
198.9728
20
222.5573
0
VERTEX
8
CUT
10
199.0451
20
222.6183
0
VERTEX
8
CUT
10
199.0560
20
222.6285
0
VERTEX
8
CUT
10
199.1218
20
222.6964
0
VERTEX
8
CUT
10
199.1316
20
222.7076
0
VERTEX
8
CUT
10
199.1904
20
222.7818
0
VERTEX
8
CUT
10
199.1990
20
222.7939
0
VERTEX
8
CUT
10
199.2501
20
222.8736
0
VERTEX
8
CUT
10
199.2575
20
222.8865
0
VERTEX
8
CUT
10
199.3004
20
222.9709
0
VERTEX
8
CUT
10
199.3065
20
222.9844
0
VERTEX
8
CUT
10
199.3408
20
223.0726
0
VERTEX
8
CUT
10
199.3455
20
223.0868
0
VERTEX
8
CUT
10
199.3708
20
223.1779
0
VERTEX
8
CUT
10
199.3798
20
223.2180
0
VERTEX
8
CUT
10
199.3890
20
223.2645
0
VERTEX
8
CUT
10
199.4229
20
223.4604
0
VERTEX
8
CUT
10
199.4309
20
223.5166
0
VERTEX
8
CUT
10
199.4399
20
223.5967
0
VERTEX
8
CUT
10
199.4445
20
223.6532
0
VERTEX
8
CUT
10
199.6139
20
226.9211
0
VERTEX
8
CUT
10
199.6152
20
226.9683
0
VERTEX
8
CUT
10
199.6153
20
227.0093
0
VERTEX
8
CUT
10
199.6108
20
227.1035
0
VERTEX
8
CUT
10
199.6093
20
227.1183
0
VERTEX
8
CUT
10
199.5955
20
227.2116
0
VERTEX
8
CUT
10
199.5926
20
227.2262
0
VERTEX
8
CUT
10
199.5696
20
227.3177
0
VERTEX
8
CUT
10
199.5653
20
227.3319
0
VERTEX
8
CUT
10
199.5333
20
227.4206
0
VERTEX
8
CUT
10
199.5276
20
227.4343
0
VERTEX
8
CUT
10
199.4869
20
227.5195
0
VERTEX
8
CUT
10
199.4799
20
227.5325
0
VERTEX
8
CUT
10
199.4310
20
227.6132
0
VERTEX
8
CUT
10
199.3974
20
227.6629
0
VERTEX
8
CUT
10
199.2871
20
227.8453
0
VERTEX
8
CUT
10
199.1959
20
228.0380
0
VERTEX
8
CUT
10
199.1247
20
228.2390
0
VERTEX
8
CUT
10
199.0743
20
228.4461
0
VERTEX
8
CUT
10
199.0451
20
228.6573
0
VERTEX
8
CUT
10
199.0374
20
228.8704
0
VERTEX
8
CUT
10
199.0514
20
229.0831
0
VERTEX
8
CUT
10
199.0869
20
229.2933
0
VERTEX
8
CUT
10
199.1436
20
229.4989
0
VERTEX
8
CUT
10
199.2207
20
229.6976
0
VERTEX
8
CUT
10
199.3177
20
229.8875
0
VERTEX
8
CUT
10
199.4334
20
230.0666
0
VERTEX
8
CUT
10
199.5666
20
230.2330
0
VERTEX
8
CUT
10
199.7161
20
230.3851
0
VERTEX
8
CUT
10
199.7165
20
230.3854
0
VERTEX
8
CUT
10
199.7267
20
230.3958
0
VERTEX
8
CUT
10
199.7884
20
230.4647
0
VERTEX
8
CUT
10
199.7975
20
230.4760
0
VERTEX
8
CUT
10
199.8522
20
230.5506
0
VERTEX
8
CUT
10
199.8602
20
230.5627
0
VERTEX
8
CUT
10
199.9074
20
230.6423
0
VERTEX
8
CUT
10
199.9142
20
230.6552
0
VERTEX
8
CUT
10
199.9534
20
230.7389
0
VERTEX
8
CUT
10
199.9589
20
230.7524
0
VERTEX
8
CUT
10
199.9898
20
230.8396
0
VERTEX
8
CUT
10
199.9940
20
230.8535
0
VERTEX
8
CUT
10
200.0162
20
230.9433
0
VERTEX
8
CUT
10
200.0239
20
230.9827
0
VERTEX
8
CUT
10
200.0317
20
231.0283
0
VERTEX
8
CUT
10
200.1598
20
231.9037
0
VERTEX
8
CUT
10
200.1655
20
231.9507
0
VERTEX
8
CUT
10
200.1694
20
231.9917
0
VERTEX
8
CUT
10
200.1737
20
232.0863
0
VERTEX
8
CUT
10
200.1737
20
232.1012
0
VERTEX
8
CUT
10
200.1685
20
232.1957
0
VERTEX
8
CUT
10
200.1670
20
232.2105
0
VERTEX
8
CUT
10
200.1524
20
232.3041
0
VERTEX
8
CUT
10
200.1494
20
232.3187
0
VERTEX
8
CUT
10
200.1256
20
232.4104
0
VERTEX
8
CUT
10
200.1212
20
232.4246
0
VERTEX
8
CUT
10
200.0884
20
232.5134
0
VERTEX
8
CUT
10
200.0825
20
232.5271
0
VERTEX
8
CUT
10
200.0410
20
232.6122
0
VERTEX
8
CUT
10
200.0339
20
232.6253
0
VERTEX
8
CUT
10
199.9841
20
232.7058
0
VERTEX
8
CUT
10
199.9757
20
232.7181
0
VERTEX
8
CUT
10
199.9181
20
232.7933
0
VERTEX
8
CUT
10
199.9085
20
232.8047
0
VERTEX
8
CUT
10
199.8437
20
232.8738
0
VERTEX
8
CUT
10
199.8330
20
232.8841
0
VERTEX
8
CUT
10
199.7617
20
232.9465
0
VERTEX
8
CUT
10
199.7500
20
232.9557
0
VERTEX
8
CUT
10
199.6729
20
233.0106
0
VERTEX
8
CUT
10
199.6603
20
233.0186
0
VERTEX
8
CUT
10
199.5781
20
233.0655
0
VERTEX
8
CUT
10
199.5648
20
233.0723
0
VERTEX
8
CUT
10
199.4783
20
233.1108
0
VERTEX
8
CUT
10
199.4644
20
233.1162
0
VERTEX
8
CUT
10
199.3744
20
233.1459
0
VERTEX
8
CUT
10
199.3601
20
233.1498
0
VERTEX
8
CUT
10
199.2677
20
233.1704
0
VERTEX
8
CUT
10
199.2530
20
233.1729
0
VERTEX
8
CUT
10
199.1590
20
233.1842
0
VERTEX
8
CUT
10
199.1441
20
233.1852
0
VERTEX
8
CUT
10
199.0494
20
233.1871
0
VERTEX
8
CUT
10
199.0345
20
233.1866
0
VERTEX
8
CUT
10
198.9401
20
233.1791
0
VERTEX
8
CUT
10
198.9254
20
233.1771
0
VERTEX
8
CUT
10
198.8322
20
233.1602
0
VERTEX
8
CUT
10
198.8177
20
233.1568
0
VERTEX
8
CUT
10
198.7267
20
233.1306
0
VERTEX
8
CUT
10
198.7126
20
233.1258
0
VERTEX
8
CUT
10
198.6246
20
233.0907
0
VERTEX
8
CUT
10
198.6111
20
233.0845
0
VERTEX
8
CUT
10
198.5270
20
233.0409
0
VERTEX
8
CUT
10
198.5142
20
233.0333
0
VERTEX
8
CUT
10
198.4349
20
232.9815
0
VERTEX
8
CUT
10
198.4229
20
232.9728
0
VERTEX
8
CUT
10
198.3492
20
232.9133
0
VERTEX
8
CUT
10
198.3381
20
232.9034
0
VERTEX
8
CUT
10
198.2707
20
232.8369
0
VERTEX
8
CUT
10
198.2606
20
232.8259
0
VERTEX
8
CUT
10
198.2001
20
232.7530
0
VERTEX
8
CUT
10
198.1912
20
232.7411
0
VERTEX
8
CUT
10
198.1383
20
232.6625
0
VERTEX
8
CUT
10
198.1306
20
232.6498
0
VERTEX
8
CUT
10
198.0859
20
232.5663
0
VERTEX
8
CUT
10
198.0682
20
232.5292
0
VERTEX
8
CUT
10
198.0490
20
232.4859
0
VERTEX
8
CUT
10
197.6978
20
231.6385
0
VERTEX
8
CUT
10
197.6813
20
231.5958
0
VERTEX
8
CUT
10
197.6679
20
231.5585
0
VERTEX
8
CUT
10
197.6411
20
231.4711
0
VERTEX
8
CUT
10
197.6376
20
231.4572
0
VERTEX
8
CUT
10
197.6194
20
231.3676
0
VERTEX
8
CUT
10
197.6172
20
231.3534
0
VERTEX
8
CUT
10
197.6077
20
231.2625
0
VERTEX
8
CUT
10
197.6069
20
231.2481
0
VERTEX
8
CUT
10
197.6062
20
231.1567
0
VERTEX
8
CUT
10
197.6068
20
231.1423
0
VERTEX
8
CUT
10
197.6194
20
231.0009
0
VERTEX
8
CUT
10
197.6192
20
231.0009
0
VERTEX
8
CUT
10
197.6326
20
230.8481
0
VERTEX
8
CUT
10
197.6303
20
230.6413
0
VERTEX
8
CUT
10
197.6077
20
230.4357
0
VERTEX
8
CUT
10
197.5649
20
230.2333
0
VERTEX
8
CUT
10
197.5025
20
230.0361
0
VERTEX
8
CUT
10
197.4209
20
229.8460
0
VERTEX
8
CUT
10
197.3210
20
229.6648
0
VERTEX
8
CUT
10
197.2038
20
229.4944
0
VERTEX
8
CUT
10
197.0704
20
229.3363
0
VERTEX
8
CUT
10
196.9221
20
229.1920
0
VERTEX
8
CUT
10
196.7604
20
229.0631
0
VERTEX
8
CUT
10
196.5867
20
228.9508
0
VERTEX
8
CUT
10
196.4028
20
228.8560
0
VERTEX
8
CUT
10
196.2605
20
228.7997
0
VERTEX
8
CUT
10
196.2605
20
228.7996
0
VERTEX
8
CUT
10
196.1977
20
228.7747
0
VERTEX
8
CUT
10
196.1111
20
228.7351
0
VERTEX
8
CUT
10
196.0978
20
228.7282
0
VERTEX
8
CUT
10
196.0156
20
228.6802
0
VERTEX
8
CUT
10
196.0030
20
228.6721
0
VERTEX
8
CUT
10
195.9261
20
228.6161
0
VERTEX
8
CUT
10
195.9144
20
228.6067
0
VERTEX
8
CUT
10
195.8434
20
228.5432
0
VERTEX
8
CUT
10
195.8328
20
228.5327
0
VERTEX
8
CUT
10
195.7685
20
228.4625
0
VERTEX
8
CUT
10
195.7422
20
228.4307
0
VERTEX
8
CUT
10
195.7127
20
228.3932
0
VERTEX
8
CUT
10
195.4884
20
228.0925
0
VERTEX
8
CUT
10
195.4667
20
228.0623
0
VERTEX
8
CUT
10
195.4484
20
228.0357
0
VERTEX
8
CUT
10
195.4088
20
227.9728
0
VERTEX
8
CUT
10
195.3926
20
227.9448
0
VERTEX
8
CUT
10
195.3747
20
227.9122
0
VERTEX
8
CUT
10
194.8483
20
226.9118
0
VERTEX
8
CUT
10
194.8323
20
226.8800
0
VERTEX
8
CUT
10
194.8190
20
226.8522
0
VERTEX
8
CUT
10
194.7907
20
226.7871
0
VERTEX
8
CUT
10
194.7795
20
226.7584
0
VERTEX
8
CUT
10
194.7672
20
226.7251
0
VERTEX
8
CUT
10
194.4030
20
225.6780
0
VERTEX
8
CUT
10
194.3910
20
225.6411
0
VERTEX
8
CUT
10
194.3813
20
225.6089
0
VERTEX
8
CUT
10
194.3619
20
225.5338
0
VERTEX
8
CUT
10
194.3548
20
225.5009
0
VERTEX
8
CUT
10
194.3474
20
225.4629
0
VERTEX
8
CUT
10
194.1255
20
224.1808
0
VERTEX
8
CUT
10
194.0778
20
223.9706
0
VERTEX
8
CUT
10
194.0089
20
223.7663
0
VERTEX
8
CUT
10
193.9194
20
223.5701
0
VERTEX
8
CUT
10
193.8102
20
223.3842
0
VERTEX
8
CUT
10
193.6825
20
223.2104
0
VERTEX
8
CUT
10
191.9392
20
221.0765
0
VERTEX
8
CUT
10
191.9037
20
221.0302
0
VERTEX
8
CUT
10
191.8554
20
220.9630
0
VERTEX
8
CUT
10
191.8228
20
220.9147
0
VERTEX
8
CUT
10
190.6558
20
219.0623
0
VERTEX
8
CUT
10
190.6290
20
219.0170
0
VERTEX
8
CUT
10
190.5927
20
218.9516
0
VERTEX
8
CUT
10
190.5684
20
218.9049
0
VERTEX
8
CUT
10
189.7497
20
217.2156
0
VERTEX
8
CUT
10
189.7218
20
217.1522
0
VERTEX
8
CUT
10
189.6855
20
217.0609
0
VERTEX
8
CUT
10
189.6623
20
216.9956
0
VERTEX
8
CUT
10
189.2699
20
215.7508
0
VERTEX
8
CUT
10
189.2562
20
215.7029
0
VERTEX
8
CUT
10
189.2453
20
215.6611
0
VERTEX
8
CUT
10
189.2255
20
215.5635
0
VERTEX
8
CUT
10
189.2192
20
215.5208
0
VERTEX
8
CUT
10
189.2131
20
215.4713
0
VERTEX
8
CUT
10
189.0061
20
213.3107
0
VERTEX
8
CUT
10
189.0034
20
213.2748
0
VERTEX
8
CUT
10
189.0016
20
213.2437
0
VERTEX
8
CUT
10
189.0002
20
213.1718
0
VERTEX
8
CUT
10
189.0007
20
213.1406
0
VERTEX
8
CUT
10
189.0021
20
213.1047
0
VERTEX
8
CUT
10
189.0131
20
212.9079
0
VERTEX
8
CUT
10
189.0094
20
212.8613
0
VERTEX
8
CUT
10
189.0069
20
212.8111
0
VERTEX
8
CUT
10
189.0058
20
212.7675
0
VERTEX
8
CUT
10
189.0086
20
212.6671
0
VERTEX
8
CUT
10
189.0122
20
212.6236
0
VERTEX
8
CUT
10
189.0176
20
212.5736
0
VERTEX
8
CUT
10
189.0419
20
212.3935
0
VERTEX
8
CUT
10
189.0734
20
211.8303
0
VERTEX
8
CUT
10
189.0766
20
211.7891
0
VERTEX
8
CUT
10
189.0801
20
211.7533
0
VERTEX
8
CUT
10
189.0919
20
211.6714
0
VERTEX
8
CUT
10
189.0944
20
211.6586
0
VERTEX
8
CUT
10
189.1132
20
211.5781
0
VERTEX
8
CUT
10
189.1230
20
211.5435
0
VERTEX
8
CUT
10
189.1350
20
211.5039
0
VERTEX
8
CUT
10
190.6404
20
206.9213
0
VERTEX
8
CUT
10
190.6785
20
206.7815
0
VERTEX
8
CUT
10
190.7248
20
206.5445
0
VERTEX
8
CUT
10
190.7326
20
206.4965
0
VERTEX
8
CUT
10
190.8708
20
205.2463
0
VERTEX
8
CUT
10
190.8713
20
205.2352
0
VERTEX
8
CUT
10
190.8746
20
205.2019
0
VERTEX
8
CUT
10
190.8859
20
205.0090
0
VERTEX
8
CUT
10
190.8766
20
204.7946
0
VERTEX
8
CUT
10
190.2293
20
197.9638
0
VERTEX
8
CUT
10
190.2260
20
197.9161
0
VERTEX
8
CUT
10
190.2242
20
197.8747
0
VERTEX
8
CUT
10
190.2248
20
197.7793
0
SEQEND
0
POLYLINE
8
CUT
66
1
70
1
10
0.0
20
0.0
30
0.0
0
VERTEX
8
CUT
10
182.7477
20
226.0663
0
VERTEX
8
CUT
10
182.7531
20
226.0286
0
VERTEX
8
CUT
10
182.7604
20
225.9853
0
VERTEX
8
CUT
10
182.7772
20
225.8981
0
VERTEX
8
CUT
10
182.7874
20
225.8516
0
VERTEX
8
CUT
10
182.7973
20
225.8114
0
VERTEX
8
CUT
10
182.8245
20
225.7203
0
VERTEX
8
CUT
10
182.8295
20
225.7061
0
VERTEX
8
CUT
10
182.8658
20
225.6181
0
VERTEX
8
CUT
10
182.8722
20
225.6046
0
VERTEX
8
CUT
10
182.9171
20
225.5207
0
VERTEX
8
CUT
10
182.9248
20
225.5078
0
VERTEX
8
CUT
10
182.9779
20
225.4288
0
VERTEX
8
CUT
10
182.9869
20
225.4168
0
VERTEX
8
CUT
10
183.0476
20
225.3435
0
VERTEX
8
CUT
10
183.0577
20
225.3325
0
VERTEX
8
CUT
10
183.1255
20
225.2656
0
VERTEX
8
CUT
10
183.1366
20
225.2557
0
VERTEX
8
CUT
10
183.2107
20
225.1960
0
VERTEX
8
CUT
10
183.2229
20
225.1872
0
VERTEX
8
CUT
10
183.3026
20
225.1351
0
VERTEX
8
CUT
10
183.3155
20
225.1276
0
VERTEX
8
CUT
10
183.4000
20
225.0838
0
VERTEX
8
CUT
10
183.4137
20
225.0776
0
VERTEX
8
CUT
10
183.5021
20
225.0426
0
VERTEX
8
CUT
10
183.5163
20
225.0377
0
VERTEX
8
CUT
10
183.6079
20
225.0117
0
VERTEX
8
CUT
10
183.6225
20
225.0083
0
VERTEX
8
CUT
10
183.7162
20
224.9916
0
VERTEX
8
CUT
10
183.7310
20
224.9897
0
VERTEX
8
CUT
10
183.8259
20
224.9824
0
VERTEX
8
CUT
10
183.8409
20
224.9820
0
VERTEX
8
CUT
10
183.9360
20
224.9843
0
VERTEX
8
CUT
10
183.9510
20
224.9854
0
VERTEX
8
CUT
10
184.0454
20
224.9972
0
VERTEX
8
CUT
10
184.0602
20
224.9998
0
VERTEX
8
CUT
10
184.1530
20
225.0210
0
VERTEX
8
CUT
10
184.1674
20
225.0250
0
VERTEX
8
CUT
10
184.2576
20
225.0554
0
VERTEX
8
CUT
10
184.2715
20
225.0609
0
VERTEX
8
CUT
10
184.3582
20
225.1001
0
VERTEX
8
CUT
10
184.3950
20
225.1190
0
VERTEX
8
CUT
10
184.4368
20
225.1419
0
VERTEX
8
CUT
10
184.8027
20
225.3540
0
VERTEX
8
CUT
10
184.8380
20
225.3755
0
VERTEX
8
CUT
10
184.8682
20
225.3948
0
VERTEX
8
CUT
10
184.9358
20
225.4423
0
VERTEX
8
CUT
10
184.9461
20
225.4502
0
VERTEX
8
CUT
10
185.0094
20
225.5034
0
VERTEX
8
CUT
10
185.0358
20
225.5276
0
VERTEX
8
CUT
10
185.0656
20
225.5562
0
VERTEX
8
CUT
10
185.9967
20
226.4892
0
VERTEX
8
CUT
10
186.0804
20
226.5617
0
VERTEX
8
CUT
10
186.1106
20
226.5891
0
VERTEX
8
CUT
10
186.1363
20
226.6134
0
VERTEX
8
CUT
10
186.1932
20
226.6719
0
VERTEX
8
CUT
10
186.2167
20
226.6983
0
VERTEX
8
CUT
10
186.2432
20
226.7294
0
VERTEX
8
CUT
10
186.2737
20
226.7667
0
VERTEX
8
CUT
10
186.3463
20
226.8394
0
VERTEX
8
CUT
10
186.8071
20
227.2786
0
VERTEX
8
CUT
10
186.8325
20
227.3038
0
VERTEX
8
CUT
10
186.8542
20
227.3261
0
VERTEX
8
CUT
10
186.9021
20
227.3792
0
VERTEX
8
CUT
10
186.9220
20
227.4030
0
VERTEX
8
CUT
10
186.9445
20
227.4309
0
VERTEX
8
CUT
10
186.9719
20
227.4663
0
VERTEX
8
CUT
10
187.0520
20
227.5466
0
VERTEX
8
CUT
10
187.0778
20
227.5734
0
VERTEX
8
CUT
10
187.0996
20
227.5971
0
VERTEX
8
CUT
10
187.1478
20
227.6536
0
VERTEX
8
CUT
10
187.1678
20
227.6789
0
VERTEX
8
CUT
10
187.1902
20
227.7085
0
VERTEX
8
CUT
10
187.6540
20
228.3474
0
VERTEX
8
CUT
10
188.6007
20
229.5703
0
VERTEX
8
CUT
10
188.6234
20
229.6010
0
VERTEX
8
CUT
10
188.6427
20
229.6280
0
VERTEX
8
CUT
10
188.6844
20
229.6919
0
VERTEX
8
CUT
10
188.7014
20
229.7203
0
VERTEX
8
CUT
10
188.7203
20
229.7535
0
VERTEX
8
CUT
10
188.8558
20
230.0028
0
VERTEX
8
CUT
10
189.1969
20
230.4726
0
VERTEX
8
CUT
10
189.2356
20
230.5303
0
VERTEX
8
CUT
10
189.2877
20
230.6142
0
VERTEX
8
CUT
10
189.3221
20
230.6747
0
VERTEX
8
CUT
10
190.2505
20
232.4517
0
VERTEX
8
CUT
10
190.2665
20
232.4839
0
VERTEX
8
CUT
10
190.2799
20
232.5121
0
VERTEX
8
CUT
10
190.3083
20
232.5781
0
VERTEX
8
CUT
10
190.3195
20
232.6072
0
VERTEX
8
CUT
10
190.3318
20
232.6411
0
VERTEX
8
CUT
10
190.4028
20
232.8482
0
VERTEX
8
CUT
10
190.5644
20
233.1454
0
VERTEX
8
CUT
10
190.5823
20
233.1801
0
VERTEX
8
CUT
10
190.5973
20
233.2106
0
VERTEX
8
CUT
10
190.6288
20
233.2820
0
VERTEX
8
CUT
10
190.6333
20
233.2935
0
VERTEX
8
CUT
10
190.6589
20
233.3673
0
VERTEX
8
CUT
10
190.6687
20
233.3998
0
VERTEX
8
CUT
10
190.6792
20
233.4374
0
VERTEX
8
CUT
10
190.9017
20
234.3051
0
VERTEX
8
CUT
10
191.0404
20
234.7100
0
VERTEX
8
CUT
10
191.0588
20
234.7700
0
VERTEX
8
CUT
10
191.0820
20
234.8559
0
VERTEX
8
CUT
10
191.0963
20
234.9169
0
VERTEX
8
CUT
10
191.5724
20
237.2908
0
VERTEX
8
CUT
10
191.5832
20
237.3572
0
VERTEX
8
CUT
10
191.5954
20
237.4519
0
VERTEX
8
CUT
10
191.6015
20
237.5189
0
VERTEX
8
CUT
10
192.0327
20
245.1865
0
VERTEX
8
CUT
10
192.2883
20
246.6797
0
VERTEX
8
CUT
10
192.7256
20
248.5127
0
VERTEX
8
CUT
10
192.7867
20
248.7207
0
VERTEX
8
CUT
10
192.8690
20
248.9212
0
VERTEX
8
CUT
10
193.8883
20
251.0824
0
VERTEX
8
CUT
10
193.9687
20
251.2360
0
VERTEX
8
CUT
10
194.0615
20
251.3825
0
VERTEX
8
CUT
10
194.1661
20
251.5209
0
VERTEX
8
CUT
10
196.1301
20
253.9076
0
VERTEX
8
CUT
10
196.1591
20
253.9446
0
VERTEX
8
CUT
10
196.1835
20
253.9774
0
VERTEX
8
CUT
10
196.2357
20
254.0556
0
VERTEX
8
CUT
10
196.2434
20
254.0683
0
VERTEX
8
CUT
10
196.2876
20
254.1513
0
VERTEX
8
CUT
10
196.2940
20
254.1647
0
VERTEX
8
CUT
10
196.3298
20
254.2516
0
VERTEX
8
CUT
10
196.3348
20
254.2656
0
VERTEX
8
CUT
10
196.3619
20
254.3556
0
VERTEX
8
CUT
10
196.3654
20
254.3700
0
VERTEX
8
CUT
10
196.3835
20
254.4623
0
VERTEX
8
CUT
10
196.3856
20
254.4770
0
VERTEX
8
CUT
10
196.3944
20
254.5706
0
VERTEX
8
CUT
10
196.3950
20
254.5854
0
VERTEX
8
CUT
10
196.3945
20
254.6795
0
VERTEX
8
CUT
10
196.3937
20
254.6942
0
VERTEX
8
CUT
10
196.3839
20
254.7878
0
VERTEX
8
CUT
10
196.3817
20
254.8024
0
VERTEX
8
CUT
10
196.3626
20
254.8945
0
VERTEX
8
CUT
10
196.3589
20
254.9089
0
VERTEX
8
CUT
10
196.3309
20
254.9987
0
VERTEX
8
CUT
10
196.3258
20
255.0125
0
VERTEX
8
CUT
10
196.2890
20
255.0991
0
VERTEX
8
CUT
10
196.2826
20
255.1124
0
VERTEX
8
CUT
10
196.2374
20
255.1949
0
VERTEX
8
CUT
10
196.2296
20
255.2076
0
VERTEX
8
CUT
10
196.1765
20
255.2852
0
VERTEX
8
CUT
10
196.1676
20
255.2970
0
VERTEX
8
CUT
10
196.1070
20
255.3690
0
VERTEX
8
CUT
10
196.0970
20
255.3798
0
VERTEX
8
CUT
10
196.0296
20
255.4455
0
VERTEX
8
CUT
10
196.0185
20
255.4552
0
VERTEX
8
CUT
10
195.9450
20
255.5139
0
VERTEX
8
CUT
10
195.9330
20
255.5226
0
VERTEX
8
CUT
10
195.8540
20
255.5737
0
VERTEX
8
CUT
10
195.8412
20
255.5811
0
VERTEX
8
CUT
10
195.7575
20
255.6241
0
VERTEX
8
CUT
10
195.7204
20
255.6410
0
VERTEX
8
CUT
10
195.6770
20
255.6593
0
VERTEX
8
CUT
10
191.9447
20
257.1329
0
VERTEX
8
CUT
10
191.9001
20
257.1493
0
VERTEX
8
CUT
10
191.8611
20
257.1625
0
VERTEX
8
CUT
10
191.7698
20
257.1883
0
VERTEX
8
CUT
10
191.7553
20
257.1917
0
VERTEX
8
CUT
10
191.6619
20
257.2083
0
VERTEX
8
CUT
10
191.6471
20
257.2102
0
VERTEX
8
CUT
10
191.5525
20
257.2174
0
VERTEX
8
CUT
10
191.5376
20
257.2178
0
VERTEX
8
CUT
10
191.4427
20
257.2155
0
VERTEX
8
CUT
10
191.4278
20
257.2144
0
VERTEX
8
CUT
10
191.3337
20
257.2027
0
VERTEX
8
CUT
10
191.3190
20
257.2001
0
VERTEX
8
CUT
10
191.2265
20
257.1790
0
VERTEX
8
CUT
10
191.2121
20
257.1750
0
VERTEX
8
CUT
10
191.1221
20
257.1448
0
VERTEX
8
CUT
10
191.1083
20
257.1394
0
VERTEX
8
CUT
10
191.0218
20
257.1004
0
VERTEX
8
CUT
10
191.0085
20
257.0935
0
VERTEX
8
CUT
10
190.9263
20
257.0461
0
VERTEX
8
CUT
10
190.9138
20
257.0380
0
VERTEX
8
CUT
10
190.8368
20
256.9826
0
VERTEX
8
CUT
10
190.8251
20
256.9733
0
VERTEX
8
CUT
10
190.7540
20
256.9104
0
VERTEX
8
CUT
10
190.7434
20
256.9000
0
VERTEX
8
CUT
10
190.6789
20
256.8304
0
VERTEX
8
CUT
10
190.6693
20
256.8190
0
VERTEX
8
CUT
10
190.6121
20
256.7433
0
VERTEX
8
CUT
10
190.6037
20
256.7309
0
VERTEX
8
CUT
10
190.5544
20
256.6499
0
VERTEX
8
CUT
10
190.5472
20
256.6368
0
VERTEX
8
CUT
10
190.5062
20
256.5512
0
VERTEX
8
CUT
10
190.4903
20
256.5132
0
VERTEX
8
CUT
10
190.4730
20
256.4690
0
VERTEX
8
CUT
10
190.1265
20
255.5113
0
VERTEX
8
CUT
10
189.7394
20
254.6391
0
VERTEX
8
CUT
10
189.5158
20
254.2372
0
VERTEX
8
CUT
10
189.3670
20
254.0003
0
VERTEX
8
CUT
10
189.2841
20
253.8683
0
VERTEX
8
CUT
10
189.2513
20
253.8160
0
VERTEX
8
CUT
10
189.1247
20
253.6144
0
VERTEX
8
CUT
10
189.1022
20
253.5856
0
VERTEX
8
CUT
10
185.0154
20
248.8696
0
VERTEX
8
CUT
10
184.8653
20
248.7149
0
VERTEX
8
CUT
10
184.8345
20
248.6816
0
VERTEX
8
CUT
10
184.7919
20
248.6333
0
VERTEX
8
CUT
10
184.7628
20
248.5986
0
VERTEX
8
CUT
10
184.5464
20
248.3283
0
VERTEX
8
CUT
10
183.4117
20
247.0189
0
VERTEX
8
CUT
10
183.3858
20
246.9878
0
VERTEX
8
CUT
10
183.3640
20
246.9603
0
VERTEX
8
CUT
10
183.3165
20
246.8949
0
VERTEX
8
CUT
10
183.2970
20
246.8657
0
VERTEX
8
CUT
10
183.2754
20
246.8316
0
VERTEX
8
CUT
10
182.4736
20
245.5052
0
VERTEX
8
CUT
10
182.4528
20
245.4691
0
VERTEX
8
CUT
10
182.4355
20
245.4373
0
VERTEX
8
CUT
10
182.3988
20
245.3625
0
VERTEX
8
CUT
10
182.3843
20
245.3294
0
VERTEX
8
CUT
10
182.3684
20
245.2908
0
VERTEX
8
CUT
10
181.8518
20
243.9514
0
VERTEX
8
CUT
10
181.8377
20
243.9123
0
VERTEX
8
CUT
10
181.8262
20
243.8781
0
VERTEX
8
CUT
10
181.8032
20
243.7982
0
VERTEX
8
CUT
10
181.7947
20
243.7631
0
VERTEX
8
CUT
10
181.7858
20
243.7225
0
VERTEX
8
CUT
10
181.5289
20
242.4077
0
VERTEX
8
CUT
10
181.5217
20
242.3662
0
VERTEX
8
CUT
10
181.5163
20
242.3301
0
VERTEX
8
CUT
10
181.5076
20
242.2464
0
VERTEX
8
CUT
10
181.5054
20
242.2099
0
VERTEX
8
CUT
10
181.5038
20
242.1679
0
VERTEX
8
CUT
10
181.4918
20
241.4064
0
VERTEX
8
CUT
10
181.4693
20
241.2600
0
VERTEX
8
CUT
10
181.4632
20
241.2132
0
VERTEX
8
CUT
10
181.4590
20
241.1724
0
VERTEX
8
CUT
10
181.4540
20
241.0782
0
VERTEX
8
CUT
10
181.4538
20
241.0373
0
VERTEX
8
CUT
10
181.4548
20
240.9901
0
VERTEX
8
CUT
10
181.5265
20
239.4266
0
VERTEX
8
CUT
10
181.5310
20
239.3676
0
VERTEX
8
CUT
10
181.5401
20
239.2840
0
VERTEX
8
CUT
10
181.5483
20
239.2254
0
VERTEX
8
CUT
10
181.6139
20
238.8445
0
VERTEX
8
CUT
10
181.6465
20
238.4565
0
VERTEX
8
CUT
10
181.6504
20
238.4193
0
VERTEX
8
CUT
10
181.6569
20
238.3666
0
VERTEX
8
CUT
10
181.6622
20
238.3296
0
VERTEX
8
CUT
10
182.5897
20
232.6777
0
VERTEX
8
CUT
10
182.7149
20
230.0381
0
VERTEX
8
CUT
10
182.7359
20
226.2355
0
VERTEX
8
CUT
10
182.7371
20
226.1916
0
VERTEX
8
CUT
10
182.7391
20
226.1536
0
SEQEND
0
POLYLINE
8
CUT
66
1
70
1
10
0.0
20
0.0
30
0.0
0
VERTEX
8
CUT
10
184.0154
20
46.9601
0
VERTEX
8
CUT
10
184.0278
20
46.8687
0
VERTEX
8
CUT
10
184.0305
20
46.8544
0
VERTEX
8
CUT
10
184.0517
20
46.7647
0
VERTEX
8
CUT
10
184.0558
20
46.7507
0
VERTEX
8
CUT
10
184.0856
20
46.6635
0
VERTEX
8
CUT
10
184.0910
20
46.6500
0
VERTEX
8
CUT
10
184.1292
20
46.5660
0
VERTEX
8
CUT
10
184.1358
20
46.5531
0
VERTEX
8
CUT
10
184.1820
20
46.4733
0
VERTEX
8
CUT
10
184.1899
20
46.4611
0
VERTEX
8
CUT
10
184.2436
20
46.3861
0
VERTEX
8
CUT
10
184.2526
20
46.3747
0
VERTEX
8
CUT
10
184.3133
20
46.3052
0
VERTEX
8
CUT
10
184.3234
20
46.2948
0
VERTEX
8
CUT
10
184.3905
20
46.2316
0
VERTEX
8
CUT
10
184.4016
20
46.2222
0
VERTEX
8
CUT
10
184.4746
20
46.1658
0
VERTEX
8
CUT
10
184.4865
20
46.1575
0
VERTEX
8
CUT
10
184.5646
20
46.1084
0
VERTEX
8
CUT
10
184.5772
20
46.1013
0
VERTEX
8
CUT
10
184.6597
20
46.0601
0
VERTEX
8
CUT
10
184.6730
20
46.0542
0
VERTEX
8
CUT
10
184.7592
20
46.0212
0
VERTEX
8
CUT
10
184.7729
20
46.0166
0
VERTEX
8
CUT
10
184.8619
20
45.9921
0
VERTEX
8
CUT
10
184.8760
20
45.9889
0
VERTEX
8
CUT
10
184.9669
20
45.9732
0
VERTEX
8
CUT
10
184.9813
20
45.9714
0
VERTEX
8
CUT
10
185.0733
20
45.9645
0
VERTEX
8
CUT
10
185.0878
20
45.9641
0
VERTEX
8
CUT
10
185.1800
20
45.9662
0
VERTEX
8
CUT
10
185.1945
20
45.9672
0
VERTEX
8
CUT
10
185.2861
20
45.9782
0
VERTEX
8
CUT
10
185.3004
20
45.9807
0
VERTEX
8
CUT
10
185.3905
20
46.0005
0
VERTEX
8
CUT
10
185.4045
20
46.0043
0
VERTEX
8
CUT
10
185.4922
20
46.0328
0
VERTEX
8
CUT
10
185.5058
20
46.0380
0
VERTEX
8
CUT
10
185.5903
20
46.0749
0
VERTEX
8
CUT
10
185.6033
20
46.0813
0
VERTEX
8
CUT
10
185.6839
20
46.1262
0
VERTEX
8
CUT
10
185.6962
20
46.1339
0
VERTEX
8
CUT
10
185.7720
20
46.1864
0
VERTEX
8
CUT
10
185.7836
20
46.1952
0
VERTEX
8
CUT
10
185.8539
20
46.2549
0
VERTEX
8
CUT
10
185.8645
20
46.2648
0
VERTEX
8
CUT
10
185.9288
20
46.3309
0
VERTEX
8
CUT
10
185.9384
20
46.3418
0
VERTEX
8
CUT
10
185.9959
20
46.4139
0
VERTEX
8
CUT
10
186.0193
20
46.4464
0
VERTEX
8
CUT
10
186.0454
20
46.4845
0
VERTEX
8
CUT
10
187.0533
20
48.0353
0
VERTEX
8
CUT
10
187.0798
20
48.0786
0
VERTEX
8
CUT
10
187.1018
20
48.1167
0
VERTEX
8
CUT
10
187.1477
20
48.2072
0
VERTEX
8
CUT
10
187.1655
20
48.2475
0
VERTEX
8
CUT
10
187.1848
20
48.2945
0
VERTEX
8
CUT
10
188.0850
20
50.6685
0
VERTEX
8
CUT
10
188.0982
20
50.7059
0
VERTEX
8
CUT
10
188.1090
20
50.7385
0
VERTEX
8
CUT
10
188.1308
20
50.8146
0
VERTEX
8
CUT
10
188.1338
20
50.8267
0
VERTEX
8
CUT
10
188.1492
20
50.9043
0
VERTEX
8
CUT
10
188.1544
20
50.9383
0
VERTEX
8
CUT
10
188.1597
20
50.9775
0
VERTEX
8
CUT
10
188.3201
20
52.3999
0
VERTEX
8
CUT
10
188.3244
20
52.4508
0
VERTEX
8
CUT
10
188.3270
20
52.4950
0
VERTEX
8
CUT
10
188.3275
20
52.5970
0
VERTEX
8
CUT
10
188.3267
20
52.6131
0
VERTEX
8
CUT
10
188.3162
20
52.7146
0
VERTEX
8
CUT
10
188.3093
20
52.7583
0
VERTEX
8
CUT
10
188.3000
20
52.8086
0
VERTEX
8
CUT
10
188.1815
20
53.3635
0
VERTEX
8
CUT
10
188.1696
20
53.4127
0
VERTEX
8
CUT
10
188.1581
20
53.4551
0
VERTEX
8
CUT
10
188.1266
20
53.5512
0
VERTEX
8
CUT
10
188.1208
20
53.5660
0
VERTEX
8
CUT
10
188.0792
20
53.6583
0
VERTEX
8
CUT
10
188.0591
20
53.6973
0
VERTEX
8
CUT
10
188.0347
20
53.7416
0
VERTEX
8
CUT
10
187.3387
20
54.9286
0
VERTEX
8
CUT
10
187.3148
20
54.9672
0
VERTEX
8
CUT
10
187.2933
20
55.0002
0
VERTEX
8
CUT
10
187.2402
20
55.0737
0
VERTEX
8
CUT
10
187.2312
20
55.0849
0
VERTEX
8
CUT
10
187.1713
20
55.1530
0
VERTEX
8
CUT
10
187.1614
20
55.1633
0
VERTEX
8
CUT
10
187.0952
20
55.2254
0
VERTEX
8
CUT
10
187.0653
20
55.2509
0
VERTEX
8
CUT
10
187.0300
20
55.2795
0
VERTEX
8
CUT
10
186.9965
20
55.3054
0
VERTEX
8
CUT
10
186.9601
20
55.3322
0
VERTEX
8
CUT
10
186.9279
20
55.3547
0
VERTEX
8
CUT
10
186.8515
20
55.4030
0
VERTEX
8
CUT
10
186.8391
20
55.4100
0
VERTEX
8
CUT
10
186.7585
20
55.4507
0
VERTEX
8
CUT
10
186.7455
20
55.4565
0
VERTEX
8
CUT
10
186.6613
20
55.4894
0
VERTEX
8
CUT
10
186.6478
20
55.4939
0
VERTEX
8
CUT
10
186.5609
20
55.5187
0
VERTEX
8
CUT
10
186.5470
20
55.5219
0
VERTEX
8
CUT
10
186.4581
20
55.5383
0
VERTEX
8
CUT
10
186.4440
20
55.5402
0
VERTEX
8
CUT
10
186.3540
20
55.5480
0
VERTEX
8
CUT
10
186.3398
20
55.5486
0
VERTEX
8
CUT
10
186.2494
20
55.5478
0
VERTEX
8
CUT
10
186.2352
20
55.5470
0
VERTEX
8
CUT
10
186.1453
20
55.5376
0
VERTEX
8
CUT
10
186.1313
20
55.5355
0
VERTEX
8
CUT
10
186.0427
20
55.5176
0
VERTEX
8
CUT
10
186.0289
20
55.5142
0
VERTEX
8
CUT
10
185.9424
20
55.4879
0
VERTEX
8
CUT
10
185.9290
20
55.4832
0
VERTEX
8
CUT
10
185.8454
20
55.4489
0
VERTEX
8
CUT
10
185.8325
20
55.4428
0
VERTEX
8
CUT
10
185.7525
20
55.4007
0
VERTEX
8
CUT
10
185.7402
20
55.3935
0
VERTEX
8
CUT
10
185.6646
20
55.3440
0
VERTEX
8
CUT
10
185.6329
20
55.3210
0
VERTEX
8
CUT
10
185.5969
20
55.2935
0
VERTEX
8
CUT
10
185.2769
20
55.0374
0
VERTEX
8
CUT
10
185.2433
20
55.0091
0
VERTEX
8
CUT
10
185.2147
20
54.9839
0
VERTEX
8
CUT
10
185.1515
20
54.9230
0
VERTEX
8
CUT
10
185.1253
20
54.8952
0
VERTEX
8
CUT
10
185.0959
20
54.8626
0
VERTEX
8
CUT
10
184.2734
20
53.9069
0
VERTEX
8
CUT
10
184.2422
20
53.8686
0
VERTEX
8
CUT
10
184.2159
20
53.8347
0
VERTEX
8
CUT
10
184.1596
20
53.7535
0
VERTEX
8
CUT
10
184.1514
20
53.7403
0
VERTEX
8
CUT
10
184.1038
20
53.6536
0
VERTEX
8
CUT
10
184.0970
20
53.6396
0
VERTEX
8
CUT
10
184.0587
20
53.5485
0
VERTEX
8
CUT
10
184.0534
20
53.5339
0
VERTEX
8
CUT
10
184.0248
20
53.4393
0
VERTEX
8
CUT
10
184.0211
20
53.4242
0
VERTEX
8
CUT
10
184.0024
20
53.3272
0
VERTEX
8
CUT
10
184.0003
20
53.3118
0
VERTEX
8
CUT
10
183.9919
20
53.2133
0
VERTEX
8
CUT
10
183.9904
20
53.1704
0
VERTEX
8
CUT
10
183.9900
20
53.1209
0
VERTEX
8
CUT
10
184.0782
20
48.3690
0
VERTEX
8
CUT
10
184.0749
20
48.2061
0
VERTEX
8
CUT
10
184.0126
20
47.1529
0
VERTEX
8
CUT
10
184.0110
20
47.1068
0
VERTEX
8
CUT
10
184.0106
20
47.0667
0
VERTEX
8
CUT
10
184.0141
20
46.9746
0
SEQEND
0
POLYLINE
8
CUT
66
1
70
1
10
0.0
20
0.0
30
0.0
0
VERTEX
8
CUT
10
178.7188
20
39.3917
0
VERTEX
8
CUT
10
178.6792
20
39.3151
0
VERTEX
8
CUT
10
178.6735
20
39.3028
0
VERTEX
8
CUT
10
178.6411
20
39.2229
0
VERTEX
8
CUT
10
178.6365
20
39.2101
0
VERTEX
8
CUT
10
178.6115
20
39.1277
0
VERTEX
8
CUT
10
178.6081
20
39.1145
0
VERTEX
8
CUT
10
178.5906
20
39.0301
0
VERTEX
8
CUT
10
178.5847
20
38.9932
0
VERTEX
8
CUT
10
178.5788
20
38.9504
0
VERTEX
8
CUT
10
178.5779
20
38.9425
0
VERTEX
8
CUT
10
178.5738
20
38.8969
0
VERTEX
8
CUT
10
178.5712
20
38.8572
0
VERTEX
8
CUT
10
178.5697
20
38.7657
0
VERTEX
8
CUT
10
178.5701
20
38.7513
0
VERTEX
8
CUT
10
178.5774
20
38.6601
0
VERTEX
8
CUT
10
178.5792
20
38.6458
0
VERTEX
8
CUT
10
178.5952
20
38.5557
0
VERTEX
8
CUT
10
178.6041
20
38.5169
0
VERTEX
8
CUT
10
178.6153
20
38.4725
0
VERTEX
8
CUT
10
179.2468
20
36.2108
0
VERTEX
8
CUT
10
179.2588
20
36.1712
0
VERTEX
8
CUT
10
179.2699
20
36.1370
0
VERTEX
8
CUT
10
179.2991
20
36.0595
0
VERTEX
8
CUT
10
179.3042
20
36.0475
0
VERTEX
8
CUT
10
179.3400
20
35.9728
0
VERTEX
8
CUT
10
179.3569
20
35.9410
0
VERTEX
8
CUT
10
179.3772
20
35.9049
0
VERTEX
8
CUT
10
180.0344
20
34.7937
0
VERTEX
8
CUT
10
180.0544
20
34.7614
0
VERTEX
8
CUT
10
180.0723
20
34.7337
0
VERTEX
8
CUT
10
180.1161
20
34.6716
0
VERTEX
8
CUT
10
180.1362
20
34.6454
0
VERTEX
8
CUT
10
180.1599
20
34.6157
0
VERTEX
8
CUT
10
181.0182
20
33.5845
0
VERTEX
8
CUT
10
181.1448
20
33.4159
0
VERTEX
8
CUT
10
181.2538
20
33.2354
0
VERTEX
8
CUT
10
181.3442
20
33.0450
0
VERTEX
8
CUT
10
181.4150
20
32.8464
0
VERTEX
8
CUT
10
181.4656
20
32.6417
0
VERTEX
8
CUT
10
181.4954
20
32.4330
0
VERTEX
8
CUT
10
181.5041
20
32.2224
0
VERTEX
8
CUT
10
181.4916
20
32.0119
0
VERTEX
8
CUT
10
181.4581
20
31.8038
0
VERTEX
8
CUT
10
181.4039
20
31.6000
0
VERTEX
8
CUT
10
181.3296
20
31.4028
0
VERTEX
8
CUT
10
181.2358
20
31.2139
0
VERTEX
8
CUT
10
181.1236
20
31.0355
0
VERTEX
8
CUT
10
180.9940
20
30.8691
0
VERTEX
8
CUT
10
180.8485
20
30.7166
0
VERTEX
8
CUT
10
180.6883
20
30.5795
0
VERTEX
8
CUT
10
180.5153
20
30.4591
0
VERTEX
8
CUT
10
180.4156
20
30.4037
0
VERTEX
8
CUT
10
180.4168
20
30.4016
0
VERTEX
8
CUT
10
180.2921
20
30.3326
0
VERTEX
8
CUT
10
180.2798
20
30.3250
0
VERTEX
8
CUT
10
180.2042
20
30.2730
0
VERTEX
8
CUT
10
180.1927
20
30.2643
0
VERTEX
8
CUT
10
180.1224
20
30.2052
0
VERTEX
8
CUT
10
180.1118
20
30.1954
0
VERTEX
8
CUT
10
180.0476
20
30.1299
0
VERTEX
8
CUT
10
180.0380
20
30.1191
0
VERTEX
8
CUT
10
179.9804
20
30.0476
0
VERTEX
8
CUT
10
179.9719
20
30.0360
0
VERTEX
8
CUT
10
179.9215
20
29.9593
0
VERTEX
8
CUT
10
179.9141
20
29.9469
0
VERTEX
8
CUT
10
179.8713
20
29.8657
0
VERTEX
8
CUT
10
179.8652
20
29.8526
0
VERTEX
8
CUT
10
179.8304
20
29.7677
0
VERTEX
8
CUT
10
179.8256
20
29.7540
0
VERTEX
8
CUT
10
179.7992
20
29.6661
0
VERTEX
8
CUT
10
179.7958
20
29.6521
0
VERTEX
8
CUT
10
179.7780
20
29.5621
0
VERTEX
8
CUT
10
179.7759
20
29.5478
0
VERTEX
8
CUT
10
179.7669
20
29.4565
0
VERTEX
8
CUT
10
179.7661
20
29.4421
0
VERTEX
8
CUT
10
179.7660
20
29.3503
0
VERTEX
8
CUT
10
179.7667
20
29.3359
0
VERTEX
8
CUT
10
179.7754
20
29.2445
0
VERTEX
8
CUT
10
179.7774
20
29.2302
0
VERTEX
8
CUT
10
179.7949
20
29.1401
0
VERTEX
8
CUT
10
179.7984
20
29.1261
0
VERTEX
8
CUT
10
179.8245
20
29.0381
0
VERTEX
8
CUT
10
179.8293
20
29.0245
0
VERTEX
8
CUT
10
179.8637
20
28.9394
0
VERTEX
8
CUT
10
179.8698
20
28.9263
0
VERTEX
8
CUT
10
179.9123
20
28.8450
0
VERTEX
8
CUT
10
179.9196
20
28.8326
0
VERTEX
8
CUT
10
179.9698
20
28.7557
0
VERTEX
8
CUT
10
179.9783
20
28.7440
0
VERTEX
8
CUT
10
180.0357
20
28.6724
0
VERTEX
8
CUT
10
180.0452
20
28.6616
0
VERTEX
8
CUT
10
180.1093
20
28.5958
0
VERTEX
8
CUT
10
180.1198
20
28.5860
0
VERTEX
8
CUT
10
180.1899
20
28.5267
0
VERTEX
8
CUT
10
180.2013
20
28.5179
0
VERTEX
8
CUT
10
180.2768
20
28.4657
0
VERTEX
8
CUT
10
180.2891
20
28.4581
0
VERTEX
8
CUT
10
180.3692
20
28.4134
0
VERTEX
8
CUT
10
180.3822
20
28.4070
0
VERTEX
8
CUT
10
180.4663
20
28.3702
0
VERTEX
8
CUT
10
180.4797
20
28.3651
0
VERTEX
8
CUT
10
180.5670
20
28.3366
0
VERTEX
8
CUT
10
180.5809
20
28.3328
0
VERTEX
8
CUT
10
180.6705
20
28.3129
0
VERTEX
8
CUT
10
180.6847
20
28.3105
0
VERTEX
8
CUT
10
180.7758
20
28.2993
0
VERTEX
8
CUT
10
180.7902
20
28.2983
0
VERTEX
8
CUT
10
180.8820
20
28.2959
0
VERTEX
8
CUT
10
180.8964
20
28.2963
0
VERTEX
8
CUT
10
180.9880
20
28.3028
0
VERTEX
8
CUT
10
181.0023
20
28.3046
0
VERTEX
8
CUT
10
181.0928
20
28.3199
0
VERTEX
8
CUT
10
181.1317
20
28.3285
0
VERTEX
8
CUT
10
181.1763
20
28.3394
0
VERTEX
8
CUT
10
183.3672
20
28.9339
0
VERTEX
8
CUT
10
183.3939
20
28.9416
0
VERTEX
8
CUT
10
183.4318
20
28.9530
0
VERTEX
8
CUT
10
183.4583
20
28.9615
0
VERTEX
8
CUT
10
187.0993
20
30.1825
0
VERTEX
8
CUT
10
187.1389
20
30.1968
0
VERTEX
8
CUT
10
187.1729
20
30.2099
0
VERTEX
8
CUT
10
187.2499
20
30.2436
0
VERTEX
8
CUT
10
187.2618
20
30.2494
0
VERTEX
8
CUT
10
187.3356
20
30.2897
0
VERTEX
8
CUT
10
187.3668
20
30.3086
0
VERTEX
8
CUT
10
187.4022
20
30.3312
0
VERTEX
8
CUT
10
187.4036
20
30.3322
0
VERTEX
8
CUT
10
187.4411
20
30.3586
0
VERTEX
8
CUT
10
187.4732
20
30.3823
0
VERTEX
8
CUT
10
187.5442
20
30.4404
0
VERTEX
8
CUT
10
187.5549
20
30.4501
0
VERTEX
8
CUT
10
187.6200
20
30.5148
0
VERTEX
8
CUT
10
187.6297
20
30.5255
0
VERTEX
8
CUT
10
187.6882
20
30.5962
0
VERTEX
8
CUT
10
187.6969
20
30.6077
0
VERTEX
8
CUT
10
187.7483
20
30.6837
0
VERTEX
8
CUT
10
187.7558
20
30.6961
0
VERTEX
8
CUT
10
187.7996
20
30.7767
0
VERTEX
8
CUT
10
187.8059
20
30.7897
0
VERTEX
8
CUT
10
187.8418
20
30.8742
0
VERTEX
8
CUT
10
187.8468
20
30.8877
0
VERTEX
8
CUT
10
187.8743
20
30.9752
0
VERTEX
8
CUT
10
187.8779
20
30.9892
0
VERTEX
8
CUT
10
187.8969
20
31.0790
0
VERTEX
8
CUT
10
187.8992
20
31.0933
0
VERTEX
8
CUT
10
187.9094
20
31.1845
0
VERTEX
8
CUT
10
187.9103
20
31.1989
0
VERTEX
8
CUT
10
187.9116
20
31.2906
0
VERTEX
8
CUT
10
187.9111
20
31.3051
0
VERTEX
8
CUT
10
187.9036
20
31.3965
0
VERTEX
8
CUT
10
187.9017
20
31.4108
0
VERTEX
8
CUT
10
187.8854
20
31.5011
0
VERTEX
8
CUT
10
187.8764
20
31.5400
0
VERTEX
8
CUT
10
187.8650
20
31.5844
0
VERTEX
8
CUT
10
187.1951
20
33.9541
0
VERTEX
8
CUT
10
187.1543
20
34.1255
0
VERTEX
8
CUT
10
187.1281
20
34.2998
0
VERTEX
8
CUT
10
187.1165
20
34.4756
0
VERTEX
8
CUT
10
187.0817
20
35.9452
0
VERTEX
8
CUT
10
187.0794
20
35.9919
0
VERTEX
8
CUT
10
187.0764
20
36.0324
0
VERTEX
8
CUT
10
187.0650
20
36.1253
0
VERTEX
8
CUT
10
187.0625
20
36.1398
0
VERTEX
8
CUT
10
187.0420
20
36.2311
0
VERTEX
8
CUT
10
187.0381
20
36.2453
0
VERTEX
8
CUT
10
187.0087
20
36.3341
0
VERTEX
8
CUT
10
187.0034
20
36.3479
0
VERTEX
8
CUT
10
186.9654
20
36.4334
0
VERTEX
8
CUT
10
186.9588
20
36.4465
0
VERTEX
8
CUT
10
186.9125
20
36.5279
0
VERTEX
8
CUT
10
186.9046
20
36.5403
0
VERTEX
8
CUT
10
186.8506
20
36.6167
0
VERTEX
8
CUT
10
186.8415
20
36.6283
0
VERTEX
8
CUT
10
186.7803
20
36.6990
0
VERTEX
8
CUT
10
186.7701
20
36.7097
0
VERTEX
8
CUT
10
186.7022
20
36.7740
0
VERTEX
8
CUT
10
186.6910
20
36.7836
0
VERTEX
8
CUT
10
186.6170
20
36.8409
0
VERTEX
8
CUT
10
186.6050
20
36.8494
0
VERTEX
8
CUT
10
186.5257
20
36.8992
0
VERTEX
8
CUT
10
186.5129
20
36.9064
0
VERTEX
8
CUT
10
186.4292
20
36.9481
0
VERTEX
8
CUT
10
186.4157
20
36.9540
0
VERTEX
8
CUT
10
186.3282
20
36.9873
0
VERTEX
8
CUT
10
186.3142
20
36.9919
0
VERTEX
8
CUT
10
186.2239
20
37.0164
0
VERTEX
8
CUT
10
186.2096
20
37.0196
0
VERTEX
8
CUT
10
186.1173
20
37.0351
0
VERTEX
8
CUT
10
186.1027
20
37.0368
0
VERTEX
8
CUT
10
186.0093
20
37.0432
0
VERTEX
8
CUT
10
185.9946
20
37.0435
0
VERTEX
8
CUT
10
185.9011
20
37.0406
0
VERTEX
8
CUT
10
185.8864
20
37.0394
0
VERTEX
8
CUT
10
185.7936
20
37.0274
0
VERTEX
8
CUT
10
185.7791
20
37.0248
0
VERTEX
8
CUT
10
185.6879
20
37.0036
0
VERTEX
8
CUT
10
185.6738
20
36.9996
0
VERTEX
8
CUT
10
185.5610
20
36.9614
0
VERTEX
8
CUT
10
185.3695
20
36.9066
0
VERTEX
8
CUT
10
185.1736
20
36.8701
0
VERTEX
8
CUT
10
184.9752
20
36.8524
0
VERTEX
8
CUT
10
184.7132
20
36.8415
0
VERTEX
8
CUT
10
184.4757
20
36.8450
0
VERTEX
8
CUT
10
184.2402
20
36.8753
0
VERTEX
8
CUT
10
184.0095
20
36.9321
0
VERTEX
8
CUT
10
183.3180
20
37.1443
0
VERTEX
8
CUT
10
183.1244
20
37.2143
0
VERTEX
8
CUT
10
182.9386
20
37.3029
0
VERTEX
8
CUT
10
182.7623
20
37.4092
0
VERTEX
8
CUT
10
182.5973
20
37.5323
0
VERTEX
8
CUT
10
182.4452
20
37.6710
0
VERTEX
8
CUT
10
182.3073
20
37.8239
0
VERTEX
8
CUT
10
182.0474
20
38.1423
0
VERTEX
8
CUT
10
181.9255
20
38.3074
0
VERTEX
8
CUT
10
181.8204
20
38.4836
0
VERTEX
8
CUT
10
181.7330
20
38.6692
0
VERTEX
8
CUT
10
181.6641
20
38.8624
0
VERTEX
8
CUT
10
181.6143
20
39.0615
0
VERTEX
8
CUT
10
181.5843
20
39.2644
0
VERTEX
8
CUT
10
181.5708
20
39.4007
0
VERTEX
8
CUT
10
181.5651
20
39.4475
0
VERTEX
8
CUT
10
181.5590
20
39.4879
0
VERTEX
8
CUT
10
181.5405
20
39.5803
0
VERTEX
8
CUT
10
181.5369
20
39.5947
0
VERTEX
8
CUT
10
181.5094
20
39.6848
0
VERTEX
8
CUT
10
181.5044
20
39.6987
0
VERTEX
8
CUT
10
181.4680
20
39.7856
0
VERTEX
8
CUT
10
181.4616
20
39.7990
0
VERTEX
8
CUT
10
181.4169
20
39.8818
0
VERTEX
8
CUT
10
181.4092
20
39.8945
0
VERTEX
8
CUT
10
181.3564
20
39.9725
0
VERTEX
8
CUT
10
181.3475
20
39.9844
0
VERTEX
8
CUT
10
181.2873
20
40.0568
0
VERTEX
8
CUT
10
181.2773
20
40.0677
0
VERTEX
8
CUT
10
181.2102
20
40.1338
0
VERTEX
8
CUT
10
181.1991
20
40.1437
0
VERTEX
8
CUT
10
181.1258
20
40.2028
0
VERTEX
8
CUT
10
181.1138
20
40.2115
0
VERTEX
8
CUT
10
181.0350
20
40.2631
0
VERTEX
8
CUT
10
181.0222
20
40.2706
0
VERTEX
8
CUT
10
180.9386
20
40.3141
0
VERTEX
8
CUT
10
180.9252
20
40.3202
0
VERTEX
8
CUT
10
180.8377
20
40.3553
0
VERTEX
8
CUT
10
180.8237
20
40.3601
0
VERTEX
8
CUT
10
180.7332
20
40.3862
0
VERTEX
8
CUT
10
180.7188
20
40.3896
0
VERTEX
8
CUT
10
180.6262
20
40.4067
0
VERTEX
8
CUT
10
180.6115
20
40.4087
0
VERTEX
8
CUT
10
180.5176
20
40.4165
0
VERTEX
8
CUT
10
180.5028
20
40.4170
0
VERTEX
8
CUT
10
180.4086
20
40.4154
0
VERTEX
8
CUT
10
180.3938
20
40.4145
0
VERTEX
8
CUT
10
180.3003
20
40.4036
0
VERTEX
8
CUT
10
180.2856
20
40.4012
0
VERTEX
8
CUT
10
180.1936
20
40.3811
0
VERTEX
8
CUT
10
180.1793
20
40.3772
0
VERTEX
8
CUT
10
180.0897
20
40.3481
0
VERTEX
8
CUT
10
180.0759
20
40.3428
0
VERTEX
8
CUT
10
179.9896
20
40.3050
0
VERTEX
8
CUT
10
179.9530
20
40.2868
0
VERTEX
8
CUT
10
179.9114
20
40.2647
0
VERTEX
8
CUT
10
179.1847
20
39.8557
0
VERTEX
8
CUT
10
179.1439
20
39.8314
0
VERTEX
8
CUT
10
179.1091
20
39.8095
0
VERTEX
8
CUT
10
179.0315
20
39.7549
0
VERTEX
8
CUT
10
179.0198
20
39.7458
0
VERTEX
8
CUT
10
178.9480
20
39.6838
0
VERTEX
8
CUT
10
178.9372
20
39.6735
0
VERTEX
8
CUT
10
178.8720
20
39.6046
0
VERTEX
8
CUT
10
178.8452
20
39.5734
0
VERTEX
8
CUT
10
178.8171
20
39.5388
0
VERTEX
8
CUT
10
178.7934
20
39.5067
0
VERTEX
8
CUT
10
178.7719
20
39.4761
0
VERTEX
8
CUT
10
178.7255
20
39.4035
0
SEQEND
0
POLYLINE
8
CUT
66
1
70
1
10
0.0
20
0.0
30
0.0
0
VERTEX
8
CUT
10
161.8158
20
180.7364
0
VERTEX
8
CUT
10
161.6082
20
180.8534
0
VERTEX
8
CUT
10
161.4153
20
180.9931
0
VERTEX
8
CUT
10
161.2394
20
181.1538
0
VERTEX
8
CUT
10
160.9726
20
181.4269
0
VERTEX
8
CUT
10
160.8337
20
181.5840
0
VERTEX
8
CUT
10
160.7112
20
181.7542
0
VERTEX
8
CUT
10
160.6063
20
181.9357
0
VERTEX
8
CUT
10
160.5200
20
182.1267
0
VERTEX
8
CUT
10
160.4532
20
182.3255
0
VERTEX
8
CUT
10
160.4214
20
182.4384
0
VERTEX
8
CUT
10
160.3760
20
182.6356
0
VERTEX
8
CUT
10
160.3498
20
182.8363
0
VERTEX
8
CUT
10
160.3431
20
183.0386
0
VERTEX
8
CUT
10
160.3558
20
183.2406
0
VERTEX
8
CUT
10
160.3880
20
183.4405
0
VERTEX
8
CUT
10
160.4392
20
183.6363
0
VERTEX
8
CUT
10
160.5091
20
183.8262
0
VERTEX
8
CUT
10
160.5969
20
184.0086
0
VERTEX
8
CUT
10
160.8398
20
184.4565
0
VERTEX
8
CUT
10
160.9424
20
184.6260
0
VERTEX
8
CUT
10
161.0605
20
184.7851
0
VERTEX
8
CUT
10
162.4462
20
186.4787
0
VERTEX
8
CUT
10
162.6105
20
186.6573
0
VERTEX
8
CUT
10
167.0267
20
190.9346
0
VERTEX
8
CUT
10
167.1567
20
191.0504
0
VERTEX
8
CUT
10
167.2959
20
191.1552
0
VERTEX
8
CUT
10
168.3109
20
191.8547
0
VERTEX
8
CUT
10
168.4853
20
191.9628
0
VERTEX
8
CUT
10
168.6694
20
192.0533
0
VERTEX
8
CUT
10
168.8615
20
192.1254
0
VERTEX
8
CUT
10
169.0598
20
192.1784
0
VERTEX
8
CUT
10
169.2622
20
192.2118
0
VERTEX
8
CUT
10
169.4670
20
192.2253
0
VERTEX
8
CUT
10
169.6721
20
192.2188
0
VERTEX
8
CUT
10
169.8755
20
192.1923
0
VERTEX
8
CUT
10
170.0754
20
192.1460
0
VERTEX
8
CUT
10
170.2699
20
192.0805
0
VERTEX
8
CUT
10
170.4570
20
191.9962
0
VERTEX
8
CUT
10
170.6350
20
191.8942
0
VERTEX
8
CUT
10
170.8022
20
191.7752
0
VERTEX
8
CUT
10
170.9570
20
191.6405
0
VERTEX
8
CUT
10
171.0979
20
191.4913
0
VERTEX
8
CUT
10
171.2236
20
191.3291
0
VERTEX
8
CUT
10
171.3328
20
191.1554
0
VERTEX
8
CUT
10
171.4246
20
190.9719
0
VERTEX
8
CUT
10
171.4980
20
190.7803
0
VERTEX
8
CUT
10
171.5523
20
190.5824
0
VERTEX
8
CUT
10
171.5871
20
190.3802
0
VERTEX
8
CUT
10
171.6020
20
190.1756
0
VERTEX
8
CUT
10
171.5969
20
189.9704
0
VERTEX
8
CUT
10
171.5717
20
189.7668
0
VERTEX
8
CUT
10
171.5268
20
189.5666
0
VERTEX
8
CUT
10
171.5248
20
189.5592
0
VERTEX
8
CUT
10
171.4616
20
189.3669
0
VERTEX
8
CUT
10
171.3801
20
189.1816
0
VERTEX
8
CUT
10
171.2812
20
189.0050
0
VERTEX
8
CUT
10
170.8757
20
188.3563
0
VERTEX
8
CUT
10
170.8516
20
188.3155
0
VERTEX
8
CUT
10
170.8316
20
188.2796
0
VERTEX
8
CUT
10
170.7896
20
188.1947
0
VERTEX
8
CUT
10
170.7837
20
188.1810
0
VERTEX
8
CUT
10
170.7504
20
188.0923
0
VERTEX
8
CUT
10
170.7459
20
188.0781
0
VERTEX
8
CUT
10
170.7216
20
187.9866
0
VERTEX
8
CUT
10
170.7185
20
187.9720
0
VERTEX
8
CUT
10
170.7034
20
187.8785
0
VERTEX
8
CUT
10
170.7018
20
187.8637
0
VERTEX
8
CUT
10
170.6962
20
187.7691
0
VERTEX
8
CUT
10
170.6960
20
187.7542
0
VERTEX
8
CUT
10
170.6998
20
187.6596
0
VERTEX
8
CUT
10
170.7012
20
187.6447
0
VERTEX
8
CUT
10
170.7144
20
187.5509
0
VERTEX
8
CUT
10
170.7172
20
187.5363
0
VERTEX
8
CUT
10
170.7397
20
187.4443
0
VERTEX
8
CUT
10
170.7440
20
187.4300
0
VERTEX
8
CUT
10
170.7755
20
187.3407
0
VERTEX
8
CUT
10
170.7812
20
187.3269
0
VERTEX
8
CUT
10
170.8215
20
187.2412
0
VERTEX
8
CUT
10
170.8285
20
187.2280
0
VERTEX
8
CUT
10
170.8772
20
187.1467
0
VERTEX
8
CUT
10
170.8854
20
187.1343
0
VERTEX
8
CUT
10
170.9419
20
187.0583
0
VERTEX
8
CUT
10
170.9514
20
187.0468
0
VERTEX
8
CUT
10
171.0152
20
186.9768
0
VERTEX
8
CUT
10
171.0258
20
186.9663
0
VERTEX
8
CUT
10
171.0963
20
186.9030
0
VERTEX
8
CUT
10
171.1078
20
186.8936
0
VERTEX
8
CUT
10
171.1842
20
186.8376
0
VERTEX
8
CUT
10
171.1967
20
186.8294
0
VERTEX
8
CUT
10
171.2783
20
186.7813
0
VERTEX
8
CUT
10
171.2915
20
186.7744
0
VERTEX
8
CUT
10
171.3775
20
186.7347
0
VERTEX
8
CUT
10
171.3913
20
186.7292
0
VERTEX
8
CUT
10
171.4809
20
186.6982
0
VERTEX
8
CUT
10
171.4952
20
186.6941
0
VERTEX
8
CUT
10
171.5874
20
186.6722
0
VERTEX
8
CUT
10
171.6020
20
186.6695
0
VERTEX
8
CUT
10
171.6959
20
186.6569
0
VERTEX
8
CUT
10
171.7108
20
186.6557
0
VERTEX
8
CUT
10
171.8054
20
186.6525
0
VERTEX
8
CUT
10
171.8203
20
186.6528
0
VERTEX
8
CUT
10
171.9148
20
186.6591
0
VERTEX
8
CUT
10
171.9296
20
186.6608
0
VERTEX
8
CUT
10
172.0231
20
186.6765
0
VERTEX
8
CUT
10
172.0376
20
186.6797
0
VERTEX
8
CUT
10
172.1290
20
186.7046
0
VERTEX
8
CUT
10
172.1432
20
186.7093
0
VERTEX
8
CUT
10
172.2316
20
186.7432
0
VERTEX
8
CUT
10
172.2453
20
186.7492
0
VERTEX
8
CUT
10
172.3299
20
186.7918
0
VERTEX
8
CUT
10
172.3429
20
186.7991
0
VERTEX
8
CUT
10
172.4228
20
186.8499
0
VERTEX
8
CUT
10
172.4350
20
186.8585
0
VERTEX
8
CUT
10
172.5095
20
186.9170
0
VERTEX
8
CUT
10
172.5405
20
186.9440
0
VERTEX
8
CUT
10
172.5755
20
186.9759
0
VERTEX
8
CUT
10
172.7009
20
187.0964
0
VERTEX
8
CUT
10
172.8573
20
187.2325
0
VERTEX
8
CUT
10
177.9527
20
191.2411
0
VERTEX
8
CUT
10
177.9766
20
191.2606
0
VERTEX
8
CUT
10
178.0101
20
191.2887
0
VERTEX
8
CUT
10
178.0333
20
191.3089
0
VERTEX
8
CUT
10
179.0135
20
192.1885
0
VERTEX
8
CUT
10
179.0479
20
192.2209
0
VERTEX
8
CUT
10
179.0770
20
192.2497
0
VERTEX
8
CUT
10
179.1406
20
192.3194
0
VERTEX
8
CUT
10
179.1501
20
192.3309
0
VERTEX
8
CUT
10
179.2065
20
192.4066
0
VERTEX
8
CUT
10
179.2147
20
192.4189
0
VERTEX
8
CUT
10
179.2633
20
192.4998
0
VERTEX
8
CUT
10
179.2704
20
192.5129
0
VERTEX
8
CUT
10
179.3107
20
192.5982
0
VERTEX
8
CUT
10
179.3164
20
192.6119
0
VERTEX
8
CUT
10
179.3480
20
192.7008
0
VERTEX
8
CUT
10
179.3523
20
192.7151
0
VERTEX
8
CUT
10
179.3750
20
192.8067
0
VERTEX
8
CUT
10
179.3778
20
192.8212
0
VERTEX
8
CUT
10
179.3913
20
192.9147
0
VERTEX
8
CUT
10
179.3927
20
192.9294
0
VERTEX
8
CUT
10
179.3968
20
193.0237
0
VERTEX
8
CUT
10
179.3967
20
193.0386
0
VERTEX
8
CUT
10
179.3915
20
193.1328
0
VERTEX
8
CUT
10
179.3899
20
193.1476
0
VERTEX
8
CUT
10
179.3753
20
193.2408
0
VERTEX
8
CUT
10
179.3723
20
193.2554
0
VERTEX
8
CUT
10
179.3485
20
193.3467
0
VERTEX
8
CUT
10
179.3441
20
193.3609
0
VERTEX
8
CUT
10
179.3114
20
193.4494
0
VERTEX
8
CUT
10
179.3055
20
193.4630
0
VERTEX
8
CUT
10
179.2642
20
193.5479
0
VERTEX
8
CUT
10
179.2570
20
193.5609
0
VERTEX
8
CUT
10
179.2075
20
193.6412
0
VERTEX
8
CUT
10
179.1990
20
193.6534
0
VERTEX
8
CUT
10
179.1417
20
193.7284
0
VERTEX
8
CUT
10
179.1322
20
193.7398
0
VERTEX
8
CUT
10
179.0677
20
193.8087
0
VERTEX
8
CUT
10
179.0570
20
193.8190
0
VERTEX
8
CUT
10
178.9860
20
193.8812
0
VERTEX
8
CUT
10
178.9744
20
193.8904
0
VERTEX
8
CUT
10
178.8976
20
193.9453
0
VERTEX
8
CUT
10
178.8851
20
193.9533
0
VERTEX
8
CUT
10
178.8032
20
194.0002
0
VERTEX
8
CUT
10
178.7900
20
194.0070
0
VERTEX
8
CUT
10
178.6562
20
194.0669
0
VERTEX
8
CUT
10
178.6565
20
194.0677
0
VERTEX
8
CUT
10
178.5426
20
194.1184
0
VERTEX
8
CUT
10
178.3701
20
194.2155
0
VERTEX
8
CUT
10
178.2076
20
194.3284
0
VERTEX
8
CUT
10
178.0564
20
194.4560
0
VERTEX
8
CUT
10
177.9179
20
194.5974
0
VERTEX
8
CUT
10
177.7933
20
194.7512
0
VERTEX
8
CUT
10
177.6837
20
194.9160
0
VERTEX
8
CUT
10
177.5902
20
195.0904
0
VERTEX
8
CUT
10
177.5251
20
195.2453
0
VERTEX
8
CUT
10
177.4771
20
195.3584
0
VERTEX
8
CUT
10
177.4706
20
195.3718
0
VERTEX
8
CUT
10
177.4252
20
195.4549
0
VERTEX
8
CUT
10
177.4174
20
195.4676
0
VERTEX
8
CUT
10
177.3639
20
195.5457
0
VERTEX
8
CUT
10
177.3549
20
195.5576
0
VERTEX
8
CUT
10
177.2939
20
195.6300
0
VERTEX
8
CUT
10
177.2837
20
195.6409
0
VERTEX
8
CUT
10
177.2158
20
195.7068
0
VERTEX
8
CUT
10
177.2046
20
195.7167
0
VERTEX
8
CUT
10
177.1305
20
195.7755
0
VERTEX
8
CUT
10
177.1183
20
195.7842
0
VERTEX
8
CUT
10
177.0387
20
195.8354
0
VERTEX
8
CUT
10
177.0258
20
195.8428
0
VERTEX
8
CUT
10
176.9414
20
195.8858
0
VERTEX
8
CUT
10
176.9279
20
195.8919
0
VERTEX
8
CUT
10
176.8396
20
195.9263
0
VERTEX
8
CUT
10
176.8255
20
195.9310
0
VERTEX
8
CUT
10
176.7343
20
195.9565
0
VERTEX
8
CUT
10
176.7198
20
195.9598
0
VERTEX
8
CUT
10
176.6265
20
195.9760
0
VERTEX
8
CUT
10
176.6117
20
195.9778
0
VERTEX
8
CUT
10
176.5173
20
195.9847
0
VERTEX
8
CUT
10
176.5024
20
195.9850
0
VERTEX
8
CUT
10
176.4078
20
195.9824
0
VERTEX
8
CUT
10
176.3929
20
195.9813
0
VERTEX
8
CUT
10
176.2990
20
195.9693
0
VERTEX
8
CUT
10
176.2843
20
195.9666
0
VERTEX
8
CUT
10
176.1921
20
195.9453
0
VERTEX
8
CUT
10
176.1778
20
195.9413
0
VERTEX
8
CUT
10
176.0881
20
195.9109
0
VERTEX
8
CUT
10
176.0742
20
195.9054
0
VERTEX
8
CUT
10
175.9880
20
195.8663
0
VERTEX
8
CUT
10
175.9748
20
195.8594
0
VERTEX
8
CUT
10
175.8929
20
195.8119
0
VERTEX
8
CUT
10
175.8804
20
195.8038
0
VERTEX
8
CUT
10
175.8037
20
195.7483
0
VERTEX
8
CUT
10
175.7921
20
195.7390
0
VERTEX
8
CUT
10
175.7213
20
195.6762
0
VERTEX
8
CUT
10
175.7106
20
195.6657
0
VERTEX
8
CUT
10
175.6464
20
195.5961
0
VERTEX
8
CUT
10
175.6201
20
195.5646
0
VERTEX
8
CUT
10
175.5906
20
195.5275
0
VERTEX
8
CUT
10
174.8544
20
194.5500
0
VERTEX
8
CUT
10
174.7247
20
194.3941
0
VERTEX
8
CUT
10
174.5806
20
194.2514
0
VERTEX
8
CUT
10
174.4234
20
194.1233
0
VERTEX
8
CUT
10
174.2546
20
194.0110
0
VERTEX
8
CUT
10
174.0758
20
193.9155
0
VERTEX
8
CUT
10
173.8885
20
193.8376
0
VERTEX
8
CUT
10
173.6947
20
193.7782
0
VERTEX
8
CUT
10
173.4960
20
193.7378
0
VERTEX
8
CUT
10
173.2943
20
193.7167
0
VERTEX
8
CUT
10
173.0916
20
193.7151
0
VERTEX
8
CUT
10
172.8896
20
193.7331
0
VERTEX
8
CUT
10
172.6903
20
193.7705
0
VERTEX
8
CUT
10
172.4956
20
193.8270
0
VERTEX
8
CUT
10
172.3072
20
193.9020
0
VERTEX
8
CUT
10
172.1269
20
193.9948
0
VERTEX
8
CUT
10
171.9564
20
194.1045
0
VERTEX
8
CUT
10
171.7973
20
194.2302
0
VERTEX
8
CUT
10
171.6510
20
194.3707
0
VERTEX
8
CUT
10
171.5190
20
194.5245
0
VERTEX
8
CUT
10
171.4024
20
194.6905
0
VERTEX
8
CUT
10
171.3024
20
194.8668
0
VERTEX
8
CUT
10
171.2686
20
194.9338
0
VERTEX
8
CUT
10
171.2241
20
195.0111
0
VERTEX
8
CUT
10
171.2160
20
195.0236
0
VERTEX
8
CUT
10
171.1610
20
195.1004
0
VERTEX
8
CUT
10
171.1518
20
195.1120
0
VERTEX
8
CUT
10
171.0894
20
195.1829
0
VERTEX
8
CUT
10
171.0791
20
195.1936
0
VERTEX
8
CUT
10
171.0100
20
195.2579
0
VERTEX
8
CUT
10
170.9986
20
195.2675
0
VERTEX
8
CUT
10
170.9235
20
195.3247
0
VERTEX
8
CUT
10
170.9113
20
195.3331
0
VERTEX
8
CUT
10
170.8308
20
195.3825
0
VERTEX
8
CUT
10
170.8178
20
195.3897
0
VERTEX
8
CUT
10
170.7328
20
195.4309
0
VERTEX
8
CUT
10
170.7192
20
195.4367
0
VERTEX
8
CUT
10
170.6305
20
195.4692
0
VERTEX
8
CUT
10
170.6164
20
195.4737
0
VERTEX
8
CUT
10
170.5249
20
195.4973
0
VERTEX
8
CUT
10
170.5104
20
195.5002
0
VERTEX
8
CUT
10
170.4171
20
195.5146
0
VERTEX
8
CUT
10
170.4023
20
195.5162
0
VERTEX
8
CUT
10
170.3080
20
195.5212
0
VERTEX
8
CUT
10
170.2932
20
195.5213
0
VERTEX
8
CUT
10
170.1989
20
195.5170
0
VERTEX
8
CUT
10
170.1581
20
195.5130
0
VERTEX
8
CUT
10
170.1112
20
195.5074
0
VERTEX
8
CUT
10
169.4845
20
195.4156
0
VERTEX
8
CUT
10
169.2674
20
195.3953
0
VERTEX
8
CUT
10
169.0494
20
195.3975
0
VERTEX
8
CUT
10
168.8328
20
195.4224
0
VERTEX
8
CUT
10
167.7680
20
195.6010
0
VERTEX
8
CUT
10
167.5807
20
195.6413
0
VERTEX
8
CUT
10
167.3978
20
195.6985
0
VERTEX
8
CUT
10
167.2208
20
195.7722
0
VERTEX
8
CUT
10
167.0513
20
195.8617
0
VERTEX
8
CUT
10
166.8907
20
195.9662
0
VERTEX
8
CUT
10
166.7403
20
196.0850
0
VERTEX
8
CUT
10
166.6013
20
196.2170
0
VERTEX
8
CUT
10
166.4601
20
196.3639
0
VERTEX
8
CUT
10
166.3111
20
196.5369
0
VERTEX
8
CUT
10
166.1818
20
196.7249
0
VERTEX
8
CUT
10
166.0736
20
196.9259
0
VERTEX
8
CUT
10
165.9515
20
197.1859
0
VERTEX
8
CUT
10
165.8717
20
197.3805
0
VERTEX
8
CUT
10
165.8117
20
197.5822
0
VERTEX
8
CUT
10
165.7722
20
197.7888
0
VERTEX
8
CUT
10
165.7536
20
197.9983
0
VERTEX
8
CUT
10
165.7561
20
198.2086
0
VERTEX
8
CUT
10
165.7796
20
198.4176
0
VERTEX
8
CUT
10
165.8238
20
198.6233
0
VERTEX
8
CUT
10
165.8884
20
198.8234
0
VERTEX
8
CUT
10
165.9728
20
199.0161
0
VERTEX
8
CUT
10
166.0172
20
199.1051
0
VERTEX
8
CUT
10
166.0372
20
199.1480
0
VERTEX
8
CUT
10
166.0536
20
199.1855
0
VERTEX
8
CUT
10
166.0872
20
199.2738
0
VERTEX
8
CUT
10
166.0918
20
199.2880
0
VERTEX
8
CUT
10
166.1164
20
199.3792
0
VERTEX
8
CUT
10
166.1195
20
199.3937
0
VERTEX
8
CUT
10
166.1349
20
199.4869
0
VERTEX
8
CUT
10
166.1366
20
199.5017
0
VERTEX
8
CUT
10
166.1427
20
199.5960
0
VERTEX
8
CUT
10
166.1429
20
199.6108
0
VERTEX
8
CUT
10
166.1396
20
199.7052
0
VERTEX
8
CUT
10
166.1383
20
199.7200
0
VERTEX
8
CUT
10
166.1256
20
199.8137
0
VERTEX
8
CUT
10
166.1229
20
199.8283
0
VERTEX
8
CUT
10
166.1010
20
199.9202
0
VERTEX
8
CUT
10
166.0968
20
199.9344
0
VERTEX
8
CUT
10
166.0659
20
200.0237
0
VERTEX
8
CUT
10
166.0603
20
200.0375
0
VERTEX
8
CUT
10
166.0206
20
200.1232
0
VERTEX
8
CUT
10
166.0137
20
200.1364
0
VERTEX
8
CUT
10
165.9657
20
200.2177
0
VERTEX
8
CUT
10
165.9575
20
200.2301
0
VERTEX
8
CUT
10
165.9017
20
200.3063
0
VERTEX
8
CUT
10
165.8923
20
200.3179
0
VERTEX
8
CUT
10
165.8292
20
200.3881
0
VERTEX
8
CUT
10
165.8187
20
200.3987
0
VERTEX
8
CUT
10
165.7489
20
200.4623
0
VERTEX
8
CUT
10
165.7374
20
200.4718
0
VERTEX
8
CUT
10
165.6616
20
200.5282
0
VERTEX
8
CUT
10
165.6493
20
200.5364
0
VERTEX
8
CUT
10
165.5682
20
200.5850
0
VERTEX
8
CUT
10
165.5551
20
200.5920
0
VERTEX
8
CUT
10
165.4697
20
200.6323
0
VERTEX
8
CUT
10
165.4559
20
200.6380
0
VERTEX
8
CUT
10
165.3669
20
200.6695
0
VERTEX
8
CUT
10
165.3527
20
200.6738
0
VERTEX
8
CUT
10
165.2609
20
200.6964
0
VERTEX
8
CUT
10
165.2463
20
200.6992
0
VERTEX
8
CUT
10
165.1528
20
200.7126
0
VERTEX
8
CUT
10
165.1380
20
200.7139
0
VERTEX
8
CUT
10
165.0436
20
200.7179
0
VERTEX
8
CUT
10
165.0288
20
200.7178
0
VERTEX
8
CUT
10
164.9344
20
200.7124
0
VERTEX
8
CUT
10
164.9197
20
200.7108
0
VERTEX
8
CUT
10
164.8264
20
200.6961
0
VERTEX
8
CUT
10
164.8118
20
200.6930
0
VERTEX
8
CUT
10
164.7204
20
200.6691
0
VERTEX
8
CUT
10
164.7063
20
200.6646
0
VERTEX
8
CUT
10
164.6177
20
200.6317
0
VERTEX
8
CUT
10
164.6040
20
200.6258
0
VERTEX
8
CUT
10
164.5192
20
200.5843
0
VERTEX
8
CUT
10
164.5062
20
200.5771
0
VERTEX
8
CUT
10
164.4259
20
200.5273
0
VERTEX
8
CUT
10
164.4137
20
200.5188
0
VERTEX
8
CUT
10
164.3387
20
200.4613
0
VERTEX
8
CUT
10
164.3274
20
200.4517
0
VERTEX
8
CUT
10
164.2586
20
200.3870
0
VERTEX
8
CUT
10
164.2301
20
200.3575
0
VERTEX
8
CUT
10
164.1982
20
200.3226
0
VERTEX
8
CUT
10
162.1567
20
197.9815
0
VERTEX
8
CUT
10
162.1196
20
197.9362
0
VERTEX
8
CUT
10
162.0689
20
197.8702
0
VERTEX
8
CUT
10
162.0347
20
197.8227
0
VERTEX
8
CUT
10
160.6042
20
195.7034
0
VERTEX
8
CUT
10
160.5750
20
195.6574
0
VERTEX
8
CUT
10
160.5354
20
195.5909
0
VERTEX
8
CUT
10
160.5089
20
195.5432
0
VERTEX
8
CUT
10
159.3410
20
193.2941
0
VERTEX
8
CUT
10
159.3208
20
193.2528
0
VERTEX
8
CUT
10
159.2935
20
193.1934
0
VERTEX
8
CUT
10
159.2753
20
193.1512
0
VERTEX
8
CUT
10
158.3139
20
190.7591
0
VERTEX
8
CUT
10
158.2946
20
190.7068
0
VERTEX
8
CUT
10
158.2695
20
190.6317
0
VERTEX
8
CUT
10
158.2533
20
190.5784
0
VERTEX
8
CUT
10
157.5781
20
188.0875
0
VERTEX
8
CUT
10
157.5675
20
188.0443
0
VERTEX
8
CUT
10
157.5538
20
187.9827
0
VERTEX
8
CUT
10
157.5452
20
187.9391
0
VERTEX
8
CUT
10
157.2485
20
186.2225
0
VERTEX
8
CUT
10
157.1259
20
185.6264
0
VERTEX
8
CUT
10
157.1183
20
185.5843
0
VERTEX
8
CUT
10
157.1124
20
185.5477
0
VERTEX
8
CUT
10
157.1028
20
185.4628
0
VERTEX
8
CUT
10
157.1003
20
185.4258
0
VERTEX
8
CUT
10
157.0984
20
185.3831
0
VERTEX
8
CUT
10
157.0976
20
185.3495
0
VERTEX
8
CUT
10
157.0863
20
185.2838
0
VERTEX
8
CUT
10
157.0775
20
185.2209
0
VERTEX
8
CUT
10
157.0682
20
185.1313
0
VERTEX
8
CUT
10
157.0637
20
185.0680
0
VERTEX
8
CUT
10
156.8411
20
179.1299
0
VERTEX
8
CUT
10
156.8408
20
179.0662
0
VERTEX
8
CUT
10
156.8435
20
178.9757
0
VERTEX
8
CUT
10
156.8475
20
178.9121
0
VERTEX
8
CUT
10
157.1710
20
175.5792
0
VERTEX
8
CUT
10
157.1757
20
175.5391
0
VERTEX
8
CUT
10
157.1806
20
175.5045
0
VERTEX
8
CUT
10
157.1951
20
175.4252
0
VERTEX
8
CUT
10
157.2029
20
175.3910
0
VERTEX
8
CUT
10
157.2064
20
175.3772
0
VERTEX
8
CUT
10
157.2106
20
175.3333
0
VERTEX
8
CUT
10
157.2161
20
175.2887
0
VERTEX
8
CUT
10
157.2344
20
175.1869
0
VERTEX
8
CUT
10
157.2448
20
175.1432
0
VERTEX
8
CUT
10
157.2580
20
175.0932
0
VERTEX
8
CUT
10
157.5679
20
174.0424
0
VERTEX
8
CUT
10
157.5841
20
173.9926
0
VERTEX
8
CUT
10
157.5851
20
173.9897
0
VERTEX
8
CUT
10
157.5923
20
173.9655
0
VERTEX
8
CUT
10
157.6034
20
173.9311
0
VERTEX
8
CUT
10
157.6323
20
173.8530
0
VERTEX
8
CUT
10
157.6463
20
173.8197
0
VERTEX
8
CUT
10
157.6633
20
173.7816
0
VERTEX
8
CUT
10
157.7887
20
173.5165
0
VERTEX
8
CUT
10
157.8112
20
173.4721
0
VERTEX
8
CUT
10
157.8318
20
173.4340
0
VERTEX
8
CUT
10
157.8836
20
173.3489
0
VERTEX
8
CUT
10
157.8924
20
173.3360
0
VERTEX
8
CUT
10
157.9528
20
173.2568
0
VERTEX
8
CUT
10
157.9808
20
173.2239
0
VERTEX
8
CUT
10
158.0141
20
173.1868
0
VERTEX
8
CUT
10
158.3875
20
172.7915
0
VERTEX
8
CUT
10
158.4229
20
172.7560
0
VERTEX
8
CUT
10
158.4543
20
172.7260
0
VERTEX
8
CUT
10
158.5304
20
172.6609
0
VERTEX
8
CUT
10
158.5429
20
172.6513
0
VERTEX
8
CUT
10
158.6254
20
172.5945
0
VERTEX
8
CUT
10
158.6624
20
172.5718
0
VERTEX
8
CUT
10
158.7058
20
172.5467
0
VERTEX
8
CUT
10
158.7583
20
172.5183
0
VERTEX
8
CUT
10
158.8028
20
172.4956
0
VERTEX
8
CUT
10
158.8418
20
172.4770
0
VERTEX
8
CUT
10
158.9339
20
172.4389
0
VERTEX
8
CUT
10
158.9487
20
172.4337
0
VERTEX
8
CUT
10
159.0443
20
172.4055
0
VERTEX
8
CUT
10
159.0595
20
172.4019
0
VERTEX
8
CUT
10
159.1575
20
172.3838
0
VERTEX
8
CUT
10
159.2004
20
172.3782
0
VERTEX
8
CUT
10
159.2500
20
172.3731
0
VERTEX
8
CUT
10
159.2913
20
172.3699
0
VERTEX
8
CUT
10
159.3419
20
172.3673
0
VERTEX
8
CUT
10
159.3859
20
172.3663
0
VERTEX
8
CUT
10
159.4871
20
172.3693
0
VERTEX
8
CUT
10
159.5030
20
172.3706
0
VERTEX
8
CUT
10
159.6033
20
172.3844
0
VERTEX
8
CUT
10
159.6189
20
172.3874
0
VERTEX
8
CUT
10
159.7172
20
172.4118
0
VERTEX
8
CUT
10
159.7324
20
172.4164
0
VERTEX
8
CUT
10
159.8276
20
172.4511
0
VERTEX
8
CUT
10
159.8680
20
172.4684
0
VERTEX
8
CUT
10
159.9141
20
172.4895
0
VERTEX
8
CUT
10
160.5063
20
172.7804
0
VERTEX
8
CUT
10
160.5522
20
172.8045
0
VERTEX
8
CUT
10
160.5914
20
172.8265
0
VERTEX
8
CUT
10
160.6788
20
172.8821
0
VERTEX
8
CUT
10
160.6920
20
172.8915
0
VERTEX
8
CUT
10
160.7729
20
172.9563
0
VERTEX
8
CUT
10
160.8064
20
172.9862
0
VERTEX
8
CUT
10
160.8441
20
173.0218
0
VERTEX
8
CUT
10
161.7368
20
173.9122
0
VERTEX
8
CUT
10
161.7617
20
173.9380
0
VERTEX
8
CUT
10
161.7829
20
173.9608
0
VERTEX
8
CUT
10
161.8297
20
174.0152
0
VERTEX
8
CUT
10
161.8491
20
174.0395
0
VERTEX
8
CUT
10
161.8710
20
174.0680
0
VERTEX
8
CUT
10
165.7471
20
179.3229
0
VERTEX
8
CUT
10
165.7735
20
179.3606
0
VERTEX
8
CUT
10
165.7956
20
179.3938
0
VERTEX
8
CUT
10
165.8428
20
179.4727
0
VERTEX
8
CUT
10
165.8496
20
179.4855
0
VERTEX
8
CUT
10
165.8889
20
179.5686
0
VERTEX
8
CUT
10
165.8944
20
179.5819
0
VERTEX
8
CUT
10
165.9255
20
179.6684
0
VERTEX
8
CUT
10
165.9297
20
179.6822
0
VERTEX
8
CUT
10
165.9523
20
179.7714
0
VERTEX
8
CUT
10
165.9552
20
179.7855
0
VERTEX
8
CUT
10
165.9690
20
179.8764
0
VERTEX
8
CUT
10
165.9705
20
179.8908
0
VERTEX
8
CUT
10
165.9755
20
179.9826
0
VERTEX
8
CUT
10
165.9756
20
179.9970
0
VERTEX
8
CUT
10
165.9717
20
180.0889
0
VERTEX
8
CUT
10
165.9704
20
180.1033
0
VERTEX
8
CUT
10
165.9576
20
180.1943
0
VERTEX
8
CUT
10
165.9549
20
180.2085
0
VERTEX
8
CUT
10
165.9334
20
180.2979
0
VERTEX
8
CUT
10
165.9293
20
180.3118
0
VERTEX
8
CUT
10
165.8993
20
180.3986
0
VERTEX
8
CUT
10
165.8939
20
180.4121
0
VERTEX
8
CUT
10
165.8556
20
180.4956
0
VERTEX
8
CUT
10
165.8489
20
180.5084
0
VERTEX
8
CUT
10
165.8027
20
180.5879
0
VERTEX
8
CUT
10
165.7949
20
180.6000
0
VERTEX
8
CUT
10
165.7412
20
180.6747
0
VERTEX
8
CUT
10
165.7322
20
180.6860
0
VERTEX
8
CUT
10
165.6715
20
180.7551
0
VERTEX
8
CUT
10
165.6615
20
180.7654
0
VERTEX
8
CUT
10
165.5944
20
180.8283
0
VERTEX
8
CUT
10
165.5834
20
180.8377
0
VERTEX
8
CUT
10
165.5106
20
180.8938
0
VERTEX
8
CUT
10
165.4987
20
180.9021
0
VERTEX
8
CUT
10
165.4209
20
180.9509
0
VERTEX
8
CUT
10
165.4082
20
180.9580
0
VERTEX
8
CUT
10
165.3260
20
180.9990
0
VERTEX
8
CUT
10
165.3128
20
181.0048
0
VERTEX
8
CUT
10
165.2269
20
181.0377
0
VERTEX
8
CUT
10
165.2132
20
181.0423
0
VERTEX
8
CUT
10
165.1246
20
181.0667
0
VERTEX
8
CUT
10
165.1105
20
181.0699
0
VERTEX
8
CUT
10
165.0199
20
181.0856
0
VERTEX
8
CUT
10
165.0056
20
181.0874
0
VERTEX
8
CUT
10
164.9139
20
181.0943
0
VERTEX
8
CUT
10
164.8994
20
181.0947
0
VERTEX
8
CUT
10
164.8075
20
181.0928
0
VERTEX
8
CUT
10
164.7931
20
181.0918
0
VERTEX
8
CUT
10
164.7018
20
181.0809
0
VERTEX
8
CUT
10
164.6876
20
181.0785
0
VERTEX
8
CUT
10
164.5978
20
181.0589
0
VERTEX
8
CUT
10
164.5838
20
181.0551
0
VERTEX
8
CUT
10
164.4963
20
181.0269
0
VERTEX
8
CUT
10
164.4828
20
181.0218
0
VERTEX
8
CUT
10
164.3985
20
180.9853
0
VERTEX
8
CUT
10
164.3855
20
180.9789
0
VERTEX
8
CUT
10
164.3051
20
180.9344
0
VERTEX
8
CUT
10
164.2928
20
180.9267
0
VERTEX
8
CUT
10
164.2724
20
180.9128
0
VERTEX
8
CUT
10
164.1166
20
180.8153
0
VERTEX
8
CUT
10
163.9528
20
180.7319
0
VERTEX
8
CUT
10
163.7824
20
180.6631
0
VERTEX
8
CUT
10
163.6066
20
180.6094
0
VERTEX
8
CUT
10
163.3567
20
180.5450
0
VERTEX
8
CUT
10
163.1592
20
180.5041
0
VERTEX
8
CUT
10
162.9587
20
180.4823
0
VERTEX
8
CUT
10
162.7571
20
180.4798
0
VERTEX
8
CUT
10
162.5561
20
180.4967
0
VERTEX
8
CUT
10
162.5513
20
180.4974
0
VERTEX
8
CUT
10
162.3281
20
180.5394
0
VERTEX
8
CUT
10
162.1108
20
180.6052
0
VERTEX
8
CUT
10
161.9018
20
180.6942
0
SEQEND
0
POLYLINE
8
CUT
66
1
70
1
10
0.0
20
0.0
30
0.0
0
VERTEX
8
CUT
10
171.7444
20
56.8579
0
VERTEX
8
CUT
10
171.7556
20
56.8129
0
VERTEX
8
CUT
10
171.7662
20
56.7741
0
VERTEX
8
CUT
10
171.7951
20
56.6861
0
VERTEX
8
CUT
10
171.8003
20
56.6725
0
VERTEX
8
CUT
10
171.8376
20
56.5877
0
VERTEX
8
CUT
10
171.8441
20
56.5746
0
VERTEX
8
CUT
10
171.8895
20
56.4939
0
VERTEX
8
CUT
10
171.8973
20
56.4815
0
VERTEX
8
CUT
10
171.9504
20
56.4056
0
VERTEX
8
CUT
10
171.9593
20
56.3941
0
VERTEX
8
CUT
10
172.0195
20
56.3236
0
VERTEX
8
CUT
10
172.0295
20
56.3130
0
VERTEX
8
CUT
10
172.0963
20
56.2488
0
VERTEX
8
CUT
10
172.1073
20
56.2392
0
VERTEX
8
CUT
10
172.1800
20
56.1818
0
VERTEX
8
CUT
10
172.1919
20
56.1734
0
VERTEX
8
CUT
10
172.2699
20
56.1234
0
VERTEX
8
CUT
10
172.2825
20
56.1161
0
VERTEX
8
CUT
10
172.3650
20
56.0739
0
VERTEX
8
CUT
10
172.3783
20
56.0679
0
VERTEX
8
CUT
10
172.4645
20
56.0339
0
VERTEX
8
CUT
10
172.4783
20
56.0293
0
VERTEX
8
CUT
10
172.5674
20
56.0039
0
VERTEX
8
CUT
10
172.5816
20
56.0006
0
VERTEX
8
CUT
10
172.6727
20
55.9840
0
VERTEX
8
CUT
10
172.6872
20
55.9821
0
VERTEX
8
CUT
10
172.7795
20
55.9745
0
VERTEX
8
CUT
10
172.7941
20
55.9740
0
VERTEX
8
CUT
10
172.8867
20
55.9754
0
VERTEX
8
CUT
10
172.9013
20
55.9763
0
VERTEX
8
CUT
10
172.9934
20
55.9868
0
VERTEX
8
CUT
10
173.0077
20
55.9891
0
VERTEX
8
CUT
10
173.0983
20
56.0085
0
VERTEX
8
CUT
10
173.1124
20
56.0122
0
VERTEX
8
CUT
10
173.2007
20
56.0403
0
VERTEX
8
CUT
10
173.2144
20
56.0454
0
VERTEX
8
CUT
10
173.2995
20
56.0820
0
VERTEX
8
CUT
10
173.3126
20
56.0884
0
VERTEX
8
CUT
10
173.3938
20
56.1331
0
VERTEX
8
CUT
10
173.4062
20
56.1408
0
VERTEX
8
CUT
10
173.4826
20
56.1932
0
VERTEX
8
CUT
10
173.4942
20
56.2020
0
VERTEX
8
CUT
10
173.5651
20
56.2616
0
VERTEX
8
CUT
10
173.5946
20
56.2889
0
VERTEX
8
CUT
10
173.6278
20
56.3213
0
VERTEX
8
CUT
10
175.8796
20
58.6230
0
VERTEX
8
CUT
10
175.9070
20
58.6522
0
VERTEX
8
CUT
10
175.9302
20
58.6780
0
VERTEX
8
CUT
10
175.9812
20
58.7397
0
VERTEX
8
CUT
10
176.0021
20
58.7674
0
VERTEX
8
CUT
10
176.0256
20
58.7998
0
VERTEX
8
CUT
10
176.1681
20
59.0054
0
VERTEX
8
CUT
10
176.3856
20
59.1927
0
VERTEX
8
CUT
10
176.4202
20
59.2240
0
VERTEX
8
CUT
10
176.4495
20
59.2519
0
VERTEX
8
CUT
10
176.5138
20
59.3193
0
VERTEX
8
CUT
10
176.5234
20
59.3304
0
VERTEX
8
CUT
10
176.5808
20
59.4039
0
VERTEX
8
CUT
10
176.5893
20
59.4159
0
VERTEX
8
CUT
10
176.6392
20
59.4946
0
VERTEX
8
CUT
10
176.6592
20
59.5298
0
VERTEX
8
CUT
10
176.6812
20
59.5709
0
VERTEX
8
CUT
10
177.0054
20
60.2141
0
VERTEX
8
CUT
10
177.4897
20
60.9132
0
VERTEX
8
CUT
10
177.5150
20
60.9517
0
VERTEX
8
CUT
10
177.5362
20
60.9856
0
VERTEX
8
CUT
10
177.5810
20
61.0660
0
VERTEX
8
CUT
10
177.5875
20
61.0790
0
VERTEX
8
CUT
10
177.6243
20
61.1633
0
VERTEX
8
CUT
10
177.6385
20
61.2007
0
VERTEX
8
CUT
10
177.6538
20
61.2441
0
VERTEX
8
CUT
10
178.2252
20
62.9984
0
VERTEX
8
CUT
10
178.2360
20
63.0341
0
VERTEX
8
CUT
10
178.2448
20
63.0653
0
VERTEX
8
CUT
10
178.2623
20
63.1378
0
VERTEX
8
CUT
10
178.2686
20
63.1695
0
VERTEX
8
CUT
10
178.2752
20
63.2062
0
VERTEX
8
CUT
10
178.6065
20
65.2891
0
VERTEX
8
CUT
10
178.6133
20
65.3414
0
VERTEX
8
CUT
10
178.6180
20
65.3869
0
VERTEX
8
CUT
10
178.6229
20
65.4921
0
VERTEX
8
CUT
10
178.6225
20
65.5378
0
VERTEX
8
CUT
10
178.6206
20
65.5905
0
VERTEX
8
CUT
10
178.3785
20
69.3472
0
VERTEX
8
CUT
10
178.3741
20
69.3965
0
VERTEX
8
CUT
10
178.3691
20
69.4390
0
VERTEX
8
CUT
10
178.3525
20
69.5364
0
VERTEX
8
CUT
10
178.3491
20
69.5515
0
VERTEX
8
CUT
10
178.3226
20
69.6467
0
VERTEX
8
CUT
10
178.3176
20
69.6614
0
VERTEX
8
CUT
10
178.2813
20
69.7532
0
VERTEX
8
CUT
10
178.2748
20
69.7673
0
VERTEX
8
CUT
10
178.2292
20
69.8549
0
VERTEX
8
CUT
10
178.2213
20
69.8683
0
VERTEX
8
CUT
10
178.1668
20
69.9506
0
VERTEX
8
CUT
10
178.1575
20
69.9631
0
VERTEX
8
CUT
10
178.0948
20
70.0394
0
VERTEX
8
CUT
10
178.0658
20
70.0710
0
VERTEX
8
CUT
10
178.0315
20
70.1066
0
VERTEX
8
CUT
10
175.0827
20
73.0115
0
VERTEX
8
CUT
10
175.0350
20
73.0554
0
VERTEX
8
CUT
10
174.9652
20
73.1153
0
VERTEX
8
CUT
10
174.9147
20
73.1558
0
VERTEX
8
CUT
10
173.2692
20
74.3846
0
VERTEX
8
CUT
10
173.2141
20
74.4227
0
VERTEX
8
CUT
10
173.1341
20
74.4742
0
VERTEX
8
CUT
10
173.0764
20
74.5083
0
VERTEX
8
CUT
10
168.3086
20
77.1147
0
VERTEX
8
CUT
10
168.2634
20
77.1378
0
VERTEX
8
CUT
10
168.1984
20
77.1690
0
VERTEX
8
CUT
10
168.1520
20
77.1897
0
VERTEX
8
CUT
10
166.8991
20
77.7096
0
VERTEX
8
CUT
10
166.7310
20
77.7825
0
VERTEX
8
CUT
10
166.6914
20
77.7986
0
VERTEX
8
CUT
10
166.6567
20
77.8118
0
VERTEX
8
CUT
10
166.5754
20
77.8387
0
VERTEX
8
CUT
10
166.5625
20
77.8423
0
VERTEX
8
CUT
10
166.4792
20
77.8617
0
VERTEX
8
CUT
10
166.4659
20
77.8642
0
VERTEX
8
CUT
10
166.3812
20
77.8760
0
VERTEX
8
CUT
10
166.3442
20
77.8795
0
VERTEX
8
CUT
10
166.3239
20
77.8809
0
VERTEX
8
CUT
10
166.2865
20
77.8819
0
VERTEX
8
CUT
10
166.2493
20
77.8819
0
VERTEX
8
CUT
10
166.1563
20
77.8773
0
VERTEX
8
CUT
10
166.1417
20
77.8758
0
VERTEX
8
CUT
10
166.0496
20
77.8621
0
VERTEX
8
CUT
10
166.0352
20
77.8592
0
VERTEX
8
CUT
10
165.9448
20
77.8366
0
VERTEX
8
CUT
10
165.9308
20
77.8323
0
VERTEX
8
CUT
10
165.8431
20
77.8009
0
VERTEX
8
CUT
10
165.8296
20
77.7952
0
VERTEX
8
CUT
10
165.7454
20
77.7554
0
VERTEX
8
CUT
10
165.7325
20
77.7484
0
VERTEX
8
CUT
10
165.6526
20
77.7005
0
VERTEX
8
CUT
10
165.6404
20
77.6924
0
VERTEX
8
CUT
10
165.5656
20
77.6368
0
VERTEX
8
CUT
10
165.5543
20
77.6275
0
VERTEX
8
CUT
10
165.5430
20
77.6173
0
VERTEX
8
CUT
10
165.5281
20
77.6068
0
VERTEX
8
CUT
10
165.5168
20
77.5981
0
VERTEX
8
CUT
10
165.4479
20
77.5393
0
VERTEX
8
CUT
10
165.4193
20
77.5124
0
VERTEX
8
CUT
10
165.3870
20
77.4806
0
VERTEX
8
CUT
10
165.3557
20
77.4483
0
VERTEX
8
CUT
10
165.3238
20
77.4136
0
VERTEX
8
CUT
10
165.2969
20
77.3828
0
VERTEX
8
CUT
10
165.2384
20
77.3090
0
VERTEX
8
CUT
10
165.2298
20
77.2969
0
VERTEX
8
CUT
10
165.1789
20
77.2176
0
VERTEX
8
CUT
10
165.1716
20
77.2048
0
VERTEX
8
CUT
10
165.1288
20
77.1208
0
VERTEX
8
CUT
10
165.1228
20
77.1073
0
VERTEX
8
CUT
10
165.0885
20
77.0195
0
VERTEX
8
CUT
10
165.0756
20
76.9808
0
VERTEX
8
CUT
10
165.0618
20
76.9357
0
VERTEX
8
CUT
10
165.0118
20
76.7566
0
VERTEX
8
CUT
10
165.0008
20
76.7137
0
VERTEX
8
CUT
10
164.9922
20
76.6762
0
VERTEX
8
CUT
10
164.9764
20
76.5891
0
VERTEX
8
CUT
10
164.9746
20
76.5753
0
VERTEX
8
CUT
10
164.9670
20
76.4871
0
VERTEX
8
CUT
10
164.9665
20
76.4732
0
VERTEX
8
CUT
10
164.9671
20
76.3847
0
VERTEX
8
CUT
10
164.9692
20
76.3463
0
VERTEX
8
CUT
10
164.9726
20
76.3022
0
VERTEX
8
CUT
10
165.1601
20
74.4447
0
VERTEX
8
CUT
10
165.1670
20
74.3913
0
VERTEX
8
CUT
10
165.1743
20
74.3452
0
VERTEX
8
CUT
10
165.1972
20
74.2401
0
VERTEX
8
CUT
10
165.2097
20
74.1951
0
VERTEX
8
CUT
10
165.2255
20
74.1436
0
VERTEX
8
CUT
10
165.9240
20
72.0874
0
VERTEX
8
CUT
10
166.2718
20
71.0364
0
VERTEX
8
CUT
10
166.2895
20
70.9875
0
VERTEX
8
CUT
10
166.3165
20
70.9187
0
VERTEX
8
CUT
10
166.3368
20
70.8708
0
VERTEX
8
CUT
10
167.0536
20
69.3044
0
VERTEX
8
CUT
10
170.4420
20
61.7675
0
VERTEX
8
CUT
10
170.5193
20
61.5692
0
VERTEX
8
CUT
10
171.0161
20
60.0755
0
VERTEX
8
CUT
10
171.0732
20
59.8696
0
SEQEND
0
POLYLINE
8
CUT
66
1
70
1
10
0.0
20
0.0
30
0.0
0
VERTEX
8
CUT
10
158.7523
20
229.3783
0
VERTEX
8
CUT
10
158.8256
20
229.3206
0
VERTEX
8
CUT
10
158.8376
20
229.3121
0
VERTEX
8
CUT
10
158.9163
20
229.2619
0
VERTEX
8
CUT
10
158.9290
20
229.2546
0
VERTEX
8
CUT
10
159.0123
20
229.2124
0
VERTEX
8
CUT
10
159.0257
20
229.2064
0
VERTEX
8
CUT
10
159.1126
20
229.1726
0
VERTEX
8
CUT
10
159.1266
20
229.1679
0
VERTEX
8
CUT
10
159.2164
20
229.1428
0
VERTEX
8
CUT
10
159.2308
20
229.1396
0
VERTEX
8
CUT
10
159.3227
20
229.1234
0
VERTEX
8
CUT
10
159.3372
20
229.1215
0
VERTEX
8
CUT
10
159.4303
20
229.1144
0
VERTEX
8
CUT
10
159.4450
20
229.1140
0
VERTEX
8
CUT
10
159.5383
20
229.1161
0
VERTEX
8
CUT
10
159.5529
20
229.1172
0
VERTEX
8
CUT
10
159.6456
20
229.1284
0
VERTEX
8
CUT
10
159.6600
20
229.1309
0
VERTEX
8
CUT
10
159.7511
20
229.1512
0
VERTEX
8
CUT
10
159.7653
20
229.1551
0
VERTEX
8
CUT
10
159.8539
20
229.1842
0
VERTEX
8
CUT
10
159.8677
20
229.1894
0
VERTEX
8
CUT
10
159.9530
20
229.2271
0
VERTEX
8
CUT
10
159.9662
20
229.2337
0
VERTEX
8
CUT
10
160.0474
20
229.2796
0
VERTEX
8
CUT
10
160.0598
20
229.2874
0
VERTEX
8
CUT
10
160.1362
20
229.3411
0
VERTEX
8
CUT
10
160.1478
20
229.3501
0
VERTEX
8
CUT
10
160.1591
20
229.3598
0
VERTEX
8
CUT
10
160.2300
20
229.4172
0
VERTEX
8
CUT
10
160.2408
20
229.4268
0
VERTEX
8
CUT
10
160.3061
20
229.4909
0
VERTEX
8
CUT
10
160.3330
20
229.5201
0
VERTEX
8
CUT
10
160.3633
20
229.5545
0
VERTEX
8
CUT
10
160.3697
20
229.5621
0
VERTEX
8
CUT
10
160.3982
20
229.5978
0
VERTEX
8
CUT
10
160.4222
20
229.6294
0
VERTEX
8
CUT
10
160.4739
20
229.7047
0
VERTEX
8
CUT
10
160.4814
20
229.7170
0
VERTEX
8
CUT
10
160.5256
20
229.7969
0
VERTEX
8
CUT
10
160.5320
20
229.8098
0
VERTEX
8
CUT
10
160.5683
20
229.8936
0
VERTEX
8
CUT
10
160.5734
20
229.9071
0
VERTEX
8
CUT
10
160.6015
20
229.9940
0
VERTEX
8
CUT
10
160.6118
20
230.0323
0
VERTEX
8
CUT
10
160.6227
20
230.0767
0
VERTEX
8
CUT
10
160.6243
20
230.0839
0
VERTEX
8
CUT
10
160.6920
20
230.2414
0
VERTEX
8
CUT
10
160.7097
20
230.2853
0
VERTEX
8
CUT
10
160.7240
20
230.3238
0
VERTEX
8
CUT
10
160.7525
20
230.4140
0
VERTEX
8
CUT
10
160.7630
20
230.4538
0
VERTEX
8
CUT
10
160.7738
20
230.4998
0
VERTEX
8
CUT
10
161.3545
20
233.2677
0
VERTEX
8
CUT
10
161.4354
20
233.5519
0
VERTEX
8
CUT
10
162.0183
20
235.1604
0
VERTEX
8
CUT
10
162.0957
20
235.3458
0
VERTEX
8
CUT
10
162.1905
20
235.5230
0
VERTEX
8
CUT
10
162.3018
20
235.6903
0
VERTEX
8
CUT
10
163.0213
20
236.6672
0
VERTEX
8
CUT
10
163.1301
20
236.8014
0
VERTEX
8
CUT
10
163.2408
20
236.9073
0
VERTEX
8
CUT
10
163.3329
20
236.9788
0
VERTEX
8
CUT
10
163.4401
20
237.0548
0
VERTEX
8
CUT
10
163.9268
20
237.3667
0
VERTEX
8
CUT
10
164.0411
20
237.4220
0
VERTEX
8
CUT
10
164.2496
20
237.4969
0
VERTEX
8
CUT
10
164.8615
20
237.6810
0
VERTEX
8
CUT
10
165.0638
20
237.7310
0
VERTEX
8
CUT
10
165.2701
20
237.7608
0
VERTEX
8
CUT
10
165.4783
20
237.7700
0
VERTEX
8
CUT
10
165.6864
20
237.7584
0
VERTEX
8
CUT
10
165.8924
20
237.7263
0
VERTEX
8
CUT
10
166.2644
20
237.6493
0
VERTEX
8
CUT
10
166.2780
20
237.6457
0
VERTEX
8
CUT
10
166.3868
20
237.6074
0
VERTEX
8
CUT
10
166.5871
20
237.5122
0
VERTEX
8
CUT
10
166.7764
20
237.3964
0
VERTEX
8
CUT
10
166.9523
20
237.2612
0
VERTEX
8
CUT
10
167.3430
20
236.9268
0
VERTEX
8
CUT
10
167.4801
20
236.7984
0
VERTEX
8
CUT
10
167.5528
20
236.7170
0
VERTEX
8
CUT
10
167.7603
20
236.3859
0
VERTEX
8
CUT
10
167.7721
20
236.3671
0
VERTEX
8
CUT
10
167.8059
20
236.3131
0
VERTEX
8
CUT
10
167.9200
20
236.1311
0
VERTEX
8
CUT
10
168.0826
20
235.7627
0
VERTEX
8
CUT
10
168.1349
20
235.6195
0
VERTEX
8
CUT
10
168.1623
20
235.5445
0
VERTEX
8
CUT
10
168.1639
20
235.5400
0
VERTEX
8
CUT
10
168.1803
20
235.4950
0
VERTEX
8
CUT
10
168.2075
20
235.4029
0
VERTEX
8
CUT
10
168.2435
20
235.2260
0
VERTEX
8
CUT
10
168.3738
20
234.4057
0
VERTEX
8
CUT
10
168.3414
20
233.4742
0
VERTEX
8
CUT
10
168.1504
20
232.0858
0
VERTEX
8
CUT
10
168.1010
20
231.8387
0
VERTEX
8
CUT
10
168.0528
20
231.6956
0
VERTEX
8
CUT
10
168.0240
20
231.6100
0
VERTEX
8
CUT
10
168.0232
20
231.6077
0
VERTEX
8
CUT
10
168.0077
20
231.5616
0
VERTEX
8
CUT
10
167.0574
20
229.1736
0
VERTEX
8
CUT
10
166.9819
20
229.0057
0
VERTEX
8
CUT
10
165.2364
20
225.5387
0
VERTEX
8
CUT
10
165.2168
20
225.4973
0
VERTEX
8
CUT
10
165.2006
20
225.4610
0
VERTEX
8
CUT
10
165.1675
20
225.3756
0
VERTEX
8
CUT
10
165.1550
20
225.3379
0
VERTEX
8
CUT
10
165.1415
20
225.2941
0
VERTEX
8
CUT
10
164.9010
20
224.4365
0
VERTEX
8
CUT
10
164.8570
20
224.3401
0
VERTEX
8
CUT
10
164.8411
20
224.3030
0
VERTEX
8
CUT
10
164.8279
20
224.2706
0
VERTEX
8
CUT
10
164.8008
20
224.1946
0
VERTEX
8
CUT
10
164.7971
20
224.1825
0
VERTEX
8
CUT
10
164.7765
20
224.1045
0
VERTEX
8
CUT
10
164.7690
20
224.0703
0
VERTEX
8
CUT
10
164.7612
20
224.0307
0
VERTEX
8
CUT
10
164.7184
20
223.7855
0
VERTEX
8
CUT
10
164.3362
20
222.4228
0
VERTEX
8
CUT
10
164.3232
20
222.3707
0
VERTEX
8
CUT
10
164.3132
20
222.3252
0
VERTEX
8
CUT
10
164.2960
20
222.2193
0
VERTEX
8
CUT
10
164.2912
20
222.1730
0
VERTEX
8
CUT
10
164.2872
20
222.1194
0
VERTEX
8
CUT
10
164.2351
20
221.0178
0
VERTEX
8
CUT
10
164.1998
20
220.8154
0
VERTEX
8
CUT
10
164.1942
20
220.7797
0
VERTEX
8
CUT
10
164.1900
20
220.7486
0
VERTEX
8
CUT
10
164.1830
20
220.6768
0
VERTEX
8
CUT
10
164.1812
20
220.6455
0
VERTEX
8
CUT
10
164.1798
20
220.6094
0
VERTEX
8
CUT
10
164.1515
20
219.2495
0
VERTEX
8
CUT
10
164.0970
20
218.0964
0
VERTEX
8
CUT
10
164.0960
20
218.0566
0
VERTEX
8
CUT
10
164.0957
20
218.0001
0
VERTEX
8
CUT
10
164.0963
20
217.9603
0
VERTEX
8
CUT
10
164.1145
20
217.4638
0
VERTEX
8
CUT
10
164.0995
20
216.7401
0
VERTEX
8
CUT
10
164.0966
20
216.6466
0
VERTEX
8
CUT
10
164.0965
20
216.5983
0
VERTEX
8
CUT
10
164.0952
20
216.5320
0
VERTEX
8
CUT
10
164.0951
20
216.4938
0
VERTEX
8
CUT
10
164.0962
20
216.4396
0
VERTEX
8
CUT
10
164.0977
20
216.4014
0
VERTEX
8
CUT
10
164.2082
20
214.5525
0
VERTEX
8
CUT
10
164.2122
20
214.5051
0
VERTEX
8
CUT
10
164.2167
20
214.4641
0
VERTEX
8
CUT
10
164.2319
20
214.3703
0
VERTEX
8
CUT
10
164.2350
20
214.3556
0
VERTEX
8
CUT
10
164.2594
20
214.2638
0
VERTEX
8
CUT
10
164.2640
20
214.2496
0
VERTEX
8
CUT
10
164.2975
20
214.1606
0
VERTEX
8
CUT
10
164.3034
20
214.1469
0
VERTEX
8
CUT
10
164.3456
20
214.0618
0
VERTEX
8
CUT
10
164.3529
20
214.0487
0
VERTEX
8
CUT
10
164.4034
20
213.9682
0
VERTEX
8
CUT
10
164.4120
20
213.9560
0
VERTEX
8
CUT
10
164.4703
20
213.8810
0
VERTEX
8
CUT
10
164.4801
20
213.8696
0
VERTEX
8
CUT
10
164.5456
20
213.8008
0
VERTEX
8
CUT
10
164.5564
20
213.7905
0
VERTEX
8
CUT
10
164.6285
20
213.7285
0
VERTEX
8
CUT
10
164.6403
20
213.7194
0
VERTEX
8
CUT
10
164.7182
20
213.6650
0
VERTEX
8
CUT
10
164.7309
20
213.6570
0
VERTEX
8
CUT
10
164.8138
20
213.6106
0
VERTEX
8
CUT
10
164.8272
20
213.6040
0
VERTEX
8
CUT
10
164.9144
20
213.5662
0
VERTEX
8
CUT
10
164.9284
20
213.5609
0
VERTEX
8
CUT
10
165.0189
20
213.5320
0
VERTEX
8
CUT
10
165.0333
20
213.5281
0
VERTEX
8
CUT
10
165.1263
20
213.5084
0
VERTEX
8
CUT
10
165.1410
20
213.5060
0
VERTEX
8
CUT
10
165.2355
20
213.4957
0
VERTEX
8
CUT
10
165.2504
20
213.4948
0
VERTEX
8
CUT
10
165.3455
20
213.4940
0
VERTEX
8
CUT
10
165.3604
20
213.4946
0
VERTEX
8
CUT
10
165.4550
20
213.5032
0
VERTEX
8
CUT
10
165.4698
20
213.5053
0
VERTEX
8
CUT
10
165.5631
20
213.5234
0
VERTEX
8
CUT
10
165.5776
20
213.5270
0
VERTEX
8
CUT
10
165.6687
20
213.5543
0
VERTEX
8
CUT
10
165.6828
20
213.5593
0
VERTEX
8
CUT
10
165.7706
20
213.5955
0
VERTEX
8
CUT
10
165.8079
20
213.6132
0
VERTEX
8
CUT
10
165.8503
20
213.6346
0
VERTEX
8
CUT
10
166.3586
20
213.9068
0
VERTEX
8
CUT
10
166.4007
20
213.9308
0
VERTEX
8
CUT
10
166.4368
20
213.9525
0
VERTEX
8
CUT
10
166.5172
20
214.0068
0
VERTEX
8
CUT
10
166.5508
20
214.0321
0
VERTEX
8
CUT
10
166.5889
20
214.0623
0
VERTEX
8
CUT
10
167.6812
20
214.9753
0
VERTEX
8
CUT
10
167.6847
20
214.9783
0
VERTEX
8
CUT
10
167.8021
20
215.0601
0
VERTEX
8
CUT
10
167.8369
20
215.0855
0
VERTEX
8
CUT
10
167.8666
20
215.1082
0
VERTEX
8
CUT
10
167.9325
20
215.1636
0
VERTEX
8
CUT
10
167.9600
20
215.1889
0
VERTEX
8
CUT
10
167.9910
20
215.2188
0
VERTEX
8
CUT
10
168.9625
20
216.1984
0
VERTEX
8
CUT
10
168.9755
20
216.2099
0
VERTEX
8
CUT
10
169.0339
20
216.2648
0
VERTEX
8
CUT
10
169.0738
20
216.3046
0
VERTEX
8
CUT
10
169.1944
20
216.4322
0
VERTEX
8
CUT
10
171.2932
20
218.5486
0
VERTEX
8
CUT
10
171.3184
20
218.5751
0
VERTEX
8
CUT
10
171.3399
20
218.5984
0
VERTEX
8
CUT
10
171.3872
20
218.6541
0
VERTEX
8
CUT
10
171.4068
20
218.6791
0
VERTEX
8
CUT
10
171.4288
20
218.7083
0
VERTEX
8
CUT
10
173.0355
20
220.9246
0
VERTEX
8
CUT
10
173.0641
20
220.9664
0
VERTEX
8
CUT
10
173.0879
20
221.0033
0
VERTEX
8
CUT
10
173.1383
20
221.0911
0
VERTEX
8
CUT
10
173.1581
20
221.1303
0
VERTEX
8
CUT
10
173.1797
20
221.1761
0
VERTEX
8
CUT
10
173.2643
20
221.3688
0
VERTEX
8
CUT
10
173.2889
20
221.4082
0
VERTEX
8
CUT
10
173.3158
20
221.4573
0
VERTEX
8
CUT
10
173.4073
20
221.5863
0
VERTEX
8
CUT
10
173.4295
20
221.6190
0
VERTEX
8
CUT
10
173.4482
20
221.6477
0
VERTEX
8
CUT
10
173.4883
20
221.7156
0
VERTEX
8
CUT
10
173.4942
20
221.7266
0
VERTEX
8
CUT
10
173.5286
20
221.7976
0
VERTEX
8
CUT
10
173.5422
20
221.8291
0
VERTEX
8
CUT
10
173.5572
20
221.8656
0
VERTEX
8
CUT
10
174.0889
20
223.2459
0
VERTEX
8
CUT
10
174.5537
20
224.3039
0
VERTEX
8
CUT
10
174.5725
20
224.3499
0
VERTEX
8
CUT
10
174.5878
20
224.3902
0
VERTEX
8
CUT
10
174.6180
20
224.4849
0
VERTEX
8
CUT
10
174.6289
20
224.5266
0
VERTEX
8
CUT
10
174.6403
20
224.5750
0
VERTEX
8
CUT
10
175.1859
20
227.2052
0
VERTEX
8
CUT
10
175.1937
20
227.2472
0
VERTEX
8
CUT
10
175.1995
20
227.2838
0
VERTEX
8
CUT
10
175.2093
20
227.3685
0
VERTEX
8
CUT
10
175.2119
20
227.4055
0
VERTEX
8
CUT
10
175.2139
20
227.4481
0
VERTEX
8
CUT
10
175.2916
20
230.5829
0
VERTEX
8
CUT
10
175.2915
20
230.6311
0
VERTEX
8
CUT
10
175.2905
20
230.6729
0
VERTEX
8
CUT
10
175.2831
20
230.7690
0
VERTEX
8
CUT
10
175.2777
20
230.8105
0
VERTEX
8
CUT
10
175.2704
20
230.8582
0
VERTEX
8
CUT
10
174.5286
20
234.9736
0
VERTEX
8
CUT
10
174.5199
20
235.0160
0
VERTEX
8
CUT
10
174.5063
20
235.0759
0
VERTEX
8
CUT
10
174.4957
20
235.1178
0
VERTEX
8
CUT
10
172.6000
20
241.9837
0
VERTEX
8
CUT
10
172.5702
20
242.1054
0
VERTEX
8
CUT
10
172.0380
20
244.6057
0
VERTEX
8
CUT
10
172.0051
20
244.8086
0
VERTEX
8
CUT
10
171.9922
20
245.0138
0
VERTEX
8
CUT
10
171.9362
20
249.0461
0
VERTEX
8
CUT
10
171.9425
20
249.2401
0
VERTEX
8
CUT
10
171.9667
20
249.4326
0
VERTEX
8
CUT
10
172.4577
20
252.2757
0
VERTEX
8
CUT
10
172.5027
20
252.4767
0
VERTEX
8
CUT
10
172.5671
20
252.6722
0
VERTEX
8
CUT
10
173.5469
20
255.2196
0
VERTEX
8
CUT
10
174.3683
20
256.5998
0
VERTEX
8
CUT
10
175.3989
20
258.1928
0
VERTEX
8
CUT
10
175.5474
20
258.3948
0
VERTEX
8
CUT
10
177.1947
20
260.3756
0
VERTEX
8
CUT
10
177.2233
20
260.4118
0
VERTEX
8
CUT
10
177.2474
20
260.4438
0
VERTEX
8
CUT
10
177.2993
20
260.5202
0
VERTEX
8
CUT
10
177.3068
20
260.5326
0
VERTEX
8
CUT
10
177.3510
20
260.6137
0
VERTEX
8
CUT
10
177.3574
20
260.6267
0
VERTEX
8
CUT
10
177.3935
20
260.7117
0
VERTEX
8
CUT
10
177.3985
20
260.7253
0
VERTEX
8
CUT
10
177.4262
20
260.8134
0
VERTEX
8
CUT
10
177.4299
20
260.8274
0
VERTEX
8
CUT
10
177.4489
20
260.9178
0
VERTEX
8
CUT
10
177.4512
20
260.9321
0
VERTEX
8
CUT
10
177.4613
20
261.0239
0
VERTEX
8
CUT
10
177.4622
20
261.0383
0
VERTEX
8
CUT
10
177.4634
20
261.1307
0
VERTEX
8
CUT
10
177.4628
20
261.1452
0
VERTEX
8
CUT
10
177.4551
20
261.2371
0
VERTEX
8
CUT
10
177.4531
20
261.2515
0
VERTEX
8
CUT
10
177.4365
20
261.3423
0
VERTEX
8
CUT
10
177.4331
20
261.3565
0
VERTEX
8
CUT
10
177.4077
20
261.4452
0
VERTEX
8
CUT
10
177.4030
20
261.4590
0
VERTEX
8
CUT
10
177.3691
20
261.5448
0
VERTEX
8
CUT
10
177.3631
20
261.5581
0
VERTEX
8
CUT
10
177.3210
20
261.6402
0
VERTEX
8
CUT
10
177.3138
20
261.6528
0
VERTEX
8
CUT
10
177.2639
20
261.7305
0
VERTEX
8
CUT
10
177.2555
20
261.7423
0
VERTEX
8
CUT
10
177.1983
20
261.8148
0
VERTEX
8
CUT
10
177.1888
20
261.8257
0
VERTEX
8
CUT
10
177.1248
20
261.8923
0
VERTEX
8
CUT
10
177.1143
20
261.9023
0
VERTEX
8
CUT
10
177.0441
20
261.9623
0
VERTEX
8
CUT
10
177.0327
20
261.9712
0
VERTEX
8
CUT
10
176.9570
20
262.0241
0
VERTEX
8
CUT
10
176.9448
20
262.0319
0
VERTEX
8
CUT
10
176.8644
20
262.0772
0
VERTEX
8
CUT
10
176.8514
20
262.0838
0
VERTEX
8
CUT
10
176.7670
20
262.1211
0
VERTEX
8
CUT
10
176.7296
20
262.1355
0
VERTEX
8
CUT
10
176.6861
20
262.1510
0
VERTEX
8
CUT
10
175.7975
20
262.4446
0
VERTEX
8
CUT
10
175.7442
20
262.4605
0
VERTEX
8
CUT
10
175.6679
20
262.4809
0
VERTEX
8
CUT
10
175.6138
20
262.4936
0
VERTEX
8
CUT
10
173.1190
20
263.0046
0
VERTEX
8
CUT
10
171.4280
20
263.4136
0
VERTEX
8
CUT
10
171.3922
20
263.4215
0
VERTEX
8
CUT
10
171.3611
20
263.4278
0
VERTEX
8
CUT
10
171.2887
20
263.4394
0
VERTEX
8
CUT
10
171.2572
20
263.4433
0
VERTEX
8
CUT
10
171.2207
20
263.4470
0
VERTEX
8
CUT
10
170.7791
20
263.4838
0
VERTEX
8
CUT
10
170.3767
20
263.5662
0
VERTEX
8
CUT
10
170.3315
20
263.5743
0
VERTEX
8
CUT
10
170.2922
20
263.5804
0
VERTEX
8
CUT
10
170.2011
20
263.5900
0
VERTEX
8
CUT
10
170.1867
20
263.5909
0
VERTEX
8
CUT
10
170.0950
20
263.5917
0
VERTEX
8
CUT
10
170.0806
20
263.5911
0
VERTEX
8
CUT
10
169.9893
20
263.5831
0
VERTEX
8
CUT
10
169.9751
20
263.5811
0
VERTEX
8
CUT
10
169.8850
20
263.5643
0
VERTEX
8
CUT
10
169.8709
20
263.5610
0
VERTEX
8
CUT
10
169.7829
20
263.5356
0
VERTEX
8
CUT
10
169.7692
20
263.5309
0
VERTEX
8
CUT
10
169.6840
20
263.4972
0
VERTEX
8
CUT
10
169.6709
20
263.4912
0
VERTEX
8
CUT
10
169.5894
20
263.4494
0
VERTEX
8
CUT
10
169.5769
20
263.4422
0
VERTEX
8
CUT
10
169.4997
20
263.3927
0
VERTEX
8
CUT
10
169.4880
20
263.3843
0
VERTEX
8
CUT
10
169.4160
20
263.3276
0
VERTEX
8
CUT
10
169.4051
20
263.3182
0
VERTEX
8
CUT
10
169.3389
20
263.2548
0
VERTEX
8
CUT
10
169.3290
20
263.2443
0
VERTEX
8
CUT
10
169.2692
20
263.1749
0
VERTEX
8
CUT
10
169.2603
20
263.1635
0
VERTEX
8
CUT
10
169.2075
20
263.0886
0
VERTEX
8
CUT
10
169.1998
20
263.0764
0
VERTEX
8
CUT
10
169.1545
20
262.9968
0
VERTEX
8
CUT
10
169.1480
20
262.9839
0
VERTEX
8
CUT
10
169.1105
20
262.9002
0
VERTEX
8
CUT
10
169.1053
20
262.8868
0
VERTEX
8
CUT
10
169.0761
20
262.7999
0
VERTEX
8
CUT
10
169.0652
20
262.7617
0
VERTEX
8
CUT
10
169.0538
20
262.7173
0
VERTEX
8
CUT
10
168.2236
20
259.1347
0
VERTEX
8
CUT
10
168.1344
20
258.8118
0
VERTEX
8
CUT
10
168.0779
20
258.6375
0
VERTEX
8
CUT
10
168.0064
20
258.4687
0
VERTEX
8
CUT
10
167.2110
20
256.7976
0
VERTEX
8
CUT
10
166.8446
20
256.0609
0
VERTEX
8
CUT
10
166.7404
20
255.8755
0
VERTEX
8
CUT
10
166.6179
20
255.7016
0
VERTEX
8
CUT
10
164.7695
20
253.3402
0
VERTEX
8
CUT
10
164.7050
20
253.2687
0
VERTEX
8
CUT
10
164.6822
20
253.2452
0
VERTEX
8
CUT
10
164.5806
20
253.1405
0
VERTEX
8
CUT
10
164.5161
20
253.0741
0
VERTEX
8
CUT
10
164.4147
20
252.9696
0
VERTEX
8
CUT
10
159.6309
20
248.3503
0
VERTEX
8
CUT
10
159.5965
20
248.3154
0
VERTEX
8
CUT
10
159.5490
20
248.2645
0
VERTEX
8
CUT
10
159.5164
20
248.2277
0
VERTEX
8
CUT
10
157.9791
20
246.4010
0
VERTEX
8
CUT
10
157.9526
20
246.3682
0
VERTEX
8
CUT
10
157.9303
20
246.3392
0
VERTEX
8
CUT
10
157.8820
20
246.2701
0
VERTEX
8
CUT
10
157.8624
20
246.2392
0
VERTEX
8
CUT
10
157.8405
20
246.2032
0
VERTEX
8
CUT
10
157.1456
20
244.9950
0
VERTEX
8
CUT
10
156.6870
20
244.3421
0
VERTEX
8
CUT
10
156.6629
20
244.3062
0
VERTEX
8
CUT
10
156.6428
20
244.2745
0
VERTEX
8
CUT
10
156.5998
20
244.1996
0
VERTEX
8
CUT
10
156.5935
20
244.1875
0
VERTEX
8
CUT
10
156.5575
20
244.1089
0
VERTEX
8
CUT
10
156.5434
20
244.0741
0
VERTEX
8
CUT
10
156.5281
20
244.0337
0
VERTEX
8
CUT
10
156.4259
20
243.7440
0
VERTEX
8
CUT
10
156.4239
20
243.7404
0
VERTEX
8
CUT
10
156.4014
20
243.6991
0
VERTEX
8
CUT
10
156.3828
20
243.6627
0
VERTEX
8
CUT
10
156.3442
20
243.5769
0
VERTEX
8
CUT
10
156.3388
20
243.5632
0
VERTEX
8
CUT
10
156.3089
20
243.4740
0
VERTEX
8
CUT
10
156.2979
20
243.4347
0
VERTEX
8
CUT
10
156.2862
20
243.3891
0
VERTEX
8
CUT
10
156.2596
20
243.2725
0
VERTEX
8
CUT
10
156.0500
20
242.6783
0
VERTEX
8
CUT
10
156.0354
20
242.6333
0
VERTEX
8
CUT
10
156.0237
20
242.5940
0
VERTEX
8
CUT
10
156.0012
20
242.5023
0
VERTEX
8
CUT
10
155.9935
20
242.4620
0
VERTEX
8
CUT
10
155.9858
20
242.4154
0
VERTEX
8
CUT
10
155.8603
20
241.5252
0
VERTEX
8
CUT
10
155.7542
20
241.0611
0
VERTEX
8
CUT
10
155.7445
20
241.0130
0
VERTEX
8
CUT
10
155.7372
20
240.9710
0
VERTEX
8
CUT
10
155.7253
20
240.8736
0
VERTEX
8
CUT
10
155.7224
20
240.8311
0
VERTEX
8
CUT
10
155.7202
20
240.7820
0
VERTEX
8
CUT
10
155.7151
20
240.4954
0
VERTEX
8
CUT
10
155.6578
20
240.0890
0
VERTEX
8
CUT
10
155.6524
20
240.0423
0
VERTEX
8
CUT
10
155.6487
20
240.0017
0
VERTEX
8
CUT
10
155.6449
20
239.9078
0
VERTEX
8
CUT
10
155.6452
20
239.8671
0
VERTEX
8
CUT
10
155.6468
20
239.8201
0
VERTEX
8
CUT
10
155.6892
20
239.0882
0
VERTEX
8
CUT
10
155.6699
20
238.1292
0
VERTEX
8
CUT
10
155.6700
20
238.0840
0
VERTEX
8
CUT
10
155.6711
20
238.0449
0
VERTEX
8
CUT
10
155.6715
20
238.0402
0
VERTEX
8
CUT
10
155.6684
20
237.8684
0
VERTEX
8
CUT
10
155.6684
20
237.8326
0
VERTEX
8
CUT
10
155.6691
20
237.8016
0
VERTEX
8
CUT
10
155.6732
20
237.7301
0
VERTEX
8
CUT
10
155.6761
20
237.6992
0
VERTEX
8
CUT
10
155.6802
20
237.6636
0
VERTEX
8
CUT
10
155.8418
20
236.4557
0
VERTEX
8
CUT
10
155.8618
20
236.1115
0
VERTEX
8
CUT
10
155.8653
20
236.0678
0
VERTEX
8
CUT
10
155.8693
20
236.0299
0
VERTEX
8
CUT
10
155.8824
20
235.9433
0
VERTEX
8
CUT
10
155.8898
20
235.9060
0
VERTEX
8
CUT
10
155.8993
20
235.8632
0
VERTEX
8
CUT
10
155.9466
20
235.6721
0
VERTEX
8
CUT
10
156.0215
20
235.1122
0
VERTEX
8
CUT
10
156.0278
20
235.0721
0
VERTEX
8
CUT
10
156.0339
20
235.0375
0
VERTEX
8
CUT
10
156.0515
20
234.9583
0
VERTEX
8
CUT
10
156.0548
20
234.9459
0
VERTEX
8
CUT
10
156.0791
20
234.8685
0
VERTEX
8
CUT
10
156.0910
20
234.8354
0
VERTEX
8
CUT
10
156.1056
20
234.7976
0
VERTEX
8
CUT
10
156.2514
20
234.4422
0
VERTEX
8
CUT
10
156.2555
20
234.4270
0
VERTEX
8
CUT
10
156.2650
20
234.3945
0
VERTEX
8
CUT
10
156.2898
20
234.3208
0
VERTEX
8
CUT
10
156.3019
20
234.2893
0
VERTEX
8
CUT
10
156.3165
20
234.2532
0
VERTEX
8
CUT
10
156.5835
20
233.6328
0
VERTEX
8
CUT
10
157.4966
20
231.4074
0
VERTEX
8
CUT
10
157.5219
20
231.3510
0
VERTEX
8
CUT
10
157.5604
20
231.2723
0
VERTEX
8
CUT
10
157.5893
20
231.2177
0
VERTEX
8
CUT
10
158.3914
20
229.8146
0
VERTEX
8
CUT
10
158.4146
20
229.7763
0
VERTEX
8
CUT
10
158.4354
20
229.7435
0
VERTEX
8
CUT
10
158.4870
20
229.6703
0
VERTEX
8
CUT
10
158.5109
20
229.6396
0
VERTEX
8
CUT
10
158.5392
20
229.6049
0
VERTEX
8
CUT
10
158.6148
20
229.5166
0
VERTEX
8
CUT
10
158.6460
20
229.4819
0
VERTEX
8
CUT
10
158.6738
20
229.4525
0
VERTEX
8
CUT
10
158.7412
20
229.3879
0
SEQEND
0
POLYLINE
8
CUT
66
1
70
1
10
0.0
20
0.0
30
0.0
0
VERTEX
8
CUT
10
162.3541
20
28.1795
0
VERTEX
8
CUT
10
162.3409
20
28.1855
0
VERTEX
8
CUT
10
162.2553
20
28.2201
0
VERTEX
8
CUT
10
162.2416
20
28.2248
0
VERTEX
8
CUT
10
162.1530
20
28.2509
0
VERTEX
8
CUT
10
162.1389
20
28.2543
0
VERTEX
8
CUT
10
162.0482
20
28.2717
0
VERTEX
8
CUT
10
162.0338
20
28.2737
0
VERTEX
8
CUT
10
161.9418
20
28.2821
0
VERTEX
8
CUT
10
161.9273
20
28.2827
0
VERTEX
8
CUT
10
161.8350
20
28.2822
0
VERTEX
8
CUT
10
161.8205
20
28.2814
0
VERTEX
8
CUT
10
161.7286
20
28.2719
0
VERTEX
8
CUT
10
161.7143
20
28.2697
0
VERTEX
8
CUT
10
161.6238
20
28.2513
0
VERTEX
8
CUT
10
161.6097
20
28.2478
0
VERTEX
8
CUT
10
161.5214
20
28.2207
0
VERTEX
8
CUT
10
161.5077
20
28.2157
0
VERTEX
8
CUT
10
161.4225
20
28.1802
0
VERTEX
8
CUT
10
161.4094
20
28.1740
0
VERTEX
8
CUT
10
161.3280
20
28.1303
0
VERTEX
8
CUT
10
161.3156
20
28.1229
0
VERTEX
8
CUT
10
161.2388
20
28.0715
0
VERTEX
8
CUT
10
161.2272
20
28.0629
0
VERTEX
8
CUT
10
161.1558
20
28.0043
0
VERTEX
8
CUT
10
161.1450
20
27.9946
0
VERTEX
8
CUT
10
161.0796
20
27.9293
0
VERTEX
8
CUT
10
161.0698
20
27.9186
0
VERTEX
8
CUT
10
161.0111
20
27.8473
0
VERTEX
8
CUT
10
161.0024
20
27.8357
0
VERTEX
8
CUT
10
160.9509
20
27.7591
0
VERTEX
8
CUT
10
160.9434
20
27.7466
0
VERTEX
8
CUT
10
160.8995
20
27.6654
0
VERTEX
8
CUT
10
160.8933
20
27.6522
0
VERTEX
8
CUT
10
160.8575
20
27.5671
0
VERTEX
8
CUT
10
160.8526
20
27.5535
0
VERTEX
8
CUT
10
160.8253
20
27.4652
0
VERTEX
8
CUT
10
160.8217
20
27.4512
0
VERTEX
8
CUT
10
160.8031
20
27.3607
0
VERTEX
8
CUT
10
160.8008
20
27.3464
0
VERTEX
8
CUT
10
160.7911
20
27.2545
0
VERTEX
8
CUT
10
160.7903
20
27.2400
0
VERTEX
8
CUT
10
160.7895
20
27.1477
0
VERTEX
8
CUT
10
160.7901
20
27.1332
0
VERTEX
8
CUT
10
160.7983
20
27.0412
0
VERTEX
8
CUT
10
160.8038
20
27.0015
0
VERTEX
8
CUT
10
160.8113
20
26.9559
0
VERTEX
8
CUT
10
161.0113
20
25.8953
0
VERTEX
8
CUT
10
161.0214
20
25.8484
0
VERTEX
8
CUT
10
161.0311
20
25.8080
0
VERTEX
8
CUT
10
161.0583
20
25.7160
0
VERTEX
8
CUT
10
161.0721
20
25.6768
0
VERTEX
8
CUT
10
161.0892
20
25.6319
0
VERTEX
8
CUT
10
161.2319
20
25.2831
0
VERTEX
8
CUT
10
161.2507
20
25.2403
0
VERTEX
8
CUT
10
161.2679
20
25.2035
0
VERTEX
8
CUT
10
161.3117
20
25.1209
0
VERTEX
8
CUT
10
161.3192
20
25.1083
0
VERTEX
8
CUT
10
161.3708
20
25.0304
0
VERTEX
8
CUT
10
161.3796
20
25.0185
0
VERTEX
8
CUT
10
161.4386
20
24.9461
0
VERTEX
8
CUT
10
161.4485
20
24.9351
0
VERTEX
8
CUT
10
161.5144
20
24.8688
0
VERTEX
8
CUT
10
161.5253
20
24.8589
0
VERTEX
8
CUT
10
161.5974
20
24.7994
0
VERTEX
8
CUT
10
161.6092
20
24.7907
0
VERTEX
8
CUT
10
161.6868
20
24.7385
0
VERTEX
8
CUT
10
161.6994
20
24.7310
0
VERTEX
8
CUT
10
161.7818
20
24.6867
0
VERTEX
8
CUT
10
161.7950
20
24.6804
0
VERTEX
8
CUT
10
161.8814
20
24.6445
0
VERTEX
8
CUT
10
161.8952
20
24.6395
0
VERTEX
8
CUT
10
161.9846
20
24.6123
0
VERTEX
8
CUT
10
162.0240
20
24.6024
0
VERTEX
8
CUT
10
162.0696
20
24.5921
0
VERTEX
8
CUT
10
162.1027
20
24.5855
0
VERTEX
8
CUT
10
162.1530
20
24.5769
0
VERTEX
8
CUT
10
162.1968
20
24.5705
0
VERTEX
8
CUT
10
162.2985
20
24.5614
0
VERTEX
8
CUT
10
162.3145
20
24.5608
0
VERTEX
8
CUT
10
162.4166
20
24.5626
0
VERTEX
8
CUT
10
162.4607
20
24.5658
0
VERTEX
8
CUT
10
162.5116
20
24.5708
0
VERTEX
8
CUT
10
166.3766
20
25.0585
0
VERTEX
8
CUT
10
166.4021
20
25.0621
0
VERTEX
8
CUT
10
166.4384
20
25.0676
0
VERTEX
8
CUT
10
166.4638
20
25.0719
0
VERTEX
8
CUT
10
171.2161
20
25.9358
0
VERTEX
8
CUT
10
171.2353
20
25.9395
0
VERTEX
8
CUT
10
171.2626
20
25.9451
0
VERTEX
8
CUT
10
171.2818
20
25.9492
0
VERTEX
8
CUT
10
172.4247
20
26.2061
0
VERTEX
8
CUT
10
172.4704
20
26.2176
0
VERTEX
8
CUT
10
172.5097
20
26.2285
0
VERTEX
8
CUT
10
172.5990
20
26.2581
0
VERTEX
8
CUT
10
172.6129
20
26.2634
0
VERTEX
8
CUT
10
172.6988
20
26.3018
0
VERTEX
8
CUT
10
172.7120
20
26.3084
0
VERTEX
8
CUT
10
172.7937
20
26.3551
0
VERTEX
8
CUT
10
172.8062
20
26.3630
0
VERTEX
8
CUT
10
172.8829
20
26.4175
0
VERTEX
8
CUT
10
172.8945
20
26.4267
0
VERTEX
8
CUT
10
172.9654
20
26.4885
0
VERTEX
8
CUT
10
172.9761
20
26.4988
0
VERTEX
8
CUT
10
173.0406
20
26.5673
0
VERTEX
8
CUT
10
173.0502
20
26.5786
0
VERTEX
8
CUT
10
173.1075
20
26.6531
0
VERTEX
8
CUT
10
173.1160
20
26.6653
0
VERTEX
8
CUT
10
173.1657
20
26.7452
0
VERTEX
8
CUT
10
173.1728
20
26.7581
0
VERTEX
8
CUT
10
173.2144
20
26.8425
0
VERTEX
8
CUT
10
173.2203
20
26.8561
0
VERTEX
8
CUT
10
173.2532
20
26.9442
0
VERTEX
8
CUT
10
173.2577
20
26.9583
0
VERTEX
8
CUT
10
173.2819
20
27.0493
0
VERTEX
8
CUT
10
173.2849
20
27.0638
0
VERTEX
8
CUT
10
173.2999
20
27.1567
0
VERTEX
8
CUT
10
173.3015
20
27.1714
0
VERTEX
8
CUT
10
173.3073
20
27.2653
0
VERTEX
8
CUT
10
173.3074
20
27.2801
0
VERTEX
8
CUT
10
173.3038
20
27.3741
0
VERTEX
8
CUT
10
173.3025
20
27.3888
0
VERTEX
8
CUT
10
173.2896
20
27.4820
0
VERTEX
8
CUT
10
173.2869
20
27.4966
0
VERTEX
8
CUT
10
173.2648
20
27.5880
0
VERTEX
8
CUT
10
173.2606
20
27.6022
0
VERTEX
8
CUT
10
173.2296
20
27.6911
0
VERTEX
8
CUT
10
173.2241
20
27.7048
0
VERTEX
8
CUT
10
173.1844
20
27.7901
0
VERTEX
8
CUT
10
173.1775
20
27.8032
0
VERTEX
8
CUT
10
173.1297
20
27.8842
0
VERTEX
8
CUT
10
173.1215
20
27.8965
0
VERTEX
8
CUT
10
173.0658
20
27.9724
0
VERTEX
8
CUT
10
173.0565
20
27.9839
0
VERTEX
8
CUT
10
172.9936
20
28.0538
0
VERTEX
8
CUT
10
172.9831
20
28.0643
0
VERTEX
8
CUT
10
172.9136
20
28.1277
0
VERTEX
8
CUT
10
172.9022
20
28.1372
0
VERTEX
8
CUT
10
172.8268
20
28.1934
0
VERTEX
8
CUT
10
172.8145
20
28.2016
0
VERTEX
8
CUT
10
172.7338
20
28.2500
0
VERTEX
8
CUT
10
172.7208
20
28.2570
0
VERTEX
8
CUT
10
172.6357
20
28.2973
0
VERTEX
8
CUT
10
172.6220
20
28.3029
0
VERTEX
8
CUT
10
172.5334
20
28.3345
0
VERTEX
8
CUT
10
172.5192
20
28.3388
0
VERTEX
8
CUT
10
172.4279
20
28.3615
0
VERTEX
8
CUT
10
172.4134
20
28.3644
0
VERTEX
8
CUT
10
172.3203
20
28.3779
0
VERTEX
8
CUT
10
172.3056
20
28.3793
0
VERTEX
8
CUT
10
172.2116
20
28.3836
0
VERTEX
8
CUT
10
172.1968
20
28.3835
0
VERTEX
8
CUT
10
172.1028
20
28.3784
0
VERTEX
8
CUT
10
172.0622
20
28.3742
0
VERTEX
8
CUT
10
172.0155
20
28.3682
0
VERTEX
8
CUT
10
165.9754
20
27.4368
0
VERTEX
8
CUT
10
165.7720
20
27.4155
0
VERTEX
8
CUT
10
165.5675
20
27.4141
0
VERTEX
8
CUT
10
164.5258
20
27.4577
0
VERTEX
8
CUT
10
164.2848
20
27.4818
0
VERTEX
8
CUT
10
164.0481
20
27.5335
0
VERTEX
8
CUT
10
163.1572
20
27.7826
0
VERTEX
8
CUT
10
162.9807
20
27.8405
0
VERTEX
8
CUT
10
162.8099
20
27.9138
0
VERTEX
8
CUT
10
162.6464
20
28.0019
0
VERTEX
8
CUT
10
162.5696
20
28.0524
0
VERTEX
8
CUT
10
162.5687
20
28.0511
0
VERTEX
8
CUT
10
162.4485
20
28.1294
0
VERTEX
8
CUT
10
162.4360
20
28.1368
0
SEQEND
0
POLYLINE
8
CUT
66
1
70
1
10
0.0
20
0.0
30
0.0
0
VERTEX
8
CUT
10
148.1006
20
73.0447
0
VERTEX
8
CUT
10
148.1049
20
73.0050
0
VERTEX
8
CUT
10
148.1190
20
72.9141
0
VERTEX
8
CUT
10
148.1219
20
72.8999
0
VERTEX
8
CUT
10
148.1448
20
72.8108
0
VERTEX
8
CUT
10
148.1491
20
72.7969
0
VERTEX
8
CUT
10
148.1805
20
72.7104
0
VERTEX
8
CUT
10
148.1861
20
72.6971
0
VERTEX
8
CUT
10
148.2257
20
72.6140
0
VERTEX
8
CUT
10
148.2325
20
72.6012
0
VERTEX
8
CUT
10
148.2800
20
72.5224
0
VERTEX
8
CUT
10
148.2881
20
72.5104
0
VERTEX
8
CUT
10
148.3430
20
72.4365
0
VERTEX
8
CUT
10
148.3522
20
72.4253
0
VERTEX
8
CUT
10
148.4140
20
72.3571
0
VERTEX
8
CUT
10
148.4242
20
72.3469
0
VERTEX
8
CUT
10
148.4923
20
72.2850
0
VERTEX
8
CUT
10
148.5035
20
72.2757
0
VERTEX
8
CUT
10
148.5773
20
72.2207
0
VERTEX
8
CUT
10
148.5893
20
72.2126
0
VERTEX
8
CUT
10
148.6680
20
72.1650
0
VERTEX
8
CUT
10
148.6808
20
72.1581
0
VERTEX
8
CUT
10
148.7638
20
72.1184
0
VERTEX
8
CUT
10
148.7771
20
72.1128
0
VERTEX
8
CUT
10
148.8636
20
72.0812
0
VERTEX
8
CUT
10
148.8774
20
72.0769
0
VERTEX
8
CUT
10
148.9665
20
72.0539
0
VERTEX
8
CUT
10
148.9807
20
72.0510
0
VERTEX
8
CUT
10
149.0716
20
72.0367
0
VERTEX
8
CUT
10
149.0860
20
72.0351
0
VERTEX
8
CUT
10
149.1779
20
72.0297
0
VERTEX
8
CUT
10
149.1924
20
72.0296
0
VERTEX
8
CUT
10
149.2843
20
72.0331
0
VERTEX
8
CUT
10
149.2987
20
72.0343
0
VERTEX
8
CUT
10
149.3899
20
72.0467
0
VERTEX
8
CUT
10
149.4042
20
72.0493
0
VERTEX
8
CUT
10
149.4937
20
72.0705
0
VERTEX
8
CUT
10
149.5541
20
72.0879
0
VERTEX
8
CUT
10
150.2910
20
72.3022
0
VERTEX
8
CUT
10
150.3369
20
72.3168
0
VERTEX
8
CUT
10
150.3767
20
72.3306
0
VERTEX
8
CUT
10
150.4663
20
72.3669
0
VERTEX
8
CUT
10
150.4801
20
72.3733
0
VERTEX
8
CUT
10
150.6129
20
72.4436
0
VERTEX
8
CUT
10
150.6141
20
72.4414
0
VERTEX
8
CUT
10
150.7071
20
72.4907
0
VERTEX
8
CUT
10
150.9015
20
72.5701
0
VERTEX
8
CUT
10
151.1028
20
72.6296
0
VERTEX
8
CUT
10
151.3091
20
72.6687
0
VERTEX
8
CUT
10
151.5183
20
72.6871
0
VERTEX
8
CUT
10
151.7282
20
72.6845
0
VERTEX
8
CUT
10
151.9369
20
72.6609
0
VERTEX
8
CUT
10
152.1421
20
72.6166
0
VERTEX
8
CUT
10
152.3419
20
72.5520
0
VERTEX
8
CUT
10
152.5343
20
72.4678
0
VERTEX
8
CUT
10
152.7172
20
72.3648
0
VERTEX
8
CUT
10
152.8890
20
72.2440
0
VERTEX
8
CUT
10
153.0479
20
72.1067
0
VERTEX
8
CUT
10
153.1922
20
71.9543
0
VERTEX
8
CUT
10
153.3206
20
71.7881
0
VERTEX
8
CUT
10
153.4318
20
71.6100
0
VERTEX
8
CUT
10
153.5246
20
71.4217
0
VERTEX
8
CUT
10
153.5982
20
71.2250
0
VERTEX
8
CUT
10
156.6625
20
61.5896
0
VERTEX
8
CUT
10
156.6887
20
61.5004
0
VERTEX
8
CUT
10
158.5601
20
54.5672
0
VERTEX
8
CUT
10
158.5736
20
54.5217
0
VERTEX
8
CUT
10
158.5863
20
54.4826
0
VERTEX
8
CUT
10
158.6199
20
54.3941
0
VERTEX
8
CUT
10
158.6259
20
54.3805
0
VERTEX
8
CUT
10
158.6682
20
54.2957
0
VERTEX
8
CUT
10
158.6756
20
54.2828
0
VERTEX
8
CUT
10
158.7261
20
54.2027
0
VERTEX
8
CUT
10
158.7347
20
54.1905
0
VERTEX
8
CUT
10
158.7930
20
54.1158
0
VERTEX
8
CUT
10
158.8027
20
54.1046
0
VERTEX
8
CUT
10
158.8681
20
54.0361
0
VERTEX
8
CUT
10
158.8789
20
54.0258
0
VERTEX
8
CUT
10
158.9509
20
53.9642
0
VERTEX
8
CUT
10
158.9627
20
53.9551
0
VERTEX
8
CUT
10
159.0404
20
53.9010
0
VERTEX
8
CUT
10
159.0530
20
53.8931
0
VERTEX
8
CUT
10
159.1357
20
53.8469
0
VERTEX
8
CUT
10
159.1491
20
53.8403
0
VERTEX
8
CUT
10
159.2360
20
53.8027
0
VERTEX
8
CUT
10
159.2499
20
53.7975
0
VERTEX
8
CUT
10
159.3401
20
53.7686
0
VERTEX
8
CUT
10
159.3545
20
53.7648
0
VERTEX
8
CUT
10
159.4472
20
53.7451
0
VERTEX
8
CUT
10
159.4619
20
53.7428
0
VERTEX
8
CUT
10
159.5560
20
53.7324
0
VERTEX
8
CUT
10
159.5709
20
53.7315
0
VERTEX
8
CUT
10
159.6656
20
53.7306
0
VERTEX
8
CUT
10
159.6805
20
53.7312
0
VERTEX
8
CUT
10
159.7748
20
53.7397
0
VERTEX
8
CUT
10
159.7895
20
53.7418
0
VERTEX
8
CUT
10
159.8826
20
53.7597
0
VERTEX
8
CUT
10
159.8970
20
53.7632
0
VERTEX
8
CUT
10
159.9878
20
53.7903
0
VERTEX
8
CUT
10
160.0018
20
53.7952
0
VERTEX
8
CUT
10
160.0894
20
53.8312
0
VERTEX
8
CUT
10
160.1029
20
53.8375
0
VERTEX
8
CUT
10
160.1865
20
53.8820
0
VERTEX
8
CUT
10
160.1993
20
53.8897
0
VERTEX
8
CUT
10
160.2781
20
53.9423
0
VERTEX
8
CUT
10
160.2900
20
53.9512
0
VERTEX
8
CUT
10
160.3631
20
54.0114
0
VERTEX
8
CUT
10
160.3741
20
54.0214
0
VERTEX
8
CUT
10
160.4409
20
54.0886
0
VERTEX
8
CUT
10
160.4509
20
54.0997
0
VERTEX
8
CUT
10
160.5106
20
54.1732
0
VERTEX
8
CUT
10
160.5194
20
54.1852
0
VERTEX
8
CUT
10
160.5715
20
54.2643
0
VERTEX
8
CUT
10
160.5790
20
54.2771
0
VERTEX
8
CUT
10
160.6230
20
54.3610
0
VERTEX
8
CUT
10
160.6293
20
54.3745
0
VERTEX
8
CUT
10
160.6646
20
54.4624
0
VERTEX
8
CUT
10
160.6695
20
54.4765
0
VERTEX
8
CUT
10
160.6960
20
54.5674
0
VERTEX
8
CUT
10
160.7055
20
54.6074
0
VERTEX
8
CUT
10
160.7153
20
54.6538
0
VERTEX
8
CUT
10
160.8741
20
55.5101
0
VERTEX
8
CUT
10
160.8813
20
55.5552
0
VERTEX
8
CUT
10
160.8866
20
55.5945
0
VERTEX
8
CUT
10
160.8946
20
55.6854
0
VERTEX
8
CUT
10
160.8961
20
55.7250
0
VERTEX
8
CUT
10
160.8968
20
55.7706
0
VERTEX
8
CUT
10
160.8722
20
58.5118
0
VERTEX
8
CUT
10
160.8700
20
58.5682
0
VERTEX
8
CUT
10
160.8645
20
58.6481
0
VERTEX
8
CUT
10
160.8590
20
58.7043
0
VERTEX
8
CUT
10
160.6235
20
60.5363
0
VERTEX
8
CUT
10
160.6128
20
60.6013
0
VERTEX
8
CUT
10
160.5945
20
60.6930
0
VERTEX
8
CUT
10
160.5794
20
60.7571
0
VERTEX
8
CUT
10
160.1719
20
62.2492
0
VERTEX
8
CUT
10
160.1568
20
62.2992
0
VERTEX
8
CUT
10
160.1333
20
62.3696
0
VERTEX
8
CUT
10
160.1155
20
62.4187
0
VERTEX
8
CUT
10
157.1438
20
69.9328
0
VERTEX
8
CUT
10
157.0936
20
70.0746
0
VERTEX
8
CUT
10
156.1390
20
73.1071
0
VERTEX
8
CUT
10
156.0872
20
73.3046
0
VERTEX
8
CUT
10
155.4490
20
76.3329
0
VERTEX
8
CUT
10
155.4189
20
76.5150
0
VERTEX
8
CUT
10
154.3853
20
85.1006
0
VERTEX
8
CUT
10
154.3806
20
85.1346
0
VERTEX
8
CUT
10
154.3730
20
85.1829
0
VERTEX
8
CUT
10
154.3671
20
85.2167
0
VERTEX
8
CUT
10
153.5782
20
89.2717
0
VERTEX
8
CUT
10
153.5662
20
89.3251
0
VERTEX
8
CUT
10
153.5470
20
89.4004
0
VERTEX
8
CUT
10
153.5320
20
89.4530
0
VERTEX
8
CUT
10
152.4374
20
92.9010
0
VERTEX
8
CUT
10
152.4191
20
92.9533
0
VERTEX
8
CUT
10
152.3910
20
93.0268
0
VERTEX
8
CUT
10
152.3697
20
93.0780
0
VERTEX
8
CUT
10
151.4292
20
95.1609
0
VERTEX
8
CUT
10
151.2802
20
95.5717
0
VERTEX
8
CUT
10
151.2672
20
95.6055
0
VERTEX
8
CUT
10
151.2554
20
95.6346
0
VERTEX
8
CUT
10
151.2256
20
95.7006
0
VERTEX
8
CUT
10
151.2116
20
95.7287
0
VERTEX
8
CUT
10
151.1948
20
95.7608
0
VERTEX
8
CUT
10
150.9860
20
96.1427
0
VERTEX
8
CUT
10
150.8120
20
96.5281
0
VERTEX
8
CUT
10
150.7890
20
96.5755
0
VERTEX
8
CUT
10
150.7546
20
96.6417
0
VERTEX
8
CUT
10
150.7290
20
96.6877
0
VERTEX
8
CUT
10
150.1949
20
97.5893
0
VERTEX
8
CUT
10
149.6515
20
98.5829
0
VERTEX
8
CUT
10
149.6234
20
98.6309
0
VERTEX
8
CUT
10
149.5978
20
98.6718
0
VERTEX
8
CUT
10
149.5335
20
98.7623
0
VERTEX
8
CUT
10
149.5033
20
98.7999
0
VERTEX
8
CUT
10
149.4673
20
98.8423
0
VERTEX
8
CUT
10
149.4245
20
98.8896
0
VERTEX
8
CUT
10
149.3478
20
99.0191
0
VERTEX
8
CUT
10
149.3207
20
99.0622
0
VERTEX
8
CUT
10
149.2962
20
99.0989
0
VERTEX
8
CUT
10
149.2352
20
99.1804
0
VERTEX
8
CUT
10
149.2069
20
99.2143
0
VERTEX
8
CUT
10
149.1732
20
99.2525
0
VERTEX
8
CUT
10
149.0595
20
99.3747
0
VERTEX
8
CUT
10
149.0238
20
99.4111
0
VERTEX
8
CUT
10
148.9919
20
99.4419
0
VERTEX
8
CUT
10
148.9149
20
99.5086
0
VERTEX
8
CUT
10
148.9023
20
99.5184
0
VERTEX
8
CUT
10
148.8185
20
99.5765
0
VERTEX
8
CUT
10
148.8049
20
99.5850
0
VERTEX
8
CUT
10
148.7154
20
99.6337
0
VERTEX
8
CUT
10
148.6755
20
99.6528
0
VERTEX
8
CUT
10
148.6289
20
99.6735
0
VERTEX
8
CUT
10
148.5720
20
99.6970
0
VERTEX
8
CUT
10
148.5249
20
99.7151
0
VERTEX
8
CUT
10
148.4836
20
99.7296
0
VERTEX
8
CUT
10
148.3869
20
99.7580
0
VERTEX
8
CUT
10
148.3715
20
99.7616
0
VERTEX
8
CUT
10
148.2724
20
99.7796
0
VERTEX
8
CUT
10
148.2567
20
99.7816
0
VERTEX
8
CUT
10
148.1562
20
99.7890
0
VERTEX
8
CUT
10
148.1403
20
99.7893
0
VERTEX
8
CUT
10
148.0396
20
99.7859
0
VERTEX
8
CUT
10
148.0238
20
99.7846
0
VERTEX
8
CUT
10
147.9240
20
99.7706
0
VERTEX
8
CUT
10
147.8811
20
99.7622
0
VERTEX
8
CUT
10
147.8364
20
99.7523
0
VERTEX
8
CUT
10
147.7942
20
99.7405
0
VERTEX
8
CUT
10
147.7538
20
99.7282
0
VERTEX
8
CUT
10
147.6623
20
99.6950
0
VERTEX
8
CUT
10
147.6482
20
99.6890
0
VERTEX
8
CUT
10
147.5606
20
99.6467
0
VERTEX
8
CUT
10
147.5472
20
99.6393
0
VERTEX
8
CUT
10
147.4644
20
99.5882
0
VERTEX
8
CUT
10
147.4296
20
99.5642
0
VERTEX
8
CUT
10
147.3903
20
99.5355
0
VERTEX
8
CUT
10
147.3783
20
99.5262
0
VERTEX
8
CUT
10
147.3438
20
99.4984
0
VERTEX
8
CUT
10
147.3145
20
99.4737
0
VERTEX
8
CUT
10
147.2498
20
99.4134
0
VERTEX
8
CUT
10
147.2400
20
99.4035
0
VERTEX
8
CUT
10
147.1811
20
99.3375
0
VERTEX
8
CUT
10
147.1724
20
99.3267
0
VERTEX
8
CUT
10
147.1199
20
99.2555
0
VERTEX
8
CUT
10
147.1121
20
99.2440
0
VERTEX
8
CUT
10
147.0868
20
99.2019
0
VERTEX
8
CUT
10
147.0774
20
99.1915
0
VERTEX
8
CUT
10
147.0676
20
99.1795
0
VERTEX
8
CUT
10
147.0090
20
99.0995
0
VERTEX
8
CUT
10
146.9855
20
99.0635
0
VERTEX
8
CUT
10
146.9594
20
99.0214
0
VERTEX
8
CUT
10
146.6905
20
98.5596
0
VERTEX
8
CUT
10
146.6657
20
98.5142
0
VERTEX
8
CUT
10
146.6453
20
98.4744
0
VERTEX
8
CUT
10
146.6034
20
98.3801
0
VERTEX
8
CUT
10
146.5874
20
98.3383
0
VERTEX
8
CUT
10
146.5703
20
98.2896
0
VERTEX
8
CUT
10
146.4327
20
97.8597
0
VERTEX
8
CUT
10
146.1932
20
97.3629
0
VERTEX
8
CUT
10
146.1740
20
97.3203
0
VERTEX
8
CUT
10
146.1582
20
97.2830
0
VERTEX
8
CUT
10
146.1261
20
97.1953
0
VERTEX
8
CUT
10
146.1217
20
97.1812
0
VERTEX
8
CUT
10
146.0984
20
97.0908
0
VERTEX
8
CUT
10
146.0903
20
97.0511
0
VERTEX
8
CUT
10
146.0820
20
97.0051
0
VERTEX
8
CUT
10
146.0095
20
96.5382
0
VERTEX
8
CUT
10
145.8741
20
96.1153
0
VERTEX
8
CUT
10
145.8589
20
96.0629
0
VERTEX
8
CUT
10
145.8471
20
96.0171
0
VERTEX
8
CUT
10
145.8260
20
95.9101
0
VERTEX
8
CUT
10
145.8195
20
95.8633
0
VERTEX
8
CUT
10
145.8136
20
95.8091
0
VERTEX
8
CUT
10
145.7248
20
94.7032
0
VERTEX
8
CUT
10
145.5277
20
93.4330
0
VERTEX
8
CUT
10
145.5207
20
93.3772
0
VERTEX
8
CUT
10
145.5132
20
93.2977
0
VERTEX
8
CUT
10
145.5095
20
93.2415
0
VERTEX
8
CUT
10
145.3174
20
87.8262
0
VERTEX
8
CUT
10
145.3169
20
87.7821
0
VERTEX
8
CUT
10
145.3173
20
87.7438
0
VERTEX
8
CUT
10
145.3224
20
87.6557
0
VERTEX
8
CUT
10
145.3238
20
87.6419
0
VERTEX
8
CUT
10
145.3370
20
87.5547
0
VERTEX
8
CUT
10
145.3445
20
87.5171
0
VERTEX
8
CUT
10
145.3542
20
87.4740
0
VERTEX
8
CUT
10
147.8010
20
77.6206
0
VERTEX
8
CUT
10
147.8392
20
77.4290
0
VERTEX
8
CUT
10
147.8594
20
77.2346
0
VERTEX
8
CUT
10
148.0969
20
73.0906
0
SEQEND
0
POLYLINE
8
CUT
66
1
70
1
10
0.0
20
0.0
30
0.0
0
VERTEX
8
CUT
10
141.5526
20
246.8678
0
VERTEX
8
CUT
10
141.5855
20
246.7178
0
VERTEX
8
CUT
10
142.1588
20
243.9184
0
VERTEX
8
CUT
10
142.3757
20
239.7176
0
VERTEX
8
CUT
10
142.3756
20
239.5440
0
VERTEX
8
CUT
10
142.1582
20
236.7989
0
VERTEX
8
CUT
10
142.1394
20
236.6395
0
VERTEX
8
CUT
10
142.1085
20
236.4819
0
VERTEX
8
CUT
10
141.3856
20
233.4218
0
VERTEX
8
CUT
10
141.3408
20
233.2608
0
VERTEX
8
CUT
10
141.2832
20
233.1038
0
VERTEX
8
CUT
10
137.4149
20
223.7269
0
VERTEX
8
CUT
10
137.3984
20
223.6840
0
VERTEX
8
CUT
10
137.3765
20
223.6225
0
VERTEX
8
CUT
10
137.3620
20
223.5788
0
VERTEX
8
CUT
10
136.5785
20
220.9944
0
VERTEX
8
CUT
10
136.4460
20
220.5832
0
VERTEX
8
CUT
10
136.4338
20
220.5423
0
VERTEX
8
CUT
10
136.4241
20
220.5065
0
VERTEX
8
CUT
10
136.4053
20
220.4233
0
VERTEX
8
CUT
10
136.4052
20
220.4231
0
VERTEX
8
CUT
10
136.2730
20
219.9869
0
VERTEX
8
CUT
10
136.2605
20
219.9418
0
VERTEX
8
CUT
10
136.2507
20
219.9024
0
VERTEX
8
CUT
10
136.2325
20
219.8107
0
VERTEX
8
CUT
10
136.2266
20
219.7706
0
VERTEX
8
CUT
10
136.2209
20
219.7242
0
VERTEX
8
CUT
10
135.8971
20
216.4095
0
VERTEX
8
CUT
10
135.8940
20
216.3685
0
VERTEX
8
CUT
10
135.8920
20
216.3330
0
VERTEX
8
CUT
10
135.8911
20
216.2509
0
VERTEX
8
CUT
10
135.8923
20
216.2153
0
VERTEX
8
CUT
10
135.8945
20
216.1743
0
VERTEX
8
CUT
10
136.1594
20
212.6750
0
VERTEX
8
CUT
10
136.1650
20
212.6212
0
VERTEX
8
CUT
10
136.1712
20
212.5748
0
VERTEX
8
CUT
10
136.1915
20
212.4687
0
VERTEX
8
CUT
10
136.2029
20
212.4233
0
VERTEX
8
CUT
10
136.2176
20
212.3713
0
VERTEX
8
CUT
10
136.8917
20
210.2164
0
VERTEX
8
CUT
10
136.9031
20
210.1824
0
VERTEX
8
CUT
10
136.9135
20
210.1531
0
VERTEX
8
CUT
10
136.9400
20
210.0865
0
VERTEX
8
CUT
10
136.9525
20
210.0580
0
VERTEX
8
CUT
10
136.9677
20
210.0255
0
VERTEX
8
CUT
10
136.9832
20
209.9938
0
VERTEX
8
CUT
10
136.9944
20
209.9560
0
VERTEX
8
CUT
10
137.0068
20
209.9178
0
VERTEX
8
CUT
10
137.0396
20
209.8314
0
VERTEX
8
CUT
10
137.0556
20
209.7947
0
VERTEX
8
CUT
10
137.0752
20
209.7528
0
VERTEX
8
CUT
10
138.4840
20
206.9101
0
VERTEX
8
CUT
10
138.5124
20
206.8571
0
VERTEX
8
CUT
10
138.5257
20
206.8341
0
VERTEX
8
CUT
10
138.5820
20
206.7187
0
VERTEX
8
CUT
10
138.6113
20
206.6634
0
VERTEX
8
CUT
10
138.6555
20
206.5862
0
VERTEX
8
CUT
10
138.6884
20
206.5330
0
VERTEX
8
CUT
10
142.9696
20
200.0837
0
VERTEX
8
CUT
10
143.0367
20
199.9757
0
VERTEX
8
CUT
10
145.6860
20
195.4071
0
VERTEX
8
CUT
10
145.7055
20
195.3750
0
VERTEX
8
CUT
10
145.7230
20
195.3474
0
VERTEX
8
CUT
10
145.7657
20
195.2856
0
VERTEX
8
CUT
10
145.7853
20
195.2595
0
VERTEX
8
CUT
10
145.8085
20
195.2299
0
VERTEX
8
CUT
10
146.2876
20
194.6420
0
VERTEX
8
CUT
10
146.3188
20
194.6057
0
VERTEX
8
CUT
10
146.3466
20
194.5749
0
VERTEX
8
CUT
10
146.4142
20
194.5072
0
VERTEX
8
CUT
10
146.4254
20
194.4971
0
VERTEX
8
CUT
10
146.4995
20
194.4365
0
VERTEX
8
CUT
10
146.5116
20
194.4276
0
VERTEX
8
CUT
10
146.5914
20
194.3748
0
VERTEX
8
CUT
10
146.6043
20
194.3671
0
VERTEX
8
CUT
10
146.6891
20
194.3226
0
VERTEX
8
CUT
10
146.7027
20
194.3163
0
VERTEX
8
CUT
10
146.7915
20
194.2806
0
VERTEX
8
CUT
10
146.8057
20
194.2757
0
VERTEX
8
CUT
10
146.8976
20
194.2491
0
VERTEX
8
CUT
10
146.9123
20
194.2456
0
VERTEX
8
CUT
10
147.0064
20
194.2284
0
VERTEX
8
CUT
10
147.0213
20
194.2264
0
VERTEX
8
CUT
10
147.1167
20
194.2187
0
VERTEX
8
CUT
10
147.1317
20
194.2183
0
VERTEX
8
CUT
10
147.2274
20
194.2203
0
VERTEX
8
CUT
10
147.2424
20
194.2213
0
VERTEX
8
CUT
10
147.3374
20
194.2329
0
VERTEX
8
CUT
10
147.3522
20
194.2355
0
VERTEX
8
CUT
10
147.4456
20
194.2566
0
VERTEX
8
CUT
10
147.4600
20
194.2606
0
VERTEX
8
CUT
10
147.5508
20
194.2910
0
VERTEX
8
CUT
10
147.5648
20
194.2965
0
VERTEX
8
CUT
10
147.5971
20
194.3111
0
VERTEX
8
CUT
10
147.6516
20
194.3331
0
VERTEX
8
CUT
10
147.6647
20
194.3392
0
VERTEX
8
CUT
10
147.7460
20
194.3816
0
VERTEX
8
CUT
10
147.7803
20
194.4017
0
VERTEX
8
CUT
10
147.8098
20
194.4199
0
VERTEX
8
CUT
10
147.8358
20
194.4377
0
VERTEX
8
CUT
10
147.8664
20
194.4597
0
VERTEX
8
CUT
10
147.9346
20
194.5136
0
VERTEX
8
CUT
10
147.9449
20
194.5226
0
VERTEX
8
CUT
10
148.0078
20
194.5825
0
VERTEX
8
CUT
10
148.0173
20
194.5923
0
VERTEX
8
CUT
10
148.0745
20
194.6577
0
VERTEX
8
CUT
10
148.0830
20
194.6684
0
VERTEX
8
CUT
10
148.1277
20
194.7301
0
VERTEX
8
CUT
10
148.1556
20
194.7553
0
VERTEX
8
CUT
10
148.1945
20
194.7927
0
VERTEX
8
CUT
10
148.2274
20
194.8261
0
VERTEX
8
CUT
10
148.2987
20
194.9071
0
VERTEX
8
CUT
10
148.3091
20
194.9204
0
VERTEX
8
CUT
10
148.3707
20
195.0090
0
VERTEX
8
CUT
10
148.3952
20
195.0489
0
VERTEX
8
CUT
10
148.4221
20
195.0957
0
VERTEX
8
CUT
10
148.4995
20
195.2394
0
VERTEX
8
CUT
10
148.5211
20
195.2821
0
VERTEX
8
CUT
10
148.5389
20
195.3196
0
VERTEX
8
CUT
10
148.5755
20
195.4080
0
VERTEX
8
CUT
10
148.5806
20
195.4221
0
VERTEX
8
CUT
10
148.6011
20
195.4905
0
VERTEX
8
CUT
10
148.6607
20
195.6210
0
VERTEX
8
CUT
10
148.6938
20
195.6768
0
VERTEX
8
CUT
10
148.7129
20
195.7105
0
VERTEX
8
CUT
10
148.7288
20
195.7401
0
VERTEX
8
CUT
10
148.7628
20
195.8096
0
VERTEX
8
CUT
10
148.7763
20
195.8404
0
VERTEX
8
CUT
10
148.7911
20
195.8762
0
VERTEX
8
CUT
10
148.8746
20
196.0898
0
VERTEX
8
CUT
10
153.9537
20
207.2220
0
VERTEX
8
CUT
10
153.9705
20
207.2611
0
VERTEX
8
CUT
10
153.9931
20
207.3173
0
VERTEX
8
CUT
10
154.0081
20
207.3571
0
VERTEX
8
CUT
10
154.8396
20
209.7201
0
VERTEX
8
CUT
10
154.8540
20
209.7642
0
VERTEX
8
CUT
10
154.8655
20
209.8028
0
VERTEX
8
CUT
10
154.8876
20
209.8930
0
VERTEX
8
CUT
10
154.8952
20
209.9325
0
VERTEX
8
CUT
10
154.9030
20
209.9783
0
VERTEX
8
CUT
10
155.3809
20
213.3027
0
VERTEX
8
CUT
10
155.3882
20
213.3702
0
VERTEX
8
CUT
10
155.3950
20
213.4664
0
VERTEX
8
CUT
10
155.3974
20
213.5343
0
VERTEX
8
CUT
10
155.3965
20
216.4384
0
VERTEX
8
CUT
10
155.3958
20
216.4744
0
VERTEX
8
CUT
10
155.3946
20
216.5056
0
VERTEX
8
CUT
10
155.3891
20
216.5775
0
VERTEX
8
CUT
10
155.3856
20
216.6085
0
VERTEX
8
CUT
10
155.3808
20
216.6442
0
VERTEX
8
CUT
10
154.9583
20
219.4016
0
VERTEX
8
CUT
10
154.9495
20
219.4506
0
VERTEX
8
CUT
10
154.9408
20
219.4928
0
VERTEX
8
CUT
10
154.9155
20
219.5890
0
VERTEX
8
CUT
10
154.9024
20
219.6301
0
VERTEX
8
CUT
10
154.8860
20
219.6771
0
VERTEX
8
CUT
10
153.3639
20
223.7007
0
VERTEX
8
CUT
10
153.3506
20
223.7339
0
VERTEX
8
CUT
10
153.3385
20
223.7626
0
VERTEX
8
CUT
10
153.3082
20
223.8275
0
VERTEX
8
CUT
10
153.2940
20
223.8552
0
VERTEX
8
CUT
10
153.2770
20
223.8867
0
VERTEX
8
CUT
10
152.5950
20
225.0987
0
VERTEX
8
CUT
10
152.5760
20
225.1310
0
VERTEX
8
CUT
10
152.5589
20
225.1587
0
VERTEX
8
CUT
10
152.5171
20
225.2209
0
VERTEX
8
CUT
10
152.4979
20
225.2472
0
VERTEX
8
CUT
10
152.4752
20
225.2770
0
VERTEX
8
CUT
10
151.6215
20
226.3534
0
VERTEX
8
CUT
10
151.5146
20
226.5010
0
VERTEX
8
CUT
10
151.4209
20
226.6573
0
VERTEX
8
CUT
10
151.3410
20
226.8211
0
VERTEX
8
CUT
10
151.2757
20
226.9913
0
VERTEX
8
CUT
10
150.8577
20
228.2390
0
VERTEX
8
CUT
10
150.8362
20
228.2969
0
VERTEX
8
CUT
10
150.8031
20
228.3780
0
VERTEX
8
CUT
10
150.7779
20
228.4343
0
VERTEX
8
CUT
10
149.1810
20
231.7135
0
VERTEX
8
CUT
10
149.0828
20
231.9510
0
VERTEX
8
CUT
10
148.2283
20
234.4398
0
VERTEX
8
CUT
10
148.1827
20
234.5908
0
VERTEX
8
CUT
10
148.1486
20
234.7448
0
VERTEX
8
CUT
10
147.4822
20
238.3976
0
VERTEX
8
CUT
10
147.4532
20
238.6277
0
VERTEX
8
CUT
10
147.4498
20
238.8595
0
VERTEX
8
CUT
10
147.5846
20
242.1841
0
VERTEX
8
CUT
10
147.7315
20
243.4064
0
VERTEX
8
CUT
10
148.3301
20
245.8257
0
VERTEX
8
CUT
10
148.3727
20
245.9744
0
VERTEX
8
CUT
10
148.4262
20
246.1195
0
VERTEX
8
CUT
10
149.5263
20
248.7967
0
VERTEX
8
CUT
10
149.5914
20
248.9396
0
VERTEX
8
CUT
10
149.6670
20
249.0772
0
VERTEX
8
CUT
10
152.4007
20
253.6431
0
VERTEX
8
CUT
10
152.4167
20
253.6708
0
VERTEX
8
CUT
10
152.4387
20
253.7106
0
VERTEX
8
CUT
10
152.4538
20
253.7388
0
VERTEX
8
CUT
10
153.7617
20
256.3002
0
VERTEX
8
CUT
10
153.7874
20
256.3547
0
VERTEX
8
CUT
10
153.8214
20
256.4332
0
VERTEX
8
CUT
10
153.8436
20
256.4892
0
VERTEX
8
CUT
10
154.3324
20
257.8484
0
VERTEX
8
CUT
10
154.3464
20
257.8906
0
VERTEX
8
CUT
10
154.3578
20
257.9274
0
VERTEX
8
CUT
10
154.3799
20
258.0135
0
VERTEX
8
CUT
10
154.3878
20
258.0513
0
VERTEX
8
CUT
10
154.3958
20
258.0951
0
VERTEX
8
CUT
10
154.5356
20
258.9734
0
VERTEX
8
CUT
10
154.5406
20
259.0089
0
VERTEX
8
CUT
10
154.5443
20
259.0398
0
VERTEX
8
CUT
10
154.5502
20
259.1112
0
VERTEX
8
CUT
10
154.5516
20
259.1423
0
VERTEX
8
CUT
10
154.5525
20
259.1782
0
VERTEX
8
CUT
10
154.5578
20
259.9458
0
VERTEX
8
CUT
10
154.6456
20
260.6270
0
VERTEX
8
CUT
10
154.6507
20
260.6758
0
VERTEX
8
CUT
10
154.6539
20
260.7183
0
VERTEX
8
CUT
10
154.6564
20
260.8163
0
VERTEX
8
CUT
10
154.6552
20
260.8588
0
VERTEX
8
CUT
10
154.6526
20
260.9078
0
VERTEX
8
CUT
10
154.5715
20
261.9409
0
VERTEX
8
CUT
10
154.5804
20
263.2436
0
VERTEX
8
CUT
10
154.5795
20
263.2913
0
VERTEX
8
CUT
10
154.5778
20
263.3327
0
VERTEX
8
CUT
10
154.5688
20
263.4277
0
VERTEX
8
CUT
10
154.5667
20
263.4426
0
VERTEX
8
CUT
10
154.5482
20
263.5362
0
VERTEX
8
CUT
10
154.5382
20
263.5764
0
VERTEX
8
CUT
10
154.5255
20
263.6224
0
VERTEX
8
CUT
10
154.1733
20
264.7822
0
VERTEX
8
CUT
10
154.1598
20
264.8232
0
VERTEX
8
CUT
10
154.1473
20
264.8585
0
VERTEX
8
CUT
10
154.1148
20
264.9386
0
VERTEX
8
CUT
10
154.1091
20
264.9509
0
VERTEX
8
CUT
10
154.0695
20
265.0276
0
VERTEX
8
CUT
10
154.0627
20
265.0394
0
VERTEX
8
CUT
10
154.0162
20
265.1122
0
VERTEX
8
CUT
10
154.0084
20
265.1233
0
VERTEX
8
CUT
10
153.9555
20
265.1916
0
VERTEX
8
CUT
10
153.9467
20
265.2020
0
VERTEX
8
CUT
10
153.8879
20
265.2652
0
VERTEX
8
CUT
10
153.8611
20
265.2914
0
VERTEX
8
CUT
10
153.8296
20
265.3210
0
VERTEX
8
CUT
10
153.7992
20
265.3481
0
VERTEX
8
CUT
10
153.7651
20
265.3773
0
VERTEX
8
CUT
10
153.7349
20
265.4018
0
VERTEX
8
CUT
10
153.6626
20
265.4551
0
VERTEX
8
CUT
10
153.6509
20
265.4629
0
VERTEX
8
CUT
10
153.5740
20
265.5092
0
VERTEX
8
CUT
10
153.5615
20
265.5158
0
VERTEX
8
CUT
10
153.4806
20
265.5546
0
VERTEX
8
CUT
10
153.4676
20
265.5601
0
VERTEX
8
CUT
10
153.3833
20
265.5910
0
VERTEX
8
CUT
10
153.3461
20
265.6027
0
VERTEX
8
CUT
10
153.3030
20
265.6151
0
VERTEX
8
CUT
10
153.1738
20
265.6491
0
VERTEX
8
CUT
10
153.1313
20
265.6592
0
VERTEX
8
CUT
10
153.0943
20
265.6672
0
VERTEX
8
CUT
10
153.0081
20
265.6815
0
VERTEX
8
CUT
10
152.9705
20
265.6861
0
VERTEX
8
CUT
10
152.9270
20
265.6903
0
VERTEX
8
CUT
10
150.6935
20
265.8540
0
VERTEX
8
CUT
10
150.6498
20
265.8562
0
VERTEX
8
CUT
10
150.5878
20
265.8579
0
VERTEX
8
CUT
10
150.5441
20
265.8581
0
VERTEX
8
CUT
10
149.9744
20
265.8474
0
VERTEX
8
CUT
10
149.8762
20
265.8545
0
VERTEX
8
CUT
10
149.8321
20
265.8567
0
VERTEX
8
CUT
10
149.7695
20
265.8584
0
VERTEX
8
CUT
10
149.7254
20
265.8585
0
VERTEX
8
CUT
10
143.9963
20
265.7443
0
VERTEX
8
CUT
10
143.9770
20
265.7437
0
VERTEX
8
CUT
10
143.9496
20
265.7426
0
VERTEX
8
CUT
10
143.9303
20
265.7416
0
VERTEX
8
CUT
10
143.7353
20
265.7298
0
VERTEX
8
CUT
10
142.9666
20
265.7153
0
VERTEX
8
CUT
10
142.9302
20
265.7140
0
VERTEX
8
CUT
10
142.8784
20
265.7110
0
VERTEX
8
CUT
10
142.8421
20
265.7082
0
VERTEX
8
CUT
10
141.9193
20
265.6197
0
VERTEX
8
CUT
10
138.8060
20
265.4309
0
VERTEX
8
CUT
10
138.7447
20
265.4252
0
VERTEX
8
CUT
10
138.6581
20
265.4142
0
VERTEX
8
CUT
10
138.5973
20
265.4046
0
VERTEX
8
CUT
10
137.6531
20
265.2228
0
VERTEX
8
CUT
10
137.6022
20
265.2116
0
VERTEX
8
CUT
10
137.5583
20
265.2006
0
VERTEX
8
CUT
10
137.4587
20
265.1698
0
VERTEX
8
CUT
10
137.4473
20
265.1655
0
VERTEX
8
CUT
10
137.4102
20
265.1544
0
VERTEX
8
CUT
10
137.3720
20
265.1408
0
VERTEX
8
CUT
10
137.3285
20
265.1242
0
VERTEX
8
CUT
10
137.1869
20
265.0659
0
VERTEX
8
CUT
10
137.1463
20
265.0481
0
VERTEX
8
CUT
10
137.1114
20
265.0318
0
VERTEX
8
CUT
10
137.0329
20
264.9906
0
VERTEX
8
CUT
10
137.0209
20
264.9835
0
VERTEX
8
CUT
10
136.9466
20
264.9352
0
VERTEX
8
CUT
10
136.9353
20
264.9270
0
VERTEX
8
CUT
10
136.8658
20
264.8719
0
VERTEX
8
CUT
10
136.8553
20
264.8628
0
VERTEX
8
CUT
10
136.7913
20
264.8015
0
VERTEX
8
CUT
10
136.7648
20
264.7736
0
VERTEX
8
CUT
10
136.7350
20
264.7407
0
VERTEX
8
CUT
10
136.5582
20
264.5366
0
VERTEX
8
CUT
10
136.5282
20
264.5002
0
VERTEX
8
CUT
10
136.5031
20
264.4680
0
VERTEX
8
CUT
10
136.4488
20
264.3910
0
VERTEX
8
CUT
10
136.4408
20
264.3785
0
VERTEX
8
CUT
10
136.3944
20
264.2965
0
VERTEX
8
CUT
10
136.3878
20
264.2832
0
VERTEX
8
CUT
10
136.3497
20
264.1971
0
VERTEX
8
CUT
10
136.3444
20
264.1832
0
VERTEX
8
CUT
10
136.3151
20
264.0937
0
VERTEX
8
CUT
10
136.3043
20
264.0542
0
VERTEX
8
CUT
10
136.2930
20
264.0085
0
VERTEX
8
CUT
10
135.8321
20
261.9200
0
VERTEX
8
CUT
10
135.8243
20
261.8804
0
VERTEX
8
CUT
10
135.8182
20
261.8460
0
VERTEX
8
CUT
10
135.8076
20
261.7660
0
VERTEX
8
CUT
10
135.8064
20
261.7533
0
VERTEX
8
CUT
10
135.8026
20
261.6728
0
VERTEX
8
CUT
10
135.8025
20
261.6378
0
VERTEX
8
CUT
10
135.8031
20
261.5974
0
VERTEX
8
CUT
10
135.8812
20
259.5290
0
VERTEX
8
CUT
10
135.8846
20
259.4765
0
VERTEX
8
CUT
10
135.8889
20
259.4310
0
VERTEX
8
CUT
10
135.9045
20
259.3270
0
VERTEX
8
CUT
10
135.9137
20
259.2823
0
VERTEX
8
CUT
10
135.9258
20
259.2311
0
VERTEX
8
CUT
10
136.5436
20
256.9038
0
VERTEX
8
CUT
10
136.5561
20
256.8609
0
VERTEX
8
CUT
10
136.5678
20
256.8240
0
VERTEX
8
CUT
10
136.5987
20
256.7402
0
VERTEX
8
CUT
10
136.6139
20
256.7045
0
VERTEX
8
CUT
10
136.6322
20
256.6637
0
VERTEX
8
CUT
10
137.9241
20
253.9738
0
VERTEX
8
CUT
10
137.9396
20
253.9429
0
VERTEX
8
CUT
10
137.9624
20
253.8994
0
VERTEX
8
CUT
10
137.9791
20
253.8691
0
VERTEX
8
CUT
10
140.4080
20
249.6318
0
VERTEX
8
CUT
10
140.5213
20
249.4028
0
VERTEX
8
CUT
10
141.4417
20
247.2184
0
VERTEX
8
CUT
10
141.5124
20
247.0244
0
SEQEND
0
POLYLINE
8
CUT
66
1
70
1
10
0.0
20
0.0
30
0.0
0
VERTEX
8
CUT
10
140.0060
20
52.3355
0
VERTEX
8
CUT
10
139.9319
20
52.3929
0
VERTEX
8
CUT
10
139.9197
20
52.4013
0
VERTEX
8
CUT
10
139.8403
20
52.4511
0
VERTEX
8
CUT
10
139.8274
20
52.4583
0
VERTEX
8
CUT
10
139.7434
20
52.5000
0
VERTEX
8
CUT
10
139.7298
20
52.5059
0
VERTEX
8
CUT
10
139.6421
20
52.5391
0
VERTEX
8
CUT
10
139.6281
20
52.5437
0
VERTEX
8
CUT
10
139.5375
20
52.5681
0
VERTEX
8
CUT
10
139.5231
20
52.5712
0
VERTEX
8
CUT
10
139.4305
20
52.5866
0
VERTEX
8
CUT
10
139.4159
20
52.5883
0
VERTEX
8
CUT
10
139.3223
20
52.5944
0
VERTEX
8
CUT
10
139.3075
20
52.5946
0
VERTEX
8
CUT
10
139.2138
20
52.5915
0
VERTEX
8
CUT
10
139.1991
20
52.5903
0
VERTEX
8
CUT
10
139.1061
20
52.5779
0
VERTEX
8
CUT
10
139.0916
20
52.5752
0
VERTEX
8
CUT
10
139.0003
20
52.5538
0
VERTEX
8
CUT
10
138.9861
20
52.5497
0
VERTEX
8
CUT
10
138.8973
20
52.5193
0
VERTEX
8
CUT
10
138.8836
20
52.5138
0
VERTEX
8
CUT
10
138.7983
20
52.4748
0
VERTEX
8
CUT
10
138.7852
20
52.4680
0
VERTEX
8
CUT
10
138.7042
20
52.4208
0
VERTEX
8
CUT
10
138.6918
20
52.4128
0
VERTEX
8
CUT
10
138.6158
20
52.3578
0
VERTEX
8
CUT
10
138.6043
20
52.3485
0
VERTEX
8
CUT
10
138.5341
20
52.2863
0
VERTEX
8
CUT
10
138.5236
20
52.2760
0
VERTEX
8
CUT
10
138.4599
20
52.2071
0
VERTEX
8
CUT
10
138.4504
20
52.1958
0
VERTEX
8
CUT
10
138.3938
20
52.1210
0
VERTEX
8
CUT
10
138.3855
20
52.1088
0
VERTEX
8
CUT
10
138.3365
20
52.0288
0
VERTEX
8
CUT
10
138.3295
20
52.0159
0
VERTEX
8
CUT
10
138.2886
20
51.9314
0
VERTEX
8
CUT
10
138.2829
20
51.9178
0
VERTEX
8
CUT
10
138.2506
20
51.8297
0
VERTEX
8
CUT
10
138.2462
20
51.8157
0
VERTEX
8
CUT
10
138.2228
20
51.7248
0
VERTEX
8
CUT
10
138.2198
20
51.7104
0
VERTEX
8
CUT
10
138.2055
20
51.6177
0
VERTEX
8
CUT
10
138.2039
20
51.6030
0
VERTEX
8
CUT
10
138.1988
20
51.5093
0
VERTEX
8
CUT
10
138.1987
20
51.4946
0
VERTEX
8
CUT
10
138.2029
20
51.4009
0
VERTEX
8
CUT
10
138.2042
20
51.3862
0
VERTEX
8
CUT
10
138.2176
20
51.2933
0
VERTEX
8
CUT
10
138.2204
20
51.2788
0
VERTEX
8
CUT
10
138.2429
20
51.1878
0
VERTEX
8
CUT
10
138.2546
20
51.1488
0
VERTEX
8
CUT
10
138.2692
20
51.1042
0
VERTEX
8
CUT
10
138.6062
20
50.1532
0
VERTEX
8
CUT
10
138.6224
20
50.1108
0
VERTEX
8
CUT
10
138.6373
20
50.0744
0
VERTEX
8
CUT
10
138.6756
20
49.9923
0
VERTEX
8
CUT
10
138.6938
20
49.9575
0
VERTEX
8
CUT
10
138.7159
20
49.9179
0
VERTEX
8
CUT
10
139.3649
20
48.8141
0
VERTEX
8
CUT
10
139.3921
20
48.7706
0
VERTEX
8
CUT
10
139.4167
20
48.7334
0
VERTEX
8
CUT
10
139.4780
20
48.6511
0
VERTEX
8
CUT
10
139.5065
20
48.6169
0
VERTEX
8
CUT
10
139.5403
20
48.5783
0
VERTEX
8
CUT
10
140.2824
20
47.7783
0
VERTEX
8
CUT
10
140.3110
20
47.7488
0
VERTEX
8
CUT
10
140.3363
20
47.7238
0
VERTEX
8
CUT
10
140.3970
20
47.6687
0
VERTEX
8
CUT
10
140.4069
20
47.6605
0
VERTEX
8
CUT
10
140.4722
20
47.6109
0
VERTEX
8
CUT
10
140.5014
20
47.5906
0
VERTEX
8
CUT
10
140.5356
20
47.5679
0
VERTEX
8
CUT
10
142.4970
20
46.3275
0
VERTEX
8
CUT
10
142.5327
20
46.3060
0
VERTEX
8
CUT
10
142.5642
20
46.2880
0
VERTEX
8
CUT
10
142.6383
20
46.2498
0
VERTEX
8
CUT
10
142.6712
20
46.2346
0
VERTEX
8
CUT
10
142.7095
20
46.2180
0
VERTEX
8
CUT
10
143.7852
20
45.7781
0
VERTEX
8
CUT
10
143.8217
20
45.7641
0
VERTEX
8
CUT
10
143.8536
20
45.7525
0
VERTEX
8
CUT
10
143.9281
20
45.7290
0
VERTEX
8
CUT
10
143.9608
20
45.7201
0
VERTEX
8
CUT
10
143.9988
20
45.7107
0
VERTEX
8
CUT
10
146.5309
20
45.1351
0
VERTEX
8
CUT
10
146.5694
20
45.1271
0
VERTEX
8
CUT
10
146.6029
20
45.1210
0
VERTEX
8
CUT
10
146.6807
20
45.1099
0
VERTEX
8
CUT
10
146.7147
20
45.1065
0
VERTEX
8
CUT
10
146.7539
20
45.1035
0
VERTEX
8
CUT
10
147.9549
20
45.0337
0
VERTEX
8
CUT
10
147.9923
20
45.0323
0
VERTEX
8
CUT
10
148.0248
20
45.0317
0
VERTEX
8
CUT
10
148.0996
20
45.0333
0
VERTEX
8
CUT
10
148.1321
20
45.0352
0
VERTEX
8
CUT
10
148.1694
20
45.0382
0
VERTEX
8
CUT
10
149.0444
20
45.1258
0
VERTEX
8
CUT
10
149.0904
20
45.1315
0
VERTEX
8
CUT
10
149.1303
20
45.1375
0
VERTEX
8
CUT
10
149.2213
20
45.1557
0
VERTEX
8
CUT
10
149.2354
20
45.1593
0
VERTEX
8
CUT
10
149.3242
20
45.1863
0
VERTEX
8
CUT
10
149.3380
20
45.1912
0
VERTEX
8
CUT
10
149.4237
20
45.2267
0
VERTEX
8
CUT
10
149.4369
20
45.2330
0
VERTEX
8
CUT
10
149.5187
20
45.2767
0
VERTEX
8
CUT
10
149.5313
20
45.2843
0
VERTEX
8
CUT
10
149.6084
20
45.3358
0
VERTEX
8
CUT
10
149.6202
20
45.3445
0
VERTEX
8
CUT
10
149.6920
20
45.4033
0
VERTEX
8
CUT
10
149.7028
20
45.4131
0
VERTEX
8
CUT
10
149.7685
20
45.4786
0
VERTEX
8
CUT
10
149.7783
20
45.4895
0
VERTEX
8
CUT
10
149.8373
20
45.5611
0
VERTEX
8
CUT
10
149.8460
20
45.5728
0
VERTEX
8
CUT
10
149.8977
20
45.6499
0
VERTEX
8
CUT
10
149.9052
20
45.6624
0
VERTEX
8
CUT
10
149.9492
20
45.7441
0
VERTEX
8
CUT
10
149.9555
20
45.7573
0
VERTEX
8
CUT
10
149.9912
20
45.8430
0
VERTEX
8
CUT
10
149.9962
20
45.8567
0
VERTEX
8
CUT
10
150.0234
20
45.9454
0
VERTEX
8
CUT
10
150.0270
20
45.9596
0
VERTEX
8
CUT
10
150.0454
20
46.0506
0
VERTEX
8
CUT
10
150.0476
20
46.0650
0
VERTEX
8
CUT
10
150.0570
20
46.1573
0
VERTEX
8
CUT
10
150.0578
20
46.1719
0
VERTEX
8
CUT
10
150.0582
20
46.2647
0
VERTEX
8
CUT
10
150.0575
20
46.2793
0
VERTEX
8
CUT
10
150.0488
20
46.3717
0
VERTEX
8
CUT
10
150.0468
20
46.3861
0
VERTEX
8
CUT
10
150.0291
20
46.4773
0
VERTEX
8
CUT
10
150.0256
20
46.4914
0
VERTEX
8
CUT
10
149.9992
20
46.5804
0
VERTEX
8
CUT
10
149.9943
20
46.5942
0
VERTEX
8
CUT
10
149.9593
20
46.6801
0
VERTEX
8
CUT
10
149.9531
20
46.6933
0
VERTEX
8
CUT
10
149.9099
20
46.7755
0
VERTEX
8
CUT
10
149.9024
20
46.7880
0
VERTEX
8
CUT
10
149.8514
20
46.8655
0
VERTEX
8
CUT
10
149.8428
20
46.8773
0
VERTEX
8
CUT
10
149.7844
20
46.9494
0
VERTEX
8
CUT
10
149.7746
20
46.9603
0
VERTEX
8
CUT
10
149.7095
20
47.0264
0
VERTEX
8
CUT
10
149.6987
20
47.0363
0
VERTEX
8
CUT
10
149.6274
20
47.0957
0
VERTEX
8
CUT
10
149.6158
20
47.1045
0
VERTEX
8
CUT
10
149.5390
20
47.1567
0
VERTEX
8
CUT
10
149.5266
20
47.1643
0
VERTEX
8
CUT
10
149.4451
20
47.2087
0
VERTEX
8
CUT
10
149.4319
20
47.2151
0
VERTEX
8
CUT
10
149.3465
20
47.2513
0
VERTEX
8
CUT
10
149.3328
20
47.2564
0
VERTEX
8
CUT
10
149.2442
20
47.2841
0
VERTEX
8
CUT
10
149.2301
20
47.2878
0
VERTEX
8
CUT
10
149.1393
20
47.3068
0
VERTEX
8
CUT
10
149.1248
20
47.3091
0
VERTEX
8
CUT
10
149.0326
20
47.3191
0
VERTEX
8
CUT
10
148.9924
20
47.3215
0
VERTEX
8
CUT
10
148.9460
20
47.3231
0
VERTEX
8
CUT
10
148.0277
20
47.3325
0
VERTEX
8
CUT
10
147.8487
20
47.3419
0
VERTEX
8
CUT
10
147.6711
20
47.3667
0
VERTEX
8
CUT
10
147.4962
20
47.4065
0
VERTEX
8
CUT
10
145.6253
20
47.9172
0
VERTEX
8
CUT
10
145.4158
20
47.9864
0
VERTEX
8
CUT
10
145.2147
20
48.0772
0
VERTEX
8
CUT
10
145.0242
20
48.1886
0
VERTEX
8
CUT
10
143.9764
20
48.8779
0
VERTEX
8
CUT
10
143.7952
20
49.0116
0
VERTEX
8
CUT
10
140.8238
20
51.4598
0
VERTEX
8
CUT
10
140.6932
20
51.5768
0
VERTEX
8
CUT
10
140.5728
20
51.7044
0
VERTEX
8
CUT
10
140.1452
20
52.1973
0
VERTEX
8
CUT
10
140.1136
20
52.2320
0
VERTEX
8
CUT
10
140.0854
20
52.2614
0
VERTEX
8
CUT
10
140.0172
20
52.3259
0
SEQEND
0
POLYLINE
8
CUT
66
1
70
1
10
0.0
20
0.0
30
0.0
0
VERTEX
8
CUT
10
113.1051
20
203.8482
0
VERTEX
8
CUT
10
113.0975
20
203.7937
0
VERTEX
8
CUT
10
113.0888
20
203.7160
0
VERTEX
8
CUT
10
113.0843
20
203.6611
0
VERTEX
8
CUT
10
112.9493
20
201.1146
0
VERTEX
8
CUT
10
112.9479
20
201.0612
0
VERTEX
8
CUT
10
112.9482
20
200.9854
0
VERTEX
8
CUT
10
112.9499
20
200.9321
0
VERTEX
8
CUT
10
113.0268
20
199.6391
0
VERTEX
8
CUT
10
113.0329
20
199.5740
0
VERTEX
8
CUT
10
113.0448
20
199.4818
0
VERTEX
8
CUT
10
113.0554
20
199.4172
0
VERTEX
8
CUT
10
113.1026
20
199.1812
0
VERTEX
8
CUT
10
113.1068
20
199.1146
0
VERTEX
8
CUT
10
113.1103
20
199.0732
0
VERTEX
8
CUT
10
113.1141
20
199.0374
0
VERTEX
8
CUT
10
113.1265
20
198.9554
0
VERTEX
8
CUT
10
113.1334
20
198.9201
0
VERTEX
8
CUT
10
113.1422
20
198.8796
0
VERTEX
8
CUT
10
113.2621
20
198.3836
0
VERTEX
8
CUT
10
113.5411
20
196.9880
0
VERTEX
8
CUT
10
113.5521
20
196.9395
0
VERTEX
8
CUT
10
113.5628
20
196.8976
0
VERTEX
8
CUT
10
113.5923
20
196.8027
0
VERTEX
8
CUT
10
113.6073
20
196.7622
0
VERTEX
8
CUT
10
113.6258
20
196.7160
0
VERTEX
8
CUT
10
114.6279
20
194.3910
0
VERTEX
8
CUT
10
114.6559
20
194.3318
0
VERTEX
8
CUT
10
114.6985
20
194.2491
0
VERTEX
8
CUT
10
114.7305
20
194.1919
0
VERTEX
8
CUT
10
115.3592
20
193.1548
0
VERTEX
8
CUT
10
115.3953
20
193.0997
0
VERTEX
8
CUT
10
115.4492
20
193.0233
0
VERTEX
8
CUT
10
115.4890
20
192.9708
0
VERTEX
8
CUT
10
116.9527
20
191.1745
0
VERTEX
8
CUT
10
116.9839
20
191.1381
0
VERTEX
8
CUT
10
117.0118
20
191.1072
0
VERTEX
8
CUT
10
117.0795
20
191.0394
0
VERTEX
8
CUT
10
117.1103
20
191.0115
0
VERTEX
8
CUT
10
117.1466
20
190.9802
0
VERTEX
8
CUT
10
117.4396
20
190.7409
0
VERTEX
8
CUT
10
117.4628
20
190.7147
0
VERTEX
8
CUT
10
117.5234
20
190.6523
0
VERTEX
8
CUT
10
117.5509
20
190.6264
0
VERTEX
8
CUT
10
117.5833
20
190.5973
0
VERTEX
8
CUT
10
119.8694
20
188.6392
0
VERTEX
8
CUT
10
119.8961
20
188.6171
0
VERTEX
8
CUT
10
119.9345
20
188.5865
0
VERTEX
8
CUT
10
119.9620
20
188.5655
0
VERTEX
8
CUT
10
121.3921
20
187.5108
0
VERTEX
8
CUT
10
124.0197
20
185.3635
0
VERTEX
8
CUT
10
124.1165
20
185.2793
0
VERTEX
8
CUT
10
126.3167
20
183.2449
0
VERTEX
8
CUT
10
126.4998
20
183.0528
0
VERTEX
8
CUT
10
131.3615
20
177.2585
0
VERTEX
8
CUT
10
131.3758
20
177.2392
0
VERTEX
8
CUT
10
132.6521
20
175.6082
0
VERTEX
8
CUT
10
132.6743
20
175.5809
0
VERTEX
8
CUT
10
132.7066
20
175.5427
0
VERTEX
8
CUT
10
132.7298
20
175.5162
0
VERTEX
8
CUT
10
133.9344
20
174.1920
0
VERTEX
8
CUT
10
135.0137
20
172.9057
0
VERTEX
8
CUT
10
135.0442
20
172.8711
0
VERTEX
8
CUT
10
135.0713
20
172.8418
0
VERTEX
8
CUT
10
135.1371
20
172.7773
0
VERTEX
8
CUT
10
135.1670
20
172.7507
0
VERTEX
8
CUT
10
135.2021
20
172.7209
0
VERTEX
8
CUT
10
135.7512
20
172.2782
0
VERTEX
8
CUT
10
135.7874
20
172.2504
0
VERTEX
8
CUT
10
135.8194
20
172.2270
0
VERTEX
8
CUT
10
135.8956
20
172.1768
0
VERTEX
8
CUT
10
135.9080
20
172.1695
0
VERTEX
8
CUT
10
135.9887
20
172.1269
0
VERTEX
8
CUT
10
136.0245
20
172.1101
0
VERTEX
8
CUT
10
136.0663
20
172.0917
0
VERTEX
8
CUT
10
136.6521
20
171.8509
0
VERTEX
8
CUT
10
136.7273
20
171.8177
0
VERTEX
8
CUT
10
136.7419
20
171.8122
0
VERTEX
8
CUT
10
136.8367
20
171.7818
0
VERTEX
8
CUT
10
136.8784
20
171.7708
0
VERTEX
8
CUT
10
136.9269
20
171.7594
0
VERTEX
8
CUT
10
136.9794
20
171.7484
0
VERTEX
8
CUT
10
137.0248
20
171.7401
0
VERTEX
8
CUT
10
137.0643
20
171.7339
0
VERTEX
8
CUT
10
137.1560
20
171.7239
0
VERTEX
8
CUT
10
137.1705
20
171.7230
0
VERTEX
8
CUT
10
137.2627
20
171.7220
0
VERTEX
8
CUT
10
137.2772
20
171.7225
0
VERTEX
8
CUT
10
137.3690
20
171.7305
0
VERTEX
8
CUT
10
137.3834
20
171.7324
0
VERTEX
8
CUT
10
137.4741
20
171.7492
0
VERTEX
8
CUT
10
137.4882
20
171.7526
0
VERTEX
8
CUT
10
137.5768
20
171.7781
0
VERTEX
8
CUT
10
137.5905
20
171.7828
0
VERTEX
8
CUT
10
137.6762
20
171.8167
0
VERTEX
8
CUT
10
137.6894
20
171.8227
0
VERTEX
8
CUT
10
137.7715
20
171.8649
0
VERTEX
8
CUT
10
137.7840
20
171.8721
0
VERTEX
8
CUT
10
137.7986
20
171.8815
0
VERTEX
8
CUT
10
137.8232
20
171.8887
0
VERTEX
8
CUT
10
137.9173
20
171.9216
0
VERTEX
8
CUT
10
137.9318
20
171.9275
0
VERTEX
8
CUT
10
138.0220
20
171.9702
0
VERTEX
8
CUT
10
138.0358
20
171.9776
0
VERTEX
8
CUT
10
138.1210
20
172.0294
0
VERTEX
8
CUT
10
138.1340
20
172.0383
0
VERTEX
8
CUT
10
138.2132
20
172.0988
0
VERTEX
8
CUT
10
138.2252
20
172.1089
0
VERTEX
8
CUT
10
138.2977
20
172.1774
0
VERTEX
8
CUT
10
138.3085
20
172.1888
0
VERTEX
8
CUT
10
138.3734
20
172.2645
0
VERTEX
8
CUT
10
138.3999
20
172.2988
0
VERTEX
8
CUT
10
138.4293
20
172.3391
0
VERTEX
8
CUT
10
138.6042
20
172.5928
0
VERTEX
8
CUT
10
138.6279
20
172.6289
0
VERTEX
8
CUT
10
138.6477
20
172.6606
0
VERTEX
8
CUT
10
138.6901
20
172.7358
0
VERTEX
8
CUT
10
138.6962
20
172.7480
0
VERTEX
8
CUT
10
138.7315
20
172.8267
0
VERTEX
8
CUT
10
138.7365
20
172.8393
0
VERTEX
8
CUT
10
138.7646
20
172.9210
0
VERTEX
8
CUT
10
138.7751
20
172.9569
0
VERTEX
8
CUT
10
138.7863
20
172.9986
0
VERTEX
8
CUT
10
138.9871
20
173.8192
0
VERTEX
8
CUT
10
138.9961
20
173.8596
0
VERTEX
8
CUT
10
139.0031
20
173.8948
0
VERTEX
8
CUT
10
139.0157
20
173.9764
0
VERTEX
8
CUT
10
139.0196
20
174.0121
0
VERTEX
8
CUT
10
139.0232
20
174.0533
0
VERTEX
8
CUT
10
139.1784
20
176.4056
0
VERTEX
8
CUT
10
139.1802
20
176.4460
0
VERTEX
8
CUT
10
139.1810
20
176.4810
0
VERTEX
8
CUT
10
139.1795
20
176.5617
0
VERTEX
8
CUT
10
139.1773
20
176.5966
0
VERTEX
8
CUT
10
139.1740
20
176.6368
0
VERTEX
8
CUT
10
139.0701
20
177.6307
0
VERTEX
8
CUT
10
139.0639
20
177.6780
0
VERTEX
8
CUT
10
139.0576
20
177.7189
0
VERTEX
8
CUT
10
139.0382
20
177.8122
0
VERTEX
8
CUT
10
139.0345
20
177.8267
0
VERTEX
8
CUT
10
139.0058
20
177.9176
0
VERTEX
8
CUT
10
139.0006
20
177.9316
0
VERTEX
8
CUT
10
138.9630
20
178.0192
0
VERTEX
8
CUT
10
138.9565
20
178.0327
0
VERTEX
8
CUT
10
138.9103
20
178.1160
0
VERTEX
8
CUT
10
138.9024
20
178.1287
0
VERTEX
8
CUT
10
138.8481
20
178.2071
0
VERTEX
8
CUT
10
138.8389
20
178.2189
0
VERTEX
8
CUT
10
138.7771
20
178.2914
0
VERTEX
8
CUT
10
138.7668
20
178.3023
0
VERTEX
8
CUT
10
138.6980
20
178.3682
0
VERTEX
8
CUT
10
138.6866
20
178.3780
0
VERTEX
8
CUT
10
138.6115
20
178.4367
0
VERTEX
8
CUT
10
138.5993
20
178.4453
0
VERTEX
8
CUT
10
138.5187
20
178.4962
0
VERTEX
8
CUT
10
138.5056
20
178.5035
0
VERTEX
8
CUT
10
138.4204
20
178.5460
0
VERTEX
8
CUT
10
138.4066
20
178.5520
0
VERTEX
8
CUT
10
138.3175
20
178.5858
0
VERTEX
8
CUT
10
138.3033
20
178.5904
0
VERTEX
8
CUT
10
138.2112
20
178.6150
0
VERTEX
8
CUT
10
138.1966
20
178.6182
0
VERTEX
8
CUT
10
138.1025
20
178.6335
0
VERTEX
8
CUT
10
138.0876
20
178.6352
0
VERTEX
8
CUT
10
137.9925
20
178.6409
0
VERTEX
8
CUT
10
137.9775
20
178.6411
0
VERTEX
8
CUT
10
137.8296
20
178.6353
0
VERTEX
8
CUT
10
137.8295
20
178.6380
0
VERTEX
8
CUT
10
137.7032
20
178.6335
0
VERTEX
8
CUT
10
137.4502
20
178.6381
0
VERTEX
8
CUT
10
137.2352
20
178.6530
0
VERTEX
8
CUT
10
137.0229
20
178.6900
0
VERTEX
8
CUT
10
136.8155
20
178.7484
0
VERTEX
8
CUT
10
136.6152
20
178.8279
0
VERTEX
8
CUT
10
136.4240
20
178.9274
0
VERTEX
8
CUT
10
136.0184
20
179.1659
0
VERTEX
8
CUT
10
135.8349
20
179.2871
0
VERTEX
8
CUT
10
135.6652
20
179.4268
0
VERTEX
8
CUT
10
134.4788
20
180.5121
0
VERTEX
8
CUT
10
134.3475
20
180.6434
0
VERTEX
8
CUT
10
132.2691
20
182.9132
0
VERTEX
8
CUT
10
132.1089
20
183.1110
0
VERTEX
8
CUT
10
131.3140
20
184.2242
0
VERTEX
8
CUT
10
131.1801
20
184.4379
0
VERTEX
8
CUT
10
131.0727
20
184.6660
0
VERTEX
8
CUT
10
128.5848
20
190.8981
0
VERTEX
8
CUT
10
128.5657
20
190.9427
0
VERTEX
8
CUT
10
128.5369
20
191.0053
0
VERTEX
8
CUT
10
128.5155
20
191.0489
0
VERTEX
8
CUT
10
127.6812
20
192.6436
0
VERTEX
8
CUT
10
127.6598
20
192.6822
0
VERTEX
8
CUT
10
127.6405
20
192.7153
0
VERTEX
8
CUT
10
127.5926
20
192.7893
0
VERTEX
8
CUT
10
127.5845
20
192.8006
0
VERTEX
8
CUT
10
127.5299
20
192.8698
0
VERTEX
8
CUT
10
127.5208
20
192.8803
0
VERTEX
8
CUT
10
127.4600
20
192.9442
0
VERTEX
8
CUT
10
127.4323
20
192.9706
0
VERTEX
8
CUT
10
127.3998
20
193.0004
0
VERTEX
8
CUT
10
127.2900
20
193.0962
0
VERTEX
8
CUT
10
127.2563
20
193.1242
0
VERTEX
8
CUT
10
127.2265
20
193.1478
0
VERTEX
8
CUT
10
127.1555
20
193.1990
0
VERTEX
8
CUT
10
127.1440
20
193.2066
0
VERTEX
8
CUT
10
127.0686
20
193.2510
0
VERTEX
8
CUT
10
127.0564
20
193.2575
0
VERTEX
8
CUT
10
126.9772
20
193.2948
0
VERTEX
8
CUT
10
126.9645
20
193.3001
0
VERTEX
8
CUT
10
126.8822
20
193.3300
0
VERTEX
8
CUT
10
126.8459
20
193.3413
0
VERTEX
8
CUT
10
126.8038
20
193.3533
0
VERTEX
8
CUT
10
125.1663
20
193.7819
0
VERTEX
8
CUT
10
124.9796
20
193.8401
0
VERTEX
8
CUT
10
124.7992
20
193.9155
0
VERTEX
8
CUT
10
123.5336
20
194.5149
0
VERTEX
8
CUT
10
123.3709
20
194.6009
0
VERTEX
8
CUT
10
123.2163
20
194.7008
0
VERTEX
8
CUT
10
123.0711
20
194.8138
0
VERTEX
8
CUT
10
122.1928
20
195.5615
0
VERTEX
8
CUT
10
122.0692
20
195.6755
0
VERTEX
8
CUT
10
121.9552
20
195.7990
0
VERTEX
8
CUT
10
120.3543
20
197.6790
0
VERTEX
8
CUT
10
120.2173
20
197.8585
0
VERTEX
8
CUT
10
120.1005
20
198.0517
0
VERTEX
8
CUT
10
119.0416
20
200.0358
0
VERTEX
8
CUT
10
118.9605
20
200.2054
0
VERTEX
8
CUT
10
118.8950
20
200.3817
0
VERTEX
8
CUT
10
118.8455
20
200.5631
0
VERTEX
8
CUT
10
118.4401
20
202.3632
0
VERTEX
8
CUT
10
118.4087
20
202.5361
0
VERTEX
8
CUT
10
118.3919
20
202.7109
0
VERTEX
8
CUT
10
118.3897
20
202.8866
0
VERTEX
8
CUT
10
118.4050
20
203.4051
0
VERTEX
8
CUT
10
118.4181
20
203.5853
0
VERTEX
8
CUT
10
118.4467
20
203.7637
0
VERTEX
8
CUT
10
118.4904
20
203.9390
0
VERTEX
8
CUT
10
118.6010
20
204.3128
0
VERTEX
8
CUT
10
118.6687
20
204.5063
0
VERTEX
8
CUT
10
118.7549
20
204.6922
0
VERTEX
8
CUT
10
118.8588
20
204.8688
0
VERTEX
8
CUT
10
119.5186
20
205.8747
0
VERTEX
8
CUT
10
119.5430
20
205.9138
0
VERTEX
8
CUT
10
119.5632
20
205.9483
0
VERTEX
8
CUT
10
119.6060
20
206.0298
0
VERTEX
8
CUT
10
119.6122
20
206.0430
0
VERTEX
8
CUT
10
119.6469
20
206.1282
0
VERTEX
8
CUT
10
119.6517
20
206.1419
0
VERTEX
8
CUT
10
119.6779
20
206.2302
0
VERTEX
8
CUT
10
119.6814
20
206.2442
0
VERTEX
8
CUT
10
119.6990
20
206.3346
0
VERTEX
8
CUT
10
119.7011
20
206.3490
0
VERTEX
8
CUT
10
119.7099
20
206.4406
0
VERTEX
8
CUT
10
119.7105
20
206.4551
0
VERTEX
8
CUT
10
119.7104
20
206.5472
0
VERTEX
8
CUT
10
119.7097
20
206.5617
0
VERTEX
8
CUT
10
119.7006
20
206.6533
0
VERTEX
8
CUT
10
119.6985
20
206.6676
0
VERTEX
8
CUT
10
119.6806
20
206.7580
0
VERTEX
8
CUT
10
119.6771
20
206.7720
0
VERTEX
8
CUT
10
119.6505
20
206.8602
0
VERTEX
8
CUT
10
119.6456
20
206.8739
0
VERTEX
8
CUT
10
119.6106
20
206.9590
0
VERTEX
8
CUT
10
119.6045
20
206.9722
0
VERTEX
8
CUT
10
119.5614
20
207.0535
0
VERTEX
8
CUT
10
119.5540
20
207.0660
0
VERTEX
8
CUT
10
119.5032
20
207.1428
0
VERTEX
8
CUT
10
119.4947
20
207.1545
0
VERTEX
8
CUT
10
119.4367
20
207.2261
0
VERTEX
8
CUT
10
119.4271
20
207.2369
0
VERTEX
8
CUT
10
119.3624
20
207.3025
0
VERTEX
8
CUT
10
119.3330
20
207.3296
0
VERTEX
8
CUT
10
119.2984
20
207.3599
0
VERTEX
8
CUT
10
118.0205
20
208.4272
0
VERTEX
8
CUT
10
117.9666
20
208.4690
0
VERTEX
8
CUT
10
117.8880
20
208.5256
0
VERTEX
8
CUT
10
117.8312
20
208.5635
0
VERTEX
8
CUT
10
115.8444
20
209.7873
0
VERTEX
8
CUT
10
115.8046
20
209.8105
0
VERTEX
8
CUT
10
115.7696
20
209.8297
0
VERTEX
8
CUT
10
115.6870
20
209.8702
0
VERTEX
8
CUT
10
115.6737
20
209.8759
0
VERTEX
8
CUT
10
115.5875
20
209.9082
0
VERTEX
8
CUT
10
115.5737
20
209.9126
0
VERTEX
8
CUT
10
115.4849
20
209.9364
0
VERTEX
8
CUT
10
115.4707
20
209.9394
0
VERTEX
8
CUT
10
115.3799
20
209.9545
0
VERTEX
8
CUT
10
115.3655
20
209.9561
0
VERTEX
8
CUT
10
115.2737
20
209.9623
0
VERTEX
8
CUT
10
115.2593
20
209.9626
0
VERTEX
8
CUT
10
115.1673
20
209.9599
0
VERTEX
8
CUT
10
115.1529
20
209.9587
0
VERTEX
8
CUT
10
115.0616
20
209.9471
0
VERTEX
8
CUT
10
115.0473
20
209.9446
0
VERTEX
8
CUT
10
114.9576
20
209.9242
0
VERTEX
8
CUT
10
114.9437
20
209.9203
0
VERTEX
8
CUT
10
114.8564
20
209.8913
0
VERTEX
8
CUT
10
114.8428
20
209.8861
0
VERTEX
8
CUT
10
114.7587
20
209.8488
0
VERTEX
8
CUT
10
114.7458
20
209.8423
0
VERTEX
8
CUT
10
114.6657
20
209.7970
0
VERTEX
8
CUT
10
114.6535
20
209.7893
0
VERTEX
8
CUT
10
114.5781
20
209.7365
0
VERTEX
8
CUT
10
114.5667
20
209.7276
0
VERTEX
8
CUT
10
114.4968
20
209.6678
0
VERTEX
8
CUT
10
114.4863
20
209.6578
0
VERTEX
8
CUT
10
114.4225
20
209.5915
0
VERTEX
8
CUT
10
114.4130
20
209.5806
0
VERTEX
8
CUT
10
114.3560
20
209.5084
0
VERTEX
8
CUT
10
114.3476
20
209.4966
0
VERTEX
8
CUT
10
114.2978
20
209.4192
0
VERTEX
8
CUT
10
114.2905
20
209.4067
0
VERTEX
8
CUT
10
114.2485
20
209.3248
0
VERTEX
8
CUT
10
114.2425
20
209.3116
0
VERTEX
8
CUT
10
114.2086
20
209.2261
0
VERTEX
8
CUT
10
114.1957
20
209.1883
0
VERTEX
8
CUT
10
114.1818
20
209.1444
0
VERTEX
8
CUT
10
113.7822
20
207.7587
0
VERTEX
8
CUT
10
113.7689
20
207.7073
0
VERTEX
8
CUT
10
113.7521
20
207.6337
0
VERTEX
8
CUT
10
113.7417
20
207.5816
0
SEQEND
0
POLYLINE
8
CUT
66
1
70
1
10
0.0
20
0.0
30
0.0
0
VERTEX
8
CUT
10
115.4362
20
43.2838
0
VERTEX
8
CUT
10
115.4795
20
43.2014
0
VERTEX
8
CUT
10
115.4869
20
43.1888
0
VERTEX
8
CUT
10
115.5380
20
43.1111
0
VERTEX
8
CUT
10
115.5467
20
43.0992
0
VERTEX
8
CUT
10
115.6052
20
43.0269
0
VERTEX
8
CUT
10
115.6149
20
43.0159
0
VERTEX
8
CUT
10
115.6802
20
42.9496
0
VERTEX
8
CUT
10
115.6910
20
42.9397
0
VERTEX
8
CUT
10
115.7625
20
42.8801
0
VERTEX
8
CUT
10
115.7741
20
42.8713
0
VERTEX
8
CUT
10
115.8511
20
42.8190
0
VERTEX
8
CUT
10
115.8636
20
42.8114
0
VERTEX
8
CUT
10
115.9453
20
42.7668
0
VERTEX
8
CUT
10
115.9585
20
42.7605
0
VERTEX
8
CUT
10
116.0442
20
42.7242
0
VERTEX
8
CUT
10
116.0579
20
42.7191
0
VERTEX
8
CUT
10
116.1468
20
42.6914
0
VERTEX
8
CUT
10
116.1609
20
42.6877
0
VERTEX
8
CUT
10
116.2521
20
42.6688
0
VERTEX
8
CUT
10
116.2665
20
42.6665
0
VERTEX
8
CUT
10
116.3591
20
42.6566
0
VERTEX
8
CUT
10
116.3737
20
42.6558
0
VERTEX
8
CUT
10
116.4667
20
42.6550
0
VERTEX
8
CUT
10
116.4814
20
42.6556
0
VERTEX
8
CUT
10
116.5741
20
42.6639
0
VERTEX
8
CUT
10
116.5886
20
42.6659
0
VERTEX
8
CUT
10
116.6800
20
42.6833
0
VERTEX
8
CUT
10
116.6942
20
42.6867
0
VERTEX
8
CUT
10
116.7835
20
42.7129
0
VERTEX
8
CUT
10
116.7973
20
42.7177
0
VERTEX
8
CUT
10
116.8836
20
42.7526
0
VERTEX
8
CUT
10
116.8969
20
42.7587
0
VERTEX
8
CUT
10
116.9794
20
42.8018
0
VERTEX
8
CUT
10
116.9920
20
42.8092
0
VERTEX
8
CUT
10
117.0699
20
42.8602
0
VERTEX
8
CUT
10
117.0817
20
42.8688
0
VERTEX
8
CUT
10
117.1542
20
42.9272
0
VERTEX
8
CUT
10
117.1651
20
42.9369
0
VERTEX
8
CUT
10
117.2683
20
43.0382
0
VERTEX
8
CUT
10
117.2686
20
43.0379
0
VERTEX
8
CUT
10
117.3682
20
43.1360
0
VERTEX
8
CUT
10
117.5237
20
43.2622
0
VERTEX
8
CUT
10
117.6905
20
43.3730
0
VERTEX
8
CUT
10
117.8671
20
43.4675
0
VERTEX
8
CUT
10
118.0519
20
43.5447
0
VERTEX
8
CUT
10
118.2432
20
43.6039
0
VERTEX
8
CUT
10
118.4393
20
43.6446
0
VERTEX
8
CUT
10
118.6383
20
43.6665
0
VERTEX
8
CUT
10
118.8386
20
43.6693
0
VERTEX
8
CUT
10
119.0382
20
43.6531
0
VERTEX
8
CUT
10
119.2353
20
43.6179
0
VERTEX
8
CUT
10
119.4282
20
43.5640
0
VERTEX
8
CUT
10
119.6151
20
43.4921
0
VERTEX
8
CUT
10
119.7943
20
43.4027
0
VERTEX
8
CUT
10
119.9641
20
43.2966
0
VERTEX
8
CUT
10
120.1231
20
43.1748
0
VERTEX
8
CUT
10
120.2174
20
43.0951
0
VERTEX
8
CUT
10
120.2523
20
43.0671
0
VERTEX
8
CUT
10
120.2831
20
43.0434
0
VERTEX
8
CUT
10
120.3566
20
42.9923
0
VERTEX
8
CUT
10
120.3686
20
42.9849
0
VERTEX
8
CUT
10
120.4466
20
42.9409
0
VERTEX
8
CUT
10
120.4813
20
42.9235
0
VERTEX
8
CUT
10
120.5218
20
42.9043
0
VERTEX
8
CUT
10
120.5278
20
42.9016
0
VERTEX
8
CUT
10
120.5709
20
42.8838
0
VERTEX
8
CUT
10
120.6085
20
42.8692
0
VERTEX
8
CUT
10
120.6969
20
42.8399
0
VERTEX
8
CUT
10
120.7110
20
42.8359
0
VERTEX
8
CUT
10
120.8018
20
42.8154
0
VERTEX
8
CUT
10
120.8163
20
42.8129
0
VERTEX
8
CUT
10
120.9086
20
42.8014
0
VERTEX
8
CUT
10
120.9233
20
42.8003
0
VERTEX
8
CUT
10
121.0163
20
42.7978
0
VERTEX
8
CUT
10
121.0310
20
42.7982
0
VERTEX
8
CUT
10
121.1238
20
42.8049
0
VERTEX
8
CUT
10
121.1384
20
42.8067
0
VERTEX
8
CUT
10
121.2301
20
42.8224
0
VERTEX
8
CUT
10
121.2444
20
42.8256
0
VERTEX
8
CUT
10
121.3342
20
42.8503
0
VERTEX
8
CUT
10
121.3481
20
42.8549
0
VERTEX
8
CUT
10
121.4350
20
42.8882
0
VERTEX
8
CUT
10
121.4484
20
42.8941
0
VERTEX
8
CUT
10
121.5317
20
42.9358
0
VERTEX
8
CUT
10
121.5444
20
42.9430
0
VERTEX
8
CUT
10
121.6232
20
42.9927
0
VERTEX
8
CUT
10
121.6352
20
43.0011
0
VERTEX
8
CUT
10
121.7087
20
43.0582
0
VERTEX
8
CUT
10
121.7198
20
43.0678
0
VERTEX
8
CUT
10
121.7873
20
43.1318
0
VERTEX
8
CUT
10
121.7975
20
43.1424
0
VERTEX
8
CUT
10
121.8584
20
43.2128
0
VERTEX
8
CUT
10
121.8675
20
43.2243
0
VERTEX
8
CUT
10
121.9212
20
43.3003
0
VERTEX
8
CUT
10
121.9291
20
43.3127
0
VERTEX
8
CUT
10
121.9752
20
43.3936
0
VERTEX
8
CUT
10
121.9818
20
43.4067
0
VERTEX
8
CUT
10
122.0197
20
43.4917
0
VERTEX
8
CUT
10
122.0250
20
43.5053
0
VERTEX
8
CUT
10
122.0544
20
43.5937
0
VERTEX
8
CUT
10
122.0584
20
43.6078
0
VERTEX
8
CUT
10
122.0790
20
43.6986
0
VERTEX
8
CUT
10
122.0860
20
43.7384
0
VERTEX
8
CUT
10
122.0929
20
43.7844
0
VERTEX
8
CUT
10
122.2315
20
44.8847
0
VERTEX
8
CUT
10
122.2368
20
44.9406
0
VERTEX
8
CUT
10
122.2421
20
45.0201
0
VERTEX
8
CUT
10
122.2441
20
45.0762
0
VERTEX
8
CUT
10
122.2708
20
48.8783
0
VERTEX
8
CUT
10
122.2699
20
48.9261
0
VERTEX
8
CUT
10
122.2681
20
48.9675
0
VERTEX
8
CUT
10
122.2592
20
49.0627
0
VERTEX
8
CUT
10
122.2532
20
49.1037
0
VERTEX
8
CUT
10
122.2452
20
49.1509
0
VERTEX
8
CUT
10
121.4699
20
53.0890
0
VERTEX
8
CUT
10
121.4408
20
53.2857
0
VERTEX
8
CUT
10
121.4304
20
53.4843
0
VERTEX
8
CUT
10
121.4259
20
54.3955
0
VERTEX
8
CUT
10
121.4372
20
54.6229
0
VERTEX
8
CUT
10
121.4729
20
54.8477
0
VERTEX
8
CUT
10
121.9232
20
56.9394
0
VERTEX
8
CUT
10
121.9913
20
57.1834
0
VERTEX
8
CUT
10
122.0884
20
57.4173
0
VERTEX
8
CUT
10
123.2493
20
59.8000
0
VERTEX
8
CUT
10
123.3329
20
59.9548
0
VERTEX
8
CUT
10
123.4292
20
60.1021
0
VERTEX
8
CUT
10
123.5376
20
60.2408
0
VERTEX
8
CUT
10
125.4318
20
62.4676
0
VERTEX
8
CUT
10
125.5452
20
62.5906
0
VERTEX
8
CUT
10
125.6679
20
62.7042
0
VERTEX
8
CUT
10
126.8416
20
63.7061
0
VERTEX
8
CUT
10
127.0595
20
63.8689
0
VERTEX
8
CUT
10
133.8724
20
68.3033
0
VERTEX
8
CUT
10
133.9130
20
68.3313
0
VERTEX
8
CUT
10
133.9476
20
68.3565
0
VERTEX
8
CUT
10
134.0243
20
68.4186
0
VERTEX
8
CUT
10
134.0561
20
68.4472
0
VERTEX
8
CUT
10
134.0919
20
68.4812
0
VERTEX
8
CUT
10
134.2753
20
68.6644
0
VERTEX
8
CUT
10
134.7910
20
69.0839
0
VERTEX
8
CUT
10
134.8431
20
69.1294
0
VERTEX
8
CUT
10
134.9146
20
69.1968
0
VERTEX
8
CUT
10
134.9632
20
69.2461
0
VERTEX
8
CUT
10
136.1203
20
70.5077
0
VERTEX
8
CUT
10
136.2421
20
70.6294
0
VERTEX
8
CUT
10
136.2809
20
70.6705
0
VERTEX
8
CUT
10
136.3135
20
70.7072
0
VERTEX
8
CUT
10
136.3834
20
70.7960
0
VERTEX
8
CUT
10
136.4114
20
70.8363
0
VERTEX
8
CUT
10
136.4415
20
70.8826
0
VERTEX
8
CUT
10
136.4421
20
70.8834
0
VERTEX
8
CUT
10
136.4676
20
70.9232
0
VERTEX
8
CUT
10
136.4957
20
70.9700
0
VERTEX
8
CUT
10
136.5059
20
70.9882
0
VERTEX
8
CUT
10
137.0950
20
71.9544
0
VERTEX
8
CUT
10
137.1232
20
72.0039
0
VERTEX
8
CUT
10
137.1463
20
72.0476
0
VERTEX
8
CUT
10
137.1935
20
72.1512
0
VERTEX
8
CUT
10
137.2113
20
72.1973
0
VERTEX
8
CUT
10
137.2302
20
72.2511
0
VERTEX
8
CUT
10
137.2484
20
72.3085
0
VERTEX
8
CUT
10
137.4282
20
72.6282
0
VERTEX
8
CUT
10
137.4524
20
72.6742
0
VERTEX
8
CUT
10
137.4723
20
72.7147
0
VERTEX
8
CUT
10
137.5131
20
72.8103
0
VERTEX
8
CUT
10
137.5285
20
72.8528
0
VERTEX
8
CUT
10
137.5448
20
72.9021
0
VERTEX
8
CUT
10
138.0172
20
74.4671
0
VERTEX
8
CUT
10
138.0290
20
74.5099
0
VERTEX
8
CUT
10
138.0384
20
74.5472
0
VERTEX
8
CUT
10
138.0560
20
74.6342
0
VERTEX
8
CUT
10
138.0619
20
74.6723
0
VERTEX
8
CUT
10
138.0676
20
74.7163
0
VERTEX
8
CUT
10
138.0988
20
75.0096
0
VERTEX
8
CUT
10
138.1123
20
75.0751
0
VERTEX
8
CUT
10
138.1188
20
75.1174
0
VERTEX
8
CUT
10
138.1250
20
75.1663
0
VERTEX
8
CUT
10
138.2678
20
76.5933
0
VERTEX
8
CUT
10
138.2708
20
76.6317
0
VERTEX
8
CUT
10
138.2728
20
76.6651
0
VERTEX
8
CUT
10
138.2742
20
76.7422
0
VERTEX
8
CUT
10
138.2735
20
76.7757
0
VERTEX
8
CUT
10
138.2719
20
76.8142
0
VERTEX
8
CUT
10
138.0855
20
79.7827
0
VERTEX
8
CUT
10
138.0790
20
79.8485
0
VERTEX
8
CUT
10
138.0667
20
79.9416
0
VERTEX
8
CUT
10
138.0557
20
80.0068
0
VERTEX
8
CUT
10
137.4727
20
82.8534
0
VERTEX
8
CUT
10
137.4640
20
82.8915
0
VERTEX
8
CUT
10
137.4559
20
82.9245
0
VERTEX
8
CUT
10
137.4340
20
82.9995
0
VERTEX
8
CUT
10
137.4231
20
83.0316
0
VERTEX
8
CUT
10
137.4098
20
83.0684
0
VERTEX
8
CUT
10
136.9960
20
84.1461
0
VERTEX
8
CUT
10
136.9776
20
84.1905
0
VERTEX
8
CUT
10
136.9500
20
84.2529
0
VERTEX
8
CUT
10
136.9294
20
84.2963
0
VERTEX
8
CUT
10
136.7551
20
84.6413
0
VERTEX
8
CUT
10
136.7491
20
84.6610
0
VERTEX
8
CUT
10
136.7376
20
84.6962
0
VERTEX
8
CUT
10
136.7073
20
84.7760
0
VERTEX
8
CUT
10
136.7020
20
84.7884
0
VERTEX
8
CUT
10
136.6646
20
84.8651
0
VERTEX
8
CUT
10
136.6469
20
84.8977
0
VERTEX
8
CUT
10
136.6257
20
84.9348
0
VERTEX
8
CUT
10
136.3948
20
85.3179
0
VERTEX
8
CUT
10
136.3659
20
85.3630
0
VERTEX
8
CUT
10
136.3397
20
85.4014
0
VERTEX
8
CUT
10
136.2744
20
85.4863
0
VERTEX
8
CUT
10
136.2634
20
85.4991
0
VERTEX
8
CUT
10
136.1889
20
85.5761
0
VERTEX
8
CUT
10
136.1548
20
85.6077
0
VERTEX
8
CUT
10
136.1242
20
85.6344
0
VERTEX
8
CUT
10
136.0980
20
85.6549
0
VERTEX
8
CUT
10
136.0646
20
85.6797
0
VERTEX
8
CUT
10
135.9850
20
85.7329
0
VERTEX
8
CUT
10
135.9721
20
85.7406
0
VERTEX
8
CUT
10
135.8875
20
85.7855
0
VERTEX
8
CUT
10
135.8738
20
85.7918
0
VERTEX
8
CUT
10
135.7852
20
85.8280
0
VERTEX
8
CUT
10
135.7709
20
85.8329
0
VERTEX
8
CUT
10
135.6791
20
85.8600
0
VERTEX
8
CUT
10
135.6644
20
85.8635
0
VERTEX
8
CUT
10
135.5703
20
85.8811
0
VERTEX
8
CUT
10
135.5554
20
85.8831
0
VERTEX
8
CUT
10
135.4599
20
85.8912
0
VERTEX
8
CUT
10
135.4449
20
85.8917
0
VERTEX
8
CUT
10
135.3492
20
85.8900
0
VERTEX
8
CUT
10
135.3341
20
85.8890
0
VERTEX
8
CUT
10
135.2390
20
85.8778
0
VERTEX
8
CUT
10
135.2242
20
85.8753
0
VERTEX
8
CUT
10
135.1307
20
85.8545
0
VERTEX
8
CUT
10
135.1162
20
85.8505
0
VERTEX
8
CUT
10
135.0253
20
85.8204
0
VERTEX
8
CUT
10
135.0112
20
85.8150
0
VERTEX
8
CUT
10
134.9238
20
85.7759
0
VERTEX
8
CUT
10
134.9104
20
85.7691
0
VERTEX
8
CUT
10
134.8273
20
85.7214
0
VERTEX
8
CUT
10
134.8147
20
85.7132
0
VERTEX
8
CUT
10
134.7369
20
85.6574
0
VERTEX
8
CUT
10
134.7251
20
85.6480
0
VERTEX
8
CUT
10
134.6533
20
85.5846
0
VERTEX
8
CUT
10
134.6236
20
85.5556
0
VERTEX
8
CUT
10
134.5901
20
85.5213
0
VERTEX
8
CUT
10
134.4806
20
85.4029
0
VERTEX
8
CUT
10
128.7145
20
79.5257
0
VERTEX
8
CUT
10
128.5812
20
79.4011
0
VERTEX
8
CUT
10
120.6171
20
72.5826
0
VERTEX
8
CUT
10
120.5838
20
72.5526
0
VERTEX
8
CUT
10
120.5554
20
72.5260
0
VERTEX
8
CUT
10
120.4931
20
72.4615
0
VERTEX
8
CUT
10
120.4675
20
72.4323
0
VERTEX
8
CUT
10
120.4386
20
72.3979
0
VERTEX
8
CUT
10
117.5099
20
68.7302
0
VERTEX
8
CUT
10
117.4852
20
68.6978
0
VERTEX
8
CUT
10
117.4644
20
68.6693
0
VERTEX
8
CUT
10
117.4193
20
68.6016
0
VERTEX
8
CUT
10
117.4010
20
68.5715
0
VERTEX
8
CUT
10
117.3806
20
68.5362
0
VERTEX
8
CUT
10
115.3966
20
64.9255
0
VERTEX
8
CUT
10
115.3779
20
64.8897
0
VERTEX
8
CUT
10
115.3623
20
64.8583
0
VERTEX
8
CUT
10
115.3296
20
64.7845
0
VERTEX
8
CUT
10
115.3167
20
64.7518
0
VERTEX
8
CUT
10
115.3028
20
64.7139
0
VERTEX
8
CUT
10
113.9649
20
60.8367
0
VERTEX
8
CUT
10
113.9481
20
60.7829
0
VERTEX
8
CUT
10
113.9265
20
60.7058
0
VERTEX
8
CUT
10
113.9130
20
60.6511
0
VERTEX
8
CUT
10
113.4930
20
58.7147
0
VERTEX
8
CUT
10
113.4818
20
58.6531
0
VERTEX
8
CUT
10
113.4687
20
58.5651
0
VERTEX
8
CUT
10
113.4615
20
58.5029
0
VERTEX
8
CUT
10
113.3485
20
57.1219
0
VERTEX
8
CUT
10
113.2879
20
56.7865
0
VERTEX
8
CUT
10
113.2784
20
56.7205
0
VERTEX
8
CUT
10
113.2681
20
56.6263
0
VERTEX
8
CUT
10
113.2632
20
56.5598
0
VERTEX
8
CUT
10
113.2288
20
55.6592
0
VERTEX
8
CUT
10
113.0740
20
53.7684
0
VERTEX
8
CUT
10
113.0713
20
53.7202
0
VERTEX
8
CUT
10
113.0700
20
53.6784
0
VERTEX
8
CUT
10
113.0719
20
53.5821
0
VERTEX
8
CUT
10
113.0749
20
53.5404
0
VERTEX
8
CUT
10
113.0795
20
53.4924
0
VERTEX
8
CUT
10
113.5410
20
49.7103
0
VERTEX
8
CUT
10
113.5466
20
49.6713
0
VERTEX
8
CUT
10
113.5521
20
49.6375
0
VERTEX
8
CUT
10
113.5681
20
49.5603
0
VERTEX
8
CUT
10
113.5764
20
49.5272
0
VERTEX
8
CUT
10
113.5868
20
49.4891
0
VERTEX
8
CUT
10
115.3674
20
43.4658
0
VERTEX
8
CUT
10
115.3817
20
43.4215
0
VERTEX
8
CUT
10
115.3951
20
43.3833
0
VERTEX
8
CUT
10
115.4300
20
43.2971
0
SEQEND
0
POLYLINE
8
CUT
66
1
70
1
10
0.0
20
0.0
30
0.0
0
VERTEX
8
CUT
10
112.1124
20
240.1086
0
VERTEX
8
CUT
10
111.6659
20
238.4137
0
VERTEX
8
CUT
10
111.5826
20
238.1599
0
VERTEX
8
CUT
10
111.5709
20
238.1213
0
VERTEX
8
CUT
10
111.5553
20
238.0661
0
VERTEX
8
CUT
10
111.5452
20
238.0270
0
VERTEX
8
CUT
10
111.3805
20
237.3299
0
VERTEX
8
CUT
10
111.2106
20
236.6850
0
VERTEX
8
CUT
10
111.1957
20
236.6192
0
VERTEX
8
CUT
10
111.1780
20
236.5249
0
VERTEX
8
CUT
10
111.1678
20
236.4582
0
VERTEX
8
CUT
10
111.1614
20
236.4032
0
VERTEX
8
CUT
10
111.0624
20
235.9842
0
VERTEX
8
CUT
10
111.0541
20
235.9453
0
VERTEX
8
CUT
10
111.0475
20
235.9114
0
VERTEX
8
CUT
10
111.0358
20
235.8327
0
VERTEX
8
CUT
10
111.0321
20
235.7984
0
VERTEX
8
CUT
10
111.0287
20
235.7587
0
VERTEX
8
CUT
10
110.9556
20
234.6260
0
VERTEX
8
CUT
10
110.7916
20
233.2097
0
VERTEX
8
CUT
10
110.7864
20
233.1463
0
VERTEX
8
CUT
10
110.7821
20
233.0562
0
VERTEX
8
CUT
10
110.7811
20
232.9927
0
VERTEX
8
CUT
10
110.8074
20
231.5759
0
VERTEX
8
CUT
10
110.8106
20
231.5138
0
VERTEX
8
CUT
10
110.8180
20
231.4258
0
VERTEX
8
CUT
10
110.8252
20
231.3640
0
VERTEX
8
CUT
10
111.2550
20
228.5121
0
VERTEX
8
CUT
10
111.2624
20
228.4695
0
VERTEX
8
CUT
10
111.2697
20
228.4327
0
VERTEX
8
CUT
10
111.2903
20
228.3488
0
VERTEX
8
CUT
10
111.3008
20
228.3129
0
VERTEX
8
CUT
10
111.3140
20
228.2717
0
VERTEX
8
CUT
10
111.8963
20
226.5801
0
VERTEX
8
CUT
10
111.9176
20
226.5242
0
VERTEX
8
CUT
10
111.9503
20
226.4457
0
VERTEX
8
CUT
10
111.9750
20
226.3912
0
VERTEX
8
CUT
10
112.8247
20
224.6658
0
VERTEX
8
CUT
10
112.8512
20
224.6158
0
VERTEX
8
CUT
10
112.8910
20
224.5459
0
VERTEX
8
CUT
10
112.9205
20
224.4975
0
VERTEX
8
CUT
10
114.0125
20
222.8192
0
VERTEX
8
CUT
10
114.0428
20
222.7755
0
VERTEX
8
CUT
10
114.0874
20
222.7147
0
VERTEX
8
CUT
10
114.1200
20
222.6727
0
VERTEX
8
CUT
10
115.3072
20
221.2308
0
VERTEX
8
CUT
10
115.3350
20
221.1985
0
VERTEX
8
CUT
10
115.3597
20
221.1710
0
VERTEX
8
CUT
10
115.4195
20
221.1104
0
VERTEX
8
CUT
10
115.4466
20
221.0853
0
VERTEX
8
CUT
10
115.4785
20
221.0571
0
VERTEX
8
CUT
10
116.1908
20
220.4539
0
VERTEX
8
CUT
10
116.2995
20
220.3404
0
VERTEX
8
CUT
10
116.3250
20
220.3148
0
VERTEX
8
CUT
10
116.3619
20
220.2791
0
VERTEX
8
CUT
10
116.3883
20
220.2544
0
VERTEX
8
CUT
10
118.2688
20
218.5684
0
VERTEX
8
CUT
10
118.2944
20
218.5462
0
VERTEX
8
CUT
10
118.3313
20
218.5154
0
VERTEX
8
CUT
10
118.3577
20
218.4942
0
VERTEX
8
CUT
10
120.1112
20
217.1342
0
VERTEX
8
CUT
10
121.6210
20
215.8557
0
VERTEX
8
CUT
10
121.6489
20
215.8330
0
VERTEX
8
CUT
10
121.6893
20
215.8013
0
VERTEX
8
CUT
10
121.7181
20
215.7796
0
VERTEX
8
CUT
10
123.8156
20
214.2611
0
VERTEX
8
CUT
10
124.4816
20
213.7446
0
VERTEX
8
CUT
10
124.5249
20
213.7129
0
VERTEX
8
CUT
10
124.5876
20
213.6697
0
VERTEX
8
CUT
10
124.6327
20
213.6405
0
VERTEX
8
CUT
10
124.8844
20
213.4873
0
VERTEX
8
CUT
10
125.0121
20
213.3948
0
VERTEX
8
CUT
10
125.0320
20
213.3809
0
VERTEX
8
CUT
10
125.0604
20
213.3614
0
VERTEX
8
CUT
10
125.0806
20
213.3479
0
VERTEX
8
CUT
10
125.6528
20
212.9766
0
VERTEX
8
CUT
10
125.6924
20
212.9523
0
VERTEX
8
CUT
10
125.7273
20
212.9320
0
VERTEX
8
CUT
10
125.8098
20
212.8893
0
VERTEX
8
CUT
10
125.8231
20
212.8832
0
VERTEX
8
CUT
10
125.9094
20
212.8488
0
VERTEX
8
CUT
10
125.9232
20
212.8440
0
VERTEX
8
CUT
10
126.0124
20
212.8182
0
VERTEX
8
CUT
10
126.0266
20
212.8148
0
VERTEX
8
CUT
10
126.1180
20
212.7978
0
VERTEX
8
CUT
10
126.1325
20
212.7958
0
VERTEX
8
CUT
10
126.2250
20
212.7878
0
VERTEX
8
CUT
10
126.2396
20
212.7873
0
VERTEX
8
CUT
10
126.3326
20
212.7884
0
VERTEX
8
CUT
10
126.3471
20
212.7893
0
VERTEX
8
CUT
10
126.4395
20
212.7995
0
VERTEX
8
CUT
10
126.4539
20
212.8018
0
VERTEX
8
CUT
10
126.5448
20
212.8209
0
VERTEX
8
CUT
10
126.5590
20
212.8246
0
VERTEX
8
CUT
10
126.6476
20
212.8526
0
VERTEX
8
CUT
10
126.6613
20
212.8577
0
VERTEX
8
CUT
10
126.7467
20
212.8941
0
VERTEX
8
CUT
10
126.7599
20
212.9005
0
VERTEX
8
CUT
10
126.8414
20
212.9452
0
VERTEX
8
CUT
10
126.8538
20
212.9528
0
VERTEX
8
CUT
10
126.9305
20
213.0052
0
VERTEX
8
CUT
10
126.9422
20
213.0141
0
VERTEX
8
CUT
10
127.0134
20
213.0737
0
VERTEX
8
CUT
10
127.0242
20
213.0836
0
VERTEX
8
CUT
10
127.0892
20
213.1500
0
VERTEX
8
CUT
10
127.0989
20
213.1609
0
VERTEX
8
CUT
10
127.1572
20
213.2333
0
VERTEX
8
CUT
10
127.1658
20
213.2451
0
VERTEX
8
CUT
10
127.2167
20
213.3228
0
VERTEX
8
CUT
10
127.2241
20
213.3354
0
VERTEX
8
CUT
10
127.2672
20
213.4177
0
VERTEX
8
CUT
10
127.2733
20
213.4310
0
VERTEX
8
CUT
10
127.3081
20
213.5171
0
VERTEX
8
CUT
10
127.3129
20
213.5309
0
VERTEX
8
CUT
10
127.3392
20
213.6201
0
VERTEX
8
CUT
10
127.3426
20
213.6343
0
VERTEX
8
CUT
10
127.3593
20
213.7216
0
VERTEX
8
CUT
10
127.3803
20
213.7986
0
VERTEX
8
CUT
10
127.3834
20
213.8125
0
VERTEX
8
CUT
10
127.3990
20
213.9022
0
VERTEX
8
CUT
10
127.4038
20
213.9414
0
VERTEX
8
CUT
10
127.4084
20
213.9867
0
VERTEX
8
CUT
10
127.4106
20
214.0168
0
VERTEX
8
CUT
10
127.4130
20
214.0631
0
VERTEX
8
CUT
10
127.4141
20
214.1034
0
VERTEX
8
CUT
10
127.4120
20
214.1961
0
VERTEX
8
CUT
10
127.4093
20
214.2345
0
VERTEX
8
CUT
10
127.4105
20
214.2484
0
VERTEX
8
CUT
10
127.4135
20
214.2920
0
VERTEX
8
CUT
10
127.4152
20
214.3299
0
VERTEX
8
CUT
10
127.4151
20
214.3713
0
VERTEX
8
CUT
10
127.4156
20
214.3802
0
VERTEX
8
CUT
10
127.4170
20
214.4170
0
VERTEX
8
CUT
10
127.4164
20
214.5020
0
VERTEX
8
CUT
10
127.4145
20
214.5388
0
VERTEX
8
CUT
10
127.4114
20
214.5812
0
VERTEX
8
CUT
10
127.1406
20
217.3766
0
VERTEX
8
CUT
10
127.1332
20
217.4346
0
VERTEX
8
CUT
10
127.1202
20
217.5165
0
VERTEX
8
CUT
10
127.1092
20
217.5739
0
VERTEX
8
CUT
10
126.4888
20
220.3528
0
VERTEX
8
CUT
10
126.4058
20
220.7292
0
VERTEX
8
CUT
10
126.3952
20
220.7725
0
VERTEX
8
CUT
10
126.3851
20
220.8098
0
VERTEX
8
CUT
10
126.3578
20
220.8947
0
VERTEX
8
CUT
10
126.3442
20
220.9309
0
VERTEX
8
CUT
10
126.3276
20
220.9723
0
VERTEX
8
CUT
10
126.0985
20
221.5069
0
VERTEX
8
CUT
10
125.9564
20
221.8916
0
VERTEX
8
CUT
10
125.9423
20
221.9275
0
VERTEX
8
CUT
10
125.9295
20
221.9583
0
VERTEX
8
CUT
10
125.8971
20
222.0281
0
VERTEX
8
CUT
10
125.8818
20
222.0578
0
VERTEX
8
CUT
10
125.8635
20
222.0917
0
VERTEX
8
CUT
10
125.7988
20
222.2058
0
VERTEX
8
CUT
10
125.1700
20
223.6727
0
VERTEX
8
CUT
10
125.1511
20
223.7139
0
VERTEX
8
CUT
10
125.1340
20
223.7491
0
VERTEX
8
CUT
10
125.0906
20
223.8285
0
VERTEX
8
CUT
10
125.0832
20
223.8406
0
VERTEX
8
CUT
10
125.0325
20
223.9154
0
VERTEX
8
CUT
10
125.0090
20
223.9468
0
VERTEX
8
CUT
10
124.9810
20
223.9824
0
VERTEX
8
CUT
10
120.6017
20
229.2804
0
VERTEX
8
CUT
10
120.4453
20
229.4961
0
VERTEX
8
CUT
10
119.0483
20
231.7057
0
VERTEX
8
CUT
10
119.0265
20
231.7442
0
VERTEX
8
CUT
10
118.9199
20
232.0444
0
VERTEX
8
CUT
10
118.8335
20
232.2876
0
VERTEX
8
CUT
10
118.7282
20
232.5840
0
VERTEX
8
CUT
10
118.6431
20
232.8239
0
VERTEX
8
CUT
10
118.3002
20
234.0438
0
VERTEX
8
CUT
10
118.2516
20
234.2601
0
VERTEX
8
CUT
10
118.2260
20
234.4803
0
VERTEX
8
CUT
10
118.2238
20
234.7020
0
VERTEX
8
CUT
10
118.2901
20
236.2480
0
VERTEX
8
CUT
10
118.3059
20
236.4306
0
VERTEX
8
CUT
10
118.3376
20
236.6110
0
VERTEX
8
CUT
10
118.3849
20
236.7880
0
VERTEX
8
CUT
10
118.4474
20
236.9602
0
VERTEX
8
CUT
10
118.6278
20
237.3966
0
VERTEX
8
CUT
10
118.8711
20
237.9351
0
VERTEX
8
CUT
10
118.9658
20
238.1197
0
VERTEX
8
CUT
10
119.0325
20
238.2231
0
VERTEX
8
CUT
10
119.2842
20
238.5357
0
VERTEX
8
CUT
10
119.3519
20
238.6055
0
VERTEX
8
CUT
10
119.5104
20
238.7394
0
VERTEX
8
CUT
10
120.3354
20
239.3692
0
VERTEX
8
CUT
10
120.6997
20
239.5365
0
VERTEX
8
CUT
10
120.8622
20
239.5813
0
VERTEX
8
CUT
10
121.7539
20
239.7819
0
VERTEX
8
CUT
10
122.8116
20
239.7862
0
VERTEX
8
CUT
10
123.0324
20
239.7755
0
VERTEX
8
CUT
10
123.2510
20
239.7415
0
VERTEX
8
CUT
10
123.4647
20
239.6848
0
VERTEX
8
CUT
10
123.6713
20
239.6060
0
VERTEX
8
CUT
10
124.5527
20
239.2151
0
VERTEX
8
CUT
10
125.2434
20
238.6855
0
VERTEX
8
CUT
10
126.0537
20
237.9468
0
VERTEX
8
CUT
10
126.1115
20
237.8680
0
VERTEX
8
CUT
10
127.1828
20
236.2191
0
VERTEX
8
CUT
10
127.2891
20
236.0360
0
VERTEX
8
CUT
10
127.3763
20
235.8432
0
VERTEX
8
CUT
10
129.5738
20
230.2526
0
VERTEX
8
CUT
10
129.6297
20
230.1042
0
VERTEX
8
CUT
10
129.6444
20
230.0674
0
VERTEX
8
CUT
10
129.6579
20
230.0357
0
VERTEX
8
CUT
10
129.6647
20
230.0213
0
VERTEX
8
CUT
10
129.8112
20
229.6486
0
VERTEX
8
CUT
10
129.8316
20
229.6006
0
VERTEX
8
CUT
10
129.8505
20
229.5595
0
VERTEX
8
CUT
10
129.8990
20
229.4673
0
VERTEX
8
CUT
10
129.9074
20
229.4532
0
VERTEX
8
CUT
10
129.9657
20
229.3669
0
VERTEX
8
CUT
10
129.9756
20
229.3538
0
VERTEX
8
CUT
10
129.9764
20
229.3529
0
VERTEX
8
CUT
10
129.9938
20
229.3241
0
VERTEX
8
CUT
10
130.0014
20
229.3127
0
VERTEX
8
CUT
10
130.0529
20
229.2425
0
VERTEX
8
CUT
10
130.0616
20
229.2318
0
VERTEX
8
CUT
10
130.1194
20
229.1667
0
VERTEX
8
CUT
10
130.1457
20
229.1396
0
VERTEX
8
CUT
10
130.1673
20
229.1184
0
VERTEX
8
CUT
10
130.1919
20
229.0964
0
VERTEX
8
CUT
10
130.2221
20
229.0707
0
VERTEX
8
CUT
10
130.2944
20
229.0149
0
VERTEX
8
CUT
10
130.3062
20
229.0067
0
VERTEX
8
CUT
10
130.3836
20
228.9581
0
VERTEX
8
CUT
10
130.3961
20
228.9510
0
VERTEX
8
CUT
10
130.4777
20
228.9101
0
VERTEX
8
CUT
10
130.4909
20
228.9043
0
VERTEX
8
CUT
10
130.5761
20
228.8714
0
VERTEX
8
CUT
10
130.5897
20
228.8669
0
VERTEX
8
CUT
10
130.6104
20
228.8611
0
VERTEX
8
CUT
10
130.6452
20
228.8481
0
VERTEX
8
CUT
10
130.6594
20
228.8436
0
VERTEX
8
CUT
10
130.7512
20
228.8195
0
VERTEX
8
CUT
10
130.7658
20
228.8164
0
VERTEX
8
CUT
10
130.8595
20
228.8015
0
VERTEX
8
CUT
10
130.8743
20
228.8000
0
VERTEX
8
CUT
10
130.9690
20
228.7945
0
VERTEX
8
CUT
10
130.9839
20
228.7944
0
VERTEX
8
CUT
10
131.0787
20
228.7985
0
VERTEX
8
CUT
10
131.0936
20
228.7999
0
VERTEX
8
CUT
10
131.1875
20
228.8134
0
VERTEX
8
CUT
10
131.2022
20
228.8162
0
VERTEX
8
CUT
10
131.2943
20
228.8390
0
VERTEX
8
CUT
10
131.3085
20
228.8433
0
VERTEX
8
CUT
10
131.3979
20
228.8752
0
VERTEX
8
CUT
10
131.4117
20
228.8809
0
VERTEX
8
CUT
10
131.4974
20
228.9216
0
VERTEX
8
CUT
10
131.5106
20
228.9286
0
VERTEX
8
CUT
10
131.5918
20
228.9776
0
VERTEX
8
CUT
10
131.6042
20
228.9860
0
VERTEX
8
CUT
10
131.6801
20
229.0428
0
VERTEX
8
CUT
10
131.7118
20
229.0691
0
VERTEX
8
CUT
10
131.7476
20
229.1003
0
VERTEX
8
CUT
10
131.8220
20
229.1686
0
VERTEX
8
CUT
10
131.8604
20
229.2059
0
VERTEX
8
CUT
10
131.8927
20
229.2391
0
VERTEX
8
CUT
10
131.9628
20
229.3198
0
VERTEX
8
CUT
10
131.9731
20
229.3331
0
VERTEX
8
CUT
10
132.0337
20
229.4212
0
VERTEX
8
CUT
10
132.0578
20
229.4608
0
VERTEX
8
CUT
10
132.0843
20
229.5073
0
VERTEX
8
CUT
10
132.2947
20
229.9016
0
VERTEX
8
CUT
10
132.4715
20
230.1915
0
VERTEX
8
CUT
10
132.4934
20
230.2294
0
VERTEX
8
CUT
10
132.5117
20
230.2626
0
VERTEX
8
CUT
10
132.5501
20
230.3411
0
VERTEX
8
CUT
10
132.5652
20
230.3759
0
VERTEX
8
CUT
10
132.5817
20
230.4164
0
VERTEX
8
CUT
10
132.6124
20
230.4970
0
VERTEX
8
CUT
10
132.9745
20
231.1756
0
VERTEX
8
CUT
10
132.9933
20
231.2128
0
VERTEX
8
CUT
10
133.0089
20
231.2455
0
VERTEX
8
CUT
10
133.0415
20
231.3221
0
VERTEX
8
CUT
10
133.0542
20
231.3560
0
VERTEX
8
CUT
10
133.0680
20
231.3954
0
VERTEX
8
CUT
10
133.7404
20
233.4623
0
VERTEX
8
CUT
10
134.1274
20
234.4794
0
VERTEX
8
CUT
10
134.1412
20
234.5181
0
VERTEX
8
CUT
10
134.1524
20
234.5520
0
VERTEX
8
CUT
10
134.1749
20
234.6310
0
VERTEX
8
CUT
10
134.1831
20
234.6657
0
VERTEX
8
CUT
10
134.1918
20
234.7059
0
VERTEX
8
CUT
10
134.2596
20
235.0580
0
VERTEX
8
CUT
10
134.4358
20
235.5994
0
VERTEX
8
CUT
10
134.4488
20
235.6430
0
VERTEX
8
CUT
10
134.4592
20
235.6811
0
VERTEX
8
CUT
10
134.4789
20
235.7698
0
VERTEX
8
CUT
10
134.4856
20
235.8087
0
VERTEX
8
CUT
10
134.4923
20
235.8537
0
VERTEX
8
CUT
10
134.5609
20
236.4088
0
VERTEX
8
CUT
10
134.5770
20
236.4904
0
VERTEX
8
CUT
10
134.5833
20
236.5254
0
VERTEX
8
CUT
10
134.5882
20
236.5559
0
VERTEX
8
CUT
10
134.5967
20
236.6265
0
VERTEX
8
CUT
10
134.5993
20
236.6573
0
VERTEX
8
CUT
10
134.6016
20
236.6928
0
VERTEX
8
CUT
10
134.6050
20
236.7658
0
VERTEX
8
CUT
10
134.6346
20
237.0061
0
VERTEX
8
CUT
10
134.6375
20
237.0227
0
VERTEX
8
CUT
10
134.6423
20
237.0540
0
VERTEX
8
CUT
10
134.6506
20
237.1265
0
VERTEX
8
CUT
10
134.6522
20
237.1483
0
VERTEX
8
CUT
10
134.7759
20
238.1493
0
VERTEX
8
CUT
10
134.7812
20
238.2063
0
VERTEX
8
CUT
10
134.7843
20
238.2558
0
VERTEX
8
CUT
10
134.7845
20
238.3701
0
VERTEX
8
CUT
10
134.7817
20
238.4196
0
VERTEX
8
CUT
10
134.7766
20
238.4766
0
VERTEX
8
CUT
10
134.7196
20
238.9575
0
VERTEX
8
CUT
10
134.7318
20
239.2901
0
VERTEX
8
CUT
10
134.7323
20
239.3369
0
VERTEX
8
CUT
10
134.7318
20
239.3775
0
VERTEX
8
CUT
10
134.7260
20
239.4709
0
VERTEX
8
CUT
10
134.7215
20
239.5112
0
VERTEX
8
CUT
10
134.7152
20
239.5576
0
VERTEX
8
CUT
10
134.4648
20
241.1041
0
VERTEX
8
CUT
10
134.3793
20
241.8248
0
VERTEX
8
CUT
10
134.3719
20
241.8754
0
VERTEX
8
CUT
10
134.3643
20
241.9190
0
VERTEX
8
CUT
10
134.3415
20
242.0185
0
VERTEX
8
CUT
10
134.3293
20
242.0611
0
VERTEX
8
CUT
10
134.3139
20
242.1098
0
VERTEX
8
CUT
10
133.7764
20
243.6624
0
VERTEX
8
CUT
10
133.7596
20
243.7073
0
VERTEX
8
CUT
10
133.7440
20
243.7458
0
VERTEX
8
CUT
10
133.7038
20
243.8326
0
VERTEX
8
CUT
10
133.6844
20
243.8694
0
VERTEX
8
CUT
10
133.6611
20
243.9112
0
VERTEX
8
CUT
10
132.7724
20
245.4108
0
VERTEX
8
CUT
10
132.7490
20
245.4483
0
VERTEX
8
CUT
10
132.7280
20
245.4803
0
VERTEX
8
CUT
10
132.6761
20
245.5517
0
VERTEX
8
CUT
10
132.6522
20
245.5817
0
VERTEX
8
CUT
10
132.6238
20
245.6155
0
VERTEX
8
CUT
10
132.3106
20
245.9719
0
VERTEX
8
CUT
10
132.2943
20
245.9948
0
VERTEX
8
CUT
10
132.2753
20
246.0194
0
VERTEX
8
CUT
10
132.2529
20
246.0474
0
VERTEX
8
CUT
10
130.6832
20
247.9323
0
VERTEX
8
CUT
10
130.6456
20
247.9748
0
VERTEX
8
CUT
10
130.5905
20
248.0335
0
VERTEX
8
CUT
10
130.5505
20
248.0736
0
VERTEX
8
CUT
10
130.0388
20
248.5570
0
VERTEX
8
CUT
10
129.8273
20
248.7977
0
VERTEX
8
CUT
10
129.8100
20
248.8169
0
VERTEX
8
CUT
10
129.7850
20
248.8438
0
VERTEX
8
CUT
10
129.7672
20
248.8625
0
VERTEX
8
CUT
10
125.5202
20
253.1953
0
VERTEX
8
CUT
10
125.3530
20
253.3879
0
VERTEX
8
CUT
10
123.7111
20
255.5305
0
VERTEX
8
CUT
10
123.5963
20
255.6962
0
VERTEX
8
CUT
10
123.5728
20
255.7382
0
VERTEX
8
CUT
10
123.1553
20
256.5668
0
VERTEX
8
CUT
10
123.0572
20
256.7615
0
VERTEX
8
CUT
10
122.9747
20
256.9252
0
VERTEX
8
CUT
10
122.9025
20
257.0684
0
VERTEX
8
CUT
10
122.6805
20
257.5145
0
VERTEX
8
CUT
10
122.6180
20
257.6553
0
VERTEX
8
CUT
10
122.5535
20
257.8496
0
VERTEX
8
CUT
10
122.3528
20
258.5698
0
VERTEX
8
CUT
10
121.7969
20
261.3437
0
VERTEX
8
CUT
10
121.7865
20
261.3895
0
VERTEX
8
CUT
10
121.7766
20
261.4289
0
VERTEX
8
CUT
10
121.7491
20
261.5186
0
VERTEX
8
CUT
10
121.7441
20
261.5325
0
VERTEX
8
CUT
10
121.7080
20
261.6190
0
VERTEX
8
CUT
10
121.7017
20
261.6324
0
VERTEX
8
CUT
10
121.6572
20
261.7149
0
VERTEX
8
CUT
10
121.6495
20
261.7275
0
VERTEX
8
CUT
10
121.5971
20
261.8053
0
VERTEX
8
CUT
10
121.5883
20
261.8171
0
VERTEX
8
CUT
10
121.5284
20
261.8893
0
VERTEX
8
CUT
10
121.5185
20
261.9002
0
VERTEX
8
CUT
10
121.4518
20
261.9662
0
VERTEX
8
CUT
10
121.4408
20
261.9760
0
VERTEX
8
CUT
10
121.3680
20
262.0351
0
VERTEX
8
CUT
10
121.3561
20
262.0438
0
VERTEX
8
CUT
10
121.2778
20
262.0954
0
VERTEX
8
CUT
10
121.2650
20
262.1029
0
VERTEX
8
CUT
10
121.1820
20
262.1465
0
VERTEX
8
CUT
10
121.1686
20
262.1527
0
VERTEX
8
CUT
10
121.0817
20
262.1879
0
VERTEX
8
CUT
10
121.0678
20
262.1927
0
VERTEX
8
CUT
10
120.9778
20
262.2192
0
VERTEX
8
CUT
10
120.9635
20
262.2227
0
VERTEX
8
CUT
10
120.8713
20
262.2401
0
VERTEX
8
CUT
10
120.8567
20
262.2421
0
VERTEX
8
CUT
10
120.7633
20
262.2504
0
VERTEX
8
CUT
10
120.7485
20
262.2510
0
VERTEX
8
CUT
10
120.6548
20
262.2500
0
VERTEX
8
CUT
10
120.6400
20
262.2491
0
VERTEX
8
CUT
10
120.5468
20
262.2389
0
VERTEX
8
CUT
10
120.5066
20
262.2324
0
VERTEX
8
CUT
10
120.4605
20
262.2239
0
VERTEX
8
CUT
10
119.3497
20
261.9892
0
VERTEX
8
CUT
10
119.3143
20
261.9810
0
VERTEX
8
CUT
10
119.2642
20
261.9684
0
VERTEX
8
CUT
10
119.2292
20
261.9589
0
VERTEX
8
CUT
10
114.6143
20
260.6084
0
VERTEX
8
CUT
10
114.5631
20
260.5918
0
VERTEX
8
CUT
10
114.4910
20
260.5662
0
VERTEX
8
CUT
10
114.4408
20
260.5467
0
VERTEX
8
CUT
10
113.6776
20
260.2258
0
VERTEX
8
CUT
10
113.6362
20
260.2072
0
VERTEX
8
CUT
10
113.6007
20
260.1902
0
VERTEX
8
CUT
10
113.5209
20
260.1473
0
VERTEX
8
CUT
10
113.5087
20
260.1399
0
VERTEX
8
CUT
10
113.4333
20
260.0895
0
VERTEX
8
CUT
10
113.4218
20
260.0811
0
VERTEX
8
CUT
10
113.3516
20
260.0237
0
VERTEX
8
CUT
10
113.3410
20
260.0142
0
VERTEX
8
CUT
10
113.2766
20
259.9504
0
VERTEX
8
CUT
10
113.2669
20
259.9399
0
VERTEX
8
CUT
10
113.2089
20
259.8703
0
VERTEX
8
CUT
10
113.2003
20
259.8589
0
VERTEX
8
CUT
10
113.1491
20
259.7841
0
VERTEX
8
CUT
10
113.1416
20
259.7719
0
VERTEX
8
CUT
10
113.0978
20
259.6926
0
VERTEX
8
CUT
10
113.0916
20
259.6797
0
VERTEX
8
CUT
10
113.0555
20
259.5966
0
VERTEX
8
CUT
10
113.0505
20
259.5832
0
VERTEX
8
CUT
10
113.0226
20
259.4970
0
VERTEX
8
CUT
10
113.0189
20
259.4832
0
VERTEX
8
CUT
10
112.9993
20
259.3947
0
VERTEX
8
CUT
10
112.9969
20
259.3806
0
VERTEX
8
CUT
10
112.9859
20
259.2906
0
VERTEX
8
CUT
10
112.9848
20
259.2764
0
VERTEX
8
CUT
10
112.9824
20
259.1858
0
VERTEX
8
CUT
10
112.9827
20
259.1715
0
VERTEX
8
CUT
10
112.9890
20
259.0811
0
VERTEX
8
CUT
10
112.9906
20
259.0669
0
VERTEX
8
CUT
10
113.0055
20
258.9775
0
VERTEX
8
CUT
10
113.0085
20
258.9636
0
VERTEX
8
CUT
10
113.0318
20
258.8760
0
VERTEX
8
CUT
10
113.0361
20
258.8624
0
VERTEX
8
CUT
10
113.0677
20
258.7774
0
VERTEX
8
CUT
10
113.0831
20
258.7412
0
VERTEX
8
CUT
10
113.1019
20
258.6999
0
VERTEX
8
CUT
10
113.5529
20
257.7691
0
VERTEX
8
CUT
10
113.9354
20
256.9086
0
VERTEX
8
CUT
10
114.2477
20
256.1086
0
VERTEX
8
CUT
10
114.5702
20
255.0474
0
VERTEX
8
CUT
10
114.6304
20
254.7935
0
VERTEX
8
CUT
10
114.9084
20
253.1811
0
VERTEX
8
CUT
10
114.9380
20
252.8842
0
VERTEX
8
CUT
10
114.9857
20
251.2113
0
VERTEX
8
CUT
10
114.9834
20
251.0367
0
VERTEX
8
CUT
10
114.9666
20
250.8629
0
VERTEX
8
CUT
10
114.4147
20
246.8853
0
VERTEX
8
CUT
10
114.3595
20
246.6220
0
VERTEX
8
CUT
10
112.9908
20
242.4509
0
VERTEX
8
CUT
10
112.1643
20
240.2706
0
VERTEX
8
CUT
10
112.1479
20
240.2237
0
VERTEX
8
CUT
10
112.1263
20
240.1564
0
SEQEND
0
POLYLINE
8
CUT
66
1
70
1
10
0.0
20
0.0
30
0.0
0
VERTEX
8
CUT
10
91.9852
20
87.5222
0
VERTEX
8
CUT
10
91.8967
20
87.4932
0
VERTEX
8
CUT
10
91.8830
20
87.4879
0
VERTEX
8
CUT
10
91.7979
20
87.4504
0
VERTEX
8
CUT
10
91.7848
20
87.4439
0
VERTEX
8
CUT
10
91.7037
20
87.3982
0
VERTEX
8
CUT
10
91.6913
20
87.3904
0
VERTEX
8
CUT
10
91.6150
20
87.3369
0
VERTEX
8
CUT
10
91.6035
20
87.3280
0
VERTEX
8
CUT
10
91.5328
20
87.2673
0
VERTEX
8
CUT
10
91.5222
20
87.2573
0
VERTEX
8
CUT
10
91.4578
20
87.1900
0
VERTEX
8
CUT
10
91.4482
20
87.1789
0
VERTEX
8
CUT
10
91.3908
20
87.1057
0
VERTEX
8
CUT
10
91.3823
20
87.0938
0
VERTEX
8
CUT
10
91.3323
20
87.0153
0
VERTEX
8
CUT
10
91.3250
20
87.0025
0
VERTEX
8
CUT
10
91.2829
20
86.9195
0
VERTEX
8
CUT
10
91.2770
20
86.9061
0
VERTEX
8
CUT
10
91.2432
20
86.8194
0
VERTEX
8
CUT
10
91.2386
20
86.8055
0
VERTEX
8
CUT
10
91.2135
20
86.7158
0
VERTEX
8
CUT
10
91.2102
20
86.7016
0
VERTEX
8
CUT
10
91.1940
20
86.6099
0
VERTEX
8
CUT
10
91.1922
20
86.5954
0
VERTEX
8
CUT
10
91.1850
20
86.5025
0
VERTEX
8
CUT
10
91.1846
20
86.4879
0
VERTEX
8
CUT
10
91.1866
20
86.3948
0
VERTEX
8
CUT
10
91.1876
20
86.3802
0
VERTEX
8
CUT
10
91.1987
20
86.2878
0
VERTEX
8
CUT
10
91.2012
20
86.2734
0
VERTEX
8
CUT
10
91.2213
20
86.1825
0
VERTEX
8
CUT
10
91.2251
20
86.1683
0
VERTEX
8
CUT
10
91.2540
20
86.0799
0
VERTEX
8
CUT
10
91.2592
20
86.0662
0
VERTEX
8
CUT
10
91.2967
20
85.9809
0
VERTEX
8
CUT
10
91.3032
20
85.9678
0
VERTEX
8
CUT
10
91.3488
20
85.8867
0
VERTEX
8
CUT
10
91.3566
20
85.8743
0
VERTEX
8
CUT
10
91.4099
20
85.7980
0
VERTEX
8
CUT
10
91.4189
20
85.7864
0
VERTEX
8
CUT
10
91.4794
20
85.7157
0
VERTEX
8
CUT
10
91.4895
20
85.7050
0
VERTEX
8
CUT
10
91.5566
20
85.6406
0
VERTEX
8
CUT
10
91.5677
20
85.6309
0
VERTEX
8
CUT
10
91.6408
20
85.5734
0
VERTEX
8
CUT
10
91.6528
20
85.5649
0
VERTEX
8
CUT
10
91.7312
20
85.5148
0
VERTEX
8
CUT
10
91.7439
20
85.5075
0
VERTEX
8
CUT
10
91.8269
20
85.4653
0
VERTEX
8
CUT
10
91.8403
20
85.4593
0
VERTEX
8
CUT
10
91.9270
20
85.4254
0
VERTEX
8
CUT
10
91.9409
20
85.4208
0
VERTEX
8
CUT
10
92.0305
20
85.3956
0
VERTEX
8
CUT
10
92.0447
20
85.3923
0
VERTEX
8
CUT
10
92.1364
20
85.3760
0
VERTEX
8
CUT
10
92.1509
20
85.3741
0
VERTEX
8
CUT
10
92.2437
20
85.3669
0
VERTEX
8
CUT
10
92.2841
20
85.3657
0
VERTEX
8
CUT
10
92.3307
20
85.3655
0
VERTEX
8
CUT
10
95.7055
20
85.4329
0
VERTEX
8
CUT
10
95.9584
20
85.4227
0
VERTEX
8
CUT
10
104.7487
20
84.5354
0
VERTEX
8
CUT
10
104.7911
20
84.5321
0
VERTEX
8
CUT
10
104.8514
20
84.5287
0
VERTEX
8
CUT
10
104.8939
20
84.5273
0
VERTEX
8
CUT
10
109.8872
20
84.4720
0
VERTEX
8
CUT
10
109.9230
20
84.4723
0
VERTEX
8
CUT
10
109.9541
20
84.4732
0
VERTEX
8
CUT
10
110.0256
20
84.4778
0
VERTEX
8
CUT
10
110.0565
20
84.4809
0
VERTEX
8
CUT
10
110.0921
20
84.4853
0
VERTEX
8
CUT
10
112.4569
20
84.8181
0
VERTEX
8
CUT
10
113.2312
20
84.9158
0
VERTEX
8
CUT
10
113.2947
20
84.9261
0
VERTEX
8
CUT
10
113.3844
20
84.9436
0
VERTEX
8
CUT
10
113.4397
20
84.9564
0
VERTEX
8
CUT
10
114.0101
20
85.0367
0
VERTEX
8
CUT
10
114.0511
20
85.0434
0
VERTEX
8
CUT
10
114.0866
20
85.0500
0
VERTEX
8
CUT
10
114.1674
20
85.0687
0
VERTEX
8
CUT
10
114.2022
20
85.0783
0
VERTEX
8
CUT
10
114.2419
20
85.0903
0
VERTEX
8
CUT
10
115.6184
20
85.5385
0
VERTEX
8
CUT
10
115.6206
20
85.5390
0
VERTEX
8
CUT
10
115.6704
20
85.5538
0
VERTEX
8
CUT
10
115.7405
20
85.5767
0
VERTEX
8
CUT
10
115.7870
20
85.5933
0
VERTEX
8
CUT
10
116.4755
20
85.8175
0
VERTEX
8
CUT
10
116.5280
20
85.8363
0
VERTEX
8
CUT
10
116.6017
20
85.8652
0
VERTEX
8
CUT
10
116.6529
20
85.8870
0
VERTEX
8
CUT
10
117.2394
20
86.1575
0
VERTEX
8
CUT
10
117.8409
20
86.3912
0
VERTEX
8
CUT
10
117.8907
20
86.4122
0
VERTEX
8
CUT
10
117.9607
20
86.4441
0
VERTEX
8
CUT
10
118.0093
20
86.4679
0
VERTEX
8
CUT
10
118.6944
20
86.8286
0
VERTEX
8
CUT
10
118.7983
20
86.8765
0
VERTEX
8
CUT
10
118.8445
20
86.8993
0
VERTEX
8
CUT
10
118.9092
20
86.9336
0
VERTEX
8
CUT
10
118.9541
20
86.9589
0
VERTEX
8
CUT
10
119.0407
20
87.0109
0
VERTEX
8
CUT
10
119.9189
20
87.4731
0
VERTEX
8
CUT
10
119.9674
20
87.5005
0
VERTEX
8
CUT
10
120.0350
20
87.5414
0
VERTEX
8
CUT
10
120.0818
20
87.5715
0
VERTEX
8
CUT
10
120.8266
20
88.0830
0
VERTEX
8
CUT
10
120.9957
20
88.1845
0
VERTEX
8
CUT
10
121.0442
20
88.2157
0
VERTEX
8
CUT
10
121.1116
20
88.2620
0
VERTEX
8
CUT
10
121.1582
20
88.2960
0
VERTEX
8
CUT
10
121.3169
20
88.4197
0
VERTEX
8
CUT
10
121.8881
20
88.8120
0
VERTEX
8
CUT
10
121.9355
20
88.8468
0
VERTEX
8
CUT
10
122.0013
20
88.8982
0
VERTEX
8
CUT
10
122.0465
20
88.9359
0
VERTEX
8
CUT
10
122.5337
20
89.3681
0
VERTEX
8
CUT
10
122.9317
20
89.6783
0
VERTEX
8
CUT
10
122.9734
20
89.7128
0
VERTEX
8
CUT
10
123.0313
20
89.7634
0
VERTEX
8
CUT
10
123.0710
20
89.8002
0
VERTEX
8
CUT
10
123.5422
20
90.2628
0
VERTEX
8
CUT
10
123.6565
20
90.3642
0
VERTEX
8
CUT
10
123.6958
20
90.4011
0
VERTEX
8
CUT
10
123.7500
20
90.4549
0
VERTEX
8
CUT
10
123.7871
20
90.4939
0
VERTEX
8
CUT
10
123.8567
20
90.5715
0
VERTEX
8
CUT
10
124.6991
20
91.3984
0
VERTEX
8
CUT
10
124.7371
20
91.4378
0
VERTEX
8
CUT
10
124.7893
20
91.4954
0
VERTEX
8
CUT
10
124.8249
20
91.5370
0
VERTEX
8
CUT
10
126.2547
20
93.3071
0
VERTEX
8
CUT
10
126.2923
20
93.3570
0
VERTEX
8
CUT
10
126.3434
20
93.4296
0
VERTEX
8
CUT
10
126.3777
20
93.4819
0
VERTEX
8
CUT
10
127.5719
20
95.4397
0
VERTEX
8
CUT
10
127.6001
20
95.4891
0
VERTEX
8
CUT
10
127.6379
20
95.5605
0
VERTEX
8
CUT
10
127.6631
20
95.6115
0
VERTEX
8
CUT
10
128.6340
20
97.7402
0
VERTEX
8
CUT
10
128.6586
20
97.7993
0
VERTEX
8
CUT
10
128.6907
20
97.8844
0
VERTEX
8
CUT
10
128.7112
20
97.9450
0
VERTEX
8
CUT
10
129.7279
20
101.3140
0
VERTEX
8
CUT
10
129.7392
20
101.3545
0
VERTEX
8
CUT
10
129.7482
20
101.3899
0
VERTEX
8
CUT
10
129.7653
20
101.4722
0
VERTEX
8
CUT
10
129.7711
20
101.5083
0
VERTEX
8
CUT
10
129.7769
20
101.5500
0
VERTEX
8
CUT
10
129.9174
20
102.7575
0
VERTEX
8
CUT
10
129.9214
20
102.7993
0
VERTEX
8
CUT
10
129.9240
20
102.8356
0
VERTEX
8
CUT
10
129.9263
20
102.9194
0
VERTEX
8
CUT
10
129.9261
20
102.9326
0
VERTEX
8
CUT
10
129.9210
20
103.0163
0
VERTEX
8
CUT
10
129.9172
20
103.0525
0
VERTEX
8
CUT
10
129.9119
20
103.0941
0
VERTEX
8
CUT
10
129.6836
20
104.6134
0
VERTEX
8
CUT
10
129.6748
20
104.6634
0
VERTEX
8
CUT
10
129.6659
20
104.7065
0
VERTEX
8
CUT
10
129.6402
20
104.8046
0
VERTEX
8
CUT
10
129.6354
20
104.8197
0
VERTEX
8
CUT
10
129.5994
20
104.9145
0
VERTEX
8
CUT
10
129.5929
20
104.9291
0
VERTEX
8
CUT
10
129.5471
20
105.0195
0
VERTEX
8
CUT
10
129.5391
20
105.0333
0
VERTEX
8
CUT
10
129.4838
20
105.1183
0
VERTEX
8
CUT
10
129.4579
20
105.1539
0
VERTEX
8
CUT
10
129.4269
20
105.1941
0
VERTEX
8
CUT
10
129.3900
20
105.2394
0
VERTEX
8
CUT
10
129.3622
20
105.2721
0
VERTEX
8
CUT
10
129.3374
20
105.2999
0
VERTEX
8
CUT
10
129.2774
20
105.3612
0
VERTEX
8
CUT
10
129.2675
20
105.3704
0
VERTEX
8
CUT
10
129.2023
20
105.4261
0
VERTEX
8
CUT
10
129.1916
20
105.4344
0
VERTEX
8
CUT
10
129.1216
20
105.4840
0
VERTEX
8
CUT
10
129.1103
20
105.4913
0
VERTEX
8
CUT
10
129.0361
20
105.5344
0
VERTEX
8
CUT
10
129.0030
20
105.5516
0
VERTEX
8
CUT
10
128.9645
20
105.5706
0
VERTEX
8
CUT
10
128.9352
20
105.5842
0
VERTEX
8
CUT
10
128.8918
20
105.6031
0
VERTEX
8
CUT
10
128.8538
20
105.6185
0
VERTEX
8
CUT
10
128.7646
20
105.6497
0
VERTEX
8
CUT
10
128.7503
20
105.6539
0
VERTEX
8
CUT
10
128.6584
20
105.6760
0
VERTEX
8
CUT
10
128.6437
20
105.6788
0
VERTEX
8
CUT
10
128.5501
20
105.6916
0
VERTEX
8
CUT
10
128.5353
20
105.6929
0
VERTEX
8
CUT
10
128.4408
20
105.6964
0
VERTEX
8
CUT
10
128.3998
20
105.6959
0
VERTEX
8
CUT
10
128.3525
20
105.6941
0
VERTEX
8
CUT
10
127.8210
20
105.6607
0
VERTEX
8
CUT
10
127.7724
20
105.6564
0
VERTEX
8
CUT
10
127.7304
20
105.6516
0
VERTEX
8
CUT
10
127.6344
20
105.6356
0
VERTEX
8
CUT
10
127.6194
20
105.6323
0
VERTEX
8
CUT
10
127.5255
20
105.6065
0
VERTEX
8
CUT
10
127.5110
20
105.6017
0
VERTEX
8
CUT
10
127.4202
20
105.5664
0
VERTEX
8
CUT
10
127.3816
20
105.5491
0
VERTEX
8
CUT
10
127.3377
20
105.5280
0
VERTEX
8
CUT
10
119.3448
20
101.4355
0
VERTEX
8
CUT
10
119.2553
20
101.3924
0
VERTEX
8
CUT
10
116.1851
20
99.9995
0
VERTEX
8
CUT
10
116.0332
20
99.9377
0
VERTEX
8
CUT
10
113.1782
20
98.9027
0
VERTEX
8
CUT
10
113.0213
20
98.8527
0
VERTEX
8
CUT
10
106.2240
20
96.9763
0
VERTEX
8
CUT
10
106.1705
20
96.9598
0
VERTEX
8
CUT
10
106.0954
20
96.9343
0
VERTEX
8
CUT
10
106.0430
20
96.9147
0
VERTEX
8
CUT
10
102.5905
20
95.5073
0
VERTEX
8
CUT
10
102.5417
20
95.4858
0
VERTEX
8
CUT
10
102.4731
20
95.4532
0
VERTEX
8
CUT
10
102.4255
20
95.4290
0
VERTEX
8
CUT
10
99.4058
20
93.7809
0
VERTEX
8
CUT
10
99.3695
20
93.7601
0
VERTEX
8
CUT
10
99.3384
20
93.7413
0
VERTEX
8
CUT
10
99.2689
20
93.6949
0
VERTEX
8
CUT
10
99.2396
20
93.6735
0
VERTEX
8
CUT
10
99.2064
20
93.6481
0
VERTEX
8
CUT
10
98.3579
20
92.9679
0
VERTEX
8
CUT
10
97.6009
20
92.4467
0
VERTEX
8
CUT
10
97.5631
20
92.4193
0
VERTEX
8
CUT
10
97.5310
20
92.3948
0
VERTEX
8
CUT
10
97.4598
20
92.3347
0
VERTEX
8
CUT
10
97.4302
20
92.3071
0
VERTEX
8
CUT
10
97.3969
20
92.2745
0
VERTEX
8
CUT
10
97.0577
20
91.9257
0
VERTEX
8
CUT
10
96.3854
20
91.3868
0
VERTEX
8
CUT
10
96.3484
20
91.3555
0
VERTEX
8
CUT
10
96.3170
20
91.3276
0
VERTEX
8
CUT
10
96.2480
20
91.2597
0
VERTEX
8
CUT
10
96.2196
20
91.2287
0
VERTEX
8
CUT
10
96.1878
20
91.1922
0
VERTEX
8
CUT
10
95.3699
20
90.2034
0
VERTEX
8
CUT
10
95.3402
20
90.1656
0
VERTEX
8
CUT
10
95.3153
20
90.1322
0
VERTEX
8
CUT
10
95.2619
20
90.0524
0
VERTEX
8
CUT
10
95.2542
20
90.0395
0
VERTEX
8
CUT
10
95.2091
20
89.9548
0
VERTEX
8
CUT
10
95.2027
20
89.9411
0
VERTEX
8
CUT
10
95.1664
20
89.8522
0
VERTEX
8
CUT
10
95.1614
20
89.8380
0
VERTEX
8
CUT
10
95.1343
20
89.7459
0
VERTEX
8
CUT
10
95.1246
20
89.7054
0
VERTEX
8
CUT
10
95.1145
20
89.6585
0
VERTEX
8
CUT
10
95.0638
20
89.3881
0
VERTEX
8
CUT
10
95.0165
20
89.1894
0
VERTEX
8
CUT
10
94.9500
20
88.9963
0
VERTEX
8
CUT
10
94.8652
20
88.8106
0
VERTEX
8
CUT
10
94.7627
20
88.6339
0
VERTEX
8
CUT
10
94.6435
20
88.4681
0
VERTEX
8
CUT
10
94.5088
20
88.3146
0
VERTEX
8
CUT
10
94.3598
20
88.1750
0
VERTEX
8
CUT
10
94.1979
20
88.0505
0
VERTEX
8
CUT
10
94.0247
20
87.9422
0
VERTEX
8
CUT
10
93.8418
20
87.8514
0
VERTEX
8
CUT
10
93.6510
20
87.7787
0
VERTEX
8
CUT
10
93.4540
20
87.7249
0
VERTEX
8
CUT
10
93.2527
20
87.6904
0
VERTEX
8
CUT
10
92.1761
20
87.5598
0
VERTEX
8
CUT
10
92.1300
20
87.5531
0
VERTEX
8
CUT
10
92.0902
20
87.5463
0
VERTEX
8
CUT
10
91.9993
20
87.5261
0
SEQEND
0
POLYLINE
8
CUT
66
1
70
1
10
0.0
20
0.0
30
0.0
0
VERTEX
8
CUT
10
113.9486
20
30.3411
0
VERTEX
8
CUT
10
113.9087
20
30.2565
0
VERTEX
8
CUT
10
113.9031
20
30.2429
0
VERTEX
8
CUT
10
113.8717
20
30.1548
0
VERTEX
8
CUT
10
113.8675
20
30.1407
0
VERTEX
8
CUT
10
113.8450
20
30.0499
0
VERTEX
8
CUT
10
113.8421
20
30.0355
0
VERTEX
8
CUT
10
113.8286
20
29.9429
0
VERTEX
8
CUT
10
113.8272
20
29.9283
0
VERTEX
8
CUT
10
113.8229
20
29.8349
0
VERTEX
8
CUT
10
113.8230
20
29.8201
0
VERTEX
8
CUT
10
113.8279
20
29.7267
0
VERTEX
8
CUT
10
113.8294
20
29.7121
0
VERTEX
8
CUT
10
113.8434
20
29.6196
0
VERTEX
8
CUT
10
113.8464
20
29.6052
0
VERTEX
8
CUT
10
113.8695
20
29.5146
0
VERTEX
8
CUT
10
113.8738
20
29.5005
0
VERTEX
8
CUT
10
113.9057
20
29.4126
0
VERTEX
8
CUT
10
113.9114
20
29.3990
0
VERTEX
8
CUT
10
113.9518
20
29.3147
0
VERTEX
8
CUT
10
113.9588
20
29.3017
0
VERTEX
8
CUT
10
114.0073
20
29.2218
0
VERTEX
8
CUT
10
114.0156
20
29.2096
0
VERTEX
8
CUT
10
114.0717
20
29.1348
0
VERTEX
8
CUT
10
114.0811
20
29.1234
0
VERTEX
8
CUT
10
114.1443
20
29.0545
0
VERTEX
8
CUT
10
114.1548
20
29.0442
0
VERTEX
8
CUT
10
114.2245
20
28.9818
0
VERTEX
8
CUT
10
114.2359
20
28.9726
0
VERTEX
8
CUT
10
114.3114
20
28.9174
0
VERTEX
8
CUT
10
114.3237
20
28.9093
0
VERTEX
8
CUT
10
114.4043
20
28.8618
0
VERTEX
8
CUT
10
114.4173
20
28.8549
0
VERTEX
8
CUT
10
114.5022
20
28.8156
0
VERTEX
8
CUT
10
114.5398
20
28.8003
0
VERTEX
8
CUT
10
114.5836
20
28.7838
0
VERTEX
8
CUT
10
115.6489
20
28.4122
0
VERTEX
8
CUT
10
115.6826
20
28.4011
0
VERTEX
8
CUT
10
115.7308
20
28.3863
0
VERTEX
8
CUT
10
115.7649
20
28.3765
0
VERTEX
8
CUT
10
122.4812
20
26.5833
0
VERTEX
8
CUT
10
122.5404
20
26.5695
0
VERTEX
8
CUT
10
122.6252
20
26.5526
0
VERTEX
8
CUT
10
122.6852
20
26.5426
0
VERTEX
8
CUT
10
124.0406
20
26.3616
0
VERTEX
8
CUT
10
124.0842
20
26.3568
0
VERTEX
8
CUT
10
124.1222
20
26.3535
0
VERTEX
8
CUT
10
124.2098
20
26.3500
0
VERTEX
8
CUT
10
124.2236
20
26.3500
0
VERTEX
8
CUT
10
124.3112
20
26.3546
0
VERTEX
8
CUT
10
124.3249
20
26.3560
0
VERTEX
8
CUT
10
124.4117
20
26.3686
0
VERTEX
8
CUT
10
124.4491
20
26.3758
0
VERTEX
8
CUT
10
124.4920
20
26.3851
0
VERTEX
8
CUT
10
126.4035
20
26.8466
0
VERTEX
8
CUT
10
126.4389
20
26.8559
0
VERTEX
8
CUT
10
126.4694
20
26.8645
0
VERTEX
8
CUT
10
126.5388
20
26.8870
0
VERTEX
8
CUT
10
126.5686
20
26.8980
0
VERTEX
8
CUT
10
126.6027
20
26.9113
0
VERTEX
8
CUT
10
128.3336
20
27.6244
0
VERTEX
8
CUT
10
128.3898
20
27.6496
0
VERTEX
8
CUT
10
128.4683
20
27.6881
0
VERTEX
8
CUT
10
128.5227
20
27.7170
0
VERTEX
8
CUT
10
129.1839
20
28.0960
0
VERTEX
8
CUT
10
129.2235
20
28.1200
0
VERTEX
8
CUT
10
129.2574
20
28.1417
0
VERTEX
8
CUT
10
129.3329
20
28.1954
0
VERTEX
8
CUT
10
129.3444
20
28.2044
0
VERTEX
8
CUT
10
129.4143
20
28.2652
0
VERTEX
8
CUT
10
129.4248
20
28.2753
0
VERTEX
8
CUT
10
129.4885
20
28.3426
0
VERTEX
8
CUT
10
129.4979
20
28.3537
0
VERTEX
8
CUT
10
129.5547
20
28.4269
0
VERTEX
8
CUT
10
129.5631
20
28.4388
0
VERTEX
8
CUT
10
129.6125
20
28.5172
0
VERTEX
8
CUT
10
129.6196
20
28.5299
0
VERTEX
8
CUT
10
129.6612
20
28.6128
0
VERTEX
8
CUT
10
129.6670
20
28.6261
0
VERTEX
8
CUT
10
129.7003
20
28.7126
0
VERTEX
8
CUT
10
129.7048
20
28.7264
0
VERTEX
8
CUT
10
129.7295
20
28.8157
0
VERTEX
8
CUT
10
129.7327
20
28.8300
0
VERTEX
8
CUT
10
129.7485
20
28.9212
0
VERTEX
8
CUT
10
129.7503
20
28.9357
0
VERTEX
8
CUT
10
129.7571
20
29.0281
0
VERTEX
8
CUT
10
129.7575
20
29.0427
0
VERTEX
8
CUT
10
129.7553
20
29.1353
0
VERTEX
8
CUT
10
129.7543
20
29.1498
0
VERTEX
8
CUT
10
129.7431
20
29.2418
0
VERTEX
8
CUT
10
129.7406
20
29.2562
0
VERTEX
8
CUT
10
129.7205
20
29.3466
0
VERTEX
8
CUT
10
129.7166
20
29.3607
0
VERTEX
8
CUT
10
129.6878
20
29.4487
0
VERTEX
8
CUT
10
129.6826
20
29.4623
0
VERTEX
8
CUT
10
129.6453
20
29.5472
0
VERTEX
8
CUT
10
129.6388
20
29.5602
0
VERTEX
8
CUT
10
129.5934
20
29.6410
0
VERTEX
8
CUT
10
129.5857
20
29.6533
0
VERTEX
8
CUT
10
129.5326
20
29.7293
0
VERTEX
8
CUT
10
129.5237
20
29.7408
0
VERTEX
8
CUT
10
129.4635
20
29.8113
0
VERTEX
8
CUT
10
129.4535
20
29.8219
0
VERTEX
8
CUT
10
129.3868
20
29.8861
0
VERTEX
8
CUT
10
129.3758
20
29.8957
0
VERTEX
8
CUT
10
129.3031
20
29.9531
0
VERTEX
8
CUT
10
129.2912
20
29.9616
0
VERTEX
8
CUT
10
129.2133
20
30.0117
0
VERTEX
8
CUT
10
129.2006
20
30.0189
0
VERTEX
8
CUT
10
129.1182
20
30.0612
0
VERTEX
8
CUT
10
129.1049
20
30.0672
0
VERTEX
8
CUT
10
129.0187
20
30.1012
0
VERTEX
8
CUT
10
129.0049
20
30.1058
0
VERTEX
8
CUT
10
128.9158
20
30.1313
0
VERTEX
8
CUT
10
128.9016
20
30.1346
0
VERTEX
8
CUT
10
128.8104
20
30.1512
0
VERTEX
8
CUT
10
128.7960
20
30.1531
0
VERTEX
8
CUT
10
128.7037
20
30.1608
0
VERTEX
8
CUT
10
128.6635
20
30.1621
0
VERTEX
8
CUT
10
128.6171
20
30.1626
0
VERTEX
8
CUT
10
126.3827
20
30.1293
0
VERTEX
8
CUT
10
126.1437
20
30.1394
0
VERTEX
8
CUT
10
125.9074
20
30.1766
0
VERTEX
8
CUT
10
123.2159
20
30.7589
0
VERTEX
8
CUT
10
123.0284
20
30.8086
0
VERTEX
8
CUT
10
120.1155
20
31.7272
0
VERTEX
8
CUT
10
119.9142
20
31.8021
0
VERTEX
8
CUT
10
119.7217
20
31.8973
0
VERTEX
8
CUT
10
119.1307
20
32.2279
0
VERTEX
8
CUT
10
118.9574
20
32.3363
0
VERTEX
8
CUT
10
118.7955
20
32.4609
0
VERTEX
8
CUT
10
118.6465
20
32.6007
0
VERTEX
8
CUT
10
118.3946
20
32.8612
0
VERTEX
8
CUT
10
118.2743
20
32.9968
0
VERTEX
8
CUT
10
118.1662
20
33.1423
0
VERTEX
8
CUT
10
118.0710
20
33.2965
0
VERTEX
8
CUT
10
117.9895
20
33.4584
0
VERTEX
8
CUT
10
117.9399
20
33.5686
0
VERTEX
8
CUT
10
117.9193
20
33.6113
0
VERTEX
8
CUT
10
117.9006
20
33.6478
0
VERTEX
8
CUT
10
117.8533
20
33.7298
0
VERTEX
8
CUT
10
117.8453
20
33.7423
0
VERTEX
8
CUT
10
117.7900
20
33.8192
0
VERTEX
8
CUT
10
117.7808
20
33.8308
0
VERTEX
8
CUT
10
117.7182
20
33.9018
0
VERTEX
8
CUT
10
117.7078
20
33.9125
0
VERTEX
8
CUT
10
117.6384
20
33.9769
0
VERTEX
8
CUT
10
117.6270
20
33.9865
0
VERTEX
8
CUT
10
117.5516
20
34.0437
0
VERTEX
8
CUT
10
117.5393
20
34.0521
0
VERTEX
8
CUT
10
117.4586
20
34.1015
0
VERTEX
8
CUT
10
117.4455
20
34.1086
0
VERTEX
8
CUT
10
117.3602
20
34.1497
0
VERTEX
8
CUT
10
117.3465
20
34.1555
0
VERTEX
8
CUT
10
117.2576
20
34.1879
0
VERTEX
8
CUT
10
117.2434
20
34.1923
0
VERTEX
8
CUT
10
117.1517
20
34.2157
0
VERTEX
8
CUT
10
117.1371
20
34.2187
0
VERTEX
8
CUT
10
117.0435
20
34.2328
0
VERTEX
8
CUT
10
117.0287
20
34.2343
0
VERTEX
8
CUT
10
116.9341
20
34.2391
0
VERTEX
8
CUT
10
116.9193
20
34.2391
0
VERTEX
8
CUT
10
116.8247
20
34.2344
0
VERTEX
8
CUT
10
116.8099
20
34.2329
0
VERTEX
8
CUT
10
116.7163
20
34.2189
0
VERTEX
8
CUT
10
116.7017
20
34.2159
0
VERTEX
8
CUT
10
116.6100
20
34.1926
0
VERTEX
8
CUT
10
116.5958
20
34.1882
0
VERTEX
8
CUT
10
116.5068
20
34.1559
0
VERTEX
8
CUT
10
116.4931
20
34.1501
0
VERTEX
8
CUT
10
116.4078
20
34.1091
0
VERTEX
8
CUT
10
116.3947
20
34.1020
0
VERTEX
8
CUT
10
116.3139
20
34.0526
0
VERTEX
8
CUT
10
116.3016
20
34.0443
0
VERTEX
8
CUT
10
116.2261
20
33.9871
0
VERTEX
8
CUT
10
116.2147
20
33.9776
0
VERTEX
8
CUT
10
116.1453
20
33.9132
0
VERTEX
8
CUT
10
116.1349
20
33.9026
0
VERTEX
8
CUT
10
116.0723
20
33.8316
0
VERTEX
8
CUT
10
116.0630
20
33.8200
0
VERTEX
8
CUT
10
116.0077
20
33.7432
0
VERTEX
8
CUT
10
115.9996
20
33.7307
0
VERTEX
8
CUT
10
115.9523
20
33.6487
0
VERTEX
8
CUT
10
115.9335
20
33.6122
0
VERTEX
8
CUT
10
115.9129
20
33.5695
0
VERTEX
8
CUT
10
115.3669
20
32.3605
0
VERTEX
8
CUT
10
115.2640
20
32.1617
0
VERTEX
8
CUT
10
115.1406
20
31.9751
0
VERTEX
8
CUT
10
114.0529
20
30.5064
0
VERTEX
8
CUT
10
114.0260
20
30.4682
0
VERTEX
8
CUT
10
114.0035
20
30.4344
0
VERTEX
8
CUT
10
113.9555
20
30.3541
0
SEQEND
0
POLYLINE
8
CUT
66
1
70
1
10
0.0
20
0.0
30
0.0
0
VERTEX
8
CUT
10
123.9252
20
121.4970
0
VERTEX
8
CUT
10
124.0521
20
121.3397
0
VERTEX
8
CUT
10
124.1271
20
121.2259
0
VERTEX
8
CUT
10
124.1276
20
121.2262
0
VERTEX
8
CUT
10
124.2077
20
121.1051
0
VERTEX
8
CUT
10
124.2164
20
121.0932
0
VERTEX
8
CUT
10
124.2753
20
121.0207
0
VERTEX
8
CUT
10
124.2851
20
121.0097
0
VERTEX
8
CUT
10
124.3509
20
120.9433
0
VERTEX
8
CUT
10
124.3755
20
120.9209
0
VERTEX
8
CUT
10
124.5032
20
120.7936
0
VERTEX
8
CUT
10
124.6195
20
120.6558
0
VERTEX
8
CUT
10
124.7033
20
120.5474
0
VERTEX
8
CUT
10
124.7130
20
120.5361
0
VERTEX
8
CUT
10
124.7784
20
120.4670
0
VERTEX
8
CUT
10
124.7893
20
120.4567
0
VERTEX
8
CUT
10
124.8613
20
120.3945
0
VERTEX
8
CUT
10
124.8731
20
120.3853
0
VERTEX
8
CUT
10
124.9509
20
120.3307
0
VERTEX
8
CUT
10
124.9636
20
120.3227
0
VERTEX
8
CUT
10
125.0466
20
120.2761
0
VERTEX
8
CUT
10
125.0600
20
120.2695
0
VERTEX
8
CUT
10
125.1471
20
120.2314
0
VERTEX
8
CUT
10
125.1611
20
120.2261
0
VERTEX
8
CUT
10
125.2517
20
120.1970
0
VERTEX
8
CUT
10
125.2662
20
120.1931
0
VERTEX
8
CUT
10
125.3592
20
120.1732
0
VERTEX
8
CUT
10
125.3739
20
120.1708
0
VERTEX
8
CUT
10
125.4685
20
120.1603
0
VERTEX
8
CUT
10
125.4834
20
120.1594
0
VERTEX
8
CUT
10
125.5785
20
120.1584
0
VERTEX
8
CUT
10
125.5935
20
120.1590
0
VERTEX
8
CUT
10
125.6882
20
120.1676
0
VERTEX
8
CUT
10
125.7031
20
120.1696
0
VERTEX
8
CUT
10
125.7965
20
120.1876
0
VERTEX
8
CUT
10
125.8110
20
120.1912
0
VERTEX
8
CUT
10
125.9022
20
120.2184
0
VERTEX
8
CUT
10
125.9163
20
120.2234
0
VERTEX
8
CUT
10
126.0042
20
120.2596
0
VERTEX
8
CUT
10
126.0178
20
120.2660
0
VERTEX
8
CUT
10
126.1017
20
120.3108
0
VERTEX
8
CUT
10
126.1145
20
120.3185
0
VERTEX
8
CUT
10
126.1935
20
120.3716
0
VERTEX
8
CUT
10
126.2055
20
120.3805
0
VERTEX
8
CUT
10
126.2788
20
120.4412
0
VERTEX
8
CUT
10
126.2898
20
120.4513
0
VERTEX
8
CUT
10
126.3566
20
120.5189
0
VERTEX
8
CUT
10
126.3666
20
120.5301
0
VERTEX
8
CUT
10
126.4263
20
120.6041
0
VERTEX
8
CUT
10
126.4506
20
120.6375
0
VERTEX
8
CUT
10
126.4777
20
120.6767
0
VERTEX
8
CUT
10
127.3009
20
121.9366
0
VERTEX
8
CUT
10
127.3319
20
121.9874
0
VERTEX
8
CUT
10
127.3736
20
122.0609
0
VERTEX
8
CUT
10
127.4013
20
122.1136
0
VERTEX
8
CUT
10
127.5582
20
122.4356
0
VERTEX
8
CUT
10
127.5773
20
122.4773
0
VERTEX
8
CUT
10
127.5930
20
122.5138
0
VERTEX
8
CUT
10
127.6249
20
122.5996
0
VERTEX
8
CUT
10
127.6293
20
122.6133
0
VERTEX
8
CUT
10
127.6529
20
122.7018
0
VERTEX
8
CUT
10
127.6559
20
122.7159
0
VERTEX
8
CUT
10
127.6709
20
122.8062
0
VERTEX
8
CUT
10
127.6725
20
122.8205
0
VERTEX
8
CUT
10
127.6787
20
122.9118
0
VERTEX
8
CUT
10
127.6790
20
122.9262
0
VERTEX
8
CUT
10
127.6764
20
123.0177
0
VERTEX
8
CUT
10
127.6752
20
123.0321
0
VERTEX
8
CUT
10
127.6638
20
123.1229
0
VERTEX
8
CUT
10
127.6613
20
123.1371
0
VERTEX
8
CUT
10
127.6412
20
123.2264
0
VERTEX
8
CUT
10
127.6373
20
123.2403
0
VERTEX
8
CUT
10
127.6087
20
123.3273
0
VERTEX
8
CUT
10
127.6035
20
123.3407
0
VERTEX
8
CUT
10
127.5666
20
123.4245
0
VERTEX
8
CUT
10
127.5602
20
123.4374
0
VERTEX
8
CUT
10
127.5154
20
123.5172
0
VERTEX
8
CUT
10
127.5077
20
123.5294
0
VERTEX
8
CUT
10
127.4555
20
123.6046
0
VERTEX
8
CUT
10
127.4467
20
123.6160
0
VERTEX
8
CUT
10
127.3874
20
123.6858
0
VERTEX
8
CUT
10
127.3776
20
123.6963
0
VERTEX
8
CUT
10
127.3119
20
123.7600
0
VERTEX
8
CUT
10
127.3010
20
123.7695
0
VERTEX
8
CUT
10
127.2295
20
123.8267
0
VERTEX
8
CUT
10
127.2178
20
123.8351
0
VERTEX
8
CUT
10
127.1411
20
123.8851
0
VERTEX
8
CUT
10
127.1287
20
123.8923
0
VERTEX
8
CUT
10
127.0475
20
123.9347
0
VERTEX
8
CUT
10
127.0344
20
123.9407
0
VERTEX
8
CUT
10
126.9495
20
123.9750
0
VERTEX
8
CUT
10
126.9359
20
123.9798
0
VERTEX
8
CUT
10
126.8482
20
124.0058
0
VERTEX
8
CUT
10
126.8342
20
124.0092
0
VERTEX
8
CUT
10
126.7443
20
124.0266
0
VERTEX
8
CUT
10
126.7300
20
124.0286
0
VERTEX
8
CUT
10
126.6389
20
124.0373
0
VERTEX
8
CUT
10
126.6245
20
124.0380
0
VERTEX
8
CUT
10
126.5330
20
124.0378
0
VERTEX
8
CUT
10
126.5186
20
124.0371
0
VERTEX
8
CUT
10
126.4275
20
124.0282
0
VERTEX
8
CUT
10
126.4132
20
124.0261
0
VERTEX
8
CUT
10
126.3234
20
124.0084
0
VERTEX
8
CUT
10
126.3094
20
124.0049
0
VERTEX
8
CUT
10
126.2217
20
123.9786
0
VERTEX
8
CUT
10
126.2081
20
123.9738
0
VERTEX
8
CUT
10
126.1234
20
123.9393
0
VERTEX
8
CUT
10
126.1103
20
123.9332
0
VERTEX
8
CUT
10
126.0293
20
123.8906
0
VERTEX
8
CUT
10
126.0169
20
123.8833
0
VERTEX
8
CUT
10
125.9403
20
123.8331
0
VERTEX
8
CUT
10
125.9082
20
123.8097
0
VERTEX
8
CUT
10
125.8718
20
123.7819
0
VERTEX
8
CUT
10
124.4289
20
122.6227
0
VERTEX
8
CUT
10
124.3932
20
122.5925
0
VERTEX
8
CUT
10
124.3629
20
122.5656
0
VERTEX
8
CUT
10
124.3291
20
122.5324
0
VERTEX
8
CUT
10
124.1783
20
122.3982
0
VERTEX
8
CUT
10
124.0153
20
122.2791
0
VERTEX
8
CUT
10
123.8417
20
122.1762
0
VERTEX
8
CUT
10
123.6590
20
122.0905
0
VERTEX
8
CUT
10
123.4689
20
122.0227
0
VERTEX
8
CUT
10
123.2953
20
121.9790
0
VERTEX
8
CUT
10
123.4624
20
121.8862
0
VERTEX
8
CUT
10
123.6289
20
121.7716
0
VERTEX
8
CUT
10
123.7837
20
121.6415
0
SEQEND
0
POLYLINE
8
CUT
66
1
70
1
10
0.0
20
0.0
30
0.0
0
VERTEX
8
CUT
10
80.0321
20
211.4932
0
VERTEX
8
CUT
10
79.9465
20
211.5269
0
VERTEX
8
CUT
10
79.9328
20
211.5316
0
VERTEX
8
CUT
10
79.8443
20
211.5569
0
VERTEX
8
CUT
10
79.8302
20
211.5602
0
VERTEX
8
CUT
10
79.7397
20
211.5768
0
VERTEX
8
CUT
10
79.7254
20
211.5787
0
VERTEX
8
CUT
10
79.6337
20
211.5865
0
VERTEX
8
CUT
10
79.6192
20
211.5870
0
VERTEX
8
CUT
10
79.5272
20
211.5858
0
VERTEX
8
CUT
10
79.5128
20
211.5849
0
VERTEX
8
CUT
10
79.4213
20
211.5749
0
VERTEX
8
CUT
10
79.4070
20
211.5726
0
VERTEX
8
CUT
10
79.3169
20
211.5538
0
VERTEX
8
CUT
10
79.3029
20
211.5501
0
VERTEX
8
CUT
10
79.2151
20
211.5226
0
VERTEX
8
CUT
10
79.2015
20
211.5176
0
VERTEX
8
CUT
10
79.1168
20
211.4818
0
VERTEX
8
CUT
10
79.1037
20
211.4755
0
VERTEX
8
CUT
10
79.0229
20
211.4316
0
VERTEX
8
CUT
10
79.0105
20
211.4241
0
VERTEX
8
CUT
10
78.9343
20
211.3726
0
VERTEX
8
CUT
10
78.9227
20
211.3639
0
VERTEX
8
CUT
10
78.8518
20
211.3052
0
VERTEX
8
CUT
10
78.8411
20
211.2955
0
VERTEX
8
CUT
10
78.7762
20
211.2302
0
VERTEX
8
CUT
10
78.7665
20
211.2195
0
VERTEX
8
CUT
10
78.7082
20
211.1482
0
VERTEX
8
CUT
10
78.6996
20
211.1366
0
VERTEX
8
CUT
10
78.6485
20
211.0601
0
VERTEX
8
CUT
10
78.6411
20
211.0477
0
VERTEX
8
CUT
10
78.5976
20
210.9666
0
VERTEX
8
CUT
10
78.5914
20
210.9535
0
VERTEX
8
CUT
10
78.5560
20
210.8685
0
VERTEX
8
CUT
10
78.5511
20
210.8549
0
VERTEX
8
CUT
10
78.5241
20
210.7670
0
VERTEX
8
CUT
10
78.5205
20
210.7529
0
VERTEX
8
CUT
10
78.5022
20
210.6628
0
VERTEX
8
CUT
10
78.5000
20
210.6484
0
VERTEX
8
CUT
10
78.4904
20
210.5569
0
VERTEX
8
CUT
10
78.4896
20
210.5425
0
VERTEX
8
CUT
10
78.4890
20
210.4505
0
VERTEX
8
CUT
10
78.4907
20
210.4105
0
VERTEX
8
CUT
10
78.4937
20
210.3646
0
VERTEX
8
CUT
10
79.6635
20
197.4048
0
VERTEX
8
CUT
10
79.6681
20
197.3640
0
VERTEX
8
CUT
10
79.6758
20
197.3062
0
VERTEX
8
CUT
10
79.6821
20
197.2656
0
VERTEX
8
CUT
10
80.3246
20
193.6633
0
VERTEX
8
CUT
10
80.3351
20
193.6122
0
VERTEX
8
CUT
10
80.3522
20
193.5400
0
VERTEX
8
CUT
10
80.3655
20
193.4895
0
VERTEX
8
CUT
10
81.2570
20
190.4628
0
VERTEX
8
CUT
10
81.2773
20
190.4019
0
VERTEX
8
CUT
10
81.3089
20
190.3164
0
VERTEX
8
CUT
10
81.3332
20
190.2569
0
VERTEX
8
CUT
10
82.6396
20
187.3447
0
VERTEX
8
CUT
10
82.6700
20
187.2830
0
VERTEX
8
CUT
10
82.7163
20
187.1970
0
VERTEX
8
CUT
10
82.7512
20
187.1376
0
VERTEX
8
CUT
10
83.5046
20
185.9534
0
VERTEX
8
CUT
10
83.6011
20
185.7622
0
VERTEX
8
CUT
10
83.6184
20
185.7296
0
VERTEX
8
CUT
10
83.6340
20
185.7015
0
VERTEX
8
CUT
10
83.6723
20
185.6383
0
VERTEX
8
CUT
10
83.6900
20
185.6115
0
VERTEX
8
CUT
10
83.7110
20
185.5811
0
VERTEX
8
CUT
10
83.9767
20
185.2113
0
VERTEX
8
CUT
10
85.2485
20
183.2125
0
VERTEX
8
CUT
10
85.2681
20
183.1829
0
VERTEX
8
CUT
10
85.2856
20
183.1575
0
VERTEX
8
CUT
10
85.3281
20
183.1006
0
VERTEX
8
CUT
10
85.3475
20
183.0766
0
VERTEX
8
CUT
10
85.3703
20
183.0494
0
VERTEX
8
CUT
10
86.8396
20
181.3612
0
VERTEX
8
CUT
10
86.8676
20
181.3304
0
VERTEX
8
CUT
10
86.9084
20
181.2875
0
VERTEX
8
CUT
10
86.9377
20
181.2580
0
VERTEX
8
CUT
10
87.7461
20
180.4790
0
VERTEX
8
CUT
10
87.7695
20
180.4557
0
VERTEX
8
CUT
10
87.8107
20
180.4163
0
VERTEX
8
CUT
10
87.8206
20
180.4072
0
VERTEX
8
CUT
10
88.5038
20
179.7488
0
VERTEX
8
CUT
10
88.5412
20
179.7146
0
VERTEX
8
CUT
10
88.5957
20
179.6674
0
VERTEX
8
CUT
10
88.6349
20
179.6353
0
VERTEX
8
CUT
10
89.1826
20
179.2102
0
VERTEX
8
CUT
10
89.3586
20
179.0556
0
VERTEX
8
CUT
10
89.4002
20
179.0211
0
VERTEX
8
CUT
10
89.4608
20
178.9737
0
VERTEX
8
CUT
10
89.5044
20
178.9416
0
VERTEX
8
CUT
10
89.7334
20
178.7826
0
VERTEX
8
CUT
10
90.2983
20
178.3442
0
VERTEX
8
CUT
10
90.3282
20
178.3219
0
VERTEX
8
CUT
10
90.3546
20
178.3030
0
VERTEX
8
CUT
10
90.4169
20
178.2620
0
VERTEX
8
CUT
10
90.4447
20
178.2453
0
VERTEX
8
CUT
10
90.4771
20
178.2267
0
VERTEX
8
CUT
10
90.7535
20
178.0746
0
VERTEX
8
CUT
10
91.1842
20
177.7757
0
VERTEX
8
CUT
10
91.2225
20
177.7505
0
VERTEX
8
CUT
10
91.2777
20
177.7160
0
VERTEX
8
CUT
10
91.3171
20
177.6927
0
VERTEX
8
CUT
10
93.0675
20
176.7132
0
VERTEX
8
CUT
10
93.1186
20
176.6866
0
VERTEX
8
CUT
10
93.1923
20
176.6511
0
VERTEX
8
CUT
10
93.2449
20
176.6276
0
VERTEX
8
CUT
10
93.7929
20
176.4031
0
VERTEX
8
CUT
10
94.3043
20
176.1218
0
VERTEX
8
CUT
10
94.3356
20
176.1053
0
VERTEX
8
CUT
10
94.3631
20
176.0916
0
VERTEX
8
CUT
10
94.4274
20
176.0622
0
VERTEX
8
CUT
10
94.4558
20
176.0505
0
VERTEX
8
CUT
10
94.4888
20
176.0376
0
VERTEX
8
CUT
10
96.5100
20
175.2910
0
VERTEX
8
CUT
10
96.5575
20
175.2749
0
VERTEX
8
CUT
10
96.6254
20
175.2538
0
VERTEX
8
CUT
10
96.6737
20
175.2402
0
VERTEX
8
CUT
10
98.8012
20
174.7009
0
VERTEX
8
CUT
10
98.8528
20
174.6893
0
VERTEX
8
CUT
10
98.9265
20
174.6749
0
VERTEX
8
CUT
10
98.9786
20
174.6663
0
VERTEX
8
CUT
10
108.4039
20
173.3671
0
VERTEX
8
CUT
10
109.0609
20
173.2289
0
VERTEX
8
CUT
10
112.5294
20
172.3308
0
VERTEX
8
CUT
10
112.6946
20
172.2838
0
VERTEX
8
CUT
10
112.8249
20
172.2467
0
VERTEX
8
CUT
10
112.8372
20
172.2432
0
VERTEX
8
CUT
10
112.9812
20
172.2023
0
VERTEX
8
CUT
10
112.9821
20
172.2020
0
VERTEX
8
CUT
10
119.8872
20
169.6288
0
VERTEX
8
CUT
10
119.9333
20
169.6130
0
VERTEX
8
CUT
10
119.9736
20
169.6003
0
VERTEX
8
CUT
10
120.0678
20
169.5758
0
VERTEX
8
CUT
10
120.1092
20
169.5673
0
VERTEX
8
CUT
10
120.1572
20
169.5587
0
VERTEX
8
CUT
10
120.6508
20
169.4834
0
VERTEX
8
CUT
10
120.7369
20
169.4619
0
VERTEX
8
CUT
10
120.7514
20
169.4590
0
VERTEX
8
CUT
10
120.8443
20
169.4454
0
VERTEX
8
CUT
10
120.8590
20
169.4440
0
VERTEX
8
CUT
10
120.9390
20
169.4402
0
VERTEX
8
CUT
10
120.9526
20
169.4385
0
VERTEX
8
CUT
10
120.9936
20
169.4343
0
VERTEX
8
CUT
10
121.0884
20
169.4295
0
VERTEX
8
CUT
10
121.1034
20
169.4294
0
VERTEX
8
CUT
10
121.1982
20
169.4341
0
VERTEX
8
CUT
10
121.2131
20
169.4356
0
VERTEX
8
CUT
10
121.3070
20
169.4496
0
VERTEX
8
CUT
10
121.3217
20
169.4526
0
VERTEX
8
CUT
10
121.3750
20
169.4661
0
VERTEX
8
CUT
10
121.4185
20
169.4727
0
VERTEX
8
CUT
10
121.4326
20
169.4755
0
VERTEX
8
CUT
10
121.5215
20
169.4977
0
VERTEX
8
CUT
10
121.5353
20
169.5019
0
VERTEX
8
CUT
10
121.6216
20
169.5326
0
VERTEX
8
CUT
10
121.6350
20
169.5381
0
VERTEX
8
CUT
10
121.7179
20
169.5770
0
VERTEX
8
CUT
10
121.7531
20
169.5957
0
VERTEX
8
CUT
10
121.7712
20
169.6058
0
VERTEX
8
CUT
10
121.7962
20
169.6214
0
VERTEX
8
CUT
10
121.8146
20
169.6337
0
VERTEX
8
CUT
10
121.8205
20
169.6369
0
VERTEX
8
CUT
10
121.9024
20
169.6873
0
VERTEX
8
CUT
10
121.9148
20
169.6958
0
VERTEX
8
CUT
10
121.9912
20
169.7542
0
VERTEX
8
CUT
10
122.0027
20
169.7640
0
VERTEX
8
CUT
10
122.0728
20
169.8299
0
VERTEX
8
CUT
10
122.0833
20
169.8408
0
VERTEX
8
CUT
10
122.1463
20
169.9133
0
VERTEX
8
CUT
10
122.1556
20
169.9252
0
VERTEX
8
CUT
10
122.2110
20
170.0038
0
VERTEX
8
CUT
10
122.2191
20
170.0166
0
VERTEX
8
CUT
10
122.2663
20
170.1004
0
VERTEX
8
CUT
10
122.2730
20
170.1139
0
VERTEX
8
CUT
10
122.3114
20
170.2020
0
VERTEX
8
CUT
10
122.3168
20
170.2162
0
VERTEX
8
CUT
10
122.3461
20
170.3077
0
VERTEX
8
CUT
10
122.3500
20
170.3224
0
VERTEX
8
CUT
10
122.3699
20
170.4164
0
VERTEX
8
CUT
10
122.3723
20
170.4313
0
VERTEX
8
CUT
10
122.3826
20
170.5269
0
VERTEX
8
CUT
10
122.3849
20
170.5686
0
VERTEX
8
CUT
10
122.3864
20
170.6167
0
VERTEX
8
CUT
10
122.3865
20
170.6307
0
VERTEX
8
CUT
10
122.3907
20
170.6958
0
VERTEX
8
CUT
10
122.3909
20
170.7093
0
VERTEX
8
CUT
10
122.3886
20
170.7952
0
VERTEX
8
CUT
10
122.3876
20
170.8094
0
VERTEX
8
CUT
10
122.3905
20
171.2823
0
VERTEX
8
CUT
10
122.3897
20
171.3252
0
VERTEX
8
CUT
10
122.3883
20
171.3623
0
VERTEX
8
CUT
10
122.3811
20
171.4476
0
VERTEX
8
CUT
10
122.3794
20
171.4610
0
VERTEX
8
CUT
10
122.3645
20
171.5453
0
VERTEX
8
CUT
10
122.3616
20
171.5584
0
VERTEX
8
CUT
10
122.3392
20
171.6411
0
VERTEX
8
CUT
10
122.3279
20
171.6764
0
VERTEX
8
CUT
10
122.3139
20
171.7169
0
VERTEX
8
CUT
10
122.2682
20
171.8405
0
VERTEX
8
CUT
10
122.2299
20
172.1650
0
VERTEX
8
CUT
10
122.2221
20
172.2183
0
VERTEX
8
CUT
10
122.2140
20
172.2644
0
VERTEX
8
CUT
10
122.1893
20
172.3693
0
VERTEX
8
CUT
10
122.1845
20
172.3855
0
VERTEX
8
CUT
10
122.1482
20
172.4869
0
VERTEX
8
CUT
10
122.1299
20
172.5300
0
VERTEX
8
CUT
10
122.1074
20
172.5790
0
VERTEX
8
CUT
10
121.6427
20
173.5216
0
VERTEX
8
CUT
10
121.6192
20
173.5663
0
VERTEX
8
CUT
10
121.5978
20
173.6044
0
VERTEX
8
CUT
10
121.5439
20
173.6896
0
VERTEX
8
CUT
10
121.5382
20
173.6976
0
VERTEX
8
CUT
10
121.0739
20
174.5417
0
VERTEX
8
CUT
10
121.0416
20
174.5960
0
VERTEX
8
CUT
10
120.9933
20
174.6716
0
VERTEX
8
CUT
10
120.9574
20
174.7236
0
VERTEX
8
CUT
10
119.3066
20
176.9593
0
VERTEX
8
CUT
10
119.2721
20
177.0033
0
VERTEX
8
CUT
10
119.2212
20
177.0644
0
VERTEX
8
CUT
10
119.1841
20
177.1063
0
VERTEX
8
CUT
10
117.9549
20
178.4155
0
VERTEX
8
CUT
10
117.9221
20
178.4488
0
VERTEX
8
CUT
10
117.8745
20
178.4948
0
VERTEX
8
CUT
10
117.8401
20
178.5264
0
VERTEX
8
CUT
10
116.3455
20
179.8337
0
VERTEX
8
CUT
10
116.2969
20
179.8734
0
VERTEX
8
CUT
10
116.2262
20
179.9275
0
VERTEX
8
CUT
10
116.1751
20
179.9639
0
VERTEX
8
CUT
10
114.7842
20
180.8883
0
VERTEX
8
CUT
10
114.7443
20
180.9134
0
VERTEX
8
CUT
10
114.7093
20
180.9343
0
VERTEX
8
CUT
10
114.6262
20
180.9783
0
VERTEX
8
CUT
10
114.6128
20
180.9846
0
VERTEX
8
CUT
10
114.5257
20
181.0202
0
VERTEX
8
CUT
10
114.5118
20
181.0251
0
VERTEX
8
CUT
10
114.4216
20
181.0520
0
VERTEX
8
CUT
10
114.4073
20
181.0555
0
VERTEX
8
CUT
10
114.3149
20
181.0732
0
VERTEX
8
CUT
10
114.3003
20
181.0753
0
VERTEX
8
CUT
10
114.2066
20
181.0839
0
VERTEX
8
CUT
10
114.1918
20
181.0845
0
VERTEX
8
CUT
10
114.0978
20
181.0837
0
VERTEX
8
CUT
10
114.0830
20
181.0829
0
VERTEX
8
CUT
10
113.9895
20
181.0728
0
VERTEX
8
CUT
10
113.9749
20
181.0705
0
VERTEX
8
CUT
10
113.8828
20
181.0512
0
VERTEX
8
CUT
10
113.8685
20
181.0475
0
VERTEX
8
CUT
10
113.7788
20
181.0192
0
VERTEX
8
CUT
10
113.7649
20
181.0141
0
VERTEX
8
CUT
10
113.6785
20
180.9771
0
VERTEX
8
CUT
10
113.6652
20
180.9706
0
VERTEX
8
CUT
10
113.5828
20
180.9252
0
VERTEX
8
CUT
10
113.5702
20
180.9174
0
VERTEX
8
CUT
10
113.4927
20
180.8641
0
VERTEX
8
CUT
10
113.4810
20
180.8551
0
VERTEX
8
CUT
10
113.4092
20
180.7944
0
VERTEX
8
CUT
10
113.3793
20
180.7665
0
VERTEX
8
CUT
10
113.3458
20
180.7336
0
VERTEX
8
CUT
10
113.1825
20
180.5652
0
VERTEX
8
CUT
10
113.0270
20
180.4202
0
VERTEX
8
CUT
10
112.8575
20
180.2917
0
VERTEX
8
CUT
10
112.6760
20
180.1809
0
VERTEX
8
CUT
10
112.4842
20
180.0892
0
VERTEX
8
CUT
10
112.2841
20
180.0172
0
VERTEX
8
CUT
10
112.0777
20
179.9659
0
VERTEX
8
CUT
10
111.8672
20
179.9357
0
VERTEX
8
CUT
10
111.6548
20
179.9270
0
VERTEX
8
CUT
10
111.4425
20
179.9397
0
VERTEX
8
CUT
10
101.6865
20
181.0252
0
VERTEX
8
CUT
10
101.5709
20
181.0413
0
VERTEX
8
CUT
10
98.4271
20
181.5693
0
VERTEX
8
CUT
10
98.1784
20
181.6268
0
VERTEX
8
CUT
10
96.2792
20
182.1894
0
VERTEX
8
CUT
10
96.0941
20
182.2538
0
VERTEX
8
CUT
10
95.9157
20
182.3352
0
VERTEX
8
CUT
10
94.3922
20
183.1182
0
VERTEX
8
CUT
10
94.2321
20
183.2096
0
VERTEX
8
CUT
10
94.0806
20
183.3147
0
VERTEX
8
CUT
10
92.6679
20
184.3895
0
VERTEX
8
CUT
10
92.4909
20
184.5404
0
VERTEX
8
CUT
10
90.7157
20
186.2318
0
VERTEX
8
CUT
10
90.5889
20
186.3636
0
VERTEX
8
CUT
10
88.9797
20
188.1893
0
VERTEX
8
CUT
10
88.8351
20
188.3730
0
VERTEX
8
CUT
10
87.7767
20
189.8840
0
VERTEX
8
CUT
10
87.6207
20
190.1451
0
VERTEX
8
CUT
10
85.3065
20
194.7457
0
VERTEX
8
CUT
10
85.2193
20
194.9439
0
VERTEX
8
CUT
10
84.4037
20
197.0915
0
VERTEX
8
CUT
10
84.3329
20
197.3148
0
VERTEX
8
CUT
10
83.8232
20
199.2999
0
VERTEX
8
CUT
10
83.7872
20
199.4685
0
VERTEX
8
CUT
10
82.8336
20
205.0502
0
VERTEX
8
CUT
10
82.8068
20
205.2885
0
VERTEX
8
CUT
10
82.8073
20
205.5282
0
VERTEX
8
CUT
10
82.8351
20
205.7663
0
VERTEX
8
CUT
10
83.2941
20
208.3864
0
VERTEX
8
CUT
10
83.3010
20
208.4326
0
VERTEX
8
CUT
10
83.3061
20
208.4728
0
VERTEX
8
CUT
10
83.3131
20
208.5660
0
VERTEX
8
CUT
10
83.3134
20
208.5807
0
VERTEX
8
CUT
10
83.3112
20
208.6741
0
VERTEX
8
CUT
10
83.3102
20
208.6887
0
VERTEX
8
CUT
10
83.2988
20
208.7814
0
VERTEX
8
CUT
10
83.2963
20
208.7959
0
VERTEX
8
CUT
10
83.2759
20
208.8871
0
VERTEX
8
CUT
10
83.2720
20
208.9012
0
VERTEX
8
CUT
10
83.2427
20
208.9899
0
VERTEX
8
CUT
10
83.2374
20
209.0037
0
VERTEX
8
CUT
10
83.1996
20
209.0891
0
VERTEX
8
CUT
10
83.1930
20
209.1022
0
VERTEX
8
CUT
10
83.1469
20
209.1835
0
VERTEX
8
CUT
10
83.1391
20
209.1959
0
VERTEX
8
CUT
10
83.0852
20
209.2722
0
VERTEX
8
CUT
10
83.0762
20
209.2838
0
VERTEX
8
CUT
10
83.0151
20
209.3545
0
VERTEX
8
CUT
10
82.9871
20
209.3838
0
VERTEX
8
CUT
10
82.9541
20
209.4168
0
VERTEX
8
CUT
10
82.3291
20
210.0107
0
VERTEX
8
CUT
10
82.2955
20
210.0411
0
VERTEX
8
CUT
10
82.2658
20
210.0668
0
VERTEX
8
CUT
10
82.1946
20
210.1226
0
VERTEX
8
CUT
10
82.1626
20
210.1453
0
VERTEX
8
CUT
10
82.1250
20
210.1706
0
VERTEX
8
CUT
10
80.2013
20
211.4017
0
VERTEX
8
CUT
10
80.1619
20
211.4255
0
VERTEX
8
CUT
10
80.1273
20
211.4454
0
VERTEX
8
CUT
10
80.0453
20
211.4873
0
SEQEND
0
POLYLINE
8
CUT
66
1
70
1
10
0.0
20
0.0
30
0.0
0
VERTEX
8
CUT
10
90.7601
20
149.2656
0
VERTEX
8
CUT
10
90.6720
20
149.2380
0
VERTEX
8
CUT
10
90.6584
20
149.2330
0
VERTEX
8
CUT
10
90.5733
20
149.1971
0
VERTEX
8
CUT
10
90.5602
20
149.1908
0
VERTEX
8
CUT
10
90.4791
20
149.1468
0
VERTEX
8
CUT
10
90.4667
20
149.1392
0
VERTEX
8
CUT
10
90.3902
20
149.0875
0
VERTEX
8
CUT
10
90.3786
20
149.0788
0
VERTEX
8
CUT
10
90.3075
20
149.0199
0
VERTEX
8
CUT
10
90.2967
20
149.0101
0
VERTEX
8
CUT
10
90.2317
20
148.9446
0
VERTEX
8
CUT
10
90.2220
20
148.9338
0
VERTEX
8
CUT
10
90.1636
20
148.8623
0
VERTEX
8
CUT
10
90.1550
20
148.8506
0
VERTEX
8
CUT
10
90.1038
20
148.7737
0
VERTEX
8
CUT
10
90.0964
20
148.7612
0
VERTEX
8
CUT
10
90.0529
20
148.6798
0
VERTEX
8
CUT
10
90.0467
20
148.6666
0
VERTEX
8
CUT
10
90.0114
20
148.5813
0
VERTEX
8
CUT
10
90.0065
20
148.5676
0
VERTEX
8
CUT
10
89.9796
20
148.4793
0
VERTEX
8
CUT
10
89.9761
20
148.4652
0
VERTEX
8
CUT
10
89.9579
20
148.3747
0
VERTEX
8
CUT
10
89.9558
20
148.3603
0
VERTEX
8
CUT
10
89.9465
20
148.2685
0
VERTEX
8
CUT
10
89.9457
20
148.2540
0
VERTEX
8
CUT
10
89.9454
20
148.1617
0
VERTEX
8
CUT
10
89.9461
20
148.1471
0
VERTEX
8
CUT
10
89.9547
20
148.0552
0
VERTEX
8
CUT
10
89.9568
20
148.0408
0
VERTEX
8
CUT
10
89.9743
20
147.9502
0
VERTEX
8
CUT
10
89.9778
20
147.9361
0
VERTEX
8
CUT
10
90.0040
20
147.8476
0
VERTEX
8
CUT
10
90.0088
20
147.8339
0
VERTEX
8
CUT
10
90.0436
20
147.7483
0
VERTEX
8
CUT
10
90.0497
20
147.7351
0
VERTEX
8
CUT
10
90.0926
20
147.6534
0
VERTEX
8
CUT
10
90.0999
20
147.6409
0
VERTEX
8
CUT
10
90.1506
20
147.5636
0
VERTEX
8
CUT
10
90.1591
20
147.5519
0
VERTEX
8
CUT
10
90.2170
20
147.4800
0
VERTEX
8
CUT
10
90.2266
20
147.4691
0
VERTEX
8
CUT
10
90.2912
20
147.4031
0
VERTEX
8
CUT
10
90.3019
20
147.3933
0
VERTEX
8
CUT
10
90.3726
20
147.3339
0
VERTEX
8
CUT
10
90.3841
20
147.3251
0
VERTEX
8
CUT
10
90.4603
20
147.2729
0
VERTEX
8
CUT
10
90.4726
20
147.2652
0
VERTEX
8
CUT
10
90.5535
20
147.2206
0
VERTEX
8
CUT
10
90.5665
20
147.2142
0
VERTEX
8
CUT
10
90.6513
20
147.1777
0
VERTEX
8
CUT
10
90.6649
20
147.1726
0
VERTEX
8
CUT
10
90.7528
20
147.1445
0
VERTEX
8
CUT
10
90.7669
20
147.1408
0
VERTEX
8
CUT
10
90.8571
20
147.1213
0
VERTEX
8
CUT
10
90.8715
20
147.1189
0
VERTEX
8
CUT
10
90.9632
20
147.1084
0
VERTEX
8
CUT
10
90.9777
20
147.1074
0
VERTEX
8
CUT
10
91.0700
20
147.1058
0
VERTEX
8
CUT
10
91.1356
20
147.1078
0
VERTEX
8
CUT
10
91.1356
20
147.1062
0
VERTEX
8
CUT
10
91.2910
20
147.1074
0
VERTEX
8
CUT
10
91.4913
20
147.0896
0
VERTEX
8
CUT
10
93.1450
20
146.8629
0
VERTEX
8
CUT
10
93.3377
20
146.8273
0
VERTEX
8
CUT
10
93.5262
20
146.7739
0
VERTEX
8
CUT
10
93.7089
20
146.7031
0
VERTEX
8
CUT
10
95.3818
20
145.9635
0
VERTEX
8
CUT
10
95.6010
20
145.8508
0
VERTEX
8
CUT
10
95.8054
20
145.7132
0
VERTEX
8
CUT
10
97.3253
20
144.5552
0
VERTEX
8
CUT
10
97.4596
20
144.4437
0
VERTEX
8
CUT
10
97.5843
20
144.3214
0
VERTEX
8
CUT
10
98.1850
20
143.6810
0
VERTEX
8
CUT
10
98.3088
20
143.5363
0
VERTEX
8
CUT
10
98.4191
20
143.3810
0
VERTEX
8
CUT
10
99.9657
20
140.9781
0
VERTEX
8
CUT
10
100.0775
20
140.7821
0
VERTEX
8
CUT
10
100.1676
20
140.5752
0
VERTEX
8
CUT
10
100.7193
20
139.0955
0
VERTEX
8
CUT
10
100.7763
20
138.9194
0
VERTEX
8
CUT
10
100.8175
20
138.7390
0
VERTEX
8
CUT
10
101.1937
20
136.6791
0
VERTEX
8
CUT
10
101.2168
20
136.5169
0
VERTEX
8
CUT
10
101.9487
20
129.4082
0
VERTEX
8
CUT
10
101.9549
20
129.3603
0
VERTEX
8
CUT
10
101.9613
20
129.3190
0
VERTEX
8
CUT
10
101.9808
20
129.2245
0
VERTEX
8
CUT
10
101.9914
20
129.1840
0
VERTEX
8
CUT
10
102.0047
20
129.1376
0
VERTEX
8
CUT
10
102.8475
20
126.4693
0
VERTEX
8
CUT
10
102.8611
20
126.4291
0
VERTEX
8
CUT
10
102.8737
20
126.3946
0
VERTEX
8
CUT
10
102.9063
20
126.3165
0
VERTEX
8
CUT
10
102.9120
20
126.3044
0
VERTEX
8
CUT
10
102.9514
20
126.2295
0
VERTEX
8
CUT
10
102.9700
20
126.1978
0
VERTEX
8
CUT
10
102.9922
20
126.1617
0
VERTEX
8
CUT
10
104.5500
20
123.7499
0
VERTEX
8
CUT
10
104.5824
20
123.7029
0
VERTEX
8
CUT
10
104.6117
20
123.6630
0
VERTEX
8
CUT
10
104.6846
20
123.5754
0
VERTEX
8
CUT
10
104.7185
20
123.5393
0
VERTEX
8
CUT
10
104.7587
20
123.4989
0
VERTEX
8
CUT
10
106.2013
20
122.1363
0
VERTEX
8
CUT
10
106.2335
20
122.1073
0
VERTEX
8
CUT
10
106.2620
20
122.0827
0
VERTEX
8
CUT
10
106.3302
20
122.0292
0
VERTEX
8
CUT
10
106.3608
20
122.0073
0
VERTEX
8
CUT
10
106.3967
20
121.9829
0
VERTEX
8
CUT
10
108.0892
20
120.8879
0
VERTEX
8
CUT
10
108.1267
20
120.8649
0
VERTEX
8
CUT
10
108.1597
20
120.8456
0
VERTEX
8
CUT
10
108.2376
20
120.8049
0
VERTEX
8
CUT
10
108.2723
20
120.7888
0
VERTEX
8
CUT
10
108.3126
20
120.7712
0
VERTEX
8
CUT
10
110.2683
20
119.9699
0
VERTEX
8
CUT
10
110.3049
20
119.9557
0
VERTEX
8
CUT
10
110.3370
20
119.9441
0
VERTEX
8
CUT
10
110.4118
20
119.9205
0
VERTEX
8
CUT
10
110.4448
20
119.9115
0
VERTEX
8
CUT
10
110.4829
20
119.9020
0
VERTEX
8
CUT
10
112.1257
20
119.5288
0
VERTEX
8
CUT
10
112.1779
20
119.5185
0
VERTEX
8
CUT
10
112.2234
20
119.5108
0
VERTEX
8
CUT
10
112.3291
20
119.4990
0
VERTEX
8
CUT
10
112.3752
20
119.4964
0
VERTEX
8
CUT
10
112.4284
20
119.4950
0
VERTEX
8
CUT
10
114.8244
20
119.4969
0
VERTEX
8
CUT
10
114.8603
20
119.4976
0
VERTEX
8
CUT
10
114.8914
20
119.4988
0
VERTEX
8
CUT
10
114.9631
20
119.5043
0
VERTEX
8
CUT
10
114.9940
20
119.5078
0
VERTEX
8
CUT
10
115.0296
20
119.5126
0
VERTEX
8
CUT
10
117.4155
20
119.8783
0
VERTEX
8
CUT
10
117.4547
20
119.8852
0
VERTEX
8
CUT
10
117.4886
20
119.8918
0
VERTEX
8
CUT
10
117.5658
20
119.9104
0
VERTEX
8
CUT
10
117.5779
20
119.9138
0
VERTEX
8
CUT
10
117.6533
20
119.9388
0
VERTEX
8
CUT
10
117.6856
20
119.9510
0
VERTEX
8
CUT
10
117.7225
20
119.9658
0
VERTEX
8
CUT
10
119.7168
20
120.8167
0
VERTEX
8
CUT
10
119.7581
20
120.8354
0
VERTEX
8
CUT
10
119.7935
20
120.8526
0
VERTEX
8
CUT
10
119.8730
20
120.8959
0
VERTEX
8
CUT
10
119.9066
20
120.9163
0
VERTEX
8
CUT
10
119.9448
20
120.9408
0
VERTEX
8
CUT
10
120.7117
20
121.4590
0
VERTEX
8
CUT
10
120.7503
20
121.4864
0
VERTEX
8
CUT
10
120.7831
20
121.5111
0
VERTEX
8
CUT
10
120.8559
20
121.5716
0
VERTEX
8
CUT
10
120.9054
20
121.6172
0
VERTEX
8
CUT
10
120.9057
20
121.6168
0
VERTEX
8
CUT
10
121.0077
20
121.7110
0
VERTEX
8
CUT
10
121.1688
20
121.8332
0
VERTEX
8
CUT
10
121.3408
20
121.9394
0
VERTEX
8
CUT
10
121.5223
20
122.0285
0
VERTEX
8
CUT
10
121.7115
20
122.0998
0
VERTEX
8
CUT
10
121.9067
20
122.1525
0
VERTEX
8
CUT
10
121.9203
20
122.1548
0
VERTEX
8
CUT
10
121.8995
20
122.1643
0
VERTEX
8
CUT
10
121.7246
20
122.2651
0
VERTEX
8
CUT
10
121.5602
20
122.3821
0
VERTEX
8
CUT
10
121.4078
20
122.5145
0
VERTEX
8
CUT
10
121.2688
20
122.6608
0
VERTEX
8
CUT
10
121.1445
20
122.8198
0
VERTEX
8
CUT
10
121.0760
20
122.9273
0
VERTEX
8
CUT
10
121.0752
20
122.9267
0
VERTEX
8
CUT
10
121.0389
20
122.9834
0
VERTEX
8
CUT
10
120.9840
20
123.0605
0
VERTEX
8
CUT
10
120.9748
20
123.0721
0
VERTEX
8
CUT
10
120.9125
20
123.1434
0
VERTEX
8
CUT
10
120.9021
20
123.1541
0
VERTEX
8
CUT
10
120.8330
20
123.2187
0
VERTEX
8
CUT
10
120.8217
20
123.2284
0
VERTEX
8
CUT
10
120.7465
20
123.2858
0
VERTEX
8
CUT
10
120.7342
20
123.2943
0
VERTEX
8
CUT
10
120.6537
20
123.3440
0
VERTEX
8
CUT
10
120.6406
20
123.3511
0
VERTEX
8
CUT
10
120.5555
20
123.3926
0
VERTEX
8
CUT
10
120.5418
20
123.3984
0
VERTEX
8
CUT
10
120.4530
20
123.4312
0
VERTEX
8
CUT
10
120.4388
20
123.4356
0
VERTEX
8
CUT
10
120.3472
20
123.4594
0
VERTEX
8
CUT
10
120.3326
20
123.4624
0
VERTEX
8
CUT
10
120.2391
20
123.4769
0
VERTEX
8
CUT
10
120.2243
20
123.4784
0
VERTEX
8
CUT
10
120.1298
20
123.4836
0
VERTEX
8
CUT
10
120.1149
20
123.4836
0
VERTEX
8
CUT
10
120.0204
20
123.4793
0
VERTEX
8
CUT
10
120.0056
20
123.4779
0
VERTEX
8
CUT
10
119.9119
20
123.4642
0
VERTEX
8
CUT
10
119.8973
20
123.4613
0
VERTEX
8
CUT
10
119.8055
20
123.4384
0
VERTEX
8
CUT
10
119.7662
20
123.4264
0
VERTEX
8
CUT
10
119.7212
20
123.4115
0
VERTEX
8
CUT
10
119.3705
20
123.2856
0
VERTEX
8
CUT
10
119.1968
20
123.2316
0
VERTEX
8
CUT
10
119.0190
20
123.1928
0
VERTEX
8
CUT
10
117.2960
20
122.8946
0
VERTEX
8
CUT
10
117.0904
20
122.8694
0
VERTEX
8
CUT
10
116.8833
20
122.8645
0
VERTEX
8
CUT
10
115.0646
20
122.9118
0
VERTEX
8
CUT
10
114.8948
20
122.9231
0
VERTEX
8
CUT
10
114.7265
20
122.9481
0
VERTEX
8
CUT
10
112.4293
20
123.3853
0
VERTEX
8
CUT
10
112.2434
20
123.4295
0
VERTEX
8
CUT
10
112.0622
20
123.4904
0
VERTEX
8
CUT
10
111.1651
20
123.8385
0
VERTEX
8
CUT
10
110.9893
20
123.9162
0
VERTEX
8
CUT
10
110.8212
20
124.0097
0
VERTEX
8
CUT
10
109.2075
20
125.0064
0
VERTEX
8
CUT
10
108.9896
20
125.1610
0
VERTEX
8
CUT
10
107.5650
20
126.3145
0
VERTEX
8
CUT
10
107.3784
20
126.4852
0
VERTEX
8
CUT
10
107.2136
20
126.6771
0
VERTEX
8
CUT
10
106.1513
20
128.0769
0
VERTEX
8
CUT
10
106.0172
20
128.2764
0
VERTEX
8
CUT
10
105.9067
20
128.4900
0
VERTEX
8
CUT
10
104.5354
20
131.5601
0
VERTEX
8
CUT
10
104.4692
20
131.7270
0
VERTEX
8
CUT
10
104.4176
20
131.8990
0
VERTEX
8
CUT
10
104.1935
20
132.7802
0
VERTEX
8
CUT
10
104.1464
20
133.0264
0
VERTEX
8
CUT
10
103.3032
20
139.4977
0
VERTEX
8
CUT
10
103.2978
20
139.5337
0
VERTEX
8
CUT
10
103.2926
20
139.5648
0
VERTEX
8
CUT
10
103.2777
20
139.6360
0
VERTEX
8
CUT
10
103.2700
20
139.6667
0
VERTEX
8
CUT
10
103.2605
20
139.7018
0
VERTEX
8
CUT
10
102.2971
20
143.0170
0
VERTEX
8
CUT
10
102.2840
20
143.0586
0
VERTEX
8
CUT
10
102.2718
20
143.0944
0
VERTEX
8
CUT
10
102.2399
20
143.1754
0
VERTEX
8
CUT
10
102.2343
20
143.1879
0
VERTEX
8
CUT
10
102.1952
20
143.2657
0
VERTEX
8
CUT
10
102.1766
20
143.2986
0
VERTEX
8
CUT
10
102.1544
20
143.3361
0
VERTEX
8
CUT
10
101.2780
20
144.7400
0
VERTEX
8
CUT
10
101.2433
20
144.7918
0
VERTEX
8
CUT
10
101.1917
20
144.8636
0
VERTEX
8
CUT
10
101.1536
20
144.9129
0
VERTEX
8
CUT
10
99.5512
20
146.8573
0
VERTEX
8
CUT
10
99.5265
20
146.8860
0
VERTEX
8
CUT
10
99.5046
20
146.9106
0
VERTEX
8
CUT
10
99.4520
20
146.9650
0
VERTEX
8
CUT
10
99.4282
20
146.9876
0
VERTEX
8
CUT
10
99.4003
20
147.0132
0
VERTEX
8
CUT
10
98.3706
20
147.9200
0
VERTEX
8
CUT
10
98.3381
20
147.9474
0
VERTEX
8
CUT
10
98.3094
20
147.9705
0
VERTEX
8
CUT
10
98.2409
20
148.0207
0
VERTEX
8
CUT
10
98.2102
20
148.0411
0
VERTEX
8
CUT
10
98.1743
20
148.0639
0
VERTEX
8
CUT
10
97.0286
20
148.7555
0
VERTEX
8
CUT
10
96.9763
20
148.7848
0
VERTEX
8
CUT
10
96.9009
20
148.8241
0
VERTEX
8
CUT
10
96.8469
20
148.8501
0
VERTEX
8
CUT
10
95.6051
20
149.4001
0
VERTEX
8
CUT
10
95.5676
20
149.4157
0
VERTEX
8
CUT
10
95.5348
20
149.4286
0
VERTEX
8
CUT
10
95.4579
20
149.4551
0
VERTEX
8
CUT
10
95.4456
20
149.4587
0
VERTEX
8
CUT
10
95.3668
20
149.4785
0
VERTEX
8
CUT
10
95.3323
20
149.4856
0
VERTEX
8
CUT
10
95.2923
20
149.4929
0
VERTEX
8
CUT
10
94.4302
20
149.6321
0
VERTEX
8
CUT
10
94.3882
20
149.6379
0
VERTEX
8
CUT
10
94.3516
20
149.6422
0
VERTEX
8
CUT
10
94.2670
20
149.6482
0
VERTEX
8
CUT
10
94.2536
20
149.6485
0
VERTEX
8
CUT
10
94.1688
20
149.6469
0
VERTEX
8
CUT
10
94.1320
20
149.6446
0
VERTEX
8
CUT
10
94.0898
20
149.6410
0
VERTEX
8
CUT
10
90.9500
20
149.3004
0
VERTEX
8
CUT
10
90.9042
20
149.2943
0
VERTEX
8
CUT
10
90.8646
20
149.2880
0
VERTEX
8
CUT
10
90.7742
20
149.2692
0
SEQEND
0
POLYLINE
8
CUT
66
1
70
1
10
0.0
20
0.0
30
0.0
0
VERTEX
8
CUT
10
64.3723
20
157.6949
0
VERTEX
8
CUT
10
64.2911
20
157.6471
0
VERTEX
8
CUT
10
64.2787
20
157.6390
0
VERTEX
8
CUT
10
64.2026
20
157.5834
0
VERTEX
8
CUT
10
64.1911
20
157.5740
0
VERTEX
8
CUT
10
64.1209
20
157.5112
0
VERTEX
8
CUT
10
64.1103
20
157.5008
0
VERTEX
8
CUT
10
64.0467
20
157.4313
0
VERTEX
8
CUT
10
64.0373
20
157.4199
0
VERTEX
8
CUT
10
63.9808
20
157.3444
0
VERTEX
8
CUT
10
63.9726
20
157.3321
0
VERTEX
8
CUT
10
63.9239
20
157.2514
0
VERTEX
8
CUT
10
63.9169
20
157.2384
0
VERTEX
8
CUT
10
63.8765
20
157.1532
0
VERTEX
8
CUT
10
63.8708
20
157.1396
0
VERTEX
8
CUT
10
63.8390
20
157.0509
0
VERTEX
8
CUT
10
63.8347
20
157.0367
0
VERTEX
8
CUT
10
63.8118
20
156.9453
0
VERTEX
8
CUT
10
63.8090
20
156.9307
0
VERTEX
8
CUT
10
63.7953
20
156.8375
0
VERTEX
8
CUT
10
63.7939
20
156.8227
0
VERTEX
8
CUT
10
63.7895
20
156.7286
0
VERTEX
8
CUT
10
63.7896
20
156.7138
0
VERTEX
8
CUT
10
63.7946
20
156.6197
0
VERTEX
8
CUT
10
63.7961
20
156.6049
0
VERTEX
8
CUT
10
63.8104
20
156.5118
0
VERTEX
8
CUT
10
63.8134
20
156.4973
0
VERTEX
8
CUT
10
63.8368
20
156.4060
0
VERTEX
8
CUT
10
63.8412
20
156.3919
0
VERTEX
8
CUT
10
63.8736
20
156.3034
0
VERTEX
8
CUT
10
63.8794
20
156.2897
0
VERTEX
8
CUT
10
63.9204
20
156.2049
0
VERTEX
8
CUT
10
63.9275
20
156.1919
0
VERTEX
8
CUT
10
63.9767
20
156.1115
0
VERTEX
8
CUT
10
63.9851
20
156.0993
0
VERTEX
8
CUT
10
64.0420
20
156.0242
0
VERTEX
8
CUT
10
64.0515
20
156.0129
0
VERTEX
8
CUT
10
64.1156
20
155.9438
0
VERTEX
8
CUT
10
64.1262
20
155.9335
0
VERTEX
8
CUT
10
64.1968
20
155.8711
0
VERTEX
8
CUT
10
64.2084
20
155.8618
0
VERTEX
8
CUT
10
64.2849
20
155.8068
0
VERTEX
8
CUT
10
64.2973
20
155.7987
0
VERTEX
8
CUT
10
64.3789
20
155.7515
0
VERTEX
8
CUT
10
64.3921
20
155.7447
0
VERTEX
8
CUT
10
64.4779
20
155.7058
0
VERTEX
8
CUT
10
64.4917
20
155.7004
0
VERTEX
8
CUT
10
64.5809
20
155.6702
0
VERTEX
8
CUT
10
64.5952
20
155.6661
0
VERTEX
8
CUT
10
64.6870
20
155.6449
0
VERTEX
8
CUT
10
64.7016
20
155.6423
0
VERTEX
8
CUT
10
64.7950
20
155.6303
0
VERTEX
8
CUT
10
64.8098
20
155.6292
0
VERTEX
8
CUT
10
64.9040
20
155.6265
0
VERTEX
8
CUT
10
64.9188
20
155.6268
0
VERTEX
8
CUT
10
65.0128
20
155.6335
0
VERTEX
8
CUT
10
65.0534
20
155.6384
0
VERTEX
8
CUT
10
65.1001
20
155.6452
0
VERTEX
8
CUT
10
65.2688
20
155.6742
0
VERTEX
8
CUT
10
65.4588
20
155.6980
0
VERTEX
8
CUT
10
65.6503
20
155.7044
0
VERTEX
8
CUT
10
65.8414
20
155.6933
0
VERTEX
8
CUT
10
67.4050
20
155.5309
0
VERTEX
8
CUT
10
67.6196
20
155.4974
0
VERTEX
8
CUT
10
67.8297
20
155.4418
0
VERTEX
8
CUT
10
69.2861
20
154.9744
0
VERTEX
8
CUT
10
69.4508
20
154.9139
0
VERTEX
8
CUT
10
69.6098
20
154.8398
0
VERTEX
8
CUT
10
69.7622
20
154.7527
0
VERTEX
8
CUT
10
71.4845
20
153.6698
0
VERTEX
8
CUT
10
71.6289
20
153.5704
0
VERTEX
8
CUT
10
71.7645
20
153.4593
0
VERTEX
8
CUT
10
71.8904
20
153.3373
0
VERTEX
8
CUT
10
73.3493
20
151.7993
0
VERTEX
8
CUT
10
73.4976
20
151.6249
0
VERTEX
8
CUT
10
73.6259
20
151.4354
0
VERTEX
8
CUT
10
74.7947
20
149.4898
0
VERTEX
8
CUT
10
74.8999
20
149.2913
0
VERTEX
8
CUT
10
74.9833
20
149.0826
0
VERTEX
8
CUT
10
75.9535
20
146.2207
0
VERTEX
8
CUT
10
76.0023
20
146.0546
0
VERTEX
8
CUT
10
76.0372
20
145.8851
0
VERTEX
8
CUT
10
76.0581
20
145.7133
0
VERTEX
8
CUT
10
76.2380
20
143.4546
0
VERTEX
8
CUT
10
76.2408
20
143.1617
0
VERTEX
8
CUT
10
75.9020
20
137.5331
0
VERTEX
8
CUT
10
75.9005
20
137.5002
0
VERTEX
8
CUT
10
75.8994
20
137.4535
0
VERTEX
8
CUT
10
75.8991
20
137.4207
0
VERTEX
8
CUT
10
75.9292
20
134.1131
0
VERTEX
8
CUT
10
75.9304
20
134.0725
0
VERTEX
8
CUT
10
75.9323
20
134.0373
0
VERTEX
8
CUT
10
75.9400
20
133.9565
0
VERTEX
8
CUT
10
75.9417
20
133.9438
0
VERTEX
8
CUT
10
75.9563
20
133.8639
0
VERTEX
8
CUT
10
75.9641
20
133.8296
0
VERTEX
8
CUT
10
75.9739
20
133.7901
0
VERTEX
8
CUT
10
76.3481
20
132.4154
0
VERTEX
8
CUT
10
76.3916
20
132.2187
0
VERTEX
8
CUT
10
76.4161
20
132.0188
0
VERTEX
8
CUT
10
76.4213
20
131.8174
0
VERTEX
8
CUT
10
76.4072
20
131.6164
0
VERTEX
8
CUT
10
76.3739
20
131.4178
0
VERTEX
8
CUT
10
76.3217
20
131.2232
0
VERTEX
8
CUT
10
76.2511
20
131.0345
0
VERTEX
8
CUT
10
76.1627
20
130.8535
0
VERTEX
8
CUT
10
76.0575
20
130.6817
0
VERTEX
8
CUT
10
75.9362
20
130.5209
0
VERTEX
8
CUT
10
75.8001
20
130.3723
0
VERTEX
8
CUT
10
75.6504
20
130.2376
0
VERTEX
8
CUT
10
75.4884
20
130.1177
0
VERTEX
8
CUT
10
75.3158
20
130.0140
0
VERTEX
8
CUT
10
75.1339
20
129.9273
0
VERTEX
8
CUT
10
74.9446
20
129.8584
0
VERTEX
8
CUT
10
74.7496
20
129.8079
0
VERTEX
8
CUT
10
74.5506
20
129.7764
0
VERTEX
8
CUT
10
74.4718
20
129.7677
0
VERTEX
8
CUT
10
74.3859
20
129.7533
0
VERTEX
8
CUT
10
74.3714
20
129.7502
0
VERTEX
8
CUT
10
74.2802
20
129.7254
0
VERTEX
8
CUT
10
74.2661
20
129.7208
0
VERTEX
8
CUT
10
74.1778
20
129.6870
0
VERTEX
8
CUT
10
74.1642
20
129.6810
0
VERTEX
8
CUT
10
74.0798
20
129.6387
0
VERTEX
8
CUT
10
74.0668
20
129.6314
0
VERTEX
8
CUT
10
73.9870
20
129.5809
0
VERTEX
8
CUT
10
73.9748
20
129.5723
0
VERTEX
8
CUT
10
73.9004
20
129.5141
0
VERTEX
8
CUT
10
73.8892
20
129.5044
0
VERTEX
8
CUT
10
73.8209
20
129.4391
0
VERTEX
8
CUT
10
73.8107
20
129.4283
0
VERTEX
8
CUT
10
73.7493
20
129.3565
0
VERTEX
8
CUT
10
73.7402
20
129.3447
0
VERTEX
8
CUT
10
73.6862
20
129.2672
0
VERTEX
8
CUT
10
73.6783
20
129.2546
0
VERTEX
8
CUT
10
73.6323
20
129.1721
0
VERTEX
8
CUT
10
73.6257
20
129.1588
0
VERTEX
8
CUT
10
73.5881
20
129.0721
0
VERTEX
8
CUT
10
73.5829
20
129.0582
0
VERTEX
8
CUT
10
73.5541
20
128.9682
0
VERTEX
8
CUT
10
73.5503
20
128.9538
0
VERTEX
8
CUT
10
73.5306
20
128.8614
0
VERTEX
8
CUT
10
73.5282
20
128.8468
0
VERTEX
8
CUT
10
73.5178
20
128.7529
0
VERTEX
8
CUT
10
73.5169
20
128.7380
0
VERTEX
8
CUT
10
73.5158
20
128.6435
0
VERTEX
8
CUT
10
73.5164
20
128.6287
0
VERTEX
8
CUT
10
73.5247
20
128.5346
0
VERTEX
8
CUT
10
73.5268
20
128.5199
0
VERTEX
8
CUT
10
73.5445
20
128.4271
0
VERTEX
8
CUT
10
73.5480
20
128.4126
0
VERTEX
8
CUT
10
73.5748
20
128.3220
0
VERTEX
8
CUT
10
73.5797
20
128.3080
0
VERTEX
8
CUT
10
73.6154
20
128.2205
0
VERTEX
8
CUT
10
73.6217
20
128.2070
0
VERTEX
8
CUT
10
73.6659
20
128.1235
0
VERTEX
8
CUT
10
73.6735
20
128.1108
0
VERTEX
8
CUT
10
73.7257
20
128.0321
0
VERTEX
8
CUT
10
73.7346
20
128.0201
0
VERTEX
8
CUT
10
73.7944
20
127.9470
0
VERTEX
8
CUT
10
73.8044
20
127.9360
0
VERTEX
8
CUT
10
73.8712
20
127.8692
0
VERTEX
8
CUT
10
73.8822
20
127.8592
0
VERTEX
8
CUT
10
73.9553
20
127.7994
0
VERTEX
8
CUT
10
73.9883
20
127.7750
0
VERTEX
8
CUT
10
74.0270
20
127.7479
0
VERTEX
8
CUT
10
74.7858
20
127.2440
0
VERTEX
8
CUT
10
74.9339
20
127.1361
0
VERTEX
8
CUT
10
75.0719
20
127.0157
0
VERTEX
8
CUT
10
77.3888
20
124.8105
0
VERTEX
8
CUT
10
77.5411
20
124.6494
0
VERTEX
8
CUT
10
77.6756
20
124.4730
0
VERTEX
8
CUT
10
82.3650
20
117.6006
0
VERTEX
8
CUT
10
82.3886
20
117.5676
0
VERTEX
8
CUT
10
82.4231
20
117.5213
0
VERTEX
8
CUT
10
82.4481
20
117.4893
0
VERTEX
8
CUT
10
84.1290
20
115.4289
0
VERTEX
8
CUT
10
84.1577
20
115.3953
0
VERTEX
8
CUT
10
84.1995
20
115.3486
0
VERTEX
8
CUT
10
84.2298
20
115.3165
0
VERTEX
8
CUT
10
85.6259
20
113.8974
0
VERTEX
8
CUT
10
85.6677
20
113.8283
0
VERTEX
8
CUT
10
85.6760
20
113.8161
0
VERTEX
8
CUT
10
85.7319
20
113.7414
0
VERTEX
8
CUT
10
85.7578
20
113.7103
0
VERTEX
8
CUT
10
85.7779
20
113.6871
0
VERTEX
8
CUT
10
85.8186
20
113.6458
0
VERTEX
8
CUT
10
85.8896
20
113.5787
0
VERTEX
8
CUT
10
85.9414
20
113.5332
0
VERTEX
8
CUT
10
87.8468
20
111.9781
0
VERTEX
8
CUT
10
87.8995
20
111.9381
0
VERTEX
8
CUT
10
87.9762
20
111.8840
0
VERTEX
8
CUT
10
88.0249
20
111.8520
0
VERTEX
8
CUT
10
88.0638
20
111.8204
0
VERTEX
8
CUT
10
88.1080
20
111.7865
0
VERTEX
8
CUT
10
88.1723
20
111.7402
0
VERTEX
8
CUT
10
88.2184
20
111.7089
0
VERTEX
8
CUT
10
90.1539
20
110.4796
0
VERTEX
8
CUT
10
90.2014
20
110.4514
0
VERTEX
8
CUT
10
90.2700
20
110.4132
0
VERTEX
8
CUT
10
90.3191
20
110.3877
0
VERTEX
8
CUT
10
92.4190
20
109.3749
0
VERTEX
8
CUT
10
92.4727
20
109.3510
0
VERTEX
8
CUT
10
92.5499
20
109.3195
0
VERTEX
8
CUT
10
92.6050
20
109.2990
0
VERTEX
8
CUT
10
94.8494
20
108.5412
0
VERTEX
8
CUT
10
94.9062
20
108.5239
0
VERTEX
8
CUT
10
94.9875
20
108.5020
0
VERTEX
8
CUT
10
95.0452
20
108.4884
0
VERTEX
8
CUT
10
98.3413
20
107.8178
0
VERTEX
8
CUT
10
98.3839
20
107.8101
0
VERTEX
8
CUT
10
98.4210
20
107.8043
0
VERTEX
8
CUT
10
98.5070
20
107.7949
0
VERTEX
8
CUT
10
98.5445
20
107.7925
0
VERTEX
8
CUT
10
98.5877
20
107.7907
0
VERTEX
8
CUT
10
99.9446
20
107.7657
0
VERTEX
8
CUT
10
100.7275
20
107.6851
0
VERTEX
8
CUT
10
100.7813
20
107.6811
0
VERTEX
8
CUT
10
100.8578
20
107.6776
0
VERTEX
8
CUT
10
100.9117
20
107.6766
0
VERTEX
8
CUT
10
101.3270
20
107.6812
0
VERTEX
8
CUT
10
101.3736
20
107.6828
0
VERTEX
8
CUT
10
101.4140
20
107.6853
0
VERTEX
8
CUT
10
101.5066
20
107.6954
0
VERTEX
8
CUT
10
101.5211
20
107.6977
0
VERTEX
8
CUT
10
101.6123
20
107.7169
0
VERTEX
8
CUT
10
101.6265
20
107.7206
0
VERTEX
8
CUT
10
101.6690
20
107.7340
0
VERTEX
8
CUT
10
103.2100
20
107.7057
0
VERTEX
8
CUT
10
103.2536
20
107.7059
0
VERTEX
8
CUT
10
103.3155
20
107.7076
0
VERTEX
8
CUT
10
103.3590
20
107.7098
0
VERTEX
8
CUT
10
105.5727
20
107.8725
0
VERTEX
8
CUT
10
105.6297
20
107.8785
0
VERTEX
8
CUT
10
105.7103
20
107.8893
0
VERTEX
8
CUT
10
105.7669
20
107.8987
0
VERTEX
8
CUT
10
108.7863
20
108.4921
0
VERTEX
8
CUT
10
108.8435
20
108.5052
0
VERTEX
8
CUT
10
108.9242
20
108.5263
0
VERTEX
8
CUT
10
108.9805
20
108.5429
0
VERTEX
8
CUT
10
113.1198
20
109.9044
0
VERTEX
8
CUT
10
113.1850
20
109.9285
0
VERTEX
8
CUT
10
113.2762
20
109.9661
0
VERTEX
8
CUT
10
113.3395
20
109.9949
0
VERTEX
8
CUT
10
117.1987
20
111.9272
0
VERTEX
8
CUT
10
117.2298
20
111.9435
0
VERTEX
8
CUT
10
117.2565
20
111.9581
0
VERTEX
8
CUT
10
117.3167
20
111.9940
0
VERTEX
8
CUT
10
117.3422
20
112.0105
0
VERTEX
8
CUT
10
117.3713
20
112.0302
0
VERTEX
8
CUT
10
117.8244
20
112.3481
0
VERTEX
8
CUT
10
117.8618
20
112.3757
0
VERTEX
8
CUT
10
117.8936
20
112.4005
0
VERTEX
8
CUT
10
117.9641
20
112.4610
0
VERTEX
8
CUT
10
117.9747
20
112.4711
0
VERTEX
8
CUT
10
118.0390
20
112.5383
0
VERTEX
8
CUT
10
118.0486
20
112.5493
0
VERTEX
8
CUT
10
118.1059
20
112.6225
0
VERTEX
8
CUT
10
118.1144
20
112.6344
0
VERTEX
8
CUT
10
118.1643
20
112.7128
0
VERTEX
8
CUT
10
118.1716
20
112.7255
0
VERTEX
8
CUT
10
118.2136
20
112.8084
0
VERTEX
8
CUT
10
118.2196
20
112.8218
0
VERTEX
8
CUT
10
118.2533
20
112.9084
0
VERTEX
8
CUT
10
118.2579
20
112.9223
0
VERTEX
8
CUT
10
118.2830
20
113.0118
0
VERTEX
8
CUT
10
118.2863
20
113.0260
0
VERTEX
8
CUT
10
118.3025
20
113.1175
0
VERTEX
8
CUT
10
118.3043
20
113.1320
0
VERTEX
8
CUT
10
118.3115
20
113.2247
0
VERTEX
8
CUT
10
118.3119
20
113.2393
0
VERTEX
8
CUT
10
118.3100
20
113.3323
0
VERTEX
8
CUT
10
118.3090
20
113.3469
0
VERTEX
8
CUT
10
118.2980
20
113.4392
0
VERTEX
8
CUT
10
118.2956
20
113.4536
0
VERTEX
8
CUT
10
118.2756
20
113.5444
0
VERTEX
8
CUT
10
118.2718
20
113.5585
0
VERTEX
8
CUT
10
118.2430
20
113.6469
0
VERTEX
8
CUT
10
118.2378
20
113.6605
0
VERTEX
8
CUT
10
118.2006
20
113.7457
0
VERTEX
8
CUT
10
118.1941
20
113.7588
0
VERTEX
8
CUT
10
118.1487
20
113.8399
0
VERTEX
8
CUT
10
118.1409
20
113.8523
0
VERTEX
8
CUT
10
118.0878
20
113.9286
0
VERTEX
8
CUT
10
118.0789
20
113.9402
0
VERTEX
8
CUT
10
118.0186
20
114.0109
0
VERTEX
8
CUT
10
118.0085
20
114.0215
0
VERTEX
8
CUT
10
117.9416
20
114.0860
0
VERTEX
8
CUT
10
117.9306
20
114.0957
0
VERTEX
8
CUT
10
117.8577
20
114.1533
0
VERTEX
8
CUT
10
117.8457
20
114.1618
0
VERTEX
8
CUT
10
117.7675
20
114.2120
0
VERTEX
8
CUT
10
117.7549
20
114.2193
0
VERTEX
8
CUT
10
117.6721
20
114.2616
0
VERTEX
8
CUT
10
117.6588
20
114.2676
0
VERTEX
8
CUT
10
117.5723
20
114.3017
0
VERTEX
8
CUT
10
117.5584
20
114.3064
0
VERTEX
8
CUT
10
117.4690
20
114.3318
0
VERTEX
8
CUT
10
117.4548
20
114.3351
0
VERTEX
8
CUT
10
117.3633
20
114.3516
0
VERTEX
8
CUT
10
117.3488
20
114.3535
0
VERTEX
8
CUT
10
117.2561
20
114.3610
0
VERTEX
8
CUT
10
117.2415
20
114.3615
0
VERTEX
8
CUT
10
117.1486
20
114.3599
0
VERTEX
8
CUT
10
117.1340
20
114.3590
0
VERTEX
8
CUT
10
117.0417
20
114.3483
0
VERTEX
8
CUT
10
117.0272
20
114.3459
0
VERTEX
8
CUT
10
116.9364
20
114.3263
0
VERTEX
8
CUT
10
116.9222
20
114.3225
0
VERTEX
8
CUT
10
116.8337
20
114.2941
0
VERTEX
8
CUT
10
116.7960
20
114.2799
0
VERTEX
8
CUT
10
116.7529
20
114.2625
0
VERTEX
8
CUT
10
113.8630
20
113.0110
0
VERTEX
8
CUT
10
113.6135
20
112.9211
0
VERTEX
8
CUT
10
110.6824
20
112.0710
0
VERTEX
8
CUT
10
110.4685
20
112.0209
0
VERTEX
8
CUT
10
108.7150
20
111.7060
0
VERTEX
8
CUT
10
108.4598
20
111.6762
0
VERTEX
8
CUT
10
103.3809
20
111.3953
0
VERTEX
8
CUT
10
103.2215
20
111.3925
0
VERTEX
8
CUT
10
103.0624
20
111.4019
0
VERTEX
8
CUT
10
100.6553
20
111.6351
0
VERTEX
8
CUT
10
100.4735
20
111.6608
0
VERTEX
8
CUT
10
100.2947
20
111.7023
0
VERTEX
8
CUT
10
95.6340
20
112.9997
0
VERTEX
8
CUT
10
95.4529
20
113.0591
0
VERTEX
8
CUT
10
95.2779
20
113.1347
0
VERTEX
8
CUT
10
91.1516
20
115.1438
0
VERTEX
8
CUT
10
90.9794
20
115.2378
0
VERTEX
8
CUT
10
90.8168
20
115.3475
0
VERTEX
8
CUT
10
87.8452
20
117.5602
0
VERTEX
8
CUT
10
87.7159
20
117.6647
0
VERTEX
8
CUT
10
87.5953
20
117.7790
0
VERTEX
8
CUT
10
83.4095
20
122.0750
0
VERTEX
8
CUT
10
83.2404
20
122.2714
0
VERTEX
8
CUT
10
81.8386
20
124.1194
0
VERTEX
8
CUT
10
81.7223
20
124.2894
0
VERTEX
8
CUT
10
81.6233
20
124.4699
0
VERTEX
8
CUT
10
81.5424
20
124.6593
0
VERTEX
8
CUT
10
81.4804
20
124.8557
0
VERTEX
8
CUT
10
81.4380
20
125.0572
0
VERTEX
8
CUT
10
81.4155
20
125.2619
0
VERTEX
8
CUT
10
81.4132
20
125.4678
0
VERTEX
8
CUT
10
81.4310
20
125.6729
0
VERTEX
8
CUT
10
81.4689
20
125.8753
0
VERTEX
8
CUT
10
81.5264
20
126.0731
0
VERTEX
8
CUT
10
81.6029
20
126.2642
0
VERTEX
8
CUT
10
81.6979
20
126.4469
0
VERTEX
8
CUT
10
81.8102
20
126.6195
0
VERTEX
8
CUT
10
81.9390
20
126.7802
0
VERTEX
8
CUT
10
82.0828
20
126.9275
0
VERTEX
8
CUT
10
82.2404
20
127.0601
0
VERTEX
8
CUT
10
82.4103
20
127.1765
0
VERTEX
8
CUT
10
82.5907
20
127.2758
0
VERTEX
8
CUT
10
82.7320
20
127.3364
0
VERTEX
8
CUT
10
82.7318
20
127.3367
0
VERTEX
8
CUT
10
82.8575
20
127.3901
0
VERTEX
8
CUT
10
82.8700
20
127.3961
0
VERTEX
8
CUT
10
82.9474
20
127.4379
0
VERTEX
8
CUT
10
82.9592
20
127.4450
0
VERTEX
8
CUT
10
83.0324
20
127.4938
0
VERTEX
8
CUT
10
83.0632
20
127.5164
0
VERTEX
8
CUT
10
83.0980
20
127.5432
0
VERTEX
8
CUT
10
83.3501
20
127.7472
0
VERTEX
8
CUT
10
83.3866
20
127.7782
0
VERTEX
8
CUT
10
83.4176
20
127.8060
0
VERTEX
8
CUT
10
83.4856
20
127.8735
0
VERTEX
8
CUT
10
83.4958
20
127.8846
0
VERTEX
8
CUT
10
83.5567
20
127.9586
0
VERTEX
8
CUT
10
83.5656
20
127.9707
0
VERTEX
8
CUT
10
83.6188
20
128.0505
0
VERTEX
8
CUT
10
83.6265
20
128.0634
0
VERTEX
8
CUT
10
83.6713
20
128.1481
0
VERTEX
8
CUT
10
83.6889
20
128.1858
0
VERTEX
8
CUT
10
83.7080
20
128.2298
0
VERTEX
8
CUT
10
83.9894
20
128.9226
0
VERTEX
8
CUT
10
84.0068
20
128.9691
0
VERTEX
8
CUT
10
84.0209
20
129.0099
0
VERTEX
8
CUT
10
84.0485
20
129.1053
0
VERTEX
8
CUT
10
84.0520
20
129.1205
0
VERTEX
8
CUT
10
84.0695
20
129.2183
0
VERTEX
8
CUT
10
84.0714
20
129.2338
0
VERTEX
8
CUT
10
84.0785
20
129.3329
0
VERTEX
8
CUT
10
84.0793
20
129.3760
0
VERTEX
8
CUT
10
84.0790
20
129.4257
0
VERTEX
8
CUT
10
84.0343
20
130.7793
0
VERTEX
8
CUT
10
84.0321
20
130.8195
0
VERTEX
8
CUT
10
84.0295
20
130.8543
0
VERTEX
8
CUT
10
84.0200
20
130.9341
0
VERTEX
8
CUT
10
84.0180
20
130.9466
0
VERTEX
8
CUT
10
84.0019
20
131.0253
0
VERTEX
8
CUT
10
83.9934
20
131.0592
0
VERTEX
8
CUT
10
83.9829
20
131.0980
0
VERTEX
8
CUT
10
83.3448
20
133.2595
0
VERTEX
8
CUT
10
83.3249
20
133.3196
0
VERTEX
8
CUT
10
83.2938
20
133.4038
0
VERTEX
8
CUT
10
83.2699
20
133.4624
0
VERTEX
8
CUT
10
82.5386
20
135.0990
0
VERTEX
8
CUT
10
82.5185
20
135.1411
0
VERTEX
8
CUT
10
82.5001
20
135.1773
0
VERTEX
8
CUT
10
82.4539
20
135.2583
0
VERTEX
8
CUT
10
82.4460
20
135.2707
0
VERTEX
8
CUT
10
82.3920
20
135.3468
0
VERTEX
8
CUT
10
82.3829
20
135.3584
0
VERTEX
8
CUT
10
82.3217
20
135.4288
0
VERTEX
8
CUT
10
82.3116
20
135.4394
0
VERTEX
8
CUT
10
82.2438
20
135.5035
0
VERTEX
8
CUT
10
82.2326
20
135.5130
0
VERTEX
8
CUT
10
82.1588
20
135.5702
0
VERTEX
8
CUT
10
82.1468
20
135.5786
0
VERTEX
8
CUT
10
82.0677
20
135.6282
0
VERTEX
8
CUT
10
82.0549
20
135.6354
0
VERTEX
8
CUT
10
81.9714
20
135.6770
0
VERTEX
8
CUT
10
81.9580
20
135.6829
0
VERTEX
8
CUT
10
81.8708
20
135.7161
0
VERTEX
8
CUT
10
81.8568
20
135.7206
0
VERTEX
8
CUT
10
81.7668
20
135.7451
0
VERTEX
8
CUT
10
81.7524
20
135.7483
0
VERTEX
8
CUT
10
81.6937
20
135.7582
0
VERTEX
8
CUT
10
81.4981
20
135.8009
0
VERTEX
8
CUT
10
81.3076
20
135.8620
0
VERTEX
8
CUT
10
81.1237
20
135.9409
0
VERTEX
8
CUT
10
80.9481
20
136.0370
0
VERTEX
8
CUT
10
80.7825
20
136.1494
0
VERTEX
8
CUT
10
80.6284
20
136.2770
0
VERTEX
8
CUT
10
80.4871
20
136.4187
0
VERTEX
8
CUT
10
80.3599
20
136.5732
0
VERTEX
8
CUT
10
80.0137
20
137.0374
0
VERTEX
8
CUT
10
79.8901
20
137.2229
0
VERTEX
8
CUT
10
79.7868
20
137.4205
0
VERTEX
8
CUT
10
79.7051
20
137.6279
0
VERTEX
8
CUT
10
79.6458
20
137.8428
0
VERTEX
8
CUT
10
79.3048
20
139.3963
0
VERTEX
8
CUT
10
79.2713
20
139.5929
0
VERTEX
8
CUT
10
79.2567
20
139.7918
0
VERTEX
8
CUT
10
79.1144
20
145.2469
0
VERTEX
8
CUT
10
79.1102
20
145.3147
0
VERTEX
8
CUT
10
79.1008
20
145.4105
0
VERTEX
8
CUT
10
79.0918
20
145.4778
0
VERTEX
8
CUT
10
78.5004
20
148.9436
0
VERTEX
8
CUT
10
78.4923
20
148.9852
0
VERTEX
8
CUT
10
78.4845
20
149.0211
0
VERTEX
8
CUT
10
78.4629
20
149.1030
0
VERTEX
8
CUT
10
78.4519
20
149.1381
0
VERTEX
8
CUT
10
78.4384
20
149.1783
0
VERTEX
8
CUT
10
77.4448
20
151.9212
0
VERTEX
8
CUT
10
77.4281
20
151.9640
0
VERTEX
8
CUT
10
77.4127
20
152.0009
0
VERTEX
8
CUT
10
77.3732
20
152.0839
0
VERTEX
8
CUT
10
77.3663
20
152.0966
0
VERTEX
8
CUT
10
77.3189
20
152.1754
0
VERTEX
8
CUT
10
77.2967
20
152.2086
0
VERTEX
8
CUT
10
77.2702
20
152.2462
0
VERTEX
8
CUT
10
75.8664
20
154.1388
0
VERTEX
8
CUT
10
75.8351
20
154.1787
0
VERTEX
8
CUT
10
75.8071
20
154.2125
0
VERTEX
8
CUT
10
75.7385
20
154.2869
0
VERTEX
8
CUT
10
75.7070
20
154.3176
0
VERTEX
8
CUT
10
75.6698
20
154.3520
0
VERTEX
8
CUT
10
73.3126
20
156.4162
0
VERTEX
8
CUT
10
73.2682
20
156.4528
0
VERTEX
8
CUT
10
73.2037
20
156.5027
0
VERTEX
8
CUT
10
73.1573
20
156.5364
0
VERTEX
8
CUT
10
71.6296
20
157.5777
0
VERTEX
8
CUT
10
71.5926
20
157.6017
0
VERTEX
8
CUT
10
71.5600
20
157.6218
0
VERTEX
8
CUT
10
71.4829
20
157.6645
0
VERTEX
8
CUT
10
71.4704
20
157.6706
0
VERTEX
8
CUT
10
71.3897
20
157.7060
0
VERTEX
8
CUT
10
71.3767
20
157.7109
0
VERTEX
8
CUT
10
71.2930
20
157.7386
0
VERTEX
8
CUT
10
71.2562
20
157.7489
0
VERTEX
8
CUT
10
71.2134
20
157.7599
0
VERTEX
8
CUT
10
68.3556
20
158.4192
0
VERTEX
8
CUT
10
68.3047
20
158.4294
0
VERTEX
8
CUT
10
68.2604
20
158.4371
0
VERTEX
8
CUT
10
68.1574
20
158.4493
0
VERTEX
8
CUT
10
68.1412
20
158.4503
0
VERTEX
8
CUT
10
68.0375
20
158.4512
0
VERTEX
8
CUT
10
67.9925
20
158.4491
0
VERTEX
8
CUT
10
67.9408
20
158.4452
0
VERTEX
8
CUT
10
66.0547
20
158.2539
0
VERTEX
8
CUT
10
66.0001
20
158.2467
0
VERTEX
8
CUT
10
65.9530
20
158.2392
0
VERTEX
8
CUT
10
65.8456
20
158.2155
0
VERTEX
8
CUT
10
65.7997
20
158.2025
0
VERTEX
8
CUT
10
65.7471
20
158.1860
0
VERTEX
8
CUT
10
64.5531
20
157.7730
0
VERTEX
8
CUT
10
64.5089
20
157.7565
0
VERTEX
8
CUT
10
64.4710
20
157.7412
0
VERTEX
8
CUT
10
64.3854
20
157.7017
0
SEQEND
0
POLYLINE
8
CUT
66
1
70
1
10
0.0
20
0.0
30
0.0
0
VERTEX
8
CUT
10
95.0888
20
240.1326
0
VERTEX
8
CUT
10
95.2668
20
240.0039
0
VERTEX
8
CUT
10
95.4304
20
239.8573
0
VERTEX
8
CUT
10
95.5778
20
239.6944
0
VERTEX
8
CUT
10
96.2949
20
238.8133
0
VERTEX
8
CUT
10
96.3983
20
238.6750
0
VERTEX
8
CUT
10
96.4900
20
238.5287
0
VERTEX
8
CUT
10
97.0465
20
237.5536
0
VERTEX
8
CUT
10
97.1478
20
237.3515
0
VERTEX
8
CUT
10
97.2268
20
237.1397
0
VERTEX
8
CUT
10
98.0350
20
234.5565
0
VERTEX
8
CUT
10
98.0879
20
234.3517
0
VERTEX
8
CUT
10
98.1199
20
234.1425
0
VERTEX
8
CUT
10
98.2666
20
232.7039
0
VERTEX
8
CUT
10
98.2769
20
232.5354
0
VERTEX
8
CUT
10
98.2737
20
232.3666
0
VERTEX
8
CUT
10
98.1048
20
229.5180
0
VERTEX
8
CUT
10
98.1031
20
229.4716
0
VERTEX
8
CUT
10
98.1027
20
229.4313
0
VERTEX
8
CUT
10
98.1063
20
229.3384
0
VERTEX
8
CUT
10
98.1076
20
229.3239
0
VERTEX
8
CUT
10
98.1202
20
229.2318
0
VERTEX
8
CUT
10
98.1229
20
229.2175
0
VERTEX
8
CUT
10
98.1445
20
229.1271
0
VERTEX
8
CUT
10
98.1486
20
229.1131
0
VERTEX
8
CUT
10
98.1580
20
229.0859
0
VERTEX
8
CUT
10
98.2179
20
228.8780
0
VERTEX
8
CUT
10
98.2562
20
228.6650
0
VERTEX
8
CUT
10
98.2723
20
228.4493
0
VERTEX
8
CUT
10
98.2662
20
228.2330
0
VERTEX
8
CUT
10
98.2378
20
228.0185
0
VERTEX
8
CUT
10
98.1875
20
227.8080
0
VERTEX
8
CUT
10
98.1158
20
227.6038
0
VERTEX
8
CUT
10
98.0235
20
227.4081
0
VERTEX
8
CUT
10
97.9115
20
227.2230
0
VERTEX
8
CUT
10
97.8252
20
227.0956
0
VERTEX
8
CUT
10
97.8192
20
227.0857
0
VERTEX
8
CUT
10
97.7751
20
227.0038
0
VERTEX
8
CUT
10
97.7688
20
226.9906
0
VERTEX
8
CUT
10
97.7328
20
226.9048
0
VERTEX
8
CUT
10
97.7278
20
226.8910
0
VERTEX
8
CUT
10
97.7005
20
226.8021
0
VERTEX
8
CUT
10
97.6905
20
226.7629
0
VERTEX
8
CUT
10
97.6801
20
226.7175
0
VERTEX
8
CUT
10
96.1974
20
219.4146
0
VERTEX
8
CUT
10
95.9870
20
218.5031
0
VERTEX
8
CUT
10
95.9780
20
218.4595
0
VERTEX
8
CUT
10
95.9666
20
218.3972
0
VERTEX
8
CUT
10
95.9597
20
218.3532
0
VERTEX
8
CUT
10
95.9167
20
218.0320
0
VERTEX
8
CUT
10
95.6925
20
216.9277
0
VERTEX
8
CUT
10
95.6842
20
216.8812
0
VERTEX
8
CUT
10
95.6742
20
216.8148
0
VERTEX
8
CUT
10
95.6683
20
216.7679
0
VERTEX
8
CUT
10
95.3694
20
213.8117
0
VERTEX
8
CUT
10
95.3650
20
213.7445
0
VERTEX
8
CUT
10
95.3622
20
213.6489
0
VERTEX
8
CUT
10
95.3626
20
213.5816
0
VERTEX
8
CUT
10
95.5015
20
210.2044
0
VERTEX
8
CUT
10
95.5066
20
210.1378
0
VERTEX
8
CUT
10
95.5171
20
210.0435
0
VERTEX
8
CUT
10
95.5269
20
209.9774
0
VERTEX
8
CUT
10
95.9391
20
207.7358
0
VERTEX
8
CUT
10
95.9524
20
207.6749
0
VERTEX
8
CUT
10
95.9741
20
207.5891
0
VERTEX
8
CUT
10
95.9913
20
207.5292
0
VERTEX
8
CUT
10
96.1498
20
207.0397
0
VERTEX
8
CUT
10
96.1668
20
206.9446
0
VERTEX
8
CUT
10
96.1767
20
206.8969
0
VERTEX
8
CUT
10
96.1862
20
206.8557
0
VERTEX
8
CUT
10
96.2131
20
206.7622
0
VERTEX
8
CUT
10
96.2268
20
206.7222
0
VERTEX
8
CUT
10
96.2438
20
206.6766
0
VERTEX
8
CUT
10
96.3655
20
206.3737
0
VERTEX
8
CUT
10
96.7062
20
205.3215
0
VERTEX
8
CUT
10
96.7243
20
205.2707
0
VERTEX
8
CUT
10
96.7519
20
205.1994
0
VERTEX
8
CUT
10
96.7728
20
205.1498
0
VERTEX
8
CUT
10
97.5124
20
203.5224
0
VERTEX
8
CUT
10
97.5185
20
203.5083
0
VERTEX
8
CUT
10
97.5293
20
203.4853
0
VERTEX
8
CUT
10
97.7246
20
203.0555
0
VERTEX
8
CUT
10
97.7521
20
202.9999
0
VERTEX
8
CUT
10
97.7937
20
202.9223
0
VERTEX
8
CUT
10
97.8248
20
202.8686
0
VERTEX
8
CUT
10
99.0017
20
200.9798
0
VERTEX
8
CUT
10
99.0377
20
200.9262
0
VERTEX
8
CUT
10
99.0914
20
200.8519
0
VERTEX
8
CUT
10
99.1309
20
200.8008
0
VERTEX
8
CUT
10
100.5765
20
199.0607
0
VERTEX
8
CUT
10
100.6193
20
199.0127
0
VERTEX
8
CUT
10
100.6822
20
198.9467
0
VERTEX
8
CUT
10
100.7280
20
198.9016
0
VERTEX
8
CUT
10
102.2927
20
197.4665
0
VERTEX
8
CUT
10
102.3458
20
197.4213
0
VERTEX
8
CUT
10
102.4236
20
197.3598
0
VERTEX
8
CUT
10
102.4799
20
197.3186
0
VERTEX
8
CUT
10
104.2233
20
196.1381
0
VERTEX
8
CUT
10
104.2545
20
196.1178
0
VERTEX
8
CUT
10
104.2820
20
196.1007
0
VERTEX
8
CUT
10
104.3467
20
196.0640
0
VERTEX
8
CUT
10
104.3754
20
196.0491
0
VERTEX
8
CUT
10
104.4088
20
196.0326
0
VERTEX
8
CUT
10
105.2775
20
195.6254
0
VERTEX
8
CUT
10
105.3194
20
195.6070
0
VERTEX
8
CUT
10
105.3561
20
195.5919
0
VERTEX
8
CUT
10
105.4422
20
195.5613
0
VERTEX
8
CUT
10
105.4559
20
195.5571
0
VERTEX
8
CUT
10
105.5446
20
195.5349
0
VERTEX
8
CUT
10
105.5587
20
195.5320
0
VERTEX
8
CUT
10
105.6491
20
195.5184
0
VERTEX
8
CUT
10
105.6634
20
195.5170
0
VERTEX
8
CUT
10
105.7547
20
195.5121
0
VERTEX
8
CUT
10
105.7691
20
195.5121
0
VERTEX
8
CUT
10
105.8605
20
195.5160
0
VERTEX
8
CUT
10
105.8748
20
195.5173
0
VERTEX
8
CUT
10
105.9653
20
195.5301
0
VERTEX
8
CUT
10
105.9794
20
195.5327
0
VERTEX
8
CUT
10
106.0683
20
195.5541
0
VERTEX
8
CUT
10
106.0821
20
195.5581
0
VERTEX
8
CUT
10
106.1686
20
195.5880
0
VERTEX
8
CUT
10
106.1819
20
195.5933
0
VERTEX
8
CUT
10
106.2651
20
195.6313
0
VERTEX
8
CUT
10
106.2778
20
195.6379
0
VERTEX
8
CUT
10
106.3570
20
195.6837
0
VERTEX
8
CUT
10
106.3690
20
195.6915
0
VERTEX
8
CUT
10
106.4434
20
195.7447
0
VERTEX
8
CUT
10
106.4745
20
195.7694
0
VERTEX
8
CUT
10
106.4983
20
195.7892
0
VERTEX
8
CUT
10
106.5218
20
195.8107
0
VERTEX
8
CUT
10
106.5507
20
195.8386
0
VERTEX
8
CUT
10
106.6143
20
195.9060
0
VERTEX
8
CUT
10
106.6237
20
195.9171
0
VERTEX
8
CUT
10
106.6804
20
195.9904
0
VERTEX
8
CUT
10
106.6887
20
196.0023
0
VERTEX
8
CUT
10
106.7380
20
196.0808
0
VERTEX
8
CUT
10
106.7451
20
196.0935
0
VERTEX
8
CUT
10
106.7864
20
196.1764
0
VERTEX
8
CUT
10
106.7923
20
196.1898
0
VERTEX
8
CUT
10
106.8254
20
196.2763
0
VERTEX
8
CUT
10
106.8299
20
196.2902
0
VERTEX
8
CUT
10
106.8544
20
196.3795
0
VERTEX
8
CUT
10
106.8576
20
196.3937
0
VERTEX
8
CUT
10
106.8732
20
196.4851
0
VERTEX
8
CUT
10
106.8750
20
196.4995
0
VERTEX
8
CUT
10
106.8817
20
196.5919
0
VERTEX
8
CUT
10
106.8820
20
196.6065
0
VERTEX
8
CUT
10
106.8796
20
196.6991
0
VERTEX
8
CUT
10
106.8767
20
196.7392
0
VERTEX
8
CUT
10
106.8721
20
196.7853
0
VERTEX
8
CUT
10
106.1658
20
202.4965
0
VERTEX
8
CUT
10
106.1500
20
202.7333
0
VERTEX
8
CUT
10
106.1187
20
205.8745
0
VERTEX
8
CUT
10
106.1171
20
205.9203
0
VERTEX
8
CUT
10
106.1148
20
205.9599
0
VERTEX
8
CUT
10
106.1051
20
206.0508
0
VERTEX
8
CUT
10
106.1029
20
206.0650
0
VERTEX
8
CUT
10
106.0845
20
206.1546
0
VERTEX
8
CUT
10
106.0809
20
206.1685
0
VERTEX
8
CUT
10
106.0540
20
206.2559
0
VERTEX
8
CUT
10
106.0491
20
206.2694
0
VERTEX
8
CUT
10
106.0139
20
206.3538
0
VERTEX
8
CUT
10
106.0077
20
206.3668
0
VERTEX
8
CUT
10
105.9645
20
206.4474
0
VERTEX
8
CUT
10
105.9571
20
206.4598
0
VERTEX
8
CUT
10
105.9064
20
206.5358
0
VERTEX
8
CUT
10
105.8979
20
206.5474
0
VERTEX
8
CUT
10
105.8401
20
206.6182
0
VERTEX
8
CUT
10
105.8304
20
206.6289
0
VERTEX
8
CUT
10
105.7661
20
206.6939
0
VERTEX
8
CUT
10
105.7555
20
206.7036
0
VERTEX
8
CUT
10
105.6852
20
206.7621
0
VERTEX
8
CUT
10
105.6737
20
206.7707
0
VERTEX
8
CUT
10
105.5981
20
206.8222
0
VERTEX
8
CUT
10
105.5642
20
206.8429
0
VERTEX
8
CUT
10
105.5246
20
206.8658
0
VERTEX
8
CUT
10
103.5692
20
207.9366
0
VERTEX
8
CUT
10
103.3821
20
208.0522
0
VERTEX
8
CUT
10
103.2081
20
208.1868
0
VERTEX
8
CUT
10
103.1092
20
208.2718
0
VERTEX
8
CUT
10
102.9570
20
208.4167
0
VERTEX
8
CUT
10
102.8200
20
208.5761
0
VERTEX
8
CUT
10
102.6996
20
208.7484
0
VERTEX
8
CUT
10
102.5971
20
208.9318
0
VERTEX
8
CUT
10
102.5134
20
209.1246
0
VERTEX
8
CUT
10
102.4493
20
209.3248
0
VERTEX
8
CUT
10
102.4056
20
209.5304
0
VERTEX
8
CUT
10
102.3827
20
209.7393
0
VERTEX
8
CUT
10
102.3488
20
210.3119
0
VERTEX
8
CUT
10
102.3469
20
210.5232
0
VERTEX
8
CUT
10
102.3663
20
210.7337
0
VERTEX
8
CUT
10
102.4067
20
210.9411
0
VERTEX
8
CUT
10
102.4678
20
211.1434
0
VERTEX
8
CUT
10
102.5489
20
211.3386
0
VERTEX
8
CUT
10
102.9366
20
212.1532
0
VERTEX
8
CUT
10
102.9556
20
212.1960
0
VERTEX
8
CUT
10
102.9712
20
212.2334
0
VERTEX
8
CUT
10
103.0029
20
212.3214
0
VERTEX
8
CUT
10
103.0072
20
212.3355
0
VERTEX
8
CUT
10
103.0301
20
212.4261
0
VERTEX
8
CUT
10
103.0330
20
212.4406
0
VERTEX
8
CUT
10
103.0468
20
212.5331
0
VERTEX
8
CUT
10
103.0508
20
212.5735
0
VERTEX
8
CUT
10
103.0543
20
212.6201
0
VERTEX
8
CUT
10
103.0574
20
212.6814
0
VERTEX
8
CUT
10
103.0586
20
212.7271
0
VERTEX
8
CUT
10
103.0587
20
212.7668
0
VERTEX
8
CUT
10
103.0544
20
212.8581
0
VERTEX
8
CUT
10
103.0531
20
212.8724
0
VERTEX
8
CUT
10
103.0401
20
212.9629
0
VERTEX
8
CUT
10
103.0374
20
212.9770
0
VERTEX
8
CUT
10
103.0157
20
213.0658
0
VERTEX
8
CUT
10
103.0116
20
213.0796
0
VERTEX
8
CUT
10
102.9816
20
213.1660
0
VERTEX
8
CUT
10
102.9667
20
213.2028
0
VERTEX
8
CUT
10
102.9486
20
213.2448
0
VERTEX
8
CUT
10
102.1866
20
214.8993
0
VERTEX
8
CUT
10
102.1051
20
215.1037
0
VERTEX
8
CUT
10
102.0455
20
215.3155
0
VERTEX
8
CUT
10
102.0084
20
215.5324
0
VERTEX
8
CUT
10
101.9941
20
215.7520
0
VERTEX
8
CUT
10
101.9643
20
218.1851
0
VERTEX
8
CUT
10
101.9623
20
218.2365
0
VERTEX
8
CUT
10
101.9593
20
218.2811
0
VERTEX
8
CUT
10
101.9469
20
218.3832
0
VERTEX
8
CUT
10
101.9441
20
218.3991
0
VERTEX
8
CUT
10
101.9207
20
218.4993
0
VERTEX
8
CUT
10
101.9083
20
218.5421
0
VERTEX
8
CUT
10
101.8925
20
218.5912
0
VERTEX
8
CUT
10
100.3389
20
223.0178
0
VERTEX
8
CUT
10
100.2900
20
223.1770
0
VERTEX
8
CUT
10
100.2539
20
223.3397
0
VERTEX
8
CUT
10
99.8964
20
225.3174
0
VERTEX
8
CUT
10
99.8713
20
225.5038
0
VERTEX
8
CUT
10
99.8630
20
225.6917
0
VERTEX
8
CUT
10
99.8633
20
226.4977
0
VERTEX
8
CUT
10
99.8621
20
226.5443
0
VERTEX
8
CUT
10
99.8602
20
226.5846
0
VERTEX
8
CUT
10
99.8511
20
226.6772
0
VERTEX
8
CUT
10
99.8490
20
226.6917
0
VERTEX
8
CUT
10
99.8309
20
226.7830
0
VERTEX
8
CUT
10
99.8273
20
226.7972
0
VERTEX
8
CUT
10
99.7855
20
226.9355
0
VERTEX
8
CUT
10
99.7873
20
226.9361
0
VERTEX
8
CUT
10
99.7567
20
227.0367
0
VERTEX
8
CUT
10
99.7170
20
227.2325
0
VERTEX
8
CUT
10
99.6961
20
227.4311
0
VERTEX
8
CUT
10
99.6942
20
227.6308
0
VERTEX
8
CUT
10
99.7112
20
227.8298
0
VERTEX
8
CUT
10
99.7470
20
228.0263
0
VERTEX
8
CUT
10
99.8014
20
228.2185
0
VERTEX
8
CUT
10
99.8737
20
228.4047
0
VERTEX
8
CUT
10
99.9635
20
228.5831
0
VERTEX
8
CUT
10
100.0697
20
228.7522
0
VERTEX
8
CUT
10
100.1091
20
228.8087
0
VERTEX
8
CUT
10
100.1572
20
228.8858
0
VERTEX
8
CUT
10
100.1643
20
228.8985
0
VERTEX
8
CUT
10
100.2055
20
228.9818
0
VERTEX
8
CUT
10
100.2114
20
228.9952
0
VERTEX
8
CUT
10
100.2443
20
229.0821
0
VERTEX
8
CUT
10
100.2567
20
229.1204
0
VERTEX
8
CUT
10
100.2699
20
229.1650
0
VERTEX
8
CUT
10
100.4549
20
229.8494
0
VERTEX
8
CUT
10
100.4643
20
229.8873
0
VERTEX
8
CUT
10
100.4718
20
229.9203
0
VERTEX
8
CUT
10
100.4859
20
229.9970
0
VERTEX
8
CUT
10
100.4907
20
230.0305
0
VERTEX
8
CUT
10
100.4954
20
230.0693
0
VERTEX
8
CUT
10
100.6967
20
232.0813
0
VERTEX
8
CUT
10
100.7009
20
232.1449
0
VERTEX
8
CUT
10
100.7039
20
232.2353
0
VERTEX
8
CUT
10
100.7038
20
232.2990
0
VERTEX
8
CUT
10
100.5671
20
236.2626
0
VERTEX
8
CUT
10
100.5652
20
236.2981
0
VERTEX
8
CUT
10
100.5630
20
236.3289
0
VERTEX
8
CUT
10
100.5552
20
236.3996
0
VERTEX
8
CUT
10
100.5507
20
236.4301
0
VERTEX
8
CUT
10
100.5449
20
236.4652
0
VERTEX
8
CUT
10
100.1948
20
238.3435
0
VERTEX
8
CUT
10
100.1864
20
238.3841
0
VERTEX
8
CUT
10
100.1783
20
238.4190
0
VERTEX
8
CUT
10
100.1561
20
238.4988
0
VERTEX
8
CUT
10
100.1521
20
238.5111
0
VERTEX
8
CUT
10
100.1230
20
238.5886
0
VERTEX
8
CUT
10
100.1090
20
238.6217
0
VERTEX
8
CUT
10
100.0919
20
238.6594
0
VERTEX
8
CUT
10
99.5794
20
239.7321
0
VERTEX
8
CUT
10
99.5615
20
239.7676
0
VERTEX
8
CUT
10
99.5454
20
239.7981
0
VERTEX
8
CUT
10
99.5053
20
239.8666
0
VERTEX
8
CUT
10
99.4866
20
239.8956
0
VERTEX
8
CUT
10
99.4645
20
239.9285
0
VERTEX
8
CUT
10
98.6507
20
241.0855
0
VERTEX
8
CUT
10
98.6213
20
241.1250
0
VERTEX
8
CUT
10
98.5949
20
241.1587
0
VERTEX
8
CUT
10
98.5302
20
241.2330
0
VERTEX
8
CUT
10
98.5004
20
241.2637
0
VERTEX
8
CUT
10
98.4652
20
241.2982
0
VERTEX
8
CUT
10
97.0291
20
242.6364
0
VERTEX
8
CUT
10
96.9942
20
242.6675
0
VERTEX
8
CUT
10
96.9632
20
242.6936
0
VERTEX
8
CUT
10
96.8889
20
242.7502
0
VERTEX
8
CUT
10
96.8768
20
242.7586
0
VERTEX
8
CUT
10
96.7974
20
242.8077
0
VERTEX
8
CUT
10
96.7619
20
242.8272
0
VERTEX
8
CUT
10
96.7204
20
242.8488
0
VERTEX
8
CUT
10
95.7690
20
243.3141
0
VERTEX
8
CUT
10
95.7256
20
243.3340
0
VERTEX
8
CUT
10
95.6874
20
243.3503
0
VERTEX
8
CUT
10
95.5978
20
243.3835
0
VERTEX
8
CUT
10
95.5835
20
243.3880
0
VERTEX
8
CUT
10
95.4910
20
243.4119
0
VERTEX
8
CUT
10
95.4503
20
243.4203
0
VERTEX
8
CUT
10
95.4033
20
243.4288
0
VERTEX
8
CUT
10
94.1372
20
243.6237
0
VERTEX
8
CUT
10
94.0978
20
243.6289
0
VERTEX
8
CUT
10
94.0635
20
243.6328
0
VERTEX
8
CUT
10
93.9842
20
243.6383
0
VERTEX
8
CUT
10
93.9717
20
243.6386
0
VERTEX
8
CUT
10
93.8922
20
243.6374
0
VERTEX
8
CUT
10
93.8578
20
243.6355
0
VERTEX
8
CUT
10
93.8181
20
243.6324
0
VERTEX
8
CUT
10
92.9196
20
243.5437
0
VERTEX
8
CUT
10
92.8740
20
243.5381
0
VERTEX
8
CUT
10
92.8346
20
243.5323
0
VERTEX
8
CUT
10
92.7446
20
243.5145
0
VERTEX
8
CUT
10
92.7306
20
243.5110
0
VERTEX
8
CUT
10
92.6428
20
243.4847
0
VERTEX
8
CUT
10
92.6292
20
243.4798
0
VERTEX
8
CUT
10
92.5443
20
243.4451
0
VERTEX
8
CUT
10
92.5312
20
243.4390
0
VERTEX
8
CUT
10
92.4500
20
243.3962
0
VERTEX
8
CUT
10
92.4376
20
243.3889
0
VERTEX
8
CUT
10
92.3609
20
243.3385
0
VERTEX
8
CUT
10
92.3493
20
243.3300
0
VERTEX
8
CUT
10
92.2779
20
243.2724
0
VERTEX
8
CUT
10
92.2671
20
243.2628
0
VERTEX
8
CUT
10
92.2015
20
243.1987
0
VERTEX
8
CUT
10
92.1917
20
243.1881
0
VERTEX
8
CUT
10
92.1327
20
243.1179
0
VERTEX
8
CUT
10
92.1239
20
243.1064
0
VERTEX
8
CUT
10
92.0720
20
243.0308
0
VERTEX
8
CUT
10
92.0644
20
243.0185
0
VERTEX
8
CUT
10
92.0199
20
242.9383
0
VERTEX
8
CUT
10
92.0135
20
242.9253
0
VERTEX
8
CUT
10
91.9770
20
242.8412
0
VERTEX
8
CUT
10
91.9719
20
242.8277
0
VERTEX
8
CUT
10
91.9437
20
242.7404
0
VERTEX
8
CUT
10
91.9400
20
242.7264
0
VERTEX
8
CUT
10
91.9203
20
242.6368
0
VERTEX
8
CUT
10
91.9179
20
242.6226
0
VERTEX
8
CUT
10
91.9070
20
242.5315
0
VERTEX
8
CUT
10
91.9060
20
242.5171
0
VERTEX
8
CUT
10
91.9039
20
242.4254
0
VERTEX
8
CUT
10
91.9043
20
242.4110
0
VERTEX
8
CUT
10
91.9111
20
242.3195
0
VERTEX
8
CUT
10
91.9129
20
242.3052
0
VERTEX
8
CUT
10
91.9285
20
242.2148
0
VERTEX
8
CUT
10
91.9316
20
242.2007
0
VERTEX
8
CUT
10
91.9558
20
242.1122
0
VERTEX
8
CUT
10
91.9603
20
242.0985
0
VERTEX
8
CUT
10
91.9930
20
242.0128
0
VERTEX
8
CUT
10
91.9988
20
241.9995
0
VERTEX
8
CUT
10
92.0396
20
241.9174
0
VERTEX
8
CUT
10
92.0466
20
241.9048
0
VERTEX
8
CUT
10
92.0951
20
241.8269
0
VERTEX
8
CUT
10
92.1034
20
241.8151
0
VERTEX
8
CUT
10
92.1592
20
241.7423
0
VERTEX
8
CUT
10
92.1685
20
241.7312
0
VERTEX
8
CUT
10
92.2311
20
241.6642
0
VERTEX
8
CUT
10
92.2414
20
241.6541
0
VERTEX
8
CUT
10
92.3102
20
241.5934
0
VERTEX
8
CUT
10
92.3215
20
241.5844
0
VERTEX
8
CUT
10
92.3958
20
241.5306
0
VERTEX
8
CUT
10
92.4078
20
241.5227
0
VERTEX
8
CUT
10
92.4870
20
241.4763
0
VERTEX
8
CUT
10
92.4998
20
241.4696
0
VERTEX
8
CUT
10
92.5830
20
241.4311
0
VERTEX
8
CUT
10
92.5964
20
241.4257
0
VERTEX
8
CUT
10
92.6830
20
241.3954
0
VERTEX
8
CUT
10
92.7212
20
241.3840
0
VERTEX
8
CUT
10
92.7655
20
241.3721
0
VERTEX
8
CUT
10
93.0745
20
241.2964
0
VERTEX
8
CUT
10
93.2978
20
241.2284
0
VERTEX
8
CUT
10
93.5122
20
241.1360
0
VERTEX
8
CUT
10
93.7150
20
241.0204
0
SEQEND
0
POLYLINE
8
CUT
66
1
70
1
10
0.0
20
0.0
30
0.0
0
VERTEX
8
CUT
10
100.8451
20
49.1755
0
VERTEX
8
CUT
10
101.0468
20
49.1483
0
VERTEX
8
CUT
10
101.2450
20
49.1017
0
VERTEX
8
CUT
10
101.2483
20
49.1008
0
VERTEX
8
CUT
10
101.2627
20
49.0974
0
VERTEX
8
CUT
10
101.3556
20
49.0805
0
VERTEX
8
CUT
10
101.3703
20
49.0786
0
VERTEX
8
CUT
10
101.4643
20
49.0710
0
VERTEX
8
CUT
10
101.4792
20
49.0706
0
VERTEX
8
CUT
10
101.5735
20
49.0723
0
VERTEX
8
CUT
10
101.5883
20
49.0734
0
VERTEX
8
CUT
10
101.6820
20
49.0845
0
VERTEX
8
CUT
10
101.6967
20
49.0870
0
VERTEX
8
CUT
10
101.7888
20
49.1074
0
VERTEX
8
CUT
10
101.8031
20
49.1113
0
VERTEX
8
CUT
10
101.8928
20
49.1407
0
VERTEX
8
CUT
10
101.9066
20
49.1461
0
VERTEX
8
CUT
10
101.9929
20
49.1843
0
VERTEX
8
CUT
10
102.0062
20
49.1909
0
VERTEX
8
CUT
10
102.0882
20
49.2375
0
VERTEX
8
CUT
10
102.1008
20
49.2455
0
VERTEX
8
CUT
10
102.1778
20
49.2999
0
VERTEX
8
CUT
10
102.1895
20
49.3091
0
VERTEX
8
CUT
10
102.2607
20
49.3710
0
VERTEX
8
CUT
10
102.2715
20
49.3813
0
VERTEX
8
CUT
10
102.3362
20
49.4499
0
VERTEX
8
CUT
10
102.3628
20
49.4810
0
VERTEX
8
CUT
10
102.3926
20
49.5177
0
VERTEX
8
CUT
10
102.5497
20
49.7214
0
VERTEX
8
CUT
10
102.5564
20
49.7253
0
VERTEX
8
CUT
10
102.6357
20
49.7759
0
VERTEX
8
CUT
10
102.6478
20
49.7845
0
VERTEX
8
CUT
10
102.7217
20
49.8427
0
VERTEX
8
CUT
10
102.7329
20
49.8524
0
VERTEX
8
CUT
10
102.8006
20
49.9177
0
VERTEX
8
CUT
10
102.8286
20
49.9474
0
VERTEX
8
CUT
10
102.8600
20
49.9825
0
VERTEX
8
CUT
10
102.9527
20
50.0914
0
VERTEX
8
CUT
10
102.9958
20
50.1459
0
VERTEX
8
CUT
10
103.0540
20
50.2254
0
VERTEX
8
CUT
10
103.0929
20
50.2829
0
VERTEX
8
CUT
10
103.5665
20
51.0400
0
VERTEX
8
CUT
10
103.6904
20
51.2006
0
VERTEX
8
CUT
10
103.7246
20
51.2479
0
VERTEX
8
CUT
10
103.7711
20
51.3165
0
VERTEX
8
CUT
10
103.8023
20
51.3658
0
VERTEX
8
CUT
10
104.3221
20
52.2449
0
VERTEX
8
CUT
10
104.3409
20
52.2783
0
VERTEX
8
CUT
10
104.3567
20
52.3076
0
VERTEX
8
CUT
10
104.3903
20
52.3764
0
VERTEX
8
CUT
10
104.4036
20
52.4069
0
VERTEX
8
CUT
10
104.4183
20
52.4423
0
VERTEX
8
CUT
10
105.2160
20
54.4835
0
VERTEX
8
CUT
10
105.2303
20
54.5226
0
VERTEX
8
CUT
10
105.2420
20
54.5567
0
VERTEX
8
CUT
10
105.2654
20
54.6366
0
VERTEX
8
CUT
10
105.2740
20
54.6717
0
VERTEX
8
CUT
10
105.2830
20
54.7123
0
VERTEX
8
CUT
10
105.7488
20
57.0427
0
VERTEX
8
CUT
10
105.7589
20
57.1036
0
VERTEX
8
CUT
10
105.7705
20
57.1905
0
VERTEX
8
CUT
10
105.7766
20
57.2519
0
VERTEX
8
CUT
10
105.8883
20
58.9095
0
VERTEX
8
CUT
10
105.8903
20
58.9573
0
VERTEX
8
CUT
10
105.8910
20
58.9989
0
VERTEX
8
CUT
10
105.8878
20
59.0945
0
VERTEX
8
CUT
10
105.8865
20
59.1095
0
VERTEX
8
CUT
10
105.8737
20
59.2044
0
VERTEX
8
CUT
10
105.8710
20
59.2192
0
VERTEX
8
CUT
10
105.8486
20
59.3122
0
VERTEX
8
CUT
10
105.8444
20
59.3267
0
VERTEX
8
CUT
10
105.8128
20
59.4170
0
VERTEX
8
CUT
10
105.8071
20
59.4310
0
VERTEX
8
CUT
10
105.7666
20
59.5177
0
VERTEX
8
CUT
10
105.7596
20
59.5310
0
VERTEX
8
CUT
10
105.7106
20
59.6132
0
VERTEX
8
CUT
10
105.7022
20
59.6257
0
VERTEX
8
CUT
10
105.6451
20
59.7026
0
VERTEX
8
CUT
10
105.6356
20
59.7142
0
VERTEX
8
CUT
10
105.5711
20
59.7849
0
VERTEX
8
CUT
10
105.5604
20
59.7955
0
VERTEX
8
CUT
10
105.4891
20
59.8593
0
VERTEX
8
CUT
10
105.4774
20
59.8688
0
VERTEX
8
CUT
10
105.4139
20
59.9150
0
VERTEX
8
CUT
10
105.2543
20
60.0436
0
VERTEX
8
CUT
10
105.1079
20
60.1873
0
VERTEX
8
CUT
10
104.9763
20
60.3445
0
VERTEX
8
CUT
10
104.8606
20
60.5138
0
VERTEX
8
CUT
10
104.7620
20
60.6936
0
VERTEX
8
CUT
10
104.6813
20
60.8821
0
VERTEX
8
CUT
10
104.6195
20
61.0776
0
VERTEX
8
CUT
10
104.5770
20
61.2782
0
VERTEX
8
CUT
10
104.5543
20
61.4820
0
VERTEX
8
CUT
10
104.5516
20
61.6871
0
VERTEX
8
CUT
10
104.5688
20
61.8914
0
VERTEX
8
CUT
10
104.6060
20
62.0931
0
VERTEX
8
CUT
10
104.6626
20
62.2902
0
VERTEX
8
CUT
10
104.7382
20
62.4808
0
VERTEX
8
CUT
10
104.8320
20
62.6631
0
VERTEX
8
CUT
10
104.9431
20
62.8355
0
VERTEX
8
CUT
10
105.0705
20
62.9961
0
VERTEX
8
CUT
10
105.2130
20
63.1436
0
VERTEX
8
CUT
10
105.3692
20
63.2765
0
VERTEX
8
CUT
10
105.5376
20
63.3935
0
VERTEX
8
CUT
10
105.6447
20
63.4604
0
VERTEX
8
CUT
10
105.6567
20
63.4688
0
VERTEX
8
CUT
10
105.7302
20
63.5253
0
VERTEX
8
CUT
10
105.7413
20
63.5348
0
VERTEX
8
CUT
10
105.8089
20
63.5982
0
VERTEX
8
CUT
10
105.8190
20
63.6087
0
VERTEX
8
CUT
10
105.8801
20
63.6785
0
VERTEX
8
CUT
10
105.8892
20
63.6899
0
VERTEX
8
CUT
10
105.9432
20
63.7653
0
VERTEX
8
CUT
10
105.9511
20
63.7776
0
VERTEX
8
CUT
10
105.9975
20
63.8579
0
VERTEX
8
CUT
10
106.0042
20
63.8708
0
VERTEX
8
CUT
10
106.0425
20
63.9553
0
VERTEX
8
CUT
10
106.0573
20
63.9927
0
VERTEX
8
CUT
10
106.0733
20
64.0362
0
VERTEX
8
CUT
10
106.6519
20
65.7340
0
VERTEX
8
CUT
10
106.6638
20
65.7714
0
VERTEX
8
CUT
10
106.6734
20
65.8040
0
VERTEX
8
CUT
10
106.6925
20
65.8801
0
VERTEX
8
CUT
10
106.6994
20
65.9134
0
VERTEX
8
CUT
10
106.7066
20
65.9520
0
VERTEX
8
CUT
10
106.7843
20
66.4240
0
VERTEX
8
CUT
10
106.7907
20
66.4700
0
VERTEX
8
CUT
10
106.7953
20
66.5101
0
VERTEX
8
CUT
10
106.8014
20
66.6029
0
VERTEX
8
CUT
10
106.8016
20
66.6175
0
VERTEX
8
CUT
10
106.7986
20
66.7104
0
VERTEX
8
CUT
10
106.7974
20
66.7250
0
VERTEX
8
CUT
10
106.7853
20
66.8171
0
VERTEX
8
CUT
10
106.7827
20
66.8315
0
VERTEX
8
CUT
10
106.7616
20
66.9220
0
VERTEX
8
CUT
10
106.7576
20
66.9361
0
VERTEX
8
CUT
10
106.7278
20
67.0242
0
VERTEX
8
CUT
10
106.7224
20
67.0378
0
VERTEX
8
CUT
10
106.6842
20
67.1225
0
VERTEX
8
CUT
10
106.6775
20
67.1355
0
VERTEX
8
CUT
10
106.6311
20
67.2160
0
VERTEX
8
CUT
10
106.6232
20
67.2283
0
VERTEX
8
CUT
10
106.5692
20
67.3040
0
VERTEX
8
CUT
10
106.5601
20
67.3154
0
VERTEX
8
CUT
10
106.4989
20
67.3854
0
VERTEX
8
CUT
10
106.4888
20
67.3960
0
VERTEX
8
CUT
10
106.4210
20
67.4596
0
VERTEX
8
CUT
10
106.4099
20
67.4691
0
VERTEX
8
CUT
10
106.3363
20
67.5258
0
VERTEX
8
CUT
10
106.3243
20
67.5342
0
VERTEX
8
CUT
10
106.2454
20
67.5835
0
VERTEX
8
CUT
10
106.2327
20
67.5906
0
VERTEX
8
CUT
10
106.1494
20
67.6319
0
VERTEX
8
CUT
10
106.1360
20
67.6378
0
VERTEX
8
CUT
10
106.0491
20
67.6707
0
VERTEX
8
CUT
10
106.0352
20
67.6753
0
VERTEX
8
CUT
10
105.9455
20
67.6996
0
VERTEX
8
CUT
10
105.9312
20
67.7027
0
VERTEX
8
CUT
10
105.8395
20
67.7182
0
VERTEX
8
CUT
10
105.8250
20
67.7199
0
VERTEX
8
CUT
10
105.7323
20
67.7263
0
VERTEX
8
CUT
10
105.7176
20
67.7266
0
VERTEX
8
CUT
10
105.6247
20
67.7239
0
VERTEX
8
CUT
10
105.6102
20
67.7227
0
VERTEX
8
CUT
10
105.5179
20
67.7109
0
VERTEX
8
CUT
10
105.5035
20
67.7084
0
VERTEX
8
CUT
10
105.4129
20
67.6876
0
VERTEX
8
CUT
10
105.3989
20
67.6837
0
VERTEX
8
CUT
10
105.3107
20
67.6542
0
VERTEX
8
CUT
10
105.2971
20
67.6489
0
VERTEX
8
CUT
10
105.2122
20
67.6109
0
VERTEX
8
CUT
10
105.1763
20
67.5926
0
VERTEX
8
CUT
10
105.1353
20
67.5706
0
VERTEX
8
CUT
10
103.9011
20
66.8658
0
VERTEX
8
CUT
10
103.8570
20
66.8390
0
VERTEX
8
CUT
10
103.8195
20
66.8148
0
VERTEX
8
CUT
10
103.7362
20
66.7544
0
VERTEX
8
CUT
10
103.7236
20
66.7442
0
VERTEX
8
CUT
10
103.6473
20
66.6751
0
VERTEX
8
CUT
10
103.6158
20
66.6433
0
VERTEX
8
CUT
10
103.5806
20
66.6058
0
VERTEX
8
CUT
10
101.5643
20
64.3366
0
VERTEX
8
CUT
10
101.5388
20
64.3066
0
VERTEX
8
CUT
10
101.5172
20
64.2802
0
VERTEX
8
CUT
10
101.4700
20
64.2173
0
VERTEX
8
CUT
10
101.4630
20
64.2071
0
VERTEX
8
CUT
10
101.4212
20
64.1406
0
VERTEX
8
CUT
10
101.4043
20
64.1110
0
VERTEX
8
CUT
10
101.3855
20
64.0765
0
VERTEX
8
CUT
10
100.2742
20
61.9318
0
VERTEX
8
CUT
10
100.2499
20
61.8814
0
VERTEX
8
CUT
10
100.2301
20
61.8370
0
VERTEX
8
CUT
10
100.1907
20
61.7323
0
VERTEX
8
CUT
10
100.1763
20
61.6859
0
VERTEX
8
CUT
10
100.1612
20
61.6319
0
VERTEX
8
CUT
10
100.0054
20
61.0009
0
VERTEX
8
CUT
10
99.9958
20
60.9575
0
VERTEX
8
CUT
10
99.9883
20
60.9198
0
VERTEX
8
CUT
10
99.9751
20
60.8320
0
VERTEX
8
CUT
10
99.9712
20
60.7937
0
VERTEX
8
CUT
10
99.9677
20
60.7494
0
VERTEX
8
CUT
10
99.8676
20
58.9347
0
VERTEX
8
CUT
10
99.8663
20
58.8948
0
VERTEX
8
CUT
10
99.8655
20
58.8381
0
VERTEX
8
CUT
10
99.8658
20
58.7981
0
VERTEX
8
CUT
10
99.9789
20
54.8953
0
VERTEX
8
CUT
10
99.9811
20
54.8527
0
VERTEX
8
CUT
10
99.9856
20
54.7924
0
VERTEX
8
CUT
10
99.9897
20
54.7499
0
VERTEX
8
CUT
10
100.4403
20
50.9724
0
VERTEX
8
CUT
10
100.4542
20
50.7825
0
VERTEX
8
CUT
10
100.4509
20
50.5920
0
VERTEX
8
CUT
10
100.4304
20
50.4026
0
VERTEX
8
CUT
10
100.4180
20
50.3229
0
VERTEX
8
CUT
10
100.4089
20
50.2322
0
VERTEX
8
CUT
10
100.4081
20
50.2174
0
VERTEX
8
CUT
10
100.4080
20
50.1781
0
VERTEX
8
CUT
10
100.3981
20
49.9767
0
VERTEX
8
CUT
10
100.3689
20
49.7772
0
VERTEX
8
CUT
10
100.3207
20
49.5813
0
VERTEX
8
CUT
10
100.2539
20
49.3910
0
VERTEX
8
CUT
10
100.1691
20
49.2080
0
VERTEX
8
CUT
10
100.1092
20
49.1057
0
VERTEX
8
CUT
10
100.2374
20
49.1390
0
VERTEX
8
CUT
10
100.4384
20
49.1708
0
VERTEX
8
CUT
10
100.6416
20
49.1830
0
SEQEND
0
POLYLINE
8
CUT
66
1
70
1
10
0.0
20
0.0
30
0.0
0
VERTEX
8
CUT
10
76.4914
20
50.1351
0
VERTEX
8
CUT
10
76.4246
20
50.0719
0
VERTEX
8
CUT
10
76.4146
20
50.0614
0
VERTEX
8
CUT
10
76.3543
20
49.9920
0
VERTEX
8
CUT
10
76.3453
20
49.9806
0
VERTEX
8
CUT
10
76.2920
20
49.9057
0
VERTEX
8
CUT
10
76.2841
20
49.8935
0
VERTEX
8
CUT
10
76.2383
20
49.8138
0
VERTEX
8
CUT
10
76.2317
20
49.8009
0
VERTEX
8
CUT
10
76.1938
20
49.7171
0
VERTEX
8
CUT
10
76.1885
20
49.7036
0
VERTEX
8
CUT
10
76.1588
20
49.6166
0
VERTEX
8
CUT
10
76.1548
20
49.6026
0
VERTEX
8
CUT
10
76.1338
20
49.5131
0
VERTEX
8
CUT
10
76.1311
20
49.4989
0
VERTEX
8
CUT
10
76.1188
20
49.4077
0
VERTEX
8
CUT
10
76.1176
20
49.3933
0
VERTEX
8
CUT
10
76.1142
20
49.3014
0
VERTEX
8
CUT
10
76.1143
20
49.2869
0
VERTEX
8
CUT
10
76.1198
20
49.1951
0
VERTEX
8
CUT
10
76.1214
20
49.1807
0
VERTEX
8
CUT
10
76.1357
20
49.0898
0
VERTEX
8
CUT
10
76.1387
20
49.0757
0
VERTEX
8
CUT
10
76.1617
20
48.9866
0
VERTEX
8
CUT
10
76.1661
20
48.9728
0
VERTEX
8
CUT
10
76.1976
20
48.8864
0
VERTEX
8
CUT
10
76.2033
20
48.8731
0
VERTEX
8
CUT
10
76.2431
20
48.7901
0
VERTEX
8
CUT
10
76.2499
20
48.7774
0
VERTEX
8
CUT
10
76.2976
20
48.6987
0
VERTEX
8
CUT
10
76.3057
20
48.6867
0
VERTEX
8
CUT
10
76.3607
20
48.6130
0
VERTEX
8
CUT
10
76.3699
20
48.6019
0
VERTEX
8
CUT
10
76.4318
20
48.5338
0
VERTEX
8
CUT
10
76.4420
20
48.5236
0
VERTEX
8
CUT
10
76.5102
20
48.4619
0
VERTEX
8
CUT
10
76.5411
20
48.4365
0
VERTEX
8
CUT
10
76.5774
20
48.4082
0
VERTEX
8
CUT
10
80.2667
20
45.6684
0
VERTEX
8
CUT
10
80.2853
20
45.6550
0
VERTEX
8
CUT
10
80.3119
20
45.6362
0
VERTEX
8
CUT
10
80.3308
20
45.6232
0
VERTEX
8
CUT
10
80.9824
20
45.1864
0
VERTEX
8
CUT
10
81.6279
20
44.7126
0
VERTEX
8
CUT
10
81.6515
20
44.6959
0
VERTEX
8
CUT
10
81.6852
20
44.6727
0
VERTEX
8
CUT
10
81.7093
20
44.6567
0
VERTEX
8
CUT
10
83.3469
20
43.6015
0
VERTEX
8
CUT
10
88.3537
20
40.2455
0
VERTEX
8
CUT
10
88.4004
20
40.2161
0
VERTEX
8
CUT
10
88.4679
20
40.1763
0
VERTEX
8
CUT
10
88.5162
20
40.1497
0
VERTEX
8
CUT
10
88.5886
20
40.1126
0
VERTEX
8
CUT
10
88.6309
20
40.0922
0
VERTEX
8
CUT
10
88.6680
20
40.0754
0
VERTEX
8
CUT
10
88.7554
20
40.0409
0
VERTEX
8
CUT
10
88.7694
20
40.0362
0
VERTEX
8
CUT
10
88.8597
20
40.0106
0
VERTEX
8
CUT
10
88.8741
20
40.0073
0
VERTEX
8
CUT
10
88.9665
20
39.9907
0
VERTEX
8
CUT
10
88.9811
20
39.9888
0
VERTEX
8
CUT
10
89.0747
20
39.9814
0
VERTEX
8
CUT
10
89.0894
20
39.9810
0
VERTEX
8
CUT
10
89.1833
20
39.9829
0
VERTEX
8
CUT
10
89.1980
20
39.9839
0
VERTEX
8
CUT
10
89.2912
20
39.9951
0
VERTEX
8
CUT
10
89.3058
20
39.9976
0
VERTEX
8
CUT
10
89.3974
20
40.0179
0
VERTEX
8
CUT
10
89.4117
20
40.0218
0
VERTEX
8
CUT
10
89.5009
20
40.0511
0
VERTEX
8
CUT
10
89.5147
20
40.0564
0
VERTEX
8
CUT
10
89.6005
20
40.0943
0
VERTEX
8
CUT
10
89.6137
20
40.1009
0
VERTEX
8
CUT
10
89.6954
20
40.1471
0
VERTEX
8
CUT
10
89.7079
20
40.1550
0
VERTEX
8
CUT
10
89.7846
20
40.2091
0
VERTEX
8
CUT
10
89.7963
20
40.2182
0
VERTEX
8
CUT
10
89.8673
20
40.2796
0
VERTEX
8
CUT
10
89.8780
20
40.2898
0
VERTEX
8
CUT
10
89.9426
20
40.3579
0
VERTEX
8
CUT
10
89.9522
20
40.3691
0
VERTEX
8
CUT
10
90.0098
20
40.4432
0
VERTEX
8
CUT
10
90.0331
20
40.4766
0
VERTEX
8
CUT
10
90.0591
20
40.5157
0
VERTEX
8
CUT
10
90.6666
20
41.4819
0
VERTEX
8
CUT
10
90.7061
20
41.5372
0
VERTEX
8
CUT
10
90.8149
20
41.6901
0
VERTEX
8
CUT
10
90.8233
20
41.7019
0
VERTEX
8
CUT
10
90.8899
20
41.7955
0
VERTEX
8
CUT
10
91.0078
20
41.9279
0
VERTEX
8
CUT
10
91.8988
20
42.8233
0
VERTEX
8
CUT
10
92.0711
20
42.9783
0
VERTEX
8
CUT
10
92.2594
20
43.1133
0
VERTEX
8
CUT
10
94.4595
20
44.5142
0
VERTEX
8
CUT
10
94.4977
20
44.5398
0
VERTEX
8
CUT
10
94.5303
20
44.5629
0
VERTEX
8
CUT
10
94.6027
20
44.6196
0
VERTEX
8
CUT
10
94.6137
20
44.6290
0
VERTEX
8
CUT
10
94.6803
20
44.6925
0
VERTEX
8
CUT
10
94.6903
20
44.7029
0
VERTEX
8
CUT
10
94.7504
20
44.7725
0
VERTEX
8
CUT
10
94.7594
20
44.7839
0
VERTEX
8
CUT
10
94.8125
20
44.8589
0
VERTEX
8
CUT
10
94.8203
20
44.8712
0
VERTEX
8
CUT
10
94.8348
20
44.8966
0
VERTEX
8
CUT
10
94.9498
20
45.0759
0
VERTEX
8
CUT
10
95.0823
20
45.2427
0
VERTEX
8
CUT
10
95.2311
20
45.3952
0
VERTEX
8
CUT
10
95.3945
20
45.5319
0
VERTEX
8
CUT
10
95.5710
20
45.6513
0
VERTEX
8
CUT
10
95.7586
20
45.7522
0
VERTEX
8
CUT
10
95.9555
20
45.8335
0
VERTEX
8
CUT
10
96.1596
20
45.8945
0
VERTEX
8
CUT
10
96.3689
20
45.9345
0
VERTEX
8
CUT
10
96.5811
20
45.9531
0
VERTEX
8
CUT
10
96.7942
20
45.9501
0
VERTEX
8
CUT
10
97.0058
20
45.9256
0
VERTEX
8
CUT
10
97.1166
20
45.9070
0
VERTEX
8
CUT
10
97.1311
20
45.9052
0
VERTEX
8
CUT
10
97.2238
20
45.8989
0
VERTEX
8
CUT
10
97.2384
20
45.8986
0
VERTEX
8
CUT
10
97.3313
20
45.9013
0
VERTEX
8
CUT
10
97.3458
20
45.9025
0
VERTEX
8
CUT
10
97.4380
20
45.9143
0
VERTEX
8
CUT
10
97.4524
20
45.9169
0
VERTEX
8
CUT
10
97.5429
20
45.9376
0
VERTEX
8
CUT
10
97.5570
20
45.9416
0
VERTEX
8
CUT
10
97.6451
20
45.9711
0
VERTEX
8
CUT
10
97.6827
20
45.9857
0
VERTEX
8
CUT
10
97.7256
20
46.0037
0
VERTEX
8
CUT
10
97.8739
20
46.0701
0
VERTEX
8
CUT
10
97.9224
20
46.0935
0
VERTEX
8
CUT
10
97.9903
20
46.1287
0
VERTEX
8
CUT
10
98.0185
20
46.1443
0
VERTEX
8
CUT
10
98.0483
20
46.1628
0
VERTEX
8
CUT
10
98.0786
20
46.1828
0
VERTEX
8
CUT
10
98.1536
20
46.2377
0
VERTEX
8
CUT
10
98.1649
20
46.2469
0
VERTEX
8
CUT
10
98.2342
20
46.3089
0
VERTEX
8
CUT
10
98.2446
20
46.3192
0
VERTEX
8
CUT
10
98.3074
20
46.3877
0
VERTEX
8
CUT
10
98.3168
20
46.3990
0
VERTEX
8
CUT
10
98.3726
20
46.4733
0
VERTEX
8
CUT
10
98.3809
20
46.4854
0
VERTEX
8
CUT
10
98.4292
20
46.5648
0
VERTEX
8
CUT
10
98.4362
20
46.5777
0
VERTEX
8
CUT
10
98.4765
20
46.6615
0
VERTEX
8
CUT
10
98.4822
20
46.6749
0
VERTEX
8
CUT
10
98.5141
20
46.7623
0
VERTEX
8
CUT
10
98.5184
20
46.7762
0
VERTEX
8
CUT
10
98.5417
20
46.8662
0
VERTEX
8
CUT
10
98.5446
20
46.8806
0
VERTEX
8
CUT
10
98.5590
20
46.9724
0
VERTEX
8
CUT
10
98.5605
20
46.9870
0
VERTEX
8
CUT
10
98.5658
20
47.0798
0
VERTEX
8
CUT
10
98.5659
20
47.0994
0
VERTEX
8
CUT
10
98.5773
20
47.3026
0
VERTEX
8
CUT
10
98.6084
20
47.5038
0
VERTEX
8
CUT
10
98.6588
20
47.7010
0
VERTEX
8
CUT
10
98.7280
20
47.8924
0
VERTEX
8
CUT
10
98.8155
20
48.0762
0
VERTEX
8
CUT
10
98.8649
20
48.1585
0
VERTEX
8
CUT
10
98.7754
20
48.1335
0
VERTEX
8
CUT
10
98.5769
20
48.0981
0
VERTEX
8
CUT
10
98.3758
20
48.0819
0
VERTEX
8
CUT
10
98.1742
20
48.0851
0
VERTEX
8
CUT
10
97.9738
20
48.1076
0
VERTEX
8
CUT
10
97.7764
20
48.1492
0
VERTEX
8
CUT
10
97.7002
20
48.1692
0
VERTEX
8
CUT
10
97.6859
20
48.1722
0
VERTEX
8
CUT
10
97.5941
20
48.1868
0
VERTEX
8
CUT
10
97.5795
20
48.1884
0
VERTEX
8
CUT
10
97.4867
20
48.1940
0
VERTEX
8
CUT
10
97.4721
20
48.1941
0
VERTEX
8
CUT
10
97.3792
20
48.1906
0
VERTEX
8
CUT
10
97.3646
20
48.1893
0
VERTEX
8
CUT
10
97.2725
20
48.1767
0
VERTEX
8
CUT
10
97.2581
20
48.1741
0
VERTEX
8
CUT
10
97.1677
20
48.1525
0
VERTEX
8
CUT
10
97.1536
20
48.1484
0
VERTEX
8
CUT
10
97.0657
20
48.1181
0
VERTEX
8
CUT
10
97.0283
20
48.1031
0
VERTEX
8
CUT
10
96.9855
20
48.0848
0
VERTEX
8
CUT
10
96.8175
20
48.0078
0
VERTEX
8
CUT
10
96.7757
20
47.9874
0
VERTEX
8
CUT
10
96.7399
20
47.9688
0
VERTEX
8
CUT
10
96.6596
20
47.9220
0
VERTEX
8
CUT
10
96.6474
20
47.9140
0
VERTEX
8
CUT
10
96.5721
20
47.8596
0
VERTEX
8
CUT
10
96.5607
20
47.8505
0
VERTEX
8
CUT
10
96.4910
20
47.7890
0
VERTEX
8
CUT
10
96.4806
20
47.7788
0
VERTEX
8
CUT
10
96.4173
20
47.7108
0
VERTEX
8
CUT
10
96.4079
20
47.6996
0
VERTEX
8
CUT
10
96.3515
20
47.6257
0
VERTEX
8
CUT
10
96.3432
20
47.6137
0
VERTEX
8
CUT
10
96.2700
20
47.4951
0
VERTEX
8
CUT
10
96.1537
20
47.3261
0
VERTEX
8
CUT
10
96.0216
20
47.1692
0
VERTEX
8
CUT
10
95.8748
20
47.0260
0
VERTEX
8
CUT
10
95.7147
20
46.8978
0
VERTEX
8
CUT
10
95.5429
20
46.7859
0
VERTEX
8
CUT
10
95.3610
20
46.6912
0
VERTEX
8
CUT
10
95.1707
20
46.6147
0
VERTEX
8
CUT
10
94.9739
20
46.5571
0
VERTEX
8
CUT
10
94.7724
20
46.5190
0
VERTEX
8
CUT
10
94.5681
20
46.5008
0
VERTEX
8
CUT
10
94.3630
20
46.5025
0
VERTEX
8
CUT
10
94.1591
20
46.5243
0
VERTEX
8
CUT
10
94.0069
20
46.5481
0
VERTEX
8
CUT
10
93.9961
20
46.5492
0
VERTEX
8
CUT
10
93.9043
20
46.5543
0
VERTEX
8
CUT
10
93.8898
20
46.5543
0
VERTEX
8
CUT
10
93.7979
20
46.5505
0
VERTEX
8
CUT
10
93.7835
20
46.5492
0
VERTEX
8
CUT
10
93.6924
20
46.5364
0
VERTEX
8
CUT
10
93.6782
20
46.5337
0
VERTEX
8
CUT
10
93.5888
20
46.5122
0
VERTEX
8
CUT
10
93.5749
20
46.5081
0
VERTEX
8
CUT
10
93.4879
20
46.4781
0
VERTEX
8
CUT
10
93.4509
20
46.4632
0
VERTEX
8
CUT
10
93.4086
20
46.4451
0
VERTEX
8
CUT
10
92.8822
20
46.2038
0
VERTEX
8
CUT
10
92.7212
20
46.1379
0
VERTEX
8
CUT
10
92.5553
20
46.0855
0
VERTEX
8
CUT
10
92.3856
20
46.0471
0
VERTEX
8
CUT
10
91.7695
20
45.9342
0
VERTEX
8
CUT
10
91.5735
20
45.9078
0
VERTEX
8
CUT
10
91.3760
20
45.8999
0
VERTEX
8
CUT
10
91.1786
20
45.9106
0
VERTEX
8
CUT
10
90.9830
20
45.9398
0
VERTEX
8
CUT
10
90.7911
20
45.9873
0
VERTEX
8
CUT
10
89.7494
20
46.2978
0
VERTEX
8
CUT
10
89.5692
20
46.3605
0
VERTEX
8
CUT
10
89.3955
20
46.4394
0
VERTEX
8
CUT
10
88.4885
20
46.9017
0
VERTEX
8
CUT
10
88.2814
20
47.0227
0
VERTEX
8
CUT
10
84.8353
20
49.3087
0
VERTEX
8
CUT
10
84.6870
20
49.4166
0
VERTEX
8
CUT
10
84.5487
20
49.5371
0
VERTEX
8
CUT
10
82.4380
20
51.5450
0
VERTEX
8
CUT
10
82.3110
20
51.6767
0
VERTEX
8
CUT
10
82.1960
20
51.8191
0
VERTEX
8
CUT
10
82.0938
20
51.9709
0
VERTEX
8
CUT
10
82.0053
20
52.1310
0
VERTEX
8
CUT
10
81.6506
20
52.8439
0
VERTEX
8
CUT
10
81.6289
20
52.8848
0
VERTEX
8
CUT
10
81.6093
20
52.9199
0
VERTEX
8
CUT
10
81.5602
20
52.9984
0
VERTEX
8
CUT
10
81.5518
20
53.0103
0
VERTEX
8
CUT
10
81.4953
20
53.0836
0
VERTEX
8
CUT
10
81.4859
20
53.0947
0
VERTEX
8
CUT
10
81.4225
20
53.1622
0
VERTEX
8
CUT
10
81.4120
20
53.1723
0
VERTEX
8
CUT
10
81.3423
20
53.2333
0
VERTEX
8
CUT
10
81.3309
20
53.2423
0
VERTEX
8
CUT
10
81.2556
20
53.2962
0
VERTEX
8
CUT
10
81.2434
20
53.3041
0
VERTEX
8
CUT
10
81.1632
20
53.3504
0
VERTEX
8
CUT
10
81.1502
20
53.3571
0
VERTEX
8
CUT
10
81.0660
20
53.3954
0
VERTEX
8
CUT
10
81.0524
20
53.4007
0
VERTEX
8
CUT
10
80.9648
20
53.4306
0
VERTEX
8
CUT
10
80.9508
20
53.4346
0
VERTEX
8
CUT
10
80.8607
20
53.4558
0
VERTEX
8
CUT
10
80.8463
20
53.4585
0
VERTEX
8
CUT
10
80.7546
20
53.4708
0
VERTEX
8
CUT
10
80.7401
20
53.4720
0
VERTEX
8
CUT
10
80.6475
20
53.4754
0
VERTEX
8
CUT
10
80.6330
20
53.4752
0
VERTEX
8
CUT
10
80.5406
20
53.4695
0
VERTEX
8
CUT
10
80.5261
20
53.4679
0
VERTEX
8
CUT
10
80.4347
20
53.4532
0
VERTEX
8
CUT
10
80.4204
20
53.4502
0
VERTEX
8
CUT
10
80.3309
20
53.4267
0
VERTEX
8
CUT
10
80.3170
20
53.4223
0
VERTEX
8
CUT
10
80.2302
20
53.3902
0
VERTEX
8
CUT
10
80.2168
20
53.3845
0
VERTEX
8
CUT
10
80.1335
20
53.3441
0
VERTEX
8
CUT
10
80.1207
20
53.3371
0
VERTEX
8
CUT
10
80.0417
20
53.2887
0
VERTEX
8
CUT
10
80.0297
20
53.2805
0
VERTEX
8
CUT
10
79.9558
20
53.2247
0
VERTEX
8
CUT
10
79.9446
20
53.2154
0
VERTEX
8
CUT
10
79.8765
20
53.1526
0
VERTEX
8
CUT
10
79.8484
20
53.1240
0
VERTEX
8
CUT
10
79.8167
20
53.0902
0
VERTEX
8
CUT
10
78.7815
20
51.9306
0
VERTEX
8
CUT
10
78.6734
20
51.8182
0
VERTEX
8
CUT
10
78.5572
20
51.7141
0
VERTEX
8
CUT
10
77.3761
20
50.7324
0
VERTEX
8
CUT
10
77.1569
20
50.5730
0
VERTEX
8
CUT
10
76.6459
20
50.2495
0
VERTEX
8
CUT
10
76.6077
20
50.2240
0
VERTEX
8
CUT
10
76.5750
20
50.2010
0
VERTEX
8
CUT
10
76.5024
20
50.1445
0
SEQEND
0
POLYLINE
8
CUT
66
1
70
1
10
0.0
20
0.0
30
0.0
0
VERTEX
8
CUT
10
91.9775
20
22.5891
0
VERTEX
8
CUT
10
91.7988
20
22.7114
0
VERTEX
8
CUT
10
91.4610
20
22.9691
0
VERTEX
8
CUT
10
91.4236
20
22.9962
0
VERTEX
8
CUT
10
91.3905
20
23.0189
0
VERTEX
8
CUT
10
91.3120
20
23.0676
0
VERTEX
8
CUT
10
91.2992
20
23.0746
0
VERTEX
8
CUT
10
91.2163
20
23.1154
0
VERTEX
8
CUT
10
91.2030
20
23.1211
0
VERTEX
8
CUT
10
91.1165
20
23.1536
0
VERTEX
8
CUT
10
91.1026
20
23.1581
0
VERTEX
8
CUT
10
91.0134
20
23.1820
0
VERTEX
8
CUT
10
90.9992
20
23.1851
0
VERTEX
8
CUT
10
90.9080
20
23.2003
0
VERTEX
8
CUT
10
90.8936
20
23.2020
0
VERTEX
8
CUT
10
90.8014
20
23.2082
0
VERTEX
8
CUT
10
90.7868
20
23.2084
0
VERTEX
8
CUT
10
90.6945
20
23.2057
0
VERTEX
8
CUT
10
90.6800
20
23.2045
0
VERTEX
8
CUT
10
90.5883
20
23.1928
0
VERTEX
8
CUT
10
90.5740
20
23.1902
0
VERTEX
8
CUT
10
90.4839
20
23.1696
0
VERTEX
8
CUT
10
90.4699
20
23.1657
0
VERTEX
8
CUT
10
90.3822
20
23.1364
0
VERTEX
8
CUT
10
90.3687
20
23.1312
0
VERTEX
8
CUT
10
90.2843
20
23.0935
0
VERTEX
8
CUT
10
90.2713
20
23.0870
0
VERTEX
8
CUT
10
90.1910
20
23.0413
0
VERTEX
8
CUT
10
90.1787
20
23.0335
0
VERTEX
8
CUT
10
90.1032
20
22.9803
0
VERTEX
8
CUT
10
90.0917
20
22.9713
0
VERTEX
8
CUT
10
90.0218
20
22.9110
0
VERTEX
8
CUT
10
90.0112
20
22.9009
0
VERTEX
8
CUT
10
89.9475
20
22.8341
0
VERTEX
8
CUT
10
89.9379
20
22.8231
0
VERTEX
8
CUT
10
89.8810
20
22.7503
0
VERTEX
8
CUT
10
89.8726
20
22.7385
0
VERTEX
8
CUT
10
89.8229
20
22.6605
0
VERTEX
8
CUT
10
89.8157
20
22.6479
0
VERTEX
8
CUT
10
89.7739
20
22.5655
0
VERTEX
8
CUT
10
89.7680
20
22.5522
0
VERTEX
8
CUT
10
89.7344
20
22.4661
0
VERTEX
8
CUT
10
89.7297
20
22.4523
0
VERTEX
8
CUT
10
89.7046
20
22.3634
0
VERTEX
8
CUT
10
89.7014
20
22.3492
0
VERTEX
8
CUT
10
89.6851
20
22.2583
0
VERTEX
8
CUT
10
89.6832
20
22.2439
0
VERTEX
8
CUT
10
89.6758
20
22.1517
0
VERTEX
8
CUT
10
89.6753
20
22.1372
0
VERTEX
8
CUT
10
89.6769
20
22.0448
0
VERTEX
8
CUT
10
89.6779
20
22.0303
0
VERTEX
8
CUT
10
89.6885
20
21.9385
0
VERTEX
8
CUT
10
89.6908
20
21.9242
0
VERTEX
8
CUT
10
89.7103
20
21.8338
0
VERTEX
8
CUT
10
89.7140
20
21.8198
0
VERTEX
8
CUT
10
89.7421
20
21.7318
0
VERTEX
8
CUT
10
89.7472
20
21.7181
0
VERTEX
8
CUT
10
89.7838
20
21.6333
0
VERTEX
8
CUT
10
89.8014
20
21.5972
0
VERTEX
8
CUT
10
89.8228
20
21.5562
0
VERTEX
8
CUT
10
89.9443
20
21.3359
0
VERTEX
8
CUT
10
89.9661
20
21.2985
0
VERTEX
8
CUT
10
89.9857
20
21.2665
0
VERTEX
8
CUT
10
90.0341
20
21.1949
0
VERTEX
8
CUT
10
90.0423
20
21.1840
0
VERTEX
8
CUT
10
90.0971
20
21.1171
0
VERTEX
8
CUT
10
90.1062
20
21.1070
0
VERTEX
8
CUT
10
90.1668
20
21.0454
0
VERTEX
8
CUT
10
90.1768
20
21.0361
0
VERTEX
8
CUT
10
90.2428
20
20.9803
0
VERTEX
8
CUT
10
90.2535
20
20.9719
0
VERTEX
8
CUT
10
90.3243
20
20.9223
0
VERTEX
8
CUT
10
90.3560
20
20.9022
0
VERTEX
8
CUT
10
90.3930
20
20.8799
0
VERTEX
8
CUT
10
91.4747
20
20.2603
0
VERTEX
8
CUT
10
91.5156
20
20.2382
0
VERTEX
8
CUT
10
91.5515
20
20.2198
0
VERTEX
8
CUT
10
91.6363
20
20.1818
0
VERTEX
8
CUT
10
91.6499
20
20.1764
0
VERTEX
8
CUT
10
91.7379
20
20.1468
0
VERTEX
8
CUT
10
91.7767
20
20.1359
0
VERTEX
8
CUT
10
91.8217
20
20.1243
0
VERTEX
8
CUT
10
92.6119
20
19.9422
0
VERTEX
8
CUT
10
92.6608
20
19.9323
0
VERTEX
8
CUT
10
92.7033
20
19.9248
0
VERTEX
8
CUT
10
92.8022
20
19.9127
0
VERTEX
8
CUT
10
92.8178
20
19.9116
0
VERTEX
8
CUT
10
92.9174
20
19.9100
0
VERTEX
8
CUT
10
92.9330
20
19.9105
0
VERTEX
8
CUT
10
93.0323
20
19.9193
0
VERTEX
8
CUT
10
93.0478
20
19.9215
0
VERTEX
8
CUT
10
93.1455
20
19.9407
0
VERTEX
8
CUT
10
93.1874
20
19.9512
0
VERTEX
8
CUT
10
93.2354
20
19.9646
0
VERTEX
8
CUT
10
93.5655
20
20.0661
0
VERTEX
8
CUT
10
93.6090
20
20.0806
0
VERTEX
8
CUT
10
93.6465
20
20.0941
0
VERTEX
8
CUT
10
93.7312
20
20.1294
0
VERTEX
8
CUT
10
93.7443
20
20.1356
0
VERTEX
8
CUT
10
93.8252
20
20.1790
0
VERTEX
8
CUT
10
93.8375
20
20.1864
0
VERTEX
8
CUT
10
93.9139
20
20.2373
0
VERTEX
8
CUT
10
93.9255
20
20.2459
0
VERTEX
8
CUT
10
93.9966
20
20.3040
0
VERTEX
8
CUT
10
94.0073
20
20.3136
0
VERTEX
8
CUT
10
94.0724
20
20.3783
0
VERTEX
8
CUT
10
94.0821
20
20.3889
0
VERTEX
8
CUT
10
94.1407
20
20.4596
0
VERTEX
8
CUT
10
94.1494
20
20.4711
0
VERTEX
8
CUT
10
94.2009
20
20.5471
0
VERTEX
8
CUT
10
94.2084
20
20.5594
0
VERTEX
8
CUT
10
94.2523
20
20.6400
0
VERTEX
8
CUT
10
94.2586
20
20.6530
0
VERTEX
8
CUT
10
94.2945
20
20.7375
0
VERTEX
8
CUT
10
94.2995
20
20.7510
0
VERTEX
8
CUT
10
94.3271
20
20.8385
0
VERTEX
8
CUT
10
94.3308
20
20.8525
0
VERTEX
8
CUT
10
94.3498
20
20.9423
0
VERTEX
8
CUT
10
94.3521
20
20.9565
0
VERTEX
8
CUT
10
94.3624
20
21.0477
0
VERTEX
8
CUT
10
94.3633
20
21.0621
0
VERTEX
8
CUT
10
94.3647
20
21.1539
0
VERTEX
8
CUT
10
94.3643
20
21.1683
0
VERTEX
8
CUT
10
94.3568
20
21.2598
0
VERTEX
8
CUT
10
94.3550
20
21.2741
0
VERTEX
8
CUT
10
94.3387
20
21.3644
0
VERTEX
8
CUT
10
94.3355
20
21.3785
0
VERTEX
8
CUT
10
94.3106
20
21.4668
0
VERTEX
8
CUT
10
94.3060
20
21.4805
0
VERTEX
8
CUT
10
94.2727
20
21.5660
0
VERTEX
8
CUT
10
94.2668
20
21.5792
0
VERTEX
8
CUT
10
94.2254
20
21.6611
0
VERTEX
8
CUT
10
94.2183
20
21.6737
0
VERTEX
8
CUT
10
94.1692
20
21.7512
0
VERTEX
8
CUT
10
94.1609
20
21.7630
0
VERTEX
8
CUT
10
94.1045
20
21.8354
0
VERTEX
8
CUT
10
94.0951
20
21.8463
0
VERTEX
8
CUT
10
94.0320
20
21.9130
0
VERTEX
8
CUT
10
94.0216
20
21.9230
0
VERTEX
8
CUT
10
93.9523
20
21.9832
0
VERTEX
8
CUT
10
93.9410
20
21.9921
0
VERTEX
8
CUT
10
93.8663
20
22.0454
0
VERTEX
8
CUT
10
93.8541
20
22.0532
0
VERTEX
8
CUT
10
93.7746
20
22.0990
0
VERTEX
8
CUT
10
93.7617
20
22.1056
0
VERTEX
8
CUT
10
93.6782
20
22.1435
0
VERTEX
8
CUT
10
93.6647
20
22.1488
0
VERTEX
8
CUT
10
93.5779
20
22.1785
0
VERTEX
8
CUT
10
93.5640
20
22.1825
0
VERTEX
8
CUT
10
93.4747
20
22.2036
0
VERTEX
8
CUT
10
93.4356
20
22.2109
0
VERTEX
8
CUT
10
93.3902
20
22.2183
0
VERTEX
8
CUT
10
92.7881
20
22.3005
0
VERTEX
8
CUT
10
92.5754
20
22.3408
0
VERTEX
8
CUT
10
92.3679
20
22.4029
0
VERTEX
8
CUT
10
92.1679
20
22.4859
0
SEQEND
0
POLYLINE
8
CUT
66
1
70
1
10
0.0
20
0.0
30
0.0
0
VERTEX
8
CUT
10
90.7071
20
71.2483
0
VERTEX
8
CUT
10
90.7465
20
71.1628
0
VERTEX
8
CUT
10
90.7534
20
71.1497
0
VERTEX
8
CUT
10
90.8011
20
71.0685
0
VERTEX
8
CUT
10
90.8092
20
71.0561
0
VERTEX
8
CUT
10
90.8647
20
70.9801
0
VERTEX
8
CUT
10
90.8740
20
70.9686
0
VERTEX
8
CUT
10
90.9367
20
70.8984
0
VERTEX
8
CUT
10
90.9471
20
70.8878
0
VERTEX
8
CUT
10
91.0165
20
70.8242
0
VERTEX
8
CUT
10
91.0279
20
70.8148
0
VERTEX
8
CUT
10
91.1033
20
70.7583
0
VERTEX
8
CUT
10
91.1155
20
70.7501
0
VERTEX
8
CUT
10
91.1961
20
70.7014
0
VERTEX
8
CUT
10
91.2091
20
70.6943
0
VERTEX
8
CUT
10
91.2941
20
70.6539
0
VERTEX
8
CUT
10
91.3078
20
70.6482
0
VERTEX
8
CUT
10
91.3964
20
70.6163
0
VERTEX
8
CUT
10
91.4106
20
70.6120
0
VERTEX
8
CUT
10
91.5019
20
70.5891
0
VERTEX
8
CUT
10
91.5164
20
70.5862
0
VERTEX
8
CUT
10
91.6095
20
70.5724
0
VERTEX
8
CUT
10
91.6242
20
70.5710
0
VERTEX
8
CUT
10
91.7183
20
70.5665
0
VERTEX
8
CUT
10
91.7331
20
70.5665
0
VERTEX
8
CUT
10
91.8271
20
70.5714
0
VERTEX
8
CUT
10
91.8418
20
70.5728
0
VERTEX
8
CUT
10
91.9349
20
70.5870
0
VERTEX
8
CUT
10
91.9494
20
70.5899
0
VERTEX
8
CUT
10
92.0406
20
70.6132
0
VERTEX
8
CUT
10
92.0548
20
70.6176
0
VERTEX
8
CUT
10
92.1432
20
70.6498
0
VERTEX
8
CUT
10
92.1569
20
70.6555
0
VERTEX
8
CUT
10
92.2417
20
70.6963
0
VERTEX
8
CUT
10
92.2547
20
70.7034
0
VERTEX
8
CUT
10
92.3351
20
70.7524
0
VERTEX
8
CUT
10
92.3473
20
70.7607
0
VERTEX
8
CUT
10
92.4225
20
70.8175
0
VERTEX
8
CUT
10
92.4338
20
70.8270
0
VERTEX
8
CUT
10
92.5030
20
70.8909
0
VERTEX
8
CUT
10
92.5133
20
70.9014
0
VERTEX
8
CUT
10
92.5758
20
70.9719
0
VERTEX
8
CUT
10
92.6014
20
71.0037
0
VERTEX
8
CUT
10
92.6299
20
71.0412
0
VERTEX
8
CUT
10
92.7869
20
71.2581
0
VERTEX
8
CUT
10
92.8141
20
71.2978
0
VERTEX
8
CUT
10
92.8368
20
71.3327
0
VERTEX
8
CUT
10
92.8850
20
71.4158
0
VERTEX
8
CUT
10
92.8919
20
71.4292
0
VERTEX
8
CUT
10
92.9314
20
71.5168
0
VERTEX
8
CUT
10
92.9369
20
71.5308
0
VERTEX
8
CUT
10
92.9674
20
71.6219
0
VERTEX
8
CUT
10
92.9714
20
71.6364
0
VERTEX
8
CUT
10
92.9925
20
71.7301
0
VERTEX
8
CUT
10
92.9951
20
71.7450
0
VERTEX
8
CUT
10
93.0066
20
71.8404
0
VERTEX
8
CUT
10
93.0077
20
71.8554
0
VERTEX
8
CUT
10
93.0096
20
71.9514
0
VERTEX
8
CUT
10
93.0091
20
71.9665
0
VERTEX
8
CUT
10
93.0012
20
72.0622
0
VERTEX
8
CUT
10
92.9992
20
72.0772
0
VERTEX
8
CUT
10
92.9817
20
72.1716
0
VERTEX
8
CUT
10
92.9782
20
72.1863
0
VERTEX
8
CUT
10
92.9513
20
72.2785
0
VERTEX
8
CUT
10
92.9463
20
72.2928
0
VERTEX
8
CUT
10
92.9102
20
72.3818
0
VERTEX
8
CUT
10
92.8926
20
72.4195
0
VERTEX
8
CUT
10
92.8712
20
72.4626
0
VERTEX
8
CUT
10
92.6662
20
72.8500
0
VERTEX
8
CUT
10
92.6418
20
72.8933
0
VERTEX
8
CUT
10
92.6198
20
72.9302
0
VERTEX
8
CUT
10
92.5645
20
73.0124
0
VERTEX
8
CUT
10
92.5552
20
73.0249
0
VERTEX
8
CUT
10
92.4917
20
73.1010
0
VERTEX
8
CUT
10
92.4811
20
73.1124
0
VERTEX
8
CUT
10
92.4100
20
73.1814
0
VERTEX
8
CUT
10
92.3776
20
73.2098
0
VERTEX
8
CUT
10
92.3394
20
73.2414
0
VERTEX
8
CUT
10
92.2303
20
73.3272
0
VERTEX
8
CUT
10
92.1927
20
73.3553
0
VERTEX
8
CUT
10
92.1595
20
73.3788
0
VERTEX
8
CUT
10
92.0804
20
73.4293
0
VERTEX
8
CUT
10
92.0676
20
73.4366
0
VERTEX
8
CUT
10
91.9839
20
73.4789
0
VERTEX
8
CUT
10
91.9704
20
73.4849
0
VERTEX
8
CUT
10
91.8830
20
73.5188
0
VERTEX
8
CUT
10
91.8690
20
73.5235
0
VERTEX
8
CUT
10
91.7786
20
73.5486
0
VERTEX
8
CUT
10
91.7642
20
73.5518
0
VERTEX
8
CUT
10
91.6719
20
73.5679
0
VERTEX
8
CUT
10
91.6572
20
73.5697
0
VERTEX
8
CUT
10
91.5637
20
73.5766
0
VERTEX
8
CUT
10
91.5489
20
73.5769
0
VERTEX
8
CUT
10
91.4552
20
73.5745
0
VERTEX
8
CUT
10
91.4405
20
73.5734
0
VERTEX
8
CUT
10
91.3474
20
73.5618
0
VERTEX
8
CUT
10
91.3329
20
73.5593
0
VERTEX
8
CUT
10
91.2414
20
73.5385
0
VERTEX
8
CUT
10
91.2272
20
73.5345
0
VERTEX
8
CUT
10
91.1382
20
73.5049
0
VERTEX
8
CUT
10
91.1245
20
73.4995
0
VERTEX
8
CUT
10
91.0389
20
73.4612
0
VERTEX
8
CUT
10
91.0257
20
73.4545
0
VERTEX
8
CUT
10
90.9443
20
73.4079
0
VERTEX
8
CUT
10
90.9319
20
73.4000
0
VERTEX
8
CUT
10
90.8555
20
73.3456
0
VERTEX
8
CUT
10
90.8439
20
73.3365
0
VERTEX
8
CUT
10
90.7732
20
73.2748
0
VERTEX
8
CUT
10
90.7626
20
73.2646
0
VERTEX
8
CUT
10
90.6983
20
73.1963
0
VERTEX
8
CUT
10
90.6888
20
73.1850
0
VERTEX
8
CUT
10
90.6316
20
73.1107
0
VERTEX
8
CUT
10
90.6232
20
73.0986
0
VERTEX
8
CUT
10
90.5736
20
73.0190
0
VERTEX
8
CUT
10
90.5664
20
73.0061
0
VERTEX
8
CUT
10
90.5249
20
72.9220
0
VERTEX
8
CUT
10
90.5191
20
72.9084
0
VERTEX
8
CUT
10
90.4861
20
72.8207
0
VERTEX
8
CUT
10
90.4816
20
72.8066
0
VERTEX
8
CUT
10
90.4574
20
72.7160
0
VERTEX
8
CUT
10
90.4543
20
72.7016
0
VERTEX
8
CUT
10
90.4392
20
72.6090
0
VERTEX
8
CUT
10
90.4376
20
72.5943
0
VERTEX
8
CUT
10
90.4317
20
72.5007
0
VERTEX
8
CUT
10
90.4315
20
72.4860
0
VERTEX
8
CUT
10
90.4348
20
72.3923
0
VERTEX
8
CUT
10
90.4361
20
72.3776
0
VERTEX
8
CUT
10
90.4487
20
72.2846
0
VERTEX
8
CUT
10
90.4562
20
72.2446
0
VERTEX
8
CUT
10
90.4659
20
72.1987
0
VERTEX
8
CUT
10
90.6474
20
71.4358
0
VERTEX
8
CUT
10
90.6594
20
71.3902
0
VERTEX
8
CUT
10
90.6708
20
71.3510
0
VERTEX
8
CUT
10
90.7016
20
71.2620
0
SEQEND
0
POLYLINE
8
CUT
66
1
70
1
10
0.0
20
0.0
30
0.0
0
VERTEX
8
CUT
10
73.1166
20
238.1688
0
VERTEX
8
CUT
10
73.0620
20
238.0908
0
VERTEX
8
CUT
10
73.0541
20
238.0782
0
VERTEX
8
CUT
10
73.0076
20
237.9951
0
VERTEX
8
CUT
10
73.0009
20
237.9817
0
VERTEX
8
CUT
10
72.9630
20
237.8944
0
VERTEX
8
CUT
10
72.9577
20
237.8804
0
VERTEX
8
CUT
10
72.9287
20
237.7898
0
VERTEX
8
CUT
10
72.9249
20
237.7753
0
VERTEX
8
CUT
10
72.9051
20
237.6822
0
VERTEX
8
CUT
10
72.9027
20
237.6674
0
VERTEX
8
CUT
10
72.8924
20
237.5728
0
VERTEX
8
CUT
10
72.8915
20
237.5579
0
VERTEX
8
CUT
10
72.8907
20
237.4627
0
VERTEX
8
CUT
10
72.8913
20
237.4477
0
VERTEX
8
CUT
10
72.9000
20
237.3530
0
VERTEX
8
CUT
10
72.9021
20
237.3381
0
VERTEX
8
CUT
10
72.9076
20
237.3099
0
VERTEX
8
CUT
10
72.9169
20
237.2478
0
VERTEX
8
CUT
10
72.9199
20
237.2330
0
VERTEX
8
CUT
10
72.9438
20
237.1397
0
VERTEX
8
CUT
10
72.9483
20
237.1252
0
VERTEX
8
CUT
10
72.9815
20
237.0348
0
VERTEX
8
CUT
10
72.9875
20
237.0209
0
VERTEX
8
CUT
10
73.0297
20
236.9344
0
VERTEX
8
CUT
10
73.0370
20
236.9211
0
VERTEX
8
CUT
10
73.0878
20
236.8393
0
VERTEX
8
CUT
10
73.1116
20
236.8049
0
VERTEX
8
CUT
10
73.1400
20
236.7660
0
VERTEX
8
CUT
10
73.2763
20
236.5892
0
VERTEX
8
CUT
10
74.1286
20
235.3243
0
VERTEX
8
CUT
10
74.2790
20
235.0622
0
VERTEX
8
CUT
10
74.9248
20
233.7217
0
VERTEX
8
CUT
10
74.9950
20
233.5588
0
VERTEX
8
CUT
10
75.0511
20
233.3906
0
VERTEX
8
CUT
10
76.9286
20
226.8603
0
VERTEX
8
CUT
10
76.9406
20
226.8216
0
VERTEX
8
CUT
10
76.9518
20
226.7882
0
VERTEX
8
CUT
10
76.9807
20
226.7126
0
VERTEX
8
CUT
10
76.9816
20
226.7106
0
VERTEX
8
CUT
10
77.0939
20
226.2917
0
VERTEX
8
CUT
10
77.1082
20
226.2437
0
VERTEX
8
CUT
10
77.1216
20
226.2024
0
VERTEX
8
CUT
10
77.1575
20
226.1090
0
VERTEX
8
CUT
10
77.1753
20
226.0694
0
VERTEX
8
CUT
10
77.1969
20
226.0242
0
VERTEX
8
CUT
10
78.3611
20
223.7484
0
VERTEX
8
CUT
10
78.3802
20
223.7131
0
VERTEX
8
CUT
10
78.3973
20
223.6828
0
VERTEX
8
CUT
10
78.4397
20
223.6148
0
VERTEX
8
CUT
10
78.4469
20
223.6044
0
VERTEX
8
CUT
10
78.4949
20
223.5401
0
VERTEX
8
CUT
10
78.5168
20
223.5132
0
VERTEX
8
CUT
10
78.5382
20
223.4881
0
VERTEX
8
CUT
10
78.5677
20
223.4271
0
VERTEX
8
CUT
10
78.5933
20
223.3779
0
VERTEX
8
CUT
10
78.6167
20
223.3359
0
VERTEX
8
CUT
10
78.6763
20
223.2425
0
VERTEX
8
CUT
10
78.7044
20
223.2035
0
VERTEX
8
CUT
10
78.7382
20
223.1596
0
VERTEX
8
CUT
10
79.6594
20
222.0301
0
VERTEX
8
CUT
10
79.6891
20
221.9955
0
VERTEX
8
CUT
10
79.7156
20
221.9660
0
VERTEX
8
CUT
10
79.7797
20
221.9013
0
VERTEX
8
CUT
10
79.8089
20
221.8745
0
VERTEX
8
CUT
10
79.8432
20
221.8445
0
VERTEX
8
CUT
10
83.5133
20
218.7879
0
VERTEX
8
CUT
10
83.5428
20
218.7643
0
VERTEX
8
CUT
10
83.5855
20
218.7315
0
VERTEX
8
CUT
10
83.6159
20
218.7091
0
VERTEX
8
CUT
10
86.8722
20
216.4100
0
VERTEX
8
CUT
10
86.9101
20
216.3846
0
VERTEX
8
CUT
10
86.9434
20
216.3634
0
VERTEX
8
CUT
10
87.0225
20
216.3182
0
VERTEX
8
CUT
10
87.0352
20
216.3117
0
VERTEX
8
CUT
10
87.1183
20
216.2744
0
VERTEX
8
CUT
10
87.1316
20
216.2691
0
VERTEX
8
CUT
10
87.2178
20
216.2399
0
VERTEX
8
CUT
10
87.2316
20
216.2359
0
VERTEX
8
CUT
10
87.3202
20
216.2151
0
VERTEX
8
CUT
10
87.3343
20
216.2125
0
VERTEX
8
CUT
10
87.4245
20
216.2002
0
VERTEX
8
CUT
10
87.4388
20
216.1990
0
VERTEX
8
CUT
10
87.5297
20
216.1954
0
VERTEX
8
CUT
10
87.5441
20
216.1955
0
VERTEX
8
CUT
10
87.6350
20
216.2007
0
VERTEX
8
CUT
10
87.6492
20
216.2022
0
VERTEX
8
CUT
10
87.7392
20
216.2160
0
VERTEX
8
CUT
10
87.7532
20
216.2189
0
VERTEX
8
CUT
10
87.8415
20
216.2413
0
VERTEX
8
CUT
10
87.8552
20
216.2455
0
VERTEX
8
CUT
10
87.9409
20
216.2762
0
VERTEX
8
CUT
10
87.9541
20
216.2817
0
VERTEX
8
CUT
10
88.0364
20
216.3205
0
VERTEX
8
CUT
10
88.0491
20
216.3272
0
VERTEX
8
CUT
10
88.1274
20
216.3737
0
VERTEX
8
CUT
10
88.1393
20
216.3816
0
VERTEX
8
CUT
10
88.2127
20
216.4355
0
VERTEX
8
CUT
10
88.2239
20
216.4445
0
VERTEX
8
CUT
10
88.2918
20
216.5051
0
VERTEX
8
CUT
10
88.3020
20
216.5151
0
VERTEX
8
CUT
10
88.3639
20
216.5819
0
VERTEX
8
CUT
10
88.3893
20
216.6122
0
VERTEX
8
CUT
10
88.4046
20
216.6313
0
VERTEX
8
CUT
10
88.4279
20
216.6632
0
VERTEX
8
CUT
10
88.4479
20
216.6923
0
VERTEX
8
CUT
10
88.4959
20
216.7698
0
VERTEX
8
CUT
10
88.5029
20
216.7824
0
VERTEX
8
CUT
10
88.5433
20
216.8641
0
VERTEX
8
CUT
10
88.5490
20
216.8773
0
VERTEX
8
CUT
10
88.5813
20
216.9625
0
VERTEX
8
CUT
10
88.5935
20
217.0001
0
VERTEX
8
CUT
10
88.6066
20
217.0438
0
VERTEX
8
CUT
10
88.8016
20
217.7581
0
VERTEX
8
CUT
10
88.8119
20
217.7994
0
VERTEX
8
CUT
10
88.8200
20
217.8355
0
VERTEX
8
CUT
10
88.8350
20
217.9193
0
VERTEX
8
CUT
10
88.8399
20
217.9560
0
VERTEX
8
CUT
10
88.8445
20
217.9984
0
VERTEX
8
CUT
10
89.1119
20
221.0622
0
VERTEX
8
CUT
10
89.1151
20
221.1169
0
VERTEX
8
CUT
10
89.1174
20
221.1948
0
VERTEX
8
CUT
10
89.1174
20
221.2496
0
VERTEX
8
CUT
10
89.0746
20
222.7530
0
VERTEX
8
CUT
10
89.0722
20
222.7980
0
VERTEX
8
CUT
10
89.0693
20
222.8369
0
VERTEX
8
CUT
10
89.0582
20
222.9263
0
VERTEX
8
CUT
10
89.0558
20
222.9402
0
VERTEX
8
CUT
10
89.0363
20
223.0282
0
VERTEX
8
CUT
10
89.0326
20
223.0418
0
VERTEX
8
CUT
10
89.0048
20
223.1275
0
VERTEX
8
CUT
10
88.9998
20
223.1408
0
VERTEX
8
CUT
10
88.9641
20
223.2234
0
VERTEX
8
CUT
10
88.9469
20
223.2585
0
VERTEX
8
CUT
10
88.9261
20
223.2985
0
VERTEX
8
CUT
10
88.9204
20
223.3089
0
VERTEX
8
CUT
10
88.8971
20
223.3489
0
VERTEX
8
CUT
10
88.8761
20
223.3830
0
VERTEX
8
CUT
10
88.8240
20
223.4592
0
VERTEX
8
CUT
10
88.8152
20
223.4708
0
VERTEX
8
CUT
10
88.7559
20
223.5415
0
VERTEX
8
CUT
10
88.7461
20
223.5522
0
VERTEX
8
CUT
10
88.6802
20
223.6169
0
VERTEX
8
CUT
10
88.6693
20
223.6265
0
VERTEX
8
CUT
10
88.5975
20
223.6845
0
VERTEX
8
CUT
10
88.5651
20
223.7081
0
VERTEX
8
CUT
10
88.5271
20
223.7344
0
VERTEX
8
CUT
10
88.4084
20
223.8125
0
VERTEX
8
CUT
10
88.3694
20
223.8368
0
VERTEX
8
CUT
10
88.3351
20
223.8570
0
VERTEX
8
CUT
10
88.2539
20
223.8998
0
VERTEX
8
CUT
10
88.2408
20
223.9059
0
VERTEX
8
CUT
10
88.1559
20
223.9406
0
VERTEX
8
CUT
10
88.1423
20
223.9454
0
VERTEX
8
CUT
10
88.0544
20
223.9718
0
VERTEX
8
CUT
10
88.0158
20
223.9813
0
VERTEX
8
CUT
10
87.9709
20
223.9913
0
VERTEX
8
CUT
10
85.9792
20
224.3842
0
VERTEX
8
CUT
10
85.8088
20
224.4253
0
VERTEX
8
CUT
10
85.6424
20
224.4804
0
VERTEX
8
CUT
10
85.4812
20
224.5492
0
VERTEX
8
CUT
10
84.5765
20
224.9809
0
VERTEX
8
CUT
10
84.3850
20
225.0848
0
VERTEX
8
CUT
10
84.2053
20
225.2080
0
VERTEX
8
CUT
10
84.0392
20
225.3492
0
VERTEX
8
CUT
10
83.3328
20
226.0162
0
VERTEX
8
CUT
10
83.1912
20
226.1635
0
VERTEX
8
CUT
10
83.0646
20
226.3240
0
VERTEX
8
CUT
10
82.0385
20
227.7630
0
VERTEX
8
CUT
10
81.9037
20
227.9785
0
VERTEX
8
CUT
10
81.7960
20
228.2086
0
VERTEX
8
CUT
10
80.6697
20
231.0509
0
VERTEX
8
CUT
10
80.6006
20
231.2552
0
VERTEX
8
CUT
10
80.5529
20
231.4656
0
VERTEX
8
CUT
10
79.8155
20
235.7152
0
VERTEX
8
CUT
10
79.8082
20
235.7527
0
VERTEX
8
CUT
10
79.8013
20
235.7850
0
VERTEX
8
CUT
10
79.7822
20
235.8589
0
VERTEX
8
CUT
10
79.7727
20
235.8906
0
VERTEX
8
CUT
10
79.7610
20
235.9269
0
VERTEX
8
CUT
10
79.1597
20
237.6681
0
VERTEX
8
CUT
10
79.1024
20
237.8647
0
VERTEX
8
CUT
10
79.0645
20
238.0660
0
VERTEX
8
CUT
10
79.0463
20
238.2700
0
VERTEX
8
CUT
10
79.0354
20
238.5449
0
VERTEX
8
CUT
10
79.0365
20
238.7356
0
VERTEX
8
CUT
10
79.0548
20
238.9253
0
VERTEX
8
CUT
10
79.0903
20
239.1127
0
VERTEX
8
CUT
10
79.3403
20
240.1674
0
VERTEX
8
CUT
10
79.3503
20
240.2153
0
VERTEX
8
CUT
10
79.3580
20
240.2571
0
VERTEX
8
CUT
10
79.3706
20
240.3541
0
VERTEX
8
CUT
10
79.3739
20
240.3964
0
VERTEX
8
CUT
10
79.3765
20
240.4453
0
VERTEX
8
CUT
10
79.3871
20
240.8457
0
VERTEX
8
CUT
10
79.3872
20
240.8922
0
VERTEX
8
CUT
10
79.3863
20
240.9325
0
VERTEX
8
CUT
10
79.3796
20
241.0251
0
VERTEX
8
CUT
10
79.3779
20
241.0397
0
VERTEX
8
CUT
10
79.3622
20
241.1312
0
VERTEX
8
CUT
10
79.3591
20
241.1455
0
VERTEX
8
CUT
10
79.3345
20
241.2351
0
VERTEX
8
CUT
10
79.3300
20
241.2490
0
VERTEX
8
CUT
10
79.2968
20
241.3358
0
VERTEX
8
CUT
10
79.2910
20
241.3491
0
VERTEX
8
CUT
10
79.2495
20
241.4323
0
VERTEX
8
CUT
10
79.2423
20
241.4450
0
VERTEX
8
CUT
10
79.1929
20
241.5237
0
VERTEX
8
CUT
10
79.1845
20
241.5357
0
VERTEX
8
CUT
10
79.1277
20
241.6091
0
VERTEX
8
CUT
10
79.1182
20
241.6202
0
VERTEX
8
CUT
10
79.0544
20
241.6878
0
VERTEX
8
CUT
10
79.0438
20
241.6979
0
VERTEX
8
CUT
10
78.9738
20
241.7589
0
VERTEX
8
CUT
10
78.9623
20
241.7679
0
VERTEX
8
CUT
10
78.8866
20
241.8218
0
VERTEX
8
CUT
10
78.8743
20
241.8297
0
VERTEX
8
CUT
10
78.7937
20
241.8759
0
VERTEX
8
CUT
10
78.7807
20
241.8825
0
VERTEX
8
CUT
10
78.6959
20
241.9206
0
VERTEX
8
CUT
10
78.6823
20
241.9260
0
VERTEX
8
CUT
10
78.5943
20
241.9556
0
VERTEX
8
CUT
10
78.5802
20
241.9596
0
VERTEX
8
CUT
10
78.4897
20
241.9805
0
VERTEX
8
CUT
10
78.4753
20
241.9830
0
VERTEX
8
CUT
10
78.3832
20
241.9950
0
VERTEX
8
CUT
10
78.3686
20
241.9962
0
VERTEX
8
CUT
10
78.2758
20
241.9990
0
VERTEX
8
CUT
10
78.2611
20
241.9988
0
VERTEX
8
CUT
10
78.1684
20
241.9926
0
VERTEX
8
CUT
10
78.1539
20
241.9909
0
VERTEX
8
CUT
10
78.0623
20
241.9756
0
VERTEX
8
CUT
10
78.0480
20
241.9725
0
VERTEX
8
CUT
10
77.9583
20
241.9484
0
VERTEX
8
CUT
10
77.9444
20
241.9439
0
VERTEX
8
CUT
10
77.8575
20
241.9112
0
VERTEX
8
CUT
10
77.8440
20
241.9053
0
VERTEX
8
CUT
10
77.7607
20
241.8642
0
VERTEX
8
CUT
10
77.7480
20
241.8571
0
VERTEX
8
CUT
10
77.6691
20
241.8081
0
VERTEX
8
CUT
10
77.6359
20
241.7851
0
VERTEX
8
CUT
10
77.5983
20
241.7577
0
VERTEX
8
CUT
10
73.9010
20
238.9222
0
VERTEX
8
CUT
10
73.8621
20
238.8907
0
VERTEX
8
CUT
10
73.8081
20
238.8445
0
VERTEX
8
CUT
10
73.7709
20
238.8110
0
VERTEX
8
CUT
10
73.2501
20
238.3163
0
VERTEX
8
CUT
10
73.2164
20
238.2827
0
VERTEX
8
CUT
10
73.1879
20
238.2528
0
VERTEX
8
CUT
10
73.1258
20
238.1806
0
SEQEND
0
POLYLINE
8
CUT
66
1
70
1
10
0.0
20
0.0
30
0.0
0
VERTEX
8
CUT
10
82.0520
20
59.8903
0
VERTEX
8
CUT
10
82.0607
20
59.7977
0
VERTEX
8
CUT
10
82.0628
20
59.7832
0
VERTEX
8
CUT
10
82.0806
20
59.6919
0
VERTEX
8
CUT
10
82.0841
20
59.6777
0
VERTEX
8
CUT
10
82.1107
20
59.5885
0
VERTEX
8
CUT
10
82.1155
20
59.5747
0
VERTEX
8
CUT
10
82.1507
20
59.4886
0
VERTEX
8
CUT
10
82.1569
20
59.4753
0
VERTEX
8
CUT
10
82.2004
20
59.3931
0
VERTEX
8
CUT
10
82.2079
20
59.3805
0
VERTEX
8
CUT
10
82.2592
20
59.3029
0
VERTEX
8
CUT
10
82.2678
20
59.2911
0
VERTEX
8
CUT
10
82.3265
20
59.2189
0
VERTEX
8
CUT
10
82.3363
20
59.2080
0
VERTEX
8
CUT
10
82.4017
20
59.1418
0
VERTEX
8
CUT
10
82.4125
20
59.1319
0
VERTEX
8
CUT
10
82.4841
20
59.0725
0
VERTEX
8
CUT
10
82.4958
20
59.0638
0
VERTEX
8
CUT
10
82.5729
20
59.0116
0
VERTEX
8
CUT
10
82.5854
20
59.0041
0
VERTEX
8
CUT
10
82.6672
20
58.9597
0
VERTEX
8
CUT
10
82.6804
20
58.9534
0
VERTEX
8
CUT
10
82.7661
20
58.9173
0
VERTEX
8
CUT
10
82.7799
20
58.9123
0
VERTEX
8
CUT
10
82.8688
20
58.8848
0
VERTEX
8
CUT
10
82.8829
20
58.8811
0
VERTEX
8
CUT
10
82.9741
20
58.8624
0
VERTEX
8
CUT
10
82.9885
20
58.8602
0
VERTEX
8
CUT
10
83.0811
20
58.8505
0
VERTEX
8
CUT
10
83.0957
20
58.8497
0
VERTEX
8
CUT
10
83.1887
20
58.8491
0
VERTEX
8
CUT
10
83.2033
20
58.8497
0
VERTEX
8
CUT
10
83.2960
20
58.8582
0
VERTEX
8
CUT
10
83.3105
20
58.8603
0
VERTEX
8
CUT
10
83.4018
20
58.8778
0
VERTEX
8
CUT
10
83.4161
20
58.8813
0
VERTEX
8
CUT
10
83.5053
20
58.9077
0
VERTEX
8
CUT
10
83.5191
20
58.9125
0
VERTEX
8
CUT
10
83.6053
20
58.9475
0
VERTEX
8
CUT
10
83.6186
20
58.9537
0
VERTEX
8
CUT
10
83.7009
20
58.9970
0
VERTEX
8
CUT
10
83.7135
20
59.0044
0
VERTEX
8
CUT
10
83.7912
20
59.0556
0
VERTEX
8
CUT
10
83.8031
20
59.0642
0
VERTEX
8
CUT
10
83.8754
20
59.1227
0
VERTEX
8
CUT
10
83.8863
20
59.1324
0
VERTEX
8
CUT
10
83.9526
20
59.1977
0
VERTEX
8
CUT
10
83.9625
20
59.2085
0
VERTEX
8
CUT
10
84.0221
20
59.2800
0
VERTEX
8
CUT
10
84.0309
20
59.2917
0
VERTEX
8
CUT
10
84.0832
20
59.3686
0
VERTEX
8
CUT
10
84.0908
20
59.3811
0
VERTEX
8
CUT
10
84.1353
20
59.4628
0
VERTEX
8
CUT
10
84.1417
20
59.4760
0
VERTEX
8
CUT
10
84.1779
20
59.5617
0
VERTEX
8
CUT
10
84.1830
20
59.5754
0
VERTEX
8
CUT
10
84.2107
20
59.6642
0
VERTEX
8
CUT
10
84.2209
20
59.7033
0
VERTEX
8
CUT
10
84.2314
20
59.7486
0
VERTEX
8
CUT
10
84.2402
20
59.7910
0
VERTEX
8
CUT
10
84.2842
20
59.9652
0
VERTEX
8
CUT
10
84.3430
20
60.1350
0
VERTEX
8
CUT
10
84.9629
20
61.7062
0
VERTEX
8
CUT
10
84.9777
20
61.7465
0
VERTEX
8
CUT
10
84.9898
20
61.7818
0
VERTEX
8
CUT
10
85.0140
20
61.8641
0
VERTEX
8
CUT
10
85.0172
20
61.8773
0
VERTEX
8
CUT
10
85.0338
20
61.9615
0
VERTEX
8
CUT
10
85.0394
20
61.9983
0
VERTEX
8
CUT
10
85.0448
20
62.0409
0
VERTEX
8
CUT
10
85.5389
20
66.7524
0
VERTEX
8
CUT
10
85.5675
20
66.9416
0
VERTEX
8
CUT
10
85.6132
20
67.1274
0
VERTEX
8
CUT
10
85.6282
20
67.1785
0
VERTEX
8
CUT
10
85.6403
20
67.2234
0
VERTEX
8
CUT
10
85.6498
20
67.2625
0
VERTEX
8
CUT
10
85.6672
20
67.3537
0
VERTEX
8
CUT
10
85.6692
20
67.3682
0
VERTEX
8
CUT
10
85.6777
20
67.4606
0
VERTEX
8
CUT
10
85.6783
20
67.4752
0
VERTEX
8
CUT
10
85.6777
20
67.5680
0
VERTEX
8
CUT
10
85.6769
20
67.5826
0
VERTEX
8
CUT
10
85.6672
20
67.6749
0
VERTEX
8
CUT
10
85.6650
20
67.6893
0
VERTEX
8
CUT
10
85.6463
20
67.7802
0
VERTEX
8
CUT
10
85.6427
20
67.7944
0
VERTEX
8
CUT
10
85.6153
20
67.8830
0
VERTEX
8
CUT
10
85.6103
20
67.8968
0
VERTEX
8
CUT
10
85.5743
20
67.9823
0
VERTEX
8
CUT
10
85.5680
20
67.9955
0
VERTEX
8
CUT
10
85.5239
20
68.0771
0
VERTEX
8
CUT
10
85.5163
20
68.0896
0
VERTEX
8
CUT
10
85.4644
20
68.1666
0
VERTEX
8
CUT
10
85.4556
20
68.1782
0
VERTEX
8
CUT
10
85.3965
20
68.2498
0
VERTEX
8
CUT
10
85.3866
20
68.2605
0
VERTEX
8
CUT
10
85.3208
20
68.3259
0
VERTEX
8
CUT
10
85.3099
20
68.3357
0
VERTEX
8
CUT
10
85.2380
20
68.3943
0
VERTEX
8
CUT
10
85.2262
20
68.4030
0
VERTEX
8
CUT
10
85.1489
20
68.4543
0
VERTEX
8
CUT
10
85.1364
20
68.4618
0
VERTEX
8
CUT
10
85.0544
20
68.5054
0
VERTEX
8
CUT
10
85.0412
20
68.5116
0
VERTEX
8
CUT
10
84.9554
20
68.5469
0
VERTEX
8
CUT
10
84.9416
20
68.5518
0
VERTEX
8
CUT
10
84.8527
20
68.5786
0
VERTEX
8
CUT
10
84.8386
20
68.5821
0
VERTEX
8
CUT
10
84.7475
20
68.6001
0
VERTEX
8
CUT
10
84.7331
20
68.6022
0
VERTEX
8
CUT
10
84.6407
20
68.6112
0
VERTEX
8
CUT
10
84.6261
20
68.6119
0
VERTEX
8
CUT
10
84.5333
20
68.6119
0
VERTEX
8
CUT
10
84.5187
20
68.6111
0
VERTEX
8
CUT
10
84.4263
20
68.6020
0
VERTEX
8
CUT
10
84.4119
20
68.5999
0
VERTEX
8
CUT
10
84.3209
20
68.5818
0
VERTEX
8
CUT
10
84.3067
20
68.5782
0
VERTEX
8
CUT
10
84.2179
20
68.5513
0
VERTEX
8
CUT
10
84.2041
20
68.5464
0
VERTEX
8
CUT
10
84.1184
20
68.5110
0
VERTEX
8
CUT
10
84.1051
20
68.5047
0
VERTEX
8
CUT
10
84.0232
20
68.4611
0
VERTEX
8
CUT
10
84.0107
20
68.4536
0
VERTEX
8
CUT
10
83.9335
20
68.4022
0
VERTEX
8
CUT
10
83.9217
20
68.3935
0
VERTEX
8
CUT
10
83.8498
20
68.3347
0
VERTEX
8
CUT
10
83.8390
20
68.3250
0
VERTEX
8
CUT
10
83.7732
20
68.2595
0
VERTEX
8
CUT
10
83.7634
20
68.2487
0
VERTEX
8
CUT
10
83.7043
20
68.1771
0
VERTEX
8
CUT
10
83.6802
20
68.1448
0
VERTEX
8
CUT
10
83.6534
20
68.1069
0
VERTEX
8
CUT
10
83.5640
20
67.9740
0
VERTEX
8
CUT
10
83.5388
20
67.9346
0
VERTEX
8
CUT
10
83.5179
20
67.8999
0
VERTEX
8
CUT
10
83.4736
20
67.8177
0
VERTEX
8
CUT
10
83.4562
20
67.7810
0
VERTEX
8
CUT
10
83.4371
20
67.7384
0
VERTEX
8
CUT
10
83.1318
20
67.0066
0
VERTEX
8
CUT
10
83.1178
20
66.9710
0
VERTEX
8
CUT
10
83.1063
20
66.9399
0
VERTEX
8
CUT
10
83.0826
20
66.8673
0
VERTEX
8
CUT
10
83.0736
20
66.8353
0
VERTEX
8
CUT
10
83.0640
20
66.7983
0
VERTEX
8
CUT
10
82.5310
20
64.5652
0
VERTEX
8
CUT
10
82.5185
20
64.5037
0
VERTEX
8
CUT
10
82.5035
20
64.4159
0
VERTEX
8
CUT
10
82.4951
20
64.3537
0
VERTEX
8
CUT
10
82.0575
20
60.0847
0
VERTEX
8
CUT
10
82.0539
20
60.0383
0
VERTEX
8
CUT
10
82.0517
20
59.9980
0
VERTEX
8
CUT
10
82.0514
20
59.9050
0
SEQEND
0
POLYLINE
8
CUT
66
1
70
1
10
0.0
20
0.0
30
0.0
0
VERTEX
8
CUT
10
66.2715
20
82.6698
0
VERTEX
8
CUT
10
66.2802
20
82.5786
0
VERTEX
8
CUT
10
66.2823
20
82.5643
0
VERTEX
8
CUT
10
66.2998
20
82.4744
0
VERTEX
8
CUT
10
66.3032
20
82.4604
0
VERTEX
8
CUT
10
66.3293
20
82.3725
0
VERTEX
8
CUT
10
66.3340
20
82.3589
0
VERTEX
8
CUT
10
66.3685
20
82.2740
0
VERTEX
8
CUT
10
66.3745
20
82.2609
0
VERTEX
8
CUT
10
66.4170
20
82.1797
0
VERTEX
8
CUT
10
66.4243
20
82.1673
0
VERTEX
8
CUT
10
66.4743
20
82.0905
0
VERTEX
8
CUT
10
66.4828
20
82.0788
0
VERTEX
8
CUT
10
66.5400
20
82.0073
0
VERTEX
8
CUT
10
66.5496
20
81.9965
0
VERTEX
8
CUT
10
66.6134
20
81.9308
0
VERTEX
8
CUT
10
66.6240
20
81.9209
0
VERTEX
8
CUT
10
66.6939
20
81.8617
0
VERTEX
8
CUT
10
66.7053
20
81.8529
0
VERTEX
8
CUT
10
66.7806
20
81.8007
0
VERTEX
8
CUT
10
66.7929
20
81.7930
0
VERTEX
8
CUT
10
66.8728
20
81.7483
0
VERTEX
8
CUT
10
66.8858
20
81.7419
0
VERTEX
8
CUT
10
66.9697
20
81.7051
0
VERTEX
8
CUT
10
66.9831
20
81.7000
0
VERTEX
8
CUT
10
67.0702
20
81.6714
0
VERTEX
8
CUT
10
67.0841
20
81.6676
0
VERTEX
8
CUT
10
67.1735
20
81.6476
0
VERTEX
8
CUT
10
67.1877
20
81.6451
0
VERTEX
8
CUT
10
67.2787
20
81.6338
0
VERTEX
8
CUT
10
67.2931
20
81.6327
0
VERTEX
8
CUT
10
67.3847
20
81.6303
0
VERTEX
8
CUT
10
67.3991
20
81.6306
0
VERTEX
8
CUT
10
67.4905
20
81.6369
0
VERTEX
8
CUT
10
67.5048
20
81.6386
0
VERTEX
8
CUT
10
67.5952
20
81.6538
0
VERTEX
8
CUT
10
67.6093
20
81.6568
0
VERTEX
8
CUT
10
67.7467
20
81.6938
0
VERTEX
8
CUT
10
67.7470
20
81.6929
0
VERTEX
8
CUT
10
67.8911
20
81.7312
0
VERTEX
8
CUT
10
68.4806
20
81.8558
0
VERTEX
8
CUT
10
68.6687
20
81.8867
0
VERTEX
8
CUT
10
68.8588
20
81.9005
0
VERTEX
8
CUT
10
72.3631
20
81.9941
0
VERTEX
8
CUT
10
72.9064
20
81.9188
0
VERTEX
8
CUT
10
72.9521
20
81.9136
0
VERTEX
8
CUT
10
72.9918
20
81.9100
0
VERTEX
8
CUT
10
73.0837
20
81.9063
0
VERTEX
8
CUT
10
73.0981
20
81.9064
0
VERTEX
8
CUT
10
73.1899
20
81.9115
0
VERTEX
8
CUT
10
73.2043
20
81.9130
0
VERTEX
8
CUT
10
73.2951
20
81.9270
0
VERTEX
8
CUT
10
73.3093
20
81.9299
0
VERTEX
8
CUT
10
73.3984
20
81.9526
0
VERTEX
8
CUT
10
73.4122
20
81.9569
0
VERTEX
8
CUT
10
73.4987
20
81.9881
0
VERTEX
8
CUT
10
73.5120
20
81.9937
0
VERTEX
8
CUT
10
73.5816
20
82.0267
0
VERTEX
8
CUT
10
75.0990
20
82.0673
0
VERTEX
8
CUT
10
75.1597
20
82.0708
0
VERTEX
8
CUT
10
75.2457
20
82.0787
0
VERTEX
8
CUT
10
75.3061
20
82.0861
0
VERTEX
8
CUT
10
76.1197
20
82.2131
0
VERTEX
8
CUT
10
76.1670
20
82.2217
0
VERTEX
8
CUT
10
76.2078
20
82.2302
0
VERTEX
8
CUT
10
76.3008
20
82.2546
0
VERTEX
8
CUT
10
76.3152
20
82.2591
0
VERTEX
8
CUT
10
76.4052
20
82.2927
0
VERTEX
8
CUT
10
76.4435
20
82.3093
0
VERTEX
8
CUT
10
76.4872
20
82.3295
0
VERTEX
8
CUT
10
79.7409
20
83.9359
0
VERTEX
8
CUT
10
79.7793
20
83.9560
0
VERTEX
8
CUT
10
79.8122
20
83.9741
0
VERTEX
8
CUT
10
79.8860
20
84.0194
0
VERTEX
8
CUT
10
79.9172
20
84.0405
0
VERTEX
8
CUT
10
79.9525
20
84.0656
0
VERTEX
8
CUT
10
82.3784
20
85.8759
0
VERTEX
8
CUT
10
82.4156
20
85.9051
0
VERTEX
8
CUT
10
82.4473
20
85.9312
0
VERTEX
8
CUT
10
82.5170
20
85.9950
0
VERTEX
8
CUT
10
82.5275
20
86.0056
0
VERTEX
8
CUT
10
82.5905
20
86.0760
0
VERTEX
8
CUT
10
82.5999
20
86.0876
0
VERTEX
8
CUT
10
82.6557
20
86.1639
0
VERTEX
8
CUT
10
82.6638
20
86.1763
0
VERTEX
8
CUT
10
82.7117
20
86.2578
0
VERTEX
8
CUT
10
82.7186
20
86.2710
0
VERTEX
8
CUT
10
82.7582
20
86.3569
0
VERTEX
8
CUT
10
82.7637
20
86.3707
0
VERTEX
8
CUT
10
82.7945
20
86.4600
0
VERTEX
8
CUT
10
82.7987
20
86.4743
0
VERTEX
8
CUT
10
82.8204
20
86.5663
0
VERTEX
8
CUT
10
82.8231
20
86.5809
0
VERTEX
8
CUT
10
82.8356
20
86.6746
0
VERTEX
8
CUT
10
82.8369
20
86.6894
0
VERTEX
8
CUT
10
82.8400
20
86.7839
0
VERTEX
8
CUT
10
82.8398
20
86.7988
0
VERTEX
8
CUT
10
82.8335
20
86.8931
0
VERTEX
8
CUT
10
82.8318
20
86.9079
0
VERTEX
8
CUT
10
82.8162
20
87.0011
0
VERTEX
8
CUT
10
82.8130
20
87.0156
0
VERTEX
8
CUT
10
82.7882
20
87.1068
0
VERTEX
8
CUT
10
82.7835
20
87.1210
0
VERTEX
8
CUT
10
82.7498
20
87.2093
0
VERTEX
8
CUT
10
82.7438
20
87.2229
0
VERTEX
8
CUT
10
82.7014
20
87.3074
0
VERTEX
8
CUT
10
82.6941
20
87.3203
0
VERTEX
8
CUT
10
82.6435
20
87.4002
0
VERTEX
8
CUT
10
82.6350
20
87.4123
0
VERTEX
8
CUT
10
82.5767
20
87.4868
0
VERTEX
8
CUT
10
82.5670
20
87.4980
0
VERTEX
8
CUT
10
82.5016
20
87.5663
0
VERTEX
8
CUT
10
82.4908
20
87.5765
0
VERTEX
8
CUT
10
82.4189
20
87.6379
0
VERTEX
8
CUT
10
82.3865
20
87.6630
0
VERTEX
8
CUT
10
82.3483
20
87.6910
0
VERTEX
8
CUT
10
81.2622
20
88.4467
0
VERTEX
8
CUT
10
81.0644
20
88.6028
0
VERTEX
8
CUT
10
80.8867
20
88.7814
0
VERTEX
8
CUT
10
80.1626
20
89.6024
0
VERTEX
8
CUT
10
80.0474
20
89.7451
0
VERTEX
8
CUT
10
79.9451
20
89.8973
0
VERTEX
8
CUT
10
79.8565
20
90.0578
0
VERTEX
8
CUT
10
79.7822
20
90.2255
0
VERTEX
8
CUT
10
79.4899
20
90.9716
0
VERTEX
8
CUT
10
79.4293
20
91.1494
0
VERTEX
8
CUT
10
79.3848
20
91.3318
0
VERTEX
8
CUT
10
79.3568
20
91.5175
0
VERTEX
8
CUT
10
79.3455
20
91.7049
0
VERTEX
8
CUT
10
79.3329
20
92.5105
0
VERTEX
8
CUT
10
79.3389
20
92.7052
0
VERTEX
8
CUT
10
79.3629
20
92.8984
0
VERTEX
8
CUT
10
79.4047
20
93.0886
0
VERTEX
8
CUT
10
79.4639
20
93.2741
0
VERTEX
8
CUT
10
79.6308
20
93.7237
0
VERTEX
8
CUT
10
79.6988
20
93.8856
0
VERTEX
8
CUT
10
79.7800
20
94.0412
0
VERTEX
8
CUT
10
79.8739
20
94.1896
0
VERTEX
8
CUT
10
80.2972
20
94.8000
0
VERTEX
8
CUT
10
80.4045
20
94.9415
0
VERTEX
8
CUT
10
80.5233
20
95.0734
0
VERTEX
8
CUT
10
80.6528
20
95.1948
0
VERTEX
8
CUT
10
81.4645
20
95.8935
0
VERTEX
8
CUT
10
81.6665
20
96.0472
0
VERTEX
8
CUT
10
84.5622
20
97.9852
0
VERTEX
8
CUT
10
84.6006
20
98.0123
0
VERTEX
8
CUT
10
84.6334
20
98.0366
0
VERTEX
8
CUT
10
84.7059
20
98.0964
0
VERTEX
8
CUT
10
84.7169
20
98.1064
0
VERTEX
8
CUT
10
84.7832
20
98.1730
0
VERTEX
8
CUT
10
84.7931
20
98.1840
0
VERTEX
8
CUT
10
84.8525
20
98.2569
0
VERTEX
8
CUT
10
84.8612
20
98.2688
0
VERTEX
8
CUT
10
84.9131
20
98.3472
0
VERTEX
8
CUT
10
84.9207
20
98.3599
0
VERTEX
8
CUT
10
84.9646
20
98.4431
0
VERTEX
8
CUT
10
84.9708
20
98.4565
0
VERTEX
8
CUT
10
85.0063
20
98.5436
0
VERTEX
8
CUT
10
85.0112
20
98.5575
0
VERTEX
8
CUT
10
85.0378
20
98.6477
0
VERTEX
8
CUT
10
85.0413
20
98.6620
0
VERTEX
8
CUT
10
85.0589
20
98.7544
0
VERTEX
8
CUT
10
85.0610
20
98.7690
0
VERTEX
8
CUT
10
85.0693
20
98.8627
0
VERTEX
8
CUT
10
85.0699
20
98.8775
0
VERTEX
8
CUT
10
85.0690
20
98.9715
0
VERTEX
8
CUT
10
85.0681
20
98.9862
0
VERTEX
8
CUT
10
85.0579
20
99.0797
0
VERTEX
8
CUT
10
85.0556
20
99.0943
0
VERTEX
8
CUT
10
85.0362
20
99.1863
0
VERTEX
8
CUT
10
85.0324
20
99.2006
0
VERTEX
8
CUT
10
85.0040
20
99.2902
0
VERTEX
8
CUT
10
84.9989
20
99.3041
0
VERTEX
8
CUT
10
84.9617
20
99.3905
0
VERTEX
8
CUT
10
84.9552
20
99.4038
0
VERTEX
8
CUT
10
84.9097
20
99.4860
0
VERTEX
8
CUT
10
84.9019
20
99.4986
0
VERTEX
8
CUT
10
84.8485
20
99.5760
0
VERTEX
8
CUT
10
84.8395
20
99.5877
0
VERTEX
8
CUT
10
84.7787
20
99.6594
0
VERTEX
8
CUT
10
84.7686
20
99.6702
0
VERTEX
8
CUT
10
84.7010
20
99.7356
0
VERTEX
8
CUT
10
84.6899
20
99.7453
0
VERTEX
8
CUT
10
84.6161
20
99.8037
0
VERTEX
8
CUT
10
84.6041
20
99.8122
0
VERTEX
8
CUT
10
84.5250
20
99.8630
0
VERTEX
8
CUT
10
84.5121
20
99.8704
0
VERTEX
8
CUT
10
84.4284
20
99.9130
0
VERTEX
8
CUT
10
84.4149
20
99.9191
0
VERTEX
8
CUT
10
84.3273
20
99.9533
0
VERTEX
8
CUT
10
84.3133
20
99.9580
0
VERTEX
8
CUT
10
84.2227
20
99.9833
0
VERTEX
8
CUT
10
84.2083
20
99.9866
0
VERTEX
8
CUT
10
84.1157
20
100.0029
0
VERTEX
8
CUT
10
84.0752
20
100.0080
0
VERTEX
8
CUT
10
84.0284
20
100.0126
0
VERTEX
8
CUT
10
83.0922
20
100.0829
0
VERTEX
8
CUT
10
83.0306
20
100.0856
0
VERTEX
8
CUT
10
82.9432
20
100.0864
0
VERTEX
8
CUT
10
82.8816
20
100.0851
0
VERTEX
8
CUT
10
80.4123
20
99.9496
0
VERTEX
8
CUT
10
80.3575
20
99.9450
0
VERTEX
8
CUT
10
80.2799
20
99.9363
0
VERTEX
8
CUT
10
80.2255
20
99.9285
0
VERTEX
8
CUT
10
78.2367
20
99.5859
0
VERTEX
8
CUT
10
78.1768
20
99.5736
0
VERTEX
8
CUT
10
78.0923
20
99.5533
0
VERTEX
8
CUT
10
78.0333
20
99.5372
0
VERTEX
8
CUT
10
76.7426
20
99.1386
0
VERTEX
8
CUT
10
76.6858
20
99.1191
0
VERTEX
8
CUT
10
76.6060
20
99.0888
0
VERTEX
8
CUT
10
76.5506
20
99.0658
0
VERTEX
8
CUT
10
74.0049
20
97.9105
0
VERTEX
8
CUT
10
73.9496
20
97.8833
0
VERTEX
8
CUT
10
73.8725
20
97.8421
0
VERTEX
8
CUT
10
73.8192
20
97.8113
0
VERTEX
8
CUT
10
72.8020
20
97.1796
0
VERTEX
8
CUT
10
72.7481
20
97.1436
0
VERTEX
8
CUT
10
72.6734
20
97.0898
0
VERTEX
8
CUT
10
72.6221
20
97.0501
0
VERTEX
8
CUT
10
70.6832
20
95.4424
0
VERTEX
8
CUT
10
70.6405
20
95.4048
0
VERTEX
8
CUT
10
70.6045
20
95.3711
0
VERTEX
8
CUT
10
70.5263
20
95.2886
0
VERTEX
8
CUT
10
70.4945
20
95.2508
0
VERTEX
8
CUT
10
70.4593
20
95.2062
0
VERTEX
8
CUT
10
68.4465
20
92.4959
0
VERTEX
8
CUT
10
68.4228
20
92.4625
0
VERTEX
8
CUT
10
68.4028
20
92.4331
0
VERTEX
8
CUT
10
68.3598
20
92.3633
0
VERTEX
8
CUT
10
68.3536
20
92.3521
0
VERTEX
8
CUT
10
68.3167
20
92.2789
0
VERTEX
8
CUT
10
68.3021
20
92.2465
0
VERTEX
8
CUT
10
68.2861
20
92.2088
0
VERTEX
8
CUT
10
68.1683
20
91.9136
0
VERTEX
8
CUT
10
67.9097
20
91.4466
0
VERTEX
8
CUT
10
67.8892
20
91.4075
0
VERTEX
8
CUT
10
67.8723
20
91.3733
0
VERTEX
8
CUT
10
67.8370
20
91.2926
0
VERTEX
8
CUT
10
67.8233
20
91.2570
0
VERTEX
8
CUT
10
67.8085
20
91.2155
0
VERTEX
8
CUT
10
67.4121
20
90.0199
0
VERTEX
8
CUT
10
67.2177
20
89.5332
0
VERTEX
8
CUT
10
67.2026
20
89.4926
0
VERTEX
8
CUT
10
67.1903
20
89.4571
0
VERTEX
8
CUT
10
67.1656
20
89.3741
0
VERTEX
8
CUT
10
67.1566
20
89.3377
0
VERTEX
8
CUT
10
67.1471
20
89.2954
0
VERTEX
8
CUT
10
67.1094
20
89.1069
0
VERTEX
8
CUT
10
66.9247
20
88.5500
0
VERTEX
8
CUT
10
66.9099
20
88.5009
0
VERTEX
8
CUT
10
66.8983
20
88.4580
0
VERTEX
8
CUT
10
66.8767
20
88.3580
0
VERTEX
8
CUT
10
66.8697
20
88.3141
0
VERTEX
8
CUT
10
66.8630
20
88.2633
0
VERTEX
8
CUT
10
66.8236
20
87.8871
0
VERTEX
8
CUT
10
66.8198
20
87.8392
0
VERTEX
8
CUT
10
66.8176
20
87.7976
0
VERTEX
8
CUT
10
66.8173
20
87.7015
0
VERTEX
8
CUT
10
66.8180
20
87.6865
0
VERTEX
8
CUT
10
66.8203
20
87.6624
0
VERTEX
8
CUT
10
66.6922
20
87.0220
0
VERTEX
8
CUT
10
66.6841
20
86.9753
0
VERTEX
8
CUT
10
66.6742
20
86.9087
0
VERTEX
8
CUT
10
66.6684
20
86.8617
0
VERTEX
8
CUT
10
66.2763
20
82.8613
0
VERTEX
8
CUT
10
66.2729
20
82.8156
0
VERTEX
8
CUT
10
66.2709
20
82.7758
0
VERTEX
8
CUT
10
66.2708
20
82.6842
0
SEQEND
0
POLYLINE
8
CUT
66
1
70
1
10
0.0
20
0.0
30
0.0
0
VERTEX
8
CUT
10
70.5698
20
259.4335
0
VERTEX
8
CUT
10
70.6463
20
259.4575
0
VERTEX
8
CUT
10
70.6790
20
259.4693
0
VERTEX
8
CUT
10
70.7165
20
259.4837
0
VERTEX
8
CUT
10
70.8081
20
259.5212
0
VERTEX
8
CUT
10
71.2213
20
259.6165
0
VERTEX
8
CUT
10
71.2757
20
259.6308
0
VERTEX
8
CUT
10
71.3224
20
259.6445
0
VERTEX
8
CUT
10
71.4281
20
259.6825
0
VERTEX
8
CUT
10
71.4729
20
259.7017
0
VERTEX
8
CUT
10
71.5239
20
259.7253
0
VERTEX
8
CUT
10
72.5023
20
260.2142
0
VERTEX
8
CUT
10
72.8667
20
260.3633
0
VERTEX
8
CUT
10
72.9058
20
260.3803
0
VERTEX
8
CUT
10
72.9393
20
260.3958
0
VERTEX
8
CUT
10
73.0148
20
260.4349
0
VERTEX
8
CUT
10
73.0264
20
260.4416
0
VERTEX
8
CUT
10
73.0982
20
260.4873
0
VERTEX
8
CUT
10
73.1284
20
260.5086
0
VERTEX
8
CUT
10
73.1627
20
260.5338
0
VERTEX
8
CUT
10
73.2010
20
260.5634
0
VERTEX
8
CUT
10
73.2917
20
260.6087
0
VERTEX
8
CUT
10
73.3269
20
260.6272
0
VERTEX
8
CUT
10
73.3571
20
260.6439
0
VERTEX
8
CUT
10
73.4249
20
260.6853
0
VERTEX
8
CUT
10
73.4353
20
260.6922
0
VERTEX
8
CUT
10
73.4995
20
260.7391
0
VERTEX
8
CUT
10
73.5265
20
260.7606
0
VERTEX
8
CUT
10
73.5570
20
260.7860
0
VERTEX
8
CUT
10
74.1013
20
261.2581
0
VERTEX
8
CUT
10
74.4053
20
261.4927
0
VERTEX
8
CUT
10
74.4335
20
261.5153
0
VERTEX
8
CUT
10
74.4576
20
261.5354
0
VERTEX
8
CUT
10
74.5112
20
261.5837
0
VERTEX
8
CUT
10
74.5337
20
261.6055
0
VERTEX
8
CUT
10
74.5591
20
261.6312
0
VERTEX
8
CUT
10
74.6913
20
261.7699
0
VERTEX
8
CUT
10
75.0894
20
262.1152
0
VERTEX
8
CUT
10
75.1263
20
262.1490
0
VERTEX
8
CUT
10
75.1575
20
262.1791
0
VERTEX
8
CUT
10
75.2257
20
262.2521
0
VERTEX
8
CUT
10
75.2536
20
262.2854
0
VERTEX
8
CUT
10
75.2847
20
262.3245
0
VERTEX
8
CUT
10
75.5284
20
262.6479
0
VERTEX
8
CUT
10
75.6502
20
262.7757
0
VERTEX
8
CUT
10
75.6885
20
262.8185
0
VERTEX
8
CUT
10
75.7206
20
262.8565
0
VERTEX
8
CUT
10
75.7892
20
262.9484
0
VERTEX
8
CUT
10
75.8164
20
262.9900
0
VERTEX
8
CUT
10
75.8464
20
263.0389
0
VERTEX
8
CUT
10
75.9208
20
263.1688
0
VERTEX
8
CUT
10
76.0735
20
263.3716
0
VERTEX
8
CUT
10
76.1096
20
263.4229
0
VERTEX
8
CUT
10
76.1583
20
263.4974
0
VERTEX
8
CUT
10
76.1909
20
263.5510
0
VERTEX
8
CUT
10
76.7116
20
264.4744
0
VERTEX
8
CUT
10
76.7333
20
264.5152
0
VERTEX
8
CUT
10
76.7513
20
264.5511
0
VERTEX
8
CUT
10
76.7887
20
264.6356
0
VERTEX
8
CUT
10
76.8031
20
264.6731
0
VERTEX
8
CUT
10
76.8186
20
264.7166
0
VERTEX
8
CUT
10
76.8352
20
264.7668
0
VERTEX
8
CUT
10
76.8932
20
264.8682
0
VERTEX
8
CUT
10
76.9147
20
264.9079
0
VERTEX
8
CUT
10
76.9325
20
264.9427
0
VERTEX
8
CUT
10
76.9697
20
265.0249
0
VERTEX
8
CUT
10
76.9749
20
265.0381
0
VERTEX
8
CUT
10
77.0041
20
265.1234
0
VERTEX
8
CUT
10
77.0150
20
265.1610
0
VERTEX
8
CUT
10
77.0265
20
265.2046
0
VERTEX
8
CUT
10
77.2914
20
266.3120
0
VERTEX
8
CUT
10
77.3017
20
266.3608
0
VERTEX
8
CUT
10
77.3096
20
266.4033
0
VERTEX
8
CUT
10
77.3224
20
266.5022
0
VERTEX
8
CUT
10
77.3258
20
266.5453
0
VERTEX
8
CUT
10
77.3283
20
266.5952
0
VERTEX
8
CUT
10
77.3835
20
268.8329
0
VERTEX
8
CUT
10
77.3837
20
268.8721
0
VERTEX
8
CUT
10
77.3831
20
268.9062
0
VERTEX
8
CUT
10
77.3786
20
268.9844
0
VERTEX
8
CUT
10
77.3752
20
269.0183
0
VERTEX
8
CUT
10
77.3705
20
269.0572
0
VERTEX
8
CUT
10
77.1822
20
270.3890
0
VERTEX
8
CUT
10
77.1740
20
270.4374
0
VERTEX
8
CUT
10
77.1659
20
270.4792
0
VERTEX
8
CUT
10
77.1422
20
270.5744
0
VERTEX
8
CUT
10
77.1298
20
270.6151
0
VERTEX
8
CUT
10
77.1143
20
270.6617
0
VERTEX
8
CUT
10
76.8457
20
271.4041
0
VERTEX
8
CUT
10
76.8212
20
271.4784
0
VERTEX
8
CUT
10
76.8047
20
271.5244
0
VERTEX
8
CUT
10
76.7893
20
271.5639
0
VERTEX
8
CUT
10
76.7816
20
271.5812
0
VERTEX
8
CUT
10
76.6880
20
271.8398
0
VERTEX
8
CUT
10
76.6701
20
271.8856
0
VERTEX
8
CUT
10
76.6535
20
271.9249
0
VERTEX
8
CUT
10
76.6107
20
272.0133
0
VERTEX
8
CUT
10
76.5902
20
272.0507
0
VERTEX
8
CUT
10
76.5654
20
272.0931
0
VERTEX
8
CUT
10
76.1683
20
272.7347
0
VERTEX
8
CUT
10
76.1482
20
272.7659
0
VERTEX
8
CUT
10
76.1302
20
272.7925
0
VERTEX
8
CUT
10
76.0864
20
272.8523
0
VERTEX
8
CUT
10
76.0664
20
272.8774
0
VERTEX
8
CUT
10
76.0428
20
272.9060
0
VERTEX
8
CUT
10
75.9995
20
272.9564
0
VERTEX
8
CUT
10
75.9612
20
273.0226
0
VERTEX
8
CUT
10
75.9244
20
273.0812
0
VERTEX
8
CUT
10
75.8691
20
273.1625
0
VERTEX
8
CUT
10
75.8280
20
273.2184
0
VERTEX
8
CUT
10
75.2444
20
273.9546
0
VERTEX
8
CUT
10
75.2161
20
273.9886
0
VERTEX
8
CUT
10
75.1909
20
274.0175
0
VERTEX
8
CUT
10
75.1298
20
274.0814
0
VERTEX
8
CUT
10
75.1020
20
274.1079
0
VERTEX
8
CUT
10
75.0693
20
274.1376
0
VERTEX
8
CUT
10
73.5883
20
275.4214
0
VERTEX
8
CUT
10
73.5552
20
275.4489
0
VERTEX
8
CUT
10
73.5259
20
275.4720
0
VERTEX
8
CUT
10
73.4561
20
275.5223
0
VERTEX
8
CUT
10
73.4447
20
275.5297
0
VERTEX
8
CUT
10
73.3706
20
275.5734
0
VERTEX
8
CUT
10
73.3377
20
275.5908
0
VERTEX
8
CUT
10
73.2992
20
275.6101
0
VERTEX
8
CUT
10
73.2824
20
275.6181
0
VERTEX
8
CUT
10
73.2241
20
275.6661
0
VERTEX
8
CUT
10
73.1858
20
275.6960
0
VERTEX
8
CUT
10
73.1519
20
275.7210
0
VERTEX
8
CUT
10
73.0710
20
275.7747
0
VERTEX
8
CUT
10
73.0347
20
275.7962
0
VERTEX
8
CUT
10
72.9923
20
275.8199
0
VERTEX
8
CUT
10
71.6846
20
276.5063
0
VERTEX
8
CUT
10
71.6479
20
276.5246
0
VERTEX
8
CUT
10
71.6157
20
276.5398
0
VERTEX
8
CUT
10
71.5400
20
276.5715
0
VERTEX
8
CUT
10
71.5279
20
276.5760
0
VERTEX
8
CUT
10
71.4498
20
276.6011
0
VERTEX
8
CUT
10
71.4154
20
276.6105
0
VERTEX
8
CUT
10
71.3756
20
276.6204
0
VERTEX
8
CUT
10
70.0554
20
276.9214
0
VERTEX
8
CUT
10
70.0115
20
276.9303
0
VERTEX
8
CUT
10
69.9732
20
276.9372
0
VERTEX
8
CUT
10
69.8844
20
276.9488
0
VERTEX
8
CUT
10
69.8457
20
276.9520
0
VERTEX
8
CUT
10
69.8009
20
276.9546
0
VERTEX
8
CUT
10
68.4236
20
277.0034
0
VERTEX
8
CUT
10
68.3861
20
277.0040
0
VERTEX
8
CUT
10
68.3535
20
277.0039
0
VERTEX
8
CUT
10
68.2786
20
277.0006
0
VERTEX
8
CUT
10
68.2462
20
276.9979
0
VERTEX
8
CUT
10
68.2089
20
276.9941
0
VERTEX
8
CUT
10
67.4062
20
276.8952
0
VERTEX
8
CUT
10
67.3525
20
276.8934
0
VERTEX
8
CUT
10
67.3016
20
276.8904
0
VERTEX
8
CUT
10
67.2575
20
276.8866
0
VERTEX
8
CUT
10
67.1567
20
276.8723
0
VERTEX
8
CUT
10
67.1133
20
276.8638
0
VERTEX
8
CUT
10
67.0678
20
276.8535
0
VERTEX
8
CUT
10
66.8288
20
276.8241
0
VERTEX
8
CUT
10
66.7847
20
276.8176
0
VERTEX
8
CUT
10
66.7466
20
276.8111
0
VERTEX
8
CUT
10
66.6595
20
276.7920
0
VERTEX
8
CUT
10
66.6221
20
276.7819
0
VERTEX
8
CUT
10
66.5794
20
276.7693
0
VERTEX
8
CUT
10
66.0013
20
276.5839
0
VERTEX
8
CUT
10
65.6705
20
276.5002
0
VERTEX
8
CUT
10
65.6191
20
276.4857
0
VERTEX
8
CUT
10
65.5749
20
276.4718
0
VERTEX
8
CUT
10
65.4751
20
276.4342
0
VERTEX
8
CUT
10
65.4328
20
276.4155
0
VERTEX
8
CUT
10
65.3845
20
276.3925
0
VERTEX
8
CUT
10
65.3509
20
276.3753
0
VERTEX
8
CUT
10
65.3261
20
276.3673
0
VERTEX
8
CUT
10
65.2846
20
276.3530
0
VERTEX
8
CUT
10
65.2490
20
276.3397
0
VERTEX
8
CUT
10
65.1684
20
276.3054
0
VERTEX
8
CUT
10
65.1342
20
276.2889
0
VERTEX
8
CUT
10
65.0951
20
276.2690
0
VERTEX
8
CUT
10
64.2340
20
275.8042
0
VERTEX
8
CUT
10
64.0951
20
275.7331
0
VERTEX
8
CUT
10
64.0563
20
275.7122
0
VERTEX
8
CUT
10
64.0231
20
275.6932
0
VERTEX
8
CUT
10
63.9931
20
275.6741
0
VERTEX
8
CUT
10
63.8907
20
275.6189
0
VERTEX
8
CUT
10
63.8564
20
275.5994
0
VERTEX
8
CUT
10
63.8270
20
275.5819
0
VERTEX
8
CUT
10
63.7609
20
275.5389
0
VERTEX
8
CUT
10
63.7331
20
275.5190
0
VERTEX
8
CUT
10
63.7015
20
275.4955
0
VERTEX
8
CUT
10
62.6016
20
274.6401
0
VERTEX
8
CUT
10
62.5718
20
274.6159
0
VERTEX
8
CUT
10
62.5463
20
274.5944
0
VERTEX
8
CUT
10
62.4896
20
274.5424
0
VERTEX
8
CUT
10
62.4660
20
274.5189
0
VERTEX
8
CUT
10
62.4392
20
274.4913
0
VERTEX
8
CUT
10
61.5094
20
273.4889
0
VERTEX
8
CUT
10
61.4769
20
273.4519
0
VERTEX
8
CUT
10
61.4495
20
273.4191
0
VERTEX
8
CUT
10
61.3904
20
273.3405
0
VERTEX
8
CUT
10
61.3666
20
273.3050
0
VERTEX
8
CUT
10
61.3401
20
273.2635
0
VERTEX
8
CUT
10
61.2911
20
273.1818
0
VERTEX
8
CUT
10
61.2889
20
273.1792
0
VERTEX
8
CUT
10
61.2629
20
273.1471
0
VERTEX
8
CUT
10
61.2068
20
273.0703
0
VERTEX
8
CUT
10
61.1841
20
273.0358
0
VERTEX
8
CUT
10
61.1589
20
272.9953
0
VERTEX
8
CUT
10
60.4822
20
271.8424
0
VERTEX
8
CUT
10
60.4621
20
271.8064
0
VERTEX
8
CUT
10
60.4453
20
271.7747
0
VERTEX
8
CUT
10
60.4099
20
271.7003
0
VERTEX
8
CUT
10
60.4048
20
271.6883
0
VERTEX
8
CUT
10
60.3760
20
271.6110
0
VERTEX
8
CUT
10
60.3650
20
271.5770
0
VERTEX
8
CUT
10
60.3531
20
271.5375
0
VERTEX
8
CUT
10
60.2211
20
271.0609
0
VERTEX
8
CUT
10
59.9817
20
270.4176
0
VERTEX
8
CUT
10
59.9659
20
270.3716
0
VERTEX
8
CUT
10
59.9533
20
270.3314
0
VERTEX
8
CUT
10
59.9289
20
270.2375
0
VERTEX
8
CUT
10
59.9258
20
270.2226
0
VERTEX
8
CUT
10
59.9111
20
270.1266
0
VERTEX
8
CUT
10
59.9069
20
270.0847
0
VERTEX
8
CUT
10
59.9033
20
270.0363
0
VERTEX
8
CUT
10
59.7809
20
267.5621
0
VERTEX
8
CUT
10
59.7800
20
267.4940
0
VERTEX
8
CUT
10
59.7822
20
267.3973
0
VERTEX
8
CUT
10
59.7861
20
267.3293
0
VERTEX
8
CUT
10
59.8644
20
266.5001
0
VERTEX
8
CUT
10
59.8644
20
266.4994
0
VERTEX
8
CUT
10
59.8656
20
266.4558
0
VERTEX
8
CUT
10
59.8738
20
266.3554
0
VERTEX
8
CUT
10
59.8759
20
266.3398
0
VERTEX
8
CUT
10
59.8831
20
266.3019
0
VERTEX
8
CUT
10
59.9011
20
266.1116
0
VERTEX
8
CUT
10
59.9059
20
266.0699
0
VERTEX
8
CUT
10
59.9110
20
266.0338
0
VERTEX
8
CUT
10
59.9262
20
265.9513
0
VERTEX
8
CUT
10
59.9292
20
265.9384
0
VERTEX
8
CUT
10
59.9516
20
265.8576
0
VERTEX
8
CUT
10
59.9629
20
265.8230
0
VERTEX
8
CUT
10
59.9768
20
265.7833
0
VERTEX
8
CUT
10
60.5056
20
264.3754
0
VERTEX
8
CUT
10
60.5223
20
264.3340
0
VERTEX
8
CUT
10
60.5376
20
264.2984
0
VERTEX
8
CUT
10
60.5766
20
264.2182
0
VERTEX
8
CUT
10
60.5952
20
264.1843
0
VERTEX
8
CUT
10
60.6175
20
264.1456
0
VERTEX
8
CUT
10
61.4006
20
262.8605
0
VERTEX
8
CUT
10
61.4277
20
262.8185
0
VERTEX
8
CUT
10
61.4522
20
262.7827
0
VERTEX
8
CUT
10
61.5130
20
262.7033
0
VERTEX
8
CUT
10
61.5411
20
262.6702
0
VERTEX
8
CUT
10
61.5745
20
262.6330
0
VERTEX
8
CUT
10
62.6014
20
261.5483
0
VERTEX
8
CUT
10
62.6314
20
261.5180
0
VERTEX
8
CUT
10
62.6579
20
261.4923
0
VERTEX
8
CUT
10
62.7218
20
261.4360
0
VERTEX
8
CUT
10
62.7506
20
261.4128
0
VERTEX
8
CUT
10
62.7843
20
261.3868
0
VERTEX
8
CUT
10
63.9625
20
260.5217
0
VERTEX
8
CUT
10
64.0013
20
260.4946
0
VERTEX
8
CUT
10
64.0356
20
260.4720
0
VERTEX
8
CUT
10
64.1171
20
260.4239
0
VERTEX
8
CUT
10
64.1535
20
260.4047
0
VERTEX
8
CUT
10
64.1960
20
260.3838
0
VERTEX
8
CUT
10
64.5376
20
260.2255
0
VERTEX
8
CUT
10
64.8541
20
260.0317
0
VERTEX
8
CUT
10
64.8946
20
260.0082
0
VERTEX
8
CUT
10
64.9302
20
259.9888
0
VERTEX
8
CUT
10
65.0143
20
259.9480
0
VERTEX
8
CUT
10
65.0516
20
259.9322
0
VERTEX
8
CUT
10
65.0951
20
259.9149
0
VERTEX
8
CUT
10
66.2741
20
259.4812
0
VERTEX
8
CUT
10
66.3258
20
259.4638
0
VERTEX
8
CUT
10
66.3710
20
259.4501
0
VERTEX
8
CUT
10
66.4769
20
259.4244
0
VERTEX
8
CUT
10
66.5234
20
259.4160
0
VERTEX
8
CUT
10
66.5773
20
259.4077
0
VERTEX
8
CUT
10
67.0701
20
259.3469
0
VERTEX
8
CUT
10
67.0855
20
259.3428
0
VERTEX
8
CUT
10
67.1296
20
259.3324
0
VERTEX
8
CUT
10
67.1680
20
259.3242
0
VERTEX
8
CUT
10
67.2573
20
259.3096
0
VERTEX
8
CUT
10
67.2964
20
259.3052
0
VERTEX
8
CUT
10
67.3415
20
259.3011
0
VERTEX
8
CUT
10
67.5585
20
259.2866
0
VERTEX
8
CUT
10
67.9600
20
259.2371
0
VERTEX
8
CUT
10
67.9972
20
259.2332
0
VERTEX
8
CUT
10
68.0295
20
259.2305
0
VERTEX
8
CUT
10
68.1042
20
259.2272
0
VERTEX
8
CUT
10
68.1366
20
259.2271
0
VERTEX
8
CUT
10
68.1740
20
259.2276
0
VERTEX
8
CUT
10
68.3523
20
259.2338
0
VERTEX
8
CUT
10
68.7688
20
259.2061
0
VERTEX
8
CUT
10
68.8166
20
259.2041
0
VERTEX
8
CUT
10
68.8581
20
259.2034
0
VERTEX
8
CUT
10
68.9536
20
259.2067
0
VERTEX
8
CUT
10
68.9949
20
259.2102
0
VERTEX
8
CUT
10
69.0424
20
259.2154
0
VERTEX
8
CUT
10
69.4603
20
259.2722
0
VERTEX
8
CUT
10
69.6449
20
259.2786
0
VERTEX
8
CUT
10
69.6904
20
259.2812
0
VERTEX
8
CUT
10
69.7299
20
259.2845
0
VERTEX
8
CUT
10
69.8203
20
259.2964
0
VERTEX
8
CUT
10
69.8592
20
259.3034
0
VERTEX
8
CUT
10
69.9039
20
259.3126
0
VERTEX
8
CUT
10
70.1121
20
259.3606
0
VERTEX
8
CUT
10
70.4055
20
259.4005
0
VERTEX
8
CUT
10
70.4451
20
259.4067
0
VERTEX
8
CUT
10
70.4794
20
259.4128
0
VERTEX
8
CUT
10
70.5576
20
259.4303
0
SEQEND
0
POLYLINE
8
CUT
66
1
70
1
10
0.0
20
0.0
30
0.0
0
VERTEX
8
CUT
10
44.1787
20
198.5794
0
VERTEX
8
CUT
10
44.1529
20
198.6698
0
VERTEX
8
CUT
10
44.1481
20
198.6838
0
VERTEX
8
CUT
10
44.1135
20
198.7712
0
VERTEX
8
CUT
10
44.1073
20
198.7846
0
VERTEX
8
CUT
10
44.0642
20
198.8682
0
VERTEX
8
CUT
10
44.0568
20
198.8809
0
VERTEX
8
CUT
10
44.0056
20
198.9598
0
VERTEX
8
CUT
10
43.9970
20
198.9718
0
VERTEX
8
CUT
10
43.9383
20
199.0452
0
VERTEX
8
CUT
10
43.9285
20
199.0563
0
VERTEX
8
CUT
10
43.8628
20
199.1235
0
VERTEX
8
CUT
10
43.8519
20
199.1336
0
VERTEX
8
CUT
10
43.7799
20
199.1940
0
VERTEX
8
CUT
10
43.7681
20
199.2029
0
VERTEX
8
CUT
10
43.6905
20
199.2559
0
VERTEX
8
CUT
10
43.6779
20
199.2636
0
VERTEX
8
CUT
10
43.5954
20
199.3087
0
VERTEX
8
CUT
10
43.5821
20
199.3151
0
VERTEX
8
CUT
10
43.4955
20
199.3518
0
VERTEX
8
CUT
10
43.4817
20
199.3569
0
VERTEX
8
CUT
10
43.3919
20
199.3849
0
VERTEX
8
CUT
10
43.3776
20
199.3886
0
VERTEX
8
CUT
10
43.2855
20
199.4075
0
VERTEX
8
CUT
10
43.2709
20
199.4097
0
VERTEX
8
CUT
10
43.1774
20
199.4195
0
VERTEX
8
CUT
10
43.1626
20
199.4203
0
VERTEX
8
CUT
10
43.0686
20
199.4207
0
VERTEX
8
CUT
10
43.0539
20
199.4201
0
VERTEX
8
CUT
10
42.9603
20
199.4112
0
VERTEX
8
CUT
10
42.9457
20
199.4091
0
VERTEX
8
CUT
10
42.8534
20
199.3910
0
VERTEX
8
CUT
10
42.8391
20
199.3875
0
VERTEX
8
CUT
10
42.7491
20
199.3604
0
VERTEX
8
CUT
10
42.7351
20
199.3554
0
VERTEX
8
CUT
10
42.6482
20
199.3195
0
VERTEX
8
CUT
10
42.6349
20
199.3132
0
VERTEX
8
CUT
10
42.5519
20
199.2689
0
VERTEX
8
CUT
10
42.5393
20
199.2613
0
VERTEX
8
CUT
10
42.4611
20
199.2091
0
VERTEX
8
CUT
10
42.4493
20
199.2002
0
VERTEX
8
CUT
10
42.3767
20
199.1405
0
VERTEX
8
CUT
10
42.3658
20
199.1305
0
VERTEX
8
CUT
10
42.2994
20
199.0639
0
VERTEX
8
CUT
10
42.2895
20
199.0529
0
VERTEX
8
CUT
10
42.2301
20
198.9801
0
VERTEX
8
CUT
10
42.2214
20
198.9682
0
VERTEX
8
CUT
10
42.1695
20
198.8898
0
VERTEX
8
CUT
10
42.1487
20
198.8547
0
VERTEX
8
CUT
10
42.1257
20
198.8137
0
VERTEX
8
CUT
10
41.7326
20
198.0694
0
VERTEX
8
CUT
10
41.7120
20
198.0280
0
VERTEX
8
CUT
10
41.6950
20
197.9916
0
VERTEX
8
CUT
10
41.6599
20
197.9059
0
VERTEX
8
CUT
10
41.6551
20
197.8922
0
VERTEX
8
CUT
10
41.6285
20
197.8036
0
VERTEX
8
CUT
10
41.6250
20
197.7894
0
VERTEX
8
CUT
10
41.6073
20
197.6986
0
VERTEX
8
CUT
10
41.6052
20
197.6842
0
VERTEX
8
CUT
10
41.5963
20
197.5921
0
VERTEX
8
CUT
10
41.5956
20
197.5776
0
VERTEX
8
CUT
10
41.5958
20
197.4850
0
VERTEX
8
CUT
10
41.5965
20
197.4705
0
VERTEX
8
CUT
10
41.6057
20
197.3784
0
VERTEX
8
CUT
10
41.6078
20
197.3640
0
VERTEX
8
CUT
10
41.6259
20
197.2733
0
VERTEX
8
CUT
10
41.6356
20
197.2343
0
VERTEX
8
CUT
10
41.6480
20
197.1897
0
VERTEX
8
CUT
10
43.2308
20
191.9643
0
VERTEX
8
CUT
10
43.2439
20
191.9242
0
VERTEX
8
CUT
10
43.2638
20
191.8676
0
VERTEX
8
CUT
10
43.2787
20
191.8281
0
VERTEX
8
CUT
10
44.5310
20
188.7204
0
VERTEX
8
CUT
10
44.5482
20
188.6804
0
VERTEX
8
CUT
10
44.5639
20
188.6460
0
VERTEX
8
CUT
10
44.6037
20
188.5686
0
VERTEX
8
CUT
10
44.6225
20
188.5358
0
VERTEX
8
CUT
10
44.6450
20
188.4985
0
VERTEX
8
CUT
10
46.3704
20
185.7862
0
VERTEX
8
CUT
10
46.3963
20
185.7475
0
VERTEX
8
CUT
10
46.4196
20
185.7146
0
VERTEX
8
CUT
10
46.4770
20
185.6414
0
VERTEX
8
CUT
10
46.5034
20
185.6108
0
VERTEX
8
CUT
10
46.5347
20
185.5764
0
VERTEX
8
CUT
10
48.9183
20
183.0812
0
VERTEX
8
CUT
10
48.9488
20
183.0506
0
VERTEX
8
CUT
10
48.9759
20
183.0247
0
VERTEX
8
CUT
10
49.0410
20
182.9680
0
VERTEX
8
CUT
10
49.0703
20
182.9446
0
VERTEX
8
CUT
10
49.1048
20
182.9185
0
VERTEX
8
CUT
10
52.0367
20
180.7973
0
VERTEX
8
CUT
10
52.0873
20
180.7631
0
VERTEX
8
CUT
10
52.1606
20
180.7169
0
VERTEX
8
CUT
10
52.2133
20
180.6860
0
VERTEX
8
CUT
10
53.7657
20
179.8426
0
VERTEX
8
CUT
10
53.7999
20
179.8249
0
VERTEX
8
CUT
10
53.8490
20
179.8007
0
VERTEX
8
CUT
10
53.8839
20
179.7844
0
VERTEX
8
CUT
10
55.5315
20
179.0554
0
VERTEX
8
CUT
10
55.5799
20
179.0355
0
VERTEX
8
CUT
10
55.6495
20
179.0092
0
VERTEX
8
CUT
10
55.6990
20
178.9920
0
VERTEX
8
CUT
10
58.4139
20
178.1335
0
VERTEX
8
CUT
10
58.4798
20
178.1152
0
VERTEX
8
CUT
10
58.5743
20
178.0927
0
VERTEX
8
CUT
10
58.6413
20
178.0792
0
VERTEX
8
CUT
10
61.8173
20
177.5595
0
VERTEX
8
CUT
10
61.8458
20
177.5553
0
VERTEX
8
CUT
10
61.8864
20
177.5499
0
VERTEX
8
CUT
10
61.9150
20
177.5465
0
VERTEX
8
CUT
10
66.1903
20
177.1111
0
VERTEX
8
CUT
10
66.2372
20
177.1075
0
VERTEX
8
CUT
10
66.2780
20
177.1054
0
VERTEX
8
CUT
10
66.3720
20
177.1052
0
VERTEX
8
CUT
10
66.3868
20
177.1059
0
VERTEX
8
CUT
10
66.4803
20
177.1149
0
VERTEX
8
CUT
10
66.4950
20
177.1171
0
VERTEX
8
CUT
10
66.5872
20
177.1354
0
VERTEX
8
CUT
10
66.6016
20
177.1390
0
VERTEX
8
CUT
10
66.6915
20
177.1663
0
VERTEX
8
CUT
10
66.7480
20
177.1866
0
VERTEX
8
CUT
10
66.9506
20
177.2479
0
VERTEX
8
CUT
10
67.1584
20
177.2885
0
VERTEX
8
CUT
10
67.3692
20
177.3080
0
VERTEX
8
CUT
10
67.5809
20
177.3062
0
VERTEX
8
CUT
10
67.7913
20
177.2830
0
VERTEX
8
CUT
10
67.9984
20
177.2388
0
VERTEX
8
CUT
10
68.1999
20
177.1740
0
VERTEX
8
CUT
10
68.3939
20
177.0892
0
VERTEX
8
CUT
10
68.5783
20
176.9853
0
VERTEX
8
CUT
10
68.6892
20
176.9153
0
VERTEX
8
CUT
10
68.7021
20
176.9080
0
VERTEX
8
CUT
10
68.7868
20
176.8657
0
VERTEX
8
CUT
10
68.8005
20
176.8597
0
VERTEX
8
CUT
10
68.8889
20
176.8260
0
VERTEX
8
CUT
10
68.9031
20
176.8214
0
VERTEX
8
CUT
10
68.9945
20
176.7967
0
VERTEX
8
CUT
10
69.0347
20
176.7880
0
VERTEX
8
CUT
10
69.0812
20
176.7791
0
VERTEX
8
CUT
10
74.3650
20
175.9033
0
VERTEX
8
CUT
10
74.4071
20
175.8973
0
VERTEX
8
CUT
10
74.4437
20
175.8929
0
VERTEX
8
CUT
10
74.5284
20
175.8865
0
VERTEX
8
CUT
10
74.5653
20
175.8854
0
VERTEX
8
CUT
10
74.6078
20
175.8851
0
VERTEX
8
CUT
10
76.1755
20
175.9082
0
VERTEX
8
CUT
10
76.2229
20
175.9101
0
VERTEX
8
CUT
10
76.2640
20
175.9127
0
VERTEX
8
CUT
10
76.3583
20
175.9236
0
VERTEX
8
CUT
10
76.3730
20
175.9260
0
VERTEX
8
CUT
10
76.4657
20
175.9462
0
VERTEX
8
CUT
10
76.4801
20
175.9502
0
VERTEX
8
CUT
10
76.5703
20
175.9795
0
VERTEX
8
CUT
10
76.5843
20
175.9848
0
VERTEX
8
CUT
10
76.6711
20
176.0231
0
VERTEX
8
CUT
10
76.7079
20
176.0415
0
VERTEX
8
CUT
10
76.7498
20
176.0639
0
VERTEX
8
CUT
10
76.7646
20
176.0722
0
VERTEX
8
CUT
10
76.8040
20
176.0958
0
VERTEX
8
CUT
10
76.8377
20
176.1170
0
VERTEX
8
CUT
10
76.9129
20
176.1697
0
VERTEX
8
CUT
10
76.9243
20
176.1786
0
VERTEX
8
CUT
10
76.9940
20
176.2383
0
VERTEX
8
CUT
10
77.0045
20
176.2482
0
VERTEX
8
CUT
10
77.0682
20
176.3144
0
VERTEX
8
CUT
10
77.0777
20
176.3253
0
VERTEX
8
CUT
10
77.1346
20
176.3973
0
VERTEX
8
CUT
10
77.1430
20
176.4090
0
VERTEX
8
CUT
10
77.1927
20
176.4862
0
VERTEX
8
CUT
10
77.2000
20
176.4987
0
VERTEX
8
CUT
10
77.2420
20
176.5803
0
VERTEX
8
CUT
10
77.2480
20
176.5934
0
VERTEX
8
CUT
10
77.2820
20
176.6787
0
VERTEX
8
CUT
10
77.2867
20
176.6924
0
VERTEX
8
CUT
10
77.3122
20
176.7806
0
VERTEX
8
CUT
10
77.3156
20
176.7946
0
VERTEX
8
CUT
10
77.3325
20
176.8848
0
VERTEX
8
CUT
10
77.3345
20
176.8991
0
VERTEX
8
CUT
10
77.3426
20
176.9906
0
VERTEX
8
CUT
10
77.3432
20
177.0050
0
VERTEX
8
CUT
10
77.3425
20
177.0968
0
VERTEX
8
CUT
10
77.3417
20
177.1112
0
VERTEX
8
CUT
10
77.3321
20
177.2025
0
VERTEX
8
CUT
10
77.3299
20
177.2168
0
VERTEX
8
CUT
10
77.3115
20
177.3068
0
VERTEX
8
CUT
10
77.3080
20
177.3208
0
VERTEX
8
CUT
10
77.2810
20
177.4085
0
VERTEX
8
CUT
10
77.2761
20
177.4221
0
VERTEX
8
CUT
10
77.2408
20
177.5068
0
VERTEX
8
CUT
10
77.2237
20
177.5428
0
VERTEX
8
CUT
10
77.2030
20
177.5838
0
VERTEX
8
CUT
10
76.8155
20
178.3076
0
VERTEX
8
CUT
10
76.7931
20
178.3471
0
VERTEX
8
CUT
10
76.7729
20
178.3809
0
VERTEX
8
CUT
10
76.7226
20
178.4564
0
VERTEX
8
CUT
10
76.7141
20
178.4679
0
VERTEX
8
CUT
10
76.6569
20
178.5383
0
VERTEX
8
CUT
10
76.6474
20
178.5489
0
VERTEX
8
CUT
10
76.5837
20
178.6135
0
VERTEX
8
CUT
10
76.5732
20
178.6232
0
VERTEX
8
CUT
10
76.5036
20
178.6814
0
VERTEX
8
CUT
10
76.4723
20
178.7052
0
VERTEX
8
CUT
10
76.4355
20
178.7317
0
VERTEX
8
CUT
10
76.2642
20
178.8493
0
VERTEX
8
CUT
10
76.2237
20
178.8755
0
VERTEX
8
CUT
10
76.1880
20
178.8974
0
VERTEX
8
CUT
10
76.1034
20
178.9436
0
VERTEX
8
CUT
10
76.0898
20
178.9502
0
VERTEX
8
CUT
10
76.0009
20
178.9876
0
VERTEX
8
CUT
10
75.9616
20
179.0018
0
VERTEX
8
CUT
10
75.9158
20
179.0171
0
VERTEX
8
CUT
10
75.3679
20
179.1845
0
VERTEX
8
CUT
10
75.3220
20
179.1973
0
VERTEX
8
CUT
10
75.2820
20
179.2074
0
VERTEX
8
CUT
10
75.1887
20
179.2259
0
VERTEX
8
CUT
10
75.1479
20
179.2319
0
VERTEX
8
CUT
10
75.1007
20
179.2377
0
VERTEX
8
CUT
10
73.0053
20
179.4397
0
VERTEX
8
CUT
10
72.9451
20
179.4436
0
VERTEX
8
CUT
10
72.8595
20
179.4464
0
VERTEX
8
CUT
10
72.7992
20
179.4464
0
VERTEX
8
CUT
10
72.0143
20
179.4222
0
VERTEX
8
CUT
10
71.9625
20
179.4192
0
VERTEX
8
CUT
10
71.9177
20
179.4153
0
VERTEX
8
CUT
10
71.8150
20
179.4008
0
VERTEX
8
CUT
10
71.7709
20
179.3921
0
VERTEX
8
CUT
10
71.7203
20
179.3807
0
VERTEX
8
CUT
10
70.3241
20
179.0250
0
VERTEX
8
CUT
10
70.1424
20
178.9872
0
VERTEX
8
CUT
10
69.9581
20
178.9655
0
VERTEX
8
CUT
10
69.7726
20
178.9602
0
VERTEX
8
CUT
10
69.2787
20
178.9680
0
VERTEX
8
CUT
10
69.2313
20
178.9676
0
VERTEX
8
CUT
10
69.1902
20
178.9662
0
VERTEX
8
CUT
10
69.0959
20
178.9582
0
VERTEX
8
CUT
10
69.0811
20
178.9562
0
VERTEX
8
CUT
10
68.9881
20
178.9389
0
VERTEX
8
CUT
10
68.9736
20
178.9355
0
VERTEX
8
CUT
10
68.8827
20
178.9090
0
VERTEX
8
CUT
10
68.8191
20
178.8870
0
VERTEX
8
CUT
10
68.8188
20
178.8880
0
VERTEX
8
CUT
10
68.7031
20
178.8476
0
VERTEX
8
CUT
10
68.5092
20
178.8000
0
VERTEX
8
CUT
10
68.3116
20
178.7710
0
VERTEX
8
CUT
10
68.1121
20
178.7610
0
VERTEX
8
CUT
10
67.9126
20
178.7699
0
VERTEX
8
CUT
10
67.7149
20
178.7978
0
VERTEX
8
CUT
10
67.5207
20
178.8443
0
VERTEX
8
CUT
10
67.3317
20
178.9090
0
VERTEX
8
CUT
10
67.1498
20
178.9914
0
VERTEX
8
CUT
10
66.9765
20
179.0907
0
VERTEX
8
CUT
10
66.8784
20
179.1533
0
VERTEX
8
CUT
10
66.8656
20
179.1607
0
VERTEX
8
CUT
10
66.7817
20
179.2032
0
VERTEX
8
CUT
10
66.7682
20
179.2092
0
VERTEX
8
CUT
10
66.6805
20
179.2432
0
VERTEX
8
CUT
10
66.6665
20
179.2478
0
VERTEX
8
CUT
10
66.5759
20
179.2730
0
VERTEX
8
CUT
10
66.5361
20
179.2819
0
VERTEX
8
CUT
10
66.4899
20
179.2911
0
VERTEX
8
CUT
10
60.7709
20
180.2827
0
VERTEX
8
CUT
10
60.6034
20
180.3188
0
VERTEX
8
CUT
10
60.4394
20
180.3685
0
VERTEX
8
CUT
10
57.9999
20
181.2175
0
VERTEX
8
CUT
10
57.7788
20
181.3089
0
VERTEX
8
CUT
10
54.7193
20
182.7825
0
VERTEX
8
CUT
10
54.5631
20
182.8660
0
VERTEX
8
CUT
10
51.6706
20
184.5735
0
VERTEX
8
CUT
10
51.4340
20
184.7360
0
VERTEX
8
CUT
10
49.8566
20
185.9857
0
VERTEX
8
CUT
10
49.6730
20
186.1496
0
VERTEX
8
CUT
10
49.5098
20
186.3339
0
VERTEX
8
CUT
10
47.9012
20
188.3800
0
VERTEX
8
CUT
10
47.7931
20
188.5309
0
VERTEX
8
CUT
10
47.6987
20
188.6907
0
VERTEX
8
CUT
10
46.4363
20
191.0608
0
VERTEX
8
CUT
10
46.3489
20
191.2461
0
VERTEX
8
CUT
10
46.2800
20
191.4389
0
VERTEX
8
CUT
10
44.2835
20
198.0268
0
VERTEX
8
CUT
10
44.2299
20
198.2449
0
VERTEX
8
CUT
10
44.2082
20
198.4064
0
VERTEX
8
CUT
10
44.2075
20
198.4063
0
VERTEX
8
CUT
10
44.1988
20
198.4725
0
VERTEX
8
CUT
10
44.1820
20
198.5650
0
SEQEND
0
POLYLINE
8
CUT
66
1
70
1
10
0.0
20
0.0
30
0.0
0
VERTEX
8
CUT
10
53.4111
20
217.1797
0
VERTEX
8
CUT
10
53.3750
20
217.0897
0
VERTEX
8
CUT
10
53.3700
20
217.0753
0
VERTEX
8
CUT
10
53.3433
20
216.9820
0
VERTEX
8
CUT
10
53.3398
20
216.9672
0
VERTEX
8
CUT
10
53.3227
20
216.8717
0
VERTEX
8
CUT
10
53.3208
20
216.8565
0
VERTEX
8
CUT
10
53.3136
20
216.7598
0
VERTEX
8
CUT
10
53.3132
20
216.7446
0
VERTEX
8
CUT
10
53.3158
20
216.6476
0
VERTEX
8
CUT
10
53.3170
20
216.6324
0
VERTEX
8
CUT
10
53.3296
20
216.5362
0
VERTEX
8
CUT
10
53.3323
20
216.5212
0
VERTEX
8
CUT
10
53.3546
20
216.4268
0
VERTEX
8
CUT
10
53.3588
20
216.4121
0
VERTEX
8
CUT
10
53.3906
20
216.3205
0
VERTEX
8
CUT
10
53.4065
20
216.2815
0
VERTEX
8
CUT
10
53.4258
20
216.2370
0
VERTEX
8
CUT
10
53.8582
20
215.3095
0
VERTEX
8
CUT
10
53.9321
20
215.1296
0
VERTEX
8
CUT
10
53.9890
20
214.9436
0
VERTEX
8
CUT
10
55.7280
20
208.1587
0
VERTEX
8
CUT
10
55.7383
20
208.1218
0
VERTEX
8
CUT
10
55.7478
20
208.0900
0
VERTEX
8
CUT
10
55.7727
20
208.0176
0
VERTEX
8
CUT
10
55.7848
20
207.9867
0
VERTEX
8
CUT
10
55.7994
20
207.9513
0
VERTEX
8
CUT
10
57.0272
20
205.1427
0
VERTEX
8
CUT
10
57.0459
20
205.1024
0
VERTEX
8
CUT
10
57.0630
20
205.0678
0
VERTEX
8
CUT
10
57.1061
20
204.9900
0
VERTEX
8
CUT
10
57.1135
20
204.9781
0
VERTEX
8
CUT
10
57.1636
20
204.9047
0
VERTEX
8
CUT
10
57.1720
20
204.8935
0
VERTEX
8
CUT
10
57.2289
20
204.8251
0
VERTEX
8
CUT
10
57.2383
20
204.8148
0
VERTEX
8
CUT
10
57.3013
20
204.7520
0
VERTEX
8
CUT
10
57.3298
20
204.7261
0
VERTEX
8
CUT
10
57.3635
20
204.6970
0
VERTEX
8
CUT
10
57.7307
20
204.3937
0
VERTEX
8
CUT
10
57.7700
20
204.3629
0
VERTEX
8
CUT
10
57.8049
20
204.3371
0
VERTEX
8
CUT
10
57.8881
20
204.2820
0
VERTEX
8
CUT
10
57.9016
20
204.2740
0
VERTEX
8
CUT
10
57.9902
20
204.2279
0
VERTEX
8
CUT
10
58.0296
20
204.2100
0
VERTEX
8
CUT
10
58.0756
20
204.1905
0
VERTEX
8
CUT
10
59.4838
20
203.6368
0
VERTEX
8
CUT
10
59.7414
20
203.5082
0
VERTEX
8
CUT
10
59.8127
20
203.4726
0
VERTEX
8
CUT
10
59.8601
20
203.4489
0
VERTEX
8
CUT
10
60.1643
20
203.2970
0
VERTEX
8
CUT
10
61.1599
20
202.7255
0
VERTEX
8
CUT
10
61.3419
20
202.6082
0
VERTEX
8
CUT
10
61.5108
20
202.4727
0
VERTEX
8
CUT
10
62.6831
20
201.4291
0
VERTEX
8
CUT
10
62.8021
20
201.3145
0
VERTEX
8
CUT
10
62.9117
20
201.1909
0
VERTEX
8
CUT
10
63.7215
20
200.2018
0
VERTEX
8
CUT
10
64.5602
20
199.0546
0
VERTEX
8
CUT
10
64.9838
20
198.4753
0
VERTEX
8
CUT
10
65.2787
20
198.0720
0
VERTEX
8
CUT
10
65.4554
20
197.8303
0
VERTEX
8
CUT
10
67.1619
20
195.3806
0
VERTEX
8
CUT
10
67.2012
20
195.3282
0
VERTEX
8
CUT
10
67.2594
20
195.2557
0
VERTEX
8
CUT
10
67.3022
20
195.2062
0
VERTEX
8
CUT
10
68.8263
20
193.5582
0
VERTEX
8
CUT
10
68.8658
20
193.5180
0
VERTEX
8
CUT
10
68.9010
20
193.4842
0
VERTEX
8
CUT
10
68.9866
20
193.4112
0
VERTEX
8
CUT
10
69.0256
20
193.3818
0
VERTEX
8
CUT
10
69.0715
20
193.3492
0
VERTEX
8
CUT
10
71.0523
20
192.0310
0
VERTEX
8
CUT
10
71.0924
20
192.0057
0
VERTEX
8
CUT
10
71.1276
20
191.9847
0
VERTEX
8
CUT
10
71.2112
20
191.9404
0
VERTEX
8
CUT
10
71.2247
20
191.9341
0
VERTEX
8
CUT
10
71.3122
20
191.8983
0
VERTEX
8
CUT
10
71.3510
20
191.8847
0
VERTEX
8
CUT
10
71.3960
20
191.8701
0
VERTEX
8
CUT
10
71.7843
20
191.7550
0
VERTEX
8
CUT
10
71.8284
20
191.7431
0
VERTEX
8
CUT
10
71.8670
20
191.7337
0
VERTEX
8
CUT
10
71.9568
20
191.7162
0
VERTEX
8
CUT
10
71.9710
20
191.7142
0
VERTEX
8
CUT
10
72.0620
20
191.7055
0
VERTEX
8
CUT
10
72.0764
20
191.7048
0
VERTEX
8
CUT
10
72.1678
20
191.7049
0
VERTEX
8
CUT
10
72.1822
20
191.7056
0
VERTEX
8
CUT
10
72.2732
20
191.7144
0
VERTEX
8
CUT
10
72.2874
20
191.7165
0
VERTEX
8
CUT
10
72.3772
20
191.7341
0
VERTEX
8
CUT
10
72.3911
20
191.7376
0
VERTEX
8
CUT
10
72.4788
20
191.7637
0
VERTEX
8
CUT
10
72.4923
20
191.7685
0
VERTEX
8
CUT
10
72.5770
20
191.8029
0
VERTEX
8
CUT
10
72.5901
20
191.8090
0
VERTEX
8
CUT
10
72.6711
20
191.8514
0
VERTEX
8
CUT
10
72.6835
20
191.8587
0
VERTEX
8
CUT
10
72.7600
20
191.9087
0
VERTEX
8
CUT
10
72.7717
20
191.9172
0
VERTEX
8
CUT
10
72.8430
20
191.9743
0
VERTEX
8
CUT
10
72.8538
20
191.9839
0
VERTEX
8
CUT
10
72.9194
20
192.0476
0
VERTEX
8
CUT
10
72.9292
20
192.0581
0
VERTEX
8
CUT
10
72.9883
20
192.1279
0
VERTEX
8
CUT
10
72.9970
20
192.1393
0
VERTEX
8
CUT
10
73.0492
20
192.2145
0
VERTEX
8
CUT
10
73.0568
20
192.2267
0
VERTEX
8
CUT
10
73.1014
20
192.3065
0
VERTEX
8
CUT
10
73.1078
20
192.3194
0
VERTEX
8
CUT
10
73.1446
20
192.4031
0
VERTEX
8
CUT
10
73.1497
20
192.4165
0
VERTEX
8
CUT
10
73.1783
20
192.5034
0
VERTEX
8
CUT
10
73.1821
20
192.5173
0
VERTEX
8
CUT
10
73.2021
20
192.6065
0
VERTEX
8
CUT
10
73.2046
20
192.6206
0
VERTEX
8
CUT
10
73.2160
20
192.7114
0
VERTEX
8
CUT
10
73.2171
20
192.7257
0
VERTEX
8
CUT
10
73.2172
20
192.7303
0
VERTEX
8
CUT
10
73.2193
20
192.7515
0
VERTEX
8
CUT
10
73.2212
20
192.7775
0
VERTEX
8
CUT
10
73.2221
20
192.8100
0
VERTEX
8
CUT
10
73.2222
20
192.8434
0
VERTEX
8
CUT
10
73.2188
20
192.9283
0
VERTEX
8
CUT
10
73.2156
20
192.9650
0
VERTEX
8
CUT
10
73.2110
20
193.0073
0
VERTEX
8
CUT
10
73.2083
20
193.0275
0
VERTEX
8
CUT
10
73.1203
20
194.3189
0
VERTEX
8
CUT
10
73.1180
20
194.3468
0
VERTEX
8
CUT
10
73.1141
20
194.3865
0
VERTEX
8
CUT
10
73.1110
20
194.4144
0
VERTEX
8
CUT
10
72.4133
20
199.8746
0
VERTEX
8
CUT
10
72.4048
20
199.9285
0
VERTEX
8
CUT
10
72.3961
20
199.9750
0
VERTEX
8
CUT
10
72.3700
20
200.0809
0
VERTEX
8
CUT
10
72.3560
20
200.1261
0
VERTEX
8
CUT
10
72.3384
20
200.1778
0
VERTEX
8
CUT
10
72.0664
20
200.9069
0
VERTEX
8
CUT
10
72.0486
20
200.9513
0
VERTEX
8
CUT
10
72.0321
20
200.9894
0
VERTEX
8
CUT
10
71.9899
20
201.0752
0
VERTEX
8
CUT
10
71.9826
20
201.0883
0
VERTEX
8
CUT
10
71.9319
20
201.1694
0
VERTEX
8
CUT
10
71.9233
20
201.1817
0
VERTEX
8
CUT
10
71.8647
20
201.2573
0
VERTEX
8
CUT
10
71.8549
20
201.2687
0
VERTEX
8
CUT
10
71.7890
20
201.3380
0
VERTEX
8
CUT
10
71.7781
20
201.3484
0
VERTEX
8
CUT
10
71.7056
20
201.4107
0
VERTEX
8
CUT
10
71.6937
20
201.4199
0
VERTEX
8
CUT
10
71.6153
20
201.4746
0
VERTEX
8
CUT
10
71.6025
20
201.4826
0
VERTEX
8
CUT
10
71.5190
20
201.5291
0
VERTEX
8
CUT
10
71.5055
20
201.5358
0
VERTEX
8
CUT
10
71.4177
20
201.5737
0
VERTEX
8
CUT
10
71.4036
20
201.5790
0
VERTEX
8
CUT
10
71.3125
20
201.6078
0
VERTEX
8
CUT
10
71.2723
20
201.6184
0
VERTEX
8
CUT
10
71.2258
20
201.6293
0
VERTEX
8
CUT
10
70.9578
20
201.6854
0
VERTEX
8
CUT
10
70.7598
20
201.7369
0
VERTEX
8
CUT
10
70.5678
20
201.8075
0
VERTEX
8
CUT
10
70.3835
20
201.8965
0
VERTEX
8
CUT
10
70.2088
20
202.0030
0
VERTEX
8
CUT
10
69.5435
20
202.4542
0
VERTEX
8
CUT
10
69.3758
20
202.5807
0
VERTEX
8
CUT
10
69.2215
20
202.7232
0
VERTEX
8
CUT
10
69.0823
20
202.8805
0
VERTEX
8
CUT
10
67.4894
20
204.8720
0
VERTEX
8
CUT
10
67.4446
20
204.9241
0
VERTEX
8
CUT
10
67.3783
20
204.9957
0
VERTEX
8
CUT
10
67.3298
20
205.0444
0
VERTEX
8
CUT
10
65.3469
20
206.8969
0
VERTEX
8
CUT
10
65.3158
20
206.9246
0
VERTEX
8
CUT
10
65.2884
20
206.9481
0
VERTEX
8
CUT
10
65.2229
20
206.9993
0
VERTEX
8
CUT
10
65.1935
20
207.0203
0
VERTEX
8
CUT
10
65.1591
20
207.0438
0
VERTEX
8
CUT
10
63.9029
20
207.8597
0
VERTEX
8
CUT
10
63.8477
20
207.8930
0
VERTEX
8
CUT
10
63.7677
20
207.9375
0
VERTEX
8
CUT
10
63.7103
20
207.9670
0
VERTEX
8
CUT
10
62.0851
20
208.7326
0
VERTEX
8
CUT
10
61.9068
20
208.8274
0
VERTEX
8
CUT
10
61.7384
20
208.9388
0
VERTEX
8
CUT
10
60.2896
20
210.0011
0
VERTEX
8
CUT
10
60.1249
20
210.1351
0
VERTEX
8
CUT
10
59.9747
20
210.2850
0
VERTEX
8
CUT
10
59.3784
20
210.9435
0
VERTEX
8
CUT
10
59.2465
20
211.1045
0
VERTEX
8
CUT
10
59.1311
20
211.2778
0
VERTEX
8
CUT
10
59.0335
20
211.4617
0
VERTEX
8
CUT
10
58.7941
20
211.9724
0
VERTEX
8
CUT
10
58.7210
20
212.1488
0
VERTEX
8
CUT
10
58.6642
20
212.3311
0
VERTEX
8
CUT
10
58.6242
20
212.5178
0
VERTEX
8
CUT
10
58.2488
20
214.7652
0
VERTEX
8
CUT
10
58.2269
20
214.9427
0
VERTEX
8
CUT
10
58.2201
20
215.1215
0
VERTEX
8
CUT
10
58.2287
20
216.8565
0
VERTEX
8
CUT
10
58.2415
20
217.0780
0
VERTEX
8
CUT
10
58.2776
20
217.2969
0
VERTEX
8
CUT
10
58.3366
20
217.5108
0
VERTEX
8
CUT
10
58.4178
20
217.7173
0
VERTEX
8
CUT
10
59.8661
20
220.8940
0
VERTEX
8
CUT
10
59.8830
20
220.9335
0
VERTEX
8
CUT
10
59.8969
20
220.9681
0
VERTEX
8
CUT
10
59.9253
20
221.0491
0
VERTEX
8
CUT
10
59.9292
20
221.0621
0
VERTEX
8
CUT
10
59.9502
20
221.1454
0
VERTEX
8
CUT
10
59.9577
20
221.1819
0
VERTEX
8
CUT
10
59.9653
20
221.2242
0
VERTEX
8
CUT
10
60.1812
20
222.5939
0
VERTEX
8
CUT
10
60.1872
20
222.6394
0
VERTEX
8
CUT
10
60.1915
20
222.6790
0
VERTEX
8
CUT
10
60.1970
20
222.7707
0
VERTEX
8
CUT
10
60.1972
20
222.7851
0
VERTEX
8
CUT
10
60.1937
20
222.8768
0
VERTEX
8
CUT
10
60.1925
20
222.8912
0
VERTEX
8
CUT
10
60.1803
20
222.9822
0
VERTEX
8
CUT
10
60.1776
20
222.9964
0
VERTEX
8
CUT
10
60.1566
20
223.0858
0
VERTEX
8
CUT
10
60.1527
20
223.0997
0
VERTEX
8
CUT
10
60.1231
20
223.1866
0
VERTEX
8
CUT
10
60.1178
20
223.2000
0
VERTEX
8
CUT
10
60.0801
20
223.2837
0
VERTEX
8
CUT
10
60.0735
20
223.2966
0
VERTEX
8
CUT
10
60.0278
20
223.3762
0
VERTEX
8
CUT
10
60.0200
20
223.3884
0
VERTEX
8
CUT
10
59.9669
20
223.4632
0
VERTEX
8
CUT
10
59.9579
20
223.4746
0
VERTEX
8
CUT
10
59.8978
20
223.5439
0
VERTEX
8
CUT
10
59.8878
20
223.5544
0
VERTEX
8
CUT
10
59.8213
20
223.6176
0
VERTEX
8
CUT
10
59.8103
20
223.6270
0
VERTEX
8
CUT
10
59.7380
20
223.6836
0
VERTEX
8
CUT
10
59.7262
20
223.6919
0
VERTEX
8
CUT
10
59.6487
20
223.7411
0
VERTEX
8
CUT
10
59.6361
20
223.7483
0
VERTEX
8
CUT
10
59.5543
20
223.7898
0
VERTEX
8
CUT
10
59.5411
20
223.7957
0
VERTEX
8
CUT
10
59.4556
20
223.8292
0
VERTEX
8
CUT
10
59.4419
20
223.8338
0
VERTEX
8
CUT
10
59.3536
20
223.8588
0
VERTEX
8
CUT
10
59.3395
20
223.8621
0
VERTEX
8
CUT
10
59.2492
20
223.8784
0
VERTEX
8
CUT
10
59.2348
20
223.8803
0
VERTEX
8
CUT
10
59.1434
20
223.8879
0
VERTEX
8
CUT
10
59.1289
20
223.8884
0
VERTEX
8
CUT
10
59.0371
20
223.8871
0
VERTEX
8
CUT
10
59.0227
20
223.8862
0
VERTEX
8
CUT
10
58.9315
20
223.8760
0
VERTEX
8
CUT
10
58.9172
20
223.8737
0
VERTEX
8
CUT
10
58.8274
20
223.8548
0
VERTEX
8
CUT
10
58.8134
20
223.8512
0
VERTEX
8
CUT
10
58.7258
20
223.8236
0
VERTEX
8
CUT
10
58.7123
20
223.8187
0
VERTEX
8
CUT
10
58.6277
20
223.7828
0
VERTEX
8
CUT
10
58.6147
20
223.7765
0
VERTEX
8
CUT
10
58.5341
20
223.7327
0
VERTEX
8
CUT
10
58.5217
20
223.7252
0
VERTEX
8
CUT
10
58.4457
20
223.6738
0
VERTEX
8
CUT
10
58.4341
20
223.6651
0
VERTEX
8
CUT
10
58.3634
20
223.6066
0
VERTEX
8
CUT
10
58.3527
20
223.5968
0
VERTEX
8
CUT
10
58.2880
20
223.5318
0
VERTEX
8
CUT
10
58.2613
20
223.5022
0
VERTEX
8
CUT
10
58.2313
20
223.4674
0
VERTEX
8
CUT
10
54.7669
20
219.2356
0
VERTEX
8
CUT
10
54.7377
20
219.1981
0
VERTEX
8
CUT
10
54.6977
20
219.1439
0
VERTEX
8
CUT
10
54.6704
20
219.1050
0
VERTEX
8
CUT
10
53.5099
20
217.3568
0
VERTEX
8
CUT
10
53.4841
20
217.3156
0
VERTEX
8
CUT
10
53.4626
20
217.2794
0
VERTEX
8
CUT
10
53.4175
20
217.1936
0
SEQEND
0
POLYLINE
8
CUT
66
1
70
1
10
0.0
20
0.0
30
0.0
0
VERTEX
8
CUT
10
33.0352
20
126.4605
0
VERTEX
8
CUT
10
32.9955
20
126.5456
0
VERTEX
8
CUT
10
32.9886
20
126.5587
0
VERTEX
8
CUT
10
32.9406
20
126.6394
0
VERTEX
8
CUT
10
32.9324
20
126.6518
0
VERTEX
8
CUT
10
32.8767
20
126.7274
0
VERTEX
8
CUT
10
32.8674
20
126.7388
0
VERTEX
8
CUT
10
32.8044
20
126.8086
0
VERTEX
8
CUT
10
32.7940
20
126.8191
0
VERTEX
8
CUT
10
32.7245
20
126.8822
0
VERTEX
8
CUT
10
32.7131
20
126.8916
0
VERTEX
8
CUT
10
32.6377
20
126.9476
0
VERTEX
8
CUT
10
32.6254
20
126.9559
0
VERTEX
8
CUT
10
32.5448
20
127.0042
0
VERTEX
8
CUT
10
32.5318
20
127.0111
0
VERTEX
8
CUT
10
32.4468
20
127.0512
0
VERTEX
8
CUT
10
32.4332
20
127.0568
0
VERTEX
8
CUT
10
32.3447
20
127.0883
0
VERTEX
8
CUT
10
32.3305
20
127.0926
0
VERTEX
8
CUT
10
32.2394
20
127.1152
0
VERTEX
8
CUT
10
32.2248
20
127.1180
0
VERTEX
8
CUT
10
32.1319
20
127.1315
0
VERTEX
8
CUT
10
32.1172
20
127.1329
0
VERTEX
8
CUT
10
32.0233
20
127.1371
0
VERTEX
8
CUT
10
32.0085
20
127.1371
0
VERTEX
8
CUT
10
31.9147
20
127.1320
0
VERTEX
8
CUT
10
31.9001
20
127.1305
0
VERTEX
8
CUT
10
31.8072
20
127.1161
0
VERTEX
8
CUT
10
31.7927
20
127.1132
0
VERTEX
8
CUT
10
31.7018
20
127.0897
0
VERTEX
8
CUT
10
31.6877
20
127.0853
0
VERTEX
8
CUT
10
31.5994
20
127.0530
0
VERTEX
8
CUT
10
31.5858
20
127.0473
0
VERTEX
8
CUT
10
31.5012
20
127.0064
0
VERTEX
8
CUT
10
31.4883
20
126.9993
0
VERTEX
8
CUT
10
31.4081
20
126.9503
0
VERTEX
8
CUT
10
31.3959
20
126.9420
0
VERTEX
8
CUT
10
31.3210
20
126.8853
0
VERTEX
8
CUT
10
31.3097
20
126.8758
0
VERTEX
8
CUT
10
31.2408
20
126.8120
0
VERTEX
8
CUT
10
31.2304
20
126.8014
0
VERTEX
8
CUT
10
31.1682
20
126.7311
0
VERTEX
8
CUT
10
31.1589
20
126.7196
0
VERTEX
8
CUT
10
31.1039
20
126.6434
0
VERTEX
8
CUT
10
31.0958
20
126.6311
0
VERTEX
8
CUT
10
31.0486
20
126.5499
0
VERTEX
8
CUT
10
31.0418
20
126.5367
0
VERTEX
8
CUT
10
31.0028
20
126.4513
0
VERTEX
8
CUT
10
30.9974
20
126.4375
0
VERTEX
8
CUT
10
30.9670
20
126.3486
0
VERTEX
8
CUT
10
30.9630
20
126.3344
0
VERTEX
8
CUT
10
30.9416
20
126.2430
0
VERTEX
8
CUT
10
30.9389
20
126.2284
0
VERTEX
8
CUT
10
30.9266
20
126.1353
0
VERTEX
8
CUT
10
30.9254
20
126.1206
0
VERTEX
8
CUT
10
30.9224
20
126.0267
0
VERTEX
8
CUT
10
30.9227
20
126.0119
0
VERTEX
8
CUT
10
30.9290
20
125.9182
0
VERTEX
8
CUT
10
30.9337
20
125.8777
0
VERTEX
8
CUT
10
30.9404
20
125.8311
0
VERTEX
8
CUT
10
31.9284
20
119.9356
0
VERTEX
8
CUT
10
31.9353
20
119.8988
0
VERTEX
8
CUT
10
31.9461
20
119.8467
0
VERTEX
8
CUT
10
31.9545
20
119.8102
0
VERTEX
8
CUT
10
34.2334
20
110.6930
0
VERTEX
8
CUT
10
34.2409
20
110.6649
0
VERTEX
8
CUT
10
34.2521
20
110.6251
0
VERTEX
8
CUT
10
34.2604
20
110.5973
0
VERTEX
8
CUT
10
36.9055
20
102.2294
0
VERTEX
8
CUT
10
36.9202
20
102.1864
0
VERTEX
8
CUT
10
36.9426
20
102.1257
0
VERTEX
8
CUT
10
36.9594
20
102.0834
0
VERTEX
8
CUT
10
38.5930
20
98.2411
0
VERTEX
8
CUT
10
38.7856
20
97.7615
0
VERTEX
8
CUT
10
38.8130
20
97.6999
0
VERTEX
8
CUT
10
38.8549
20
97.6138
0
VERTEX
8
CUT
10
38.8792
20
97.5681
0
VERTEX
8
CUT
10
39.0066
20
97.2682
0
VERTEX
8
CUT
10
39.0255
20
97.2267
0
VERTEX
8
CUT
10
39.0427
20
97.1911
0
VERTEX
8
CUT
10
39.0862
20
97.1111
0
VERTEX
8
CUT
10
39.0936
20
97.0988
0
VERTEX
8
CUT
10
39.1446
20
97.0233
0
VERTEX
8
CUT
10
39.1532
20
97.0119
0
VERTEX
8
CUT
10
39.2111
20
96.9416
0
VERTEX
8
CUT
10
39.2208
20
96.9310
0
VERTEX
8
CUT
10
39.2852
20
96.8666
0
VERTEX
8
CUT
10
39.2958
20
96.8570
0
VERTEX
8
CUT
10
39.3662
20
96.7991
0
VERTEX
8
CUT
10
39.3776
20
96.7905
0
VERTEX
8
CUT
10
39.4532
20
96.7396
0
VERTEX
8
CUT
10
39.4654
20
96.7322
0
VERTEX
8
CUT
10
39.5455
20
96.6888
0
VERTEX
8
CUT
10
39.5584
20
96.6825
0
VERTEX
8
CUT
10
39.6423
20
96.6470
0
VERTEX
8
CUT
10
39.6557
20
96.6420
0
VERTEX
8
CUT
10
39.7426
20
96.6147
0
VERTEX
8
CUT
10
39.7565
20
96.6110
0
VERTEX
8
CUT
10
39.8456
20
96.5921
0
VERTEX
8
CUT
10
39.8597
20
96.5898
0
VERTEX
8
CUT
10
39.9502
20
96.5796
0
VERTEX
8
CUT
10
39.9645
20
96.5786
0
VERTEX
8
CUT
10
40.0556
20
96.5771
0
VERTEX
8
CUT
10
40.0699
20
96.5775
0
VERTEX
8
CUT
10
40.1607
20
96.5847
0
VERTEX
8
CUT
10
40.1749
20
96.5865
0
VERTEX
8
CUT
10
40.2646
20
96.6024
0
VERTEX
8
CUT
10
40.2786
20
96.6055
0
VERTEX
8
CUT
10
40.3664
20
96.6299
0
VERTEX
8
CUT
10
40.3800
20
96.6344
0
VERTEX
8
CUT
10
40.4650
20
96.6671
0
VERTEX
8
CUT
10
40.5012
20
96.6830
0
VERTEX
8
CUT
10
40.5425
20
96.7024
0
VERTEX
8
CUT
10
42.8340
20
97.8457
0
VERTEX
8
CUT
10
43.0091
20
97.9234
0
VERTEX
8
CUT
10
43.1906
20
97.9847
0
VERTEX
8
CUT
10
44.8512
20
98.4628
0
VERTEX
8
CUT
10
45.0308
20
98.5060
0
VERTEX
8
CUT
10
45.2135
20
98.5333
0
VERTEX
8
CUT
10
47.1779
20
98.7390
0
VERTEX
8
CUT
10
47.3970
20
98.7504
0
VERTEX
8
CUT
10
53.9414
20
98.7491
0
VERTEX
8
CUT
10
53.9850
20
98.7500
0
VERTEX
8
CUT
10
54.0227
20
98.7518
0
VERTEX
8
CUT
10
54.1094
20
98.7597
0
VERTEX
8
CUT
10
54.1468
20
98.7649
0
VERTEX
8
CUT
10
54.1898
20
98.7718
0
VERTEX
8
CUT
10
56.7544
20
99.2469
0
VERTEX
8
CUT
10
57.1404
20
99.2867
0
VERTEX
8
CUT
10
57.1805
20
99.2917
0
VERTEX
8
CUT
10
57.2152
20
99.2968
0
VERTEX
8
CUT
10
57.2946
20
99.3119
0
VERTEX
8
CUT
10
57.3069
20
99.3148
0
VERTEX
8
CUT
10
57.3847
20
99.3365
0
VERTEX
8
CUT
10
57.4181
20
99.3474
0
VERTEX
8
CUT
10
57.4562
20
99.3608
0
VERTEX
8
CUT
10
58.2797
20
99.6689
0
VERTEX
8
CUT
10
58.3236
20
99.6865
0
VERTEX
8
CUT
10
58.3612
20
99.7028
0
VERTEX
8
CUT
10
58.4460
20
99.7446
0
VERTEX
8
CUT
10
58.4590
20
99.7518
0
VERTEX
8
CUT
10
58.5393
20
99.8018
0
VERTEX
8
CUT
10
58.5515
20
99.8103
0
VERTEX
8
CUT
10
58.6264
20
99.8680
0
VERTEX
8
CUT
10
58.6377
20
99.8777
0
VERTEX
8
CUT
10
58.6535
20
99.8927
0
VERTEX
8
CUT
10
60.4177
20
100.6776
0
VERTEX
8
CUT
10
60.4642
20
100.6998
0
VERTEX
8
CUT
10
60.5041
20
100.7202
0
VERTEX
8
CUT
10
60.5932
20
100.7721
0
VERTEX
8
CUT
10
60.6306
20
100.7967
0
VERTEX
8
CUT
10
60.6729
20
100.8262
0
VERTEX
8
CUT
10
66.4619
20
105.1005
0
VERTEX
8
CUT
10
66.6192
20
105.2060
0
VERTEX
8
CUT
10
67.5030
20
105.7428
0
VERTEX
8
CUT
10
67.5420
20
105.7678
0
VERTEX
8
CUT
10
67.5753
20
105.7903
0
VERTEX
8
CUT
10
67.6493
20
105.8458
0
VERTEX
8
CUT
10
67.6605
20
105.8551
0
VERTEX
8
CUT
10
67.7288
20
105.9176
0
VERTEX
8
CUT
10
67.7391
20
105.9279
0
VERTEX
8
CUT
10
67.8010
20
105.9967
0
VERTEX
8
CUT
10
67.8102
20
106.0080
0
VERTEX
8
CUT
10
67.8651
20
106.0826
0
VERTEX
8
CUT
10
67.8731
20
106.0947
0
VERTEX
8
CUT
10
67.9205
20
106.1742
0
VERTEX
8
CUT
10
67.9273
20
106.1871
0
VERTEX
8
CUT
10
67.9668
20
106.2708
0
VERTEX
8
CUT
10
67.9723
20
106.2843
0
VERTEX
8
CUT
10
68.0034
20
106.3715
0
VERTEX
8
CUT
10
68.0076
20
106.3854
0
VERTEX
8
CUT
10
68.0300
20
106.4752
0
VERTEX
8
CUT
10
68.0328
20
106.4895
0
VERTEX
8
CUT
10
68.0464
20
106.5810
0
VERTEX
8
CUT
10
68.0478
20
106.5955
0
VERTEX
8
CUT
10
68.0524
20
106.6880
0
VERTEX
8
CUT
10
68.0525
20
106.7025
0
VERTEX
8
CUT
10
68.0480
20
106.7950
0
VERTEX
8
CUT
10
68.0466
20
106.8095
0
VERTEX
8
CUT
10
68.0332
20
106.9011
0
VERTEX
8
CUT
10
68.0304
20
106.9154
0
VERTEX
8
CUT
10
68.0081
20
107.0052
0
VERTEX
8
CUT
10
68.0040
20
107.0191
0
VERTEX
8
CUT
10
67.9730
20
107.1064
0
VERTEX
8
CUT
10
67.9675
20
107.1199
0
VERTEX
8
CUT
10
67.9283
20
107.2037
0
VERTEX
8
CUT
10
67.9215
20
107.2166
0
VERTEX
8
CUT
10
67.8742
20
107.2962
0
VERTEX
8
CUT
10
67.8662
20
107.3083
0
VERTEX
8
CUT
10
67.8114
20
107.3829
0
VERTEX
8
CUT
10
67.8023
20
107.3942
0
VERTEX
8
CUT
10
67.7405
20
107.4632
0
VERTEX
8
CUT
10
67.7303
20
107.4735
0
VERTEX
8
CUT
10
67.6621
20
107.5361
0
VERTEX
8
CUT
10
67.6509
20
107.5454
0
VERTEX
8
CUT
10
67.5769
20
107.6011
0
VERTEX
8
CUT
10
67.5649
20
107.6093
0
VERTEX
8
CUT
10
67.4859
20
107.6575
0
VERTEX
8
CUT
10
67.4731
20
107.6644
0
VERTEX
8
CUT
10
67.3897
20
107.7047
0
VERTEX
8
CUT
10
67.3527
20
107.7204
0
VERTEX
8
CUT
10
67.3097
20
107.7374
0
VERTEX
8
CUT
10
66.8570
20
107.9040
0
VERTEX
8
CUT
10
66.8131
20
107.9189
0
VERTEX
8
CUT
10
66.7748
20
107.9309
0
VERTEX
8
CUT
10
66.6852
20
107.9543
0
VERTEX
8
CUT
10
66.6709
20
107.9573
0
VERTEX
8
CUT
10
66.5795
20
107.9718
0
VERTEX
8
CUT
10
66.5650
20
107.9734
0
VERTEX
8
CUT
10
66.4726
20
107.9789
0
VERTEX
8
CUT
10
66.4580
20
107.9791
0
VERTEX
8
CUT
10
66.3655
20
107.9756
0
VERTEX
8
CUT
10
66.3510
20
107.9743
0
VERTEX
8
CUT
10
66.2593
20
107.9618
0
VERTEX
8
CUT
10
66.2449
20
107.9592
0
VERTEX
8
CUT
10
66.1549
20
107.9378
0
VERTEX
8
CUT
10
66.1409
20
107.9338
0
VERTEX
8
CUT
10
66.0533
20
107.9037
0
VERTEX
8
CUT
10
66.0398
20
107.8984
0
VERTEX
8
CUT
10
65.9555
20
107.8599
0
VERTEX
8
CUT
10
65.9426
20
107.8532
0
VERTEX
8
CUT
10
65.8625
20
107.8068
0
VERTEX
8
CUT
10
65.8287
20
107.7850
0
VERTEX
8
CUT
10
65.7905
20
107.7589
0
VERTEX
8
CUT
10
63.0030
20
105.7561
0
VERTEX
8
CUT
10
62.8389
20
105.6494
0
VERTEX
8
CUT
10
62.6656
20
105.5584
0
VERTEX
8
CUT
10
62.4845
20
105.4840
0
VERTEX
8
CUT
10
62.2973
20
105.4268
0
VERTEX
8
CUT
10
57.3594
20
104.1657
0
VERTEX
8
CUT
10
57.1017
20
104.1168
0
VERTEX
8
CUT
10
54.2961
20
103.7641
0
VERTEX
8
CUT
10
54.0573
20
103.7479
0
VERTEX
8
CUT
10
44.7424
20
103.6453
0
VERTEX
8
CUT
10
44.5366
20
103.6531
0
VERTEX
8
CUT
10
44.3326
20
103.6810
0
VERTEX
8
CUT
10
44.1323
20
103.7288
0
VERTEX
8
CUT
10
43.9377
20
103.7960
0
VERTEX
8
CUT
10
43.7506
20
103.8819
0
VERTEX
8
CUT
10
43.5728
20
103.9857
0
VERTEX
8
CUT
10
43.4060
20
104.1064
0
VERTEX
8
CUT
10
43.2518
20
104.2429
0
VERTEX
8
CUT
10
43.1117
20
104.3939
0
VERTEX
8
CUT
10
42.9871
20
104.5578
0
VERTEX
8
CUT
10
41.3423
20
106.9573
0
VERTEX
8
CUT
10
41.2390
20
107.1242
0
VERTEX
8
CUT
10
40.6516
20
108.1809
0
VERTEX
8
CUT
10
40.5725
20
108.3382
0
VERTEX
8
CUT
10
40.5069
20
108.5017
0
VERTEX
8
CUT
10
40.0581
20
109.7722
0
VERTEX
8
CUT
10
40.0414
20
109.8158
0
VERTEX
8
CUT
10
40.0261
20
109.8534
0
VERTEX
8
CUT
10
39.9865
20
109.9379
0
VERTEX
8
CUT
10
39.9796
20
109.9509
0
VERTEX
8
CUT
10
39.9318
20
110.0312
0
VERTEX
8
CUT
10
39.9237
20
110.0435
0
VERTEX
8
CUT
10
39.8683
20
110.1187
0
VERTEX
8
CUT
10
39.8590
20
110.1301
0
VERTEX
8
CUT
10
39.7965
20
110.1995
0
VERTEX
8
CUT
10
39.7679
20
110.2282
0
VERTEX
8
CUT
10
39.7342
20
110.2605
0
VERTEX
8
CUT
10
39.5038
20
110.4705
0
VERTEX
8
CUT
10
39.4712
20
110.4988
0
VERTEX
8
CUT
10
39.4424
20
110.5228
0
VERTEX
8
CUT
10
39.3736
20
110.5749
0
VERTEX
8
CUT
10
39.3624
20
110.5826
0
VERTEX
8
CUT
10
39.2892
20
110.6282
0
VERTEX
8
CUT
10
39.2773
20
110.6349
0
VERTEX
8
CUT
10
39.2003
20
110.6737
0
VERTEX
8
CUT
10
39.1879
20
110.6792
0
VERTEX
8
CUT
10
39.1076
20
110.7108
0
VERTEX
8
CUT
10
39.0721
20
110.7230
0
VERTEX
8
CUT
10
39.0310
20
110.7360
0
VERTEX
8
CUT
10
38.9104
20
110.7713
0
VERTEX
8
CUT
10
38.7279
20
110.8339
0
VERTEX
8
CUT
10
38.5520
20
110.9129
0
VERTEX
8
CUT
10
38.3840
20
111.0078
0
VERTEX
8
CUT
10
38.2255
20
111.1177
0
VERTEX
8
CUT
10
38.0777
20
111.2417
0
VERTEX
8
CUT
10
37.9419
20
111.3787
0
VERTEX
8
CUT
10
37.9344
20
111.3870
0
VERTEX
8
CUT
10
37.8011
20
111.5502
0
VERTEX
8
CUT
10
37.6848
20
111.7260
0
VERTEX
8
CUT
10
37.5867
20
111.9126
0
VERTEX
8
CUT
10
36.2680
20
114.7597
0
VERTEX
8
CUT
10
36.2057
20
114.9089
0
VERTEX
8
CUT
10
36.1551
20
115.0624
0
VERTEX
8
CUT
10
34.0121
20
122.5203
0
VERTEX
8
CUT
10
33.9902
20
122.6032
0
VERTEX
8
CUT
10
33.0958
20
126.2737
0
VERTEX
8
CUT
10
33.0836
20
126.3191
0
VERTEX
8
CUT
10
33.0720
20
126.3582
0
VERTEX
8
CUT
10
33.0408
20
126.4468
0
SEQEND
0
POLYLINE
8
CUT
66
1
70
1
10
0.0
20
0.0
30
0.0
0
VERTEX
8
CUT
10
57.0654
20
69.4291
0
VERTEX
8
CUT
10
56.9883
20
69.3808
0
VERTEX
8
CUT
10
56.9765
20
69.3727
0
VERTEX
8
CUT
10
56.9043
20
69.3172
0
VERTEX
8
CUT
10
56.8934
20
69.3079
0
VERTEX
8
CUT
10
56.8269
20
69.2458
0
VERTEX
8
CUT
10
56.8169
20
69.2356
0
VERTEX
8
CUT
10
56.7567
20
69.1674
0
VERTEX
8
CUT
10
56.7477
20
69.1562
0
VERTEX
8
CUT
10
56.6942
20
69.0825
0
VERTEX
8
CUT
10
56.6864
20
69.0705
0
VERTEX
8
CUT
10
56.6402
20
68.9921
0
VERTEX
8
CUT
10
56.6336
20
68.9794
0
VERTEX
8
CUT
10
56.5951
20
68.8969
0
VERTEX
8
CUT
10
56.5897
20
68.8837
0
VERTEX
8
CUT
10
56.5594
20
68.7979
0
VERTEX
8
CUT
10
56.5552
20
68.7842
0
VERTEX
8
CUT
10
56.5332
20
68.6959
0
VERTEX
8
CUT
10
56.5304
20
68.6818
0
VERTEX
8
CUT
10
56.5170
20
68.5918
0
VERTEX
8
CUT
10
56.5156
20
68.5776
0
VERTEX
8
CUT
10
56.5108
20
68.4867
0
VERTEX
8
CUT
10
56.5107
20
68.4724
0
VERTEX
8
CUT
10
56.5147
20
68.3814
0
VERTEX
8
CUT
10
56.5160
20
68.3672
0
VERTEX
8
CUT
10
56.5286
20
68.2770
0
VERTEX
8
CUT
10
56.5313
20
68.2630
0
VERTEX
8
CUT
10
56.5525
20
68.1745
0
VERTEX
8
CUT
10
56.5565
20
68.1607
0
VERTEX
8
CUT
10
56.5861
20
68.0747
0
VERTEX
8
CUT
10
56.5914
20
68.0614
0
VERTEX
8
CUT
10
56.6291
20
67.9785
0
VERTEX
8
CUT
10
56.6357
20
67.9658
0
VERTEX
8
CUT
10
56.6811
20
67.8869
0
VERTEX
8
CUT
10
56.6959
20
67.8640
0
VERTEX
8
CUT
10
56.7027
20
67.8510
0
VERTEX
8
CUT
10
56.7237
20
67.8152
0
VERTEX
8
CUT
10
56.7491
20
67.7746
0
VERTEX
8
CUT
10
56.9479
20
67.4730
0
VERTEX
8
CUT
10
56.9799
20
67.4274
0
VERTEX
8
CUT
10
57.0272
20
67.3641
0
VERTEX
8
CUT
10
57.0618
20
67.3205
0
VERTEX
8
CUT
10
57.1852
20
67.1741
0
VERTEX
8
CUT
10
57.2642
20
67.0632
0
VERTEX
8
CUT
10
57.2894
20
67.0294
0
VERTEX
8
CUT
10
57.3263
20
66.9821
0
VERTEX
8
CUT
10
57.3530
20
66.9495
0
VERTEX
8
CUT
10
58.7466
20
65.3206
0
VERTEX
8
CUT
10
59.5099
20
64.4146
0
VERTEX
8
CUT
10
59.5466
20
64.3735
0
VERTEX
8
CUT
10
59.5794
20
64.3388
0
VERTEX
8
CUT
10
59.6161
20
64.3043
0
VERTEX
8
CUT
10
59.8288
20
64.0558
0
VERTEX
8
CUT
10
59.8603
20
64.0208
0
VERTEX
8
CUT
10
59.8883
20
63.9911
0
VERTEX
8
CUT
10
59.9563
20
63.9260
0
VERTEX
8
CUT
10
59.9674
20
63.9163
0
VERTEX
8
CUT
10
60.0415
20
63.8582
0
VERTEX
8
CUT
10
60.0536
20
63.8497
0
VERTEX
8
CUT
10
60.1330
20
63.7993
0
VERTEX
8
CUT
10
60.1459
20
63.7920
0
VERTEX
8
CUT
10
60.2300
20
63.7496
0
VERTEX
8
CUT
10
60.2435
20
63.7437
0
VERTEX
8
CUT
10
60.3313
20
63.7099
0
VERTEX
8
CUT
10
60.3454
20
63.7052
0
VERTEX
8
CUT
10
60.4361
20
63.6803
0
VERTEX
8
CUT
10
60.4506
20
63.6771
0
VERTEX
8
CUT
10
60.5433
20
63.6613
0
VERTEX
8
CUT
10
60.5580
20
63.6595
0
VERTEX
8
CUT
10
60.6519
20
63.6529
0
VERTEX
8
CUT
10
60.6667
20
63.6526
0
VERTEX
8
CUT
10
60.7607
20
63.6554
0
VERTEX
8
CUT
10
60.7755
20
63.6566
0
VERTEX
8
CUT
10
60.8688
20
63.6686
0
VERTEX
8
CUT
10
60.8834
20
63.6713
0
VERTEX
8
CUT
10
60.9751
20
63.6925
0
VERTEX
8
CUT
10
60.9893
20
63.6965
0
VERTEX
8
CUT
10
61.0784
20
63.7268
0
VERTEX
8
CUT
10
61.0922
20
63.7322
0
VERTEX
8
CUT
10
61.1779
20
63.7711
0
VERTEX
8
CUT
10
61.1910
20
63.7779
0
VERTEX
8
CUT
10
61.2725
20
63.8250
0
VERTEX
8
CUT
10
61.2849
20
63.8331
0
VERTEX
8
CUT
10
61.3612
20
63.8881
0
VERTEX
8
CUT
10
61.3728
20
63.8973
0
VERTEX
8
CUT
10
61.4433
20
63.9596
0
VERTEX
8
CUT
10
61.4726
20
63.9881
0
VERTEX
8
CUT
10
61.5054
20
64.0218
0
VERTEX
8
CUT
10
62.4465
20
65.0356
0
VERTEX
8
CUT
10
62.6100
20
65.1937
0
VERTEX
8
CUT
10
62.7897
20
65.3332
0
VERTEX
8
CUT
10
63.9115
20
66.1103
0
VERTEX
8
CUT
10
64.0854
20
66.2186
0
VERTEX
8
CUT
10
64.2689
20
66.3094
0
VERTEX
8
CUT
10
64.4605
20
66.3819
0
VERTEX
8
CUT
10
65.4058
20
66.6880
0
VERTEX
8
CUT
10
65.4502
20
66.7037
0
VERTEX
8
CUT
10
65.4885
20
66.7182
0
VERTEX
8
CUT
10
65.5747
20
66.7559
0
VERTEX
8
CUT
10
65.5880
20
66.7625
0
VERTEX
8
CUT
10
65.6701
20
66.8086
0
VERTEX
8
CUT
10
65.6827
20
66.8165
0
VERTEX
8
CUT
10
65.7598
20
66.8705
0
VERTEX
8
CUT
10
65.7715
20
66.8796
0
VERTEX
8
CUT
10
65.8429
20
66.9410
0
VERTEX
8
CUT
10
65.8537
20
66.9512
0
VERTEX
8
CUT
10
65.9187
20
67.0194
0
VERTEX
8
CUT
10
65.9283
20
67.0306
0
VERTEX
8
CUT
10
65.9862
20
67.1049
0
VERTEX
8
CUT
10
65.9948
20
67.1170
0
VERTEX
8
CUT
10
66.0450
20
67.1967
0
VERTEX
8
CUT
10
66.0523
20
67.2096
0
VERTEX
8
CUT
10
66.0944
20
67.2938
0
VERTEX
8
CUT
10
66.1004
20
67.3074
0
VERTEX
8
CUT
10
66.1340
20
67.3954
0
VERTEX
8
CUT
10
66.1385
20
67.4095
0
VERTEX
8
CUT
10
66.1632
20
67.5004
0
VERTEX
8
CUT
10
66.1664
20
67.5148
0
VERTEX
8
CUT
10
66.1819
20
67.6077
0
VERTEX
8
CUT
10
66.1837
20
67.6225
0
VERTEX
8
CUT
10
66.1899
20
67.7164
0
VERTEX
8
CUT
10
66.1902
20
67.7312
0
VERTEX
8
CUT
10
66.1871
20
67.8254
0
VERTEX
8
CUT
10
66.1859
20
67.8401
0
VERTEX
8
CUT
10
66.1735
20
67.9335
0
VERTEX
8
CUT
10
66.1709
20
67.9481
0
VERTEX
8
CUT
10
66.1493
20
68.0398
0
VERTEX
8
CUT
10
66.1452
20
68.0540
0
VERTEX
8
CUT
10
66.1146
20
68.1431
0
VERTEX
8
CUT
10
66.1091
20
68.1568
0
VERTEX
8
CUT
10
66.0699
20
68.2425
0
VERTEX
8
CUT
10
66.0631
20
68.2556
0
VERTEX
8
CUT
10
66.0156
20
68.3369
0
VERTEX
8
CUT
10
66.0075
20
68.3493
0
VERTEX
8
CUT
10
65.9521
20
68.4256
0
VERTEX
8
CUT
10
65.9428
20
68.4371
0
VERTEX
8
CUT
10
65.8802
20
68.5074
0
VERTEX
8
CUT
10
65.8698
20
68.5180
0
VERTEX
8
CUT
10
65.8005
20
68.5818
0
VERTEX
8
CUT
10
65.7892
20
68.5913
0
VERTEX
8
CUT
10
65.7139
20
68.6479
0
VERTEX
8
CUT
10
65.7016
20
68.6562
0
VERTEX
8
CUT
10
65.6211
20
68.7051
0
VERTEX
8
CUT
10
65.6081
20
68.7122
0
VERTEX
8
CUT
10
65.5231
20
68.7528
0
VERTEX
8
CUT
10
65.5095
20
68.7586
0
VERTEX
8
CUT
10
65.4209
20
68.7906
0
VERTEX
8
CUT
10
65.4068
20
68.7950
0
VERTEX
8
CUT
10
65.3155
20
68.8181
0
VERTEX
8
CUT
10
65.3009
20
68.8210
0
VERTEX
8
CUT
10
65.2078
20
68.8350
0
VERTEX
8
CUT
10
65.1930
20
68.8364
0
VERTEX
8
CUT
10
65.0990
20
68.8411
0
VERTEX
8
CUT
10
65.0581
20
68.8411
0
VERTEX
8
CUT
10
64.9849
20
68.8393
0
VERTEX
8
CUT
10
64.9849
20
68.8409
0
VERTEX
8
CUT
10
64.8291
20
68.8406
0
VERTEX
8
CUT
10
64.6276
20
68.8598
0
VERTEX
8
CUT
10
64.4289
20
68.8983
0
VERTEX
8
CUT
10
64.2347
20
68.9558
0
VERTEX
8
CUT
10
64.0471
20
69.0316
0
VERTEX
8
CUT
10
63.8793
20
69.1091
0
VERTEX
8
CUT
10
63.6992
20
69.2030
0
VERTEX
8
CUT
10
63.5291
20
69.3139
0
VERTEX
8
CUT
10
63.3704
20
69.4407
0
VERTEX
8
CUT
10
63.0418
20
69.7305
0
VERTEX
8
CUT
10
62.8835
20
69.8857
0
VERTEX
8
CUT
10
62.7425
20
70.0567
0
VERTEX
8
CUT
10
62.6203
20
70.2416
0
VERTEX
8
CUT
10
62.3569
20
70.6899
0
VERTEX
8
CUT
10
62.3327
20
70.7287
0
VERTEX
8
CUT
10
62.3110
20
70.7620
0
VERTEX
8
CUT
10
62.2573
20
70.8360
0
VERTEX
8
CUT
10
62.2483
20
70.8472
0
VERTEX
8
CUT
10
62.1877
20
70.9157
0
VERTEX
8
CUT
10
62.1777
20
70.9260
0
VERTEX
8
CUT
10
62.1108
20
70.9884
0
VERTEX
8
CUT
10
62.0998
20
70.9977
0
VERTEX
8
CUT
10
62.0272
20
71.0533
0
VERTEX
8
CUT
10
62.0154
20
71.0615
0
VERTEX
8
CUT
10
61.9378
20
71.1099
0
VERTEX
8
CUT
10
61.9252
20
71.1169
0
VERTEX
8
CUT
10
61.8433
20
71.1577
0
VERTEX
8
CUT
10
61.8302
20
71.1634
0
VERTEX
8
CUT
10
61.7447
20
71.1961
0
VERTEX
8
CUT
10
61.7311
20
71.2006
0
VERTEX
8
CUT
10
61.6429
20
71.2248
0
VERTEX
8
CUT
10
61.6288
20
71.2280
0
VERTEX
8
CUT
10
61.5387
20
71.2436
0
VERTEX
8
CUT
10
61.5245
20
71.2454
0
VERTEX
8
CUT
10
61.4333
20
71.2524
0
VERTEX
8
CUT
10
61.4189
20
71.2528
0
VERTEX
8
CUT
10
61.3275
20
71.2509
0
VERTEX
8
CUT
10
61.3131
20
71.2499
0
VERTEX
8
CUT
10
61.2223
20
71.2392
0
VERTEX
8
CUT
10
61.2081
20
71.2369
0
VERTEX
8
CUT
10
61.1187
20
71.2175
0
VERTEX
8
CUT
10
61.1048
20
71.2138
0
VERTEX
8
CUT
10
61.0177
20
71.1859
0
VERTEX
8
CUT
10
61.0042
20
71.1809
0
VERTEX
8
CUT
10
60.9202
20
71.1448
0
VERTEX
8
CUT
10
60.8845
20
71.1274
0
VERTEX
8
CUT
10
60.8439
20
71.1063
0
VERTEX
8
CUT
10
59.7062
20
70.4814
0
VERTEX
8
CUT
10
59.4499
20
70.3623
0
VERTEX
8
CUT
10
57.2375
20
69.5102
0
VERTEX
8
CUT
10
57.1954
20
69.4928
0
VERTEX
8
CUT
10
57.1593
20
69.4768
0
VERTEX
8
CUT
10
57.0779
20
69.4361
0
SEQEND
0
POLYLINE
8
CUT
66
1
70
1
10
0.0
20
0.0
30
0.0
0
VERTEX
8
CUT
10
40.5916
20
160.8766
0
VERTEX
8
CUT
10
40.6127
20
161.0440
0
VERTEX
8
CUT
10
40.6471
20
161.2092
0
VERTEX
8
CUT
10
40.7347
20
161.5584
0
VERTEX
8
CUT
10
40.7449
20
161.6037
0
VERTEX
8
CUT
10
40.7528
20
161.6432
0
VERTEX
8
CUT
10
40.7665
20
161.7350
0
VERTEX
8
CUT
10
40.7679
20
161.7495
0
VERTEX
8
CUT
10
40.7726
20
161.8422
0
VERTEX
8
CUT
10
40.7726
20
161.8568
0
VERTEX
8
CUT
10
40.7682
20
161.9495
0
VERTEX
8
CUT
10
40.7668
20
161.9640
0
VERTEX
8
CUT
10
40.7533
20
162.0558
0
VERTEX
8
CUT
10
40.7505
20
162.0702
0
VERTEX
8
CUT
10
40.7282
20
162.1602
0
VERTEX
8
CUT
10
40.7240
20
162.1742
0
VERTEX
8
CUT
10
40.6929
20
162.2617
0
VERTEX
8
CUT
10
40.6874
20
162.2752
0
VERTEX
8
CUT
10
40.6480
20
162.3592
0
VERTEX
8
CUT
10
40.6411
20
162.3721
0
VERTEX
8
CUT
10
40.5937
20
162.4518
0
VERTEX
8
CUT
10
40.5856
20
162.4640
0
VERTEX
8
CUT
10
40.5306
20
162.5388
0
VERTEX
8
CUT
10
40.5214
20
162.5501
0
VERTEX
8
CUT
10
40.4594
20
162.6191
0
VERTEX
8
CUT
10
40.4491
20
162.6295
0
VERTEX
8
CUT
10
40.3807
20
162.6921
0
VERTEX
8
CUT
10
40.3694
20
162.7014
0
VERTEX
8
CUT
10
40.2952
20
162.7571
0
VERTEX
8
CUT
10
40.2831
20
162.7653
0
VERTEX
8
CUT
10
40.2037
20
162.8134
0
VERTEX
8
CUT
10
40.1909
20
162.8204
0
VERTEX
8
CUT
10
40.1072
20
162.8605
0
VERTEX
8
CUT
10
40.0938
20
162.8662
0
VERTEX
8
CUT
10
40.0066
20
162.8980
0
VERTEX
8
CUT
10
39.9926
20
162.9023
0
VERTEX
8
CUT
10
39.9028
20
162.9255
0
VERTEX
8
CUT
10
39.8885
20
162.9284
0
VERTEX
8
CUT
10
39.7968
20
162.9427
0
VERTEX
8
CUT
10
39.7823
20
162.9442
0
VERTEX
8
CUT
10
39.6896
20
162.9494
0
VERTEX
8
CUT
10
39.6750
20
162.9495
0
VERTEX
8
CUT
10
39.5823
20
162.9457
0
VERTEX
8
CUT
10
39.5678
20
162.9444
0
VERTEX
8
CUT
10
39.4759
20
162.9315
0
VERTEX
8
CUT
10
39.4615
20
162.9288
0
VERTEX
8
CUT
10
39.3713
20
162.9070
0
VERTEX
8
CUT
10
39.3573
20
162.9029
0
VERTEX
8
CUT
10
39.2697
20
162.8724
0
VERTEX
8
CUT
10
39.2561
20
162.8670
0
VERTEX
8
CUT
10
39.1719
20
162.8281
0
VERTEX
8
CUT
10
39.1589
20
162.8213
0
VERTEX
8
CUT
10
39.0789
20
162.7744
0
VERTEX
8
CUT
10
39.0666
20
162.7664
0
VERTEX
8
CUT
10
38.9916
20
162.7118
0
VERTEX
8
CUT
10
38.9802
20
162.7027
0
VERTEX
8
CUT
10
38.9108
20
162.6411
0
VERTEX
8
CUT
10
38.9003
20
162.6309
0
VERTEX
8
CUT
10
38.8373
20
162.5628
0
VERTEX
8
CUT
10
38.8279
20
162.5516
0
VERTEX
8
CUT
10
38.7718
20
162.4777
0
VERTEX
8
CUT
10
38.7635
20
162.4657
0
VERTEX
8
CUT
10
38.7149
20
162.3866
0
VERTEX
8
CUT
10
38.7079
20
162.3738
0
VERTEX
8
CUT
10
38.6672
20
162.2904
0
VERTEX
8
CUT
10
38.6513
20
162.2534
0
VERTEX
8
CUT
10
38.6341
20
162.2103
0
VERTEX
8
CUT
10
37.8797
20
160.1819
0
VERTEX
8
CUT
10
37.8617
20
160.1287
0
VERTEX
8
CUT
10
37.8475
20
160.0821
0
VERTEX
8
CUT
10
37.8210
20
159.9729
0
VERTEX
8
CUT
10
37.8124
20
159.9250
0
VERTEX
8
CUT
10
37.8040
20
159.8694
0
VERTEX
8
CUT
10
37.4133
20
156.6084
0
VERTEX
8
CUT
10
37.4083
20
156.5522
0
VERTEX
8
CUT
10
37.4054
20
156.5035
0
VERTEX
8
CUT
10
37.4053
20
156.3910
0
VERTEX
8
CUT
10
37.4082
20
156.3422
0
VERTEX
8
CUT
10
37.4131
20
156.2861
0
VERTEX
8
CUT
10
37.7182
20
153.7132
0
VERTEX
8
CUT
10
37.7263
20
153.6586
0
VERTEX
8
CUT
10
37.7347
20
153.6115
0
VERTEX
8
CUT
10
37.7603
20
153.5042
0
VERTEX
8
CUT
10
37.7740
20
153.4584
0
VERTEX
8
CUT
10
37.7915
20
153.4061
0
VERTEX
8
CUT
10
38.6049
20
151.1809
0
VERTEX
8
CUT
10
38.6252
20
151.1299
0
VERTEX
8
CUT
10
38.6442
20
151.0861
0
VERTEX
8
CUT
10
38.6935
20
150.9880
0
VERTEX
8
CUT
10
38.7174
20
150.9467
0
VERTEX
8
CUT
10
38.7463
20
150.8999
0
VERTEX
8
CUT
10
40.0414
20
148.9320
0
VERTEX
8
CUT
10
40.0733
20
148.8865
0
VERTEX
8
CUT
10
40.1021
20
148.8478
0
VERTEX
8
CUT
10
40.1735
20
148.7629
0
VERTEX
8
CUT
10
40.2066
20
148.7279
0
VERTEX
8
CUT
10
40.2460
20
148.6886
0
VERTEX
8
CUT
10
41.8206
20
147.2079
0
VERTEX
8
CUT
10
41.8501
20
147.1812
0
VERTEX
8
CUT
10
41.8763
20
147.1586
0
VERTEX
8
CUT
10
41.9386
20
147.1091
0
VERTEX
8
CUT
10
41.9488
20
147.1017
0
VERTEX
8
CUT
10
42.0151
20
147.0576
0
VERTEX
8
CUT
10
42.0446
20
147.0397
0
VERTEX
8
CUT
10
42.0791
20
147.0198
0
VERTEX
8
CUT
10
44.0222
20
145.9504
0
VERTEX
8
CUT
10
44.0568
20
145.9323
0
VERTEX
8
CUT
10
44.0871
20
145.9172
0
VERTEX
8
CUT
10
44.1583
20
145.8853
0
VERTEX
8
CUT
10
44.1697
20
145.8807
0
VERTEX
8
CUT
10
44.2433
20
145.8548
0
VERTEX
8
CUT
10
44.2756
20
145.8449
0
VERTEX
8
CUT
10
44.3132
20
145.8342
0
VERTEX
8
CUT
10
46.3499
20
145.2997
0
VERTEX
8
CUT
10
46.3925
20
145.2896
0
VERTEX
8
CUT
10
46.4296
20
145.2817
0
VERTEX
8
CUT
10
46.5159
20
145.2673
0
VERTEX
8
CUT
10
46.5295
20
145.2657
0
VERTEX
8
CUT
10
46.6168
20
145.2594
0
VERTEX
8
CUT
10
46.6547
20
145.2584
0
VERTEX
8
CUT
10
46.6985
20
145.2583
0
VERTEX
8
CUT
10
48.8212
20
145.3003
0
VERTEX
8
CUT
10
48.8654
20
145.3022
0
VERTEX
8
CUT
10
48.9038
20
145.3047
0
VERTEX
8
CUT
10
48.9917
20
145.3147
0
VERTEX
8
CUT
10
49.0055
20
145.3169
0
VERTEX
8
CUT
10
49.0921
20
145.3351
0
VERTEX
8
CUT
10
49.1293
20
145.3447
0
VERTEX
8
CUT
10
49.1719
20
145.3568
0
VERTEX
8
CUT
10
51.4361
20
146.0562
0
VERTEX
8
CUT
10
51.4892
20
146.0744
0
VERTEX
8
CUT
10
51.5348
20
146.0914
0
VERTEX
8
CUT
10
51.6373
20
146.1370
0
VERTEX
8
CUT
10
51.6805
20
146.1593
0
VERTEX
8
CUT
10
51.7296
20
146.1865
0
VERTEX
8
CUT
10
53.0597
20
146.9768
0
VERTEX
8
CUT
10
53.0987
20
147.0012
0
VERTEX
8
CUT
10
53.1319
20
147.0232
0
VERTEX
8
CUT
10
53.2060
20
147.0776
0
VERTEX
8
CUT
10
53.2173
20
147.0867
0
VERTEX
8
CUT
10
53.2858
20
147.1480
0
VERTEX
8
CUT
10
53.2961
20
147.1581
0
VERTEX
8
CUT
10
53.3583
20
147.2258
0
VERTEX
8
CUT
10
53.3676
20
147.2369
0
VERTEX
8
CUT
10
53.4230
20
147.3102
0
VERTEX
8
CUT
10
53.4312
20
147.3221
0
VERTEX
8
CUT
10
53.4793
20
147.4005
0
VERTEX
8
CUT
10
53.4862
20
147.4131
0
VERTEX
8
CUT
10
53.5265
20
147.4958
0
VERTEX
8
CUT
10
53.5322
20
147.5091
0
VERTEX
8
CUT
10
53.5643
20
147.5952
0
VERTEX
8
CUT
10
53.5687
20
147.6090
0
VERTEX
8
CUT
10
53.5923
20
147.6978
0
VERTEX
8
CUT
10
53.5953
20
147.7119
0
VERTEX
8
CUT
10
53.6103
20
147.8026
0
VERTEX
8
CUT
10
53.6119
20
147.8170
0
VERTEX
8
CUT
10
53.6180
20
147.9087
0
VERTEX
8
CUT
10
53.6182
20
147.9232
0
VERTEX
8
CUT
10
53.6154
20
148.0150
0
VERTEX
8
CUT
10
53.6143
20
148.0294
0
VERTEX
8
CUT
10
53.6026
20
148.1206
0
VERTEX
8
CUT
10
53.6001
20
148.1349
0
VERTEX
8
CUT
10
53.5796
20
148.2245
0
VERTEX
8
CUT
10
53.5757
20
148.2384
0
VERTEX
8
CUT
10
53.5467
20
148.3256
0
VERTEX
8
CUT
10
53.5415
20
148.3391
0
VERTEX
8
CUT
10
53.5042
20
148.4231
0
VERTEX
8
CUT
10
53.4977
20
148.4360
0
VERTEX
8
CUT
10
53.4524
20
148.5160
0
VERTEX
8
CUT
10
53.4447
20
148.5282
0
VERTEX
8
CUT
10
53.3919
20
148.6035
0
VERTEX
8
CUT
10
53.3830
20
148.6149
0
VERTEX
8
CUT
10
53.3232
20
148.6847
0
VERTEX
8
CUT
10
53.3133
20
148.6952
0
VERTEX
8
CUT
10
53.2470
20
148.7589
0
VERTEX
8
CUT
10
53.2361
20
148.7684
0
VERTEX
8
CUT
10
53.1639
20
148.8253
0
VERTEX
8
CUT
10
53.1522
20
148.8337
0
VERTEX
8
CUT
10
53.0749
20
148.8835
0
VERTEX
8
CUT
10
53.0623
20
148.8907
0
VERTEX
8
CUT
10
52.9806
20
148.9327
0
VERTEX
8
CUT
10
52.9674
20
148.9387
0
VERTEX
8
CUT
10
52.8820
20
148.9726
0
VERTEX
8
CUT
10
52.8683
20
148.9773
0
VERTEX
8
CUT
10
52.7800
20
149.0028
0
VERTEX
8
CUT
10
52.7659
20
149.0061
0
VERTEX
8
CUT
10
52.6756
20
149.0230
0
VERTEX
8
CUT
10
52.6613
20
149.0249
0
VERTEX
8
CUT
10
52.5697
20
149.0329
0
VERTEX
8
CUT
10
52.5552
20
149.0335
0
VERTEX
8
CUT
10
52.4633
20
149.0326
0
VERTEX
8
CUT
10
52.4489
20
149.0318
0
VERTEX
8
CUT
10
52.3575
20
149.0220
0
VERTEX
8
CUT
10
52.3432
20
149.0198
0
VERTEX
8
CUT
10
52.2532
20
149.0013
0
VERTEX
8
CUT
10
52.2145
20
148.9913
0
VERTEX
8
CUT
10
52.1703
20
148.9788
0
VERTEX
8
CUT
10
51.8337
20
148.8746
0
VERTEX
8
CUT
10
51.6435
20
148.8254
0
VERTEX
8
CUT
10
51.4497
20
148.7942
0
VERTEX
8
CUT
10
49.3373
20
148.5546
0
VERTEX
8
CUT
10
49.1281
20
148.5414
0
VERTEX
8
CUT
10
48.9186
20
148.5491
0
VERTEX
8
CUT
10
48.7109
20
148.5777
0
VERTEX
8
CUT
10
47.6637
20
148.7755
0
VERTEX
8
CUT
10
47.4311
20
148.8333
0
VERTEX
8
CUT
10
47.2066
20
148.9173
0
VERTEX
8
CUT
10
45.1983
20
149.8023
0
VERTEX
8
CUT
10
45.0509
20
149.8743
0
VERTEX
8
CUT
10
44.9095
20
149.9575
0
VERTEX
8
CUT
10
43.5638
20
150.8227
0
VERTEX
8
CUT
10
43.3750
20
150.9594
0
VERTEX
8
CUT
10
43.2025
20
151.1162
0
VERTEX
8
CUT
10
43.0485
20
151.2912
0
VERTEX
8
CUT
10
41.8417
20
152.8262
0
VERTEX
8
CUT
10
41.7480
20
152.9552
0
VERTEX
8
CUT
10
41.6643
20
153.0909
0
VERTEX
8
CUT
10
40.8685
20
154.4991
0
VERTEX
8
CUT
10
40.7856
20
154.6619
0
VERTEX
8
CUT
10
40.7172
20
154.8313
0
VERTEX
8
CUT
10
40.6638
20
155.0060
0
VERTEX
8
CUT
10
40.6257
20
155.1847
0
VERTEX
8
CUT
10
40.3252
20
156.9753
0
VERTEX
8
CUT
10
40.3034
20
157.1498
0
VERTEX
8
CUT
10
40.2962
20
157.3256
0
VERTEX
8
CUT
10
40.3038
20
157.5013
0
SEQEND
0
POLYLINE
8
CUT
66
1
70
1
10
0.0
20
0.0
30
0.0
0
VERTEX
8
CUT
10
34.5575
20
66.2809
0
VERTEX
8
CUT
10
34.5510
20
66.2941
0
VERTEX
8
CUT
10
34.5053
20
66.3760
0
VERTEX
8
CUT
10
34.4975
20
66.3885
0
VERTEX
8
CUT
10
34.4439
20
66.4654
0
VERTEX
8
CUT
10
34.4349
20
66.4771
0
VERTEX
8
CUT
10
34.3740
20
66.5484
0
VERTEX
8
CUT
10
34.3639
20
66.5591
0
VERTEX
8
CUT
10
34.2963
20
66.6240
0
VERTEX
8
CUT
10
34.2851
20
66.6337
0
VERTEX
8
CUT
10
34.2115
20
66.6917
0
VERTEX
8
CUT
10
34.1994
20
66.7002
0
VERTEX
8
CUT
10
34.1204
20
66.7506
0
VERTEX
8
CUT
10
34.1076
20
66.7579
0
VERTEX
8
CUT
10
34.0240
20
66.8003
0
VERTEX
8
CUT
10
34.0105
20
66.8063
0
VERTEX
8
CUT
10
33.9231
20
66.8402
0
VERTEX
8
CUT
10
33.9091
20
66.8448
0
VERTEX
8
CUT
10
33.8188
20
66.8699
0
VERTEX
8
CUT
10
33.8044
20
66.8732
0
VERTEX
8
CUT
10
33.7120
20
66.8893
0
VERTEX
8
CUT
10
33.6974
20
66.8911
0
VERTEX
8
CUT
10
33.6039
20
66.8980
0
VERTEX
8
CUT
10
33.5892
20
66.8983
0
VERTEX
8
CUT
10
33.4955
20
66.8960
0
VERTEX
8
CUT
10
33.4808
20
66.8949
0
VERTEX
8
CUT
10
33.3877
20
66.8833
0
VERTEX
8
CUT
10
33.3732
20
66.8808
0
VERTEX
8
CUT
10
33.2818
20
66.8601
0
VERTEX
8
CUT
10
33.2676
20
66.8561
0
VERTEX
8
CUT
10
33.1786
20
66.8265
0
VERTEX
8
CUT
10
33.1649
20
66.8211
0
VERTEX
8
CUT
10
33.0793
20
66.7829
0
VERTEX
8
CUT
10
33.0662
20
66.7762
0
VERTEX
8
CUT
10
32.9848
20
66.7297
0
VERTEX
8
CUT
10
32.9723
20
66.7218
0
VERTEX
8
CUT
10
32.8959
20
66.6675
0
VERTEX
8
CUT
10
32.8843
20
66.6584
0
VERTEX
8
CUT
10
32.8136
20
66.5968
0
VERTEX
8
CUT
10
32.8030
20
66.5866
0
VERTEX
8
CUT
10
32.7387
20
66.5183
0
VERTEX
8
CUT
10
32.7292
20
66.5071
0
VERTEX
8
CUT
10
32.6720
20
66.4329
0
VERTEX
8
CUT
10
32.6635
20
66.4208
0
VERTEX
8
CUT
10
32.6139
20
66.3412
0
VERTEX
8
CUT
10
32.6067
20
66.3284
0
VERTEX
8
CUT
10
32.5652
20
66.2443
0
VERTEX
8
CUT
10
32.5593
20
66.2308
0
VERTEX
8
CUT
10
32.5263
20
66.1431
0
VERTEX
8
CUT
10
32.5217
20
66.1290
0
VERTEX
8
CUT
10
32.4975
20
66.0385
0
VERTEX
8
CUT
10
32.4889
20
65.9987
0
VERTEX
8
CUT
10
32.4802
20
65.9526
0
VERTEX
8
CUT
10
32.4169
20
65.5674
0
VERTEX
8
CUT
10
32.4093
20
65.5104
0
VERTEX
8
CUT
10
32.4042
20
65.4607
0
VERTEX
8
CUT
10
32.3995
20
65.3457
0
VERTEX
8
CUT
10
32.4004
20
65.2958
0
VERTEX
8
CUT
10
32.4033
20
65.2383
0
VERTEX
8
CUT
10
32.4598
20
64.5312
0
VERTEX
8
CUT
10
32.4634
20
64.4951
0
VERTEX
8
CUT
10
32.4671
20
64.4640
0
VERTEX
8
CUT
10
32.4783
20
64.3925
0
VERTEX
8
CUT
10
32.4844
20
64.3616
0
VERTEX
8
CUT
10
32.4921
20
64.3263
0
VERTEX
8
CUT
10
32.6689
20
63.5786
0
VERTEX
8
CUT
10
32.6831
20
63.5256
0
VERTEX
8
CUT
10
32.6966
20
63.4801
0
VERTEX
8
CUT
10
32.7340
20
63.3772
0
VERTEX
8
CUT
10
32.7527
20
63.3335
0
VERTEX
8
CUT
10
32.7758
20
63.2838
0
VERTEX
8
CUT
10
33.4048
20
62.0241
0
VERTEX
8
CUT
10
33.4249
20
61.9860
0
VERTEX
8
CUT
10
33.4432
20
61.9533
0
VERTEX
8
CUT
10
33.4885
20
61.8799
0
VERTEX
8
CUT
10
33.4962
20
61.8687
0
VERTEX
8
CUT
10
33.5480
20
61.7998
0
VERTEX
8
CUT
10
33.5567
20
61.7893
0
VERTEX
8
CUT
10
33.6146
20
61.7254
0
VERTEX
8
CUT
10
33.6409
20
61.6988
0
VERTEX
8
CUT
10
33.6720
20
61.6689
0
VERTEX
8
CUT
10
34.7322
20
60.6926
0
VERTEX
8
CUT
10
34.7736
20
60.6566
0
VERTEX
8
CUT
10
34.8104
20
60.6265
0
VERTEX
8
CUT
10
34.8990
20
60.5621
0
VERTEX
8
CUT
10
34.9390
20
60.5364
0
VERTEX
8
CUT
10
34.9860
20
60.5081
0
VERTEX
8
CUT
10
35.4943
20
60.2216
0
VERTEX
8
CUT
10
35.5418
20
60.1966
0
VERTEX
8
CUT
10
35.5836
20
60.1760
0
VERTEX
8
CUT
10
35.6825
20
60.1342
0
VERTEX
8
CUT
10
35.7264
20
60.1185
0
VERTEX
8
CUT
10
35.7775
20
60.1019
0
VERTEX
8
CUT
10
37.0928
20
59.7138
0
VERTEX
8
CUT
10
37.1367
20
59.7020
0
VERTEX
8
CUT
10
37.1749
20
59.6927
0
VERTEX
8
CUT
10
37.2640
20
59.6755
0
VERTEX
8
CUT
10
37.2781
20
59.6734
0
VERTEX
8
CUT
10
37.3684
20
59.6648
0
VERTEX
8
CUT
10
37.4078
20
59.6629
0
VERTEX
8
CUT
10
37.4532
20
59.6618
0
VERTEX
8
CUT
10
38.8662
20
59.6617
0
VERTEX
8
CUT
10
38.9073
20
59.6626
0
VERTEX
8
CUT
10
38.9430
20
59.6641
0
VERTEX
8
CUT
10
39.0248
20
59.6712
0
VERTEX
8
CUT
10
39.0377
20
59.6729
0
VERTEX
8
CUT
10
39.1186
20
59.6871
0
VERTEX
8
CUT
10
39.1313
20
59.6898
0
VERTEX
8
CUT
10
39.2107
20
59.7109
0
VERTEX
8
CUT
10
39.2448
20
59.7216
0
VERTEX
8
CUT
10
39.2837
20
59.7347
0
VERTEX
8
CUT
10
40.8716
20
60.3076
0
VERTEX
8
CUT
10
40.9155
20
60.3247
0
VERTEX
8
CUT
10
40.9531
20
60.3404
0
VERTEX
8
CUT
10
41.0379
20
60.3809
0
VERTEX
8
CUT
10
41.0509
20
60.3879
0
VERTEX
8
CUT
10
41.1313
20
60.4366
0
VERTEX
8
CUT
10
41.1436
20
60.4448
0
VERTEX
8
CUT
10
41.2187
20
60.5012
0
VERTEX
8
CUT
10
41.2301
20
60.5107
0
VERTEX
8
CUT
10
41.2994
20
60.5742
0
VERTEX
8
CUT
10
41.3098
20
60.5847
0
VERTEX
8
CUT
10
41.3724
20
60.6548
0
VERTEX
8
CUT
10
41.3817
20
60.6663
0
VERTEX
8
CUT
10
41.4371
20
60.7422
0
VERTEX
8
CUT
10
41.4452
20
60.7545
0
VERTEX
8
CUT
10
41.4928
20
60.8356
0
VERTEX
8
CUT
10
41.4996
20
60.8487
0
VERTEX
8
CUT
10
41.5390
20
60.9340
0
VERTEX
8
CUT
10
41.5445
20
60.9477
0
VERTEX
8
CUT
10
41.5753
20
61.0365
0
VERTEX
8
CUT
10
41.5794
20
61.0507
0
VERTEX
8
CUT
10
41.6012
20
61.1421
0
VERTEX
8
CUT
10
41.6039
20
61.1566
0
VERTEX
8
CUT
10
41.6166
20
61.2498
0
VERTEX
8
CUT
10
41.6179
20
61.2645
0
VERTEX
8
CUT
10
41.6213
20
61.3584
0
VERTEX
8
CUT
10
41.6211
20
61.3732
0
VERTEX
8
CUT
10
41.6152
20
61.4670
0
VERTEX
8
CUT
10
41.6135
20
61.4817
0
VERTEX
8
CUT
10
41.5984
20
61.5744
0
VERTEX
8
CUT
10
41.5953
20
61.5889
0
VERTEX
8
CUT
10
41.5710
20
61.6797
0
VERTEX
8
CUT
10
41.5665
20
61.6937
0
VERTEX
8
CUT
10
41.5334
20
61.7817
0
VERTEX
8
CUT
10
41.5275
20
61.7953
0
VERTEX
8
CUT
10
41.4859
20
61.8795
0
VERTEX
8
CUT
10
41.4787
20
61.8924
0
VERTEX
8
CUT
10
41.4290
20
61.9721
0
VERTEX
8
CUT
10
41.4205
20
61.9843
0
VERTEX
8
CUT
10
41.3631
20
62.0587
0
VERTEX
8
CUT
10
41.3535
20
62.0699
0
VERTEX
8
CUT
10
41.2890
20
62.1383
0
VERTEX
8
CUT
10
41.2784
20
62.1486
0
VERTEX
8
CUT
10
41.2075
20
62.2102
0
VERTEX
8
CUT
10
41.1958
20
62.2194
0
VERTEX
8
CUT
10
41.1192
20
62.2737
0
VERTEX
8
CUT
10
41.1067
20
62.2816
0
VERTEX
8
CUT
10
41.0251
20
62.3281
0
VERTEX
8
CUT
10
41.0119
20
62.3348
0
VERTEX
8
CUT
10
40.9260
20
62.3730
0
VERTEX
8
CUT
10
40.9122
20
62.3784
0
VERTEX
8
CUT
10
40.8230
20
62.4079
0
VERTEX
8
CUT
10
40.8088
20
62.4118
0
VERTEX
8
CUT
10
40.7171
20
62.4324
0
VERTEX
8
CUT
10
40.7025
20
62.4349
0
VERTEX
8
CUT
10
40.6092
20
62.4463
0
VERTEX
8
CUT
10
40.5945
20
62.4474
0
VERTEX
8
CUT
10
40.5005
20
62.4495
0
VERTEX
8
CUT
10
40.4597
20
62.4484
0
VERTEX
8
CUT
10
40.4380
20
62.4473
0
VERTEX
8
CUT
10
40.3843
20
62.4452
0
VERTEX
8
CUT
10
39.0615
20
62.4106
0
VERTEX
8
CUT
10
38.8377
20
62.4167
0
VERTEX
8
CUT
10
38.6159
20
62.4465
0
VERTEX
8
CUT
10
38.3985
20
62.4998
0
VERTEX
8
CUT
10
37.2461
20
62.8485
0
VERTEX
8
CUT
10
37.0515
20
62.9180
0
VERTEX
8
CUT
10
36.8647
20
63.0062
0
VERTEX
8
CUT
10
36.6874
20
63.1124
0
VERTEX
8
CUT
10
36.5215
20
63.2356
0
VERTEX
8
CUT
10
36.3684
20
63.3744
0
VERTEX
8
CUT
10
36.2401
20
63.5028
0
VERTEX
8
CUT
10
36.0711
20
63.6940
0
VERTEX
8
CUT
10
35.9265
20
63.9042
0
VERTEX
8
CUT
10
34.7719
20
65.8231
0
VERTEX
8
CUT
10
34.6816
20
65.9897
0
VERTEX
8
CUT
10
34.6067
20
66.1638
0
VERTEX
8
CUT
10
34.5949
20
66.1950
0
SEQEND
0
POLYLINE
8
CUT
66
1
70
1
10
0.0
20
0.0
30
0.0
0
VERTEX
8
CUT
10
28.1847
20
234.6103
0
VERTEX
8
CUT
10
28.1756
20
234.6562
0
VERTEX
8
CUT
10
28.1667
20
234.6959
0
VERTEX
8
CUT
10
28.1417
20
234.7860
0
VERTEX
8
CUT
10
28.1371
20
234.8000
0
VERTEX
8
CUT
10
28.1034
20
234.8873
0
VERTEX
8
CUT
10
28.0975
20
234.9007
0
VERTEX
8
CUT
10
28.0553
20
234.9842
0
VERTEX
8
CUT
10
28.0481
20
234.9970
0
VERTEX
8
CUT
10
27.9979
20
235.0760
0
VERTEX
8
CUT
10
27.9894
20
235.0880
0
VERTEX
8
CUT
10
27.9318
20
235.1617
0
VERTEX
8
CUT
10
27.9221
20
235.1728
0
VERTEX
8
CUT
10
27.8575
20
235.2404
0
VERTEX
8
CUT
10
27.8468
20
235.2505
0
VERTEX
8
CUT
10
27.7758
20
235.3115
0
VERTEX
8
CUT
10
27.7642
20
235.3205
0
VERTEX
8
CUT
10
27.6876
20
235.3741
0
VERTEX
8
CUT
10
27.6751
20
235.3820
0
VERTEX
8
CUT
10
27.5936
20
235.4278
0
VERTEX
8
CUT
10
27.5804
20
235.4344
0
VERTEX
8
CUT
10
27.4947
20
235.4720
0
VERTEX
8
CUT
10
27.4810
20
235.4772
0
VERTEX
8
CUT
10
27.3921
20
235.5062
0
VERTEX
8
CUT
10
27.3779
20
235.5101
0
VERTEX
8
CUT
10
27.2865
20
235.5302
0
VERTEX
8
CUT
10
27.2720
20
235.5326
0
VERTEX
8
CUT
10
27.1791
20
235.5436
0
VERTEX
8
CUT
10
27.1644
20
235.5447
0
VERTEX
8
CUT
10
27.0709
20
235.5465
0
VERTEX
8
CUT
10
27.0562
20
235.5460
0
VERTEX
8
CUT
10
26.9629
20
235.5386
0
VERTEX
8
CUT
10
26.9483
20
235.5367
0
VERTEX
8
CUT
10
26.8563
20
235.5202
0
VERTEX
8
CUT
10
26.8419
20
235.5169
0
VERTEX
8
CUT
10
26.7519
20
235.4914
0
VERTEX
8
CUT
10
26.7380
20
235.4866
0
VERTEX
8
CUT
10
26.6509
20
235.4524
0
VERTEX
8
CUT
10
26.6375
20
235.4463
0
VERTEX
8
CUT
10
26.5543
20
235.4037
0
VERTEX
8
CUT
10
26.5415
20
235.3963
0
VERTEX
8
CUT
10
26.4629
20
235.3457
0
VERTEX
8
CUT
10
26.4509
20
235.3371
0
VERTEX
8
CUT
10
26.3776
20
235.2790
0
VERTEX
8
CUT
10
26.3665
20
235.2693
0
VERTEX
8
CUT
10
26.2993
20
235.2042
0
VERTEX
8
CUT
10
26.2893
20
235.1935
0
VERTEX
8
CUT
10
26.2288
20
235.1221
0
VERTEX
8
CUT
10
26.2199
20
235.1104
0
VERTEX
8
CUT
10
26.1667
20
235.0334
0
VERTEX
8
CUT
10
26.1589
20
235.0209
0
VERTEX
8
CUT
10
26.1136
20
234.9391
0
VERTEX
8
CUT
10
26.1071
20
234.9259
0
VERTEX
8
CUT
10
26.0701
20
234.8400
0
VERTEX
8
CUT
10
26.0649
20
234.8262
0
VERTEX
8
CUT
10
26.0365
20
234.7371
0
VERTEX
8
CUT
10
26.0327
20
234.7229
0
VERTEX
8
CUT
10
26.0132
20
234.6314
0
VERTEX
8
CUT
10
26.0067
20
234.5913
0
VERTEX
8
CUT
10
26.0004
20
234.5449
0
VERTEX
8
CUT
10
25.9706
20
234.2794
0
VERTEX
8
CUT
10
25.9660
20
234.2229
0
VERTEX
8
CUT
10
25.9635
20
234.1739
0
VERTEX
8
CUT
10
25.9643
20
234.0607
0
VERTEX
8
CUT
10
25.9677
20
234.0117
0
VERTEX
8
CUT
10
25.9732
20
233.9553
0
VERTEX
8
CUT
10
26.1175
20
232.8264
0
VERTEX
8
CUT
10
26.1239
20
232.7839
0
VERTEX
8
CUT
10
26.1303
20
232.7473
0
VERTEX
8
CUT
10
26.1488
20
232.6635
0
VERTEX
8
CUT
10
26.1523
20
232.6505
0
VERTEX
8
CUT
10
26.1783
20
232.5687
0
VERTEX
8
CUT
10
26.1911
20
232.5338
0
VERTEX
8
CUT
10
26.2069
20
232.4939
0
VERTEX
8
CUT
10
26.7656
20
231.1660
0
VERTEX
8
CUT
10
26.7842
20
231.1247
0
VERTEX
8
CUT
10
26.8011
20
231.0892
0
VERTEX
8
CUT
10
26.8441
20
231.0094
0
VERTEX
8
CUT
10
26.8515
20
230.9971
0
VERTEX
8
CUT
10
26.9018
20
230.9218
0
VERTEX
8
CUT
10
26.9103
20
230.9103
0
VERTEX
8
CUT
10
26.9676
20
230.8401
0
VERTEX
8
CUT
10
26.9940
20
230.8109
0
VERTEX
8
CUT
10
27.0251
20
230.7779
0
VERTEX
8
CUT
10
27.9370
20
229.8566
0
VERTEX
8
CUT
10
27.9683
20
229.8264
0
VERTEX
8
CUT
10
27.9961
20
229.8008
0
VERTEX
8
CUT
10
28.0627
20
229.7448
0
VERTEX
8
CUT
10
28.0736
20
229.7365
0
VERTEX
8
CUT
10
28.1451
20
229.6868
0
VERTEX
8
CUT
10
28.1567
20
229.6795
0
VERTEX
8
CUT
10
28.2324
20
229.6366
0
VERTEX
8
CUT
10
28.2661
20
229.6195
0
VERTEX
8
CUT
10
28.3053
20
229.6007
0
VERTEX
8
CUT
10
30.1370
20
228.7744
0
VERTEX
8
CUT
10
30.1832
20
228.7550
0
VERTEX
8
CUT
10
30.2237
20
228.7393
0
VERTEX
8
CUT
10
30.3188
20
228.7080
0
VERTEX
8
CUT
10
30.3340
20
228.7038
0
VERTEX
8
CUT
10
30.4319
20
228.6827
0
VERTEX
8
CUT
10
30.4748
20
228.6758
0
VERTEX
8
CUT
10
30.5245
20
228.6691
0
VERTEX
8
CUT
10
31.5354
20
228.5604
0
VERTEX
8
CUT
10
31.5859
20
228.5563
0
VERTEX
8
CUT
10
31.6299
20
228.5539
0
VERTEX
8
CUT
10
31.7312
20
228.5539
0
VERTEX
8
CUT
10
31.7471
20
228.5547
0
VERTEX
8
CUT
10
31.8479
20
228.5655
0
VERTEX
8
CUT
10
31.8636
20
228.5680
0
VERTEX
8
CUT
10
31.9627
20
228.5895
0
VERTEX
8
CUT
10
32.0051
20
228.6011
0
VERTEX
8
CUT
10
32.0537
20
228.6157
0
VERTEX
8
CUT
10
33.3255
20
229.0374
0
VERTEX
8
CUT
10
33.3651
20
229.0515
0
VERTEX
8
CUT
10
33.3993
20
229.0645
0
VERTEX
8
CUT
10
33.4765
20
229.0980
0
VERTEX
8
CUT
10
33.4884
20
229.1038
0
VERTEX
8
CUT
10
33.5624
20
229.1440
0
VERTEX
8
CUT
10
33.5738
20
229.1508
0
VERTEX
8
CUT
10
33.6439
20
229.1974
0
VERTEX
8
CUT
10
33.6734
20
229.2189
0
VERTEX
8
CUT
10
33.6973
20
229.2372
0
VERTEX
8
CUT
10
33.7252
20
229.2606
0
VERTEX
8
CUT
10
33.7558
20
229.2877
0
VERTEX
8
CUT
10
33.8232
20
229.3536
0
VERTEX
8
CUT
10
33.8332
20
229.3645
0
VERTEX
8
CUT
10
33.8938
20
229.4367
0
VERTEX
8
CUT
10
33.9027
20
229.4486
0
VERTEX
8
CUT
10
33.9558
20
229.5265
0
VERTEX
8
CUT
10
33.9635
20
229.5391
0
VERTEX
8
CUT
10
34.0086
20
229.6219
0
VERTEX
8
CUT
10
34.0150
20
229.6352
0
VERTEX
8
CUT
10
34.0516
20
229.7221
0
VERTEX
8
CUT
10
34.0567
20
229.7360
0
VERTEX
8
CUT
10
34.0846
20
229.8260
0
VERTEX
8
CUT
10
34.0882
20
229.8404
0
VERTEX
8
CUT
10
34.1070
20
229.9327
0
VERTEX
8
CUT
10
34.1093
20
229.9474
0
VERTEX
8
CUT
10
34.1188
20
230.0412
0
VERTEX
8
CUT
10
34.1196
20
230.0560
0
VERTEX
8
CUT
10
34.1198
20
230.1502
0
VERTEX
8
CUT
10
34.1191
20
230.1650
0
VERTEX
8
CUT
10
34.1099
20
230.2588
0
VERTEX
8
CUT
10
34.1077
20
230.2735
0
VERTEX
8
CUT
10
34.0893
20
230.3659
0
VERTEX
8
CUT
10
34.0857
20
230.3803
0
VERTEX
8
CUT
10
34.0582
20
230.4704
0
VERTEX
8
CUT
10
34.0532
20
230.4844
0
VERTEX
8
CUT
10
34.0169
20
230.5714
0
VERTEX
8
CUT
10
34.0106
20
230.5848
0
VERTEX
8
CUT
10
33.9658
20
230.6677
0
VERTEX
8
CUT
10
33.9582
20
230.6804
0
VERTEX
8
CUT
10
33.9054
20
230.7585
0
VERTEX
8
CUT
10
33.8965
20
230.7704
0
VERTEX
8
CUT
10
33.8363
20
230.8429
0
VERTEX
8
CUT
10
33.8263
20
230.8538
0
VERTEX
8
CUT
10
33.7592
20
230.9200
0
VERTEX
8
CUT
10
33.7481
20
230.9298
0
VERTEX
8
CUT
10
33.6748
20
230.9890
0
VERTEX
8
CUT
10
33.6628
20
230.9978
0
VERTEX
8
CUT
10
33.5840
20
231.0494
0
VERTEX
8
CUT
10
33.5712
20
231.0569
0
VERTEX
8
CUT
10
33.4876
20
231.1004
0
VERTEX
8
CUT
10
33.4741
20
231.1066
0
VERTEX
8
CUT
10
33.3866
20
231.1417
0
VERTEX
8
CUT
10
33.3726
20
231.1465
0
VERTEX
8
CUT
10
33.2821
20
231.1727
0
VERTEX
8
CUT
10
33.2677
20
231.1761
0
VERTEX
8
CUT
10
33.1750
20
231.1932
0
VERTEX
8
CUT
10
33.1603
20
231.1952
0
VERTEX
8
CUT
10
33.0664
20
231.2030
0
VERTEX
8
CUT
10
33.0255
20
231.2044
0
VERTEX
8
CUT
10
32.9783
20
231.2048
0
VERTEX
8
CUT
10
31.9775
20
231.1887
0
VERTEX
8
CUT
10
31.7214
20
231.2002
0
VERTEX
8
CUT
10
31.4687
20
231.2428
0
VERTEX
8
CUT
10
30.8027
20
231.3974
0
VERTEX
8
CUT
10
30.6107
20
231.4517
0
VERTEX
8
CUT
10
30.4248
20
231.5240
0
VERTEX
8
CUT
10
30.2465
20
231.6136
0
VERTEX
8
CUT
10
29.8397
20
231.8429
0
VERTEX
8
CUT
10
29.6546
20
231.9603
0
VERTEX
8
CUT
10
29.4827
20
232.0964
0
VERTEX
8
CUT
10
29.3260
20
232.2497
0
VERTEX
8
CUT
10
29.0157
20
232.5866
0
VERTEX
8
CUT
10
28.8808
20
232.7488
0
VERTEX
8
CUT
10
28.7627
20
232.9238
0
VERTEX
8
CUT
10
28.6629
20
233.1097
0
VERTEX
8
CUT
10
28.4417
20
233.5763
0
VERTEX
8
CUT
10
28.3682
20
233.7513
0
VERTEX
8
CUT
10
28.3108
20
233.9323
0
VERTEX
8
CUT
10
28.2700
20
234.1177
0
SEQEND
0
POLYLINE
8
CUT
66
1
70
1
10
0.0
20
0.0
30
0.0
0
VERTEX
8
CUT
10
20.0207
20
266.3262
0
VERTEX
8
CUT
10
20.0134
20
266.3718
0
VERTEX
8
CUT
10
20.0061
20
266.4111
0
VERTEX
8
CUT
10
19.9850
20
266.5008
0
VERTEX
8
CUT
10
19.9810
20
266.5147
0
VERTEX
8
CUT
10
19.9512
20
266.6019
0
VERTEX
8
CUT
10
19.9459
20
266.6154
0
VERTEX
8
CUT
10
19.9078
20
266.6993
0
VERTEX
8
CUT
10
19.9012
20
266.7122
0
VERTEX
8
CUT
10
19.8552
20
266.7920
0
VERTEX
8
CUT
10
19.8473
20
266.8042
0
VERTEX
8
CUT
10
19.7938
20
266.8792
0
VERTEX
8
CUT
10
19.7848
20
266.8906
0
VERTEX
8
CUT
10
19.7243
20
266.9600
0
VERTEX
8
CUT
10
19.7142
20
266.9705
0
VERTEX
8
CUT
10
19.6472
20
267.0337
0
VERTEX
8
CUT
10
19.6362
20
267.0432
0
VERTEX
8
CUT
10
19.5634
20
267.0996
0
VERTEX
8
CUT
10
19.5515
20
267.1080
0
VERTEX
8
CUT
10
19.4735
20
267.1571
0
VERTEX
8
CUT
10
19.4609
20
267.1642
0
VERTEX
8
CUT
10
19.3786
20
267.2056
0
VERTEX
8
CUT
10
19.3653
20
267.2114
0
VERTEX
8
CUT
10
19.2793
20
267.2446
0
VERTEX
8
CUT
10
19.2656
20
267.2491
0
VERTEX
8
CUT
10
19.1768
20
267.2738
0
VERTEX
8
CUT
10
19.1627
20
267.2770
0
VERTEX
8
CUT
10
19.0719
20
267.2930
0
VERTEX
8
CUT
10
19.0575
20
267.2948
0
VERTEX
8
CUT
10
18.9656
20
267.3019
0
VERTEX
8
CUT
10
18.9512
20
267.3023
0
VERTEX
8
CUT
10
18.8590
20
267.3004
0
VERTEX
8
CUT
10
18.8446
20
267.2994
0
VERTEX
8
CUT
10
18.7531
20
267.2886
0
VERTEX
8
CUT
10
18.7388
20
267.2862
0
VERTEX
8
CUT
10
18.6487
20
267.2666
0
VERTEX
8
CUT
10
18.6347
20
267.2629
0
VERTEX
8
CUT
10
18.5470
20
267.2346
0
VERTEX
8
CUT
10
18.5334
20
267.2295
0
VERTEX
8
CUT
10
18.4489
20
267.1929
0
VERTEX
8
CUT
10
18.4359
20
267.1865
0
VERTEX
8
CUT
10
18.3553
20
267.1419
0
VERTEX
8
CUT
10
18.3429
20
267.1343
0
VERTEX
8
CUT
10
18.2670
20
267.0820
0
VERTEX
8
CUT
10
18.2555
20
267.0732
0
VERTEX
8
CUT
10
18.1850
20
267.0139
0
VERTEX
8
CUT
10
18.1744
20
267.0040
0
VERTEX
8
CUT
10
18.1100
20
266.9381
0
VERTEX
8
CUT
10
18.1004
20
266.9273
0
VERTEX
8
CUT
10
18.0427
20
266.8554
0
VERTEX
8
CUT
10
18.0341
20
266.8437
0
VERTEX
8
CUT
10
17.9837
20
266.7666
0
VERTEX
8
CUT
10
17.9763
20
266.7541
0
VERTEX
8
CUT
10
17.9336
20
266.6725
0
VERTEX
8
CUT
10
17.9275
20
266.6593
0
VERTEX
8
CUT
10
17.8928
20
266.5740
0
VERTEX
8
CUT
10
17.8880
20
266.5603
0
VERTEX
8
CUT
10
17.8618
20
266.4719
0
VERTEX
8
CUT
10
17.8584
20
266.4579
0
VERTEX
8
CUT
10
17.8409
20
266.3674
0
VERTEX
8
CUT
10
17.8352
20
266.3278
0
VERTEX
8
CUT
10
17.8297
20
266.2820
0
VERTEX
8
CUT
10
17.8283
20
266.2674
0
VERTEX
8
CUT
10
17.8252
20
266.2232
0
VERTEX
8
CUT
10
17.8234
20
266.1848
0
VERTEX
8
CUT
10
17.8233
20
266.0962
0
VERTEX
8
CUT
10
17.8251
20
266.0578
0
VERTEX
8
CUT
10
17.8281
20
266.0136
0
VERTEX
8
CUT
10
17.9451
20
264.7512
0
VERTEX
8
CUT
10
17.9505
20
264.7055
0
VERTEX
8
CUT
10
17.9561
20
264.6661
0
VERTEX
8
CUT
10
17.9733
20
264.5758
0
VERTEX
8
CUT
10
17.9827
20
264.5370
0
VERTEX
8
CUT
10
17.9946
20
264.4926
0
VERTEX
8
CUT
10
18.3417
20
263.3127
0
VERTEX
8
CUT
10
18.3558
20
263.2687
0
VERTEX
8
CUT
10
18.3689
20
263.2309
0
VERTEX
8
CUT
10
18.4034
20
263.1454
0
VERTEX
8
CUT
10
18.4202
20
263.1090
0
VERTEX
8
CUT
10
18.4405
20
263.0676
0
VERTEX
8
CUT
10
19.0139
20
261.9675
0
VERTEX
8
CUT
10
19.0386
20
261.9230
0
VERTEX
8
CUT
10
19.0610
20
261.8850
0
VERTEX
8
CUT
10
19.1174
20
261.8004
0
VERTEX
8
CUT
10
19.1437
20
261.7651
0
VERTEX
8
CUT
10
19.1752
20
261.7252
0
VERTEX
8
CUT
10
19.9475
20
260.7983
0
VERTEX
8
CUT
10
19.9763
20
260.7653
0
VERTEX
8
CUT
10
20.0019
20
260.7373
0
VERTEX
8
CUT
10
20.0639
20
260.6755
0
VERTEX
8
CUT
10
20.0741
20
260.6663
0
VERTEX
8
CUT
10
20.1414
20
260.6104
0
VERTEX
8
CUT
10
20.1718
20
260.5876
0
VERTEX
8
CUT
10
20.2073
20
260.5621
0
VERTEX
8
CUT
10
21.8532
20
259.4371
0
VERTEX
8
CUT
10
21.8970
20
259.4089
0
VERTEX
8
CUT
10
21.9357
20
259.3854
0
VERTEX
8
CUT
10
22.0277
20
259.3364
0
VERTEX
8
CUT
10
22.0687
20
259.3173
0
VERTEX
8
CUT
10
22.1166
20
259.2967
0
VERTEX
8
CUT
10
22.8879
20
258.9888
0
VERTEX
8
CUT
10
22.9398
20
258.9698
0
VERTEX
8
CUT
10
22.9852
20
258.9547
0
VERTEX
8
CUT
10
23.0917
20
258.9259
0
VERTEX
8
CUT
10
23.1385
20
258.9162
0
VERTEX
8
CUT
10
23.1929
20
258.9065
0
VERTEX
8
CUT
10
25.1874
20
258.6105
0
VERTEX
8
CUT
10
25.2337
20
258.6048
0
VERTEX
8
CUT
10
25.2739
20
258.6008
0
VERTEX
8
CUT
10
25.3669
20
258.5963
0
VERTEX
8
CUT
10
25.3815
20
258.5963
0
VERTEX
8
CUT
10
25.4745
20
258.6008
0
VERTEX
8
CUT
10
25.5147
20
258.6048
0
VERTEX
8
CUT
10
25.5610
20
258.6105
0
VERTEX
8
CUT
10
27.4459
20
258.8895
0
VERTEX
8
CUT
10
27.4987
20
258.8989
0
VERTEX
8
CUT
10
27.5443
20
258.9083
0
VERTEX
8
CUT
10
27.6479
20
258.9359
0
VERTEX
8
CUT
10
27.6922
20
258.9504
0
VERTEX
8
CUT
10
27.7427
20
258.9685
0
VERTEX
8
CUT
10
27.9369
20
259.0445
0
VERTEX
8
CUT
10
27.9792
20
259.0623
0
VERTEX
8
CUT
10
28.0155
20
259.0786
0
VERTEX
8
CUT
10
28.0973
20
259.1201
0
VERTEX
8
CUT
10
28.1099
20
259.1272
0
VERTEX
8
CUT
10
28.1873
20
259.1765
0
VERTEX
8
CUT
10
28.1991
20
259.1848
0
VERTEX
8
CUT
10
28.2714
20
259.2412
0
VERTEX
8
CUT
10
28.2823
20
259.2507
0
VERTEX
8
CUT
10
28.3488
20
259.3139
0
VERTEX
8
CUT
10
28.3588
20
259.3243
0
VERTEX
8
CUT
10
28.4189
20
259.3936
0
VERTEX
8
CUT
10
28.4278
20
259.4049
0
VERTEX
8
CUT
10
28.4809
20
259.4797
0
VERTEX
8
CUT
10
28.4887
20
259.4919
0
VERTEX
8
CUT
10
28.5344
20
259.5714
0
VERTEX
8
CUT
10
28.5409
20
259.5843
0
VERTEX
8
CUT
10
28.5787
20
259.6679
0
VERTEX
8
CUT
10
28.5840
20
259.6813
0
VERTEX
8
CUT
10
28.6135
20
259.7682
0
VERTEX
8
CUT
10
28.6175
20
259.7820
0
VERTEX
8
CUT
10
28.6385
20
259.8713
0
VERTEX
8
CUT
10
28.6412
20
259.8855
0
VERTEX
8
CUT
10
28.6535
20
259.9764
0
VERTEX
8
CUT
10
28.6547
20
259.9908
0
VERTEX
8
CUT
10
28.6582
20
260.0825
0
VERTEX
8
CUT
10
28.6580
20
260.0969
0
VERTEX
8
CUT
10
28.6526
20
260.1885
0
VERTEX
8
CUT
10
28.6511
20
260.2028
0
VERTEX
8
CUT
10
28.6369
20
260.2934
0
VERTEX
8
CUT
10
28.6339
20
260.3076
0
VERTEX
8
CUT
10
28.6110
20
260.3964
0
VERTEX
8
CUT
10
28.6068
20
260.4102
0
VERTEX
8
CUT
10
28.5754
20
260.4964
0
VERTEX
8
CUT
10
28.5698
20
260.5097
0
VERTEX
8
CUT
10
28.5303
20
260.5925
0
VERTEX
8
CUT
10
28.5235
20
260.6052
0
VERTEX
8
CUT
10
28.4761
20
260.6838
0
VERTEX
8
CUT
10
28.4681
20
260.6958
0
VERTEX
8
CUT
10
28.4134
20
260.7694
0
VERTEX
8
CUT
10
28.4042
20
260.7806
0
VERTEX
8
CUT
10
28.3427
20
260.8486
0
VERTEX
8
CUT
10
28.3325
20
260.8588
0
VERTEX
8
CUT
10
28.2647
20
260.9206
0
VERTEX
8
CUT
10
28.2535
20
260.9298
0
VERTEX
8
CUT
10
28.1801
20
260.9847
0
VERTEX
8
CUT
10
28.1681
20
260.9928
0
VERTEX
8
CUT
10
28.0897
20
261.0403
0
VERTEX
8
CUT
10
28.0770
20
261.0472
0
VERTEX
8
CUT
10
27.9943
20
261.0870
0
VERTEX
8
CUT
10
27.9810
20
261.0926
0
VERTEX
8
CUT
10
27.8949
20
261.1243
0
VERTEX
8
CUT
10
27.8812
20
261.1286
0
VERTEX
8
CUT
10
27.7924
20
261.1518
0
VERTEX
8
CUT
10
27.7783
20
261.1547
0
VERTEX
8
CUT
10
27.6877
20
261.1692
0
VERTEX
8
CUT
10
27.6733
20
261.1708
0
VERTEX
8
CUT
10
27.5818
20
261.1765
0
VERTEX
8
CUT
10
27.5674
20
261.1767
0
VERTEX
8
CUT
10
27.4757
20
261.1735
0
VERTEX
8
CUT
10
27.4360
20
261.1702
0
VERTEX
8
CUT
10
27.3904
20
261.1653
0
VERTEX
8
CUT
10
26.0289
20
260.9855
0
VERTEX
8
CUT
10
25.8198
20
260.9684
0
VERTEX
8
CUT
10
25.6101
20
260.9723
0
VERTEX
8
CUT
10
25.4018
20
260.9971
0
VERTEX
8
CUT
10
24.3094
20
261.1830
0
VERTEX
8
CUT
10
24.1068
20
261.2278
0
VERTEX
8
CUT
10
23.9097
20
261.2925
0
VERTEX
8
CUT
10
23.7198
20
261.3762
0
VERTEX
8
CUT
10
23.5392
20
261.4784
0
VERTEX
8
CUT
10
22.5981
20
262.0735
0
VERTEX
8
CUT
10
22.4388
20
262.1849
0
VERTEX
8
CUT
10
22.2905
20
262.3105
0
VERTEX
8
CUT
10
22.1545
20
262.4493
0
VERTEX
8
CUT
10
21.2050
20
263.5121
0
VERTEX
8
CUT
10
21.0831
20
263.6620
0
VERTEX
8
CUT
10
20.9754
20
263.8224
0
VERTEX
8
CUT
10
20.8829
20
263.9920
0
VERTEX
8
CUT
10
20.2739
20
265.2433
0
VERTEX
8
CUT
10
20.1871
20
265.4485
0
VERTEX
8
CUT
10
20.1226
20
265.6618
0
VERTEX
8
CUT
10
20.0810
20
265.8807
0
SEQEND
0
POLYLINE
8
CUT
66
1
70
1
10
0.0
20
0.0
30
0.0
0
VERTEX
8
CUT
10
15.1931
20
136.4097
0
VERTEX
8
CUT
10
15.1849
20
136.4218
0
VERTEX
8
CUT
10
15.1287
20
136.4963
0
VERTEX
8
CUT
10
15.1193
20
136.5075
0
VERTEX
8
CUT
10
15.0562
20
136.5761
0
VERTEX
8
CUT
10
15.0457
20
136.5864
0
VERTEX
8
CUT
10
14.9762
20
136.6485
0
VERTEX
8
CUT
10
14.9647
20
136.6577
0
VERTEX
8
CUT
10
14.8894
20
136.7127
0
VERTEX
8
CUT
10
14.8771
20
136.7208
0
VERTEX
8
CUT
10
14.7968
20
136.7681
0
VERTEX
8
CUT
10
14.7838
20
136.7749
0
VERTEX
8
CUT
10
14.6992
20
136.8141
0
VERTEX
8
CUT
10
14.6856
20
136.8196
0
VERTEX
8
CUT
10
14.5975
20
136.8503
0
VERTEX
8
CUT
10
14.5834
20
136.8544
0
VERTEX
8
CUT
10
14.4928
20
136.8763
0
VERTEX
8
CUT
10
14.4784
20
136.8791
0
VERTEX
8
CUT
10
14.3860
20
136.8920
0
VERTEX
8
CUT
10
14.3714
20
136.8933
0
VERTEX
8
CUT
10
14.2782
20
136.8971
0
VERTEX
8
CUT
10
14.2636
20
136.8969
0
VERTEX
8
CUT
10
14.1705
20
136.8916
0
VERTEX
8
CUT
10
14.1559
20
136.8900
0
VERTEX
8
CUT
10
14.0637
20
136.8755
0
VERTEX
8
CUT
10
14.0494
20
136.8725
0
VERTEX
8
CUT
10
13.9591
20
136.8491
0
VERTEX
8
CUT
10
13.9451
20
136.8447
0
VERTEX
8
CUT
10
13.8576
20
136.8125
0
VERTEX
8
CUT
10
13.8441
20
136.8068
0
VERTEX
8
CUT
10
13.7602
20
136.7662
0
VERTEX
8
CUT
10
13.7473
20
136.7591
0
VERTEX
8
CUT
10
13.6677
20
136.7105
0
VERTEX
8
CUT
10
13.6556
20
136.7022
0
VERTEX
8
CUT
10
13.5812
20
136.6460
0
VERTEX
8
CUT
10
13.5699
20
136.6366
0
VERTEX
8
CUT
10
13.5014
20
136.5733
0
VERTEX
8
CUT
10
13.4912
20
136.5629
0
VERTEX
8
CUT
10
13.4292
20
136.4932
0
VERTEX
8
CUT
10
13.4200
20
136.4818
0
VERTEX
8
CUT
10
13.3651
20
136.4063
0
VERTEX
8
CUT
10
13.3571
20
136.3941
0
VERTEX
8
CUT
10
13.3099
20
136.3136
0
VERTEX
8
CUT
10
13.3031
20
136.3006
0
VERTEX
8
CUT
10
13.2640
20
136.2159
0
VERTEX
8
CUT
10
13.2586
20
136.2023
0
VERTEX
8
CUT
10
13.2280
20
136.1142
0
VERTEX
8
CUT
10
13.2239
20
136.1002
0
VERTEX
8
CUT
10
13.2021
20
136.0095
0
VERTEX
8
CUT
10
13.1994
20
135.9951
0
VERTEX
8
CUT
10
13.1866
20
135.9027
0
VERTEX
8
CUT
10
13.1830
20
135.8624
0
VERTEX
8
CUT
10
13.1801
20
135.8158
0
VERTEX
8
CUT
10
13.1674
20
135.4938
0
VERTEX
8
CUT
10
13.1667
20
135.4520
0
VERTEX
8
CUT
10
13.1669
20
135.4156
0
VERTEX
8
CUT
10
13.1710
20
135.3320
0
VERTEX
8
CUT
10
13.1722
20
135.3189
0
VERTEX
8
CUT
10
13.1837
20
135.2359
0
VERTEX
8
CUT
10
13.1861
20
135.2230
0
VERTEX
8
CUT
10
13.2048
20
135.1414
0
VERTEX
8
CUT
10
13.2144
20
135.1063
0
VERTEX
8
CUT
10
13.2265
20
135.0662
0
VERTEX
8
CUT
10
13.5524
20
134.0612
0
VERTEX
8
CUT
10
13.5690
20
134.0143
0
VERTEX
8
CUT
10
13.5845
20
133.9740
0
VERTEX
8
CUT
10
13.6249
20
133.8831
0
VERTEX
8
CUT
10
13.6320
20
133.8691
0
VERTEX
8
CUT
10
13.6818
20
133.7829
0
VERTEX
8
CUT
10
13.7053
20
133.7467
0
VERTEX
8
CUT
10
13.7335
20
133.7057
0
VERTEX
8
CUT
10
14.5375
20
132.5988
0
VERTEX
8
CUT
10
14.5648
20
132.5630
0
VERTEX
8
CUT
10
14.5892
20
132.5326
0
VERTEX
8
CUT
10
14.6486
20
132.4652
0
VERTEX
8
CUT
10
14.6584
20
132.4551
0
VERTEX
8
CUT
10
14.7240
20
132.3936
0
VERTEX
8
CUT
10
14.7347
20
132.3845
0
VERTEX
8
CUT
10
14.8058
20
132.3295
0
VERTEX
8
CUT
10
14.8377
20
132.3071
0
VERTEX
8
CUT
10
14.8751
20
132.2822
0
VERTEX
8
CUT
10
15.7919
20
131.7023
0
VERTEX
8
CUT
10
15.8332
20
131.6777
0
VERTEX
8
CUT
10
15.8694
20
131.6572
0
VERTEX
8
CUT
10
15.9553
20
131.6143
0
VERTEX
8
CUT
10
15.9692
20
131.6083
0
VERTEX
8
CUT
10
16.0590
20
131.5743
0
VERTEX
8
CUT
10
16.0733
20
131.5697
0
VERTEX
8
CUT
10
16.1661
20
131.5450
0
VERTEX
8
CUT
10
16.2068
20
131.5363
0
VERTEX
8
CUT
10
16.2541
20
131.5275
0
VERTEX
8
CUT
10
17.2866
20
131.3616
0
VERTEX
8
CUT
10
17.3319
20
131.3554
0
VERTEX
8
CUT
10
17.3713
20
131.3510
0
VERTEX
8
CUT
10
17.4624
20
131.3452
0
VERTEX
8
CUT
10
17.4767
20
131.3450
0
VERTEX
8
CUT
10
17.5680
20
131.3480
0
VERTEX
8
CUT
10
17.5823
20
131.3492
0
VERTEX
8
CUT
10
17.6728
20
131.3610
0
VERTEX
8
CUT
10
17.7119
20
131.3680
0
VERTEX
8
CUT
10
17.7566
20
131.3771
0
VERTEX
8
CUT
10
18.9320
20
131.6467
0
VERTEX
8
CUT
10
18.9810
20
131.6594
0
VERTEX
8
CUT
10
19.0232
20
131.6714
0
VERTEX
8
CUT
10
19.1189
20
131.7044
0
VERTEX
8
CUT
10
19.1336
20
131.7104
0
VERTEX
8
CUT
10
19.2252
20
131.7534
0
VERTEX
8
CUT
10
19.2393
20
131.7609
0
VERTEX
8
CUT
10
19.3258
20
131.8134
0
VERTEX
8
CUT
10
19.3620
20
131.8381
0
VERTEX
8
CUT
10
19.4031
20
131.8678
0
VERTEX
8
CUT
10
19.6233
20
132.0359
0
VERTEX
8
CUT
10
19.6591
20
132.0646
0
VERTEX
8
CUT
10
19.6895
20
132.0902
0
VERTEX
8
CUT
10
19.7566
20
132.1525
0
VERTEX
8
CUT
10
19.7666
20
132.1628
0
VERTEX
8
CUT
10
19.8274
20
132.2313
0
VERTEX
8
CUT
10
19.8364
20
132.2426
0
VERTEX
8
CUT
10
19.8903
20
132.3166
0
VERTEX
8
CUT
10
19.8983
20
132.3286
0
VERTEX
8
CUT
10
19.9448
20
132.4075
0
VERTEX
8
CUT
10
19.9515
20
132.4203
0
VERTEX
8
CUT
10
19.9902
20
132.5033
0
VERTEX
8
CUT
10
19.9956
20
132.5166
0
VERTEX
8
CUT
10
20.0261
20
132.6029
0
VERTEX
8
CUT
10
20.0303
20
132.6167
0
VERTEX
8
CUT
10
20.0524
20
132.7056
0
VERTEX
8
CUT
10
20.0551
20
132.7197
0
VERTEX
8
CUT
10
20.0685
20
132.8103
0
VERTEX
8
CUT
10
20.0700
20
132.8247
0
VERTEX
8
CUT
10
20.0746
20
132.9161
0
VERTEX
8
CUT
10
20.0746
20
132.9305
0
VERTEX
8
CUT
10
20.0704
20
133.0220
0
VERTEX
8
CUT
10
20.0690
20
133.0363
0
VERTEX
8
CUT
10
20.0560
20
133.1270
0
VERTEX
8
CUT
10
20.0533
20
133.1411
0
VERTEX
8
CUT
10
20.0316
20
133.2301
0
VERTEX
8
CUT
10
20.0275
20
133.2439
0
VERTEX
8
CUT
10
19.9973
20
133.3304
0
VERTEX
8
CUT
10
19.9919
20
133.3437
0
VERTEX
8
CUT
10
19.9536
20
133.4269
0
VERTEX
8
CUT
10
19.9469
20
133.4397
0
VERTEX
8
CUT
10
19.9008
20
133.5187
0
VERTEX
8
CUT
10
19.8929
20
133.5308
0
VERTEX
8
CUT
10
19.8393
20
133.6051
0
VERTEX
8
CUT
10
19.8303
20
133.6163
0
VERTEX
8
CUT
10
19.7698
20
133.6851
0
VERTEX
8
CUT
10
19.7598
20
133.6954
0
VERTEX
8
CUT
10
19.6930
20
133.7580
0
VERTEX
8
CUT
10
19.6820
20
133.7674
0
VERTEX
8
CUT
10
19.6095
20
133.8232
0
VERTEX
8
CUT
10
19.5976
20
133.8315
0
VERTEX
8
CUT
10
19.5200
20
133.8801
0
VERTEX
8
CUT
10
19.5075
20
133.8872
0
VERTEX
8
CUT
10
19.4256
20
133.9281
0
VERTEX
8
CUT
10
19.4124
20
133.9339
0
VERTEX
8
CUT
10
19.3269
20
133.9667
0
VERTEX
8
CUT
10
19.3132
20
133.9712
0
VERTEX
8
CUT
10
19.2250
20
133.9957
0
VERTEX
8
CUT
10
19.2109
20
133.9989
0
VERTEX
8
CUT
10
19.1207
20
134.0147
0
VERTEX
8
CUT
10
19.1064
20
134.0165
0
VERTEX
8
CUT
10
19.0151
20
134.0236
0
VERTEX
8
CUT
10
19.0007
20
134.0240
0
VERTEX
8
CUT
10
18.9092
20
134.0222
0
VERTEX
8
CUT
10
18.8695
20
134.0196
0
VERTEX
8
CUT
10
18.8239
20
134.0154
0
VERTEX
8
CUT
10
18.5479
20
133.9833
0
VERTEX
8
CUT
10
18.3398
20
133.9695
0
VERTEX
8
CUT
10
18.1313
20
133.9765
0
VERTEX
8
CUT
10
17.9246
20
134.0041
0
VERTEX
8
CUT
10
17.5265
20
134.0775
0
VERTEX
8
CUT
10
17.3168
20
134.1274
0
VERTEX
8
CUT
10
17.1133
20
134.1986
0
VERTEX
8
CUT
10
16.9182
20
134.2903
0
VERTEX
8
CUT
10
16.6555
20
134.4305
0
VERTEX
8
CUT
10
16.4652
20
134.5455
0
VERTEX
8
CUT
10
16.2881
20
134.6799
0
VERTEX
8
CUT
10
16.1263
20
134.8323
0
VERTEX
8
CUT
10
15.9564
20
135.0101
0
VERTEX
8
CUT
10
15.8324
20
135.1521
0
VERTEX
8
CUT
10
15.7217
20
135.3046
0
VERTEX
8
CUT
10
15.6251
20
135.4665
0
VERTEX
8
CUT
10
15.5434
20
135.6364
0
VERTEX
8
CUT
10
15.3208
20
136.1579
0
VERTEX
8
CUT
10
15.3139
20
136.1747
0
VERTEX
8
CUT
10
15.2892
20
136.2331
0
VERTEX
8
CUT
10
15.2487
20
136.3171
0
VERTEX
8
CUT
10
15.2416
20
136.3300
0
SEQEND
0
ENDSEC
0
EOF
