0
SECTION
2
HEADER
9
$ACADVER
1
AC1009
9
$INSUNITS
70
4
0
ENDSEC
0
SECTION
2
TABLES
0
TABLE
2
LAYER
70
1
0
LAYER
2
CUT
70
0
62
7
6
CONTINUOUS
0
ENDTAB
0
ENDSEC
0
SECTION
2
ENTITIES
0
POLYLINE
8
CUT
66
1
70
1
10
0.0
20
0.0
30
0.0
0
VERTEX
8
CUT
10
-0.0625
20
298.5625
0
VERTEX
8
CUT
10
-0.0625
20
299.4478
0
VERTEX
8
CUT
10
-0.0589
20
299.5212
0
VERTEX
8
CUT
10
-0.0503
20
299.5794
0
VERTEX
8
CUT
10
-0.0360
20
299.6365
0
VERTEX
8
CUT
10
-0.0162
20
299.6918
0
VERTEX
8
CUT
10
0.0090
20
299.7450
0
VERTEX
8
CUT
10
0.0392
20
299.7954
0
VERTEX
8
CUT
10
0.0743
20
299.8427
0
VERTEX
8
CUT
10
0.1137
20
299.8863
0
VERTEX
8
CUT
10
0.1573
20
299.9257
0
VERTEX
8
CUT
10
0.2046
20
299.9608
0
VERTEX
8
CUT
10
0.2550
20
299.9910
0
VERTEX
8
CUT
10
0.3082
20
300.0162
0
VERTEX
8
CUT
10
0.3635
20
300.0360
0
VERTEX
8
CUT
10
0.4206
20
300.0503
0
VERTEX
8
CUT
10
0.4788
20
300.0589
0
VERTEX
8
CUT
10
0.5522
20
300.0625
0
VERTEX
8
CUT
10
1.4375
20
300.0625
0
VERTEX
8
CUT
10
298.5102
20
300.0625
0
VERTEX
8
CUT
10
299.3955
20
300.0625
0
VERTEX
8
CUT
10
299.4690
20
300.0589
0
VERTEX
8
CUT
10
299.5271
20
300.0503
0
VERTEX
8
CUT
10
299.5842
20
300.0360
0
VERTEX
8
CUT
10
299.6396
20
300.0162
0
VERTEX
8
CUT
10
299.6927
20
299.9910
0
VERTEX
8
CUT
10
299.7432
20
299.9608
0
VERTEX
8
CUT
10
299.7904
20
299.9257
0
VERTEX
8
CUT
10
299.8340
20
299.8863
0
VERTEX
8
CUT
10
299.8735
20
299.8427
0
VERTEX
8
CUT
10
299.9085
20
299.7954
0
VERTEX
8
CUT
10
299.9387
20
299.7450
0
VERTEX
8
CUT
10
299.9639
20
299.6918
0
VERTEX
8
CUT
10
299.9837
20
299.6365
0
VERTEX
8
CUT
10
299.9980
20
299.5794
0
VERTEX
8
CUT
10
300.0066
20
299.5212
0
VERTEX
8
CUT
10
300.0102
20
299.4478
0
VERTEX
8
CUT
10
300.0102
20
298.5625
0
VERTEX
8
CUT
10
300.0102
20
1.4375
0
VERTEX
8
CUT
10
300.0102
20
0.5522
0
VERTEX
8
CUT
10
300.0066
20
0.4788
0
VERTEX
8
CUT
10
299.9980
20
0.4206
0
VERTEX
8
CUT
10
299.9837
20
0.3635
0
VERTEX
8
CUT
10
299.9639
20
0.3082
0
VERTEX
8
CUT
10
299.9387
20
0.2550
0
VERTEX
8
CUT
10
299.9085
20
0.2046
0
VERTEX
8
CUT
10
299.8735
20
0.1573
0
VERTEX
8
CUT
10
299.8340
20
0.1137
0
VERTEX
8
CUT
10
299.7904
20
0.0743
0
VERTEX
8
CUT
10
299.7432
20
0.0392
0
VERTEX
8
CUT
10
299.6927
20
0.0090
0
VERTEX
8
CUT
10
299.6396
20
-0.0162
0
VERTEX
8
CUT
10
299.5842
20
-0.0360
0
VERTEX
8
CUT
10
299.5271
20
-0.0503
0
VERTEX
8
CUT
10
299.4690
20
-0.0589
0
VERTEX
8
CUT
10
299.3955
20
-0.0625
0
VERTEX
8
CUT
10
298.5102
20
-0.0625
0
VERTEX
8
CUT
10
1.4375
20
-0.0625
0
VERTEX
8
CUT
10
0.5522
20
-0.0625
0
VERTEX
8
CUT
10
0.4788
20
-0.0589
0
VERTEX
8
CUT
10
0.4206
20
-0.0503
0
VERTEX
8
CUT
10
0.3635
20
-0.0360
0
VERTEX
8
CUT
10
0.3082
20
-0.0162
0
VERTEX
8
CUT
10
0.2550
20
0.0090
0
VERTEX
8
CUT
10
0.2046
20
0.0392
0
VERTEX
8
CUT
10
0.1573
20
0.0743
0
VERTEX
8
CUT
10
0.1137
20
0.1137
0
VERTEX
8
CUT
10
0.0743
20
0.1573
0
VERTEX
8
CUT
10
0.0392
20
0.2046
0
VERTEX
8
CUT
10
0.0090
20
0.2550
0
VERTEX
8
CUT
10
-0.0162
20
0.3082
0
VERTEX
8
CUT
10
-0.0360
20
0.3635
0
VERTEX
8
CUT
10
-0.0503
20
0.4206
0
VERTEX
8
CUT
10
-0.0589
20
0.4788
0
VERTEX
8
CUT
10
-0.0625
20
0.5522
0
VERTEX
8
CUT
10
-0.0625
20
1.4375
0
SEQEND
0
POLYLINE
8
CUT
66
1
70
1
10
0.0
20
0.0
30
0.0
0
VERTEX
8
CUT
10
157.5628
20
73.5020
0
VERTEX
8
CUT
10
157.5604
20
73.4436
0
VERTEX
8
CUT
10
157.5616
20
73.2563
0
VERTEX
8
CUT
10
157.5625
20
73.2271
0
VERTEX
8
CUT
10
157.5657
20
73.1701
0
VERTEX
8
CUT
10
157.5667
20
73.1555
0
VERTEX
8
CUT
10
157.5743
20
73.0608
0
VERTEX
8
CUT
10
157.5756
20
73.0463
0
VERTEX
8
CUT
10
158.0333
20
68.6652
0
VERTEX
8
CUT
10
158.0353
20
68.6490
0
VERTEX
8
CUT
10
158.0491
20
68.5439
0
VERTEX
8
CUT
10
158.0515
20
68.5278
0
VERTEX
8
CUT
10
158.0725
20
68.3964
0
VERTEX
8
CUT
10
158.0753
20
68.3803
0
VERTEX
8
CUT
10
158.0949
20
68.2761
0
VERTEX
8
CUT
10
158.0981
20
68.2601
0
VERTEX
8
CUT
10
159.5609
20
61.4923
0
VERTEX
8
CUT
10
159.5639
20
61.4790
0
VERTEX
8
CUT
10
159.5847
20
61.3925
0
VERTEX
8
CUT
10
159.5880
20
61.3792
0
VERTEX
8
CUT
10
159.6166
20
61.2713
0
VERTEX
8
CUT
10
159.6202
20
61.2581
0
VERTEX
8
CUT
10
159.6449
20
61.1727
0
VERTEX
8
CUT
10
159.6489
20
61.1596
0
VERTEX
8
CUT
10
160.6724
20
57.8980
0
VERTEX
8
CUT
10
160.6747
20
57.8910
0
VERTEX
8
CUT
10
160.6906
20
57.8424
0
VERTEX
8
CUT
10
160.6930
20
57.8350
0
VERTEX
8
CUT
10
160.7137
20
57.7747
0
VERTEX
8
CUT
10
160.7162
20
57.7674
0
VERTEX
8
CUT
10
160.7331
20
57.7200
0
VERTEX
8
CUT
10
160.7359
20
57.7122
0
VERTEX
8
CUT
10
161.9642
20
54.4096
0
VERTEX
8
CUT
10
161.9691
20
54.3971
0
VERTEX
8
CUT
10
162.0012
20
54.3162
0
VERTEX
8
CUT
10
162.0063
20
54.3038
0
VERTEX
8
CUT
10
162.0489
20
54.2032
0
VERTEX
8
CUT
10
162.0543
20
54.1909
0
VERTEX
8
CUT
10
162.0901
20
54.1115
0
VERTEX
8
CUT
10
162.0957
20
54.0994
0
VERTEX
8
CUT
10
165.2987
20
47.3898
0
VERTEX
8
CUT
10
165.3050
20
47.3770
0
VERTEX
8
CUT
10
165.3469
20
47.2944
0
VERTEX
8
CUT
10
165.3535
20
47.2818
0
VERTEX
8
CUT
10
165.4085
20
47.1793
0
VERTEX
8
CUT
10
165.4154
20
47.1669
0
VERTEX
8
CUT
10
165.4612
20
47.0863
0
VERTEX
8
CUT
10
165.4683
20
47.0740
0
VERTEX
8
CUT
10
168.6898
20
41.7048
0
VERTEX
8
CUT
10
168.6967
20
41.6935
0
VERTEX
8
CUT
10
168.7426
20
41.6208
0
VERTEX
8
CUT
10
168.7498
20
41.6096
0
VERTEX
8
CUT
10
168.8094
20
41.5196
0
VERTEX
8
CUT
10
168.8168
20
41.5086
0
VERTEX
8
CUT
10
168.8658
20
41.4379
0
VERTEX
8
CUT
10
168.8735
20
41.4272
0
VERTEX
8
CUT
10
171.6915
20
37.5510
0
VERTEX
8
CUT
10
171.7007
20
37.5388
0
VERTEX
8
CUT
10
171.7613
20
37.4597
0
VERTEX
8
CUT
10
171.7708
20
37.4477
0
VERTEX
8
CUT
10
171.8494
20
37.3504
0
VERTEX
8
CUT
10
171.8592
20
37.3386
0
VERTEX
8
CUT
10
171.9238
20
37.2628
0
VERTEX
8
CUT
10
171.9339
20
37.2512
0
VERTEX
8
CUT
10
176.4305
20
32.2350
0
VERTEX
8
CUT
10
176.4446
20
32.2199
0
VERTEX
8
CUT
10
176.5378
20
32.1228
0
VERTEX
8
CUT
10
176.5524
20
32.1081
0
VERTEX
8
CUT
10
176.6735
20
31.9905
0
VERTEX
8
CUT
10
176.6886
20
31.9763
0
VERTEX
8
CUT
10
176.7883
20
31.8859
0
VERTEX
8
CUT
10
176.8039
20
31.8723
0
VERTEX
8
CUT
10
179.3837
20
29.6911
0
VERTEX
8
CUT
10
179.3931
20
29.6833
0
VERTEX
8
CUT
10
179.4549
20
29.6332
0
VERTEX
8
CUT
10
179.4645
20
29.6256
0
VERTEX
8
CUT
10
179.5022
20
29.5962
0
VERTEX
8
CUT
10
179.5218
20
29.5816
0
VERTEX
8
CUT
10
179.6512
20
29.4891
0
VERTEX
8
CUT
10
179.6715
20
29.4753
0
VERTEX
8
CUT
10
179.7115
20
29.4491
0
VERTEX
8
CUT
10
179.7218
20
29.4425
0
VERTEX
8
CUT
10
179.7892
20
29.4003
0
VERTEX
8
CUT
10
179.7997
20
29.3940
0
VERTEX
8
CUT
10
182.4728
20
27.7964
0
VERTEX
8
CUT
10
182.4849
20
27.7893
0
VERTEX
8
CUT
10
182.5640
20
27.7445
0
VERTEX
8
CUT
10
182.5763
20
27.7377
0
VERTEX
8
CUT
10
182.6244
20
27.7119
0
VERTEX
8
CUT
10
182.6494
20
27.6993
0
VERTEX
8
CUT
10
182.8135
20
27.6210
0
VERTEX
8
CUT
10
182.8390
20
27.6095
0
VERTEX
8
CUT
10
182.8894
20
27.5883
0
VERTEX
8
CUT
10
182.9023
20
27.5830
0
VERTEX
8
CUT
10
182.9869
20
27.5497
0
VERTEX
8
CUT
10
183.0000
20
27.5447
0
VERTEX
8
CUT
10
185.6389
20
26.5751
0
VERTEX
8
CUT
10
185.6538
20
26.5698
0
VERTEX
8
CUT
10
185.7507
20
26.5371
0
VERTEX
8
CUT
10
185.7657
20
26.5322
0
VERTEX
8
CUT
10
185.8244
20
26.5141
0
VERTEX
8
CUT
10
185.8547
20
26.5056
0
VERTEX
8
CUT
10
186.0531
20
26.4555
0
VERTEX
8
CUT
10
186.0838
20
26.4486
0
VERTEX
8
CUT
10
186.1441
20
26.4367
0
VERTEX
8
CUT
10
186.1596
20
26.4339
0
VERTEX
8
CUT
10
186.2605
20
26.4168
0
VERTEX
8
CUT
10
186.2761
20
26.4143
0
VERTEX
8
CUT
10
188.8657
20
26.0437
0
VERTEX
8
CUT
10
188.8815
20
26.0417
0
VERTEX
8
CUT
10
188.9848
20
26.0297
0
VERTEX
8
CUT
10
189.0007
20
26.0281
0
VERTEX
8
CUT
10
189.0629
20
26.0225
0
VERTEX
8
CUT
10
189.0949
20
26.0205
0
VERTEX
8
CUT
10
189.3026
20
26.0132
0
VERTEX
8
CUT
10
189.3346
20
26.0129
0
VERTEX
8
CUT
10
189.3970
20
26.0140
0
VERTEX
8
CUT
10
189.4130
20
26.0145
0
VERTEX
8
CUT
10
189.5169
20
26.0191
0
VERTEX
8
CUT
10
189.5328
20
26.0201
0
VERTEX
8
CUT
10
192.0710
20
26.2011
0
VERTEX
8
CUT
10
192.0868
20
26.2024
0
VERTEX
8
CUT
10
192.1893
20
26.2124
0
VERTEX
8
CUT
10
192.2050
20
26.2142
0
VERTEX
8
CUT
10
192.2664
20
26.2219
0
VERTEX
8
CUT
10
192.2977
20
26.2266
0
VERTEX
8
CUT
10
192.5004
20
26.2628
0
VERTEX
8
CUT
10
192.5315
20
26.2692
0
VERTEX
8
CUT
10
192.5917
20
26.2833
0
VERTEX
8
CUT
10
192.6071
20
26.2871
0
VERTEX
8
CUT
10
192.7067
20
26.3132
0
VERTEX
8
CUT
10
192.7220
20
26.3174
0
VERTEX
8
CUT
10
194.2506
20
26.7612
0
VERTEX
8
CUT
10
194.2636
20
26.7651
0
VERTEX
8
CUT
10
194.3481
20
26.7917
0
VERTEX
8
CUT
10
194.3610
20
26.7960
0
VERTEX
8
CUT
10
194.4114
20
26.8131
0
VERTEX
8
CUT
10
194.4370
20
26.8225
0
VERTEX
8
CUT
10
194.6017
20
26.8870
0
VERTEX
8
CUT
10
194.6269
20
26.8975
0
VERTEX
8
CUT
10
194.6755
20
26.9192
0
VERTEX
8
CUT
10
194.6879
20
26.9248
0
VERTEX
8
CUT
10
194.7679
20
26.9627
0
VERTEX
8
CUT
10
194.7801
20
26.9686
0
VERTEX
8
CUT
10
196.2819
20
27.7204
0
VERTEX
8
CUT
10
196.2913
20
27.7252
0
VERTEX
8
CUT
10
196.3568
20
27.7595
0
VERTEX
8
CUT
10
196.3665
20
27.7647
0
VERTEX
8
CUT
10
196.4090
20
27.7879
0
VERTEX
8
CUT
10
196.4293
20
27.7995
0
VERTEX
8
CUT
10
196.5543
20
27.8743
0
VERTEX
8
CUT
10
196.5733
20
27.8862
0
VERTEX
8
CUT
10
196.6060
20
27.9074
0
VERTEX
8
CUT
10
196.6148
20
27.9133
0
VERTEX
8
CUT
10
196.6754
20
27.9542
0
VERTEX
8
CUT
10
196.6852
20
27.9609
0
VERTEX
8
CUT
10
198.2206
20
29.0431
0
VERTEX
8
CUT
10
198.2375
20
29.0554
0
VERTEX
8
CUT
10
198.3453
20
29.1372
0
VERTEX
8
CUT
10
198.3616
20
29.1500
0
VERTEX
8
CUT
10
198.4933
20
29.2572
0
VERTEX
8
CUT
10
198.5092
20
29.2707
0
VERTEX
8
CUT
10
198.6111
20
29.3597
0
VERTEX
8
CUT
10
198.6265
20
29.3737
0
VERTEX
8
CUT
10
200.1480
20
30.7992
0
VERTEX
8
CUT
10
200.1614
20
30.8122
0
VERTEX
8
CUT
10
200.2470
20
30.8975
0
VERTEX
8
CUT
10
200.2600
20
30.9108
0
VERTEX
8
CUT
10
200.3640
20
31.0212
0
VERTEX
8
CUT
10
200.3765
20
31.0349
0
VERTEX
8
CUT
10
200.4567
20
31.1253
0
VERTEX
8
CUT
10
200.4688
20
31.1395
0
VERTEX
8
CUT
10
201.9259
20
32.8908
0
VERTEX
8
CUT
10
201.9357
20
32.9028
0
VERTEX
8
CUT
10
201.9980
20
32.9817
0
VERTEX
8
CUT
10
202.0074
20
32.9940
0
VERTEX
8
CUT
10
202.0830
20
33.0951
0
VERTEX
8
CUT
10
202.0921
20
33.1076
0
VERTEX
8
CUT
10
202.1503
20
33.1896
0
VERTEX
8
CUT
10
202.1591
20
33.2023
0
VERTEX
8
CUT
10
203.5200
20
35.2313
0
VERTEX
8
CUT
10
203.5280
20
35.2436
0
VERTEX
8
CUT
10
203.5790
20
35.3238
0
VERTEX
8
CUT
10
203.5867
20
35.3362
0
VERTEX
8
CUT
10
203.6482
20
35.4384
0
VERTEX
8
CUT
10
203.6556
20
35.4510
0
VERTEX
8
CUT
10
203.7026
20
35.5336
0
VERTEX
8
CUT
10
203.7097
20
35.5464
0
VERTEX
8
CUT
10
205.0138
20
37.9717
0
VERTEX
8
CUT
10
205.0195
20
37.9827
0
VERTEX
8
CUT
10
205.0564
20
38.0547
0
VERTEX
8
CUT
10
205.0619
20
38.0658
0
VERTEX
8
CUT
10
205.1062
20
38.1572
0
VERTEX
8
CUT
10
205.1116
20
38.1685
0
VERTEX
8
CUT
10
205.1454
20
38.2419
0
VERTEX
8
CUT
10
205.1504
20
38.2533
0
VERTEX
8
CUT
10
207.0898
20
42.7109
0
VERTEX
8
CUT
10
207.0941
20
42.7204
0
VERTEX
8
CUT
10
207.1041
20
42.7427
0
VERTEX
8
CUT
10
207.1084
20
42.7522
0
VERTEX
8
CUT
10
207.1138
20
42.7638
0
VERTEX
8
CUT
10
207.1182
20
42.7733
0
VERTEX
8
CUT
10
207.1287
20
42.7953
0
VERTEX
8
CUT
10
207.1333
20
42.8047
0
VERTEX
8
CUT
10
207.1415
20
42.8215
0
VERTEX
8
CUT
10
207.1462
20
42.8308
0
VERTEX
8
CUT
10
207.1572
20
42.8527
0
VERTEX
8
CUT
10
207.1620
20
42.8620
0
VERTEX
8
CUT
10
207.1679
20
42.8733
0
VERTEX
8
CUT
10
207.1728
20
42.8826
0
VERTEX
8
CUT
10
207.1844
20
42.9041
0
VERTEX
8
CUT
10
207.1894
20
42.9134
0
VERTEX
8
CUT
10
208.3211
20
44.9683
0
VERTEX
8
CUT
10
208.3285
20
44.9821
0
VERTEX
8
CUT
10
208.3755
20
45.0730
0
VERTEX
8
CUT
10
208.3825
20
45.0871
0
VERTEX
8
CUT
10
208.4093
20
45.1423
0
VERTEX
8
CUT
10
208.4223
20
45.1710
0
VERTEX
8
CUT
10
208.5005
20
45.3568
0
VERTEX
8
CUT
10
208.5219
20
45.4160
0
VERTEX
8
CUT
10
208.5794
20
45.6064
0
VERTEX
8
CUT
10
208.5944
20
45.6675
0
VERTEX
8
CUT
10
208.6317
20
45.8628
0
VERTEX
8
CUT
10
208.6403
20
45.9251
0
VERTEX
8
CUT
10
208.6571
20
46.1261
0
VERTEX
8
CUT
10
208.6590
20
46.1575
0
VERTEX
8
CUT
10
208.6609
20
46.2189
0
VERTEX
8
CUT
10
208.6612
20
46.2346
0
VERTEX
8
CUT
10
208.6617
20
46.3369
0
VERTEX
8
CUT
10
208.6616
20
46.3526
0
VERTEX
8
CUT
10
208.6326
20
47.7252
0
VERTEX
8
CUT
10
208.6324
20
47.7360
0
VERTEX
8
CUT
10
208.6322
20
47.7540
0
VERTEX
8
CUT
10
208.6329
20
47.7973
0
VERTEX
8
CUT
10
208.6357
20
47.8706
0
VERTEX
8
CUT
10
208.6376
20
47.9030
0
VERTEX
8
CUT
10
208.6379
20
47.9064
0
VERTEX
8
CUT
10
208.6409
20
47.9388
0
VERTEX
8
CUT
10
208.6490
20
48.0117
0
VERTEX
8
CUT
10
208.6549
20
48.0546
0
VERTEX
8
CUT
10
208.6577
20
48.0724
0
VERTEX
8
CUT
10
208.6595
20
48.0831
0
VERTEX
8
CUT
10
209.6543
20
53.8295
0
VERTEX
8
CUT
10
209.6560
20
53.8400
0
VERTEX
8
CUT
10
209.6673
20
53.9131
0
VERTEX
8
CUT
10
209.6689
20
53.9243
0
VERTEX
8
CUT
10
209.6813
20
54.0156
0
VERTEX
8
CUT
10
209.6827
20
54.0267
0
VERTEX
8
CUT
10
209.6911
20
54.0990
0
VERTEX
8
CUT
10
209.6924
20
54.1109
0
VERTEX
8
CUT
10
210.0454
20
57.7689
0
VERTEX
8
CUT
10
210.0465
20
57.7812
0
VERTEX
8
CUT
10
210.0525
20
57.8613
0
VERTEX
8
CUT
10
210.0533
20
57.8736
0
VERTEX
8
CUT
10
210.0589
20
57.9742
0
VERTEX
8
CUT
10
210.0594
20
57.9866
0
VERTEX
8
CUT
10
210.0622
20
58.0668
0
VERTEX
8
CUT
10
210.0625
20
58.0791
0
VERTEX
8
CUT
10
210.1459
20
64.1100
0
VERTEX
8
CUT
10
210.1460
20
64.1208
0
VERTEX
8
CUT
10
210.1457
20
64.1959
0
VERTEX
8
CUT
10
210.1455
20
64.2075
0
VERTEX
8
CUT
10
210.1433
20
64.3011
0
VERTEX
8
CUT
10
210.1429
20
64.3125
0
VERTEX
8
CUT
10
210.1398
20
64.3864
0
VERTEX
8
CUT
10
210.1392
20
64.3985
0
VERTEX
8
CUT
10
209.8963
20
68.2723
0
VERTEX
8
CUT
10
209.8954
20
68.2847
0
VERTEX
8
CUT
10
209.8887
20
68.3646
0
VERTEX
8
CUT
10
209.8876
20
68.3769
0
VERTEX
8
CUT
10
209.8771
20
68.4771
0
VERTEX
8
CUT
10
209.8757
20
68.4894
0
VERTEX
8
CUT
10
209.8658
20
68.5690
0
VERTEX
8
CUT
10
209.8641
20
68.5812
0
VERTEX
8
CUT
10
208.8027
20
75.8528
0
VERTEX
8
CUT
10
208.8007
20
75.8655
0
VERTEX
8
CUT
10
208.7869
20
75.9476
0
VERTEX
8
CUT
10
208.7846
20
75.9602
0
VERTEX
8
CUT
10
208.7651
20
76.0629
0
VERTEX
8
CUT
10
208.7626
20
76.0755
0
VERTEX
8
CUT
10
208.7453
20
76.1570
0
VERTEX
8
CUT
10
208.7425
20
76.1695
0
VERTEX
8
CUT
10
205.1251
20
91.5933
0
VERTEX
8
CUT
10
205.1218
20
91.6078
0
VERTEX
8
CUT
10
205.1144
20
91.6418
0
VERTEX
8
CUT
10
205.1114
20
91.6564
0
VERTEX
8
CUT
10
205.1078
20
91.6742
0
VERTEX
8
CUT
10
205.1050
20
91.6888
0
VERTEX
8
CUT
10
205.0988
20
91.7230
0
VERTEX
8
CUT
10
205.0962
20
91.7377
0
VERTEX
8
CUT
10
205.0919
20
91.7637
0
VERTEX
8
CUT
10
205.0896
20
91.7785
0
VERTEX
8
CUT
10
205.0845
20
91.8129
0
VERTEX
8
CUT
10
205.0824
20
91.8276
0
VERTEX
8
CUT
10
205.0800
20
91.8456
0
VERTEX
8
CUT
10
205.0782
20
91.8604
0
VERTEX
8
CUT
10
205.0742
20
91.8950
0
VERTEX
8
CUT
10
205.0727
20
91.9098
0
VERTEX
8
CUT
10
204.7792
20
94.8980
0
VERTEX
8
CUT
10
204.7780
20
94.9111
0
VERTEX
8
CUT
10
204.7755
20
94.9417
0
VERTEX
8
CUT
10
204.7745
20
94.9548
0
VERTEX
8
CUT
10
204.7734
20
94.9708
0
VERTEX
8
CUT
10
204.7726
20
94.9839
0
VERTEX
8
CUT
10
204.7709
20
95.0146
0
VERTEX
8
CUT
10
204.7703
20
95.0277
0
VERTEX
8
CUT
10
204.7694
20
95.0510
0
VERTEX
8
CUT
10
204.7689
20
95.0641
0
VERTEX
8
CUT
10
204.7682
20
95.0948
0
VERTEX
8
CUT
10
204.7680
20
95.1080
0
VERTEX
8
CUT
10
204.7678
20
95.1240
0
VERTEX
8
CUT
10
204.7678
20
95.1371
0
VERTEX
8
CUT
10
204.7679
20
95.1678
0
VERTEX
8
CUT
10
204.7680
20
95.1810
0
VERTEX
8
CUT
10
204.8209
20
97.9578
0
VERTEX
8
CUT
10
204.8212
20
97.9694
0
VERTEX
8
CUT
10
204.8220
20
97.9963
0
VERTEX
8
CUT
10
204.8225
20
98.0078
0
VERTEX
8
CUT
10
204.8231
20
98.0219
0
VERTEX
8
CUT
10
204.8237
20
98.0334
0
VERTEX
8
CUT
10
204.8252
20
98.0603
0
VERTEX
8
CUT
10
204.8260
20
98.0718
0
VERTEX
8
CUT
10
204.8274
20
98.0922
0
VERTEX
8
CUT
10
204.8283
20
98.1037
0
VERTEX
8
CUT
10
204.8305
20
98.1306
0
VERTEX
8
CUT
10
204.8316
20
98.1421
0
VERTEX
8
CUT
10
204.8329
20
98.1561
0
VERTEX
8
CUT
10
204.8341
20
98.1676
0
VERTEX
8
CUT
10
204.8370
20
98.1944
0
VERTEX
8
CUT
10
204.8383
20
98.2058
0
VERTEX
8
CUT
10
205.3059
20
102.0313
0
VERTEX
8
CUT
10
205.3076
20
102.0446
0
VERTEX
8
CUT
10
205.3106
20
102.0666
0
VERTEX
8
CUT
10
205.3195
20
102.1195
0
VERTEX
8
CUT
10
205.3372
20
102.2085
0
VERTEX
8
CUT
10
205.3459
20
102.2477
0
VERTEX
8
CUT
10
205.3469
20
102.2517
0
VERTEX
8
CUT
10
205.3573
20
102.2905
0
VERTEX
8
CUT
10
205.3829
20
102.3776
0
VERTEX
8
CUT
10
205.3995
20
102.4286
0
VERTEX
8
CUT
10
205.4070
20
102.4495
0
VERTEX
8
CUT
10
205.4116
20
102.4621
0
VERTEX
8
CUT
10
206.4241
20
105.1529
0
VERTEX
8
CUT
10
206.4286
20
105.1646
0
VERTEX
8
CUT
10
206.4362
20
105.1841
0
VERTEX
8
CUT
10
206.4559
20
105.2305
0
VERTEX
8
CUT
10
206.4915
20
105.3080
0
VERTEX
8
CUT
10
206.5080
20
105.3421
0
VERTEX
8
CUT
10
206.5097
20
105.3455
0
VERTEX
8
CUT
10
206.5276
20
105.3788
0
VERTEX
8
CUT
10
206.5696
20
105.4531
0
VERTEX
8
CUT
10
206.5955
20
105.4963
0
VERTEX
8
CUT
10
206.6068
20
105.5139
0
VERTEX
8
CUT
10
206.6137
20
105.5245
0
VERTEX
8
CUT
10
208.3120
20
108.0950
0
VERTEX
8
CUT
10
208.3174
20
108.1030
0
VERTEX
8
CUT
10
208.3264
20
108.1164
0
VERTEX
8
CUT
10
208.3489
20
108.1480
0
VERTEX
8
CUT
10
208.3880
20
108.2008
0
VERTEX
8
CUT
10
208.4056
20
108.2239
0
VERTEX
8
CUT
10
208.4452
20
108.2738
0
VERTEX
8
CUT
10
208.4481
20
108.2775
0
VERTEX
8
CUT
10
208.4679
20
108.3029
0
VERTEX
8
CUT
10
208.4710
20
108.3069
0
VERTEX
8
CUT
10
208.5112
20
108.3593
0
VERTEX
8
CUT
10
208.5264
20
108.3801
0
VERTEX
8
CUT
10
208.6221
20
108.5168
0
VERTEX
8
CUT
10
208.6364
20
108.5382
0
VERTEX
8
CUT
10
208.6368
20
108.5388
0
VERTEX
8
CUT
10
208.6518
20
108.5636
0
VERTEX
8
CUT
10
208.7442
20
108.7251
0
VERTEX
8
CUT
10
208.7705
20
108.7768
0
VERTEX
8
CUT
10
208.8458
20
108.9441
0
VERTEX
8
CUT
10
208.8670
20
108.9981
0
VERTEX
8
CUT
10
208.9258
20
109.1719
0
VERTEX
8
CUT
10
208.9417
20
109.2277
0
VERTEX
8
CUT
10
208.9834
20
109.4064
0
VERTEX
8
CUT
10
208.9939
20
109.4635
0
VERTEX
8
CUT
10
209.0181
20
109.6454
0
VERTEX
8
CUT
10
209.0230
20
109.7032
0
VERTEX
8
CUT
10
209.0296
20
109.8865
0
VERTEX
8
CUT
10
209.0288
20
109.9446
0
VERTEX
8
CUT
10
209.0177
20
110.1277
0
VERTEX
8
CUT
10
209.0113
20
110.1854
0
VERTEX
8
CUT
10
208.9825
20
110.3666
0
VERTEX
8
CUT
10
208.9706
20
110.4234
0
VERTEX
8
CUT
10
208.9245
20
110.6010
0
VERTEX
8
CUT
10
208.9072
20
110.6564
0
VERTEX
8
CUT
10
208.8440
20
110.8286
0
VERTEX
8
CUT
10
208.8215
20
110.8821
0
VERTEX
8
CUT
10
208.7420
20
111.0475
0
VERTEX
8
CUT
10
208.7143
20
111.0985
0
VERTEX
8
CUT
10
208.6193
20
111.2554
0
VERTEX
8
CUT
10
208.5868
20
111.3035
0
VERTEX
8
CUT
10
208.4770
20
111.4505
0
VERTEX
8
CUT
10
208.4401
20
111.4953
0
VERTEX
8
CUT
10
208.3166
20
111.6310
0
VERTEX
8
CUT
10
208.2755
20
111.6720
0
VERTEX
8
CUT
10
208.1395
20
111.7951
0
VERTEX
8
CUT
10
208.0947
20
111.8320
0
VERTEX
8
CUT
10
207.9474
20
111.9414
0
VERTEX
8
CUT
10
207.8992
20
111.9737
0
VERTEX
8
CUT
10
207.7420
20
112.0684
0
VERTEX
8
CUT
10
207.6909
20
112.0959
0
VERTEX
8
CUT
10
207.5254
20
112.1750
0
VERTEX
8
CUT
10
207.4719
20
112.1974
0
VERTEX
8
CUT
10
207.2994
20
112.2601
0
VERTEX
8
CUT
10
207.2440
20
112.2773
0
VERTEX
8
CUT
10
207.0663
20
112.3230
0
VERTEX
8
CUT
10
207.0095
20
112.3347
0
VERTEX
8
CUT
10
206.8282
20
112.3631
0
VERTEX
8
CUT
10
206.7705
20
112.3693
0
VERTEX
8
CUT
10
206.5873
20
112.3800
0
VERTEX
8
CUT
10
206.5293
20
112.3806
0
VERTEX
8
CUT
10
206.3434
20
112.3735
0
VERTEX
8
CUT
10
206.3145
20
112.3717
0
VERTEX
8
CUT
10
206.2580
20
112.3668
0
VERTEX
8
CUT
10
206.2436
20
112.3653
0
VERTEX
8
CUT
10
206.1498
20
112.3549
0
VERTEX
8
CUT
10
206.1354
20
112.3531
0
VERTEX
8
CUT
10
200.2541
20
111.5539
0
VERTEX
8
CUT
10
200.2376
20
111.5514
0
VERTEX
8
CUT
10
200.1302
20
111.5338
0
VERTEX
8
CUT
10
200.1137
20
111.5308
0
VERTEX
8
CUT
10
199.9796
20
111.5049
0
VERTEX
8
CUT
10
199.9632
20
111.5015
0
VERTEX
8
CUT
10
199.8569
20
111.4779
0
VERTEX
8
CUT
10
199.8406
20
111.4740
0
VERTEX
8
CUT
10
194.8859
20
110.2262
0
VERTEX
8
CUT
10
194.8726
20
110.2227
0
VERTEX
8
CUT
10
194.7864
20
110.1989
0
VERTEX
8
CUT
10
194.7732
20
110.1951
0
VERTEX
8
CUT
10
194.7218
20
110.1796
0
VERTEX
8
CUT
10
194.6956
20
110.1711
0
VERTEX
8
CUT
10
194.5270
20
110.1117
0
VERTEX
8
CUT
10
194.5013
20
110.1020
0
VERTEX
8
CUT
10
194.4515
20
110.0818
0
VERTEX
8
CUT
10
194.4388
20
110.0765
0
VERTEX
8
CUT
10
194.3567
20
110.0411
0
VERTEX
8
CUT
10
194.3441
20
110.0355
0
VERTEX
8
CUT
10
190.6621
20
108.3463
0
VERTEX
8
CUT
10
190.6507
20
108.3409
0
VERTEX
8
CUT
10
190.5768
20
108.3051
0
VERTEX
8
CUT
10
190.5654
20
108.2995
0
VERTEX
8
CUT
10
190.5215
20
108.2770
0
VERTEX
8
CUT
10
190.4992
20
108.2650
0
VERTEX
8
CUT
10
190.3563
20
108.1843
0
VERTEX
8
CUT
10
190.3345
20
108.1714
0
VERTEX
8
CUT
10
190.2926
20
108.1453
0
VERTEX
8
CUT
10
190.2820
20
108.1385
0
VERTEX
8
CUT
10
190.2131
20
108.0937
0
VERTEX
8
CUT
10
190.2026
20
108.0866
0
VERTEX
8
CUT
10
188.7721
20
107.1108
0
VERTEX
8
CUT
10
188.7633
20
107.1048
0
VERTEX
8
CUT
10
188.7027
20
107.0618
0
VERTEX
8
CUT
10
188.6937
20
107.0553
0
VERTEX
8
CUT
10
188.6544
20
107.0264
0
VERTEX
8
CUT
10
188.6358
20
107.0121
0
VERTEX
8
CUT
10
188.5213
20
106.9207
0
VERTEX
8
CUT
10
188.5040
20
106.9062
0
VERTEX
8
CUT
10
188.4743
20
106.8806
0
VERTEX
8
CUT
10
188.4663
20
106.8736
0
VERTEX
8
CUT
10
188.4115
20
106.8246
0
VERTEX
8
CUT
10
188.4026
20
106.8166
0
VERTEX
8
CUT
10
185.9200
20
104.5069
0
VERTEX
8
CUT
10
185.9087
20
104.4961
0
VERTEX
8
CUT
10
185.8366
20
104.4254
0
VERTEX
8
CUT
10
185.8256
20
104.4144
0
VERTEX
8
CUT
10
185.7834
20
104.3708
0
VERTEX
8
CUT
10
185.7624
20
104.3480
0
VERTEX
8
CUT
10
185.6295
20
104.1958
0
VERTEX
8
CUT
10
185.6097
20
104.1719
0
VERTEX
8
CUT
10
185.5722
20
104.1242
0
VERTEX
8
CUT
10
185.5628
20
104.1119
0
VERTEX
8
CUT
10
185.5024
20
104.0308
0
VERTEX
8
CUT
10
185.4933
20
104.0182
0
VERTEX
8
CUT
10
184.0233
20
101.9335
0
VERTEX
8
CUT
10
184.0156
20
101.9223
0
VERTEX
8
CUT
10
183.9665
20
101.8492
0
VERTEX
8
CUT
10
183.9591
20
101.8379
0
VERTEX
8
CUT
10
183.9305
20
101.7933
0
VERTEX
8
CUT
10
183.9164
20
101.7701
0
VERTEX
8
CUT
10
183.8295
20
101.6196
0
VERTEX
8
CUT
10
183.8046
20
101.5715
0
VERTEX
8
CUT
10
183.7316
20
101.4138
0
VERTEX
8
CUT
10
183.7208
20
101.3890
0
VERTEX
8
CUT
10
183.7007
20
101.3399
0
VERTEX
8
CUT
10
183.6957
20
101.3273
0
VERTEX
8
CUT
10
183.6642
20
101.2451
0
VERTEX
8
CUT
10
183.6595
20
101.2323
0
VERTEX
8
CUT
10
182.9211
20
99.1648
0
VERTEX
8
CUT
10
182.9161
20
99.1503
0
VERTEX
8
CUT
10
182.8849
20
99.0555
0
VERTEX
8
CUT
10
182.8803
20
99.0408
0
VERTEX
8
CUT
10
182.8631
20
98.9834
0
VERTEX
8
CUT
10
182.8550
20
98.9537
0
VERTEX
8
CUT
10
182.8074
20
98.7600
0
VERTEX
8
CUT
10
182.8009
20
98.7299
0
VERTEX
8
CUT
10
182.7896
20
98.6711
0
VERTEX
8
CUT
10
182.7869
20
98.6559
0
VERTEX
8
CUT
10
182.7706
20
98.5574
0
VERTEX
8
CUT
10
182.7683
20
98.5422
0
VERTEX
8
CUT
10
182.6561
20
97.7359
0
VERTEX
8
CUT
10
182.6541
20
97.7193
0
VERTEX
8
CUT
10
182.6421
20
97.6108
0
VERTEX
8
CUT
10
182.6405
20
97.5941
0
VERTEX
8
CUT
10
182.6351
20
97.5288
0
VERTEX
8
CUT
10
182.6332
20
97.4953
0
VERTEX
8
CUT
10
182.6275
20
97.2774
0
VERTEX
8
CUT
10
182.6276
20
97.2438
0
VERTEX
8
CUT
10
182.6295
20
97.1783
0
VERTEX
8
CUT
10
182.6302
20
97.1615
0
VERTEX
8
CUT
10
182.6365
20
97.0526
0
VERTEX
8
CUT
10
182.6377
20
97.0359
0
VERTEX
8
CUT
10
182.8333
20
94.7579
0
VERTEX
8
CUT
10
182.8348
20
94.7425
0
VERTEX
8
CUT
10
182.8460
20
94.6421
0
VERTEX
8
CUT
10
182.8480
20
94.6267
0
VERTEX
8
CUT
10
182.8563
20
94.5666
0
VERTEX
8
CUT
10
182.8613
20
94.5360
0
VERTEX
8
CUT
10
182.8993
20
94.3378
0
VERTEX
8
CUT
10
182.9059
20
94.3074
0
VERTEX
8
CUT
10
182.9204
20
94.2486
0
VERTEX
8
CUT
10
182.9243
20
94.2335
0
VERTEX
8
CUT
10
182.9509
20
94.1361
0
VERTEX
8
CUT
10
182.9552
20
94.1212
0
VERTEX
8
CUT
10
183.3907
20
92.6763
0
VERTEX
8
CUT
10
183.3963
20
92.6588
0
VERTEX
8
CUT
10
183.4341
20
92.5458
0
VERTEX
8
CUT
10
183.4402
20
92.5285
0
VERTEX
8
CUT
10
183.4650
20
92.4614
0
VERTEX
8
CUT
10
183.4788
20
92.4274
0
VERTEX
8
CUT
10
183.5748
20
92.2094
0
VERTEX
8
CUT
10
183.5906
20
92.1763
0
VERTEX
8
CUT
10
183.6234
20
92.1128
0
VERTEX
8
CUT
10
183.6321
20
92.0966
0
VERTEX
8
CUT
10
183.6899
20
91.9924
0
VERTEX
8
CUT
10
183.6991
20
91.9765
0
VERTEX
8
CUT
10
185.0456
20
89.7166
0
VERTEX
8
CUT
10
185.0541
20
89.7029
0
VERTEX
8
CUT
10
185.1102
20
89.6142
0
VERTEX
8
CUT
10
185.1190
20
89.6006
0
VERTEX
8
CUT
10
185.1542
20
89.5483
0
VERTEX
8
CUT
10
185.1729
20
89.5220
0
VERTEX
8
CUT
10
185.2990
20
89.3543
0
VERTEX
8
CUT
10
185.3191
20
89.3290
0
VERTEX
8
CUT
10
185.3597
20
89.2808
0
VERTEX
8
CUT
10
185.3703
20
89.2686
0
VERTEX
8
CUT
10
185.4399
20
89.1900
0
VERTEX
8
CUT
10
185.4508
20
89.1781
0
VERTEX
8
CUT
10
191.5764
20
82.6388
0
VERTEX
8
CUT
10
191.5840
20
82.6305
0
VERTEX
8
CUT
10
191.6017
20
82.6112
0
VERTEX
8
CUT
10
191.6092
20
82.6028
0
VERTEX
8
CUT
10
191.6184
20
82.5926
0
VERTEX
8
CUT
10
191.6258
20
82.5842
0
VERTEX
8
CUT
10
191.6430
20
82.5644
0
VERTEX
8
CUT
10
191.6503
20
82.5558
0
VERTEX
8
CUT
10
191.6632
20
82.5406
0
VERTEX
8
CUT
10
191.6704
20
82.5320
0
VERTEX
8
CUT
10
191.6871
20
82.5118
0
VERTEX
8
CUT
10
191.6942
20
82.5031
0
VERTEX
8
CUT
10
191.7028
20
82.4924
0
VERTEX
8
CUT
10
191.7098
20
82.4836
0
VERTEX
8
CUT
10
191.7260
20
82.4630
0
VERTEX
8
CUT
10
191.7328
20
82.4541
0
VERTEX
8
CUT
10
192.7357
20
81.1427
0
VERTEX
8
CUT
10
192.7449
20
81.1304
0
VERTEX
8
CUT
10
192.7661
20
81.1017
0
VERTEX
8
CUT
10
192.7751
20
81.0893
0
VERTEX
8
CUT
10
192.7859
20
81.0741
0
VERTEX
8
CUT
10
192.7947
20
81.0616
0
VERTEX
8
CUT
10
192.8149
20
81.0322
0
VERTEX
8
CUT
10
192.8234
20
81.0195
0
VERTEX
8
CUT
10
192.8384
20
80.9970
0
VERTEX
8
CUT
10
192.8467
20
80.9842
0
VERTEX
8
CUT
10
192.8659
20
80.9541
0
VERTEX
8
CUT
10
192.8740
20
80.9411
0
VERTEX
8
CUT
10
192.8838
20
80.9252
0
VERTEX
8
CUT
10
192.8917
20
80.9121
0
VERTEX
8
CUT
10
192.9098
20
80.8814
0
VERTEX
8
CUT
10
192.9175
20
80.8682
0
VERTEX
8
CUT
10
194.4352
20
78.1983
0
VERTEX
8
CUT
10
194.4407
20
78.1886
0
VERTEX
8
CUT
10
194.4496
20
78.1724
0
VERTEX
8
CUT
10
194.4702
20
78.1329
0
VERTEX
8
CUT
10
194.5033
20
78.0652
0
VERTEX
8
CUT
10
194.5174
20
78.0349
0
VERTEX
8
CUT
10
194.5189
20
78.0317
0
VERTEX
8
CUT
10
194.5319
20
78.0009
0
VERTEX
8
CUT
10
194.5599
20
77.9309
0
VERTEX
8
CUT
10
194.5754
20
77.8892
0
VERTEX
8
CUT
10
194.5814
20
77.8717
0
VERTEX
8
CUT
10
194.5850
20
77.8611
0
VERTEX
8
CUT
10
195.5340
20
74.9875
0
VERTEX
8
CUT
10
195.5385
20
74.9734
0
VERTEX
8
CUT
10
195.5488
20
74.9406
0
VERTEX
8
CUT
10
195.5531
20
74.9265
0
VERTEX
8
CUT
10
195.5581
20
74.9093
0
VERTEX
8
CUT
10
195.5622
20
74.8951
0
VERTEX
8
CUT
10
195.5713
20
74.8620
0
VERTEX
8
CUT
10
195.5752
20
74.8477
0
VERTEX
8
CUT
10
195.5817
20
74.8225
0
VERTEX
8
CUT
10
195.5853
20
74.8082
0
VERTEX
8
CUT
10
195.5934
20
74.7748
0
VERTEX
8
CUT
10
195.5967
20
74.7604
0
VERTEX
8
CUT
10
195.6006
20
74.7429
0
VERTEX
8
CUT
10
195.6037
20
74.7285
0
VERTEX
8
CUT
10
195.6107
20
74.6948
0
VERTEX
8
CUT
10
195.6136
20
74.6804
0
VERTEX
8
CUT
10
195.9183
20
73.0788
0
VERTEX
8
CUT
10
195.9199
20
73.0698
0
VERTEX
8
CUT
10
195.9226
20
73.0548
0
VERTEX
8
CUT
10
195.9284
20
73.0186
0
VERTEX
8
CUT
10
195.9368
20
72.9572
0
VERTEX
8
CUT
10
195.9402
20
72.9299
0
VERTEX
8
CUT
10
195.9405
20
72.9270
0
VERTEX
8
CUT
10
195.9430
20
72.8997
0
VERTEX
8
CUT
10
195.9477
20
72.8378
0
VERTEX
8
CUT
10
195.9498
20
72.8013
0
VERTEX
8
CUT
10
195.9503
20
72.7861
0
VERTEX
8
CUT
10
195.9506
20
72.7769
0
VERTEX
8
CUT
10
196.0249
20
69.8335
0
VERTEX
8
CUT
10
196.0251
20
69.8204
0
VERTEX
8
CUT
10
196.0254
20
69.7987
0
VERTEX
8
CUT
10
196.0244
20
69.7463
0
VERTEX
8
CUT
10
196.0202
20
69.6578
0
VERTEX
8
CUT
10
196.0175
20
69.6186
0
VERTEX
8
CUT
10
196.0171
20
69.6146
0
VERTEX
8
CUT
10
196.0127
20
69.5756
0
VERTEX
8
CUT
10
196.0008
20
69.4877
0
VERTEX
8
CUT
10
195.9922
20
69.4360
0
VERTEX
8
CUT
10
195.9881
20
69.4147
0
VERTEX
8
CUT
10
195.9855
20
69.4019
0
VERTEX
8
CUT
10
195.3574
20
66.4188
0
VERTEX
8
CUT
10
195.3555
20
66.4098
0
VERTEX
8
CUT
10
195.3522
20
66.3950
0
VERTEX
8
CUT
10
195.3435
20
66.3594
0
VERTEX
8
CUT
10
195.3277
20
66.2993
0
VERTEX
8
CUT
10
195.3203
20
66.2729
0
VERTEX
8
CUT
10
195.3194
20
66.2701
0
VERTEX
8
CUT
10
195.3112
20
66.2438
0
VERTEX
8
CUT
10
195.2917
20
66.1849
0
VERTEX
8
CUT
10
195.2795
20
66.1503
0
VERTEX
8
CUT
10
195.2741
20
66.1361
0
VERTEX
8
CUT
10
195.2708
20
66.1275
0
VERTEX
8
CUT
10
194.7284
20
64.7307
0
VERTEX
8
CUT
10
194.7245
20
64.7207
0
VERTEX
8
CUT
10
194.7151
20
64.6975
0
VERTEX
8
CUT
10
194.7111
20
64.6876
0
VERTEX
8
CUT
10
194.7061
20
64.6756
0
VERTEX
8
CUT
10
194.7019
20
64.6657
0
VERTEX
8
CUT
10
194.6920
20
64.6427
0
VERTEX
8
CUT
10
194.6877
20
64.6329
0
VERTEX
8
CUT
10
194.6800
20
64.6156
0
VERTEX
8
CUT
10
194.6756
20
64.6058
0
VERTEX
8
CUT
10
194.6652
20
64.5831
0
VERTEX
8
CUT
10
194.6607
20
64.5734
0
VERTEX
8
CUT
10
194.6551
20
64.5616
0
VERTEX
8
CUT
10
194.6505
20
64.5519
0
VERTEX
8
CUT
10
194.6395
20
64.5295
0
VERTEX
8
CUT
10
194.6348
20
64.5199
0
VERTEX
8
CUT
10
193.9854
20
63.2274
0
VERTEX
8
CUT
10
193.9805
20
63.2179
0
VERTEX
8
CUT
10
193.9723
20
63.2020
0
VERTEX
8
CUT
10
193.9517
20
63.1644
0
VERTEX
8
CUT
10
193.9153
20
63.1016
0
VERTEX
8
CUT
10
193.8987
20
63.0740
0
VERTEX
8
CUT
10
193.8969
20
63.0712
0
VERTEX
8
CUT
10
193.8793
20
63.0442
0
VERTEX
8
CUT
10
193.8384
20
62.9841
0
VERTEX
8
CUT
10
193.8135
20
62.9492
0
VERTEX
8
CUT
10
193.8028
20
62.9350
0
VERTEX
8
CUT
10
193.7963
20
62.9265
0
VERTEX
8
CUT
10
192.0454
20
60.6529
0
VERTEX
8
CUT
10
192.0388
20
60.6445
0
VERTEX
8
CUT
10
192.0278
20
60.6305
0
VERTEX
8
CUT
10
192.0005
20
60.5975
0
VERTEX
8
CUT
10
191.9529
20
60.5428
0
VERTEX
8
CUT
10
191.9314
20
60.5189
0
VERTEX
8
CUT
10
191.9291
20
60.5165
0
VERTEX
8
CUT
10
191.9067
20
60.4934
0
VERTEX
8
CUT
10
191.8553
20
60.4422
0
VERTEX
8
CUT
10
191.8243
20
60.4127
0
VERTEX
8
CUT
10
191.8111
20
60.4007
0
VERTEX
8
CUT
10
191.8031
20
60.3936
0
VERTEX
8
CUT
10
190.5075
20
59.2477
0
VERTEX
8
CUT
10
190.5024
20
59.2432
0
VERTEX
8
CUT
10
190.4905
20
59.2328
0
VERTEX
8
CUT
10
190.4853
20
59.2283
0
VERTEX
8
CUT
10
190.4831
20
59.2264
0
VERTEX
8
CUT
10
190.4626
20
59.2094
0
VERTEX
8
CUT
10
190.4143
20
59.1703
0
VERTEX
8
CUT
10
190.3972
20
59.1570
0
VERTEX
8
CUT
10
190.3699
20
59.1369
0
VERTEX
8
CUT
10
190.3066
20
59.0924
0
VERTEX
8
CUT
10
190.2790
20
59.0738
0
VERTEX
8
CUT
10
188.9428
20
58.2066
0
VERTEX
8
CUT
10
188.9302
20
58.1985
0
VERTEX
8
CUT
10
188.9006
20
58.1800
0
VERTEX
8
CUT
10
188.8878
20
58.1722
0
VERTEX
8
CUT
10
188.8726
20
58.1630
0
VERTEX
8
CUT
10
188.8598
20
58.1555
0
VERTEX
8
CUT
10
188.8300
20
58.1381
0
VERTEX
8
CUT
10
188.8172
20
58.1308
0
VERTEX
8
CUT
10
188.7943
20
58.1180
0
VERTEX
8
CUT
10
188.7812
20
58.1109
0
VERTEX
8
CUT
10
188.7508
20
58.0945
0
VERTEX
8
CUT
10
188.7376
20
58.0876
0
VERTEX
8
CUT
10
188.7216
20
58.0793
0
VERTEX
8
CUT
10
188.7083
20
58.0726
0
VERTEX
8
CUT
10
188.6773
20
58.0572
0
VERTEX
8
CUT
10
188.6640
20
58.0507
0
VERTEX
8
CUT
10
187.2253
20
57.3670
0
VERTEX
8
CUT
10
187.2166
20
57.3629
0
VERTEX
8
CUT
10
187.2021
20
57.3562
0
VERTEX
8
CUT
10
187.1668
20
57.3408
0
VERTEX
8
CUT
10
187.1064
20
57.3160
0
VERTEX
8
CUT
10
187.0795
20
57.3054
0
VERTEX
8
CUT
10
187.0766
20
57.3043
0
VERTEX
8
CUT
10
187.0494
20
57.2947
0
VERTEX
8
CUT
10
186.9876
20
57.2738
0
VERTEX
8
CUT
10
186.9508
20
57.2622
0
VERTEX
8
CUT
10
186.9354
20
57.2577
0
VERTEX
8
CUT
10
186.9262
20
57.2551
0
VERTEX
8
CUT
10
185.4324
20
56.8378
0
VERTEX
8
CUT
10
185.4184
20
56.8340
0
VERTEX
8
CUT
10
185.3857
20
56.8255
0
VERTEX
8
CUT
10
185.3717
20
56.8219
0
VERTEX
8
CUT
10
185.3545
20
56.8177
0
VERTEX
8
CUT
10
185.3404
20
56.8144
0
VERTEX
8
CUT
10
185.3075
20
56.8069
0
VERTEX
8
CUT
10
185.2933
20
56.8038
0
VERTEX
8
CUT
10
185.2683
20
56.7985
0
VERTEX
8
CUT
10
185.2541
20
56.7956
0
VERTEX
8
CUT
10
185.2209
20
56.7892
0
VERTEX
8
CUT
10
185.2067
20
56.7865
0
VERTEX
8
CUT
10
185.1893
20
56.7834
0
VERTEX
8
CUT
10
185.1750
20
56.7810
0
VERTEX
8
CUT
10
185.1417
20
56.7756
0
VERTEX
8
CUT
10
185.1274
20
56.7734
0
VERTEX
8
CUT
10
183.5520
20
56.5455
0
VERTEX
8
CUT
10
183.5358
20
56.5433
0
VERTEX
8
CUT
10
183.4979
20
56.5385
0
VERTEX
8
CUT
10
183.4816
20
56.5366
0
VERTEX
8
CUT
10
183.4618
20
56.5345
0
VERTEX
8
CUT
10
183.4455
20
56.5329
0
VERTEX
8
CUT
10
183.4074
20
56.5295
0
VERTEX
8
CUT
10
183.3911
20
56.5282
0
VERTEX
8
CUT
10
183.3623
20
56.5261
0
VERTEX
8
CUT
10
183.3459
20
56.5251
0
VERTEX
8
CUT
10
183.3078
20
56.5231
0
VERTEX
8
CUT
10
183.2914
20
56.5224
0
VERTEX
8
CUT
10
183.2715
20
56.5217
0
VERTEX
8
CUT
10
183.2551
20
56.5213
0
VERTEX
8
CUT
10
183.2169
20
56.5207
0
VERTEX
8
CUT
10
183.2005
20
56.5206
0
VERTEX
8
CUT
10
181.6211
20
56.5235
0
VERTEX
8
CUT
10
181.6141
20
56.5236
0
VERTEX
8
CUT
10
181.5979
20
56.5237
0
VERTEX
8
CUT
10
181.5909
20
56.5238
0
VERTEX
8
CUT
10
181.5879
20
56.5239
0
VERTEX
8
CUT
10
181.5606
20
56.5248
0
VERTEX
8
CUT
10
181.4968
20
56.5278
0
VERTEX
8
CUT
10
181.4747
20
56.5292
0
VERTEX
8
CUT
10
181.4400
20
56.5325
0
VERTEX
8
CUT
10
181.3612
20
56.5417
0
VERTEX
8
CUT
10
181.3273
20
56.5463
0
VERTEX
8
CUT
10
179.6761
20
56.8031
0
VERTEX
8
CUT
10
179.6670
20
56.8046
0
VERTEX
8
CUT
10
179.6521
20
56.8071
0
VERTEX
8
CUT
10
179.6163
20
56.8137
0
VERTEX
8
CUT
10
179.5563
20
56.8262
0
VERTEX
8
CUT
10
179.5298
20
56.8321
0
VERTEX
8
CUT
10
179.5270
20
56.8328
0
VERTEX
8
CUT
10
179.5006
20
56.8396
0
VERTEX
8
CUT
10
179.4413
20
56.8557
0
VERTEX
8
CUT
10
179.4064
20
56.8659
0
VERTEX
8
CUT
10
179.3920
20
56.8704
0
VERTEX
8
CUT
10
179.3834
20
56.8732
0
VERTEX
8
CUT
10
176.7961
20
57.7184
0
VERTEX
8
CUT
10
176.7826
20
57.7230
0
VERTEX
8
CUT
10
176.7511
20
57.7338
0
VERTEX
8
CUT
10
176.7376
20
57.7386
0
VERTEX
8
CUT
10
176.7212
20
57.7445
0
VERTEX
8
CUT
10
176.7078
20
57.7495
0
VERTEX
8
CUT
10
176.6766
20
57.7613
0
VERTEX
8
CUT
10
176.6633
20
57.7665
0
VERTEX
8
CUT
10
176.6398
20
57.7759
0
VERTEX
8
CUT
10
176.6266
20
57.7813
0
VERTEX
8
CUT
10
176.5958
20
57.7941
0
VERTEX
8
CUT
10
176.5827
20
57.7997
0
VERTEX
8
CUT
10
176.5667
20
57.8067
0
VERTEX
8
CUT
10
176.5537
20
57.8125
0
VERTEX
8
CUT
10
176.5233
20
57.8263
0
VERTEX
8
CUT
10
176.5103
20
57.8323
0
VERTEX
8
CUT
10
175.0870
20
58.5072
0
VERTEX
8
CUT
10
175.0729
20
58.5141
0
VERTEX
8
CUT
10
175.0402
20
58.5303
0
VERTEX
8
CUT
10
175.0262
20
58.5374
0
VERTEX
8
CUT
10
175.0092
20
58.5462
0
VERTEX
8
CUT
10
174.9953
20
58.5535
0
VERTEX
8
CUT
10
174.9632
20
58.5709
0
VERTEX
8
CUT
10
174.9494
20
58.5785
0
VERTEX
8
CUT
10
174.9253
20
58.5920
0
VERTEX
8
CUT
10
174.9117
20
58.5998
0
VERTEX
8
CUT
10
174.8801
20
58.6183
0
VERTEX
8
CUT
10
174.8667
20
58.6264
0
VERTEX
8
CUT
10
174.8504
20
58.6363
0
VERTEX
8
CUT
10
174.8371
20
58.6446
0
VERTEX
8
CUT
10
174.8062
20
58.6641
0
VERTEX
8
CUT
10
174.7930
20
58.6726
0
VERTEX
8
CUT
10
172.7438
20
60.0214
0
VERTEX
8
CUT
10
172.7377
20
60.0254
0
VERTEX
8
CUT
10
172.7235
20
60.0349
0
VERTEX
8
CUT
10
172.7175
20
60.0390
0
VERTEX
8
CUT
10
172.7149
20
60.0408
0
VERTEX
8
CUT
10
172.6914
20
60.0573
0
VERTEX
8
CUT
10
172.6374
20
60.0968
0
VERTEX
8
CUT
10
172.6188
20
60.1108
0
VERTEX
8
CUT
10
172.5904
20
60.1337
0
VERTEX
8
CUT
10
172.5268
20
60.1875
0
VERTEX
8
CUT
10
172.4999
20
60.2113
0
VERTEX
8
CUT
10
170.2011
20
62.3187
0
VERTEX
8
CUT
10
170.1897
20
62.3294
0
VERTEX
8
CUT
10
170.1633
20
62.3544
0
VERTEX
8
CUT
10
170.1521
20
62.3653
0
VERTEX
8
CUT
10
170.1387
20
62.3784
0
VERTEX
8
CUT
10
170.1277
20
62.3894
0
VERTEX
8
CUT
10
170.1024
20
62.4151
0
VERTEX
8
CUT
10
170.0916
20
62.4263
0
VERTEX
8
CUT
10
170.0727
20
62.4462
0
VERTEX
8
CUT
10
170.0621
20
62.4576
0
VERTEX
8
CUT
10
170.0376
20
62.4842
0
VERTEX
8
CUT
10
170.0272
20
62.4958
0
VERTEX
8
CUT
10
170.0147
20
62.5099
0
VERTEX
8
CUT
10
170.0045
20
62.5217
0
VERTEX
8
CUT
10
169.9809
20
62.5492
0
VERTEX
8
CUT
10
169.9709
20
62.5611
0
VERTEX
8
CUT
10
167.7852
20
65.2058
0
VERTEX
8
CUT
10
167.7765
20
65.2164
0
VERTEX
8
CUT
10
167.7566
20
65.2413
0
VERTEX
8
CUT
10
167.7481
20
65.2520
0
VERTEX
8
CUT
10
167.7378
20
65.2652
0
VERTEX
8
CUT
10
167.7295
20
65.2761
0
VERTEX
8
CUT
10
167.7103
20
65.3016
0
VERTEX
8
CUT
10
167.7022
20
65.3126
0
VERTEX
8
CUT
10
167.6879
20
65.3322
0
VERTEX
8
CUT
10
167.6799
20
65.3433
0
VERTEX
8
CUT
10
167.6615
20
65.3694
0
VERTEX
8
CUT
10
167.6537
20
65.3807
0
VERTEX
8
CUT
10
167.6443
20
65.3945
0
VERTEX
8
CUT
10
167.6367
20
65.4058
0
VERTEX
8
CUT
10
167.6190
20
65.4325
0
VERTEX
8
CUT
10
167.6116
20
65.4439
0
VERTEX
8
CUT
10
166.1000
20
67.8075
0
VERTEX
8
CUT
10
166.0974
20
67.8114
0
VERTEX
8
CUT
10
166.0916
20
67.8208
0
VERTEX
8
CUT
10
166.0890
20
67.8248
0
VERTEX
8
CUT
10
166.0832
20
67.8341
0
VERTEX
8
CUT
10
166.0801
20
67.8391
0
VERTEX
8
CUT
10
166.0729
20
67.8508
0
VERTEX
8
CUT
10
166.0698
20
67.8558
0
VERTEX
8
CUT
10
166.0645
20
67.8646
0
VERTEX
8
CUT
10
166.0615
20
67.8695
0
VERTEX
8
CUT
10
166.0546
20
67.8811
0
VERTEX
8
CUT
10
166.0521
20
67.8854
0
VERTEX
8
CUT
10
166.0464
20
67.8951
0
VERTEX
8
CUT
10
166.0385
20
67.9086
0
VERTEX
8
CUT
10
166.0351
20
67.9146
0
VERTEX
8
CUT
10
162.2592
20
74.5503
0
VERTEX
8
CUT
10
162.2518
20
74.5629
0
VERTEX
8
CUT
10
162.2028
20
74.6442
0
VERTEX
8
CUT
10
162.1952
20
74.6567
0
VERTEX
8
CUT
10
162.1645
20
74.7049
0
VERTEX
8
CUT
10
162.1483
20
74.7291
0
VERTEX
8
CUT
10
162.0402
20
74.8822
0
VERTEX
8
CUT
10
162.0042
20
74.9282
0
VERTEX
8
CUT
10
161.8835
20
75.0681
0
VERTEX
8
CUT
10
161.8432
20
75.1104
0
VERTEX
8
CUT
10
161.7094
20
75.2378
0
VERTEX
8
CUT
10
161.6652
20
75.2760
0
VERTEX
8
CUT
10
161.5196
20
75.3898
0
VERTEX
8
CUT
10
161.4719
20
75.4236
0
VERTEX
8
CUT
10
161.3160
20
75.5227
0
VERTEX
8
CUT
10
161.2652
20
75.5516
0
VERTEX
8
CUT
10
161.1004
20
75.6351
0
VERTEX
8
CUT
10
161.0470
20
75.6589
0
VERTEX
8
CUT
10
160.8748
20
75.7260
0
VERTEX
8
CUT
10
160.8194
20
75.7445
0
VERTEX
8
CUT
10
160.6415
20
75.7945
0
VERTEX
8
CUT
10
160.5846
20
75.8075
0
VERTEX
8
CUT
10
160.4027
20
75.8400
0
VERTEX
8
CUT
10
160.3447
20
75.8474
0
VERTEX
8
CUT
10
160.1605
20
75.8620
0
VERTEX
8
CUT
10
160.1021
20
75.8638
0
VERTEX
8
CUT
10
159.9174
20
75.8604
0
VERTEX
8
CUT
10
159.8591
20
75.8565
0
VERTEX
8
CUT
10
159.6755
20
75.8351
0
VERTEX
8
CUT
10
159.6179
20
75.8255
0
VERTEX
8
CUT
10
159.4373
20
75.7864
0
VERTEX
8
CUT
10
159.3808
20
75.7713
0
VERTEX
8
CUT
10
159.2049
20
75.7148
0
VERTEX
8
CUT
10
159.1502
20
75.6943
0
VERTEX
8
CUT
10
158.9806
20
75.6209
0
VERTEX
8
CUT
10
158.9282
20
75.5951
0
VERTEX
8
CUT
10
158.7665
20
75.5056
0
VERTEX
8
CUT
10
158.7168
20
75.4749
0
VERTEX
8
CUT
10
158.5647
20
75.3701
0
VERTEX
8
CUT
10
158.5182
20
75.3346
0
VERTEX
8
CUT
10
158.3770
20
75.2155
0
VERTEX
8
CUT
10
158.3342
20
75.1757
0
VERTEX
8
CUT
10
158.2052
20
75.0435
0
VERTEX
8
CUT
10
158.1664
20
74.9997
0
VERTEX
8
CUT
10
158.0509
20
74.8555
0
VERTEX
8
CUT
10
158.0166
20
74.8082
0
VERTEX
8
CUT
10
157.9157
20
74.6534
0
VERTEX
8
CUT
10
157.8862
20
74.6030
0
VERTEX
8
CUT
10
157.8008
20
74.4391
0
VERTEX
8
CUT
10
157.7763
20
74.3860
0
VERTEX
8
CUT
10
157.7073
20
74.2147
0
VERTEX
8
CUT
10
157.6881
20
74.1595
0
VERTEX
8
CUT
10
157.6360
20
73.9822
0
VERTEX
8
CUT
10
157.6223
20
73.9254
0
VERTEX
8
CUT
10
157.5877
20
73.7439
0
VERTEX
8
CUT
10
157.5796
20
73.6860
0
SEQEND
0
POLYLINE
8
CUT
66
1
70
1
10
0.0
20
0.0
30
0.0
0
VERTEX
8
CUT
10
175.8438
20
251.1484
0
VERTEX
8
CUT
10
175.8429
20
251.1331
0
VERTEX
8
CUT
10
175.8403
20
251.0733
0
VERTEX
8
CUT
10
175.8398
20
251.0427
0
VERTEX
8
CUT
10
175.8414
20
250.8438
0
VERTEX
8
CUT
10
175.8424
20
250.8132
0
VERTEX
8
CUT
10
175.8459
20
250.7535
0
VERTEX
8
CUT
10
175.8470
20
250.7382
0
VERTEX
8
CUT
10
175.8554
20
250.6391
0
VERTEX
8
CUT
10
175.8569
20
250.6238
0
VERTEX
8
CUT
10
175.9542
20
249.7437
0
VERTEX
8
CUT
10
175.9562
20
249.7280
0
VERTEX
8
CUT
10
175.9701
20
249.6261
0
VERTEX
8
CUT
10
175.9725
20
249.6104
0
VERTEX
8
CUT
10
175.9825
20
249.5495
0
VERTEX
8
CUT
10
175.9885
20
249.5184
0
VERTEX
8
CUT
10
176.0324
20
249.3176
0
VERTEX
8
CUT
10
176.0400
20
249.2869
0
VERTEX
8
CUT
10
176.0564
20
249.2274
0
VERTEX
8
CUT
10
176.0608
20
249.2122
0
VERTEX
8
CUT
10
176.0906
20
249.1138
0
VERTEX
8
CUT
10
176.0954
20
249.0987
0
VERTEX
8
CUT
10
176.3824
20
248.2358
0
VERTEX
8
CUT
10
176.3864
20
248.2240
0
VERTEX
8
CUT
10
176.4136
20
248.1478
0
VERTEX
8
CUT
10
176.4179
20
248.1361
0
VERTEX
8
CUT
10
176.4351
20
248.0906
0
VERTEX
8
CUT
10
176.4444
20
248.0675
0
VERTEX
8
CUT
10
176.5080
20
247.9188
0
VERTEX
8
CUT
10
176.5183
20
247.8961
0
VERTEX
8
CUT
10
176.5392
20
247.8522
0
VERTEX
8
CUT
10
176.5447
20
247.8411
0
VERTEX
8
CUT
10
176.5811
20
247.7688
0
VERTEX
8
CUT
10
176.5868
20
247.7577
0
VERTEX
8
CUT
10
177.0285
20
246.9236
0
VERTEX
8
CUT
10
177.0354
20
246.9111
0
VERTEX
8
CUT
10
177.0808
20
246.8300
0
VERTEX
8
CUT
10
177.0880
20
246.8176
0
VERTEX
8
CUT
10
177.1165
20
246.7695
0
VERTEX
8
CUT
10
177.1316
20
246.7453
0
VERTEX
8
CUT
10
177.2338
20
246.5901
0
VERTEX
8
CUT
10
177.2501
20
246.5666
0
VERTEX
8
CUT
10
177.2830
20
246.5214
0
VERTEX
8
CUT
10
177.2916
20
246.5100
0
VERTEX
8
CUT
10
177.3481
20
246.4362
0
VERTEX
8
CUT
10
177.3570
20
246.4250
0
VERTEX
8
CUT
10
177.9303
20
245.7127
0
VERTEX
8
CUT
10
177.9396
20
245.7014
0
VERTEX
8
CUT
10
178.0011
20
245.6287
0
VERTEX
8
CUT
10
178.0107
20
245.6177
0
VERTEX
8
CUT
10
178.0487
20
245.5749
0
VERTEX
8
CUT
10
178.0687
20
245.5535
0
VERTEX
8
CUT
10
178.2019
20
245.4176
0
VERTEX
8
CUT
10
178.2229
20
245.3972
0
VERTEX
8
CUT
10
178.2649
20
245.3583
0
VERTEX
8
CUT
10
178.2758
20
245.3485
0
VERTEX
8
CUT
10
178.3473
20
245.2856
0
VERTEX
8
CUT
10
178.3584
20
245.2760
0
VERTEX
8
CUT
10
178.9743
20
244.7596
0
VERTEX
8
CUT
10
178.9850
20
244.7509
0
VERTEX
8
CUT
10
179.0549
20
244.6950
0
VERTEX
8
CUT
10
179.0657
20
244.6865
0
VERTEX
8
CUT
10
179.1085
20
244.6539
0
VERTEX
8
CUT
10
179.1308
20
244.6377
0
VERTEX
8
CUT
10
179.2778
20
244.5358
0
VERTEX
8
CUT
10
179.3008
20
244.5206
0
VERTEX
8
CUT
10
179.3464
20
244.4920
0
VERTEX
8
CUT
10
179.3581
20
244.4849
0
VERTEX
8
CUT
10
179.4350
20
244.4391
0
VERTEX
8
CUT
10
179.4470
20
244.4322
0
VERTEX
8
CUT
10
180.2914
20
243.9553
0
VERTEX
8
CUT
10
180.3047
20
243.9480
0
VERTEX
8
CUT
10
180.3912
20
243.9019
0
VERTEX
8
CUT
10
180.4046
20
243.8950
0
VERTEX
8
CUT
10
180.4573
20
243.8687
0
VERTEX
8
CUT
10
180.4846
20
243.8559
0
VERTEX
8
CUT
10
180.6617
20
243.7782
0
VERTEX
8
CUT
10
180.7181
20
243.7567
0
VERTEX
8
CUT
10
180.9021
20
243.6972
0
VERTEX
8
CUT
10
180.9310
20
243.6886
0
VERTEX
8
CUT
10
180.9879
20
243.6734
0
VERTEX
8
CUT
10
181.0025
20
243.6696
0
VERTEX
8
CUT
10
181.0978
20
243.6466
0
VERTEX
8
CUT
10
181.1125
20
243.6432
0
VERTEX
8
CUT
10
181.9426
20
243.4643
0
VERTEX
8
CUT
10
181.9560
20
243.4615
0
VERTEX
8
CUT
10
182.0435
20
243.4448
0
VERTEX
8
CUT
10
182.0570
20
243.4423
0
VERTEX
8
CUT
10
182.1097
20
243.4335
0
VERTEX
8
CUT
10
182.1369
20
243.4295
0
VERTEX
8
CUT
10
182.3136
20
243.4080
0
VERTEX
8
CUT
10
182.3409
20
243.4054
0
VERTEX
8
CUT
10
182.3942
20
243.4013
0
VERTEX
8
CUT
10
182.4079
20
243.4005
0
VERTEX
8
CUT
10
182.4969
20
243.3958
0
VERTEX
8
CUT
10
182.5105
20
243.3952
0
VERTEX
8
CUT
10
184.0489
20
243.3497
0
VERTEX
8
CUT
10
184.0667
20
243.3494
0
VERTEX
8
CUT
10
184.1825
20
243.3494
0
VERTEX
8
CUT
10
184.2003
20
243.3497
0
VERTEX
8
CUT
10
184.3455
20
243.3540
0
VERTEX
8
CUT
10
184.3633
20
243.3548
0
VERTEX
8
CUT
10
184.4789
20
243.3617
0
VERTEX
8
CUT
10
184.4967
20
243.3630
0
VERTEX
8
CUT
10
185.1931
20
243.4253
0
VERTEX
8
CUT
10
185.2113
20
243.4272
0
VERTEX
8
CUT
10
185.3290
20
243.4413
0
VERTEX
8
CUT
10
185.3471
20
243.4438
0
VERTEX
8
CUT
10
185.4174
20
243.4544
0
VERTEX
8
CUT
10
185.4533
20
243.4610
0
VERTEX
8
CUT
10
185.6850
20
243.5106
0
VERTEX
8
CUT
10
185.7204
20
243.5193
0
VERTEX
8
CUT
10
185.7890
20
243.5384
0
VERTEX
8
CUT
10
185.8065
20
243.5435
0
VERTEX
8
CUT
10
185.9197
20
243.5788
0
VERTEX
8
CUT
10
185.9370
20
243.5845
0
VERTEX
8
CUT
10
186.2587
20
243.6956
0
VERTEX
8
CUT
10
186.2753
20
243.7016
0
VERTEX
8
CUT
10
186.3826
20
243.7422
0
VERTEX
8
CUT
10
186.3990
20
243.7487
0
VERTEX
8
CUT
10
186.4626
20
243.7749
0
VERTEX
8
CUT
10
186.4948
20
243.7893
0
VERTEX
8
CUT
10
186.7011
20
243.8890
0
VERTEX
8
CUT
10
186.7324
20
243.9052
0
VERTEX
8
CUT
10
186.7924
20
243.9388
0
VERTEX
8
CUT
10
186.8077
20
243.9476
0
VERTEX
8
CUT
10
186.9062
20
244.0064
0
VERTEX
8
CUT
10
186.9212
20
244.0156
0
VERTEX
8
CUT
10
188.3760
20
244.9434
0
VERTEX
8
CUT
10
188.3878
20
244.9511
0
VERTEX
8
CUT
10
188.4633
20
245.0018
0
VERTEX
8
CUT
10
188.4748
20
245.0097
0
VERTEX
8
CUT
10
188.5195
20
245.0412
0
VERTEX
8
CUT
10
188.5419
20
245.0579
0
VERTEX
8
CUT
10
188.6835
20
245.1680
0
VERTEX
8
CUT
10
188.7260
20
245.2044
0
VERTEX
8
CUT
10
188.8568
20
245.3272
0
VERTEX
8
CUT
10
188.8767
20
245.3468
0
VERTEX
8
CUT
10
188.9147
20
245.3861
0
VERTEX
8
CUT
10
188.9244
20
245.3962
0
VERTEX
8
CUT
10
188.9861
20
245.4630
0
VERTEX
8
CUT
10
188.9955
20
245.4734
0
VERTEX
8
CUT
10
189.7442
20
246.3214
0
VERTEX
8
CUT
10
189.7543
20
246.3332
0
VERTEX
8
CUT
10
189.8192
20
246.4107
0
VERTEX
8
CUT
10
189.8291
20
246.4228
0
VERTEX
8
CUT
10
189.8668
20
246.4703
0
VERTEX
8
CUT
10
189.8856
20
246.4952
0
VERTEX
8
CUT
10
190.0029
20
246.6597
0
VERTEX
8
CUT
10
190.0203
20
246.6854
0
VERTEX
8
CUT
10
190.0529
20
246.7366
0
VERTEX
8
CUT
10
190.0611
20
246.7499
0
VERTEX
8
CUT
10
190.1132
20
246.8365
0
VERTEX
8
CUT
10
190.1211
20
246.8499
0
VERTEX
8
CUT
10
190.3062
20
247.1763
0
VERTEX
8
CUT
10
190.3135
20
247.1896
0
VERTEX
8
CUT
10
190.3601
20
247.2770
0
VERTEX
8
CUT
10
190.3672
20
247.2905
0
VERTEX
8
CUT
10
190.3938
20
247.3437
0
VERTEX
8
CUT
10
190.4068
20
247.3713
0
VERTEX
8
CUT
10
190.4865
20
247.5525
0
VERTEX
8
CUT
10
190.4980
20
247.5807
0
VERTEX
8
CUT
10
190.5192
20
247.6363
0
VERTEX
8
CUT
10
190.5244
20
247.6506
0
VERTEX
8
CUT
10
190.5572
20
247.7440
0
VERTEX
8
CUT
10
190.5621
20
247.7584
0
VERTEX
8
CUT
10
190.9859
20
249.0695
0
VERTEX
8
CUT
10
190.9899
20
249.0822
0
VERTEX
8
CUT
10
191.0146
20
249.1649
0
VERTEX
8
CUT
10
191.0183
20
249.1777
0
VERTEX
8
CUT
10
191.0320
20
249.2278
0
VERTEX
8
CUT
10
191.0385
20
249.2535
0
VERTEX
8
CUT
10
191.0769
20
249.4219
0
VERTEX
8
CUT
10
191.0822
20
249.4479
0
VERTEX
8
CUT
10
191.0915
20
249.4990
0
VERTEX
8
CUT
10
191.0937
20
249.5121
0
VERTEX
8
CUT
10
191.1073
20
249.5974
0
VERTEX
8
CUT
10
191.1092
20
249.6105
0
VERTEX
8
CUT
10
191.1899
20
250.2022
0
VERTEX
8
CUT
10
191.1920
20
250.2199
0
VERTEX
8
CUT
10
191.2043
20
250.3356
0
VERTEX
8
CUT
10
191.2059
20
250.3534
0
VERTEX
8
CUT
10
191.2170
20
250.4989
0
VERTEX
8
CUT
10
191.2181
20
250.5167
0
VERTEX
8
CUT
10
191.2234
20
250.6328
0
VERTEX
8
CUT
10
191.2240
20
250.6507
0
VERTEX
8
CUT
10
191.2370
20
251.4556
0
VERTEX
8
CUT
10
191.2371
20
251.4701
0
VERTEX
8
CUT
10
191.2363
20
251.5641
0
VERTEX
8
CUT
10
191.2361
20
251.5786
0
VERTEX
8
CUT
10
191.2342
20
251.6351
0
VERTEX
8
CUT
10
191.2326
20
251.6640
0
VERTEX
8
CUT
10
191.2177
20
251.8489
0
VERTEX
8
CUT
10
191.2103
20
251.9063
0
VERTEX
8
CUT
10
191.1777
20
252.0889
0
VERTEX
8
CUT
10
191.1719
20
252.1173
0
VERTEX
8
CUT
10
191.1593
20
252.1724
0
VERTEX
8
CUT
10
191.1559
20
252.1864
0
VERTEX
8
CUT
10
191.1327
20
252.2776
0
VERTEX
8
CUT
10
191.1290
20
252.2916
0
VERTEX
8
CUT
10
190.8825
20
253.1711
0
VERTEX
8
CUT
10
190.8781
20
253.1858
0
VERTEX
8
CUT
10
190.8488
20
253.2810
0
VERTEX
8
CUT
10
190.8441
20
253.2955
0
VERTEX
8
CUT
10
190.8251
20
253.3522
0
VERTEX
8
CUT
10
190.8146
20
253.3810
0
VERTEX
8
CUT
10
190.7416
20
253.5661
0
VERTEX
8
CUT
10
190.7297
20
253.5943
0
VERTEX
8
CUT
10
190.7049
20
253.6488
0
VERTEX
8
CUT
10
190.6984
20
253.6626
0
VERTEX
8
CUT
10
190.6549
20
253.7522
0
VERTEX
8
CUT
10
190.6481
20
253.7659
0
VERTEX
8
CUT
10
190.0216
20
254.9766
0
VERTEX
8
CUT
10
190.0150
20
254.9889
0
VERTEX
8
CUT
10
189.9714
20
255.0686
0
VERTEX
8
CUT
10
189.9645
20
255.0808
0
VERTEX
8
CUT
10
189.9372
20
255.1280
0
VERTEX
8
CUT
10
189.9227
20
255.1519
0
VERTEX
8
CUT
10
189.8246
20
255.3047
0
VERTEX
8
CUT
10
189.8089
20
255.3279
0
VERTEX
8
CUT
10
189.7773
20
255.3724
0
VERTEX
8
CUT
10
189.7691
20
255.3837
0
VERTEX
8
CUT
10
189.7148
20
255.4565
0
VERTEX
8
CUT
10
189.7064
20
255.4676
0
VERTEX
8
CUT
10
189.2388
20
256.0653
0
VERTEX
8
CUT
10
189.2260
20
256.0811
0
VERTEX
8
CUT
10
189.1411
20
256.1823
0
VERTEX
8
CUT
10
189.1278
20
256.1977
0
VERTEX
8
CUT
10
189.0170
20
256.3210
0
VERTEX
8
CUT
10
189.0031
20
256.3359
0
VERTEX
8
CUT
10
188.9116
20
256.4312
0
VERTEX
8
CUT
10
188.8972
20
256.4456
0
VERTEX
8
CUT
10
188.3542
20
256.9736
0
VERTEX
8
CUT
10
188.3434
20
256.9839
0
VERTEX
8
CUT
10
188.2724
20
257.0496
0
VERTEX
8
CUT
10
188.2613
20
257.0595
0
VERTEX
8
CUT
10
188.2177
20
257.0979
0
VERTEX
8
CUT
10
188.1949
20
257.1170
0
VERTEX
8
CUT
10
188.0436
20
257.2374
0
VERTEX
8
CUT
10
188.0199
20
257.2553
0
VERTEX
8
CUT
10
187.9727
20
257.2892
0
VERTEX
8
CUT
10
187.9605
20
257.2977
0
VERTEX
8
CUT
10
187.8805
20
257.3522
0
VERTEX
8
CUT
10
187.8681
20
257.3604
0
VERTEX
8
CUT
10
187.2804
20
257.7395
0
VERTEX
8
CUT
10
187.2700
20
257.7461
0
VERTEX
8
CUT
10
187.2020
20
257.7880
0
VERTEX
8
CUT
10
187.1915
20
257.7943
0
VERTEX
8
CUT
10
187.1500
20
257.8187
0
VERTEX
8
CUT
10
187.1286
20
257.8307
0
VERTEX
8
CUT
10
186.9877
20
257.9061
0
VERTEX
8
CUT
10
186.9658
20
257.9172
0
VERTEX
8
CUT
10
186.9225
20
257.9381
0
VERTEX
8
CUT
10
186.9114
20
257.9433
0
VERTEX
8
CUT
10
186.8388
20
257.9766
0
VERTEX
8
CUT
10
186.8275
20
257.9816
0
VERTEX
8
CUT
10
186.2527
20
258.2307
0
VERTEX
8
CUT
10
186.2407
20
258.2358
0
VERTEX
8
CUT
10
186.1623
20
258.2678
0
VERTEX
8
CUT
10
186.1502
20
258.2726
0
VERTEX
8
CUT
10
186.1026
20
258.2908
0
VERTEX
8
CUT
10
186.0781
20
258.2995
0
VERTEX
8
CUT
10
185.9195
20
258.3524
0
VERTEX
8
CUT
10
185.8694
20
258.3668
0
VERTEX
8
CUT
10
185.7069
20
258.4057
0
VERTEX
8
CUT
10
185.6814
20
258.4112
0
VERTEX
8
CUT
10
185.6314
20
258.4209
0
VERTEX
8
CUT
10
185.6186
20
258.4233
0
VERTEX
8
CUT
10
185.5351
20
258.4376
0
VERTEX
8
CUT
10
185.5223
20
258.4397
0
VERTEX
8
CUT
10
183.8843
20
258.6843
0
VERTEX
8
CUT
10
183.8716
20
258.6861
0
VERTEX
8
CUT
10
183.7892
20
258.6966
0
VERTEX
8
CUT
10
183.7765
20
258.6981
0
VERTEX
8
CUT
10
183.7268
20
258.7034
0
VERTEX
8
CUT
10
183.7013
20
258.7055
0
VERTEX
8
CUT
10
183.5377
20
258.7158
0
VERTEX
8
CUT
10
183.4865
20
258.7169
0
VERTEX
8
CUT
10
183.3226
20
258.7132
0
VERTEX
8
CUT
10
183.2971
20
258.7121
0
VERTEX
8
CUT
10
183.2472
20
258.7089
0
VERTEX
8
CUT
10
183.2345
20
258.7079
0
VERTEX
8
CUT
10
183.1516
20
258.7008
0
VERTEX
8
CUT
10
183.1389
20
258.6995
0
VERTEX
8
CUT
10
182.5426
20
258.6352
0
VERTEX
8
CUT
10
182.5270
20
258.6333
0
VERTEX
8
CUT
10
182.4263
20
258.6197
0
VERTEX
8
CUT
10
182.4108
20
258.6175
0
VERTEX
8
CUT
10
182.3505
20
258.6077
0
VERTEX
8
CUT
10
182.3198
20
258.6020
0
VERTEX
8
CUT
10
182.1212
20
258.5593
0
VERTEX
8
CUT
10
182.0908
20
258.5519
0
VERTEX
8
CUT
10
182.0318
20
258.5360
0
VERTEX
8
CUT
10
182.0168
20
258.5317
0
VERTEX
8
CUT
10
181.9194
20
258.5026
0
VERTEX
8
CUT
10
181.9044
20
258.4979
0
VERTEX
8
CUT
10
180.9387
20
258.1821
0
VERTEX
8
CUT
10
180.9254
20
258.1776
0
VERTEX
8
CUT
10
180.8392
20
258.1472
0
VERTEX
8
CUT
10
180.8260
20
258.1423
0
VERTEX
8
CUT
10
180.7747
20
258.1228
0
VERTEX
8
CUT
10
180.7486
20
258.1122
0
VERTEX
8
CUT
10
180.5811
20
258.0395
0
VERTEX
8
CUT
10
180.5556
20
258.0277
0
VERTEX
8
CUT
10
180.5063
20
258.0035
0
VERTEX
8
CUT
10
180.4938
20
257.9971
0
VERTEX
8
CUT
10
180.4128
20
257.9549
0
VERTEX
8
CUT
10
180.4004
20
257.9483
0
VERTEX
8
CUT
10
179.5130
20
257.4594
0
VERTEX
8
CUT
10
179.5014
20
257.4529
0
VERTEX
8
CUT
10
179.4266
20
257.4095
0
VERTEX
8
CUT
10
179.4151
20
257.4027
0
VERTEX
8
CUT
10
179.3708
20
257.3756
0
VERTEX
8
CUT
10
179.3484
20
257.3612
0
VERTEX
8
CUT
10
179.2049
20
257.2647
0
VERTEX
8
CUT
10
179.1832
20
257.2494
0
VERTEX
8
CUT
10
179.1414
20
257.2185
0
VERTEX
8
CUT
10
179.1308
20
257.2105
0
VERTEX
8
CUT
10
179.0624
20
257.1575
0
VERTEX
8
CUT
10
179.0520
20
257.1493
0
VERTEX
8
CUT
10
178.3371
20
256.5701
0
VERTEX
8
CUT
10
178.3251
20
256.5601
0
VERTEX
8
CUT
10
178.2476
20
256.4939
0
VERTEX
8
CUT
10
178.2358
20
256.4836
0
VERTEX
8
CUT
10
178.1903
20
256.4426
0
VERTEX
8
CUT
10
178.1676
20
256.4210
0
VERTEX
8
CUT
10
178.0236
20
256.2771
0
VERTEX
8
CUT
10
178.0020
20
256.2543
0
VERTEX
8
CUT
10
177.9611
20
256.2088
0
VERTEX
8
CUT
10
177.9508
20
256.1971
0
VERTEX
8
CUT
10
177.8846
20
256.1196
0
VERTEX
8
CUT
10
177.8746
20
256.1076
0
VERTEX
8
CUT
10
177.3017
20
255.4003
0
VERTEX
8
CUT
10
177.2932
20
255.3896
0
VERTEX
8
CUT
10
177.2386
20
255.3189
0
VERTEX
8
CUT
10
177.2303
20
255.3080
0
VERTEX
8
CUT
10
177.1984
20
255.2648
0
VERTEX
8
CUT
10
177.1827
20
255.2423
0
VERTEX
8
CUT
10
177.0835
20
255.0939
0
VERTEX
8
CUT
10
177.0687
20
255.0707
0
VERTEX
8
CUT
10
177.0410
20
255.0248
0
VERTEX
8
CUT
10
177.0340
20
255.0129
0
VERTEX
8
CUT
10
176.9896
20
254.9355
0
VERTEX
8
CUT
10
176.9829
20
254.9235
0
VERTEX
8
CUT
10
176.5594
20
254.1441
0
VERTEX
8
CUT
10
176.5526
20
254.1312
0
VERTEX
8
CUT
10
176.5096
20
254.0471
0
VERTEX
8
CUT
10
176.5031
20
254.0341
0
VERTEX
8
CUT
10
176.4784
20
253.9829
0
VERTEX
8
CUT
10
176.4664
20
253.9564
0
VERTEX
8
CUT
10
176.3927
20
253.7825
0
VERTEX
8
CUT
10
176.3820
20
253.7554
0
VERTEX
8
CUT
10
176.3625
20
253.7021
0
VERTEX
8
CUT
10
176.3576
20
253.6884
0
VERTEX
8
CUT
10
176.3272
20
253.5990
0
VERTEX
8
CUT
10
176.3226
20
253.5851
0
VERTEX
8
CUT
10
176.0614
20
252.7517
0
VERTEX
8
CUT
10
176.0569
20
252.7366
0
VERTEX
8
CUT
10
176.0288
20
252.6383
0
VERTEX
8
CUT
10
176.0247
20
252.6232
0
VERTEX
8
CUT
10
176.0095
20
252.5637
0
VERTEX
8
CUT
10
176.0024
20
252.5331
0
VERTEX
8
CUT
10
175.9621
20
252.3328
0
VERTEX
8
CUT
10
175.9567
20
252.3019
0
VERTEX
8
CUT
10
175.9477
20
252.2412
0
VERTEX
8
CUT
10
175.9456
20
252.2256
0
VERTEX
8
CUT
10
175.9334
20
252.1241
0
VERTEX
8
CUT
10
175.9317
20
252.1085
0
VERTEX
8
CUT
10
175.8518
20
251.2629
0
VERTEX
8
CUT
10
175.8506
20
251.2477
0
SEQEND
0
POLYLINE
8
CUT
66
1
70
1
10
0.0
20
0.0
30
0.0
0
VERTEX
8
CUT
10
90.4696
20
149.9054
0
VERTEX
8
CUT
10
90.4696
20
149.8456
0
VERTEX
8
CUT
10
90.4793
20
149.6567
0
VERTEX
8
CUT
10
90.4853
20
149.5972
0
VERTEX
8
CUT
10
90.5137
20
149.4102
0
VERTEX
8
CUT
10
90.5256
20
149.3516
0
VERTEX
8
CUT
10
90.5725
20
149.1684
0
VERTEX
8
CUT
10
90.5902
20
149.1112
0
VERTEX
8
CUT
10
90.6551
20
148.9336
0
VERTEX
8
CUT
10
90.6784
20
148.8785
0
VERTEX
8
CUT
10
90.7618
20
148.7058
0
VERTEX
8
CUT
10
90.7755
20
148.6792
0
VERTEX
8
CUT
10
90.8035
20
148.6279
0
VERTEX
8
CUT
10
90.8108
20
148.6149
0
VERTEX
8
CUT
10
90.8595
20
148.5307
0
VERTEX
8
CUT
10
90.8672
20
148.5179
0
VERTEX
8
CUT
10
90.9203
20
148.4312
0
VERTEX
8
CUT
10
90.9233
20
148.4262
0
VERTEX
8
CUT
10
90.9303
20
148.4146
0
VERTEX
8
CUT
10
90.9333
20
148.4097
0
VERTEX
8
CUT
10
90.9402
20
148.3980
0
VERTEX
8
CUT
10
90.9439
20
148.3918
0
VERTEX
8
CUT
10
90.9524
20
148.3773
0
VERTEX
8
CUT
10
90.9560
20
148.3710
0
VERTEX
8
CUT
10
90.9623
20
148.3600
0
VERTEX
8
CUT
10
90.9658
20
148.3539
0
VERTEX
8
CUT
10
90.9739
20
148.3396
0
VERTEX
8
CUT
10
90.9773
20
148.3334
0
VERTEX
8
CUT
10
90.9792
20
148.3300
0
VERTEX
8
CUT
10
90.9833
20
148.3226
0
VERTEX
8
CUT
10
90.9926
20
148.3052
0
VERTEX
8
CUT
10
90.9966
20
148.2977
0
VERTEX
8
CUT
10
97.3716
20
136.2392
0
VERTEX
8
CUT
10
97.3786
20
136.2264
0
VERTEX
8
CUT
10
97.4249
20
136.1437
0
VERTEX
8
CUT
10
97.4322
20
136.1310
0
VERTEX
8
CUT
10
97.4612
20
136.0820
0
VERTEX
8
CUT
10
97.4767
20
136.0573
0
VERTEX
8
CUT
10
97.5798
20
135.9013
0
VERTEX
8
CUT
10
97.6142
20
135.8542
0
VERTEX
8
CUT
10
97.7303
20
135.7109
0
VERTEX
8
CUT
10
97.7692
20
135.6674
0
VERTEX
8
CUT
10
97.8987
20
135.5360
0
VERTEX
8
CUT
10
97.9416
20
135.4965
0
VERTEX
8
CUT
10
98.0832
20
135.3783
0
VERTEX
8
CUT
10
98.1298
20
135.3432
0
VERTEX
8
CUT
10
98.2822
20
135.2393
0
VERTEX
8
CUT
10
98.3319
20
135.2089
0
VERTEX
8
CUT
10
98.4959
20
135.1191
0
VERTEX
8
CUT
10
98.5219
20
135.1057
0
VERTEX
8
CUT
10
98.5302
20
135.1016
0
VERTEX
8
CUT
10
98.6235
20
135.0563
0
VERTEX
8
CUT
10
98.7012
20
135.0136
0
VERTEX
8
CUT
10
98.7513
20
134.9828
0
VERTEX
8
CUT
10
98.8243
20
134.9328
0
VERTEX
8
CUT
10
98.8712
20
134.8972
0
VERTEX
8
CUT
10
98.9390
20
134.8403
0
VERTEX
8
CUT
10
98.9821
20
134.8002
0
VERTEX
8
CUT
10
99.0440
20
134.7370
0
VERTEX
8
CUT
10
99.0830
20
134.6928
0
VERTEX
8
CUT
10
99.1383
20
134.6238
0
VERTEX
8
CUT
10
99.1728
20
134.5761
0
VERTEX
8
CUT
10
99.2211
20
134.5019
0
VERTEX
8
CUT
10
99.2508
20
134.4510
0
VERTEX
8
CUT
10
99.2915
20
134.3725
0
VERTEX
8
CUT
10
99.3160
20
134.3189
0
VERTEX
8
CUT
10
99.3489
20
134.2368
0
VERTEX
8
CUT
10
99.3680
20
134.1811
0
VERTEX
8
CUT
10
99.3926
20
134.0961
0
VERTEX
8
CUT
10
99.4062
20
134.0388
0
VERTEX
8
CUT
10
99.4224
20
133.9518
0
VERTEX
8
CUT
10
99.4303
20
133.8934
0
VERTEX
8
CUT
10
99.4378
20
133.8053
0
VERTEX
8
CUT
10
99.4399
20
133.7464
0
VERTEX
8
CUT
10
99.4388
20
133.6579
0
VERTEX
8
CUT
10
99.4337
20
133.5770
0
VERTEX
8
CUT
10
99.4299
20
133.5329
0
VERTEX
8
CUT
10
99.4183
20
133.4301
0
VERTEX
8
CUT
10
99.4147
20
133.3714
0
VERTEX
8
CUT
10
99.4122
20
133.1855
0
VERTEX
8
CUT
10
99.4142
20
133.1267
0
VERTEX
8
CUT
10
99.4299
20
132.9415
0
VERTEX
8
CUT
10
99.4378
20
132.8832
0
VERTEX
8
CUT
10
99.4715
20
132.7004
0
VERTEX
8
CUT
10
99.4850
20
132.6432
0
VERTEX
8
CUT
10
99.5365
20
132.4645
0
VERTEX
8
CUT
10
99.5556
20
132.4089
0
VERTEX
8
CUT
10
99.6243
20
132.2362
0
VERTEX
8
CUT
10
99.6487
20
132.1827
0
VERTEX
8
CUT
10
99.7352
20
132.0152
0
VERTEX
8
CUT
10
99.7493
20
131.9894
0
VERTEX
8
CUT
10
99.7781
20
131.9397
0
VERTEX
8
CUT
10
99.7857
20
131.9271
0
VERTEX
8
CUT
10
99.8356
20
131.8456
0
VERTEX
8
CUT
10
99.8435
20
131.8332
0
VERTEX
8
CUT
10
100.6360
20
130.6097
0
VERTEX
8
CUT
10
100.6419
20
130.6008
0
VERTEX
8
CUT
10
100.6836
20
130.5388
0
VERTEX
8
CUT
10
100.6899
20
130.5296
0
VERTEX
8
CUT
10
100.7180
20
130.4895
0
VERTEX
8
CUT
10
100.7319
20
130.4704
0
VERTEX
8
CUT
10
100.8211
20
130.3533
0
VERTEX
8
CUT
10
100.8352
20
130.3355
0
VERTEX
8
CUT
10
100.8602
20
130.3051
0
VERTEX
8
CUT
10
100.8671
20
130.2969
0
VERTEX
8
CUT
10
100.9150
20
130.2407
0
VERTEX
8
CUT
10
100.9229
20
130.2316
0
VERTEX
8
CUT
10
104.1257
20
126.6254
0
VERTEX
8
CUT
10
104.1364
20
126.6136
0
VERTEX
8
CUT
10
104.2068
20
126.5385
0
VERTEX
8
CUT
10
104.2178
20
126.5271
0
VERTEX
8
CUT
10
104.3086
20
126.4351
0
VERTEX
8
CUT
10
104.3199
20
126.4240
0
VERTEX
8
CUT
10
104.3941
20
126.3526
0
VERTEX
8
CUT
10
104.4057
20
126.3418
0
VERTEX
8
CUT
10
106.7372
20
124.2175
0
VERTEX
8
CUT
10
106.7491
20
124.2070
0
VERTEX
8
CUT
10
106.8271
20
124.1396
0
VERTEX
8
CUT
10
106.8393
20
124.1293
0
VERTEX
8
CUT
10
106.9394
20
124.0474
0
VERTEX
8
CUT
10
106.9518
20
124.0375
0
VERTEX
8
CUT
10
107.0333
20
123.9743
0
VERTEX
8
CUT
10
107.0460
20
123.9647
0
VERTEX
8
CUT
10
109.1107
20
122.4494
0
VERTEX
8
CUT
10
109.1251
20
122.4391
0
VERTEX
8
CUT
10
109.2200
20
122.3736
0
VERTEX
8
CUT
10
109.2348
20
122.3638
0
VERTEX
8
CUT
10
109.3563
20
122.2852
0
VERTEX
8
CUT
10
109.3713
20
122.2758
0
VERTEX
8
CUT
10
109.4699
20
122.2161
0
VERTEX
8
CUT
10
109.4852
20
122.2072
0
VERTEX
8
CUT
10
111.3027
20
121.1788
0
VERTEX
8
CUT
10
111.3155
20
121.1718
0
VERTEX
8
CUT
10
111.3990
20
121.1272
0
VERTEX
8
CUT
10
111.4119
20
121.1205
0
VERTEX
8
CUT
10
111.5180
20
121.0671
0
VERTEX
8
CUT
10
111.5311
20
121.0607
0
VERTEX
8
CUT
10
111.6167
20
121.0202
0
VERTEX
8
CUT
10
111.6299
20
121.0141
0
VERTEX
8
CUT
10
113.5323
20
120.1696
0
VERTEX
8
CUT
10
113.5498
20
120.1622
0
VERTEX
8
CUT
10
113.6643
20
120.1156
0
VERTEX
8
CUT
10
113.6821
20
120.1087
0
VERTEX
8
CUT
10
113.8276
20
120.0549
0
VERTEX
8
CUT
10
113.8455
20
120.0486
0
VERTEX
8
CUT
10
113.9628
20
120.0094
0
VERTEX
8
CUT
10
113.9809
20
120.0036
0
VERTEX
8
CUT
10
118.2216
20
118.7338
0
VERTEX
8
CUT
10
118.2349
20
118.7300
0
VERTEX
8
CUT
10
118.3214
20
118.7062
0
VERTEX
8
CUT
10
118.3348
20
118.7027
0
VERTEX
8
CUT
10
118.3871
20
118.6896
0
VERTEX
8
CUT
10
118.4140
20
118.6835
0
VERTEX
8
CUT
10
118.5899
20
118.6481
0
VERTEX
8
CUT
10
118.6171
20
118.6433
0
VERTEX
8
CUT
10
118.6704
20
118.6350
0
VERTEX
8
CUT
10
118.6840
20
118.6331
0
VERTEX
8
CUT
10
118.7730
20
118.6215
0
VERTEX
8
CUT
10
118.7867
20
118.6198
0
VERTEX
8
CUT
10
123.0991
20
118.1573
0
VERTEX
8
CUT
10
123.1132
20
118.1560
0
VERTEX
8
CUT
10
123.2048
20
118.1483
0
VERTEX
8
CUT
10
123.2190
20
118.1473
0
VERTEX
8
CUT
10
123.2742
20
118.1440
0
VERTEX
8
CUT
10
123.3024
20
118.1430
0
VERTEX
8
CUT
10
123.4863
20
118.1407
0
VERTEX
8
CUT
10
123.5146
20
118.1410
0
VERTEX
8
CUT
10
123.5699
20
118.1429
0
VERTEX
8
CUT
10
123.5840
20
118.1436
0
VERTEX
8
CUT
10
123.6759
20
118.1490
0
VERTEX
8
CUT
10
123.6900
20
118.1500
0
VERTEX
8
CUT
10
128.0254
20
118.5058
0
VERTEX
8
CUT
10
128.0467
20
118.5079
0
VERTEX
8
CUT
10
128.1854
20
118.5243
0
VERTEX
8
CUT
10
128.2067
20
118.5272
0
VERTEX
8
CUT
10
128.3797
20
118.5540
0
VERTEX
8
CUT
10
128.4009
20
118.5577
0
VERTEX
8
CUT
10
128.5380
20
118.5840
0
VERTEX
8
CUT
10
128.5590
20
118.5884
0
VERTEX
8
CUT
10
131.6562
20
119.2977
0
VERTEX
8
CUT
10
131.6703
20
119.3011
0
VERTEX
8
CUT
10
131.7615
20
119.3243
0
VERTEX
8
CUT
10
131.7755
20
119.3280
0
VERTEX
8
CUT
10
131.8892
20
119.3599
0
VERTEX
8
CUT
10
131.9031
20
119.3640
0
VERTEX
8
CUT
10
131.9931
20
119.3916
0
VERTEX
8
CUT
10
132.0069
20
119.3960
0
VERTEX
8
CUT
10
133.3276
20
119.8361
0
VERTEX
8
CUT
10
133.3419
20
119.8411
0
VERTEX
8
CUT
10
133.4343
20
119.8745
0
VERTEX
8
CUT
10
133.4485
20
119.8798
0
VERTEX
8
CUT
10
133.5634
20
119.9247
0
VERTEX
8
CUT
10
133.5775
20
119.9303
0
VERTEX
8
CUT
10
133.6681
20
119.9684
0
VERTEX
8
CUT
10
133.6820
20
119.9744
0
VERTEX
8
CUT
10
136.7048
20
121.3333
0
VERTEX
8
CUT
10
136.7224
20
121.3416
0
VERTEX
8
CUT
10
136.8354
20
121.3968
0
VERTEX
8
CUT
10
136.8526
20
121.4056
0
VERTEX
8
CUT
10
136.9921
20
121.4795
0
VERTEX
8
CUT
10
137.0091
20
121.4888
0
VERTEX
8
CUT
10
137.1183
20
121.5512
0
VERTEX
8
CUT
10
137.1349
20
121.5611
0
VERTEX
8
CUT
10
146.8627
20
127.5459
0
VERTEX
8
CUT
10
146.8710
20
127.5509
0
VERTEX
8
CUT
10
146.8905
20
127.5626
0
VERTEX
8
CUT
10
146.8989
20
127.5676
0
VERTEX
8
CUT
10
146.9091
20
127.5736
0
VERTEX
8
CUT
10
146.9176
20
127.5785
0
VERTEX
8
CUT
10
146.9373
20
127.5898
0
VERTEX
8
CUT
10
146.9458
20
127.5945
0
VERTEX
8
CUT
10
146.9609
20
127.6029
0
VERTEX
8
CUT
10
146.9694
20
127.6076
0
VERTEX
8
CUT
10
146.9894
20
127.6185
0
VERTEX
8
CUT
10
146.9979
20
127.6231
0
VERTEX
8
CUT
10
147.0085
20
127.6286
0
VERTEX
8
CUT
10
147.0171
20
127.6332
0
VERTEX
8
CUT
10
147.0373
20
127.6436
0
VERTEX
8
CUT
10
147.0460
20
127.6480
0
VERTEX
8
CUT
10
147.8441
20
128.0484
0
VERTEX
8
CUT
10
147.8569
20
128.0550
0
VERTEX
8
CUT
10
147.9396
20
128.0990
0
VERTEX
8
CUT
10
147.9522
20
128.1059
0
VERTEX
8
CUT
10
148.0013
20
128.1335
0
VERTEX
8
CUT
10
148.0260
20
128.1483
0
VERTEX
8
CUT
10
148.1824
20
128.2465
0
VERTEX
8
CUT
10
148.2296
20
128.2795
0
VERTEX
8
CUT
10
148.3739
20
128.3908
0
VERTEX
8
CUT
10
148.4178
20
128.4281
0
VERTEX
8
CUT
10
148.5506
20
128.5527
0
VERTEX
8
CUT
10
148.5907
20
128.5941
0
VERTEX
8
CUT
10
148.7111
20
128.7308
0
VERTEX
8
CUT
10
148.7470
20
128.7759
0
VERTEX
8
CUT
10
148.8537
20
128.9236
0
VERTEX
8
CUT
10
148.8851
20
128.9718
0
VERTEX
8
CUT
10
148.9771
20
129.1291
0
VERTEX
8
CUT
10
149.0038
20
129.1801
0
VERTEX
8
CUT
10
149.0803
20
129.3455
0
VERTEX
8
CUT
10
149.1019
20
129.3988
0
VERTEX
8
CUT
10
149.1622
20
129.5707
0
VERTEX
8
CUT
10
149.1787
20
129.6260
0
VERTEX
8
CUT
10
149.2222
20
129.8029
0
VERTEX
8
CUT
10
149.2332
20
129.8594
0
VERTEX
8
CUT
10
149.2596
20
130.0396
0
VERTEX
8
CUT
10
149.2652
20
130.0970
0
VERTEX
8
CUT
10
149.2741
20
130.2789
0
VERTEX
8
CUT
10
149.2742
20
130.3366
0
VERTEX
8
CUT
10
149.2656
20
130.5185
0
VERTEX
8
CUT
10
149.2602
20
130.5759
0
VERTEX
8
CUT
10
149.2342
20
130.7562
0
VERTEX
8
CUT
10
149.2233
20
130.8127
0
VERTEX
8
CUT
10
149.1801
20
130.9897
0
VERTEX
8
CUT
10
149.1638
20
131.0450
0
VERTEX
8
CUT
10
149.1039
20
131.2170
0
VERTEX
8
CUT
10
149.0824
20
131.2705
0
VERTEX
8
CUT
10
149.0062
20
131.4359
0
VERTEX
8
CUT
10
148.9796
20
131.4871
0
VERTEX
8
CUT
10
148.8880
20
131.6445
0
VERTEX
8
CUT
10
148.8566
20
131.6928
0
VERTEX
8
CUT
10
148.7503
20
131.8407
0
VERTEX
8
CUT
10
148.7144
20
131.8858
0
VERTEX
8
CUT
10
148.5944
20
132.0229
0
VERTEX
8
CUT
10
148.5544
20
132.0643
0
VERTEX
8
CUT
10
148.4218
20
132.1892
0
VERTEX
8
CUT
10
148.3780
20
132.2267
0
VERTEX
8
CUT
10
148.2340
20
132.3382
0
VERTEX
8
CUT
10
148.1868
20
132.3713
0
VERTEX
8
CUT
10
148.0307
20
132.4699
0
VERTEX
8
CUT
10
148.0059
20
132.4847
0
VERTEX
8
CUT
10
147.9570
20
132.5124
0
VERTEX
8
CUT
10
147.9443
20
132.5194
0
VERTEX
8
CUT
10
147.8618
20
132.5635
0
VERTEX
8
CUT
10
147.8490
20
132.5702
0
VERTEX
8
CUT
10
145.6320
20
133.6883
0
VERTEX
8
CUT
10
145.6187
20
133.6951
0
VERTEX
8
CUT
10
145.5879
20
133.7113
0
VERTEX
8
CUT
10
145.5748
20
133.7184
0
VERTEX
8
CUT
10
145.5588
20
133.7271
0
VERTEX
8
CUT
10
145.5458
20
133.7343
0
VERTEX
8
CUT
10
145.5156
20
133.7515
0
VERTEX
8
CUT
10
145.5027
20
133.7590
0
VERTEX
8
CUT
10
145.4800
20
133.7724
0
VERTEX
8
CUT
10
145.4672
20
133.7801
0
VERTEX
8
CUT
10
145.4375
20
133.7983
0
VERTEX
8
CUT
10
145.4249
20
133.8062
0
VERTEX
8
CUT
10
145.4096
20
133.8159
0
VERTEX
8
CUT
10
145.3970
20
133.8240
0
VERTEX
8
CUT
10
145.3680
20
133.8432
0
VERTEX
8
CUT
10
145.3556
20
133.8515
0
VERTEX
8
CUT
10
142.2355
20
135.9845
0
VERTEX
8
CUT
10
142.2252
20
135.9916
0
VERTEX
8
CUT
10
142.2015
20
136.0083
0
VERTEX
8
CUT
10
142.1914
20
136.0156
0
VERTEX
8
CUT
10
142.1791
20
136.0245
0
VERTEX
8
CUT
10
142.1691
20
136.0319
0
VERTEX
8
CUT
10
142.1458
20
136.0492
0
VERTEX
8
CUT
10
142.1359
20
136.0567
0
VERTEX
8
CUT
10
142.1184
20
136.0702
0
VERTEX
8
CUT
10
142.1086
20
136.0778
0
VERTEX
8
CUT
10
142.0858
20
136.0958
0
VERTEX
8
CUT
10
142.0761
20
136.1036
0
VERTEX
8
CUT
10
142.0643
20
136.1132
0
VERTEX
8
CUT
10
142.0547
20
136.1211
0
VERTEX
8
CUT
10
142.0324
20
136.1397
0
VERTEX
8
CUT
10
142.0229
20
136.1478
0
VERTEX
8
CUT
10
138.3676
20
139.2915
0
VERTEX
8
CUT
10
138.3582
20
139.2996
0
VERTEX
8
CUT
10
138.3487
20
139.3079
0
VERTEX
8
CUT
10
138.3454
20
139.3108
0
VERTEX
8
CUT
10
138.3374
20
139.3178
0
VERTEX
8
CUT
10
138.3340
20
139.3208
0
VERTEX
8
CUT
10
138.3284
20
139.3258
0
VERTEX
8
CUT
10
138.3171
20
139.3361
0
VERTEX
8
CUT
10
138.3114
20
139.3412
0
VERTEX
8
CUT
10
138.3078
20
139.3445
0
VERTEX
8
CUT
10
138.2988
20
139.3528
0
VERTEX
8
CUT
10
138.2949
20
139.3564
0
VERTEX
8
CUT
10
137.9243
20
139.7018
0
VERTEX
8
CUT
10
137.9133
20
139.7118
0
VERTEX
8
CUT
10
137.8410
20
139.7759
0
VERTEX
8
CUT
10
137.8298
20
139.7856
0
VERTEX
8
CUT
10
137.7852
20
139.8232
0
VERTEX
8
CUT
10
137.7620
20
139.8418
0
VERTEX
8
CUT
10
137.6100
20
139.9576
0
VERTEX
8
CUT
10
137.5608
20
139.9913
0
VERTEX
8
CUT
10
137.4003
20
140.0901
0
VERTEX
8
CUT
10
137.3480
20
140.1188
0
VERTEX
8
CUT
10
137.1785
20
140.2011
0
VERTEX
8
CUT
10
137.1237
20
140.2244
0
VERTEX
8
CUT
10
136.9468
20
140.2896
0
VERTEX
8
CUT
10
136.8899
20
140.3073
0
VERTEX
8
CUT
10
136.7075
20
140.3546
0
VERTEX
8
CUT
10
136.6491
20
140.3666
0
VERTEX
8
CUT
10
136.4629
20
140.3955
0
VERTEX
8
CUT
10
136.4036
20
140.4017
0
VERTEX
8
CUT
10
136.2154
20
140.4120
0
VERTEX
8
CUT
10
136.1558
20
140.4123
0
VERTEX
8
CUT
10
135.9675
20
140.4039
0
VERTEX
8
CUT
10
135.9082
20
140.3982
0
VERTEX
8
CUT
10
135.7217
20
140.3712
0
VERTEX
8
CUT
10
135.6632
20
140.3597
0
VERTEX
8
CUT
10
135.4803
20
140.3142
0
VERTEX
8
CUT
10
135.4232
20
140.2970
0
VERTEX
8
CUT
10
135.2458
20
140.2336
0
VERTEX
8
CUT
10
135.1907
20
140.2108
0
VERTEX
8
CUT
10
135.0204
20
140.1301
0
VERTEX
8
CUT
10
134.9678
20
140.1019
0
VERTEX
8
CUT
10
134.8064
20
140.0047
0
VERTEX
8
CUT
10
134.7569
20
139.9715
0
VERTEX
8
CUT
10
134.6059
20
139.8588
0
VERTEX
8
CUT
10
134.5599
20
139.8208
0
VERTEX
8
CUT
10
134.4208
20
139.6936
0
VERTEX
8
CUT
10
134.3789
20
139.6513
0
VERTEX
8
CUT
10
134.2531
20
139.5109
0
VERTEX
8
CUT
10
134.2156
20
139.4646
0
VERTEX
8
CUT
10
134.1043
20
139.3125
0
VERTEX
8
CUT
10
134.0716
20
139.2627
0
VERTEX
8
CUT
10
133.9760
20
139.1003
0
VERTEX
8
CUT
10
133.9483
20
139.0475
0
VERTEX
8
CUT
10
133.8693
20
138.8764
0
VERTEX
8
CUT
10
133.8470
20
138.8211
0
VERTEX
8
CUT
10
133.7854
20
138.6430
0
VERTEX
8
CUT
10
133.7687
20
138.5858
0
VERTEX
8
CUT
10
133.7251
20
138.4024
0
VERTEX
8
CUT
10
133.7141
20
138.3438
0
VERTEX
8
CUT
10
133.6889
20
138.1571
0
VERTEX
8
CUT
10
133.6838
20
138.0977
0
VERTEX
8
CUT
10
133.6772
20
137.9093
0
VERTEX
8
CUT
10
133.6781
20
137.8497
0
VERTEX
8
CUT
10
133.6902
20
137.6617
0
VERTEX
8
CUT
10
133.6970
20
137.6025
0
VERTEX
8
CUT
10
133.7277
20
137.4165
0
VERTEX
8
CUT
10
133.7404
20
137.3583
0
VERTEX
8
CUT
10
133.7901
20
137.1738
0
VERTEX
8
CUT
10
133.7985
20
137.1452
0
VERTEX
8
CUT
10
133.8165
20
137.0898
0
VERTEX
8
CUT
10
133.8212
20
137.0757
0
VERTEX
8
CUT
10
133.8533
20
136.9843
0
VERTEX
8
CUT
10
133.8584
20
136.9702
0
VERTEX
8
CUT
10
135.1210
20
133.6418
0
VERTEX
8
CUT
10
135.1242
20
133.6332
0
VERTEX
8
CUT
10
135.1295
20
133.6188
0
VERTEX
8
CUT
10
135.1415
20
133.5839
0
VERTEX
8
CUT
10
135.1606
20
133.5245
0
VERTEX
8
CUT
10
135.1687
20
133.4980
0
VERTEX
8
CUT
10
135.1695
20
133.4952
0
VERTEX
8
CUT
10
135.1768
20
133.4685
0
VERTEX
8
CUT
10
135.1922
20
133.4080
0
VERTEX
8
CUT
10
135.2006
20
133.3721
0
VERTEX
8
CUT
10
135.2038
20
133.3571
0
VERTEX
8
CUT
10
135.2056
20
133.3481
0
VERTEX
8
CUT
10
135.4257
20
132.2549
0
VERTEX
8
CUT
10
135.4278
20
132.2443
0
VERTEX
8
CUT
10
135.4311
20
132.2266
0
VERTEX
8
CUT
10
135.4381
20
132.1840
0
VERTEX
8
CUT
10
135.4460
20
132.1279
0
VERTEX
8
CUT
10
135.4533
20
132.0526
0
VERTEX
8
CUT
10
135.4574
20
131.9769
0
VERTEX
8
CUT
10
135.4583
20
131.9012
0
VERTEX
8
CUT
10
135.4567
20
131.8447
0
VERTEX
8
CUT
10
135.4544
20
131.8015
0
VERTEX
8
CUT
10
135.4530
20
131.7836
0
VERTEX
8
CUT
10
135.4521
20
131.7728
0
VERTEX
8
CUT
10
135.4369
20
131.6045
0
VERTEX
8
CUT
10
135.4322
20
131.5627
0
VERTEX
8
CUT
10
135.4218
20
131.4864
0
VERTEX
8
CUT
10
135.4065
20
131.4038
0
VERTEX
8
CUT
10
135.3937
20
131.3493
0
VERTEX
8
CUT
10
135.3708
20
131.2684
0
VERTEX
8
CUT
10
135.3530
20
131.2154
0
VERTEX
8
CUT
10
135.3226
20
131.1370
0
VERTEX
8
CUT
10
135.3000
20
131.0859
0
VERTEX
8
CUT
10
135.2625
20
131.0107
0
VERTEX
8
CUT
10
135.2351
20
130.9618
0
VERTEX
8
CUT
10
135.1907
20
130.8905
0
VERTEX
8
CUT
10
135.1590
20
130.8444
0
VERTEX
8
CUT
10
135.1081
20
130.7775
0
VERTEX
8
CUT
10
135.0722
20
130.7346
0
VERTEX
8
CUT
10
135.0153
20
130.6728
0
VERTEX
8
CUT
10
134.9606
20
130.6186
0
VERTEX
8
CUT
10
134.9301
20
130.5897
0
VERTEX
8
CUT
10
134.5783
20
130.2724
0
VERTEX
8
CUT
10
134.5691
20
130.2643
0
VERTEX
8
CUT
10
134.5538
20
130.2508
0
VERTEX
8
CUT
10
134.5160
20
130.2194
0
VERTEX
8
CUT
10
134.4505
20
130.1680
0
VERTEX
8
CUT
10
134.4211
20
130.1459
0
VERTEX
8
CUT
10
134.4180
20
130.1436
0
VERTEX
8
CUT
10
134.3877
20
130.1227
0
VERTEX
8
CUT
10
134.3183
20
130.0769
0
VERTEX
8
CUT
10
134.2765
20
130.0509
0
VERTEX
8
CUT
10
134.2589
20
130.0406
0
VERTEX
8
CUT
10
134.2483
20
130.0345
0
VERTEX
8
CUT
10
132.8035
20
129.2159
0
VERTEX
8
CUT
10
132.7911
20
129.2090
0
VERTEX
8
CUT
10
132.7622
20
129.1933
0
VERTEX
8
CUT
10
132.7498
20
129.1866
0
VERTEX
8
CUT
10
132.7346
20
129.1786
0
VERTEX
8
CUT
10
132.7221
20
129.1721
0
VERTEX
8
CUT
10
132.6927
20
129.1573
0
VERTEX
8
CUT
10
132.6801
20
129.1510
0
VERTEX
8
CUT
10
132.6576
20
129.1401
0
VERTEX
8
CUT
10
132.6449
20
129.1340
0
VERTEX
8
CUT
10
132.6151
20
129.1201
0
VERTEX
8
CUT
10
132.6022
20
129.1142
0
VERTEX
8
CUT
10
132.5865
20
129.1072
0
VERTEX
8
CUT
10
132.5736
20
129.1015
0
VERTEX
8
CUT
10
132.5434
20
129.0885
0
VERTEX
8
CUT
10
132.5304
20
129.0831
0
VERTEX
8
CUT
10
128.1649
20
127.2881
0
VERTEX
8
CUT
10
128.1537
20
127.2836
0
VERTEX
8
CUT
10
128.1352
20
127.2762
0
VERTEX
8
CUT
10
128.0900
20
127.2598
0
VERTEX
8
CUT
10
128.0128
20
127.2339
0
VERTEX
8
CUT
10
127.9784
20
127.2231
0
VERTEX
8
CUT
10
127.9748
20
127.2221
0
VERTEX
8
CUT
10
127.9400
20
127.2127
0
VERTEX
8
CUT
10
127.8610
20
127.1931
0
VERTEX
8
CUT
10
127.8141
20
127.1828
0
VERTEX
8
CUT
10
127.7945
20
127.1790
0
VERTEX
8
CUT
10
127.7826
20
127.1768
0
VERTEX
8
CUT
10
123.6527
20
126.4405
0
VERTEX
8
CUT
10
123.6461
20
126.4394
0
VERTEX
8
CUT
10
123.6306
20
126.4367
0
VERTEX
8
CUT
10
123.6239
20
126.4356
0
VERTEX
8
CUT
10
123.6211
20
126.4351
0
VERTEX
8
CUT
10
123.5949
20
126.4313
0
VERTEX
8
CUT
10
123.5337
20
126.4232
0
VERTEX
8
CUT
10
123.5124
20
126.4206
0
VERTEX
8
CUT
10
123.4788
20
126.4177
0
VERTEX
8
CUT
10
123.4023
20
126.4127
0
VERTEX
8
CUT
10
123.3692
20
126.4111
0
VERTEX
8
CUT
10
122.0432
20
126.3726
0
VERTEX
8
CUT
10
121.9980
20
126.3724
0
VERTEX
8
CUT
10
121.9152
20
126.3741
0
VERTEX
8
CUT
10
121.8251
20
126.3806
0
VERTEX
8
CUT
10
121.7654
20
126.3879
0
VERTEX
8
CUT
10
121.6763
20
126.4033
0
VERTEX
8
CUT
10
121.6176
20
126.4166
0
VERTEX
8
CUT
10
121.5306
20
126.4409
0
VERTEX
8
CUT
10
121.4735
20
126.4600
0
VERTEX
8
CUT
10
121.3894
20
126.4929
0
VERTEX
8
CUT
10
121.3345
20
126.5176
0
VERTEX
8
CUT
10
121.2541
20
126.5588
0
VERTEX
8
CUT
10
121.2020
20
126.5889
0
VERTEX
8
CUT
10
121.1261
20
126.6379
0
VERTEX
8
CUT
10
121.0773
20
126.6731
0
VERTEX
8
CUT
10
121.0067
20
126.7295
0
VERTEX
8
CUT
10
120.9616
20
126.7694
0
VERTEX
8
CUT
10
120.8970
20
126.8326
0
VERTEX
8
CUT
10
120.8562
20
126.8768
0
VERTEX
8
CUT
10
120.7983
20
126.9461
0
VERTEX
8
CUT
10
120.7621
20
126.9942
0
VERTEX
8
CUT
10
120.7114
20
127.0690
0
VERTEX
8
CUT
10
120.6803
20
127.1205
0
VERTEX
8
CUT
10
120.6373
20
127.2000
0
VERTEX
8
CUT
10
120.6115
20
127.2543
0
VERTEX
8
CUT
10
120.5768
20
127.3378
0
VERTEX
8
CUT
10
120.5565
20
127.3944
0
VERTEX
8
CUT
10
120.5303
20
127.4809
0
VERTEX
8
CUT
10
120.5158
20
127.5393
0
VERTEX
8
CUT
10
120.4985
20
127.6280
0
VERTEX
8
CUT
10
120.4899
20
127.6875
0
VERTEX
8
CUT
10
120.4815
20
127.7775
0
VERTEX
8
CUT
10
120.4790
20
127.8376
0
VERTEX
8
CUT
10
120.4797
20
127.9280
0
VERTEX
8
CUT
10
120.4831
20
127.9881
0
VERTEX
8
CUT
10
120.4929
20
128.0779
0
VERTEX
8
CUT
10
120.5060
20
128.1597
0
VERTEX
8
CUT
10
120.5142
20
128.2041
0
VERTEX
8
CUT
10
121.0114
20
130.5525
0
VERTEX
8
CUT
10
121.0154
20
130.5728
0
VERTEX
8
CUT
10
121.0387
20
130.7053
0
VERTEX
8
CUT
10
121.0419
20
130.7258
0
VERTEX
8
CUT
10
121.0654
20
130.8929
0
VERTEX
8
CUT
10
121.0680
20
130.9135
0
VERTEX
8
CUT
10
121.0821
20
131.0473
0
VERTEX
8
CUT
10
121.0839
20
131.0679
0
VERTEX
8
CUT
10
121.2767
20
133.7949
0
VERTEX
8
CUT
10
121.2774
20
133.8056
0
VERTEX
8
CUT
10
121.2813
20
133.8805
0
VERTEX
8
CUT
10
121.2818
20
133.8917
0
VERTEX
8
CUT
10
121.2835
20
133.9409
0
VERTEX
8
CUT
10
121.2838
20
133.9646
0
VERTEX
8
CUT
10
121.2830
20
134.1124
0
VERTEX
8
CUT
10
121.2825
20
134.1352
0
VERTEX
8
CUT
10
121.2807
20
134.1748
0
VERTEX
8
CUT
10
121.2802
20
134.1855
0
VERTEX
8
CUT
10
121.2756
20
134.2595
0
VERTEX
8
CUT
10
121.2748
20
134.2716
0
VERTEX
8
CUT
10
121.1410
20
135.9099
0
VERTEX
8
CUT
10
121.1400
20
135.9211
0
VERTEX
8
CUT
10
121.1321
20
135.9990
0
VERTEX
8
CUT
10
121.1309
20
136.0106
0
VERTEX
8
CUT
10
121.1247
20
136.0616
0
VERTEX
8
CUT
10
121.1213
20
136.0861
0
VERTEX
8
CUT
10
121.0966
20
136.2383
0
VERTEX
8
CUT
10
121.0923
20
136.2618
0
VERTEX
8
CUT
10
121.0840
20
136.3022
0
VERTEX
8
CUT
10
121.0817
20
136.3132
0
VERTEX
8
CUT
10
121.0649
20
136.3888
0
VERTEX
8
CUT
10
121.0620
20
136.4010
0
VERTEX
8
CUT
10
120.4664
20
138.8319
0
VERTEX
8
CUT
10
120.4638
20
138.8422
0
VERTEX
8
CUT
10
120.4448
20
138.9140
0
VERTEX
8
CUT
10
120.4419
20
138.9247
0
VERTEX
8
CUT
10
120.4286
20
138.9715
0
VERTEX
8
CUT
10
120.4218
20
138.9940
0
VERTEX
8
CUT
10
120.3764
20
139.1331
0
VERTEX
8
CUT
10
120.3689
20
139.1544
0
VERTEX
8
CUT
10
120.3554
20
139.1912
0
VERTEX
8
CUT
10
120.3516
20
139.2011
0
VERTEX
8
CUT
10
120.3250
20
139.2695
0
VERTEX
8
CUT
10
120.3206
20
139.2806
0
VERTEX
8
CUT
10
119.7402
20
140.6892
0
VERTEX
8
CUT
10
119.7359
20
140.6993
0
VERTEX
8
CUT
10
119.7054
20
140.7696
0
VERTEX
8
CUT
10
119.7008
20
140.7800
0
VERTEX
8
CUT
10
119.6799
20
140.8257
0
VERTEX
8
CUT
10
119.6694
20
140.8476
0
VERTEX
8
CUT
10
119.6012
20
140.9822
0
VERTEX
8
CUT
10
119.5903
20
141.0028
0
VERTEX
8
CUT
10
119.5707
20
141.0381
0
VERTEX
8
CUT
10
119.5653
20
141.0476
0
VERTEX
8
CUT
10
119.5273
20
141.1132
0
VERTEX
8
CUT
10
119.5210
20
141.1237
0
VERTEX
8
CUT
10
117.9460
20
143.7145
0
VERTEX
8
CUT
10
117.9380
20
143.7273
0
VERTEX
8
CUT
10
117.8852
20
143.8094
0
VERTEX
8
CUT
10
117.8769
20
143.8220
0
VERTEX
8
CUT
10
117.8440
20
143.8705
0
VERTEX
8
CUT
10
117.8265
20
143.8950
0
VERTEX
8
CUT
10
117.7088
20
144.0508
0
VERTEX
8
CUT
10
117.6901
20
144.0744
0
VERTEX
8
CUT
10
117.6525
20
144.1194
0
VERTEX
8
CUT
10
117.6427
20
144.1308
0
VERTEX
8
CUT
10
117.5782
20
144.2041
0
VERTEX
8
CUT
10
117.5681
20
144.2153
0
VERTEX
8
CUT
10
116.9131
20
144.9230
0
VERTEX
8
CUT
10
116.9043
20
144.9324
0
VERTEX
8
CUT
10
116.8463
20
144.9924
0
VERTEX
8
CUT
10
116.8373
20
145.0015
0
VERTEX
8
CUT
10
116.8017
20
145.0368
0
VERTEX
8
CUT
10
116.7831
20
145.0545
0
VERTEX
8
CUT
10
116.6598
20
145.1668
0
VERTEX
8
CUT
10
116.6405
20
145.1836
0
VERTEX
8
CUT
10
116.6020
20
145.2158
0
VERTEX
8
CUT
10
116.5920
20
145.2239
0
VERTEX
8
CUT
10
116.5269
20
145.2760
0
VERTEX
8
CUT
10
116.5168
20
145.2839
0
VERTEX
8
CUT
10
116.0043
20
145.6759
0
VERTEX
8
CUT
10
115.9940
20
145.6836
0
VERTEX
8
CUT
10
115.9263
20
145.7331
0
VERTEX
8
CUT
10
115.9158
20
145.7406
0
VERTEX
8
CUT
10
115.8745
20
145.7695
0
VERTEX
8
CUT
10
115.8530
20
145.7838
0
VERTEX
8
CUT
10
115.7134
20
145.8727
0
VERTEX
8
CUT
10
115.6688
20
145.8985
0
VERTEX
8
CUT
10
115.5221
20
145.9750
0
VERTEX
8
CUT
10
115.4989
20
145.9865
0
VERTEX
8
CUT
10
115.4533
20
146.0078
0
VERTEX
8
CUT
10
115.4415
20
146.0132
0
VERTEX
8
CUT
10
115.3648
20
146.0471
0
VERTEX
8
CUT
10
115.3530
20
146.0522
0
VERTEX
8
CUT
10
115.2274
20
146.1045
0
VERTEX
8
CUT
10
115.2137
20
146.1100
0
VERTEX
8
CUT
10
115.1243
20
146.1447
0
VERTEX
8
CUT
10
115.1105
20
146.1499
0
VERTEX
8
CUT
10
115.0563
20
146.1694
0
VERTEX
8
CUT
10
115.0283
20
146.1787
0
VERTEX
8
CUT
10
114.8475
20
146.2340
0
VERTEX
8
CUT
10
114.7903
20
146.2484
0
VERTEX
8
CUT
10
114.6074
20
146.2851
0
VERTEX
8
CUT
10
114.5490
20
146.2939
0
VERTEX
8
CUT
10
114.3634
20
146.3125
0
VERTEX
8
CUT
10
114.3045
20
146.3155
0
VERTEX
8
CUT
10
114.1154
20
146.3157
0
VERTEX
8
CUT
10
114.0859
20
146.3150
0
VERTEX
8
CUT
10
114.0284
20
146.3123
0
VERTEX
8
CUT
10
114.0136
20
146.3114
0
VERTEX
8
CUT
10
113.9180
20
146.3045
0
VERTEX
8
CUT
10
113.9033
20
146.3032
0
VERTEX
8
CUT
10
113.5819
20
146.2719
0
VERTEX
8
CUT
10
113.5688
20
146.2705
0
VERTEX
8
CUT
10
113.4840
20
146.2604
0
VERTEX
8
CUT
10
113.4709
20
146.2587
0
VERTEX
8
CUT
10
113.4201
20
146.2515
0
VERTEX
8
CUT
10
113.3941
20
146.2472
0
VERTEX
8
CUT
10
113.2284
20
146.2163
0
VERTEX
8
CUT
10
113.1772
20
146.2044
0
VERTEX
8
CUT
10
113.0171
20
146.1596
0
VERTEX
8
CUT
10
112.9671
20
146.1433
0
VERTEX
8
CUT
10
112.8094
20
146.0839
0
VERTEX
8
CUT
10
112.7850
20
146.0741
0
VERTEX
8
CUT
10
112.7377
20
146.0539
0
VERTEX
8
CUT
10
112.7257
20
146.0486
0
VERTEX
8
CUT
10
112.6479
20
146.0134
0
VERTEX
8
CUT
10
112.6360
20
146.0078
0
VERTEX
8
CUT
10
112.1781
20
145.7880
0
VERTEX
8
CUT
10
112.1657
20
145.7819
0
VERTEX
8
CUT
10
112.0859
20
145.7412
0
VERTEX
8
CUT
10
112.0737
20
145.7349
0
VERTEX
8
CUT
10
112.0262
20
145.7093
0
VERTEX
8
CUT
10
112.0023
20
145.6957
0
VERTEX
8
CUT
10
111.8486
20
145.6037
0
VERTEX
8
CUT
10
111.8253
20
145.5890
0
VERTEX
8
CUT
10
111.7804
20
145.5593
0
VERTEX
8
CUT
10
111.7690
20
145.5515
0
VERTEX
8
CUT
10
111.6955
20
145.5003
0
VERTEX
8
CUT
10
111.6843
20
145.4923
0
VERTEX
8
CUT
10
111.0648
20
145.0393
0
VERTEX
8
CUT
10
111.0524
20
145.0300
0
VERTEX
8
CUT
10
110.9723
20
144.9681
0
VERTEX
8
CUT
10
110.9601
20
144.9585
0
VERTEX
8
CUT
10
110.9130
20
144.9201
0
VERTEX
8
CUT
10
110.8893
20
144.8998
0
VERTEX
8
CUT
10
110.7393
20
144.7642
0
VERTEX
8
CUT
10
110.7168
20
144.7427
0
VERTEX
8
CUT
10
110.6739
20
144.6996
0
VERTEX
8
CUT
10
110.6630
20
144.6885
0
VERTEX
8
CUT
10
110.5935
20
144.6150
0
VERTEX
8
CUT
10
110.5829
20
144.6035
0
VERTEX
8
CUT
10
109.9460
20
143.8943
0
VERTEX
8
CUT
10
109.9387
20
143.8860
0
VERTEX
8
CUT
10
109.8882
20
143.8278
0
VERTEX
8
CUT
10
109.8808
20
143.8190
0
VERTEX
8
CUT
10
109.8485
20
143.7801
0
VERTEX
8
CUT
10
109.8333
20
143.7611
0
VERTEX
8
CUT
10
109.7410
20
143.6406
0
VERTEX
8
CUT
10
109.7271
20
143.6217
0
VERTEX
8
CUT
10
109.7036
20
143.5885
0
VERTEX
8
CUT
10
109.6974
20
143.5794
0
VERTEX
8
CUT
10
109.6546
20
143.5164
0
VERTEX
8
CUT
10
109.6477
20
143.5061
0
VERTEX
8
CUT
10
107.7130
20
140.5242
0
VERTEX
8
CUT
10
107.7017
20
140.5060
0
VERTEX
8
CUT
10
107.6304
20
140.3870
0
VERTEX
8
CUT
10
107.6197
20
140.3685
0
VERTEX
8
CUT
10
107.5356
20
140.2161
0
VERTEX
8
CUT
10
107.5256
20
140.1972
0
VERTEX
8
CUT
10
107.4629
20
140.0734
0
VERTEX
8
CUT
10
107.4536
20
140.0542
0
VERTEX
8
CUT
10
107.3449
20
139.8190
0
VERTEX
8
CUT
10
107.3386
20
139.8050
0
VERTEX
8
CUT
10
107.2991
20
139.7135
0
VERTEX
8
CUT
10
107.2932
20
139.6993
0
VERTEX
8
CUT
10
107.2709
20
139.6437
0
VERTEX
8
CUT
10
107.2602
20
139.6149
0
VERTEX
8
CUT
10
107.1963
20
139.4289
0
VERTEX
8
CUT
10
107.1793
20
139.3700
0
VERTEX
8
CUT
10
107.1348
20
139.1784
0
VERTEX
8
CUT
10
107.1286
20
139.1484
0
VERTEX
8
CUT
10
107.1181
20
139.0894
0
VERTEX
8
CUT
10
107.1155
20
139.0742
0
VERTEX
8
CUT
10
107.1005
20
138.9757
0
VERTEX
8
CUT
10
107.0983
20
138.9605
0
VERTEX
8
CUT
10
107.0568
20
138.6331
0
VERTEX
8
CUT
10
107.0553
20
138.6200
0
VERTEX
8
CUT
10
107.0464
20
138.5350
0
VERTEX
8
CUT
10
107.0452
20
138.5219
0
VERTEX
8
CUT
10
107.0363
20
138.4148
0
VERTEX
8
CUT
10
107.0354
20
138.4017
0
VERTEX
8
CUT
10
107.0302
20
138.3163
0
VERTEX
8
CUT
10
107.0296
20
138.3032
0
VERTEX
8
CUT
10
106.9134
20
135.2813
0
VERTEX
8
CUT
10
106.9105
20
135.2364
0
VERTEX
8
CUT
10
106.9033
20
135.1543
0
VERTEX
8
CUT
10
106.8908
20
135.0652
0
VERTEX
8
CUT
10
106.8796
20
135.0064
0
VERTEX
8
CUT
10
106.8584
20
134.9191
0
VERTEX
8
CUT
10
106.8414
20
134.8617
0
VERTEX
8
CUT
10
106.8115
20
134.7768
0
VERTEX
8
CUT
10
106.7889
20
134.7214
0
VERTEX
8
CUT
10
106.7507
20
134.6400
0
VERTEX
8
CUT
10
106.7226
20
134.5871
0
VERTEX
8
CUT
10
106.6765
20
134.5099
0
VERTEX
8
CUT
10
106.6433
20
134.4601
0
VERTEX
8
CUT
10
106.5897
20
134.3879
0
VERTEX
8
CUT
10
106.5517
20
134.3417
0
VERTEX
8
CUT
10
106.4911
20
134.2752
0
VERTEX
8
CUT
10
106.4487
20
134.2329
0
VERTEX
8
CUT
10
106.3818
20
134.1728
0
VERTEX
8
CUT
10
106.3354
20
134.1350
0
VERTEX
8
CUT
10
106.2628
20
134.0819
0
VERTEX
8
CUT
10
106.2129
20
134.0489
0
VERTEX
8
CUT
10
106.1354
20
134.0033
0
VERTEX
8
CUT
10
106.0824
20
133.9755
0
VERTEX
8
CUT
10
106.0007
20
133.9378
0
VERTEX
8
CUT
10
105.9452
20
133.9155
0
VERTEX
8
CUT
10
105.8602
20
133.8861
0
VERTEX
8
CUT
10
105.8027
20
133.8694
0
VERTEX
8
CUT
10
105.7152
20
133.8487
0
VERTEX
8
CUT
10
105.6563
20
133.8378
0
VERTEX
8
CUT
10
105.5672
20
133.8259
0
VERTEX
8
CUT
10
105.5075
20
133.8209
0
VERTEX
8
CUT
10
105.4176
20
133.8180
0
VERTEX
8
CUT
10
105.3578
20
133.8190
0
VERTEX
8
CUT
10
105.2681
20
133.8251
0
VERTEX
8
CUT
10
105.2086
20
133.8321
0
VERTEX
8
CUT
10
105.1199
20
133.8471
0
VERTEX
8
CUT
10
105.0615
20
133.8600
0
VERTEX
8
CUT
10
104.9748
20
133.8837
0
VERTEX
8
CUT
10
104.9179
20
133.9024
0
VERTEX
8
CUT
10
104.8339
20
133.9347
0
VERTEX
8
CUT
10
104.7792
20
133.9589
0
VERTEX
8
CUT
10
104.6989
20
133.9994
0
VERTEX
8
CUT
10
104.6469
20
134.0290
0
VERTEX
8
CUT
10
104.5710
20
134.0773
0
VERTEX
8
CUT
10
104.5222
20
134.1120
0
VERTEX
8
CUT
10
104.4516
20
134.1676
0
VERTEX
8
CUT
10
104.4065
20
134.2070
0
VERTEX
8
CUT
10
104.3417
20
134.2694
0
VERTEX
8
CUT
10
104.3007
20
134.3130
0
VERTEX
8
CUT
10
104.2426
20
134.3816
0
VERTEX
8
CUT
10
104.1925
20
134.4470
0
VERTEX
8
CUT
10
104.1660
20
134.4834
0
VERTEX
8
CUT
10
104.1541
20
134.5007
0
VERTEX
8
CUT
10
104.1350
20
134.5268
0
VERTEX
8
CUT
10
104.0085
20
134.6906
0
VERTEX
8
CUT
10
103.9663
20
134.7396
0
VERTEX
8
CUT
10
103.8229
20
134.8889
0
VERTEX
8
CUT
10
103.7999
20
134.9116
0
VERTEX
8
CUT
10
103.7538
20
134.9546
0
VERTEX
8
CUT
10
103.7419
20
134.9655
0
VERTEX
8
CUT
10
103.6632
20
135.0351
0
VERTEX
8
CUT
10
103.6510
20
135.0456
0
VERTEX
8
CUT
10
103.5619
20
135.1203
0
VERTEX
8
CUT
10
103.5505
20
135.1296
0
VERTEX
8
CUT
10
103.4758
20
135.1892
0
VERTEX
8
CUT
10
103.4642
20
135.1983
0
VERTEX
8
CUT
10
103.4184
20
135.2330
0
VERTEX
8
CUT
10
103.3946
20
135.2502
0
VERTEX
8
CUT
10
103.2390
20
135.3565
0
VERTEX
8
CUT
10
103.1889
20
135.3873
0
VERTEX
8
CUT
10
103.0236
20
135.4779
0
VERTEX
8
CUT
10
102.9975
20
135.4914
0
VERTEX
8
CUT
10
102.9891
20
135.4955
0
VERTEX
8
CUT
10
102.8941
20
135.5418
0
VERTEX
8
CUT
10
102.8154
20
135.5851
0
VERTEX
8
CUT
10
102.7648
20
135.6163
0
VERTEX
8
CUT
10
102.6911
20
135.6670
0
VERTEX
8
CUT
10
102.6438
20
135.7032
0
VERTEX
8
CUT
10
102.5754
20
135.7610
0
VERTEX
8
CUT
10
102.5319
20
135.8016
0
VERTEX
8
CUT
10
102.4697
20
135.8659
0
VERTEX
8
CUT
10
102.4304
20
135.9108
0
VERTEX
8
CUT
10
102.3748
20
135.9809
0
VERTEX
8
CUT
10
102.3402
20
136.0294
0
VERTEX
8
CUT
10
102.2919
20
136.1048
0
VERTEX
8
CUT
10
102.2623
20
136.1565
0
VERTEX
8
CUT
10
102.2217
20
136.2362
0
VERTEX
8
CUT
10
102.1974
20
136.2906
0
VERTEX
8
CUT
10
102.1649
20
136.3740
0
VERTEX
8
CUT
10
102.1461
20
136.4305
0
VERTEX
8
CUT
10
102.1221
20
136.5167
0
VERTEX
8
CUT
10
102.1089
20
136.5749
0
VERTEX
8
CUT
10
102.0936
20
136.6630
0
VERTEX
8
CUT
10
102.0863
20
136.7222
0
VERTEX
8
CUT
10
102.0798
20
136.8114
0
VERTEX
8
CUT
10
102.0785
20
136.8710
0
VERTEX
8
CUT
10
102.0809
20
136.9605
0
VERTEX
8
CUT
10
102.0871
20
137.0422
0
VERTEX
8
CUT
10
102.0917
20
137.0868
0
VERTEX
8
CUT
10
102.0972
20
137.1300
0
VERTEX
8
CUT
10
102.1017
20
137.1882
0
VERTEX
8
CUT
10
102.1071
20
137.3725
0
VERTEX
8
CUT
10
102.1059
20
137.4308
0
VERTEX
8
CUT
10
102.0932
20
137.6174
0
VERTEX
8
CUT
10
102.0905
20
137.6465
0
VERTEX
8
CUT
10
102.0838
20
137.7030
0
VERTEX
8
CUT
10
102.0819
20
137.7175
0
VERTEX
8
CUT
10
102.0686
20
137.8114
0
VERTEX
8
CUT
10
102.0664
20
137.8258
0
VERTEX
8
CUT
10
101.9339
20
138.6191
0
VERTEX
8
CUT
10
101.9318
20
138.6319
0
VERTEX
8
CUT
10
101.9286
20
138.6532
0
VERTEX
8
CUT
10
101.9223
20
138.7047
0
VERTEX
8
CUT
10
101.9141
20
138.7923
0
VERTEX
8
CUT
10
101.9113
20
138.8311
0
VERTEX
8
CUT
10
101.9111
20
138.8351
0
VERTEX
8
CUT
10
101.9100
20
138.8741
0
VERTEX
8
CUT
10
101.9094
20
138.9620
0
VERTEX
8
CUT
10
101.9105
20
139.0139
0
VERTEX
8
CUT
10
101.9116
20
139.0354
0
VERTEX
8
CUT
10
101.9124
20
139.0484
0
VERTEX
8
CUT
10
102.1550
20
142.7553
0
VERTEX
8
CUT
10
102.1558
20
142.7652
0
VERTEX
8
CUT
10
102.1575
20
142.7885
0
VERTEX
8
CUT
10
102.1583
20
142.7984
0
VERTEX
8
CUT
10
102.1594
20
142.8106
0
VERTEX
8
CUT
10
102.1603
20
142.8205
0
VERTEX
8
CUT
10
102.1626
20
142.8437
0
VERTEX
8
CUT
10
102.1637
20
142.8536
0
VERTEX
8
CUT
10
102.1656
20
142.8712
0
VERTEX
8
CUT
10
102.1668
20
142.8811
0
VERTEX
8
CUT
10
102.1696
20
142.9043
0
VERTEX
8
CUT
10
102.1708
20
142.9142
0
VERTEX
8
CUT
10
102.1724
20
142.9263
0
VERTEX
8
CUT
10
102.1738
20
142.9362
0
VERTEX
8
CUT
10
102.1771
20
142.9592
0
VERTEX
8
CUT
10
102.1786
20
142.9691
0
VERTEX
8
CUT
10
102.4926
20
144.9902
0
VERTEX
8
CUT
10
102.4941
20
144.9999
0
VERTEX
8
CUT
10
102.4968
20
145.0160
0
VERTEX
8
CUT
10
102.5041
20
145.0545
0
VERTEX
8
CUT
10
102.5148
20
145.1049
0
VERTEX
8
CUT
10
102.5316
20
145.1715
0
VERTEX
8
CUT
10
102.5509
20
145.2376
0
VERTEX
8
CUT
10
102.5728
20
145.3028
0
VERTEX
8
CUT
10
102.5909
20
145.3509
0
VERTEX
8
CUT
10
102.6056
20
145.3873
0
VERTEX
8
CUT
10
102.6120
20
145.4023
0
VERTEX
8
CUT
10
102.6160
20
145.4113
0
VERTEX
8
CUT
10
103.2202
20
146.7795
0
VERTEX
8
CUT
10
103.2260
20
146.7932
0
VERTEX
8
CUT
10
103.2629
20
146.8826
0
VERTEX
8
CUT
10
103.2684
20
146.8964
0
VERTEX
8
CUT
10
103.2892
20
146.9507
0
VERTEX
8
CUT
10
103.2992
20
146.9787
0
VERTEX
8
CUT
10
103.3586
20
147.1600
0
VERTEX
8
CUT
10
103.3743
20
147.2174
0
VERTEX
8
CUT
10
103.4149
20
147.4011
0
VERTEX
8
CUT
10
103.4248
20
147.4598
0
VERTEX
8
CUT
10
103.4470
20
147.6467
0
VERTEX
8
CUT
10
103.4511
20
147.7061
0
VERTEX
8
CUT
10
103.4546
20
147.8942
0
VERTEX
8
CUT
10
103.4528
20
147.9537
0
VERTEX
8
CUT
10
103.4377
20
148.1412
0
VERTEX
8
CUT
10
103.4300
20
148.2002
0
VERTEX
8
CUT
10
103.3964
20
148.3854
0
VERTEX
8
CUT
10
103.3829
20
148.4433
0
VERTEX
8
CUT
10
103.3311
20
148.6242
0
VERTEX
8
CUT
10
103.3119
20
148.6806
0
VERTEX
8
CUT
10
103.2424
20
148.8554
0
VERTEX
8
CUT
10
103.2177
20
148.9096
0
VERTEX
8
CUT
10
103.1313
20
149.0767
0
VERTEX
8
CUT
10
103.1014
20
149.1282
0
VERTEX
8
CUT
10
102.9988
20
149.2859
0
VERTEX
8
CUT
10
102.9639
20
149.3341
0
VERTEX
8
CUT
10
102.8463
20
149.4809
0
VERTEX
8
CUT
10
102.8068
20
149.5255
0
VERTEX
8
CUT
10
102.6751
20
149.6599
0
VERTEX
8
CUT
10
102.6314
20
149.7003
0
VERTEX
8
CUT
10
102.4871
20
149.8210
0
VERTEX
8
CUT
10
102.4396
20
149.8569
0
VERTEX
8
CUT
10
102.2840
20
149.9627
0
VERTEX
8
CUT
10
102.2332
20
149.9937
0
VERTEX
8
CUT
10
102.0679
20
150.0836
0
VERTEX
8
CUT
10
102.0143
20
150.1094
0
VERTEX
8
CUT
10
101.8409
20
150.1825
0
VERTEX
8
CUT
10
101.7850
20
150.2029
0
VERTEX
8
CUT
10
101.6052
20
150.2584
0
VERTEX
8
CUT
10
101.5475
20
150.2731
0
VERTEX
8
CUT
10
101.3631
20
150.3106
0
VERTEX
8
CUT
10
101.3043
20
150.3195
0
VERTEX
8
CUT
10
101.1145
20
150.3388
0
VERTEX
8
CUT
10
101.0848
20
150.3410
0
VERTEX
8
CUT
10
101.0268
20
150.3440
0
VERTEX
8
CUT
10
101.0119
20
150.3446
0
VERTEX
8
CUT
10
100.9152
20
150.3472
0
VERTEX
8
CUT
10
100.9003
20
150.3474
0
VERTEX
8
CUT
10
100.0985
20
150.3490
0
VERTEX
8
CUT
10
100.0888
20
150.3490
0
VERTEX
8
CUT
10
100.0728
20
150.3492
0
VERTEX
8
CUT
10
100.0343
20
150.3505
0
VERTEX
8
CUT
10
99.9691
20
150.3542
0
VERTEX
8
CUT
10
99.9403
20
150.3562
0
VERTEX
8
CUT
10
99.9372
20
150.3565
0
VERTEX
8
CUT
10
99.9085
20
150.3595
0
VERTEX
8
CUT
10
99.8436
20
150.3673
0
VERTEX
8
CUT
10
99.8055
20
150.3727
0
VERTEX
8
CUT
10
99.7897
20
150.3753
0
VERTEX
8
CUT
10
99.7802
20
150.3769
0
VERTEX
8
CUT
10
97.7329
20
150.7351
0
VERTEX
8
CUT
10
97.7238
20
150.7368
0
VERTEX
8
CUT
10
97.7088
20
150.7396
0
VERTEX
8
CUT
10
97.6726
20
150.7471
0
VERTEX
8
CUT
10
97.6116
20
150.7610
0
VERTEX
8
CUT
10
97.5847
20
150.7676
0
VERTEX
8
CUT
10
97.5818
20
150.7683
0
VERTEX
8
CUT
10
97.5551
20
150.7757
0
VERTEX
8
CUT
10
97.4951
20
150.7934
0
VERTEX
8
CUT
10
97.4599
20
150.8045
0
VERTEX
8
CUT
10
97.4454
20
150.8095
0
VERTEX
8
CUT
10
97.4367
20
150.8125
0
VERTEX
8
CUT
10
94.7792
20
151.7447
0
VERTEX
8
CUT
10
94.7668
20
151.7492
0
VERTEX
8
CUT
10
94.7462
20
151.7567
0
VERTEX
8
CUT
10
94.6970
20
151.7764
0
VERTEX
8
CUT
10
94.6149
20
151.8122
0
VERTEX
8
CUT
10
94.5788
20
151.8289
0
VERTEX
8
CUT
10
94.5752
20
151.8307
0
VERTEX
8
CUT
10
94.5399
20
151.8489
0
VERTEX
8
CUT
10
94.4612
20
151.8918
0
VERTEX
8
CUT
10
94.4155
20
151.9185
0
VERTEX
8
CUT
10
94.3969
20
151.9301
0
VERTEX
8
CUT
10
94.3857
20
151.9372
0
VERTEX
8
CUT
10
94.3737
20
151.9450
0
VERTEX
8
CUT
10
94.3611
20
151.9529
0
VERTEX
8
CUT
10
94.2780
20
152.0035
0
VERTEX
8
CUT
10
94.2652
20
152.0112
0
VERTEX
8
CUT
10
94.2146
20
152.0403
0
VERTEX
8
CUT
10
94.1883
20
152.0546
0
VERTEX
8
CUT
10
94.0176
20
152.1420
0
VERTEX
8
CUT
10
93.9630
20
152.1665
0
VERTEX
8
CUT
10
93.7869
20
152.2355
0
VERTEX
8
CUT
10
93.7302
20
152.2545
0
VERTEX
8
CUT
10
93.5481
20
152.3055
0
VERTEX
8
CUT
10
93.4898
20
152.3188
0
VERTEX
8
CUT
10
93.3035
20
152.3515
0
VERTEX
8
CUT
10
93.2441
20
152.3589
0
VERTEX
8
CUT
10
93.0555
20
152.3728
0
VERTEX
8
CUT
10
92.9957
20
152.3743
0
VERTEX
8
CUT
10
92.8067
20
152.3694
0
VERTEX
8
CUT
10
92.7470
20
152.3649
0
VERTEX
8
CUT
10
92.5594
20
152.3412
0
VERTEX
8
CUT
10
92.5005
20
152.3307
0
VERTEX
8
CUT
10
92.3161
20
152.2885
0
VERTEX
8
CUT
10
92.2586
20
152.2722
0
VERTEX
8
CUT
10
92.0793
20
152.2118
0
VERTEX
8
CUT
10
92.0237
20
152.1899
0
VERTEX
8
CUT
10
91.8514
20
152.1120
0
VERTEX
8
CUT
10
91.7982
20
152.0846
0
VERTEX
8
CUT
10
91.6345
20
151.9899
0
VERTEX
8
CUT
10
91.5842
20
151.9574
0
VERTEX
8
CUT
10
91.4308
20
151.8469
0
VERTEX
8
CUT
10
91.3841
20
151.8095
0
VERTEX
8
CUT
10
91.2424
20
151.6842
0
VERTEX
8
CUT
10
91.1996
20
151.6424
0
VERTEX
8
CUT
10
91.0711
20
151.5037
0
VERTEX
8
CUT
10
91.0327
20
151.4578
0
VERTEX
8
CUT
10
90.9187
20
151.3069
0
VERTEX
8
CUT
10
90.8850
20
151.2575
0
VERTEX
8
CUT
10
90.7866
20
151.0960
0
VERTEX
8
CUT
10
90.7580
20
151.0434
0
VERTEX
8
CUT
10
90.6761
20
150.8729
0
VERTEX
8
CUT
10
90.6530
20
150.8178
0
VERTEX
8
CUT
10
90.5885
20
150.6400
0
VERTEX
8
CUT
10
90.5709
20
150.5828
0
VERTEX
8
CUT
10
90.5244
20
150.3995
0
VERTEX
8
CUT
10
90.5126
20
150.3408
0
VERTEX
8
CUT
10
90.4847
20
150.1538
0
VERTEX
8
CUT
10
90.4788
20
150.0943
0
SEQEND
0
POLYLINE
8
CUT
66
1
70
1
10
0.0
20
0.0
30
0.0
0
VERTEX
8
CUT
10
52.3768
20
172.8058
0
VERTEX
8
CUT
10
52.3796
20
172.7470
0
VERTEX
8
CUT
10
52.3977
20
172.5619
0
VERTEX
8
CUT
10
52.4063
20
172.5037
0
VERTEX
8
CUT
10
52.4424
20
172.3213
0
VERTEX
8
CUT
10
52.4566
20
172.2642
0
VERTEX
8
CUT
10
52.5104
20
172.0861
0
VERTEX
8
CUT
10
52.5302
20
172.0307
0
VERTEX
8
CUT
10
52.6012
20
171.8588
0
VERTEX
8
CUT
10
52.6263
20
171.8056
0
VERTEX
8
CUT
10
52.7137
20
171.6414
0
VERTEX
8
CUT
10
52.7439
20
171.5910
0
VERTEX
8
CUT
10
52.8471
20
171.4362
0
VERTEX
8
CUT
10
52.8821
20
171.3889
0
VERTEX
8
CUT
10
52.9999
20
171.2449
0
VERTEX
8
CUT
10
53.0393
20
171.2013
0
VERTEX
8
CUT
10
53.1706
20
171.0696
0
VERTEX
8
CUT
10
53.2142
20
171.0300
0
VERTEX
8
CUT
10
53.3578
20
170.9118
0
VERTEX
8
CUT
10
53.4050
20
170.8767
0
VERTEX
8
CUT
10
53.5595
20
170.7731
0
VERTEX
8
CUT
10
53.6099
20
170.7428
0
VERTEX
8
CUT
10
53.7738
20
170.6548
0
VERTEX
8
CUT
10
53.8269
20
170.6296
0
VERTEX
8
CUT
10
53.9986
20
170.5581
0
VERTEX
8
CUT
10
54.0540
20
170.5382
0
VERTEX
8
CUT
10
54.2319
20
170.4839
0
VERTEX
8
CUT
10
54.2889
20
170.4695
0
VERTEX
8
CUT
10
54.4713
20
170.4328
0
VERTEX
8
CUT
10
54.5294
20
170.4241
0
VERTEX
8
CUT
10
54.7145
20
170.4055
0
VERTEX
8
CUT
10
54.7733
20
170.4025
0
VERTEX
8
CUT
10
54.9588
20
170.4021
0
VERTEX
8
CUT
10
55.0208
20
170.4052
0
VERTEX
8
CUT
10
55.2292
20
170.4264
0
VERTEX
8
CUT
10
55.2616
20
170.4306
0
VERTEX
8
CUT
10
55.3551
20
170.4453
0
VERTEX
8
CUT
10
55.3728
20
170.4483
0
VERTEX
8
CUT
10
55.4876
20
170.4699
0
VERTEX
8
CUT
10
55.5052
20
170.4735
0
VERTEX
8
CUT
10
57.2804
20
170.8626
0
VERTEX
8
CUT
10
57.2904
20
170.8648
0
VERTEX
8
CUT
10
57.3071
20
170.8682
0
VERTEX
8
CUT
10
57.3474
20
170.8756
0
VERTEX
8
CUT
10
57.4158
20
170.8866
0
VERTEX
8
CUT
10
57.4462
20
170.8909
0
VERTEX
8
CUT
10
57.4495
20
170.8913
0
VERTEX
8
CUT
10
57.4800
20
170.8946
0
VERTEX
8
CUT
10
57.5490
20
170.9009
0
VERTEX
8
CUT
10
57.5899
20
170.9037
0
VERTEX
8
CUT
10
57.6069
20
170.9045
0
VERTEX
8
CUT
10
57.6171
20
170.9049
0
VERTEX
8
CUT
10
59.1405
20
170.9564
0
VERTEX
8
CUT
10
59.1543
20
170.9568
0
VERTEX
8
CUT
10
59.1866
20
170.9574
0
VERTEX
8
CUT
10
59.2004
20
170.9575
0
VERTEX
8
CUT
10
59.2173
20
170.9576
0
VERTEX
8
CUT
10
59.2311
20
170.9575
0
VERTEX
8
CUT
10
59.2633
20
170.9571
0
VERTEX
8
CUT
10
59.2772
20
170.9569
0
VERTEX
8
CUT
10
59.3016
20
170.9562
0
VERTEX
8
CUT
10
59.3154
20
170.9557
0
VERTEX
8
CUT
10
59.3477
20
170.9543
0
VERTEX
8
CUT
10
59.3615
20
170.9536
0
VERTEX
8
CUT
10
59.3783
20
170.9526
0
VERTEX
8
CUT
10
59.3921
20
170.9517
0
VERTEX
8
CUT
10
59.4243
20
170.9493
0
VERTEX
8
CUT
10
59.4380
20
170.9482
0
VERTEX
8
CUT
10
66.9885
20
170.2741
0
VERTEX
8
CUT
10
67.0021
20
170.2731
0
VERTEX
8
CUT
10
67.0904
20
170.2672
0
VERTEX
8
CUT
10
67.1040
20
170.2665
0
VERTEX
8
CUT
10
67.1571
20
170.2641
0
VERTEX
8
CUT
10
67.1843
20
170.2636
0
VERTEX
8
CUT
10
67.3588
20
170.2639
0
VERTEX
8
CUT
10
67.4132
20
170.2664
0
VERTEX
8
CUT
10
67.5846
20
170.2823
0
VERTEX
8
CUT
10
67.6386
20
170.2898
0
VERTEX
8
CUT
10
67.8101
20
170.3216
0
VERTEX
8
CUT
10
67.8368
20
170.3272
0
VERTEX
8
CUT
10
67.8886
20
170.3392
0
VERTEX
8
CUT
10
67.9018
20
170.3425
0
VERTEX
8
CUT
10
67.9875
20
170.3645
0
VERTEX
8
CUT
10
68.0007
20
170.3680
0
VERTEX
8
CUT
10
70.9369
20
171.1933
0
VERTEX
8
CUT
10
70.9506
20
171.1974
0
VERTEX
8
CUT
10
71.0399
20
171.2248
0
VERTEX
8
CUT
10
71.0536
20
171.2291
0
VERTEX
8
CUT
10
71.1068
20
171.2469
0
VERTEX
8
CUT
10
71.1338
20
171.2566
0
VERTEX
8
CUT
10
71.3055
20
171.3232
0
VERTEX
8
CUT
10
71.3580
20
171.3465
0
VERTEX
8
CUT
10
71.5203
20
171.4280
0
VERTEX
8
CUT
10
71.5703
20
171.4562
0
VERTEX
8
CUT
10
71.7240
20
171.5529
0
VERTEX
8
CUT
10
71.7711
20
171.5857
0
VERTEX
8
CUT
10
71.9149
20
171.6967
0
VERTEX
8
CUT
10
71.9587
20
171.7339
0
VERTEX
8
CUT
10
72.0912
20
171.8580
0
VERTEX
8
CUT
10
72.1312
20
171.8993
0
VERTEX
8
CUT
10
72.2512
20
172.0355
0
VERTEX
8
CUT
10
72.2871
20
172.0804
0
VERTEX
8
CUT
10
72.3935
20
172.2275
0
VERTEX
8
CUT
10
72.4250
20
172.2756
0
VERTEX
8
CUT
10
72.5169
20
172.4322
0
VERTEX
8
CUT
10
72.5435
20
172.4831
0
VERTEX
8
CUT
10
72.6200
20
172.6478
0
VERTEX
8
CUT
10
72.6417
20
172.7010
0
VERTEX
8
CUT
10
72.7021
20
172.8723
0
VERTEX
8
CUT
10
72.7186
20
172.9273
0
VERTEX
8
CUT
10
72.7624
20
173.1035
0
VERTEX
8
CUT
10
72.7735
20
173.1599
0
VERTEX
8
CUT
10
72.8002
20
173.3395
0
VERTEX
8
CUT
10
72.8060
20
173.3967
0
VERTEX
8
CUT
10
72.8154
20
173.5780
0
VERTEX
8
CUT
10
72.8156
20
173.6355
0
VERTEX
8
CUT
10
72.8076
20
173.8169
0
VERTEX
8
CUT
10
72.8023
20
173.8741
0
VERTEX
8
CUT
10
72.7771
20
174.0539
0
VERTEX
8
CUT
10
72.7663
20
174.1103
0
VERTEX
8
CUT
10
72.7240
20
174.2869
0
VERTEX
8
CUT
10
72.7079
20
174.3421
0
VERTEX
8
CUT
10
72.6489
20
174.5138
0
VERTEX
8
CUT
10
72.6276
20
174.5672
0
VERTEX
8
CUT
10
72.5524
20
174.7325
0
VERTEX
8
CUT
10
72.5261
20
174.7835
0
VERTEX
8
CUT
10
72.4342
20
174.9431
0
VERTEX
8
CUT
10
72.4193
20
174.9676
0
VERTEX
8
CUT
10
72.3890
20
175.0148
0
VERTEX
8
CUT
10
72.3811
20
175.0268
0
VERTEX
8
CUT
10
72.3288
20
175.1041
0
VERTEX
8
CUT
10
72.3206
20
175.1159
0
VERTEX
8
CUT
10
72.2867
20
175.1635
0
VERTEX
8
CUT
10
72.2786
20
175.1746
0
VERTEX
8
CUT
10
72.2255
20
175.2457
0
VERTEX
8
CUT
10
72.2172
20
175.2566
0
VERTEX
8
CUT
10
72.1843
20
175.2986
0
VERTEX
8
CUT
10
72.1670
20
175.3197
0
VERTEX
8
CUT
10
72.0529
20
175.4526
0
VERTEX
8
CUT
10
72.0155
20
175.4923
0
VERTEX
8
CUT
10
71.8898
20
175.6142
0
VERTEX
8
CUT
10
71.8698
20
175.6328
0
VERTEX
8
CUT
10
71.8298
20
175.6682
0
VERTEX
8
CUT
10
71.8195
20
175.6771
0
VERTEX
8
CUT
10
71.7517
20
175.7344
0
VERTEX
8
CUT
10
71.7411
20
175.7431
0
VERTEX
8
CUT
10
67.8216
20
178.9065
0
VERTEX
8
CUT
10
67.8131
20
178.9134
0
VERTEX
8
CUT
10
67.7990
20
178.9251
0
VERTEX
8
CUT
10
67.7658
20
178.9540
0
VERTEX
8
CUT
10
67.7108
20
179.0042
0
VERTEX
8
CUT
10
67.6868
20
179.0269
0
VERTEX
8
CUT
10
67.6844
20
179.0294
0
VERTEX
8
CUT
10
67.6613
20
179.0529
0
VERTEX
8
CUT
10
67.6101
20
179.1071
0
VERTEX
8
CUT
10
67.5806
20
179.1398
0
VERTEX
8
CUT
10
67.5687
20
179.1537
0
VERTEX
8
CUT
10
67.5616
20
179.1621
0
VERTEX
8
CUT
10
66.2503
20
180.7312
0
VERTEX
8
CUT
10
66.2425
20
180.7406
0
VERTEX
8
CUT
10
66.2297
20
180.7563
0
VERTEX
8
CUT
10
66.2000
20
180.7950
0
VERTEX
8
CUT
10
66.1514
20
180.8619
0
VERTEX
8
CUT
10
66.1305
20
180.8919
0
VERTEX
8
CUT
10
66.1284
20
180.8951
0
VERTEX
8
CUT
10
66.1087
20
180.9259
0
VERTEX
8
CUT
10
66.0658
20
180.9965
0
VERTEX
8
CUT
10
66.0415
20
181.0388
0
VERTEX
8
CUT
10
66.0319
20
181.0567
0
VERTEX
8
CUT
10
66.0262
20
181.0675
0
VERTEX
8
CUT
10
64.7399
20
183.5427
0
VERTEX
8
CUT
10
64.7328
20
183.5559
0
VERTEX
8
CUT
10
64.6857
20
183.6413
0
VERTEX
8
CUT
10
64.6783
20
183.6544
0
VERTEX
8
CUT
10
64.6487
20
183.7050
0
VERTEX
8
CUT
10
64.6329
20
183.7305
0
VERTEX
8
CUT
10
64.5276
20
183.8914
0
VERTEX
8
CUT
10
64.4923
20
183.9399
0
VERTEX
8
CUT
10
64.3731
20
184.0875
0
VERTEX
8
CUT
10
64.3331
20
184.1323
0
VERTEX
8
CUT
10
64.1998
20
184.2672
0
VERTEX
8
CUT
10
64.1555
20
184.3077
0
VERTEX
8
CUT
10
64.0094
20
184.4287
0
VERTEX
8
CUT
10
63.9613
20
184.4646
0
VERTEX
8
CUT
10
63.8038
20
184.5703
0
VERTEX
8
CUT
10
63.7523
20
184.6012
0
VERTEX
8
CUT
10
63.5851
20
184.6907
0
VERTEX
8
CUT
10
63.5308
20
184.7163
0
VERTEX
8
CUT
10
63.3554
20
184.7886
0
VERTEX
8
CUT
10
63.2989
20
184.8087
0
VERTEX
8
CUT
10
63.1172
20
184.8632
0
VERTEX
8
CUT
10
63.0589
20
184.8775
0
VERTEX
8
CUT
10
62.8726
20
184.9135
0
VERTEX
8
CUT
10
62.8132
20
184.9219
0
VERTEX
8
CUT
10
62.6243
20
184.9392
0
VERTEX
8
CUT
10
62.5643
20
184.9416
0
VERTEX
8
CUT
10
62.3746
20
184.9399
0
VERTEX
8
CUT
10
62.3147
20
184.9364
0
VERTEX
8
CUT
10
62.1262
20
184.9157
0
VERTEX
8
CUT
10
62.0669
20
184.9062
0
VERTEX
8
CUT
10
61.8814
20
184.8668
0
VERTEX
8
CUT
10
61.8233
20
184.8514
0
VERTEX
8
CUT
10
61.6426
20
184.7937
0
VERTEX
8
CUT
10
61.5865
20
184.7726
0
VERTEX
8
CUT
10
61.4124
20
184.6971
0
VERTEX
8
CUT
10
61.3586
20
184.6705
0
VERTEX
8
CUT
10
61.1930
20
184.5780
0
VERTEX
8
CUT
10
61.1422
20
184.5461
0
VERTEX
8
CUT
10
60.9866
20
184.4375
0
VERTEX
8
CUT
10
60.9392
20
184.4008
0
VERTEX
8
CUT
10
60.7933
20
184.2755
0
VERTEX
8
CUT
10
60.7710
20
184.2553
0
VERTEX
8
CUT
10
60.7285
20
184.2150
0
VERTEX
8
CUT
10
60.7177
20
184.2045
0
VERTEX
8
CUT
10
60.6487
20
184.1356
0
VERTEX
8
CUT
10
60.6382
20
184.1249
0
VERTEX
8
CUT
10
59.0643
20
182.4731
0
VERTEX
8
CUT
10
59.0510
20
182.4586
0
VERTEX
8
CUT
10
58.9659
20
182.3632
0
VERTEX
8
CUT
10
58.9530
20
182.3483
0
VERTEX
8
CUT
10
58.8502
20
182.2252
0
VERTEX
8
CUT
10
58.8379
20
182.2099
0
VERTEX
8
CUT
10
58.7592
20
182.1092
0
VERTEX
8
CUT
10
58.7474
20
182.0935
0
VERTEX
8
CUT
10
56.8530
20
179.4959
0
VERTEX
8
CUT
10
56.8457
20
179.4861
0
VERTEX
8
CUT
10
56.8285
20
179.4632
0
VERTEX
8
CUT
10
56.8211
20
179.4535
0
VERTEX
8
CUT
10
56.8120
20
179.4416
0
VERTEX
8
CUT
10
56.8044
20
179.4320
0
VERTEX
8
CUT
10
56.7866
20
179.4096
0
VERTEX
8
CUT
10
56.7790
20
179.4000
0
VERTEX
8
CUT
10
56.7652
20
179.3832
0
VERTEX
8
CUT
10
56.7574
20
179.3738
0
VERTEX
8
CUT
10
56.7390
20
179.3519
0
VERTEX
8
CUT
10
56.7311
20
179.3425
0
VERTEX
8
CUT
10
56.7213
20
179.3312
0
VERTEX
8
CUT
10
56.7133
20
179.3220
0
VERTEX
8
CUT
10
56.6943
20
179.3006
0
VERTEX
8
CUT
10
56.6861
20
179.2915
0
VERTEX
8
CUT
10
53.9241
20
176.2607
0
VERTEX
8
CUT
10
53.9114
20
176.2463
0
VERTEX
8
CUT
10
53.8304
20
176.1516
0
VERTEX
8
CUT
10
53.8182
20
176.1368
0
VERTEX
8
CUT
10
53.7205
20
176.0148
0
VERTEX
8
CUT
10
53.7087
20
175.9996
0
VERTEX
8
CUT
10
53.6340
20
175.8999
0
VERTEX
8
CUT
10
53.6228
20
175.8844
0
VERTEX
8
CUT
10
53.0843
20
175.1160
0
VERTEX
8
CUT
10
53.0754
20
175.1029
0
VERTEX
8
CUT
10
53.0187
20
175.0172
0
VERTEX
8
CUT
10
53.0101
20
175.0039
0
VERTEX
8
CUT
10
52.9774
20
174.9516
0
VERTEX
8
CUT
10
52.9614
20
174.9244
0
VERTEX
8
CUT
10
52.8633
20
174.7472
0
VERTEX
8
CUT
10
52.8356
20
174.6904
0
VERTEX
8
CUT
10
52.7566
20
174.5039
0
VERTEX
8
CUT
10
52.7451
20
174.4744
0
VERTEX
8
CUT
10
52.7241
20
174.4164
0
VERTEX
8
CUT
10
52.7189
20
174.4015
0
VERTEX
8
CUT
10
52.6864
20
174.3041
0
VERTEX
8
CUT
10
52.6816
20
174.2890
0
VERTEX
8
CUT
10
52.4976
20
173.6837
0
VERTEX
8
CUT
10
52.4935
20
173.6696
0
VERTEX
8
CUT
10
52.4680
20
173.5774
0
VERTEX
8
CUT
10
52.4642
20
173.5632
0
VERTEX
8
CUT
10
52.4502
20
173.5075
0
VERTEX
8
CUT
10
52.4438
20
173.4788
0
VERTEX
8
CUT
10
52.4069
20
173.2938
0
VERTEX
8
CUT
10
52.3982
20
173.2356
0
VERTEX
8
CUT
10
52.3798
20
173.0506
0
VERTEX
8
CUT
10
52.3769
20
172.9918
0
SEQEND
0
POLYLINE
8
CUT
66
1
70
1
10
0.0
20
0.0
30
0.0
0
VERTEX
8
CUT
10
54.4035
20
130.4813
0
VERTEX
8
CUT
10
54.4050
20
130.4217
0
VERTEX
8
CUT
10
54.4188
20
130.2339
0
VERTEX
8
CUT
10
54.4262
20
130.1748
0
VERTEX
8
CUT
10
54.4586
20
129.9893
0
VERTEX
8
CUT
10
54.4717
20
129.9312
0
VERTEX
8
CUT
10
54.5224
20
129.7498
0
VERTEX
8
CUT
10
54.5413
20
129.6933
0
VERTEX
8
CUT
10
54.6097
20
129.5178
0
VERTEX
8
CUT
10
54.6340
20
129.4635
0
VERTEX
8
CUT
10
54.7195
20
129.2957
0
VERTEX
8
CUT
10
54.7491
20
129.2440
0
VERTEX
8
CUT
10
54.8508
20
129.0855
0
VERTEX
8
CUT
10
54.8854
20
129.0370
0
VERTEX
8
CUT
10
55.0023
20
128.8893
0
VERTEX
8
CUT
10
55.0416
20
128.8445
0
VERTEX
8
CUT
10
55.1725
20
128.7092
0
VERTEX
8
CUT
10
55.2160
20
128.6685
0
VERTEX
8
CUT
10
55.3598
20
128.5468
0
VERTEX
8
CUT
10
55.4071
20
128.5106
0
VERTEX
8
CUT
10
55.5622
20
128.4038
0
VERTEX
8
CUT
10
55.6128
20
128.3725
0
VERTEX
8
CUT
10
55.7778
20
128.2816
0
VERTEX
8
CUT
10
55.8313
20
128.2554
0
VERTEX
8
CUT
10
56.0044
20
128.1813
0
VERTEX
8
CUT
10
56.0603
20
128.1606
0
VERTEX
8
CUT
10
56.2399
20
128.1040
0
VERTEX
8
CUT
10
56.2975
20
128.0890
0
VERTEX
8
CUT
10
56.4844
20
128.0500
0
VERTEX
8
CUT
10
56.5138
20
128.0446
0
VERTEX
8
CUT
10
56.5712
20
128.0356
0
VERTEX
8
CUT
10
56.5860
20
128.0334
0
VERTEX
8
CUT
10
56.6819
20
128.0207
0
VERTEX
8
CUT
10
56.6967
20
128.0190
0
VERTEX
8
CUT
10
57.1948
20
127.9657
0
VERTEX
8
CUT
10
57.2073
20
127.9645
0
VERTEX
8
CUT
10
57.2887
20
127.9575
0
VERTEX
8
CUT
10
57.3012
20
127.9566
0
VERTEX
8
CUT
10
57.3502
20
127.9534
0
VERTEX
8
CUT
10
57.3753
20
127.9523
0
VERTEX
8
CUT
10
57.5363
20
127.9486
0
VERTEX
8
CUT
10
57.5865
20
127.9496
0
VERTEX
8
CUT
10
57.7472
20
127.9594
0
VERTEX
8
CUT
10
57.7723
20
127.9615
0
VERTEX
8
CUT
10
57.8211
20
127.9665
0
VERTEX
8
CUT
10
57.8336
20
127.9679
0
VERTEX
8
CUT
10
57.9146
20
127.9780
0
VERTEX
8
CUT
10
57.9270
20
127.9797
0
VERTEX
8
CUT
10
58.6155
20
128.0800
0
VERTEX
8
CUT
10
58.6300
20
128.0823
0
VERTEX
8
CUT
10
58.7240
20
128.0983
0
VERTEX
8
CUT
10
58.7384
20
128.1010
0
VERTEX
8
CUT
10
58.7946
20
128.1120
0
VERTEX
8
CUT
10
58.8233
20
128.1184
0
VERTEX
8
CUT
10
59.0083
20
128.1641
0
VERTEX
8
CUT
10
59.0366
20
128.1719
0
VERTEX
8
CUT
10
59.0915
20
128.1883
0
VERTEX
8
CUT
10
59.1055
20
128.1927
0
VERTEX
8
CUT
10
59.1961
20
128.2223
0
VERTEX
8
CUT
10
59.2100
20
128.2270
0
VERTEX
8
CUT
10
59.9166
20
128.4772
0
VERTEX
8
CUT
10
59.9287
20
128.4817
0
VERTEX
8
CUT
10
60.0070
20
128.5113
0
VERTEX
8
CUT
10
60.0190
20
128.5160
0
VERTEX
8
CUT
10
60.0656
20
128.5348
0
VERTEX
8
CUT
10
60.0893
20
128.5449
0
VERTEX
8
CUT
10
60.2397
20
128.6132
0
VERTEX
8
CUT
10
60.2856
20
128.6365
0
VERTEX
8
CUT
10
60.4296
20
128.7174
0
VERTEX
8
CUT
10
60.4517
20
128.7305
0
VERTEX
8
CUT
10
60.4945
20
128.7570
0
VERTEX
8
CUT
10
60.5054
20
128.7639
0
VERTEX
8
CUT
10
60.5756
20
128.8095
0
VERTEX
8
CUT
10
60.5863
20
128.8167
0
VERTEX
8
CUT
10
61.7341
20
129.5984
0
VERTEX
8
CUT
10
61.7484
20
129.6085
0
VERTEX
8
CUT
10
61.8409
20
129.6755
0
VERTEX
8
CUT
10
61.8549
20
129.6860
0
VERTEX
8
CUT
10
61.9092
20
129.7278
0
VERTEX
8
CUT
10
61.9364
20
129.7500
0
VERTEX
8
CUT
10
62.1086
20
129.8996
0
VERTEX
8
CUT
10
62.1344
20
129.9234
0
VERTEX
8
CUT
10
62.1835
20
129.9712
0
VERTEX
8
CUT
10
62.1958
20
129.9837
0
VERTEX
8
CUT
10
62.2751
20
130.0658
0
VERTEX
8
CUT
10
62.2871
20
130.0786
0
VERTEX
8
CUT
10
63.5318
20
131.4453
0
VERTEX
8
CUT
10
63.5412
20
131.4559
0
VERTEX
8
CUT
10
63.6018
20
131.5257
0
VERTEX
8
CUT
10
63.6110
20
131.5365
0
VERTEX
8
CUT
10
63.6463
20
131.5793
0
VERTEX
8
CUT
10
63.6639
20
131.6016
0
VERTEX
8
CUT
10
63.7748
20
131.7493
0
VERTEX
8
CUT
10
63.7913
20
131.7724
0
VERTEX
8
CUT
10
63.8225
20
131.8183
0
VERTEX
8
CUT
10
63.8303
20
131.8302
0
VERTEX
8
CUT
10
63.8804
20
131.9078
0
VERTEX
8
CUT
10
63.8880
20
131.9198
0
VERTEX
8
CUT
10
64.9518
20
133.6582
0
VERTEX
8
CUT
10
64.9574
20
133.6675
0
VERTEX
8
CUT
10
64.9956
20
133.7325
0
VERTEX
8
CUT
10
65.0012
20
133.7422
0
VERTEX
8
CUT
10
65.0254
20
133.7853
0
VERTEX
8
CUT
10
65.0367
20
133.8063
0
VERTEX
8
CUT
10
65.1043
20
133.9385
0
VERTEX
8
CUT
10
65.1143
20
133.9591
0
VERTEX
8
CUT
10
65.1311
20
133.9951
0
VERTEX
8
CUT
10
65.1355
20
134.0049
0
VERTEX
8
CUT
10
65.1657
20
134.0732
0
VERTEX
8
CUT
10
65.1705
20
134.0842
0
VERTEX
8
CUT
10
65.4175
20
134.6742
0
VERTEX
8
CUT
10
65.4237
20
134.6896
0
VERTEX
8
CUT
10
65.4622
20
134.7892
0
VERTEX
8
CUT
10
65.4679
20
134.8046
0
VERTEX
8
CUT
10
65.4894
20
134.8651
0
VERTEX
8
CUT
10
65.4996
20
134.8964
0
VERTEX
8
CUT
10
65.5600
20
135.1013
0
VERTEX
8
CUT
10
65.5684
20
135.1331
0
VERTEX
8
CUT
10
65.5832
20
135.1956
0
VERTEX
8
CUT
10
65.5867
20
135.2116
0
VERTEX
8
CUT
10
65.6084
20
135.3163
0
VERTEX
8
CUT
10
65.6116
20
135.3324
0
VERTEX
8
CUT
10
65.8259
20
136.5305
0
VERTEX
8
CUT
10
65.8284
20
136.5456
0
VERTEX
8
CUT
10
65.8434
20
136.6436
0
VERTEX
8
CUT
10
65.8455
20
136.6587
0
VERTEX
8
CUT
10
65.8530
20
136.7178
0
VERTEX
8
CUT
10
65.8561
20
136.7481
0
VERTEX
8
CUT
10
65.8710
20
136.9458
0
VERTEX
8
CUT
10
65.8725
20
136.9763
0
VERTEX
8
CUT
10
65.8740
20
137.0358
0
VERTEX
8
CUT
10
65.8741
20
137.0511
0
VERTEX
8
CUT
10
65.8740
20
137.1502
0
VERTEX
8
CUT
10
65.8738
20
137.1655
0
VERTEX
8
CUT
10
65.8288
20
138.8701
0
VERTEX
8
CUT
10
65.8281
20
138.8869
0
VERTEX
8
CUT
10
65.8222
20
138.9964
0
VERTEX
8
CUT
10
65.8210
20
139.0132
0
VERTEX
8
CUT
10
65.8097
20
139.1503
0
VERTEX
8
CUT
10
65.8080
20
139.1671
0
VERTEX
8
CUT
10
65.7959
20
139.2760
0
VERTEX
8
CUT
10
65.7938
20
139.2927
0
VERTEX
8
CUT
10
65.2987
20
142.8362
0
VERTEX
8
CUT
10
65.2966
20
142.8501
0
VERTEX
8
CUT
10
65.2818
20
142.9405
0
VERTEX
8
CUT
10
65.2793
20
142.9544
0
VERTEX
8
CUT
10
65.2581
20
143.0674
0
VERTEX
8
CUT
10
65.2553
20
143.0812
0
VERTEX
8
CUT
10
65.2363
20
143.1707
0
VERTEX
8
CUT
10
65.2332
20
143.1845
0
VERTEX
8
CUT
10
64.7889
20
145.0586
0
VERTEX
8
CUT
10
64.7838
20
145.0789
0
VERTEX
8
CUT
10
64.7478
20
145.2100
0
VERTEX
8
CUT
10
64.7419
20
145.2301
0
VERTEX
8
CUT
10
64.6911
20
145.3929
0
VERTEX
8
CUT
10
64.6845
20
145.4128
0
VERTEX
8
CUT
10
64.6395
20
145.5411
0
VERTEX
8
CUT
10
64.6322
20
145.5607
0
VERTEX
8
CUT
10
64.1575
20
146.7764
0
VERTEX
8
CUT
10
64.1526
20
146.7887
0
VERTEX
8
CUT
10
64.1195
20
146.8682
0
VERTEX
8
CUT
10
64.1143
20
146.8804
0
VERTEX
8
CUT
10
64.0933
20
146.9277
0
VERTEX
8
CUT
10
64.0821
20
146.9517
0
VERTEX
8
CUT
10
64.0056
20
147.1059
0
VERTEX
8
CUT
10
63.9933
20
147.1294
0
VERTEX
8
CUT
10
63.9682
20
147.1747
0
VERTEX
8
CUT
10
63.9617
20
147.1862
0
VERTEX
8
CUT
10
63.9184
20
147.2606
0
VERTEX
8
CUT
10
63.9116
20
147.2720
0
VERTEX
8
CUT
10
63.8615
20
147.3539
0
VERTEX
8
CUT
10
63.8538
20
147.3662
0
VERTEX
8
CUT
10
63.8028
20
147.4452
0
VERTEX
8
CUT
10
63.7948
20
147.4573
0
VERTEX
8
CUT
10
63.7630
20
147.5040
0
VERTEX
8
CUT
10
63.7462
20
147.5276
0
VERTEX
8
CUT
10
63.6346
20
147.6757
0
VERTEX
8
CUT
10
63.5976
20
147.7202
0
VERTEX
8
CUT
10
63.4740
20
147.8551
0
VERTEX
8
CUT
10
63.4329
20
147.8958
0
VERTEX
8
CUT
10
63.2968
20
148.0181
0
VERTEX
8
CUT
10
63.2520
20
148.0547
0
VERTEX
8
CUT
10
63.1048
20
148.1634
0
VERTEX
8
CUT
10
63.0566
20
148.1955
0
VERTEX
8
CUT
10
62.8997
20
148.2894
0
VERTEX
8
CUT
10
62.8487
20
148.3167
0
VERTEX
8
CUT
10
62.6834
20
148.3951
0
VERTEX
8
CUT
10
62.6299
20
148.4174
0
VERTEX
8
CUT
10
62.4579
20
148.4795
0
VERTEX
8
CUT
10
62.4026
20
148.4965
0
VERTEX
8
CUT
10
62.2253
20
148.5418
0
VERTEX
8
CUT
10
62.1686
20
148.5534
0
VERTEX
8
CUT
10
61.9878
20
148.5814
0
VERTEX
8
CUT
10
61.9303
20
148.5875
0
VERTEX
8
CUT
10
61.7476
20
148.5979
0
VERTEX
8
CUT
10
61.6897
20
148.5984
0
VERTEX
8
CUT
10
61.5069
20
148.5912
0
VERTEX
8
CUT
10
61.4493
20
148.5861
0
VERTEX
8
CUT
10
61.2680
20
148.5613
0
VERTEX
8
CUT
10
61.2111
20
148.5507
0
VERTEX
8
CUT
10
61.0331
20
148.5086
0
VERTEX
8
CUT
10
60.9775
20
148.4926
0
VERTEX
8
CUT
10
60.8044
20
148.4335
0
VERTEX
8
CUT
10
60.7506
20
148.4122
0
VERTEX
8
CUT
10
60.5839
20
148.3367
0
VERTEX
8
CUT
10
60.5324
20
148.3103
0
VERTEX
8
CUT
10
60.3738
20
148.2191
0
VERTEX
8
CUT
10
60.3251
20
148.1878
0
VERTEX
8
CUT
10
60.1760
20
148.0818
0
VERTEX
8
CUT
10
60.1305
20
148.0460
0
VERTEX
8
CUT
10
59.9905
20
147.9244
0
VERTEX
8
CUT
10
59.9691
20
147.9050
0
VERTEX
8
CUT
10
59.9282
20
147.8659
0
VERTEX
8
CUT
10
59.9179
20
147.8558
0
VERTEX
8
CUT
10
59.8515
20
147.7891
0
VERTEX
8
CUT
10
59.8414
20
147.7788
0
VERTEX
8
CUT
10
59.7843
20
147.7186
0
VERTEX
8
CUT
10
59.7753
20
147.7090
0
VERTEX
8
CUT
10
59.7180
20
147.6459
0
VERTEX
8
CUT
10
59.7093
20
147.6361
0
VERTEX
8
CUT
10
59.6757
20
147.5974
0
VERTEX
8
CUT
10
59.6589
20
147.5773
0
VERTEX
8
CUT
10
59.5542
20
147.4457
0
VERTEX
8
CUT
10
59.5234
20
147.4033
0
VERTEX
8
CUT
10
59.4306
20
147.2630
0
VERTEX
8
CUT
10
59.4166
20
147.2409
0
VERTEX
8
CUT
10
59.3902
20
147.1969
0
VERTEX
8
CUT
10
59.3836
20
147.1856
0
VERTEX
8
CUT
10
59.3413
20
147.1116
0
VERTEX
8
CUT
10
59.3349
20
147.1001
0
VERTEX
8
CUT
10
58.5165
20
145.5919
0
VERTEX
8
CUT
10
58.5102
20
145.5801
0
VERTEX
8
CUT
10
58.4703
20
145.5025
0
VERTEX
8
CUT
10
58.4643
20
145.4905
0
VERTEX
8
CUT
10
58.4414
20
145.4433
0
VERTEX
8
CUT
10
58.4302
20
145.4189
0
VERTEX
8
CUT
10
58.3610
20
145.2588
0
VERTEX
8
CUT
10
58.3510
20
145.2339
0
VERTEX
8
CUT
10
58.3323
20
145.1849
0
VERTEX
8
CUT
10
58.3277
20
145.1723
0
VERTEX
8
CUT
10
58.2986
20
145.0901
0
VERTEX
8
CUT
10
58.2942
20
145.0774
0
VERTEX
8
CUT
10
57.5903
20
142.9405
0
VERTEX
8
CUT
10
57.5854
20
142.9249
0
VERTEX
8
CUT
10
57.5551
20
142.8236
0
VERTEX
8
CUT
10
57.5506
20
142.8079
0
VERTEX
8
CUT
10
57.5159
20
142.6797
0
VERTEX
8
CUT
10
57.5119
20
142.6639
0
VERTEX
8
CUT
10
57.4871
20
142.5611
0
VERTEX
8
CUT
10
57.4835
20
142.5452
0
VERTEX
8
CUT
10
57.1746
20
141.0939
0
VERTEX
8
CUT
10
57.1709
20
141.0748
0
VERTEX
8
CUT
10
57.1487
20
140.9506
0
VERTEX
8
CUT
10
57.1455
20
140.9315
0
VERTEX
8
CUT
10
57.1227
20
140.7748
0
VERTEX
8
CUT
10
57.1202
20
140.7555
0
VERTEX
8
CUT
10
57.1060
20
140.6301
0
VERTEX
8
CUT
10
57.1041
20
140.6108
0
VERTEX
8
CUT
10
56.9974
20
139.2823
0
VERTEX
8
CUT
10
56.9961
20
139.2630
0
VERTEX
8
CUT
10
56.9901
20
139.1375
0
VERTEX
8
CUT
10
56.9895
20
139.1181
0
VERTEX
8
CUT
10
56.9870
20
138.9605
0
VERTEX
8
CUT
10
56.9870
20
138.9412
0
VERTEX
8
CUT
10
56.9891
20
138.8155
0
VERTEX
8
CUT
10
56.9897
20
138.7962
0
VERTEX
8
CUT
10
57.0553
20
137.4508
0
VERTEX
8
CUT
10
57.0564
20
137.4334
0
VERTEX
8
CUT
10
57.0652
20
137.3205
0
VERTEX
8
CUT
10
57.0668
20
137.3031
0
VERTEX
8
CUT
10
57.0820
20
137.1617
0
VERTEX
8
CUT
10
57.0841
20
137.1444
0
VERTEX
8
CUT
10
57.0994
20
137.0322
0
VERTEX
8
CUT
10
57.1020
20
137.0150
0
VERTEX
8
CUT
10
57.4912
20
134.6770
0
VERTEX
8
CUT
10
57.4974
20
134.6330
0
VERTEX
8
CUT
10
57.5068
20
134.5521
0
VERTEX
8
CUT
10
57.5127
20
134.4635
0
VERTEX
8
CUT
10
57.5136
20
134.4043
0
VERTEX
8
CUT
10
57.5107
20
134.3155
0
VERTEX
8
CUT
10
57.5059
20
134.2566
0
VERTEX
8
CUT
10
57.4943
20
134.1685
0
VERTEX
8
CUT
10
57.4836
20
134.1103
0
VERTEX
8
CUT
10
57.4633
20
134.0238
0
VERTEX
8
CUT
10
57.4470
20
133.9669
0
VERTEX
8
CUT
10
57.4183
20
133.8828
0
VERTEX
8
CUT
10
57.3965
20
133.8279
0
VERTEX
8
CUT
10
57.3596
20
133.7470
0
VERTEX
8
CUT
10
57.3324
20
133.6945
0
VERTEX
8
CUT
10
57.2878
20
133.6177
0
VERTEX
8
CUT
10
57.2556
20
133.5680
0
VERTEX
8
CUT
10
57.2035
20
133.4960
0
VERTEX
8
CUT
10
57.1666
20
133.4498
0
VERTEX
8
CUT
10
57.1077
20
133.3833
0
VERTEX
8
CUT
10
57.0664
20
133.3409
0
VERTEX
8
CUT
10
57.0013
20
133.2805
0
VERTEX
8
CUT
10
56.9560
20
133.2425
0
VERTEX
8
CUT
10
56.8852
20
133.1888
0
VERTEX
8
CUT
10
56.8363
20
133.1554
0
VERTEX
8
CUT
10
56.7606
20
133.1089
0
VERTEX
8
CUT
10
56.7087
20
133.0805
0
VERTEX
8
CUT
10
56.6288
20
133.0417
0
VERTEX
8
CUT
10
56.5743
20
133.0186
0
VERTEX
8
CUT
10
56.4910
20
132.9879
0
VERTEX
8
CUT
10
56.4133
20
132.9636
0
VERTEX
8
CUT
10
56.3705
20
132.9513
0
VERTEX
8
CUT
10
56.1817
20
132.9023
0
VERTEX
8
CUT
10
56.1249
20
132.8845
0
VERTEX
8
CUT
10
55.9482
20
132.8193
0
VERTEX
8
CUT
10
55.8934
20
132.7960
0
VERTEX
8
CUT
10
55.7240
20
132.7136
0
VERTEX
8
CUT
10
55.6718
20
132.6850
0
VERTEX
8
CUT
10
55.5115
20
132.5862
0
VERTEX
8
CUT
10
55.4623
20
132.5525
0
VERTEX
8
CUT
10
55.3126
20
132.4383
0
VERTEX
8
CUT
10
55.2670
20
132.3999
0
VERTEX
8
CUT
10
55.1293
20
132.2715
0
VERTEX
8
CUT
10
55.0878
20
132.2287
0
VERTEX
8
CUT
10
54.9635
20
132.0873
0
VERTEX
8
CUT
10
54.9265
20
132.0406
0
VERTEX
8
CUT
10
54.8168
20
131.8875
0
VERTEX
8
CUT
10
54.7846
20
131.8374
0
VERTEX
8
CUT
10
54.6906
20
131.6742
0
VERTEX
8
CUT
10
54.6635
20
131.6212
0
VERTEX
8
CUT
10
54.5862
20
131.4494
0
VERTEX
8
CUT
10
54.5645
20
131.3940
0
VERTEX
8
CUT
10
54.5046
20
131.2154
0
VERTEX
8
CUT
10
54.4885
20
131.1581
0
VERTEX
8
CUT
10
54.4466
20
130.9744
0
VERTEX
8
CUT
10
54.4363
20
130.9158
0
VERTEX
8
CUT
10
54.4128
20
130.7289
0
VERTEX
8
CUT
10
54.4084
20
130.6695
0
SEQEND
0
ENDSEC
0
EOF
