0
SECTION
2
HEADER
9
$ACADVER
1
AC1009
9
$INSUNITS
70
4
0
ENDSEC
0
SECTION
2
TABLES
0
TABLE
2
LAYER
70
1
0
LAYER
2
CUT
70
0
62
7
6
CONTINUOUS
0
ENDTAB
0
ENDSEC
0
SECTION
2
ENTITIES
0
POLYLINE
8
CUT
66
1
70
1
10
0.0
20
0.0
30
0.0
0
VERTEX
8
CUT
10
-0.1250
20
296.6250
0
VERTEX
8
CUT
10
-0.1250
20
299.3054
0
VERTEX
8
CUT
10
-0.1202
20
299.4033
0
VERTEX
8
CUT
10
-0.1087
20
299.4809
0
VERTEX
8
CUT
10
-0.0896
20
299.5569
0
VERTEX
8
CUT
10
-0.0632
20
299.6308
0
VERTEX
8
CUT
10
-0.0297
20
299.7017
0
VERTEX
8
CUT
10
0.0106
20
299.7689
0
VERTEX
8
CUT
10
0.0573
20
299.8319
0
VERTEX
8
CUT
10
0.1100
20
299.8900
0
VERTEX
8
CUT
10
0.1681
20
299.9427
0
VERTEX
8
CUT
10
0.2311
20
299.9894
0
VERTEX
8
CUT
10
0.2983
20
300.0297
0
VERTEX
8
CUT
10
0.3692
20
300.0632
0
VERTEX
8
CUT
10
0.4431
20
300.0896
0
VERTEX
8
CUT
10
0.5191
20
300.1087
0
VERTEX
8
CUT
10
0.5967
20
300.1202
0
VERTEX
8
CUT
10
0.6946
20
300.1250
0
VERTEX
8
CUT
10
299.3039
20
300.1250
0
VERTEX
8
CUT
10
299.4018
20
300.1202
0
VERTEX
8
CUT
10
299.4794
20
300.1087
0
VERTEX
8
CUT
10
299.5555
20
300.0896
0
VERTEX
8
CUT
10
299.6293
20
300.0632
0
VERTEX
8
CUT
10
299.7002
20
300.0297
0
VERTEX
8
CUT
10
299.7674
20
299.9894
0
VERTEX
8
CUT
10
299.8304
20
299.9427
0
VERTEX
8
CUT
10
299.8885
20
299.8900
0
VERTEX
8
CUT
10
299.9412
20
299.8319
0
VERTEX
8
CUT
10
299.9879
20
299.7689
0
VERTEX
8
CUT
10
300.0282
20
299.7017
0
VERTEX
8
CUT
10
300.0617
20
299.6308
0
VERTEX
8
CUT
10
300.0882
20
299.5569
0
VERTEX
8
CUT
10
300.1072
20
299.4809
0
VERTEX
8
CUT
10
300.1187
20
299.4033
0
VERTEX
8
CUT
10
300.1235
20
299.3054
0
VERTEX
8
CUT
10
300.1235
20
0.6946
0
VERTEX
8
CUT
10
300.1187
20
0.5967
0
VERTEX
8
CUT
10
300.1072
20
0.5191
0
VERTEX
8
CUT
10
300.0882
20
0.4431
0
VERTEX
8
CUT
10
300.0617
20
0.3692
0
VERTEX
8
CUT
10
300.0282
20
0.2983
0
VERTEX
8
CUT
10
299.9879
20
0.2311
0
VERTEX
8
CUT
10
299.9412
20
0.1681
0
VERTEX
8
CUT
10
299.8885
20
0.1100
0
VERTEX
8
CUT
10
299.8304
20
0.0573
0
VERTEX
8
CUT
10
299.7674
20
0.0106
0
VERTEX
8
CUT
10
299.7002
20
-0.0297
0
VERTEX
8
CUT
10
299.6293
20
-0.0632
0
VERTEX
8
CUT
10
299.5555
20
-0.0896
0
VERTEX
8
CUT
10
299.4794
20
-0.1087
0
VERTEX
8
CUT
10
299.4018
20
-0.1202
0
VERTEX
8
CUT
10
299.3039
20
-0.1250
0
VERTEX
8
CUT
10
296.6235
20
-0.1250
0
VERTEX
8
CUT
10
3.3750
20
-0.1250
0
VERTEX
8
CUT
10
0.6946
20
-0.1250
0
VERTEX
8
CUT
10
0.5967
20
-0.1202
0
VERTEX
8
CUT
10
0.5191
20
-0.1087
0
VERTEX
8
CUT
10
0.4431
20
-0.0896
0
VERTEX
8
CUT
10
0.3692
20
-0.0632
0
VERTEX
8
CUT
10
0.2983
20
-0.0297
0
VERTEX
8
CUT
10
0.2311
20
0.0106
0
VERTEX
8
CUT
10
0.1681
20
0.0573
0
VERTEX
8
CUT
10
0.1100
20
0.1100
0
VERTEX
8
CUT
10
0.0573
20
0.1681
0
VERTEX
8
CUT
10
0.0106
20
0.2311
0
VERTEX
8
CUT
10
-0.0297
20
0.2983
0
VERTEX
8
CUT
10
-0.0632
20
0.3692
0
VERTEX
8
CUT
10
-0.0896
20
0.4431
0
VERTEX
8
CUT
10
-0.1087
20
0.5191
0
VERTEX
8
CUT
10
-0.1202
20
0.5967
0
VERTEX
8
CUT
10
-0.1250
20
0.6946
0
VERTEX
8
CUT
10
-0.1250
20
3.3750
0
SEQEND
0
POLYLINE
8
CUT
66
1
70
1
10
0.0
20
0.0
30
0.0
0
VERTEX
8
CUT
10
249.0069
20
234.9773
0
VERTEX
8
CUT
10
249.0098
20
234.9101
0
VERTEX
8
CUT
10
249.0373
20
234.5941
0
VERTEX
8
CUT
10
249.0410
20
234.5607
0
VERTEX
8
CUT
10
249.1273
20
233.9073
0
VERTEX
8
CUT
10
249.1339
20
233.8660
0
VERTEX
8
CUT
10
249.2069
20
233.4788
0
VERTEX
8
CUT
10
249.2269
20
233.3977
0
VERTEX
8
CUT
10
249.3090
20
233.1286
0
VERTEX
8
CUT
10
249.3378
20
233.0501
0
VERTEX
8
CUT
10
249.4935
20
232.6883
0
VERTEX
8
CUT
10
249.5111
20
232.6503
0
VERTEX
8
CUT
10
249.6225
20
232.4262
0
VERTEX
8
CUT
10
249.6399
20
232.3932
0
VERTEX
8
CUT
10
249.8116
20
232.0867
0
VERTEX
8
CUT
10
249.8511
20
232.0235
0
VERTEX
8
CUT
10
250.0519
20
231.7353
0
VERTEX
8
CUT
10
250.0740
20
231.7053
0
VERTEX
8
CUT
10
250.1652
20
231.5871
0
VERTEX
8
CUT
10
250.1892
20
231.5576
0
VERTEX
8
CUT
10
250.4226
20
231.2848
0
VERTEX
8
CUT
10
250.4749
20
231.2295
0
VERTEX
8
CUT
10
250.6603
20
231.0522
0
VERTEX
8
CUT
10
250.7179
20
231.0024
0
VERTEX
8
CUT
10
251.0009
20
230.7816
0
VERTEX
8
CUT
10
251.0315
20
230.7589
0
VERTEX
8
CUT
10
251.2393
20
230.6129
0
VERTEX
8
CUT
10
251.2687
20
230.5933
0
VERTEX
8
CUT
10
251.5499
20
230.4146
0
VERTEX
8
CUT
10
251.6112
20
230.3795
0
VERTEX
8
CUT
10
251.8232
20
230.2710
0
VERTEX
8
CUT
10
251.8875
20
230.2418
0
VERTEX
8
CUT
10
252.1086
20
230.1535
0
VERTEX
8
CUT
10
252.1753
20
230.1303
0
VERTEX
8
CUT
10
252.4948
20
230.0360
0
VERTEX
8
CUT
10
252.5290
20
230.0268
0
VERTEX
8
CUT
10
253.5571
20
229.7746
0
VERTEX
8
CUT
10
253.5969
20
229.7660
0
VERTEX
8
CUT
10
253.9740
20
229.6946
0
VERTEX
8
CUT
10
254.0547
20
229.6838
0
VERTEX
8
CUT
10
254.3280
20
229.6620
0
VERTEX
8
CUT
10
254.4093
20
229.6598
0
VERTEX
8
CUT
10
254.6834
20
229.6673
0
VERTEX
8
CUT
10
254.7354
20
229.6716
0
VERTEX
8
CUT
10
254.8398
20
229.6735
0
VERTEX
8
CUT
10
254.9110
20
229.6782
0
VERTEX
8
CUT
10
255.2453
20
229.7161
0
VERTEX
8
CUT
10
255.2806
20
229.7210
0
VERTEX
8
CUT
10
255.5132
20
229.7584
0
VERTEX
8
CUT
10
255.5455
20
229.7644
0
VERTEX
8
CUT
10
255.8489
20
229.8268
0
VERTEX
8
CUT
10
255.9126
20
229.8428
0
VERTEX
8
CUT
10
256.1248
20
229.9060
0
VERTEX
8
CUT
10
256.1868
20
229.9275
0
VERTEX
8
CUT
10
256.2142
20
229.9383
0
VERTEX
8
CUT
10
256.3923
20
229.9816
0
VERTEX
8
CUT
10
256.4663
20
230.0037
0
VERTEX
8
CUT
10
256.7115
20
230.0906
0
VERTEX
8
CUT
10
256.7829
20
230.1201
0
VERTEX
8
CUT
10
257.0180
20
230.2314
0
VERTEX
8
CUT
10
257.0860
20
230.2680
0
VERTEX
8
CUT
10
257.3976
20
230.4564
0
VERTEX
8
CUT
10
257.4301
20
230.4773
0
VERTEX
8
CUT
10
257.4905
20
230.5181
0
VERTEX
8
CUT
10
257.5243
20
230.5424
0
VERTEX
8
CUT
10
257.8366
20
230.7796
0
VERTEX
8
CUT
10
257.9000
20
230.8335
0
VERTEX
8
CUT
10
258.1033
20
231.0263
0
VERTEX
8
CUT
10
258.1250
20
231.0494
0
VERTEX
8
CUT
10
258.2202
20
231.1354
0
VERTEX
8
CUT
10
258.2697
20
231.1844
0
VERTEX
8
CUT
10
258.4922
20
231.4259
0
VERTEX
8
CUT
10
258.5152
20
231.4520
0
VERTEX
8
CUT
10
258.8150
20
231.8090
0
VERTEX
8
CUT
10
258.8369
20
231.8363
0
VERTEX
8
CUT
10
259.0373
20
232.0986
0
VERTEX
8
CUT
10
259.0772
20
232.1561
0
VERTEX
8
CUT
10
259.2025
20
232.3559
0
VERTEX
8
CUT
10
259.2369
20
232.4168
0
VERTEX
8
CUT
10
259.3434
20
232.6273
0
VERTEX
8
CUT
10
259.3721
20
232.6911
0
VERTEX
8
CUT
10
259.4933
20
232.9980
0
VERTEX
8
CUT
10
259.5054
20
233.0309
0
VERTEX
8
CUT
10
259.7012
20
233.6025
0
VERTEX
8
CUT
10
259.7118
20
233.6358
0
VERTEX
8
CUT
10
259.8040
20
233.9519
0
VERTEX
8
CUT
10
259.8205
20
234.0198
0
VERTEX
8
CUT
10
259.8654
20
234.2507
0
VERTEX
8
CUT
10
259.8756
20
234.3198
0
VERTEX
8
CUT
10
259.8992
20
234.5539
0
VERTEX
8
CUT
10
259.9030
20
234.6236
0
VERTEX
8
CUT
10
259.9057
20
234.9528
0
VERTEX
8
CUT
10
259.9052
20
234.9877
0
VERTEX
8
CUT
10
259.8976
20
235.1906
0
VERTEX
8
CUT
10
259.8950
20
235.2307
0
VERTEX
8
CUT
10
259.8607
20
235.6085
0
VERTEX
8
CUT
10
259.8492
20
235.6882
0
VERTEX
8
CUT
10
259.7963
20
235.9539
0
VERTEX
8
CUT
10
259.7764
20
236.0319
0
VERTEX
8
CUT
10
259.7381
20
236.1547
0
VERTEX
8
CUT
10
259.7146
20
236.2893
0
VERTEX
8
CUT
10
259.7067
20
236.3283
0
VERTEX
8
CUT
10
259.6227
20
236.6944
0
VERTEX
8
CUT
10
259.6008
20
236.7710
0
VERTEX
8
CUT
10
259.5137
20
237.0247
0
VERTEX
8
CUT
10
259.4840
20
237.0986
0
VERTEX
8
CUT
10
259.3256
20
237.4391
0
VERTEX
8
CUT
10
259.3079
20
237.4748
0
VERTEX
8
CUT
10
259.1788
20
237.7180
0
VERTEX
8
CUT
10
259.1631
20
237.7462
0
VERTEX
8
CUT
10
259.0093
20
238.0087
0
VERTEX
8
CUT
10
258.9743
20
238.0629
0
VERTEX
8
CUT
10
258.8488
20
238.2404
0
VERTEX
8
CUT
10
258.8094
20
238.2915
0
VERTEX
8
CUT
10
258.6134
20
238.5241
0
VERTEX
8
CUT
10
258.5921
20
238.5484
0
VERTEX
8
CUT
10
258.3455
20
238.8172
0
VERTEX
8
CUT
10
258.3230
20
238.8407
0
VERTEX
8
CUT
10
258.1061
20
239.0575
0
VERTEX
8
CUT
10
258.0582
20
239.1015
0
VERTEX
8
CUT
10
257.8906
20
239.2427
0
VERTEX
8
CUT
10
257.8391
20
239.2824
0
VERTEX
8
CUT
10
257.5886
20
239.4591
0
VERTEX
8
CUT
10
257.5616
20
239.4773
0
VERTEX
8
CUT
10
257.2595
20
239.6716
0
VERTEX
8
CUT
10
257.2311
20
239.6890
0
VERTEX
8
CUT
10
256.9590
20
239.8476
0
VERTEX
8
CUT
10
256.8998
20
239.8786
0
VERTEX
8
CUT
10
256.6962
20
239.9744
0
VERTEX
8
CUT
10
256.6346
20
240.0002
0
VERTEX
8
CUT
10
256.3390
20
240.1087
0
VERTEX
8
CUT
10
256.3074
20
240.1195
0
VERTEX
8
CUT
10
256.0248
20
240.2094
0
VERTEX
8
CUT
10
255.9827
20
240.2214
0
VERTEX
8
CUT
10
255.5831
20
240.3236
0
VERTEX
8
CUT
10
255.4972
20
240.3403
0
VERTEX
8
CUT
10
255.3270
20
240.3634
0
VERTEX
8
CUT
10
255.2326
20
240.3818
0
VERTEX
8
CUT
10
255.1619
20
240.3920
0
VERTEX
8
CUT
10
254.8267
20
240.4248
0
VERTEX
8
CUT
10
254.7911
20
240.4275
0
VERTEX
8
CUT
10
254.6403
20
240.4351
0
VERTEX
8
CUT
10
254.6087
20
240.4360
0
VERTEX
8
CUT
10
254.3105
20
240.4387
0
VERTEX
8
CUT
10
254.2473
20
240.4366
0
VERTEX
8
CUT
10
254.0349
20
240.4208
0
VERTEX
8
CUT
10
253.9721
20
240.4135
0
VERTEX
8
CUT
10
253.6776
20
240.3667
0
VERTEX
8
CUT
10
253.6465
20
240.3611
0
VERTEX
8
CUT
10
253.3477
20
240.3008
0
VERTEX
8
CUT
10
253.3063
20
240.2912
0
VERTEX
8
CUT
10
253.1752
20
240.2571
0
VERTEX
8
CUT
10
253.1659
20
240.2549
0
VERTEX
8
CUT
10
253.1285
20
240.2449
0
VERTEX
8
CUT
10
252.9196
20
240.1904
0
VERTEX
8
CUT
10
252.8949
20
240.1825
0
VERTEX
8
CUT
10
252.7474
20
240.1431
0
VERTEX
8
CUT
10
252.6602
20
240.1141
0
VERTEX
8
CUT
10
252.2582
20
239.9526
0
VERTEX
8
CUT
10
252.2161
20
239.9342
0
VERTEX
8
CUT
10
251.7951
20
239.7347
0
VERTEX
8
CUT
10
251.7553
20
239.7144
0
VERTEX
8
CUT
10
251.3861
20
239.5121
0
VERTEX
8
CUT
10
251.3104
20
239.4647
0
VERTEX
8
CUT
10
250.9676
20
239.2205
0
VERTEX
8
CUT
10
250.9320
20
239.1936
0
VERTEX
8
CUT
10
250.8311
20
239.1124
0
VERTEX
8
CUT
10
250.8046
20
239.0900
0
VERTEX
8
CUT
10
250.5595
20
238.8737
0
VERTEX
8
CUT
10
250.5097
20
238.8255
0
VERTEX
8
CUT
10
250.2853
20
238.5877
0
VERTEX
8
CUT
10
250.2621
20
238.5619
0
VERTEX
8
CUT
10
250.1863
20
238.4738
0
VERTEX
8
CUT
10
250.1596
20
238.4410
0
VERTEX
8
CUT
10
249.9167
20
238.1247
0
VERTEX
8
CUT
10
249.8690
20
238.0549
0
VERTEX
8
CUT
10
249.6669
20
237.7205
0
VERTEX
8
CUT
10
249.6310
20
237.6537
0
VERTEX
8
CUT
10
249.4994
20
237.3770
0
VERTEX
8
CUT
10
249.4733
20
237.3151
0
VERTEX
8
CUT
10
249.3946
20
237.1030
0
VERTEX
8
CUT
10
249.3740
20
237.0391
0
VERTEX
8
CUT
10
249.2905
20
236.7338
0
VERTEX
8
CUT
10
249.2823
20
236.7013
0
VERTEX
8
CUT
10
249.1028
20
235.9088
0
VERTEX
8
CUT
10
249.0961
20
235.8759
0
VERTEX
8
CUT
10
249.0397
20
235.5637
0
VERTEX
8
CUT
10
249.0307
20
235.4970
0
VERTEX
8
CUT
10
249.0103
20
235.2712
0
VERTEX
8
CUT
10
249.0072
20
235.2040
0
SEQEND
0
POLYLINE
8
CUT
66
1
70
1
10
0.0
20
0.0
30
0.0
0
VERTEX
8
CUT
10
78.4005
20
196.1455
0
VERTEX
8
CUT
10
78.3254
20
196.1614
0
VERTEX
8
CUT
10
78.0701
20
196.2024
0
VERTEX
8
CUT
10
77.9937
20
196.2107
0
VERTEX
8
CUT
10
77.7356
20
196.2256
0
VERTEX
8
CUT
10
77.6588
20
196.2262
0
VERTEX
8
CUT
10
77.4005
20
196.2150
0
VERTEX
8
CUT
10
77.3241
20
196.2078
0
VERTEX
8
CUT
10
76.9659
20
196.1558
0
VERTEX
8
CUT
10
76.9281
20
196.1493
0
VERTEX
8
CUT
10
76.7099
20
196.1063
0
VERTEX
8
CUT
10
76.6740
20
196.0983
0
VERTEX
8
CUT
10
76.3377
20
196.0148
0
VERTEX
8
CUT
10
76.2673
20
195.9937
0
VERTEX
8
CUT
10
76.0338
20
195.9112
0
VERTEX
8
CUT
10
75.9658
20
195.8833
0
VERTEX
8
CUT
10
75.7414
20
195.7786
0
VERTEX
8
CUT
10
75.6764
20
195.7443
0
VERTEX
8
CUT
10
75.4632
20
195.6184
0
VERTEX
8
CUT
10
75.4018
20
195.5781
0
VERTEX
8
CUT
10
75.2017
20
195.4321
0
VERTEX
8
CUT
10
75.1445
20
195.3860
0
VERTEX
8
CUT
10
74.8856
20
195.1557
0
VERTEX
8
CUT
10
74.8587
20
195.1306
0
VERTEX
8
CUT
10
74.7309
20
195.0054
0
VERTEX
8
CUT
10
74.7042
20
194.9779
0
VERTEX
8
CUT
10
74.4591
20
194.7121
0
VERTEX
8
CUT
10
74.4100
20
194.6532
0
VERTEX
8
CUT
10
74.2549
20
194.4467
0
VERTEX
8
CUT
10
74.2120
20
194.3831
0
VERTEX
8
CUT
10
74.0785
20
194.1620
0
VERTEX
8
CUT
10
74.0423
20
194.0944
0
VERTEX
8
CUT
10
73.8876
20
193.7677
0
VERTEX
8
CUT
10
73.8720
20
193.7326
0
VERTEX
8
CUT
10
73.8273
20
193.6245
0
VERTEX
8
CUT
10
73.8140
20
193.5898
0
VERTEX
8
CUT
10
73.6962
20
193.2597
0
VERTEX
8
CUT
10
73.6746
20
193.1885
0
VERTEX
8
CUT
10
73.6139
20
192.9456
0
VERTEX
8
CUT
10
73.5994
20
192.8727
0
VERTEX
8
CUT
10
73.5627
20
192.6250
0
VERTEX
8
CUT
10
73.5554
20
192.5510
0
VERTEX
8
CUT
10
73.5382
20
192.2010
0
VERTEX
8
CUT
10
73.5373
20
192.1638
0
VERTEX
8
CUT
10
73.5367
20
190.6278
0
VERTEX
8
CUT
10
73.5375
20
190.5934
0
VERTEX
8
CUT
10
73.5520
20
190.2692
0
VERTEX
8
CUT
10
73.5582
20
190.2007
0
VERTEX
8
CUT
10
73.6021
20
189.8792
0
VERTEX
8
CUT
10
73.6075
20
189.8453
0
VERTEX
8
CUT
10
73.6939
20
189.3723
0
VERTEX
8
CUT
10
73.7003
20
189.3414
0
VERTEX
8
CUT
10
73.7659
20
189.0510
0
VERTEX
8
CUT
10
73.7824
20
188.9901
0
VERTEX
8
CUT
10
73.8463
20
188.7872
0
VERTEX
8
CUT
10
73.8678
20
188.7278
0
VERTEX
8
CUT
10
73.9806
20
188.4523
0
VERTEX
8
CUT
10
73.9931
20
188.4234
0
VERTEX
8
CUT
10
74.3604
20
187.6226
0
VERTEX
8
CUT
10
74.3729
20
187.5966
0
VERTEX
8
CUT
10
74.4958
20
187.3535
0
VERTEX
8
CUT
10
74.5238
20
187.3030
0
VERTEX
8
CUT
10
74.6648
20
187.0700
0
VERTEX
8
CUT
10
74.6802
20
187.0455
0
VERTEX
8
CUT
10
76.2678
20
184.6331
0
VERTEX
8
CUT
10
76.2894
20
184.6020
0
VERTEX
8
CUT
10
76.5001
20
184.3141
0
VERTEX
8
CUT
10
76.5478
20
184.2554
0
VERTEX
8
CUT
10
76.7860
20
183.9899
0
VERTEX
8
CUT
10
76.8120
20
183.9624
0
VERTEX
8
CUT
10
79.2975
20
181.4562
0
VERTEX
8
CUT
10
79.3146
20
181.4394
0
VERTEX
8
CUT
10
79.5116
20
181.2530
0
VERTEX
8
CUT
10
79.5474
20
181.2211
0
VERTEX
8
CUT
10
79.7557
20
181.0475
0
VERTEX
8
CUT
10
79.7744
20
181.0324
0
VERTEX
8
CUT
10
85.5529
20
176.5171
0
VERTEX
8
CUT
10
85.5783
20
176.4967
0
VERTEX
8
CUT
10
85.6994
20
176.3963
0
VERTEX
8
CUT
10
85.7241
20
176.3752
0
VERTEX
8
CUT
10
85.7709
20
176.3342
0
VERTEX
8
CUT
10
85.7950
20
176.3124
0
VERTEX
8
CUT
10
85.9102
20
176.2053
0
VERTEX
8
CUT
10
85.9337
20
176.1828
0
VERTEX
8
CUT
10
87.1779
20
174.9582
0
VERTEX
8
CUT
10
87.1916
20
174.9444
0
VERTEX
8
CUT
10
87.2350
20
174.9003
0
VERTEX
8
CUT
10
87.2915
20
174.8383
0
VERTEX
8
CUT
10
87.4934
20
174.5998
0
VERTEX
8
CUT
10
87.5349
20
174.5479
0
VERTEX
8
CUT
10
88.2515
20
173.5940
0
VERTEX
8
CUT
10
88.2792
20
173.5554
0
VERTEX
8
CUT
10
88.3960
20
173.3856
0
VERTEX
8
CUT
10
88.4466
20
173.3051
0
VERTEX
8
CUT
10
88.5370
20
173.1469
0
VERTEX
8
CUT
10
88.5807
20
173.0624
0
VERTEX
8
CUT
10
88.6677
20
172.8756
0
VERTEX
8
CUT
10
88.6868
20
172.8321
0
VERTEX
8
CUT
10
89.3581
20
171.2171
0
VERTEX
8
CUT
10
89.3788
20
171.1634
0
VERTEX
8
CUT
10
89.4627
20
170.9288
0
VERTEX
8
CUT
10
89.4960
20
170.8187
0
VERTEX
8
CUT
10
89.5489
20
170.6048
0
VERTEX
8
CUT
10
89.5708
20
170.4919
0
VERTEX
8
CUT
10
89.6060
20
170.2452
0
VERTEX
8
CUT
10
89.6126
20
170.1881
0
VERTEX
8
CUT
10
89.6621
20
169.6462
0
VERTEX
8
CUT
10
89.6662
20
169.5815
0
VERTEX
8
CUT
10
89.6758
20
169.3012
0
VERTEX
8
CUT
10
89.6729
20
169.1717
0
VERTEX
8
CUT
10
89.6532
20
168.9244
0
VERTEX
8
CUT
10
89.6356
20
168.7961
0
VERTEX
8
CUT
10
89.5817
20
168.5208
0
VERTEX
8
CUT
10
89.5675
20
168.4576
0
VERTEX
8
CUT
10
89.4563
20
168.0221
0
VERTEX
8
CUT
10
89.4550
20
168.0170
0
VERTEX
8
CUT
10
89.4467
20
167.9836
0
VERTEX
8
CUT
10
89.3373
20
167.5673
0
VERTEX
8
CUT
10
89.3219
20
167.4941
0
VERTEX
8
CUT
10
89.2821
20
167.2454
0
VERTEX
8
CUT
10
89.2740
20
167.1711
0
VERTEX
8
CUT
10
89.2588
20
166.9196
0
VERTEX
8
CUT
10
89.2580
20
166.8449
0
VERTEX
8
CUT
10
89.2677
20
166.5932
0
VERTEX
8
CUT
10
89.2742
20
166.5187
0
VERTEX
8
CUT
10
89.3086
20
166.2691
0
VERTEX
8
CUT
10
89.3224
20
166.1956
0
VERTEX
8
CUT
10
89.3811
20
165.9507
0
VERTEX
8
CUT
10
89.4021
20
165.8789
0
VERTEX
8
CUT
10
89.4845
20
165.6409
0
VERTEX
8
CUT
10
89.5125
20
165.5715
0
VERTEX
8
CUT
10
89.6179
20
165.3428
0
VERTEX
8
CUT
10
89.6526
20
165.2765
0
VERTEX
8
CUT
10
89.7800
20
165.0592
0
VERTEX
8
CUT
10
89.8210
20
164.9967
0
VERTEX
8
CUT
10
89.9691
20
164.7930
0
VERTEX
8
CUT
10
90.0161
20
164.7347
0
VERTEX
8
CUT
10
90.1835
20
164.5466
0
VERTEX
8
CUT
10
90.2359
20
164.4932
0
VERTEX
8
CUT
10
90.4211
20
164.3225
0
VERTEX
8
CUT
10
90.4785
20
164.2745
0
VERTEX
8
CUT
10
90.6796
20
164.1228
0
VERTEX
8
CUT
10
90.7414
20
164.0807
0
VERTEX
8
CUT
10
91.0423
20
163.8970
0
VERTEX
8
CUT
10
91.0747
20
163.8783
0
VERTEX
8
CUT
10
92.5692
20
163.0639
0
VERTEX
8
CUT
10
92.5864
20
163.0543
0
VERTEX
8
CUT
10
92.6693
20
163.0072
0
VERTEX
8
CUT
10
92.6864
20
162.9974
0
VERTEX
8
CUT
10
92.7204
20
162.9773
0
VERTEX
8
CUT
10
92.7400
20
162.9655
0
VERTEX
8
CUT
10
92.8341
20
162.9073
0
VERTEX
8
CUT
10
92.8534
20
162.8951
0
VERTEX
8
CUT
10
96.0318
20
160.8412
0
VERTEX
8
CUT
10
96.0839
20
160.7997
0
VERTEX
8
CUT
10
96.1100
20
160.7782
0
VERTEX
8
CUT
10
97.3508
20
159.7275
0
VERTEX
8
CUT
10
99.3245
20
157.9198
0
VERTEX
8
CUT
10
100.9415
20
156.1052
0
VERTEX
8
CUT
10
100.9510
20
156.0951
0
VERTEX
8
CUT
10
101.1752
20
155.8291
0
VERTEX
8
CUT
10
101.2004
20
155.8007
0
VERTEX
8
CUT
10
101.4447
20
155.5387
0
VERTEX
8
CUT
10
101.4992
20
155.4857
0
VERTEX
8
CUT
10
101.6915
20
155.3169
0
VERTEX
8
CUT
10
101.7510
20
155.2697
0
VERTEX
8
CUT
10
101.9593
20
155.1209
0
VERTEX
8
CUT
10
102.0232
20
155.0799
0
VERTEX
8
CUT
10
102.2453
20
154.9526
0
VERTEX
8
CUT
10
102.3130
20
154.9182
0
VERTEX
8
CUT
10
102.5466
20
154.8137
0
VERTEX
8
CUT
10
102.6175
20
154.7862
0
VERTEX
8
CUT
10
102.8604
20
154.7056
0
VERTEX
8
CUT
10
102.9336
20
154.6853
0
VERTEX
8
CUT
10
103.1833
20
154.6294
0
VERTEX
8
CUT
10
103.2582
20
154.6165
0
VERTEX
8
CUT
10
103.5123
20
154.5858
0
VERTEX
8
CUT
10
103.5881
20
154.5804
0
VERTEX
8
CUT
10
103.8440
20
154.5752
0
VERTEX
8
CUT
10
103.9199
20
154.5775
0
VERTEX
8
CUT
10
104.1750
20
154.5978
0
VERTEX
8
CUT
10
104.2504
20
154.6077
0
VERTEX
8
CUT
10
104.5022
20
154.6534
0
VERTEX
8
CUT
10
104.5761
20
154.6707
0
VERTEX
8
CUT
10
104.8221
20
154.7414
0
VERTEX
8
CUT
10
104.8940
20
154.7660
0
VERTEX
8
CUT
10
105.1317
20
154.8608
0
VERTEX
8
CUT
10
105.2008
20
154.8925
0
VERTEX
8
CUT
10
105.4278
20
155.0106
0
VERTEX
8
CUT
10
105.4934
20
155.0490
0
VERTEX
8
CUT
10
105.7075
20
155.1892
0
VERTEX
8
CUT
10
105.7689
20
155.2340
0
VERTEX
8
CUT
10
105.9679
20
155.3949
0
VERTEX
8
CUT
10
106.0246
20
155.4455
0
VERTEX
8
CUT
10
106.2065
20
155.6255
0
VERTEX
8
CUT
10
106.2578
20
155.6815
0
VERTEX
8
CUT
10
106.4209
20
155.8787
0
VERTEX
8
CUT
10
106.4664
20
155.9396
0
VERTEX
8
CUT
10
106.6089
20
156.1522
0
VERTEX
8
CUT
10
106.6481
20
156.2173
0
VERTEX
8
CUT
10
106.7687
20
156.4430
0
VERTEX
8
CUT
10
106.8012
20
156.5117
0
VERTEX
8
CUT
10
106.8987
20
156.7483
0
VERTEX
8
CUT
10
106.9241
20
156.8199
0
VERTEX
8
CUT
10
106.9975
20
157.0651
0
VERTEX
8
CUT
10
107.0156
20
157.1389
0
VERTEX
8
CUT
10
107.0783
20
157.4634
0
VERTEX
8
CUT
10
107.0860
20
157.4990
0
VERTEX
8
CUT
10
107.0874
20
157.5080
0
VERTEX
8
CUT
10
107.0918
20
157.5269
0
VERTEX
8
CUT
10
107.1490
20
157.7618
0
VERTEX
8
CUT
10
107.1802
20
157.8672
0
VERTEX
8
CUT
10
107.2094
20
157.9507
0
VERTEX
8
CUT
10
107.2128
20
157.9605
0
VERTEX
8
CUT
10
107.2520
20
158.0729
0
VERTEX
8
CUT
10
107.2803
20
158.1470
0
VERTEX
8
CUT
10
107.2801
20
158.1471
0
VERTEX
8
CUT
10
107.2967
20
158.1920
0
VERTEX
8
CUT
10
107.3874
20
158.4731
0
VERTEX
8
CUT
10
107.4051
20
158.5376
0
VERTEX
8
CUT
10
107.4216
20
158.6100
0
VERTEX
8
CUT
10
107.4349
20
158.6859
0
VERTEX
8
CUT
10
107.4405
20
158.7628
0
VERTEX
8
CUT
10
107.4382
20
158.8398
0
VERTEX
8
CUT
10
107.4222
20
159.0390
0
VERTEX
8
CUT
10
107.4187
20
159.1489
0
VERTEX
8
CUT
10
107.4222
20
159.3597
0
VERTEX
8
CUT
10
107.4293
20
159.4695
0
VERTEX
8
CUT
10
107.4531
20
159.6789
0
VERTEX
8
CUT
10
107.4707
20
159.7875
0
VERTEX
8
CUT
10
107.5146
20
159.9937
0
VERTEX
8
CUT
10
107.5426
20
160.1001
0
VERTEX
8
CUT
10
107.6062
20
160.3010
0
VERTEX
8
CUT
10
107.6443
20
160.4042
0
VERTEX
8
CUT
10
107.7270
20
160.5982
0
VERTEX
8
CUT
10
107.7749
20
160.6972
0
VERTEX
8
CUT
10
107.8890
20
160.9064
0
VERTEX
8
CUT
10
107.9148
20
160.9511
0
VERTEX
8
CUT
10
107.9430
20
160.9950
0
VERTEX
8
CUT
10
107.9480
20
161.0023
0
VERTEX
8
CUT
10
107.9854
20
161.0633
0
VERTEX
8
CUT
10
107.9933
20
161.0777
0
VERTEX
8
CUT
10
108.0191
20
161.1224
0
VERTEX
8
CUT
10
108.0667
20
161.2004
0
VERTEX
8
CUT
10
108.1027
20
161.2666
0
VERTEX
8
CUT
10
108.2127
20
161.4953
0
VERTEX
8
CUT
10
108.2419
20
161.5648
0
VERTEX
8
CUT
10
108.3288
20
161.8033
0
VERTEX
8
CUT
10
108.3510
20
161.8753
0
VERTEX
8
CUT
10
108.4490
20
162.2592
0
VERTEX
8
CUT
10
108.4620
20
162.3059
0
VERTEX
8
CUT
10
108.4654
20
162.3173
0
VERTEX
8
CUT
10
108.4753
20
162.3534
0
VERTEX
8
CUT
10
108.4864
20
162.3978
0
VERTEX
8
CUT
10
108.5139
20
162.4914
0
VERTEX
8
CUT
10
108.5743
20
162.6685
0
VERTEX
8
CUT
10
108.6098
20
162.7595
0
VERTEX
8
CUT
10
108.6950
20
162.9531
0
VERTEX
8
CUT
10
108.7156
20
162.9974
0
VERTEX
8
CUT
10
109.2168
20
164.0155
0
VERTEX
8
CUT
10
109.2260
20
164.0338
0
VERTEX
8
CUT
10
109.2605
20
164.1008
0
VERTEX
8
CUT
10
109.2932
20
164.1599
0
VERTEX
8
CUT
10
109.3943
20
164.3307
0
VERTEX
8
CUT
10
109.4464
20
164.4108
0
VERTEX
8
CUT
10
109.5626
20
164.5741
0
VERTEX
8
CUT
10
109.5973
20
164.6203
0
VERTEX
8
CUT
10
109.6197
20
164.6487
0
VERTEX
8
CUT
10
109.6273
20
164.6582
0
VERTEX
8
CUT
10
110.0007
20
165.1202
0
VERTEX
8
CUT
10
110.0375
20
165.1635
0
VERTEX
8
CUT
10
110.2016
20
165.3470
0
VERTEX
8
CUT
10
110.2815
20
165.4278
0
VERTEX
8
CUT
10
110.4421
20
165.5748
0
VERTEX
8
CUT
10
110.5296
20
165.6473
0
VERTEX
8
CUT
10
110.7040
20
165.7776
0
VERTEX
8
CUT
10
110.7983
20
165.8410
0
VERTEX
8
CUT
10
110.9848
20
165.9532
0
VERTEX
8
CUT
10
111.0849
20
166.0069
0
VERTEX
8
CUT
10
111.2817
20
166.1001
0
VERTEX
8
CUT
10
111.3867
20
166.1435
0
VERTEX
8
CUT
10
111.5917
20
166.2167
0
VERTEX
8
CUT
10
111.7005
20
166.2494
0
VERTEX
8
CUT
10
111.9119
20
166.3018
0
VERTEX
8
CUT
10
112.0234
20
166.3235
0
VERTEX
8
CUT
10
112.2389
20
166.3546
0
VERTEX
8
CUT
10
112.3520
20
166.3651
0
VERTEX
8
CUT
10
112.5695
20
166.3746
0
VERTEX
8
CUT
10
112.6831
20
166.3738
0
VERTEX
8
CUT
10
112.9005
20
166.3615
0
VERTEX
8
CUT
10
113.0135
20
166.3495
0
VERTEX
8
CUT
10
113.2285
20
166.3156
0
VERTEX
8
CUT
10
113.3397
20
166.2924
0
VERTEX
8
CUT
10
113.5503
20
166.2373
0
VERTEX
8
CUT
10
113.6587
20
166.2031
0
VERTEX
8
CUT
10
113.8628
20
166.1273
0
VERTEX
8
CUT
10
113.9672
20
166.0825
0
VERTEX
8
CUT
10
114.1627
20
165.9867
0
VERTEX
8
CUT
10
114.2621
20
165.9317
0
VERTEX
8
CUT
10
114.4472
20
165.8170
0
VERTEX
8
CUT
10
114.5406
20
165.7524
0
VERTEX
8
CUT
10
114.7133
20
165.6198
0
VERTEX
8
CUT
10
114.7998
20
165.5462
0
VERTEX
8
CUT
10
114.9585
20
165.3970
0
VERTEX
8
CUT
10
115.0373
20
165.3152
0
VERTEX
8
CUT
10
115.1802
20
165.1510
0
VERTEX
8
CUT
10
115.2505
20
165.0617
0
VERTEX
8
CUT
10
115.3764
20
164.8841
0
VERTEX
8
CUT
10
115.4374
20
164.7883
0
VERTEX
8
CUT
10
115.5451
20
164.5990
0
VERTEX
8
CUT
10
115.5962
20
164.4976
0
VERTEX
8
CUT
10
115.6845
20
164.2986
0
VERTEX
8
CUT
10
115.7253
20
164.1925
0
VERTEX
8
CUT
10
115.7933
20
163.9857
0
VERTEX
8
CUT
10
115.8233
20
163.8761
0
VERTEX
8
CUT
10
115.8765
20
163.6358
0
VERTEX
8
CUT
10
115.8874
20
163.5800
0
VERTEX
8
CUT
10
115.9430
20
163.2523
0
VERTEX
8
CUT
10
115.9494
20
163.1403
0
VERTEX
8
CUT
10
115.9574
20
163.0659
0
VERTEX
8
CUT
10
115.9965
20
162.8168
0
VERTEX
8
CUT
10
116.0117
20
162.7435
0
VERTEX
8
CUT
10
116.0752
20
162.4995
0
VERTEX
8
CUT
10
116.0975
20
162.4281
0
VERTEX
8
CUT
10
116.1847
20
162.1915
0
VERTEX
8
CUT
10
116.2140
20
162.1226
0
VERTEX
8
CUT
10
116.3239
20
161.8957
0
VERTEX
8
CUT
10
116.3599
20
161.8301
0
VERTEX
8
CUT
10
116.4916
20
161.6151
0
VERTEX
8
CUT
10
116.5339
20
161.5533
0
VERTEX
8
CUT
10
116.6861
20
161.3523
0
VERTEX
8
CUT
10
116.7342
20
161.2950
0
VERTEX
8
CUT
10
116.9055
20
161.1100
0
VERTEX
8
CUT
10
116.9590
20
161.0576
0
VERTEX
8
CUT
10
117.1477
20
160.8904
0
VERTEX
8
CUT
10
117.2061
20
160.8435
0
VERTEX
8
CUT
10
117.4103
20
160.6956
0
VERTEX
8
CUT
10
117.4730
20
160.6548
0
VERTEX
8
CUT
10
117.6907
20
160.5277
0
VERTEX
8
CUT
10
117.7572
20
160.4932
0
VERTEX
8
CUT
10
117.9864
20
160.3881
0
VERTEX
8
CUT
10
118.0559
20
160.3604
0
VERTEX
8
CUT
10
118.2943
20
160.2784
0
VERTEX
8
CUT
10
118.3662
20
160.2575
0
VERTEX
8
CUT
10
118.6115
20
160.1994
0
VERTEX
8
CUT
10
118.6851
20
160.1857
0
VERTEX
8
CUT
10
118.9350
20
160.1520
0
VERTEX
8
CUT
10
119.0096
20
160.1457
0
VERTEX
8
CUT
10
119.2615
20
160.1367
0
VERTEX
8
CUT
10
119.3364
20
160.1377
0
VERTEX
8
CUT
10
119.5880
20
160.1536
0
VERTEX
8
CUT
10
119.6624
20
160.1619
0
VERTEX
8
CUT
10
119.9113
20
160.2025
0
VERTEX
8
CUT
10
119.9845
20
160.2181
0
VERTEX
8
CUT
10
120.2281
20
160.2829
0
VERTEX
8
CUT
10
120.2994
20
160.3057
0
VERTEX
8
CUT
10
120.5355
20
160.3942
0
VERTEX
8
CUT
10
120.6042
20
160.4239
0
VERTEX
8
CUT
10
120.8305
20
160.5351
0
VERTEX
8
CUT
10
120.8960
20
160.5714
0
VERTEX
8
CUT
10
121.1102
20
160.7044
0
VERTEX
8
CUT
10
121.1717
20
160.7469
0
VERTEX
8
CUT
10
121.3718
20
160.9004
0
VERTEX
8
CUT
10
121.4289
20
160.9488
0
VERTEX
8
CUT
10
121.6130
20
161.1211
0
VERTEX
8
CUT
10
121.6650
20
161.1749
0
VERTEX
8
CUT
10
121.8312
20
161.3645
0
VERTEX
8
CUT
10
121.8777
20
161.4232
0
VERTEX
8
CUT
10
122.0244
20
161.6282
0
VERTEX
8
CUT
10
122.0649
20
161.6911
0
VERTEX
8
CUT
10
122.1908
20
161.9096
0
VERTEX
8
CUT
10
122.2249
20
161.9762
0
VERTEX
8
CUT
10
122.3287
20
162.2060
0
VERTEX
8
CUT
10
122.3561
20
162.2757
0
VERTEX
8
CUT
10
122.4367
20
162.5146
0
VERTEX
8
CUT
10
122.4571
20
162.5866
0
VERTEX
8
CUT
10
122.5181
20
162.8503
0
VERTEX
8
CUT
10
122.5304
20
162.9171
0
VERTEX
8
CUT
10
122.5606
20
163.1351
0
VERTEX
8
CUT
10
122.5667
20
163.1995
0
VERTEX
8
CUT
10
122.5772
20
163.3989
0
VERTEX
8
CUT
10
122.5777
20
163.4665
0
VERTEX
8
CUT
10
122.5666
20
163.7712
0
VERTEX
8
CUT
10
122.5659
20
163.8263
0
VERTEX
8
CUT
10
122.5691
20
164.0924
0
VERTEX
8
CUT
10
122.5711
20
164.1474
0
VERTEX
8
CUT
10
122.5902
20
164.4649
0
VERTEX
8
CUT
10
123.0940
20
170.9532
0
VERTEX
8
CUT
10
123.0956
20
170.9725
0
VERTEX
8
CUT
10
123.1043
20
171.0638
0
VERTEX
8
CUT
10
123.1075
20
171.0937
0
VERTEX
8
CUT
10
123.1132
20
171.1408
0
VERTEX
8
CUT
10
123.1146
20
171.1514
0
VERTEX
8
CUT
10
123.1228
20
171.2145
0
VERTEX
8
CUT
10
123.1255
20
171.2338
0
VERTEX
8
CUT
10
123.1390
20
171.3244
0
VERTEX
8
CUT
10
123.1438
20
171.3541
0
VERTEX
8
CUT
10
123.1520
20
171.4009
0
VERTEX
8
CUT
10
123.1539
20
171.4114
0
VERTEX
8
CUT
10
123.3703
20
172.5806
0
VERTEX
8
CUT
10
123.3735
20
172.5974
0
VERTEX
8
CUT
10
123.3820
20
172.6397
0
VERTEX
8
CUT
10
123.4049
20
172.7331
0
VERTEX
8
CUT
10
123.5090
20
173.0919
0
VERTEX
8
CUT
10
123.5369
20
173.1759
0
VERTEX
8
CUT
10
123.5405
20
173.1855
0
VERTEX
8
CUT
10
123.5441
20
173.1950
0
VERTEX
8
CUT
10
124.2845
20
175.1096
0
VERTEX
8
CUT
10
124.3072
20
175.1640
0
VERTEX
8
CUT
10
124.4116
20
175.3973
0
VERTEX
8
CUT
10
124.4653
20
175.5023
0
VERTEX
8
CUT
10
124.5784
20
175.6980
0
VERTEX
8
CUT
10
124.6427
20
175.7969
0
VERTEX
8
CUT
10
124.7928
20
176.0037
0
VERTEX
8
CUT
10
124.8287
20
176.0505
0
VERTEX
8
CUT
10
126.2561
20
177.8171
0
VERTEX
8
CUT
10
126.2690
20
177.8328
0
VERTEX
8
CUT
10
126.3305
20
177.9062
0
VERTEX
8
CUT
10
126.3510
20
177.9300
0
VERTEX
8
CUT
10
126.3839
20
177.9671
0
VERTEX
8
CUT
10
126.3913
20
177.9754
0
VERTEX
8
CUT
10
126.4359
20
178.0247
0
VERTEX
8
CUT
10
126.4496
20
178.0396
0
VERTEX
8
CUT
10
126.5151
20
178.1095
0
VERTEX
8
CUT
10
126.5368
20
178.1321
0
VERTEX
8
CUT
10
126.5717
20
178.1674
0
VERTEX
8
CUT
10
126.5796
20
178.1753
0
VERTEX
8
CUT
10
129.4963
20
181.0663
0
VERTEX
8
CUT
10
129.5216
20
181.0926
0
VERTEX
8
CUT
10
129.7542
20
181.3464
0
VERTEX
8
CUT
10
129.8009
20
181.4025
0
VERTEX
8
CUT
10
129.9489
20
181.5990
0
VERTEX
8
CUT
10
129.9899
20
181.6593
0
VERTEX
8
CUT
10
130.1697
20
181.9529
0
VERTEX
8
CUT
10
130.1880
20
181.9844
0
VERTEX
8
CUT
10
132.3479
20
185.9238
0
VERTEX
8
CUT
10
132.3564
20
185.9390
0
VERTEX
8
CUT
10
132.3780
20
185.9771
0
VERTEX
8
CUT
10
132.4298
20
186.0598
0
VERTEX
8
CUT
10
132.6447
20
186.3722
0
VERTEX
8
CUT
10
132.6985
20
186.4441
0
VERTEX
8
CUT
10
132.7050
20
186.4522
0
VERTEX
8
CUT
10
132.7115
20
186.4602
0
VERTEX
8
CUT
10
134.3271
20
188.4165
0
VERTEX
8
CUT
10
134.3624
20
188.4572
0
VERTEX
8
CUT
10
134.5191
20
188.6297
0
VERTEX
8
CUT
10
134.5951
20
188.7058
0
VERTEX
8
CUT
10
134.7474
20
188.8446
0
VERTEX
8
CUT
10
134.8302
20
188.9132
0
VERTEX
8
CUT
10
135.0165
20
189.0532
0
VERTEX
8
CUT
10
135.0603
20
189.0845
0
VERTEX
8
CUT
10
137.0727
20
190.4533
0
VERTEX
8
CUT
10
137.0897
20
190.4646
0
VERTEX
8
CUT
10
137.1440
20
190.5002
0
VERTEX
8
CUT
10
137.1718
20
190.5169
0
VERTEX
8
CUT
10
137.4025
20
190.5792
0
VERTEX
8
CUT
10
137.4720
20
190.6016
0
VERTEX
8
CUT
10
137.7941
20
190.7229
0
VERTEX
8
CUT
10
137.8280
20
190.7366
0
VERTEX
8
CUT
10
138.9403
20
191.2175
0
VERTEX
8
CUT
10
139.0009
20
191.2417
0
VERTEX
8
CUT
10
139.2659
20
191.3387
0
VERTEX
8
CUT
10
139.4832
20
191.3941
0
VERTEX
8
CUT
10
139.5019
20
191.3987
0
VERTEX
8
CUT
10
139.5710
20
191.4151
0
VERTEX
8
CUT
10
139.6332
20
191.4281
0
VERTEX
8
CUT
10
139.8172
20
191.4611
0
VERTEX
8
CUT
10
139.9063
20
191.4734
0
VERTEX
8
CUT
10
140.0941
20
191.4920
0
VERTEX
8
CUT
10
140.1484
20
191.4960
0
VERTEX
8
CUT
10
140.1824
20
191.4978
0
VERTEX
8
CUT
10
140.1938
20
191.4983
0
VERTEX
8
CUT
10
143.5974
20
191.6367
0
VERTEX
8
CUT
10
143.6628
20
191.6375
0
VERTEX
8
CUT
10
143.9462
20
191.6327
0
VERTEX
8
CUT
10
144.0767
20
191.6230
0
VERTEX
8
CUT
10
144.3576
20
191.5858
0
VERTEX
8
CUT
10
144.4222
20
191.5754
0
VERTEX
8
CUT
10
145.0213
20
191.4607
0
VERTEX
8
CUT
10
145.0774
20
191.4485
0
VERTEX
8
CUT
10
145.3191
20
191.3895
0
VERTEX
8
CUT
10
145.4291
20
191.3567
0
VERTEX
8
CUT
10
145.6365
20
191.2833
0
VERTEX
8
CUT
10
145.7427
20
191.2396
0
VERTEX
8
CUT
10
145.9416
20
191.1457
0
VERTEX
8
CUT
10
146.0429
20
191.0915
0
VERTEX
8
CUT
10
146.2314
20
190.9780
0
VERTEX
8
CUT
10
146.3266
20
190.9139
0
VERTEX
8
CUT
10
146.5027
20
190.7821
0
VERTEX
8
CUT
10
146.5911
20
190.7087
0
VERTEX
8
CUT
10
146.7530
20
190.5598
0
VERTEX
8
CUT
10
146.8335
20
190.4780
0
VERTEX
8
CUT
10
146.9797
20
190.3135
0
VERTEX
8
CUT
10
147.0516
20
190.2240
0
VERTEX
8
CUT
10
147.1804
20
190.0457
0
VERTEX
8
CUT
10
147.2429
20
189.9494
0
VERTEX
8
CUT
10
147.3532
20
189.7590
0
VERTEX
8
CUT
10
147.4057
20
189.6569
0
VERTEX
8
CUT
10
147.5081
20
189.4302
0
VERTEX
8
CUT
10
147.5304
20
189.3772
0
VERTEX
8
CUT
10
147.6660
20
189.0315
0
VERTEX
8
CUT
10
147.6774
20
189.0043
0
VERTEX
8
CUT
10
148.2825
20
187.6223
0
VERTEX
8
CUT
10
148.3052
20
187.5664
0
VERTEX
8
CUT
10
148.3971
20
187.3221
0
VERTEX
8
CUT
10
148.4335
20
187.2072
0
VERTEX
8
CUT
10
148.4915
20
186.9837
0
VERTEX
8
CUT
10
148.5156
20
186.8657
0
VERTEX
8
CUT
10
148.5542
20
186.6075
0
VERTEX
8
CUT
10
148.5615
20
186.5476
0
VERTEX
8
CUT
10
148.5859
20
186.2927
0
VERTEX
8
CUT
10
148.5900
20
186.2341
0
VERTEX
8
CUT
10
148.6011
20
185.9801
0
VERTEX
8
CUT
10
148.6002
20
185.8627
0
VERTEX
8
CUT
10
148.5869
20
185.6382
0
VERTEX
8
CUT
10
148.5740
20
185.5216
0
VERTEX
8
CUT
10
148.5377
20
185.2997
0
VERTEX
8
CUT
10
148.5128
20
185.1850
0
VERTEX
8
CUT
10
148.4538
20
184.9679
0
VERTEX
8
CUT
10
148.4173
20
184.8564
0
VERTEX
8
CUT
10
148.3363
20
184.6466
0
VERTEX
8
CUT
10
148.2885
20
184.5394
0
VERTEX
8
CUT
10
148.1864
20
184.3391
0
VERTEX
8
CUT
10
148.1278
20
184.2374
0
VERTEX
8
CUT
10
148.0056
20
184.0486
0
VERTEX
8
CUT
10
147.9369
20
183.9534
0
VERTEX
8
CUT
10
147.7959
20
183.7782
0
VERTEX
8
CUT
10
147.7178
20
183.6906
0
VERTEX
8
CUT
10
147.5389
20
183.5099
0
VERTEX
8
CUT
10
147.4965
20
183.4693
0
VERTEX
8
CUT
10
146.4095
20
182.4789
0
VERTEX
8
CUT
10
146.3267
20
182.4139
0
VERTEX
8
CUT
10
146.3108
20
182.4011
0
VERTEX
8
CUT
10
146.1333
20
182.2540
0
VERTEX
8
CUT
10
146.1026
20
182.2272
0
VERTEX
8
CUT
10
145.9332
20
182.0708
0
VERTEX
8
CUT
10
145.9184
20
182.0567
0
VERTEX
8
CUT
10
145.5170
20
181.6657
0
VERTEX
8
CUT
10
144.3822
20
180.6317
0
VERTEX
8
CUT
10
144.3654
20
180.6159
0
VERTEX
8
CUT
10
144.1784
20
180.4348
0
VERTEX
8
CUT
10
144.1463
20
180.4018
0
VERTEX
8
CUT
10
143.9706
20
180.2098
0
VERTEX
8
CUT
10
143.9553
20
180.1925
0
VERTEX
8
CUT
10
143.5501
20
179.7218
0
VERTEX
8
CUT
10
143.5284
20
179.6953
0
VERTEX
8
CUT
10
143.3290
20
179.4413
0
VERTEX
8
CUT
10
143.2891
20
179.3856
0
VERTEX
8
CUT
10
143.1134
20
179.1147
0
VERTEX
8
CUT
10
143.0954
20
179.0855
0
VERTEX
8
CUT
10
142.5131
20
178.0925
0
VERTEX
8
CUT
10
142.4954
20
178.0606
0
VERTEX
8
CUT
10
142.3357
20
177.7555
0
VERTEX
8
CUT
10
142.3050
20
177.6893
0
VERTEX
8
CUT
10
142.2123
20
177.4614
0
VERTEX
8
CUT
10
142.1881
20
177.3925
0
VERTEX
8
CUT
10
142.0896
20
177.0626
0
VERTEX
8
CUT
10
142.0800
20
177.0274
0
VERTEX
8
CUT
10
141.8276
20
176.0046
0
VERTEX
8
CUT
10
141.8204
20
175.9727
0
VERTEX
8
CUT
10
141.7594
20
175.6700
0
VERTEX
8
CUT
10
141.7492
20
175.6053
0
VERTEX
8
CUT
10
141.7244
20
175.3860
0
VERTEX
8
CUT
10
141.7199
20
175.3207
0
VERTEX
8
CUT
10
141.7182
20
175.2579
0
VERTEX
8
CUT
10
141.6239
20
174.7433
0
VERTEX
8
CUT
10
141.6173
20
174.7005
0
VERTEX
8
CUT
10
141.5667
20
174.2951
0
VERTEX
8
CUT
10
141.5609
20
174.2086
0
VERTEX
8
CUT
10
141.5567
20
173.8002
0
VERTEX
8
CUT
10
141.5575
20
173.7569
0
VERTEX
8
CUT
10
141.5660
20
173.5768
0
VERTEX
8
CUT
10
141.5689
20
173.5374
0
VERTEX
8
CUT
10
141.6057
20
173.1662
0
VERTEX
8
CUT
10
141.6176
20
173.0880
0
VERTEX
8
CUT
10
141.6929
20
172.7228
0
VERTEX
8
CUT
10
141.7019
20
172.6843
0
VERTEX
8
CUT
10
141.7867
20
172.3592
0
VERTEX
8
CUT
10
141.7950
20
172.3296
0
VERTEX
8
CUT
10
141.8795
20
172.0523
0
VERTEX
8
CUT
10
141.8998
20
171.9942
0
VERTEX
8
CUT
10
142.0064
20
171.7246
0
VERTEX
8
CUT
10
142.0183
20
171.6963
0
VERTEX
8
CUT
10
142.4066
20
170.8197
0
VERTEX
8
CUT
10
142.4859
20
170.6334
0
VERTEX
8
CUT
10
142.5228
20
170.5584
0
VERTEX
8
CUT
10
142.5807
20
170.4556
0
VERTEX
8
CUT
10
142.6300
20
170.3570
0
VERTEX
8
CUT
10
142.6652
20
170.2943
0
VERTEX
8
CUT
10
142.8450
20
170.0070
0
VERTEX
8
CUT
10
142.8647
20
169.9770
0
VERTEX
8
CUT
10
143.1689
20
169.5382
0
VERTEX
8
CUT
10
143.1930
20
169.5054
0
VERTEX
8
CUT
10
143.4283
20
169.2022
0
VERTEX
8
CUT
10
143.4815
20
169.1407
0
VERTEX
8
CUT
10
143.6718
20
168.9433
0
VERTEX
8
CUT
10
143.7313
20
168.8878
0
VERTEX
8
CUT
10
144.0256
20
168.6416
0
VERTEX
8
CUT
10
144.0575
20
168.6164
0
VERTEX
8
CUT
10
144.0596
20
168.6148
0
VERTEX
8
CUT
10
144.1337
20
168.5480
0
VERTEX
8
CUT
10
144.1963
20
168.4972
0
VERTEX
8
CUT
10
144.5041
20
168.2739
0
VERTEX
8
CUT
10
144.5373
20
168.2511
0
VERTEX
8
CUT
10
144.5936
20
168.2147
0
VERTEX
8
CUT
10
144.7232
20
168.1176
0
VERTEX
8
CUT
10
144.7576
20
168.0932
0
VERTEX
8
CUT
10
145.0886
20
167.8728
0
VERTEX
8
CUT
10
145.1613
20
167.8300
0
VERTEX
8
CUT
10
145.2911
20
167.7630
0
VERTEX
8
CUT
10
145.5524
20
167.5938
0
VERTEX
8
CUT
10
145.5881
20
167.5721
0
VERTEX
8
CUT
10
145.9298
20
167.3766
0
VERTEX
8
CUT
10
146.0045
20
167.3391
0
VERTEX
8
CUT
10
146.3655
20
167.1823
0
VERTEX
8
CUT
10
146.4043
20
167.1668
0
VERTEX
8
CUT
10
147.2902
20
166.8386
0
VERTEX
8
CUT
10
147.3224
20
166.8275
0
VERTEX
8
CUT
10
147.6283
20
166.7295
0
VERTEX
8
CUT
10
147.6941
20
166.7116
0
VERTEX
8
CUT
10
148.0075
20
166.6415
0
VERTEX
8
CUT
10
148.0409
20
166.6348
0
VERTEX
8
CUT
10
148.0825
20
166.6274
0
VERTEX
8
CUT
10
148.5665
20
166.4994
0
VERTEX
8
CUT
10
148.5961
20
166.4922
0
VERTEX
8
CUT
10
148.8766
20
166.4300
0
VERTEX
8
CUT
10
148.9365
20
166.4192
0
VERTEX
8
CUT
10
149.2211
20
166.3796
0
VERTEX
8
CUT
10
149.2514
20
166.3760
0
VERTEX
8
CUT
10
149.8120
20
166.3208
0
VERTEX
8
CUT
10
150.6357
20
166.1748
0
VERTEX
8
CUT
10
150.6542
20
166.1718
0
VERTEX
8
CUT
10
150.8632
20
166.1400
0
VERTEX
8
CUT
10
150.9003
20
166.1353
0
VERTEX
8
CUT
10
151.1106
20
166.1138
0
VERTEX
8
CUT
10
151.1292
20
166.1122
0
VERTEX
8
CUT
10
152.6470
20
165.9950
0
VERTEX
8
CUT
10
152.6734
20
165.9934
0
VERTEX
8
CUT
10
152.9724
20
165.9808
0
VERTEX
8
CUT
10
153.0253
20
165.9804
0
VERTEX
8
CUT
10
153.3244
20
165.9886
0
VERTEX
8
CUT
10
153.3509
20
165.9898
0
VERTEX
8
CUT
10
156.4385
20
166.1825
0
VERTEX
8
CUT
10
156.4789
20
166.1861
0
VERTEX
8
CUT
10
156.8586
20
166.2302
0
VERTEX
8
CUT
10
156.9385
20
166.2438
0
VERTEX
8
CUT
10
157.3113
20
166.3281
0
VERTEX
8
CUT
10
157.3506
20
166.3381
0
VERTEX
8
CUT
10
158.4782
20
166.6573
0
VERTEX
8
CUT
10
159.1699
20
166.8093
0
VERTEX
8
CUT
10
159.2003
20
166.8166
0
VERTEX
8
CUT
10
159.4861
20
166.8919
0
VERTEX
8
CUT
10
159.5460
20
166.9104
0
VERTEX
8
CUT
10
159.7451
20
166.9808
0
VERTEX
8
CUT
10
159.8033
20
167.0041
0
VERTEX
8
CUT
10
160.0226
20
167.1027
0
VERTEX
8
CUT
10
160.2090
20
167.1654
0
VERTEX
8
CUT
10
160.2774
20
167.1921
0
VERTEX
8
CUT
10
160.5935
20
167.3336
0
VERTEX
8
CUT
10
160.6266
20
167.3494
0
VERTEX
8
CUT
10
161.2921
20
167.6867
0
VERTEX
8
CUT
10
161.3203
20
167.7017
0
VERTEX
8
CUT
10
161.5831
20
167.8491
0
VERTEX
8
CUT
10
161.6374
20
167.8827
0
VERTEX
8
CUT
10
161.8869
20
168.0517
0
VERTEX
8
CUT
10
161.9130
20
168.0702
0
VERTEX
8
CUT
10
162.4620
20
168.4766
0
VERTEX
8
CUT
10
162.4905
20
168.4988
0
VERTEX
8
CUT
10
162.7544
20
168.7143
0
VERTEX
8
CUT
10
162.8081
20
168.7627
0
VERTEX
8
CUT
10
163.0503
20
169.0023
0
VERTEX
8
CUT
10
163.0753
20
169.0283
0
VERTEX
8
CUT
10
163.3070
20
169.2804
0
VERTEX
8
CUT
10
163.3366
20
169.3146
0
VERTEX
8
CUT
10
163.6056
20
169.6446
0
VERTEX
8
CUT
10
163.6584
20
169.7180
0
VERTEX
8
CUT
10
163.8863
20
170.0776
0
VERTEX
8
CUT
10
163.9093
20
170.1164
0
VERTEX
8
CUT
10
164.2983
20
170.8196
0
VERTEX
8
CUT
10
164.3144
20
170.8503
0
VERTEX
8
CUT
10
164.4595
20
171.1433
0
VERTEX
8
CUT
10
164.4874
20
171.2068
0
VERTEX
8
CUT
10
164.5715
20
171.4248
0
VERTEX
8
CUT
10
164.5935
20
171.4905
0
VERTEX
8
CUT
10
164.6830
20
171.8050
0
VERTEX
8
CUT
10
164.6917
20
171.8386
0
VERTEX
8
CUT
10
164.7658
20
172.1528
0
VERTEX
8
CUT
10
164.7735
20
172.1892
0
VERTEX
8
CUT
10
164.8371
20
172.5341
0
VERTEX
8
CUT
10
164.8471
20
172.6079
0
VERTEX
8
CUT
10
164.8767
20
172.9573
0
VERTEX
8
CUT
10
164.8789
20
172.9945
0
VERTEX
8
CUT
10
164.9031
20
173.6706
0
VERTEX
8
CUT
10
164.9358
20
174.0437
0
VERTEX
8
CUT
10
164.9380
20
174.0782
0
VERTEX
8
CUT
10
164.9516
20
174.4036
0
VERTEX
8
CUT
10
164.9514
20
174.4727
0
VERTEX
8
CUT
10
164.9354
20
174.7980
0
VERTEX
8
CUT
10
164.9330
20
174.8325
0
VERTEX
8
CUT
10
164.8514
20
175.6931
0
VERTEX
8
CUT
10
164.8459
20
175.7373
0
VERTEX
8
CUT
10
164.7820
20
176.1516
0
VERTEX
8
CUT
10
164.7633
20
176.2386
0
VERTEX
8
CUT
10
164.6983
20
176.4733
0
VERTEX
8
CUT
10
164.6508
20
176.7214
0
VERTEX
8
CUT
10
164.6354
20
176.7862
0
VERTEX
8
CUT
10
164.5740
20
177.0022
0
VERTEX
8
CUT
10
164.5530
20
177.0655
0
VERTEX
8
CUT
10
164.4410
20
177.3590
0
VERTEX
8
CUT
10
164.4284
20
177.3899
0
VERTEX
8
CUT
10
164.2758
20
177.7426
0
VERTEX
8
CUT
10
164.1702
20
178.0127
0
VERTEX
8
CUT
10
164.1432
20
178.0737
0
VERTEX
8
CUT
10
164.0433
20
178.2751
0
VERTEX
8
CUT
10
164.0242
20
178.3098
0
VERTEX
8
CUT
10
163.8857
20
178.5872
0
VERTEX
8
CUT
10
163.8446
20
178.6593
0
VERTEX
8
CUT
10
163.6327
20
178.9881
0
VERTEX
8
CUT
10
163.6093
20
179.0224
0
VERTEX
8
CUT
10
163.4258
20
179.2756
0
VERTEX
8
CUT
10
163.4077
20
179.2997
0
VERTEX
8
CUT
10
163.2321
20
179.5228
0
VERTEX
8
CUT
10
163.1931
20
179.5686
0
VERTEX
8
CUT
10
163.0004
20
179.7771
0
VERTEX
8
CUT
10
162.9796
20
179.7988
0
VERTEX
8
CUT
10
159.6861
20
183.0920
0
VERTEX
8
CUT
10
159.5729
20
183.2106
0
VERTEX
8
CUT
10
159.1109
20
183.8092
0
VERTEX
8
CUT
10
159.0797
20
183.8516
0
VERTEX
8
CUT
10
158.9488
20
184.0385
0
VERTEX
8
CUT
10
158.8925
20
184.1274
0
VERTEX
8
CUT
10
158.7924
20
184.3026
0
VERTEX
8
CUT
10
158.7445
20
184.3964
0
VERTEX
8
CUT
10
158.6611
20
184.5801
0
VERTEX
8
CUT
10
158.6221
20
184.6779
0
VERTEX
8
CUT
10
158.5560
20
184.8685
0
VERTEX
8
CUT
10
158.5261
20
184.9695
0
VERTEX
8
CUT
10
158.5118
20
185.0277
0
VERTEX
8
CUT
10
158.5054
20
185.0566
0
VERTEX
8
CUT
10
158.4659
20
185.2872
0
VERTEX
8
CUT
10
158.4581
20
185.3406
0
VERTEX
8
CUT
10
158.4347
20
185.5318
0
VERTEX
8
CUT
10
158.4286
20
185.5966
0
VERTEX
8
CUT
10
158.4103
20
185.8778
0
VERTEX
8
CUT
10
158.4093
20
186.0079
0
VERTEX
8
CUT
10
158.4231
20
186.2894
0
VERTEX
8
CUT
10
158.4282
20
186.3543
0
VERTEX
8
CUT
10
158.4298
20
186.3688
0
VERTEX
8
CUT
10
158.4364
20
186.4199
0
VERTEX
8
CUT
10
158.4700
20
186.6403
0
VERTEX
8
CUT
10
158.4902
20
186.7413
0
VERTEX
8
CUT
10
158.5374
20
186.9328
0
VERTEX
8
CUT
10
158.5665
20
187.0315
0
VERTEX
8
CUT
10
158.6393
20
187.2423
0
VERTEX
8
CUT
10
158.6572
20
187.2905
0
VERTEX
8
CUT
10
158.9991
20
188.1534
0
VERTEX
8
CUT
10
159.0064
20
188.1713
0
VERTEX
8
CUT
10
159.0338
20
188.2372
0
VERTEX
8
CUT
10
159.0600
20
188.2954
0
VERTEX
8
CUT
10
159.1418
20
188.4646
0
VERTEX
8
CUT
10
159.1844
20
188.5443
0
VERTEX
8
CUT
10
159.2802
20
188.7080
0
VERTEX
8
CUT
10
159.3090
20
188.7546
0
VERTEX
8
CUT
10
159.3277
20
188.7833
0
VERTEX
8
CUT
10
159.3340
20
188.7928
0
VERTEX
8
CUT
10
159.4808
20
189.0132
0
VERTEX
8
CUT
10
159.4922
20
189.0299
0
VERTEX
8
CUT
10
159.5344
20
189.0909
0
VERTEX
8
CUT
10
159.5738
20
189.1444
0
VERTEX
8
CUT
10
159.6942
20
189.2983
0
VERTEX
8
CUT
10
159.7551
20
189.3699
0
VERTEX
8
CUT
10
159.8890
20
189.5148
0
VERTEX
8
CUT
10
159.9287
20
189.5556
0
VERTEX
8
CUT
10
159.9542
20
189.5805
0
VERTEX
8
CUT
10
159.9627
20
189.5888
0
VERTEX
8
CUT
10
160.6878
20
190.2837
0
VERTEX
8
CUT
10
160.7280
20
190.3205
0
VERTEX
8
CUT
10
160.9062
20
190.4756
0
VERTEX
8
CUT
10
160.9918
20
190.5431
0
VERTEX
8
CUT
10
161.1617
20
190.6646
0
VERTEX
8
CUT
10
161.1637
20
190.6659
0
VERTEX
8
CUT
10
161.9918
20
191.1196
0
VERTEX
8
CUT
10
162.1334
20
191.1928
0
VERTEX
8
CUT
10
162.3655
20
191.3028
0
VERTEX
8
CUT
10
162.4893
20
191.3528
0
VERTEX
8
CUT
10
162.6532
20
191.4081
0
VERTEX
8
CUT
10
162.6884
20
191.4178
0
VERTEX
8
CUT
10
162.7427
20
191.4314
0
VERTEX
8
CUT
10
163.4144
20
191.5814
0
VERTEX
8
CUT
10
164.9675
20
191.7515
0
VERTEX
8
CUT
10
167.0273
20
191.6086
0
VERTEX
8
CUT
10
167.2536
20
191.5758
0
VERTEX
8
CUT
10
167.2709
20
191.5732
0
VERTEX
8
CUT
10
167.3144
20
191.5662
0
VERTEX
8
CUT
10
167.4106
20
191.5465
0
VERTEX
8
CUT
10
167.7804
20
191.4540
0
VERTEX
8
CUT
10
167.8672
20
191.4286
0
VERTEX
8
CUT
10
167.8770
20
191.4253
0
VERTEX
8
CUT
10
167.8868
20
191.4219
0
VERTEX
8
CUT
10
169.2109
20
190.9632
0
VERTEX
8
CUT
10
169.2266
20
190.9577
0
VERTEX
8
CUT
10
169.2659
20
190.9434
0
VERTEX
8
CUT
10
169.3522
20
190.9080
0
VERTEX
8
CUT
10
169.6815
20
190.7570
0
VERTEX
8
CUT
10
169.7581
20
190.7184
0
VERTEX
8
CUT
10
169.7668
20
190.7135
0
VERTEX
8
CUT
10
169.7754
20
190.7087
0
VERTEX
8
CUT
10
170.8005
20
190.1301
0
VERTEX
8
CUT
10
170.8141
20
190.1223
0
VERTEX
8
CUT
10
170.8483
20
190.1025
0
VERTEX
8
CUT
10
170.9225
20
190.0553
0
VERTEX
8
CUT
10
171.2037
20
189.8609
0
VERTEX
8
CUT
10
171.2686
20
189.8125
0
VERTEX
8
CUT
10
171.2760
20
189.8066
0
VERTEX
8
CUT
10
171.2832
20
189.8008
0
VERTEX
8
CUT
10
172.2024
20
189.0514
0
VERTEX
8
CUT
10
172.2151
20
189.0409
0
VERTEX
8
CUT
10
172.2469
20
189.0141
0
VERTEX
8
CUT
10
172.3153
20
188.9518
0
VERTEX
8
CUT
10
172.5545
20
188.7153
0
VERTEX
8
CUT
10
172.5962
20
188.6722
0
VERTEX
8
CUT
10
172.6295
20
188.6367
0
VERTEX
8
CUT
10
172.6359
20
188.6293
0
VERTEX
8
CUT
10
172.6423
20
188.6219
0
VERTEX
8
CUT
10
173.4723
20
187.6517
0
VERTEX
8
CUT
10
173.4850
20
187.6367
0
VERTEX
8
CUT
10
173.5248
20
187.5885
0
VERTEX
8
CUT
10
173.5763
20
187.5212
0
VERTEX
8
CUT
10
173.6689
20
187.3905
0
VERTEX
8
CUT
10
174.5384
20
185.9737
0
VERTEX
8
CUT
10
174.5464
20
185.9603
0
VERTEX
8
CUT
10
174.5666
20
185.9264
0
VERTEX
8
CUT
10
174.6086
20
185.8493
0
VERTEX
8
CUT
10
174.7600
20
185.5434
0
VERTEX
8
CUT
10
174.7933
20
185.4697
0
VERTEX
8
CUT
10
174.7968
20
185.4611
0
VERTEX
8
CUT
10
174.8003
20
185.4525
0
VERTEX
8
CUT
10
175.3661
20
184.0381
0
VERTEX
8
CUT
10
175.8883
20
182.3901
0
VERTEX
8
CUT
10
175.8957
20
182.3687
0
VERTEX
8
CUT
10
176.1307
20
181.3428
0
VERTEX
8
CUT
10
176.4090
20
179.8402
0
VERTEX
8
CUT
10
176.4121
20
179.8225
0
VERTEX
8
CUT
10
176.4262
20
179.7388
0
VERTEX
8
CUT
10
176.4305
20
179.7113
0
VERTEX
8
CUT
10
176.4368
20
179.6678
0
VERTEX
8
CUT
10
176.4382
20
179.6580
0
VERTEX
8
CUT
10
176.4460
20
179.5996
0
VERTEX
8
CUT
10
176.4483
20
179.5818
0
VERTEX
8
CUT
10
176.4583
20
179.4975
0
VERTEX
8
CUT
10
176.4613
20
179.4699
0
VERTEX
8
CUT
10
176.4654
20
179.4261
0
VERTEX
8
CUT
10
176.4663
20
179.4163
0
VERTEX
8
CUT
10
176.8317
20
175.1485
0
VERTEX
8
CUT
10
176.8344
20
175.1224
0
VERTEX
8
CUT
10
176.8699
20
174.8279
0
VERTEX
8
CUT
10
176.8780
20
174.7761
0
VERTEX
8
CUT
10
176.9337
20
174.4848
0
VERTEX
8
CUT
10
176.9391
20
174.4591
0
VERTEX
8
CUT
10
177.0577
20
173.9374
0
VERTEX
8
CUT
10
177.0666
20
173.9021
0
VERTEX
8
CUT
10
177.1589
20
173.5706
0
VERTEX
8
CUT
10
177.1819
20
173.5013
0
VERTEX
8
CUT
10
177.2702
20
173.2719
0
VERTEX
8
CUT
10
177.2997
20
173.2052
0
VERTEX
8
CUT
10
177.4096
20
172.9853
0
VERTEX
8
CUT
10
177.4454
20
172.9217
0
VERTEX
8
CUT
10
177.5759
20
172.7134
0
VERTEX
8
CUT
10
177.6176
20
172.6535
0
VERTEX
8
CUT
10
177.7675
20
172.4586
0
VERTEX
8
CUT
10
177.8147
20
172.4030
0
VERTEX
8
CUT
10
177.9826
20
172.2234
0
VERTEX
8
CUT
10
178.0349
20
172.1726
0
VERTEX
8
CUT
10
178.2193
20
172.0100
0
VERTEX
8
CUT
10
178.2762
20
171.9644
0
VERTEX
8
CUT
10
178.4753
20
171.8202
0
VERTEX
8
CUT
10
178.5364
20
171.7802
0
VERTEX
8
CUT
10
178.7484
20
171.6558
0
VERTEX
8
CUT
10
178.8130
20
171.6219
0
VERTEX
8
CUT
10
179.0360
20
171.5184
0
VERTEX
8
CUT
10
179.1036
20
171.4909
0
VERTEX
8
CUT
10
179.3354
20
171.4092
0
VERTEX
8
CUT
10
179.4054
20
171.3883
0
VERTEX
8
CUT
10
179.6440
20
171.3292
0
VERTEX
8
CUT
10
179.7156
20
171.3151
0
VERTEX
8
CUT
10
179.9588
20
171.2792
0
VERTEX
8
CUT
10
180.0314
20
171.2720
0
VERTEX
8
CUT
10
180.2769
20
171.2596
0
VERTEX
8
CUT
10
180.3499
20
171.2594
0
VERTEX
8
CUT
10
180.5496
20
171.2685
0
VERTEX
8
CUT
10
180.6056
20
171.2697
0
VERTEX
8
CUT
10
180.8480
20
171.2688
0
VERTEX
8
CUT
10
180.9597
20
171.2629
0
VERTEX
8
CUT
10
181.1730
20
171.2411
0
VERTEX
8
CUT
10
181.2836
20
171.2243
0
VERTEX
8
CUT
10
181.4938
20
171.1817
0
VERTEX
8
CUT
10
181.6022
20
171.1541
0
VERTEX
8
CUT
10
181.8072
20
171.0911
0
VERTEX
8
CUT
10
181.9124
20
171.0530
0
VERTEX
8
CUT
10
182.1101
20
170.9702
0
VERTEX
8
CUT
10
182.2111
20
170.9220
0
VERTEX
8
CUT
10
182.3998
20
170.8202
0
VERTEX
8
CUT
10
182.4956
20
170.7623
0
VERTEX
8
CUT
10
182.6734
20
170.6425
0
VERTEX
8
CUT
10
182.7630
20
170.5755
0
VERTEX
8
CUT
10
182.9282
20
170.4388
0
VERTEX
8
CUT
10
183.0108
20
170.3634
0
VERTEX
8
CUT
10
183.1618
20
170.2112
0
VERTEX
8
CUT
10
183.2367
20
170.1280
0
VERTEX
8
CUT
10
183.3720
20
169.9617
0
VERTEX
8
CUT
10
183.4383
20
169.8715
0
VERTEX
8
CUT
10
183.5567
20
169.6928
0
VERTEX
8
CUT
10
183.6139
20
169.5966
0
VERTEX
8
CUT
10
183.7142
20
169.4071
0
VERTEX
8
CUT
10
183.7616
20
169.3057
0
VERTEX
8
CUT
10
183.8428
20
169.1073
0
VERTEX
8
CUT
10
183.8801
20
169.0018
0
VERTEX
8
CUT
10
183.9415
20
168.7964
0
VERTEX
8
CUT
10
183.9682
20
168.6877
0
VERTEX
8
CUT
10
184.0092
20
168.4773
0
VERTEX
8
CUT
10
184.0251
20
168.3665
0
VERTEX
8
CUT
10
184.0479
20
168.1251
0
VERTEX
8
CUT
10
184.0517
20
168.0693
0
VERTEX
8
CUT
10
184.1366
20
166.1777
0
VERTEX
8
CUT
10
184.1376
20
166.1597
0
VERTEX
8
CUT
10
184.1516
20
165.9566
0
VERTEX
8
CUT
10
184.1549
20
165.9207
0
VERTEX
8
CUT
10
184.1784
20
165.7185
0
VERTEX
8
CUT
10
184.1807
20
165.7006
0
VERTEX
8
CUT
10
184.7697
20
161.5097
0
VERTEX
8
CUT
10
184.7746
20
161.4789
0
VERTEX
8
CUT
10
184.8275
20
161.1895
0
VERTEX
8
CUT
10
184.8412
20
161.1287
0
VERTEX
8
CUT
10
184.8958
20
160.9257
0
VERTEX
8
CUT
10
184.9144
20
160.8662
0
VERTEX
8
CUT
10
185.0139
20
160.5894
0
VERTEX
8
CUT
10
185.0250
20
160.5603
0
VERTEX
8
CUT
10
185.1298
20
160.3023
0
VERTEX
8
CUT
10
185.1490
20
160.2314
0
VERTEX
8
CUT
10
185.2765
20
159.8476
0
VERTEX
8
CUT
10
185.2912
20
159.8073
0
VERTEX
8
CUT
10
185.5542
20
159.1437
0
VERTEX
8
CUT
10
185.5678
20
159.1115
0
VERTEX
8
CUT
10
185.7028
20
158.8117
0
VERTEX
8
CUT
10
185.7343
20
158.7495
0
VERTEX
8
CUT
10
185.8501
20
158.5450
0
VERTEX
8
CUT
10
185.8872
20
158.4859
0
VERTEX
8
CUT
10
185.8936
20
158.4766
0
VERTEX
8
CUT
10
185.8972
20
158.4696
0
VERTEX
8
CUT
10
186.0114
20
158.2704
0
VERTEX
8
CUT
10
186.0479
20
158.2129
0
VERTEX
8
CUT
10
186.1795
20
158.0246
0
VERTEX
8
CUT
10
186.2210
20
157.9706
0
VERTEX
8
CUT
10
186.2955
20
157.8821
0
VERTEX
8
CUT
10
186.3282
20
157.8307
0
VERTEX
8
CUT
10
186.3667
20
157.7759
0
VERTEX
8
CUT
10
186.5590
20
157.5256
0
VERTEX
8
CUT
10
186.5800
20
157.4995
0
VERTEX
8
CUT
10
186.6762
20
157.3851
0
VERTEX
8
CUT
10
186.6998
20
157.3583
0
VERTEX
8
CUT
10
186.9285
20
157.1110
0
VERTEX
8
CUT
10
186.9794
20
157.0609
0
VERTEX
8
CUT
10
187.2303
20
156.8362
0
VERTEX
8
CUT
10
187.2574
20
156.8130
0
VERTEX
8
CUT
10
187.2971
20
156.7807
0
VERTEX
8
CUT
10
187.4003
20
156.6687
0
VERTEX
8
CUT
10
187.4271
20
156.6410
0
VERTEX
8
CUT
10
187.6865
20
156.3868
0
VERTEX
8
CUT
10
187.7442
20
156.3357
0
VERTEX
8
CUT
10
187.9469
20
156.1738
0
VERTEX
8
CUT
10
188.0094
20
156.1288
0
VERTEX
8
CUT
10
188.3146
20
155.9321
0
VERTEX
8
CUT
10
188.3475
20
155.9120
0
VERTEX
8
CUT
10
188.9656
20
155.5566
0
VERTEX
8
CUT
10
188.9984
20
155.5388
0
VERTEX
8
CUT
10
189.3113
20
155.3787
0
VERTEX
8
CUT
10
189.3792
20
155.3481
0
VERTEX
8
CUT
10
189.6129
20
155.2561
0
VERTEX
8
CUT
10
189.6835
20
155.2323
0
VERTEX
8
CUT
10
189.9250
20
155.1637
0
VERTEX
8
CUT
10
189.9976
20
155.1469
0
VERTEX
8
CUT
10
190.2447
20
155.1023
0
VERTEX
8
CUT
10
190.3186
20
155.0927
0
VERTEX
8
CUT
10
190.5689
20
155.0725
0
VERTEX
8
CUT
10
190.6434
20
155.0702
0
VERTEX
8
CUT
10
190.8944
20
155.0746
0
VERTEX
8
CUT
10
190.9688
20
155.0796
0
VERTEX
8
CUT
10
191.2182
20
155.1086
0
VERTEX
8
CUT
10
191.2917
20
155.1209
0
VERTEX
8
CUT
10
191.5370
20
155.1742
0
VERTEX
8
CUT
10
191.6090
20
155.1935
0
VERTEX
8
CUT
10
191.8480
20
155.2706
0
VERTEX
8
CUT
10
191.9177
20
155.2969
0
VERTEX
8
CUT
10
192.1479
20
155.3971
0
VERTEX
8
CUT
10
192.2148
20
155.4301
0
VERTEX
8
CUT
10
192.4341
20
155.5523
0
VERTEX
8
CUT
10
192.4974
20
155.5917
0
VERTEX
8
CUT
10
192.5626
20
155.6370
0
VERTEX
8
CUT
10
192.6402
20
155.6767
0
VERTEX
8
CUT
10
192.7003
20
155.7110
0
VERTEX
8
CUT
10
192.8974
20
155.8358
0
VERTEX
8
CUT
10
192.9542
20
155.8755
0
VERTEX
8
CUT
10
193.2129
20
156.0745
0
VERTEX
8
CUT
10
193.2399
20
156.0962
0
VERTEX
8
CUT
10
193.5162
20
156.3295
0
VERTEX
8
CUT
10
193.5397
20
156.3502
0
VERTEX
8
CUT
10
193.7575
20
156.5499
0
VERTEX
8
CUT
10
193.8018
20
156.5941
0
VERTEX
8
CUT
10
193.9452
20
156.7492
0
VERTEX
8
CUT
10
193.9858
20
156.7970
0
VERTEX
8
CUT
10
194.1677
20
157.0297
0
VERTEX
8
CUT
10
194.1865
20
157.0548
0
VERTEX
8
CUT
10
194.1938
20
157.0650
0
VERTEX
8
CUT
10
194.2156
20
157.0971
0
VERTEX
8
CUT
10
194.2631
20
157.1710
0
VERTEX
8
CUT
10
194.3208
20
157.2476
0
VERTEX
8
CUT
10
194.3628
20
157.3093
0
VERTEX
8
CUT
10
194.4937
20
157.5241
0
VERTEX
8
CUT
10
194.5294
20
157.5896
0
VERTEX
8
CUT
10
194.6386
20
157.8161
0
VERTEX
8
CUT
10
194.6677
20
157.8849
0
VERTEX
8
CUT
10
194.7542
20
158.1210
0
VERTEX
8
CUT
10
194.7764
20
158.1923
0
VERTEX
8
CUT
10
194.8393
20
158.4358
0
VERTEX
8
CUT
10
194.8544
20
158.5089
0
VERTEX
8
CUT
10
194.8931
20
158.7574
0
VERTEX
8
CUT
10
194.9009
20
158.8316
0
VERTEX
8
CUT
10
194.9207
20
159.1830
0
VERTEX
8
CUT
10
194.9219
20
159.2203
0
VERTEX
8
CUT
10
194.9365
20
161.2724
0
VERTEX
8
CUT
10
194.9390
20
161.3403
0
VERTEX
8
CUT
10
194.9586
20
161.6338
0
VERTEX
8
CUT
10
194.9758
20
161.7684
0
VERTEX
8
CUT
10
195.0301
20
162.0575
0
VERTEX
8
CUT
10
195.0447
20
162.1239
0
VERTEX
8
CUT
10
195.2951
20
163.1234
0
VERTEX
8
CUT
10
195.3106
20
163.1789
0
VERTEX
8
CUT
10
195.3834
20
163.4176
0
VERTEX
8
CUT
10
195.4225
20
163.5260
0
VERTEX
8
CUT
10
195.5079
20
163.7295
0
VERTEX
8
CUT
10
195.5578
20
163.8333
0
VERTEX
8
CUT
10
195.6633
20
164.0272
0
VERTEX
8
CUT
10
195.7234
20
164.1255
0
VERTEX
8
CUT
10
195.8642
20
164.3315
0
VERTEX
8
CUT
10
195.8979
20
164.3783
0
VERTEX
8
CUT
10
196.2048
20
164.7821
0
VERTEX
8
CUT
10
196.2376
20
164.8232
0
VERTEX
8
CUT
10
196.3835
20
164.9978
0
VERTEX
8
CUT
10
196.4545
20
165.0752
0
VERTEX
8
CUT
10
196.5972
20
165.2170
0
VERTEX
8
CUT
10
196.6750
20
165.2876
0
VERTEX
8
CUT
10
196.8301
20
165.4157
0
VERTEX
8
CUT
10
196.9141
20
165.4788
0
VERTEX
8
CUT
10
197.0804
20
165.5921
0
VERTEX
8
CUT
10
197.1698
20
165.6472
0
VERTEX
8
CUT
10
197.3688
20
165.7575
0
VERTEX
8
CUT
10
197.4153
20
165.7819
0
VERTEX
8
CUT
10
197.7362
20
165.9409
0
VERTEX
8
CUT
10
197.7932
20
165.9672
0
VERTEX
8
CUT
10
198.0430
20
166.0742
0
VERTEX
8
CUT
10
198.1609
20
166.1172
0
VERTEX
8
CUT
10
198.3909
20
166.1871
0
VERTEX
8
CUT
10
198.5128
20
166.2168
0
VERTEX
8
CUT
10
198.7490
20
166.2610
0
VERTEX
8
CUT
10
198.8735
20
166.2772
0
VERTEX
8
CUT
10
199.1445
20
166.2974
0
VERTEX
8
CUT
10
199.2072
20
166.3003
0
VERTEX
8
CUT
10
199.6695
20
166.3093
0
VERTEX
8
CUT
10
199.7316
20
166.3088
0
VERTEX
8
CUT
10
200.0004
20
166.2994
0
VERTEX
8
CUT
10
200.1241
20
166.2883
0
VERTEX
8
CUT
10
200.3594
20
166.2541
0
VERTEX
8
CUT
10
200.4811
20
166.2296
0
VERTEX
8
CUT
10
200.7114
20
166.1701
0
VERTEX
8
CUT
10
200.8297
20
166.1325
0
VERTEX
8
CUT
10
201.0812
20
166.0373
0
VERTEX
8
CUT
10
201.1387
20
166.0137
0
VERTEX
8
CUT
10
201.6911
20
165.7693
0
VERTEX
8
CUT
10
201.7404
20
165.7461
0
VERTEX
8
CUT
10
201.9512
20
165.6405
0
VERTEX
8
CUT
10
202.0461
20
165.5871
0
VERTEX
8
CUT
10
202.2229
20
165.4764
0
VERTEX
8
CUT
10
202.3122
20
165.4142
0
VERTEX
8
CUT
10
202.4992
20
165.2705
0
VERTEX
8
CUT
10
202.5416
20
165.2363
0
VERTEX
8
CUT
10
202.5588
20
165.2217
0
VERTEX
8
CUT
10
202.6104
20
165.1752
0
VERTEX
8
CUT
10
202.8032
20
164.9904
0
VERTEX
8
CUT
10
203.0402
20
164.7201
0
VERTEX
8
CUT
10
203.1122
20
164.6319
0
VERTEX
8
CUT
10
203.1545
20
164.5768
0
VERTEX
8
CUT
10
203.7724
20
163.7182
0
VERTEX
8
CUT
10
203.8023
20
163.6745
0
VERTEX
8
CUT
10
203.9273
20
163.4827
0
VERTEX
8
CUT
10
203.9808
20
163.3916
0
VERTEX
8
CUT
10
204.0751
20
163.2124
0
VERTEX
8
CUT
10
204.1200
20
163.1167
0
VERTEX
8
CUT
10
204.2074
20
162.9051
0
VERTEX
8
CUT
10
204.2265
20
162.8557
0
VERTEX
8
CUT
10
204.6976
20
161.5471
0
VERTEX
8
CUT
10
204.7038
20
161.5292
0
VERTEX
8
CUT
10
204.7263
20
161.4634
0
VERTEX
8
CUT
10
204.7448
20
161.4040
0
VERTEX
8
CUT
10
204.7944
20
161.2277
0
VERTEX
8
CUT
10
204.8125
20
161.1524
0
VERTEX
8
CUT
10
204.8240
20
160.9611
0
VERTEX
8
CUT
10
204.8261
20
160.9021
0
VERTEX
8
CUT
10
204.8550
20
157.5333
0
VERTEX
8
CUT
10
203.6465
20
151.6266
0
VERTEX
8
CUT
10
203.6395
20
151.5872
0
VERTEX
8
CUT
10
203.5834
20
151.2140
0
VERTEX
8
CUT
10
203.5757
20
151.1344
0
VERTEX
8
CUT
10
203.5652
20
150.8948
0
VERTEX
8
CUT
10
203.5215
20
150.6237
0
VERTEX
8
CUT
10
203.5136
20
150.5544
0
VERTEX
8
CUT
10
203.4912
20
150.2261
0
VERTEX
8
CUT
10
203.4896
20
150.1912
0
VERTEX
8
CUT
10
203.4769
20
149.6175
0
VERTEX
8
CUT
10
203.4769
20
149.5839
0
VERTEX
8
CUT
10
203.4839
20
149.2678
0
VERTEX
8
CUT
10
203.4883
20
149.2009
0
VERTEX
8
CUT
10
203.5231
20
148.8866
0
VERTEX
8
CUT
10
203.5275
20
148.8534
0
VERTEX
8
CUT
10
203.5892
20
148.4568
0
VERTEX
8
CUT
10
203.5988
20
148.2941
0
VERTEX
8
CUT
10
203.6070
20
148.2190
0
VERTEX
8
CUT
10
203.6470
20
147.9676
0
VERTEX
8
CUT
10
203.6626
20
147.8937
0
VERTEX
8
CUT
10
203.7533
20
147.5493
0
VERTEX
8
CUT
10
203.7639
20
147.5130
0
VERTEX
8
CUT
10
203.8152
20
147.3513
0
VERTEX
8
CUT
10
203.8262
20
147.3190
0
VERTEX
8
CUT
10
203.9370
20
147.0176
0
VERTEX
8
CUT
10
203.9633
20
146.9548
0
VERTEX
8
CUT
10
204.0614
20
146.7473
0
VERTEX
8
CUT
10
204.0933
20
146.6871
0
VERTEX
8
CUT
10
204.2560
20
146.4103
0
VERTEX
8
CUT
10
204.2739
20
146.3813
0
VERTEX
8
CUT
10
204.3789
20
146.2197
0
VERTEX
8
CUT
10
204.4025
20
146.1855
0
VERTEX
8
CUT
10
204.4431
20
146.1300
0
VERTEX
8
CUT
10
204.5067
20
146.0323
0
VERTEX
8
CUT
10
204.5557
20
145.9652
0
VERTEX
8
CUT
10
204.6274
20
145.8777
0
VERTEX
8
CUT
10
204.6341
20
145.8685
0
VERTEX
8
CUT
10
204.6868
20
145.8041
0
VERTEX
8
CUT
10
204.6952
20
145.7950
0
VERTEX
8
CUT
10
204.7330
20
145.7488
0
VERTEX
8
CUT
10
204.7890
20
145.6875
0
VERTEX
8
CUT
10
204.8307
20
145.6467
0
VERTEX
8
CUT
10
204.8760
20
145.5972
0
VERTEX
8
CUT
10
204.9355
20
145.5389
0
VERTEX
8
CUT
10
204.9866
20
145.4940
0
VERTEX
8
CUT
10
204.9888
20
145.4918
0
VERTEX
8
CUT
10
205.0513
20
145.4370
0
VERTEX
8
CUT
10
205.0536
20
145.4351
0
VERTEX
8
CUT
10
205.2304
20
145.2800
0
VERTEX
8
CUT
10
205.2624
20
145.2534
0
VERTEX
8
CUT
10
205.7209
20
144.8933
0
VERTEX
8
CUT
10
205.7643
20
144.8574
0
VERTEX
8
CUT
10
205.9486
20
144.6973
0
VERTEX
8
CUT
10
206.0299
20
144.6193
0
VERTEX
8
CUT
10
206.1781
20
144.4624
0
VERTEX
8
CUT
10
206.2513
20
144.3768
0
VERTEX
8
CUT
10
206.3832
20
144.2060
0
VERTEX
8
CUT
10
206.4476
20
144.1136
0
VERTEX
8
CUT
10
206.5621
20
143.9306
0
VERTEX
8
CUT
10
206.6170
20
143.8323
0
VERTEX
8
CUT
10
206.7129
20
143.6389
0
VERTEX
8
CUT
10
206.7578
20
143.5356
0
VERTEX
8
CUT
10
206.8341
20
143.3337
0
VERTEX
8
CUT
10
206.8687
20
143.2265
0
VERTEX
8
CUT
10
206.9246
20
143.0180
0
VERTEX
8
CUT
10
206.9485
20
142.9079
0
VERTEX
8
CUT
10
206.9836
20
142.6950
0
VERTEX
8
CUT
10
206.9964
20
142.5831
0
VERTEX
8
CUT
10
207.0103
20
142.3677
0
VERTEX
8
CUT
10
207.0121
20
142.2551
0
VERTEX
8
CUT
10
207.0047
20
142.0393
0
VERTEX
8
CUT
10
206.9953
20
141.9271
0
VERTEX
8
CUT
10
206.9666
20
141.7132
0
VERTEX
8
CUT
10
206.9462
20
141.6024
0
VERTEX
8
CUT
10
206.8965
20
141.3924
0
VERTEX
8
CUT
10
206.8653
20
141.2841
0
VERTEX
8
CUT
10
206.7951
20
141.0800
0
VERTEX
8
CUT
10
206.7533
20
140.9754
0
VERTEX
8
CUT
10
206.6634
20
140.7792
0
VERTEX
8
CUT
10
206.6115
20
140.6792
0
VERTEX
8
CUT
10
206.5026
20
140.4929
0
VERTEX
8
CUT
10
206.4411
20
140.3985
0
VERTEX
8
CUT
10
206.3144
20
140.2238
0
VERTEX
8
CUT
10
206.2438
20
140.1360
0
VERTEX
8
CUT
10
206.1005
20
139.9746
0
VERTEX
8
CUT
10
206.0216
20
139.8942
0
VERTEX
8
CUT
10
205.8630
20
139.7478
0
VERTEX
8
CUT
10
205.7766
20
139.6756
0
VERTEX
8
CUT
10
205.6043
20
139.5455
0
VERTEX
8
CUT
10
205.5112
20
139.4822
0
VERTEX
8
CUT
10
205.3028
20
139.3551
0
VERTEX
8
CUT
10
205.2540
20
139.3269
0
VERTEX
8
CUT
10
205.1818
20
139.2876
0
VERTEX
8
CUT
10
205.1661
20
139.2792
0
VERTEX
8
CUT
10
205.1265
20
139.2585
0
VERTEX
8
CUT
10
205.0364
20
139.2161
0
VERTEX
8
CUT
10
204.6792
20
139.0671
0
VERTEX
8
CUT
10
204.5932
20
139.0352
0
VERTEX
8
CUT
10
204.5832
20
139.0319
0
VERTEX
8
CUT
10
204.5732
20
139.0287
0
VERTEX
8
CUT
10
203.1984
20
138.5948
0
VERTEX
8
CUT
10
203.1842
20
138.5904
0
VERTEX
8
CUT
10
203.1189
20
138.5707
0
VERTEX
8
CUT
10
203.0978
20
138.5646
0
VERTEX
8
CUT
10
203.0605
20
138.5542
0
VERTEX
8
CUT
10
203.0516
20
138.5517
0
VERTEX
8
CUT
10
203.0051
20
138.5391
0
VERTEX
8
CUT
10
202.9907
20
138.5353
0
VERTEX
8
CUT
10
202.9247
20
138.5182
0
VERTEX
8
CUT
10
202.9033
20
138.5129
0
VERTEX
8
CUT
10
202.8656
20
138.5040
0
VERTEX
8
CUT
10
202.8567
20
138.5019
0
VERTEX
8
CUT
10
198.2881
20
137.4563
0
VERTEX
8
CUT
10
198.2473
20
137.4458
0
VERTEX
8
CUT
10
197.8656
20
137.3358
0
VERTEX
8
CUT
10
197.7860
20
137.3081
0
VERTEX
8
CUT
10
197.4189
20
137.1566
0
VERTEX
8
CUT
10
197.3804
20
137.1394
0
VERTEX
8
CUT
10
196.4678
20
136.7021
0
VERTEX
8
CUT
10
196.4337
20
136.6847
0
VERTEX
8
CUT
10
196.1163
20
136.5124
0
VERTEX
8
CUT
10
196.0509
20
136.4725
0
VERTEX
8
CUT
10
195.8377
20
136.3273
0
VERTEX
8
CUT
10
195.7767
20
136.2810
0
VERTEX
8
CUT
10
195.5791
20
136.1150
0
VERTEX
8
CUT
10
195.5231
20
136.0628
0
VERTEX
8
CUT
10
195.4513
20
135.9889
0
VERTEX
8
CUT
10
195.4016
20
135.9324
0
VERTEX
8
CUT
10
195.3577
20
135.8713
0
VERTEX
8
CUT
10
195.3201
20
135.8061
0
VERTEX
8
CUT
10
195.2891
20
135.7375
0
VERTEX
8
CUT
10
195.2650
20
135.6662
0
VERTEX
8
CUT
10
195.2482
20
135.5929
0
VERTEX
8
CUT
10
195.2361
20
135.5253
0
VERTEX
8
CUT
10
195.2115
20
135.4180
0
VERTEX
8
CUT
10
195.1545
20
135.2147
0
VERTEX
8
CUT
10
195.1197
20
135.1102
0
VERTEX
8
CUT
10
195.0434
20
134.9135
0
VERTEX
8
CUT
10
194.9986
20
134.8128
0
VERTEX
8
CUT
10
194.9036
20
134.6243
0
VERTEX
8
CUT
10
194.8494
20
134.5285
0
VERTEX
8
CUT
10
194.7366
20
134.3500
0
VERTEX
8
CUT
10
194.6734
20
134.2598
0
VERTEX
8
CUT
10
194.5439
20
134.0931
0
VERTEX
8
CUT
10
194.4723
20
134.0095
0
VERTEX
8
CUT
10
194.3273
20
133.8560
0
VERTEX
8
CUT
10
194.2479
20
133.7797
0
VERTEX
8
CUT
10
194.0889
20
133.6409
0
VERTEX
8
CUT
10
194.0025
20
133.5726
0
VERTEX
8
CUT
10
193.8308
20
133.4499
0
VERTEX
8
CUT
10
193.7382
20
133.3902
0
VERTEX
8
CUT
10
193.5554
20
133.2846
0
VERTEX
8
CUT
10
193.4575
20
133.2342
0
VERTEX
8
CUT
10
193.2654
20
133.1467
0
VERTEX
8
CUT
10
193.1630
20
133.1060
0
VERTEX
8
CUT
10
192.9634
20
133.0375
0
VERTEX
8
CUT
10
192.8576
20
133.0068
0
VERTEX
8
CUT
10
192.6523
20
132.9579
0
VERTEX
8
CUT
10
192.5440
20
132.9376
0
VERTEX
8
CUT
10
192.3349
20
132.9087
0
VERTEX
8
CUT
10
192.2252
20
132.8989
0
VERTEX
8
CUT
10
192.0144
20
132.8904
0
VERTEX
8
CUT
10
191.9041
20
132.8912
0
VERTEX
8
CUT
10
191.7603
20
132.8994
0
VERTEX
8
CUT
10
191.6859
20
132.8999
0
VERTEX
8
CUT
10
191.6538
20
132.8986
0
VERTEX
8
CUT
10
191.6183
20
132.8963
0
VERTEX
8
CUT
10
191.2799
20
132.8662
0
VERTEX
8
CUT
10
191.2075
20
132.8563
0
VERTEX
8
CUT
10
190.9653
20
132.8110
0
VERTEX
8
CUT
10
190.8941
20
132.7942
0
VERTEX
8
CUT
10
190.6574
20
132.7258
0
VERTEX
8
CUT
10
190.5882
20
132.7022
0
VERTEX
8
CUT
10
190.3591
20
132.6114
0
VERTEX
8
CUT
10
190.2925
20
132.5813
0
VERTEX
8
CUT
10
190.0732
20
132.4689
0
VERTEX
8
CUT
10
190.0098
20
132.4325
0
VERTEX
8
CUT
10
189.8024
20
132.2996
0
VERTEX
8
CUT
10
189.7428
20
132.2572
0
VERTEX
8
CUT
10
189.5491
20
132.1050
0
VERTEX
8
CUT
10
189.4938
20
132.0571
0
VERTEX
8
CUT
10
189.3156
20
131.8869
0
VERTEX
8
CUT
10
189.2652
20
131.8339
0
VERTEX
8
CUT
10
189.1042
20
131.6474
0
VERTEX
8
CUT
10
189.0591
20
131.5898
0
VERTEX
8
CUT
10
188.9168
20
131.3887
0
VERTEX
8
CUT
10
188.8775
20
131.3271
0
VERTEX
8
CUT
10
188.7551
20
131.1132
0
VERTEX
8
CUT
10
188.7219
20
131.0481
0
VERTEX
8
CUT
10
188.6207
20
130.8235
0
VERTEX
8
CUT
10
188.5939
20
130.7554
0
VERTEX
8
CUT
10
188.5147
20
130.5221
0
VERTEX
8
CUT
10
188.4945
20
130.4518
0
VERTEX
8
CUT
10
188.4382
20
130.2119
0
VERTEX
8
CUT
10
188.4249
20
130.1400
0
VERTEX
8
CUT
10
188.3775
20
129.7901
0
VERTEX
8
CUT
10
188.3756
20
129.7748
0
VERTEX
8
CUT
10
188.3749
20
129.7693
0
VERTEX
8
CUT
10
188.3739
20
129.7629
0
VERTEX
8
CUT
10
188.3692
20
129.7241
0
VERTEX
8
CUT
10
188.3398
20
129.5206
0
VERTEX
8
CUT
10
188.3220
20
129.4261
0
VERTEX
8
CUT
10
188.2749
20
129.2231
0
VERTEX
8
CUT
10
188.2631
20
129.1765
0
VERTEX
8
CUT
10
188.1986
20
128.9438
0
VERTEX
8
CUT
10
188.1838
20
128.8947
0
VERTEX
8
CUT
10
188.1150
20
128.6836
0
VERTEX
8
CUT
10
188.0788
20
128.5877
0
VERTEX
8
CUT
10
188.0014
20
128.4072
0
VERTEX
8
CUT
10
187.9568
20
128.3149
0
VERTEX
8
CUT
10
187.8635
20
128.1421
0
VERTEX
8
CUT
10
187.8108
20
128.0542
0
VERTEX
8
CUT
10
187.7023
20
127.8904
0
VERTEX
8
CUT
10
187.6420
20
127.8076
0
VERTEX
8
CUT
10
187.5032
20
127.6343
0
VERTEX
8
CUT
10
187.4703
20
127.5950
0
VERTEX
8
CUT
10
187.2700
20
127.3666
0
VERTEX
8
CUT
10
187.2323
20
127.3257
0
VERTEX
8
CUT
10
187.0648
20
127.1526
0
VERTEX
8
CUT
10
186.9837
20
127.0765
0
VERTEX
8
CUT
10
186.8214
20
126.9386
0
VERTEX
8
CUT
10
186.7332
20
126.8708
0
VERTEX
8
CUT
10
186.5582
20
126.7493
0
VERTEX
8
CUT
10
186.4639
20
126.6904
0
VERTEX
8
CUT
10
186.2778
20
126.5865
0
VERTEX
8
CUT
10
186.1782
20
126.5371
0
VERTEX
8
CUT
10
185.9830
20
126.4519
0
VERTEX
8
CUT
10
185.8790
20
126.4124
0
VERTEX
8
CUT
10
185.6764
20
126.3466
0
VERTEX
8
CUT
10
185.5690
20
126.3175
0
VERTEX
8
CUT
10
185.3610
20
126.2717
0
VERTEX
8
CUT
10
185.2513
20
126.2532
0
VERTEX
8
CUT
10
185.0398
20
126.2279
0
VERTEX
8
CUT
10
184.9288
20
126.2201
0
VERTEX
8
CUT
10
184.7158
20
126.2156
0
VERTEX
8
CUT
10
184.6047
20
126.2187
0
VERTEX
8
CUT
10
184.3922
20
126.2350
0
VERTEX
8
CUT
10
184.2819
20
126.2488
0
VERTEX
8
CUT
10
184.0721
20
126.2857
0
VERTEX
8
CUT
10
183.9636
20
126.3103
0
VERTEX
8
CUT
10
183.7584
20
126.3675
0
VERTEX
8
CUT
10
183.6528
20
126.4025
0
VERTEX
8
CUT
10
183.4541
20
126.4794
0
VERTEX
8
CUT
10
183.3525
20
126.5245
0
VERTEX
8
CUT
10
183.1622
20
126.6204
0
VERTEX
8
CUT
10
183.0655
20
126.6752
0
VERTEX
8
CUT
10
182.8855
20
126.7892
0
VERTEX
8
CUT
10
182.7945
20
126.8532
0
VERTEX
8
CUT
10
182.6265
20
126.9841
0
VERTEX
8
CUT
10
182.5422
20
127.0567
0
VERTEX
8
CUT
10
182.3877
20
127.2034
0
VERTEX
8
CUT
10
182.3109
20
127.2838
0
VERTEX
8
CUT
10
182.1715
20
127.4449
0
VERTEX
8
CUT
10
182.1029
20
127.5324
0
VERTEX
8
CUT
10
182.0121
20
127.6607
0
VERTEX
8
CUT
10
180.8644
20
129.2811
0
VERTEX
8
CUT
10
180.8443
20
129.3082
0
VERTEX
8
CUT
10
180.6452
20
129.5643
0
VERTEX
8
CUT
10
180.6006
20
129.6166
0
VERTEX
8
CUT
10
180.5675
20
129.6521
0
VERTEX
8
CUT
10
180.5216
20
129.7117
0
VERTEX
8
CUT
10
180.4669
20
129.7751
0
VERTEX
8
CUT
10
180.1929
20
130.0597
0
VERTEX
8
CUT
10
180.1630
20
130.0890
0
VERTEX
8
CUT
10
179.9918
20
130.2482
0
VERTEX
8
CUT
10
179.9651
20
130.2719
0
VERTEX
8
CUT
10
179.7081
20
130.4892
0
VERTEX
8
CUT
10
179.6515
20
130.5327
0
VERTEX
8
CUT
10
179.5813
20
130.5816
0
VERTEX
8
CUT
10
179.5302
20
130.6296
0
VERTEX
8
CUT
10
179.4694
20
130.6809
0
VERTEX
8
CUT
10
179.1705
20
130.9075
0
VERTEX
8
CUT
10
179.1382
20
130.9307
0
VERTEX
8
CUT
10
178.7572
20
131.1894
0
VERTEX
8
CUT
10
178.7287
20
131.2078
0
VERTEX
8
CUT
10
178.4559
20
131.3757
0
VERTEX
8
CUT
10
178.3965
20
131.4087
0
VERTEX
8
CUT
10
178.1098
20
131.5516
0
VERTEX
8
CUT
10
178.0790
20
131.5661
0
VERTEX
8
CUT
10
177.5156
20
131.8161
0
VERTEX
8
CUT
10
177.4857
20
131.8286
0
VERTEX
8
CUT
10
177.2016
20
131.9404
0
VERTEX
8
CUT
10
177.1405
20
131.9615
0
VERTEX
8
CUT
10
176.8479
20
132.0487
0
VERTEX
8
CUT
10
176.8167
20
132.0573
0
VERTEX
8
CUT
10
176.1601
20
132.2230
0
VERTEX
8
CUT
10
176.1291
20
132.2301
0
VERTEX
8
CUT
10
175.8353
20
132.2913
0
VERTEX
8
CUT
10
175.8163
20
132.2944
0
VERTEX
8
CUT
10
175.8069
20
132.2968
0
VERTEX
8
CUT
10
175.7258
20
132.3127
0
VERTEX
8
CUT
10
175.3401
20
132.3665
0
VERTEX
8
CUT
10
175.2991
20
132.3711
0
VERTEX
8
CUT
10
174.0616
20
132.4756
0
VERTEX
8
CUT
10
173.9932
20
132.4835
0
VERTEX
8
CUT
10
173.6980
20
132.5265
0
VERTEX
8
CUT
10
173.5633
20
132.5545
0
VERTEX
8
CUT
10
173.2692
20
132.6345
0
VERTEX
8
CUT
10
173.2300
20
132.6460
0
VERTEX
8
CUT
10
173.2229
20
132.6481
0
VERTEX
8
CUT
10
173.2050
20
132.6535
0
VERTEX
8
CUT
10
172.8663
20
132.7497
0
VERTEX
8
CUT
10
172.7935
20
132.7666
0
VERTEX
8
CUT
10
172.5459
20
132.8113
0
VERTEX
8
CUT
10
172.4719
20
132.8209
0
VERTEX
8
CUT
10
172.2211
20
132.8411
0
VERTEX
8
CUT
10
172.1464
20
132.8434
0
VERTEX
8
CUT
10
171.8949
20
132.8388
0
VERTEX
8
CUT
10
171.8204
20
132.8338
0
VERTEX
8
CUT
10
171.5705
20
132.8046
0
VERTEX
8
CUT
10
171.4968
20
132.7923
0
VERTEX
8
CUT
10
171.2510
20
132.7387
0
VERTEX
8
CUT
10
171.1789
20
132.7192
0
VERTEX
8
CUT
10
170.9395
20
132.6417
0
VERTEX
8
CUT
10
170.8697
20
132.6152
0
VERTEX
8
CUT
10
170.6391
20
132.5146
0
VERTEX
8
CUT
10
170.5722
20
132.4814
0
VERTEX
8
CUT
10
170.3526
20
132.3587
0
VERTEX
8
CUT
10
170.2892
20
132.3191
0
VERTEX
8
CUT
10
170.0827
20
132.1754
0
VERTEX
8
CUT
10
170.0236
20
132.1298
0
VERTEX
8
CUT
10
169.8322
20
131.9665
0
VERTEX
8
CUT
10
169.7778
20
131.9153
0
VERTEX
8
CUT
10
169.6034
20
131.7340
0
VERTEX
8
CUT
10
169.5543
20
131.6777
0
VERTEX
8
CUT
10
169.3985
20
131.4802
0
VERTEX
8
CUT
10
169.3552
20
131.4193
0
VERTEX
8
CUT
10
169.2195
20
131.2074
0
VERTEX
8
CUT
10
169.1824
20
131.1426
0
VERTEX
8
CUT
10
169.0681
20
130.9185
0
VERTEX
8
CUT
10
169.0375
20
130.8503
0
VERTEX
8
CUT
10
168.9459
20
130.6160
0
VERTEX
8
CUT
10
168.9221
20
130.5452
0
VERTEX
8
CUT
10
168.8539
20
130.3031
0
VERTEX
8
CUT
10
168.8372
20
130.2303
0
VERTEX
8
CUT
10
168.7931
20
129.9826
0
VERTEX
8
CUT
10
168.7836
20
129.9085
0
VERTEX
8
CUT
10
168.7640
20
129.6577
0
VERTEX
8
CUT
10
168.7619
20
129.5830
0
VERTEX
8
CUT
10
168.7670
20
129.3315
0
VERTEX
8
CUT
10
168.7722
20
129.2570
0
VERTEX
8
CUT
10
168.8019
20
129.0071
0
VERTEX
8
CUT
10
168.8144
20
128.9335
0
VERTEX
8
CUT
10
168.8686
20
128.6878
0
VERTEX
8
CUT
10
168.8882
20
128.6158
0
VERTEX
8
CUT
10
168.9662
20
128.3766
0
VERTEX
8
CUT
10
168.9928
20
128.3068
0
VERTEX
8
CUT
10
169.1344
20
127.9844
0
VERTEX
8
CUT
10
169.1502
20
127.9505
0
VERTEX
8
CUT
10
169.5173
20
127.2147
0
VERTEX
8
CUT
10
169.5293
20
127.1915
0
VERTEX
8
CUT
10
169.6697
20
126.9328
0
VERTEX
8
CUT
10
169.6961
20
126.8879
0
VERTEX
8
CUT
10
169.8538
20
126.6393
0
VERTEX
8
CUT
10
169.8682
20
126.6176
0
VERTEX
8
CUT
10
169.8810
20
126.5988
0
VERTEX
8
CUT
10
169.9207
20
126.5234
0
VERTEX
8
CUT
10
169.9374
20
126.4932
0
VERTEX
8
CUT
10
170.1012
20
126.2130
0
VERTEX
8
CUT
10
170.1386
20
126.1552
0
VERTEX
8
CUT
10
170.2734
20
125.9664
0
VERTEX
8
CUT
10
170.3158
20
125.9122
0
VERTEX
8
CUT
10
170.5275
20
125.6661
0
VERTEX
8
CUT
10
170.5391
20
125.6532
0
VERTEX
8
CUT
10
170.6049
20
125.5654
0
VERTEX
8
CUT
10
170.6466
20
125.5145
0
VERTEX
8
CUT
10
170.8537
20
125.2831
0
VERTEX
8
CUT
10
170.8761
20
125.2590
0
VERTEX
8
CUT
10
171.4469
20
124.6742
0
VERTEX
8
CUT
10
171.4704
20
124.6511
0
VERTEX
8
CUT
10
171.6267
20
124.5042
0
VERTEX
8
CUT
10
171.7841
20
124.3506
0
VERTEX
8
CUT
10
171.8316
20
124.3080
0
VERTEX
8
CUT
10
171.9977
20
124.1712
0
VERTEX
8
CUT
10
172.0487
20
124.1327
0
VERTEX
8
CUT
10
172.2963
20
123.9614
0
VERTEX
8
CUT
10
172.3229
20
123.9438
0
VERTEX
8
CUT
10
172.5389
20
123.8075
0
VERTEX
8
CUT
10
172.5641
20
123.7894
0
VERTEX
8
CUT
10
172.6004
20
123.7648
0
VERTEX
8
CUT
10
172.9493
20
123.5430
0
VERTEX
8
CUT
10
173.0232
20
123.5018
0
VERTEX
8
CUT
10
173.0517
20
123.4838
0
VERTEX
8
CUT
10
173.0798
20
123.4669
0
VERTEX
8
CUT
10
173.1607
20
123.4206
0
VERTEX
8
CUT
10
173.4328
20
123.2547
0
VERTEX
8
CUT
10
173.5000
20
123.2182
0
VERTEX
8
CUT
10
173.8247
20
123.0626
0
VERTEX
8
CUT
10
173.8596
20
123.0469
0
VERTEX
8
CUT
10
174.5626
20
122.7524
0
VERTEX
8
CUT
10
174.5989
20
122.7383
0
VERTEX
8
CUT
10
174.9449
20
122.6138
0
VERTEX
8
CUT
10
175.0195
20
122.5912
0
VERTEX
8
CUT
10
175.3764
20
122.5028
0
VERTEX
8
CUT
10
175.4145
20
122.4944
0
VERTEX
8
CUT
10
175.5632
20
122.4656
0
VERTEX
8
CUT
10
175.6017
20
122.4592
0
VERTEX
8
CUT
10
175.9655
20
122.4078
0
VERTEX
8
CUT
10
176.0432
20
122.4009
0
VERTEX
8
CUT
10
176.4103
20
122.3872
0
VERTEX
8
CUT
10
176.4493
20
122.3867
0
VERTEX
8
CUT
10
177.8854
20
122.4065
0
VERTEX
8
CUT
10
178.2901
20
122.3948
0
VERTEX
8
CUT
10
178.5522
20
122.3867
0
VERTEX
8
CUT
10
178.5717
20
122.3864
0
VERTEX
8
CUT
10
178.5806
20
122.3863
0
VERTEX
8
CUT
10
178.5963
20
122.3859
0
VERTEX
8
CUT
10
178.6138
20
122.3856
0
VERTEX
8
CUT
10
178.8117
20
122.3844
0
VERTEX
8
CUT
10
178.8468
20
122.3850
0
VERTEX
8
CUT
10
179.0445
20
122.3929
0
VERTEX
8
CUT
10
179.0620
20
122.3938
0
VERTEX
8
CUT
10
179.4072
20
122.4156
0
VERTEX
8
CUT
10
179.4437
20
122.4188
0
VERTEX
8
CUT
10
179.7873
20
122.4573
0
VERTEX
8
CUT
10
179.8597
20
122.4689
0
VERTEX
8
CUT
10
180.1013
20
122.5199
0
VERTEX
8
CUT
10
180.1722
20
122.5385
0
VERTEX
8
CUT
10
180.4079
20
122.6125
0
VERTEX
8
CUT
10
180.4767
20
122.6378
0
VERTEX
8
CUT
10
180.7041
20
122.7342
0
VERTEX
8
CUT
10
180.7701
20
122.7660
0
VERTEX
8
CUT
10
180.9872
20
122.8839
0
VERTEX
8
CUT
10
181.0498
20
122.9219
0
VERTEX
8
CUT
10
181.3253
20
123.1080
0
VERTEX
8
CUT
10
181.3553
20
123.1292
0
VERTEX
8
CUT
10
181.4457
20
123.1969
0
VERTEX
8
CUT
10
181.5368
20
123.2584
0
VERTEX
8
CUT
10
181.7167
20
123.3677
0
VERTEX
8
CUT
10
181.8133
20
123.4201
0
VERTEX
8
CUT
10
182.0029
20
123.5115
0
VERTEX
8
CUT
10
182.1040
20
123.5544
0
VERTEX
8
CUT
10
182.3016
20
123.6272
0
VERTEX
8
CUT
10
182.4064
20
123.6602
0
VERTEX
8
CUT
10
182.6100
20
123.7136
0
VERTEX
8
CUT
10
182.7175
20
123.7363
0
VERTEX
8
CUT
10
182.9253
20
123.7698
0
VERTEX
8
CUT
10
183.0345
20
123.7821
0
VERTEX
8
CUT
10
183.2446
20
123.7955
0
VERTEX
8
CUT
10
183.3545
20
123.7972
0
VERTEX
8
CUT
10
183.5649
20
123.7902
0
VERTEX
8
CUT
10
183.6744
20
123.7814
0
VERTEX
8
CUT
10
183.8832
20
123.7542
0
VERTEX
8
CUT
10
183.9913
20
123.7348
0
VERTEX
8
CUT
10
184.1965
20
123.6877
0
VERTEX
8
CUT
10
184.3023
20
123.6580
0
VERTEX
8
CUT
10
184.5019
20
123.5913
0
VERTEX
8
CUT
10
184.6044
20
123.5516
0
VERTEX
8
CUT
10
184.7967
20
123.4660
0
VERTEX
8
CUT
10
184.8948
20
123.4166
0
VERTEX
8
CUT
10
185.0780
20
123.3129
0
VERTEX
8
CUT
10
185.1709
20
123.2542
0
VERTEX
8
CUT
10
185.3433
20
123.1334
0
VERTEX
8
CUT
10
185.4301
20
123.0660
0
VERTEX
8
CUT
10
185.5901
20
122.9291
0
VERTEX
8
CUT
10
185.6700
20
122.8538
0
VERTEX
8
CUT
10
185.8160
20
122.7021
0
VERTEX
8
CUT
10
185.8883
20
122.6194
0
VERTEX
8
CUT
10
186.0362
20
122.4328
0
VERTEX
8
CUT
10
186.0692
20
122.3889
0
VERTEX
8
CUT
10
186.2207
20
122.1777
0
VERTEX
8
CUT
10
186.2659
20
122.1205
0
VERTEX
8
CUT
10
186.4276
20
121.9354
0
VERTEX
8
CUT
10
186.4781
20
121.8828
0
VERTEX
8
CUT
10
186.6568
20
121.7141
0
VERTEX
8
CUT
10
186.7121
20
121.6666
0
VERTEX
8
CUT
10
186.8658
20
121.5471
0
VERTEX
8
CUT
10
186.9093
20
121.5115
0
VERTEX
8
CUT
10
187.0939
20
121.3528
0
VERTEX
8
CUT
10
187.1754
20
121.2754
0
VERTEX
8
CUT
10
187.3241
20
121.1196
0
VERTEX
8
CUT
10
187.3976
20
121.0345
0
VERTEX
8
CUT
10
187.5301
20
120.8648
0
VERTEX
8
CUT
10
187.5949
20
120.7730
0
VERTEX
8
CUT
10
187.7101
20
120.5911
0
VERTEX
8
CUT
10
187.7655
20
120.4933
0
VERTEX
8
CUT
10
187.8622
20
120.3009
0
VERTEX
8
CUT
10
187.9077
20
120.1981
0
VERTEX
8
CUT
10
187.9851
20
119.9971
0
VERTEX
8
CUT
10
188.0202
20
119.8904
0
VERTEX
8
CUT
10
188.0774
20
119.6828
0
VERTEX
8
CUT
10
188.1018
20
119.5731
0
VERTEX
8
CUT
10
188.1383
20
119.3609
0
VERTEX
8
CUT
10
188.1518
20
119.2493
0
VERTEX
8
CUT
10
188.1672
20
119.0345
0
VERTEX
8
CUT
10
188.1696
20
118.9221
0
VERTEX
8
CUT
10
188.1638
20
118.7069
0
VERTEX
8
CUT
10
188.1552
20
118.5948
0
VERTEX
8
CUT
10
188.1281
20
118.3812
0
VERTEX
8
CUT
10
188.1085
20
118.2705
0
VERTEX
8
CUT
10
188.0606
20
118.0606
0
VERTEX
8
CUT
10
188.0302
20
117.9524
0
VERTEX
8
CUT
10
187.9618
20
117.7482
0
VERTEX
8
CUT
10
187.9209
20
117.6435
0
VERTEX
8
CUT
10
187.8327
20
117.4471
0
VERTEX
8
CUT
10
187.7817
20
117.3469
0
VERTEX
8
CUT
10
187.6746
20
117.1601
0
VERTEX
8
CUT
10
187.6140
20
117.0655
0
VERTEX
8
CUT
10
187.4890
20
116.8901
0
VERTEX
8
CUT
10
187.4194
20
116.8019
0
VERTEX
8
CUT
10
187.2777
20
116.6397
0
VERTEX
8
CUT
10
187.1997
20
116.5588
0
VERTEX
8
CUT
10
187.0223
20
116.3920
0
VERTEX
8
CUT
10
186.9804
20
116.3545
0
VERTEX
8
CUT
10
186.8004
20
116.2014
0
VERTEX
8
CUT
10
186.7491
20
116.1602
0
VERTEX
8
CUT
10
186.5218
20
115.9884
0
VERTEX
8
CUT
10
186.4125
20
115.9153
0
VERTEX
8
CUT
10
186.1669
20
115.7708
0
VERTEX
8
CUT
10
186.1093
20
115.7390
0
VERTEX
8
CUT
10
185.7310
20
115.5449
0
VERTEX
8
CUT
10
185.6822
20
115.5213
0
VERTEX
8
CUT
10
185.4683
20
115.4241
0
VERTEX
8
CUT
10
185.3676
20
115.3840
0
VERTEX
8
CUT
10
185.1712
20
115.3164
0
VERTEX
8
CUT
10
185.0671
20
115.2861
0
VERTEX
8
CUT
10
184.8387
20
115.2311
0
VERTEX
8
CUT
10
184.7857
20
115.2197
0
VERTEX
8
CUT
10
184.0938
20
115.0876
0
VERTEX
8
CUT
10
184.0389
20
115.0785
0
VERTEX
8
CUT
10
183.8002
20
115.0449
0
VERTEX
8
CUT
10
183.6894
20
115.0348
0
VERTEX
8
CUT
10
183.4764
20
115.0258
0
VERTEX
8
CUT
10
183.3652
20
115.0265
0
VERTEX
8
CUT
10
183.1524
20
115.0384
0
VERTEX
8
CUT
10
183.0417
20
115.0499
0
VERTEX
8
CUT
10
182.8035
20
115.0867
0
VERTEX
8
CUT
10
182.7487
20
115.0965
0
VERTEX
8
CUT
10
182.0568
20
115.2382
0
VERTEX
8
CUT
10
182.0200
20
115.2448
0
VERTEX
8
CUT
10
181.6722
20
115.2983
0
VERTEX
8
CUT
10
181.5980
20
115.3061
0
VERTEX
8
CUT
10
181.3469
20
115.3198
0
VERTEX
8
CUT
10
181.2723
20
115.3202
0
VERTEX
8
CUT
10
181.0211
20
115.3092
0
VERTEX
8
CUT
10
180.9468
20
115.3023
0
VERTEX
8
CUT
10
180.6979
20
115.2667
0
VERTEX
8
CUT
10
180.6246
20
115.2525
0
VERTEX
8
CUT
10
180.3804
20
115.1927
0
VERTEX
8
CUT
10
180.3088
20
115.1714
0
VERTEX
8
CUT
10
180.0717
20
115.0879
0
VERTEX
8
CUT
10
180.0025
20
115.0597
0
VERTEX
8
CUT
10
179.7747
20
114.9534
0
VERTEX
8
CUT
10
179.7087
20
114.9185
0
VERTEX
8
CUT
10
179.4924
20
114.7904
0
VERTEX
8
CUT
10
179.4301
20
114.7492
0
VERTEX
8
CUT
10
179.2274
20
114.6004
0
VERTEX
8
CUT
10
179.1695
20
114.5533
0
VERTEX
8
CUT
10
178.9824
20
114.3854
0
VERTEX
8
CUT
10
178.9294
20
114.3329
0
VERTEX
8
CUT
10
178.7596
20
114.1474
0
VERTEX
8
CUT
10
178.7120
20
114.0899
0
VERTEX
8
CUT
10
178.5613
20
113.8887
0
VERTEX
8
CUT
10
178.5195
20
113.8268
0
VERTEX
8
CUT
10
178.3893
20
113.6117
0
VERTEX
8
CUT
10
178.3538
20
113.5461
0
VERTEX
8
CUT
10
178.2453
20
113.3193
0
VERTEX
8
CUT
10
178.2164
20
113.2504
0
VERTEX
8
CUT
10
178.1306
20
113.0141
0
VERTEX
8
CUT
10
178.1086
20
112.9428
0
VERTEX
8
CUT
10
178.0465
20
112.6991
0
VERTEX
8
CUT
10
178.0316
20
112.6260
0
VERTEX
8
CUT
10
177.9936
20
112.3774
0
VERTEX
8
CUT
10
177.9860
20
112.3032
0
VERTEX
8
CUT
10
177.9726
20
112.0521
0
VERTEX
8
CUT
10
177.9723
20
111.9775
0
VERTEX
8
CUT
10
177.9836
20
111.7263
0
VERTEX
8
CUT
10
177.9906
20
111.6520
0
VERTEX
8
CUT
10
178.0265
20
111.4031
0
VERTEX
8
CUT
10
178.0407
20
111.3299
0
VERTEX
8
CUT
10
178.1009
20
111.0857
0
VERTEX
8
CUT
10
178.1222
20
111.0142
0
VERTEX
8
CUT
10
178.2060
20
110.7771
0
VERTEX
8
CUT
10
178.2343
20
110.7081
0
VERTEX
8
CUT
10
178.3409
20
110.4804
0
VERTEX
8
CUT
10
178.3759
20
110.4144
0
VERTEX
8
CUT
10
178.5043
20
110.1983
0
VERTEX
8
CUT
10
178.5456
20
110.1360
0
VERTEX
8
CUT
10
178.6946
20
109.9335
0
VERTEX
8
CUT
10
178.7417
20
109.8757
0
VERTEX
8
CUT
10
178.9099
20
109.6888
0
VERTEX
8
CUT
10
178.9625
20
109.6358
0
VERTEX
8
CUT
10
179.2224
20
109.3986
0
VERTEX
8
CUT
10
179.2506
20
109.3741
0
VERTEX
8
CUT
10
180.1883
20
108.5990
0
VERTEX
8
CUT
10
180.2057
20
108.5851
0
VERTEX
8
CUT
10
180.4040
20
108.4307
0
VERTEX
8
CUT
10
180.4399
20
108.4044
0
VERTEX
8
CUT
10
180.6469
20
108.2619
0
VERTEX
8
CUT
10
180.6654
20
108.2495
0
VERTEX
8
CUT
10
180.8739
20
108.1148
0
VERTEX
8
CUT
10
180.9207
20
108.0829
0
VERTEX
8
CUT
10
181.1201
20
107.9395
0
VERTEX
8
CUT
10
181.2087
20
107.8689
0
VERTEX
8
CUT
10
181.3715
20
107.7252
0
VERTEX
8
CUT
10
181.4526
20
107.6461
0
VERTEX
8
CUT
10
181.6004
20
107.4870
0
VERTEX
8
CUT
10
181.6733
20
107.4003
0
VERTEX
8
CUT
10
181.8045
20
107.2273
0
VERTEX
8
CUT
10
181.8684
20
107.1337
0
VERTEX
8
CUT
10
181.9818
20
106.9485
0
VERTEX
8
CUT
10
182.0361
20
106.8491
0
VERTEX
8
CUT
10
182.1306
20
106.6536
0
VERTEX
8
CUT
10
182.1747
20
106.5492
0
VERTEX
8
CUT
10
182.2493
20
106.3453
0
VERTEX
8
CUT
10
182.2829
20
106.2371
0
VERTEX
8
CUT
10
182.3368
20
106.0267
0
VERTEX
8
CUT
10
182.3595
20
105.9157
0
VERTEX
8
CUT
10
182.3923
20
105.7011
0
VERTEX
8
CUT
10
182.4038
20
105.5883
0
VERTEX
8
CUT
10
182.4152
20
105.3715
0
VERTEX
8
CUT
10
182.4154
20
105.2582
0
VERTEX
8
CUT
10
182.4052
20
105.0413
0
VERTEX
8
CUT
10
182.3942
20
104.9285
0
VERTEX
8
CUT
10
182.3624
20
104.7137
0
VERTEX
8
CUT
10
182.3403
20
104.6026
0
VERTEX
8
CUT
10
182.2874
20
104.3920
0
VERTEX
8
CUT
10
182.2543
20
104.2836
0
VERTEX
8
CUT
10
182.1808
20
104.0793
0
VERTEX
8
CUT
10
182.1371
20
103.9747
0
VERTEX
8
CUT
10
182.0436
20
103.7788
0
VERTEX
8
CUT
10
181.9898
20
103.6790
0
VERTEX
8
CUT
10
181.8773
20
103.4933
0
VERTEX
8
CUT
10
181.8139
20
103.3994
0
VERTEX
8
CUT
10
181.6835
20
103.2258
0
VERTEX
8
CUT
10
181.6110
20
103.1387
0
VERTEX
8
CUT
10
181.4640
20
102.9789
0
VERTEX
8
CUT
10
181.3833
20
102.8994
0
VERTEX
8
CUT
10
181.2212
20
102.7549
0
VERTEX
8
CUT
10
181.1329
20
102.6839
0
VERTEX
8
CUT
10
180.9572
20
102.5562
0
VERTEX
8
CUT
10
180.8624
20
102.4943
0
VERTEX
8
CUT
10
180.6749
20
102.3847
0
VERTEX
8
CUT
10
180.5743
20
102.3325
0
VERTEX
8
CUT
10
180.3769
20
102.2421
0
VERTEX
8
CUT
10
180.2717
20
102.2001
0
VERTEX
8
CUT
10
180.0662
20
102.1298
0
VERTEX
8
CUT
10
179.9573
20
102.0984
0
VERTEX
8
CUT
10
179.7459
20
102.0488
0
VERTEX
8
CUT
10
179.6345
20
102.0285
0
VERTEX
8
CUT
10
179.4192
20
102.0001
0
VERTEX
8
CUT
10
179.3062
20
101.9909
0
VERTEX
8
CUT
10
179.0609
20
101.9832
0
VERTEX
8
CUT
10
179.0042
20
101.9828
0
VERTEX
8
CUT
10
178.7377
20
101.9877
0
VERTEX
8
CUT
10
178.7252
20
101.9879
0
VERTEX
8
CUT
10
178.6652
20
101.9897
0
VERTEX
8
CUT
10
178.6527
20
101.9901
0
VERTEX
8
CUT
10
178.5556
20
101.9940
0
VERTEX
8
CUT
10
178.5154
20
101.9963
0
VERTEX
8
CUT
10
178.3214
20
102.0110
0
VERTEX
8
CUT
10
178.2813
20
102.0147
0
VERTEX
8
CUT
10
177.0591
20
102.1506
0
VERTEX
8
CUT
10
177.0227
20
102.1552
0
VERTEX
8
CUT
10
176.8471
20
102.1805
0
VERTEX
8
CUT
10
176.8108
20
102.1863
0
VERTEX
8
CUT
10
176.7418
20
102.1985
0
VERTEX
8
CUT
10
176.7058
20
102.2055
0
VERTEX
8
CUT
10
176.5322
20
102.2420
0
VERTEX
8
CUT
10
176.4964
20
102.2501
0
VERTEX
8
CUT
10
175.1765
20
102.5725
0
VERTEX
8
CUT
10
175.1413
20
102.5817
0
VERTEX
8
CUT
10
174.9719
20
102.6288
0
VERTEX
8
CUT
10
174.9370
20
102.6391
0
VERTEX
8
CUT
10
174.8707
20
102.6599
0
VERTEX
8
CUT
10
174.8362
20
102.6713
0
VERTEX
8
CUT
10
174.6701
20
102.7291
0
VERTEX
8
CUT
10
174.6360
20
102.7416
0
VERTEX
8
CUT
10
173.3008
20
103.2551
0
VERTEX
8
CUT
10
173.2842
20
103.2617
0
VERTEX
8
CUT
10
173.2057
20
103.2933
0
VERTEX
8
CUT
10
173.1801
20
103.3040
0
VERTEX
8
CUT
10
173.1399
20
103.3213
0
VERTEX
8
CUT
10
173.1309
20
103.3253
0
VERTEX
8
CUT
10
173.0772
20
103.3490
0
VERTEX
8
CUT
10
173.0609
20
103.3563
0
VERTEX
8
CUT
10
172.9841
20
103.3917
0
VERTEX
8
CUT
10
172.9590
20
103.4036
0
VERTEX
8
CUT
10
172.9197
20
103.4229
0
VERTEX
8
CUT
10
172.9109
20
103.4273
0
VERTEX
8
CUT
10
171.5158
20
104.1263
0
VERTEX
8
CUT
10
171.5016
20
104.1335
0
VERTEX
8
CUT
10
171.4658
20
104.1521
0
VERTEX
8
CUT
10
171.3878
20
104.1965
0
VERTEX
8
CUT
10
171.0917
20
104.3810
0
VERTEX
8
CUT
10
171.0232
20
104.4273
0
VERTEX
8
CUT
10
171.0155
20
104.4329
0
VERTEX
8
CUT
10
171.0078
20
104.4385
0
VERTEX
8
CUT
10
170.9733
20
104.4642
0
VERTEX
8
CUT
10
170.9423
20
104.4860
0
VERTEX
8
CUT
10
170.6455
20
104.6840
0
VERTEX
8
CUT
10
170.5805
20
104.7228
0
VERTEX
8
CUT
10
170.3554
20
104.8425
0
VERTEX
8
CUT
10
170.2869
20
104.8747
0
VERTEX
8
CUT
10
170.0510
20
104.9714
0
VERTEX
8
CUT
10
169.9796
20
104.9966
0
VERTEX
8
CUT
10
169.7353
20
105.0693
0
VERTEX
8
CUT
10
169.6617
20
105.0873
0
VERTEX
8
CUT
10
169.4114
20
105.1354
0
VERTEX
8
CUT
10
169.3364
20
105.1460
0
VERTEX
8
CUT
10
169.0825
20
105.1689
0
VERTEX
8
CUT
10
169.0069
20
105.1720
0
VERTEX
8
CUT
10
168.7520
20
105.1696
0
VERTEX
8
CUT
10
168.6764
20
105.1651
0
VERTEX
8
CUT
10
168.4230
20
105.1373
0
VERTEX
8
CUT
10
168.3483
20
105.1254
0
VERTEX
8
CUT
10
168.0989
20
105.0725
0
VERTEX
8
CUT
10
168.0257
20
105.0532
0
VERTEX
8
CUT
10
167.7828
20
104.9758
0
VERTEX
8
CUT
10
167.7119
20
104.9493
0
VERTEX
8
CUT
10
167.4779
20
104.8481
0
VERTEX
8
CUT
10
167.4100
20
104.8147
0
VERTEX
8
CUT
10
167.1872
20
104.6908
0
VERTEX
8
CUT
10
167.1230
20
104.6507
0
VERTEX
8
CUT
10
166.9136
20
104.5053
0
VERTEX
8
CUT
10
166.8537
20
104.4590
0
VERTEX
8
CUT
10
166.6598
20
104.2935
0
VERTEX
8
CUT
10
166.6048
20
104.2415
0
VERTEX
8
CUT
10
166.4283
20
104.0575
0
VERTEX
8
CUT
10
166.3787
20
104.0003
0
VERTEX
8
CUT
10
166.2215
20
103.7996
0
VERTEX
8
CUT
10
166.1778
20
103.7378
0
VERTEX
8
CUT
10
166.0291
20
103.5032
0
VERTEX
8
CUT
10
165.9962
20
103.4542
0
VERTEX
8
CUT
10
165.8484
20
103.2457
0
VERTEX
8
CUT
10
165.7753
20
103.1532
0
VERTEX
8
CUT
10
165.6262
20
102.9833
0
VERTEX
8
CUT
10
165.5439
20
102.8988
0
VERTEX
8
CUT
10
165.3780
20
102.7453
0
VERTEX
8
CUT
10
165.2874
20
102.6697
0
VERTEX
8
CUT
10
165.0830
20
102.5164
0
VERTEX
8
CUT
10
165.0348
20
102.4822
0
VERTEX
8
CUT
10
164.0387
20
101.8130
0
VERTEX
8
CUT
10
163.9902
20
101.7822
0
VERTEX
8
CUT
10
163.7767
20
101.6539
0
VERTEX
8
CUT
10
163.6754
20
101.5997
0
VERTEX
8
CUT
10
163.4761
20
101.5059
0
VERTEX
8
CUT
10
163.3698
20
101.4622
0
VERTEX
8
CUT
10
163.1622
20
101.3889
0
VERTEX
8
CUT
10
163.0520
20
101.3562
0
VERTEX
8
CUT
10
162.8380
20
101.3041
0
VERTEX
8
CUT
10
162.7251
20
101.2827
0
VERTEX
8
CUT
10
162.5069
20
101.2525
0
VERTEX
8
CUT
10
162.3924
20
101.2424
0
VERTEX
8
CUT
10
162.1724
20
101.2344
0
VERTEX
8
CUT
10
162.0574
20
101.2360
0
VERTEX
8
CUT
10
161.8377
20
101.2501
0
VERTEX
8
CUT
10
161.7235
20
101.2632
0
VERTEX
8
CUT
10
161.5062
20
101.2994
0
VERTEX
8
CUT
10
161.3940
20
101.3240
0
VERTEX
8
CUT
10
161.1815
20
101.3819
0
VERTEX
8
CUT
10
161.0722
20
101.4177
0
VERTEX
8
CUT
10
160.8667
20
101.4967
0
VERTEX
8
CUT
10
160.7616
20
101.5432
0
VERTEX
8
CUT
10
160.5650
20
101.6425
0
VERTEX
8
CUT
10
160.4652
20
101.6995
0
VERTEX
8
CUT
10
160.2796
20
101.8181
0
VERTEX
8
CUT
10
160.1860
20
101.8848
0
VERTEX
8
CUT
10
160.0133
20
102.0214
0
VERTEX
8
CUT
10
159.9269
20
102.0972
0
VERTEX
8
CUT
10
159.7689
20
102.2506
0
VERTEX
8
CUT
10
159.6905
20
102.3347
0
VERTEX
8
CUT
10
159.5302
20
102.5252
0
VERTEX
8
CUT
10
159.4943
20
102.5702
0
VERTEX
8
CUT
10
159.0982
20
103.0923
0
VERTEX
8
CUT
10
159.0882
20
103.1056
0
VERTEX
8
CUT
10
159.0633
20
103.1394
0
VERTEX
8
CUT
10
159.0110
20
103.2170
0
VERTEX
8
CUT
10
158.8204
20
103.5263
0
VERTEX
8
CUT
10
158.7780
20
103.6013
0
VERTEX
8
CUT
10
158.7734
20
103.6101
0
VERTEX
8
CUT
10
158.7689
20
103.6189
0
VERTEX
8
CUT
10
157.5699
20
105.9904
0
VERTEX
8
CUT
10
157.5629
20
106.0043
0
VERTEX
8
CUT
10
157.5456
20
106.0397
0
VERTEX
8
CUT
10
157.5102
20
106.1199
0
VERTEX
8
CUT
10
157.3847
20
106.4366
0
VERTEX
8
CUT
10
157.3576
20
106.5126
0
VERTEX
8
CUT
10
157.3548
20
106.5215
0
VERTEX
8
CUT
10
157.3520
20
106.5304
0
VERTEX
8
CUT
10
156.5435
20
109.1571
0
VERTEX
8
CUT
10
156.5385
20
109.1738
0
VERTEX
8
CUT
10
156.5262
20
109.2160
0
VERTEX
8
CUT
10
156.5029
20
109.3111
0
VERTEX
8
CUT
10
156.4284
20
109.6841
0
VERTEX
8
CUT
10
156.4142
20
109.7731
0
VERTEX
8
CUT
10
156.4130
20
109.7835
0
VERTEX
8
CUT
10
156.4118
20
109.7937
0
VERTEX
8
CUT
10
156.3011
20
110.8036
0
VERTEX
8
CUT
10
156.2963
20
110.8610
0
VERTEX
8
CUT
10
156.2816
20
111.1099
0
VERTEX
8
CUT
10
156.2807
20
111.2250
0
VERTEX
8
CUT
10
156.2900
20
111.4454
0
VERTEX
8
CUT
10
156.3007
20
111.5600
0
VERTEX
8
CUT
10
156.3363
20
111.8068
0
VERTEX
8
CUT
10
156.3460
20
111.8635
0
VERTEX
8
CUT
10
156.4349
20
112.3161
0
VERTEX
8
CUT
10
156.4415
20
112.3551
0
VERTEX
8
CUT
10
156.4943
20
112.7249
0
VERTEX
8
CUT
10
156.5014
20
112.8038
0
VERTEX
8
CUT
10
156.5113
20
113.0703
0
VERTEX
8
CUT
10
156.5102
20
113.1495
0
VERTEX
8
CUT
10
156.4924
20
113.4157
0
VERTEX
8
CUT
10
156.4830
20
113.4944
0
VERTEX
8
CUT
10
156.4345
20
113.7749
0
VERTEX
8
CUT
10
156.4266
20
113.8278
0
VERTEX
8
CUT
10
156.3980
20
114.0575
0
VERTEX
8
CUT
10
156.3897
20
114.1641
0
VERTEX
8
CUT
10
156.3835
20
114.3687
0
VERTEX
8
CUT
10
156.3853
20
114.4756
0
VERTEX
8
CUT
10
156.3982
20
114.6799
0
VERTEX
8
CUT
10
156.4100
20
114.7861
0
VERTEX
8
CUT
10
156.4421
20
114.9884
0
VERTEX
8
CUT
10
156.4637
20
115.0930
0
VERTEX
8
CUT
10
156.5146
20
115.2914
0
VERTEX
8
CUT
10
156.5459
20
115.3935
0
VERTEX
8
CUT
10
156.6242
20
115.6114
0
VERTEX
8
CUT
10
156.6434
20
115.6613
0
VERTEX
8
CUT
10
156.8175
20
116.0829
0
VERTEX
8
CUT
10
156.8411
20
116.1359
0
VERTEX
8
CUT
10
156.9488
20
116.3632
0
VERTEX
8
CUT
10
157.0038
20
116.4654
0
VERTEX
8
CUT
10
157.1190
20
116.6556
0
VERTEX
8
CUT
10
157.1841
20
116.7517
0
VERTEX
8
CUT
10
157.3180
20
116.9293
0
VERTEX
8
CUT
10
157.3926
20
117.0183
0
VERTEX
8
CUT
10
157.5637
20
117.2025
0
VERTEX
8
CUT
10
157.6042
20
117.2441
0
VERTEX
8
CUT
10
157.7498
20
117.3857
0
VERTEX
8
CUT
10
157.7998
20
117.4392
0
VERTEX
8
CUT
10
157.9593
20
117.6275
0
VERTEX
8
CUT
10
158.0039
20
117.6856
0
VERTEX
8
CUT
10
158.1445
20
117.8884
0
VERTEX
8
CUT
10
158.1833
20
117.9505
0
VERTEX
8
CUT
10
158.3037
20
118.1658
0
VERTEX
8
CUT
10
158.3364
20
118.2314
0
VERTEX
8
CUT
10
158.4355
20
118.4574
0
VERTEX
8
CUT
10
158.4617
20
118.5258
0
VERTEX
8
CUT
10
158.5386
20
118.7602
0
VERTEX
8
CUT
10
158.5581
20
118.8308
0
VERTEX
8
CUT
10
158.6121
20
119.0716
0
VERTEX
8
CUT
10
158.6247
20
119.1437
0
VERTEX
8
CUT
10
158.6553
20
119.3886
0
VERTEX
8
CUT
10
158.6609
20
119.4616
0
VERTEX
8
CUT
10
158.6677
20
119.7082
0
VERTEX
8
CUT
10
158.6663
20
119.7815
0
VERTEX
8
CUT
10
158.6494
20
120.0276
0
VERTEX
8
CUT
10
158.6408
20
120.1004
0
VERTEX
8
CUT
10
158.6003
20
120.3438
0
VERTEX
8
CUT
10
158.5848
20
120.4154
0
VERTEX
8
CUT
10
158.5211
20
120.6537
0
VERTEX
8
CUT
10
158.4988
20
120.7235
0
VERTEX
8
CUT
10
158.4124
20
120.9546
0
VERTEX
8
CUT
10
158.3835
20
121.0219
0
VERTEX
8
CUT
10
158.2752
20
121.2436
0
VERTEX
8
CUT
10
158.2400
20
121.3078
0
VERTEX
8
CUT
10
158.1109
20
121.5181
0
VERTEX
8
CUT
10
158.0696
20
121.5786
0
VERTEX
8
CUT
10
157.9209
20
121.7755
0
VERTEX
8
CUT
10
157.8739
20
121.8317
0
VERTEX
8
CUT
10
157.7070
20
122.0134
0
VERTEX
8
CUT
10
157.6548
20
122.0649
0
VERTEX
8
CUT
10
157.4712
20
122.2296
0
VERTEX
8
CUT
10
157.4143
20
122.2758
0
VERTEX
8
CUT
10
157.1967
20
122.4360
0
VERTEX
8
CUT
10
157.1552
20
122.4681
0
VERTEX
8
CUT
10
156.9784
20
122.6112
0
VERTEX
8
CUT
10
156.8999
20
122.6810
0
VERTEX
8
CUT
10
156.7559
20
122.8214
0
VERTEX
8
CUT
10
156.6842
20
122.8981
0
VERTEX
8
CUT
10
156.5537
20
123.0513
0
VERTEX
8
CUT
10
156.4893
20
123.1342
0
VERTEX
8
CUT
10
156.3735
20
123.2987
0
VERTEX
8
CUT
10
156.3170
20
123.3872
0
VERTEX
8
CUT
10
156.2037
20
123.5845
0
VERTEX
8
CUT
10
156.1786
20
123.6306
0
VERTEX
8
CUT
10
156.0754
20
123.8310
0
VERTEX
8
CUT
10
156.0379
20
123.8959
0
VERTEX
8
CUT
10
155.9009
20
124.1077
0
VERTEX
8
CUT
10
155.8571
20
124.1686
0
VERTEX
8
CUT
10
155.6999
20
124.3659
0
VERTEX
8
CUT
10
155.6504
20
124.4221
0
VERTEX
8
CUT
10
155.4745
20
124.6031
0
VERTEX
8
CUT
10
155.4197
20
124.6541
0
VERTEX
8
CUT
10
155.2269
20
124.8169
0
VERTEX
8
CUT
10
155.1673
20
124.8623
0
VERTEX
8
CUT
10
154.9594
20
125.0053
0
VERTEX
8
CUT
10
154.8956
20
125.0446
0
VERTEX
8
CUT
10
154.6747
20
125.1664
0
VERTEX
8
CUT
10
154.6073
20
125.1993
0
VERTEX
8
CUT
10
154.3754
20
125.2987
0
VERTEX
8
CUT
10
154.3052
20
125.3248
0
VERTEX
8
CUT
10
154.0646
20
125.4010
0
VERTEX
8
CUT
10
153.9922
20
125.4200
0
VERTEX
8
CUT
10
153.7453
20
125.4721
0
VERTEX
8
CUT
10
153.6713
20
125.4839
0
VERTEX
8
CUT
10
153.4205
20
125.5115
0
VERTEX
8
CUT
10
153.3457
20
125.5160
0
VERTEX
8
CUT
10
153.0934
20
125.5186
0
VERTEX
8
CUT
10
153.0186
20
125.5158
0
VERTEX
8
CUT
10
152.7672
20
125.4936
0
VERTEX
8
CUT
10
152.6930
20
125.4834
0
VERTEX
8
CUT
10
152.4451
20
125.4366
0
VERTEX
8
CUT
10
152.3722
20
125.4191
0
VERTEX
8
CUT
10
152.1301
20
125.3481
0
VERTEX
8
CUT
10
152.0593
20
125.3235
0
VERTEX
8
CUT
10
151.8253
20
125.2290
0
VERTEX
8
CUT
10
151.7573
20
125.1976
0
VERTEX
8
CUT
10
151.5338
20
125.0805
0
VERTEX
8
CUT
10
151.4692
20
125.0426
0
VERTEX
8
CUT
10
151.2583
20
124.9041
0
VERTEX
8
CUT
10
151.1978
20
124.8599
0
VERTEX
8
CUT
10
151.0015
20
124.7014
0
VERTEX
8
CUT
10
150.9456
20
124.6515
0
VERTEX
8
CUT
10
150.7659
20
124.4743
0
VERTEX
8
CUT
10
150.7152
20
124.4192
0
VERTEX
8
CUT
10
150.5538
20
124.2252
0
VERTEX
8
CUT
10
150.5088
20
124.1654
0
VERTEX
8
CUT
10
150.3673
20
123.9565
0
VERTEX
8
CUT
10
150.3470
20
123.9249
0
VERTEX
8
CUT
10
150.3446
20
123.9209
0
VERTEX
8
CUT
10
150.3353
20
123.9052
0
VERTEX
8
CUT
10
150.3064
20
123.8550
0
VERTEX
8
CUT
10
150.1768
20
123.6423
0
VERTEX
8
CUT
10
150.1120
20
123.5472
0
VERTEX
8
CUT
10
149.9790
20
123.3715
0
VERTEX
8
CUT
10
149.9050
20
123.2835
0
VERTEX
8
CUT
10
149.7549
20
123.1221
0
VERTEX
8
CUT
10
149.6725
20
123.0420
0
VERTEX
8
CUT
10
149.5069
20
122.8966
0
VERTEX
8
CUT
10
149.4167
20
122.8251
0
VERTEX
8
CUT
10
149.2374
20
122.6972
0
VERTEX
8
CUT
10
149.1405
20
122.6352
0
VERTEX
8
CUT
10
148.9491
20
122.5259
0
VERTEX
8
CUT
10
148.8465
20
122.4740
0
VERTEX
8
CUT
10
148.6451
20
122.3846
0
VERTEX
8
CUT
10
148.5378
20
122.3433
0
VERTEX
8
CUT
10
148.3284
20
122.2746
0
VERTEX
8
CUT
10
148.2174
20
122.2444
0
VERTEX
8
CUT
10
148.0022
20
122.1972
0
VERTEX
8
CUT
10
147.8887
20
122.1782
0
VERTEX
8
CUT
10
147.6412
20
122.1496
0
VERTEX
8
CUT
10
147.5758
20
122.1438
0
VERTEX
8
CUT
10
147.5581
20
122.1420
0
VERTEX
8
CUT
10
147.5574
20
122.1419
0
VERTEX
8
CUT
10
147.5208
20
122.1368
0
VERTEX
8
CUT
10
147.2750
20
122.0967
0
VERTEX
8
CUT
10
147.2027
20
122.0812
0
VERTEX
8
CUT
10
146.9620
20
122.0174
0
VERTEX
8
CUT
10
146.8915
20
121.9951
0
VERTEX
8
CUT
10
146.6581
20
121.9082
0
VERTEX
8
CUT
10
146.5902
20
121.8790
0
VERTEX
8
CUT
10
146.3664
20
121.7699
0
VERTEX
8
CUT
10
146.3016
20
121.7343
0
VERTEX
8
CUT
10
146.0894
20
121.6039
0
VERTEX
8
CUT
10
146.0284
20
121.5622
0
VERTEX
8
CUT
10
145.8299
20
121.4119
0
VERTEX
8
CUT
10
145.7732
20
121.3644
0
VERTEX
8
CUT
10
145.5903
20
121.1955
0
VERTEX
8
CUT
10
145.5385
20
121.1427
0
VERTEX
8
CUT
10
145.3728
20
120.9568
0
VERTEX
8
CUT
10
145.3264
20
120.8993
0
VERTEX
8
CUT
10
145.1795
20
120.6982
0
VERTEX
8
CUT
10
145.1389
20
120.6364
0
VERTEX
8
CUT
10
145.0123
20
120.4220
0
VERTEX
8
CUT
10
144.9779
20
120.3566
0
VERTEX
8
CUT
10
144.8727
20
120.1308
0
VERTEX
8
CUT
10
144.8448
20
120.0624
0
VERTEX
8
CUT
10
144.7290
20
119.7337
0
VERTEX
8
CUT
10
144.7176
20
119.6985
0
VERTEX
8
CUT
10
144.5851
20
119.2545
0
VERTEX
8
CUT
10
144.5751
20
119.2177
0
VERTEX
8
CUT
10
144.4896
20
118.8681
0
VERTEX
8
CUT
10
144.4752
20
118.7931
0
VERTEX
8
CUT
10
144.4396
20
118.5385
0
VERTEX
8
CUT
10
144.4328
20
118.4625
0
VERTEX
8
CUT
10
144.4228
20
118.2056
0
VERTEX
8
CUT
10
144.4237
20
118.1293
0
VERTEX
8
CUT
10
144.4395
20
117.8727
0
VERTEX
8
CUT
10
144.4480
20
117.7969
0
VERTEX
8
CUT
10
144.4895
20
117.5432
0
VERTEX
8
CUT
10
144.5056
20
117.4686
0
VERTEX
8
CUT
10
144.5723
20
117.2203
0
VERTEX
8
CUT
10
144.5958
20
117.1477
0
VERTEX
8
CUT
10
144.6871
20
116.9073
0
VERTEX
8
CUT
10
144.7178
20
116.8374
0
VERTEX
8
CUT
10
144.8327
20
116.6075
0
VERTEX
8
CUT
10
144.8702
20
116.5410
0
VERTEX
8
CUT
10
145.0076
20
116.3237
0
VERTEX
8
CUT
10
145.0516
20
116.2614
0
VERTEX
8
CUT
10
145.2101
20
116.0590
0
VERTEX
8
CUT
10
145.2602
20
116.0013
0
VERTEX
8
CUT
10
145.2895
20
115.9708
0
VERTEX
8
CUT
10
145.3438
20
115.9195
0
VERTEX
8
CUT
10
145.4029
20
115.8738
0
VERTEX
8
CUT
10
145.4663
20
115.8341
0
VERTEX
8
CUT
10
145.5332
20
115.8008
0
VERTEX
8
CUT
10
145.6030
20
115.7743
0
VERTEX
8
CUT
10
145.6752
20
115.7547
0
VERTEX
8
CUT
10
145.7452
20
115.7394
0
VERTEX
8
CUT
10
145.9487
20
115.6844
0
VERTEX
8
CUT
10
146.0534
20
115.6506
0
VERTEX
8
CUT
10
146.2507
20
115.5763
0
VERTEX
8
CUT
10
146.3517
20
115.5325
0
VERTEX
8
CUT
10
146.5409
20
115.4395
0
VERTEX
8
CUT
10
146.6372
20
115.3862
0
VERTEX
8
CUT
10
146.8166
20
115.2754
0
VERTEX
8
CUT
10
146.9073
20
115.2131
0
VERTEX
8
CUT
10
147.0751
20
115.0854
0
VERTEX
8
CUT
10
147.1594
20
115.0147
0
VERTEX
8
CUT
10
147.3141
20
114.8715
0
VERTEX
8
CUT
10
147.3912
20
114.7929
0
VERTEX
8
CUT
10
147.5314
20
114.6354
0
VERTEX
8
CUT
10
147.6005
20
114.5498
0
VERTEX
8
CUT
10
147.7248
20
114.3795
0
VERTEX
8
CUT
10
147.7854
20
114.2877
0
VERTEX
8
CUT
10
147.8928
20
114.1062
0
VERTEX
8
CUT
10
147.9442
20
114.0089
0
VERTEX
8
CUT
10
148.0335
20
113.8179
0
VERTEX
8
CUT
10
148.0753
20
113.7161
0
VERTEX
8
CUT
10
148.1458
20
113.5174
0
VERTEX
8
CUT
10
148.1776
20
113.4121
0
VERTEX
8
CUT
10
148.2287
20
113.2075
0
VERTEX
8
CUT
10
148.2501
20
113.0996
0
VERTEX
8
CUT
10
148.2648
20
113.0007
0
VERTEX
8
CUT
10
148.2792
20
112.9285
0
VERTEX
8
CUT
10
148.3040
20
112.8294
0
VERTEX
8
CUT
10
148.3143
20
112.7922
0
VERTEX
8
CUT
10
148.3983
20
112.5161
0
VERTEX
8
CUT
10
148.4239
20
112.4451
0
VERTEX
8
CUT
10
148.5608
20
112.1167
0
VERTEX
8
CUT
10
148.5761
20
112.0822
0
VERTEX
8
CUT
10
148.6631
20
111.8997
0
VERTEX
8
CUT
10
148.6874
20
111.8451
0
VERTEX
8
CUT
10
148.7862
20
111.6062
0
VERTEX
8
CUT
10
148.8260
20
111.4937
0
VERTEX
8
CUT
10
148.8908
20
111.2744
0
VERTEX
8
CUT
10
148.9186
20
111.1583
0
VERTEX
8
CUT
10
148.9602
20
110.9335
0
VERTEX
8
CUT
10
148.9757
20
110.8151
0
VERTEX
8
CUT
10
148.9935
20
110.5871
0
VERTEX
8
CUT
10
148.9965
20
110.4678
0
VERTEX
8
CUT
10
148.9904
20
110.2392
0
VERTEX
8
CUT
10
148.9809
20
110.1203
0
VERTEX
8
CUT
10
148.9509
20
109.8936
0
VERTEX
8
CUT
10
148.9291
20
109.7762
0
VERTEX
8
CUT
10
148.8685
20
109.5249
0
VERTEX
8
CUT
10
148.8531
20
109.4672
0
VERTEX
8
CUT
10
148.8084
20
109.3170
0
VERTEX
8
CUT
10
148.7882
20
109.2553
0
VERTEX
8
CUT
10
148.6928
20
108.9905
0
VERTEX
8
CUT
10
148.6418
20
108.8710
0
VERTEX
8
CUT
10
148.5169
20
108.6188
0
VERTEX
8
CUT
10
148.4865
20
108.5614
0
VERTEX
8
CUT
10
148.3401
20
108.3038
0
VERTEX
8
CUT
10
148.3085
20
108.2419
0
VERTEX
8
CUT
10
148.2120
20
108.0289
0
VERTEX
8
CUT
10
148.1863
20
107.9644
0
VERTEX
8
CUT
10
148.1096
20
107.7434
0
VERTEX
8
CUT
10
148.0898
20
107.6769
0
VERTEX
8
CUT
10
148.0336
20
107.4498
0
VERTEX
8
CUT
10
148.0200
20
107.3817
0
VERTEX
8
CUT
10
147.9847
20
107.1505
0
VERTEX
8
CUT
10
147.9774
20
107.0814
0
VERTEX
8
CUT
10
147.9587
20
106.7687
0
VERTEX
8
CUT
10
147.9548
20
106.7211
0
VERTEX
8
CUT
10
147.9337
20
106.5152
0
VERTEX
8
CUT
10
147.9201
20
106.4206
0
VERTEX
8
CUT
10
147.8862
20
106.2407
0
VERTEX
8
CUT
10
147.8647
20
106.1476
0
VERTEX
8
CUT
10
147.8096
20
105.9481
0
VERTEX
8
CUT
10
147.7959
20
105.9023
0
VERTEX
8
CUT
10
147.7682
20
105.8164
0
VERTEX
8
CUT
10
147.7514
20
105.7678
0
VERTEX
8
CUT
10
147.6736
20
105.5591
0
VERTEX
8
CUT
10
147.6334
20
105.4644
0
VERTEX
8
CUT
10
147.5483
20
105.2868
0
VERTEX
8
CUT
10
147.4997
20
105.1961
0
VERTEX
8
CUT
10
147.3857
20
105.0047
0
VERTEX
8
CUT
10
147.3584
20
104.9612
0
VERTEX
8
CUT
10
146.0013
20
102.8996
0
VERTEX
8
CUT
10
145.9909
20
102.8840
0
VERTEX
8
CUT
10
145.9521
20
102.8272
0
VERTEX
8
CUT
10
145.9160
20
102.7773
0
VERTEX
8
CUT
10
145.8059
20
102.6332
0
VERTEX
8
CUT
10
145.7504
20
102.5660
0
VERTEX
8
CUT
10
145.6285
20
102.4296
0
VERTEX
8
CUT
10
145.5924
20
102.3910
0
VERTEX
8
CUT
10
145.5692
20
102.3674
0
VERTEX
8
CUT
10
145.5615
20
102.3595
0
VERTEX
8
CUT
10
145.2602
20
102.0581
0
VERTEX
8
CUT
10
145.2188
20
102.0187
0
VERTEX
8
CUT
10
145.0354
20
101.8528
0
VERTEX
8
CUT
10
144.9470
20
101.7805
0
VERTEX
8
CUT
10
144.7710
20
101.6507
0
VERTEX
8
CUT
10
144.6758
20
101.5876
0
VERTEX
8
CUT
10
144.4876
20
101.4761
0
VERTEX
8
CUT
10
144.3866
20
101.4229
0
VERTEX
8
CUT
10
144.1883
20
101.3307
0
VERTEX
8
CUT
10
144.0825
20
101.2879
0
VERTEX
8
CUT
10
143.8759
20
101.2160
0
VERTEX
8
CUT
10
143.7663
20
101.1839
0
VERTEX
8
CUT
10
143.5535
20
101.1331
0
VERTEX
8
CUT
10
143.4413
20
101.1122
0
VERTEX
8
CUT
10
143.2245
20
101.0829
0
VERTEX
8
CUT
10
143.1108
20
101.0733
0
VERTEX
8
CUT
10
142.8922
20
101.0658
0
VERTEX
8
CUT
10
142.7780
20
101.0677
0
VERTEX
8
CUT
10
142.5598
20
101.0821
0
VERTEX
8
CUT
10
142.4464
20
101.0954
0
VERTEX
8
CUT
10
142.2306
20
101.1316
0
VERTEX
8
CUT
10
142.1191
20
101.1561
0
VERTEX
8
CUT
10
141.9081
20
101.2137
0
VERTEX
8
CUT
10
141.7996
20
101.2492
0
VERTEX
8
CUT
10
141.5954
20
101.3277
0
VERTEX
8
CUT
10
141.4911
20
101.3739
0
VERTEX
8
CUT
10
141.2957
20
101.4724
0
VERTEX
8
CUT
10
141.1965
20
101.5288
0
VERTEX
8
CUT
10
141.0120
20
101.6463
0
VERTEX
8
CUT
10
140.9189
20
101.7124
0
VERTEX
8
CUT
10
140.7471
20
101.8478
0
VERTEX
8
CUT
10
140.6611
20
101.9228
0
VERTEX
8
CUT
10
140.5037
20
102.0747
0
VERTEX
8
CUT
10
140.4256
20
102.1580
0
VERTEX
8
CUT
10
140.2842
20
102.3249
0
VERTEX
8
CUT
10
140.2148
20
102.4156
0
VERTEX
8
CUT
10
140.0908
20
102.5957
0
VERTEX
8
CUT
10
140.0308
20
102.6929
0
VERTEX
8
CUT
10
139.9255
20
102.8846
0
VERTEX
8
CUT
10
139.8756
20
102.9873
0
VERTEX
8
CUT
10
139.7787
20
103.2148
0
VERTEX
8
CUT
10
139.7577
20
103.2679
0
VERTEX
8
CUT
10
139.3973
20
104.2482
0
VERTEX
8
CUT
10
139.3918
20
104.2634
0
VERTEX
8
CUT
10
139.3669
20
104.3340
0
VERTEX
8
CUT
10
139.3597
20
104.3554
0
VERTEX
8
CUT
10
139.3594
20
104.3561
0
VERTEX
8
CUT
10
139.3494
20
104.3845
0
VERTEX
8
CUT
10
139.2219
20
104.7255
0
VERTEX
8
CUT
10
139.1920
20
104.7946
0
VERTEX
8
CUT
10
139.0800
20
105.0223
0
VERTEX
8
CUT
10
139.0434
20
105.0882
0
VERTEX
8
CUT
10
138.9094
20
105.3037
0
VERTEX
8
CUT
10
138.8665
20
105.3657
0
VERTEX
8
CUT
10
138.7118
20
105.5668
0
VERTEX
8
CUT
10
138.6630
20
105.6242
0
VERTEX
8
CUT
10
138.4891
20
105.8091
0
VERTEX
8
CUT
10
138.4348
20
105.8613
0
VERTEX
8
CUT
10
138.2435
20
106.0281
0
VERTEX
8
CUT
10
138.1844
20
106.0747
0
VERTEX
8
CUT
10
137.9775
20
106.2217
0
VERTEX
8
CUT
10
137.9140
20
106.2622
0
VERTEX
8
CUT
10
137.6936
20
106.3880
0
VERTEX
8
CUT
10
137.6264
20
106.4221
0
VERTEX
8
CUT
10
137.3946
20
106.5254
0
VERTEX
8
CUT
10
137.3243
20
106.5526
0
VERTEX
8
CUT
10
137.0835
20
106.6325
0
VERTEX
8
CUT
10
137.0109
20
106.6527
0
VERTEX
8
CUT
10
136.7632
20
106.7083
0
VERTEX
8
CUT
10
136.6890
20
106.7212
0
VERTEX
8
CUT
10
136.4371
20
106.7520
0
VERTEX
8
CUT
10
136.3620
20
106.7575
0
VERTEX
8
CUT
10
136.1083
20
106.7632
0
VERTEX
8
CUT
10
136.0329
20
106.7612
0
VERTEX
8
CUT
10
135.7799
20
106.7418
0
VERTEX
8
CUT
10
135.7052
20
106.7323
0
VERTEX
8
CUT
10
135.4553
20
106.6880
0
VERTEX
8
CUT
10
135.3819
20
106.6712
0
VERTEX
8
CUT
10
135.1376
20
106.6023
0
VERTEX
8
CUT
10
135.0662
20
106.5783
0
VERTEX
8
CUT
10
134.8300
20
106.4856
0
VERTEX
8
CUT
10
134.7613
20
106.4546
0
VERTEX
8
CUT
10
134.5354
20
106.3390
0
VERTEX
8
CUT
10
134.4701
20
106.3013
0
VERTEX
8
CUT
10
134.2568
20
106.1639
0
VERTEX
8
CUT
10
134.1955
20
106.1200
0
VERTEX
8
CUT
10
133.9968
20
105.9621
0
VERTEX
8
CUT
10
133.9403
20
105.9124
0
VERTEX
8
CUT
10
133.6854
20
105.6649
0
VERTEX
8
CUT
10
133.6591
20
105.6380
0
VERTEX
8
CUT
10
132.6141
20
104.5175
0
VERTEX
8
CUT
10
132.5871
20
104.4895
0
VERTEX
8
CUT
10
132.4544
20
104.3567
0
VERTEX
8
CUT
10
132.4265
20
104.3296
0
VERTEX
8
CUT
10
132.3724
20
104.2790
0
VERTEX
8
CUT
10
132.3436
20
104.2530
0
VERTEX
8
CUT
10
132.2022
20
104.1295
0
VERTEX
8
CUT
10
132.1725
20
104.1044
0
VERTEX
8
CUT
10
130.3953
20
102.6556
0
VERTEX
8
CUT
10
130.3578
20
102.6263
0
VERTEX
8
CUT
10
130.1927
20
102.5029
0
VERTEX
8
CUT
10
130.1143
20
102.4491
0
VERTEX
8
CUT
10
129.9597
20
102.3525
0
VERTEX
8
CUT
10
129.8770
20
102.3055
0
VERTEX
8
CUT
10
129.6937
20
102.2112
0
VERTEX
8
CUT
10
129.6509
20
102.1903
0
VERTEX
8
CUT
10
127.7476
20
101.3093
0
VERTEX
8
CUT
10
127.6871
20
101.2834
0
VERTEX
8
CUT
10
127.4221
20
101.1789
0
VERTEX
8
CUT
10
127.2972
20
101.1378
0
VERTEX
8
CUT
10
127.0219
20
101.0644
0
VERTEX
8
CUT
10
126.9578
20
101.0493
0
VERTEX
8
CUT
10
124.7156
20
100.5888
0
VERTEX
8
CUT
10
124.6585
20
100.5786
0
VERTEX
8
CUT
10
124.4106
20
100.5407
0
VERTEX
8
CUT
10
124.2954
20
100.5290
0
VERTEX
8
CUT
10
124.0738
20
100.5179
0
VERTEX
8
CUT
10
123.9580
20
100.5180
0
VERTEX
8
CUT
10
123.7364
20
100.5294
0
VERTEX
8
CUT
10
123.6212
20
100.5412
0
VERTEX
8
CUT
10
123.4020
20
100.5751
0
VERTEX
8
CUT
10
123.2886
20
100.5985
0
VERTEX
8
CUT
10
123.0739
20
100.6545
0
VERTEX
8
CUT
10
122.9635
20
100.6893
0
VERTEX
8
CUT
10
122.7556
20
100.7667
0
VERTEX
8
CUT
10
122.6492
20
100.8126
0
VERTEX
8
CUT
10
122.4502
20
100.9107
0
VERTEX
8
CUT
10
122.3491
20
100.9671
0
VERTEX
8
CUT
10
122.1611
20
101.0849
0
VERTEX
8
CUT
10
122.0663
20
101.1513
0
VERTEX
8
CUT
10
121.8683
20
101.3054
0
VERTEX
8
CUT
10
121.8235
20
101.3421
0
VERTEX
8
CUT
10
121.6237
20
101.5145
0
VERTEX
8
CUT
10
121.6095
20
101.5270
0
VERTEX
8
CUT
10
121.5575
20
101.5735
0
VERTEX
8
CUT
10
121.5120
20
101.6163
0
VERTEX
8
CUT
10
121.3819
20
101.7460
0
VERTEX
8
CUT
10
121.3217
20
101.8108
0
VERTEX
8
CUT
10
121.2008
20
101.9515
0
VERTEX
8
CUT
10
121.1669
20
101.9930
0
VERTEX
8
CUT
10
121.1463
20
102.0194
0
VERTEX
8
CUT
10
121.1394
20
102.0283
0
VERTEX
8
CUT
10
120.3515
20
103.0586
0
VERTEX
8
CUT
10
120.3278
20
103.0881
0
VERTEX
8
CUT
10
120.0971
20
103.3605
0
VERTEX
8
CUT
10
120.0453
20
103.4158
0
VERTEX
8
CUT
10
119.8619
20
103.5930
0
VERTEX
8
CUT
10
119.8049
20
103.6429
0
VERTEX
8
CUT
10
119.6048
20
103.8010
0
VERTEX
8
CUT
10
119.5431
20
103.8450
0
VERTEX
8
CUT
10
119.3283
20
103.9824
0
VERTEX
8
CUT
10
119.2625
20
104.0200
0
VERTEX
8
CUT
10
119.0351
20
104.1353
0
VERTEX
8
CUT
10
118.9659
20
104.1662
0
VERTEX
8
CUT
10
118.7281
20
104.2584
0
VERTEX
8
CUT
10
118.6562
20
104.2822
0
VERTEX
8
CUT
10
118.4104
20
104.3502
0
VERTEX
8
CUT
10
118.3365
20
104.3667
0
VERTEX
8
CUT
10
118.0852
20
104.4100
0
VERTEX
8
CUT
10
118.0100
20
104.4191
0
VERTEX
8
CUT
10
117.6539
20
104.4443
0
VERTEX
8
CUT
10
117.6161
20
104.4461
0
VERTEX
8
CUT
10
112.3000
20
104.5571
0
VERTEX
8
CUT
10
112.2794
20
104.5577
0
VERTEX
8
CUT
10
112.2137
20
104.5602
0
VERTEX
8
CUT
10
112.1250
20
104.5672
0
VERTEX
8
CUT
10
111.7958
20
104.6059
0
VERTEX
8
CUT
10
111.7261
20
104.6163
0
VERTEX
8
CUT
10
110.6984
20
104.8022
0
VERTEX
8
CUT
10
110.6466
20
104.8128
0
VERTEX
8
CUT
10
110.4237
20
104.8639
0
VERTEX
8
CUT
10
110.3220
20
104.8922
0
VERTEX
8
CUT
10
110.1299
20
104.9554
0
VERTEX
8
CUT
10
110.0312
20
104.9930
0
VERTEX
8
CUT
10
109.8215
20
105.0843
0
VERTEX
8
CUT
10
109.7736
20
105.1065
0
VERTEX
8
CUT
10
107.0951
20
106.4232
0
VERTEX
8
CUT
10
107.0640
20
106.4391
0
VERTEX
8
CUT
10
106.9148
20
106.5182
0
VERTEX
8
CUT
10
106.8842
20
106.5351
0
VERTEX
8
CUT
10
106.8262
20
106.5681
0
VERTEX
8
CUT
10
106.7961
20
106.5859
0
VERTEX
8
CUT
10
106.6521
20
106.6740
0
VERTEX
8
CUT
10
106.6226
20
106.6927
0
VERTEX
8
CUT
10
105.1656
20
107.6462
0
VERTEX
8
CUT
10
105.1338
20
107.6659
0
VERTEX
8
CUT
10
104.8291
20
107.8445
0
VERTEX
8
CUT
10
104.7627
20
107.8792
0
VERTEX
8
CUT
10
104.5336
20
107.9847
0
VERTEX
8
CUT
10
104.4641
20
108.0126
0
VERTEX
8
CUT
10
104.2257
20
108.0951
0
VERTEX
8
CUT
10
104.1538
20
108.1161
0
VERTEX
8
CUT
10
103.9084
20
108.1747
0
VERTEX
8
CUT
10
103.8348
20
108.1885
0
VERTEX
8
CUT
10
103.5848
20
108.2226
0
VERTEX
8
CUT
10
103.5102
20
108.2291
0
VERTEX
8
CUT
10
103.2581
20
108.2385
0
VERTEX
8
CUT
10
103.1832
20
108.2376
0
VERTEX
8
CUT
10
102.9314
20
108.2222
0
VERTEX
8
CUT
10
102.8570
20
108.2139
0
VERTEX
8
CUT
10
102.6079
20
108.1737
0
VERTEX
8
CUT
10
102.5346
20
108.1582
0
VERTEX
8
CUT
10
102.2907
20
108.0937
0
VERTEX
8
CUT
10
102.2194
20
108.0710
0
VERTEX
8
CUT
10
101.9830
20
107.9828
0
VERTEX
8
CUT
10
101.9142
20
107.9532
0
VERTEX
8
CUT
10
101.8036
20
107.8990
0
VERTEX
8
CUT
10
101.7518
20
107.8752
0
VERTEX
8
CUT
10
101.5250
20
107.7778
0
VERTEX
8
CUT
10
101.4181
20
107.7381
0
VERTEX
8
CUT
10
101.2099
20
107.6724
0
VERTEX
8
CUT
10
101.0997
20
107.6436
0
VERTEX
8
CUT
10
101.0371
20
107.6306
0
VERTEX
8
CUT
10
100.9641
20
107.6116
0
VERTEX
8
CUT
10
100.8935
20
107.5854
0
VERTEX
8
CUT
10
100.8257
20
107.5524
0
VERTEX
8
CUT
10
100.7616
20
107.5128
0
VERTEX
8
CUT
10
100.7017
20
107.4671
0
VERTEX
8
CUT
10
100.6466
20
107.4156
0
VERTEX
8
CUT
10
100.5969
20
107.3590
0
VERTEX
8
CUT
10
100.5530
20
107.2977
0
VERTEX
8
CUT
10
100.5154
20
107.2324
0
VERTEX
8
CUT
10
100.4845
20
107.1636
0
VERTEX
8
CUT
10
100.4605
20
107.0922
0
VERTEX
8
CUT
10
100.4438
20
107.0187
0
VERTEX
8
CUT
10
100.4197
20
106.8821
0
VERTEX
8
CUT
10
100.3942
20
106.7709
0
VERTEX
8
CUT
10
100.3349
20
106.5605
0
VERTEX
8
CUT
10
100.2985
20
106.4524
0
VERTEX
8
CUT
10
100.2080
20
106.2224
0
VERTEX
8
CUT
10
100.1820
20
106.1611
0
VERTEX
8
CUT
10
100.1824
20
106.1610
0
VERTEX
8
CUT
10
100.1593
20
106.1024
0
VERTEX
8
CUT
10
100.0784
20
105.8634
0
VERTEX
8
CUT
10
100.0579
20
105.7914
0
VERTEX
8
CUT
10
100.0009
20
105.5456
0
VERTEX
8
CUT
10
99.9876
20
105.4719
0
VERTEX
8
CUT
10
99.9550
20
105.2218
0
VERTEX
8
CUT
10
99.9491
20
105.1471
0
VERTEX
8
CUT
10
99.9413
20
104.8950
0
VERTEX
8
CUT
10
99.9427
20
104.8201
0
VERTEX
8
CUT
10
99.9598
20
104.5684
0
VERTEX
8
CUT
10
99.9686
20
104.4940
0
VERTEX
8
CUT
10
100.0104
20
104.2452
0
VERTEX
8
CUT
10
100.0264
20
104.1720
0
VERTEX
8
CUT
10
100.0925
20
103.9286
0
VERTEX
8
CUT
10
100.1156
20
103.8573
0
VERTEX
8
CUT
10
100.2457
20
103.5157
0
VERTEX
8
CUT
10
100.2555
20
103.4912
0
VERTEX
8
CUT
10
100.2884
20
103.4130
0
VERTEX
8
CUT
10
100.3011
20
103.3816
0
VERTEX
8
CUT
10
100.3597
20
103.2297
0
VERTEX
8
CUT
10
100.3714
20
103.1981
0
VERTEX
8
CUT
10
101.3743
20
100.3537
0
VERTEX
8
CUT
10
101.3792
20
100.3397
0
VERTEX
8
CUT
10
101.3912
20
100.3041
0
VERTEX
8
CUT
10
101.4150
20
100.2241
0
VERTEX
8
CUT
10
101.4962
20
99.9098
0
VERTEX
8
CUT
10
101.5129
20
99.8347
0
VERTEX
8
CUT
10
101.5145
20
99.8259
0
VERTEX
8
CUT
10
101.5161
20
99.8172
0
VERTEX
8
CUT
10
101.7100
20
98.7363
0
VERTEX
8
CUT
10
101.7175
20
98.6995
0
VERTEX
8
CUT
10
101.7973
20
98.3538
0
VERTEX
8
CUT
10
101.8179
20
98.2815
0
VERTEX
8
CUT
10
101.8990
20
98.0414
0
VERTEX
8
CUT
10
101.9266
20
97.9714
0
VERTEX
8
CUT
10
102.0311
20
97.7405
0
VERTEX
8
CUT
10
102.0655
20
97.6736
0
VERTEX
8
CUT
10
102.1923
20
97.4542
0
VERTEX
8
CUT
10
102.2331
20
97.3910
0
VERTEX
8
CUT
10
102.3810
20
97.1852
0
VERTEX
8
CUT
10
102.4279
20
97.1264
0
VERTEX
8
CUT
10
102.5954
20
96.9362
0
VERTEX
8
CUT
10
102.6478
20
96.8823
0
VERTEX
8
CUT
10
102.8333
20
96.7096
0
VERTEX
8
CUT
10
102.8909
20
96.6611
0
VERTEX
8
CUT
10
103.0925
20
96.5077
0
VERTEX
8
CUT
10
103.1546
20
96.4651
0
VERTEX
8
CUT
10
103.3704
20
96.3323
0
VERTEX
8
CUT
10
103.4363
20
96.2961
0
VERTEX
8
CUT
10
103.6642
20
96.1853
0
VERTEX
8
CUT
10
103.7334
20
96.1558
0
VERTEX
8
CUT
10
103.9712
20
96.0681
0
VERTEX
8
CUT
10
104.0430
20
96.0455
0
VERTEX
8
CUT
10
104.2882
20
95.9817
0
VERTEX
8
CUT
10
104.3619
20
95.9664
0
VERTEX
8
CUT
10
104.6122
20
95.9272
0
VERTEX
8
CUT
10
104.6871
20
95.9192
0
VERTEX
8
CUT
10
104.9401
20
95.9049
0
VERTEX
8
CUT
10
105.0153
20
95.9044
0
VERTEX
8
CUT
10
105.2685
20
95.9152
0
VERTEX
8
CUT
10
105.3434
20
95.9221
0
VERTEX
8
CUT
10
105.5943
20
95.9579
0
VERTEX
8
CUT
10
105.6681
20
95.9722
0
VERTEX
8
CUT
10
105.9143
20
96.0326
0
VERTEX
8
CUT
10
105.9864
20
96.0541
0
VERTEX
8
CUT
10
106.0549
20
96.0784
0
VERTEX
8
CUT
10
106.1077
20
96.0956
0
VERTEX
8
CUT
10
106.3377
20
96.1645
0
VERTEX
8
CUT
10
106.4454
20
96.1911
0
VERTEX
8
CUT
10
106.6538
20
96.2320
0
VERTEX
8
CUT
10
106.7635
20
96.2480
0
VERTEX
8
CUT
10
106.9749
20
96.2685
0
VERTEX
8
CUT
10
107.0857
20
96.2738
0
VERTEX
8
CUT
10
107.2981
20
96.2736
0
VERTEX
8
CUT
10
107.4088
20
96.2681
0
VERTEX
8
CUT
10
107.6202
20
96.2473
0
VERTEX
8
CUT
10
107.7299
20
96.2311
0
VERTEX
8
CUT
10
107.9383
20
96.1898
0
VERTEX
8
CUT
10
108.0459
20
96.1630
0
VERTEX
8
CUT
10
108.2492
20
96.1017
0
VERTEX
8
CUT
10
108.3537
20
96.0646
0
VERTEX
8
CUT
10
108.5502
20
95.9838
0
VERTEX
8
CUT
10
108.6505
20
95.9367
0
VERTEX
8
CUT
10
108.8382
20
95.8372
0
VERTEX
8
CUT
10
108.9335
20
95.7806
0
VERTEX
8
CUT
10
109.1107
20
95.6633
0
VERTEX
8
CUT
10
109.2000
20
95.5977
0
VERTEX
8
CUT
10
109.3649
20
95.4638
0
VERTEX
8
CUT
10
109.4475
20
95.3898
0
VERTEX
8
CUT
10
109.5986
20
95.2405
0
VERTEX
8
CUT
10
109.6736
20
95.1589
0
VERTEX
8
CUT
10
109.8095
20
94.9956
0
VERTEX
8
CUT
10
109.8762
20
94.9070
0
VERTEX
8
CUT
10
109.9956
20
94.7313
0
VERTEX
8
CUT
10
110.0533
20
94.6367
0
VERTEX
8
CUT
10
110.1551
20
94.4503
0
VERTEX
8
CUT
10
110.2034
20
94.3505
0
VERTEX
8
CUT
10
110.2866
20
94.1550
0
VERTEX
8
CUT
10
110.3250
20
94.0510
0
VERTEX
8
CUT
10
110.3887
20
93.8484
0
VERTEX
8
CUT
10
110.4168
20
93.7411
0
VERTEX
8
CUT
10
110.4663
20
93.5061
0
VERTEX
8
CUT
10
110.4764
20
93.4516
0
VERTEX
8
CUT
10
110.7294
20
91.8735
0
VERTEX
8
CUT
10
110.7035
20
91.6825
0
VERTEX
8
CUT
10
110.6972
20
91.6091
0
VERTEX
8
CUT
10
110.6841
20
91.2620
0
VERTEX
8
CUT
10
110.6836
20
91.2251
0
VERTEX
8
CUT
10
110.7122
20
88.5485
0
VERTEX
8
CUT
10
110.6722
20
88.2034
0
VERTEX
8
CUT
10
110.6651
20
88.1524
0
VERTEX
8
CUT
10
110.6573
20
88.1041
0
VERTEX
8
CUT
10
110.1545
20
86.5908
0
VERTEX
8
CUT
10
109.8787
20
85.9127
0
VERTEX
8
CUT
10
108.9875
20
84.0983
0
VERTEX
8
CUT
10
107.7237
20
81.7096
0
VERTEX
8
CUT
10
107.7177
20
81.6982
0
VERTEX
8
CUT
10
107.6462
20
81.5573
0
VERTEX
8
CUT
10
107.6343
20
81.5327
0
VERTEX
8
CUT
10
107.5735
20
81.4015
0
VERTEX
8
CUT
10
107.5680
20
81.3893
0
VERTEX
8
CUT
10
106.2099
20
78.3164
0
VERTEX
8
CUT
10
106.2002
20
78.2933
0
VERTEX
8
CUT
10
106.0943
20
78.0307
0
VERTEX
8
CUT
10
106.0771
20
77.9837
0
VERTEX
8
CUT
10
105.9888
20
77.7147
0
VERTEX
8
CUT
10
105.9814
20
77.6908
0
VERTEX
8
CUT
10
105.2007
20
75.0189
0
VERTEX
8
CUT
10
105.1946
20
74.9966
0
VERTEX
8
CUT
10
105.1288
20
74.7433
0
VERTEX
8
CUT
10
105.1186
20
74.6982
0
VERTEX
8
CUT
10
105.0684
20
74.4413
0
VERTEX
8
CUT
10
105.0643
20
74.4185
0
VERTEX
8
CUT
10
104.8815
20
73.3026
0
VERTEX
8
CUT
10
104.8783
20
73.2818
0
VERTEX
8
CUT
10
104.8465
20
73.0467
0
VERTEX
8
CUT
10
104.8420
20
73.0050
0
VERTEX
8
CUT
10
104.8231
20
72.7685
0
VERTEX
8
CUT
10
104.8217
20
72.7475
0
VERTEX
8
CUT
10
104.8154
20
72.6251
0
VERTEX
8
CUT
10
104.8116
20
72.6040
0
VERTEX
8
CUT
10
104.8076
20
72.5790
0
VERTEX
8
CUT
10
104.7668
20
72.2962
0
VERTEX
8
CUT
10
104.7612
20
72.2460
0
VERTEX
8
CUT
10
104.7393
20
71.9611
0
VERTEX
8
CUT
10
104.7378
20
71.9359
0
VERTEX
8
CUT
10
104.7138
20
71.3851
0
VERTEX
8
CUT
10
104.6023
20
70.4266
0
VERTEX
8
CUT
10
104.5994
20
70.3959
0
VERTEX
8
CUT
10
104.5775
20
70.1063
0
VERTEX
8
CUT
10
104.5754
20
70.0448
0
VERTEX
8
CUT
10
104.5771
20
69.7544
0
VERTEX
8
CUT
10
104.5779
20
69.7236
0
VERTEX
8
CUT
10
104.6107
20
69.0147
0
VERTEX
8
CUT
10
104.5770
20
68.2399
0
VERTEX
8
CUT
10
104.5763
20
68.2131
0
VERTEX
8
CUT
10
104.5738
20
67.9108
0
VERTEX
8
CUT
10
104.5752
20
67.8573
0
VERTEX
8
CUT
10
104.5940
20
67.5555
0
VERTEX
8
CUT
10
104.5961
20
67.5289
0
VERTEX
8
CUT
10
104.7280
20
66.1786
0
VERTEX
8
CUT
10
104.7305
20
66.1561
0
VERTEX
8
CUT
10
104.7628
20
65.9032
0
VERTEX
8
CUT
10
104.7698
20
65.8587
0
VERTEX
8
CUT
10
104.8171
20
65.6082
0
VERTEX
8
CUT
10
104.8216
20
65.5861
0
VERTEX
8
CUT
10
105.0577
20
64.5101
0
VERTEX
8
CUT
10
105.0649
20
64.4802
0
VERTEX
8
CUT
10
105.1385
20
64.1996
0
VERTEX
8
CUT
10
105.1565
20
64.1408
0
VERTEX
8
CUT
10
105.2525
20
63.8671
0
VERTEX
8
CUT
10
105.2536
20
63.8642
0
VERTEX
8
CUT
10
105.3120
20
63.6334
0
VERTEX
8
CUT
10
105.3229
20
63.5945
0
VERTEX
8
CUT
10
105.4359
20
63.2303
0
VERTEX
8
CUT
10
105.4639
20
63.1544
0
VERTEX
8
CUT
10
105.5718
20
62.9043
0
VERTEX
8
CUT
10
105.6077
20
62.8318
0
VERTEX
8
CUT
10
105.7951
20
62.4998
0
VERTEX
8
CUT
10
105.8159
20
62.4651
0
VERTEX
8
CUT
10
105.8930
20
62.3440
0
VERTEX
8
CUT
10
105.9151
20
62.3112
0
VERTEX
8
CUT
10
106.1313
20
62.0078
0
VERTEX
8
CUT
10
106.1805
20
61.9458
0
VERTEX
8
CUT
10
106.3566
20
61.7463
0
VERTEX
8
CUT
10
106.4119
20
61.6898
0
VERTEX
8
CUT
10
106.6123
20
61.5055
0
VERTEX
8
CUT
10
106.6713
20
61.4564
0
VERTEX
8
CUT
10
106.8690
20
61.3084
0
VERTEX
8
CUT
10
106.9309
20
61.2666
0
VERTEX
8
CUT
10
107.1459
20
61.1365
0
VERTEX
8
CUT
10
107.2116
20
61.1010
0
VERTEX
8
CUT
10
107.4385
20
60.9926
0
VERTEX
8
CUT
10
107.5074
20
60.9637
0
VERTEX
8
CUT
10
107.7438
20
60.8780
0
VERTEX
8
CUT
10
107.8152
20
60.8560
0
VERTEX
8
CUT
10
108.0589
20
60.7940
0
VERTEX
8
CUT
10
108.1321
20
60.7791
0
VERTEX
8
CUT
10
108.3807
20
60.7412
0
VERTEX
8
CUT
10
108.4550
20
60.7336
0
VERTEX
8
CUT
10
108.7061
20
60.7204
0
VERTEX
8
CUT
10
108.7808
20
60.7201
0
VERTEX
8
CUT
10
109.0320
20
60.7315
0
VERTEX
8
CUT
10
109.1064
20
60.7385
0
VERTEX
8
CUT
10
109.3553
20
60.7746
0
VERTEX
8
CUT
10
109.4286
20
60.7889
0
VERTEX
8
CUT
10
109.6727
20
60.8491
0
VERTEX
8
CUT
10
109.7443
20
60.8706
0
VERTEX
8
CUT
10
109.9813
20
60.9545
0
VERTEX
8
CUT
10
110.0504
20
60.9828
0
VERTEX
8
CUT
10
110.2781
20
61.0896
0
VERTEX
8
CUT
10
110.3441
20
61.1246
0
VERTEX
8
CUT
10
110.5602
20
61.2532
0
VERTEX
8
CUT
10
110.6224
20
61.2945
0
VERTEX
8
CUT
10
110.8249
20
61.4437
0
VERTEX
8
CUT
10
110.8827
20
61.4909
0
VERTEX
8
CUT
10
111.0696
20
61.6593
0
VERTEX
8
CUT
10
111.1225
20
61.7119
0
VERTEX
8
CUT
10
111.3596
20
61.9720
0
VERTEX
8
CUT
10
111.3841
20
62.0002
0
VERTEX
8
CUT
10
111.8242
20
62.5335
0
VERTEX
8
CUT
10
111.8348
20
62.5466
0
VERTEX
8
CUT
10
111.9530
20
62.6965
0
VERTEX
8
CUT
10
111.9733
20
62.7234
0
VERTEX
8
CUT
10
112.0848
20
62.8784
0
VERTEX
8
CUT
10
112.0945
20
62.8922
0
VERTEX
8
CUT
10
112.5445
20
63.5484
0
VERTEX
8
CUT
10
112.6438
20
63.6711
0
VERTEX
8
CUT
10
112.6711
20
63.7070
0
VERTEX
8
CUT
10
112.8197
20
63.9146
0
VERTEX
8
CUT
10
112.8325
20
63.9331
0
VERTEX
8
CUT
10
113.5864
20
65.0558
0
VERTEX
8
CUT
10
113.6070
20
65.0882
0
VERTEX
8
CUT
10
113.6525
20
65.1640
0
VERTEX
8
CUT
10
113.6604
20
65.1755
0
VERTEX
8
CUT
10
113.6803
20
65.2061
0
VERTEX
8
CUT
10
113.8609
20
65.4984
0
VERTEX
8
CUT
10
113.8961
20
65.5622
0
VERTEX
8
CUT
10
114.0045
20
65.7825
0
VERTEX
8
CUT
10
114.0335
20
65.8493
0
VERTEX
8
CUT
10
114.1203
20
66.0790
0
VERTEX
8
CUT
10
114.1428
20
66.1483
0
VERTEX
8
CUT
10
114.2072
20
66.3852
0
VERTEX
8
CUT
10
114.2229
20
66.4564
0
VERTEX
8
CUT
10
114.2643
20
66.6983
0
VERTEX
8
CUT
10
114.2732
20
66.7707
0
VERTEX
8
CUT
10
114.2912
20
67.0155
0
VERTEX
8
CUT
10
114.2931
20
67.0884
0
VERTEX
8
CUT
10
114.2876
20
67.3338
0
VERTEX
8
CUT
10
114.2825
20
67.4065
0
VERTEX
8
CUT
10
114.2535
20
67.6503
0
VERTEX
8
CUT
10
114.2414
20
67.7222
0
VERTEX
8
CUT
10
114.1892
20
67.9621
0
VERTEX
8
CUT
10
114.1704
20
68.0324
0
VERTEX
8
CUT
10
114.0954
20
68.2662
0
VERTEX
8
CUT
10
114.0699
20
68.3345
0
VERTEX
8
CUT
10
113.9729
20
68.5600
0
VERTEX
8
CUT
10
113.9410
20
68.6255
0
VERTEX
8
CUT
10
113.8228
20
68.8407
0
VERTEX
8
CUT
10
113.7847
20
68.9029
0
VERTEX
8
CUT
10
113.6466
20
69.1058
0
VERTEX
8
CUT
10
113.6027
20
69.1640
0
VERTEX
8
CUT
10
113.3907
20
69.4188
0
VERTEX
8
CUT
10
113.3548
20
69.4643
0
VERTEX
8
CUT
10
113.2044
20
69.6650
0
VERTEX
8
CUT
10
113.1398
20
69.7611
0
VERTEX
8
CUT
10
113.0254
20
69.9513
0
VERTEX
8
CUT
10
112.9709
20
70.0534
0
VERTEX
8
CUT
10
112.8764
20
70.2542
0
VERTEX
8
CUT
10
112.8325
20
70.3613
0
VERTEX
8
CUT
10
112.7589
20
70.5706
0
VERTEX
8
CUT
10
112.7261
20
70.6817
0
VERTEX
8
CUT
10
112.6742
20
70.8974
0
VERTEX
8
CUT
10
112.6528
20
71.0112
0
VERTEX
8
CUT
10
112.6230
20
71.2310
0
VERTEX
8
CUT
10
112.6133
20
71.3464
0
VERTEX
8
CUT
10
112.6059
20
71.5682
0
VERTEX
8
CUT
10
112.6080
20
71.6839
0
VERTEX
8
CUT
10
112.6232
20
71.9053
0
VERTEX
8
CUT
10
112.6369
20
72.0203
0
VERTEX
8
CUT
10
112.6745
20
72.2389
0
VERTEX
8
CUT
10
112.6999
20
72.3519
0
VERTEX
8
CUT
10
112.7486
20
72.5267
0
VERTEX
8
CUT
10
112.7676
20
72.5837
0
VERTEX
8
CUT
10
112.7853
20
72.6330
0
VERTEX
8
CUT
10
112.9208
20
72.9844
0
VERTEX
8
CUT
10
112.9476
20
73.0479
0
VERTEX
8
CUT
10
112.9991
20
73.1606
0
VERTEX
8
CUT
10
113.0516
20
73.2620
0
VERTEX
8
CUT
10
113.0785
20
73.3110
0
VERTEX
8
CUT
10
113.0961
20
73.3412
0
VERTEX
8
CUT
10
113.1020
20
73.3512
0
VERTEX
8
CUT
10
113.4082
20
73.8653
0
VERTEX
8
CUT
10
113.6963
20
74.2775
0
VERTEX
8
CUT
10
113.8477
20
74.4766
0
VERTEX
8
CUT
10
113.8808
20
74.5181
0
VERTEX
8
CUT
10
114.0284
20
74.6946
0
VERTEX
8
CUT
10
114.1002
20
74.7728
0
VERTEX
8
CUT
10
114.2296
20
74.9010
0
VERTEX
8
CUT
10
114.4198
20
75.0542
0
VERTEX
8
CUT
10
114.4658
20
75.0893
0
VERTEX
8
CUT
10
117.9677
20
77.6280
0
VERTEX
8
CUT
10
117.9887
20
77.6438
0
VERTEX
8
CUT
10
118.2234
20
77.8266
0
VERTEX
8
CUT
10
118.2638
20
77.8604
0
VERTEX
8
CUT
10
118.4847
20
78.0586
0
VERTEX
8
CUT
10
118.5264
20
78.0990
0
VERTEX
8
CUT
10
118.7333
20
78.3153
0
VERTEX
8
CUT
10
118.7753
20
78.3631
0
VERTEX
8
CUT
10
118.9100
20
78.5298
0
VERTEX
8
CUT
10
118.9479
20
78.5810
0
VERTEX
8
CUT
10
119.1162
20
78.8292
0
VERTEX
8
CUT
10
119.1335
20
78.8559
0
VERTEX
8
CUT
10
119.1740
20
78.9215
0
VERTEX
8
CUT
10
119.2020
20
78.9574
0
VERTEX
8
CUT
10
119.3536
20
79.1739
0
VERTEX
8
CUT
10
119.3953
20
79.2404
0
VERTEX
8
CUT
10
119.5237
20
79.4714
0
VERTEX
8
CUT
10
119.5583
20
79.5419
0
VERTEX
8
CUT
10
119.6623
20
79.7849
0
VERTEX
8
CUT
10
119.6894
20
79.8585
0
VERTEX
8
CUT
10
119.7010
20
79.8961
0
VERTEX
8
CUT
10
119.8341
20
80.2272
0
VERTEX
8
CUT
10
119.8481
20
80.2648
0
VERTEX
8
CUT
10
119.9704
20
80.6225
0
VERTEX
8
CUT
10
119.9923
20
80.6996
0
VERTEX
8
CUT
10
120.0523
20
80.9629
0
VERTEX
8
CUT
10
120.0660
20
81.0419
0
VERTEX
8
CUT
10
120.0978
20
81.3100
0
VERTEX
8
CUT
10
120.1031
20
81.3901
0
VERTEX
8
CUT
10
120.1066
20
81.6600
0
VERTEX
8
CUT
10
120.1034
20
81.7402
0
VERTEX
8
CUT
10
120.0783
20
82.0090
0
VERTEX
8
CUT
10
120.0667
20
82.0884
0
VERTEX
8
CUT
10
119.9923
20
82.4589
0
VERTEX
8
CUT
10
119.9833
20
82.4980
0
VERTEX
8
CUT
10
119.9563
20
82.6033
0
VERTEX
8
CUT
10
119.5670
20
84.6020
0
VERTEX
8
CUT
10
119.5583
20
84.6528
0
VERTEX
8
CUT
10
119.5362
20
84.8019
0
VERTEX
8
CUT
10
119.5347
20
84.8671
0
VERTEX
8
CUT
10
119.5376
20
84.9764
0
VERTEX
8
CUT
10
119.5531
20
85.1853
0
VERTEX
8
CUT
10
119.5664
20
85.2938
0
VERTEX
8
CUT
10
119.6018
20
85.5002
0
VERTEX
8
CUT
10
119.6254
20
85.6070
0
VERTEX
8
CUT
10
119.6805
20
85.8090
0
VERTEX
8
CUT
10
119.7142
20
85.9130
0
VERTEX
8
CUT
10
119.7883
20
86.1089
0
VERTEX
8
CUT
10
119.8319
20
86.2092
0
VERTEX
8
CUT
10
119.9245
20
86.3971
0
VERTEX
8
CUT
10
119.9774
20
86.4927
0
VERTEX
8
CUT
10
120.0876
20
86.6709
0
VERTEX
8
CUT
10
120.1495
20
86.7610
0
VERTEX
8
CUT
10
120.2762
20
86.9278
0
VERTEX
8
CUT
10
120.3464
20
87.0115
0
VERTEX
8
CUT
10
120.4885
20
87.1654
0
VERTEX
8
CUT
10
120.5664
20
87.2421
0
VERTEX
8
CUT
10
120.7226
20
87.3817
0
VERTEX
8
CUT
10
120.8075
20
87.4505
0
VERTEX
8
CUT
10
120.9764
20
87.5745
0
VERTEX
8
CUT
10
121.0675
20
87.6349
0
VERTEX
8
CUT
10
121.2474
20
87.7421
0
VERTEX
8
CUT
10
121.3439
20
87.7934
0
VERTEX
8
CUT
10
121.5333
20
87.8829
0
VERTEX
8
CUT
10
121.6343
20
87.9248
0
VERTEX
8
CUT
10
121.8313
20
87.9958
0
VERTEX
8
CUT
10
121.9359
20
88.0278
0
VERTEX
8
CUT
10
122.1388
20
88.0795
0
VERTEX
8
CUT
10
122.2459
20
88.1014
0
VERTEX
8
CUT
10
122.4529
20
88.1334
0
VERTEX
8
CUT
10
122.5616
20
88.1450
0
VERTEX
8
CUT
10
122.7707
20
88.1570
0
VERTEX
8
CUT
10
122.8801
20
88.1581
0
VERTEX
8
CUT
10
123.0894
20
88.1501
0
VERTEX
8
CUT
10
123.1983
20
88.1406
0
VERTEX
8
CUT
10
123.4058
20
88.1126
0
VERTEX
8
CUT
10
123.5133
20
88.0928
0
VERTEX
8
CUT
10
123.7173
20
88.0450
0
VERTEX
8
CUT
10
123.8224
20
88.0150
0
VERTEX
8
CUT
10
124.0208
20
87.9478
0
VERTEX
8
CUT
10
124.1226
20
87.9079
0
VERTEX
8
CUT
10
124.3386
20
87.8109
0
VERTEX
8
CUT
10
124.3879
20
87.7873
0
VERTEX
8
CUT
10
124.5429
20
87.7085
0
VERTEX
8
CUT
10
124.5579
20
87.7007
0
VERTEX
8
CUT
10
124.5957
20
87.6808
0
VERTEX
8
CUT
10
124.6779
20
87.6330
0
VERTEX
8
CUT
10
124.9894
20
87.4341
0
VERTEX
8
CUT
10
125.0613
20
87.3841
0
VERTEX
8
CUT
10
125.0694
20
87.3780
0
VERTEX
8
CUT
10
125.0774
20
87.3720
0
VERTEX
8
CUT
10
125.7592
20
86.8492
0
VERTEX
8
CUT
10
125.7709
20
86.8401
0
VERTEX
8
CUT
10
125.8003
20
86.8170
0
VERTEX
8
CUT
10
125.8639
20
86.7631
0
VERTEX
8
CUT
10
126.1030
20
86.5446
0
VERTEX
8
CUT
10
126.1579
20
86.4910
0
VERTEX
8
CUT
10
126.1640
20
86.4846
0
VERTEX
8
CUT
10
126.1701
20
86.4782
0
VERTEX
8
CUT
10
126.7428
20
85.8702
0
VERTEX
8
CUT
10
126.7700
20
85.8402
0
VERTEX
8
CUT
10
126.8991
20
85.6931
0
VERTEX
8
CUT
10
126.9253
20
85.6621
0
VERTEX
8
CUT
10
126.9741
20
85.6023
0
VERTEX
8
CUT
10
126.9991
20
85.5705
0
VERTEX
8
CUT
10
127.1174
20
85.4145
0
VERTEX
8
CUT
10
127.1413
20
85.3818
0
VERTEX
8
CUT
10
127.6394
20
84.6743
0
VERTEX
8
CUT
10
127.6506
20
84.6581
0
VERTEX
8
CUT
10
127.6857
20
84.6064
0
VERTEX
8
CUT
10
127.7304
20
84.5349
0
VERTEX
8
CUT
10
127.8872
20
84.2625
0
VERTEX
8
CUT
10
127.9188
20
84.2036
0
VERTEX
8
CUT
10
128.0362
20
83.9688
0
VERTEX
8
CUT
10
128.0607
20
83.9166
0
VERTEX
8
CUT
10
128.1610
20
83.6876
0
VERTEX
8
CUT
10
128.2018
20
83.5797
0
VERTEX
8
CUT
10
128.2696
20
83.3693
0
VERTEX
8
CUT
10
128.2994
20
83.2579
0
VERTEX
8
CUT
10
128.3455
20
83.0417
0
VERTEX
8
CUT
10
128.3639
20
82.9278
0
VERTEX
8
CUT
10
128.3880
20
82.7080
0
VERTEX
8
CUT
10
128.3947
20
82.5929
0
VERTEX
8
CUT
10
128.3964
20
82.3718
0
VERTEX
8
CUT
10
128.3915
20
82.2566
0
VERTEX
8
CUT
10
128.3709
20
82.0365
0
VERTEX
8
CUT
10
128.3543
20
81.9223
0
VERTEX
8
CUT
10
128.3115
20
81.7054
0
VERTEX
8
CUT
10
128.2835
20
81.5935
0
VERTEX
8
CUT
10
128.2106
20
81.3544
0
VERTEX
8
CUT
10
128.1924
20
81.2997
0
VERTEX
8
CUT
10
128.1573
20
81.2024
0
VERTEX
8
CUT
10
128.1360
20
81.1333
0
VERTEX
8
CUT
10
128.0754
20
80.8974
0
VERTEX
8
CUT
10
128.0607
20
80.8266
0
VERTEX
8
CUT
10
128.0228
20
80.5860
0
VERTEX
8
CUT
10
128.0150
20
80.5142
0
VERTEX
8
CUT
10
128.0001
20
80.2711
0
VERTEX
8
CUT
10
127.9991
20
80.1988
0
VERTEX
8
CUT
10
128.0074
20
79.9553
0
VERTEX
8
CUT
10
128.0133
20
79.8833
0
VERTEX
8
CUT
10
128.0447
20
79.6418
0
VERTEX
8
CUT
10
128.0574
20
79.5706
0
VERTEX
8
CUT
10
128.1116
20
79.3331
0
VERTEX
8
CUT
10
128.1310
20
79.2635
0
VERTEX
8
CUT
10
128.2075
20
79.0322
0
VERTEX
8
CUT
10
128.2335
20
78.9648
0
VERTEX
8
CUT
10
128.3316
20
78.7418
0
VERTEX
8
CUT
10
128.3638
20
78.6771
0
VERTEX
8
CUT
10
128.4827
20
78.4646
0
VERTEX
8
CUT
10
128.5210
20
78.4032
0
VERTEX
8
CUT
10
128.5778
20
78.3211
0
VERTEX
8
CUT
10
128.6071
20
78.2765
0
VERTEX
8
CUT
10
128.7296
20
78.0803
0
VERTEX
8
CUT
10
128.7819
20
77.9871
0
VERTEX
8
CUT
10
128.8735
20
77.8042
0
VERTEX
8
CUT
10
128.9168
20
77.7066
0
VERTEX
8
CUT
10
128.9909
20
77.5160
0
VERTEX
8
CUT
10
129.0249
20
77.4147
0
VERTEX
8
CUT
10
129.0809
20
77.2180
0
VERTEX
8
CUT
10
129.1052
20
77.1140
0
VERTEX
8
CUT
10
129.1425
20
76.9129
0
VERTEX
8
CUT
10
129.1570
20
76.8071
0
VERTEX
8
CUT
10
129.1754
20
76.6033
0
VERTEX
8
CUT
10
129.1799
20
76.4967
0
VERTEX
8
CUT
10
129.1791
20
76.2921
0
VERTEX
8
CUT
10
129.1736
20
76.1855
0
VERTEX
8
CUT
10
129.1511
20
75.9552
0
VERTEX
8
CUT
10
129.1446
20
75.9022
0
VERTEX
8
CUT
10
129.0323
20
75.1311
0
VERTEX
8
CUT
10
128.9487
20
74.8074
0
VERTEX
8
CUT
10
128.9047
20
74.6370
0
VERTEX
8
CUT
10
128.8667
20
74.4902
0
VERTEX
8
CUT
10
128.8175
20
74.2996
0
VERTEX
8
CUT
10
128.8015
20
74.2564
0
VERTEX
8
CUT
10
128.2182
20
72.8097
0
VERTEX
8
CUT
10
128.1904
20
72.7464
0
VERTEX
8
CUT
10
128.0618
20
72.4759
0
VERTEX
8
CUT
10
127.9949
20
72.3549
0
VERTEX
8
CUT
10
127.8345
20
72.1020
0
VERTEX
8
CUT
10
127.7957
20
72.0447
0
VERTEX
8
CUT
10
126.9291
20
70.8463
0
VERTEX
8
CUT
10
126.9187
20
70.8321
0
VERTEX
8
CUT
10
126.8689
20
70.7654
0
VERTEX
8
CUT
10
126.8523
20
70.7437
0
VERTEX
8
CUT
10
126.8323
20
70.7183
0
VERTEX
8
CUT
10
126.8135
20
70.6933
0
VERTEX
8
CUT
10
126.7696
20
70.6324
0
VERTEX
8
CUT
10
126.7325
20
70.5836
0
VERTEX
8
CUT
10
126.5656
20
70.3766
0
VERTEX
8
CUT
10
126.4836
20
70.2853
0
VERTEX
8
CUT
10
126.3172
20
70.1191
0
VERTEX
8
CUT
10
126.2259
20
70.0372
0
VERTEX
8
CUT
10
126.0426
20
69.8899
0
VERTEX
8
CUT
10
125.9429
20
69.8182
0
VERTEX
8
CUT
10
125.7190
20
69.6749
0
VERTEX
8
CUT
10
125.6664
20
69.6432
0
VERTEX
8
CUT
10
125.6133
20
69.6131
0
VERTEX
8
CUT
10
125.5894
20
69.5990
0
VERTEX
8
CUT
10
124.3119
20
68.8124
0
VERTEX
8
CUT
10
123.6168
20
68.4153
0
VERTEX
8
CUT
10
123.5848
20
68.3960
0
VERTEX
8
CUT
10
123.2877
20
68.2063
0
VERTEX
8
CUT
10
123.2267
20
68.1630
0
VERTEX
8
CUT
10
123.0288
20
68.0073
0
VERTEX
8
CUT
10
123.0053
20
67.9868
0
VERTEX
8
CUT
10
122.9663
20
67.9599
0
VERTEX
8
CUT
10
122.9039
20
67.9118
0
VERTEX
8
CUT
10
122.7023
20
67.7392
0
VERTEX
8
CUT
10
122.6452
20
67.6849
0
VERTEX
8
CUT
10
122.4626
20
67.4924
0
VERTEX
8
CUT
10
122.4114
20
67.4325
0
VERTEX
8
CUT
10
122.2497
20
67.2220
0
VERTEX
8
CUT
10
122.2050
20
67.1571
0
VERTEX
8
CUT
10
122.0660
20
66.9311
0
VERTEX
8
CUT
10
122.0282
20
66.8619
0
VERTEX
8
CUT
10
121.9134
20
66.6227
0
VERTEX
8
CUT
10
121.8830
20
66.5500
0
VERTEX
8
CUT
10
121.7935
20
66.3002
0
VERTEX
8
CUT
10
121.7708
20
66.2247
0
VERTEX
8
CUT
10
121.6824
20
65.8639
0
VERTEX
8
CUT
10
121.6740
20
65.8254
0
VERTEX
8
CUT
10
121.5138
20
64.9851
0
VERTEX
8
CUT
10
121.5078
20
64.9485
0
VERTEX
8
CUT
10
121.4591
20
64.6019
0
VERTEX
8
CUT
10
121.4524
20
64.5279
0
VERTEX
8
CUT
10
121.4419
20
64.2781
0
VERTEX
8
CUT
10
121.4424
20
64.2039
0
VERTEX
8
CUT
10
121.4564
20
63.9542
0
VERTEX
8
CUT
10
121.4642
20
63.8803
0
VERTEX
8
CUT
10
121.5025
20
63.6332
0
VERTEX
8
CUT
10
121.5174
20
63.5605
0
VERTEX
8
CUT
10
121.5796
20
63.3183
0
VERTEX
8
CUT
10
121.6015
20
63.2474
0
VERTEX
8
CUT
10
121.6871
20
63.0124
0
VERTEX
8
CUT
10
121.7158
20
62.9439
0
VERTEX
8
CUT
10
121.8239
20
62.7184
0
VERTEX
8
CUT
10
121.8592
20
62.6531
0
VERTEX
8
CUT
10
121.9887
20
62.4392
0
VERTEX
8
CUT
10
122.0303
20
62.3776
0
VERTEX
8
CUT
10
122.1800
20
62.1774
0
VERTEX
8
CUT
10
122.2274
20
62.1202
0
VERTEX
8
CUT
10
122.3960
20
61.9355
0
VERTEX
8
CUT
10
122.4487
20
61.8832
0
VERTEX
8
CUT
10
122.6345
20
61.7158
0
VERTEX
8
CUT
10
122.6920
20
61.6689
0
VERTEX
8
CUT
10
122.8933
20
61.5205
0
VERTEX
8
CUT
10
122.9551
20
61.4794
0
VERTEX
8
CUT
10
123.1699
20
61.3513
0
VERTEX
8
CUT
10
123.2354
20
61.3165
0
VERTEX
8
CUT
10
123.4617
20
61.2100
0
VERTEX
8
CUT
10
123.5303
20
61.1817
0
VERTEX
8
CUT
10
123.7659
20
61.0977
0
VERTEX
8
CUT
10
123.8370
20
61.0763
0
VERTEX
8
CUT
10
124.0796
20
61.0157
0
VERTEX
8
CUT
10
124.1524
20
61.0013
0
VERTEX
8
CUT
10
124.3998
20
60.9647
0
VERTEX
8
CUT
10
124.4737
20
60.9575
0
VERTEX
8
CUT
10
124.7235
20
60.9452
0
VERTEX
8
CUT
10
124.7977
20
60.9452
0
VERTEX
8
CUT
10
125.0475
20
60.9573
0
VERTEX
8
CUT
10
125.1214
20
60.9646
0
VERTEX
8
CUT
10
125.3688
20
61.0010
0
VERTEX
8
CUT
10
125.4416
20
61.0154
0
VERTEX
8
CUT
10
125.6843
20
61.0759
0
VERTEX
8
CUT
10
125.7554
20
61.0973
0
VERTEX
8
CUT
10
125.9910
20
61.1811
0
VERTEX
8
CUT
10
126.0596
20
61.2094
0
VERTEX
8
CUT
10
126.2859
20
61.3158
0
VERTEX
8
CUT
10
126.3515
20
61.3507
0
VERTEX
8
CUT
10
126.5663
20
61.4786
0
VERTEX
8
CUT
10
126.6282
20
61.5197
0
VERTEX
8
CUT
10
126.8295
20
61.6680
0
VERTEX
8
CUT
10
126.8870
20
61.7149
0
VERTEX
8
CUT
10
127.1472
20
61.9490
0
VERTEX
8
CUT
10
127.1742
20
61.9745
0
VERTEX
8
CUT
10
128.7892
20
63.5771
0
VERTEX
8
CUT
10
128.7989
20
63.5867
0
VERTEX
8
CUT
10
128.8460
20
63.6323
0
VERTEX
8
CUT
10
128.8559
20
63.6417
0
VERTEX
8
CUT
10
128.8759
20
63.6607
0
VERTEX
8
CUT
10
128.8874
20
63.6714
0
VERTEX
8
CUT
10
128.9430
20
63.7226
0
VERTEX
8
CUT
10
128.9546
20
63.7331
0
VERTEX
8
CUT
10
129.5699
20
64.2841
0
VERTEX
8
CUT
10
129.5974
20
64.3099
0
VERTEX
8
CUT
10
129.8500
20
64.5598
0
VERTEX
8
CUT
10
129.9009
20
64.6154
0
VERTEX
8
CUT
10
130.1676
20
64.9373
0
VERTEX
8
CUT
10
130.2047
20
64.9800
0
VERTEX
8
CUT
10
130.3702
20
65.1607
0
VERTEX
8
CUT
10
130.4506
20
65.2402
0
VERTEX
8
CUT
10
130.6121
20
65.3848
0
VERTEX
8
CUT
10
130.7000
20
65.4560
0
VERTEX
8
CUT
10
130.8979
20
65.6005
0
VERTEX
8
CUT
10
130.9444
20
65.6327
0
VERTEX
8
CUT
10
131.2964
20
65.8640
0
VERTEX
8
CUT
10
131.3573
20
65.9084
0
VERTEX
8
CUT
10
131.6333
20
66.1319
0
VERTEX
8
CUT
10
131.6620
20
66.1563
0
VERTEX
8
CUT
10
133.3831
20
67.6965
0
VERTEX
8
CUT
10
133.4038
20
67.7157
0
VERTEX
8
CUT
10
133.5962
20
67.9013
0
VERTEX
8
CUT
10
133.6355
20
67.9421
0
VERTEX
8
CUT
10
133.8136
20
68.1415
0
VERTEX
8
CUT
10
133.8321
20
68.1630
0
VERTEX
8
CUT
10
135.5476
20
70.2348
0
VERTEX
8
CUT
10
135.5608
20
70.2511
0
VERTEX
8
CUT
10
135.7065
20
70.4372
0
VERTEX
8
CUT
10
135.7313
20
70.4708
0
VERTEX
8
CUT
10
135.8666
20
70.6647
0
VERTEX
8
CUT
10
135.8783
20
70.6820
0
VERTEX
8
CUT
10
137.1944
20
72.6840
0
VERTEX
8
CUT
10
137.2251
20
72.7284
0
VERTEX
8
CUT
10
137.3627
20
72.9175
0
VERTEX
8
CUT
10
137.4302
20
73.0017
0
VERTEX
8
CUT
10
137.5672
20
73.1566
0
VERTEX
8
CUT
10
137.6424
20
73.2340
0
VERTEX
8
CUT
10
137.7934
20
73.3754
0
VERTEX
8
CUT
10
137.8756
20
73.4453
0
VERTEX
8
CUT
10
138.0606
20
73.5883
0
VERTEX
8
CUT
10
138.1041
20
73.6202
0
VERTEX
8
CUT
10
140.4212
20
75.2408
0
VERTEX
8
CUT
10
140.4515
20
75.2612
0
VERTEX
8
CUT
10
140.5992
20
75.3577
0
VERTEX
8
CUT
10
140.6301
20
75.3771
0
VERTEX
8
CUT
10
140.6897
20
75.4133
0
VERTEX
8
CUT
10
140.7212
20
75.4318
0
VERTEX
8
CUT
10
140.8748
20
75.5186
0
VERTEX
8
CUT
10
140.9069
20
75.5360
0
VERTEX
8
CUT
10
142.7772
20
76.5149
0
VERTEX
8
CUT
10
142.7917
20
76.5224
0
VERTEX
8
CUT
10
142.8286
20
76.5410
0
VERTEX
8
CUT
10
142.9124
20
76.5792
0
VERTEX
8
CUT
10
143.2436
20
76.7142
0
VERTEX
8
CUT
10
143.3067
20
76.7372
0
VERTEX
8
CUT
10
143.3906
20
76.7737
0
VERTEX
8
CUT
10
143.4696
20
76.8200
0
VERTEX
8
CUT
10
143.5915
20
76.9018
0
VERTEX
8
CUT
10
143.6858
20
76.9587
0
VERTEX
8
CUT
10
143.8715
20
77.0587
0
VERTEX
8
CUT
10
143.9708
20
77.1062
0
VERTEX
8
CUT
10
144.1653
20
77.1879
0
VERTEX
8
CUT
10
144.2687
20
77.2256
0
VERTEX
8
CUT
10
144.4702
20
77.2881
0
VERTEX
8
CUT
10
144.5767
20
77.3156
0
VERTEX
8
CUT
10
144.7833
20
77.3585
0
VERTEX
8
CUT
10
144.8920
20
77.3756
0
VERTEX
8
CUT
10
145.1018
20
77.3983
0
VERTEX
8
CUT
10
145.2117
20
77.4048
0
VERTEX
8
CUT
10
145.4226
20
77.4071
0
VERTEX
8
CUT
10
145.5326
20
77.4031
0
VERTEX
8
CUT
10
145.7428
20
77.3850
0
VERTEX
8
CUT
10
145.8519
20
77.3704
0
VERTEX
8
CUT
10
146.0593
20
77.3322
0
VERTEX
8
CUT
10
146.1665
20
77.3070
0
VERTEX
8
CUT
10
146.3693
20
77.2490
0
VERTEX
8
CUT
10
146.4736
20
77.2136
0
VERTEX
8
CUT
10
146.6802
20
77.1322
0
VERTEX
8
CUT
10
146.7817
20
77.0863
0
VERTEX
8
CUT
10
146.8213
20
77.0661
0
VERTEX
8
CUT
10
146.8916
20
77.0345
0
VERTEX
8
CUT
10
146.9408
20
77.0153
0
VERTEX
8
CUT
10
146.9954
20
76.9923
0
VERTEX
8
CUT
10
147.0256
20
76.9787
0
VERTEX
8
CUT
10
147.0961
20
76.9511
0
VERTEX
8
CUT
10
147.3380
20
76.8698
0
VERTEX
8
CUT
10
147.4110
20
76.8493
0
VERTEX
8
CUT
10
147.6598
20
76.7926
0
VERTEX
8
CUT
10
147.7344
20
76.7795
0
VERTEX
8
CUT
10
147.9876
20
76.7478
0
VERTEX
8
CUT
10
148.0632
20
76.7421
0
VERTEX
8
CUT
10
148.3183
20
76.7358
0
VERTEX
8
CUT
10
148.3940
20
76.7377
0
VERTEX
8
CUT
10
148.6485
20
76.7568
0
VERTEX
8
CUT
10
148.7237
20
76.7663
0
VERTEX
8
CUT
10
148.9750
20
76.8106
0
VERTEX
8
CUT
10
149.0488
20
76.8275
0
VERTEX
8
CUT
10
149.2945
20
76.8966
0
VERTEX
8
CUT
10
149.3663
20
76.9208
0
VERTEX
8
CUT
10
149.6987
20
77.0513
0
VERTEX
8
CUT
10
149.7337
20
77.0660
0
VERTEX
8
CUT
10
151.1517
20
77.7061
0
VERTEX
8
CUT
10
151.1998
20
77.7266
0
VERTEX
8
CUT
10
151.4105
20
77.8102
0
VERTEX
8
CUT
10
151.5094
20
77.8443
0
VERTEX
8
CUT
10
151.7017
20
77.9010
0
VERTEX
8
CUT
10
151.8033
20
77.9259
0
VERTEX
8
CUT
10
151.9999
20
77.9646
0
VERTEX
8
CUT
10
152.1034
20
77.9801
0
VERTEX
8
CUT
10
152.3289
20
78.0033
0
VERTEX
8
CUT
10
152.3810
20
78.0075
0
VERTEX
8
CUT
10
156.5583
20
78.2448
0
VERTEX
8
CUT
10
156.5747
20
78.2456
0
VERTEX
8
CUT
10
156.6161
20
78.2474
0
VERTEX
8
CUT
10
156.7082
20
78.2476
0
VERTEX
8
CUT
10
157.0660
20
78.2338
0
VERTEX
8
CUT
10
157.1506
20
78.2274
0
VERTEX
8
CUT
10
157.1604
20
78.2262
0
VERTEX
8
CUT
10
157.1701
20
78.2251
0
VERTEX
8
CUT
10
158.6110
20
78.0492
0
VERTEX
8
CUT
10
158.6288
20
78.0469
0
VERTEX
8
CUT
10
158.6735
20
78.0407
0
VERTEX
8
CUT
10
158.7724
20
78.0225
0
VERTEX
8
CUT
10
159.1531
20
77.9352
0
VERTEX
8
CUT
10
159.2425
20
77.9109
0
VERTEX
8
CUT
10
159.2527
20
77.9076
0
VERTEX
8
CUT
10
159.2628
20
77.9044
0
VERTEX
8
CUT
10
160.7102
20
77.4311
0
VERTEX
8
CUT
10
160.7247
20
77.4262
0
VERTEX
8
CUT
10
160.7909
20
77.4036
0
VERTEX
8
CUT
10
160.8122
20
77.3961
0
VERTEX
8
CUT
10
160.8496
20
77.3825
0
VERTEX
8
CUT
10
160.8584
20
77.3792
0
VERTEX
8
CUT
10
160.9047
20
77.3619
0
VERTEX
8
CUT
10
160.9190
20
77.3565
0
VERTEX
8
CUT
10
160.9842
20
77.3311
0
VERTEX
8
CUT
10
161.0052
20
77.3227
0
VERTEX
8
CUT
10
161.0419
20
77.3076
0
VERTEX
8
CUT
10
161.0506
20
77.3040
0
VERTEX
8
CUT
10
162.0379
20
76.8879
0
VERTEX
8
CUT
10
162.0719
20
76.8729
0
VERTEX
8
CUT
10
162.2346
20
76.7980
0
VERTEX
8
CUT
10
162.2680
20
76.7820
0
VERTEX
8
CUT
10
162.3313
20
76.7503
0
VERTEX
8
CUT
10
162.3642
20
76.7332
0
VERTEX
8
CUT
10
162.5217
20
76.6479
0
VERTEX
8
CUT
10
162.5540
20
76.6297
0
VERTEX
8
CUT
10
164.7323
20
75.3565
0
VERTEX
8
CUT
10
164.7473
20
75.3476
0
VERTEX
8
CUT
10
164.7848
20
75.3249
0
VERTEX
8
CUT
10
164.8661
20
75.2708
0
VERTEX
8
CUT
10
165.1725
20
75.0474
0
VERTEX
8
CUT
10
165.2430
20
74.9916
0
VERTEX
8
CUT
10
165.2509
20
74.9849
0
VERTEX
8
CUT
10
165.2587
20
74.9781
0
VERTEX
8
CUT
10
168.3136
20
72.3107
0
VERTEX
8
CUT
10
168.3787
20
72.2354
0
VERTEX
8
CUT
10
168.4032
20
72.2084
0
VERTEX
8
CUT
10
170.0951
20
70.4316
0
VERTEX
8
CUT
10
172.8391
20
67.3704
0
VERTEX
8
CUT
10
172.8574
20
67.3506
0
VERTEX
8
CUT
10
173.0685
20
67.1314
0
VERTEX
8
CUT
10
173.1071
20
67.0939
0
VERTEX
8
CUT
10
173.3332
20
66.8902
0
VERTEX
8
CUT
10
173.3535
20
66.8725
0
VERTEX
8
CUT
10
179.3809
20
61.8136
0
VERTEX
8
CUT
10
179.4102
20
61.7902
0
VERTEX
8
CUT
10
179.6922
20
61.5763
0
VERTEX
8
CUT
10
179.7542
20
61.5340
0
VERTEX
8
CUT
10
179.9698
20
61.4018
0
VERTEX
8
CUT
10
180.0356
20
61.3658
0
VERTEX
8
CUT
10
180.2632
20
61.2555
0
VERTEX
8
CUT
10
180.3322
20
61.2262
0
VERTEX
8
CUT
10
180.5696
20
61.1389
0
VERTEX
8
CUT
10
180.6412
20
61.1165
0
VERTEX
8
CUT
10
180.8860
20
61.0530
0
VERTEX
8
CUT
10
180.9595
20
61.0378
0
VERTEX
8
CUT
10
181.2093
20
60.9988
0
VERTEX
8
CUT
10
181.2839
20
60.9909
0
VERTEX
8
CUT
10
181.5364
20
60.9768
0
VERTEX
8
CUT
10
181.6114
20
60.9763
0
VERTEX
8
CUT
10
181.8640
20
60.9871
0
VERTEX
8
CUT
10
181.9388
20
60.9940
0
VERTEX
8
CUT
10
182.1891
20
61.0297
0
VERTEX
8
CUT
10
182.2628
20
61.0440
0
VERTEX
8
CUT
10
182.5084
20
61.1042
0
VERTEX
8
CUT
10
182.5803
20
61.1256
0
VERTEX
8
CUT
10
182.8187
20
61.2098
0
VERTEX
8
CUT
10
182.8882
20
61.2382
0
VERTEX
8
CUT
10
183.1172
20
61.3454
0
VERTEX
8
CUT
10
183.1835
20
61.3806
0
VERTEX
8
CUT
10
183.4008
20
61.5099
0
VERTEX
8
CUT
10
183.4633
20
61.5514
0
VERTEX
8
CUT
10
183.6668
20
61.7016
0
VERTEX
8
CUT
10
183.7249
20
61.7490
0
VERTEX
8
CUT
10
183.9126
20
61.9185
0
VERTEX
8
CUT
10
183.9657
20
61.9715
0
VERTEX
8
CUT
10
184.1357
20
62.1586
0
VERTEX
8
CUT
10
184.1834
20
62.2166
0
VERTEX
8
CUT
10
184.3342
20
62.4196
0
VERTEX
8
CUT
10
184.3759
20
62.4820
0
VERTEX
8
CUT
10
184.5058
20
62.6989
0
VERTEX
8
CUT
10
184.5412
20
62.7651
0
VERTEX
8
CUT
10
184.6492
20
62.9937
0
VERTEX
8
CUT
10
184.6778
20
63.0631
0
VERTEX
8
CUT
10
184.7627
20
63.3013
0
VERTEX
8
CUT
10
184.7844
20
63.3732
0
VERTEX
8
CUT
10
184.8453
20
63.6186
0
VERTEX
8
CUT
10
184.8598
20
63.6922
0
VERTEX
8
CUT
10
184.8962
20
63.9424
0
VERTEX
8
CUT
10
184.9034
20
64.0171
0
VERTEX
8
CUT
10
184.9150
20
64.2697
0
VERTEX
8
CUT
10
184.9147
20
64.3448
0
VERTEX
8
CUT
10
184.9013
20
64.5973
0
VERTEX
8
CUT
10
184.8937
20
64.6719
0
VERTEX
8
CUT
10
184.8555
20
64.9219
0
VERTEX
8
CUT
10
184.8405
20
64.9954
0
VERTEX
8
CUT
10
184.7395
20
65.3900
0
VERTEX
8
CUT
10
184.7338
20
65.4110
0
VERTEX
8
CUT
10
184.7320
20
65.4173
0
VERTEX
8
CUT
10
184.7263
20
65.4380
0
VERTEX
8
CUT
10
184.7224
20
65.4530
0
VERTEX
8
CUT
10
184.7055
20
65.5205
0
VERTEX
8
CUT
10
184.7003
20
65.5425
0
VERTEX
8
CUT
10
184.6914
20
65.5812
0
VERTEX
8
CUT
10
184.6893
20
65.5904
0
VERTEX
8
CUT
10
184.5722
20
66.1211
0
VERTEX
8
CUT
10
184.5636
20
66.1562
0
VERTEX
8
CUT
10
184.4746
20
66.4849
0
VERTEX
8
CUT
10
184.4524
20
66.5536
0
VERTEX
8
CUT
10
184.3667
20
66.7814
0
VERTEX
8
CUT
10
184.3381
20
66.8477
0
VERTEX
8
CUT
10
184.2313
20
67.0663
0
VERTEX
8
CUT
10
184.1965
20
67.1296
0
VERTEX
8
CUT
10
184.0694
20
67.3370
0
VERTEX
8
CUT
10
184.0287
20
67.3967
0
VERTEX
8
CUT
10
183.8825
20
67.5912
0
VERTEX
8
CUT
10
183.8364
20
67.6467
0
VERTEX
8
CUT
10
183.6723
20
67.8264
0
VERTEX
8
CUT
10
183.6212
20
67.8774
0
VERTEX
8
CUT
10
183.4408
20
68.0407
0
VERTEX
8
CUT
10
183.3850
20
68.0866
0
VERTEX
8
CUT
10
183.1900
20
68.2320
0
VERTEX
8
CUT
10
183.1301
20
68.2724
0
VERTEX
8
CUT
10
182.9221
20
68.3987
0
VERTEX
8
CUT
10
182.8587
20
68.4332
0
VERTEX
8
CUT
10
182.5522
20
68.5814
0
VERTEX
8
CUT
10
182.5193
20
68.5964
0
VERTEX
8
CUT
10
182.4454
20
68.6279
0
VERTEX
8
CUT
10
182.3991
20
68.6489
0
VERTEX
8
CUT
10
182.2006
20
68.7442
0
VERTEX
8
CUT
10
182.1110
20
68.7923
0
VERTEX
8
CUT
10
181.9436
20
68.8919
0
VERTEX
8
CUT
10
181.8587
20
68.9477
0
VERTEX
8
CUT
10
181.6802
20
69.0768
0
VERTEX
8
CUT
10
181.6397
20
69.1075
0
VERTEX
8
CUT
10
180.5750
20
69.9523
0
VERTEX
8
CUT
10
180.5222
20
69.9969
0
VERTEX
8
CUT
10
180.2993
20
70.1969
0
VERTEX
8
CUT
10
180.2022
20
70.2953
0
VERTEX
8
CUT
10
180.0052
20
70.5208
0
VERTEX
8
CUT
10
179.9613
20
70.5743
0
VERTEX
8
CUT
10
178.8812
20
71.9737
0
VERTEX
8
CUT
10
178.8721
20
71.9857
0
VERTEX
8
CUT
10
178.8492
20
72.0161
0
VERTEX
8
CUT
10
178.8012
20
72.0853
0
VERTEX
8
CUT
10
178.7803
20
72.1178
0
VERTEX
8
CUT
10
178.7326
20
72.1841
0
VERTEX
8
CUT
10
178.6780
20
72.2449
0
VERTEX
8
CUT
10
178.6172
20
72.2995
0
VERTEX
8
CUT
10
178.5661
20
72.3363
0
VERTEX
8
CUT
10
178.5662
20
72.3364
0
VERTEX
8
CUT
10
178.4629
20
72.4099
0
VERTEX
8
CUT
10
178.2992
20
72.5385
0
VERTEX
8
CUT
10
178.2170
20
72.6096
0
VERTEX
8
CUT
10
178.0663
20
72.7532
0
VERTEX
8
CUT
10
177.9913
20
72.8318
0
VERTEX
8
CUT
10
177.8549
20
72.9891
0
VERTEX
8
CUT
10
177.7877
20
73.0745
0
VERTEX
8
CUT
10
177.6994
20
73.1984
0
VERTEX
8
CUT
10
177.6992
20
73.2031
0
VERTEX
8
CUT
10
177.7016
20
73.4591
0
VERTEX
8
CUT
10
177.7010
20
73.4972
0
VERTEX
8
CUT
10
177.7006
20
73.5057
0
VERTEX
8
CUT
10
177.7004
20
73.5184
0
VERTEX
8
CUT
10
177.6895
20
73.7764
0
VERTEX
8
CUT
10
177.6824
20
73.8527
0
VERTEX
8
CUT
10
177.6455
20
74.1083
0
VERTEX
8
CUT
10
177.6307
20
74.1835
0
VERTEX
8
CUT
10
177.5433
20
74.5342
0
VERTEX
8
CUT
10
177.5331
20
74.5711
0
VERTEX
8
CUT
10
177.1751
20
75.7508
0
VERTEX
8
CUT
10
177.1879
20
75.8130
0
VERTEX
8
CUT
10
177.2404
20
76.0176
0
VERTEX
8
CUT
10
177.2730
20
76.1230
0
VERTEX
8
CUT
10
177.3451
20
76.3216
0
VERTEX
8
CUT
10
177.3877
20
76.4233
0
VERTEX
8
CUT
10
177.4787
20
76.6140
0
VERTEX
8
CUT
10
177.5310
20
76.7111
0
VERTEX
8
CUT
10
177.6399
20
76.8921
0
VERTEX
8
CUT
10
177.7013
20
76.9838
0
VERTEX
8
CUT
10
177.8273
20
77.1534
0
VERTEX
8
CUT
10
177.8972
20
77.2387
0
VERTEX
8
CUT
10
178.0390
20
77.3953
0
VERTEX
8
CUT
10
178.1168
20
77.4734
0
VERTEX
8
CUT
10
178.2731
20
77.6157
0
VERTEX
8
CUT
10
178.3581
20
77.6859
0
VERTEX
8
CUT
10
178.5495
20
77.8289
0
VERTEX
8
CUT
10
178.5872
20
77.8557
0
VERTEX
8
CUT
10
178.6306
20
77.8835
0
VERTEX
8
CUT
10
178.7177
20
77.9362
0
VERTEX
8
CUT
10
178.7712
20
77.9717
0
VERTEX
8
CUT
10
178.8215
20
78.0116
0
VERTEX
8
CUT
10
179.0525
20
78.2015
0
VERTEX
8
CUT
10
179.1059
20
78.2498
0
VERTEX
8
CUT
10
179.2778
20
78.4209
0
VERTEX
8
CUT
10
179.3264
20
78.4741
0
VERTEX
8
CUT
10
179.4813
20
78.6606
0
VERTEX
8
CUT
10
179.5247
20
78.7181
0
VERTEX
8
CUT
10
179.6613
20
78.9185
0
VERTEX
8
CUT
10
179.6990
20
78.9799
0
VERTEX
8
CUT
10
179.8160
20
79.1923
0
VERTEX
8
CUT
10
179.8477
20
79.2570
0
VERTEX
8
CUT
10
179.9442
20
79.4795
0
VERTEX
8
CUT
10
179.9696
20
79.5468
0
VERTEX
8
CUT
10
180.0745
20
79.8697
0
VERTEX
8
CUT
10
180.0848
20
79.9042
0
VERTEX
8
CUT
10
180.2418
20
80.4790
0
VERTEX
8
CUT
10
180.2576
20
80.5316
0
VERTEX
8
CUT
10
180.3313
20
80.7580
0
VERTEX
8
CUT
10
180.3704
20
80.8607
0
VERTEX
8
CUT
10
180.4545
20
81.0536
0
VERTEX
8
CUT
10
180.5033
20
81.1521
0
VERTEX
8
CUT
10
180.6056
20
81.3361
0
VERTEX
8
CUT
10
180.6636
20
81.4294
0
VERTEX
8
CUT
10
180.7832
20
81.6027
0
VERTEX
8
CUT
10
180.8500
20
81.6900
0
VERTEX
8
CUT
10
180.9857
20
81.8509
0
VERTEX
8
CUT
10
181.0605
20
81.9314
0
VERTEX
8
CUT
10
181.2111
20
82.0785
0
VERTEX
8
CUT
10
181.2933
20
82.1514
0
VERTEX
8
CUT
10
181.4574
20
82.2833
0
VERTEX
8
CUT
10
181.5462
20
82.3480
0
VERTEX
8
CUT
10
181.7222
20
82.4635
0
VERTEX
8
CUT
10
181.8169
20
82.5193
0
VERTEX
8
CUT
10
182.0032
20
82.6173
0
VERTEX
8
CUT
10
182.1028
20
82.6637
0
VERTEX
8
CUT
10
182.2977
20
82.7434
0
VERTEX
8
CUT
10
182.4013
20
82.7800
0
VERTEX
8
CUT
10
182.6029
20
82.8405
0
VERTEX
8
CUT
10
182.7096
20
82.8670
0
VERTEX
8
CUT
10
182.9161
20
82.9078
0
VERTEX
8
CUT
10
183.0248
20
82.9238
0
VERTEX
8
CUT
10
183.0306
20
82.9244
0
VERTEX
8
CUT
10
183.1056
20
82.9356
0
VERTEX
8
CUT
10
183.1790
20
82.9542
0
VERTEX
8
CUT
10
183.2503
20
82.9801
0
VERTEX
8
CUT
10
183.3186
20
83.0129
0
VERTEX
8
CUT
10
183.3833
20
83.0523
0
VERTEX
8
CUT
10
183.4437
20
83.0980
0
VERTEX
8
CUT
10
183.4993
20
83.1495
0
VERTEX
8
CUT
10
183.5495
20
83.2063
0
VERTEX
8
CUT
10
183.5938
20
83.2677
0
VERTEX
8
CUT
10
183.6318
20
83.3333
0
VERTEX
8
CUT
10
183.6630
20
83.4024
0
VERTEX
8
CUT
10
183.6872
20
83.4742
0
VERTEX
8
CUT
10
183.7041
20
83.5480
0
VERTEX
8
CUT
10
183.7136
20
83.6232
0
VERTEX
8
CUT
10
183.7156
20
83.6989
0
VERTEX
8
CUT
10
183.7100
20
83.7745
0
VERTEX
8
CUT
10
183.6969
20
83.8491
0
VERTEX
8
CUT
10
183.6765
20
83.9221
0
VERTEX
8
CUT
10
183.6488
20
83.9927
0
VERTEX
8
CUT
10
183.6143
20
84.0601
0
VERTEX
8
CUT
10
183.5733
20
84.1238
0
VERTEX
8
CUT
10
183.5261
20
84.1831
0
VERTEX
8
CUT
10
183.4732
20
84.2374
0
VERTEX
8
CUT
10
183.4152
20
84.2861
0
VERTEX
8
CUT
10
183.3526
20
84.3289
0
VERTEX
8
CUT
10
183.2861
20
84.3652
0
VERTEX
8
CUT
10
183.2366
20
84.3861
0
VERTEX
8
CUT
10
183.2367
20
84.3862
0
VERTEX
8
CUT
10
183.1145
20
84.4379
0
VERTEX
8
CUT
10
182.9182
20
84.5326
0
VERTEX
8
CUT
10
182.8184
20
84.5871
0
VERTEX
8
CUT
10
182.6326
20
84.7009
0
VERTEX
8
CUT
10
182.5387
20
84.7651
0
VERTEX
8
CUT
10
182.3651
20
84.8968
0
VERTEX
8
CUT
10
182.2781
20
84.9700
0
VERTEX
8
CUT
10
182.1185
20
85.1184
0
VERTEX
8
CUT
10
182.0392
20
85.2000
0
VERTEX
8
CUT
10
181.8952
20
85.3635
0
VERTEX
8
CUT
10
181.8244
20
85.4525
0
VERTEX
8
CUT
10
181.6975
20
85.6296
0
VERTEX
8
CUT
10
181.6359
20
85.7253
0
VERTEX
8
CUT
10
181.5130
20
85.9388
0
VERTEX
8
CUT
10
181.4859
20
85.9888
0
VERTEX
8
CUT
10
181.2989
20
86.3550
0
VERTEX
8
CUT
10
181.2616
20
86.4199
0
VERTEX
8
CUT
10
181.1255
20
86.6318
0
VERTEX
8
CUT
10
181.0821
20
86.6927
0
VERTEX
8
CUT
10
180.9259
20
86.8903
0
VERTEX
8
CUT
10
180.8767
20
86.9466
0
VERTEX
8
CUT
10
180.7018
20
87.1278
0
VERTEX
8
CUT
10
180.6473
20
87.1790
0
VERTEX
8
CUT
10
180.4554
20
87.3422
0
VERTEX
8
CUT
10
180.3962
20
87.3878
0
VERTEX
8
CUT
10
180.1892
20
87.5313
0
VERTEX
8
CUT
10
180.1257
20
87.5709
0
VERTEX
8
CUT
10
179.9057
20
87.6934
0
VERTEX
8
CUT
10
179.8386
20
87.7265
0
VERTEX
8
CUT
10
179.6076
20
87.8268
0
VERTEX
8
CUT
10
179.5376
20
87.8532
0
VERTEX
8
CUT
10
179.2978
20
87.9303
0
VERTEX
8
CUT
10
179.2256
20
87.9497
0
VERTEX
8
CUT
10
178.9542
20
88.0083
0
VERTEX
8
CUT
10
178.8991
20
88.0216
0
VERTEX
8
CUT
10
178.6843
20
88.0794
0
VERTEX
8
CUT
10
178.6110
20
88.0952
0
VERTEX
8
CUT
10
178.5365
20
88.1038
0
VERTEX
8
CUT
10
178.4615
20
88.1050
0
VERTEX
8
CUT
10
178.3868
20
88.0988
0
VERTEX
8
CUT
10
178.3130
20
88.0852
0
VERTEX
8
CUT
10
178.2767
20
88.0767
0
VERTEX
8
CUT
10
178.1658
20
88.0563
0
VERTEX
8
CUT
10
177.9504
20
88.0277
0
VERTEX
8
CUT
10
177.8405
20
88.0185
0
VERTEX
8
CUT
10
177.6234
20
88.0108
0
VERTEX
8
CUT
10
177.5121
20
88.0123
0
VERTEX
8
CUT
10
177.3021
20
88.0255
0
VERTEX
8
CUT
10
177.1927
20
88.0376
0
VERTEX
8
CUT
10
176.9844
20
88.0710
0
VERTEX
8
CUT
10
176.8767
20
88.0937
0
VERTEX
8
CUT
10
176.6726
20
88.1471
0
VERTEX
8
CUT
10
176.5675
20
88.1800
0
VERTEX
8
CUT
10
176.3695
20
88.2528
0
VERTEX
8
CUT
10
176.2681
20
88.2958
0
VERTEX
8
CUT
10
176.0781
20
88.3873
0
VERTEX
8
CUT
10
175.9813
20
88.4399
0
VERTEX
8
CUT
10
175.8010
20
88.5493
0
VERTEX
8
CUT
10
175.7097
20
88.6109
0
VERTEX
8
CUT
10
175.5408
20
88.7373
0
VERTEX
8
CUT
10
175.4559
20
88.8074
0
VERTEX
8
CUT
10
175.3000
20
88.9495
0
VERTEX
8
CUT
10
175.2222
20
89.0275
0
VERTEX
8
CUT
10
175.0807
20
89.1840
0
VERTEX
8
CUT
10
175.0109
20
89.2691
0
VERTEX
8
CUT
10
174.8851
20
89.4385
0
VERTEX
8
CUT
10
174.8239
20
89.5300
0
VERTEX
8
CUT
10
174.7150
20
89.7107
0
VERTEX
8
CUT
10
174.6628
20
89.8076
0
VERTEX
8
CUT
10
174.5720
20
89.9980
0
VERTEX
8
CUT
10
174.5294
20
90.0996
0
VERTEX
8
CUT
10
174.4573
20
90.2978
0
VERTEX
8
CUT
10
174.4247
20
90.4030
0
VERTEX
8
CUT
10
174.3721
20
90.6073
0
VERTEX
8
CUT
10
174.3498
20
90.7151
0
VERTEX
8
CUT
10
174.3171
20
90.9240
0
VERTEX
8
CUT
10
174.3054
20
91.0326
0
VERTEX
8
CUT
10
174.2930
20
91.2404
0
VERTEX
8
CUT
10
174.2917
20
91.3490
0
VERTEX
8
CUT
10
174.2991
20
91.5569
0
VERTEX
8
CUT
10
174.3082
20
91.6651
0
VERTEX
8
CUT
10
174.3354
20
91.8714
0
VERTEX
8
CUT
10
174.3547
20
91.9782
0
VERTEX
8
CUT
10
174.4014
20
92.1809
0
VERTEX
8
CUT
10
174.4308
20
92.2855
0
VERTEX
8
CUT
10
174.4965
20
92.4828
0
VERTEX
8
CUT
10
174.5357
20
92.5841
0
VERTEX
8
CUT
10
174.6200
20
92.7743
0
VERTEX
8
CUT
10
174.6686
20
92.8714
0
VERTEX
8
CUT
10
174.7706
20
93.0527
0
VERTEX
8
CUT
10
174.8283
20
93.1447
0
VERTEX
8
CUT
10
174.9471
20
93.3155
0
VERTEX
8
CUT
10
175.0132
20
93.4016
0
VERTEX
8
CUT
10
175.1477
20
93.5603
0
VERTEX
8
CUT
10
175.2217
20
93.6397
0
VERTEX
8
CUT
10
175.3707
20
93.7849
0
VERTEX
8
CUT
10
175.4520
20
93.8569
0
VERTEX
8
CUT
10
175.6141
20
93.9873
0
VERTEX
8
CUT
10
175.7019
20
94.0512
0
VERTEX
8
CUT
10
175.8756
20
94.1656
0
VERTEX
8
CUT
10
175.9691
20
94.2209
0
VERTEX
8
CUT
10
176.1530
20
94.3182
0
VERTEX
8
CUT
10
176.2512
20
94.3644
0
VERTEX
8
CUT
10
176.4435
20
94.4437
0
VERTEX
8
CUT
10
176.5458
20
94.4803
0
VERTEX
8
CUT
10
176.7448
20
94.5411
0
VERTEX
8
CUT
10
176.8500
20
94.5678
0
VERTEX
8
CUT
10
177.0538
20
94.6093
0
VERTEX
8
CUT
10
177.1612
20
94.6258
0
VERTEX
8
CUT
10
177.3811
20
94.6491
0
VERTEX
8
CUT
10
177.4632
20
94.6548
0
VERTEX
8
CUT
10
177.5443
20
94.6575
0
VERTEX
8
CUT
10
177.6277
20
94.6573
0
VERTEX
8
CUT
10
177.8644
20
94.6478
0
VERTEX
8
CUT
10
177.9779
20
94.6376
0
VERTEX
8
CUT
10
178.1912
20
94.6076
0
VERTEX
8
CUT
10
178.2388
20
94.5985
0
VERTEX
8
CUT
10
178.3171
20
94.5877
0
VERTEX
8
CUT
10
178.3961
20
94.5851
0
VERTEX
8
CUT
10
178.4750
20
94.5907
0
VERTEX
8
CUT
10
178.5529
20
94.6044
0
VERTEX
8
CUT
10
178.6289
20
94.6262
0
VERTEX
8
CUT
10
178.7022
20
94.6558
0
VERTEX
8
CUT
10
178.7721
20
94.6928
0
VERTEX
8
CUT
10
180.1454
20
95.5147
0
VERTEX
8
CUT
10
180.1577
20
95.5219
0
VERTEX
8
CUT
10
180.3431
20
95.6298
0
VERTEX
8
CUT
10
180.3839
20
95.6524
0
VERTEX
8
CUT
10
180.6458
20
95.7907
0
VERTEX
8
CUT
10
180.7097
20
95.8285
0
VERTEX
8
CUT
10
180.9183
20
95.9663
0
VERTEX
8
CUT
10
180.9781
20
96.0101
0
VERTEX
8
CUT
10
181.1723
20
96.1676
0
VERTEX
8
CUT
10
181.2276
20
96.2171
0
VERTEX
8
CUT
10
181.4571
20
96.4436
0
VERTEX
8
CUT
10
181.4818
20
96.4692
0
VERTEX
8
CUT
10
181.5907
20
96.5872
0
VERTEX
8
CUT
10
181.6736
20
96.6683
0
VERTEX
8
CUT
10
181.8400
20
96.8155
0
VERTEX
8
CUT
10
181.9307
20
96.8878
0
VERTEX
8
CUT
10
182.1112
20
97.0173
0
VERTEX
8
CUT
10
182.2088
20
97.0800
0
VERTEX
8
CUT
10
182.4016
20
97.1904
0
VERTEX
8
CUT
10
182.5050
20
97.2429
0
VERTEX
8
CUT
10
182.7080
20
97.3332
0
VERTEX
8
CUT
10
182.8162
20
97.3749
0
VERTEX
8
CUT
10
183.0273
20
97.4441
0
VERTEX
8
CUT
10
183.1392
20
97.4746
0
VERTEX
8
CUT
10
183.3563
20
97.5220
0
VERTEX
8
CUT
10
183.4707
20
97.5409
0
VERTEX
8
CUT
10
183.6914
20
97.5660
0
VERTEX
8
CUT
10
183.8072
20
97.5733
0
VERTEX
8
CUT
10
184.0294
20
97.5758
0
VERTEX
8
CUT
10
184.1452
20
97.5712
0
VERTEX
8
CUT
10
184.3665
20
97.5512
0
VERTEX
8
CUT
10
184.4813
20
97.5348
0
VERTEX
8
CUT
10
184.7279
20
97.4869
0
VERTEX
8
CUT
10
184.7846
20
97.4743
0
VERTEX
8
CUT
10
184.8256
20
97.4642
0
VERTEX
8
CUT
10
184.8984
20
97.4499
0
VERTEX
8
CUT
10
185.1454
20
97.4137
0
VERTEX
8
CUT
10
185.2192
20
97.4065
0
VERTEX
8
CUT
10
185.4687
20
97.3946
0
VERTEX
8
CUT
10
185.5428
20
97.3946
0
VERTEX
8
CUT
10
185.8947
20
97.4121
0
VERTEX
8
CUT
10
185.9026
20
97.4125
0
VERTEX
8
CUT
10
186.0027
20
97.4173
0
VERTEX
8
CUT
10
186.0171
20
97.4179
0
VERTEX
8
CUT
10
186.0334
20
97.4186
0
VERTEX
8
CUT
10
186.0802
20
97.4202
0
VERTEX
8
CUT
10
186.0901
20
97.4205
0
VERTEX
8
CUT
10
189.9829
20
97.5197
0
VERTEX
8
CUT
10
190.0180
20
97.5200
0
VERTEX
8
CUT
10
190.1878
20
97.5191
0
VERTEX
8
CUT
10
190.2230
20
97.5184
0
VERTEX
8
CUT
10
190.2900
20
97.5160
0
VERTEX
8
CUT
10
190.3251
20
97.5142
0
VERTEX
8
CUT
10
190.4946
20
97.5028
0
VERTEX
8
CUT
10
190.5296
20
97.4999
0
VERTEX
8
CUT
10
192.5744
20
97.2992
0
VERTEX
8
CUT
10
192.6131
20
97.2948
0
VERTEX
8
CUT
10
192.7993
20
97.2700
0
VERTEX
8
CUT
10
192.8377
20
97.2643
0
VERTEX
8
CUT
10
192.9108
20
97.2520
0
VERTEX
8
CUT
10
192.9491
20
97.2449
0
VERTEX
8
CUT
10
193.1332
20
97.2076
0
VERTEX
8
CUT
10
193.1711
20
97.1992
0
VERTEX
8
CUT
10
193.9788
20
97.0065
0
VERTEX
8
CUT
10
194.0322
20
96.9884
0
VERTEX
8
CUT
10
194.0670
20
96.9775
0
VERTEX
8
CUT
10
195.9783
20
96.4293
0
VERTEX
8
CUT
10
195.9906
20
96.4256
0
VERTEX
8
CUT
10
197.4235
20
95.8629
0
VERTEX
8
CUT
10
198.1192
20
95.5759
0
VERTEX
8
CUT
10
198.1468
20
95.5626
0
VERTEX
8
CUT
10
198.1555
20
95.5583
0
VERTEX
8
CUT
10
200.6451
20
94.3261
0
VERTEX
8
CUT
10
200.6612
20
94.3180
0
VERTEX
8
CUT
10
200.7369
20
94.2790
0
VERTEX
8
CUT
10
200.7616
20
94.2659
0
VERTEX
8
CUT
10
200.8003
20
94.2447
0
VERTEX
8
CUT
10
200.8090
20
94.2399
0
VERTEX
8
CUT
10
200.8607
20
94.2111
0
VERTEX
8
CUT
10
200.8764
20
94.2022
0
VERTEX
8
CUT
10
200.9501
20
94.1595
0
VERTEX
8
CUT
10
200.9742
20
94.1452
0
VERTEX
8
CUT
10
201.0118
20
94.1222
0
VERTEX
8
CUT
10
201.0202
20
94.1170
0
VERTEX
8
CUT
10
203.2287
20
92.7396
0
VERTEX
8
CUT
10
203.2557
20
92.7223
0
VERTEX
8
CUT
10
203.3845
20
92.6368
0
VERTEX
8
CUT
10
203.4109
20
92.6187
0
VERTEX
8
CUT
10
203.4609
20
92.5835
0
VERTEX
8
CUT
10
203.4868
20
92.5647
0
VERTEX
8
CUT
10
203.6107
20
92.4721
0
VERTEX
8
CUT
10
203.6360
20
92.4526
0
VERTEX
8
CUT
10
207.6174
20
89.2988
0
VERTEX
8
CUT
10
207.6330
20
89.2862
0
VERTEX
8
CUT
10
207.7080
20
89.2246
0
VERTEX
8
CUT
10
207.7234
20
89.2117
0
VERTEX
8
CUT
10
207.7537
20
89.1859
0
VERTEX
8
CUT
10
207.7714
20
89.1706
0
VERTEX
8
CUT
10
207.8558
20
89.0957
0
VERTEX
8
CUT
10
207.8731
20
89.0800
0
VERTEX
8
CUT
10
216.3089
20
81.2824
0
VERTEX
8
CUT
10
216.3375
20
81.2572
0
VERTEX
8
CUT
10
216.6131
20
81.0270
0
VERTEX
8
CUT
10
216.6739
20
80.9811
0
VERTEX
8
CUT
10
216.8863
20
80.8372
0
VERTEX
8
CUT
10
216.9514
20
80.7976
0
VERTEX
8
CUT
10
217.1771
20
80.6757
0
VERTEX
8
CUT
10
217.2458
20
80.6429
0
VERTEX
8
CUT
10
217.4826
20
80.5441
0
VERTEX
8
CUT
10
217.5543
20
80.5183
0
VERTEX
8
CUT
10
217.7998
20
80.4438
0
VERTEX
8
CUT
10
217.8737
20
80.4253
0
VERTEX
8
CUT
10
218.1254
20
80.3757
0
VERTEX
8
CUT
10
218.2008
20
80.3647
0
VERTEX
8
CUT
10
218.4562
20
80.3405
0
VERTEX
8
CUT
10
218.5323
20
80.3372
0
VERTEX
8
CUT
10
218.7888
20
80.3387
0
VERTEX
8
CUT
10
218.8649
20
80.3429
0
VERTEX
8
CUT
10
219.1200
20
80.3701
0
VERTEX
8
CUT
10
219.1952
20
80.3820
0
VERTEX
8
CUT
10
219.4464
20
80.4346
0
VERTEX
8
CUT
10
219.5200
20
80.4539
0
VERTEX
8
CUT
10
219.7646
20
80.5314
0
VERTEX
8
CUT
10
219.8360
20
80.5580
0
VERTEX
8
CUT
10
220.0716
20
80.6595
0
VERTEX
8
CUT
10
220.1399
20
80.6931
0
VERTEX
8
CUT
10
220.3642
20
80.8177
0
VERTEX
8
CUT
10
220.4288
20
80.8580
0
VERTEX
8
CUT
10
220.7237
20
81.0630
0
VERTEX
8
CUT
10
220.7544
20
81.0855
0
VERTEX
8
CUT
10
222.2245
20
82.2209
0
VERTEX
8
CUT
10
222.2511
20
82.2424
0
VERTEX
8
CUT
10
222.4974
20
82.4509
0
VERTEX
8
CUT
10
222.5476
20
82.4974
0
VERTEX
8
CUT
10
222.7740
20
82.7272
0
VERTEX
8
CUT
10
222.7975
20
82.7521
0
VERTEX
8
CUT
10
223.9536
20
84.0361
0
VERTEX
8
CUT
10
223.9830
20
84.0707
0
VERTEX
8
CUT
10
224.2496
20
84.4049
0
VERTEX
8
CUT
10
224.3018
20
84.4791
0
VERTEX
8
CUT
10
224.5267
20
84.8426
0
VERTEX
8
CUT
10
224.5494
20
84.8819
0
VERTEX
8
CUT
10
225.2445
20
86.1720
0
VERTEX
8
CUT
10
225.2566
20
86.1954
0
VERTEX
8
CUT
10
225.3888
20
86.4626
0
VERTEX
8
CUT
10
225.4105
20
86.5107
0
VERTEX
8
CUT
10
225.5239
20
86.7863
0
VERTEX
8
CUT
10
225.5335
20
86.8109
0
VERTEX
8
CUT
10
226.0926
20
88.3175
0
VERTEX
8
CUT
10
226.1049
20
88.3532
0
VERTEX
8
CUT
10
226.2121
20
88.6930
0
VERTEX
8
CUT
10
226.2312
20
88.7661
0
VERTEX
8
CUT
10
226.2833
20
89.0153
0
VERTEX
8
CUT
10
226.2951
20
89.0899
0
VERTEX
8
CUT
10
226.3222
20
89.3430
0
VERTEX
8
CUT
10
226.3265
20
89.4185
0
VERTEX
8
CUT
10
226.3283
20
89.6730
0
VERTEX
8
CUT
10
226.3251
20
89.7485
0
VERTEX
8
CUT
10
226.3017
20
90.0020
0
VERTEX
8
CUT
10
226.2910
20
90.0768
0
VERTEX
8
CUT
10
226.2231
20
90.4265
0
VERTEX
8
CUT
10
226.2150
20
90.4634
0
VERTEX
8
CUT
10
226.1488
20
90.7320
0
VERTEX
8
CUT
10
226.1382
20
90.7707
0
VERTEX
8
CUT
10
226.0282
20
91.1334
0
VERTEX
8
CUT
10
226.0008
20
91.2090
0
VERTEX
8
CUT
10
225.8954
20
91.4584
0
VERTEX
8
CUT
10
225.8602
20
91.5306
0
VERTEX
8
CUT
10
225.6826
20
91.8510
0
VERTEX
8
CUT
10
225.6418
20
91.9166
0
VERTEX
8
CUT
10
225.4503
20
92.1919
0
VERTEX
8
CUT
10
225.4051
20
92.2506
0
VERTEX
8
CUT
10
225.2435
20
92.4405
0
VERTEX
8
CUT
10
225.1928
20
92.4944
0
VERTEX
8
CUT
10
225.0134
20
92.6677
0
VERTEX
8
CUT
10
224.9578
20
92.7165
0
VERTEX
8
CUT
10
224.7624
20
92.8715
0
VERTEX
8
CUT
10
224.7022
20
92.9147
0
VERTEX
8
CUT
10
224.4927
20
93.0500
0
VERTEX
8
CUT
10
224.4286
20
93.0870
0
VERTEX
8
CUT
10
224.2069
20
93.2013
0
VERTEX
8
CUT
10
224.1395
20
93.2319
0
VERTEX
8
CUT
10
223.9078
20
93.3241
0
VERTEX
8
CUT
10
223.8377
20
93.3480
0
VERTEX
8
CUT
10
223.5981
20
93.4172
0
VERTEX
8
CUT
10
223.5260
20
93.4342
0
VERTEX
8
CUT
10
223.2808
20
93.4797
0
VERTEX
8
CUT
10
223.2075
20
93.4897
0
VERTEX
8
CUT
10
222.9590
20
93.5111
0
VERTEX
8
CUT
10
222.8850
20
93.5138
0
VERTEX
8
CUT
10
222.6356
20
93.5110
0
VERTEX
8
CUT
10
222.5617
20
93.5065
0
VERTEX
8
CUT
10
222.2274
20
93.4700
0
VERTEX
8
CUT
10
222.1717
20
93.4653
0
VERTEX
8
CUT
10
221.9299
20
93.4508
0
VERTEX
8
CUT
10
221.8181
20
93.4496
0
VERTEX
8
CUT
10
221.6041
20
93.4578
0
VERTEX
8
CUT
10
221.4927
20
93.4675
0
VERTEX
8
CUT
10
221.2804
20
93.4967
0
VERTEX
8
CUT
10
221.1706
20
93.5173
0
VERTEX
8
CUT
10
220.9622
20
93.5671
0
VERTEX
8
CUT
10
220.8549
20
93.5984
0
VERTEX
8
CUT
10
220.6524
20
93.6684
0
VERTEX
8
CUT
10
220.5486
20
93.7100
0
VERTEX
8
CUT
10
220.3540
20
93.7995
0
VERTEX
8
CUT
10
220.2548
20
93.8511
0
VERTEX
8
CUT
10
220.0698
20
93.9592
0
VERTEX
8
CUT
10
219.9762
20
94.0203
0
VERTEX
8
CUT
10
219.8027
20
94.1460
0
VERTEX
8
CUT
10
219.7155
20
94.2160
0
VERTEX
8
CUT
10
219.5552
20
94.3581
0
VERTEX
8
CUT
10
219.4753
20
94.4363
0
VERTEX
8
CUT
10
219.3297
20
94.5934
0
VERTEX
8
CUT
10
219.2578
20
94.6790
0
VERTEX
8
CUT
10
219.1283
20
94.8497
0
VERTEX
8
CUT
10
219.0651
20
94.9419
0
VERTEX
8
CUT
10
218.9529
20
95.1244
0
VERTEX
8
CUT
10
218.8991
20
95.2224
0
VERTEX
8
CUT
10
218.8054
20
95.4151
0
VERTEX
8
CUT
10
218.7614
20
95.5179
0
VERTEX
8
CUT
10
218.6870
20
95.7188
0
VERTEX
8
CUT
10
218.6533
20
95.8254
0
VERTEX
8
CUT
10
218.5989
20
96.0326
0
VERTEX
8
CUT
10
218.5759
20
96.1420
0
VERTEX
8
CUT
10
218.5420
20
96.3535
0
VERTEX
8
CUT
10
218.5298
20
96.4647
0
VERTEX
8
CUT
10
218.5152
20
96.7064
0
VERTEX
8
CUT
10
218.5132
20
96.7623
0
VERTEX
8
CUT
10
218.5118
20
96.8843
0
VERTEX
8
CUT
10
218.5099
20
96.9294
0
VERTEX
8
CUT
10
218.4981
20
97.0968
0
VERTEX
8
CUT
10
218.4957
20
97.2113
0
VERTEX
8
CUT
10
218.5022
20
97.4308
0
VERTEX
8
CUT
10
218.5114
20
97.5450
0
VERTEX
8
CUT
10
218.5399
20
97.7627
0
VERTEX
8
CUT
10
218.5605
20
97.8754
0
VERTEX
8
CUT
10
218.6108
20
98.0891
0
VERTEX
8
CUT
10
218.6425
20
98.1992
0
VERTEX
8
CUT
10
218.7140
20
98.4068
0
VERTEX
8
CUT
10
218.7567
20
98.5131
0
VERTEX
8
CUT
10
218.8486
20
98.7125
0
VERTEX
8
CUT
10
218.9018
20
98.8140
0
VERTEX
8
CUT
10
219.0132
20
99.0031
0
VERTEX
8
CUT
10
219.0763
20
99.0988
0
VERTEX
8
CUT
10
219.2062
20
99.2758
0
VERTEX
8
CUT
10
219.2786
20
99.3646
0
VERTEX
8
CUT
10
219.4256
20
99.5276
0
VERTEX
8
CUT
10
219.5065
20
99.6088
0
VERTEX
8
CUT
10
219.6692
20
99.7562
0
VERTEX
8
CUT
10
219.7578
20
99.8288
0
VERTEX
8
CUT
10
219.9345
20
99.9592
0
VERTEX
8
CUT
10
220.0299
20
100.0225
0
VERTEX
8
CUT
10
220.2435
20
100.1492
0
VERTEX
8
CUT
10
220.2935
20
100.1772
0
VERTEX
8
CUT
10
220.3525
20
100.2083
0
VERTEX
8
CUT
10
220.3704
20
100.2180
0
VERTEX
8
CUT
10
223.2427
20
101.8315
0
VERTEX
8
CUT
10
223.2852
20
101.8543
0
VERTEX
8
CUT
10
223.4713
20
101.9487
0
VERTEX
8
CUT
10
223.5590
20
101.9886
0
VERTEX
8
CUT
10
223.7301
20
102.0579
0
VERTEX
8
CUT
10
223.8208
20
102.0903
0
VERTEX
8
CUT
10
224.0202
20
102.1521
0
VERTEX
8
CUT
10
224.0665
20
102.1654
0
VERTEX
8
CUT
10
224.8776
20
102.3796
0
VERTEX
8
CUT
10
224.8955
20
102.3842
0
VERTEX
8
CUT
10
224.9801
20
102.4051
0
VERTEX
8
CUT
10
225.0079
20
102.4116
0
VERTEX
8
CUT
10
225.0520
20
102.4213
0
VERTEX
8
CUT
10
225.0619
20
102.4234
0
VERTEX
8
CUT
10
225.0678
20
102.4246
0
VERTEX
8
CUT
10
225.0818
20
102.4275
0
VERTEX
8
CUT
10
225.0820
20
102.4275
0
VERTEX
8
CUT
10
225.1268
20
102.4378
0
VERTEX
8
CUT
10
225.1305
20
102.4388
0
VERTEX
8
CUT
10
225.1841
20
102.4515
0
VERTEX
8
CUT
10
225.4797
20
102.5138
0
VERTEX
8
CUT
10
225.5529
20
102.5330
0
VERTEX
8
CUT
10
225.7958
20
102.6101
0
VERTEX
8
CUT
10
225.8667
20
102.6366
0
VERTEX
8
CUT
10
226.1007
20
102.7374
0
VERTEX
8
CUT
10
226.1686
20
102.7708
0
VERTEX
8
CUT
10
226.3915
20
102.8944
0
VERTEX
8
CUT
10
226.4557
20
102.9343
0
VERTEX
8
CUT
10
226.6652
20
103.0795
0
VERTEX
8
CUT
10
226.7251
20
103.1256
0
VERTEX
8
CUT
10
226.9191
20
103.2909
0
VERTEX
8
CUT
10
226.9742
20
103.3428
0
VERTEX
8
CUT
10
227.1507
20
103.5265
0
VERTEX
8
CUT
10
227.2004
20
103.5836
0
VERTEX
8
CUT
10
227.3578
20
103.7840
0
VERTEX
8
CUT
10
227.4016
20
103.8457
0
VERTEX
8
CUT
10
227.5383
20
104.0608
0
VERTEX
8
CUT
10
227.5757
20
104.1266
0
VERTEX
8
CUT
10
227.6903
20
104.3541
0
VERTEX
8
CUT
10
227.7210
20
104.4233
0
VERTEX
8
CUT
10
227.8125
20
104.6611
0
VERTEX
8
CUT
10
227.8361
20
104.7330
0
VERTEX
8
CUT
10
227.9035
20
104.9788
0
VERTEX
8
CUT
10
227.9198
20
105.0526
0
VERTEX
8
CUT
10
227.9624
20
105.3039
0
VERTEX
8
CUT
10
227.9714
20
105.3790
0
VERTEX
8
CUT
10
227.9888
20
105.6333
0
VERTEX
8
CUT
10
227.9902
20
105.7089
0
VERTEX
8
CUT
10
227.9823
20
105.9636
0
VERTEX
8
CUT
10
227.9761
20
106.0390
0
VERTEX
8
CUT
10
227.9429
20
106.2917
0
VERTEX
8
CUT
10
227.9293
20
106.3661
0
VERTEX
8
CUT
10
227.8712
20
106.6142
0
VERTEX
8
CUT
10
227.8502
20
106.6869
0
VERTEX
8
CUT
10
227.7677
20
106.9280
0
VERTEX
8
CUT
10
227.7396
20
106.9983
0
VERTEX
8
CUT
10
227.6335
20
107.2300
0
VERTEX
8
CUT
10
227.5986
20
107.2971
0
VERTEX
8
CUT
10
227.4700
20
107.5171
0
VERTEX
8
CUT
10
227.4286
20
107.5804
0
VERTEX
8
CUT
10
227.2788
20
107.7865
0
VERTEX
8
CUT
10
227.2313
20
107.8454
0
VERTEX
8
CUT
10
227.1232
20
107.9666
0
VERTEX
8
CUT
10
227.0863
20
108.0101
0
VERTEX
8
CUT
10
227.0749
20
108.0243
0
VERTEX
8
CUT
10
227.0420
20
108.0612
0
VERTEX
8
CUT
10
227.0423
20
108.0615
0
VERTEX
8
CUT
10
226.9566
20
108.1573
0
VERTEX
8
CUT
10
226.8196
20
108.3264
0
VERTEX
8
CUT
10
226.7538
20
108.4161
0
VERTEX
8
CUT
10
226.6381
20
108.5915
0
VERTEX
8
CUT
10
226.5820
20
108.6861
0
VERTEX
8
CUT
10
226.4834
20
108.8724
0
VERTEX
8
CUT
10
226.4367
20
108.9719
0
VERTEX
8
CUT
10
226.3565
20
109.1668
0
VERTEX
8
CUT
10
226.3196
20
109.2705
0
VERTEX
8
CUT
10
226.2585
20
109.4722
0
VERTEX
8
CUT
10
226.2318
20
109.5789
0
VERTEX
8
CUT
10
226.1905
20
109.7855
0
VERTEX
8
CUT
10
226.1742
20
109.8943
0
VERTEX
8
CUT
10
226.1530
20
110.1040
0
VERTEX
8
CUT
10
226.1472
20
110.2138
0
VERTEX
8
CUT
10
226.1463
20
110.4246
0
VERTEX
8
CUT
10
226.1512
20
110.5345
0
VERTEX
8
CUT
10
226.1706
20
110.7443
0
VERTEX
8
CUT
10
226.1860
20
110.8532
0
VERTEX
8
CUT
10
226.2256
20
111.0602
0
VERTEX
8
CUT
10
226.2514
20
111.1672
0
VERTEX
8
CUT
10
226.3108
20
111.3694
0
VERTEX
8
CUT
10
226.3468
20
111.4733
0
VERTEX
8
CUT
10
226.4254
20
111.6689
0
VERTEX
8
CUT
10
226.4712
20
111.7688
0
VERTEX
8
CUT
10
226.5683
20
111.9559
0
VERTEX
8
CUT
10
226.6236
20
112.0510
0
VERTEX
8
CUT
10
226.7382
20
112.2279
0
VERTEX
8
CUT
10
226.8024
20
112.3172
0
VERTEX
8
CUT
10
226.9336
20
112.4822
0
VERTEX
8
CUT
10
227.0061
20
112.5649
0
VERTEX
8
CUT
10
227.1516
20
112.7155
0
VERTEX
8
CUT
10
227.2337
20
112.7925
0
VERTEX
8
CUT
10
227.3828
20
112.9191
0
VERTEX
8
CUT
10
227.4288
20
112.9615
0
VERTEX
8
CUT
10
227.4711
20
113.0075
0
VERTEX
8
CUT
10
227.5267
20
113.0732
0
VERTEX
8
CUT
10
227.5936
20
113.1456
0
VERTEX
8
CUT
10
227.7451
20
113.2961
0
VERTEX
8
CUT
10
227.7808
20
113.3301
0
VERTEX
8
CUT
10
227.9659
20
113.4986
0
VERTEX
8
CUT
10
228.0102
20
113.5370
0
VERTEX
8
CUT
10
228.2065
20
113.6981
0
VERTEX
8
CUT
10
228.3008
20
113.7677
0
VERTEX
8
CUT
10
228.4881
20
113.8916
0
VERTEX
8
CUT
10
228.5890
20
113.9511
0
VERTEX
8
CUT
10
228.8141
20
114.0687
0
VERTEX
8
CUT
10
228.8667
20
114.0946
0
VERTEX
8
CUT
10
229.0511
20
114.1791
0
VERTEX
8
CUT
10
229.0692
20
114.1872
0
VERTEX
8
CUT
10
229.1265
20
114.2124
0
VERTEX
8
CUT
10
229.2059
20
114.2436
0
VERTEX
8
CUT
10
229.5053
20
114.3488
0
VERTEX
8
CUT
10
229.5697
20
114.3693
0
VERTEX
8
CUT
10
234.7557
20
115.8534
0
VERTEX
8
CUT
10
234.7708
20
115.8579
0
VERTEX
8
CUT
10
234.9409
20
115.9104
0
VERTEX
8
CUT
10
234.9709
20
115.9203
0
VERTEX
8
CUT
10
235.1392
20
115.9800
0
VERTEX
8
CUT
10
235.1540
20
115.9854
0
VERTEX
8
CUT
10
235.8871
20
116.2628
0
VERTEX
8
CUT
10
235.9211
20
116.2766
0
VERTEX
8
CUT
10
236.2386
20
116.4146
0
VERTEX
8
CUT
10
236.3045
20
116.4471
0
VERTEX
8
CUT
10
236.5208
20
116.5671
0
VERTEX
8
CUT
10
236.5832
20
116.6058
0
VERTEX
8
CUT
10
236.7868
20
116.7462
0
VERTEX
8
CUT
10
236.8452
20
116.7907
0
VERTEX
8
CUT
10
237.0344
20
116.9500
0
VERTEX
8
CUT
10
237.0882
20
117.0000
0
VERTEX
8
CUT
10
237.2611
20
117.1768
0
VERTEX
8
CUT
10
237.3099
20
117.2317
0
VERTEX
8
CUT
10
237.4649
20
117.4244
0
VERTEX
8
CUT
10
237.5081
20
117.4838
0
VERTEX
8
CUT
10
237.6439
20
117.6906
0
VERTEX
8
CUT
10
237.6812
20
117.7538
0
VERTEX
8
CUT
10
237.7963
20
117.9727
0
VERTEX
8
CUT
10
237.8273
20
118.0393
0
VERTEX
8
CUT
10
237.9208
20
118.2683
0
VERTEX
8
CUT
10
237.9452
20
118.3375
0
VERTEX
8
CUT
10
238.0162
20
118.5745
0
VERTEX
8
CUT
10
238.0338
20
118.6457
0
VERTEX
8
CUT
10
238.0816
20
118.8884
0
VERTEX
8
CUT
10
238.0923
20
118.9611
0
VERTEX
8
CUT
10
238.1164
20
119.2072
0
VERTEX
8
CUT
10
238.1200
20
119.2806
0
VERTEX
8
CUT
10
238.1203
20
119.5279
0
VERTEX
8
CUT
10
238.1168
20
119.6013
0
VERTEX
8
CUT
10
238.0932
20
119.8475
0
VERTEX
8
CUT
10
238.0826
20
119.9201
0
VERTEX
8
CUT
10
238.0354
20
120.1629
0
VERTEX
8
CUT
10
238.0179
20
120.2342
0
VERTEX
8
CUT
10
237.9474
20
120.4713
0
VERTEX
8
CUT
10
237.9231
20
120.5406
0
VERTEX
8
CUT
10
237.8301
20
120.7698
0
VERTEX
8
CUT
10
237.7992
20
120.8364
0
VERTEX
8
CUT
10
237.6845
20
121.0555
0
VERTEX
8
CUT
10
237.6474
20
121.1189
0
VERTEX
8
CUT
10
237.5121
20
121.3259
0
VERTEX
8
CUT
10
237.4690
20
121.3854
0
VERTEX
8
CUT
10
237.3143
20
121.5784
0
VERTEX
8
CUT
10
237.2657
20
121.6334
0
VERTEX
8
CUT
10
237.0931
20
121.8106
0
VERTEX
8
CUT
10
237.0394
20
121.8607
0
VERTEX
8
CUT
10
236.8506
20
122.0204
0
VERTEX
8
CUT
10
236.7923
20
122.0650
0
VERTEX
8
CUT
10
236.5889
20
122.2058
0
VERTEX
8
CUT
10
236.5265
20
122.2446
0
VERTEX
8
CUT
10
236.3105
20
122.3651
0
VERTEX
8
CUT
10
236.2447
20
122.3977
0
VERTEX
8
CUT
10
236.0181
20
122.4967
0
VERTEX
8
CUT
10
235.9495
20
122.5229
0
VERTEX
8
CUT
10
235.7143
20
122.5996
0
VERTEX
8
CUT
10
235.6435
20
122.6190
0
VERTEX
8
CUT
10
235.4021
20
122.6726
0
VERTEX
8
CUT
10
235.3297
20
122.6851
0
VERTEX
8
CUT
10
234.9861
20
122.7273
0
VERTEX
8
CUT
10
234.9496
20
122.7309
0
VERTEX
8
CUT
10
234.1244
20
122.7919
0
VERTEX
8
CUT
10
234.1102
20
122.7930
0
VERTEX
8
CUT
10
234.0415
20
122.7989
0
VERTEX
8
CUT
10
234.0273
20
122.8003
0
VERTEX
8
CUT
10
233.9989
20
122.8031
0
VERTEX
8
CUT
10
233.9824
20
122.8048
0
VERTEX
8
CUT
10
233.9030
20
122.8139
0
VERTEX
8
CUT
10
233.8866
20
122.8159
0
VERTEX
8
CUT
10
231.4904
20
123.1239
0
VERTEX
8
CUT
10
231.4738
20
123.1261
0
VERTEX
8
CUT
10
231.4320
20
123.1321
0
VERTEX
8
CUT
10
231.3400
20
123.1492
0
VERTEX
8
CUT
10
230.9864
20
123.2300
0
VERTEX
8
CUT
10
230.9034
20
123.2523
0
VERTEX
8
CUT
10
230.8939
20
123.2552
0
VERTEX
8
CUT
10
230.8845
20
123.2582
0
VERTEX
8
CUT
10
230.4160
20
123.4075
0
VERTEX
8
CUT
10
230.3640
20
123.4255
0
VERTEX
8
CUT
10
230.1410
20
123.5086
0
VERTEX
8
CUT
10
230.0401
20
123.5519
0
VERTEX
8
CUT
10
229.8508
20
123.6441
0
VERTEX
8
CUT
10
229.7545
20
123.6969
0
VERTEX
8
CUT
10
229.5750
20
123.8069
0
VERTEX
8
CUT
10
229.4842
20
123.8687
0
VERTEX
8
CUT
10
229.2942
20
124.0120
0
VERTEX
8
CUT
10
229.2512
20
124.0461
0
VERTEX
8
CUT
10
228.5857
20
124.6002
0
VERTEX
8
CUT
10
228.5426
20
124.6380
0
VERTEX
8
CUT
10
228.3599
20
124.8064
0
VERTEX
8
CUT
10
228.2795
20
124.8883
0
VERTEX
8
CUT
10
228.1337
20
125.0527
0
VERTEX
8
CUT
10
228.0621
20
125.1422
0
VERTEX
8
CUT
10
227.9167
20
125.3438
0
VERTEX
8
CUT
10
227.8843
20
125.3912
0
VERTEX
8
CUT
10
227.8121
20
125.5027
0
VERTEX
8
CUT
10
227.7902
20
125.5347
0
VERTEX
8
CUT
10
227.5762
20
125.8311
0
VERTEX
8
CUT
10
227.5276
20
125.8916
0
VERTEX
8
CUT
10
227.3539
20
126.0866
0
VERTEX
8
CUT
10
227.2995
20
126.1418
0
VERTEX
8
CUT
10
227.1068
20
126.3181
0
VERTEX
8
CUT
10
227.0470
20
126.3675
0
VERTEX
8
CUT
10
226.8374
20
126.5233
0
VERTEX
8
CUT
10
226.7729
20
126.5663
0
VERTEX
8
CUT
10
226.5485
20
126.6999
0
VERTEX
8
CUT
10
226.4799
20
126.7361
0
VERTEX
8
CUT
10
226.2431
20
126.8462
0
VERTEX
8
CUT
10
226.1712
20
126.8752
0
VERTEX
8
CUT
10
225.8225
20
126.9957
0
VERTEX
8
CUT
10
225.7637
20
127.0179
0
VERTEX
8
CUT
10
225.5118
20
127.1209
0
VERTEX
8
CUT
10
225.3984
20
127.1747
0
VERTEX
8
CUT
10
225.1593
20
127.3048
0
VERTEX
8
CUT
10
225.1050
20
127.3363
0
VERTEX
8
CUT
10
221.9324
20
129.2964
0
VERTEX
8
CUT
10
221.9007
20
129.3149
0
VERTEX
8
CUT
10
221.5975
20
129.4825
0
VERTEX
8
CUT
10
221.5316
20
129.5149
0
VERTEX
8
CUT
10
221.2137
20
129.6525
0
VERTEX
8
CUT
10
221.1796
20
129.6662
0
VERTEX
8
CUT
10
221.0003
20
129.7337
0
VERTEX
8
CUT
10
220.9694
20
129.7446
0
VERTEX
8
CUT
10
220.6759
20
129.8409
0
VERTEX
8
CUT
10
220.6129
20
129.8586
0
VERTEX
8
CUT
10
220.3980
20
129.9090
0
VERTEX
8
CUT
10
220.3337
20
129.9212
0
VERTEX
8
CUT
10
220.1152
20
129.9530
0
VERTEX
8
CUT
10
220.0501
20
129.9597
0
VERTEX
8
CUT
10
219.7418
20
129.9776
0
VERTEX
8
CUT
10
219.7090
20
129.9788
0
VERTEX
8
CUT
10
218.7843
20
129.9929
0
VERTEX
8
CUT
10
218.7392
20
129.9922
0
VERTEX
8
CUT
10
218.3145
20
129.9734
0
VERTEX
8
CUT
10
218.2247
20
129.9641
0
VERTEX
8
CUT
10
217.8053
20
129.8951
0
VERTEX
8
CUT
10
217.7610
20
129.8865
0
VERTEX
8
CUT
10
216.9875
20
129.7116
0
VERTEX
8
CUT
10
216.9315
20
129.7004
0
VERTEX
8
CUT
10
216.6879
20
129.6580
0
VERTEX
8
CUT
10
216.5747
20
129.6441
0
VERTEX
8
CUT
10
216.3566
20
129.6284
0
VERTEX
8
CUT
10
216.2425
20
129.6259
0
VERTEX
8
CUT
10
216.0240
20
129.6320
0
VERTEX
8
CUT
10
215.9102
20
129.6409
0
VERTEX
8
CUT
10
215.6934
20
129.6689
0
VERTEX
8
CUT
10
215.5811
20
129.6891
0
VERTEX
8
CUT
10
215.3681
20
129.7386
0
VERTEX
8
CUT
10
215.2584
20
129.7699
0
VERTEX
8
CUT
10
215.0515
20
129.8405
0
VERTEX
8
CUT
10
214.9454
20
129.8827
0
VERTEX
8
CUT
10
214.7466
20
129.9735
0
VERTEX
8
CUT
10
214.6453
20
130.0261
0
VERTEX
8
CUT
10
214.4565
20
130.1364
0
VERTEX
8
CUT
10
214.3610
20
130.1988
0
VERTEX
8
CUT
10
214.1842
20
130.3275
0
VERTEX
8
CUT
10
214.0954
20
130.3991
0
VERTEX
8
CUT
10
213.9324
20
130.5448
0
VERTEX
8
CUT
10
213.8512
20
130.6250
0
VERTEX
8
CUT
10
213.7035
20
130.7862
0
VERTEX
8
CUT
10
213.6308
20
130.8741
0
VERTEX
8
CUT
10
213.5000
20
131.0493
0
VERTEX
8
CUT
10
213.4364
20
131.1441
0
VERTEX
8
CUT
10
213.3238
20
131.3315
0
VERTEX
8
CUT
10
213.2699
20
131.4321
0
VERTEX
8
CUT
10
213.1766
20
131.6298
0
VERTEX
8
CUT
10
213.1331
20
131.7353
0
VERTEX
8
CUT
10
213.0600
20
131.9414
0
VERTEX
8
CUT
10
213.0273
20
132.0507
0
VERTEX
8
CUT
10
212.9752
20
132.2630
0
VERTEX
8
CUT
10
212.9536
20
132.3750
0
VERTEX
8
CUT
10
212.9230
20
132.5915
0
VERTEX
8
CUT
10
212.9127
20
132.7052
0
VERTEX
8
CUT
10
212.9038
20
132.9236
0
VERTEX
8
CUT
10
212.9049
20
133.0377
0
VERTEX
8
CUT
10
212.9180
20
133.2560
0
VERTEX
8
CUT
10
212.9305
20
133.3694
0
VERTEX
8
CUT
10
212.9653
20
133.5852
0
VERTEX
8
CUT
10
212.9836
20
133.6710
0
VERTEX
8
CUT
10
213.7473
20
135.2678
0
VERTEX
8
CUT
10
213.7772
20
135.3258
0
VERTEX
8
CUT
10
213.7940
20
135.3564
0
VERTEX
8
CUT
10
213.8437
20
135.4288
0
VERTEX
8
CUT
10
213.8830
20
135.4826
0
VERTEX
8
CUT
10
214.9844
20
136.9025
0
VERTEX
8
CUT
10
215.0080
20
136.9318
0
VERTEX
8
CUT
10
215.1241
20
137.0718
0
VERTEX
8
CUT
10
215.1487
20
137.1003
0
VERTEX
8
CUT
10
215.1959
20
137.1535
0
VERTEX
8
CUT
10
215.2212
20
137.1811
0
VERTEX
8
CUT
10
215.3457
20
137.3125
0
VERTEX
8
CUT
10
215.3720
20
137.3393
0
VERTEX
8
CUT
10
217.0332
20
138.9803
0
VERTEX
8
CUT
10
217.0448
20
138.9915
0
VERTEX
8
CUT
10
217.0743
20
139.0198
0
VERTEX
8
CUT
10
217.1423
20
139.0801
0
VERTEX
8
CUT
10
217.4157
20
139.3036
0
VERTEX
8
CUT
10
217.4824
20
139.3541
0
VERTEX
8
CUT
10
217.4903
20
139.3597
0
VERTEX
8
CUT
10
217.4982
20
139.3652
0
VERTEX
8
CUT
10
219.5714
20
140.7941
0
VERTEX
8
CUT
10
219.5852
20
140.8034
0
VERTEX
8
CUT
10
219.6200
20
140.8267
0
VERTEX
8
CUT
10
219.6997
20
140.8753
0
VERTEX
8
CUT
10
220.0168
20
141.0514
0
VERTEX
8
CUT
10
220.0935
20
141.0903
0
VERTEX
8
CUT
10
220.1025
20
141.0944
0
VERTEX
8
CUT
10
220.1115
20
141.0985
0
VERTEX
8
CUT
10
222.4544
20
142.1529
0
VERTEX
8
CUT
10
222.4683
20
142.1590
0
VERTEX
8
CUT
10
222.5033
20
142.1742
0
VERTEX
8
CUT
10
222.5215
20
142.1813
0
VERTEX
8
CUT
10
222.5340
20
142.1855
0
VERTEX
8
CUT
10
223.2823
20
142.4198
0
VERTEX
8
CUT
10
225.9196
20
143.1172
0
VERTEX
8
CUT
10
225.9344
20
143.1210
0
VERTEX
8
CUT
10
226.0023
20
143.1380
0
VERTEX
8
CUT
10
226.0243
20
143.1432
0
VERTEX
8
CUT
10
226.0630
20
143.1521
0
VERTEX
8
CUT
10
226.0722
20
143.1542
0
VERTEX
8
CUT
10
226.1206
20
143.1649
0
VERTEX
8
CUT
10
226.1355
20
143.1680
0
VERTEX
8
CUT
10
226.2041
20
143.1822
0
VERTEX
8
CUT
10
226.2262
20
143.1866
0
VERTEX
8
CUT
10
226.2653
20
143.1938
0
VERTEX
8
CUT
10
226.2746
20
143.1955
0
VERTEX
8
CUT
10
231.9679
20
144.2059
0
VERTEX
8
CUT
10
231.9869
20
144.2096
0
VERTEX
8
CUT
10
232.2011
20
144.2532
0
VERTEX
8
CUT
10
232.2388
20
144.2619
0
VERTEX
8
CUT
10
232.4505
20
144.3164
0
VERTEX
8
CUT
10
232.4691
20
144.3215
0
VERTEX
8
CUT
10
233.5382
20
144.6259
0
VERTEX
8
CUT
10
233.5666
20
144.6346
0
VERTEX
8
CUT
10
233.8326
20
144.7217
0
VERTEX
8
CUT
10
233.8882
20
144.7423
0
VERTEX
8
CUT
10
234.1466
20
144.8499
0
VERTEX
8
CUT
10
234.1737
20
144.8619
0
VERTEX
8
CUT
10
235.0904
20
145.2863
0
VERTEX
8
CUT
10
235.1302
20
145.2990
0
VERTEX
8
CUT
10
235.1685
20
145.3124
0
VERTEX
8
CUT
10
235.5265
20
145.4480
0
VERTEX
8
CUT
10
235.6008
20
145.4808
0
VERTEX
8
CUT
10
235.9422
20
145.6539
0
VERTEX
8
CUT
10
235.9779
20
145.6733
0
VERTEX
8
CUT
10
236.1897
20
145.7953
0
VERTEX
8
CUT
10
236.2875
20
145.8406
0
VERTEX
8
CUT
10
236.3228
20
145.8580
0
VERTEX
8
CUT
10
236.6512
20
146.0313
0
VERTEX
8
CUT
10
236.7188
20
146.0716
0
VERTEX
8
CUT
10
237.0274
20
146.2778
0
VERTEX
8
CUT
10
237.0596
20
146.3005
0
VERTEX
8
CUT
10
237.0797
20
146.3155
0
VERTEX
8
CUT
10
237.1807
20
146.3790
0
VERTEX
8
CUT
10
237.2288
20
146.4118
0
VERTEX
8
CUT
10
237.4493
20
146.5752
0
VERTEX
8
CUT
10
237.4724
20
146.5930
0
VERTEX
8
CUT
10
237.7493
20
146.8150
0
VERTEX
8
CUT
10
238.9857
20
147.7374
0
VERTEX
8
CUT
10
239.0089
20
147.7554
0
VERTEX
8
CUT
10
239.2238
20
147.9290
0
VERTEX
8
CUT
10
239.2679
20
147.9675
0
VERTEX
8
CUT
10
239.4551
20
148.1442
0
VERTEX
8
CUT
10
239.5018
20
148.1923
0
VERTEX
8
CUT
10
239.7286
20
148.4479
0
VERTEX
8
CUT
10
239.7759
20
148.5068
0
VERTEX
8
CUT
10
239.9252
20
148.7131
0
VERTEX
8
CUT
10
239.9664
20
148.7765
0
VERTEX
8
CUT
10
240.0944
20
148.9966
0
VERTEX
8
CUT
10
240.1291
20
149.0637
0
VERTEX
8
CUT
10
240.2347
20
149.2955
0
VERTEX
8
CUT
10
240.2626
20
149.3657
0
VERTEX
8
CUT
10
240.3446
20
149.6068
0
VERTEX
8
CUT
10
240.3653
20
149.6795
0
VERTEX
8
CUT
10
240.4230
20
149.9275
0
VERTEX
8
CUT
10
240.4364
20
150.0019
0
VERTEX
8
CUT
10
240.4691
20
150.2544
0
VERTEX
8
CUT
10
240.4751
20
150.3298
0
VERTEX
8
CUT
10
240.4878
20
150.7623
0
VERTEX
8
CUT
10
240.4880
20
150.7652
0
VERTEX
8
CUT
10
240.4913
20
150.8444
0
VERTEX
8
CUT
10
240.5090
20
151.0694
0
VERTEX
8
CUT
10
240.5233
20
151.1812
0
VERTEX
8
CUT
10
240.5615
20
151.3939
0
VERTEX
8
CUT
10
240.5868
20
151.5038
0
VERTEX
8
CUT
10
240.6458
20
151.7117
0
VERTEX
8
CUT
10
240.6819
20
151.8186
0
VERTEX
8
CUT
10
240.7611
20
152.0196
0
VERTEX
8
CUT
10
240.8076
20
152.1224
0
VERTEX
8
CUT
10
240.9062
20
152.3146
0
VERTEX
8
CUT
10
240.9627
20
152.4123
0
VERTEX
8
CUT
10
241.0799
20
152.5938
0
VERTEX
8
CUT
10
241.1456
20
152.6854
0
VERTEX
8
CUT
10
241.2802
20
152.8545
0
VERTEX
8
CUT
10
241.3547
20
152.9391
0
VERTEX
8
CUT
10
241.5054
20
153.0941
0
VERTEX
8
CUT
10
241.5879
20
153.1710
0
VERTEX
8
CUT
10
241.7531
20
153.3103
0
VERTEX
8
CUT
10
241.8428
20
153.3786
0
VERTEX
8
CUT
10
242.0209
20
153.5009
0
VERTEX
8
CUT
10
242.1170
20
153.5601
0
VERTEX
8
CUT
10
242.3063
20
153.6641
0
VERTEX
8
CUT
10
242.4078
20
153.7135
0
VERTEX
8
CUT
10
242.6065
20
153.7984
0
VERTEX
8
CUT
10
242.7123
20
153.8375
0
VERTEX
8
CUT
10
242.9454
20
153.9107
0
VERTEX
8
CUT
10
242.9996
20
153.9263
0
VERTEX
8
CUT
10
243.4212
20
154.0363
0
VERTEX
8
CUT
10
243.4942
20
154.0593
0
VERTEX
8
CUT
10
243.7315
20
154.1475
0
VERTEX
8
CUT
10
243.8011
20
154.1774
0
VERTEX
8
CUT
10
244.0303
20
154.2897
0
VERTEX
8
CUT
10
244.0966
20
154.3264
0
VERTEX
8
CUT
10
244.3135
20
154.4610
0
VERTEX
8
CUT
10
244.3758
20
154.5041
0
VERTEX
8
CUT
10
244.5782
20
154.6596
0
VERTEX
8
CUT
10
244.6359
20
154.7087
0
VERTEX
8
CUT
10
244.8218
20
154.8835
0
VERTEX
8
CUT
10
244.8743
20
154.9381
0
VERTEX
8
CUT
10
245.0419
20
155.1307
0
VERTEX
8
CUT
10
245.0887
20
155.1902
0
VERTEX
8
CUT
10
245.2363
20
155.3985
0
VERTEX
8
CUT
10
245.2770
20
155.4624
0
VERTEX
8
CUT
10
245.4535
20
155.7730
0
VERTEX
8
CUT
10
245.4713
20
155.8064
0
VERTEX
8
CUT
10
246.0099
20
156.8749
0
VERTEX
8
CUT
10
246.0276
20
156.9126
0
VERTEX
8
CUT
10
246.1849
20
157.2725
0
VERTEX
8
CUT
10
246.2140
20
157.3506
0
VERTEX
8
CUT
10
246.3310
20
157.7255
0
VERTEX
8
CUT
10
246.3423
20
157.7656
0
VERTEX
8
CUT
10
246.9723
20
160.2592
0
VERTEX
8
CUT
10
246.9797
20
160.2916
0
VERTEX
8
CUT
10
247.0431
20
160.5987
0
VERTEX
8
CUT
10
247.0537
20
160.6643
0
VERTEX
8
CUT
10
247.0901
20
160.9757
0
VERTEX
8
CUT
10
247.0932
20
161.0088
0
VERTEX
8
CUT
10
247.1810
20
162.2193
0
VERTEX
8
CUT
10
247.1828
20
162.2340
0
VERTEX
8
CUT
10
247.2114
20
162.5153
0
VERTEX
8
CUT
10
247.2151
20
162.5751
0
VERTEX
8
CUT
10
247.2187
20
162.7381
0
VERTEX
8
CUT
10
247.2300
20
162.8934
0
VERTEX
8
CUT
10
247.2314
20
162.9201
0
VERTEX
8
CUT
10
247.2427
20
163.2220
0
VERTEX
8
CUT
10
247.2428
20
163.2755
0
VERTEX
8
CUT
10
247.2328
20
163.5775
0
VERTEX
8
CUT
10
247.2314
20
163.6041
0
VERTEX
8
CUT
10
247.1711
20
164.4861
0
VERTEX
8
CUT
10
247.1674
20
164.5250
0
VERTEX
8
CUT
10
247.1235
20
164.8906
0
VERTEX
8
CUT
10
247.1102
20
164.9675
0
VERTEX
8
CUT
10
247.0522
20
165.2241
0
VERTEX
8
CUT
10
247.0310
20
165.2992
0
VERTEX
8
CUT
10
246.9470
20
165.5485
0
VERTEX
8
CUT
10
246.9182
20
165.6211
0
VERTEX
8
CUT
10
246.7654
20
165.9560
0
VERTEX
8
CUT
10
246.7483
20
165.9911
0
VERTEX
8
CUT
10
246.2769
20
166.8976
0
VERTEX
8
CUT
10
246.2607
20
166.9273
0
VERTEX
8
CUT
10
246.1012
20
167.2033
0
VERTEX
8
CUT
10
246.0647
20
167.2603
0
VERTEX
8
CUT
10
245.9337
20
167.4467
0
VERTEX
8
CUT
10
245.8924
20
167.5002
0
VERTEX
8
CUT
10
245.7396
20
167.6809
0
VERTEX
8
CUT
10
245.6894
20
167.7347
0
VERTEX
8
CUT
10
245.4706
20
167.9477
0
VERTEX
8
CUT
10
245.4107
20
168.0001
0
VERTEX
8
CUT
10
245.2002
20
168.1660
0
VERTEX
8
CUT
10
245.1352
20
168.2119
0
VERTEX
8
CUT
10
244.8266
20
168.4063
0
VERTEX
8
CUT
10
244.7596
20
168.4440
0
VERTEX
8
CUT
10
244.4558
20
168.5950
0
VERTEX
8
CUT
10
244.3877
20
168.6247
0
VERTEX
8
CUT
10
244.1537
20
168.7137
0
VERTEX
8
CUT
10
244.0831
20
168.7367
0
VERTEX
8
CUT
10
243.8415
20
168.8023
0
VERTEX
8
CUT
10
243.7690
20
168.8183
0
VERTEX
8
CUT
10
243.5222
20
168.8601
0
VERTEX
8
CUT
10
243.4484
20
168.8689
0
VERTEX
8
CUT
10
243.1987
20
168.8864
0
VERTEX
8
CUT
10
243.1244
20
168.8879
0
VERTEX
8
CUT
10
242.8742
20
168.8810
0
VERTEX
8
CUT
10
242.8001
20
168.8752
0
VERTEX
8
CUT
10
242.5518
20
168.8439
0
VERTEX
8
CUT
10
242.4786
20
168.8309
0
VERTEX
8
CUT
10
242.2345
20
168.7755
0
VERTEX
8
CUT
10
242.1630
20
168.7555
0
VERTEX
8
CUT
10
241.9255
20
168.6764
0
VERTEX
8
CUT
10
241.8562
20
168.6495
0
VERTEX
8
CUT
10
241.5703
20
168.5221
0
VERTEX
8
CUT
10
241.5010
20
168.4869
0
VERTEX
8
CUT
10
241.1992
20
168.3135
0
VERTEX
8
CUT
10
241.1312
20
168.2694
0
VERTEX
8
CUT
10
240.9102
20
168.1090
0
VERTEX
8
CUT
10
240.8473
20
168.0579
0
VERTEX
8
CUT
10
240.6447
20
167.8748
0
VERTEX
8
CUT
10
240.5875
20
167.8172
0
VERTEX
8
CUT
10
240.3502
20
167.5515
0
VERTEX
8
CUT
10
240.3008
20
167.4901
0
VERTEX
8
CUT
10
240.1056
20
167.2198
0
VERTEX
8
CUT
10
240.0640
20
167.1556
0
VERTEX
8
CUT
10
239.9348
20
166.9324
0
VERTEX
8
CUT
10
239.8999
20
166.8642
0
VERTEX
8
CUT
10
239.7939
20
166.6292
0
VERTEX
8
CUT
10
239.7659
20
166.5579
0
VERTEX
8
CUT
10
239.6841
20
166.3134
0
VERTEX
8
CUT
10
239.6635
20
166.2397
0
VERTEX
8
CUT
10
239.5839
20
165.8876
0
VERTEX
8
CUT
10
239.5764
20
165.8501
0
VERTEX
8
CUT
10
239.4633
20
165.1982
0
VERTEX
8
CUT
10
239.4576
20
165.1596
0
VERTEX
8
CUT
10
239.4134
20
164.7941
0
VERTEX
8
CUT
10
239.4080
20
164.7163
0
VERTEX
8
CUT
10
239.4015
20
164.3483
0
VERTEX
8
CUT
10
239.4018
20
164.3092
0
VERTEX
8
CUT
10
239.4301
20
163.4713
0
VERTEX
8
CUT
10
239.4301
20
163.4279
0
VERTEX
8
CUT
10
239.4335
20
163.3580
0
VERTEX
8
CUT
10
239.4342
20
163.3504
0
VERTEX
8
CUT
10
239.5434
20
160.1138
0
VERTEX
8
CUT
10
239.5439
20
160.0937
0
VERTEX
8
CUT
10
239.5449
20
160.0299
0
VERTEX
8
CUT
10
239.5430
20
159.9437
0
VERTEX
8
CUT
10
239.5239
20
159.6230
0
VERTEX
8
CUT
10
239.5178
20
159.5549
0
VERTEX
8
CUT
10
239.4393
20
158.9010
0
VERTEX
8
CUT
10
239.4335
20
158.8591
0
VERTEX
8
CUT
10
239.4050
20
158.6783
0
VERTEX
8
CUT
10
239.3887
20
158.5954
0
VERTEX
8
CUT
10
239.3469
20
158.4172
0
VERTEX
8
CUT
10
239.3364
20
158.3762
0
VERTEX
8
CUT
10
239.2240
20
157.9663
0
VERTEX
8
CUT
10
239.2076
20
157.8923
0
VERTEX
8
CUT
10
239.1649
20
157.6407
0
VERTEX
8
CUT
10
239.1560
20
157.5654
0
VERTEX
8
CUT
10
239.1386
20
157.3108
0
VERTEX
8
CUT
10
239.1372
20
157.2350
0
VERTEX
8
CUT
10
239.1386
20
157.1920
0
VERTEX
8
CUT
10
239.1389
20
157.1346
0
VERTEX
8
CUT
10
239.1342
20
156.8858
0
VERTEX
8
CUT
10
239.1263
20
156.7713
0
VERTEX
8
CUT
10
239.1000
20
156.5528
0
VERTEX
8
CUT
10
239.0805
20
156.4396
0
VERTEX
8
CUT
10
239.0324
20
156.2249
0
VERTEX
8
CUT
10
239.0017
20
156.1142
0
VERTEX
8
CUT
10
238.9322
20
155.9055
0
VERTEX
8
CUT
10
238.8905
20
155.7985
0
VERTEX
8
CUT
10
238.8003
20
155.5977
0
VERTEX
8
CUT
10
238.7480
20
155.4955
0
VERTEX
8
CUT
10
238.6381
20
155.3048
0
VERTEX
8
CUT
10
238.5759
20
155.2084
0
VERTEX
8
CUT
10
238.4473
20
155.0298
0
VERTEX
8
CUT
10
238.3756
20
154.9400
0
VERTEX
8
CUT
10
238.2298
20
154.7753
0
VERTEX
8
CUT
10
238.1495
20
154.6932
0
VERTEX
8
CUT
10
237.9878
20
154.5440
0
VERTEX
8
CUT
10
237.8996
20
154.4704
0
VERTEX
8
CUT
10
237.7237
20
154.3382
0
VERTEX
8
CUT
10
237.6285
20
154.2739
0
VERTEX
8
CUT
10
237.4402
20
154.1600
0
VERTEX
8
CUT
10
237.3391
20
154.1056
0
VERTEX
8
CUT
10
237.1403
20
154.0113
0
VERTEX
8
CUT
10
237.0342
20
153.9674
0
VERTEX
8
CUT
10
236.8269
20
153.8935
0
VERTEX
8
CUT
10
236.7169
20
153.8605
0
VERTEX
8
CUT
10
236.4753
20
153.8010
0
VERTEX
8
CUT
10
236.4192
20
153.7887
0
VERTEX
8
CUT
10
236.4087
20
153.7866
0
VERTEX
8
CUT
10
236.3352
20
153.7686
0
VERTEX
8
CUT
10
236.0913
20
153.6956
0
VERTEX
8
CUT
10
236.0200
20
153.6704
0
VERTEX
8
CUT
10
235.7845
20
153.5736
0
VERTEX
8
CUT
10
235.7161
20
153.5414
0
VERTEX
8
CUT
10
235.6735
20
153.5187
0
VERTEX
8
CUT
10
235.5191
20
153.4485
0
VERTEX
8
CUT
10
235.4529
20
153.4144
0
VERTEX
8
CUT
10
235.1210
20
153.2224
0
VERTEX
8
CUT
10
235.0592
20
153.1898
0
VERTEX
8
CUT
10
235.0532
20
153.1866
0
VERTEX
8
CUT
10
234.7790
20
153.0388
0
VERTEX
8
CUT
10
234.7026
20
153.0012
0
VERTEX
8
CUT
10
234.6869
20
152.9943
0
VERTEX
8
CUT
10
234.6768
20
152.9898
0
VERTEX
8
CUT
10
233.8334
20
152.6233
0
VERTEX
8
CUT
10
233.8151
20
152.6155
0
VERTEX
8
CUT
10
233.7474
20
152.5875
0
VERTEX
8
CUT
10
233.6862
20
152.5642
0
VERTEX
8
CUT
10
233.5040
20
152.5008
0
VERTEX
8
CUT
10
233.4152
20
152.4739
0
VERTEX
8
CUT
10
233.2266
20
152.4250
0
VERTEX
8
CUT
10
233.1719
20
152.4122
0
VERTEX
8
CUT
10
233.1375
20
152.4051
0
VERTEX
8
CUT
10
233.1259
20
152.4028
0
VERTEX
8
CUT
10
232.6671
20
152.3127
0
VERTEX
8
CUT
10
232.0562
20
152.2480
0
VERTEX
8
CUT
10
232.0051
20
152.2438
0
VERTEX
8
CUT
10
231.7831
20
152.2304
0
VERTEX
8
CUT
10
231.6804
20
152.2288
0
VERTEX
8
CUT
10
231.4838
20
152.2347
0
VERTEX
8
CUT
10
231.3815
20
152.2423
0
VERTEX
8
CUT
10
231.1862
20
152.2658
0
VERTEX
8
CUT
10
231.0849
20
152.2827
0
VERTEX
8
CUT
10
230.8674
20
152.3290
0
VERTEX
8
CUT
10
230.8175
20
152.3408
0
VERTEX
8
CUT
10
230.3530
20
152.4619
0
VERTEX
8
CUT
10
230.2986
20
152.4775
0
VERTEX
8
CUT
10
230.0648
20
152.5510
0
VERTEX
8
CUT
10
229.9587
20
152.5903
0
VERTEX
8
CUT
10
229.7593
20
152.6755
0
VERTEX
8
CUT
10
229.6576
20
152.7251
0
VERTEX
8
CUT
10
229.4676
20
152.8296
0
VERTEX
8
CUT
10
229.3713
20
152.8891
0
VERTEX
8
CUT
10
229.1927
20
153.0119
0
VERTEX
8
CUT
10
229.1685
20
153.0304
0
VERTEX
8
CUT
10
229.0989
20
153.0866
0
VERTEX
8
CUT
10
228.9430
20
153.2252
0
VERTEX
8
CUT
10
228.8652
20
153.3013
0
VERTEX
8
CUT
10
228.7233
20
153.4541
0
VERTEX
8
CUT
10
228.6531
20
153.5373
0
VERTEX
8
CUT
10
228.5264
20
153.7030
0
VERTEX
8
CUT
10
228.4645
20
153.7925
0
VERTEX
8
CUT
10
228.3542
20
153.9695
0
VERTEX
8
CUT
10
228.3011
20
154.0645
0
VERTEX
8
CUT
10
228.2081
20
154.2513
0
VERTEX
8
CUT
10
228.1643
20
154.3509
0
VERTEX
8
CUT
10
228.0896
20
154.5456
0
VERTEX
8
CUT
10
228.0555
20
154.6490
0
VERTEX
8
CUT
10
227.9997
20
154.8500
0
VERTEX
8
CUT
10
227.9756
20
154.9561
0
VERTEX
8
CUT
10
227.9393
20
155.1615
0
VERTEX
8
CUT
10
227.9254
20
155.2695
0
VERTEX
8
CUT
10
227.9088
20
155.4774
0
VERTEX
8
CUT
10
227.9054
20
155.5862
0
VERTEX
8
CUT
10
227.9086
20
155.7947
0
VERTEX
8
CUT
10
227.9156
20
155.9033
0
VERTEX
8
CUT
10
227.9387
20
156.1106
0
VERTEX
8
CUT
10
227.9560
20
156.2181
0
VERTEX
8
CUT
10
227.9988
20
156.4222
0
VERTEX
8
CUT
10
228.0263
20
156.5276
0
VERTEX
8
CUT
10
228.0965
20
156.7527
0
VERTEX
8
CUT
10
228.1140
20
156.8043
0
VERTEX
8
CUT
10
229.2149
20
159.8185
0
VERTEX
8
CUT
10
229.2282
20
159.8582
0
VERTEX
8
CUT
10
229.3431
20
160.2361
0
VERTEX
8
CUT
10
229.3630
20
160.3175
0
VERTEX
8
CUT
10
229.4355
20
160.7057
0
VERTEX
8
CUT
10
229.4421
20
160.7471
0
VERTEX
8
CUT
10
229.4575
20
160.8656
0
VERTEX
8
CUT
10
229.4616
20
160.9054
0
VERTEX
8
CUT
10
229.4906
20
161.2813
0
VERTEX
8
CUT
10
229.4926
20
161.3612
0
VERTEX
8
CUT
10
229.4819
20
161.7381
0
VERTEX
8
CUT
10
229.4797
20
161.7780
0
VERTEX
8
CUT
10
229.4755
20
161.8298
0
VERTEX
8
CUT
10
229.4720
20
161.8638
0
VERTEX
8
CUT
10
229.4316
20
162.1831
0
VERTEX
8
CUT
10
229.4200
20
162.2504
0
VERTEX
8
CUT
10
229.3944
20
162.3671
0
VERTEX
8
CUT
10
229.3932
20
162.3750
0
VERTEX
8
CUT
10
229.3455
20
162.6123
0
VERTEX
8
CUT
10
229.3280
20
162.6819
0
VERTEX
8
CUT
10
229.2302
20
163.0061
0
VERTEX
8
CUT
10
229.2190
20
163.0403
0
VERTEX
8
CUT
10
228.9725
20
163.7367
0
VERTEX
8
CUT
10
228.9585
20
163.7732
0
VERTEX
8
CUT
10
228.8180
20
164.1134
0
VERTEX
8
CUT
10
228.7845
20
164.1839
0
VERTEX
8
CUT
10
228.6598
20
164.4154
0
VERTEX
8
CUT
10
228.6192
20
164.4821
0
VERTEX
8
CUT
10
228.4123
20
164.7865
0
VERTEX
8
CUT
10
228.3895
20
164.8182
0
VERTEX
8
CUT
10
227.0176
20
166.6282
0
VERTEX
8
CUT
10
226.8953
20
166.7930
0
VERTEX
8
CUT
10
226.8863
20
166.8051
0
VERTEX
8
CUT
10
226.8534
20
166.8494
0
VERTEX
8
CUT
10
226.7331
20
167.0113
0
VERTEX
8
CUT
10
226.7180
20
167.0338
0
VERTEX
8
CUT
10
226.5236
20
167.3512
0
VERTEX
8
CUT
10
226.4805
20
167.4282
0
VERTEX
8
CUT
10
226.4758
20
167.4373
0
VERTEX
8
CUT
10
226.4713
20
167.4463
0
VERTEX
8
CUT
10
225.7267
20
168.9369
0
VERTEX
8
CUT
10
225.7016
20
168.9906
0
VERTEX
8
CUT
10
225.5990
20
169.2259
0
VERTEX
8
CUT
10
225.5574
20
169.3368
0
VERTEX
8
CUT
10
225.4887
20
169.5531
0
VERTEX
8
CUT
10
225.4588
20
169.6677
0
VERTEX
8
CUT
10
225.4070
20
169.9191
0
VERTEX
8
CUT
10
225.3965
20
169.9774
0
VERTEX
8
CUT
10
225.1382
20
171.6721
0
VERTEX
8
CUT
10
225.1321
20
171.7186
0
VERTEX
8
CUT
10
225.1098
20
171.9203
0
VERTEX
8
CUT
10
225.1033
20
172.0137
0
VERTEX
8
CUT
10
225.0983
20
172.1931
0
VERTEX
8
CUT
10
225.0995
20
172.2868
0
VERTEX
8
CUT
10
225.1105
20
172.4894
0
VERTEX
8
CUT
10
225.1140
20
172.5361
0
VERTEX
8
CUT
10
225.2559
20
174.0209
0
VERTEX
8
CUT
10
225.2621
20
174.0728
0
VERTEX
8
CUT
10
225.2939
20
174.2969
0
VERTEX
8
CUT
10
225.3134
20
174.3996
0
VERTEX
8
CUT
10
225.3595
20
174.5943
0
VERTEX
8
CUT
10
225.3883
20
174.6948
0
VERTEX
8
CUT
10
225.4605
20
174.9093
0
VERTEX
8
CUT
10
225.4782
20
174.9584
0
VERTEX
8
CUT
10
226.1158
20
176.6004
0
VERTEX
8
CUT
10
226.1360
20
176.6491
0
VERTEX
8
CUT
10
226.2284
20
176.8579
0
VERTEX
8
CUT
10
226.2755
20
176.9523
0
VERTEX
8
CUT
10
226.3740
20
177.1286
0
VERTEX
8
CUT
10
226.4296
20
177.2182
0
VERTEX
8
CUT
10
226.5589
20
177.4065
0
VERTEX
8
CUT
10
226.5897
20
177.4493
0
VERTEX
8
CUT
10
227.6837
20
178.8944
0
VERTEX
8
CUT
10
227.7144
20
178.9332
0
VERTEX
8
CUT
10
227.8508
20
179.0981
0
VERTEX
8
CUT
10
227.9171
20
179.1714
0
VERTEX
8
CUT
10
228.0499
20
179.3063
0
VERTEX
8
CUT
10
228.1223
20
179.3736
0
VERTEX
8
CUT
10
228.2851
20
179.5124
0
VERTEX
8
CUT
10
228.3234
20
179.5437
0
VERTEX
8
CUT
10
230.0329
20
180.8778
0
VERTEX
8
CUT
10
230.0452
20
180.8873
0
VERTEX
8
CUT
10
230.0766
20
180.9111
0
VERTEX
8
CUT
10
230.1483
20
180.9614
0
VERTEX
8
CUT
10
230.4346
20
181.1457
0
VERTEX
8
CUT
10
230.5039
20
181.1869
0
VERTEX
8
CUT
10
230.5121
20
181.1914
0
VERTEX
8
CUT
10
230.5202
20
181.1958
0
VERTEX
8
CUT
10
233.1162
20
182.5914
0
VERTEX
8
CUT
10
233.1436
20
182.6068
0
VERTEX
8
CUT
10
233.3989
20
182.7580
0
VERTEX
8
CUT
10
233.4516
20
182.7923
0
VERTEX
8
CUT
10
233.6246
20
182.9151
0
VERTEX
8
CUT
10
233.6743
20
182.9536
0
VERTEX
8
CUT
10
233.9012
20
183.1448
0
VERTEX
8
CUT
10
233.9248
20
183.1656
0
VERTEX
8
CUT
10
234.2592
20
183.4720
0
VERTEX
8
CUT
10
234.2840
20
183.4957
0
VERTEX
8
CUT
10
234.5122
20
183.7246
0
VERTEX
8
CUT
10
234.5584
20
183.7753
0
VERTEX
8
CUT
10
234.7061
20
183.9528
0
VERTEX
8
CUT
10
234.7475
20
184.0075
0
VERTEX
8
CUT
10
234.8786
20
184.1976
0
VERTEX
8
CUT
10
234.9149
20
184.2558
0
VERTEX
8
CUT
10
235.0736
20
184.5373
0
VERTEX
8
CUT
10
235.0898
20
184.5676
0
VERTEX
8
CUT
10
235.0910
20
184.5700
0
VERTEX
8
CUT
10
235.1091
20
184.6084
0
VERTEX
8
CUT
10
235.2694
20
184.9748
0
VERTEX
8
CUT
10
235.2990
20
185.0543
0
VERTEX
8
CUT
10
235.3836
20
185.3271
0
VERTEX
8
CUT
10
235.4041
20
185.4094
0
VERTEX
8
CUT
10
235.4792
20
185.8021
0
VERTEX
8
CUT
10
235.4861
20
185.8440
0
VERTEX
8
CUT
10
235.5385
20
186.2353
0
VERTEX
8
CUT
10
235.5431
20
186.2799
0
VERTEX
8
CUT
10
235.5744
20
186.7008
0
VERTEX
8
CUT
10
235.5758
20
186.7903
0
VERTEX
8
CUT
10
235.5574
20
187.2120
0
VERTEX
8
CUT
10
235.5541
20
187.2566
0
VERTEX
8
CUT
10
235.5404
20
187.3899
0
VERTEX
8
CUT
10
235.5350
20
187.4310
0
VERTEX
8
CUT
10
235.4738
20
187.8172
0
VERTEX
8
CUT
10
235.4563
20
187.8983
0
VERTEX
8
CUT
10
235.3828
20
188.1677
0
VERTEX
8
CUT
10
235.3567
20
188.2464
0
VERTEX
8
CUT
10
235.2274
20
188.5742
0
VERTEX
8
CUT
10
235.1976
20
188.6404
0
VERTEX
8
CUT
10
235.0873
20
188.8568
0
VERTEX
8
CUT
10
235.0567
20
188.9112
0
VERTEX
8
CUT
10
234.9463
20
189.0900
0
VERTEX
8
CUT
10
234.9113
20
189.1417
0
VERTEX
8
CUT
10
234.7603
20
189.3466
0
VERTEX
8
CUT
10
234.7191
20
189.3976
0
VERTEX
8
CUT
10
234.5288
20
189.6139
0
VERTEX
8
CUT
10
234.4811
20
189.6634
0
VERTEX
8
CUT
10
234.3131
20
189.8227
0
VERTEX
8
CUT
10
234.2611
20
189.8676
0
VERTEX
8
CUT
10
234.0068
20
190.0684
0
VERTEX
8
CUT
10
233.9794
20
190.0890
0
VERTEX
8
CUT
10
233.7970
20
190.2201
0
VERTEX
8
CUT
10
233.7629
20
190.2432
0
VERTEX
8
CUT
10
233.4355
20
190.4525
0
VERTEX
8
CUT
10
233.3638
20
190.4931
0
VERTEX
8
CUT
10
233.1151
20
190.6164
0
VERTEX
8
CUT
10
233.0394
20
190.6489
0
VERTEX
8
CUT
10
232.7789
20
190.7445
0
VERTEX
8
CUT
10
232.7001
20
190.7687
0
VERTEX
8
CUT
10
232.3230
20
190.8623
0
VERTEX
8
CUT
10
232.2828
20
190.8711
0
VERTEX
8
CUT
10
232.0493
20
190.9158
0
VERTEX
8
CUT
10
232.0078
20
190.9225
0
VERTEX
8
CUT
10
231.6153
20
190.9753
0
VERTEX
8
CUT
10
231.5315
20
190.9819
0
VERTEX
8
CUT
10
231.2487
20
190.9885
0
VERTEX
8
CUT
10
231.1647
20
190.9858
0
VERTEX
8
CUT
10
230.7703
20
190.9512
0
VERTEX
8
CUT
10
230.7285
20
190.9463
0
VERTEX
8
CUT
10
229.5286
20
190.7738
0
VERTEX
8
CUT
10
229.4987
20
190.7689
0
VERTEX
8
CUT
10
229.2170
20
190.7168
0
VERTEX
8
CUT
10
229.1578
20
190.7034
0
VERTEX
8
CUT
10
228.8812
20
190.6291
0
VERTEX
8
CUT
10
228.8520
20
190.6206
0
VERTEX
8
CUT
10
225.2932
20
189.5094
0
VERTEX
8
CUT
10
225.2749
20
189.5038
0
VERTEX
8
CUT
10
225.1882
20
189.4784
0
VERTEX
8
CUT
10
225.1596
20
189.4704
0
VERTEX
8
CUT
10
225.1144
20
189.4584
0
VERTEX
8
CUT
10
225.1042
20
189.4557
0
VERTEX
8
CUT
10
225.0435
20
189.4401
0
VERTEX
8
CUT
10
225.0249
20
189.4355
0
VERTEX
8
CUT
10
224.9370
20
189.4146
0
VERTEX
8
CUT
10
224.9081
20
189.4081
0
VERTEX
8
CUT
10
224.8623
20
189.3985
0
VERTEX
8
CUT
10
224.8520
20
189.3963
0
VERTEX
8
CUT
10
221.7302
20
188.7679
0
VERTEX
8
CUT
10
221.7097
20
188.7640
0
VERTEX
8
CUT
10
221.6447
20
188.7521
0
VERTEX
8
CUT
10
221.5556
20
188.7395
0
VERTEX
8
CUT
10
221.2223
20
188.7056
0
VERTEX
8
CUT
10
221.1511
20
188.7006
0
VERTEX
8
CUT
10
215.9217
20
188.4974
0
VERTEX
8
CUT
10
215.8887
20
188.4966
0
VERTEX
8
CUT
10
215.7291
20
188.4950
0
VERTEX
8
CUT
10
215.6961
20
188.4952
0
VERTEX
8
CUT
10
215.6333
20
188.4964
0
VERTEX
8
CUT
10
215.6004
20
188.4975
0
VERTEX
8
CUT
10
215.4414
20
188.5051
0
VERTEX
8
CUT
10
215.4085
20
188.5072
0
VERTEX
8
CUT
10
214.9323
20
188.5439
0
VERTEX
8
CUT
10
214.8545
20
188.5459
0
VERTEX
8
CUT
10
214.7769
20
188.5399
0
VERTEX
8
CUT
10
214.7003
20
188.5260
0
VERTEX
8
CUT
10
214.6255
20
188.5044
0
VERTEX
8
CUT
10
214.5533
20
188.4752
0
VERTEX
8
CUT
10
214.4845
20
188.4388
0
VERTEX
8
CUT
10
214.4523
20
188.4196
0
VERTEX
8
CUT
10
214.3547
20
188.3676
0
VERTEX
8
CUT
10
214.1646
20
188.2779
0
VERTEX
8
CUT
10
214.0631
20
188.2359
0
VERTEX
8
CUT
10
213.8649
20
188.1648
0
VERTEX
8
CUT
10
213.7598
20
188.1327
0
VERTEX
8
CUT
10
213.5557
20
188.0811
0
VERTEX
8
CUT
10
213.4480
20
188.0593
0
VERTEX
8
CUT
10
213.2399
20
188.0275
0
VERTEX
8
CUT
10
213.1306
20
188.0162
0
VERTEX
8
CUT
10
212.9204
20
188.0046
0
VERTEX
8
CUT
10
212.8105
20
188.0038
0
VERTEX
8
CUT
10
212.6001
20
188.0125
0
VERTEX
8
CUT
10
212.4907
20
188.0223
0
VERTEX
8
CUT
10
212.2821
20
188.0513
0
VERTEX
8
CUT
10
212.1742
20
188.0716
0
VERTEX
8
CUT
10
211.9694
20
188.1205
0
VERTEX
8
CUT
10
211.8638
20
188.1511
0
VERTEX
8
CUT
10
211.6647
20
188.2194
0
VERTEX
8
CUT
10
211.5626
20
188.2601
0
VERTEX
8
CUT
10
211.3710
20
188.3473
0
VERTEX
8
CUT
10
211.2733
20
188.3976
0
VERTEX
8
CUT
10
211.0910
20
188.5029
0
VERTEX
8
CUT
10
210.9986
20
188.5623
0
VERTEX
8
CUT
10
210.8131
20
188.6948
0
VERTEX
8
CUT
10
210.7263
20
188.7633
0
VERTEX
8
CUT
10
210.6379
20
188.8404
0
VERTEX
8
CUT
10
210.5791
20
188.8867
0
VERTEX
8
CUT
10
210.5125
20
188.9341
0
VERTEX
8
CUT
10
210.4783
20
188.9571
0
VERTEX
8
CUT
10
210.2176
20
189.1220
0
VERTEX
8
CUT
10
210.1487
20
189.1608
0
VERTEX
8
CUT
10
209.9102
20
189.2790
0
VERTEX
8
CUT
10
209.8376
20
189.3104
0
VERTEX
8
CUT
10
209.4884
20
189.4403
0
VERTEX
8
CUT
10
209.4510
20
189.4531
0
VERTEX
8
CUT
10
208.0270
20
189.8999
0
VERTEX
8
CUT
10
207.9923
20
189.9114
0
VERTEX
8
CUT
10
207.8254
20
189.9697
0
VERTEX
8
CUT
10
207.7911
20
189.9823
0
VERTEX
8
CUT
10
207.7260
20
190.0074
0
VERTEX
8
CUT
10
207.6921
20
190.0211
0
VERTEX
8
CUT
10
207.5294
20
190.0900
0
VERTEX
8
CUT
10
207.4959
20
190.1047
0
VERTEX
8
CUT
10
203.7290
20
191.8431
0
VERTEX
8
CUT
10
203.6912
20
191.8614
0
VERTEX
8
CUT
10
203.5103
20
191.9530
0
VERTEX
8
CUT
10
203.4733
20
191.9727
0
VERTEX
8
CUT
10
203.4033
20
192.0114
0
VERTEX
8
CUT
10
203.3670
20
192.0325
0
VERTEX
8
CUT
10
203.1934
20
192.1372
0
VERTEX
8
CUT
10
203.1579
20
192.1595
0
VERTEX
8
CUT
10
200.6046
20
193.8308
0
VERTEX
8
CUT
10
200.5728
20
193.8524
0
VERTEX
8
CUT
10
200.5443
20
193.8724
0
VERTEX
8
CUT
10
200.2010
20
194.1525
0
VERTEX
8
CUT
10
200.1276
20
194.2123
0
VERTEX
8
CUT
10
199.9932
20
194.3220
0
VERTEX
8
CUT
10
199.7173
20
194.5471
0
VERTEX
8
CUT
10
197.5785
20
196.4023
0
VERTEX
8
CUT
10
197.5526
20
196.4255
0
VERTEX
8
CUT
10
197.4291
20
196.5394
0
VERTEX
8
CUT
10
197.4039
20
196.5633
0
VERTEX
8
CUT
10
197.3565
20
196.6098
0
VERTEX
8
CUT
10
197.3321
20
196.6345
0
VERTEX
8
CUT
10
197.2158
20
196.7557
0
VERTEX
8
CUT
10
197.1921
20
196.7811
0
VERTEX
8
CUT
10
193.1193
20
201.2928
0
VERTEX
8
CUT
10
193.0972
20
201.3181
0
VERTEX
8
CUT
10
192.9921
20
201.4415
0
VERTEX
8
CUT
10
192.9708
20
201.4674
0
VERTEX
8
CUT
10
192.9307
20
201.5173
0
VERTEX
8
CUT
10
192.9102
20
201.5438
0
VERTEX
8
CUT
10
192.8126
20
201.6732
0
VERTEX
8
CUT
10
192.7928
20
201.7003
0
VERTEX
8
CUT
10
187.4816
20
209.1929
0
VERTEX
8
CUT
10
186.1341
20
211.1230
0
VERTEX
8
CUT
10
185.8676
20
211.5282
0
VERTEX
8
CUT
10
185.8577
20
211.5428
0
VERTEX
8
CUT
10
185.7442
20
211.7069
0
VERTEX
8
CUT
10
185.7235
20
211.7355
0
VERTEX
8
CUT
10
185.6025
20
211.8941
0
VERTEX
8
CUT
10
185.5916
20
211.9080
0
VERTEX
8
CUT
10
185.2880
20
212.2876
0
VERTEX
8
CUT
10
184.3733
20
213.5779
0
VERTEX
8
CUT
10
184.3612
20
213.5945
0
VERTEX
8
CUT
10
184.2218
20
213.7803
0
VERTEX
8
CUT
10
184.1963
20
213.8124
0
VERTEX
8
CUT
10
184.0471
20
213.9904
0
VERTEX
8
CUT
10
184.0337
20
214.0060
0
VERTEX
8
CUT
10
182.0111
20
216.2900
0
VERTEX
8
CUT
10
182.0020
20
216.3000
0
VERTEX
8
CUT
10
181.8903
20
216.4218
0
VERTEX
8
CUT
10
181.8706
20
216.4425
0
VERTEX
8
CUT
10
181.7641
20
216.5501
0
VERTEX
8
CUT
10
181.7542
20
216.5599
0
VERTEX
8
CUT
10
179.3166
20
218.9344
0
VERTEX
8
CUT
10
179.2899
20
218.9591
0
VERTEX
8
CUT
10
179.0332
20
219.1863
0
VERTEX
8
CUT
10
178.9765
20
219.2318
0
VERTEX
8
CUT
10
178.7784
20
219.3759
0
VERTEX
8
CUT
10
178.7176
20
219.4158
0
VERTEX
8
CUT
10
178.5066
20
219.5402
0
VERTEX
8
CUT
10
178.4423
20
219.5741
0
VERTEX
8
CUT
10
178.2204
20
219.6779
0
VERTEX
8
CUT
10
178.1531
20
219.7055
0
VERTEX
8
CUT
10
177.9223
20
219.7875
0
VERTEX
8
CUT
10
177.8527
20
219.8086
0
VERTEX
8
CUT
10
177.6152
20
219.8682
0
VERTEX
8
CUT
10
177.5439
20
219.8825
0
VERTEX
8
CUT
10
177.3017
20
219.9191
0
VERTEX
8
CUT
10
177.2294
20
219.9265
0
VERTEX
8
CUT
10
176.9848
20
219.9399
0
VERTEX
8
CUT
10
176.9121
20
219.9403
0
VERTEX
8
CUT
10
176.6673
20
219.9302
0
VERTEX
8
CUT
10
176.5949
20
219.9238
0
VERTEX
8
CUT
10
176.3522
20
219.8903
0
VERTEX
8
CUT
10
176.2808
20
219.8769
0
VERTEX
8
CUT
10
176.0424
20
219.8205
0
VERTEX
8
CUT
10
175.9726
20
219.8003
0
VERTEX
8
CUT
10
175.7407
20
219.7213
0
VERTEX
8
CUT
10
175.7066
20
219.7088
0
VERTEX
8
CUT
10
175.6898
20
219.7022
0
VERTEX
8
CUT
10
175.4467
20
219.6060
0
VERTEX
8
CUT
10
175.3444
20
219.5711
0
VERTEX
8
CUT
10
175.1452
20
219.5134
0
VERTEX
8
CUT
10
175.0400
20
219.4883
0
VERTEX
8
CUT
10
174.8363
20
219.4498
0
VERTEX
8
CUT
10
174.7292
20
219.4348
0
VERTEX
8
CUT
10
174.5228
20
219.4158
0
VERTEX
8
CUT
10
174.4147
20
219.4110
0
VERTEX
8
CUT
10
174.2074
20
219.4117
0
VERTEX
8
CUT
10
174.0993
20
219.4172
0
VERTEX
8
CUT
10
173.8930
20
219.4375
0
VERTEX
8
CUT
10
173.7860
20
219.4532
0
VERTEX
8
CUT
10
173.5826
20
219.4930
0
VERTEX
8
CUT
10
173.4775
20
219.5187
0
VERTEX
8
CUT
10
173.2787
20
219.5776
0
VERTEX
8
CUT
10
173.1766
20
219.6132
0
VERTEX
8
CUT
10
172.9843
20
219.6907
0
VERTEX
8
CUT
10
172.8860
20
219.7359
0
VERTEX
8
CUT
10
172.7019
20
219.8312
0
VERTEX
8
CUT
10
172.6084
20
219.8855
0
VERTEX
8
CUT
10
172.4114
20
220.0125
0
VERTEX
8
CUT
10
172.3666
20
220.0429
0
VERTEX
8
CUT
10
169.9490
20
221.7703
0
VERTEX
8
CUT
10
169.8942
20
221.8119
0
VERTEX
8
CUT
10
169.6627
20
221.9995
0
VERTEX
8
CUT
10
169.5612
20
222.0923
0
VERTEX
8
CUT
10
169.3540
20
222.3064
0
VERTEX
8
CUT
10
169.3076
20
222.3572
0
VERTEX
8
CUT
10
168.5444
20
223.2471
0
VERTEX
8
CUT
10
168.5310
20
223.2630
0
VERTEX
8
CUT
10
168.4891
20
223.3137
0
VERTEX
8
CUT
10
168.4348
20
223.3850
0
VERTEX
8
CUT
10
168.2432
20
223.6579
0
VERTEX
8
CUT
10
168.2042
20
223.7172
0
VERTEX
8
CUT
10
165.2268
20
228.5753
0
VERTEX
8
CUT
10
165.2087
20
228.6034
0
VERTEX
8
CUT
10
165.0325
20
228.8645
0
VERTEX
8
CUT
10
164.9927
20
228.9182
0
VERTEX
8
CUT
10
164.8509
20
229.0930
0
VERTEX
8
CUT
10
164.8065
20
229.1429
0
VERTEX
8
CUT
10
164.5873
20
229.3691
0
VERTEX
8
CUT
10
164.5636
20
229.3926
0
VERTEX
8
CUT
10
164.1615
20
229.7726
0
VERTEX
8
CUT
10
164.1462
20
229.7867
0
VERTEX
8
CUT
10
163.9706
20
229.9438
0
VERTEX
8
CUT
10
163.9388
20
229.9707
0
VERTEX
8
CUT
10
163.7548
20
230.1179
0
VERTEX
8
CUT
10
163.7383
20
230.1307
0
VERTEX
8
CUT
10
159.5813
20
233.2745
0
VERTEX
8
CUT
10
159.5684
20
233.2844
0
VERTEX
8
CUT
10
159.5094
20
233.3303
0
VERTEX
8
CUT
10
159.4906
20
233.3453
0
VERTEX
8
CUT
10
159.4577
20
233.3721
0
VERTEX
8
CUT
10
159.4499
20
233.3785
0
VERTEX
8
CUT
10
159.4092
20
233.4122
0
VERTEX
8
CUT
10
159.3968
20
233.4226
0
VERTEX
8
CUT
10
159.3399
20
233.4711
0
VERTEX
8
CUT
10
159.3217
20
233.4870
0
VERTEX
8
CUT
10
159.2900
20
233.5152
0
VERTEX
8
CUT
10
159.2826
20
233.5219
0
VERTEX
8
CUT
10
156.8996
20
235.6799
0
VERTEX
8
CUT
10
156.8864
20
235.6921
0
VERTEX
8
CUT
10
156.8243
20
235.7501
0
VERTEX
8
CUT
10
156.8042
20
235.7694
0
VERTEX
8
CUT
10
156.7728
20
235.8002
0
VERTEX
8
CUT
10
156.7658
20
235.8072
0
VERTEX
8
CUT
10
156.7240
20
235.8489
0
VERTEX
8
CUT
10
156.7114
20
235.8617
0
VERTEX
8
CUT
10
156.6522
20
235.9226
0
VERTEX
8
CUT
10
156.6331
20
235.9429
0
VERTEX
8
CUT
10
156.6032
20
235.9752
0
VERTEX
8
CUT
10
156.5966
20
235.9825
0
VERTEX
8
CUT
10
154.6563
20
238.1198
0
VERTEX
8
CUT
10
154.6429
20
238.1348
0
VERTEX
8
CUT
10
154.5801
20
238.2065
0
VERTEX
8
CUT
10
154.5599
20
238.2303
0
VERTEX
8
CUT
10
154.5284
20
238.2682
0
VERTEX
8
CUT
10
154.5214
20
238.2768
0
VERTEX
8
CUT
10
154.4797
20
238.3281
0
VERTEX
8
CUT
10
154.4671
20
238.3439
0
VERTEX
8
CUT
10
154.4083
20
238.4189
0
VERTEX
8
CUT
10
154.3894
20
238.4437
0
VERTEX
8
CUT
10
154.3601
20
238.4834
0
VERTEX
8
CUT
10
154.3535
20
238.4923
0
VERTEX
8
CUT
10
152.8118
20
240.6181
0
VERTEX
8
CUT
10
152.7931
20
240.6445
0
VERTEX
8
CUT
10
152.7050
20
240.7735
0
VERTEX
8
CUT
10
152.6872
20
240.8005
0
VERTEX
8
CUT
10
152.6538
20
240.8525
0
VERTEX
8
CUT
10
152.6367
20
240.8799
0
VERTEX
8
CUT
10
152.5561
20
241.0138
0
VERTEX
8
CUT
10
152.5398
20
241.0417
0
VERTEX
8
CUT
10
151.3278
20
243.1881
0
VERTEX
8
CUT
10
151.3089
20
243.2229
0
VERTEX
8
CUT
10
151.2206
20
243.3928
0
VERTEX
8
CUT
10
151.2030
20
243.4283
0
VERTEX
8
CUT
10
151.1705
20
243.4965
0
VERTEX
8
CUT
10
151.1541
20
243.5326
0
VERTEX
8
CUT
10
151.0778
20
243.7082
0
VERTEX
8
CUT
10
151.0626
20
243.7448
0
VERTEX
8
CUT
10
150.2680
20
245.7637
0
VERTEX
8
CUT
10
150.2536
20
245.8021
0
VERTEX
8
CUT
10
150.1877
20
245.9891
0
VERTEX
8
CUT
10
150.1748
20
246.0280
0
VERTEX
8
CUT
10
150.1514
20
246.1026
0
VERTEX
8
CUT
10
150.1399
20
246.1420
0
VERTEX
8
CUT
10
150.0876
20
246.3332
0
VERTEX
8
CUT
10
150.0775
20
246.3730
0
VERTEX
8
CUT
10
149.5836
20
248.4722
0
VERTEX
8
CUT
10
149.5791
20
248.4923
0
VERTEX
8
CUT
10
149.5652
20
248.5563
0
VERTEX
8
CUT
10
149.5498
20
248.6439
0
VERTEX
8
CUT
10
149.5053
20
248.9722
0
VERTEX
8
CUT
10
149.4980
20
249.0423
0
VERTEX
8
CUT
10
149.3439
20
251.1478
0
VERTEX
8
CUT
10
149.3417
20
251.1876
0
VERTEX
8
CUT
10
149.3343
20
251.3804
0
VERTEX
8
CUT
10
149.3335
20
251.4203
0
VERTEX
8
CUT
10
149.3333
20
251.4958
0
VERTEX
8
CUT
10
149.3339
20
251.5355
0
VERTEX
8
CUT
10
149.3400
20
251.7276
0
VERTEX
8
CUT
10
149.3420
20
251.7673
0
VERTEX
8
CUT
10
149.4440
20
253.2936
0
VERTEX
8
CUT
10
149.4453
20
253.3105
0
VERTEX
8
CUT
10
149.4487
20
253.3531
0
VERTEX
8
CUT
10
149.4605
20
253.4477
0
VERTEX
8
CUT
10
149.5214
20
253.8129
0
VERTEX
8
CUT
10
149.5391
20
253.8988
0
VERTEX
8
CUT
10
149.5416
20
253.9086
0
VERTEX
8
CUT
10
149.5440
20
253.9184
0
VERTEX
8
CUT
10
150.0702
20
255.9696
0
VERTEX
8
CUT
10
150.0830
20
256.0156
0
VERTEX
8
CUT
10
150.1427
20
256.2135
0
VERTEX
8
CUT
10
150.1741
20
256.3036
0
VERTEX
8
CUT
10
150.2413
20
256.4737
0
VERTEX
8
CUT
10
150.2801
20
256.5609
0
VERTEX
8
CUT
10
150.3720
20
256.7461
0
VERTEX
8
CUT
10
150.3941
20
256.7884
0
VERTEX
8
CUT
10
151.6664
20
259.1044
0
VERTEX
8
CUT
10
151.6837
20
259.1378
0
VERTEX
8
CUT
10
151.8384
20
259.4557
0
VERTEX
8
CUT
10
151.8679
20
259.5247
0
VERTEX
8
CUT
10
151.9555
20
259.7616
0
VERTEX
8
CUT
10
151.9780
20
259.8332
0
VERTEX
8
CUT
10
152.0419
20
260.0776
0
VERTEX
8
CUT
10
152.0572
20
260.1510
0
VERTEX
8
CUT
10
152.0967
20
260.4005
0
VERTEX
8
CUT
10
152.1047
20
260.4751
0
VERTEX
8
CUT
10
152.1194
20
260.7273
0
VERTEX
8
CUT
10
152.1200
20
260.8023
0
VERTEX
8
CUT
10
152.1098
20
261.0547
0
VERTEX
8
CUT
10
152.1030
20
261.1294
0
VERTEX
8
CUT
10
152.0679
20
261.3796
0
VERTEX
8
CUT
10
152.0539
20
261.4532
0
VERTEX
8
CUT
10
151.9943
20
261.6987
0
VERTEX
8
CUT
10
151.9730
20
261.7706
0
VERTEX
8
CUT
10
151.8896
20
262.0091
0
VERTEX
8
CUT
10
151.8613
20
262.0786
0
VERTEX
8
CUT
10
151.7547
20
262.3076
0
VERTEX
8
CUT
10
151.7198
20
262.3739
0
VERTEX
8
CUT
10
151.5911
20
262.5914
0
VERTEX
8
CUT
10
151.5498
20
262.6540
0
VERTEX
8
CUT
10
151.4004
20
262.8576
0
VERTEX
8
CUT
10
151.3531
20
262.9158
0
VERTEX
8
CUT
10
151.1843
20
263.1038
0
VERTEX
8
CUT
10
151.1315
20
263.1571
0
VERTEX
8
CUT
10
150.9450
20
263.3275
0
VERTEX
8
CUT
10
150.8872
20
263.3753
0
VERTEX
8
CUT
10
150.6849
20
263.5265
0
VERTEX
8
CUT
10
150.6226
20
263.5684
0
VERTEX
8
CUT
10
150.4063
20
263.6989
0
VERTEX
8
CUT
10
150.3403
20
263.7344
0
VERTEX
8
CUT
10
150.1122
20
263.8430
0
VERTEX
8
CUT
10
150.0430
20
263.8718
0
VERTEX
8
CUT
10
149.8053
20
263.9574
0
VERTEX
8
CUT
10
149.7335
20
263.9793
0
VERTEX
8
CUT
10
149.4886
20
264.0410
0
VERTEX
8
CUT
10
149.4150
20
264.0557
0
VERTEX
8
CUT
10
149.1652
20
264.0930
0
VERTEX
8
CUT
10
149.0905
20
264.1004
0
VERTEX
8
CUT
10
148.7374
20
264.1178
0
VERTEX
8
CUT
10
148.6999
20
264.1188
0
VERTEX
8
CUT
10
143.9410
20
264.1187
0
VERTEX
8
CUT
10
143.9050
20
264.1179
0
VERTEX
8
CUT
10
143.5657
20
264.1018
0
VERTEX
8
CUT
10
143.4939
20
264.0950
0
VERTEX
8
CUT
10
143.2537
20
264.0606
0
VERTEX
8
CUT
10
143.1829
20
264.0470
0
VERTEX
8
CUT
10
142.9470
20
263.9900
0
VERTEX
8
CUT
10
142.8779
20
263.9698
0
VERTEX
8
CUT
10
142.6484
20
263.8907
0
VERTEX
8
CUT
10
142.5815
20
263.8640
0
VERTEX
8
CUT
10
142.3605
20
263.7635
0
VERTEX
8
CUT
10
142.2964
20
263.7306
0
VERTEX
8
CUT
10
142.0860
20
263.6097
0
VERTEX
8
CUT
10
142.0253
20
263.5709
0
VERTEX
8
CUT
10
141.8273
20
263.4306
0
VERTEX
8
CUT
10
141.7705
20
263.3862
0
VERTEX
8
CUT
10
141.5867
20
263.2278
0
VERTEX
8
CUT
10
141.5344
20
263.1782
0
VERTEX
8
CUT
10
141.3663
20
263.0031
0
VERTEX
8
CUT
10
141.3190
20
262.9488
0
VERTEX
8
CUT
10
141.1683
20
262.7585
0
VERTEX
8
CUT
10
141.1263
20
262.7000
0
VERTEX
8
CUT
10
140.9942
20
262.4963
0
VERTEX
8
CUT
10
140.9580
20
262.4341
0
VERTEX
8
CUT
10
140.8010
20
262.1329
0
VERTEX
8
CUT
10
140.7852
20
262.1005
0
VERTEX
8
CUT
10
140.5908
20
261.6798
0
VERTEX
8
CUT
10
140.5785
20
261.6518
0
VERTEX
8
CUT
10
140.4680
20
261.3850
0
VERTEX
8
CUT
10
140.4469
20
261.3275
0
VERTEX
8
CUT
10
140.3583
20
261.0528
0
VERTEX
8
CUT
10
140.3495
20
261.0235
0
VERTEX
8
CUT
10
139.7610
20
258.9112
0
VERTEX
8
CUT
10
139.7534
20
258.8817
0
VERTEX
8
CUT
10
139.6876
20
258.6024
0
VERTEX
8
CUT
10
139.6760
20
258.5427
0
VERTEX
8
CUT
10
139.6326
20
258.2591
0
VERTEX
8
CUT
10
139.6286
20
258.2289
0
VERTEX
8
CUT
10
139.3779
20
255.9907
0
VERTEX
8
CUT
10
139.3752
20
255.9609
0
VERTEX
8
CUT
10
139.3548
20
255.6792
0
VERTEX
8
CUT
10
139.3528
20
255.6193
0
VERTEX
8
CUT
10
139.3547
20
255.3370
0
VERTEX
8
CUT
10
139.3555
20
255.3070
0
VERTEX
8
CUT
10
139.4641
20
252.9510
0
VERTEX
8
CUT
10
139.4655
20
252.9280
0
VERTEX
8
CUT
10
139.4854
20
252.6688
0
VERTEX
8
CUT
10
139.4902
20
252.6231
0
VERTEX
8
CUT
10
139.5257
20
252.3656
0
VERTEX
8
CUT
10
139.5292
20
252.3428
0
VERTEX
8
CUT
10
139.8406
20
250.4963
0
VERTEX
8
CUT
10
139.8443
20
250.4765
0
VERTEX
8
CUT
10
139.8881
20
250.2530
0
VERTEX
8
CUT
10
139.8969
20
250.2137
0
VERTEX
8
CUT
10
139.9525
20
249.9929
0
VERTEX
8
CUT
10
139.9576
20
249.9734
0
VERTEX
8
CUT
10
140.7019
20
247.3162
0
VERTEX
8
CUT
10
140.7096
20
247.2904
0
VERTEX
8
CUT
10
140.8019
20
247.0008
0
VERTEX
8
CUT
10
140.8201
20
246.9501
0
VERTEX
8
CUT
10
140.9327
20
246.6677
0
VERTEX
8
CUT
10
140.9431
20
246.6429
0
VERTEX
8
CUT
10
143.2777
20
241.3397
0
VERTEX
8
CUT
10
143.2855
20
241.3217
0
VERTEX
8
CUT
10
143.3221
20
241.2345
0
VERTEX
8
CUT
10
143.3295
20
241.2164
0
VERTEX
8
CUT
10
143.3440
20
241.1801
0
VERTEX
8
CUT
10
143.3522
20
241.1589
0
VERTEX
8
CUT
10
143.3909
20
241.0562
0
VERTEX
8
CUT
10
143.3987
20
241.0349
0
VERTEX
8
CUT
10
144.4057
20
238.1932
0
VERTEX
8
CUT
10
144.4234
20
238.1391
0
VERTEX
8
CUT
10
144.4940
20
237.9029
0
VERTEX
8
CUT
10
144.5211
20
237.7924
0
VERTEX
8
CUT
10
144.5625
20
237.5784
0
VERTEX
8
CUT
10
144.5784
20
237.4657
0
VERTEX
8
CUT
10
144.5982
20
237.2486
0
VERTEX
8
CUT
10
144.6029
20
237.1349
0
VERTEX
8
CUT
10
144.6009
20
236.9169
0
VERTEX
8
CUT
10
144.5942
20
236.8033
0
VERTEX
8
CUT
10
144.5705
20
236.5866
0
VERTEX
8
CUT
10
144.5525
20
236.4743
0
VERTEX
8
CUT
10
144.5074
20
236.2610
0
VERTEX
8
CUT
10
144.4783
20
236.1510
0
VERTEX
8
CUT
10
144.4120
20
235.9433
0
VERTEX
8
CUT
10
144.3721
20
235.8367
0
VERTEX
8
CUT
10
144.2855
20
235.6367
0
VERTEX
8
CUT
10
144.2352
20
235.5346
0
VERTEX
8
CUT
10
144.1290
20
235.3442
0
VERTEX
8
CUT
10
144.0688
20
235.2477
0
VERTEX
8
CUT
10
143.9442
20
235.0688
0
VERTEX
8
CUT
10
143.8746
20
234.9788
0
VERTEX
8
CUT
10
143.7328
20
234.8132
0
VERTEX
8
CUT
10
143.6546
20
234.7305
0
VERTEX
8
CUT
10
143.4970
20
234.5799
0
VERTEX
8
CUT
10
143.4109
20
234.5055
0
VERTEX
8
CUT
10
143.2391
20
234.3713
0
VERTEX
8
CUT
10
143.1460
20
234.3058
0
VERTEX
8
CUT
10
142.9617
20
234.1895
0
VERTEX
8
CUT
10
142.8625
20
234.1336
0
VERTEX
8
CUT
10
142.6675
20
234.0362
0
VERTEX
8
CUT
10
142.5633
20
233.9905
0
VERTEX
8
CUT
10
142.3595
20
233.9130
0
VERTEX
8
CUT
10
142.2513
20
233.8779
0
VERTEX
8
CUT
10
142.0408
20
233.8212
0
VERTEX
8
CUT
10
141.9296
20
233.7970
0
VERTEX
8
CUT
10
141.7145
20
233.7615
0
VERTEX
8
CUT
10
141.6015
20
233.7486
0
VERTEX
8
CUT
10
141.3839
20
233.7347
0
VERTEX
8
CUT
10
141.2701
20
233.7332
0
VERTEX
8
CUT
10
141.0522
20
233.7411
0
VERTEX
8
CUT
10
140.9389
20
233.7508
0
VERTEX
8
CUT
10
140.7229
20
233.7804
0
VERTEX
8
CUT
10
140.6111
20
233.8014
0
VERTEX
8
CUT
10
140.3991
20
233.8524
0
VERTEX
8
CUT
10
140.2899
20
233.8845
0
VERTEX
8
CUT
10
140.0841
20
233.9563
0
VERTEX
8
CUT
10
139.9787
20
233.9991
0
VERTEX
8
CUT
10
139.7810
20
234.0911
0
VERTEX
8
CUT
10
139.6804
20
234.1442
0
VERTEX
8
CUT
10
139.4929
20
234.2554
0
VERTEX
8
CUT
10
139.3981
20
234.3183
0
VERTEX
8
CUT
10
139.1997
20
234.4646
0
VERTEX
8
CUT
10
139.1547
20
234.4995
0
VERTEX
8
CUT
10
139.0950
20
234.5484
0
VERTEX
8
CUT
10
139.0398
20
234.5895
0
VERTEX
8
CUT
10
138.8478
20
234.7194
0
VERTEX
8
CUT
10
138.7891
20
234.7553
0
VERTEX
8
CUT
10
138.5861
20
234.8673
0
VERTEX
8
CUT
10
138.5244
20
234.8977
0
VERTEX
8
CUT
10
138.2274
20
235.0281
0
VERTEX
8
CUT
10
138.1956
20
235.0413
0
VERTEX
8
CUT
10
138.1071
20
235.0754
0
VERTEX
8
CUT
10
138.0713
20
235.0882
0
VERTEX
8
CUT
10
137.7302
20
235.2006
0
VERTEX
8
CUT
10
137.6568
20
235.2207
0
VERTEX
8
CUT
10
137.4063
20
235.2762
0
VERTEX
8
CUT
10
137.3313
20
235.2889
0
VERTEX
8
CUT
10
137.0765
20
235.3190
0
VERTEX
8
CUT
10
137.0005
20
235.3242
0
VERTEX
8
CUT
10
136.6416
20
235.3305
0
VERTEX
8
CUT
10
136.6035
20
235.3302
0
VERTEX
8
CUT
10
136.5021
20
235.3269
0
VERTEX
8
CUT
10
136.4587
20
235.3242
0
VERTEX
8
CUT
10
136.0507
20
235.2874
0
VERTEX
8
CUT
10
135.9647
20
235.2747
0
VERTEX
8
CUT
10
135.6782
20
235.2153
0
VERTEX
8
CUT
10
135.5942
20
235.1929
0
VERTEX
8
CUT
10
135.2597
20
235.0825
0
VERTEX
8
CUT
10
135.1853
20
235.0535
0
VERTEX
8
CUT
10
134.9361
20
234.9411
0
VERTEX
8
CUT
10
134.8715
20
234.9082
0
VERTEX
8
CUT
10
134.6592
20
234.7869
0
VERTEX
8
CUT
10
134.5980
20
234.7479
0
VERTEX
8
CUT
10
134.3983
20
234.6069
0
VERTEX
8
CUT
10
134.3411
20
234.5623
0
VERTEX
8
CUT
10
134.1557
20
234.4029
0
VERTEX
8
CUT
10
134.1030
20
234.3530
0
VERTEX
8
CUT
10
133.9337
20
234.1766
0
VERTEX
8
CUT
10
133.8860
20
234.1219
0
VERTEX
8
CUT
10
133.7343
20
233.9302
0
VERTEX
8
CUT
10
133.6920
20
233.8712
0
VERTEX
8
CUT
10
133.5593
20
233.6659
0
VERTEX
8
CUT
10
133.5229
20
233.6032
0
VERTEX
8
CUT
10
133.3653
20
233.2995
0
VERTEX
8
CUT
10
133.3494
20
233.2669
0
VERTEX
8
CUT
10
133.2074
20
232.9579
0
VERTEX
8
CUT
10
133.1928
20
232.9239
0
VERTEX
8
CUT
10
133.0627
20
232.6000
0
VERTEX
8
CUT
10
133.0385
20
232.5301
0
VERTEX
8
CUT
10
132.9685
20
232.2908
0
VERTEX
8
CUT
10
132.9512
20
232.2188
0
VERTEX
8
CUT
10
132.9048
20
231.9738
0
VERTEX
8
CUT
10
132.8946
20
231.9005
0
VERTEX
8
CUT
10
132.8723
20
231.6521
0
VERTEX
8
CUT
10
132.8692
20
231.5782
0
VERTEX
8
CUT
10
132.8712
20
231.3288
0
VERTEX
8
CUT
10
132.8754
20
231.2549
0
VERTEX
8
CUT
10
132.9015
20
231.0070
0
VERTEX
8
CUT
10
132.9129
20
230.9338
0
VERTEX
8
CUT
10
132.9631
20
230.6896
0
VERTEX
8
CUT
10
132.9815
20
230.6179
0
VERTEX
8
CUT
10
133.0552
20
230.3797
0
VERTEX
8
CUT
10
133.0805
20
230.3101
0
VERTEX
8
CUT
10
133.1770
20
230.0802
0
VERTEX
8
CUT
10
133.2090
20
230.0134
0
VERTEX
8
CUT
10
133.3747
20
229.7063
0
VERTEX
8
CUT
10
133.3931
20
229.6742
0
VERTEX
8
CUT
10
134.1877
20
228.3595
0
VERTEX
8
CUT
10
134.2013
20
228.3378
0
VERTEX
8
CUT
10
134.3589
20
228.0958
0
VERTEX
8
CUT
10
134.3882
20
228.0539
0
VERTEX
8
CUT
10
134.5618
20
227.8230
0
VERTEX
8
CUT
10
134.5775
20
227.8029
0
VERTEX
8
CUT
10
136.7598
20
225.0939
0
VERTEX
8
CUT
10
136.7768
20
225.0735
0
VERTEX
8
CUT
10
136.9730
20
224.8468
0
VERTEX
8
CUT
10
137.0091
20
224.8079
0
VERTEX
8
CUT
10
137.2205
20
224.5953
0
VERTEX
8
CUT
10
137.2396
20
224.5769
0
VERTEX
8
CUT
10
138.9598
20
222.9646
0
VERTEX
8
CUT
10
138.9784
20
222.9478
0
VERTEX
8
CUT
10
139.1910
20
222.7613
0
VERTEX
8
CUT
10
139.2297
20
222.7295
0
VERTEX
8
CUT
10
139.4541
20
222.5574
0
VERTEX
8
CUT
10
139.4742
20
222.5425
0
VERTEX
8
CUT
10
141.6967
20
220.9515
0
VERTEX
8
CUT
10
141.7180
20
220.9368
0
VERTEX
8
CUT
10
141.9609
20
220.7751
0
VERTEX
8
CUT
10
142.0048
20
220.7479
0
VERTEX
8
CUT
10
142.2581
20
220.6031
0
VERTEX
8
CUT
10
142.2808
20
220.5907
0
VERTEX
8
CUT
10
143.2343
20
220.0877
0
VERTEX
8
CUT
10
143.2548
20
220.0773
0
VERTEX
8
CUT
10
143.4881
20
219.9631
0
VERTEX
8
CUT
10
143.5300
20
219.9441
0
VERTEX
8
CUT
10
143.7698
20
219.8442
0
VERTEX
8
CUT
10
143.7912
20
219.8357
0
VERTEX
8
CUT
10
146.5429
20
218.7860
0
VERTEX
8
CUT
10
146.5684
20
218.7767
0
VERTEX
8
CUT
10
146.8584
20
218.6778
0
VERTEX
8
CUT
10
146.9103
20
218.6621
0
VERTEX
8
CUT
10
147.2067
20
218.5841
0
VERTEX
8
CUT
10
147.2330
20
218.5777
0
VERTEX
8
CUT
10
148.4126
20
218.3118
0
VERTEX
8
CUT
10
148.5060
20
218.2683
0
VERTEX
8
CUT
10
148.5764
20
218.2398
0
VERTEX
8
CUT
10
148.8179
20
218.1557
0
VERTEX
8
CUT
10
148.8908
20
218.1343
0
VERTEX
8
CUT
10
149.2389
20
218.0509
0
VERTEX
8
CUT
10
149.2760
20
218.0429
0
VERTEX
8
CUT
10
150.9644
20
217.7265
0
VERTEX
8
CUT
10
151.0688
20
217.7029
0
VERTEX
8
CUT
10
151.2708
20
217.6573
0
VERTEX
8
CUT
10
152.0489
20
217.4817
0
VERTEX
8
CUT
10
152.8316
20
217.3051
0
VERTEX
8
CUT
10
153.3228
20
217.1942
0
VERTEX
8
CUT
10
153.4207
20
217.1721
0
VERTEX
8
CUT
10
153.5843
20
217.1352
0
VERTEX
8
CUT
10
155.1732
20
216.6905
0
VERTEX
8
CUT
10
155.2259
20
216.6743
0
VERTEX
8
CUT
10
155.4525
20
216.5989
0
VERTEX
8
CUT
10
155.5553
20
216.5591
0
VERTEX
8
CUT
10
155.7484
20
216.4733
0
VERTEX
8
CUT
10
155.8468
20
216.4237
0
VERTEX
8
CUT
10
156.0307
20
216.3197
0
VERTEX
8
CUT
10
156.1239
20
216.2609
0
VERTEX
8
CUT
10
156.2968
20
216.1396
0
VERTEX
8
CUT
10
156.3839
20
216.0720
0
VERTEX
8
CUT
10
156.5443
20
215.9346
0
VERTEX
8
CUT
10
156.6245
20
215.8589
0
VERTEX
8
CUT
10
156.7709
20
215.7066
0
VERTEX
8
CUT
10
156.8434
20
215.6235
0
VERTEX
8
CUT
10
156.9744
20
215.4578
0
VERTEX
8
CUT
10
157.0385
20
215.3681
0
VERTEX
8
CUT
10
157.1528
20
215.1906
0
VERTEX
8
CUT
10
157.2080
20
215.0951
0
VERTEX
8
CUT
10
157.3047
20
214.9073
0
VERTEX
8
CUT
10
157.3503
20
214.8069
0
VERTEX
8
CUT
10
157.4284
20
214.6107
0
VERTEX
8
CUT
10
157.4642
20
214.5064
0
VERTEX
8
CUT
10
157.5229
20
214.3035
0
VERTEX
8
CUT
10
157.5484
20
214.1962
0
VERTEX
8
CUT
10
157.5873
20
213.9886
0
VERTEX
8
CUT
10
157.6023
20
213.8794
0
VERTEX
8
CUT
10
157.6210
20
213.6690
0
VERTEX
8
CUT
10
157.6254
20
213.5588
0
VERTEX
8
CUT
10
157.6236
20
213.3476
0
VERTEX
8
CUT
10
157.6174
20
213.2376
0
VERTEX
8
CUT
10
157.5952
20
213.0275
0
VERTEX
8
CUT
10
157.5783
20
212.9185
0
VERTEX
8
CUT
10
157.5360
20
212.7116
0
VERTEX
8
CUT
10
157.5087
20
212.6048
0
VERTEX
8
CUT
10
157.4465
20
212.4029
0
VERTEX
8
CUT
10
157.4090
20
212.2993
0
VERTEX
8
CUT
10
157.3276
20
212.1043
0
VERTEX
8
CUT
10
157.2803
20
212.0048
0
VERTEX
8
CUT
10
157.1805
20
211.8186
0
VERTEX
8
CUT
10
157.1238
20
211.7241
0
VERTEX
8
CUT
10
157.0064
20
211.5484
0
VERTEX
8
CUT
10
156.9408
20
211.4598
0
VERTEX
8
CUT
10
156.8071
20
211.2963
0
VERTEX
8
CUT
10
156.7332
20
211.2145
0
VERTEX
8
CUT
10
156.5843
20
211.0647
0
VERTEX
8
CUT
10
156.5029
20
210.9904
0
VERTEX
8
CUT
10
156.3402
20
210.8557
0
VERTEX
8
CUT
10
156.2520
20
210.7895
0
VERTEX
8
CUT
10
156.0770
20
210.6712
0
VERTEX
8
CUT
10
155.9828
20
210.6139
0
VERTEX
8
CUT
10
155.7972
20
210.5130
0
VERTEX
8
CUT
10
155.6980
20
210.4651
0
VERTEX
8
CUT
10
155.5035
20
210.3826
0
VERTEX
8
CUT
10
155.4001
20
210.3445
0
VERTEX
8
CUT
10
155.1985
20
210.2811
0
VERTEX
8
CUT
10
155.0919
20
210.2532
0
VERTEX
8
CUT
10
154.8852
20
210.2096
0
VERTEX
8
CUT
10
154.7764
20
210.1921
0
VERTEX
8
CUT
10
154.5390
20
210.1657
0
VERTEX
8
CUT
10
154.4841
20
210.1609
0
VERTEX
8
CUT
10
152.4530
20
210.0335
0
VERTEX
8
CUT
10
152.4190
20
210.0306
0
VERTEX
8
CUT
10
152.0996
20
209.9962
0
VERTEX
8
CUT
10
152.0323
20
209.9858
0
VERTEX
8
CUT
10
151.7172
20
209.9229
0
VERTEX
8
CUT
10
151.6840
20
209.9155
0
VERTEX
8
CUT
10
150.9771
20
209.7410
0
VERTEX
8
CUT
10
150.9364
20
209.7298
0
VERTEX
8
CUT
10
150.5562
20
209.6132
0
VERTEX
8
CUT
10
150.4771
20
209.5841
0
VERTEX
8
CUT
10
150.1122
20
209.4261
0
VERTEX
8
CUT
10
150.0739
20
209.4083
0
VERTEX
8
CUT
10
148.5911
20
208.6661
0
VERTEX
8
CUT
10
148.5411
20
208.6425
0
VERTEX
8
CUT
10
148.3221
20
208.5459
0
VERTEX
8
CUT
10
148.2190
20
208.5062
0
VERTEX
8
CUT
10
148.0179
20
208.4399
0
VERTEX
8
CUT
10
147.9115
20
208.4104
0
VERTEX
8
CUT
10
147.6779
20
208.3578
0
VERTEX
8
CUT
10
147.6237
20
208.3470
0
VERTEX
8
CUT
10
147.5015
20
208.3256
0
VERTEX
8
CUT
10
147.4569
20
208.3164
0
VERTEX
8
CUT
10
147.0392
20
208.2173
0
VERTEX
8
CUT
10
146.9520
20
208.1909
0
VERTEX
8
CUT
10
146.4976
20
208.0235
0
VERTEX
8
CUT
10
146.4501
20
208.0072
0
VERTEX
8
CUT
10
146.2432
20
207.9411
0
VERTEX
8
CUT
10
146.1464
20
207.9149
0
VERTEX
8
CUT
10
145.9590
20
207.8728
0
VERTEX
8
CUT
10
145.8603
20
207.8551
0
VERTEX
8
CUT
10
145.6449
20
207.8263
0
VERTEX
8
CUT
10
145.5951
20
207.8207
0
VERTEX
8
CUT
10
145.1485
20
207.7809
0
VERTEX
8
CUT
10
145.1069
20
207.7779
0
VERTEX
8
CUT
10
144.9055
20
207.7674
0
VERTEX
8
CUT
10
144.8638
20
207.7659
0
VERTEX
8
CUT
10
144.7843
20
207.7647
0
VERTEX
8
CUT
10
144.7426
20
207.7648
0
VERTEX
8
CUT
10
144.5410
20
207.7690
0
VERTEX
8
CUT
10
144.4993
20
207.7706
0
VERTEX
8
CUT
10
142.7190
20
207.8729
0
VERTEX
8
CUT
10
142.6774
20
207.8760
0
VERTEX
8
CUT
10
142.4768
20
207.8949
0
VERTEX
8
CUT
10
142.4354
20
207.8996
0
VERTEX
8
CUT
10
142.3566
20
207.9099
0
VERTEX
8
CUT
10
142.3154
20
207.9161
0
VERTEX
8
CUT
10
142.1167
20
207.9496
0
VERTEX
8
CUT
10
142.0757
20
207.9573
0
VERTEX
8
CUT
10
140.6323
20
208.2555
0
VERTEX
8
CUT
10
140.5961
20
208.2636
0
VERTEX
8
CUT
10
140.4218
20
208.3055
0
VERTEX
8
CUT
10
140.3859
20
208.3148
0
VERTEX
8
CUT
10
140.3176
20
208.3336
0
VERTEX
8
CUT
10
140.2820
20
208.3440
0
VERTEX
8
CUT
10
140.1108
20
208.3972
0
VERTEX
8
CUT
10
140.0756
20
208.4088
0
VERTEX
8
CUT
10
138.5048
20
208.9536
0
VERTEX
8
CUT
10
138.4745
20
208.9646
0
VERTEX
8
CUT
10
138.3287
20
209.0198
0
VERTEX
8
CUT
10
138.2987
20
209.0317
0
VERTEX
8
CUT
10
138.2417
20
209.0552
0
VERTEX
8
CUT
10
138.2120
20
209.0679
0
VERTEX
8
CUT
10
138.0696
20
209.1313
0
VERTEX
8
CUT
10
138.0403
20
209.1448
0
VERTEX
8
CUT
10
136.4935
20
209.8864
0
VERTEX
8
CUT
10
136.4802
20
209.8929
0
VERTEX
8
CUT
10
136.4466
20
209.9095
0
VERTEX
8
CUT
10
136.3733
20
209.9493
0
VERTEX
8
CUT
10
136.0941
20
210.1141
0
VERTEX
8
CUT
10
136.0293
20
210.1554
0
VERTEX
8
CUT
10
136.0219
20
210.1604
0
VERTEX
8
CUT
10
136.0146
20
210.1655
0
VERTEX
8
CUT
10
132.4460
20
212.6514
0
VERTEX
8
CUT
10
132.4171
20
212.6722
0
VERTEX
8
CUT
10
132.2791
20
212.7749
0
VERTEX
8
CUT
10
132.2509
20
212.7965
0
VERTEX
8
CUT
10
132.1977
20
212.8388
0
VERTEX
8
CUT
10
132.1702
20
212.8613
0
VERTEX
8
CUT
10
132.0389
20
212.9724
0
VERTEX
8
CUT
10
132.0121
20
212.9958
0
VERTEX
8
CUT
10
130.4153
20
214.4343
0
VERTEX
8
CUT
10
130.4017
20
214.4468
0
VERTEX
8
CUT
10
130.3380
20
214.5061
0
VERTEX
8
CUT
10
130.3173
20
214.5258
0
VERTEX
8
CUT
10
130.2851
20
214.5573
0
VERTEX
8
CUT
10
130.2779
20
214.5644
0
VERTEX
8
CUT
10
130.2351
20
214.6070
0
VERTEX
8
CUT
10
130.2221
20
214.6201
0
VERTEX
8
CUT
10
130.1615
20
214.6825
0
VERTEX
8
CUT
10
130.1418
20
214.7032
0
VERTEX
8
CUT
10
130.1112
20
214.7363
0
VERTEX
8
CUT
10
130.1044
20
214.7438
0
VERTEX
8
CUT
10
127.0212
20
218.1385
0
VERTEX
8
CUT
10
127.0112
20
218.1496
0
VERTEX
8
CUT
10
126.9634
20
218.2036
0
VERTEX
8
CUT
10
126.9536
20
218.2148
0
VERTEX
8
CUT
10
126.9342
20
218.2374
0
VERTEX
8
CUT
10
126.9230
20
218.2507
0
VERTEX
8
CUT
10
126.8693
20
218.3149
0
VERTEX
8
CUT
10
126.8583
20
218.3283
0
VERTEX
8
CUT
10
124.7741
20
220.9015
0
VERTEX
8
CUT
10
124.7622
20
220.9164
0
VERTEX
8
CUT
10
124.7054
20
220.9890
0
VERTEX
8
CUT
10
124.6937
20
221.0041
0
VERTEX
8
CUT
10
124.6708
20
221.0344
0
VERTEX
8
CUT
10
124.6577
20
221.0522
0
VERTEX
8
CUT
10
124.5951
20
221.1384
0
VERTEX
8
CUT
10
124.5823
20
221.1563
0
VERTEX
8
CUT
10
123.0797
20
223.3124
0
VERTEX
8
CUT
10
123.0616
20
223.3391
0
VERTEX
8
CUT
10
122.9761
20
223.4696
0
VERTEX
8
CUT
10
122.9588
20
223.4969
0
VERTEX
8
CUT
10
122.9267
20
223.5490
0
VERTEX
8
CUT
10
122.9102
20
223.5766
0
VERTEX
8
CUT
10
122.8324
20
223.7113
0
VERTEX
8
CUT
10
122.8167
20
223.7394
0
VERTEX
8
CUT
10
121.1583
20
226.8075
0
VERTEX
8
CUT
10
121.1394
20
226.8404
0
VERTEX
8
CUT
10
120.9543
20
227.1455
0
VERTEX
8
CUT
10
120.9119
20
227.2082
0
VERTEX
8
CUT
10
120.7586
20
227.4119
0
VERTEX
8
CUT
10
120.7102
20
227.4700
0
VERTEX
8
CUT
10
120.5374
20
227.6575
0
VERTEX
8
CUT
10
120.4834
20
227.7105
0
VERTEX
8
CUT
10
120.2928
20
227.8799
0
VERTEX
8
CUT
10
120.2338
20
227.9273
0
VERTEX
8
CUT
10
120.0273
20
228.0768
0
VERTEX
8
CUT
10
119.9639
20
228.1181
0
VERTEX
8
CUT
10
119.7436
20
228.2464
0
VERTEX
8
CUT
10
119.6764
20
228.2812
0
VERTEX
8
CUT
10
119.4444
20
228.3869
0
VERTEX
8
CUT
10
119.3740
20
228.4149
0
VERTEX
8
CUT
10
119.1327
20
228.4970
0
VERTEX
8
CUT
10
119.0599
20
228.5178
0
VERTEX
8
CUT
10
118.8116
20
228.5755
0
VERTEX
8
CUT
10
118.7371
20
228.5889
0
VERTEX
8
CUT
10
118.4843
20
228.6217
0
VERTEX
8
CUT
10
118.4088
20
228.6276
0
VERTEX
8
CUT
10
118.1540
20
228.6350
0
VERTEX
8
CUT
10
118.0783
20
228.6335
0
VERTEX
8
CUT
10
117.8240
20
228.6155
0
VERTEX
8
CUT
10
117.7488
20
228.6064
0
VERTEX
8
CUT
10
117.4976
20
228.5633
0
VERTEX
8
CUT
10
117.4237
20
228.5467
0
VERTEX
8
CUT
10
117.1780
20
228.4788
0
VERTEX
8
CUT
10
117.1061
20
228.4550
0
VERTEX
8
CUT
10
117.0083
20
228.4171
0
VERTEX
8
CUT
10
116.9547
20
228.3979
0
VERTEX
8
CUT
10
116.8795
20
228.3731
0
VERTEX
8
CUT
10
116.8096
20
228.3460
0
VERTEX
8
CUT
10
116.7499
20
228.3195
0
VERTEX
8
CUT
10
116.6464
20
228.2794
0
VERTEX
8
CUT
10
116.4356
20
228.2094
0
VERTEX
8
CUT
10
116.3288
20
228.1796
0
VERTEX
8
CUT
10
116.1215
20
228.1325
0
VERTEX
8
CUT
10
116.0122
20
228.1132
0
VERTEX
8
CUT
10
115.8013
20
228.0865
0
VERTEX
8
CUT
10
115.6907
20
228.0780
0
VERTEX
8
CUT
10
115.4783
20
228.0719
0
VERTEX
8
CUT
10
115.3673
20
228.0741
0
VERTEX
8
CUT
10
115.1553
20
228.0887
0
VERTEX
8
CUT
10
115.0451
20
228.1017
0
VERTEX
8
CUT
10
114.8355
20
228.1369
0
VERTEX
8
CUT
10
114.7271
20
228.1605
0
VERTEX
8
CUT
10
114.5218
20
228.2159
0
VERTEX
8
CUT
10
114.4163
20
228.2500
0
VERTEX
8
CUT
10
114.2174
20
228.3250
0
VERTEX
8
CUT
10
114.1156
20
228.3692
0
VERTEX
8
CUT
10
113.9250
20
228.4632
0
VERTEX
8
CUT
10
113.8280
20
228.5171
0
VERTEX
8
CUT
10
113.6474
20
228.6292
0
VERTEX
8
CUT
10
113.5561
20
228.6923
0
VERTEX
8
CUT
10
113.5063
20
228.7304
0
VERTEX
8
CUT
10
113.4387
20
228.7765
0
VERTEX
8
CUT
10
113.3666
20
228.8151
0
VERTEX
8
CUT
10
113.2907
20
228.8458
0
VERTEX
8
CUT
10
112.1369
20
229.2408
0
VERTEX
8
CUT
10
112.1231
20
229.2454
0
VERTEX
8
CUT
10
111.9539
20
229.2997
0
VERTEX
8
CUT
10
111.9245
20
229.3085
0
VERTEX
8
CUT
10
111.7677
20
229.3520
0
VERTEX
8
CUT
10
111.7532
20
229.3558
0
VERTEX
8
CUT
10
108.5107
20
230.1858
0
VERTEX
8
CUT
10
108.5012
20
230.1882
0
VERTEX
8
CUT
10
108.3847
20
230.2164
0
VERTEX
8
CUT
10
108.3646
20
230.2210
0
VERTEX
8
CUT
10
108.2573
20
230.2439
0
VERTEX
8
CUT
10
108.2474
20
230.2459
0
VERTEX
8
CUT
10
106.2864
20
230.6375
0
VERTEX
8
CUT
10
106.2662
20
230.6412
0
VERTEX
8
CUT
10
106.0372
20
230.6806
0
VERTEX
8
CUT
10
105.9965
20
230.6864
0
VERTEX
8
CUT
10
105.7657
20
230.7133
0
VERTEX
8
CUT
10
105.7453
20
230.7154
0
VERTEX
8
CUT
10
101.9616
20
231.0526
0
VERTEX
8
CUT
10
101.9427
20
231.0540
0
VERTEX
8
CUT
10
101.7295
20
231.0677
0
VERTEX
8
CUT
10
101.6917
20
231.0692
0
VERTEX
8
CUT
10
101.4780
20
231.0722
0
VERTEX
8
CUT
10
101.4591
20
231.0723
0
VERTEX
8
CUT
10
96.6880
20
231.0217
0
VERTEX
8
CUT
10
96.6746
20
231.0214
0
VERTEX
8
CUT
10
96.5103
20
231.0168
0
VERTEX
8
CUT
10
96.4820
20
231.0155
0
VERTEX
8
CUT
10
96.3320
20
231.0056
0
VERTEX
8
CUT
10
96.3181
20
231.0046
0
VERTEX
8
CUT
10
90.7542
20
230.5367
0
VERTEX
8
CUT
10
90.7421
20
230.5356
0
VERTEX
8
CUT
10
90.5937
20
230.5207
0
VERTEX
8
CUT
10
90.5682
20
230.5177
0
VERTEX
8
CUT
10
90.4329
20
230.4995
0
VERTEX
8
CUT
10
90.4204
20
230.4977
0
VERTEX
8
CUT
10
83.8557
20
229.5024
0
VERTEX
8
CUT
10
83.8188
20
229.4959
0
VERTEX
8
CUT
10
83.4723
20
229.4257
0
VERTEX
8
CUT
10
83.3997
20
229.4072
0
VERTEX
8
CUT
10
83.1583
20
229.3329
0
VERTEX
8
CUT
10
83.0878
20
229.3074
0
VERTEX
8
CUT
10
82.8549
20
229.2097
0
VERTEX
8
CUT
10
82.7873
20
229.1773
0
VERTEX
8
CUT
10
82.5651
20
229.0571
0
VERTEX
8
CUT
10
82.5010
20
229.0182
0
VERTEX
8
CUT
10
82.2918
20
228.8767
0
VERTEX
8
CUT
10
82.2319
20
228.8317
0
VERTEX
8
CUT
10
82.0376
20
228.6703
0
VERTEX
8
CUT
10
81.9824
20
228.6196
0
VERTEX
8
CUT
10
81.8050
20
228.4399
0
VERTEX
8
CUT
10
81.7550
20
228.3840
0
VERTEX
8
CUT
10
81.5962
20
228.1876
0
VERTEX
8
CUT
10
81.5520
20
228.1271
0
VERTEX
8
CUT
10
81.4133
20
227.9160
0
VERTEX
8
CUT
10
81.3752
20
227.8514
0
VERTEX
8
CUT
10
81.2580
20
227.6277
0
VERTEX
8
CUT
10
81.2265
20
227.5597
0
VERTEX
8
CUT
10
81.1319
20
227.3255
0
VERTEX
8
CUT
10
81.1073
20
227.2547
0
VERTEX
8
CUT
10
81.0362
20
227.0124
0
VERTEX
8
CUT
10
81.0186
20
226.9395
0
VERTEX
8
CUT
10
80.9718
20
226.6913
0
VERTEX
8
CUT
10
80.9615
20
226.6170
0
VERTEX
8
CUT
10
80.9393
20
226.3654
0
VERTEX
8
CUT
10
80.9364
20
226.2905
0
VERTEX
8
CUT
10
80.9392
20
226.0380
0
VERTEX
8
CUT
10
80.9437
20
225.9631
0
VERTEX
8
CUT
10
80.9712
20
225.7121
0
VERTEX
8
CUT
10
80.9831
20
225.6381
0
VERTEX
8
CUT
10
81.0353
20
225.3910
0
VERTEX
8
CUT
10
81.0544
20
225.3185
0
VERTEX
8
CUT
10
81.1306
20
225.0777
0
VERTEX
8
CUT
10
81.1568
20
225.0074
0
VERTEX
8
CUT
10
81.2564
20
224.7754
0
VERTEX
8
CUT
10
81.2894
20
224.7080
0
VERTEX
8
CUT
10
81.4114
20
224.4869
0
VERTEX
8
CUT
10
81.4508
20
224.4231
0
VERTEX
8
CUT
10
81.5940
20
224.2151
0
VERTEX
8
CUT
10
81.6395
20
224.1555
0
VERTEX
8
CUT
10
81.8025
20
223.9626
0
VERTEX
8
CUT
10
81.8537
20
223.9078
0
VERTEX
8
CUT
10
82.0349
20
223.7319
0
VERTEX
8
CUT
10
82.0912
20
223.6824
0
VERTEX
8
CUT
10
82.2888
20
223.5252
0
VERTEX
8
CUT
10
82.3498
20
223.4815
0
VERTEX
8
CUT
10
82.5620
20
223.3445
0
VERTEX
8
CUT
10
82.6269
20
223.3070
0
VERTEX
8
CUT
10
82.8515
20
223.1916
0
VERTEX
8
CUT
10
82.9198
20
223.1607
0
VERTEX
8
CUT
10
83.1548
20
223.0680
0
VERTEX
8
CUT
10
83.2258
20
223.0440
0
VERTEX
8
CUT
10
83.4687
20
222.9749
0
VERTEX
8
CUT
10
83.5418
20
222.9580
0
VERTEX
8
CUT
10
83.7903
20
222.9132
0
VERTEX
8
CUT
10
83.8647
20
222.9035
0
VERTEX
8
CUT
10
84.2170
20
222.8754
0
VERTEX
8
CUT
10
84.2544
20
222.8733
0
VERTEX
8
CUT
10
89.7040
20
222.7080
0
VERTEX
8
CUT
10
89.7192
20
222.7074
0
VERTEX
8
CUT
10
89.7922
20
222.7042
0
VERTEX
8
CUT
10
89.8074
20
222.7035
0
VERTEX
8
CUT
10
89.8375
20
222.7017
0
VERTEX
8
CUT
10
89.8551
20
222.7006
0
VERTEX
8
CUT
10
89.9398
20
222.6945
0
VERTEX
8
CUT
10
89.9573
20
222.6931
0
VERTEX
8
CUT
10
94.0768
20
222.3307
0
VERTEX
8
CUT
10
94.0928
20
222.3292
0
VERTEX
8
CUT
10
94.1663
20
222.3217
0
VERTEX
8
CUT
10
94.1900
20
222.3190
0
VERTEX
8
CUT
10
94.2313
20
222.3139
0
VERTEX
8
CUT
10
94.2411
20
222.3127
0
VERTEX
8
CUT
10
94.2927
20
222.3059
0
VERTEX
8
CUT
10
94.3086
20
222.3036
0
VERTEX
8
CUT
10
94.3815
20
222.2930
0
VERTEX
8
CUT
10
94.4049
20
222.2893
0
VERTEX
8
CUT
10
94.4462
20
222.2824
0
VERTEX
8
CUT
10
94.4559
20
222.2807
0
VERTEX
8
CUT
10
95.7712
20
222.0482
0
VERTEX
8
CUT
10
95.8250
20
222.0374
0
VERTEX
8
CUT
10
96.0566
20
221.9848
0
VERTEX
8
CUT
10
96.1622
20
221.9555
0
VERTEX
8
CUT
10
96.3616
20
221.8895
0
VERTEX
8
CUT
10
96.4640
20
221.8502
0
VERTEX
8
CUT
10
96.6812
20
221.7543
0
VERTEX
8
CUT
10
96.7309
20
221.7310
0
VERTEX
8
CUT
10
98.8427
20
220.6752
0
VERTEX
8
CUT
10
98.8587
20
220.6670
0
VERTEX
8
CUT
10
98.8990
20
220.6461
0
VERTEX
8
CUT
10
98.9865
20
220.5955
0
VERTEX
8
CUT
10
99.3173
20
220.3844
0
VERTEX
8
CUT
10
99.3937
20
220.3311
0
VERTEX
8
CUT
10
99.4022
20
220.3246
0
VERTEX
8
CUT
10
99.4107
20
220.3182
0
VERTEX
8
CUT
10
102.3169
20
218.0669
0
VERTEX
8
CUT
10
102.3461
20
218.0435
0
VERTEX
8
CUT
10
102.4855
20
217.9280
0
VERTEX
8
CUT
10
102.5139
20
217.9037
0
VERTEX
8
CUT
10
102.5674
20
217.8563
0
VERTEX
8
CUT
10
102.5950
20
217.8310
0
VERTEX
8
CUT
10
102.7265
20
217.7067
0
VERTEX
8
CUT
10
102.7533
20
217.6805
0
VERTEX
8
CUT
10
105.4875
20
214.9184
0
VERTEX
8
CUT
10
105.4984
20
214.9072
0
VERTEX
8
CUT
10
105.5257
20
214.8788
0
VERTEX
8
CUT
10
105.5841
20
214.8134
0
VERTEX
8
CUT
10
105.8009
20
214.5506
0
VERTEX
8
CUT
10
105.8500
20
214.4866
0
VERTEX
8
CUT
10
105.8554
20
214.4789
0
VERTEX
8
CUT
10
105.8608
20
214.4714
0
VERTEX
8
CUT
10
107.6708
20
211.8857
0
VERTEX
8
CUT
10
107.6800
20
211.8724
0
VERTEX
8
CUT
10
107.7030
20
211.8385
0
VERTEX
8
CUT
10
107.7512
20
211.7611
0
VERTEX
8
CUT
10
107.9262
20
211.4530
0
VERTEX
8
CUT
10
107.9649
20
211.3785
0
VERTEX
8
CUT
10
107.9691
20
211.3697
0
VERTEX
8
CUT
10
107.9732
20
211.3610
0
VERTEX
8
CUT
10
108.7866
20
209.6076
0
VERTEX
8
CUT
10
108.8000
20
209.5776
0
VERTEX
8
CUT
10
108.8628
20
209.4315
0
VERTEX
8
CUT
10
108.8753
20
209.4010
0
VERTEX
8
CUT
10
108.8984
20
209.3426
0
VERTEX
8
CUT
10
108.9101
20
209.3118
0
VERTEX
8
CUT
10
108.9643
20
209.1624
0
VERTEX
8
CUT
10
108.9751
20
209.1313
0
VERTEX
8
CUT
10
109.5063
20
207.5224
0
VERTEX
8
CUT
10
109.5181
20
207.4845
0
VERTEX
8
CUT
10
109.5718
20
207.3008
0
VERTEX
8
CUT
10
109.5822
20
207.2626
0
VERTEX
8
CUT
10
109.6009
20
207.1894
0
VERTEX
8
CUT
10
109.6100
20
207.1508
0
VERTEX
8
CUT
10
109.6507
20
206.9638
0
VERTEX
8
CUT
10
109.6585
20
206.9250
0
VERTEX
8
CUT
10
109.9289
20
205.4383
0
VERTEX
8
CUT
10
109.9316
20
205.4232
0
VERTEX
8
CUT
10
109.9380
20
205.3849
0
VERTEX
8
CUT
10
109.9491
20
205.2992
0
VERTEX
8
CUT
10
109.9795
20
204.9645
0
VERTEX
8
CUT
10
109.9839
20
204.8851
0
VERTEX
8
CUT
10
109.9841
20
204.8758
0
VERTEX
8
CUT
10
109.9843
20
204.8667
0
VERTEX
8
CUT
10
110.0003
20
203.6075
0
VERTEX
8
CUT
10
110.0004
20
203.5890
0
VERTEX
8
CUT
10
110.0001
20
203.5208
0
VERTEX
8
CUT
10
109.9983
20
203.4597
0
VERTEX
8
CUT
10
109.9880
20
203.2802
0
VERTEX
8
CUT
10
109.9798
20
203.1941
0
VERTEX
8
CUT
10
109.9557
20
203.0143
0
VERTEX
8
CUT
10
109.9476
20
202.9626
0
VERTEX
8
CUT
10
109.9418
20
202.9303
0
VERTEX
8
CUT
10
109.9398
20
202.9195
0
VERTEX
8
CUT
10
109.7683
20
202.0211
0
VERTEX
8
CUT
10
109.7541
20
201.9568
0
VERTEX
8
CUT
10
109.6846
20
201.6802
0
VERTEX
8
CUT
10
109.6451
20
201.5546
0
VERTEX
8
CUT
10
109.5442
20
201.2880
0
VERTEX
8
CUT
10
109.5191
20
201.2271
0
VERTEX
8
CUT
10
109.2262
20
200.5706
0
VERTEX
8
CUT
10
109.2033
20
200.5223
0
VERTEX
8
CUT
10
109.0992
20
200.3157
0
VERTEX
8
CUT
10
109.0468
20
200.2226
0
VERTEX
8
CUT
10
108.9380
20
200.0493
0
VERTEX
8
CUT
10
108.8771
20
199.9616
0
VERTEX
8
CUT
10
108.7363
20
199.7780
0
VERTEX
8
CUT
10
108.7029
20
199.7363
0
VERTEX
8
CUT
10
108.2931
20
199.2507
0
VERTEX
8
CUT
10
108.2594
20
199.2126
0
VERTEX
8
CUT
10
108.1100
20
199.0508
0
VERTEX
8
CUT
10
108.0378
20
198.9792
0
VERTEX
8
CUT
10
107.8935
20
198.8484
0
VERTEX
8
CUT
10
107.8152
20
198.7836
0
VERTEX
8
CUT
10
107.6395
20
198.6509
0
VERTEX
8
CUT
10
107.5982
20
198.6212
0
VERTEX
8
CUT
10
107.1309
20
198.2999
0
VERTEX
8
CUT
10
107.0838
20
198.2692
0
VERTEX
8
CUT
10
106.8766
20
198.1413
0
VERTEX
8
CUT
10
106.7781
20
198.0870
0
VERTEX
8
CUT
10
106.5845
20
197.9925
0
VERTEX
8
CUT
10
106.4812
20
197.9482
0
VERTEX
8
CUT
10
106.2529
20
197.8634
0
VERTEX
8
CUT
10
106.1997
20
197.8451
0
VERTEX
8
CUT
10
106.0231
20
197.7893
0
VERTEX
8
CUT
10
105.9705
20
197.7741
0
VERTEX
8
CUT
10
105.7413
20
197.7135
0
VERTEX
8
CUT
10
105.6342
20
197.6907
0
VERTEX
8
CUT
10
105.4272
20
197.6568
0
VERTEX
8
CUT
10
105.3185
20
197.6443
0
VERTEX
8
CUT
10
105.0819
20
197.6287
0
VERTEX
8
CUT
10
105.0272
20
197.6264
0
VERTEX
8
CUT
10
104.7426
20
197.6212
0
VERTEX
8
CUT
10
104.6935
20
197.6214
0
VERTEX
8
CUT
10
104.4808
20
197.6267
0
VERTEX
8
CUT
10
104.3829
20
197.6334
0
VERTEX
8
CUT
10
104.1960
20
197.6543
0
VERTEX
8
CUT
10
104.0990
20
197.6694
0
VERTEX
8
CUT
10
103.8904
20
197.7111
0
VERTEX
8
CUT
10
103.8425
20
197.7217
0
VERTEX
8
CUT
10
103.4325
20
197.8222
0
VERTEX
8
CUT
10
103.4153
20
197.8266
0
VERTEX
8
CUT
10
103.3721
20
197.8379
0
VERTEX
8
CUT
10
103.2770
20
197.8673
0
VERTEX
8
CUT
10
102.9131
20
197.9973
0
VERTEX
8
CUT
10
102.8281
20
198.0316
0
VERTEX
8
CUT
10
102.8185
20
198.0360
0
VERTEX
8
CUT
10
102.8089
20
198.0403
0
VERTEX
8
CUT
10
102.2507
20
198.2983
0
VERTEX
8
CUT
10
102.2342
20
198.3061
0
VERTEX
8
CUT
10
102.1734
20
198.3353
0
VERTEX
8
CUT
10
102.1198
20
198.3629
0
VERTEX
8
CUT
10
101.9642
20
198.4483
0
VERTEX
8
CUT
10
101.8909
20
198.4922
0
VERTEX
8
CUT
10
101.7407
20
198.5899
0
VERTEX
8
CUT
10
101.6980
20
198.6190
0
VERTEX
8
CUT
10
101.6717
20
198.6379
0
VERTEX
8
CUT
10
101.6629
20
198.6443
0
VERTEX
8
CUT
10
101.0662
20
199.0809
0
VERTEX
8
CUT
10
101.0525
20
199.0910
0
VERTEX
8
CUT
10
101.0181
20
199.1170
0
VERTEX
8
CUT
10
100.9441
20
199.1779
0
VERTEX
8
CUT
10
100.6667
20
199.4265
0
VERTEX
8
CUT
10
100.6032
20
199.4880
0
VERTEX
8
CUT
10
100.5962
20
199.4953
0
VERTEX
8
CUT
10
100.5892
20
199.5027
0
VERTEX
8
CUT
10
100.0435
20
200.0841
0
VERTEX
8
CUT
10
100.0326
20
200.0960
0
VERTEX
8
CUT
10
100.0052
20
200.1260
0
VERTEX
8
CUT
10
99.9469
20
200.1953
0
VERTEX
8
CUT
10
99.7312
20
200.4731
0
VERTEX
8
CUT
10
99.6825
20
200.5408
0
VERTEX
8
CUT
10
99.6772
20
200.5488
0
VERTEX
8
CUT
10
99.6719
20
200.5568
0
VERTEX
8
CUT
10
99.2976
20
201.1298
0
VERTEX
8
CUT
10
99.2614
20
201.1891
0
VERTEX
8
CUT
10
99.1125
20
201.4507
0
VERTEX
8
CUT
10
99.0512
20
201.5755
0
VERTEX
8
CUT
10
98.9352
20
201.8532
0
VERTEX
8
CUT
10
98.9104
20
201.9182
0
VERTEX
8
CUT
10
98.5314
20
203.0082
0
VERTEX
8
CUT
10
98.5156
20
203.0573
0
VERTEX
8
CUT
10
98.4519
20
203.2713
0
VERTEX
8
CUT
10
98.4270
20
203.3713
0
VERTEX
8
CUT
10
98.3880
20
203.5649
0
VERTEX
8
CUT
10
98.3722
20
203.6667
0
VERTEX
8
CUT
10
98.3480
20
203.8886
0
VERTEX
8
CUT
10
98.3436
20
203.9400
0
VERTEX
8
CUT
10
98.0811
20
208.0854
0
VERTEX
8
CUT
10
98.0793
20
208.1081
0
VERTEX
8
CUT
10
98.0554
20
208.3640
0
VERTEX
8
CUT
10
98.0498
20
208.4092
0
VERTEX
8
CUT
10
98.0106
20
208.6632
0
VERTEX
8
CUT
10
98.0068
20
208.6857
0
VERTEX
8
CUT
10
97.9675
20
208.8981
0
VERTEX
8
CUT
10
97.9584
20
208.9403
0
VERTEX
8
CUT
10
97.8617
20
209.3359
0
VERTEX
8
CUT
10
97.8364
20
209.4185
0
VERTEX
8
CUT
10
97.7357
20
209.6914
0
VERTEX
8
CUT
10
97.7013
20
209.7706
0
VERTEX
8
CUT
10
97.5179
20
210.1341
0
VERTEX
8
CUT
10
97.4973
20
210.1721
0
VERTEX
8
CUT
10
97.4155
20
210.3137
0
VERTEX
8
CUT
10
97.3960
20
210.3455
0
VERTEX
8
CUT
10
97.2053
20
210.6409
0
VERTEX
8
CUT
10
97.1619
20
210.7015
0
VERTEX
8
CUT
10
97.0056
20
210.8981
0
VERTEX
8
CUT
10
96.9564
20
210.9542
0
VERTEX
8
CUT
10
96.7118
20
211.2067
0
VERTEX
8
CUT
10
96.6852
20
211.2328
0
VERTEX
8
CUT
10
96.2121
20
211.6755
0
VERTEX
8
CUT
10
96.1859
20
211.6989
0
VERTEX
8
CUT
10
95.9341
20
211.9136
0
VERTEX
8
CUT
10
95.8786
20
211.9566
0
VERTEX
8
CUT
10
95.6853
20
212.0928
0
VERTEX
8
CUT
10
95.6261
20
212.1305
0
VERTEX
8
CUT
10
95.3820
20
212.2707
0
VERTEX
8
CUT
10
95.3179
20
212.3036
0
VERTEX
8
CUT
10
95.0433
20
212.4283
0
VERTEX
8
CUT
10
94.9746
20
212.4555
0
VERTEX
8
CUT
10
94.7390
20
212.5360
0
VERTEX
8
CUT
10
94.6680
20
212.5565
0
VERTEX
8
CUT
10
94.3675
20
212.6274
0
VERTEX
8
CUT
10
94.2995
20
212.6402
0
VERTEX
8
CUT
10
94.0434
20
212.6765
0
VERTEX
8
CUT
10
93.9792
20
212.6829
0
VERTEX
8
CUT
10
93.7622
20
212.6950
0
VERTEX
8
CUT
10
93.6977
20
212.6959
0
VERTEX
8
CUT
10
93.4142
20
212.6877
0
VERTEX
8
CUT
10
93.3473
20
212.6828
0
VERTEX
8
CUT
10
93.0394
20
212.6465
0
VERTEX
8
CUT
10
92.9705
20
212.6351
0
VERTEX
8
CUT
10
92.7406
20
212.5863
0
VERTEX
8
CUT
10
92.6730
20
212.5687
0
VERTEX
8
CUT
10
92.3692
20
212.4744
0
VERTEX
8
CUT
10
92.2967
20
212.4477
0
VERTEX
8
CUT
10
91.9378
20
212.2949
0
VERTEX
8
CUT
10
91.8619
20
212.2574
0
VERTEX
8
CUT
10
91.5144
20
212.0611
0
VERTEX
8
CUT
10
91.4781
20
212.0393
0
VERTEX
8
CUT
10
91.3013
20
211.9260
0
VERTEX
8
CUT
10
91.2655
20
211.9015
0
VERTEX
8
CUT
10
90.9341
20
211.6615
0
VERTEX
8
CUT
10
90.8669
20
211.6066
0
VERTEX
8
CUT
10
90.5651
20
211.3304
0
VERTEX
8
CUT
10
90.5339
20
211.3001
0
VERTEX
8
CUT
10
90.3415
20
211.1026
0
VERTEX
8
CUT
10
90.3156
20
211.0747
0
VERTEX
8
CUT
10
90.0784
20
210.8055
0
VERTEX
8
CUT
10
90.0311
20
210.7460
0
VERTEX
8
CUT
10
89.8220
20
210.4545
0
VERTEX
8
CUT
10
89.8006
20
210.4230
0
VERTEX
8
CUT
10
89.5444
20
210.0251
0
VERTEX
8
CUT
10
89.5218
20
209.9877
0
VERTEX
8
CUT
10
89.3191
20
209.6291
0
VERTEX
8
CUT
10
89.2805
20
209.5507
0
VERTEX
8
CUT
10
89.1297
20
209.1934
0
VERTEX
8
CUT
10
89.1008
20
209.1125
0
VERTEX
8
CUT
10
88.9954
20
208.7542
0
VERTEX
8
CUT
10
88.9761
20
208.6719
0
VERTEX
8
CUT
10
88.9067
20
208.2796
0
VERTEX
8
CUT
10
88.9005
20
208.2378
0
VERTEX
8
CUT
10
88.8352
20
207.6933
0
VERTEX
8
CUT
10
88.8328
20
207.6708
0
VERTEX
8
CUT
10
88.8099
20
207.4159
0
VERTEX
8
CUT
10
88.8072
20
207.3707
0
VERTEX
8
CUT
10
88.7995
20
207.1149
0
VERTEX
8
CUT
10
88.7992
20
207.0923
0
VERTEX
8
CUT
10
88.7988
20
205.3670
0
VERTEX
8
CUT
10
88.7992
20
205.3447
0
VERTEX
8
CUT
10
88.8065
20
205.0921
0
VERTEX
8
CUT
10
88.8092
20
205.0475
0
VERTEX
8
CUT
10
88.8314
20
204.7958
0
VERTEX
8
CUT
10
88.8337
20
204.7736
0
VERTEX
8
CUT
10
88.9684
20
203.6309
0
VERTEX
8
CUT
10
88.9738
20
203.5934
0
VERTEX
8
CUT
10
89.0334
20
203.2407
0
VERTEX
8
CUT
10
89.0498
20
203.1667
0
VERTEX
8
CUT
10
89.1442
20
202.8218
0
VERTEX
8
CUT
10
89.1551
20
202.7854
0
VERTEX
8
CUT
10
89.9779
20
200.2782
0
VERTEX
8
CUT
10
89.9838
20
200.2611
0
VERTEX
8
CUT
10
90.0519
20
200.0691
0
VERTEX
8
CUT
10
90.0647
20
200.0355
0
VERTEX
8
CUT
10
90.1418
20
199.8469
0
VERTEX
8
CUT
10
90.1489
20
199.8303
0
VERTEX
8
CUT
10
93.0322
20
193.2315
0
VERTEX
8
CUT
10
93.0380
20
193.2179
0
VERTEX
8
CUT
10
93.0525
20
193.1835
0
VERTEX
8
CUT
10
93.0820
20
193.1057
0
VERTEX
8
CUT
10
93.1856
20
192.7994
0
VERTEX
8
CUT
10
93.2076
20
192.7261
0
VERTEX
8
CUT
10
93.2099
20
192.7175
0
VERTEX
8
CUT
10
93.2121
20
192.7090
0
VERTEX
8
CUT
10
93.6824
20
190.8752
0
VERTEX
8
CUT
10
93.6943
20
190.8241
0
VERTEX
8
CUT
10
93.7405
20
190.6016
0
VERTEX
8
CUT
10
93.7571
20
190.4981
0
VERTEX
8
CUT
10
93.7798
20
190.2984
0
VERTEX
8
CUT
10
93.7868
20
190.1938
0
VERTEX
8
CUT
10
93.7916
20
189.9667
0
VERTEX
8
CUT
10
93.7915
20
189.9142
0
VERTEX
8
CUT
10
93.7851
20
189.6604
0
VERTEX
8
CUT
10
93.7821
20
189.6014
0
VERTEX
8
CUT
10
93.7625
20
189.3466
0
VERTEX
8
CUT
10
93.7473
20
189.2296
0
VERTEX
8
CUT
10
93.7068
20
189.0072
0
VERTEX
8
CUT
10
93.6796
20
188.8923
0
VERTEX
8
CUT
10
93.6080
20
188.6470
0
VERTEX
8
CUT
10
93.5900
20
188.5907
0
VERTEX
8
CUT
10
93.3517
20
187.9080
0
VERTEX
8
CUT
10
93.3337
20
187.8597
0
VERTEX
8
CUT
10
93.2506
20
187.6525
0
VERTEX
8
CUT
10
93.2080
20
187.5587
0
VERTEX
8
CUT
10
93.1184
20
187.3827
0
VERTEX
8
CUT
10
93.0675
20
187.2931
0
VERTEX
8
CUT
10
92.9617
20
187.1252
0
VERTEX
8
CUT
10
92.9042
20
187.0422
0
VERTEX
8
CUT
10
92.7854
20
186.8861
0
VERTEX
8
CUT
10
92.7207
20
186.8084
0
VERTEX
8
CUT
10
92.5913
20
186.6665
0
VERTEX
8
CUT
10
92.5205
20
186.5954
0
VERTEX
8
CUT
10
92.3604
20
186.4482
0
VERTEX
8
CUT
10
92.3227
20
186.4150
0
VERTEX
8
CUT
10
91.8804
20
186.0428
0
VERTEX
8
CUT
10
91.8421
20
186.0120
0
VERTEX
8
CUT
10
91.6736
20
185.8822
0
VERTEX
8
CUT
10
91.5933
20
185.8257
0
VERTEX
8
CUT
10
91.4349
20
185.7242
0
VERTEX
8
CUT
10
91.3501
20
185.6748
0
VERTEX
8
CUT
10
91.1836
20
185.5872
0
VERTEX
8
CUT
10
91.0948
20
185.5453
0
VERTEX
8
CUT
10
90.8987
20
185.4629
0
VERTEX
8
CUT
10
90.8530
20
185.4449
0
VERTEX
8
CUT
10
90.3352
20
185.2530
0
VERTEX
8
CUT
10
90.2758
20
185.2328
0
VERTEX
8
CUT
10
90.0162
20
185.1526
0
VERTEX
8
CUT
10
89.8946
20
185.1223
0
VERTEX
8
CUT
10
89.6587
20
185.0770
0
VERTEX
8
CUT
10
89.5344
20
185.0601
0
VERTEX
8
CUT
10
89.2636
20
185.0385
0
VERTEX
8
CUT
10
89.2010
20
185.0353
0
VERTEX
8
CUT
10
88.8751
20
185.0272
0
VERTEX
8
CUT
10
88.8251
20
185.0271
0
VERTEX
8
CUT
10
88.6085
20
185.0313
0
VERTEX
8
CUT
10
88.5087
20
185.0376
0
VERTEX
8
CUT
10
88.3182
20
185.0581
0
VERTEX
8
CUT
10
88.2193
20
185.0731
0
VERTEX
8
CUT
10
88.0313
20
185.1102
0
VERTEX
8
CUT
10
87.9342
20
185.1339
0
VERTEX
8
CUT
10
87.7261
20
185.1943
0
VERTEX
8
CUT
10
87.6784
20
185.2093
0
VERTEX
8
CUT
10
86.6265
20
185.5654
0
VERTEX
8
CUT
10
86.5826
20
185.5813
0
VERTEX
8
CUT
10
86.3939
20
185.6539
0
VERTEX
8
CUT
10
86.3083
20
185.6909
0
VERTEX
8
CUT
10
86.1472
20
185.7686
0
VERTEX
8
CUT
10
86.0649
20
185.8125
0
VERTEX
8
CUT
10
85.8906
20
185.9149
0
VERTEX
8
CUT
10
85.8509
20
185.9394
0
VERTEX
8
CUT
10
85.1557
20
186.3870
0
VERTEX
8
CUT
10
85.1411
20
186.3966
0
VERTEX
8
CUT
10
85.1043
20
186.4211
0
VERTEX
8
CUT
10
85.0249
20
186.4791
0
VERTEX
8
CUT
10
84.7263
20
186.7175
0
VERTEX
8
CUT
10
84.6579
20
186.7768
0
VERTEX
8
CUT
10
84.6502
20
186.7839
0
VERTEX
8
CUT
10
84.6427
20
186.7910
0
VERTEX
8
CUT
10
84.0813
20
187.3271
0
VERTEX
8
CUT
10
84.0342
20
187.3749
0
VERTEX
8
CUT
10
83.8362
20
187.5876
0
VERTEX
8
CUT
10
83.7507
20
187.6910
0
VERTEX
8
CUT
10
83.5791
20
187.9255
0
VERTEX
8
CUT
10
83.5411
20
187.9808
0
VERTEX
8
CUT
10
82.8188
20
189.1005
0
VERTEX
8
CUT
10
82.8098
20
189.1148
0
VERTEX
8
CUT
10
82.7872
20
189.1509
0
VERTEX
8
CUT
10
82.7403
20
189.2335
0
VERTEX
8
CUT
10
82.5716
20
189.5618
0
VERTEX
8
CUT
10
82.5347
20
189.6410
0
VERTEX
8
CUT
10
82.5308
20
189.6504
0
VERTEX
8
CUT
10
82.5269
20
189.6596
0
VERTEX
8
CUT
10
81.9414
20
191.0874
0
VERTEX
8
CUT
10
81.9349
20
191.1036
0
VERTEX
8
CUT
10
81.9189
20
191.1446
0
VERTEX
8
CUT
10
81.8870
20
191.2373
0
VERTEX
8
CUT
10
81.7789
20
191.6024
0
VERTEX
8
CUT
10
81.7568
20
191.6899
0
VERTEX
8
CUT
10
81.7546
20
191.7001
0
VERTEX
8
CUT
10
81.7525
20
191.7102
0
VERTEX
8
CUT
10
81.5625
20
192.6498
0
VERTEX
8
CUT
10
81.5546
20
192.6845
0
VERTEX
8
CUT
10
81.4729
20
193.0097
0
VERTEX
8
CUT
10
81.4523
20
193.0778
0
VERTEX
8
CUT
10
81.3724
20
193.3036
0
VERTEX
8
CUT
10
81.3456
20
193.3695
0
VERTEX
8
CUT
10
81.2048
20
193.6737
0
VERTEX
8
CUT
10
81.1891
20
193.7056
0
VERTEX
8
CUT
10
80.9713
20
194.1235
0
VERTEX
8
CUT
10
80.9516
20
194.1590
0
VERTEX
8
CUT
10
80.7570
20
194.4884
0
VERTEX
8
CUT
10
80.7120
20
194.5559
0
VERTEX
8
CUT
10
80.4876
20
194.8570
0
VERTEX
8
CUT
10
80.4392
20
194.9156
0
VERTEX
8
CUT
10
80.2197
20
195.1557
0
VERTEX
8
CUT
10
80.1696
20
195.2057
0
VERTEX
8
CUT
10
79.9933
20
195.3658
0
VERTEX
8
CUT
10
79.9388
20
195.4108
0
VERTEX
8
CUT
10
79.7483
20
195.5538
0
VERTEX
8
CUT
10
79.6899
20
195.5936
0
VERTEX
8
CUT
10
79.4870
20
195.7183
0
VERTEX
8
CUT
10
79.4251
20
195.7525
0
VERTEX
8
CUT
10
79.1280
20
195.8990
0
VERTEX
8
CUT
10
79.0603
20
195.9284
0
VERTEX
8
CUT
10
78.7235
20
196.0556
0
VERTEX
8
CUT
10
78.6504
20
196.0790
0
SEQEND
0
POLYLINE
8
CUT
66
1
70
1
10
0.0
20
0.0
30
0.0
0
VERTEX
8
CUT
10
231.6600
20
45.4242
0
VERTEX
8
CUT
10
231.6719
20
45.3946
0
VERTEX
8
CUT
10
231.7292
20
45.2601
0
VERTEX
8
CUT
10
231.7474
20
45.2205
0
VERTEX
8
CUT
10
231.9297
20
44.8527
0
VERTEX
8
CUT
10
231.9728
20
44.7770
0
VERTEX
8
CUT
10
232.1678
20
44.4760
0
VERTEX
8
CUT
10
232.2128
20
44.4136
0
VERTEX
8
CUT
10
232.3670
20
44.2213
0
VERTEX
8
CUT
10
232.4109
20
44.1712
0
VERTEX
8
CUT
10
232.5662
20
44.0090
0
VERTEX
8
CUT
10
232.6143
20
43.9629
0
VERTEX
8
CUT
10
232.7832
20
43.8150
0
VERTEX
8
CUT
10
232.8352
20
43.7733
0
VERTEX
8
CUT
10
233.0888
20
43.5877
0
VERTEX
8
CUT
10
233.1161
20
43.5686
0
VERTEX
8
CUT
10
233.6318
20
43.2250
0
VERTEX
8
CUT
10
233.6672
20
43.2027
0
VERTEX
8
CUT
10
234.0071
20
43.0023
0
VERTEX
8
CUT
10
234.0815
20
42.9638
0
VERTEX
8
CUT
10
234.3385
20
42.8482
0
VERTEX
8
CUT
10
234.4167
20
42.8181
0
VERTEX
8
CUT
10
234.7179
20
42.7208
0
VERTEX
8
CUT
10
234.8003
20
42.6992
0
VERTEX
8
CUT
10
235.1272
20
42.6329
0
VERTEX
8
CUT
10
235.2131
20
42.6205
0
VERTEX
8
CUT
10
235.5943
20
42.5877
0
VERTEX
8
CUT
10
235.6809
20
42.5852
0
VERTEX
8
CUT
10
236.0621
20
42.5959
0
VERTEX
8
CUT
10
236.1483
20
42.6032
0
VERTEX
8
CUT
10
236.5460
20
42.6601
0
VERTEX
8
CUT
10
236.6287
20
42.6766
0
VERTEX
8
CUT
10
236.9974
20
42.7720
0
VERTEX
8
CUT
10
237.0757
20
42.7968
0
VERTEX
8
CUT
10
237.3343
20
42.8945
0
VERTEX
8
CUT
10
237.4095
20
42.9276
0
VERTEX
8
CUT
10
237.7547
20
43.1026
0
VERTEX
8
CUT
10
237.7908
20
43.1222
0
VERTEX
8
CUT
10
238.1250
20
43.3150
0
VERTEX
8
CUT
10
238.1561
20
43.3339
0
VERTEX
8
CUT
10
238.4452
20
43.5197
0
VERTEX
8
CUT
10
238.5045
20
43.5620
0
VERTEX
8
CUT
10
238.6973
20
43.7139
0
VERTEX
8
CUT
10
238.7524
20
43.7616
0
VERTEX
8
CUT
10
238.9298
20
43.9313
0
VERTEX
8
CUT
10
238.9800
20
43.9841
0
VERTEX
8
CUT
10
239.2044
20
44.2442
0
VERTEX
8
CUT
10
239.2275
20
44.2724
0
VERTEX
8
CUT
10
239.3117
20
44.3800
0
VERTEX
8
CUT
10
239.3337
20
44.4096
0
VERTEX
8
CUT
10
239.5341
20
44.6930
0
VERTEX
8
CUT
10
239.5736
20
44.7551
0
VERTEX
8
CUT
10
239.6965
20
44.9705
0
VERTEX
8
CUT
10
239.7299
20
45.0361
0
VERTEX
8
CUT
10
239.8314
20
45.2624
0
VERTEX
8
CUT
10
239.8582
20
45.3310
0
VERTEX
8
CUT
10
239.9373
20
45.5660
0
VERTEX
8
CUT
10
239.9574
20
45.6368
0
VERTEX
8
CUT
10
240.0358
20
45.9749
0
VERTEX
8
CUT
10
240.0433
20
46.0110
0
VERTEX
8
CUT
10
240.0898
20
46.2675
0
VERTEX
8
CUT
10
240.0952
20
46.3017
0
VERTEX
8
CUT
10
240.1387
20
46.6256
0
VERTEX
8
CUT
10
240.1448
20
46.6946
0
VERTEX
8
CUT
10
240.1548
20
46.9279
0
VERTEX
8
CUT
10
240.1546
20
46.9972
0
VERTEX
8
CUT
10
240.1432
20
47.2304
0
VERTEX
8
CUT
10
240.1367
20
47.2994
0
VERTEX
8
CUT
10
240.1041
20
47.5306
0
VERTEX
8
CUT
10
240.0914
20
47.5987
0
VERTEX
8
CUT
10
240.0379
20
47.8260
0
VERTEX
8
CUT
10
240.0190
20
47.8926
0
VERTEX
8
CUT
10
239.9155
20
48.2025
0
VERTEX
8
CUT
10
239.9037
20
48.2351
0
VERTEX
8
CUT
10
239.8807
20
48.2949
0
VERTEX
8
CUT
10
239.8641
20
48.3345
0
VERTEX
8
CUT
10
239.6975
20
48.7033
0
VERTEX
8
CUT
10
239.6578
20
48.7794
0
VERTEX
8
CUT
10
239.5099
20
49.0276
0
VERTEX
8
CUT
10
239.4619
20
49.0987
0
VERTEX
8
CUT
10
239.2169
20
49.4207
0
VERTEX
8
CUT
10
239.1900
20
49.4541
0
VERTEX
8
CUT
10
238.8016
20
49.9088
0
VERTEX
8
CUT
10
238.7771
20
49.9361
0
VERTEX
8
CUT
10
238.5405
20
50.1875
0
VERTEX
8
CUT
10
238.4877
20
50.2384
0
VERTEX
8
CUT
10
238.3021
20
50.4009
0
VERTEX
8
CUT
10
238.2448
20
50.4465
0
VERTEX
8
CUT
10
238.0444
20
50.5904
0
VERTEX
8
CUT
10
237.9829
20
50.6302
0
VERTEX
8
CUT
10
237.7645
20
50.7572
0
VERTEX
8
CUT
10
237.6933
20
50.7937
0
VERTEX
8
CUT
10
237.3919
20
50.9287
0
VERTEX
8
CUT
10
237.3109
20
50.9596
0
VERTEX
8
CUT
10
237.0327
20
51.0478
0
VERTEX
8
CUT
10
236.9487
20
51.0693
0
VERTEX
8
CUT
10
236.5894
20
51.1395
0
VERTEX
8
CUT
10
236.5122
20
51.1505
0
VERTEX
8
CUT
10
236.2398
20
51.1752
0
VERTEX
8
CUT
10
236.1706
20
51.1783
0
VERTEX
8
CUT
10
235.9373
20
51.1781
0
VERTEX
8
CUT
10
235.8681
20
51.1749
0
VERTEX
8
CUT
10
235.6357
20
51.1534
0
VERTEX
8
CUT
10
235.5671
20
51.1439
0
VERTEX
8
CUT
10
235.2460
20
51.0845
0
VERTEX
8
CUT
10
235.2121
20
51.0774
0
VERTEX
8
CUT
10
234.6894
20
50.9557
0
VERTEX
8
CUT
10
234.6563
20
50.9472
0
VERTEX
8
CUT
10
234.3463
20
50.8602
0
VERTEX
8
CUT
10
234.2814
20
50.8388
0
VERTEX
8
CUT
10
234.0664
20
50.7570
0
VERTEX
8
CUT
10
234.0037
20
50.7298
0
VERTEX
8
CUT
10
233.7969
20
50.6291
0
VERTEX
8
CUT
10
233.7369
20
50.5964
0
VERTEX
8
CUT
10
233.5399
20
50.4775
0
VERTEX
8
CUT
10
233.4831
20
50.4396
0
VERTEX
8
CUT
10
233.2236
20
50.2491
0
VERTEX
8
CUT
10
233.1965
20
50.2282
0
VERTEX
8
CUT
10
232.9401
20
50.0217
0
VERTEX
8
CUT
10
232.9089
20
49.9951
0
VERTEX
8
CUT
10
232.6218
20
49.7372
0
VERTEX
8
CUT
10
232.5639
20
49.6793
0
VERTEX
8
CUT
10
232.3799
20
49.4740
0
VERTEX
8
CUT
10
232.3286
20
49.4102
0
VERTEX
8
CUT
10
232.1677
20
49.1863
0
VERTEX
8
CUT
10
232.1235
20
49.1174
0
VERTEX
8
CUT
10
231.9333
20
48.7816
0
VERTEX
8
CUT
10
231.9141
20
48.7455
0
VERTEX
8
CUT
10
231.7552
20
48.4260
0
VERTEX
8
CUT
10
231.7388
20
48.3909
0
VERTEX
8
CUT
10
231.5929
20
48.0556
0
VERTEX
8
CUT
10
231.5656
20
47.9830
0
VERTEX
8
CUT
10
231.4863
20
47.7342
0
VERTEX
8
CUT
10
231.4666
20
47.6592
0
VERTEX
8
CUT
10
231.4131
20
47.4036
0
VERTEX
8
CUT
10
231.4011
20
47.3269
0
VERTEX
8
CUT
10
231.3739
20
47.0672
0
VERTEX
8
CUT
10
231.3698
20
46.9897
0
VERTEX
8
CUT
10
231.3692
20
46.7286
0
VERTEX
8
CUT
10
231.3730
20
46.6511
0
VERTEX
8
CUT
10
231.4043
20
46.3386
0
VERTEX
8
CUT
10
231.4146
20
46.2687
0
VERTEX
8
CUT
10
231.4603
20
46.0350
0
VERTEX
8
CUT
10
231.4751
20
45.9729
0
VERTEX
8
CUT
10
231.5339
20
45.7662
0
VERTEX
8
CUT
10
231.5539
20
45.7056
0
SEQEND
0
POLYLINE
8
CUT
66
1
70
1
10
0.0
20
0.0
30
0.0
0
VERTEX
8
CUT
10
204.1576
20
214.3379
0
VERTEX
8
CUT
10
204.1056
20
214.2819
0
VERTEX
8
CUT
10
203.9401
20
214.0847
0
VERTEX
8
CUT
10
203.8940
20
214.0237
0
VERTEX
8
CUT
10
203.7491
20
213.8108
0
VERTEX
8
CUT
10
203.7093
20
213.7455
0
VERTEX
8
CUT
10
203.5866
20
213.5192
0
VERTEX
8
CUT
10
203.5536
20
213.4502
0
VERTEX
8
CUT
10
203.4542
20
213.2127
0
VERTEX
8
CUT
10
203.4283
20
213.1408
0
VERTEX
8
CUT
10
203.3533
20
212.8944
0
VERTEX
8
CUT
10
203.3347
20
212.8203
0
VERTEX
8
CUT
10
203.2848
20
212.5677
0
VERTEX
8
CUT
10
203.2738
20
212.4920
0
VERTEX
8
CUT
10
203.2496
20
212.2357
0
VERTEX
8
CUT
10
203.2462
20
212.1593
0
VERTEX
8
CUT
10
203.2478
20
211.9018
0
VERTEX
8
CUT
10
203.2521
20
211.8255
0
VERTEX
8
CUT
10
203.2796
20
211.5694
0
VERTEX
8
CUT
10
203.2916
20
211.4939
0
VERTEX
8
CUT
10
203.3447
20
211.2420
0
VERTEX
8
CUT
10
203.3642
20
211.1681
0
VERTEX
8
CUT
10
203.4423
20
210.9227
0
VERTEX
8
CUT
10
203.4691
20
210.8511
0
VERTEX
8
CUT
10
203.6124
20
210.5204
0
VERTEX
8
CUT
10
203.6284
20
210.4857
0
VERTEX
8
CUT
10
205.5246
20
206.6504
0
VERTEX
8
CUT
10
205.5301
20
206.6394
0
VERTEX
8
CUT
10
205.5986
20
206.5062
0
VERTEX
8
CUT
10
205.6109
20
206.4834
0
VERTEX
8
CUT
10
205.6777
20
206.3637
0
VERTEX
8
CUT
10
205.6840
20
206.3527
0
VERTEX
8
CUT
10
206.8194
20
204.3969
0
VERTEX
8
CUT
10
206.8368
20
204.3684
0
VERTEX
8
CUT
10
207.0062
20
204.1040
0
VERTEX
8
CUT
10
207.0445
20
204.0495
0
VERTEX
8
CUT
10
207.2365
20
203.8009
0
VERTEX
8
CUT
10
207.2574
20
203.7750
0
VERTEX
8
CUT
10
209.1387
20
201.5475
0
VERTEX
8
CUT
10
209.1589
20
201.5246
0
VERTEX
8
CUT
10
209.3536
20
201.3120
0
VERTEX
8
CUT
10
209.3967
20
201.2686
0
VERTEX
8
CUT
10
209.6079
20
201.0724
0
VERTEX
8
CUT
10
209.6307
20
201.0520
0
VERTEX
8
CUT
10
210.4549
20
200.3457
0
VERTEX
8
CUT
10
210.4790
20
200.3259
0
VERTEX
8
CUT
10
210.7101
20
200.1437
0
VERTEX
8
CUT
10
210.7607
20
200.1071
0
VERTEX
8
CUT
10
211.0059
20
199.9446
0
VERTEX
8
CUT
10
211.0323
20
199.9279
0
VERTEX
8
CUT
10
211.7035
20
199.5216
0
VERTEX
8
CUT
10
211.7357
20
199.5031
0
VERTEX
8
CUT
10
212.0442
20
199.3365
0
VERTEX
8
CUT
10
212.1113
20
199.3044
0
VERTEX
8
CUT
10
212.3423
20
199.2074
0
VERTEX
8
CUT
10
212.4122
20
199.1820
0
VERTEX
8
CUT
10
212.6515
20
199.1081
0
VERTEX
8
CUT
10
212.7236
20
199.0896
0
VERTEX
8
CUT
10
212.9690
20
199.0395
0
VERTEX
8
CUT
10
213.0425
20
199.0281
0
VERTEX
8
CUT
10
213.2916
20
199.0022
0
VERTEX
8
CUT
10
213.3659
20
198.9981
0
VERTEX
8
CUT
10
213.6164
20
198.9966
0
VERTEX
8
CUT
10
213.6907
20
198.9998
0
VERTEX
8
CUT
10
213.9401
20
199.0228
0
VERTEX
8
CUT
10
214.0138
20
199.0333
0
VERTEX
8
CUT
10
214.2598
20
199.0806
0
VERTEX
8
CUT
10
214.3320
20
199.0982
0
VERTEX
8
CUT
10
214.5722
20
199.1692
0
VERTEX
8
CUT
10
214.6424
20
199.1938
0
VERTEX
8
CUT
10
214.8745
20
199.2880
0
VERTEX
8
CUT
10
214.9420
20
199.3194
0
VERTEX
8
CUT
10
215.1638
20
199.4358
0
VERTEX
8
CUT
10
215.2278
20
199.4736
0
VERTEX
8
CUT
10
215.4372
20
199.6112
0
VERTEX
8
CUT
10
215.4972
20
199.6550
0
VERTEX
8
CUT
10
215.6921
20
199.8124
0
VERTEX
8
CUT
10
215.7476
20
199.8619
0
VERTEX
8
CUT
10
215.9262
20
200.0375
0
VERTEX
8
CUT
10
215.9766
20
200.0922
0
VERTEX
8
CUT
10
216.1372
20
200.2845
0
VERTEX
8
CUT
10
216.1820
20
200.3439
0
VERTEX
8
CUT
10
216.3230
20
200.5509
0
VERTEX
8
CUT
10
216.3618
20
200.6144
0
VERTEX
8
CUT
10
216.4819
20
200.8342
0
VERTEX
8
CUT
10
216.5143
20
200.9011
0
VERTEX
8
CUT
10
216.6123
20
201.1317
0
VERTEX
8
CUT
10
216.6380
20
201.2014
0
VERTEX
8
CUT
10
216.7130
20
201.4404
0
VERTEX
8
CUT
10
216.7318
20
201.5124
0
VERTEX
8
CUT
10
216.7831
20
201.7576
0
VERTEX
8
CUT
10
216.7948
20
201.8310
0
VERTEX
8
CUT
10
216.8219
20
202.0801
0
VERTEX
8
CUT
10
216.8263
20
202.1543
0
VERTEX
8
CUT
10
216.8289
20
202.4048
0
VERTEX
8
CUT
10
216.8260
20
202.4791
0
VERTEX
8
CUT
10
216.8042
20
202.7287
0
VERTEX
8
CUT
10
216.7941
20
202.8023
0
VERTEX
8
CUT
10
216.7295
20
203.1469
0
VERTEX
8
CUT
10
216.7217
20
203.1833
0
VERTEX
8
CUT
10
216.6683
20
203.4074
0
VERTEX
8
CUT
10
216.6582
20
203.4539
0
VERTEX
8
CUT
10
216.6188
20
203.6563
0
VERTEX
8
CUT
10
216.6045
20
203.7503
0
VERTEX
8
CUT
10
216.5846
20
203.9316
0
VERTEX
8
CUT
10
216.5782
20
204.0265
0
VERTEX
8
CUT
10
216.5730
20
204.2326
0
VERTEX
8
CUT
10
216.5728
20
204.2802
0
VERTEX
8
CUT
10
216.6199
20
207.1712
0
VERTEX
8
CUT
10
216.6212
20
207.2103
0
VERTEX
8
CUT
10
216.6308
20
207.3991
0
VERTEX
8
CUT
10
216.6334
20
207.4381
0
VERTEX
8
CUT
10
216.6397
20
207.5124
0
VERTEX
8
CUT
10
216.6437
20
207.5513
0
VERTEX
8
CUT
10
216.6662
20
207.7390
0
VERTEX
8
CUT
10
216.6715
20
207.7777
0
VERTEX
8
CUT
10
217.9717
20
216.1795
0
VERTEX
8
CUT
10
217.9765
20
216.2165
0
VERTEX
8
CUT
10
218.0131
20
216.5664
0
VERTEX
8
CUT
10
218.0173
20
216.6409
0
VERTEX
8
CUT
10
218.0194
20
216.9928
0
VERTEX
8
CUT
10
218.0187
20
217.0301
0
VERTEX
8
CUT
10
217.8973
20
219.8576
0
VERTEX
8
CUT
10
217.8951
20
219.8909
0
VERTEX
8
CUT
10
217.8679
20
220.2037
0
VERTEX
8
CUT
10
217.8592
20
220.2698
0
VERTEX
8
CUT
10
217.8203
20
220.4908
0
VERTEX
8
CUT
10
217.8059
20
220.5558
0
VERTEX
8
CUT
10
217.7245
20
220.8591
0
VERTEX
8
CUT
10
217.7152
20
220.8910
0
VERTEX
8
CUT
10
217.0562
20
222.9776
0
VERTEX
8
CUT
10
217.0414
20
223.0202
0
VERTEX
8
CUT
10
216.8895
20
223.4173
0
VERTEX
8
CUT
10
216.8523
20
223.4995
0
VERTEX
8
CUT
10
216.6545
20
223.8758
0
VERTEX
8
CUT
10
216.6323
20
223.9151
0
VERTEX
8
CUT
10
216.3125
20
224.4445
0
VERTEX
8
CUT
10
216.2955
20
224.4713
0
VERTEX
8
CUT
10
216.1300
20
224.7211
0
VERTEX
8
CUT
10
216.0927
20
224.7725
0
VERTEX
8
CUT
10
215.9070
20
225.0076
0
VERTEX
8
CUT
10
215.8868
20
225.0321
0
VERTEX
8
CUT
10
215.3938
20
225.6049
0
VERTEX
8
CUT
10
215.3703
20
225.6309
0
VERTEX
8
CUT
10
215.1437
20
225.8709
0
VERTEX
8
CUT
10
215.0933
20
225.9196
0
VERTEX
8
CUT
10
214.8455
20
226.1377
0
VERTEX
8
CUT
10
214.8187
20
226.1602
0
VERTEX
8
CUT
10
214.6101
20
226.3275
0
VERTEX
8
CUT
10
214.5788
20
226.3513
0
VERTEX
8
CUT
10
214.2783
20
226.5677
0
VERTEX
8
CUT
10
214.2123
20
226.6103
0
VERTEX
8
CUT
10
213.9828
20
226.7419
0
VERTEX
8
CUT
10
213.9127
20
226.7774
0
VERTEX
8
CUT
10
213.5742
20
226.9274
0
VERTEX
8
CUT
10
213.5379
20
226.9424
0
VERTEX
8
CUT
10
212.5086
20
227.3365
0
VERTEX
8
CUT
10
212.4731
20
227.3491
0
VERTEX
8
CUT
10
212.1350
20
227.4596
0
VERTEX
8
CUT
10
212.0622
20
227.4795
0
VERTEX
8
CUT
10
211.8141
20
227.5341
0
VERTEX
8
CUT
10
211.7397
20
227.5466
0
VERTEX
8
CUT
10
211.3866
20
227.5883
0
VERTEX
8
CUT
10
211.3490
20
227.5918
0
VERTEX
8
CUT
10
211.3280
20
227.5932
0
VERTEX
8
CUT
10
211.2875
20
227.5948
0
VERTEX
8
CUT
10
210.9055
20
227.6003
0
VERTEX
8
CUT
10
210.8246
20
227.5972
0
VERTEX
8
CUT
10
210.4442
20
227.5620
0
VERTEX
8
CUT
10
210.4040
20
227.5572
0
VERTEX
8
CUT
10
210.2898
20
227.5404
0
VERTEX
8
CUT
10
210.2469
20
227.5329
0
VERTEX
8
CUT
10
209.8448
20
227.4502
0
VERTEX
8
CUT
10
209.7607
20
227.4278
0
VERTEX
8
CUT
10
209.3708
20
227.2996
0
VERTEX
8
CUT
10
209.3298
20
227.2848
0
VERTEX
8
CUT
10
209.2936
20
227.2706
0
VERTEX
8
CUT
10
209.2644
20
227.2584
0
VERTEX
8
CUT
10
208.9910
20
227.1374
0
VERTEX
8
CUT
10
208.9341
20
227.1093
0
VERTEX
8
CUT
10
208.7466
20
227.0069
0
VERTEX
8
CUT
10
208.6923
20
226.9742
0
VERTEX
8
CUT
10
208.4965
20
226.8449
0
VERTEX
8
CUT
10
208.4376
20
226.8019
0
VERTEX
8
CUT
10
208.1736
20
226.5886
0
VERTEX
8
CUT
10
208.1124
20
226.5333
0
VERTEX
8
CUT
10
207.9165
20
226.3364
0
VERTEX
8
CUT
10
207.8616
20
226.2748
0
VERTEX
8
CUT
10
207.6189
20
225.9710
0
VERTEX
8
CUT
10
207.5940
20
225.9381
0
VERTEX
8
CUT
10
207.4216
20
225.6965
0
VERTEX
8
CUT
10
207.3981
20
225.6614
0
VERTEX
8
CUT
10
207.1854
20
225.3253
0
VERTEX
8
CUT
10
207.1443
20
225.2516
0
VERTEX
8
CUT
10
207.0199
20
224.9962
0
VERTEX
8
CUT
10
206.9873
20
224.9184
0
VERTEX
8
CUT
10
206.8539
20
224.5438
0
VERTEX
8
CUT
10
206.8408
20
224.5036
0
VERTEX
8
CUT
10
206.7899
20
224.3309
0
VERTEX
8
CUT
10
206.7798
20
224.2930
0
VERTEX
8
CUT
10
206.6938
20
223.9335
0
VERTEX
8
CUT
10
206.6795
20
223.8564
0
VERTEX
8
CUT
10
206.6448
20
223.5946
0
VERTEX
8
CUT
10
206.6385
20
223.5164
0
VERTEX
8
CUT
10
206.6280
20
223.1469
0
VERTEX
8
CUT
10
206.6279
20
223.1077
0
VERTEX
8
CUT
10
206.6311
20
222.9720
0
VERTEX
8
CUT
10
206.6323
20
222.9425
0
VERTEX
8
CUT
10
206.6496
20
222.6648
0
VERTEX
8
CUT
10
206.6555
20
222.6061
0
VERTEX
8
CUT
10
206.6942
20
222.3306
0
VERTEX
8
CUT
10
206.6989
20
222.3014
0
VERTEX
8
CUT
10
207.1939
20
219.5568
0
VERTEX
8
CUT
10
207.1968
20
219.5401
0
VERTEX
8
CUT
10
207.2038
20
219.4981
0
VERTEX
8
CUT
10
207.2153
20
219.4039
0
VERTEX
8
CUT
10
207.2449
20
219.0365
0
VERTEX
8
CUT
10
207.2486
20
218.9492
0
VERTEX
8
CUT
10
207.2486
20
218.9391
0
VERTEX
8
CUT
10
207.2486
20
218.9291
0
VERTEX
8
CUT
10
207.2478
20
218.7769
0
VERTEX
8
CUT
10
207.2465
20
218.7283
0
VERTEX
8
CUT
10
207.2365
20
218.5179
0
VERTEX
8
CUT
10
207.2277
20
218.4210
0
VERTEX
8
CUT
10
207.2030
20
218.2364
0
VERTEX
8
CUT
10
207.1860
20
218.1406
0
VERTEX
8
CUT
10
207.1403
20
217.9350
0
VERTEX
8
CUT
10
207.1288
20
217.8877
0
VERTEX
8
CUT
10
207.0130
20
217.4543
0
VERTEX
8
CUT
10
206.9967
20
217.3991
0
VERTEX
8
CUT
10
206.9203
20
217.1618
0
VERTEX
8
CUT
10
206.8795
20
217.0542
0
VERTEX
8
CUT
10
206.7911
20
216.8522
0
VERTEX
8
CUT
10
206.7397
20
216.7493
0
VERTEX
8
CUT
10
206.6314
20
216.5572
0
VERTEX
8
CUT
10
206.5699
20
216.4600
0
VERTEX
8
CUT
10
206.4261
20
216.2563
0
VERTEX
8
CUT
10
206.3917
20
216.2101
0
VERTEX
8
CUT
10
206.2204
20
215.9916
0
VERTEX
8
CUT
10
206.1883
20
215.9526
0
VERTEX
8
CUT
10
206.0460
20
215.7868
0
VERTEX
8
CUT
10
205.9770
20
215.7133
0
VERTEX
8
CUT
10
205.8386
20
215.5783
0
VERTEX
8
CUT
10
205.7634
20
215.5112
0
VERTEX
8
CUT
10
205.6136
20
215.3890
0
VERTEX
8
CUT
10
205.5327
20
215.3287
0
VERTEX
8
CUT
10
205.3518
20
215.2061
0
VERTEX
8
CUT
10
205.3095
20
215.1787
0
VERTEX
8
CUT
10
205.0381
20
215.0117
0
VERTEX
8
CUT
10
205.0229
20
215.0026
0
VERTEX
8
CUT
10
205.0119
20
214.9960
0
VERTEX
8
CUT
10
204.9895
20
214.9821
0
VERTEX
8
CUT
10
204.6633
20
214.7727
0
VERTEX
8
CUT
10
204.6011
20
214.7282
0
VERTEX
8
CUT
10
204.3995
20
214.5681
0
VERTEX
8
CUT
10
204.3421
20
214.5176
0
SEQEND
0
POLYLINE
8
CUT
66
1
70
1
10
0.0
20
0.0
30
0.0
0
VERTEX
8
CUT
10
197.0812
20
49.0586
0
VERTEX
8
CUT
10
197.0073
20
49.0739
0
VERTEX
8
CUT
10
196.7564
20
49.1130
0
VERTEX
8
CUT
10
196.6814
20
49.1208
0
VERTEX
8
CUT
10
196.4278
20
49.1348
0
VERTEX
8
CUT
10
196.3524
20
49.1352
0
VERTEX
8
CUT
10
196.0987
20
49.1240
0
VERTEX
8
CUT
10
196.0237
20
49.1170
0
VERTEX
8
CUT
10
195.7723
20
49.0807
0
VERTEX
8
CUT
10
195.6983
20
49.0662
0
VERTEX
8
CUT
10
195.4518
20
49.0052
0
VERTEX
8
CUT
10
195.3796
20
48.9835
0
VERTEX
8
CUT
10
195.1403
20
48.8983
0
VERTEX
8
CUT
10
195.0706
20
48.8695
0
VERTEX
8
CUT
10
194.8410
20
48.7611
0
VERTEX
8
CUT
10
194.7745
20
48.7256
0
VERTEX
8
CUT
10
194.5567
20
48.5949
0
VERTEX
8
CUT
10
194.4941
20
48.5530
0
VERTEX
8
CUT
10
194.2903
20
48.4014
0
VERTEX
8
CUT
10
194.2321
20
48.3534
0
VERTEX
8
CUT
10
194.0444
20
48.1824
0
VERTEX
8
CUT
10
193.9912
20
48.1289
0
VERTEX
8
CUT
10
193.8214
20
47.9401
0
VERTEX
8
CUT
10
193.7738
20
47.8816
0
VERTEX
8
CUT
10
193.6235
20
47.6769
0
VERTEX
8
CUT
10
193.5819
20
47.6140
0
VERTEX
8
CUT
10
193.4526
20
47.3955
0
VERTEX
8
CUT
10
193.4175
20
47.3287
0
VERTEX
8
CUT
10
193.3105
20
47.0984
0
VERTEX
8
CUT
10
193.2822
20
47.0285
0
VERTEX
8
CUT
10
193.1985
20
46.7888
0
VERTEX
8
CUT
10
193.1772
20
46.7164
0
VERTEX
8
CUT
10
193.1177
20
46.4695
0
VERTEX
8
CUT
10
193.1037
20
46.3955
0
VERTEX
8
CUT
10
193.0690
20
46.1439
0
VERTEX
8
CUT
10
193.0624
20
46.0688
0
VERTEX
8
CUT
10
193.0528
20
45.8150
0
VERTEX
8
CUT
10
193.0536
20
45.7396
0
VERTEX
8
CUT
10
193.0692
20
45.4861
0
VERTEX
8
CUT
10
193.0775
20
45.4112
0
VERTEX
8
CUT
10
193.1181
20
45.1605
0
VERTEX
8
CUT
10
193.1339
20
45.0867
0
VERTEX
8
CUT
10
193.1991
20
44.8413
0
VERTEX
8
CUT
10
193.2221
20
44.7695
0
VERTEX
8
CUT
10
193.3113
20
44.5317
0
VERTEX
8
CUT
10
193.3413
20
44.4625
0
VERTEX
8
CUT
10
193.4536
20
44.2348
0
VERTEX
8
CUT
10
193.4903
20
44.1689
0
VERTEX
8
CUT
10
193.6247
20
43.9534
0
VERTEX
8
CUT
10
193.6677
20
43.8915
0
VERTEX
8
CUT
10
193.8227
20
43.6903
0
VERTEX
8
CUT
10
193.8717
20
43.6330
0
VERTEX
8
CUT
10
194.0459
20
43.4482
0
VERTEX
8
CUT
10
194.1003
20
43.3960
0
VERTEX
8
CUT
10
194.2920
20
43.2294
0
VERTEX
8
CUT
10
194.3512
20
43.1828
0
VERTEX
8
CUT
10
194.6413
20
42.9774
0
VERTEX
8
CUT
10
194.6726
20
42.9563
0
VERTEX
8
CUT
10
195.2670
20
42.5781
0
VERTEX
8
CUT
10
195.2970
20
42.5600
0
VERTEX
8
CUT
10
195.5836
20
42.3957
0
VERTEX
8
CUT
10
195.6459
20
42.3637
0
VERTEX
8
CUT
10
195.9463
20
42.2265
0
VERTEX
8
CUT
10
195.9785
20
42.2127
0
VERTEX
8
CUT
10
196.5018
20
42.0023
0
VERTEX
8
CUT
10
196.5338
20
41.9903
0
VERTEX
8
CUT
10
196.8387
20
41.8834
0
VERTEX
8
CUT
10
196.9043
20
41.8637
0
VERTEX
8
CUT
10
197.2175
20
41.7847
0
VERTEX
8
CUT
10
197.2508
20
41.7771
0
VERTEX
8
CUT
10
197.5122
20
41.7236
0
VERTEX
8
CUT
10
197.5547
20
41.7161
0
VERTEX
8
CUT
10
197.9567
20
41.6573
0
VERTEX
8
CUT
10
198.0425
20
41.6497
0
VERTEX
8
CUT
10
198.4485
20
41.6368
0
VERTEX
8
CUT
10
198.4916
20
41.6367
0
VERTEX
8
CUT
10
199.6493
20
41.6656
0
VERTEX
8
CUT
10
199.6824
20
41.6672
0
VERTEX
8
CUT
10
199.9940
20
41.6886
0
VERTEX
8
CUT
10
200.0598
20
41.6960
0
VERTEX
8
CUT
10
200.3683
20
41.7444
0
VERTEX
8
CUT
10
200.4009
20
41.7503
0
VERTEX
8
CUT
10
200.4816
20
41.7666
0
VERTEX
8
CUT
10
200.5165
20
41.7745
0
VERTEX
8
CUT
10
200.8446
20
41.8571
0
VERTEX
8
CUT
10
200.9133
20
41.8779
0
VERTEX
8
CUT
10
201.1411
20
41.9587
0
VERTEX
8
CUT
10
201.2075
20
41.9859
0
VERTEX
8
CUT
10
201.5143
20
42.1286
0
VERTEX
8
CUT
10
201.5464
20
42.1445
0
VERTEX
8
CUT
10
202.2896
20
42.5339
0
VERTEX
8
CUT
10
202.3257
20
42.5541
0
VERTEX
8
CUT
10
202.6610
20
42.7537
0
VERTEX
8
CUT
10
202.7297
20
42.7999
0
VERTEX
8
CUT
10
202.9522
20
42.9677
0
VERTEX
8
CUT
10
203.0155
20
43.0211
0
VERTEX
8
CUT
10
203.2996
20
43.2884
0
VERTEX
8
CUT
10
203.3289
20
43.3176
0
VERTEX
8
CUT
10
203.5764
20
43.5773
0
VERTEX
8
CUT
10
203.6015
20
43.6051
0
VERTEX
8
CUT
10
203.8320
20
43.8721
0
VERTEX
8
CUT
10
203.8780
20
43.9311
0
VERTEX
8
CUT
10
204.0231
20
44.1371
0
VERTEX
8
CUT
10
204.0631
20
44.2003
0
VERTEX
8
CUT
10
204.1873
20
44.4196
0
VERTEX
8
CUT
10
204.2209
20
44.4865
0
VERTEX
8
CUT
10
204.3228
20
44.7169
0
VERTEX
8
CUT
10
204.3497
20
44.7868
0
VERTEX
8
CUT
10
204.4285
20
45.0261
0
VERTEX
8
CUT
10
204.4484
20
45.0982
0
VERTEX
8
CUT
10
204.5033
20
45.3442
0
VERTEX
8
CUT
10
204.5160
20
45.4179
0
VERTEX
8
CUT
10
204.5464
20
45.6681
0
VERTEX
8
CUT
10
204.5518
20
45.7427
0
VERTEX
8
CUT
10
204.5575
20
45.9946
0
VERTEX
8
CUT
10
204.5555
20
46.0694
0
VERTEX
8
CUT
10
204.5365
20
46.3207
0
VERTEX
8
CUT
10
204.5271
20
46.3949
0
VERTEX
8
CUT
10
204.4834
20
46.6431
0
VERTEX
8
CUT
10
204.4668
20
46.7161
0
VERTEX
8
CUT
10
204.3990
20
46.9587
0
VERTEX
8
CUT
10
204.3753
20
47.0297
0
VERTEX
8
CUT
10
204.2839
20
47.2645
0
VERTEX
8
CUT
10
204.2533
20
47.3328
0
VERTEX
8
CUT
10
204.1393
20
47.5575
0
VERTEX
8
CUT
10
204.1022
20
47.6225
0
VERTEX
8
CUT
10
203.9666
20
47.8349
0
VERTEX
8
CUT
10
203.9232
20
47.8959
0
VERTEX
8
CUT
10
203.7674
20
48.0940
0
VERTEX
8
CUT
10
203.7183
20
48.1504
0
VERTEX
8
CUT
10
203.5438
20
48.3322
0
VERTEX
8
CUT
10
203.4894
20
48.3835
0
VERTEX
8
CUT
10
203.2978
20
48.5472
0
VERTEX
8
CUT
10
203.2386
20
48.5930
0
VERTEX
8
CUT
10
203.0319
20
48.7371
0
VERTEX
8
CUT
10
202.9684
20
48.7768
0
VERTEX
8
CUT
10
202.7485
20
48.8999
0
VERTEX
8
CUT
10
202.6815
20
48.9331
0
VERTEX
8
CUT
10
202.4506
20
49.0340
0
VERTEX
8
CUT
10
202.3806
20
49.0605
0
VERTEX
8
CUT
10
202.1409
20
49.1382
0
VERTEX
8
CUT
10
202.0687
20
49.1577
0
VERTEX
8
CUT
10
201.8225
20
49.2114
0
VERTEX
8
CUT
10
201.7487
20
49.2238
0
VERTEX
8
CUT
10
201.4984
20
49.2530
0
VERTEX
8
CUT
10
201.4238
20
49.2580
0
VERTEX
8
CUT
10
201.1718
20
49.2625
0
VERTEX
8
CUT
10
201.0970
20
49.2602
0
VERTEX
8
CUT
10
200.8458
20
49.2399
0
VERTEX
8
CUT
10
200.7716
20
49.2302
0
VERTEX
8
CUT
10
200.5237
20
49.1853
0
VERTEX
8
CUT
10
200.4508
20
49.1683
0
VERTEX
8
CUT
10
200.1116
20
49.0717
0
VERTEX
8
CUT
10
200.0759
20
49.0606
0
VERTEX
8
CUT
10
199.9870
20
49.0304
0
VERTEX
8
CUT
10
199.9381
20
49.0151
0
VERTEX
8
CUT
10
199.7248
20
48.9533
0
VERTEX
8
CUT
10
199.6252
20
48.9293
0
VERTEX
8
CUT
10
199.4324
20
48.8918
0
VERTEX
8
CUT
10
199.3310
20
48.8768
0
VERTEX
8
CUT
10
199.1357
20
48.8568
0
VERTEX
8
CUT
10
199.0334
20
48.8510
0
VERTEX
8
CUT
10
198.8113
20
48.8483
0
VERTEX
8
CUT
10
198.7601
20
48.8488
0
VERTEX
8
CUT
10
198.1635
20
48.8685
0
VERTEX
8
CUT
10
198.1007
20
48.8723
0
VERTEX
8
CUT
10
197.8295
20
48.8963
0
VERTEX
8
CUT
10
197.7052
20
48.9142
0
VERTEX
8
CUT
10
197.4383
20
48.9679
0
VERTEX
8
CUT
10
197.3770
20
48.9820
0
SEQEND
0
POLYLINE
8
CUT
66
1
70
1
10
0.0
20
0.0
30
0.0
0
VERTEX
8
CUT
10
184.5703
20
84.0776
0
VERTEX
8
CUT
10
184.5090
20
84.0372
0
VERTEX
8
CUT
10
184.4520
20
83.9910
0
VERTEX
8
CUT
10
184.3997
20
83.9395
0
VERTEX
8
CUT
10
184.3526
20
83.8832
0
VERTEX
8
CUT
10
184.3111
20
83.8226
0
VERTEX
8
CUT
10
184.2757
20
83.7583
0
VERTEX
8
CUT
10
184.2466
20
83.6909
0
VERTEX
8
CUT
10
184.2242
20
83.6210
0
VERTEX
8
CUT
10
184.2086
20
83.5493
0
VERTEX
8
CUT
10
184.2000
20
83.4764
0
VERTEX
8
CUT
10
184.1985
20
83.4030
0
VERTEX
8
CUT
10
184.2041
20
83.3298
0
VERTEX
8
CUT
10
184.2167
20
83.2575
0
VERTEX
8
CUT
10
184.2362
20
83.1868
0
VERTEX
8
CUT
10
184.2625
20
83.1182
0
VERTEX
8
CUT
10
184.2953
20
83.0525
0
VERTEX
8
CUT
10
184.3342
20
82.9903
0
VERTEX
8
CUT
10
184.3790
20
82.9321
0
VERTEX
8
CUT
10
184.4291
20
82.8785
0
VERTEX
8
CUT
10
184.4842
20
82.8300
0
VERTEX
8
CUT
10
184.5438
20
82.7871
0
VERTEX
8
CUT
10
184.6071
20
82.7501
0
VERTEX
8
CUT
10
184.6738
20
82.7193
0
VERTEX
8
CUT
10
184.7970
20
82.6696
0
VERTEX
8
CUT
10
184.8968
20
82.6236
0
VERTEX
8
CUT
10
185.0836
20
82.5264
0
VERTEX
8
CUT
10
185.1785
20
82.4710
0
VERTEX
8
CUT
10
185.3550
20
82.3563
0
VERTEX
8
CUT
10
185.4441
20
82.2920
0
VERTEX
8
CUT
10
185.6087
20
82.1608
0
VERTEX
8
CUT
10
185.6913
20
82.0883
0
VERTEX
8
CUT
10
185.8425
20
81.9418
0
VERTEX
8
CUT
10
185.9177
20
81.8617
0
VERTEX
8
CUT
10
186.0541
20
81.7013
0
VERTEX
8
CUT
10
186.1212
20
81.6143
0
VERTEX
8
CUT
10
186.2416
20
81.4416
0
VERTEX
8
CUT
10
186.2999
20
81.3485
0
VERTEX
8
CUT
10
186.4031
20
81.1650
0
VERTEX
8
CUT
10
186.4523
20
81.0667
0
VERTEX
8
CUT
10
186.5373
20
80.8741
0
VERTEX
8
CUT
10
186.5768
20
80.7716
0
VERTEX
8
CUT
10
186.6515
20
80.5456
0
VERTEX
8
CUT
10
186.6675
20
80.4930
0
VERTEX
8
CUT
10
186.6978
20
80.3841
0
VERTEX
8
CUT
10
186.7239
20
80.3065
0
VERTEX
8
CUT
10
186.8417
20
80.0106
0
VERTEX
8
CUT
10
186.8743
20
79.9395
0
VERTEX
8
CUT
10
186.9964
20
79.7061
0
VERTEX
8
CUT
10
187.0101
20
79.6828
0
VERTEX
8
CUT
10
187.0213
20
79.6547
0
VERTEX
8
CUT
10
187.0517
20
79.5878
0
VERTEX
8
CUT
10
187.1958
20
79.3074
0
VERTEX
8
CUT
10
187.2364
20
79.2378
0
VERTEX
8
CUT
10
187.3853
20
79.0111
0
VERTEX
8
CUT
10
187.4330
20
78.9462
0
VERTEX
8
CUT
10
187.6737
20
78.6527
0
VERTEX
8
CUT
10
187.7001
20
78.6222
0
VERTEX
8
CUT
10
188.1466
20
78.1331
0
VERTEX
8
CUT
10
188.1688
20
78.1099
0
VERTEX
8
CUT
10
188.3819
20
77.8954
0
VERTEX
8
CUT
10
188.4289
20
77.8519
0
VERTEX
8
CUT
10
188.6593
20
77.6562
0
VERTEX
8
CUT
10
188.6842
20
77.6359
0
VERTEX
8
CUT
10
191.9720
20
75.0733
0
VERTEX
8
CUT
10
192.0222
20
75.0319
0
VERTEX
8
CUT
10
192.2342
20
74.8462
0
VERTEX
8
CUT
10
192.3270
20
74.7551
0
VERTEX
8
CUT
10
192.5165
20
74.5465
0
VERTEX
8
CUT
10
192.5589
20
74.4971
0
VERTEX
8
CUT
10
192.8262
20
74.1668
0
VERTEX
8
CUT
10
192.8678
20
74.1089
0
VERTEX
8
CUT
10
192.8733
20
74.1006
0
VERTEX
8
CUT
10
192.8787
20
74.0924
0
VERTEX
8
CUT
10
193.1940
20
73.6086
0
VERTEX
8
CUT
10
193.2293
20
73.5507
0
VERTEX
8
CUT
10
193.3046
20
73.4186
0
VERTEX
8
CUT
10
193.3798
20
73.2539
0
VERTEX
8
CUT
10
193.4024
20
73.2010
0
VERTEX
8
CUT
10
193.6216
20
72.6485
0
VERTEX
8
CUT
10
193.6403
20
72.5979
0
VERTEX
8
CUT
10
193.7161
20
72.3769
0
VERTEX
8
CUT
10
193.7462
20
72.2733
0
VERTEX
8
CUT
10
193.7945
20
72.0723
0
VERTEX
8
CUT
10
193.8147
20
71.9664
0
VERTEX
8
CUT
10
193.8438
20
71.7618
0
VERTEX
8
CUT
10
193.8528
20
71.6653
0
VERTEX
8
CUT
10
193.8627
20
71.4349
0
VERTEX
8
CUT
10
193.8621
20
71.3236
0
VERTEX
8
CUT
10
193.8504
20
71.1108
0
VERTEX
8
CUT
10
193.8389
20
71.0002
0
VERTEX
8
CUT
10
193.8065
20
70.7895
0
VERTEX
8
CUT
10
193.7843
20
70.6805
0
VERTEX
8
CUT
10
193.7316
20
70.4740
0
VERTEX
8
CUT
10
193.6988
20
70.3676
0
VERTEX
8
CUT
10
193.6262
20
70.1672
0
VERTEX
8
CUT
10
193.5833
20
70.0646
0
VERTEX
8
CUT
10
193.4914
20
69.8723
0
VERTEX
8
CUT
10
193.4387
20
69.7743
0
VERTEX
8
CUT
10
193.3286
20
69.5918
0
VERTEX
8
CUT
10
193.2665
20
69.4995
0
VERTEX
8
CUT
10
193.1225
20
69.3063
0
VERTEX
8
CUT
10
193.0881
20
69.2625
0
VERTEX
8
CUT
10
192.9557
20
69.1018
0
VERTEX
8
CUT
10
192.9100
20
69.0403
0
VERTEX
8
CUT
10
192.7668
20
68.8259
0
VERTEX
8
CUT
10
192.7276
20
68.7601
0
VERTEX
8
CUT
10
192.6067
20
68.5323
0
VERTEX
8
CUT
10
192.5743
20
68.4630
0
VERTEX
8
CUT
10
192.4770
20
68.2241
0
VERTEX
8
CUT
10
192.4517
20
68.1519
0
VERTEX
8
CUT
10
192.3788
20
67.9045
0
VERTEX
8
CUT
10
192.3610
20
67.8300
0
VERTEX
8
CUT
10
192.3134
20
67.5766
0
VERTEX
8
CUT
10
192.3031
20
67.5007
0
VERTEX
8
CUT
10
192.2813
20
67.2438
0
VERTEX
8
CUT
10
192.2787
20
67.1672
0
VERTEX
8
CUT
10
192.2828
20
66.9094
0
VERTEX
8
CUT
10
192.2879
20
66.8330
0
VERTEX
8
CUT
10
192.3180
20
66.5769
0
VERTEX
8
CUT
10
192.3307
20
66.5014
0
VERTEX
8
CUT
10
192.3864
20
66.2496
0
VERTEX
8
CUT
10
192.4067
20
66.1758
0
VERTEX
8
CUT
10
192.4874
20
65.9308
0
VERTEX
8
CUT
10
192.5151
20
65.8594
0
VERTEX
8
CUT
10
192.6200
20
65.6239
0
VERTEX
8
CUT
10
192.6547
20
65.5556
0
VERTEX
8
CUT
10
192.8340
20
65.2424
0
VERTEX
8
CUT
10
192.8539
20
65.2096
0
VERTEX
8
CUT
10
193.7318
20
63.8412
0
VERTEX
8
CUT
10
193.7421
20
63.8256
0
VERTEX
8
CUT
10
193.8606
20
63.6505
0
VERTEX
8
CUT
10
193.8823
20
63.6201
0
VERTEX
8
CUT
10
194.0093
20
63.4510
0
VERTEX
8
CUT
10
194.0207
20
63.4362
0
VERTEX
8
CUT
10
194.8710
20
62.3604
0
VERTEX
8
CUT
10
194.8919
20
62.3351
0
VERTEX
8
CUT
10
195.0941
20
62.1008
0
VERTEX
8
CUT
10
195.1391
20
62.0530
0
VERTEX
8
CUT
10
195.2975
20
61.8987
0
VERTEX
8
CUT
10
195.3465
20
61.8550
0
VERTEX
8
CUT
10
195.5859
20
61.6589
0
VERTEX
8
CUT
10
195.6118
20
61.6387
0
VERTEX
8
CUT
10
195.7788
20
61.5136
0
VERTEX
8
CUT
10
195.8094
20
61.4918
0
VERTEX
8
CUT
10
196.1026
20
61.2941
0
VERTEX
8
CUT
10
196.1668
20
61.2552
0
VERTEX
8
CUT
10
196.3892
20
61.1353
0
VERTEX
8
CUT
10
196.4569
20
61.1030
0
VERTEX
8
CUT
10
196.6900
20
61.0055
0
VERTEX
8
CUT
10
196.7605
20
60.9800
0
VERTEX
8
CUT
10
197.0021
20
60.9060
0
VERTEX
8
CUT
10
197.0749
20
60.8876
0
VERTEX
8
CUT
10
197.3226
20
60.8378
0
VERTEX
8
CUT
10
197.3967
20
60.8267
0
VERTEX
8
CUT
10
197.6482
20
60.8015
0
VERTEX
8
CUT
10
197.7231
20
60.7977
0
VERTEX
8
CUT
10
197.9758
20
60.7975
0
VERTEX
8
CUT
10
198.0507
20
60.8011
0
VERTEX
8
CUT
10
198.3021
20
60.8258
0
VERTEX
8
CUT
10
198.3763
20
60.8368
0
VERTEX
8
CUT
10
198.6242
20
60.8861
0
VERTEX
8
CUT
10
198.6969
20
60.9044
0
VERTEX
8
CUT
10
198.9387
20
60.9779
0
VERTEX
8
CUT
10
199.0093
20
61.0032
0
VERTEX
8
CUT
10
199.2426
20
61.1002
0
VERTEX
8
CUT
10
199.3103
20
61.1324
0
VERTEX
8
CUT
10
199.5330
20
61.2519
0
VERTEX
8
CUT
10
199.5972
20
61.2906
0
VERTEX
8
CUT
10
199.8070
20
61.4315
0
VERTEX
8
CUT
10
199.8671
20
61.4763
0
VERTEX
8
CUT
10
200.0619
20
61.6372
0
VERTEX
8
CUT
10
200.0883
20
61.6612
0
VERTEX
8
CUT
10
200.1051
20
61.6750
0
VERTEX
8
CUT
10
200.1641
20
61.7285
0
VERTEX
8
CUT
10
200.3532
20
61.9190
0
VERTEX
8
CUT
10
200.4063
20
61.9784
0
VERTEX
8
CUT
10
200.5744
20
62.1877
0
VERTEX
8
CUT
10
200.6209
20
62.2523
0
VERTEX
8
CUT
10
200.7662
20
62.4780
0
VERTEX
8
CUT
10
200.8057
20
62.5472
0
VERTEX
8
CUT
10
200.9748
20
62.8826
0
VERTEX
8
CUT
10
200.9918
20
62.9187
0
VERTEX
8
CUT
10
201.2022
20
63.3967
0
VERTEX
8
CUT
10
201.2196
20
63.4399
0
VERTEX
8
CUT
10
201.2477
20
63.5160
0
VERTEX
8
CUT
10
201.3790
20
63.7946
0
VERTEX
8
CUT
10
201.4074
20
63.8633
0
VERTEX
8
CUT
10
201.4916
20
64.0990
0
VERTEX
8
CUT
10
201.5131
20
64.1701
0
VERTEX
8
CUT
10
201.5981
20
64.5100
0
VERTEX
8
CUT
10
201.6062
20
64.5463
0
VERTEX
8
CUT
10
201.7132
20
65.0847
0
VERTEX
8
CUT
10
201.7183
20
65.1136
0
VERTEX
8
CUT
10
201.7618
20
65.3869
0
VERTEX
8
CUT
10
201.7637
20
65.4030
0
VERTEX
8
CUT
10
201.9733
20
66.5562
0
VERTEX
8
CUT
10
201.9770
20
66.5778
0
VERTEX
8
CUT
10
202.0142
20
66.8227
0
VERTEX
8
CUT
10
202.0196
20
66.8662
0
VERTEX
8
CUT
10
202.0426
20
67.1128
0
VERTEX
8
CUT
10
202.0444
20
67.1346
0
VERTEX
8
CUT
10
202.1385
20
68.5908
0
VERTEX
8
CUT
10
202.1399
20
68.6266
0
VERTEX
8
CUT
10
202.1458
20
68.9645
0
VERTEX
8
CUT
10
202.1437
20
69.0362
0
VERTEX
8
CUT
10
202.1177
20
69.3732
0
VERTEX
8
CUT
10
202.1141
20
69.4088
0
VERTEX
8
CUT
10
201.6637
20
73.0172
0
VERTEX
8
CUT
10
201.6581
20
73.0734
0
VERTEX
8
CUT
10
201.6399
20
73.3176
0
VERTEX
8
CUT
10
201.6370
20
73.4307
0
VERTEX
8
CUT
10
201.6424
20
73.6472
0
VERTEX
8
CUT
10
201.6508
20
73.7599
0
VERTEX
8
CUT
10
201.6775
20
73.9748
0
VERTEX
8
CUT
10
201.6970
20
74.0862
0
VERTEX
8
CUT
10
201.7450
20
74.2974
0
VERTEX
8
CUT
10
201.7754
20
74.4063
0
VERTEX
8
CUT
10
201.8440
20
74.6117
0
VERTEX
8
CUT
10
201.8851
20
74.7170
0
VERTEX
8
CUT
10
201.9853
20
74.9405
0
VERTEX
8
CUT
10
202.0097
20
74.9915
0
VERTEX
8
CUT
10
202.0850
20
75.1394
0
VERTEX
8
CUT
10
202.1155
20
75.2071
0
VERTEX
8
CUT
10
202.2067
20
75.4400
0
VERTEX
8
CUT
10
202.2304
20
75.5104
0
VERTEX
8
CUT
10
202.2985
20
75.7511
0
VERTEX
8
CUT
10
202.3152
20
75.8235
0
VERTEX
8
CUT
10
202.3595
20
76.0697
0
VERTEX
8
CUT
10
202.3690
20
76.1433
0
VERTEX
8
CUT
10
202.3890
20
76.3927
0
VERTEX
8
CUT
10
202.3914
20
76.4669
0
VERTEX
8
CUT
10
202.3869
20
76.7170
0
VERTEX
8
CUT
10
202.3820
20
76.7911
0
VERTEX
8
CUT
10
202.3532
20
77.0396
0
VERTEX
8
CUT
10
202.3411
20
77.1129
0
VERTEX
8
CUT
10
202.2882
20
77.3574
0
VERTEX
8
CUT
10
202.2689
20
77.4291
0
VERTEX
8
CUT
10
202.1924
20
77.6673
0
VERTEX
8
CUT
10
202.1663
20
77.7368
0
VERTEX
8
CUT
10
202.0669
20
77.9664
0
VERTEX
8
CUT
10
202.0341
20
78.0330
0
VERTEX
8
CUT
10
201.9127
20
78.2518
0
VERTEX
8
CUT
10
201.8736
20
78.3149
0
VERTEX
8
CUT
10
201.7315
20
78.5207
0
VERTEX
8
CUT
10
201.6863
20
78.5797
0
VERTEX
8
CUT
10
201.5248
20
78.7708
0
VERTEX
8
CUT
10
201.4742
20
78.8251
0
VERTEX
8
CUT
10
201.2231
20
79.0691
0
VERTEX
8
CUT
10
201.1958
20
79.0943
0
VERTEX
8
CUT
10
198.8116
20
81.1951
0
VERTEX
8
CUT
10
198.7884
20
81.2247
0
VERTEX
8
CUT
10
198.7299
20
81.2913
0
VERTEX
8
CUT
10
198.4359
20
81.5886
0
VERTEX
8
CUT
10
198.4038
20
81.6192
0
VERTEX
8
CUT
10
197.5654
20
82.3734
0
VERTEX
8
CUT
10
197.5545
20
82.3830
0
VERTEX
8
CUT
10
197.4199
20
82.4996
0
VERTEX
8
CUT
10
197.3962
20
82.5192
0
VERTEX
8
CUT
10
197.2687
20
82.6208
0
VERTEX
8
CUT
10
197.2569
20
82.6301
0
VERTEX
8
CUT
10
194.8671
20
84.4587
0
VERTEX
8
CUT
10
194.8547
20
84.4679
0
VERTEX
8
CUT
10
194.7145
20
84.5708
0
VERTEX
8
CUT
10
194.6894
20
84.5885
0
VERTEX
8
CUT
10
194.5451
20
84.6856
0
VERTEX
8
CUT
10
194.5322
20
84.6940
0
VERTEX
8
CUT
10
193.7489
20
85.1985
0
VERTEX
8
CUT
10
193.3719
20
85.4728
0
VERTEX
8
CUT
10
193.3509
20
85.4876
0
VERTEX
8
CUT
10
193.1101
20
85.6506
0
VERTEX
8
CUT
10
193.0665
20
85.6780
0
VERTEX
8
CUT
10
192.8152
20
85.8243
0
VERTEX
8
CUT
10
192.7928
20
85.8369
0
VERTEX
8
CUT
10
192.5789
20
85.9520
0
VERTEX
8
CUT
10
192.4703
20
86.0219
0
VERTEX
8
CUT
10
192.4520
20
86.0333
0
VERTEX
8
CUT
10
192.2430
20
86.1597
0
VERTEX
8
CUT
10
192.2054
20
86.1810
0
VERTEX
8
CUT
10
191.9895
20
86.2952
0
VERTEX
8
CUT
10
191.9703
20
86.3051
0
VERTEX
8
CUT
10
191.7880
20
86.3950
0
VERTEX
8
CUT
10
191.7539
20
86.4108
0
VERTEX
8
CUT
10
191.6104
20
86.4730
0
VERTEX
8
CUT
10
191.5436
20
86.5090
0
VERTEX
8
CUT
10
191.5109
20
86.5255
0
VERTEX
8
CUT
10
191.1999
20
86.6740
0
VERTEX
8
CUT
10
191.1325
20
86.7023
0
VERTEX
8
CUT
10
190.9012
20
86.7866
0
VERTEX
8
CUT
10
190.8314
20
86.8082
0
VERTEX
8
CUT
10
190.5930
20
86.8699
0
VERTEX
8
CUT
10
190.5214
20
86.8848
0
VERTEX
8
CUT
10
190.2782
20
86.9232
0
VERTEX
8
CUT
10
190.2055
20
86.9311
0
VERTEX
8
CUT
10
189.9597
20
86.9461
0
VERTEX
8
CUT
10
189.8866
20
86.9470
0
VERTEX
8
CUT
10
189.6406
20
86.9382
0
VERTEX
8
CUT
10
189.5677
20
86.9321
0
VERTEX
8
CUT
10
189.3236
20
86.8997
0
VERTEX
8
CUT
10
189.2517
20
86.8867
0
VERTEX
8
CUT
10
189.0119
20
86.8310
0
VERTEX
8
CUT
10
188.9415
20
86.8111
0
VERTEX
8
CUT
10
188.7081
20
86.7326
0
VERTEX
8
CUT
10
188.6400
20
86.7060
0
VERTEX
8
CUT
10
188.4153
20
86.6055
0
VERTEX
8
CUT
10
188.3500
20
86.5725
0
VERTEX
8
CUT
10
188.1359
20
86.4509
0
VERTEX
8
CUT
10
188.0742
20
86.4117
0
VERTEX
8
CUT
10
187.8728
20
86.2701
0
VERTEX
8
CUT
10
187.8151
20
86.2252
0
VERTEX
8
CUT
10
187.6282
20
86.0649
0
VERTEX
8
CUT
10
187.5751
20
86.0147
0
VERTEX
8
CUT
10
187.4045
20
85.8371
0
VERTEX
8
CUT
10
187.3564
20
85.7821
0
VERTEX
8
CUT
10
187.1021
20
85.4606
0
VERTEX
8
CUT
10
187.0964
20
85.4532
0
VERTEX
8
CUT
10
187.0927
20
85.4490
0
VERTEX
8
CUT
10
187.0225
20
85.3609
0
VERTEX
8
CUT
10
186.8784
20
85.1975
0
VERTEX
8
CUT
10
186.7990
20
85.1161
0
VERTEX
8
CUT
10
186.6393
20
84.9678
0
VERTEX
8
CUT
10
186.5522
20
84.8947
0
VERTEX
8
CUT
10
186.3785
20
84.7631
0
VERTEX
8
CUT
10
186.2845
20
84.6991
0
VERTEX
8
CUT
10
186.0986
20
84.5854
0
VERTEX
8
CUT
10
185.9987
20
84.5310
0
VERTEX
8
CUT
10
185.8023
20
84.4365
0
VERTEX
8
CUT
10
185.6975
20
84.3924
0
VERTEX
8
CUT
10
185.4928
20
84.3179
0
VERTEX
8
CUT
10
185.3841
20
84.2844
0
VERTEX
8
CUT
10
185.1729
20
84.2307
0
VERTEX
8
CUT
10
185.0614
20
84.2082
0
VERTEX
8
CUT
10
184.8452
20
84.1757
0
VERTEX
8
CUT
10
184.7733
20
84.1613
0
VERTEX
8
CUT
10
184.7030
20
84.1400
0
VERTEX
8
CUT
10
184.6351
20
84.1120
0
SEQEND
0
POLYLINE
8
CUT
66
1
70
1
10
0.0
20
0.0
30
0.0
0
VERTEX
8
CUT
10
174.7426
20
41.2727
0
VERTEX
8
CUT
10
174.6974
20
41.2146
0
VERTEX
8
CUT
10
174.5547
20
41.0114
0
VERTEX
8
CUT
10
174.5153
20
40.9491
0
VERTEX
8
CUT
10
174.3929
20
40.7330
0
VERTEX
8
CUT
10
174.3597
20
40.6672
0
VERTEX
8
CUT
10
174.2589
20
40.4403
0
VERTEX
8
CUT
10
174.2322
20
40.3715
0
VERTEX
8
CUT
10
174.1538
20
40.1359
0
VERTEX
8
CUT
10
174.1339
20
40.0649
0
VERTEX
8
CUT
10
174.0787
20
39.8228
0
VERTEX
8
CUT
10
174.0658
20
39.7502
0
VERTEX
8
CUT
10
174.0343
20
39.5039
0
VERTEX
8
CUT
10
174.0285
20
39.4305
0
VERTEX
8
CUT
10
174.0211
20
39.1822
0
VERTEX
8
CUT
10
174.0224
20
39.1085
0
VERTEX
8
CUT
10
174.0390
20
38.8608
0
VERTEX
8
CUT
10
174.0475
20
38.7876
0
VERTEX
8
CUT
10
174.0880
20
38.5426
0
VERTEX
8
CUT
10
174.1035
20
38.4705
0
VERTEX
8
CUT
10
174.1676
20
38.2306
0
VERTEX
8
CUT
10
174.1900
20
38.1604
0
VERTEX
8
CUT
10
174.2770
20
37.9278
0
VERTEX
8
CUT
10
174.3062
20
37.8601
0
VERTEX
8
CUT
10
174.4153
20
37.6370
0
VERTEX
8
CUT
10
174.4508
20
37.5725
0
VERTEX
8
CUT
10
174.5811
20
37.3610
0
VERTEX
8
CUT
10
174.6227
20
37.3002
0
VERTEX
8
CUT
10
174.7728
20
37.1024
0
VERTEX
8
CUT
10
174.8201
20
37.0459
0
VERTEX
8
CUT
10
174.9887
20
36.8635
0
VERTEX
8
CUT
10
175.0413
20
36.8119
0
VERTEX
8
CUT
10
175.2267
20
36.6467
0
VERTEX
8
CUT
10
175.2841
20
36.6004
0
VERTEX
8
CUT
10
175.4846
20
36.4540
0
VERTEX
8
CUT
10
175.5462
20
36.4135
0
VERTEX
8
CUT
10
175.7600
20
36.2872
0
VERTEX
8
CUT
10
175.8252
20
36.2528
0
VERTEX
8
CUT
10
176.0502
20
36.1478
0
VERTEX
8
CUT
10
176.1184
20
36.1199
0
VERTEX
8
CUT
10
176.3526
20
36.0372
0
VERTEX
8
CUT
10
176.4232
20
36.0160
0
VERTEX
8
CUT
10
176.6642
20
35.9564
0
VERTEX
8
CUT
10
176.7366
20
35.9421
0
VERTEX
8
CUT
10
176.9822
20
35.9061
0
VERTEX
8
CUT
10
177.0556
20
35.8990
0
VERTEX
8
CUT
10
177.4027
20
35.8821
0
VERTEX
8
CUT
10
177.4396
20
35.8812
0
VERTEX
8
CUT
10
177.6532
20
35.8812
0
VERTEX
8
CUT
10
177.7131
20
35.8812
0
VERTEX
8
CUT
10
178.5519
20
35.8813
0
VERTEX
8
CUT
10
178.5898
20
35.8822
0
VERTEX
8
CUT
10
178.9467
20
35.9000
0
VERTEX
8
CUT
10
179.0221
20
35.9076
0
VERTEX
8
CUT
10
179.2746
20
35.9456
0
VERTEX
8
CUT
10
179.3489
20
35.9607
0
VERTEX
8
CUT
10
179.5962
20
36.0237
0
VERTEX
8
CUT
10
179.6687
20
36.0460
0
VERTEX
8
CUT
10
179.9085
20
36.1334
0
VERTEX
8
CUT
10
179.9784
20
36.1628
0
VERTEX
8
CUT
10
180.2084
20
36.2736
0
VERTEX
8
CUT
10
180.2749
20
36.3099
0
VERTEX
8
CUT
10
180.4927
20
36.4430
0
VERTEX
8
CUT
10
180.5554
20
36.4857
0
VERTEX
8
CUT
10
180.7588
20
36.6399
0
VERTEX
8
CUT
10
180.8169
20
36.6887
0
VERTEX
8
CUT
10
181.0040
20
36.8624
0
VERTEX
8
CUT
10
181.0569
20
36.9166
0
VERTEX
8
CUT
10
181.2257
20
37.1081
0
VERTEX
8
CUT
10
181.2730
20
37.1674
0
VERTEX
8
CUT
10
181.4219
20
37.3747
0
VERTEX
8
CUT
10
181.4630
20
37.4384
0
VERTEX
8
CUT
10
181.5906
20
37.6595
0
VERTEX
8
CUT
10
181.6251
20
37.7270
0
VERTEX
8
CUT
10
181.7300
20
37.9597
0
VERTEX
8
CUT
10
181.7577
20
38.0303
0
VERTEX
8
CUT
10
181.8389
20
38.2723
0
VERTEX
8
CUT
10
181.8594
20
38.3453
0
VERTEX
8
CUT
10
181.9161
20
38.5942
0
VERTEX
8
CUT
10
181.9292
20
38.6688
0
VERTEX
8
CUT
10
181.9608
20
38.9221
0
VERTEX
8
CUT
10
181.9664
20
38.9977
0
VERTEX
8
CUT
10
181.9727
20
39.2529
0
VERTEX
8
CUT
10
181.9707
20
39.3287
0
VERTEX
8
CUT
10
181.9515
20
39.5833
0
VERTEX
8
CUT
10
181.9421
20
39.6585
0
VERTEX
8
CUT
10
181.8976
20
39.9099
0
VERTEX
8
CUT
10
181.8807
20
39.9837
0
VERTEX
8
CUT
10
181.8114
20
40.2294
0
VERTEX
8
CUT
10
181.7872
20
40.3013
0
VERTEX
8
CUT
10
181.6937
20
40.5388
0
VERTEX
8
CUT
10
181.6625
20
40.6079
0
VERTEX
8
CUT
10
181.5459
20
40.8350
0
VERTEX
8
CUT
10
181.5080
20
40.9006
0
VERTEX
8
CUT
10
181.3693
20
41.1150
0
VERTEX
8
CUT
10
181.3250
20
41.1765
0
VERTEX
8
CUT
10
181.1657
20
41.3759
0
VERTEX
8
CUT
10
181.1155
20
41.4327
0
VERTEX
8
CUT
10
180.8807
20
41.6731
0
VERTEX
8
CUT
10
180.8270
20
41.7230
0
VERTEX
8
CUT
10
180.5896
20
41.9232
0
VERTEX
8
CUT
10
180.5334
20
41.9662
0
VERTEX
8
CUT
10
180.3378
20
42.1022
0
VERTEX
8
CUT
10
180.2780
20
42.1399
0
VERTEX
8
CUT
10
179.9877
20
42.3039
0
VERTEX
8
CUT
10
179.9565
20
42.3206
0
VERTEX
8
CUT
10
179.9288
20
42.3346
0
VERTEX
8
CUT
10
179.8969
20
42.3498
0
VERTEX
8
CUT
10
179.5934
20
42.4859
0
VERTEX
8
CUT
10
179.5277
20
42.5118
0
VERTEX
8
CUT
10
179.3028
20
42.5885
0
VERTEX
8
CUT
10
179.2350
20
42.6081
0
VERTEX
8
CUT
10
178.9116
20
42.6858
0
VERTEX
8
CUT
10
178.8771
20
42.6933
0
VERTEX
8
CUT
10
178.7909
20
42.7098
0
VERTEX
8
CUT
10
178.7559
20
42.7156
0
VERTEX
8
CUT
10
178.4252
20
42.7632
0
VERTEX
8
CUT
10
178.3547
20
42.7700
0
VERTEX
8
CUT
10
178.1162
20
42.7818
0
VERTEX
8
CUT
10
178.0454
20
42.7820
0
VERTEX
8
CUT
10
177.7116
20
42.7673
0
VERTEX
8
CUT
10
177.6762
20
42.7649
0
VERTEX
8
CUT
10
177.5888
20
42.7570
0
VERTEX
8
CUT
10
177.5549
20
42.7532
0
VERTEX
8
CUT
10
177.2361
20
42.7097
0
VERTEX
8
CUT
10
177.1689
20
42.6975
0
VERTEX
8
CUT
10
176.9448
20
42.6462
0
VERTEX
8
CUT
10
176.8790
20
42.6279
0
VERTEX
8
CUT
10
176.5731
20
42.5282
0
VERTEX
8
CUT
10
176.5409
20
42.5169
0
VERTEX
8
CUT
10
176.4274
20
42.4743
0
VERTEX
8
CUT
10
176.3970
20
42.4620
0
VERTEX
8
CUT
10
176.1126
20
42.3408
0
VERTEX
8
CUT
10
176.0534
20
42.3125
0
VERTEX
8
CUT
10
175.8584
20
42.2086
0
VERTEX
8
CUT
10
175.8019
20
42.1753
0
VERTEX
8
CUT
10
175.5426
20
42.0070
0
VERTEX
8
CUT
10
175.5154
20
41.9885
0
VERTEX
8
CUT
10
175.4924
20
41.9721
0
VERTEX
8
CUT
10
175.4629
20
41.9500
0
VERTEX
8
CUT
10
175.1899
20
41.7349
0
VERTEX
8
CUT
10
175.1343
20
41.6866
0
VERTEX
8
CUT
10
174.9551
20
41.5147
0
VERTEX
8
CUT
10
174.9044
20
41.4612
0
SEQEND
0
POLYLINE
8
CUT
66
1
70
1
10
0.0
20
0.0
30
0.0
0
VERTEX
8
CUT
10
121.8419
20
125.3635
0
VERTEX
8
CUT
10
121.7952
20
125.3058
0
VERTEX
8
CUT
10
121.7543
20
125.2438
0
VERTEX
8
CUT
10
121.7196
20
125.1780
0
VERTEX
8
CUT
10
121.6916
20
125.1092
0
VERTEX
8
CUT
10
121.6704
20
125.0380
0
VERTEX
8
CUT
10
121.6562
20
124.9651
0
VERTEX
8
CUT
10
121.6492
20
124.8911
0
VERTEX
8
CUT
10
121.6495
20
124.8168
0
VERTEX
8
CUT
10
121.6571
20
124.7429
0
VERTEX
8
CUT
10
121.6718
20
124.6700
0
VERTEX
8
CUT
10
121.6936
20
124.5990
0
VERTEX
8
CUT
10
121.7222
20
124.5304
0
VERTEX
8
CUT
10
121.7574
20
124.4650
0
VERTEX
8
CUT
10
121.7988
20
124.4032
0
VERTEX
8
CUT
10
121.8460
20
124.3459
0
VERTEX
8
CUT
10
121.8986
20
124.2934
0
VERTEX
8
CUT
10
121.9561
20
124.2463
0
VERTEX
8
CUT
10
122.0179
20
124.2050
0
VERTEX
8
CUT
10
122.0834
20
124.1700
0
VERTEX
8
CUT
10
122.1520
20
124.1415
0
VERTEX
8
CUT
10
122.2231
20
124.1199
0
VERTEX
8
CUT
10
122.2960
20
124.1053
0
VERTEX
8
CUT
10
122.3699
20
124.0979
0
VERTEX
8
CUT
10
122.4415
20
124.0943
0
VERTEX
8
CUT
10
122.5531
20
124.0831
0
VERTEX
8
CUT
10
122.7655
20
124.0512
0
VERTEX
8
CUT
10
122.8755
20
124.0291
0
VERTEX
8
CUT
10
123.0838
20
123.9764
0
VERTEX
8
CUT
10
123.1910
20
123.9436
0
VERTEX
8
CUT
10
123.3932
20
123.8707
0
VERTEX
8
CUT
10
123.4967
20
123.8275
0
VERTEX
8
CUT
10
123.6906
20
123.7351
0
VERTEX
8
CUT
10
123.7894
20
123.6820
0
VERTEX
8
CUT
10
123.9734
20
123.5710
0
VERTEX
8
CUT
10
124.0664
20
123.5084
0
VERTEX
8
CUT
10
124.2611
20
123.3630
0
VERTEX
8
CUT
10
124.3052
20
123.3284
0
VERTEX
8
CUT
10
124.6163
20
123.0713
0
VERTEX
8
CUT
10
124.6758
20
123.0268
0
VERTEX
8
CUT
10
124.8835
20
122.8870
0
VERTEX
8
CUT
10
124.9471
20
122.8485
0
VERTEX
8
CUT
10
125.1674
20
122.7296
0
VERTEX
8
CUT
10
125.2344
20
122.6976
0
VERTEX
8
CUT
10
125.4653
20
122.6007
0
VERTEX
8
CUT
10
125.5352
20
122.5754
0
VERTEX
8
CUT
10
125.7744
20
122.5016
0
VERTEX
8
CUT
10
125.8464
20
122.4832
0
VERTEX
8
CUT
10
126.0917
20
122.4331
0
VERTEX
8
CUT
10
126.1652
20
122.4218
0
VERTEX
8
CUT
10
126.5137
20
122.3856
0
VERTEX
8
CUT
10
126.5507
20
122.3826
0
VERTEX
8
CUT
10
128.4384
20
122.2793
0
VERTEX
8
CUT
10
128.4542
20
122.2786
0
VERTEX
8
CUT
10
128.6330
20
122.2726
0
VERTEX
8
CUT
10
128.6646
20
122.2722
0
VERTEX
8
CUT
10
128.8434
20
122.2736
0
VERTEX
8
CUT
10
128.8592
20
122.2738
0
VERTEX
8
CUT
10
129.9563
20
122.3052
0
VERTEX
8
CUT
10
129.9893
20
122.3069
0
VERTEX
8
CUT
10
130.2999
20
122.3293
0
VERTEX
8
CUT
10
130.3655
20
122.3369
0
VERTEX
8
CUT
10
130.5853
20
122.3721
0
VERTEX
8
CUT
10
130.6500
20
122.3854
0
VERTEX
8
CUT
10
130.9520
20
122.4612
0
VERTEX
8
CUT
10
130.9839
20
122.4699
0
VERTEX
8
CUT
10
131.2833
20
122.5591
0
VERTEX
8
CUT
10
131.3438
20
122.5680
0
VERTEX
8
CUT
10
131.5792
20
122.6139
0
VERTEX
8
CUT
10
131.6483
20
122.6308
0
VERTEX
8
CUT
10
131.8784
20
122.6985
0
VERTEX
8
CUT
10
131.9457
20
122.7218
0
VERTEX
8
CUT
10
132.2573
20
122.8463
0
VERTEX
8
CUT
10
132.2901
20
122.8603
0
VERTEX
8
CUT
10
132.4790
20
122.9462
0
VERTEX
8
CUT
10
132.5125
20
122.9624
0
VERTEX
8
CUT
10
132.8247
20
123.1233
0
VERTEX
8
CUT
10
132.8892
20
123.1607
0
VERTEX
8
CUT
10
133.1841
20
123.3514
0
VERTEX
8
CUT
10
133.2148
20
123.3723
0
VERTEX
8
CUT
10
133.5680
20
123.6260
0
VERTEX
8
CUT
10
133.6497
20
123.6750
0
VERTEX
8
CUT
10
133.6868
20
123.6987
0
VERTEX
8
CUT
10
134.0295
20
123.9318
0
VERTEX
8
CUT
10
134.0992
20
123.9854
0
VERTEX
8
CUT
10
134.2513
20
124.1170
0
VERTEX
8
CUT
10
134.2800
20
124.1376
0
VERTEX
8
CUT
10
134.3047
20
124.1561
0
VERTEX
8
CUT
10
134.5346
20
124.3359
0
VERTEX
8
CUT
10
134.5817
20
124.3759
0
VERTEX
8
CUT
10
134.7961
20
124.5738
0
VERTEX
8
CUT
10
134.8184
20
124.5952
0
VERTEX
8
CUT
10
135.0653
20
124.8423
0
VERTEX
8
CUT
10
135.0892
20
124.8673
0
VERTEX
8
CUT
10
135.3087
20
125.1080
0
VERTEX
8
CUT
10
135.3529
20
125.1611
0
VERTEX
8
CUT
10
135.3909
20
125.2112
0
VERTEX
8
CUT
10
135.5530
20
125.3832
0
VERTEX
8
CUT
10
135.5966
20
125.4337
0
VERTEX
8
CUT
10
135.7358
20
125.6101
0
VERTEX
8
CUT
10
135.7748
20
125.6642
0
VERTEX
8
CUT
10
135.9472
20
125.9272
0
VERTEX
8
CUT
10
135.9648
20
125.9555
0
VERTEX
8
CUT
10
136.2547
20
126.4430
0
VERTEX
8
CUT
10
136.3684
20
126.6081
0
VERTEX
8
CUT
10
136.3885
20
126.6388
0
VERTEX
8
CUT
10
136.5709
20
126.9333
0
VERTEX
8
CUT
10
136.6065
20
126.9975
0
VERTEX
8
CUT
10
136.7143
20
127.2161
0
VERTEX
8
CUT
10
136.7736
20
127.3158
0
VERTEX
8
CUT
10
136.7862
20
127.3379
0
VERTEX
8
CUT
10
136.9247
20
127.5896
0
VERTEX
8
CUT
10
136.9477
20
127.6349
0
VERTEX
8
CUT
10
137.0690
20
127.8953
0
VERTEX
8
CUT
10
137.0793
20
127.9185
0
VERTEX
8
CUT
10
137.1826
20
128.1608
0
VERTEX
8
CUT
10
137.1964
20
128.1958
0
VERTEX
8
CUT
10
137.3190
20
128.5283
0
VERTEX
8
CUT
10
137.3415
20
128.6000
0
VERTEX
8
CUT
10
137.4051
20
128.8451
0
VERTEX
8
CUT
10
137.4204
20
128.9187
0
VERTEX
8
CUT
10
137.4596
20
129.1688
0
VERTEX
8
CUT
10
137.4675
20
129.2436
0
VERTEX
8
CUT
10
137.4818
20
129.4963
0
VERTEX
8
CUT
10
137.4823
20
129.5715
0
VERTEX
8
CUT
10
137.4715
20
129.8245
0
VERTEX
8
CUT
10
137.4646
20
129.8993
0
VERTEX
8
CUT
10
137.4289
20
130.1500
0
VERTEX
8
CUT
10
137.4146
20
130.2238
0
VERTEX
8
CUT
10
137.3543
20
130.4697
0
VERTEX
8
CUT
10
137.3328
20
130.5417
0
VERTEX
8
CUT
10
137.2485
20
130.7804
0
VERTEX
8
CUT
10
137.2200
20
130.8500
0
VERTEX
8
CUT
10
137.1125
20
131.0792
0
VERTEX
8
CUT
10
137.0773
20
131.1456
0
VERTEX
8
CUT
10
136.9477
20
131.3631
0
VERTEX
8
CUT
10
136.9061
20
131.4257
0
VERTEX
8
CUT
10
136.7556
20
131.6294
0
VERTEX
8
CUT
10
136.7080
20
131.6875
0
VERTEX
8
CUT
10
136.5382
20
131.8753
0
VERTEX
8
CUT
10
136.4851
20
131.9285
0
VERTEX
8
CUT
10
136.2975
20
132.0986
0
VERTEX
8
CUT
10
136.2394
20
132.1463
0
VERTEX
8
CUT
10
136.0360
20
132.2970
0
VERTEX
8
CUT
10
135.9735
20
132.3387
0
VERTEX
8
CUT
10
135.7561
20
132.4686
0
VERTEX
8
CUT
10
135.6898
20
132.5040
0
VERTEX
8
CUT
10
135.4607
20
132.6118
0
VERTEX
8
CUT
10
135.3912
20
132.6404
0
VERTEX
8
CUT
10
135.1526
20
132.7250
0
VERTEX
8
CUT
10
135.0806
20
132.7466
0
VERTEX
8
CUT
10
134.8348
20
132.8072
0
VERTEX
8
CUT
10
134.7610
20
132.8216
0
VERTEX
8
CUT
10
134.5104
20
132.8577
0
VERTEX
8
CUT
10
134.4355
20
132.8647
0
VERTEX
8
CUT
10
134.1826
20
132.8759
0
VERTEX
8
CUT
10
134.1074
20
132.8755
0
VERTEX
8
CUT
10
133.8546
20
132.8616
0
VERTEX
8
CUT
10
133.7799
20
132.8537
0
VERTEX
8
CUT
10
133.5297
20
132.8149
0
VERTEX
8
CUT
10
133.4561
20
132.7998
0
VERTEX
8
CUT
10
133.1130
20
132.7111
0
VERTEX
8
CUT
10
133.0768
20
132.7008
0
VERTEX
8
CUT
10
133.0283
20
132.6857
0
VERTEX
8
CUT
10
132.9906
20
132.6747
0
VERTEX
8
CUT
10
132.8076
20
132.6245
0
VERTEX
8
CUT
10
132.7695
20
132.6147
0
VERTEX
8
CUT
10
132.6966
20
132.5974
0
VERTEX
8
CUT
10
132.6583
20
132.5890
0
VERTEX
8
CUT
10
132.4722
20
132.5515
0
VERTEX
8
CUT
10
132.4336
20
132.5444
0
VERTEX
8
CUT
10
130.6802
20
132.2534
0
VERTEX
8
CUT
10
130.2491
20
132.1972
0
VERTEX
8
CUT
10
130.2149
20
132.1919
0
VERTEX
8
CUT
10
129.8935
20
132.1350
0
VERTEX
8
CUT
10
129.8259
20
132.1198
0
VERTEX
8
CUT
10
129.6009
20
132.0584
0
VERTEX
8
CUT
10
129.5350
20
132.0371
0
VERTEX
8
CUT
10
129.2292
20
131.9229
0
VERTEX
8
CUT
10
129.1971
20
131.9100
0
VERTEX
8
CUT
10
128.5763
20
131.6453
0
VERTEX
8
CUT
10
128.0026
20
131.4165
0
VERTEX
8
CUT
10
127.9683
20
131.4019
0
VERTEX
8
CUT
10
127.6484
20
131.2557
0
VERTEX
8
CUT
10
127.5822
20
131.2214
0
VERTEX
8
CUT
10
127.3649
20
131.0951
0
VERTEX
8
CUT
10
127.3024
20
131.0545
0
VERTEX
8
CUT
10
127.0171
20
130.8488
0
VERTEX
8
CUT
10
126.9874
20
130.8262
0
VERTEX
8
CUT
10
126.4927
20
130.4310
0
VERTEX
8
CUT
10
126.4689
20
130.4113
0
VERTEX
8
CUT
10
126.2486
20
130.2201
0
VERTEX
8
CUT
10
126.2036
20
130.1777
0
VERTEX
8
CUT
10
126.0853
20
130.0569
0
VERTEX
8
CUT
10
126.0519
20
130.0298
0
VERTEX
8
CUT
10
125.9970
20
129.9807
0
VERTEX
8
CUT
10
125.8204
20
129.8067
0
VERTEX
8
CUT
10
125.7705
20
129.7526
0
VERTEX
8
CUT
10
125.6542
20
129.6134
0
VERTEX
8
CUT
10
125.5304
20
129.4769
0
VERTEX
8
CUT
10
125.5010
20
129.4425
0
VERTEX
8
CUT
10
125.3163
20
129.2128
0
VERTEX
8
CUT
10
124.2308
20
128.0096
0
VERTEX
8
CUT
10
124.2066
20
127.9814
0
VERTEX
8
CUT
10
123.9848
20
127.7100
0
VERTEX
8
CUT
10
123.9407
20
127.6502
0
VERTEX
8
CUT
10
123.8019
20
127.4418
0
VERTEX
8
CUT
10
123.7638
20
127.3780
0
VERTEX
8
CUT
10
123.5742
20
127.0219
0
VERTEX
8
CUT
10
123.5682
20
127.0104
0
VERTEX
8
CUT
10
123.5650
20
127.0051
0
VERTEX
8
CUT
10
123.5146
20
126.9102
0
VERTEX
8
CUT
10
123.4059
20
126.7278
0
VERTEX
8
CUT
10
123.3446
20
126.6356
0
VERTEX
8
CUT
10
123.2188
20
126.4646
0
VERTEX
8
CUT
10
123.1489
20
126.3787
0
VERTEX
8
CUT
10
123.0070
20
126.2208
0
VERTEX
8
CUT
10
122.9291
20
126.1421
0
VERTEX
8
CUT
10
122.7726
20
125.9987
0
VERTEX
8
CUT
10
122.6873
20
125.9280
0
VERTEX
8
CUT
10
122.5177
20
125.8004
0
VERTEX
8
CUT
10
122.4260
20
125.7383
0
VERTEX
8
CUT
10
122.2447
20
125.6278
0
VERTEX
8
CUT
10
122.1474
20
125.5749
0
VERTEX
8
CUT
10
122.0779
20
125.5413
0
VERTEX
8
CUT
10
122.0127
20
125.5058
0
VERTEX
8
CUT
10
121.9512
20
125.4640
0
VERTEX
8
CUT
10
121.8941
20
125.4164
0
SEQEND
0
POLYLINE
8
CUT
66
1
70
1
10
0.0
20
0.0
30
0.0
0
VERTEX
8
CUT
10
71.2458
20
123.3529
0
VERTEX
8
CUT
10
71.2556
20
123.3252
0
VERTEX
8
CUT
10
71.3529
20
123.0660
0
VERTEX
8
CUT
10
71.3756
20
123.0118
0
VERTEX
8
CUT
10
71.4926
20
122.7609
0
VERTEX
8
CUT
10
71.5055
20
122.7345
0
VERTEX
8
CUT
10
71.7645
20
122.2307
0
VERTEX
8
CUT
10
71.7766
20
122.2082
0
VERTEX
8
CUT
10
71.9172
20
121.9560
0
VERTEX
8
CUT
10
71.9435
20
121.9123
0
VERTEX
8
CUT
10
72.1007
20
121.6701
0
VERTEX
8
CUT
10
72.1150
20
121.6489
0
VERTEX
8
CUT
10
73.1917
20
120.1064
0
VERTEX
8
CUT
10
73.2124
20
120.0781
0
VERTEX
8
CUT
10
73.4140
20
119.8159
0
VERTEX
8
CUT
10
73.4593
20
119.7623
0
VERTEX
8
CUT
10
73.6842
20
119.5199
0
VERTEX
8
CUT
10
73.7086
20
119.4947
0
VERTEX
8
CUT
10
74.9833
20
118.2418
0
VERTEX
8
CUT
10
75.0112
20
118.2157
0
VERTEX
8
CUT
10
75.2808
20
117.9761
0
VERTEX
8
CUT
10
75.3405
20
117.9283
0
VERTEX
8
CUT
10
75.6328
20
117.7171
0
VERTEX
8
CUT
10
75.6643
20
117.6954
0
VERTEX
8
CUT
10
78.2221
20
116.0364
0
VERTEX
8
CUT
10
78.2462
20
116.0213
0
VERTEX
8
CUT
10
78.4763
20
115.8840
0
VERTEX
8
CUT
10
78.5262
20
115.8567
0
VERTEX
8
CUT
10
78.7659
20
115.7370
0
VERTEX
8
CUT
10
78.7915
20
115.7248
0
VERTEX
8
CUT
10
82.4626
20
114.0595
0
VERTEX
8
CUT
10
82.4793
20
114.0521
0
VERTEX
8
CUT
10
82.6701
20
113.9711
0
VERTEX
8
CUT
10
82.7042
20
113.9576
0
VERTEX
8
CUT
10
82.8986
20
113.8858
0
VERTEX
8
CUT
10
82.9159
20
113.8797
0
VERTEX
8
CUT
10
93.0516
20
110.4148
0
VERTEX
8
CUT
10
93.0873
20
110.4036
0
VERTEX
8
CUT
10
93.4261
20
110.3060
0
VERTEX
8
CUT
10
93.4990
20
110.2889
0
VERTEX
8
CUT
10
93.7467
20
110.2434
0
VERTEX
8
CUT
10
93.8209
20
110.2335
0
VERTEX
8
CUT
10
94.0720
20
110.2126
0
VERTEX
8
CUT
10
94.1467
20
110.2100
0
VERTEX
8
CUT
10
94.3986
20
110.2139
0
VERTEX
8
CUT
10
94.4732
20
110.2187
0
VERTEX
8
CUT
10
94.7236
20
110.2472
0
VERTEX
8
CUT
10
94.7974
20
110.2594
0
VERTEX
8
CUT
10
95.0437
20
110.3124
0
VERTEX
8
CUT
10
95.1159
20
110.3317
0
VERTEX
8
CUT
10
95.3558
20
110.4087
0
VERTEX
8
CUT
10
95.4258
20
110.4350
0
VERTEX
8
CUT
10
95.8099
20
110.6015
0
VERTEX
8
CUT
10
95.8394
20
110.6125
0
VERTEX
8
CUT
10
95.8950
20
110.6363
0
VERTEX
8
CUT
10
96.1095
20
110.7164
0
VERTEX
8
CUT
10
96.2183
20
110.7509
0
VERTEX
8
CUT
10
96.4296
20
110.8065
0
VERTEX
8
CUT
10
96.4462
20
110.8099
0
VERTEX
8
CUT
10
96.5190
20
110.8290
0
VERTEX
8
CUT
10
96.5896
20
110.8553
0
VERTEX
8
CUT
10
96.6573
20
110.8884
0
VERTEX
8
CUT
10
96.7213
20
110.9280
0
VERTEX
8
CUT
10
96.7811
20
110.9737
0
VERTEX
8
CUT
10
96.8361
20
111.0252
0
VERTEX
8
CUT
10
96.8857
20
111.0819
0
VERTEX
8
CUT
10
96.9295
20
111.1431
0
VERTEX
8
CUT
10
96.9670
20
111.2085
0
VERTEX
8
CUT
10
96.9978
20
111.2772
0
VERTEX
8
CUT
10
97.0217
20
111.3486
0
VERTEX
8
CUT
10
97.0384
20
111.4220
0
VERTEX
8
CUT
10
97.0529
20
111.5040
0
VERTEX
8
CUT
10
97.1014
20
111.7169
0
VERTEX
8
CUT
10
97.1323
20
111.8266
0
VERTEX
8
CUT
10
97.2109
20
112.0606
0
VERTEX
8
CUT
10
97.2304
20
112.1142
0
VERTEX
8
CUT
10
97.3557
20
112.4333
0
VERTEX
8
CUT
10
97.3796
20
112.5042
0
VERTEX
8
CUT
10
97.4482
20
112.7466
0
VERTEX
8
CUT
10
97.4650
20
112.8195
0
VERTEX
8
CUT
10
97.5094
20
113.0675
0
VERTEX
8
CUT
10
97.5190
20
113.1417
0
VERTEX
8
CUT
10
97.5388
20
113.3928
0
VERTEX
8
CUT
10
97.5410
20
113.4676
0
VERTEX
8
CUT
10
97.5361
20
113.7195
0
VERTEX
8
CUT
10
97.5310
20
113.7941
0
VERTEX
8
CUT
10
97.5013
20
114.0443
0
VERTEX
8
CUT
10
97.4888
20
114.1180
0
VERTEX
8
CUT
10
97.4347
20
114.3641
0
VERTEX
8
CUT
10
97.4151
20
114.4362
0
VERTEX
8
CUT
10
97.3370
20
114.6758
0
VERTEX
8
CUT
10
97.3246
20
114.7111
0
VERTEX
8
CUT
10
97.3137
20
114.7395
0
VERTEX
8
CUT
10
97.3068
20
114.7570
0
VERTEX
8
CUT
10
97.3055
20
114.7603
0
VERTEX
8
CUT
10
97.2195
20
114.9855
0
VERTEX
8
CUT
10
97.1850
20
115.0912
0
VERTEX
8
CUT
10
97.1287
20
115.2969
0
VERTEX
8
CUT
10
97.1047
20
115.4055
0
VERTEX
8
CUT
10
97.0688
20
115.6156
0
VERTEX
8
CUT
10
97.0554
20
115.7261
0
VERTEX
8
CUT
10
97.0401
20
115.9387
0
VERTEX
8
CUT
10
97.0376
20
116.0500
0
VERTEX
8
CUT
10
97.0432
20
116.2631
0
VERTEX
8
CUT
10
97.0515
20
116.3740
0
VERTEX
8
CUT
10
97.0778
20
116.5856
0
VERTEX
8
CUT
10
97.0969
20
116.6952
0
VERTEX
8
CUT
10
97.1437
20
116.9032
0
VERTEX
8
CUT
10
97.1734
20
117.0104
0
VERTEX
8
CUT
10
97.2403
20
117.2128
0
VERTEX
8
CUT
10
97.2545
20
117.2498
0
VERTEX
8
CUT
10
97.2756
20
117.3124
0
VERTEX
8
CUT
10
97.2911
20
117.3766
0
VERTEX
8
CUT
10
97.3010
20
117.4419
0
VERTEX
8
CUT
10
97.3052
20
117.5078
0
VERTEX
8
CUT
10
97.3090
20
117.6967
0
VERTEX
8
CUT
10
97.3167
20
117.8081
0
VERTEX
8
CUT
10
97.3419
20
118.0205
0
VERTEX
8
CUT
10
97.3605
20
118.1307
0
VERTEX
8
CUT
10
97.4064
20
118.3396
0
VERTEX
8
CUT
10
97.4356
20
118.4474
0
VERTEX
8
CUT
10
97.5017
20
118.6509
0
VERTEX
8
CUT
10
97.5414
20
118.7553
0
VERTEX
8
CUT
10
97.6271
20
118.9513
0
VERTEX
8
CUT
10
97.6768
20
119.0513
0
VERTEX
8
CUT
10
97.7812
20
119.2380
0
VERTEX
8
CUT
10
97.8405
20
119.3327
0
VERTEX
8
CUT
10
97.9627
20
119.5083
0
VERTEX
8
CUT
10
98.0309
20
119.5967
0
VERTEX
8
CUT
10
98.1698
20
119.7595
0
VERTEX
8
CUT
10
98.2463
20
119.8408
0
VERTEX
8
CUT
10
98.4004
20
119.9892
0
VERTEX
8
CUT
10
98.4845
20
120.0626
0
VERTEX
8
CUT
10
98.6524
20
120.1953
0
VERTEX
8
CUT
10
98.7433
20
120.2601
0
VERTEX
8
CUT
10
98.9234
20
120.3757
0
VERTEX
8
CUT
10
99.0202
20
120.4313
0
VERTEX
8
CUT
10
99.2107
20
120.5287
0
VERTEX
8
CUT
10
99.3125
20
120.5746
0
VERTEX
8
CUT
10
99.5116
20
120.6529
0
VERTEX
8
CUT
10
99.6174
20
120.6886
0
VERTEX
8
CUT
10
99.8233
20
120.7470
0
VERTEX
8
CUT
10
99.9320
20
120.7722
0
VERTEX
8
CUT
10
100.1426
20
120.8102
0
VERTEX
8
CUT
10
100.2533
20
120.8247
0
VERTEX
8
CUT
10
100.4675
20
120.8419
0
VERTEX
8
CUT
10
100.5773
20
120.8455
0
VERTEX
8
CUT
10
100.7697
20
120.8425
0
VERTEX
8
CUT
10
100.8431
20
120.8448
0
VERTEX
8
CUT
10
100.9689
20
120.8550
0
VERTEX
8
CUT
10
101.0128
20
120.8599
0
VERTEX
8
CUT
10
101.3438
20
120.9062
0
VERTEX
8
CUT
10
101.4240
20
120.9218
0
VERTEX
8
CUT
10
101.6906
20
120.9889
0
VERTEX
8
CUT
10
101.7686
20
121.0131
0
VERTEX
8
CUT
10
101.8834
20
121.0555
0
VERTEX
8
CUT
10
101.9366
20
121.0737
0
VERTEX
8
CUT
10
102.1691
20
121.1468
0
VERTEX
8
CUT
10
102.2779
20
121.1752
0
VERTEX
8
CUT
10
102.4889
20
121.2193
0
VERTEX
8
CUT
10
102.6000
20
121.2368
0
VERTEX
8
CUT
10
102.8143
20
121.2598
0
VERTEX
8
CUT
10
102.9266
20
121.2663
0
VERTEX
8
CUT
10
103.1421
20
121.2682
0
VERTEX
8
CUT
10
103.2545
20
121.2636
0
VERTEX
8
CUT
10
103.4691
20
121.2441
0
VERTEX
8
CUT
10
103.5805
20
121.2285
0
VERTEX
8
CUT
10
103.7922
20
121.1880
0
VERTEX
8
CUT
10
103.9015
20
121.1614
0
VERTEX
8
CUT
10
104.1082
20
121.1002
0
VERTEX
8
CUT
10
104.2143
20
121.0630
0
VERTEX
8
CUT
10
104.4139
20
120.9818
0
VERTEX
8
CUT
10
104.5159
20
120.9343
0
VERTEX
8
CUT
10
104.7066
20
120.8338
0
VERTEX
8
CUT
10
104.8033
20
120.7765
0
VERTEX
8
CUT
10
104.9832
20
120.6577
0
VERTEX
8
CUT
10
105.0738
20
120.5911
0
VERTEX
8
CUT
10
105.2410
20
120.4551
0
VERTEX
8
CUT
10
105.3247
20
120.3800
0
VERTEX
8
CUT
10
105.4777
20
120.2282
0
VERTEX
8
CUT
10
105.5536
20
120.1451
0
VERTEX
8
CUT
10
105.6909
20
119.9790
0
VERTEX
8
CUT
10
105.7582
20
119.8888
0
VERTEX
8
CUT
10
105.8941
20
119.6866
0
VERTEX
8
CUT
10
105.9244
20
119.6392
0
VERTEX
8
CUT
10
106.2476
20
119.1030
0
VERTEX
8
CUT
10
106.2643
20
119.0766
0
VERTEX
8
CUT
10
106.4266
20
118.8309
0
VERTEX
8
CUT
10
106.4631
20
118.7803
0
VERTEX
8
CUT
10
106.6449
20
118.5487
0
VERTEX
8
CUT
10
106.6647
20
118.5246
0
VERTEX
8
CUT
10
107.3671
20
117.7023
0
VERTEX
8
CUT
10
107.3857
20
117.6813
0
VERTEX
8
CUT
10
107.5649
20
117.4866
0
VERTEX
8
CUT
10
107.6044
20
117.4467
0
VERTEX
8
CUT
10
107.7974
20
117.2658
0
VERTEX
8
CUT
10
107.8182
20
117.2470
0
VERTEX
8
CUT
10
108.5164
20
116.6393
0
VERTEX
8
CUT
10
108.5484
20
116.6129
0
VERTEX
8
CUT
10
108.8569
20
116.3727
0
VERTEX
8
CUT
10
108.9250
20
116.3254
0
VERTEX
8
CUT
10
109.2577
20
116.1202
0
VERTEX
8
CUT
10
109.2936
20
116.0994
0
VERTEX
8
CUT
10
109.9133
20
115.7627
0
VERTEX
8
CUT
10
110.0906
20
115.6493
0
VERTEX
8
CUT
10
110.1395
20
115.6205
0
VERTEX
8
CUT
10
110.3753
20
115.4935
0
VERTEX
8
CUT
10
110.4006
20
115.4805
0
VERTEX
8
CUT
10
110.7323
20
115.3175
0
VERTEX
8
CUT
10
111.4689
20
114.9171
0
VERTEX
8
CUT
10
111.5063
20
114.8981
0
VERTEX
8
CUT
10
111.8638
20
114.7287
0
VERTEX
8
CUT
10
111.9415
20
114.6970
0
VERTEX
8
CUT
10
112.3154
20
114.5680
0
VERTEX
8
CUT
10
112.3554
20
114.5554
0
VERTEX
8
CUT
10
113.1875
20
114.3189
0
VERTEX
8
CUT
10
113.2234
20
114.3097
0
VERTEX
8
CUT
10
113.5643
20
114.2306
0
VERTEX
8
CUT
10
113.6373
20
114.2173
0
VERTEX
8
CUT
10
113.8852
20
114.1848
0
VERTEX
8
CUT
10
113.9591
20
114.1788
0
VERTEX
8
CUT
10
114.2090
20
114.1706
0
VERTEX
8
CUT
10
114.2832
20
114.1718
0
VERTEX
8
CUT
10
114.5327
20
114.1880
0
VERTEX
8
CUT
10
114.6064
20
114.1965
0
VERTEX
8
CUT
10
114.8531
20
114.2370
0
VERTEX
8
CUT
10
114.9256
20
114.2525
0
VERTEX
8
CUT
10
115.1672
20
114.3169
0
VERTEX
8
CUT
10
115.2379
20
114.3395
0
VERTEX
8
CUT
10
115.4720
20
114.4271
0
VERTEX
8
CUT
10
115.5402
20
114.4565
0
VERTEX
8
CUT
10
115.7647
20
114.5665
0
VERTEX
8
CUT
10
115.8296
20
114.6024
0
VERTEX
8
CUT
10
116.0423
20
114.7338
0
VERTEX
8
CUT
10
116.1035
20
114.7758
0
VERTEX
8
CUT
10
116.3023
20
114.9273
0
VERTEX
8
CUT
10
116.3591
20
114.9751
0
VERTEX
8
CUT
10
116.5422
20
115.1453
0
VERTEX
8
CUT
10
116.5940
20
115.1985
0
VERTEX
8
CUT
10
116.7597
20
115.3857
0
VERTEX
8
CUT
10
116.8061
20
115.4436
0
VERTEX
8
CUT
10
116.9527
20
115.6461
0
VERTEX
8
CUT
10
116.9932
20
115.7083
0
VERTEX
8
CUT
10
117.1194
20
115.9241
0
VERTEX
8
CUT
10
117.1536
20
115.9899
0
VERTEX
8
CUT
10
117.2581
20
116.2170
0
VERTEX
8
CUT
10
117.2858
20
116.2859
0
VERTEX
8
CUT
10
117.3677
20
116.5221
0
VERTEX
8
CUT
10
117.3885
20
116.5933
0
VERTEX
8
CUT
10
117.4469
20
116.8364
0
VERTEX
8
CUT
10
117.4607
20
116.9093
0
VERTEX
8
CUT
10
117.4952
20
117.1569
0
VERTEX
8
CUT
10
117.5018
20
117.2308
0
VERTEX
8
CUT
10
117.5119
20
117.4806
0
VERTEX
8
CUT
10
117.5113
20
117.5549
0
VERTEX
8
CUT
10
117.5110
20
117.5601
0
VERTEX
8
CUT
10
117.5043
20
117.6260
0
VERTEX
8
CUT
10
117.4919
20
117.6911
0
VERTEX
8
CUT
10
117.4739
20
117.7549
0
VERTEX
8
CUT
10
117.4666
20
117.7768
0
VERTEX
8
CUT
10
117.4571
20
117.8114
0
VERTEX
8
CUT
10
117.4505
20
117.9049
0
VERTEX
8
CUT
10
117.4419
20
117.9776
0
VERTEX
8
CUT
10
117.4051
20
118.1976
0
VERTEX
8
CUT
10
117.3969
20
118.2554
0
VERTEX
8
CUT
10
117.3680
20
118.5067
0
VERTEX
8
CUT
10
117.3606
20
118.6232
0
VERTEX
8
CUT
10
117.3579
20
118.8469
0
VERTEX
8
CUT
10
117.3624
20
118.9635
0
VERTEX
8
CUT
10
117.3826
20
119.1863
0
VERTEX
8
CUT
10
117.3991
20
119.3019
0
VERTEX
8
CUT
10
117.4419
20
119.5214
0
VERTEX
8
CUT
10
117.4701
20
119.6347
0
VERTEX
8
CUT
10
117.5369
20
119.8544
0
VERTEX
8
CUT
10
117.5756
20
119.9619
0
VERTEX
8
CUT
10
117.6398
20
120.1157
0
VERTEX
8
CUT
10
117.7125
20
120.2652
0
VERTEX
8
CUT
10
117.7653
20
120.3616
0
VERTEX
8
CUT
10
117.8751
20
120.5412
0
VERTEX
8
CUT
10
117.9369
20
120.6320
0
VERTEX
8
CUT
10
118.0636
20
120.8002
0
VERTEX
8
CUT
10
118.1338
20
120.8847
0
VERTEX
8
CUT
10
118.2829
20
121.0474
0
VERTEX
8
CUT
10
118.3239
20
121.0898
0
VERTEX
8
CUT
10
118.3589
20
121.1242
0
VERTEX
8
CUT
10
118.3741
20
121.1396
0
VERTEX
8
CUT
10
118.3957
20
121.1621
0
VERTEX
8
CUT
10
118.5673
20
121.3321
0
VERTEX
8
CUT
10
118.6184
20
121.3880
0
VERTEX
8
CUT
10
118.7809
20
121.5848
0
VERTEX
8
CUT
10
118.8261
20
121.6455
0
VERTEX
8
CUT
10
118.9682
20
121.8574
0
VERTEX
8
CUT
10
119.0072
20
121.9224
0
VERTEX
8
CUT
10
119.2009
20
122.2847
0
VERTEX
8
CUT
10
119.2059
20
122.2944
0
VERTEX
8
CUT
10
119.2107
20
122.3023
0
VERTEX
8
CUT
10
119.2601
20
122.3951
0
VERTEX
8
CUT
10
119.3704
20
122.5795
0
VERTEX
8
CUT
10
119.4326
20
122.6728
0
VERTEX
8
CUT
10
119.5604
20
122.8455
0
VERTEX
8
CUT
10
119.6315
20
122.9322
0
VERTEX
8
CUT
10
119.7757
20
123.0915
0
VERTEX
8
CUT
10
119.8550
20
123.1708
0
VERTEX
8
CUT
10
120.0141
20
123.3152
0
VERTEX
8
CUT
10
120.1008
20
123.3863
0
VERTEX
8
CUT
10
120.2734
20
123.5143
0
VERTEX
8
CUT
10
120.3666
20
123.5766
0
VERTEX
8
CUT
10
120.5509
20
123.6871
0
VERTEX
8
CUT
10
120.6499
20
123.7399
0
VERTEX
8
CUT
10
120.6864
20
123.7572
0
VERTEX
8
CUT
10
120.7525
20
123.7925
0
VERTEX
8
CUT
10
120.8148
20
123.8342
0
VERTEX
8
CUT
10
120.8727
20
123.8817
0
VERTEX
8
CUT
10
120.9257
20
123.9348
0
VERTEX
8
CUT
10
120.9731
20
123.9929
0
VERTEX
8
CUT
10
121.0146
20
124.0553
0
VERTEX
8
CUT
10
121.0498
20
124.1215
0
VERTEX
8
CUT
10
121.0782
20
124.1908
0
VERTEX
8
CUT
10
121.0997
20
124.2626
0
VERTEX
8
CUT
10
121.1140
20
124.3362
0
VERTEX
8
CUT
10
121.1210
20
124.4108
0
VERTEX
8
CUT
10
121.1206
20
124.4858
0
VERTEX
8
CUT
10
121.1128
20
124.5604
0
VERTEX
8
CUT
10
121.0978
20
124.6338
0
VERTEX
8
CUT
10
121.0755
20
124.7054
0
VERTEX
8
CUT
10
121.0463
20
124.7744
0
VERTEX
8
CUT
10
121.0105
20
124.8402
0
VERTEX
8
CUT
10
120.9683
20
124.9022
0
VERTEX
8
CUT
10
120.9203
20
124.9597
0
VERTEX
8
CUT
10
120.8668
20
125.0123
0
VERTEX
8
CUT
10
120.8084
20
125.0592
0
VERTEX
8
CUT
10
120.7456
20
125.1003
0
VERTEX
8
CUT
10
120.6791
20
125.1349
0
VERTEX
8
CUT
10
120.6096
20
125.1628
0
VERTEX
8
CUT
10
120.5376
20
125.1837
0
VERTEX
8
CUT
10
120.4639
20
125.1974
0
VERTEX
8
CUT
10
120.3892
20
125.2038
0
VERTEX
8
CUT
10
120.3812
20
125.2041
0
VERTEX
8
CUT
10
120.2708
20
125.2135
0
VERTEX
8
CUT
10
120.0605
20
125.2417
0
VERTEX
8
CUT
10
119.9515
20
125.2618
0
VERTEX
8
CUT
10
119.7449
20
125.3103
0
VERTEX
8
CUT
10
119.6384
20
125.3408
0
VERTEX
8
CUT
10
119.4374
20
125.4092
0
VERTEX
8
CUT
10
119.3344
20
125.4499
0
VERTEX
8
CUT
10
119.1411
20
125.5375
0
VERTEX
8
CUT
10
119.0425
20
125.5880
0
VERTEX
8
CUT
10
118.8585
20
125.6939
0
VERTEX
8
CUT
10
118.7653
20
125.7537
0
VERTEX
8
CUT
10
118.5925
20
125.8770
0
VERTEX
8
CUT
10
118.5056
20
125.9456
0
VERTEX
8
CUT
10
118.3534
20
126.0782
0
VERTEX
8
CUT
10
118.3235
20
126.1030
0
VERTEX
8
CUT
10
118.0904
20
126.2860
0
VERTEX
8
CUT
10
118.0286
20
126.3298
0
VERTEX
8
CUT
10
117.8132
20
126.4666
0
VERTEX
8
CUT
10
117.7473
20
126.5040
0
VERTEX
8
CUT
10
117.5194
20
126.6187
0
VERTEX
8
CUT
10
117.4501
20
126.6493
0
VERTEX
8
CUT
10
117.2119
20
126.7407
0
VERTEX
8
CUT
10
117.1399
20
126.7643
0
VERTEX
8
CUT
10
116.7905
20
126.8598
0
VERTEX
8
CUT
10
116.7626
20
126.8669
0
VERTEX
8
CUT
10
116.7072
20
126.8798
0
VERTEX
8
CUT
10
116.6962
20
126.8824
0
VERTEX
8
CUT
10
116.6808
20
126.8863
0
VERTEX
8
CUT
10
116.6084
20
126.9052
0
VERTEX
8
CUT
10
116.5851
20
126.9116
0
VERTEX
8
CUT
10
116.5441
20
126.9232
0
VERTEX
8
CUT
10
116.5344
20
126.9260
0
VERTEX
8
CUT
10
114.6377
20
127.4826
0
VERTEX
8
CUT
10
114.6221
20
127.4873
0
VERTEX
8
CUT
10
114.5828
20
127.4994
0
VERTEX
8
CUT
10
114.4965
20
127.5300
0
VERTEX
8
CUT
10
114.1660
20
127.6620
0
VERTEX
8
CUT
10
114.0889
20
127.6962
0
VERTEX
8
CUT
10
114.0801
20
127.7005
0
VERTEX
8
CUT
10
114.0714
20
127.7047
0
VERTEX
8
CUT
10
111.9881
20
128.7437
0
VERTEX
8
CUT
10
111.9749
20
128.7504
0
VERTEX
8
CUT
10
111.9417
20
128.7674
0
VERTEX
8
CUT
10
111.8693
20
128.8081
0
VERTEX
8
CUT
10
111.8603
20
128.8136
0
VERTEX
8
CUT
10
110.4032
20
129.9113
0
VERTEX
8
CUT
10
109.0520
20
131.2579
0
VERTEX
8
CUT
10
109.0230
20
131.2879
0
VERTEX
8
CUT
10
109.0158
20
131.2956
0
VERTEX
8
CUT
10
108.3269
20
132.1508
0
VERTEX
8
CUT
10
108.1480
20
132.3908
0
VERTEX
8
CUT
10
108.1283
20
132.4181
0
VERTEX
8
CUT
10
108.0349
20
132.5513
0
VERTEX
8
CUT
10
108.0160
20
132.5791
0
VERTEX
8
CUT
10
107.9807
20
132.6328
0
VERTEX
8
CUT
10
107.9626
20
132.6612
0
VERTEX
8
CUT
10
107.8772
20
132.7997
0
VERTEX
8
CUT
10
107.8600
20
132.8286
0
VERTEX
8
CUT
10
107.1675
20
134.0306
0
VERTEX
8
CUT
10
106.8731
20
134.6230
0
VERTEX
8
CUT
10
106.7930
20
134.7840
0
VERTEX
8
CUT
10
106.7080
20
134.9551
0
VERTEX
8
CUT
10
106.4202
20
135.5341
0
VERTEX
8
CUT
10
104.9518
20
139.8910
0
VERTEX
8
CUT
10
104.9454
20
139.9091
0
VERTEX
8
CUT
10
104.8711
20
140.1126
0
VERTEX
8
CUT
10
104.8570
20
140.1483
0
VERTEX
8
CUT
10
104.7725
20
140.3478
0
VERTEX
8
CUT
10
104.7648
20
140.3654
0
VERTEX
8
CUT
10
103.9178
20
142.2320
0
VERTEX
8
CUT
10
103.9073
20
142.2541
0
VERTEX
8
CUT
10
103.7846
20
142.5030
0
VERTEX
8
CUT
10
103.7614
20
142.5463
0
VERTEX
8
CUT
10
103.6229
20
142.7867
0
VERTEX
8
CUT
10
103.6103
20
142.8078
0
VERTEX
8
CUT
10
103.1079
20
143.6178
0
VERTEX
8
CUT
10
103.0871
20
143.6495
0
VERTEX
8
CUT
10
102.8836
20
143.9437
0
VERTEX
8
CUT
10
102.8373
20
144.0039
0
VERTEX
8
CUT
10
102.6717
20
144.1985
0
VERTEX
8
CUT
10
102.6197
20
144.2538
0
VERTEX
8
CUT
10
102.4355
20
144.4310
0
VERTEX
8
CUT
10
102.3783
20
144.4808
0
VERTEX
8
CUT
10
102.1774
20
144.6387
0
VERTEX
8
CUT
10
102.1154
20
144.6825
0
VERTEX
8
CUT
10
101.8998
20
144.8196
0
VERTEX
8
CUT
10
101.8338
20
144.8570
0
VERTEX
8
CUT
10
101.6055
20
144.9719
0
VERTEX
8
CUT
10
101.5361
20
145.0026
0
VERTEX
8
CUT
10
101.2975
20
145.0942
0
VERTEX
8
CUT
10
101.2254
20
145.1178
0
VERTEX
8
CUT
10
100.9789
20
145.1851
0
VERTEX
8
CUT
10
100.9048
20
145.2014
0
VERTEX
8
CUT
10
100.6528
20
145.2438
0
VERTEX
8
CUT
10
100.5774
20
145.2527
0
VERTEX
8
CUT
10
100.3224
20
145.2697
0
VERTEX
8
CUT
10
100.2465
20
145.2710
0
VERTEX
8
CUT
10
99.9911
20
145.2626
0
VERTEX
8
CUT
10
99.9155
20
145.2563
0
VERTEX
8
CUT
10
99.6622
20
145.2224
0
VERTEX
8
CUT
10
99.5876
20
145.2086
0
VERTEX
8
CUT
10
99.3389
20
145.1496
0
VERTEX
8
CUT
10
99.2661
20
145.1285
0
VERTEX
8
CUT
10
99.0245
20
145.0450
0
VERTEX
8
CUT
10
98.9541
20
145.0167
0
VERTEX
8
CUT
10
98.7221
20
144.9095
0
VERTEX
8
CUT
10
98.6549
20
144.8743
0
VERTEX
8
CUT
10
98.4347
20
144.7446
0
VERTEX
8
CUT
10
98.3714
20
144.7029
0
VERTEX
8
CUT
10
98.1652
20
144.5518
0
VERTEX
8
CUT
10
98.1063
20
144.5040
0
VERTEX
8
CUT
10
97.9163
20
144.3332
0
VERTEX
8
CUT
10
97.8624
20
144.2797
0
VERTEX
8
CUT
10
97.6903
20
144.0907
0
VERTEX
8
CUT
10
97.6421
20
144.0322
0
VERTEX
8
CUT
10
97.4897
20
143.8270
0
VERTEX
8
CUT
10
97.4476
20
143.7639
0
VERTEX
8
CUT
10
97.3164
20
143.5446
0
VERTEX
8
CUT
10
97.2808
20
143.4776
0
VERTEX
8
CUT
10
97.1721
20
143.2463
0
VERTEX
8
CUT
10
97.1433
20
143.1761
0
VERTEX
8
CUT
10
97.0583
20
142.9351
0
VERTEX
8
CUT
10
97.0366
20
142.8624
0
VERTEX
8
CUT
10
96.9760
20
142.6141
0
VERTEX
8
CUT
10
96.9618
20
142.5396
0
VERTEX
8
CUT
10
96.9408
20
142.3906
0
VERTEX
8
CUT
10
96.9319
20
142.3364
0
VERTEX
8
CUT
10
96.8874
20
142.1023
0
VERTEX
8
CUT
10
96.8617
20
141.9954
0
VERTEX
8
CUT
10
96.8026
20
141.7931
0
VERTEX
8
CUT
10
96.7667
20
141.6891
0
VERTEX
8
CUT
10
96.6883
20
141.4935
0
VERTEX
8
CUT
10
96.6426
20
141.3935
0
VERTEX
8
CUT
10
96.5458
20
141.2063
0
VERTEX
8
CUT
10
96.4906
20
141.1112
0
VERTEX
8
CUT
10
96.3762
20
140.9342
0
VERTEX
8
CUT
10
96.3121
20
140.8449
0
VERTEX
8
CUT
10
96.1812
20
140.6798
0
VERTEX
8
CUT
10
96.1088
20
140.5970
0
VERTEX
8
CUT
10
95.9625
20
140.4452
0
VERTEX
8
CUT
10
95.8825
20
140.3698
0
VERTEX
8
CUT
10
95.7223
20
140.2329
0
VERTEX
8
CUT
10
95.6354
20
140.1656
0
VERTEX
8
CUT
10
95.4627
20
140.0447
0
VERTEX
8
CUT
10
95.3697
20
139.9860
0
VERTEX
8
CUT
10
95.1862
20
139.8824
0
VERTEX
8
CUT
10
95.0880
20
139.8330
0
VERTEX
8
CUT
10
94.8954
20
139.7475
0
VERTEX
8
CUT
10
94.7928
20
139.7078
0
VERTEX
8
CUT
10
94.5929
20
139.6412
0
VERTEX
8
CUT
10
94.4870
20
139.6116
0
VERTEX
8
CUT
10
94.2815
20
139.5646
0
VERTEX
8
CUT
10
94.1733
20
139.5453
0
VERTEX
8
CUT
10
93.9643
20
139.5184
0
VERTEX
8
CUT
10
93.8546
20
139.5096
0
VERTEX
8
CUT
10
93.6440
20
139.5030
0
VERTEX
8
CUT
10
93.5341
20
139.5048
0
VERTEX
8
CUT
10
93.2963
20
139.5203
0
VERTEX
8
CUT
10
93.2415
20
139.5251
0
VERTEX
8
CUT
10
93.1281
20
139.5380
0
VERTEX
8
CUT
10
93.0531
20
139.5428
0
VERTEX
8
CUT
10
92.8002
20
139.5464
0
VERTEX
8
CUT
10
92.7251
20
139.5438
0
VERTEX
8
CUT
10
92.4730
20
139.5224
0
VERTEX
8
CUT
10
92.3986
20
139.5124
0
VERTEX
8
CUT
10
92.1499
20
139.4663
0
VERTEX
8
CUT
10
92.0768
20
139.4489
0
VERTEX
8
CUT
10
91.8338
20
139.3785
0
VERTEX
8
CUT
10
91.7628
20
139.3540
0
VERTEX
8
CUT
10
91.5280
20
139.2599
0
VERTEX
8
CUT
10
91.4597
20
139.2285
0
VERTEX
8
CUT
10
91.3935
20
139.1940
0
VERTEX
8
CUT
10
91.3452
20
139.1703
0
VERTEX
8
CUT
10
91.1335
20
139.0726
0
VERTEX
8
CUT
10
91.0338
20
139.0321
0
VERTEX
8
CUT
10
90.8394
20
138.9637
0
VERTEX
8
CUT
10
90.7363
20
138.9328
0
VERTEX
8
CUT
10
90.5362
20
138.8830
0
VERTEX
8
CUT
10
90.4307
20
138.8620
0
VERTEX
8
CUT
10
90.2268
20
138.8313
0
VERTEX
8
CUT
10
90.1198
20
138.8203
0
VERTEX
8
CUT
10
89.9139
20
138.8089
0
VERTEX
8
CUT
10
89.8063
20
138.8081
0
VERTEX
8
CUT
10
89.6003
20
138.8162
0
VERTEX
8
CUT
10
89.4931
20
138.8255
0
VERTEX
8
CUT
10
89.2888
20
138.8531
0
VERTEX
8
CUT
10
89.1829
20
138.8724
0
VERTEX
8
CUT
10
88.9821
20
138.9191
0
VERTEX
8
CUT
10
88.8786
20
138.9484
0
VERTEX
8
CUT
10
88.6830
20
139.0138
0
VERTEX
8
CUT
10
88.5827
20
139.0527
0
VERTEX
8
CUT
10
88.3696
20
139.1471
0
VERTEX
8
CUT
10
88.3209
20
139.1701
0
VERTEX
8
CUT
10
87.5559
20
139.5533
0
VERTEX
8
CUT
10
87.5341
20
139.5638
0
VERTEX
8
CUT
10
87.2856
20
139.6785
0
VERTEX
8
CUT
10
87.2410
20
139.6974
0
VERTEX
8
CUT
10
86.9858
20
139.7960
0
VERTEX
8
CUT
10
86.9631
20
139.8044
0
VERTEX
8
CUT
10
86.8635
20
139.8393
0
VERTEX
8
CUT
10
86.8286
20
139.8506
0
VERTEX
8
CUT
10
86.4968
20
139.9491
0
VERTEX
8
CUT
10
86.4256
20
139.9666
0
VERTEX
8
CUT
10
86.1829
20
140.0138
0
VERTEX
8
CUT
10
86.1102
20
140.0243
0
VERTEX
8
CUT
10
85.8641
20
140.0478
0
VERTEX
8
CUT
10
85.7908
20
140.0513
0
VERTEX
8
CUT
10
85.5436
20
140.0510
0
VERTEX
8
CUT
10
85.4703
20
140.0474
0
VERTEX
8
CUT
10
85.2242
20
140.0232
0
VERTEX
8
CUT
10
85.1516
20
140.0126
0
VERTEX
8
CUT
10
84.9090
20
139.9648
0
VERTEX
8
CUT
10
84.8378
20
139.9472
0
VERTEX
8
CUT
10
84.6009
20
139.8762
0
VERTEX
8
CUT
10
84.5317
20
139.8518
0
VERTEX
8
CUT
10
84.3028
20
139.7584
0
VERTEX
8
CUT
10
84.2363
20
139.7274
0
VERTEX
8
CUT
10
84.0175
20
139.6123
0
VERTEX
8
CUT
10
83.9542
20
139.5750
0
VERTEX
8
CUT
10
83.7475
20
139.4394
0
VERTEX
8
CUT
10
83.6882
20
139.3962
0
VERTEX
8
CUT
10
83.4956
20
139.2412
0
VERTEX
8
CUT
10
83.4407
20
139.1925
0
VERTEX
8
CUT
10
83.2639
20
139.0197
0
VERTEX
8
CUT
10
83.2139
20
138.9659
0
VERTEX
8
CUT
10
83.0546
20
138.7769
0
VERTEX
8
CUT
10
83.0101
20
138.7185
0
VERTEX
8
CUT
10
82.8697
20
138.5150
0
VERTEX
8
CUT
10
82.8311
20
138.4526
0
VERTEX
8
CUT
10
82.7110
20
138.2365
0
VERTEX
8
CUT
10
82.6785
20
138.1706
0
VERTEX
8
CUT
10
82.5799
20
137.9439
0
VERTEX
8
CUT
10
82.5539
20
137.8753
0
VERTEX
8
CUT
10
82.4776
20
137.6401
0
VERTEX
8
CUT
10
82.4583
20
137.5693
0
VERTEX
8
CUT
10
82.4051
20
137.3279
0
VERTEX
8
CUT
10
82.3927
20
137.2555
0
VERTEX
8
CUT
10
82.3630
20
137.0101
0
VERTEX
8
CUT
10
82.3577
20
136.9369
0
VERTEX
8
CUT
10
82.3518
20
136.6897
0
VERTEX
8
CUT
10
82.3536
20
136.6163
0
VERTEX
8
CUT
10
82.3715
20
136.3698
0
VERTEX
8
CUT
10
82.3804
20
136.2969
0
VERTEX
8
CUT
10
82.4220
20
136.0532
0
VERTEX
8
CUT
10
82.4379
20
135.9815
0
VERTEX
8
CUT
10
82.5028
20
135.7430
0
VERTEX
8
CUT
10
82.5255
20
135.6732
0
VERTEX
8
CUT
10
82.6132
20
135.4420
0
VERTEX
8
CUT
10
82.6425
20
135.3747
0
VERTEX
8
CUT
10
82.7521
20
135.1531
0
VERTEX
8
CUT
10
82.7877
20
135.0890
0
VERTEX
8
CUT
10
82.9182
20
134.8789
0
VERTEX
8
CUT
10
82.9598
20
134.8185
0
VERTEX
8
CUT
10
83.1099
20
134.6220
0
VERTEX
8
CUT
10
83.1572
20
134.5659
0
VERTEX
8
CUT
10
83.3959
20
134.3092
0
VERTEX
8
CUT
10
83.4160
20
134.2884
0
VERTEX
8
CUT
10
83.4480
20
134.2564
0
VERTEX
8
CUT
10
83.4563
20
134.2481
0
VERTEX
8
CUT
10
83.5164
20
134.1870
0
VERTEX
8
CUT
10
83.5421
20
134.1599
0
VERTEX
8
CUT
10
83.6644
20
134.0270
0
VERTEX
8
CUT
10
83.6892
20
133.9991
0
VERTEX
8
CUT
10
84.9566
20
132.5279
0
VERTEX
8
CUT
10
84.9686
20
132.5136
0
VERTEX
8
CUT
10
85.0250
20
132.4459
0
VERTEX
8
CUT
10
85.0433
20
132.4235
0
VERTEX
8
CUT
10
85.0716
20
132.3877
0
VERTEX
8
CUT
10
85.0779
20
132.3796
0
VERTEX
8
CUT
10
85.1154
20
132.3313
0
VERTEX
8
CUT
10
85.1268
20
132.3165
0
VERTEX
8
CUT
10
85.1797
20
132.2460
0
VERTEX
8
CUT
10
85.1967
20
132.2227
0
VERTEX
8
CUT
10
85.2232
20
132.1855
0
VERTEX
8
CUT
10
85.2291
20
132.1771
0
VERTEX
8
CUT
10
86.1457
20
130.8647
0
VERTEX
8
CUT
10
86.1676
20
130.8322
0
VERTEX
8
CUT
10
86.2706
20
130.6733
0
VERTEX
8
CUT
10
86.2914
20
130.6400
0
VERTEX
8
CUT
10
86.3299
20
130.5759
0
VERTEX
8
CUT
10
86.3495
20
130.5420
0
VERTEX
8
CUT
10
86.4414
20
130.3763
0
VERTEX
8
CUT
10
86.4598
20
130.3417
0
VERTEX
8
CUT
10
87.0672
20
129.1523
0
VERTEX
8
CUT
10
87.0746
20
129.1375
0
VERTEX
8
CUT
10
87.0931
20
129.0998
0
VERTEX
8
CUT
10
87.1309
20
129.0144
0
VERTEX
8
CUT
10
87.2640
20
128.6769
0
VERTEX
8
CUT
10
87.2925
20
128.5957
0
VERTEX
8
CUT
10
87.2955
20
128.5862
0
VERTEX
8
CUT
10
87.2983
20
128.5768
0
VERTEX
8
CUT
10
87.5890
20
127.6080
0
VERTEX
8
CUT
10
87.6062
20
127.5438
0
VERTEX
8
CUT
10
87.6727
20
127.2637
0
VERTEX
8
CUT
10
87.6958
20
127.1329
0
VERTEX
8
CUT
10
87.7293
20
126.8470
0
VERTEX
8
CUT
10
87.7351
20
126.7808
0
VERTEX
8
CUT
10
87.7711
20
126.1621
0
VERTEX
8
CUT
10
87.7729
20
126.1109
0
VERTEX
8
CUT
10
87.7758
20
125.8892
0
VERTEX
8
CUT
10
87.7726
20
125.7869
0
VERTEX
8
CUT
10
87.7576
20
125.5914
0
VERTEX
8
CUT
10
87.7452
20
125.4898
0
VERTEX
8
CUT
10
87.7085
20
125.2711
0
VERTEX
8
CUT
10
87.6988
20
125.2208
0
VERTEX
8
CUT
10
87.6353
20
124.9248
0
VERTEX
8
CUT
10
87.6203
20
124.8633
0
VERTEX
8
CUT
10
87.5480
20
124.5988
0
VERTEX
8
CUT
10
87.5079
20
124.4788
0
VERTEX
8
CUT
10
87.4184
20
124.2534
0
VERTEX
8
CUT
10
87.3652
20
124.1385
0
VERTEX
8
CUT
10
87.2364
20
123.8965
0
VERTEX
8
CUT
10
87.2051
20
123.8414
0
VERTEX
8
CUT
10
87.0696
20
123.6177
0
VERTEX
8
CUT
10
87.0361
20
123.5656
0
VERTEX
8
CUT
10
86.8849
20
123.3442
0
VERTEX
8
CUT
10
86.8096
20
123.2459
0
VERTEX
8
CUT
10
86.6555
20
123.0657
0
VERTEX
8
CUT
10
86.5700
20
122.9762
0
VERTEX
8
CUT
10
86.3747
20
122.7925
0
VERTEX
8
CUT
10
86.3284
20
122.7513
0
VERTEX
8
CUT
10
86.0345
20
122.5037
0
VERTEX
8
CUT
10
85.9931
20
122.4704
0
VERTEX
8
CUT
10
85.8102
20
122.3304
0
VERTEX
8
CUT
10
85.7229
20
122.2698
0
VERTEX
8
CUT
10
85.5503
20
122.1615
0
VERTEX
8
CUT
10
85.4577
20
122.1093
0
VERTEX
8
CUT
10
85.2521
20
122.0056
0
VERTEX
8
CUT
10
85.2041
20
121.9828
0
VERTEX
8
CUT
10
85.0711
20
121.9234
0
VERTEX
8
CUT
10
85.0169
20
121.9008
0
VERTEX
8
CUT
10
84.7797
20
121.8092
0
VERTEX
8
CUT
10
84.6681
20
121.7725
0
VERTEX
8
CUT
10
84.4511
20
121.7135
0
VERTEX
8
CUT
10
84.3364
20
121.6885
0
VERTEX
8
CUT
10
84.0854
20
121.6474
0
VERTEX
8
CUT
10
84.0273
20
121.6393
0
VERTEX
8
CUT
10
83.8856
20
121.6235
0
VERTEX
8
CUT
10
83.8390
20
121.6193
0
VERTEX
8
CUT
10
83.6368
20
121.6051
0
VERTEX
8
CUT
10
83.5433
20
121.6024
0
VERTEX
8
CUT
10
83.3641
20
121.6045
0
VERTEX
8
CUT
10
83.2707
20
121.6095
0
VERTEX
8
CUT
10
83.0689
20
121.6285
0
VERTEX
8
CUT
10
83.0224
20
121.6339
0
VERTEX
8
CUT
10
82.8673
20
121.6550
0
VERTEX
8
CUT
10
82.8170
20
121.6630
0
VERTEX
8
CUT
10
82.6000
20
121.7024
0
VERTEX
8
CUT
10
82.5007
20
121.7251
0
VERTEX
8
CUT
10
82.3126
20
121.7770
0
VERTEX
8
CUT
10
82.2158
20
121.8084
0
VERTEX
8
CUT
10
82.0092
20
121.8858
0
VERTEX
8
CUT
10
81.9619
20
121.9048
0
VERTEX
8
CUT
10
81.6696
20
122.0295
0
VERTEX
8
CUT
10
81.6108
20
122.0565
0
VERTEX
8
CUT
10
81.3600
20
122.1808
0
VERTEX
8
CUT
10
81.2476
20
122.2447
0
VERTEX
8
CUT
10
81.0124
20
122.3965
0
VERTEX
8
CUT
10
80.9591
20
122.4331
0
VERTEX
8
CUT
10
80.6312
20
122.6723
0
VERTEX
8
CUT
10
80.6161
20
122.6835
0
VERTEX
8
CUT
10
80.5608
20
122.7253
0
VERTEX
8
CUT
10
80.5123
20
122.7639
0
VERTEX
8
CUT
10
80.3729
20
122.8816
0
VERTEX
8
CUT
10
80.3081
20
122.9408
0
VERTEX
8
CUT
10
80.1769
20
123.0700
0
VERTEX
8
CUT
10
80.1399
20
123.1082
0
VERTEX
8
CUT
10
80.1173
20
123.1326
0
VERTEX
8
CUT
10
80.1098
20
123.1408
0
VERTEX
8
CUT
10
79.7258
20
123.5645
0
VERTEX
8
CUT
10
79.7137
20
123.5780
0
VERTEX
8
CUT
10
79.6696
20
123.6283
0
VERTEX
8
CUT
10
79.6313
20
123.6743
0
VERTEX
8
CUT
10
79.5221
20
123.8127
0
VERTEX
8
CUT
10
79.4721
20
123.8812
0
VERTEX
8
CUT
10
79.3726
20
124.0286
0
VERTEX
8
CUT
10
79.3449
20
124.0718
0
VERTEX
8
CUT
10
79.3281
20
124.0992
0
VERTEX
8
CUT
10
79.3226
20
124.1084
0
VERTEX
8
CUT
10
78.9318
20
124.7617
0
VERTEX
8
CUT
10
78.9217
20
124.7789
0
VERTEX
8
CUT
10
78.8903
20
124.8336
0
VERTEX
8
CUT
10
78.8504
20
124.9095
0
VERTEX
8
CUT
10
78.7125
20
125.1977
0
VERTEX
8
CUT
10
78.6850
20
125.2598
0
VERTEX
8
CUT
10
77.7060
20
127.6638
0
VERTEX
8
CUT
10
77.6895
20
127.7014
0
VERTEX
8
CUT
10
77.5244
20
128.0514
0
VERTEX
8
CUT
10
77.4854
20
128.1237
0
VERTEX
8
CUT
10
77.3411
20
128.3596
0
VERTEX
8
CUT
10
77.2946
20
128.4272
0
VERTEX
8
CUT
10
77.0616
20
128.7293
0
VERTEX
8
CUT
10
77.0110
20
128.7884
0
VERTEX
8
CUT
10
76.7770
20
129.0349
0
VERTEX
8
CUT
10
76.7239
20
129.0857
0
VERTEX
8
CUT
10
76.5372
20
129.2478
0
VERTEX
8
CUT
10
76.4795
20
129.2931
0
VERTEX
8
CUT
10
76.2780
20
129.4365
0
VERTEX
8
CUT
10
76.2162
20
129.4761
0
VERTEX
8
CUT
10
76.0018
20
129.5993
0
VERTEX
8
CUT
10
75.9365
20
129.6327
0
VERTEX
8
CUT
10
75.7112
20
129.7347
0
VERTEX
8
CUT
10
75.6429
20
129.7617
0
VERTEX
8
CUT
10
75.4089
20
129.8414
0
VERTEX
8
CUT
10
75.3383
20
129.8617
0
VERTEX
8
CUT
10
75.0977
20
129.9185
0
VERTEX
8
CUT
10
75.0255
20
129.9319
0
VERTEX
8
CUT
10
74.7805
20
129.9652
0
VERTEX
8
CUT
10
74.7074
20
129.9716
0
VERTEX
8
CUT
10
74.4603
20
129.9811
0
VERTEX
8
CUT
10
74.3869
20
129.9804
0
VERTEX
8
CUT
10
74.1400
20
129.9660
0
VERTEX
8
CUT
10
74.0671
20
129.9582
0
VERTEX
8
CUT
10
73.7628
20
129.9108
0
VERTEX
8
CUT
10
73.6936
20
129.8967
0
VERTEX
8
CUT
10
73.4240
20
129.8285
0
VERTEX
8
CUT
10
73.3591
20
129.8090
0
VERTEX
8
CUT
10
73.1437
20
129.7336
0
VERTEX
8
CUT
10
73.0808
20
129.7084
0
VERTEX
8
CUT
10
72.8729
20
129.6141
0
VERTEX
8
CUT
10
72.8126
20
129.5834
0
VERTEX
8
CUT
10
72.6139
20
129.4709
0
VERTEX
8
CUT
10
72.5565
20
129.4350
0
VERTEX
8
CUT
10
72.2937
20
129.2535
0
VERTEX
8
CUT
10
72.2662
20
129.2337
0
VERTEX
8
CUT
10
72.0497
20
129.0695
0
VERTEX
8
CUT
10
72.0218
20
129.0473
0
VERTEX
8
CUT
10
71.7637
20
128.8318
0
VERTEX
8
CUT
10
71.7112
20
128.7836
0
VERTEX
8
CUT
10
71.5421
20
128.6130
0
VERTEX
8
CUT
10
71.4943
20
128.5600
0
VERTEX
8
CUT
10
71.3419
20
128.3744
0
VERTEX
8
CUT
10
71.2993
20
128.3172
0
VERTEX
8
CUT
10
71.1649
20
128.1180
0
VERTEX
8
CUT
10
71.1279
20
128.0571
0
VERTEX
8
CUT
10
71.0128
20
127.8463
0
VERTEX
8
CUT
10
70.9816
20
127.7822
0
VERTEX
8
CUT
10
70.8726
20
127.5284
0
VERTEX
8
CUT
10
70.8450
20
127.4539
0
VERTEX
8
CUT
10
70.7369
20
127.1057
0
VERTEX
8
CUT
10
70.7158
20
127.0206
0
VERTEX
8
CUT
10
70.6395
20
126.6144
0
VERTEX
8
CUT
10
70.6327
20
126.5711
0
VERTEX
8
CUT
10
70.6287
20
126.5406
0
VERTEX
8
CUT
10
70.6246
20
126.4996
0
VERTEX
8
CUT
10
70.5960
20
126.1122
0
VERTEX
8
CUT
10
70.5944
20
126.0298
0
VERTEX
8
CUT
10
70.6070
20
125.6662
0
VERTEX
8
CUT
10
70.6147
20
125.5815
0
VERTEX
8
CUT
10
70.6719
20
125.1946
0
VERTEX
8
CUT
10
70.6898
20
125.1086
0
VERTEX
8
CUT
10
70.7973
20
124.7086
0
VERTEX
8
CUT
10
70.8099
20
124.6665
0
SEQEND
0
POLYLINE
8
CUT
66
1
70
1
10
0.0
20
0.0
30
0.0
0
VERTEX
8
CUT
10
105.8775
20
41.8687
0
VERTEX
8
CUT
10
105.9405
20
41.8478
0
VERTEX
8
CUT
10
106.1558
20
41.7867
0
VERTEX
8
CUT
10
106.2204
20
41.7714
0
VERTEX
8
CUT
10
106.5279
20
41.7125
0
VERTEX
8
CUT
10
106.5606
20
41.7070
0
VERTEX
8
CUT
10
106.6158
20
41.6989
0
VERTEX
8
CUT
10
106.6472
20
41.6949
0
VERTEX
8
CUT
10
106.9448
20
41.6640
0
VERTEX
8
CUT
10
107.0081
20
41.6600
0
VERTEX
8
CUT
10
107.2219
20
41.6557
0
VERTEX
8
CUT
10
107.2853
20
41.6571
0
VERTEX
8
CUT
10
107.5838
20
41.6760
0
VERTEX
8
CUT
10
107.6154
20
41.6787
0
VERTEX
8
CUT
10
109.4083
20
41.8676
0
VERTEX
8
CUT
10
109.4453
20
41.8724
0
VERTEX
8
CUT
10
109.7928
20
41.9264
0
VERTEX
8
CUT
10
109.8658
20
41.9414
0
VERTEX
8
CUT
10
110.1091
20
42.0041
0
VERTEX
8
CUT
10
110.1803
20
42.0263
0
VERTEX
8
CUT
10
110.5106
20
42.1470
0
VERTEX
8
CUT
10
110.5453
20
42.1607
0
VERTEX
8
CUT
10
111.4089
20
42.5253
0
VERTEX
8
CUT
10
111.4469
20
42.5426
0
VERTEX
8
CUT
10
111.8007
20
42.7155
0
VERTEX
8
CUT
10
111.8736
20
42.7562
0
VERTEX
8
CUT
10
112.2062
20
42.9668
0
VERTEX
8
CUT
10
112.2409
20
42.9901
0
VERTEX
8
CUT
10
112.5420
20
43.2048
0
VERTEX
8
CUT
10
112.5716
20
43.2271
0
VERTEX
8
CUT
10
112.8461
20
43.4437
0
VERTEX
8
CUT
10
112.9020
20
43.4925
0
VERTEX
8
CUT
10
113.0821
20
43.6657
0
VERTEX
8
CUT
10
113.1330
20
43.7196
0
VERTEX
8
CUT
10
113.2953
20
43.9095
0
VERTEX
8
CUT
10
113.3407
20
43.9682
0
VERTEX
8
CUT
10
113.4838
20
44.1730
0
VERTEX
8
CUT
10
113.5232
20
44.2358
0
VERTEX
8
CUT
10
113.6456
20
44.4536
0
VERTEX
8
CUT
10
113.6787
20
44.5200
0
VERTEX
8
CUT
10
113.7793
20
44.7487
0
VERTEX
8
CUT
10
113.8059
20
44.8180
0
VERTEX
8
CUT
10
113.8837
20
45.0554
0
VERTEX
8
CUT
10
113.9033
20
45.1269
0
VERTEX
8
CUT
10
113.9576
20
45.3708
0
VERTEX
8
CUT
10
113.9702
20
45.4438
0
VERTEX
8
CUT
10
114.0005
20
45.6918
0
VERTEX
8
CUT
10
114.0059
20
45.7658
0
VERTEX
8
CUT
10
114.0118
20
46.0156
0
VERTEX
8
CUT
10
114.0100
20
46.0897
0
VERTEX
8
CUT
10
113.9916
20
46.3389
0
VERTEX
8
CUT
10
113.9825
20
46.4125
0
VERTEX
8
CUT
10
113.9399
20
46.6587
0
VERTEX
8
CUT
10
113.9237
20
46.7311
0
VERTEX
8
CUT
10
113.8573
20
46.9719
0
VERTEX
8
CUT
10
113.8341
20
47.0424
0
VERTEX
8
CUT
10
113.7446
20
47.2756
0
VERTEX
8
CUT
10
113.7146
20
47.3435
0
VERTEX
8
CUT
10
113.6028
20
47.5669
0
VERTEX
8
CUT
10
113.5664
20
47.6315
0
VERTEX
8
CUT
10
113.4333
20
47.8429
0
VERTEX
8
CUT
10
113.3907
20
47.9037
0
VERTEX
8
CUT
10
113.2376
20
48.1011
0
VERTEX
8
CUT
10
113.1894
20
48.1574
0
VERTEX
8
CUT
10
113.0178
20
48.3390
0
VERTEX
8
CUT
10
112.9643
20
48.3904
0
VERTEX
8
CUT
10
112.7758
20
48.5544
0
VERTEX
8
CUT
10
112.7175
20
48.6003
0
VERTEX
8
CUT
10
112.5140
20
48.7451
0
VERTEX
8
CUT
10
112.4515
20
48.7851
0
VERTEX
8
CUT
10
112.2348
20
48.9094
0
VERTEX
8
CUT
10
112.1687
20
48.9431
0
VERTEX
8
CUT
10
111.9409
20
49.0457
0
VERTEX
8
CUT
10
111.8719
20
49.0729
0
VERTEX
8
CUT
10
111.6352
20
49.1528
0
VERTEX
8
CUT
10
111.5638
20
49.1730
0
VERTEX
8
CUT
10
111.3204
20
49.2295
0
VERTEX
8
CUT
10
111.2475
20
49.2427
0
VERTEX
8
CUT
10
110.9997
20
49.2751
0
VERTEX
8
CUT
10
110.9258
20
49.2812
0
VERTEX
8
CUT
10
110.6761
20
49.2893
0
VERTEX
8
CUT
10
110.6019
20
49.2881
0
VERTEX
8
CUT
10
110.3526
20
49.2719
0
VERTEX
8
CUT
10
110.2789
20
49.2635
0
VERTEX
8
CUT
10
110.0324
20
49.2230
0
VERTEX
8
CUT
10
109.9599
20
49.2074
0
VERTEX
8
CUT
10
109.6220
20
49.1175
0
VERTEX
8
CUT
10
109.5864
20
49.1070
0
VERTEX
8
CUT
10
109.2741
20
49.0074
0
VERTEX
8
CUT
10
109.2142
20
48.9900
0
VERTEX
8
CUT
10
108.9529
20
48.9221
0
VERTEX
8
CUT
10
108.8307
20
48.8973
0
VERTEX
8
CUT
10
108.5944
20
48.8629
0
VERTEX
8
CUT
10
108.4702
20
48.8516
0
VERTEX
8
CUT
10
108.2003
20
48.8421
0
VERTEX
8
CUT
10
108.1380
20
48.8415
0
VERTEX
8
CUT
10
107.8975
20
48.8462
0
VERTEX
8
CUT
10
107.8407
20
48.8487
0
VERTEX
8
CUT
10
107.5951
20
48.8657
0
VERTEX
8
CUT
10
107.4822
20
48.8792
0
VERTEX
8
CUT
10
107.2676
20
48.9158
0
VERTEX
8
CUT
10
107.1566
20
48.9404
0
VERTEX
8
CUT
10
106.9193
20
49.0058
0
VERTEX
8
CUT
10
106.8648
20
49.0222
0
VERTEX
8
CUT
10
106.6182
20
49.1035
0
VERTEX
8
CUT
10
106.5829
20
49.1142
0
VERTEX
8
CUT
10
106.2478
20
49.2069
0
VERTEX
8
CUT
10
106.1759
20
49.2231
0
VERTEX
8
CUT
10
105.9311
20
49.2659
0
VERTEX
8
CUT
10
105.8579
20
49.2750
0
VERTEX
8
CUT
10
105.6102
20
49.2938
0
VERTEX
8
CUT
10
105.5365
20
49.2958
0
VERTEX
8
CUT
10
105.2881
20
49.2905
0
VERTEX
8
CUT
10
105.2146
20
49.2854
0
VERTEX
8
CUT
10
104.9679
20
49.2560
0
VERTEX
8
CUT
10
104.8951
20
49.2438
0
VERTEX
8
CUT
10
104.6525
20
49.1907
0
VERTEX
8
CUT
10
104.5813
20
49.1714
0
VERTEX
8
CUT
10
104.3449
20
49.0951
0
VERTEX
8
CUT
10
104.2759
20
49.0690
0
VERTEX
8
CUT
10
104.0480
20
48.9701
0
VERTEX
8
CUT
10
103.9818
20
48.9375
0
VERTEX
8
CUT
10
103.7646
20
48.8169
0
VERTEX
8
CUT
10
103.7020
20
48.7780
0
VERTEX
8
CUT
10
103.4974
20
48.6370
0
VERTEX
8
CUT
10
103.4388
20
48.5922
0
VERTEX
8
CUT
10
103.2490
20
48.4320
0
VERTEX
8
CUT
10
103.1950
20
48.3818
0
VERTEX
8
CUT
10
103.0215
20
48.2039
0
VERTEX
8
CUT
10
102.9726
20
48.1487
0
VERTEX
8
CUT
10
102.8172
20
47.9549
0
VERTEX
8
CUT
10
102.7739
20
47.8952
0
VERTEX
8
CUT
10
102.6381
20
47.6872
0
VERTEX
8
CUT
10
102.6008
20
47.6236
0
VERTEX
8
CUT
10
102.4857
20
47.4034
0
VERTEX
8
CUT
10
102.4547
20
47.3365
0
VERTEX
8
CUT
10
102.3615
20
47.1062
0
VERTEX
8
CUT
10
102.3372
20
47.0366
0
VERTEX
8
CUT
10
102.2667
20
46.7983
0
VERTEX
8
CUT
10
102.2493
20
46.7267
0
VERTEX
8
CUT
10
102.2022
20
46.4828
0
VERTEX
8
CUT
10
102.1918
20
46.4097
0
VERTEX
8
CUT
10
102.1686
20
46.1624
0
VERTEX
8
CUT
10
102.1653
20
46.0887
0
VERTEX
8
CUT
10
102.1663
20
45.8403
0
VERTEX
8
CUT
10
102.1701
20
45.7667
0
VERTEX
8
CUT
10
102.1951
20
45.5195
0
VERTEX
8
CUT
10
102.2061
20
45.4466
0
VERTEX
8
CUT
10
102.2549
20
45.2030
0
VERTEX
8
CUT
10
102.2729
20
45.1314
0
VERTEX
8
CUT
10
102.3451
20
44.8937
0
VERTEX
8
CUT
10
102.3699
20
44.8243
0
VERTEX
8
CUT
10
102.4648
20
44.5947
0
VERTEX
8
CUT
10
102.4963
20
44.5280
0
VERTEX
8
CUT
10
102.6130
20
44.3087
0
VERTEX
8
CUT
10
102.6508
20
44.2454
0
VERTEX
8
CUT
10
102.7882
20
44.0384
0
VERTEX
8
CUT
10
102.8319
20
43.9790
0
VERTEX
8
CUT
10
102.9887
20
43.7863
0
VERTEX
8
CUT
10
103.0380
20
43.7315
0
VERTEX
8
CUT
10
103.2826
20
43.4844
0
VERTEX
8
CUT
10
103.3092
20
43.4588
0
VERTEX
8
CUT
10
103.6823
20
43.1168
0
VERTEX
8
CUT
10
103.7108
20
43.0919
0
VERTEX
8
CUT
10
103.9856
20
42.8641
0
VERTEX
8
CUT
10
104.0462
20
42.8187
0
VERTEX
8
CUT
10
104.3423
20
42.6194
0
VERTEX
8
CUT
10
104.3742
20
42.5991
0
VERTEX
8
CUT
10
104.6474
20
42.4343
0
VERTEX
8
CUT
10
104.6696
20
42.4214
0
VERTEX
8
CUT
10
104.9228
20
42.2802
0
VERTEX
8
CUT
10
104.9684
20
42.2567
0
VERTEX
8
CUT
10
105.2306
20
42.1328
0
VERTEX
8
CUT
10
105.2539
20
42.1223
0
VERTEX
8
CUT
10
105.5541
20
41.9926
0
VERTEX
8
CUT
10
105.5849
20
41.9801
0
SEQEND
0
POLYLINE
8
CUT
66
1
70
1
10
0.0
20
0.0
30
0.0
0
VERTEX
8
CUT
10
83.6228
20
243.9473
0
VERTEX
8
CUT
10
83.6602
20
243.8816
0
VERTEX
8
CUT
10
83.8519
20
243.5807
0
VERTEX
8
CUT
10
83.8730
20
243.5493
0
VERTEX
8
CUT
10
84.0166
20
243.3468
0
VERTEX
8
CUT
10
84.0372
20
243.3191
0
VERTEX
8
CUT
10
84.2373
20
243.0626
0
VERTEX
8
CUT
10
84.2821
20
243.0101
0
VERTEX
8
CUT
10
84.4411
20
242.8405
0
VERTEX
8
CUT
10
84.4906
20
242.7924
0
VERTEX
8
CUT
10
84.6643
20
242.6379
0
VERTEX
8
CUT
10
84.7013
20
242.6079
0
VERTEX
8
CUT
10
84.7822
20
242.5346
0
VERTEX
8
CUT
10
84.8395
20
242.4877
0
VERTEX
8
CUT
10
85.0398
20
242.3391
0
VERTEX
8
CUT
10
85.1014
20
242.2979
0
VERTEX
8
CUT
10
85.3606
20
242.1422
0
VERTEX
8
CUT
10
85.4190
20
242.1051
0
VERTEX
8
CUT
10
85.4841
20
242.0681
0
VERTEX
8
CUT
10
85.7093
20
241.9544
0
VERTEX
8
CUT
10
85.7777
20
241.9239
0
VERTEX
8
CUT
10
85.8153
20
241.9094
0
VERTEX
8
CUT
10
85.9022
20
241.8680
0
VERTEX
8
CUT
10
85.9693
20
241.8400
0
VERTEX
8
CUT
10
86.1997
20
241.7563
0
VERTEX
8
CUT
10
86.2692
20
241.7348
0
VERTEX
8
CUT
10
86.5065
20
241.6735
0
VERTEX
8
CUT
10
86.5778
20
241.6587
0
VERTEX
8
CUT
10
86.5835
20
241.6578
0
VERTEX
8
CUT
10
86.6152
20
241.6492
0
VERTEX
8
CUT
10
86.6933
20
241.6321
0
VERTEX
8
CUT
10
86.9590
20
241.5887
0
VERTEX
8
CUT
10
87.0385
20
241.5800
0
VERTEX
8
CUT
10
87.0452
20
241.5796
0
VERTEX
8
CUT
10
87.1290
20
241.5644
0
VERTEX
8
CUT
10
87.1952
20
241.5554
0
VERTEX
8
CUT
10
87.4196
20
241.5348
0
VERTEX
8
CUT
10
87.4864
20
241.5316
0
VERTEX
8
CUT
10
87.7117
20
241.5309
0
VERTEX
8
CUT
10
87.7785
20
241.5336
0
VERTEX
8
CUT
10
88.0095
20
241.5532
0
VERTEX
8
CUT
10
88.0828
20
241.5630
0
VERTEX
8
CUT
10
88.3918
20
241.6199
0
VERTEX
8
CUT
10
88.4707
20
241.6388
0
VERTEX
8
CUT
10
88.7329
20
241.7168
0
VERTEX
8
CUT
10
88.8094
20
241.7440
0
VERTEX
8
CUT
10
89.0647
20
241.8508
0
VERTEX
8
CUT
10
89.2435
20
241.9107
0
VERTEX
8
CUT
10
89.3060
20
241.9347
0
VERTEX
8
CUT
10
89.5129
20
242.0250
0
VERTEX
8
CUT
10
89.5730
20
242.0545
0
VERTEX
8
CUT
10
89.7711
20
242.1626
0
VERTEX
8
CUT
10
89.8285
20
242.1973
0
VERTEX
8
CUT
10
90.0779
20
242.3635
0
VERTEX
8
CUT
10
90.1331
20
242.4040
0
VERTEX
8
CUT
10
90.3781
20
242.6012
0
VERTEX
8
CUT
10
90.4305
20
242.6476
0
VERTEX
8
CUT
10
90.5997
20
242.8116
0
VERTEX
8
CUT
10
90.6477
20
242.8626
0
VERTEX
8
CUT
10
90.8485
20
243.0968
0
VERTEX
8
CUT
10
90.8978
20
243.1610
0
VERTEX
8
CUT
10
91.1342
20
243.5050
0
VERTEX
8
CUT
10
91.1817
20
243.5839
0
VERTEX
8
CUT
10
91.3756
20
243.9555
0
VERTEX
8
CUT
10
91.4090
20
244.0287
0
VERTEX
8
CUT
10
91.5207
20
244.3123
0
VERTEX
8
CUT
10
91.5429
20
244.3774
0
VERTEX
8
CUT
10
91.6080
20
244.5997
0
VERTEX
8
CUT
10
91.6243
20
244.6665
0
VERTEX
8
CUT
10
91.6868
20
244.9846
0
VERTEX
8
CUT
10
91.6927
20
245.0185
0
VERTEX
8
CUT
10
91.7021
20
245.0811
0
VERTEX
8
CUT
10
91.7029
20
245.0877
0
VERTEX
8
CUT
10
91.7079
20
245.1092
0
VERTEX
8
CUT
10
91.7208
20
245.1788
0
VERTEX
8
CUT
10
91.7531
20
245.4151
0
VERTEX
8
CUT
10
91.7594
20
245.4856
0
VERTEX
8
CUT
10
91.7696
20
245.7238
0
VERTEX
8
CUT
10
91.7693
20
245.7946
0
VERTEX
8
CUT
10
91.7571
20
246.0372
0
VERTEX
8
CUT
10
91.7505
20
246.1060
0
VERTEX
8
CUT
10
91.7160
20
246.3478
0
VERTEX
8
CUT
10
91.7030
20
246.4164
0
VERTEX
8
CUT
10
91.6664
20
246.5705
0
VERTEX
8
CUT
10
91.6463
20
246.6702
0
VERTEX
8
CUT
10
91.6307
20
246.7334
0
VERTEX
8
CUT
10
91.5443
20
247.0280
0
VERTEX
8
CUT
10
91.5345
20
247.0590
0
VERTEX
8
CUT
10
91.4996
20
247.1613
0
VERTEX
8
CUT
10
91.4885
20
247.1920
0
VERTEX
8
CUT
10
91.3768
20
247.4789
0
VERTEX
8
CUT
10
91.3506
20
247.5387
0
VERTEX
8
CUT
10
91.2535
20
247.7362
0
VERTEX
8
CUT
10
91.2222
20
247.7935
0
VERTEX
8
CUT
10
91.0756
20
248.0364
0
VERTEX
8
CUT
10
91.0381
20
248.0928
0
VERTEX
8
CUT
10
90.8562
20
248.3413
0
VERTEX
8
CUT
10
90.8122
20
248.3959
0
VERTEX
8
CUT
10
90.7259
20
248.4934
0
VERTEX
8
CUT
10
90.6547
20
248.5908
0
VERTEX
8
CUT
10
90.6018
20
248.6555
0
VERTEX
8
CUT
10
90.3986
20
248.8775
0
VERTEX
8
CUT
10
90.3410
20
248.9341
0
VERTEX
8
CUT
10
90.1373
20
249.1140
0
VERTEX
8
CUT
10
90.0741
20
249.1641
0
VERTEX
8
CUT
10
89.8525
20
249.3214
0
VERTEX
8
CUT
10
89.7843
20
249.3645
0
VERTEX
8
CUT
10
89.5473
20
249.4974
0
VERTEX
8
CUT
10
89.4749
20
249.5331
0
VERTEX
8
CUT
10
89.2251
20
249.6401
0
VERTEX
8
CUT
10
89.1494
20
249.6679
0
VERTEX
8
CUT
10
88.7858
20
249.7798
0
VERTEX
8
CUT
10
88.7470
20
249.7906
0
VERTEX
8
CUT
10
88.6669
20
249.8107
0
VERTEX
8
CUT
10
88.5857
20
249.8339
0
VERTEX
8
CUT
10
88.5146
20
249.8507
0
VERTEX
8
CUT
10
88.3943
20
249.8730
0
VERTEX
8
CUT
10
88.2072
20
249.9114
0
VERTEX
8
CUT
10
88.1426
20
249.9217
0
VERTEX
8
CUT
10
87.9234
20
249.9473
0
VERTEX
8
CUT
10
87.8581
20
249.9521
0
VERTEX
8
CUT
10
87.6375
20
249.9587
0
VERTEX
8
CUT
10
87.5720
20
249.9578
0
VERTEX
8
CUT
10
87.2638
20
249.9405
0
VERTEX
8
CUT
10
87.2311
20
249.9379
0
VERTEX
8
CUT
10
86.8038
20
249.8954
0
VERTEX
8
CUT
10
86.7667
20
249.8907
0
VERTEX
8
CUT
10
86.4184
20
249.8386
0
VERTEX
8
CUT
10
86.3451
20
249.8240
0
VERTEX
8
CUT
10
86.1011
20
249.7625
0
VERTEX
8
CUT
10
86.0296
20
249.7407
0
VERTEX
8
CUT
10
85.7929
20
249.6556
0
VERTEX
8
CUT
10
85.7239
20
249.6269
0
VERTEX
8
CUT
10
85.4966
20
249.5189
0
VERTEX
8
CUT
10
85.4308
20
249.4836
0
VERTEX
8
CUT
10
85.2152
20
249.3538
0
VERTEX
8
CUT
10
85.1532
20
249.3122
0
VERTEX
8
CUT
10
85.0515
20
249.2365
0
VERTEX
8
CUT
10
85.0253
20
249.2200
0
VERTEX
8
CUT
10
84.9654
20
249.1783
0
VERTEX
8
CUT
10
84.7708
20
249.0282
0
VERTEX
8
CUT
10
84.7152
20
248.9810
0
VERTEX
8
CUT
10
84.4715
20
248.7526
0
VERTEX
8
CUT
10
84.4167
20
248.6956
0
VERTEX
8
CUT
10
84.1594
20
248.3987
0
VERTEX
8
CUT
10
84.1073
20
248.3313
0
VERTEX
8
CUT
10
83.9451
20
248.0951
0
VERTEX
8
CUT
10
83.9009
20
248.0223
0
VERTEX
8
CUT
10
83.7121
20
247.6682
0
VERTEX
8
CUT
10
83.6931
20
247.6300
0
VERTEX
8
CUT
10
83.6880
20
247.6190
0
VERTEX
8
CUT
10
83.6427
20
247.5374
0
VERTEX
8
CUT
10
83.6091
20
247.4691
0
VERTEX
8
CUT
10
83.5077
20
247.2337
0
VERTEX
8
CUT
10
83.4811
20
247.1624
0
VERTEX
8
CUT
10
83.4737
20
247.1389
0
VERTEX
8
CUT
10
83.4006
20
246.9596
0
VERTEX
8
CUT
10
83.3770
20
246.8931
0
VERTEX
8
CUT
10
83.3080
20
246.6655
0
VERTEX
8
CUT
10
83.2907
20
246.5971
0
VERTEX
8
CUT
10
83.2431
20
246.3641
0
VERTEX
8
CUT
10
83.2322
20
246.2944
0
VERTEX
8
CUT
10
83.2257
20
246.2346
0
VERTEX
8
CUT
10
83.2148
20
246.1665
0
VERTEX
8
CUT
10
83.1882
20
245.9271
0
VERTEX
8
CUT
10
83.1836
20
245.8557
0
VERTEX
8
CUT
10
83.1796
20
245.6148
0
VERTEX
8
CUT
10
83.1817
20
245.5434
0
VERTEX
8
CUT
10
83.2003
20
245.3032
0
VERTEX
8
CUT
10
83.2092
20
245.2322
0
VERTEX
8
CUT
10
83.2605
20
244.9360
0
VERTEX
8
CUT
10
83.2766
20
244.8642
0
VERTEX
8
CUT
10
83.3620
20
244.5536
0
VERTEX
8
CUT
10
83.3856
20
244.4818
0
VERTEX
8
CUT
10
83.4773
20
244.2440
0
VERTEX
8
CUT
10
83.5080
20
244.1748
0
SEQEND
0
POLYLINE
8
CUT
66
1
70
1
10
0.0
20
0.0
30
0.0
0
VERTEX
8
CUT
10
66.4184
20
212.0045
0
VERTEX
8
CUT
10
66.5528
20
211.6312
0
VERTEX
8
CUT
10
66.5818
20
211.5616
0
VERTEX
8
CUT
10
66.7143
20
211.2835
0
VERTEX
8
CUT
10
66.7453
20
211.2252
0
VERTEX
8
CUT
10
66.8581
20
211.0334
0
VERTEX
8
CUT
10
66.8940
20
210.9780
0
VERTEX
8
CUT
10
67.0746
20
210.7243
0
VERTEX
8
CUT
10
67.0943
20
210.6978
0
VERTEX
8
CUT
10
67.1386
20
210.6409
0
VERTEX
8
CUT
10
67.1591
20
210.6158
0
VERTEX
8
CUT
10
67.3571
20
210.3829
0
VERTEX
8
CUT
10
67.4011
20
210.3354
0
VERTEX
8
CUT
10
67.5562
20
210.1816
0
VERTEX
8
CUT
10
67.6042
20
210.1380
0
VERTEX
8
CUT
10
67.8388
20
209.9422
0
VERTEX
8
CUT
10
67.8641
20
209.9219
0
VERTEX
8
CUT
10
67.9128
20
209.8847
0
VERTEX
8
CUT
10
67.9382
20
209.8661
0
VERTEX
8
CUT
10
68.1813
20
209.6956
0
VERTEX
8
CUT
10
68.2343
20
209.6616
0
VERTEX
8
CUT
10
68.4176
20
209.5546
0
VERTEX
8
CUT
10
68.4732
20
209.5251
0
VERTEX
8
CUT
10
68.7411
20
209.3971
0
VERTEX
8
CUT
10
68.7698
20
209.3841
0
VERTEX
8
CUT
10
68.9190
20
209.3203
0
VERTEX
8
CUT
10
68.9583
20
209.3047
0
VERTEX
8
CUT
10
69.3327
20
209.1686
0
VERTEX
8
CUT
10
69.4136
20
209.1442
0
VERTEX
8
CUT
10
69.8006
20
209.0505
0
VERTEX
8
CUT
10
69.8420
20
209.0418
0
VERTEX
8
CUT
10
69.8953
20
209.0319
0
VERTEX
8
CUT
10
69.9306
20
209.0263
0
VERTEX
8
CUT
10
70.2643
20
208.9810
0
VERTEX
8
CUT
10
70.3355
20
208.9748
0
VERTEX
8
CUT
10
70.5759
20
208.9649
0
VERTEX
8
CUT
10
70.6473
20
208.9654
0
VERTEX
8
CUT
10
70.9836
20
208.9833
0
VERTEX
8
CUT
10
71.0192
20
208.9860
0
VERTEX
8
CUT
10
71.0659
20
208.9907
0
VERTEX
8
CUT
10
71.1039
20
208.9955
0
VERTEX
8
CUT
10
71.4604
20
209.0496
0
VERTEX
8
CUT
10
71.5354
20
209.0648
0
VERTEX
8
CUT
10
71.7849
20
209.1289
0
VERTEX
8
CUT
10
71.8579
20
209.1516
0
VERTEX
8
CUT
10
71.8640
20
209.1538
0
VERTEX
8
CUT
10
71.9033
20
209.1629
0
VERTEX
8
CUT
10
72.1361
20
209.2286
0
VERTEX
8
CUT
10
72.2042
20
209.2513
0
VERTEX
8
CUT
10
72.4298
20
209.3386
0
VERTEX
8
CUT
10
72.4955
20
209.3677
0
VERTEX
8
CUT
10
72.7141
20
209.4770
0
VERTEX
8
CUT
10
72.7759
20
209.5116
0
VERTEX
8
CUT
10
72.9549
20
209.6231
0
VERTEX
8
CUT
10
73.0212
20
209.6604
0
VERTEX
8
CUT
10
73.2584
20
209.8114
0
VERTEX
8
CUT
10
73.3262
20
209.8601
0
VERTEX
8
CUT
10
73.5453
20
210.0362
0
VERTEX
8
CUT
10
73.6074
20
210.0920
0
VERTEX
8
CUT
10
73.8853
20
210.3707
0
VERTEX
8
CUT
10
73.9139
20
210.4011
0
VERTEX
8
CUT
10
74.0235
20
210.5237
0
VERTEX
8
CUT
10
74.0483
20
210.5530
0
VERTEX
8
CUT
10
74.2753
20
210.8346
0
VERTEX
8
CUT
10
74.3203
20
210.8966
0
VERTEX
8
CUT
10
74.4210
20
211.0512
0
VERTEX
8
CUT
10
74.5352
20
211.2098
0
VERTEX
8
CUT
10
74.5765
20
211.2736
0
VERTEX
8
CUT
10
74.7047
20
211.4953
0
VERTEX
8
CUT
10
74.7394
20
211.5630
0
VERTEX
8
CUT
10
74.8448
20
211.7964
0
VERTEX
8
CUT
10
74.8725
20
211.8672
0
VERTEX
8
CUT
10
74.9540
20
212.1099
0
VERTEX
8
CUT
10
74.9746
20
212.1831
0
VERTEX
8
CUT
10
75.0315
20
212.4328
0
VERTEX
8
CUT
10
75.0446
20
212.5077
0
VERTEX
8
CUT
10
75.0762
20
212.7619
0
VERTEX
8
CUT
10
75.0818
20
212.8377
0
VERTEX
8
CUT
10
75.0837
20
212.9190
0
VERTEX
8
CUT
10
75.0897
20
212.9649
0
VERTEX
8
CUT
10
75.1096
20
213.2158
0
VERTEX
8
CUT
10
75.1118
20
213.2905
0
VERTEX
8
CUT
10
75.1050
20
213.6426
0
VERTEX
8
CUT
10
75.1034
20
213.6800
0
VERTEX
8
CUT
10
75.0902
20
213.8727
0
VERTEX
8
CUT
10
75.0871
20
213.9069
0
VERTEX
8
CUT
10
75.0504
20
214.2284
0
VERTEX
8
CUT
10
75.0395
20
214.2962
0
VERTEX
8
CUT
10
74.9927
20
214.5227
0
VERTEX
8
CUT
10
74.9758
20
214.5892
0
VERTEX
8
CUT
10
74.9087
20
214.8105
0
VERTEX
8
CUT
10
74.8859
20
214.8752
0
VERTEX
8
CUT
10
74.7991
20
215.0896
0
VERTEX
8
CUT
10
74.7705
20
215.1519
0
VERTEX
8
CUT
10
74.6226
20
215.4397
0
VERTEX
8
CUT
10
74.6062
20
215.4699
0
VERTEX
8
CUT
10
74.4401
20
215.7600
0
VERTEX
8
CUT
10
74.4179
20
215.7962
0
VERTEX
8
CUT
10
74.1999
20
216.1319
0
VERTEX
8
CUT
10
74.1498
20
216.2005
0
VERTEX
8
CUT
10
73.9683
20
216.4214
0
VERTEX
8
CUT
10
73.9108
20
216.4839
0
VERTEX
8
CUT
10
73.6238
20
216.7628
0
VERTEX
8
CUT
10
73.5925
20
216.7916
0
VERTEX
8
CUT
10
73.5580
20
216.8216
0
VERTEX
8
CUT
10
73.5273
20
216.8468
0
VERTEX
8
CUT
10
73.2320
20
217.0775
0
VERTEX
8
CUT
10
73.1668
20
217.1231
0
VERTEX
8
CUT
10
72.9398
20
217.2650
0
VERTEX
8
CUT
10
72.8703
20
217.3035
0
VERTEX
8
CUT
10
72.5334
20
217.4677
0
VERTEX
8
CUT
10
72.4973
20
217.4842
0
VERTEX
8
CUT
10
72.3737
20
217.5367
0
VERTEX
8
CUT
10
72.3447
20
217.5519
0
VERTEX
8
CUT
10
72.1185
20
217.6569
0
VERTEX
8
CUT
10
72.0499
20
217.6848
0
VERTEX
8
CUT
10
71.8146
20
217.7673
0
VERTEX
8
CUT
10
71.7436
20
217.7884
0
VERTEX
8
CUT
10
71.5013
20
217.8476
0
VERTEX
8
CUT
10
71.4286
20
217.8617
0
VERTEX
8
CUT
10
71.1818
20
217.8970
0
VERTEX
8
CUT
10
71.1080
20
217.9040
0
VERTEX
8
CUT
10
70.8589
20
217.9151
0
VERTEX
8
CUT
10
70.7849
20
217.9149
0
VERTEX
8
CUT
10
70.5734
20
217.9037
0
VERTEX
8
CUT
10
70.3304
20
217.8982
0
VERTEX
8
CUT
10
70.2537
20
217.8926
0
VERTEX
8
CUT
10
69.9968
20
217.8606
0
VERTEX
8
CUT
10
69.9211
20
217.8473
0
VERTEX
8
CUT
10
69.6686
20
217.7895
0
VERTEX
8
CUT
10
69.5947
20
217.7686
0
VERTEX
8
CUT
10
69.2514
20
217.6525
0
VERTEX
8
CUT
10
69.2153
20
217.6392
0
VERTEX
8
CUT
10
68.9552
20
217.5363
0
VERTEX
8
CUT
10
68.9249
20
217.5236
0
VERTEX
8
CUT
10
68.6419
20
217.3972
0
VERTEX
8
CUT
10
68.5831
20
217.3678
0
VERTEX
8
CUT
10
68.3894
20
217.2603
0
VERTEX
8
CUT
10
68.3333
20
217.2259
0
VERTEX
8
CUT
10
68.1497
20
217.1021
0
VERTEX
8
CUT
10
68.0968
20
217.0631
0
VERTEX
8
CUT
10
67.8557
20
216.8682
0
VERTEX
8
CUT
10
67.8306
20
216.8470
0
VERTEX
8
CUT
10
67.5490
20
216.5986
0
VERTEX
8
CUT
10
67.5214
20
216.5730
0
VERTEX
8
CUT
10
67.2676
20
216.3258
0
VERTEX
8
CUT
10
67.2164
20
216.2708
0
VERTEX
8
CUT
10
67.0535
20
216.0771
0
VERTEX
8
CUT
10
67.0080
20
216.0173
0
VERTEX
8
CUT
10
66.9773
20
215.9725
0
VERTEX
8
CUT
10
66.9570
20
215.9484
0
VERTEX
8
CUT
10
66.9137
20
215.8916
0
VERTEX
8
CUT
10
66.7379
20
215.6374
0
VERTEX
8
CUT
10
66.6974
20
215.5719
0
VERTEX
8
CUT
10
66.5724
20
215.3450
0
VERTEX
8
CUT
10
66.5387
20
215.2758
0
VERTEX
8
CUT
10
66.4372
20
215.0374
0
VERTEX
8
CUT
10
66.4107
20
214.9652
0
VERTEX
8
CUT
10
66.3338
20
214.7177
0
VERTEX
8
CUT
10
66.3148
20
214.6432
0
VERTEX
8
CUT
10
66.2428
20
214.2877
0
VERTEX
8
CUT
10
66.2361
20
214.2498
0
VERTEX
8
CUT
10
66.2196
20
214.1402
0
VERTEX
8
CUT
10
66.2145
20
214.0980
0
VERTEX
8
CUT
10
66.1771
20
213.6991
0
VERTEX
8
CUT
10
66.1740
20
213.6142
0
VERTEX
8
CUT
10
66.1793
20
213.3281
0
VERTEX
8
CUT
10
66.1856
20
213.2434
0
VERTEX
8
CUT
10
66.2377
20
212.8462
0
VERTEX
8
CUT
10
66.2444
20
212.8043
0
VERTEX
8
CUT
10
66.3000
20
212.5095
0
VERTEX
8
CUT
10
66.3076
20
212.4742
0
VERTEX
8
CUT
10
66.3120
20
212.4555
0
VERTEX
8
CUT
10
66.3131
20
212.4466
0
VERTEX
8
CUT
10
66.3281
20
212.3632
0
VERTEX
8
CUT
10
66.3942
20
212.0857
0
SEQEND
0
POLYLINE
8
CUT
66
1
70
1
10
0.0
20
0.0
30
0.0
0
VERTEX
8
CUT
10
49.9510
20
117.4443
0
VERTEX
8
CUT
10
49.9787
20
117.3771
0
VERTEX
8
CUT
10
50.0829
20
117.1555
0
VERTEX
8
CUT
10
50.1169
20
117.0913
0
VERTEX
8
CUT
10
50.2916
20
116.7965
0
VERTEX
8
CUT
10
50.3109
20
116.7656
0
VERTEX
8
CUT
10
50.3152
20
116.7591
0
VERTEX
8
CUT
10
50.3367
20
116.7282
0
VERTEX
8
CUT
10
50.5468
20
116.4416
0
VERTEX
8
CUT
10
50.5943
20
116.3831
0
VERTEX
8
CUT
10
50.7639
20
116.1942
0
VERTEX
8
CUT
10
50.8170
20
116.1407
0
VERTEX
8
CUT
10
51.0045
20
115.9695
0
VERTEX
8
CUT
10
51.0626
20
115.9215
0
VERTEX
8
CUT
10
51.3266
20
115.7247
0
VERTEX
8
CUT
10
51.3876
20
115.6836
0
VERTEX
8
CUT
10
51.6533
20
115.5229
0
VERTEX
8
CUT
10
51.7163
20
115.4888
0
VERTEX
8
CUT
10
51.9336
20
115.3839
0
VERTEX
8
CUT
10
51.9996
20
115.3558
0
VERTEX
8
CUT
10
52.2258
20
115.2719
0
VERTEX
8
CUT
10
52.2941
20
115.2501
0
VERTEX
8
CUT
10
52.6204
20
115.1630
0
VERTEX
8
CUT
10
52.6552
20
115.1545
0
VERTEX
8
CUT
10
52.7231
20
115.1398
0
VERTEX
8
CUT
10
52.7572
20
115.1332
0
VERTEX
8
CUT
10
53.0802
20
115.0784
0
VERTEX
8
CUT
10
53.1492
20
115.0699
0
VERTEX
8
CUT
10
53.3826
20
115.0519
0
VERTEX
8
CUT
10
53.4521
20
115.0498
0
VERTEX
8
CUT
10
53.6862
20
115.0532
0
VERTEX
8
CUT
10
53.7555
20
115.0574
0
VERTEX
8
CUT
10
53.9883
20
115.0823
0
VERTEX
8
CUT
10
54.0570
20
115.0928
0
VERTEX
8
CUT
10
54.2866
20
115.1388
0
VERTEX
8
CUT
10
54.3540
20
115.1555
0
VERTEX
8
CUT
10
54.5784
20
115.2223
0
VERTEX
8
CUT
10
54.6441
20
115.2451
0
VERTEX
8
CUT
10
54.8976
20
115.3465
0
VERTEX
8
CUT
10
54.9576
20
115.3736
0
VERTEX
8
CUT
10
55.1653
20
115.4785
0
VERTEX
8
CUT
10
55.2197
20
115.5088
0
VERTEX
8
CUT
10
55.3987
20
115.6183
0
VERTEX
8
CUT
10
55.4504
20
115.6529
0
VERTEX
8
CUT
10
55.6874
20
115.8262
0
VERTEX
8
CUT
10
55.7122
20
115.8451
0
VERTEX
8
CUT
10
55.7667
20
115.8885
0
VERTEX
8
CUT
10
55.7956
20
115.9127
0
VERTEX
8
CUT
10
56.0624
20
116.1475
0
VERTEX
8
CUT
10
56.1164
20
116.2000
0
VERTEX
8
CUT
10
56.2895
20
116.3858
0
VERTEX
8
CUT
10
56.3380
20
116.4434
0
VERTEX
8
CUT
10
56.5412
20
116.7104
0
VERTEX
8
CUT
10
56.5820
20
116.7695
0
VERTEX
8
CUT
10
56.7400
20
117.0238
0
VERTEX
8
CUT
10
56.7734
20
117.0832
0
VERTEX
8
CUT
10
56.8767
20
117.2884
0
VERTEX
8
CUT
10
56.9045
20
117.3505
0
VERTEX
8
CUT
10
56.9890
20
117.5641
0
VERTEX
8
CUT
10
57.0112
20
117.6285
0
VERTEX
8
CUT
10
57.0762
20
117.8487
0
VERTEX
8
CUT
10
57.0926
20
117.9149
0
VERTEX
8
CUT
10
57.1448
20
118.1759
0
VERTEX
8
CUT
10
57.1560
20
118.2516
0
VERTEX
8
CUT
10
57.1903
20
118.6059
0
VERTEX
8
CUT
10
57.1938
20
118.6907
0
VERTEX
8
CUT
10
57.1894
20
118.9765
0
VERTEX
8
CUT
10
57.1834
20
119.0612
0
VERTEX
8
CUT
10
57.1327
20
119.4581
0
VERTEX
8
CUT
10
57.1262
20
119.5001
0
VERTEX
8
CUT
10
57.1118
20
119.5778
0
VERTEX
8
CUT
10
57.1035
20
119.6168
0
VERTEX
8
CUT
10
57.0158
20
119.9828
0
VERTEX
8
CUT
10
56.9931
20
120.0594
0
VERTEX
8
CUT
10
56.9033
20
120.3128
0
VERTEX
8
CUT
10
56.8727
20
120.3865
0
VERTEX
8
CUT
10
56.7569
20
120.6291
0
VERTEX
8
CUT
10
56.7187
20
120.6992
0
VERTEX
8
CUT
10
56.5752
20
120.9330
0
VERTEX
8
CUT
10
56.5312
20
120.9972
0
VERTEX
8
CUT
10
56.3780
20
121.1973
0
VERTEX
8
CUT
10
56.3289
20
121.2553
0
VERTEX
8
CUT
10
56.1541
20
121.4417
0
VERTEX
8
CUT
10
56.0994
20
121.4945
0
VERTEX
8
CUT
10
55.9068
20
121.6627
0
VERTEX
8
CUT
10
55.8471
20
121.7097
0
VERTEX
8
CUT
10
55.6109
20
121.8776
0
VERTEX
8
CUT
10
55.5466
20
121.9185
0
VERTEX
8
CUT
10
55.2925
20
122.0632
0
VERTEX
8
CUT
10
55.2243
20
122.0976
0
VERTEX
8
CUT
10
54.9890
20
122.2018
0
VERTEX
8
CUT
10
54.9177
20
122.2292
0
VERTEX
8
CUT
10
54.6731
20
122.3093
0
VERTEX
8
CUT
10
54.5994
20
122.3294
0
VERTEX
8
CUT
10
54.2476
20
122.4065
0
VERTEX
8
CUT
10
54.2100
20
122.4137
0
VERTEX
8
CUT
10
54.0887
20
122.4340
0
VERTEX
8
CUT
10
54.0561
20
122.4387
0
VERTEX
8
CUT
10
53.7481
20
122.4765
0
VERTEX
8
CUT
10
53.6825
20
122.4817
0
VERTEX
8
CUT
10
53.4609
20
122.4896
0
VERTEX
8
CUT
10
53.3951
20
122.4891
0
VERTEX
8
CUT
10
53.1736
20
122.4778
0
VERTEX
8
CUT
10
53.1081
20
122.4716
0
VERTEX
8
CUT
10
52.8007
20
122.4290
0
VERTEX
8
CUT
10
52.7682
20
122.4237
0
VERTEX
8
CUT
10
52.5806
20
122.3894
0
VERTEX
8
CUT
10
52.5460
20
122.3823
0
VERTEX
8
CUT
10
52.2217
20
122.3072
0
VERTEX
8
CUT
10
52.1537
20
122.2881
0
VERTEX
8
CUT
10
51.9279
20
122.2132
0
VERTEX
8
CUT
10
51.8620
20
122.1879
0
VERTEX
8
CUT
10
51.6442
20
122.0923
0
VERTEX
8
CUT
10
51.5809
20
122.0610
0
VERTEX
8
CUT
10
51.3563
20
121.9365
0
VERTEX
8
CUT
10
51.2920
20
121.8965
0
VERTEX
8
CUT
10
51.0338
20
121.7176
0
VERTEX
8
CUT
10
50.9699
20
121.6681
0
VERTEX
8
CUT
10
50.7641
20
121.4904
0
VERTEX
8
CUT
10
50.7058
20
121.4345
0
VERTEX
8
CUT
10
50.5200
20
121.2359
0
VERTEX
8
CUT
10
50.4680
20
121.1741
0
VERTEX
8
CUT
10
50.3017
20
120.9535
0
VERTEX
8
CUT
10
50.2574
20
120.8879
0
VERTEX
8
CUT
10
50.1244
20
120.6670
0
VERTEX
8
CUT
10
50.0878
20
120.5985
0
VERTEX
8
CUT
10
49.9766
20
120.3621
0
VERTEX
8
CUT
10
49.9472
20
120.2903
0
VERTEX
8
CUT
10
49.8607
20
120.0436
0
VERTEX
8
CUT
10
49.8388
20
119.9692
0
VERTEX
8
CUT
10
49.7535
20
119.6134
0
VERTEX
8
CUT
10
49.7454
20
119.5754
0
VERTEX
8
CUT
10
49.7444
20
119.5698
0
VERTEX
8
CUT
10
49.7385
20
119.5338
0
VERTEX
8
CUT
10
49.6918
20
119.1927
0
VERTEX
8
CUT
10
49.6854
20
119.1200
0
VERTEX
8
CUT
10
49.6756
20
118.8743
0
VERTEX
8
CUT
10
49.6761
20
118.8013
0
VERTEX
8
CUT
10
49.6899
20
118.5557
0
VERTEX
8
CUT
10
49.6975
20
118.4831
0
VERTEX
8
CUT
10
49.7493
20
118.1454
0
VERTEX
8
CUT
10
49.7637
20
118.0740
0
VERTEX
8
CUT
10
49.8472
20
117.7443
0
VERTEX
8
CUT
10
49.8684
20
117.6748
0
SEQEND
0
POLYLINE
8
CUT
66
1
70
1
10
0.0
20
0.0
30
0.0
0
VERTEX
8
CUT
10
46.2608
20
92.6924
0
VERTEX
8
CUT
10
46.2621
20
92.6497
0
VERTEX
8
CUT
10
46.2774
20
92.3902
0
VERTEX
8
CUT
10
46.2801
20
92.3565
0
VERTEX
8
CUT
10
46.3129
20
92.0398
0
VERTEX
8
CUT
10
46.3229
20
91.9730
0
VERTEX
8
CUT
10
46.3663
20
91.7496
0
VERTEX
8
CUT
10
46.3822
20
91.6840
0
VERTEX
8
CUT
10
46.4453
20
91.4654
0
VERTEX
8
CUT
10
46.4669
20
91.4014
0
VERTEX
8
CUT
10
46.5820
20
91.1045
0
VERTEX
8
CUT
10
46.5949
20
91.0733
0
VERTEX
8
CUT
10
46.7468
20
90.7281
0
VERTEX
8
CUT
10
46.7632
20
90.6931
0
VERTEX
8
CUT
10
46.9267
20
90.3675
0
VERTEX
8
CUT
10
46.9648
20
90.3003
0
VERTEX
8
CUT
10
47.1046
20
90.0808
0
VERTEX
8
CUT
10
47.1493
20
90.0178
0
VERTEX
8
CUT
10
47.3107
20
89.8136
0
VERTEX
8
CUT
10
47.3616
20
89.7555
0
VERTEX
8
CUT
10
47.6153
20
89.4940
0
VERTEX
8
CUT
10
47.6429
20
89.4670
0
VERTEX
8
CUT
10
47.9549
20
89.1766
0
VERTEX
8
CUT
10
47.9896
20
89.1463
0
VERTEX
8
CUT
10
48.3242
20
88.8707
0
VERTEX
8
CUT
10
48.3986
20
88.8166
0
VERTEX
8
CUT
10
48.7640
20
88.5835
0
VERTEX
8
CUT
10
48.8035
20
88.5600
0
VERTEX
8
CUT
10
49.1159
20
88.3863
0
VERTEX
8
CUT
10
49.1497
20
88.3686
0
VERTEX
8
CUT
10
49.4726
20
88.2098
0
VERTEX
8
CUT
10
49.5427
20
88.1796
0
VERTEX
8
CUT
10
49.8798
20
88.0540
0
VERTEX
8
CUT
10
49.9159
20
88.0415
0
VERTEX
8
CUT
10
49.9415
20
88.0335
0
VERTEX
8
CUT
10
49.9772
20
88.0231
0
VERTEX
8
CUT
10
50.3170
20
87.9337
0
VERTEX
8
CUT
10
50.3899
20
87.9183
0
VERTEX
8
CUT
10
50.6377
20
87.8785
0
VERTEX
8
CUT
10
50.7118
20
87.8703
0
VERTEX
8
CUT
10
50.9623
20
87.8549
0
VERTEX
8
CUT
10
51.0368
20
87.8540
0
VERTEX
8
CUT
10
51.3879
20
87.8670
0
VERTEX
8
CUT
10
51.4250
20
87.8692
0
VERTEX
8
CUT
10
51.4966
20
87.8754
0
VERTEX
8
CUT
10
51.5362
20
87.8799
0
VERTEX
8
CUT
10
51.9082
20
87.9317
0
VERTEX
8
CUT
10
51.9864
20
87.9468
0
VERTEX
8
CUT
10
52.2468
20
88.0114
0
VERTEX
8
CUT
10
52.3230
20
88.0346
0
VERTEX
8
CUT
10
52.6760
20
88.1627
0
VERTEX
8
CUT
10
52.7131
20
88.1773
0
VERTEX
8
CUT
10
53.3971
20
88.4669
0
VERTEX
8
CUT
10
53.4264
20
88.4800
0
VERTEX
8
CUT
10
53.6995
20
88.6095
0
VERTEX
8
CUT
10
53.7562
20
88.6394
0
VERTEX
8
CUT
10
53.9429
20
88.7480
0
VERTEX
8
CUT
10
53.9969
20
88.7826
0
VERTEX
8
CUT
10
54.2444
20
88.9561
0
VERTEX
8
CUT
10
54.2703
20
88.9751
0
VERTEX
8
CUT
10
54.6269
20
89.2483
0
VERTEX
8
CUT
10
54.6552
20
89.2710
0
VERTEX
8
CUT
10
54.9163
20
89.4915
0
VERTEX
8
CUT
10
54.9694
20
89.5409
0
VERTEX
8
CUT
10
55.1401
20
89.7155
0
VERTEX
8
CUT
10
55.1882
20
89.7697
0
VERTEX
8
CUT
10
55.3415
20
89.9597
0
VERTEX
8
CUT
10
55.3842
20
90.0182
0
VERTEX
8
CUT
10
55.5359
20
90.2481
0
VERTEX
8
CUT
10
55.5755
20
90.3155
0
VERTEX
8
CUT
10
55.7317
20
90.6152
0
VERTEX
8
CUT
10
55.7663
20
90.6916
0
VERTEX
8
CUT
10
55.9092
20
91.0601
0
VERTEX
8
CUT
10
55.9233
20
91.0996
0
VERTEX
8
CUT
10
55.9845
20
91.2878
0
VERTEX
8
CUT
10
55.9951
20
91.3232
0
VERTEX
8
CUT
10
56.0866
20
91.6589
0
VERTEX
8
CUT
10
56.1026
20
91.7310
0
VERTEX
8
CUT
10
56.1611
20
92.0739
0
VERTEX
8
CUT
10
56.1664
20
92.1105
0
VERTEX
8
CUT
10
56.1820
20
92.2395
0
VERTEX
8
CUT
10
56.1861
20
92.2851
0
VERTEX
8
CUT
10
56.2121
20
92.7150
0
VERTEX
8
CUT
10
56.2121
20
92.8064
0
VERTEX
8
CUT
10
56.1863
20
93.2363
0
VERTEX
8
CUT
10
56.1821
20
93.2818
0
VERTEX
8
CUT
10
56.1622
20
93.4465
0
VERTEX
8
CUT
10
56.1574
20
93.4802
0
VERTEX
8
CUT
10
56.1048
20
93.7965
0
VERTEX
8
CUT
10
56.0906
20
93.8631
0
VERTEX
8
CUT
10
56.0099
20
94.1734
0
VERTEX
8
CUT
10
56.0006
20
94.2061
0
VERTEX
8
CUT
10
55.9412
20
94.3985
0
VERTEX
8
CUT
10
55.9278
20
94.4381
0
VERTEX
8
CUT
10
55.7913
20
94.8072
0
VERTEX
8
CUT
10
55.7581
20
94.8838
0
VERTEX
8
CUT
10
55.5820
20
95.2357
0
VERTEX
8
CUT
10
55.5622
20
95.2725
0
VERTEX
8
CUT
10
55.5111
20
95.3621
0
VERTEX
8
CUT
10
55.4899
20
95.3970
0
VERTEX
8
CUT
10
55.2814
20
95.7202
0
VERTEX
8
CUT
10
55.2336
20
95.7863
0
VERTEX
8
CUT
10
54.9917
20
96.0853
0
VERTEX
8
CUT
10
54.9652
20
96.1163
0
VERTEX
8
CUT
10
54.8997
20
96.1890
0
VERTEX
8
CUT
10
54.8780
20
96.2121
0
VERTEX
8
CUT
10
54.6684
20
96.4258
0
VERTEX
8
CUT
10
54.6221
20
96.4692
0
VERTEX
8
CUT
10
54.4601
20
96.6089
0
VERTEX
8
CUT
10
54.4104
20
96.6483
0
VERTEX
8
CUT
10
54.1758
20
96.8187
0
VERTEX
8
CUT
10
54.1201
20
96.8555
0
VERTEX
8
CUT
10
53.8444
20
97.0209
0
VERTEX
8
CUT
10
53.7827
20
97.0541
0
VERTEX
8
CUT
10
53.5702
20
97.1563
0
VERTEX
8
CUT
10
53.5058
20
97.1837
0
VERTEX
8
CUT
10
53.1964
20
97.2987
0
VERTEX
8
CUT
10
53.1633
20
97.3101
0
VERTEX
8
CUT
10
52.5493
20
97.5068
0
VERTEX
8
CUT
10
52.5083
20
97.5186
0
VERTEX
8
CUT
10
52.1187
20
97.6197
0
VERTEX
8
CUT
10
52.0350
20
97.6364
0
VERTEX
8
CUT
10
51.7505
20
97.6769
0
VERTEX
8
CUT
10
51.6655
20
97.6842
0
VERTEX
8
CUT
10
51.2633
20
97.6958
0
VERTEX
8
CUT
10
51.2206
20
97.6958
0
VERTEX
8
CUT
10
50.8999
20
97.6871
0
VERTEX
8
CUT
10
50.8672
20
97.6855
0
VERTEX
8
CUT
10
50.5587
20
97.6638
0
VERTEX
8
CUT
10
50.4935
20
97.6563
0
VERTEX
8
CUT
10
50.2752
20
97.6218
0
VERTEX
8
CUT
10
50.2109
20
97.6088
0
VERTEX
8
CUT
10
49.9964
20
97.5556
0
VERTEX
8
CUT
10
49.9335
20
97.5371
0
VERTEX
8
CUT
10
49.6409
20
97.4371
0
VERTEX
8
CUT
10
49.6101
20
97.4258
0
VERTEX
8
CUT
10
49.2330
20
97.2785
0
VERTEX
8
CUT
10
49.1985
20
97.2640
0
VERTEX
8
CUT
10
48.8762
20
97.1194
0
VERTEX
8
CUT
10
48.8095
20
97.0854
0
VERTEX
8
CUT
10
48.5906
20
96.9600
0
VERTEX
8
CUT
10
48.5275
20
96.9195
0
VERTEX
8
CUT
10
48.2399
20
96.7147
0
VERTEX
8
CUT
10
48.2099
20
96.6922
0
VERTEX
8
CUT
10
48.0064
20
96.5315
0
VERTEX
8
CUT
10
47.9759
20
96.5061
0
VERTEX
8
CUT
10
47.6944
20
96.2589
0
VERTEX
8
CUT
10
47.6375
20
96.2035
0
VERTEX
8
CUT
10
47.4560
20
96.0069
0
VERTEX
8
CUT
10
47.4053
20
95.9458
0
VERTEX
8
CUT
10
47.1813
20
95.6457
0
VERTEX
8
CUT
10
47.1584
20
95.6132
0
VERTEX
8
CUT
10
47.0103
20
95.3915
0
VERTEX
8
CUT
10
46.9894
20
95.3583
0
VERTEX
8
CUT
10
46.8001
20
95.0404
0
VERTEX
8
CUT
10
46.7634
20
94.9710
0
VERTEX
8
CUT
10
46.6523
20
94.7311
0
VERTEX
8
CUT
10
46.6231
20
94.6583
0
VERTEX
8
CUT
10
46.5030
20
94.3083
0
VERTEX
8
CUT
10
46.4912
20
94.2709
0
VERTEX
8
CUT
10
46.4096
20
93.9857
0
VERTEX
8
CUT
10
46.3990
20
93.9442
0
VERTEX
8
CUT
10
46.3100
20
93.5512
0
VERTEX
8
CUT
10
46.2959
20
93.4668
0
VERTEX
8
CUT
10
46.2643
20
93.1807
0
VERTEX
8
CUT
10
46.2597
20
93.0954
0
SEQEND
0
POLYLINE
8
CUT
66
1
70
1
10
0.0
20
0.0
30
0.0
0
VERTEX
8
CUT
10
7.3812
20
289.2937
0
VERTEX
8
CUT
10
7.3812
20
10.7062
0
SEQEND
0
POLYLINE
8
CUT
66
1
70
1
10
0.0
20
0.0
30
0.0
0
VERTEX
8
CUT
10
164.7288
20
197.4648
0
VERTEX
8
CUT
10
164.7380
20
197.2057
0
VERTEX
8
CUT
10
164.7444
20
197.1290
0
VERTEX
8
CUT
10
164.7785
20
196.8719
0
VERTEX
8
CUT
10
164.7922
20
196.7962
0
VERTEX
8
CUT
10
164.8508
20
196.5436
0
VERTEX
8
CUT
10
164.8718
20
196.4696
0
VERTEX
8
CUT
10
164.9544
20
196.2238
0
VERTEX
8
CUT
10
164.9824
20
196.1521
0
VERTEX
8
CUT
10
165.0882
20
195.9154
0
VERTEX
8
CUT
10
165.1229
20
195.8467
0
VERTEX
8
CUT
10
165.2510
20
195.6212
0
VERTEX
8
CUT
10
165.2922
20
195.5562
0
VERTEX
8
CUT
10
165.4414
20
195.3441
0
VERTEX
8
CUT
10
165.4886
20
195.2834
0
VERTEX
8
CUT
10
165.6575
20
195.0866
0
VERTEX
8
CUT
10
165.7103
20
195.0307
0
VERTEX
8
CUT
10
165.8973
20
194.8510
0
VERTEX
8
CUT
10
165.9553
20
194.8004
0
VERTEX
8
CUT
10
166.1587
20
194.6396
0
VERTEX
8
CUT
10
166.2213
20
194.5948
0
VERTEX
8
CUT
10
166.4392
20
194.4542
0
VERTEX
8
CUT
10
166.5058
20
194.4157
0
VERTEX
8
CUT
10
166.7361
20
194.2967
0
VERTEX
8
CUT
10
166.8062
20
194.2647
0
VERTEX
8
CUT
10
167.0469
20
194.1684
0
VERTEX
8
CUT
10
167.1197
20
194.1433
0
VERTEX
8
CUT
10
167.3686
20
194.0706
0
VERTEX
8
CUT
10
167.4434
20
194.0526
0
VERTEX
8
CUT
10
167.8187
20
193.9812
0
VERTEX
8
CUT
10
167.8449
20
193.9767
0
VERTEX
8
CUT
10
167.8811
20
193.9711
0
VERTEX
8
CUT
10
167.9083
20
193.9665
0
VERTEX
8
CUT
10
167.9511
20
193.9588
0
VERTEX
8
CUT
10
167.9607
20
193.9570
0
VERTEX
8
CUT
10
168.5815
20
193.8404
0
VERTEX
8
CUT
10
168.6112
20
193.8354
0
VERTEX
8
CUT
10
169.0001
20
193.7774
0
VERTEX
8
CUT
10
169.0775
20
193.7696
0
VERTEX
8
CUT
10
169.3390
20
193.7563
0
VERTEX
8
CUT
10
169.4168
20
193.7561
0
VERTEX
8
CUT
10
169.6783
20
193.7683
0
VERTEX
8
CUT
10
169.7557
20
193.7756
0
VERTEX
8
CUT
10
170.0149
20
193.8131
0
VERTEX
8
CUT
10
170.0912
20
193.8279
0
VERTEX
8
CUT
10
170.3455
20
193.8904
0
VERTEX
8
CUT
10
170.4200
20
193.9125
0
VERTEX
8
CUT
10
170.6671
20
193.9994
0
VERTEX
8
CUT
10
170.7391
20
194.0287
0
VERTEX
8
CUT
10
170.9765
20
194.1391
0
VERTEX
8
CUT
10
171.0453
20
194.1752
0
VERTEX
8
CUT
10
171.2710
20
194.3081
0
VERTEX
8
CUT
10
171.3359
20
194.3508
0
VERTEX
8
CUT
10
171.5476
20
194.5050
0
VERTEX
8
CUT
10
171.6081
20
194.5537
0
VERTEX
8
CUT
10
171.7258
20
194.6583
0
VERTEX
8
CUT
10
171.7181
20
194.5436
0
VERTEX
8
CUT
10
171.7097
20
194.4702
0
VERTEX
8
CUT
10
171.6692
20
194.2248
0
VERTEX
8
CUT
10
171.6536
20
194.1526
0
VERTEX
8
CUT
10
171.5895
20
193.9122
0
VERTEX
8
CUT
10
171.5670
20
193.8419
0
VERTEX
8
CUT
10
171.4798
20
193.6089
0
VERTEX
8
CUT
10
171.4506
20
193.5411
0
VERTEX
8
CUT
10
171.3412
20
193.3176
0
VERTEX
8
CUT
10
171.3056
20
193.2529
0
VERTEX
8
CUT
10
171.1750
20
193.0412
0
VERTEX
8
CUT
10
171.1333
20
192.9803
0
VERTEX
8
CUT
10
170.9828
20
192.7822
0
VERTEX
8
CUT
10
170.9353
20
192.7256
0
VERTEX
8
CUT
10
170.7663
20
192.5430
0
VERTEX
8
CUT
10
170.7136
20
192.4913
0
VERTEX
8
CUT
10
170.5277
20
192.3261
0
VERTEX
8
CUT
10
170.4702
20
192.2797
0
VERTEX
8
CUT
10
170.2691
20
192.1332
0
VERTEX
8
CUT
10
170.2074
20
192.0927
0
VERTEX
8
CUT
10
169.9930
20
191.9665
0
VERTEX
8
CUT
10
169.9277
20
191.9321
0
VERTEX
8
CUT
10
169.7021
20
191.8272
0
VERTEX
8
CUT
10
169.6337
20
191.7994
0
VERTEX
8
CUT
10
169.3990
20
191.7169
0
VERTEX
8
CUT
10
169.3282
20
191.6959
0
VERTEX
8
CUT
10
169.0866
20
191.6365
0
VERTEX
8
CUT
10
169.0141
20
191.6224
0
VERTEX
8
CUT
10
168.7679
20
191.5869
0
VERTEX
8
CUT
10
168.6944
20
191.5799
0
VERTEX
8
CUT
10
168.4459
20
191.5683
0
VERTEX
8
CUT
10
168.3720
20
191.5685
0
VERTEX
8
CUT
10
168.1236
20
191.5812
0
VERTEX
8
CUT
10
168.0501
20
191.5885
0
VERTEX
8
CUT
10
167.6806
20
191.6436
0
VERTEX
8
CUT
10
167.6524
20
191.6484
0
VERTEX
8
CUT
10
167.0627
20
191.7592
0
VERTEX
8
CUT
10
167.0536
20
191.7609
0
VERTEX
8
CUT
10
167.0129
20
191.7682
0
VERTEX
8
CUT
10
166.9871
20
191.7725
0
VERTEX
8
CUT
10
166.9527
20
191.7779
0
VERTEX
8
CUT
10
166.9277
20
191.7822
0
VERTEX
8
CUT
10
166.5712
20
191.8500
0
VERTEX
8
CUT
10
166.5001
20
191.8671
0
VERTEX
8
CUT
10
166.2636
20
191.9361
0
VERTEX
8
CUT
10
166.1945
20
191.9600
0
VERTEX
8
CUT
10
165.9658
20
192.0515
0
VERTEX
8
CUT
10
165.8993
20
192.0819
0
VERTEX
8
CUT
10
165.6804
20
192.1949
0
VERTEX
8
CUT
10
165.6172
20
192.2315
0
VERTEX
8
CUT
10
165.4102
20
192.3650
0
VERTEX
8
CUT
10
165.3507
20
192.4076
0
VERTEX
8
CUT
10
165.1575
20
192.5604
0
VERTEX
8
CUT
10
165.1024
20
192.6085
0
VERTEX
8
CUT
10
164.9248
20
192.7791
0
VERTEX
8
CUT
10
164.8746
20
192.8323
0
VERTEX
8
CUT
10
164.7142
20
193.0192
0
VERTEX
8
CUT
10
164.6693
20
193.0769
0
VERTEX
8
CUT
10
164.5276
20
193.2784
0
VERTEX
8
CUT
10
164.4884
20
193.3402
0
VERTEX
8
CUT
10
164.3668
20
193.5544
0
VERTEX
8
CUT
10
164.3337
20
193.6196
0
VERTEX
8
CUT
10
164.2332
20
193.8445
0
VERTEX
8
CUT
10
164.2066
20
193.9126
0
VERTEX
8
CUT
10
164.1282
20
194.1461
0
VERTEX
8
CUT
10
164.1082
20
194.2164
0
VERTEX
8
CUT
10
164.0526
20
194.4564
0
VERTEX
8
CUT
10
164.0395
20
194.5283
0
VERTEX
8
CUT
10
164.0072
20
194.7725
0
VERTEX
8
CUT
10
164.0011
20
194.8454
0
VERTEX
8
CUT
10
163.9924
20
195.0916
0
VERTEX
8
CUT
10
163.9933
20
195.1645
0
VERTEX
8
CUT
10
164.0138
20
195.5019
0
VERTEX
8
CUT
10
164.0149
20
195.5175
0
VERTEX
8
CUT
10
164.0245
20
195.6359
0
VERTEX
8
CUT
10
164.0261
20
195.6587
0
VERTEX
8
CUT
10
164.0453
20
195.9733
0
VERTEX
8
CUT
10
164.0536
20
196.0480
0
VERTEX
8
CUT
10
164.0939
20
196.2978
0
VERTEX
8
CUT
10
164.1095
20
196.3713
0
VERTEX
8
CUT
10
164.1743
20
196.6159
0
VERTEX
8
CUT
10
164.1971
20
196.6875
0
VERTEX
8
CUT
10
164.2857
20
196.9246
0
VERTEX
8
CUT
10
164.3155
20
196.9935
0
VERTEX
8
CUT
10
164.4271
20
197.2207
0
VERTEX
8
CUT
10
164.4635
20
197.2864
0
VERTEX
8
CUT
10
164.5969
20
197.5014
0
VERTEX
8
CUT
10
164.6397
20
197.5632
0
VERTEX
8
CUT
10
164.7390
20
197.6927
0
VERTEX
8
CUT
10
164.7298
20
197.5416
0
SEQEND
0
ENDSEC
0
EOF
