0
SECTION
2
HEADER
9
$ACADVER
1
AC1009
9
$INSUNITS
70
4
0
ENDSEC
0
SECTION
2
TABLES
0
TABLE
2
LAYER
70
1
0
LAYER
2
CUT
70
0
62
7
6
CONTINUOUS
0
ENDTAB
0
ENDSEC
0
SECTION
2
ENTITIES
0
POLYLINE
8
CUT
66
1
70
1
10
0.0
20
0.0
30
0.0
0
VERTEX
8
CUT
10
299.9386
20
-0.0000
0
VERTEX
8
CUT
10
0.0614
20
-0.0000
0
VERTEX
8
CUT
10
0.0029
20
0.0029
0
VERTEX
8
CUT
10
0.0000
20
0.0614
0
VERTEX
8
CUT
10
0.0000
20
299.9386
0
VERTEX
8
CUT
10
0.0029
20
299.9971
0
VERTEX
8
CUT
10
0.0614
20
300.0000
0
VERTEX
8
CUT
10
299.9386
20
300.0000
0
VERTEX
8
CUT
10
299.9971
20
299.9971
0
VERTEX
8
CUT
10
300.0000
20
299.9386
0
VERTEX
8
CUT
10
300.0000
20
0.0614
0
VERTEX
8
CUT
10
299.9971
20
0.0029
0
SEQEND
0
POLYLINE
8
CUT
66
1
70
1
10
0.0
20
0.0
30
0.0
0
VERTEX
8
CUT
10
123.1635
20
140.0867
0
VERTEX
8
CUT
10
123.2556
20
140.0102
0
VERTEX
8
CUT
10
123.3397
20
139.9249
0
VERTEX
8
CUT
10
123.4148
20
139.8316
0
VERTEX
8
CUT
10
123.4803
20
139.7313
0
VERTEX
8
CUT
10
123.5355
20
139.6250
0
VERTEX
8
CUT
10
123.5797
20
139.5137
0
VERTEX
8
CUT
10
123.6127
20
139.3986
0
VERTEX
8
CUT
10
123.6340
20
139.2807
0
VERTEX
8
CUT
10
123.6435
20
139.1613
0
VERTEX
8
CUT
10
123.6410
20
139.0416
0
VERTEX
8
CUT
10
123.6265
20
138.9227
0
VERTEX
8
CUT
10
123.6004
20
138.8058
0
VERTEX
8
CUT
10
123.3774
20
138.0016
0
VERTEX
8
CUT
10
123.3446
20
137.8579
0
VERTEX
8
CUT
10
123.3289
20
137.7392
0
VERTEX
8
CUT
10
123.3230
20
137.5920
0
VERTEX
8
CUT
10
123.3369
20
135.3448
0
VERTEX
8
CUT
10
123.3358
20
135.2850
0
VERTEX
8
CUT
10
123.3332
20
135.2265
0
VERTEX
8
CUT
10
123.2278
20
135.2574
0
VERTEX
8
CUT
10
122.9972
20
135.3020
0
VERTEX
8
CUT
10
122.7634
20
135.3247
0
VERTEX
8
CUT
10
122.5285
20
135.3254
0
VERTEX
8
CUT
10
122.2945
20
135.3041
0
VERTEX
8
CUT
10
122.2032
20
135.2870
0
VERTEX
8
CUT
10
122.1370
20
135.2782
0
VERTEX
8
CUT
10
122.0482
20
135.2753
0
VERTEX
8
CUT
10
121.9756
20
135.2765
0
VERTEX
8
CUT
10
121.7264
20
135.2557
0
VERTEX
8
CUT
10
121.4805
20
135.2102
0
VERTEX
8
CUT
10
121.2405
20
135.1403
0
VERTEX
8
CUT
10
121.0086
20
135.0468
0
VERTEX
8
CUT
10
120.7872
20
134.9305
0
VERTEX
8
CUT
10
120.5785
20
134.7928
0
VERTEX
8
CUT
10
120.3846
20
134.6349
0
VERTEX
8
CUT
10
120.2075
20
134.4584
0
VERTEX
8
CUT
10
120.0489
20
134.2651
0
VERTEX
8
CUT
10
119.9104
20
134.0569
0
VERTEX
8
CUT
10
119.7933
20
133.8360
0
VERTEX
8
CUT
10
119.6990
20
133.6044
0
VERTEX
8
CUT
10
119.6282
20
133.3646
0
VERTEX
8
CUT
10
119.5818
20
133.1189
0
VERTEX
8
CUT
10
119.5601
20
132.8698
0
VERTEX
8
CUT
10
119.5634
20
132.6198
0
VERTEX
8
CUT
10
119.5917
20
132.3713
0
VERTEX
8
CUT
10
119.6446
20
132.1270
0
VERTEX
8
CUT
10
119.7217
20
131.8891
0
VERTEX
8
CUT
10
119.8222
20
131.6601
0
VERTEX
8
CUT
10
119.9450
20
131.4424
0
VERTEX
8
CUT
10
120.0890
20
131.2379
0
VERTEX
8
CUT
10
120.9331
20
130.1584
0
VERTEX
8
CUT
10
121.0747
20
129.9927
0
VERTEX
8
CUT
10
121.2302
20
129.8400
0
VERTEX
8
CUT
10
123.6356
20
127.6754
0
VERTEX
8
CUT
10
124.0114
20
127.3372
0
VERTEX
8
CUT
10
124.2462
20
127.1501
0
VERTEX
8
CUT
10
124.5017
20
126.9926
0
VERTEX
8
CUT
10
126.3148
20
126.0197
0
VERTEX
8
CUT
10
127.0519
20
125.6242
0
VERTEX
8
CUT
10
128.4163
20
124.8920
0
VERTEX
8
CUT
10
128.6111
20
124.7981
0
VERTEX
8
CUT
10
128.8133
20
124.7214
0
VERTEX
8
CUT
10
130.2388
20
124.2499
0
VERTEX
8
CUT
10
130.5722
20
124.1646
0
VERTEX
8
CUT
10
133.3921
20
123.6465
0
VERTEX
8
CUT
10
133.6195
20
123.6154
0
VERTEX
8
CUT
10
133.8488
20
123.6053
0
VERTEX
8
CUT
10
138.0215
20
123.6136
0
VERTEX
8
CUT
10
138.2395
20
123.6235
0
VERTEX
8
CUT
10
138.4558
20
123.6525
0
VERTEX
8
CUT
10
138.6687
20
123.7001
0
VERTEX
8
CUT
10
138.8767
20
123.7662
0
VERTEX
8
CUT
10
139.0298
20
123.8223
0
VERTEX
8
CUT
10
139.0508
20
123.8293
0
VERTEX
8
CUT
10
139.1590
20
123.8558
0
VERTEX
8
CUT
10
139.3648
20
123.8985
0
VERTEX
8
CUT
10
139.5977
20
123.9712
0
VERTEX
8
CUT
10
139.8223
20
124.0662
0
VERTEX
8
CUT
10
139.8745
20
124.0945
0
VERTEX
8
CUT
10
139.9820
20
124.0707
0
VERTEX
8
CUT
10
140.2277
20
124.0412
0
VERTEX
8
CUT
10
140.4752
20
124.0362
0
VERTEX
8
CUT
10
140.7219
20
124.0556
0
VERTEX
8
CUT
10
141.5638
20
124.1641
0
VERTEX
8
CUT
10
141.8010
20
124.2064
0
VERTEX
8
CUT
10
142.0331
20
124.2713
0
VERTEX
8
CUT
10
146.9843
20
125.9179
0
VERTEX
8
CUT
10
146.9900
20
125.9198
0
VERTEX
8
CUT
10
147.2256
20
126.0116
0
VERTEX
8
CUT
10
155.3077
20
129.6426
0
VERTEX
8
CUT
10
155.3643
20
129.6663
0
VERTEX
8
CUT
10
155.4221
20
129.6872
0
VERTEX
8
CUT
10
157.0428
20
130.2276
0
VERTEX
8
CUT
10
157.8076
20
130.4826
0
VERTEX
8
CUT
10
157.8631
20
130.4982
0
VERTEX
8
CUT
10
157.9143
20
130.4717
0
VERTEX
8
CUT
10
159.0260
20
129.8279
0
VERTEX
8
CUT
10
159.3045
20
129.6890
0
VERTEX
8
CUT
10
159.4035
20
129.6471
0
VERTEX
8
CUT
10
159.4171
20
129.6409
0
VERTEX
8
CUT
10
159.5204
20
129.5875
0
VERTEX
8
CUT
10
159.6133
20
129.5273
0
VERTEX
8
CUT
10
159.6999
20
129.4584
0
VERTEX
8
CUT
10
159.7794
20
129.3814
0
VERTEX
8
CUT
10
159.8510
20
129.2969
0
VERTEX
8
CUT
10
159.9140
20
129.2059
0
VERTEX
8
CUT
10
159.9678
20
129.1092
0
VERTEX
8
CUT
10
160.0120
20
129.0078
0
VERTEX
8
CUT
10
160.0461
20
128.9024
0
VERTEX
8
CUT
10
160.0697
20
128.7943
0
VERTEX
8
CUT
10
160.0827
20
128.6844
0
VERTEX
8
CUT
10
160.0849
20
128.5737
0
VERTEX
8
CUT
10
160.0763
20
128.4634
0
VERTEX
8
CUT
10
160.0570
20
128.3544
0
VERTEX
8
CUT
10
160.0272
20
128.2478
0
VERTEX
8
CUT
10
159.9871
20
128.1446
0
VERTEX
8
CUT
10
159.9372
20
128.0458
0
VERTEX
8
CUT
10
159.8779
20
127.9524
0
VERTEX
8
CUT
10
159.8097
20
127.8652
0
VERTEX
8
CUT
10
159.7334
20
127.7850
0
VERTEX
8
CUT
10
159.6496
20
127.7127
0
VERTEX
8
CUT
10
159.5592
20
127.6488
0
VERTEX
8
CUT
10
159.4630
20
127.5941
0
VERTEX
8
CUT
10
159.3568
20
127.5468
0
VERTEX
8
CUT
10
159.3388
20
127.5398
0
VERTEX
8
CUT
10
159.2814
20
127.5191
0
VERTEX
8
CUT
10
155.1969
20
126.1572
0
VERTEX
8
CUT
10
154.9631
20
126.0660
0
VERTEX
8
CUT
10
147.3456
20
122.6437
0
VERTEX
8
CUT
10
147.2873
20
122.6193
0
VERTEX
8
CUT
10
147.2392
20
122.6005
0
VERTEX
8
CUT
10
147.1797
20
122.5791
0
VERTEX
8
CUT
10
142.3736
20
120.9808
0
VERTEX
8
CUT
10
142.3160
20
120.9632
0
VERTEX
8
CUT
10
142.2976
20
120.9580
0
VERTEX
8
CUT
10
142.1802
20
120.9312
0
VERTEX
8
CUT
10
142.1614
20
120.9278
0
VERTEX
8
CUT
10
142.1019
20
120.9187
0
VERTEX
8
CUT
10
139.9533
20
120.6418
0
VERTEX
8
CUT
10
139.6794
20
120.5908
0
VERTEX
8
CUT
10
139.4128
20
120.5097
0
VERTEX
8
CUT
10
139.2917
20
120.4653
0
VERTEX
8
CUT
10
139.2401
20
120.4477
0
VERTEX
8
CUT
10
139.2236
20
120.4424
0
VERTEX
8
CUT
10
139.1232
20
120.4153
0
VERTEX
8
CUT
10
139.0257
20
120.3979
0
VERTEX
8
CUT
10
138.9220
20
120.3886
0
VERTEX
8
CUT
10
138.9048
20
120.3878
0
VERTEX
8
CUT
10
138.8502
20
120.3865
0
VERTEX
8
CUT
10
134.6256
20
120.3782
0
VERTEX
8
CUT
10
134.5682
20
120.3794
0
VERTEX
8
CUT
10
134.5500
20
120.3802
0
VERTEX
8
CUT
10
134.4358
20
120.3905
0
VERTEX
8
CUT
10
134.4178
20
120.3929
0
VERTEX
8
CUT
10
134.3611
20
120.4020
0
VERTEX
8
CUT
10
131.5672
20
120.9153
0
VERTEX
8
CUT
10
131.4831
20
120.9338
0
VERTEX
8
CUT
10
131.4151
20
120.9512
0
VERTEX
8
CUT
10
131.3325
20
120.9754
0
VERTEX
8
CUT
10
129.8676
20
121.4599
0
VERTEX
8
CUT
10
129.8166
20
121.4780
0
VERTEX
8
CUT
10
129.8006
20
121.4841
0
VERTEX
8
CUT
10
129.7013
20
121.5268
0
VERTEX
8
CUT
10
129.6859
20
121.5342
0
VERTEX
8
CUT
10
129.6377
20
121.5587
0
VERTEX
8
CUT
10
125.7638
20
123.6375
0
VERTEX
8
CUT
10
125.6987
20
123.6749
0
VERTEX
8
CUT
10
125.6785
20
123.6874
0
VERTEX
8
CUT
10
125.5558
20
123.7736
0
VERTEX
8
CUT
10
125.5373
20
123.7884
0
VERTEX
8
CUT
10
125.4800
20
123.8369
0
VERTEX
8
CUT
10
125.0516
20
124.2224
0
VERTEX
8
CUT
10
125.0327
20
124.2003
0
VERTEX
8
CUT
10
124.9491
20
124.1200
0
VERTEX
8
CUT
10
124.8581
20
124.0481
0
VERTEX
8
CUT
10
124.7606
20
123.9853
0
VERTEX
8
CUT
10
124.6576
20
123.9322
0
VERTEX
8
CUT
10
124.5498
20
123.8893
0
VERTEX
8
CUT
10
124.4385
20
123.8570
0
VERTEX
8
CUT
10
124.3245
20
123.8357
0
VERTEX
8
CUT
10
124.2090
20
123.8254
0
VERTEX
8
CUT
10
124.0931
20
123.8263
0
VERTEX
8
CUT
10
123.9778
20
123.8384
0
VERTEX
8
CUT
10
123.8642
20
123.8615
0
VERTEX
8
CUT
10
123.7533
20
123.8956
0
VERTEX
8
CUT
10
123.6463
20
123.9401
0
VERTEX
8
CUT
10
123.5440
20
123.9948
0
VERTEX
8
CUT
10
123.4475
20
124.0591
0
VERTEX
8
CUT
10
123.3577
20
124.1324
0
VERTEX
8
CUT
10
121.9022
20
125.4423
0
VERTEX
8
CUT
10
121.8829
20
125.4600
0
VERTEX
8
CUT
10
121.8432
20
125.4973
0
VERTEX
8
CUT
10
121.8243
20
125.5154
0
VERTEX
8
CUT
10
121.8120
20
125.5275
0
VERTEX
8
CUT
10
121.7755
20
125.5650
0
VERTEX
8
CUT
10
121.7012
20
125.6446
0
VERTEX
8
CUT
10
121.6663
20
125.6836
0
VERTEX
8
CUT
10
121.6551
20
125.6968
0
VERTEX
8
CUT
10
121.6383
20
125.7168
0
VERTEX
8
CUT
10
121.6038
20
125.7590
0
VERTEX
8
CUT
10
121.5875
20
125.7795
0
VERTEX
8
CUT
10
121.3245
20
126.1158
0
VERTEX
8
CUT
10
121.3229
20
126.1201
0
VERTEX
8
CUT
10
121.3165
20
126.1602
0
VERTEX
8
CUT
10
121.3149
20
126.1791
0
VERTEX
8
CUT
10
121.2968
20
126.4943
0
VERTEX
8
CUT
10
121.2748
20
126.4933
0
VERTEX
8
CUT
10
121.1591
20
126.4990
0
VERTEX
8
CUT
10
121.0445
20
126.5159
0
VERTEX
8
CUT
10
121.0038
20
126.5259
0
VERTEX
8
CUT
10
119.8528
20
127.9980
0
VERTEX
8
CUT
10
119.8345
20
128.0214
0
VERTEX
8
CUT
10
119.7199
20
128.1679
0
VERTEX
8
CUT
10
119.7065
20
128.1853
0
VERTEX
8
CUT
10
119.6790
20
128.2218
0
VERTEX
8
CUT
10
119.6660
20
128.2395
0
VERTEX
8
CUT
10
119.6441
20
128.2697
0
VERTEX
8
CUT
10
119.6314
20
128.2876
0
VERTEX
8
CUT
10
119.6052
20
128.3251
0
VERTEX
8
CUT
10
119.5929
20
128.3432
0
VERTEX
8
CUT
10
117.9975
20
130.7235
0
VERTEX
8
CUT
10
117.9814
20
130.7481
0
VERTEX
8
CUT
10
117.9486
20
130.7998
0
VERTEX
8
CUT
10
117.9331
20
130.8248
0
VERTEX
8
CUT
10
117.9073
20
130.8677
0
VERTEX
8
CUT
10
117.8925
20
130.8931
0
VERTEX
8
CUT
10
117.8622
20
130.9463
0
VERTEX
8
CUT
10
117.8480
20
130.9720
0
VERTEX
8
CUT
10
116.1428
20
134.1499
0
VERTEX
8
CUT
10
116.0861
20
134.2484
0
VERTEX
8
CUT
10
113.9275
20
137.7506
0
VERTEX
8
CUT
10
113.8516
20
137.8645
0
VERTEX
8
CUT
10
112.4011
20
139.8774
0
VERTEX
8
CUT
10
112.3020
20
140.0014
0
VERTEX
8
CUT
10
112.2119
20
140.0937
0
VERTEX
8
CUT
10
112.1132
20
140.1765
0
VERTEX
8
CUT
10
112.0067
20
140.2492
0
VERTEX
8
CUT
10
111.8936
20
140.3109
0
VERTEX
8
CUT
10
111.7749
20
140.3611
0
VERTEX
8
CUT
10
111.6445
20
140.4016
0
VERTEX
8
CUT
10
111.5433
20
140.4276
0
VERTEX
8
CUT
10
111.4309
20
140.4687
0
VERTEX
8
CUT
10
111.3233
20
140.5209
0
VERTEX
8
CUT
10
111.2213
20
140.5835
0
VERTEX
8
CUT
10
111.1261
20
140.6559
0
VERTEX
8
CUT
10
111.0386
20
140.7375
0
VERTEX
8
CUT
10
110.9596
20
140.8273
0
VERTEX
8
CUT
10
110.8900
20
140.9246
0
VERTEX
8
CUT
10
110.8304
20
141.0284
0
VERTEX
8
CUT
10
110.7814
20
141.1375
0
VERTEX
8
CUT
10
110.7436
20
141.2510
0
VERTEX
8
CUT
10
110.7172
20
141.3677
0
VERTEX
8
CUT
10
110.7026
20
141.4864
0
VERTEX
8
CUT
10
110.7009
20
141.5604
0
VERTEX
8
CUT
10
110.4845
20
141.4946
0
VERTEX
8
CUT
10
110.2554
20
141.3993
0
VERTEX
8
CUT
10
110.0368
20
141.2818
0
VERTEX
8
CUT
10
109.8310
20
141.1431
0
VERTEX
8
CUT
10
109.6400
20
140.9848
0
VERTEX
8
CUT
10
109.4655
20
140.8082
0
VERTEX
8
CUT
10
109.3095
20
140.6153
0
VERTEX
8
CUT
10
109.1733
20
140.4078
0
VERTEX
8
CUT
10
109.0584
20
140.1879
0
VERTEX
8
CUT
10
108.9659
20
139.9576
0
VERTEX
8
CUT
10
108.8966
20
139.7193
0
VERTEX
8
CUT
10
108.8513
20
139.4754
0
VERTEX
8
CUT
10
108.8304
20
139.2281
0
VERTEX
8
CUT
10
108.8342
20
138.9800
0
VERTEX
8
CUT
10
108.8625
20
138.7334
0
VERTEX
8
CUT
10
109.1754
20
136.8426
0
VERTEX
8
CUT
10
109.2221
20
136.6223
0
VERTEX
8
CUT
10
109.2885
20
136.4071
0
VERTEX
8
CUT
10
109.3739
20
136.1988
0
VERTEX
8
CUT
10
109.4268
20
136.0850
0
VERTEX
8
CUT
10
109.4349
20
136.0661
0
VERTEX
8
CUT
10
109.4489
20
136.0243
0
VERTEX
8
CUT
10
109.4584
20
135.9812
0
VERTEX
8
CUT
10
109.4611
20
135.9609
0
VERTEX
8
CUT
10
109.7485
20
133.2684
0
VERTEX
8
CUT
10
109.7837
20
133.0401
0
VERTEX
8
CUT
10
109.8397
20
132.8159
0
VERTEX
8
CUT
10
109.9162
20
132.5979
0
VERTEX
8
CUT
10
109.9970
20
132.3977
0
VERTEX
8
CUT
10
110.0029
20
132.3821
0
VERTEX
8
CUT
10
110.0134
20
132.3477
0
VERTEX
8
CUT
10
110.0175
20
132.3124
0
VERTEX
8
CUT
10
110.0183
20
132.2956
0
VERTEX
8
CUT
10
110.0505
20
131.1547
0
VERTEX
8
CUT
10
110.0664
20
130.9355
0
VERTEX
8
CUT
10
110.1015
20
130.7185
0
VERTEX
8
CUT
10
110.1554
20
130.5054
0
VERTEX
8
CUT
10
110.2279
20
130.2979
0
VERTEX
8
CUT
10
110.2743
20
130.1817
0
VERTEX
8
CUT
10
110.2763
20
130.1765
0
VERTEX
8
CUT
10
110.2907
20
130.1294
0
VERTEX
8
CUT
10
110.2941
20
130.1002
0
VERTEX
8
CUT
10
110.2954
20
130.0754
0
VERTEX
8
CUT
10
110.3319
20
128.7826
0
VERTEX
8
CUT
10
110.3564
20
128.4971
0
VERTEX
8
CUT
10
110.4134
20
128.2162
0
VERTEX
8
CUT
10
110.8228
20
126.6626
0
VERTEX
8
CUT
10
110.8274
20
126.6429
0
VERTEX
8
CUT
10
110.8405
20
126.5563
0
VERTEX
8
CUT
10
110.8419
20
126.5360
0
VERTEX
8
CUT
10
110.8832
20
125.5467
0
VERTEX
8
CUT
10
110.8848
20
125.5090
0
VERTEX
8
CUT
10
110.9079
20
125.2588
0
VERTEX
8
CUT
10
110.9560
20
125.0121
0
VERTEX
8
CUT
10
111.0286
20
124.7716
0
VERTEX
8
CUT
10
111.4008
20
123.7307
0
VERTEX
8
CUT
10
111.4016
20
123.7282
0
VERTEX
8
CUT
10
111.4135
20
123.6291
0
VERTEX
8
CUT
10
111.4108
20
123.6110
0
VERTEX
8
CUT
10
111.2108
20
122.4962
0
VERTEX
8
CUT
10
111.1833
20
122.2976
0
VERTEX
8
CUT
10
111.1719
20
122.0975
0
VERTEX
8
CUT
10
111.1386
20
120.1553
0
VERTEX
8
CUT
10
111.1433
20
119.9534
0
VERTEX
8
CUT
10
111.1643
20
119.7526
0
VERTEX
8
CUT
10
111.3925
20
118.1835
0
VERTEX
8
CUT
10
111.4013
20
118.1048
0
VERTEX
8
CUT
10
111.4049
20
118.0258
0
VERTEX
8
CUT
10
111.4379
20
115.1810
0
VERTEX
8
CUT
10
111.4533
20
114.9316
0
VERTEX
8
CUT
10
111.4935
20
114.6850
0
VERTEX
8
CUT
10
111.5581
20
114.4436
0
VERTEX
8
CUT
10
111.6613
20
114.1231
0
VERTEX
8
CUT
10
111.6664
20
114.1061
0
VERTEX
8
CUT
10
111.6746
20
114.0688
0
VERTEX
8
CUT
10
111.6793
20
114.0309
0
VERTEX
8
CUT
10
111.6802
20
114.0132
0
VERTEX
8
CUT
10
111.7109
20
112.9237
0
VERTEX
8
CUT
10
111.7296
20
112.6813
0
VERTEX
8
CUT
10
111.7717
20
112.4420
0
VERTEX
8
CUT
10
111.8368
20
112.2078
0
VERTEX
8
CUT
10
111.9139
20
112.0083
0
VERTEX
8
CUT
10
111.9132
20
112.0080
0
VERTEX
8
CUT
10
111.9310
20
111.9652
0
VERTEX
8
CUT
10
111.9430
20
111.9297
0
VERTEX
8
CUT
10
111.9481
20
111.8927
0
VERTEX
8
CUT
10
111.9493
20
111.8753
0
VERTEX
8
CUT
10
111.9903
20
110.9840
0
VERTEX
8
CUT
10
112.0107
20
110.7602
0
VERTEX
8
CUT
10
112.0511
20
110.5391
0
VERTEX
8
CUT
10
112.7970
20
107.2922
0
VERTEX
8
CUT
10
112.8884
20
106.9856
0
VERTEX
8
CUT
10
113.5793
20
105.1153
0
VERTEX
8
CUT
10
113.5810
20
105.1104
0
VERTEX
8
CUT
10
113.5944
20
105.0630
0
VERTEX
8
CUT
10
113.5991
20
105.0380
0
VERTEX
8
CUT
10
113.6021
20
105.0153
0
VERTEX
8
CUT
10
113.6340
20
104.7143
0
VERTEX
8
CUT
10
113.6738
20
104.4622
0
VERTEX
8
CUT
10
113.7392
20
104.2154
0
VERTEX
8
CUT
10
113.8293
20
103.9766
0
VERTEX
8
CUT
10
115.5076
20
100.1365
0
VERTEX
8
CUT
10
115.5143
20
100.1202
0
VERTEX
8
CUT
10
115.5260
20
100.0845
0
VERTEX
8
CUT
10
115.5238
20
100.0469
0
VERTEX
8
CUT
10
115.5216
20
100.0295
0
VERTEX
8
CUT
10
115.4199
20
99.3706
0
VERTEX
8
CUT
10
115.4166
20
99.3522
0
VERTEX
8
CUT
10
115.4066
20
99.3138
0
VERTEX
8
CUT
10
115.3700
20
99.2986
0
VERTEX
8
CUT
10
115.3523
20
99.2927
0
VERTEX
8
CUT
10
115.0410
20
99.1988
0
VERTEX
8
CUT
10
115.0224
20
99.1937
0
VERTEX
8
CUT
10
114.9819
20
99.1859
0
VERTEX
8
CUT
10
114.9417
20
99.1952
0
VERTEX
8
CUT
10
114.9233
20
99.2009
0
VERTEX
8
CUT
10
114.5738
20
99.3201
0
VERTEX
8
CUT
10
114.5559
20
99.3267
0
VERTEX
8
CUT
10
114.5186
20
99.3439
0
VERTEX
8
CUT
10
114.4833
20
99.3647
0
VERTEX
8
CUT
10
114.4676
20
99.3756
0
VERTEX
8
CUT
10
111.3656
20
101.6538
0
VERTEX
8
CUT
10
111.3152
20
101.6929
0
VERTEX
8
CUT
10
111.2670
20
101.7346
0
VERTEX
8
CUT
10
107.6842
20
105.0091
0
VERTEX
8
CUT
10
107.6424
20
105.0492
0
VERTEX
8
CUT
10
107.6025
20
105.0914
0
VERTEX
8
CUT
10
104.6002
20
108.4259
0
VERTEX
8
CUT
10
104.5460
20
108.4906
0
VERTEX
8
CUT
10
104.4965
20
108.5590
0
VERTEX
8
CUT
10
101.1997
20
113.4693
0
VERTEX
8
CUT
10
101.1577
20
113.5365
0
VERTEX
8
CUT
10
101.1203
20
113.6064
0
VERTEX
8
CUT
10
100.0318
20
115.8132
0
VERTEX
8
CUT
10
99.9150
20
116.0238
0
VERTEX
8
CUT
10
99.7785
20
116.2222
0
VERTEX
8
CUT
10
99.4848
20
116.6078
0
VERTEX
8
CUT
10
99.4818
20
116.6119
0
VERTEX
8
CUT
10
99.4553
20
116.6531
0
VERTEX
8
CUT
10
99.4435
20
116.6754
0
VERTEX
8
CUT
10
99.4340
20
116.6962
0
VERTEX
8
CUT
10
96.0517
20
124.6049
0
VERTEX
8
CUT
10
95.9884
20
124.7414
0
VERTEX
8
CUT
10
93.8859
20
128.9390
0
VERTEX
8
CUT
10
93.7678
20
129.1490
0
VERTEX
8
CUT
10
92.5120
20
131.1485
0
VERTEX
8
CUT
10
92.3147
20
131.4204
0
VERTEX
8
CUT
10
89.5014
20
134.7929
0
VERTEX
8
CUT
10
89.3308
20
134.9777
0
VERTEX
8
CUT
10
86.9822
20
137.2775
0
VERTEX
8
CUT
10
86.7958
20
137.4427
0
VERTEX
8
CUT
10
86.5939
20
137.5885
0
VERTEX
8
CUT
10
86.3784
20
137.7135
0
VERTEX
8
CUT
10
86.1516
20
137.8164
0
VERTEX
8
CUT
10
85.9157
20
137.8963
0
VERTEX
8
CUT
10
85.6730
20
137.9523
0
VERTEX
8
CUT
10
85.4260
20
137.9838
0
VERTEX
8
CUT
10
85.1770
20
137.9907
0
VERTEX
8
CUT
10
84.9286
20
137.9727
0
VERTEX
8
CUT
10
84.6832
20
137.9301
0
VERTEX
8
CUT
10
84.4432
20
137.8632
0
VERTEX
8
CUT
10
84.2111
20
137.7729
0
VERTEX
8
CUT
10
83.9892
20
137.6599
0
VERTEX
8
CUT
10
83.7796
20
137.5253
0
VERTEX
8
CUT
10
83.5844
20
137.3706
0
VERTEX
8
CUT
10
83.4056
20
137.1972
0
VERTEX
8
CUT
10
83.2449
20
137.0069
0
VERTEX
8
CUT
10
83.1040
20
136.8016
0
VERTEX
8
CUT
10
82.9841
20
136.5832
0
VERTEX
8
CUT
10
82.8867
20
136.3540
0
VERTEX
8
CUT
10
82.8125
20
136.1163
0
VERTEX
8
CUT
10
82.7623
20
135.8723
0
VERTEX
8
CUT
10
82.7366
20
135.6246
0
VERTEX
8
CUT
10
82.7358
20
135.3755
0
VERTEX
8
CUT
10
82.7597
20
135.1276
0
VERTEX
8
CUT
10
82.8081
20
134.8833
0
VERTEX
8
CUT
10
82.8807
20
134.6450
0
VERTEX
8
CUT
10
82.9766
20
134.4151
0
VERTEX
8
CUT
10
82.9920
20
134.3828
0
VERTEX
8
CUT
10
82.9989
20
134.3675
0
VERTEX
8
CUT
10
83.0382
20
134.2696
0
VERTEX
8
CUT
10
83.0437
20
134.2538
0
VERTEX
8
CUT
10
83.0603
20
134.2037
0
VERTEX
8
CUT
10
84.0815
20
130.8692
0
VERTEX
8
CUT
10
84.0962
20
130.8173
0
VERTEX
8
CUT
10
84.1005
20
130.8007
0
VERTEX
8
CUT
10
84.1220
20
130.7001
0
VERTEX
8
CUT
10
84.1348
20
130.5980
0
VERTEX
8
CUT
10
84.1362
20
130.5809
0
VERTEX
8
CUT
10
84.1394
20
130.5271
0
VERTEX
8
CUT
10
84.1849
20
129.3339
0
VERTEX
8
CUT
10
84.2091
20
129.0695
0
VERTEX
8
CUT
10
84.2612
20
128.8091
0
VERTEX
8
CUT
10
84.3406
20
128.5557
0
VERTEX
8
CUT
10
84.6162
20
127.8167
0
VERTEX
8
CUT
10
84.6344
20
127.7641
0
VERTEX
8
CUT
10
84.6399
20
127.7473
0
VERTEX
8
CUT
10
84.6679
20
127.6450
0
VERTEX
8
CUT
10
84.6859
20
127.5457
0
VERTEX
8
CUT
10
84.6954
20
127.4400
0
VERTEX
8
CUT
10
84.6962
20
127.4224
0
VERTEX
8
CUT
10
84.6975
20
127.3668
0
VERTEX
8
CUT
10
84.6982
20
126.4802
0
VERTEX
8
CUT
10
84.6961
20
126.4059
0
VERTEX
8
CUT
10
84.6947
20
126.3824
0
VERTEX
8
CUT
10
84.6772
20
126.2349
0
VERTEX
8
CUT
10
84.6730
20
126.2117
0
VERTEX
8
CUT
10
84.6577
20
126.1389
0
VERTEX
8
CUT
10
84.4462
20
125.2642
0
VERTEX
8
CUT
10
84.4305
20
125.2055
0
VERTEX
8
CUT
10
84.4250
20
125.1870
0
VERTEX
8
CUT
10
84.3852
20
125.0724
0
VERTEX
8
CUT
10
84.3780
20
125.0546
0
VERTEX
8
CUT
10
84.3540
20
124.9988
0
VERTEX
8
CUT
10
83.6419
20
123.4529
0
VERTEX
8
CUT
10
82.8172
20
121.6622
0
VERTEX
8
CUT
10
82.7882
20
121.6034
0
VERTEX
8
CUT
10
82.7785
20
121.5850
0
VERTEX
8
CUT
10
82.7116
20
121.4725
0
VERTEX
8
CUT
10
82.7001
20
121.4552
0
VERTEX
8
CUT
10
82.6623
20
121.4017
0
VERTEX
8
CUT
10
81.9355
20
120.4284
0
VERTEX
8
CUT
10
81.9067
20
120.3913
0
VERTEX
8
CUT
10
81.8973
20
120.3797
0
VERTEX
8
CUT
10
81.8357
20
120.3089
0
VERTEX
8
CUT
10
81.8255
20
120.2980
0
VERTEX
8
CUT
10
81.7927
20
120.2644
0
VERTEX
8
CUT
10
79.9135
20
118.4089
0
VERTEX
8
CUT
10
79.8680
20
118.3661
0
VERTEX
8
CUT
10
79.8532
20
118.3529
0
VERTEX
8
CUT
10
79.7604
20
118.2780
0
VERTEX
8
CUT
10
79.6606
20
118.2128
0
VERTEX
8
CUT
10
79.6435
20
118.2028
0
VERTEX
8
CUT
10
79.5887
20
118.1726
0
VERTEX
8
CUT
10
77.6317
20
117.1567
0
VERTEX
8
CUT
10
77.5741
20
117.1286
0
VERTEX
8
CUT
10
77.5556
20
117.1202
0
VERTEX
8
CUT
10
77.4420
20
117.0753
0
VERTEX
8
CUT
10
77.3244
20
117.0423
0
VERTEX
8
CUT
10
77.3046
20
117.0378
0
VERTEX
8
CUT
10
77.2417
20
117.0253
0
VERTEX
8
CUT
10
74.5357
20
116.5577
0
VERTEX
8
CUT
10
74.4743
20
116.5487
0
VERTEX
8
CUT
10
74.4548
20
116.5463
0
VERTEX
8
CUT
10
74.3368
20
116.5378
0
VERTEX
8
CUT
10
74.1755
20
116.5422
0
VERTEX
8
CUT
10
74.1565
20
116.5427
0
VERTEX
8
CUT
10
74.1565
20
116.5418
0
VERTEX
8
CUT
10
74.1298
20
116.5413
0
VERTEX
8
CUT
10
74.0105
20
116.5445
0
VERTEX
8
CUT
10
73.7604
20
116.5261
0
VERTEX
8
CUT
10
73.5134
20
116.4828
0
VERTEX
8
CUT
10
73.2720
20
116.4149
0
VERTEX
8
CUT
10
73.0386
20
116.3232
0
VERTEX
8
CUT
10
72.8156
20
116.2085
0
VERTEX
8
CUT
10
72.6052
20
116.0721
0
VERTEX
8
CUT
10
72.4095
20
115.9153
0
VERTEX
8
CUT
10
72.2305
20
115.7397
0
VERTEX
8
CUT
10
72.0700
20
115.5470
0
VERTEX
8
CUT
10
71.9295
20
115.3393
0
VERTEX
8
CUT
10
71.8107
20
115.1185
0
VERTEX
8
CUT
10
71.7145
20
114.8869
0
VERTEX
8
CUT
10
71.6420
20
114.6468
0
VERTEX
8
CUT
10
71.5940
20
114.4007
0
VERTEX
8
CUT
10
71.5708
20
114.1510
0
VERTEX
8
CUT
10
71.5728
20
113.9002
0
VERTEX
8
CUT
10
71.5998
20
113.6509
0
VERTEX
8
CUT
10
71.6517
20
113.4056
0
VERTEX
8
CUT
10
71.7280
20
113.1667
0
VERTEX
8
CUT
10
71.8278
20
112.9366
0
VERTEX
8
CUT
10
71.9501
20
112.7177
0
VERTEX
8
CUT
10
72.2939
20
112.1690
0
VERTEX
8
CUT
10
72.9102
20
111.0772
0
VERTEX
8
CUT
10
73.0434
20
110.8666
0
VERTEX
8
CUT
10
73.6484
20
110.0075
0
VERTEX
8
CUT
10
74.0265
20
109.4041
0
VERTEX
8
CUT
10
74.1511
20
109.2233
0
VERTEX
8
CUT
10
74.8694
20
108.2738
0
VERTEX
8
CUT
10
74.9267
20
108.1925
0
VERTEX
8
CUT
10
75.0293
20
108.0568
0
VERTEX
8
CUT
10
75.0919
20
107.9797
0
VERTEX
8
CUT
10
75.7679
20
107.0861
0
VERTEX
8
CUT
10
75.8896
20
106.9374
0
VERTEX
8
CUT
10
76.4663
20
106.2858
0
VERTEX
8
CUT
10
77.1459
20
105.4482
0
VERTEX
8
CUT
10
77.3524
20
105.2233
0
VERTEX
8
CUT
10
77.7217
20
104.8674
0
VERTEX
8
CUT
10
78.2218
20
104.3023
0
VERTEX
8
CUT
10
78.4231
20
104.0995
0
VERTEX
8
CUT
10
79.8269
20
102.8384
0
VERTEX
8
CUT
10
81.3556
20
101.3651
0
VERTEX
8
CUT
10
81.3705
20
101.3498
0
VERTEX
8
CUT
10
81.3998
20
101.3143
0
VERTEX
8
CUT
10
81.4249
20
101.2757
0
VERTEX
8
CUT
10
81.4349
20
101.2568
0
VERTEX
8
CUT
10
83.1494
20
97.8079
0
VERTEX
8
CUT
10
83.2587
20
97.6108
0
VERTEX
8
CUT
10
85.5636
20
93.8640
0
VERTEX
8
CUT
10
85.5729
20
93.8481
0
VERTEX
8
CUT
10
85.5902
20
93.8125
0
VERTEX
8
CUT
10
85.6040
20
93.7753
0
VERTEX
8
CUT
10
85.6092
20
93.7577
0
VERTEX
8
CUT
10
85.9036
20
92.6399
0
VERTEX
8
CUT
10
85.9048
20
92.6349
0
VERTEX
8
CUT
10
85.9137
20
92.5857
0
VERTEX
8
CUT
10
85.9160
20
92.5600
0
VERTEX
8
CUT
10
85.9167
20
92.5368
0
VERTEX
8
CUT
10
85.9362
20
89.1901
0
VERTEX
8
CUT
10
85.9339
20
89.1088
0
VERTEX
8
CUT
10
85.9261
20
89.0279
0
VERTEX
8
CUT
10
85.7009
20
87.3151
0
VERTEX
8
CUT
10
85.6796
20
87.0025
0
VERTEX
8
CUT
10
85.6459
20
80.6311
0
VERTEX
8
CUT
10
85.6452
20
80.6097
0
VERTEX
8
CUT
10
85.6341
20
80.5179
0
VERTEX
8
CUT
10
85.6298
20
80.4969
0
VERTEX
8
CUT
10
85.4738
20
79.8404
0
VERTEX
8
CUT
10
85.4251
20
79.5703
0
VERTEX
8
CUT
10
85.4063
20
79.2965
0
VERTEX
8
CUT
10
85.3641
20
76.2132
0
VERTEX
8
CUT
10
85.3640
20
76.2079
0
VERTEX
8
CUT
10
85.3591
20
76.1572
0
VERTEX
8
CUT
10
85.3543
20
76.1312
0
VERTEX
8
CUT
10
85.3485
20
76.1083
0
VERTEX
8
CUT
10
85.2286
20
75.6763
0
VERTEX
8
CUT
10
85.1792
20
75.4618
0
VERTEX
8
CUT
10
85.1487
20
75.2438
0
VERTEX
8
CUT
10
85.1376
20
75.0240
0
VERTEX
8
CUT
10
85.0955
20
68.5362
0
VERTEX
8
CUT
10
85.0947
20
68.5143
0
VERTEX
8
CUT
10
85.0832
20
68.4207
0
VERTEX
8
CUT
10
85.0786
20
68.3993
0
VERTEX
8
CUT
10
84.9195
20
67.7469
0
VERTEX
8
CUT
10
84.8707
20
67.4887
0
VERTEX
8
CUT
10
84.8493
20
67.2269
0
VERTEX
8
CUT
10
84.8107
20
65.8951
0
VERTEX
8
CUT
10
84.8099
20
65.8784
0
VERTEX
8
CUT
10
84.8056
20
65.8423
0
VERTEX
8
CUT
10
84.7980
20
65.8067
0
VERTEX
8
CUT
10
84.7936
20
65.7910
0
VERTEX
8
CUT
10
84.4034
20
64.5162
0
VERTEX
8
CUT
10
84.3483
20
64.3033
0
VERTEX
8
CUT
10
84.3122
20
64.0864
0
VERTEX
8
CUT
10
84.2952
20
63.8672
0
VERTEX
8
CUT
10
84.2627
20
62.8834
0
VERTEX
8
CUT
10
84.2616
20
62.8654
0
VERTEX
8
CUT
10
84.2517
20
62.7884
0
VERTEX
8
CUT
10
84.2481
20
62.7707
0
VERTEX
8
CUT
10
83.8026
20
60.8185
0
VERTEX
8
CUT
10
83.7624
20
60.5969
0
VERTEX
8
CUT
10
83.7423
20
60.3725
0
VERTEX
8
CUT
10
83.6893
20
59.1709
0
VERTEX
8
CUT
10
83.6880
20
59.1515
0
VERTEX
8
CUT
10
83.6818
20
59.1100
0
VERTEX
8
CUT
10
83.6671
20
59.0707
0
VERTEX
8
CUT
10
83.6589
20
59.0530
0
VERTEX
8
CUT
10
83.4348
20
58.6024
0
VERTEX
8
CUT
10
83.4325
20
58.5978
0
VERTEX
8
CUT
10
83.3307
20
58.3640
0
VERTEX
8
CUT
10
83.2533
20
58.1210
0
VERTEX
8
CUT
10
83.2011
20
57.8715
0
VERTEX
8
CUT
10
83.1745
20
57.6179
0
VERTEX
8
CUT
10
83.1391
20
56.9556
0
VERTEX
8
CUT
10
83.1387
20
56.9502
0
VERTEX
8
CUT
10
83.1327
20
56.9062
0
VERTEX
8
CUT
10
83.1322
20
56.9037
0
VERTEX
8
CUT
10
83.1254
20
56.8807
0
VERTEX
8
CUT
10
82.4653
20
54.8264
0
VERTEX
8
CUT
10
82.4087
20
54.6207
0
VERTEX
8
CUT
10
82.3699
20
54.4108
0
VERTEX
8
CUT
10
82.3492
20
54.1985
0
VERTEX
8
CUT
10
82.3491
20
54.1968
0
VERTEX
8
CUT
10
82.3218
20
53.6992
0
VERTEX
8
CUT
10
82.3203
20
53.6800
0
VERTEX
8
CUT
10
82.3072
20
53.5978
0
VERTEX
8
CUT
10
82.3028
20
53.5791
0
VERTEX
8
CUT
10
81.8781
20
51.9806
0
VERTEX
8
CUT
10
81.8241
20
51.7233
0
VERTEX
8
CUT
10
81.7974
20
51.4619
0
VERTEX
8
CUT
10
81.7548
20
50.5982
0
VERTEX
8
CUT
10
81.7532
20
50.5781
0
VERTEX
8
CUT
10
81.7465
20
50.5353
0
VERTEX
8
CUT
10
81.7352
20
50.4934
0
VERTEX
8
CUT
10
81.7284
20
50.4745
0
VERTEX
8
CUT
10
81.3553
20
49.5169
0
VERTEX
8
CUT
10
81.2784
20
49.2871
0
VERTEX
8
CUT
10
81.2241
20
49.0510
0
VERTEX
8
CUT
10
80.9552
20
47.5525
0
VERTEX
8
CUT
10
80.7982
20
47.0582
0
VERTEX
8
CUT
10
80.7236
20
46.7617
0
VERTEX
8
CUT
10
80.6858
20
46.4583
0
VERTEX
8
CUT
10
80.6504
20
45.8963
0
VERTEX
8
CUT
10
80.6485
20
45.8758
0
VERTEX
8
CUT
10
80.6333
20
45.7883
0
VERTEX
8
CUT
10
80.6281
20
45.7684
0
VERTEX
8
CUT
10
79.9597
20
43.4591
0
VERTEX
8
CUT
10
79.8953
20
43.1760
0
VERTEX
8
CUT
10
79.8642
20
42.8874
0
VERTEX
8
CUT
10
79.8224
20
42.0405
0
VERTEX
8
CUT
10
79.8209
20
42.0212
0
VERTEX
8
CUT
10
79.8112
20
41.9579
0
VERTEX
8
CUT
10
79.8091
20
41.9487
0
VERTEX
8
CUT
10
79.8026
20
41.9261
0
VERTEX
8
CUT
10
79.3869
20
40.6065
0
VERTEX
8
CUT
10
79.3299
20
40.3930
0
VERTEX
8
CUT
10
79.2919
20
40.1754
0
VERTEX
8
CUT
10
79.2368
20
39.7485
0
VERTEX
8
CUT
10
79.0884
20
39.1800
0
VERTEX
8
CUT
10
79.0274
20
38.8652
0
VERTEX
8
CUT
10
78.8523
20
37.4949
0
VERTEX
8
CUT
10
78.8357
20
37.4522
0
VERTEX
8
CUT
10
78.7665
20
37.1972
0
VERTEX
8
CUT
10
78.7246
20
36.9364
0
VERTEX
8
CUT
10
78.4402
20
34.2775
0
VERTEX
8
CUT
10
78.4381
20
34.2608
0
VERTEX
8
CUT
10
78.4239
20
34.1894
0
VERTEX
8
CUT
10
78.4195
20
34.1731
0
VERTEX
8
CUT
10
78.1662
20
33.3108
0
VERTEX
8
CUT
10
78.1088
20
33.0728
0
VERTEX
8
CUT
10
78.0750
20
32.8303
0
VERTEX
8
CUT
10
78.0741
20
32.8095
0
VERTEX
8
CUT
10
78.0725
20
32.7975
0
VERTEX
8
CUT
10
78.0683
20
32.6677
0
VERTEX
8
CUT
10
78.0650
20
32.5857
0
VERTEX
8
CUT
10
78.0654
20
32.5779
0
VERTEX
8
CUT
10
78.0645
20
32.5476
0
VERTEX
8
CUT
10
78.0814
20
32.2981
0
VERTEX
8
CUT
10
78.1232
20
32.0515
0
VERTEX
8
CUT
10
78.1655
20
31.8604
0
VERTEX
8
CUT
10
78.1688
20
31.8440
0
VERTEX
8
CUT
10
78.1725
20
31.8070
0
VERTEX
8
CUT
10
78.1609
20
31.7713
0
VERTEX
8
CUT
10
78.1546
20
31.7565
0
VERTEX
8
CUT
10
77.8832
20
31.1649
0
VERTEX
8
CUT
10
77.7881
20
30.9258
0
VERTEX
8
CUT
10
77.7181
20
30.6782
0
VERTEX
8
CUT
10
77.6739
20
30.4247
0
VERTEX
8
CUT
10
77.6730
20
30.4109
0
VERTEX
8
CUT
10
77.6674
20
30.3777
0
VERTEX
8
CUT
10
77.6508
20
30.1278
0
VERTEX
8
CUT
10
77.6186
20
28.1119
0
VERTEX
8
CUT
10
77.6165
20
28.0686
0
VERTEX
8
CUT
10
77.6100
20
28.0025
0
VERTEX
8
CUT
10
77.6069
20
27.9840
0
VERTEX
8
CUT
10
77.4322
20
27.0694
0
VERTEX
8
CUT
10
77.3984
20
26.8294
0
VERTEX
8
CUT
10
77.3879
20
26.5873
0
VERTEX
8
CUT
10
77.3889
20
26.3999
0
VERTEX
8
CUT
10
77.3831
20
26.3584
0
VERTEX
8
CUT
10
77.3591
20
26.0009
0
VERTEX
8
CUT
10
77.3752
20
22.7067
0
VERTEX
8
CUT
10
77.3855
20
22.4925
0
VERTEX
8
CUT
10
77.4258
20
22.0493
0
VERTEX
8
CUT
10
77.4545
20
21.8356
0
VERTEX
8
CUT
10
77.5016
20
21.6253
0
VERTEX
8
CUT
10
77.5666
20
21.4197
0
VERTEX
8
CUT
10
77.8799
20
20.5598
0
VERTEX
8
CUT
10
77.8831
20
20.5506
0
VERTEX
8
CUT
10
77.8776
20
20.5147
0
VERTEX
8
CUT
10
77.8411
20
20.3077
0
VERTEX
8
CUT
10
77.8223
20
20.0706
0
VERTEX
8
CUT
10
77.8224
20
20.0687
0
VERTEX
8
CUT
10
77.8103
20
19.9529
0
VERTEX
8
CUT
10
77.8106
20
19.6918
0
VERTEX
8
CUT
10
77.8380
20
19.4321
0
VERTEX
8
CUT
10
77.8924
20
19.1768
0
VERTEX
8
CUT
10
78.1712
20
18.1377
0
VERTEX
8
CUT
10
78.2517
20
17.8902
0
VERTEX
8
CUT
10
78.3574
20
17.6524
0
VERTEX
8
CUT
10
78.6199
20
17.1362
0
VERTEX
8
CUT
10
78.7316
20
16.9390
0
VERTEX
8
CUT
10
78.8608
20
16.7528
0
VERTEX
8
CUT
10
79.0064
20
16.5790
0
VERTEX
8
CUT
10
79.2041
20
16.3635
0
VERTEX
8
CUT
10
79.4296
20
16.1467
0
VERTEX
8
CUT
10
80.8916
20
14.9076
0
VERTEX
8
CUT
10
81.0781
20
14.7640
0
VERTEX
8
CUT
10
81.2773
20
14.6386
0
VERTEX
8
CUT
10
81.4874
20
14.5325
0
VERTEX
8
CUT
10
81.7065
20
14.4467
0
VERTEX
8
CUT
10
81.9328
20
14.3818
0
VERTEX
8
CUT
10
81.9918
20
14.3707
0
VERTEX
8
CUT
10
82.1862
20
14.3333
0
VERTEX
8
CUT
10
82.4205
20
14.3108
0
VERTEX
8
CUT
10
82.6560
20
14.3104
0
VERTEX
8
CUT
10
83.0043
20
14.3263
0
VERTEX
8
CUT
10
83.2343
20
14.3475
0
VERTEX
8
CUT
10
83.4613
20
14.3897
0
VERTEX
8
CUT
10
83.6835
20
14.4528
0
VERTEX
8
CUT
10
83.8989
20
14.5361
0
VERTEX
8
CUT
10
83.9341
20
14.5536
0
VERTEX
8
CUT
10
83.9353
20
14.5541
0
VERTEX
8
CUT
10
83.9499
20
14.5614
0
VERTEX
8
CUT
10
84.1057
20
14.6389
0
VERTEX
8
CUT
10
84.1173
20
14.6461
0
VERTEX
8
CUT
10
84.1423
20
14.6587
0
VERTEX
8
CUT
10
84.3388
20
14.7821
0
VERTEX
8
CUT
10
84.5229
20
14.9232
0
VERTEX
8
CUT
10
84.9674
20
15.2977
0
VERTEX
8
CUT
10
84.9807
20
15.3083
0
VERTEX
8
CUT
10
85.0108
20
15.3294
0
VERTEX
8
CUT
10
85.0438
20
15.3444
0
VERTEX
8
CUT
10
85.0600
20
15.3505
0
VERTEX
8
CUT
10
86.5692
20
15.8792
0
VERTEX
8
CUT
10
86.5794
20
15.8828
0
VERTEX
8
CUT
10
86.7989
20
15.9716
0
VERTEX
8
CUT
10
87.0090
20
16.0807
0
VERTEX
8
CUT
10
87.2079
20
16.2092
0
VERTEX
8
CUT
10
88.7211
20
17.2922
0
VERTEX
8
CUT
10
88.9300
20
17.4593
0
VERTEX
8
CUT
10
89.0035
20
17.5323
0
VERTEX
8
CUT
10
89.0782
20
17.5930
0
VERTEX
8
CUT
10
89.2644
20
17.7803
0
VERTEX
8
CUT
10
89.9909
20
18.5925
0
VERTEX
8
CUT
10
90.1242
20
18.7576
0
VERTEX
8
CUT
10
91.3143
20
20.0727
0
VERTEX
8
CUT
10
91.3528
20
20.1133
0
VERTEX
8
CUT
10
91.3931
20
20.1520
0
VERTEX
8
CUT
10
94.3210
20
22.8331
0
VERTEX
8
CUT
10
94.5102
20
23.0262
0
VERTEX
8
CUT
10
96.7013
20
25.5184
0
VERTEX
8
CUT
10
96.8313
20
25.6793
0
VERTEX
8
CUT
10
96.9476
20
25.8504
0
VERTEX
8
CUT
10
97.5317
20
26.7911
0
VERTEX
8
CUT
10
97.5410
20
26.8054
0
VERTEX
8
CUT
10
97.5631
20
26.8347
0
VERTEX
8
CUT
10
97.5899
20
26.8592
0
VERTEX
8
CUT
10
97.6034
20
26.8700
0
VERTEX
8
CUT
10
97.9574
20
27.1400
0
VERTEX
8
CUT
10
98.1699
20
27.3021
0
VERTEX
8
CUT
10
98.3486
20
27.4522
0
VERTEX
8
CUT
10
98.5126
20
27.6182
0
VERTEX
8
CUT
10
98.6603
20
27.7988
0
VERTEX
8
CUT
10
100.6900
20
30.5301
0
VERTEX
8
CUT
10
100.7010
20
30.5442
0
VERTEX
8
CUT
10
100.7267
20
30.5727
0
VERTEX
8
CUT
10
100.7551
20
30.5987
0
VERTEX
8
CUT
10
100.7691
20
30.6098
0
VERTEX
8
CUT
10
101.3616
20
31.0569
0
VERTEX
8
CUT
10
101.5309
20
31.1967
0
VERTEX
8
CUT
10
101.6872
20
31.3508
0
VERTEX
8
CUT
10
101.8294
20
31.5180
0
VERTEX
8
CUT
10
101.9564
20
31.6970
0
VERTEX
8
CUT
10
102.6342
20
32.7473
0
VERTEX
8
CUT
10
102.6373
20
32.7519
0
VERTEX
8
CUT
10
102.6672
20
32.7908
0
VERTEX
8
CUT
10
102.6889
20
32.8105
0
VERTEX
8
CUT
10
102.7082
20
32.8258
0
VERTEX
8
CUT
10
103.4413
20
33.3799
0
VERTEX
8
CUT
10
103.6450
20
33.5516
0
VERTEX
8
CUT
10
103.8292
20
33.7440
0
VERTEX
8
CUT
10
107.2202
20
37.6862
0
VERTEX
8
CUT
10
107.4244
20
37.9592
0
VERTEX
8
CUT
10
108.1692
20
39.1113
0
VERTEX
8
CUT
10
108.1799
20
39.1268
0
VERTEX
8
CUT
10
108.2052
20
39.1586
0
VERTEX
8
CUT
10
108.2337
20
39.1876
0
VERTEX
8
CUT
10
108.2478
20
39.2000
0
VERTEX
8
CUT
10
109.5121
20
40.2549
0
VERTEX
8
CUT
10
109.7690
20
40.5023
0
VERTEX
8
CUT
10
114.9460
20
46.2562
0
VERTEX
8
CUT
10
115.1479
20
46.5125
0
VERTEX
8
CUT
10
116.0687
20
47.8525
0
VERTEX
8
CUT
10
116.0718
20
47.8568
0
VERTEX
8
CUT
10
116.1041
20
47.8964
0
VERTEX
8
CUT
10
116.1226
20
47.9153
0
VERTEX
8
CUT
10
116.1401
20
47.9312
0
VERTEX
8
CUT
10
117.6314
20
49.2162
0
VERTEX
8
CUT
10
117.7531
20
49.3283
0
VERTEX
8
CUT
10
126.2502
20
57.6909
0
VERTEX
8
CUT
10
129.9582
20
60.8859
0
VERTEX
8
CUT
10
129.9647
20
60.8913
0
VERTEX
8
CUT
10
130.6820
20
61.4313
0
VERTEX
8
CUT
10
133.4443
20
63.4997
0
VERTEX
8
CUT
10
138.9166
20
66.3803
0
VERTEX
8
CUT
10
139.1748
20
66.4897
0
VERTEX
8
CUT
10
139.2180
20
66.5080
0
VERTEX
8
CUT
10
139.2712
20
66.5305
0
VERTEX
8
CUT
10
139.7199
20
66.7207
0
VERTEX
8
CUT
10
143.9775
20
68.2262
0
VERTEX
8
CUT
10
143.9821
20
68.2277
0
VERTEX
8
CUT
10
144.0536
20
68.2472
0
VERTEX
8
CUT
10
144.0701
20
68.2507
0
VERTEX
8
CUT
10
144.2384
20
68.2825
0
VERTEX
8
CUT
10
144.2700
20
68.2798
0
VERTEX
8
CUT
10
144.5158
20
68.2832
0
VERTEX
8
CUT
10
144.7916
20
68.3006
0
VERTEX
8
CUT
10
145.0048
20
68.3233
0
VERTEX
8
CUT
10
145.2153
20
68.3641
0
VERTEX
8
CUT
10
147.2417
20
68.8485
0
VERTEX
8
CUT
10
148.6199
20
69.1082
0
VERTEX
8
CUT
10
149.0758
20
69.1286
0
VERTEX
8
CUT
10
149.3040
20
69.1494
0
VERTEX
8
CUT
10
149.5293
20
69.1909
0
VERTEX
8
CUT
10
149.7499
20
69.2529
0
VERTEX
8
CUT
10
150.0685
20
69.3584
0
VERTEX
8
CUT
10
150.0871
20
69.3640
0
VERTEX
8
CUT
10
150.0930
20
69.3653
0
VERTEX
8
CUT
10
153.2531
20
69.3849
0
VERTEX
8
CUT
10
153.7936
20
69.3665
0
VERTEX
8
CUT
10
153.7963
20
69.3664
0
VERTEX
8
CUT
10
153.8665
20
69.3641
0
VERTEX
8
CUT
10
154.1900
20
69.3531
0
VERTEX
8
CUT
10
154.9612
20
69.1708
0
VERTEX
8
CUT
10
155.1838
20
69.0680
0
VERTEX
8
CUT
10
155.5088
20
68.9179
0
VERTEX
8
CUT
10
155.8129
20
68.7776
0
VERTEX
8
CUT
10
155.9065
20
68.7343
0
VERTEX
8
CUT
10
156.7474
20
68.1002
0
VERTEX
8
CUT
10
156.8104
20
68.0361
0
VERTEX
8
CUT
10
156.8754
20
67.9701
0
VERTEX
8
CUT
10
156.8823
20
67.9631
0
VERTEX
8
CUT
10
156.9574
20
67.8869
0
VERTEX
8
CUT
10
158.9242
20
65.3371
0
VERTEX
8
CUT
10
158.9352
20
65.3222
0
VERTEX
8
CUT
10
158.9494
20
65.3010
0
VERTEX
8
CUT
10
160.0427
20
63.5969
0
VERTEX
8
CUT
10
160.9064
20
62.2464
0
VERTEX
8
CUT
10
160.9229
20
62.2190
0
VERTEX
8
CUT
10
160.9437
20
62.1801
0
VERTEX
8
CUT
10
162.5567
20
58.9617
0
VERTEX
8
CUT
10
162.5809
20
58.9104
0
VERTEX
8
CUT
10
162.6026
20
58.8581
0
VERTEX
8
CUT
10
163.9591
20
55.3566
0
VERTEX
8
CUT
10
164.0468
20
55.1566
0
VERTEX
8
CUT
10
164.1516
20
54.9650
0
VERTEX
8
CUT
10
164.2728
20
54.7833
0
VERTEX
8
CUT
10
164.5160
20
54.4510
0
VERTEX
8
CUT
10
164.5261
20
54.4364
0
VERTEX
8
CUT
10
164.5456
20
54.4037
0
VERTEX
8
CUT
10
164.5620
20
54.3692
0
VERTEX
8
CUT
10
164.5684
20
54.3527
0
VERTEX
8
CUT
10
165.6394
20
51.4077
0
VERTEX
8
CUT
10
165.6465
20
51.3860
0
VERTEX
8
CUT
10
165.6687
20
51.2900
0
VERTEX
8
CUT
10
165.6718
20
51.2674
0
VERTEX
8
CUT
10
165.7060
20
50.9450
0
VERTEX
8
CUT
10
165.7405
20
50.7185
0
VERTEX
8
CUT
10
165.7957
20
50.4961
0
VERTEX
8
CUT
10
165.8710
20
50.2797
0
VERTEX
8
CUT
10
169.6201
20
40.9105
0
VERTEX
8
CUT
10
169.6202
20
40.9102
0
VERTEX
8
CUT
10
169.6517
20
40.8350
0
VERTEX
8
CUT
10
172.5669
20
34.1868
0
VERTEX
8
CUT
10
172.6595
20
33.9979
0
VERTEX
8
CUT
10
172.6638
20
33.9906
0
VERTEX
8
CUT
10
172.6784
20
33.9608
0
VERTEX
8
CUT
10
172.7880
20
33.7785
0
VERTEX
8
CUT
10
173.8909
20
32.1085
0
VERTEX
8
CUT
10
173.9025
20
32.0899
0
VERTEX
8
CUT
10
173.9450
20
32.0056
0
VERTEX
8
CUT
10
173.9531
20
31.9853
0
VERTEX
8
CUT
10
174.1839
20
31.3544
0
VERTEX
8
CUT
10
174.2666
20
31.1556
0
VERTEX
8
CUT
10
174.3660
20
30.9646
0
VERTEX
8
CUT
10
174.4815
20
30.7829
0
VERTEX
8
CUT
10
174.6122
20
30.6118
0
VERTEX
8
CUT
10
174.9966
20
30.1511
0
VERTEX
8
CUT
10
175.0102
20
30.1337
0
VERTEX
8
CUT
10
175.0624
20
30.0536
0
VERTEX
8
CUT
10
175.0728
20
30.0341
0
VERTEX
8
CUT
10
175.5839
20
29.0015
0
VERTEX
8
CUT
10
175.7335
20
28.7402
0
VERTEX
8
CUT
10
175.9134
20
28.4988
0
VERTEX
8
CUT
10
176.3685
20
27.9592
0
VERTEX
8
CUT
10
176.3715
20
27.9554
0
VERTEX
8
CUT
10
176.4147
20
27.8959
0
VERTEX
8
CUT
10
176.4238
20
27.8818
0
VERTEX
8
CUT
10
177.8486
20
25.5484
0
VERTEX
8
CUT
10
177.8492
20
25.5474
0
VERTEX
8
CUT
10
178.0587
20
25.2542
0
VERTEX
8
CUT
10
182.0024
20
20.4998
0
VERTEX
8
CUT
10
182.0829
20
20.4122
0
VERTEX
8
CUT
10
182.0837
20
20.4112
0
VERTEX
8
CUT
10
182.0981
20
20.3955
0
VERTEX
8
CUT
10
182.1720
20
20.3150
0
VERTEX
8
CUT
10
182.1769
20
20.3102
0
VERTEX
8
CUT
10
182.2608
20
20.2194
0
VERTEX
8
CUT
10
183.0955
20
19.4052
0
VERTEX
8
CUT
10
183.8431
20
18.6686
0
VERTEX
8
CUT
10
184.1101
20
18.4402
0
VERTEX
8
CUT
10
184.1243
20
18.4297
0
VERTEX
8
CUT
10
184.1590
20
18.4002
0
VERTEX
8
CUT
10
188.0465
20
15.5257
0
VERTEX
8
CUT
10
188.2917
20
15.3657
0
VERTEX
8
CUT
10
188.2924
20
15.3653
0
VERTEX
8
CUT
10
189.9083
20
14.4412
0
VERTEX
8
CUT
10
190.1298
20
14.3287
0
VERTEX
8
CUT
10
190.3615
20
14.2388
0
VERTEX
8
CUT
10
193.9427
20
13.0496
0
VERTEX
8
CUT
10
194.1738
20
12.9850
0
VERTEX
8
CUT
10
194.4100
20
12.9428
0
VERTEX
8
CUT
10
194.6491
20
12.9235
0
VERTEX
8
CUT
10
195.9019
20
12.8826
0
VERTEX
8
CUT
10
195.9199
20
12.8816
0
VERTEX
8
CUT
10
195.9970
20
12.8717
0
VERTEX
8
CUT
10
196.0147
20
12.8681
0
VERTEX
8
CUT
10
196.6245
20
12.7290
0
VERTEX
8
CUT
10
196.8880
20
12.6836
0
VERTEX
8
CUT
10
197.1549
20
12.6665
0
VERTEX
8
CUT
10
197.4221
20
12.6781
0
VERTEX
8
CUT
10
197.6865
20
12.7182
0
VERTEX
8
CUT
10
198.4249
20
12.8708
0
VERTEX
8
CUT
10
198.4303
20
12.8718
0
VERTEX
8
CUT
10
198.5125
20
12.8819
0
VERTEX
8
CUT
10
198.5313
20
12.8830
0
VERTEX
8
CUT
10
199.4731
20
12.9131
0
VERTEX
8
CUT
10
199.7110
20
12.9321
0
VERTEX
8
CUT
10
199.9459
20
12.9737
0
VERTEX
8
CUT
10
200.1759
20
13.0375
0
VERTEX
8
CUT
10
202.2061
20
13.7066
0
VERTEX
8
CUT
10
202.5410
20
13.8446
0
VERTEX
8
CUT
10
203.3773
20
14.2626
0
VERTEX
8
CUT
10
203.5671
20
14.3679
0
VERTEX
8
CUT
10
204.7614
20
15.1005
0
VERTEX
8
CUT
10
204.9233
20
15.2088
0
VERTEX
8
CUT
10
205.0763
20
15.3292
0
VERTEX
8
CUT
10
206.8746
20
16.8627
0
VERTEX
8
CUT
10
207.0527
20
17.0302
0
VERTEX
8
CUT
10
207.2135
20
17.2144
0
VERTEX
8
CUT
10
209.2073
20
19.7361
0
VERTEX
8
CUT
10
209.2078
20
19.7367
0
VERTEX
8
CUT
10
209.3227
20
19.8942
0
VERTEX
8
CUT
10
210.9023
20
22.2481
0
VERTEX
8
CUT
10
211.0187
20
22.4397
0
VERTEX
8
CUT
10
211.0216
20
22.4449
0
VERTEX
8
CUT
10
211.0378
20
22.4717
0
VERTEX
8
CUT
10
212.5590
20
25.2504
0
VERTEX
8
CUT
10
212.6703
20
25.4809
0
VERTEX
8
CUT
10
213.4062
20
27.2292
0
VERTEX
8
CUT
10
213.6543
20
27.7114
0
VERTEX
8
CUT
10
213.7833
20
28.0078
0
VERTEX
8
CUT
10
214.0753
20
28.8184
0
VERTEX
8
CUT
10
214.8182
20
30.5831
0
VERTEX
8
CUT
10
214.8858
20
30.7628
0
VERTEX
8
CUT
10
216.1926
20
34.6848
0
VERTEX
8
CUT
10
216.2194
20
34.7870
0
VERTEX
8
CUT
10
216.2366
20
34.8414
0
VERTEX
8
CUT
10
216.2589
20
34.9376
0
VERTEX
8
CUT
10
216.2751
20
34.9992
0
VERTEX
8
CUT
10
216.5953
20
36.6510
0
VERTEX
8
CUT
10
216.5991
20
36.6683
0
VERTEX
8
CUT
10
216.6000
20
36.6714
0
VERTEX
8
CUT
10
216.6088
20
36.6938
0
VERTEX
8
CUT
10
216.6163
20
36.7096
0
VERTEX
8
CUT
10
216.8831
20
37.2388
0
VERTEX
8
CUT
10
216.9954
20
37.4965
0
VERTEX
8
CUT
10
217.0780
20
37.7651
0
VERTEX
8
CUT
10
217.1299
20
38.0413
0
VERTEX
8
CUT
10
217.3303
20
39.5786
0
VERTEX
8
CUT
10
218.1344
20
42.6943
0
VERTEX
8
CUT
10
218.1754
20
42.8826
0
VERTEX
8
CUT
10
218.2017
20
43.0736
0
VERTEX
8
CUT
10
218.3170
20
44.2421
0
VERTEX
8
CUT
10
218.3716
20
44.3959
0
VERTEX
8
CUT
10
218.4271
20
44.6117
0
VERTEX
8
CUT
10
218.4632
20
44.8315
0
VERTEX
8
CUT
10
218.4796
20
45.0537
0
VERTEX
8
CUT
10
218.5127
20
46.1970
0
VERTEX
8
CUT
10
218.5136
20
46.2144
0
VERTEX
8
CUT
10
218.5227
20
46.2890
0
VERTEX
8
CUT
10
218.5260
20
46.3061
0
VERTEX
8
CUT
10
219.2399
20
49.5898
0
VERTEX
8
CUT
10
219.2577
20
49.6951
0
VERTEX
8
CUT
10
219.2788
20
49.8194
0
VERTEX
8
CUT
10
219.2962
20
50.0509
0
VERTEX
8
CUT
10
219.3442
20
51.7288
0
VERTEX
8
CUT
10
219.3452
20
51.7471
0
VERTEX
8
CUT
10
219.3533
20
51.8110
0
VERTEX
8
CUT
10
219.3566
20
51.8274
0
VERTEX
8
CUT
10
219.7947
20
53.7595
0
VERTEX
8
CUT
10
219.8365
20
53.9963
0
VERTEX
8
CUT
10
219.8554
20
54.2361
0
VERTEX
8
CUT
10
219.8554
20
54.2370
0
VERTEX
8
CUT
10
219.8974
20
55.6137
0
VERTEX
8
CUT
10
219.8983
20
55.6310
0
VERTEX
8
CUT
10
219.9029
20
55.6680
0
VERTEX
8
CUT
10
219.9140
20
55.7031
0
VERTEX
8
CUT
10
219.9205
20
55.7194
0
VERTEX
8
CUT
10
219.9471
20
55.7825
0
VERTEX
8
CUT
10
219.9818
20
55.8646
0
VERTEX
8
CUT
10
220.0655
20
56.0937
0
VERTEX
8
CUT
10
220.1266
20
56.3299
0
VERTEX
8
CUT
10
220.1643
20
56.5709
0
VERTEX
8
CUT
10
220.3637
20
58.4351
0
VERTEX
8
CUT
10
220.6246
20
59.5683
0
VERTEX
8
CUT
10
220.6674
20
59.8059
0
VERTEX
8
CUT
10
220.6780
20
59.9365
0
VERTEX
8
CUT
10
220.6794
20
59.9416
0
VERTEX
8
CUT
10
220.7212
20
60.2033
0
VERTEX
8
CUT
10
220.9106
20
61.9912
0
VERTEX
8
CUT
10
221.1860
20
63.1955
0
VERTEX
8
CUT
10
221.2261
20
63.4164
0
VERTEX
8
CUT
10
221.2360
20
63.5256
0
VERTEX
8
CUT
10
221.2739
20
63.7517
0
VERTEX
8
CUT
10
221.4039
20
64.8600
0
VERTEX
8
CUT
10
221.4044
20
64.8612
0
VERTEX
8
CUT
10
221.4694
20
65.0872
0
VERTEX
8
CUT
10
221.5129
20
65.3182
0
VERTEX
8
CUT
10
221.5346
20
65.5523
0
VERTEX
8
CUT
10
221.5628
20
66.1792
0
VERTEX
8
CUT
10
221.5641
20
66.1974
0
VERTEX
8
CUT
10
221.5697
20
66.2364
0
VERTEX
8
CUT
10
221.5828
20
66.2736
0
VERTEX
8
CUT
10
221.6024
20
66.3184
0
VERTEX
8
CUT
10
221.6010
20
66.3190
0
VERTEX
8
CUT
10
221.6738
20
66.4966
0
VERTEX
8
CUT
10
221.7427
20
66.7248
0
VERTEX
8
CUT
10
221.7896
20
66.9586
0
VERTEX
8
CUT
10
221.8140
20
67.1958
0
VERTEX
8
CUT
10
221.8198
20
67.3029
0
VERTEX
8
CUT
10
222.3066
20
69.3415
0
VERTEX
8
CUT
10
222.3540
20
69.5990
0
VERTEX
8
CUT
10
222.5901
20
71.4108
0
VERTEX
8
CUT
10
223.1026
20
73.3733
0
VERTEX
8
CUT
10
223.1548
20
73.6255
0
VERTEX
8
CUT
10
223.1807
20
73.8816
0
VERTEX
8
CUT
10
223.1839
20
73.9477
0
VERTEX
8
CUT
10
223.2088
20
74.4512
0
VERTEX
8
CUT
10
223.2153
20
74.5820
0
VERTEX
8
CUT
10
223.2162
20
74.6013
0
VERTEX
8
CUT
10
223.2168
20
74.6122
0
VERTEX
8
CUT
10
223.2241
20
74.7598
0
VERTEX
8
CUT
10
223.2256
20
74.7797
0
VERTEX
8
CUT
10
223.2389
20
74.8649
0
VERTEX
8
CUT
10
223.2436
20
74.8843
0
VERTEX
8
CUT
10
223.6529
20
76.4125
0
VERTEX
8
CUT
10
223.7078
20
76.6720
0
VERTEX
8
CUT
10
223.7094
20
76.6869
0
VERTEX
8
CUT
10
223.7144
20
76.7111
0
VERTEX
8
CUT
10
223.7409
20
76.9782
0
VERTEX
8
CUT
10
223.7786
20
77.8132
0
VERTEX
8
CUT
10
223.7798
20
77.8310
0
VERTEX
8
CUT
10
223.7810
20
77.8397
0
VERTEX
8
CUT
10
223.7853
20
77.8686
0
VERTEX
8
CUT
10
223.7982
20
77.9053
0
VERTEX
8
CUT
10
223.8176
20
77.9496
0
VERTEX
8
CUT
10
223.8163
20
77.9502
0
VERTEX
8
CUT
10
223.8894
20
78.1288
0
VERTEX
8
CUT
10
223.9584
20
78.3570
0
VERTEX
8
CUT
10
224.0052
20
78.5908
0
VERTEX
8
CUT
10
224.0296
20
78.8279
0
VERTEX
8
CUT
10
224.0355
20
78.9350
0
VERTEX
8
CUT
10
224.4973
20
80.8690
0
VERTEX
8
CUT
10
224.5414
20
81.1027
0
VERTEX
8
CUT
10
224.5449
20
81.1402
0
VERTEX
8
CUT
10
224.5453
20
81.1424
0
VERTEX
8
CUT
10
224.5717
20
81.4092
0
VERTEX
8
CUT
10
224.6094
20
82.2448
0
VERTEX
8
CUT
10
224.6107
20
82.2624
0
VERTEX
8
CUT
10
224.6159
20
82.3000
0
VERTEX
8
CUT
10
224.6281
20
82.3359
0
VERTEX
8
CUT
10
224.6349
20
82.3521
0
VERTEX
8
CUT
10
224.6419
20
82.3676
0
VERTEX
8
CUT
10
224.7278
20
82.5864
0
VERTEX
8
CUT
10
224.7929
20
82.8124
0
VERTEX
8
CUT
10
224.8364
20
83.0434
0
VERTEX
8
CUT
10
224.8580
20
83.2775
0
VERTEX
8
CUT
10
224.8630
20
83.3871
0
VERTEX
8
CUT
10
225.0761
20
84.3215
0
VERTEX
8
CUT
10
225.1286
20
84.6521
0
VERTEX
8
CUT
10
225.2955
20
86.4957
0
VERTEX
8
CUT
10
225.3374
20
86.6464
0
VERTEX
8
CUT
10
225.3789
20
86.8773
0
VERTEX
8
CUT
10
225.3985
20
87.1111
0
VERTEX
8
CUT
10
225.4303
20
87.9774
0
VERTEX
8
CUT
10
225.4316
20
87.9975
0
VERTEX
8
CUT
10
225.4378
20
88.0404
0
VERTEX
8
CUT
10
225.4487
20
88.0825
0
VERTEX
8
CUT
10
225.4552
20
88.1015
0
VERTEX
8
CUT
10
225.5178
20
88.2682
0
VERTEX
8
CUT
10
225.5727
20
88.4438
0
VERTEX
8
CUT
10
225.6023
20
88.5291
0
VERTEX
8
CUT
10
225.6618
20
88.7841
0
VERTEX
8
CUT
10
225.6942
20
89.0439
0
VERTEX
8
CUT
10
225.8489
20
91.1910
0
VERTEX
8
CUT
10
225.8829
20
91.2965
0
VERTEX
8
CUT
10
225.9357
20
91.5434
0
VERTEX
8
CUT
10
225.9633
20
91.7944
0
VERTEX
8
CUT
10
226.2980
20
97.4586
0
VERTEX
8
CUT
10
226.2998
20
97.4790
0
VERTEX
8
CUT
10
226.3072
20
97.5225
0
VERTEX
8
CUT
10
226.3239
20
97.5633
0
VERTEX
8
CUT
10
226.3332
20
97.5816
0
VERTEX
8
CUT
10
226.5117
20
97.9095
0
VERTEX
8
CUT
10
226.5212
20
97.9259
0
VERTEX
8
CUT
10
226.5441
20
97.9594
0
VERTEX
8
CUT
10
226.5734
20
97.9877
0
VERTEX
8
CUT
10
226.5879
20
97.9998
0
VERTEX
8
CUT
10
227.1050
20
98.4078
0
VERTEX
8
CUT
10
227.1194
20
98.4186
0
VERTEX
8
CUT
10
227.1517
20
98.4394
0
VERTEX
8
CUT
10
227.1895
20
98.4465
0
VERTEX
8
CUT
10
227.2074
20
98.4486
0
VERTEX
8
CUT
10
230.8110
20
98.7733
0
VERTEX
8
CUT
10
230.8767
20
98.7774
0
VERTEX
8
CUT
10
230.9425
20
98.7779
0
VERTEX
8
CUT
10
233.7853
20
98.7195
0
VERTEX
8
CUT
10
233.8494
20
98.7165
0
VERTEX
8
CUT
10
233.9133
20
98.7100
0
VERTEX
8
CUT
10
235.8866
20
98.4556
0
VERTEX
8
CUT
10
235.8920
20
98.4547
0
VERTEX
8
CUT
10
235.9739
20
98.4372
0
VERTEX
8
CUT
10
235.9922
20
98.4320
0
VERTEX
8
CUT
10
240.4012
20
97.0592
0
VERTEX
8
CUT
10
240.4713
20
97.0349
0
VERTEX
8
CUT
10
240.5398
20
97.0063
0
VERTEX
8
CUT
10
243.5033
20
95.6598
0
VERTEX
8
CUT
10
243.5080
20
95.6576
0
VERTEX
8
CUT
10
243.5773
20
95.6193
0
VERTEX
8
CUT
10
243.5925
20
95.6097
0
VERTEX
8
CUT
10
248.5494
20
92.2863
0
VERTEX
8
CUT
10
248.6183
20
92.2365
0
VERTEX
8
CUT
10
248.6835
20
92.1818
0
VERTEX
8
CUT
10
252.0854
20
89.1163
0
VERTEX
8
CUT
10
252.1283
20
89.0757
0
VERTEX
8
CUT
10
252.1692
20
89.0330
0
VERTEX
8
CUT
10
255.4655
20
85.4100
0
VERTEX
8
CUT
10
255.4967
20
85.3743
0
VERTEX
8
CUT
10
255.5265
20
85.3373
0
VERTEX
8
CUT
10
258.3433
20
81.6977
0
VERTEX
8
CUT
10
258.3672
20
81.6657
0
VERTEX
8
CUT
10
258.3900
20
81.6330
0
VERTEX
8
CUT
10
263.7699
20
73.6281
0
VERTEX
8
CUT
10
263.8315
20
73.5405
0
VERTEX
8
CUT
10
266.8222
20
69.4781
0
VERTEX
8
CUT
10
266.9252
20
69.3475
0
VERTEX
8
CUT
10
269.8634
20
65.8669
0
VERTEX
8
CUT
10
270.0059
20
65.7119
0
VERTEX
8
CUT
10
273.6143
20
62.1034
0
VERTEX
8
CUT
10
273.8034
20
61.9326
0
VERTEX
8
CUT
10
278.0288
20
58.4916
0
VERTEX
8
CUT
10
278.2600
20
58.3244
0
VERTEX
8
CUT
10
281.1221
20
56.4930
0
VERTEX
8
CUT
10
281.3950
20
56.3415
0
VERTEX
8
CUT
10
285.3182
20
54.4740
0
VERTEX
8
CUT
10
285.5471
20
54.3786
0
VERTEX
8
CUT
10
285.7842
20
54.3064
0
VERTEX
8
CUT
10
286.0274
20
54.2581
0
VERTEX
8
CUT
10
286.2741
20
54.2341
0
VERTEX
8
CUT
10
286.5220
20
54.2346
0
VERTEX
8
CUT
10
286.7687
20
54.2597
0
VERTEX
8
CUT
10
287.0116
20
54.3091
0
VERTEX
8
CUT
10
287.2484
20
54.3823
0
VERTEX
8
CUT
10
287.4769
20
54.4786
0
VERTEX
8
CUT
10
287.6947
20
54.5970
0
VERTEX
8
CUT
10
287.8996
20
54.7364
0
VERTEX
8
CUT
10
288.0898
20
54.8955
0
VERTEX
8
CUT
10
288.2633
20
55.0726
0
VERTEX
8
CUT
10
288.4183
20
55.2660
0
VERTEX
8
CUT
10
288.5535
20
55.4738
0
VERTEX
8
CUT
10
288.6674
20
55.6940
0
VERTEX
8
CUT
10
288.7590
20
55.9244
0
VERTEX
8
CUT
10
288.8272
20
56.1627
0
VERTEX
8
CUT
10
288.8716
20
56.4066
0
VERTEX
8
CUT
10
289.7779
20
63.3257
0
VERTEX
8
CUT
10
289.7881
20
63.4168
0
VERTEX
8
CUT
10
290.5121
20
71.1343
0
VERTEX
8
CUT
10
290.5178
20
71.2054
0
VERTEX
8
CUT
10
290.8543
20
76.3747
0
VERTEX
8
CUT
10
290.8581
20
76.6220
0
VERTEX
8
CUT
10
290.8375
20
76.8684
0
VERTEX
8
CUT
10
290.7926
20
77.1116
0
VERTEX
8
CUT
10
290.7240
20
77.3492
0
VERTEX
8
CUT
10
290.6321
20
77.5788
0
VERTEX
8
CUT
10
290.5181
20
77.7983
0
VERTEX
8
CUT
10
290.3829
20
78.0054
0
VERTEX
8
CUT
10
290.2279
20
78.1981
0
VERTEX
8
CUT
10
290.0547
20
78.3746
0
VERTEX
8
CUT
10
289.8648
20
78.5331
0
VERTEX
8
CUT
10
289.6603
20
78.6721
0
VERTEX
8
CUT
10
289.4429
20
78.7901
0
VERTEX
8
CUT
10
289.2150
20
78.8861
0
VERTEX
8
CUT
10
288.9788
20
78.9592
0
VERTEX
8
CUT
10
288.7364
20
79.0085
0
VERTEX
8
CUT
10
288.4904
20
79.0336
0
VERTEX
8
CUT
10
283.8099
20
79.2789
0
VERTEX
8
CUT
10
283.7891
20
79.2806
0
VERTEX
8
CUT
10
283.7447
20
79.2879
0
VERTEX
8
CUT
10
283.7014
20
79.3002
0
VERTEX
8
CUT
10
283.6819
20
79.3075
0
VERTEX
8
CUT
10
283.5220
20
79.3726
0
VERTEX
8
CUT
10
283.3028
20
79.4502
0
VERTEX
8
CUT
10
283.0773
20
79.5071
0
VERTEX
8
CUT
10
282.8474
20
79.5428
0
VERTEX
8
CUT
10
280.1385
20
79.8352
0
VERTEX
8
CUT
10
280.0577
20
79.8467
0
VERTEX
8
CUT
10
279.9778
20
79.8637
0
VERTEX
8
CUT
10
275.6443
20
80.9453
0
VERTEX
8
CUT
10
275.5997
20
80.9573
0
VERTEX
8
CUT
10
275.5557
20
80.9711
0
VERTEX
8
CUT
10
273.1280
20
81.7809
0
VERTEX
8
CUT
10
273.0617
20
81.8053
0
VERTEX
8
CUT
10
272.9970
20
81.8335
0
VERTEX
8
CUT
10
267.7891
20
84.2885
0
VERTEX
8
CUT
10
267.7441
20
84.3109
0
VERTEX
8
CUT
10
267.7002
20
84.3351
0
VERTEX
8
CUT
10
265.8307
20
85.4172
0
VERTEX
8
CUT
10
265.7971
20
85.4374
0
VERTEX
8
CUT
10
265.7641
20
85.4587
0
VERTEX
8
CUT
10
263.3012
20
87.1095
0
VERTEX
8
CUT
10
263.2556
20
87.1417
0
VERTEX
8
CUT
10
263.2115
20
87.1760
0
VERTEX
8
CUT
10
260.2676
20
89.5771
0
VERTEX
8
CUT
10
260.2233
20
89.6150
0
VERTEX
8
CUT
10
260.1809
20
89.6551
0
VERTEX
8
CUT
10
257.3749
20
92.4421
0
VERTEX
8
CUT
10
257.3421
20
92.4760
0
VERTEX
8
CUT
10
257.3106
20
92.5112
0
VERTEX
8
CUT
10
255.5684
20
94.5399
0
VERTEX
8
CUT
10
255.5241
20
94.5947
0
VERTEX
8
CUT
10
255.4831
20
94.6520
0
VERTEX
8
CUT
10
252.1053
20
99.6819
0
VERTEX
8
CUT
10
252.0605
20
99.7540
0
VERTEX
8
CUT
10
252.0210
20
99.8292
0
VERTEX
8
CUT
10
248.5002
20
107.1417
0
VERTEX
8
CUT
10
248.4783
20
107.1899
0
VERTEX
8
CUT
10
248.4586
20
107.2390
0
VERTEX
8
CUT
10
245.0789
20
116.2206
0
VERTEX
8
CUT
10
244.9525
20
116.5025
0
VERTEX
8
CUT
10
242.0784
20
121.9757
0
VERTEX
8
CUT
10
241.9772
20
122.1508
0
VERTEX
8
CUT
10
241.8621
20
122.3172
0
VERTEX
8
CUT
10
239.5480
20
125.3904
0
VERTEX
8
CUT
10
239.3193
20
125.6536
0
VERTEX
8
CUT
10
236.9620
20
128.0128
0
VERTEX
8
CUT
10
236.7859
20
128.1731
0
VERTEX
8
CUT
10
236.5952
20
128.3158
0
VERTEX
8
CUT
10
235.1977
20
129.2621
0
VERTEX
8
CUT
10
235.1836
20
129.2721
0
VERTEX
8
CUT
10
235.1549
20
129.2957
0
VERTEX
8
CUT
10
235.1336
20
129.3265
0
VERTEX
8
CUT
10
235.1250
20
129.3409
0
VERTEX
8
CUT
10
234.9027
20
129.7352
0
VERTEX
8
CUT
10
234.8946
20
129.7503
0
VERTEX
8
CUT
10
234.8795
20
129.7839
0
VERTEX
8
CUT
10
234.8741
20
129.8206
0
VERTEX
8
CUT
10
234.8728
20
129.8372
0
VERTEX
8
CUT
10
234.8458
20
130.3255
0
VERTEX
8
CUT
10
234.8452
20
130.3424
0
VERTEX
8
CUT
10
234.8465
20
130.3788
0
VERTEX
8
CUT
10
234.8606
20
130.4121
0
VERTEX
8
CUT
10
234.8683
20
130.4274
0
VERTEX
8
CUT
10
235.0567
20
130.7809
0
VERTEX
8
CUT
10
235.0577
20
130.7827
0
VERTEX
8
CUT
10
235.2867
20
131.0109
0
VERTEX
8
CUT
10
235.3394
20
131.0634
0
VERTEX
8
CUT
10
235.6240
20
131.3471
0
VERTEX
8
CUT
10
238.2779
20
133.9926
0
VERTEX
8
CUT
10
238.2782
20
133.9928
0
VERTEX
8
CUT
10
241.7952
20
136.3838
0
VERTEX
8
CUT
10
242.2734
20
136.7063
0
VERTEX
8
CUT
10
242.9340
20
137.0887
0
VERTEX
8
CUT
10
243.3838
20
137.3143
0
VERTEX
8
CUT
10
246.2055
20
138.6078
0
VERTEX
8
CUT
10
247.3963
20
139.0422
0
VERTEX
8
CUT
10
249.6266
20
139.6800
0
VERTEX
8
CUT
10
249.7549
20
139.7085
0
VERTEX
8
CUT
10
250.3318
20
139.8365
0
VERTEX
8
CUT
10
250.6726
20
139.9121
0
VERTEX
8
CUT
10
251.1318
20
140.0140
0
VERTEX
8
CUT
10
251.3900
20
140.0303
0
VERTEX
8
CUT
10
251.6324
20
140.0575
0
VERTEX
8
CUT
10
251.8709
20
140.1082
0
VERTEX
8
CUT
10
253.4731
20
140.5313
0
VERTEX
8
CUT
10
253.4904
20
140.5354
0
VERTEX
8
CUT
10
253.5660
20
140.5479
0
VERTEX
8
CUT
10
253.5837
20
140.5496
0
VERTEX
8
CUT
10
257.9146
20
140.8505
0
VERTEX
8
CUT
10
257.9841
20
140.8533
0
VERTEX
8
CUT
10
258.0536
20
140.8520
0
VERTEX
8
CUT
10
264.2702
20
140.5576
0
VERTEX
8
CUT
10
264.2831
20
140.5567
0
VERTEX
8
CUT
10
264.3214
20
140.5510
0
VERTEX
8
CUT
10
264.3608
20
140.5410
0
VERTEX
8
CUT
10
264.3787
20
140.5349
0
VERTEX
8
CUT
10
264.6804
20
140.4251
0
VERTEX
8
CUT
10
264.9599
20
140.3415
0
VERTEX
8
CUT
10
265.2472
20
140.2910
0
VERTEX
8
CUT
10
265.2513
20
140.2905
0
VERTEX
8
CUT
10
267.7023
20
140.0057
0
VERTEX
8
CUT
10
267.7207
20
140.0031
0
VERTEX
8
CUT
10
267.7598
20
139.9946
0
VERTEX
8
CUT
10
267.7979
20
139.9822
0
VERTEX
8
CUT
10
267.8151
20
139.9752
0
VERTEX
8
CUT
10
267.8632
20
139.9541
0
VERTEX
8
CUT
10
268.0776
20
139.8718
0
VERTEX
8
CUT
10
268.2986
20
139.8095
0
VERTEX
8
CUT
10
268.5245
20
139.7677
0
VERTEX
8
CUT
10
268.7532
20
139.7468
0
VERTEX
8
CUT
10
269.3856
20
139.7183
0
VERTEX
8
CUT
10
269.4057
20
139.7168
0
VERTEX
8
CUT
10
269.4919
20
139.7036
0
VERTEX
8
CUT
10
269.5116
20
139.6989
0
VERTEX
8
CUT
10
271.0749
20
139.2831
0
VERTEX
8
CUT
10
271.3376
20
139.2282
0
VERTEX
8
CUT
10
271.6048
20
139.2017
0
VERTEX
8
CUT
10
272.4430
20
139.1639
0
VERTEX
8
CUT
10
272.4598
20
139.1627
0
VERTEX
8
CUT
10
272.5315
20
139.1531
0
VERTEX
8
CUT
10
272.5480
20
139.1497
0
VERTEX
8
CUT
10
276.9701
20
138.1453
0
VERTEX
8
CUT
10
277.2576
20
138.0974
0
VERTEX
8
CUT
10
280.1707
20
137.7855
0
VERTEX
8
CUT
10
280.1887
20
137.7831
0
VERTEX
8
CUT
10
280.2269
20
137.7752
0
VERTEX
8
CUT
10
280.2641
20
137.7637
0
VERTEX
8
CUT
10
280.2810
20
137.7571
0
VERTEX
8
CUT
10
280.3536
20
137.7268
0
VERTEX
8
CUT
10
280.5657
20
137.6492
0
VERTEX
8
CUT
10
280.7839
20
137.5910
0
VERTEX
8
CUT
10
281.0065
20
137.5528
0
VERTEX
8
CUT
10
281.2316
20
137.5348
0
VERTEX
8
CUT
10
282.1133
20
137.5042
0
VERTEX
8
CUT
10
282.1300
20
137.5033
0
VERTEX
8
CUT
10
282.1659
20
137.4988
0
VERTEX
8
CUT
10
282.2001
20
137.4881
0
VERTEX
8
CUT
10
282.2159
20
137.4820
0
VERTEX
8
CUT
10
282.2569
20
137.4650
0
VERTEX
8
CUT
10
282.2570
20
137.4650
0
VERTEX
8
CUT
10
282.4781
20
137.3854
0
VERTEX
8
CUT
10
282.7057
20
137.3270
0
VERTEX
8
CUT
10
282.9378
20
137.2902
0
VERTEX
8
CUT
10
283.1723
20
137.2754
0
VERTEX
8
CUT
10
285.5268
20
137.2372
0
VERTEX
8
CUT
10
285.5381
20
137.2367
0
VERTEX
8
CUT
10
285.6352
20
137.2233
0
VERTEX
8
CUT
10
285.6572
20
137.2182
0
VERTEX
8
CUT
10
286.1142
20
137.0978
0
VERTEX
8
CUT
10
286.3744
20
137.0439
0
VERTEX
8
CUT
10
286.6389
20
137.0178
0
VERTEX
8
CUT
10
286.7358
20
137.0135
0
VERTEX
8
CUT
10
286.8469
20
136.9969
0
VERTEX
8
CUT
10
287.1012
20
136.9852
0
VERTEX
8
CUT
10
287.3386
20
136.9863
0
VERTEX
8
CUT
10
287.8528
20
136.9632
0
VERTEX
8
CUT
10
287.8542
20
136.9632
0
VERTEX
8
CUT
10
287.9116
20
136.9606
0
VERTEX
8
CUT
10
288.1037
20
136.9594
0
VERTEX
8
CUT
10
289.2340
20
136.9955
0
VERTEX
8
CUT
10
289.4932
20
136.9968
0
VERTEX
8
CUT
10
289.7370
20
137.0099
0
VERTEX
8
CUT
10
289.9783
20
137.0467
0
VERTEX
8
CUT
10
290.2148
20
137.1069
0
VERTEX
8
CUT
10
290.4444
20
137.1898
0
VERTEX
8
CUT
10
290.6647
20
137.2947
0
VERTEX
8
CUT
10
290.8738
20
137.4207
0
VERTEX
8
CUT
10
291.0696
20
137.5664
0
VERTEX
8
CUT
10
291.2503
20
137.7305
0
VERTEX
8
CUT
10
291.4141
20
137.9114
0
VERTEX
8
CUT
10
291.5595
20
138.1075
0
VERTEX
8
CUT
10
291.6851
20
138.3168
0
VERTEX
8
CUT
10
291.7896
20
138.5373
0
VERTEX
8
CUT
10
291.8722
20
138.7670
0
VERTEX
8
CUT
10
291.9320
20
139.0036
0
VERTEX
8
CUT
10
291.9684
20
139.2450
0
VERTEX
8
CUT
10
291.9811
20
139.4887
0
VERTEX
8
CUT
10
291.9811
20
139.4967
0
VERTEX
8
CUT
10
291.9812
20
139.5363
0
VERTEX
8
CUT
10
291.9813
20
139.5695
0
VERTEX
8
CUT
10
291.9937
20
143.3935
0
VERTEX
8
CUT
10
291.9972
20
144.4849
0
VERTEX
8
CUT
10
292.0000
20
145.3538
0
VERTEX
8
CUT
10
292.0000
20
145.3699
0
VERTEX
8
CUT
10
291.9907
20
148.2594
0
VERTEX
8
CUT
10
291.9777
20
148.5063
0
VERTEX
8
CUT
10
291.9403
20
148.7506
0
VERTEX
8
CUT
10
291.8791
20
148.9900
0
VERTEX
8
CUT
10
291.7945
20
149.2223
0
VERTEX
8
CUT
10
291.6873
20
149.4450
0
VERTEX
8
CUT
10
291.5587
20
149.6561
0
VERTEX
8
CUT
10
291.4099
20
149.8534
0
VERTEX
8
CUT
10
291.2424
20
150.0351
0
VERTEX
8
CUT
10
291.0577
20
150.1994
0
VERTEX
8
CUT
10
290.8577
20
150.3446
0
VERTEX
8
CUT
10
290.6443
20
150.4693
0
VERTEX
8
CUT
10
290.4197
20
150.5724
0
VERTEX
8
CUT
10
290.1859
20
150.6528
0
VERTEX
8
CUT
10
289.9454
20
150.7097
0
VERTEX
8
CUT
10
289.7005
20
150.7426
0
VERTEX
8
CUT
10
289.4534
20
150.7511
0
VERTEX
8
CUT
10
289.2068
20
150.7352
0
VERTEX
8
CUT
10
288.9975
20
150.7113
0
VERTEX
8
CUT
10
288.7483
20
150.6700
0
VERTEX
8
CUT
10
288.5046
20
150.6037
0
VERTEX
8
CUT
10
286.0836
20
149.8123
0
VERTEX
8
CUT
10
284.8582
20
149.5928
0
VERTEX
8
CUT
10
284.8558
20
149.5926
0
VERTEX
8
CUT
10
284.6112
20
149.5650
0
VERTEX
8
CUT
10
284.3705
20
149.5135
0
VERTEX
8
CUT
10
284.2766
20
149.4885
0
VERTEX
8
CUT
10
283.5169
20
149.3524
0
VERTEX
8
CUT
10
283.2256
20
149.2820
0
VERTEX
8
CUT
10
282.9449
20
149.1772
0
VERTEX
8
CUT
10
282.7560
20
149.0935
0
VERTEX
8
CUT
10
282.7389
20
149.0864
0
VERTEX
8
CUT
10
282.7069
20
149.0758
0
VERTEX
8
CUT
10
282.6577
20
149.0683
0
VERTEX
8
CUT
10
282.6373
20
149.0669
0
VERTEX
8
CUT
10
282.0191
20
149.0410
0
VERTEX
8
CUT
10
281.7963
20
149.0217
0
VERTEX
8
CUT
10
281.5761
20
148.9825
0
VERTEX
8
CUT
10
281.3603
20
148.9238
0
VERTEX
8
CUT
10
281.2871
20
148.8967
0
VERTEX
8
CUT
10
281.0345
20
148.8658
0
VERTEX
8
CUT
10
281.0103
20
148.8629
0
VERTEX
8
CUT
10
280.8089
20
148.8383
0
VERTEX
8
CUT
10
280.2562
20
148.7707
0
VERTEX
8
CUT
10
279.7644
20
148.7561
0
VERTEX
8
CUT
10
279.5001
20
148.7341
0
VERTEX
8
CUT
10
279.2395
20
148.6843
0
VERTEX
8
CUT
10
279.0314
20
148.6210
0
VERTEX
8
CUT
10
278.3554
20
148.5384
0
VERTEX
8
CUT
10
278.2880
20
148.5321
0
VERTEX
8
CUT
10
278.2204
20
148.5296
0
VERTEX
8
CUT
10
278.1244
20
148.5288
0
VERTEX
8
CUT
10
272.7680
20
148.5227
0
VERTEX
8
CUT
10
271.8957
20
148.5971
0
VERTEX
8
CUT
10
271.8808
20
148.5983
0
VERTEX
8
CUT
10
271.6504
20
148.6180
0
VERTEX
8
CUT
10
270.7141
20
148.6978
0
VERTEX
8
CUT
10
267.0624
20
149.3558
0
VERTEX
8
CUT
10
267.0572
20
149.3569
0
VERTEX
8
CUT
10
266.9951
20
149.3732
0
VERTEX
8
CUT
10
266.9420
20
149.3903
0
VERTEX
8
CUT
10
265.2891
20
149.9815
0
VERTEX
8
CUT
10
264.7451
20
150.1761
0
VERTEX
8
CUT
10
263.1107
20
150.7608
0
VERTEX
8
CUT
10
263.0430
20
150.7874
0
VERTEX
8
CUT
10
262.9770
20
150.8180
0
VERTEX
8
CUT
10
260.1951
20
152.2161
0
VERTEX
8
CUT
10
259.4971
20
152.7292
0
VERTEX
8
CUT
10
257.1042
20
154.4879
0
VERTEX
8
CUT
10
255.4866
20
156.1345
0
VERTEX
8
CUT
10
255.4833
20
156.1380
0
VERTEX
8
CUT
10
255.4745
20
156.1484
0
VERTEX
8
CUT
10
255.4530
20
156.1761
0
VERTEX
8
CUT
10
254.0286
20
158.1460
0
VERTEX
8
CUT
10
254.0252
20
158.1509
0
VERTEX
8
CUT
10
254.0250
20
158.1512
0
VERTEX
8
CUT
10
254.0234
20
158.1535
0
VERTEX
8
CUT
10
254.0204
20
158.1580
0
VERTEX
8
CUT
10
254.0197
20
158.1590
0
VERTEX
8
CUT
10
253.9804
20
158.2266
0
VERTEX
8
CUT
10
253.9724
20
158.2430
0
VERTEX
8
CUT
10
252.3435
20
161.7956
0
VERTEX
8
CUT
10
252.3402
20
161.8034
0
VERTEX
8
CUT
10
252.3226
20
161.8576
0
VERTEX
8
CUT
10
252.3226
20
161.8577
0
VERTEX
8
CUT
10
252.3185
20
161.8852
0
VERTEX
8
CUT
10
252.3171
20
161.9028
0
VERTEX
8
CUT
10
252.2726
20
162.7384
0
VERTEX
8
CUT
10
252.2516
20
162.9547
0
VERTEX
8
CUT
10
252.2119
20
163.1683
0
VERTEX
8
CUT
10
252.1892
20
163.2500
0
VERTEX
8
CUT
10
252.1884
20
163.2540
0
VERTEX
8
CUT
10
252.1760
20
163.2975
0
VERTEX
8
CUT
10
252.1538
20
163.3777
0
VERTEX
8
CUT
10
252.1486
20
163.3935
0
VERTEX
8
CUT
10
252.1286
20
163.4638
0
VERTEX
8
CUT
10
252.0357
20
163.7425
0
VERTEX
8
CUT
10
252.0299
20
163.7618
0
VERTEX
8
CUT
10
252.0207
20
163.8041
0
VERTEX
8
CUT
10
252.0206
20
163.8050
0
VERTEX
8
CUT
10
252.0164
20
163.8471
0
VERTEX
8
CUT
10
252.0160
20
163.8672
0
VERTEX
8
CUT
10
252.0390
20
166.9254
0
VERTEX
8
CUT
10
252.5823
20
169.2648
0
VERTEX
8
CUT
10
252.5870
20
169.2828
0
VERTEX
8
CUT
10
252.6126
20
169.3585
0
VERTEX
8
CUT
10
252.6199
20
169.3756
0
VERTEX
8
CUT
10
253.9888
20
172.3988
0
VERTEX
8
CUT
10
253.9910
20
172.4035
0
VERTEX
8
CUT
10
254.0295
20
172.4733
0
VERTEX
8
CUT
10
254.0392
20
172.4886
0
VERTEX
8
CUT
10
255.1370
20
174.1267
0
VERTEX
8
CUT
10
255.1678
20
174.1706
0
VERTEX
8
CUT
10
255.2006
20
174.2130
0
VERTEX
8
CUT
10
256.4255
20
175.7267
0
VERTEX
8
CUT
10
256.4683
20
175.7767
0
VERTEX
8
CUT
10
256.5138
20
175.8243
0
VERTEX
8
CUT
10
259.2140
20
178.4951
0
VERTEX
8
CUT
10
259.2174
20
178.4983
0
VERTEX
8
CUT
10
259.2713
20
178.5446
0
VERTEX
8
CUT
10
259.2841
20
178.5545
0
VERTEX
8
CUT
10
267.8609
20
184.8419
0
VERTEX
8
CUT
10
268.0087
20
184.9591
0
VERTEX
8
CUT
10
268.1473
20
185.0871
0
VERTEX
8
CUT
10
272.1851
20
189.1099
0
VERTEX
8
CUT
10
272.3415
20
189.2810
0
VERTEX
8
CUT
10
272.4815
20
189.4658
0
VERTEX
8
CUT
10
274.0163
20
191.7009
0
VERTEX
8
CUT
10
274.1861
20
191.9873
0
VERTEX
8
CUT
10
274.6087
20
192.8224
0
VERTEX
8
CUT
10
274.6998
20
193.0240
0
VERTEX
8
CUT
10
275.1105
20
194.0524
0
VERTEX
8
CUT
10
275.1841
20
194.2636
0
VERTEX
8
CUT
10
275.2385
20
194.4806
0
VERTEX
8
CUT
10
275.2733
20
194.7015
0
VERTEX
8
CUT
10
275.3146
20
195.0712
0
VERTEX
8
CUT
10
275.3169
20
195.0881
0
VERTEX
8
CUT
10
275.3243
20
195.1242
0
VERTEX
8
CUT
10
275.3380
20
195.1578
0
VERTEX
8
CUT
10
275.3455
20
195.1734
0
VERTEX
8
CUT
10
275.5315
20
195.5349
0
VERTEX
8
CUT
10
275.6431
20
195.7846
0
VERTEX
8
CUT
10
275.7268
20
196.0449
0
VERTEX
8
CUT
10
275.7816
20
196.3129
0
VERTEX
8
CUT
10
275.8067
20
196.5852
0
VERTEX
8
CUT
10
275.8365
20
197.3811
0
VERTEX
8
CUT
10
275.8376
20
197.3993
0
VERTEX
8
CUT
10
275.8429
20
197.4383
0
VERTEX
8
CUT
10
275.8520
20
197.4766
0
VERTEX
8
CUT
10
275.8575
20
197.4940
0
VERTEX
8
CUT
10
275.9415
20
197.7398
0
VERTEX
8
CUT
10
276.0163
20
198.0059
0
VERTEX
8
CUT
10
276.0613
20
198.2787
0
VERTEX
8
CUT
10
276.0759
20
198.5548
0
VERTEX
8
CUT
10
276.0714
20
200.3718
0
VERTEX
8
CUT
10
276.0622
20
200.5803
0
VERTEX
8
CUT
10
276.0356
20
200.7872
0
VERTEX
8
CUT
10
275.9919
20
200.9913
0
VERTEX
8
CUT
10
275.5864
20
202.5599
0
VERTEX
8
CUT
10
275.5821
20
202.5784
0
VERTEX
8
CUT
10
275.5697
20
202.6595
0
VERTEX
8
CUT
10
275.5682
20
202.6784
0
VERTEX
8
CUT
10
275.5272
20
203.4842
0
VERTEX
8
CUT
10
275.5055
20
203.7092
0
VERTEX
8
CUT
10
275.4636
20
203.9313
0
VERTEX
8
CUT
10
275.4018
20
204.1486
0
VERTEX
8
CUT
10
274.9929
20
205.3738
0
VERTEX
8
CUT
10
274.8544
20
205.7068
0
VERTEX
8
CUT
10
273.3893
20
208.6160
0
VERTEX
8
CUT
10
273.2749
20
208.8191
0
VERTEX
8
CUT
10
273.1420
20
209.0107
0
VERTEX
8
CUT
10
270.6477
20
212.2706
0
VERTEX
8
CUT
10
270.4138
20
212.5353
0
VERTEX
8
CUT
10
261.4295
20
221.3570
0
VERTEX
8
CUT
10
261.3782
20
221.4105
0
VERTEX
8
CUT
10
261.3304
20
221.4672
0
VERTEX
8
CUT
10
259.3642
20
223.9484
0
VERTEX
8
CUT
10
259.3346
20
223.9874
0
VERTEX
8
CUT
10
259.3066
20
224.0277
0
VERTEX
8
CUT
10
258.2148
20
225.6659
0
VERTEX
8
CUT
10
258.1775
20
225.7256
0
VERTEX
8
CUT
10
258.1438
20
225.7873
0
VERTEX
8
CUT
10
257.3454
20
227.3601
0
VERTEX
8
CUT
10
257.3138
20
227.4275
0
VERTEX
8
CUT
10
257.2865
20
227.4968
0
VERTEX
8
CUT
10
256.2241
20
230.4554
0
VERTEX
8
CUT
10
256.2182
20
230.4731
0
VERTEX
8
CUT
10
256.2085
20
230.5120
0
VERTEX
8
CUT
10
256.2026
20
230.5516
0
VERTEX
8
CUT
10
256.2013
20
230.5702
0
VERTEX
8
CUT
10
256.1486
20
231.6833
0
VERTEX
8
CUT
10
256.1289
20
231.9001
0
VERTEX
8
CUT
10
256.0903
20
232.1144
0
VERTEX
8
CUT
10
256.0333
20
232.3245
0
VERTEX
8
CUT
10
255.9050
20
232.7270
0
VERTEX
8
CUT
10
255.8995
20
232.7458
0
VERTEX
8
CUT
10
255.8909
20
232.7872
0
VERTEX
8
CUT
10
255.8868
20
232.8292
0
VERTEX
8
CUT
10
255.8863
20
232.8488
0
VERTEX
8
CUT
10
255.8946
20
234.4431
0
VERTEX
8
CUT
10
255.8950
20
234.4598
0
VERTEX
8
CUT
10
255.8984
20
234.4955
0
VERTEX
8
CUT
10
255.9079
20
234.5297
0
VERTEX
8
CUT
10
255.9135
20
234.5456
0
VERTEX
8
CUT
10
255.9929
20
234.7566
0
VERTEX
8
CUT
10
256.0722
20
235.0066
0
VERTEX
8
CUT
10
256.1250
20
235.2635
0
VERTEX
8
CUT
10
256.1505
20
235.5245
0
VERTEX
8
CUT
10
256.1825
20
236.2342
0
VERTEX
8
CUT
10
256.1837
20
236.2512
0
VERTEX
8
CUT
10
256.1887
20
236.2878
0
VERTEX
8
CUT
10
256.1971
20
236.3240
0
VERTEX
8
CUT
10
256.2019
20
236.3398
0
VERTEX
8
CUT
10
256.7387
20
237.9703
0
VERTEX
8
CUT
10
256.7689
20
238.0519
0
VERTEX
8
CUT
10
256.8050
20
238.1310
0
VERTEX
8
CUT
10
257.8842
20
240.2867
0
VERTEX
8
CUT
10
257.8867
20
240.2914
0
VERTEX
8
CUT
10
257.9293
20
240.3617
0
VERTEX
8
CUT
10
257.9400
20
240.3771
0
VERTEX
8
CUT
10
259.4302
20
242.4011
0
VERTEX
8
CUT
10
259.4331
20
242.4049
0
VERTEX
8
CUT
10
259.4802
20
242.4601
0
VERTEX
8
CUT
10
259.4916
20
242.4720
0
VERTEX
8
CUT
10
262.2723
20
245.2545
0
VERTEX
8
CUT
10
262.2758
20
245.2579
0
VERTEX
8
CUT
10
262.3321
20
245.3065
0
VERTEX
8
CUT
10
262.3455
20
245.3168
0
VERTEX
8
CUT
10
264.3743
20
246.8007
0
VERTEX
8
CUT
10
264.4387
20
246.8446
0
VERTEX
8
CUT
10
264.5059
20
246.8843
0
VERTEX
8
CUT
10
270.4672
20
250.1450
0
VERTEX
8
CUT
10
270.5206
20
250.1725
0
VERTEX
8
CUT
10
270.5752
20
250.1972
0
VERTEX
8
CUT
10
277.9823
20
253.3277
0
VERTEX
8
CUT
10
278.0851
20
253.3739
0
VERTEX
8
CUT
10
281.0062
20
254.7670
0
VERTEX
8
CUT
10
281.2281
20
254.8869
0
VERTEX
8
CUT
10
281.4369
20
255.0286
0
VERTEX
8
CUT
10
281.6302
20
255.1907
0
VERTEX
8
CUT
10
281.8063
20
255.3713
0
VERTEX
8
CUT
10
281.9633
20
255.5688
0
VERTEX
8
CUT
10
282.0995
20
255.7812
0
VERTEX
8
CUT
10
282.2137
20
256.0061
0
VERTEX
8
CUT
10
282.3046
20
256.2415
0
VERTEX
8
CUT
10
282.3713
20
256.4848
0
VERTEX
8
CUT
10
282.4132
20
256.7336
0
VERTEX
8
CUT
10
282.4298
20
256.9853
0
VERTEX
8
CUT
10
282.4209
20
257.2374
0
VERTEX
8
CUT
10
282.3866
20
257.4874
0
VERTEX
8
CUT
10
282.3274
20
257.7326
0
VERTEX
8
CUT
10
282.2437
20
257.9706
0
VERTEX
8
CUT
10
282.1365
20
258.1990
0
VERTEX
8
CUT
10
280.1508
20
261.9262
0
VERTEX
8
CUT
10
280.0053
20
262.1658
0
VERTEX
8
CUT
10
277.9777
20
265.1190
0
VERTEX
8
CUT
10
277.8303
20
265.3127
0
VERTEX
8
CUT
10
277.6647
20
265.4912
0
VERTEX
8
CUT
10
277.4826
20
265.6527
0
VERTEX
8
CUT
10
277.2857
20
265.7958
0
VERTEX
8
CUT
10
277.0757
20
265.9190
0
VERTEX
8
CUT
10
276.8548
20
266.0212
0
VERTEX
8
CUT
10
276.6250
20
266.1015
0
VERTEX
8
CUT
10
276.3884
20
266.1590
0
VERTEX
8
CUT
10
276.1474
20
266.1932
0
VERTEX
8
CUT
10
275.9042
20
266.2038
0
VERTEX
8
CUT
10
275.6611
20
266.1908
0
VERTEX
8
CUT
10
275.4205
20
266.1541
0
VERTEX
8
CUT
10
275.1845
20
266.0943
0
VERTEX
8
CUT
10
274.9555
20
266.0117
0
VERTEX
8
CUT
10
274.7356
20
265.9073
0
VERTEX
8
CUT
10
274.5269
20
265.7820
0
VERTEX
8
CUT
10
272.4104
20
264.3665
0
VERTEX
8
CUT
10
272.3996
20
264.3594
0
VERTEX
8
CUT
10
272.3762
20
264.3445
0
VERTEX
8
CUT
10
270.1690
20
262.9671
0
VERTEX
8
CUT
10
270.1514
20
262.9567
0
VERTEX
8
CUT
10
270.0719
20
262.9184
0
VERTEX
8
CUT
10
270.0528
20
262.9111
0
VERTEX
8
CUT
10
269.3608
20
262.6659
0
VERTEX
8
CUT
10
269.1473
20
262.5790
0
VERTEX
8
CUT
10
268.9426
20
262.4727
0
VERTEX
8
CUT
10
268.7487
20
262.3481
0
VERTEX
8
CUT
10
267.6622
20
261.5770
0
VERTEX
8
CUT
10
267.6578
20
261.5740
0
VERTEX
8
CUT
10
267.5882
20
261.5325
0
VERTEX
8
CUT
10
267.5718
20
261.5241
0
VERTEX
8
CUT
10
267.0746
20
261.2844
0
VERTEX
8
CUT
10
267.0553
20
261.2758
0
VERTEX
8
CUT
10
267.0125
20
261.2608
0
VERTEX
8
CUT
10
266.9682
20
261.2507
0
VERTEX
8
CUT
10
266.9473
20
261.2478
0
VERTEX
8
CUT
10
266.9157
20
261.2442
0
VERTEX
8
CUT
10
266.6663
20
261.2034
0
VERTEX
8
CUT
10
266.4222
20
261.1377
0
VERTEX
8
CUT
10
266.1860
20
261.0476
0
VERTEX
8
CUT
10
265.9601
20
260.9341
0
VERTEX
8
CUT
10
265.7469
20
260.7984
0
VERTEX
8
CUT
10
264.8969
20
260.1952
0
VERTEX
8
CUT
10
264.8825
20
260.1854
0
VERTEX
8
CUT
10
264.8172
20
260.1477
0
VERTEX
8
CUT
10
264.8015
20
260.1400
0
VERTEX
8
CUT
10
261.2876
20
258.5214
0
VERTEX
8
CUT
10
261.2829
20
258.5194
0
VERTEX
8
CUT
10
261.2099
20
258.4923
0
VERTEX
8
CUT
10
261.1929
20
258.4872
0
VERTEX
8
CUT
10
260.1669
20
258.2031
0
VERTEX
8
CUT
10
259.9226
20
258.1217
0
VERTEX
8
CUT
10
259.6879
20
258.0156
0
VERTEX
8
CUT
10
258.5372
20
257.4221
0
VERTEX
8
CUT
10
258.5322
20
257.4196
0
VERTEX
8
CUT
10
258.4864
20
257.4007
0
VERTEX
8
CUT
10
258.4575
20
257.3945
0
VERTEX
8
CUT
10
258.4329
20
257.3908
0
VERTEX
8
CUT
10
258.1332
20
257.3540
0
VERTEX
8
CUT
10
257.9156
20
257.3175
0
VERTEX
8
CUT
10
257.7021
20
257.2619
0
VERTEX
8
CUT
10
257.4943
20
257.1877
0
VERTEX
8
CUT
10
257.2939
20
257.0955
0
VERTEX
8
CUT
10
256.3028
20
256.5853
0
VERTEX
8
CUT
10
256.2981
20
256.5830
0
VERTEX
8
CUT
10
256.2525
20
256.5639
0
VERTEX
8
CUT
10
256.2281
20
256.5561
0
VERTEX
8
CUT
10
256.2058
20
256.5504
0
VERTEX
8
CUT
10
254.8040
20
256.2285
0
VERTEX
8
CUT
10
254.4901
20
256.1344
0
VERTEX
8
CUT
10
250.4445
20
254.6259
0
VERTEX
8
CUT
10
250.4395
20
254.6242
0
VERTEX
8
CUT
10
250.3611
20
254.6019
0
VERTEX
8
CUT
10
250.3430
20
254.5980
0
VERTEX
8
CUT
10
248.8174
20
254.3079
0
VERTEX
8
CUT
10
248.5900
20
254.2535
0
VERTEX
8
CUT
10
248.3687
20
254.1782
0
VERTEX
8
CUT
10
247.4027
20
253.7979
0
VERTEX
8
CUT
10
247.3862
20
253.7918
0
VERTEX
8
CUT
10
247.3132
20
253.7707
0
VERTEX
8
CUT
10
247.2960
20
253.7670
0
VERTEX
8
CUT
10
245.6950
20
253.4626
0
VERTEX
8
CUT
10
245.6687
20
253.4576
0
VERTEX
8
CUT
10
245.4155
20
253.3956
0
VERTEX
8
CUT
10
242.7401
20
252.5907
0
VERTEX
8
CUT
10
241.2982
20
252.3555
0
VERTEX
8
CUT
10
241.1361
20
252.3171
0
VERTEX
8
CUT
10
241.1248
20
252.3158
0
VERTEX
8
CUT
10
240.8935
20
252.2676
0
VERTEX
8
CUT
10
239.0685
20
251.7963
0
VERTEX
8
CUT
10
238.9464
20
251.7898
0
VERTEX
8
CUT
10
238.7376
20
251.7699
0
VERTEX
8
CUT
10
238.5311
20
251.7325
0
VERTEX
8
CUT
10
238.3286
20
251.6780
0
VERTEX
8
CUT
10
237.0903
20
251.2882
0
VERTEX
8
CUT
10
237.0852
20
251.2867
0
VERTEX
8
CUT
10
237.0532
20
251.2795
0
VERTEX
8
CUT
10
236.9990
20
251.2713
0
VERTEX
8
CUT
10
236.9796
20
251.2699
0
VERTEX
8
CUT
10
236.1925
20
251.2337
0
VERTEX
8
CUT
10
235.9789
20
251.2147
0
VERTEX
8
CUT
10
235.7678
20
251.1774
0
VERTEX
8
CUT
10
235.5606
20
251.1222
0
VERTEX
8
CUT
10
234.3205
20
250.7341
0
VERTEX
8
CUT
10
234.3153
20
250.7326
0
VERTEX
8
CUT
10
234.2656
20
250.7214
0
VERTEX
8
CUT
10
234.2394
20
250.7179
0
VERTEX
8
CUT
10
234.2158
20
250.7163
0
VERTEX
8
CUT
10
233.4266
20
250.6800
0
VERTEX
8
CUT
10
233.2107
20
250.6606
0
VERTEX
8
CUT
10
232.9972
20
250.6226
0
VERTEX
8
CUT
10
232.7878
20
250.5663
0
VERTEX
8
CUT
10
231.6071
20
250.1930
0
VERTEX
8
CUT
10
231.5851
20
250.1868
0
VERTEX
8
CUT
10
231.4882
20
250.1687
0
VERTEX
8
CUT
10
231.4655
20
250.1665
0
VERTEX
8
CUT
10
230.8035
20
250.1248
0
VERTEX
8
CUT
10
230.6040
20
250.1041
0
VERTEX
8
CUT
10
230.4067
20
250.0675
0
VERTEX
8
CUT
10
226.0146
20
249.0688
0
VERTEX
8
CUT
10
225.9982
20
249.0655
0
VERTEX
8
CUT
10
225.9267
20
249.0558
0
VERTEX
8
CUT
10
225.9100
20
249.0547
0
VERTEX
8
CUT
10
225.0861
20
249.0168
0
VERTEX
8
CUT
10
225.0401
20
249.0147
0
VERTEX
8
CUT
10
224.7929
20
248.9909
0
VERTEX
8
CUT
10
224.5492
20
248.9428
0
VERTEX
8
CUT
10
221.5620
20
248.1968
0
VERTEX
8
CUT
10
221.4684
20
248.1908
0
VERTEX
8
CUT
10
221.1851
20
248.1564
0
VERTEX
8
CUT
10
220.9075
20
248.0900
0
VERTEX
8
CUT
10
219.7952
20
247.7555
0
VERTEX
8
CUT
10
215.9977
20
246.8071
0
VERTEX
8
CUT
10
215.8110
20
246.7499
0
VERTEX
8
CUT
10
215.7475
20
246.7334
0
VERTEX
8
CUT
10
212.7395
20
245.7315
0
VERTEX
8
CUT
10
212.5610
20
245.6644
0
VERTEX
8
CUT
10
212.3882
20
245.5839
0
VERTEX
8
CUT
10
211.8559
20
245.3107
0
VERTEX
8
CUT
10
210.0434
20
244.6494
0
VERTEX
8
CUT
10
209.7720
20
244.5318
0
VERTEX
8
CUT
10
209.5163
20
244.3829
0
VERTEX
8
CUT
10
209.4501
20
244.3389
0
VERTEX
8
CUT
10
209.4397
20
244.3327
0
VERTEX
8
CUT
10
207.5968
20
243.1121
0
VERTEX
8
CUT
10
207.5311
20
243.0632
0
VERTEX
8
CUT
10
207.5026
20
243.0442
0
VERTEX
8
CUT
10
207.3081
20
242.9010
0
VERTEX
8
CUT
10
207.1284
20
242.7396
0
VERTEX
8
CUT
10
206.9651
20
242.5617
0
VERTEX
8
CUT
10
205.9266
20
241.3141
0
VERTEX
8
CUT
10
205.7723
20
241.1081
0
VERTEX
8
CUT
10
205.6401
20
240.8873
0
VERTEX
8
CUT
10
205.5312
20
240.6541
0
VERTEX
8
CUT
10
205.4469
20
240.4109
0
VERTEX
8
CUT
10
205.3881
20
240.1604
0
VERTEX
8
CUT
10
205.3553
20
239.9051
0
VERTEX
8
CUT
10
205.3489
20
239.6479
0
VERTEX
8
CUT
10
205.3523
20
239.5210
0
VERTEX
8
CUT
10
205.3713
20
239.2728
0
VERTEX
8
CUT
10
205.4150
20
239.0277
0
VERTEX
8
CUT
10
205.4437
20
238.9262
0
VERTEX
8
CUT
10
205.4528
20
238.8836
0
VERTEX
8
CUT
10
205.4795
20
238.7998
0
VERTEX
8
CUT
10
205.4827
20
238.7882
0
VERTEX
8
CUT
10
205.4848
20
238.7830
0
VERTEX
8
CUT
10
205.5252
20
238.6556
0
VERTEX
8
CUT
10
205.6191
20
238.4356
0
VERTEX
8
CUT
10
205.7313
20
238.2038
0
VERTEX
8
CUT
10
205.8672
20
237.9592
0
VERTEX
8
CUT
10
206.0295
20
237.7313
0
VERTEX
8
CUT
10
206.2164
20
237.5230
0
VERTEX
8
CUT
10
206.8184
20
236.9228
0
VERTEX
8
CUT
10
207.0255
20
236.7381
0
VERTEX
8
CUT
10
207.2518
20
236.5774
0
VERTEX
8
CUT
10
207.6091
20
236.3526
0
VERTEX
8
CUT
10
207.6849
20
236.2903
0
VERTEX
8
CUT
10
207.8323
20
236.1781
0
VERTEX
8
CUT
10
207.9876
20
236.0770
0
VERTEX
8
CUT
10
209.0684
20
235.4295
0
VERTEX
8
CUT
10
209.1553
20
235.3856
0
VERTEX
8
CUT
10
209.2271
20
235.3445
0
VERTEX
8
CUT
10
209.3560
20
235.2842
0
VERTEX
8
CUT
10
209.3895
20
235.2673
0
VERTEX
8
CUT
10
209.4150
20
235.2566
0
VERTEX
8
CUT
10
212.3600
20
234.0263
0
VERTEX
8
CUT
10
212.5610
20
233.9523
0
VERTEX
8
CUT
10
212.7676
20
233.8957
0
VERTEX
8
CUT
10
214.1111
20
233.5892
0
VERTEX
8
CUT
10
214.1163
20
233.5879
0
VERTEX
8
CUT
10
214.1655
20
233.5724
0
VERTEX
8
CUT
10
214.1901
20
233.5620
0
VERTEX
8
CUT
10
214.2116
20
233.5514
0
VERTEX
8
CUT
10
214.6245
20
233.3340
0
VERTEX
8
CUT
10
214.8305
20
233.2372
0
VERTEX
8
CUT
10
215.0445
20
233.1596
0
VERTEX
8
CUT
10
215.2646
20
233.1018
0
VERTEX
8
CUT
10
215.4891
20
233.0642
0
VERTEX
8
CUT
10
215.7506
20
233.0326
0
VERTEX
8
CUT
10
215.7734
20
233.0291
0
VERTEX
8
CUT
10
215.8699
20
233.0052
0
VERTEX
8
CUT
10
215.8916
20
232.9977
0
VERTEX
8
CUT
10
218.9202
20
231.8382
0
VERTEX
8
CUT
10
219.1209
20
231.7710
0
VERTEX
8
CUT
10
219.3267
20
231.7209
0
VERTEX
8
CUT
10
219.5359
20
231.6885
0
VERTEX
8
CUT
10
219.9164
20
231.6459
0
VERTEX
8
CUT
10
219.9356
20
231.6432
0
VERTEX
8
CUT
10
219.9763
20
231.6344
0
VERTEX
8
CUT
10
220.0160
20
231.6213
0
VERTEX
8
CUT
10
220.0338
20
231.6138
0
VERTEX
8
CUT
10
222.1045
20
230.6860
0
VERTEX
8
CUT
10
222.4061
20
230.5736
0
VERTEX
8
CUT
10
224.3934
20
229.9752
0
VERTEX
8
CUT
10
224.4133
20
229.9686
0
VERTEX
8
CUT
10
224.4965
20
229.9330
0
VERTEX
8
CUT
10
224.5150
20
229.9232
0
VERTEX
8
CUT
10
225.7108
20
229.2458
0
VERTEX
8
CUT
10
225.7267
20
229.2362
0
VERTEX
8
CUT
10
225.7586
20
229.2136
0
VERTEX
8
CUT
10
225.7563
20
229.1746
0
VERTEX
8
CUT
10
225.7538
20
229.1563
0
VERTEX
8
CUT
10
225.6902
20
228.7625
0
VERTEX
8
CUT
10
225.6870
20
228.7452
0
VERTEX
8
CUT
10
225.6775
20
228.7088
0
VERTEX
8
CUT
10
225.6524
20
228.6806
0
VERTEX
8
CUT
10
225.6398
20
228.6684
0
VERTEX
8
CUT
10
225.3101
20
228.3624
0
VERTEX
8
CUT
10
225.2974
20
228.3511
0
VERTEX
8
CUT
10
225.2685
20
228.3289
0
VERTEX
8
CUT
10
225.2325
20
228.3216
0
VERTEX
8
CUT
10
225.2160
20
228.3195
0
VERTEX
8
CUT
10
219.6767
20
227.7233
0
VERTEX
8
CUT
10
219.3986
20
227.6774
0
VERTEX
8
CUT
10
219.1274
20
227.6005
0
VERTEX
8
CUT
10
218.8666
20
227.4935
0
VERTEX
8
CUT
10
218.8462
20
227.4838
0
VERTEX
8
CUT
10
218.8309
20
227.4769
0
VERTEX
8
CUT
10
218.7968
20
227.4642
0
VERTEX
8
CUT
10
218.7615
20
227.4546
0
VERTEX
8
CUT
10
218.7455
20
227.4513
0
VERTEX
8
CUT
10
215.5970
20
226.8891
0
VERTEX
8
CUT
10
215.3556
20
226.8336
0
VERTEX
8
CUT
10
215.1209
20
226.7544
0
VERTEX
8
CUT
10
213.4464
20
226.0954
0
VERTEX
8
CUT
10
213.4303
20
226.0895
0
VERTEX
8
CUT
10
213.3950
20
226.0792
0
VERTEX
8
CUT
10
213.3588
20
226.0755
0
VERTEX
8
CUT
10
213.3415
20
226.0749
0
VERTEX
8
CUT
10
208.4288
20
226.0226
0
VERTEX
8
CUT
10
207.6935
20
226.0296
0
VERTEX
8
CUT
10
207.4636
20
226.0212
0
VERTEX
8
CUT
10
207.3404
20
226.0110
0
VERTEX
8
CUT
10
206.9566
20
226.0069
0
VERTEX
8
CUT
10
206.7015
20
225.9911
0
VERTEX
8
CUT
10
206.4494
20
225.9494
0
VERTEX
8
CUT
10
206.3857
20
225.9320
0
VERTEX
8
CUT
10
204.3780
20
225.7659
0
VERTEX
8
CUT
10
204.1565
20
225.7375
0
VERTEX
8
CUT
10
203.9384
20
225.6895
0
VERTEX
8
CUT
10
203.7254
20
225.6223
0
VERTEX
8
CUT
10
203.6598
20
225.5983
0
VERTEX
8
CUT
10
203.6225
20
225.5866
0
VERTEX
8
CUT
10
203.4614
20
225.5263
0
VERTEX
8
CUT
10
203.4417
20
225.5195
0
VERTEX
8
CUT
10
203.3981
20
225.5085
0
VERTEX
8
CUT
10
203.3536
20
225.5024
0
VERTEX
8
CUT
10
203.3358
20
225.5015
0
VERTEX
8
CUT
10
203.3341
20
225.5014
0
VERTEX
8
CUT
10
201.8216
20
225.4658
0
VERTEX
8
CUT
10
201.5359
20
225.4426
0
VERTEX
8
CUT
10
201.5334
20
225.4421
0
VERTEX
8
CUT
10
201.5267
20
225.4416
0
VERTEX
8
CUT
10
201.2487
20
225.3869
0
VERTEX
8
CUT
10
198.5675
20
224.6995
0
VERTEX
8
CUT
10
198.5363
20
224.6950
0
VERTEX
8
CUT
10
198.5156
20
224.6938
0
VERTEX
8
CUT
10
196.9704
20
224.6435
0
VERTEX
8
CUT
10
196.7029
20
224.6203
0
VERTEX
8
CUT
10
196.4395
20
224.5687
0
VERTEX
8
CUT
10
196.3099
20
224.5284
0
VERTEX
8
CUT
10
194.0758
20
224.3723
0
VERTEX
8
CUT
10
193.9534
20
224.3572
0
VERTEX
8
CUT
10
193.7133
20
224.3384
0
VERTEX
8
CUT
10
192.2173
20
224.1318
0
VERTEX
8
CUT
10
191.8971
20
224.1229
0
VERTEX
8
CUT
10
189.1781
20
224.1186
0
VERTEX
8
CUT
10
188.8677
20
224.1199
0
VERTEX
8
CUT
10
188.8088
20
224.1202
0
VERTEX
8
CUT
10
188.5492
20
224.1213
0
VERTEX
8
CUT
10
187.7217
20
224.1248
0
VERTEX
8
CUT
10
187.1340
20
224.1364
0
VERTEX
8
CUT
10
186.6830
20
224.1837
0
VERTEX
8
CUT
10
186.1957
20
224.2998
0
VERTEX
8
CUT
10
185.9508
20
224.3454
0
VERTEX
8
CUT
10
185.7026
20
224.3664
0
VERTEX
8
CUT
10
184.6259
20
224.4037
0
VERTEX
8
CUT
10
184.6055
20
224.4049
0
VERTEX
8
CUT
10
184.5620
20
224.4112
0
VERTEX
8
CUT
10
184.5194
20
224.4222
0
VERTEX
8
CUT
10
184.5001
20
224.4289
0
VERTEX
8
CUT
10
183.7020
20
224.7305
0
VERTEX
8
CUT
10
183.6680
20
224.7434
0
VERTEX
8
CUT
10
183.6466
20
224.7515
0
VERTEX
8
CUT
10
183.6006
20
224.7689
0
VERTEX
8
CUT
10
183.5923
20
224.7720
0
VERTEX
8
CUT
10
183.5847
20
224.7749
0
VERTEX
8
CUT
10
183.3561
20
224.8489
0
VERTEX
8
CUT
10
183.1215
20
224.9006
0
VERTEX
8
CUT
10
182.8830
20
224.9296
0
VERTEX
8
CUT
10
181.9635
20
224.9968
0
VERTEX
8
CUT
10
181.9466
20
224.9984
0
VERTEX
8
CUT
10
181.9113
20
225.0042
0
VERTEX
8
CUT
10
181.9038
20
225.0069
0
VERTEX
8
CUT
10
181.8878
20
225.0140
0
VERTEX
8
CUT
10
177.6022
20
227.0330
0
VERTEX
8
CUT
10
176.6594
20
227.6869
0
VERTEX
8
CUT
10
174.8388
20
229.2797
0
VERTEX
8
CUT
10
173.4749
20
230.6719
0
VERTEX
8
CUT
10
173.3092
20
230.8510
0
VERTEX
8
CUT
10
173.1686
20
231.0029
0
VERTEX
8
CUT
10
173.1550
20
231.0184
0
VERTEX
8
CUT
10
173.1456
20
231.0312
0
VERTEX
8
CUT
10
172.9461
20
231.3568
0
VERTEX
8
CUT
10
172.1903
20
232.6557
0
VERTEX
8
CUT
10
171.4842
20
234.3406
0
VERTEX
8
CUT
10
171.4831
20
234.3497
0
VERTEX
8
CUT
10
171.4820
20
234.3669
0
VERTEX
8
CUT
10
171.4155
20
236.0936
0
VERTEX
8
CUT
10
171.4099
20
236.3286
0
VERTEX
8
CUT
10
171.3910
20
237.1340
0
VERTEX
8
CUT
10
171.3907
20
237.1452
0
VERTEX
8
CUT
10
171.3744
20
237.3773
0
VERTEX
8
CUT
10
171.3366
20
237.6068
0
VERTEX
8
CUT
10
171.3251
20
237.6509
0
VERTEX
8
CUT
10
171.3026
20
237.7703
0
VERTEX
8
CUT
10
171.2335
20
238.0064
0
VERTEX
8
CUT
10
171.1477
20
238.2539
0
VERTEX
8
CUT
10
171.1421
20
238.2714
0
VERTEX
8
CUT
10
171.1361
20
238.2965
0
VERTEX
8
CUT
10
171.1422
20
238.3202
0
VERTEX
8
CUT
10
171.1477
20
238.3368
0
VERTEX
8
CUT
10
171.2620
20
238.6537
0
VERTEX
8
CUT
10
171.3319
20
238.8805
0
VERTEX
8
CUT
10
171.3437
20
238.9376
0
VERTEX
8
CUT
10
171.3821
20
239.1109
0
VERTEX
8
CUT
10
171.4112
20
239.3427
0
VERTEX
8
CUT
10
171.4574
20
239.9331
0
VERTEX
8
CUT
10
171.4593
20
239.9512
0
VERTEX
8
CUT
10
171.4594
20
239.9519
0
VERTEX
8
CUT
10
171.4667
20
239.9675
0
VERTEX
8
CUT
10
172.2357
20
241.5215
0
VERTEX
8
CUT
10
172.8847
20
242.8050
0
VERTEX
8
CUT
10
172.8872
20
242.8098
0
VERTEX
8
CUT
10
172.9019
20
242.8319
0
VERTEX
8
CUT
10
172.9037
20
242.8344
0
VERTEX
8
CUT
10
172.9038
20
242.8345
0
VERTEX
8
CUT
10
172.9042
20
242.8350
0
VERTEX
8
CUT
10
172.9051
20
242.8361
0
VERTEX
8
CUT
10
172.9172
20
242.8512
0
VERTEX
8
CUT
10
174.6725
20
244.9025
0
VERTEX
8
CUT
10
175.2677
20
245.5124
0
VERTEX
8
CUT
10
177.4218
20
247.3567
0
VERTEX
8
CUT
10
177.4289
20
247.3613
0
VERTEX
8
CUT
10
177.6016
20
247.4635
0
VERTEX
8
CUT
10
178.6822
20
247.9920
0
VERTEX
8
CUT
10
178.9585
20
248.1496
0
VERTEX
8
CUT
10
180.6503
20
249.2633
0
VERTEX
8
CUT
10
180.6659
20
249.2724
0
VERTEX
8
CUT
10
180.6692
20
249.2744
0
VERTEX
8
CUT
10
180.6744
20
249.2774
0
VERTEX
8
CUT
10
180.7121
20
249.2995
0
VERTEX
8
CUT
10
180.7288
20
249.3080
0
VERTEX
8
CUT
10
180.7720
20
249.3239
0
VERTEX
8
CUT
10
180.7926
20
249.3296
0
VERTEX
8
CUT
10
181.1315
20
249.4124
0
VERTEX
8
CUT
10
181.3723
20
249.4842
0
VERTEX
8
CUT
10
181.6047
20
249.5799
0
VERTEX
8
CUT
10
181.6321
20
249.5928
0
VERTEX
8
CUT
10
185.1718
20
251.2625
0
VERTEX
8
CUT
10
185.1896
20
251.2703
0
VERTEX
8
CUT
10
185.2292
20
251.2842
0
VERTEX
8
CUT
10
185.2701
20
251.2939
0
VERTEX
8
CUT
10
185.2894
20
251.2969
0
VERTEX
8
CUT
10
185.6064
20
251.3380
0
VERTEX
8
CUT
10
185.8242
20
251.3761
0
VERTEX
8
CUT
10
186.0378
20
251.4332
0
VERTEX
8
CUT
10
186.2455
20
251.5090
0
VERTEX
8
CUT
10
186.4457
20
251.6029
0
VERTEX
8
CUT
10
186.8857
20
251.8335
0
VERTEX
8
CUT
10
186.8902
20
251.8358
0
VERTEX
8
CUT
10
186.9605
20
251.8661
0
VERTEX
8
CUT
10
186.9768
20
251.8720
0
VERTEX
8
CUT
10
193.6028
20
254.0975
0
VERTEX
8
CUT
10
193.7897
20
254.1687
0
VERTEX
8
CUT
10
193.9704
20
254.2546
0
VERTEX
8
CUT
10
194.6186
20
254.5955
0
VERTEX
8
CUT
10
194.6338
20
254.6030
0
VERTEX
8
CUT
10
194.6676
20
254.6171
0
VERTEX
8
CUT
10
194.7029
20
254.6247
0
VERTEX
8
CUT
10
194.7199
20
254.6272
0
VERTEX
8
CUT
10
195.0199
20
254.6640
0
VERTEX
8
CUT
10
195.0235
20
254.6645
0
VERTEX
8
CUT
10
195.2411
20
254.7010
0
VERTEX
8
CUT
10
195.4546
20
254.7566
0
VERTEX
8
CUT
10
195.6624
20
254.8308
0
VERTEX
8
CUT
10
195.8628
20
254.9230
0
VERTEX
8
CUT
10
196.8396
20
255.4258
0
VERTEX
8
CUT
10
196.8806
20
255.4455
0
VERTEX
8
CUT
10
196.9237
20
255.4627
0
VERTEX
8
CUT
10
200.8802
20
256.8899
0
VERTEX
8
CUT
10
201.1028
20
256.9826
0
VERTEX
8
CUT
10
201.9857
20
257.4011
0
VERTEX
8
CUT
10
202.8537
20
257.7330
0
VERTEX
8
CUT
10
203.0987
20
257.8421
0
VERTEX
8
CUT
10
205.3905
20
259.0136
0
VERTEX
8
CUT
10
205.3953
20
259.0159
0
VERTEX
8
CUT
10
205.4002
20
259.0179
0
VERTEX
8
CUT
10
205.4837
20
259.0459
0
VERTEX
8
CUT
10
205.5056
20
259.0511
0
VERTEX
8
CUT
10
205.5899
20
259.0685
0
VERTEX
8
CUT
10
205.6481
20
259.0837
0
VERTEX
8
CUT
10
205.6482
20
259.0837
0
VERTEX
8
CUT
10
205.6485
20
259.0838
0
VERTEX
8
CUT
10
205.8404
20
259.1338
0
VERTEX
8
CUT
10
205.8618
20
259.1419
0
VERTEX
8
CUT
10
205.8806
20
259.1470
0
VERTEX
8
CUT
10
206.1058
20
259.2323
0
VERTEX
8
CUT
10
206.3218
20
259.3390
0
VERTEX
8
CUT
10
210.8825
20
261.8710
0
VERTEX
8
CUT
10
210.8839
20
261.8718
0
VERTEX
8
CUT
10
211.0182
20
261.9520
0
VERTEX
8
CUT
10
211.6141
20
262.3334
0
VERTEX
8
CUT
10
212.2322
20
262.6826
0
VERTEX
8
CUT
10
212.4956
20
262.8540
0
VERTEX
8
CUT
10
212.9148
20
263.1660
0
VERTEX
8
CUT
10
213.9119
20
263.8043
0
VERTEX
8
CUT
10
214.1079
20
263.9435
0
VERTEX
8
CUT
10
214.1341
20
263.9640
0
VERTEX
8
CUT
10
214.1604
20
263.9828
0
VERTEX
8
CUT
10
216.8456
20
266.0921
0
VERTEX
8
CUT
10
218.5644
20
267.3715
0
VERTEX
8
CUT
10
218.8393
20
267.6091
0
VERTEX
8
CUT
10
219.0678
20
267.8375
0
VERTEX
8
CUT
10
219.1982
20
267.9399
0
VERTEX
8
CUT
10
219.4300
20
268.1465
0
VERTEX
8
CUT
10
219.4305
20
268.1470
0
VERTEX
8
CUT
10
219.4313
20
268.1477
0
VERTEX
8
CUT
10
222.5924
20
271.3373
0
VERTEX
8
CUT
10
222.7725
20
271.5400
0
VERTEX
8
CUT
10
222.7726
20
271.5400
0
VERTEX
8
CUT
10
222.8086
20
271.5852
0
VERTEX
8
CUT
10
222.8491
20
271.6290
0
VERTEX
8
CUT
10
222.9678
20
271.7785
0
VERTEX
8
CUT
10
223.0297
20
271.8630
0
VERTEX
8
CUT
10
224.7268
20
273.9948
0
VERTEX
8
CUT
10
224.8246
20
274.1261
0
VERTEX
8
CUT
10
227.1918
20
277.5359
0
VERTEX
8
CUT
10
227.3151
20
277.7323
0
VERTEX
8
CUT
10
227.4196
20
277.9393
0
VERTEX
8
CUT
10
228.7768
20
280.9681
0
VERTEX
8
CUT
10
228.8095
20
281.0354
0
VERTEX
8
CUT
10
228.8464
20
281.1005
0
VERTEX
8
CUT
10
229.2687
20
281.7942
0
VERTEX
8
CUT
10
229.3839
20
282.0057
0
VERTEX
8
CUT
10
229.4782
20
282.2274
0
VERTEX
8
CUT
10
229.5508
20
282.4571
0
VERTEX
8
CUT
10
229.6009
20
282.6927
0
VERTEX
8
CUT
10
229.6280
20
282.9320
0
VERTEX
8
CUT
10
229.6321
20
283.1728
0
VERTEX
8
CUT
10
229.6129
20
283.4129
0
VERTEX
8
CUT
10
229.5707
20
283.6501
0
VERTEX
8
CUT
10
229.5059
20
283.8821
0
VERTEX
8
CUT
10
229.4191
20
284.1068
0
VERTEX
8
CUT
10
229.3110
20
284.3220
0
VERTEX
8
CUT
10
229.1827
20
284.5259
0
VERTEX
8
CUT
10
229.0354
20
284.7165
0
VERTEX
8
CUT
10
228.8705
20
284.8920
0
VERTEX
8
CUT
10
228.6894
20
285.0508
0
VERTEX
8
CUT
10
228.4939
20
285.1915
0
VERTEX
8
CUT
10
228.2857
20
285.3127
0
VERTEX
8
CUT
10
228.0669
20
285.4133
0
VERTEX
8
CUT
10
227.8393
20
285.4924
0
VERTEX
8
CUT
10
227.6053
20
285.5492
0
VERTEX
8
CUT
10
227.3668
20
285.5832
0
VERTEX
8
CUT
10
227.3647
20
285.5834
0
VERTEX
8
CUT
10
224.2311
20
285.8774
0
VERTEX
8
CUT
10
224.1599
20
285.8831
0
VERTEX
8
CUT
10
215.7969
20
286.4275
0
VERTEX
8
CUT
10
215.7425
20
286.4304
0
VERTEX
8
CUT
10
209.0158
20
286.7212
0
VERTEX
8
CUT
10
209.0156
20
286.7212
0
VERTEX
8
CUT
10
206.6563
20
286.8232
0
VERTEX
8
CUT
10
206.6004
20
286.8249
0
VERTEX
8
CUT
10
186.2953
20
287.2478
0
VERTEX
8
CUT
10
186.2514
20
287.2483
0
VERTEX
8
CUT
10
172.1109
20
287.2940
0
VERTEX
8
CUT
10
171.8677
20
287.2830
0
VERTEX
8
CUT
10
171.6267
20
287.2483
0
VERTEX
8
CUT
10
171.3902
20
287.1903
0
VERTEX
8
CUT
10
171.1605
20
287.1097
0
VERTEX
8
CUT
10
170.9397
20
287.0070
0
VERTEX
8
CUT
10
170.7300
20
286.8834
0
VERTEX
8
CUT
10
170.5333
20
286.7400
0
VERTEX
8
CUT
10
170.3514
20
286.5781
0
VERTEX
8
CUT
10
170.1862
20
286.3992
0
VERTEX
8
CUT
10
170.0391
20
286.2052
0
VERTEX
8
CUT
10
169.9117
20
285.9978
0
VERTEX
8
CUT
10
169.8050
20
285.7789
0
VERTEX
8
CUT
10
169.7201
20
285.5507
0
VERTEX
8
CUT
10
169.6578
20
285.3154
0
VERTEX
8
CUT
10
169.6186
20
285.0751
0
VERTEX
8
CUT
10
169.6031
20
284.8321
0
VERTEX
8
CUT
10
169.6112
20
284.5888
0
VERTEX
8
CUT
10
169.6430
20
284.3474
0
VERTEX
8
CUT
10
169.6981
20
284.1103
0
VERTEX
8
CUT
10
169.9870
20
283.0945
0
VERTEX
8
CUT
10
170.0679
20
282.6681
0
VERTEX
8
CUT
10
170.0679
20
282.6544
0
VERTEX
8
CUT
10
170.0683
20
282.5668
0
VERTEX
8
CUT
10
170.0698
20
282.2545
0
VERTEX
8
CUT
10
170.0826
20
279.5828
0
VERTEX
8
CUT
10
169.8120
20
277.6214
0
VERTEX
8
CUT
10
169.8093
20
277.6042
0
VERTEX
8
CUT
10
169.8011
20
277.5692
0
VERTEX
8
CUT
10
169.8002
20
277.5662
0
VERTEX
8
CUT
10
169.7995
20
277.5641
0
VERTEX
8
CUT
10
169.7931
20
277.5468
0
VERTEX
8
CUT
10
169.7683
20
277.4844
0
VERTEX
8
CUT
10
168.7731
20
275.2269
0
VERTEX
8
CUT
10
168.6108
20
274.9044
0
VERTEX
8
CUT
10
168.0360
20
273.9749
0
VERTEX
8
CUT
10
167.8172
20
273.6734
0
VERTEX
8
CUT
10
167.7088
20
273.5241
0
VERTEX
8
CUT
10
167.6333
20
273.4201
0
VERTEX
8
CUT
10
167.2890
20
272.9455
0
VERTEX
8
CUT
10
166.8395
20
272.3791
0
VERTEX
8
CUT
10
165.2097
20
270.7326
0
VERTEX
8
CUT
10
164.8072
20
270.3261
0
VERTEX
8
CUT
10
164.6677
20
270.1852
0
VERTEX
8
CUT
10
164.5954
20
270.1121
0
VERTEX
8
CUT
10
161.6553
20
267.9897
0
VERTEX
8
CUT
10
161.5888
20
267.9450
0
VERTEX
8
CUT
10
161.5194
20
267.9049
0
VERTEX
8
CUT
10
157.7601
20
265.8964
0
VERTEX
8
CUT
10
148.6393
20
262.3104
0
VERTEX
8
CUT
10
148.4809
20
262.2398
0
VERTEX
8
CUT
10
148.4320
20
262.2181
0
VERTEX
8
CUT
10
145.3327
20
260.6754
0
VERTEX
8
CUT
10
145.1649
20
260.5810
0
VERTEX
8
CUT
10
144.8388
20
260.4177
0
VERTEX
8
CUT
10
144.6003
20
260.2813
0
VERTEX
8
CUT
10
141.2420
20
258.1079
0
VERTEX
8
CUT
10
140.9864
20
257.9465
0
VERTEX
8
CUT
10
140.9393
20
257.9120
0
VERTEX
8
CUT
10
140.8914
20
257.8810
0
VERTEX
8
CUT
10
140.6592
20
257.7110
0
VERTEX
8
CUT
10
139.1500
20
256.4665
0
VERTEX
8
CUT
10
138.9596
20
256.2922
0
VERTEX
8
CUT
10
138.7946
20
256.1247
0
VERTEX
8
CUT
10
138.7758
20
256.1088
0
VERTEX
8
CUT
10
138.5149
20
255.8532
0
VERTEX
8
CUT
10
138.4100
20
255.7343
0
VERTEX
8
CUT
10
137.4744
20
254.7846
0
VERTEX
8
CUT
10
137.2440
20
254.5150
0
VERTEX
8
CUT
10
136.7770
20
253.8824
0
VERTEX
8
CUT
10
136.2201
20
253.2508
0
VERTEX
8
CUT
10
136.0216
20
252.9937
0
VERTEX
8
CUT
10
135.0810
20
251.5970
0
VERTEX
8
CUT
10
135.0092
20
251.4738
0
VERTEX
8
CUT
10
134.9985
20
251.4580
0
VERTEX
8
CUT
10
134.9691
20
251.4051
0
VERTEX
8
CUT
10
134.9183
20
251.3181
0
VERTEX
8
CUT
10
134.8973
20
251.2760
0
VERTEX
8
CUT
10
134.8944
20
251.2709
0
VERTEX
8
CUT
10
133.7104
20
248.9086
0
VERTEX
8
CUT
10
133.5749
20
248.5827
0
VERTEX
8
CUT
10
133.1012
20
247.1692
0
VERTEX
8
CUT
10
133.0239
20
246.8836
0
VERTEX
8
CUT
10
132.6964
20
245.3079
0
VERTEX
8
CUT
10
132.6256
20
245.0452
0
VERTEX
8
CUT
10
132.5783
20
244.8334
0
VERTEX
8
CUT
10
132.5495
20
244.6182
0
VERTEX
8
CUT
10
132.5466
20
244.5570
0
VERTEX
8
CUT
10
132.5259
20
244.4231
0
VERTEX
8
CUT
10
132.5128
20
244.1675
0
VERTEX
8
CUT
10
132.5124
20
239.8113
0
VERTEX
8
CUT
10
132.5290
20
239.5858
0
VERTEX
8
CUT
10
132.5336
20
239.4587
0
VERTEX
8
CUT
10
132.5561
20
239.2640
0
VERTEX
8
CUT
10
132.7459
20
238.0420
0
VERTEX
8
CUT
10
132.8211
20
237.7094
0
VERTEX
8
CUT
10
132.8237
20
237.7009
0
VERTEX
8
CUT
10
133.5498
20
235.2729
0
VERTEX
8
CUT
10
133.6206
20
235.0687
0
VERTEX
8
CUT
10
133.7088
20
234.8713
0
VERTEX
8
CUT
10
135.4510
20
231.3863
0
VERTEX
8
CUT
10
135.5517
20
231.2042
0
VERTEX
8
CUT
10
135.6672
20
231.0312
0
VERTEX
8
CUT
10
136.9836
20
229.2258
0
VERTEX
8
CUT
10
136.9853
20
229.2236
0
VERTEX
8
CUT
10
137.1558
20
229.0145
0
VERTEX
8
CUT
10
139.9906
20
225.8976
0
VERTEX
8
CUT
10
140.1298
20
225.7562
0
VERTEX
8
CUT
10
140.1819
20
225.7110
0
VERTEX
8
CUT
10
140.2165
20
225.6760
0
VERTEX
8
CUT
10
140.3662
20
225.5469
0
VERTEX
8
CUT
10
144.2895
20
222.4233
0
VERTEX
8
CUT
10
144.4552
20
222.3022
0
VERTEX
8
CUT
10
144.4568
20
222.3011
0
VERTEX
8
CUT
10
147.6340
20
220.1725
0
VERTEX
8
CUT
10
147.8291
20
220.0543
0
VERTEX
8
CUT
10
159.5901
20
213.6447
0
VERTEX
8
CUT
10
159.6297
20
213.6221
0
VERTEX
8
CUT
10
159.6685
20
213.5980
0
VERTEX
8
CUT
10
164.3656
20
210.5505
0
VERTEX
8
CUT
10
164.4105
20
210.5195
0
VERTEX
8
CUT
10
164.4538
20
210.4862
0
VERTEX
8
CUT
10
164.6067
20
210.3620
0
VERTEX
8
CUT
10
169.1962
20
206.5881
0
VERTEX
8
CUT
10
172.0638
20
203.4758
0
VERTEX
8
CUT
10
172.4743
20
202.9795
0
VERTEX
8
CUT
10
172.6337
20
202.7868
0
VERTEX
8
CUT
10
173.0270
20
202.3113
0
VERTEX
8
CUT
10
173.1252
20
202.1926
0
VERTEX
8
CUT
10
174.7619
20
199.8776
0
VERTEX
8
CUT
10
174.7638
20
199.8747
0
VERTEX
8
CUT
10
174.7662
20
199.8709
0
VERTEX
8
CUT
10
174.7917
20
199.8287
0
VERTEX
8
CUT
10
174.8219
20
199.7728
0
VERTEX
8
CUT
10
176.6789
20
196.0602
0
VERTEX
8
CUT
10
176.7054
20
196.0036
0
VERTEX
8
CUT
10
176.7289
20
195.9456
0
VERTEX
8
CUT
10
177.5485
20
193.7610
0
VERTEX
8
CUT
10
177.5713
20
193.6943
0
VERTEX
8
CUT
10
177.5901
20
193.6264
0
VERTEX
8
CUT
10
178.1295
20
191.4281
0
VERTEX
8
CUT
10
178.1338
20
191.4085
0
VERTEX
8
CUT
10
178.1453
20
191.3226
0
VERTEX
8
CUT
10
178.1464
20
191.3026
0
VERTEX
8
CUT
10
178.1836
20
189.9313
0
VERTEX
8
CUT
10
178.1923
20
189.8448
0
VERTEX
8
CUT
10
178.2001
20
189.7370
0
VERTEX
8
CUT
10
178.2075
20
189.6919
0
VERTEX
8
CUT
10
178.2195
20
189.5716
0
VERTEX
8
CUT
10
178.4469
20
188.2616
0
VERTEX
8
CUT
10
178.4402
20
187.8609
0
VERTEX
8
CUT
10
178.4385
20
187.7590
0
VERTEX
8
CUT
10
178.4368
20
187.6584
0
VERTEX
8
CUT
10
178.4275
20
187.1010
0
VERTEX
8
CUT
10
178.4075
20
186.5076
0
VERTEX
8
CUT
10
178.4075
20
186.5075
0
VERTEX
8
CUT
10
178.4023
20
186.4878
0
VERTEX
8
CUT
10
178.2725
20
186.0371
0
VERTEX
8
CUT
10
178.2072
20
185.7462
0
VERTEX
8
CUT
10
178.1770
20
185.4496
0
VERTEX
8
CUT
10
178.1569
20
184.9703
0
VERTEX
8
CUT
10
177.9350
20
183.6654
0
VERTEX
8
CUT
10
176.9986
20
180.6304
0
VERTEX
8
CUT
10
176.9969
20
180.6254
0
VERTEX
8
CUT
10
176.9899
20
180.6079
0
VERTEX
8
CUT
10
176.9663
20
180.5561
0
VERTEX
8
CUT
10
176.5147
20
179.6508
0
VERTEX
8
CUT
10
176.1734
20
178.9729
0
VERTEX
8
CUT
10
176.1450
20
178.9205
0
VERTEX
8
CUT
10
176.1176
20
178.8767
0
VERTEX
8
CUT
10
174.4959
20
176.4599
0
VERTEX
8
CUT
10
174.4502
20
176.3966
0
VERTEX
8
CUT
10
174.3995
20
176.3354
0
VERTEX
8
CUT
10
172.5297
20
174.2261
0
VERTEX
8
CUT
10
170.4344
20
172.4644
0
VERTEX
8
CUT
10
169.0214
20
171.3985
0
VERTEX
8
CUT
10
165.1943
20
169.3504
0
VERTEX
8
CUT
10
165.1770
20
169.3417
0
VERTEX
8
CUT
10
165.1325
20
169.3235
0
VERTEX
8
CUT
10
165.1090
20
169.3147
0
VERTEX
8
CUT
10
165.0509
20
169.2952
0
VERTEX
8
CUT
10
161.3416
20
168.2073
0
VERTEX
8
CUT
10
159.4897
20
167.8141
0
VERTEX
8
CUT
10
156.2774
20
167.4490
0
VERTEX
8
CUT
10
155.7068
20
167.4052
0
VERTEX
8
CUT
10
155.6749
20
167.4028
0
VERTEX
8
CUT
10
154.9824
20
167.3497
0
VERTEX
8
CUT
10
154.7769
20
167.3339
0
VERTEX
8
CUT
10
149.3843
20
167.6127
0
VERTEX
8
CUT
10
149.2769
20
167.6194
0
VERTEX
8
CUT
10
149.2461
20
167.6240
0
VERTEX
8
CUT
10
149.2083
20
167.6334
0
VERTEX
8
CUT
10
149.1911
20
167.6390
0
VERTEX
8
CUT
10
148.9625
20
167.7200
0
VERTEX
8
CUT
10
148.7097
20
167.7947
0
VERTEX
8
CUT
10
148.4504
20
167.8424
0
VERTEX
8
CUT
10
148.1875
20
167.8626
0
VERTEX
8
CUT
10
148.1612
20
167.8632
0
VERTEX
8
CUT
10
146.7799
20
167.8960
0
VERTEX
8
CUT
10
146.7590
20
167.8970
0
VERTEX
8
CUT
10
146.7143
20
167.9031
0
VERTEX
8
CUT
10
146.6706
20
167.9142
0
VERTEX
8
CUT
10
146.6508
20
167.9210
0
VERTEX
8
CUT
10
146.4906
20
167.9811
0
VERTEX
8
CUT
10
146.2236
20
168.0646
0
VERTEX
8
CUT
10
145.9490
20
168.1178
0
VERTEX
8
CUT
10
145.6701
20
168.1399
0
VERTEX
8
CUT
10
144.2834
20
168.1722
0
VERTEX
8
CUT
10
144.2781
20
168.1724
0
VERTEX
8
CUT
10
144.1970
20
168.1808
0
VERTEX
8
CUT
10
144.1787
20
168.1839
0
VERTEX
8
CUT
10
143.3526
20
168.3448
0
VERTEX
8
CUT
10
143.1097
20
168.3798
0
VERTEX
8
CUT
10
143.1062
20
168.3799
0
VERTEX
8
CUT
10
143.1052
20
168.3801
0
VERTEX
8
CUT
10
142.8604
20
168.3910
0
VERTEX
8
CUT
10
141.4184
20
168.3849
0
VERTEX
8
CUT
10
136.8452
20
168.3661
0
VERTEX
8
CUT
10
136.5714
20
168.3499
0
VERTEX
8
CUT
10
136.5685
20
168.3494
0
VERTEX
8
CUT
10
136.5625
20
168.3490
0
VERTEX
8
CUT
10
136.2919
20
168.3029
0
VERTEX
8
CUT
10
133.3090
20
167.6235
0
VERTEX
8
CUT
10
133.3074
20
167.6231
0
VERTEX
8
CUT
10
133.2888
20
167.6189
0
VERTEX
8
CUT
10
133.0749
20
167.5601
0
VERTEX
8
CUT
10
132.8670
20
167.4826
0
VERTEX
8
CUT
10
131.2890
20
166.8134
0
VERTEX
8
CUT
10
131.0986
20
166.7230
0
VERTEX
8
CUT
10
130.9165
20
166.6169
0
VERTEX
8
CUT
10
130.8942
20
166.6025
0
VERTEX
8
CUT
10
130.8327
20
166.5752
0
VERTEX
8
CUT
10
130.5981
20
166.4559
0
VERTEX
8
CUT
10
130.3773
20
166.3125
0
VERTEX
8
CUT
10
129.9003
20
165.9658
0
VERTEX
8
CUT
10
129.8724
20
165.9479
0
VERTEX
8
CUT
10
129.6492
20
165.7870
0
VERTEX
8
CUT
10
129.6085
20
165.7501
0
VERTEX
8
CUT
10
129.4986
20
165.6630
0
VERTEX
8
CUT
10
129.3465
20
165.5202
0
VERTEX
8
CUT
10
128.0908
20
164.2387
0
VERTEX
8
CUT
10
127.9198
20
164.0451
0
VERTEX
8
CUT
10
127.7725
20
163.8389
0
VERTEX
8
CUT
10
127.7690
20
163.8340
0
VERTEX
8
CUT
10
127.6396
20
163.6081
0
VERTEX
8
CUT
10
127.2611
20
162.8597
0
VERTEX
8
CUT
10
127.1701
20
162.6580
0
VERTEX
8
CUT
10
127.0973
20
162.4491
0
VERTEX
8
CUT
10
127.0940
20
162.4360
0
VERTEX
8
CUT
10
127.0871
20
162.4160
0
VERTEX
8
CUT
10
127.0336
20
162.1998
0
VERTEX
8
CUT
10
126.9997
20
161.9797
0
VERTEX
8
CUT
10
126.9854
20
161.7574
0
VERTEX
8
CUT
10
126.9737
20
161.1544
0
VERTEX
8
CUT
10
126.9799
20
160.9227
0
VERTEX
8
CUT
10
127.0076
20
160.6925
0
VERTEX
8
CUT
10
127.0564
20
160.4659
0
VERTEX
8
CUT
10
127.1261
20
160.2448
0
VERTEX
8
CUT
10
127.1288
20
160.2375
0
VERTEX
8
CUT
10
127.3967
20
159.5070
0
VERTEX
8
CUT
10
127.4827
20
159.3014
0
VERTEX
8
CUT
10
127.5867
20
159.1042
0
VERTEX
8
CUT
10
127.7078
20
158.9171
0
VERTEX
8
CUT
10
128.1279
20
158.3275
0
VERTEX
8
CUT
10
128.2586
20
158.1598
0
VERTEX
8
CUT
10
128.4030
20
158.0037
0
VERTEX
8
CUT
10
128.6538
20
157.7548
0
VERTEX
8
CUT
10
128.6990
20
157.7061
0
VERTEX
8
CUT
10
128.9963
20
157.4150
0
VERTEX
8
CUT
10
129.4889
20
156.9262
0
VERTEX
8
CUT
10
129.6321
20
156.7948
0
VERTEX
8
CUT
10
129.6597
20
156.7731
0
VERTEX
8
CUT
10
129.6903
20
156.7453
0
VERTEX
8
CUT
10
129.8378
20
156.6302
0
VERTEX
8
CUT
10
134.2837
20
153.4222
0
VERTEX
8
CUT
10
134.3024
20
153.4083
0
VERTEX
8
CUT
10
134.3111
20
153.4018
0
VERTEX
8
CUT
10
134.3383
20
153.3803
0
VERTEX
8
CUT
10
137.3380
20
150.9345
0
VERTEX
8
CUT
10
137.3385
20
150.9341
0
VERTEX
8
CUT
10
137.3472
20
150.9257
0
VERTEX
8
CUT
10
138.8349
20
149.4096
0
VERTEX
8
CUT
10
139.1469
20
149.0895
0
VERTEX
8
CUT
10
139.1505
20
149.0857
0
VERTEX
8
CUT
10
139.1724
20
149.0575
0
VERTEX
8
CUT
10
139.1962
20
149.0188
0
VERTEX
8
CUT
10
139.2057
20
149.0000
0
VERTEX
8
CUT
10
139.2152
20
148.9796
0
VERTEX
8
CUT
10
139.2790
20
148.8280
0
VERTEX
8
CUT
10
139.2856
20
148.8112
0
VERTEX
8
CUT
10
139.2948
20
148.7812
0
VERTEX
8
CUT
10
139.2944
20
148.7796
0
VERTEX
8
CUT
10
139.2938
20
148.7771
0
VERTEX
8
CUT
10
139.2931
20
148.7746
0
VERTEX
8
CUT
10
139.2907
20
148.7654
0
VERTEX
8
CUT
10
139.2757
20
148.7428
0
VERTEX
8
CUT
10
139.2647
20
148.7285
0
VERTEX
8
CUT
10
139.1697
20
148.6119
0
VERTEX
8
CUT
10
139.1585
20
148.5988
0
VERTEX
8
CUT
10
139.1328
20
148.5726
0
VERTEX
8
CUT
10
139.0964
20
148.5674
0
VERTEX
8
CUT
10
139.0792
20
148.5661
0
VERTEX
8
CUT
10
137.9877
20
148.5114
0
VERTEX
8
CUT
10
137.9823
20
148.5112
0
VERTEX
8
CUT
10
137.9307
20
148.5129
0
VERTEX
8
CUT
10
137.9042
20
148.5162
0
VERTEX
8
CUT
10
137.8807
20
148.5206
0
VERTEX
8
CUT
10
134.5103
20
149.2393
0
VERTEX
8
CUT
10
134.2510
20
149.2805
0
VERTEX
8
CUT
10
133.9889
20
149.2943
0
VERTEX
8
CUT
10
132.3104
20
149.2943
0
VERTEX
8
CUT
10
132.0779
20
149.2835
0
VERTEX
8
CUT
10
131.8474
20
149.2511
0
VERTEX
8
CUT
10
131.6210
20
149.1974
0
VERTEX
8
CUT
10
131.2147
20
149.0808
0
VERTEX
8
CUT
10
131.2097
20
149.0795
0
VERTEX
8
CUT
10
131.1614
20
149.0697
0
VERTEX
8
CUT
10
131.1361
20
149.0668
0
VERTEX
8
CUT
10
131.1133
20
149.0655
0
VERTEX
8
CUT
10
130.3290
20
149.0412
0
VERTEX
8
CUT
10
130.0887
20
149.0221
0
VERTEX
8
CUT
10
129.8514
20
148.9800
0
VERTEX
8
CUT
10
129.6192
20
148.9152
0
VERTEX
8
CUT
10
129.3944
20
148.8283
0
VERTEX
8
CUT
10
129.1789
20
148.7202
0
VERTEX
8
CUT
10
128.9749
20
148.5919
0
VERTEX
8
CUT
10
128.7842
20
148.4445
0
VERTEX
8
CUT
10
128.6086
20
148.2794
0
VERTEX
8
CUT
10
128.4496
20
148.0982
0
VERTEX
8
CUT
10
128.3089
20
147.9025
0
VERTEX
8
CUT
10
128.1877
20
147.6942
0
VERTEX
8
CUT
10
128.0871
20
147.4752
0
VERTEX
8
CUT
10
128.0080
20
147.2475
0
VERTEX
8
CUT
10
127.9513
20
147.0132
0
VERTEX
8
CUT
10
127.9227
20
146.8644
0
VERTEX
8
CUT
10
127.8911
20
146.7576
0
VERTEX
8
CUT
10
127.8492
20
146.6544
0
VERTEX
8
CUT
10
127.7973
20
146.5557
0
VERTEX
8
CUT
10
127.7360
20
146.4627
0
VERTEX
8
CUT
10
127.6658
20
146.3761
0
VERTEX
8
CUT
10
127.5836
20
146.2928
0
VERTEX
8
CUT
10
127.5693
20
146.2796
0
VERTEX
8
CUT
10
127.5230
20
146.2392
0
VERTEX
8
CUT
10
125.7267
20
144.7462
0
VERTEX
8
CUT
10
125.5716
20
144.6060
0
VERTEX
8
CUT
10
125.4288
20
144.4533
0
VERTEX
8
CUT
10
123.8285
20
142.5918
0
VERTEX
8
CUT
10
123.6490
20
142.3560
0
VERTEX
8
CUT
10
123.4986
20
142.1006
0
VERTEX
8
CUT
10
123.1118
20
141.3445
0
VERTEX
8
CUT
10
123.0082
20
141.1138
0
VERTEX
8
CUT
10
122.9284
20
140.8738
0
VERTEX
8
CUT
10
122.7642
20
140.2816
0
VERTEX
8
CUT
10
122.8481
20
140.2563
0
VERTEX
8
CUT
10
122.9587
20
140.2104
0
VERTEX
8
CUT
10
123.0642
20
140.1537
0
SEQEND
0
POLYLINE
8
CUT
66
1
70
1
10
0.0
20
0.0
30
0.0
0
VERTEX
8
CUT
10
274.6045
20
228.7183
0
VERTEX
8
CUT
10
274.7785
20
228.6067
0
VERTEX
8
CUT
10
274.9490
20
228.5072
0
VERTEX
8
CUT
10
275.1147
20
228.4186
0
VERTEX
8
CUT
10
275.2866
20
228.3427
0
VERTEX
8
CUT
10
275.4072
20
228.2947
0
VERTEX
8
CUT
10
275.6357
20
228.2165
0
VERTEX
8
CUT
10
275.8707
20
228.1606
0
VERTEX
8
CUT
10
276.1100
20
228.1277
0
VERTEX
8
CUT
10
276.3513
20
228.1181
0
VERTEX
8
CUT
10
277.6707
20
228.1291
0
VERTEX
8
CUT
10
277.9022
20
228.1418
0
VERTEX
8
CUT
10
278.1315
20
228.1758
0
VERTEX
8
CUT
10
278.3567
20
228.2310
0
VERTEX
8
CUT
10
278.5758
20
228.3068
0
VERTEX
8
CUT
10
278.7870
20
228.4026
0
VERTEX
8
CUT
10
278.7932
20
228.4058
0
VERTEX
8
CUT
10
279.0414
20
228.5325
0
VERTEX
8
CUT
10
279.2712
20
228.6658
0
VERTEX
8
CUT
10
279.4856
20
228.8226
0
VERTEX
8
CUT
10
279.6822
20
229.0014
0
VERTEX
8
CUT
10
280.4172
20
229.7448
0
VERTEX
8
CUT
10
280.5849
20
229.9326
0
VERTEX
8
CUT
10
280.7330
20
230.1363
0
VERTEX
8
CUT
10
280.8598
20
230.3538
0
VERTEX
8
CUT
10
280.9640
20
230.5830
0
VERTEX
8
CUT
10
281.1532
20
231.0612
0
VERTEX
8
CUT
10
281.2298
20
231.2854
0
VERTEX
8
CUT
10
281.2848
20
231.5158
0
VERTEX
8
CUT
10
281.3178
20
231.7503
0
VERTEX
8
CUT
10
281.3284
20
231.9870
0
VERTEX
8
CUT
10
281.3267
20
232.6708
0
VERTEX
8
CUT
10
281.3137
20
232.9194
0
VERTEX
8
CUT
10
281.2760
20
233.1655
0
VERTEX
8
CUT
10
281.2140
20
233.4067
0
VERTEX
8
CUT
10
281.1283
20
233.6405
0
VERTEX
8
CUT
10
280.6848
20
234.6866
0
VERTEX
8
CUT
10
280.5839
20
234.8966
0
VERTEX
8
CUT
10
280.4640
20
235.0963
0
VERTEX
8
CUT
10
280.3260
20
235.2839
0
VERTEX
8
CUT
10
280.1711
20
235.4579
0
VERTEX
8
CUT
10
280.1692
20
235.4599
0
VERTEX
8
CUT
10
280.0172
20
235.6030
0
VERTEX
8
CUT
10
279.8537
20
235.7329
0
VERTEX
8
CUT
10
279.6800
20
235.8487
0
VERTEX
8
CUT
10
278.8306
20
236.3651
0
VERTEX
8
CUT
10
278.5834
20
236.4971
0
VERTEX
8
CUT
10
278.3230
20
236.6005
0
VERTEX
8
CUT
10
278.1060
20
236.6729
0
VERTEX
8
CUT
10
277.8535
20
236.7426
0
VERTEX
8
CUT
10
277.5952
20
236.7856
0
VERTEX
8
CUT
10
277.3338
20
236.8013
0
VERTEX
8
CUT
10
276.7594
20
236.8056
0
VERTEX
8
CUT
10
276.5198
20
236.7960
0
VERTEX
8
CUT
10
276.2823
20
236.7634
0
VERTEX
8
CUT
10
276.0490
20
236.7082
0
VERTEX
8
CUT
10
275.8221
20
236.6309
0
VERTEX
8
CUT
10
275.2294
20
236.3968
0
VERTEX
8
CUT
10
275.0063
20
236.2958
0
VERTEX
8
CUT
10
274.7942
20
236.1735
0
VERTEX
8
CUT
10
274.5951
20
236.0310
0
VERTEX
8
CUT
10
273.9265
20
235.5012
0
VERTEX
8
CUT
10
273.7207
20
235.3188
0
VERTEX
8
CUT
10
273.5361
20
235.1148
0
VERTEX
8
CUT
10
273.3750
20
234.8919
0
VERTEX
8
CUT
10
273.2395
20
234.6525
0
VERTEX
8
CUT
10
272.9104
20
233.9890
0
VERTEX
8
CUT
10
272.9075
20
233.9831
0
VERTEX
8
CUT
10
272.8148
20
233.7724
0
VERTEX
8
CUT
10
272.7419
20
233.5541
0
VERTEX
8
CUT
10
272.6894
20
233.3300
0
VERTEX
8
CUT
10
272.6578
20
233.1020
0
VERTEX
8
CUT
10
272.6472
20
232.8721
0
VERTEX
8
CUT
10
272.6474
20
231.7990
0
VERTEX
8
CUT
10
272.6585
20
231.5636
0
VERTEX
8
CUT
10
272.6918
20
231.3303
0
VERTEX
8
CUT
10
272.7469
20
231.1012
0
VERTEX
8
CUT
10
272.8233
20
230.8782
0
VERTEX
8
CUT
10
272.9203
20
230.6635
0
VERTEX
8
CUT
10
273.0488
20
230.4116
0
VERTEX
8
CUT
10
273.1821
20
230.1814
0
VERTEX
8
CUT
10
273.3392
20
229.9666
0
VERTEX
8
CUT
10
273.3980
20
229.9019
0
VERTEX
8
CUT
10
273.4948
20
229.7760
0
VERTEX
8
CUT
10
273.6519
20
229.6066
0
VERTEX
8
CUT
10
274.2870
20
228.9825
0
VERTEX
8
CUT
10
274.4403
20
228.8438
0
SEQEND
0
POLYLINE
8
CUT
66
1
70
1
10
0.0
20
0.0
30
0.0
0
VERTEX
8
CUT
10
266.8535
20
114.6119
0
VERTEX
8
CUT
10
267.0342
20
114.4979
0
VERTEX
8
CUT
10
267.1273
20
114.4446
0
VERTEX
8
CUT
10
267.3541
20
114.3296
0
VERTEX
8
CUT
10
267.5915
20
114.2383
0
VERTEX
8
CUT
10
267.9280
20
114.1280
0
VERTEX
8
CUT
10
268.1509
20
114.0663
0
VERTEX
8
CUT
10
268.3785
20
114.0254
0
VERTEX
8
CUT
10
268.6089
20
114.0057
0
VERTEX
8
CUT
10
268.9068
20
113.9941
0
VERTEX
8
CUT
10
269.0555
20
113.9928
0
VERTEX
8
CUT
10
269.8120
20
114.0083
0
VERTEX
8
CUT
10
270.0544
20
114.0251
0
VERTEX
8
CUT
10
270.2940
20
114.0653
0
VERTEX
8
CUT
10
270.5285
20
114.1286
0
VERTEX
8
CUT
10
270.6592
20
114.1708
0
VERTEX
8
CUT
10
270.9175
20
114.2703
0
VERTEX
8
CUT
10
271.1632
20
114.3977
0
VERTEX
8
CUT
10
271.3932
20
114.5514
0
VERTEX
8
CUT
10
272.0804
20
115.0678
0
VERTEX
8
CUT
10
272.2712
20
115.2266
0
VERTEX
8
CUT
10
272.4453
20
115.4035
0
VERTEX
8
CUT
10
272.5876
20
115.5802
0
VERTEX
8
CUT
10
272.6200
20
115.6103
0
VERTEX
8
CUT
10
272.7803
20
115.7904
0
VERTEX
8
CUT
10
272.9225
20
115.9852
0
VERTEX
8
CUT
10
273.0657
20
116.2027
0
VERTEX
8
CUT
10
273.2090
20
116.4499
0
VERTEX
8
CUT
10
273.3230
20
116.7117
0
VERTEX
8
CUT
10
273.4065
20
116.9849
0
VERTEX
8
CUT
10
273.5121
20
117.4172
0
VERTEX
8
CUT
10
273.5526
20
117.6190
0
VERTEX
8
CUT
10
273.5764
20
117.8234
0
VERTEX
8
CUT
10
273.5833
20
118.0290
0
VERTEX
8
CUT
10
273.5824
20
118.1514
0
VERTEX
8
CUT
10
273.5705
20
118.3767
0
VERTEX
8
CUT
10
273.5383
20
118.6000
0
VERTEX
8
CUT
10
273.4862
20
118.8195
0
VERTEX
8
CUT
10
273.1460
20
120.0098
0
VERTEX
8
CUT
10
273.0708
20
120.2326
0
VERTEX
8
CUT
10
272.9750
20
120.4474
0
VERTEX
8
CUT
10
272.8594
20
120.6522
0
VERTEX
8
CUT
10
272.7251
20
120.8453
0
VERTEX
8
CUT
10
272.7200
20
120.8521
0
VERTEX
8
CUT
10
272.3366
20
121.3513
0
VERTEX
8
CUT
10
272.3337
20
121.3551
0
VERTEX
8
CUT
10
272.3208
20
121.3701
0
VERTEX
8
CUT
10
272.1937
20
121.5212
0
VERTEX
8
CUT
10
272.1746
20
121.5402
0
VERTEX
8
CUT
10
272.1543
20
121.5638
0
VERTEX
8
CUT
10
272.0987
20
121.6157
0
VERTEX
8
CUT
10
272.0363
20
121.6778
0
VERTEX
8
CUT
10
271.9982
20
121.7095
0
VERTEX
8
CUT
10
271.9531
20
121.7516
0
VERTEX
8
CUT
10
271.9003
20
121.7910
0
VERTEX
8
CUT
10
271.8656
20
121.8198
0
VERTEX
8
CUT
10
271.8101
20
121.8582
0
VERTEX
8
CUT
10
271.7325
20
121.9161
0
VERTEX
8
CUT
10
271.6926
20
121.9395
0
VERTEX
8
CUT
10
271.6830
20
121.9461
0
VERTEX
8
CUT
10
271.6302
20
121.9760
0
VERTEX
8
CUT
10
271.4951
20
122.0553
0
VERTEX
8
CUT
10
270.8274
20
122.3990
0
VERTEX
8
CUT
10
270.6151
20
122.4961
0
VERTEX
8
CUT
10
270.5910
20
122.5045
0
VERTEX
8
CUT
10
270.5499
20
122.5231
0
VERTEX
8
CUT
10
270.3294
20
122.5990
0
VERTEX
8
CUT
10
270.1027
20
122.6541
0
VERTEX
8
CUT
10
269.8719
20
122.6879
0
VERTEX
8
CUT
10
269.6390
20
122.6999
0
VERTEX
8
CUT
10
268.8645
20
122.7039
0
VERTEX
8
CUT
10
268.6317
20
122.6942
0
VERTEX
8
CUT
10
268.4008
20
122.6629
0
VERTEX
8
CUT
10
268.1738
20
122.6103
0
VERTEX
8
CUT
10
268.1158
20
122.5910
0
VERTEX
8
CUT
10
268.1018
20
122.5877
0
VERTEX
8
CUT
10
267.8756
20
122.5112
0
VERTEX
8
CUT
10
267.6578
20
122.4136
0
VERTEX
8
CUT
10
266.9131
20
122.0360
0
VERTEX
8
CUT
10
266.6816
20
121.9026
0
VERTEX
8
CUT
10
266.4656
20
121.7453
0
VERTEX
8
CUT
10
266.2677
20
121.5658
0
VERTEX
8
CUT
10
266.2603
20
121.5584
0
VERTEX
8
CUT
10
265.7300
20
121.0231
0
VERTEX
8
CUT
10
265.5492
20
120.8195
0
VERTEX
8
CUT
10
265.3916
20
120.5975
0
VERTEX
8
CUT
10
265.2591
20
120.3597
0
VERTEX
8
CUT
10
265.1452
20
120.1262
0
VERTEX
8
CUT
10
265.1427
20
120.1212
0
VERTEX
8
CUT
10
265.0521
20
119.9116
0
VERTEX
8
CUT
10
264.9809
20
119.6946
0
VERTEX
8
CUT
10
264.9299
20
119.4719
0
VERTEX
8
CUT
10
264.8994
20
119.2456
0
VERTEX
8
CUT
10
264.8897
20
119.0174
0
VERTEX
8
CUT
10
264.8938
20
117.6827
0
VERTEX
8
CUT
10
264.9055
20
117.4485
0
VERTEX
8
CUT
10
264.9391
20
117.2165
0
VERTEX
8
CUT
10
264.9943
20
116.9886
0
VERTEX
8
CUT
10
265.0706
20
116.7669
0
VERTEX
8
CUT
10
265.1673
20
116.5533
0
VERTEX
8
CUT
10
265.2941
20
116.3050
0
VERTEX
8
CUT
10
265.4274
20
116.0752
0
VERTEX
8
CUT
10
265.5842
20
115.8608
0
VERTEX
8
CUT
10
265.6459
20
115.7930
0
VERTEX
8
CUT
10
265.7434
20
115.6663
0
VERTEX
8
CUT
10
265.9003
20
115.4972
0
VERTEX
8
CUT
10
266.5246
20
114.8839
0
VERTEX
8
CUT
10
266.6833
20
114.7409
0
SEQEND
0
POLYLINE
8
CUT
66
1
70
1
10
0.0
20
0.0
30
0.0
0
VERTEX
8
CUT
10
249.6959
20
277.8346
0
VERTEX
8
CUT
10
249.6839
20
277.5915
0
VERTEX
8
CUT
10
249.6956
20
277.3483
0
VERTEX
8
CUT
10
249.7309
20
277.1075
0
VERTEX
8
CUT
10
249.7895
20
276.8712
0
VERTEX
8
CUT
10
249.8708
20
276.6417
0
VERTEX
8
CUT
10
250.0344
20
276.2427
0
VERTEX
8
CUT
10
250.1406
20
276.0165
0
VERTEX
8
CUT
10
250.2689
20
275.8021
0
VERTEX
8
CUT
10
250.4180
20
275.6015
0
VERTEX
8
CUT
10
250.5863
20
275.4168
0
VERTEX
8
CUT
10
251.1858
20
274.8217
0
VERTEX
8
CUT
10
251.3702
20
274.6561
0
VERTEX
8
CUT
10
251.5701
20
274.5094
0
VERTEX
8
CUT
10
251.7835
20
274.3833
0
VERTEX
8
CUT
10
252.0083
20
274.2790
0
VERTEX
8
CUT
10
252.2424
20
274.1974
0
VERTEX
8
CUT
10
252.4834
20
274.1394
0
VERTEX
8
CUT
10
252.7290
20
274.1056
0
VERTEX
8
CUT
10
252.9767
20
274.0962
0
VERTEX
8
CUT
10
254.0156
20
274.1086
0
VERTEX
8
CUT
10
254.2643
20
274.1239
0
VERTEX
8
CUT
10
254.5103
20
274.1640
0
VERTEX
8
CUT
10
254.7511
20
274.2283
0
VERTEX
8
CUT
10
254.9842
20
274.3163
0
VERTEX
8
CUT
10
255.2075
20
274.4271
0
VERTEX
8
CUT
10
255.4186
20
274.5596
0
VERTEX
8
CUT
10
255.6154
20
274.7124
0
VERTEX
8
CUT
10
255.7961
20
274.8840
0
VERTEX
8
CUT
10
256.3516
20
275.4672
0
VERTEX
8
CUT
10
256.5068
20
275.6464
0
VERTEX
8
CUT
10
256.6443
20
275.8395
0
VERTEX
8
CUT
10
256.7629
20
276.0447
0
VERTEX
8
CUT
10
256.8615
20
276.2602
0
VERTEX
8
CUT
10
257.0528
20
276.7367
0
VERTEX
8
CUT
10
257.1300
20
276.9588
0
VERTEX
8
CUT
10
257.1861
20
277.1870
0
VERTEX
8
CUT
10
257.2204
20
277.4196
0
VERTEX
8
CUT
10
257.2327
20
277.6543
0
VERTEX
8
CUT
10
257.2338
20
277.8432
0
VERTEX
8
CUT
10
257.2226
20
278.0931
0
VERTEX
8
CUT
10
257.1866
20
278.3406
0
VERTEX
8
CUT
10
257.1260
20
278.5833
0
VERTEX
8
CUT
10
257.0415
20
278.8187
0
VERTEX
8
CUT
10
256.9338
20
279.0444
0
VERTEX
8
CUT
10
256.8042
20
279.2583
0
VERTEX
8
CUT
10
256.6538
20
279.4582
0
VERTEX
8
CUT
10
256.4842
20
279.6420
0
VERTEX
8
CUT
10
256.2009
20
279.9198
0
VERTEX
8
CUT
10
256.0254
20
280.0764
0
VERTEX
8
CUT
10
255.8360
20
280.2158
0
VERTEX
8
CUT
10
255.6343
20
280.3368
0
VERTEX
8
CUT
10
255.4222
20
280.4383
0
VERTEX
8
CUT
10
255.2014
20
280.5194
0
VERTEX
8
CUT
10
253.8837
20
280.9343
0
VERTEX
8
CUT
10
253.6427
20
280.9972
0
VERTEX
8
CUT
10
253.3967
20
281.0358
0
VERTEX
8
CUT
10
253.1481
20
281.0497
0
VERTEX
8
CUT
10
252.8994
20
281.0389
0
VERTEX
8
CUT
10
252.6529
20
281.0033
0
VERTEX
8
CUT
10
252.4112
20
280.9434
0
VERTEX
8
CUT
10
252.1767
20
280.8597
0
VERTEX
8
CUT
10
251.9516
20
280.7532
0
VERTEX
8
CUT
10
251.7383
20
280.6248
0
VERTEX
8
CUT
10
251.5388
20
280.4757
0
VERTEX
8
CUT
10
251.3551
20
280.3076
0
VERTEX
8
CUT
10
250.4062
20
279.3481
0
VERTEX
8
CUT
10
250.2437
20
279.1668
0
VERTEX
8
CUT
10
250.0996
20
278.9707
0
VERTEX
8
CUT
10
249.9752
20
278.7614
0
VERTEX
8
CUT
10
249.8717
20
278.5410
0
VERTEX
8
CUT
10
249.7902
20
278.3117
0
VERTEX
8
CUT
10
249.7314
20
278.0754
0
SEQEND
0
POLYLINE
8
CUT
66
1
70
1
10
0.0
20
0.0
30
0.0
0
VERTEX
8
CUT
10
246.6535
20
39.9132
0
VERTEX
8
CUT
10
246.8336
20
39.7697
0
VERTEX
8
CUT
10
246.8757
20
39.7392
0
VERTEX
8
CUT
10
247.0743
20
39.6093
0
VERTEX
8
CUT
10
247.2844
20
39.4988
0
VERTEX
8
CUT
10
247.5040
20
39.4087
0
VERTEX
8
CUT
10
248.3835
20
39.0958
0
VERTEX
8
CUT
10
248.5959
20
39.0307
0
VERTEX
8
CUT
10
248.8134
20
38.9847
0
VERTEX
8
CUT
10
249.0340
20
38.9582
0
VERTEX
8
CUT
10
249.2562
20
38.9514
0
VERTEX
8
CUT
10
249.9835
20
38.9615
0
VERTEX
8
CUT
10
250.2096
20
38.9749
0
VERTEX
8
CUT
10
250.4337
20
39.0087
0
VERTEX
8
CUT
10
250.6537
20
39.0627
0
VERTEX
8
CUT
10
250.8679
20
39.1364
0
VERTEX
8
CUT
10
251.0747
20
39.2291
0
VERTEX
8
CUT
10
251.3255
20
39.3557
0
VERTEX
8
CUT
10
251.5587
20
39.4895
0
VERTEX
8
CUT
10
251.7762
20
39.6477
0
VERTEX
8
CUT
10
251.9755
20
39.8282
0
VERTEX
8
CUT
10
252.5045
20
40.3622
0
VERTEX
8
CUT
10
252.6892
20
40.5707
0
VERTEX
8
CUT
10
252.8496
20
40.7984
0
VERTEX
8
CUT
10
252.9837
20
41.0426
0
VERTEX
8
CUT
10
253.2194
20
41.5351
0
VERTEX
8
CUT
10
253.3161
20
41.7665
0
VERTEX
8
CUT
10
253.3892
20
42.0064
0
VERTEX
8
CUT
10
253.4380
20
42.2524
0
VERTEX
8
CUT
10
253.4618
20
42.5020
0
VERTEX
8
CUT
10
253.4604
20
42.7528
0
VERTEX
8
CUT
10
253.4340
20
43.0022
0
VERTEX
8
CUT
10
253.4065
20
43.1774
0
VERTEX
8
CUT
10
253.4056
20
43.1889
0
VERTEX
8
CUT
10
253.3797
20
43.7374
0
VERTEX
8
CUT
10
253.3595
20
43.9577
0
VERTEX
8
CUT
10
253.3199
20
44.1753
0
VERTEX
8
CUT
10
253.2612
20
44.3885
0
VERTEX
8
CUT
10
253.1839
20
44.5957
0
VERTEX
8
CUT
10
253.0886
20
44.7953
0
VERTEX
8
CUT
10
252.8759
20
45.1944
0
VERTEX
8
CUT
10
252.7340
20
45.4287
0
VERTEX
8
CUT
10
252.5673
20
45.6461
0
VERTEX
8
CUT
10
252.3778
20
45.8440
0
VERTEX
8
CUT
10
252.2596
20
45.9546
0
VERTEX
8
CUT
10
252.0797
20
46.1076
0
VERTEX
8
CUT
10
251.8862
20
46.2430
0
VERTEX
8
CUT
10
251.6808
20
46.3595
0
VERTEX
8
CUT
10
251.4654
20
46.4561
0
VERTEX
8
CUT
10
250.2498
20
46.9335
0
VERTEX
8
CUT
10
250.2381
20
46.9380
0
VERTEX
8
CUT
10
250.0066
20
47.0161
0
VERTEX
8
CUT
10
249.7686
20
47.0712
0
VERTEX
8
CUT
10
249.5264
20
47.1029
0
VERTEX
8
CUT
10
249.2822
20
47.1107
0
VERTEX
8
CUT
10
249.1885
20
47.1091
0
VERTEX
8
CUT
10
248.9002
20
47.0875
0
VERTEX
8
CUT
10
248.8535
20
47.0785
0
VERTEX
8
CUT
10
248.8530
20
47.0785
0
VERTEX
8
CUT
10
248.8443
20
47.0768
0
VERTEX
8
CUT
10
248.6163
20
47.0328
0
VERTEX
8
CUT
10
248.5890
20
47.0259
0
VERTEX
8
CUT
10
248.5749
20
47.0231
0
VERTEX
8
CUT
10
248.4347
20
46.9868
0
VERTEX
8
CUT
10
248.3364
20
46.9619
0
VERTEX
8
CUT
10
248.1161
20
46.8951
0
VERTEX
8
CUT
10
247.9029
20
46.8083
0
VERTEX
8
CUT
10
247.6985
20
46.7023
0
VERTEX
8
CUT
10
247.5048
20
46.5779
0
VERTEX
8
CUT
10
247.3233
20
46.4363
0
VERTEX
8
CUT
10
247.1556
20
46.2785
0
VERTEX
8
CUT
10
246.0002
20
45.0865
0
VERTEX
8
CUT
10
245.9845
20
45.0685
0
VERTEX
8
CUT
10
245.9282
20
45.0107
0
VERTEX
8
CUT
10
245.7664
20
44.8271
0
VERTEX
8
CUT
10
245.6233
20
44.6287
0
VERTEX
8
CUT
10
245.5002
20
44.4172
0
VERTEX
8
CUT
10
245.3985
20
44.1947
0
VERTEX
8
CUT
10
245.3189
20
43.9633
0
VERTEX
8
CUT
10
245.2624
20
43.7252
0
VERTEX
8
CUT
10
245.2294
20
43.4828
0
VERTEX
8
CUT
10
245.2203
20
43.2383
0
VERTEX
8
CUT
10
245.2213
20
43.1555
0
VERTEX
8
CUT
10
245.2417
20
42.8646
0
VERTEX
8
CUT
10
245.2958
20
42.5781
0
VERTEX
8
CUT
10
245.4331
20
42.0288
0
VERTEX
8
CUT
10
245.5225
20
41.7447
0
VERTEX
8
CUT
10
245.6450
20
41.4732
0
VERTEX
8
CUT
10
245.7034
20
41.3620
0
VERTEX
8
CUT
10
246.0864
20
40.6324
0
VERTEX
8
CUT
10
246.2027
20
40.4337
0
VERTEX
8
CUT
10
246.3368
20
40.2466
0
VERTEX
8
CUT
10
246.4875
20
40.0726
0
SEQEND
0
POLYLINE
8
CUT
66
1
70
1
10
0.0
20
0.0
30
0.0
0
VERTEX
8
CUT
10
238.9108
20
73.5722
0
VERTEX
8
CUT
10
239.1224
20
73.4785
0
VERTEX
8
CUT
10
239.3417
20
73.4047
0
VERTEX
8
CUT
10
239.5669
20
73.3515
0
VERTEX
8
CUT
10
239.7961
20
73.3194
0
VERTEX
8
CUT
10
240.0272
20
73.3087
0
VERTEX
8
CUT
10
240.2720
20
73.3086
0
VERTEX
8
CUT
10
240.5028
20
73.3192
0
VERTEX
8
CUT
10
240.7317
20
73.3511
0
VERTEX
8
CUT
10
240.9566
20
73.4039
0
VERTEX
8
CUT
10
241.1757
20
73.4774
0
VERTEX
8
CUT
10
241.3871
20
73.5707
0
VERTEX
8
CUT
10
241.5553
20
73.6545
0
VERTEX
8
CUT
10
241.7827
20
73.7829
0
VERTEX
8
CUT
10
241.9955
20
73.9344
0
VERTEX
8
CUT
10
242.1913
20
74.1073
0
VERTEX
8
CUT
10
242.3680
20
74.2997
0
VERTEX
8
CUT
10
242.5236
20
74.5094
0
VERTEX
8
CUT
10
242.6565
20
74.7343
0
VERTEX
8
CUT
10
242.7653
20
74.9718
0
VERTEX
8
CUT
10
242.9318
20
75.3923
0
VERTEX
8
CUT
10
243.0086
20
75.6168
0
VERTEX
8
CUT
10
243.0638
20
75.8475
0
VERTEX
8
CUT
10
243.0969
20
76.0824
0
VERTEX
8
CUT
10
243.1075
20
76.3194
0
VERTEX
8
CUT
10
243.1073
20
76.3859
0
VERTEX
8
CUT
10
243.0958
20
76.6188
0
VERTEX
8
CUT
10
243.0627
20
76.8496
0
VERTEX
8
CUT
10
243.0082
20
77.0764
0
VERTEX
8
CUT
10
242.9328
20
77.2971
0
VERTEX
8
CUT
10
242.8372
20
77.5097
0
VERTEX
8
CUT
10
242.7153
20
77.7502
0
VERTEX
8
CUT
10
242.5819
20
77.9818
0
VERTEX
8
CUT
10
242.4245
20
78.1979
0
VERTEX
8
CUT
10
242.2450
20
78.3959
0
VERTEX
8
CUT
10
241.8565
20
78.7808
0
VERTEX
8
CUT
10
241.6729
20
78.9455
0
VERTEX
8
CUT
10
241.4740
20
79.0914
0
VERTEX
8
CUT
10
241.2617
20
79.2169
0
VERTEX
8
CUT
10
241.0380
20
79.3209
0
VERTEX
8
CUT
10
240.8052
20
79.4024
0
VERTEX
8
CUT
10
240.5655
20
79.4605
0
VERTEX
8
CUT
10
240.3212
20
79.4947
0
VERTEX
8
CUT
10
240.0748
20
79.5047
0
VERTEX
8
CUT
10
239.6376
20
79.5008
0
VERTEX
8
CUT
10
239.6374
20
79.5008
0
VERTEX
8
CUT
10
239.4010
20
79.4875
0
VERTEX
8
CUT
10
239.1669
20
79.4519
0
VERTEX
8
CUT
10
238.9372
20
79.3943
0
VERTEX
8
CUT
10
238.7140
20
79.3152
0
VERTEX
8
CUT
10
238.4992
20
79.2153
0
VERTEX
8
CUT
10
238.2949
20
79.0956
0
VERTEX
8
CUT
10
238.1028
20
78.9571
0
VERTEX
8
CUT
10
237.9247
20
78.8010
0
VERTEX
8
CUT
10
237.7622
20
78.6288
0
VERTEX
8
CUT
10
237.6167
20
78.4419
0
VERTEX
8
CUT
10
237.4344
20
78.1835
0
VERTEX
8
CUT
10
237.2991
20
77.9694
0
VERTEX
8
CUT
10
237.2982
20
77.9677
0
VERTEX
8
CUT
10
237.2981
20
77.9675
0
VERTEX
8
CUT
10
237.2660
20
77.9030
0
VERTEX
8
CUT
10
237.1861
20
77.7427
0
VERTEX
8
CUT
10
237.1859
20
77.7422
0
VERTEX
8
CUT
10
237.1852
20
77.7407
0
VERTEX
8
CUT
10
237.0958
20
77.5037
0
VERTEX
8
CUT
10
237.0297
20
77.2974
0
VERTEX
8
CUT
10
237.0292
20
77.2951
0
VERTEX
8
CUT
10
237.0269
20
77.2881
0
VERTEX
8
CUT
10
236.9594
20
77.0313
0
VERTEX
8
CUT
10
236.9195
20
76.7688
0
VERTEX
8
CUT
10
236.9077
20
76.5035
0
VERTEX
8
CUT
10
236.9096
20
76.2789
0
VERTEX
8
CUT
10
236.9240
20
76.0319
0
VERTEX
8
CUT
10
236.9627
20
75.7876
0
VERTEX
8
CUT
10
237.0254
20
75.5482
0
VERTEX
8
CUT
10
237.1114
20
75.3162
0
VERTEX
8
CUT
10
237.2199
20
75.0939
0
VERTEX
8
CUT
10
237.3499
20
74.8834
0
VERTEX
8
CUT
10
237.5001
20
74.6867
0
VERTEX
8
CUT
10
237.6689
20
74.5059
0
VERTEX
8
CUT
10
237.6740
20
74.5009
0
VERTEX
8
CUT
10
238.0575
20
74.1290
0
VERTEX
8
CUT
10
238.2498
20
73.9606
0
VERTEX
8
CUT
10
238.4583
20
73.8128
0
VERTEX
8
CUT
10
238.6808
20
73.6870
0
SEQEND
0
POLYLINE
8
CUT
66
1
70
1
10
0.0
20
0.0
30
0.0
0
VERTEX
8
CUT
10
40.3620
20
227.1689
0
VERTEX
8
CUT
10
40.4650
20
226.9679
0
VERTEX
8
CUT
10
40.6765
20
226.5974
0
VERTEX
8
CUT
10
41.5059
20
225.1251
0
VERTEX
8
CUT
10
41.6244
20
224.9350
0
VERTEX
8
CUT
10
41.7596
20
224.7563
0
VERTEX
8
CUT
10
41.7674
20
224.7477
0
VERTEX
8
CUT
10
41.8044
20
224.6991
0
VERTEX
8
CUT
10
41.9524
20
224.5365
0
VERTEX
8
CUT
10
43.3417
20
223.1393
0
VERTEX
8
CUT
10
43.5127
20
222.9826
0
VERTEX
8
CUT
10
43.6975
20
222.8424
0
VERTEX
8
CUT
10
44.9924
20
221.9514
0
VERTEX
8
CUT
10
45.1715
20
221.8391
0
VERTEX
8
CUT
10
45.3593
20
221.7423
0
VERTEX
8
CUT
10
45.5547
20
221.6617
0
VERTEX
8
CUT
10
45.6054
20
221.6433
0
VERTEX
8
CUT
10
45.8019
20
221.5586
0
VERTEX
8
CUT
10
46.0277
20
221.4896
0
VERTEX
8
CUT
10
48.0652
20
220.7483
0
VERTEX
8
CUT
10
48.3508
20
220.6633
0
VERTEX
8
CUT
10
48.6446
20
220.6128
0
VERTEX
8
CUT
10
48.7021
20
220.6065
0
VERTEX
8
CUT
10
48.7489
20
220.5990
0
VERTEX
8
CUT
10
50.9349
20
220.3589
0
VERTEX
8
CUT
10
51.2506
20
220.3443
0
VERTEX
8
CUT
10
51.2518
20
220.3443
0
VERTEX
8
CUT
10
54.8020
20
220.4051
0
VERTEX
8
CUT
10
55.0990
20
220.4279
0
VERTEX
8
CUT
10
56.3106
20
220.5941
0
VERTEX
8
CUT
10
56.5355
20
220.6355
0
VERTEX
8
CUT
10
56.7557
20
220.6973
0
VERTEX
8
CUT
10
56.9694
20
220.7789
0
VERTEX
8
CUT
10
57.1289
20
220.8484
0
VERTEX
8
CUT
10
57.1449
20
220.8550
0
VERTEX
8
CUT
10
57.1804
20
220.8666
0
VERTEX
8
CUT
10
57.2169
20
220.8716
0
VERTEX
8
CUT
10
57.2344
20
220.8727
0
VERTEX
8
CUT
10
58.0659
20
220.9075
0
VERTEX
8
CUT
10
58.0662
20
220.9076
0
VERTEX
8
CUT
10
58.3129
20
220.9302
0
VERTEX
8
CUT
10
58.5561
20
220.9771
0
VERTEX
8
CUT
10
65.9506
20
222.7874
0
VERTEX
8
CUT
10
66.0176
20
222.7969
0
VERTEX
8
CUT
10
66.0364
20
222.7981
0
VERTEX
8
CUT
10
67.1714
20
222.8438
0
VERTEX
8
CUT
10
67.4242
20
222.8669
0
VERTEX
8
CUT
10
67.6734
20
222.9155
0
VERTEX
8
CUT
10
67.7419
20
222.9325
0
VERTEX
8
CUT
10
69.8228
20
223.0885
0
VERTEX
8
CUT
10
74.1970
20
223.0706
0
VERTEX
8
CUT
10
74.2187
20
223.0696
0
VERTEX
8
CUT
10
74.2918
20
223.0617
0
VERTEX
8
CUT
10
75.4454
20
222.9010
0
VERTEX
8
CUT
10
78.3478
20
222.2505
0
VERTEX
8
CUT
10
78.4024
20
222.2368
0
VERTEX
8
CUT
10
78.4065
20
222.2356
0
VERTEX
8
CUT
10
78.4658
20
222.2158
0
VERTEX
8
CUT
10
80.6254
20
221.4310
0
VERTEX
8
CUT
10
83.7355
20
219.9922
0
VERTEX
8
CUT
10
83.7400
20
219.9900
0
VERTEX
8
CUT
10
83.7815
20
219.9669
0
VERTEX
8
CUT
10
83.8060
20
219.9517
0
VERTEX
8
CUT
10
84.1488
20
219.7235
0
VERTEX
8
CUT
10
85.5803
20
218.7616
0
VERTEX
8
CUT
10
88.3020
20
216.5722
0
VERTEX
8
CUT
10
90.1763
20
214.7114
0
VERTEX
8
CUT
10
90.6578
20
214.2249
0
VERTEX
8
CUT
10
92.0927
20
212.5106
0
VERTEX
8
CUT
10
92.1005
20
212.5012
0
VERTEX
8
CUT
10
92.1020
20
212.4993
0
VERTEX
8
CUT
10
92.1468
20
212.4368
0
VERTEX
8
CUT
10
92.1560
20
212.4220
0
VERTEX
8
CUT
10
94.1534
20
209.0724
0
VERTEX
8
CUT
10
94.1561
20
209.0676
0
VERTEX
8
CUT
10
94.1929
20
208.9924
0
VERTEX
8
CUT
10
94.2001
20
208.9748
0
VERTEX
8
CUT
10
95.5762
20
205.3627
0
VERTEX
8
CUT
10
95.5832
20
205.3427
0
VERTEX
8
CUT
10
95.5945
20
205.2985
0
VERTEX
8
CUT
10
95.6008
20
205.2533
0
VERTEX
8
CUT
10
95.6019
20
205.2321
0
VERTEX
8
CUT
10
95.6215
20
204.4257
0
VERTEX
8
CUT
10
95.6215
20
204.4080
0
VERTEX
8
CUT
10
95.6189
20
204.3700
0
VERTEX
8
CUT
10
95.6057
20
204.3344
0
VERTEX
8
CUT
10
95.5983
20
204.3182
0
VERTEX
8
CUT
10
95.4318
20
203.9731
0
VERTEX
8
CUT
10
95.4238
20
203.9575
0
VERTEX
8
CUT
10
95.4043
20
203.9252
0
VERTEX
8
CUT
10
95.3791
20
203.8971
0
VERTEX
8
CUT
10
95.3665
20
203.8849
0
VERTEX
8
CUT
10
94.5957
20
203.1714
0
VERTEX
8
CUT
10
94.5827
20
203.1599
0
VERTEX
8
CUT
10
94.5529
20
203.1371
0
VERTEX
8
CUT
10
94.5209
20
203.1170
0
VERTEX
8
CUT
10
94.5061
20
203.1090
0
VERTEX
8
CUT
10
92.9389
20
202.3153
0
VERTEX
8
CUT
10
92.9340
20
202.3129
0
VERTEX
8
CUT
10
92.8888
20
202.2945
0
VERTEX
8
CUT
10
92.8604
20
202.2885
0
VERTEX
8
CUT
10
92.8361
20
202.2850
0
VERTEX
8
CUT
10
92.3951
20
202.2314
0
VERTEX
8
CUT
10
92.1108
20
202.1800
0
VERTEX
8
CUT
10
91.8342
20
202.0961
0
VERTEX
8
CUT
10
90.0661
20
201.4462
0
VERTEX
8
CUT
10
90.0493
20
201.4405
0
VERTEX
8
CUT
10
90.0125
20
201.4308
0
VERTEX
8
CUT
10
89.9750
20
201.4246
0
VERTEX
8
CUT
10
89.9573
20
201.4229
0
VERTEX
8
CUT
10
89.4873
20
201.3900
0
VERTEX
8
CUT
10
89.2675
20
201.3648
0
VERTEX
8
CUT
10
89.0508
20
201.3203
0
VERTEX
8
CUT
10
88.8389
20
201.2568
0
VERTEX
8
CUT
10
88.6335
20
201.1748
0
VERTEX
8
CUT
10
87.4914
20
200.6594
0
VERTEX
8
CUT
10
87.2495
20
200.5340
0
VERTEX
8
CUT
10
87.0227
20
200.3830
0
VERTEX
8
CUT
10
86.8137
20
200.2082
0
VERTEX
8
CUT
10
86.6249
20
200.0116
0
VERTEX
8
CUT
10
85.6111
20
198.8337
0
VERTEX
8
CUT
10
85.5995
20
198.8209
0
VERTEX
8
CUT
10
85.5460
20
198.7692
0
VERTEX
8
CUT
10
85.5328
20
198.7581
0
VERTEX
8
CUT
10
84.4504
20
197.8884
0
VERTEX
8
CUT
10
84.2197
20
197.6781
0
VERTEX
8
CUT
10
82.6017
20
196.0060
0
VERTEX
8
CUT
10
82.4524
20
195.8370
0
VERTEX
8
CUT
10
82.3188
20
195.6553
0
VERTEX
8
CUT
10
82.2022
20
195.4622
0
VERTEX
8
CUT
10
80.5908
20
192.5002
0
VERTEX
8
CUT
10
80.4711
20
192.2474
0
VERTEX
8
CUT
10
80.3803
20
191.9828
0
VERTEX
8
CUT
10
80.0898
20
190.9503
0
VERTEX
8
CUT
10
80.0844
20
190.9329
0
VERTEX
8
CUT
10
80.0701
20
190.8963
0
VERTEX
8
CUT
10
80.0524
20
190.8612
0
VERTEX
8
CUT
10
80.0429
20
190.8455
0
VERTEX
8
CUT
10
79.5049
20
189.9989
0
VERTEX
8
CUT
10
79.4946
20
189.9835
0
VERTEX
8
CUT
10
79.4698
20
189.9520
0
VERTEX
8
CUT
10
79.4176
20
189.8975
0
VERTEX
8
CUT
10
79.4002
20
189.8794
0
VERTEX
8
CUT
10
79.2406
20
189.6960
0
VERTEX
8
CUT
10
79.0996
20
189.4979
0
VERTEX
8
CUT
10
78.9785
20
189.2871
0
VERTEX
8
CUT
10
78.8785
20
189.0656
0
VERTEX
8
CUT
10
78.8004
20
188.8353
0
VERTEX
8
CUT
10
78.7451
20
188.5986
0
VERTEX
8
CUT
10
78.7130
20
188.3576
0
VERTEX
8
CUT
10
78.7045
20
188.1147
0
VERTEX
8
CUT
10
78.7196
20
187.8720
0
VERTEX
8
CUT
10
78.7582
20
187.6320
0
VERTEX
8
CUT
10
78.8200
20
187.3969
0
VERTEX
8
CUT
10
78.9043
20
187.1688
0
VERTEX
8
CUT
10
79.0103
20
186.9501
0
VERTEX
8
CUT
10
79.1371
20
186.7427
0
VERTEX
8
CUT
10
79.2834
20
186.5485
0
VERTEX
8
CUT
10
80.2397
20
185.4006
0
VERTEX
8
CUT
10
81.0394
20
184.2757
0
VERTEX
8
CUT
10
81.1814
20
183.9373
0
VERTEX
8
CUT
10
81.2870
20
183.7165
0
VERTEX
8
CUT
10
81.4138
20
183.5071
0
VERTEX
8
CUT
10
81.5604
20
183.3111
0
VERTEX
8
CUT
10
81.7254
20
183.1304
0
VERTEX
8
CUT
10
81.9074
20
182.9667
0
VERTEX
8
CUT
10
82.1045
20
182.8216
0
VERTEX
8
CUT
10
82.3148
20
182.6964
0
VERTEX
8
CUT
10
82.5364
20
182.5924
0
VERTEX
8
CUT
10
82.7670
20
182.5105
0
VERTEX
8
CUT
10
83.0046
20
182.4516
0
VERTEX
8
CUT
10
83.2468
20
182.4163
0
VERTEX
8
CUT
10
83.4913
20
182.4047
0
VERTEX
8
CUT
10
83.7357
20
182.4172
0
VERTEX
8
CUT
10
83.9778
20
182.4535
0
VERTEX
8
CUT
10
84.2151
20
182.5132
0
VERTEX
8
CUT
10
84.4455
20
182.5959
0
VERTEX
8
CUT
10
84.6666
20
182.7008
0
VERTEX
8
CUT
10
84.6871
20
182.7130
0
VERTEX
8
CUT
10
84.6984
20
182.7183
0
VERTEX
8
CUT
10
84.9128
20
182.8465
0
VERTEX
8
CUT
10
85.1133
20
182.9955
0
VERTEX
8
CUT
10
85.2980
20
183.1637
0
VERTEX
8
CUT
10
87.7691
20
185.6517
0
VERTEX
8
CUT
10
89.6192
20
187.5018
0
VERTEX
8
CUT
10
89.6299
20
187.5091
0
VERTEX
8
CUT
10
89.6454
20
187.5181
0
VERTEX
8
CUT
10
90.3141
20
187.8863
0
VERTEX
8
CUT
10
90.4911
20
187.9935
0
VERTEX
8
CUT
10
90.6586
20
188.1150
0
VERTEX
8
CUT
10
90.6733
20
188.1265
0
VERTEX
8
CUT
10
90.6780
20
188.1299
0
VERTEX
8
CUT
10
92.4002
20
189.4879
0
VERTEX
8
CUT
10
92.4040
20
189.4908
0
VERTEX
8
CUT
10
92.4569
20
189.5268
0
VERTEX
8
CUT
10
96.2599
20
191.6992
0
VERTEX
8
CUT
10
96.2759
20
191.7079
0
VERTEX
8
CUT
10
96.3119
20
191.7240
0
VERTEX
8
CUT
10
96.3492
20
191.7365
0
VERTEX
8
CUT
10
96.3669
20
191.7410
0
VERTEX
8
CUT
10
96.6188
20
191.7992
0
VERTEX
8
CUT
10
96.8992
20
191.8815
0
VERTEX
8
CUT
10
97.1680
20
191.9959
0
VERTEX
8
CUT
10
98.9826
20
192.8969
0
VERTEX
8
CUT
10
98.9851
20
192.8981
0
VERTEX
8
CUT
10
99.1619
20
192.9950
0
VERTEX
8
CUT
10
100.7247
20
193.9350
0
VERTEX
8
CUT
10
100.7418
20
193.9447
0
VERTEX
8
CUT
10
100.7675
20
193.9567
0
VERTEX
8
CUT
10
100.7985
20
193.9640
0
VERTEX
8
CUT
10
100.8176
20
193.9670
0
VERTEX
8
CUT
10
101.1348
20
194.0081
0
VERTEX
8
CUT
10
101.3526
20
194.0462
0
VERTEX
8
CUT
10
101.5662
20
194.1033
0
VERTEX
8
CUT
10
101.7739
20
194.1791
0
VERTEX
8
CUT
10
101.9741
20
194.2730
0
VERTEX
8
CUT
10
101.9816
20
194.2770
0
VERTEX
8
CUT
10
102.4136
20
194.5033
0
VERTEX
8
CUT
10
102.4181
20
194.5056
0
VERTEX
8
CUT
10
102.4894
20
194.5363
0
VERTEX
8
CUT
10
102.5060
20
194.5422
0
VERTEX
8
CUT
10
105.7807
20
195.6343
0
VERTEX
8
CUT
10
105.8250
20
195.6481
0
VERTEX
8
CUT
10
105.8698
20
195.6602
0
VERTEX
8
CUT
10
109.1229
20
196.4702
0
VERTEX
8
CUT
10
109.1416
20
196.4743
0
VERTEX
8
CUT
10
109.2235
20
196.4861
0
VERTEX
8
CUT
10
109.2426
20
196.4873
0
VERTEX
8
CUT
10
110.2727
20
196.5288
0
VERTEX
8
CUT
10
110.2978
20
196.5298
0
VERTEX
8
CUT
10
110.5181
20
196.5485
0
VERTEX
8
CUT
10
110.7358
20
196.5865
0
VERTEX
8
CUT
10
110.9493
20
196.6436
0
VERTEX
8
CUT
10
111.1733
20
196.7143
0
VERTEX
8
CUT
10
111.1912
20
196.7194
0
VERTEX
8
CUT
10
111.2303
20
196.7276
0
VERTEX
8
CUT
10
111.2700
20
196.7319
0
VERTEX
8
CUT
10
111.2886
20
196.7325
0
VERTEX
8
CUT
10
115.6626
20
196.7716
0
VERTEX
8
CUT
10
115.7476
20
196.7693
0
VERTEX
8
CUT
10
115.8322
20
196.7610
0
VERTEX
8
CUT
10
119.8632
20
196.2180
0
VERTEX
8
CUT
10
119.8807
20
196.2152
0
VERTEX
8
CUT
10
119.9550
20
196.1980
0
VERTEX
8
CUT
10
119.9719
20
196.1928
0
VERTEX
8
CUT
10
122.4240
20
195.3752
0
VERTEX
8
CUT
10
122.4454
20
195.3673
0
VERTEX
8
CUT
10
122.5346
20
195.3249
0
VERTEX
8
CUT
10
122.5543
20
195.3133
0
VERTEX
8
CUT
10
125.6308
20
193.3612
0
VERTEX
8
CUT
10
125.6733
20
193.3330
0
VERTEX
8
CUT
10
125.7145
20
193.3029
0
VERTEX
8
CUT
10
127.9214
20
191.6219
0
VERTEX
8
CUT
10
127.9529
20
191.5971
0
VERTEX
8
CUT
10
127.9835
20
191.5712
0
VERTEX
8
CUT
10
131.0195
20
188.9184
0
VERTEX
8
CUT
10
131.2378
20
188.7480
0
VERTEX
8
CUT
10
135.3880
20
185.8637
0
VERTEX
8
CUT
10
135.5674
20
185.7500
0
VERTEX
8
CUT
10
135.7558
20
185.6519
0
VERTEX
8
CUT
10
140.0658
20
183.6366
0
VERTEX
8
CUT
10
140.2899
20
183.5448
0
VERTEX
8
CUT
10
140.5219
20
183.4750
0
VERTEX
8
CUT
10
144.4727
20
182.4933
0
VERTEX
8
CUT
10
144.7401
20
182.4421
0
VERTEX
8
CUT
10
145.0115
20
182.4203
0
VERTEX
8
CUT
10
146.5804
20
182.3802
0
VERTEX
8
CUT
10
146.5991
20
182.3792
0
VERTEX
8
CUT
10
146.6794
20
182.3691
0
VERTEX
8
CUT
10
146.6978
20
182.3654
0
VERTEX
8
CUT
10
147.3965
20
182.2054
0
VERTEX
8
CUT
10
147.6410
20
182.1621
0
VERTEX
8
CUT
10
147.8885
20
182.1433
0
VERTEX
8
CUT
10
148.1367
20
182.1491
0
VERTEX
8
CUT
10
151.6926
20
182.4091
0
VERTEX
8
CUT
10
151.9456
20
182.4407
0
VERTEX
8
CUT
10
152.1941
20
182.4978
0
VERTEX
8
CUT
10
155.6252
20
183.4736
0
VERTEX
8
CUT
10
155.8460
20
183.5477
0
VERTEX
8
CUT
10
156.0590
20
183.6420
0
VERTEX
8
CUT
10
157.3505
20
184.2875
0
VERTEX
8
CUT
10
157.6378
20
184.4559
0
VERTEX
8
CUT
10
159.0523
20
185.4169
0
VERTEX
8
CUT
10
159.2455
20
185.5623
0
VERTEX
8
CUT
10
159.4237
20
185.7256
0
VERTEX
8
CUT
10
160.3104
20
186.6210
0
VERTEX
8
CUT
10
160.4591
20
186.7851
0
VERTEX
8
CUT
10
160.5927
20
186.9617
0
VERTEX
8
CUT
10
160.7102
20
187.1494
0
VERTEX
8
CUT
10
161.7584
20
189.0027
0
VERTEX
8
CUT
10
161.8661
20
189.2165
0
VERTEX
8
CUT
10
161.9529
20
189.4396
0
VERTEX
8
CUT
10
162.0180
20
189.6700
0
VERTEX
8
CUT
10
162.1405
20
190.1998
0
VERTEX
8
CUT
10
162.1887
20
190.4797
0
VERTEX
8
CUT
10
162.2048
20
190.7632
0
VERTEX
8
CUT
10
162.2048
20
192.4240
0
VERTEX
8
CUT
10
162.1952
20
192.6438
0
VERTEX
8
CUT
10
162.1662
20
192.8620
0
VERTEX
8
CUT
10
162.1182
20
193.0767
0
VERTEX
8
CUT
10
161.7451
20
194.4561
0
VERTEX
8
CUT
10
161.6682
20
194.6929
0
VERTEX
8
CUT
10
161.5682
20
194.9209
0
VERTEX
8
CUT
10
161.2359
20
195.5859
0
VERTEX
8
CUT
10
161.1231
20
195.7876
0
VERTEX
8
CUT
10
160.9922
20
195.9781
0
VERTEX
8
CUT
10
159.4016
20
198.0777
0
VERTEX
8
CUT
10
159.2412
20
198.2689
0
VERTEX
8
CUT
10
159.0625
20
198.4431
0
VERTEX
8
CUT
10
156.5540
20
200.6554
0
VERTEX
8
CUT
10
156.3999
20
200.7807
0
VERTEX
8
CUT
10
156.2364
20
200.8934
0
VERTEX
8
CUT
10
154.2827
20
202.1286
0
VERTEX
8
CUT
10
154.0666
20
202.2507
0
VERTEX
8
CUT
10
151.0051
20
203.7846
0
VERTEX
8
CUT
10
150.8141
20
203.8705
0
VERTEX
8
CUT
10
148.1734
20
204.9273
0
VERTEX
8
CUT
10
148.0150
20
204.9846
0
VERTEX
8
CUT
10
140.1695
20
207.5260
0
VERTEX
8
CUT
10
140.1645
20
207.5277
0
VERTEX
8
CUT
10
140.0900
20
207.5586
0
VERTEX
8
CUT
10
140.0735
20
207.5667
0
VERTEX
8
CUT
10
139.4041
20
207.9157
0
VERTEX
8
CUT
10
139.2296
20
207.9982
0
VERTEX
8
CUT
10
139.0493
20
208.0671
0
VERTEX
8
CUT
10
135.7554
20
209.1812
0
VERTEX
8
CUT
10
135.6915
20
209.2049
0
VERTEX
8
CUT
10
135.6291
20
209.2322
0
VERTEX
8
CUT
10
130.4117
20
211.6917
0
VERTEX
8
CUT
10
130.3738
20
211.7104
0
VERTEX
8
CUT
10
130.3365
20
211.7305
0
VERTEX
8
CUT
10
127.9306
20
213.0811
0
VERTEX
8
CUT
10
127.8736
20
213.1152
0
VERTEX
8
CUT
10
127.8186
20
213.1524
0
VERTEX
8
CUT
10
123.9486
20
215.9324
0
VERTEX
8
CUT
10
123.9014
20
215.9680
0
VERTEX
8
CUT
10
123.8561
20
216.0060
0
VERTEX
8
CUT
10
121.1789
20
218.3639
0
VERTEX
8
CUT
10
121.1275
20
218.4119
0
VERTEX
8
CUT
10
121.0791
20
218.4628
0
VERTEX
8
CUT
10
118.1534
20
221.7270
0
VERTEX
8
CUT
10
118.1007
20
221.7900
0
VERTEX
8
CUT
10
118.0524
20
221.8566
0
VERTEX
8
CUT
10
115.8629
20
225.1073
0
VERTEX
8
CUT
10
115.8224
20
225.1718
0
VERTEX
8
CUT
10
115.7861
20
225.2388
0
VERTEX
8
CUT
10
114.4560
20
227.8915
0
VERTEX
8
CUT
10
114.4483
20
227.9077
0
VERTEX
8
CUT
10
114.4204
20
227.9798
0
VERTEX
8
CUT
10
114.4151
20
227.9969
0
VERTEX
8
CUT
10
114.1147
20
229.0637
0
VERTEX
8
CUT
10
114.0306
20
229.3117
0
VERTEX
8
CUT
10
113.9210
20
229.5496
0
VERTEX
8
CUT
10
113.6173
20
230.1273
0
VERTEX
8
CUT
10
113.6075
20
230.1474
0
VERTEX
8
CUT
10
113.5729
20
230.2379
0
VERTEX
8
CUT
10
113.5668
20
230.2594
0
VERTEX
8
CUT
10
112.7501
20
233.5230
0
VERTEX
8
CUT
10
112.7458
20
233.5421
0
VERTEX
8
CUT
10
112.7339
20
233.6260
0
VERTEX
8
CUT
10
112.7327
20
233.6455
0
VERTEX
8
CUT
10
112.6795
20
235.0956
0
VERTEX
8
CUT
10
112.6633
20
235.3031
0
VERTEX
8
CUT
10
112.6298
20
235.5085
0
VERTEX
8
CUT
10
112.4517
20
236.3732
0
VERTEX
8
CUT
10
112.4485
20
236.3906
0
VERTEX
8
CUT
10
112.4402
20
236.4662
0
VERTEX
8
CUT
10
112.4395
20
236.4839
0
VERTEX
8
CUT
10
112.3952
20
239.2995
0
VERTEX
8
CUT
10
112.3952
20
239.3371
0
VERTEX
8
CUT
10
112.3964
20
239.3747
0
VERTEX
8
CUT
10
112.4789
20
241.1185
0
VERTEX
8
CUT
10
112.4842
20
241.1874
0
VERTEX
8
CUT
10
112.4935
20
241.2559
0
VERTEX
8
CUT
10
112.9947
20
244.2976
0
VERTEX
8
CUT
10
113.0036
20
244.3454
0
VERTEX
8
CUT
10
113.0144
20
244.3927
0
VERTEX
8
CUT
10
113.8280
20
247.6498
0
VERTEX
8
CUT
10
113.8417
20
247.7003
0
VERTEX
8
CUT
10
113.8577
20
247.7502
0
VERTEX
8
CUT
10
115.9388
20
253.7750
0
VERTEX
8
CUT
10
116.0171
20
254.0526
0
VERTEX
8
CUT
10
116.5003
20
256.2428
0
VERTEX
8
CUT
10
116.5376
20
256.4546
0
VERTEX
8
CUT
10
116.5565
20
256.6687
0
VERTEX
8
CUT
10
116.5966
20
257.5584
0
VERTEX
8
CUT
10
116.5978
20
257.5759
0
VERTEX
8
CUT
10
116.6030
20
257.6132
0
VERTEX
8
CUT
10
116.6150
20
257.6488
0
VERTEX
8
CUT
10
116.6218
20
257.6650
0
VERTEX
8
CUT
10
116.6475
20
257.7227
0
VERTEX
8
CUT
10
116.7470
20
257.9853
0
VERTEX
8
CUT
10
116.8165
20
258.2574
0
VERTEX
8
CUT
10
116.8550
20
258.5355
0
VERTEX
8
CUT
10
117.1129
20
261.6928
0
VERTEX
8
CUT
10
117.1204
20
261.9599
0
VERTEX
8
CUT
10
117.0993
20
262.2263
0
VERTEX
8
CUT
10
116.5635
20
266.2509
0
VERTEX
8
CUT
10
116.5107
20
266.5273
0
VERTEX
8
CUT
10
116.0102
20
268.5293
0
VERTEX
8
CUT
10
115.9337
20
268.7791
0
VERTEX
8
CUT
10
114.9044
20
271.6026
0
VERTEX
8
CUT
10
114.7906
20
271.8664
0
VERTEX
8
CUT
10
113.2890
20
274.8627
0
VERTEX
8
CUT
10
113.1318
20
275.1329
0
VERTEX
8
CUT
10
111.5868
20
277.4419
0
VERTEX
8
CUT
10
111.4715
20
277.6004
0
VERTEX
8
CUT
10
109.6457
20
279.9141
0
VERTEX
8
CUT
10
109.4929
20
280.0901
0
VERTEX
8
CUT
10
107.8765
20
281.7862
0
VERTEX
8
CUT
10
107.8118
20
281.8517
0
VERTEX
8
CUT
10
105.4474
20
284.1563
0
VERTEX
8
CUT
10
105.2880
20
284.2989
0
VERTEX
8
CUT
10
102.7250
20
286.4014
0
VERTEX
8
CUT
10
102.7243
20
286.4006
0
VERTEX
8
CUT
10
102.5449
20
286.5394
0
VERTEX
8
CUT
10
102.3228
20
286.6769
0
VERTEX
8
CUT
10
102.0875
20
286.7904
0
VERTEX
8
CUT
10
101.8417
20
286.8788
0
VERTEX
8
CUT
10
101.5880
20
286.9410
0
VERTEX
8
CUT
10
101.3292
20
286.9764
0
VERTEX
8
CUT
10
101.0681
20
286.9846
0
VERTEX
8
CUT
10
93.3996
20
286.8249
0
VERTEX
8
CUT
10
93.3437
20
286.8232
0
VERTEX
8
CUT
10
84.2823
20
286.4318
0
VERTEX
8
CUT
10
84.2279
20
286.4288
0
VERTEX
8
CUT
10
75.8402
20
285.8831
0
VERTEX
8
CUT
10
75.7689
20
285.8774
0
VERTEX
8
CUT
10
68.0375
20
285.1518
0
VERTEX
8
CUT
10
67.9465
20
285.1416
0
VERTEX
8
CUT
10
63.0574
20
284.5013
0
VERTEX
8
CUT
10
62.8174
20
284.4579
0
VERTEX
8
CUT
10
62.5828
20
284.3913
0
VERTEX
8
CUT
10
62.3557
20
284.3021
0
VERTEX
8
CUT
10
62.1385
20
284.1913
0
VERTEX
8
CUT
10
61.9331
20
284.0598
0
VERTEX
8
CUT
10
61.7414
20
283.9089
0
VERTEX
8
CUT
10
61.5654
20
283.7400
0
VERTEX
8
CUT
10
61.4067
20
283.5548
0
VERTEX
8
CUT
10
61.2668
20
283.3550
0
VERTEX
8
CUT
10
61.1470
20
283.1425
0
VERTEX
8
CUT
10
61.0485
20
282.9194
0
VERTEX
8
CUT
10
60.9722
20
282.6877
0
VERTEX
8
CUT
10
60.9188
20
282.4497
0
VERTEX
8
CUT
10
60.8889
20
282.2076
0
VERTEX
8
CUT
10
60.8827
20
281.9638
0
VERTEX
8
CUT
10
60.9004
20
281.7205
0
VERTEX
8
CUT
10
60.9416
20
281.4801
0
VERTEX
8
CUT
10
61.0061
20
281.2449
0
VERTEX
8
CUT
10
61.0932
20
281.0170
0
VERTEX
8
CUT
10
61.2020
20
280.7988
0
VERTEX
8
CUT
10
61.3317
20
280.5922
0
VERTEX
8
CUT
10
61.4808
20
280.3992
0
VERTEX
8
CUT
10
61.9263
20
279.8774
0
VERTEX
8
CUT
10
62.0688
20
279.7240
0
VERTEX
8
CUT
10
65.8285
20
276.0026
0
VERTEX
8
CUT
10
66.0648
20
275.7963
0
VERTEX
8
CUT
10
68.1540
20
274.1925
0
VERTEX
8
CUT
10
68.3462
20
274.0588
0
VERTEX
8
CUT
10
70.3877
20
272.7758
0
VERTEX
8
CUT
10
70.5987
20
272.6571
0
VERTEX
8
CUT
10
75.1391
20
270.3838
0
VERTEX
8
CUT
10
75.3279
20
270.2988
0
VERTEX
8
CUT
10
75.5231
20
270.2298
0
VERTEX
8
CUT
10
75.7233
20
270.1772
0
VERTEX
8
CUT
10
75.9438
20
270.1289
0
VERTEX
8
CUT
10
75.9641
20
270.1238
0
VERTEX
8
CUT
10
76.0497
20
270.0948
0
VERTEX
8
CUT
10
76.0688
20
270.0865
0
VERTEX
8
CUT
10
80.6554
20
267.9369
0
VERTEX
8
CUT
10
80.7225
20
267.9028
0
VERTEX
8
CUT
10
80.7874
20
267.8646
0
VERTEX
8
CUT
10
85.2193
20
265.0575
0
VERTEX
8
CUT
10
85.2235
20
265.0548
0
VERTEX
8
CUT
10
85.2845
20
265.0094
0
VERTEX
8
CUT
10
85.2978
20
264.9982
0
VERTEX
8
CUT
10
87.9754
20
262.6388
0
VERTEX
8
CUT
10
88.0301
20
262.5875
0
VERTEX
8
CUT
10
88.0815
20
262.5328
0
VERTEX
8
CUT
10
90.4167
20
259.8840
0
VERTEX
8
CUT
10
90.4657
20
259.8247
0
VERTEX
8
CUT
10
90.5107
20
259.7624
0
VERTEX
8
CUT
10
92.2000
20
257.2585
0
VERTEX
8
CUT
10
92.2293
20
257.2130
0
VERTEX
8
CUT
10
92.2564
20
257.1661
0
VERTEX
8
CUT
10
93.8816
20
254.2106
0
VERTEX
8
CUT
10
93.8838
20
254.2064
0
VERTEX
8
CUT
10
93.9138
20
254.1413
0
VERTEX
8
CUT
10
93.9198
20
254.1261
0
VERTEX
8
CUT
10
94.2114
20
253.3372
0
VERTEX
8
CUT
10
94.2132
20
253.3320
0
VERTEX
8
CUT
10
94.2263
20
253.2847
0
VERTEX
8
CUT
10
94.2290
20
253.2555
0
VERTEX
8
CUT
10
94.2297
20
253.2308
0
VERTEX
8
CUT
10
94.2408
20
249.8738
0
VERTEX
8
CUT
10
94.2403
20
249.8531
0
VERTEX
8
CUT
10
94.2308
20
249.7645
0
VERTEX
8
CUT
10
94.2269
20
249.7443
0
VERTEX
8
CUT
10
93.6673
20
247.1977
0
VERTEX
8
CUT
10
93.6660
20
247.1923
0
VERTEX
8
CUT
10
93.6410
20
247.1115
0
VERTEX
8
CUT
10
93.6341
20
247.0935
0
VERTEX
8
CUT
10
93.0886
20
245.7731
0
VERTEX
8
CUT
10
92.2589
20
243.7647
0
VERTEX
8
CUT
10
92.2569
20
243.7602
0
VERTEX
8
CUT
10
92.2234
20
243.6934
0
VERTEX
8
CUT
10
92.2149
20
243.6787
0
VERTEX
8
CUT
10
90.5744
20
240.9835
0
VERTEX
8
CUT
10
90.5282
20
240.9132
0
VERTEX
8
CUT
10
90.4771
20
240.8463
0
VERTEX
8
CUT
10
87.9298
20
237.7478
0
VERTEX
8
CUT
10
87.6619
20
237.4782
0
VERTEX
8
CUT
10
87.6299
20
237.4461
0
VERTEX
8
CUT
10
87.5443
20
237.3600
0
VERTEX
8
CUT
10
87.3401
20
237.1544
0
VERTEX
8
CUT
10
85.4625
20
235.4676
0
VERTEX
8
CUT
10
84.6199
20
234.7838
0
VERTEX
8
CUT
10
84.4147
20
234.6173
0
VERTEX
8
CUT
10
84.0187
20
234.2960
0
VERTEX
8
CUT
10
83.6742
20
234.0164
0
VERTEX
8
CUT
10
82.6797
20
233.3424
0
VERTEX
8
CUT
10
82.6134
20
233.3007
0
VERTEX
8
CUT
10
82.5446
20
233.2633
0
VERTEX
8
CUT
10
77.7232
20
230.8499
0
VERTEX
8
CUT
10
77.7030
20
230.8406
0
VERTEX
8
CUT
10
77.6546
20
230.8231
0
VERTEX
8
CUT
10
77.6135
20
230.8133
0
VERTEX
8
CUT
10
77.5923
20
230.8101
0
VERTEX
8
CUT
10
77.1874
20
230.7609
0
VERTEX
8
CUT
10
76.9810
20
230.7270
0
VERTEX
8
CUT
10
76.7782
20
230.6760
0
VERTEX
8
CUT
10
76.5804
20
230.6082
0
VERTEX
8
CUT
10
76.3314
20
230.5110
0
VERTEX
8
CUT
10
73.7917
20
229.9237
0
VERTEX
8
CUT
10
72.3845
20
229.6867
0
VERTEX
8
CUT
10
72.3795
20
229.6859
0
VERTEX
8
CUT
10
72.3027
20
229.6789
0
VERTEX
8
CUT
10
72.2852
20
229.6784
0
VERTEX
8
CUT
10
72.0364
20
229.6766
0
VERTEX
8
CUT
10
67.3312
20
229.6853
0
VERTEX
8
CUT
10
65.7844
20
229.8498
0
VERTEX
8
CUT
10
62.6408
20
230.5133
0
VERTEX
8
CUT
10
62.5747
20
230.5292
0
VERTEX
8
CUT
10
62.5322
20
230.5421
0
VERTEX
8
CUT
10
59.3117
20
231.6163
0
VERTEX
8
CUT
10
59.2515
20
231.6381
0
VERTEX
8
CUT
10
59.1927
20
231.6632
0
VERTEX
8
CUT
10
56.5252
20
232.8842
0
VERTEX
8
CUT
10
56.3164
20
232.9687
0
VERTEX
8
CUT
10
51.8619
20
234.5400
0
VERTEX
8
CUT
10
51.8592
20
234.5410
0
VERTEX
8
CUT
10
51.5371
20
234.6309
0
VERTEX
8
CUT
10
49.3338
20
235.0896
0
VERTEX
8
CUT
10
49.1472
20
235.1212
0
VERTEX
8
CUT
10
49.0512
20
235.1300
0
VERTEX
8
CUT
10
49.0450
20
235.1310
0
VERTEX
8
CUT
10
49.0344
20
235.1316
0
VERTEX
8
CUT
10
48.9588
20
235.1385
0
VERTEX
8
CUT
10
48.0864
20
235.1855
0
VERTEX
8
CUT
10
47.8615
20
235.1875
0
VERTEX
8
CUT
10
47.6373
20
235.1693
0
VERTEX
8
CUT
10
47.5076
20
235.1528
0
VERTEX
8
CUT
10
47.1749
20
235.1550
0
VERTEX
8
CUT
10
46.9556
20
235.1467
0
VERTEX
8
CUT
10
46.7379
20
235.1193
0
VERTEX
8
CUT
10
45.5341
20
234.9137
0
VERTEX
8
CUT
10
45.2864
20
234.8583
0
VERTEX
8
CUT
10
45.0457
20
234.7781
0
VERTEX
8
CUT
10
44.1034
20
234.4101
0
VERTEX
8
CUT
10
43.8951
20
234.3176
0
VERTEX
8
CUT
10
43.6961
20
234.2065
0
VERTEX
8
CUT
10
43.6056
20
234.1505
0
VERTEX
8
CUT
10
43.4646
20
234.0823
0
VERTEX
8
CUT
10
43.2640
20
233.9608
0
VERTEX
8
CUT
10
43.0840
20
233.8272
0
VERTEX
8
CUT
10
42.7072
20
233.5938
0
VERTEX
8
CUT
10
42.4781
20
233.4334
0
VERTEX
8
CUT
10
42.2683
20
233.2484
0
VERTEX
8
CUT
10
41.6651
20
232.6535
0
VERTEX
8
CUT
10
41.4970
20
232.4702
0
VERTEX
8
CUT
10
41.3478
20
232.2712
0
VERTEX
8
CUT
10
40.6675
20
231.2620
0
VERTEX
8
CUT
10
40.5485
20
231.0667
0
VERTEX
8
CUT
10
40.5433
20
231.0561
0
VERTEX
8
CUT
10
40.4938
20
230.9766
0
VERTEX
8
CUT
10
40.3876
20
230.7626
0
VERTEX
8
CUT
10
40.3022
20
230.5394
0
VERTEX
8
CUT
10
40.2386
20
230.3091
0
VERTEX
8
CUT
10
40.1972
20
230.0738
0
VERTEX
8
CUT
10
40.0524
20
228.9324
0
VERTEX
8
CUT
10
40.0339
20
228.6997
0
VERTEX
8
CUT
10
40.0371
20
228.4663
0
VERTEX
8
CUT
10
40.0621
20
228.2342
0
VERTEX
8
CUT
10
40.1087
20
228.0054
0
VERTEX
8
CUT
10
40.2124
20
227.5948
0
VERTEX
8
CUT
10
40.2776
20
227.3785
0
SEQEND
0
POLYLINE
8
CUT
66
1
70
1
10
0.0
20
0.0
30
0.0
0
VERTEX
8
CUT
10
137.5512
20
22.9398
0
VERTEX
8
CUT
10
137.6963
20
22.7435
0
VERTEX
8
CUT
10
137.8012
20
22.6273
0
VERTEX
8
CUT
10
137.8613
20
22.5606
0
VERTEX
8
CUT
10
139.1101
20
21.3056
0
VERTEX
8
CUT
10
139.2999
20
21.1335
0
VERTEX
8
CUT
10
139.5064
20
20.9817
0
VERTEX
8
CUT
10
139.7273
20
20.8518
0
VERTEX
8
CUT
10
139.9603
20
20.7452
0
VERTEX
8
CUT
10
140.2031
20
20.6630
0
VERTEX
8
CUT
10
140.4529
20
20.6061
0
VERTEX
8
CUT
10
140.4541
20
20.6059
0
VERTEX
8
CUT
10
141.1401
20
20.4863
0
VERTEX
8
CUT
10
141.3991
20
20.4550
0
VERTEX
8
CUT
10
141.6600
20
20.4508
0
VERTEX
8
CUT
10
141.9198
20
20.4739
0
VERTEX
8
CUT
10
142.1759
20
20.5238
0
VERTEX
8
CUT
10
142.5684
20
20.6220
0
VERTEX
8
CUT
10
142.8389
20
20.7062
0
VERTEX
8
CUT
10
143.0982
20
20.8204
0
VERTEX
8
CUT
10
143.5663
20
21.0593
0
VERTEX
8
CUT
10
143.7890
20
21.1878
0
VERTEX
8
CUT
10
143.9974
20
21.3384
0
VERTEX
8
CUT
10
144.1892
20
21.5097
0
VERTEX
8
CUT
10
144.9482
20
22.2614
0
VERTEX
8
CUT
10
145.1189
20
22.4484
0
VERTEX
8
CUT
10
145.2698
20
22.6517
0
VERTEX
8
CUT
10
145.3993
20
22.8693
0
VERTEX
8
CUT
10
145.5061
20
23.0988
0
VERTEX
8
CUT
10
145.7135
20
23.6104
0
VERTEX
8
CUT
10
145.7929
20
23.8370
0
VERTEX
8
CUT
10
145.8502
20
24.0701
0
VERTEX
8
CUT
10
145.8848
20
24.3077
0
VERTEX
8
CUT
10
145.8965
20
24.5475
0
VERTEX
8
CUT
10
145.8972
20
25.4038
0
VERTEX
8
CUT
10
145.8869
20
25.6325
0
VERTEX
8
CUT
10
145.8557
20
25.8593
0
VERTEX
8
CUT
10
145.8039
20
26.0823
0
VERTEX
8
CUT
10
145.7320
20
26.2996
0
VERTEX
8
CUT
10
145.6404
20
26.5094
0
VERTEX
8
CUT
10
145.2379
20
27.3275
0
VERTEX
8
CUT
10
145.1098
20
27.5567
0
VERTEX
8
CUT
10
144.9582
20
27.7713
0
VERTEX
8
CUT
10
144.7851
20
27.9687
0
VERTEX
8
CUT
10
144.5686
20
28.1908
0
VERTEX
8
CUT
10
144.3706
20
28.3733
0
VERTEX
8
CUT
10
144.1540
20
28.5333
0
VERTEX
8
CUT
10
143.9215
20
28.6692
0
VERTEX
8
CUT
10
142.8645
20
29.2127
0
VERTEX
8
CUT
10
142.6685
20
29.3030
0
VERTEX
8
CUT
10
142.4654
20
29.3761
0
VERTEX
8
CUT
10
142.2569
20
29.4314
0
VERTEX
8
CUT
10
141.9596
20
29.4966
0
VERTEX
8
CUT
10
141.7071
20
29.5386
0
VERTEX
8
CUT
10
141.4517
20
29.5545
0
VERTEX
8
CUT
10
141.1960
20
29.5442
0
VERTEX
8
CUT
10
140.9426
20
29.5078
0
VERTEX
8
CUT
10
140.6943
20
29.4458
0
VERTEX
8
CUT
10
140.4536
20
29.3586
0
VERTEX
8
CUT
10
139.4321
20
28.9284
0
VERTEX
8
CUT
10
139.1842
20
28.8074
0
VERTEX
8
CUT
10
138.9511
20
28.6600
0
VERTEX
8
CUT
10
138.5154
20
28.3493
0
VERTEX
8
CUT
10
138.3135
20
28.1890
0
VERTEX
8
CUT
10
138.1292
20
28.0088
0
VERTEX
8
CUT
10
137.9644
20
27.8105
0
VERTEX
8
CUT
10
137.8209
20
27.5963
0
VERTEX
8
CUT
10
137.4045
20
26.8997
0
VERTEX
8
CUT
10
137.2860
20
26.6765
0
VERTEX
8
CUT
10
137.1906
20
26.4426
0
VERTEX
8
CUT
10
137.1193
20
26.2001
0
VERTEX
8
CUT
10
136.9944
20
25.6793
0
VERTEX
8
CUT
10
136.9916
20
25.6675
0
VERTEX
8
CUT
10
136.9514
20
25.4624
0
VERTEX
8
CUT
10
136.9284
20
25.2546
0
VERTEX
8
CUT
10
136.9229
20
25.0457
0
VERTEX
8
CUT
10
136.9269
20
24.7878
0
VERTEX
8
CUT
10
136.9415
20
24.5540
0
VERTEX
8
CUT
10
136.9780
20
24.3226
0
VERTEX
8
CUT
10
137.0359
20
24.0956
0
VERTEX
8
CUT
10
137.0408
20
24.0819
0
VERTEX
8
CUT
10
137.0448
20
24.0664
0
VERTEX
8
CUT
10
137.1227
20
23.8506
0
VERTEX
8
CUT
10
137.3216
20
23.3701
0
VERTEX
8
CUT
10
137.4258
20
23.1494
0
SEQEND
0
POLYLINE
8
CUT
66
1
70
1
10
0.0
20
0.0
30
0.0
0
VERTEX
8
CUT
10
120.5539
20
142.1772
0
VERTEX
8
CUT
10
120.5607
20
142.2147
0
VERTEX
8
CUT
10
120.5650
20
142.2319
0
VERTEX
8
CUT
10
121.4583
20
145.4542
0
VERTEX
8
CUT
10
121.4642
20
145.4734
0
VERTEX
8
CUT
10
121.4944
20
145.5510
0
VERTEX
8
CUT
10
121.5031
20
145.5691
0
VERTEX
8
CUT
10
122.1158
20
146.7669
0
VERTEX
8
CUT
10
122.1272
20
146.7875
0
VERTEX
8
CUT
10
122.1815
20
146.8684
0
VERTEX
8
CUT
10
122.1834
20
146.8707
0
VERTEX
8
CUT
10
122.1973
20
146.8865
0
VERTEX
8
CUT
10
122.6165
20
147.3754
0
VERTEX
8
CUT
10
122.6930
20
147.4742
0
VERTEX
8
CUT
10
122.7667
20
147.5691
0
VERTEX
8
CUT
10
122.7675
20
147.5704
0
VERTEX
8
CUT
10
122.7685
20
147.5717
0
VERTEX
8
CUT
10
122.8349
20
147.6777
0
VERTEX
8
CUT
10
122.8988
20
147.7794
0
VERTEX
8
CUT
10
122.8995
20
147.7808
0
VERTEX
8
CUT
10
122.9003
20
147.7821
0
VERTEX
8
CUT
10
122.9560
20
147.8943
0
VERTEX
8
CUT
10
123.0094
20
148.0018
0
VERTEX
8
CUT
10
123.0100
20
148.0032
0
VERTEX
8
CUT
10
123.0106
20
148.0045
0
VERTEX
8
CUT
10
123.0549
20
148.1219
0
VERTEX
8
CUT
10
123.0975
20
148.2341
0
VERTEX
8
CUT
10
123.0978
20
148.2354
0
VERTEX
8
CUT
10
123.0983
20
148.2368
0
VERTEX
8
CUT
10
123.1308
20
148.3581
0
VERTEX
8
CUT
10
123.1620
20
148.4739
0
VERTEX
8
CUT
10
123.1622
20
148.4753
0
VERTEX
8
CUT
10
123.1625
20
148.4766
0
VERTEX
8
CUT
10
123.1829
20
148.6008
0
VERTEX
8
CUT
10
123.2024
20
148.7190
0
VERTEX
8
CUT
10
123.2025
20
148.7203
0
VERTEX
8
CUT
10
123.2027
20
148.7216
0
VERTEX
8
CUT
10
123.2106
20
148.8474
0
VERTEX
8
CUT
10
123.2183
20
148.9669
0
VERTEX
8
CUT
10
123.2182
20
148.9681
0
VERTEX
8
CUT
10
123.2183
20
148.9694
0
VERTEX
8
CUT
10
123.2137
20
149.0956
0
VERTEX
8
CUT
10
123.2095
20
149.2152
0
VERTEX
8
CUT
10
123.2093
20
149.2163
0
VERTEX
8
CUT
10
123.2093
20
149.2175
0
VERTEX
8
CUT
10
123.1922
20
149.3428
0
VERTEX
8
CUT
10
123.1761
20
149.4613
0
VERTEX
8
CUT
10
123.1758
20
149.4624
0
VERTEX
8
CUT
10
123.1757
20
149.4634
0
VERTEX
8
CUT
10
123.1462
20
149.5868
0
VERTEX
8
CUT
10
123.1184
20
149.7029
0
VERTEX
8
CUT
10
123.1181
20
149.7039
0
VERTEX
8
CUT
10
123.1179
20
149.7049
0
VERTEX
8
CUT
10
123.0761
20
149.8250
0
VERTEX
8
CUT
10
123.0371
20
149.9376
0
VERTEX
8
CUT
10
123.0367
20
149.9385
0
VERTEX
8
CUT
10
123.0364
20
149.9394
0
VERTEX
8
CUT
10
122.9828
20
150.0551
0
VERTEX
8
CUT
10
122.9329
20
150.1631
0
VERTEX
8
CUT
10
122.9324
20
150.1638
0
VERTEX
8
CUT
10
122.9321
20
150.1647
0
VERTEX
8
CUT
10
122.8671
20
150.2748
0
VERTEX
8
CUT
10
122.8068
20
150.3771
0
VERTEX
8
CUT
10
122.8063
20
150.3778
0
VERTEX
8
CUT
10
122.8059
20
150.3785
0
VERTEX
8
CUT
10
122.7300
20
150.4820
0
VERTEX
8
CUT
10
122.6601
20
150.5775
0
VERTEX
8
CUT
10
122.6596
20
150.5781
0
VERTEX
8
CUT
10
122.6591
20
150.5787
0
VERTEX
8
CUT
10
122.5731
20
150.6745
0
VERTEX
8
CUT
10
122.4942
20
150.7624
0
VERTEX
8
CUT
10
122.4937
20
150.7629
0
VERTEX
8
CUT
10
122.4932
20
150.7634
0
VERTEX
8
CUT
10
122.3977
20
150.8506
0
VERTEX
8
CUT
10
122.3108
20
150.9300
0
VERTEX
8
CUT
10
122.3103
20
150.9303
0
VERTEX
8
CUT
10
122.3099
20
150.9308
0
VERTEX
8
CUT
10
122.2056
20
151.0085
0
VERTEX
8
CUT
10
122.1117
20
151.0785
0
VERTEX
8
CUT
10
122.1112
20
151.0787
0
VERTEX
8
CUT
10
122.1108
20
151.0791
0
VERTEX
8
CUT
10
121.9986
20
151.1465
0
VERTEX
8
CUT
10
121.8989
20
151.2065
0
VERTEX
8
CUT
10
121.8984
20
151.2067
0
VERTEX
8
CUT
10
121.8980
20
151.2069
0
VERTEX
8
CUT
10
121.7787
20
151.2633
0
VERTEX
8
CUT
10
121.6743
20
151.3127
0
VERTEX
8
CUT
10
121.6739
20
151.3129
0
VERTEX
8
CUT
10
121.6735
20
151.3131
0
VERTEX
8
CUT
10
121.5480
20
151.3578
0
VERTEX
8
CUT
10
121.4404
20
151.3962
0
VERTEX
8
CUT
10
121.4400
20
151.3963
0
VERTEX
8
CUT
10
121.4396
20
151.3964
0
VERTEX
8
CUT
10
121.3085
20
151.4289
0
VERTEX
8
CUT
10
121.1993
20
151.4560
0
VERTEX
8
CUT
10
121.1990
20
151.4560
0
VERTEX
8
CUT
10
121.1987
20
151.4561
0
VERTEX
8
CUT
10
121.0625
20
151.4758
0
VERTEX
8
CUT
10
120.9535
20
151.4916
0
VERTEX
8
CUT
10
120.9532
20
151.4916
0
VERTEX
8
CUT
10
120.9530
20
151.4916
0
VERTEX
8
CUT
10
120.8115
20
151.4979
0
VERTEX
8
CUT
10
120.7053
20
151.5026
0
VERTEX
8
CUT
10
120.7051
20
151.5026
0
VERTEX
8
CUT
10
120.7049
20
151.5026
0
VERTEX
8
CUT
10
120.5564
20
151.4944
0
VERTEX
8
CUT
10
120.4573
20
151.4890
0
VERTEX
8
CUT
10
120.4572
20
151.4889
0
VERTEX
8
CUT
10
120.4571
20
151.4889
0
VERTEX
8
CUT
10
120.2936
20
151.4635
0
VERTEX
8
CUT
10
120.2119
20
151.4508
0
VERTEX
8
CUT
10
120.2118
20
151.4508
0
VERTEX
8
CUT
10
120.2117
20
151.4507
0
VERTEX
8
CUT
10
119.9714
20
151.3884
0
VERTEX
8
CUT
10
119.7414
20
151.3164
0
VERTEX
8
CUT
10
119.7230
20
151.3111
0
VERTEX
8
CUT
10
119.6842
20
151.3030
0
VERTEX
8
CUT
10
119.6449
20
151.2986
0
VERTEX
8
CUT
10
119.6258
20
151.2979
0
VERTEX
8
CUT
10
117.2438
20
151.2650
0
VERTEX
8
CUT
10
117.2250
20
151.2652
0
VERTEX
8
CUT
10
117.1474
20
151.2715
0
VERTEX
8
CUT
10
117.1288
20
151.2743
0
VERTEX
8
CUT
10
115.3839
20
151.5837
0
VERTEX
8
CUT
10
115.3648
20
151.5876
0
VERTEX
8
CUT
10
115.2871
20
151.6094
0
VERTEX
8
CUT
10
115.2687
20
151.6160
0
VERTEX
8
CUT
10
113.8644
20
152.1635
0
VERTEX
8
CUT
10
113.8102
20
152.1862
0
VERTEX
8
CUT
10
113.7571
20
152.2114
0
VERTEX
8
CUT
10
111.5226
20
153.3401
0
VERTEX
8
CUT
10
111.4505
20
153.3796
0
VERTEX
8
CUT
10
111.3811
20
153.4239
0
VERTEX
8
CUT
10
110.2234
20
154.2198
0
VERTEX
8
CUT
10
110.0136
20
154.3492
0
VERTEX
8
CUT
10
109.7921
20
154.4574
0
VERTEX
8
CUT
10
109.5610
20
154.5432
0
VERTEX
8
CUT
10
109.3226
20
154.6058
0
VERTEX
8
CUT
10
109.0792
20
154.6447
0
VERTEX
8
CUT
10
108.8332
20
154.6594
0
VERTEX
8
CUT
10
108.5869
20
154.6498
0
VERTEX
8
CUT
10
108.3427
20
154.6160
0
VERTEX
8
CUT
10
108.1031
20
154.5584
0
VERTEX
8
CUT
10
107.8703
20
154.4774
0
VERTEX
8
CUT
10
107.6466
20
154.3738
0
VERTEX
8
CUT
10
107.4342
20
154.2488
0
VERTEX
8
CUT
10
107.2351
20
154.1034
0
VERTEX
8
CUT
10
107.0513
20
153.9391
0
VERTEX
8
CUT
10
106.8846
20
153.7576
0
VERTEX
8
CUT
10
106.7366
20
153.5605
0
VERTEX
8
CUT
10
106.6087
20
153.3498
0
VERTEX
8
CUT
10
106.5022
20
153.1275
0
VERTEX
8
CUT
10
106.4180
20
152.8958
0
VERTEX
8
CUT
10
106.3572
20
152.6569
0
VERTEX
8
CUT
10
106.3201
20
152.4132
0
VERTEX
8
CUT
10
106.3072
20
152.1671
0
VERTEX
8
CUT
10
106.3186
20
151.9209
0
VERTEX
8
CUT
10
106.3542
20
151.6770
0
VERTEX
8
CUT
10
106.4137
20
151.4377
0
VERTEX
8
CUT
10
106.4964
20
151.2055
0
VERTEX
8
CUT
10
106.6016
20
150.9826
0
VERTEX
8
CUT
10
106.7282
20
150.7711
0
VERTEX
8
CUT
10
106.8750
20
150.5732
0
VERTEX
8
CUT
10
107.1251
20
150.2685
0
VERTEX
8
CUT
10
107.1296
20
150.2628
0
VERTEX
8
CUT
10
109.9556
20
146.8211
0
VERTEX
8
CUT
10
109.9796
20
146.7910
0
VERTEX
8
CUT
10
110.0026
20
146.7600
0
VERTEX
8
CUT
10
112.0553
20
143.9115
0
VERTEX
8
CUT
10
112.8866
20
142.7577
0
VERTEX
8
CUT
10
112.9118
20
142.7215
0
VERTEX
8
CUT
10
112.9356
20
142.6843
0
VERTEX
8
CUT
10
115.2868
20
138.8697
0
VERTEX
8
CUT
10
115.3055
20
138.8382
0
VERTEX
8
CUT
10
115.3233
20
138.8061
0
VERTEX
8
CUT
10
115.8669
20
137.7932
0
VERTEX
8
CUT
10
115.9936
20
137.5826
0
VERTEX
8
CUT
10
116.1403
20
137.3855
0
VERTEX
8
CUT
10
116.3057
20
137.2037
0
VERTEX
8
CUT
10
116.4882
20
137.0391
0
VERTEX
8
CUT
10
116.6859
20
136.8932
0
VERTEX
8
CUT
10
116.8971
20
136.7673
0
VERTEX
8
CUT
10
117.1195
20
136.6629
0
VERTEX
8
CUT
10
117.3511
20
136.5807
0
VERTEX
8
CUT
10
117.5897
20
136.5218
0
VERTEX
8
CUT
10
117.8329
20
136.4865
0
VERTEX
8
CUT
10
118.0784
20
136.4752
0
VERTEX
8
CUT
10
118.3239
20
136.4882
0
VERTEX
8
CUT
10
118.5668
20
136.5251
0
VERTEX
8
CUT
10
118.8050
20
136.5858
0
VERTEX
8
CUT
10
119.0361
20
136.6695
0
VERTEX
8
CUT
10
119.2578
20
136.7755
0
VERTEX
8
CUT
10
119.4680
20
136.9028
0
VERTEX
8
CUT
10
119.6647
20
137.0501
0
VERTEX
8
CUT
10
119.8461
20
137.2160
0
VERTEX
8
CUT
10
120.0102
20
137.3989
0
VERTEX
8
CUT
10
120.1556
20
137.5971
0
VERTEX
8
CUT
10
120.2808
20
137.8085
0
VERTEX
8
CUT
10
120.3847
20
138.0313
0
VERTEX
8
CUT
10
120.4662
20
138.2631
0
VERTEX
8
CUT
10
120.5245
20
138.5018
0
VERTEX
8
CUT
10
120.5592
20
138.7452
0
VERTEX
8
CUT
10
120.5697
20
138.9907
0
VERTEX
8
CUT
10
120.5599
20
140.5746
0
VERTEX
8
CUT
10
120.5504
20
142.1212
0
VERTEX
8
CUT
10
120.5507
20
142.1394
0
SEQEND
0
POLYLINE
8
CUT
66
1
70
1
10
0.0
20
0.0
30
0.0
0
VERTEX
8
CUT
10
73.0455
20
159.9885
0
VERTEX
8
CUT
10
73.0462
20
159.9873
0
VERTEX
8
CUT
10
73.0504
20
159.9815
0
VERTEX
8
CUT
10
73.1397
20
159.8572
0
VERTEX
8
CUT
10
73.1594
20
159.8348
0
VERTEX
8
CUT
10
73.1918
20
159.7913
0
VERTEX
8
CUT
10
73.3558
20
159.6104
0
VERTEX
8
CUT
10
73.5747
20
159.3915
0
VERTEX
8
CUT
10
73.5867
20
159.3791
0
VERTEX
8
CUT
10
73.5924
20
159.3738
0
VERTEX
8
CUT
10
73.6242
20
159.3419
0
VERTEX
8
CUT
10
73.6999
20
159.2734
0
VERTEX
8
CUT
10
73.7667
20
159.2109
0
VERTEX
8
CUT
10
73.7798
20
159.2009
0
VERTEX
8
CUT
10
73.8058
20
159.1773
0
VERTEX
8
CUT
10
74.0026
20
159.0313
0
VERTEX
8
CUT
10
74.2128
20
158.9053
0
VERTEX
8
CUT
10
74.4343
20
158.8004
0
VERTEX
8
CUT
10
74.6650
20
158.7177
0
VERTEX
8
CUT
10
74.9027
20
158.6581
0
VERTEX
8
CUT
10
74.9085
20
158.6572
0
VERTEX
8
CUT
10
74.9282
20
158.6522
0
VERTEX
8
CUT
10
75.1707
20
158.6162
0
VERTEX
8
CUT
10
75.4156
20
158.6040
0
VERTEX
8
CUT
10
75.6442
20
158.6039
0
VERTEX
8
CUT
10
76.0769
20
158.5800
0
VERTEX
8
CUT
10
76.3207
20
158.5785
0
VERTEX
8
CUT
10
76.5635
20
158.6007
0
VERTEX
8
CUT
10
76.5829
20
158.6034
0
VERTEX
8
CUT
10
76.7116
20
158.6033
0
VERTEX
8
CUT
10
76.7772
20
158.6025
0
VERTEX
8
CUT
10
76.7948
20
158.6033
0
VERTEX
8
CUT
10
76.8334
20
158.6033
0
VERTEX
8
CUT
10
77.0180
20
158.6129
0
VERTEX
8
CUT
10
77.0514
20
158.6143
0
VERTEX
8
CUT
10
77.0544
20
158.6147
0
VERTEX
8
CUT
10
77.0947
20
158.6168
0
VERTEX
8
CUT
10
77.1199
20
158.6208
0
VERTEX
8
CUT
10
77.1377
20
158.6217
0
VERTEX
8
CUT
10
77.3946
20
158.6619
0
VERTEX
8
CUT
10
78.2126
20
158.8340
0
VERTEX
8
CUT
10
78.4191
20
158.8728
0
VERTEX
8
CUT
10
78.4804
20
158.8903
0
VERTEX
8
CUT
10
79.6359
20
159.1333
0
VERTEX
8
CUT
10
79.7754
20
159.1392
0
VERTEX
8
CUT
10
80.0504
20
159.1660
0
VERTEX
8
CUT
10
80.3208
20
159.2230
0
VERTEX
8
CUT
10
80.5833
20
159.3094
0
VERTEX
8
CUT
10
80.7092
20
159.3588
0
VERTEX
8
CUT
10
80.7110
20
159.3595
0
VERTEX
8
CUT
10
80.7796
20
159.3739
0
VERTEX
8
CUT
10
80.7975
20
159.3772
0
VERTEX
8
CUT
10
80.7996
20
159.3774
0
VERTEX
8
CUT
10
80.8034
20
159.3776
0
VERTEX
8
CUT
10
84.3427
20
159.4256
0
VERTEX
8
CUT
10
84.5981
20
159.4421
0
VERTEX
8
CUT
10
84.6567
20
159.4520
0
VERTEX
8
CUT
10
84.8669
20
159.4840
0
VERTEX
8
CUT
10
85.0882
20
159.5386
0
VERTEX
8
CUT
10
85.3037
20
159.6132
0
VERTEX
8
CUT
10
85.3676
20
159.6387
0
VERTEX
8
CUT
10
85.3870
20
159.6458
0
VERTEX
8
CUT
10
85.4301
20
159.6577
0
VERTEX
8
CUT
10
85.4742
20
159.6647
0
VERTEX
8
CUT
10
85.4948
20
159.6662
0
VERTEX
8
CUT
10
86.2539
20
159.7020
0
VERTEX
8
CUT
10
86.4817
20
159.7232
0
VERTEX
8
CUT
10
86.7067
20
159.7652
0
VERTEX
8
CUT
10
86.9268
20
159.8275
0
VERTEX
8
CUT
10
87.8764
20
160.1440
0
VERTEX
8
CUT
10
88.1294
20
160.2440
0
VERTEX
8
CUT
10
88.3700
20
160.3708
0
VERTEX
8
CUT
10
88.5955
20
160.5230
0
VERTEX
8
CUT
10
88.8326
20
160.7026
0
VERTEX
8
CUT
10
88.8471
20
160.7131
0
VERTEX
8
CUT
10
88.9126
20
160.7535
0
VERTEX
8
CUT
10
88.9284
20
160.7618
0
VERTEX
8
CUT
10
91.5862
20
162.0746
0
VERTEX
8
CUT
10
91.6506
20
162.1064
0
VERTEX
8
CUT
10
91.6730
20
162.1175
0
VERTEX
8
CUT
10
91.8438
20
162.2103
0
VERTEX
8
CUT
10
92.0068
20
162.3160
0
VERTEX
8
CUT
10
92.0968
20
162.3795
0
VERTEX
8
CUT
10
92.2894
20
162.5300
0
VERTEX
8
CUT
10
92.4664
20
162.6985
0
VERTEX
8
CUT
10
92.6261
20
162.8836
0
VERTEX
8
CUT
10
92.7670
20
163.0833
0
VERTEX
8
CUT
10
92.8876
20
163.2958
0
VERTEX
8
CUT
10
92.9870
20
163.5191
0
VERTEX
8
CUT
10
93.0640
20
163.7511
0
VERTEX
8
CUT
10
93.0850
20
163.8432
0
VERTEX
8
CUT
10
93.0886
20
163.8557
0
VERTEX
8
CUT
10
93.0919
20
163.8740
0
VERTEX
8
CUT
10
93.1181
20
163.9894
0
VERTEX
8
CUT
10
93.1290
20
164.0758
0
VERTEX
8
CUT
10
93.1340
20
164.1032
0
VERTEX
8
CUT
10
93.1369
20
164.1385
0
VERTEX
8
CUT
10
93.1486
20
164.2319
0
VERTEX
8
CUT
10
93.1508
20
164.3099
0
VERTEX
8
CUT
10
93.1543
20
164.3539
0
VERTEX
8
CUT
10
93.1533
20
164.4040
0
VERTEX
8
CUT
10
93.1553
20
164.4762
0
VERTEX
8
CUT
10
93.1506
20
164.5434
0
VERTEX
8
CUT
10
93.1494
20
164.6055
0
VERTEX
8
CUT
10
93.1418
20
164.6678
0
VERTEX
8
CUT
10
93.1381
20
164.7200
0
VERTEX
8
CUT
10
93.1289
20
164.7741
0
VERTEX
8
CUT
10
93.1191
20
164.8553
0
VERTEX
8
CUT
10
93.1030
20
164.9271
0
VERTEX
8
CUT
10
93.0972
20
164.9610
0
VERTEX
8
CUT
10
93.0866
20
165.0001
0
VERTEX
8
CUT
10
93.0639
20
165.1007
0
VERTEX
8
CUT
10
93.0377
20
165.1794
0
VERTEX
8
CUT
10
93.0330
20
165.1968
0
VERTEX
8
CUT
10
93.0244
20
165.2192
0
VERTEX
8
CUT
10
92.9844
20
165.3394
0
VERTEX
8
CUT
10
92.9472
20
165.4220
0
VERTEX
8
CUT
10
92.9460
20
165.4252
0
VERTEX
8
CUT
10
92.9438
20
165.4297
0
VERTEX
8
CUT
10
92.8812
20
165.5689
0
VERTEX
8
CUT
10
92.7555
20
165.7868
0
VERTEX
8
CUT
10
92.6085
20
165.9910
0
VERTEX
8
CUT
10
92.4418
20
166.1794
0
VERTEX
8
CUT
10
92.4052
20
166.2167
0
VERTEX
8
CUT
10
92.1816
20
166.4191
0
VERTEX
8
CUT
10
92.1423
20
166.4505
0
VERTEX
8
CUT
10
92.1155
20
166.4747
0
VERTEX
8
CUT
10
91.9633
20
166.5962
0
VERTEX
8
CUT
10
91.7689
20
166.7368
0
VERTEX
8
CUT
10
91.5618
20
166.8581
0
VERTEX
8
CUT
10
91.3442
20
166.9590
0
VERTEX
8
CUT
10
91.1178
20
167.0386
0
VERTEX
8
CUT
10
90.8848
20
167.0961
0
VERTEX
8
CUT
10
90.6475
20
167.1310
0
VERTEX
8
CUT
10
90.4078
20
167.1430
0
VERTEX
8
CUT
10
90.1681
20
167.1319
0
VERTEX
8
CUT
10
89.9306
20
167.0980
0
VERTEX
8
CUT
10
89.6974
20
167.0414
0
VERTEX
8
CUT
10
89.4708
20
166.9627
0
VERTEX
8
CUT
10
89.2527
20
166.8627
0
VERTEX
8
CUT
10
89.0452
20
166.7422
0
VERTEX
8
CUT
10
88.8502
20
166.6023
0
VERTEX
8
CUT
10
88.8042
20
166.5659
0
VERTEX
8
CUT
10
88.7121
20
166.5008
0
VERTEX
8
CUT
10
88.6959
20
166.4905
0
VERTEX
8
CUT
10
88.6440
20
166.4593
0
VERTEX
8
CUT
10
88.0906
20
166.1439
0
VERTEX
8
CUT
10
88.0441
20
166.1186
0
VERTEX
8
CUT
10
88.0292
20
166.1110
0
VERTEX
8
CUT
10
87.9332
20
166.0666
0
VERTEX
8
CUT
10
87.9177
20
166.0602
0
VERTEX
8
CUT
10
87.8684
20
166.0410
0
VERTEX
8
CUT
10
86.6430
20
165.5956
0
VERTEX
8
CUT
10
86.5858
20
165.5763
0
VERTEX
8
CUT
10
86.5675
20
165.5707
0
VERTEX
8
CUT
10
86.4561
20
165.5420
0
VERTEX
8
CUT
10
86.3480
20
165.5250
0
VERTEX
8
CUT
10
86.2331
20
165.5182
0
VERTEX
8
CUT
10
86.2140
20
165.5180
0
VERTEX
8
CUT
10
86.1537
20
165.5188
0
VERTEX
8
CUT
10
85.9490
20
165.5265
0
VERTEX
8
CUT
10
85.8780
20
165.5312
0
VERTEX
8
CUT
10
85.8555
20
165.5334
0
VERTEX
8
CUT
10
85.7214
20
165.5538
0
VERTEX
8
CUT
10
85.5905
20
165.5894
0
VERTEX
8
CUT
10
85.5691
20
165.5966
0
VERTEX
8
CUT
10
85.5023
20
165.6210
0
VERTEX
8
CUT
10
84.5710
20
165.9923
0
VERTEX
8
CUT
10
84.5155
20
166.0160
0
VERTEX
8
CUT
10
84.4981
20
166.0239
0
VERTEX
8
CUT
10
84.3959
20
166.0766
0
VERTEX
8
CUT
10
84.3038
20
166.1360
0
VERTEX
8
CUT
10
84.2136
20
166.2073
0
VERTEX
8
CUT
10
84.1992
20
166.2199
0
VERTEX
8
CUT
10
84.1547
20
166.2606
0
VERTEX
8
CUT
10
83.9640
20
166.4439
0
VERTEX
8
CUT
10
83.9152
20
166.4935
0
VERTEX
8
CUT
10
83.9002
20
166.5096
0
VERTEX
8
CUT
10
83.8153
20
166.6117
0
VERTEX
8
CUT
10
83.7423
20
166.7225
0
VERTEX
8
CUT
10
83.7313
20
166.7415
0
VERTEX
8
CUT
10
83.6980
20
166.8027
0
VERTEX
8
CUT
10
83.6253
20
166.9454
0
VERTEX
8
CUT
10
83.5995
20
166.9992
0
VERTEX
8
CUT
10
83.5917
20
167.0165
0
VERTEX
8
CUT
10
83.5500
20
167.1224
0
VERTEX
8
CUT
10
83.5201
20
167.2265
0
VERTEX
8
CUT
10
83.5002
20
167.3330
0
VERTEX
8
CUT
10
83.4901
20
167.4463
0
VERTEX
8
CUT
10
83.4893
20
167.4652
0
VERTEX
8
CUT
10
83.4883
20
167.5249
0
VERTEX
8
CUT
10
83.4976
20
168.9221
0
VERTEX
8
CUT
10
83.4997
20
168.9860
0
VERTEX
8
CUT
10
83.5009
20
169.0062
0
VERTEX
8
CUT
10
83.5141
20
169.1274
0
VERTEX
8
CUT
10
83.5384
20
169.2408
0
VERTEX
8
CUT
10
83.5742
20
169.3511
0
VERTEX
8
CUT
10
83.6235
20
169.4626
0
VERTEX
8
CUT
10
83.6326
20
169.4806
0
VERTEX
8
CUT
10
83.6628
20
169.5370
0
VERTEX
8
CUT
10
84.1323
20
170.3604
0
VERTEX
8
CUT
10
84.1637
20
170.4125
0
VERTEX
8
CUT
10
84.1741
20
170.4287
0
VERTEX
8
CUT
10
84.2410
20
170.5234
0
VERTEX
8
CUT
10
84.3521
20
170.6519
0
VERTEX
8
CUT
10
84.3567
20
170.6572
0
VERTEX
8
CUT
10
84.3564
20
170.6574
0
VERTEX
8
CUT
10
84.3952
20
170.7068
0
VERTEX
8
CUT
10
84.4442
20
170.7638
0
VERTEX
8
CUT
10
84.4772
20
170.8113
0
VERTEX
8
CUT
10
84.4982
20
170.8381
0
VERTEX
8
CUT
10
84.5273
20
170.8834
0
VERTEX
8
CUT
10
84.5907
20
170.9745
0
VERTEX
8
CUT
10
84.6205
20
171.0285
0
VERTEX
8
CUT
10
84.6261
20
171.0372
0
VERTEX
8
CUT
10
84.6370
20
171.0584
0
VERTEX
8
CUT
10
84.7148
20
171.1991
0
VERTEX
8
CUT
10
84.8152
20
171.4353
0
VERTEX
8
CUT
10
84.8909
20
171.6805
0
VERTEX
8
CUT
10
84.9411
20
171.9322
0
VERTEX
8
CUT
10
84.9582
20
172.1137
0
VERTEX
8
CUT
10
84.9637
20
172.1526
0
VERTEX
8
CUT
10
84.9867
20
172.2195
0
VERTEX
8
CUT
10
85.0539
20
172.4503
0
VERTEX
8
CUT
10
85.0985
20
172.6865
0
VERTEX
8
CUT
10
85.1203
20
172.9259
0
VERTEX
8
CUT
10
85.1190
20
173.1663
0
VERTEX
8
CUT
10
85.0947
20
173.4054
0
VERTEX
8
CUT
10
85.0475
20
173.6411
0
VERTEX
8
CUT
10
84.9778
20
173.8712
0
VERTEX
8
CUT
10
84.8864
20
174.0935
0
VERTEX
8
CUT
10
84.7740
20
174.3060
0
VERTEX
8
CUT
10
84.6418
20
174.5067
0
VERTEX
8
CUT
10
84.4909
20
174.6938
0
VERTEX
8
CUT
10
84.3227
20
174.8656
0
VERTEX
8
CUT
10
84.1388
20
175.0204
0
VERTEX
8
CUT
10
83.9409
20
175.1568
0
VERTEX
8
CUT
10
83.9399
20
175.1575
0
VERTEX
8
CUT
10
83.9392
20
175.1579
0
VERTEX
8
CUT
10
83.9369
20
175.1593
0
VERTEX
8
CUT
10
83.7028
20
175.3046
0
VERTEX
8
CUT
10
83.6829
20
175.3179
0
VERTEX
8
CUT
10
83.6055
20
175.3799
0
VERTEX
8
CUT
10
83.5919
20
175.3931
0
VERTEX
8
CUT
10
83.5614
20
175.4224
0
VERTEX
8
CUT
10
83.3786
20
175.5821
0
VERTEX
8
CUT
10
83.1812
20
175.7233
0
VERTEX
8
CUT
10
82.9710
20
175.8447
0
VERTEX
8
CUT
10
82.7500
20
175.9451
0
VERTEX
8
CUT
10
82.5204
20
176.0237
0
VERTEX
8
CUT
10
82.2841
20
176.0796
0
VERTEX
8
CUT
10
82.0436
20
176.1123
0
VERTEX
8
CUT
10
81.8011
20
176.1216
0
VERTEX
8
CUT
10
81.5588
20
176.1073
0
VERTEX
8
CUT
10
81.3190
20
176.0695
0
VERTEX
8
CUT
10
81.0840
20
176.0087
0
VERTEX
8
CUT
10
80.8560
20
175.9254
0
VERTEX
8
CUT
10
80.6372
20
175.8203
0
VERTEX
8
CUT
10
80.4296
20
175.6945
0
VERTEX
8
CUT
10
80.2351
20
175.5492
0
VERTEX
8
CUT
10
80.0557
20
175.3858
0
VERTEX
8
CUT
10
79.8930
20
175.2056
0
VERTEX
8
CUT
10
79.7485
20
175.0106
0
VERTEX
8
CUT
10
79.7211
20
174.9697
0
VERTEX
8
CUT
10
78.0841
20
172.7586
0
VERTEX
8
CUT
10
77.9600
20
172.5744
0
VERTEX
8
CUT
10
77.8527
20
172.3798
0
VERTEX
8
CUT
10
77.8324
20
172.3388
0
VERTEX
8
CUT
10
76.9647
20
170.5856
0
VERTEX
8
CUT
10
76.8517
20
170.3195
0
VERTEX
8
CUT
10
76.7702
20
170.0422
0
VERTEX
8
CUT
10
76.4678
20
168.7402
0
VERTEX
8
CUT
10
76.4629
20
168.7214
0
VERTEX
8
CUT
10
76.4494
20
168.6820
0
VERTEX
8
CUT
10
76.4318
20
168.6442
0
VERTEX
8
CUT
10
76.4223
20
168.6273
0
VERTEX
8
CUT
10
75.6608
20
167.3507
0
VERTEX
8
CUT
10
75.6459
20
167.3256
0
VERTEX
8
CUT
10
75.5326
20
167.1131
0
VERTEX
8
CUT
10
75.4404
20
166.8908
0
VERTEX
8
CUT
10
75.3699
20
166.6606
0
VERTEX
8
CUT
10
75.3183
20
166.4577
0
VERTEX
8
CUT
10
75.3169
20
166.4523
0
VERTEX
8
CUT
10
75.3008
20
166.4058
0
VERTEX
8
CUT
10
75.3003
20
166.4049
0
VERTEX
8
CUT
10
75.2993
20
166.4033
0
VERTEX
8
CUT
10
75.1062
20
166.1161
0
VERTEX
8
CUT
10
74.7078
20
165.5345
0
VERTEX
8
CUT
10
74.6971
20
165.5197
0
VERTEX
8
CUT
10
74.6776
20
165.4965
0
VERTEX
8
CUT
10
74.6619
20
165.4837
0
VERTEX
8
CUT
10
74.6467
20
165.4731
0
VERTEX
8
CUT
10
73.8837
20
164.9692
0
VERTEX
8
CUT
10
73.6885
20
164.8263
0
VERTEX
8
CUT
10
73.5080
20
164.6651
0
VERTEX
8
CUT
10
73.3440
20
164.4872
0
VERTEX
8
CUT
10
73.1979
20
164.2943
0
VERTEX
8
CUT
10
73.1777
20
164.2616
0
VERTEX
8
CUT
10
73.1740
20
164.2566
0
VERTEX
8
CUT
10
73.1341
20
164.1906
0
VERTEX
8
CUT
10
73.0711
20
164.0882
0
VERTEX
8
CUT
10
73.0669
20
164.0796
0
VERTEX
8
CUT
10
73.0498
20
164.0514
0
VERTEX
8
CUT
10
72.9459
20
163.8352
0
VERTEX
8
CUT
10
72.7220
20
163.3061
0
VERTEX
8
CUT
10
72.6081
20
163.0413
0
VERTEX
8
CUT
10
72.5225
20
162.8117
0
VERTEX
8
CUT
10
72.5164
20
162.7887
0
VERTEX
8
CUT
10
72.5134
20
162.7805
0
VERTEX
8
CUT
10
72.4935
20
162.7024
0
VERTEX
8
CUT
10
72.4597
20
162.5748
0
VERTEX
8
CUT
10
72.4573
20
162.5604
0
VERTEX
8
CUT
10
72.4513
20
162.5368
0
VERTEX
8
CUT
10
72.4257
20
162.3656
0
VERTEX
8
CUT
10
72.4204
20
162.3330
0
VERTEX
8
CUT
10
72.4201
20
162.3282
0
VERTEX
8
CUT
10
72.4141
20
162.2880
0
VERTEX
8
CUT
10
72.4086
20
162.1728
0
VERTEX
8
CUT
10
72.4012
20
162.0702
0
VERTEX
8
CUT
10
72.3981
20
161.9453
0
VERTEX
8
CUT
10
72.4053
20
161.6841
0
VERTEX
8
CUT
10
72.4398
20
161.4250
0
VERTEX
8
CUT
10
72.5011
20
161.1709
0
VERTEX
8
CUT
10
72.5650
20
160.9558
0
VERTEX
8
CUT
10
72.6558
20
160.7016
0
VERTEX
8
CUT
10
72.7735
20
160.4586
0
VERTEX
8
CUT
10
72.8222
20
160.3808
0
VERTEX
8
CUT
10
72.8650
20
160.2880
0
VERTEX
8
CUT
10
72.8736
20
160.2690
0
VERTEX
8
CUT
10
72.9966
20
160.0566
0
SEQEND
0
POLYLINE
8
CUT
66
1
70
1
10
0.0
20
0.0
30
0.0
0
VERTEX
8
CUT
10
65.9934
20
141.4452
0
VERTEX
8
CUT
10
65.9953
20
141.0873
0
VERTEX
8
CUT
10
66.0081
20
140.9208
0
VERTEX
8
CUT
10
66.0013
20
140.8014
0
VERTEX
8
CUT
10
66.0070
20
140.4386
0
VERTEX
8
CUT
10
66.2641
20
137.5319
0
VERTEX
8
CUT
10
66.2939
20
137.3097
0
VERTEX
8
CUT
10
66.3434
20
137.0910
0
VERTEX
8
CUT
10
66.4123
20
136.8777
0
VERTEX
8
CUT
10
66.5001
20
136.6714
0
VERTEX
8
CUT
10
66.5064
20
136.6582
0
VERTEX
8
CUT
10
66.7704
20
136.1076
0
VERTEX
8
CUT
10
66.7780
20
136.0907
0
VERTEX
8
CUT
10
66.7916
20
136.0533
0
VERTEX
8
CUT
10
66.7975
20
136.0139
0
VERTEX
8
CUT
10
66.7989
20
135.9955
0
VERTEX
8
CUT
10
66.8514
20
134.9774
0
VERTEX
8
CUT
10
66.8740
20
134.7472
0
VERTEX
8
CUT
10
66.9178
20
134.5201
0
VERTEX
8
CUT
10
66.9823
20
134.2981
0
VERTEX
8
CUT
10
67.0672
20
134.0829
0
VERTEX
8
CUT
10
67.8457
20
132.3475
0
VERTEX
8
CUT
10
67.8536
20
132.3286
0
VERTEX
8
CUT
10
67.8671
20
132.2865
0
VERTEX
8
CUT
10
67.8760
20
132.2432
0
VERTEX
8
CUT
10
67.8785
20
132.2228
0
VERTEX
8
CUT
10
67.9342
20
131.6242
0
VERTEX
8
CUT
10
67.9744
20
131.3538
0
VERTEX
8
CUT
10
68.0439
20
131.0894
0
VERTEX
8
CUT
10
68.1419
20
130.8342
0
VERTEX
8
CUT
10
68.9632
20
129.0005
0
VERTEX
8
CUT
10
68.9701
20
128.9839
0
VERTEX
8
CUT
10
68.9825
20
128.9473
0
VERTEX
8
CUT
10
68.9913
20
128.9097
0
VERTEX
8
CUT
10
68.9941
20
128.8920
0
VERTEX
8
CUT
10
69.0262
20
128.6550
0
VERTEX
8
CUT
10
69.0765
20
128.3910
0
VERTEX
8
CUT
10
69.1548
20
128.1340
0
VERTEX
8
CUT
10
69.2602
20
127.8869
0
VERTEX
8
CUT
10
69.3916
20
127.6525
0
VERTEX
8
CUT
10
71.1508
20
124.8747
0
VERTEX
8
CUT
10
71.1536
20
124.8700
0
VERTEX
8
CUT
10
71.1775
20
124.8242
0
VERTEX
8
CUT
10
71.1877
20
124.7994
0
VERTEX
8
CUT
10
71.1955
20
124.7767
0
VERTEX
8
CUT
10
71.2952
20
124.4583
0
VERTEX
8
CUT
10
71.3104
20
124.3999
0
VERTEX
8
CUT
10
71.2919
20
124.3750
0
VERTEX
8
CUT
10
71.2566
20
124.3220
0
VERTEX
8
CUT
10
71.1493
20
124.3831
0
VERTEX
8
CUT
10
71.0541
20
124.4313
0
VERTEX
8
CUT
10
69.7286
20
125.1497
0
VERTEX
8
CUT
10
69.7107
20
125.1599
0
VERTEX
8
CUT
10
69.6623
20
125.1931
0
VERTEX
8
CUT
10
69.4515
20
125.3227
0
VERTEX
8
CUT
10
69.2288
20
125.4307
0
VERTEX
8
CUT
10
68.9966
20
125.5163
0
VERTEX
8
CUT
10
68.7570
20
125.5784
0
VERTEX
8
CUT
10
68.5125
20
125.6166
0
VERTEX
8
CUT
10
68.2654
20
125.6304
0
VERTEX
8
CUT
10
68.0181
20
125.6197
0
VERTEX
8
CUT
10
67.7731
20
125.5846
0
VERTEX
8
CUT
10
67.5328
20
125.5255
0
VERTEX
8
CUT
10
67.2995
20
125.4429
0
VERTEX
8
CUT
10
67.0755
20
125.3376
0
VERTEX
8
CUT
10
66.8631
20
125.2107
0
VERTEX
8
CUT
10
66.6642
20
125.0634
0
VERTEX
8
CUT
10
66.4808
20
124.8971
0
VERTEX
8
CUT
10
66.3148
20
124.7136
0
VERTEX
8
CUT
10
66.1678
20
124.5145
0
VERTEX
8
CUT
10
66.0411
20
124.3019
0
VERTEX
8
CUT
10
65.7055
20
123.6692
0
VERTEX
8
CUT
10
65.6028
20
123.4507
0
VERTEX
8
CUT
10
65.5217
20
123.2233
0
VERTEX
8
CUT
10
65.4629
20
122.9892
0
VERTEX
8
CUT
10
65.4269
20
122.7505
0
VERTEX
8
CUT
10
65.4141
20
122.5094
0
VERTEX
8
CUT
10
65.4246
20
122.2682
0
VERTEX
8
CUT
10
65.4584
20
122.0292
0
VERTEX
8
CUT
10
65.5150
20
121.7945
0
VERTEX
8
CUT
10
65.5941
20
121.5664
0
VERTEX
8
CUT
10
65.6947
20
121.3469
0
VERTEX
8
CUT
10
65.8161
20
121.1382
0
VERTEX
8
CUT
10
65.9570
20
120.9422
0
VERTEX
8
CUT
10
66.1162
20
120.7607
0
VERTEX
8
CUT
10
66.2921
20
120.5954
0
VERTEX
8
CUT
10
66.4831
20
120.4478
0
VERTEX
8
CUT
10
66.6875
20
120.3193
0
VERTEX
8
CUT
10
66.9034
20
120.2112
0
VERTEX
8
CUT
10
67.1286
20
120.1243
0
VERTEX
8
CUT
10
67.7499
20
119.9188
0
VERTEX
8
CUT
10
67.9665
20
119.8577
0
VERTEX
8
CUT
10
68.1878
20
119.8164
0
VERTEX
8
CUT
10
68.4119
20
119.7952
0
VERTEX
8
CUT
10
69.2824
20
119.7522
0
VERTEX
8
CUT
10
69.3010
20
119.7508
0
VERTEX
8
CUT
10
69.3390
20
119.7454
0
VERTEX
8
CUT
10
69.4326
20
119.7228
0
VERTEX
8
CUT
10
69.6707
20
119.6773
0
VERTEX
8
CUT
10
69.9120
20
119.6552
0
VERTEX
8
CUT
10
70.1544
20
119.6565
0
VERTEX
8
CUT
10
70.3955
20
119.6813
0
VERTEX
8
CUT
10
70.6331
20
119.7293
0
VERTEX
8
CUT
10
70.8649
20
119.8001
0
VERTEX
8
CUT
10
71.0888
20
119.8930
0
VERTEX
8
CUT
10
71.3026
20
120.0072
0
VERTEX
8
CUT
10
71.5044
20
120.1415
0
VERTEX
8
CUT
10
71.6922
20
120.2947
0
VERTEX
8
CUT
10
71.8643
20
120.4654
0
VERTEX
8
CUT
10
72.0190
20
120.6520
0
VERTEX
8
CUT
10
72.0624
20
120.7161
0
VERTEX
8
CUT
10
72.0669
20
120.7133
0
VERTEX
8
CUT
10
72.2890
20
120.6014
0
VERTEX
8
CUT
10
72.5211
20
120.5122
0
VERTEX
8
CUT
10
72.7609
20
120.4464
0
VERTEX
8
CUT
10
73.0061
20
120.4048
0
VERTEX
8
CUT
10
73.2542
20
120.3878
0
VERTEX
8
CUT
10
73.5028
20
120.3955
0
VERTEX
8
CUT
10
73.7494
20
120.4279
0
VERTEX
8
CUT
10
73.9915
20
120.4846
0
VERTEX
8
CUT
10
74.2268
20
120.5650
0
VERTEX
8
CUT
10
74.4530
20
120.6685
0
VERTEX
8
CUT
10
74.4671
20
120.6758
0
VERTEX
8
CUT
10
74.8625
20
120.8811
0
VERTEX
8
CUT
10
75.2904
20
121.1032
0
VERTEX
8
CUT
10
75.3451
20
121.1283
0
VERTEX
8
CUT
10
75.4051
20
121.1308
0
VERTEX
8
CUT
10
75.5133
20
121.1300
0
VERTEX
8
CUT
10
75.7665
20
121.1409
0
VERTEX
8
CUT
10
76.0173
20
121.1775
0
VERTEX
8
CUT
10
76.2631
20
121.2392
0
VERTEX
8
CUT
10
76.5015
20
121.3256
0
VERTEX
8
CUT
10
76.7298
20
121.4356
0
VERTEX
8
CUT
10
76.9458
20
121.5682
0
VERTEX
8
CUT
10
77.1473
20
121.7220
0
VERTEX
8
CUT
10
77.3322
20
121.8954
0
VERTEX
8
CUT
10
77.4986
20
122.0866
0
VERTEX
8
CUT
10
77.6448
20
122.2937
0
VERTEX
8
CUT
10
77.7692
20
122.5145
0
VERTEX
8
CUT
10
77.8707
20
122.7468
0
VERTEX
8
CUT
10
77.9481
20
122.9881
0
VERTEX
8
CUT
10
78.0006
20
123.2361
0
VERTEX
8
CUT
10
78.0278
20
123.4881
0
VERTEX
8
CUT
10
78.0323
20
123.5672
0
VERTEX
8
CUT
10
78.0735
20
123.6236
0
VERTEX
8
CUT
10
78.1141
20
123.6759
0
VERTEX
8
CUT
10
78.8074
20
124.6044
0
VERTEX
8
CUT
10
78.9530
20
124.8223
0
VERTEX
8
CUT
10
79.0750
20
125.0543
0
VERTEX
8
CUT
10
79.1538
20
125.2255
0
VERTEX
8
CUT
10
80.6160
20
128.4001
0
VERTEX
8
CUT
10
80.7068
20
128.6254
0
VERTEX
8
CUT
10
80.7753
20
128.8584
0
VERTEX
8
CUT
10
80.9491
20
129.5775
0
VERTEX
8
CUT
10
81.0017
20
129.8702
0
VERTEX
8
CUT
10
81.0192
20
130.1671
0
VERTEX
8
CUT
10
81.0187
20
130.7829
0
VERTEX
8
CUT
10
81.0086
20
131.0052
0
VERTEX
8
CUT
10
80.9788
20
131.2257
0
VERTEX
8
CUT
10
80.9295
20
131.4426
0
VERTEX
8
CUT
10
80.8611
20
131.6544
0
VERTEX
8
CUT
10
80.5159
20
132.5802
0
VERTEX
8
CUT
10
80.5091
20
132.6001
0
VERTEX
8
CUT
10
80.4983
20
132.6422
0
VERTEX
8
CUT
10
80.4920
20
132.6852
0
VERTEX
8
CUT
10
80.4907
20
132.7062
0
VERTEX
8
CUT
10
80.4343
20
134.1850
0
VERTEX
8
CUT
10
80.4168
20
134.4002
0
VERTEX
8
CUT
10
80.3808
20
134.6130
0
VERTEX
8
CUT
10
80.3265
20
134.8219
0
VERTEX
8
CUT
10
79.5224
20
137.4474
0
VERTEX
8
CUT
10
79.5082
20
137.5032
0
VERTEX
8
CUT
10
79.5459
20
137.5336
0
VERTEX
8
CUT
10
79.6357
20
137.5928
0
VERTEX
8
CUT
10
79.7338
20
137.6445
0
VERTEX
8
CUT
10
79.8364
20
137.6864
0
VERTEX
8
CUT
10
79.9426
20
137.7181
0
VERTEX
8
CUT
10
80.0514
20
137.7393
0
VERTEX
8
CUT
10
80.1673
20
137.7502
0
VERTEX
8
CUT
10
80.1861
20
137.7511
0
VERTEX
8
CUT
10
80.2172
20
137.7525
0
VERTEX
8
CUT
10
80.2171
20
137.7541
0
VERTEX
8
CUT
10
80.2221
20
137.7545
0
VERTEX
8
CUT
10
80.3670
20
137.7612
0
VERTEX
8
CUT
10
80.6113
20
137.7968
0
VERTEX
8
CUT
10
80.8510
20
137.8564
0
VERTEX
8
CUT
10
81.0835
20
137.9393
0
VERTEX
8
CUT
10
81.3068
20
138.0447
0
VERTEX
8
CUT
10
81.5186
20
138.1717
0
VERTEX
8
CUT
10
81.7168
20
138.3189
0
VERTEX
8
CUT
10
81.8995
20
138.4850
0
VERTEX
8
CUT
10
82.0650
20
138.6683
0
VERTEX
8
CUT
10
82.2116
20
138.8670
0
VERTEX
8
CUT
10
82.3378
20
139.0792
0
VERTEX
8
CUT
10
82.4425
20
139.3028
0
VERTEX
8
CUT
10
82.5247
20
139.5356
0
VERTEX
8
CUT
10
82.5834
20
139.7755
0
VERTEX
8
CUT
10
82.6183
20
140.0199
0
VERTEX
8
CUT
10
82.6288
20
140.2666
0
VERTEX
8
CUT
10
82.6150
20
140.5131
0
VERTEX
8
CUT
10
82.5769
20
140.7571
0
VERTEX
8
CUT
10
82.5149
20
140.9961
0
VERTEX
8
CUT
10
82.4296
20
141.2278
0
VERTEX
8
CUT
10
82.3219
20
141.4500
0
VERTEX
8
CUT
10
82.1928
20
141.6605
0
VERTEX
8
CUT
10
81.4161
20
142.7969
0
VERTEX
8
CUT
10
81.2904
20
142.9652
0
VERTEX
8
CUT
10
81.1510
20
143.1224
0
VERTEX
8
CUT
10
81.0490
20
143.2196
0
VERTEX
8
CUT
10
80.9899
20
143.2773
0
VERTEX
8
CUT
10
79.3708
20
144.7220
0
VERTEX
8
CUT
10
79.3687
20
144.7278
0
VERTEX
8
CUT
10
79.3639
20
144.7465
0
VERTEX
8
CUT
10
79.2123
20
145.3931
0
VERTEX
8
CUT
10
79.1264
20
145.6808
0
VERTEX
8
CUT
10
79.0066
20
145.9560
0
VERTEX
8
CUT
10
78.9760
20
146.0161
0
VERTEX
8
CUT
10
78.6951
20
146.5684
0
VERTEX
8
CUT
10
78.5739
20
146.7803
0
VERTEX
8
CUT
10
78.4327
20
146.9794
0
VERTEX
8
CUT
10
74.0418
20
152.5684
0
VERTEX
8
CUT
10
74.0208
20
152.5960
0
VERTEX
8
CUT
10
74.0005
20
152.6241
0
VERTEX
8
CUT
10
72.7787
20
154.3808
0
VERTEX
8
CUT
10
72.6321
20
154.5713
0
VERTEX
8
CUT
10
72.4679
20
154.7468
0
VERTEX
8
CUT
10
72.2876
20
154.9058
0
VERTEX
8
CUT
10
72.0929
20
155.0467
0
VERTEX
8
CUT
10
71.8855
20
155.1682
0
VERTEX
8
CUT
10
71.6674
20
155.2693
0
VERTEX
8
CUT
10
71.4406
20
155.3490
0
VERTEX
8
CUT
10
71.2072
20
155.4065
0
VERTEX
8
CUT
10
70.9694
20
155.4414
0
VERTEX
8
CUT
10
70.7293
20
155.4532
0
VERTEX
8
CUT
10
70.4892
20
155.4419
0
VERTEX
8
CUT
10
70.2513
20
155.4077
0
VERTEX
8
CUT
10
70.0178
20
155.3507
0
VERTEX
8
CUT
10
69.7908
20
155.2716
0
VERTEX
8
CUT
10
69.5725
20
155.1710
0
VERTEX
8
CUT
10
69.3649
20
155.0500
0
VERTEX
8
CUT
10
69.1698
20
154.9095
0
VERTEX
8
CUT
10
68.9891
20
154.7510
0
VERTEX
8
CUT
10
68.8245
20
154.5758
0
VERTEX
8
CUT
10
68.6774
20
154.3857
0
VERTEX
8
CUT
10
68.5493
20
154.1823
0
VERTEX
8
CUT
10
68.4414
20
153.9675
0
VERTEX
8
CUT
10
68.3545
20
153.7434
0
VERTEX
8
CUT
10
67.4489
20
151.0251
0
VERTEX
8
CUT
10
67.3907
20
150.8224
0
VERTEX
8
CUT
10
67.1878
20
149.9830
0
VERTEX
8
CUT
10
67.1420
20
149.7431
0
VERTEX
8
CUT
10
67.1199
20
149.5000
0
VERTEX
8
CUT
10
67.0718
20
148.3492
0
VERTEX
8
CUT
10
67.0705
20
148.3301
0
VERTEX
8
CUT
10
67.0587
20
148.2484
0
VERTEX
8
CUT
10
67.0545
20
148.2297
0
VERTEX
8
CUT
10
66.7928
20
147.1840
0
VERTEX
8
CUT
10
66.7872
20
147.1638
0
VERTEX
8
CUT
10
66.7555
20
147.0788
0
VERTEX
8
CUT
10
66.7465
20
147.0598
0
VERTEX
8
CUT
10
66.5450
20
146.6618
0
VERTEX
8
CUT
10
66.5395
20
146.6509
0
VERTEX
8
CUT
10
66.4374
20
146.4213
0
VERTEX
8
CUT
10
66.3589
20
146.1825
0
VERTEX
8
CUT
10
66.3047
20
145.9371
0
VERTEX
8
CUT
10
66.2754
20
145.6875
0
SEQEND
0
POLYLINE
8
CUT
66
1
70
1
10
0.0
20
0.0
30
0.0
0
VERTEX
8
CUT
10
69.1172
20
250.0652
0
VERTEX
8
CUT
10
69.2704
20
249.8659
0
VERTEX
8
CUT
10
69.4428
20
249.6831
0
VERTEX
8
CUT
10
69.6327
20
249.5184
0
VERTEX
8
CUT
10
69.8382
20
249.3737
0
VERTEX
8
CUT
10
70.0572
20
249.2504
0
VERTEX
8
CUT
10
70.0587
20
249.2496
0
VERTEX
8
CUT
10
71.0695
20
248.7453
0
VERTEX
8
CUT
10
71.3295
20
248.6335
0
VERTEX
8
CUT
10
71.6004
20
248.5518
0
VERTEX
8
CUT
10
72.2115
20
248.4046
0
VERTEX
8
CUT
10
72.5045
20
248.3523
0
VERTEX
8
CUT
10
72.8016
20
248.3352
0
VERTEX
8
CUT
10
73.5051
20
248.3366
0
VERTEX
8
CUT
10
73.7348
20
248.3476
0
VERTEX
8
CUT
10
73.9624
20
248.3797
0
VERTEX
8
CUT
10
74.1862
20
248.4325
0
VERTEX
8
CUT
10
74.4041
20
248.5057
0
VERTEX
8
CUT
10
74.6144
20
248.5986
0
VERTEX
8
CUT
10
74.8988
20
248.7402
0
VERTEX
8
CUT
10
75.1337
20
248.8735
0
VERTEX
8
CUT
10
75.3528
20
249.0313
0
VERTEX
8
CUT
10
75.5537
20
249.2118
0
VERTEX
8
CUT
10
76.5060
20
250.1656
0
VERTEX
8
CUT
10
76.6598
20
250.3344
0
VERTEX
8
CUT
10
76.7976
20
250.5165
0
VERTEX
8
CUT
10
76.9181
20
250.7105
0
VERTEX
8
CUT
10
77.0205
20
250.9146
0
VERTEX
8
CUT
10
77.1038
20
251.1272
0
VERTEX
8
CUT
10
77.3585
20
251.8762
0
VERTEX
8
CUT
10
77.4310
20
252.1341
0
VERTEX
8
CUT
10
77.4756
20
252.3982
0
VERTEX
8
CUT
10
77.4916
20
252.6656
0
VERTEX
8
CUT
10
77.4926
20
252.8366
0
VERTEX
8
CUT
10
77.4812
20
253.0911
0
VERTEX
8
CUT
10
77.4440
20
253.3431
0
VERTEX
8
CUT
10
77.3813
20
253.5900
0
VERTEX
8
CUT
10
77.2938
20
253.8293
0
VERTEX
8
CUT
10
76.8495
20
254.8756
0
VERTEX
8
CUT
10
76.7453
20
255.0915
0
VERTEX
8
CUT
10
76.6209
20
255.2965
0
VERTEX
8
CUT
10
76.4774
20
255.4887
0
VERTEX
8
CUT
10
76.3161
20
255.6661
0
VERTEX
8
CUT
10
75.5240
20
256.4583
0
VERTEX
8
CUT
10
75.3178
20
256.6428
0
VERTEX
8
CUT
10
75.0926
20
256.8034
0
VERTEX
8
CUT
10
74.8510
20
256.9381
0
VERTEX
8
CUT
10
74.6172
20
257.0520
0
VERTEX
8
CUT
10
74.4092
20
257.1419
0
VERTEX
8
CUT
10
74.1938
20
257.2126
0
VERTEX
8
CUT
10
73.9730
20
257.2635
0
VERTEX
8
CUT
10
73.7484
20
257.2942
0
VERTEX
8
CUT
10
73.5220
20
257.3044
0
VERTEX
8
CUT
10
72.1399
20
257.3042
0
VERTEX
8
CUT
10
71.9073
20
257.2933
0
VERTEX
8
CUT
10
71.6767
20
257.2609
0
VERTEX
8
CUT
10
71.4501
20
257.2071
0
VERTEX
8
CUT
10
71.2296
20
257.1324
0
VERTEX
8
CUT
10
71.0169
20
257.0376
0
VERTEX
8
CUT
10
70.8139
20
256.9233
0
VERTEX
8
CUT
10
69.8773
20
256.3371
0
VERTEX
8
CUT
10
69.6370
20
256.1662
0
VERTEX
8
CUT
10
69.4185
20
255.9682
0
VERTEX
8
CUT
10
69.4075
20
255.9570
0
VERTEX
8
CUT
10
69.2521
20
255.7828
0
VERTEX
8
CUT
10
69.1135
20
255.5949
0
VERTEX
8
CUT
10
68.9931
20
255.3949
0
VERTEX
8
CUT
10
68.8918
20
255.1846
0
VERTEX
8
CUT
10
68.4544
20
254.1552
0
VERTEX
8
CUT
10
68.4511
20
254.1476
0
VERTEX
8
CUT
10
68.3650
20
253.9131
0
VERTEX
8
CUT
10
68.3028
20
253.6711
0
VERTEX
8
CUT
10
68.2650
20
253.4241
0
VERTEX
8
CUT
10
68.2520
20
253.1746
0
VERTEX
8
CUT
10
68.2507
20
252.4897
0
VERTEX
8
CUT
10
68.2629
20
252.2378
0
VERTEX
8
CUT
10
68.3005
20
251.9884
0
VERTEX
8
CUT
10
68.3630
20
251.7441
0
VERTEX
8
CUT
10
68.3666
20
251.7341
0
VERTEX
8
CUT
10
68.3731
20
251.7093
0
VERTEX
8
CUT
10
68.4596
20
251.4751
0
VERTEX
8
CUT
10
68.8745
20
250.5046
0
VERTEX
8
CUT
10
68.9848
20
250.2788
0
SEQEND
0
POLYLINE
8
CUT
66
1
70
1
10
0.0
20
0.0
30
0.0
0
VERTEX
8
CUT
10
8.9232
20
149.3321
0
VERTEX
8
CUT
10
8.7415
20
149.1680
0
VERTEX
8
CUT
10
8.5768
20
148.9868
0
VERTEX
8
CUT
10
8.4306
20
148.7905
0
VERTEX
8
CUT
10
8.3043
20
148.5808
0
VERTEX
8
CUT
10
8.1991
20
148.3597
0
VERTEX
8
CUT
10
8.1161
20
148.1294
0
VERTEX
8
CUT
10
8.0560
20
147.8921
0
VERTEX
8
CUT
10
8.0193
20
147.6500
0
VERTEX
8
CUT
10
8.0066
20
147.4055
0
VERTEX
8
CUT
10
8.0000
20
145.3768
0
VERTEX
8
CUT
10
8.0000
20
145.3607
0
VERTEX
8
CUT
10
8.0284
20
136.5391
0
VERTEX
8
CUT
10
8.0415
20
136.2913
0
VERTEX
8
CUT
10
8.0791
20
136.0461
0
VERTEX
8
CUT
10
8.1408
20
135.8058
0
VERTEX
8
CUT
10
8.2261
20
135.5729
0
VERTEX
8
CUT
10
8.3340
20
135.3495
0
VERTEX
8
CUT
10
8.4635
20
135.1379
0
VERTEX
8
CUT
10
8.6133
20
134.9402
0
VERTEX
8
CUT
10
8.7820
20
134.7583
0
VERTEX
8
CUT
10
8.9679
20
134.5940
0
VERTEX
8
CUT
10
9.1692
20
134.4489
0
VERTEX
8
CUT
10
9.3838
20
134.3245
0
VERTEX
8
CUT
10
9.6097
20
134.2220
0
VERTEX
8
CUT
10
9.8447
20
134.1424
0
VERTEX
8
CUT
10
10.0864
20
134.0865
0
VERTEX
8
CUT
10
10.3324
20
134.0548
0
VERTEX
8
CUT
10
10.5804
20
134.0477
0
VERTEX
8
CUT
10
10.8279
20
134.0651
0
VERTEX
8
CUT
10
11.0724
20
134.1070
0
VERTEX
8
CUT
10
11.2798
20
134.1642
0
VERTEX
8
CUT
10
11.2800
20
134.1634
0
VERTEX
8
CUT
10
11.3282
20
134.1779
0
VERTEX
8
CUT
10
11.3679
20
134.1867
0
VERTEX
8
CUT
10
11.4083
20
134.1915
0
VERTEX
8
CUT
10
11.4271
20
134.1923
0
VERTEX
8
CUT
10
13.4901
20
134.2270
0
VERTEX
8
CUT
10
13.7310
20
134.2427
0
VERTEX
8
CUT
10
13.9693
20
134.2816
0
VERTEX
8
CUT
10
14.2027
20
134.3433
0
VERTEX
8
CUT
10
14.4291
20
134.4272
0
VERTEX
8
CUT
10
14.4412
20
134.4323
0
VERTEX
8
CUT
10
14.4571
20
134.4387
0
VERTEX
8
CUT
10
14.4926
20
134.4501
0
VERTEX
8
CUT
10
14.5291
20
134.4583
0
VERTEX
8
CUT
10
14.5455
20
134.4608
0
VERTEX
8
CUT
10
16.8611
20
134.7592
0
VERTEX
8
CUT
10
17.0550
20
134.7920
0
VERTEX
8
CUT
10
17.2458
20
134.8399
0
VERTEX
8
CUT
10
21.6180
20
136.1237
0
VERTEX
8
CUT
10
21.8006
20
136.1850
0
VERTEX
8
CUT
10
21.9779
20
136.2602
0
VERTEX
8
CUT
10
26.3296
20
138.3075
0
VERTEX
8
CUT
10
26.4961
20
138.3935
0
VERTEX
8
CUT
10
26.6557
20
138.4919
0
VERTEX
8
CUT
10
31.4642
20
141.7094
0
VERTEX
8
CUT
10
31.7104
20
141.8972
0
VERTEX
8
CUT
10
33.6694
20
143.5935
0
VERTEX
8
CUT
10
33.8121
20
143.7272
0
VERTEX
8
CUT
10
38.5469
20
148.5239
0
VERTEX
8
CUT
10
38.7243
20
148.7240
0
VERTEX
8
CUT
10
41.6499
20
152.4025
0
VERTEX
8
CUT
10
41.8151
20
152.6366
0
VERTEX
8
CUT
10
43.8300
20
155.8704
0
VERTEX
8
CUT
10
43.8727
20
155.9342
0
VERTEX
8
CUT
10
43.9194
20
155.9952
0
VERTEX
8
CUT
10
45.5137
20
157.9422
0
VERTEX
8
CUT
10
45.7041
20
158.2085
0
VERTEX
8
CUT
10
47.1550
20
160.5482
0
VERTEX
8
CUT
10
47.1579
20
160.5527
0
VERTEX
8
CUT
10
47.2062
20
160.6181
0
VERTEX
8
CUT
10
47.2181
20
160.6323
0
VERTEX
8
CUT
10
49.6782
20
163.4158
0
VERTEX
8
CUT
10
49.7057
20
163.4460
0
VERTEX
8
CUT
10
49.7343
20
163.4751
0
VERTEX
8
CUT
10
52.2988
20
166.0044
0
VERTEX
8
CUT
10
52.3602
20
166.0608
0
VERTEX
8
CUT
10
52.4253
20
166.1128
0
VERTEX
8
CUT
10
55.5156
20
168.4068
0
VERTEX
8
CUT
10
55.5792
20
168.4509
0
VERTEX
8
CUT
10
55.6455
20
168.4907
0
VERTEX
8
CUT
10
58.0531
20
169.8334
0
VERTEX
8
CUT
10
58.0575
20
169.8358
0
VERTEX
8
CUT
10
58.1274
20
169.8680
0
VERTEX
8
CUT
10
58.1437
20
169.8744
0
VERTEX
8
CUT
10
61.1594
20
170.9724
0
VERTEX
8
CUT
10
61.2356
20
170.9973
0
VERTEX
8
CUT
10
61.3133
20
171.0170
0
VERTEX
8
CUT
10
63.8117
20
171.5614
0
VERTEX
8
CUT
10
63.8288
20
171.5647
0
VERTEX
8
CUT
10
63.9035
20
171.5738
0
VERTEX
8
CUT
10
63.9209
20
171.5747
0
VERTEX
8
CUT
10
64.2868
20
171.5855
0
VERTEX
8
CUT
10
64.5359
20
171.6053
0
VERTEX
8
CUT
10
64.7819
20
171.6498
0
VERTEX
8
CUT
10
65.0221
20
171.7188
0
VERTEX
8
CUT
10
65.2543
20
171.8113
0
VERTEX
8
CUT
10
65.4761
20
171.9266
0
VERTEX
8
CUT
10
65.6852
20
172.0634
0
VERTEX
8
CUT
10
65.8796
20
172.2205
0
VERTEX
8
CUT
10
66.0574
20
172.3962
0
VERTEX
8
CUT
10
66.2168
20
172.5887
0
VERTEX
8
CUT
10
66.3561
20
172.7962
0
VERTEX
8
CUT
10
66.4740
20
173.0166
0
VERTEX
8
CUT
10
66.5694
20
173.2477
0
VERTEX
8
CUT
10
66.6411
20
173.4871
0
VERTEX
8
CUT
10
66.6886
20
173.7325
0
VERTEX
8
CUT
10
66.7114
20
173.9814
0
VERTEX
8
CUT
10
66.7422
20
174.7290
0
VERTEX
8
CUT
10
66.7426
20
174.7345
0
VERTEX
8
CUT
10
66.7531
20
174.8184
0
VERTEX
8
CUT
10
66.7567
20
174.8372
0
VERTEX
8
CUT
10
66.8653
20
175.3312
0
VERTEX
8
CUT
10
66.9058
20
175.5693
0
VERTEX
8
CUT
10
66.9230
20
175.8102
0
VERTEX
8
CUT
10
66.9169
20
176.0516
0
VERTEX
8
CUT
10
66.8876
20
176.2914
0
VERTEX
8
CUT
10
66.8353
20
176.5272
0
VERTEX
8
CUT
10
66.7604
20
176.7568
0
VERTEX
8
CUT
10
66.6638
20
176.9781
0
VERTEX
8
CUT
10
66.5462
20
177.1891
0
VERTEX
8
CUT
10
66.4088
20
177.3878
0
VERTEX
8
CUT
10
66.2529
20
177.5722
0
VERTEX
8
CUT
10
66.0800
20
177.7408
0
VERTEX
8
CUT
10
65.8915
20
177.8919
0
VERTEX
8
CUT
10
65.6894
20
178.0241
0
VERTEX
8
CUT
10
65.4754
20
178.1361
0
VERTEX
8
CUT
10
65.2517
20
178.2271
0
VERTEX
8
CUT
10
65.0202
20
178.2959
0
VERTEX
8
CUT
10
64.7831
20
178.3422
0
VERTEX
8
CUT
10
64.5427
20
178.3653
0
VERTEX
8
CUT
10
64.3012
20
178.3651
0
VERTEX
8
CUT
10
64.0608
20
178.3417
0
VERTEX
8
CUT
10
63.8238
20
178.2951
0
VERTEX
8
CUT
10
62.2111
20
177.8965
0
VERTEX
8
CUT
10
61.9250
20
177.8073
0
VERTEX
8
CUT
10
61.6517
20
177.6845
0
VERTEX
8
CUT
10
61.0894
20
177.3902
0
VERTEX
8
CUT
10
61.0844
20
177.3877
0
VERTEX
8
CUT
10
61.0388
20
177.3686
0
VERTEX
8
CUT
10
61.0100
20
177.3622
0
VERTEX
8
CUT
10
60.9854
20
177.3584
0
VERTEX
8
CUT
10
60.6584
20
177.3160
0
VERTEX
8
CUT
10
60.4433
20
177.2785
0
VERTEX
8
CUT
10
60.2324
20
177.2224
0
VERTEX
8
CUT
10
60.0271
20
177.1482
0
VERTEX
8
CUT
10
59.8291
20
177.0562
0
VERTEX
8
CUT
10
58.8838
20
176.5663
0
VERTEX
8
CUT
10
58.8789
20
176.5639
0
VERTEX
8
CUT
10
58.8309
20
176.5438
0
VERTEX
8
CUT
10
58.8051
20
176.5358
0
VERTEX
8
CUT
10
58.7817
20
176.5300
0
VERTEX
8
CUT
10
58.5854
20
176.4870
0
VERTEX
8
CUT
10
58.3638
20
176.4277
0
VERTEX
8
CUT
10
58.1486
20
176.3483
0
VERTEX
8
CUT
10
57.9415
20
176.2495
0
VERTEX
8
CUT
10
54.2908
20
174.2974
0
VERTEX
8
CUT
10
54.0222
20
174.1311
0
VERTEX
8
CUT
10
49.3792
20
170.8338
0
VERTEX
8
CUT
10
49.2173
20
170.7086
0
VERTEX
8
CUT
10
45.9895
20
167.9933
0
VERTEX
8
CUT
10
45.8744
20
167.8902
0
VERTEX
8
CUT
10
43.1911
20
165.3338
0
VERTEX
8
CUT
10
43.1873
20
165.3303
0
VERTEX
8
CUT
10
43.1491
20
165.2993
0
VERTEX
8
CUT
10
43.1280
20
165.2850
0
VERTEX
8
CUT
10
43.1083
20
165.2733
0
VERTEX
8
CUT
10
42.4895
20
164.9249
0
VERTEX
8
CUT
10
42.2435
20
164.7667
0
VERTEX
8
CUT
10
42.0176
20
164.5809
0
VERTEX
8
CUT
10
40.4853
20
163.1623
0
VERTEX
8
CUT
10
40.4484
20
163.1295
0
VERTEX
8
CUT
10
40.4101
20
163.0982
0
VERTEX
8
CUT
10
37.8385
20
161.0856
0
VERTEX
8
CUT
10
37.8028
20
161.0588
0
VERTEX
8
CUT
10
37.7662
20
161.0333
0
VERTEX
8
CUT
10
31.2060
20
156.6479
0
VERTEX
8
CUT
10
31.1427
20
156.6084
0
VERTEX
8
CUT
10
31.0772
20
156.5730
0
VERTEX
8
CUT
10
25.1247
20
153.5929
0
VERTEX
8
CUT
10
25.0476
20
153.5577
0
VERTEX
8
CUT
10
24.9683
20
153.5280
0
VERTEX
8
CUT
10
17.4997
20
151.0371
0
VERTEX
8
CUT
10
17.4946
20
151.0355
0
VERTEX
8
CUT
10
17.4448
20
151.0233
0
VERTEX
8
CUT
10
17.4185
20
151.0194
0
VERTEX
8
CUT
10
17.3948
20
151.0173
0
VERTEX
8
CUT
10
16.7624
20
150.9774
0
VERTEX
8
CUT
10
16.5177
20
150.9498
0
VERTEX
8
CUT
10
16.2770
20
150.8983
0
VERTEX
8
CUT
10
14.6717
20
150.4712
0
VERTEX
8
CUT
10
14.6518
20
150.4664
0
VERTEX
8
CUT
10
14.5643
20
150.4531
0
VERTEX
8
CUT
10
14.5438
20
150.4517
0
VERTEX
8
CUT
10
13.9528
20
150.4270
0
VERTEX
8
CUT
10
13.7170
20
150.4059
0
VERTEX
8
CUT
10
13.4842
20
150.3625
0
VERTEX
8
CUT
10
13.2566
20
150.2974
0
VERTEX
8
CUT
10
13.0361
20
150.2110
0
VERTEX
8
CUT
10
13.0270
20
150.2069
0
VERTEX
8
CUT
10
13.0104
20
150.2000
0
VERTEX
8
CUT
10
12.9739
20
150.1876
0
VERTEX
8
CUT
10
12.9356
20
150.1825
0
VERTEX
8
CUT
10
12.9177
20
150.1814
0
VERTEX
8
CUT
10
11.9414
20
150.1445
0
VERTEX
8
CUT
10
11.6780
20
150.1205
0
VERTEX
8
CUT
10
11.4185
20
150.0689
0
VERTEX
8
CUT
10
11.1660
20
149.9901
0
VERTEX
8
CUT
10
10.9662
20
149.9159
0
VERTEX
8
CUT
10
10.9505
20
149.9105
0
VERTEX
8
CUT
10
10.9158
20
149.9010
0
VERTEX
8
CUT
10
10.8804
20
149.8979
0
VERTEX
8
CUT
10
10.8636
20
149.8975
0
VERTEX
8
CUT
10
10.5062
20
149.8975
0
VERTEX
8
CUT
10
10.2617
20
149.8854
0
VERTEX
8
CUT
10
10.0196
20
149.8496
0
VERTEX
8
CUT
10
9.7820
20
149.7902
0
VERTEX
8
CUT
10
9.5515
20
149.7078
0
VERTEX
8
CUT
10
9.3301
20
149.6034
0
VERTEX
8
CUT
10
9.1200
20
149.4777
0
SEQEND
0
POLYLINE
8
CUT
66
1
70
1
10
0.0
20
0.0
30
0.0
0
VERTEX
8
CUT
10
50.7144
20
96.9301
0
VERTEX
8
CUT
10
50.8061
20
96.7071
0
VERTEX
8
CUT
10
50.9189
20
96.4941
0
VERTEX
8
CUT
10
51.0517
20
96.2928
0
VERTEX
8
CUT
10
51.2032
20
96.1053
0
VERTEX
8
CUT
10
51.3721
20
95.9333
0
VERTEX
8
CUT
10
51.5568
20
95.7784
0
VERTEX
8
CUT
10
51.7555
20
95.6419
0
VERTEX
8
CUT
10
51.9664
20
95.5252
0
VERTEX
8
CUT
10
52.1877
20
95.4294
0
VERTEX
8
CUT
10
52.4171
20
95.3553
0
VERTEX
8
CUT
10
52.6525
20
95.3037
0
VERTEX
8
CUT
10
52.8919
20
95.2750
0
VERTEX
8
CUT
10
53.1329
20
95.2695
0
VERTEX
8
CUT
10
53.3733
20
95.2872
0
VERTEX
8
CUT
10
53.6109
20
95.3280
0
VERTEX
8
CUT
10
53.8435
20
95.3915
0
VERTEX
8
CUT
10
54.0688
20
95.4771
0
VERTEX
8
CUT
10
54.2849
20
95.5840
0
VERTEX
8
CUT
10
54.4897
20
95.7112
0
VERTEX
8
CUT
10
54.6813
20
95.8575
0
VERTEX
8
CUT
10
54.8578
20
96.0216
0
VERTEX
8
CUT
10
60.9229
20
102.2298
0
VERTEX
8
CUT
10
61.0713
20
102.3959
0
VERTEX
8
CUT
10
61.2043
20
102.5745
0
VERTEX
8
CUT
10
61.3209
20
102.7642
0
VERTEX
8
CUT
10
62.5779
20
105.0306
0
VERTEX
8
CUT
10
62.6769
20
105.2294
0
VERTEX
8
CUT
10
62.7579
20
105.4363
0
VERTEX
8
CUT
10
62.8202
20
105.6494
0
VERTEX
8
CUT
10
62.8633
20
105.8673
0
VERTEX
8
CUT
10
63.0820
20
107.3053
0
VERTEX
8
CUT
10
63.1052
20
107.5200
0
VERTEX
8
CUT
10
63.1098
20
107.7360
0
VERTEX
8
CUT
10
63.0958
20
107.9515
0
VERTEX
8
CUT
10
63.0932
20
107.9747
0
VERTEX
8
CUT
10
63.0587
20
108.1979
0
VERTEX
8
CUT
10
63.0042
20
108.4170
0
VERTEX
8
CUT
10
62.9301
20
108.6303
0
VERTEX
8
CUT
10
62.7008
20
109.2055
0
VERTEX
8
CUT
10
62.5969
20
109.4325
0
VERTEX
8
CUT
10
62.4709
20
109.6480
0
VERTEX
8
CUT
10
62.3240
20
109.8498
0
VERTEX
8
CUT
10
62.1577
20
110.0360
0
VERTEX
8
CUT
10
61.6010
20
110.6000
0
VERTEX
8
CUT
10
61.4253
20
110.7616
0
VERTEX
8
CUT
10
61.2351
20
110.9058
0
VERTEX
8
CUT
10
61.0319
20
111.0312
0
VERTEX
8
CUT
10
60.8178
20
111.1367
0
VERTEX
8
CUT
10
60.5945
20
111.2212
0
VERTEX
8
CUT
10
60.3642
20
111.2841
0
VERTEX
8
CUT
10
60.1289
20
111.3247
0
VERTEX
8
CUT
10
59.8909
20
111.3427
0
VERTEX
8
CUT
10
59.2590
20
111.3601
0
VERTEX
8
CUT
10
59.0272
20
111.3558
0
VERTEX
8
CUT
10
58.7969
20
111.3300
0
VERTEX
8
CUT
10
58.5699
20
111.2830
0
VERTEX
8
CUT
10
58.1022
20
111.1633
0
VERTEX
8
CUT
10
57.8658
20
111.0901
0
VERTEX
8
CUT
10
57.6378
20
110.9939
0
VERTEX
8
CUT
10
57.4204
20
110.8757
0
VERTEX
8
CUT
10
56.5788
20
110.3623
0
VERTEX
8
CUT
10
56.3655
20
110.2166
0
VERTEX
8
CUT
10
56.1683
20
110.0495
0
VERTEX
8
CUT
10
55.5791
20
109.4956
0
VERTEX
8
CUT
10
55.4145
20
109.3255
0
VERTEX
8
CUT
10
55.2667
20
109.1406
0
VERTEX
8
CUT
10
53.9782
20
107.3616
0
VERTEX
8
CUT
10
53.8685
20
107.1968
0
VERTEX
8
CUT
10
53.7722
20
107.0239
0
VERTEX
8
CUT
10
53.3903
20
106.2692
0
VERTEX
8
CUT
10
53.2585
20
105.9580
0
VERTEX
8
CUT
10
50.7071
20
98.5863
0
VERTEX
8
CUT
10
50.6393
20
98.3550
0
VERTEX
8
CUT
10
50.5941
20
98.1182
0
VERTEX
8
CUT
10
50.5720
20
97.8781
0
VERTEX
8
CUT
10
50.5731
20
97.6371
0
VERTEX
8
CUT
10
50.5973
20
97.3972
0
VERTEX
8
CUT
10
50.6446
20
97.1608
0
SEQEND
0
POLYLINE
8
CUT
66
1
70
1
10
0.0
20
0.0
30
0.0
0
VERTEX
8
CUT
10
10.5913
20
66.9141
0
VERTEX
8
CUT
10
10.4501
20
66.7196
0
VERTEX
8
CUT
10
10.3283
20
66.5124
0
VERTEX
8
CUT
10
10.2269
20
66.2945
0
VERTEX
8
CUT
10
10.1469
20
66.0678
0
VERTEX
8
CUT
10
10.0891
20
65.8345
0
VERTEX
8
CUT
10
10.0539
20
65.5968
0
VERTEX
8
CUT
10
10.0417
20
65.3567
0
VERTEX
8
CUT
10
10.0526
20
65.1166
0
VERTEX
8
CUT
10
10.2135
20
63.4028
0
VERTEX
8
CUT
10
10.2237
20
63.3118
0
VERTEX
8
CUT
10
10.4735
20
61.4043
0
VERTEX
8
CUT
10
10.5163
20
61.1670
0
VERTEX
8
CUT
10
10.5818
20
60.9350
0
VERTEX
8
CUT
10
10.6692
20
60.7104
0
VERTEX
8
CUT
10
10.7780
20
60.4952
0
VERTEX
8
CUT
10
10.9069
20
60.2915
0
VERTEX
8
CUT
10
11.0549
20
60.1011
0
VERTEX
8
CUT
10
11.2205
20
59.9259
0
VERTEX
8
CUT
10
11.4022
20
59.7675
0
VERTEX
8
CUT
10
11.5984
20
59.6273
0
VERTEX
8
CUT
10
11.8071
20
59.5067
0
VERTEX
8
CUT
10
12.0265
20
59.4067
0
VERTEX
8
CUT
10
12.2544
20
59.3283
0
VERTEX
8
CUT
10
12.4889
20
59.2723
0
VERTEX
8
CUT
10
12.7277
20
59.2390
0
VERTEX
8
CUT
10
12.9686
20
59.2290
0
VERTEX
8
CUT
10
13.2093
20
59.2422
0
VERTEX
8
CUT
10
13.4476
20
59.2785
0
VERTEX
8
CUT
10
15.5137
20
59.6961
0
VERTEX
8
CUT
10
15.8511
20
59.7893
0
VERTEX
8
CUT
10
20.2989
20
61.3604
0
VERTEX
8
CUT
10
20.6215
20
61.5006
0
VERTEX
8
CUT
10
27.2201
20
64.9391
0
VERTEX
8
CUT
10
27.4945
20
65.1053
0
VERTEX
8
CUT
10
30.9116
20
67.4872
0
VERTEX
8
CUT
10
31.0795
20
67.6152
0
VERTEX
8
CUT
10
34.1867
20
70.1966
0
VERTEX
8
CUT
10
34.3598
20
70.3548
0
VERTEX
8
CUT
10
37.6112
20
73.6171
0
VERTEX
8
CUT
10
37.7738
20
73.7968
0
VERTEX
8
CUT
10
37.9182
20
73.9915
0
VERTEX
8
CUT
10
38.0430
20
74.1992
0
VERTEX
8
CUT
10
38.1472
20
74.4180
0
VERTEX
8
CUT
10
38.2297
20
74.6459
0
VERTEX
8
CUT
10
38.2897
20
74.8807
0
VERTEX
8
CUT
10
38.3267
20
75.1202
0
VERTEX
8
CUT
10
38.3404
20
75.3622
0
VERTEX
8
CUT
10
38.3306
20
75.6043
0
VERTEX
8
CUT
10
38.2973
20
75.8444
0
VERTEX
8
CUT
10
38.2410
20
76.0801
0
VERTEX
8
CUT
10
38.1621
20
76.3093
0
VERTEX
8
CUT
10
38.0614
20
76.5297
0
VERTEX
8
CUT
10
37.9398
20
76.7394
0
VERTEX
8
CUT
10
37.7985
20
76.9363
0
VERTEX
8
CUT
10
37.6388
20
77.1186
0
VERTEX
8
CUT
10
37.4622
20
77.2845
0
VERTEX
8
CUT
10
37.2703
20
77.4326
0
VERTEX
8
CUT
10
37.0651
20
77.5614
0
VERTEX
8
CUT
10
36.8483
20
77.6698
0
VERTEX
8
CUT
10
36.6220
20
77.7566
0
VERTEX
8
CUT
10
36.3884
20
77.8211
0
VERTEX
8
CUT
10
36.1496
20
77.8627
0
VERTEX
8
CUT
10
35.9080
20
77.8810
0
VERTEX
8
CUT
10
35.6657
20
77.8758
0
VERTEX
8
CUT
10
35.4250
20
77.8471
0
VERTEX
8
CUT
10
35.1883
20
77.7953
0
VERTEX
8
CUT
10
34.9576
20
77.7208
0
VERTEX
8
CUT
10
34.7353
20
77.6243
0
VERTEX
8
CUT
10
34.5234
20
77.5068
0
VERTEX
8
CUT
10
34.3238
20
77.3693
0
VERTEX
8
CUT
10
33.7669
20
76.9443
0
VERTEX
8
CUT
10
33.7303
20
76.9175
0
VERTEX
8
CUT
10
33.6927
20
76.8920
0
VERTEX
8
CUT
10
28.9496
20
73.8135
0
VERTEX
8
CUT
10
28.8840
20
73.7739
0
VERTEX
8
CUT
10
28.8161
20
73.7386
0
VERTEX
8
CUT
10
22.0069
20
70.4735
0
VERTEX
8
CUT
10
21.9533
20
70.4494
0
VERTEX
8
CUT
10
21.8985
20
70.4280
0
VERTEX
8
CUT
10
18.9094
20
69.3419
0
VERTEX
8
CUT
10
18.9044
20
69.3402
0
VERTEX
8
CUT
10
18.8560
20
69.3269
0
VERTEX
8
CUT
10
18.8305
20
69.3223
0
VERTEX
8
CUT
10
18.8074
20
69.3195
0
VERTEX
8
CUT
10
18.5096
20
69.2910
0
VERTEX
8
CUT
10
18.2791
20
69.2580
0
VERTEX
8
CUT
10
18.0527
20
69.2037
0
VERTEX
8
CUT
10
17.8323
20
69.1286
0
VERTEX
8
CUT
10
16.9959
20
68.7994
0
VERTEX
8
CUT
10
16.9226
20
68.7733
0
VERTEX
8
CUT
10
16.8478
20
68.7520
0
VERTEX
8
CUT
10
13.6520
20
67.9548
0
VERTEX
8
CUT
10
13.6344
20
67.9508
0
VERTEX
8
CUT
10
13.5577
20
67.9393
0
VERTEX
8
CUT
10
13.5397
20
67.9379
0
VERTEX
8
CUT
10
12.5882
20
67.8872
0
VERTEX
8
CUT
10
12.3787
20
67.8671
0
VERTEX
8
CUT
10
12.1717
20
67.8295
0
VERTEX
8
CUT
10
11.9920
20
67.7890
0
VERTEX
8
CUT
10
11.7603
20
67.7250
0
VERTEX
8
CUT
10
11.5359
20
67.6389
0
VERTEX
8
CUT
10
11.3207
20
67.5318
0
VERTEX
8
CUT
10
11.1169
20
67.4044
0
VERTEX
8
CUT
10
10.9262
20
67.2581
0
VERTEX
8
CUT
10
10.7504
20
67.0942
0
SEQEND
0
POLYLINE
8
CUT
66
1
70
1
10
0.0
20
0.0
30
0.0
0
VERTEX
8
CUT
10
28.7019
20
259.4673
0
VERTEX
8
CUT
10
28.8494
20
259.2677
0
VERTEX
8
CUT
10
29.0159
20
259.0837
0
VERTEX
8
CUT
10
29.0178
20
259.0818
0
VERTEX
8
CUT
10
30.0366
20
258.0631
0
VERTEX
8
CUT
10
30.2359
20
257.8841
0
VERTEX
8
CUT
10
30.4531
20
257.7275
0
VERTEX
8
CUT
10
30.6859
20
257.5950
0
VERTEX
8
CUT
10
30.9337
20
257.4710
0
VERTEX
8
CUT
10
31.1471
20
257.3765
0
VERTEX
8
CUT
10
31.3683
20
257.3022
0
VERTEX
8
CUT
10
31.5956
20
257.2489
0
VERTEX
8
CUT
10
31.8267
20
257.2171
0
VERTEX
8
CUT
10
32.0599
20
257.2069
0
VERTEX
8
CUT
10
32.9192
20
257.2095
0
VERTEX
8
CUT
10
33.1695
20
257.2229
0
VERTEX
8
CUT
10
33.4172
20
257.2612
0
VERTEX
8
CUT
10
33.6598
20
257.3242
0
VERTEX
8
CUT
10
33.8949
20
257.4111
0
VERTEX
8
CUT
10
34.8186
20
257.8063
0
VERTEX
8
CUT
10
35.0405
20
257.9145
0
VERTEX
8
CUT
10
35.2507
20
258.0440
0
VERTEX
8
CUT
10
35.4470
20
258.1937
0
VERTEX
8
CUT
10
35.6276
20
258.3619
0
VERTEX
8
CUT
10
35.7907
20
258.5472
0
VERTEX
8
CUT
10
36.3086
20
259.1973
0
VERTEX
8
CUT
10
36.4693
20
259.4239
0
VERTEX
8
CUT
10
36.6040
20
259.6670
0
VERTEX
8
CUT
10
36.8025
20
260.0779
0
VERTEX
8
CUT
10
36.8918
20
260.2862
0
VERTEX
8
CUT
10
36.9618
20
260.5017
0
VERTEX
8
CUT
10
37.0120
20
260.7226
0
VERTEX
8
CUT
10
37.0420
20
260.9472
0
VERTEX
8
CUT
10
37.0516
20
261.1736
0
VERTEX
8
CUT
10
37.0483
20
262.2334
0
VERTEX
8
CUT
10
37.0371
20
262.4621
0
VERTEX
8
CUT
10
37.0050
20
262.6888
0
VERTEX
8
CUT
10
36.9523
20
262.9116
0
VERTEX
8
CUT
10
36.8794
20
263.1287
0
VERTEX
8
CUT
10
36.7870
20
263.3381
0
VERTEX
8
CUT
10
36.4007
20
264.1155
0
VERTEX
8
CUT
10
36.2676
20
264.3504
0
VERTEX
8
CUT
10
36.1100
20
264.5696
0
VERTEX
8
CUT
10
35.9297
20
264.7706
0
VERTEX
8
CUT
10
35.6636
20
265.0367
0
VERTEX
8
CUT
10
35.4560
20
265.2223
0
VERTEX
8
CUT
10
35.2291
20
265.3837
0
VERTEX
8
CUT
10
34.9857
20
265.5188
0
VERTEX
8
CUT
10
34.2287
20
265.8855
0
VERTEX
8
CUT
10
34.2260
20
265.8868
0
VERTEX
8
CUT
10
34.0189
20
265.9759
0
VERTEX
8
CUT
10
33.8046
20
266.0459
0
VERTEX
8
CUT
10
33.5848
20
266.0963
0
VERTEX
8
CUT
10
33.3614
20
266.1268
0
VERTEX
8
CUT
10
33.1361
20
266.1369
0
VERTEX
8
CUT
10
32.0216
20
266.1369
0
VERTEX
8
CUT
10
31.7901
20
266.1262
0
VERTEX
8
CUT
10
31.5607
20
266.0941
0
VERTEX
8
CUT
10
31.3351
20
266.0408
0
VERTEX
8
CUT
10
31.3216
20
266.0363
0
VERTEX
8
CUT
10
31.3117
20
266.0339
0
VERTEX
8
CUT
10
31.1344
20
265.9733
0
VERTEX
8
CUT
10
31.1155
20
265.9669
0
VERTEX
8
CUT
10
31.1145
20
265.9665
0
VERTEX
8
CUT
10
31.0907
20
265.9584
0
VERTEX
8
CUT
10
30.8777
20
265.8625
0
VERTEX
8
CUT
10
30.6376
20
265.7407
0
VERTEX
8
CUT
10
30.4099
20
265.6097
0
VERTEX
8
CUT
10
30.1973
20
265.4556
0
VERTEX
8
CUT
10
30.0019
20
265.2800
0
VERTEX
8
CUT
10
28.8174
20
264.0968
0
VERTEX
8
CUT
10
28.7641
20
264.0380
0
VERTEX
8
CUT
10
28.6488
20
263.9108
0
VERTEX
8
CUT
10
28.5010
20
263.7112
0
VERTEX
8
CUT
10
28.3738
20
263.4979
0
VERTEX
8
CUT
10
28.2684
20
263.2730
0
VERTEX
8
CUT
10
28.1858
20
263.0388
0
VERTEX
8
CUT
10
28.1268
20
262.7976
0
VERTEX
8
CUT
10
28.0921
20
262.5516
0
VERTEX
8
CUT
10
28.0819
20
262.3035
0
VERTEX
8
CUT
10
28.0907
20
261.3072
0
VERTEX
8
CUT
10
28.1039
20
261.0719
0
VERTEX
8
CUT
10
28.1392
20
260.8388
0
VERTEX
8
CUT
10
28.1963
20
260.6101
0
VERTEX
8
CUT
10
28.2037
20
260.5891
0
VERTEX
8
CUT
10
28.2067
20
260.5771
0
VERTEX
8
CUT
10
28.2849
20
260.3571
0
VERTEX
8
CUT
10
28.4697
20
259.9052
0
VERTEX
8
CUT
10
28.5749
20
259.6805
0
SEQEND
0
POLYLINE
8
CUT
66
1
70
1
10
0.0
20
0.0
30
0.0
0
VERTEX
8
CUT
10
28.1142
20
26.8428
0
VERTEX
8
CUT
10
28.1472
20
26.6172
0
VERTEX
8
CUT
10
28.2006
20
26.3956
0
VERTEX
8
CUT
10
28.2739
20
26.1798
0
VERTEX
8
CUT
10
28.3666
20
25.9716
0
VERTEX
8
CUT
10
28.7423
20
25.2215
0
VERTEX
8
CUT
10
28.8553
20
25.0199
0
VERTEX
8
CUT
10
28.9864
20
24.8295
0
VERTEX
8
CUT
10
29.1346
20
24.6521
0
VERTEX
8
CUT
10
29.2984
20
24.4891
0
VERTEX
8
CUT
10
29.4767
20
24.3419
0
VERTEX
8
CUT
10
29.6677
20
24.2118
0
VERTEX
8
CUT
10
29.8700
20
24.1000
0
VERTEX
8
CUT
10
30.6388
20
23.7200
0
VERTEX
8
CUT
10
30.8477
20
23.6284
0
VERTEX
8
CUT
10
31.0640
20
23.5563
0
VERTEX
8
CUT
10
31.2860
20
23.5041
0
VERTEX
8
CUT
10
31.5118
20
23.4724
0
VERTEX
8
CUT
10
31.7396
20
23.4613
0
VERTEX
8
CUT
10
33.0855
20
23.4577
0
VERTEX
8
CUT
10
33.3163
20
23.4677
0
VERTEX
8
CUT
10
33.5453
20
23.4991
0
VERTEX
8
CUT
10
33.7703
20
23.5514
0
VERTEX
8
CUT
10
33.9896
20
23.6243
0
VERTEX
8
CUT
10
34.2012
20
23.7171
0
VERTEX
8
CUT
10
34.4588
20
23.8446
0
VERTEX
8
CUT
10
34.6984
20
23.9801
0
VERTEX
8
CUT
10
34.9216
20
24.1411
0
VERTEX
8
CUT
10
35.1258
20
24.3256
0
VERTEX
8
CUT
10
35.6100
20
24.8143
0
VERTEX
8
CUT
10
35.7674
20
24.9889
0
VERTEX
8
CUT
10
35.9077
20
25.1775
0
VERTEX
8
CUT
10
36.0297
20
25.3784
0
VERTEX
8
CUT
10
36.1323
20
25.5899
0
VERTEX
8
CUT
10
36.5770
20
26.6287
0
VERTEX
8
CUT
10
36.6637
20
26.8631
0
VERTEX
8
CUT
10
36.7267
20
27.1051
0
VERTEX
8
CUT
10
36.7651
20
27.3521
0
VERTEX
8
CUT
10
36.7787
20
27.6017
0
VERTEX
8
CUT
10
36.7791
20
27.6846
0
VERTEX
8
CUT
10
36.7673
20
27.9384
0
VERTEX
8
CUT
10
36.7298
20
28.1897
0
VERTEX
8
CUT
10
36.6669
20
28.4359
0
VERTEX
8
CUT
10
36.5795
20
28.6744
0
VERTEX
8
CUT
10
36.1274
20
29.7369
0
VERTEX
8
CUT
10
36.0276
20
29.9444
0
VERTEX
8
CUT
10
35.9091
20
30.1418
0
VERTEX
8
CUT
10
35.7730
20
30.3274
0
VERTEX
8
CUT
10
35.6203
20
30.4998
0
VERTEX
8
CUT
10
35.2603
20
30.8705
0
VERTEX
8
CUT
10
35.0889
20
31.0311
0
VERTEX
8
CUT
10
34.9032
20
31.1749
0
VERTEX
8
CUT
10
34.7048
20
31.3007
0
VERTEX
8
CUT
10
34.4955
20
31.4073
0
VERTEX
8
CUT
10
33.4529
20
31.8779
0
VERTEX
8
CUT
10
33.2119
20
31.9720
0
VERTEX
8
CUT
10
32.9625
20
32.0407
0
VERTEX
8
CUT
10
32.7073
20
32.0832
0
VERTEX
8
CUT
10
32.4492
20
32.0992
0
VERTEX
8
CUT
10
32.1907
20
32.0884
0
VERTEX
8
CUT
10
31.9348
20
32.0509
0
VERTEX
8
CUT
10
31.6840
20
31.9872
0
VERTEX
8
CUT
10
31.4413
20
31.8979
0
VERTEX
8
CUT
10
30.5114
20
31.5002
0
VERTEX
8
CUT
10
30.2991
20
31.3973
0
VERTEX
8
CUT
10
30.0975
20
31.2749
0
VERTEX
8
CUT
10
29.9083
20
31.1340
0
VERTEX
8
CUT
10
29.7332
20
30.9759
0
VERTEX
8
CUT
10
28.9581
20
30.2065
0
VERTEX
8
CUT
10
28.7735
20
30.0018
0
VERTEX
8
CUT
10
28.6125
20
29.7781
0
VERTEX
8
CUT
10
28.4772
20
29.5381
0
VERTEX
8
CUT
10
28.3507
20
29.2816
0
VERTEX
8
CUT
10
28.2574
20
29.0679
0
VERTEX
8
CUT
10
28.1844
20
28.8463
0
VERTEX
8
CUT
10
28.1324
20
28.6190
0
VERTEX
8
CUT
10
28.1018
20
28.3878
0
VERTEX
8
CUT
10
28.0928
20
28.1547
0
VERTEX
8
CUT
10
28.1019
20
27.0704
0
SEQEND
0
POLYLINE
8
CUT
66
1
70
1
10
0.0
20
0.0
30
0.0
0
VERTEX
8
CUT
10
29.6064
20
109.5600
0
VERTEX
8
CUT
10
29.8367
20
109.4282
0
VERTEX
8
CUT
10
30.0960
20
109.2975
0
VERTEX
8
CUT
10
30.3070
20
109.2031
0
VERTEX
8
CUT
10
30.5258
20
109.1286
0
VERTEX
8
CUT
10
30.7505
20
109.0747
0
VERTEX
8
CUT
10
30.9793
20
109.0417
0
VERTEX
8
CUT
10
31.2102
20
109.0300
0
VERTEX
8
CUT
10
31.2440
20
109.0299
0
VERTEX
8
CUT
10
31.4822
20
109.0402
0
VERTEX
8
CUT
10
31.7184
20
109.0732
0
VERTEX
8
CUT
10
31.9503
20
109.1285
0
VERTEX
8
CUT
10
32.1760
20
109.2057
0
VERTEX
8
CUT
10
32.6632
20
109.3988
0
VERTEX
8
CUT
10
32.8926
20
109.5033
0
VERTEX
8
CUT
10
33.1102
20
109.6305
0
VERTEX
8
CUT
10
33.3140
20
109.7788
0
VERTEX
8
CUT
10
33.5017
20
109.9470
0
VERTEX
8
CUT
10
33.8972
20
110.3388
0
VERTEX
8
CUT
10
34.0675
20
110.5255
0
VERTEX
8
CUT
10
34.2181
20
110.7286
0
VERTEX
8
CUT
10
34.3475
20
110.9457
0
VERTEX
8
CUT
10
34.4542
20
111.1748
0
VERTEX
8
CUT
10
34.6565
20
111.6734
0
VERTEX
8
CUT
10
34.7354
20
111.8981
0
VERTEX
8
CUT
10
34.7926
20
112.1291
0
VERTEX
8
CUT
10
34.8275
20
112.3646
0
VERTEX
8
CUT
10
34.8399
20
112.6024
0
VERTEX
8
CUT
10
34.8401
20
112.6366
0
VERTEX
8
CUT
10
34.8304
20
112.8676
0
VERTEX
8
CUT
10
34.7994
20
113.0968
0
VERTEX
8
CUT
10
34.7474
20
113.3221
0
VERTEX
8
CUT
10
34.6747
20
113.5416
0
VERTEX
8
CUT
10
34.5821
20
113.7535
0
VERTEX
8
CUT
10
34.1895
20
114.5495
0
VERTEX
8
CUT
10
34.0760
20
114.7547
0
VERTEX
8
CUT
10
33.9438
20
114.9484
0
VERTEX
8
CUT
10
33.7940
20
115.1288
0
VERTEX
8
CUT
10
33.6280
20
115.2944
0
VERTEX
8
CUT
10
33.4472
20
115.4437
0
VERTEX
8
CUT
10
33.2532
20
115.5754
0
VERTEX
8
CUT
10
33.0477
20
115.6884
0
VERTEX
8
CUT
10
32.8130
20
115.8034
0
VERTEX
8
CUT
10
32.6046
20
115.8941
0
VERTEX
8
CUT
10
32.3888
20
115.9654
0
VERTEX
8
CUT
10
32.1674
20
116.0169
0
VERTEX
8
CUT
10
31.9423
20
116.0480
0
VERTEX
8
CUT
10
31.7152
20
116.0586
0
VERTEX
8
CUT
10
31.0843
20
116.0592
0
VERTEX
8
CUT
10
30.8377
20
116.0473
0
VERTEX
8
CUT
10
30.5935
20
116.0111
0
VERTEX
8
CUT
10
30.3541
20
115.9510
0
VERTEX
8
CUT
10
30.1217
20
115.8676
0
VERTEX
8
CUT
10
29.8988
20
115.7616
0
VERTEX
8
CUT
10
29.6873
20
115.6342
0
VERTEX
8
CUT
10
29.4895
20
115.4866
0
VERTEX
8
CUT
10
29.3072
20
115.3202
0
VERTEX
8
CUT
10
28.5889
20
114.5963
0
VERTEX
8
CUT
10
28.4143
20
114.4009
0
VERTEX
8
CUT
10
28.2612
20
114.1883
0
VERTEX
8
CUT
10
28.1311
20
113.9609
0
VERTEX
8
CUT
10
28.0256
20
113.7211
0
VERTEX
8
CUT
10
27.9458
20
113.4716
0
VERTEX
8
CUT
10
27.8923
20
113.2685
0
VERTEX
8
CUT
10
27.8892
20
113.2566
0
VERTEX
8
CUT
10
27.8423
20
113.0398
0
VERTEX
8
CUT
10
27.8148
20
112.8196
0
VERTEX
8
CUT
10
27.8070
20
112.5979
0
VERTEX
8
CUT
10
27.8086
20
112.4164
0
VERTEX
8
CUT
10
27.8212
20
112.1868
0
VERTEX
8
CUT
10
27.8549
20
111.9593
0
VERTEX
8
CUT
10
27.9094
20
111.7358
0
VERTEX
8
CUT
10
27.9160
20
111.7166
0
VERTEX
8
CUT
10
27.9195
20
111.7026
0
VERTEX
8
CUT
10
27.9948
20
111.4879
0
VERTEX
8
CUT
10
28.0892
20
111.2810
0
VERTEX
8
CUT
10
28.2080
20
111.0492
0
VERTEX
8
CUT
10
28.3383
20
110.8247
0
VERTEX
8
CUT
10
28.4912
20
110.6148
0
VERTEX
8
CUT
10
28.6650
20
110.4220
0
VERTEX
8
CUT
10
28.6691
20
110.4178
0
VERTEX
8
CUT
10
29.1940
20
109.8929
0
VERTEX
8
CUT
10
29.3913
20
109.7155
0
SEQEND
0
ENDSEC
0
EOF
