0
SECTION
2
HEADER
9
$ACADVER
1
AC1009
9
$INSUNITS
70
4
0
ENDSEC
0
SECTION
2
TABLES
0
TABLE
2
LAYER
70
1
0
LAYER
2
CUT
70
0
62
7
6
CONTINUOUS
0
ENDTAB
0
ENDSEC
0
SECTION
2
ENTITIES
0
POLYLINE
8
CUT
66
1
70
1
10
0.0
20
0.0
30
0.0
0
VERTEX
8
CUT
10
299.9605
20
299.9971
0
VERTEX
8
CUT
10
299.9634
20
299.9386
0
VERTEX
8
CUT
10
299.9634
20
0.0614
0
VERTEX
8
CUT
10
299.9605
20
0.0029
0
VERTEX
8
CUT
10
299.9021
20
-0.0000
0
VERTEX
8
CUT
10
0.0614
20
-0.0000
0
VERTEX
8
CUT
10
0.0029
20
0.0029
0
VERTEX
8
CUT
10
0.0000
20
0.0614
0
VERTEX
8
CUT
10
0.0000
20
299.9386
0
VERTEX
8
CUT
10
0.0029
20
299.9971
0
VERTEX
8
CUT
10
0.0614
20
300.0000
0
VERTEX
8
CUT
10
299.9021
20
300.0000
0
SEQEND
0
POLYLINE
8
CUT
66
1
70
1
10
0.0
20
0.0
30
0.0
0
VERTEX
8
CUT
10
276.8004
20
119.3794
0
VERTEX
8
CUT
10
277.6887
20
117.3527
0
VERTEX
8
CUT
10
277.7817
20
117.1628
0
VERTEX
8
CUT
10
277.8904
20
116.9815
0
VERTEX
8
CUT
10
278.4589
20
116.1181
0
VERTEX
8
CUT
10
278.6005
20
115.9241
0
VERTEX
8
CUT
10
278.7600
20
115.7445
0
VERTEX
8
CUT
10
278.9361
20
115.5811
0
VERTEX
8
CUT
10
279.1269
20
115.4354
0
VERTEX
8
CUT
10
280.0852
20
114.7741
0
VERTEX
8
CUT
10
280.2761
20
114.6546
0
VERTEX
8
CUT
10
280.4770
20
114.5529
0
VERTEX
8
CUT
10
280.6862
20
114.4696
0
VERTEX
8
CUT
10
281.1899
20
114.2950
0
VERTEX
8
CUT
10
281.4236
20
114.2265
0
VERTEX
8
CUT
10
282.2590
20
114.0254
0
VERTEX
8
CUT
10
282.5520
20
113.9730
0
VERTEX
8
CUT
10
282.8492
20
113.9559
0
VERTEX
8
CUT
10
283.7144
20
113.9576
0
VERTEX
8
CUT
10
283.9669
20
113.9709
0
VERTEX
8
CUT
10
284.2168
20
114.0096
0
VERTEX
8
CUT
10
284.4615
20
114.0734
0
VERTEX
8
CUT
10
284.6985
20
114.1616
0
VERTEX
8
CUT
10
284.7407
20
114.1798
0
VERTEX
8
CUT
10
284.7566
20
114.1862
0
VERTEX
8
CUT
10
284.7903
20
114.1974
0
VERTEX
8
CUT
10
284.8251
20
114.2025
0
VERTEX
8
CUT
10
284.8424
20
114.2040
0
VERTEX
8
CUT
10
285.2244
20
114.2270
0
VERTEX
8
CUT
10
285.4800
20
114.2557
0
VERTEX
8
CUT
10
285.7312
20
114.3104
0
VERTEX
8
CUT
10
285.9755
20
114.3907
0
VERTEX
8
CUT
10
286.2103
20
114.4957
0
VERTEX
8
CUT
10
286.5451
20
114.6665
0
VERTEX
8
CUT
10
286.7712
20
114.7972
0
VERTEX
8
CUT
10
286.9824
20
114.9508
0
VERTEX
8
CUT
10
287.1764
20
115.1256
0
VERTEX
8
CUT
10
288.6917
20
116.6408
0
VERTEX
8
CUT
10
288.8727
20
116.8426
0
VERTEX
8
CUT
10
289.0308
20
117.0628
0
VERTEX
8
CUT
10
289.1641
20
117.2988
0
VERTEX
8
CUT
10
289.5990
20
118.1766
0
VERTEX
8
CUT
10
289.6915
20
118.3871
0
VERTEX
8
CUT
10
289.7642
20
118.6051
0
VERTEX
8
CUT
10
289.8166
20
118.8288
0
VERTEX
8
CUT
10
289.8483
20
119.0565
0
VERTEX
8
CUT
10
289.8589
20
119.2861
0
VERTEX
8
CUT
10
289.8593
20
121.8117
0
VERTEX
8
CUT
10
289.8459
20
122.0705
0
VERTEX
8
CUT
10
289.8058
20
122.3265
0
VERTEX
8
CUT
10
289.7394
20
122.5770
0
VERTEX
8
CUT
10
289.6407
20
122.8840
0
VERTEX
8
CUT
10
289.5309
20
123.1658
0
VERTEX
8
CUT
10
289.3880
20
123.4322
0
VERTEX
8
CUT
10
288.8332
20
124.3310
0
VERTEX
8
CUT
10
288.6646
20
124.5713
0
VERTEX
8
CUT
10
288.4690
20
124.7902
0
VERTEX
8
CUT
10
287.4702
20
125.7839
0
VERTEX
8
CUT
10
287.2718
20
125.9612
0
VERTEX
8
CUT
10
287.0557
20
126.1165
0
VERTEX
8
CUT
10
286.8243
20
126.2480
0
VERTEX
8
CUT
10
285.3901
20
126.9645
0
VERTEX
8
CUT
10
285.1796
20
127.0578
0
VERTEX
8
CUT
10
284.9615
20
127.1313
0
VERTEX
8
CUT
10
284.7375
20
127.1845
0
VERTEX
8
CUT
10
284.5095
20
127.2168
0
VERTEX
8
CUT
10
284.2796
20
127.2280
0
VERTEX
8
CUT
10
282.6087
20
127.2325
0
VERTEX
8
CUT
10
282.3451
20
127.2193
0
VERTEX
8
CUT
10
282.0844
20
127.1784
0
VERTEX
8
CUT
10
281.8295
20
127.1102
0
VERTEX
8
CUT
10
280.7807
20
126.7695
0
VERTEX
8
CUT
10
280.5500
20
126.6818
0
VERTEX
8
CUT
10
280.3291
20
126.5717
0
VERTEX
8
CUT
10
280.1201
20
126.4403
0
VERTEX
8
CUT
10
278.8091
20
125.5232
0
VERTEX
8
CUT
10
278.6042
20
125.3634
0
VERTEX
8
CUT
10
278.4170
20
125.1832
0
VERTEX
8
CUT
10
278.2495
20
124.9845
0
VERTEX
8
CUT
10
278.1036
20
124.7695
0
VERTEX
8
CUT
10
277.5729
20
123.8930
0
VERTEX
8
CUT
10
277.4697
20
123.7048
0
VERTEX
8
CUT
10
277.3830
20
123.5085
0
VERTEX
8
CUT
10
276.9132
20
122.3068
0
VERTEX
8
CUT
10
276.8572
20
122.1482
0
VERTEX
8
CUT
10
276.7013
20
121.6536
0
VERTEX
8
CUT
10
276.6359
20
121.4005
0
VERTEX
8
CUT
10
276.5972
20
121.1420
0
VERTEX
8
CUT
10
276.5858
20
120.8808
0
VERTEX
8
CUT
10
276.5902
20
120.3618
0
VERTEX
8
CUT
10
276.6051
20
120.1095
0
VERTEX
8
CUT
10
276.6454
20
119.8599
0
VERTEX
8
CUT
10
276.7107
20
119.6157
0
SEQEND
0
POLYLINE
8
CUT
66
1
70
1
10
0.0
20
0.0
30
0.0
0
VERTEX
8
CUT
10
185.5456
20
247.6131
0
VERTEX
8
CUT
10
185.6244
20
247.2590
0
VERTEX
8
CUT
10
186.3966
20
244.6847
0
VERTEX
8
CUT
10
186.4651
20
244.4870
0
VERTEX
8
CUT
10
186.5498
20
244.2958
0
VERTEX
8
CUT
10
187.5576
20
242.2559
0
VERTEX
8
CUT
10
187.6999
20
242.0053
0
VERTEX
8
CUT
10
189.5915
20
239.0812
0
VERTEX
8
CUT
10
189.8061
20
238.7963
0
VERTEX
8
CUT
10
192.0470
20
236.2258
0
VERTEX
8
CUT
10
192.2455
20
236.0226
0
VERTEX
8
CUT
10
195.8147
20
232.7629
0
VERTEX
8
CUT
10
195.8961
20
232.6917
0
VERTEX
8
CUT
10
204.1228
20
225.8065
0
VERTEX
8
CUT
10
204.1644
20
225.7700
0
VERTEX
8
CUT
10
204.2043
20
225.7317
0
VERTEX
8
CUT
10
210.5171
20
219.3852
0
VERTEX
8
CUT
10
210.5618
20
219.3377
0
VERTEX
8
CUT
10
210.6040
20
219.2879
0
VERTEX
8
CUT
10
213.8912
20
215.1828
0
VERTEX
8
CUT
10
213.9303
20
215.1313
0
VERTEX
8
CUT
10
213.9666
20
215.0777
0
VERTEX
8
CUT
10
215.9561
20
211.9643
0
VERTEX
8
CUT
10
215.9816
20
211.9225
0
VERTEX
8
CUT
10
216.0055
20
211.8796
0
VERTEX
8
CUT
10
218.5041
20
207.1706
0
VERTEX
8
CUT
10
218.5409
20
207.0950
0
VERTEX
8
CUT
10
218.5723
20
207.0171
0
VERTEX
8
CUT
10
220.8419
20
200.7836
0
VERTEX
8
CUT
10
220.8473
20
200.7678
0
VERTEX
8
CUT
10
220.8656
20
200.7000
0
VERTEX
8
CUT
10
220.8689
20
200.6836
0
VERTEX
8
CUT
10
221.4527
20
197.4379
0
VERTEX
8
CUT
10
221.4995
20
197.2293
0
VERTEX
8
CUT
10
221.5640
20
197.0255
0
VERTEX
8
CUT
10
221.6456
20
196.8279
0
VERTEX
8
CUT
10
221.7078
20
196.6939
0
VERTEX
8
CUT
10
221.7157
20
196.6758
0
VERTEX
8
CUT
10
221.7291
20
196.6369
0
VERTEX
8
CUT
10
221.7345
20
196.5960
0
VERTEX
8
CUT
10
221.7355
20
196.5763
0
VERTEX
8
CUT
10
221.7716
20
195.2981
0
VERTEX
8
CUT
10
221.7898
20
195.0599
0
VERTEX
8
CUT
10
221.8305
20
194.8246
0
VERTEX
8
CUT
10
221.8936
20
194.5942
0
VERTEX
8
CUT
10
222.0027
20
194.2594
0
VERTEX
8
CUT
10
222.0083
20
194.2404
0
VERTEX
8
CUT
10
222.0171
20
194.2000
0
VERTEX
8
CUT
10
222.0217
20
194.1588
0
VERTEX
8
CUT
10
222.0224
20
194.1391
0
VERTEX
8
CUT
10
222.0452
20
191.9316
0
VERTEX
8
CUT
10
222.0453
20
191.9229
0
VERTEX
8
CUT
10
222.0452
20
191.9038
0
VERTEX
8
CUT
10
222.0212
20
189.6805
0
VERTEX
8
CUT
10
222.0205
20
189.6606
0
VERTEX
8
CUT
10
222.0158
20
189.6193
0
VERTEX
8
CUT
10
222.0069
20
189.5788
0
VERTEX
8
CUT
10
222.0012
20
189.5597
0
VERTEX
8
CUT
10
221.8931
20
189.2296
0
VERTEX
8
CUT
10
221.8292
20
188.9974
0
VERTEX
8
CUT
10
221.7880
20
188.7600
0
VERTEX
8
CUT
10
221.7698
20
188.5199
0
VERTEX
8
CUT
10
221.7353
20
187.2604
0
VERTEX
8
CUT
10
221.7343
20
187.2414
0
VERTEX
8
CUT
10
221.7294
20
187.2020
0
VERTEX
8
CUT
10
221.7169
20
187.1643
0
VERTEX
8
CUT
10
221.7096
20
187.1467
0
VERTEX
8
CUT
10
221.6960
20
187.1163
0
VERTEX
8
CUT
10
221.6112
20
186.8989
0
VERTEX
8
CUT
10
221.5470
20
186.6745
0
VERTEX
8
CUT
10
221.5041
20
186.4451
0
VERTEX
8
CUT
10
221.4827
20
186.2127
0
VERTEX
8
CUT
10
221.4523
20
185.5391
0
VERTEX
8
CUT
10
221.4510
20
185.5200
0
VERTEX
8
CUT
10
221.4396
20
185.4408
0
VERTEX
8
CUT
10
221.4355
20
185.4221
0
VERTEX
8
CUT
10
221.1667
20
184.3265
0
VERTEX
8
CUT
10
221.1540
20
184.2790
0
VERTEX
8
CUT
10
221.1395
20
184.2320
0
VERTEX
8
CUT
10
220.3082
20
181.7364
0
VERTEX
8
CUT
10
220.2870
20
181.6779
0
VERTEX
8
CUT
10
220.2629
20
181.6206
0
VERTEX
8
CUT
10
218.8757
20
178.5473
0
VERTEX
8
CUT
10
218.8406
20
178.4759
0
VERTEX
8
CUT
10
218.8009
20
178.4069
0
VERTEX
8
CUT
10
216.5509
20
174.7799
0
VERTEX
8
CUT
10
216.5168
20
174.7279
0
VERTEX
8
CUT
10
216.4800
20
174.6777
0
VERTEX
8
CUT
10
214.7885
20
172.4879
0
VERTEX
8
CUT
10
214.7381
20
172.4270
0
VERTEX
8
CUT
10
214.6839
20
172.3694
0
VERTEX
8
CUT
10
203.9159
20
161.6586
0
VERTEX
8
CUT
10
203.9024
20
161.6458
0
VERTEX
8
CUT
10
203.8722
20
161.6210
0
VERTEX
8
CUT
10
203.8446
20
161.6026
0
VERTEX
8
CUT
10
203.6836
20
161.5049
0
VERTEX
8
CUT
10
203.4825
20
161.3532
0
VERTEX
8
CUT
10
203.2976
20
161.1821
0
VERTEX
8
CUT
10
203.1309
20
160.9932
0
VERTEX
8
CUT
10
202.9841
20
160.7885
0
VERTEX
8
CUT
10
202.8586
20
160.5701
0
VERTEX
8
CUT
10
202.2190
20
159.3141
0
VERTEX
8
CUT
10
202.1325
20
159.1253
0
VERTEX
8
CUT
10
202.0620
20
158.9300
0
VERTEX
8
CUT
10
202.0079
20
158.7295
0
VERTEX
8
CUT
10
201.7237
20
157.4688
0
VERTEX
8
CUT
10
201.7224
20
157.4635
0
VERTEX
8
CUT
10
201.7071
20
157.4145
0
VERTEX
8
CUT
10
201.6971
20
157.3903
0
VERTEX
8
CUT
10
201.6865
20
157.3684
0
VERTEX
8
CUT
10
201.4348
20
156.8807
0
VERTEX
8
CUT
10
201.3388
20
156.6717
0
VERTEX
8
CUT
10
201.2625
20
156.4547
0
VERTEX
8
CUT
10
201.2064
20
156.2317
0
VERTEX
8
CUT
10
201.1711
20
156.0044
0
VERTEX
8
CUT
10
201.1432
20
155.7474
0
VERTEX
8
CUT
10
201.1409
20
155.7302
0
VERTEX
8
CUT
10
201.1337
20
155.6944
0
VERTEX
8
CUT
10
201.1234
20
155.6592
0
VERTEX
8
CUT
10
201.1175
20
155.6433
0
VERTEX
8
CUT
10
200.6956
20
154.5741
0
VERTEX
8
CUT
10
200.5955
20
154.2617
0
VERTEX
8
CUT
10
199.8259
20
151.1766
0
VERTEX
8
CUT
10
199.7795
20
150.9442
0
VERTEX
8
CUT
10
199.7553
20
150.7084
0
VERTEX
8
CUT
10
199.7211
20
150.0844
0
VERTEX
8
CUT
10
199.7197
20
150.0671
0
VERTEX
8
CUT
10
199.7093
20
149.9950
0
VERTEX
8
CUT
10
199.7057
20
149.9780
0
VERTEX
8
CUT
10
198.9559
20
146.8106
0
VERTEX
8
CUT
10
198.9181
20
146.6172
0
VERTEX
8
CUT
10
198.8956
20
146.4213
0
VERTEX
8
CUT
10
198.8587
20
145.9282
0
VERTEX
8
CUT
10
198.8523
20
145.6856
0
VERTEX
8
CUT
10
198.8695
20
145.4436
0
VERTEX
8
CUT
10
198.9101
20
145.2043
0
VERTEX
8
CUT
10
198.9737
20
144.9701
0
VERTEX
8
CUT
10
199.0597
20
144.7432
0
VERTEX
8
CUT
10
199.1673
20
144.5257
0
VERTEX
8
CUT
10
199.2955
20
144.3197
0
VERTEX
8
CUT
10
199.4430
20
144.1270
0
VERTEX
8
CUT
10
199.6085
20
143.9496
0
VERTEX
8
CUT
10
199.7904
20
143.7890
0
VERTEX
8
CUT
10
199.9871
20
143.6469
0
VERTEX
8
CUT
10
200.1966
20
143.5244
0
VERTEX
8
CUT
10
200.4170
20
143.4229
0
VERTEX
8
CUT
10
200.6462
20
143.3432
0
VERTEX
8
CUT
10
200.8820
20
143.2861
0
VERTEX
8
CUT
10
201.1223
20
143.2521
0
VERTEX
8
CUT
10
201.3647
20
143.2416
0
VERTEX
8
CUT
10
201.6070
20
143.2546
0
VERTEX
8
CUT
10
201.8469
20
143.2911
0
VERTEX
8
CUT
10
202.0822
20
143.3507
0
VERTEX
8
CUT
10
202.3105
20
143.4327
0
VERTEX
8
CUT
10
202.5299
20
143.5366
0
VERTEX
8
CUT
10
202.7381
20
143.6612
0
VERTEX
8
CUT
10
202.9332
20
143.8054
0
VERTEX
8
CUT
10
203.1135
20
143.9678
0
VERTEX
8
CUT
10
203.2772
20
144.1470
0
VERTEX
8
CUT
10
206.0401
20
147.4832
0
VERTEX
8
CUT
10
206.0801
20
147.5292
0
VERTEX
8
CUT
10
206.1224
20
147.5730
0
VERTEX
8
CUT
10
208.6558
20
150.0727
0
VERTEX
8
CUT
10
208.6998
20
150.1140
0
VERTEX
8
CUT
10
208.7458
20
150.1531
0
VERTEX
8
CUT
10
211.5567
20
152.4226
0
VERTEX
8
CUT
10
211.6145
20
152.4665
0
VERTEX
8
CUT
10
211.6747
20
152.5068
0
VERTEX
8
CUT
10
216.2365
20
155.3654
0
VERTEX
8
CUT
10
216.3033
20
155.4044
0
VERTEX
8
CUT
10
216.3725
20
155.4390
0
VERTEX
8
CUT
10
219.9640
20
157.0957
0
VERTEX
8
CUT
10
219.9974
20
157.1105
0
VERTEX
8
CUT
10
220.0312
20
157.1243
0
VERTEX
8
CUT
10
225.3585
20
159.2035
0
VERTEX
8
CUT
10
225.6292
20
159.3283
0
VERTEX
8
CUT
10
229.6284
20
161.4688
0
VERTEX
8
CUT
10
229.9241
20
161.6547
0
VERTEX
8
CUT
10
231.6348
20
162.9053
0
VERTEX
8
CUT
10
231.8878
20
163.1172
0
VERTEX
8
CUT
10
233.7813
20
164.9289
0
VERTEX
8
CUT
10
233.8593
20
165.0069
0
VERTEX
8
CUT
10
235.6720
20
166.9014
0
VERTEX
8
CUT
10
235.8835
20
167.1538
0
VERTEX
8
CUT
10
237.1146
20
168.8370
0
VERTEX
8
CUT
10
237.2299
20
169.0093
0
VERTEX
8
CUT
10
237.3306
20
169.1906
0
VERTEX
8
CUT
10
238.6088
20
171.7347
0
VERTEX
8
CUT
10
238.7155
20
171.9787
0
VERTEX
8
CUT
10
239.4925
20
174.0494
0
VERTEX
8
CUT
10
239.5934
20
174.3900
0
VERTEX
8
CUT
10
240.0843
20
176.6192
0
VERTEX
8
CUT
10
240.1234
20
176.8454
0
VERTEX
8
CUT
10
240.1415
20
177.0742
0
VERTEX
8
CUT
10
240.1790
20
178.2083
0
VERTEX
8
CUT
10
240.1801
20
178.2277
0
VERTEX
8
CUT
10
240.1909
20
178.3086
0
VERTEX
8
CUT
10
240.1950
20
178.3277
0
VERTEX
8
CUT
10
240.3619
20
179.0328
0
VERTEX
8
CUT
10
240.4111
20
179.3097
0
VERTEX
8
CUT
10
240.4290
20
179.5905
0
VERTEX
8
CUT
10
240.4432
20
181.5487
0
VERTEX
8
CUT
10
240.4332
20
181.7914
0
VERTEX
8
CUT
10
240.3996
20
182.0321
0
VERTEX
8
CUT
10
240.1900
20
183.1389
0
VERTEX
8
CUT
10
240.1891
20
183.1443
0
VERTEX
8
CUT
10
240.1803
20
183.2259
0
VERTEX
8
CUT
10
240.1794
20
183.2450
0
VERTEX
8
CUT
10
240.1471
20
184.9269
0
VERTEX
8
CUT
10
240.1256
20
185.2091
0
VERTEX
8
CUT
10
240.0724
20
185.4870
0
VERTEX
8
CUT
10
239.9882
20
185.7572
0
VERTEX
8
CUT
10
239.9213
20
185.9354
0
VERTEX
8
CUT
10
239.9143
20
185.9556
0
VERTEX
8
CUT
10
239.9033
20
185.9989
0
VERTEX
8
CUT
10
239.8971
20
186.0431
0
VERTEX
8
CUT
10
239.8959
20
186.0644
0
VERTEX
8
CUT
10
239.8614
20
187.2222
0
VERTEX
8
CUT
10
239.8435
20
187.4555
0
VERTEX
8
CUT
10
239.8039
20
187.6860
0
VERTEX
8
CUT
10
239.7429
20
187.9118
0
VERTEX
8
CUT
10
239.6610
20
188.1310
0
VERTEX
8
CUT
10
239.6399
20
188.1804
0
VERTEX
8
CUT
10
239.6275
20
188.2164
0
VERTEX
8
CUT
10
239.6222
20
188.2553
0
VERTEX
8
CUT
10
239.6210
20
188.2741
0
VERTEX
8
CUT
10
239.5790
20
189.3170
0
VERTEX
8
CUT
10
239.5541
20
189.5822
0
VERTEX
8
CUT
10
239.5011
20
189.8433
0
VERTEX
8
CUT
10
239.4206
20
190.0973
0
VERTEX
8
CUT
10
239.3469
20
190.2930
0
VERTEX
8
CUT
10
239.3413
20
190.3089
0
VERTEX
8
CUT
10
239.3318
20
190.3429
0
VERTEX
8
CUT
10
239.3283
20
190.3777
0
VERTEX
8
CUT
10
239.3277
20
190.3947
0
VERTEX
8
CUT
10
239.2779
20
193.9131
0
VERTEX
8
CUT
10
239.2557
20
194.2115
0
VERTEX
8
CUT
10
239.1981
20
194.5051
0
VERTEX
8
CUT
10
239.0111
20
195.2267
0
VERTEX
8
CUT
10
239.0068
20
195.2449
0
VERTEX
8
CUT
10
239.0007
20
195.2835
0
VERTEX
8
CUT
10
239.0058
20
195.3221
0
VERTEX
8
CUT
10
239.0096
20
195.3404
0
VERTEX
8
CUT
10
239.2101
20
196.2031
0
VERTEX
8
CUT
10
239.2567
20
196.4674
0
VERTEX
8
CUT
10
239.2748
20
196.7352
0
VERTEX
8
CUT
10
239.3138
20
199.6210
0
VERTEX
8
CUT
10
239.3145
20
199.6403
0
VERTEX
8
CUT
10
239.3191
20
199.6804
0
VERTEX
8
CUT
10
239.3275
20
199.7199
0
VERTEX
8
CUT
10
239.3330
20
199.7384
0
VERTEX
8
CUT
10
239.4543
20
200.1163
0
VERTEX
8
CUT
10
239.5153
20
200.3417
0
VERTEX
8
CUT
10
239.5549
20
200.5718
0
VERTEX
8
CUT
10
239.5729
20
200.8045
0
VERTEX
8
CUT
10
239.6131
20
202.1250
0
VERTEX
8
CUT
10
239.6141
20
202.1440
0
VERTEX
8
CUT
10
239.6192
20
202.1833
0
VERTEX
8
CUT
10
239.6318
20
202.2210
0
VERTEX
8
CUT
10
239.6392
20
202.2385
0
VERTEX
8
CUT
10
239.6479
20
202.2579
0
VERTEX
8
CUT
10
239.7343
20
202.4778
0
VERTEX
8
CUT
10
239.7995
20
202.7050
0
VERTEX
8
CUT
10
239.8430
20
202.9373
0
VERTEX
8
CUT
10
239.8644
20
203.1726
0
VERTEX
8
CUT
10
239.8922
20
203.8151
0
VERTEX
8
CUT
10
239.8937
20
203.8361
0
VERTEX
8
CUT
10
239.9070
20
203.9234
0
VERTEX
8
CUT
10
239.9118
20
203.9439
0
VERTEX
8
CUT
10
240.3608
20
205.6379
0
VERTEX
8
CUT
10
240.4122
20
205.8796
0
VERTEX
8
CUT
10
240.4395
20
206.1252
0
VERTEX
8
CUT
10
240.4800
20
206.7847
0
VERTEX
8
CUT
10
240.4804
20
206.7901
0
VERTEX
8
CUT
10
240.4877
20
206.8410
0
VERTEX
8
CUT
10
240.4937
20
206.8664
0
VERTEX
8
CUT
10
240.5007
20
206.8897
0
VERTEX
8
CUT
10
241.4827
20
209.8942
0
VERTEX
8
CUT
10
241.5530
20
210.1569
0
VERTEX
8
CUT
10
241.5944
20
210.4256
0
VERTEX
8
CUT
10
241.6339
20
210.8264
0
VERTEX
8
CUT
10
241.6367
20
210.8480
0
VERTEX
8
CUT
10
241.6557
20
210.9375
0
VERTEX
8
CUT
10
241.6621
20
210.9584
0
VERTEX
8
CUT
10
243.3673
20
216.0720
0
VERTEX
8
CUT
10
243.3690
20
216.0768
0
VERTEX
8
CUT
10
243.3982
20
216.1467
0
VERTEX
8
CUT
10
243.4059
20
216.1626
0
VERTEX
8
CUT
10
244.0749
20
217.4576
0
VERTEX
8
CUT
10
244.1765
20
217.6805
0
VERTEX
8
CUT
10
245.9418
20
222.1160
0
VERTEX
8
CUT
10
245.9622
20
222.1643
0
VERTEX
8
CUT
10
245.9848
20
222.2117
0
VERTEX
8
CUT
10
248.8417
20
227.9022
0
VERTEX
8
CUT
10
248.8584
20
227.9343
0
VERTEX
8
CUT
10
248.8761
20
227.9659
0
VERTEX
8
CUT
10
252.0270
20
233.4073
0
VERTEX
8
CUT
10
252.0420
20
233.4324
0
VERTEX
8
CUT
10
252.0575
20
233.4571
0
VERTEX
8
CUT
10
254.6360
20
237.4536
0
VERTEX
8
CUT
10
254.6604
20
237.4900
0
VERTEX
8
CUT
10
254.6862
20
237.5255
0
VERTEX
8
CUT
10
259.0353
20
243.3034
0
VERTEX
8
CUT
10
259.0729
20
243.3508
0
VERTEX
8
CUT
10
259.1128
20
243.3963
0
VERTEX
8
CUT
10
263.1108
20
247.7309
0
VERTEX
8
CUT
10
263.1459
20
247.7674
0
VERTEX
8
CUT
10
263.1824
20
247.8023
0
VERTEX
8
CUT
10
267.2532
20
251.5378
0
VERTEX
8
CUT
10
267.3108
20
251.5874
0
VERTEX
8
CUT
10
267.3713
20
251.6333
0
VERTEX
8
CUT
10
272.2568
20
255.1008
0
VERTEX
8
CUT
10
272.2612
20
255.1038
0
VERTEX
8
CUT
10
272.3297
20
255.1449
0
VERTEX
8
CUT
10
272.3463
20
255.1534
0
VERTEX
8
CUT
10
273.6238
20
255.7766
0
VERTEX
8
CUT
10
273.8441
20
255.8982
0
VERTEX
8
CUT
10
279.7672
20
259.5665
0
VERTEX
8
CUT
10
279.9222
20
259.6707
0
VERTEX
8
CUT
10
281.6834
20
260.9528
0
VERTEX
8
CUT
10
281.9216
20
261.1498
0
VERTEX
8
CUT
10
282.9227
20
262.0880
0
VERTEX
8
CUT
10
283.0394
20
262.2049
0
VERTEX
8
CUT
10
283.9308
20
263.1584
0
VERTEX
8
CUT
10
284.0952
20
263.3533
0
VERTEX
8
CUT
10
284.2389
20
263.5639
0
VERTEX
8
CUT
10
285.6719
20
265.9134
0
VERTEX
8
CUT
10
285.8045
20
266.1610
0
VERTEX
8
CUT
10
285.9084
20
266.4220
0
VERTEX
8
CUT
10
286.3584
20
267.7669
0
VERTEX
8
CUT
10
286.4458
20
268.1055
0
VERTEX
8
CUT
10
286.6574
20
269.2497
0
VERTEX
8
CUT
10
286.6884
20
269.4736
0
VERTEX
8
CUT
10
286.6991
20
269.6993
0
VERTEX
8
CUT
10
286.7011
20
270.7357
0
VERTEX
8
CUT
10
286.6840
20
271.0326
0
VERTEX
8
CUT
10
286.6318
20
271.3255
0
VERTEX
8
CUT
10
286.1749
20
273.2242
0
VERTEX
8
CUT
10
286.0903
20
273.5031
0
VERTEX
8
CUT
10
285.9738
20
273.7703
0
VERTEX
8
CUT
10
285.3546
20
274.9911
0
VERTEX
8
CUT
10
285.2462
20
275.1833
0
VERTEX
8
CUT
10
285.1212
20
275.3653
0
VERTEX
8
CUT
10
284.4515
20
276.2535
0
VERTEX
8
CUT
10
284.2355
20
276.5036
0
VERTEX
8
CUT
10
283.5206
20
277.2287
0
VERTEX
8
CUT
10
283.3505
20
277.3860
0
VERTEX
8
CUT
10
283.1664
20
277.5269
0
VERTEX
8
CUT
10
282.5434
20
277.9595
0
VERTEX
8
CUT
10
282.2374
20
278.1412
0
VERTEX
8
CUT
10
280.3413
20
279.0913
0
VERTEX
8
CUT
10
280.0684
20
279.2083
0
VERTEX
8
CUT
10
279.7835
20
279.2922
0
VERTEX
8
CUT
10
277.8511
20
279.7381
0
VERTEX
8
CUT
10
277.5709
20
279.7862
0
VERTEX
8
CUT
10
277.2869
20
279.8022
0
VERTEX
8
CUT
10
275.9994
20
279.8011
0
VERTEX
8
CUT
10
275.7316
20
279.7865
0
VERTEX
8
CUT
10
275.4668
20
279.7433
0
VERTEX
8
CUT
10
275.2082
20
279.6719
0
VERTEX
8
CUT
10
274.9591
20
279.5886
0
VERTEX
8
CUT
10
274.9420
20
279.5833
0
VERTEX
8
CUT
10
274.9053
20
279.5747
0
VERTEX
8
CUT
10
274.8679
20
279.5695
0
VERTEX
8
CUT
10
274.8506
20
279.5683
0
VERTEX
8
CUT
10
274.0766
20
279.5318
0
VERTEX
8
CUT
10
273.8229
20
279.5068
0
VERTEX
8
CUT
10
273.5730
20
279.4561
0
VERTEX
8
CUT
10
273.3296
20
279.3803
0
VERTEX
8
CUT
10
271.6058
20
278.7448
0
VERTEX
8
CUT
10
271.6008
20
278.7431
0
VERTEX
8
CUT
10
271.5526
20
278.7295
0
VERTEX
8
CUT
10
271.5277
20
278.7248
0
VERTEX
8
CUT
10
271.5042
20
278.7217
0
VERTEX
8
CUT
10
271.2450
20
278.6942
0
VERTEX
8
CUT
10
271.0223
20
278.6604
0
VERTEX
8
CUT
10
270.8036
20
278.6067
0
VERTEX
8
CUT
10
270.5907
20
278.5336
0
VERTEX
8
CUT
10
270.3851
20
278.4416
0
VERTEX
8
CUT
10
269.2007
20
277.8458
0
VERTEX
8
CUT
10
268.9255
20
277.6846
0
VERTEX
8
CUT
10
267.3419
20
276.6157
0
VERTEX
8
CUT
10
267.1709
20
276.4894
0
VERTEX
8
CUT
10
264.3666
20
274.2272
0
VERTEX
8
CUT
10
264.1670
20
274.0476
0
VERTEX
8
CUT
10
263.9878
20
273.8477
0
VERTEX
8
CUT
10
261.6957
20
270.9965
0
VERTEX
8
CUT
10
261.5195
20
270.7477
0
VERTEX
8
CUT
10
259.4205
20
267.3630
0
VERTEX
8
CUT
10
259.3174
20
267.1800
0
VERTEX
8
CUT
10
259.2301
20
266.9891
0
VERTEX
8
CUT
10
256.0352
20
259.1511
0
VERTEX
8
CUT
10
256.0115
20
259.0967
0
VERTEX
8
CUT
10
255.9851
20
259.0435
0
VERTEX
8
CUT
10
253.1758
20
253.7114
0
VERTEX
8
CUT
10
253.1438
20
253.6545
0
VERTEX
8
CUT
10
253.1087
20
253.5993
0
VERTEX
8
CUT
10
251.3527
20
250.9915
0
VERTEX
8
CUT
10
251.3102
20
250.9324
0
VERTEX
8
CUT
10
251.2643
20
250.8759
0
VERTEX
8
CUT
10
247.4227
20
246.4300
0
VERTEX
8
CUT
10
247.3728
20
246.3756
0
VERTEX
8
CUT
10
247.3197
20
246.3245
0
VERTEX
8
CUT
10
243.6527
20
242.9990
0
VERTEX
8
CUT
10
243.6215
20
242.9717
0
VERTEX
8
CUT
10
243.5894
20
242.9455
0
VERTEX
8
CUT
10
241.0294
20
240.9243
0
VERTEX
8
CUT
10
241.0028
20
240.9039
0
VERTEX
8
CUT
10
240.9757
20
240.8842
0
VERTEX
8
CUT
10
238.0962
20
238.8582
0
VERTEX
8
CUT
10
238.0426
20
238.8226
0
VERTEX
8
CUT
10
237.9871
20
238.7898
0
VERTEX
8
CUT
10
235.8331
20
237.5934
0
VERTEX
8
CUT
10
235.5912
20
237.4403
0
VERTEX
8
CUT
10
234.3667
20
236.5631
0
VERTEX
8
CUT
10
234.3515
20
236.5528
0
VERTEX
8
CUT
10
234.3183
20
236.5335
0
VERTEX
8
CUT
10
234.2821
20
236.5208
0
VERTEX
8
CUT
10
234.2644
20
236.5159
0
VERTEX
8
CUT
10
233.9138
20
236.4287
0
VERTEX
8
CUT
10
233.6723
20
236.3554
0
VERTEX
8
CUT
10
233.4393
20
236.2582
0
VERTEX
8
CUT
10
228.5748
20
233.9327
0
VERTEX
8
CUT
10
228.5570
20
233.9248
0
VERTEX
8
CUT
10
228.4799
20
233.8970
0
VERTEX
8
CUT
10
228.4610
20
233.8917
0
VERTEX
8
CUT
10
226.1436
20
233.3105
0
VERTEX
8
CUT
10
226.0591
20
233.2925
0
VERTEX
8
CUT
10
225.9735
20
233.2805
0
VERTEX
8
CUT
10
223.0729
20
232.9799
0
VERTEX
8
CUT
10
223.0526
20
232.9783
0
VERTEX
8
CUT
10
223.0103
20
232.9784
0
VERTEX
8
CUT
10
222.9689
20
232.9872
0
VERTEX
8
CUT
10
222.9494
20
232.9930
0
VERTEX
8
CUT
10
222.5238
20
233.1314
0
VERTEX
8
CUT
10
222.3049
20
233.1918
0
VERTEX
8
CUT
10
222.0813
20
233.2321
0
VERTEX
8
CUT
10
221.8551
20
233.2519
0
VERTEX
8
CUT
10
220.7368
20
233.2987
0
VERTEX
8
CUT
10
220.7314
20
233.2990
0
VERTEX
8
CUT
10
220.6811
20
233.3051
0
VERTEX
8
CUT
10
220.6560
20
233.3105
0
VERTEX
8
CUT
10
220.6328
20
233.3168
0
VERTEX
8
CUT
10
217.7480
20
234.1863
0
VERTEX
8
CUT
10
217.7318
20
234.1916
0
VERTEX
8
CUT
10
217.6652
20
234.2182
0
VERTEX
8
CUT
10
217.6497
20
234.2256
0
VERTEX
8
CUT
10
216.5777
20
234.7671
0
VERTEX
8
CUT
10
216.5728
20
234.7697
0
VERTEX
8
CUT
10
216.5020
20
234.8129
0
VERTEX
8
CUT
10
216.4861
20
234.8240
0
VERTEX
8
CUT
10
214.1790
20
236.5331
0
VERTEX
8
CUT
10
214.1748
20
236.5363
0
VERTEX
8
CUT
10
214.1149
20
236.5883
0
VERTEX
8
CUT
10
214.1016
20
236.6013
0
VERTEX
8
CUT
10
213.1126
20
237.6198
0
VERTEX
8
CUT
10
213.0534
20
237.6855
0
VERTEX
8
CUT
10
212.9990
20
237.7553
0
VERTEX
8
CUT
10
211.4985
20
239.8360
0
VERTEX
8
CUT
10
211.4955
20
239.8404
0
VERTEX
8
CUT
10
211.4542
20
239.9080
0
VERTEX
8
CUT
10
211.4456
20
239.9244
0
VERTEX
8
CUT
10
210.0569
20
242.7089
0
VERTEX
8
CUT
10
210.0493
20
242.7251
0
VERTEX
8
CUT
10
210.0220
20
242.7953
0
VERTEX
8
CUT
10
210.0167
20
242.8125
0
VERTEX
8
CUT
10
209.4462
20
244.8056
0
VERTEX
8
CUT
10
209.4296
20
244.8699
0
VERTEX
8
CUT
10
209.4167
20
244.9350
0
VERTEX
8
CUT
10
209.1572
20
246.4525
0
VERTEX
8
CUT
10
209.1564
20
246.4575
0
VERTEX
8
CUT
10
209.1492
20
246.5315
0
VERTEX
8
CUT
10
209.1485
20
246.5489
0
VERTEX
8
CUT
10
209.0900
20
249.9776
0
VERTEX
8
CUT
10
209.0899
20
250.0169
0
VERTEX
8
CUT
10
209.0912
20
250.0562
0
VERTEX
8
CUT
10
209.1933
20
252.1962
0
VERTEX
8
CUT
10
209.1936
20
252.2012
0
VERTEX
8
CUT
10
209.2024
20
252.2747
0
VERTEX
8
CUT
10
209.2054
20
252.2916
0
VERTEX
8
CUT
10
209.7132
20
254.8085
0
VERTEX
8
CUT
10
209.7301
20
254.8811
0
VERTEX
8
CUT
10
209.7516
20
254.9525
0
VERTEX
8
CUT
10
210.5799
20
257.4356
0
VERTEX
8
CUT
10
210.6098
20
257.5157
0
VERTEX
8
CUT
10
210.6453
20
257.5935
0
VERTEX
8
CUT
10
211.7434
20
259.7935
0
VERTEX
8
CUT
10
211.7715
20
259.8465
0
VERTEX
8
CUT
10
211.8022
20
259.8980
0
VERTEX
8
CUT
10
213.2352
20
262.1745
0
VERTEX
8
CUT
10
213.2742
20
262.2327
0
VERTEX
8
CUT
10
213.3165
20
262.2886
0
VERTEX
8
CUT
10
215.6754
20
265.2220
0
VERTEX
8
CUT
10
215.6788
20
265.2260
0
VERTEX
8
CUT
10
215.7327
20
265.2834
0
VERTEX
8
CUT
10
215.7460
20
265.2960
0
VERTEX
8
CUT
10
218.6522
20
267.9100
0
VERTEX
8
CUT
10
218.7051
20
267.9548
0
VERTEX
8
CUT
10
218.7604
20
267.9966
0
VERTEX
8
CUT
10
223.6608
20
271.4825
0
VERTEX
8
CUT
10
223.7103
20
271.5159
0
VERTEX
8
CUT
10
223.7614
20
271.5468
0
VERTEX
8
CUT
10
227.4203
20
273.6412
0
VERTEX
8
CUT
10
227.5430
20
273.7162
0
VERTEX
8
CUT
10
233.1427
20
277.3643
0
VERTEX
8
CUT
10
233.3095
20
277.4829
0
VERTEX
8
CUT
10
236.9626
20
280.3142
0
VERTEX
8
CUT
10
237.0812
20
280.4120
0
VERTEX
8
CUT
10
239.6505
20
282.6692
0
VERTEX
8
CUT
10
239.8861
20
282.9059
0
VERTEX
8
CUT
10
243.7214
20
287.3115
0
VERTEX
8
CUT
10
243.8802
20
287.5141
0
VERTEX
8
CUT
10
244.2624
20
288.0572
0
VERTEX
8
CUT
10
244.3951
20
288.2671
0
VERTEX
8
CUT
10
244.5062
20
288.4891
0
VERTEX
8
CUT
10
244.5948
20
288.7210
0
VERTEX
8
CUT
10
244.6600
20
288.9605
0
VERTEX
8
CUT
10
244.7011
20
289.2054
0
VERTEX
8
CUT
10
244.7177
20
289.4531
0
VERTEX
8
CUT
10
244.7096
20
289.7012
0
VERTEX
8
CUT
10
244.6770
20
289.9473
0
VERTEX
8
CUT
10
244.6201
20
290.1890
0
VERTEX
8
CUT
10
244.5395
20
290.4238
0
VERTEX
8
CUT
10
244.4361
20
290.6495
0
VERTEX
8
CUT
10
244.3107
20
290.8638
0
VERTEX
8
CUT
10
244.1648
20
291.0646
0
VERTEX
8
CUT
10
243.9996
20
291.2500
0
VERTEX
8
CUT
10
243.8169
20
291.4180
0
VERTEX
8
CUT
10
243.6184
20
291.5671
0
VERTEX
8
CUT
10
243.4061
20
291.6958
0
VERTEX
8
CUT
10
243.1820
20
291.8028
0
VERTEX
8
CUT
10
242.9485
20
291.8870
0
VERTEX
8
CUT
10
242.7078
20
291.9477
0
VERTEX
8
CUT
10
242.4622
20
291.9842
0
VERTEX
8
CUT
10
242.2142
20
291.9961
0
VERTEX
8
CUT
10
221.9423
20
291.9652
0
VERTEX
8
CUT
10
221.7015
20
291.9532
0
VERTEX
8
CUT
10
221.4631
20
291.9181
0
VERTEX
8
CUT
10
221.2291
20
291.8602
0
VERTEX
8
CUT
10
221.0017
20
291.7800
0
VERTEX
8
CUT
10
220.7832
20
291.6783
0
VERTEX
8
CUT
10
220.5755
20
291.5560
0
VERTEX
8
CUT
10
220.3805
20
291.4142
0
VERTEX
8
CUT
10
220.2000
20
291.2544
0
VERTEX
8
CUT
10
220.0358
20
291.0779
0
VERTEX
8
CUT
10
219.8894
20
290.8864
0
VERTEX
8
CUT
10
219.7621
20
290.6817
0
VERTEX
8
CUT
10
219.6551
20
290.4657
0
VERTEX
8
CUT
10
218.8918
20
288.7181
0
VERTEX
8
CUT
10
218.8545
20
288.6403
0
VERTEX
8
CUT
10
218.8117
20
288.5653
0
VERTEX
8
CUT
10
216.5399
20
284.8937
0
VERTEX
8
CUT
10
216.4993
20
284.8323
0
VERTEX
8
CUT
10
216.4551
20
284.7735
0
VERTEX
8
CUT
10
214.3010
20
282.0850
0
VERTEX
8
CUT
10
214.2593
20
282.0357
0
VERTEX
8
CUT
10
214.2151
20
281.9887
0
VERTEX
8
CUT
10
209.9057
20
277.6488
0
VERTEX
8
CUT
10
209.8652
20
277.6098
0
VERTEX
8
CUT
10
209.8229
20
277.5727
0
VERTEX
8
CUT
10
206.2895
20
274.6192
0
VERTEX
8
CUT
10
206.2548
20
274.5913
0
VERTEX
8
CUT
10
206.2192
20
274.5647
0
VERTEX
8
CUT
10
204.2305
20
273.1362
0
VERTEX
8
CUT
10
204.1903
20
273.1085
0
VERTEX
8
CUT
10
204.1490
20
273.0824
0
VERTEX
8
CUT
10
197.3109
20
268.9607
0
VERTEX
8
CUT
10
197.2094
20
268.8961
0
VERTEX
8
CUT
10
193.8588
20
266.6499
0
VERTEX
8
CUT
10
193.6020
20
266.4525
0
VERTEX
8
CUT
10
191.1077
20
264.2637
0
VERTEX
8
CUT
10
190.8743
20
264.0299
0
VERTEX
8
CUT
10
188.6638
20
261.5011
0
VERTEX
8
CUT
10
188.5406
20
261.3485
0
VERTEX
8
CUT
10
188.4298
20
261.1866
0
VERTEX
8
CUT
10
187.1494
20
259.1505
0
VERTEX
8
CUT
10
187.0519
20
258.9811
0
VERTEX
8
CUT
10
186.9679
20
258.8047
0
VERTEX
8
CUT
10
186.2316
20
257.0871
0
VERTEX
8
CUT
10
186.1259
20
256.7900
0
VERTEX
8
CUT
10
185.6185
20
255.0173
0
VERTEX
8
CUT
10
185.5461
20
254.6754
0
VERTEX
8
CUT
10
185.2786
20
252.7619
0
VERTEX
8
CUT
10
185.2546
20
252.4077
0
VERTEX
8
CUT
10
185.2633
20
249.7051
0
VERTEX
8
CUT
10
185.2900
20
249.3488
0
SEQEND
0
POLYLINE
8
CUT
66
1
70
1
10
0.0
20
0.0
30
0.0
0
VERTEX
8
CUT
10
238.7125
20
21.9164
0
VERTEX
8
CUT
10
238.7331
20
21.6546
0
VERTEX
8
CUT
10
238.7811
20
21.3963
0
VERTEX
8
CUT
10
238.8559
20
21.1445
0
VERTEX
8
CUT
10
239.0104
20
20.7097
0
VERTEX
8
CUT
10
239.0920
20
20.5081
0
VERTEX
8
CUT
10
239.1909
20
20.3145
0
VERTEX
8
CUT
10
239.3061
20
20.1301
0
VERTEX
8
CUT
10
240.0818
20
19.0021
0
VERTEX
8
CUT
10
240.2505
20
18.7837
0
VERTEX
8
CUT
10
240.4422
20
18.5852
0
VERTEX
8
CUT
10
240.6547
20
18.4091
0
VERTEX
8
CUT
10
240.8405
20
18.2716
0
VERTEX
8
CUT
10
241.0541
20
18.1298
0
VERTEX
8
CUT
10
241.2811
20
18.0107
0
VERTEX
8
CUT
10
241.5191
20
17.9155
0
VERTEX
8
CUT
10
242.4155
20
17.6091
0
VERTEX
8
CUT
10
242.6681
20
17.5374
0
VERTEX
8
CUT
10
242.9269
20
17.4925
0
VERTEX
8
CUT
10
243.1889
20
17.4750
0
VERTEX
8
CUT
10
243.4513
20
17.4851
0
VERTEX
8
CUT
10
243.7112
20
17.5227
0
VERTEX
8
CUT
10
243.9657
20
17.5873
0
VERTEX
8
CUT
10
244.2120
20
17.6783
0
VERTEX
8
CUT
10
245.2111
20
18.1081
0
VERTEX
8
CUT
10
245.4187
20
18.2090
0
VERTEX
8
CUT
10
245.6161
20
18.3286
0
VERTEX
8
CUT
10
245.8016
20
18.4659
0
VERTEX
8
CUT
10
245.9736
20
18.6197
0
VERTEX
8
CUT
10
246.8130
20
19.4429
0
VERTEX
8
CUT
10
246.9726
20
19.6148
0
VERTEX
8
CUT
10
247.1154
20
19.8009
0
VERTEX
8
CUT
10
247.2400
20
19.9995
0
VERTEX
8
CUT
10
247.2671
20
20.0475
0
VERTEX
8
CUT
10
247.3679
20
20.2466
0
VERTEX
8
CUT
10
247.4507
20
20.4539
0
VERTEX
8
CUT
10
247.5146
20
20.6677
0
VERTEX
8
CUT
10
247.6662
20
21.2725
0
VERTEX
8
CUT
10
247.7223
20
21.5732
0
VERTEX
8
CUT
10
247.7413
20
21.8785
0
VERTEX
8
CUT
10
247.7413
20
21.9268
0
VERTEX
8
CUT
10
247.7287
20
22.1794
0
VERTEX
8
CUT
10
247.6907
20
22.4294
0
VERTEX
8
CUT
10
247.6276
20
22.6742
0
VERTEX
8
CUT
10
247.5401
20
22.9115
0
VERTEX
8
CUT
10
247.0403
20
24.0808
0
VERTEX
8
CUT
10
246.9406
20
24.2872
0
VERTEX
8
CUT
10
246.8225
20
24.4836
0
VERTEX
8
CUT
10
246.6868
20
24.6684
0
VERTEX
8
CUT
10
246.5348
20
24.8400
0
VERTEX
8
CUT
10
246.1161
20
25.2711
0
VERTEX
8
CUT
10
245.9447
20
25.4317
0
VERTEX
8
CUT
10
245.7590
20
25.5755
0
VERTEX
8
CUT
10
245.5606
20
25.7013
0
VERTEX
8
CUT
10
245.3513
20
25.8079
0
VERTEX
8
CUT
10
244.0947
20
26.3751
0
VERTEX
8
CUT
10
243.8539
20
26.4691
0
VERTEX
8
CUT
10
243.6047
20
26.5378
0
VERTEX
8
CUT
10
243.3497
20
26.5803
0
VERTEX
8
CUT
10
243.0917
20
26.5963
0
VERTEX
8
CUT
10
243.0380
20
26.5969
0
VERTEX
8
CUT
10
242.8228
20
26.5898
0
VERTEX
8
CUT
10
242.6090
20
26.5642
0
VERTEX
8
CUT
10
242.3982
20
26.5204
0
VERTEX
8
CUT
10
241.8970
20
26.3933
0
VERTEX
8
CUT
10
241.6310
20
26.3098
0
VERTEX
8
CUT
10
241.3759
20
26.1973
0
VERTEX
8
CUT
10
241.1350
20
26.0570
0
VERTEX
8
CUT
10
240.9209
20
25.9159
0
VERTEX
8
CUT
10
240.7005
20
25.7524
0
VERTEX
8
CUT
10
240.4992
20
25.5658
0
VERTEX
8
CUT
10
240.3197
20
25.3583
0
VERTEX
8
CUT
10
239.6339
20
24.4716
0
VERTEX
8
CUT
10
239.5072
20
24.2920
0
VERTEX
8
CUT
10
239.3968
20
24.1020
0
VERTEX
8
CUT
10
239.3035
20
23.9029
0
VERTEX
8
CUT
10
238.9036
20
22.9423
0
VERTEX
8
CUT
10
238.8155
20
22.6948
0
VERTEX
8
CUT
10
238.7539
20
22.4394
0
VERTEX
8
CUT
10
238.7194
20
22.1790
0
SEQEND
0
POLYLINE
8
CUT
66
1
70
1
10
0.0
20
0.0
30
0.0
0
VERTEX
8
CUT
10
224.1238
20
255.1157
0
VERTEX
8
CUT
10
224.6556
20
253.8754
0
VERTEX
8
CUT
10
224.7642
20
253.6531
0
VERTEX
8
CUT
10
224.8943
20
253.4426
0
VERTEX
8
CUT
10
225.0445
20
253.2460
0
VERTEX
8
CUT
10
226.1555
20
251.9325
0
VERTEX
8
CUT
10
226.3379
20
251.7388
0
VERTEX
8
CUT
10
226.5399
20
251.5656
0
VERTEX
8
CUT
10
226.7590
20
251.4148
0
VERTEX
8
CUT
10
227.5474
20
250.9322
0
VERTEX
8
CUT
10
227.7750
20
250.8086
0
VERTEX
8
CUT
10
228.0142
20
250.7092
0
VERTEX
8
CUT
10
228.2624
20
250.6351
0
VERTEX
8
CUT
10
228.5169
20
250.5871
0
VERTEX
8
CUT
10
229.5358
20
250.4489
0
VERTEX
8
CUT
10
229.7696
20
250.4284
0
VERTEX
8
CUT
10
230.0043
20
250.4298
0
VERTEX
8
CUT
10
230.2378
20
250.4533
0
VERTEX
8
CUT
10
230.4681
20
250.4985
0
VERTEX
8
CUT
10
230.6931
20
250.5651
0
VERTEX
8
CUT
10
230.7604
20
250.5885
0
VERTEX
8
CUT
10
230.7956
20
250.5941
0
VERTEX
8
CUT
10
230.8129
20
250.5957
0
VERTEX
8
CUT
10
231.3740
20
250.6349
0
VERTEX
8
CUT
10
231.6329
20
250.6666
0
VERTEX
8
CUT
10
231.8871
20
250.7251
0
VERTEX
8
CUT
10
232.1338
20
250.8098
0
VERTEX
8
CUT
10
232.7005
20
251.0380
0
VERTEX
8
CUT
10
232.9216
20
251.1398
0
VERTEX
8
CUT
10
233.1319
20
251.2627
0
VERTEX
8
CUT
10
233.3291
20
251.4055
0
VERTEX
8
CUT
10
233.5116
20
251.5667
0
VERTEX
8
CUT
10
234.7283
20
252.7526
0
VERTEX
8
CUT
10
234.8843
20
252.9192
0
VERTEX
8
CUT
10
235.0244
20
253.0994
0
VERTEX
8
CUT
10
235.1476
20
253.2915
0
VERTEX
8
CUT
10
235.2527
20
253.4941
0
VERTEX
8
CUT
10
235.7164
20
254.4976
0
VERTEX
8
CUT
10
235.8066
20
254.7204
0
VERTEX
8
CUT
10
235.8750
20
254.9508
0
VERTEX
8
CUT
10
236.0411
20
255.6276
0
VERTEX
8
CUT
10
236.0946
20
255.9198
0
VERTEX
8
CUT
10
236.1130
20
256.2163
0
VERTEX
8
CUT
10
236.1143
20
256.6780
0
VERTEX
8
CUT
10
236.1063
20
256.8844
0
VERTEX
8
CUT
10
236.0814
20
257.0893
0
VERTEX
8
CUT
10
236.0396
20
257.2916
0
VERTEX
8
CUT
10
235.8795
20
257.9316
0
VERTEX
8
CUT
10
235.8129
20
258.1536
0
VERTEX
8
CUT
10
235.7261
20
258.3684
0
VERTEX
8
CUT
10
235.6197
20
258.5742
0
VERTEX
8
CUT
10
234.8729
20
259.8690
0
VERTEX
8
CUT
10
234.7528
20
260.0572
0
VERTEX
8
CUT
10
234.6164
20
260.2339
0
VERTEX
8
CUT
10
234.4648
20
260.3978
0
VERTEX
8
CUT
10
234.2992
20
260.5475
0
VERTEX
8
CUT
10
233.2070
20
261.4495
0
VERTEX
8
CUT
10
233.0253
20
261.5861
0
VERTEX
8
CUT
10
232.8319
20
261.7057
0
VERTEX
8
CUT
10
232.6285
20
261.8072
0
VERTEX
8
CUT
10
232.1166
20
262.0342
0
VERTEX
8
CUT
10
231.8760
20
262.1264
0
VERTEX
8
CUT
10
231.6271
20
262.1933
0
VERTEX
8
CUT
10
231.3727
20
262.2343
0
VERTEX
8
CUT
10
231.1154
20
262.2488
0
VERTEX
8
CUT
10
229.3277
20
262.2576
0
VERTEX
8
CUT
10
229.0652
20
262.2450
0
VERTEX
8
CUT
10
228.8054
20
262.2050
0
VERTEX
8
CUT
10
228.5512
20
262.1379
0
VERTEX
8
CUT
10
228.3055
20
262.0445
0
VERTEX
8
CUT
10
226.9952
20
261.4658
0
VERTEX
8
CUT
10
226.7631
20
261.3485
0
VERTEX
8
CUT
10
226.5444
20
261.2078
0
VERTEX
8
CUT
10
226.2637
20
261.0057
0
VERTEX
8
CUT
10
226.0815
20
260.8612
0
VERTEX
8
CUT
10
225.9135
20
260.7003
0
VERTEX
8
CUT
10
225.7612
20
260.5246
0
VERTEX
8
CUT
10
225.1905
20
259.8007
0
VERTEX
8
CUT
10
225.0699
20
259.6340
0
VERTEX
8
CUT
10
224.8387
20
259.2853
0
VERTEX
8
CUT
10
224.7128
20
259.0732
0
VERTEX
8
CUT
10
224.6083
20
258.8498
0
VERTEX
8
CUT
10
224.5264
20
258.6171
0
VERTEX
8
CUT
10
224.4678
20
258.3775
0
VERTEX
8
CUT
10
224.4331
20
258.1333
0
VERTEX
8
CUT
10
224.4301
20
258.1001
0
VERTEX
8
CUT
10
224.4280
20
258.0824
0
VERTEX
8
CUT
10
224.4212
20
258.0454
0
VERTEX
8
CUT
10
224.4109
20
258.0091
0
VERTEX
8
CUT
10
224.4050
20
257.9928
0
VERTEX
8
CUT
10
224.0866
20
257.1646
0
VERTEX
8
CUT
10
224.0126
20
256.9416
0
VERTEX
8
CUT
10
223.9599
20
256.7126
0
VERTEX
8
CUT
10
223.9290
20
256.4797
0
VERTEX
8
CUT
10
223.9201
20
256.2449
0
VERTEX
8
CUT
10
223.9216
20
256.0784
0
VERTEX
8
CUT
10
223.9360
20
255.8314
0
VERTEX
8
CUT
10
223.9748
20
255.5870
0
VERTEX
8
CUT
10
224.0376
20
255.3477
0
SEQEND
0
POLYLINE
8
CUT
66
1
70
1
10
0.0
20
0.0
30
0.0
0
VERTEX
8
CUT
10
177.8208
20
43.6649
0
VERTEX
8
CUT
10
177.8541
20
43.5231
0
VERTEX
8
CUT
10
177.8573
20
43.5017
0
VERTEX
8
CUT
10
177.8929
20
43.2052
0
VERTEX
8
CUT
10
177.9285
20
42.9893
0
VERTEX
8
CUT
10
177.9828
20
42.7773
0
VERTEX
8
CUT
10
178.0555
20
42.5709
0
VERTEX
8
CUT
10
178.1459
20
42.3716
0
VERTEX
8
CUT
10
178.6749
20
41.3298
0
VERTEX
8
CUT
10
178.8110
20
41.0944
0
VERTEX
8
CUT
10
178.9719
20
40.8751
0
VERTEX
8
CUT
10
179.5300
20
40.1955
0
VERTEX
8
CUT
10
179.5408
20
40.1817
0
VERTEX
8
CUT
10
179.5617
20
40.1509
0
VERTEX
8
CUT
10
179.5798
20
40.1183
0
VERTEX
8
CUT
10
179.5871
20
40.1028
0
VERTEX
8
CUT
10
180.7427
20
37.4830
0
VERTEX
8
CUT
10
180.8598
20
37.2509
0
VERTEX
8
CUT
10
181.9218
20
35.3940
0
VERTEX
8
CUT
10
182.0139
20
35.2452
0
VERTEX
8
CUT
10
185.9241
20
29.3990
0
VERTEX
8
CUT
10
186.0431
20
29.2358
0
VERTEX
8
CUT
10
187.4918
20
27.4084
0
VERTEX
8
CUT
10
187.5036
20
27.3927
0
VERTEX
8
CUT
10
187.5480
20
27.3234
0
VERTEX
8
CUT
10
187.5574
20
27.3061
0
VERTEX
8
CUT
10
187.8842
20
26.6617
0
VERTEX
8
CUT
10
188.0198
20
26.4268
0
VERTEX
8
CUT
10
188.1801
20
26.2079
0
VERTEX
8
CUT
10
190.7019
20
23.1305
0
VERTEX
8
CUT
10
190.8314
20
22.9844
0
VERTEX
8
CUT
10
190.9720
20
22.8489
0
VERTEX
8
CUT
10
193.2219
20
20.8434
0
VERTEX
8
CUT
10
193.2830
20
20.7849
0
VERTEX
8
CUT
10
193.3400
20
20.7223
0
VERTEX
8
CUT
10
194.5787
20
19.2610
0
VERTEX
8
CUT
10
194.7183
20
19.1095
0
VERTEX
8
CUT
10
194.8698
20
18.9700
0
VERTEX
8
CUT
10
195.0322
20
18.8435
0
VERTEX
8
CUT
10
196.7956
20
17.5835
0
VERTEX
8
CUT
10
196.9981
20
17.4530
0
VERTEX
8
CUT
10
198.7017
20
16.4684
0
VERTEX
8
CUT
10
198.9326
20
16.3505
0
VERTEX
8
CUT
10
199.1745
20
16.2571
0
VERTEX
8
CUT
10
202.0418
20
15.3179
0
VERTEX
8
CUT
10
202.2776
20
15.2533
0
VERTEX
8
CUT
10
202.5185
20
15.2120
0
VERTEX
8
CUT
10
202.7624
20
15.1944
0
VERTEX
8
CUT
10
203.6732
20
15.1734
0
VERTEX
8
CUT
10
203.8972
20
15.1783
0
VERTEX
8
CUT
10
204.1198
20
15.2032
0
VERTEX
8
CUT
10
205.5585
20
15.4299
0
VERTEX
8
CUT
10
205.7658
20
15.4716
0
VERTEX
8
CUT
10
205.9688
20
15.5306
0
VERTEX
8
CUT
10
206.1662
20
15.6067
0
VERTEX
8
CUT
10
207.4908
20
16.1826
0
VERTEX
8
CUT
10
207.6937
20
16.2819
0
VERTEX
8
CUT
10
207.8868
20
16.3991
0
VERTEX
8
CUT
10
208.0685
20
16.5333
0
VERTEX
8
CUT
10
208.2374
20
16.6834
0
VERTEX
8
CUT
10
209.2419
20
17.6606
0
VERTEX
8
CUT
10
209.3863
20
17.8134
0
VERTEX
8
CUT
10
209.5173
20
17.9778
0
VERTEX
8
CUT
10
210.0890
20
18.7604
0
VERTEX
8
CUT
10
210.2047
20
18.9335
0
VERTEX
8
CUT
10
210.3057
20
19.1158
0
VERTEX
8
CUT
10
211.8710
20
22.2418
0
VERTEX
8
CUT
10
212.0074
20
22.5710
0
VERTEX
8
CUT
10
212.7870
20
24.9114
0
VERTEX
8
CUT
10
212.8408
20
25.0964
0
VERTEX
8
CUT
10
213.9066
20
29.3697
0
VERTEX
8
CUT
10
213.9549
20
29.6154
0
VERTEX
8
CUT
10
213.9785
20
29.8647
0
VERTEX
8
CUT
10
214.0175
20
30.7494
0
VERTEX
8
CUT
10
214.0186
20
30.7672
0
VERTEX
8
CUT
10
214.0287
20
30.8411
0
VERTEX
8
CUT
10
214.0323
20
30.8585
0
VERTEX
8
CUT
10
214.5148
20
32.9569
0
VERTEX
8
CUT
10
214.5622
20
33.2327
0
VERTEX
8
CUT
10
214.7949
20
35.2642
0
VERTEX
8
CUT
10
214.8109
20
35.5154
0
VERTEX
8
CUT
10
214.8015
20
35.7670
0
VERTEX
8
CUT
10
214.7670
20
36.0163
0
VERTEX
8
CUT
10
214.7075
20
36.2609
0
VERTEX
8
CUT
10
214.3418
20
37.4915
0
VERTEX
8
CUT
10
214.3361
20
37.5128
0
VERTEX
8
CUT
10
214.3199
20
37.6035
0
VERTEX
8
CUT
10
214.3179
20
37.6254
0
VERTEX
8
CUT
10
214.2984
20
37.9319
0
VERTEX
8
CUT
10
214.2723
20
38.1665
0
VERTEX
8
CUT
10
214.2242
20
38.3975
0
VERTEX
8
CUT
10
214.1545
20
38.6229
0
VERTEX
8
CUT
10
214.0639
20
38.8408
0
VERTEX
8
CUT
10
213.9532
20
39.0492
0
VERTEX
8
CUT
10
213.5958
20
39.6511
0
VERTEX
8
CUT
10
213.4688
20
39.8442
0
VERTEX
8
CUT
10
213.3244
20
40.0248
0
VERTEX
8
CUT
10
213.1639
20
40.1912
0
VERTEX
8
CUT
10
212.9888
20
40.3421
0
VERTEX
8
CUT
10
212.4503
20
40.7644
0
VERTEX
8
CUT
10
212.4339
20
40.7780
0
VERTEX
8
CUT
10
212.4021
20
40.8091
0
VERTEX
8
CUT
10
212.3739
20
40.8435
0
VERTEX
8
CUT
10
212.3618
20
40.8610
0
VERTEX
8
CUT
10
211.7998
20
41.7228
0
VERTEX
8
CUT
10
211.7892
20
41.7401
0
VERTEX
8
CUT
10
211.7698
20
41.7780
0
VERTEX
8
CUT
10
211.7659
20
41.7881
0
VERTEX
8
CUT
10
211.6968
20
42.0014
0
VERTEX
8
CUT
10
211.5974
20
42.2285
0
VERTEX
8
CUT
10
211.4761
20
42.4446
0
VERTEX
8
CUT
10
211.3339
20
42.6476
0
VERTEX
8
CUT
10
211.1723
20
42.8355
0
VERTEX
8
CUT
10
210.9930
20
43.0066
0
VERTEX
8
CUT
10
210.7975
20
43.1590
0
VERTEX
8
CUT
10
210.5880
20
43.2913
0
VERTEX
8
CUT
10
210.3664
20
43.4022
0
VERTEX
8
CUT
10
210.1348
20
43.4907
0
VERTEX
8
CUT
10
209.8957
20
43.5557
0
VERTEX
8
CUT
10
209.6513
20
43.5968
0
VERTEX
8
CUT
10
209.4040
20
43.6135
0
VERTEX
8
CUT
10
209.1563
20
43.6056
0
VERTEX
8
CUT
10
208.9106
20
43.5732
0
VERTEX
8
CUT
10
208.6693
20
43.5167
0
VERTEX
8
CUT
10
208.4347
20
43.4365
0
VERTEX
8
CUT
10
208.2093
20
43.3335
0
VERTEX
8
CUT
10
207.9952
20
43.2087
0
VERTEX
8
CUT
10
207.7945
20
43.0633
0
VERTEX
8
CUT
10
207.6091
20
42.8988
0
VERTEX
8
CUT
10
207.4410
20
42.7167
0
VERTEX
8
CUT
10
206.6988
20
41.8283
0
VERTEX
8
CUT
10
206.6841
20
41.8116
0
VERTEX
8
CUT
10
206.6163
20
41.7471
0
VERTEX
8
CUT
10
206.5989
20
41.7332
0
VERTEX
8
CUT
10
205.3748
20
40.8099
0
VERTEX
8
CUT
10
205.3597
20
40.7991
0
VERTEX
8
CUT
10
205.3266
20
40.7788
0
VERTEX
8
CUT
10
205.2884
20
40.7724
0
VERTEX
8
CUT
10
205.2698
20
40.7707
0
VERTEX
8
CUT
10
202.9190
20
40.6085
0
VERTEX
8
CUT
10
202.6965
20
40.5831
0
VERTEX
8
CUT
10
202.4771
20
40.5379
0
VERTEX
8
CUT
10
202.2627
20
40.4732
0
VERTEX
8
CUT
10
202.0550
20
40.3896
0
VERTEX
8
CUT
10
201.8555
20
40.2878
0
VERTEX
8
CUT
10
200.5713
20
39.5577
0
VERTEX
8
CUT
10
200.3699
20
39.4301
0
VERTEX
8
CUT
10
200.1815
20
39.2838
0
VERTEX
8
CUT
10
199.5692
20
38.7599
0
VERTEX
8
CUT
10
199.5555
20
38.7487
0
VERTEX
8
CUT
10
199.5253
20
38.7273
0
VERTEX
8
CUT
10
199.4902
20
38.7148
0
VERTEX
8
CUT
10
199.4736
20
38.7101
0
VERTEX
8
CUT
10
199.1798
20
38.6347
0
VERTEX
8
CUT
10
199.1611
20
38.6304
0
VERTEX
8
CUT
10
199.1215
20
38.6243
0
VERTEX
8
CUT
10
199.0819
20
38.6301
0
VERTEX
8
CUT
10
199.0631
20
38.6343
0
VERTEX
8
CUT
10
198.7478
20
38.7129
0
VERTEX
8
CUT
10
198.4890
20
38.7631
0
VERTEX
8
CUT
10
198.2263
20
38.7857
0
VERTEX
8
CUT
10
197.9627
20
38.7806
0
VERTEX
8
CUT
10
197.7011
20
38.7477
0
VERTEX
8
CUT
10
197.4444
20
38.6875
0
VERTEX
8
CUT
10
197.3300
20
38.6542
0
VERTEX
8
CUT
10
197.2953
20
38.6506
0
VERTEX
8
CUT
10
197.2779
20
38.6500
0
VERTEX
8
CUT
10
196.6746
20
38.6423
0
VERTEX
8
CUT
10
196.6557
20
38.6425
0
VERTEX
8
CUT
10
196.6164
20
38.6459
0
VERTEX
8
CUT
10
196.5797
20
38.6604
0
VERTEX
8
CUT
10
196.5627
20
38.6686
0
VERTEX
8
CUT
10
195.7016
20
39.1113
0
VERTEX
8
CUT
10
195.6833
20
39.1213
0
VERTEX
8
CUT
10
195.6470
20
39.1452
0
VERTEX
8
CUT
10
195.6166
20
39.1764
0
VERTEX
8
CUT
10
195.6033
20
39.1924
0
VERTEX
8
CUT
10
195.1298
20
39.7947
0
VERTEX
8
CUT
10
195.1185
20
39.8098
0
VERTEX
8
CUT
10
195.0974
20
39.8429
0
VERTEX
8
CUT
10
195.1011
20
39.8713
0
VERTEX
8
CUT
10
195.1347
20
40.0591
0
VERTEX
8
CUT
10
195.1539
20
40.3085
0
VERTEX
8
CUT
10
195.1481
20
40.5585
0
VERTEX
8
CUT
10
195.1174
20
40.8067
0
VERTEX
8
CUT
10
195.0620
20
41.0506
0
VERTEX
8
CUT
10
194.9825
20
41.2877
0
VERTEX
8
CUT
10
194.8798
20
41.5158
0
VERTEX
8
CUT
10
194.7547
20
41.7324
0
VERTEX
8
CUT
10
194.6087
20
41.9354
0
VERTEX
8
CUT
10
194.4431
20
42.1228
0
VERTEX
8
CUT
10
194.2596
20
42.2927
0
VERTEX
8
CUT
10
194.0847
20
42.4392
0
VERTEX
8
CUT
10
193.8844
20
42.5904
0
VERTEX
8
CUT
10
193.6699
20
42.7208
0
VERTEX
8
CUT
10
193.4435
20
42.8290
0
VERTEX
8
CUT
10
193.2073
20
42.9140
0
VERTEX
8
CUT
10
192.9638
20
42.9749
0
VERTEX
8
CUT
10
192.7155
20
43.0111
0
VERTEX
8
CUT
10
192.4647
20
43.0222
0
VERTEX
8
CUT
10
192.2141
20
43.0080
0
VERTEX
8
CUT
10
191.9662
20
42.9689
0
VERTEX
8
CUT
10
191.7235
20
42.9050
0
VERTEX
8
CUT
10
191.4884
20
42.8172
0
VERTEX
8
CUT
10
191.2633
20
42.7062
0
VERTEX
8
CUT
10
191.0504
20
42.5732
0
VERTEX
8
CUT
10
190.8555
20
42.4223
0
VERTEX
8
CUT
10
190.8218
20
42.3974
0
VERTEX
8
CUT
10
190.7830
20
42.3954
0
VERTEX
8
CUT
10
190.7643
20
42.3958
0
VERTEX
8
CUT
10
190.5304
20
42.4064
0
VERTEX
8
CUT
10
190.5108
20
42.4078
0
VERTEX
8
CUT
10
190.4704
20
42.4138
0
VERTEX
8
CUT
10
190.4381
20
42.4388
0
VERTEX
8
CUT
10
190.4235
20
42.4520
0
VERTEX
8
CUT
10
189.9459
20
42.9064
0
VERTEX
8
CUT
10
189.9322
20
42.9201
0
VERTEX
8
CUT
10
189.9059
20
42.9507
0
VERTEX
8
CUT
10
189.8804
20
43.0733
0
VERTEX
8
CUT
10
189.8803
20
43.0733
0
VERTEX
8
CUT
10
189.8611
20
43.1803
0
VERTEX
8
CUT
10
189.7954
20
43.4134
0
VERTEX
8
CUT
10
189.7075
20
43.6390
0
VERTEX
8
CUT
10
189.5981
20
43.8550
0
VERTEX
8
CUT
10
189.4684
20
44.0594
0
VERTEX
8
CUT
10
189.3195
20
44.2504
0
VERTEX
8
CUT
10
189.1529
20
44.4260
0
VERTEX
8
CUT
10
188.9700
20
44.5847
0
VERTEX
8
CUT
10
188.7726
20
44.7249
0
VERTEX
8
CUT
10
188.5626
20
44.8454
0
VERTEX
8
CUT
10
188.3419
20
44.9450
0
VERTEX
8
CUT
10
188.1127
20
45.0229
0
VERTEX
8
CUT
10
187.8769
20
45.0781
0
VERTEX
8
CUT
10
187.6370
20
45.1103
0
VERTEX
8
CUT
10
187.3950
20
45.1192
0
VERTEX
8
CUT
10
187.1533
20
45.1045
0
VERTEX
8
CUT
10
186.9142
20
45.0666
0
VERTEX
8
CUT
10
186.6799
20
45.0058
0
VERTEX
8
CUT
10
186.4525
20
44.9225
0
VERTEX
8
CUT
10
186.2343
20
44.8176
0
VERTEX
8
CUT
10
186.0272
20
44.6922
0
VERTEX
8
CUT
10
185.9991
20
44.6732
0
VERTEX
8
CUT
10
185.9610
20
44.6530
0
VERTEX
8
CUT
10
185.9423
20
44.6449
0
VERTEX
8
CUT
10
185.5590
20
44.4913
0
VERTEX
8
CUT
10
185.5410
20
44.4846
0
VERTEX
8
CUT
10
185.5030
20
44.4737
0
VERTEX
8
CUT
10
185.4710
20
44.4969
0
VERTEX
8
CUT
10
185.4563
20
44.5094
0
VERTEX
8
CUT
10
184.5627
20
45.3087
0
VERTEX
8
CUT
10
184.3531
20
45.4768
0
VERTEX
8
CUT
10
184.1267
20
45.6214
0
VERTEX
8
CUT
10
183.8861
20
45.7409
0
VERTEX
8
CUT
10
183.6341
20
45.8339
0
VERTEX
8
CUT
10
183.3735
20
45.8993
0
VERTEX
8
CUT
10
182.1957
20
46.1284
0
VERTEX
8
CUT
10
182.1795
20
46.1320
0
VERTEX
8
CUT
10
182.1459
20
46.1415
0
VERTEX
8
CUT
10
182.1162
20
46.1528
0
VERTEX
8
CUT
10
182.0940
20
46.1628
0
VERTEX
8
CUT
10
181.4722
20
46.4612
0
VERTEX
8
CUT
10
181.3905
20
46.5028
0
VERTEX
8
CUT
10
181.3898
20
46.5014
0
VERTEX
8
CUT
10
181.2164
20
46.5848
0
VERTEX
8
CUT
10
180.9903
20
46.6678
0
VERTEX
8
CUT
10
180.7573
20
46.7286
0
VERTEX
8
CUT
10
180.5195
20
46.7667
0
VERTEX
8
CUT
10
180.2792
20
46.7818
0
VERTEX
8
CUT
10
180.0385
20
46.7737
0
VERTEX
8
CUT
10
179.7997
20
46.7425
0
VERTEX
8
CUT
10
179.5650
20
46.6884
0
VERTEX
8
CUT
10
179.3366
20
46.6120
0
VERTEX
8
CUT
10
179.1166
20
46.5140
0
VERTEX
8
CUT
10
178.9071
20
46.3952
0
VERTEX
8
CUT
10
178.7100
20
46.2569
0
VERTEX
8
CUT
10
178.5271
20
46.1002
0
VERTEX
8
CUT
10
178.3601
20
45.9267
0
VERTEX
8
CUT
10
178.2106
20
45.7379
0
VERTEX
8
CUT
10
178.0799
20
45.5356
0
VERTEX
8
CUT
10
177.9693
20
45.3216
0
VERTEX
8
CUT
10
177.8799
20
45.0980
0
VERTEX
8
CUT
10
177.8123
20
44.8669
0
VERTEX
8
CUT
10
177.7673
20
44.6303
0
VERTEX
8
CUT
10
177.7453
20
44.3905
0
VERTEX
8
CUT
10
177.7465
20
44.1496
0
VERTEX
8
CUT
10
177.7708
20
43.9100
0
VERTEX
8
CUT
10
177.8123
20
43.7028
0
VERTEX
8
CUT
10
177.8119
20
43.7028
0
VERTEX
8
CUT
10
177.8146
20
43.6913
0
VERTEX
8
CUT
10
177.8181
20
43.6739
0
SEQEND
0
POLYLINE
8
CUT
66
1
70
1
10
0.0
20
0.0
30
0.0
0
VERTEX
8
CUT
10
171.3890
20
77.4152
0
VERTEX
8
CUT
10
171.2267
20
77.2332
0
VERTEX
8
CUT
10
171.0829
20
77.0363
0
VERTEX
8
CUT
10
170.9590
20
76.8263
0
VERTEX
8
CUT
10
170.8561
20
76.6052
0
VERTEX
8
CUT
10
170.7753
20
76.3751
0
VERTEX
8
CUT
10
170.7172
20
76.1383
0
VERTEX
8
CUT
10
170.6825
20
75.8969
0
VERTEX
8
CUT
10
170.6715
20
75.6533
0
VERTEX
8
CUT
10
170.6842
20
75.4098
0
VERTEX
8
CUT
10
170.7207
20
75.1687
0
VERTEX
8
CUT
10
170.7804
20
74.9323
0
VERTEX
8
CUT
10
170.8629
20
74.7028
0
VERTEX
8
CUT
10
170.9673
20
74.4825
0
VERTEX
8
CUT
10
171.0927
20
74.2734
0
VERTEX
8
CUT
10
171.2379
20
74.0775
0
VERTEX
8
CUT
10
171.4015
20
73.8966
0
VERTEX
8
CUT
10
171.5820
20
73.7326
0
VERTEX
8
CUT
10
171.7775
20
73.5869
0
VERTEX
8
CUT
10
171.9863
20
73.4610
0
VERTEX
8
CUT
10
173.5427
20
72.6230
0
VERTEX
8
CUT
10
173.5587
20
72.6139
0
VERTEX
8
CUT
10
173.5905
20
72.5928
0
VERTEX
8
CUT
10
173.6201
20
72.5689
0
VERTEX
8
CUT
10
173.6336
20
72.5563
0
VERTEX
8
CUT
10
175.5582
20
70.6800
0
VERTEX
8
CUT
10
175.5718
20
70.6661
0
VERTEX
8
CUT
10
175.6237
20
70.6045
0
VERTEX
8
CUT
10
175.6351
20
70.5888
0
VERTEX
8
CUT
10
177.5347
20
67.8262
0
VERTEX
8
CUT
10
177.5711
20
67.7700
0
VERTEX
8
CUT
10
177.6044
20
67.7119
0
VERTEX
8
CUT
10
179.4269
20
64.3189
0
VERTEX
8
CUT
10
179.5370
20
64.1336
0
VERTEX
8
CUT
10
183.1851
20
58.5552
0
VERTEX
8
CUT
10
183.3048
20
58.3877
0
VERTEX
8
CUT
10
183.4379
20
58.2306
0
VERTEX
8
CUT
10
187.2700
20
54.0666
0
VERTEX
8
CUT
10
187.5252
20
53.8257
0
VERTEX
8
CUT
10
190.6928
20
51.2306
0
VERTEX
8
CUT
10
190.8763
20
51.0938
0
VERTEX
8
CUT
10
191.0715
20
50.9744
0
VERTEX
8
CUT
10
193.8075
20
49.4680
0
VERTEX
8
CUT
10
194.0639
20
49.3453
0
VERTEX
8
CUT
10
194.3326
20
49.2525
0
VERTEX
8
CUT
10
196.9586
20
48.5095
0
VERTEX
8
CUT
10
197.1835
20
48.4569
0
VERTEX
8
CUT
10
197.4124
20
48.4254
0
VERTEX
8
CUT
10
197.6432
20
48.4150
0
VERTEX
8
CUT
10
199.8625
20
48.4185
0
VERTEX
8
CUT
10
200.1358
20
48.4340
0
VERTEX
8
CUT
10
200.4057
20
48.4791
0
VERTEX
8
CUT
10
201.1777
20
48.6523
0
VERTEX
8
CUT
10
201.4610
20
48.7336
0
VERTEX
8
CUT
10
201.7327
20
48.8477
0
VERTEX
8
CUT
10
204.0288
20
49.9754
0
VERTEX
8
CUT
10
204.2431
20
50.0941
0
VERTEX
8
CUT
10
204.4448
20
50.2331
0
VERTEX
8
CUT
10
204.6319
20
50.3912
0
VERTEX
8
CUT
10
204.8026
20
50.5668
0
VERTEX
8
CUT
10
204.9553
20
50.7583
0
VERTEX
8
CUT
10
205.0886
20
50.9638
0
VERTEX
8
CUT
10
205.2011
20
51.1814
0
VERTEX
8
CUT
10
205.2917
20
51.4090
0
VERTEX
8
CUT
10
205.3597
20
51.6443
0
VERTEX
8
CUT
10
205.3868
20
51.7909
0
VERTEX
8
CUT
10
205.4082
20
51.8950
0
VERTEX
8
CUT
10
205.4219
20
51.9290
0
VERTEX
8
CUT
10
205.4298
20
51.9454
0
VERTEX
8
CUT
10
206.3737
20
53.7868
0
VERTEX
8
CUT
10
206.4539
20
53.9592
0
VERTEX
8
CUT
10
206.5208
20
54.1371
0
VERTEX
8
CUT
10
206.9597
20
55.4546
0
VERTEX
8
CUT
10
207.0225
20
55.6771
0
VERTEX
8
CUT
10
207.0645
20
55.9044
0
VERTEX
8
CUT
10
207.0854
20
56.1346
0
VERTEX
8
CUT
10
207.1210
20
56.9425
0
VERTEX
8
CUT
10
207.1222
20
56.9604
0
VERTEX
8
CUT
10
207.1272
20
56.9974
0
VERTEX
8
CUT
10
207.1356
20
57.0339
0
VERTEX
8
CUT
10
207.1407
20
57.0506
0
VERTEX
8
CUT
10
207.2514
20
57.3890
0
VERTEX
8
CUT
10
207.3203
20
57.6445
0
VERTEX
8
CUT
10
207.3618
20
57.9058
0
VERTEX
8
CUT
10
207.3754
20
58.1701
0
VERTEX
8
CUT
10
207.3725
20
60.1784
0
VERTEX
8
CUT
10
207.3626
20
60.3972
0
VERTEX
8
CUT
10
207.3336
20
60.6143
0
VERTEX
8
CUT
10
207.2857
20
60.8281
0
VERTEX
8
CUT
10
207.2192
20
61.0368
0
VERTEX
8
CUT
10
207.1557
20
61.2098
0
VERTEX
8
CUT
10
207.1486
20
61.2309
0
VERTEX
8
CUT
10
207.1267
20
61.3202
0
VERTEX
8
CUT
10
207.1233
20
61.3422
0
VERTEX
8
CUT
10
206.8080
20
63.7883
0
VERTEX
8
CUT
10
206.7752
20
63.9822
0
VERTEX
8
CUT
10
206.7273
20
64.1730
0
VERTEX
8
CUT
10
205.3638
20
68.8169
0
VERTEX
8
CUT
10
205.3040
20
68.9954
0
VERTEX
8
CUT
10
205.2309
20
69.1689
0
VERTEX
8
CUT
10
203.6894
20
72.4757
0
VERTEX
8
CUT
10
203.6816
20
72.4936
0
VERTEX
8
CUT
10
203.6682
20
72.5317
0
VERTEX
8
CUT
10
203.6586
20
72.5709
0
VERTEX
8
CUT
10
203.6554
20
72.5902
0
VERTEX
8
CUT
10
203.6215
20
72.8302
0
VERTEX
8
CUT
10
203.5766
20
73.0657
0
VERTEX
8
CUT
10
203.5094
20
73.2957
0
VERTEX
8
CUT
10
203.4205
20
73.5182
0
VERTEX
8
CUT
10
203.3107
20
73.7312
0
VERTEX
8
CUT
10
203.1809
20
73.9327
0
VERTEX
8
CUT
10
202.5079
20
74.8757
0
VERTEX
8
CUT
10
202.4970
20
74.8917
0
VERTEX
8
CUT
10
202.4572
20
74.9609
0
VERTEX
8
CUT
10
202.4488
20
74.9783
0
VERTEX
8
CUT
10
201.0480
20
78.0681
0
VERTEX
8
CUT
10
201.0402
20
78.0866
0
VERTEX
8
CUT
10
201.0270
20
78.1259
0
VERTEX
8
CUT
10
201.0220
20
78.1669
0
VERTEX
8
CUT
10
201.0211
20
78.1870
0
VERTEX
8
CUT
10
200.9713
20
80.7433
0
VERTEX
8
CUT
10
200.9714
20
80.7621
0
VERTEX
8
CUT
10
200.9743
20
80.8008
0
VERTEX
8
CUT
10
200.9809
20
80.8391
0
VERTEX
8
CUT
10
200.9854
20
80.8574
0
VERTEX
8
CUT
10
201.0125
20
80.9572
0
VERTEX
8
CUT
10
201.0651
20
81.1971
0
VERTEX
8
CUT
10
201.0939
20
81.4410
0
VERTEX
8
CUT
10
201.0986
20
81.6866
0
VERTEX
8
CUT
10
201.0792
20
81.9315
0
VERTEX
8
CUT
10
201.0359
20
82.1732
0
VERTEX
8
CUT
10
201.0093
20
82.2673
0
VERTEX
8
CUT
10
200.9835
20
82.3789
0
VERTEX
8
CUT
10
200.9805
20
82.3980
0
VERTEX
8
CUT
10
200.6758
20
84.7347
0
VERTEX
8
CUT
10
200.6350
20
84.9639
0
VERTEX
8
CUT
10
200.5730
20
85.1882
0
VERTEX
8
CUT
10
200.4905
20
85.4059
0
VERTEX
8
CUT
10
199.5500
20
87.5752
0
VERTEX
8
CUT
10
199.5429
20
87.5928
0
VERTEX
8
CUT
10
199.5308
20
87.6301
0
VERTEX
8
CUT
10
199.5261
20
87.6690
0
VERTEX
8
CUT
10
199.5251
20
87.6880
0
VERTEX
8
CUT
10
199.4797
20
89.5076
0
VERTEX
8
CUT
10
199.4797
20
89.5088
0
VERTEX
8
CUT
10
199.4768
20
89.6228
0
VERTEX
8
CUT
10
199.4667
20
89.7620
0
VERTEX
8
CUT
10
199.4601
20
89.8548
0
VERTEX
8
CUT
10
199.4601
20
89.8550
0
VERTEX
8
CUT
10
199.4600
20
89.8552
0
VERTEX
8
CUT
10
199.4345
20
90.0083
0
VERTEX
8
CUT
10
199.4218
20
90.0849
0
VERTEX
8
CUT
10
199.4217
20
90.0850
0
VERTEX
8
CUT
10
199.4217
20
90.0851
0
VERTEX
8
CUT
10
199.3622
20
90.3104
0
VERTEX
8
CUT
10
199.2299
20
90.7305
0
VERTEX
8
CUT
10
199.2215
20
90.7572
0
VERTEX
8
CUT
10
199.2166
20
90.7741
0
VERTEX
8
CUT
10
199.2088
20
90.8095
0
VERTEX
8
CUT
10
199.2074
20
90.8454
0
VERTEX
8
CUT
10
199.2079
20
90.8631
0
VERTEX
8
CUT
10
199.2600
20
91.9253
0
VERTEX
8
CUT
10
199.2613
20
91.9434
0
VERTEX
8
CUT
10
199.2666
20
91.9807
0
VERTEX
8
CUT
10
199.2754
20
92.0176
0
VERTEX
8
CUT
10
199.2806
20
92.0344
0
VERTEX
8
CUT
10
199.8417
20
93.7045
0
VERTEX
8
CUT
10
199.8709
20
93.7825
0
VERTEX
8
CUT
10
199.9053
20
93.8583
0
VERTEX
8
CUT
10
201.0037
20
96.0735
0
VERTEX
8
CUT
10
201.0337
20
96.1303
0
VERTEX
8
CUT
10
201.0667
20
96.1855
0
VERTEX
8
CUT
10
203.1745
20
99.5076
0
VERTEX
8
CUT
10
203.3417
20
99.8176
0
VERTEX
8
CUT
10
203.3535
20
99.8436
0
VERTEX
8
CUT
10
203.4427
20
100.0697
0
VERTEX
8
CUT
10
203.5095
20
100.3033
0
VERTEX
8
CUT
10
203.5533
20
100.5423
0
VERTEX
8
CUT
10
203.5737
20
100.7844
0
VERTEX
8
CUT
10
203.5705
20
101.0274
0
VERTEX
8
CUT
10
203.5437
20
101.2689
0
VERTEX
8
CUT
10
203.4936
20
101.5067
0
VERTEX
8
CUT
10
203.4207
20
101.7385
0
VERTEX
8
CUT
10
203.3256
20
101.9621
0
VERTEX
8
CUT
10
203.2092
20
102.1754
0
VERTEX
8
CUT
10
203.0727
20
102.3764
0
VERTEX
8
CUT
10
202.9173
20
102.5633
0
VERTEX
8
CUT
10
202.7445
20
102.7341
0
VERTEX
8
CUT
10
201.3302
20
104.0026
0
VERTEX
8
CUT
10
201.1392
20
104.1576
0
VERTEX
8
CUT
10
200.9338
20
104.2932
0
VERTEX
8
CUT
10
200.7161
20
104.4079
0
VERTEX
8
CUT
10
200.4882
20
104.5007
0
VERTEX
8
CUT
10
200.2523
20
104.5705
0
VERTEX
8
CUT
10
200.0106
20
104.6169
0
VERTEX
8
CUT
10
199.7656
20
104.6393
0
VERTEX
8
CUT
10
199.5195
20
104.6375
0
VERTEX
8
CUT
10
199.2748
20
104.6115
0
VERTEX
8
CUT
10
199.0338
20
104.5615
0
VERTEX
8
CUT
10
198.7990
20
104.4881
0
VERTEX
8
CUT
10
197.2879
20
103.9330
0
VERTEX
8
CUT
10
197.2148
20
103.9088
0
VERTEX
8
CUT
10
197.1404
20
103.8892
0
VERTEX
8
CUT
10
193.3649
20
103.0202
0
VERTEX
8
CUT
10
193.3480
20
103.0167
0
VERTEX
8
CUT
10
193.2775
20
103.0068
0
VERTEX
8
CUT
10
193.2603
20
103.0055
0
VERTEX
8
CUT
10
192.6766
20
102.9744
0
VERTEX
8
CUT
10
192.3949
20
102.9434
0
VERTEX
8
CUT
10
192.1184
20
102.8806
0
VERTEX
8
CUT
10
190.6472
20
102.4575
0
VERTEX
8
CUT
10
190.3922
20
102.3690
0
VERTEX
8
CUT
10
190.1482
20
102.2535
0
VERTEX
8
CUT
10
189.9180
20
102.1123
0
VERTEX
8
CUT
10
187.6489
20
100.5461
0
VERTEX
8
CUT
10
187.4684
20
100.4090
0
VERTEX
8
CUT
10
187.3010
20
100.2561
0
VERTEX
8
CUT
10
186.2339
20
99.1887
0
VERTEX
8
CUT
10
186.0959
20
99.0389
0
VERTEX
8
CUT
10
185.9706
20
98.8783
0
VERTEX
8
CUT
10
185.5144
20
98.2423
0
VERTEX
8
CUT
10
185.3991
20
98.0665
0
VERTEX
8
CUT
10
185.2990
20
97.8816
0
VERTEX
8
CUT
10
185.2149
20
97.6889
0
VERTEX
8
CUT
10
184.8985
20
96.8729
0
VERTEX
8
CUT
10
184.8235
20
96.6485
0
VERTEX
8
CUT
10
184.7700
20
96.4180
0
VERTEX
8
CUT
10
184.7386
20
96.1835
0
VERTEX
8
CUT
10
184.7295
20
95.9471
0
VERTEX
8
CUT
10
184.7436
20
94.3466
0
VERTEX
8
CUT
10
184.7557
20
94.1213
0
VERTEX
8
CUT
10
184.7560
20
94.1192
0
VERTEX
8
CUT
10
184.7561
20
94.1172
0
VERTEX
8
CUT
10
184.7669
20
94.0442
0
VERTEX
8
CUT
10
184.7881
20
93.8980
0
VERTEX
8
CUT
10
184.7891
20
93.8940
0
VERTEX
8
CUT
10
184.7897
20
93.8899
0
VERTEX
8
CUT
10
184.8103
20
93.8054
0
VERTEX
8
CUT
10
184.8406
20
93.6786
0
VERTEX
8
CUT
10
184.8426
20
93.6727
0
VERTEX
8
CUT
10
184.8440
20
93.6667
0
VERTEX
8
CUT
10
184.8737
20
93.5803
0
VERTEX
8
CUT
10
184.9125
20
93.4648
0
VERTEX
8
CUT
10
184.9159
20
93.4571
0
VERTEX
8
CUT
10
184.9186
20
93.4494
0
VERTEX
8
CUT
10
184.9567
20
93.3646
0
VERTEX
8
CUT
10
185.0035
20
93.2583
0
VERTEX
8
CUT
10
185.0091
20
93.2471
0
VERTEX
8
CUT
10
185.0184
20
93.2285
0
VERTEX
8
CUT
10
185.7643
20
91.7545
0
VERTEX
8
CUT
10
185.8653
20
91.5816
0
VERTEX
8
CUT
10
185.9158
20
91.4952
0
VERTEX
8
CUT
10
185.9158
20
91.4951
0
VERTEX
8
CUT
10
186.0973
20
91.2558
0
VERTEX
8
CUT
10
188.6618
20
88.2656
0
VERTEX
8
CUT
10
188.6756
20
88.2485
0
VERTEX
8
CUT
10
188.7013
20
88.2108
0
VERTEX
8
CUT
10
188.7225
20
88.1705
0
VERTEX
8
CUT
10
188.7312
20
88.1503
0
VERTEX
8
CUT
10
189.3230
20
86.6455
0
VERTEX
8
CUT
10
189.3298
20
86.6267
0
VERTEX
8
CUT
10
189.3409
20
86.5871
0
VERTEX
8
CUT
10
189.3439
20
86.5460
0
VERTEX
8
CUT
10
189.3438
20
86.5260
0
VERTEX
8
CUT
10
189.2946
20
84.8520
0
VERTEX
8
CUT
10
189.2937
20
84.8343
0
VERTEX
8
CUT
10
189.2894
20
84.7979
0
VERTEX
8
CUT
10
189.2754
20
84.7639
0
VERTEX
8
CUT
10
189.2678
20
84.7484
0
VERTEX
8
CUT
10
188.7035
20
83.6594
0
VERTEX
8
CUT
10
188.6944
20
83.6427
0
VERTEX
8
CUT
10
188.6732
20
83.6098
0
VERTEX
8
CUT
10
188.6489
20
83.5791
0
VERTEX
8
CUT
10
188.6361
20
83.5651
0
VERTEX
8
CUT
10
187.6772
20
82.5658
0
VERTEX
8
CUT
10
187.6635
20
82.5523
0
VERTEX
8
CUT
10
187.6333
20
82.5264
0
VERTEX
8
CUT
10
187.6008
20
82.5035
0
VERTEX
8
CUT
10
187.5842
20
82.4936
0
VERTEX
8
CUT
10
186.2530
20
81.7407
0
VERTEX
8
CUT
10
186.2346
20
81.7310
0
VERTEX
8
CUT
10
186.1555
20
81.6966
0
VERTEX
8
CUT
10
186.1358
20
81.6898
0
VERTEX
8
CUT
10
185.2248
20
81.4030
0
VERTEX
8
CUT
10
185.2063
20
81.3976
0
VERTEX
8
CUT
10
185.1674
20
81.3894
0
VERTEX
8
CUT
10
185.1278
20
81.3850
0
VERTEX
8
CUT
10
185.1086
20
81.3843
0
VERTEX
8
CUT
10
179.3456
20
81.3051
0
VERTEX
8
CUT
10
179.1394
20
81.2938
0
VERTEX
8
CUT
10
178.9349
20
81.2655
0
VERTEX
8
CUT
10
178.7335
20
81.2204
0
VERTEX
8
CUT
10
177.0940
20
80.7816
0
VERTEX
8
CUT
10
176.8505
20
80.7028
0
VERTEX
8
CUT
10
176.6163
20
80.5996
0
VERTEX
8
CUT
10
174.7018
20
79.6357
0
VERTEX
8
CUT
10
174.5076
20
79.5269
0
VERTEX
8
CUT
10
174.3238
20
79.4011
0
VERTEX
8
CUT
10
172.7550
20
78.2219
0
VERTEX
8
CUT
10
172.7354
20
78.2081
0
VERTEX
8
CUT
10
172.6497
20
78.1585
0
VERTEX
8
CUT
10
172.6280
20
78.1485
0
VERTEX
8
CUT
10
172.1900
20
77.9615
0
VERTEX
8
CUT
10
171.9707
20
77.8550
0
VERTEX
8
CUT
10
171.7628
20
77.7276
0
VERTEX
8
CUT
10
171.5683
20
77.5805
0
SEQEND
0
POLYLINE
8
CUT
66
1
70
1
10
0.0
20
0.0
30
0.0
0
VERTEX
8
CUT
10
145.8529
20
113.8488
0
VERTEX
8
CUT
10
145.7022
20
113.6579
0
VERTEX
8
CUT
10
145.5708
20
113.4533
0
VERTEX
8
CUT
10
145.4599
20
113.2369
0
VERTEX
8
CUT
10
145.3706
20
113.0107
0
VERTEX
8
CUT
10
145.3036
20
112.7769
0
VERTEX
8
CUT
10
145.2597
20
112.5377
0
VERTEX
8
CUT
10
145.2392
20
112.2954
0
VERTEX
8
CUT
10
145.2424
20
112.0522
0
VERTEX
8
CUT
10
145.2692
20
111.8105
0
VERTEX
8
CUT
10
145.3194
20
111.5725
0
VERTEX
8
CUT
10
145.3924
20
111.3406
0
VERTEX
8
CUT
10
145.4876
20
111.1168
0
VERTEX
8
CUT
10
145.6041
20
110.9033
0
VERTEX
8
CUT
10
145.7408
20
110.7022
0
VERTEX
8
CUT
10
145.8964
20
110.5153
0
VERTEX
8
CUT
10
146.0694
20
110.3444
0
VERTEX
8
CUT
10
146.2582
20
110.1911
0
VERTEX
8
CUT
10
146.4610
20
110.0569
0
VERTEX
8
CUT
10
146.6759
20
109.9431
0
VERTEX
8
CUT
10
146.9009
20
109.8506
0
VERTEX
8
CUT
10
147.1337
20
109.7804
0
VERTEX
8
CUT
10
147.3723
20
109.7332
0
VERTEX
8
CUT
10
147.6143
20
109.7094
0
VERTEX
8
CUT
10
147.8575
20
109.7093
0
VERTEX
8
CUT
10
148.0995
20
109.7327
0
VERTEX
8
CUT
10
148.3382
20
109.7796
0
VERTEX
8
CUT
10
148.5711
20
109.8494
0
VERTEX
8
CUT
10
150.1981
20
110.4247
0
VERTEX
8
CUT
10
150.4812
20
110.5449
0
VERTEX
8
CUT
10
158.5724
20
114.5836
0
VERTEX
8
CUT
10
158.7851
20
114.7031
0
VERTEX
8
CUT
10
158.9851
20
114.8427
0
VERTEX
8
CUT
10
159.1706
20
115.0011
0
VERTEX
8
CUT
10
159.3397
20
115.1769
0
VERTEX
8
CUT
10
159.4909
20
115.3683
0
VERTEX
8
CUT
10
159.6227
20
115.5736
0
VERTEX
8
CUT
10
159.7339
20
115.7907
0
VERTEX
8
CUT
10
159.8234
20
116.0176
0
VERTEX
8
CUT
10
159.8904
20
116.2521
0
VERTEX
8
CUT
10
159.9342
20
116.4921
0
VERTEX
8
CUT
10
159.9544
20
116.7352
0
VERTEX
8
CUT
10
159.9508
20
116.9791
0
VERTEX
8
CUT
10
159.9235
20
117.2215
0
VERTEX
8
CUT
10
159.8727
20
117.4601
0
VERTEX
8
CUT
10
159.7988
20
117.6926
0
VERTEX
8
CUT
10
159.7027
20
117.9168
0
VERTEX
8
CUT
10
159.5851
20
118.1305
0
VERTEX
8
CUT
10
159.4473
20
118.3318
0
VERTEX
8
CUT
10
159.2905
20
118.5187
0
VERTEX
8
CUT
10
159.1163
20
118.6894
0
VERTEX
8
CUT
10
158.9263
20
118.8423
0
VERTEX
8
CUT
10
158.7222
20
118.9760
0
VERTEX
8
CUT
10
158.5061
20
119.0891
0
VERTEX
8
CUT
10
156.4933
20
120.0209
0
VERTEX
8
CUT
10
156.4739
20
120.0305
0
VERTEX
8
CUT
10
156.3974
20
120.0767
0
VERTEX
8
CUT
10
156.3799
20
120.0893
0
VERTEX
8
CUT
10
153.8320
20
122.0303
0
VERTEX
8
CUT
10
153.8278
20
122.0335
0
VERTEX
8
CUT
10
153.7698
20
122.0850
0
VERTEX
8
CUT
10
153.7568
20
122.0980
0
VERTEX
8
CUT
10
152.6052
20
123.3050
0
VERTEX
8
CUT
10
152.4279
20
123.4735
0
VERTEX
8
CUT
10
152.2350
20
123.6238
0
VERTEX
8
CUT
10
152.0283
20
123.7546
0
VERTEX
8
CUT
10
151.8099
20
123.8645
0
VERTEX
8
CUT
10
151.5818
20
123.9526
0
VERTEX
8
CUT
10
151.3461
20
124.0180
0
VERTEX
8
CUT
10
151.1052
20
124.0601
0
VERTEX
8
CUT
10
150.8613
20
124.0784
0
VERTEX
8
CUT
10
150.6168
20
124.0727
0
VERTEX
8
CUT
10
150.3740
20
124.0433
0
VERTEX
8
CUT
10
150.1353
20
123.9902
0
VERTEX
8
CUT
10
149.9029
20
123.9141
0
VERTEX
8
CUT
10
149.6790
20
123.8156
0
VERTEX
8
CUT
10
149.4659
20
123.6957
0
VERTEX
8
CUT
10
149.2655
20
123.5556
0
VERTEX
8
CUT
10
149.0797
20
123.3966
0
VERTEX
8
CUT
10
148.9103
20
123.2201
0
VERTEX
8
CUT
10
148.7590
20
123.0280
0
VERTEX
8
CUT
10
148.6272
20
122.8220
0
VERTEX
8
CUT
10
148.5162
20
122.6041
0
VERTEX
8
CUT
10
148.4269
20
122.3764
0
VERTEX
8
CUT
10
148.3604
20
122.1411
0
VERTEX
8
CUT
10
148.3171
20
121.9004
0
VERTEX
8
CUT
10
148.2976
20
121.6566
0
VERTEX
8
CUT
10
148.3020
20
121.4121
0
VERTEX
8
CUT
10
148.3303
20
121.1692
0
VERTEX
8
CUT
10
148.3821
20
120.9302
0
VERTEX
8
CUT
10
148.9597
20
118.7816
0
VERTEX
8
CUT
10
148.9640
20
118.7640
0
VERTEX
8
CUT
10
148.9704
20
118.7269
0
VERTEX
8
CUT
10
148.9734
20
118.6892
0
VERTEX
8
CUT
10
148.9736
20
118.6716
0
VERTEX
8
CUT
10
148.9446
20
116.2441
0
VERTEX
8
CUT
10
148.9439
20
116.2251
0
VERTEX
8
CUT
10
148.9397
20
116.1863
0
VERTEX
8
CUT
10
148.9179
20
116.1540
0
VERTEX
8
CUT
10
148.9061
20
116.1390
0
VERTEX
8
CUT
10
148.5856
20
115.7504
0
VERTEX
8
CUT
10
148.5728
20
115.7357
0
VERTEX
8
CUT
10
148.5443
20
115.7072
0
VERTEX
8
CUT
10
148.5130
20
115.6817
0
VERTEX
8
CUT
10
148.4970
20
115.6705
0
VERTEX
8
CUT
10
146.7883
20
114.5371
0
VERTEX
8
CUT
10
146.7255
20
114.4980
0
VERTEX
8
CUT
10
146.6603
20
114.4629
0
VERTEX
8
CUT
10
146.6172
20
114.4412
0
VERTEX
8
CUT
10
146.4053
20
114.3218
0
VERTEX
8
CUT
10
146.2061
20
114.1823
0
VERTEX
8
CUT
10
146.0214
20
114.0242
0
SEQEND
0
POLYLINE
8
CUT
66
1
70
1
10
0.0
20
0.0
30
0.0
0
VERTEX
8
CUT
10
116.5182
20
120.1907
0
VERTEX
8
CUT
10
116.6342
20
119.9832
0
VERTEX
8
CUT
10
118.8207
20
116.4741
0
VERTEX
8
CUT
10
119.0109
20
116.2091
0
VERTEX
8
CUT
10
120.3738
20
114.5504
0
VERTEX
8
CUT
10
120.5606
20
114.3472
0
VERTEX
8
CUT
10
122.2876
20
112.6641
0
VERTEX
8
CUT
10
122.4324
20
112.5336
0
VERTEX
8
CUT
10
122.5870
20
112.4148
0
VERTEX
8
CUT
10
125.1762
20
110.5800
0
VERTEX
8
CUT
10
125.3354
20
110.4760
0
VERTEX
8
CUT
10
125.5021
20
110.3845
0
VERTEX
8
CUT
10
128.0704
20
109.0981
0
VERTEX
8
CUT
10
128.2842
20
109.0032
0
VERTEX
8
CUT
10
128.5060
20
108.9288
0
VERTEX
8
CUT
10
132.0880
20
107.9099
0
VERTEX
8
CUT
10
132.3862
20
107.8444
0
VERTEX
8
CUT
10
132.6901
20
107.8158
0
VERTEX
8
CUT
10
134.0895
20
107.7700
0
VERTEX
8
CUT
10
134.1093
20
107.7688
0
VERTEX
8
CUT
10
134.1498
20
107.7634
0
VERTEX
8
CUT
10
134.1896
20
107.7540
0
VERTEX
8
CUT
10
134.2085
20
107.7480
0
VERTEX
8
CUT
10
134.4622
20
107.6604
0
VERTEX
8
CUT
10
134.7265
20
107.5851
0
VERTEX
8
CUT
10
134.9976
20
107.5393
0
VERTEX
8
CUT
10
135.2720
20
107.5235
0
VERTEX
8
CUT
10
136.4275
20
107.5207
0
VERTEX
8
CUT
10
136.6736
20
107.5323
0
VERTEX
8
CUT
10
136.9174
20
107.5680
0
VERTEX
8
CUT
10
137.1565
20
107.6275
0
VERTEX
8
CUT
10
137.3885
20
107.7103
0
VERTEX
8
CUT
10
137.6113
20
107.8155
0
VERTEX
8
CUT
10
137.8226
20
107.9421
0
VERTEX
8
CUT
10
138.0205
20
108.0889
0
VERTEX
8
CUT
10
138.2029
20
108.2545
0
VERTEX
8
CUT
10
138.3682
20
108.4372
0
VERTEX
8
CUT
10
138.5147
20
108.6354
0
VERTEX
8
CUT
10
138.6409
20
108.8469
0
VERTEX
8
CUT
10
138.7457
20
109.0699
0
VERTEX
8
CUT
10
138.8281
20
109.3021
0
VERTEX
8
CUT
10
138.8872
20
109.5413
0
VERTEX
8
CUT
10
138.9225
20
109.7851
0
VERTEX
8
CUT
10
138.9336
20
110.0312
0
VERTEX
8
CUT
10
138.9204
20
110.2772
0
VERTEX
8
CUT
10
138.8831
20
110.5208
0
VERTEX
8
CUT
10
138.8220
20
110.7594
0
VERTEX
8
CUT
10
138.7377
20
110.9909
0
VERTEX
8
CUT
10
138.6310
20
111.2130
0
VERTEX
8
CUT
10
138.5029
20
111.4235
0
VERTEX
8
CUT
10
138.3548
20
111.6204
0
VERTEX
8
CUT
10
138.1880
20
111.8017
0
VERTEX
8
CUT
10
138.0042
20
111.9658
0
VERTEX
8
CUT
10
137.8051
20
112.1109
0
VERTEX
8
CUT
10
137.7757
20
112.1302
0
VERTEX
8
CUT
10
137.7608
20
112.1416
0
VERTEX
8
CUT
10
137.4003
20
112.4309
0
VERTEX
8
CUT
10
137.3854
20
112.4435
0
VERTEX
8
CUT
10
137.3569
20
112.4715
0
VERTEX
8
CUT
10
137.3413
20
112.5084
0
VERTEX
8
CUT
10
137.3351
20
112.5269
0
VERTEX
8
CUT
10
137.1886
20
112.9998
0
VERTEX
8
CUT
10
137.1836
20
113.0175
0
VERTEX
8
CUT
10
137.1759
20
113.0543
0
VERTEX
8
CUT
10
137.1855
20
113.0907
0
VERTEX
8
CUT
10
137.1915
20
113.1081
0
VERTEX
8
CUT
10
138.1660
20
115.7526
0
VERTEX
8
CUT
10
138.2327
20
115.9613
0
VERTEX
8
CUT
10
138.2809
20
116.1751
0
VERTEX
8
CUT
10
138.3101
20
116.3922
0
VERTEX
8
CUT
10
138.3202
20
116.6111
0
VERTEX
8
CUT
10
138.3283
20
119.9808
0
VERTEX
8
CUT
10
138.3192
20
120.1993
0
VERTEX
8
CUT
10
138.2911
20
120.4162
0
VERTEX
8
CUT
10
138.0624
20
121.7277
0
VERTEX
8
CUT
10
138.0236
20
121.9097
0
VERTEX
8
CUT
10
137.9714
20
122.0884
0
VERTEX
8
CUT
10
137.4731
20
123.5839
0
VERTEX
8
CUT
10
137.3336
20
123.9192
0
VERTEX
8
CUT
10
136.6366
20
125.3014
0
VERTEX
8
CUT
10
136.5373
20
125.4798
0
VERTEX
8
CUT
10
136.4237
20
125.6496
0
VERTEX
8
CUT
10
135.8350
20
126.4562
0
VERTEX
8
CUT
10
135.7038
20
126.6209
0
VERTEX
8
CUT
10
135.5592
20
126.7740
0
VERTEX
8
CUT
10
134.5022
20
127.8026
0
VERTEX
8
CUT
10
134.2945
20
127.9836
0
VERTEX
8
CUT
10
134.0681
20
128.1406
0
VERTEX
8
CUT
10
133.8258
20
128.2718
0
VERTEX
8
CUT
10
132.7862
20
128.7624
0
VERTEX
8
CUT
10
132.5779
20
128.8495
0
VERTEX
8
CUT
10
132.3625
20
128.9174
0
VERTEX
8
CUT
10
132.1418
20
128.9656
0
VERTEX
8
CUT
10
131.9177
20
128.9937
0
VERTEX
8
CUT
10
131.6920
20
129.0015
0
VERTEX
8
CUT
10
131.2156
20
128.9963
0
VERTEX
8
CUT
10
130.9923
20
128.9838
0
VERTEX
8
CUT
10
130.7709
20
128.9515
0
VERTEX
8
CUT
10
130.5534
20
128.8995
0
VERTEX
8
CUT
10
130.3414
20
128.8283
0
VERTEX
8
CUT
10
130.1366
20
128.7384
0
VERTEX
8
CUT
10
129.6135
20
128.4803
0
VERTEX
8
CUT
10
129.4334
20
128.3820
0
VERTEX
8
CUT
10
129.2619
20
128.2693
0
VERTEX
8
CUT
10
128.5370
20
127.7489
0
VERTEX
8
CUT
10
128.3707
20
127.6186
0
VERTEX
8
CUT
10
128.2161
20
127.4747
0
VERTEX
8
CUT
10
127.1773
20
126.4230
0
VERTEX
8
CUT
10
126.9888
20
126.2090
0
VERTEX
8
CUT
10
126.8259
20
125.9750
0
VERTEX
8
CUT
10
126.6908
20
125.7239
0
VERTEX
8
CUT
10
125.2216
20
122.5774
0
VERTEX
8
CUT
10
125.2117
20
122.5575
0
VERTEX
8
CUT
10
125.1877
20
122.5184
0
VERTEX
8
CUT
10
125.1596
20
122.4822
0
VERTEX
8
CUT
10
125.1445
20
122.4659
0
VERTEX
8
CUT
10
124.3379
20
121.6399
0
VERTEX
8
CUT
10
124.3235
20
121.6258
0
VERTEX
8
CUT
10
124.2917
20
121.5992
0
VERTEX
8
CUT
10
124.2573
20
121.5760
0
VERTEX
8
CUT
10
124.2398
20
121.5660
0
VERTEX
8
CUT
10
123.4571
20
121.1454
0
VERTEX
8
CUT
10
123.4406
20
121.1371
0
VERTEX
8
CUT
10
123.4058
20
121.1224
0
VERTEX
8
CUT
10
123.3685
20
121.1287
0
VERTEX
8
CUT
10
123.3506
20
121.1330
0
VERTEX
8
CUT
10
122.7573
20
121.2906
0
VERTEX
8
CUT
10
122.7374
20
121.2965
0
VERTEX
8
CUT
10
122.6974
20
121.3118
0
VERTEX
8
CUT
10
122.6642
20
121.3388
0
VERTEX
8
CUT
10
122.6491
20
121.3532
0
VERTEX
8
CUT
10
121.8339
20
122.1729
0
VERTEX
8
CUT
10
121.8222
20
122.1852
0
VERTEX
8
CUT
10
121.7995
20
122.2122
0
VERTEX
8
CUT
10
121.7793
20
122.2412
0
VERTEX
8
CUT
10
121.7707
20
122.2553
0
VERTEX
8
CUT
10
120.6057
20
124.2627
0
VERTEX
8
CUT
10
120.5964
20
124.2796
0
VERTEX
8
CUT
10
120.5799
20
124.3158
0
VERTEX
8
CUT
10
120.5669
20
124.3535
0
VERTEX
8
CUT
10
120.5620
20
124.3721
0
VERTEX
8
CUT
10
120.2431
20
125.7085
0
VERTEX
8
CUT
10
120.2385
20
125.7305
0
VERTEX
8
CUT
10
120.2273
20
125.8227
0
VERTEX
8
CUT
10
120.2265
20
125.8451
0
VERTEX
8
CUT
10
120.2139
20
127.3931
0
VERTEX
8
CUT
10
120.2143
20
127.4139
0
VERTEX
8
CUT
10
120.2184
20
127.4566
0
VERTEX
8
CUT
10
120.2271
20
127.4987
0
VERTEX
8
CUT
10
120.2328
20
127.5187
0
VERTEX
8
CUT
10
120.5601
20
128.5517
0
VERTEX
8
CUT
10
120.5661
20
128.5690
0
VERTEX
8
CUT
10
120.5809
20
128.6041
0
VERTEX
8
CUT
10
120.5989
20
128.6378
0
VERTEX
8
CUT
10
120.6084
20
128.6528
0
VERTEX
8
CUT
10
121.0123
20
129.2633
0
VERTEX
8
CUT
10
121.1379
20
129.4751
0
VERTEX
8
CUT
10
121.2420
20
129.6981
0
VERTEX
8
CUT
10
121.3237
20
129.9303
0
VERTEX
8
CUT
10
121.3821
20
130.1695
0
VERTEX
8
CUT
10
121.4167
20
130.4132
0
VERTEX
8
CUT
10
121.4272
20
130.6592
0
VERTEX
8
CUT
10
121.4135
20
130.9049
0
VERTEX
8
CUT
10
121.3757
20
131.1482
0
VERTEX
8
CUT
10
121.3141
20
131.3865
0
VERTEX
8
CUT
10
121.2294
20
131.6177
0
VERTEX
8
CUT
10
121.1223
20
131.8393
0
VERTEX
8
CUT
10
120.9940
20
132.0494
0
VERTEX
8
CUT
10
120.8456
20
132.2459
0
VERTEX
8
CUT
10
120.6786
20
132.4267
0
VERTEX
8
CUT
10
120.4947
20
132.5903
0
VERTEX
8
CUT
10
120.2955
20
132.7350
0
VERTEX
8
CUT
10
120.0831
20
132.8595
0
VERTEX
8
CUT
10
119.8595
20
132.9624
0
VERTEX
8
CUT
10
119.6269
20
133.0428
0
VERTEX
8
CUT
10
119.3874
20
133.1000
0
VERTEX
8
CUT
10
119.1435
20
133.1333
0
VERTEX
8
CUT
10
118.8975
20
133.1425
0
VERTEX
8
CUT
10
116.8812
20
133.1185
0
VERTEX
8
CUT
10
116.8761
20
133.1185
0
VERTEX
8
CUT
10
116.8005
20
133.1231
0
VERTEX
8
CUT
10
116.7828
20
133.1253
0
VERTEX
8
CUT
10
114.6039
20
133.4369
0
VERTEX
8
CUT
10
114.3575
20
133.4598
0
VERTEX
8
CUT
10
114.1100
20
133.4582
0
VERTEX
8
CUT
10
113.8639
20
133.4322
0
VERTEX
8
CUT
10
113.6216
20
133.3819
0
VERTEX
8
CUT
10
113.3854
20
133.3079
0
VERTEX
8
CUT
10
113.1577
20
133.2109
0
VERTEX
8
CUT
10
112.9407
20
133.0919
0
VERTEX
8
CUT
10
112.7366
20
132.9520
0
VERTEX
8
CUT
10
112.5472
20
132.7927
0
VERTEX
8
CUT
10
112.3746
20
132.6153
0
VERTEX
8
CUT
10
112.2203
20
132.4218
0
VERTEX
8
CUT
10
112.0859
20
132.2140
0
VERTEX
8
CUT
10
111.9728
20
131.9939
0
VERTEX
8
CUT
10
111.8819
20
131.7637
0
VERTEX
8
CUT
10
111.8142
20
131.5256
0
VERTEX
8
CUT
10
111.7705
20
131.2820
0
VERTEX
8
CUT
10
111.7510
20
131.0353
0
VERTEX
8
CUT
10
111.7560
20
130.7879
0
VERTEX
8
CUT
10
111.7854
20
130.5421
0
VERTEX
8
CUT
10
111.8391
20
130.3005
0
VERTEX
8
CUT
10
111.9163
20
130.0654
0
VERTEX
8
CUT
10
112.0164
20
129.8391
0
VERTEX
8
CUT
10
113.2053
20
127.4745
0
VERTEX
8
CUT
10
113.2275
20
127.4279
0
VERTEX
8
CUT
10
113.2478
20
127.3805
0
VERTEX
8
CUT
10
114.4979
20
124.2651
0
VERTEX
8
CUT
10
114.5803
20
124.0815
0
SEQEND
0
POLYLINE
8
CUT
66
1
70
1
10
0.0
20
0.0
30
0.0
0
VERTEX
8
CUT
10
122.5845
20
18.5197
0
VERTEX
8
CUT
10
122.5894
20
18.2732
0
VERTEX
8
CUT
10
122.6186
20
18.0284
0
VERTEX
8
CUT
10
122.6717
20
17.7877
0
VERTEX
8
CUT
10
122.7483
20
17.5533
0
VERTEX
8
CUT
10
122.8477
20
17.3277
0
VERTEX
8
CUT
10
122.9687
20
17.1129
0
VERTEX
8
CUT
10
123.4465
20
16.3553
0
VERTEX
8
CUT
10
123.5781
20
16.1665
0
VERTEX
8
CUT
10
123.7265
20
15.9905
0
VERTEX
8
CUT
10
123.8905
20
15.8290
0
VERTEX
8
CUT
10
124.0686
20
15.6832
0
VERTEX
8
CUT
10
124.2594
20
15.5544
0
VERTEX
8
CUT
10
124.9779
20
15.1162
0
VERTEX
8
CUT
10
125.1833
20
15.0038
0
VERTEX
8
CUT
10
125.3983
20
14.9111
0
VERTEX
8
CUT
10
125.6210
20
14.8389
0
VERTEX
8
CUT
10
125.8587
20
14.7740
0
VERTEX
8
CUT
10
126.1208
20
14.7173
0
VERTEX
8
CUT
10
126.3875
20
14.6890
0
VERTEX
8
CUT
10
126.6557
20
14.6895
0
VERTEX
8
CUT
10
126.9223
20
14.7187
0
VERTEX
8
CUT
10
127.1842
20
14.7762
0
VERTEX
8
CUT
10
127.2921
20
14.8061
0
VERTEX
8
CUT
10
127.5137
20
14.8787
0
VERTEX
8
CUT
10
127.7276
20
14.9717
0
VERTEX
8
CUT
10
127.9319
20
15.0842
0
VERTEX
8
CUT
10
128.1248
20
15.2152
0
VERTEX
8
CUT
10
128.7022
20
15.6481
0
VERTEX
8
CUT
10
128.8777
20
15.7926
0
VERTEX
8
CUT
10
129.0394
20
15.9524
0
VERTEX
8
CUT
10
129.1858
20
16.1263
0
VERTEX
8
CUT
10
129.6736
20
16.7619
0
VERTEX
8
CUT
10
129.8202
20
16.9747
0
VERTEX
8
CUT
10
129.9440
20
17.2016
0
VERTEX
8
CUT
10
130.0437
20
17.4401
0
VERTEX
8
CUT
10
130.1182
20
17.6875
0
VERTEX
8
CUT
10
130.1854
20
17.9611
0
VERTEX
8
CUT
10
130.2317
20
18.1980
0
VERTEX
8
CUT
10
130.2548
20
18.4384
0
VERTEX
8
CUT
10
130.2546
20
18.6798
0
VERTEX
8
CUT
10
130.2312
20
18.9201
0
VERTEX
8
CUT
10
130.1847
20
19.1570
0
VERTEX
8
CUT
10
130.1150
20
19.4393
0
VERTEX
8
CUT
10
130.0427
20
19.6793
0
VERTEX
8
CUT
10
129.9469
20
19.9108
0
VERTEX
8
CUT
10
129.8283
20
20.1316
0
VERTEX
8
CUT
10
129.6882
20
20.3394
0
VERTEX
8
CUT
10
129.2770
20
20.8879
0
VERTEX
8
CUT
10
129.1325
20
21.0634
0
VERTEX
8
CUT
10
128.9727
20
21.2251
0
VERTEX
8
CUT
10
128.7988
20
21.3715
0
VERTEX
8
CUT
10
128.0823
20
21.9214
0
VERTEX
8
CUT
10
127.8519
20
22.0787
0
VERTEX
8
CUT
10
127.6054
20
22.2093
0
VERTEX
8
CUT
10
127.3459
20
22.3116
0
VERTEX
8
CUT
10
127.2184
20
22.3538
0
VERTEX
8
CUT
10
126.9825
20
22.4192
0
VERTEX
8
CUT
10
126.7414
20
22.4613
0
VERTEX
8
CUT
10
126.4973
20
22.4796
0
VERTEX
8
CUT
10
126.2525
20
22.4739
0
VERTEX
8
CUT
10
126.0095
20
22.4443
0
VERTEX
8
CUT
10
125.7706
20
22.3911
0
VERTEX
8
CUT
10
125.5380
20
22.3148
0
VERTEX
8
CUT
10
124.9480
20
22.0887
0
VERTEX
8
CUT
10
124.7182
20
21.9871
0
VERTEX
8
CUT
10
124.4998
20
21.8630
0
VERTEX
8
CUT
10
124.2949
20
21.7175
0
VERTEX
8
CUT
10
124.1057
20
21.5523
0
VERTEX
8
CUT
10
123.8059
20
21.2626
0
VERTEX
8
CUT
10
123.6437
20
21.0904
0
VERTEX
8
CUT
10
123.4985
20
20.9036
0
VERTEX
8
CUT
10
123.3717
20
20.7038
0
VERTEX
8
CUT
10
123.2643
20
20.4930
0
VERTEX
8
CUT
10
122.8047
20
19.4748
0
VERTEX
8
CUT
10
122.7145
20
19.2453
0
VERTEX
8
CUT
10
122.6473
20
19.0081
0
VERTEX
8
CUT
10
122.6038
20
18.7655
0
SEQEND
0
POLYLINE
8
CUT
66
1
70
1
10
0.0
20
0.0
30
0.0
0
VERTEX
8
CUT
10
82.4543
20
71.4094
0
VERTEX
8
CUT
10
82.4825
20
71.1437
0
VERTEX
8
CUT
10
82.5388
20
70.8826
0
VERTEX
8
CUT
10
82.6227
20
70.6290
0
VERTEX
8
CUT
10
82.9533
20
69.7837
0
VERTEX
8
CUT
10
82.9594
20
69.7669
0
VERTEX
8
CUT
10
82.9699
20
69.7305
0
VERTEX
8
CUT
10
82.9770
20
69.6931
0
VERTEX
8
CUT
10
82.9791
20
69.6758
0
VERTEX
8
CUT
10
83.0101
20
69.3523
0
VERTEX
8
CUT
10
83.0430
20
69.1218
0
VERTEX
8
CUT
10
83.0973
20
68.8953
0
VERTEX
8
CUT
10
83.1724
20
68.6749
0
VERTEX
8
CUT
10
83.5198
20
67.7925
0
VERTEX
8
CUT
10
83.5463
20
67.7181
0
VERTEX
8
CUT
10
83.5679
20
67.6422
0
VERTEX
8
CUT
10
84.4050
20
64.2910
0
VERTEX
8
CUT
10
84.4164
20
64.2413
0
VERTEX
8
CUT
10
84.4256
20
64.1911
0
VERTEX
8
CUT
10
85.0106
20
60.5833
0
VERTEX
8
CUT
10
85.0113
20
60.5779
0
VERTEX
8
CUT
10
85.0180
20
60.4979
0
VERTEX
8
CUT
10
85.0184
20
60.4791
0
VERTEX
8
CUT
10
84.9884
20
52.4194
0
VERTEX
8
CUT
10
84.9878
20
52.3979
0
VERTEX
8
CUT
10
84.9826
20
52.3531
0
VERTEX
8
CUT
10
84.9726
20
52.3092
0
VERTEX
8
CUT
10
84.9661
20
52.2887
0
VERTEX
8
CUT
10
84.8873
20
52.0631
0
VERTEX
8
CUT
10
84.8172
20
51.8245
0
VERTEX
8
CUT
10
84.7711
20
51.5801
0
VERTEX
8
CUT
10
84.7496
20
51.3323
0
VERTEX
8
CUT
10
84.7111
20
50.2939
0
VERTEX
8
CUT
10
84.7100
20
50.2760
0
VERTEX
8
CUT
10
84.7051
20
50.2388
0
VERTEX
8
CUT
10
84.6937
20
50.2034
0
VERTEX
8
CUT
10
84.6869
20
50.1866
0
VERTEX
8
CUT
10
84.6612
20
50.1267
0
VERTEX
8
CUT
10
84.5796
20
49.9097
0
VERTEX
8
CUT
10
84.5186
20
49.6860
0
VERTEX
8
CUT
10
84.4785
20
49.4577
0
VERTEX
8
CUT
10
84.4598
20
49.2266
0
VERTEX
8
CUT
10
84.4279
20
48.3074
0
VERTEX
8
CUT
10
84.4269
20
48.2893
0
VERTEX
8
CUT
10
84.4221
20
48.2519
0
VERTEX
8
CUT
10
84.4104
20
48.2159
0
VERTEX
8
CUT
10
84.4037
20
48.1991
0
VERTEX
8
CUT
10
84.3807
20
48.1459
0
VERTEX
8
CUT
10
84.2984
20
47.9269
0
VERTEX
8
CUT
10
84.2369
20
47.7011
0
VERTEX
8
CUT
10
84.1968
20
47.4706
0
VERTEX
8
CUT
10
84.1784
20
47.2374
0
VERTEX
8
CUT
10
84.1393
20
46.0117
0
VERTEX
8
CUT
10
84.1382
20
45.9928
0
VERTEX
8
CUT
10
84.1331
20
45.9535
0
VERTEX
8
CUT
10
84.1205
20
45.9160
0
VERTEX
8
CUT
10
84.1132
20
45.8986
0
VERTEX
8
CUT
10
84.1044
20
45.8790
0
VERTEX
8
CUT
10
84.0180
20
45.6590
0
VERTEX
8
CUT
10
83.9528
20
45.4319
0
VERTEX
8
CUT
10
83.9093
20
45.1996
0
VERTEX
8
CUT
10
83.8879
20
44.9643
0
VERTEX
8
CUT
10
83.8597
20
44.3124
0
VERTEX
8
CUT
10
83.8585
20
44.2944
0
VERTEX
8
CUT
10
83.8534
20
44.2571
0
VERTEX
8
CUT
10
83.8417
20
44.2218
0
VERTEX
8
CUT
10
83.8348
20
44.2049
0
VERTEX
8
CUT
10
83.8085
20
44.1449
0
VERTEX
8
CUT
10
83.7257
20
43.9293
0
VERTEX
8
CUT
10
83.6632
20
43.7070
0
VERTEX
8
CUT
10
83.6214
20
43.4799
0
VERTEX
8
CUT
10
83.6008
20
43.2499
0
VERTEX
8
CUT
10
83.5722
20
42.5866
0
VERTEX
8
CUT
10
83.5710
20
42.5688
0
VERTEX
8
CUT
10
83.5610
20
42.4948
0
VERTEX
8
CUT
10
83.5574
20
42.4774
0
VERTEX
8
CUT
10
83.0990
20
40.4778
0
VERTEX
8
CUT
10
83.0557
20
40.2342
0
VERTEX
8
CUT
10
83.0367
20
39.9876
0
VERTEX
8
CUT
10
82.9990
20
38.6126
0
VERTEX
8
CUT
10
82.9980
20
38.5935
0
VERTEX
8
CUT
10
82.9930
20
38.5538
0
VERTEX
8
CUT
10
82.9842
20
38.5148
0
VERTEX
8
CUT
10
82.9786
20
38.4966
0
VERTEX
8
CUT
10
82.8706
20
38.1723
0
VERTEX
8
CUT
10
82.8025
20
37.9270
0
VERTEX
8
CUT
10
82.7598
20
37.6760
0
VERTEX
8
CUT
10
82.7428
20
37.4220
0
VERTEX
8
CUT
10
82.7072
20
35.1808
0
VERTEX
8
CUT
10
82.7064
20
35.1612
0
VERTEX
8
CUT
10
82.7017
20
35.1205
0
VERTEX
8
CUT
10
82.6928
20
35.0804
0
VERTEX
8
CUT
10
82.6872
20
35.0617
0
VERTEX
8
CUT
10
82.5888
20
34.7623
0
VERTEX
8
CUT
10
82.5199
20
34.5085
0
VERTEX
8
CUT
10
82.4781
20
34.2490
0
VERTEX
8
CUT
10
82.4638
20
33.9865
0
VERTEX
8
CUT
10
82.4597
20
31.9366
0
VERTEX
8
CUT
10
82.4713
20
31.6912
0
VERTEX
8
CUT
10
82.5069
20
31.4482
0
VERTEX
8
CUT
10
82.5662
20
31.2098
0
VERTEX
8
CUT
10
82.6934
20
30.7880
0
VERTEX
8
CUT
10
82.6981
20
30.7710
0
VERTEX
8
CUT
10
82.7056
20
30.7346
0
VERTEX
8
CUT
10
82.7097
20
30.6975
0
VERTEX
8
CUT
10
82.7104
20
30.6804
0
VERTEX
8
CUT
10
82.7489
20
28.8285
0
VERTEX
8
CUT
10
82.7733
20
28.5283
0
VERTEX
8
CUT
10
82.8337
20
28.2332
0
VERTEX
8
CUT
10
83.5540
20
25.5458
0
VERTEX
8
CUT
10
83.6406
20
25.2822
0
VERTEX
8
CUT
10
83.7559
20
25.0298
0
VERTEX
8
CUT
10
84.4241
20
23.7588
0
VERTEX
8
CUT
10
84.5598
20
23.5310
0
VERTEX
8
CUT
10
84.7188
20
23.3188
0
VERTEX
8
CUT
10
84.8993
20
23.1247
0
VERTEX
8
CUT
10
85.0717
20
22.9581
0
VERTEX
8
CUT
10
85.2582
20
22.7949
0
VERTEX
8
CUT
10
85.4600
20
22.6509
0
VERTEX
8
CUT
10
85.6750
20
22.5276
0
VERTEX
8
CUT
10
85.9704
20
22.3772
0
VERTEX
8
CUT
10
86.1778
20
22.2832
0
VERTEX
8
CUT
10
86.3928
20
22.2085
0
VERTEX
8
CUT
10
86.6138
20
22.1537
0
VERTEX
8
CUT
10
86.8388
20
22.1192
0
VERTEX
8
CUT
10
87.0660
20
22.1053
0
VERTEX
8
CUT
10
87.7322
20
22.0950
0
VERTEX
8
CUT
10
87.9710
20
22.1027
0
VERTEX
8
CUT
10
88.2080
20
22.1331
0
VERTEX
8
CUT
10
88.4409
20
22.1861
0
VERTEX
8
CUT
10
88.6678
20
22.2611
0
VERTEX
8
CUT
10
89.4042
20
22.5441
0
VERTEX
8
CUT
10
89.6108
20
22.6344
0
VERTEX
8
CUT
10
89.8085
20
22.7429
0
VERTEX
8
CUT
10
89.9955
20
22.8688
0
VERTEX
8
CUT
10
90.7700
20
23.4425
0
VERTEX
8
CUT
10
90.9887
20
23.6247
0
VERTEX
8
CUT
10
91.1853
20
23.8306
0
VERTEX
8
CUT
10
92.8155
20
25.7451
0
VERTEX
8
CUT
10
93.0080
20
26.0032
0
VERTEX
8
CUT
10
96.0174
20
30.6320
0
VERTEX
8
CUT
10
96.1571
20
30.8759
0
VERTEX
8
CUT
10
100.0542
20
38.6632
0
VERTEX
8
CUT
10
100.1262
20
38.8206
0
VERTEX
8
CUT
10
101.5039
20
42.1275
0
VERTEX
8
CUT
10
101.5859
20
42.3547
0
VERTEX
8
CUT
10
103.7606
20
49.4335
0
VERTEX
8
CUT
10
103.8141
20
49.6382
0
VERTEX
8
CUT
10
103.8501
20
49.8468
0
VERTEX
8
CUT
10
103.8684
20
50.0576
0
VERTEX
8
CUT
10
103.9044
20
50.8738
0
VERTEX
8
CUT
10
103.9056
20
50.8917
0
VERTEX
8
CUT
10
103.9107
20
50.9290
0
VERTEX
8
CUT
10
103.9224
20
50.9643
0
VERTEX
8
CUT
10
103.9293
20
50.9811
0
VERTEX
8
CUT
10
104.0018
20
51.1467
0
VERTEX
8
CUT
10
104.0853
20
51.3644
0
VERTEX
8
CUT
10
104.1481
20
51.5889
0
VERTEX
8
CUT
10
104.1898
20
51.8183
0
VERTEX
8
CUT
10
104.4054
20
53.4305
0
VERTEX
8
CUT
10
104.4274
20
53.7785
0
VERTEX
8
CUT
10
104.4049
20
57.1626
0
VERTEX
8
CUT
10
104.3941
20
57.3794
0
VERTEX
8
CUT
10
104.3644
20
57.5945
0
VERTEX
8
CUT
10
103.8788
20
60.2574
0
VERTEX
8
CUT
10
103.7894
20
60.6043
0
VERTEX
8
CUT
10
103.3101
20
62.0327
0
VERTEX
8
CUT
10
103.1791
20
62.3493
0
VERTEX
8
CUT
10
102.1810
20
64.3589
0
VERTEX
8
CUT
10
102.0394
20
64.6073
0
VERTEX
8
CUT
10
100.1983
20
67.4458
0
VERTEX
8
CUT
10
99.9947
20
67.7174
0
VERTEX
8
CUT
10
97.9958
20
70.0370
0
VERTEX
8
CUT
10
97.8593
20
70.1832
0
VERTEX
8
CUT
10
97.7115
20
70.3180
0
VERTEX
8
CUT
10
89.2801
20
77.4119
0
VERTEX
8
CUT
10
89.2684
20
77.4220
0
VERTEX
8
CUT
10
89.2430
20
77.4445
0
VERTEX
8
CUT
10
85.8416
20
80.5321
0
VERTEX
8
CUT
10
85.6486
20
80.6905
0
VERTEX
8
CUT
10
85.4407
20
80.8288
0
VERTEX
8
CUT
10
85.2200
20
80.9457
0
VERTEX
8
CUT
10
84.9888
20
81.0401
0
VERTEX
8
CUT
10
84.7493
20
81.1108
0
VERTEX
8
CUT
10
84.5040
20
81.1574
0
VERTEX
8
CUT
10
84.2553
20
81.1792
0
VERTEX
8
CUT
10
84.0056
20
81.1761
0
VERTEX
8
CUT
10
83.7574
20
81.1482
0
VERTEX
8
CUT
10
83.5133
20
81.0956
0
VERTEX
8
CUT
10
83.2757
20
81.0189
0
VERTEX
8
CUT
10
83.0469
20
80.9189
0
VERTEX
8
CUT
10
82.8292
20
80.7965
0
VERTEX
8
CUT
10
82.6248
20
80.6531
0
VERTEX
8
CUT
10
82.4357
20
80.4899
0
VERTEX
8
CUT
10
82.2638
20
80.3088
0
VERTEX
8
CUT
10
82.1109
20
80.1114
0
VERTEX
8
CUT
10
81.9785
20
79.8997
0
VERTEX
8
CUT
10
81.8678
20
79.6758
0
VERTEX
8
CUT
10
81.7800
20
79.4421
0
VERTEX
8
CUT
10
81.7159
20
79.2007
0
VERTEX
8
CUT
10
81.6763
20
78.9542
0
VERTEX
8
CUT
10
81.6614
20
78.7049
0
VERTEX
8
CUT
10
81.6279
20
75.2025
0
VERTEX
8
CUT
10
81.6356
20
74.9805
0
VERTEX
8
CUT
10
81.6630
20
74.7601
0
VERTEX
8
CUT
10
81.7099
20
74.5430
0
VERTEX
8
CUT
10
81.7759
20
74.3309
0
VERTEX
8
CUT
10
82.3707
20
72.6805
0
VERTEX
8
CUT
10
82.3767
20
72.6624
0
VERTEX
8
CUT
10
82.3865
20
72.6237
0
VERTEX
8
CUT
10
82.3925
20
72.5842
0
VERTEX
8
CUT
10
82.3940
20
72.5652
0
SEQEND
0
POLYLINE
8
CUT
66
1
70
1
10
0.0
20
0.0
30
0.0
0
VERTEX
8
CUT
10
75.2366
20
147.2393
0
VERTEX
8
CUT
10
75.1945
20
146.9935
0
VERTEX
8
CUT
10
75.1770
20
146.7447
0
VERTEX
8
CUT
10
75.1845
20
146.4954
0
VERTEX
8
CUT
10
75.2167
20
146.2481
0
VERTEX
8
CUT
10
75.2734
20
146.0053
0
VERTEX
8
CUT
10
75.3540
20
145.7693
0
VERTEX
8
CUT
10
75.4578
20
145.5425
0
VERTEX
8
CUT
10
75.5836
20
145.3271
0
VERTEX
8
CUT
10
75.7303
20
145.1254
0
VERTEX
8
CUT
10
75.8963
20
144.9393
0
VERTEX
8
CUT
10
76.0800
20
144.7707
0
VERTEX
8
CUT
10
76.2796
20
144.6212
0
VERTEX
8
CUT
10
76.4932
20
144.4923
0
VERTEX
8
CUT
10
76.7185
20
144.3854
0
VERTEX
8
CUT
10
76.9533
20
144.3014
0
VERTEX
8
CUT
10
77.1953
20
144.2412
0
VERTEX
8
CUT
10
77.4422
20
144.2055
0
VERTEX
8
CUT
10
77.6913
20
144.1945
0
VERTEX
8
CUT
10
77.9403
20
144.2084
0
VERTEX
8
CUT
10
78.1867
20
144.2471
0
VERTEX
8
CUT
10
78.4280
20
144.3101
0
VERTEX
8
CUT
10
78.4322
20
144.3114
0
VERTEX
8
CUT
10
78.5101
20
144.3332
0
VERTEX
8
CUT
10
80.8297
20
144.9024
0
VERTEX
8
CUT
10
80.8504
20
144.9069
0
VERTEX
8
CUT
10
80.9370
20
144.9186
0
VERTEX
8
CUT
10
80.9582
20
144.9198
0
VERTEX
8
CUT
10
82.3704
20
144.9591
0
VERTEX
8
CUT
10
82.6138
20
144.9778
0
VERTEX
8
CUT
10
82.8543
20
145.0202
0
VERTEX
8
CUT
10
83.6638
20
145.2039
0
VERTEX
8
CUT
10
83.6849
20
145.2081
0
VERTEX
8
CUT
10
83.7733
20
145.2183
0
VERTEX
8
CUT
10
83.7948
20
145.2191
0
VERTEX
8
CUT
10
90.3556
20
145.2630
0
VERTEX
8
CUT
10
90.6008
20
145.2767
0
VERTEX
8
CUT
10
90.8436
20
145.3144
0
VERTEX
8
CUT
10
91.0814
20
145.3758
0
VERTEX
8
CUT
10
91.3121
20
145.4602
0
VERTEX
8
CUT
10
91.5334
20
145.5668
0
VERTEX
8
CUT
10
91.7432
20
145.6947
0
VERTEX
8
CUT
10
91.9394
20
145.8425
0
VERTEX
8
CUT
10
92.1201
20
146.0088
0
VERTEX
8
CUT
10
92.2837
20
146.1921
0
VERTEX
8
CUT
10
92.4285
20
146.3906
0
VERTEX
8
CUT
10
92.5531
20
146.6023
0
VERTEX
8
CUT
10
92.6563
20
146.8252
0
VERTEX
8
CUT
10
92.7371
20
147.0572
0
VERTEX
8
CUT
10
92.7948
20
147.2959
0
VERTEX
8
CUT
10
92.8288
20
147.5392
0
VERTEX
8
CUT
10
92.8387
20
147.7847
0
VERTEX
8
CUT
10
92.8245
20
148.0299
0
VERTEX
8
CUT
10
92.7863
20
148.2726
0
VERTEX
8
CUT
10
92.7245
20
148.5103
0
VERTEX
8
CUT
10
92.6396
20
148.7409
0
VERTEX
8
CUT
10
92.5325
20
148.9619
0
VERTEX
8
CUT
10
92.4043
20
149.1714
0
VERTEX
8
CUT
10
92.2561
20
149.3674
0
VERTEX
8
CUT
10
92.0894
20
149.5478
0
VERTEX
8
CUT
10
91.9057
20
149.7110
0
VERTEX
8
CUT
10
91.7085
20
149.8696
0
VERTEX
8
CUT
10
91.4856
20
150.0296
0
VERTEX
8
CUT
10
91.2465
20
150.1642
0
VERTEX
8
CUT
10
90.0635
20
150.7471
0
VERTEX
8
CUT
10
90.0589
20
150.7494
0
VERTEX
8
CUT
10
89.9931
20
150.7881
0
VERTEX
8
CUT
10
89.9782
20
150.7981
0
VERTEX
8
CUT
10
87.9701
20
152.2106
0
VERTEX
8
CUT
10
87.9551
20
152.2217
0
VERTEX
8
CUT
10
87.8965
20
152.2718
0
VERTEX
8
CUT
10
87.8832
20
152.2849
0
VERTEX
8
CUT
10
86.4577
20
153.7543
0
VERTEX
8
CUT
10
86.4416
20
153.7720
0
VERTEX
8
CUT
10
86.3816
20
153.8509
0
VERTEX
8
CUT
10
86.3689
20
153.8712
0
VERTEX
8
CUT
10
85.2034
20
155.8657
0
VERTEX
8
CUT
10
85.0694
20
156.0711
0
VERTEX
8
CUT
10
84.9159
20
156.2625
0
VERTEX
8
CUT
10
84.7444
20
156.4379
0
VERTEX
8
CUT
10
84.5566
20
156.5956
0
VERTEX
8
CUT
10
84.3542
20
156.7341
0
VERTEX
8
CUT
10
84.1392
20
156.8522
0
VERTEX
8
CUT
10
83.9136
20
156.9486
0
VERTEX
8
CUT
10
83.6797
20
157.0224
0
VERTEX
8
CUT
10
83.4397
20
157.0730
0
VERTEX
8
CUT
10
83.1959
20
157.0998
0
VERTEX
8
CUT
10
82.9506
20
157.1026
0
VERTEX
8
CUT
10
82.7063
20
157.0813
0
VERTEX
8
CUT
10
82.4652
20
157.0362
0
VERTEX
8
CUT
10
82.2296
20
156.9677
0
VERTEX
8
CUT
10
82.0020
20
156.8764
0
VERTEX
8
CUT
10
81.7843
20
156.7633
0
VERTEX
8
CUT
10
81.5788
20
156.6294
0
VERTEX
8
CUT
10
81.3874
20
156.4760
0
VERTEX
8
CUT
10
81.2120
20
156.3045
0
VERTEX
8
CUT
10
81.0542
20
156.1167
0
VERTEX
8
CUT
10
80.9156
20
155.9144
0
VERTEX
8
CUT
10
79.2988
20
153.2864
0
VERTEX
8
CUT
10
79.2766
20
153.2516
0
VERTEX
8
CUT
10
79.2533
20
153.2176
0
VERTEX
8
CUT
10
75.6402
20
148.1448
0
VERTEX
8
CUT
10
75.5059
20
147.9347
0
VERTEX
8
CUT
10
75.3931
20
147.7123
0
VERTEX
8
CUT
10
75.3030
20
147.4797
0
SEQEND
0
POLYLINE
8
CUT
66
1
70
1
10
0.0
20
0.0
30
0.0
0
VERTEX
8
CUT
10
71.8225
20
107.6259
0
VERTEX
8
CUT
10
71.7457
20
107.3972
0
VERTEX
8
CUT
10
71.6913
20
107.1621
0
VERTEX
8
CUT
10
71.6598
20
106.9228
0
VERTEX
8
CUT
10
71.6516
20
106.6817
0
VERTEX
8
CUT
10
71.6666
20
106.4408
0
VERTEX
8
CUT
10
71.7048
20
106.2025
0
VERTEX
8
CUT
10
71.7657
20
105.9691
0
VERTEX
8
CUT
10
71.8489
20
105.7425
0
VERTEX
8
CUT
10
71.9536
20
105.5251
0
VERTEX
8
CUT
10
72.0787
20
105.3188
0
VERTEX
8
CUT
10
72.2232
20
105.1254
0
VERTEX
8
CUT
10
72.3856
20
104.9470
0
VERTEX
8
CUT
10
72.5644
20
104.7850
0
VERTEX
8
CUT
10
72.7581
20
104.6410
0
VERTEX
8
CUT
10
72.9647
20
104.5163
0
VERTEX
8
CUT
10
73.1824
20
104.4122
0
VERTEX
8
CUT
10
73.4091
20
104.3295
0
VERTEX
8
CUT
10
73.6427
20
104.2690
0
VERTEX
8
CUT
10
73.8811
20
104.2314
0
VERTEX
8
CUT
10
74.1220
20
104.2169
0
VERTEX
8
CUT
10
74.3631
20
104.2258
0
VERTEX
8
CUT
10
74.5953
20
104.2568
0
VERTEX
8
CUT
10
74.6373
20
104.2605
0
VERTEX
8
CUT
10
74.6559
20
104.2608
0
VERTEX
8
CUT
10
77.1057
20
104.2448
0
VERTEX
8
CUT
10
77.1259
20
104.2441
0
VERTEX
8
CUT
10
77.1674
20
104.2396
0
VERTEX
8
CUT
10
77.2071
20
104.2267
0
VERTEX
8
CUT
10
77.2258
20
104.2190
0
VERTEX
8
CUT
10
77.4183
20
104.1339
0
VERTEX
8
CUT
10
77.6491
20
104.0453
0
VERTEX
8
CUT
10
77.8874
20
103.9799
0
VERTEX
8
CUT
10
78.1310
20
103.9384
0
VERTEX
8
CUT
10
78.3776
20
103.9211
0
VERTEX
8
CUT
10
78.6246
20
103.9282
0
VERTEX
8
CUT
10
78.8698
20
103.9597
0
VERTEX
8
CUT
10
79.1106
20
104.0153
0
VERTEX
8
CUT
10
79.3448
20
104.0944
0
VERTEX
8
CUT
10
79.5700
20
104.1962
0
VERTEX
8
CUT
10
80.2340
20
104.5368
0
VERTEX
8
CUT
10
80.5384
20
104.7214
0
VERTEX
8
CUT
10
83.1207
20
106.5514
0
VERTEX
8
CUT
10
83.2751
20
106.6701
0
VERTEX
8
CUT
10
83.4198
20
106.8004
0
VERTEX
8
CUT
10
85.3420
20
108.6730
0
VERTEX
8
CUT
10
85.4933
20
108.8341
0
VERTEX
8
CUT
10
85.6298
20
109.0079
0
VERTEX
8
CUT
10
86.1125
20
109.6818
0
VERTEX
8
CUT
10
86.2222
20
109.8486
0
VERTEX
8
CUT
10
86.3182
20
110.0236
0
VERTEX
8
CUT
10
87.8327
20
113.0662
0
VERTEX
8
CUT
10
87.9175
20
113.2559
0
VERTEX
8
CUT
10
87.9862
20
113.4520
0
VERTEX
8
CUT
10
88.0384
20
113.6531
0
VERTEX
8
CUT
10
88.5240
20
115.9043
0
VERTEX
8
CUT
10
88.5689
20
116.1941
0
VERTEX
8
CUT
10
88.5796
20
116.4871
0
VERTEX
8
CUT
10
88.5139
20
119.4315
0
VERTEX
8
CUT
10
88.4956
20
119.6832
0
VERTEX
8
CUT
10
88.4519
20
119.9318
0
VERTEX
8
CUT
10
88.3834
20
120.1747
0
VERTEX
8
CUT
10
88.2908
20
120.4095
0
VERTEX
8
CUT
10
88.1750
20
120.6338
0
VERTEX
8
CUT
10
88.0371
20
120.8452
0
VERTEX
8
CUT
10
86.9166
20
122.3876
0
VERTEX
8
CUT
10
86.7372
20
122.6070
0
VERTEX
8
CUT
10
86.5342
20
122.8048
0
VERTEX
8
CUT
10
86.3102
20
122.9783
0
VERTEX
8
CUT
10
84.5256
20
124.2050
0
VERTEX
8
CUT
10
84.3115
20
124.3369
0
VERTEX
8
CUT
10
84.0852
20
124.4465
0
VERTEX
8
CUT
10
83.8491
20
124.5329
0
VERTEX
8
CUT
10
83.6054
20
124.5951
0
VERTEX
8
CUT
10
83.3568
20
124.6325
0
VERTEX
8
CUT
10
83.1056
20
124.6448
0
VERTEX
8
CUT
10
82.8545
20
124.6318
0
VERTEX
8
CUT
10
82.6060
20
124.5936
0
VERTEX
8
CUT
10
82.3625
20
124.5306
0
VERTEX
8
CUT
10
82.1266
20
124.4435
0
VERTEX
8
CUT
10
81.9007
20
124.3332
0
VERTEX
8
CUT
10
81.6870
20
124.2007
0
VERTEX
8
CUT
10
81.4877
20
124.0474
0
VERTEX
8
CUT
10
81.3047
20
123.8748
0
VERTEX
8
CUT
10
80.5559
20
123.0937
0
VERTEX
8
CUT
10
80.3958
20
122.9094
0
VERTEX
8
CUT
10
80.2544
20
122.7104
0
VERTEX
8
CUT
10
80.1331
20
122.4986
0
VERTEX
8
CUT
10
79.5387
20
121.3318
0
VERTEX
8
CUT
10
79.4231
20
121.0684
0
VERTEX
8
CUT
10
79.3385
20
120.7936
0
VERTEX
8
CUT
10
78.6019
20
117.7964
0
VERTEX
8
CUT
10
78.5484
20
117.5054
0
VERTEX
8
CUT
10
78.5297
20
117.2102
0
VERTEX
8
CUT
10
78.5174
20
114.2720
0
VERTEX
8
CUT
10
78.5276
20
114.0356
0
VERTEX
8
CUT
10
78.5601
20
113.8013
0
VERTEX
8
CUT
10
78.6147
20
113.5710
0
VERTEX
8
CUT
10
78.7719
20
113.0239
0
VERTEX
8
CUT
10
78.7768
20
113.0052
0
VERTEX
8
CUT
10
78.7839
20
112.9663
0
VERTEX
8
CUT
10
78.7718
20
112.9286
0
VERTEX
8
CUT
10
78.7646
20
112.9107
0
VERTEX
8
CUT
10
78.3146
20
111.8714
0
VERTEX
8
CUT
10
78.3070
20
111.8548
0
VERTEX
8
CUT
10
78.2889
20
111.8217
0
VERTEX
8
CUT
10
78.2603
20
111.7978
0
VERTEX
8
CUT
10
78.2453
20
111.7869
0
VERTEX
8
CUT
10
77.4295
20
111.2221
0
VERTEX
8
CUT
10
77.4136
20
111.2116
0
VERTEX
8
CUT
10
77.3796
20
111.1927
0
VERTEX
8
CUT
10
77.3422
20
111.2033
0
VERTEX
8
CUT
10
77.3243
20
111.2099
0
VERTEX
8
CUT
10
76.6069
20
111.4917
0
VERTEX
8
CUT
10
76.5237
20
111.5267
0
VERTEX
8
CUT
10
76.5231
20
111.5251
0
VERTEX
8
CUT
10
76.3442
20
111.5953
0
VERTEX
8
CUT
10
76.1105
20
111.6617
0
VERTEX
8
CUT
10
75.8714
20
111.7050
0
VERTEX
8
CUT
10
75.6293
20
111.7250
0
VERTEX
8
CUT
10
75.3864
20
111.7214
0
VERTEX
8
CUT
10
75.1449
20
111.6941
0
VERTEX
8
CUT
10
74.9073
20
111.6436
0
VERTEX
8
CUT
10
74.6757
20
111.5703
0
VERTEX
8
CUT
10
74.4522
20
111.4748
0
VERTEX
8
CUT
10
74.2391
20
111.3581
0
VERTEX
8
CUT
10
74.0384
20
111.2212
0
VERTEX
8
CUT
10
73.8519
20
111.0655
0
VERTEX
8
CUT
10
73.6813
20
110.8925
0
VERTEX
8
CUT
10
73.5284
20
110.7037
0
VERTEX
8
CUT
10
73.3946
20
110.5009
0
VERTEX
8
CUT
10
73.2810
20
110.2861
0
VERTEX
8
CUT
10
73.1888
20
110.0613
0
VERTEX
8
CUT
10
72.8619
20
109.1385
0
VERTEX
8
CUT
10
72.8556
20
109.1219
0
VERTEX
8
CUT
10
72.8403
20
109.0886
0
VERTEX
8
CUT
10
72.8195
20
109.0588
0
VERTEX
8
CUT
10
72.8083
20
109.0448
0
VERTEX
8
CUT
10
72.2881
20
108.4256
0
VERTEX
8
CUT
10
72.1163
20
108.1954
0
VERTEX
8
CUT
10
71.9721
20
107.9471
0
VERTEX
8
CUT
10
71.9210
20
107.8462
0
SEQEND
0
POLYLINE
8
CUT
66
1
70
1
10
0.0
20
0.0
30
0.0
0
VERTEX
8
CUT
10
68.3011
20
248.1412
0
VERTEX
8
CUT
10
68.4098
20
247.9178
0
VERTEX
8
CUT
10
68.5401
20
247.7062
0
VERTEX
8
CUT
10
68.6907
20
247.5086
0
VERTEX
8
CUT
10
68.8603
20
247.3270
0
VERTEX
8
CUT
10
69.1465
20
247.0494
0
VERTEX
8
CUT
10
69.3291
20
246.8887
0
VERTEX
8
CUT
10
69.5265
20
246.7466
0
VERTEX
8
CUT
10
69.7368
20
246.6243
0
VERTEX
8
CUT
10
69.9580
20
246.5230
0
VERTEX
8
CUT
10
70.1880
20
246.4437
0
VERTEX
8
CUT
10
70.4245
20
246.3871
0
VERTEX
8
CUT
10
70.6655
20
246.3538
0
VERTEX
8
CUT
10
70.9086
20
246.3440
0
VERTEX
8
CUT
10
71.0404
20
246.3452
0
VERTEX
8
CUT
10
71.2679
20
246.3575
0
VERTEX
8
CUT
10
71.4933
20
246.3905
0
VERTEX
8
CUT
10
71.7148
20
246.4439
0
VERTEX
8
CUT
10
71.9305
20
246.5172
0
VERTEX
8
CUT
10
72.1386
20
246.6098
0
VERTEX
8
CUT
10
72.4231
20
246.7524
0
VERTEX
8
CUT
10
72.6583
20
246.8866
0
VERTEX
8
CUT
10
72.8776
20
247.0454
0
VERTEX
8
CUT
10
73.0784
20
247.2271
0
VERTEX
8
CUT
10
73.2291
20
247.3789
0
VERTEX
8
CUT
10
73.3943
20
247.5629
0
VERTEX
8
CUT
10
73.5406
20
247.7624
0
VERTEX
8
CUT
10
73.6665
20
247.9753
0
VERTEX
8
CUT
10
73.7707
20
248.1996
0
VERTEX
8
CUT
10
73.8522
20
248.4331
0
VERTEX
8
CUT
10
73.9103
20
248.6735
0
VERTEX
8
CUT
10
73.9443
20
248.9185
0
VERTEX
8
CUT
10
73.9540
20
249.1656
0
VERTEX
8
CUT
10
73.9509
20
249.4572
0
VERTEX
8
CUT
10
73.9363
20
249.7019
0
VERTEX
8
CUT
10
73.8979
20
249.9440
0
VERTEX
8
CUT
10
73.8359
20
250.1812
0
VERTEX
8
CUT
10
73.7509
20
250.4112
0
VERTEX
8
CUT
10
73.6439
20
250.6317
0
VERTEX
8
CUT
10
73.5158
20
250.8407
0
VERTEX
8
CUT
10
73.3678
20
251.0361
0
VERTEX
8
CUT
10
73.2014
20
251.2161
0
VERTEX
8
CUT
10
72.8351
20
251.5753
0
VERTEX
8
CUT
10
72.6583
20
251.7329
0
VERTEX
8
CUT
10
72.4673
20
251.8732
0
VERTEX
8
CUT
10
72.2639
20
251.9947
0
VERTEX
8
CUT
10
72.0499
20
252.0964
0
VERTEX
8
CUT
10
71.8272
20
252.1775
0
VERTEX
8
CUT
10
71.5978
20
252.2370
0
VERTEX
8
CUT
10
71.3639
20
252.2746
0
VERTEX
8
CUT
10
71.1274
20
252.2899
0
VERTEX
8
CUT
10
70.8906
20
252.2827
0
VERTEX
8
CUT
10
70.6555
20
252.2531
0
VERTEX
8
CUT
10
70.4242
20
252.2014
0
VERTEX
8
CUT
10
70.1989
20
252.1280
0
VERTEX
8
CUT
10
69.9816
20
252.0336
0
VERTEX
8
CUT
10
69.7741
20
251.9191
0
VERTEX
8
CUT
10
69.2883
20
251.6200
0
VERTEX
8
CUT
10
69.0775
20
251.4749
0
VERTEX
8
CUT
10
68.8827
20
251.3089
0
VERTEX
8
CUT
10
68.7058
20
251.1239
0
VERTEX
8
CUT
10
68.5488
20
250.9218
0
VERTEX
8
CUT
10
68.4133
20
250.7047
0
VERTEX
8
CUT
10
68.3007
20
250.4749
0
VERTEX
8
CUT
10
68.2121
20
250.2348
0
VERTEX
8
CUT
10
68.1486
20
249.9869
0
VERTEX
8
CUT
10
68.1108
20
249.7338
0
VERTEX
8
CUT
10
68.0990
20
249.4781
0
VERTEX
8
CUT
10
68.1009
20
249.1085
0
VERTEX
8
CUT
10
68.1145
20
248.8604
0
VERTEX
8
CUT
10
68.1527
20
248.6149
0
VERTEX
8
CUT
10
68.2151
20
248.3744
0
SEQEND
0
POLYLINE
8
CUT
66
1
70
1
10
0.0
20
0.0
30
0.0
0
VERTEX
8
CUT
10
50.1772
20
268.0307
0
VERTEX
8
CUT
10
50.2199
20
267.7711
0
VERTEX
8
CUT
10
50.4784
20
266.5915
0
VERTEX
8
CUT
10
50.5481
20
266.3379
0
VERTEX
8
CUT
10
50.6440
20
266.0931
0
VERTEX
8
CUT
10
50.7652
20
265.8597
0
VERTEX
8
CUT
10
51.2524
20
265.0308
0
VERTEX
8
CUT
10
51.3790
20
264.8367
0
VERTEX
8
CUT
10
51.5230
20
264.6551
0
VERTEX
8
CUT
10
51.6832
20
264.4876
0
VERTEX
8
CUT
10
52.3522
20
263.8502
0
VERTEX
8
CUT
10
52.5371
20
263.6905
0
VERTEX
8
CUT
10
52.7367
20
263.5496
0
VERTEX
8
CUT
10
52.9491
20
263.4289
0
VERTEX
8
CUT
10
54.0661
20
262.8644
0
VERTEX
8
CUT
10
54.3209
20
262.7529
0
VERTEX
8
CUT
10
54.5864
20
262.6705
0
VERTEX
8
CUT
10
55.0797
20
262.5470
0
VERTEX
8
CUT
10
55.3320
20
262.4974
0
VERTEX
8
CUT
10
55.5880
20
262.4741
0
VERTEX
8
CUT
10
55.8450
20
262.4771
0
VERTEX
8
CUT
10
56.1004
20
262.5065
0
VERTEX
8
CUT
10
57.0959
20
262.6734
0
VERTEX
8
CUT
10
57.3403
20
262.7271
0
VERTEX
8
CUT
10
57.5781
20
262.8049
0
VERTEX
8
CUT
10
57.8069
20
262.9062
0
VERTEX
8
CUT
10
58.0245
20
263.0297
0
VERTEX
8
CUT
10
59.5158
20
263.9786
0
VERTEX
8
CUT
10
59.6986
20
264.1067
0
VERTEX
8
CUT
10
59.8691
20
264.2505
0
VERTEX
8
CUT
10
60.0262
20
264.4090
0
VERTEX
8
CUT
10
60.1686
20
264.5809
0
VERTEX
8
CUT
10
60.2950
20
264.7647
0
VERTEX
8
CUT
10
60.8108
20
265.5917
0
VERTEX
8
CUT
10
60.9333
20
265.8121
0
VERTEX
8
CUT
10
61.0330
20
266.0438
0
VERTEX
8
CUT
10
61.1088
20
266.2843
0
VERTEX
8
CUT
10
61.4675
20
267.6602
0
VERTEX
8
CUT
10
61.5162
20
267.8914
0
VERTEX
8
CUT
10
61.5429
20
268.1261
0
VERTEX
8
CUT
10
61.5473
20
268.3624
0
VERTEX
8
CUT
10
61.5293
20
268.5980
0
VERTEX
8
CUT
10
61.4893
20
268.8308
0
VERTEX
8
CUT
10
61.3657
20
269.3893
0
VERTEX
8
CUT
10
61.2969
20
269.6385
0
VERTEX
8
CUT
10
61.2027
20
269.8793
0
VERTEX
8
CUT
10
61.0841
20
270.1090
0
VERTEX
8
CUT
10
60.2874
20
271.4749
0
VERTEX
8
CUT
10
60.1662
20
271.6627
0
VERTEX
8
CUT
10
60.0288
20
271.8390
0
VERTEX
8
CUT
10
59.8761
20
272.0023
0
VERTEX
8
CUT
10
59.7095
20
272.1513
0
VERTEX
8
CUT
10
58.7559
20
272.9303
0
VERTEX
8
CUT
10
58.5460
20
273.0842
0
VERTEX
8
CUT
10
58.3213
20
273.2155
0
VERTEX
8
CUT
10
58.0841
20
273.3227
0
VERTEX
8
CUT
10
57.3364
20
273.6148
0
VERTEX
8
CUT
10
57.0917
20
273.6961
0
VERTEX
8
CUT
10
56.8399
20
273.7518
0
VERTEX
8
CUT
10
56.5837
20
273.7813
0
VERTEX
8
CUT
10
56.5122
20
273.7858
0
VERTEX
8
CUT
10
56.2998
20
273.7901
0
VERTEX
8
CUT
10
55.4121
20
273.7705
0
VERTEX
8
CUT
10
55.1595
20
273.7520
0
VERTEX
8
CUT
10
54.9102
20
273.7082
0
VERTEX
8
CUT
10
54.6665
20
273.6393
0
VERTEX
8
CUT
10
54.4311
20
273.5462
0
VERTEX
8
CUT
10
53.1838
20
272.9781
0
VERTEX
8
CUT
10
52.9809
20
272.8743
0
VERTEX
8
CUT
10
52.7883
20
272.7523
0
VERTEX
8
CUT
10
52.6076
20
272.6134
0
VERTEX
8
CUT
10
52.4402
20
272.4586
0
VERTEX
8
CUT
10
51.2712
20
271.2734
0
VERTEX
8
CUT
10
51.1150
20
271.0994
0
VERTEX
8
CUT
10
50.9757
20
270.9116
0
VERTEX
8
CUT
10
50.8545
20
270.7116
0
VERTEX
8
CUT
10
50.7526
20
270.5012
0
VERTEX
8
CUT
10
50.6708
20
270.2822
0
VERTEX
8
CUT
10
50.2817
20
269.0706
0
VERTEX
8
CUT
10
50.2146
20
268.8162
0
VERTEX
8
CUT
10
50.1745
20
268.5562
0
VERTEX
8
CUT
10
50.1620
20
268.2934
0
SEQEND
0
POLYLINE
8
CUT
66
1
70
1
10
0.0
20
0.0
30
0.0
0
VERTEX
8
CUT
10
34.8645
20
143.0513
0
VERTEX
8
CUT
10
34.8526
20
142.8112
0
VERTEX
8
CUT
10
34.8638
20
142.5711
0
VERTEX
8
CUT
10
34.8981
20
142.3331
0
VERTEX
8
CUT
10
34.9550
20
142.0995
0
VERTEX
8
CUT
10
35.0341
20
141.8725
0
VERTEX
8
CUT
10
35.1355
20
141.6212
0
VERTEX
8
CUT
10
35.2410
20
141.3932
0
VERTEX
8
CUT
10
35.3689
20
141.1770
0
VERTEX
8
CUT
10
35.5178
20
140.9748
0
VERTEX
8
CUT
10
35.6862
20
140.7885
0
VERTEX
8
CUT
10
35.7764
20
140.6983
0
VERTEX
8
CUT
10
35.9590
20
140.5329
0
VERTEX
8
CUT
10
36.1570
20
140.3863
0
VERTEX
8
CUT
10
36.3685
20
140.2598
0
VERTEX
8
CUT
10
36.5913
20
140.1548
0
VERTEX
8
CUT
10
36.8235
20
140.0722
0
VERTEX
8
CUT
10
37.0627
20
140.0129
0
VERTEX
8
CUT
10
37.3065
20
139.9774
0
VERTEX
8
CUT
10
37.5526
20
139.9661
0
VERTEX
8
CUT
10
38.3127
20
139.9687
0
VERTEX
8
CUT
10
38.5547
20
139.9813
0
VERTEX
8
CUT
10
38.7945
20
140.0172
0
VERTEX
8
CUT
10
39.0296
20
140.0762
0
VERTEX
8
CUT
10
39.2579
20
140.1577
0
VERTEX
8
CUT
10
39.4772
20
140.2610
0
VERTEX
8
CUT
10
39.6855
20
140.3850
0
VERTEX
8
CUT
10
39.8808
20
140.5285
0
VERTEX
8
CUT
10
40.0613
20
140.6903
0
VERTEX
8
CUT
10
40.2253
20
140.8689
0
VERTEX
8
CUT
10
40.3712
20
141.0624
0
VERTEX
8
CUT
10
40.4638
20
141.1987
0
VERTEX
8
CUT
10
40.5928
20
141.4100
0
VERTEX
8
CUT
10
40.7003
20
141.6332
0
VERTEX
8
CUT
10
40.7851
20
141.8658
0
VERTEX
8
CUT
10
40.8465
20
142.1057
0
VERTEX
8
CUT
10
40.8839
20
142.3505
0
VERTEX
8
CUT
10
40.8968
20
142.5978
0
VERTEX
8
CUT
10
40.8976
20
142.8586
0
VERTEX
8
CUT
10
40.8881
20
143.0839
0
VERTEX
8
CUT
10
40.8583
20
143.3073
0
VERTEX
8
CUT
10
40.8085
20
143.5272
0
VERTEX
8
CUT
10
40.7391
20
143.7417
0
VERTEX
8
CUT
10
40.6507
20
143.9490
0
VERTEX
8
CUT
10
40.4949
20
144.2729
0
VERTEX
8
CUT
10
40.3826
20
144.4808
0
VERTEX
8
CUT
10
40.2511
20
144.6771
0
VERTEX
8
CUT
10
40.1017
20
144.8602
0
VERTEX
8
CUT
10
39.9357
20
145.0283
0
VERTEX
8
CUT
10
39.7545
20
145.1800
0
VERTEX
8
CUT
10
39.5598
20
145.3140
0
VERTEX
8
CUT
10
39.3534
20
145.4289
0
VERTEX
8
CUT
10
39.0837
20
145.5627
0
VERTEX
8
CUT
10
38.8497
20
145.6644
0
VERTEX
8
CUT
10
38.6066
20
145.7416
0
VERTEX
8
CUT
10
38.3569
20
145.7937
0
VERTEX
8
CUT
10
38.1031
20
145.8200
0
VERTEX
8
CUT
10
37.8480
20
145.8203
0
VERTEX
8
CUT
10
37.5942
20
145.7947
0
VERTEX
8
CUT
10
37.3443
20
145.7433
0
VERTEX
8
CUT
10
37.1010
20
145.6667
0
VERTEX
8
CUT
10
36.8667
20
145.5657
0
VERTEX
8
CUT
10
36.5392
20
145.4042
0
VERTEX
8
CUT
10
36.3074
20
145.2742
0
VERTEX
8
CUT
10
36.0907
20
145.1203
0
VERTEX
8
CUT
10
35.8915
20
144.9442
0
VERTEX
8
CUT
10
35.6719
20
144.7282
0
VERTEX
8
CUT
10
35.4968
20
144.5371
0
VERTEX
8
CUT
10
35.3424
20
144.3289
0
VERTEX
8
CUT
10
35.2104
20
144.1058
0
VERTEX
8
CUT
10
35.1380
20
143.9675
0
VERTEX
8
CUT
10
35.0368
20
143.7494
0
VERTEX
8
CUT
10
34.9571
20
143.5226
0
VERTEX
8
CUT
10
34.8995
20
143.2892
0
SEQEND
0
POLYLINE
8
CUT
66
1
70
1
10
0.0
20
0.0
30
0.0
0
VERTEX
8
CUT
10
21.3932
20
64.0692
0
VERTEX
8
CUT
10
21.8718
20
62.9561
0
VERTEX
8
CUT
10
21.9745
20
62.7451
0
VERTEX
8
CUT
10
22.0965
20
62.5447
0
VERTEX
8
CUT
10
22.2368
20
62.3566
0
VERTEX
8
CUT
10
22.3941
20
62.1824
0
VERTEX
8
CUT
10
23.2530
20
61.3172
0
VERTEX
8
CUT
10
23.4514
20
61.1377
0
VERTEX
8
CUT
10
23.6678
20
60.9804
0
VERTEX
8
CUT
10
23.8998
20
60.8471
0
VERTEX
8
CUT
10
24.7739
20
60.4054
0
VERTEX
8
CUT
10
24.9841
20
60.3111
0
VERTEX
8
CUT
10
25.2021
20
60.2365
0
VERTEX
8
CUT
10
25.4260
20
60.1824
0
VERTEX
8
CUT
10
25.6539
20
60.1490
0
VERTEX
8
CUT
10
25.8839
20
60.1368
0
VERTEX
8
CUT
10
26.7533
20
60.1307
0
VERTEX
8
CUT
10
26.9851
20
60.1399
0
VERTEX
8
CUT
10
27.2149
20
60.1704
0
VERTEX
8
CUT
10
27.4410
20
60.2222
0
VERTEX
8
CUT
10
27.6613
20
60.2947
0
VERTEX
8
CUT
10
27.8739
20
60.3872
0
VERTEX
8
CUT
10
28.8139
20
60.8494
0
VERTEX
8
CUT
10
29.0524
20
60.9834
0
VERTEX
8
CUT
10
29.2748
20
61.1426
0
VERTEX
8
CUT
10
29.4785
20
61.3251
0
VERTEX
8
CUT
10
30.0002
20
61.8468
0
VERTEX
8
CUT
10
30.1589
20
62.0212
0
VERTEX
8
CUT
10
30.3005
20
62.2099
0
VERTEX
8
CUT
10
30.4237
20
62.4110
0
VERTEX
8
CUT
10
30.5273
20
62.6229
0
VERTEX
8
CUT
10
31.0356
20
63.7990
0
VERTEX
8
CUT
10
31.1228
20
64.0320
0
VERTEX
8
CUT
10
31.1864
20
64.2726
0
VERTEX
8
CUT
10
31.2258
20
64.5183
0
VERTEX
8
CUT
10
31.2405
20
64.7667
0
VERTEX
8
CUT
10
31.2454
20
65.2727
0
VERTEX
8
CUT
10
31.2334
20
65.5428
0
VERTEX
8
CUT
10
31.1923
20
65.8099
0
VERTEX
8
CUT
10
31.1226
20
66.0711
0
VERTEX
8
CUT
10
30.8416
20
66.9334
0
VERTEX
8
CUT
10
30.7590
20
67.1518
0
VERTEX
8
CUT
10
30.6563
20
67.3616
0
VERTEX
8
CUT
10
30.5345
20
67.5610
0
VERTEX
8
CUT
10
30.3946
20
67.7480
0
VERTEX
8
CUT
10
30.2378
20
67.9212
0
VERTEX
8
CUT
10
29.1697
20
68.9960
0
VERTEX
8
CUT
10
28.9666
20
69.1791
0
VERTEX
8
CUT
10
28.7448
20
69.3389
0
VERTEX
8
CUT
10
28.5069
20
69.4736
0
VERTEX
8
CUT
10
28.1857
20
69.6328
0
VERTEX
8
CUT
10
27.9763
20
69.7249
0
VERTEX
8
CUT
10
27.7593
20
69.7975
0
VERTEX
8
CUT
10
27.5366
20
69.8500
0
VERTEX
8
CUT
10
27.3100
20
69.8819
0
VERTEX
8
CUT
10
27.0815
20
69.8929
0
VERTEX
8
CUT
10
25.6713
20
69.8964
0
VERTEX
8
CUT
10
25.4459
20
69.8868
0
VERTEX
8
CUT
10
25.2223
20
69.8569
0
VERTEX
8
CUT
10
25.0024
20
69.8070
0
VERTEX
8
CUT
10
24.7878
20
69.7374
0
VERTEX
8
CUT
10
24.5803
20
69.6488
0
VERTEX
8
CUT
10
23.6346
20
69.1934
0
VERTEX
8
CUT
10
23.3936
20
69.0605
0
VERTEX
8
CUT
10
23.1687
20
68.9020
0
VERTEX
8
CUT
10
22.9626
20
68.7196
0
VERTEX
8
CUT
10
22.6719
20
68.4325
0
VERTEX
8
CUT
10
22.4903
20
68.2326
0
VERTEX
8
CUT
10
22.3313
20
68.0143
0
VERTEX
8
CUT
10
22.1968
20
67.7802
0
VERTEX
8
CUT
10
21.4589
20
66.3180
0
VERTEX
8
CUT
10
21.3648
20
66.1081
0
VERTEX
8
CUT
10
21.2904
20
65.8904
0
VERTEX
8
CUT
10
21.2364
20
65.6668
0
VERTEX
8
CUT
10
21.2031
20
65.4392
0
VERTEX
8
CUT
10
21.1909
20
65.2094
0
VERTEX
8
CUT
10
21.1899
20
65.0745
0
VERTEX
8
CUT
10
21.2014
20
64.8166
0
VERTEX
8
CUT
10
21.2394
20
64.5613
0
VERTEX
8
CUT
10
21.3036
20
64.3112
0
SEQEND
0
ENDSEC
0
EOF
