0
SECTION
2
HEADER
9
$ACADVER
1
AC1009
9
$INSUNITS
70
4
0
ENDSEC
0
SECTION
2
TABLES
0
TABLE
2
LAYER
70
1
0
LAYER
2
CUT
70
0
62
7
6
CONTINUOUS
0
ENDTAB
0
ENDSEC
0
SECTION
2
ENTITIES
0
POLYLINE
8
CUT
66
1
70
1
10
0.0
20
0.0
30
0.0
0
VERTEX
8
CUT
10
238.5249
20
140.2717
0
VERTEX
8
CUT
10
238.5261
20
140.2399
0
VERTEX
8
CUT
10
238.5263
20
140.2341
0
VERTEX
8
CUT
10
238.5358
20
140.1003
0
VERTEX
8
CUT
10
238.9164
20
136.2039
0
VERTEX
8
CUT
10
238.9616
20
135.9162
0
VERTEX
8
CUT
10
239.2679
20
134.5064
0
VERTEX
8
CUT
10
239.3191
20
134.3097
0
VERTEX
8
CUT
10
239.3861
20
134.1177
0
VERTEX
8
CUT
10
240.2796
20
131.8585
0
VERTEX
8
CUT
10
240.3872
20
131.6229
0
VERTEX
8
CUT
10
240.5186
20
131.3998
0
VERTEX
8
CUT
10
240.9383
20
130.7646
0
VERTEX
8
CUT
10
241.1204
20
130.5223
0
VERTEX
8
CUT
10
241.3306
20
130.3038
0
VERTEX
8
CUT
10
242.2683
20
129.4402
0
VERTEX
8
CUT
10
242.4519
20
129.2867
0
VERTEX
8
CUT
10
242.6493
20
129.1515
0
VERTEX
8
CUT
10
242.8587
20
129.0357
0
VERTEX
8
CUT
10
243.0783
20
128.9406
0
VERTEX
8
CUT
10
243.3059
20
128.8668
0
VERTEX
8
CUT
10
243.5395
20
128.8151
0
VERTEX
8
CUT
10
243.7770
20
128.7861
0
VERTEX
8
CUT
10
244.0162
20
128.7798
0
VERTEX
8
CUT
10
245.2601
20
128.8069
0
VERTEX
8
CUT
10
245.4414
20
128.8064
0
VERTEX
8
CUT
10
245.4738
20
128.8056
0
VERTEX
8
CUT
10
245.8061
20
128.7806
0
VERTEX
8
CUT
10
246.1322
20
128.7241
0
VERTEX
8
CUT
10
246.4727
20
128.6306
0
VERTEX
8
CUT
10
246.7748
20
128.5158
0
VERTEX
8
CUT
10
247.0418
20
128.3843
0
VERTEX
8
CUT
10
247.2952
20
128.2281
0
VERTEX
8
CUT
10
247.5327
20
128.0486
0
VERTEX
8
CUT
10
247.7521
20
127.8475
0
VERTEX
8
CUT
10
247.9516
20
127.6265
0
VERTEX
8
CUT
10
248.1293
20
127.3877
0
VERTEX
8
CUT
10
248.2836
20
127.1332
0
VERTEX
8
CUT
10
248.4131
20
126.8652
0
VERTEX
8
CUT
10
248.5167
20
126.5861
0
VERTEX
8
CUT
10
248.5935
20
126.2985
0
VERTEX
8
CUT
10
248.6428
20
126.0049
0
VERTEX
8
CUT
10
248.6661
20
125.6795
0
VERTEX
8
CUT
10
248.6669
20
125.6478
0
VERTEX
8
CUT
10
248.6670
20
125.4703
0
VERTEX
8
CUT
10
248.6305
20
123.8969
0
VERTEX
8
CUT
10
248.6160
20
123.6426
0
VERTEX
8
CUT
10
248.6003
20
123.4705
0
VERTEX
8
CUT
10
248.5685
20
123.2178
0
VERTEX
8
CUT
10
248.3767
20
122.0215
0
VERTEX
8
CUT
10
248.3496
20
121.8721
0
VERTEX
8
CUT
10
248.3442
20
121.8455
0
VERTEX
8
CUT
10
248.2721
20
121.5506
0
VERTEX
8
CUT
10
248.2646
20
121.5245
0
VERTEX
8
CUT
10
248.2196
20
121.3795
0
VERTEX
8
CUT
10
247.7497
20
119.9659
0
VERTEX
8
CUT
10
247.6752
20
119.7617
0
VERTEX
8
CUT
10
247.6206
20
119.6246
0
VERTEX
8
CUT
10
247.5344
20
119.4251
0
VERTEX
8
CUT
10
246.7852
20
117.8209
0
VERTEX
8
CUT
10
246.6674
20
117.5897
0
VERTEX
8
CUT
10
246.5820
20
117.4357
0
VERTEX
8
CUT
10
246.4484
20
117.2132
0
VERTEX
8
CUT
10
245.4995
20
115.7499
0
VERTEX
8
CUT
10
245.3604
20
115.5499
0
VERTEX
8
CUT
10
245.2616
20
115.4173
0
VERTEX
8
CUT
10
245.1098
20
115.2268
0
VERTEX
8
CUT
10
243.7740
20
113.6578
0
VERTEX
8
CUT
10
243.6667
20
113.5371
0
VERTEX
8
CUT
10
243.5921
20
113.4567
0
VERTEX
8
CUT
10
243.4797
20
113.3408
0
VERTEX
8
CUT
10
241.3703
20
111.2567
0
VERTEX
8
CUT
10
241.2102
20
111.1074
0
VERTEX
8
CUT
10
241.0986
20
111.0093
0
VERTEX
8
CUT
10
240.9301
20
110.8697
0
VERTEX
8
CUT
10
239.5330
20
109.7795
0
VERTEX
8
CUT
10
239.5074
20
109.7605
0
VERTEX
8
CUT
10
239.4032
20
109.6969
0
VERTEX
8
CUT
10
239.3332
20
109.6542
0
VERTEX
8
CUT
10
239.0064
20
109.4546
0
VERTEX
8
CUT
10
238.7320
20
109.2870
0
VERTEX
8
CUT
10
234.5425
20
107.1330
0
VERTEX
8
CUT
10
234.2997
20
107.0189
0
VERTEX
8
CUT
10
234.1323
20
106.9475
0
VERTEX
8
CUT
10
233.8820
20
106.8511
0
VERTEX
8
CUT
10
233.4690
20
106.7088
0
VERTEX
8
CUT
10
230.9099
20
105.9581
0
VERTEX
8
CUT
10
230.1205
20
105.8016
0
VERTEX
8
CUT
10
229.9259
20
105.7684
0
VERTEX
8
CUT
10
229.8911
20
105.7633
0
VERTEX
8
CUT
10
229.4981
20
105.7277
0
VERTEX
8
CUT
10
229.4629
20
105.7264
0
VERTEX
8
CUT
10
229.2655
20
105.7241
0
VERTEX
8
CUT
10
228.0832
20
105.7418
0
VERTEX
8
CUT
10
227.8977
20
105.7491
0
VERTEX
8
CUT
10
227.8646
20
105.7513
0
VERTEX
8
CUT
10
227.5256
20
105.7901
0
VERTEX
8
CUT
10
227.1921
20
105.8622
0
VERTEX
8
CUT
10
227.1600
20
105.8708
0
VERTEX
8
CUT
10
226.9820
20
105.9234
0
VERTEX
8
CUT
10
225.6727
20
106.3457
0
VERTEX
8
CUT
10
225.6144
20
106.3637
0
VERTEX
8
CUT
10
225.6062
20
106.3661
0
VERTEX
8
CUT
10
225.5475
20
106.3827
0
VERTEX
8
CUT
10
225.5228
20
106.3894
0
VERTEX
8
CUT
10
225.4931
20
106.3975
0
VERTEX
8
CUT
10
225.4492
20
106.4097
0
VERTEX
8
CUT
10
225.1620
20
106.5034
0
VERTEX
8
CUT
10
224.8794
20
106.6255
0
VERTEX
8
CUT
10
224.6133
20
106.7724
0
VERTEX
8
CUT
10
224.3626
20
106.9442
0
VERTEX
8
CUT
10
224.1297
20
107.1395
0
VERTEX
8
CUT
10
223.9168
20
107.3564
0
VERTEX
8
CUT
10
223.7257
20
107.5927
0
VERTEX
8
CUT
10
223.5584
20
107.8465
0
VERTEX
8
CUT
10
223.4163
20
108.1152
0
VERTEX
8
CUT
10
223.3009
20
108.3963
0
VERTEX
8
CUT
10
223.2131
20
108.6873
0
VERTEX
8
CUT
10
223.1538
20
108.9854
0
VERTEX
8
CUT
10
223.1236
20
109.2878
0
VERTEX
8
CUT
10
223.1227
20
109.5917
0
VERTEX
8
CUT
10
223.1512
20
109.8943
0
VERTEX
8
CUT
10
223.2087
20
110.1928
0
VERTEX
8
CUT
10
223.2948
20
110.4843
0
VERTEX
8
CUT
10
223.4086
20
110.7661
0
VERTEX
8
CUT
10
223.5490
20
111.0356
0
VERTEX
8
CUT
10
223.7149
20
111.2903
0
VERTEX
8
CUT
10
223.9045
20
111.5278
0
VERTEX
8
CUT
10
224.1162
20
111.7459
0
VERTEX
8
CUT
10
224.3702
20
111.9614
0
VERTEX
8
CUT
10
224.3959
20
111.9812
0
VERTEX
8
CUT
10
224.5422
20
112.0881
0
VERTEX
8
CUT
10
225.2798
20
112.6002
0
VERTEX
8
CUT
10
225.4509
20
112.7303
0
VERTEX
8
CUT
10
225.6102
20
112.8746
0
VERTEX
8
CUT
10
226.3525
20
113.6073
0
VERTEX
8
CUT
10
226.5577
20
113.7675
0
VERTEX
8
CUT
10
226.8258
20
114.0098
0
VERTEX
8
CUT
10
227.8652
20
115.0961
0
VERTEX
8
CUT
10
227.8862
20
115.1213
0
VERTEX
8
CUT
10
227.9369
20
115.1713
0
VERTEX
8
CUT
10
228.1516
20
115.4126
0
VERTEX
8
CUT
10
229.0966
20
116.6237
0
VERTEX
8
CUT
10
229.2701
20
116.8766
0
VERTEX
8
CUT
10
229.6520
20
117.5139
0
VERTEX
8
CUT
10
229.7673
20
117.7296
0
VERTEX
8
CUT
10
229.8610
20
117.9555
0
VERTEX
8
CUT
10
229.9321
20
118.1896
0
VERTEX
8
CUT
10
229.9801
20
118.4294
0
VERTEX
8
CUT
10
230.0044
20
118.6728
0
VERTEX
8
CUT
10
230.0048
20
118.9173
0
VERTEX
8
CUT
10
229.9812
20
119.1608
0
VERTEX
8
CUT
10
229.9340
20
119.4008
0
VERTEX
8
CUT
10
229.8636
20
119.6350
0
VERTEX
8
CUT
10
229.7706
20
119.8612
0
VERTEX
8
CUT
10
229.6560
20
120.0773
0
VERTEX
8
CUT
10
229.5208
20
120.2811
0
VERTEX
8
CUT
10
229.3664
20
120.4707
0
VERTEX
8
CUT
10
229.1941
20
120.6444
0
VERTEX
8
CUT
10
229.0057
20
120.8004
0
VERTEX
8
CUT
10
228.8030
20
120.9372
0
VERTEX
8
CUT
10
228.5878
20
121.0535
0
VERTEX
8
CUT
10
228.3623
20
121.1483
0
VERTEX
8
CUT
10
228.1287
20
121.2206
0
VERTEX
8
CUT
10
227.8891
20
121.2697
0
VERTEX
8
CUT
10
227.6458
20
121.2951
0
VERTEX
8
CUT
10
227.4013
20
121.2967
0
VERTEX
8
CUT
10
227.1577
20
121.2744
0
VERTEX
8
CUT
10
226.9175
20
121.2283
0
VERTEX
8
CUT
10
226.6829
20
121.1590
0
VERTEX
8
CUT
10
226.4562
20
121.0672
0
VERTEX
8
CUT
10
226.2396
20
120.9536
0
VERTEX
8
CUT
10
226.0352
20
120.8194
0
VERTEX
8
CUT
10
225.9089
20
120.7274
0
VERTEX
8
CUT
10
225.8806
20
120.7089
0
VERTEX
8
CUT
10
225.7198
20
120.6093
0
VERTEX
8
CUT
10
225.2520
20
120.3359
0
VERTEX
8
CUT
10
225.0882
20
120.2456
0
VERTEX
8
CUT
10
225.0585
20
120.2302
0
VERTEX
8
CUT
10
224.7459
20
120.0872
0
VERTEX
8
CUT
10
224.4491
20
119.9857
0
VERTEX
8
CUT
10
224.1437
20
119.9144
0
VERTEX
8
CUT
10
223.8327
20
119.8738
0
VERTEX
8
CUT
10
223.5192
20
119.8644
0
VERTEX
8
CUT
10
223.2063
20
119.8863
0
VERTEX
8
CUT
10
222.8971
20
119.9392
0
VERTEX
8
CUT
10
222.5948
20
120.0227
0
VERTEX
8
CUT
10
222.3023
20
120.1359
0
VERTEX
8
CUT
10
222.0225
20
120.2776
0
VERTEX
8
CUT
10
221.7582
20
120.4465
0
VERTEX
8
CUT
10
221.5121
20
120.6409
0
VERTEX
8
CUT
10
221.2866
20
120.8589
0
VERTEX
8
CUT
10
221.0839
20
121.0982
0
VERTEX
8
CUT
10
220.9060
20
121.3566
0
VERTEX
8
CUT
10
220.7548
20
121.6313
0
VERTEX
8
CUT
10
220.6317
20
121.9198
0
VERTEX
8
CUT
10
220.5379
20
122.2191
0
VERTEX
8
CUT
10
220.4744
20
122.5263
0
VERTEX
8
CUT
10
220.4418
20
122.8382
0
VERTEX
8
CUT
10
220.4405
20
123.1519
0
VERTEX
8
CUT
10
220.4704
20
123.4641
0
VERTEX
8
CUT
10
220.5313
20
123.7718
0
VERTEX
8
CUT
10
220.6225
20
124.0718
0
VERTEX
8
CUT
10
220.7548
20
124.3892
0
VERTEX
8
CUT
10
220.7692
20
124.4193
0
VERTEX
8
CUT
10
220.8680
20
124.6140
0
VERTEX
8
CUT
10
220.8662
20
124.6149
0
VERTEX
8
CUT
10
220.9634
20
124.8219
0
VERTEX
8
CUT
10
221.3088
20
125.6786
0
VERTEX
8
CUT
10
221.3731
20
125.8576
0
VERTEX
8
CUT
10
221.4237
20
126.0408
0
VERTEX
8
CUT
10
221.6812
20
127.1353
0
VERTEX
8
CUT
10
221.7311
20
127.4212
0
VERTEX
8
CUT
10
221.7476
20
127.7109
0
VERTEX
8
CUT
10
221.7474
20
127.9179
0
VERTEX
8
CUT
10
221.7337
20
128.1761
0
VERTEX
8
CUT
10
221.6934
20
128.4316
0
VERTEX
8
CUT
10
221.6269
20
128.6815
0
VERTEX
8
CUT
10
221.5350
20
128.9233
0
VERTEX
8
CUT
10
221.4185
20
129.1542
0
VERTEX
8
CUT
10
221.0661
20
129.7716
0
VERTEX
8
CUT
10
220.9817
20
129.9280
0
VERTEX
8
CUT
10
220.9673
20
129.9563
0
VERTEX
8
CUT
10
220.8329
20
130.2542
0
VERTEX
8
CUT
10
220.7273
20
130.5634
0
VERTEX
8
CUT
10
220.7184
20
130.5939
0
VERTEX
8
CUT
10
220.6731
20
130.7658
0
VERTEX
8
CUT
10
219.4645
20
135.8313
0
VERTEX
8
CUT
10
219.4568
20
135.8626
0
VERTEX
8
CUT
10
219.4554
20
135.8682
0
VERTEX
8
CUT
10
219.4186
20
135.9989
0
VERTEX
8
CUT
10
216.8272
20
144.3353
0
VERTEX
8
CUT
10
216.7771
20
144.5112
0
VERTEX
8
CUT
10
216.7690
20
144.5429
0
VERTEX
8
CUT
10
216.7009
20
144.8722
0
VERTEX
8
CUT
10
216.6684
20
145.1774
0
VERTEX
8
CUT
10
216.6657
20
145.4842
0
VERTEX
8
CUT
10
216.6930
20
145.7899
0
VERTEX
8
CUT
10
216.7499
20
146.0914
0
VERTEX
8
CUT
10
216.8360
20
146.3859
0
VERTEX
8
CUT
10
216.9503
20
146.6707
0
VERTEX
8
CUT
10
217.1055
20
146.9691
0
VERTEX
8
CUT
10
217.1220
20
146.9973
0
VERTEX
8
CUT
10
217.2181
20
147.1531
0
VERTEX
8
CUT
10
217.2358
20
147.1803
0
VERTEX
8
CUT
10
217.3660
20
147.4051
0
VERTEX
8
CUT
10
217.5773
20
147.8178
0
VERTEX
8
CUT
10
217.6721
20
147.9916
0
VERTEX
8
CUT
10
217.6898
20
148.0221
0
VERTEX
8
CUT
10
217.8888
20
148.3266
0
VERTEX
8
CUT
10
218.0985
20
148.5837
0
VERTEX
8
CUT
10
218.3434
20
148.8265
0
VERTEX
8
CUT
10
218.6049
20
149.0369
0
VERTEX
8
CUT
10
218.8634
20
149.2057
0
VERTEX
8
CUT
10
219.1329
20
149.3466
0
VERTEX
8
CUT
10
219.4148
20
149.4609
0
VERTEX
8
CUT
10
219.7064
20
149.5474
0
VERTEX
8
CUT
10
220.0050
20
149.6053
0
VERTEX
8
CUT
10
220.3078
20
149.6341
0
VERTEX
8
CUT
10
220.6119
20
149.6335
0
VERTEX
8
CUT
10
220.9146
20
149.6035
0
VERTEX
8
CUT
10
221.2130
20
149.5444
0
VERTEX
8
CUT
10
221.5043
20
149.4568
0
VERTEX
8
CUT
10
221.7857
20
149.3415
0
VERTEX
8
CUT
10
222.0547
20
149.1995
0
VERTEX
8
CUT
10
222.3087
20
149.0322
0
VERTEX
8
CUT
10
222.5453
20
148.8411
0
VERTEX
8
CUT
10
222.7624
20
148.6281
0
VERTEX
8
CUT
10
222.9579
20
148.3951
0
VERTEX
8
CUT
10
223.1300
20
148.1442
0
VERTEX
8
CUT
10
223.2771
20
147.8780
0
VERTEX
8
CUT
10
223.4093
20
147.5719
0
VERTEX
8
CUT
10
223.4207
20
147.5416
0
VERTEX
8
CUT
10
223.4804
20
147.3703
0
VERTEX
8
CUT
10
223.7921
20
146.4005
0
VERTEX
8
CUT
10
223.9251
20
146.0700
0
VERTEX
8
CUT
10
225.3148
20
143.2200
0
VERTEX
8
CUT
10
225.4426
20
142.9896
0
VERTEX
8
CUT
10
225.5939
20
142.7739
0
VERTEX
8
CUT
10
226.6238
20
141.4595
0
VERTEX
8
CUT
10
226.7512
20
141.3094
0
VERTEX
8
CUT
10
226.8901
20
141.1698
0
VERTEX
8
CUT
10
227.4153
20
140.6818
0
VERTEX
8
CUT
10
227.4157
20
140.6814
0
VERTEX
8
CUT
10
227.4158
20
140.6814
0
VERTEX
8
CUT
10
227.5723
20
140.5359
0
VERTEX
8
CUT
10
227.7617
20
140.3767
0
VERTEX
8
CUT
10
227.9659
20
140.2369
0
VERTEX
8
CUT
10
228.1829
20
140.1181
0
VERTEX
8
CUT
10
228.4105
20
140.0212
0
VERTEX
8
CUT
10
228.6467
20
139.9474
0
VERTEX
8
CUT
10
228.8889
20
139.8972
0
VERTEX
8
CUT
10
229.1350
20
139.8713
0
VERTEX
8
CUT
10
229.3824
20
139.8697
0
VERTEX
8
CUT
10
229.6287
20
139.8927
0
VERTEX
8
CUT
10
229.8716
20
139.9399
0
VERTEX
8
CUT
10
230.1086
20
140.0108
0
VERTEX
8
CUT
10
230.3374
20
140.1049
0
VERTEX
8
CUT
10
230.5559
20
140.2211
0
VERTEX
8
CUT
10
230.7617
20
140.3583
0
VERTEX
8
CUT
10
230.9530
20
140.5152
0
VERTEX
8
CUT
10
231.1279
20
140.6902
0
VERTEX
8
CUT
10
231.2846
20
140.8816
0
VERTEX
8
CUT
10
231.4216
20
141.0877
0
VERTEX
8
CUT
10
231.5376
20
141.3062
0
VERTEX
8
CUT
10
231.6314
20
141.5351
0
VERTEX
8
CUT
10
231.7021
20
141.7722
0
VERTEX
8
CUT
10
231.9867
20
142.9333
0
VERTEX
8
CUT
10
232.0345
20
143.1820
0
VERTEX
8
CUT
10
232.1383
20
143.9243
0
VERTEX
8
CUT
10
232.1686
20
144.1075
0
VERTEX
8
CUT
10
232.1748
20
144.1401
0
VERTEX
8
CUT
10
232.2553
20
144.4718
0
VERTEX
8
CUT
10
232.3583
20
144.7656
0
VERTEX
8
CUT
10
232.4898
20
145.0478
0
VERTEX
8
CUT
10
232.6487
20
145.3156
0
VERTEX
8
CUT
10
232.8332
20
145.5664
0
VERTEX
8
CUT
10
233.0416
20
145.7977
0
VERTEX
8
CUT
10
233.2718
20
146.0073
0
VERTEX
8
CUT
10
233.5217
20
146.1931
0
VERTEX
8
CUT
10
233.7887
20
146.3533
0
VERTEX
8
CUT
10
234.0702
20
146.4862
0
VERTEX
8
CUT
10
234.3635
20
146.5907
0
VERTEX
8
CUT
10
234.6657
20
146.6657
0
VERTEX
8
CUT
10
234.9739
20
146.7104
0
VERTEX
8
CUT
10
235.2849
20
146.7244
0
VERTEX
8
CUT
10
235.5958
20
146.7076
0
VERTEX
8
CUT
10
235.9036
20
146.6601
0
VERTEX
8
CUT
10
236.2051
20
146.5824
0
VERTEX
8
CUT
10
236.4974
20
146.4753
0
VERTEX
8
CUT
10
236.7778
20
146.3398
0
VERTEX
8
CUT
10
237.0433
20
146.1773
0
VERTEX
8
CUT
10
237.2915
20
145.9893
0
VERTEX
8
CUT
10
237.5199
20
145.7776
0
VERTEX
8
CUT
10
237.7262
20
145.5444
0
VERTEX
8
CUT
10
237.9576
20
145.2239
0
VERTEX
8
CUT
10
238.1117
20
145.0313
0
VERTEX
8
CUT
10
238.2840
20
144.8548
0
VERTEX
8
CUT
10
238.4728
20
144.6962
0
VERTEX
8
CUT
10
238.6763
20
144.5569
0
VERTEX
8
CUT
10
238.8926
20
144.4383
0
VERTEX
8
CUT
10
239.1195
20
144.3417
0
VERTEX
8
CUT
10
239.3405
20
144.2724
0
VERTEX
8
CUT
10
239.3282
20
144.2628
0
VERTEX
8
CUT
10
239.1493
20
144.0923
0
VERTEX
8
CUT
10
238.9880
20
143.9050
0
VERTEX
8
CUT
10
238.8461
20
143.7027
0
VERTEX
8
CUT
10
238.7248
20
143.4873
0
VERTEX
8
CUT
10
238.6254
20
143.2611
0
VERTEX
8
CUT
10
238.5488
20
143.0261
0
VERTEX
8
CUT
10
238.4957
20
142.7847
0
VERTEX
8
CUT
10
238.4668
20
142.5393
0
VERTEX
8
CUT
10
238.4622
20
142.2922
0
SEQEND
0
POLYLINE
8
CUT
66
1
70
1
10
0.0
20
0.0
30
0.0
0
VERTEX
8
CUT
10
298.9653
20
299.7678
0
VERTEX
8
CUT
10
298.9659
20
299.7674
0
VERTEX
8
CUT
10
299.0410
20
299.7210
0
VERTEX
8
CUT
10
299.0781
20
299.6944
0
VERTEX
8
CUT
10
299.0864
20
299.6882
0
VERTEX
8
CUT
10
299.1197
20
299.6635
0
VERTEX
8
CUT
10
299.1251
20
299.6595
0
VERTEX
8
CUT
10
299.1718
20
299.6249
0
VERTEX
8
CUT
10
299.2376
20
299.5745
0
VERTEX
8
CUT
10
299.2720
20
299.5443
0
VERTEX
8
CUT
10
299.3615
20
299.4632
0
VERTEX
8
CUT
10
299.4188
20
299.4093
0
VERTEX
8
CUT
10
299.4499
20
299.3763
0
VERTEX
8
CUT
10
299.5337
20
299.2839
0
VERTEX
8
CUT
10
299.5830
20
299.2271
0
VERTEX
8
CUT
10
299.6104
20
299.1919
0
VERTEX
8
CUT
10
299.6400
20
299.1519
0
VERTEX
8
CUT
10
299.6596
20
299.1256
0
VERTEX
8
CUT
10
299.6812
20
299.0964
0
VERTEX
8
CUT
10
299.6869
20
299.0887
0
VERTEX
8
CUT
10
299.7286
20
299.0297
0
VERTEX
8
CUT
10
299.7519
20
298.9929
0
VERTEX
8
CUT
10
299.8027
20
298.9081
0
VERTEX
8
CUT
10
299.8105
20
298.8950
0
VERTEX
8
CUT
10
299.8162
20
298.8856
0
VERTEX
8
CUT
10
299.8197
20
298.8797
0
VERTEX
8
CUT
10
299.8541
20
298.8188
0
VERTEX
8
CUT
10
299.8732
20
298.7811
0
VERTEX
8
CUT
10
299.9310
20
298.6588
0
VERTEX
8
CUT
10
299.9584
20
298.5965
0
VERTEX
8
CUT
10
299.9732
20
298.5586
0
VERTEX
8
CUT
10
300.0198
20
298.4282
0
VERTEX
8
CUT
10
300.0404
20
298.3647
0
VERTEX
8
CUT
10
300.0510
20
298.3274
0
VERTEX
8
CUT
10
300.0726
20
298.2413
0
VERTEX
8
CUT
10
300.0813
20
298.2065
0
VERTEX
8
CUT
10
300.0827
20
298.2006
0
VERTEX
8
CUT
10
300.0832
20
298.1987
0
VERTEX
8
CUT
10
300.0854
20
298.1902
0
VERTEX
8
CUT
10
300.0992
20
298.1258
0
VERTEX
8
CUT
10
300.1058
20
298.0897
0
VERTEX
8
CUT
10
300.1167
20
298.0164
0
VERTEX
8
CUT
10
300.1202
20
297.9927
0
VERTEX
8
CUT
10
300.1250
20
297.9603
0
VERTEX
8
CUT
10
300.1253
20
297.9587
0
VERTEX
8
CUT
10
300.1270
20
297.9470
0
VERTEX
8
CUT
10
300.1343
20
297.8817
0
VERTEX
8
CUT
10
300.1372
20
297.8479
0
VERTEX
8
CUT
10
300.1500
20
297.5872
0
VERTEX
8
CUT
10
300.1500
20
297.0119
0
VERTEX
8
CUT
10
300.1500
20
2.4114
0
VERTEX
8
CUT
10
300.1405
20
2.2186
0
VERTEX
8
CUT
10
300.1348
20
2.1042
0
VERTEX
8
CUT
10
300.1156
20
1.9747
0
VERTEX
8
CUT
10
300.0988
20
1.8619
0
VERTEX
8
CUT
10
300.0907
20
1.8295
0
VERTEX
8
CUT
10
300.0845
20
1.8049
0
VERTEX
8
CUT
10
300.0834
20
1.8004
0
VERTEX
8
CUT
10
300.0668
20
1.7343
0
VERTEX
8
CUT
10
300.0467
20
1.6545
0
VERTEX
8
CUT
10
300.0392
20
1.6243
0
VERTEX
8
CUT
10
299.9946
20
1.4997
0
VERTEX
8
CUT
10
299.9566
20
1.3937
0
VERTEX
8
CUT
10
299.9565
20
1.3935
0
VERTEX
8
CUT
10
299.9246
20
1.3260
0
VERTEX
8
CUT
10
299.9104
20
1.2961
0
VERTEX
8
CUT
10
299.8996
20
1.2733
0
VERTEX
8
CUT
10
299.8518
20
1.1723
0
VERTEX
8
CUT
10
299.7828
20
1.0572
0
VERTEX
8
CUT
10
299.7494
20
1.0016
0
VERTEX
8
CUT
10
299.7258
20
0.9622
0
VERTEX
8
CUT
10
299.6451
20
0.8534
0
VERTEX
8
CUT
10
299.6303
20
0.8335
0
VERTEX
8
CUT
10
299.5798
20
0.7655
0
VERTEX
8
CUT
10
299.5316
20
0.7123
0
VERTEX
8
CUT
10
299.5119
20
0.6906
0
VERTEX
8
CUT
10
299.4974
20
0.6746
0
VERTEX
8
CUT
10
299.4878
20
0.6640
0
VERTEX
8
CUT
10
299.4152
20
0.5840
0
VERTEX
8
CUT
10
299.3123
20
0.4907
0
VERTEX
8
CUT
10
299.2337
20
0.4195
0
VERTEX
8
CUT
10
299.1756
20
0.3764
0
VERTEX
8
CUT
10
299.1664
20
0.3696
0
VERTEX
8
CUT
10
299.1570
20
0.3626
0
VERTEX
8
CUT
10
299.1201
20
0.3353
0
VERTEX
8
CUT
10
299.0369
20
0.2736
0
VERTEX
8
CUT
10
298.9127
20
0.1992
0
VERTEX
8
CUT
10
298.8447
20
0.1585
0
VERTEX
8
CUT
10
298.8268
20
0.1477
0
VERTEX
8
CUT
10
298.6914
20
0.0837
0
VERTEX
8
CUT
10
298.6053
20
0.0430
0
VERTEX
8
CUT
10
298.4570
20
-0.0101
0
VERTEX
8
CUT
10
298.4157
20
-0.0248
0
VERTEX
8
CUT
10
298.3747
20
-0.0395
0
VERTEX
8
CUT
10
298.3087
20
-0.0560
0
VERTEX
8
CUT
10
298.2974
20
-0.0589
0
VERTEX
8
CUT
10
298.2707
20
-0.0656
0
VERTEX
8
CUT
10
298.2082
20
-0.0812
0
VERTEX
8
CUT
10
298.1370
20
-0.0990
0
VERTEX
8
CUT
10
297.9350
20
-0.1290
0
VERTEX
8
CUT
10
297.8947
20
-0.1350
0
VERTEX
8
CUT
10
297.5886
20
-0.1500
0
VERTEX
8
CUT
10
297.0775
20
-0.1500
0
VERTEX
8
CUT
10
3.0000
20
-0.1500
0
VERTEX
8
CUT
10
2.4114
20
-0.1500
0
VERTEX
8
CUT
10
2.1053
20
-0.1350
0
VERTEX
8
CUT
10
1.8629
20
-0.0990
0
VERTEX
8
CUT
10
1.6252
20
-0.0395
0
VERTEX
8
CUT
10
1.3944
20
0.0431
0
VERTEX
8
CUT
10
1.1729
20
0.1479
0
VERTEX
8
CUT
10
0.9627
20
0.2738
0
VERTEX
8
CUT
10
0.7659
20
0.4198
0
VERTEX
8
CUT
10
0.5844
20
0.5844
0
VERTEX
8
CUT
10
0.4198
20
0.7659
0
VERTEX
8
CUT
10
0.2738
20
0.9627
0
VERTEX
8
CUT
10
0.1479
20
1.1729
0
VERTEX
8
CUT
10
0.0431
20
1.3944
0
VERTEX
8
CUT
10
-0.0395
20
1.6252
0
VERTEX
8
CUT
10
-0.0990
20
1.8629
0
VERTEX
8
CUT
10
-0.1350
20
2.1053
0
VERTEX
8
CUT
10
-0.1500
20
2.4114
0
VERTEX
8
CUT
10
-0.1500
20
297.5872
0
VERTEX
8
CUT
10
-0.1350
20
297.8933
0
VERTEX
8
CUT
10
-0.0990
20
298.1357
0
VERTEX
8
CUT
10
-0.0395
20
298.3734
0
VERTEX
8
CUT
10
0.0431
20
298.6041
0
VERTEX
8
CUT
10
0.1479
20
298.8256
0
VERTEX
8
CUT
10
0.2738
20
299.0358
0
VERTEX
8
CUT
10
0.4198
20
299.2326
0
VERTEX
8
CUT
10
0.5844
20
299.4142
0
VERTEX
8
CUT
10
0.7659
20
299.5787
0
VERTEX
8
CUT
10
0.9627
20
299.7247
0
VERTEX
8
CUT
10
1.1729
20
299.8507
0
VERTEX
8
CUT
10
1.3944
20
299.9554
0
VERTEX
8
CUT
10
1.6252
20
300.0380
0
VERTEX
8
CUT
10
1.8629
20
300.0975
0
VERTEX
8
CUT
10
2.1053
20
300.1335
0
VERTEX
8
CUT
10
2.4114
20
300.1485
0
VERTEX
8
CUT
10
2.9646
20
300.1485
0
VERTEX
8
CUT
10
2.9886
20
300.1485
0
VERTEX
8
CUT
10
297.5886
20
300.1485
0
VERTEX
8
CUT
10
297.8516
20
300.1356
0
VERTEX
8
CUT
10
297.8584
20
300.1349
0
VERTEX
8
CUT
10
297.8988
20
300.1329
0
VERTEX
8
CUT
10
297.9854
20
300.1200
0
VERTEX
8
CUT
10
298.1414
20
300.0963
0
VERTEX
8
CUT
10
298.1668
20
300.0901
0
VERTEX
8
CUT
10
298.2608
20
300.0666
0
VERTEX
8
CUT
10
298.3790
20
300.0362
0
VERTEX
8
CUT
10
298.4143
20
300.0239
0
VERTEX
8
CUT
10
298.5107
20
299.9894
0
VERTEX
8
CUT
10
298.6097
20
299.9530
0
VERTEX
8
CUT
10
298.6482
20
299.9353
0
VERTEX
8
CUT
10
298.6611
20
299.9292
0
VERTEX
8
CUT
10
298.6749
20
299.9226
0
VERTEX
8
CUT
10
298.6878
20
299.9165
0
VERTEX
8
CUT
10
298.7453
20
299.8893
0
VERTEX
8
CUT
10
298.8310
20
299.8476
0
VERTEX
8
CUT
10
298.8697
20
299.8251
0
VERTEX
8
CUT
10
298.9587
20
299.7718
0
VERTEX
8
CUT
10
298.9627
20
299.7694
0
SEQEND
0
POLYLINE
8
CUT
66
1
70
1
10
0.0
20
0.0
30
0.0
0
VERTEX
8
CUT
10
32.7896
20
57.7892
0
VERTEX
8
CUT
10
33.0261
20
57.8434
0
VERTEX
8
CUT
10
33.2562
20
57.9203
0
VERTEX
8
CUT
10
33.4778
20
58.0191
0
VERTEX
8
CUT
10
33.6888
20
58.1389
0
VERTEX
8
CUT
10
33.8871
20
58.2786
0
VERTEX
8
CUT
10
34.0710
20
58.4369
0
VERTEX
8
CUT
10
34.2387
20
58.6123
0
VERTEX
8
CUT
10
34.3886
20
58.8031
0
VERTEX
8
CUT
10
34.5192
20
59.0075
0
VERTEX
8
CUT
10
34.6295
20
59.2236
0
VERTEX
8
CUT
10
34.7183
20
59.4494
0
VERTEX
8
CUT
10
34.7281
20
59.4784
0
VERTEX
8
CUT
10
38.0660
20
68.9648
0
VERTEX
8
CUT
10
38.1392
20
69.1559
0
VERTEX
8
CUT
10
38.1532
20
69.1896
0
VERTEX
8
CUT
10
38.3301
20
69.5583
0
VERTEX
8
CUT
10
38.3477
20
69.5903
0
VERTEX
8
CUT
10
38.4510
20
69.7669
0
VERTEX
8
CUT
10
42.3856
20
76.0900
0
VERTEX
8
CUT
10
42.4734
20
76.2245
0
VERTEX
8
CUT
10
42.5349
20
76.3146
0
VERTEX
8
CUT
10
42.6283
20
76.4452
0
VERTEX
8
CUT
10
45.2026
20
79.8863
0
VERTEX
8
CUT
10
45.3272
20
80.0439
0
VERTEX
8
CUT
10
45.4148
20
80.1487
0
VERTEX
8
CUT
10
45.5477
20
80.2995
0
VERTEX
8
CUT
10
48.3493
20
83.3098
0
VERTEX
8
CUT
10
48.5069
20
83.4693
0
VERTEX
8
CUT
10
48.6172
20
83.5744
0
VERTEX
8
CUT
10
48.7841
20
83.7242
0
VERTEX
8
CUT
10
51.7897
20
86.2643
0
VERTEX
8
CUT
10
51.9589
20
86.3992
0
VERTEX
8
CUT
10
52.0765
20
86.4875
0
VERTEX
8
CUT
10
52.2532
20
86.6123
0
VERTEX
8
CUT
10
55.5092
20
88.7745
0
VERTEX
8
CUT
10
55.6940
20
88.8896
0
VERTEX
8
CUT
10
55.8217
20
88.9641
0
VERTEX
8
CUT
10
56.0129
20
89.0684
0
VERTEX
8
CUT
10
59.5744
20
90.8776
0
VERTEX
8
CUT
10
59.7652
20
90.9679
0
VERTEX
8
CUT
10
59.8965
20
91.0255
0
VERTEX
8
CUT
10
60.0922
20
91.1050
0
VERTEX
8
CUT
10
64.0032
20
92.5654
0
VERTEX
8
CUT
10
64.2228
20
92.6398
0
VERTEX
8
CUT
10
64.3733
20
92.6856
0
VERTEX
8
CUT
10
64.5971
20
92.7462
0
VERTEX
8
CUT
10
70.3831
20
94.1237
0
VERTEX
8
CUT
10
70.5396
20
94.1575
0
VERTEX
8
CUT
10
70.5677
20
94.1629
0
VERTEX
8
CUT
10
70.8842
20
94.2102
0
VERTEX
8
CUT
10
70.9127
20
94.2132
0
VERTEX
8
CUT
10
71.0722
20
94.2267
0
VERTEX
8
CUT
10
79.3573
20
94.7491
0
VERTEX
8
CUT
10
79.5142
20
94.7557
0
VERTEX
8
CUT
10
79.6209
20
94.7579
0
VERTEX
8
CUT
10
79.7779
20
94.7579
0
VERTEX
8
CUT
10
83.5366
20
94.6797
0
VERTEX
8
CUT
10
83.7297
20
94.6707
0
VERTEX
8
CUT
10
83.8607
20
94.6612
0
VERTEX
8
CUT
10
84.0532
20
94.6422
0
VERTEX
8
CUT
10
86.5798
20
94.3274
0
VERTEX
8
CUT
10
86.8011
20
94.2931
0
VERTEX
8
CUT
10
86.9506
20
94.2654
0
VERTEX
8
CUT
10
87.1694
20
94.2179
0
VERTEX
8
CUT
10
90.6340
20
93.3575
0
VERTEX
8
CUT
10
90.8746
20
93.2892
0
VERTEX
8
CUT
10
91.0363
20
93.2373
0
VERTEX
8
CUT
10
91.2718
20
93.1531
0
VERTEX
8
CUT
10
92.6419
20
92.6109
0
VERTEX
8
CUT
10
92.8448
20
92.5236
0
VERTEX
8
CUT
10
92.8804
20
92.5070
0
VERTEX
8
CUT
10
93.2056
20
92.3316
0
VERTEX
8
CUT
10
93.4293
20
92.2249
0
VERTEX
8
CUT
10
93.6624
20
92.1408
0
VERTEX
8
CUT
10
93.9028
20
92.0803
0
VERTEX
8
CUT
10
94.1479
20
92.0439
0
VERTEX
8
CUT
10
94.3955
20
92.0319
0
VERTEX
8
CUT
10
94.6430
20
92.0445
0
VERTEX
8
CUT
10
94.8881
20
92.0815
0
VERTEX
8
CUT
10
95.1283
20
92.1426
0
VERTEX
8
CUT
10
95.3612
20
92.2272
0
VERTEX
8
CUT
10
95.5847
20
92.3345
0
VERTEX
8
CUT
10
95.7964
20
92.4633
0
VERTEX
8
CUT
10
95.9943
20
92.6125
0
VERTEX
8
CUT
10
96.1765
20
92.7805
0
VERTEX
8
CUT
10
96.3412
20
92.9658
0
VERTEX
8
CUT
10
96.4867
20
93.1665
0
VERTEX
8
CUT
10
96.6116
20
93.3805
0
VERTEX
8
CUT
10
96.7147
20
93.6059
0
VERTEX
8
CUT
10
96.7949
20
93.8404
0
VERTEX
8
CUT
10
96.8516
20
94.0817
0
VERTEX
8
CUT
10
96.8841
20
94.3274
0
VERTEX
8
CUT
10
96.8921
20
94.5751
0
VERTEX
8
CUT
10
96.8755
20
94.8224
0
VERTEX
8
CUT
10
96.8345
20
95.0669
0
VERTEX
8
CUT
10
96.7696
20
95.3060
0
VERTEX
8
CUT
10
96.6812
20
95.5376
0
VERTEX
8
CUT
10
96.5704
20
95.7593
0
VERTEX
8
CUT
10
96.2467
20
96.3337
0
VERTEX
8
CUT
10
96.2096
20
96.4011
0
VERTEX
8
CUT
10
96.1849
20
96.4471
0
VERTEX
8
CUT
10
96.1492
20
96.5152
0
VERTEX
8
CUT
10
94.8993
20
98.9624
0
VERTEX
8
CUT
10
94.8313
20
99.1027
0
VERTEX
8
CUT
10
94.7871
20
99.1989
0
VERTEX
8
CUT
10
94.7250
20
99.3418
0
VERTEX
8
CUT
10
92.4925
20
104.7869
0
VERTEX
8
CUT
10
92.4281
20
104.9557
0
VERTEX
8
CUT
10
92.3870
20
105.0713
0
VERTEX
8
CUT
10
92.3307
20
105.2430
0
VERTEX
8
CUT
10
90.6132
20
110.9418
0
VERTEX
8
CUT
10
90.5633
20
111.1235
0
VERTEX
8
CUT
10
90.5326
20
111.2478
0
VERTEX
8
CUT
10
90.4920
20
111.4318
0
VERTEX
8
CUT
10
90.4192
20
111.8058
0
VERTEX
8
CUT
10
90.3884
20
111.9874
0
VERTEX
8
CUT
10
90.3838
20
112.0200
0
VERTEX
8
CUT
10
90.3520
20
112.3572
0
VERTEX
8
CUT
10
90.3533
20
112.6661
0
VERTEX
8
CUT
10
90.3850
20
112.9735
0
VERTEX
8
CUT
10
90.4466
20
113.2762
0
VERTEX
8
CUT
10
90.5377
20
113.5714
0
VERTEX
8
CUT
10
90.6573
20
113.8563
0
VERTEX
8
CUT
10
90.8043
20
114.1280
0
VERTEX
8
CUT
10
90.9772
20
114.3841
0
VERTEX
8
CUT
10
91.1744
20
114.6219
0
VERTEX
8
CUT
10
91.3940
20
114.8392
0
VERTEX
8
CUT
10
91.6339
20
115.0339
0
VERTEX
8
CUT
10
91.8917
20
115.2042
0
VERTEX
8
CUT
10
92.1650
20
115.3483
0
VERTEX
8
CUT
10
92.4511
20
115.4649
0
VERTEX
8
CUT
10
92.7472
20
115.5529
0
VERTEX
8
CUT
10
93.0506
20
115.6114
0
VERTEX
8
CUT
10
93.3583
20
115.6398
0
VERTEX
8
CUT
10
93.6672
20
115.6379
0
VERTEX
8
CUT
10
93.9745
20
115.6057
0
VERTEX
8
CUT
10
94.3619
20
115.5261
0
VERTEX
8
CUT
10
94.6001
20
115.4891
0
VERTEX
8
CUT
10
94.8408
20
115.4751
0
VERTEX
8
CUT
10
95.0817
20
115.4844
0
VERTEX
8
CUT
10
95.3205
20
115.5168
0
VERTEX
8
CUT
10
95.5552
20
115.5721
0
VERTEX
8
CUT
10
95.7834
20
115.6498
0
VERTEX
8
CUT
10
96.0031
20
115.7490
0
VERTEX
8
CUT
10
96.2122
20
115.8690
0
VERTEX
8
CUT
10
96.4088
20
116.0086
0
VERTEX
8
CUT
10
96.5911
20
116.1664
0
VERTEX
8
CUT
10
96.7572
20
116.3411
0
VERTEX
8
CUT
10
96.9058
20
116.5309
0
VERTEX
8
CUT
10
97.0354
20
116.7342
0
VERTEX
8
CUT
10
97.1448
20
116.9490
0
VERTEX
8
CUT
10
97.2331
20
117.1734
0
VERTEX
8
CUT
10
97.2993
20
117.4052
0
VERTEX
8
CUT
10
97.3428
20
117.6423
0
VERTEX
8
CUT
10
97.3634
20
117.8825
0
VERTEX
8
CUT
10
97.3606
20
118.1236
0
VERTEX
8
CUT
10
97.3347
20
118.3633
0
VERTEX
8
CUT
10
97.2858
20
118.5993
0
VERTEX
8
CUT
10
97.2612
20
118.6948
0
VERTEX
8
CUT
10
95.5996
20
125.7258
0
VERTEX
8
CUT
10
95.5623
20
125.9025
0
VERTEX
8
CUT
10
95.5515
20
125.9607
0
VERTEX
8
CUT
10
95.5040
20
126.3102
0
VERTEX
8
CUT
10
95.4921
20
126.6387
0
VERTEX
8
CUT
10
95.5119
20
126.9507
0
VERTEX
8
CUT
10
95.5625
20
127.2593
0
VERTEX
8
CUT
10
95.6435
20
127.5612
0
VERTEX
8
CUT
10
95.7542
20
127.8537
0
VERTEX
8
CUT
10
95.8933
20
128.1337
0
VERTEX
8
CUT
10
96.0595
20
128.3985
0
VERTEX
8
CUT
10
96.2512
20
128.6455
0
VERTEX
8
CUT
10
96.4665
20
128.8723
0
VERTEX
8
CUT
10
96.7033
20
129.0765
0
VERTEX
8
CUT
10
96.9591
20
129.2562
0
VERTEX
8
CUT
10
97.2316
20
129.4096
0
VERTEX
8
CUT
10
97.5179
20
129.5352
0
VERTEX
8
CUT
10
97.8153
20
129.6318
0
VERTEX
8
CUT
10
98.1208
20
129.6983
0
VERTEX
8
CUT
10
98.4314
20
129.7342
0
VERTEX
8
CUT
10
98.7441
20
129.7390
0
VERTEX
8
CUT
10
99.0556
20
129.7128
0
VERTEX
8
CUT
10
99.3631
20
129.6558
0
VERTEX
8
CUT
10
99.6633
20
129.5685
0
VERTEX
8
CUT
10
99.9390
20
129.4576
0
VERTEX
8
CUT
10
100.1689
20
129.3779
0
VERTEX
8
CUT
10
100.4055
20
129.3209
0
VERTEX
8
CUT
10
100.6466
20
129.2872
0
VERTEX
8
CUT
10
100.8897
20
129.2771
0
VERTEX
8
CUT
10
101.1327
20
129.2907
0
VERTEX
8
CUT
10
101.3732
20
129.3279
0
VERTEX
8
CUT
10
101.6090
20
129.3882
0
VERTEX
8
CUT
10
101.8378
20
129.4712
0
VERTEX
8
CUT
10
102.0574
20
129.5760
0
VERTEX
8
CUT
10
102.2658
20
129.7017
0
VERTEX
8
CUT
10
102.4610
20
129.8471
0
VERTEX
8
CUT
10
102.6411
20
130.0108
0
VERTEX
8
CUT
10
102.8044
20
130.1912
0
VERTEX
8
CUT
10
102.9495
20
130.3866
0
VERTEX
8
CUT
10
103.0748
20
130.5952
0
VERTEX
8
CUT
10
103.1793
20
130.8150
0
VERTEX
8
CUT
10
103.2619
20
131.0439
0
VERTEX
8
CUT
10
103.3219
20
131.2798
0
VERTEX
8
CUT
10
103.3586
20
131.5204
0
VERTEX
8
CUT
10
103.3718
20
131.7634
0
VERTEX
8
CUT
10
103.3613
20
132.0065
0
VERTEX
8
CUT
10
103.3272
20
132.2475
0
VERTEX
8
CUT
10
103.2698
20
132.4840
0
VERTEX
8
CUT
10
102.8939
20
133.7591
0
VERTEX
8
CUT
10
102.8528
20
133.9103
0
VERTEX
8
CUT
10
102.8269
20
134.0136
0
VERTEX
8
CUT
10
102.7921
20
134.1664
0
VERTEX
8
CUT
10
101.7241
20
139.3532
0
VERTEX
8
CUT
10
101.2616
20
141.7605
0
VERTEX
8
CUT
10
101.2485
20
141.8243
0
VERTEX
8
CUT
10
101.2454
20
141.8385
0
VERTEX
8
CUT
10
101.2346
20
141.8854
0
VERTEX
8
CUT
10
101.0069
20
142.8362
0
VERTEX
8
CUT
10
100.5902
20
144.8597
0
VERTEX
8
CUT
10
100.5730
20
144.9370
0
VERTEX
8
CUT
10
99.6201
20
148.9216
0
VERTEX
8
CUT
10
99.5811
20
149.1047
0
VERTEX
8
CUT
10
99.5750
20
149.1377
0
VERTEX
8
CUT
10
99.5286
20
149.4794
0
VERTEX
8
CUT
10
99.5177
20
149.7938
0
VERTEX
8
CUT
10
99.5383
20
150.1077
0
VERTEX
8
CUT
10
99.5901
20
150.4180
0
VERTEX
8
CUT
10
99.6727
20
150.7216
0
VERTEX
8
CUT
10
99.7851
20
151.0154
0
VERTEX
8
CUT
10
99.9264
20
151.2965
0
VERTEX
8
CUT
10
100.0951
20
151.5620
0
VERTEX
8
CUT
10
100.2894
20
151.8094
0
VERTEX
8
CUT
10
100.5075
20
152.0361
0
VERTEX
8
CUT
10
100.7471
20
152.2399
0
VERTEX
8
CUT
10
101.0060
20
152.4188
0
VERTEX
8
CUT
10
101.2813
20
152.5708
0
VERTEX
8
CUT
10
101.5705
20
152.6946
0
VERTEX
8
CUT
10
101.8707
20
152.7889
0
VERTEX
8
CUT
10
102.1787
20
152.8527
0
VERTEX
8
CUT
10
102.4916
20
152.8855
0
VERTEX
8
CUT
10
102.8062
20
152.8868
0
VERTEX
8
CUT
10
103.1193
20
152.8566
0
VERTEX
8
CUT
10
103.4279
20
152.7954
0
VERTEX
8
CUT
10
103.7288
20
152.7036
0
VERTEX
8
CUT
10
104.0190
20
152.5822
0
VERTEX
8
CUT
10
104.2509
20
152.4566
0
VERTEX
8
CUT
10
104.4389
20
152.3325
0
VERTEX
8
CUT
10
104.7050
20
152.1161
0
VERTEX
8
CUT
10
104.7298
20
152.0938
0
VERTEX
8
CUT
10
104.8654
20
151.9656
0
VERTEX
8
CUT
10
107.5284
20
149.3189
0
VERTEX
8
CUT
10
108.2696
20
148.5280
0
VERTEX
8
CUT
10
111.2732
20
144.6966
0
VERTEX
8
CUT
10
111.4270
20
144.4857
0
VERTEX
8
CUT
10
111.5263
20
144.3390
0
VERTEX
8
CUT
10
111.6651
20
144.1179
0
VERTEX
8
CUT
10
114.3713
20
139.4522
0
VERTEX
8
CUT
10
114.4484
20
139.3111
0
VERTEX
8
CUT
10
114.5718
20
139.0451
0
VERTEX
8
CUT
10
114.6787
20
138.8146
0
VERTEX
8
CUT
10
114.7143
20
138.7378
0
VERTEX
8
CUT
10
114.9954
20
138.1318
0
VERTEX
8
CUT
10
115.2158
20
137.6430
0
VERTEX
8
CUT
10
115.2605
20
137.5320
0
VERTEX
8
CUT
10
115.3284
20
137.3496
0
VERTEX
8
CUT
10
119.1185
20
126.3018
0
VERTEX
8
CUT
10
119.4223
20
125.3886
0
VERTEX
8
CUT
10
119.5213
20
125.1372
0
VERTEX
8
CUT
10
119.6678
20
124.8172
0
VERTEX
8
CUT
10
120.6622
20
122.5035
0
VERTEX
8
CUT
10
120.7609
20
122.2997
0
VERTEX
8
CUT
10
121.1427
20
121.5950
0
VERTEX
8
CUT
10
121.4253
20
120.9776
0
VERTEX
8
CUT
10
121.5975
20
120.6632
0
VERTEX
8
CUT
10
121.9104
20
120.1779
0
VERTEX
8
CUT
10
121.9246
20
120.1518
0
VERTEX
8
CUT
10
122.1097
20
119.8602
0
VERTEX
8
CUT
10
122.1549
20
119.7989
0
VERTEX
8
CUT
10
123.3845
20
117.8922
0
VERTEX
8
CUT
10
123.5046
20
117.7220
0
VERTEX
8
CUT
10
127.6501
20
112.3376
0
VERTEX
8
CUT
10
127.9546
20
111.9241
0
VERTEX
8
CUT
10
128.1104
20
111.7331
0
VERTEX
8
CUT
10
128.1981
20
111.6450
0
VERTEX
8
CUT
10
128.2090
20
111.6322
0
VERTEX
8
CUT
10
128.2487
20
111.5941
0
VERTEX
8
CUT
10
128.2841
20
111.5584
0
VERTEX
8
CUT
10
128.2962
20
111.5485
0
VERTEX
8
CUT
10
128.3892
20
111.4592
0
VERTEX
8
CUT
10
128.5859
20
111.3051
0
VERTEX
8
CUT
10
128.7969
20
111.1714
0
VERTEX
8
CUT
10
129.0202
20
111.0594
0
VERTEX
8
CUT
10
129.2536
20
110.9703
0
VERTEX
8
CUT
10
129.4947
20
110.9049
0
VERTEX
8
CUT
10
129.7412
20
110.8639
0
VERTEX
8
CUT
10
129.9905
20
110.8477
0
VERTEX
8
CUT
10
130.2401
20
110.8564
0
VERTEX
8
CUT
10
130.4877
20
110.8900
0
VERTEX
8
CUT
10
130.7306
20
110.9482
0
VERTEX
8
CUT
10
130.9666
20
111.0304
0
VERTEX
8
CUT
10
131.1932
20
111.1356
0
VERTEX
8
CUT
10
131.4081
20
111.2630
0
VERTEX
8
CUT
10
131.6092
20
111.4112
0
VERTEX
8
CUT
10
131.7946
20
111.5787
0
VERTEX
8
CUT
10
131.9623
20
111.7638
0
VERTEX
8
CUT
10
132.1107
20
111.9648
0
VERTEX
8
CUT
10
132.2383
20
112.1796
0
VERTEX
8
CUT
10
132.3438
20
112.4061
0
VERTEX
8
CUT
10
132.4262
20
112.6419
0
VERTEX
8
CUT
10
132.4846
20
112.8848
0
VERTEX
8
CUT
10
132.5185
20
113.1323
0
VERTEX
8
CUT
10
132.5275
20
113.3820
0
VERTEX
8
CUT
10
132.5116
20
113.6313
0
VERTEX
8
CUT
10
132.4708
20
113.8778
0
VERTEX
8
CUT
10
132.4644
20
113.9076
0
VERTEX
8
CUT
10
132.4307
20
114.0829
0
VERTEX
8
CUT
10
132.4106
20
114.2025
0
VERTEX
8
CUT
10
132.3853
20
114.3792
0
VERTEX
8
CUT
10
131.6276
20
120.7394
0
VERTEX
8
CUT
10
131.6245
20
120.7644
0
VERTEX
8
CUT
10
131.6239
20
120.7689
0
VERTEX
8
CUT
10
131.6080
20
120.8740
0
VERTEX
8
CUT
10
131.0189
20
124.2824
0
VERTEX
8
CUT
10
130.9067
20
125.1140
0
VERTEX
8
CUT
10
130.8582
20
125.3712
0
VERTEX
8
CUT
10
130.7633
20
125.7606
0
VERTEX
8
CUT
10
130.5607
20
126.9331
0
VERTEX
8
CUT
10
130.5541
20
126.9693
0
VERTEX
8
CUT
10
130.5529
20
126.9759
0
VERTEX
8
CUT
10
130.5196
20
127.1268
0
VERTEX
8
CUT
10
129.9365
20
129.4322
0
VERTEX
8
CUT
10
129.8542
20
129.6955
0
VERTEX
8
CUT
10
127.9244
20
134.8514
0
VERTEX
8
CUT
10
127.8191
20
135.0932
0
VERTEX
8
CUT
10
126.6244
20
137.4820
0
VERTEX
8
CUT
10
126.4869
20
137.7226
0
VERTEX
8
CUT
10
125.9215
20
138.5959
0
VERTEX
8
CUT
10
125.7969
20
138.8278
0
VERTEX
8
CUT
10
125.6329
20
139.0923
0
VERTEX
8
CUT
10
125.2608
20
139.6162
0
VERTEX
8
CUT
10
123.4585
20
142.3996
0
VERTEX
8
CUT
10
123.2607
20
142.6648
0
VERTEX
8
CUT
10
122.1852
20
143.9235
0
VERTEX
8
CUT
10
122.1532
20
143.9635
0
VERTEX
8
CUT
10
122.1118
20
144.0094
0
VERTEX
8
CUT
10
120.7750
20
145.5741
0
VERTEX
8
CUT
10
120.6586
20
145.7172
0
VERTEX
8
CUT
10
120.6384
20
145.7433
0
VERTEX
8
CUT
10
120.4445
20
146.0216
0
VERTEX
8
CUT
10
120.2934
20
146.2915
0
VERTEX
8
CUT
10
120.1696
20
146.5751
0
VERTEX
8
CUT
10
120.0742
20
146.8694
0
VERTEX
8
CUT
10
120.0082
20
147.1716
0
VERTEX
8
CUT
10
119.9723
20
147.4789
0
VERTEX
8
CUT
10
119.9667
20
147.7883
0
VERTEX
8
CUT
10
119.9915
20
148.0967
0
VERTEX
8
CUT
10
120.0465
20
148.4011
0
VERTEX
8
CUT
10
120.1312
20
148.6987
0
VERTEX
8
CUT
10
120.2446
20
148.9865
0
VERTEX
8
CUT
10
120.3859
20
149.2618
0
VERTEX
8
CUT
10
120.5535
20
149.5219
0
VERTEX
8
CUT
10
120.7458
20
149.7642
0
VERTEX
8
CUT
10
120.9610
20
149.9865
0
VERTEX
8
CUT
10
121.1970
20
150.1865
0
VERTEX
8
CUT
10
121.4515
20
150.3624
0
VERTEX
8
CUT
10
121.7221
20
150.5124
0
VERTEX
8
CUT
10
122.0061
20
150.6351
0
VERTEX
8
CUT
10
122.3008
20
150.7293
0
VERTEX
8
CUT
10
122.6034
20
150.7941
0
VERTEX
8
CUT
10
122.9108
20
150.8289
0
VERTEX
8
CUT
10
123.2201
20
150.8333
0
VERTEX
8
CUT
10
123.5284
20
150.8072
0
VERTEX
8
CUT
10
123.8327
20
150.7510
0
VERTEX
8
CUT
10
124.1299
20
150.6652
0
VERTEX
8
CUT
10
124.4173
20
150.5505
0
VERTEX
8
CUT
10
124.7184
20
150.3945
0
VERTEX
8
CUT
10
124.7469
20
150.3780
0
VERTEX
8
CUT
10
124.9040
20
150.2812
0
VERTEX
8
CUT
10
125.7111
20
149.7566
0
VERTEX
8
CUT
10
125.8763
20
149.6428
0
VERTEX
8
CUT
10
125.9864
20
149.5625
0
VERTEX
8
CUT
10
126.1453
20
149.4400
0
VERTEX
8
CUT
10
126.6561
20
149.0241
0
VERTEX
8
CUT
10
126.8566
20
148.8768
0
VERTEX
8
CUT
10
127.0709
20
148.7501
0
VERTEX
8
CUT
10
127.2966
20
148.6453
0
VERTEX
8
CUT
10
127.5317
20
148.5635
0
VERTEX
8
CUT
10
127.7737
20
148.5055
0
VERTEX
8
CUT
10
128.0203
20
148.4719
0
VERTEX
8
CUT
10
128.2690
20
148.4629
0
VERTEX
8
CUT
10
128.5174
20
148.4787
0
VERTEX
8
CUT
10
128.7630
20
148.5191
0
VERTEX
8
CUT
10
129.0033
20
148.5838
0
VERTEX
8
CUT
10
129.2361
20
148.6720
0
VERTEX
8
CUT
10
129.4589
20
148.7829
0
VERTEX
8
CUT
10
129.6695
20
148.9154
0
VERTEX
8
CUT
10
129.8660
20
149.0682
0
VERTEX
8
CUT
10
130.0463
20
149.2398
0
VERTEX
8
CUT
10
130.2086
20
149.4285
0
VERTEX
8
CUT
10
130.3514
20
149.6323
0
VERTEX
8
CUT
10
130.4731
20
149.8494
0
VERTEX
8
CUT
10
130.5727
20
150.0775
0
VERTEX
8
CUT
10
130.6492
20
150.3143
0
VERTEX
8
CUT
10
130.6587
20
150.3500
0
VERTEX
8
CUT
10
130.7657
20
150.6348
0
VERTEX
8
CUT
10
130.8996
20
150.9080
0
VERTEX
8
CUT
10
131.0594
20
151.1670
0
VERTEX
8
CUT
10
131.2434
20
151.4093
0
VERTEX
8
CUT
10
131.4500
20
151.6327
0
VERTEX
8
CUT
10
131.6771
20
151.8351
0
VERTEX
8
CUT
10
131.9228
20
152.0146
0
VERTEX
8
CUT
10
132.1847
20
152.1695
0
VERTEX
8
CUT
10
132.4603
20
152.2983
0
VERTEX
8
CUT
10
132.7471
20
152.4000
0
VERTEX
8
CUT
10
133.0424
20
152.4734
0
VERTEX
8
CUT
10
133.3434
20
152.5180
0
VERTEX
8
CUT
10
133.6472
20
152.5333
0
VERTEX
8
CUT
10
133.9512
20
152.5191
0
VERTEX
8
CUT
10
134.2523
20
152.4757
0
VERTEX
8
CUT
10
134.5478
20
152.4033
0
VERTEX
8
CUT
10
134.8350
20
152.3027
0
VERTEX
8
CUT
10
135.1111
20
152.1749
0
VERTEX
8
CUT
10
135.3735
20
152.0209
0
VERTEX
8
CUT
10
135.6199
20
151.8423
0
VERTEX
8
CUT
10
135.8697
20
151.6214
0
VERTEX
8
CUT
10
135.8930
20
151.5988
0
VERTEX
8
CUT
10
136.0198
20
151.4691
0
VERTEX
8
CUT
10
137.0331
20
150.3813
0
VERTEX
8
CUT
10
137.1671
20
150.2294
0
VERTEX
8
CUT
10
137.2552
20
150.1239
0
VERTEX
8
CUT
10
137.3808
20
149.9650
0
VERTEX
8
CUT
10
138.7663
20
148.1117
0
VERTEX
8
CUT
10
138.9081
20
147.9083
0
VERTEX
8
CUT
10
138.9998
20
147.7671
0
VERTEX
8
CUT
10
139.1278
20
147.5547
0
VERTEX
8
CUT
10
141.0091
20
144.1885
0
VERTEX
8
CUT
10
141.0108
20
144.1852
0
VERTEX
8
CUT
10
141.1361
20
143.9753
0
VERTEX
8
CUT
10
141.2812
20
143.7787
0
VERTEX
8
CUT
10
141.4449
20
143.5972
0
VERTEX
8
CUT
10
141.6254
20
143.4326
0
VERTEX
8
CUT
10
141.8212
20
143.2863
0
VERTEX
8
CUT
10
142.0304
20
143.1599
0
VERTEX
8
CUT
10
142.2509
20
143.0545
0
VERTEX
8
CUT
10
142.4806
20
142.9711
0
VERTEX
8
CUT
10
142.7173
20
142.9106
0
VERTEX
8
CUT
10
142.9589
20
142.8734
0
VERTEX
8
CUT
10
143.2029
20
142.8600
0
VERTEX
8
CUT
10
143.4471
20
142.8705
0
VERTEX
8
CUT
10
143.6890
20
142.9048
0
VERTEX
8
CUT
10
143.9265
20
142.9626
0
VERTEX
8
CUT
10
144.1572
20
143.0433
0
VERTEX
8
CUT
10
144.3789
20
143.1461
0
VERTEX
8
CUT
10
144.5895
20
143.2700
0
VERTEX
8
CUT
10
144.7870
20
143.4139
0
VERTEX
8
CUT
10
144.9695
20
143.5765
0
VERTEX
8
CUT
10
145.1353
20
143.7560
0
VERTEX
8
CUT
10
145.2827
20
143.9509
0
VERTEX
8
CUT
10
145.4104
20
144.1593
0
VERTEX
8
CUT
10
145.5172
20
144.3791
0
VERTEX
8
CUT
10
145.6019
20
144.6083
0
VERTEX
8
CUT
10
145.6639
20
144.8447
0
VERTEX
8
CUT
10
145.7195
20
145.1086
0
VERTEX
8
CUT
10
145.7617
20
145.2870
0
VERTEX
8
CUT
10
145.7700
20
145.3187
0
VERTEX
8
CUT
10
145.8713
20
145.6401
0
VERTEX
8
CUT
10
145.9919
20
145.9228
0
VERTEX
8
CUT
10
146.1396
20
146.1925
0
VERTEX
8
CUT
10
146.3129
20
146.4464
0
VERTEX
8
CUT
10
146.5101
20
146.6823
0
VERTEX
8
CUT
10
146.7295
20
146.8977
0
VERTEX
8
CUT
10
146.9688
20
147.0907
0
VERTEX
8
CUT
10
147.2258
20
147.2594
0
VERTEX
8
CUT
10
147.4981
20
147.4021
0
VERTEX
8
CUT
10
147.7830
20
147.5177
0
VERTEX
8
CUT
10
148.0778
20
147.6048
0
VERTEX
8
CUT
10
148.3798
20
147.6627
0
VERTEX
8
CUT
10
148.6859
20
147.6909
0
VERTEX
8
CUT
10
148.9933
20
147.6891
0
VERTEX
8
CUT
10
149.2991
20
147.6572
0
VERTEX
8
CUT
10
149.6003
20
147.5957
0
VERTEX
8
CUT
10
149.8941
20
147.5050
0
VERTEX
8
CUT
10
150.1776
20
147.3861
0
VERTEX
8
CUT
10
150.4481
20
147.2400
0
VERTEX
8
CUT
10
150.7031
20
147.0683
0
VERTEX
8
CUT
10
150.9401
20
146.8724
0
VERTEX
8
CUT
10
151.1568
20
146.6544
0
VERTEX
8
CUT
10
151.3513
20
146.4162
0
VERTEX
8
CUT
10
151.5215
20
146.1602
0
VERTEX
8
CUT
10
151.6659
20
145.8888
0
VERTEX
8
CUT
10
151.7831
20
145.6046
0
VERTEX
8
CUT
10
151.8720
20
145.3103
0
VERTEX
8
CUT
10
151.9318
20
145.0087
0
VERTEX
8
CUT
10
151.9647
20
144.6733
0
VERTEX
8
CUT
10
151.9663
20
144.6406
0
VERTEX
8
CUT
10
151.9708
20
144.4573
0
VERTEX
8
CUT
10
151.9708
20
144.0217
0
VERTEX
8
CUT
10
151.9838
20
143.7665
0
VERTEX
8
CUT
10
152.2118
20
141.5447
0
VERTEX
8
CUT
10
152.2617
20
141.2425
0
VERTEX
8
CUT
10
152.7715
20
139.0134
0
VERTEX
8
CUT
10
152.8450
20
138.7562
0
VERTEX
8
CUT
10
152.8988
20
138.6000
0
VERTEX
8
CUT
10
152.9250
20
138.5070
0
VERTEX
8
CUT
10
152.9968
20
138.3146
0
VERTEX
8
CUT
10
152.9988
20
138.3098
0
VERTEX
8
CUT
10
153.6405
20
136.4479
0
VERTEX
8
CUT
10
153.7295
20
136.2251
0
VERTEX
8
CUT
10
154.8147
20
133.8460
0
VERTEX
8
CUT
10
154.9276
20
133.6275
0
VERTEX
8
CUT
10
158.8272
20
126.9154
0
VERTEX
8
CUT
10
158.9617
20
126.7081
0
VERTEX
8
CUT
10
159.1160
20
126.5152
0
VERTEX
8
CUT
10
159.2886
20
126.3384
0
VERTEX
8
CUT
10
159.4779
20
126.1795
0
VERTEX
8
CUT
10
159.6818
20
126.0401
0
VERTEX
8
CUT
10
159.8986
20
125.9215
0
VERTEX
8
CUT
10
160.1259
20
125.8249
0
VERTEX
8
CUT
10
160.3617
20
125.7512
0
VERTEX
8
CUT
10
160.6037
20
125.7011
0
VERTEX
8
CUT
10
160.8494
20
125.6751
0
VERTEX
8
CUT
10
161.0964
20
125.6735
0
VERTEX
8
CUT
10
161.3424
20
125.6964
0
VERTEX
8
CUT
10
161.5850
20
125.7433
0
VERTEX
8
CUT
10
161.8217
20
125.8140
0
VERTEX
8
CUT
10
162.0503
20
125.9077
0
VERTEX
8
CUT
10
162.2685
20
126.0236
0
VERTEX
8
CUT
10
162.4743
20
126.1604
0
VERTEX
8
CUT
10
162.6655
20
126.3168
0
VERTEX
8
CUT
10
162.8404
20
126.4913
0
VERTEX
8
CUT
10
162.9971
20
126.6823
0
VERTEX
8
CUT
10
163.1343
20
126.8878
0
VERTEX
8
CUT
10
163.2505
20
127.1058
0
VERTEX
8
CUT
10
163.3446
20
127.3342
0
VERTEX
8
CUT
10
163.4157
20
127.5709
0
VERTEX
8
CUT
10
163.4631
20
127.8133
0
VERTEX
8
CUT
10
163.4864
20
128.0593
0
VERTEX
8
CUT
10
163.5584
20
129.6665
0
VERTEX
8
CUT
10
163.6435
20
130.5491
0
VERTEX
8
CUT
10
163.6508
20
130.6249
0
VERTEX
8
CUT
10
163.6746
20
130.8723
0
VERTEX
8
CUT
10
163.6974
20
131.1093
0
VERTEX
8
CUT
10
164.1365
20
132.9430
0
VERTEX
8
CUT
10
164.3423
20
133.6341
0
VERTEX
8
CUT
10
164.3773
20
133.7516
0
VERTEX
8
CUT
10
164.4588
20
134.0250
0
VERTEX
8
CUT
10
164.7282
20
134.9296
0
VERTEX
8
CUT
10
165.7332
20
137.4728
0
VERTEX
8
CUT
10
165.8135
20
137.6609
0
VERTEX
8
CUT
10
165.8715
20
137.7870
0
VERTEX
8
CUT
10
165.9619
20
137.9704
0
VERTEX
8
CUT
10
166.8127
20
139.5832
0
VERTEX
8
CUT
10
168.5970
20
142.2430
0
VERTEX
8
CUT
10
169.9718
20
143.8369
0
VERTEX
8
CUT
10
170.0964
20
143.9743
0
VERTEX
8
CUT
10
170.1193
20
143.9983
0
VERTEX
8
CUT
10
170.3664
20
144.2332
0
VERTEX
8
CUT
10
170.6119
20
144.4242
0
VERTEX
8
CUT
10
170.8751
20
144.5900
0
VERTEX
8
CUT
10
171.1533
20
144.7290
0
VERTEX
8
CUT
10
171.4440
20
144.8399
0
VERTEX
8
CUT
10
171.7442
20
144.9214
0
VERTEX
8
CUT
10
172.0509
20
144.9730
0
VERTEX
8
CUT
10
172.3613
20
144.9939
0
VERTEX
8
CUT
10
172.6722
20
144.9841
0
VERTEX
8
CUT
10
172.9806
20
144.9436
0
VERTEX
8
CUT
10
173.2835
20
144.8729
0
VERTEX
8
CUT
10
173.5780
20
144.7725
0
VERTEX
8
CUT
10
173.8610
20
144.6436
0
VERTEX
8
CUT
10
174.1300
20
144.4873
0
VERTEX
8
CUT
10
174.3822
20
144.3053
0
VERTEX
8
CUT
10
174.6152
20
144.0992
0
VERTEX
8
CUT
10
174.8267
20
143.8711
0
VERTEX
8
CUT
10
175.0146
20
143.6232
0
VERTEX
8
CUT
10
175.1771
20
143.3579
0
VERTEX
8
CUT
10
175.3126
20
143.0779
0
VERTEX
8
CUT
10
175.4198
20
142.7859
0
VERTEX
8
CUT
10
175.4976
20
142.4848
0
VERTEX
8
CUT
10
175.5452
20
142.1774
0
VERTEX
8
CUT
10
175.5623
20
141.8668
0
VERTEX
8
CUT
10
175.5601
20
141.8170
0
VERTEX
8
CUT
10
175.5506
20
141.6800
0
VERTEX
8
CUT
10
175.4979
20
141.3705
0
VERTEX
8
CUT
10
175.4065
20
141.0388
0
VERTEX
8
CUT
10
175.3960
20
141.0071
0
VERTEX
8
CUT
10
175.3329
20
140.8308
0
VERTEX
8
CUT
10
175.0069
20
139.9869
0
VERTEX
8
CUT
10
174.9134
20
139.6915
0
VERTEX
8
CUT
10
174.7212
20
138.9217
0
VERTEX
8
CUT
10
174.5921
20
138.5579
0
VERTEX
8
CUT
10
174.5211
20
138.3209
0
VERTEX
8
CUT
10
173.9974
20
136.1991
0
VERTEX
8
CUT
10
173.9487
20
135.9463
0
VERTEX
8
CUT
10
173.3227
20
131.4701
0
VERTEX
8
CUT
10
173.2990
20
131.1668
0
VERTEX
8
CUT
10
173.2464
20
128.1059
0
VERTEX
8
CUT
10
173.2580
20
127.8180
0
VERTEX
8
CUT
10
173.6396
20
123.9424
0
VERTEX
8
CUT
10
173.6692
20
123.7327
0
VERTEX
8
CUT
10
173.8759
20
122.6152
0
VERTEX
8
CUT
10
173.9312
20
122.3799
0
VERTEX
8
CUT
10
174.0091
20
122.1511
0
VERTEX
8
CUT
10
174.1086
20
121.9309
0
VERTEX
8
CUT
10
174.2290
20
121.7214
0
VERTEX
8
CUT
10
174.3690
20
121.5244
0
VERTEX
8
CUT
10
174.5274
20
121.3419
0
VERTEX
8
CUT
10
174.7027
20
121.1755
0
VERTEX
8
CUT
10
174.8932
20
121.0268
0
VERTEX
8
CUT
10
175.0972
20
120.8972
0
VERTEX
8
CUT
10
175.3128
20
120.7879
0
VERTEX
8
CUT
10
175.5379
20
120.7000
0
VERTEX
8
CUT
10
175.7704
20
120.6341
0
VERTEX
8
CUT
10
176.0082
20
120.5911
0
VERTEX
8
CUT
10
176.2491
20
120.5712
0
VERTEX
8
CUT
10
176.4907
20
120.5747
0
VERTEX
8
CUT
10
176.7309
20
120.6014
0
VERTEX
8
CUT
10
176.9674
20
120.6513
0
VERTEX
8
CUT
10
177.1980
20
120.7237
0
VERTEX
8
CUT
10
177.4205
20
120.8181
0
VERTEX
8
CUT
10
177.6328
20
120.9335
0
VERTEX
8
CUT
10
177.8330
20
121.0689
0
VERTEX
8
CUT
10
178.0192
20
121.2229
0
VERTEX
8
CUT
10
178.1897
20
121.3943
0
VERTEX
8
CUT
10
178.3428
20
121.5813
0
VERTEX
8
CUT
10
178.4771
20
121.7822
0
VERTEX
8
CUT
10
178.5914
20
121.9951
0
VERTEX
8
CUT
10
179.1684
20
123.2069
0
VERTEX
8
CUT
10
179.4297
20
123.6740
0
VERTEX
8
CUT
10
179.4383
20
123.6894
0
VERTEX
8
CUT
10
179.5518
20
123.8922
0
VERTEX
8
CUT
10
179.6541
20
124.0751
0
VERTEX
8
CUT
10
180.5677
20
125.5390
0
VERTEX
8
CUT
10
180.6676
20
125.6909
0
VERTEX
8
CUT
10
180.7380
20
125.7924
0
VERTEX
8
CUT
10
180.8453
20
125.9392
0
VERTEX
8
CUT
10
183.2010
20
129.0066
0
VERTEX
8
CUT
10
187.1881
20
133.6102
0
VERTEX
8
CUT
10
187.2077
20
133.6331
0
VERTEX
8
CUT
10
187.2112
20
133.6373
0
VERTEX
8
CUT
10
187.2907
20
133.7363
0
VERTEX
8
CUT
10
187.4717
20
133.9739
0
VERTEX
8
CUT
10
188.6177
20
135.2941
0
VERTEX
8
CUT
10
188.8192
20
135.5601
0
VERTEX
8
CUT
10
190.6365
20
138.3258
0
VERTEX
8
CUT
10
190.7716
20
138.5577
0
VERTEX
8
CUT
10
191.7790
20
140.5215
0
VERTEX
8
CUT
10
191.8941
20
140.7814
0
VERTEX
8
CUT
10
191.9829
20
141.0172
0
VERTEX
8
CUT
10
192.0860
20
141.2217
0
VERTEX
8
CUT
10
192.2191
20
141.5382
0
VERTEX
8
CUT
10
192.6142
20
142.6936
0
VERTEX
8
CUT
10
193.0268
20
143.7892
0
VERTEX
8
CUT
10
193.1228
20
144.1063
0
VERTEX
8
CUT
10
193.1762
20
144.3372
0
VERTEX
8
CUT
10
193.2027
20
144.4147
0
VERTEX
8
CUT
10
193.2889
20
144.7344
0
VERTEX
8
CUT
10
193.4176
20
145.3796
0
VERTEX
8
CUT
10
193.8898
20
147.4187
0
VERTEX
8
CUT
10
193.9062
20
147.4868
0
VERTEX
8
CUT
10
193.9305
20
147.5835
0
VERTEX
8
CUT
10
194.0319
20
147.9150
0
VERTEX
8
CUT
10
194.1512
20
148.2001
0
VERTEX
8
CUT
10
194.2992
20
148.4738
0
VERTEX
8
CUT
10
194.4735
20
148.7315
0
VERTEX
8
CUT
10
194.6723
20
148.9708
0
VERTEX
8
CUT
10
194.8939
20
149.1892
0
VERTEX
8
CUT
10
195.1360
20
149.3847
0
VERTEX
8
CUT
10
195.3961
20
149.5553
0
VERTEX
8
CUT
10
195.6719
20
149.6993
0
VERTEX
8
CUT
10
195.9606
20
149.8154
0
VERTEX
8
CUT
10
196.2593
20
149.9024
0
VERTEX
8
CUT
10
196.5651
20
149.9595
0
VERTEX
8
CUT
10
196.8751
20
149.9860
0
VERTEX
8
CUT
10
197.1862
20
149.9818
0
VERTEX
8
CUT
10
197.4954
20
149.9469
0
VERTEX
8
CUT
10
197.7996
20
149.8816
0
VERTEX
8
CUT
10
198.0958
20
149.7865
0
VERTEX
8
CUT
10
198.3812
20
149.6627
0
VERTEX
8
CUT
10
198.6530
20
149.5112
0
VERTEX
8
CUT
10
198.9085
20
149.3337
0
VERTEX
8
CUT
10
199.1452
20
149.1317
0
VERTEX
8
CUT
10
199.3607
20
148.9074
0
VERTEX
8
CUT
10
199.5531
20
148.6628
0
VERTEX
8
CUT
10
199.7203
20
148.4005
0
VERTEX
8
CUT
10
199.8608
20
148.1229
0
VERTEX
8
CUT
10
199.9732
20
147.8327
0
VERTEX
8
CUT
10
200.0643
20
147.5041
0
VERTEX
8
CUT
10
200.0716
20
147.4718
0
VERTEX
8
CUT
10
200.1078
20
147.2898
0
VERTEX
8
CUT
10
200.4805
20
145.1389
0
VERTEX
8
CUT
10
200.5032
20
144.9897
0
VERTEX
8
CUT
10
200.5167
20
144.8881
0
VERTEX
8
CUT
10
200.5334
20
144.7382
0
VERTEX
8
CUT
10
200.8088
20
141.7237
0
VERTEX
8
CUT
10
200.8200
20
141.5809
0
VERTEX
8
CUT
10
200.8317
20
141.1673
0
VERTEX
8
CUT
10
200.8329
20
141.1241
0
VERTEX
8
CUT
10
200.8341
20
141.0833
0
VERTEX
8
CUT
10
200.8358
20
141.0239
0
VERTEX
8
CUT
10
200.7844
20
133.8541
0
VERTEX
8
CUT
10
200.7586
20
133.3529
0
VERTEX
8
CUT
10
200.7502
20
133.2290
0
VERTEX
8
CUT
10
200.7430
20
133.1449
0
VERTEX
8
CUT
10
200.7305
20
133.0214
0
VERTEX
8
CUT
10
200.3018
20
129.3972
0
VERTEX
8
CUT
10
200.2829
20
129.2599
0
VERTEX
8
CUT
10
200.2684
20
129.1669
0
VERTEX
8
CUT
10
200.2445
20
129.0303
0
VERTEX
8
CUT
10
200.0767
20
128.1654
0
VERTEX
8
CUT
10
200.0423
20
127.9274
0
VERTEX
8
CUT
10
200.0309
20
127.6871
0
VERTEX
8
CUT
10
200.0427
20
127.4469
0
VERTEX
8
CUT
10
200.0775
20
127.2089
0
VERTEX
8
CUT
10
200.1350
20
126.9753
0
VERTEX
8
CUT
10
200.2147
20
126.7484
0
VERTEX
8
CUT
10
200.3158
20
126.5302
0
VERTEX
8
CUT
10
200.4374
20
126.3227
0
VERTEX
8
CUT
10
200.5785
20
126.1278
0
VERTEX
8
CUT
10
200.7375
20
125.9474
0
VERTEX
8
CUT
10
200.9132
20
125.7831
0
VERTEX
8
CUT
10
201.1039
20
125.6365
0
VERTEX
8
CUT
10
201.3077
20
125.5088
0
VERTEX
8
CUT
10
201.5229
20
125.4014
0
VERTEX
8
CUT
10
201.7474
20
125.3151
0
VERTEX
8
CUT
10
201.9792
20
125.2508
0
VERTEX
8
CUT
10
202.2161
20
125.2091
0
VERTEX
8
CUT
10
202.4559
20
125.1903
0
VERTEX
8
CUT
10
202.6964
20
125.1947
0
VERTEX
8
CUT
10
202.9353
20
125.2221
0
VERTEX
8
CUT
10
203.1705
20
125.2724
0
VERTEX
8
CUT
10
203.3998
20
125.3450
0
VERTEX
8
CUT
10
203.5572
20
125.4121
0
VERTEX
8
CUT
10
203.5573
20
125.4118
0
VERTEX
8
CUT
10
203.5593
20
125.4126
0
VERTEX
8
CUT
10
203.8721
20
125.5283
0
VERTEX
8
CUT
10
204.1664
20
125.6059
0
VERTEX
8
CUT
10
204.4668
20
125.6546
0
VERTEX
8
CUT
10
204.7705
20
125.6740
0
VERTEX
8
CUT
10
205.0746
20
125.6641
0
VERTEX
8
CUT
10
205.3764
20
125.6247
0
VERTEX
8
CUT
10
205.6729
20
125.5564
0
VERTEX
8
CUT
10
205.9615
20
125.4598
0
VERTEX
8
CUT
10
206.2394
20
125.3357
0
VERTEX
8
CUT
10
206.5039
20
125.1853
0
VERTEX
8
CUT
10
206.7527
20
125.0101
0
VERTEX
8
CUT
10
206.9834
20
124.8116
0
VERTEX
8
CUT
10
207.1939
20
124.5918
0
VERTEX
8
CUT
10
207.3821
20
124.3526
0
VERTEX
8
CUT
10
207.5463
20
124.0964
0
VERTEX
8
CUT
10
207.6850
20
123.8256
0
VERTEX
8
CUT
10
207.7968
20
123.5425
0
VERTEX
8
CUT
10
207.8808
20
123.2500
0
VERTEX
8
CUT
10
207.9361
20
122.9508
0
VERTEX
8
CUT
10
207.9622
20
122.6476
0
VERTEX
8
CUT
10
207.9586
20
122.3141
0
VERTEX
8
CUT
10
207.9567
20
122.2817
0
VERTEX
8
CUT
10
207.9415
20
122.1008
0
VERTEX
8
CUT
10
207.7059
20
119.9208
0
VERTEX
8
CUT
10
207.6820
20
119.7404
0
VERTEX
8
CUT
10
207.6628
20
119.6183
0
VERTEX
8
CUT
10
207.6301
20
119.4392
0
VERTEX
8
CUT
10
206.2840
20
112.9560
0
VERTEX
8
CUT
10
206.2500
20
112.8076
0
VERTEX
8
CUT
10
206.2248
20
112.7072
0
VERTEX
8
CUT
10
206.1849
20
112.5602
0
VERTEX
8
CUT
10
204.5553
20
107.0177
0
VERTEX
8
CUT
10
204.4930
20
106.8254
0
VERTEX
8
CUT
10
204.4473
20
106.6960
0
VERTEX
8
CUT
10
204.3748
20
106.5073
0
VERTEX
8
CUT
10
202.4335
20
101.8349
0
VERTEX
8
CUT
10
202.3258
20
101.5991
0
VERTEX
8
CUT
10
202.2472
20
101.4416
0
VERTEX
8
CUT
10
202.1234
20
101.2138
0
VERTEX
8
CUT
10
199.6082
20
96.9417
0
VERTEX
8
CUT
10
199.4870
20
96.7494
0
VERTEX
8
CUT
10
199.4008
20
96.6214
0
VERTEX
8
CUT
10
199.2681
20
96.4368
0
VERTEX
8
CUT
10
197.2401
20
93.7877
0
VERTEX
8
CUT
10
197.1005
20
93.5856
0
VERTEX
8
CUT
10
196.9815
20
93.3708
0
VERTEX
8
CUT
10
196.9699
20
93.3472
0
VERTEX
8
CUT
10
196.9485
20
93.3039
0
VERTEX
8
CUT
10
196.7855
20
93.0107
0
VERTEX
8
CUT
10
196.6074
20
92.7535
0
VERTEX
8
CUT
10
196.4053
20
92.5159
0
VERTEX
8
CUT
10
196.1589
20
92.2787
0
VERTEX
8
CUT
10
196.1480
20
92.2692
0
VERTEX
8
CUT
10
196.1385
20
92.2608
0
VERTEX
8
CUT
10
196.1156
20
92.2406
0
VERTEX
8
CUT
10
195.9404
20
92.0705
0
VERTEX
8
CUT
10
195.7828
20
91.8842
0
VERTEX
8
CUT
10
193.3597
20
88.7192
0
VERTEX
8
CUT
10
193.3201
20
88.6659
0
VERTEX
8
CUT
10
190.3570
20
84.5747
0
VERTEX
8
CUT
10
190.2211
20
84.3658
0
VERTEX
8
CUT
10
190.1067
20
84.1445
0
VERTEX
8
CUT
10
190.0148
20
83.9129
0
VERTEX
8
CUT
10
189.9465
20
83.6733
0
VERTEX
8
CUT
10
189.9023
20
83.4281
0
VERTEX
8
CUT
10
189.8828
20
83.1797
0
VERTEX
8
CUT
10
189.8881
20
82.9306
0
VERTEX
8
CUT
10
189.9182
20
82.6833
0
VERTEX
8
CUT
10
189.9727
20
82.4401
0
VERTEX
8
CUT
10
190.0512
20
82.2037
0
VERTEX
8
CUT
10
190.1528
20
81.9762
0
VERTEX
8
CUT
10
190.2765
20
81.7599
0
VERTEX
8
CUT
10
190.4212
20
81.5571
0
VERTEX
8
CUT
10
190.5854
20
81.3696
0
VERTEX
8
CUT
10
190.7673
20
81.1994
0
VERTEX
8
CUT
10
190.9654
20
81.0482
0
VERTEX
8
CUT
10
191.0779
20
80.9708
0
VERTEX
8
CUT
10
191.3116
20
80.7742
0
VERTEX
8
CUT
10
191.5251
20
80.5558
0
VERTEX
8
CUT
10
191.7387
20
80.2901
0
VERTEX
8
CUT
10
191.8978
20
80.1105
0
VERTEX
8
CUT
10
192.0734
20
79.9469
0
VERTEX
8
CUT
10
192.2639
20
79.8010
0
VERTEX
8
CUT
10
192.4675
20
79.6740
0
VERTEX
8
CUT
10
192.6824
20
79.5671
0
VERTEX
8
CUT
10
192.9065
20
79.4813
0
VERTEX
8
CUT
10
193.1378
20
79.4173
0
VERTEX
8
CUT
10
193.3741
20
79.3759
0
VERTEX
8
CUT
10
193.6134
20
79.3573
0
VERTEX
8
CUT
10
193.8533
20
79.3617
0
VERTEX
8
CUT
10
194.0917
20
79.3891
0
VERTEX
8
CUT
10
194.3264
20
79.4392
0
VERTEX
8
CUT
10
194.5551
20
79.5116
0
VERTEX
8
CUT
10
194.7759
20
79.6056
0
VERTEX
8
CUT
10
194.9867
20
79.7203
0
VERTEX
8
CUT
10
195.1855
20
79.8548
0
VERTEX
8
CUT
10
195.3705
20
80.0076
0
VERTEX
8
CUT
10
195.5399
20
80.1775
0
VERTEX
8
CUT
10
195.6924
20
80.3628
0
VERTEX
8
CUT
10
195.8263
20
80.5620
0
VERTEX
8
CUT
10
195.9405
20
80.7730
0
VERTEX
8
CUT
10
195.9444
20
80.7811
0
VERTEX
8
CUT
10
196.1638
20
81.1320
0
VERTEX
8
CUT
10
196.1852
20
81.1623
0
VERTEX
8
CUT
10
196.3097
20
81.3289
0
VERTEX
8
CUT
10
199.7647
20
85.6928
0
VERTEX
8
CUT
10
199.9093
20
85.8955
0
VERTEX
8
CUT
10
200.0331
20
86.1115
0
VERTEX
8
CUT
10
200.1347
20
86.3387
0
VERTEX
8
CUT
10
200.2643
20
86.6719
0
VERTEX
8
CUT
10
200.4001
20
86.9442
0
VERTEX
8
CUT
10
200.5594
20
87.1993
0
VERTEX
8
CUT
10
200.7424
20
87.4380
0
VERTEX
8
CUT
10
200.9474
20
87.6582
0
VERTEX
8
CUT
10
201.1724
20
87.8577
0
VERTEX
8
CUT
10
201.4155
20
88.0349
0
VERTEX
8
CUT
10
201.6744
20
88.1880
0
VERTEX
8
CUT
10
201.9468
20
88.3157
0
VERTEX
8
CUT
10
202.2286
20
88.4162
0
VERTEX
8
CUT
10
202.4417
20
88.5035
0
VERTEX
8
CUT
10
202.6458
20
88.6100
0
VERTEX
8
CUT
10
202.8393
20
88.7349
0
VERTEX
8
CUT
10
203.0204
20
88.8770
0
VERTEX
8
CUT
10
203.1878
20
89.0351
0
VERTEX
8
CUT
10
203.3398
20
89.2080
0
VERTEX
8
CUT
10
203.5026
20
89.4113
0
VERTEX
8
CUT
10
203.7065
20
89.6222
0
VERTEX
8
CUT
10
203.9291
20
89.8132
0
VERTEX
8
CUT
10
204.1686
20
89.9825
0
VERTEX
8
CUT
10
204.4228
20
90.1289
0
VERTEX
8
CUT
10
204.6895
20
90.2509
0
VERTEX
8
CUT
10
204.9664
20
90.3475
0
VERTEX
8
CUT
10
205.2785
20
90.4247
0
VERTEX
8
CUT
10
205.2835
20
90.4257
0
VERTEX
8
CUT
10
205.5349
20
90.4893
0
VERTEX
8
CUT
10
205.7783
20
90.5786
0
VERTEX
8
CUT
10
206.0111
20
90.6926
0
VERTEX
8
CUT
10
208.9291
20
92.3137
0
VERTEX
8
CUT
10
209.1393
20
92.4219
0
VERTEX
8
CUT
10
209.2842
20
92.4909
0
VERTEX
8
CUT
10
209.5007
20
92.5856
0
VERTEX
8
CUT
10
212.1371
20
93.6418
0
VERTEX
8
CUT
10
212.2943
20
93.7007
0
VERTEX
8
CUT
10
212.3226
20
93.7106
0
VERTEX
8
CUT
10
212.6440
20
93.8070
0
VERTEX
8
CUT
10
212.6731
20
93.8143
0
VERTEX
8
CUT
10
212.8367
20
93.8517
0
VERTEX
8
CUT
10
215.6866
20
94.4353
0
VERTEX
8
CUT
10
216.0305
20
94.4703
0
VERTEX
8
CUT
10
216.3086
20
94.4986
0
VERTEX
8
CUT
10
216.8149
20
94.5502
0
VERTEX
8
CUT
10
217.7669
20
94.6472
0
VERTEX
8
CUT
10
222.2066
20
94.9182
0
VERTEX
8
CUT
10
222.4456
20
94.9251
0
VERTEX
8
CUT
10
222.6079
20
94.9247
0
VERTEX
8
CUT
10
222.8468
20
94.9164
0
VERTEX
8
CUT
10
228.8917
20
94.5134
0
VERTEX
8
CUT
10
229.0675
20
94.4975
0
VERTEX
8
CUT
10
229.1866
20
94.4839
0
VERTEX
8
CUT
10
229.3614
20
94.4598
0
VERTEX
8
CUT
10
230.4013
20
94.2913
0
VERTEX
8
CUT
10
232.8433
20
93.8101
0
VERTEX
8
CUT
10
233.4558
20
93.6894
0
VERTEX
8
CUT
10
234.4955
20
93.4845
0
VERTEX
8
CUT
10
235.5722
20
93.2723
0
VERTEX
8
CUT
10
235.7203
20
93.2304
0
VERTEX
8
CUT
10
238.2072
20
92.4704
0
VERTEX
8
CUT
10
238.3630
20
92.4190
0
VERTEX
8
CUT
10
238.4680
20
92.3818
0
VERTEX
8
CUT
10
238.5613
20
92.3465
0
VERTEX
8
CUT
10
239.9566
20
91.7462
0
VERTEX
8
CUT
10
240.8995
20
91.3405
0
VERTEX
8
CUT
10
241.8069
20
90.9501
0
VERTEX
8
CUT
10
243.2423
20
90.3326
0
VERTEX
8
CUT
10
244.6563
20
89.5795
0
VERTEX
8
CUT
10
248.3632
20
87.2516
0
VERTEX
8
CUT
10
248.8289
20
86.9387
0
VERTEX
8
CUT
10
249.0096
20
86.8094
0
VERTEX
8
CUT
10
249.1296
20
86.7179
0
VERTEX
8
CUT
10
249.3023
20
86.5781
0
VERTEX
8
CUT
10
249.3303
20
86.5540
0
VERTEX
8
CUT
10
252.8382
20
83.3705
0
VERTEX
8
CUT
10
254.1070
20
82.0037
0
VERTEX
8
CUT
10
254.2032
20
81.8831
0
VERTEX
8
CUT
10
254.3955
20
81.6423
0
VERTEX
8
CUT
10
254.4751
20
81.5426
0
VERTEX
8
CUT
10
256.3052
20
79.2504
0
VERTEX
8
CUT
10
257.1489
20
78.1278
0
VERTEX
8
CUT
10
257.2515
20
77.9844
0
VERTEX
8
CUT
10
257.3189
20
77.8854
0
VERTEX
8
CUT
10
257.4146
20
77.7374
0
VERTEX
8
CUT
10
258.9066
20
75.3064
0
VERTEX
8
CUT
10
259.0473
20
75.0635
0
VERTEX
8
CUT
10
259.1546
20
74.8783
0
VERTEX
8
CUT
10
259.3525
20
74.5369
0
VERTEX
8
CUT
10
259.8387
20
73.6981
0
VERTEX
8
CUT
10
261.6033
20
70.1935
0
VERTEX
8
CUT
10
261.6684
20
70.0573
0
VERTEX
8
CUT
10
261.6962
20
69.9961
0
VERTEX
8
CUT
10
261.7925
20
69.7709
0
VERTEX
8
CUT
10
264.2330
20
63.7643
0
VERTEX
8
CUT
10
265.2688
20
60.5258
0
VERTEX
8
CUT
10
265.3544
20
60.2972
0
VERTEX
8
CUT
10
265.4619
20
60.0781
0
VERTEX
8
CUT
10
265.5902
20
59.8705
0
VERTEX
8
CUT
10
265.7382
20
59.6765
0
VERTEX
8
CUT
10
265.9044
20
59.4977
0
VERTEX
8
CUT
10
266.0872
20
59.3361
0
VERTEX
8
CUT
10
266.2849
20
59.1930
0
VERTEX
8
CUT
10
266.4956
20
59.0699
0
VERTEX
8
CUT
10
266.7173
20
58.9679
0
VERTEX
8
CUT
10
266.9479
20
58.8880
0
VERTEX
8
CUT
10
267.1852
20
58.8310
0
VERTEX
8
CUT
10
267.4269
20
58.7974
0
VERTEX
8
CUT
10
267.6708
20
58.7875
0
VERTEX
8
CUT
10
267.9144
20
58.8014
0
VERTEX
8
CUT
10
268.1555
20
58.8390
0
VERTEX
8
CUT
10
268.3918
20
58.9000
0
VERTEX
8
CUT
10
268.6211
20
58.9837
0
VERTEX
8
CUT
10
268.8411
20
59.0893
0
VERTEX
8
CUT
10
269.0497
20
59.2159
0
VERTEX
8
CUT
10
269.2450
20
59.3623
0
VERTEX
8
CUT
10
269.4251
20
59.5270
0
VERTEX
8
CUT
10
269.5883
20
59.7084
0
VERTEX
8
CUT
10
269.7330
20
59.9049
0
VERTEX
8
CUT
10
269.8579
20
60.1146
0
VERTEX
8
CUT
10
269.9617
20
60.3355
0
VERTEX
8
CUT
10
270.0435
20
60.5654
0
VERTEX
8
CUT
10
270.1025
20
60.8022
0
VERTEX
8
CUT
10
270.1381
20
61.0436
0
VERTEX
8
CUT
10
270.1500
20
61.2874
0
VERTEX
8
CUT
10
270.1500
20
61.2944
0
VERTEX
8
CUT
10
270.1500
20
70.6814
0
VERTEX
8
CUT
10
270.1500
20
78.6366
0
VERTEX
8
CUT
10
270.1398
20
78.8624
0
VERTEX
8
CUT
10
270.1092
20
79.0863
0
VERTEX
8
CUT
10
270.0586
20
79.3066
0
VERTEX
8
CUT
10
269.9882
20
79.5213
0
VERTEX
8
CUT
10
268.9252
20
82.3310
0
VERTEX
8
CUT
10
268.8447
20
82.5198
0
VERTEX
8
CUT
10
267.2380
20
85.8988
0
VERTEX
8
CUT
10
267.2220
20
85.9319
0
VERTEX
8
CUT
10
267.2191
20
85.9379
0
VERTEX
8
CUT
10
267.1462
20
86.0746
0
VERTEX
8
CUT
10
264.6443
20
90.4391
0
VERTEX
8
CUT
10
264.4993
20
90.6634
0
VERTEX
8
CUT
10
261.0654
20
95.3989
0
VERTEX
8
CUT
10
260.8913
20
95.6131
0
VERTEX
8
CUT
10
259.7018
20
96.9214
0
VERTEX
8
CUT
10
259.5438
20
97.0802
0
VERTEX
8
CUT
10
259.3723
20
97.2243
0
VERTEX
8
CUT
10
258.6149
20
97.8045
0
VERTEX
8
CUT
10
258.4793
20
97.9135
0
VERTEX
8
CUT
10
258.4555
20
97.9335
0
VERTEX
8
CUT
10
258.2002
20
98.1697
0
VERTEX
8
CUT
10
258.1783
20
98.1919
0
VERTEX
8
CUT
10
258.0591
20
98.3186
0
VERTEX
8
CUT
10
256.6235
20
99.9179
0
VERTEX
8
CUT
10
256.4076
20
100.1309
0
VERTEX
8
CUT
10
251.5425
20
104.3798
0
VERTEX
8
CUT
10
251.3477
20
104.5336
0
VERTEX
8
CUT
10
250.4607
20
105.1649
0
VERTEX
8
CUT
10
250.4040
20
105.2041
0
VERTEX
8
CUT
10
250.3995
20
105.2071
0
VERTEX
8
CUT
10
250.3188
20
105.2591
0
VERTEX
8
CUT
10
250.1885
20
105.3394
0
VERTEX
8
CUT
10
250.1608
20
105.3574
0
VERTEX
8
CUT
10
249.8859
20
105.5564
0
VERTEX
8
CUT
10
249.6542
20
105.7617
0
VERTEX
8
CUT
10
249.4437
20
105.9887
0
VERTEX
8
CUT
10
249.2566
20
106.2354
0
VERTEX
8
CUT
10
249.0947
20
106.4993
0
VERTEX
8
CUT
10
248.9595
20
106.7778
0
VERTEX
8
CUT
10
248.8524
20
107.0683
0
VERTEX
8
CUT
10
248.7743
20
107.3678
0
VERTEX
8
CUT
10
248.7260
20
107.6737
0
VERTEX
8
CUT
10
248.7081
20
107.9827
0
VERTEX
8
CUT
10
248.7206
20
108.2921
0
VERTEX
8
CUT
10
248.7635
20
108.5987
0
VERTEX
8
CUT
10
248.8364
20
108.8996
0
VERTEX
8
CUT
10
248.9385
20
109.1919
0
VERTEX
8
CUT
10
249.0688
20
109.4727
0
VERTEX
8
CUT
10
249.2261
20
109.7393
0
VERTEX
8
CUT
10
249.4089
20
109.9892
0
VERTEX
8
CUT
10
249.6153
20
110.2200
0
VERTEX
8
CUT
10
249.8434
20
110.4292
0
VERTEX
8
CUT
10
250.0910
20
110.6151
0
VERTEX
8
CUT
10
250.3557
20
110.7757
0
VERTEX
8
CUT
10
250.5390
20
110.8635
0
VERTEX
8
CUT
10
250.7744
20
110.9923
0
VERTEX
8
CUT
10
250.9946
20
111.1456
0
VERTEX
8
CUT
10
251.1972
20
111.3216
0
VERTEX
8
CUT
10
251.3797
20
111.5182
0
VERTEX
8
CUT
10
251.5401
20
111.7333
0
VERTEX
8
CUT
10
251.6204
20
111.8540
0
VERTEX
8
CUT
10
251.8151
20
112.0962
0
VERTEX
8
CUT
10
251.8351
20
112.1189
0
VERTEX
8
CUT
10
251.9497
20
112.2432
0
VERTEX
8
CUT
10
252.7762
20
113.1000
0
VERTEX
8
CUT
10
252.9369
20
113.2570
0
VERTEX
8
CUT
10
252.9663
20
113.2840
0
VERTEX
8
CUT
10
253.3144
20
113.5675
0
VERTEX
8
CUT
10
253.3468
20
113.5909
0
VERTEX
8
CUT
10
253.5330
20
113.7165
0
VERTEX
8
CUT
10
254.8217
20
114.5313
0
VERTEX
8
CUT
10
254.9679
20
114.6192
0
VERTEX
8
CUT
10
254.9944
20
114.6343
0
VERTEX
8
CUT
10
255.2980
20
114.7896
0
VERTEX
8
CUT
10
255.3258
20
114.8023
0
VERTEX
8
CUT
10
255.4826
20
114.8694
0
VERTEX
8
CUT
10
256.5039
20
115.2795
0
VERTEX
8
CUT
10
256.6480
20
115.3340
0
VERTEX
8
CUT
10
256.6740
20
115.3432
0
VERTEX
8
CUT
10
256.9684
20
115.4341
0
VERTEX
8
CUT
10
256.9951
20
115.4412
0
VERTEX
8
CUT
10
257.1449
20
115.4775
0
VERTEX
8
CUT
10
258.2868
20
115.7298
0
VERTEX
8
CUT
10
258.5101
20
115.7721
0
VERTEX
8
CUT
10
258.6624
20
115.7962
0
VERTEX
8
CUT
10
258.8878
20
115.8248
0
VERTEX
8
CUT
10
264.8781
20
116.4031
0
VERTEX
8
CUT
10
264.9161
20
116.4071
0
VERTEX
8
CUT
10
264.9231
20
116.4078
0
VERTEX
8
CUT
10
265.0819
20
116.4308
0
VERTEX
8
CUT
10
267.5829
20
116.8749
0
VERTEX
8
CUT
10
267.8635
20
116.9416
0
VERTEX
8
CUT
10
268.1345
20
117.0401
0
VERTEX
8
CUT
10
268.6386
20
117.2572
0
VERTEX
8
CUT
10
268.8564
20
117.3637
0
VERTEX
8
CUT
10
269.0628
20
117.4909
0
VERTEX
8
CUT
10
269.2560
20
117.6374
0
VERTEX
8
CUT
10
269.4340
20
117.8020
0
VERTEX
8
CUT
10
269.5953
20
117.9831
0
VERTEX
8
CUT
10
269.7382
20
118.1789
0
VERTEX
8
CUT
10
269.8616
20
118.3876
0
VERTEX
8
CUT
10
269.9641
20
118.6074
0
VERTEX
8
CUT
10
270.0449
20
118.8360
0
VERTEX
8
CUT
10
270.1031
20
119.0713
0
VERTEX
8
CUT
10
270.1382
20
119.3112
0
VERTEX
8
CUT
10
270.1500
20
119.5534
0
VERTEX
8
CUT
10
270.1500
20
123.5169
0
VERTEX
8
CUT
10
270.1382
20
123.7597
0
VERTEX
8
CUT
10
270.1028
20
124.0003
0
VERTEX
8
CUT
10
270.0442
20
124.2363
0
VERTEX
8
CUT
10
269.9630
20
124.4655
0
VERTEX
8
CUT
10
269.8599
20
124.6857
0
VERTEX
8
CUT
10
269.7359
20
124.8949
0
VERTEX
8
CUT
10
269.5922
20
125.0910
0
VERTEX
8
CUT
10
269.4301
20
125.2722
0
VERTEX
8
CUT
10
269.2512
20
125.4369
0
VERTEX
8
CUT
10
269.0571
20
125.5833
0
VERTEX
8
CUT
10
268.8497
20
125.7102
0
VERTEX
8
CUT
10
268.6309
20
125.8164
0
VERTEX
8
CUT
10
268.4029
20
125.9008
0
VERTEX
8
CUT
10
268.1677
20
125.9627
0
VERTEX
8
CUT
10
268.0035
20
125.9892
0
VERTEX
8
CUT
10
268.0036
20
125.9900
0
VERTEX
8
CUT
10
267.5307
20
126.0660
0
VERTEX
8
CUT
10
267.5303
20
126.0636
0
VERTEX
8
CUT
10
267.4021
20
126.0842
0
VERTEX
8
CUT
10
267.1626
20
126.0993
0
VERTEX
8
CUT
10
266.9228
20
126.0914
0
VERTEX
8
CUT
10
266.6849
20
126.0606
0
VERTEX
8
CUT
10
266.4510
20
126.0070
0
VERTEX
8
CUT
10
266.2233
20
125.9314
0
VERTEX
8
CUT
10
266.0039
20
125.8342
0
VERTEX
8
CUT
10
265.8667
20
125.7654
0
VERTEX
8
CUT
10
265.8359
20
125.7518
0
VERTEX
8
CUT
10
265.6612
20
125.6801
0
VERTEX
8
CUT
10
265.1072
20
125.4689
0
VERTEX
8
CUT
10
264.9032
20
125.3805
0
VERTEX
8
CUT
10
264.7078
20
125.2744
0
VERTEX
8
CUT
10
264.5226
20
125.1513
0
VERTEX
8
CUT
10
264.3491
20
125.0122
0
VERTEX
8
CUT
10
264.1886
20
124.8583
0
VERTEX
8
CUT
10
263.9798
20
124.6393
0
VERTEX
8
CUT
10
263.8526
20
124.5122
0
VERTEX
8
CUT
10
263.8294
20
124.4900
0
VERTEX
8
CUT
10
263.5794
20
124.2738
0
VERTEX
8
CUT
10
263.3335
20
124.0992
0
VERTEX
8
CUT
10
263.0720
20
123.9491
0
VERTEX
8
CUT
10
262.7974
20
123.8246
0
VERTEX
8
CUT
10
262.4846
20
123.7177
0
VERTEX
8
CUT
10
262.4538
20
123.7087
0
VERTEX
8
CUT
10
262.2799
20
123.6629
0
VERTEX
8
CUT
10
262.0109
20
123.5989
0
VERTEX
8
CUT
10
261.7769
20
123.5310
0
VERTEX
8
CUT
10
261.5505
20
123.4406
0
VERTEX
8
CUT
10
261.3340
20
123.3286
0
VERTEX
8
CUT
10
261.1114
20
123.1993
0
VERTEX
8
CUT
10
260.9662
20
123.1192
0
VERTEX
8
CUT
10
260.9399
20
123.1054
0
VERTEX
8
CUT
10
260.6636
20
122.9762
0
VERTEX
8
CUT
10
260.4021
20
122.8810
0
VERTEX
8
CUT
10
260.1332
20
122.8092
0
VERTEX
8
CUT
10
259.8327
20
122.7570
0
VERTEX
8
CUT
10
259.8032
20
122.7532
0
VERTEX
8
CUT
10
259.6382
20
122.7356
0
VERTEX
8
CUT
10
258.2491
20
122.6191
0
VERTEX
8
CUT
10
258.0671
20
122.6083
0
VERTEX
8
CUT
10
258.0346
20
122.6072
0
VERTEX
8
CUT
10
257.6997
20
122.6117
0
VERTEX
8
CUT
10
257.3959
20
122.6455
0
VERTEX
8
CUT
10
257.0969
20
122.7085
0
VERTEX
8
CUT
10
256.8054
20
122.8004
0
VERTEX
8
CUT
10
256.5243
20
122.9200
0
VERTEX
8
CUT
10
256.2560
20
123.0664
0
VERTEX
8
CUT
10
256.0032
20
123.2382
0
VERTEX
8
CUT
10
255.7683
20
123.4336
0
VERTEX
8
CUT
10
255.5535
20
123.6510
0
VERTEX
8
CUT
10
255.3608
20
123.8881
0
VERTEX
8
CUT
10
255.1920
20
124.1429
0
VERTEX
8
CUT
10
255.0487
20
124.4128
0
VERTEX
8
CUT
10
254.9323
20
124.6954
0
VERTEX
8
CUT
10
254.8439
20
124.9879
0
VERTEX
8
CUT
10
254.7786
20
125.3165
0
VERTEX
8
CUT
10
254.7738
20
125.3487
0
VERTEX
8
CUT
10
254.7514
20
125.5295
0
VERTEX
8
CUT
10
254.7449
20
125.5942
0
VERTEX
8
CUT
10
254.7317
20
125.7692
0
VERTEX
8
CUT
10
254.7300
20
125.8005
0
VERTEX
8
CUT
10
254.7282
20
126.1232
0
VERTEX
8
CUT
10
254.7542
20
126.4164
0
VERTEX
8
CUT
10
254.8074
20
126.7059
0
VERTEX
8
CUT
10
254.8941
20
127.0129
0
VERTEX
8
CUT
10
255.0332
20
127.3678
0
VERTEX
8
CUT
10
255.0353
20
127.3725
0
VERTEX
8
CUT
10
255.1007
20
127.4978
0
VERTEX
8
CUT
10
255.2037
20
127.7217
0
VERTEX
8
CUT
10
255.2842
20
127.9548
0
VERTEX
8
CUT
10
255.3414
20
128.1946
0
VERTEX
8
CUT
10
255.3746
20
128.4389
0
VERTEX
8
CUT
10
255.3837
20
128.6853
0
VERTEX
8
CUT
10
255.3684
20
128.9314
0
VERTEX
8
CUT
10
255.3289
20
129.1748
0
VERTEX
8
CUT
10
255.2657
20
129.4131
0
VERTEX
8
CUT
10
255.1604
20
129.7434
0
VERTEX
8
CUT
10
255.0979
20
130.0279
0
VERTEX
8
CUT
10
255.0586
20
130.3447
0
VERTEX
8
CUT
10
255.0562
20
130.3756
0
VERTEX
8
CUT
10
255.0490
20
130.5092
0
VERTEX
8
CUT
10
255.0240
20
130.7517
0
VERTEX
8
CUT
10
254.9755
20
130.9907
0
VERTEX
8
CUT
10
254.9039
20
131.2238
0
VERTEX
8
CUT
10
254.8100
20
131.4488
0
VERTEX
8
CUT
10
254.6946
20
131.6636
0
VERTEX
8
CUT
10
254.5588
20
131.8661
0
VERTEX
8
CUT
10
254.4040
20
132.0544
0
VERTEX
8
CUT
10
254.2315
20
132.2268
0
VERTEX
8
CUT
10
254.0431
20
132.3815
0
VERTEX
8
CUT
10
253.8405
20
132.5172
0
VERTEX
8
CUT
10
253.6321
20
132.6424
0
VERTEX
8
CUT
10
253.3825
20
132.8283
0
VERTEX
8
CUT
10
253.1525
20
133.0379
0
VERTEX
8
CUT
10
252.9244
20
133.2915
0
VERTEX
8
CUT
10
252.9034
20
133.3172
0
VERTEX
8
CUT
10
252.7899
20
133.4641
0
VERTEX
8
CUT
10
252.1048
20
134.3965
0
VERTEX
8
CUT
10
251.9719
20
134.5621
0
VERTEX
8
CUT
10
251.8255
20
134.7159
0
VERTEX
8
CUT
10
250.9013
20
135.6070
0
VERTEX
8
CUT
10
250.7187
20
135.7667
0
VERTEX
8
CUT
10
250.5215
20
135.9080
0
VERTEX
8
CUT
10
250.4615
20
135.9467
0
VERTEX
8
CUT
10
250.2340
20
136.1070
0
VERTEX
8
CUT
10
249.9977
20
136.3071
0
VERTEX
8
CUT
10
249.7661
20
136.5450
0
VERTEX
8
CUT
10
249.7448
20
136.5692
0
VERTEX
8
CUT
10
249.6722
20
136.6554
0
VERTEX
8
CUT
10
249.5001
20
136.8400
0
VERTEX
8
CUT
10
249.3103
20
137.0064
0
VERTEX
8
CUT
10
249.1046
20
137.1528
0
VERTEX
8
CUT
10
248.8853
20
137.2777
0
VERTEX
8
CUT
10
248.6544
20
137.3798
0
VERTEX
8
CUT
10
248.4144
20
137.4582
0
VERTEX
8
CUT
10
248.3571
20
137.4738
0
VERTEX
8
CUT
10
248.1779
20
137.5272
0
VERTEX
8
CUT
10
248.1461
20
137.5376
0
VERTEX
8
CUT
10
247.8250
20
137.6602
0
VERTEX
8
CUT
10
247.5447
20
137.8007
0
VERTEX
8
CUT
10
247.2798
20
137.9684
0
VERTEX
8
CUT
10
247.0328
20
138.1617
0
VERTEX
8
CUT
10
246.8064
20
138.3786
0
VERTEX
8
CUT
10
246.5831
20
138.6398
0
VERTEX
8
CUT
10
246.5627
20
138.6663
0
VERTEX
8
CUT
10
246.4521
20
138.8171
0
VERTEX
8
CUT
10
246.4035
20
138.8871
0
VERTEX
8
CUT
10
246.2689
20
139.0635
0
VERTEX
8
CUT
10
246.1192
20
139.2272
0
VERTEX
8
CUT
10
244.6944
20
140.6532
0
VERTEX
8
CUT
10
244.5711
20
140.7827
0
VERTEX
8
CUT
10
244.5496
20
140.8064
0
VERTEX
8
CUT
10
244.3405
20
141.0599
0
VERTEX
8
CUT
10
244.1727
20
141.3084
0
VERTEX
8
CUT
10
244.0154
20
141.5970
0
VERTEX
8
CUT
10
244.0015
20
141.6257
0
VERTEX
8
CUT
10
243.9274
20
141.7885
0
VERTEX
8
CUT
10
243.2603
20
143.3512
0
VERTEX
8
CUT
10
243.1522
20
143.5734
0
VERTEX
8
CUT
10
243.0226
20
143.7839
0
VERTEX
8
CUT
10
242.8729
20
143.9805
0
VERTEX
8
CUT
10
242.7045
20
144.1614
0
VERTEX
8
CUT
10
242.5191
20
144.3248
0
VERTEX
8
CUT
10
242.3184
20
144.4691
0
VERTEX
8
CUT
10
242.1045
20
144.5928
0
VERTEX
8
CUT
10
241.8794
20
144.6949
0
VERTEX
8
CUT
10
241.6453
20
144.7742
0
VERTEX
8
CUT
10
241.6020
20
144.7842
0
VERTEX
8
CUT
10
241.6561
20
144.8283
0
VERTEX
8
CUT
10
241.8312
20
145.0020
0
VERTEX
8
CUT
10
241.9882
20
145.1922
0
VERTEX
8
CUT
10
242.1258
20
145.3969
0
VERTEX
8
CUT
10
242.2425
20
145.6141
0
VERTEX
8
CUT
10
242.3373
20
145.8419
0
VERTEX
8
CUT
10
242.4091
20
146.0778
0
VERTEX
8
CUT
10
242.4574
20
146.3197
0
VERTEX
8
CUT
10
242.4816
20
146.5651
0
VERTEX
8
CUT
10
242.4815
20
146.8118
0
VERTEX
8
CUT
10
242.4570
20
147.0572
0
VERTEX
8
CUT
10
241.9630
20
150.3596
0
VERTEX
8
CUT
10
241.9182
20
150.5866
0
VERTEX
8
CUT
10
241.8526
20
150.8085
0
VERTEX
8
CUT
10
241.7668
20
151.0234
0
VERTEX
8
CUT
10
241.5124
20
151.5834
0
VERTEX
8
CUT
10
241.4071
20
151.7894
0
VERTEX
8
CUT
10
241.2832
20
151.9847
0
VERTEX
8
CUT
10
240.3119
20
153.3703
0
VERTEX
8
CUT
10
240.1504
20
153.5767
0
VERTEX
8
CUT
10
239.9683
20
153.7651
0
VERTEX
8
CUT
10
239.5046
20
154.1968
0
VERTEX
8
CUT
10
239.2744
20
154.3867
0
VERTEX
8
CUT
10
239.0233
20
154.5478
0
VERTEX
8
CUT
10
238.5609
20
154.8070
0
VERTEX
8
CUT
10
238.3656
20
154.9054
0
VERTEX
8
CUT
10
238.1624
20
154.9865
0
VERTEX
8
CUT
10
237.9529
20
155.0494
0
VERTEX
8
CUT
10
237.6905
20
155.1160
0
VERTEX
8
CUT
10
237.4744
20
155.1607
0
VERTEX
8
CUT
10
237.2553
20
155.1862
0
VERTEX
8
CUT
10
237.0348
20
155.1923
0
VERTEX
8
CUT
10
236.8146
20
155.1789
0
VERTEX
8
CUT
10
236.5668
20
155.1528
0
VERTEX
8
CUT
10
236.3377
20
155.1179
0
VERTEX
8
CUT
10
236.1127
20
155.0618
0
VERTEX
8
CUT
10
235.8939
20
154.9852
0
VERTEX
8
CUT
10
234.9663
20
154.6113
0
VERTEX
8
CUT
10
234.6945
20
154.4822
0
VERTEX
8
CUT
10
234.4401
20
154.3214
0
VERTEX
8
CUT
10
234.1851
20
154.1378
0
VERTEX
8
CUT
10
233.9777
20
153.9710
0
VERTEX
8
CUT
10
233.7891
20
153.7831
0
VERTEX
8
CUT
10
233.5461
20
153.5135
0
VERTEX
8
CUT
10
233.4766
20
153.4384
0
VERTEX
8
CUT
10
233.4292
20
153.3887
0
VERTEX
8
CUT
10
233.1977
20
153.1673
0
VERTEX
8
CUT
10
232.9545
20
152.9755
0
VERTEX
8
CUT
10
232.6956
20
152.8096
0
VERTEX
8
CUT
10
232.4218
20
152.6697
0
VERTEX
8
CUT
10
232.1355
20
152.5573
0
VERTEX
8
CUT
10
231.8397
20
152.4734
0
VERTEX
8
CUT
10
231.5370
20
152.4187
0
VERTEX
8
CUT
10
231.2305
20
152.3939
0
VERTEX
8
CUT
10
230.9231
20
152.3992
0
VERTEX
8
CUT
10
230.6176
20
152.4344
0
VERTEX
8
CUT
10
230.3170
20
152.4993
0
VERTEX
8
CUT
10
230.0242
20
152.5933
0
VERTEX
8
CUT
10
229.7419
20
152.7154
0
VERTEX
8
CUT
10
229.4730
20
152.8645
0
VERTEX
8
CUT
10
229.2198
20
153.0391
0
VERTEX
8
CUT
10
228.9850
20
153.2377
0
VERTEX
8
CUT
10
228.7707
20
153.4582
0
VERTEX
8
CUT
10
228.5789
20
153.6986
0
VERTEX
8
CUT
10
228.4115
20
153.9566
0
VERTEX
8
CUT
10
228.2702
20
154.2297
0
VERTEX
8
CUT
10
228.1452
20
154.5427
0
VERTEX
8
CUT
10
228.1345
20
154.5737
0
VERTEX
8
CUT
10
228.0792
20
154.7486
0
VERTEX
8
CUT
10
227.9472
20
155.2041
0
VERTEX
8
CUT
10
227.8960
20
155.4005
0
VERTEX
8
CUT
10
227.8649
20
155.5347
0
VERTEX
8
CUT
10
227.8244
20
155.7336
0
VERTEX
8
CUT
10
227.5279
20
157.4227
0
VERTEX
8
CUT
10
227.4975
20
157.6295
0
VERTEX
8
CUT
10
227.4808
20
157.7705
0
VERTEX
8
CUT
10
227.4620
20
157.9786
0
VERTEX
8
CUT
10
227.3444
20
159.8661
0
VERTEX
8
CUT
10
227.3381
20
160.0112
0
VERTEX
8
CUT
10
227.3358
20
160.1099
0
VERTEX
8
CUT
10
227.3352
20
160.2551
0
VERTEX
8
CUT
10
227.3874
20
163.6865
0
VERTEX
8
CUT
10
227.3977
20
163.9128
0
VERTEX
8
CUT
10
227.4093
20
164.0661
0
VERTEX
8
CUT
10
227.4332
20
164.2914
0
VERTEX
8
CUT
10
227.8397
20
167.2605
0
VERTEX
8
CUT
10
227.8623
20
167.5519
0
VERTEX
8
CUT
10
228.0024
20
174.9001
0
VERTEX
8
CUT
10
228.0084
20
175.0533
0
VERTEX
8
CUT
10
228.0147
20
175.1573
0
VERTEX
8
CUT
10
228.0270
20
175.3101
0
VERTEX
8
CUT
10
228.4712
20
179.7013
0
VERTEX
8
CUT
10
228.4902
20
179.8566
0
VERTEX
8
CUT
10
228.4942
20
179.8844
0
VERTEX
8
CUT
10
228.5515
20
180.1919
0
VERTEX
8
CUT
10
228.5578
20
180.2192
0
VERTEX
8
CUT
10
228.5960
20
180.3709
0
VERTEX
8
CUT
10
229.7259
20
184.4895
0
VERTEX
8
CUT
10
229.7919
20
184.7048
0
VERTEX
8
CUT
10
229.8412
20
184.8495
0
VERTEX
8
CUT
10
229.9200
20
185.0605
0
VERTEX
8
CUT
10
230.8100
20
187.2385
0
VERTEX
8
CUT
10
230.8572
20
187.3490
0
VERTEX
8
CUT
10
230.8905
20
187.4236
0
VERTEX
8
CUT
10
230.9412
20
187.5325
0
VERTEX
8
CUT
10
236.2510
20
198.4698
0
VERTEX
8
CUT
10
236.2648
20
198.4985
0
VERTEX
8
CUT
10
236.2672
20
198.5038
0
VERTEX
8
CUT
10
236.3211
20
198.6269
0
VERTEX
8
CUT
10
238.2361
20
203.3468
0
VERTEX
8
CUT
10
238.3376
20
203.6518
0
VERTEX
8
CUT
10
238.9772
20
206.0875
0
VERTEX
8
CUT
10
239.0370
20
206.3899
0
VERTEX
8
CUT
10
239.4111
20
209.1779
0
VERTEX
8
CUT
10
239.4323
20
209.4381
0
VERTEX
8
CUT
10
239.4262
20
209.6991
0
VERTEX
8
CUT
10
239.2639
20
211.8440
0
VERTEX
8
CUT
10
239.2400
20
212.0481
0
VERTEX
8
CUT
10
239.1994
20
212.2495
0
VERTEX
8
CUT
10
238.7161
20
214.2244
0
VERTEX
8
CUT
10
238.6578
20
214.4257
0
VERTEX
8
CUT
10
238.5829
20
214.6214
0
VERTEX
8
CUT
10
238.1259
20
215.6796
0
VERTEX
8
CUT
10
238.0180
20
215.8993
0
VERTEX
8
CUT
10
237.8890
20
216.1075
0
VERTEX
8
CUT
10
237.7403
20
216.3020
0
VERTEX
8
CUT
10
237.5733
20
216.4811
0
VERTEX
8
CUT
10
237.3896
20
216.6430
0
VERTEX
8
CUT
10
237.1909
20
216.7861
0
VERTEX
8
CUT
10
236.9792
20
216.9091
0
VERTEX
8
CUT
10
236.7564
20
217.0108
0
VERTEX
8
CUT
10
236.5248
20
217.0902
0
VERTEX
8
CUT
10
236.2865
20
217.1466
0
VERTEX
8
CUT
10
236.0439
20
217.1794
0
VERTEX
8
CUT
10
235.7992
20
217.1882
0
VERTEX
8
CUT
10
235.5548
20
217.1732
0
VERTEX
8
CUT
10
235.3130
20
217.1342
0
VERTEX
8
CUT
10
235.2424
20
217.1193
0
VERTEX
8
CUT
10
234.9128
20
217.0852
0
VERTEX
8
CUT
10
234.5815
20
217.0859
0
VERTEX
8
CUT
10
234.2017
20
217.1270
0
VERTEX
8
CUT
10
233.9166
20
217.1414
0
VERTEX
8
CUT
10
233.6317
20
217.1232
0
VERTEX
8
CUT
10
233.6027
20
217.1197
0
VERTEX
8
CUT
10
233.2960
20
217.0963
0
VERTEX
8
CUT
10
232.9875
20
217.1016
0
VERTEX
8
CUT
10
232.6843
20
217.1364
0
VERTEX
8
CUT
10
232.3860
20
217.2004
0
VERTEX
8
CUT
10
232.0953
20
217.2930
0
VERTEX
8
CUT
10
231.8149
20
217.4134
0
VERTEX
8
CUT
10
231.5475
20
217.5604
0
VERTEX
8
CUT
10
231.2956
20
217.7326
0
VERTEX
8
CUT
10
231.0109
20
217.9707
0
VERTEX
8
CUT
10
230.8127
20
218.1205
0
VERTEX
8
CUT
10
230.6006
20
218.2498
0
VERTEX
8
CUT
10
230.3767
20
218.3574
0
VERTEX
8
CUT
10
230.1432
20
218.4423
0
VERTEX
8
CUT
10
229.9024
20
218.5036
0
VERTEX
8
CUT
10
229.6568
20
218.5407
0
VERTEX
8
CUT
10
229.4087
20
218.5532
0
VERTEX
8
CUT
10
229.1606
20
218.5411
0
VERTEX
8
CUT
10
228.9149
20
218.5044
0
VERTEX
8
CUT
10
228.6740
20
218.4435
0
VERTEX
8
CUT
10
228.4404
20
218.3589
0
VERTEX
8
CUT
10
228.2163
20
218.2516
0
VERTEX
8
CUT
10
228.0040
20
218.1226
0
VERTEX
8
CUT
10
227.8056
20
217.9732
0
VERTEX
8
CUT
10
227.6229
20
217.8048
0
VERTEX
8
CUT
10
227.4579
20
217.6191
0
VERTEX
8
CUT
10
226.6816
20
216.6530
0
VERTEX
8
CUT
10
226.5469
20
216.4687
0
VERTEX
8
CUT
10
226.4296
20
216.2729
0
VERTEX
8
CUT
10
226.3306
20
216.0673
0
VERTEX
8
CUT
10
225.5746
20
214.2934
0
VERTEX
8
CUT
10
225.5052
20
214.1110
0
VERTEX
8
CUT
10
225.4501
20
213.9237
0
VERTEX
8
CUT
10
225.1650
20
212.7913
0
VERTEX
8
CUT
10
225.1042
20
212.4535
0
VERTEX
8
CUT
10
223.9852
20
202.2523
0
VERTEX
8
CUT
10
223.9538
20
202.0283
0
VERTEX
8
CUT
10
223.9278
20
201.8769
0
VERTEX
8
CUT
10
223.8829
20
201.6551
0
VERTEX
8
CUT
10
223.2097
20
198.7790
0
VERTEX
8
CUT
10
223.1584
20
198.5837
0
VERTEX
8
CUT
10
223.1483
20
198.5491
0
VERTEX
8
CUT
10
223.0146
20
198.1683
0
VERTEX
8
CUT
10
223.0008
20
198.1350
0
VERTEX
8
CUT
10
222.9188
20
197.9505
0
VERTEX
8
CUT
10
222.0710
20
196.1745
0
VERTEX
8
CUT
10
221.9696
20
195.9771
0
VERTEX
8
CUT
10
221.9505
20
195.9425
0
VERTEX
8
CUT
10
221.7135
20
195.5676
0
VERTEX
8
CUT
10
221.6904
20
195.5355
0
VERTEX
8
CUT
10
221.5557
20
195.3592
0
VERTEX
8
CUT
10
221.2936
20
195.0365
0
VERTEX
8
CUT
10
221.1699
20
194.8919
0
VERTEX
8
CUT
10
221.1472
20
194.8666
0
VERTEX
8
CUT
10
220.8787
20
194.5972
0
VERTEX
8
CUT
10
220.8535
20
194.5744
0
VERTEX
8
CUT
10
220.7093
20
194.4502
0
VERTEX
8
CUT
10
220.0665
20
193.9243
0
VERTEX
8
CUT
10
219.9402
20
193.8253
0
VERTEX
8
CUT
10
219.9172
20
193.8081
0
VERTEX
8
CUT
10
219.6736
20
193.6415
0
VERTEX
8
CUT
10
219.4167
20
193.4963
0
VERTEX
8
CUT
10
219.3911
20
193.4832
0
VERTEX
8
CUT
10
219.2466
20
193.4134
0
VERTEX
8
CUT
10
219.2316
20
193.4065
0
VERTEX
8
CUT
10
219.0636
20
193.3346
0
VERTEX
8
CUT
10
219.0333
20
193.3224
0
VERTEX
8
CUT
10
218.7156
20
193.2132
0
VERTEX
8
CUT
10
218.4176
20
193.1422
0
VERTEX
8
CUT
10
218.1140
20
193.1005
0
VERTEX
8
CUT
10
217.8078
20
193.0886
0
VERTEX
8
CUT
10
217.5018
20
193.1065
0
VERTEX
8
CUT
10
217.1991
20
193.1541
0
VERTEX
8
CUT
10
216.8740
20
193.2384
0
VERTEX
8
CUT
10
216.8428
20
193.2481
0
VERTEX
8
CUT
10
216.6697
20
193.3067
0
VERTEX
8
CUT
10
216.2871
20
193.4468
0
VERTEX
8
CUT
10
216.0959
20
193.5228
0
VERTEX
8
CUT
10
216.0622
20
193.5373
0
VERTEX
8
CUT
10
215.7236
20
193.7054
0
VERTEX
8
CUT
10
215.4334
20
193.8916
0
VERTEX
8
CUT
10
215.1395
20
194.1294
0
VERTEX
8
CUT
10
215.1123
20
194.1540
0
VERTEX
8
CUT
10
214.9635
20
194.2961
0
VERTEX
8
CUT
10
214.5172
20
194.7465
0
VERTEX
8
CUT
10
214.3830
20
194.8893
0
VERTEX
8
CUT
10
214.3597
20
194.9154
0
VERTEX
8
CUT
10
214.1343
20
195.1963
0
VERTEX
8
CUT
10
213.9395
20
195.4991
0
VERTEX
8
CUT
10
213.9221
20
195.5295
0
VERTEX
8
CUT
10
213.8293
20
195.7021
0
VERTEX
8
CUT
10
213.2046
20
196.9405
0
VERTEX
8
CUT
10
213.1201
20
197.1196
0
VERTEX
8
CUT
10
213.1059
20
197.1519
0
VERTEX
8
CUT
10
212.9658
20
197.5221
0
VERTEX
8
CUT
10
212.9551
20
197.5558
0
VERTEX
8
CUT
10
212.8999
20
197.7460
0
VERTEX
8
CUT
10
212.3699
20
199.7713
0
VERTEX
8
CUT
10
212.3260
20
199.9583
0
VERTEX
8
CUT
10
212.3191
20
199.9919
0
VERTEX
8
CUT
10
212.2603
20
200.3715
0
VERTEX
8
CUT
10
212.2568
20
200.4056
0
VERTEX
8
CUT
10
212.2421
20
200.5972
0
VERTEX
8
CUT
10
212.0684
20
204.0008
0
VERTEX
8
CUT
10
212.0637
20
204.1599
0
VERTEX
8
CUT
10
212.0628
20
204.2680
0
VERTEX
8
CUT
10
212.0648
20
204.4271
0
VERTEX
8
CUT
10
212.1699
20
207.5284
0
VERTEX
8
CUT
10
212.1768
20
207.6618
0
VERTEX
8
CUT
10
212.1831
20
207.7524
0
VERTEX
8
CUT
10
212.1948
20
207.8855
0
VERTEX
8
CUT
10
212.3646
20
209.4941
0
VERTEX
8
CUT
10
212.3783
20
209.7415
0
VERTEX
8
CUT
10
212.3675
20
209.9891
0
VERTEX
8
CUT
10
212.3323
20
210.2344
0
VERTEX
8
CUT
10
212.2729
20
210.4750
0
VERTEX
8
CUT
10
212.1900
20
210.7085
0
VERTEX
8
CUT
10
212.0844
20
210.9327
0
VERTEX
8
CUT
10
211.9571
20
211.1453
0
VERTEX
8
CUT
10
211.8094
20
211.3443
0
VERTEX
8
CUT
10
211.6427
20
211.5277
0
VERTEX
8
CUT
10
211.4587
20
211.6937
0
VERTEX
8
CUT
10
211.2591
20
211.8406
0
VERTEX
8
CUT
10
211.0460
20
211.9671
0
VERTEX
8
CUT
10
210.8214
20
212.0718
0
VERTEX
8
CUT
10
210.5875
20
212.1538
0
VERTEX
8
CUT
10
210.3467
20
212.2122
0
VERTEX
8
CUT
10
210.1013
20
212.2465
0
VERTEX
8
CUT
10
209.8537
20
212.2564
0
VERTEX
8
CUT
10
209.6063
20
212.2416
0
VERTEX
8
CUT
10
209.3616
20
212.2025
0
VERTEX
8
CUT
10
209.1220
20
212.1393
0
VERTEX
8
CUT
10
208.8898
20
212.0527
0
VERTEX
8
CUT
10
208.6673
20
211.9436
0
VERTEX
8
CUT
10
208.4567
20
211.8129
0
VERTEX
8
CUT
10
208.2601
20
211.6621
0
VERTEX
8
CUT
10
208.0794
20
211.4925
0
VERTEX
8
CUT
10
207.9164
20
211.3059
0
VERTEX
8
CUT
10
207.7726
20
211.1040
0
VERTEX
8
CUT
10
207.6495
20
210.8889
0
VERTEX
8
CUT
10
207.6387
20
210.8675
0
VERTEX
8
CUT
10
206.7815
20
209.2924
0
VERTEX
8
CUT
10
206.6834
20
209.1228
0
VERTEX
8
CUT
10
206.6651
20
209.0930
0
VERTEX
8
CUT
10
206.4431
20
208.7705
0
VERTEX
8
CUT
10
206.4218
20
208.7428
0
VERTEX
8
CUT
10
206.2985
20
208.5907
0
VERTEX
8
CUT
10
205.3065
20
207.4303
0
VERTEX
8
CUT
10
205.1853
20
207.2953
0
VERTEX
8
CUT
10
205.1631
20
207.2717
0
VERTEX
8
CUT
10
204.9230
20
207.0404
0
VERTEX
8
CUT
10
204.6616
20
206.8334
0
VERTEX
8
CUT
10
204.6353
20
206.8145
0
VERTEX
8
CUT
10
204.4853
20
206.7125
0
VERTEX
8
CUT
10
203.9179
20
206.3463
0
VERTEX
8
CUT
10
203.7804
20
206.2616
0
VERTEX
8
CUT
10
203.7554
20
206.2470
0
VERTEX
8
CUT
10
203.4931
20
206.1081
0
VERTEX
8
CUT
10
203.2437
20
206.0023
0
VERTEX
8
CUT
10
202.9614
20
205.9104
0
VERTEX
8
CUT
10
202.9335
20
205.9027
0
VERTEX
8
CUT
10
202.7771
20
205.8627
0
VERTEX
8
CUT
10
202.5908
20
205.8193
0
VERTEX
8
CUT
10
202.3861
20
205.7777
0
VERTEX
8
CUT
10
202.3494
20
205.7713
0
VERTEX
8
CUT
10
201.9682
20
205.7264
0
VERTEX
8
CUT
10
201.5844
20
205.7242
0
VERTEX
8
CUT
10
201.5472
20
205.7260
0
VERTEX
8
CUT
10
201.3389
20
205.7423
0
VERTEX
8
CUT
10
199.9113
20
205.8937
0
VERTEX
8
CUT
10
199.7301
20
205.9174
0
VERTEX
8
CUT
10
199.6978
20
205.9224
0
VERTEX
8
CUT
10
199.3689
20
205.9902
0
VERTEX
8
CUT
10
199.0762
20
206.0809
0
VERTEX
8
CUT
10
198.7938
20
206.1997
0
VERTEX
8
CUT
10
198.4983
20
206.3594
0
VERTEX
8
CUT
10
198.4704
20
206.3763
0
VERTEX
8
CUT
10
198.3164
20
206.4747
0
VERTEX
8
CUT
10
198.0631
20
206.6455
0
VERTEX
8
CUT
10
197.8977
20
206.7636
0
VERTEX
8
CUT
10
197.8688
20
206.7854
0
VERTEX
8
CUT
10
197.5835
20
207.0264
0
VERTEX
8
CUT
10
197.3260
20
207.2969
0
VERTEX
8
CUT
10
197.3024
20
207.3245
0
VERTEX
8
CUT
10
197.1747
20
207.4826
0
VERTEX
8
CUT
10
195.8465
20
209.2207
0
VERTEX
8
CUT
10
195.7431
20
209.3628
0
VERTEX
8
CUT
10
195.7252
20
209.3887
0
VERTEX
8
CUT
10
195.5539
20
209.6626
0
VERTEX
8
CUT
10
195.4091
20
209.9513
0
VERTEX
8
CUT
10
195.3963
20
209.9800
0
VERTEX
8
CUT
10
195.3287
20
210.1422
0
VERTEX
8
CUT
10
194.8887
20
211.2725
0
VERTEX
8
CUT
10
194.8392
20
211.4072
0
VERTEX
8
CUT
10
194.8308
20
211.4315
0
VERTEX
8
CUT
10
194.7474
20
211.7060
0
VERTEX
8
CUT
10
194.7409
20
211.7309
0
VERTEX
8
CUT
10
194.7072
20
211.8704
0
VERTEX
8
CUT
10
194.3569
20
213.4504
0
VERTEX
8
CUT
10
194.3189
20
213.6461
0
VERTEX
8
CUT
10
194.2966
20
213.7797
0
VERTEX
8
CUT
10
194.2691
20
213.9772
0
VERTEX
8
CUT
10
193.4038
20
221.6831
0
VERTEX
8
CUT
10
193.3998
20
221.7164
0
VERTEX
8
CUT
10
193.3990
20
221.7226
0
VERTEX
8
CUT
10
193.3774
20
221.8622
0
VERTEX
8
CUT
10
192.9537
20
224.1673
0
VERTEX
8
CUT
10
192.8855
20
224.4469
0
VERTEX
8
CUT
10
191.7753
20
228.0747
0
VERTEX
8
CUT
10
191.7046
20
228.2748
0
VERTEX
8
CUT
10
189.1029
20
234.7535
0
VERTEX
8
CUT
10
189.0230
20
234.9715
0
VERTEX
8
CUT
10
188.9735
20
235.1212
0
VERTEX
8
CUT
10
188.9073
20
235.3438
0
VERTEX
8
CUT
10
187.9721
20
238.8879
0
VERTEX
8
CUT
10
187.9385
20
239.0302
0
VERTEX
8
CUT
10
187.8703
20
239.6622
0
VERTEX
8
CUT
10
187.8410
20
239.9340
0
VERTEX
8
CUT
10
187.8308
20
240.0283
0
VERTEX
8
CUT
10
187.8237
20
240.0940
0
VERTEX
8
CUT
10
187.6375
20
243.8402
0
VERTEX
8
CUT
10
187.6329
20
244.0459
0
VERTEX
8
CUT
10
187.6336
20
244.1855
0
VERTEX
8
CUT
10
187.6403
20
244.3911
0
VERTEX
8
CUT
10
187.9314
20
249.2326
0
VERTEX
8
CUT
10
187.9430
20
249.3785
0
VERTEX
8
CUT
10
187.9456
20
249.4046
0
VERTEX
8
CUT
10
187.9859
20
249.6944
0
VERTEX
8
CUT
10
187.9905
20
249.7202
0
VERTEX
8
CUT
10
188.0191
20
249.8637
0
VERTEX
8
CUT
10
189.3680
20
256.0071
0
VERTEX
8
CUT
10
189.4092
20
256.1760
0
VERTEX
8
CUT
10
189.4173
20
256.2060
0
VERTEX
8
CUT
10
189.5144
20
256.5104
0
VERTEX
8
CUT
10
189.6284
20
256.7787
0
VERTEX
8
CUT
10
189.7667
20
257.0354
0
VERTEX
8
CUT
10
189.9282
20
257.2781
0
VERTEX
8
CUT
10
190.1114
20
257.5048
0
VERTEX
8
CUT
10
190.3344
20
257.7337
0
VERTEX
8
CUT
10
190.3359
20
257.7350
0
VERTEX
8
CUT
10
190.3338
20
257.7373
0
VERTEX
8
CUT
10
190.4412
20
257.8388
0
VERTEX
8
CUT
10
190.6100
20
258.0354
0
VERTEX
8
CUT
10
190.7575
20
258.2483
0
VERTEX
8
CUT
10
190.8823
20
258.4753
0
VERTEX
8
CUT
10
190.9828
20
258.7141
0
VERTEX
8
CUT
10
191.0581
20
258.9619
0
VERTEX
8
CUT
10
191.1074
20
259.2162
0
VERTEX
8
CUT
10
191.1301
20
259.4743
0
VERTEX
8
CUT
10
191.1568
20
260.2184
0
VERTEX
8
CUT
10
191.1543
20
260.4508
0
VERTEX
8
CUT
10
191.1303
20
260.6819
0
VERTEX
8
CUT
10
190.9066
20
262.1607
0
VERTEX
8
CUT
10
190.8695
20
262.3541
0
VERTEX
8
CUT
10
190.8173
20
262.5441
0
VERTEX
8
CUT
10
190.1787
20
264.5532
0
VERTEX
8
CUT
10
190.1044
20
264.7561
0
VERTEX
8
CUT
10
190.0128
20
264.9519
0
VERTEX
8
CUT
10
188.4833
20
267.8849
0
VERTEX
8
CUT
10
188.3272
20
268.1446
0
VERTEX
8
CUT
10
188.1408
20
268.3834
0
VERTEX
8
CUT
10
187.3290
20
269.3031
0
VERTEX
8
CUT
10
187.1651
20
269.4720
0
VERTEX
8
CUT
10
186.9860
20
269.6247
0
VERTEX
8
CUT
10
186.7934
20
269.7599
0
VERTEX
8
CUT
10
186.5889
20
269.8765
0
VERTEX
8
CUT
10
186.3744
20
269.9732
0
VERTEX
8
CUT
10
186.1517
20
270.0494
0
VERTEX
8
CUT
10
185.9229
20
270.1043
0
VERTEX
8
CUT
10
185.6899
20
270.1374
0
VERTEX
8
CUT
10
185.4548
20
270.1485
0
VERTEX
8
CUT
10
185.4077
20
270.1485
0
VERTEX
8
CUT
10
180.0563
20
270.1485
0
VERTEX
8
CUT
10
180.0344
20
270.1485
0
VERTEX
8
CUT
10
179.7818
20
270.1357
0
VERTEX
8
CUT
10
179.5318
20
270.0975
0
VERTEX
8
CUT
10
179.2870
20
270.0342
0
VERTEX
8
CUT
10
179.0497
20
269.9464
0
VERTEX
8
CUT
10
178.8226
20
269.8352
0
VERTEX
8
CUT
10
178.6079
20
269.7016
0
VERTEX
8
CUT
10
178.4077
20
269.5469
0
VERTEX
8
CUT
10
178.2243
20
269.3728
0
VERTEX
8
CUT
10
178.0366
20
269.1759
0
VERTEX
8
CUT
10
177.7187
20
268.8714
0
VERTEX
8
CUT
10
177.5125
20
268.6484
0
VERTEX
8
CUT
10
177.3348
20
268.4020
0
VERTEX
8
CUT
10
177.3213
20
268.3807
0
VERTEX
8
CUT
10
177.2903
20
268.3382
0
VERTEX
8
CUT
10
176.6274
20
267.3440
0
VERTEX
8
CUT
10
176.5166
20
267.1613
0
VERTEX
8
CUT
10
176.4217
20
266.9698
0
VERTEX
8
CUT
10
175.8848
20
265.7580
0
VERTEX
8
CUT
10
175.8028
20
265.5477
0
VERTEX
8
CUT
10
175.7401
20
265.3308
0
VERTEX
8
CUT
10
175.3782
20
263.8287
0
VERTEX
8
CUT
10
175.3259
20
263.5356
0
VERTEX
8
CUT
10
175.1055
20
261.6651
0
VERTEX
8
CUT
10
175.0885
20
261.3465
0
VERTEX
8
CUT
10
175.0916
20
261.0544
0
VERTEX
8
CUT
10
175.0112
20
260.0912
0
VERTEX
8
CUT
10
175.0030
20
259.8365
0
VERTEX
8
CUT
10
175.0577
20
256.9108
0
VERTEX
8
CUT
10
175.0586
20
256.8767
0
VERTEX
8
CUT
10
175.0588
20
256.8706
0
VERTEX
8
CUT
10
175.0676
20
256.7270
0
VERTEX
8
CUT
10
175.2378
20
254.8394
0
VERTEX
8
CUT
10
175.7329
20
248.9778
0
VERTEX
8
CUT
10
175.7456
20
248.7286
0
VERTEX
8
CUT
10
175.7486
20
248.5590
0
VERTEX
8
CUT
10
175.7447
20
248.3092
0
VERTEX
8
CUT
10
175.5703
20
244.7493
0
VERTEX
8
CUT
10
175.5552
20
244.5529
0
VERTEX
8
CUT
10
175.5017
20
244.2104
0
VERTEX
8
CUT
10
175.4997
20
244.1911
0
VERTEX
8
CUT
10
175.4831
20
244.0891
0
VERTEX
8
CUT
10
175.4751
20
244.0526
0
VERTEX
8
CUT
10
175.4243
20
243.8490
0
VERTEX
8
CUT
10
174.9882
20
242.2900
0
VERTEX
8
CUT
10
174.9363
20
242.1203
0
VERTEX
8
CUT
10
174.9264
20
242.0902
0
VERTEX
8
CUT
10
174.7989
20
241.7591
0
VERTEX
8
CUT
10
174.7862
20
241.7300
0
VERTEX
8
CUT
10
174.7108
20
241.5694
0
VERTEX
8
CUT
10
173.8705
20
239.8819
0
VERTEX
8
CUT
10
173.7896
20
239.7285
0
VERTEX
8
CUT
10
173.7745
20
239.7014
0
VERTEX
8
CUT
10
173.6067
20
239.4304
0
VERTEX
8
CUT
10
173.4313
20
239.1983
0
VERTEX
8
CUT
10
173.2165
20
238.9628
0
VERTEX
8
CUT
10
173.1945
20
238.9409
0
VERTEX
8
CUT
10
173.0690
20
238.8212
0
VERTEX
8
CUT
10
172.7369
20
238.5187
0
VERTEX
8
CUT
10
172.5928
20
238.3940
0
VERTEX
8
CUT
10
172.5665
20
238.3724
0
VERTEX
8
CUT
10
172.2850
20
238.1641
0
VERTEX
8
CUT
10
172.0102
20
238.0011
0
VERTEX
8
CUT
10
171.7202
20
237.8668
0
VERTEX
8
CUT
10
171.3891
20
237.7526
0
VERTEX
8
CUT
10
171.3564
20
237.7431
0
VERTEX
8
CUT
10
171.1721
20
237.6949
0
VERTEX
8
CUT
10
170.9994
20
237.6544
0
VERTEX
8
CUT
10
170.8175
20
237.6165
0
VERTEX
8
CUT
10
170.7848
20
237.6105
0
VERTEX
8
CUT
10
170.4462
20
237.5658
0
VERTEX
8
CUT
10
170.1347
20
237.5557
0
VERTEX
8
CUT
10
169.8237
20
237.5766
0
VERTEX
8
CUT
10
169.5091
20
237.6294
0
VERTEX
8
CUT
10
169.2233
20
237.7060
0
VERTEX
8
CUT
10
168.9546
20
237.8050
0
VERTEX
8
CUT
10
168.7037
20
237.9241
0
VERTEX
8
CUT
10
168.4395
20
238.0797
0
VERTEX
8
CUT
10
168.4145
20
238.0960
0
VERTEX
8
CUT
10
168.2768
20
238.1900
0
VERTEX
8
CUT
10
167.8689
20
238.4818
0
VERTEX
8
CUT
10
167.7414
20
238.5772
0
VERTEX
8
CUT
10
167.7189
20
238.5948
0
VERTEX
8
CUT
10
167.4961
20
238.7848
0
VERTEX
8
CUT
10
167.2902
20
238.9931
0
VERTEX
8
CUT
10
167.2710
20
239.0142
0
VERTEX
8
CUT
10
167.1665
20
239.1344
0
VERTEX
8
CUT
10
165.9962
20
240.5386
0
VERTEX
8
CUT
10
165.8598
20
240.7124
0
VERTEX
8
CUT
10
165.8364
20
240.7441
0
VERTEX
8
CUT
10
165.5955
20
241.1142
0
VERTEX
8
CUT
10
165.5761
20
241.1484
0
VERTEX
8
CUT
10
165.4724
20
241.3435
0
VERTEX
8
CUT
10
164.9402
20
242.4202
0
VERTEX
8
CUT
10
164.8788
20
242.5507
0
VERTEX
8
CUT
10
164.8683
20
242.5742
0
VERTEX
8
CUT
10
164.7608
20
242.8417
0
VERTEX
8
CUT
10
164.7521
20
242.8660
0
VERTEX
8
CUT
10
164.7061
20
243.0027
0
VERTEX
8
CUT
10
163.7192
20
246.1351
0
VERTEX
8
CUT
10
163.6676
20
246.3142
0
VERTEX
8
CUT
10
163.6356
20
246.4367
0
VERTEX
8
CUT
10
163.5930
20
246.6182
0
VERTEX
8
CUT
10
163.0951
20
249.0032
0
VERTEX
8
CUT
10
163.0657
20
249.1608
0
VERTEX
8
CUT
10
163.0480
20
249.2682
0
VERTEX
8
CUT
10
163.0254
20
249.4269
0
VERTEX
8
CUT
10
162.3548
20
254.9746
0
VERTEX
8
CUT
10
162.3507
20
255.0065
0
VERTEX
8
CUT
10
162.3499
20
255.0123
0
VERTEX
8
CUT
10
162.3282
20
255.1464
0
VERTEX
8
CUT
10
161.9685
20
257.0419
0
VERTEX
8
CUT
10
161.7010
20
258.6594
0
VERTEX
8
CUT
10
161.6394
20
258.9344
0
VERTEX
8
CUT
10
161.5490
20
259.2528
0
VERTEX
8
CUT
10
161.3307
20
260.4030
0
VERTEX
8
CUT
10
161.2888
20
260.5862
0
VERTEX
8
CUT
10
161.2332
20
260.7657
0
VERTEX
8
CUT
10
160.6401
20
262.4534
0
VERTEX
8
CUT
10
160.3917
20
263.3282
0
VERTEX
8
CUT
10
160.3349
20
263.5034
0
VERTEX
8
CUT
10
160.2654
20
263.6739
0
VERTEX
8
CUT
10
160.0210
20
264.2153
0
VERTEX
8
CUT
10
159.8175
20
264.7945
0
VERTEX
8
CUT
10
159.7184
20
265.0355
0
VERTEX
8
CUT
10
159.5947
20
265.2649
0
VERTEX
8
CUT
10
159.4104
20
265.5679
0
VERTEX
8
CUT
10
159.2108
20
266.0101
0
VERTEX
8
CUT
10
159.0516
20
266.3075
0
VERTEX
8
CUT
10
158.0497
20
267.9088
0
VERTEX
8
CUT
10
157.9398
20
268.0701
0
VERTEX
8
CUT
10
157.8176
20
268.2224
0
VERTEX
8
CUT
10
157.7447
20
268.3064
0
VERTEX
8
CUT
10
157.7406
20
268.3131
0
VERTEX
8
CUT
10
157.5904
20
268.5328
0
VERTEX
8
CUT
10
157.4177
20
268.7352
0
VERTEX
8
CUT
10
156.8152
20
269.3699
0
VERTEX
8
CUT
10
156.7984
20
269.3858
0
VERTEX
8
CUT
10
156.7277
20
269.4598
0
VERTEX
8
CUT
10
156.6507
20
269.5263
0
VERTEX
8
CUT
10
156.6316
20
269.5446
0
VERTEX
8
CUT
10
156.6130
20
269.5589
0
VERTEX
8
CUT
10
156.5480
20
269.6152
0
VERTEX
8
CUT
10
156.4569
20
269.6799
0
VERTEX
8
CUT
10
156.4313
20
269.6998
0
VERTEX
8
CUT
10
156.4123
20
269.7116
0
VERTEX
8
CUT
10
156.3543
20
269.7528
0
VERTEX
8
CUT
10
156.2485
20
269.8138
0
VERTEX
8
CUT
10
156.2162
20
269.8339
0
VERTEX
8
CUT
10
156.1983
20
269.8428
0
VERTEX
8
CUT
10
156.1485
20
269.8714
0
VERTEX
8
CUT
10
156.0273
20
269.9267
0
VERTEX
8
CUT
10
155.9887
20
269.9456
0
VERTEX
8
CUT
10
155.9729
20
269.9515
0
VERTEX
8
CUT
10
155.9324
20
269.9700
0
VERTEX
8
CUT
10
155.7948
20
270.0175
0
VERTEX
8
CUT
10
155.7511
20
270.0337
0
VERTEX
8
CUT
10
155.7384
20
270.0370
0
VERTEX
8
CUT
10
155.7078
20
270.0476
0
VERTEX
8
CUT
10
155.5515
20
270.0854
0
VERTEX
8
CUT
10
155.5058
20
270.0973
0
VERTEX
8
CUT
10
155.4971
20
270.0986
0
VERTEX
8
CUT
10
155.4770
20
270.1035
0
VERTEX
8
CUT
10
155.2934
20
270.1298
0
VERTEX
8
CUT
10
155.2553
20
270.1357
0
VERTEX
8
CUT
10
155.2513
20
270.1359
0
VERTEX
8
CUT
10
155.2418
20
270.1372
0
VERTEX
8
CUT
10
155.0045
20
270.1485
0
VERTEX
8
CUT
10
155.0022
20
270.1485
0
VERTEX
8
CUT
10
141.7655
20
270.1485
0
VERTEX
8
CUT
10
141.6977
20
270.1485
0
VERTEX
8
CUT
10
141.4634
20
270.1375
0
VERTEX
8
CUT
10
141.2312
20
270.1046
0
VERTEX
8
CUT
10
141.0031
20
270.0501
0
VERTEX
8
CUT
10
140.7811
20
269.9744
0
VERTEX
8
CUT
10
140.5672
20
269.8783
0
VERTEX
8
CUT
10
140.3632
20
269.7625
0
VERTEX
8
CUT
10
140.1709
20
269.6282
0
VERTEX
8
CUT
10
139.9921
20
269.4764
0
VERTEX
8
CUT
10
139.8284
20
269.3085
0
VERTEX
8
CUT
10
139.2823
20
268.6936
0
VERTEX
8
CUT
10
139.1349
20
268.5109
0
VERTEX
8
CUT
10
139.0052
20
268.3153
0
VERTEX
8
CUT
10
138.2965
20
267.1284
0
VERTEX
8
CUT
10
138.1643
20
266.8750
0
VERTEX
8
CUT
10
138.0618
20
266.6081
0
VERTEX
8
CUT
10
137.5950
20
265.1482
0
VERTEX
8
CUT
10
137.5342
20
264.9730
0
VERTEX
8
CUT
10
137.5225
20
264.9420
0
VERTEX
8
CUT
10
137.3872
20
264.6292
0
VERTEX
8
CUT
10
137.2217
20
264.3314
0
VERTEX
8
CUT
10
137.2042
20
264.3033
0
VERTEX
8
CUT
10
137.1023
20
264.1483
0
VERTEX
8
CUT
10
137.0401
20
264.0585
0
VERTEX
8
CUT
10
136.9005
20
263.8323
0
VERTEX
8
CUT
10
136.7857
20
263.5926
0
VERTEX
8
CUT
10
136.6970
20
263.3420
0
VERTEX
8
CUT
10
136.5953
20
262.9976
0
VERTEX
8
CUT
10
136.5365
20
262.7540
0
VERTEX
8
CUT
10
136.5024
20
262.5057
0
VERTEX
8
CUT
10
136.4933
20
262.2552
0
VERTEX
8
CUT
10
136.5093
20
262.0051
0
VERTEX
8
CUT
10
136.5503
20
261.7578
0
VERTEX
8
CUT
10
136.6158
20
261.5159
0
VERTEX
8
CUT
10
136.7053
20
261.2817
0
VERTEX
8
CUT
10
136.8177
20
261.0577
0
VERTEX
8
CUT
10
136.9520
20
260.8461
0
VERTEX
8
CUT
10
137.1069
20
260.6490
0
VERTEX
8
CUT
10
137.2807
20
260.4683
0
VERTEX
8
CUT
10
137.4716
20
260.3060
0
VERTEX
8
CUT
10
137.4717
20
260.3060
0
VERTEX
8
CUT
10
137.6899
20
260.1032
0
VERTEX
8
CUT
10
137.8879
20
259.8806
0
VERTEX
8
CUT
10
138.0639
20
259.6403
0
VERTEX
8
CUT
10
138.2165
20
259.3844
0
VERTEX
8
CUT
10
138.3441
20
259.1153
0
VERTEX
8
CUT
10
138.4457
20
258.8352
0
VERTEX
8
CUT
10
138.5204
20
258.5468
0
VERTEX
8
CUT
10
138.5719
20
258.2244
0
VERTEX
8
CUT
10
138.5754
20
258.1929
0
VERTEX
8
CUT
10
138.5910
20
258.0159
0
VERTEX
8
CUT
10
138.6427
20
257.2056
0
VERTEX
8
CUT
10
138.6496
20
257.0419
0
VERTEX
8
CUT
10
138.6518
20
256.9307
0
VERTEX
8
CUT
10
138.6515
20
256.7669
0
VERTEX
8
CUT
10
138.5155
20
250.9953
0
VERTEX
8
CUT
10
138.5072
20
250.8188
0
VERTEX
8
CUT
10
138.4987
20
250.6991
0
VERTEX
8
CUT
10
138.4820
20
250.5232
0
VERTEX
8
CUT
10
138.2781
20
248.8006
0
VERTEX
8
CUT
10
138.2578
20
248.6571
0
VERTEX
8
CUT
10
138.1647
20
248.2717
0
VERTEX
8
CUT
10
138.1270
20
248.1155
0
VERTEX
8
CUT
10
138.1109
20
248.0490
0
VERTEX
8
CUT
10
138.0916
20
247.9690
0
VERTEX
8
CUT
10
137.7395
20
246.8347
0
VERTEX
8
CUT
10
137.7248
20
246.7949
0
VERTEX
8
CUT
10
137.6524
20
246.5658
0
VERTEX
8
CUT
10
137.6444
20
246.5281
0
VERTEX
8
CUT
10
137.4286
20
245.8328
0
VERTEX
8
CUT
10
137.3841
20
245.6984
0
VERTEX
8
CUT
10
137.3757
20
245.6745
0
VERTEX
8
CUT
10
137.2717
20
245.4114
0
VERTEX
8
CUT
10
137.2615
20
245.3881
0
VERTEX
8
CUT
10
137.2021
20
245.2597
0
VERTEX
8
CUT
10
136.0796
20
242.9468
0
VERTEX
8
CUT
10
135.9679
20
242.7343
0
VERTEX
8
CUT
10
135.8875
20
242.5925
0
VERTEX
8
CUT
10
135.7624
20
242.3875
0
VERTEX
8
CUT
10
134.4654
20
240.4077
0
VERTEX
8
CUT
10
134.3078
20
240.1853
0
VERTEX
8
CUT
10
134.1956
20
240.0385
0
VERTEX
8
CUT
10
134.0223
20
239.8281
0
VERTEX
8
CUT
10
133.4877
20
239.2251
0
VERTEX
8
CUT
10
133.3246
20
239.0525
0
VERTEX
8
CUT
10
133.2103
20
238.9389
0
VERTEX
8
CUT
10
133.0366
20
238.7770
0
VERTEX
8
CUT
10
131.8195
20
237.7121
0
VERTEX
8
CUT
10
131.6990
20
237.6111
0
VERTEX
8
CUT
10
131.6771
20
237.5935
0
VERTEX
8
CUT
10
131.4241
20
237.4071
0
VERTEX
8
CUT
10
131.4007
20
237.3914
0
VERTEX
8
CUT
10
131.2686
20
237.3063
0
VERTEX
8
CUT
10
126.0001
20
234.0683
0
VERTEX
8
CUT
10
125.9770
20
234.0539
0
VERTEX
8
CUT
10
125.9728
20
234.0513
0
VERTEX
8
CUT
10
125.8772
20
233.9880
0
VERTEX
8
CUT
10
123.1876
20
232.1169
0
VERTEX
8
CUT
10
123.0125
20
231.9833
0
VERTEX
8
CUT
10
122.8498
20
231.8347
0
VERTEX
8
CUT
10
122.3553
20
231.3415
0
VERTEX
8
CUT
10
122.3511
20
231.3378
0
VERTEX
8
CUT
10
122.2441
20
231.2306
0
VERTEX
8
CUT
10
120.9895
20
229.9792
0
VERTEX
8
CUT
10
120.8619
20
229.8420
0
VERTEX
8
CUT
10
120.7449
20
229.6957
0
VERTEX
8
CUT
10
120.0525
20
228.7594
0
VERTEX
8
CUT
10
119.8665
20
228.4676
0
VERTEX
8
CUT
10
117.9343
20
224.9160
0
VERTEX
8
CUT
10
117.8364
20
224.7152
0
VERTEX
8
CUT
10
117.7569
20
224.5065
0
VERTEX
8
CUT
10
116.8818
20
221.8614
0
VERTEX
8
CUT
10
116.8290
20
221.6790
0
VERTEX
8
CUT
10
116.7903
20
221.4932
0
VERTEX
8
CUT
10
116.4308
20
219.3687
0
VERTEX
8
CUT
10
116.4253
20
219.3345
0
VERTEX
8
CUT
10
116.4244
20
219.3289
0
VERTEX
8
CUT
10
116.4065
20
219.1861
0
VERTEX
8
CUT
10
115.6527
20
211.3717
0
VERTEX
8
CUT
10
115.6261
20
211.1599
0
VERTEX
8
CUT
10
115.6040
20
211.0165
0
VERTEX
8
CUT
10
115.5654
20
210.8064
0
VERTEX
8
CUT
10
115.1790
20
208.9941
0
VERTEX
8
CUT
10
115.1747
20
208.9804
0
VERTEX
8
CUT
10
115.1577
20
208.9256
0
VERTEX
8
CUT
10
115.1331
20
208.8462
0
VERTEX
8
CUT
10
114.9518
20
208.2620
0
VERTEX
8
CUT
10
114.5778
20
207.3024
0
VERTEX
8
CUT
10
114.5058
20
207.1304
0
VERTEX
8
CUT
10
114.4922
20
207.1000
0
VERTEX
8
CUT
10
114.3230
20
206.7678
0
VERTEX
8
CUT
10
114.3064
20
206.7389
0
VERTEX
8
CUT
10
114.2096
20
206.5796
0
VERTEX
8
CUT
10
113.8305
20
205.9888
0
VERTEX
8
CUT
10
113.7430
20
205.8585
0
VERTEX
8
CUT
10
113.7269
20
205.8356
0
VERTEX
8
CUT
10
113.5513
20
205.6066
0
VERTEX
8
CUT
10
113.3572
20
205.3932
0
VERTEX
8
CUT
10
113.3374
20
205.3732
0
VERTEX
8
CUT
10
113.2248
20
205.2639
0
VERTEX
8
CUT
10
112.7603
20
204.8320
0
VERTEX
8
CUT
10
112.6301
20
204.7164
0
VERTEX
8
CUT
10
112.6063
20
204.6963
0
VERTEX
8
CUT
10
112.3528
20
204.5010
0
VERTEX
8
CUT
10
112.1059
20
204.3451
0
VERTEX
8
CUT
10
111.8384
20
204.2090
0
VERTEX
8
CUT
10
111.5531
20
204.0958
0
VERTEX
8
CUT
10
111.2670
20
204.0119
0
VERTEX
8
CUT
10
110.9819
20
203.9563
0
VERTEX
8
CUT
10
110.6651
20
203.9243
0
VERTEX
8
CUT
10
110.6341
20
203.9227
0
VERTEX
8
CUT
10
110.4610
20
203.9173
0
VERTEX
8
CUT
10
109.5861
20
203.9102
0
VERTEX
8
CUT
10
109.3892
20
203.9138
0
VERTEX
8
CUT
10
109.3541
20
203.9154
0
VERTEX
8
CUT
10
108.9939
20
203.9504
0
VERTEX
8
CUT
10
108.6705
20
204.0167
0
VERTEX
8
CUT
10
108.3255
20
204.1261
0
VERTEX
8
CUT
10
108.2926
20
204.1385
0
VERTEX
8
CUT
10
108.1101
20
204.2126
0
VERTEX
8
CUT
10
107.8315
20
204.3344
0
VERTEX
8
CUT
10
107.6718
20
204.4088
0
VERTEX
8
CUT
10
107.6435
20
204.4227
0
VERTEX
8
CUT
10
107.3602
20
204.5798
0
VERTEX
8
CUT
10
107.0929
20
204.7627
0
VERTEX
8
CUT
10
107.0677
20
204.7817
0
VERTEX
8
CUT
10
106.9297
20
204.8913
0
VERTEX
8
CUT
10
106.6270
20
205.1432
0
VERTEX
8
CUT
10
106.4279
20
205.3213
0
VERTEX
8
CUT
10
106.2972
20
205.4469
0
VERTEX
8
CUT
10
106.1112
20
205.6388
0
VERTEX
8
CUT
10
105.1966
20
206.6524
0
VERTEX
8
CUT
10
105.1037
20
206.7594
0
VERTEX
8
CUT
10
105.0875
20
206.7788
0
VERTEX
8
CUT
10
104.9141
20
207.0029
0
VERTEX
8
CUT
10
104.8993
20
207.0235
0
VERTEX
8
CUT
10
104.8191
20
207.1403
0
VERTEX
8
CUT
10
104.3392
20
207.8682
0
VERTEX
8
CUT
10
104.2465
20
208.0161
0
VERTEX
8
CUT
10
104.1859
20
208.1180
0
VERTEX
8
CUT
10
104.1003
20
208.2700
0
VERTEX
8
CUT
10
103.6816
20
209.0553
0
VERTEX
8
CUT
10
103.5697
20
209.2834
0
VERTEX
8
CUT
10
103.4991
20
209.4406
0
VERTEX
8
CUT
10
103.4029
20
209.6758
0
VERTEX
8
CUT
10
102.5459
20
211.9922
0
VERTEX
8
CUT
10
102.4959
20
212.1363
0
VERTEX
8
CUT
10
102.4875
20
212.1623
0
VERTEX
8
CUT
10
102.4053
20
212.4560
0
VERTEX
8
CUT
10
102.3990
20
212.4826
0
VERTEX
8
CUT
10
102.3669
20
212.6317
0
VERTEX
8
CUT
10
101.4282
20
217.4708
0
VERTEX
8
CUT
10
101.4015
20
217.6261
0
VERTEX
8
CUT
10
101.3972
20
217.6541
0
VERTEX
8
CUT
10
101.3634
20
217.9675
0
VERTEX
8
CUT
10
101.3616
20
217.9956
0
VERTEX
8
CUT
10
101.3546
20
218.1531
0
VERTEX
8
CUT
10
101.2796
20
221.3554
0
VERTEX
8
CUT
10
101.2823
20
221.6102
0
VERTEX
8
CUT
10
101.2900
20
221.7829
0
VERTEX
8
CUT
10
101.3100
20
222.0370
0
VERTEX
8
CUT
10
101.7432
20
225.8701
0
VERTEX
8
CUT
10
101.7707
20
226.0668
0
VERTEX
8
CUT
10
101.7930
20
226.1998
0
VERTEX
8
CUT
10
101.8309
20
226.3948
0
VERTEX
8
CUT
10
102.6678
20
230.1644
0
VERTEX
8
CUT
10
102.7094
20
230.4081
0
VERTEX
8
CUT
10
102.7267
20
230.6548
0
VERTEX
8
CUT
10
102.7195
20
230.9020
0
VERTEX
8
CUT
10
102.6880
20
231.1473
0
VERTEX
8
CUT
10
102.6323
20
231.3883
0
VERTEX
8
CUT
10
102.5532
20
231.6226
0
VERTEX
8
CUT
10
102.4513
20
231.8479
0
VERTEX
8
CUT
10
102.3276
20
232.0621
0
VERTEX
8
CUT
10
102.1834
20
232.2629
0
VERTEX
8
CUT
10
102.0200
20
232.4486
0
VERTEX
8
CUT
10
101.8391
20
232.6172
0
VERTEX
8
CUT
10
101.6424
20
232.7671
0
VERTEX
8
CUT
10
101.1518
20
233.1039
0
VERTEX
8
CUT
10
101.0106
20
233.2058
0
VERTEX
8
CUT
10
100.9858
20
233.2246
0
VERTEX
8
CUT
10
100.7400
20
233.4294
0
VERTEX
8
CUT
10
100.5339
20
233.6363
0
VERTEX
8
CUT
10
100.3301
20
233.8830
0
VERTEX
8
CUT
10
100.3114
20
233.9079
0
VERTEX
8
CUT
10
100.2101
20
234.0495
0
VERTEX
8
CUT
10
99.8223
20
234.6193
0
VERTEX
8
CUT
10
99.7349
20
234.7539
0
VERTEX
8
CUT
10
99.7197
20
234.7783
0
VERTEX
8
CUT
10
99.5626
20
235.0579
0
VERTEX
8
CUT
10
99.5496
20
235.0835
0
VERTEX
8
CUT
10
99.4801
20
235.2281
0
VERTEX
8
CUT
10
99.0234
20
236.2333
0
VERTEX
8
CUT
10
98.9522
20
236.4007
0
VERTEX
8
CUT
10
98.9402
20
236.4309
0
VERTEX
8
CUT
10
98.8226
20
236.7750
0
VERTEX
8
CUT
10
98.8135
20
236.8062
0
VERTEX
8
CUT
10
98.7674
20
236.9822
0
VERTEX
8
CUT
10
98.4913
20
238.1485
0
VERTEX
8
CUT
10
98.4377
20
238.4188
0
VERTEX
8
CUT
10
98.4081
20
238.6035
0
VERTEX
8
CUT
10
98.3746
20
238.8770
0
VERTEX
8
CUT
10
97.7577
20
246.0862
0
VERTEX
8
CUT
10
97.7292
20
246.3047
0
VERTEX
8
CUT
10
97.6816
20
246.5199
0
VERTEX
8
CUT
10
97.2457
20
248.1473
0
VERTEX
8
CUT
10
97.1789
20
248.3588
0
VERTEX
8
CUT
10
97.0935
20
248.5636
0
VERTEX
8
CUT
10
96.4775
20
249.8748
0
VERTEX
8
CUT
10
96.3535
20
250.1061
0
VERTEX
8
CUT
10
96.2060
20
250.3233
0
VERTEX
8
CUT
10
94.9171
20
252.0210
0
VERTEX
8
CUT
10
94.7705
20
252.1969
0
VERTEX
8
CUT
10
94.6083
20
252.3586
0
VERTEX
8
CUT
10
94.4321
20
252.5048
0
VERTEX
8
CUT
10
93.6452
20
253.0987
0
VERTEX
8
CUT
10
93.4013
20
253.2613
0
VERTEX
8
CUT
10
93.1400
20
253.3942
0
VERTEX
8
CUT
10
92.2496
20
253.7833
0
VERTEX
8
CUT
10
92.0543
20
253.8590
0
VERTEX
8
CUT
10
91.8534
20
253.9181
0
VERTEX
8
CUT
10
91.6483
20
253.9603
0
VERTEX
8
CUT
10
90.7364
20
254.1079
0
VERTEX
8
CUT
10
90.5282
20
254.1328
0
VERTEX
8
CUT
10
90.3187
20
254.1400
0
VERTEX
8
CUT
10
90.1093
20
254.1297
0
VERTEX
8
CUT
10
89.1666
20
254.0436
0
VERTEX
8
CUT
10
88.9162
20
254.0079
0
VERTEX
8
CUT
10
88.6707
20
253.9471
0
VERTEX
8
CUT
10
87.6485
20
253.6382
0
VERTEX
8
CUT
10
87.3946
20
253.5462
0
VERTEX
8
CUT
10
87.1520
20
253.4274
0
VERTEX
8
CUT
10
86.1409
20
252.8622
0
VERTEX
8
CUT
10
85.9108
20
252.7167
0
VERTEX
8
CUT
10
85.6979
20
252.5469
0
VERTEX
8
CUT
10
84.6832
20
251.6432
0
VERTEX
8
CUT
10
84.4960
20
251.4579
0
VERTEX
8
CUT
10
84.3293
20
251.2540
0
VERTEX
8
CUT
10
83.2771
20
249.8181
0
VERTEX
8
CUT
10
83.1272
20
249.5881
0
VERTEX
8
CUT
10
83.0035
20
249.3431
0
VERTEX
8
CUT
10
82.2031
20
247.5153
0
VERTEX
8
CUT
10
82.1129
20
247.2767
0
VERTEX
8
CUT
10
82.0474
20
247.0302
0
VERTEX
8
CUT
10
81.5712
20
244.7805
0
VERTEX
8
CUT
10
81.5220
20
244.4204
0
VERTEX
8
CUT
10
81.3428
20
241.5830
0
VERTEX
8
CUT
10
81.3421
20
241.2782
0
VERTEX
8
CUT
10
81.5872
20
237.1249
0
VERTEX
8
CUT
10
81.6256
20
236.8119
0
VERTEX
8
CUT
10
81.9734
20
234.9547
0
VERTEX
8
CUT
10
82.0442
20
234.6702
0
VERTEX
8
CUT
10
82.6591
20
232.7000
0
VERTEX
8
CUT
10
82.8128
20
232.1135
0
VERTEX
8
CUT
10
82.8784
20
231.9060
0
VERTEX
8
CUT
10
82.9241
20
231.6889
0
VERTEX
8
CUT
10
82.9251
20
231.6853
0
VERTEX
8
CUT
10
82.9864
20
231.4857
0
VERTEX
8
CUT
10
82.9867
20
231.4849
0
VERTEX
8
CUT
10
83.0807
20
231.2557
0
VERTEX
8
CUT
10
83.1243
20
231.1737
0
VERTEX
8
CUT
10
83.1420
20
231.0825
0
VERTEX
8
CUT
10
83.2129
20
230.8451
0
VERTEX
8
CUT
10
83.4256
20
230.2436
0
VERTEX
8
CUT
10
83.5020
20
229.9988
0
VERTEX
8
CUT
10
83.5845
20
229.7733
0
VERTEX
8
CUT
10
86.3111
20
223.2980
0
VERTEX
8
CUT
10
86.3434
20
223.2247
0
VERTEX
8
CUT
10
89.6059
20
216.1217
0
VERTEX
8
CUT
10
89.6504
20
215.9600
0
VERTEX
8
CUT
10
89.7383
20
215.7311
0
VERTEX
8
CUT
10
90.7814
20
213.3676
0
VERTEX
8
CUT
10
91.5381
20
211.4001
0
VERTEX
8
CUT
10
92.9375
20
207.2794
0
VERTEX
8
CUT
10
93.3076
20
206.0011
0
VERTEX
8
CUT
10
93.3369
20
205.8941
0
VERTEX
8
CUT
10
93.3558
20
205.8211
0
VERTEX
8
CUT
10
93.3819
20
205.7132
0
VERTEX
8
CUT
10
94.1382
20
202.3727
0
VERTEX
8
CUT
10
94.1806
20
202.1564
0
VERTEX
8
CUT
10
94.2050
20
202.0088
0
VERTEX
8
CUT
10
94.2345
20
201.7904
0
VERTEX
8
CUT
10
94.5604
20
198.7021
0
VERTEX
8
CUT
10
94.5759
20
198.5054
0
VERTEX
8
CUT
10
94.5829
20
198.3715
0
VERTEX
8
CUT
10
94.5881
20
198.1742
0
VERTEX
8
CUT
10
94.5876
20
195.5046
0
VERTEX
8
CUT
10
94.5990
20
195.2667
0
VERTEX
8
CUT
10
94.6329
20
195.0309
0
VERTEX
8
CUT
10
94.6890
20
194.7994
0
VERTEX
8
CUT
10
94.7670
20
194.5744
0
VERTEX
8
CUT
10
94.8660
20
194.3577
0
VERTEX
8
CUT
10
94.9852
20
194.1515
0
VERTEX
8
CUT
10
95.1235
20
193.9575
0
VERTEX
8
CUT
10
95.2797
20
193.7776
0
VERTEX
8
CUT
10
95.4522
20
193.6134
0
VERTEX
8
CUT
10
95.6396
20
193.4663
0
VERTEX
8
CUT
10
95.8401
20
193.3377
0
VERTEX
8
CUT
10
96.0520
20
193.2288
0
VERTEX
8
CUT
10
96.2732
20
193.1406
0
VERTEX
8
CUT
10
96.5019
20
193.0738
0
VERTEX
8
CUT
10
96.7359
20
193.0291
0
VERTEX
8
CUT
10
96.8309
20
193.0156
0
VERTEX
8
CUT
10
97.1296
20
192.9428
0
VERTEX
8
CUT
10
97.4198
20
192.8412
0
VERTEX
8
CUT
10
97.6987
20
192.7117
0
VERTEX
8
CUT
10
97.9637
20
192.5556
0
VERTEX
8
CUT
10
98.2121
20
192.3744
0
VERTEX
8
CUT
10
98.4416
20
192.1698
0
VERTEX
8
CUT
10
98.6500
20
191.9438
0
VERTEX
8
CUT
10
98.8354
20
191.6984
0
VERTEX
8
CUT
10
98.9959
20
191.4362
0
VERTEX
8
CUT
10
99.1301
20
191.1595
0
VERTEX
8
CUT
10
99.2366
20
190.8710
0
VERTEX
8
CUT
10
99.3144
20
190.5736
0
VERTEX
8
CUT
10
99.3628
20
190.2699
0
VERTEX
8
CUT
10
99.3831
20
189.9335
0
VERTEX
8
CUT
10
99.3834
20
189.9007
0
VERTEX
8
CUT
10
99.3810
20
189.7174
0
VERTEX
8
CUT
10
99.3487
20
188.8601
0
VERTEX
8
CUT
10
99.3366
20
188.6684
0
VERTEX
8
CUT
10
99.3336
20
188.6342
0
VERTEX
8
CUT
10
99.2843
20
188.2846
0
VERTEX
8
CUT
10
99.2069
20
187.9719
0
VERTEX
8
CUT
10
99.0980
20
187.6688
0
VERTEX
8
CUT
10
98.9586
20
187.3784
0
VERTEX
8
CUT
10
98.7902
20
187.1039
0
VERTEX
8
CUT
10
98.5947
20
186.8479
0
VERTEX
8
CUT
10
98.3739
20
186.6134
0
VERTEX
8
CUT
10
98.1304
20
186.4026
0
VERTEX
8
CUT
10
97.8669
20
186.2181
0
VERTEX
8
CUT
10
97.6667
20
186.0622
0
VERTEX
8
CUT
10
97.4834
20
185.8869
0
VERTEX
8
CUT
10
97.3187
20
185.6938
0
VERTEX
8
CUT
10
97.1745
20
185.4851
0
VERTEX
8
CUT
10
97.0522
20
185.2628
0
VERTEX
8
CUT
10
96.9530
20
185.0293
0
VERTEX
8
CUT
10
96.8781
20
184.7869
0
VERTEX
8
CUT
10
96.8280
20
184.5382
0
VERTEX
8
CUT
10
96.8035
20
184.2856
0
VERTEX
8
CUT
10
96.8046
20
184.0319
0
VERTEX
8
CUT
10
96.9787
20
180.8908
0
VERTEX
8
CUT
10
96.9834
20
180.7695
0
VERTEX
8
CUT
10
96.9853
20
180.6870
0
VERTEX
8
CUT
10
96.9861
20
180.5655
0
VERTEX
8
CUT
10
96.9308
20
174.6974
0
VERTEX
8
CUT
10
96.9269
20
174.5591
0
VERTEX
8
CUT
10
96.9226
20
174.4651
0
VERTEX
8
CUT
10
96.9136
20
174.3271
0
VERTEX
8
CUT
10
96.7527
20
172.3981
0
VERTEX
8
CUT
10
96.7326
20
172.2134
0
VERTEX
8
CUT
10
96.7283
20
172.1805
0
VERTEX
8
CUT
10
96.6663
20
171.8447
0
VERTEX
8
CUT
10
96.5798
20
171.5455
0
VERTEX
8
CUT
10
96.4642
20
171.2563
0
VERTEX
8
CUT
10
96.3204
20
170.9799
0
VERTEX
8
CUT
10
96.1501
20
170.7191
0
VERTEX
8
CUT
10
95.9547
20
170.4765
0
VERTEX
8
CUT
10
95.7364
20
170.2544
0
VERTEX
8
CUT
10
95.4971
20
170.0549
0
VERTEX
8
CUT
10
95.2392
20
169.8802
0
VERTEX
8
CUT
10
94.9654
20
169.7318
0
VERTEX
8
CUT
10
94.6782
20
169.6112
0
VERTEX
8
CUT
10
94.3805
20
169.5196
0
VERTEX
8
CUT
10
94.0751
20
169.4579
0
VERTEX
8
CUT
10
93.7652
20
169.4267
0
VERTEX
8
CUT
10
93.4537
20
169.4264
0
VERTEX
8
CUT
10
93.1232
20
169.4588
0
VERTEX
8
CUT
10
92.9229
20
169.4887
0
VERTEX
8
CUT
10
92.6789
20
169.5010
0
VERTEX
8
CUT
10
92.4348
20
169.4895
0
VERTEX
8
CUT
10
92.1931
20
169.4541
0
VERTEX
8
CUT
10
91.9559
20
169.3954
0
VERTEX
8
CUT
10
91.7257
20
169.3137
0
VERTEX
8
CUT
10
91.5045
20
169.2100
0
VERTEX
8
CUT
10
91.4061
20
169.1516
0
VERTEX
8
CUT
10
91.0760
20
168.9780
0
VERTEX
8
CUT
10
90.7859
20
168.8605
0
VERTEX
8
CUT
10
90.4855
20
168.7725
0
VERTEX
8
CUT
10
90.1779
20
168.7148
0
VERTEX
8
CUT
10
89.8661
20
168.6880
0
VERTEX
8
CUT
10
89.5532
20
168.6922
0
VERTEX
8
CUT
10
89.2422
20
168.7276
0
VERTEX
8
CUT
10
88.9363
20
168.7937
0
VERTEX
8
CUT
10
88.6385
20
168.8899
0
VERTEX
8
CUT
10
88.3517
20
169.0152
0
VERTEX
8
CUT
10
88.0788
20
169.1684
0
VERTEX
8
CUT
10
87.8225
20
169.3479
0
VERTEX
8
CUT
10
87.5852
20
169.5521
0
VERTEX
8
CUT
10
87.3695
20
169.7788
0
VERTEX
8
CUT
10
87.1774
20
170.0258
0
VERTEX
8
CUT
10
87.0107
20
170.2908
0
VERTEX
8
CUT
10
86.8713
20
170.5709
0
VERTEX
8
CUT
10
86.7497
20
170.8917
0
VERTEX
8
CUT
10
86.7394
20
170.9234
0
VERTEX
8
CUT
10
86.6864
20
171.1024
0
VERTEX
8
CUT
10
86.6550
20
171.2193
0
VERTEX
8
CUT
10
86.6125
20
171.3939
0
VERTEX
8
CUT
10
86.5865
20
171.5131
0
VERTEX
8
CUT
10
86.5524
20
171.6896
0
VERTEX
8
CUT
10
86.5248
20
171.8533
0
VERTEX
8
CUT
10
86.4732
20
172.0893
0
VERTEX
8
CUT
10
86.3991
20
172.3192
0
VERTEX
8
CUT
10
86.3031
20
172.5409
0
VERTEX
8
CUT
10
86.1862
20
172.7523
0
VERTEX
8
CUT
10
86.0494
20
172.9514
0
VERTEX
8
CUT
10
85.8941
20
173.1363
0
VERTEX
8
CUT
10
85.7216
20
173.3055
0
VERTEX
8
CUT
10
85.5336
20
173.4571
0
VERTEX
8
CUT
10
85.3318
20
173.5900
0
VERTEX
8
CUT
10
85.1182
20
173.7027
0
VERTEX
8
CUT
10
84.8947
20
173.7943
0
VERTEX
8
CUT
10
84.6634
20
173.8639
0
VERTEX
8
CUT
10
84.4264
20
173.9109
0
VERTEX
8
CUT
10
84.1861
20
173.9347
0
VERTEX
8
CUT
10
83.9445
20
173.9353
0
VERTEX
8
CUT
10
83.7040
20
173.9125
0
VERTEX
8
CUT
10
83.2981
20
173.8542
0
VERTEX
8
CUT
10
82.9730
20
173.8415
0
VERTEX
8
CUT
10
82.6648
20
173.8613
0
VERTEX
8
CUT
10
82.4207
20
173.8651
0
VERTEX
8
CUT
10
82.1775
20
173.8451
0
VERTEX
8
CUT
10
81.9373
20
173.8014
0
VERTEX
8
CUT
10
81.7026
20
173.7345
0
VERTEX
8
CUT
10
81.4755
20
173.6451
0
VERTEX
8
CUT
10
81.1604
20
173.5029
0
VERTEX
8
CUT
10
80.8764
20
173.4063
0
VERTEX
8
CUT
10
80.5830
20
173.3371
0
VERTEX
8
CUT
10
80.2843
20
173.2963
0
VERTEX
8
CUT
10
79.9831
20
173.2843
0
VERTEX
8
CUT
10
79.6822
20
173.3012
0
VERTEX
8
CUT
10
79.3842
20
173.3468
0
VERTEX
8
CUT
10
79.0920
20
173.4207
0
VERTEX
8
CUT
10
78.7867
20
173.5300
0
VERTEX
8
CUT
10
78.6005
20
173.6066
0
VERTEX
8
CUT
10
78.3652
20
173.6773
0
VERTEX
8
CUT
10
78.1241
20
173.7246
0
VERTEX
8
CUT
10
77.8796
20
173.7480
0
VERTEX
8
CUT
10
77.6339
20
173.7473
0
VERTEX
8
CUT
10
77.3894
20
173.7225
0
VERTEX
8
CUT
10
77.1486
20
173.6738
0
VERTEX
8
CUT
10
76.9138
20
173.6017
0
VERTEX
8
CUT
10
76.6871
20
173.5069
0
VERTEX
8
CUT
10
76.4708
20
173.3903
0
VERTEX
8
CUT
10
76.2671
20
173.2531
0
VERTEX
8
CUT
10
76.0778
20
173.0965
0
VERTEX
8
CUT
10
75.9047
20
172.9221
0
VERTEX
8
CUT
10
75.7496
20
172.7315
0
VERTEX
8
CUT
10
75.6140
20
172.5266
0
VERTEX
8
CUT
10
75.4992
20
172.3094
0
VERTEX
8
CUT
10
75.4062
20
172.0820
0
VERTEX
8
CUT
10
75.3360
20
171.8466
0
VERTEX
8
CUT
10
75.2892
20
171.6054
0
VERTEX
8
CUT
10
75.2663
20
171.3608
0
VERTEX
8
CUT
10
75.2676
20
171.1151
0
VERTEX
8
CUT
10
75.4309
20
168.1103
0
VERTEX
8
CUT
10
75.4357
20
167.8376
0
VERTEX
8
CUT
10
75.4337
20
167.7275
0
VERTEX
8
CUT
10
75.4411
20
167.4836
0
VERTEX
8
CUT
10
75.4723
20
167.2416
0
VERTEX
8
CUT
10
75.5269
20
167.0037
0
VERTEX
8
CUT
10
75.6044
20
166.7724
0
VERTEX
8
CUT
10
75.7041
20
166.5496
0
VERTEX
8
CUT
10
75.8250
20
166.3377
0
VERTEX
8
CUT
10
75.9661
20
166.1386
0
VERTEX
8
CUT
10
76.1258
20
165.9541
0
VERTEX
8
CUT
10
76.3028
20
165.7862
0
VERTEX
8
CUT
10
76.4954
20
165.6362
0
VERTEX
8
CUT
10
76.7016
20
165.5058
0
VERTEX
8
CUT
10
76.9196
20
165.3961
0
VERTEX
8
CUT
10
77.1472
20
165.3081
0
VERTEX
8
CUT
10
77.3823
20
165.2428
0
VERTEX
8
CUT
10
77.6227
20
165.2007
0
VERTEX
8
CUT
10
77.8660
20
165.1822
0
VERTEX
8
CUT
10
78.1099
20
165.1876
0
VERTEX
8
CUT
10
78.3522
20
165.2167
0
VERTEX
8
CUT
10
78.5905
20
165.2693
0
VERTEX
8
CUT
10
78.8225
20
165.3448
0
VERTEX
8
CUT
10
79.0025
20
165.4133
0
VERTEX
8
CUT
10
79.3047
20
165.4950
0
VERTEX
8
CUT
10
79.6134
20
165.5463
0
VERTEX
8
CUT
10
79.9258
20
165.5666
0
VERTEX
8
CUT
10
80.2386
20
165.5558
0
VERTEX
8
CUT
10
80.5487
20
165.5139
0
VERTEX
8
CUT
10
80.8532
20
165.4414
0
VERTEX
8
CUT
10
81.1490
20
165.3390
0
VERTEX
8
CUT
10
81.4331
20
165.2077
0
VERTEX
8
CUT
10
81.7027
20
165.0488
0
VERTEX
8
CUT
10
81.9553
20
164.8639
0
VERTEX
8
CUT
10
82.1881
20
164.6548
0
VERTEX
8
CUT
10
82.3991
20
164.4236
0
VERTEX
8
CUT
10
82.5860
20
164.1725
0
VERTEX
8
CUT
10
82.7470
20
163.9041
0
VERTEX
8
CUT
10
82.8806
20
163.6211
0
VERTEX
8
CUT
10
82.9854
20
163.3261
0
VERTEX
8
CUT
10
83.0603
20
163.0223
0
VERTEX
8
CUT
10
83.1089
20
162.6826
0
VERTEX
8
CUT
10
83.1120
20
162.6494
0
VERTEX
8
CUT
10
83.1246
20
162.4632
0
VERTEX
8
CUT
10
83.1420
20
162.0544
0
VERTEX
8
CUT
10
83.1444
20
161.9809
0
VERTEX
8
CUT
10
83.1455
20
161.9309
0
VERTEX
8
CUT
10
83.1465
20
161.8574
0
VERTEX
8
CUT
10
83.1719
20
154.2897
0
VERTEX
8
CUT
10
83.1679
20
154.1031
0
VERTEX
8
CUT
10
83.1664
20
154.0698
0
VERTEX
8
CUT
10
83.1334
20
153.7284
0
VERTEX
8
CUT
10
83.0726
20
153.4215
0
VERTEX
8
CUT
10
82.9649
20
153.0675
0
VERTEX
8
CUT
10
82.9045
20
152.8265
0
VERTEX
8
CUT
10
82.8683
20
152.5807
0
VERTEX
8
CUT
10
82.8567
20
152.3326
0
VERTEX
8
CUT
10
82.8698
20
152.0844
0
VERTEX
8
CUT
10
82.9074
20
151.8389
0
VERTEX
8
CUT
10
82.9693
20
151.5982
0
VERTEX
8
CUT
10
83.0804
20
151.2406
0
VERTEX
8
CUT
10
83.1430
20
150.9348
0
VERTEX
8
CUT
10
83.1781
20
150.5945
0
VERTEX
8
CUT
10
83.1798
20
150.5613
0
VERTEX
8
CUT
10
83.1851
20
150.3752
0
VERTEX
8
CUT
10
83.2039
20
144.7529
0
VERTEX
8
CUT
10
83.2018
20
144.6121
0
VERTEX
8
CUT
10
83.1985
20
144.5164
0
VERTEX
8
CUT
10
83.1910
20
144.3758
0
VERTEX
8
CUT
10
83.0457
20
142.3537
0
VERTEX
8
CUT
10
83.0248
20
142.1449
0
VERTEX
8
CUT
10
83.0066
20
142.0036
0
VERTEX
8
CUT
10
82.9741
20
141.7964
0
VERTEX
8
CUT
10
81.9599
20
136.3368
0
VERTEX
8
CUT
10
81.9537
20
136.3017
0
VERTEX
8
CUT
10
81.9526
20
136.2953
0
VERTEX
8
CUT
10
81.9318
20
136.1469
0
VERTEX
8
CUT
10
81.6348
20
133.4450
0
VERTEX
8
CUT
10
81.6312
20
133.4102
0
VERTEX
8
CUT
10
81.6306
20
133.4043
0
VERTEX
8
CUT
10
81.6210
20
133.2592
0
VERTEX
8
CUT
10
81.6124
20
133.0305
0
VERTEX
8
CUT
10
81.5276
20
132.4597
0
VERTEX
8
CUT
10
81.5017
20
132.1729
0
VERTEX
8
CUT
10
81.4275
20
129.8800
0
VERTEX
8
CUT
10
81.4379
20
129.5567
0
VERTEX
8
CUT
10
81.6073
20
127.8184
0
VERTEX
8
CUT
10
81.7734
20
123.7322
0
VERTEX
8
CUT
10
81.7764
20
123.5532
0
VERTEX
8
CUT
10
81.7762
20
123.5212
0
VERTEX
8
CUT
10
81.7581
20
123.1921
0
VERTEX
8
CUT
10
81.7087
20
122.8663
0
VERTEX
8
CUT
10
81.7024
20
122.8349
0
VERTEX
8
CUT
10
81.6628
20
122.6600
0
VERTEX
8
CUT
10
81.6496
20
122.6073
0
VERTEX
8
CUT
10
81.5983
20
122.4231
0
VERTEX
8
CUT
10
81.5883
20
122.3904
0
VERTEX
8
CUT
10
81.4683
20
122.0600
0
VERTEX
8
CUT
10
81.3288
20
121.7713
0
VERTEX
8
CUT
10
81.1444
20
121.4721
0
VERTEX
8
CUT
10
81.1250
20
121.4440
0
VERTEX
8
CUT
10
81.0126
20
121.2893
0
VERTEX
8
CUT
10
80.9540
20
121.2130
0
VERTEX
8
CUT
10
80.8372
20
121.0683
0
VERTEX
8
CUT
10
80.8157
20
121.0429
0
VERTEX
8
CUT
10
80.5819
20
120.7937
0
VERTEX
8
CUT
10
80.3472
20
120.5886
0
VERTEX
8
CUT
10
80.0933
20
120.4077
0
VERTEX
8
CUT
10
79.8227
20
120.2529
0
VERTEX
8
CUT
10
79.5381
20
120.1255
0
VERTEX
8
CUT
10
79.2424
20
120.0271
0
VERTEX
8
CUT
10
78.9383
20
119.9583
0
VERTEX
8
CUT
10
78.5991
20
119.9164
0
VERTEX
8
CUT
10
78.5660
20
119.9139
0
VERTEX
8
CUT
10
78.3803
20
119.9049
0
VERTEX
8
CUT
10
78.1675
20
119.8998
0
VERTEX
8
CUT
10
77.9940
20
119.8996
0
VERTEX
8
CUT
10
77.9629
20
119.9003
0
VERTEX
8
CUT
10
77.6446
20
119.9222
0
VERTEX
8
CUT
10
77.3573
20
119.9689
0
VERTEX
8
CUT
10
77.0686
20
120.0438
0
VERTEX
8
CUT
10
76.8057
20
120.1377
0
VERTEX
8
CUT
10
76.5510
20
120.2544
0
VERTEX
8
CUT
10
76.3556
20
120.3651
0
VERTEX
8
CUT
10
76.1357
20
120.4757
0
VERTEX
8
CUT
10
75.9060
20
120.5642
0
VERTEX
8
CUT
10
75.6686
20
120.6297
0
VERTEX
8
CUT
10
75.4260
20
120.6715
0
VERTEX
8
CUT
10
75.1805
20
120.6893
0
VERTEX
8
CUT
10
74.9344
20
120.6828
0
VERTEX
8
CUT
10
74.6901
20
120.6521
0
VERTEX
8
CUT
10
74.4500
20
120.5976
0
VERTEX
8
CUT
10
74.2165
20
120.5197
0
VERTEX
8
CUT
10
73.9917
20
120.4192
0
VERTEX
8
CUT
10
73.7779
20
120.2971
0
VERTEX
8
CUT
10
73.5772
20
120.1545
0
VERTEX
8
CUT
10
73.3915
20
119.9930
0
VERTEX
8
CUT
10
73.2225
20
119.8139
0
VERTEX
8
CUT
10
73.0720
20
119.6191
0
VERTEX
8
CUT
10
72.9414
20
119.4104
0
VERTEX
8
CUT
10
72.8319
20
119.1899
0
VERTEX
8
CUT
10
72.7447
20
118.9596
0
VERTEX
8
CUT
10
72.6805
20
118.7220
0
VERTEX
8
CUT
10
72.6400
20
118.4791
0
VERTEX
8
CUT
10
72.6236
20
118.2335
0
VERTEX
8
CUT
10
72.6315
20
117.9874
0
VERTEX
8
CUT
10
72.6635
20
117.7433
0
VERTEX
8
CUT
10
72.7193
20
117.5035
0
VERTEX
8
CUT
10
72.7985
20
117.2704
0
VERTEX
8
CUT
10
72.9002
20
117.0462
0
VERTEX
8
CUT
10
73.0235
20
116.8331
0
VERTEX
8
CUT
10
73.1671
20
116.6332
0
VERTEX
8
CUT
10
73.3297
20
116.4483
0
VERTEX
8
CUT
10
74.3869
20
115.3596
0
VERTEX
8
CUT
10
74.7360
20
114.9743
0
VERTEX
8
CUT
10
74.9937
20
114.7277
0
VERTEX
8
CUT
10
77.2598
20
112.8504
0
VERTEX
8
CUT
10
77.5374
20
112.6507
0
VERTEX
8
CUT
10
78.7822
20
111.8790
0
VERTEX
8
CUT
10
79.4121
20
111.4616
0
VERTEX
8
CUT
10
79.4597
20
111.4309
0
VERTEX
8
CUT
10
79.4663
20
111.4266
0
VERTEX
8
CUT
10
79.4704
20
111.4241
0
VERTEX
8
CUT
10
79.5622
20
111.3664
0
VERTEX
8
CUT
10
79.6235
20
111.3269
0
VERTEX
8
CUT
10
79.8825
20
111.1424
0
VERTEX
8
CUT
10
80.1189
20
110.9373
0
VERTEX
8
CUT
10
80.3320
20
110.7119
0
VERTEX
8
CUT
10
80.5218
20
110.4667
0
VERTEX
8
CUT
10
80.6866
20
110.2040
0
VERTEX
8
CUT
10
80.8247
20
109.9263
0
VERTEX
8
CUT
10
80.9348
20
109.6364
0
VERTEX
8
CUT
10
81.0158
20
109.3370
0
VERTEX
8
CUT
10
81.0669
20
109.0311
0
VERTEX
8
CUT
10
81.0876
20
108.7217
0
VERTEX
8
CUT
10
81.0777
20
108.4117
0
VERTEX
8
CUT
10
81.0374
20
108.1042
0
VERTEX
8
CUT
10
80.9670
20
107.8022
0
VERTEX
8
CUT
10
80.8671
20
107.5086
0
VERTEX
8
CUT
10
80.7389
20
107.2263
0
VERTEX
8
CUT
10
80.5834
20
106.9579
0
VERTEX
8
CUT
10
80.4023
20
106.7062
0
VERTEX
8
CUT
10
80.1972
20
106.4735
0
VERTEX
8
CUT
10
79.9703
20
106.2622
0
VERTEX
8
CUT
10
79.7236
20
106.0742
0
VERTEX
8
CUT
10
79.4596
20
105.9115
0
VERTEX
8
CUT
10
79.1808
20
105.7755
0
VERTEX
8
CUT
10
78.8901
20
105.6677
0
VERTEX
8
CUT
10
78.5901
20
105.5890
0
VERTEX
8
CUT
10
78.2544
20
105.5356
0
VERTEX
8
CUT
10
78.2215
20
105.5321
0
VERTEX
8
CUT
10
78.0372
20
105.5166
0
VERTEX
8
CUT
10
75.8195
20
105.3853
0
VERTEX
8
CUT
10
75.5891
20
105.3787
0
VERTEX
8
CUT
10
75.4326
20
105.3791
0
VERTEX
8
CUT
10
75.2022
20
105.3867
0
VERTEX
8
CUT
10
73.9281
20
105.4682
0
VERTEX
8
CUT
10
73.7552
20
105.4832
0
VERTEX
8
CUT
10
73.7243
20
105.4866
0
VERTEX
8
CUT
10
73.3815
20
105.5407
0
VERTEX
8
CUT
10
73.3511
20
105.5470
0
VERTEX
8
CUT
10
73.1819
20
105.5858
0
VERTEX
8
CUT
10
70.3694
20
106.3011
0
VERTEX
8
CUT
10
70.1519
20
106.3634
0
VERTEX
8
CUT
10
70.0055
20
106.4102
0
VERTEX
8
CUT
10
69.7921
20
106.4856
0
VERTEX
8
CUT
10
67.6395
20
107.3199
0
VERTEX
8
CUT
10
67.2715
20
107.4877
0
VERTEX
8
CUT
10
67.1993
20
107.5206
0
VERTEX
8
CUT
10
66.9823
20
107.6196
0
VERTEX
8
CUT
10
66.1272
20
108.0096
0
VERTEX
8
CUT
10
64.0949
20
109.1287
0
VERTEX
8
CUT
10
63.8767
20
109.2586
0
VERTEX
8
CUT
10
63.7317
20
109.3518
0
VERTEX
8
CUT
10
63.5228
20
109.4962
0
VERTEX
8
CUT
10
60.6021
20
111.6653
0
VERTEX
8
CUT
10
60.4022
20
111.7994
0
VERTEX
8
CUT
10
60.1903
20
111.9136
0
VERTEX
8
CUT
10
59.9684
20
112.0069
0
VERTEX
8
CUT
10
59.7386
20
112.0784
0
VERTEX
8
CUT
10
59.5029
20
112.1275
0
VERTEX
8
CUT
10
59.2636
20
112.1537
0
VERTEX
8
CUT
10
59.0229
20
112.1567
0
VERTEX
8
CUT
10
58.7830
20
112.1366
0
VERTEX
8
CUT
10
58.5462
20
112.0935
0
VERTEX
8
CUT
10
58.2241
20
112.0188
0
VERTEX
8
CUT
10
57.9106
20
111.9786
0
VERTEX
8
CUT
10
57.5946
20
111.9700
0
VERTEX
8
CUT
10
57.2794
20
111.9933
0
VERTEX
8
CUT
10
56.9680
20
112.0480
0
VERTEX
8
CUT
10
56.6638
20
112.1338
0
VERTEX
8
CUT
10
56.3697
20
112.2496
0
VERTEX
8
CUT
10
56.0888
20
112.3944
0
VERTEX
8
CUT
10
55.8237
20
112.5667
0
VERTEX
8
CUT
10
55.5537
20
112.7837
0
VERTEX
8
CUT
10
55.5520
20
112.7852
0
VERTEX
8
CUT
10
55.5520
20
112.7851
0
VERTEX
8
CUT
10
55.4152
20
112.9070
0
VERTEX
8
CUT
10
55.2148
20
113.0528
0
VERTEX
8
CUT
10
55.0010
20
113.1780
0
VERTEX
8
CUT
10
54.7758
20
113.2814
0
VERTEX
8
CUT
10
54.5415
20
113.3620
0
VERTEX
8
CUT
10
54.3003
20
113.4190
0
VERTEX
8
CUT
10
54.0547
20
113.4518
0
VERTEX
8
CUT
10
53.8070
20
113.4602
0
VERTEX
8
CUT
10
53.7476
20
113.4563
0
VERTEX
8
CUT
10
53.7991
20
113.6120
0
VERTEX
8
CUT
10
53.8533
20
113.8532
0
VERTEX
8
CUT
10
53.8834
20
114.0987
0
VERTEX
8
CUT
10
53.8890
20
114.3459
0
VERTEX
8
CUT
10
53.8703
20
114.5924
0
VERTEX
8
CUT
10
53.8272
20
114.8359
0
VERTEX
8
CUT
10
53.7604
20
115.0740
0
VERTEX
8
CUT
10
53.6703
20
115.3043
0
VERTEX
8
CUT
10
53.5579
20
115.5246
0
VERTEX
8
CUT
10
53.5409
20
115.5541
0
VERTEX
8
CUT
10
53.4153
20
115.8324
0
VERTEX
8
CUT
10
53.3591
20
115.9982
0
VERTEX
8
CUT
10
53.2733
20
116.2167
0
VERTEX
8
CUT
10
53.1674
20
116.4262
0
VERTEX
8
CUT
10
53.0424
20
116.6249
0
VERTEX
8
CUT
10
52.8993
20
116.8110
0
VERTEX
8
CUT
10
52.7393
20
116.9828
0
VERTEX
8
CUT
10
52.5640
20
117.1388
0
VERTEX
8
CUT
10
51.4115
20
118.0713
0
VERTEX
8
CUT
10
51.2546
20
118.2055
0
VERTEX
8
CUT
10
51.2273
20
118.2302
0
VERTEX
8
CUT
10
50.9604
20
118.4998
0
VERTEX
8
CUT
10
50.7454
20
118.7709
0
VERTEX
8
CUT
10
50.5439
20
119.0923
0
VERTEX
8
CUT
10
50.5261
20
119.1245
0
VERTEX
8
CUT
10
50.4360
20
119.2986
0
VERTEX
8
CUT
10
50.3086
20
119.5169
0
VERTEX
8
CUT
10
50.1598
20
119.7213
0
VERTEX
8
CUT
10
49.9912
20
119.9095
0
VERTEX
8
CUT
10
49.8044
20
120.0798
0
VERTEX
8
CUT
10
49.6014
20
120.2304
0
VERTEX
8
CUT
10
49.3842
20
120.3596
0
VERTEX
8
CUT
10
49.1551
20
120.4663
0
VERTEX
8
CUT
10
48.9164
20
120.5494
0
VERTEX
8
CUT
10
48.6705
20
120.6078
0
VERTEX
8
CUT
10
48.4200
20
120.6412
0
VERTEX
8
CUT
10
48.2488
20
120.6552
0
VERTEX
8
CUT
10
48.0684
20
120.6744
0
VERTEX
8
CUT
10
48.0362
20
120.6786
0
VERTEX
8
CUT
10
47.7079
20
120.7379
0
VERTEX
8
CUT
10
47.4150
20
120.8207
0
VERTEX
8
CUT
10
47.1315
20
120.9314
0
VERTEX
8
CUT
10
46.8601
20
121.0689
0
VERTEX
8
CUT
10
46.6032
20
121.2321
0
VERTEX
8
CUT
10
46.3632
20
121.4194
0
VERTEX
8
CUT
10
46.1425
20
121.6289
0
VERTEX
8
CUT
10
45.9431
20
121.8588
0
VERTEX
8
CUT
10
45.8295
20
122.0188
0
VERTEX
8
CUT
10
45.6690
20
122.2215
0
VERTEX
8
CUT
10
45.4885
20
122.4066
0
VERTEX
8
CUT
10
45.2898
20
122.5721
0
VERTEX
8
CUT
10
45.0751
20
122.7161
0
VERTEX
8
CUT
10
44.8467
20
122.8372
0
VERTEX
8
CUT
10
44.6070
20
122.9341
0
VERTEX
8
CUT
10
43.1432
20
123.4393
0
VERTEX
8
CUT
10
42.9788
20
123.5004
0
VERTEX
8
CUT
10
42.9496
20
123.5120
0
VERTEX
8
CUT
10
42.6560
20
123.6452
0
VERTEX
8
CUT
10
42.4006
20
123.7912
0
VERTEX
8
CUT
10
42.1600
20
123.9605
0
VERTEX
8
CUT
10
41.9147
20
124.1698
0
VERTEX
8
CUT
10
41.8918
20
124.1913
0
VERTEX
8
CUT
10
41.7667
20
124.3142
0
VERTEX
8
CUT
10
40.7602
20
125.3509
0
VERTEX
8
CUT
10
40.6524
20
125.4667
0
VERTEX
8
CUT
10
40.6336
20
125.4879
0
VERTEX
8
CUT
10
40.4331
20
125.7326
0
VERTEX
8
CUT
10
40.4161
20
125.7552
0
VERTEX
8
CUT
10
40.3238
20
125.8837
0
VERTEX
8
CUT
10
39.1613
20
127.5761
0
VERTEX
8
CUT
10
39.0111
20
127.7731
0
VERTEX
8
CUT
10
38.8422
20
127.9543
0
VERTEX
8
CUT
10
38.6562
20
128.1178
0
VERTEX
8
CUT
10
38.4549
20
128.2621
0
VERTEX
8
CUT
10
38.2403
20
128.3858
0
VERTEX
8
CUT
10
38.0145
20
128.4877
0
VERTEX
8
CUT
10
37.7797
20
128.5667
0
VERTEX
8
CUT
10
37.5383
20
128.6221
0
VERTEX
8
CUT
10
37.2926
20
128.6533
0
VERTEX
8
CUT
10
37.0450
20
128.6601
0
VERTEX
8
CUT
10
36.7979
20
128.6423
0
VERTEX
8
CUT
10
36.5538
20
128.6001
0
VERTEX
8
CUT
10
36.3151
20
128.5341
0
VERTEX
8
CUT
10
36.0841
20
128.4447
0
VERTEX
8
CUT
10
35.8631
20
128.3329
0
VERTEX
8
CUT
10
35.6542
20
128.1997
0
VERTEX
8
CUT
10
35.4595
20
128.0466
0
VERTEX
8
CUT
10
35.2809
20
127.8749
0
VERTEX
8
CUT
10
35.1202
20
127.6865
0
VERTEX
8
CUT
10
34.9790
20
127.4830
0
VERTEX
8
CUT
10
34.8585
20
127.2665
0
VERTEX
8
CUT
10
34.7601
20
127.0392
0
VERTEX
8
CUT
10
34.6846
20
126.8033
0
VERTEX
8
CUT
10
34.6329
20
126.5611
0
VERTEX
8
CUT
10
34.6054
20
126.3149
0
VERTEX
8
CUT
10
34.6024
20
126.0672
0
VERTEX
8
CUT
10
34.6239
20
125.8205
0
VERTEX
8
CUT
10
34.6697
20
125.5771
0
VERTEX
8
CUT
10
34.7394
20
125.3394
0
VERTEX
8
CUT
10
35.0394
20
124.4767
0
VERTEX
8
CUT
10
35.1634
20
124.1824
0
VERTEX
8
CUT
10
35.9006
20
122.7041
0
VERTEX
8
CUT
10
35.9907
20
122.5393
0
VERTEX
8
CUT
10
36.0929
20
122.3818
0
VERTEX
8
CUT
10
37.0478
20
121.0237
0
VERTEX
8
CUT
10
37.2572
20
120.7646
0
VERTEX
8
CUT
10
38.3990
20
119.5296
0
VERTEX
8
CUT
10
38.6362
20
119.3044
0
VERTEX
8
CUT
10
40.1389
20
118.0549
0
VERTEX
8
CUT
10
40.3454
20
117.9005
0
VERTEX
8
CUT
10
42.0569
20
116.7534
0
VERTEX
8
CUT
10
42.2894
20
116.6152
0
VERTEX
8
CUT
10
48.1137
20
113.5664
0
VERTEX
8
CUT
10
48.2524
20
113.4900
0
VERTEX
8
CUT
10
48.2770
20
113.4758
0
VERTEX
8
CUT
10
48.5440
20
113.3059
0
VERTEX
8
CUT
10
48.5672
20
113.2897
0
VERTEX
8
CUT
10
48.6951
20
113.1965
0
VERTEX
8
CUT
10
49.6997
20
112.4310
0
VERTEX
8
CUT
10
49.8208
20
112.3334
0
VERTEX
8
CUT
10
50.0207
20
112.1879
0
VERTEX
8
CUT
10
50.2341
20
112.0629
0
VERTEX
8
CUT
10
50.4587
20
111.9595
0
VERTEX
8
CUT
10
50.6925
20
111.8789
0
VERTEX
8
CUT
10
50.9330
20
111.8217
0
VERTEX
8
CUT
10
51.1781
20
111.7886
0
VERTEX
8
CUT
10
51.4252
20
111.7799
0
VERTEX
8
CUT
10
51.4886
20
111.7839
0
VERTEX
8
CUT
10
51.4343
20
111.6176
0
VERTEX
8
CUT
10
51.3811
20
111.3755
0
VERTEX
8
CUT
10
51.3522
20
111.1294
0
VERTEX
8
CUT
10
51.3477
20
110.8817
0
VERTEX
8
CUT
10
51.3678
20
110.6347
0
VERTEX
8
CUT
10
51.4122
20
110.3909
0
VERTEX
8
CUT
10
51.4806
20
110.1527
0
VERTEX
8
CUT
10
51.5721
20
109.9225
0
VERTEX
8
CUT
10
51.5734
20
109.9197
0
VERTEX
8
CUT
10
51.7214
20
109.5356
0
VERTEX
8
CUT
10
51.7328
20
109.5001
0
VERTEX
8
CUT
10
51.7914
20
109.2996
0
VERTEX
8
CUT
10
52.0526
20
108.3029
0
VERTEX
8
CUT
10
52.0976
20
108.1106
0
VERTEX
8
CUT
10
52.1048
20
108.0760
0
VERTEX
8
CUT
10
52.1593
20
107.7172
0
VERTEX
8
CUT
10
52.1744
20
107.3865
0
VERTEX
8
CUT
10
52.1527
20
107.0241
0
VERTEX
8
CUT
10
52.1488
20
106.9891
0
VERTEX
8
CUT
10
52.1214
20
106.7935
0
VERTEX
8
CUT
10
51.9879
20
105.9924
0
VERTEX
8
CUT
10
51.9480
20
105.7879
0
VERTEX
8
CUT
10
51.9399
20
105.7517
0
VERTEX
8
CUT
10
51.8354
20
105.3834
0
VERTEX
8
CUT
10
51.6925
20
105.0330
0
VERTEX
8
CUT
10
51.4966
20
104.6734
0
VERTEX
8
CUT
10
51.2780
20
104.3609
0
VERTEX
8
CUT
10
51.0231
20
104.0717
0
VERTEX
8
CUT
10
50.9969
20
104.0451
0
VERTEX
8
CUT
10
50.8455
20
103.8999
0
VERTEX
8
CUT
10
49.5753
20
102.7482
0
VERTEX
8
CUT
10
49.4640
20
102.6513
0
VERTEX
8
CUT
10
49.3872
20
102.5869
0
VERTEX
8
CUT
10
49.2722
20
102.4944
0
VERTEX
8
CUT
10
48.8236
20
102.1478
0
VERTEX
8
CUT
10
45.8472
20
100.0182
0
VERTEX
8
CUT
10
45.5967
20
99.8133
0
VERTEX
8
CUT
10
44.6363
20
98.9175
0
VERTEX
8
CUT
10
44.6183
20
98.8989
0
VERTEX
8
CUT
10
43.1646
20
97.7758
0
VERTEX
8
CUT
10
43.0164
20
97.6519
0
VERTEX
8
CUT
10
42.8782
20
97.5169
0
VERTEX
8
CUT
10
38.8636
20
93.2795
0
VERTEX
8
CUT
10
38.6478
20
93.0185
0
VERTEX
8
CUT
10
35.0870
20
88.0608
0
VERTEX
8
CUT
10
34.9262
20
87.8057
0
VERTEX
8
CUT
10
31.7858
20
82.0866
0
VERTEX
8
CUT
10
31.6671
20
81.8392
0
VERTEX
8
CUT
10
30.0400
20
77.9069
0
VERTEX
8
CUT
10
29.9575
20
77.6761
0
VERTEX
8
CUT
10
29.8979
20
77.4383
0
VERTEX
8
CUT
10
29.8620
20
77.1958
0
VERTEX
8
CUT
10
29.8500
20
76.9510
0
VERTEX
8
CUT
10
29.8500
20
65.7653
0
VERTEX
8
CUT
10
29.8500
20
60.2744
0
VERTEX
8
CUT
10
29.8500
20
60.2502
0
VERTEX
8
CUT
10
29.8618
20
60.0079
0
VERTEX
8
CUT
10
29.8970
20
59.7678
0
VERTEX
8
CUT
10
29.9553
20
59.5323
0
VERTEX
8
CUT
10
30.0362
20
59.3036
0
VERTEX
8
CUT
10
30.1388
20
59.0837
0
VERTEX
8
CUT
10
30.2623
20
58.8749
0
VERTEX
8
CUT
10
30.4055
20
58.6790
0
VERTEX
8
CUT
10
30.5669
20
58.4979
0
VERTEX
8
CUT
10
30.7452
20
58.3333
0
VERTEX
8
CUT
10
30.9385
20
58.1868
0
VERTEX
8
CUT
10
31.1452
20
58.0597
0
VERTEX
8
CUT
10
31.3632
20
57.9532
0
VERTEX
8
CUT
10
31.5905
20
57.8684
0
VERTEX
8
CUT
10
31.8250
20
57.8060
0
VERTEX
8
CUT
10
32.0644
20
57.7666
0
VERTEX
8
CUT
10
32.3065
20
57.7506
0
VERTEX
8
CUT
10
32.5490
20
57.7582
0
SEQEND
0
POLYLINE
8
CUT
66
1
70
1
10
0.0
20
0.0
30
0.0
0
VERTEX
8
CUT
10
258.9077
20
186.0685
0
VERTEX
8
CUT
10
259.1513
20
185.9568
0
VERTEX
8
CUT
10
259.4054
20
185.8719
0
VERTEX
8
CUT
10
259.6672
20
185.8146
0
VERTEX
8
CUT
10
260.3156
20
185.7089
0
VERTEX
8
CUT
10
260.5747
20
185.6804
0
VERTEX
8
CUT
10
260.8354
20
185.6790
0
VERTEX
8
CUT
10
261.0948
20
185.7049
0
VERTEX
8
CUT
10
261.3501
20
185.7575
0
VERTEX
8
CUT
10
261.8111
20
185.8780
0
VERTEX
8
CUT
10
262.0588
20
185.9567
0
VERTEX
8
CUT
10
262.2969
20
186.0606
0
VERTEX
8
CUT
10
262.5230
20
186.1888
0
VERTEX
8
CUT
10
262.5355
20
186.1977
0
VERTEX
8
CUT
10
262.6401
20
186.2502
0
VERTEX
8
CUT
10
262.8679
20
186.3974
0
VERTEX
8
CUT
10
263.0783
20
186.5684
0
VERTEX
8
CUT
10
263.4224
20
186.8805
0
VERTEX
8
CUT
10
263.6294
20
187.0919
0
VERTEX
8
CUT
10
263.8099
20
187.3263
0
VERTEX
8
CUT
10
264.0490
20
187.6778
0
VERTEX
8
CUT
10
264.1656
20
187.8667
0
VERTEX
8
CUT
10
264.2650
20
188.0653
0
VERTEX
8
CUT
10
264.3464
20
188.2719
0
VERTEX
8
CUT
10
264.4656
20
188.6190
0
VERTEX
8
CUT
10
264.5305
20
188.8410
0
VERTEX
8
CUT
10
264.5746
20
189.0681
0
VERTEX
8
CUT
10
264.5976
20
189.2982
0
VERTEX
8
CUT
10
264.5992
20
189.5296
0
VERTEX
8
CUT
10
264.5981
20
189.5569
0
VERTEX
8
CUT
10
264.5985
20
189.5590
0
VERTEX
8
CUT
10
264.6284
20
189.8294
0
VERTEX
8
CUT
10
264.6287
20
190.1013
0
VERTEX
8
CUT
10
264.5996
20
190.3717
0
VERTEX
8
CUT
10
264.5541
20
190.6504
0
VERTEX
8
CUT
10
264.5378
20
190.8460
0
VERTEX
8
CUT
10
264.5012
20
191.0597
0
VERTEX
8
CUT
10
264.4641
20
191.2016
0
VERTEX
8
CUT
10
264.4393
20
191.3531
0
VERTEX
8
CUT
10
264.3920
20
191.5777
0
VERTEX
8
CUT
10
264.3242
20
191.7970
0
VERTEX
8
CUT
10
264.2366
20
192.0091
0
VERTEX
8
CUT
10
264.1300
20
192.2124
0
VERTEX
8
CUT
10
263.8146
20
192.7515
0
VERTEX
8
CUT
10
263.6633
20
192.9804
0
VERTEX
8
CUT
10
263.4878
20
193.1914
0
VERTEX
8
CUT
10
263.2902
20
193.3818
0
VERTEX
8
CUT
10
263.0730
20
193.5494
0
VERTEX
8
CUT
10
262.6890
20
193.8134
0
VERTEX
8
CUT
10
262.4685
20
193.9488
0
VERTEX
8
CUT
10
262.2353
20
194.0606
0
VERTEX
8
CUT
10
261.9917
20
194.1477
0
VERTEX
8
CUT
10
261.7404
20
194.2092
0
VERTEX
8
CUT
10
261.0165
20
194.3471
0
VERTEX
8
CUT
10
260.7856
20
194.3799
0
VERTEX
8
CUT
10
260.5526
20
194.3912
0
VERTEX
8
CUT
10
260.3197
20
194.3807
0
VERTEX
8
CUT
10
260.0887
20
194.3485
0
VERTEX
8
CUT
10
259.7956
20
194.2936
0
VERTEX
8
CUT
10
259.6426
20
194.2760
0
VERTEX
8
CUT
10
259.4037
20
194.2246
0
VERTEX
8
CUT
10
259.3709
20
194.2141
0
VERTEX
8
CUT
10
259.2916
20
194.1992
0
VERTEX
8
CUT
10
259.0579
20
194.1437
0
VERTEX
8
CUT
10
258.8306
20
194.0661
0
VERTEX
8
CUT
10
258.6118
20
193.9669
0
VERTEX
8
CUT
10
258.4035
20
193.8473
0
VERTEX
8
CUT
10
257.9632
20
193.5653
0
VERTEX
8
CUT
10
257.7797
20
193.4358
0
VERTEX
8
CUT
10
257.6085
20
193.2903
0
VERTEX
8
CUT
10
257.4510
20
193.1300
0
VERTEX
8
CUT
10
257.3086
20
192.9563
0
VERTEX
8
CUT
10
257.1824
20
192.7704
0
VERTEX
8
CUT
10
256.8817
20
192.2818
0
VERTEX
8
CUT
10
256.7646
20
192.0691
0
VERTEX
8
CUT
10
256.6687
20
191.8461
0
VERTEX
8
CUT
10
256.5949
20
191.6148
0
VERTEX
8
CUT
10
256.5439
20
191.3774
0
VERTEX
8
CUT
10
256.4894
20
191.0463
0
VERTEX
8
CUT
10
256.4829
20
191.0214
0
VERTEX
8
CUT
10
256.4455
20
190.7989
0
VERTEX
8
CUT
10
256.4428
20
190.7633
0
VERTEX
8
CUT
10
256.3774
20
190.3656
0
VERTEX
8
CUT
10
256.3507
20
190.1396
0
VERTEX
8
CUT
10
256.3446
20
189.9120
0
VERTEX
8
CUT
10
256.3593
20
189.6849
0
VERTEX
8
CUT
10
256.4132
20
189.1977
0
VERTEX
8
CUT
10
256.4501
20
188.9646
0
VERTEX
8
CUT
10
256.5089
20
188.7361
0
VERTEX
8
CUT
10
256.5889
20
188.5142
0
VERTEX
8
CUT
10
256.6405
20
188.4048
0
VERTEX
8
CUT
10
256.6518
20
188.3680
0
VERTEX
8
CUT
10
256.7435
20
188.1474
0
VERTEX
8
CUT
10
256.9420
20
187.7279
0
VERTEX
8
CUT
10
257.0613
20
187.5054
0
VERTEX
8
CUT
10
257.2026
20
187.2960
0
VERTEX
8
CUT
10
257.3642
20
187.1020
0
VERTEX
8
CUT
10
257.5446
20
186.9252
0
VERTEX
8
CUT
10
257.8162
20
186.6847
0
VERTEX
8
CUT
10
258.0130
20
186.5274
0
VERTEX
8
CUT
10
258.2247
20
186.3907
0
VERTEX
8
CUT
10
258.4490
20
186.2760
0
VERTEX
8
CUT
10
258.6838
20
186.1844
0
VERTEX
8
CUT
10
258.6918
20
186.1818
0
SEQEND
0
POLYLINE
8
CUT
66
1
70
1
10
0.0
20
0.0
30
0.0
0
VERTEX
8
CUT
10
246.1979
20
238.2234
0
VERTEX
8
CUT
10
246.3565
20
238.0538
0
VERTEX
8
CUT
10
246.5154
20
237.8984
0
VERTEX
8
CUT
10
246.6874
20
237.7578
0
VERTEX
8
CUT
10
246.8712
20
237.6329
0
VERTEX
8
CUT
10
247.1563
20
237.4574
0
VERTEX
8
CUT
10
247.4062
20
237.3224
0
VERTEX
8
CUT
10
247.6699
20
237.2166
0
VERTEX
8
CUT
10
248.5629
20
236.9160
0
VERTEX
8
CUT
10
248.7783
20
236.8541
0
VERTEX
8
CUT
10
248.9984
20
236.8118
0
VERTEX
8
CUT
10
249.2214
20
236.7893
0
VERTEX
8
CUT
10
249.4455
20
236.7869
0
VERTEX
8
CUT
10
249.5048
20
236.7889
0
VERTEX
8
CUT
10
249.6971
20
236.7630
0
VERTEX
8
CUT
10
249.9910
20
236.7583
0
VERTEX
8
CUT
10
250.5082
20
236.7805
0
VERTEX
8
CUT
10
250.8052
20
236.8111
0
VERTEX
8
CUT
10
251.0964
20
236.8768
0
VERTEX
8
CUT
10
251.6762
20
237.0447
0
VERTEX
8
CUT
10
251.9458
20
237.1398
0
VERTEX
8
CUT
10
252.2028
20
237.2650
0
VERTEX
8
CUT
10
252.5678
20
237.4695
0
VERTEX
8
CUT
10
252.7980
20
237.6155
0
VERTEX
8
CUT
10
252.8652
20
237.6692
0
VERTEX
8
CUT
10
252.9670
20
237.7194
0
VERTEX
8
CUT
10
253.2143
20
237.8593
0
VERTEX
8
CUT
10
253.4440
20
238.0264
0
VERTEX
8
CUT
10
253.6533
20
238.2185
0
VERTEX
8
CUT
10
254.6093
20
239.2013
0
VERTEX
8
CUT
10
254.7715
20
239.3854
0
VERTEX
8
CUT
10
254.9150
20
239.5845
0
VERTEX
8
CUT
10
255.0382
20
239.7968
0
VERTEX
8
CUT
10
255.1400
20
240.0201
0
VERTEX
8
CUT
10
255.4302
20
240.7495
0
VERTEX
8
CUT
10
255.5031
20
240.9591
0
VERTEX
8
CUT
10
255.5570
20
241.1744
0
VERTEX
8
CUT
10
255.5916
20
241.3935
0
VERTEX
8
CUT
10
255.6073
20
241.5327
0
VERTEX
8
CUT
10
255.6418
20
241.6665
0
VERTEX
8
CUT
10
255.6777
20
241.8825
0
VERTEX
8
CUT
10
255.6945
20
242.1009
0
VERTEX
8
CUT
10
255.6962
20
242.1504
0
VERTEX
8
CUT
10
255.6938
20
242.2988
0
VERTEX
8
CUT
10
255.7154
20
242.4908
0
VERTEX
8
CUT
10
255.7309
20
242.7325
0
VERTEX
8
CUT
10
255.7229
20
242.9745
0
VERTEX
8
CUT
10
255.6594
20
243.7521
0
VERTEX
8
CUT
10
255.6306
20
243.9780
0
VERTEX
8
CUT
10
255.5813
20
244.2003
0
VERTEX
8
CUT
10
255.5120
20
244.4171
0
VERTEX
8
CUT
10
254.9314
20
245.9846
0
VERTEX
8
CUT
10
254.8298
20
246.2208
0
VERTEX
8
CUT
10
254.7045
20
246.4452
0
VERTEX
8
CUT
10
254.5569
20
246.6556
0
VERTEX
8
CUT
10
254.2954
20
246.9902
0
VERTEX
8
CUT
10
254.1074
20
247.2044
0
VERTEX
8
CUT
10
253.8963
20
247.3958
0
VERTEX
8
CUT
10
253.5688
20
247.6602
0
VERTEX
8
CUT
10
253.3691
20
247.8057
0
VERTEX
8
CUT
10
253.1560
20
247.9309
0
VERTEX
8
CUT
10
252.9316
20
248.0344
0
VERTEX
8
CUT
10
251.5993
20
248.5706
0
VERTEX
8
CUT
10
251.3736
20
248.6491
0
VERTEX
8
CUT
10
251.1415
20
248.7057
0
VERTEX
8
CUT
10
250.9050
20
248.7399
0
VERTEX
8
CUT
10
250.6664
20
248.7514
0
VERTEX
8
CUT
10
249.1192
20
248.7517
0
VERTEX
8
CUT
10
248.9007
20
248.7422
0
VERTEX
8
CUT
10
248.6838
20
248.7136
0
VERTEX
8
CUT
10
248.4703
20
248.6662
0
VERTEX
8
CUT
10
248.2617
20
248.6002
0
VERTEX
8
CUT
10
247.1139
20
248.1814
0
VERTEX
8
CUT
10
246.8850
20
248.0847
0
VERTEX
8
CUT
10
246.6668
20
247.9657
0
VERTEX
8
CUT
10
246.4615
20
247.8257
0
VERTEX
8
CUT
10
246.2711
20
247.6660
0
VERTEX
8
CUT
10
245.5115
20
246.9616
0
VERTEX
8
CUT
10
245.3356
20
246.7812
0
VERTEX
8
CUT
10
245.1787
20
246.5839
0
VERTEX
8
CUT
10
245.0425
20
246.3719
0
VERTEX
8
CUT
10
244.9284
20
246.1473
0
VERTEX
8
CUT
10
244.4368
20
245.0457
0
VERTEX
8
CUT
10
244.3542
20
244.8357
0
VERTEX
8
CUT
10
244.2910
20
244.6192
0
VERTEX
8
CUT
10
244.2475
20
244.3979
0
VERTEX
8
CUT
10
244.2461
20
244.3849
0
VERTEX
8
CUT
10
244.2206
20
244.2939
0
VERTEX
8
CUT
10
244.1761
20
244.0269
0
VERTEX
8
CUT
10
244.0907
20
243.2597
0
VERTEX
8
CUT
10
244.0754
20
242.9949
0
VERTEX
8
CUT
10
244.0883
20
242.7301
0
VERTEX
8
CUT
10
244.1206
20
242.4122
0
VERTEX
8
CUT
10
244.1122
20
242.2694
0
VERTEX
8
CUT
10
244.1093
20
242.0383
0
VERTEX
8
CUT
10
244.1278
20
241.8080
0
VERTEX
8
CUT
10
244.1675
20
241.5803
0
VERTEX
8
CUT
10
244.3020
20
240.9749
0
VERTEX
8
CUT
10
244.3570
20
240.7694
0
VERTEX
8
CUT
10
244.4292
20
240.5692
0
VERTEX
8
CUT
10
244.5182
20
240.3760
0
VERTEX
8
CUT
10
244.7643
20
239.8965
0
VERTEX
8
CUT
10
244.8794
20
239.6957
0
VERTEX
8
CUT
10
244.9281
20
239.6265
0
VERTEX
8
CUT
10
244.9308
20
239.6202
0
VERTEX
8
CUT
10
245.0441
20
239.4185
0
VERTEX
8
CUT
10
245.1756
20
239.2281
0
VERTEX
8
CUT
10
245.3241
20
239.0506
0
VERTEX
8
CUT
10
245.7100
20
238.6307
0
VERTEX
8
CUT
10
245.9151
20
238.4316
0
VERTEX
8
CUT
10
246.1416
20
238.2573
0
SEQEND
0
POLYLINE
8
CUT
66
1
70
1
10
0.0
20
0.0
30
0.0
0
VERTEX
8
CUT
10
236.2219
20
60.7404
0
VERTEX
8
CUT
10
236.3447
20
60.6847
0
VERTEX
8
CUT
10
236.4195
20
60.6380
0
VERTEX
8
CUT
10
236.6672
20
60.5192
0
VERTEX
8
CUT
10
236.9263
20
60.4282
0
VERTEX
8
CUT
10
237.6748
20
60.2109
0
VERTEX
8
CUT
10
237.9039
20
60.1559
0
VERTEX
8
CUT
10
238.1372
20
60.1227
0
VERTEX
8
CUT
10
238.3726
20
60.1117
0
VERTEX
8
CUT
10
238.6080
20
60.1229
0
VERTEX
8
CUT
10
238.8413
20
60.1561
0
VERTEX
8
CUT
10
239.0704
20
60.2113
0
VERTEX
8
CUT
10
239.3112
20
60.2813
0
VERTEX
8
CUT
10
239.5464
20
60.3627
0
VERTEX
8
CUT
10
239.7724
20
60.4670
0
VERTEX
8
CUT
10
239.9868
20
60.5932
0
VERTEX
8
CUT
10
240.2866
20
60.7905
0
VERTEX
8
CUT
10
240.5993
20
60.9556
0
VERTEX
8
CUT
10
240.8168
20
61.0849
0
VERTEX
8
CUT
10
241.0201
20
61.2356
0
VERTEX
8
CUT
10
241.2072
20
61.4060
0
VERTEX
8
CUT
10
241.2161
20
61.4159
0
VERTEX
8
CUT
10
241.2634
20
61.4509
0
VERTEX
8
CUT
10
241.4635
20
61.6356
0
VERTEX
8
CUT
10
241.6424
20
61.8410
0
VERTEX
8
CUT
10
241.7978
20
62.0646
0
VERTEX
8
CUT
10
241.9319
20
62.2819
0
VERTEX
8
CUT
10
242.0326
20
62.4065
0
VERTEX
8
CUT
10
242.1898
20
62.6237
0
VERTEX
8
CUT
10
242.3228
20
62.8565
0
VERTEX
8
CUT
10
242.4301
20
63.1022
0
VERTEX
8
CUT
10
242.4690
20
63.2061
0
VERTEX
8
CUT
10
242.5341
20
63.4052
0
VERTEX
8
CUT
10
242.5823
20
63.6090
0
VERTEX
8
CUT
10
242.6133
20
63.8162
0
VERTEX
8
CUT
10
242.6347
20
64.0157
0
VERTEX
8
CUT
10
242.6474
20
64.1001
0
VERTEX
8
CUT
10
242.6713
20
64.3353
0
VERTEX
8
CUT
10
242.6730
20
64.5718
0
VERTEX
8
CUT
10
242.6523
20
64.8074
0
VERTEX
8
CUT
10
242.6373
20
64.8886
0
VERTEX
8
CUT
10
242.4866
20
65.8343
0
VERTEX
8
CUT
10
242.4296
20
66.0991
0
VERTEX
8
CUT
10
242.3442
20
66.3561
0
VERTEX
8
CUT
10
242.2316
20
66.6024
0
VERTEX
8
CUT
10
241.9342
20
67.1691
0
VERTEX
8
CUT
10
241.8229
20
67.3602
0
VERTEX
8
CUT
10
241.6951
20
67.5408
0
VERTEX
8
CUT
10
241.5519
20
67.7093
0
VERTEX
8
CUT
10
241.3944
20
67.8645
0
VERTEX
8
CUT
10
241.2151
20
68.0261
0
VERTEX
8
CUT
10
241.0724
20
68.1961
0
VERTEX
8
CUT
10
240.8718
20
68.3873
0
VERTEX
8
CUT
10
240.6513
20
68.5552
0
VERTEX
8
CUT
10
240.3400
20
68.7659
0
VERTEX
8
CUT
10
240.0869
20
68.9164
0
VERTEX
8
CUT
10
239.8179
20
69.0360
0
VERTEX
8
CUT
10
239.4997
20
69.1556
0
VERTEX
8
CUT
10
239.3029
20
69.2204
0
VERTEX
8
CUT
10
239.1013
20
69.2687
0
VERTEX
8
CUT
10
238.8964
20
69.3001
0
VERTEX
8
CUT
10
238.5886
20
69.3343
0
VERTEX
8
CUT
10
238.3811
20
69.3487
0
VERTEX
8
CUT
10
238.1732
20
69.3457
0
VERTEX
8
CUT
10
237.9662
20
69.3255
0
VERTEX
8
CUT
10
237.6200
20
69.2771
0
VERTEX
8
CUT
10
237.3993
20
69.2361
0
VERTEX
8
CUT
10
237.1832
20
69.1754
0
VERTEX
8
CUT
10
236.9734
20
69.0956
0
VERTEX
8
CUT
10
236.6366
20
68.9499
0
VERTEX
8
CUT
10
236.4201
20
68.8435
0
VERTEX
8
CUT
10
236.2148
20
68.7168
0
VERTEX
8
CUT
10
236.1829
20
68.6925
0
VERTEX
8
CUT
10
236.0492
20
68.6169
0
VERTEX
8
CUT
10
235.8546
20
68.4811
0
VERTEX
8
CUT
10
235.6738
20
68.3273
0
VERTEX
8
CUT
10
235.1640
20
67.8505
0
VERTEX
8
CUT
10
235.1637
20
67.8502
0
VERTEX
8
CUT
10
234.9673
20
67.6666
0
VERTEX
8
CUT
10
234.9668
20
67.6660
0
VERTEX
8
CUT
10
234.9040
20
67.6072
0
VERTEX
8
CUT
10
234.7489
20
67.4488
0
VERTEX
8
CUT
10
234.6086
20
67.2772
0
VERTEX
8
CUT
10
234.4839
20
67.0939
0
VERTEX
8
CUT
10
234.3761
20
66.9002
0
VERTEX
8
CUT
10
234.2500
20
66.6482
0
VERTEX
8
CUT
10
234.1368
20
66.3856
0
VERTEX
8
CUT
10
234.0544
20
66.1117
0
VERTEX
8
CUT
10
234.0012
20
65.8896
0
VERTEX
8
CUT
10
233.9520
20
65.7367
0
VERTEX
8
CUT
10
233.9035
20
65.5241
0
VERTEX
8
CUT
10
233.8737
20
65.3080
0
VERTEX
8
CUT
10
233.8440
20
64.9910
0
VERTEX
8
CUT
10
233.8331
20
64.7349
0
VERTEX
8
CUT
10
233.8486
20
64.4791
0
VERTEX
8
CUT
10
233.8978
20
64.0407
0
VERTEX
8
CUT
10
233.9309
20
63.8285
0
VERTEX
8
CUT
10
233.9820
20
63.6199
0
VERTEX
8
CUT
10
234.0509
20
63.4165
0
VERTEX
8
CUT
10
234.2034
20
63.0226
0
VERTEX
8
CUT
10
234.3131
20
62.7790
0
VERTEX
8
CUT
10
234.4481
20
62.5484
0
VERTEX
8
CUT
10
234.8560
20
61.9303
0
VERTEX
8
CUT
10
234.9941
20
61.7410
0
VERTEX
8
CUT
10
235.1493
20
61.5655
0
VERTEX
8
CUT
10
235.3203
20
61.4052
0
VERTEX
8
CUT
10
235.5055
20
61.2617
0
VERTEX
8
CUT
10
235.6300
20
61.1742
0
VERTEX
8
CUT
10
235.7670
20
61.0453
0
VERTEX
8
CUT
10
235.9861
20
60.8803
0
SEQEND
0
POLYLINE
8
CUT
66
1
70
1
10
0.0
20
0.0
30
0.0
0
VERTEX
8
CUT
10
212.9871
20
256.9899
0
VERTEX
8
CUT
10
213.1181
20
256.7605
0
VERTEX
8
CUT
10
213.2725
20
256.5461
0
VERTEX
8
CUT
10
213.4486
20
256.3493
0
VERTEX
8
CUT
10
213.6446
20
256.1722
0
VERTEX
8
CUT
10
214.1589
20
255.7544
0
VERTEX
8
CUT
10
214.3770
20
255.5959
0
VERTEX
8
CUT
10
214.6109
20
255.4619
0
VERTEX
8
CUT
10
214.8578
20
255.3538
0
VERTEX
8
CUT
10
215.4755
20
255.1223
0
VERTEX
8
CUT
10
215.7018
20
255.0496
0
VERTEX
8
CUT
10
215.9340
20
254.9987
0
VERTEX
8
CUT
10
216.1700
20
254.9700
0
VERTEX
8
CUT
10
216.4076
20
254.9639
0
VERTEX
8
CUT
10
216.6447
20
254.9804
0
VERTEX
8
CUT
10
216.7380
20
254.9914
0
VERTEX
8
CUT
10
216.9630
20
255.0283
0
VERTEX
8
CUT
10
217.1837
20
255.0856
0
VERTEX
8
CUT
10
217.3983
20
255.1627
0
VERTEX
8
CUT
10
217.6050
20
255.2591
0
VERTEX
8
CUT
10
218.3200
20
255.6332
0
VERTEX
8
CUT
10
218.5231
20
255.7519
0
VERTEX
8
CUT
10
218.7142
20
255.8893
0
VERTEX
8
CUT
10
218.8915
20
256.0439
0
VERTEX
8
CUT
10
219.0534
20
256.2146
0
VERTEX
8
CUT
10
219.6003
20
256.8481
0
VERTEX
8
CUT
10
219.7401
20
257.0256
0
VERTEX
8
CUT
10
219.8633
20
257.2149
0
VERTEX
8
CUT
10
219.9688
20
257.4147
0
VERTEX
8
CUT
10
220.0559
20
257.6231
0
VERTEX
8
CUT
10
220.1632
20
257.9164
0
VERTEX
8
CUT
10
220.2300
20
258.1277
0
VERTEX
8
CUT
10
220.2778
20
258.3440
0
VERTEX
8
CUT
10
220.3063
20
258.5637
0
VERTEX
8
CUT
10
220.3153
20
258.7851
0
VERTEX
8
CUT
10
220.3145
20
258.9836
0
VERTEX
8
CUT
10
220.3456
20
259.3956
0
VERTEX
8
CUT
10
220.3523
20
259.6270
0
VERTEX
8
CUT
10
220.3376
20
259.8581
0
VERTEX
8
CUT
10
220.3016
20
260.0869
0
VERTEX
8
CUT
10
220.2445
20
260.3113
0
VERTEX
8
CUT
10
220.2291
20
260.3547
0
VERTEX
8
CUT
10
220.2089
20
260.4370
0
VERTEX
8
CUT
10
220.1390
20
260.6735
0
VERTEX
8
CUT
10
220.0688
20
260.8781
0
VERTEX
8
CUT
10
219.9812
20
261.0758
0
VERTEX
8
CUT
10
219.8768
20
261.2652
0
VERTEX
8
CUT
10
219.7537
20
261.4673
0
VERTEX
8
CUT
10
219.6171
20
261.6688
0
VERTEX
8
CUT
10
219.4616
20
261.8561
0
VERTEX
8
CUT
10
219.2887
20
262.0273
0
VERTEX
8
CUT
10
218.6465
20
262.6039
0
VERTEX
8
CUT
10
218.4736
20
262.7456
0
VERTEX
8
CUT
10
218.2888
20
262.8714
0
VERTEX
8
CUT
10
218.0934
20
262.9802
0
VERTEX
8
CUT
10
217.8892
20
263.0710
0
VERTEX
8
CUT
10
217.4345
20
263.2494
0
VERTEX
8
CUT
10
217.1914
20
263.3306
0
VERTEX
8
CUT
10
216.9411
20
263.3865
0
VERTEX
8
CUT
10
216.6865
20
263.4165
0
VERTEX
8
CUT
10
216.4302
20
263.4203
0
VERTEX
8
CUT
10
215.9972
20
263.4045
0
VERTEX
8
CUT
10
215.7480
20
263.3828
0
VERTEX
8
CUT
10
215.5023
20
263.3364
0
VERTEX
8
CUT
10
215.2624
20
263.2656
0
VERTEX
8
CUT
10
215.0308
20
263.1713
0
VERTEX
8
CUT
10
214.9436
20
263.1306
0
VERTEX
8
CUT
10
214.7501
20
263.0638
0
VERTEX
8
CUT
10
214.6947
20
263.0412
0
VERTEX
8
CUT
10
214.4913
20
262.9476
0
VERTEX
8
CUT
10
214.2970
20
262.8362
0
VERTEX
8
CUT
10
214.1135
20
262.7078
0
VERTEX
8
CUT
10
213.9423
20
262.5635
0
VERTEX
8
CUT
10
213.9083
20
262.5292
0
VERTEX
8
CUT
10
213.9009
20
262.5232
0
VERTEX
8
CUT
10
213.7258
20
262.3491
0
VERTEX
8
CUT
10
213.0195
20
261.5733
0
VERTEX
8
CUT
10
212.8626
20
261.3830
0
VERTEX
8
CUT
10
212.7253
20
261.1781
0
VERTEX
8
CUT
10
212.6088
20
260.9607
0
VERTEX
8
CUT
10
212.5144
20
260.7329
0
VERTEX
8
CUT
10
212.4428
20
260.4970
0
VERTEX
8
CUT
10
212.4047
20
260.3449
0
VERTEX
8
CUT
10
212.3544
20
260.0869
0
VERTEX
8
CUT
10
212.3315
20
259.8251
0
VERTEX
8
CUT
10
212.3316
20
259.8195
0
VERTEX
8
CUT
10
212.3191
20
259.7720
0
VERTEX
8
CUT
10
212.2788
20
259.5002
0
VERTEX
8
CUT
10
212.2687
20
259.2258
0
VERTEX
8
CUT
10
212.2717
20
259.0552
0
VERTEX
8
CUT
10
212.2850
20
258.8388
0
VERTEX
8
CUT
10
212.3170
20
258.6244
0
VERTEX
8
CUT
10
212.3674
20
258.4135
0
VERTEX
8
CUT
10
212.4359
20
258.2078
0
VERTEX
8
CUT
10
212.5367
20
257.9439
0
VERTEX
8
CUT
10
212.5658
20
257.8553
0
VERTEX
8
CUT
10
212.6005
20
257.7768
0
VERTEX
8
CUT
10
212.6413
20
257.6700
0
VERTEX
8
CUT
10
212.7518
20
257.4221
0
VERTEX
8
CUT
10
212.8834
20
257.1963
0
SEQEND
0
POLYLINE
8
CUT
66
1
70
1
10
0.0
20
0.0
30
0.0
0
VERTEX
8
CUT
10
193.0183
20
30.0321
0
VERTEX
8
CUT
10
193.2362
20
30.1326
0
VERTEX
8
CUT
10
193.4435
20
30.2535
0
VERTEX
8
CUT
10
193.6382
20
30.3937
0
VERTEX
8
CUT
10
193.8186
20
30.5519
0
VERTEX
8
CUT
10
193.9829
20
30.7267
0
VERTEX
8
CUT
10
194.1298
20
30.9164
0
VERTEX
8
CUT
10
194.2578
20
31.1194
0
VERTEX
8
CUT
10
194.3874
20
31.3486
0
VERTEX
8
CUT
10
194.5208
20
31.6222
0
VERTEX
8
CUT
10
194.5356
20
31.6649
0
VERTEX
8
CUT
10
194.5777
20
31.7598
0
VERTEX
8
CUT
10
194.6550
20
31.9936
0
VERTEX
8
CUT
10
194.7853
20
32.4644
0
VERTEX
8
CUT
10
194.8429
20
32.7260
0
VERTEX
8
CUT
10
194.8721
20
32.9923
0
VERTEX
8
CUT
10
194.8726
20
33.2602
0
VERTEX
8
CUT
10
194.8638
20
33.3438
0
VERTEX
8
CUT
10
194.8699
20
33.5679
0
VERTEX
8
CUT
10
194.8666
20
33.7817
0
VERTEX
8
CUT
10
194.8450
20
33.9944
0
VERTEX
8
CUT
10
194.8053
20
34.2045
0
VERTEX
8
CUT
10
194.6605
20
34.8247
0
VERTEX
8
CUT
10
194.6002
20
35.0391
0
VERTEX
8
CUT
10
194.5212
20
35.2472
0
VERTEX
8
CUT
10
194.4239
20
35.4475
0
VERTEX
8
CUT
10
194.1439
20
35.9641
0
VERTEX
8
CUT
10
194.0389
20
36.1400
0
VERTEX
8
CUT
10
193.9200
20
36.3068
0
VERTEX
8
CUT
10
193.7877
20
36.4633
0
VERTEX
8
CUT
10
193.3591
20
36.9303
0
VERTEX
8
CUT
10
193.1804
20
37.1063
0
VERTEX
8
CUT
10
192.9851
20
37.2635
0
VERTEX
8
CUT
10
192.7750
20
37.4004
0
VERTEX
8
CUT
10
192.6865
20
37.4518
0
VERTEX
8
CUT
10
192.3131
20
37.7416
0
VERTEX
8
CUT
10
192.1341
20
37.8684
0
VERTEX
8
CUT
10
191.9446
20
37.9790
0
VERTEX
8
CUT
10
191.7461
20
38.0726
0
VERTEX
8
CUT
10
191.5402
20
38.1484
0
VERTEX
8
CUT
10
191.3359
20
38.2136
0
VERTEX
8
CUT
10
191.0962
20
38.2771
0
VERTEX
8
CUT
10
190.8515
20
38.3166
0
VERTEX
8
CUT
10
190.6040
20
38.3317
0
VERTEX
8
CUT
10
189.8907
20
38.3397
0
VERTEX
8
CUT
10
189.6686
20
38.3323
0
VERTEX
8
CUT
10
189.4481
20
38.3052
0
VERTEX
8
CUT
10
189.2309
20
38.2587
0
VERTEX
8
CUT
10
188.6609
20
38.1098
0
VERTEX
8
CUT
10
188.4339
20
38.0388
0
VERTEX
8
CUT
10
188.2146
20
37.9466
0
VERTEX
8
CUT
10
188.0052
20
37.8339
0
VERTEX
8
CUT
10
187.4863
20
37.5222
0
VERTEX
8
CUT
10
187.2503
20
37.3614
0
VERTEX
8
CUT
10
187.0341
20
37.1747
0
VERTEX
8
CUT
10
186.5517
20
36.7072
0
VERTEX
8
CUT
10
186.4049
20
36.5523
0
VERTEX
8
CUT
10
186.2718
20
36.3854
0
VERTEX
8
CUT
10
186.1535
20
36.2078
0
VERTEX
8
CUT
10
185.8523
20
35.7110
0
VERTEX
8
CUT
10
185.7467
20
35.5182
0
VERTEX
8
CUT
10
185.6585
20
35.3168
0
VERTEX
8
CUT
10
185.5883
20
35.1085
0
VERTEX
8
CUT
10
185.3947
20
34.4380
0
VERTEX
8
CUT
10
185.3420
20
34.2190
0
VERTEX
8
CUT
10
185.3093
20
33.9962
0
VERTEX
8
CUT
10
185.2967
20
33.7713
0
VERTEX
8
CUT
10
185.2894
20
33.0828
0
VERTEX
8
CUT
10
185.2973
20
32.8551
0
VERTEX
8
CUT
10
185.3260
20
32.6291
0
VERTEX
8
CUT
10
185.3751
20
32.4066
0
VERTEX
8
CUT
10
185.5648
20
31.7014
0
VERTEX
8
CUT
10
185.6594
20
31.4183
0
VERTEX
8
CUT
10
185.7870
20
31.1486
0
VERTEX
8
CUT
10
185.7875
20
31.1477
0
VERTEX
8
CUT
10
185.9145
20
30.9407
0
VERTEX
8
CUT
10
186.0610
20
30.7470
0
VERTEX
8
CUT
10
186.2256
20
30.5684
0
VERTEX
8
CUT
10
186.4068
20
30.4066
0
VERTEX
8
CUT
10
186.6028
20
30.2632
0
VERTEX
8
CUT
10
186.8118
20
30.1394
0
VERTEX
8
CUT
10
187.0318
20
30.0366
0
VERTEX
8
CUT
10
187.2608
20
29.9555
0
VERTEX
8
CUT
10
187.4965
20
29.8971
0
VERTEX
8
CUT
10
187.7368
20
29.8618
0
VERTEX
8
CUT
10
187.9794
20
29.8500
0
VERTEX
8
CUT
10
188.0187
20
29.8500
0
VERTEX
8
CUT
10
192.0024
20
29.8500
0
VERTEX
8
CUT
10
192.0817
20
29.8500
0
VERTEX
8
CUT
10
192.3213
20
29.8615
0
VERTEX
8
CUT
10
192.5588
20
29.8959
0
VERTEX
8
CUT
10
192.7918
20
29.9530
0
SEQEND
0
POLYLINE
8
CUT
66
1
70
1
10
0.0
20
0.0
30
0.0
0
VERTEX
8
CUT
10
137.3368
20
40.1233
0
VERTEX
8
CUT
10
137.3648
20
40.0965
0
VERTEX
8
CUT
10
137.5735
20
39.9180
0
VERTEX
8
CUT
10
137.8006
20
39.7634
0
VERTEX
8
CUT
10
138.0432
20
39.6346
0
VERTEX
8
CUT
10
138.1011
20
39.6116
0
VERTEX
8
CUT
10
138.2601
20
39.5407
0
VERTEX
8
CUT
10
138.4693
20
39.4688
0
VERTEX
8
CUT
10
138.5520
20
39.4484
0
VERTEX
8
CUT
10
138.7111
20
39.3952
0
VERTEX
8
CUT
10
138.9646
20
39.3249
0
VERTEX
8
CUT
10
139.2241
20
39.2817
0
VERTEX
8
CUT
10
139.4625
20
39.2674
0
VERTEX
8
CUT
10
139.5240
20
39.2580
0
VERTEX
8
CUT
10
139.7548
20
39.2443
0
VERTEX
8
CUT
10
139.9859
20
39.2519
0
VERTEX
8
CUT
10
140.2153
20
39.2809
0
VERTEX
8
CUT
10
140.9064
20
39.4009
0
VERTEX
8
CUT
10
141.1362
20
39.4520
0
VERTEX
8
CUT
10
141.3602
20
39.5246
0
VERTEX
8
CUT
10
141.5763
20
39.6179
0
VERTEX
8
CUT
10
141.7828
20
39.7311
0
VERTEX
8
CUT
10
141.7923
20
39.7369
0
VERTEX
8
CUT
10
142.0029
20
39.8810
0
VERTEX
8
CUT
10
142.1277
20
39.9865
0
VERTEX
8
CUT
10
142.1828
20
40.0289
0
VERTEX
8
CUT
10
142.3651
20
40.2005
0
VERTEX
8
CUT
10
142.5292
20
40.3895
0
VERTEX
8
CUT
10
142.9753
20
40.9583
0
VERTEX
8
CUT
10
143.1291
20
41.1775
0
VERTEX
8
CUT
10
143.2585
20
41.4119
0
VERTEX
8
CUT
10
143.3436
20
41.6148
0
VERTEX
8
CUT
10
143.4201
20
41.7628
0
VERTEX
8
CUT
10
143.5057
20
41.9731
0
VERTEX
8
CUT
10
143.5718
20
42.1903
0
VERTEX
8
CUT
10
143.6367
20
42.4444
0
VERTEX
8
CUT
10
143.6672
20
42.5442
0
VERTEX
8
CUT
10
143.7144
20
42.7733
0
VERTEX
8
CUT
10
143.7400
20
43.0058
0
VERTEX
8
CUT
10
143.7438
20
43.2396
0
VERTEX
8
CUT
10
143.7358
20
43.5002
0
VERTEX
8
CUT
10
143.7158
20
43.7481
0
VERTEX
8
CUT
10
143.6712
20
43.9928
0
VERTEX
8
CUT
10
143.6026
20
44.2318
0
VERTEX
8
CUT
10
143.5106
20
44.4629
0
VERTEX
8
CUT
10
143.2782
20
44.9711
0
VERTEX
8
CUT
10
143.1751
20
45.1720
0
VERTEX
8
CUT
10
143.0544
20
45.3627
0
VERTEX
8
CUT
10
143.0021
20
45.4309
0
VERTEX
8
CUT
10
142.9470
20
45.5227
0
VERTEX
8
CUT
10
142.8005
20
45.7198
0
VERTEX
8
CUT
10
142.6354
20
45.9016
0
VERTEX
8
CUT
10
142.4532
20
46.0663
0
VERTEX
8
CUT
10
142.0224
20
46.4191
0
VERTEX
8
CUT
10
141.8257
20
46.5646
0
VERTEX
8
CUT
10
141.6157
20
46.6903
0
VERTEX
8
CUT
10
141.3944
20
46.7948
0
VERTEX
8
CUT
10
141.2076
20
46.8616
0
VERTEX
8
CUT
10
141.0729
20
46.9220
0
VERTEX
8
CUT
10
140.8563
20
47.0074
0
VERTEX
8
CUT
10
140.6327
20
47.0722
0
VERTEX
8
CUT
10
140.4040
20
47.1159
0
VERTEX
8
CUT
10
140.1722
20
47.1382
0
VERTEX
8
CUT
10
139.9394
20
47.1388
0
VERTEX
8
CUT
10
139.9375
20
47.1387
0
VERTEX
8
CUT
10
139.8721
20
47.1408
0
VERTEX
8
CUT
10
139.6967
20
47.1281
0
VERTEX
8
CUT
10
139.3163
20
47.1114
0
VERTEX
8
CUT
10
139.0842
20
47.0903
0
VERTEX
8
CUT
10
138.8552
20
47.0478
0
VERTEX
8
CUT
10
138.6310
20
46.9840
0
VERTEX
8
CUT
10
138.4138
20
46.8997
0
VERTEX
8
CUT
10
138.2054
20
46.7956
0
VERTEX
8
CUT
10
137.6874
20
46.5057
0
VERTEX
8
CUT
10
137.4784
20
46.3749
0
VERTEX
8
CUT
10
137.2834
20
46.2241
0
VERTEX
8
CUT
10
137.1041
20
46.0548
0
VERTEX
8
CUT
10
136.9424
20
45.8687
0
VERTEX
8
CUT
10
136.5716
20
45.3969
0
VERTEX
8
CUT
10
136.4412
20
45.2147
0
VERTEX
8
CUT
10
136.3277
20
45.0216
0
VERTEX
8
CUT
10
136.2319
20
44.8191
0
VERTEX
8
CUT
10
136.1546
20
44.6089
0
VERTEX
8
CUT
10
135.9716
20
44.0328
0
VERTEX
8
CUT
10
135.9086
20
43.7944
0
VERTEX
8
CUT
10
135.8694
20
43.5509
0
VERTEX
8
CUT
10
135.8545
20
43.3047
0
VERTEX
8
CUT
10
135.8638
20
43.0582
0
VERTEX
8
CUT
10
135.8962
20
42.6884
0
VERTEX
8
CUT
10
135.9257
20
42.4660
0
VERTEX
8
CUT
10
135.9751
20
42.2471
0
VERTEX
8
CUT
10
136.0440
20
42.0335
0
VERTEX
8
CUT
10
136.1317
20
41.8270
0
VERTEX
8
CUT
10
136.4213
20
41.2219
0
VERTEX
8
CUT
10
136.5279
20
41.0227
0
VERTEX
8
CUT
10
136.6521
20
40.8339
0
VERTEX
8
CUT
10
136.7929
20
40.6572
0
VERTEX
8
CUT
10
136.9491
20
40.4938
0
VERTEX
8
CUT
10
136.9866
20
40.4580
0
VERTEX
8
CUT
10
137.0429
20
40.3912
0
VERTEX
8
CUT
10
137.2060
20
40.2305
0
SEQEND
0
POLYLINE
8
CUT
66
1
70
1
10
0.0
20
0.0
30
0.0
0
VERTEX
8
CUT
10
116.4447
20
62.6108
0
VERTEX
8
CUT
10
116.3463
20
62.3837
0
VERTEX
8
CUT
10
116.2708
20
62.1479
0
VERTEX
8
CUT
10
116.2190
20
61.9058
0
VERTEX
8
CUT
10
116.1913
20
61.6598
0
VERTEX
8
CUT
10
116.1882
20
61.4123
0
VERTEX
8
CUT
10
116.2095
20
61.1656
0
VERTEX
8
CUT
10
116.2552
20
60.9223
0
VERTEX
8
CUT
10
116.3247
20
60.6847
0
VERTEX
8
CUT
10
116.4173
20
60.4551
0
VERTEX
8
CUT
10
116.5322
20
60.2359
0
VERTEX
8
CUT
10
116.6682
20
60.0290
0
VERTEX
8
CUT
10
117.0958
20
59.4440
0
VERTEX
8
CUT
10
117.2323
20
59.2734
0
VERTEX
8
CUT
10
117.3833
20
59.1154
0
VERTEX
8
CUT
10
117.5474
20
58.9711
0
VERTEX
8
CUT
10
117.7235
20
58.8417
0
VERTEX
8
CUT
10
119.1940
20
57.8575
0
VERTEX
8
CUT
10
119.4056
20
57.7305
0
VERTEX
8
CUT
10
119.6287
20
57.6251
0
VERTEX
8
CUT
10
119.8611
20
57.5421
0
VERTEX
8
CUT
10
120.3978
20
57.3798
0
VERTEX
8
CUT
10
120.6429
20
57.3190
0
VERTEX
8
CUT
10
120.8929
20
57.2833
0
VERTEX
8
CUT
10
121.5682
20
57.2213
0
VERTEX
8
CUT
10
121.7805
20
57.2109
0
VERTEX
8
CUT
10
121.9930
20
57.2186
0
VERTEX
8
CUT
10
122.2041
20
57.2443
0
VERTEX
8
CUT
10
123.3418
20
57.4322
0
VERTEX
8
CUT
10
123.5797
20
57.4835
0
VERTEX
8
CUT
10
123.8114
20
57.5577
0
VERTEX
8
CUT
10
124.0348
20
57.6540
0
VERTEX
8
CUT
10
124.2478
20
57.7716
0
VERTEX
8
CUT
10
124.4483
20
57.9094
0
VERTEX
8
CUT
10
124.6345
20
58.0659
0
VERTEX
8
CUT
10
124.8047
20
58.2399
0
VERTEX
8
CUT
10
124.9571
20
58.4295
0
VERTEX
8
CUT
10
125.0903
20
58.6331
0
VERTEX
8
CUT
10
125.2031
20
58.8487
0
VERTEX
8
CUT
10
125.2944
20
59.0742
0
VERTEX
8
CUT
10
125.3634
20
59.3075
0
VERTEX
8
CUT
10
125.4094
20
59.5464
0
VERTEX
8
CUT
10
125.4319
20
59.7887
0
VERTEX
8
CUT
10
125.4308
20
60.0320
0
VERTEX
8
CUT
10
125.4060
20
60.2740
0
VERTEX
8
CUT
10
125.3579
20
60.5125
0
VERTEX
8
CUT
10
125.2867
20
60.7452
0
VERTEX
8
CUT
10
125.1933
20
60.9698
0
VERTEX
8
CUT
10
125.0785
20
61.1843
0
VERTEX
8
CUT
10
124.9434
20
61.3867
0
VERTEX
8
CUT
10
124.7893
20
61.5749
0
VERTEX
8
CUT
10
124.6176
20
61.7473
0
VERTEX
8
CUT
10
124.4299
20
61.9021
0
VERTEX
8
CUT
10
124.2281
20
62.0380
0
VERTEX
8
CUT
10
124.0140
20
62.1536
0
VERTEX
8
CUT
10
123.7897
20
62.2479
0
VERTEX
8
CUT
10
123.5573
20
62.3199
0
VERTEX
8
CUT
10
123.3190
20
62.3690
0
VERTEX
8
CUT
10
122.9393
20
62.4282
0
VERTEX
8
CUT
10
122.9005
20
62.4366
0
VERTEX
8
CUT
10
122.6839
20
62.4905
0
VERTEX
8
CUT
10
121.4958
20
62.8239
0
VERTEX
8
CUT
10
121.3061
20
62.8826
0
VERTEX
8
CUT
10
121.2725
20
62.8940
0
VERTEX
8
CUT
10
120.9335
20
63.0292
0
VERTEX
8
CUT
10
120.6391
20
63.1845
0
VERTEX
8
CUT
10
120.3361
20
63.3879
0
VERTEX
8
CUT
10
120.3078
20
63.4092
0
VERTEX
8
CUT
10
120.2406
20
63.4625
0
VERTEX
8
CUT
10
120.0393
20
63.6066
0
VERTEX
8
CUT
10
119.8248
20
63.7301
0
VERTEX
8
CUT
10
119.5990
20
63.8318
0
VERTEX
8
CUT
10
119.3644
20
63.9106
0
VERTEX
8
CUT
10
119.1231
20
63.9659
0
VERTEX
8
CUT
10
118.8775
20
63.9970
0
VERTEX
8
CUT
10
118.6300
20
64.0037
0
VERTEX
8
CUT
10
118.3831
20
63.9858
0
VERTEX
8
CUT
10
118.1392
20
63.9436
0
VERTEX
8
CUT
10
117.9006
20
63.8775
0
VERTEX
8
CUT
10
117.6697
20
63.7882
0
VERTEX
8
CUT
10
117.4488
20
63.6764
0
VERTEX
8
CUT
10
117.2401
20
63.5434
0
VERTEX
8
CUT
10
117.0455
20
63.3903
0
VERTEX
8
CUT
10
116.8670
20
63.2188
0
VERTEX
8
CUT
10
116.7064
20
63.0304
0
VERTEX
8
CUT
10
116.5651
20
62.8271
0
SEQEND
0
POLYLINE
8
CUT
66
1
70
1
10
0.0
20
0.0
30
0.0
0
VERTEX
8
CUT
10
80.7030
20
49.2381
0
VERTEX
8
CUT
10
80.5111
20
49.0805
0
VERTEX
8
CUT
10
80.3358
20
48.9047
0
VERTEX
8
CUT
10
80.1788
20
48.7123
0
VERTEX
8
CUT
10
80.0417
20
48.5054
0
VERTEX
8
CUT
10
79.9258
20
48.2858
0
VERTEX
8
CUT
10
79.8322
20
48.0558
0
VERTEX
8
CUT
10
79.7619
20
47.8177
0
VERTEX
8
CUT
10
79.7155
20
47.5738
0
VERTEX
8
CUT
10
79.6936
20
47.3265
0
VERTEX
8
CUT
10
79.6963
20
47.0782
0
VERTEX
8
CUT
10
79.7381
20
46.3902
0
VERTEX
8
CUT
10
79.7605
20
46.1748
0
VERTEX
8
CUT
10
79.8015
20
45.9622
0
VERTEX
8
CUT
10
80.1208
20
44.6222
0
VERTEX
8
CUT
10
80.1857
20
44.3971
0
VERTEX
8
CUT
10
80.2714
20
44.1791
0
VERTEX
8
CUT
10
80.8145
20
42.9674
0
VERTEX
8
CUT
10
80.9176
20
42.7629
0
VERTEX
8
CUT
10
81.0390
20
42.5688
0
VERTEX
8
CUT
10
81.7862
20
41.4874
0
VERTEX
8
CUT
10
81.9124
20
41.3202
0
VERTEX
8
CUT
10
82.0521
20
41.1642
0
VERTEX
8
CUT
10
82.9909
20
40.2003
0
VERTEX
8
CUT
10
83.1748
20
40.0295
0
VERTEX
8
CUT
10
83.3749
20
39.8781
0
VERTEX
8
CUT
10
84.3911
20
39.1862
0
VERTEX
8
CUT
10
84.6331
20
39.0407
0
VERTEX
8
CUT
10
84.8900
20
38.9235
0
VERTEX
8
CUT
10
86.4496
20
38.3154
0
VERTEX
8
CUT
10
86.6686
20
38.2415
0
VERTEX
8
CUT
10
86.8935
20
38.1881
0
VERTEX
8
CUT
10
87.1223
20
38.1558
0
VERTEX
8
CUT
10
87.3532
20
38.1447
0
VERTEX
8
CUT
10
89.1280
20
38.1415
0
VERTEX
8
CUT
10
89.3186
20
38.1484
0
VERTEX
8
CUT
10
89.5082
20
38.1699
0
VERTEX
8
CUT
10
90.8089
20
38.3676
0
VERTEX
8
CUT
10
91.0349
20
38.4127
0
VERTEX
8
CUT
10
91.2557
20
38.4784
0
VERTEX
8
CUT
10
92.0696
20
38.7619
0
VERTEX
8
CUT
10
92.2668
20
38.8402
0
VERTEX
8
CUT
10
92.4567
20
38.9349
0
VERTEX
8
CUT
10
92.6379
20
39.0454
0
VERTEX
8
CUT
10
94.1297
20
40.0442
0
VERTEX
8
CUT
10
94.3066
20
40.1742
0
VERTEX
8
CUT
10
94.4714
20
40.3193
0
VERTEX
8
CUT
10
94.6229
20
40.4783
0
VERTEX
8
CUT
10
95.9732
20
42.0266
0
VERTEX
8
CUT
10
96.1526
20
42.2585
0
VERTEX
8
CUT
10
96.3037
20
42.5099
0
VERTEX
8
CUT
10
96.6017
20
43.0788
0
VERTEX
8
CUT
10
96.7059
20
43.3045
0
VERTEX
8
CUT
10
96.7872
20
43.5394
0
VERTEX
8
CUT
10
96.8448
20
43.7812
0
VERTEX
8
CUT
10
96.8781
20
44.0276
0
VERTEX
8
CUT
10
96.8867
20
44.2760
0
VERTEX
8
CUT
10
96.8706
20
44.5241
0
VERTEX
8
CUT
10
96.8300
20
44.7693
0
VERTEX
8
CUT
10
96.7652
20
45.0093
0
VERTEX
8
CUT
10
96.6769
20
45.2417
0
VERTEX
8
CUT
10
96.5660
20
45.4642
0
VERTEX
8
CUT
10
96.4335
20
45.6745
0
VERTEX
8
CUT
10
96.2808
20
45.8706
0
VERTEX
8
CUT
10
96.1094
20
46.0507
0
VERTEX
8
CUT
10
95.9209
20
46.2128
0
VERTEX
8
CUT
10
95.7173
20
46.3553
0
VERTEX
8
CUT
10
95.5005
20
46.4770
0
VERTEX
8
CUT
10
95.2727
20
46.5765
0
VERTEX
8
CUT
10
95.0362
20
46.6529
0
VERTEX
8
CUT
10
94.7932
20
46.7054
0
VERTEX
8
CUT
10
94.5462
20
46.7336
0
VERTEX
8
CUT
10
94.2977
20
46.7371
0
VERTEX
8
CUT
10
94.0500
20
46.7159
0
VERTEX
8
CUT
10
93.8056
20
46.6701
0
VERTEX
8
CUT
10
93.5670
20
46.6004
0
VERTEX
8
CUT
10
93.3366
20
46.5073
0
VERTEX
8
CUT
10
93.1164
20
46.3917
0
VERTEX
8
CUT
10
92.7974
20
46.2035
0
VERTEX
8
CUT
10
92.7811
20
46.1950
0
VERTEX
8
CUT
10
92.5878
20
46.0830
0
VERTEX
8
CUT
10
92.4052
20
45.9541
0
VERTEX
8
CUT
10
92.2348
20
45.8095
0
VERTEX
8
CUT
10
92.0781
20
45.6502
0
VERTEX
8
CUT
10
91.9745
20
45.5351
0
VERTEX
8
CUT
10
91.7519
20
45.3255
0
VERTEX
8
CUT
10
91.5184
20
45.1438
0
VERTEX
8
CUT
10
91.2688
20
44.9849
0
VERTEX
8
CUT
10
91.0055
20
44.8502
0
VERTEX
8
CUT
10
90.7307
20
44.7408
0
VERTEX
8
CUT
10
90.4468
20
44.6576
0
VERTEX
8
CUT
10
90.1563
20
44.6016
0
VERTEX
8
CUT
10
89.8619
20
44.5730
0
VERTEX
8
CUT
10
89.5376
20
44.5722
0
VERTEX
8
CUT
10
89.5061
20
44.5736
0
VERTEX
8
CUT
10
89.3301
20
44.5856
0
VERTEX
8
CUT
10
89.0777
20
44.6088
0
VERTEX
8
CUT
10
88.8735
20
44.6332
0
VERTEX
8
CUT
10
88.8372
20
44.6385
0
VERTEX
8
CUT
10
88.4670
20
44.7141
0
VERTEX
8
CUT
10
88.1388
20
44.8195
0
VERTEX
8
CUT
10
87.7939
20
44.9739
0
VERTEX
8
CUT
10
87.7613
20
44.9907
0
VERTEX
8
CUT
10
87.5811
20
45.0898
0
VERTEX
8
CUT
10
87.1144
20
45.3635
0
VERTEX
8
CUT
10
86.9581
20
45.4604
0
VERTEX
8
CUT
10
86.9306
20
45.4784
0
VERTEX
8
CUT
10
86.6571
20
45.6771
0
VERTEX
8
CUT
10
86.4266
20
45.8820
0
VERTEX
8
CUT
10
86.2172
20
46.1085
0
VERTEX
8
CUT
10
86.0132
20
46.3781
0
VERTEX
8
CUT
10
85.9990
20
46.3989
0
VERTEX
8
CUT
10
85.8561
20
46.5883
0
VERTEX
8
CUT
10
85.6958
20
46.7633
0
VERTEX
8
CUT
10
85.5197
20
46.9224
0
VERTEX
8
CUT
10
85.3583
20
47.0548
0
VERTEX
8
CUT
10
85.3335
20
47.0761
0
VERTEX
8
CUT
10
85.0899
20
47.3078
0
VERTEX
8
CUT
10
84.8893
20
47.5398
0
VERTEX
8
CUT
10
84.7122
20
47.7902
0
VERTEX
8
CUT
10
84.5604
20
48.0567
0
VERTEX
8
CUT
10
84.4741
20
48.2497
0
VERTEX
8
CUT
10
84.3617
20
48.4711
0
VERTEX
8
CUT
10
84.2279
20
48.6802
0
VERTEX
8
CUT
10
84.0739
20
48.8750
0
VERTEX
8
CUT
10
83.9014
20
49.0536
0
VERTEX
8
CUT
10
83.7121
20
49.2142
0
VERTEX
8
CUT
10
83.5077
20
49.3552
0
VERTEX
8
CUT
10
83.2904
20
49.4753
0
VERTEX
8
CUT
10
83.0623
20
49.5732
0
VERTEX
8
CUT
10
82.8255
20
49.6480
0
VERTEX
8
CUT
10
82.5825
20
49.6989
0
VERTEX
8
CUT
10
82.3357
20
49.7255
0
VERTEX
8
CUT
10
82.0874
20
49.7275
0
VERTEX
8
CUT
10
81.8401
20
49.7048
0
VERTEX
8
CUT
10
81.5964
20
49.6577
0
VERTEX
8
CUT
10
81.3585
20
49.5867
0
VERTEX
8
CUT
10
81.1288
20
49.4924
0
VERTEX
8
CUT
10
80.9096
20
49.3758
0
SEQEND
0
POLYLINE
8
CUT
66
1
70
1
10
0.0
20
0.0
30
0.0
0
VERTEX
8
CUT
10
68.9339
20
141.1442
0
VERTEX
8
CUT
10
69.0312
20
140.9230
0
VERTEX
8
CUT
10
69.1494
20
140.7123
0
VERTEX
8
CUT
10
69.2874
20
140.5140
0
VERTEX
8
CUT
10
69.4439
20
140.3299
0
VERTEX
8
CUT
10
69.6175
20
140.1617
0
VERTEX
8
CUT
10
69.8065
20
140.0112
0
VERTEX
8
CUT
10
70.0091
20
139.8795
0
VERTEX
8
CUT
10
70.2235
20
139.7681
0
VERTEX
8
CUT
10
70.4477
20
139.6778
0
VERTEX
8
CUT
10
70.6795
20
139.6096
0
VERTEX
8
CUT
10
70.9168
20
139.5641
0
VERTEX
8
CUT
10
71.1574
20
139.5418
0
VERTEX
8
CUT
10
71.3990
20
139.5428
0
VERTEX
8
CUT
10
71.6394
20
139.5671
0
VERTEX
8
CUT
10
71.8764
20
139.6144
0
VERTEX
8
CUT
10
72.1076
20
139.6845
0
VERTEX
8
CUT
10
72.3310
20
139.7765
0
VERTEX
8
CUT
10
72.5445
20
139.8897
0
VERTEX
8
CUT
10
72.7461
20
140.0230
0
VERTEX
8
CUT
10
72.9339
20
140.1751
0
VERTEX
8
CUT
10
73.1061
20
140.3446
0
VERTEX
8
CUT
10
73.2611
20
140.5300
0
VERTEX
8
CUT
10
73.3975
20
140.7294
0
VERTEX
8
CUT
10
73.5674
20
141.0057
0
VERTEX
8
CUT
10
73.5732
20
141.0131
0
VERTEX
8
CUT
10
73.6878
20
141.1737
0
VERTEX
8
CUT
10
73.7893
20
141.3427
0
VERTEX
8
CUT
10
73.9082
20
141.5596
0
VERTEX
8
CUT
10
74.7005
20
142.8475
0
VERTEX
8
CUT
10
74.8193
20
143.0638
0
VERTEX
8
CUT
10
74.9162
20
143.2909
0
VERTEX
8
CUT
10
76.2055
20
146.7801
0
VERTEX
8
CUT
10
76.2786
20
147.0120
0
VERTEX
8
CUT
10
76.3289
20
147.2500
0
VERTEX
8
CUT
10
76.6011
20
148.9439
0
VERTEX
8
CUT
10
76.6280
20
149.1873
0
VERTEX
8
CUT
10
76.6311
20
149.4322
0
VERTEX
8
CUT
10
76.6101
20
149.6762
0
VERTEX
8
CUT
10
76.5654
20
149.9169
0
VERTEX
8
CUT
10
76.4974
20
150.1522
0
VERTEX
8
CUT
10
76.4066
20
150.3796
0
VERTEX
8
CUT
10
76.2940
20
150.5971
0
VERTEX
8
CUT
10
76.1608
20
150.8025
0
VERTEX
8
CUT
10
76.0080
20
150.9939
0
VERTEX
8
CUT
10
75.8372
20
151.1694
0
VERTEX
8
CUT
10
75.6501
20
151.3274
0
VERTEX
8
CUT
10
75.4485
20
151.4663
0
VERTEX
8
CUT
10
75.2342
20
151.5849
0
VERTEX
8
CUT
10
75.0094
20
151.6819
0
VERTEX
8
CUT
10
74.7761
20
151.7564
0
VERTEX
8
CUT
10
74.5367
20
151.8077
0
VERTEX
8
CUT
10
74.2933
20
151.8354
0
VERTEX
8
CUT
10
74.0485
20
151.8392
0
VERTEX
8
CUT
10
73.8044
20
151.8189
0
VERTEX
8
CUT
10
73.5636
20
151.7749
0
VERTEX
8
CUT
10
73.4106
20
151.7312
0
VERTEX
8
CUT
10
73.4103
20
151.7322
0
VERTEX
8
CUT
10
73.0188
20
151.6206
0
VERTEX
8
CUT
10
72.7094
20
151.5650
0
VERTEX
8
CUT
10
72.3960
20
151.5407
0
VERTEX
8
CUT
10
72.0817
20
151.5477
0
VERTEX
8
CUT
10
71.7697
20
151.5861
0
VERTEX
8
CUT
10
71.4631
20
151.6554
0
VERTEX
8
CUT
10
71.1649
20
151.7550
0
VERTEX
8
CUT
10
70.8506
20
151.8963
0
VERTEX
8
CUT
10
70.8487
20
151.8973
0
VERTEX
8
CUT
10
70.8486
20
151.8970
0
VERTEX
8
CUT
10
70.6937
20
151.9764
0
VERTEX
8
CUT
10
70.4672
20
152.0659
0
VERTEX
8
CUT
10
70.2331
20
152.1329
0
VERTEX
8
CUT
10
69.9936
20
152.1768
0
VERTEX
8
CUT
10
69.7509
20
152.1973
0
VERTEX
8
CUT
10
69.5075
20
152.1940
0
VERTEX
8
CUT
10
69.2654
20
152.1670
0
VERTEX
8
CUT
10
69.0272
20
152.1166
0
VERTEX
8
CUT
10
68.7950
20
152.0433
0
VERTEX
8
CUT
10
68.5710
20
151.9478
0
VERTEX
8
CUT
10
68.3574
20
151.8309
0
VERTEX
8
CUT
10
68.1562
20
151.6937
0
VERTEX
8
CUT
10
67.9692
20
151.5377
0
VERTEX
8
CUT
10
67.7984
20
151.3642
0
VERTEX
8
CUT
10
67.6452
20
151.1749
0
VERTEX
8
CUT
10
67.5112
20
150.9716
0
VERTEX
8
CUT
10
67.3975
20
150.7562
0
VERTEX
8
CUT
10
67.3054
20
150.5308
0
VERTEX
8
CUT
10
67.2357
20
150.2975
0
VERTEX
8
CUT
10
67.1889
20
150.0585
0
VERTEX
8
CUT
10
67.1657
20
149.8161
0
VERTEX
8
CUT
10
67.1661
20
149.5726
0
VERTEX
8
CUT
10
67.1902
20
149.3303
0
VERTEX
8
CUT
10
67.2378
20
149.0915
0
VERTEX
8
CUT
10
67.3084
20
148.8584
0
VERTEX
8
CUT
10
67.4013
20
148.6334
0
VERTEX
8
CUT
10
67.4852
20
148.4757
0
VERTEX
8
CUT
10
67.4849
20
148.4756
0
VERTEX
8
CUT
10
67.6806
20
148.1087
0
VERTEX
8
CUT
10
67.6943
20
148.0799
0
VERTEX
8
CUT
10
67.7668
20
147.9171
0
VERTEX
8
CUT
10
67.8868
20
147.6293
0
VERTEX
8
CUT
10
67.9614
20
147.4354
0
VERTEX
8
CUT
10
67.9738
20
147.4004
0
VERTEX
8
CUT
10
68.0903
20
147.0017
0
VERTEX
8
CUT
10
68.0987
20
146.9656
0
VERTEX
8
CUT
10
68.1402
20
146.7620
0
VERTEX
8
CUT
10
68.5596
20
144.3671
0
VERTEX
8
CUT
10
68.5867
20
144.1868
0
VERTEX
8
CUT
10
68.6021
20
144.0638
0
VERTEX
8
CUT
10
68.6204
20
143.8824
0
VERTEX
8
CUT
10
68.7754
20
141.8493
0
VERTEX
8
CUT
10
68.8054
20
141.6095
0
VERTEX
8
CUT
10
68.8584
20
141.3738
0
SEQEND
0
POLYLINE
8
CUT
66
1
70
1
10
0.0
20
0.0
30
0.0
0
VERTEX
8
CUT
10
54.6587
20
217.3732
0
VERTEX
8
CUT
10
54.8769
20
217.2530
0
VERTEX
8
CUT
10
55.1059
20
217.1551
0
VERTEX
8
CUT
10
55.9947
20
216.8265
0
VERTEX
8
CUT
10
56.0653
20
216.7976
0
VERTEX
8
CUT
10
56.1120
20
216.7832
0
VERTEX
8
CUT
10
56.1911
20
216.7539
0
VERTEX
8
CUT
10
56.3958
20
216.6881
0
VERTEX
8
CUT
10
56.6055
20
216.6401
0
VERTEX
8
CUT
10
56.8185
20
216.6103
0
VERTEX
8
CUT
10
56.9869
20
216.5941
0
VERTEX
8
CUT
10
57.2624
20
216.5829
0
VERTEX
8
CUT
10
57.5374
20
216.6020
0
VERTEX
8
CUT
10
57.8086
20
216.6514
0
VERTEX
8
CUT
10
57.9433
20
216.6836
0
VERTEX
8
CUT
10
58.0766
20
216.7027
0
VERTEX
8
CUT
10
58.2862
20
216.7513
0
VERTEX
8
CUT
10
58.4546
20
216.8060
0
VERTEX
8
CUT
10
58.7896
20
216.8863
0
VERTEX
8
CUT
10
59.0127
20
216.9508
0
VERTEX
8
CUT
10
59.2289
20
217.0357
0
VERTEX
8
CUT
10
59.4362
20
217.1404
0
VERTEX
8
CUT
10
60.2994
20
217.6276
0
VERTEX
8
CUT
10
60.5497
20
217.7893
0
VERTEX
8
CUT
10
60.7790
20
217.9796
0
VERTEX
8
CUT
10
60.9452
20
218.1352
0
VERTEX
8
CUT
10
61.1292
20
218.3267
0
VERTEX
8
CUT
10
61.2918
20
218.5367
0
VERTEX
8
CUT
10
61.7592
20
219.2114
0
VERTEX
8
CUT
10
61.8892
20
219.4202
0
VERTEX
8
CUT
10
61.9980
20
219.6408
0
VERTEX
8
CUT
10
62.0846
20
219.8711
0
VERTEX
8
CUT
10
62.1065
20
219.9529
0
VERTEX
8
CUT
10
62.1159
20
219.9736
0
VERTEX
8
CUT
10
62.1978
20
220.2177
0
VERTEX
8
CUT
10
62.2542
20
220.4689
0
VERTEX
8
CUT
10
62.2845
20
220.7246
0
VERTEX
8
CUT
10
62.2861
20
220.7493
0
VERTEX
8
CUT
10
62.4508
20
221.5140
0
VERTEX
8
CUT
10
62.4899
20
221.7502
0
VERTEX
8
CUT
10
62.5063
20
221.9890
0
VERTEX
8
CUT
10
62.4998
20
222.2283
0
VERTEX
8
CUT
10
62.4703
20
222.4659
0
VERTEX
8
CUT
10
62.4126
20
222.8000
0
VERTEX
8
CUT
10
62.4134
20
222.8469
0
VERTEX
8
CUT
10
62.3940
20
223.0895
0
VERTEX
8
CUT
10
62.3511
20
223.3291
0
VERTEX
8
CUT
10
62.2851
20
223.5634
0
VERTEX
8
CUT
10
62.2762
20
223.5901
0
VERTEX
8
CUT
10
62.2471
20
223.7583
0
VERTEX
8
CUT
10
62.1963
20
223.9878
0
VERTEX
8
CUT
10
62.1241
20
224.2114
0
VERTEX
8
CUT
10
62.0312
20
224.4274
0
VERTEX
8
CUT
10
61.9185
20
224.6336
0
VERTEX
8
CUT
10
61.3863
20
225.5070
0
VERTEX
8
CUT
10
61.2338
20
225.7294
0
VERTEX
8
CUT
10
61.0581
20
225.9341
0
VERTEX
8
CUT
10
60.8615
20
226.1187
0
VERTEX
8
CUT
10
60.6461
20
226.2810
0
VERTEX
8
CUT
10
59.8706
20
226.8023
0
VERTEX
8
CUT
10
59.6541
20
226.9324
0
VERTEX
8
CUT
10
59.4257
20
227.0401
0
VERTEX
8
CUT
10
59.1876
20
227.1241
0
VERTEX
8
CUT
10
58.9422
20
227.1836
0
VERTEX
8
CUT
10
58.7264
20
227.2246
0
VERTEX
8
CUT
10
58.6185
20
227.2619
0
VERTEX
8
CUT
10
58.4180
20
227.3219
0
VERTEX
8
CUT
10
58.2132
20
227.3649
0
VERTEX
8
CUT
10
58.0056
20
227.3907
0
VERTEX
8
CUT
10
57.7357
20
227.4127
0
VERTEX
8
CUT
10
57.7161
20
227.4165
0
VERTEX
8
CUT
10
57.4926
20
227.4485
0
VERTEX
8
CUT
10
57.2670
20
227.4603
0
VERTEX
8
CUT
10
57.0635
20
227.4525
0
VERTEX
8
CUT
10
57.0096
20
227.4536
0
VERTEX
8
CUT
10
56.7080
20
227.4232
0
VERTEX
8
CUT
10
56.0518
20
227.3165
0
VERTEX
8
CUT
10
55.8396
20
227.2724
0
VERTEX
8
CUT
10
55.6320
20
227.2102
0
VERTEX
8
CUT
10
55.6247
20
227.2073
0
VERTEX
8
CUT
10
55.4948
20
227.1777
0
VERTEX
8
CUT
10
55.2580
20
227.0982
0
VERTEX
8
CUT
10
55.0302
20
226.9955
0
VERTEX
8
CUT
10
54.8139
20
226.8705
0
VERTEX
8
CUT
10
54.7136
20
226.8057
0
VERTEX
8
CUT
10
54.5724
20
226.7347
0
VERTEX
8
CUT
10
54.3834
20
226.6176
0
VERTEX
8
CUT
10
54.2056
20
226.4842
0
VERTEX
8
CUT
10
54.1671
20
226.4526
0
VERTEX
8
CUT
10
54.0755
20
226.3934
0
VERTEX
8
CUT
10
53.8662
20
226.2422
0
VERTEX
8
CUT
10
53.6736
20
226.0703
0
VERTEX
8
CUT
10
53.5408
20
225.9244
0
VERTEX
8
CUT
10
53.5301
20
225.9148
0
VERTEX
8
CUT
10
53.3733
20
225.7443
0
VERTEX
8
CUT
10
53.2330
20
225.5601
0
VERTEX
8
CUT
10
52.8940
20
225.0694
0
VERTEX
8
CUT
10
52.7522
20
224.8383
0
VERTEX
8
CUT
10
52.6362
20
224.5932
0
VERTEX
8
CUT
10
52.5886
20
224.4555
0
VERTEX
8
CUT
10
52.5620
20
224.3988
0
VERTEX
8
CUT
10
52.4809
20
224.1702
0
VERTEX
8
CUT
10
52.3708
20
223.8047
0
VERTEX
8
CUT
10
52.3079
20
223.5469
0
VERTEX
8
CUT
10
52.2962
20
223.4599
0
VERTEX
8
CUT
10
52.2282
20
223.2224
0
VERTEX
8
CUT
10
52.1778
20
223.0131
0
VERTEX
8
CUT
10
52.1457
20
222.8002
0
VERTEX
8
CUT
10
52.1320
20
222.5854
0
VERTEX
8
CUT
10
52.1368
20
222.3702
0
VERTEX
8
CUT
10
52.1648
20
221.9426
0
VERTEX
8
CUT
10
52.1602
20
221.8848
0
VERTEX
8
CUT
10
52.1526
20
221.6383
0
VERTEX
8
CUT
10
52.1693
20
221.3923
0
VERTEX
8
CUT
10
52.2102
20
221.1491
0
VERTEX
8
CUT
10
52.2305
20
221.0564
0
VERTEX
8
CUT
10
52.2468
20
220.9217
0
VERTEX
8
CUT
10
52.3090
20
220.6554
0
VERTEX
8
CUT
10
52.3339
20
220.5851
0
VERTEX
8
CUT
10
52.4249
20
220.1697
0
VERTEX
8
CUT
10
52.5013
20
219.8965
0
VERTEX
8
CUT
10
52.6081
20
219.6337
0
VERTEX
8
CUT
10
52.7441
20
219.3847
0
VERTEX
8
CUT
10
53.1701
20
218.6997
0
VERTEX
8
CUT
10
53.2979
20
218.5137
0
VERTEX
8
CUT
10
53.4418
20
218.3399
0
VERTEX
8
CUT
10
53.6009
20
218.1798
0
VERTEX
8
CUT
10
53.7738
20
218.0347
0
VERTEX
8
CUT
10
54.4536
20
217.5146
0
SEQEND
0
POLYLINE
8
CUT
66
1
70
1
10
0.0
20
0.0
30
0.0
0
VERTEX
8
CUT
10
54.7171
20
129.0042
0
VERTEX
8
CUT
10
54.9547
20
128.9409
0
VERTEX
8
CUT
10
55.1974
20
128.9012
0
VERTEX
8
CUT
10
55.4427
20
128.8855
0
VERTEX
8
CUT
10
55.6412
20
128.8923
0
VERTEX
8
CUT
10
56.0760
20
128.9061
0
VERTEX
8
CUT
10
56.1109
20
128.9054
0
VERTEX
8
CUT
10
56.3060
20
128.8963
0
VERTEX
8
CUT
10
57.6942
20
128.7955
0
VERTEX
8
CUT
10
57.9423
20
128.7899
0
VERTEX
8
CUT
10
58.1898
20
128.8088
0
VERTEX
8
CUT
10
58.4341
20
128.8522
0
VERTEX
8
CUT
10
58.6730
20
128.9196
0
VERTEX
8
CUT
10
58.9039
20
129.0104
0
VERTEX
8
CUT
10
59.1248
20
129.1236
0
VERTEX
8
CUT
10
59.3333
20
129.2581
0
VERTEX
8
CUT
10
59.5275
20
129.4127
0
VERTEX
8
CUT
10
59.7054
20
129.5857
0
VERTEX
8
CUT
10
60.3024
20
130.2272
0
VERTEX
8
CUT
10
60.4538
20
130.4061
0
VERTEX
8
CUT
10
60.5879
20
130.5984
0
VERTEX
8
CUT
10
60.7034
20
130.8024
0
VERTEX
8
CUT
10
61.5050
20
132.3879
0
VERTEX
8
CUT
10
61.6081
20
132.6206
0
VERTEX
8
CUT
10
61.6871
20
132.8627
0
VERTEX
8
CUT
10
61.8713
20
133.5432
0
VERTEX
8
CUT
10
61.9243
20
133.7865
0
VERTEX
8
CUT
10
61.9528
20
134.0340
0
VERTEX
8
CUT
10
61.9566
20
134.2830
0
VERTEX
8
CUT
10
61.9356
20
134.5312
0
VERTEX
8
CUT
10
61.8899
20
134.7761
0
VERTEX
8
CUT
10
61.8202
20
135.0152
0
VERTEX
8
CUT
10
61.7270
20
135.2462
0
VERTEX
8
CUT
10
61.6112
20
135.4668
0
VERTEX
8
CUT
10
61.4741
20
135.6748
0
VERTEX
8
CUT
10
61.3170
20
135.8680
0
VERTEX
8
CUT
10
61.1414
20
136.0447
0
VERTEX
8
CUT
10
60.9491
20
136.2030
0
VERTEX
8
CUT
10
60.7420
20
136.3415
0
VERTEX
8
CUT
10
60.5222
20
136.4586
0
VERTEX
8
CUT
10
60.2918
20
136.5532
0
VERTEX
8
CUT
10
60.0531
20
136.6245
0
VERTEX
8
CUT
10
59.8085
20
136.6716
0
VERTEX
8
CUT
10
59.5604
20
136.6942
0
VERTEX
8
CUT
10
59.3113
20
136.6920
0
VERTEX
8
CUT
10
59.0637
20
136.6650
0
VERTEX
8
CUT
10
58.8200
20
136.6135
0
VERTEX
8
CUT
10
58.5826
20
136.5380
0
VERTEX
8
CUT
10
58.3540
20
136.4393
0
VERTEX
8
CUT
10
56.1070
20
135.3332
0
VERTEX
8
CUT
10
55.7902
20
135.1472
0
VERTEX
8
CUT
10
54.8530
20
134.4997
0
VERTEX
8
CUT
10
54.6880
20
134.3753
0
VERTEX
8
CUT
10
54.5338
20
134.2378
0
VERTEX
8
CUT
10
54.3916
20
134.0880
0
VERTEX
8
CUT
10
53.8278
20
133.4429
0
VERTEX
8
CUT
10
53.6670
20
133.2385
0
VERTEX
8
CUT
10
53.5284
20
133.0184
0
VERTEX
8
CUT
10
53.2976
20
132.6059
0
VERTEX
8
CUT
10
53.1883
20
132.3857
0
VERTEX
8
CUT
10
53.1011
20
132.1558
0
VERTEX
8
CUT
10
53.0369
20
131.9184
0
VERTEX
8
CUT
10
52.9963
20
131.6759
0
VERTEX
8
CUT
10
52.9797
20
131.4306
0
VERTEX
8
CUT
10
52.9874
20
131.1848
0
VERTEX
8
CUT
10
53.0191
20
130.9410
0
VERTEX
8
CUT
10
53.0746
20
130.7015
0
VERTEX
8
CUT
10
53.1535
20
130.4685
0
VERTEX
8
CUT
10
53.2548
20
130.2445
0
VERTEX
8
CUT
10
53.3776
20
130.0315
0
VERTEX
8
CUT
10
53.5207
20
129.8316
0
VERTEX
8
CUT
10
53.6828
20
129.6467
0
VERTEX
8
CUT
10
53.8623
20
129.4786
0
VERTEX
8
CUT
10
54.0574
20
129.3290
0
VERTEX
8
CUT
10
54.2663
20
129.1992
0
VERTEX
8
CUT
10
54.4869
20
129.0906
0
SEQEND
0
POLYLINE
8
CUT
66
1
70
1
10
0.0
20
0.0
30
0.0
0
VERTEX
8
CUT
10
34.0484
20
257.8865
0
VERTEX
8
CUT
10
34.2309
20
257.7492
0
VERTEX
8
CUT
10
34.4252
20
257.6291
0
VERTEX
8
CUT
10
34.6296
20
257.5272
0
VERTEX
8
CUT
10
35.3956
20
257.1883
0
VERTEX
8
CUT
10
35.6177
20
257.1025
0
VERTEX
8
CUT
10
35.8469
20
257.0381
0
VERTEX
8
CUT
10
36.0812
20
256.9959
0
VERTEX
8
CUT
10
36.3185
20
256.9761
0
VERTEX
8
CUT
10
36.5810
20
256.9668
0
VERTEX
8
CUT
10
36.7459
20
256.9445
0
VERTEX
8
CUT
10
37.0388
20
256.9224
0
VERTEX
8
CUT
10
37.3324
20
256.9347
0
VERTEX
8
CUT
10
37.4246
20
256.9441
0
VERTEX
8
CUT
10
37.4764
20
256.9445
0
VERTEX
8
CUT
10
37.6922
20
256.9649
0
VERTEX
8
CUT
10
37.7676
20
256.9788
0
VERTEX
8
CUT
10
38.4439
20
257.0472
0
VERTEX
8
CUT
10
38.6580
20
257.0783
0
VERTEX
8
CUT
10
38.8687
20
257.1278
0
VERTEX
8
CUT
10
39.0743
20
257.1953
0
VERTEX
8
CUT
10
39.2732
20
257.2804
0
VERTEX
8
CUT
10
39.4302
20
257.3556
0
VERTEX
8
CUT
10
39.5894
20
257.3998
0
VERTEX
8
CUT
10
39.8053
20
257.4819
0
VERTEX
8
CUT
10
40.0127
20
257.5836
0
VERTEX
8
CUT
10
40.2098
20
257.7040
0
VERTEX
8
CUT
10
40.8211
20
258.1172
0
VERTEX
8
CUT
10
41.0298
20
258.2747
0
VERTEX
8
CUT
10
41.2210
20
258.4533
0
VERTEX
8
CUT
10
41.4969
20
258.7395
0
VERTEX
8
CUT
10
41.6940
20
258.9705
0
VERTEX
8
CUT
10
41.8616
20
259.2236
0
VERTEX
8
CUT
10
42.2719
20
259.9334
0
VERTEX
8
CUT
10
42.3731
20
260.1278
0
VERTEX
8
CUT
10
42.4569
20
260.3302
0
VERTEX
8
CUT
10
42.5227
20
260.5392
0
VERTEX
8
CUT
10
42.6593
20
261.0506
0
VERTEX
8
CUT
10
42.7063
20
261.2631
0
VERTEX
8
CUT
10
42.7138
20
261.3203
0
VERTEX
8
CUT
10
42.7848
20
261.5277
0
VERTEX
8
CUT
10
42.8467
20
261.7387
0
VERTEX
8
CUT
10
42.8899
20
261.9543
0
VERTEX
8
CUT
10
42.9140
20
262.1729
0
VERTEX
8
CUT
10
42.9305
20
262.4251
0
VERTEX
8
CUT
10
42.9335
20
262.7001
0
VERTEX
8
CUT
10
42.9062
20
262.9738
0
VERTEX
8
CUT
10
42.7228
20
264.1513
0
VERTEX
8
CUT
10
42.6806
20
264.3619
0
VERTEX
8
CUT
10
42.6206
20
264.5681
0
VERTEX
8
CUT
10
42.5430
20
264.7684
0
VERTEX
8
CUT
10
42.1440
20
265.6807
0
VERTEX
8
CUT
10
42.0348
20
265.9005
0
VERTEX
8
CUT
10
41.9045
20
266.1084
0
VERTEX
8
CUT
10
41.7545
20
266.3026
0
VERTEX
8
CUT
10
41.1660
20
266.9916
0
VERTEX
8
CUT
10
41.0140
20
267.1543
0
VERTEX
8
CUT
10
40.8481
20
267.3028
0
VERTEX
8
CUT
10
40.6697
20
267.4360
0
VERTEX
8
CUT
10
40.0022
20
267.8894
0
VERTEX
8
CUT
10
39.8054
20
268.0101
0
VERTEX
8
CUT
10
39.5983
20
268.1123
0
VERTEX
8
CUT
10
39.3827
20
268.1948
0
VERTEX
8
CUT
10
38.6014
20
268.4532
0
VERTEX
8
CUT
10
38.3903
20
268.5129
0
VERTEX
8
CUT
10
38.1747
20
268.5539
0
VERTEX
8
CUT
10
37.9564
20
268.5758
0
VERTEX
8
CUT
10
37.1257
20
268.6224
0
VERTEX
8
CUT
10
36.8790
20
268.6241
0
VERTEX
8
CUT
10
36.6333
20
268.6014
0
VERTEX
8
CUT
10
36.3911
20
268.5546
0
VERTEX
8
CUT
10
35.6256
20
268.3672
0
VERTEX
8
CUT
10
35.3859
20
268.2956
0
VERTEX
8
CUT
10
35.1546
20
268.2005
0
VERTEX
8
CUT
10
34.9339
20
268.0827
0
VERTEX
8
CUT
10
34.6593
20
267.9179
0
VERTEX
8
CUT
10
34.5608
20
267.8810
0
VERTEX
8
CUT
10
34.5588
20
267.8802
0
VERTEX
8
CUT
10
34.3588
20
267.7836
0
VERTEX
8
CUT
10
34.1681
20
267.6697
0
VERTEX
8
CUT
10
33.9883
20
267.5393
0
VERTEX
8
CUT
10
33.6602
20
267.2784
0
VERTEX
8
CUT
10
33.4945
20
267.1343
0
VERTEX
8
CUT
10
33.3421
20
266.9762
0
VERTEX
8
CUT
10
33.2041
20
266.8053
0
VERTEX
8
CUT
10
32.7904
20
266.2441
0
VERTEX
8
CUT
10
32.5120
20
265.9103
0
VERTEX
8
CUT
10
32.3639
20
265.7136
0
VERTEX
8
CUT
10
32.2357
20
265.5032
0
VERTEX
8
CUT
10
32.1289
20
265.2813
0
VERTEX
8
CUT
10
32.1153
20
265.2440
0
VERTEX
8
CUT
10
32.0987
20
265.2118
0
VERTEX
8
CUT
10
32.0029
20
264.9651
0
VERTEX
8
CUT
10
31.8095
20
264.3770
0
VERTEX
8
CUT
10
31.7420
20
264.1296
0
VERTEX
8
CUT
10
31.7228
20
264.0127
0
VERTEX
8
CUT
10
31.6752
20
263.8595
0
VERTEX
8
CUT
10
31.6169
20
263.6353
0
VERTEX
8
CUT
10
31.5796
20
263.4067
0
VERTEX
8
CUT
10
31.5637
20
263.1756
0
VERTEX
8
CUT
10
31.5692
20
262.9440
0
VERTEX
8
CUT
10
31.6608
20
261.6375
0
VERTEX
8
CUT
10
31.6917
20
261.3839
0
VERTEX
8
CUT
10
31.7483
20
261.1347
0
VERTEX
8
CUT
10
31.8300
20
260.8926
0
VERTEX
8
CUT
10
31.9361
20
260.6601
0
VERTEX
8
CUT
10
32.5887
20
259.4036
0
VERTEX
8
CUT
10
32.7042
20
259.2042
0
VERTEX
8
CUT
10
32.8376
20
259.0163
0
VERTEX
8
CUT
10
32.9877
20
258.8415
0
VERTEX
8
CUT
10
33.1533
20
258.6812
0
VERTEX
8
CUT
10
33.3400
20
258.5165
0
VERTEX
8
CUT
10
33.4281
20
258.4168
0
VERTEX
8
CUT
10
33.6200
20
258.2405
0
SEQEND
0
POLYLINE
8
CUT
66
1
70
1
10
0.0
20
0.0
30
0.0
0
VERTEX
8
CUT
10
123.8630
20
200.7544
0
VERTEX
8
CUT
10
124.6136
20
201.0955
0
VERTEX
8
CUT
10
124.8010
20
201.1746
0
VERTEX
8
CUT
10
124.8348
20
201.1878
0
VERTEX
8
CUT
10
125.1898
20
201.3046
0
VERTEX
8
CUT
10
125.5554
20
201.3824
0
VERTEX
8
CUT
10
125.5912
20
201.3880
0
VERTEX
8
CUT
10
125.7930
20
201.4140
0
VERTEX
8
CUT
10
126.4813
20
201.4838
0
VERTEX
8
CUT
10
126.5806
20
201.4914
0
VERTEX
8
CUT
10
126.6220
20
201.4913
0
VERTEX
8
CUT
10
126.7421
20
201.4967
0
VERTEX
8
CUT
10
126.7762
20
201.4974
0
VERTEX
8
CUT
10
126.8577
20
201.4948
0
VERTEX
8
CUT
10
126.9588
20
201.4861
0
VERTEX
8
CUT
10
126.9864
20
201.4826
0
VERTEX
8
CUT
10
127.1402
20
201.4596
0
VERTEX
8
CUT
10
127.4746
20
201.4025
0
VERTEX
8
CUT
10
127.6882
20
201.3597
0
VERTEX
8
CUT
10
127.7260
20
201.3509
0
VERTEX
8
CUT
10
128.1437
20
201.2285
0
VERTEX
8
CUT
10
128.1802
20
201.2154
0
VERTEX
8
CUT
10
128.3831
20
201.1362
0
VERTEX
8
CUT
10
130.4749
20
200.2483
0
VERTEX
8
CUT
10
130.6031
20
200.1911
0
VERTEX
8
CUT
10
130.6258
20
200.1804
0
VERTEX
8
CUT
10
130.8753
20
200.0517
0
VERTEX
8
CUT
10
130.8972
20
200.0394
0
VERTEX
8
CUT
10
131.0182
20
199.9681
0
VERTEX
8
CUT
10
134.4945
20
197.8313
0
VERTEX
8
CUT
10
134.7000
20
197.7179
0
VERTEX
8
CUT
10
136.2047
20
196.9776
0
VERTEX
8
CUT
10
136.6865
20
196.6962
0
VERTEX
8
CUT
10
136.8657
20
196.6011
0
VERTEX
8
CUT
10
137.0520
20
196.5208
0
VERTEX
8
CUT
10
137.4195
20
196.3799
0
VERTEX
8
CUT
10
138.3867
20
195.9040
0
VERTEX
8
CUT
10
138.5950
20
195.8131
0
VERTEX
8
CUT
10
138.8106
20
195.7414
0
VERTEX
8
CUT
10
139.8505
20
195.4476
0
VERTEX
8
CUT
10
140.3376
20
195.2608
0
VERTEX
8
CUT
10
140.5475
20
195.1908
0
VERTEX
8
CUT
10
140.7627
20
195.1396
0
VERTEX
8
CUT
10
141.3139
20
195.0341
0
VERTEX
8
CUT
10
142.3296
20
194.7471
0
VERTEX
8
CUT
10
142.5347
20
194.6984
0
VERTEX
8
CUT
10
142.7431
20
194.6672
0
VERTEX
8
CUT
10
143.8503
20
194.5486
0
VERTEX
8
CUT
10
144.4387
20
194.4359
0
VERTEX
8
CUT
10
144.6442
20
194.4054
0
VERTEX
8
CUT
10
144.8516
20
194.3920
0
VERTEX
8
CUT
10
145.4369
20
194.3786
0
VERTEX
8
CUT
10
147.0289
20
194.2081
0
VERTEX
8
CUT
10
147.2952
20
194.1939
0
VERTEX
8
CUT
10
152.4479
20
194.1939
0
VERTEX
8
CUT
10
152.4832
20
194.1941
0
VERTEX
8
CUT
10
152.4897
20
194.1942
0
VERTEX
8
CUT
10
152.6381
20
194.2007
0
VERTEX
8
CUT
10
154.7647
20
194.3574
0
VERTEX
8
CUT
10
155.0213
20
194.3897
0
VERTEX
8
CUT
10
156.5401
20
194.6614
0
VERTEX
8
CUT
10
156.5773
20
194.6651
0
VERTEX
8
CUT
10
156.7661
20
194.6916
0
VERTEX
8
CUT
10
156.9523
20
194.7324
0
VERTEX
8
CUT
10
156.9859
20
194.7411
0
VERTEX
8
CUT
10
158.7373
20
195.0544
0
VERTEX
8
CUT
10
158.9628
20
195.1055
0
VERTEX
8
CUT
10
159.1825
20
195.1773
0
VERTEX
8
CUT
10
160.2990
20
195.6002
0
VERTEX
8
CUT
10
160.4845
20
195.6483
0
VERTEX
8
CUT
10
160.6926
20
195.7120
0
VERTEX
8
CUT
10
160.8944
20
195.7936
0
VERTEX
8
CUT
10
161.3084
20
195.9824
0
VERTEX
8
CUT
10
162.4280
20
196.4064
0
VERTEX
8
CUT
10
162.6146
20
196.4858
0
VERTEX
8
CUT
10
162.7941
20
196.5802
0
VERTEX
8
CUT
10
163.4467
20
196.9575
0
VERTEX
8
CUT
10
164.1288
20
197.2686
0
VERTEX
8
CUT
10
164.3990
20
197.4124
0
VERTEX
8
CUT
10
167.1133
20
199.0778
0
VERTEX
8
CUT
10
169.0760
20
200.2127
0
VERTEX
8
CUT
10
169.2755
20
200.3202
0
VERTEX
8
CUT
10
169.4130
20
200.3890
0
VERTEX
8
CUT
10
169.6187
20
200.4842
0
VERTEX
8
CUT
10
171.2060
20
201.1617
0
VERTEX
8
CUT
10
171.3662
20
201.2258
0
VERTEX
8
CUT
10
171.3951
20
201.2366
0
VERTEX
8
CUT
10
171.7234
20
201.3422
0
VERTEX
8
CUT
10
171.7532
20
201.3503
0
VERTEX
8
CUT
10
171.9207
20
201.3917
0
VERTEX
8
CUT
10
172.0302
20
201.4162
0
VERTEX
8
CUT
10
172.2036
20
201.4505
0
VERTEX
8
CUT
10
172.2115
20
201.4519
0
VERTEX
8
CUT
10
172.2167
20
201.4523
0
VERTEX
8
CUT
10
172.2269
20
201.4531
0
VERTEX
8
CUT
10
172.2816
20
201.4575
0
VERTEX
8
CUT
10
172.8932
20
201.5063
0
VERTEX
8
CUT
10
172.9135
20
201.5060
0
VERTEX
8
CUT
10
173.0901
20
201.4989
0
VERTEX
8
CUT
10
173.8580
20
201.4501
0
VERTEX
8
CUT
10
174.0769
20
201.4297
0
VERTEX
8
CUT
10
174.1158
20
201.4249
0
VERTEX
8
CUT
10
174.2785
20
201.3952
0
VERTEX
8
CUT
10
174.4383
20
201.3574
0
VERTEX
8
CUT
10
174.7352
20
201.2579
0
VERTEX
8
CUT
10
174.7636
20
201.2469
0
VERTEX
8
CUT
10
174.9210
20
201.1819
0
VERTEX
8
CUT
10
175.7321
20
200.8254
0
VERTEX
8
CUT
10
175.9157
20
200.7387
0
VERTEX
8
CUT
10
175.9481
20
200.7223
0
VERTEX
8
CUT
10
176.2714
20
200.5361
0
VERTEX
8
CUT
10
176.5368
20
200.3423
0
VERTEX
8
CUT
10
176.6398
20
200.2456
0
VERTEX
8
CUT
10
177.7182
20
199.1884
0
VERTEX
8
CUT
10
177.8410
20
199.0622
0
VERTEX
8
CUT
10
177.8624
20
199.0392
0
VERTEX
8
CUT
10
177.9511
20
198.9341
0
VERTEX
8
CUT
10
177.9668
20
198.9124
0
VERTEX
8
CUT
10
177.9860
20
198.8822
0
VERTEX
8
CUT
10
178.0896
20
198.7104
0
VERTEX
8
CUT
10
178.6060
20
197.7992
0
VERTEX
8
CUT
10
178.6859
20
197.6505
0
VERTEX
8
CUT
10
178.6996
20
197.6236
0
VERTEX
8
CUT
10
178.8277
20
197.3410
0
VERTEX
8
CUT
10
178.9298
20
197.0480
0
VERTEX
8
CUT
10
178.9385
20
197.0191
0
VERTEX
8
CUT
10
178.9832
20
196.8563
0
VERTEX
8
CUT
10
179.3661
20
195.3279
0
VERTEX
8
CUT
10
179.4111
20
195.1249
0
VERTEX
8
CUT
10
179.4181
20
195.0885
0
VERTEX
8
CUT
10
179.4738
20
194.6766
0
VERTEX
8
CUT
10
179.4767
20
194.6397
0
VERTEX
8
CUT
10
179.4874
20
194.4321
0
VERTEX
8
CUT
10
179.5551
20
191.5755
0
VERTEX
8
CUT
10
179.5547
20
191.3826
0
VERTEX
8
CUT
10
179.5538
20
191.3481
0
VERTEX
8
CUT
10
179.5232
20
190.9637
0
VERTEX
8
CUT
10
179.5187
20
190.9296
0
VERTEX
8
CUT
10
179.4887
20
190.7390
0
VERTEX
8
CUT
10
178.9743
20
187.9457
0
VERTEX
8
CUT
10
178.9425
20
187.7912
0
VERTEX
8
CUT
10
178.9362
20
187.7636
0
VERTEX
8
CUT
10
178.8532
20
187.4594
0
VERTEX
8
CUT
10
178.8446
20
187.4325
0
VERTEX
8
CUT
10
178.7936
20
187.2832
0
VERTEX
8
CUT
10
175.6210
20
178.6024
0
VERTEX
8
CUT
10
175.6130
20
178.5800
0
VERTEX
8
CUT
10
175.6115
20
178.5759
0
VERTEX
8
CUT
10
175.5799
20
178.4808
0
VERTEX
8
CUT
10
175.0276
20
176.7004
0
VERTEX
8
CUT
10
174.9697
20
176.5287
0
VERTEX
8
CUT
10
174.9586
20
176.4981
0
VERTEX
8
CUT
10
174.8293
20
176.1903
0
VERTEX
8
CUT
10
174.6848
20
175.9221
0
VERTEX
8
CUT
10
174.5149
20
175.6693
0
VERTEX
8
CUT
10
174.3214
20
175.4340
0
VERTEX
8
CUT
10
174.1061
20
175.2186
0
VERTEX
8
CUT
10
173.8709
20
175.0250
0
VERTEX
8
CUT
10
173.6181
20
174.8550
0
VERTEX
8
CUT
10
173.3501
20
174.7104
0
VERTEX
8
CUT
10
173.0693
20
174.5923
0
VERTEX
8
CUT
10
172.7784
20
174.5020
0
VERTEX
8
CUT
10
172.4801
20
174.4402
0
VERTEX
8
CUT
10
172.1772
20
174.4075
0
VERTEX
8
CUT
10
171.8726
20
174.4044
0
VERTEX
8
CUT
10
171.5692
20
174.4307
0
VERTEX
8
CUT
10
171.3751
20
174.4666
0
VERTEX
8
CUT
10
171.1306
20
174.4996
0
VERTEX
8
CUT
10
170.8839
20
174.5083
0
VERTEX
8
CUT
10
170.6376
20
174.4926
0
VERTEX
8
CUT
10
170.3940
20
174.4527
0
VERTEX
8
CUT
10
170.1556
20
174.3890
0
VERTEX
8
CUT
10
169.9246
20
174.3021
0
VERTEX
8
CUT
10
169.7033
20
174.1929
0
VERTEX
8
CUT
10
169.4938
20
174.0623
0
VERTEX
8
CUT
10
169.2983
20
173.9117
0
VERTEX
8
CUT
10
169.1185
20
173.7426
0
VERTEX
8
CUT
10
168.9563
20
173.5566
0
VERTEX
8
CUT
10
168.8132
20
173.3555
0
VERTEX
8
CUT
10
168.6907
20
173.1413
0
VERTEX
8
CUT
10
168.5899
20
172.9160
0
VERTEX
8
CUT
10
168.5117
20
172.6819
0
VERTEX
8
CUT
10
168.4571
20
172.4412
0
VERTEX
8
CUT
10
168.4264
20
172.1963
0
VERTEX
8
CUT
10
168.4200
20
171.9496
0
VERTEX
8
CUT
10
168.4380
20
171.7034
0
VERTEX
8
CUT
10
168.4802
20
171.4603
0
VERTEX
8
CUT
10
168.5462
20
171.2224
0
VERTEX
8
CUT
10
168.6352
20
170.9923
0
VERTEX
8
CUT
10
168.7466
20
170.7720
0
VERTEX
8
CUT
10
168.8791
20
170.5638
0
VERTEX
8
CUT
10
169.0115
20
170.3767
0
VERTEX
8
CUT
10
169.1624
20
170.1130
0
VERTEX
8
CUT
10
169.2870
20
169.8360
0
VERTEX
8
CUT
10
169.3844
20
169.5483
0
VERTEX
8
CUT
10
169.4535
20
169.2524
0
VERTEX
8
CUT
10
169.4938
20
168.9513
0
VERTEX
8
CUT
10
169.5049
20
168.6478
0
VERTEX
8
CUT
10
169.4866
20
168.3445
0
VERTEX
8
CUT
10
169.4391
20
168.0445
0
VERTEX
8
CUT
10
169.3629
20
167.7504
0
VERTEX
8
CUT
10
169.2587
20
167.4651
0
VERTEX
8
CUT
10
169.1274
20
167.1911
0
VERTEX
8
CUT
10
168.9703
20
166.9311
0
VERTEX
8
CUT
10
168.7889
20
166.6874
0
VERTEX
8
CUT
10
168.5848
20
166.4624
0
VERTEX
8
CUT
10
168.3600
20
166.2581
0
VERTEX
8
CUT
10
168.1165
20
166.0765
0
VERTEX
8
CUT
10
167.8316
20
165.9041
0
VERTEX
8
CUT
10
167.8031
20
165.8887
0
VERTEX
8
CUT
10
167.6417
20
165.8064
0
VERTEX
8
CUT
10
167.1130
20
165.5526
0
VERTEX
8
CUT
10
166.9727
20
165.4887
0
VERTEX
8
CUT
10
166.9473
20
165.4778
0
VERTEX
8
CUT
10
166.6595
20
165.3677
0
VERTEX
8
CUT
10
166.6334
20
165.3589
0
VERTEX
8
CUT
10
166.4863
20
165.3128
0
VERTEX
8
CUT
10
165.4520
20
165.0119
0
VERTEX
8
CUT
10
165.3105
20
164.9737
0
VERTEX
8
CUT
10
165.2850
20
164.9674
0
VERTEX
8
CUT
10
164.9981
20
164.9077
0
VERTEX
8
CUT
10
164.9723
20
164.9034
0
VERTEX
8
CUT
10
164.8273
20
164.8820
0
VERTEX
8
CUT
10
163.5223
20
164.7156
0
VERTEX
8
CUT
10
163.3377
20
164.6967
0
VERTEX
8
CUT
10
163.2121
20
164.6870
0
VERTEX
8
CUT
10
163.0269
20
164.6772
0
VERTEX
8
CUT
10
161.4721
20
164.6339
0
VERTEX
8
CUT
10
161.2060
20
164.6359
0
VERTEX
8
CUT
10
161.0256
20
164.6437
0
VERTEX
8
CUT
10
160.7603
20
164.6646
0
VERTEX
8
CUT
10
152.8112
20
165.5758
0
VERTEX
8
CUT
10
152.7747
20
165.5797
0
VERTEX
8
CUT
10
152.7680
20
165.5804
0
VERTEX
8
CUT
10
152.6135
20
165.5910
0
VERTEX
8
CUT
10
149.6924
20
165.7005
0
VERTEX
8
CUT
10
149.4615
20
165.6984
0
VERTEX
8
CUT
10
146.5177
20
165.5365
0
VERTEX
8
CUT
10
146.2821
20
165.5123
0
VERTEX
8
CUT
10
141.9904
20
164.8648
0
VERTEX
8
CUT
10
141.8082
20
164.8419
0
VERTEX
8
CUT
10
141.6841
20
164.8294
0
VERTEX
8
CUT
10
141.5010
20
164.8154
0
VERTEX
8
CUT
10
138.0712
20
164.6376
0
VERTEX
8
CUT
10
137.8568
20
164.6326
0
VERTEX
8
CUT
10
137.7112
20
164.6334
0
VERTEX
8
CUT
10
137.4970
20
164.6407
0
VERTEX
8
CUT
10
135.7319
20
164.7513
0
VERTEX
8
CUT
10
135.4589
20
164.7785
0
VERTEX
8
CUT
10
135.2745
20
164.8037
0
VERTEX
8
CUT
10
135.0043
20
164.8507
0
VERTEX
8
CUT
10
133.7547
20
165.1157
0
VERTEX
8
CUT
10
133.5994
20
165.1521
0
VERTEX
8
CUT
10
133.5718
20
165.1592
0
VERTEX
8
CUT
10
133.2666
20
165.2516
0
VERTEX
8
CUT
10
133.2397
20
165.2610
0
VERTEX
8
CUT
10
133.0903
20
165.3169
0
VERTEX
8
CUT
10
132.1806
20
165.6792
0
VERTEX
8
CUT
10
132.0418
20
165.7378
0
VERTEX
8
CUT
10
132.0172
20
165.7488
0
VERTEX
8
CUT
10
131.8499
20
165.8315
0
VERTEX
8
CUT
10
131.3114
20
166.1910
0
VERTEX
8
CUT
10
131.1637
20
166.2949
0
VERTEX
8
CUT
10
131.1377
20
166.3141
0
VERTEX
8
CUT
10
130.8806
20
166.5241
0
VERTEX
8
CUT
10
130.6656
20
166.7374
0
VERTEX
8
CUT
10
130.4721
20
166.9704
0
VERTEX
8
CUT
10
130.3019
20
167.2209
0
VERTEX
8
CUT
10
130.1920
20
167.4220
0
VERTEX
8
CUT
10
130.1158
20
167.5831
0
VERTEX
8
CUT
10
130.0118
20
167.8738
0
VERTEX
8
CUT
10
129.9368
20
168.1733
0
VERTEX
8
CUT
10
129.8916
20
168.4787
0
VERTEX
8
CUT
10
129.8765
20
168.7871
0
VERTEX
8
CUT
10
129.8917
20
169.0954
0
VERTEX
8
CUT
10
129.9371
20
169.4008
0
VERTEX
8
CUT
10
130.0122
20
169.7002
0
VERTEX
8
CUT
10
130.1163
20
169.9909
0
VERTEX
8
CUT
10
130.2484
20
170.2699
0
VERTEX
8
CUT
10
130.4073
20
170.5347
0
VERTEX
8
CUT
10
130.4829
20
170.6366
0
VERTEX
8
CUT
10
130.6189
20
170.8397
0
VERTEX
8
CUT
10
130.7343
20
171.0552
0
VERTEX
8
CUT
10
130.8282
20
171.2808
0
VERTEX
8
CUT
10
130.8995
20
171.5146
0
VERTEX
8
CUT
10
130.9477
20
171.7542
0
VERTEX
8
CUT
10
130.9723
20
171.9974
0
VERTEX
8
CUT
10
130.9730
20
172.2418
0
VERTEX
8
CUT
10
130.9498
20
172.4851
0
VERTEX
8
CUT
10
130.9030
20
172.7250
0
VERTEX
8
CUT
10
130.8330
20
172.9592
0
VERTEX
8
CUT
10
130.7405
20
173.1854
0
VERTEX
8
CUT
10
130.6263
20
173.4015
0
VERTEX
8
CUT
10
130.4915
20
173.6054
0
VERTEX
8
CUT
10
130.3375
20
173.7952
0
VERTEX
8
CUT
10
130.1657
20
173.9690
0
VERTEX
8
CUT
10
129.9777
20
174.1253
0
VERTEX
8
CUT
10
129.7754
20
174.2624
0
VERTEX
8
CUT
10
129.5606
20
174.3791
0
VERTEX
8
CUT
10
129.3355
20
174.4743
0
VERTEX
8
CUT
10
129.1022
20
174.5470
0
VERTEX
8
CUT
10
128.8628
20
174.5967
0
VERTEX
8
CUT
10
128.6198
20
174.6227
0
VERTEX
8
CUT
10
128.3754
20
174.6248
0
VERTEX
8
CUT
10
128.1320
20
174.6031
0
VERTEX
8
CUT
10
127.9624
20
174.5795
0
VERTEX
8
CUT
10
127.6518
20
174.5674
0
VERTEX
8
CUT
10
127.3416
20
174.5860
0
VERTEX
8
CUT
10
127.0348
20
174.6351
0
VERTEX
8
CUT
10
126.7342
20
174.7143
0
VERTEX
8
CUT
10
126.4430
20
174.8227
0
VERTEX
8
CUT
10
126.1639
20
174.9594
0
VERTEX
8
CUT
10
125.8996
20
175.1229
0
VERTEX
8
CUT
10
125.6528
20
175.3117
0
VERTEX
8
CUT
10
125.4258
20
175.5240
0
VERTEX
8
CUT
10
125.2208
20
175.7576
0
VERTEX
8
CUT
10
125.0400
20
176.0104
0
VERTEX
8
CUT
10
124.8849
20
176.2797
0
VERTEX
8
CUT
10
124.7450
20
176.5903
0
VERTEX
8
CUT
10
124.7329
20
176.6211
0
VERTEX
8
CUT
10
124.6694
20
176.7953
0
VERTEX
8
CUT
10
123.1769
20
181.2310
0
VERTEX
8
CUT
10
123.1546
20
181.2945
0
VERTEX
8
CUT
10
123.1495
20
181.3086
0
VERTEX
8
CUT
10
123.1319
20
181.3550
0
VERTEX
8
CUT
10
121.6190
20
185.2408
0
VERTEX
8
CUT
10
121.5250
20
185.4949
0
VERTEX
8
CUT
10
121.3942
20
185.8486
0
VERTEX
8
CUT
10
121.3607
20
185.9391
0
VERTEX
8
CUT
10
121.3518
20
185.9630
0
VERTEX
8
CUT
10
121.3330
20
186.0219
0
VERTEX
8
CUT
10
120.7296
20
188.0493
0
VERTEX
8
CUT
10
120.6794
20
188.2353
0
VERTEX
8
CUT
10
120.6485
20
188.3625
0
VERTEX
8
CUT
10
120.6080
20
188.5508
0
VERTEX
8
CUT
10
120.2951
20
190.2089
0
VERTEX
8
CUT
10
120.2701
20
190.3576
0
VERTEX
8
CUT
10
120.2662
20
190.3843
0
VERTEX
8
CUT
10
120.2342
20
190.6841
0
VERTEX
8
CUT
10
120.2325
20
190.7110
0
VERTEX
8
CUT
10
120.2256
20
190.8617
0
VERTEX
8
CUT
10
120.1572
20
193.5269
0
VERTEX
8
CUT
10
120.1569
20
193.7106
0
VERTEX
8
CUT
10
120.1577
20
193.7435
0
VERTEX
8
CUT
10
120.1843
20
194.1099
0
VERTEX
8
CUT
10
120.1883
20
194.1425
0
VERTEX
8
CUT
10
120.2150
20
194.3243
0
VERTEX
8
CUT
10
120.5252
20
196.1270
0
VERTEX
8
CUT
10
120.5633
20
196.3186
0
VERTEX
8
CUT
10
120.5710
20
196.3526
0
VERTEX
8
CUT
10
120.6683
20
196.6981
0
VERTEX
8
CUT
10
120.8011
20
197.0316
0
VERTEX
8
CUT
10
120.8156
20
197.0633
0
VERTEX
8
CUT
10
120.9018
20
197.2386
0
VERTEX
8
CUT
10
121.5101
20
198.3986
0
VERTEX
8
CUT
10
121.6042
20
198.5673
0
VERTEX
8
CUT
10
121.6218
20
198.5970
0
VERTEX
8
CUT
10
121.8181
20
198.8927
0
VERTEX
8
CUT
10
122.0438
20
199.1667
0
VERTEX
8
CUT
10
122.0671
20
199.1921
0
VERTEX
8
CUT
10
122.2010
20
199.3313
0
VERTEX
8
CUT
10
123.0001
20
200.1198
0
VERTEX
8
CUT
10
123.1586
20
200.2673
0
VERTEX
8
CUT
10
123.1875
20
200.2928
0
VERTEX
8
CUT
10
123.5286
20
200.5592
0
VERTEX
8
CUT
10
123.5603
20
200.5812
0
VERTEX
8
CUT
10
123.7246
20
200.6880
0
SEQEND
0
POLYLINE
8
CUT
66
1
70
1
10
0.0
20
0.0
30
0.0
0
VERTEX
8
CUT
10
168.7201
20
173.8684
0
VERTEX
8
CUT
10
168.8643
20
174.0696
0
VERTEX
8
CUT
10
168.9879
20
174.2841
0
VERTEX
8
CUT
10
169.0897
20
174.5098
0
VERTEX
8
CUT
10
169.1687
20
174.7445
0
VERTEX
8
CUT
10
169.2240
20
174.9858
0
VERTEX
8
CUT
10
169.2552
20
175.2314
0
VERTEX
8
CUT
10
169.2620
20
175.4789
0
VERTEX
8
CUT
10
169.2443
20
175.7258
0
VERTEX
8
CUT
10
169.2022
20
175.9698
0
VERTEX
8
CUT
10
169.1362
20
176.2084
0
VERTEX
8
CUT
10
169.0699
20
176.3798
0
VERTEX
8
CUT
10
169.0701
20
176.3799
0
VERTEX
8
CUT
10
169.0694
20
176.3819
0
VERTEX
8
CUT
10
168.9638
20
176.6986
0
VERTEX
8
CUT
10
168.8894
20
177.0241
0
VERTEX
8
CUT
10
168.8837
20
177.0561
0
VERTEX
8
CUT
10
168.8562
20
177.2356
0
VERTEX
8
CUT
10
168.8195
20
177.5214
0
VERTEX
8
CUT
10
168.7770
20
177.7600
0
VERTEX
8
CUT
10
168.7116
20
177.9933
0
VERTEX
8
CUT
10
168.2511
20
179.3749
0
VERTEX
8
CUT
10
168.1602
20
179.6081
0
VERTEX
8
CUT
10
168.0464
20
179.8311
0
VERTEX
8
CUT
10
167.9109
20
180.0415
0
VERTEX
8
CUT
10
167.8280
20
180.1572
0
VERTEX
8
CUT
10
167.7145
20
180.3648
0
VERTEX
8
CUT
10
167.5624
20
180.5839
0
VERTEX
8
CUT
10
167.0292
20
181.2708
0
VERTEX
8
CUT
10
166.2000
20
182.4269
0
VERTEX
8
CUT
10
166.0513
20
182.6147
0
VERTEX
8
CUT
10
165.8852
20
182.7873
0
VERTEX
8
CUT
10
165.7607
20
182.9049
0
VERTEX
8
CUT
10
165.5924
20
183.1217
0
VERTEX
8
CUT
10
165.3960
20
183.3457
0
VERTEX
8
CUT
10
165.1744
20
183.5447
0
VERTEX
8
CUT
10
164.5952
20
184.0057
0
VERTEX
8
CUT
10
164.3644
20
184.2238
0
VERTEX
8
CUT
10
164.1773
20
184.3838
0
VERTEX
8
CUT
10
163.9754
20
184.5246
0
VERTEX
8
CUT
10
163.7607
20
184.6449
0
VERTEX
8
CUT
10
163.6126
20
184.7097
0
VERTEX
8
CUT
10
163.5989
20
184.7172
0
VERTEX
8
CUT
10
163.5418
20
184.7406
0
VERTEX
8
CUT
10
163.5351
20
184.7435
0
VERTEX
8
CUT
10
163.5331
20
184.7442
0
VERTEX
8
CUT
10
163.3372
20
184.8246
0
VERTEX
8
CUT
10
163.3042
20
184.8360
0
VERTEX
8
CUT
10
163.0964
20
184.8978
0
VERTEX
8
CUT
10
162.8841
20
184.9414
0
VERTEX
8
CUT
10
162.8253
20
184.9483
0
VERTEX
8
CUT
10
162.7206
20
184.9766
0
VERTEX
8
CUT
10
162.4897
20
185.0275
0
VERTEX
8
CUT
10
162.2550
20
185.0564
0
VERTEX
8
CUT
10
162.0186
20
185.0630
0
VERTEX
8
CUT
10
161.7826
20
185.0472
0
VERTEX
8
CUT
10
161.0277
20
184.9607
0
VERTEX
8
CUT
10
160.7970
20
184.9232
0
VERTEX
8
CUT
10
160.5709
20
184.8644
0
VERTEX
8
CUT
10
160.3512
20
184.7847
0
VERTEX
8
CUT
10
160.2279
20
184.7334
0
VERTEX
8
CUT
10
160.0254
20
184.6382
0
VERTEX
8
CUT
10
159.8322
20
184.5253
0
VERTEX
8
CUT
10
159.8034
20
184.5048
0
VERTEX
8
CUT
10
159.5710
20
184.3944
0
VERTEX
8
CUT
10
159.3460
20
184.2568
0
VERTEX
8
CUT
10
159.1368
20
184.0963
0
VERTEX
8
CUT
10
158.9269
20
183.9169
0
VERTEX
8
CUT
10
158.7467
20
183.7468
0
VERTEX
8
CUT
10
158.5843
20
183.5597
0
VERTEX
8
CUT
10
158.4412
20
183.3575
0
VERTEX
8
CUT
10
158.3188
20
183.1421
0
VERTEX
8
CUT
10
158.2460
20
182.9976
0
VERTEX
8
CUT
10
158.1323
20
182.7360
0
VERTEX
8
CUT
10
158.0492
20
182.4632
0
VERTEX
8
CUT
10
158.0106
20
182.3048
0
VERTEX
8
CUT
10
157.9976
20
182.2776
0
VERTEX
8
CUT
10
157.9081
20
182.0656
0
VERTEX
8
CUT
10
157.8384
20
181.8461
0
VERTEX
8
CUT
10
157.7893
20
181.6213
0
VERTEX
8
CUT
10
157.7610
20
181.3928
0
VERTEX
8
CUT
10
157.7317
20
181.0136
0
VERTEX
8
CUT
10
157.7256
20
180.7384
0
VERTEX
8
CUT
10
157.7499
20
180.4642
0
VERTEX
8
CUT
10
157.8220
20
179.9640
0
VERTEX
8
CUT
10
157.8820
20
179.6723
0
VERTEX
8
CUT
10
157.9762
20
179.3899
0
VERTEX
8
CUT
10
158.2118
20
178.8028
0
VERTEX
8
CUT
10
158.3236
20
178.5621
0
VERTEX
8
CUT
10
158.4602
20
178.3346
0
VERTEX
8
CUT
10
158.4789
20
178.3070
0
VERTEX
8
CUT
10
158.5023
20
178.2565
0
VERTEX
8
CUT
10
158.6501
20
178.0145
0
VERTEX
8
CUT
10
158.7921
20
177.8321
0
VERTEX
8
CUT
10
158.8944
20
177.6730
0
VERTEX
8
CUT
10
159.0757
20
177.4259
0
VERTEX
8
CUT
10
159.2859
20
177.2029
0
VERTEX
8
CUT
10
159.8363
20
176.6861
0
VERTEX
8
CUT
10
160.0152
20
176.5333
0
VERTEX
8
CUT
10
160.2077
20
176.3980
0
VERTEX
8
CUT
10
160.6045
20
176.1462
0
VERTEX
8
CUT
10
160.8844
20
175.9554
0
VERTEX
8
CUT
10
161.0696
20
175.8407
0
VERTEX
8
CUT
10
161.2642
20
175.7425
0
VERTEX
8
CUT
10
162.3963
20
175.2318
0
VERTEX
8
CUT
10
163.7160
20
174.5899
0
VERTEX
8
CUT
10
163.8893
20
174.5000
0
VERTEX
8
CUT
10
163.9198
20
174.4831
0
VERTEX
8
CUT
10
164.1022
20
174.3696
0
VERTEX
8
CUT
10
164.3249
20
174.2154
0
VERTEX
8
CUT
10
164.5075
20
174.0733
0
VERTEX
8
CUT
10
164.5339
20
174.0505
0
VERTEX
8
CUT
10
164.6816
20
173.9159
0
VERTEX
8
CUT
10
164.8725
20
173.7585
0
VERTEX
8
CUT
10
164.9313
20
173.7191
0
VERTEX
8
CUT
10
164.9960
20
173.6545
0
VERTEX
8
CUT
10
165.1796
20
173.4885
0
VERTEX
8
CUT
10
165.3787
20
173.3414
0
VERTEX
8
CUT
10
165.5915
20
173.2147
0
VERTEX
8
CUT
10
165.8157
20
173.1097
0
VERTEX
8
CUT
10
166.0492
20
173.0274
0
VERTEX
8
CUT
10
166.2897
20
172.9685
0
VERTEX
8
CUT
10
166.5348
20
172.9338
0
VERTEX
8
CUT
10
166.7822
20
172.9235
0
VERTEX
8
CUT
10
167.0293
20
172.9377
0
VERTEX
8
CUT
10
167.2739
20
172.9762
0
VERTEX
8
CUT
10
167.5134
20
173.0388
0
VERTEX
8
CUT
10
167.7456
20
173.1248
0
VERTEX
8
CUT
10
167.9682
20
173.2333
0
VERTEX
8
CUT
10
168.1789
20
173.3633
0
VERTEX
8
CUT
10
168.3757
20
173.5134
0
VERTEX
8
CUT
10
168.5567
20
173.6824
0
SEQEND
0
POLYLINE
8
CUT
66
1
70
1
10
0.0
20
0.0
30
0.0
0
VERTEX
8
CUT
10
131.8909
20
172.6616
0
VERTEX
8
CUT
10
132.1258
20
172.5982
0
VERTEX
8
CUT
10
132.3657
20
172.5580
0
VERTEX
8
CUT
10
132.6084
20
172.5412
0
VERTEX
8
CUT
10
132.8516
20
172.5482
0
VERTEX
8
CUT
10
133.0929
20
172.5787
0
VERTEX
8
CUT
10
133.3301
20
172.6325
0
VERTEX
8
CUT
10
133.5610
20
172.7092
0
VERTEX
8
CUT
10
133.7834
20
172.8079
0
VERTEX
8
CUT
10
133.9950
20
172.9278
0
VERTEX
8
CUT
10
134.1941
20
173.0677
0
VERTEX
8
CUT
10
134.3786
20
173.2262
0
VERTEX
8
CUT
10
134.4230
20
173.2683
0
VERTEX
8
CUT
10
134.5468
20
173.3805
0
VERTEX
8
CUT
10
135.2276
20
173.9705
0
VERTEX
8
CUT
10
135.3112
20
174.0210
0
VERTEX
8
CUT
10
138.0012
20
175.5358
0
VERTEX
8
CUT
10
139.1425
20
176.1221
0
VERTEX
8
CUT
10
139.3632
20
176.2501
0
VERTEX
8
CUT
10
139.5697
20
176.4000
0
VERTEX
8
CUT
10
139.7024
20
176.5070
0
VERTEX
8
CUT
10
139.7530
20
176.5392
0
VERTEX
8
CUT
10
139.9647
20
176.7090
0
VERTEX
8
CUT
10
140.3910
20
177.0906
0
VERTEX
8
CUT
10
140.5864
20
177.2860
0
VERTEX
8
CUT
10
140.7590
20
177.5017
0
VERTEX
8
CUT
10
141.1285
20
178.0198
0
VERTEX
8
CUT
10
141.2734
20
178.2482
0
VERTEX
8
CUT
10
141.3929
20
178.4910
0
VERTEX
8
CUT
10
141.5796
20
178.9290
0
VERTEX
8
CUT
10
141.6678
20
179.1694
0
VERTEX
8
CUT
10
141.7310
20
179.4175
0
VERTEX
8
CUT
10
141.7338
20
179.4362
0
VERTEX
8
CUT
10
141.8397
20
179.7320
0
VERTEX
8
CUT
10
141.9166
20
179.9894
0
VERTEX
8
CUT
10
141.9654
20
180.2535
0
VERTEX
8
CUT
10
141.9856
20
180.5214
0
VERTEX
8
CUT
10
141.9944
20
180.9316
0
VERTEX
8
CUT
10
141.9858
20
181.1986
0
VERTEX
8
CUT
10
141.9488
20
181.4632
0
VERTEX
8
CUT
10
141.8838
20
181.7224
0
VERTEX
8
CUT
10
141.7915
20
181.9731
0
VERTEX
8
CUT
10
141.5437
20
182.5491
0
VERTEX
8
CUT
10
141.4564
20
182.8063
0
VERTEX
8
CUT
10
141.3732
20
183.0188
0
VERTEX
8
CUT
10
141.2710
20
183.2227
0
VERTEX
8
CUT
10
141.1507
20
183.4166
0
VERTEX
8
CUT
10
141.0132
20
183.5986
0
VERTEX
8
CUT
10
140.9125
20
183.7199
0
VERTEX
8
CUT
10
140.7626
20
183.8850
0
VERTEX
8
CUT
10
140.6826
20
183.9587
0
VERTEX
8
CUT
10
140.4964
20
184.1514
0
VERTEX
8
CUT
10
140.3018
20
184.3324
0
VERTEX
8
CUT
10
140.0890
20
184.4918
0
VERTEX
8
CUT
10
139.8606
20
184.6276
0
VERTEX
8
CUT
10
139.6190
20
184.7385
0
VERTEX
8
CUT
10
139.4229
20
184.8161
0
VERTEX
8
CUT
10
139.2144
20
184.8882
0
VERTEX
8
CUT
10
139.0003
20
184.9416
0
VERTEX
8
CUT
10
138.7824
20
184.9759
0
VERTEX
8
CUT
10
138.1812
20
185.0436
0
VERTEX
8
CUT
10
137.9045
20
185.0593
0
VERTEX
8
CUT
10
137.6278
20
185.0442
0
VERTEX
8
CUT
10
137.0032
20
184.9754
0
VERTEX
8
CUT
10
136.7085
20
184.9250
0
VERTEX
8
CUT
10
136.4221
20
184.8398
0
VERTEX
8
CUT
10
136.2070
20
184.7615
0
VERTEX
8
CUT
10
135.9606
20
184.6566
0
VERTEX
8
CUT
10
135.7269
20
184.5260
0
VERTEX
8
CUT
10
135.5085
20
184.3711
0
VERTEX
8
CUT
10
135.3079
20
184.1937
0
VERTEX
8
CUT
10
134.5315
20
183.4294
0
VERTEX
8
CUT
10
134.1971
20
183.1394
0
VERTEX
8
CUT
10
134.0019
20
182.9506
0
VERTEX
8
CUT
10
133.8283
20
182.7418
0
VERTEX
8
CUT
10
133.8152
20
182.7242
0
VERTEX
8
CUT
10
133.6156
20
182.5277
0
VERTEX
8
CUT
10
133.4873
20
182.3915
0
VERTEX
8
CUT
10
133.3695
20
182.2461
0
VERTEX
8
CUT
10
133.2853
20
182.1339
0
VERTEX
8
CUT
10
133.2722
20
182.1184
0
VERTEX
8
CUT
10
133.2406
20
182.0743
0
VERTEX
8
CUT
10
131.7510
20
180.0881
0
VERTEX
8
CUT
10
131.6194
20
179.8944
0
VERTEX
8
CUT
10
131.5066
20
179.6892
0
VERTEX
8
CUT
10
131.4134
20
179.4743
0
VERTEX
8
CUT
10
131.3407
20
179.2516
0
VERTEX
8
CUT
10
130.8485
20
177.4636
0
VERTEX
8
CUT
10
130.8467
20
177.4568
0
VERTEX
8
CUT
10
130.8446
20
177.4494
0
VERTEX
8
CUT
10
130.7920
20
177.2146
0
VERTEX
8
CUT
10
130.7821
20
177.1577
0
VERTEX
8
CUT
10
130.7756
20
177.1252
0
VERTEX
8
CUT
10
130.6925
20
176.7949
0
VERTEX
8
CUT
10
130.5873
20
176.5025
0
VERTEX
8
CUT
10
130.4144
20
176.1391
0
VERTEX
8
CUT
10
130.4158
20
176.1384
0
VERTEX
8
CUT
10
130.3526
20
176.0058
0
VERTEX
8
CUT
10
130.2697
20
175.7770
0
VERTEX
8
CUT
10
130.2095
20
175.5413
0
VERTEX
8
CUT
10
130.1724
20
175.3009
0
VERTEX
8
CUT
10
130.1589
20
175.0580
0
VERTEX
8
CUT
10
130.1690
20
174.8150
0
VERTEX
8
CUT
10
130.2028
20
174.5740
0
VERTEX
8
CUT
10
130.2598
20
174.3375
0
VERTEX
8
CUT
10
130.3395
20
174.1077
0
VERTEX
8
CUT
10
130.4411
20
173.8867
0
VERTEX
8
CUT
10
130.5638
20
173.6766
0
VERTEX
8
CUT
10
130.7063
20
173.4795
0
VERTEX
8
CUT
10
130.8673
20
173.2971
0
VERTEX
8
CUT
10
131.0452
20
173.1312
0
VERTEX
8
CUT
10
131.2385
20
172.9834
0
VERTEX
8
CUT
10
131.4451
20
172.8551
0
VERTEX
8
CUT
10
131.6633
20
172.7475
0
SEQEND
0
ENDSEC
0
EOF
