0
SECTION
2
HEADER
9
$ACADVER
1
AC1009
9
$INSUNITS
70
4
0
ENDSEC
0
SECTION
2
TABLES
0
TABLE
2
LAYER
70
1
0
LAYER
2
CUT
70
0
62
7
6
CONTINUOUS
0
ENDTAB
0
ENDSEC
0
SECTION
2
ENTITIES
0
POLYLINE
8
CUT
66
1
70
1
10
0.0
20
0.0
30
0.0
0
VERTEX
8
CUT
10
-0.0162
20
299.6918
0
VERTEX
8
CUT
10
0.0090
20
299.7450
0
VERTEX
8
CUT
10
0.0392
20
299.7954
0
VERTEX
8
CUT
10
0.0743
20
299.8427
0
VERTEX
8
CUT
10
0.1137
20
299.8863
0
VERTEX
8
CUT
10
0.1573
20
299.9257
0
VERTEX
8
CUT
10
0.2046
20
299.9608
0
VERTEX
8
CUT
10
0.2550
20
299.9910
0
VERTEX
8
CUT
10
0.3082
20
300.0162
0
VERTEX
8
CUT
10
0.3635
20
300.0360
0
VERTEX
8
CUT
10
0.4206
20
300.0503
0
VERTEX
8
CUT
10
0.4788
20
300.0589
0
VERTEX
8
CUT
10
0.5522
20
300.0625
0
VERTEX
8
CUT
10
1.4375
20
300.0625
0
VERTEX
8
CUT
10
298.5266
20
300.0625
0
VERTEX
8
CUT
10
299.4119
20
300.0625
0
VERTEX
8
CUT
10
299.4853
20
300.0589
0
VERTEX
8
CUT
10
299.5435
20
300.0503
0
VERTEX
8
CUT
10
299.6005
20
300.0360
0
VERTEX
8
CUT
10
299.6559
20
300.0162
0
VERTEX
8
CUT
10
299.7091
20
299.9910
0
VERTEX
8
CUT
10
299.7595
20
299.9608
0
VERTEX
8
CUT
10
299.8068
20
299.9257
0
VERTEX
8
CUT
10
299.8503
20
299.8863
0
VERTEX
8
CUT
10
299.8898
20
299.8427
0
VERTEX
8
CUT
10
299.9249
20
299.7954
0
VERTEX
8
CUT
10
299.9551
20
299.7450
0
VERTEX
8
CUT
10
299.9802
20
299.6918
0
VERTEX
8
CUT
10
300.0001
20
299.6365
0
VERTEX
8
CUT
10
300.0143
20
299.5794
0
VERTEX
8
CUT
10
300.0230
20
299.5212
0
VERTEX
8
CUT
10
300.0266
20
299.4478
0
VERTEX
8
CUT
10
300.0266
20
298.5625
0
VERTEX
8
CUT
10
300.0266
20
1.4375
0
VERTEX
8
CUT
10
300.0266
20
0.5522
0
VERTEX
8
CUT
10
300.0230
20
0.4788
0
VERTEX
8
CUT
10
300.0143
20
0.4206
0
VERTEX
8
CUT
10
300.0001
20
0.3635
0
VERTEX
8
CUT
10
299.9802
20
0.3082
0
VERTEX
8
CUT
10
299.9551
20
0.2550
0
VERTEX
8
CUT
10
299.9249
20
0.2046
0
VERTEX
8
CUT
10
299.8898
20
0.1573
0
VERTEX
8
CUT
10
299.8503
20
0.1137
0
VERTEX
8
CUT
10
299.8068
20
0.0743
0
VERTEX
8
CUT
10
299.7595
20
0.0392
0
VERTEX
8
CUT
10
299.7091
20
0.0090
0
VERTEX
8
CUT
10
299.6559
20
-0.0162
0
VERTEX
8
CUT
10
299.6005
20
-0.0360
0
VERTEX
8
CUT
10
299.5435
20
-0.0503
0
VERTEX
8
CUT
10
299.4853
20
-0.0589
0
VERTEX
8
CUT
10
299.4119
20
-0.0625
0
VERTEX
8
CUT
10
298.5266
20
-0.0625
0
VERTEX
8
CUT
10
1.4375
20
-0.0625
0
VERTEX
8
CUT
10
0.5522
20
-0.0625
0
VERTEX
8
CUT
10
0.4788
20
-0.0589
0
VERTEX
8
CUT
10
0.4206
20
-0.0503
0
VERTEX
8
CUT
10
0.3635
20
-0.0360
0
VERTEX
8
CUT
10
0.3082
20
-0.0162
0
VERTEX
8
CUT
10
0.2550
20
0.0090
0
VERTEX
8
CUT
10
0.2046
20
0.0392
0
VERTEX
8
CUT
10
0.1573
20
0.0743
0
VERTEX
8
CUT
10
0.1137
20
0.1137
0
VERTEX
8
CUT
10
0.0743
20
0.1573
0
VERTEX
8
CUT
10
0.0392
20
0.2046
0
VERTEX
8
CUT
10
0.0090
20
0.2550
0
VERTEX
8
CUT
10
-0.0162
20
0.3082
0
VERTEX
8
CUT
10
-0.0360
20
0.3635
0
VERTEX
8
CUT
10
-0.0503
20
0.4206
0
VERTEX
8
CUT
10
-0.0589
20
0.4788
0
VERTEX
8
CUT
10
-0.0625
20
0.5522
0
VERTEX
8
CUT
10
-0.0625
20
1.4375
0
VERTEX
8
CUT
10
-0.0625
20
298.5625
0
VERTEX
8
CUT
10
-0.0625
20
299.4478
0
VERTEX
8
CUT
10
-0.0589
20
299.5212
0
VERTEX
8
CUT
10
-0.0503
20
299.5794
0
VERTEX
8
CUT
10
-0.0360
20
299.6365
0
SEQEND
0
POLYLINE
8
CUT
66
1
70
1
10
0.0
20
0.0
30
0.0
0
VERTEX
8
CUT
10
120.8214
20
152.0363
0
VERTEX
8
CUT
10
120.8360
20
151.9806
0
VERTEX
8
CUT
10
120.8906
20
151.8069
0
VERTEX
8
CUT
10
120.9104
20
151.7528
0
VERTEX
8
CUT
10
120.9813
20
151.5851
0
VERTEX
8
CUT
10
121.0063
20
151.5333
0
VERTEX
8
CUT
10
121.0930
20
151.3732
0
VERTEX
8
CUT
10
121.1228
20
151.3239
0
VERTEX
8
CUT
10
121.2258
20
151.1708
0
VERTEX
8
CUT
10
121.2424
20
151.1473
0
VERTEX
8
CUT
10
121.2760
20
151.1022
0
VERTEX
8
CUT
10
121.2848
20
151.0907
0
VERTEX
8
CUT
10
121.3327
20
151.0295
0
VERTEX
8
CUT
10
121.3510
20
151.0072
0
VERTEX
8
CUT
10
121.4019
20
150.9483
0
VERTEX
8
CUT
10
121.4114
20
150.9375
0
VERTEX
8
CUT
10
121.4492
20
150.8958
0
VERTEX
8
CUT
10
121.4691
20
150.8749
0
VERTEX
8
CUT
10
121.5996
20
150.7441
0
VERTEX
8
CUT
10
121.6422
20
150.7053
0
VERTEX
8
CUT
10
121.7846
20
150.5877
0
VERTEX
8
CUT
10
121.8073
20
150.5699
0
VERTEX
8
CUT
10
121.8523
20
150.5362
0
VERTEX
8
CUT
10
121.8640
20
150.5277
0
VERTEX
8
CUT
10
121.9403
20
150.4734
0
VERTEX
8
CUT
10
121.9522
20
150.4651
0
VERTEX
8
CUT
10
122.5546
20
150.0580
0
VERTEX
8
CUT
10
122.5665
20
150.0501
0
VERTEX
8
CUT
10
122.6447
20
150.0000
0
VERTEX
8
CUT
10
122.6568
20
149.9924
0
VERTEX
8
CUT
10
122.7045
20
149.9634
0
VERTEX
8
CUT
10
122.7293
20
149.9491
0
VERTEX
8
CUT
10
122.8923
20
149.8602
0
VERTEX
8
CUT
10
122.9178
20
149.8471
0
VERTEX
8
CUT
10
122.9680
20
149.8228
0
VERTEX
8
CUT
10
122.9809
20
149.8167
0
VERTEX
8
CUT
10
123.0655
20
149.7782
0
VERTEX
8
CUT
10
123.0785
20
149.7724
0
VERTEX
8
CUT
10
124.4722
20
149.1770
0
VERTEX
8
CUT
10
124.4893
20
149.1701
0
VERTEX
8
CUT
10
124.6008
20
149.1264
0
VERTEX
8
CUT
10
124.6180
20
149.1200
0
VERTEX
8
CUT
10
124.7595
20
149.0695
0
VERTEX
8
CUT
10
124.7770
20
149.0636
0
VERTEX
8
CUT
10
124.8909
20
149.0269
0
VERTEX
8
CUT
10
124.9085
20
149.0216
0
VERTEX
8
CUT
10
132.8378
20
146.7336
0
VERTEX
8
CUT
10
132.8437
20
146.7318
0
VERTEX
8
CUT
10
132.8574
20
146.7278
0
VERTEX
8
CUT
10
132.8632
20
146.7260
0
VERTEX
8
CUT
10
132.8772
20
146.7218
0
VERTEX
8
CUT
10
132.8844
20
146.7196
0
VERTEX
8
CUT
10
132.9012
20
146.7144
0
VERTEX
8
CUT
10
132.9083
20
146.7121
0
VERTEX
8
CUT
10
132.9166
20
146.7094
0
VERTEX
8
CUT
10
132.9238
20
146.7071
0
VERTEX
8
CUT
10
132.9404
20
146.7016
0
VERTEX
8
CUT
10
132.9476
20
146.6992
0
VERTEX
8
CUT
10
132.9512
20
146.6979
0
VERTEX
8
CUT
10
132.9596
20
146.6950
0
VERTEX
8
CUT
10
132.9793
20
146.6881
0
VERTEX
8
CUT
10
132.9877
20
146.6851
0
VERTEX
8
CUT
10
137.5557
20
145.0292
0
VERTEX
8
CUT
10
137.5661
20
145.0254
0
VERTEX
8
CUT
10
137.5906
20
145.0162
0
VERTEX
8
CUT
10
137.6010
20
145.0122
0
VERTEX
8
CUT
10
137.6136
20
145.0072
0
VERTEX
8
CUT
10
137.6240
20
145.0031
0
VERTEX
8
CUT
10
137.6481
20
144.9933
0
VERTEX
8
CUT
10
137.6584
20
144.9891
0
VERTEX
8
CUT
10
137.6702
20
144.9841
0
VERTEX
8
CUT
10
137.6804
20
144.9797
0
VERTEX
8
CUT
10
137.7043
20
144.9694
0
VERTEX
8
CUT
10
137.7145
20
144.9649
0
VERTEX
8
CUT
10
137.7269
20
144.9593
0
VERTEX
8
CUT
10
137.7371
20
144.9547
0
VERTEX
8
CUT
10
137.7607
20
144.9437
0
VERTEX
8
CUT
10
137.7708
20
144.9390
0
VERTEX
8
CUT
10
140.2536
20
143.7490
0
VERTEX
8
CUT
10
140.2644
20
143.7437
0
VERTEX
8
CUT
10
140.2897
20
143.7312
0
VERTEX
8
CUT
10
140.3005
20
143.7257
0
VERTEX
8
CUT
10
140.3136
20
143.7190
0
VERTEX
8
CUT
10
140.3243
20
143.7134
0
VERTEX
8
CUT
10
140.3492
20
143.7002
0
VERTEX
8
CUT
10
140.3598
20
143.6945
0
VERTEX
8
CUT
10
140.3720
20
143.6878
0
VERTEX
8
CUT
10
140.3826
20
143.6820
0
VERTEX
8
CUT
10
140.4071
20
143.6681
0
VERTEX
8
CUT
10
140.4176
20
143.6621
0
VERTEX
8
CUT
10
140.4303
20
143.6547
0
VERTEX
8
CUT
10
140.4407
20
143.6485
0
VERTEX
8
CUT
10
140.4649
20
143.6340
0
VERTEX
8
CUT
10
140.4752
20
143.6277
0
VERTEX
8
CUT
10
143.7369
20
141.6086
0
VERTEX
8
CUT
10
143.7487
20
141.6012
0
VERTEX
8
CUT
10
143.7760
20
141.5837
0
VERTEX
8
CUT
10
143.7876
20
141.5761
0
VERTEX
8
CUT
10
143.8018
20
141.5667
0
VERTEX
8
CUT
10
143.8133
20
141.5590
0
VERTEX
8
CUT
10
143.8400
20
141.5406
0
VERTEX
8
CUT
10
143.8514
20
141.5327
0
VERTEX
8
CUT
10
143.8644
20
141.5235
0
VERTEX
8
CUT
10
143.8757
20
141.5154
0
VERTEX
8
CUT
10
143.9019
20
141.4962
0
VERTEX
8
CUT
10
143.9130
20
141.4879
0
VERTEX
8
CUT
10
143.9265
20
141.4777
0
VERTEX
8
CUT
10
143.9376
20
141.4693
0
VERTEX
8
CUT
10
143.9631
20
141.4493
0
VERTEX
8
CUT
10
143.9740
20
141.4407
0
VERTEX
8
CUT
10
146.9380
20
139.0546
0
VERTEX
8
CUT
10
146.9471
20
139.0472
0
VERTEX
8
CUT
10
146.9680
20
139.0299
0
VERTEX
8
CUT
10
146.9769
20
139.0224
0
VERTEX
8
CUT
10
146.9878
20
139.0132
0
VERTEX
8
CUT
10
146.9966
20
139.0056
0
VERTEX
8
CUT
10
147.0171
20
138.9878
0
VERTEX
8
CUT
10
147.0258
20
138.9801
0
VERTEX
8
CUT
10
147.0358
20
138.9712
0
VERTEX
8
CUT
10
147.0444
20
138.9633
0
VERTEX
8
CUT
10
147.0644
20
138.9450
0
VERTEX
8
CUT
10
147.0730
20
138.9370
0
VERTEX
8
CUT
10
147.0833
20
138.9273
0
VERTEX
8
CUT
10
147.0917
20
138.9193
0
VERTEX
8
CUT
10
147.1113
20
138.9004
0
VERTEX
8
CUT
10
147.1196
20
138.8922
0
VERTEX
8
CUT
10
153.6676
20
132.3978
0
VERTEX
8
CUT
10
153.6763
20
132.3892
0
VERTEX
8
CUT
10
153.7340
20
132.3343
0
VERTEX
8
CUT
10
153.7429
20
132.3260
0
VERTEX
8
CUT
10
153.8167
20
132.2586
0
VERTEX
8
CUT
10
153.8258
20
132.2504
0
VERTEX
8
CUT
10
153.8857
20
132.1979
0
VERTEX
8
CUT
10
153.8949
20
132.1899
0
VERTEX
8
CUT
10
155.9853
20
130.4305
0
VERTEX
8
CUT
10
156.0023
20
130.4167
0
VERTEX
8
CUT
10
156.1145
20
130.3290
0
VERTEX
8
CUT
10
156.1320
20
130.3159
0
VERTEX
8
CUT
10
156.2767
20
130.2111
0
VERTEX
8
CUT
10
156.2946
20
130.1986
0
VERTEX
8
CUT
10
156.4129
20
130.1194
0
VERTEX
8
CUT
10
156.4314
20
130.1076
0
VERTEX
8
CUT
10
159.7814
20
128.0371
0
VERTEX
8
CUT
10
159.7931
20
128.0300
0
VERTEX
8
CUT
10
159.8696
20
127.9851
0
VERTEX
8
CUT
10
159.8815
20
127.9783
0
VERTEX
8
CUT
10
159.9789
20
127.9241
0
VERTEX
8
CUT
10
159.9909
20
127.9176
0
VERTEX
8
CUT
10
160.0694
20
127.8762
0
VERTEX
8
CUT
10
160.0815
20
127.8699
0
VERTEX
8
CUT
10
167.0539
20
124.3936
0
VERTEX
8
CUT
10
167.0661
20
124.3873
0
VERTEX
8
CUT
10
167.0826
20
124.3788
0
VERTEX
8
CUT
10
167.1308
20
124.3519
0
VERTEX
8
CUT
10
167.2096
20
124.3048
0
VERTEX
8
CUT
10
167.2440
20
124.2832
0
VERTEX
8
CUT
10
167.2773
20
124.2600
0
VERTEX
8
CUT
10
167.3515
20
124.2058
0
VERTEX
8
CUT
10
167.3949
20
124.1719
0
VERTEX
8
CUT
10
167.4092
20
124.1601
0
VERTEX
8
CUT
10
167.4198
20
124.1512
0
VERTEX
8
CUT
10
169.4271
20
122.4346
0
VERTEX
8
CUT
10
169.4365
20
122.4264
0
VERTEX
8
CUT
10
169.4491
20
122.4153
0
VERTEX
8
CUT
10
169.4856
20
122.3813
0
VERTEX
8
CUT
10
169.5449
20
122.3230
0
VERTEX
8
CUT
10
169.5706
20
122.2967
0
VERTEX
8
CUT
10
169.5952
20
122.2693
0
VERTEX
8
CUT
10
169.6495
20
122.2063
0
VERTEX
8
CUT
10
169.6809
20
122.1676
0
VERTEX
8
CUT
10
169.6912
20
122.1543
0
VERTEX
8
CUT
10
169.6987
20
122.1444
0
VERTEX
8
CUT
10
170.6515
20
120.8689
0
VERTEX
8
CUT
10
170.6584
20
120.8595
0
VERTEX
8
CUT
10
170.6676
20
120.8469
0
VERTEX
8
CUT
10
170.6939
20
120.8086
0
VERTEX
8
CUT
10
170.7237
20
120.7629
0
VERTEX
8
CUT
10
170.7645
20
120.6936
0
VERTEX
8
CUT
10
170.8010
20
120.6248
0
VERTEX
8
CUT
10
170.8358
20
120.5514
0
VERTEX
8
CUT
10
170.8576
20
120.4994
0
VERTEX
8
CUT
10
170.8747
20
120.4554
0
VERTEX
8
CUT
10
170.8799
20
120.4410
0
VERTEX
8
CUT
10
170.8837
20
120.4300
0
VERTEX
8
CUT
10
171.2836
20
119.2702
0
VERTEX
8
CUT
10
171.2874
20
119.2590
0
VERTEX
8
CUT
10
171.2924
20
119.2438
0
VERTEX
8
CUT
10
171.3061
20
119.1985
0
VERTEX
8
CUT
10
171.3207
20
119.1449
0
VERTEX
8
CUT
10
171.3387
20
119.0649
0
VERTEX
8
CUT
10
171.3525
20
118.9867
0
VERTEX
8
CUT
10
171.3631
20
118.9045
0
VERTEX
8
CUT
10
171.3679
20
118.8473
0
VERTEX
8
CUT
10
171.3706
20
118.7993
0
VERTEX
8
CUT
10
171.3711
20
118.7837
0
VERTEX
8
CUT
10
171.3713
20
118.7718
0
VERTEX
8
CUT
10
171.3925
20
117.4852
0
VERTEX
8
CUT
10
171.3926
20
117.4727
0
VERTEX
8
CUT
10
171.3927
20
117.4557
0
VERTEX
8
CUT
10
171.3914
20
117.4055
0
VERTEX
8
CUT
10
171.3882
20
117.3465
0
VERTEX
8
CUT
10
171.3794
20
117.2599
0
VERTEX
8
CUT
10
171.3668
20
117.1766
0
VERTEX
8
CUT
10
171.3494
20
117.0903
0
VERTEX
8
CUT
10
171.3345
20
117.0314
0
VERTEX
8
CUT
10
171.3206
20
116.9823
0
VERTEX
8
CUT
10
171.3156
20
116.9664
0
VERTEX
8
CUT
10
171.3117
20
116.9545
0
VERTEX
8
CUT
10
170.7869
20
115.3634
0
VERTEX
8
CUT
10
170.7714
20
115.3201
0
VERTEX
8
CUT
10
170.7410
20
115.2417
0
VERTEX
8
CUT
10
170.7035
20
115.1579
0
VERTEX
8
CUT
10
170.6757
20
115.1034
0
VERTEX
8
CUT
10
170.6299
20
115.0239
0
VERTEX
8
CUT
10
170.5967
20
114.9725
0
VERTEX
8
CUT
10
170.5430
20
114.8980
0
VERTEX
8
CUT
10
170.4904
20
114.8324
0
VERTEX
8
CUT
10
170.4607
20
114.7973
0
VERTEX
8
CUT
10
169.3204
20
113.5153
0
VERTEX
8
CUT
10
169.3156
20
113.5100
0
VERTEX
8
CUT
10
169.3043
20
113.4975
0
VERTEX
8
CUT
10
169.3022
20
113.4952
0
VERTEX
8
CUT
10
169.2799
20
113.4715
0
VERTEX
8
CUT
10
169.2342
20
113.4249
0
VERTEX
8
CUT
10
169.2183
20
113.4091
0
VERTEX
8
CUT
10
169.1955
20
113.3880
0
VERTEX
8
CUT
10
169.1337
20
113.3332
0
VERTEX
8
CUT
10
169.1068
20
113.3103
0
VERTEX
8
CUT
10
166.9968
20
111.5814
0
VERTEX
8
CUT
10
166.9913
20
111.5770
0
VERTEX
8
CUT
10
166.9786
20
111.5668
0
VERTEX
8
CUT
10
166.9762
20
111.5649
0
VERTEX
8
CUT
10
166.9515
20
111.5458
0
VERTEX
8
CUT
10
166.9009
20
111.5081
0
VERTEX
8
CUT
10
166.8833
20
111.4954
0
VERTEX
8
CUT
10
166.8584
20
111.4786
0
VERTEX
8
CUT
10
166.7914
20
111.4355
0
VERTEX
8
CUT
10
166.7623
20
111.4175
0
VERTEX
8
CUT
10
164.4122
20
110.0272
0
VERTEX
8
CUT
10
164.4043
20
110.0226
0
VERTEX
8
CUT
10
164.3919
20
110.0154
0
VERTEX
8
CUT
10
164.3714
20
110.0039
0
VERTEX
8
CUT
10
164.3442
20
109.9891
0
VERTEX
8
CUT
10
164.3196
20
109.9763
0
VERTEX
8
CUT
10
164.2998
20
109.9663
0
VERTEX
8
CUT
10
164.2885
20
109.9607
0
VERTEX
8
CUT
10
164.2843
20
109.9586
0
VERTEX
8
CUT
10
164.2596
20
109.9470
0
VERTEX
8
CUT
10
164.2041
20
109.9221
0
VERTEX
8
CUT
10
164.1706
20
109.9078
0
VERTEX
8
CUT
10
164.1592
20
109.9032
0
VERTEX
8
CUT
10
164.1507
20
109.8999
0
VERTEX
8
CUT
10
156.0031
20
106.7195
0
VERTEX
8
CUT
10
155.9894
20
106.7139
0
VERTEX
8
CUT
10
155.9009
20
106.6768
0
VERTEX
8
CUT
10
155.8873
20
106.6710
0
VERTEX
8
CUT
10
155.7774
20
106.6217
0
VERTEX
8
CUT
10
155.7640
20
106.6155
0
VERTEX
8
CUT
10
155.6775
20
106.5741
0
VERTEX
8
CUT
10
155.6642
20
106.5676
0
VERTEX
8
CUT
10
153.4972
20
105.4652
0
VERTEX
8
CUT
10
153.4822
20
105.4573
0
VERTEX
8
CUT
10
153.3849
20
105.4043
0
VERTEX
8
CUT
10
153.3701
20
105.3959
0
VERTEX
8
CUT
10
153.3126
20
105.3624
0
VERTEX
8
CUT
10
153.2836
20
105.3445
0
VERTEX
8
CUT
10
153.0990
20
105.2224
0
VERTEX
8
CUT
10
153.0711
20
105.2028
0
VERTEX
8
CUT
10
153.0178
20
105.1630
0
VERTEX
8
CUT
10
153.0043
20
105.1526
0
VERTEX
8
CUT
10
152.9174
20
105.0839
0
VERTEX
8
CUT
10
152.9042
20
105.0731
0
VERTEX
8
CUT
10
152.5755
20
104.7974
0
VERTEX
8
CUT
10
152.5628
20
104.7865
0
VERTEX
8
CUT
10
152.4813
20
104.7142
0
VERTEX
8
CUT
10
152.4690
20
104.7029
0
VERTEX
8
CUT
10
152.4213
20
104.6581
0
VERTEX
8
CUT
10
152.3975
20
104.6345
0
VERTEX
8
CUT
10
152.2473
20
104.4769
0
VERTEX
8
CUT
10
152.2249
20
104.4520
0
VERTEX
8
CUT
10
152.1825
20
104.4022
0
VERTEX
8
CUT
10
152.1718
20
104.3893
0
VERTEX
8
CUT
10
152.1197
20
104.3246
0
VERTEX
8
CUT
10
152.1006
20
104.2995
0
VERTEX
8
CUT
10
152.0489
20
104.2278
0
VERTEX
8
CUT
10
152.0390
20
104.2137
0
VERTEX
8
CUT
10
152.0052
20
104.1638
0
VERTEX
8
CUT
10
151.9879
20
104.1368
0
VERTEX
8
CUT
10
151.8820
20
103.9612
0
VERTEX
8
CUT
10
151.8519
20
103.9047
0
VERTEX
8
CUT
10
151.7665
20
103.7214
0
VERTEX
8
CUT
10
151.7426
20
103.6620
0
VERTEX
8
CUT
10
151.6763
20
103.4680
0
VERTEX
8
CUT
10
151.6667
20
103.4374
0
VERTEX
8
CUT
10
151.6497
20
103.3773
0
VERTEX
8
CUT
10
151.6456
20
103.3619
0
VERTEX
8
CUT
10
151.6199
20
103.2611
0
VERTEX
8
CUT
10
151.6162
20
103.2455
0
VERTEX
8
CUT
10
151.5861
20
103.1127
0
VERTEX
8
CUT
10
151.5830
20
103.0981
0
VERTEX
8
CUT
10
151.5640
20
103.0034
0
VERTEX
8
CUT
10
151.5613
20
102.9888
0
VERTEX
8
CUT
10
151.5513
20
102.9317
0
VERTEX
8
CUT
10
151.5469
20
102.9023
0
VERTEX
8
CUT
10
151.5234
20
102.7133
0
VERTEX
8
CUT
10
151.5190
20
102.6540
0
VERTEX
8
CUT
10
151.5144
20
102.4662
0
VERTEX
8
CUT
10
151.5159
20
102.4068
0
VERTEX
8
CUT
10
151.5299
20
102.2195
0
VERTEX
8
CUT
10
151.5373
20
102.1605
0
VERTEX
8
CUT
10
151.5698
20
101.9755
0
VERTEX
8
CUT
10
151.5829
20
101.9175
0
VERTEX
8
CUT
10
151.6335
20
101.7366
0
VERTEX
8
CUT
10
151.6523
20
101.6802
0
VERTEX
8
CUT
10
151.7206
20
101.5052
0
VERTEX
8
CUT
10
151.7449
20
101.4510
0
VERTEX
8
CUT
10
151.8313
20
101.2813
0
VERTEX
8
CUT
10
151.8455
20
101.2551
0
VERTEX
8
CUT
10
151.8578
20
101.2336
0
VERTEX
8
CUT
10
151.8721
20
101.2099
0
VERTEX
8
CUT
10
151.9688
20
101.0580
0
VERTEX
8
CUT
10
151.9842
20
101.0350
0
VERTEX
8
CUT
10
151.9910
20
101.0253
0
VERTEX
8
CUT
10
152.0062
20
101.0046
0
VERTEX
8
CUT
10
152.1066
20
100.8741
0
VERTEX
8
CUT
10
152.1397
20
100.8347
0
VERTEX
8
CUT
10
152.2509
20
100.7132
0
VERTEX
8
CUT
10
152.2687
20
100.6946
0
VERTEX
8
CUT
10
152.3042
20
100.6591
0
VERTEX
8
CUT
10
152.3133
20
100.6501
0
VERTEX
8
CUT
10
152.3736
20
100.5922
0
VERTEX
8
CUT
10
152.3829
20
100.5834
0
VERTEX
8
CUT
10
152.4936
20
100.4816
0
VERTEX
8
CUT
10
152.5044
20
100.4719
0
VERTEX
8
CUT
10
152.5751
20
100.4100
0
VERTEX
8
CUT
10
152.5861
20
100.4006
0
VERTEX
8
CUT
10
152.6294
20
100.3644
0
VERTEX
8
CUT
10
152.6521
20
100.3464
0
VERTEX
8
CUT
10
152.7999
20
100.2346
0
VERTEX
8
CUT
10
152.8477
20
100.2020
0
VERTEX
8
CUT
10
153.0056
20
100.1049
0
VERTEX
8
CUT
10
153.0306
20
100.0904
0
VERTEX
8
CUT
10
153.0801
20
100.0632
0
VERTEX
8
CUT
10
153.0929
20
100.0564
0
VERTEX
8
CUT
10
153.1763
20
100.0131
0
VERTEX
8
CUT
10
153.1892
20
100.0066
0
VERTEX
8
CUT
10
153.7320
20
99.7414
0
VERTEX
8
CUT
10
153.7462
20
99.7346
0
VERTEX
8
CUT
10
153.8391
20
99.6922
0
VERTEX
8
CUT
10
153.8535
20
99.6859
0
VERTEX
8
CUT
10
153.9100
20
99.6619
0
VERTEX
8
CUT
10
153.9392
20
99.6503
0
VERTEX
8
CUT
10
154.1283
20
99.5813
0
VERTEX
8
CUT
10
154.1884
20
99.5629
0
VERTEX
8
CUT
10
154.3838
20
99.5141
0
VERTEX
8
CUT
10
154.4144
20
99.5073
0
VERTEX
8
CUT
10
154.4746
20
99.4955
0
VERTEX
8
CUT
10
154.4901
20
99.4927
0
VERTEX
8
CUT
10
154.5908
20
99.4758
0
VERTEX
8
CUT
10
154.6063
20
99.4734
0
VERTEX
8
CUT
10
156.4238
20
99.2169
0
VERTEX
8
CUT
10
156.4381
20
99.2151
0
VERTEX
8
CUT
10
156.5314
20
99.2042
0
VERTEX
8
CUT
10
156.5458
20
99.2027
0
VERTEX
8
CUT
10
156.6633
20
99.1918
0
VERTEX
8
CUT
10
156.6777
20
99.1907
0
VERTEX
8
CUT
10
156.7714
20
99.1843
0
VERTEX
8
CUT
10
156.7858
20
99.1835
0
VERTEX
8
CUT
10
165.2509
20
98.8122
0
VERTEX
8
CUT
10
165.2624
20
98.8116
0
VERTEX
8
CUT
10
165.2779
20
98.8107
0
VERTEX
8
CUT
10
165.3237
20
98.8069
0
VERTEX
8
CUT
10
165.4000
20
98.7987
0
VERTEX
8
CUT
10
165.4337
20
98.7944
0
VERTEX
8
CUT
10
165.4671
20
98.7888
0
VERTEX
8
CUT
10
165.5426
20
98.7747
0
VERTEX
8
CUT
10
165.5876
20
98.7651
0
VERTEX
8
CUT
10
165.6027
20
98.7615
0
VERTEX
8
CUT
10
165.6138
20
98.7587
0
VERTEX
8
CUT
10
166.3817
20
98.5640
0
VERTEX
8
CUT
10
166.3933
20
98.5610
0
VERTEX
8
CUT
10
166.4088
20
98.5568
0
VERTEX
8
CUT
10
166.4546
20
98.5432
0
VERTEX
8
CUT
10
166.5304
20
98.5186
0
VERTEX
8
CUT
10
166.5637
20
98.5070
0
VERTEX
8
CUT
10
166.5965
20
98.4941
0
VERTEX
8
CUT
10
166.6701
20
98.4635
0
VERTEX
8
CUT
10
166.7137
20
98.4440
0
VERTEX
8
CUT
10
166.7282
20
98.4370
0
VERTEX
8
CUT
10
166.7389
20
98.4318
0
VERTEX
8
CUT
10
167.4302
20
98.0886
0
VERTEX
8
CUT
10
167.4362
20
98.0856
0
VERTEX
8
CUT
10
167.4504
20
98.0784
0
VERTEX
8
CUT
10
167.4531
20
98.0770
0
VERTEX
8
CUT
10
167.4803
20
98.0625
0
VERTEX
8
CUT
10
167.5344
20
98.0326
0
VERTEX
8
CUT
10
167.5528
20
98.0220
0
VERTEX
8
CUT
10
167.5779
20
98.0065
0
VERTEX
8
CUT
10
167.6435
20
97.9643
0
VERTEX
8
CUT
10
167.6713
20
97.9456
0
VERTEX
8
CUT
10
168.6976
20
97.2286
0
VERTEX
8
CUT
10
168.7069
20
97.2220
0
VERTEX
8
CUT
10
168.7193
20
97.2131
0
VERTEX
8
CUT
10
168.7550
20
97.1861
0
VERTEX
8
CUT
10
168.7960
20
97.1535
0
VERTEX
8
CUT
10
168.8545
20
97.1027
0
VERTEX
8
CUT
10
168.9090
20
97.0511
0
VERTEX
8
CUT
10
168.9635
20
96.9948
0
VERTEX
8
CUT
10
168.9995
20
96.9541
0
VERTEX
8
CUT
10
169.0289
20
96.9193
0
VERTEX
8
CUT
10
169.0381
20
96.9077
0
VERTEX
8
CUT
10
169.0450
20
96.8990
0
VERTEX
8
CUT
10
170.0668
20
95.5890
0
VERTEX
8
CUT
10
170.0949
20
95.5509
0
VERTEX
8
CUT
10
170.1446
20
95.4799
0
VERTEX
8
CUT
10
170.1946
20
95.3996
0
VERTEX
8
CUT
10
170.2250
20
95.3445
0
VERTEX
8
CUT
10
170.2663
20
95.2594
0
VERTEX
8
CUT
10
170.2908
20
95.2014
0
VERTEX
8
CUT
10
170.3230
20
95.1125
0
VERTEX
8
CUT
10
170.3481
20
95.0295
0
VERTEX
8
CUT
10
170.3607
20
94.9839
0
VERTEX
8
CUT
10
170.6718
20
93.7220
0
VERTEX
8
CUT
10
170.6813
20
93.6788
0
VERTEX
8
CUT
10
170.6968
20
93.5994
0
VERTEX
8
CUT
10
170.7094
20
93.5119
0
VERTEX
8
CUT
10
170.7150
20
93.4533
0
VERTEX
8
CUT
10
170.7190
20
93.3651
0
VERTEX
8
CUT
10
170.7188
20
93.3062
0
VERTEX
8
CUT
10
170.7141
20
93.2180
0
VERTEX
8
CUT
10
170.7081
20
93.1595
0
VERTEX
8
CUT
10
170.6948
20
93.0721
0
VERTEX
8
CUT
10
170.6787
20
92.9928
0
VERTEX
8
CUT
10
170.6688
20
92.9497
0
VERTEX
8
CUT
10
170.3896
20
91.8541
0
VERTEX
8
CUT
10
170.3773
20
91.8102
0
VERTEX
8
CUT
10
170.3526
20
91.7305
0
VERTEX
8
CUT
10
170.3213
20
91.6450
0
VERTEX
8
CUT
10
170.2976
20
91.5892
0
VERTEX
8
CUT
10
170.2578
20
91.5072
0
VERTEX
8
CUT
10
170.2286
20
91.4541
0
VERTEX
8
CUT
10
170.1807
20
91.3766
0
VERTEX
8
CUT
10
170.1334
20
91.3079
0
VERTEX
8
CUT
10
170.1065
20
91.2711
0
VERTEX
8
CUT
10
169.1419
20
90.0141
0
VERTEX
8
CUT
10
169.1338
20
90.0038
0
VERTEX
8
CUT
10
169.1229
20
89.9899
0
VERTEX
8
CUT
10
169.0892
20
89.9498
0
VERTEX
8
CUT
10
169.0311
20
89.8845
0
VERTEX
8
CUT
10
169.0048
20
89.8562
0
VERTEX
8
CUT
10
168.9773
20
89.8291
0
VERTEX
8
CUT
10
168.9137
20
89.7692
0
VERTEX
8
CUT
10
168.8745
20
89.7343
0
VERTEX
8
CUT
10
168.8610
20
89.7230
0
VERTEX
8
CUT
10
168.8509
20
89.7146
0
VERTEX
8
CUT
10
168.1851
20
89.1726
0
VERTEX
8
CUT
10
168.1775
20
89.1665
0
VERTEX
8
CUT
10
168.1656
20
89.1571
0
VERTEX
8
CUT
10
168.1458
20
89.1417
0
VERTEX
8
CUT
10
168.1189
20
89.1215
0
VERTEX
8
CUT
10
168.0947
20
89.1040
0
VERTEX
8
CUT
10
168.0753
20
89.0904
0
VERTEX
8
CUT
10
168.0642
20
89.0827
0
VERTEX
8
CUT
10
168.0600
20
89.0798
0
VERTEX
8
CUT
10
168.0354
20
89.0638
0
VERTEX
8
CUT
10
167.9803
20
89.0289
0
VERTEX
8
CUT
10
167.9468
20
89.0087
0
VERTEX
8
CUT
10
167.9353
20
89.0021
0
VERTEX
8
CUT
10
167.9268
20
88.9973
0
VERTEX
8
CUT
10
166.0671
20
87.9587
0
VERTEX
8
CUT
10
166.0580
20
87.9537
0
VERTEX
8
CUT
10
166.0438
20
87.9460
0
VERTEX
8
CUT
10
166.0201
20
87.9336
0
VERTEX
8
CUT
10
165.9882
20
87.9174
0
VERTEX
8
CUT
10
165.9596
20
87.9036
0
VERTEX
8
CUT
10
165.9367
20
87.8930
0
VERTEX
8
CUT
10
165.9235
20
87.8871
0
VERTEX
8
CUT
10
165.9187
20
87.8849
0
VERTEX
8
CUT
10
165.8899
20
87.8727
0
VERTEX
8
CUT
10
165.8254
20
87.8469
0
VERTEX
8
CUT
10
165.7864
20
87.8322
0
VERTEX
8
CUT
10
165.7732
20
87.8276
0
VERTEX
8
CUT
10
165.7633
20
87.8242
0
VERTEX
8
CUT
10
164.7904
20
87.4972
0
VERTEX
8
CUT
10
164.7759
20
87.4925
0
VERTEX
8
CUT
10
164.7419
20
87.4817
0
VERTEX
8
CUT
10
164.7273
20
87.4772
0
VERTEX
8
CUT
10
164.7095
20
87.4719
0
VERTEX
8
CUT
10
164.6948
20
87.4676
0
VERTEX
8
CUT
10
164.6605
20
87.4580
0
VERTEX
8
CUT
10
164.6457
20
87.4540
0
VERTEX
8
CUT
10
164.6288
20
87.4496
0
VERTEX
8
CUT
10
164.6140
20
87.4458
0
VERTEX
8
CUT
10
164.5793
20
87.4374
0
VERTEX
8
CUT
10
164.5645
20
87.4339
0
VERTEX
8
CUT
10
164.5463
20
87.4298
0
VERTEX
8
CUT
10
164.5314
20
87.4265
0
VERTEX
8
CUT
10
164.4965
20
87.4193
0
VERTEX
8
CUT
10
164.4815
20
87.4163
0
VERTEX
8
CUT
10
162.7013
20
87.0768
0
VERTEX
8
CUT
10
162.6866
20
87.0741
0
VERTEX
8
CUT
10
162.6522
20
87.0682
0
VERTEX
8
CUT
10
162.6375
20
87.0657
0
VERTEX
8
CUT
10
162.6195
20
87.0629
0
VERTEX
8
CUT
10
162.6047
20
87.0607
0
VERTEX
8
CUT
10
162.5701
20
87.0559
0
VERTEX
8
CUT
10
162.5553
20
87.0540
0
VERTEX
8
CUT
10
162.5383
20
87.0519
0
VERTEX
8
CUT
10
162.5234
20
87.0502
0
VERTEX
8
CUT
10
162.4887
20
87.0465
0
VERTEX
8
CUT
10
162.4738
20
87.0451
0
VERTEX
8
CUT
10
162.4557
20
87.0434
0
VERTEX
8
CUT
10
162.4408
20
87.0422
0
VERTEX
8
CUT
10
162.4060
20
87.0397
0
VERTEX
8
CUT
10
162.3911
20
87.0388
0
VERTEX
8
CUT
10
160.1269
20
86.9129
0
VERTEX
8
CUT
10
160.1143
20
86.9123
0
VERTEX
8
CUT
10
160.0850
20
86.9111
0
VERTEX
8
CUT
10
160.0724
20
86.9107
0
VERTEX
8
CUT
10
160.0571
20
86.9102
0
VERTEX
8
CUT
10
160.0445
20
86.9100
0
VERTEX
8
CUT
10
160.0151
20
86.9096
0
VERTEX
8
CUT
10
160.0026
20
86.9095
0
VERTEX
8
CUT
10
159.9881
20
86.9095
0
VERTEX
8
CUT
10
159.9755
20
86.9096
0
VERTEX
8
CUT
10
159.9461
20
86.9100
0
VERTEX
8
CUT
10
159.9336
20
86.9103
0
VERTEX
8
CUT
10
159.9182
20
86.9107
0
VERTEX
8
CUT
10
159.9056
20
86.9112
0
VERTEX
8
CUT
10
159.8763
20
86.9124
0
VERTEX
8
CUT
10
159.8637
20
86.9130
0
VERTEX
8
CUT
10
156.2154
20
87.1188
0
VERTEX
8
CUT
10
156.2051
20
87.1194
0
VERTEX
8
CUT
10
156.1892
20
87.1205
0
VERTEX
8
CUT
10
156.1630
20
87.1226
0
VERTEX
8
CUT
10
156.1279
20
87.1261
0
VERTEX
8
CUT
10
156.0968
20
87.1296
0
VERTEX
8
CUT
10
156.0721
20
87.1329
0
VERTEX
8
CUT
10
156.0581
20
87.1349
0
VERTEX
8
CUT
10
156.0529
20
87.1357
0
VERTEX
8
CUT
10
156.0225
20
87.1407
0
VERTEX
8
CUT
10
155.9552
20
87.1531
0
VERTEX
8
CUT
10
155.9150
20
87.1614
0
VERTEX
8
CUT
10
155.9015
20
87.1645
0
VERTEX
8
CUT
10
155.8915
20
87.1669
0
VERTEX
8
CUT
10
150.7631
20
88.4152
0
VERTEX
8
CUT
10
150.7516
20
88.4181
0
VERTEX
8
CUT
10
150.7248
20
88.4250
0
VERTEX
8
CUT
10
150.7133
20
88.4280
0
VERTEX
8
CUT
10
150.6994
20
88.4318
0
VERTEX
8
CUT
10
150.6880
20
88.4350
0
VERTEX
8
CUT
10
150.6614
20
88.4426
0
VERTEX
8
CUT
10
150.6500
20
88.4459
0
VERTEX
8
CUT
10
150.6370
20
88.4498
0
VERTEX
8
CUT
10
150.6257
20
88.4533
0
VERTEX
8
CUT
10
150.5993
20
88.4616
0
VERTEX
8
CUT
10
150.5880
20
88.4652
0
VERTEX
8
CUT
10
150.5743
20
88.4697
0
VERTEX
8
CUT
10
150.5631
20
88.4735
0
VERTEX
8
CUT
10
150.5369
20
88.4825
0
VERTEX
8
CUT
10
150.5258
20
88.4864
0
VERTEX
8
CUT
10
148.4691
20
89.2233
0
VERTEX
8
CUT
10
148.4630
20
89.2255
0
VERTEX
8
CUT
10
148.4490
20
89.2307
0
VERTEX
8
CUT
10
148.4429
20
89.2329
0
VERTEX
8
CUT
10
148.4285
20
89.2383
0
VERTEX
8
CUT
10
148.4212
20
89.2411
0
VERTEX
8
CUT
10
148.4040
20
89.2477
0
VERTEX
8
CUT
10
148.3966
20
89.2506
0
VERTEX
8
CUT
10
148.3881
20
89.2539
0
VERTEX
8
CUT
10
148.3808
20
89.2568
0
VERTEX
8
CUT
10
148.3637
20
89.2638
0
VERTEX
8
CUT
10
148.3563
20
89.2668
0
VERTEX
8
CUT
10
148.3526
20
89.2683
0
VERTEX
8
CUT
10
148.3440
20
89.2719
0
VERTEX
8
CUT
10
148.3239
20
89.2805
0
VERTEX
8
CUT
10
148.3153
20
89.2843
0
VERTEX
8
CUT
10
143.8937
20
91.2285
0
VERTEX
8
CUT
10
143.8833
20
91.2331
0
VERTEX
8
CUT
10
143.8591
20
91.2441
0
VERTEX
8
CUT
10
143.8488
20
91.2489
0
VERTEX
8
CUT
10
143.8363
20
91.2548
0
VERTEX
8
CUT
10
143.8261
20
91.2597
0
VERTEX
8
CUT
10
143.8023
20
91.2712
0
VERTEX
8
CUT
10
143.7921
20
91.2762
0
VERTEX
8
CUT
10
143.7804
20
91.2821
0
VERTEX
8
CUT
10
143.7703
20
91.2873
0
VERTEX
8
CUT
10
143.7467
20
91.2994
0
VERTEX
8
CUT
10
143.7367
20
91.3047
0
VERTEX
8
CUT
10
143.7244
20
91.3113
0
VERTEX
8
CUT
10
143.7145
20
91.3167
0
VERTEX
8
CUT
10
143.6912
20
91.3294
0
VERTEX
8
CUT
10
143.6813
20
91.3350
0
VERTEX
8
CUT
10
137.4508
20
94.8635
0
VERTEX
8
CUT
10
137.4366
20
94.8716
0
VERTEX
8
CUT
10
137.4038
20
94.8910
0
VERTEX
8
CUT
10
137.3898
20
94.8995
0
VERTEX
8
CUT
10
137.3676
20
94.9131
0
VERTEX
8
CUT
10
137.2942
20
94.9586
0
VERTEX
8
CUT
10
137.2861
20
94.9636
0
VERTEX
8
CUT
10
137.2187
20
95.0039
0
VERTEX
8
CUT
10
137.1925
20
95.0187
0
VERTEX
8
CUT
10
137.0248
20
95.1079
0
VERTEX
8
CUT
10
136.9711
20
95.1332
0
VERTEX
8
CUT
10
136.7976
20
95.2045
0
VERTEX
8
CUT
10
136.7417
20
95.2243
0
VERTEX
8
CUT
10
136.5620
20
95.2781
0
VERTEX
8
CUT
10
136.5044
20
95.2923
0
VERTEX
8
CUT
10
136.3203
20
95.3282
0
VERTEX
8
CUT
10
136.2616
20
95.3366
0
VERTEX
8
CUT
10
136.0748
20
95.3541
0
VERTEX
8
CUT
10
136.0155
20
95.3567
0
VERTEX
8
CUT
10
135.8280
20
95.3556
0
VERTEX
8
CUT
10
135.7687
20
95.3523
0
VERTEX
8
CUT
10
135.5822
20
95.3328
0
VERTEX
8
CUT
10
135.5236
20
95.3236
0
VERTEX
8
CUT
10
135.3399
20
95.2857
0
VERTEX
8
CUT
10
135.2824
20
95.2709
0
VERTEX
8
CUT
10
135.1034
20
95.2150
0
VERTEX
8
CUT
10
135.0477
20
95.1946
0
VERTEX
8
CUT
10
134.8750
20
95.1213
0
VERTEX
8
CUT
10
134.8216
20
95.0954
0
VERTEX
8
CUT
10
134.6570
20
95.0055
0
VERTEX
8
CUT
10
134.6064
20
94.9745
0
VERTEX
8
CUT
10
134.4515
20
94.8687
0
VERTEX
8
CUT
10
134.4043
20
94.8328
0
VERTEX
8
CUT
10
134.2606
20
94.7123
0
VERTEX
8
CUT
10
134.2171
20
94.6719
0
VERTEX
8
CUT
10
134.0860
20
94.5377
0
VERTEX
8
CUT
10
134.0467
20
94.4933
0
VERTEX
8
CUT
10
133.9295
20
94.3468
0
VERTEX
8
CUT
10
133.8948
20
94.2987
0
VERTEX
8
CUT
10
133.7926
20
94.1414
0
VERTEX
8
CUT
10
133.7628
20
94.0901
0
VERTEX
8
CUT
10
133.6767
20
93.9235
0
VERTEX
8
CUT
10
133.6521
20
93.8695
0
VERTEX
8
CUT
10
133.5829
20
93.6952
0
VERTEX
8
CUT
10
133.5637
20
93.6390
0
VERTEX
8
CUT
10
133.5121
20
93.4587
0
VERTEX
8
CUT
10
133.4986
20
93.4009
0
VERTEX
8
CUT
10
133.4650
20
93.2164
0
VERTEX
8
CUT
10
133.4572
20
93.1576
0
VERTEX
8
CUT
10
133.4420
20
92.9706
0
VERTEX
8
CUT
10
133.4401
20
92.9113
0
VERTEX
8
CUT
10
133.4434
20
92.7238
0
VERTEX
8
CUT
10
133.4474
20
92.6646
0
VERTEX
8
CUT
10
133.4692
20
92.4783
0
VERTEX
8
CUT
10
133.4791
20
92.4198
0
VERTEX
8
CUT
10
133.5197
20
92.2340
0
VERTEX
8
CUT
10
133.5268
20
92.2052
0
VERTEX
8
CUT
10
133.5420
20
92.1492
0
VERTEX
8
CUT
10
133.5460
20
92.1350
0
VERTEX
8
CUT
10
133.5736
20
92.0426
0
VERTEX
8
CUT
10
133.5780
20
92.0284
0
VERTEX
8
CUT
10
135.1344
20
87.2437
0
VERTEX
8
CUT
10
135.1388
20
87.2305
0
VERTEX
8
CUT
10
135.1687
20
87.1454
0
VERTEX
8
CUT
10
135.1734
20
87.1324
0
VERTEX
8
CUT
10
135.2134
20
87.0264
0
VERTEX
8
CUT
10
135.2184
20
87.0135
0
VERTEX
8
CUT
10
135.2522
20
86.9299
0
VERTEX
8
CUT
10
135.2576
20
86.9171
0
VERTEX
8
CUT
10
137.0503
20
82.7583
0
VERTEX
8
CUT
10
137.0594
20
82.7382
0
VERTEX
8
CUT
10
137.1210
20
82.6087
0
VERTEX
8
CUT
10
137.1308
20
82.5889
0
VERTEX
8
CUT
10
137.2140
20
82.4294
0
VERTEX
8
CUT
10
137.2245
20
82.4100
0
VERTEX
8
CUT
10
137.2954
20
82.2854
0
VERTEX
8
CUT
10
137.3067
20
82.2664
0
VERTEX
8
CUT
10
138.6173
20
80.1485
0
VERTEX
8
CUT
10
138.6260
20
80.1349
0
VERTEX
8
CUT
10
138.6835
20
80.0473
0
VERTEX
8
CUT
10
138.6925
20
80.0340
0
VERTEX
8
CUT
10
138.7677
20
79.9260
0
VERTEX
8
CUT
10
138.7771
20
79.9129
0
VERTEX
8
CUT
10
138.8392
20
79.8285
0
VERTEX
8
CUT
10
138.8490
20
79.8156
0
VERTEX
8
CUT
10
140.2123
20
78.0650
0
VERTEX
8
CUT
10
140.2249
20
78.0494
0
VERTEX
8
CUT
10
140.3085
20
77.9492
0
VERTEX
8
CUT
10
140.3216
20
77.9340
0
VERTEX
8
CUT
10
140.4305
20
77.8119
0
VERTEX
8
CUT
10
140.4441
20
77.7972
0
VERTEX
8
CUT
10
140.5342
20
77.7028
0
VERTEX
8
CUT
10
140.5483
20
77.6885
0
VERTEX
8
CUT
10
140.5707
20
77.6665
0
VERTEX
8
CUT
10
140.5739
20
77.6627
0
VERTEX
8
CUT
10
140.5835
20
77.6515
0
VERTEX
8
CUT
10
141.0770
20
77.0905
0
VERTEX
8
CUT
10
141.0872
20
77.0792
0
VERTEX
8
CUT
10
141.1539
20
77.0071
0
VERTEX
8
CUT
10
141.1643
20
76.9962
0
VERTEX
8
CUT
10
141.2503
20
76.9078
0
VERTEX
8
CUT
10
141.2610
20
76.8971
0
VERTEX
8
CUT
10
141.3312
20
76.8285
0
VERTEX
8
CUT
10
141.3422
20
76.8180
0
VERTEX
8
CUT
10
142.9885
20
75.2887
0
VERTEX
8
CUT
10
143.0014
20
75.2770
0
VERTEX
8
CUT
10
143.0865
20
75.2025
0
VERTEX
8
CUT
10
143.0997
20
75.1912
0
VERTEX
8
CUT
10
143.2092
20
75.1008
0
VERTEX
8
CUT
10
143.2227
20
75.0899
0
VERTEX
8
CUT
10
143.3120
20
75.0204
0
VERTEX
8
CUT
10
143.3259
20
75.0099
0
VERTEX
8
CUT
10
143.3673
20
74.9795
0
VERTEX
8
CUT
10
153.2944
20
67.7026
0
VERTEX
8
CUT
10
153.3051
20
67.6946
0
VERTEX
8
CUT
10
153.3301
20
67.6757
0
VERTEX
8
CUT
10
153.3408
20
67.6675
0
VERTEX
8
CUT
10
153.3537
20
67.6574
0
VERTEX
8
CUT
10
153.3642
20
67.6491
0
VERTEX
8
CUT
10
153.3886
20
67.6295
0
VERTEX
8
CUT
10
153.3990
20
67.6210
0
VERTEX
8
CUT
10
153.4109
20
67.6111
0
VERTEX
8
CUT
10
153.4212
20
67.6025
0
VERTEX
8
CUT
10
153.4450
20
67.5821
0
VERTEX
8
CUT
10
153.4551
20
67.5733
0
VERTEX
8
CUT
10
153.4674
20
67.5625
0
VERTEX
8
CUT
10
153.4774
20
67.5536
0
VERTEX
8
CUT
10
153.5006
20
67.5325
0
VERTEX
8
CUT
10
153.5105
20
67.5234
0
VERTEX
8
CUT
10
156.3072
20
64.9081
0
VERTEX
8
CUT
10
156.3141
20
64.9015
0
VERTEX
8
CUT
10
156.3247
20
64.8914
0
VERTEX
8
CUT
10
156.3420
20
64.8744
0
VERTEX
8
CUT
10
156.3650
20
64.8513
0
VERTEX
8
CUT
10
156.3850
20
64.8304
0
VERTEX
8
CUT
10
156.3878
20
64.8274
0
VERTEX
8
CUT
10
156.4213
20
64.7893
0
VERTEX
8
CUT
10
156.4655
20
64.7360
0
VERTEX
8
CUT
10
156.5057
20
64.6839
0
VERTEX
8
CUT
10
156.5327
20
64.6460
0
VERTEX
8
CUT
10
156.5544
20
64.6142
0
VERTEX
8
CUT
10
156.5612
20
64.6037
0
VERTEX
8
CUT
10
156.5664
20
64.5957
0
VERTEX
8
CUT
10
157.8605
20
62.5604
0
VERTEX
8
CUT
10
157.8672
20
62.5501
0
VERTEX
8
CUT
10
157.9114
20
62.4836
0
VERTEX
8
CUT
10
157.9183
20
62.4735
0
VERTEX
8
CUT
10
157.9456
20
62.4341
0
VERTEX
8
CUT
10
157.9601
20
62.4142
0
VERTEX
8
CUT
10
158.0564
20
62.2871
0
VERTEX
8
CUT
10
158.0716
20
62.2678
0
VERTEX
8
CUT
10
158.1021
20
62.2308
0
VERTEX
8
CUT
10
158.1100
20
62.2214
0
VERTEX
8
CUT
10
158.1620
20
62.1608
0
VERTEX
8
CUT
10
158.1701
20
62.1516
0
VERTEX
8
CUT
10
159.8378
20
60.2881
0
VERTEX
8
CUT
10
159.8469
20
60.2779
0
VERTEX
8
CUT
10
159.8679
20
60.2537
0
VERTEX
8
CUT
10
159.8768
20
60.2432
0
VERTEX
8
CUT
10
159.8876
20
60.2304
0
VERTEX
8
CUT
10
159.8963
20
60.2199
0
VERTEX
8
CUT
10
159.9165
20
60.1950
0
VERTEX
8
CUT
10
159.9251
20
60.1844
0
VERTEX
8
CUT
10
159.9351
20
60.1718
0
VERTEX
8
CUT
10
159.9435
20
60.1609
0
VERTEX
8
CUT
10
159.9630
20
60.1355
0
VERTEX
8
CUT
10
159.9713
20
60.1245
0
VERTEX
8
CUT
10
159.9813
20
60.1110
0
VERTEX
8
CUT
10
159.9894
20
60.0999
0
VERTEX
8
CUT
10
160.0082
20
60.0738
0
VERTEX
8
CUT
10
160.0161
20
60.0626
0
VERTEX
8
CUT
10
164.3452
20
53.8405
0
VERTEX
8
CUT
10
164.3473
20
53.8374
0
VERTEX
8
CUT
10
164.3621
20
53.8164
0
VERTEX
8
CUT
10
164.3644
20
53.8132
0
VERTEX
8
CUT
10
164.3830
20
53.7872
0
VERTEX
8
CUT
10
164.3853
20
53.7840
0
VERTEX
8
CUT
10
164.4001
20
53.7635
0
VERTEX
8
CUT
10
164.4026
20
53.7602
0
VERTEX
8
CUT
10
176.7599
20
36.9540
0
VERTEX
8
CUT
10
176.7601
20
36.9538
0
VERTEX
8
CUT
10
176.7651
20
36.9471
0
VERTEX
8
CUT
10
176.8001
20
36.9008
0
VERTEX
8
CUT
10
176.8056
20
36.8937
0
VERTEX
8
CUT
10
176.8501
20
36.8367
0
VERTEX
8
CUT
10
176.8556
20
36.8298
0
VERTEX
8
CUT
10
176.8914
20
36.7852
0
VERTEX
8
CUT
10
176.8974
20
36.7780
0
VERTEX
8
CUT
10
183.8379
20
28.4217
0
VERTEX
8
CUT
10
183.8461
20
28.4120
0
VERTEX
8
CUT
10
183.9001
20
28.3497
0
VERTEX
8
CUT
10
183.9085
20
28.3402
0
VERTEX
8
CUT
10
183.9237
20
28.3234
0
VERTEX
8
CUT
10
183.9249
20
28.3220
0
VERTEX
8
CUT
10
183.9330
20
28.3129
0
VERTEX
8
CUT
10
183.9650
20
28.2774
0
VERTEX
8
CUT
10
183.9818
20
28.2596
0
VERTEX
8
CUT
10
184.0929
20
28.1460
0
VERTEX
8
CUT
10
184.1104
20
28.1289
0
VERTEX
8
CUT
10
184.1452
20
28.0961
0
VERTEX
8
CUT
10
184.1541
20
28.0879
0
VERTEX
8
CUT
10
184.2131
20
28.0346
0
VERTEX
8
CUT
10
184.2223
20
28.0265
0
VERTEX
8
CUT
10
184.3779
20
27.8914
0
VERTEX
8
CUT
10
185.1655
20
27.1358
0
VERTEX
8
CUT
10
185.1735
20
27.1282
0
VERTEX
8
CUT
10
185.2303
20
27.0757
0
VERTEX
8
CUT
10
185.2391
20
27.0677
0
VERTEX
8
CUT
10
185.3112
20
27.0037
0
VERTEX
8
CUT
10
185.3200
20
26.9960
0
VERTEX
8
CUT
10
185.3779
20
26.9465
0
VERTEX
8
CUT
10
185.3875
20
26.9385
0
VERTEX
8
CUT
10
186.9752
20
25.6386
0
VERTEX
8
CUT
10
187.9012
20
24.8353
0
VERTEX
8
CUT
10
187.9074
20
24.8300
0
VERTEX
8
CUT
10
187.9509
20
24.7933
0
VERTEX
8
CUT
10
187.9577
20
24.7877
0
VERTEX
8
CUT
10
188.0126
20
24.7428
0
VERTEX
8
CUT
10
188.0193
20
24.7374
0
VERTEX
8
CUT
10
188.0631
20
24.7025
0
VERTEX
8
CUT
10
188.0704
20
24.6968
0
VERTEX
8
CUT
10
188.5209
20
24.3496
0
VERTEX
8
CUT
10
189.0449
20
23.9006
0
VERTEX
8
CUT
10
189.0565
20
23.8909
0
VERTEX
8
CUT
10
189.1326
20
23.8289
0
VERTEX
8
CUT
10
189.1444
20
23.8195
0
VERTEX
8
CUT
10
189.2419
20
23.7441
0
VERTEX
8
CUT
10
189.2540
20
23.7350
0
VERTEX
8
CUT
10
189.3332
20
23.6769
0
VERTEX
8
CUT
10
189.3455
20
23.6682
0
VERTEX
8
CUT
10
189.5871
20
23.5001
0
VERTEX
8
CUT
10
189.8724
20
23.2665
0
VERTEX
8
CUT
10
189.8829
20
23.2581
0
VERTEX
8
CUT
10
189.9515
20
23.2044
0
VERTEX
8
CUT
10
189.9622
20
23.1963
0
VERTEX
8
CUT
10
190.0498
20
23.1308
0
VERTEX
8
CUT
10
190.0606
20
23.1229
0
VERTEX
8
CUT
10
190.1316
20
23.0724
0
VERTEX
8
CUT
10
190.1426
20
23.0647
0
VERTEX
8
CUT
10
190.5263
20
22.8041
0
VERTEX
8
CUT
10
190.6132
20
22.7371
0
VERTEX
8
CUT
10
190.6206
20
22.7315
0
VERTEX
8
CUT
10
190.6725
20
22.6928
0
VERTEX
8
CUT
10
190.6806
20
22.6869
0
VERTEX
8
CUT
10
190.7461
20
22.6397
0
VERTEX
8
CUT
10
190.7541
20
22.6340
0
VERTEX
8
CUT
10
190.8065
20
22.5975
0
VERTEX
8
CUT
10
190.8151
20
22.5916
0
VERTEX
8
CUT
10
192.6788
20
21.3420
0
VERTEX
8
CUT
10
192.8776
20
21.2070
0
VERTEX
8
CUT
10
192.8894
20
21.1991
0
VERTEX
8
CUT
10
192.9666
20
21.1493
0
VERTEX
8
CUT
10
192.9785
20
21.1418
0
VERTEX
8
CUT
10
193.0256
20
21.1130
0
VERTEX
8
CUT
10
193.0501
20
21.0988
0
VERTEX
8
CUT
10
193.2110
20
21.0103
0
VERTEX
8
CUT
10
193.2361
20
20.9973
0
VERTEX
8
CUT
10
193.2857
20
20.9730
0
VERTEX
8
CUT
10
193.2985
20
20.9670
0
VERTEX
8
CUT
10
193.3819
20
20.9285
0
VERTEX
8
CUT
10
193.3948
20
20.9228
0
VERTEX
8
CUT
10
194.0026
20
20.6599
0
VERTEX
8
CUT
10
194.0145
20
20.6549
0
VERTEX
8
CUT
10
194.0921
20
20.6233
0
VERTEX
8
CUT
10
194.1041
20
20.6186
0
VERTEX
8
CUT
10
194.1512
20
20.6006
0
VERTEX
8
CUT
10
194.1754
20
20.5919
0
VERTEX
8
CUT
10
194.3343
20
20.5389
0
VERTEX
8
CUT
10
194.3589
20
20.5312
0
VERTEX
8
CUT
10
194.4073
20
20.5173
0
VERTEX
8
CUT
10
194.4197
20
20.5139
0
VERTEX
8
CUT
10
194.5008
20
20.4926
0
VERTEX
8
CUT
10
194.5133
20
20.4894
0
VERTEX
8
CUT
10
195.4058
20
20.2745
0
VERTEX
8
CUT
10
195.6455
20
20.1945
0
VERTEX
8
CUT
10
195.6574
20
20.1907
0
VERTEX
8
CUT
10
195.7351
20
20.1666
0
VERTEX
8
CUT
10
195.7471
20
20.1630
0
VERTEX
8
CUT
10
195.7942
20
20.1494
0
VERTEX
8
CUT
10
195.8184
20
20.1430
0
VERTEX
8
CUT
10
195.9765
20
20.1046
0
VERTEX
8
CUT
10
196.0009
20
20.0992
0
VERTEX
8
CUT
10
196.0489
20
20.0896
0
VERTEX
8
CUT
10
196.0612
20
20.0873
0
VERTEX
8
CUT
10
196.1414
20
20.0731
0
VERTEX
8
CUT
10
196.1537
20
20.0710
0
VERTEX
8
CUT
10
196.4295
20
20.0279
0
VERTEX
8
CUT
10
196.5262
20
20.0047
0
VERTEX
8
CUT
10
196.5367
20
20.0022
0
VERTEX
8
CUT
10
196.6103
20
19.9859
0
VERTEX
8
CUT
10
196.6213
20
19.9835
0
VERTEX
8
CUT
10
196.6698
20
19.9737
0
VERTEX
8
CUT
10
196.6933
20
19.9695
0
VERTEX
8
CUT
10
196.8399
20
19.9458
0
VERTEX
8
CUT
10
196.8626
20
19.9426
0
VERTEX
8
CUT
10
196.9021
20
19.9378
0
VERTEX
8
CUT
10
196.9129
20
19.9366
0
VERTEX
8
CUT
10
196.9870
20
19.9289
0
VERTEX
8
CUT
10
196.9991
20
19.9277
0
VERTEX
8
CUT
10
197.1543
20
19.9147
0
VERTEX
8
CUT
10
197.4117
20
19.8745
0
VERTEX
8
CUT
10
197.4226
20
19.8729
0
VERTEX
8
CUT
10
197.4987
20
19.8625
0
VERTEX
8
CUT
10
197.5101
20
19.8610
0
VERTEX
8
CUT
10
197.5601
20
19.8551
0
VERTEX
8
CUT
10
197.5843
20
19.8528
0
VERTEX
8
CUT
10
197.7352
20
19.8411
0
VERTEX
8
CUT
10
197.7585
20
19.8398
0
VERTEX
8
CUT
10
197.7990
20
19.8382
0
VERTEX
8
CUT
10
197.8100
20
19.8379
0
VERTEX
8
CUT
10
197.8860
20
19.8364
0
VERTEX
8
CUT
10
197.8983
20
19.8363
0
VERTEX
8
CUT
10
198.0899
20
19.8364
0
VERTEX
8
CUT
10
198.1335
20
19.8328
0
VERTEX
8
CUT
10
198.1467
20
19.8318
0
VERTEX
8
CUT
10
198.2323
20
19.8266
0
VERTEX
8
CUT
10
198.2455
20
19.8259
0
VERTEX
8
CUT
10
198.2970
20
19.8239
0
VERTEX
8
CUT
10
198.3234
20
19.8234
0
VERTEX
8
CUT
10
198.4949
20
19.8242
0
VERTEX
8
CUT
10
198.5213
20
19.8249
0
VERTEX
8
CUT
10
198.5728
20
19.8274
0
VERTEX
8
CUT
10
198.5860
20
19.8282
0
VERTEX
8
CUT
10
198.6716
20
19.8342
0
VERTEX
8
CUT
10
198.6847
20
19.8353
0
VERTEX
8
CUT
10
198.7019
20
19.8369
0
VERTEX
8
CUT
10
199.1621
20
19.8373
0
VERTEX
8
CUT
10
199.1828
20
19.8376
0
VERTEX
8
CUT
10
199.3164
20
19.8423
0
VERTEX
8
CUT
10
199.3370
20
19.8434
0
VERTEX
8
CUT
10
199.5044
20
19.8551
0
VERTEX
8
CUT
10
199.5249
20
19.8568
0
VERTEX
8
CUT
10
199.6579
20
19.8707
0
VERTEX
8
CUT
10
199.6784
20
19.8732
0
VERTEX
8
CUT
10
200.4855
20
19.9854
0
VERTEX
8
CUT
10
200.5015
20
19.9878
0
VERTEX
8
CUT
10
200.6053
20
20.0051
0
VERTEX
8
CUT
10
200.6212
20
20.0080
0
VERTEX
8
CUT
10
200.6833
20
20.0201
0
VERTEX
8
CUT
10
200.7149
20
20.0271
0
VERTEX
8
CUT
10
200.9160
20
20.0776
0
VERTEX
8
CUT
10
200.9779
20
20.0967
0
VERTEX
8
CUT
10
201.1724
20
20.1686
0
VERTEX
8
CUT
10
201.2025
20
20.1807
0
VERTEX
8
CUT
10
201.2605
20
20.2057
0
VERTEX
8
CUT
10
201.2753
20
20.2124
0
VERTEX
8
CUT
10
201.3707
20
20.2567
0
VERTEX
8
CUT
10
201.3853
20
20.2637
0
VERTEX
8
CUT
10
201.9384
20
20.5391
0
VERTEX
8
CUT
10
201.9533
20
20.5468
0
VERTEX
8
CUT
10
202.0497
20
20.5982
0
VERTEX
8
CUT
10
202.0644
20
20.6063
0
VERTEX
8
CUT
10
202.1214
20
20.6388
0
VERTEX
8
CUT
10
202.1501
20
20.6562
0
VERTEX
8
CUT
10
202.3335
20
20.7747
0
VERTEX
8
CUT
10
202.3612
20
20.7938
0
VERTEX
8
CUT
10
202.3770
20
20.8054
0
VERTEX
8
CUT
10
202.3977
20
20.8196
0
VERTEX
8
CUT
10
202.4515
20
20.8589
0
VERTEX
8
CUT
10
202.4651
20
20.8691
0
VERTEX
8
CUT
10
202.5528
20
20.9371
0
VERTEX
8
CUT
10
202.5662
20
20.9478
0
VERTEX
8
CUT
10
203.6303
20
21.8224
0
VERTEX
8
CUT
10
203.6423
20
21.8325
0
VERTEX
8
CUT
10
203.7192
20
21.8991
0
VERTEX
8
CUT
10
203.7309
20
21.9095
0
VERTEX
8
CUT
10
203.8251
20
21.9956
0
VERTEX
8
CUT
10
203.8365
20
22.0063
0
VERTEX
8
CUT
10
203.9098
20
22.0769
0
VERTEX
8
CUT
10
203.9210
20
22.0879
0
VERTEX
8
CUT
10
205.5377
20
23.7270
0
VERTEX
8
CUT
10
205.5520
20
23.7421
0
VERTEX
8
CUT
10
205.5558
20
23.7462
0
VERTEX
8
CUT
10
205.5668
20
23.7573
0
VERTEX
8
CUT
10
205.5769
20
23.7678
0
VERTEX
8
CUT
10
205.6418
20
23.8369
0
VERTEX
8
CUT
10
205.6516
20
23.8477
0
VERTEX
8
CUT
10
205.7310
20
23.9364
0
VERTEX
8
CUT
10
205.7406
20
23.9474
0
VERTEX
8
CUT
10
205.8020
20
24.0196
0
VERTEX
8
CUT
10
205.8114
20
24.0308
0
VERTEX
8
CUT
10
206.0617
20
24.3397
0
VERTEX
8
CUT
10
206.3447
20
24.6370
0
VERTEX
8
CUT
10
206.3554
20
24.6486
0
VERTEX
8
CUT
10
206.4243
20
24.7249
0
VERTEX
8
CUT
10
206.4347
20
24.7367
0
VERTEX
8
CUT
10
206.4749
20
24.7836
0
VERTEX
8
CUT
10
206.4948
20
24.8082
0
VERTEX
8
CUT
10
206.6200
20
24.9710
0
VERTEX
8
CUT
10
206.6386
20
24.9966
0
VERTEX
8
CUT
10
206.6735
20
25.0474
0
VERTEX
8
CUT
10
206.6823
20
25.0606
0
VERTEX
8
CUT
10
206.7383
20
25.1468
0
VERTEX
8
CUT
10
206.7468
20
25.1601
0
VERTEX
8
CUT
10
206.8096
20
25.2626
0
VERTEX
8
CUT
10
207.0726
20
25.5872
0
VERTEX
8
CUT
10
207.0792
20
25.5955
0
VERTEX
8
CUT
10
207.1251
20
25.6542
0
VERTEX
8
CUT
10
207.1318
20
25.6630
0
VERTEX
8
CUT
10
207.1612
20
25.7020
0
VERTEX
8
CUT
10
207.1749
20
25.7211
0
VERTEX
8
CUT
10
207.2584
20
25.8416
0
VERTEX
8
CUT
10
207.2710
20
25.8605
0
VERTEX
8
CUT
10
207.2921
20
25.8936
0
VERTEX
8
CUT
10
207.2977
20
25.9026
0
VERTEX
8
CUT
10
207.3362
20
25.9654
0
VERTEX
8
CUT
10
207.3423
20
25.9756
0
VERTEX
8
CUT
10
207.6631
20
26.5230
0
VERTEX
8
CUT
10
207.6668
20
26.5279
0
VERTEX
8
CUT
10
207.6766
20
26.5415
0
VERTEX
8
CUT
10
207.7392
20
26.6306
0
VERTEX
8
CUT
10
207.7486
20
26.6444
0
VERTEX
8
CUT
10
207.7846
20
26.6990
0
VERTEX
8
CUT
10
207.8023
20
26.7274
0
VERTEX
8
CUT
10
207.9119
20
26.9154
0
VERTEX
8
CUT
10
207.9280
20
26.9448
0
VERTEX
8
CUT
10
207.9577
20
27.0030
0
VERTEX
8
CUT
10
207.9651
20
27.0180
0
VERTEX
8
CUT
10
208.0119
20
27.1163
0
VERTEX
8
CUT
10
208.0153
20
27.1237
0
VERTEX
8
CUT
10
208.1652
20
27.3796
0
VERTEX
8
CUT
10
208.1727
20
27.3927
0
VERTEX
8
CUT
10
208.2199
20
27.4781
0
VERTEX
8
CUT
10
208.2270
20
27.4913
0
VERTEX
8
CUT
10
208.2541
20
27.5434
0
VERTEX
8
CUT
10
208.2673
20
27.5703
0
VERTEX
8
CUT
10
208.3487
20
27.7478
0
VERTEX
8
CUT
10
208.3605
20
27.7754
0
VERTEX
8
CUT
10
208.3823
20
27.8299
0
VERTEX
8
CUT
10
208.3877
20
27.8439
0
VERTEX
8
CUT
10
208.4216
20
27.9355
0
VERTEX
8
CUT
10
208.4266
20
27.9496
0
VERTEX
8
CUT
10
208.5845
20
28.4108
0
VERTEX
8
CUT
10
208.7328
20
28.7463
0
VERTEX
8
CUT
10
208.7398
20
28.7629
0
VERTEX
8
CUT
10
208.7841
20
28.8719
0
VERTEX
8
CUT
10
208.7907
20
28.8888
0
VERTEX
8
CUT
10
208.8422
20
29.0272
0
VERTEX
8
CUT
10
208.8482
20
29.0442
0
VERTEX
8
CUT
10
208.8859
20
29.1557
0
VERTEX
8
CUT
10
208.8914
20
29.1729
0
VERTEX
8
CUT
10
209.2635
20
30.3949
0
VERTEX
8
CUT
10
209.4314
20
30.8854
0
VERTEX
8
CUT
10
209.4344
20
30.8945
0
VERTEX
8
CUT
10
209.4550
20
30.9580
0
VERTEX
8
CUT
10
209.4581
20
30.9679
0
VERTEX
8
CUT
10
209.4825
20
31.0475
0
VERTEX
8
CUT
10
209.4853
20
31.0572
0
VERTEX
8
CUT
10
209.5035
20
31.1204
0
VERTEX
8
CUT
10
209.5064
20
31.1308
0
VERTEX
8
CUT
10
209.6438
20
31.6436
0
VERTEX
8
CUT
10
210.9096
20
35.8004
0
VERTEX
8
CUT
10
210.9146
20
35.8178
0
VERTEX
8
CUT
10
210.9456
20
35.9317
0
VERTEX
8
CUT
10
210.9501
20
35.9493
0
VERTEX
8
CUT
10
210.9846
20
36.0933
0
VERTEX
8
CUT
10
210.9885
20
36.1111
0
VERTEX
8
CUT
10
211.0125
20
36.2266
0
VERTEX
8
CUT
10
211.0159
20
36.2444
0
VERTEX
8
CUT
10
211.1866
20
37.2125
0
VERTEX
8
CUT
10
211.2377
20
37.4207
0
VERTEX
8
CUT
10
211.2407
20
37.4337
0
VERTEX
8
CUT
10
211.2595
20
37.5186
0
VERTEX
8
CUT
10
211.2623
20
37.5317
0
VERTEX
8
CUT
10
211.2835
20
37.6387
0
VERTEX
8
CUT
10
211.2860
20
37.6519
0
VERTEX
8
CUT
10
211.3010
20
37.7375
0
VERTEX
8
CUT
10
211.3032
20
37.7507
0
VERTEX
8
CUT
10
211.3339
20
37.9523
0
VERTEX
8
CUT
10
211.4084
20
38.2305
0
VERTEX
8
CUT
10
211.4129
20
38.2483
0
VERTEX
8
CUT
10
211.4403
20
38.3646
0
VERTEX
8
CUT
10
211.4442
20
38.3825
0
VERTEX
8
CUT
10
211.4741
20
38.5294
0
VERTEX
8
CUT
10
211.4775
20
38.5475
0
VERTEX
8
CUT
10
211.4976
20
38.6652
0
VERTEX
8
CUT
10
211.5005
20
38.6834
0
VERTEX
8
CUT
10
211.7115
20
40.1891
0
VERTEX
8
CUT
10
211.7795
20
40.5748
0
VERTEX
8
CUT
10
211.7809
20
40.5834
0
VERTEX
8
CUT
10
211.7906
20
40.6433
0
VERTEX
8
CUT
10
211.7920
20
40.6525
0
VERTEX
8
CUT
10
211.8029
20
40.7274
0
VERTEX
8
CUT
10
211.8041
20
40.7365
0
VERTEX
8
CUT
10
211.8118
20
40.7957
0
VERTEX
8
CUT
10
211.8130
20
40.8055
0
VERTEX
8
CUT
10
211.8770
20
41.3707
0
VERTEX
8
CUT
10
212.1256
20
43.1444
0
VERTEX
8
CUT
10
212.1931
20
43.5875
0
VERTEX
8
CUT
10
212.1945
20
43.5970
0
VERTEX
8
CUT
10
212.2035
20
43.6632
0
VERTEX
8
CUT
10
212.2048
20
43.6734
0
VERTEX
8
CUT
10
212.2146
20
43.7562
0
VERTEX
8
CUT
10
212.2158
20
43.7662
0
VERTEX
8
CUT
10
212.2224
20
43.8317
0
VERTEX
8
CUT
10
212.2234
20
43.8424
0
VERTEX
8
CUT
10
212.2234
20
43.8426
0
VERTEX
8
CUT
10
212.2296
20
43.8869
0
VERTEX
8
CUT
10
212.2304
20
43.8930
0
VERTEX
8
CUT
10
212.2360
20
43.9357
0
VERTEX
8
CUT
10
212.2368
20
43.9423
0
VERTEX
8
CUT
10
212.2431
20
43.9956
0
VERTEX
8
CUT
10
212.2438
20
44.0020
0
VERTEX
8
CUT
10
212.2484
20
44.0442
0
VERTEX
8
CUT
10
212.2491
20
44.0511
0
VERTEX
8
CUT
10
213.0860
20
52.7965
0
VERTEX
8
CUT
10
213.0870
20
52.8066
0
VERTEX
8
CUT
10
213.0887
20
52.8222
0
VERTEX
8
CUT
10
213.0918
20
52.8480
0
VERTEX
8
CUT
10
213.0965
20
52.8825
0
VERTEX
8
CUT
10
213.1012
20
52.9130
0
VERTEX
8
CUT
10
213.1054
20
52.9372
0
VERTEX
8
CUT
10
213.1079
20
52.9510
0
VERTEX
8
CUT
10
213.1088
20
52.9562
0
VERTEX
8
CUT
10
213.1149
20
52.9859
0
VERTEX
8
CUT
10
213.1296
20
53.0519
0
VERTEX
8
CUT
10
213.1393
20
53.0912
0
VERTEX
8
CUT
10
213.1429
20
53.1044
0
VERTEX
8
CUT
10
213.1456
20
53.1142
0
VERTEX
8
CUT
10
213.5251
20
54.4567
0
VERTEX
8
CUT
10
213.5282
20
54.4676
0
VERTEX
8
CUT
10
213.5326
20
54.4822
0
VERTEX
8
CUT
10
213.5465
20
54.5252
0
VERTEX
8
CUT
10
213.5641
20
54.5753
0
VERTEX
8
CUT
10
213.5933
20
54.6480
0
VERTEX
8
CUT
10
213.6245
20
54.7170
0
VERTEX
8
CUT
10
213.6603
20
54.7875
0
VERTEX
8
CUT
10
213.6872
20
54.8354
0
VERTEX
8
CUT
10
213.7108
20
54.8748
0
VERTEX
8
CUT
10
213.7188
20
54.8874
0
VERTEX
8
CUT
10
213.7249
20
54.8969
0
VERTEX
8
CUT
10
214.0957
20
55.4669
0
VERTEX
8
CUT
10
214.1207
20
55.5033
0
VERTEX
8
CUT
10
214.1680
20
55.5687
0
VERTEX
8
CUT
10
214.2230
20
55.6375
0
VERTEX
8
CUT
10
214.2619
20
55.6815
0
VERTEX
8
CUT
10
214.3234
20
55.7446
0
VERTEX
8
CUT
10
214.3664
20
55.7846
0
VERTEX
8
CUT
10
214.4338
20
55.8414
0
VERTEX
8
CUT
10
214.4805
20
55.8769
0
VERTEX
8
CUT
10
214.5532
20
55.9268
0
VERTEX
8
CUT
10
214.6219
20
55.9693
0
VERTEX
8
CUT
10
214.6600
20
55.9915
0
VERTEX
8
CUT
10
215.7230
20
56.5778
0
VERTEX
8
CUT
10
215.7315
20
56.5824
0
VERTEX
8
CUT
10
215.7447
20
56.5895
0
VERTEX
8
CUT
10
215.7667
20
56.6010
0
VERTEX
8
CUT
10
215.7964
20
56.6159
0
VERTEX
8
CUT
10
215.8230
20
56.6287
0
VERTEX
8
CUT
10
215.8267
20
56.6305
0
VERTEX
8
CUT
10
215.8744
20
56.6509
0
VERTEX
8
CUT
10
215.9402
20
56.6768
0
VERTEX
8
CUT
10
216.0035
20
56.6990
0
VERTEX
8
CUT
10
216.0489
20
56.7131
0
VERTEX
8
CUT
10
216.0867
20
56.7239
0
VERTEX
8
CUT
10
216.0990
20
56.7272
0
VERTEX
8
CUT
10
216.1084
20
56.7296
0
VERTEX
8
CUT
10
217.4093
20
57.0566
0
VERTEX
8
CUT
10
217.4219
20
57.0596
0
VERTEX
8
CUT
10
217.4513
20
57.0666
0
VERTEX
8
CUT
10
217.4640
20
57.0695
0
VERTEX
8
CUT
10
217.4794
20
57.0729
0
VERTEX
8
CUT
10
217.4921
20
57.0756
0
VERTEX
8
CUT
10
217.5217
20
57.0817
0
VERTEX
8
CUT
10
217.5345
20
57.0842
0
VERTEX
8
CUT
10
217.5491
20
57.0870
0
VERTEX
8
CUT
10
217.5619
20
57.0893
0
VERTEX
8
CUT
10
217.5916
20
57.0946
0
VERTEX
8
CUT
10
217.6044
20
57.0967
0
VERTEX
8
CUT
10
217.6201
20
57.0993
0
VERTEX
8
CUT
10
217.6329
20
57.1012
0
VERTEX
8
CUT
10
217.6628
20
57.1056
0
VERTEX
8
CUT
10
217.6757
20
57.1074
0
VERTEX
8
CUT
10
219.3131
20
57.3231
0
VERTEX
8
CUT
10
219.3255
20
57.3246
0
VERTEX
8
CUT
10
219.3546
20
57.3281
0
VERTEX
8
CUT
10
219.3671
20
57.3294
0
VERTEX
8
CUT
10
219.3824
20
57.3310
0
VERTEX
8
CUT
10
219.3949
20
57.3322
0
VERTEX
8
CUT
10
219.4241
20
57.3348
0
VERTEX
8
CUT
10
219.4366
20
57.3359
0
VERTEX
8
CUT
10
219.4510
20
57.3370
0
VERTEX
8
CUT
10
219.4635
20
57.3378
0
VERTEX
8
CUT
10
219.4927
20
57.3396
0
VERTEX
8
CUT
10
219.5053
20
57.3403
0
VERTEX
8
CUT
10
219.5206
20
57.3410
0
VERTEX
8
CUT
10
219.5331
20
57.3415
0
VERTEX
8
CUT
10
219.5624
20
57.3425
0
VERTEX
8
CUT
10
219.5750
20
57.3428
0
VERTEX
8
CUT
10
223.5985
20
57.4206
0
VERTEX
8
CUT
10
223.6124
20
57.4208
0
VERTEX
8
CUT
10
223.6447
20
57.4209
0
VERTEX
8
CUT
10
223.6586
20
57.4209
0
VERTEX
8
CUT
10
223.6755
20
57.4207
0
VERTEX
8
CUT
10
223.6894
20
57.4204
0
VERTEX
8
CUT
10
223.7217
20
57.4196
0
VERTEX
8
CUT
10
223.7356
20
57.4191
0
VERTEX
8
CUT
10
223.7515
20
57.4184
0
VERTEX
8
CUT
10
223.7653
20
57.4177
0
VERTEX
8
CUT
10
223.7976
20
57.4158
0
VERTEX
8
CUT
10
223.8114
20
57.4149
0
VERTEX
8
CUT
10
223.8283
20
57.4137
0
VERTEX
8
CUT
10
223.8421
20
57.4126
0
VERTEX
8
CUT
10
223.8743
20
57.4097
0
VERTEX
8
CUT
10
223.8881
20
57.4084
0
VERTEX
8
CUT
10
227.9216
20
56.9879
0
VERTEX
8
CUT
10
227.9362
20
56.9862
0
VERTEX
8
CUT
10
227.9704
20
56.9821
0
VERTEX
8
CUT
10
227.9851
20
56.9802
0
VERTEX
8
CUT
10
228.0029
20
56.9777
0
VERTEX
8
CUT
10
228.0175
20
56.9756
0
VERTEX
8
CUT
10
228.0516
20
56.9704
0
VERTEX
8
CUT
10
228.0661
20
56.9680
0
VERTEX
8
CUT
10
228.0828
20
56.9651
0
VERTEX
8
CUT
10
228.0973
20
56.9625
0
VERTEX
8
CUT
10
228.1312
20
56.9562
0
VERTEX
8
CUT
10
228.1457
20
56.9533
0
VERTEX
8
CUT
10
228.1633
20
56.9497
0
VERTEX
8
CUT
10
228.1777
20
56.9466
0
VERTEX
8
CUT
10
228.2114
20
56.9391
0
VERTEX
8
CUT
10
228.2257
20
56.9358
0
VERTEX
8
CUT
10
229.8202
20
56.5539
0
VERTEX
8
CUT
10
229.8328
20
56.5508
0
VERTEX
8
CUT
10
229.8621
20
56.5433
0
VERTEX
8
CUT
10
229.8746
20
56.5400
0
VERTEX
8
CUT
10
229.8899
20
56.5359
0
VERTEX
8
CUT
10
229.9024
20
56.5324
0
VERTEX
8
CUT
10
229.9315
20
56.5241
0
VERTEX
8
CUT
10
229.9439
20
56.5205
0
VERTEX
8
CUT
10
229.9582
20
56.5161
0
VERTEX
8
CUT
10
229.9706
20
56.5123
0
VERTEX
8
CUT
10
229.9994
20
56.5032
0
VERTEX
8
CUT
10
230.0118
20
56.4992
0
VERTEX
8
CUT
10
230.0268
20
56.4942
0
VERTEX
8
CUT
10
230.0391
20
56.4900
0
VERTEX
8
CUT
10
230.0676
20
56.4800
0
VERTEX
8
CUT
10
230.0798
20
56.4756
0
VERTEX
8
CUT
10
233.6263
20
55.1795
0
VERTEX
8
CUT
10
233.6406
20
55.1742
0
VERTEX
8
CUT
10
233.6739
20
55.1613
0
VERTEX
8
CUT
10
233.6882
20
55.1557
0
VERTEX
8
CUT
10
233.7055
20
55.1487
0
VERTEX
8
CUT
10
233.7196
20
55.1429
0
VERTEX
8
CUT
10
233.7525
20
55.1289
0
VERTEX
8
CUT
10
233.7665
20
55.1228
0
VERTEX
8
CUT
10
233.7826
20
55.1157
0
VERTEX
8
CUT
10
233.7965
20
55.1093
0
VERTEX
8
CUT
10
233.8289
20
55.0943
0
VERTEX
8
CUT
10
233.8427
20
55.0877
0
VERTEX
8
CUT
10
233.8595
20
55.0795
0
VERTEX
8
CUT
10
233.8732
20
55.0727
0
VERTEX
8
CUT
10
233.9050
20
55.0566
0
VERTEX
8
CUT
10
233.9186
20
55.0495
0
VERTEX
8
CUT
10
237.1499
20
53.3408
0
VERTEX
8
CUT
10
237.1559
20
53.3376
0
VERTEX
8
CUT
10
237.1697
20
53.3301
0
VERTEX
8
CUT
10
237.1723
20
53.3287
0
VERTEX
8
CUT
10
237.1988
20
53.3138
0
VERTEX
8
CUT
10
237.2515
20
53.2828
0
VERTEX
8
CUT
10
237.2694
20
53.2719
0
VERTEX
8
CUT
10
237.2938
20
53.2560
0
VERTEX
8
CUT
10
237.3577
20
53.2126
0
VERTEX
8
CUT
10
237.3848
20
53.1935
0
VERTEX
8
CUT
10
240.4353
20
50.9514
0
VERTEX
8
CUT
10
240.4432
20
50.9455
0
VERTEX
8
CUT
10
240.4616
20
50.9317
0
VERTEX
8
CUT
10
240.4694
20
50.9258
0
VERTEX
8
CUT
10
240.4788
20
50.9186
0
VERTEX
8
CUT
10
240.4865
20
50.9126
0
VERTEX
8
CUT
10
240.5044
20
50.8985
0
VERTEX
8
CUT
10
240.5121
20
50.8924
0
VERTEX
8
CUT
10
240.5209
20
50.8853
0
VERTEX
8
CUT
10
240.5285
20
50.8791
0
VERTEX
8
CUT
10
240.5461
20
50.8646
0
VERTEX
8
CUT
10
240.5537
20
50.8583
0
VERTEX
8
CUT
10
240.5628
20
50.8507
0
VERTEX
8
CUT
10
240.5703
20
50.8443
0
VERTEX
8
CUT
10
240.5876
20
50.8294
0
VERTEX
8
CUT
10
240.5950
20
50.8230
0
VERTEX
8
CUT
10
242.0656
20
49.5308
0
VERTEX
8
CUT
10
242.0724
20
49.5247
0
VERTEX
8
CUT
10
242.0884
20
49.5104
0
VERTEX
8
CUT
10
242.0951
20
49.5043
0
VERTEX
8
CUT
10
242.1034
20
49.4967
0
VERTEX
8
CUT
10
242.1101
20
49.4905
0
VERTEX
8
CUT
10
242.1258
20
49.4759
0
VERTEX
8
CUT
10
242.1324
20
49.4696
0
VERTEX
8
CUT
10
242.1401
20
49.4623
0
VERTEX
8
CUT
10
242.1467
20
49.4559
0
VERTEX
8
CUT
10
242.1620
20
49.4410
0
VERTEX
8
CUT
10
242.1685
20
49.4346
0
VERTEX
8
CUT
10
242.1765
20
49.4267
0
VERTEX
8
CUT
10
242.1829
20
49.4202
0
VERTEX
8
CUT
10
242.1980
20
49.4050
0
VERTEX
8
CUT
10
242.2044
20
49.3984
0
VERTEX
8
CUT
10
245.2949
20
46.2010
0
VERTEX
8
CUT
10
245.3036
20
46.1918
0
VERTEX
8
CUT
10
245.3238
20
46.1703
0
VERTEX
8
CUT
10
245.3324
20
46.1611
0
VERTEX
8
CUT
10
245.3428
20
46.1497
0
VERTEX
8
CUT
10
245.3512
20
46.1403
0
VERTEX
8
CUT
10
245.3708
20
46.1182
0
VERTEX
8
CUT
10
245.3791
20
46.1087
0
VERTEX
8
CUT
10
245.3886
20
46.0977
0
VERTEX
8
CUT
10
245.3968
20
46.0881
0
VERTEX
8
CUT
10
245.4158
20
46.0655
0
VERTEX
8
CUT
10
245.4238
20
46.0558
0
VERTEX
8
CUT
10
245.4336
20
46.0438
0
VERTEX
8
CUT
10
245.4415
20
46.0340
0
VERTEX
8
CUT
10
245.4598
20
46.0109
0
VERTEX
8
CUT
10
245.4676
20
46.0009
0
VERTEX
8
CUT
10
248.2807
20
42.3465
0
VERTEX
8
CUT
10
248.2874
20
42.3376
0
VERTEX
8
CUT
10
248.3031
20
42.3167
0
VERTEX
8
CUT
10
248.3098
20
42.3077
0
VERTEX
8
CUT
10
248.3178
20
42.2967
0
VERTEX
8
CUT
10
248.3244
20
42.2876
0
VERTEX
8
CUT
10
248.3395
20
42.2664
0
VERTEX
8
CUT
10
248.3459
20
42.2572
0
VERTEX
8
CUT
10
248.3533
20
42.2466
0
VERTEX
8
CUT
10
248.3596
20
42.2374
0
VERTEX
8
CUT
10
248.3742
20
42.2158
0
VERTEX
8
CUT
10
248.3804
20
42.2065
0
VERTEX
8
CUT
10
248.3879
20
42.1951
0
VERTEX
8
CUT
10
248.3940
20
42.1857
0
VERTEX
8
CUT
10
248.4080
20
42.1637
0
VERTEX
8
CUT
10
248.4140
20
42.1542
0
VERTEX
8
CUT
10
251.1423
20
37.7696
0
VERTEX
8
CUT
10
251.1457
20
37.7640
0
VERTEX
8
CUT
10
251.1537
20
37.7509
0
VERTEX
8
CUT
10
251.1571
20
37.7453
0
VERTEX
8
CUT
10
251.1653
20
37.7318
0
VERTEX
8
CUT
10
251.1694
20
37.7249
0
VERTEX
8
CUT
10
251.1790
20
37.7086
0
VERTEX
8
CUT
10
251.1831
20
37.7016
0
VERTEX
8
CUT
10
251.1877
20
37.6936
0
VERTEX
8
CUT
10
251.1918
20
37.6865
0
VERTEX
8
CUT
10
251.2011
20
37.6701
0
VERTEX
8
CUT
10
251.2050
20
37.6630
0
VERTEX
8
CUT
10
251.2070
20
37.6594
0
VERTEX
8
CUT
10
251.2116
20
37.6510
0
VERTEX
8
CUT
10
251.2223
20
37.6313
0
VERTEX
8
CUT
10
251.2268
20
37.6229
0
VERTEX
8
CUT
10
252.5582
20
35.0948
0
VERTEX
8
CUT
10
252.5646
20
35.0826
0
VERTEX
8
CUT
10
252.5710
20
35.0702
0
VERTEX
8
CUT
10
252.5732
20
35.0660
0
VERTEX
8
CUT
10
252.5784
20
35.0557
0
VERTEX
8
CUT
10
252.5806
20
35.0512
0
VERTEX
8
CUT
10
252.5832
20
35.0461
0
VERTEX
8
CUT
10
252.5854
20
35.0417
0
VERTEX
8
CUT
10
252.5906
20
35.0313
0
VERTEX
8
CUT
10
252.5925
20
35.0274
0
VERTEX
8
CUT
10
252.5965
20
35.0190
0
VERTEX
8
CUT
10
252.6023
20
35.0070
0
VERTEX
8
CUT
10
252.6048
20
35.0017
0
VERTEX
8
CUT
10
258.2929
20
22.9395
0
VERTEX
8
CUT
10
258.2948
20
22.9354
0
VERTEX
8
CUT
10
258.3085
20
22.9069
0
VERTEX
8
CUT
10
258.3106
20
22.9025
0
VERTEX
8
CUT
10
258.3280
20
22.8671
0
VERTEX
8
CUT
10
258.3301
20
22.8628
0
VERTEX
8
CUT
10
258.3441
20
22.8350
0
VERTEX
8
CUT
10
258.3464
20
22.8305
0
VERTEX
8
CUT
10
260.7272
20
18.1758
0
VERTEX
8
CUT
10
260.7313
20
18.1679
0
VERTEX
8
CUT
10
260.7600
20
18.1138
0
VERTEX
8
CUT
10
260.7645
20
18.1055
0
VERTEX
8
CUT
10
260.8013
20
18.0386
0
VERTEX
8
CUT
10
260.8058
20
18.0305
0
VERTEX
8
CUT
10
260.8357
20
17.9781
0
VERTEX
8
CUT
10
260.8407
20
17.9696
0
VERTEX
8
CUT
10
262.9972
20
14.3322
0
VERTEX
8
CUT
10
263.0026
20
14.3232
0
VERTEX
8
CUT
10
263.0409
20
14.2610
0
VERTEX
8
CUT
10
263.0469
20
14.2515
0
VERTEX
8
CUT
10
263.0961
20
14.1750
0
VERTEX
8
CUT
10
263.1022
20
14.1658
0
VERTEX
8
CUT
10
263.1422
20
14.1060
0
VERTEX
8
CUT
10
263.1488
20
14.0963
0
VERTEX
8
CUT
10
266.0522
20
9.9375
0
VERTEX
8
CUT
10
266.0585
20
9.9283
0
VERTEX
8
CUT
10
266.0670
20
9.9159
0
VERTEX
8
CUT
10
266.0911
20
9.8784
0
VERTEX
8
CUT
10
266.1184
20
9.8337
0
VERTEX
8
CUT
10
266.1557
20
9.7661
0
VERTEX
8
CUT
10
266.1948
20
9.6875
0
VERTEX
8
CUT
10
266.2185
20
9.6360
0
VERTEX
8
CUT
10
266.2232
20
9.6247
0
VERTEX
8
CUT
10
266.2274
20
9.6146
0
VERTEX
8
CUT
10
266.2298
20
9.6088
0
VERTEX
8
CUT
10
266.2354
20
9.5954
0
VERTEX
8
CUT
10
266.2376
20
9.5903
0
VERTEX
8
CUT
10
266.2463
20
9.5696
0
VERTEX
8
CUT
10
266.2544
20
9.5496
0
VERTEX
8
CUT
10
266.2605
20
9.5348
0
VERTEX
8
CUT
10
266.2720
20
9.5083
0
VERTEX
8
CUT
10
266.2745
20
9.5029
0
VERTEX
8
CUT
10
266.2767
20
9.4974
0
VERTEX
8
CUT
10
266.2874
20
9.4743
0
VERTEX
8
CUT
10
266.3361
20
9.3620
0
VERTEX
8
CUT
10
266.3617
20
9.3099
0
VERTEX
8
CUT
10
266.4507
20
9.1493
0
VERTEX
8
CUT
10
266.4812
20
9.0999
0
VERTEX
8
CUT
10
266.5853
20
8.9487
0
VERTEX
8
CUT
10
266.6205
20
8.9025
0
VERTEX
8
CUT
10
266.7387
20
8.7621
0
VERTEX
8
CUT
10
266.7782
20
8.7195
0
VERTEX
8
CUT
10
266.9094
20
8.5911
0
VERTEX
8
CUT
10
266.9528
20
8.5525
0
VERTEX
8
CUT
10
267.0958
20
8.4374
0
VERTEX
8
CUT
10
267.1428
20
8.4033
0
VERTEX
8
CUT
10
267.2962
20
8.3025
0
VERTEX
8
CUT
10
267.3463
20
8.2731
0
VERTEX
8
CUT
10
267.5087
20
8.1876
0
VERTEX
8
CUT
10
267.5614
20
8.1631
0
VERTEX
8
CUT
10
267.7314
20
8.0938
0
VERTEX
8
CUT
10
267.7861
20
8.0745
0
VERTEX
8
CUT
10
267.9620
20
8.0219
0
VERTEX
8
CUT
10
268.0184
20
8.0080
0
VERTEX
8
CUT
10
268.1985
20
7.9727
0
VERTEX
8
CUT
10
268.2560
20
7.9643
0
VERTEX
8
CUT
10
268.4412
20
7.9463
0
VERTEX
8
CUT
10
268.4702
20
7.9442
0
VERTEX
8
CUT
10
268.5268
20
7.9414
0
VERTEX
8
CUT
10
268.5413
20
7.9409
0
VERTEX
8
CUT
10
268.6357
20
7.9386
0
VERTEX
8
CUT
10
268.6502
20
7.9385
0
VERTEX
8
CUT
10
289.4640
20
7.9385
0
VERTEX
8
CUT
10
289.4787
20
7.9386
0
VERTEX
8
CUT
10
289.5744
20
7.9410
0
VERTEX
8
CUT
10
289.5891
20
7.9415
0
VERTEX
8
CUT
10
289.6465
20
7.9444
0
VERTEX
8
CUT
10
289.6759
20
7.9465
0
VERTEX
8
CUT
10
289.8637
20
7.9650
0
VERTEX
8
CUT
10
289.9220
20
7.9737
0
VERTEX
8
CUT
10
290.1045
20
8.0100
0
VERTEX
8
CUT
10
290.1617
20
8.0243
0
VERTEX
8
CUT
10
290.3398
20
8.0783
0
VERTEX
8
CUT
10
290.3952
20
8.0982
0
VERTEX
8
CUT
10
290.5672
20
8.1694
0
VERTEX
8
CUT
10
290.6204
20
8.1946
0
VERTEX
8
CUT
10
290.7846
20
8.2823
0
VERTEX
8
CUT
10
290.8351
20
8.3126
0
VERTEX
8
CUT
10
290.9899
20
8.4160
0
VERTEX
8
CUT
10
291.0372
20
8.4511
0
VERTEX
8
CUT
10
291.1811
20
8.5692
0
VERTEX
8
CUT
10
291.2247
20
8.6087
0
VERTEX
8
CUT
10
291.3563
20
8.7403
0
VERTEX
8
CUT
10
291.3959
20
8.7840
0
VERTEX
8
CUT
10
291.5140
20
8.9279
0
VERTEX
8
CUT
10
291.5490
20
8.9752
0
VERTEX
8
CUT
10
291.6525
20
9.1299
0
VERTEX
8
CUT
10
291.6827
20
9.1804
0
VERTEX
8
CUT
10
291.7705
20
9.3446
0
VERTEX
8
CUT
10
291.7957
20
9.3978
0
VERTEX
8
CUT
10
291.8669
20
9.5698
0
VERTEX
8
CUT
10
291.8867
20
9.6253
0
VERTEX
8
CUT
10
291.9408
20
9.8034
0
VERTEX
8
CUT
10
291.9551
20
9.8605
0
VERTEX
8
CUT
10
291.9914
20
10.0431
0
VERTEX
8
CUT
10
292.0000
20
10.1013
0
VERTEX
8
CUT
10
292.0185
20
10.2891
0
VERTEX
8
CUT
10
292.0207
20
10.3185
0
VERTEX
8
CUT
10
292.0235
20
10.3759
0
VERTEX
8
CUT
10
292.0241
20
10.3907
0
VERTEX
8
CUT
10
292.0264
20
10.4863
0
VERTEX
8
CUT
10
292.0266
20
10.5011
0
VERTEX
8
CUT
10
292.0266
20
28.0175
0
VERTEX
8
CUT
10
292.0264
20
28.0328
0
VERTEX
8
CUT
10
292.0239
20
28.1323
0
VERTEX
8
CUT
10
292.0233
20
28.1476
0
VERTEX
8
CUT
10
292.0202
20
28.2073
0
VERTEX
8
CUT
10
292.0179
20
28.2378
0
VERTEX
8
CUT
10
291.9979
20
28.4329
0
VERTEX
8
CUT
10
291.9886
20
28.4934
0
VERTEX
8
CUT
10
291.9493
20
28.6829
0
VERTEX
8
CUT
10
291.9339
20
28.7421
0
VERTEX
8
CUT
10
291.8756
20
28.9266
0
VERTEX
8
CUT
10
291.8542
20
28.9839
0
VERTEX
8
CUT
10
291.7774
20
29.1615
0
VERTEX
8
CUT
10
291.7503
20
29.2164
0
VERTEX
8
CUT
10
291.6558
20
29.3852
0
VERTEX
8
CUT
10
291.6232
20
29.4370
0
VERTEX
8
CUT
10
291.5120
20
29.5953
0
VERTEX
8
CUT
10
291.4743
20
29.6435
0
VERTEX
8
CUT
10
291.3475
20
29.7897
0
VERTEX
8
CUT
10
291.3051
20
29.8338
0
VERTEX
8
CUT
10
291.1642
20
29.9663
0
VERTEX
8
CUT
10
291.1175
20
30.0059
0
VERTEX
8
CUT
10
290.9637
20
30.1234
0
VERTEX
8
CUT
10
290.9133
20
30.1580
0
VERTEX
8
CUT
10
290.7483
20
30.2592
0
VERTEX
8
CUT
10
290.6946
20
30.2885
0
VERTEX
8
CUT
10
290.5178
20
30.3735
0
VERTEX
8
CUT
10
290.4899
20
30.3860
0
VERTEX
8
CUT
10
290.3912
20
30.4274
0
VERTEX
8
CUT
10
290.3897
20
30.4281
0
VERTEX
8
CUT
10
290.3792
20
30.4324
0
VERTEX
8
CUT
10
290.3776
20
30.4331
0
VERTEX
8
CUT
10
290.3112
20
30.4605
0
VERTEX
8
CUT
10
290.2792
20
30.4744
0
VERTEX
8
CUT
10
290.2095
20
30.5064
0
VERTEX
8
CUT
10
290.1694
20
30.5260
0
VERTEX
8
CUT
10
290.1576
20
30.5322
0
VERTEX
8
CUT
10
290.1466
20
30.5380
0
VERTEX
8
CUT
10
284.9372
20
33.3409
0
VERTEX
8
CUT
10
284.9310
20
33.3442
0
VERTEX
8
CUT
10
284.8874
20
33.3669
0
VERTEX
8
CUT
10
284.8807
20
33.3704
0
VERTEX
8
CUT
10
284.8260
20
33.3981
0
VERTEX
8
CUT
10
284.8194
20
33.4015
0
VERTEX
8
CUT
10
284.7759
20
33.4228
0
VERTEX
8
CUT
10
284.7687
20
33.4263
0
VERTEX
8
CUT
10
273.7920
20
38.6419
0
VERTEX
8
CUT
10
273.7861
20
38.6447
0
VERTEX
8
CUT
10
273.7722
20
38.6514
0
VERTEX
8
CUT
10
273.7663
20
38.6543
0
VERTEX
8
CUT
10
273.7522
20
38.6613
0
VERTEX
8
CUT
10
273.7449
20
38.6649
0
VERTEX
8
CUT
10
273.7281
20
38.6734
0
VERTEX
8
CUT
10
273.7208
20
38.6771
0
VERTEX
8
CUT
10
273.7125
20
38.6814
0
VERTEX
8
CUT
10
273.7053
20
38.6852
0
VERTEX
8
CUT
10
273.6885
20
38.6940
0
VERTEX
8
CUT
10
273.6814
20
38.6978
0
VERTEX
8
CUT
10
273.6777
20
38.6998
0
VERTEX
8
CUT
10
273.6693
20
38.7044
0
VERTEX
8
CUT
10
273.6497
20
38.7153
0
VERTEX
8
CUT
10
273.6413
20
38.7199
0
VERTEX
8
CUT
10
271.2762
20
40.0603
0
VERTEX
8
CUT
10
271.2676
20
40.0652
0
VERTEX
8
CUT
10
271.2477
20
40.0768
0
VERTEX
8
CUT
10
271.2391
20
40.0818
0
VERTEX
8
CUT
10
271.2290
20
40.0879
0
VERTEX
8
CUT
10
271.2206
20
40.0929
0
VERTEX
8
CUT
10
271.2011
20
40.1049
0
VERTEX
8
CUT
10
271.1927
20
40.1100
0
VERTEX
8
CUT
10
271.1831
20
40.1160
0
VERTEX
8
CUT
10
271.1748
20
40.1213
0
VERTEX
8
CUT
10
271.1555
20
40.1337
0
VERTEX
8
CUT
10
271.1473
20
40.1390
0
VERTEX
8
CUT
10
271.1372
20
40.1456
0
VERTEX
8
CUT
10
271.1290
20
40.1511
0
VERTEX
8
CUT
10
271.1100
20
40.1639
0
VERTEX
8
CUT
10
271.1019
20
40.1694
0
VERTEX
8
CUT
10
266.6539
20
43.2324
0
VERTEX
8
CUT
10
266.6445
20
43.2389
0
VERTEX
8
CUT
10
266.6228
20
43.2544
0
VERTEX
8
CUT
10
266.6135
20
43.2610
0
VERTEX
8
CUT
10
266.6022
20
43.2692
0
VERTEX
8
CUT
10
266.5930
20
43.2760
0
VERTEX
8
CUT
10
266.5716
20
43.2920
0
VERTEX
8
CUT
10
266.5625
20
43.2989
0
VERTEX
8
CUT
10
266.5520
20
43.3069
0
VERTEX
8
CUT
10
266.5430
20
43.3139
0
VERTEX
8
CUT
10
266.5220
20
43.3304
0
VERTEX
8
CUT
10
266.5131
20
43.3375
0
VERTEX
8
CUT
10
266.5022
20
43.3463
0
VERTEX
8
CUT
10
266.4934
20
43.3535
0
VERTEX
8
CUT
10
266.4728
20
43.3705
0
VERTEX
8
CUT
10
266.4641
20
43.3779
0
VERTEX
8
CUT
10
261.7596
20
47.3782
0
VERTEX
8
CUT
10
261.7493
20
47.3871
0
VERTEX
8
CUT
10
261.7386
20
47.3964
0
VERTEX
8
CUT
10
261.7350
20
47.3995
0
VERTEX
8
CUT
10
261.7263
20
47.4071
0
VERTEX
8
CUT
10
261.7226
20
47.4104
0
VERTEX
8
CUT
10
261.7183
20
47.4142
0
VERTEX
8
CUT
10
261.7146
20
47.4175
0
VERTEX
8
CUT
10
261.7059
20
47.4252
0
VERTEX
8
CUT
10
261.7027
20
47.4281
0
VERTEX
8
CUT
10
261.6958
20
47.4344
0
VERTEX
8
CUT
10
261.6859
20
47.4434
0
VERTEX
8
CUT
10
261.6816
20
47.4474
0
VERTEX
8
CUT
10
253.9713
20
54.6127
0
VERTEX
8
CUT
10
253.9650
20
54.6185
0
VERTEX
8
CUT
10
253.9207
20
54.6586
0
VERTEX
8
CUT
10
253.9138
20
54.6647
0
VERTEX
8
CUT
10
253.8577
20
54.7137
0
VERTEX
8
CUT
10
253.8509
20
54.7197
0
VERTEX
8
CUT
10
253.8060
20
54.7578
0
VERTEX
8
CUT
10
253.7986
20
54.7640
0
VERTEX
8
CUT
10
249.6814
20
58.1479
0
VERTEX
8
CUT
10
249.6709
20
58.1563
0
VERTEX
8
CUT
10
249.6023
20
58.2102
0
VERTEX
8
CUT
10
249.5917
20
58.2184
0
VERTEX
8
CUT
10
249.5040
20
58.2841
0
VERTEX
8
CUT
10
249.4932
20
58.2920
0
VERTEX
8
CUT
10
249.4222
20
58.3428
0
VERTEX
8
CUT
10
249.4112
20
58.3504
0
VERTEX
8
CUT
10
245.4213
20
61.0709
0
VERTEX
8
CUT
10
245.4111
20
61.0777
0
VERTEX
8
CUT
10
245.3444
20
61.1213
0
VERTEX
8
CUT
10
245.3340
20
61.1279
0
VERTEX
8
CUT
10
245.2491
20
61.1809
0
VERTEX
8
CUT
10
245.2386
20
61.1872
0
VERTEX
8
CUT
10
245.1701
20
61.2280
0
VERTEX
8
CUT
10
245.1595
20
61.2342
0
VERTEX
8
CUT
10
236.0312
20
66.4204
0
VERTEX
8
CUT
10
236.0213
20
66.4261
0
VERTEX
8
CUT
10
235.9984
20
66.4395
0
VERTEX
8
CUT
10
235.9886
20
66.4454
0
VERTEX
8
CUT
10
235.9766
20
66.4525
0
VERTEX
8
CUT
10
235.9669
20
66.4585
0
VERTEX
8
CUT
10
235.9443
20
66.4725
0
VERTEX
8
CUT
10
235.9346
20
66.4786
0
VERTEX
8
CUT
10
235.9235
20
66.4857
0
VERTEX
8
CUT
10
235.9139
20
66.4919
0
VERTEX
8
CUT
10
235.8916
20
66.5065
0
VERTEX
8
CUT
10
235.8821
20
66.5128
0
VERTEX
8
CUT
10
235.8705
20
66.5206
0
VERTEX
8
CUT
10
235.8611
20
66.5270
0
VERTEX
8
CUT
10
235.8392
20
66.5422
0
VERTEX
8
CUT
10
235.8298
20
66.5487
0
VERTEX
8
CUT
10
233.0474
20
68.5273
0
VERTEX
8
CUT
10
233.0419
20
68.5312
0
VERTEX
8
CUT
10
233.0290
20
68.5405
0
VERTEX
8
CUT
10
233.0266
20
68.5423
0
VERTEX
8
CUT
10
233.0020
20
68.5608
0
VERTEX
8
CUT
10
232.9533
20
68.5988
0
VERTEX
8
CUT
10
232.9368
20
68.6121
0
VERTEX
8
CUT
10
232.9145
20
68.6314
0
VERTEX
8
CUT
10
232.8563
20
68.6834
0
VERTEX
8
CUT
10
232.8318
20
68.7062
0
VERTEX
8
CUT
10
231.4785
20
70.0107
0
VERTEX
8
CUT
10
231.4686
20
70.0204
0
VERTEX
8
CUT
10
231.4456
20
70.0433
0
VERTEX
8
CUT
10
231.4358
20
70.0532
0
VERTEX
8
CUT
10
231.4242
20
70.0651
0
VERTEX
8
CUT
10
231.4147
20
70.0750
0
VERTEX
8
CUT
10
231.3926
20
70.0983
0
VERTEX
8
CUT
10
231.3833
20
70.1084
0
VERTEX
8
CUT
10
231.3725
20
70.1201
0
VERTEX
8
CUT
10
231.3633
20
70.1303
0
VERTEX
8
CUT
10
231.3419
20
70.1544
0
VERTEX
8
CUT
10
231.3328
20
70.1648
0
VERTEX
8
CUT
10
231.3218
20
70.1775
0
VERTEX
8
CUT
10
231.3129
20
70.1880
0
VERTEX
8
CUT
10
231.2922
20
70.2127
0
VERTEX
8
CUT
10
231.2834
20
70.2234
0
VERTEX
8
CUT
10
229.6756
20
72.2079
0
VERTEX
8
CUT
10
229.6690
20
72.2162
0
VERTEX
8
CUT
10
229.6587
20
72.2291
0
VERTEX
8
CUT
10
229.6421
20
72.2508
0
VERTEX
8
CUT
10
229.6203
20
72.2801
0
VERTEX
8
CUT
10
229.6014
20
72.3066
0
VERTEX
8
CUT
10
229.5868
20
72.3278
0
VERTEX
8
CUT
10
229.5786
20
72.3400
0
VERTEX
8
CUT
10
229.5755
20
72.3446
0
VERTEX
8
CUT
10
229.5583
20
72.3715
0
VERTEX
8
CUT
10
229.5212
20
72.4320
0
VERTEX
8
CUT
10
229.4998
20
72.4687
0
VERTEX
8
CUT
10
229.4928
20
72.4813
0
VERTEX
8
CUT
10
229.4878
20
72.4907
0
VERTEX
8
CUT
10
228.3863
20
74.5473
0
VERTEX
8
CUT
10
228.3808
20
74.5576
0
VERTEX
8
CUT
10
228.3736
20
74.5716
0
VERTEX
8
CUT
10
228.3532
20
74.6135
0
VERTEX
8
CUT
10
228.3210
20
74.6843
0
VERTEX
8
CUT
10
228.3073
20
74.7159
0
VERTEX
8
CUT
10
228.2949
20
74.7480
0
VERTEX
8
CUT
10
228.2683
20
74.8211
0
VERTEX
8
CUT
10
228.2535
20
74.8653
0
VERTEX
8
CUT
10
228.2489
20
74.8804
0
VERTEX
8
CUT
10
228.2455
20
74.8916
0
VERTEX
8
CUT
10
227.6111
20
77.0625
0
VERTEX
8
CUT
10
227.6081
20
77.0728
0
VERTEX
8
CUT
10
227.6037
20
77.0886
0
VERTEX
8
CUT
10
227.5968
20
77.1150
0
VERTEX
8
CUT
10
227.5880
20
77.1504
0
VERTEX
8
CUT
10
227.5808
20
77.1820
0
VERTEX
8
CUT
10
227.5755
20
77.2072
0
VERTEX
8
CUT
10
227.5726
20
77.2216
0
VERTEX
8
CUT
10
227.5716
20
77.2270
0
VERTEX
8
CUT
10
227.5662
20
77.2583
0
VERTEX
8
CUT
10
227.5552
20
77.3284
0
VERTEX
8
CUT
10
227.5497
20
77.3705
0
VERTEX
8
CUT
10
227.5482
20
77.3847
0
VERTEX
8
CUT
10
227.5471
20
77.3953
0
VERTEX
8
CUT
10
227.3295
20
79.6666
0
VERTEX
8
CUT
10
227.3285
20
79.6784
0
VERTEX
8
CUT
10
227.3271
20
79.6944
0
VERTEX
8
CUT
10
227.3245
20
79.7418
0
VERTEX
8
CUT
10
227.3221
20
79.8210
0
VERTEX
8
CUT
10
227.3218
20
79.8560
0
VERTEX
8
CUT
10
227.3228
20
79.8910
0
VERTEX
8
CUT
10
227.3268
20
79.9702
0
VERTEX
8
CUT
10
227.3304
20
80.0175
0
VERTEX
8
CUT
10
227.3320
20
80.0335
0
VERTEX
8
CUT
10
227.3333
20
80.0453
0
VERTEX
8
CUT
10
227.6014
20
82.3528
0
VERTEX
8
CUT
10
227.6026
20
82.3623
0
VERTEX
8
CUT
10
227.6045
20
82.3771
0
VERTEX
8
CUT
10
227.6079
20
82.4015
0
VERTEX
8
CUT
10
227.6130
20
82.4342
0
VERTEX
8
CUT
10
227.6180
20
82.4631
0
VERTEX
8
CUT
10
227.6223
20
82.4860
0
VERTEX
8
CUT
10
227.6248
20
82.4991
0
VERTEX
8
CUT
10
227.6258
20
82.5039
0
VERTEX
8
CUT
10
227.6320
20
82.5321
0
VERTEX
8
CUT
10
227.6469
20
82.5945
0
VERTEX
8
CUT
10
227.6565
20
82.6317
0
VERTEX
8
CUT
10
227.6601
20
82.6442
0
VERTEX
8
CUT
10
227.6628
20
82.6535
0
VERTEX
8
CUT
10
228.3642
20
85.0334
0
VERTEX
8
CUT
10
228.3669
20
85.0424
0
VERTEX
8
CUT
10
228.3712
20
85.0565
0
VERTEX
8
CUT
10
228.3786
20
85.0796
0
VERTEX
8
CUT
10
228.3890
20
85.1106
0
VERTEX
8
CUT
10
228.3987
20
85.1378
0
VERTEX
8
CUT
10
228.4067
20
85.1594
0
VERTEX
8
CUT
10
228.4114
20
85.1717
0
VERTEX
8
CUT
10
228.4131
20
85.1762
0
VERTEX
8
CUT
10
228.4239
20
85.2026
0
VERTEX
8
CUT
10
228.4487
20
85.2608
0
VERTEX
8
CUT
10
228.4642
20
85.2953
0
VERTEX
8
CUT
10
228.4698
20
85.3069
0
VERTEX
8
CUT
10
228.4739
20
85.3155
0
VERTEX
8
CUT
10
229.6640
20
87.7469
0
VERTEX
8
CUT
10
229.6671
20
87.7530
0
VERTEX
8
CUT
10
229.6742
20
87.7673
0
VERTEX
8
CUT
10
229.6755
20
87.7699
0
VERTEX
8
CUT
10
229.6899
20
87.7973
0
VERTEX
8
CUT
10
229.7196
20
87.8516
0
VERTEX
8
CUT
10
229.7301
20
87.8701
0
VERTEX
8
CUT
10
229.7455
20
87.8954
0
VERTEX
8
CUT
10
229.7876
20
87.9614
0
VERTEX
8
CUT
10
229.8062
20
87.9894
0
VERTEX
8
CUT
10
231.4550
20
90.3757
0
VERTEX
8
CUT
10
231.4589
20
90.3812
0
VERTEX
8
CUT
10
231.4680
20
90.3942
0
VERTEX
8
CUT
10
231.4697
20
90.3966
0
VERTEX
8
CUT
10
231.4877
20
90.4212
0
VERTEX
8
CUT
10
231.5248
20
90.4700
0
VERTEX
8
CUT
10
231.5377
20
90.4866
0
VERTEX
8
CUT
10
231.5565
20
90.5090
0
VERTEX
8
CUT
10
231.6073
20
90.5675
0
VERTEX
8
CUT
10
231.6296
20
90.5922
0
VERTEX
8
CUT
10
234.3975
20
93.5479
0
VERTEX
8
CUT
10
234.4041
20
93.5550
0
VERTEX
8
CUT
10
234.4146
20
93.5659
0
VERTEX
8
CUT
10
234.4320
20
93.5836
0
VERTEX
8
CUT
10
234.4555
20
93.6068
0
VERTEX
8
CUT
10
234.4768
20
93.6272
0
VERTEX
8
CUT
10
234.4940
20
93.6431
0
VERTEX
8
CUT
10
234.5039
20
93.6522
0
VERTEX
8
CUT
10
234.5076
20
93.6555
0
VERTEX
8
CUT
10
234.5295
20
93.6745
0
VERTEX
8
CUT
10
234.5788
20
93.7161
0
VERTEX
8
CUT
10
234.6089
20
93.7404
0
VERTEX
8
CUT
10
234.6193
20
93.7483
0
VERTEX
8
CUT
10
234.6269
20
93.7542
0
VERTEX
8
CUT
10
238.2495
20
96.4868
0
VERTEX
8
CUT
10
238.2600
20
96.4946
0
VERTEX
8
CUT
10
238.2846
20
96.5127
0
VERTEX
8
CUT
10
238.2952
20
96.5203
0
VERTEX
8
CUT
10
238.3083
20
96.5296
0
VERTEX
8
CUT
10
238.3190
20
96.5371
0
VERTEX
8
CUT
10
238.3441
20
96.5544
0
VERTEX
8
CUT
10
238.3550
20
96.5617
0
VERTEX
8
CUT
10
238.3675
20
96.5701
0
VERTEX
8
CUT
10
238.3784
20
96.5772
0
VERTEX
8
CUT
10
238.4041
20
96.5938
0
VERTEX
8
CUT
10
238.4151
20
96.6008
0
VERTEX
8
CUT
10
238.4287
20
96.6093
0
VERTEX
8
CUT
10
238.4398
20
96.6162
0
VERTEX
8
CUT
10
238.4659
20
96.6320
0
VERTEX
8
CUT
10
238.4772
20
96.6387
0
VERTEX
8
CUT
10
242.6264
20
99.0694
0
VERTEX
8
CUT
10
242.6383
20
99.0763
0
VERTEX
8
CUT
10
242.6664
20
99.0922
0
VERTEX
8
CUT
10
242.6784
20
99.0989
0
VERTEX
8
CUT
10
242.6932
20
99.1069
0
VERTEX
8
CUT
10
242.7054
20
99.1134
0
VERTEX
8
CUT
10
242.7339
20
99.1284
0
VERTEX
8
CUT
10
242.7461
20
99.1347
0
VERTEX
8
CUT
10
242.7603
20
99.1419
0
VERTEX
8
CUT
10
242.7726
20
99.1480
0
VERTEX
8
CUT
10
242.8016
20
99.1621
0
VERTEX
8
CUT
10
242.8141
20
99.1681
0
VERTEX
8
CUT
10
242.8293
20
99.1752
0
VERTEX
8
CUT
10
242.8419
20
99.1810
0
VERTEX
8
CUT
10
242.8712
20
99.1942
0
VERTEX
8
CUT
10
242.8839
20
99.1998
0
VERTEX
8
CUT
10
248.3525
20
101.5587
0
VERTEX
8
CUT
10
248.3658
20
101.5644
0
VERTEX
8
CUT
10
248.3797
20
101.5702
0
VERTEX
8
CUT
10
248.3843
20
101.5722
0
VERTEX
8
CUT
10
248.3957
20
101.5768
0
VERTEX
8
CUT
10
248.4006
20
101.5788
0
VERTEX
8
CUT
10
248.4062
20
101.5811
0
VERTEX
8
CUT
10
248.4111
20
101.5831
0
VERTEX
8
CUT
10
248.4225
20
101.5877
0
VERTEX
8
CUT
10
248.4268
20
101.5894
0
VERTEX
8
CUT
10
248.4361
20
101.5930
0
VERTEX
8
CUT
10
248.4494
20
101.5981
0
VERTEX
8
CUT
10
248.4552
20
101.6003
0
VERTEX
8
CUT
10
257.5377
20
105.0230
0
VERTEX
8
CUT
10
257.5531
20
105.0290
0
VERTEX
8
CUT
10
257.6529
20
105.0698
0
VERTEX
8
CUT
10
257.6682
20
105.0763
0
VERTEX
8
CUT
10
257.7920
20
105.1309
0
VERTEX
8
CUT
10
257.8071
20
105.1379
0
VERTEX
8
CUT
10
257.9045
20
105.1841
0
VERTEX
8
CUT
10
257.9193
20
105.1914
0
VERTEX
8
CUT
10
262.1082
20
107.3244
0
VERTEX
8
CUT
10
262.1267
20
107.3342
0
VERTEX
8
CUT
10
262.2456
20
107.4000
0
VERTEX
8
CUT
10
262.2637
20
107.4105
0
VERTEX
8
CUT
10
262.4099
20
107.4983
0
VERTEX
8
CUT
10
262.4277
20
107.5093
0
VERTEX
8
CUT
10
262.5417
20
107.5833
0
VERTEX
8
CUT
10
262.5590
20
107.5950
0
VERTEX
8
CUT
10
264.7166
20
109.1044
0
VERTEX
8
CUT
10
264.7304
20
109.1144
0
VERTEX
8
CUT
10
264.8196
20
109.1806
0
VERTEX
8
CUT
10
264.8331
20
109.1910
0
VERTEX
8
CUT
10
264.9426
20
109.2773
0
VERTEX
8
CUT
10
264.9559
20
109.2880
0
VERTEX
8
CUT
10
265.0411
20
109.3592
0
VERTEX
8
CUT
10
265.0541
20
109.3704
0
VERTEX
8
CUT
10
267.0660
20
111.1507
0
VERTEX
8
CUT
10
267.0741
20
111.1579
0
VERTEX
8
CUT
10
267.1296
20
111.2088
0
VERTEX
8
CUT
10
267.1378
20
111.2165
0
VERTEX
8
CUT
10
267.1736
20
111.2506
0
VERTEX
8
CUT
10
267.1905
20
111.2674
0
VERTEX
8
CUT
10
267.2938
20
111.3739
0
VERTEX
8
CUT
10
267.3095
20
111.3907
0
VERTEX
8
CUT
10
267.3360
20
111.4202
0
VERTEX
8
CUT
10
267.3432
20
111.4283
0
VERTEX
8
CUT
10
267.3920
20
111.4846
0
VERTEX
8
CUT
10
267.3998
20
111.4939
0
VERTEX
8
CUT
10
269.1045
20
113.5439
0
VERTEX
8
CUT
10
269.1166
20
113.5591
0
VERTEX
8
CUT
10
269.1939
20
113.6584
0
VERTEX
8
CUT
10
269.2055
20
113.6738
0
VERTEX
8
CUT
10
269.2984
20
113.8015
0
VERTEX
8
CUT
10
269.3096
20
113.8173
0
VERTEX
8
CUT
10
269.3803
20
113.9214
0
VERTEX
8
CUT
10
269.3909
20
113.9376
0
VERTEX
8
CUT
10
270.8482
20
116.2389
0
VERTEX
8
CUT
10
270.8568
20
116.2529
0
VERTEX
8
CUT
10
270.9113
20
116.3444
0
VERTEX
8
CUT
10
270.9195
20
116.3585
0
VERTEX
8
CUT
10
270.9847
20
116.4752
0
VERTEX
8
CUT
10
270.9925
20
116.4896
0
VERTEX
8
CUT
10
271.0419
20
116.5839
0
VERTEX
8
CUT
10
271.0493
20
116.5985
0
VERTEX
8
CUT
10
271.5486
20
117.6183
0
VERTEX
8
CUT
10
271.5567
20
117.6354
0
VERTEX
8
CUT
10
271.6072
20
117.7475
0
VERTEX
8
CUT
10
271.6147
20
117.7649
0
VERTEX
8
CUT
10
271.6737
20
117.9075
0
VERTEX
8
CUT
10
271.6807
20
117.9251
0
VERTEX
8
CUT
10
271.7241
20
118.0402
0
VERTEX
8
CUT
10
271.7305
20
118.0580
0
VERTEX
8
CUT
10
272.5435
20
120.4384
0
VERTEX
8
CUT
10
272.5477
20
120.4512
0
VERTEX
8
CUT
10
272.5741
20
120.5345
0
VERTEX
8
CUT
10
272.5780
20
120.5474
0
VERTEX
8
CUT
10
272.5927
20
120.5979
0
VERTEX
8
CUT
10
272.5997
20
120.6239
0
VERTEX
8
CUT
10
272.6411
20
120.7937
0
VERTEX
8
CUT
10
272.6469
20
120.8200
0
VERTEX
8
CUT
10
272.6571
20
120.8716
0
VERTEX
8
CUT
10
272.6596
20
120.8848
0
VERTEX
8
CUT
10
272.6745
20
120.9710
0
VERTEX
8
CUT
10
272.6767
20
120.9842
0
VERTEX
8
CUT
10
272.9183
20
122.5861
0
VERTEX
8
CUT
10
272.9210
20
122.6068
0
VERTEX
8
CUT
10
272.9366
20
122.7416
0
VERTEX
8
CUT
10
272.9386
20
122.7624
0
VERTEX
8
CUT
10
272.9522
20
122.9320
0
VERTEX
8
CUT
10
272.9535
20
122.9529
0
VERTEX
8
CUT
10
272.9597
20
123.0884
0
VERTEX
8
CUT
10
272.9603
20
123.1093
0
VERTEX
8
CUT
10
272.9806
20
125.0507
0
VERTEX
8
CUT
10
272.9805
20
125.0685
0
VERTEX
8
CUT
10
272.9783
20
125.1841
0
VERTEX
8
CUT
10
272.9777
20
125.2019
0
VERTEX
8
CUT
10
272.9706
20
125.3468
0
VERTEX
8
CUT
10
272.9695
20
125.3645
0
VERTEX
8
CUT
10
272.9604
20
125.4798
0
VERTEX
8
CUT
10
272.9588
20
125.4975
0
VERTEX
8
CUT
10
272.7630
20
127.3009
0
VERTEX
8
CUT
10
272.7614
20
127.3139
0
VERTEX
8
CUT
10
272.7504
20
127.3983
0
VERTEX
8
CUT
10
272.7486
20
127.4113
0
VERTEX
8
CUT
10
272.7408
20
127.4619
0
VERTEX
8
CUT
10
272.7363
20
127.4877
0
VERTEX
8
CUT
10
272.7032
20
127.6547
0
VERTEX
8
CUT
10
272.6976
20
127.6803
0
VERTEX
8
CUT
10
272.6854
20
127.7301
0
VERTEX
8
CUT
10
272.6822
20
127.7428
0
VERTEX
8
CUT
10
272.6602
20
127.8250
0
VERTEX
8
CUT
10
272.6567
20
127.8377
0
VERTEX
8
CUT
10
272.3330
20
128.9513
0
VERTEX
8
CUT
10
272.3289
20
128.9649
0
VERTEX
8
CUT
10
272.3010
20
129.0531
0
VERTEX
8
CUT
10
272.2965
20
129.0666
0
VERTEX
8
CUT
10
272.2785
20
129.1192
0
VERTEX
8
CUT
10
272.2686
20
129.1459
0
VERTEX
8
CUT
10
272.2014
20
129.3154
0
VERTEX
8
CUT
10
272.1779
20
129.3672
0
VERTEX
8
CUT
10
272.0949
20
129.5296
0
VERTEX
8
CUT
10
272.0813
20
129.5546
0
VERTEX
8
CUT
10
272.0537
20
129.6029
0
VERTEX
8
CUT
10
272.0465
20
129.6151
0
VERTEX
8
CUT
10
271.9987
20
129.6943
0
VERTEX
8
CUT
10
271.9912
20
129.7064
0
VERTEX
8
CUT
10
271.3471
20
130.7169
0
VERTEX
8
CUT
10
271.3391
20
130.7290
0
VERTEX
8
CUT
10
271.2865
20
130.8074
0
VERTEX
8
CUT
10
271.2782
20
130.8193
0
VERTEX
8
CUT
10
271.2455
20
130.8656
0
VERTEX
8
CUT
10
271.2281
20
130.8889
0
VERTEX
8
CUT
10
271.1134
20
131.0355
0
VERTEX
8
CUT
10
271.0754
20
131.0794
0
VERTEX
8
CUT
10
270.9470
20
131.2142
0
VERTEX
8
CUT
10
270.9264
20
131.2348
0
VERTEX
8
CUT
10
270.8854
20
131.2739
0
VERTEX
8
CUT
10
270.8747
20
131.2838
0
VERTEX
8
CUT
10
270.8048
20
131.3472
0
VERTEX
8
CUT
10
270.7940
20
131.3569
0
VERTEX
8
CUT
10
269.9253
20
132.1078
0
VERTEX
8
CUT
10
269.9144
20
132.1170
0
VERTEX
8
CUT
10
269.8428
20
132.1760
0
VERTEX
8
CUT
10
269.8317
20
132.1849
0
VERTEX
8
CUT
10
269.7879
20
132.2193
0
VERTEX
8
CUT
10
269.7650
20
132.2364
0
VERTEX
8
CUT
10
269.6159
20
132.3423
0
VERTEX
8
CUT
10
269.5679
20
132.3731
0
VERTEX
8
CUT
10
269.4094
20
132.4644
0
VERTEX
8
CUT
10
269.3843
20
132.4780
0
VERTEX
8
CUT
10
269.3348
20
132.5035
0
VERTEX
8
CUT
10
269.3220
20
132.5099
0
VERTEX
8
CUT
10
269.2385
20
132.5503
0
VERTEX
8
CUT
10
269.2256
20
132.5564
0
VERTEX
8
CUT
10
268.8339
20
132.7348
0
VERTEX
8
CUT
10
268.8222
20
132.7400
0
VERTEX
8
CUT
10
268.7457
20
132.7729
0
VERTEX
8
CUT
10
268.7339
20
132.7778
0
VERTEX
8
CUT
10
268.6875
20
132.7966
0
VERTEX
8
CUT
10
268.6635
20
132.8057
0
VERTEX
8
CUT
10
268.5088
20
132.8608
0
VERTEX
8
CUT
10
268.4599
20
132.8759
0
VERTEX
8
CUT
10
268.3011
20
132.9176
0
VERTEX
8
CUT
10
268.2762
20
132.9236
0
VERTEX
8
CUT
10
268.2272
20
132.9342
0
VERTEX
8
CUT
10
268.2147
20
132.9368
0
VERTEX
8
CUT
10
268.1330
20
132.9527
0
VERTEX
8
CUT
10
268.1204
20
132.9550
0
VERTEX
8
CUT
10
267.9523
20
132.9841
0
VERTEX
8
CUT
10
267.9349
20
132.9868
0
VERTEX
8
CUT
10
267.8216
20
133.0030
0
VERTEX
8
CUT
10
267.8041
20
133.0053
0
VERTEX
8
CUT
10
267.7358
20
133.0130
0
VERTEX
8
CUT
10
267.7007
20
133.0159
0
VERTEX
8
CUT
10
267.4722
20
133.0282
0
VERTEX
8
CUT
10
267.4370
20
133.0291
0
VERTEX
8
CUT
10
267.3683
20
133.0287
0
VERTEX
8
CUT
10
267.3507
20
133.0284
0
VERTEX
8
CUT
10
267.2363
20
133.0245
0
VERTEX
8
CUT
10
267.2187
20
133.0236
0
VERTEX
8
CUT
10
267.0668
20
133.0139
0
VERTEX
8
CUT
10
267.0487
20
133.0125
0
VERTEX
8
CUT
10
266.9308
20
133.0014
0
VERTEX
8
CUT
10
266.9127
20
132.9994
0
VERTEX
8
CUT
10
266.8421
20
132.9906
0
VERTEX
8
CUT
10
266.8061
20
132.9849
0
VERTEX
8
CUT
10
266.5735
20
132.9414
0
VERTEX
8
CUT
10
266.5379
20
132.9336
0
VERTEX
8
CUT
10
266.4690
20
132.9163
0
VERTEX
8
CUT
10
266.4514
20
132.9116
0
VERTEX
8
CUT
10
266.3375
20
132.8793
0
VERTEX
8
CUT
10
266.3200
20
132.8740
0
VERTEX
8
CUT
10
264.9484
20
132.4397
0
VERTEX
8
CUT
10
264.9364
20
132.4357
0
VERTEX
8
CUT
10
264.8591
20
132.4094
0
VERTEX
8
CUT
10
264.8472
20
132.4053
0
VERTEX
8
CUT
10
264.8011
20
132.3885
0
VERTEX
8
CUT
10
264.7776
20
132.3794
0
VERTEX
8
CUT
10
264.6266
20
132.3173
0
VERTEX
8
CUT
10
264.6036
20
132.3072
0
VERTEX
8
CUT
10
264.5590
20
132.2866
0
VERTEX
8
CUT
10
264.5476
20
132.2813
0
VERTEX
8
CUT
10
264.4742
20
132.2455
0
VERTEX
8
CUT
10
264.4630
20
132.2399
0
VERTEX
8
CUT
10
263.8667
20
131.9338
0
VERTEX
8
CUT
10
263.8543
20
131.9273
0
VERTEX
8
CUT
10
263.7746
20
131.8839
0
VERTEX
8
CUT
10
263.7624
20
131.8771
0
VERTEX
8
CUT
10
263.7151
20
131.8500
0
VERTEX
8
CUT
10
263.6912
20
131.8355
0
VERTEX
8
CUT
10
263.5382
20
131.7381
0
VERTEX
8
CUT
10
263.5150
20
131.7225
0
VERTEX
8
CUT
10
263.4705
20
131.6911
0
VERTEX
8
CUT
10
263.4591
20
131.6829
0
VERTEX
8
CUT
10
263.3862
20
131.6289
0
VERTEX
8
CUT
10
263.3751
20
131.6205
0
VERTEX
8
CUT
10
261.7944
20
130.3927
0
VERTEX
8
CUT
10
261.7773
20
130.3788
0
VERTEX
8
CUT
10
261.6674
20
130.2868
0
VERTEX
8
CUT
10
261.6507
20
130.2723
0
VERTEX
8
CUT
10
261.5172
20
130.1519
0
VERTEX
8
CUT
10
261.5011
20
130.1368
0
VERTEX
8
CUT
10
261.3983
20
130.0370
0
VERTEX
8
CUT
10
261.3827
20
130.0213
0
VERTEX
8
CUT
10
257.8997
20
126.3807
0
VERTEX
8
CUT
10
257.8687
20
126.3499
0
VERTEX
8
CUT
10
257.8106
20
126.2947
0
VERTEX
8
CUT
10
257.7443
20
126.2377
0
VERTEX
8
CUT
10
257.6984
20
126.2020
0
VERTEX
8
CUT
10
257.6269
20
126.1517
0
VERTEX
8
CUT
10
257.5777
20
126.1205
0
VERTEX
8
CUT
10
257.5017
20
126.0774
0
VERTEX
8
CUT
10
257.4497
20
126.0512
0
VERTEX
8
CUT
10
257.3698
20
126.0156
0
VERTEX
8
CUT
10
257.3156
20
125.9946
0
VERTEX
8
CUT
10
257.2326
20
125.9669
0
VERTEX
8
CUT
10
257.1766
20
125.9513
0
VERTEX
8
CUT
10
257.0914
20
125.9318
0
VERTEX
8
CUT
10
257.0341
20
125.9216
0
VERTEX
8
CUT
10
256.9474
20
125.9105
0
VERTEX
8
CUT
10
256.8893
20
125.9060
0
VERTEX
8
CUT
10
256.8020
20
125.9033
0
VERTEX
8
CUT
10
256.7438
20
125.9044
0
VERTEX
8
CUT
10
256.6565
20
125.9103
0
VERTEX
8
CUT
10
256.5987
20
125.9170
0
VERTEX
8
CUT
10
256.5125
20
125.9313
0
VERTEX
8
CUT
10
256.4556
20
125.9436
0
VERTEX
8
CUT
10
256.3712
20
125.9662
0
VERTEX
8
CUT
10
256.3157
20
125.9840
0
VERTEX
8
CUT
10
256.2339
20
126.0147
0
VERTEX
8
CUT
10
256.1804
20
126.0377
0
VERTEX
8
CUT
10
256.1019
20
126.0762
0
VERTEX
8
CUT
10
256.0510
20
126.1044
0
VERTEX
8
CUT
10
255.9766
20
126.1503
0
VERTEX
8
CUT
10
255.9286
20
126.1832
0
VERTEX
8
CUT
10
255.8591
20
126.2362
0
VERTEX
8
CUT
10
255.8145
20
126.2736
0
VERTEX
8
CUT
10
255.7504
20
126.3330
0
VERTEX
8
CUT
10
255.7097
20
126.3746
0
VERTEX
8
CUT
10
255.6516
20
126.4400
0
VERTEX
8
CUT
10
255.6151
20
126.4854
0
VERTEX
8
CUT
10
255.5637
20
126.5560
0
VERTEX
8
CUT
10
255.5318
20
126.6047
0
VERTEX
8
CUT
10
255.4875
20
126.6801
0
VERTEX
8
CUT
10
255.4604
20
126.7316
0
VERTEX
8
CUT
10
255.4236
20
126.8109
0
VERTEX
8
CUT
10
255.4017
20
126.8648
0
VERTEX
8
CUT
10
255.3728
20
126.9473
0
VERTEX
8
CUT
10
255.3562
20
127.0031
0
VERTEX
8
CUT
10
255.3354
20
127.0880
0
VERTEX
8
CUT
10
255.3243
20
127.1452
0
VERTEX
8
CUT
10
255.3119
20
127.2317
0
VERTEX
8
CUT
10
255.3043
20
127.3114
0
VERTEX
8
CUT
10
255.3013
20
127.3550
0
VERTEX
8
CUT
10
255.1878
20
129.8318
0
VERTEX
8
CUT
10
255.2387
20
131.1377
0
VERTEX
8
CUT
10
255.2532
20
131.5099
0
VERTEX
8
CUT
10
255.2608
20
131.7036
0
VERTEX
8
CUT
10
255.2807
20
132.2128
0
VERTEX
8
CUT
10
255.4793
20
136.0859
0
VERTEX
8
CUT
10
255.7456
20
138.9808
0
VERTEX
8
CUT
10
256.1485
20
141.7914
0
VERTEX
8
CUT
10
256.4405
20
143.6068
0
VERTEX
8
CUT
10
256.4417
20
143.6139
0
VERTEX
8
CUT
10
256.4444
20
143.6303
0
VERTEX
8
CUT
10
256.4456
20
143.6373
0
VERTEX
8
CUT
10
256.4486
20
143.6540
0
VERTEX
8
CUT
10
256.4502
20
143.6626
0
VERTEX
8
CUT
10
256.4539
20
143.6827
0
VERTEX
8
CUT
10
256.4556
20
143.6912
0
VERTEX
8
CUT
10
256.4575
20
143.7011
0
VERTEX
8
CUT
10
256.4593
20
143.7097
0
VERTEX
8
CUT
10
256.4634
20
143.7298
0
VERTEX
8
CUT
10
256.4652
20
143.7383
0
VERTEX
8
CUT
10
256.4662
20
143.7427
0
VERTEX
8
CUT
10
256.4685
20
143.7528
0
VERTEX
8
CUT
10
256.4739
20
143.7764
0
VERTEX
8
CUT
10
256.4762
20
143.7865
0
VERTEX
8
CUT
10
257.2336
20
146.9178
0
VERTEX
8
CUT
10
257.7090
20
148.3285
0
VERTEX
8
CUT
10
258.0991
20
149.4308
0
VERTEX
8
CUT
10
258.9958
20
151.4367
0
VERTEX
8
CUT
10
259.0592
20
151.5622
0
VERTEX
8
CUT
10
259.0859
20
151.6150
0
VERTEX
8
CUT
10
259.1236
20
151.6896
0
VERTEX
8
CUT
10
259.1671
20
151.7757
0
VERTEX
8
CUT
10
260.1892
20
153.5905
0
VERTEX
8
CUT
10
260.3533
20
153.8346
0
VERTEX
8
CUT
10
260.3946
20
153.8961
0
VERTEX
8
CUT
10
260.4072
20
153.9148
0
VERTEX
8
CUT
10
260.6172
20
154.2273
0
VERTEX
8
CUT
10
261.6897
20
155.7153
0
VERTEX
8
CUT
10
261.6961
20
155.7241
0
VERTEX
8
CUT
10
261.7111
20
155.7444
0
VERTEX
8
CUT
10
261.7176
20
155.7531
0
VERTEX
8
CUT
10
261.7255
20
155.7636
0
VERTEX
8
CUT
10
261.7321
20
155.7722
0
VERTEX
8
CUT
10
261.7476
20
155.7922
0
VERTEX
8
CUT
10
261.7543
20
155.8007
0
VERTEX
8
CUT
10
261.7621
20
155.8104
0
VERTEX
8
CUT
10
261.7689
20
155.8188
0
VERTEX
8
CUT
10
261.7784
20
155.8304
0
VERTEX
8
CUT
10
263.3233
20
157.5914
0
VERTEX
8
CUT
10
263.3306
20
157.5997
0
VERTEX
8
CUT
10
263.3479
20
157.6189
0
VERTEX
8
CUT
10
263.3554
20
157.6271
0
VERTEX
8
CUT
10
263.3646
20
157.6371
0
VERTEX
8
CUT
10
263.3721
20
157.6452
0
VERTEX
8
CUT
10
263.3899
20
157.6640
0
VERTEX
8
CUT
10
263.3976
20
157.6720
0
VERTEX
8
CUT
10
263.4065
20
157.6812
0
VERTEX
8
CUT
10
263.4142
20
157.6891
0
VERTEX
8
CUT
10
263.4325
20
157.7074
0
VERTEX
8
CUT
10
263.4403
20
157.7153
0
VERTEX
8
CUT
10
263.4500
20
157.7248
0
VERTEX
8
CUT
10
263.4579
20
157.7325
0
VERTEX
8
CUT
10
263.4766
20
157.7504
0
VERTEX
8
CUT
10
263.4845
20
157.7578
0
VERTEX
8
CUT
10
265.0534
20
159.2255
0
VERTEX
8
CUT
10
265.0641
20
159.2353
0
VERTEX
8
CUT
10
265.0891
20
159.2580
0
VERTEX
8
CUT
10
265.1000
20
159.2677
0
VERTEX
8
CUT
10
265.1133
20
159.2793
0
VERTEX
8
CUT
10
265.1242
20
159.2888
0
VERTEX
8
CUT
10
265.1500
20
159.3107
0
VERTEX
8
CUT
10
265.1612
20
159.3200
0
VERTEX
8
CUT
10
265.1740
20
159.3305
0
VERTEX
8
CUT
10
265.1853
20
159.3397
0
VERTEX
8
CUT
10
265.2118
20
159.3607
0
VERTEX
8
CUT
10
265.2232
20
159.3696
0
VERTEX
8
CUT
10
265.2372
20
159.3804
0
VERTEX
8
CUT
10
265.2488
20
159.3891
0
VERTEX
8
CUT
10
265.2759
20
159.4093
0
VERTEX
8
CUT
10
265.2876
20
159.4179
0
VERTEX
8
CUT
10
268.9646
20
162.0606
0
VERTEX
8
CUT
10
274.3307
20
165.1695
0
VERTEX
8
CUT
10
274.8336
20
165.4514
0
VERTEX
8
CUT
10
274.8393
20
165.4546
0
VERTEX
8
CUT
10
274.8790
20
165.4774
0
VERTEX
8
CUT
10
274.8851
20
165.4809
0
VERTEX
8
CUT
10
274.9341
20
165.5099
0
VERTEX
8
CUT
10
274.9400
20
165.5135
0
VERTEX
8
CUT
10
274.9785
20
165.5368
0
VERTEX
8
CUT
10
274.9848
20
165.5407
0
VERTEX
8
CUT
10
275.1636
20
165.6521
0
VERTEX
8
CUT
10
275.8957
20
166.0762
0
VERTEX
8
CUT
10
275.9018
20
166.0798
0
VERTEX
8
CUT
10
275.9448
20
166.1054
0
VERTEX
8
CUT
10
275.9514
20
166.1094
0
VERTEX
8
CUT
10
276.0045
20
166.1420
0
VERTEX
8
CUT
10
276.0109
20
166.1460
0
VERTEX
8
CUT
10
276.0526
20
166.1722
0
VERTEX
8
CUT
10
276.0594
20
166.1766
0
VERTEX
8
CUT
10
277.3464
20
167.0124
0
VERTEX
8
CUT
10
278.4975
20
167.7297
0
VERTEX
8
CUT
10
278.5149
20
167.7410
0
VERTEX
8
CUT
10
278.6271
20
167.8164
0
VERTEX
8
CUT
10
278.6441
20
167.8283
0
VERTEX
8
CUT
10
278.7814
20
167.9277
0
VERTEX
8
CUT
10
278.7981
20
167.9402
0
VERTEX
8
CUT
10
278.9047
20
168.0232
0
VERTEX
8
CUT
10
278.9122
20
168.0293
0
VERTEX
8
CUT
10
279.0553
20
168.1222
0
VERTEX
8
CUT
10
279.0656
20
168.1290
0
VERTEX
8
CUT
10
279.1321
20
168.1742
0
VERTEX
8
CUT
10
279.1422
20
168.1812
0
VERTEX
8
CUT
10
279.1816
20
168.2092
0
VERTEX
8
CUT
10
279.2015
20
168.2239
0
VERTEX
8
CUT
10
279.3286
20
168.3223
0
VERTEX
8
CUT
10
279.3479
20
168.3378
0
VERTEX
8
CUT
10
279.3849
20
168.3690
0
VERTEX
8
CUT
10
279.3943
20
168.3770
0
VERTEX
8
CUT
10
279.4547
20
168.4301
0
VERTEX
8
CUT
10
279.4639
20
168.4383
0
VERTEX
8
CUT
10
280.1139
20
169.0329
0
VERTEX
8
CUT
10
281.0519
20
169.8165
0
VERTEX
8
CUT
10
281.0636
20
169.8265
0
VERTEX
8
CUT
10
281.1386
20
169.8926
0
VERTEX
8
CUT
10
281.1500
20
169.9029
0
VERTEX
8
CUT
10
281.2421
20
169.9881
0
VERTEX
8
CUT
10
281.2532
20
169.9987
0
VERTEX
8
CUT
10
281.3248
20
170.0685
0
VERTEX
8
CUT
10
281.3357
20
170.0794
0
VERTEX
8
CUT
10
281.9724
20
170.7330
0
VERTEX
8
CUT
10
282.0911
20
170.8416
0
VERTEX
8
CUT
10
282.1014
20
170.8513
0
VERTEX
8
CUT
10
282.1676
20
170.9147
0
VERTEX
8
CUT
10
282.1776
20
170.9246
0
VERTEX
8
CUT
10
282.2588
20
171.0062
0
VERTEX
8
CUT
10
282.2687
20
171.0163
0
VERTEX
8
CUT
10
282.3318
20
171.0828
0
VERTEX
8
CUT
10
282.3414
20
171.0932
0
VERTEX
8
CUT
10
282.5806
20
171.3573
0
VERTEX
8
CUT
10
283.1469
20
171.9387
0
VERTEX
8
CUT
10
283.1536
20
171.9457
0
VERTEX
8
CUT
10
283.2000
20
171.9949
0
VERTEX
8
CUT
10
283.2071
20
172.0026
0
VERTEX
8
CUT
10
283.2639
20
172.0649
0
VERTEX
8
CUT
10
283.2707
20
172.0725
0
VERTEX
8
CUT
10
283.3147
20
172.1225
0
VERTEX
8
CUT
10
283.3219
20
172.1308
0
VERTEX
8
CUT
10
283.9294
20
172.8470
0
VERTEX
8
CUT
10
284.9885
20
174.0167
0
VERTEX
8
CUT
10
284.9983
20
174.0277
0
VERTEX
8
CUT
10
285.0606
20
174.1001
0
VERTEX
8
CUT
10
285.0701
20
174.1113
0
VERTEX
8
CUT
10
285.1461
20
174.2040
0
VERTEX
8
CUT
10
285.1553
20
174.2155
0
VERTEX
8
CUT
10
285.2140
20
174.2908
0
VERTEX
8
CUT
10
285.2229
20
174.3025
0
VERTEX
8
CUT
10
285.6304
20
174.8523
0
VERTEX
8
CUT
10
285.6876
20
174.9197
0
VERTEX
8
CUT
10
285.6958
20
174.9295
0
VERTEX
8
CUT
10
285.7480
20
174.9938
0
VERTEX
8
CUT
10
285.7559
20
175.0038
0
VERTEX
8
CUT
10
285.7864
20
175.0431
0
VERTEX
8
CUT
10
285.8016
20
175.0635
0
VERTEX
8
CUT
10
285.8976
20
175.1983
0
VERTEX
8
CUT
10
285.9119
20
175.2194
0
VERTEX
8
CUT
10
285.9391
20
175.2611
0
VERTEX
8
CUT
10
285.9459
20
175.2719
0
VERTEX
8
CUT
10
285.9686
20
175.3085
0
VERTEX
8
CUT
10
286.2986
20
175.7537
0
VERTEX
8
CUT
10
286.3064
20
175.7645
0
VERTEX
8
CUT
10
286.3562
20
175.8350
0
VERTEX
8
CUT
10
286.3638
20
175.8459
0
VERTEX
8
CUT
10
286.3928
20
175.8889
0
VERTEX
8
CUT
10
286.4072
20
175.9112
0
VERTEX
8
CUT
10
286.4973
20
176.0584
0
VERTEX
8
CUT
10
286.5107
20
176.0814
0
VERTEX
8
CUT
10
286.5358
20
176.1268
0
VERTEX
8
CUT
10
286.5421
20
176.1385
0
VERTEX
8
CUT
10
286.5822
20
176.2150
0
VERTEX
8
CUT
10
286.5882
20
176.2268
0
VERTEX
8
CUT
10
286.9876
20
177.0314
0
VERTEX
8
CUT
10
287.4998
20
177.8984
0
VERTEX
8
CUT
10
287.5100
20
177.9164
0
VERTEX
8
CUT
10
287.5744
20
178.0345
0
VERTEX
8
CUT
10
287.5840
20
178.0528
0
VERTEX
8
CUT
10
287.6596
20
178.2037
0
VERTEX
8
CUT
10
287.6686
20
178.2223
0
VERTEX
8
CUT
10
287.7247
20
178.3446
0
VERTEX
8
CUT
10
287.7330
20
178.3636
0
VERTEX
8
CUT
10
288.1789
20
179.4313
0
VERTEX
8
CUT
10
288.5671
20
180.2134
0
VERTEX
8
CUT
10
288.5725
20
180.2244
0
VERTEX
8
CUT
10
288.6065
20
180.2966
0
VERTEX
8
CUT
10
288.6116
20
180.3078
0
VERTEX
8
CUT
10
288.6312
20
180.3516
0
VERTEX
8
CUT
10
288.6407
20
180.3742
0
VERTEX
8
CUT
10
288.6997
20
180.5224
0
VERTEX
8
CUT
10
288.7083
20
180.5454
0
VERTEX
8
CUT
10
288.7242
20
180.5907
0
VERTEX
8
CUT
10
288.7282
20
180.6023
0
VERTEX
8
CUT
10
288.7531
20
180.6781
0
VERTEX
8
CUT
10
288.7568
20
180.6898
0
VERTEX
8
CUT
10
288.9004
20
181.1588
0
VERTEX
8
CUT
10
288.9949
20
181.3850
0
VERTEX
8
CUT
10
288.9988
20
181.3948
0
VERTEX
8
CUT
10
289.0260
20
181.4631
0
VERTEX
8
CUT
10
289.0299
20
181.4733
0
VERTEX
8
CUT
10
289.0469
20
181.5184
0
VERTEX
8
CUT
10
289.0547
20
181.5403
0
VERTEX
8
CUT
10
289.1004
20
181.6777
0
VERTEX
8
CUT
10
289.1070
20
181.6990
0
VERTEX
8
CUT
10
289.1179
20
181.7362
0
VERTEX
8
CUT
10
289.1207
20
181.7464
0
VERTEX
8
CUT
10
289.1398
20
181.8165
0
VERTEX
8
CUT
10
289.1428
20
181.8279
0
VERTEX
8
CUT
10
289.3174
20
182.5211
0
VERTEX
8
CUT
10
289.5950
20
183.4280
0
VERTEX
8
CUT
10
289.6086
20
183.4688
0
VERTEX
8
CUT
10
289.6351
20
183.5428
0
VERTEX
8
CUT
10
289.6680
20
183.6221
0
VERTEX
8
CUT
10
289.6924
20
183.6738
0
VERTEX
8
CUT
10
289.7326
20
183.7497
0
VERTEX
8
CUT
10
289.7618
20
183.7988
0
VERTEX
8
CUT
10
289.8091
20
183.8705
0
VERTEX
8
CUT
10
289.8428
20
183.9166
0
VERTEX
8
CUT
10
289.8967
20
183.9835
0
VERTEX
8
CUT
10
289.9347
20
184.0262
0
VERTEX
8
CUT
10
289.9947
20
184.0876
0
VERTEX
8
CUT
10
290.0366
20
184.1265
0
VERTEX
8
CUT
10
290.1022
20
184.1819
0
VERTEX
8
CUT
10
290.1476
20
184.2166
0
VERTEX
8
CUT
10
290.2182
20
184.2655
0
VERTEX
8
CUT
10
290.2667
20
184.2957
0
VERTEX
8
CUT
10
290.3416
20
184.3377
0
VERTEX
8
CUT
10
290.4120
20
184.3728
0
VERTEX
8
CUT
10
290.4509
20
184.3910
0
VERTEX
8
CUT
10
290.4745
20
184.4014
0
VERTEX
8
CUT
10
290.4921
20
184.4091
0
VERTEX
8
CUT
10
290.4994
20
184.4123
0
VERTEX
8
CUT
10
290.5251
20
184.4244
0
VERTEX
8
CUT
10
290.5316
20
184.4276
0
VERTEX
8
CUT
10
290.5523
20
184.4376
0
VERTEX
8
CUT
10
290.6626
20
184.4891
0
VERTEX
8
CUT
10
290.7128
20
184.5154
0
VERTEX
8
CUT
10
290.8674
20
184.6062
0
VERTEX
8
CUT
10
290.9148
20
184.6372
0
VERTEX
8
CUT
10
291.0602
20
184.7422
0
VERTEX
8
CUT
10
291.1045
20
184.7775
0
VERTEX
8
CUT
10
291.2392
20
184.8957
0
VERTEX
8
CUT
10
291.2801
20
184.9351
0
VERTEX
8
CUT
10
291.4031
20
185.0655
0
VERTEX
8
CUT
10
291.4400
20
185.1085
0
VERTEX
8
CUT
10
291.5501
20
185.2499
0
VERTEX
8
CUT
10
291.5828
20
185.2962
0
VERTEX
8
CUT
10
291.6791
20
185.4474
0
VERTEX
8
CUT
10
291.7073
20
185.4966
0
VERTEX
8
CUT
10
291.7889
20
185.6562
0
VERTEX
8
CUT
10
291.8122
20
185.7079
0
VERTEX
8
CUT
10
291.8784
20
185.8745
0
VERTEX
8
CUT
10
291.8968
20
185.9281
0
VERTEX
8
CUT
10
291.9470
20
186.1002
0
VERTEX
8
CUT
10
291.9603
20
186.1553
0
VERTEX
8
CUT
10
291.9940
20
186.3314
0
VERTEX
8
CUT
10
292.0020
20
186.3875
0
VERTEX
8
CUT
10
292.0191
20
186.5684
0
VERTEX
8
CUT
10
292.0211
20
186.5967
0
VERTEX
8
CUT
10
292.0237
20
186.6520
0
VERTEX
8
CUT
10
292.0242
20
186.6662
0
VERTEX
8
CUT
10
292.0264
20
186.7583
0
VERTEX
8
CUT
10
292.0266
20
186.7725
0
VERTEX
8
CUT
10
292.0266
20
186.8405
0
VERTEX
8
CUT
10
292.0266
20
187.8728
0
VERTEX
8
CUT
10
292.0264
20
187.8879
0
VERTEX
8
CUT
10
292.0239
20
187.9865
0
VERTEX
8
CUT
10
292.0233
20
188.0016
0
VERTEX
8
CUT
10
292.0203
20
188.0607
0
VERTEX
8
CUT
10
292.0180
20
188.0910
0
VERTEX
8
CUT
10
291.9984
20
188.2843
0
VERTEX
8
CUT
10
291.9893
20
188.3442
0
VERTEX
8
CUT
10
291.9508
20
188.5320
0
VERTEX
8
CUT
10
291.9356
20
188.5907
0
VERTEX
8
CUT
10
291.8784
20
188.7736
0
VERTEX
8
CUT
10
291.8574
20
188.8305
0
VERTEX
8
CUT
10
291.7820
20
189.0067
0
VERTEX
8
CUT
10
291.7553
20
189.0612
0
VERTEX
8
CUT
10
291.6625
20
189.2289
0
VERTEX
8
CUT
10
291.6305
20
189.2804
0
VERTEX
8
CUT
10
291.5212
20
189.4378
0
VERTEX
8
CUT
10
291.4842
20
189.4858
0
VERTEX
8
CUT
10
291.3596
20
189.6315
0
VERTEX
8
CUT
10
291.3179
20
189.6755
0
VERTEX
8
CUT
10
291.1793
20
189.8078
0
VERTEX
8
CUT
10
291.1333
20
189.8474
0
VERTEX
8
CUT
10
290.9820
20
189.9651
0
VERTEX
8
CUT
10
290.9323
20
189.9998
0
VERTEX
8
CUT
10
290.7699
20
190.1016
0
VERTEX
8
CUT
10
290.7170
20
190.1312
0
VERTEX
8
CUT
10
290.5428
20
190.2172
0
VERTEX
8
CUT
10
290.5152
20
190.2300
0
VERTEX
8
CUT
10
290.4609
20
190.2535
0
VERTEX
8
CUT
10
290.4551
20
190.2559
0
VERTEX
8
CUT
10
290.4536
20
190.2567
0
VERTEX
8
CUT
10
290.4150
20
190.2733
0
VERTEX
8
CUT
10
290.3414
20
190.3072
0
VERTEX
8
CUT
10
290.2631
20
190.3482
0
VERTEX
8
CUT
10
290.2123
20
190.3779
0
VERTEX
8
CUT
10
290.1383
20
190.4263
0
VERTEX
8
CUT
10
290.0907
20
190.4609
0
VERTEX
8
CUT
10
290.0219
20
190.5164
0
VERTEX
8
CUT
10
289.9779
20
190.5555
0
VERTEX
8
CUT
10
289.9148
20
190.6174
0
VERTEX
8
CUT
10
289.8749
20
190.6606
0
VERTEX
8
CUT
10
289.8182
20
190.7284
0
VERTEX
8
CUT
10
289.7827
20
190.7754
0
VERTEX
8
CUT
10
289.7329
20
190.8484
0
VERTEX
8
CUT
10
289.7022
20
190.8986
0
VERTEX
8
CUT
10
289.6598
20
190.9762
0
VERTEX
8
CUT
10
289.6342
20
191.0292
0
VERTEX
8
CUT
10
289.5996
20
191.1105
0
VERTEX
8
CUT
10
289.5716
20
191.1865
0
VERTEX
8
CUT
10
289.5574
20
191.2284
0
VERTEX
8
CUT
10
289.5541
20
191.2391
0
VERTEX
8
CUT
10
289.5526
20
191.2437
0
VERTEX
8
CUT
10
289.5424
20
191.2753
0
VERTEX
8
CUT
10
289.5407
20
191.2804
0
VERTEX
8
CUT
10
289.0582
20
192.7346
0
VERTEX
8
CUT
10
289.0538
20
192.7473
0
VERTEX
8
CUT
10
289.0244
20
192.8296
0
VERTEX
8
CUT
10
289.0198
20
192.8422
0
VERTEX
8
CUT
10
289.0010
20
192.8912
0
VERTEX
8
CUT
10
288.9964
20
192.9025
0
VERTEX
8
CUT
10
288.9898
20
192.9198
0
VERTEX
8
CUT
10
288.9794
20
192.9452
0
VERTEX
8
CUT
10
288.9078
20
193.1086
0
VERTEX
8
CUT
10
288.8962
20
193.1335
0
VERTEX
8
CUT
10
288.8724
20
193.1816
0
VERTEX
8
CUT
10
288.8662
20
193.1939
0
VERTEX
8
CUT
10
288.8249
20
193.2730
0
VERTEX
8
CUT
10
288.8184
20
193.2851
0
VERTEX
8
CUT
10
288.5066
20
193.8499
0
VERTEX
8
CUT
10
288.1992
20
194.4131
0
VERTEX
8
CUT
10
288.1939
20
194.4227
0
VERTEX
8
CUT
10
288.1562
20
194.4889
0
VERTEX
8
CUT
10
288.1505
20
194.4987
0
VERTEX
8
CUT
10
288.1250
20
194.5416
0
VERTEX
8
CUT
10
288.1122
20
194.5620
0
VERTEX
8
CUT
10
288.0952
20
194.5882
0
VERTEX
8
CUT
10
288.0940
20
194.5902
0
VERTEX
8
CUT
10
288.0814
20
194.6102
0
VERTEX
8
CUT
10
288.0004
20
194.7338
0
VERTEX
8
CUT
10
287.9875
20
194.7527
0
VERTEX
8
CUT
10
287.9646
20
194.7849
0
VERTEX
8
CUT
10
287.9583
20
194.7936
0
VERTEX
8
CUT
10
287.9142
20
194.8533
0
VERTEX
8
CUT
10
287.9069
20
194.8629
0
VERTEX
8
CUT
10
287.1707
20
195.8187
0
VERTEX
8
CUT
10
287.1616
20
195.8302
0
VERTEX
8
CUT
10
287.1020
20
195.9038
0
VERTEX
8
CUT
10
287.0927
20
195.9150
0
VERTEX
8
CUT
10
287.0558
20
195.9584
0
VERTEX
8
CUT
10
287.0363
20
195.9802
0
VERTEX
8
CUT
10
286.9067
20
196.1183
0
VERTEX
8
CUT
10
286.8862
20
196.1391
0
VERTEX
8
CUT
10
286.8453
20
196.1787
0
VERTEX
8
CUT
10
286.8346
20
196.1887
0
VERTEX
8
CUT
10
286.7649
20
196.2529
0
VERTEX
8
CUT
10
286.7541
20
196.2626
0
VERTEX
8
CUT
10
285.9706
20
196.9496
0
VERTEX
8
CUT
10
285.9588
20
196.9597
0
VERTEX
8
CUT
10
285.8809
20
197.0245
0
VERTEX
8
CUT
10
285.8688
20
197.0343
0
VERTEX
8
CUT
10
285.8210
20
197.0720
0
VERTEX
8
CUT
10
285.8023
20
197.0860
0
VERTEX
8
CUT
10
285.7940
20
197.0925
0
VERTEX
8
CUT
10
285.7680
20
197.1118
0
VERTEX
8
CUT
10
285.5964
20
197.2320
0
VERTEX
8
CUT
10
285.5694
20
197.2498
0
VERTEX
8
CUT
10
285.5160
20
197.2831
0
VERTEX
8
CUT
10
285.5022
20
197.2915
0
VERTEX
8
CUT
10
285.4117
20
197.3445
0
VERTEX
8
CUT
10
285.3977
20
197.3525
0
VERTEX
8
CUT
10
285.0869
20
197.5237
0
VERTEX
8
CUT
10
284.6245
20
197.7836
0
VERTEX
8
CUT
10
284.6129
20
197.7900
0
VERTEX
8
CUT
10
284.5369
20
197.8305
0
VERTEX
8
CUT
10
284.5251
20
197.8366
0
VERTEX
8
CUT
10
284.4789
20
197.8599
0
VERTEX
8
CUT
10
284.4550
20
197.8713
0
VERTEX
8
CUT
10
284.3002
20
197.9412
0
VERTEX
8
CUT
10
284.2510
20
197.9608
0
VERTEX
8
CUT
10
284.0906
20
198.0167
0
VERTEX
8
CUT
10
284.0654
20
198.0249
0
VERTEX
8
CUT
10
284.0159
20
198.0397
0
VERTEX
8
CUT
10
284.0031
20
198.0434
0
VERTEX
8
CUT
10
283.9201
20
198.0663
0
VERTEX
8
CUT
10
283.9073
20
198.0697
0
VERTEX
8
CUT
10
283.3137
20
198.2194
0
VERTEX
8
CUT
10
283.3018
20
198.2223
0
VERTEX
8
CUT
10
283.2240
20
198.2402
0
VERTEX
8
CUT
10
283.2120
20
198.2428
0
VERTEX
8
CUT
10
283.1650
20
198.2527
0
VERTEX
8
CUT
10
283.1409
20
198.2572
0
VERTEX
8
CUT
10
282.9856
20
198.2831
0
VERTEX
8
CUT
10
282.9368
20
198.2892
0
VERTEX
8
CUT
10
282.7799
20
198.3023
0
VERTEX
8
CUT
10
282.7554
20
198.3038
0
VERTEX
8
CUT
10
282.7074
20
198.3059
0
VERTEX
8
CUT
10
282.6952
20
198.3062
0
VERTEX
8
CUT
10
282.6154
20
198.3080
0
VERTEX
8
CUT
10
282.6031
20
198.3081
0
VERTEX
8
CUT
10
281.8553
20
198.3092
0
VERTEX
8
CUT
10
281.8389
20
198.3090
0
VERTEX
8
CUT
10
281.7322
20
198.3062
0
VERTEX
8
CUT
10
281.7158
20
198.3056
0
VERTEX
8
CUT
10
281.6518
20
198.3022
0
VERTEX
8
CUT
10
281.6190
20
198.2995
0
VERTEX
8
CUT
10
281.4069
20
198.2765
0
VERTEX
8
CUT
10
281.3744
20
198.2721
0
VERTEX
8
CUT
10
281.3111
20
198.2617
0
VERTEX
8
CUT
10
281.2950
20
198.2588
0
VERTEX
8
CUT
10
281.1902
20
198.2386
0
VERTEX
8
CUT
10
281.1741
20
198.2353
0
VERTEX
8
CUT
10
280.7604
20
198.1439
0
VERTEX
8
CUT
10
280.3402
20
198.0902
0
VERTEX
8
CUT
10
280.3228
20
198.0877
0
VERTEX
8
CUT
10
280.2096
20
198.0698
0
VERTEX
8
CUT
10
280.1922
20
198.0668
0
VERTEX
8
CUT
10
280.1247
20
198.0541
0
VERTEX
8
CUT
10
280.0902
20
198.0466
0
VERTEX
8
CUT
10
279.8681
20
197.9911
0
VERTEX
8
CUT
10
279.8341
20
197.9816
0
VERTEX
8
CUT
10
279.7685
20
197.9610
0
VERTEX
8
CUT
10
279.7518
20
197.9555
0
VERTEX
8
CUT
10
279.6435
20
197.9181
0
VERTEX
8
CUT
10
279.6269
20
197.9121
0
VERTEX
8
CUT
10
279.4855
20
197.8585
0
VERTEX
8
CUT
10
279.4511
20
197.8492
0
VERTEX
8
CUT
10
279.4250
20
197.8416
0
VERTEX
8
CUT
10
279.2589
20
197.7887
0
VERTEX
8
CUT
10
279.2079
20
197.7698
0
VERTEX
8
CUT
10
279.0472
20
197.7021
0
VERTEX
8
CUT
10
279.0224
20
197.6910
0
VERTEX
8
CUT
10
278.9744
20
197.6681
0
VERTEX
8
CUT
10
278.9622
20
197.6622
0
VERTEX
8
CUT
10
278.9466
20
197.6543
0
VERTEX
8
CUT
10
278.8411
20
197.6143
0
VERTEX
8
CUT
10
278.8251
20
197.6080
0
VERTEX
8
CUT
10
278.7219
20
197.5655
0
VERTEX
8
CUT
10
278.7061
20
197.5587
0
VERTEX
8
CUT
10
278.6449
20
197.5314
0
VERTEX
8
CUT
10
278.6139
20
197.5165
0
VERTEX
8
CUT
10
278.4156
20
197.4141
0
VERTEX
8
CUT
10
278.3856
20
197.3975
0
VERTEX
8
CUT
10
278.3279
20
197.3634
0
VERTEX
8
CUT
10
278.3132
20
197.3544
0
VERTEX
8
CUT
10
278.2188
20
197.2949
0
VERTEX
8
CUT
10
278.2044
20
197.2855
0
VERTEX
8
CUT
10
278.0258
20
197.1656
0
VERTEX
8
CUT
10
277.5455
20
196.9096
0
VERTEX
8
CUT
10
277.5345
20
196.9036
0
VERTEX
8
CUT
10
277.4632
20
196.8637
0
VERTEX
8
CUT
10
277.4523
20
196.8574
0
VERTEX
8
CUT
10
277.4100
20
196.8325
0
VERTEX
8
CUT
10
277.3886
20
196.8193
0
VERTEX
8
CUT
10
277.2513
20
196.7307
0
VERTEX
8
CUT
10
277.2305
20
196.7166
0
VERTEX
8
CUT
10
277.1904
20
196.6883
0
VERTEX
8
CUT
10
277.1802
20
196.6809
0
VERTEX
8
CUT
10
277.1145
20
196.6323
0
VERTEX
8
CUT
10
277.1045
20
196.6248
0
VERTEX
8
CUT
10
276.5077
20
196.1642
0
VERTEX
8
CUT
10
276.4980
20
196.1566
0
VERTEX
8
CUT
10
276.4359
20
196.1066
0
VERTEX
8
CUT
10
276.4264
20
196.0988
0
VERTEX
8
CUT
10
276.3896
20
196.0679
0
VERTEX
8
CUT
10
276.3711
20
196.0518
0
VERTEX
8
CUT
10
276.2548
20
195.9457
0
VERTEX
8
CUT
10
276.2237
20
195.9149
0
VERTEX
8
CUT
10
276.1954
20
195.8907
0
VERTEX
8
CUT
10
276.1694
20
195.8671
0
VERTEX
8
CUT
10
276.1201
20
195.8195
0
VERTEX
8
CUT
10
276.1076
20
195.8071
0
VERTEX
8
CUT
10
276.0277
20
195.7256
0
VERTEX
8
CUT
10
276.0156
20
195.7128
0
VERTEX
8
CUT
10
275.5902
20
195.2518
0
VERTEX
8
CUT
10
275.5793
20
195.2396
0
VERTEX
8
CUT
10
275.5095
20
195.1597
0
VERTEX
8
CUT
10
275.4989
20
195.1473
0
VERTEX
8
CUT
10
275.4583
20
195.0982
0
VERTEX
8
CUT
10
275.4382
20
195.0725
0
VERTEX
8
CUT
10
275.3122
20
194.9019
0
VERTEX
8
CUT
10
275.2935
20
194.8752
0
VERTEX
8
CUT
10
275.2585
20
194.8220
0
VERTEX
8
CUT
10
275.2497
20
194.8082
0
VERTEX
8
CUT
10
275.1938
20
194.7180
0
VERTEX
8
CUT
10
275.1854
20
194.7040
0
VERTEX
8
CUT
10
275.0198
20
194.4199
0
VERTEX
8
CUT
10
274.8969
20
194.2640
0
VERTEX
8
CUT
10
274.8883
20
194.2530
0
VERTEX
8
CUT
10
274.8337
20
194.1802
0
VERTEX
8
CUT
10
274.8254
20
194.1690
0
VERTEX
8
CUT
10
274.7936
20
194.1245
0
VERTEX
8
CUT
10
274.7778
20
194.1014
0
VERTEX
8
CUT
10
274.6803
20
193.9508
0
VERTEX
8
CUT
10
274.6521
20
193.9025
0
VERTEX
8
CUT
10
274.5691
20
193.7434
0
VERTEX
8
CUT
10
274.5567
20
193.7183
0
VERTEX
8
CUT
10
274.5337
20
193.6687
0
VERTEX
8
CUT
10
274.5279
20
193.6560
0
VERTEX
8
CUT
10
274.4915
20
193.5726
0
VERTEX
8
CUT
10
274.4861
20
193.5597
0
VERTEX
8
CUT
10
274.4097
20
193.3729
0
VERTEX
8
CUT
10
274.1841
20
192.9856
0
VERTEX
8
CUT
10
274.1764
20
192.9720
0
VERTEX
8
CUT
10
274.1274
20
192.8827
0
VERTEX
8
CUT
10
274.1200
20
192.8688
0
VERTEX
8
CUT
10
274.0920
20
192.8144
0
VERTEX
8
CUT
10
274.0784
20
192.7862
0
VERTEX
8
CUT
10
273.9949
20
192.6006
0
VERTEX
8
CUT
10
273.9827
20
192.5717
0
VERTEX
8
CUT
10
273.9606
20
192.5147
0
VERTEX
8
CUT
10
273.9551
20
192.5000
0
VERTEX
8
CUT
10
273.9207
20
192.4042
0
VERTEX
8
CUT
10
273.9156
20
192.3893
0
VERTEX
8
CUT
10
273.6343
20
191.5368
0
VERTEX
8
CUT
10
273.6306
20
191.5250
0
VERTEX
8
CUT
10
273.6070
20
191.4483
0
VERTEX
8
CUT
10
273.6035
20
191.4364
0
VERTEX
8
CUT
10
273.5902
20
191.3900
0
VERTEX
8
CUT
10
273.5840
20
191.3660
0
VERTEX
8
CUT
10
273.5464
20
191.2099
0
VERTEX
8
CUT
10
273.5411
20
191.1858
0
VERTEX
8
CUT
10
273.5317
20
191.1384
0
VERTEX
8
CUT
10
273.5295
20
191.1263
0
VERTEX
8
CUT
10
273.5234
20
191.0921
0
VERTEX
8
CUT
10
273.5121
20
191.0410
0
VERTEX
8
CUT
10
273.5086
20
191.0244
0
VERTEX
8
CUT
10
273.4878
20
190.9163
0
VERTEX
8
CUT
10
273.4848
20
190.8996
0
VERTEX
8
CUT
10
272.6040
20
185.5135
0
VERTEX
8
CUT
10
272.4228
20
184.8751
0
VERTEX
8
CUT
10
272.4144
20
184.8456
0
VERTEX
8
CUT
10
272.4046
20
184.8108
0
VERTEX
8
CUT
10
272.3988
20
184.7904
0
VERTEX
8
CUT
10
272.1920
20
184.3070
0
VERTEX
8
CUT
10
272.1915
20
184.3061
0
VERTEX
8
CUT
10
272.1874
20
184.2994
0
VERTEX
8
CUT
10
272.1618
20
184.2569
0
VERTEX
8
CUT
10
271.8686
20
183.7711
0
VERTEX
8
CUT
10
271.4654
20
183.3213
0
VERTEX
8
CUT
10
271.4570
20
183.3121
0
VERTEX
8
CUT
10
271.4456
20
183.2997
0
VERTEX
8
CUT
10
271.4115
20
183.2647
0
VERTEX
8
CUT
10
271.1849
20
183.0749
0
VERTEX
8
CUT
10
271.1686
20
183.0631
0
VERTEX
8
CUT
10
271.1181
20
183.0302
0
VERTEX
8
CUT
10
271.0750
20
183.0037
0
VERTEX
8
CUT
10
271.0607
20
182.9955
0
VERTEX
8
CUT
10
271.0499
20
182.9894
0
VERTEX
8
CUT
10
270.1280
20
182.4760
0
VERTEX
8
CUT
10
270.0927
20
182.4573
0
VERTEX
8
CUT
10
270.0273
20
182.4246
0
VERTEX
8
CUT
10
269.9544
20
182.3921
0
VERTEX
8
CUT
10
269.9049
20
182.3726
0
VERTEX
8
CUT
10
269.8294
20
182.3467
0
VERTEX
8
CUT
10
269.7784
20
182.3317
0
VERTEX
8
CUT
10
269.7009
20
182.3126
0
VERTEX
8
CUT
10
269.6422
20
182.3008
0
VERTEX
8
CUT
10
269.4084
20
182.2636
0
VERTEX
8
CUT
10
269.3843
20
182.2597
0
VERTEX
8
CUT
10
269.3822
20
182.2594
0
VERTEX
8
CUT
10
269.3463
20
182.2537
0
VERTEX
8
CUT
10
269.1953
20
182.2304
0
VERTEX
8
CUT
10
269.1871
20
182.2292
0
VERTEX
8
CUT
10
269.1122
20
182.2208
0
VERTEX
8
CUT
10
269.0301
20
182.2153
0
VERTEX
8
CUT
10
268.9753
20
182.2142
0
VERTEX
8
CUT
10
268.8931
20
182.2162
0
VERTEX
8
CUT
10
268.8384
20
182.2201
0
VERTEX
8
CUT
10
268.7567
20
182.2296
0
VERTEX
8
CUT
10
268.6823
20
182.2418
0
VERTEX
8
CUT
10
268.6418
20
182.2494
0
VERTEX
8
CUT
10
267.3224
20
182.5276
0
VERTEX
8
CUT
10
267.2843
20
182.5365
0
VERTEX
8
CUT
10
267.2149
20
182.5543
0
VERTEX
8
CUT
10
267.1401
20
182.5770
0
VERTEX
8
CUT
10
267.0910
20
182.5943
0
VERTEX
8
CUT
10
267.0184
20
182.6234
0
VERTEX
8
CUT
10
266.9710
20
182.6448
0
VERTEX
8
CUT
10
266.9012
20
182.6802
0
VERTEX
8
CUT
10
266.8388
20
182.7152
0
VERTEX
8
CUT
10
266.8051
20
182.7351
0
VERTEX
8
CUT
10
266.2281
20
183.0932
0
VERTEX
8
CUT
10
266.2203
20
183.0982
0
VERTEX
8
CUT
10
266.2081
20
183.1059
0
VERTEX
8
CUT
10
266.1881
20
183.1190
0
VERTEX
8
CUT
10
266.1619
20
183.1366
0
VERTEX
8
CUT
10
266.1176
20
183.1691
0
VERTEX
8
CUT
10
266.0858
20
183.1936
0
VERTEX
8
CUT
10
266.0551
20
183.2195
0
VERTEX
8
CUT
10
265.9871
20
183.2797
0
VERTEX
8
CUT
10
265.9474
20
183.3171
0
VERTEX
8
CUT
10
265.9344
20
183.3301
0
VERTEX
8
CUT
10
265.9248
20
183.3398
0
VERTEX
8
CUT
10
265.5003
20
183.7769
0
VERTEX
8
CUT
10
264.4462
20
184.8700
0
VERTEX
8
CUT
10
264.4370
20
184.8797
0
VERTEX
8
CUT
10
264.4246
20
184.8929
0
VERTEX
8
CUT
10
264.3891
20
184.9331
0
VERTEX
8
CUT
10
264.3321
20
185.0019
0
VERTEX
8
CUT
10
264.3229
20
185.0135
0
VERTEX
8
CUT
10
264.3139
20
185.0258
0
VERTEX
8
CUT
10
264.2627
20
185.0997
0
VERTEX
8
CUT
10
264.2334
20
185.1449
0
VERTEX
8
CUT
10
264.2239
20
185.1604
0
VERTEX
8
CUT
10
264.2170
20
185.1720
0
VERTEX
8
CUT
10
263.1439
20
186.9986
0
VERTEX
8
CUT
10
263.1393
20
187.0066
0
VERTEX
8
CUT
10
263.1321
20
187.0191
0
VERTEX
8
CUT
10
263.1205
20
187.0400
0
VERTEX
8
CUT
10
263.1053
20
187.0682
0
VERTEX
8
CUT
10
263.0922
20
187.0934
0
VERTEX
8
CUT
10
263.0904
20
187.0970
0
VERTEX
8
CUT
10
263.0693
20
187.1423
0
VERTEX
8
CUT
10
263.0424
20
187.2049
0
VERTEX
8
CUT
10
263.0189
20
187.2651
0
VERTEX
8
CUT
10
263.0038
20
187.3083
0
VERTEX
8
CUT
10
262.9921
20
187.3444
0
VERTEX
8
CUT
10
262.9886
20
187.3562
0
VERTEX
8
CUT
10
262.9859
20
187.3651
0
VERTEX
8
CUT
10
262.3945
20
189.4001
0
VERTEX
8
CUT
10
262.3919
20
189.4095
0
VERTEX
8
CUT
10
262.3878
20
189.4241
0
VERTEX
8
CUT
10
262.3814
20
189.4482
0
VERTEX
8
CUT
10
262.3733
20
189.4808
0
VERTEX
8
CUT
10
262.3666
20
189.5098
0
VERTEX
8
CUT
10
262.3616
20
189.5330
0
VERTEX
8
CUT
10
262.3589
20
189.5462
0
VERTEX
8
CUT
10
262.3579
20
189.5511
0
VERTEX
8
CUT
10
262.3527
20
189.5800
0
VERTEX
8
CUT
10
262.3421
20
189.6442
0
VERTEX
8
CUT
10
262.3365
20
189.6829
0
VERTEX
8
CUT
10
262.3350
20
189.6960
0
VERTEX
8
CUT
10
262.3338
20
189.7057
0
VERTEX
8
CUT
10
261.8960
20
193.6972
0
VERTEX
8
CUT
10
261.8944
20
193.7134
0
VERTEX
8
CUT
10
261.8909
20
193.7513
0
VERTEX
8
CUT
10
261.8896
20
193.7675
0
VERTEX
8
CUT
10
261.8881
20
193.7873
0
VERTEX
8
CUT
10
261.8871
20
193.8036
0
VERTEX
8
CUT
10
261.8850
20
193.8415
0
VERTEX
8
CUT
10
261.8842
20
193.8578
0
VERTEX
8
CUT
10
261.8835
20
193.8764
0
VERTEX
8
CUT
10
261.8831
20
193.8927
0
VERTEX
8
CUT
10
261.8824
20
193.9307
0
VERTEX
8
CUT
10
261.8822
20
193.9470
0
VERTEX
8
CUT
10
261.8822
20
193.9669
0
VERTEX
8
CUT
10
261.8823
20
193.9832
0
VERTEX
8
CUT
10
261.8830
20
194.0212
0
VERTEX
8
CUT
10
261.8834
20
194.0375
0
VERTEX
8
CUT
10
261.9819
20
196.8041
0
VERTEX
8
CUT
10
261.9826
20
196.8204
0
VERTEX
8
CUT
10
261.9847
20
196.8583
0
VERTEX
8
CUT
10
261.9857
20
196.8746
0
VERTEX
8
CUT
10
261.9871
20
196.8944
0
VERTEX
8
CUT
10
261.9884
20
196.9106
0
VERTEX
8
CUT
10
261.9918
20
196.9484
0
VERTEX
8
CUT
10
261.9935
20
196.9646
0
VERTEX
8
CUT
10
261.9955
20
196.9832
0
VERTEX
8
CUT
10
261.9974
20
196.9994
0
VERTEX
8
CUT
10
262.0021
20
197.0371
0
VERTEX
8
CUT
10
262.0043
20
197.0532
0
VERTEX
8
CUT
10
262.0072
20
197.0728
0
VERTEX
8
CUT
10
262.0097
20
197.0889
0
VERTEX
8
CUT
10
262.0158
20
197.1264
0
VERTEX
8
CUT
10
262.0186
20
197.1425
0
VERTEX
8
CUT
10
262.6094
20
200.3827
0
VERTEX
8
CUT
10
262.6119
20
200.3957
0
VERTEX
8
CUT
10
262.6179
20
200.4262
0
VERTEX
8
CUT
10
262.6206
20
200.4392
0
VERTEX
8
CUT
10
262.6239
20
200.4551
0
VERTEX
8
CUT
10
262.6268
20
200.4681
0
VERTEX
8
CUT
10
262.6337
20
200.4983
0
VERTEX
8
CUT
10
262.6368
20
200.5113
0
VERTEX
8
CUT
10
262.6404
20
200.5261
0
VERTEX
8
CUT
10
262.6437
20
200.5390
0
VERTEX
8
CUT
10
262.6515
20
200.5691
0
VERTEX
8
CUT
10
262.6549
20
200.5819
0
VERTEX
8
CUT
10
262.6592
20
200.5976
0
VERTEX
8
CUT
10
262.6629
20
200.6104
0
VERTEX
8
CUT
10
262.6715
20
200.6402
0
VERTEX
8
CUT
10
262.6754
20
200.6529
0
VERTEX
8
CUT
10
264.4708
20
206.4858
0
VERTEX
8
CUT
10
264.4938
20
206.5492
0
VERTEX
8
CUT
10
264.4958
20
206.5547
0
VERTEX
8
CUT
10
264.5093
20
206.5931
0
VERTEX
8
CUT
10
264.5114
20
206.5990
0
VERTEX
8
CUT
10
264.5277
20
206.6470
0
VERTEX
8
CUT
10
264.5297
20
206.6529
0
VERTEX
8
CUT
10
264.5422
20
206.6910
0
VERTEX
8
CUT
10
264.5442
20
206.6972
0
VERTEX
8
CUT
10
266.0934
20
211.5857
0
VERTEX
8
CUT
10
266.0957
20
211.5931
0
VERTEX
8
CUT
10
266.1113
20
211.6446
0
VERTEX
8
CUT
10
266.1136
20
211.6526
0
VERTEX
8
CUT
10
266.1322
20
211.7172
0
VERTEX
8
CUT
10
266.1344
20
211.7250
0
VERTEX
8
CUT
10
266.1484
20
211.7763
0
VERTEX
8
CUT
10
266.1506
20
211.7847
0
VERTEX
8
CUT
10
266.4002
20
212.7539
0
VERTEX
8
CUT
10
266.5895
20
213.3689
0
VERTEX
8
CUT
10
266.5941
20
213.3846
0
VERTEX
8
CUT
10
266.6227
20
213.4872
0
VERTEX
8
CUT
10
266.6268
20
213.5031
0
VERTEX
8
CUT
10
266.6591
20
213.6329
0
VERTEX
8
CUT
10
266.6629
20
213.6488
0
VERTEX
8
CUT
10
266.6858
20
213.7529
0
VERTEX
8
CUT
10
266.6891
20
213.7689
0
VERTEX
8
CUT
10
266.7691
20
214.1863
0
VERTEX
8
CUT
10
267.0207
20
215.1637
0
VERTEX
8
CUT
10
267.0209
20
215.1642
0
VERTEX
8
CUT
10
267.0343
20
215.2164
0
VERTEX
8
CUT
10
267.0381
20
215.2320
0
VERTEX
8
CUT
10
267.0614
20
215.3336
0
VERTEX
8
CUT
10
267.0648
20
215.3492
0
VERTEX
8
CUT
10
267.0906
20
215.4774
0
VERTEX
8
CUT
10
267.0935
20
215.4932
0
VERTEX
8
CUT
10
267.1113
20
215.5958
0
VERTEX
8
CUT
10
267.1139
20
215.6116
0
VERTEX
8
CUT
10
267.2859
20
216.7884
0
VERTEX
8
CUT
10
267.2874
20
216.7991
0
VERTEX
8
CUT
10
267.2969
20
216.8736
0
VERTEX
8
CUT
10
267.2983
20
216.8851
0
VERTEX
8
CUT
10
267.3083
20
216.9782
0
VERTEX
8
CUT
10
267.3094
20
216.9895
0
VERTEX
8
CUT
10
267.3160
20
217.0632
0
VERTEX
8
CUT
10
267.3170
20
217.0753
0
VERTEX
8
CUT
10
267.5442
20
220.3758
0
VERTEX
8
CUT
10
267.5448
20
220.3865
0
VERTEX
8
CUT
10
267.5486
20
220.4609
0
VERTEX
8
CUT
10
267.5491
20
220.4724
0
VERTEX
8
CUT
10
267.5520
20
220.5652
0
VERTEX
8
CUT
10
267.5523
20
220.5765
0
VERTEX
8
CUT
10
267.5532
20
220.6499
0
VERTEX
8
CUT
10
267.5532
20
220.6619
0
VERTEX
8
CUT
10
267.5530
20
220.6893
0
VERTEX
8
CUT
10
267.5533
20
220.7019
0
VERTEX
8
CUT
10
267.5533
20
220.7168
0
VERTEX
8
CUT
10
267.5428
20
222.1646
0
VERTEX
8
CUT
10
267.5464
20
222.2440
0
VERTEX
8
CUT
10
267.5469
20
222.2588
0
VERTEX
8
CUT
10
267.5489
20
222.3549
0
VERTEX
8
CUT
10
267.5490
20
222.3696
0
VERTEX
8
CUT
10
267.5485
20
222.4903
0
VERTEX
8
CUT
10
267.5483
20
222.5050
0
VERTEX
8
CUT
10
267.5455
20
222.6011
0
VERTEX
8
CUT
10
267.5449
20
222.6159
0
VERTEX
8
CUT
10
267.5387
20
222.7332
0
VERTEX
8
CUT
10
267.5278
20
224.2233
0
VERTEX
8
CUT
10
267.5276
20
224.2353
0
VERTEX
8
CUT
10
267.5255
20
224.3136
0
VERTEX
8
CUT
10
267.5250
20
224.3256
0
VERTEX
8
CUT
10
267.5203
20
224.4238
0
VERTEX
8
CUT
10
267.5196
20
224.4359
0
VERTEX
8
CUT
10
267.5144
20
224.5140
0
VERTEX
8
CUT
10
267.5134
20
224.5260
0
VERTEX
8
CUT
10
267.2508
20
227.5170
0
VERTEX
8
CUT
10
267.2485
20
227.5383
0
VERTEX
8
CUT
10
267.2419
20
227.5919
0
VERTEX
8
CUT
10
267.2416
20
227.5945
0
VERTEX
8
CUT
10
267.2261
20
227.7216
0
VERTEX
8
CUT
10
267.2234
20
227.7411
0
VERTEX
8
CUT
10
267.1988
20
227.8998
0
VERTEX
8
CUT
10
267.1955
20
227.9192
0
VERTEX
8
CUT
10
267.1717
20
228.0450
0
VERTEX
8
CUT
10
267.1678
20
228.0642
0
VERTEX
8
CUT
10
267.1281
20
228.2419
0
VERTEX
8
CUT
10
267.1173
20
228.3279
0
VERTEX
8
CUT
10
267.1146
20
228.3469
0
VERTEX
8
CUT
10
267.0902
20
228.5008
0
VERTEX
8
CUT
10
267.0869
20
228.5197
0
VERTEX
8
CUT
10
267.0636
20
228.6417
0
VERTEX
8
CUT
10
267.0597
20
228.6604
0
VERTEX
8
CUT
10
266.9237
20
229.2662
0
VERTEX
8
CUT
10
266.8264
20
229.9041
0
VERTEX
8
CUT
10
266.8230
20
229.9240
0
VERTEX
8
CUT
10
266.7988
20
230.0534
0
VERTEX
8
CUT
10
266.7947
20
230.0732
0
VERTEX
8
CUT
10
266.7589
20
230.2343
0
VERTEX
8
CUT
10
266.7541
20
230.2540
0
VERTEX
8
CUT
10
266.7212
20
230.3814
0
VERTEX
8
CUT
10
266.7159
20
230.4009
0
VERTEX
8
CUT
10
266.5192
20
231.0687
0
VERTEX
8
CUT
10
266.3992
20
231.6032
0
VERTEX
8
CUT
10
266.3944
20
231.6229
0
VERTEX
8
CUT
10
266.3612
20
231.7506
0
VERTEX
8
CUT
10
266.3558
20
231.7701
0
VERTEX
8
CUT
10
266.3087
20
231.9287
0
VERTEX
8
CUT
10
266.3026
20
231.9481
0
VERTEX
8
CUT
10
266.2608
20
232.0732
0
VERTEX
8
CUT
10
266.2541
20
232.0923
0
VERTEX
8
CUT
10
266.1445
20
232.3870
0
VERTEX
8
CUT
10
266.1368
20
232.4170
0
VERTEX
8
CUT
10
266.1336
20
232.4289
0
VERTEX
8
CUT
10
266.1207
20
232.4751
0
VERTEX
8
CUT
10
266.1136
20
232.4986
0
VERTEX
8
CUT
10
266.0646
20
232.6502
0
VERTEX
8
CUT
10
266.0566
20
232.6734
0
VERTEX
8
CUT
10
266.0400
20
232.7184
0
VERTEX
8
CUT
10
266.0356
20
232.7299
0
VERTEX
8
CUT
10
266.0128
20
232.7881
0
VERTEX
8
CUT
10
265.8719
20
233.2662
0
VERTEX
8
CUT
10
265.8661
20
233.2848
0
VERTEX
8
CUT
10
265.8265
20
233.4049
0
VERTEX
8
CUT
10
265.8201
20
233.4233
0
VERTEX
8
CUT
10
265.7654
20
233.5724
0
VERTEX
8
CUT
10
265.7584
20
233.5905
0
VERTEX
8
CUT
10
265.7111
20
233.7079
0
VERTEX
8
CUT
10
265.7035
20
233.7258
0
VERTEX
8
CUT
10
265.6737
20
233.7931
0
VERTEX
8
CUT
10
265.5987
20
234.0258
0
VERTEX
8
CUT
10
265.5928
20
234.0430
0
VERTEX
8
CUT
10
265.5531
20
234.1545
0
VERTEX
8
CUT
10
265.5468
20
234.1715
0
VERTEX
8
CUT
10
265.4927
20
234.3098
0
VERTEX
8
CUT
10
265.4858
20
234.3267
0
VERTEX
8
CUT
10
265.4394
20
234.4355
0
VERTEX
8
CUT
10
265.4320
20
234.4522
0
VERTEX
8
CUT
10
264.3823
20
236.7213
0
VERTEX
8
CUT
10
264.3779
20
236.7307
0
VERTEX
8
CUT
10
264.3464
20
236.7956
0
VERTEX
8
CUT
10
264.3415
20
236.8056
0
VERTEX
8
CUT
10
264.3008
20
236.8859
0
VERTEX
8
CUT
10
264.2958
20
236.8956
0
VERTEX
8
CUT
10
264.2625
20
236.9584
0
VERTEX
8
CUT
10
264.2569
20
236.9687
0
VERTEX
8
CUT
10
264.2430
20
236.9938
0
VERTEX
8
CUT
10
264.2368
20
237.0051
0
VERTEX
8
CUT
10
262.9585
20
239.3076
0
VERTEX
8
CUT
10
262.9094
20
239.3962
0
VERTEX
8
CUT
10
262.9014
20
239.4100
0
VERTEX
8
CUT
10
262.8488
20
239.4992
0
VERTEX
8
CUT
10
262.8405
20
239.5128
0
VERTEX
8
CUT
10
262.7714
20
239.6230
0
VERTEX
8
CUT
10
262.7628
20
239.6364
0
VERTEX
8
CUT
10
262.7055
20
239.7227
0
VERTEX
8
CUT
10
262.6965
20
239.7358
0
VERTEX
8
CUT
10
262.6964
20
239.7359
0
VERTEX
8
CUT
10
261.6577
20
241.2125
0
VERTEX
8
CUT
10
261.6346
20
241.2502
0
VERTEX
8
CUT
10
261.6236
20
241.2675
0
VERTEX
8
CUT
10
261.5505
20
241.3786
0
VERTEX
8
CUT
10
261.5389
20
241.3955
0
VERTEX
8
CUT
10
261.4424
20
241.5317
0
VERTEX
8
CUT
10
261.4302
20
241.5482
0
VERTEX
8
CUT
10
261.3496
20
241.6540
0
VERTEX
8
CUT
10
261.3369
20
241.6701
0
VERTEX
8
CUT
10
261.3283
20
241.6807
0
VERTEX
8
CUT
10
261.2419
20
241.8036
0
VERTEX
8
CUT
10
261.2315
20
241.8178
0
VERTEX
8
CUT
10
261.1629
20
241.9095
0
VERTEX
8
CUT
10
261.1522
20
241.9234
0
VERTEX
8
CUT
10
261.1263
20
241.9559
0
VERTEX
8
CUT
10
261.1252
20
241.9573
0
VERTEX
8
CUT
10
261.1077
20
241.9793
0
VERTEX
8
CUT
10
261.0627
20
242.0359
0
VERTEX
8
CUT
10
261.0598
20
242.0394
0
VERTEX
8
CUT
10
261.0357
20
242.0697
0
VERTEX
8
CUT
10
261.0245
20
242.0833
0
VERTEX
8
CUT
10
260.9506
20
242.1708
0
VERTEX
8
CUT
10
260.9390
20
242.1841
0
VERTEX
8
CUT
10
260.6949
20
242.4561
0
VERTEX
8
CUT
10
260.0520
20
243.2430
0
VERTEX
8
CUT
10
260.0424
20
243.2545
0
VERTEX
8
CUT
10
259.9791
20
243.3282
0
VERTEX
8
CUT
10
259.9692
20
243.3394
0
VERTEX
8
CUT
10
259.8874
20
243.4299
0
VERTEX
8
CUT
10
259.8773
20
243.4409
0
VERTEX
8
CUT
10
259.8103
20
243.5113
0
VERTEX
8
CUT
10
259.7999
20
243.5220
0
VERTEX
8
CUT
10
258.3515
20
244.9726
0
VERTEX
8
CUT
10
258.3381
20
244.9856
0
VERTEX
8
CUT
10
258.2497
20
245.0688
0
VERTEX
8
CUT
10
258.2359
20
245.0814
0
VERTEX
8
CUT
10
258.1217
20
245.1823
0
VERTEX
8
CUT
10
258.1076
20
245.1945
0
VERTEX
8
CUT
10
258.0141
20
245.2720
0
VERTEX
8
CUT
10
257.9996
20
245.2837
0
VERTEX
8
CUT
10
257.2960
20
245.8316
0
VERTEX
8
CUT
10
257.2909
20
245.8361
0
VERTEX
8
CUT
10
257.2563
20
245.8672
0
VERTEX
8
CUT
10
257.2551
20
245.8682
0
VERTEX
8
CUT
10
257.2417
20
245.8800
0
VERTEX
8
CUT
10
257.1531
20
245.9548
0
VERTEX
8
CUT
10
257.1392
20
245.9662
0
VERTEX
8
CUT
10
257.0253
20
246.0568
0
VERTEX
8
CUT
10
257.0137
20
246.0657
0
VERTEX
8
CUT
10
256.9904
20
246.0842
0
VERTEX
8
CUT
10
256.9762
20
246.0951
0
VERTEX
8
CUT
10
256.8825
20
246.1650
0
VERTEX
8
CUT
10
256.8680
20
246.1755
0
VERTEX
8
CUT
10
256.7328
20
246.2701
0
VERTEX
8
CUT
10
256.3155
20
246.5951
0
VERTEX
8
CUT
10
256.3048
20
246.6032
0
VERTEX
8
CUT
10
256.2351
20
246.6550
0
VERTEX
8
CUT
10
256.2243
20
246.6628
0
VERTEX
8
CUT
10
256.1354
20
246.7259
0
VERTEX
8
CUT
10
256.1244
20
246.7335
0
VERTEX
8
CUT
10
256.0525
20
246.7822
0
VERTEX
8
CUT
10
256.0414
20
246.7895
0
VERTEX
8
CUT
10
255.4194
20
247.1904
0
VERTEX
8
CUT
10
254.8826
20
247.5675
0
VERTEX
8
CUT
10
254.8683
20
247.5773
0
VERTEX
8
CUT
10
254.7742
20
247.6394
0
VERTEX
8
CUT
10
254.7595
20
247.6488
0
VERTEX
8
CUT
10
254.7360
20
247.6633
0
VERTEX
8
CUT
10
254.7232
20
247.6715
0
VERTEX
8
CUT
10
254.6037
20
247.7453
0
VERTEX
8
CUT
10
254.5889
20
247.7541
0
VERTEX
8
CUT
10
254.4921
20
247.8102
0
VERTEX
8
CUT
10
254.4771
20
247.8186
0
VERTEX
8
CUT
10
254.4755
20
247.8194
0
VERTEX
8
CUT
10
254.2766
20
247.9270
0
VERTEX
8
CUT
10
254.2318
20
247.9559
0
VERTEX
8
CUT
10
254.2143
20
247.9668
0
VERTEX
8
CUT
10
254.0990
20
248.0356
0
VERTEX
8
CUT
10
254.0811
20
248.0459
0
VERTEX
8
CUT
10
253.9335
20
248.1272
0
VERTEX
8
CUT
10
253.9153
20
248.1368
0
VERTEX
8
CUT
10
253.7955
20
248.1975
0
VERTEX
8
CUT
10
253.7769
20
248.2066
0
VERTEX
8
CUT
10
253.6563
20
248.2626
0
VERTEX
8
CUT
10
252.2153
20
249.0421
0
VERTEX
8
CUT
10
252.1926
20
249.0544
0
VERTEX
8
CUT
10
252.1919
20
249.0548
0
VERTEX
8
CUT
10
252.1793
20
249.0614
0
VERTEX
8
CUT
10
252.0974
20
249.1032
0
VERTEX
8
CUT
10
252.0847
20
249.1095
0
VERTEX
8
CUT
10
251.9806
20
249.1596
0
VERTEX
8
CUT
10
251.9678
20
249.1656
0
VERTEX
8
CUT
10
251.8839
20
249.2036
0
VERTEX
8
CUT
10
251.8710
20
249.2092
0
VERTEX
8
CUT
10
249.3248
20
250.2902
0
VERTEX
8
CUT
10
249.3110
20
250.2958
0
VERTEX
8
CUT
10
249.2209
20
250.3315
0
VERTEX
8
CUT
10
249.2070
20
250.3368
0
VERTEX
8
CUT
10
249.1942
20
250.3415
0
VERTEX
8
CUT
10
249.1902
20
250.3430
0
VERTEX
8
CUT
10
249.1764
20
250.3483
0
VERTEX
8
CUT
10
249.0630
20
250.3899
0
VERTEX
8
CUT
10
249.0490
20
250.3948
0
VERTEX
8
CUT
10
248.9579
20
250.4258
0
VERTEX
8
CUT
10
248.9438
20
250.4303
0
VERTEX
8
CUT
10
237.4176
20
254.0248
0
VERTEX
8
CUT
10
237.4089
20
254.0275
0
VERTEX
8
CUT
10
237.3954
20
254.0319
0
VERTEX
8
CUT
10
237.3732
20
254.0394
0
VERTEX
8
CUT
10
237.3436
20
254.0498
0
VERTEX
8
CUT
10
237.3175
20
254.0595
0
VERTEX
8
CUT
10
237.2968
20
254.0675
0
VERTEX
8
CUT
10
237.2899
20
254.0702
0
VERTEX
8
CUT
10
237.2466
20
254.0892
0
VERTEX
8
CUT
10
237.2136
20
254.1044
0
VERTEX
8
CUT
10
237.2026
20
254.1098
0
VERTEX
8
CUT
10
237.1944
20
254.1138
0
VERTEX
8
CUT
10
234.2885
20
255.5670
0
VERTEX
8
CUT
10
234.2749
20
255.5740
0
VERTEX
8
CUT
10
234.2432
20
255.5905
0
VERTEX
8
CUT
10
234.2297
20
255.5977
0
VERTEX
8
CUT
10
234.2134
20
255.6066
0
VERTEX
8
CUT
10
234.2000
20
255.6140
0
VERTEX
8
CUT
10
234.1689
20
255.6315
0
VERTEX
8
CUT
10
234.1557
20
255.6392
0
VERTEX
8
CUT
10
234.1405
20
255.6481
0
VERTEX
8
CUT
10
234.1274
20
255.6559
0
VERTEX
8
CUT
10
234.0970
20
255.6746
0
VERTEX
8
CUT
10
234.0840
20
255.6827
0
VERTEX
8
CUT
10
234.0682
20
255.6927
0
VERTEX
8
CUT
10
234.0554
20
255.7010
0
VERTEX
8
CUT
10
234.0256
20
255.7206
0
VERTEX
8
CUT
10
234.0129
20
255.7291
0
VERTEX
8
CUT
10
231.5827
20
257.3906
0
VERTEX
8
CUT
10
231.5696
20
257.3997
0
VERTEX
8
CUT
10
231.5394
20
257.4212
0
VERTEX
8
CUT
10
231.5265
20
257.4305
0
VERTEX
8
CUT
10
231.5109
20
257.4420
0
VERTEX
8
CUT
10
231.4982
20
257.4515
0
VERTEX
8
CUT
10
231.4687
20
257.4741
0
VERTEX
8
CUT
10
231.4561
20
257.4838
0
VERTEX
8
CUT
10
231.4419
20
257.4952
0
VERTEX
8
CUT
10
231.4295
20
257.5051
0
VERTEX
8
CUT
10
231.4008
20
257.5287
0
VERTEX
8
CUT
10
231.3886
20
257.5389
0
VERTEX
8
CUT
10
231.3739
20
257.5515
0
VERTEX
8
CUT
10
231.3619
20
257.5619
0
VERTEX
8
CUT
10
231.3340
20
257.5865
0
VERTEX
8
CUT
10
231.3222
20
257.5971
0
VERTEX
8
CUT
10
229.1779
20
259.5592
0
VERTEX
8
CUT
10
229.1711
20
259.5655
0
VERTEX
8
CUT
10
229.1605
20
259.5754
0
VERTEX
8
CUT
10
229.1432
20
259.5920
0
VERTEX
8
CUT
10
229.1312
20
259.6038
0
VERTEX
8
CUT
10
229.1171
20
259.6181
0
VERTEX
8
CUT
10
229.1016
20
259.6344
0
VERTEX
8
CUT
10
229.0927
20
259.6438
0
VERTEX
8
CUT
10
229.0895
20
259.6474
0
VERTEX
8
CUT
10
229.0708
20
259.6682
0
VERTEX
8
CUT
10
229.0300
20
259.7151
0
VERTEX
8
CUT
10
229.0061
20
259.7437
0
VERTEX
8
CUT
10
228.9982
20
259.7535
0
VERTEX
8
CUT
10
228.9924
20
259.7608
0
VERTEX
8
CUT
10
227.2504
20
261.9853
0
VERTEX
8
CUT
10
227.2446
20
261.9927
0
VERTEX
8
CUT
10
227.2357
20
262.0043
0
VERTEX
8
CUT
10
227.2214
20
262.0236
0
VERTEX
8
CUT
10
227.2024
20
262.0497
0
VERTEX
8
CUT
10
227.1860
20
262.0732
0
VERTEX
8
CUT
10
227.1732
20
262.0920
0
VERTEX
8
CUT
10
227.1660
20
262.1029
0
VERTEX
8
CUT
10
227.1633
20
262.1069
0
VERTEX
8
CUT
10
227.1482
20
262.1307
0
VERTEX
8
CUT
10
227.1234
20
262.1713
0
VERTEX
8
CUT
10
227.1157
20
262.1839
0
VERTEX
8
CUT
10
227.0968
20
262.2162
0
VERTEX
8
CUT
10
227.0907
20
262.2273
0
VERTEX
8
CUT
10
227.0862
20
262.2355
0
VERTEX
8
CUT
10
225.7995
20
264.6072
0
VERTEX
8
CUT
10
225.7948
20
264.6159
0
VERTEX
8
CUT
10
225.7877
20
264.6294
0
VERTEX
8
CUT
10
225.7762
20
264.6519
0
VERTEX
8
CUT
10
225.7689
20
264.6666
0
VERTEX
8
CUT
10
225.7594
20
264.6868
0
VERTEX
8
CUT
10
225.7496
20
264.7085
0
VERTEX
8
CUT
10
225.7440
20
264.7209
0
VERTEX
8
CUT
10
225.7420
20
264.7256
0
VERTEX
8
CUT
10
225.7307
20
264.7528
0
VERTEX
8
CUT
10
225.7066
20
264.8137
0
VERTEX
8
CUT
10
225.6929
20
264.8505
0
VERTEX
8
CUT
10
225.6886
20
264.8631
0
VERTEX
8
CUT
10
225.6854
20
264.8724
0
VERTEX
8
CUT
10
224.8204
20
267.4582
0
VERTEX
8
CUT
10
224.8172
20
267.4680
0
VERTEX
8
CUT
10
224.8122
20
267.4832
0
VERTEX
8
CUT
10
224.8045
20
267.5085
0
VERTEX
8
CUT
10
224.7946
20
267.5426
0
VERTEX
8
CUT
10
224.7864
20
267.5730
0
VERTEX
8
CUT
10
224.7803
20
267.5972
0
VERTEX
8
CUT
10
224.7769
20
267.6111
0
VERTEX
8
CUT
10
224.7757
20
267.6163
0
VERTEX
8
CUT
10
224.7717
20
267.6346
0
VERTEX
8
CUT
10
224.7691
20
267.6466
0
VERTEX
8
CUT
10
224.7558
20
267.7140
0
VERTEX
8
CUT
10
224.7487
20
267.7546
0
VERTEX
8
CUT
10
224.7466
20
267.7684
0
VERTEX
8
CUT
10
224.7451
20
267.7786
0
VERTEX
8
CUT
10
224.3665
20
270.4948
0
VERTEX
8
CUT
10
224.3656
20
270.5020
0
VERTEX
8
CUT
10
224.3634
20
270.5189
0
VERTEX
8
CUT
10
224.3630
20
270.5220
0
VERTEX
8
CUT
10
224.3594
20
270.5547
0
VERTEX
8
CUT
10
224.3534
20
270.6204
0
VERTEX
8
CUT
10
224.3517
20
270.6429
0
VERTEX
8
CUT
10
224.3505
20
270.6744
0
VERTEX
8
CUT
10
224.3492
20
270.7449
0
VERTEX
8
CUT
10
224.3491
20
270.7696
0
VERTEX
8
CUT
10
224.3565
20
271.1609
0
VERTEX
8
CUT
10
224.4029
20
273.4171
0
VERTEX
8
CUT
10
224.4031
20
273.4267
0
VERTEX
8
CUT
10
224.4036
20
273.4417
0
VERTEX
8
CUT
10
224.4047
20
273.4662
0
VERTEX
8
CUT
10
224.4066
20
273.4985
0
VERTEX
8
CUT
10
224.4088
20
273.5274
0
VERTEX
8
CUT
10
224.4093
20
273.5333
0
VERTEX
8
CUT
10
224.4110
20
273.5478
0
VERTEX
8
CUT
10
224.4197
20
273.6111
0
VERTEX
8
CUT
10
224.4257
20
273.6490
0
VERTEX
8
CUT
10
224.4280
20
273.6618
0
VERTEX
8
CUT
10
224.4298
20
273.6712
0
VERTEX
8
CUT
10
224.9149
20
276.2021
0
VERTEX
8
CUT
10
224.9163
20
276.2092
0
VERTEX
8
CUT
10
224.9196
20
276.2257
0
VERTEX
8
CUT
10
224.9202
20
276.2288
0
VERTEX
8
CUT
10
224.9274
20
276.2607
0
VERTEX
8
CUT
10
224.9428
20
276.3244
0
VERTEX
8
CUT
10
224.9484
20
276.3462
0
VERTEX
8
CUT
10
224.9573
20
276.3762
0
VERTEX
8
CUT
10
224.9760
20
276.4352
0
VERTEX
8
CUT
10
224.9866
20
276.4663
0
VERTEX
8
CUT
10
225.8811
20
278.9386
0
VERTEX
8
CUT
10
225.8818
20
278.9406
0
VERTEX
8
CUT
10
225.8868
20
278.9539
0
VERTEX
8
CUT
10
225.8879
20
278.9569
0
VERTEX
8
CUT
10
225.9000
20
278.9875
0
VERTEX
8
CUT
10
225.9256
20
279.0487
0
VERTEX
8
CUT
10
225.9347
20
279.0695
0
VERTEX
8
CUT
10
225.9483
20
279.0980
0
VERTEX
8
CUT
10
225.9861
20
279.1728
0
VERTEX
8
CUT
10
226.0029
20
279.2045
0
VERTEX
8
CUT
10
227.2848
20
281.5101
0
VERTEX
8
CUT
10
227.2928
20
281.5243
0
VERTEX
8
CUT
10
227.3119
20
281.5573
0
VERTEX
8
CUT
10
227.3201
20
281.5711
0
VERTEX
8
CUT
10
227.3303
20
281.5879
0
VERTEX
8
CUT
10
227.3388
20
281.6017
0
VERTEX
8
CUT
10
227.3590
20
281.6338
0
VERTEX
8
CUT
10
227.3677
20
281.6474
0
VERTEX
8
CUT
10
227.3779
20
281.6630
0
VERTEX
8
CUT
10
227.3869
20
281.6765
0
VERTEX
8
CUT
10
227.4082
20
281.7078
0
VERTEX
8
CUT
10
227.4175
20
281.7211
0
VERTEX
8
CUT
10
227.4289
20
281.7372
0
VERTEX
8
CUT
10
227.4384
20
281.7504
0
VERTEX
8
CUT
10
227.4608
20
281.7809
0
VERTEX
8
CUT
10
227.4705
20
281.7939
0
VERTEX
8
CUT
10
229.1534
20
283.9996
0
VERTEX
8
CUT
10
229.1623
20
284.0110
0
VERTEX
8
CUT
10
229.1831
20
284.0374
0
VERTEX
8
CUT
10
229.1921
20
284.0487
0
VERTEX
8
CUT
10
229.2033
20
284.0623
0
VERTEX
8
CUT
10
229.2125
20
284.0734
0
VERTEX
8
CUT
10
229.2341
20
284.0992
0
VERTEX
8
CUT
10
229.2435
20
284.1101
0
VERTEX
8
CUT
10
229.2544
20
284.1226
0
VERTEX
8
CUT
10
229.2639
20
284.1334
0
VERTEX
8
CUT
10
229.2864
20
284.1585
0
VERTEX
8
CUT
10
229.2962
20
284.1691
0
VERTEX
8
CUT
10
229.3081
20
284.1820
0
VERTEX
8
CUT
10
229.3180
20
284.1925
0
VERTEX
8
CUT
10
229.3413
20
284.2168
0
VERTEX
8
CUT
10
229.3514
20
284.2272
0
VERTEX
8
CUT
10
231.4476
20
286.3461
0
VERTEX
8
CUT
10
231.4562
20
286.3546
0
VERTEX
8
CUT
10
231.4762
20
286.3743
0
VERTEX
8
CUT
10
231.4849
20
286.3827
0
VERTEX
8
CUT
10
231.4955
20
286.3929
0
VERTEX
8
CUT
10
231.5043
20
286.4012
0
VERTEX
8
CUT
10
231.5224
20
286.4181
0
VERTEX
8
CUT
10
231.5226
20
286.4182
0
VERTEX
8
CUT
10
231.5438
20
286.4370
0
VERTEX
8
CUT
10
231.5529
20
286.4450
0
VERTEX
8
CUT
10
231.5642
20
286.4546
0
VERTEX
8
CUT
10
231.5734
20
286.4625
0
VERTEX
8
CUT
10
231.5951
20
286.4807
0
VERTEX
8
CUT
10
231.6045
20
286.4884
0
VERTEX
8
CUT
10
232.9490
20
287.5836
0
VERTEX
8
CUT
10
232.9603
20
287.5931
0
VERTEX
8
CUT
10
233.0331
20
287.6554
0
VERTEX
8
CUT
10
233.0442
20
287.6652
0
VERTEX
8
CUT
10
233.0870
20
287.7037
0
VERTEX
8
CUT
10
233.1085
20
287.7240
0
VERTEX
8
CUT
10
233.2426
20
287.8571
0
VERTEX
8
CUT
10
233.2823
20
287.9007
0
VERTEX
8
CUT
10
233.4011
20
288.0444
0
VERTEX
8
CUT
10
233.4364
20
288.0916
0
VERTEX
8
CUT
10
233.5404
20
288.2463
0
VERTEX
8
CUT
10
233.5709
20
288.2968
0
VERTEX
8
CUT
10
233.6593
20
288.4609
0
VERTEX
8
CUT
10
233.6847
20
288.5142
0
VERTEX
8
CUT
10
233.7565
20
288.6862
0
VERTEX
8
CUT
10
233.7765
20
288.7417
0
VERTEX
8
CUT
10
233.8311
20
288.9199
0
VERTEX
8
CUT
10
233.8456
20
288.9771
0
VERTEX
8
CUT
10
233.8825
20
289.1598
0
VERTEX
8
CUT
10
233.8913
20
289.2181
0
VERTEX
8
CUT
10
233.9100
20
289.4036
0
VERTEX
8
CUT
10
233.9130
20
289.4625
0
VERTEX
8
CUT
10
233.9135
20
289.6489
0
VERTEX
8
CUT
10
233.9107
20
289.7078
0
VERTEX
8
CUT
10
233.8928
20
289.8934
0
VERTEX
8
CUT
10
233.8843
20
289.9517
0
VERTEX
8
CUT
10
233.8483
20
290.1347
0
VERTEX
8
CUT
10
233.8341
20
290.1919
0
VERTEX
8
CUT
10
233.7803
20
290.3704
0
VERTEX
8
CUT
10
233.7606
20
290.4260
0
VERTEX
8
CUT
10
233.6895
20
290.5983
0
VERTEX
8
CUT
10
233.6644
20
290.6517
0
VERTEX
8
CUT
10
233.5768
20
290.8162
0
VERTEX
8
CUT
10
233.5465
20
290.8668
0
VERTEX
8
CUT
10
233.4432
20
291.0220
0
VERTEX
8
CUT
10
233.4081
20
291.0694
0
VERTEX
8
CUT
10
233.2901
20
291.2137
0
VERTEX
8
CUT
10
233.2505
20
291.2574
0
VERTEX
8
CUT
10
233.1188
20
291.3894
0
VERTEX
8
CUT
10
233.0752
20
291.4290
0
VERTEX
8
CUT
10
232.9312
20
291.5475
0
VERTEX
8
CUT
10
232.8839
20
291.5826
0
VERTEX
8
CUT
10
232.7290
20
291.6863
0
VERTEX
8
CUT
10
232.6784
20
291.7167
0
VERTEX
8
CUT
10
232.5141
20
291.8047
0
VERTEX
8
CUT
10
232.4608
20
291.8299
0
VERTEX
8
CUT
10
232.2886
20
291.9014
0
VERTEX
8
CUT
10
232.2331
20
291.9213
0
VERTEX
8
CUT
10
232.0547
20
291.9755
0
VERTEX
8
CUT
10
231.9975
20
291.9898
0
VERTEX
8
CUT
10
231.8147
20
292.0262
0
VERTEX
8
CUT
10
231.7563
20
292.0349
0
VERTEX
8
CUT
10
231.5682
20
292.0535
0
VERTEX
8
CUT
10
231.5388
20
292.0556
0
VERTEX
8
CUT
10
231.4813
20
292.0585
0
VERTEX
8
CUT
10
231.4666
20
292.0590
0
VERTEX
8
CUT
10
231.3708
20
292.0614
0
VERTEX
8
CUT
10
231.3560
20
292.0615
0
VERTEX
8
CUT
10
231.3528
20
292.0615
0
VERTEX
8
CUT
10
189.7582
20
292.0615
0
VERTEX
8
CUT
10
189.7440
20
292.0614
0
VERTEX
8
CUT
10
189.6520
20
292.0592
0
VERTEX
8
CUT
10
189.6378
20
292.0587
0
VERTEX
8
CUT
10
189.5826
20
292.0561
0
VERTEX
8
CUT
10
189.5543
20
292.0541
0
VERTEX
8
CUT
10
189.3736
20
292.0370
0
VERTEX
8
CUT
10
189.3175
20
292.0290
0
VERTEX
8
CUT
10
189.1416
20
291.9953
0
VERTEX
8
CUT
10
189.0865
20
291.9821
0
VERTEX
8
CUT
10
188.9146
20
291.9320
0
VERTEX
8
CUT
10
188.8610
20
291.9137
0
VERTEX
8
CUT
10
188.6946
20
291.8476
0
VERTEX
8
CUT
10
188.6430
20
291.8243
0
VERTEX
8
CUT
10
188.4835
20
291.7428
0
VERTEX
8
CUT
10
188.4343
20
291.7147
0
VERTEX
8
CUT
10
188.2832
20
291.6186
0
VERTEX
8
CUT
10
188.2369
20
291.5859
0
VERTEX
8
CUT
10
188.0956
20
291.4760
0
VERTEX
8
CUT
10
188.0525
20
291.4392
0
VERTEX
8
CUT
10
187.9222
20
291.3164
0
VERTEX
8
CUT
10
187.8828
20
291.2756
0
VERTEX
8
CUT
10
187.7646
20
291.1411
0
VERTEX
8
CUT
10
187.7293
20
291.0968
0
VERTEX
8
CUT
10
187.6243
20
290.9518
0
VERTEX
8
CUT
10
187.5933
20
290.9044
0
VERTEX
8
CUT
10
187.5024
20
290.7500
0
VERTEX
8
CUT
10
187.4760
20
290.6999
0
VERTEX
8
CUT
10
187.3991
20
290.5355
0
VERTEX
8
CUT
10
187.3877
20
290.5095
0
VERTEX
8
CUT
10
187.3653
20
290.4550
0
VERTEX
8
CUT
10
187.3608
20
290.4438
0
VERTEX
8
CUT
10
187.3324
20
290.3707
0
VERTEX
8
CUT
10
187.3282
20
290.3594
0
VERTEX
8
CUT
10
187.3241
20
290.3482
0
VERTEX
8
CUT
10
187.3214
20
290.3409
0
VERTEX
8
CUT
10
187.3150
20
290.3240
0
VERTEX
8
CUT
10
187.3123
20
290.3168
0
VERTEX
8
CUT
10
186.5799
20
288.4137
0
VERTEX
8
CUT
10
186.5759
20
288.4032
0
VERTEX
8
CUT
10
186.5491
20
288.3293
0
VERTEX
8
CUT
10
186.5451
20
288.3179
0
VERTEX
8
CUT
10
186.5135
20
288.2252
0
VERTEX
8
CUT
10
186.5098
20
288.2140
0
VERTEX
8
CUT
10
186.4863
20
288.1402
0
VERTEX
8
CUT
10
186.4825
20
288.1281
0
VERTEX
8
CUT
10
185.7842
20
285.7660
0
VERTEX
8
CUT
10
185.7790
20
285.7473
0
VERTEX
8
CUT
10
185.7473
20
285.6259
0
VERTEX
8
CUT
10
185.7427
20
285.6071
0
VERTEX
8
CUT
10
185.7079
20
285.4536
0
VERTEX
8
CUT
10
185.7039
20
285.4347
0
VERTEX
8
CUT
10
185.6801
20
285.3114
0
VERTEX
8
CUT
10
185.6768
20
285.2924
0
VERTEX
8
CUT
10
185.0873
20
281.6080
0
VERTEX
8
CUT
10
185.0847
20
281.5898
0
VERTEX
8
CUT
10
185.0694
20
281.4713
0
VERTEX
8
CUT
10
185.0673
20
281.4530
0
VERTEX
8
CUT
10
185.0528
20
281.3038
0
VERTEX
8
CUT
10
185.0513
20
281.2855
0
VERTEX
8
CUT
10
185.0433
20
281.1662
0
VERTEX
8
CUT
10
185.0424
20
281.1479
0
VERTEX
8
CUT
10
184.9456
20
278.4662
0
VERTEX
8
CUT
10
184.9453
20
278.4500
0
VERTEX
8
CUT
10
184.9443
20
278.3451
0
VERTEX
8
CUT
10
184.9444
20
278.3290
0
VERTEX
8
CUT
10
184.9467
20
278.1973
0
VERTEX
8
CUT
10
184.9472
20
278.1812
0
VERTEX
8
CUT
10
184.9519
20
278.0764
0
VERTEX
8
CUT
10
184.9528
20
278.0603
0
VERTEX
8
CUT
10
185.3675
20
272.2760
0
VERTEX
8
CUT
10
185.3686
20
272.2636
0
VERTEX
8
CUT
10
185.3761
20
272.1827
0
VERTEX
8
CUT
10
185.3773
20
272.1702
0
VERTEX
8
CUT
10
185.3829
20
272.1217
0
VERTEX
8
CUT
10
185.3862
20
272.0969
0
VERTEX
8
CUT
10
185.4113
20
271.9364
0
VERTEX
8
CUT
10
185.4156
20
271.9118
0
VERTEX
8
CUT
10
185.4252
20
271.8639
0
VERTEX
8
CUT
10
185.4277
20
271.8516
0
VERTEX
8
CUT
10
185.4453
20
271.7723
0
VERTEX
8
CUT
10
185.4481
20
271.7601
0
VERTEX
8
CUT
10
186.2176
20
268.5920
0
VERTEX
8
CUT
10
186.2228
20
268.5719
0
VERTEX
8
CUT
10
186.2593
20
268.4418
0
VERTEX
8
CUT
10
186.2652
20
268.4218
0
VERTEX
8
CUT
10
186.3165
20
268.2602
0
VERTEX
8
CUT
10
186.3232
20
268.2405
0
VERTEX
8
CUT
10
186.3686
20
268.1132
0
VERTEX
8
CUT
10
186.3759
20
268.0938
0
VERTEX
8
CUT
10
187.6857
20
264.7849
0
VERTEX
8
CUT
10
187.6912
20
264.7715
0
VERTEX
8
CUT
10
187.7282
20
264.6844
0
VERTEX
8
CUT
10
187.7340
20
264.6711
0
VERTEX
8
CUT
10
187.7830
20
264.5629
0
VERTEX
8
CUT
10
187.7892
20
264.5497
0
VERTEX
8
CUT
10
187.8303
20
264.4645
0
VERTEX
8
CUT
10
187.8368
20
264.4515
0
VERTEX
8
CUT
10
189.3512
20
261.4993
0
VERTEX
8
CUT
10
189.3592
20
261.4842
0
VERTEX
8
CUT
10
189.4128
20
261.3868
0
VERTEX
8
CUT
10
189.4212
20
261.3719
0
VERTEX
8
CUT
10
189.4919
20
261.2516
0
VERTEX
8
CUT
10
189.5007
20
261.2370
0
VERTEX
8
CUT
10
189.5597
20
261.1428
0
VERTEX
8
CUT
10
189.5690
20
261.1284
0
VERTEX
8
CUT
10
191.8867
20
257.6519
0
VERTEX
8
CUT
10
191.8957
20
257.6389
0
VERTEX
8
CUT
10
191.9551
20
257.5547
0
VERTEX
8
CUT
10
191.9644
20
257.5419
0
VERTEX
8
CUT
10
192.0417
20
257.4382
0
VERTEX
8
CUT
10
192.0513
20
257.4256
0
VERTEX
8
CUT
10
192.1151
20
257.3447
0
VERTEX
8
CUT
10
192.1250
20
257.3324
0
VERTEX
8
CUT
10
193.9559
20
255.1307
0
VERTEX
8
CUT
10
193.9648
20
255.1202
0
VERTEX
8
CUT
10
194.0235
20
255.0528
0
VERTEX
8
CUT
10
194.0327
20
255.0425
0
VERTEX
8
CUT
10
194.1083
20
254.9596
0
VERTEX
8
CUT
10
194.1177
20
254.9495
0
VERTEX
8
CUT
10
194.1795
20
254.8849
0
VERTEX
8
CUT
10
194.1891
20
254.8751
0
VERTEX
8
CUT
10
197.5822
20
251.4820
0
VERTEX
8
CUT
10
197.5932
20
251.4713
0
VERTEX
8
CUT
10
197.6655
20
251.4026
0
VERTEX
8
CUT
10
197.6767
20
251.3922
0
VERTEX
8
CUT
10
197.7697
20
251.3083
0
VERTEX
8
CUT
10
197.7812
20
251.2982
0
VERTEX
8
CUT
10
197.8570
20
251.2332
0
VERTEX
8
CUT
10
197.8687
20
251.2234
0
VERTEX
8
CUT
10
202.4747
20
247.4754
0
VERTEX
8
CUT
10
202.4878
20
247.4650
0
VERTEX
8
CUT
10
202.5741
20
247.3987
0
VERTEX
8
CUT
10
202.5876
20
247.3886
0
VERTEX
8
CUT
10
202.6982
20
247.3084
0
VERTEX
8
CUT
10
202.7119
20
247.2988
0
VERTEX
8
CUT
10
202.8018
20
247.2374
0
VERTEX
8
CUT
10
202.8157
20
247.2281
0
VERTEX
8
CUT
10
213.4190
20
240.4111
0
VERTEX
8
CUT
10
213.4240
20
240.4078
0
VERTEX
8
CUT
10
213.4356
20
240.4003
0
VERTEX
8
CUT
10
213.4406
20
240.3970
0
VERTEX
8
CUT
10
213.4525
20
240.3892
0
VERTEX
8
CUT
10
213.4585
20
240.3851
0
VERTEX
8
CUT
10
213.4727
20
240.3756
0
VERTEX
8
CUT
10
213.4787
20
240.3715
0
VERTEX
8
CUT
10
213.4857
20
240.3667
0
VERTEX
8
CUT
10
213.4917
20
240.3626
0
VERTEX
8
CUT
10
213.5057
20
240.3528
0
VERTEX
8
CUT
10
213.5117
20
240.3486
0
VERTEX
8
CUT
10
213.5147
20
240.3464
0
VERTEX
8
CUT
10
213.5217
20
240.3414
0
VERTEX
8
CUT
10
213.5381
20
240.3295
0
VERTEX
8
CUT
10
213.5451
20
240.3244
0
VERTEX
8
CUT
10
219.7190
20
235.7626
0
VERTEX
8
CUT
10
219.7305
20
235.7539
0
VERTEX
8
CUT
10
219.7574
20
235.7334
0
VERTEX
8
CUT
10
219.7688
20
235.7245
0
VERTEX
8
CUT
10
219.7826
20
235.7136
0
VERTEX
8
CUT
10
219.7938
20
235.7046
0
VERTEX
8
CUT
10
219.8199
20
235.6833
0
VERTEX
8
CUT
10
219.8310
20
235.6741
0
VERTEX
8
CUT
10
219.8437
20
235.6634
0
VERTEX
8
CUT
10
219.8547
20
235.6540
0
VERTEX
8
CUT
10
219.8801
20
235.6318
0
VERTEX
8
CUT
10
219.8909
20
235.6222
0
VERTEX
8
CUT
10
219.9040
20
235.6105
0
VERTEX
8
CUT
10
219.9147
20
235.6007
0
VERTEX
8
CUT
10
219.9394
20
235.5778
0
VERTEX
8
CUT
10
219.9499
20
235.5678
0
VERTEX
8
CUT
10
225.3081
20
230.4258
0
VERTEX
8
CUT
10
225.3191
20
230.4152
0
VERTEX
8
CUT
10
225.3444
20
230.3901
0
VERTEX
8
CUT
10
225.3551
20
230.3792
0
VERTEX
8
CUT
10
225.3681
20
230.3659
0
VERTEX
8
CUT
10
225.3786
20
230.3549
0
VERTEX
8
CUT
10
225.4031
20
230.3289
0
VERTEX
8
CUT
10
225.4134
20
230.3177
0
VERTEX
8
CUT
10
225.4252
20
230.3048
0
VERTEX
8
CUT
10
225.4354
20
230.2934
0
VERTEX
8
CUT
10
225.4589
20
230.2666
0
VERTEX
8
CUT
10
225.4689
20
230.2551
0
VERTEX
8
CUT
10
225.4810
20
230.2409
0
VERTEX
8
CUT
10
225.4907
20
230.2291
0
VERTEX
8
CUT
10
225.5133
20
230.2016
0
VERTEX
8
CUT
10
225.5229
20
230.1897
0
VERTEX
8
CUT
10
229.4413
20
225.2465
0
VERTEX
8
CUT
10
230.1104
20
224.4024
0
VERTEX
8
CUT
10
230.1195
20
224.3908
0
VERTEX
8
CUT
10
230.1404
20
224.3634
0
VERTEX
8
CUT
10
230.1493
20
224.3515
0
VERTEX
8
CUT
10
230.1601
20
224.3370
0
VERTEX
8
CUT
10
230.1688
20
224.3251
0
VERTEX
8
CUT
10
230.1889
20
224.2970
0
VERTEX
8
CUT
10
230.1974
20
224.2849
0
VERTEX
8
CUT
10
230.2070
20
224.2710
0
VERTEX
8
CUT
10
230.2153
20
224.2587
0
VERTEX
8
CUT
10
230.2345
20
224.2300
0
VERTEX
8
CUT
10
230.2426
20
224.2176
0
VERTEX
8
CUT
10
230.2523
20
224.2025
0
VERTEX
8
CUT
10
230.2602
20
224.1900
0
VERTEX
8
CUT
10
230.2784
20
224.1606
0
VERTEX
8
CUT
10
230.2861
20
224.1480
0
VERTEX
8
CUT
10
234.0763
20
217.8074
0
VERTEX
8
CUT
10
234.0837
20
217.7948
0
VERTEX
8
CUT
10
234.1008
20
217.7651
0
VERTEX
8
CUT
10
234.1081
20
217.7523
0
VERTEX
8
CUT
10
234.1168
20
217.7366
0
VERTEX
8
CUT
10
234.1238
20
217.7237
0
VERTEX
8
CUT
10
234.1399
20
217.6934
0
VERTEX
8
CUT
10
234.1467
20
217.6804
0
VERTEX
8
CUT
10
234.1544
20
217.6654
0
VERTEX
8
CUT
10
234.1610
20
217.6523
0
VERTEX
8
CUT
10
234.1761
20
217.6215
0
VERTEX
8
CUT
10
234.1825
20
217.6083
0
VERTEX
8
CUT
10
234.1902
20
217.5920
0
VERTEX
8
CUT
10
234.1963
20
217.5787
0
VERTEX
8
CUT
10
234.2104
20
217.5475
0
VERTEX
8
CUT
10
234.2164
20
217.5340
0
VERTEX
8
CUT
10
236.0119
20
213.3818
0
VERTEX
8
CUT
10
237.1730
20
210.6968
0
VERTEX
8
CUT
10
237.1785
20
210.6838
0
VERTEX
8
CUT
10
237.1911
20
210.6535
0
VERTEX
8
CUT
10
237.1964
20
210.6404
0
VERTEX
8
CUT
10
237.2027
20
210.6244
0
VERTEX
8
CUT
10
237.2078
20
210.6113
0
VERTEX
8
CUT
10
237.2194
20
210.5805
0
VERTEX
8
CUT
10
237.2243
20
210.5673
0
VERTEX
8
CUT
10
237.2297
20
210.5521
0
VERTEX
8
CUT
10
237.2344
20
210.5388
0
VERTEX
8
CUT
10
237.2450
20
210.5077
0
VERTEX
8
CUT
10
237.2495
20
210.4943
0
VERTEX
8
CUT
10
237.2548
20
210.4780
0
VERTEX
8
CUT
10
237.2591
20
210.4646
0
VERTEX
8
CUT
10
237.2687
20
210.4332
0
VERTEX
8
CUT
10
237.2728
20
210.4197
0
VERTEX
8
CUT
10
239.4346
20
202.9833
0
VERTEX
8
CUT
10
239.4383
20
202.9705
0
VERTEX
8
CUT
10
239.4465
20
202.9405
0
VERTEX
8
CUT
10
239.4499
20
202.9277
0
VERTEX
8
CUT
10
239.4540
20
202.9120
0
VERTEX
8
CUT
10
239.4572
20
202.8991
0
VERTEX
8
CUT
10
239.4646
20
202.8689
0
VERTEX
8
CUT
10
239.4676
20
202.8559
0
VERTEX
8
CUT
10
239.4710
20
202.8410
0
VERTEX
8
CUT
10
239.4739
20
202.8280
0
VERTEX
8
CUT
10
239.4803
20
202.7976
0
VERTEX
8
CUT
10
239.4830
20
202.7846
0
VERTEX
8
CUT
10
239.4861
20
202.7687
0
VERTEX
8
CUT
10
239.4886
20
202.7556
0
VERTEX
8
CUT
10
239.4941
20
202.7251
0
VERTEX
8
CUT
10
239.4964
20
202.7119
0
VERTEX
8
CUT
10
240.8133
20
194.7845
0
VERTEX
8
CUT
10
240.8153
20
194.7718
0
VERTEX
8
CUT
10
240.8198
20
194.7424
0
VERTEX
8
CUT
10
240.8216
20
194.7297
0
VERTEX
8
CUT
10
240.8238
20
194.7143
0
VERTEX
8
CUT
10
240.8254
20
194.7016
0
VERTEX
8
CUT
10
240.8290
20
194.6720
0
VERTEX
8
CUT
10
240.8305
20
194.6594
0
VERTEX
8
CUT
10
240.8321
20
194.6448
0
VERTEX
8
CUT
10
240.8334
20
194.6320
0
VERTEX
8
CUT
10
240.8361
20
194.6024
0
VERTEX
8
CUT
10
240.8373
20
194.5896
0
VERTEX
8
CUT
10
240.8385
20
194.5741
0
VERTEX
8
CUT
10
240.8394
20
194.5614
0
VERTEX
8
CUT
10
240.8414
20
194.5316
0
VERTEX
8
CUT
10
240.8421
20
194.5189
0
VERTEX
8
CUT
10
241.2465
20
186.6074
0
VERTEX
8
CUT
10
241.2477
20
186.5631
0
VERTEX
8
CUT
10
241.2478
20
186.4820
0
VERTEX
8
CUT
10
241.2436
20
186.3935
0
VERTEX
8
CUT
10
241.2380
20
186.3348
0
VERTEX
8
CUT
10
241.2251
20
186.2472
0
VERTEX
8
CUT
10
241.2137
20
186.1894
0
VERTEX
8
CUT
10
241.1922
20
186.1034
0
VERTEX
8
CUT
10
241.1752
20
186.0470
0
VERTEX
8
CUT
10
241.1454
20
185.9636
0
VERTEX
8
CUT
10
241.1229
20
185.9091
0
VERTEX
8
CUT
10
241.0851
20
185.8290
0
VERTEX
8
CUT
10
241.0573
20
185.7770
0
VERTEX
8
CUT
10
241.0118
20
185.7010
0
VERTEX
8
CUT
10
240.9791
20
185.6520
0
VERTEX
8
CUT
10
240.9263
20
185.5809
0
VERTEX
8
CUT
10
240.8889
20
185.5353
0
VERTEX
8
CUT
10
240.8294
20
185.4697
0
VERTEX
8
CUT
10
240.7877
20
185.4280
0
VERTEX
8
CUT
10
240.7221
20
185.3686
0
VERTEX
8
CUT
10
240.6764
20
185.3312
0
VERTEX
8
CUT
10
240.6053
20
185.2785
0
VERTEX
8
CUT
10
240.5562
20
185.2458
0
VERTEX
8
CUT
10
240.4802
20
185.2004
0
VERTEX
8
CUT
10
240.4282
20
185.1727
0
VERTEX
8
CUT
10
240.3481
20
185.1349
0
VERTEX
8
CUT
10
240.2936
20
185.1124
0
VERTEX
8
CUT
10
240.2101
20
185.0827
0
VERTEX
8
CUT
10
240.1537
20
185.0657
0
VERTEX
8
CUT
10
240.0677
20
185.0444
0
VERTEX
8
CUT
10
240.0099
20
185.0330
0
VERTEX
8
CUT
10
239.9223
20
185.0202
0
VERTEX
8
CUT
10
239.8636
20
185.0145
0
VERTEX
8
CUT
10
239.7751
20
185.0104
0
VERTEX
8
CUT
10
239.7161
20
185.0106
0
VERTEX
8
CUT
10
239.6277
20
185.0152
0
VERTEX
8
CUT
10
239.5691
20
185.0211
0
VERTEX
8
CUT
10
239.4815
20
185.0344
0
VERTEX
8
CUT
10
239.4237
20
185.0461
0
VERTEX
8
CUT
10
239.3379
20
185.0679
0
VERTEX
8
CUT
10
239.2815
20
185.0852
0
VERTEX
8
CUT
10
239.1982
20
185.1153
0
VERTEX
8
CUT
10
239.1439
20
185.1381
0
VERTEX
8
CUT
10
239.0640
20
185.1763
0
VERTEX
8
CUT
10
239.0121
20
185.2043
0
VERTEX
8
CUT
10
238.9363
20
185.2501
0
VERTEX
8
CUT
10
238.8874
20
185.2831
0
VERTEX
8
CUT
10
238.8165
20
185.3362
0
VERTEX
8
CUT
10
238.7711
20
185.3738
0
VERTEX
8
CUT
10
238.7058
20
185.4336
0
VERTEX
8
CUT
10
238.6643
20
185.4755
0
VERTEX
8
CUT
10
238.6052
20
185.5414
0
VERTEX
8
CUT
10
238.5680
20
185.5871
0
VERTEX
8
CUT
10
238.5156
20
185.6586
0
VERTEX
8
CUT
10
238.4831
20
185.7078
0
VERTEX
8
CUT
10
238.4380
20
185.7840
0
VERTEX
8
CUT
10
238.4105
20
185.8361
0
VERTEX
8
CUT
10
238.3732
20
185.9164
0
VERTEX
8
CUT
10
238.3426
20
185.9916
0
VERTEX
8
CUT
10
238.3269
20
186.0330
0
VERTEX
8
CUT
10
237.0914
20
189.5542
0
VERTEX
8
CUT
10
237.0870
20
189.5662
0
VERTEX
8
CUT
10
237.0580
20
189.6438
0
VERTEX
8
CUT
10
237.0533
20
189.6557
0
VERTEX
8
CUT
10
237.0147
20
189.7524
0
VERTEX
8
CUT
10
237.0099
20
189.7642
0
VERTEX
8
CUT
10
236.9775
20
189.8405
0
VERTEX
8
CUT
10
236.9724
20
189.8522
0
VERTEX
8
CUT
10
235.1078
20
194.0002
0
VERTEX
8
CUT
10
235.1021
20
194.0123
0
VERTEX
8
CUT
10
235.0647
20
194.0909
0
VERTEX
8
CUT
10
235.0588
20
194.1030
0
VERTEX
8
CUT
10
235.0096
20
194.2006
0
VERTEX
8
CUT
10
235.0034
20
194.2125
0
VERTEX
8
CUT
10
234.9625
20
194.2893
0
VERTEX
8
CUT
10
234.9560
20
194.3010
0
VERTEX
8
CUT
10
232.7286
20
198.2667
0
VERTEX
8
CUT
10
232.7226
20
198.2772
0
VERTEX
8
CUT
10
232.6827
20
198.3449
0
VERTEX
8
CUT
10
232.6765
20
198.3553
0
VERTEX
8
CUT
10
232.6247
20
198.4393
0
VERTEX
8
CUT
10
232.6183
20
198.4495
0
VERTEX
8
CUT
10
232.5758
20
198.5155
0
VERTEX
8
CUT
10
232.5691
20
198.5256
0
VERTEX
8
CUT
10
230.0006
20
202.3424
0
VERTEX
8
CUT
10
229.9928
20
202.3536
0
VERTEX
8
CUT
10
229.9416
20
202.4261
0
VERTEX
8
CUT
10
229.9336
20
202.4371
0
VERTEX
8
CUT
10
229.8673
20
202.5266
0
VERTEX
8
CUT
10
229.8591
20
202.5375
0
VERTEX
8
CUT
10
229.8046
20
202.6075
0
VERTEX
8
CUT
10
229.7961
20
202.6182
0
VERTEX
8
CUT
10
226.8215
20
206.2717
0
VERTEX
8
CUT
10
226.8135
20
206.2813
0
VERTEX
8
CUT
10
226.7610
20
206.3431
0
VERTEX
8
CUT
10
226.7528
20
206.3525
0
VERTEX
8
CUT
10
226.6853
20
206.4287
0
VERTEX
8
CUT
10
226.6770
20
206.4379
0
VERTEX
8
CUT
10
226.6220
20
206.4975
0
VERTEX
8
CUT
10
226.6134
20
206.5066
0
VERTEX
8
CUT
10
223.2425
20
210.0074
0
VERTEX
8
CUT
10
223.2351
20
210.0149
0
VERTEX
8
CUT
10
223.1837
20
210.0664
0
VERTEX
8
CUT
10
223.1757
20
210.0743
0
VERTEX
8
CUT
10
223.1105
20
210.1374
0
VERTEX
8
CUT
10
223.1025
20
210.1449
0
VERTEX
8
CUT
10
223.0500
20
210.1938
0
VERTEX
8
CUT
10
223.0413
20
210.2017
0
VERTEX
8
CUT
10
219.2894
20
213.5607
0
VERTEX
8
CUT
10
219.2823
20
213.5669
0
VERTEX
8
CUT
10
219.2329
20
213.6099
0
VERTEX
8
CUT
10
219.2252
20
213.6164
0
VERTEX
8
CUT
10
219.1626
20
213.6689
0
VERTEX
8
CUT
10
219.1549
20
213.6752
0
VERTEX
8
CUT
10
219.1048
20
213.7158
0
VERTEX
8
CUT
10
219.0965
20
213.7224
0
VERTEX
8
CUT
10
214.1984
20
217.5513
0
VERTEX
8
CUT
10
214.1920
20
217.5562
0
VERTEX
8
CUT
10
214.1476
20
217.5900
0
VERTEX
8
CUT
10
214.1407
20
217.5951
0
VERTEX
8
CUT
10
214.0847
20
217.6364
0
VERTEX
8
CUT
10
214.0779
20
217.6414
0
VERTEX
8
CUT
10
214.0332
20
217.6734
0
VERTEX
8
CUT
10
214.0259
20
217.6786
0
VERTEX
8
CUT
10
210.0867
20
220.4123
0
VERTEX
8
CUT
10
210.0823
20
220.4153
0
VERTEX
8
CUT
10
210.0518
20
220.4361
0
VERTEX
8
CUT
10
210.0471
20
220.4392
0
VERTEX
8
CUT
10
210.0089
20
220.4647
0
VERTEX
8
CUT
10
210.0042
20
220.4678
0
VERTEX
8
CUT
10
209.9739
20
220.4877
0
VERTEX
8
CUT
10
209.9689
20
220.4909
0
VERTEX
8
CUT
10
192.2193
20
231.8464
0
VERTEX
8
CUT
10
192.2091
20
231.8530
0
VERTEX
8
CUT
10
192.2003
20
231.8587
0
VERTEX
8
CUT
10
192.1943
20
231.8626
0
VERTEX
8
CUT
10
192.1801
20
231.8720
0
VERTEX
8
CUT
10
192.1740
20
231.8761
0
VERTEX
8
CUT
10
188.6669
20
234.2413
0
VERTEX
8
CUT
10
188.6632
20
234.2439
0
VERTEX
8
CUT
10
188.6544
20
234.2499
0
VERTEX
8
CUT
10
188.6507
20
234.2524
0
VERTEX
8
CUT
10
188.6419
20
234.2585
0
VERTEX
8
CUT
10
188.6373
20
234.2617
0
VERTEX
8
CUT
10
188.6267
20
234.2691
0
VERTEX
8
CUT
10
188.6221
20
234.2723
0
VERTEX
8
CUT
10
188.6169
20
234.2760
0
VERTEX
8
CUT
10
188.6124
20
234.2792
0
VERTEX
8
CUT
10
188.6018
20
234.2868
0
VERTEX
8
CUT
10
188.5979
20
234.2896
0
VERTEX
8
CUT
10
188.5894
20
234.2958
0
VERTEX
8
CUT
10
188.5774
20
234.3047
0
VERTEX
8
CUT
10
188.5721
20
234.3086
0
VERTEX
8
CUT
10
182.8512
20
238.5928
0
VERTEX
8
CUT
10
182.8460
20
238.5967
0
VERTEX
8
CUT
10
182.8340
20
238.6059
0
VERTEX
8
CUT
10
182.8288
20
238.6098
0
VERTEX
8
CUT
10
182.8166
20
238.6193
0
VERTEX
8
CUT
10
182.8103
20
238.6242
0
VERTEX
8
CUT
10
182.7957
20
238.6356
0
VERTEX
8
CUT
10
182.7894
20
238.6406
0
VERTEX
8
CUT
10
182.7823
20
238.6463
0
VERTEX
8
CUT
10
182.7760
20
238.6513
0
VERTEX
8
CUT
10
182.7616
20
238.6631
0
VERTEX
8
CUT
10
182.7554
20
238.6682
0
VERTEX
8
CUT
10
182.7523
20
238.6707
0
VERTEX
8
CUT
10
182.7451
20
238.6768
0
VERTEX
8
CUT
10
182.7283
20
238.6911
0
VERTEX
8
CUT
10
182.7211
20
238.6972
0
VERTEX
8
CUT
10
177.9036
20
242.8685
0
VERTEX
8
CUT
10
177.8989
20
242.8726
0
VERTEX
8
CUT
10
177.8879
20
242.8823
0
VERTEX
8
CUT
10
177.8832
20
242.8864
0
VERTEX
8
CUT
10
177.8720
20
242.8964
0
VERTEX
8
CUT
10
177.8663
20
242.9015
0
VERTEX
8
CUT
10
177.8530
20
242.9136
0
VERTEX
8
CUT
10
177.8473
20
242.9188
0
VERTEX
8
CUT
10
177.8407
20
242.9248
0
VERTEX
8
CUT
10
177.8351
20
242.9300
0
VERTEX
8
CUT
10
177.8219
20
242.9424
0
VERTEX
8
CUT
10
177.8163
20
242.9477
0
VERTEX
8
CUT
10
177.8135
20
242.9504
0
VERTEX
8
CUT
10
177.8069
20
242.9567
0
VERTEX
8
CUT
10
177.7917
20
242.9716
0
VERTEX
8
CUT
10
177.7851
20
242.9780
0
VERTEX
8
CUT
10
173.4661
20
247.2692
0
VERTEX
8
CUT
10
173.4621
20
247.2733
0
VERTEX
8
CUT
10
173.4527
20
247.2827
0
VERTEX
8
CUT
10
173.4487
20
247.2868
0
VERTEX
8
CUT
10
173.4392
20
247.2965
0
VERTEX
8
CUT
10
173.4343
20
247.3015
0
VERTEX
8
CUT
10
173.4230
20
247.3132
0
VERTEX
8
CUT
10
173.4181
20
247.3183
0
VERTEX
8
CUT
10
173.4125
20
247.3242
0
VERTEX
8
CUT
10
173.4077
20
247.3293
0
VERTEX
8
CUT
10
173.3965
20
247.3412
0
VERTEX
8
CUT
10
173.3918
20
247.3464
0
VERTEX
8
CUT
10
173.3894
20
247.3490
0
VERTEX
8
CUT
10
173.3838
20
247.3551
0
VERTEX
8
CUT
10
173.3707
20
247.3695
0
VERTEX
8
CUT
10
173.3652
20
247.3757
0
VERTEX
8
CUT
10
169.9670
20
251.2011
0
VERTEX
8
CUT
10
169.9623
20
251.2065
0
VERTEX
8
CUT
10
169.9513
20
251.2191
0
VERTEX
8
CUT
10
169.9466
20
251.2245
0
VERTEX
8
CUT
10
169.9355
20
251.2374
0
VERTEX
8
CUT
10
169.9298
20
251.2441
0
VERTEX
8
CUT
10
169.9166
20
251.2597
0
VERTEX
8
CUT
10
169.9110
20
251.2664
0
VERTEX
8
CUT
10
169.9045
20
251.2742
0
VERTEX
8
CUT
10
169.8989
20
251.2811
0
VERTEX
8
CUT
10
169.8860
20
251.2970
0
VERTEX
8
CUT
10
169.8805
20
251.3039
0
VERTEX
8
CUT
10
169.8777
20
251.3074
0
VERTEX
8
CUT
10
169.8713
20
251.3156
0
VERTEX
8
CUT
10
169.8564
20
251.3347
0
VERTEX
8
CUT
10
169.8501
20
251.3430
0
VERTEX
8
CUT
10
167.0380
20
255.0557
0
VERTEX
8
CUT
10
167.0317
20
255.0642
0
VERTEX
8
CUT
10
167.0171
20
255.0840
0
VERTEX
8
CUT
10
167.0109
20
255.0925
0
VERTEX
8
CUT
10
167.0034
20
255.1028
0
VERTEX
8
CUT
10
166.9973
20
255.1113
0
VERTEX
8
CUT
10
166.9833
20
255.1313
0
VERTEX
8
CUT
10
166.9773
20
255.1399
0
VERTEX
8
CUT
10
166.9704
20
255.1499
0
VERTEX
8
CUT
10
166.9645
20
255.1586
0
VERTEX
8
CUT
10
166.9509
20
255.1790
0
VERTEX
8
CUT
10
166.9451
20
255.1877
0
VERTEX
8
CUT
10
166.9381
20
255.1985
0
VERTEX
8
CUT
10
166.9324
20
255.2073
0
VERTEX
8
CUT
10
166.9193
20
255.2280
0
VERTEX
8
CUT
10
166.9137
20
255.2368
0
VERTEX
8
CUT
10
164.5986
20
258.9723
0
VERTEX
8
CUT
10
164.5924
20
258.9825
0
VERTEX
8
CUT
10
164.5780
20
259.0064
0
VERTEX
8
CUT
10
164.5719
20
259.0167
0
VERTEX
8
CUT
10
164.5645
20
259.0293
0
VERTEX
8
CUT
10
164.5586
20
259.0397
0
VERTEX
8
CUT
10
164.5448
20
259.0639
0
VERTEX
8
CUT
10
164.5390
20
259.0744
0
VERTEX
8
CUT
10
164.5324
20
259.0864
0
VERTEX
8
CUT
10
164.5267
20
259.0970
0
VERTEX
8
CUT
10
164.5136
20
259.1216
0
VERTEX
8
CUT
10
164.5081
20
259.1322
0
VERTEX
8
CUT
10
164.5014
20
259.1452
0
VERTEX
8
CUT
10
164.4960
20
259.1558
0
VERTEX
8
CUT
10
164.4836
20
259.1808
0
VERTEX
8
CUT
10
164.4783
20
259.1916
0
VERTEX
8
CUT
10
162.0470
20
264.2436
0
VERTEX
8
CUT
10
162.0417
20
264.2547
0
VERTEX
8
CUT
10
162.0296
20
264.2808
0
VERTEX
8
CUT
10
162.0245
20
264.2921
0
VERTEX
8
CUT
10
162.0183
20
264.3058
0
VERTEX
8
CUT
10
162.0133
20
264.3171
0
VERTEX
8
CUT
10
162.0019
20
264.3435
0
VERTEX
8
CUT
10
161.9971
20
264.3549
0
VERTEX
8
CUT
10
161.9917
20
264.3679
0
VERTEX
8
CUT
10
161.9870
20
264.3794
0
VERTEX
8
CUT
10
161.9764
20
264.4061
0
VERTEX
8
CUT
10
161.9719
20
264.4176
0
VERTEX
8
CUT
10
161.9665
20
264.4316
0
VERTEX
8
CUT
10
161.9621
20
264.4432
0
VERTEX
8
CUT
10
161.9522
20
264.4702
0
VERTEX
8
CUT
10
161.9480
20
264.4818
0
VERTEX
8
CUT
10
160.8653
20
267.5533
0
VERTEX
8
CUT
10
160.8622
20
267.5622
0
VERTEX
8
CUT
10
160.8550
20
267.5831
0
VERTEX
8
CUT
10
160.8520
20
267.5921
0
VERTEX
8
CUT
10
160.8484
20
267.6030
0
VERTEX
8
CUT
10
160.8455
20
267.6120
0
VERTEX
8
CUT
10
160.8388
20
267.6331
0
VERTEX
8
CUT
10
160.8360
20
267.6421
0
VERTEX
8
CUT
10
160.8328
20
267.6525
0
VERTEX
8
CUT
10
160.8301
20
267.6616
0
VERTEX
8
CUT
10
160.8239
20
267.6828
0
VERTEX
8
CUT
10
160.8213
20
267.6918
0
VERTEX
8
CUT
10
160.8181
20
267.7030
0
VERTEX
8
CUT
10
160.8156
20
267.7121
0
VERTEX
8
CUT
10
160.8098
20
267.7334
0
VERTEX
8
CUT
10
160.8074
20
267.7425
0
VERTEX
8
CUT
10
160.0109
20
270.8001
0
VERTEX
8
CUT
10
160.0084
20
270.8097
0
VERTEX
8
CUT
10
160.0029
20
270.8320
0
VERTEX
8
CUT
10
160.0005
20
270.8417
0
VERTEX
8
CUT
10
159.9977
20
270.8534
0
VERTEX
8
CUT
10
159.9955
20
270.8630
0
VERTEX
8
CUT
10
159.9904
20
270.8855
0
VERTEX
8
CUT
10
159.9883
20
270.8952
0
VERTEX
8
CUT
10
159.9859
20
270.9063
0
VERTEX
8
CUT
10
159.9839
20
270.9160
0
VERTEX
8
CUT
10
159.9793
20
270.9386
0
VERTEX
8
CUT
10
159.9774
20
270.9483
0
VERTEX
8
CUT
10
159.9751
20
270.9602
0
VERTEX
8
CUT
10
159.9733
20
270.9699
0
VERTEX
8
CUT
10
159.9693
20
270.9926
0
VERTEX
8
CUT
10
159.9676
20
271.0024
0
VERTEX
8
CUT
10
159.4493
20
274.0779
0
VERTEX
8
CUT
10
159.4477
20
274.0880
0
VERTEX
8
CUT
10
159.4440
20
274.1115
0
VERTEX
8
CUT
10
159.4424
20
274.1216
0
VERTEX
8
CUT
10
159.4406
20
274.1340
0
VERTEX
8
CUT
10
159.4392
20
274.1441
0
VERTEX
8
CUT
10
159.4361
20
274.1677
0
VERTEX
8
CUT
10
159.4348
20
274.1779
0
VERTEX
8
CUT
10
159.4333
20
274.1896
0
VERTEX
8
CUT
10
159.4322
20
274.1997
0
VERTEX
8
CUT
10
159.4295
20
274.2234
0
VERTEX
8
CUT
10
159.4285
20
274.2336
0
VERTEX
8
CUT
10
159.4272
20
274.2460
0
VERTEX
8
CUT
10
159.4263
20
274.2562
0
VERTEX
8
CUT
10
159.4242
20
274.2799
0
VERTEX
8
CUT
10
159.4234
20
274.2901
0
VERTEX
8
CUT
10
159.3572
20
275.1585
0
VERTEX
8
CUT
10
159.3522
20
275.2236
0
VERTEX
8
CUT
10
159.3509
20
275.2380
0
VERTEX
8
CUT
10
159.3415
20
275.3318
0
VERTEX
8
CUT
10
159.3399
20
275.3463
0
VERTEX
8
CUT
10
159.3328
20
275.4025
0
VERTEX
8
CUT
10
159.3285
20
275.4312
0
VERTEX
8
CUT
10
159.2966
20
275.6143
0
VERTEX
8
CUT
10
159.2839
20
275.6709
0
VERTEX
8
CUT
10
159.2350
20
275.8476
0
VERTEX
8
CUT
10
159.2169
20
275.9027
0
VERTEX
8
CUT
10
159.1512
20
276.0740
0
VERTEX
8
CUT
10
159.1279
20
276.1270
0
VERTEX
8
CUT
10
159.0460
20
276.2911
0
VERTEX
8
CUT
10
159.0176
20
276.3417
0
VERTEX
8
CUT
10
158.9203
20
276.4971
0
VERTEX
8
CUT
10
158.8871
20
276.5447
0
VERTEX
8
CUT
10
158.7752
20
276.6900
0
VERTEX
8
CUT
10
158.7377
20
276.7342
0
VERTEX
8
CUT
10
158.6123
20
276.8680
0
VERTEX
8
CUT
10
158.5706
20
276.9083
0
VERTEX
8
CUT
10
158.4329
20
277.0294
0
VERTEX
8
CUT
10
158.3875
20
277.0655
0
VERTEX
8
CUT
10
158.2387
20
277.1727
0
VERTEX
8
CUT
10
158.1901
20
277.2043
0
VERTEX
8
CUT
10
158.0316
20
277.2966
0
VERTEX
8
CUT
10
157.9802
20
277.3234
0
VERTEX
8
CUT
10
157.8135
20
277.4000
0
VERTEX
8
CUT
10
157.7597
20
277.4216
0
VERTEX
8
CUT
10
157.5865
20
277.4818
0
VERTEX
8
CUT
10
157.5309
20
277.4982
0
VERTEX
8
CUT
10
157.3526
20
277.5413
0
VERTEX
8
CUT
10
157.2957
20
277.5522
0
VERTEX
8
CUT
10
157.1141
20
277.5779
0
VERTEX
8
CUT
10
157.0564
20
277.5833
0
VERTEX
8
CUT
10
156.8732
20
277.5914
0
VERTEX
8
CUT
10
156.8152
20
277.5911
0
VERTEX
8
CUT
10
156.6320
20
277.5815
0
VERTEX
8
CUT
10
156.5743
20
277.5757
0
VERTEX
8
CUT
10
156.3930
20
277.5484
0
VERTEX
8
CUT
10
156.3361
20
277.5370
0
VERTEX
8
CUT
10
156.1583
20
277.4923
0
VERTEX
8
CUT
10
156.1028
20
277.4755
0
VERTEX
8
CUT
10
155.9300
20
277.4139
0
VERTEX
8
CUT
10
155.8764
20
277.3918
0
VERTEX
8
CUT
10
155.7105
20
277.3138
0
VERTEX
8
CUT
10
155.6592
20
277.2866
0
VERTEX
8
CUT
10
155.5016
20
277.1929
0
VERTEX
8
CUT
10
155.4532
20
277.1609
0
VERTEX
8
CUT
10
155.3053
20
277.0524
0
VERTEX
8
CUT
10
155.2603
20
277.0159
0
VERTEX
8
CUT
10
155.1236
20
276.8937
0
VERTEX
8
CUT
10
155.0823
20
276.8530
0
VERTEX
8
CUT
10
154.9580
20
276.7181
0
VERTEX
8
CUT
10
154.9208
20
276.6736
0
VERTEX
8
CUT
10
154.8101
20
276.5274
0
VERTEX
8
CUT
10
154.7774
20
276.4795
0
VERTEX
8
CUT
10
154.6814
20
276.3233
0
VERTEX
8
CUT
10
154.6534
20
276.2725
0
VERTEX
8
CUT
10
154.5730
20
276.1077
0
VERTEX
8
CUT
10
154.5500
20
276.0544
0
VERTEX
8
CUT
10
154.4849
20
275.8803
0
VERTEX
8
CUT
10
154.4755
20
275.8529
0
VERTEX
8
CUT
10
154.4582
20
275.7989
0
VERTEX
8
CUT
10
154.4540
20
275.7850
0
VERTEX
8
CUT
10
154.4274
20
275.6946
0
VERTEX
8
CUT
10
154.4235
20
275.6806
0
VERTEX
8
CUT
10
154.2723
20
275.1143
0
VERTEX
8
CUT
10
154.2688
20
275.1008
0
VERTEX
8
CUT
10
154.2474
20
275.0125
0
VERTEX
8
CUT
10
154.2443
20
274.9989
0
VERTEX
8
CUT
10
154.2200
20
274.8874
0
VERTEX
8
CUT
10
154.2172
20
274.8738
0
VERTEX
8
CUT
10
154.2000
20
274.7846
0
VERTEX
8
CUT
10
154.1975
20
274.7708
0
VERTEX
8
CUT
10
153.3087
20
269.5255
0
VERTEX
8
CUT
10
153.3066
20
269.5121
0
VERTEX
8
CUT
10
153.2938
20
269.4247
0
VERTEX
8
CUT
10
153.2920
20
269.4113
0
VERTEX
8
CUT
10
153.2855
20
269.3586
0
VERTEX
8
CUT
10
153.2828
20
269.3316
0
VERTEX
8
CUT
10
153.2692
20
269.1555
0
VERTEX
8
CUT
10
153.2677
20
269.1284
0
VERTEX
8
CUT
10
153.2660
20
269.0754
0
VERTEX
8
CUT
10
153.2657
20
269.0618
0
VERTEX
8
CUT
10
153.2649
20
268.9735
0
VERTEX
8
CUT
10
153.2649
20
268.9599
0
VERTEX
8
CUT
10
153.2652
20
268.9393
0
VERTEX
8
CUT
10
153.3671
20
261.2949
0
VERTEX
8
CUT
10
153.3677
20
261.2755
0
VERTEX
8
CUT
10
153.3734
20
261.1498
0
VERTEX
8
CUT
10
153.3746
20
261.1305
0
VERTEX
8
CUT
10
153.3869
20
260.9731
0
VERTEX
8
CUT
10
153.3887
20
260.9539
0
VERTEX
8
CUT
10
153.4026
20
260.8288
0
VERTEX
8
CUT
10
153.4050
20
260.8096
0
VERTEX
8
CUT
10
153.8902
20
257.4256
0
VERTEX
8
CUT
10
153.8918
20
257.4148
0
VERTEX
8
CUT
10
153.9040
20
257.3394
0
VERTEX
8
CUT
10
153.9060
20
257.3282
0
VERTEX
8
CUT
10
153.9149
20
257.2789
0
VERTEX
8
CUT
10
153.9197
20
257.2553
0
VERTEX
8
CUT
10
153.9525
20
257.1085
0
VERTEX
8
CUT
10
153.9580
20
257.0860
0
VERTEX
8
CUT
10
153.9683
20
257.0470
0
VERTEX
8
CUT
10
153.9712
20
257.0365
0
VERTEX
8
CUT
10
153.9918
20
256.9639
0
VERTEX
8
CUT
10
153.9952
20
256.9521
0
VERTEX
8
CUT
10
155.6984
20
251.3905
0
VERTEX
8
CUT
10
155.7040
20
251.3730
0
VERTEX
8
CUT
10
155.7426
20
251.2597
0
VERTEX
8
CUT
10
155.7488
20
251.2424
0
VERTEX
8
CUT
10
155.8015
20
251.1018
0
VERTEX
8
CUT
10
155.8082
20
251.0847
0
VERTEX
8
CUT
10
155.8536
20
250.9740
0
VERTEX
8
CUT
10
155.8608
20
250.9570
0
VERTEX
8
CUT
10
157.9547
20
246.2674
0
VERTEX
8
CUT
10
157.9629
20
246.2497
0
VERTEX
8
CUT
10
158.0183
20
246.1358
0
VERTEX
8
CUT
10
158.0271
20
246.1184
0
VERTEX
8
CUT
10
158.1012
20
245.9777
0
VERTEX
8
CUT
10
158.1106
20
245.9606
0
VERTEX
8
CUT
10
158.1732
20
245.8505
0
VERTEX
8
CUT
10
158.1832
20
245.8337
0
VERTEX
8
CUT
10
160.3389
20
242.3170
0
VERTEX
8
CUT
10
160.3479
20
242.3028
0
VERTEX
8
CUT
10
160.4074
20
242.2116
0
VERTEX
8
CUT
10
160.4167
20
242.1976
0
VERTEX
8
CUT
10
160.4946
20
242.0852
0
VERTEX
8
CUT
10
160.5043
20
242.0716
0
VERTEX
8
CUT
10
160.5689
20
241.9838
0
VERTEX
8
CUT
10
160.5790
20
241.9704
0
VERTEX
8
CUT
10
163.3289
20
238.4395
0
VERTEX
8
CUT
10
163.3388
20
238.4272
0
VERTEX
8
CUT
10
163.4038
20
238.3481
0
VERTEX
8
CUT
10
163.4140
20
238.3360
0
VERTEX
8
CUT
10
163.4981
20
238.2389
0
VERTEX
8
CUT
10
163.5086
20
238.2272
0
VERTEX
8
CUT
10
163.5777
20
238.1516
0
VERTEX
8
CUT
10
163.5885
20
238.1401
0
VERTEX
8
CUT
10
169.1152
20
232.4030
0
VERTEX
8
CUT
10
169.1252
20
232.3929
0
VERTEX
8
CUT
10
169.1909
20
232.3278
0
VERTEX
8
CUT
10
169.2011
20
232.3179
0
VERTEX
8
CUT
10
169.2856
20
232.2382
0
VERTEX
8
CUT
10
169.2960
20
232.2286
0
VERTEX
8
CUT
10
169.3648
20
232.1667
0
VERTEX
8
CUT
10
169.3754
20
232.1573
0
VERTEX
8
CUT
10
173.2150
20
228.8623
0
VERTEX
8
CUT
10
173.2232
20
228.8555
0
VERTEX
8
CUT
10
173.2804
20
228.8081
0
VERTEX
8
CUT
10
173.2892
20
228.8009
0
VERTEX
8
CUT
10
173.3616
20
228.7433
0
VERTEX
8
CUT
10
173.3705
20
228.7364
0
VERTEX
8
CUT
10
173.4285
20
228.6919
0
VERTEX
8
CUT
10
173.4381
20
228.6847
0
VERTEX
8
CUT
10
177.6940
20
225.5578
0
VERTEX
8
CUT
10
177.7010
20
225.5528
0
VERTEX
8
CUT
10
177.7494
20
225.5182
0
VERTEX
8
CUT
10
177.7569
20
225.5130
0
VERTEX
8
CUT
10
177.8179
20
225.4709
0
VERTEX
8
CUT
10
177.8254
20
225.4658
0
VERTEX
8
CUT
10
177.8741
20
225.4332
0
VERTEX
8
CUT
10
177.8821
20
225.4280
0
VERTEX
8
CUT
10
180.3107
20
223.8606
0
VERTEX
8
CUT
10
180.3150
20
223.8579
0
VERTEX
8
CUT
10
180.3446
20
223.8392
0
VERTEX
8
CUT
10
180.3491
20
223.8363
0
VERTEX
8
CUT
10
180.3863
20
223.8133
0
VERTEX
8
CUT
10
180.3908
20
223.8105
0
VERTEX
8
CUT
10
180.4202
20
223.7925
0
VERTEX
8
CUT
10
180.4251
20
223.7896
0
VERTEX
8
CUT
10
188.3629
20
219.0592
0
VERTEX
8
CUT
10
188.3680
20
219.0562
0
VERTEX
8
CUT
10
188.4040
20
219.0352
0
VERTEX
8
CUT
10
188.4095
20
219.0320
0
VERTEX
8
CUT
10
188.4546
20
219.0064
0
VERTEX
8
CUT
10
188.4601
20
219.0033
0
VERTEX
8
CUT
10
188.4960
20
218.9835
0
VERTEX
8
CUT
10
188.5019
20
218.9802
0
VERTEX
8
CUT
10
197.3906
20
214.1810
0
VERTEX
8
CUT
10
197.3961
20
214.1780
0
VERTEX
8
CUT
10
197.4090
20
214.1709
0
VERTEX
8
CUT
10
197.4146
20
214.1679
0
VERTEX
8
CUT
10
197.4278
20
214.1605
0
VERTEX
8
CUT
10
197.4345
20
214.1567
0
VERTEX
8
CUT
10
197.4502
20
214.1478
0
VERTEX
8
CUT
10
197.4570
20
214.1439
0
VERTEX
8
CUT
10
197.4647
20
214.1394
0
VERTEX
8
CUT
10
197.4714
20
214.1354
0
VERTEX
8
CUT
10
197.4870
20
214.1262
0
VERTEX
8
CUT
10
197.4937
20
214.1222
0
VERTEX
8
CUT
10
197.4971
20
214.1202
0
VERTEX
8
CUT
10
197.5049
20
214.1154
0
VERTEX
8
CUT
10
197.5232
20
214.1040
0
VERTEX
8
CUT
10
197.5310
20
214.0992
0
VERTEX
8
CUT
10
203.1794
20
210.5256
0
VERTEX
8
CUT
10
203.1880
20
210.5202
0
VERTEX
8
CUT
10
203.1964
20
210.5147
0
VERTEX
8
CUT
10
203.2068
20
210.5080
0
VERTEX
8
CUT
10
203.2135
20
210.5037
0
VERTEX
8
CUT
10
203.2227
20
210.4976
0
VERTEX
8
CUT
10
203.2282
20
210.4940
0
VERTEX
8
CUT
10
203.2400
20
210.4861
0
VERTEX
8
CUT
10
203.2446
20
210.4829
0
VERTEX
8
CUT
10
208.1563
20
207.1456
0
VERTEX
8
CUT
10
208.1647
20
207.1398
0
VERTEX
8
CUT
10
208.1844
20
207.1261
0
VERTEX
8
CUT
10
208.1928
20
207.1202
0
VERTEX
8
CUT
10
208.2029
20
207.1130
0
VERTEX
8
CUT
10
208.2112
20
207.1070
0
VERTEX
8
CUT
10
208.2306
20
207.0929
0
VERTEX
8
CUT
10
208.2388
20
207.0868
0
VERTEX
8
CUT
10
208.2483
20
207.0797
0
VERTEX
8
CUT
10
208.2564
20
207.0735
0
VERTEX
8
CUT
10
208.2754
20
207.0589
0
VERTEX
8
CUT
10
208.2835
20
207.0527
0
VERTEX
8
CUT
10
208.2934
20
207.0449
0
VERTEX
8
CUT
10
208.3014
20
207.0386
0
VERTEX
8
CUT
10
208.3201
20
207.0236
0
VERTEX
8
CUT
10
208.3280
20
207.0171
0
VERTEX
8
CUT
10
211.7666
20
204.1908
0
VERTEX
8
CUT
10
211.7745
20
204.1843
0
VERTEX
8
CUT
10
211.7929
20
204.1688
0
VERTEX
8
CUT
10
211.8007
20
204.1622
0
VERTEX
8
CUT
10
211.8102
20
204.1540
0
VERTEX
8
CUT
10
211.8179
20
204.1472
0
VERTEX
8
CUT
10
211.8359
20
204.1314
0
VERTEX
8
CUT
10
211.8436
20
204.1245
0
VERTEX
8
CUT
10
211.8524
20
204.1166
0
VERTEX
8
CUT
10
211.8600
20
204.1097
0
VERTEX
8
CUT
10
211.8776
20
204.0934
0
VERTEX
8
CUT
10
211.8851
20
204.0864
0
VERTEX
8
CUT
10
211.8942
20
204.0778
0
VERTEX
8
CUT
10
211.9017
20
204.0707
0
VERTEX
8
CUT
10
211.9189
20
204.0541
0
VERTEX
8
CUT
10
211.9263
20
204.0469
0
VERTEX
8
CUT
10
214.0105
20
201.9879
0
VERTEX
8
CUT
10
214.0169
20
201.9816
0
VERTEX
8
CUT
10
214.0317
20
201.9667
0
VERTEX
8
CUT
10
214.0380
20
201.9602
0
VERTEX
8
CUT
10
214.0456
20
201.9523
0
VERTEX
8
CUT
10
214.0519
20
201.9459
0
VERTEX
8
CUT
10
214.0664
20
201.9307
0
VERTEX
8
CUT
10
214.0726
20
201.9241
0
VERTEX
8
CUT
10
214.0796
20
201.9165
0
VERTEX
8
CUT
10
214.0858
20
201.9099
0
VERTEX
8
CUT
10
214.0999
20
201.8944
0
VERTEX
8
CUT
10
214.1060
20
201.8878
0
VERTEX
8
CUT
10
214.1133
20
201.8796
0
VERTEX
8
CUT
10
214.1193
20
201.8729
0
VERTEX
8
CUT
10
214.1332
20
201.8571
0
VERTEX
8
CUT
10
214.1391
20
201.8503
0
VERTEX
8
CUT
10
217.4439
20
198.0168
0
VERTEX
8
CUT
10
217.4533
20
198.0058
0
VERTEX
8
CUT
10
217.4748
20
197.9799
0
VERTEX
8
CUT
10
217.4840
20
197.9688
0
VERTEX
8
CUT
10
217.4950
20
197.9551
0
VERTEX
8
CUT
10
217.5040
20
197.9438
0
VERTEX
8
CUT
10
217.5247
20
197.9173
0
VERTEX
8
CUT
10
217.5335
20
197.9058
0
VERTEX
8
CUT
10
217.5435
20
197.8926
0
VERTEX
8
CUT
10
217.5521
20
197.8811
0
VERTEX
8
CUT
10
217.5720
20
197.8539
0
VERTEX
8
CUT
10
217.5804
20
197.8422
0
VERTEX
8
CUT
10
217.5906
20
197.8278
0
VERTEX
8
CUT
10
217.5988
20
197.8160
0
VERTEX
8
CUT
10
217.6178
20
197.7882
0
VERTEX
8
CUT
10
217.6258
20
197.7762
0
VERTEX
8
CUT
10
220.1931
20
193.8851
0
VERTEX
8
CUT
10
220.1999
20
193.8748
0
VERTEX
8
CUT
10
220.2154
20
193.8506
0
VERTEX
8
CUT
10
220.2219
20
193.8401
0
VERTEX
8
CUT
10
220.2299
20
193.8274
0
VERTEX
8
CUT
10
220.2363
20
193.8169
0
VERTEX
8
CUT
10
220.2511
20
193.7922
0
VERTEX
8
CUT
10
220.2574
20
193.7816
0
VERTEX
8
CUT
10
220.2646
20
193.7694
0
VERTEX
8
CUT
10
220.2707
20
193.7587
0
VERTEX
8
CUT
10
220.2849
20
193.7337
0
VERTEX
8
CUT
10
220.2909
20
193.7229
0
VERTEX
8
CUT
10
220.2981
20
193.7097
0
VERTEX
8
CUT
10
220.3039
20
193.6989
0
VERTEX
8
CUT
10
220.3174
20
193.6735
0
VERTEX
8
CUT
10
220.3231
20
193.6625
0
VERTEX
8
CUT
10
221.2951
20
191.7663
0
VERTEX
8
CUT
10
221.3006
20
191.7555
0
VERTEX
8
CUT
10
221.3131
20
191.7303
0
VERTEX
8
CUT
10
221.3184
20
191.7194
0
VERTEX
8
CUT
10
221.3247
20
191.7061
0
VERTEX
8
CUT
10
221.3299
20
191.6952
0
VERTEX
8
CUT
10
221.3417
20
191.6696
0
VERTEX
8
CUT
10
221.3467
20
191.6586
0
VERTEX
8
CUT
10
221.3524
20
191.6460
0
VERTEX
8
CUT
10
221.3572
20
191.6349
0
VERTEX
8
CUT
10
221.3684
20
191.6090
0
VERTEX
8
CUT
10
221.3731
20
191.5979
0
VERTEX
8
CUT
10
221.3787
20
191.5843
0
VERTEX
8
CUT
10
221.3833
20
191.5731
0
VERTEX
8
CUT
10
221.3937
20
191.5469
0
VERTEX
8
CUT
10
221.3981
20
191.5357
0
VERTEX
8
CUT
10
223.0016
20
187.3561
0
VERTEX
8
CUT
10
223.0056
20
187.3454
0
VERTEX
8
CUT
10
223.0149
20
187.3202
0
VERTEX
8
CUT
10
223.0188
20
187.3094
0
VERTEX
8
CUT
10
223.0235
20
187.2961
0
VERTEX
8
CUT
10
223.0273
20
187.2853
0
VERTEX
8
CUT
10
223.0359
20
187.2599
0
VERTEX
8
CUT
10
223.0396
20
187.2489
0
VERTEX
8
CUT
10
223.0437
20
187.2364
0
VERTEX
8
CUT
10
223.0472
20
187.2254
0
VERTEX
8
CUT
10
223.0552
20
187.1998
0
VERTEX
8
CUT
10
223.0585
20
187.1888
0
VERTEX
8
CUT
10
223.0625
20
187.1753
0
VERTEX
8
CUT
10
223.0657
20
187.1643
0
VERTEX
8
CUT
10
223.0731
20
187.1385
0
VERTEX
8
CUT
10
223.0762
20
187.1274
0
VERTEX
8
CUT
10
223.6625
20
184.9589
0
VERTEX
8
CUT
10
223.6655
20
184.9475
0
VERTEX
8
CUT
10
223.6723
20
184.9210
0
VERTEX
8
CUT
10
223.6751
20
184.9097
0
VERTEX
8
CUT
10
223.6785
20
184.8958
0
VERTEX
8
CUT
10
223.6812
20
184.8844
0
VERTEX
8
CUT
10
223.6873
20
184.8577
0
VERTEX
8
CUT
10
223.6898
20
184.8463
0
VERTEX
8
CUT
10
223.6926
20
184.8331
0
VERTEX
8
CUT
10
223.6950
20
184.8216
0
VERTEX
8
CUT
10
223.7004
20
184.7949
0
VERTEX
8
CUT
10
223.7027
20
184.7834
0
VERTEX
8
CUT
10
223.7053
20
184.7693
0
VERTEX
8
CUT
10
223.7074
20
184.7578
0
VERTEX
8
CUT
10
223.7121
20
184.7308
0
VERTEX
8
CUT
10
223.7141
20
184.7193
0
VERTEX
8
CUT
10
224.1232
20
182.1827
0
VERTEX
8
CUT
10
224.1248
20
182.1728
0
VERTEX
8
CUT
10
224.1282
20
182.1497
0
VERTEX
8
CUT
10
224.1297
20
182.1397
0
VERTEX
8
CUT
10
224.1314
20
182.1276
0
VERTEX
8
CUT
10
224.1327
20
182.1177
0
VERTEX
8
CUT
10
224.1356
20
182.0944
0
VERTEX
8
CUT
10
224.1368
20
182.0845
0
VERTEX
8
CUT
10
224.1382
20
182.0730
0
VERTEX
8
CUT
10
224.1393
20
182.0630
0
VERTEX
8
CUT
10
224.1417
20
182.0398
0
VERTEX
8
CUT
10
224.1427
20
182.0298
0
VERTEX
8
CUT
10
224.1438
20
182.0176
0
VERTEX
8
CUT
10
224.1447
20
182.0076
0
VERTEX
8
CUT
10
224.1466
20
181.9843
0
VERTEX
8
CUT
10
224.1474
20
181.9743
0
VERTEX
8
CUT
10
224.5230
20
176.6769
0
VERTEX
8
CUT
10
224.5791
20
174.5488
0
VERTEX
8
CUT
10
224.5793
20
174.5367
0
VERTEX
8
CUT
10
224.5796
20
174.5204
0
VERTEX
8
CUT
10
224.5789
20
174.4721
0
VERTEX
8
CUT
10
224.5756
20
174.3918
0
VERTEX
8
CUT
10
224.5734
20
174.3562
0
VERTEX
8
CUT
10
224.5699
20
174.3208
0
VERTEX
8
CUT
10
224.5601
20
174.2409
0
VERTEX
8
CUT
10
224.5530
20
174.1932
0
VERTEX
8
CUT
10
224.5502
20
174.1771
0
VERTEX
8
CUT
10
224.5480
20
174.1653
0
VERTEX
8
CUT
10
223.6737
20
169.5761
0
VERTEX
8
CUT
10
223.3278
20
168.2964
0
VERTEX
8
CUT
10
223.2295
20
167.9687
0
VERTEX
8
CUT
10
223.1024
20
167.5448
0
VERTEX
8
CUT
10
222.9237
20
166.9486
0
VERTEX
8
CUT
10
222.4467
20
165.3580
0
VERTEX
8
CUT
10
222.1988
20
164.7062
0
VERTEX
8
CUT
10
221.5718
20
163.3072
0
VERTEX
8
CUT
10
221.4729
20
163.0866
0
VERTEX
8
CUT
10
221.4393
20
163.0116
0
VERTEX
8
CUT
10
220.3717
20
160.6297
0
VERTEX
8
CUT
10
220.3515
20
160.5852
0
VERTEX
8
CUT
10
220.3446
20
160.5703
0
VERTEX
8
CUT
10
220.3281
20
160.5358
0
VERTEX
8
CUT
10
220.3210
20
160.5211
0
VERTEX
8
CUT
10
220.3121
20
160.5033
0
VERTEX
8
CUT
10
220.3047
20
160.4887
0
VERTEX
8
CUT
10
220.2870
20
160.4549
0
VERTEX
8
CUT
10
220.2793
20
160.4405
0
VERTEX
8
CUT
10
220.2704
20
160.4241
0
VERTEX
8
CUT
10
220.2624
20
160.4098
0
VERTEX
8
CUT
10
220.2474
20
160.3834
0
VERTEX
8
CUT
10
220.2230
20
160.3426
0
VERTEX
8
CUT
10
220.2043
20
160.3126
0
VERTEX
8
CUT
10
218.3063
20
157.4049
0
VERTEX
8
CUT
10
216.5219
20
155.0920
0
VERTEX
8
CUT
10
215.2046
20
153.5561
0
VERTEX
8
CUT
10
215.1971
20
153.5476
0
VERTEX
8
CUT
10
215.1796
20
153.5277
0
VERTEX
8
CUT
10
215.1723
20
153.5195
0
VERTEX
8
CUT
10
214.9109
20
153.2599
0
VERTEX
8
CUT
10
212.3000
20
150.7738
0
VERTEX
8
CUT
10
212.2949
20
150.7691
0
VERTEX
8
CUT
10
212.2832
20
150.7580
0
VERTEX
8
CUT
10
212.2781
20
150.7533
0
VERTEX
8
CUT
10
212.2660
20
150.7421
0
VERTEX
8
CUT
10
212.2597
20
150.7364
0
VERTEX
8
CUT
10
212.2451
20
150.7231
0
VERTEX
8
CUT
10
212.2388
20
150.7174
0
VERTEX
8
CUT
10
212.2314
20
150.7109
0
VERTEX
8
CUT
10
212.2251
20
150.7053
0
VERTEX
8
CUT
10
212.2101
20
150.6923
0
VERTEX
8
CUT
10
212.2037
20
150.6867
0
VERTEX
8
CUT
10
212.2003
20
150.6838
0
VERTEX
8
CUT
10
212.1926
20
150.6773
0
VERTEX
8
CUT
10
212.1747
20
150.6623
0
VERTEX
8
CUT
10
212.1670
20
150.6559
0
VERTEX
8
CUT
10
211.8883
20
150.4280
0
VERTEX
8
CUT
10
209.0718
20
148.3228
0
VERTEX
8
CUT
10
208.9281
20
148.2230
0
VERTEX
8
CUT
10
208.9268
20
148.2222
0
VERTEX
8
CUT
10
208.8994
20
148.2048
0
VERTEX
8
CUT
10
208.8876
20
148.1975
0
VERTEX
8
CUT
10
208.8731
20
148.1886
0
VERTEX
8
CUT
10
208.8612
20
148.1815
0
VERTEX
8
CUT
10
208.8333
20
148.1650
0
VERTEX
8
CUT
10
208.8212
20
148.1580
0
VERTEX
8
CUT
10
205.0505
20
146.0076
0
VERTEX
8
CUT
10
205.0392
20
146.0013
0
VERTEX
8
CUT
10
205.0127
20
145.9867
0
VERTEX
8
CUT
10
205.0013
20
145.9805
0
VERTEX
8
CUT
10
204.9874
20
145.9731
0
VERTEX
8
CUT
10
204.9759
20
145.9671
0
VERTEX
8
CUT
10
204.9490
20
145.9532
0
VERTEX
8
CUT
10
204.9375
20
145.9474
0
VERTEX
8
CUT
10
204.9241
20
145.9408
0
VERTEX
8
CUT
10
204.9125
20
145.9351
0
VERTEX
8
CUT
10
204.8852
20
145.9220
0
VERTEX
8
CUT
10
204.8735
20
145.9165
0
VERTEX
8
CUT
10
204.8591
20
145.9099
0
VERTEX
8
CUT
10
204.8473
20
145.9046
0
VERTEX
8
CUT
10
204.8197
20
145.8923
0
VERTEX
8
CUT
10
204.8078
20
145.8871
0
VERTEX
8
CUT
10
200.7492
20
144.1564
0
VERTEX
8
CUT
10
200.7362
20
144.1510
0
VERTEX
8
CUT
10
200.7059
20
144.1386
0
VERTEX
8
CUT
10
200.6928
20
144.1334
0
VERTEX
8
CUT
10
200.6768
20
144.1271
0
VERTEX
8
CUT
10
200.6637
20
144.1221
0
VERTEX
8
CUT
10
200.6329
20
144.1107
0
VERTEX
8
CUT
10
200.6197
20
144.1059
0
VERTEX
8
CUT
10
200.6045
20
144.1005
0
VERTEX
8
CUT
10
200.5912
20
144.0959
0
VERTEX
8
CUT
10
200.5601
20
144.0854
0
VERTEX
8
CUT
10
200.5468
20
144.0810
0
VERTEX
8
CUT
10
200.5305
20
144.0758
0
VERTEX
8
CUT
10
200.5170
20
144.0717
0
VERTEX
8
CUT
10
200.4856
20
144.0622
0
VERTEX
8
CUT
10
200.4721
20
144.0582
0
VERTEX
8
CUT
10
196.1330
20
142.8192
0
VERTEX
8
CUT
10
196.1214
20
142.8160
0
VERTEX
8
CUT
10
196.0944
20
142.8087
0
VERTEX
8
CUT
10
196.0828
20
142.8057
0
VERTEX
8
CUT
10
196.0687
20
142.8020
0
VERTEX
8
CUT
10
196.0571
20
142.7991
0
VERTEX
8
CUT
10
196.0299
20
142.7925
0
VERTEX
8
CUT
10
196.0182
20
142.7898
0
VERTEX
8
CUT
10
196.0048
20
142.7867
0
VERTEX
8
CUT
10
195.9931
20
142.7841
0
VERTEX
8
CUT
10
195.9658
20
142.7782
0
VERTEX
8
CUT
10
195.9540
20
142.7758
0
VERTEX
8
CUT
10
195.9397
20
142.7729
0
VERTEX
8
CUT
10
195.9279
20
142.7706
0
VERTEX
8
CUT
10
195.9004
20
142.7655
0
VERTEX
8
CUT
10
195.8887
20
142.7634
0
VERTEX
8
CUT
10
191.2856
20
141.9656
0
VERTEX
8
CUT
10
191.2727
20
141.9634
0
VERTEX
8
CUT
10
191.2425
20
141.9586
0
VERTEX
8
CUT
10
191.2296
20
141.9567
0
VERTEX
8
CUT
10
191.2138
20
141.9544
0
VERTEX
8
CUT
10
191.2008
20
141.9527
0
VERTEX
8
CUT
10
191.1705
20
141.9488
0
VERTEX
8
CUT
10
191.1575
20
141.9472
0
VERTEX
8
CUT
10
191.1425
20
141.9455
0
VERTEX
8
CUT
10
191.1295
20
141.9441
0
VERTEX
8
CUT
10
191.0991
20
141.9411
0
VERTEX
8
CUT
10
191.0861
20
141.9399
0
VERTEX
8
CUT
10
191.0702
20
141.9385
0
VERTEX
8
CUT
10
191.0571
20
141.9375
0
VERTEX
8
CUT
10
191.0267
20
141.9354
0
VERTEX
8
CUT
10
191.0136
20
141.9346
0
VERTEX
8
CUT
10
186.2696
20
141.6723
0
VERTEX
8
CUT
10
186.2577
20
141.6717
0
VERTEX
8
CUT
10
186.2299
20
141.6705
0
VERTEX
8
CUT
10
186.2180
20
141.6701
0
VERTEX
8
CUT
10
186.2035
20
141.6697
0
VERTEX
8
CUT
10
186.1916
20
141.6694
0
VERTEX
8
CUT
10
186.1637
20
141.6690
0
VERTEX
8
CUT
10
186.1518
20
141.6689
0
VERTEX
8
CUT
10
186.1381
20
141.6688
0
VERTEX
8
CUT
10
186.1262
20
141.6689
0
VERTEX
8
CUT
10
186.0984
20
141.6692
0
VERTEX
8
CUT
10
186.0865
20
141.6694
0
VERTEX
8
CUT
10
186.0720
20
141.6698
0
VERTEX
8
CUT
10
186.0600
20
141.6701
0
VERTEX
8
CUT
10
186.0323
20
141.6712
0
VERTEX
8
CUT
10
186.0204
20
141.6717
0
VERTEX
8
CUT
10
180.2309
20
141.9654
0
VERTEX
8
CUT
10
180.2162
20
141.9663
0
VERTEX
8
CUT
10
180.1820
20
141.9686
0
VERTEX
8
CUT
10
180.1674
20
141.9697
0
VERTEX
8
CUT
10
180.1496
20
141.9712
0
VERTEX
8
CUT
10
180.1349
20
141.9725
0
VERTEX
8
CUT
10
180.1009
20
141.9759
0
VERTEX
8
CUT
10
180.0863
20
141.9775
0
VERTEX
8
CUT
10
180.0695
20
141.9794
0
VERTEX
8
CUT
10
180.0550
20
141.9812
0
VERTEX
8
CUT
10
180.0210
20
141.9858
0
VERTEX
8
CUT
10
180.0065
20
141.9878
0
VERTEX
8
CUT
10
179.9888
20
141.9905
0
VERTEX
8
CUT
10
179.9743
20
141.9927
0
VERTEX
8
CUT
10
179.9405
20
141.9984
0
VERTEX
8
CUT
10
179.9261
20
142.0009
0
VERTEX
8
CUT
10
174.6400
20
142.9691
0
VERTEX
8
CUT
10
174.6242
20
142.9722
0
VERTEX
8
CUT
10
174.5873
20
142.9796
0
VERTEX
8
CUT
10
174.5715
20
142.9829
0
VERTEX
8
CUT
10
174.5524
20
142.9872
0
VERTEX
8
CUT
10
174.5366
20
142.9908
0
VERTEX
8
CUT
10
174.5001
20
142.9995
0
VERTEX
8
CUT
10
174.4844
20
143.0034
0
VERTEX
8
CUT
10
174.4666
20
143.0080
0
VERTEX
8
CUT
10
174.4510
20
143.0122
0
VERTEX
8
CUT
10
174.4148
20
143.0222
0
VERTEX
8
CUT
10
174.3993
20
143.0267
0
VERTEX
8
CUT
10
174.3804
20
143.0323
0
VERTEX
8
CUT
10
174.3650
20
143.0370
0
VERTEX
8
CUT
10
174.3292
20
143.0484
0
VERTEX
8
CUT
10
174.3139
20
143.0534
0
VERTEX
8
CUT
10
169.0246
20
144.8321
0
VERTEX
8
CUT
10
169.0153
20
144.8353
0
VERTEX
8
CUT
10
168.9937
20
144.8429
0
VERTEX
8
CUT
10
168.9844
20
144.8461
0
VERTEX
8
CUT
10
168.9732
20
144.8502
0
VERTEX
8
CUT
10
168.9640
20
144.8536
0
VERTEX
8
CUT
10
168.9425
20
144.8616
0
VERTEX
8
CUT
10
168.9333
20
144.8651
0
VERTEX
8
CUT
10
168.9228
20
144.8692
0
VERTEX
8
CUT
10
168.9136
20
144.8727
0
VERTEX
8
CUT
10
168.8923
20
144.8812
0
VERTEX
8
CUT
10
168.8832
20
144.8849
0
VERTEX
8
CUT
10
168.8721
20
144.8894
0
VERTEX
8
CUT
10
168.8631
20
144.8932
0
VERTEX
8
CUT
10
168.8420
20
144.9022
0
VERTEX
8
CUT
10
168.8330
20
144.9060
0
VERTEX
8
CUT
10
166.1284
20
146.0870
0
VERTEX
8
CUT
10
166.1234
20
146.0892
0
VERTEX
8
CUT
10
166.1120
20
146.0943
0
VERTEX
8
CUT
10
166.1070
20
146.0965
0
VERTEX
8
CUT
10
166.0953
20
146.1018
0
VERTEX
8
CUT
10
166.0893
20
146.1045
0
VERTEX
8
CUT
10
166.0753
20
146.1110
0
VERTEX
8
CUT
10
166.0693
20
146.1137
0
VERTEX
8
CUT
10
166.0624
20
146.1170
0
VERTEX
8
CUT
10
166.0564
20
146.1198
0
VERTEX
8
CUT
10
166.0424
20
146.1265
0
VERTEX
8
CUT
10
166.0372
20
146.1290
0
VERTEX
8
CUT
10
166.0260
20
146.1345
0
VERTEX
8
CUT
10
166.0100
20
146.1425
0
VERTEX
8
CUT
10
166.0030
20
146.1460
0
VERTEX
8
CUT
10
156.6138
20
150.9217
0
VERTEX
8
CUT
10
156.6074
20
150.9249
0
VERTEX
8
CUT
10
156.5631
20
150.9468
0
VERTEX
8
CUT
10
156.5562
20
150.9501
0
VERTEX
8
CUT
10
156.5006
20
150.9767
0
VERTEX
8
CUT
10
156.4938
20
150.9799
0
VERTEX
8
CUT
10
156.4496
20
151.0003
0
VERTEX
8
CUT
10
156.4424
20
151.0036
0
VERTEX
8
CUT
10
151.4183
20
153.2486
0
VERTEX
8
CUT
10
151.4115
20
153.2515
0
VERTEX
8
CUT
10
151.3643
20
153.2720
0
VERTEX
8
CUT
10
151.3570
20
153.2751
0
VERTEX
8
CUT
10
151.2977
20
153.2997
0
VERTEX
8
CUT
10
151.2905
20
153.3027
0
VERTEX
8
CUT
10
151.2435
20
153.3216
0
VERTEX
8
CUT
10
151.2358
20
153.3246
0
VERTEX
8
CUT
10
149.1694
20
154.1209
0
VERTEX
8
CUT
10
149.1596
20
154.1246
0
VERTEX
8
CUT
10
149.0914
20
154.1495
0
VERTEX
8
CUT
10
149.0808
20
154.1533
0
VERTEX
8
CUT
10
148.9951
20
154.1828
0
VERTEX
8
CUT
10
148.9847
20
154.1863
0
VERTEX
8
CUT
10
148.9166
20
154.2084
0
VERTEX
8
CUT
10
148.9054
20
154.2119
0
VERTEX
8
CUT
10
144.7559
20
155.4675
0
VERTEX
8
CUT
10
144.7421
20
155.4714
0
VERTEX
8
CUT
10
144.6528
20
155.4961
0
VERTEX
8
CUT
10
144.6390
20
155.4998
0
VERTEX
8
CUT
10
144.5261
20
155.5282
0
VERTEX
8
CUT
10
144.5123
20
155.5315
0
VERTEX
8
CUT
10
144.4219
20
155.5519
0
VERTEX
8
CUT
10
144.4079
20
155.5549
0
VERTEX
8
CUT
10
139.6336
20
156.5163
0
VERTEX
8
CUT
10
139.6218
20
156.5186
0
VERTEX
8
CUT
10
139.5447
20
156.5325
0
VERTEX
8
CUT
10
139.5328
20
156.5345
0
VERTEX
8
CUT
10
139.4863
20
156.5419
0
VERTEX
8
CUT
10
139.4624
20
156.5453
0
VERTEX
8
CUT
10
139.3068
20
156.5638
0
VERTEX
8
CUT
10
139.2828
20
156.5661
0
VERTEX
8
CUT
10
139.2358
20
156.5698
0
VERTEX
8
CUT
10
139.2238
20
156.5706
0
VERTEX
8
CUT
10
139.1456
20
156.5752
0
VERTEX
8
CUT
10
139.1335
20
156.5757
0
VERTEX
8
CUT
10
133.6993
20
156.7820
0
VERTEX
8
CUT
10
133.6863
20
156.7824
0
VERTEX
8
CUT
10
133.6021
20
156.7838
0
VERTEX
8
CUT
10
133.5892
20
156.7838
0
VERTEX
8
CUT
10
133.4834
20
156.7833
0
VERTEX
8
CUT
10
133.4705
20
156.7831
0
VERTEX
8
CUT
10
133.3863
20
156.7808
0
VERTEX
8
CUT
10
133.3734
20
156.7803
0
VERTEX
8
CUT
10
126.9495
20
156.4689
0
VERTEX
8
CUT
10
126.9370
20
156.4682
0
VERTEX
8
CUT
10
126.8555
20
156.4625
0
VERTEX
8
CUT
10
126.8430
20
156.4615
0
VERTEX
8
CUT
10
126.7941
20
156.4571
0
VERTEX
8
CUT
10
126.7691
20
156.4543
0
VERTEX
8
CUT
10
126.6073
20
156.4328
0
VERTEX
8
CUT
10
126.5824
20
156.4289
0
VERTEX
8
CUT
10
126.5341
20
156.4204
0
VERTEX
8
CUT
10
126.5217
20
156.4181
0
VERTEX
8
CUT
10
126.4416
20
156.4023
0
VERTEX
8
CUT
10
126.4293
20
156.3997
0
VERTEX
8
CUT
10
124.0880
20
155.8861
0
VERTEX
8
CUT
10
124.0723
20
155.8824
0
VERTEX
8
CUT
10
123.9711
20
155.8573
0
VERTEX
8
CUT
10
123.9555
20
155.8533
0
VERTEX
8
CUT
10
123.8951
20
155.8366
0
VERTEX
8
CUT
10
123.8644
20
155.8272
0
VERTEX
8
CUT
10
123.6667
20
155.7610
0
VERTEX
8
CUT
10
123.6365
20
155.7500
0
VERTEX
8
CUT
10
123.5782
20
155.7270
0
VERTEX
8
CUT
10
123.5634
20
155.7209
0
VERTEX
8
CUT
10
123.4674
20
155.6799
0
VERTEX
8
CUT
10
123.4527
20
155.6734
0
VERTEX
8
CUT
10
122.8873
20
155.4140
0
VERTEX
8
CUT
10
122.8774
20
155.4094
0
VERTEX
8
CUT
10
122.8085
20
155.3763
0
VERTEX
8
CUT
10
122.7983
20
155.3713
0
VERTEX
8
CUT
10
122.7536
20
155.3487
0
VERTEX
8
CUT
10
122.7323
20
155.3374
0
VERTEX
8
CUT
10
122.6008
20
155.2643
0
VERTEX
8
CUT
10
122.5808
20
155.2526
0
VERTEX
8
CUT
10
122.5463
20
155.2317
0
VERTEX
8
CUT
10
122.5371
20
155.2260
0
VERTEX
8
CUT
10
122.4732
20
155.1855
0
VERTEX
8
CUT
10
122.4630
20
155.1789
0
VERTEX
8
CUT
10
122.0646
20
154.9153
0
VERTEX
8
CUT
10
122.0500
20
154.9053
0
VERTEX
8
CUT
10
121.9568
20
154.8396
0
VERTEX
8
CUT
10
121.9426
20
154.8293
0
VERTEX
8
CUT
10
121.8879
20
154.7882
0
VERTEX
8
CUT
10
121.8604
20
154.7663
0
VERTEX
8
CUT
10
121.6863
20
154.6191
0
VERTEX
8
CUT
10
121.6602
20
154.5957
0
VERTEX
8
CUT
10
121.6106
20
154.5485
0
VERTEX
8
CUT
10
121.5980
20
154.5362
0
VERTEX
8
CUT
10
121.5177
20
154.4552
0
VERTEX
8
CUT
10
121.5055
20
154.4425
0
VERTEX
8
CUT
10
121.4593
20
154.3931
0
VERTEX
8
CUT
10
121.4496
20
154.3825
0
VERTEX
8
CUT
10
121.3874
20
154.3126
0
VERTEX
8
CUT
10
121.3779
20
154.3018
0
VERTEX
8
CUT
10
121.3415
20
154.2589
0
VERTEX
8
CUT
10
121.3234
20
154.2365
0
VERTEX
8
CUT
10
121.2109
20
154.0902
0
VERTEX
8
CUT
10
121.1780
20
154.0430
0
VERTEX
8
CUT
10
121.0813
20
153.8887
0
VERTEX
8
CUT
10
121.0531
20
153.8385
0
VERTEX
8
CUT
10
120.9716
20
153.6757
0
VERTEX
8
CUT
10
120.9484
20
153.6230
0
VERTEX
8
CUT
10
120.8829
20
153.4531
0
VERTEX
8
CUT
10
120.8648
20
153.3985
0
VERTEX
8
CUT
10
120.8159
20
153.2231
0
VERTEX
8
CUT
10
120.8032
20
153.1670
0
VERTEX
8
CUT
10
120.7713
20
152.9877
0
VERTEX
8
CUT
10
120.7640
20
152.9306
0
VERTEX
8
CUT
10
120.7495
20
152.7492
0
VERTEX
8
CUT
10
120.7476
20
152.6916
0
VERTEX
8
CUT
10
120.7506
20
152.5096
0
VERTEX
8
CUT
10
120.7543
20
152.4521
0
VERTEX
8
CUT
10
120.7746
20
152.2712
0
VERTEX
8
CUT
10
120.7838
20
152.2144
0
SEQEND
0
POLYLINE
8
CUT
66
1
70
1
10
0.0
20
0.0
30
0.0
0
VERTEX
8
CUT
10
263.7240
20
78.3520
0
VERTEX
8
CUT
10
263.7272
20
78.3389
0
VERTEX
8
CUT
10
263.7491
20
78.2537
0
VERTEX
8
CUT
10
263.7527
20
78.2406
0
VERTEX
8
CUT
10
264.0003
20
77.3605
0
VERTEX
8
CUT
10
264.0043
20
77.3468
0
VERTEX
8
CUT
10
264.0316
20
77.2579
0
VERTEX
8
CUT
10
264.0360
20
77.2443
0
VERTEX
8
CUT
10
264.0537
20
77.1913
0
VERTEX
8
CUT
10
264.0634
20
77.1644
0
VERTEX
8
CUT
10
264.1296
20
76.9934
0
VERTEX
8
CUT
10
264.1528
20
76.9411
0
VERTEX
8
CUT
10
264.2350
20
76.7772
0
VERTEX
8
CUT
10
264.2484
20
76.7520
0
VERTEX
8
CUT
10
264.2758
20
76.7033
0
VERTEX
8
CUT
10
264.2830
20
76.6909
0
VERTEX
8
CUT
10
264.3305
20
76.6110
0
VERTEX
8
CUT
10
264.3380
20
76.5988
0
VERTEX
8
CUT
10
264.8561
20
75.7730
0
VERTEX
8
CUT
10
264.8635
20
75.7616
0
VERTEX
8
CUT
10
264.9120
20
75.6880
0
VERTEX
8
CUT
10
264.9196
20
75.6768
0
VERTEX
8
CUT
10
264.9498
20
75.6332
0
VERTEX
8
CUT
10
264.9657
20
75.6113
0
VERTEX
8
CUT
10
265.0710
20
75.4729
0
VERTEX
8
CUT
10
265.1058
20
75.4313
0
VERTEX
8
CUT
10
265.2232
20
75.3031
0
VERTEX
8
CUT
10
265.2420
20
75.2835
0
VERTEX
8
CUT
10
265.2795
20
75.2460
0
VERTEX
8
CUT
10
265.2892
20
75.2366
0
VERTEX
8
CUT
10
265.3530
20
75.1757
0
VERTEX
8
CUT
10
265.3629
20
75.1665
0
VERTEX
8
CUT
10
266.1461
20
74.4526
0
VERTEX
8
CUT
10
266.1566
20
74.4432
0
VERTEX
8
CUT
10
266.2256
20
74.3833
0
VERTEX
8
CUT
10
266.2363
20
74.3742
0
VERTEX
8
CUT
10
266.2785
20
74.3392
0
VERTEX
8
CUT
10
266.3006
20
74.3218
0
VERTEX
8
CUT
10
266.4445
20
74.2134
0
VERTEX
8
CUT
10
266.4909
20
74.1817
0
VERTEX
8
CUT
10
266.6443
20
74.0873
0
VERTEX
8
CUT
10
266.6685
20
74.0732
0
VERTEX
8
CUT
10
266.7166
20
74.0466
0
VERTEX
8
CUT
10
266.7289
20
74.0400
0
VERTEX
8
CUT
10
266.8099
20
73.9977
0
VERTEX
8
CUT
10
266.8224
20
73.9913
0
VERTEX
8
CUT
10
267.8873
20
73.4662
0
VERTEX
8
CUT
10
267.9001
20
73.4601
0
VERTEX
8
CUT
10
267.9834
20
73.4215
0
VERTEX
8
CUT
10
267.9962
20
73.4157
0
VERTEX
8
CUT
10
268.0468
20
73.3937
0
VERTEX
8
CUT
10
268.0730
20
73.3830
0
VERTEX
8
CUT
10
268.2422
20
73.3186
0
VERTEX
8
CUT
10
268.2958
20
73.3010
0
VERTEX
8
CUT
10
268.4680
20
73.2534
0
VERTEX
8
CUT
10
268.5230
20
73.2409
0
VERTEX
8
CUT
10
268.7013
20
73.2093
0
VERTEX
8
CUT
10
268.7292
20
73.2050
0
VERTEX
8
CUT
10
268.7839
20
73.1979
0
VERTEX
8
CUT
10
268.7980
20
73.1963
0
VERTEX
8
CUT
10
268.8893
20
73.1867
0
VERTEX
8
CUT
10
268.9033
20
73.1854
0
VERTEX
8
CUT
10
269.5576
20
73.1320
0
VERTEX
8
CUT
10
269.5616
20
73.1316
0
VERTEX
8
CUT
10
269.5789
20
73.1305
0
VERTEX
8
CUT
10
269.6908
20
73.1246
0
VERTEX
8
CUT
10
269.7081
20
73.1239
0
VERTEX
8
CUT
10
269.7753
20
73.1223
0
VERTEX
8
CUT
10
269.8098
20
73.1225
0
VERTEX
8
CUT
10
270.0338
20
73.1300
0
VERTEX
8
CUT
10
270.0682
20
73.1322
0
VERTEX
8
CUT
10
270.1352
20
73.1383
0
VERTEX
8
CUT
10
270.1524
20
73.1401
0
VERTEX
8
CUT
10
270.2637
20
73.1535
0
VERTEX
8
CUT
10
270.2808
20
73.1558
0
VERTEX
8
CUT
10
271.9471
20
73.4054
0
VERTEX
8
CUT
10
271.9623
20
73.4078
0
VERTEX
8
CUT
10
272.0611
20
73.4252
0
VERTEX
8
CUT
10
272.0762
20
73.4281
0
VERTEX
8
CUT
10
272.1352
20
73.4401
0
VERTEX
8
CUT
10
272.1653
20
73.4470
0
VERTEX
8
CUT
10
272.3568
20
73.4962
0
VERTEX
8
CUT
10
272.4157
20
73.5146
0
VERTEX
8
CUT
10
272.6011
20
73.5832
0
VERTEX
8
CUT
10
272.6297
20
73.5946
0
VERTEX
8
CUT
10
272.6851
20
73.6184
0
VERTEX
8
CUT
10
272.6992
20
73.6247
0
VERTEX
8
CUT
10
272.7902
20
73.6666
0
VERTEX
8
CUT
10
272.8042
20
73.6732
0
VERTEX
8
CUT
10
272.8443
20
73.6930
0
VERTEX
8
CUT
10
272.8596
20
73.7008
0
VERTEX
8
CUT
10
272.9584
20
73.7530
0
VERTEX
8
CUT
10
272.9735
20
73.7612
0
VERTEX
8
CUT
10
273.0318
20
73.7942
0
VERTEX
8
CUT
10
273.0612
20
73.8119
0
VERTEX
8
CUT
10
273.2489
20
73.9327
0
VERTEX
8
CUT
10
273.2772
20
73.9521
0
VERTEX
8
CUT
10
273.3314
20
73.9915
0
VERTEX
8
CUT
10
273.3452
20
74.0018
0
VERTEX
8
CUT
10
273.4335
20
74.0701
0
VERTEX
8
CUT
10
273.4470
20
74.0808
0
VERTEX
8
CUT
10
273.8070
20
74.3757
0
VERTEX
8
CUT
10
273.8193
20
74.3861
0
VERTEX
8
CUT
10
273.8989
20
74.4550
0
VERTEX
8
CUT
10
273.9110
20
74.4657
0
VERTEX
8
CUT
10
273.9577
20
74.5084
0
VERTEX
8
CUT
10
273.9810
20
74.5308
0
VERTEX
8
CUT
10
274.1284
20
74.6809
0
VERTEX
8
CUT
10
274.1505
20
74.7046
0
VERTEX
8
CUT
10
274.1923
20
74.7520
0
VERTEX
8
CUT
10
274.2028
20
74.7643
0
VERTEX
8
CUT
10
274.2702
20
74.8451
0
VERTEX
8
CUT
10
274.2805
20
74.8577
0
VERTEX
8
CUT
10
275.4900
20
76.3890
0
VERTEX
8
CUT
10
275.4901
20
76.3890
0
VERTEX
8
CUT
10
275.4901
20
76.3891
0
VERTEX
8
CUT
10
275.4992
20
76.4010
0
VERTEX
8
CUT
10
275.5575
20
76.4787
0
VERTEX
8
CUT
10
275.5664
20
76.4907
0
VERTEX
8
CUT
10
275.6002
20
76.5383
0
VERTEX
8
CUT
10
275.6169
20
76.5631
0
VERTEX
8
CUT
10
275.7201
20
76.7245
0
VERTEX
8
CUT
10
275.7498
20
76.7764
0
VERTEX
8
CUT
10
275.8352
20
76.9449
0
VERTEX
8
CUT
10
275.8596
20
76.9995
0
VERTEX
8
CUT
10
275.9278
20
77.1757
0
VERTEX
8
CUT
10
275.9466
20
77.2324
0
VERTEX
8
CUT
10
275.9977
20
77.4170
0
VERTEX
8
CUT
10
276.0049
20
77.4460
0
VERTEX
8
CUT
10
276.0177
20
77.5030
0
VERTEX
8
CUT
10
276.0208
20
77.5176
0
VERTEX
8
CUT
10
276.0396
20
77.6129
0
VERTEX
8
CUT
10
276.0423
20
77.6276
0
VERTEX
8
CUT
10
276.2529
20
78.8524
0
VERTEX
8
CUT
10
276.2554
20
78.8684
0
VERTEX
8
CUT
10
276.2704
20
78.9724
0
VERTEX
8
CUT
10
276.2725
20
78.9884
0
VERTEX
8
CUT
10
276.2798
20
79.0511
0
VERTEX
8
CUT
10
276.2827
20
79.0833
0
VERTEX
8
CUT
10
276.2957
20
79.2901
0
VERTEX
8
CUT
10
276.2962
20
79.3548
0
VERTEX
8
CUT
10
276.2868
20
79.5618
0
VERTEX
8
CUT
10
276.2845
20
79.5940
0
VERTEX
8
CUT
10
276.2782
20
79.6568
0
VERTEX
8
CUT
10
276.2764
20
79.6729
0
VERTEX
8
CUT
10
276.2632
20
79.7772
0
VERTEX
8
CUT
10
276.2609
20
79.7932
0
VERTEX
8
CUT
10
276.0309
20
81.2827
0
VERTEX
8
CUT
10
276.0285
20
81.2972
0
VERTEX
8
CUT
10
276.0116
20
81.3913
0
VERTEX
8
CUT
10
276.0088
20
81.4057
0
VERTEX
8
CUT
10
275.9973
20
81.4620
0
VERTEX
8
CUT
10
275.9907
20
81.4907
0
VERTEX
8
CUT
10
275.9438
20
81.6733
0
VERTEX
8
CUT
10
275.9264
20
81.7295
0
VERTEX
8
CUT
10
275.8627
20
81.9043
0
VERTEX
8
CUT
10
275.8399
20
81.9585
0
VERTEX
8
CUT
10
275.7583
20
82.1285
0
VERTEX
8
CUT
10
275.7449
20
82.1547
0
VERTEX
8
CUT
10
275.7176
20
82.2052
0
VERTEX
8
CUT
10
275.7104
20
82.2180
0
VERTEX
8
CUT
10
275.6628
20
82.3010
0
VERTEX
8
CUT
10
275.6553
20
82.3136
0
VERTEX
8
CUT
10
275.1578
20
83.1332
0
VERTEX
8
CUT
10
275.1502
20
83.1455
0
VERTEX
8
CUT
10
275.0993
20
83.2249
0
VERTEX
8
CUT
10
275.0913
20
83.2370
0
VERTEX
8
CUT
10
275.0596
20
83.2840
0
VERTEX
8
CUT
10
275.0428
20
83.3076
0
VERTEX
8
CUT
10
274.9315
20
83.4565
0
VERTEX
8
CUT
10
274.8945
20
83.5012
0
VERTEX
8
CUT
10
274.7693
20
83.6386
0
VERTEX
8
CUT
10
274.7493
20
83.6595
0
VERTEX
8
CUT
10
274.7092
20
83.6995
0
VERTEX
8
CUT
10
274.6988
20
83.7096
0
VERTEX
8
CUT
10
274.6304
20
83.7745
0
VERTEX
8
CUT
10
274.6198
20
83.7844
0
VERTEX
8
CUT
10
273.8603
20
84.4712
0
VERTEX
8
CUT
10
273.8473
20
84.4825
0
VERTEX
8
CUT
10
273.7621
20
84.5552
0
VERTEX
8
CUT
10
273.7489
20
84.5662
0
VERTEX
8
CUT
10
273.6965
20
84.6083
0
VERTEX
8
CUT
10
273.6691
20
84.6292
0
VERTEX
8
CUT
10
273.4870
20
84.7592
0
VERTEX
8
CUT
10
273.4584
20
84.7784
0
VERTEX
8
CUT
10
273.4016
20
84.8143
0
VERTEX
8
CUT
10
273.3869
20
84.8233
0
VERTEX
8
CUT
10
273.2905
20
84.8803
0
VERTEX
8
CUT
10
273.2756
20
84.8888
0
VERTEX
8
CUT
10
272.9822
20
85.0512
0
VERTEX
8
CUT
10
272.9711
20
85.0572
0
VERTEX
8
CUT
10
272.8985
20
85.0954
0
VERTEX
8
CUT
10
272.8872
20
85.1012
0
VERTEX
8
CUT
10
272.8431
20
85.1232
0
VERTEX
8
CUT
10
272.8203
20
85.1340
0
VERTEX
8
CUT
10
272.6706
20
85.2011
0
VERTEX
8
CUT
10
272.6474
20
85.2109
0
VERTEX
8
CUT
10
272.6016
20
85.2292
0
VERTEX
8
CUT
10
272.5898
20
85.2337
0
VERTEX
8
CUT
10
272.5130
20
85.2625
0
VERTEX
8
CUT
10
272.5011
20
85.2668
0
VERTEX
8
CUT
10
272.1217
20
85.3998
0
VERTEX
8
CUT
10
272.1073
20
85.4046
0
VERTEX
8
CUT
10
272.0129
20
85.4350
0
VERTEX
8
CUT
10
271.9983
20
85.4395
0
VERTEX
8
CUT
10
271.9412
20
85.4564
0
VERTEX
8
CUT
10
271.9117
20
85.4642
0
VERTEX
8
CUT
10
271.7190
20
85.5105
0
VERTEX
8
CUT
10
271.6891
20
85.5168
0
VERTEX
8
CUT
10
271.6306
20
85.5278
0
VERTEX
8
CUT
10
271.6156
20
85.5304
0
VERTEX
8
CUT
10
271.5177
20
85.5461
0
VERTEX
8
CUT
10
271.5026
20
85.5483
0
VERTEX
8
CUT
10
270.2545
20
85.7162
0
VERTEX
8
CUT
10
270.2414
20
85.7178
0
VERTEX
8
CUT
10
270.1565
20
85.7273
0
VERTEX
8
CUT
10
270.1434
20
85.7287
0
VERTEX
8
CUT
10
270.0922
20
85.7333
0
VERTEX
8
CUT
10
270.0659
20
85.7351
0
VERTEX
8
CUT
10
269.8975
20
85.7428
0
VERTEX
8
CUT
10
269.8449
20
85.7429
0
VERTEX
8
CUT
10
269.6764
20
85.7359
0
VERTEX
8
CUT
10
269.6501
20
85.7342
0
VERTEX
8
CUT
10
269.5989
20
85.7298
0
VERTEX
8
CUT
10
269.5858
20
85.7286
0
VERTEX
8
CUT
10
269.5008
20
85.7194
0
VERTEX
8
CUT
10
269.4878
20
85.7179
0
VERTEX
8
CUT
10
268.4244
20
85.5795
0
VERTEX
8
CUT
10
268.4076
20
85.5771
0
VERTEX
8
CUT
10
268.2981
20
85.5596
0
VERTEX
8
CUT
10
268.2813
20
85.5567
0
VERTEX
8
CUT
10
268.2159
20
85.5444
0
VERTEX
8
CUT
10
268.1825
20
85.5371
0
VERTEX
8
CUT
10
267.9705
20
85.4845
0
VERTEX
8
CUT
10
267.9053
20
85.4644
0
VERTEX
8
CUT
10
267.7005
20
85.3880
0
VERTEX
8
CUT
10
267.6689
20
85.3752
0
VERTEX
8
CUT
10
267.6080
20
85.3485
0
VERTEX
8
CUT
10
267.5925
20
85.3414
0
VERTEX
8
CUT
10
267.4923
20
85.2940
0
VERTEX
8
CUT
10
267.4770
20
85.2864
0
VERTEX
8
CUT
10
267.0653
20
85.0770
0
VERTEX
8
CUT
10
267.0512
20
85.0696
0
VERTEX
8
CUT
10
266.9601
20
85.0202
0
VERTEX
8
CUT
10
266.9462
20
85.0124
0
VERTEX
8
CUT
10
266.8923
20
84.9813
0
VERTEX
8
CUT
10
266.8651
20
84.9646
0
VERTEX
8
CUT
10
266.6915
20
84.8516
0
VERTEX
8
CUT
10
266.6652
20
84.8336
0
VERTEX
8
CUT
10
266.6150
20
84.7969
0
VERTEX
8
CUT
10
266.6022
20
84.7873
0
VERTEX
8
CUT
10
266.5201
20
84.7241
0
VERTEX
8
CUT
10
266.5076
20
84.7142
0
VERTEX
8
CUT
10
265.5333
20
83.9211
0
VERTEX
8
CUT
10
265.5219
20
83.9116
0
VERTEX
8
CUT
10
265.4489
20
83.8491
0
VERTEX
8
CUT
10
265.4377
20
83.8394
0
VERTEX
8
CUT
10
265.3948
20
83.8007
0
VERTEX
8
CUT
10
265.3733
20
83.7804
0
VERTEX
8
CUT
10
265.2388
20
83.6469
0
VERTEX
8
CUT
10
265.1989
20
83.6032
0
VERTEX
8
CUT
10
265.0782
20
83.4570
0
VERTEX
8
CUT
10
265.0599
20
83.4338
0
VERTEX
8
CUT
10
265.0254
20
83.3875
0
VERTEX
8
CUT
10
265.0167
20
83.3755
0
VERTEX
8
CUT
10
264.9611
20
83.2971
0
VERTEX
8
CUT
10
264.9527
20
83.2849
0
VERTEX
8
CUT
10
264.3947
20
82.4548
0
VERTEX
8
CUT
10
264.3862
20
82.4418
0
VERTEX
8
CUT
10
264.3321
20
82.3566
0
VERTEX
8
CUT
10
264.3240
20
82.3434
0
VERTEX
8
CUT
10
264.2928
20
82.2914
0
VERTEX
8
CUT
10
264.2776
20
82.2644
0
VERTEX
8
CUT
10
264.1842
20
82.0887
0
VERTEX
8
CUT
10
264.1580
20
82.0324
0
VERTEX
8
CUT
10
264.0833
20
81.8480
0
VERTEX
8
CUT
10
264.0724
20
81.8189
0
VERTEX
8
CUT
10
264.0526
20
81.7617
0
VERTEX
8
CUT
10
264.0477
20
81.7469
0
VERTEX
8
CUT
10
264.0172
20
81.6507
0
VERTEX
8
CUT
10
264.0127
20
81.6359
0
VERTEX
8
CUT
10
263.7551
20
80.7441
0
VERTEX
8
CUT
10
263.7513
20
80.7304
0
VERTEX
8
CUT
10
263.7277
20
80.6409
0
VERTEX
8
CUT
10
263.7242
20
80.6271
0
VERTEX
8
CUT
10
263.7114
20
80.5730
0
VERTEX
8
CUT
10
263.7054
20
80.5451
0
VERTEX
8
CUT
10
263.6716
20
80.3658
0
VERTEX
8
CUT
10
263.6637
20
80.3094
0
VERTEX
8
CUT
10
263.6471
20
80.1276
0
VERTEX
8
CUT
10
263.6451
20
80.0992
0
VERTEX
8
CUT
10
263.6427
20
80.0437
0
VERTEX
8
CUT
10
263.6422
20
80.0294
0
VERTEX
8
CUT
10
263.6404
20
79.9369
0
VERTEX
8
CUT
10
263.6403
20
79.9227
0
VERTEX
8
CUT
10
263.6434
20
79.0218
0
VERTEX
8
CUT
10
263.6436
20
79.0082
0
VERTEX
8
CUT
10
263.6459
20
78.9203
0
VERTEX
8
CUT
10
263.6465
20
78.9067
0
VERTEX
8
CUT
10
263.6490
20
78.8539
0
VERTEX
8
CUT
10
263.6509
20
78.8269
0
VERTEX
8
CUT
10
263.6672
20
78.6542
0
VERTEX
8
CUT
10
263.6747
20
78.6006
0
VERTEX
8
CUT
10
263.7064
20
78.4300
0
VERTEX
8
CUT
10
263.7120
20
78.4035
0
SEQEND
0
POLYLINE
8
CUT
66
1
70
1
10
0.0
20
0.0
30
0.0
0
VERTEX
8
CUT
10
253.8835
20
266.3629
0
VERTEX
8
CUT
10
253.8901
20
266.3492
0
VERTEX
8
CUT
10
254.6502
20
264.8311
0
VERTEX
8
CUT
10
254.6562
20
264.8194
0
VERTEX
8
CUT
10
254.6961
20
264.7439
0
VERTEX
8
CUT
10
254.7024
20
264.7324
0
VERTEX
8
CUT
10
254.7274
20
264.6875
0
VERTEX
8
CUT
10
254.7407
20
264.6649
0
VERTEX
8
CUT
10
254.8290
20
264.5214
0
VERTEX
8
CUT
10
254.8584
20
264.4779
0
VERTEX
8
CUT
10
254.9589
20
264.3427
0
VERTEX
8
CUT
10
254.9751
20
264.3220
0
VERTEX
8
CUT
10
255.0075
20
264.2822
0
VERTEX
8
CUT
10
255.0159
20
264.2721
0
VERTEX
8
CUT
10
255.0712
20
264.2071
0
VERTEX
8
CUT
10
255.0799
20
264.1971
0
VERTEX
8
CUT
10
255.3689
20
263.8722
0
VERTEX
8
CUT
10
255.3690
20
263.8721
0
VERTEX
8
CUT
10
255.3721
20
263.8687
0
VERTEX
8
CUT
10
255.3814
20
263.8584
0
VERTEX
8
CUT
10
255.4432
20
263.7921
0
VERTEX
8
CUT
10
255.4528
20
263.7820
0
VERTEX
8
CUT
10
255.4909
20
263.7431
0
VERTEX
8
CUT
10
255.5108
20
263.7236
0
VERTEX
8
CUT
10
255.6414
20
263.6017
0
VERTEX
8
CUT
10
255.6839
20
263.5656
0
VERTEX
8
CUT
10
255.8252
20
263.4564
0
VERTEX
8
CUT
10
255.8477
20
263.4398
0
VERTEX
8
CUT
10
255.8922
20
263.4086
0
VERTEX
8
CUT
10
255.9037
20
263.4007
0
VERTEX
8
CUT
10
255.9791
20
263.3505
0
VERTEX
8
CUT
10
255.9908
20
263.3429
0
VERTEX
8
CUT
10
256.2870
20
263.1551
0
VERTEX
8
CUT
10
256.2999
20
263.1471
0
VERTEX
8
CUT
10
256.3849
20
263.0962
0
VERTEX
8
CUT
10
256.3980
20
263.0885
0
VERTEX
8
CUT
10
256.4498
20
263.0593
0
VERTEX
8
CUT
10
256.4767
20
263.0450
0
VERTEX
8
CUT
10
256.4790
20
263.0439
0
VERTEX
8
CUT
10
256.4875
20
263.0391
0
VERTEX
8
CUT
10
256.5144
20
263.0249
0
VERTEX
8
CUT
10
256.6915
20
262.9370
0
VERTEX
8
CUT
10
256.7191
20
262.9242
0
VERTEX
8
CUT
10
256.7736
20
262.9005
0
VERTEX
8
CUT
10
256.7876
20
262.8946
0
VERTEX
8
CUT
10
256.8793
20
262.8575
0
VERTEX
8
CUT
10
256.8935
20
262.8520
0
VERTEX
8
CUT
10
257.9597
20
262.4519
0
VERTEX
8
CUT
10
257.9743
20
262.4466
0
VERTEX
8
CUT
10
258.0690
20
262.4138
0
VERTEX
8
CUT
10
258.0836
20
262.4090
0
VERTEX
8
CUT
10
258.1410
20
262.3907
0
VERTEX
8
CUT
10
258.1706
20
262.3822
0
VERTEX
8
CUT
10
258.3644
20
262.3314
0
VERTEX
8
CUT
10
258.3945
20
262.3243
0
VERTEX
8
CUT
10
258.4534
20
262.3121
0
VERTEX
8
CUT
10
258.4686
20
262.3091
0
VERTEX
8
CUT
10
258.5672
20
262.2913
0
VERTEX
8
CUT
10
258.5824
20
262.2887
0
VERTEX
8
CUT
10
258.5870
20
262.2880
0
VERTEX
8
CUT
10
258.8555
20
262.2465
0
VERTEX
8
CUT
10
258.8701
20
262.2444
0
VERTEX
8
CUT
10
258.9653
20
262.2321
0
VERTEX
8
CUT
10
258.9799
20
262.2304
0
VERTEX
8
CUT
10
259.0373
20
262.2244
0
VERTEX
8
CUT
10
259.0667
20
262.2221
0
VERTEX
8
CUT
10
259.2582
20
262.2115
0
VERTEX
8
CUT
10
259.2877
20
262.2106
0
VERTEX
8
CUT
10
259.3453
20
262.2103
0
VERTEX
8
CUT
10
259.3601
20
262.2104
0
VERTEX
8
CUT
10
259.4560
20
262.2122
0
VERTEX
8
CUT
10
259.4708
20
262.2127
0
VERTEX
8
CUT
10
260.5238
20
262.2585
0
VERTEX
8
CUT
10
260.5376
20
262.2592
0
VERTEX
8
CUT
10
260.6269
20
262.2652
0
VERTEX
8
CUT
10
260.6406
20
262.2662
0
VERTEX
8
CUT
10
260.6942
20
262.2710
0
VERTEX
8
CUT
10
260.7216
20
262.2741
0
VERTEX
8
CUT
10
260.8966
20
262.2979
0
VERTEX
8
CUT
10
260.9508
20
262.3079
0
VERTEX
8
CUT
10
261.1228
20
262.3476
0
VERTEX
8
CUT
10
261.1495
20
262.3545
0
VERTEX
8
CUT
10
261.2013
20
262.3690
0
VERTEX
8
CUT
10
261.2145
20
262.3728
0
VERTEX
8
CUT
10
261.3002
20
262.3990
0
VERTEX
8
CUT
10
261.3133
20
262.4031
0
VERTEX
8
CUT
10
262.2149
20
262.7009
0
VERTEX
8
CUT
10
262.2286
20
262.7056
0
VERTEX
8
CUT
10
262.3171
20
262.7372
0
VERTEX
8
CUT
10
262.3307
20
262.7423
0
VERTEX
8
CUT
10
262.3834
20
262.7625
0
VERTEX
8
CUT
10
262.4102
20
262.7736
0
VERTEX
8
CUT
10
262.5798
20
262.8484
0
VERTEX
8
CUT
10
262.6316
20
262.8743
0
VERTEX
8
CUT
10
262.7932
20
262.9651
0
VERTEX
8
CUT
10
262.8181
20
262.9799
0
VERTEX
8
CUT
10
262.8660
20
263.0099
0
VERTEX
8
CUT
10
262.8781
20
263.0177
0
VERTEX
8
CUT
10
262.9565
20
263.0696
0
VERTEX
8
CUT
10
262.9685
20
263.0777
0
VERTEX
8
CUT
10
263.7376
20
263.6133
0
VERTEX
8
CUT
10
263.7497
20
263.6220
0
VERTEX
8
CUT
10
263.8282
20
263.6796
0
VERTEX
8
CUT
10
263.8401
20
263.6886
0
VERTEX
8
CUT
10
263.8864
20
263.7244
0
VERTEX
8
CUT
10
263.9096
20
263.7433
0
VERTEX
8
CUT
10
264.0553
20
263.8681
0
VERTEX
8
CUT
10
264.0988
20
263.9092
0
VERTEX
8
CUT
10
264.2314
20
264.0479
0
VERTEX
8
CUT
10
264.2515
20
264.0701
0
VERTEX
8
CUT
10
264.2898
20
264.1143
0
VERTEX
8
CUT
10
264.2994
20
264.1258
0
VERTEX
8
CUT
10
264.3612
20
264.2009
0
VERTEX
8
CUT
10
264.3706
20
264.2126
0
VERTEX
8
CUT
10
264.8946
20
264.8836
0
VERTEX
8
CUT
10
264.9033
20
264.8950
0
VERTEX
8
CUT
10
264.9590
20
264.9700
0
VERTEX
8
CUT
10
264.9674
20
264.9816
0
VERTEX
8
CUT
10
264.9998
20
265.0275
0
VERTEX
8
CUT
10
265.0158
20
265.0513
0
VERTEX
8
CUT
10
265.1148
20
265.2067
0
VERTEX
8
CUT
10
265.1433
20
265.2565
0
VERTEX
8
CUT
10
265.2269
20
265.4206
0
VERTEX
8
CUT
10
265.2393
20
265.4465
0
VERTEX
8
CUT
10
265.2624
20
265.4977
0
VERTEX
8
CUT
10
265.2682
20
265.5109
0
VERTEX
8
CUT
10
265.3045
20
265.5969
0
VERTEX
8
CUT
10
265.3099
20
265.6102
0
VERTEX
8
CUT
10
265.6140
20
266.3814
0
VERTEX
8
CUT
10
265.6190
20
266.3945
0
VERTEX
8
CUT
10
265.6503
20
266.4797
0
VERTEX
8
CUT
10
265.6550
20
266.4928
0
VERTEX
8
CUT
10
265.6726
20
266.5444
0
VERTEX
8
CUT
10
265.6810
20
266.5711
0
VERTEX
8
CUT
10
265.7309
20
266.7430
0
VERTEX
8
CUT
10
265.7439
20
266.7972
0
VERTEX
8
CUT
10
265.7776
20
266.9730
0
VERTEX
8
CUT
10
265.7823
20
267.0006
0
VERTEX
8
CUT
10
265.7900
20
267.0546
0
VERTEX
8
CUT
10
265.7919
20
267.0684
0
VERTEX
8
CUT
10
265.8027
20
267.1585
0
VERTEX
8
CUT
10
265.8042
20
267.1724
0
VERTEX
8
CUT
10
265.8791
20
267.9483
0
VERTEX
8
CUT
10
265.8806
20
267.9666
0
VERTEX
8
CUT
10
265.8885
20
268.0857
0
VERTEX
8
CUT
10
265.8894
20
268.1040
0
VERTEX
8
CUT
10
265.8919
20
268.1755
0
VERTEX
8
CUT
10
265.8921
20
268.2123
0
VERTEX
8
CUT
10
265.8858
20
268.4506
0
VERTEX
8
CUT
10
265.8838
20
268.4873
0
VERTEX
8
CUT
10
265.8775
20
268.5586
0
VERTEX
8
CUT
10
265.8756
20
268.5769
0
VERTEX
8
CUT
10
265.8616
20
268.6954
0
VERTEX
8
CUT
10
265.8592
20
268.7136
0
VERTEX
8
CUT
10
265.7310
20
269.5702
0
VERTEX
8
CUT
10
265.7288
20
269.5838
0
VERTEX
8
CUT
10
265.7135
20
269.6719
0
VERTEX
8
CUT
10
265.7110
20
269.6854
0
VERTEX
8
CUT
10
265.7006
20
269.7382
0
VERTEX
8
CUT
10
265.6947
20
269.7650
0
VERTEX
8
CUT
10
265.6528
20
269.9363
0
VERTEX
8
CUT
10
265.6372
20
269.9890
0
VERTEX
8
CUT
10
265.5798
20
270.1557
0
VERTEX
8
CUT
10
265.5702
20
270.1815
0
VERTEX
8
CUT
10
265.5504
20
270.2315
0
VERTEX
8
CUT
10
265.5452
20
270.2442
0
VERTEX
8
CUT
10
265.5103
20
270.3265
0
VERTEX
8
CUT
10
265.5048
20
270.3391
0
VERTEX
8
CUT
10
265.1298
20
271.1708
0
VERTEX
8
CUT
10
265.1245
20
271.1822
0
VERTEX
8
CUT
10
265.0892
20
271.2562
0
VERTEX
8
CUT
10
265.0836
20
271.2676
0
VERTEX
8
CUT
10
265.0615
20
271.3116
0
VERTEX
8
CUT
10
265.0497
20
271.3339
0
VERTEX
8
CUT
10
264.9711
20
271.4753
0
VERTEX
8
CUT
10
264.9447
20
271.5183
0
VERTEX
8
CUT
10
264.8545
20
271.6525
0
VERTEX
8
CUT
10
264.8399
20
271.6731
0
VERTEX
8
CUT
10
264.8107
20
271.7129
0
VERTEX
8
CUT
10
264.8032
20
271.7230
0
VERTEX
8
CUT
10
264.7532
20
271.7880
0
VERTEX
8
CUT
10
264.7454
20
271.7979
0
VERTEX
8
CUT
10
264.1822
20
272.5002
0
VERTEX
8
CUT
10
264.1734
20
272.5108
0
VERTEX
8
CUT
10
264.1158
20
272.5795
0
VERTEX
8
CUT
10
264.1068
20
272.5899
0
VERTEX
8
CUT
10
264.0711
20
272.6304
0
VERTEX
8
CUT
10
264.0524
20
272.6506
0
VERTEX
8
CUT
10
263.9296
20
272.7779
0
VERTEX
8
CUT
10
263.8895
20
272.8157
0
VERTEX
8
CUT
10
263.7555
20
272.9311
0
VERTEX
8
CUT
10
263.7342
20
272.9486
0
VERTEX
8
CUT
10
263.6917
20
272.9819
0
VERTEX
8
CUT
10
263.6808
20
272.9903
0
VERTEX
8
CUT
10
263.6090
20
273.0440
0
VERTEX
8
CUT
10
263.5978
20
273.0521
0
VERTEX
8
CUT
10
262.6202
20
273.7484
0
VERTEX
8
CUT
10
262.6078
20
273.7570
0
VERTEX
8
CUT
10
262.5266
20
273.8118
0
VERTEX
8
CUT
10
262.5140
20
273.8200
0
VERTEX
8
CUT
10
262.4645
20
273.8517
0
VERTEX
8
CUT
10
262.4387
20
273.8673
0
VERTEX
8
CUT
10
262.2686
20
273.9643
0
VERTEX
8
CUT
10
262.2420
20
273.9786
0
VERTEX
8
CUT
10
262.1895
20
274.0052
0
VERTEX
8
CUT
10
262.1760
20
274.0118
0
VERTEX
8
CUT
10
262.0875
20
274.0538
0
VERTEX
8
CUT
10
262.0738
20
274.0601
0
VERTEX
8
CUT
10
261.5731
20
274.2824
0
VERTEX
8
CUT
10
261.5576
20
274.2890
0
VERTEX
8
CUT
10
261.4562
20
274.3307
0
VERTEX
8
CUT
10
261.4406
20
274.3369
0
VERTEX
8
CUT
10
261.3790
20
274.3602
0
VERTEX
8
CUT
10
261.3472
20
274.3712
0
VERTEX
8
CUT
10
261.1383
20
274.4371
0
VERTEX
8
CUT
10
261.1058
20
274.4463
0
VERTEX
8
CUT
10
261.0421
20
274.4625
0
VERTEX
8
CUT
10
261.0257
20
274.4665
0
VERTEX
8
CUT
10
260.9188
20
274.4905
0
VERTEX
8
CUT
10
260.9022
20
274.4940
0
VERTEX
8
CUT
10
260.5130
20
274.5701
0
VERTEX
8
CUT
10
260.4955
20
274.5732
0
VERTEX
8
CUT
10
260.3819
20
274.5920
0
VERTEX
8
CUT
10
260.3643
20
274.5946
0
VERTEX
8
CUT
10
260.2958
20
274.6038
0
VERTEX
8
CUT
10
260.2606
20
274.6075
0
VERTEX
8
CUT
10
260.0310
20
274.6247
0
VERTEX
8
CUT
10
259.9956
20
274.6264
0
VERTEX
8
CUT
10
259.9265
20
274.6274
0
VERTEX
8
CUT
10
259.9088
20
274.6275
0
VERTEX
8
CUT
10
259.7936
20
274.6259
0
VERTEX
8
CUT
10
259.7759
20
274.6254
0
VERTEX
8
CUT
10
259.3985
20
274.6090
0
VERTEX
8
CUT
10
259.3958
20
274.6089
0
VERTEX
8
CUT
10
259.3802
20
274.6080
0
VERTEX
8
CUT
10
259.2790
20
274.6010
0
VERTEX
8
CUT
10
259.2634
20
274.5997
0
VERTEX
8
CUT
10
259.2028
20
274.5939
0
VERTEX
8
CUT
10
259.1718
20
274.5901
0
VERTEX
8
CUT
10
258.9712
20
274.5603
0
VERTEX
8
CUT
10
258.9404
20
274.5550
0
VERTEX
8
CUT
10
258.8807
20
274.5429
0
VERTEX
8
CUT
10
258.8654
20
274.5396
0
VERTEX
8
CUT
10
258.7665
20
274.5169
0
VERTEX
8
CUT
10
258.7514
20
274.5132
0
VERTEX
8
CUT
10
258.1465
20
274.3578
0
VERTEX
8
CUT
10
258.1324
20
274.3540
0
VERTEX
8
CUT
10
258.0415
20
274.3283
0
VERTEX
8
CUT
10
258.0275
20
274.3242
0
VERTEX
8
CUT
10
257.9733
20
274.3074
0
VERTEX
8
CUT
10
257.9503
20
274.2997
0
VERTEX
8
CUT
10
257.9452
20
274.2981
0
VERTEX
8
CUT
10
257.9176
20
274.2887
0
VERTEX
8
CUT
10
257.7395
20
274.2236
0
VERTEX
8
CUT
10
257.7123
20
274.2129
0
VERTEX
8
CUT
10
257.6598
20
274.1908
0
VERTEX
8
CUT
10
257.6465
20
274.1850
0
VERTEX
8
CUT
10
257.5600
20
274.1460
0
VERTEX
8
CUT
10
257.5467
20
274.1398
0
VERTEX
8
CUT
10
256.7448
20
273.7546
0
VERTEX
8
CUT
10
256.7322
20
273.7484
0
VERTEX
8
CUT
10
256.6510
20
273.7071
0
VERTEX
8
CUT
10
256.6386
20
273.7005
0
VERTEX
8
CUT
10
256.5905
20
273.6746
0
VERTEX
8
CUT
10
256.5661
20
273.6607
0
VERTEX
8
CUT
10
256.4101
20
273.5669
0
VERTEX
8
CUT
10
256.3864
20
273.5519
0
VERTEX
8
CUT
10
256.3408
20
273.5215
0
VERTEX
8
CUT
10
256.3293
20
273.5136
0
VERTEX
8
CUT
10
256.2547
20
273.4614
0
VERTEX
8
CUT
10
256.2433
20
273.4532
0
VERTEX
8
CUT
10
256.2402
20
273.4509
0
VERTEX
8
CUT
10
255.6722
20
273.0327
0
VERTEX
8
CUT
10
255.6589
20
273.0226
0
VERTEX
8
CUT
10
255.5736
20
272.9561
0
VERTEX
8
CUT
10
255.5607
20
272.9457
0
VERTEX
8
CUT
10
255.5106
20
272.9044
0
VERTEX
8
CUT
10
255.4855
20
272.8825
0
VERTEX
8
CUT
10
255.3268
20
272.7359
0
VERTEX
8
CUT
10
255.3029
20
272.7127
0
VERTEX
8
CUT
10
255.2578
20
272.6661
0
VERTEX
8
CUT
10
255.2464
20
272.6540
0
VERTEX
8
CUT
10
255.1733
20
272.5743
0
VERTEX
8
CUT
10
255.1622
20
272.5618
0
VERTEX
8
CUT
10
254.7043
20
272.0337
0
VERTEX
8
CUT
10
254.6930
20
272.0202
0
VERTEX
8
CUT
10
254.6207
20
271.9318
0
VERTEX
8
CUT
10
254.6098
20
271.9181
0
VERTEX
8
CUT
10
254.5680
20
271.8637
0
VERTEX
8
CUT
10
254.5474
20
271.8353
0
VERTEX
8
CUT
10
254.4191
20
271.6466
0
VERTEX
8
CUT
10
254.4002
20
271.6170
0
VERTEX
8
CUT
10
254.3651
20
271.5582
0
VERTEX
8
CUT
10
254.3563
20
271.5430
0
VERTEX
8
CUT
10
254.3007
20
271.4433
0
VERTEX
8
CUT
10
254.2923
20
271.4278
0
VERTEX
8
CUT
10
254.0272
20
270.9186
0
VERTEX
8
CUT
10
254.0201
20
270.9045
0
VERTEX
8
CUT
10
253.9751
20
270.8123
0
VERTEX
8
CUT
10
253.9684
20
270.7980
0
VERTEX
8
CUT
10
253.9428
20
270.7420
0
VERTEX
8
CUT
10
253.9305
20
270.7129
0
VERTEX
8
CUT
10
253.8554
20
270.5221
0
VERTEX
8
CUT
10
253.8446
20
270.4924
0
VERTEX
8
CUT
10
253.8251
20
270.4340
0
VERTEX
8
CUT
10
253.8203
20
270.4189
0
VERTEX
8
CUT
10
253.7904
20
270.3208
0
VERTEX
8
CUT
10
253.7860
20
270.3057
0
VERTEX
8
CUT
10
253.6255
20
269.7248
0
VERTEX
8
CUT
10
253.6212
20
269.7083
0
VERTEX
8
CUT
10
253.5946
20
269.6002
0
VERTEX
8
CUT
10
253.5908
20
269.5835
0
VERTEX
8
CUT
10
253.5767
20
269.5182
0
VERTEX
8
CUT
10
253.5704
20
269.4845
0
VERTEX
8
CUT
10
253.5360
20
269.2648
0
VERTEX
8
CUT
10
253.5317
20
269.2308
0
VERTEX
8
CUT
10
253.5251
20
269.1644
0
VERTEX
8
CUT
10
253.5237
20
269.1473
0
VERTEX
8
CUT
10
253.5159
20
269.0363
0
VERTEX
8
CUT
10
253.5150
20
269.0192
0
VERTEX
8
CUT
10
253.4891
20
268.3921
0
VERTEX
8
CUT
10
253.4887
20
268.3771
0
VERTEX
8
CUT
10
253.4871
20
268.2794
0
VERTEX
8
CUT
10
253.4870
20
268.2643
0
VERTEX
8
CUT
10
253.4875
20
268.2056
0
VERTEX
8
CUT
10
253.4886
20
268.1756
0
VERTEX
8
CUT
10
253.5001
20
267.9806
0
VERTEX
8
CUT
10
253.5026
20
267.9506
0
VERTEX
8
CUT
10
253.5090
20
267.8923
0
VERTEX
8
CUT
10
253.5108
20
267.8773
0
VERTEX
8
CUT
10
253.5239
20
267.7805
0
VERTEX
8
CUT
10
253.5261
20
267.7656
0
VERTEX
8
CUT
10
253.6179
20
267.1940
0
VERTEX
8
CUT
10
253.6205
20
267.1790
0
VERTEX
8
CUT
10
253.6387
20
267.0816
0
VERTEX
8
CUT
10
253.6417
20
267.0666
0
VERTEX
8
CUT
10
253.6541
20
267.0084
0
VERTEX
8
CUT
10
253.6612
20
266.9788
0
VERTEX
8
CUT
10
253.7116
20
266.7900
0
VERTEX
8
CUT
10
253.7303
20
266.7320
0
VERTEX
8
CUT
10
253.7996
20
266.5493
0
VERTEX
8
CUT
10
253.8112
20
266.5210
0
VERTEX
8
CUT
10
253.8351
20
266.4665
0
VERTEX
8
CUT
10
253.8414
20
266.4526
0
SEQEND
0
POLYLINE
8
CUT
66
1
70
1
10
0.0
20
0.0
30
0.0
0
VERTEX
8
CUT
10
152.8188
20
167.5512
0
VERTEX
8
CUT
10
152.8347
20
167.4937
0
VERTEX
8
CUT
10
152.8939
20
167.3144
0
VERTEX
8
CUT
10
152.9155
20
167.2587
0
VERTEX
8
CUT
10
152.9922
20
167.0861
0
VERTEX
8
CUT
10
153.0192
20
167.0329
0
VERTEX
8
CUT
10
153.1127
20
166.8688
0
VERTEX
8
CUT
10
153.1448
20
166.8185
0
VERTEX
8
CUT
10
153.2542
20
166.6646
0
VERTEX
8
CUT
10
153.2911
20
166.6177
0
VERTEX
8
CUT
10
153.4170
20
166.4734
0
VERTEX
8
CUT
10
153.4372
20
166.4514
0
VERTEX
8
CUT
10
153.4776
20
166.4094
0
VERTEX
8
CUT
10
153.4881
20
166.3988
0
VERTEX
8
CUT
10
153.5572
20
166.3306
0
VERTEX
8
CUT
10
153.5680
20
166.3202
0
VERTEX
8
CUT
10
154.3184
20
165.6157
0
VERTEX
8
CUT
10
154.3289
20
165.6061
0
VERTEX
8
CUT
10
154.3980
20
165.5442
0
VERTEX
8
CUT
10
154.4087
20
165.5348
0
VERTEX
8
CUT
10
154.4973
20
165.4593
0
VERTEX
8
CUT
10
154.5082
20
165.4501
0
VERTEX
8
CUT
10
154.5802
20
165.3917
0
VERTEX
8
CUT
10
154.5914
20
165.3828
0
VERTEX
8
CUT
10
156.2699
20
164.0833
0
VERTEX
8
CUT
10
156.2807
20
164.0752
0
VERTEX
8
CUT
10
156.3510
20
164.0232
0
VERTEX
8
CUT
10
156.3620
20
164.0153
0
VERTEX
8
CUT
10
156.4518
20
163.9521
0
VERTEX
8
CUT
10
156.4628
20
163.9444
0
VERTEX
8
CUT
10
156.5355
20
163.8956
0
VERTEX
8
CUT
10
156.5467
20
163.8883
0
VERTEX
8
CUT
10
160.3515
20
161.4548
0
VERTEX
8
CUT
10
160.3662
20
161.4456
0
VERTEX
8
CUT
10
160.4627
20
161.3878
0
VERTEX
8
CUT
10
160.4777
20
161.3791
0
VERTEX
8
CUT
10
160.6008
20
161.3100
0
VERTEX
8
CUT
10
160.6160
20
161.3017
0
VERTEX
8
CUT
10
160.7157
20
161.2495
0
VERTEX
8
CUT
10
160.7312
20
161.2417
0
VERTEX
8
CUT
10
164.7700
20
159.2728
0
VERTEX
8
CUT
10
164.7816
20
159.2673
0
VERTEX
8
CUT
10
164.8572
20
159.2324
0
VERTEX
8
CUT
10
164.8689
20
159.2272
0
VERTEX
8
CUT
10
164.9647
20
159.1854
0
VERTEX
8
CUT
10
164.9765
20
159.1805
0
VERTEX
8
CUT
10
165.0535
20
159.1488
0
VERTEX
8
CUT
10
165.0654
20
159.1441
0
VERTEX
8
CUT
10
167.0870
20
158.3642
0
VERTEX
8
CUT
10
167.0966
20
158.3606
0
VERTEX
8
CUT
10
167.1637
20
158.3360
0
VERTEX
8
CUT
10
167.1741
20
158.3323
0
VERTEX
8
CUT
10
167.2584
20
158.3032
0
VERTEX
8
CUT
10
167.2686
20
158.2997
0
VERTEX
8
CUT
10
167.3356
20
158.2779
0
VERTEX
8
CUT
10
167.3466
20
158.2745
0
VERTEX
8
CUT
10
170.8340
20
157.2132
0
VERTEX
8
CUT
10
170.8491
20
157.2088
0
VERTEX
8
CUT
10
170.9473
20
157.1817
0
VERTEX
8
CUT
10
170.9625
20
157.1777
0
VERTEX
8
CUT
10
171.0867
20
157.1469
0
VERTEX
8
CUT
10
171.1020
20
157.1433
0
VERTEX
8
CUT
10
171.2015
20
157.1214
0
VERTEX
8
CUT
10
171.2168
20
157.1182
0
VERTEX
8
CUT
10
174.7595
20
156.4338
0
VERTEX
8
CUT
10
174.7776
20
156.4306
0
VERTEX
8
CUT
10
174.8951
20
156.4116
0
VERTEX
8
CUT
10
174.9132
20
156.4090
0
VERTEX
8
CUT
10
175.0614
20
156.3896
0
VERTEX
8
CUT
10
175.0796
20
156.3875
0
VERTEX
8
CUT
10
175.1981
20
156.3757
0
VERTEX
8
CUT
10
175.2163
20
156.3742
0
VERTEX
8
CUT
10
177.6592
20
156.2061
0
VERTEX
8
CUT
10
177.6696
20
156.2055
0
VERTEX
8
CUT
10
177.7425
20
156.2018
0
VERTEX
8
CUT
10
177.7538
20
156.2013
0
VERTEX
8
CUT
10
177.8447
20
156.1984
0
VERTEX
8
CUT
10
177.8557
20
156.1981
0
VERTEX
8
CUT
10
177.9277
20
156.1971
0
VERTEX
8
CUT
10
177.9394
20
156.1970
0
VERTEX
8
CUT
10
182.5846
20
156.2231
0
VERTEX
8
CUT
10
182.5940
20
156.2232
0
VERTEX
8
CUT
10
182.6592
20
156.2246
0
VERTEX
8
CUT
10
182.6693
20
156.2249
0
VERTEX
8
CUT
10
182.7506
20
156.2280
0
VERTEX
8
CUT
10
182.7605
20
156.2284
0
VERTEX
8
CUT
10
182.8247
20
156.2319
0
VERTEX
8
CUT
10
182.8352
20
156.2326
0
VERTEX
8
CUT
10
186.2292
20
156.4776
0
VERTEX
8
CUT
10
186.2503
20
156.4795
0
VERTEX
8
CUT
10
186.3865
20
156.4942
0
VERTEX
8
CUT
10
186.4075
20
156.4968
0
VERTEX
8
CUT
10
186.5777
20
156.5212
0
VERTEX
8
CUT
10
186.5985
20
156.5246
0
VERTEX
8
CUT
10
186.7335
20
156.5488
0
VERTEX
8
CUT
10
186.7542
20
156.5529
0
VERTEX
8
CUT
10
188.5352
20
156.9377
0
VERTEX
8
CUT
10
188.5527
20
156.9417
0
VERTEX
8
CUT
10
188.6657
20
156.9697
0
VERTEX
8
CUT
10
188.6831
20
156.9743
0
VERTEX
8
CUT
10
188.8238
20
157.0136
0
VERTEX
8
CUT
10
188.8410
20
157.0187
0
VERTEX
8
CUT
10
188.9522
20
157.0534
0
VERTEX
8
CUT
10
188.9692
20
157.0590
0
VERTEX
8
CUT
10
192.7814
20
158.3743
0
VERTEX
8
CUT
10
192.7932
20
158.3785
0
VERTEX
8
CUT
10
192.8698
20
158.4067
0
VERTEX
8
CUT
10
192.8815
20
158.4112
0
VERTEX
8
CUT
10
192.9272
20
158.4291
0
VERTEX
8
CUT
10
192.9503
20
158.4387
0
VERTEX
8
CUT
10
193.0995
20
158.5046
0
VERTEX
8
CUT
10
193.1222
20
158.5153
0
VERTEX
8
CUT
10
193.1662
20
158.5369
0
VERTEX
8
CUT
10
193.1774
20
158.5426
0
VERTEX
8
CUT
10
193.2498
20
158.5802
0
VERTEX
8
CUT
10
193.2609
20
158.5861
0
VERTEX
8
CUT
10
196.3726
20
160.2843
0
VERTEX
8
CUT
10
196.3844
20
160.2910
0
VERTEX
8
CUT
10
196.4606
20
160.3348
0
VERTEX
8
CUT
10
196.4722
20
160.3416
0
VERTEX
8
CUT
10
196.5174
20
160.3690
0
VERTEX
8
CUT
10
196.5402
20
160.3835
0
VERTEX
8
CUT
10
196.6862
20
160.4812
0
VERTEX
8
CUT
10
196.7084
20
160.4968
0
VERTEX
8
CUT
10
196.7509
20
160.5281
0
VERTEX
8
CUT
10
196.7617
20
160.5362
0
VERTEX
8
CUT
10
196.8312
20
160.5899
0
VERTEX
8
CUT
10
196.8418
20
160.5983
0
VERTEX
8
CUT
10
199.3556
20
162.6306
0
VERTEX
8
CUT
10
199.3673
20
162.6402
0
VERTEX
8
CUT
10
199.4420
20
162.7038
0
VERTEX
8
CUT
10
199.4534
20
162.7138
0
VERTEX
8
CUT
10
199.4973
20
162.7531
0
VERTEX
8
CUT
10
199.5193
20
162.7738
0
VERTEX
8
CUT
10
199.6587
20
162.9118
0
VERTEX
8
CUT
10
199.6796
20
162.9336
0
VERTEX
8
CUT
10
199.7194
20
162.9772
0
VERTEX
8
CUT
10
199.7294
20
162.9885
0
VERTEX
8
CUT
10
199.7938
20
163.0626
0
VERTEX
8
CUT
10
199.8035
20
163.0741
0
VERTEX
8
CUT
10
201.7490
20
165.4335
0
VERTEX
8
CUT
10
201.7593
20
165.4463
0
VERTEX
8
CUT
10
201.8252
20
165.5308
0
VERTEX
8
CUT
10
201.8351
20
165.5439
0
VERTEX
8
CUT
10
201.8732
20
165.5957
0
VERTEX
8
CUT
10
201.8920
20
165.6228
0
VERTEX
8
CUT
10
202.0093
20
165.8019
0
VERTEX
8
CUT
10
202.0266
20
165.8299
0
VERTEX
8
CUT
10
202.0588
20
165.8856
0
VERTEX
8
CUT
10
202.0668
20
165.8999
0
VERTEX
8
CUT
10
202.1179
20
165.9941
0
VERTEX
8
CUT
10
202.1256
20
166.0086
0
VERTEX
8
CUT
10
203.4345
20
168.5866
0
VERTEX
8
CUT
10
203.4415
20
168.6009
0
VERTEX
8
CUT
10
203.4858
20
168.6940
0
VERTEX
8
CUT
10
203.4924
20
168.7084
0
VERTEX
8
CUT
10
203.5174
20
168.7650
0
VERTEX
8
CUT
10
203.5295
20
168.7944
0
VERTEX
8
CUT
10
203.6029
20
168.9869
0
VERTEX
8
CUT
10
203.6134
20
169.0169
0
VERTEX
8
CUT
10
203.6324
20
169.0758
0
VERTEX
8
CUT
10
203.6370
20
169.0910
0
VERTEX
8
CUT
10
203.6660
20
169.1899
0
VERTEX
8
CUT
10
203.6702
20
169.2052
0
VERTEX
8
CUT
10
204.4224
20
172.0522
0
VERTEX
8
CUT
10
204.4261
20
172.0672
0
VERTEX
8
CUT
10
204.4493
20
172.1651
0
VERTEX
8
CUT
10
204.4527
20
172.1802
0
VERTEX
8
CUT
10
204.4651
20
172.2394
0
VERTEX
8
CUT
10
204.4706
20
172.2698
0
VERTEX
8
CUT
10
204.5017
20
172.4685
0
VERTEX
8
CUT
10
204.5057
20
172.4992
0
VERTEX
8
CUT
10
204.5119
20
172.5593
0
VERTEX
8
CUT
10
204.5133
20
172.5747
0
VERTEX
8
CUT
10
204.5211
20
172.6751
0
VERTEX
8
CUT
10
204.5221
20
172.6905
0
VERTEX
8
CUT
10
204.6874
20
175.8738
0
VERTEX
8
CUT
10
204.6880
20
175.8894
0
VERTEX
8
CUT
10
204.6906
20
175.9905
0
VERTEX
8
CUT
10
204.6908
20
176.0061
0
VERTEX
8
CUT
10
204.6908
20
176.0668
0
VERTEX
8
CUT
10
204.6900
20
176.0979
0
VERTEX
8
CUT
10
204.6795
20
176.2999
0
VERTEX
8
CUT
10
204.6771
20
176.3309
0
VERTEX
8
CUT
10
204.6708
20
176.3913
0
VERTEX
8
CUT
10
204.6690
20
176.4068
0
VERTEX
8
CUT
10
204.6559
20
176.5071
0
VERTEX
8
CUT
10
204.6537
20
176.5225
0
VERTEX
8
CUT
10
204.1113
20
179.9782
0
VERTEX
8
CUT
10
204.1075
20
179.9999
0
VERTEX
8
CUT
10
204.0801
20
180.1405
0
VERTEX
8
CUT
10
204.0755
20
180.1620
0
VERTEX
8
CUT
10
204.0347
20
180.3369
0
VERTEX
8
CUT
10
204.0293
20
180.3583
0
VERTEX
8
CUT
10
203.9917
20
180.4964
0
VERTEX
8
CUT
10
203.9855
20
180.5176
0
VERTEX
8
CUT
10
203.3680
20
182.4955
0
VERTEX
8
CUT
10
203.3625
20
182.5122
0
VERTEX
8
CUT
10
203.3253
20
182.6202
0
VERTEX
8
CUT
10
203.3193
20
182.6367
0
VERTEX
8
CUT
10
203.2686
20
182.7709
0
VERTEX
8
CUT
10
203.2622
20
182.7872
0
VERTEX
8
CUT
10
203.2187
20
182.8929
0
VERTEX
8
CUT
10
203.2117
20
182.9090
0
VERTEX
8
CUT
10
202.2502
20
185.0632
0
VERTEX
8
CUT
10
202.2443
20
185.0760
0
VERTEX
8
CUT
10
202.2050
20
185.1589
0
VERTEX
8
CUT
10
202.1988
20
185.1716
0
VERTEX
8
CUT
10
202.1469
20
185.2744
0
VERTEX
8
CUT
10
202.1404
20
185.2869
0
VERTEX
8
CUT
10
202.0972
20
185.3678
0
VERTEX
8
CUT
10
202.0904
20
185.3802
0
VERTEX
8
CUT
10
200.8053
20
187.6567
0
VERTEX
8
CUT
10
200.7984
20
187.6686
0
VERTEX
8
CUT
10
200.7529
20
187.7452
0
VERTEX
8
CUT
10
200.7457
20
187.7569
0
VERTEX
8
CUT
10
200.6863
20
187.8517
0
VERTEX
8
CUT
10
200.6789
20
187.8632
0
VERTEX
8
CUT
10
200.6299
20
187.9376
0
VERTEX
8
CUT
10
200.6222
20
187.9490
0
VERTEX
8
CUT
10
199.0495
20
190.2219
0
VERTEX
8
CUT
10
199.0401
20
190.2350
0
VERTEX
8
CUT
10
198.9781
20
190.3196
0
VERTEX
8
CUT
10
198.9684
20
190.3325
0
VERTEX
8
CUT
10
198.8878
20
190.4366
0
VERTEX
8
CUT
10
198.8777
20
190.4493
0
VERTEX
8
CUT
10
198.8113
20
190.5304
0
VERTEX
8
CUT
10
198.8009
20
190.5428
0
VERTEX
8
CUT
10
195.0215
20
194.9139
0
VERTEX
8
CUT
10
195.0119
20
194.9248
0
VERTEX
8
CUT
10
194.9482
20
194.9948
0
VERTEX
8
CUT
10
194.9383
20
195.0055
0
VERTEX
8
CUT
10
194.8991
20
195.0467
0
VERTEX
8
CUT
10
194.8785
20
195.0673
0
VERTEX
8
CUT
10
194.7433
20
195.1959
0
VERTEX
8
CUT
10
194.6992
20
195.2340
0
VERTEX
8
CUT
10
194.5542
20
195.3474
0
VERTEX
8
CUT
10
194.5066
20
195.3810
0
VERTEX
8
CUT
10
194.3513
20
195.4798
0
VERTEX
8
CUT
10
194.3007
20
195.5087
0
VERTEX
8
CUT
10
194.1365
20
195.5920
0
VERTEX
8
CUT
10
194.0834
20
195.6158
0
VERTEX
8
CUT
10
193.9119
20
195.6828
0
VERTEX
8
CUT
10
193.8567
20
195.7013
0
VERTEX
8
CUT
10
193.6795
20
195.7513
0
VERTEX
8
CUT
10
193.6228
20
195.7644
0
VERTEX
8
CUT
10
193.4416
20
195.7971
0
VERTEX
8
CUT
10
193.3838
20
195.8046
0
VERTEX
8
CUT
10
193.2003
20
195.8195
0
VERTEX
8
CUT
10
193.1421
20
195.8214
0
VERTEX
8
CUT
10
192.9581
20
195.8185
0
VERTEX
8
CUT
10
192.8999
20
195.8147
0
VERTEX
8
CUT
10
192.7170
20
195.7940
0
VERTEX
8
CUT
10
192.6595
20
195.7846
0
VERTEX
8
CUT
10
192.4795
20
195.7462
0
VERTEX
8
CUT
10
192.4232
20
195.7313
0
VERTEX
8
CUT
10
192.2477
20
195.6756
0
VERTEX
8
CUT
10
192.1931
20
195.6553
0
VERTEX
8
CUT
10
192.0239
20
195.5829
0
VERTEX
8
CUT
10
191.9715
20
195.5574
0
VERTEX
8
CUT
10
191.8101
20
195.4689
0
VERTEX
8
CUT
10
191.7604
20
195.4385
0
VERTEX
8
CUT
10
191.6083
20
195.3348
0
VERTEX
8
CUT
10
191.5618
20
195.2997
0
VERTEX
8
CUT
10
191.4205
20
195.1817
0
VERTEX
8
CUT
10
191.3777
20
195.1423
0
VERTEX
8
CUT
10
191.2484
20
195.0111
0
VERTEX
8
CUT
10
191.2096
20
194.9677
0
VERTEX
8
CUT
10
191.0937
20
194.8247
0
VERTEX
8
CUT
10
191.0593
20
194.7777
0
VERTEX
8
CUT
10
190.9578
20
194.6241
0
VERTEX
8
CUT
10
190.9281
20
194.5740
0
VERTEX
8
CUT
10
190.8420
20
194.4113
0
VERTEX
8
CUT
10
190.8173
20
194.3586
0
VERTEX
8
CUT
10
190.7473
20
194.1883
0
VERTEX
8
CUT
10
190.7278
20
194.1334
0
VERTEX
8
CUT
10
190.6747
20
193.9571
0
VERTEX
8
CUT
10
190.6606
20
193.9006
0
VERTEX
8
CUT
10
190.6249
20
193.7200
0
VERTEX
8
CUT
10
190.6163
20
193.6624
0
VERTEX
8
CUT
10
190.5982
20
193.4792
0
VERTEX
8
CUT
10
190.5953
20
193.4211
0
VERTEX
8
CUT
10
190.5951
20
193.2370
0
VERTEX
8
CUT
10
190.5978
20
193.1788
0
VERTEX
8
CUT
10
190.6154
20
192.9955
0
VERTEX
8
CUT
10
190.6238
20
192.9379
0
VERTEX
8
CUT
10
190.6596
20
192.7547
0
VERTEX
8
CUT
10
190.6658
20
192.7263
0
VERTEX
8
CUT
10
190.6794
20
192.6710
0
VERTEX
8
CUT
10
190.6831
20
192.6569
0
VERTEX
8
CUT
10
190.7079
20
192.5656
0
VERTEX
8
CUT
10
190.7119
20
192.5516
0
VERTEX
8
CUT
10
190.9983
20
191.5914
0
VERTEX
8
CUT
10
191.0021
20
191.5785
0
VERTEX
8
CUT
10
191.0106
20
191.5482
0
VERTEX
8
CUT
10
191.0142
20
191.5353
0
VERTEX
8
CUT
10
191.0184
20
191.5194
0
VERTEX
8
CUT
10
191.0218
20
191.5063
0
VERTEX
8
CUT
10
191.0294
20
191.4759
0
VERTEX
8
CUT
10
191.0326
20
191.4628
0
VERTEX
8
CUT
10
191.0361
20
191.4477
0
VERTEX
8
CUT
10
191.0391
20
191.4346
0
VERTEX
8
CUT
10
191.0458
20
191.4039
0
VERTEX
8
CUT
10
191.0485
20
191.3907
0
VERTEX
8
CUT
10
191.0518
20
191.3746
0
VERTEX
8
CUT
10
191.0544
20
191.3614
0
VERTEX
8
CUT
10
191.0602
20
191.3305
0
VERTEX
8
CUT
10
191.0625
20
191.3173
0
VERTEX
8
CUT
10
191.6180
20
188.0855
0
VERTEX
8
CUT
10
191.6205
20
188.0703
0
VERTEX
8
CUT
10
191.6260
20
188.0349
0
VERTEX
8
CUT
10
191.6282
20
188.0197
0
VERTEX
8
CUT
10
191.6307
20
188.0011
0
VERTEX
8
CUT
10
191.6327
20
187.9858
0
VERTEX
8
CUT
10
191.6369
20
187.9502
0
VERTEX
8
CUT
10
191.6386
20
187.9349
0
VERTEX
8
CUT
10
191.6404
20
187.9174
0
VERTEX
8
CUT
10
191.6418
20
187.9021
0
VERTEX
8
CUT
10
191.6449
20
187.8664
0
VERTEX
8
CUT
10
191.6460
20
187.8510
0
VERTEX
8
CUT
10
191.6473
20
187.8323
0
VERTEX
8
CUT
10
191.6482
20
187.8170
0
VERTEX
8
CUT
10
191.6500
20
187.7812
0
VERTEX
8
CUT
10
191.6507
20
187.7658
0
VERTEX
8
CUT
10
191.7560
20
184.6291
0
VERTEX
8
CUT
10
191.7562
20
184.6200
0
VERTEX
8
CUT
10
191.7566
20
184.6058
0
VERTEX
8
CUT
10
191.7568
20
184.5824
0
VERTEX
8
CUT
10
191.7567
20
184.5511
0
VERTEX
8
CUT
10
191.7562
20
184.5232
0
VERTEX
8
CUT
10
191.7555
20
184.5011
0
VERTEX
8
CUT
10
191.7550
20
184.4885
0
VERTEX
8
CUT
10
191.7547
20
184.4838
0
VERTEX
8
CUT
10
191.7530
20
184.4565
0
VERTEX
8
CUT
10
191.7483
20
184.3958
0
VERTEX
8
CUT
10
191.7447
20
184.3595
0
VERTEX
8
CUT
10
191.7433
20
184.3473
0
VERTEX
8
CUT
10
191.7421
20
184.3382
0
VERTEX
8
CUT
10
191.3594
20
181.3789
0
VERTEX
8
CUT
10
191.3581
20
181.3695
0
VERTEX
8
CUT
10
191.3561
20
181.3549
0
VERTEX
8
CUT
10
191.3524
20
181.3309
0
VERTEX
8
CUT
10
191.3470
20
181.2986
0
VERTEX
8
CUT
10
191.3417
20
181.2701
0
VERTEX
8
CUT
10
191.3372
20
181.2475
0
VERTEX
8
CUT
10
191.3345
20
181.2346
0
VERTEX
8
CUT
10
191.3334
20
181.2299
0
VERTEX
8
CUT
10
191.3270
20
181.2021
0
VERTEX
8
CUT
10
191.3116
20
181.1406
0
VERTEX
8
CUT
10
191.3016
20
181.1039
0
VERTEX
8
CUT
10
191.2980
20
181.0916
0
VERTEX
8
CUT
10
191.2953
20
181.0825
0
VERTEX
8
CUT
10
190.4480
20
178.3198
0
VERTEX
8
CUT
10
190.4452
20
178.3106
0
VERTEX
8
CUT
10
190.4406
20
178.2964
0
VERTEX
8
CUT
10
190.4328
20
178.2729
0
VERTEX
8
CUT
10
190.4219
20
178.2416
0
VERTEX
8
CUT
10
190.4118
20
178.2140
0
VERTEX
8
CUT
10
190.4033
20
178.1922
0
VERTEX
8
CUT
10
190.3984
20
178.1798
0
VERTEX
8
CUT
10
190.3966
20
178.1752
0
VERTEX
8
CUT
10
190.3853
20
178.1486
0
VERTEX
8
CUT
10
190.3594
20
178.0897
0
VERTEX
8
CUT
10
190.3431
20
178.0548
0
VERTEX
8
CUT
10
190.3373
20
178.0431
0
VERTEX
8
CUT
10
190.3330
20
178.0345
0
VERTEX
8
CUT
10
189.0358
20
175.4739
0
VERTEX
8
CUT
10
189.0314
20
175.4654
0
VERTEX
8
CUT
10
189.0246
20
175.4523
0
VERTEX
8
CUT
10
189.0130
20
175.4308
0
VERTEX
8
CUT
10
188.9971
20
175.4021
0
VERTEX
8
CUT
10
188.9825
20
175.3768
0
VERTEX
8
CUT
10
188.9706
20
175.3570
0
VERTEX
8
CUT
10
188.9638
20
175.3457
0
VERTEX
8
CUT
10
188.9612
20
175.3415
0
VERTEX
8
CUT
10
188.9457
20
175.3174
0
VERTEX
8
CUT
10
188.9105
20
175.2643
0
VERTEX
8
CUT
10
188.8888
20
175.2329
0
VERTEX
8
CUT
10
188.8812
20
175.2225
0
VERTEX
8
CUT
10
188.8755
20
175.2148
0
VERTEX
8
CUT
10
187.1325
20
172.8670
0
VERTEX
8
CUT
10
187.1269
20
172.8596
0
VERTEX
8
CUT
10
187.1182
20
172.8481
0
VERTEX
8
CUT
10
187.1035
20
172.8293
0
VERTEX
8
CUT
10
187.0835
20
172.8043
0
VERTEX
8
CUT
10
187.0654
20
172.7824
0
VERTEX
8
CUT
10
187.0507
20
172.7652
0
VERTEX
8
CUT
10
187.0423
20
172.7555
0
VERTEX
8
CUT
10
187.0391
20
172.7519
0
VERTEX
8
CUT
10
187.0203
20
172.7312
0
VERTEX
8
CUT
10
186.9779
20
172.6859
0
VERTEX
8
CUT
10
186.9519
20
172.6592
0
VERTEX
8
CUT
10
186.9429
20
172.6504
0
VERTEX
8
CUT
10
186.9363
20
172.6439
0
VERTEX
8
CUT
10
185.6824
20
171.4362
0
VERTEX
8
CUT
10
185.6713
20
171.4257
0
VERTEX
8
CUT
10
185.6452
20
171.4013
0
VERTEX
8
CUT
10
185.6339
20
171.3910
0
VERTEX
8
CUT
10
185.6200
20
171.3785
0
VERTEX
8
CUT
10
185.6086
20
171.3684
0
VERTEX
8
CUT
10
185.5817
20
171.3450
0
VERTEX
8
CUT
10
185.5700
20
171.3351
0
VERTEX
8
CUT
10
185.5566
20
171.3238
0
VERTEX
8
CUT
10
185.5448
20
171.3140
0
VERTEX
8
CUT
10
185.5171
20
171.2916
0
VERTEX
8
CUT
10
185.5051
20
171.2820
0
VERTEX
8
CUT
10
185.4905
20
171.2705
0
VERTEX
8
CUT
10
185.4783
20
171.2612
0
VERTEX
8
CUT
10
185.4499
20
171.2397
0
VERTEX
8
CUT
10
185.4376
20
171.2305
0
VERTEX
8
CUT
10
183.8814
20
170.0942
0
VERTEX
8
CUT
10
183.8691
20
170.0853
0
VERTEX
8
CUT
10
183.8400
20
170.0649
0
VERTEX
8
CUT
10
183.8275
20
170.0562
0
VERTEX
8
CUT
10
183.8121
20
170.0457
0
VERTEX
8
CUT
10
183.7994
20
170.0373
0
VERTEX
8
CUT
10
183.7697
20
170.0178
0
VERTEX
8
CUT
10
183.7569
20
170.0096
0
VERTEX
8
CUT
10
183.7421
20
170.0002
0
VERTEX
8
CUT
10
183.7291
20
169.9922
0
VERTEX
8
CUT
10
183.6988
20
169.9738
0
VERTEX
8
CUT
10
183.6857
20
169.9659
0
VERTEX
8
CUT
10
183.6696
20
169.9566
0
VERTEX
8
CUT
10
183.6564
20
169.9490
0
VERTEX
8
CUT
10
183.6254
20
169.9316
0
VERTEX
8
CUT
10
183.6121
20
169.9242
0
VERTEX
8
CUT
10
181.8533
20
168.9742
0
VERTEX
8
CUT
10
181.8416
20
168.9680
0
VERTEX
8
CUT
10
181.8141
20
168.9537
0
VERTEX
8
CUT
10
181.8024
20
168.9476
0
VERTEX
8
CUT
10
181.7879
20
168.9404
0
VERTEX
8
CUT
10
181.7760
20
168.9345
0
VERTEX
8
CUT
10
181.7482
20
168.9210
0
VERTEX
8
CUT
10
181.7362
20
168.9153
0
VERTEX
8
CUT
10
181.7224
20
168.9089
0
VERTEX
8
CUT
10
181.7104
20
168.9034
0
VERTEX
8
CUT
10
181.6822
20
168.8907
0
VERTEX
8
CUT
10
181.6701
20
168.8854
0
VERTEX
8
CUT
10
181.6552
20
168.8790
0
VERTEX
8
CUT
10
181.6430
20
168.8739
0
VERTEX
8
CUT
10
181.6144
20
168.8620
0
VERTEX
8
CUT
10
181.6022
20
168.8571
0
VERTEX
8
CUT
10
179.6566
20
168.0857
0
VERTEX
8
CUT
10
179.6461
20
168.0816
0
VERTEX
8
CUT
10
179.6216
20
168.0722
0
VERTEX
8
CUT
10
179.6111
20
168.0683
0
VERTEX
8
CUT
10
179.5982
20
168.0635
0
VERTEX
8
CUT
10
179.5876
20
168.0597
0
VERTEX
8
CUT
10
179.5629
20
168.0510
0
VERTEX
8
CUT
10
179.5523
20
168.0473
0
VERTEX
8
CUT
10
179.5400
20
168.0431
0
VERTEX
8
CUT
10
179.5294
20
168.0396
0
VERTEX
8
CUT
10
179.5044
20
168.0315
0
VERTEX
8
CUT
10
179.4937
20
168.0280
0
VERTEX
8
CUT
10
179.4806
20
168.0240
0
VERTEX
8
CUT
10
179.4699
20
168.0207
0
VERTEX
8
CUT
10
179.4447
20
168.0132
0
VERTEX
8
CUT
10
179.4339
20
168.0100
0
VERTEX
8
CUT
10
177.3072
20
167.4041
0
VERTEX
8
CUT
10
177.2965
20
167.4012
0
VERTEX
8
CUT
10
177.2716
20
167.3944
0
VERTEX
8
CUT
10
177.2609
20
167.3916
0
VERTEX
8
CUT
10
177.2478
20
167.3882
0
VERTEX
8
CUT
10
177.2371
20
167.3855
0
VERTEX
8
CUT
10
177.2120
20
167.3793
0
VERTEX
8
CUT
10
177.2013
20
167.3768
0
VERTEX
8
CUT
10
177.1889
20
167.3739
0
VERTEX
8
CUT
10
177.1781
20
167.3714
0
VERTEX
8
CUT
10
177.1529
20
167.3659
0
VERTEX
8
CUT
10
177.1421
20
167.3636
0
VERTEX
8
CUT
10
177.1288
20
167.3609
0
VERTEX
8
CUT
10
177.1180
20
167.3587
0
VERTEX
8
CUT
10
177.0927
20
167.3538
0
VERTEX
8
CUT
10
177.0818
20
167.3517
0
VERTEX
8
CUT
10
174.8414
20
166.9459
0
VERTEX
8
CUT
10
174.8313
20
166.9441
0
VERTEX
8
CUT
10
174.8076
20
166.9401
0
VERTEX
8
CUT
10
174.7974
20
166.9384
0
VERTEX
8
CUT
10
174.7850
20
166.9365
0
VERTEX
8
CUT
10
174.7749
20
166.9349
0
VERTEX
8
CUT
10
174.7511
20
166.9315
0
VERTEX
8
CUT
10
174.7409
20
166.9300
0
VERTEX
8
CUT
10
174.7292
20
166.9285
0
VERTEX
8
CUT
10
174.7190
20
166.9271
0
VERTEX
8
CUT
10
174.6951
20
166.9242
0
VERTEX
8
CUT
10
174.6849
20
166.9230
0
VERTEX
8
CUT
10
174.6724
20
166.9216
0
VERTEX
8
CUT
10
174.6622
20
166.9206
0
VERTEX
8
CUT
10
174.6383
20
166.9182
0
VERTEX
8
CUT
10
174.6280
20
166.9172
0
VERTEX
8
CUT
10
172.3414
20
166.7161
0
VERTEX
8
CUT
10
172.3291
20
166.7151
0
VERTEX
8
CUT
10
172.3004
20
166.7130
0
VERTEX
8
CUT
10
172.2882
20
166.7121
0
VERTEX
8
CUT
10
172.2732
20
166.7112
0
VERTEX
8
CUT
10
172.2609
20
166.7106
0
VERTEX
8
CUT
10
172.2322
20
166.7092
0
VERTEX
8
CUT
10
172.2198
20
166.7087
0
VERTEX
8
CUT
10
172.2057
20
166.7083
0
VERTEX
8
CUT
10
172.1934
20
166.7080
0
VERTEX
8
CUT
10
172.1647
20
166.7074
0
VERTEX
8
CUT
10
172.1523
20
166.7072
0
VERTEX
8
CUT
10
172.1373
20
166.7072
0
VERTEX
8
CUT
10
172.1250
20
166.7072
0
VERTEX
8
CUT
10
172.0963
20
166.7074
0
VERTEX
8
CUT
10
172.0840
20
166.7076
0
VERTEX
8
CUT
10
169.7870
20
166.7575
0
VERTEX
8
CUT
10
169.7764
20
166.7578
0
VERTEX
8
CUT
10
169.7517
20
166.7586
0
VERTEX
8
CUT
10
169.7411
20
166.7591
0
VERTEX
8
CUT
10
169.7281
20
166.7597
0
VERTEX
8
CUT
10
169.7176
20
166.7602
0
VERTEX
8
CUT
10
169.6928
20
166.7616
0
VERTEX
8
CUT
10
169.6822
20
166.7623
0
VERTEX
8
CUT
10
169.6701
20
166.7631
0
VERTEX
8
CUT
10
169.6595
20
166.7639
0
VERTEX
8
CUT
10
169.6348
20
166.7659
0
VERTEX
8
CUT
10
169.6242
20
166.7668
0
VERTEX
8
CUT
10
169.6113
20
166.7680
0
VERTEX
8
CUT
10
169.6008
20
166.7691
0
VERTEX
8
CUT
10
169.5762
20
166.7716
0
VERTEX
8
CUT
10
169.5656
20
166.7728
0
VERTEX
8
CUT
10
166.4302
20
167.1383
0
VERTEX
8
CUT
10
166.4176
20
167.1399
0
VERTEX
8
CUT
10
166.3880
20
167.1437
0
VERTEX
8
CUT
10
166.3754
20
167.1455
0
VERTEX
8
CUT
10
166.3600
20
167.1477
0
VERTEX
8
CUT
10
166.3474
20
167.1496
0
VERTEX
8
CUT
10
166.3180
20
167.1543
0
VERTEX
8
CUT
10
166.3054
20
167.1565
0
VERTEX
8
CUT
10
166.2909
20
167.1590
0
VERTEX
8
CUT
10
166.2784
20
167.1613
0
VERTEX
8
CUT
10
166.2491
20
167.1668
0
VERTEX
8
CUT
10
166.2366
20
167.1693
0
VERTEX
8
CUT
10
166.2213
20
167.1724
0
VERTEX
8
CUT
10
166.2088
20
167.1750
0
VERTEX
8
CUT
10
166.1797
20
167.1814
0
VERTEX
8
CUT
10
166.1673
20
167.1842
0
VERTEX
8
CUT
10
163.0637
20
167.9093
0
VERTEX
8
CUT
10
163.0529
20
167.9119
0
VERTEX
8
CUT
10
163.0276
20
167.9181
0
VERTEX
8
CUT
10
163.0168
20
167.9208
0
VERTEX
8
CUT
10
163.0036
20
167.9243
0
VERTEX
8
CUT
10
162.9928
20
167.9271
0
VERTEX
8
CUT
10
162.9677
20
167.9340
0
VERTEX
8
CUT
10
162.9569
20
167.9370
0
VERTEX
8
CUT
10
162.9446
20
167.9405
0
VERTEX
8
CUT
10
162.9339
20
167.9437
0
VERTEX
8
CUT
10
162.9090
20
167.9512
0
VERTEX
8
CUT
10
162.8983
20
167.9544
0
VERTEX
8
CUT
10
162.8853
20
167.9585
0
VERTEX
8
CUT
10
162.8747
20
167.9619
0
VERTEX
8
CUT
10
162.8499
20
167.9700
0
VERTEX
8
CUT
10
162.8393
20
167.9736
0
VERTEX
8
CUT
10
159.3623
20
169.1594
0
VERTEX
8
CUT
10
159.3561
20
169.1616
0
VERTEX
8
CUT
10
159.3416
20
169.1666
0
VERTEX
8
CUT
10
159.3354
20
169.1688
0
VERTEX
8
CUT
10
159.3206
20
169.1741
0
VERTEX
8
CUT
10
159.3130
20
169.1769
0
VERTEX
8
CUT
10
159.2953
20
169.1834
0
VERTEX
8
CUT
10
159.2877
20
169.1862
0
VERTEX
8
CUT
10
159.2790
20
169.1895
0
VERTEX
8
CUT
10
159.2714
20
169.1924
0
VERTEX
8
CUT
10
159.2538
20
169.1993
0
VERTEX
8
CUT
10
159.2462
20
169.2022
0
VERTEX
8
CUT
10
159.2424
20
169.2038
0
VERTEX
8
CUT
10
159.2335
20
169.2074
0
VERTEX
8
CUT
10
159.2128
20
169.2159
0
VERTEX
8
CUT
10
159.2040
20
169.2196
0
VERTEX
8
CUT
10
156.2663
20
170.4636
0
VERTEX
8
CUT
10
156.2525
20
170.4692
0
VERTEX
8
CUT
10
156.1623
20
170.5048
0
VERTEX
8
CUT
10
156.1484
20
170.5101
0
VERTEX
8
CUT
10
156.0936
20
170.5302
0
VERTEX
8
CUT
10
156.0653
20
170.5397
0
VERTEX
8
CUT
10
155.8824
20
170.5965
0
VERTEX
8
CUT
10
155.8246
20
170.6113
0
VERTEX
8
CUT
10
155.6396
20
170.6491
0
VERTEX
8
CUT
10
155.5806
20
170.6581
0
VERTEX
8
CUT
10
155.3927
20
170.6774
0
VERTEX
8
CUT
10
155.3331
20
170.6805
0
VERTEX
8
CUT
10
155.1443
20
170.6809
0
VERTEX
8
CUT
10
155.0846
20
170.6781
0
VERTEX
8
CUT
10
154.8967
20
170.6597
0
VERTEX
8
CUT
10
154.8376
20
170.6510
0
VERTEX
8
CUT
10
154.6525
20
170.6140
0
VERTEX
8
CUT
10
154.5945
20
170.5995
0
VERTEX
8
CUT
10
154.4140
20
170.5443
0
VERTEX
8
CUT
10
154.3578
20
170.5240
0
VERTEX
8
CUT
10
154.1836
20
170.4512
0
VERTEX
8
CUT
10
154.1297
20
170.4255
0
VERTEX
8
CUT
10
153.9636
20
170.3357
0
VERTEX
8
CUT
10
153.9125
20
170.3047
0
VERTEX
8
CUT
10
153.7562
20
170.1988
0
VERTEX
8
CUT
10
153.7085
20
170.1629
0
VERTEX
8
CUT
10
153.5634
20
170.0420
0
VERTEX
8
CUT
10
153.5195
20
170.0016
0
VERTEX
8
CUT
10
153.3872
20
169.8669
0
VERTEX
8
CUT
10
153.3475
20
169.8222
0
VERTEX
8
CUT
10
153.2293
20
169.6750
0
VERTEX
8
CUT
10
153.1942
20
169.6267
0
VERTEX
8
CUT
10
153.0912
20
169.4685
0
VERTEX
8
CUT
10
153.0611
20
169.4169
0
VERTEX
8
CUT
10
152.9743
20
169.2492
0
VERTEX
8
CUT
10
152.9495
20
169.1948
0
VERTEX
8
CUT
10
152.8798
20
169.0194
0
VERTEX
8
CUT
10
152.8606
20
168.9628
0
VERTEX
8
CUT
10
152.8087
20
168.7813
0
VERTEX
8
CUT
10
152.7951
20
168.7231
0
VERTEX
8
CUT
10
152.7615
20
168.5373
0
VERTEX
8
CUT
10
152.7538
20
168.4781
0
VERTEX
8
CUT
10
152.7389
20
168.2899
0
VERTEX
8
CUT
10
152.7371
20
168.2302
0
VERTEX
8
CUT
10
152.7409
20
168.0414
0
VERTEX
8
CUT
10
152.7451
20
167.9818
0
VERTEX
8
CUT
10
152.7677
20
167.7944
0
VERTEX
8
CUT
10
152.7777
20
167.7355
0
SEQEND
0
POLYLINE
8
CUT
66
1
70
1
10
0.0
20
0.0
30
0.0
0
VERTEX
8
CUT
10
8.0051
20
276.9846
0
VERTEX
8
CUT
10
8.0187
20
276.9289
0
VERTEX
8
CUT
10
8.0698
20
276.7553
0
VERTEX
8
CUT
10
8.0886
20
276.7012
0
VERTEX
8
CUT
10
8.1560
20
276.5332
0
VERTEX
8
CUT
10
8.1799
20
276.4812
0
VERTEX
8
CUT
10
8.2630
20
276.3204
0
VERTEX
8
CUT
10
8.2917
20
276.2709
0
VERTEX
8
CUT
10
8.3898
20
276.1187
0
VERTEX
8
CUT
10
8.4231
20
276.0722
0
VERTEX
8
CUT
10
8.5352
20
275.9301
0
VERTEX
8
CUT
10
8.5728
20
275.8869
0
VERTEX
8
CUT
10
8.6980
20
275.7561
0
VERTEX
8
CUT
10
8.7395
20
275.7167
0
VERTEX
8
CUT
10
8.8766
20
275.5985
0
VERTEX
8
CUT
10
8.9217
20
275.5632
0
VERTEX
8
CUT
10
9.0694
20
275.4586
0
VERTEX
8
CUT
10
9.1176
20
275.4278
0
VERTEX
8
CUT
10
9.2746
20
275.3377
0
VERTEX
8
CUT
10
9.3256
20
275.3116
0
VERTEX
8
CUT
10
9.4928
20
275.2359
0
VERTEX
8
CUT
10
9.5191
20
275.2247
0
VERTEX
8
CUT
10
9.5395
20
275.2166
0
VERTEX
8
CUT
10
9.5781
20
275.2002
0
VERTEX
8
CUT
10
9.6482
20
275.1686
0
VERTEX
8
CUT
10
9.7229
20
275.1306
0
VERTEX
8
CUT
10
9.7714
20
275.1030
0
VERTEX
8
CUT
10
9.8423
20
275.0581
0
VERTEX
8
CUT
10
9.8880
20
275.0261
0
VERTEX
8
CUT
10
9.9544
20
274.9749
0
VERTEX
8
CUT
10
9.9970
20
274.9388
0
VERTEX
8
CUT
10
10.0583
20
274.8816
0
VERTEX
8
CUT
10
10.0973
20
274.8416
0
VERTEX
8
CUT
10
10.1530
20
274.7790
0
VERTEX
8
CUT
10
10.1882
20
274.7356
0
VERTEX
8
CUT
10
10.2378
20
274.6680
0
VERTEX
8
CUT
10
10.2804
20
274.6041
0
VERTEX
8
CUT
10
10.3028
20
274.5686
0
VERTEX
8
CUT
10
11.2168
20
273.0462
0
VERTEX
8
CUT
10
11.2206
20
273.0399
0
VERTEX
8
CUT
10
11.2476
20
272.9962
0
VERTEX
8
CUT
10
11.2518
20
272.9895
0
VERTEX
8
CUT
10
11.2861
20
272.9355
0
VERTEX
8
CUT
10
11.2903
20
272.9290
0
VERTEX
8
CUT
10
11.3180
20
272.8867
0
VERTEX
8
CUT
10
11.3226
20
272.8798
0
VERTEX
8
CUT
10
14.6662
20
267.9170
0
VERTEX
8
CUT
10
14.6717
20
267.9090
0
VERTEX
8
CUT
10
14.7105
20
267.8534
0
VERTEX
8
CUT
10
14.7166
20
267.8449
0
VERTEX
8
CUT
10
14.7662
20
267.7764
0
VERTEX
8
CUT
10
14.7722
20
267.7681
0
VERTEX
8
CUT
10
14.8123
20
267.7147
0
VERTEX
8
CUT
10
14.8190
20
267.7060
0
VERTEX
8
CUT
10
20.6982
20
260.1609
0
VERTEX
8
CUT
10
20.7058
20
260.1514
0
VERTEX
8
CUT
10
20.7559
20
260.0896
0
VERTEX
8
CUT
10
20.7638
20
260.0802
0
VERTEX
8
CUT
10
20.8283
20
260.0040
0
VERTEX
8
CUT
10
20.8363
20
259.9947
0
VERTEX
8
CUT
10
20.8890
20
259.9350
0
VERTEX
8
CUT
10
20.8972
20
259.9260
0
VERTEX
8
CUT
10
24.8363
20
255.6425
0
VERTEX
8
CUT
10
24.8422
20
255.6363
0
VERTEX
8
CUT
10
24.8829
20
255.5932
0
VERTEX
8
CUT
10
24.8893
20
255.5866
0
VERTEX
8
CUT
10
24.9409
20
255.5337
0
VERTEX
8
CUT
10
24.9472
20
255.5273
0
VERTEX
8
CUT
10
24.9886
20
255.4861
0
VERTEX
8
CUT
10
24.9955
20
255.4794
0
VERTEX
8
CUT
10
28.6264
20
251.9806
0
VERTEX
8
CUT
10
28.6311
20
251.9760
0
VERTEX
8
CUT
10
28.6644
20
251.9447
0
VERTEX
8
CUT
10
28.6695
20
251.9399
0
VERTEX
8
CUT
10
28.7114
20
251.9013
0
VERTEX
8
CUT
10
28.7165
20
251.8967
0
VERTEX
8
CUT
10
28.7500
20
251.8666
0
VERTEX
8
CUT
10
28.7555
20
251.8617
0
VERTEX
8
CUT
10
32.4634
20
248.6072
0
VERTEX
8
CUT
10
32.4694
20
248.6020
0
VERTEX
8
CUT
10
32.5112
20
248.5663
0
VERTEX
8
CUT
10
32.5177
20
248.5608
0
VERTEX
8
CUT
10
32.5705
20
248.5170
0
VERTEX
8
CUT
10
32.5769
20
248.5118
0
VERTEX
8
CUT
10
32.6190
20
248.4777
0
VERTEX
8
CUT
10
32.6260
20
248.4722
0
VERTEX
8
CUT
10
36.4148
20
245.5050
0
VERTEX
8
CUT
10
36.4207
20
245.5005
0
VERTEX
8
CUT
10
36.4616
20
245.4693
0
VERTEX
8
CUT
10
36.4679
20
245.4645
0
VERTEX
8
CUT
10
36.5194
20
245.4262
0
VERTEX
8
CUT
10
36.5257
20
245.4217
0
VERTEX
8
CUT
10
36.5667
20
245.3920
0
VERTEX
8
CUT
10
36.5735
20
245.3871
0
VERTEX
8
CUT
10
40.5798
20
242.5752
0
VERTEX
8
CUT
10
40.5861
20
242.5708
0
VERTEX
8
CUT
10
40.6303
20
242.5406
0
VERTEX
8
CUT
10
40.6372
20
242.5360
0
VERTEX
8
CUT
10
40.6928
20
242.4991
0
VERTEX
8
CUT
10
40.6996
20
242.4946
0
VERTEX
8
CUT
10
40.7440
20
242.4661
0
VERTEX
8
CUT
10
40.7513
20
242.4614
0
VERTEX
8
CUT
10
45.0708
20
239.7685
0
VERTEX
8
CUT
10
45.0760
20
239.7653
0
VERTEX
8
CUT
10
45.1122
20
239.7432
0
VERTEX
8
CUT
10
45.1178
20
239.7399
0
VERTEX
8
CUT
10
45.1633
20
239.7128
0
VERTEX
8
CUT
10
45.1688
20
239.7096
0
VERTEX
8
CUT
10
45.2049
20
239.6886
0
VERTEX
8
CUT
10
45.2109
20
239.6852
0
VERTEX
8
CUT
10
49.9412
20
237.0126
0
VERTEX
8
CUT
10
49.9469
20
237.0094
0
VERTEX
8
CUT
10
49.9869
20
236.9873
0
VERTEX
8
CUT
10
49.9931
20
236.9840
0
VERTEX
8
CUT
10
50.0433
20
236.9571
0
VERTEX
8
CUT
10
50.0494
20
236.9538
0
VERTEX
8
CUT
10
50.0893
20
236.9331
0
VERTEX
8
CUT
10
50.0959
20
236.9297
0
VERTEX
8
CUT
10
55.4023
20
234.2490
0
VERTEX
8
CUT
10
55.4060
20
234.2471
0
VERTEX
8
CUT
10
55.4321
20
234.2342
0
VERTEX
8
CUT
10
55.4361
20
234.2322
0
VERTEX
8
CUT
10
55.4686
20
234.2163
0
VERTEX
8
CUT
10
55.4726
20
234.2144
0
VERTEX
8
CUT
10
55.4984
20
234.2021
0
VERTEX
8
CUT
10
55.5027
20
234.2001
0
VERTEX
8
CUT
10
69.9391
20
227.4352
0
VERTEX
8
CUT
10
69.9434
20
227.4331
0
VERTEX
8
CUT
10
69.9535
20
227.4283
0
VERTEX
8
CUT
10
69.9579
20
227.4263
0
VERTEX
8
CUT
10
69.9682
20
227.4213
0
VERTEX
8
CUT
10
69.9735
20
227.4187
0
VERTEX
8
CUT
10
69.9858
20
227.4127
0
VERTEX
8
CUT
10
69.9911
20
227.4100
0
VERTEX
8
CUT
10
69.9972
20
227.4070
0
VERTEX
8
CUT
10
70.0025
20
227.4044
0
VERTEX
8
CUT
10
70.0148
20
227.3981
0
VERTEX
8
CUT
10
70.0194
20
227.3958
0
VERTEX
8
CUT
10
70.0293
20
227.3907
0
VERTEX
8
CUT
10
70.0434
20
227.3833
0
VERTEX
8
CUT
10
70.0496
20
227.3800
0
VERTEX
8
CUT
10
75.9819
20
224.2109
0
VERTEX
8
CUT
10
75.9879
20
224.2076
0
VERTEX
8
CUT
10
76.0020
20
224.2000
0
VERTEX
8
CUT
10
76.0080
20
224.1967
0
VERTEX
8
CUT
10
76.0224
20
224.1887
0
VERTEX
8
CUT
10
76.0297
20
224.1846
0
VERTEX
8
CUT
10
76.0468
20
224.1749
0
VERTEX
8
CUT
10
76.0542
20
224.1707
0
VERTEX
8
CUT
10
76.0626
20
224.1658
0
VERTEX
8
CUT
10
76.0699
20
224.1616
0
VERTEX
8
CUT
10
76.0869
20
224.1515
0
VERTEX
8
CUT
10
76.0941
20
224.1472
0
VERTEX
8
CUT
10
76.0979
20
224.1449
0
VERTEX
8
CUT
10
76.1064
20
224.1397
0
VERTEX
8
CUT
10
76.1262
20
224.1274
0
VERTEX
8
CUT
10
76.1346
20
224.1221
0
VERTEX
8
CUT
10
78.3509
20
222.7152
0
VERTEX
8
CUT
10
78.3591
20
222.7100
0
VERTEX
8
CUT
10
78.3780
20
222.6976
0
VERTEX
8
CUT
10
78.3861
20
222.6923
0
VERTEX
8
CUT
10
78.3958
20
222.6859
0
VERTEX
8
CUT
10
78.4037
20
222.6805
0
VERTEX
8
CUT
10
78.4222
20
222.6680
0
VERTEX
8
CUT
10
78.4301
20
222.6625
0
VERTEX
8
CUT
10
78.4392
20
222.6562
0
VERTEX
8
CUT
10
78.4471
20
222.6506
0
VERTEX
8
CUT
10
78.4654
20
222.6376
0
VERTEX
8
CUT
10
78.4732
20
222.6320
0
VERTEX
8
CUT
10
78.4827
20
222.6251
0
VERTEX
8
CUT
10
78.4904
20
222.6194
0
VERTEX
8
CUT
10
78.5084
20
222.6059
0
VERTEX
8
CUT
10
78.5161
20
222.6001
0
VERTEX
8
CUT
10
82.1877
20
219.8018
0
VERTEX
8
CUT
10
82.1992
20
219.7929
0
VERTEX
8
CUT
10
82.2257
20
219.7720
0
VERTEX
8
CUT
10
82.2370
20
219.7629
0
VERTEX
8
CUT
10
82.2507
20
219.7518
0
VERTEX
8
CUT
10
82.2619
20
219.7425
0
VERTEX
8
CUT
10
82.2878
20
219.7208
0
VERTEX
8
CUT
10
82.2988
20
219.7113
0
VERTEX
8
CUT
10
82.3113
20
219.7004
0
VERTEX
8
CUT
10
82.3222
20
219.6908
0
VERTEX
8
CUT
10
82.3473
20
219.6683
0
VERTEX
8
CUT
10
82.3580
20
219.6585
0
VERTEX
8
CUT
10
82.3710
20
219.6465
0
VERTEX
8
CUT
10
82.3815
20
219.6366
0
VERTEX
8
CUT
10
82.4059
20
219.6132
0
VERTEX
8
CUT
10
82.4163
20
219.6031
0
VERTEX
8
CUT
10
84.9637
20
217.0830
0
VERTEX
8
CUT
10
84.9728
20
217.0739
0
VERTEX
8
CUT
10
84.9938
20
217.0525
0
VERTEX
8
CUT
10
85.0027
20
217.0432
0
VERTEX
8
CUT
10
85.0136
20
217.0319
0
VERTEX
8
CUT
10
85.0224
20
217.0225
0
VERTEX
8
CUT
10
85.0428
20
217.0006
0
VERTEX
8
CUT
10
85.0515
20
216.9911
0
VERTEX
8
CUT
10
85.0613
20
216.9801
0
VERTEX
8
CUT
10
85.0699
20
216.9705
0
VERTEX
8
CUT
10
85.0896
20
216.9479
0
VERTEX
8
CUT
10
85.0980
20
216.9382
0
VERTEX
8
CUT
10
85.1082
20
216.9263
0
VERTEX
8
CUT
10
85.1165
20
216.9164
0
VERTEX
8
CUT
10
85.1356
20
216.8933
0
VERTEX
8
CUT
10
85.1437
20
216.8833
0
VERTEX
8
CUT
10
87.3568
20
214.1271
0
VERTEX
8
CUT
10
87.3636
20
214.1185
0
VERTEX
8
CUT
10
87.3742
20
214.1051
0
VERTEX
8
CUT
10
87.3912
20
214.0826
0
VERTEX
8
CUT
10
87.4135
20
214.0522
0
VERTEX
8
CUT
10
87.4329
20
214.0247
0
VERTEX
8
CUT
10
87.4478
20
214.0027
0
VERTEX
8
CUT
10
87.4562
20
213.9901
0
VERTEX
8
CUT
10
87.4593
20
213.9853
0
VERTEX
8
CUT
10
87.4768
20
213.9574
0
VERTEX
8
CUT
10
87.5146
20
213.8946
0
VERTEX
8
CUT
10
87.5364
20
213.8564
0
VERTEX
8
CUT
10
87.5434
20
213.8434
0
VERTEX
8
CUT
10
87.5486
20
213.8337
0
VERTEX
8
CUT
10
88.9809
20
211.0902
0
VERTEX
8
CUT
10
88.9863
20
211.0796
0
VERTEX
8
CUT
10
88.9936
20
211.0652
0
VERTEX
8
CUT
10
89.0140
20
211.0221
0
VERTEX
8
CUT
10
89.0461
20
210.9492
0
VERTEX
8
CUT
10
89.0596
20
210.9167
0
VERTEX
8
CUT
10
89.0719
20
210.8837
0
VERTEX
8
CUT
10
89.0980
20
210.8086
0
VERTEX
8
CUT
10
89.1126
20
210.7631
0
VERTEX
8
CUT
10
89.1170
20
210.7476
0
VERTEX
8
CUT
10
89.1203
20
210.7361
0
VERTEX
8
CUT
10
90.0541
20
207.3482
0
VERTEX
8
CUT
10
90.0572
20
207.3366
0
VERTEX
8
CUT
10
90.0613
20
207.3210
0
VERTEX
8
CUT
10
90.0721
20
207.2744
0
VERTEX
8
CUT
10
90.0882
20
207.1961
0
VERTEX
8
CUT
10
90.0946
20
207.1614
0
VERTEX
8
CUT
10
90.0996
20
207.1265
0
VERTEX
8
CUT
10
90.1094
20
207.0472
0
VERTEX
8
CUT
10
90.1140
20
206.9996
0
VERTEX
8
CUT
10
90.1151
20
206.9834
0
VERTEX
8
CUT
10
90.1158
20
206.9715
0
VERTEX
8
CUT
10
90.2368
20
204.8169
0
VERTEX
8
CUT
10
90.2373
20
204.8065
0
VERTEX
8
CUT
10
90.2380
20
204.7904
0
VERTEX
8
CUT
10
90.2388
20
204.7638
0
VERTEX
8
CUT
10
90.2394
20
204.7280
0
VERTEX
8
CUT
10
90.2393
20
204.6962
0
VERTEX
8
CUT
10
90.2388
20
204.6711
0
VERTEX
8
CUT
10
90.2384
20
204.6567
0
VERTEX
8
CUT
10
90.2382
20
204.6513
0
VERTEX
8
CUT
10
90.2365
20
204.6202
0
VERTEX
8
CUT
10
90.2316
20
204.5510
0
VERTEX
8
CUT
10
90.2276
20
204.5095
0
VERTEX
8
CUT
10
90.2260
20
204.4956
0
VERTEX
8
CUT
10
90.2247
20
204.4852
0
VERTEX
8
CUT
10
89.9591
20
202.4355
0
VERTEX
8
CUT
10
89.9575
20
202.4237
0
VERTEX
8
CUT
10
89.9552
20
202.4077
0
VERTEX
8
CUT
10
89.9472
20
202.3606
0
VERTEX
8
CUT
10
89.9317
20
202.2824
0
VERTEX
8
CUT
10
89.9242
20
202.2480
0
VERTEX
8
CUT
10
89.9153
20
202.2139
0
VERTEX
8
CUT
10
89.8937
20
202.1372
0
VERTEX
8
CUT
10
89.8795
20
202.0916
0
VERTEX
8
CUT
10
89.8743
20
202.0763
0
VERTEX
8
CUT
10
89.8704
20
202.0650
0
VERTEX
8
CUT
10
89.2314
20
200.2663
0
VERTEX
8
CUT
10
89.2274
20
200.2553
0
VERTEX
8
CUT
10
89.2219
20
200.2404
0
VERTEX
8
CUT
10
89.2046
20
200.1970
0
VERTEX
8
CUT
10
89.1737
20
200.1253
0
VERTEX
8
CUT
10
89.1595
20
200.0939
0
VERTEX
8
CUT
10
89.1440
20
200.0630
0
VERTEX
8
CUT
10
89.1077
20
199.9940
0
VERTEX
8
CUT
10
89.0848
20
199.9531
0
VERTEX
8
CUT
10
89.0767
20
199.9396
0
VERTEX
8
CUT
10
89.0707
20
199.9295
0
VERTEX
8
CUT
10
88.1152
20
198.3689
0
VERTEX
8
CUT
10
88.1081
20
198.3575
0
VERTEX
8
CUT
10
88.0984
20
198.3422
0
VERTEX
8
CUT
10
88.0684
20
198.2977
0
VERTEX
8
CUT
10
88.0161
20
198.2251
0
VERTEX
8
CUT
10
87.9923
20
198.1935
0
VERTEX
8
CUT
10
87.9671
20
198.1630
0
VERTEX
8
CUT
10
87.9085
20
198.0953
0
VERTEX
8
CUT
10
87.8722
20
198.0558
0
VERTEX
8
CUT
10
87.8595
20
198.0429
0
VERTEX
8
CUT
10
87.8501
20
198.0333
0
VERTEX
8
CUT
10
86.5514
20
196.7414
0
VERTEX
8
CUT
10
86.5447
20
196.7349
0
VERTEX
8
CUT
10
86.5344
20
196.7248
0
VERTEX
8
CUT
10
86.5171
20
196.7084
0
VERTEX
8
CUT
10
86.4936
20
196.6867
0
VERTEX
8
CUT
10
86.4724
20
196.6678
0
VERTEX
8
CUT
10
86.4694
20
196.6651
0
VERTEX
8
CUT
10
86.4308
20
196.6335
0
VERTEX
8
CUT
10
86.3770
20
196.5918
0
VERTEX
8
CUT
10
86.3245
20
196.5541
0
VERTEX
8
CUT
10
86.2864
20
196.5288
0
VERTEX
8
CUT
10
86.2545
20
196.5085
0
VERTEX
8
CUT
10
86.2439
20
196.5021
0
VERTEX
8
CUT
10
86.2360
20
196.4973
0
VERTEX
8
CUT
10
84.6851
20
195.5789
0
VERTEX
8
CUT
10
84.6731
20
195.5720
0
VERTEX
8
CUT
10
84.6570
20
195.5628
0
VERTEX
8
CUT
10
84.6083
20
195.5369
0
VERTEX
8
CUT
10
84.5259
20
195.4963
0
VERTEX
8
CUT
10
84.4891
20
195.4792
0
VERTEX
8
CUT
10
84.4515
20
195.4638
0
VERTEX
8
CUT
10
84.3657
20
195.4308
0
VERTEX
8
CUT
10
84.3137
20
195.4127
0
VERTEX
8
CUT
10
84.2960
20
195.4071
0
VERTEX
8
CUT
10
84.2828
20
195.4031
0
VERTEX
8
CUT
10
82.5157
20
194.8766
0
VERTEX
8
CUT
10
82.5044
20
194.8733
0
VERTEX
8
CUT
10
82.4893
20
194.8690
0
VERTEX
8
CUT
10
82.4440
20
194.8574
0
VERTEX
8
CUT
10
82.3680
20
194.8401
0
VERTEX
8
CUT
10
82.3343
20
194.8331
0
VERTEX
8
CUT
10
82.3003
20
194.8274
0
VERTEX
8
CUT
10
82.2233
20
194.8160
0
VERTEX
8
CUT
10
82.1769
20
194.8103
0
VERTEX
8
CUT
10
82.1612
20
194.8088
0
VERTEX
8
CUT
10
82.1495
20
194.8078
0
VERTEX
8
CUT
10
80.7737
20
194.6949
0
VERTEX
8
CUT
10
80.7625
20
194.6941
0
VERTEX
8
CUT
10
80.7474
20
194.6930
0
VERTEX
8
CUT
10
80.7025
20
194.6910
0
VERTEX
8
CUT
10
80.6276
20
194.6896
0
VERTEX
8
CUT
10
80.5945
20
194.6896
0
VERTEX
8
CUT
10
80.5613
20
194.6908
0
VERTEX
8
CUT
10
80.4865
20
194.6949
0
VERTEX
8
CUT
10
80.4417
20
194.6985
0
VERTEX
8
CUT
10
80.4267
20
194.7001
0
VERTEX
8
CUT
10
80.4155
20
194.7014
0
VERTEX
8
CUT
10
79.0659
20
194.8612
0
VERTEX
8
CUT
10
79.0563
20
194.8624
0
VERTEX
8
CUT
10
79.0415
20
194.8643
0
VERTEX
8
CUT
10
79.0170
20
194.8678
0
VERTEX
8
CUT
10
78.9843
20
194.8730
0
VERTEX
8
CUT
10
78.9553
20
194.8780
0
VERTEX
8
CUT
10
78.9324
20
194.8824
0
VERTEX
8
CUT
10
78.9193
20
194.8850
0
VERTEX
8
CUT
10
78.9144
20
194.8860
0
VERTEX
8
CUT
10
78.8862
20
194.8923
0
VERTEX
8
CUT
10
78.8237
20
194.9073
0
VERTEX
8
CUT
10
78.7864
20
194.9171
0
VERTEX
8
CUT
10
78.7739
20
194.9207
0
VERTEX
8
CUT
10
78.7647
20
194.9234
0
VERTEX
8
CUT
10
77.4635
20
195.3105
0
VERTEX
8
CUT
10
77.4543
20
195.3133
0
VERTEX
8
CUT
10
77.4399
20
195.3178
0
VERTEX
8
CUT
10
77.4164
20
195.3254
0
VERTEX
8
CUT
10
77.3849
20
195.3361
0
VERTEX
8
CUT
10
77.3571
20
195.3460
0
VERTEX
8
CUT
10
77.3352
20
195.3543
0
VERTEX
8
CUT
10
77.3227
20
195.3591
0
VERTEX
8
CUT
10
77.3181
20
195.3609
0
VERTEX
8
CUT
10
77.2913
20
195.3720
0
VERTEX
8
CUT
10
77.2320
20
195.3976
0
VERTEX
8
CUT
10
77.1969
20
195.4136
0
VERTEX
8
CUT
10
77.1851
20
195.4193
0
VERTEX
8
CUT
10
77.1764
20
195.4236
0
VERTEX
8
CUT
10
75.9180
20
196.0487
0
VERTEX
8
CUT
10
75.9093
20
196.0532
0
VERTEX
8
CUT
10
75.8958
20
196.0601
0
VERTEX
8
CUT
10
75.8736
20
196.0718
0
VERTEX
8
CUT
10
75.8440
20
196.0879
0
VERTEX
8
CUT
10
75.8181
20
196.1026
0
VERTEX
8
CUT
10
75.7976
20
196.1147
0
VERTEX
8
CUT
10
75.7860
20
196.1217
0
VERTEX
8
CUT
10
75.7817
20
196.1243
0
VERTEX
8
CUT
10
75.7569
20
196.1400
0
VERTEX
8
CUT
10
75.7023
20
196.1758
0
VERTEX
8
CUT
10
75.6701
20
196.1980
0
VERTEX
8
CUT
10
75.6594
20
196.2057
0
VERTEX
8
CUT
10
75.6514
20
196.2115
0
VERTEX
8
CUT
10
74.4536
20
197.0942
0
VERTEX
8
CUT
10
74.4480
20
197.0983
0
VERTEX
8
CUT
10
74.4351
20
197.1080
0
VERTEX
8
CUT
10
74.4327
20
197.1098
0
VERTEX
8
CUT
10
74.4080
20
197.1291
0
VERTEX
8
CUT
10
74.3592
20
197.1687
0
VERTEX
8
CUT
10
74.3426
20
197.1825
0
VERTEX
8
CUT
10
74.3203
20
197.2025
0
VERTEX
8
CUT
10
74.2621
20
197.2565
0
VERTEX
8
CUT
10
74.2376
20
197.2801
0
VERTEX
8
CUT
10
73.1727
20
198.3475
0
VERTEX
8
CUT
10
73.1610
20
198.3594
0
VERTEX
8
CUT
10
73.1341
20
198.3875
0
VERTEX
8
CUT
10
73.1226
20
198.3996
0
VERTEX
8
CUT
10
73.1091
20
198.4142
0
VERTEX
8
CUT
10
73.0980
20
198.4263
0
VERTEX
8
CUT
10
73.0724
20
198.4550
0
VERTEX
8
CUT
10
73.0616
20
198.4674
0
VERTEX
8
CUT
10
73.0492
20
198.4818
0
VERTEX
8
CUT
10
73.0385
20
198.4944
0
VERTEX
8
CUT
10
73.0139
20
198.5241
0
VERTEX
8
CUT
10
73.0035
20
198.5369
0
VERTEX
8
CUT
10
72.9909
20
198.5527
0
VERTEX
8
CUT
10
72.9807
20
198.5657
0
VERTEX
8
CUT
10
72.9572
20
198.5963
0
VERTEX
8
CUT
10
72.9473
20
198.6095
0
VERTEX
8
CUT
10
72.0276
20
199.8520
0
VERTEX
8
CUT
10
72.0218
20
199.8601
0
VERTEX
8
CUT
10
72.0127
20
199.8726
0
VERTEX
8
CUT
10
71.9980
20
199.8936
0
VERTEX
8
CUT
10
71.9787
20
199.9219
0
VERTEX
8
CUT
10
71.9620
20
199.9474
0
VERTEX
8
CUT
10
71.9491
20
199.9678
0
VERTEX
8
CUT
10
71.9418
20
199.9795
0
VERTEX
8
CUT
10
71.9391
20
199.9839
0
VERTEX
8
CUT
10
71.9239
20
200.0097
0
VERTEX
8
CUT
10
71.8912
20
200.0676
0
VERTEX
8
CUT
10
71.8723
20
200.1027
0
VERTEX
8
CUT
10
71.8662
20
200.1147
0
VERTEX
8
CUT
10
71.8617
20
200.1237
0
VERTEX
8
CUT
10
70.7383
20
202.3923
0
VERTEX
8
CUT
10
70.7341
20
202.4008
0
VERTEX
8
CUT
10
70.7278
20
202.4140
0
VERTEX
8
CUT
10
70.7176
20
202.4358
0
VERTEX
8
CUT
10
70.7043
20
202.4654
0
VERTEX
8
CUT
10
70.6929
20
202.4918
0
VERTEX
8
CUT
10
70.6842
20
202.5129
0
VERTEX
8
CUT
10
70.6794
20
202.5250
0
VERTEX
8
CUT
10
70.6776
20
202.5295
0
VERTEX
8
CUT
10
70.6676
20
202.5559
0
VERTEX
8
CUT
10
70.6464
20
202.6151
0
VERTEX
8
CUT
10
70.6344
20
202.6508
0
VERTEX
8
CUT
10
70.6306
20
202.6630
0
VERTEX
8
CUT
10
70.6278
20
202.6720
0
VERTEX
8
CUT
10
69.0162
20
208.0269
0
VERTEX
8
CUT
10
69.0131
20
208.0369
0
VERTEX
8
CUT
10
68.9910
20
208.1061
0
VERTEX
8
CUT
10
68.9875
20
208.1167
0
VERTEX
8
CUT
10
68.9582
20
208.2024
0
VERTEX
8
CUT
10
68.9546
20
208.2128
0
VERTEX
8
CUT
10
68.9303
20
208.2801
0
VERTEX
8
CUT
10
68.9262
20
208.2911
0
VERTEX
8
CUT
10
67.8513
20
211.0932
0
VERTEX
8
CUT
10
67.8465
20
211.1053
0
VERTEX
8
CUT
10
67.8143
20
211.1841
0
VERTEX
8
CUT
10
67.8093
20
211.1961
0
VERTEX
8
CUT
10
67.7889
20
211.2430
0
VERTEX
8
CUT
10
67.7779
20
211.2668
0
VERTEX
8
CUT
10
67.7034
20
211.4196
0
VERTEX
8
CUT
10
67.6914
20
211.4429
0
VERTEX
8
CUT
10
67.6671
20
211.4878
0
VERTEX
8
CUT
10
67.6607
20
211.4993
0
VERTEX
8
CUT
10
67.6185
20
211.5731
0
VERTEX
8
CUT
10
67.6119
20
211.5844
0
VERTEX
8
CUT
10
66.4738
20
213.4795
0
VERTEX
8
CUT
10
66.4666
20
213.4913
0
VERTEX
8
CUT
10
66.4184
20
213.5674
0
VERTEX
8
CUT
10
66.4109
20
213.5790
0
VERTEX
8
CUT
10
66.3809
20
213.6241
0
VERTEX
8
CUT
10
66.3651
20
213.6468
0
VERTEX
8
CUT
10
66.2586
20
213.7919
0
VERTEX
8
CUT
10
66.2416
20
213.8138
0
VERTEX
8
CUT
10
66.2076
20
213.8559
0
VERTEX
8
CUT
10
66.1988
20
213.8666
0
VERTEX
8
CUT
10
66.1406
20
213.9353
0
VERTEX
8
CUT
10
66.1316
20
213.9458
0
VERTEX
8
CUT
10
64.8596
20
215.3800
0
VERTEX
8
CUT
10
64.8500
20
215.3906
0
VERTEX
8
CUT
10
64.7867
20
215.4585
0
VERTEX
8
CUT
10
64.7769
20
215.4689
0
VERTEX
8
CUT
10
64.7379
20
215.5088
0
VERTEX
8
CUT
10
64.7175
20
215.5288
0
VERTEX
8
CUT
10
64.5817
20
215.6553
0
VERTEX
8
CUT
10
64.5604
20
215.6742
0
VERTEX
8
CUT
10
64.5178
20
215.7103
0
VERTEX
8
CUT
10
64.5068
20
215.7194
0
VERTEX
8
CUT
10
64.4345
20
215.7776
0
VERTEX
8
CUT
10
64.4233
20
215.7865
0
VERTEX
8
CUT
10
63.0565
20
216.8359
0
VERTEX
8
CUT
10
63.0437
20
216.8455
0
VERTEX
8
CUT
10
62.9599
20
216.9064
0
VERTEX
8
CUT
10
62.9469
20
216.9156
0
VERTEX
8
CUT
10
62.8956
20
216.9508
0
VERTEX
8
CUT
10
62.8688
20
216.9682
0
VERTEX
8
CUT
10
62.6920
20
217.0762
0
VERTEX
8
CUT
10
62.6644
20
217.0921
0
VERTEX
8
CUT
10
62.6096
20
217.1217
0
VERTEX
8
CUT
10
62.5955
20
217.1290
0
VERTEX
8
CUT
10
62.5030
20
217.1759
0
VERTEX
8
CUT
10
62.4887
20
217.1829
0
VERTEX
8
CUT
10
61.1610
20
217.8115
0
VERTEX
8
CUT
10
61.1442
20
217.8191
0
VERTEX
8
CUT
10
61.0346
20
217.8669
0
VERTEX
8
CUT
10
61.0176
20
217.8740
0
VERTEX
8
CUT
10
60.9510
20
217.9007
0
VERTEX
8
CUT
10
60.9165
20
217.9133
0
VERTEX
8
CUT
10
60.6896
20
217.9884
0
VERTEX
8
CUT
10
60.6543
20
217.9989
0
VERTEX
8
CUT
10
60.5849
20
218.0172
0
VERTEX
8
CUT
10
60.5671
20
218.0216
0
VERTEX
8
CUT
10
60.4505
20
218.0486
0
VERTEX
8
CUT
10
60.4325
20
218.0525
0
VERTEX
8
CUT
10
59.1698
20
218.3042
0
VERTEX
8
CUT
10
59.1564
20
218.3067
0
VERTEX
8
CUT
10
59.0686
20
218.3221
0
VERTEX
8
CUT
10
59.0550
20
218.3243
0
VERTEX
8
CUT
10
59.0021
20
218.3324
0
VERTEX
8
CUT
10
58.9749
20
218.3359
0
VERTEX
8
CUT
10
58.8000
20
218.3544
0
VERTEX
8
CUT
10
58.7453
20
218.3577
0
VERTEX
8
CUT
10
58.5695
20
218.3601
0
VERTEX
8
CUT
10
58.5421
20
218.3599
0
VERTEX
8
CUT
10
58.4885
20
218.3582
0
VERTEX
8
CUT
10
58.4748
20
218.3576
0
VERTEX
8
CUT
10
58.3858
20
218.3527
0
VERTEX
8
CUT
10
58.3722
20
218.3518
0
VERTEX
8
CUT
10
57.1642
20
218.2579
0
VERTEX
8
CUT
10
57.1507
20
218.2567
0
VERTEX
8
CUT
10
57.0633
20
218.2480
0
VERTEX
8
CUT
10
57.0498
20
218.2465
0
VERTEX
8
CUT
10
56.9974
20
218.2400
0
VERTEX
8
CUT
10
56.9706
20
218.2361
0
VERTEX
8
CUT
10
56.7997
20
218.2072
0
VERTEX
8
CUT
10
56.7469
20
218.1957
0
VERTEX
8
CUT
10
56.5792
20
218.1515
0
VERTEX
8
CUT
10
56.5532
20
218.1440
0
VERTEX
8
CUT
10
56.5028
20
218.1283
0
VERTEX
8
CUT
10
56.4899
20
218.1241
0
VERTEX
8
CUT
10
56.4067
20
218.0960
0
VERTEX
8
CUT
10
56.3939
20
218.0915
0
VERTEX
8
CUT
10
55.3076
20
217.6974
0
VERTEX
8
CUT
10
55.2939
20
217.6923
0
VERTEX
8
CUT
10
55.2057
20
217.6578
0
VERTEX
8
CUT
10
55.1922
20
217.6524
0
VERTEX
8
CUT
10
55.1397
20
217.6304
0
VERTEX
8
CUT
10
55.1131
20
217.6185
0
VERTEX
8
CUT
10
54.9445
20
217.5380
0
VERTEX
8
CUT
10
54.8932
20
217.5104
0
VERTEX
8
CUT
10
54.7332
20
217.4140
0
VERTEX
8
CUT
10
54.7086
20
217.3983
0
VERTEX
8
CUT
10
54.6613
20
217.3666
0
VERTEX
8
CUT
10
54.6493
20
217.3583
0
VERTEX
8
CUT
10
54.5720
20
217.3037
0
VERTEX
8
CUT
10
54.5602
20
217.2951
0
VERTEX
8
CUT
10
53.3329
20
216.3822
0
VERTEX
8
CUT
10
53.3220
20
216.3739
0
VERTEX
8
CUT
10
53.2517
20
216.3191
0
VERTEX
8
CUT
10
53.2410
20
216.3106
0
VERTEX
8
CUT
10
53.1995
20
216.2767
0
VERTEX
8
CUT
10
53.1787
20
216.2588
0
VERTEX
8
CUT
10
53.0461
20
216.1399
0
VERTEX
8
CUT
10
53.0261
20
216.1212
0
VERTEX
8
CUT
10
52.9879
20
216.0836
0
VERTEX
8
CUT
10
52.9782
20
216.0739
0
VERTEX
8
CUT
10
52.9161
20
216.0100
0
VERTEX
8
CUT
10
52.9067
20
216.0001
0
VERTEX
8
CUT
10
52.5526
20
215.6188
0
VERTEX
8
CUT
10
52.5439
20
215.6093
0
VERTEX
8
CUT
10
52.4885
20
215.5470
0
VERTEX
8
CUT
10
52.4801
20
215.5373
0
VERTEX
8
CUT
10
52.4476
20
215.4992
0
VERTEX
8
CUT
10
52.4314
20
215.4793
0
VERTEX
8
CUT
10
52.3288
20
215.3480
0
VERTEX
8
CUT
10
52.3135
20
215.3274
0
VERTEX
8
CUT
10
52.2844
20
215.2867
0
VERTEX
8
CUT
10
52.2770
20
215.2761
0
VERTEX
8
CUT
10
52.2300
20
215.2073
0
VERTEX
8
CUT
10
52.2229
20
215.1966
0
VERTEX
8
CUT
10
51.5670
20
214.1899
0
VERTEX
8
CUT
10
51.5598
20
214.1785
0
VERTEX
8
CUT
10
51.5136
20
214.1039
0
VERTEX
8
CUT
10
51.5066
20
214.0924
0
VERTEX
8
CUT
10
51.4798
20
214.0469
0
VERTEX
8
CUT
10
51.4666
20
214.0233
0
VERTEX
8
CUT
10
51.3855
20
213.8704
0
VERTEX
8
CUT
10
51.3624
20
213.8216
0
VERTEX
8
CUT
10
51.2954
20
213.6620
0
VERTEX
8
CUT
10
51.2856
20
213.6369
0
VERTEX
8
CUT
10
51.2673
20
213.5874
0
VERTEX
8
CUT
10
51.2628
20
213.5746
0
VERTEX
8
CUT
10
51.2344
20
213.4916
0
VERTEX
8
CUT
10
51.2302
20
213.4788
0
VERTEX
8
CUT
10
50.9101
20
212.4706
0
VERTEX
8
CUT
10
50.9053
20
212.4546
0
VERTEX
8
CUT
10
50.8753
20
212.3502
0
VERTEX
8
CUT
10
50.8710
20
212.3341
0
VERTEX
8
CUT
10
50.8547
20
212.2709
0
VERTEX
8
CUT
10
50.8473
20
212.2383
0
VERTEX
8
CUT
10
50.8050
20
212.0255
0
VERTEX
8
CUT
10
50.7995
20
211.9925
0
VERTEX
8
CUT
10
50.7903
20
211.9280
0
VERTEX
8
CUT
10
50.7882
20
211.9114
0
VERTEX
8
CUT
10
50.7761
20
211.8035
0
VERTEX
8
CUT
10
50.7744
20
211.7868
0
VERTEX
8
CUT
10
50.6307
20
210.0908
0
VERTEX
8
CUT
10
50.6299
20
210.0804
0
VERTEX
8
CUT
10
50.6250
20
210.0078
0
VERTEX
8
CUT
10
50.6243
20
209.9969
0
VERTEX
8
CUT
10
50.6220
20
209.9493
0
VERTEX
8
CUT
10
50.6213
20
209.9263
0
VERTEX
8
CUT
10
50.6198
20
209.7829
0
VERTEX
8
CUT
10
50.6199
20
209.7608
0
VERTEX
8
CUT
10
50.6209
20
209.7224
0
VERTEX
8
CUT
10
50.6213
20
209.7120
0
VERTEX
8
CUT
10
50.6244
20
209.6401
0
VERTEX
8
CUT
10
50.6251
20
209.6284
0
VERTEX
8
CUT
10
50.8642
20
205.8372
0
VERTEX
8
CUT
10
50.8654
20
205.8209
0
VERTEX
8
CUT
10
50.8749
20
205.7154
0
VERTEX
8
CUT
10
50.8766
20
205.6992
0
VERTEX
8
CUT
10
50.8841
20
205.6361
0
VERTEX
8
CUT
10
50.8888
20
205.6038
0
VERTEX
8
CUT
10
50.9249
20
205.3952
0
VERTEX
8
CUT
10
50.9314
20
205.3632
0
VERTEX
8
CUT
10
50.9456
20
205.3012
0
VERTEX
8
CUT
10
50.9495
20
205.2854
0
VERTEX
8
CUT
10
50.9760
20
205.1829
0
VERTEX
8
CUT
10
50.9803
20
205.1671
0
VERTEX
8
CUT
10
51.4938
20
203.3841
0
VERTEX
8
CUT
10
51.4994
20
203.3657
0
VERTEX
8
CUT
10
51.5376
20
203.2472
0
VERTEX
8
CUT
10
51.5438
20
203.2290
0
VERTEX
8
CUT
10
51.5966
20
203.0818
0
VERTEX
8
CUT
10
51.6033
20
203.0639
0
VERTEX
8
CUT
10
51.6491
20
202.9480
0
VERTEX
8
CUT
10
51.6565
20
202.9303
0
VERTEX
8
CUT
10
52.6111
20
200.7230
0
VERTEX
8
CUT
10
52.6155
20
200.7130
0
VERTEX
8
CUT
10
52.6469
20
200.6438
0
VERTEX
8
CUT
10
52.6517
20
200.6335
0
VERTEX
8
CUT
10
52.6732
20
200.5886
0
VERTEX
8
CUT
10
52.6839
20
200.5671
0
VERTEX
8
CUT
10
52.7538
20
200.4347
0
VERTEX
8
CUT
10
52.7649
20
200.4144
0
VERTEX
8
CUT
10
52.7850
20
200.3797
0
VERTEX
8
CUT
10
52.7905
20
200.3704
0
VERTEX
8
CUT
10
52.8292
20
200.3060
0
VERTEX
8
CUT
10
52.8356
20
200.2956
0
VERTEX
8
CUT
10
55.3351
20
196.3288
0
VERTEX
8
CUT
10
55.3430
20
196.3165
0
VERTEX
8
CUT
10
55.3956
20
196.2374
0
VERTEX
8
CUT
10
55.4038
20
196.2254
0
VERTEX
8
CUT
10
55.4722
20
196.1277
0
VERTEX
8
CUT
10
55.4808
20
196.1158
0
VERTEX
8
CUT
10
55.5371
20
196.0394
0
VERTEX
8
CUT
10
55.5459
20
196.0277
0
VERTEX
8
CUT
10
63.1181
20
186.2649
0
VERTEX
8
CUT
10
63.1244
20
186.2567
0
VERTEX
8
CUT
10
63.1390
20
186.2375
0
VERTEX
8
CUT
10
63.1452
20
186.2292
0
VERTEX
8
CUT
10
63.1527
20
186.2190
0
VERTEX
8
CUT
10
63.1588
20
186.2107
0
VERTEX
8
CUT
10
63.1729
20
186.1911
0
VERTEX
8
CUT
10
63.1789
20
186.1826
0
VERTEX
8
CUT
10
63.1858
20
186.1729
0
VERTEX
8
CUT
10
63.1917
20
186.1644
0
VERTEX
8
CUT
10
63.2054
20
186.1445
0
VERTEX
8
CUT
10
63.2112
20
186.1359
0
VERTEX
8
CUT
10
63.2182
20
186.1254
0
VERTEX
8
CUT
10
63.2240
20
186.1168
0
VERTEX
8
CUT
10
63.2372
20
186.0966
0
VERTEX
8
CUT
10
63.2428
20
186.0879
0
VERTEX
8
CUT
10
65.1388
20
183.1145
0
VERTEX
8
CUT
10
65.1438
20
183.1066
0
VERTEX
8
CUT
10
65.1554
20
183.0880
0
VERTEX
8
CUT
10
65.1603
20
183.0800
0
VERTEX
8
CUT
10
65.1663
20
183.0703
0
VERTEX
8
CUT
10
65.1711
20
183.0622
0
VERTEX
8
CUT
10
65.1823
20
183.0434
0
VERTEX
8
CUT
10
65.1870
20
183.0353
0
VERTEX
8
CUT
10
65.1924
20
183.0260
0
VERTEX
8
CUT
10
65.1971
20
183.0179
0
VERTEX
8
CUT
10
65.2079
20
182.9988
0
VERTEX
8
CUT
10
65.2125
20
182.9907
0
VERTEX
8
CUT
10
65.2180
20
182.9807
0
VERTEX
8
CUT
10
65.2225
20
182.9724
0
VERTEX
8
CUT
10
65.2329
20
182.9532
0
VERTEX
8
CUT
10
65.2373
20
182.9449
0
VERTEX
8
CUT
10
66.8266
20
179.9242
0
VERTEX
8
CUT
10
66.8316
20
179.9145
0
VERTEX
8
CUT
10
66.8432
20
179.8919
0
VERTEX
8
CUT
10
66.8481
20
179.8821
0
VERTEX
8
CUT
10
66.8540
20
179.8702
0
VERTEX
8
CUT
10
66.8588
20
179.8604
0
VERTEX
8
CUT
10
66.8698
20
179.8375
0
VERTEX
8
CUT
10
66.8745
20
179.8276
0
VERTEX
8
CUT
10
66.8798
20
179.8162
0
VERTEX
8
CUT
10
66.8843
20
179.8063
0
VERTEX
8
CUT
10
66.8948
20
179.7831
0
VERTEX
8
CUT
10
66.8992
20
179.7732
0
VERTEX
8
CUT
10
66.9045
20
179.7610
0
VERTEX
8
CUT
10
66.9088
20
179.7510
0
VERTEX
8
CUT
10
66.9187
20
179.7275
0
VERTEX
8
CUT
10
66.9229
20
179.7175
0
VERTEX
8
CUT
10
68.1453
20
176.7219
0
VERTEX
8
CUT
10
68.1494
20
176.7115
0
VERTEX
8
CUT
10
68.1590
20
176.6872
0
VERTEX
8
CUT
10
68.1631
20
176.6767
0
VERTEX
8
CUT
10
68.1679
20
176.6639
0
VERTEX
8
CUT
10
68.1718
20
176.6534
0
VERTEX
8
CUT
10
68.1808
20
176.6288
0
VERTEX
8
CUT
10
68.1846
20
176.6183
0
VERTEX
8
CUT
10
68.1888
20
176.6061
0
VERTEX
8
CUT
10
68.1925
20
176.5955
0
VERTEX
8
CUT
10
68.2009
20
176.5707
0
VERTEX
8
CUT
10
68.2044
20
176.5601
0
VERTEX
8
CUT
10
68.2086
20
176.5471
0
VERTEX
8
CUT
10
68.2120
20
176.5364
0
VERTEX
8
CUT
10
68.2197
20
176.5114
0
VERTEX
8
CUT
10
68.2229
20
176.5007
0
VERTEX
8
CUT
10
69.1314
20
173.4317
0
VERTEX
8
CUT
10
69.1345
20
173.4210
0
VERTEX
8
CUT
10
69.1416
20
173.3960
0
VERTEX
8
CUT
10
69.1445
20
173.3853
0
VERTEX
8
CUT
10
69.1481
20
173.3721
0
VERTEX
8
CUT
10
69.1509
20
173.3614
0
VERTEX
8
CUT
10
69.1573
20
173.3362
0
VERTEX
8
CUT
10
69.1600
20
173.3254
0
VERTEX
8
CUT
10
69.1630
20
173.3130
0
VERTEX
8
CUT
10
69.1656
20
173.3022
0
VERTEX
8
CUT
10
69.1714
20
173.2769
0
VERTEX
8
CUT
10
69.1739
20
173.2660
0
VERTEX
8
CUT
10
69.1767
20
173.2527
0
VERTEX
8
CUT
10
69.1790
20
173.2418
0
VERTEX
8
CUT
10
69.1842
20
173.2164
0
VERTEX
8
CUT
10
69.1864
20
173.2055
0
VERTEX
8
CUT
10
69.7799
20
170.1003
0
VERTEX
8
CUT
10
69.7816
20
170.0918
0
VERTEX
8
CUT
10
69.7938
20
170.0329
0
VERTEX
8
CUT
10
69.7957
20
170.0237
0
VERTEX
8
CUT
10
69.8135
20
169.9441
0
VERTEX
8
CUT
10
69.8205
20
169.9158
0
VERTEX
8
CUT
10
69.8692
20
169.7378
0
VERTEX
8
CUT
10
69.8875
20
169.6821
0
VERTEX
8
CUT
10
69.9554
20
169.5044
0
VERTEX
8
CUT
10
69.9795
20
169.4496
0
VERTEX
8
CUT
10
70.0643
20
169.2806
0
VERTEX
8
CUT
10
70.0937
20
169.2285
0
VERTEX
8
CUT
10
70.1950
20
169.0687
0
VERTEX
8
CUT
10
70.2294
20
169.0198
0
VERTEX
8
CUT
10
70.3461
20
168.8709
0
VERTEX
8
CUT
10
70.3852
20
168.8257
0
VERTEX
8
CUT
10
70.5161
20
168.6891
0
VERTEX
8
CUT
10
70.5596
20
168.6481
0
VERTEX
8
CUT
10
70.7034
20
168.5252
0
VERTEX
8
CUT
10
70.7508
20
168.4887
0
VERTEX
8
CUT
10
70.9061
20
168.3808
0
VERTEX
8
CUT
10
70.9569
20
168.3491
0
VERTEX
8
CUT
10
71.1222
20
168.2572
0
VERTEX
8
CUT
10
71.1759
20
168.2308
0
VERTEX
8
CUT
10
71.3495
20
168.1558
0
VERTEX
8
CUT
10
71.4055
20
168.1349
0
VERTEX
8
CUT
10
71.5858
20
168.0775
0
VERTEX
8
CUT
10
71.6436
20
168.0623
0
VERTEX
8
CUT
10
71.8287
20
168.0232
0
VERTEX
8
CUT
10
71.8877
20
168.0138
0
VERTEX
8
CUT
10
72.0758
20
167.9933
0
VERTEX
8
CUT
10
72.1355
20
167.9898
0
VERTEX
8
CUT
10
72.3246
20
167.9882
0
VERTEX
8
CUT
10
72.3844
20
167.9906
0
VERTEX
8
CUT
10
72.5727
20
168.0078
0
VERTEX
8
CUT
10
72.6320
20
168.0162
0
VERTEX
8
CUT
10
72.8177
20
168.0521
0
VERTEX
8
CUT
10
72.8758
20
168.0664
0
VERTEX
8
CUT
10
73.0570
20
168.1206
0
VERTEX
8
CUT
10
73.1134
20
168.1406
0
VERTEX
8
CUT
10
73.2883
20
168.2125
0
VERTEX
8
CUT
10
73.3424
20
168.2380
0
VERTEX
8
CUT
10
73.5093
20
168.3271
0
VERTEX
8
CUT
10
73.5606
20
168.3578
0
VERTEX
8
CUT
10
73.7177
20
168.4630
0
VERTEX
8
CUT
10
73.7657
20
168.4987
0
VERTEX
8
CUT
10
73.9117
20
168.6191
0
VERTEX
8
CUT
10
73.9559
20
168.6594
0
VERTEX
8
CUT
10
74.0891
20
168.7937
0
VERTEX
8
CUT
10
74.1290
20
168.8382
0
VERTEX
8
CUT
10
74.2482
20
168.9851
0
VERTEX
8
CUT
10
74.2835
20
169.0333
0
VERTEX
8
CUT
10
74.3875
20
169.1913
0
VERTEX
8
CUT
10
74.4178
20
169.2429
0
VERTEX
8
CUT
10
74.5067
20
169.4128
0
VERTEX
8
CUT
10
74.5199
20
169.4397
0
VERTEX
8
CUT
10
74.5444
20
169.4927
0
VERTEX
8
CUT
10
74.5505
20
169.5064
0
VERTEX
8
CUT
10
74.5890
20
169.5956
0
VERTEX
8
CUT
10
74.5948
20
169.6095
0
VERTEX
8
CUT
10
74.7450
20
169.9830
0
VERTEX
8
CUT
10
74.7509
20
169.9972
0
VERTEX
8
CUT
10
74.7648
20
170.0303
0
VERTEX
8
CUT
10
74.7710
20
170.0444
0
VERTEX
8
CUT
10
74.7785
20
170.0616
0
VERTEX
8
CUT
10
74.7849
20
170.0756
0
VERTEX
8
CUT
10
74.8000
20
170.1081
0
VERTEX
8
CUT
10
74.8065
20
170.1220
0
VERTEX
8
CUT
10
74.8142
20
170.1379
0
VERTEX
8
CUT
10
74.8211
20
170.1517
0
VERTEX
8
CUT
10
74.8372
20
170.1837
0
VERTEX
8
CUT
10
74.8443
20
170.1974
0
VERTEX
8
CUT
10
74.8530
20
170.2140
0
VERTEX
8
CUT
10
74.8603
20
170.2275
0
VERTEX
8
CUT
10
74.8776
20
170.2590
0
VERTEX
8
CUT
10
74.8851
20
170.2724
0
VERTEX
8
CUT
10
76.6094
20
173.2900
0
VERTEX
8
CUT
10
76.6147
20
173.2992
0
VERTEX
8
CUT
10
76.6230
20
173.3134
0
VERTEX
8
CUT
10
76.6371
20
173.3366
0
VERTEX
8
CUT
10
76.6565
20
173.3674
0
VERTEX
8
CUT
10
76.6742
20
173.3945
0
VERTEX
8
CUT
10
76.6886
20
173.4157
0
VERTEX
8
CUT
10
76.6970
20
173.4278
0
VERTEX
8
CUT
10
76.7001
20
173.4322
0
VERTEX
8
CUT
10
76.7188
20
173.4579
0
VERTEX
8
CUT
10
76.7615
20
173.5142
0
VERTEX
8
CUT
10
76.7879
20
173.5473
0
VERTEX
8
CUT
10
76.7971
20
173.5583
0
VERTEX
8
CUT
10
76.8039
20
173.5664
0
VERTEX
8
CUT
10
78.6126
20
175.6815
0
VERTEX
8
CUT
10
78.6193
20
175.6893
0
VERTEX
8
CUT
10
78.6299
20
175.7013
0
VERTEX
8
CUT
10
78.6476
20
175.7210
0
VERTEX
8
CUT
10
78.6717
20
175.7469
0
VERTEX
8
CUT
10
78.6935
20
175.7696
0
VERTEX
8
CUT
10
78.7111
20
175.7873
0
VERTEX
8
CUT
10
78.7213
20
175.7974
0
VERTEX
8
CUT
10
78.7251
20
175.8011
0
VERTEX
8
CUT
10
78.7476
20
175.8222
0
VERTEX
8
CUT
10
78.7985
20
175.8685
0
VERTEX
8
CUT
10
78.8297
20
175.8955
0
VERTEX
8
CUT
10
78.8404
20
175.9044
0
VERTEX
8
CUT
10
78.8484
20
175.9109
0
VERTEX
8
CUT
10
80.9233
20
177.5889
0
VERTEX
8
CUT
10
80.9312
20
177.5952
0
VERTEX
8
CUT
10
80.9435
20
177.6050
0
VERTEX
8
CUT
10
80.9641
20
177.6208
0
VERTEX
8
CUT
10
80.9921
20
177.6416
0
VERTEX
8
CUT
10
81.0172
20
177.6596
0
VERTEX
8
CUT
10
81.0374
20
177.6736
0
VERTEX
8
CUT
10
81.0490
20
177.6815
0
VERTEX
8
CUT
10
81.0533
20
177.6844
0
VERTEX
8
CUT
10
81.0789
20
177.7009
0
VERTEX
8
CUT
10
81.1363
20
177.7366
0
VERTEX
8
CUT
10
81.1712
20
177.7572
0
VERTEX
8
CUT
10
81.1831
20
177.7639
0
VERTEX
8
CUT
10
81.1920
20
177.7688
0
VERTEX
8
CUT
10
82.2896
20
178.3683
0
VERTEX
8
CUT
10
82.3268
20
178.3875
0
VERTEX
8
CUT
10
82.3958
20
178.4211
0
VERTEX
8
CUT
10
82.4728
20
178.4542
0
VERTEX
8
CUT
10
82.5250
20
178.4739
0
VERTEX
8
CUT
10
82.6046
20
178.4997
0
VERTEX
8
CUT
10
82.6584
20
178.5145
0
VERTEX
8
CUT
10
82.7402
20
178.5328
0
VERTEX
8
CUT
10
82.8157
20
178.5461
0
VERTEX
8
CUT
10
82.8572
20
178.5524
0
VERTEX
8
CUT
10
83.8955
20
178.6854
0
VERTEX
8
CUT
10
83.9062
20
178.6867
0
VERTEX
8
CUT
10
83.9227
20
178.6886
0
VERTEX
8
CUT
10
83.9500
20
178.6913
0
VERTEX
8
CUT
10
83.9868
20
178.6945
0
VERTEX
8
CUT
10
84.0195
20
178.6967
0
VERTEX
8
CUT
10
84.0481
20
178.6981
0
VERTEX
8
CUT
10
84.0522
20
178.6983
0
VERTEX
8
CUT
10
84.1565
20
178.7041
0
VERTEX
8
CUT
10
84.1714
20
178.7051
0
VERTEX
8
CUT
10
84.2275
20
178.7096
0
VERTEX
8
CUT
10
84.2563
20
178.7126
0
VERTEX
8
CUT
10
84.4402
20
178.7364
0
VERTEX
8
CUT
10
84.4972
20
178.7465
0
VERTEX
8
CUT
10
84.6755
20
178.7874
0
VERTEX
8
CUT
10
84.7312
20
178.8030
0
VERTEX
8
CUT
10
84.9048
20
178.8608
0
VERTEX
8
CUT
10
84.9587
20
178.8817
0
VERTEX
8
CUT
10
85.1259
20
178.9559
0
VERTEX
8
CUT
10
85.1776
20
178.9819
0
VERTEX
8
CUT
10
85.3368
20
179.0719
0
VERTEX
8
CUT
10
85.3858
20
179.1028
0
VERTEX
8
CUT
10
85.5356
20
179.2077
0
VERTEX
8
CUT
10
85.5814
20
179.2432
0
VERTEX
8
CUT
10
85.7204
20
179.3620
0
VERTEX
8
CUT
10
85.7625
20
179.4017
0
VERTEX
8
CUT
10
85.8895
20
179.5334
0
VERTEX
8
CUT
10
85.9276
20
179.5770
0
VERTEX
8
CUT
10
86.0412
20
179.7203
0
VERTEX
8
CUT
10
86.0750
20
179.7673
0
VERTEX
8
CUT
10
86.1743
20
179.9209
0
VERTEX
8
CUT
10
86.2033
20
179.9710
0
VERTEX
8
CUT
10
86.2874
20
180.1334
0
VERTEX
8
CUT
10
86.3115
20
180.1861
0
VERTEX
8
CUT
10
86.3795
20
180.3559
0
VERTEX
8
CUT
10
86.3984
20
180.4106
0
VERTEX
8
CUT
10
86.4498
20
180.5861
0
VERTEX
8
CUT
10
86.4634
20
180.6424
0
VERTEX
8
CUT
10
86.4980
20
180.8246
0
VERTEX
8
CUT
10
86.5028
20
180.8531
0
VERTEX
8
CUT
10
86.5107
20
180.9091
0
VERTEX
8
CUT
10
86.5125
20
180.9234
0
VERTEX
8
CUT
10
86.5234
20
181.0168
0
VERTEX
8
CUT
10
86.5249
20
181.0312
0
VERTEX
8
CUT
10
86.5257
20
181.0404
0
VERTEX
8
CUT
10
86.5291
20
181.0711
0
VERTEX
8
CUT
10
86.5377
20
181.1393
0
VERTEX
8
CUT
10
86.5438
20
181.1801
0
VERTEX
8
CUT
10
86.5462
20
181.1938
0
VERTEX
8
CUT
10
86.5480
20
181.2039
0
VERTEX
8
CUT
10
86.7388
20
182.2330
0
VERTEX
8
CUT
10
86.7410
20
182.2448
0
VERTEX
8
CUT
10
86.7442
20
182.2607
0
VERTEX
8
CUT
10
86.7548
20
182.3074
0
VERTEX
8
CUT
10
86.7746
20
182.3849
0
VERTEX
8
CUT
10
86.7840
20
182.4190
0
VERTEX
8
CUT
10
86.7948
20
182.4527
0
VERTEX
8
CUT
10
86.8207
20
182.5283
0
VERTEX
8
CUT
10
86.8374
20
182.5733
0
VERTEX
8
CUT
10
86.8435
20
182.5883
0
VERTEX
8
CUT
10
86.8480
20
182.5994
0
VERTEX
8
CUT
10
87.3850
20
183.8822
0
VERTEX
8
CUT
10
87.3888
20
183.8911
0
VERTEX
8
CUT
10
87.3948
20
183.9050
0
VERTEX
8
CUT
10
87.4050
20
183.9277
0
VERTEX
8
CUT
10
87.4190
20
183.9579
0
VERTEX
8
CUT
10
87.4320
20
183.9846
0
VERTEX
8
CUT
10
87.4426
20
184.0056
0
VERTEX
8
CUT
10
87.4487
20
184.0176
0
VERTEX
8
CUT
10
87.4510
20
184.0220
0
VERTEX
8
CUT
10
87.4650
20
184.0475
0
VERTEX
8
CUT
10
87.4969
20
184.1039
0
VERTEX
8
CUT
10
87.5167
20
184.1373
0
VERTEX
8
CUT
10
87.5237
20
184.1484
0
VERTEX
8
CUT
10
87.5289
20
184.1566
0
VERTEX
8
CUT
10
88.8880
20
186.2816
0
VERTEX
8
CUT
10
88.8958
20
186.2936
0
VERTEX
8
CUT
10
88.9141
20
186.3213
0
VERTEX
8
CUT
10
88.9221
20
186.3331
0
VERTEX
8
CUT
10
88.9319
20
186.3475
0
VERTEX
8
CUT
10
88.9401
20
186.3592
0
VERTEX
8
CUT
10
88.9594
20
186.3864
0
VERTEX
8
CUT
10
88.9677
20
186.3979
0
VERTEX
8
CUT
10
88.9774
20
186.4111
0
VERTEX
8
CUT
10
88.9859
20
186.4226
0
VERTEX
8
CUT
10
89.0060
20
186.4491
0
VERTEX
8
CUT
10
89.0147
20
186.4604
0
VERTEX
8
CUT
10
89.0254
20
186.4741
0
VERTEX
8
CUT
10
89.0343
20
186.4853
0
VERTEX
8
CUT
10
89.0552
20
186.5112
0
VERTEX
8
CUT
10
89.0643
20
186.5222
0
VERTEX
8
CUT
10
89.8734
20
187.4910
0
VERTEX
8
CUT
10
89.8840
20
187.5034
0
VERTEX
8
CUT
10
89.9090
20
187.5322
0
VERTEX
8
CUT
10
89.9198
20
187.5445
0
VERTEX
8
CUT
10
89.9331
20
187.5593
0
VERTEX
8
CUT
10
89.9442
20
187.5714
0
VERTEX
8
CUT
10
89.9702
20
187.5993
0
VERTEX
8
CUT
10
89.9814
20
187.6111
0
VERTEX
8
CUT
10
89.9945
20
187.6246
0
VERTEX
8
CUT
10
90.0059
20
187.6363
0
VERTEX
8
CUT
10
90.0329
20
187.6632
0
VERTEX
8
CUT
10
90.0446
20
187.6746
0
VERTEX
8
CUT
10
90.0590
20
187.6884
0
VERTEX
8
CUT
10
90.0709
20
187.6997
0
VERTEX
8
CUT
10
90.0988
20
187.7256
0
VERTEX
8
CUT
10
90.1109
20
187.7366
0
VERTEX
8
CUT
10
93.5165
20
190.7821
0
VERTEX
8
CUT
10
93.5248
20
190.7894
0
VERTEX
8
CUT
10
93.5400
20
190.8027
0
VERTEX
8
CUT
10
93.5630
20
190.8221
0
VERTEX
8
CUT
10
93.5896
20
190.8437
0
VERTEX
8
CUT
10
93.6149
20
190.8636
0
VERTEX
8
CUT
10
93.6369
20
190.8803
0
VERTEX
8
CUT
10
93.6492
20
190.8894
0
VERTEX
8
CUT
10
93.6538
20
190.8928
0
VERTEX
8
CUT
10
93.6810
20
190.9119
0
VERTEX
8
CUT
10
93.7422
20
190.9533
0
VERTEX
8
CUT
10
93.7795
20
190.9772
0
VERTEX
8
CUT
10
93.7923
20
190.9849
0
VERTEX
8
CUT
10
93.8018
20
190.9906
0
VERTEX
8
CUT
10
96.9675
20
192.8569
0
VERTEX
8
CUT
10
96.9776
20
192.8628
0
VERTEX
8
CUT
10
96.9912
20
192.8706
0
VERTEX
8
CUT
10
97.0322
20
192.8926
0
VERTEX
8
CUT
10
97.1014
20
192.9276
0
VERTEX
8
CUT
10
97.1323
20
192.9425
0
VERTEX
8
CUT
10
97.1637
20
192.9561
0
VERTEX
8
CUT
10
97.2354
20
192.9857
0
VERTEX
8
CUT
10
97.2789
20
193.0022
0
VERTEX
8
CUT
10
97.2937
20
193.0075
0
VERTEX
8
CUT
10
97.3047
20
193.0113
0
VERTEX
8
CUT
10
101.4890
20
194.4256
0
VERTEX
8
CUT
10
101.5003
20
194.4294
0
VERTEX
8
CUT
10
101.5267
20
194.4379
0
VERTEX
8
CUT
10
101.5381
20
194.4415
0
VERTEX
8
CUT
10
101.5520
20
194.4458
0
VERTEX
8
CUT
10
101.5634
20
194.4492
0
VERTEX
8
CUT
10
101.5900
20
194.4571
0
VERTEX
8
CUT
10
101.6014
20
194.4604
0
VERTEX
8
CUT
10
101.6146
20
194.4641
0
VERTEX
8
CUT
10
101.6261
20
194.4672
0
VERTEX
8
CUT
10
101.6529
20
194.4743
0
VERTEX
8
CUT
10
101.6645
20
194.4773
0
VERTEX
8
CUT
10
101.6786
20
194.4809
0
VERTEX
8
CUT
10
101.6901
20
194.4837
0
VERTEX
8
CUT
10
101.7171
20
194.4901
0
VERTEX
8
CUT
10
101.7287
20
194.4928
0
VERTEX
8
CUT
10
105.6907
20
195.3794
0
VERTEX
8
CUT
10
105.6978
20
195.3809
0
VERTEX
8
CUT
10
105.7144
20
195.3845
0
VERTEX
8
CUT
10
105.7175
20
195.3852
0
VERTEX
8
CUT
10
105.7499
20
195.3914
0
VERTEX
8
CUT
10
105.8151
20
195.4027
0
VERTEX
8
CUT
10
105.8375
20
195.4062
0
VERTEX
8
CUT
10
105.8688
20
195.4100
0
VERTEX
8
CUT
10
105.9519
20
195.4184
0
VERTEX
8
CUT
10
105.9876
20
195.4213
0
VERTEX
8
CUT
10
108.3887
20
195.5672
0
VERTEX
8
CUT
10
108.8035
20
195.5722
0
VERTEX
8
CUT
10
108.8128
20
195.5716
0
VERTEX
8
CUT
10
114.1487
20
195.1762
0
VERTEX
8
CUT
10
114.1607
20
195.1752
0
VERTEX
8
CUT
10
114.1889
20
195.1728
0
VERTEX
8
CUT
10
114.2009
20
195.1716
0
VERTEX
8
CUT
10
114.2156
20
195.1701
0
VERTEX
8
CUT
10
114.2276
20
195.1688
0
VERTEX
8
CUT
10
114.2557
20
195.1656
0
VERTEX
8
CUT
10
114.2677
20
195.1642
0
VERTEX
8
CUT
10
114.2815
20
195.1624
0
VERTEX
8
CUT
10
114.2935
20
195.1608
0
VERTEX
8
CUT
10
114.3214
20
195.1568
0
VERTEX
8
CUT
10
114.3334
20
195.1550
0
VERTEX
8
CUT
10
114.3480
20
195.1527
0
VERTEX
8
CUT
10
114.3599
20
195.1508
0
VERTEX
8
CUT
10
114.3877
20
195.1461
0
VERTEX
8
CUT
10
114.3996
20
195.1440
0
VERTEX
8
CUT
10
118.5359
20
194.3848
0
VERTEX
8
CUT
10
120.4725
20
193.8563
0
VERTEX
8
CUT
10
123.3666
20
192.8916
0
VERTEX
8
CUT
10
123.8387
20
192.7055
0
VERTEX
8
CUT
10
127.5262
20
191.2347
0
VERTEX
8
CUT
10
138.5505
20
185.9152
0
VERTEX
8
CUT
10
138.5541
20
185.9134
0
VERTEX
8
CUT
10
138.5798
20
185.9013
0
VERTEX
8
CUT
10
138.5837
20
185.8994
0
VERTEX
8
CUT
10
138.6158
20
185.8845
0
VERTEX
8
CUT
10
138.6197
20
185.8827
0
VERTEX
8
CUT
10
138.6451
20
185.8711
0
VERTEX
8
CUT
10
138.6493
20
185.8692
0
VERTEX
8
CUT
10
139.9609
20
185.2824
0
VERTEX
8
CUT
10
141.7383
20
184.4301
0
VERTEX
8
CUT
10
141.7465
20
184.4262
0
VERTEX
8
CUT
10
141.8041
20
184.3996
0
VERTEX
8
CUT
10
141.8131
20
184.3956
0
VERTEX
8
CUT
10
141.8854
20
184.3636
0
VERTEX
8
CUT
10
141.8943
20
184.3598
0
VERTEX
8
CUT
10
141.9518
20
184.3355
0
VERTEX
8
CUT
10
141.9613
20
184.3316
0
VERTEX
8
CUT
10
143.1989
20
183.8336
0
VERTEX
8
CUT
10
144.4808
20
183.2601
0
VERTEX
8
CUT
10
144.4949
20
183.2540
0
VERTEX
8
CUT
10
144.5871
20
183.2156
0
VERTEX
8
CUT
10
144.6013
20
183.2098
0
VERTEX
8
CUT
10
144.7182
20
183.1646
0
VERTEX
8
CUT
10
144.7326
20
183.1592
0
VERTEX
8
CUT
10
144.8266
20
183.1255
0
VERTEX
8
CUT
10
144.8411
20
183.1205
0
VERTEX
8
CUT
10
145.5583
20
182.8843
0
VERTEX
8
CUT
10
146.8005
20
182.3844
0
VERTEX
8
CUT
10
146.8210
20
182.3766
0
VERTEX
8
CUT
10
146.9550
20
182.3283
0
VERTEX
8
CUT
10
146.9757
20
182.3213
0
VERTEX
8
CUT
10
147.1459
20
182.2669
0
VERTEX
8
CUT
10
147.1669
20
182.2606
0
VERTEX
8
CUT
10
147.3040
20
182.2222
0
VERTEX
8
CUT
10
147.3252
20
182.2167
0
VERTEX
8
CUT
10
148.2904
20
181.9841
0
VERTEX
8
CUT
10
148.9781
20
181.7576
0
VERTEX
8
CUT
10
148.9899
20
181.7538
0
VERTEX
8
CUT
10
149.0668
20
181.7302
0
VERTEX
8
CUT
10
149.0786
20
181.7267
0
VERTEX
8
CUT
10
149.1252
20
181.7135
0
VERTEX
8
CUT
10
149.1491
20
181.7072
0
VERTEX
8
CUT
10
149.3054
20
181.6697
0
VERTEX
8
CUT
10
149.3296
20
181.6644
0
VERTEX
8
CUT
10
149.3770
20
181.6551
0
VERTEX
8
CUT
10
149.3891
20
181.6528
0
VERTEX
8
CUT
10
149.4683
20
181.6389
0
VERTEX
8
CUT
10
149.4805
20
181.6369
0
VERTEX
8
CUT
10
150.1818
20
181.5285
0
VERTEX
8
CUT
10
151.0284
20
181.3246
0
VERTEX
8
CUT
10
151.0403
20
181.3218
0
VERTEX
8
CUT
10
151.1181
20
181.3047
0
VERTEX
8
CUT
10
151.1301
20
181.3022
0
VERTEX
8
CUT
10
151.1771
20
181.2929
0
VERTEX
8
CUT
10
151.2012
20
181.2887
0
VERTEX
8
CUT
10
151.3585
20
181.2641
0
VERTEX
8
CUT
10
151.3828
20
181.2609
0
VERTEX
8
CUT
10
151.4303
20
181.2554
0
VERTEX
8
CUT
10
151.4425
20
181.2541
0
VERTEX
8
CUT
10
151.5218
20
181.2467
0
VERTEX
8
CUT
10
151.5340
20
181.2457
0
VERTEX
8
CUT
10
152.4418
20
181.1793
0
VERTEX
8
CUT
10
153.0839
20
181.0800
0
VERTEX
8
CUT
10
153.1043
20
181.0773
0
VERTEX
8
CUT
10
153.2367
20
181.0614
0
VERTEX
8
CUT
10
153.2572
20
181.0593
0
VERTEX
8
CUT
10
153.4239
20
181.0451
0
VERTEX
8
CUT
10
153.4444
20
181.0437
0
VERTEX
8
CUT
10
153.5776
20
181.0370
0
VERTEX
8
CUT
10
153.5982
20
181.0363
0
VERTEX
8
CUT
10
154.6268
20
181.0194
0
VERTEX
8
CUT
10
155.2317
20
180.9751
0
VERTEX
8
CUT
10
155.2493
20
180.9741
0
VERTEX
8
CUT
10
155.3642
20
180.9691
0
VERTEX
8
CUT
10
155.3819
20
180.9686
0
VERTEX
8
CUT
10
155.5261
20
180.9665
0
VERTEX
8
CUT
10
155.5438
20
180.9666
0
VERTEX
8
CUT
10
155.6587
20
180.9683
0
VERTEX
8
CUT
10
155.6764
20
180.9689
0
VERTEX
8
CUT
10
156.2186
20
180.9932
0
VERTEX
8
CUT
10
156.4411
20
180.9895
0
VERTEX
8
CUT
10
156.4590
20
180.9895
0
VERTEX
8
CUT
10
156.5754
20
180.9911
0
VERTEX
8
CUT
10
156.5933
20
180.9916
0
VERTEX
8
CUT
10
156.7392
20
180.9979
0
VERTEX
8
CUT
10
156.7571
20
180.9989
0
VERTEX
8
CUT
10
156.8732
20
181.0075
0
VERTEX
8
CUT
10
156.8910
20
181.0090
0
VERTEX
8
CUT
10
157.1371
20
181.0345
0
VERTEX
8
CUT
10
157.6621
20
181.0580
0
VERTEX
8
CUT
10
157.6783
20
181.0590
0
VERTEX
8
CUT
10
157.7833
20
181.0666
0
VERTEX
8
CUT
10
157.7995
20
181.0679
0
VERTEX
8
CUT
10
157.9311
20
181.0810
0
VERTEX
8
CUT
10
157.9472
20
181.0828
0
VERTEX
8
CUT
10
158.0517
20
181.0960
0
VERTEX
8
CUT
10
158.0677
20
181.0983
0
VERTEX
8
CUT
10
158.7039
20
181.1964
0
VERTEX
8
CUT
10
158.8612
20
181.2126
0
VERTEX
8
CUT
10
158.8772
20
181.2145
0
VERTEX
8
CUT
10
158.9806
20
181.2280
0
VERTEX
8
CUT
10
158.9965
20
181.2303
0
VERTEX
8
CUT
10
159.1258
20
181.2507
0
VERTEX
8
CUT
10
159.1416
20
181.2534
0
VERTEX
8
CUT
10
159.2441
20
181.2724
0
VERTEX
8
CUT
10
159.2599
20
181.2755
0
VERTEX
8
CUT
10
159.3713
20
181.2993
0
VERTEX
8
CUT
10
159.9062
20
181.3817
0
VERTEX
8
CUT
10
159.9173
20
181.3835
0
VERTEX
8
CUT
10
159.9949
20
181.3970
0
VERTEX
8
CUT
10
160.0064
20
181.3991
0
VERTEX
8
CUT
10
160.0570
20
181.4089
0
VERTEX
8
CUT
10
160.0813
20
181.4141
0
VERTEX
8
CUT
10
160.2321
20
181.4499
0
VERTEX
8
CUT
10
160.2552
20
181.4558
0
VERTEX
8
CUT
10
160.2952
20
181.4670
0
VERTEX
8
CUT
10
160.3060
20
181.4701
0
VERTEX
8
CUT
10
160.3805
20
181.4925
0
VERTEX
8
CUT
10
160.3926
20
181.4962
0
VERTEX
8
CUT
10
160.5805
20
181.5569
0
VERTEX
8
CUT
10
160.9810
20
181.6423
0
VERTEX
8
CUT
10
160.9937
20
181.6451
0
VERTEX
8
CUT
10
161.0759
20
181.6645
0
VERTEX
8
CUT
10
161.0885
20
181.6676
0
VERTEX
8
CUT
10
161.1377
20
181.6804
0
VERTEX
8
CUT
10
161.1627
20
181.6874
0
VERTEX
8
CUT
10
161.3242
20
181.7368
0
VERTEX
8
CUT
10
161.3489
20
181.7449
0
VERTEX
8
CUT
10
161.3968
20
181.7618
0
VERTEX
8
CUT
10
161.4090
20
181.7663
0
VERTEX
8
CUT
10
161.4880
20
181.7962
0
VERTEX
8
CUT
10
161.5001
20
181.8009
0
VERTEX
8
CUT
10
162.1607
20
182.0673
0
VERTEX
8
CUT
10
162.8205
20
182.2804
0
VERTEX
8
CUT
10
162.8378
20
182.2863
0
VERTEX
8
CUT
10
162.9497
20
182.3262
0
VERTEX
8
CUT
10
162.9668
20
182.3326
0
VERTEX
8
CUT
10
163.0331
20
182.3586
0
VERTEX
8
CUT
10
163.0667
20
182.3729
0
VERTEX
8
CUT
10
163.2820
20
182.4728
0
VERTEX
8
CUT
10
163.3147
20
182.4892
0
VERTEX
8
CUT
10
163.3774
20
182.5230
0
VERTEX
8
CUT
10
163.3933
20
182.5319
0
VERTEX
8
CUT
10
163.4960
20
182.5915
0
VERTEX
8
CUT
10
163.5117
20
182.6009
0
VERTEX
8
CUT
10
163.5623
20
182.6324
0
VERTEX
8
CUT
10
163.6871
20
182.6827
0
VERTEX
8
CUT
10
163.6993
20
182.6878
0
VERTEX
8
CUT
10
163.7783
20
182.7217
0
VERTEX
8
CUT
10
163.7904
20
182.7270
0
VERTEX
8
CUT
10
163.8374
20
182.7484
0
VERTEX
8
CUT
10
163.8612
20
182.7599
0
VERTEX
8
CUT
10
164.0122
20
182.8369
0
VERTEX
8
CUT
10
164.0582
20
182.8629
0
VERTEX
8
CUT
10
164.2018
20
182.9529
0
VERTEX
8
CUT
10
164.2239
20
182.9674
0
VERTEX
8
CUT
10
164.2664
20
182.9967
0
VERTEX
8
CUT
10
164.2772
20
183.0044
0
VERTEX
8
CUT
10
164.3469
20
183.0547
0
VERTEX
8
CUT
10
164.3575
20
183.0625
0
VERTEX
8
CUT
10
164.8324
20
183.4218
0
VERTEX
8
CUT
10
165.1672
20
183.6299
0
VERTEX
8
CUT
10
165.1779
20
183.6367
0
VERTEX
8
CUT
10
165.2472
20
183.6819
0
VERTEX
8
CUT
10
165.2578
20
183.6889
0
VERTEX
8
CUT
10
165.2990
20
183.7170
0
VERTEX
8
CUT
10
165.3197
20
183.7318
0
VERTEX
8
CUT
10
165.4505
20
183.8294
0
VERTEX
8
CUT
10
165.4900
20
183.8615
0
VERTEX
8
CUT
10
165.6121
20
183.9699
0
VERTEX
8
CUT
10
165.6308
20
183.9872
0
VERTEX
8
CUT
10
165.6666
20
184.0218
0
VERTEX
8
CUT
10
165.6756
20
184.0307
0
VERTEX
8
CUT
10
165.7339
20
184.0895
0
VERTEX
8
CUT
10
165.7428
20
184.0986
0
VERTEX
8
CUT
10
165.7831
20
184.1411
0
VERTEX
8
CUT
10
165.9311
20
184.2530
0
VERTEX
8
CUT
10
165.9432
20
184.2624
0
VERTEX
8
CUT
10
166.0210
20
184.3245
0
VERTEX
8
CUT
10
166.0329
20
184.3342
0
VERTEX
8
CUT
10
166.0787
20
184.3727
0
VERTEX
8
CUT
10
166.1016
20
184.3930
0
VERTEX
8
CUT
10
166.2473
20
184.5286
0
VERTEX
8
CUT
10
166.2692
20
184.5501
0
VERTEX
8
CUT
10
166.3108
20
184.5930
0
VERTEX
8
CUT
10
166.3213
20
184.6042
0
VERTEX
8
CUT
10
166.3888
20
184.6774
0
VERTEX
8
CUT
10
166.3990
20
184.6888
0
VERTEX
8
CUT
10
167.3461
20
185.7713
0
VERTEX
8
CUT
10
167.3582
20
185.7854
0
VERTEX
8
CUT
10
167.4347
20
185.8786
0
VERTEX
8
CUT
10
167.4463
20
185.8931
0
VERTEX
8
CUT
10
167.5387
20
186.0130
0
VERTEX
8
CUT
10
167.5498
20
186.0279
0
VERTEX
8
CUT
10
167.6205
20
186.1256
0
VERTEX
8
CUT
10
167.6311
20
186.1408
0
VERTEX
8
CUT
10
168.5227
20
187.4579
0
VERTEX
8
CUT
10
168.5284
20
187.4665
0
VERTEX
8
CUT
10
168.5681
20
187.5274
0
VERTEX
8
CUT
10
168.5740
20
187.5366
0
VERTEX
8
CUT
10
168.5993
20
187.5770
0
VERTEX
8
CUT
10
168.6111
20
187.5967
0
VERTEX
8
CUT
10
168.6825
20
187.7209
0
VERTEX
8
CUT
10
168.6931
20
187.7403
0
VERTEX
8
CUT
10
168.7110
20
187.7742
0
VERTEX
8
CUT
10
168.7158
20
187.7835
0
VERTEX
8
CUT
10
168.7481
20
187.8477
0
VERTEX
8
CUT
10
168.7533
20
187.8581
0
VERTEX
8
CUT
10
168.9779
20
188.3258
0
VERTEX
8
CUT
10
168.9885
20
188.3429
0
VERTEX
8
CUT
10
168.9984
20
188.3595
0
VERTEX
8
CUT
10
169.0613
20
188.4682
0
VERTEX
8
CUT
10
169.0706
20
188.4851
0
VERTEX
8
CUT
10
169.1450
20
188.6241
0
VERTEX
8
CUT
10
169.1539
20
188.6412
0
VERTEX
8
CUT
10
169.2096
20
188.7538
0
VERTEX
8
CUT
10
169.2179
20
188.7713
0
VERTEX
8
CUT
10
169.5733
20
189.5521
0
VERTEX
8
CUT
10
169.5786
20
189.5642
0
VERTEX
8
CUT
10
169.6125
20
189.6433
0
VERTEX
8
CUT
10
169.6176
20
189.6555
0
VERTEX
8
CUT
10
169.6369
20
189.7034
0
VERTEX
8
CUT
10
169.6462
20
189.7282
0
VERTEX
8
CUT
10
169.7034
20
189.8904
0
VERTEX
8
CUT
10
169.7117
20
189.9155
0
VERTEX
8
CUT
10
169.7267
20
189.9650
0
VERTEX
8
CUT
10
169.7304
20
189.9777
0
VERTEX
8
CUT
10
169.7535
20
190.0605
0
VERTEX
8
CUT
10
169.7570
20
190.0733
0
VERTEX
8
CUT
10
169.7597
20
190.0838
0
VERTEX
8
CUT
10
169.7627
20
190.0946
0
VERTEX
8
CUT
10
169.7666
20
190.1089
0
VERTEX
8
CUT
10
169.9737
20
190.9195
0
VERTEX
8
CUT
10
169.9774
20
190.9346
0
VERTEX
8
CUT
10
169.9999
20
191.0330
0
VERTEX
8
CUT
10
170.0031
20
191.0482
0
VERTEX
8
CUT
10
170.0151
20
191.1077
0
VERTEX
8
CUT
10
170.0204
20
191.1383
0
VERTEX
8
CUT
10
170.0499
20
191.3379
0
VERTEX
8
CUT
10
170.0537
20
191.3687
0
VERTEX
8
CUT
10
170.0594
20
191.4291
0
VERTEX
8
CUT
10
170.0607
20
191.4446
0
VERTEX
8
CUT
10
170.0676
20
191.5453
0
VERTEX
8
CUT
10
170.0685
20
191.5608
0
VERTEX
8
CUT
10
170.1072
20
192.4573
0
VERTEX
8
CUT
10
170.1075
20
192.4650
0
VERTEX
8
CUT
10
170.1091
20
192.5183
0
VERTEX
8
CUT
10
170.1093
20
192.5265
0
VERTEX
8
CUT
10
170.1104
20
192.5929
0
VERTEX
8
CUT
10
170.1105
20
192.6010
0
VERTEX
8
CUT
10
170.1106
20
192.6535
0
VERTEX
8
CUT
10
170.1106
20
192.6621
0
VERTEX
8
CUT
10
170.0869
20
194.7953
0
VERTEX
8
CUT
10
170.0863
20
194.8169
0
VERTEX
8
CUT
10
170.0796
20
194.9572
0
VERTEX
8
CUT
10
170.0782
20
194.9788
0
VERTEX
8
CUT
10
170.0636
20
195.1544
0
VERTEX
8
CUT
10
170.0614
20
195.1759
0
VERTEX
8
CUT
10
170.0447
20
195.3154
0
VERTEX
8
CUT
10
170.0417
20
195.3368
0
VERTEX
8
CUT
10
170.0286
20
195.4209
0
VERTEX
8
CUT
10
170.0273
20
195.4578
0
VERTEX
8
CUT
10
170.0265
20
195.4749
0
VERTEX
8
CUT
10
170.0223
20
195.5419
0
VERTEX
8
CUT
10
170.0191
20
195.5762
0
VERTEX
8
CUT
10
169.9924
20
195.7980
0
VERTEX
8
CUT
10
169.9873
20
195.8320
0
VERTEX
8
CUT
10
169.9754
20
195.8981
0
VERTEX
8
CUT
10
169.9721
20
195.9150
0
VERTEX
8
CUT
10
169.9492
20
196.0244
0
VERTEX
8
CUT
10
169.9455
20
196.0412
0
VERTEX
8
CUT
10
169.9049
20
196.2107
0
VERTEX
8
CUT
10
169.7850
20
196.9772
0
VERTEX
8
CUT
10
169.7823
20
196.9926
0
VERTEX
8
CUT
10
169.7639
20
197.0930
0
VERTEX
8
CUT
10
169.7609
20
197.1084
0
VERTEX
8
CUT
10
169.7483
20
197.1684
0
VERTEX
8
CUT
10
169.7410
20
197.1989
0
VERTEX
8
CUT
10
169.6886
20
197.3960
0
VERTEX
8
CUT
10
169.6797
20
197.4261
0
VERTEX
8
CUT
10
169.6609
20
197.4844
0
VERTEX
8
CUT
10
169.6559
20
197.4993
0
VERTEX
8
CUT
10
169.6220
20
197.5956
0
VERTEX
8
CUT
10
169.6166
20
197.6103
0
VERTEX
8
CUT
10
169.4921
20
197.9364
0
VERTEX
8
CUT
10
169.4066
20
198.2938
0
VERTEX
8
CUT
10
169.4037
20
198.3057
0
VERTEX
8
CUT
10
169.3836
20
198.3826
0
VERTEX
8
CUT
10
169.3804
20
198.3944
0
VERTEX
8
CUT
10
169.3674
20
198.4405
0
VERTEX
8
CUT
10
169.3602
20
198.4639
0
VERTEX
8
CUT
10
169.3108
20
198.6150
0
VERTEX
8
CUT
10
169.3027
20
198.6381
0
VERTEX
8
CUT
10
169.2859
20
198.6829
0
VERTEX
8
CUT
10
169.2815
20
198.6943
0
VERTEX
8
CUT
10
169.2522
20
198.7683
0
VERTEX
8
CUT
10
169.2476
20
198.7796
0
VERTEX
8
CUT
10
168.4847
20
200.5942
0
VERTEX
8
CUT
10
168.4787
20
200.6080
0
VERTEX
8
CUT
10
168.4384
20
200.6976
0
VERTEX
8
CUT
10
168.4320
20
200.7113
0
VERTEX
8
CUT
10
168.3785
20
200.8224
0
VERTEX
8
CUT
10
168.3718
20
200.8359
0
VERTEX
8
CUT
10
168.3270
20
200.9233
0
VERTEX
8
CUT
10
168.3200
20
200.9367
0
VERTEX
8
CUT
10
168.2892
20
200.9932
0
VERTEX
8
CUT
10
167.3128
20
202.7859
0
VERTEX
8
CUT
10
167.3123
20
202.7867
0
VERTEX
8
CUT
10
167.3033
20
202.8027
0
VERTEX
8
CUT
10
167.2429
20
202.9060
0
VERTEX
8
CUT
10
167.2334
20
202.9217
0
VERTEX
8
CUT
10
167.1536
20
203.0488
0
VERTEX
8
CUT
10
167.1436
20
203.0643
0
VERTEX
8
CUT
10
167.0770
20
203.1636
0
VERTEX
8
CUT
10
167.0665
20
203.1787
0
VERTEX
8
CUT
10
165.7327
20
205.0415
0
VERTEX
8
CUT
10
165.7250
20
205.0520
0
VERTEX
8
CUT
10
165.6742
20
205.1199
0
VERTEX
8
CUT
10
165.6662
20
205.1302
0
VERTEX
8
CUT
10
165.6483
20
205.1531
0
VERTEX
8
CUT
10
165.6464
20
205.1555
0
VERTEX
8
CUT
10
165.6063
20
205.2066
0
VERTEX
8
CUT
10
165.6005
20
205.2140
0
VERTEX
8
CUT
10
165.6003
20
205.2143
0
VERTEX
8
CUT
10
165.5807
20
205.2392
0
VERTEX
8
CUT
10
165.5726
20
205.2494
0
VERTEX
8
CUT
10
165.5188
20
205.3149
0
VERTEX
8
CUT
10
165.5104
20
205.3249
0
VERTEX
8
CUT
10
163.7692
20
207.3553
0
VERTEX
8
CUT
10
163.7583
20
207.3677
0
VERTEX
8
CUT
10
163.6863
20
207.4472
0
VERTEX
8
CUT
10
163.6750
20
207.4593
0
VERTEX
8
CUT
10
163.5818
20
207.5566
0
VERTEX
8
CUT
10
163.5702
20
207.5683
0
VERTEX
8
CUT
10
163.4939
20
207.6438
0
VERTEX
8
CUT
10
163.4937
20
207.6440
0
VERTEX
8
CUT
10
163.4934
20
207.6442
0
VERTEX
8
CUT
10
163.4815
20
207.6557
0
VERTEX
8
CUT
10
158.2191
20
212.5772
0
VERTEX
8
CUT
10
158.2101
20
212.5854
0
VERTEX
8
CUT
10
158.1511
20
212.6385
0
VERTEX
8
CUT
10
158.1419
20
212.6465
0
VERTEX
8
CUT
10
158.1302
20
212.6566
0
VERTEX
8
CUT
10
158.0606
20
212.7168
0
VERTEX
8
CUT
10
158.0516
20
212.7244
0
VERTEX
8
CUT
10
157.9921
20
212.7738
0
VERTEX
8
CUT
10
157.9823
20
212.7818
0
VERTEX
8
CUT
10
141.1790
20
226.1496
0
VERTEX
8
CUT
10
140.3230
20
226.9401
0
VERTEX
8
CUT
10
138.3997
20
228.9495
0
VERTEX
8
CUT
10
136.2350
20
231.3413
0
VERTEX
8
CUT
10
135.4710
20
232.2568
0
VERTEX
8
CUT
10
135.2351
20
232.5394
0
VERTEX
8
CUT
10
135.0618
20
232.7471
0
VERTEX
8
CUT
10
134.9954
20
232.8267
0
VERTEX
8
CUT
10
132.9121
20
235.4615
0
VERTEX
8
CUT
10
130.9259
20
238.5438
0
VERTEX
8
CUT
10
130.9198
20
238.5533
0
VERTEX
8
CUT
10
130.9058
20
238.5756
0
VERTEX
8
CUT
10
130.8999
20
238.5853
0
VERTEX
8
CUT
10
130.8927
20
238.5970
0
VERTEX
8
CUT
10
130.8869
20
238.6067
0
VERTEX
8
CUT
10
130.8734
20
238.6294
0
VERTEX
8
CUT
10
130.8677
20
238.6392
0
VERTEX
8
CUT
10
130.8613
20
238.6505
0
VERTEX
8
CUT
10
130.8557
20
238.6603
0
VERTEX
8
CUT
10
130.8457
20
238.6781
0
VERTEX
8
CUT
10
130.8432
20
238.6830
0
VERTEX
8
CUT
10
130.8384
20
238.6922
0
VERTEX
8
CUT
10
129.5533
20
241.2070
0
VERTEX
8
CUT
10
129.5490
20
241.2154
0
VERTEX
8
CUT
10
129.5393
20
241.2350
0
VERTEX
8
CUT
10
129.5351
20
241.2434
0
VERTEX
8
CUT
10
129.5302
20
241.2535
0
VERTEX
8
CUT
10
129.5262
20
241.2619
0
VERTEX
8
CUT
10
129.5169
20
241.2815
0
VERTEX
8
CUT
10
129.5130
20
241.2900
0
VERTEX
8
CUT
10
129.5085
20
241.2997
0
VERTEX
8
CUT
10
129.5047
20
241.3082
0
VERTEX
8
CUT
10
129.4958
20
241.3281
0
VERTEX
8
CUT
10
129.4920
20
241.3366
0
VERTEX
8
CUT
10
129.4875
20
241.3471
0
VERTEX
8
CUT
10
129.4838
20
241.3557
0
VERTEX
8
CUT
10
129.4753
20
241.3757
0
VERTEX
8
CUT
10
129.4717
20
241.3843
0
VERTEX
8
CUT
10
128.9360
20
242.6899
0
VERTEX
8
CUT
10
128.4673
20
243.8320
0
VERTEX
8
CUT
10
128.4616
20
243.8460
0
VERTEX
8
CUT
10
128.4488
20
243.8789
0
VERTEX
8
CUT
10
128.4434
20
243.8930
0
VERTEX
8
CUT
10
128.4370
20
243.9103
0
VERTEX
8
CUT
10
128.4318
20
243.9245
0
VERTEX
8
CUT
10
128.4201
20
243.9578
0
VERTEX
8
CUT
10
128.4152
20
243.9721
0
VERTEX
8
CUT
10
128.4097
20
243.9886
0
VERTEX
8
CUT
10
128.4050
20
244.0029
0
VERTEX
8
CUT
10
128.3944
20
244.0366
0
VERTEX
8
CUT
10
128.3900
20
244.0511
0
VERTEX
8
CUT
10
128.3847
20
244.0687
0
VERTEX
8
CUT
10
128.3806
20
244.0833
0
VERTEX
8
CUT
10
128.3711
20
244.1173
0
VERTEX
8
CUT
10
128.3672
20
244.1319
0
VERTEX
8
CUT
10
127.0853
20
249.0495
0
VERTEX
8
CUT
10
127.0836
20
249.0564
0
VERTEX
8
CUT
10
127.0796
20
249.0723
0
VERTEX
8
CUT
10
127.0788
20
249.0753
0
VERTEX
8
CUT
10
127.0717
20
249.1064
0
VERTEX
8
CUT
10
127.0584
20
249.1690
0
VERTEX
8
CUT
10
127.0542
20
249.1905
0
VERTEX
8
CUT
10
127.0494
20
249.2206
0
VERTEX
8
CUT
10
127.0382
20
249.3007
0
VERTEX
8
CUT
10
127.0340
20
249.3351
0
VERTEX
8
CUT
10
126.8069
20
251.5824
0
VERTEX
8
CUT
10
126.8057
20
251.5952
0
VERTEX
8
CUT
10
126.8031
20
251.6249
0
VERTEX
8
CUT
10
126.8021
20
251.6376
0
VERTEX
8
CUT
10
126.8010
20
251.6528
0
VERTEX
8
CUT
10
126.8002
20
251.6655
0
VERTEX
8
CUT
10
126.7984
20
251.6949
0
VERTEX
8
CUT
10
126.7978
20
251.7075
0
VERTEX
8
CUT
10
126.7971
20
251.7221
0
VERTEX
8
CUT
10
126.7967
20
251.7348
0
VERTEX
8
CUT
10
126.7958
20
251.7644
0
VERTEX
8
CUT
10
126.7955
20
251.7771
0
VERTEX
8
CUT
10
126.7952
20
251.7925
0
VERTEX
8
CUT
10
126.7951
20
251.8052
0
VERTEX
8
CUT
10
126.7951
20
251.8348
0
VERTEX
8
CUT
10
126.7951
20
251.8475
0
VERTEX
8
CUT
10
126.8215
20
254.0184
0
VERTEX
8
CUT
10
126.8216
20
254.0283
0
VERTEX
8
CUT
10
126.8220
20
254.0437
0
VERTEX
8
CUT
10
126.8229
20
254.0691
0
VERTEX
8
CUT
10
126.8247
20
254.1031
0
VERTEX
8
CUT
10
126.8254
20
254.1133
0
VERTEX
8
CUT
10
126.8259
20
254.1186
0
VERTEX
8
CUT
10
126.8264
20
254.1236
0
VERTEX
8
CUT
10
126.8298
20
254.1532
0
VERTEX
8
CUT
10
126.8385
20
254.2188
0
VERTEX
8
CUT
10
126.8446
20
254.2580
0
VERTEX
8
CUT
10
126.8469
20
254.2712
0
VERTEX
8
CUT
10
126.8487
20
254.2810
0
VERTEX
8
CUT
10
127.5496
20
257.9839
0
VERTEX
8
CUT
10
127.5515
20
257.9938
0
VERTEX
8
CUT
10
127.5546
20
258.0092
0
VERTEX
8
CUT
10
127.5601
20
258.0345
0
VERTEX
8
CUT
10
127.5679
20
258.0683
0
VERTEX
8
CUT
10
127.5753
20
258.0982
0
VERTEX
8
CUT
10
127.5817
20
258.1219
0
VERTEX
8
CUT
10
127.5854
20
258.1353
0
VERTEX
8
CUT
10
127.5868
20
258.1403
0
VERTEX
8
CUT
10
127.5956
20
258.1693
0
VERTEX
8
CUT
10
127.6162
20
258.2335
0
VERTEX
8
CUT
10
127.6293
20
258.2716
0
VERTEX
8
CUT
10
127.6341
20
258.2844
0
VERTEX
8
CUT
10
127.6377
20
258.2939
0
VERTEX
8
CUT
10
129.0246
20
261.9064
0
VERTEX
8
CUT
10
129.6389
20
263.1070
0
VERTEX
8
CUT
10
129.8549
20
263.4551
0
VERTEX
8
CUT
10
130.0134
20
263.7105
0
VERTEX
8
CUT
10
130.0855
20
263.8267
0
VERTEX
8
CUT
10
130.3230
20
264.2094
0
VERTEX
8
CUT
10
132.6402
20
267.2048
0
VERTEX
8
CUT
10
134.4717
20
269.4056
0
VERTEX
8
CUT
10
134.4774
20
269.4126
0
VERTEX
8
CUT
10
134.5169
20
269.4615
0
VERTEX
8
CUT
10
134.5229
20
269.4691
0
VERTEX
8
CUT
10
134.5711
20
269.5308
0
VERTEX
8
CUT
10
134.5769
20
269.5383
0
VERTEX
8
CUT
10
134.6142
20
269.5877
0
VERTEX
8
CUT
10
134.6202
20
269.5959
0
VERTEX
8
CUT
10
136.5058
20
272.1812
0
VERTEX
8
CUT
10
136.5139
20
272.1926
0
VERTEX
8
CUT
10
136.5657
20
272.2671
0
VERTEX
8
CUT
10
136.5735
20
272.2786
0
VERTEX
8
CUT
10
136.6035
20
272.3241
0
VERTEX
8
CUT
10
136.6184
20
272.3478
0
VERTEX
8
CUT
10
136.7111
20
272.5036
0
VERTEX
8
CUT
10
136.7248
20
272.5279
0
VERTEX
8
CUT
10
136.7505
20
272.5759
0
VERTEX
8
CUT
10
136.7570
20
272.5883
0
VERTEX
8
CUT
10
136.7646
20
272.6035
0
VERTEX
8
CUT
10
136.7820
20
272.6356
0
VERTEX
8
CUT
10
136.7895
20
272.6500
0
VERTEX
8
CUT
10
136.8371
20
272.7438
0
VERTEX
8
CUT
10
136.8443
20
272.7583
0
VERTEX
8
CUT
10
137.7360
20
274.6397
0
VERTEX
8
CUT
10
137.7436
20
274.6565
0
VERTEX
8
CUT
10
137.7468
20
274.6638
0
VERTEX
8
CUT
10
137.7716
20
274.7158
0
VERTEX
8
CUT
10
137.7776
20
274.7289
0
VERTEX
8
CUT
10
137.8160
20
274.8149
0
VERTEX
8
CUT
10
137.8218
20
274.8282
0
VERTEX
8
CUT
10
137.8436
20
274.8804
0
VERTEX
8
CUT
10
137.8541
20
274.9074
0
VERTEX
8
CUT
10
137.9182
20
275.0844
0
VERTEX
8
CUT
10
137.9274
20
275.1119
0
VERTEX
8
CUT
10
137.9441
20
275.1660
0
VERTEX
8
CUT
10
137.9482
20
275.1799
0
VERTEX
8
CUT
10
137.9737
20
275.2705
0
VERTEX
8
CUT
10
137.9775
20
275.2845
0
VERTEX
8
CUT
10
138.1866
20
276.1006
0
VERTEX
8
CUT
10
138.1905
20
276.1167
0
VERTEX
8
CUT
10
138.2143
20
276.2217
0
VERTEX
8
CUT
10
138.2178
20
276.2379
0
VERTEX
8
CUT
10
138.2440
20
276.3704
0
VERTEX
8
CUT
10
138.2470
20
276.3867
0
VERTEX
8
CUT
10
138.2650
20
276.4928
0
VERTEX
8
CUT
10
138.2676
20
276.5092
0
VERTEX
8
CUT
10
138.3922
20
277.3909
0
VERTEX
8
CUT
10
138.3936
20
277.4013
0
VERTEX
8
CUT
10
138.4026
20
277.4745
0
VERTEX
8
CUT
10
138.4038
20
277.4854
0
VERTEX
8
CUT
10
138.4089
20
277.5335
0
VERTEX
8
CUT
10
138.4109
20
277.5567
0
VERTEX
8
CUT
10
138.4204
20
277.7015
0
VERTEX
8
CUT
10
138.4214
20
277.7239
0
VERTEX
8
CUT
10
138.4225
20
277.7628
0
VERTEX
8
CUT
10
138.4227
20
277.7733
0
VERTEX
8
CUT
10
138.4235
20
277.8462
0
VERTEX
8
CUT
10
138.4235
20
277.8580
0
VERTEX
8
CUT
10
138.4187
20
278.4011
0
VERTEX
8
CUT
10
138.4549
20
278.8208
0
VERTEX
8
CUT
10
138.4559
20
278.8340
0
VERTEX
8
CUT
10
138.4614
20
278.9198
0
VERTEX
8
CUT
10
138.4621
20
278.9331
0
VERTEX
8
CUT
10
138.4642
20
278.9847
0
VERTEX
8
CUT
10
138.4648
20
279.0112
0
VERTEX
8
CUT
10
138.4644
20
279.1832
0
VERTEX
8
CUT
10
138.4637
20
279.2096
0
VERTEX
8
CUT
10
138.4613
20
279.2613
0
VERTEX
8
CUT
10
138.4606
20
279.2745
0
VERTEX
8
CUT
10
138.4547
20
279.3603
0
VERTEX
8
CUT
10
138.4537
20
279.3735
0
VERTEX
8
CUT
10
138.4051
20
279.9090
0
VERTEX
8
CUT
10
138.4015
20
280.3149
0
VERTEX
8
CUT
10
138.4012
20
280.3281
0
VERTEX
8
CUT
10
138.3985
20
280.4137
0
VERTEX
8
CUT
10
138.3980
20
280.4269
0
VERTEX
8
CUT
10
138.3953
20
280.4784
0
VERTEX
8
CUT
10
138.3933
20
280.5047
0
VERTEX
8
CUT
10
138.3767
20
280.6752
0
VERTEX
8
CUT
10
138.3736
20
280.7014
0
VERTEX
8
CUT
10
138.3663
20
280.7524
0
VERTEX
8
CUT
10
138.3643
20
280.7655
0
VERTEX
8
CUT
10
138.3504
20
280.8500
0
VERTEX
8
CUT
10
138.3481
20
280.8630
0
VERTEX
8
CUT
10
138.2908
20
281.1697
0
VERTEX
8
CUT
10
138.2325
20
281.8131
0
VERTEX
8
CUT
10
138.2303
20
281.8334
0
VERTEX
8
CUT
10
138.2137
20
281.9654
0
VERTEX
8
CUT
10
138.2109
20
281.9856
0
VERTEX
8
CUT
10
138.1845
20
282.1504
0
VERTEX
8
CUT
10
138.1809
20
282.1705
0
VERTEX
8
CUT
10
138.1554
20
282.3011
0
VERTEX
8
CUT
10
138.1512
20
282.3211
0
VERTEX
8
CUT
10
137.9347
20
283.2590
0
VERTEX
8
CUT
10
137.9295
20
283.2795
0
VERTEX
8
CUT
10
137.8939
20
283.4122
0
VERTEX
8
CUT
10
137.8881
20
283.4326
0
VERTEX
8
CUT
10
137.8376
20
283.5974
0
VERTEX
8
CUT
10
137.8310
20
283.6175
0
VERTEX
8
CUT
10
137.7862
20
283.7474
0
VERTEX
8
CUT
10
137.7789
20
283.7672
0
VERTEX
8
CUT
10
136.9417
20
285.9395
0
VERTEX
8
CUT
10
136.9364
20
285.9528
0
VERTEX
8
CUT
10
136.9011
20
286.0383
0
VERTEX
8
CUT
10
136.8955
20
286.0514
0
VERTEX
8
CUT
10
136.8730
20
286.1023
0
VERTEX
8
CUT
10
136.8609
20
286.1281
0
VERTEX
8
CUT
10
136.7783
20
286.2936
0
VERTEX
8
CUT
10
136.7650
20
286.3188
0
VERTEX
8
CUT
10
136.7378
20
286.3673
0
VERTEX
8
CUT
10
136.7307
20
286.3797
0
VERTEX
8
CUT
10
136.6836
20
286.4594
0
VERTEX
8
CUT
10
136.6762
20
286.4715
0
VERTEX
8
CUT
10
136.5785
20
286.6281
0
VERTEX
8
CUT
10
136.1195
20
287.4343
0
VERTEX
8
CUT
10
136.1104
20
287.4497
0
VERTEX
8
CUT
10
136.0497
20
287.5492
0
VERTEX
8
CUT
10
136.0401
20
287.5644
0
VERTEX
8
CUT
10
135.9603
20
287.6869
0
VERTEX
8
CUT
10
135.9503
20
287.7018
0
VERTEX
8
CUT
10
135.8838
20
287.7975
0
VERTEX
8
CUT
10
135.8733
20
287.8120
0
VERTEX
8
CUT
10
135.6610
20
288.0989
0
VERTEX
8
CUT
10
135.3983
20
288.5200
0
VERTEX
8
CUT
10
135.3878
20
288.5362
0
VERTEX
8
CUT
10
135.3181
20
288.6404
0
VERTEX
8
CUT
10
135.3071
20
288.6562
0
VERTEX
8
CUT
10
135.2155
20
288.7840
0
VERTEX
8
CUT
10
135.2040
20
288.7995
0
VERTEX
8
CUT
10
135.1278
20
288.8989
0
VERTEX
8
CUT
10
135.1158
20
288.9140
0
VERTEX
8
CUT
10
135.0946
20
288.9399
0
VERTEX
8
CUT
10
135.0379
20
289.0210
0
VERTEX
8
CUT
10
135.0298
20
289.0323
0
VERTEX
8
CUT
10
134.9764
20
289.1049
0
VERTEX
8
CUT
10
134.9681
20
289.1160
0
VERTEX
8
CUT
10
134.2729
20
290.0178
0
VERTEX
8
CUT
10
134.2663
20
290.0264
0
VERTEX
8
CUT
10
134.2630
20
290.0308
0
VERTEX
8
CUT
10
134.2337
20
290.0722
0
VERTEX
8
CUT
10
134.1958
20
290.1290
0
VERTEX
8
CUT
10
134.1543
20
290.1976
0
VERTEX
8
CUT
10
134.1289
20
290.2442
0
VERTEX
8
CUT
10
134.0938
20
290.3160
0
VERTEX
8
CUT
10
134.0614
20
290.3904
0
VERTEX
8
CUT
10
134.0547
20
290.4063
0
VERTEX
8
CUT
10
134.0155
20
290.5014
0
VERTEX
8
CUT
10
134.0095
20
290.5153
0
VERTEX
8
CUT
10
133.9858
20
290.5690
0
VERTEX
8
CUT
10
133.9729
20
290.5962
0
VERTEX
8
CUT
10
133.8861
20
290.7685
0
VERTEX
8
CUT
10
133.8564
20
290.8209
0
VERTEX
8
CUT
10
133.7541
20
290.9814
0
VERTEX
8
CUT
10
133.7193
20
291.0305
0
VERTEX
8
CUT
10
133.6015
20
291.1800
0
VERTEX
8
CUT
10
133.5619
20
291.2254
0
VERTEX
8
CUT
10
133.4297
20
291.3623
0
VERTEX
8
CUT
10
133.3858
20
291.4035
0
VERTEX
8
CUT
10
133.2406
20
291.5265
0
VERTEX
8
CUT
10
133.1927
20
291.5630
0
VERTEX
8
CUT
10
133.0359
20
291.6709
0
VERTEX
8
CUT
10
132.9846
20
291.7024
0
VERTEX
8
CUT
10
132.8178
20
291.7940
0
VERTEX
8
CUT
10
132.7636
20
291.8203
0
VERTEX
8
CUT
10
132.5885
20
291.8947
0
VERTEX
8
CUT
10
132.5319
20
291.9154
0
VERTEX
8
CUT
10
132.3502
20
291.9718
0
VERTEX
8
CUT
10
132.2918
20
291.9868
0
VERTEX
8
CUT
10
132.1054
20
292.0247
0
VERTEX
8
CUT
10
132.0458
20
292.0338
0
VERTEX
8
CUT
10
131.8538
20
292.0531
0
VERTEX
8
CUT
10
131.8238
20
292.0554
0
VERTEX
8
CUT
10
131.7651
20
292.0583
0
VERTEX
8
CUT
10
131.7501
20
292.0589
0
VERTEX
8
CUT
10
131.6522
20
292.0614
0
VERTEX
8
CUT
10
131.6372
20
292.0615
0
VERTEX
8
CUT
10
111.0882
20
292.0615
0
VERTEX
8
CUT
10
111.0860
20
292.0615
0
VERTEX
8
CUT
10
111.0859
20
292.0615
0
VERTEX
8
CUT
10
111.0647
20
292.0615
0
VERTEX
8
CUT
10
111.0589
20
292.0615
0
VERTEX
8
CUT
10
111.0446
20
292.0614
0
VERTEX
8
CUT
10
110.9516
20
292.0592
0
VERTEX
8
CUT
10
110.9373
20
292.0586
0
VERTEX
8
CUT
10
110.8815
20
292.0560
0
VERTEX
8
CUT
10
110.8529
20
292.0539
0
VERTEX
8
CUT
10
110.6704
20
292.0365
0
VERTEX
8
CUT
10
110.6138
20
292.0283
0
VERTEX
8
CUT
10
110.4361
20
291.9940
0
VERTEX
8
CUT
10
110.3805
20
291.9805
0
VERTEX
8
CUT
10
110.3478
20
291.9708
0
VERTEX
8
CUT
10
110.3469
20
291.9706
0
VERTEX
8
CUT
10
110.3452
20
291.9701
0
VERTEX
8
CUT
10
110.2070
20
291.9294
0
VERTEX
8
CUT
10
110.1529
20
291.9107
0
VERTEX
8
CUT
10
110.1105
20
291.8936
0
VERTEX
8
CUT
10
110.1072
20
291.8924
0
VERTEX
8
CUT
10
110.1032
20
291.8907
0
VERTEX
8
CUT
10
109.9851
20
291.8433
0
VERTEX
8
CUT
10
109.9330
20
291.8195
0
VERTEX
8
CUT
10
109.8803
20
291.7922
0
VERTEX
8
CUT
10
109.8765
20
291.7904
0
VERTEX
8
CUT
10
109.8737
20
291.7888
0
VERTEX
8
CUT
10
109.7723
20
291.7364
0
VERTEX
8
CUT
10
109.7228
20
291.7078
0
VERTEX
8
CUT
10
109.6582
20
291.6661
0
VERTEX
8
CUT
10
109.6574
20
291.6656
0
VERTEX
8
CUT
10
109.6570
20
291.6654
0
VERTEX
8
CUT
10
109.5707
20
291.6098
0
VERTEX
8
CUT
10
109.5242
20
291.5765
0
VERTEX
8
CUT
10
109.3821
20
291.4645
0
VERTEX
8
CUT
10
109.3389
20
291.4270
0
VERTEX
8
CUT
10
109.2082
20
291.3019
0
VERTEX
8
CUT
10
109.1688
20
291.2605
0
VERTEX
8
CUT
10
109.0506
20
291.1235
0
VERTEX
8
CUT
10
109.0153
20
291.0785
0
VERTEX
8
CUT
10
108.9106
20
290.9309
0
VERTEX
8
CUT
10
108.8798
20
290.8827
0
VERTEX
8
CUT
10
108.7897
20
290.7259
0
VERTEX
8
CUT
10
108.7636
20
290.6750
0
VERTEX
8
CUT
10
108.6888
20
290.5102
0
VERTEX
8
CUT
10
108.6677
20
290.4571
0
VERTEX
8
CUT
10
108.6090
20
290.2860
0
VERTEX
8
CUT
10
108.5930
20
290.2310
0
VERTEX
8
CUT
10
108.5508
20
290.0551
0
VERTEX
8
CUT
10
108.5402
20
289.9989
0
VERTEX
8
CUT
10
108.5149
20
289.8198
0
VERTEX
8
CUT
10
108.5097
20
289.7628
0
VERTEX
8
CUT
10
108.5015
20
289.5796
0
VERTEX
8
CUT
10
108.5009
20
289.5510
0
VERTEX
8
CUT
10
108.5011
20
289.4951
0
VERTEX
8
CUT
10
108.5013
20
289.4808
0
VERTEX
8
CUT
10
108.5038
20
289.3878
0
VERTEX
8
CUT
10
108.5044
20
289.3735
0
VERTEX
8
CUT
10
108.5129
20
289.2065
0
VERTEX
8
CUT
10
108.5142
20
289.1878
0
VERTEX
8
CUT
10
108.5242
20
289.0664
0
VERTEX
8
CUT
10
108.5260
20
289.0477
0
VERTEX
8
CUT
10
108.5433
20
288.8958
0
VERTEX
8
CUT
10
108.5457
20
288.8772
0
VERTEX
8
CUT
10
108.5633
20
288.7567
0
VERTEX
8
CUT
10
108.5663
20
288.7382
0
VERTEX
8
CUT
10
108.5678
20
288.7295
0
VERTEX
8
CUT
10
108.7729
20
287.5757
0
VERTEX
8
CUT
10
108.7754
20
287.5624
0
VERTEX
8
CUT
10
108.7927
20
287.4763
0
VERTEX
8
CUT
10
108.7955
20
287.4631
0
VERTEX
8
CUT
10
108.8197
20
287.3556
0
VERTEX
8
CUT
10
108.8228
20
287.3425
0
VERTEX
8
CUT
10
108.8439
20
287.2573
0
VERTEX
8
CUT
10
108.8473
20
287.2442
0
VERTEX
8
CUT
10
109.1770
20
286.0338
0
VERTEX
8
CUT
10
109.1825
20
286.0151
0
VERTEX
8
CUT
10
109.2197
20
285.8939
0
VERTEX
8
CUT
10
109.2258
20
285.8754
0
VERTEX
8
CUT
10
109.2775
20
285.7250
0
VERTEX
8
CUT
10
109.2841
20
285.7066
0
VERTEX
8
CUT
10
109.3292
20
285.5881
0
VERTEX
8
CUT
10
109.3364
20
285.5700
0
VERTEX
8
CUT
10
110.5208
20
282.7371
0
VERTEX
8
CUT
10
110.5295
20
282.7173
0
VERTEX
8
CUT
10
110.5883
20
282.5897
0
VERTEX
8
CUT
10
110.5977
20
282.5702
0
VERTEX
8
CUT
10
110.6773
20
282.4129
0
VERTEX
8
CUT
10
110.6874
20
282.3938
0
VERTEX
8
CUT
10
110.7552
20
282.2708
0
VERTEX
8
CUT
10
110.7660
20
282.2520
0
VERTEX
8
CUT
10
112.6035
20
279.1878
0
VERTEX
8
CUT
10
112.6113
20
279.1752
0
VERTEX
8
CUT
10
112.6630
20
279.0937
0
VERTEX
8
CUT
10
112.6711
20
279.0812
0
VERTEX
8
CUT
10
112.7385
20
278.9805
0
VERTEX
8
CUT
10
112.7469
20
278.9683
0
VERTEX
8
CUT
10
112.8025
20
278.8894
0
VERTEX
8
CUT
10
112.8112
20
278.8774
0
VERTEX
8
CUT
10
115.7037
20
274.9859
0
VERTEX
8
CUT
10
115.7125
20
274.9739
0
VERTEX
8
CUT
10
115.7215
20
274.9615
0
VERTEX
8
CUT
10
115.7245
20
274.9574
0
VERTEX
8
CUT
10
115.7319
20
274.9472
0
VERTEX
8
CUT
10
115.7350
20
274.9428
0
VERTEX
8
CUT
10
115.7386
20
274.9377
0
VERTEX
8
CUT
10
115.7417
20
274.9333
0
VERTEX
8
CUT
10
115.7489
20
274.9230
0
VERTEX
8
CUT
10
115.7516
20
274.9191
0
VERTEX
8
CUT
10
115.7574
20
274.9108
0
VERTEX
8
CUT
10
115.7656
20
274.8988
0
VERTEX
8
CUT
10
115.7691
20
274.8935
0
VERTEX
8
CUT
10
118.2660
20
271.1750
0
VERTEX
8
CUT
10
118.2734
20
271.1637
0
VERTEX
8
CUT
10
118.2908
20
271.1371
0
VERTEX
8
CUT
10
118.2981
20
271.1256
0
VERTEX
8
CUT
10
118.3069
20
271.1115
0
VERTEX
8
CUT
10
118.3141
20
271.1000
0
VERTEX
8
CUT
10
118.3306
20
271.0728
0
VERTEX
8
CUT
10
118.3375
20
271.0611
0
VERTEX
8
CUT
10
118.3455
20
271.0476
0
VERTEX
8
CUT
10
118.3523
20
271.0358
0
VERTEX
8
CUT
10
118.3679
20
271.0082
0
VERTEX
8
CUT
10
118.3745
20
270.9963
0
VERTEX
8
CUT
10
118.3825
20
270.9817
0
VERTEX
8
CUT
10
118.3890
20
270.9697
0
VERTEX
8
CUT
10
118.4038
20
270.9416
0
VERTEX
8
CUT
10
118.4100
20
270.9295
0
VERTEX
8
CUT
10
119.5870
20
268.6139
0
VERTEX
8
CUT
10
120.3014
20
266.7539
0
VERTEX
8
CUT
10
120.3062
20
266.7411
0
VERTEX
8
CUT
10
120.3126
20
266.7238
0
VERTEX
8
CUT
10
120.3298
20
266.6721
0
VERTEX
8
CUT
10
120.3558
20
266.5851
0
VERTEX
8
CUT
10
120.3573
20
266.5796
0
VERTEX
8
CUT
10
120.3629
20
266.5553
0
VERTEX
8
CUT
10
120.3811
20
266.4656
0
VERTEX
8
CUT
10
120.3904
20
266.4115
0
VERTEX
8
CUT
10
120.3930
20
266.3932
0
VERTEX
8
CUT
10
120.3948
20
266.3796
0
VERTEX
8
CUT
10
120.6875
20
264.0411
0
VERTEX
8
CUT
10
120.6887
20
264.0312
0
VERTEX
8
CUT
10
120.6905
20
264.0159
0
VERTEX
8
CUT
10
120.6930
20
263.9905
0
VERTEX
8
CUT
10
120.6959
20
263.9565
0
VERTEX
8
CUT
10
120.6980
20
263.9262
0
VERTEX
8
CUT
10
120.6982
20
263.9219
0
VERTEX
8
CUT
10
120.6994
20
263.8685
0
VERTEX
8
CUT
10
120.6988
20
263.7958
0
VERTEX
8
CUT
10
120.6956
20
263.7268
0
VERTEX
8
CUT
10
120.6915
20
263.6782
0
VERTEX
8
CUT
10
120.6871
20
263.6379
0
VERTEX
8
CUT
10
120.6854
20
263.6249
0
VERTEX
8
CUT
10
120.6841
20
263.6150
0
VERTEX
8
CUT
10
120.3762
20
261.4412
0
VERTEX
8
CUT
10
120.3745
20
261.4297
0
VERTEX
8
CUT
10
120.3721
20
261.4142
0
VERTEX
8
CUT
10
120.3638
20
261.3684
0
VERTEX
8
CUT
10
120.3526
20
261.3149
0
VERTEX
8
CUT
10
120.3390
20
261.2616
0
VERTEX
8
CUT
10
120.2080
20
260.9231
0
VERTEX
8
CUT
10
120.2030
20
260.9100
0
VERTEX
8
CUT
10
120.2024
20
260.9086
0
VERTEX
8
CUT
10
120.1973
20
260.8953
0
VERTEX
8
CUT
10
119.9681
20
260.4217
0
VERTEX
8
CUT
10
119.7871
20
260.1440
0
VERTEX
8
CUT
10
119.7607
20
260.1034
0
VERTEX
8
CUT
10
119.7554
20
260.0953
0
VERTEX
8
CUT
10
119.7479
20
260.0839
0
VERTEX
8
CUT
10
119.7445
20
260.0797
0
VERTEX
8
CUT
10
119.5470
20
259.8425
0
VERTEX
8
CUT
10
119.1494
20
259.4759
0
VERTEX
8
CUT
10
119.1057
20
259.4509
0
VERTEX
8
CUT
10
119.0640
20
259.4285
0
VERTEX
8
CUT
10
118.4841
20
259.1365
0
VERTEX
8
CUT
10
118.4478
20
259.1192
0
VERTEX
8
CUT
10
118.3805
20
259.0890
0
VERTEX
8
CUT
10
118.3057
20
259.0593
0
VERTEX
8
CUT
10
118.2550
20
259.0419
0
VERTEX
8
CUT
10
118.1778
20
259.0190
0
VERTEX
8
CUT
10
118.1258
20
259.0061
0
VERTEX
8
CUT
10
118.0469
20
258.9903
0
VERTEX
8
CUT
10
117.9939
20
258.9821
0
VERTEX
8
CUT
10
117.9139
20
258.9734
0
VERTEX
8
CUT
10
117.8403
20
258.9687
0
VERTEX
8
CUT
10
117.8001
20
258.9670
0
VERTEX
8
CUT
10
116.9333
20
258.9504
0
VERTEX
8
CUT
10
116.8894
20
258.9506
0
VERTEX
8
CUT
10
116.8090
20
258.9530
0
VERTEX
8
CUT
10
116.7215
20
258.9598
0
VERTEX
8
CUT
10
116.6635
20
258.9672
0
VERTEX
8
CUT
10
116.5771
20
258.9826
0
VERTEX
8
CUT
10
116.5522
20
258.9883
0
VERTEX
8
CUT
10
116.5204
20
258.9957
0
VERTEX
8
CUT
10
116.4362
20
259.0195
0
VERTEX
8
CUT
10
116.3602
20
259.0451
0
VERTEX
8
CUT
10
116.3191
20
259.0600
0
VERTEX
8
CUT
10
115.8241
20
259.2538
0
VERTEX
8
CUT
10
115.0991
20
259.5809
0
VERTEX
8
CUT
10
114.7459
20
259.8431
0
VERTEX
8
CUT
10
113.7249
20
260.6835
0
VERTEX
8
CUT
10
113.7180
20
260.6893
0
VERTEX
8
CUT
10
113.7072
20
260.6983
0
VERTEX
8
CUT
10
113.6895
20
260.7136
0
VERTEX
8
CUT
10
113.6814
20
260.7208
0
VERTEX
8
CUT
10
113.6351
20
260.7630
0
VERTEX
8
CUT
10
113.6270
20
260.7706
0
VERTEX
8
CUT
10
113.6205
20
260.7768
0
VERTEX
8
CUT
10
113.6172
20
260.7800
0
VERTEX
8
CUT
10
113.6098
20
260.7874
0
VERTEX
8
CUT
10
113.5965
20
260.8008
0
VERTEX
8
CUT
10
113.5393
20
260.8609
0
VERTEX
8
CUT
10
113.5153
20
260.8872
0
VERTEX
8
CUT
10
112.8711
20
261.6204
0
VERTEX
8
CUT
10
112.8669
20
261.6252
0
VERTEX
8
CUT
10
112.8573
20
261.6363
0
VERTEX
8
CUT
10
112.8532
20
261.6411
0
VERTEX
8
CUT
10
112.8439
20
261.6519
0
VERTEX
8
CUT
10
112.8390
20
261.6577
0
VERTEX
8
CUT
10
112.8276
20
261.6713
0
VERTEX
8
CUT
10
112.8228
20
261.6771
0
VERTEX
8
CUT
10
112.8172
20
261.6838
0
VERTEX
8
CUT
10
112.8124
20
261.6897
0
VERTEX
8
CUT
10
112.8012
20
261.7035
0
VERTEX
8
CUT
10
112.7965
20
261.7094
0
VERTEX
8
CUT
10
112.7941
20
261.7124
0
VERTEX
8
CUT
10
112.7885
20
261.7195
0
VERTEX
8
CUT
10
112.7756
20
261.7360
0
VERTEX
8
CUT
10
112.7701
20
261.7432
0
VERTEX
8
CUT
10
112.2118
20
262.4728
0
VERTEX
8
CUT
10
109.7731
20
265.8530
0
VERTEX
8
CUT
10
109.7666
20
265.8618
0
VERTEX
8
CUT
10
109.7211
20
265.9225
0
VERTEX
8
CUT
10
109.7140
20
265.9318
0
VERTEX
8
CUT
10
109.6558
20
266.0064
0
VERTEX
8
CUT
10
109.6486
20
266.0154
0
VERTEX
8
CUT
10
109.6014
20
266.0735
0
VERTEX
8
CUT
10
109.5936
20
266.0830
0
VERTEX
8
CUT
10
108.4809
20
267.3980
0
VERTEX
8
CUT
10
108.4673
20
267.4136
0
VERTEX
8
CUT
10
108.3769
20
267.5132
0
VERTEX
8
CUT
10
108.3628
20
267.5282
0
VERTEX
8
CUT
10
108.2452
20
267.6492
0
VERTEX
8
CUT
10
108.2305
20
267.6638
0
VERTEX
8
CUT
10
108.1336
20
267.7569
0
VERTEX
8
CUT
10
108.1184
20
267.7709
0
VERTEX
8
CUT
10
105.5782
20
270.0467
0
VERTEX
8
CUT
10
105.5691
20
270.0547
0
VERTEX
8
CUT
10
105.5097
20
270.1058
0
VERTEX
8
CUT
10
105.5005
20
270.1135
0
VERTEX
8
CUT
10
105.4642
20
270.1435
0
VERTEX
8
CUT
10
105.4453
20
270.1585
0
VERTEX
8
CUT
10
105.3206
20
270.2534
0
VERTEX
8
CUT
10
105.3011
20
270.2676
0
VERTEX
8
CUT
10
105.2625
20
270.2946
0
VERTEX
8
CUT
10
105.2525
20
270.3014
0
VERTEX
8
CUT
10
105.1874
20
270.3450
0
VERTEX
8
CUT
10
105.1773
20
270.3516
0
VERTEX
8
CUT
10
104.0706
20
271.0606
0
VERTEX
8
CUT
10
104.0535
20
271.0711
0
VERTEX
8
CUT
10
103.9411
20
271.1380
0
VERTEX
8
CUT
10
103.9236
20
271.1480
0
VERTEX
8
CUT
10
103.7798
20
271.2270
0
VERTEX
8
CUT
10
103.7620
20
271.2364
0
VERTEX
8
CUT
10
103.6453
20
271.2956
0
VERTEX
8
CUT
10
103.6272
20
271.3044
0
VERTEX
8
CUT
10
102.7649
20
271.7057
0
VERTEX
8
CUT
10
102.5218
20
271.8451
0
VERTEX
8
CUT
10
102.5100
20
271.8517
0
VERTEX
8
CUT
10
102.4327
20
271.8937
0
VERTEX
8
CUT
10
102.4207
20
271.9001
0
VERTEX
8
CUT
10
102.3737
20
271.9243
0
VERTEX
8
CUT
10
102.3493
20
271.9361
0
VERTEX
8
CUT
10
102.1895
20
272.0095
0
VERTEX
8
CUT
10
102.1647
20
272.0203
0
VERTEX
8
CUT
10
102.1157
20
272.0401
0
VERTEX
8
CUT
10
102.1031
20
272.0451
0
VERTEX
8
CUT
10
102.0208
20
272.0763
0
VERTEX
8
CUT
10
102.0081
20
272.0810
0
VERTEX
8
CUT
10
100.8493
20
272.4911
0
VERTEX
8
CUT
10
100.8349
20
272.4960
0
VERTEX
8
CUT
10
100.7409
20
272.5266
0
VERTEX
8
CUT
10
100.7264
20
272.5311
0
VERTEX
8
CUT
10
100.6075
20
272.5665
0
VERTEX
8
CUT
10
100.5929
20
272.5707
0
VERTEX
8
CUT
10
100.4974
20
272.5965
0
VERTEX
8
CUT
10
100.4827
20
272.6003
0
VERTEX
8
CUT
10
97.9372
20
273.2199
0
VERTEX
8
CUT
10
97.9304
20
273.2215
0
VERTEX
8
CUT
10
97.9164
20
273.2248
0
VERTEX
8
CUT
10
97.8248
20
273.2447
0
VERTEX
8
CUT
10
97.8107
20
273.2476
0
VERTEX
8
CUT
10
97.7553
20
273.2583
0
VERTEX
8
CUT
10
97.7269
20
273.2631
0
VERTEX
8
CUT
10
97.5439
20
273.2894
0
VERTEX
8
CUT
10
97.4865
20
273.2948
0
VERTEX
8
CUT
10
97.4644
20
273.2958
0
VERTEX
8
CUT
10
96.3745
20
273.6027
0
VERTEX
8
CUT
10
96.3618
20
273.6063
0
VERTEX
8
CUT
10
96.3448
20
273.6114
0
VERTEX
8
CUT
10
96.2948
20
273.6278
0
VERTEX
8
CUT
10
96.2123
20
273.6577
0
VERTEX
8
CUT
10
96.1761
20
273.6718
0
VERTEX
8
CUT
10
96.1406
20
273.6874
0
VERTEX
8
CUT
10
96.0609
20
273.7244
0
VERTEX
8
CUT
10
96.0138
20
273.7480
0
VERTEX
8
CUT
10
95.9982
20
273.7564
0
VERTEX
8
CUT
10
95.9867
20
273.7627
0
VERTEX
8
CUT
10
94.6334
20
274.5170
0
VERTEX
8
CUT
10
94.5912
20
274.5420
0
VERTEX
8
CUT
10
94.5153
20
274.5899
0
VERTEX
8
CUT
10
94.4354
20
274.6467
0
VERTEX
8
CUT
10
94.3843
20
274.6873
0
VERTEX
8
CUT
10
94.3111
20
274.7524
0
VERTEX
8
CUT
10
94.2647
20
274.7983
0
VERTEX
8
CUT
10
94.1990
20
274.8710
0
VERTEX
8
CUT
10
94.1425
20
274.9407
0
VERTEX
8
CUT
10
94.1126
20
274.9796
0
VERTEX
8
CUT
10
90.6747
20
279.7304
0
VERTEX
8
CUT
10
90.6642
20
279.7445
0
VERTEX
8
CUT
10
90.5948
20
279.8348
0
VERTEX
8
CUT
10
90.5839
20
279.8485
0
VERTEX
8
CUT
10
90.4934
20
279.9592
0
VERTEX
8
CUT
10
90.4822
20
279.9727
0
VERTEX
8
CUT
10
90.4075
20
280.0588
0
VERTEX
8
CUT
10
90.3959
20
280.0718
0
VERTEX
8
CUT
10
82.4336
20
288.7342
0
VERTEX
8
CUT
10
82.4250
20
288.7437
0
VERTEX
8
CUT
10
82.4052
20
288.7659
0
VERTEX
8
CUT
10
82.3968
20
288.7755
0
VERTEX
8
CUT
10
82.3865
20
288.7872
0
VERTEX
8
CUT
10
82.3782
20
288.7969
0
VERTEX
8
CUT
10
82.3590
20
288.8197
0
VERTEX
8
CUT
10
82.3509
20
288.8295
0
VERTEX
8
CUT
10
82.3416
20
288.8409
0
VERTEX
8
CUT
10
82.3335
20
288.8508
0
VERTEX
8
CUT
10
82.3150
20
288.8741
0
VERTEX
8
CUT
10
82.3071
20
288.8842
0
VERTEX
8
CUT
10
82.2976
20
288.8965
0
VERTEX
8
CUT
10
82.2898
20
288.9067
0
VERTEX
8
CUT
10
82.2719
20
288.9305
0
VERTEX
8
CUT
10
82.2643
20
288.9408
0
VERTEX
8
CUT
10
81.4616
20
290.0422
0
VERTEX
8
CUT
10
81.4550
20
290.0514
0
VERTEX
8
CUT
10
81.4462
20
290.0638
0
VERTEX
8
CUT
10
81.4211
20
290.1011
0
VERTEX
8
CUT
10
81.3927
20
290.1457
0
VERTEX
8
CUT
10
81.3536
20
290.2133
0
VERTEX
8
CUT
10
81.3155
20
290.2865
0
VERTEX
8
CUT
10
81.2853
20
290.3503
0
VERTEX
8
CUT
10
81.2701
20
290.3860
0
VERTEX
8
CUT
10
81.2609
20
290.4086
0
VERTEX
8
CUT
10
81.2341
20
290.4766
0
VERTEX
8
CUT
10
81.2227
20
290.5036
0
VERTEX
8
CUT
10
81.1459
20
290.6738
0
VERTEX
8
CUT
10
81.1195
20
290.7255
0
VERTEX
8
CUT
10
81.0302
20
290.8811
0
VERTEX
8
CUT
10
80.9994
20
290.9294
0
VERTEX
8
CUT
10
80.8948
20
291.0771
0
VERTEX
8
CUT
10
80.8595
20
291.1222
0
VERTEX
8
CUT
10
80.7413
20
291.2593
0
VERTEX
8
CUT
10
80.7019
20
291.3009
0
VERTEX
8
CUT
10
80.5711
20
291.4261
0
VERTEX
8
CUT
10
80.5279
20
291.4637
0
VERTEX
8
CUT
10
80.3858
20
291.5758
0
VERTEX
8
CUT
10
80.3392
20
291.6091
0
VERTEX
8
CUT
10
80.1871
20
291.7073
0
VERTEX
8
CUT
10
80.1376
20
291.7360
0
VERTEX
8
CUT
10
79.9768
20
291.8191
0
VERTEX
8
CUT
10
79.9247
20
291.8430
0
VERTEX
8
CUT
10
79.7567
20
291.9104
0
VERTEX
8
CUT
10
79.7026
20
291.9292
0
VERTEX
8
CUT
10
79.5290
20
291.9804
0
VERTEX
8
CUT
10
79.4733
20
291.9939
0
VERTEX
8
CUT
10
79.2956
20
292.0283
0
VERTEX
8
CUT
10
79.2389
20
292.0364
0
VERTEX
8
CUT
10
79.0562
20
292.0539
0
VERTEX
8
CUT
10
79.0276
20
292.0560
0
VERTEX
8
CUT
10
78.9718
20
292.0586
0
VERTEX
8
CUT
10
78.9575
20
292.0592
0
VERTEX
8
CUT
10
78.8644
20
292.0614
0
VERTEX
8
CUT
10
78.8501
20
292.0615
0
VERTEX
8
CUT
10
10.5001
20
292.0615
0
VERTEX
8
CUT
10
10.4854
20
292.0614
0
VERTEX
8
CUT
10
10.3897
20
292.0590
0
VERTEX
8
CUT
10
10.3750
20
292.0585
0
VERTEX
8
CUT
10
10.3175
20
292.0556
0
VERTEX
8
CUT
10
10.2882
20
292.0535
0
VERTEX
8
CUT
10
10.1004
20
292.0350
0
VERTEX
8
CUT
10
10.0421
20
292.0263
0
VERTEX
8
CUT
10
9.8595
20
291.9900
0
VERTEX
8
CUT
10
9.8024
20
291.9757
0
VERTEX
8
CUT
10
9.6243
20
291.9217
0
VERTEX
8
CUT
10
9.5689
20
291.9018
0
VERTEX
8
CUT
10
9.3969
20
291.8306
0
VERTEX
8
CUT
10
9.3436
20
291.8054
0
VERTEX
8
CUT
10
9.1795
20
291.7177
0
VERTEX
8
CUT
10
9.1290
20
291.6874
0
VERTEX
8
CUT
10
8.9742
20
291.5840
0
VERTEX
8
CUT
10
8.9269
20
291.5489
0
VERTEX
8
CUT
10
8.7830
20
291.4308
0
VERTEX
8
CUT
10
8.7394
20
291.3913
0
VERTEX
8
CUT
10
8.6078
20
291.2597
0
VERTEX
8
CUT
10
8.5682
20
291.2160
0
VERTEX
8
CUT
10
8.4501
20
291.0721
0
VERTEX
8
CUT
10
8.4150
20
291.0248
0
VERTEX
8
CUT
10
8.3116
20
290.8701
0
VERTEX
8
CUT
10
8.2814
20
290.8196
0
VERTEX
8
CUT
10
8.1936
20
290.6554
0
VERTEX
8
CUT
10
8.1684
20
290.6022
0
VERTEX
8
CUT
10
8.0972
20
290.4302
0
VERTEX
8
CUT
10
8.0774
20
290.3747
0
VERTEX
8
CUT
10
8.0233
20
290.1966
0
VERTEX
8
CUT
10
8.0090
20
290.1395
0
VERTEX
8
CUT
10
7.9727
20
289.9569
0
VERTEX
8
CUT
10
7.9641
20
289.8987
0
VERTEX
8
CUT
10
7.9456
20
289.7109
0
VERTEX
8
CUT
10
7.9434
20
289.6815
0
VERTEX
8
CUT
10
7.9406
20
289.6241
0
VERTEX
8
CUT
10
7.9400
20
289.6093
0
VERTEX
8
CUT
10
7.9377
20
289.5137
0
VERTEX
8
CUT
10
7.9375
20
289.4989
0
VERTEX
8
CUT
10
7.9375
20
277.6077
0
VERTEX
8
CUT
10
7.9377
20
277.5934
0
VERTEX
8
CUT
10
7.9399
20
277.5004
0
VERTEX
8
CUT
10
7.9404
20
277.4861
0
VERTEX
8
CUT
10
7.9431
20
277.4302
0
VERTEX
8
CUT
10
7.9451
20
277.4016
0
VERTEX
8
CUT
10
7.9626
20
277.2190
0
VERTEX
8
CUT
10
7.9708
20
277.1623
0
SEQEND
0
POLYLINE
8
CUT
66
1
70
1
10
0.0
20
0.0
30
0.0
0
VERTEX
8
CUT
10
119.1445
20
113.4334
0
VERTEX
8
CUT
10
119.0975
20
113.5416
0
VERTEX
8
CUT
10
119.0421
20
113.6889
0
VERTEX
8
CUT
10
119.0060
20
113.8012
0
VERTEX
8
CUT
10
118.9653
20
113.9532
0
VERTEX
8
CUT
10
118.9404
20
114.0685
0
VERTEX
8
CUT
10
118.9149
20
114.2238
0
VERTEX
8
CUT
10
118.9014
20
114.3410
0
VERTEX
8
CUT
10
118.8912
20
114.4980
0
VERTEX
8
CUT
10
118.8894
20
114.6160
0
VERTEX
8
CUT
10
118.8946
20
114.7733
0
VERTEX
8
CUT
10
118.9044
20
114.8909
0
VERTEX
8
CUT
10
118.9250
20
115.0468
0
VERTEX
8
CUT
10
118.9463
20
115.1629
0
VERTEX
8
CUT
10
118.9647
20
115.2417
0
VERTEX
8
CUT
10
116.6503
20
117.4271
0
VERTEX
8
CUT
10
116.6421
20
117.4349
0
VERTEX
8
CUT
10
116.6310
20
117.4456
0
VERTEX
8
CUT
10
116.5991
20
117.4781
0
VERTEX
8
CUT
10
116.5626
20
117.5173
0
VERTEX
8
CUT
10
116.5114
20
117.5772
0
VERTEX
8
CUT
10
116.4644
20
117.6374
0
VERTEX
8
CUT
10
116.4181
20
117.7024
0
VERTEX
8
CUT
10
116.3881
20
117.7488
0
VERTEX
8
CUT
10
116.3639
20
117.7883
0
VERTEX
8
CUT
10
116.3564
20
117.8014
0
VERTEX
8
CUT
10
116.3508
20
117.8113
0
VERTEX
8
CUT
10
115.3754
20
119.5532
0
VERTEX
8
CUT
10
115.3681
20
119.5660
0
VERTEX
8
CUT
10
115.3195
20
119.6481
0
VERTEX
8
CUT
10
115.3118
20
119.6606
0
VERTEX
8
CUT
10
115.2814
20
119.7092
0
VERTEX
8
CUT
10
115.2652
20
119.7337
0
VERTEX
8
CUT
10
115.1577
20
119.8881
0
VERTEX
8
CUT
10
115.1218
20
119.9346
0
VERTEX
8
CUT
10
115.0014
20
120.0758
0
VERTEX
8
CUT
10
114.9612
20
120.1185
0
VERTEX
8
CUT
10
114.8257
20
120.2491
0
VERTEX
8
CUT
10
114.8040
20
120.2689
0
VERTEX
8
CUT
10
114.7608
20
120.3066
0
VERTEX
8
CUT
10
114.7497
20
120.3161
0
VERTEX
8
CUT
10
114.6763
20
120.3771
0
VERTEX
8
CUT
10
114.6649
20
120.3864
0
VERTEX
8
CUT
10
114.5621
20
120.4676
0
VERTEX
8
CUT
10
114.5522
20
120.4753
0
VERTEX
8
CUT
10
114.4874
20
120.5243
0
VERTEX
8
CUT
10
114.4773
20
120.5318
0
VERTEX
8
CUT
10
114.4377
20
120.5605
0
VERTEX
8
CUT
10
114.4172
20
120.5747
0
VERTEX
8
CUT
10
114.2817
20
120.6645
0
VERTEX
8
CUT
10
114.2606
20
120.6779
0
VERTEX
8
CUT
10
114.2188
20
120.7032
0
VERTEX
8
CUT
10
114.2080
20
120.7096
0
VERTEX
8
CUT
10
114.1376
20
120.7502
0
VERTEX
8
CUT
10
114.1267
20
120.7563
0
VERTEX
8
CUT
10
111.9583
20
121.9468
0
VERTEX
8
CUT
10
111.9500
20
121.9514
0
VERTEX
8
CUT
10
111.9372
20
121.9586
0
VERTEX
8
CUT
10
111.9161
20
121.9709
0
VERTEX
8
CUT
10
111.8881
20
121.9877
0
VERTEX
8
CUT
10
111.8634
20
122.0030
0
VERTEX
8
CUT
10
111.8597
20
122.0054
0
VERTEX
8
CUT
10
111.8174
20
122.0343
0
VERTEX
8
CUT
10
111.7610
20
122.0754
0
VERTEX
8
CUT
10
111.7089
20
122.1163
0
VERTEX
8
CUT
10
111.6731
20
122.1466
0
VERTEX
8
CUT
10
111.6440
20
122.1724
0
VERTEX
8
CUT
10
111.6347
20
122.1809
0
VERTEX
8
CUT
10
111.6278
20
122.1875
0
VERTEX
8
CUT
10
110.9217
20
122.8539
0
VERTEX
8
CUT
10
110.9138
20
122.8614
0
VERTEX
8
CUT
10
110.9017
20
122.8731
0
VERTEX
8
CUT
10
110.8820
20
122.8927
0
VERTEX
8
CUT
10
110.8560
20
122.9195
0
VERTEX
8
CUT
10
110.8333
20
122.9437
0
VERTEX
8
CUT
10
110.8302
20
122.9471
0
VERTEX
8
CUT
10
110.7926
20
122.9916
0
VERTEX
8
CUT
10
110.7432
20
123.0539
0
VERTEX
8
CUT
10
110.6990
20
123.1150
0
VERTEX
8
CUT
10
110.6696
20
123.1592
0
VERTEX
8
CUT
10
110.6461
20
123.1966
0
VERTEX
8
CUT
10
110.6387
20
123.2090
0
VERTEX
8
CUT
10
110.6332
20
123.2183
0
VERTEX
8
CUT
10
110.3677
20
123.6771
0
VERTEX
8
CUT
10
110.3476
20
123.7137
0
VERTEX
8
CUT
10
110.3124
20
123.7816
0
VERTEX
8
CUT
10
110.2774
20
123.8574
0
VERTEX
8
CUT
10
110.2565
20
123.9090
0
VERTEX
8
CUT
10
110.2287
20
123.9877
0
VERTEX
8
CUT
10
110.2127
20
124.0409
0
VERTEX
8
CUT
10
110.1923
20
124.1219
0
VERTEX
8
CUT
10
110.1772
20
124.1969
0
VERTEX
8
CUT
10
110.1698
20
124.2380
0
VERTEX
8
CUT
10
110.0649
20
124.9163
0
VERTEX
8
CUT
10
110.0632
20
124.9277
0
VERTEX
8
CUT
10
110.0610
20
124.9431
0
VERTEX
8
CUT
10
110.0558
20
124.9888
0
VERTEX
8
CUT
10
110.0489
20
125.0652
0
VERTEX
8
CUT
10
110.0465
20
125.0991
0
VERTEX
8
CUT
10
110.0454
20
125.1330
0
VERTEX
8
CUT
10
110.0444
20
125.2097
0
VERTEX
8
CUT
10
110.0450
20
125.2558
0
VERTEX
8
CUT
10
110.0456
20
125.2713
0
VERTEX
8
CUT
10
110.0461
20
125.2828
0
VERTEX
8
CUT
10
110.0809
20
125.9630
0
VERTEX
8
CUT
10
110.0843
20
126.0076
0
VERTEX
8
CUT
10
110.0926
20
126.0890
0
VERTEX
8
CUT
10
110.1060
20
126.1774
0
VERTEX
8
CUT
10
110.1178
20
126.2357
0
VERTEX
8
CUT
10
110.1399
20
126.3223
0
VERTEX
8
CUT
10
110.1574
20
126.3791
0
VERTEX
8
CUT
10
110.1880
20
126.4631
0
VERTEX
8
CUT
10
110.2111
20
126.5179
0
VERTEX
8
CUT
10
110.2498
20
126.5984
0
VERTEX
8
CUT
10
110.2783
20
126.6507
0
VERTEX
8
CUT
10
110.3248
20
126.7269
0
VERTEX
8
CUT
10
110.3583
20
126.7761
0
VERTEX
8
CUT
10
110.4121
20
126.8474
0
VERTEX
8
CUT
10
110.4503
20
126.8930
0
VERTEX
8
CUT
10
110.5110
20
126.9586
0
VERTEX
8
CUT
10
110.5535
20
127.0002
0
VERTEX
8
CUT
10
110.6204
20
127.0595
0
VERTEX
8
CUT
10
110.6668
20
127.0967
0
VERTEX
8
CUT
10
110.7393
20
127.1490
0
VERTEX
8
CUT
10
110.7891
20
127.1814
0
VERTEX
8
CUT
10
110.8664
20
127.2263
0
VERTEX
8
CUT
10
110.9193
20
127.2535
0
VERTEX
8
CUT
10
111.0006
20
127.2905
0
VERTEX
8
CUT
10
111.0559
20
127.3125
0
VERTEX
8
CUT
10
111.1405
20
127.3412
0
VERTEX
8
CUT
10
111.1977
20
127.3575
0
VERTEX
8
CUT
10
111.2847
20
127.3777
0
VERTEX
8
CUT
10
111.3433
20
127.3883
0
VERTEX
8
CUT
10
111.4319
20
127.3998
0
VERTEX
8
CUT
10
111.4912
20
127.4045
0
VERTEX
8
CUT
10
111.5805
20
127.4071
0
VERTEX
8
CUT
10
111.6400
20
127.4060
0
VERTEX
8
CUT
10
111.7291
20
127.3997
0
VERTEX
8
CUT
10
111.7882
20
127.3926
0
VERTEX
8
CUT
10
111.8763
20
127.3776
0
VERTEX
8
CUT
10
111.9343
20
127.3647
0
VERTEX
8
CUT
10
112.0205
20
127.3410
0
VERTEX
8
CUT
10
112.0770
20
127.3224
0
VERTEX
8
CUT
10
112.1604
20
127.2902
0
VERTEX
8
CUT
10
112.2147
20
127.2661
0
VERTEX
8
CUT
10
112.2945
20
127.2259
0
VERTEX
8
CUT
10
112.3462
20
127.1965
0
VERTEX
8
CUT
10
112.4216
20
127.1485
0
VERTEX
8
CUT
10
112.4702
20
127.1142
0
VERTEX
8
CUT
10
112.5405
20
127.0590
0
VERTEX
8
CUT
10
112.5854
20
127.0199
0
VERTEX
8
CUT
10
112.6498
20
126.9580
0
VERTEX
8
CUT
10
112.6906
20
126.9148
0
VERTEX
8
CUT
10
112.7486
20
126.8468
0
VERTEX
8
CUT
10
112.7849
20
126.7997
0
VERTEX
8
CUT
10
112.8359
20
126.7263
0
VERTEX
8
CUT
10
112.8792
20
126.6568
0
VERTEX
8
CUT
10
112.9019
20
126.6183
0
VERTEX
8
CUT
10
113.1542
20
126.1646
0
VERTEX
8
CUT
10
113.1584
20
126.1572
0
VERTEX
8
CUT
10
113.1878
20
126.1060
0
VERTEX
8
CUT
10
113.1924
20
126.0981
0
VERTEX
8
CUT
10
113.2301
20
126.0348
0
VERTEX
8
CUT
10
113.2348
20
126.0271
0
VERTEX
8
CUT
10
113.2653
20
125.9775
0
VERTEX
8
CUT
10
113.2704
20
125.9695
0
VERTEX
8
CUT
10
113.8244
20
125.1007
0
VERTEX
8
CUT
10
113.8326
20
125.0882
0
VERTEX
8
CUT
10
113.8865
20
125.0082
0
VERTEX
8
CUT
10
113.8949
20
124.9959
0
VERTEX
8
CUT
10
113.9285
20
124.9487
0
VERTEX
8
CUT
10
113.9463
20
124.9249
0
VERTEX
8
CUT
10
114.0640
20
124.7753
0
VERTEX
8
CUT
10
114.1030
20
124.7305
0
VERTEX
8
CUT
10
114.2332
20
124.5952
0
VERTEX
8
CUT
10
114.2764
20
124.5544
0
VERTEX
8
CUT
10
114.4193
20
124.4326
0
VERTEX
8
CUT
10
114.4663
20
124.3964
0
VERTEX
8
CUT
10
114.6205
20
124.2893
0
VERTEX
8
CUT
10
114.6709
20
124.2579
0
VERTEX
8
CUT
10
114.8350
20
124.1666
0
VERTEX
8
CUT
10
114.8882
20
124.1403
0
VERTEX
8
CUT
10
115.0605
20
124.0657
0
VERTEX
8
CUT
10
115.1161
20
124.0448
0
VERTEX
8
CUT
10
115.2949
20
123.9875
0
VERTEX
8
CUT
10
115.3523
20
123.9722
0
VERTEX
8
CUT
10
115.5359
20
123.9329
0
VERTEX
8
CUT
10
115.5945
20
123.9234
0
VERTEX
8
CUT
10
115.7811
20
123.9025
0
VERTEX
8
CUT
10
115.8404
20
123.8988
0
VERTEX
8
CUT
10
116.0281
20
123.8964
0
VERTEX
8
CUT
10
116.0874
20
123.8985
0
VERTEX
8
CUT
10
116.2745
20
123.9147
0
VERTEX
8
CUT
10
116.3333
20
123.9227
0
VERTEX
8
CUT
10
116.5179
20
123.9573
0
VERTEX
8
CUT
10
116.5756
20
123.9711
0
VERTEX
8
CUT
10
116.7558
20
124.0238
0
VERTEX
8
CUT
10
116.8120
20
124.0432
0
VERTEX
8
CUT
10
116.9861
20
124.1135
0
VERTEX
8
CUT
10
117.0400
20
124.1384
0
VERTEX
8
CUT
10
117.2063
20
124.2255
0
VERTEX
8
CUT
10
117.2575
20
124.2556
0
VERTEX
8
CUT
10
117.4144
20
124.3587
0
VERTEX
8
CUT
10
117.4624
20
124.3937
0
VERTEX
8
CUT
10
117.6083
20
124.5118
0
VERTEX
8
CUT
10
117.6526
20
124.5514
0
VERTEX
8
CUT
10
117.7861
20
124.6834
0
VERTEX
8
CUT
10
117.8263
20
124.7271
0
VERTEX
8
CUT
10
117.9461
20
124.8717
0
VERTEX
8
CUT
10
117.9817
20
124.9192
0
VERTEX
8
CUT
10
118.0860
20
125.0738
0
VERTEX
8
CUT
10
118.1116
20
125.1098
0
VERTEX
8
CUT
10
118.1601
20
125.1746
0
VERTEX
8
CUT
10
118.2164
20
125.2427
0
VERTEX
8
CUT
10
118.2561
20
125.2861
0
VERTEX
8
CUT
10
118.3189
20
125.3482
0
VERTEX
8
CUT
10
118.3626
20
125.3875
0
VERTEX
8
CUT
10
118.4311
20
125.4433
0
VERTEX
8
CUT
10
118.4785
20
125.4781
0
VERTEX
8
CUT
10
118.5522
20
125.5269
0
VERTEX
8
CUT
10
118.6028
20
125.5569
0
VERTEX
8
CUT
10
118.6809
20
125.5982
0
VERTEX
8
CUT
10
118.7342
20
125.6231
0
VERTEX
8
CUT
10
118.8159
20
125.6565
0
VERTEX
8
CUT
10
118.8714
20
125.6761
0
VERTEX
8
CUT
10
118.9560
20
125.7013
0
VERTEX
8
CUT
10
119.0131
20
125.7153
0
VERTEX
8
CUT
10
119.0999
20
125.7322
0
VERTEX
8
CUT
10
119.1581
20
125.7405
0
VERTEX
8
CUT
10
119.2460
20
125.7488
0
VERTEX
8
CUT
10
119.3048
20
125.7514
0
VERTEX
8
CUT
10
119.3931
20
125.7510
0
VERTEX
8
CUT
10
119.4518
20
125.7478
0
VERTEX
8
CUT
10
119.5397
20
125.7388
0
VERTEX
8
CUT
10
119.5979
20
125.7299
0
VERTEX
8
CUT
10
119.6844
20
125.7122
0
VERTEX
8
CUT
10
119.7414
20
125.6976
0
VERTEX
8
CUT
10
119.8258
20
125.6716
0
VERTEX
8
CUT
10
119.8811
20
125.6515
0
VERTEX
8
CUT
10
119.9625
20
125.6173
0
VERTEX
8
CUT
10
120.0156
20
125.5919
0
VERTEX
8
CUT
10
120.0933
20
125.5499
0
VERTEX
8
CUT
10
120.1436
20
125.5194
0
VERTEX
8
CUT
10
120.2168
20
125.4700
0
VERTEX
8
CUT
10
120.2638
20
125.4347
0
VERTEX
8
CUT
10
120.3319
20
125.3783
0
VERTEX
8
CUT
10
120.3752
20
125.3386
0
VERTEX
8
CUT
10
120.4374
20
125.2759
0
VERTEX
8
CUT
10
120.4767
20
125.2321
0
VERTEX
8
CUT
10
120.5324
20
125.1635
0
VERTEX
8
CUT
10
120.5672
20
125.1161
0
VERTEX
8
CUT
10
120.6159
20
125.0424
0
VERTEX
8
CUT
10
120.6459
20
124.9918
0
VERTEX
8
CUT
10
120.6871
20
124.9137
0
VERTEX
8
CUT
10
120.7213
20
124.8404
0
VERTEX
8
CUT
10
120.7390
20
124.7999
0
VERTEX
8
CUT
10
120.9780
20
124.2144
0
VERTEX
8
CUT
10
120.9840
20
124.2002
0
VERTEX
8
CUT
10
121.0241
20
124.1088
0
VERTEX
8
CUT
10
121.0305
20
124.0948
0
VERTEX
8
CUT
10
121.0560
20
124.0405
0
VERTEX
8
CUT
10
121.0697
20
124.0130
0
VERTEX
8
CUT
10
121.1637
20
123.8369
0
VERTEX
8
CUT
10
121.1788
20
123.8102
0
VERTEX
8
CUT
10
121.2097
20
123.7587
0
VERTEX
8
CUT
10
121.2178
20
123.7457
0
VERTEX
8
CUT
10
121.2715
20
123.6614
0
VERTEX
8
CUT
10
121.2799
20
123.6486
0
VERTEX
8
CUT
10
121.9269
20
122.6873
0
VERTEX
8
CUT
10
121.9388
20
122.6703
0
VERTEX
8
CUT
10
122.0181
20
122.5610
0
VERTEX
8
CUT
10
122.0305
20
122.5444
0
VERTEX
8
CUT
10
122.1346
20
122.4108
0
VERTEX
8
CUT
10
122.1477
20
122.3946
0
VERTEX
8
CUT
10
122.2342
20
122.2911
0
VERTEX
8
CUT
10
122.2478
20
122.2754
0
VERTEX
8
CUT
10
122.5546
20
121.9333
0
VERTEX
8
CUT
10
122.5644
20
121.9226
0
VERTEX
8
CUT
10
122.6292
20
121.8538
0
VERTEX
8
CUT
10
122.6392
20
121.8434
0
VERTEX
8
CUT
10
122.7072
20
121.7746
0
VERTEX
8
CUT
10
122.7116
20
121.7701
0
VERTEX
8
CUT
10
122.7607
20
121.7197
0
VERTEX
8
CUT
10
122.8178
20
121.6552
0
VERTEX
8
CUT
10
122.8561
20
121.6076
0
VERTEX
8
CUT
10
122.9092
20
121.5341
0
VERTEX
8
CUT
10
122.9421
20
121.4835
0
VERTEX
8
CUT
10
122.9875
20
121.4051
0
VERTEX
8
CUT
10
123.0152
20
121.3514
0
VERTEX
8
CUT
10
123.0525
20
121.2688
0
VERTEX
8
CUT
10
123.0746
20
121.2127
0
VERTEX
8
CUT
10
123.1034
20
121.1267
0
VERTEX
8
CUT
10
123.1197
20
121.0686
0
VERTEX
8
CUT
10
123.1398
20
120.9802
0
VERTEX
8
CUT
10
123.1502
20
120.9208
0
VERTEX
8
CUT
10
123.1612
20
120.8308
0
VERTEX
8
CUT
10
123.1656
20
120.7706
0
VERTEX
8
CUT
10
123.1675
20
120.6800
0
VERTEX
8
CUT
10
123.1658
20
120.6197
0
VERTEX
8
CUT
10
123.1586
20
120.5293
0
VERTEX
8
CUT
10
123.1508
20
120.4695
0
VERTEX
8
CUT
10
123.1346
20
120.3803
0
VERTEX
8
CUT
10
123.1208
20
120.3215
0
VERTEX
8
CUT
10
123.0957
20
120.2344
0
VERTEX
8
CUT
10
123.0761
20
120.1774
0
VERTEX
8
CUT
10
123.0423
20
120.0932
0
VERTEX
8
CUT
10
123.0171
20
120.0384
0
VERTEX
8
CUT
10
122.9750
20
119.9581
0
VERTEX
8
CUT
10
122.9444
20
119.9061
0
VERTEX
8
CUT
10
122.8945
20
119.8305
0
VERTEX
8
CUT
10
122.8587
20
119.7818
0
VERTEX
8
CUT
10
122.8015
20
119.7116
0
VERTEX
8
CUT
10
122.7610
20
119.6668
0
VERTEX
8
CUT
10
122.6970
20
119.6026
0
VERTEX
8
CUT
10
122.6354
20
119.5469
0
VERTEX
8
CUT
10
122.6010
20
119.5173
0
VERTEX
8
CUT
10
122.5945
20
119.5120
0
VERTEX
8
CUT
10
122.4494
20
119.3933
0
VERTEX
8
CUT
10
122.4054
20
119.3536
0
VERTEX
8
CUT
10
122.2727
20
119.2212
0
VERTEX
8
CUT
10
122.2328
20
119.1773
0
VERTEX
8
CUT
10
122.1138
20
119.0324
0
VERTEX
8
CUT
10
122.0785
20
118.9848
0
VERTEX
8
CUT
10
121.9744
20
118.8289
0
VERTEX
8
CUT
10
121.9439
20
118.7780
0
VERTEX
8
CUT
10
121.8557
20
118.6126
0
VERTEX
8
CUT
10
121.8304
20
118.5590
0
VERTEX
8
CUT
10
121.7590
20
118.3857
0
VERTEX
8
CUT
10
121.7391
20
118.3298
0
VERTEX
8
CUT
10
121.6851
20
118.1503
0
VERTEX
8
CUT
10
121.6708
20
118.0927
0
VERTEX
8
CUT
10
121.6348
20
117.9088
0
VERTEX
8
CUT
10
121.6263
20
117.8501
0
VERTEX
8
CUT
10
121.6086
20
117.6634
0
VERTEX
8
CUT
10
121.6060
20
117.6042
0
VERTEX
8
CUT
10
121.6068
20
117.4167
0
VERTEX
8
CUT
10
121.6078
20
117.3988
0
VERTEX
8
CUT
10
121.6100
20
117.3575
0
VERTEX
8
CUT
10
121.6293
20
117.1711
0
VERTEX
8
CUT
10
121.6383
20
117.1124
0
VERTEX
8
CUT
10
121.6760
20
116.9288
0
VERTEX
8
CUT
10
121.6907
20
116.8714
0
VERTEX
8
CUT
10
121.7463
20
116.6923
0
VERTEX
8
CUT
10
121.7667
20
116.6366
0
VERTEX
8
CUT
10
121.8396
20
116.4640
0
VERTEX
8
CUT
10
121.8654
20
116.4106
0
VERTEX
8
CUT
10
121.9551
20
116.2459
0
VERTEX
8
CUT
10
121.9860
20
116.1953
0
VERTEX
8
CUT
10
122.0915
20
116.0403
0
VERTEX
8
CUT
10
122.1272
20
115.9930
0
VERTEX
8
CUT
10
122.2475
20
115.8492
0
VERTEX
8
CUT
10
122.2877
20
115.8057
0
VERTEX
8
CUT
10
122.4216
20
115.6744
0
VERTEX
8
CUT
10
122.4659
20
115.6351
0
VERTEX
8
CUT
10
122.6141
20
115.5161
0
VERTEX
8
CUT
10
122.6377
20
115.4981
0
VERTEX
8
CUT
10
122.6846
20
115.4641
0
VERTEX
8
CUT
10
122.6967
20
115.4556
0
VERTEX
8
CUT
10
122.7761
20
115.4009
0
VERTEX
8
CUT
10
122.7884
20
115.3927
0
VERTEX
8
CUT
10
123.8322
20
114.7123
0
VERTEX
8
CUT
10
123.8506
20
114.7008
0
VERTEX
8
CUT
10
123.9088
20
114.6658
0
VERTEX
8
CUT
10
123.9711
20
114.6283
0
VERTEX
8
CUT
10
123.9898
20
114.6175
0
VERTEX
8
CUT
10
124.1441
20
114.5321
0
VERTEX
8
CUT
10
124.1632
20
114.5219
0
VERTEX
8
CUT
10
124.2886
20
114.4583
0
VERTEX
8
CUT
10
124.3081
20
114.4489
0
VERTEX
8
CUT
10
127.2845
20
113.0716
0
VERTEX
8
CUT
10
127.3029
20
113.0634
0
VERTEX
8
CUT
10
127.4234
20
113.0125
0
VERTEX
8
CUT
10
127.4420
20
113.0050
0
VERTEX
8
CUT
10
127.5952
20
112.9462
0
VERTEX
8
CUT
10
127.6141
20
112.9394
0
VERTEX
8
CUT
10
127.7376
20
112.8966
0
VERTEX
8
CUT
10
127.7568
20
112.8904
0
VERTEX
8
CUT
10
133.1857
20
111.2155
0
VERTEX
8
CUT
10
133.2009
20
111.2110
0
VERTEX
8
CUT
10
133.3004
20
111.1832
0
VERTEX
8
CUT
10
133.3158
20
111.1791
0
VERTEX
8
CUT
10
133.4416
20
111.1475
0
VERTEX
8
CUT
10
133.4571
20
111.1438
0
VERTEX
8
CUT
10
133.5579
20
111.1213
0
VERTEX
8
CUT
10
133.5735
20
111.1180
0
VERTEX
8
CUT
10
133.7096
20
111.0914
0
VERTEX
8
CUT
10
133.7242
20
111.0887
0
VERTEX
8
CUT
10
133.8190
20
111.0726
0
VERTEX
8
CUT
10
133.8336
20
111.0703
0
VERTEX
8
CUT
10
133.8909
20
111.0620
0
VERTEX
8
CUT
10
133.9203
20
111.0584
0
VERTEX
8
CUT
10
134.1091
20
111.0405
0
VERTEX
8
CUT
10
134.1683
20
111.0379
0
VERTEX
8
CUT
10
134.3554
20
111.0386
0
VERTEX
8
CUT
10
134.4146
20
111.0418
0
VERTEX
8
CUT
10
134.6007
20
111.0610
0
VERTEX
8
CUT
10
134.6592
20
111.0700
0
VERTEX
8
CUT
10
134.8426
20
111.1075
0
VERTEX
8
CUT
10
134.8999
20
111.1222
0
VERTEX
8
CUT
10
134.9858
20
111.1488
0
VERTEX
8
CUT
10
135.0272
20
111.1605
0
VERTEX
8
CUT
10
135.1035
20
111.1802
0
VERTEX
8
CUT
10
135.1878
20
111.1977
0
VERTEX
8
CUT
10
135.2443
20
111.2066
0
VERTEX
8
CUT
10
135.3298
20
111.2160
0
VERTEX
8
CUT
10
135.3870
20
111.2195
0
VERTEX
8
CUT
10
135.4730
20
111.2206
0
VERTEX
8
CUT
10
135.5302
20
111.2187
0
VERTEX
8
CUT
10
135.6160
20
111.2116
0
VERTEX
8
CUT
10
135.6727
20
111.2042
0
VERTEX
8
CUT
10
135.7574
20
111.1890
0
VERTEX
8
CUT
10
135.8132
20
111.1761
0
VERTEX
8
CUT
10
135.8960
20
111.1529
0
VERTEX
8
CUT
10
135.9504
20
111.1348
0
VERTEX
8
CUT
10
136.0306
20
111.1038
0
VERTEX
8
CUT
10
136.0830
20
111.0806
0
VERTEX
8
CUT
10
136.1599
20
111.0421
0
VERTEX
8
CUT
10
136.2285
20
111.0034
0
VERTEX
8
CUT
10
136.2708
20
110.9783
0
VERTEX
8
CUT
10
136.3107
20
110.9565
0
VERTEX
8
CUT
10
136.4803
20
110.8724
0
VERTEX
8
CUT
10
136.5351
20
110.8485
0
VERTEX
8
CUT
10
136.7119
20
110.7818
0
VERTEX
8
CUT
10
136.7688
20
110.7635
0
VERTEX
8
CUT
10
136.9514
20
110.7147
0
VERTEX
8
CUT
10
137.0099
20
110.7021
0
VERTEX
8
CUT
10
137.1990
20
110.6713
0
VERTEX
8
CUT
10
137.2286
20
110.6672
0
VERTEX
8
CUT
10
137.2866
20
110.6607
0
VERTEX
8
CUT
10
137.3015
20
110.6592
0
VERTEX
8
CUT
10
137.3983
20
110.6508
0
VERTEX
8
CUT
10
137.4132
20
110.6497
0
VERTEX
8
CUT
10
137.4174
20
110.6494
0
VERTEX
8
CUT
10
137.4313
20
110.6487
0
VERTEX
8
CUT
10
137.5219
20
110.6452
0
VERTEX
8
CUT
10
137.5358
20
110.6448
0
VERTEX
8
CUT
10
137.6497
20
110.6431
0
VERTEX
8
CUT
10
137.6636
20
110.6430
0
VERTEX
8
CUT
10
137.7543
20
110.6437
0
VERTEX
8
CUT
10
137.7682
20
110.6440
0
VERTEX
8
CUT
10
142.1020
20
110.7788
0
VERTEX
8
CUT
10
142.1142
20
110.7793
0
VERTEX
8
CUT
10
142.1935
20
110.7834
0
VERTEX
8
CUT
10
142.2057
20
110.7841
0
VERTEX
8
CUT
10
142.3052
20
110.7913
0
VERTEX
8
CUT
10
142.3173
20
110.7923
0
VERTEX
8
CUT
10
142.3964
20
110.7996
0
VERTEX
8
CUT
10
142.4085
20
110.8009
0
VERTEX
8
CUT
10
145.1951
20
111.1158
0
VERTEX
8
CUT
10
145.2073
20
111.1173
0
VERTEX
8
CUT
10
145.2863
20
111.1279
0
VERTEX
8
CUT
10
145.2985
20
111.1296
0
VERTEX
8
CUT
10
145.3975
20
111.1449
0
VERTEX
8
CUT
10
145.4096
20
111.1469
0
VERTEX
8
CUT
10
145.4881
20
111.1607
0
VERTEX
8
CUT
10
145.5002
20
111.1630
0
VERTEX
8
CUT
10
148.5076
20
111.7549
0
VERTEX
8
CUT
10
148.5275
20
111.7592
0
VERTEX
8
CUT
10
148.6563
20
111.7891
0
VERTEX
8
CUT
10
148.6760
20
111.7941
0
VERTEX
8
CUT
10
148.8361
20
111.8370
0
VERTEX
8
CUT
10
148.8557
20
111.8426
0
VERTEX
8
CUT
10
148.9821
20
111.8812
0
VERTEX
8
CUT
10
149.0015
20
111.8874
0
VERTEX
8
CUT
10
154.1194
20
113.6402
0
VERTEX
8
CUT
10
154.1308
20
113.6443
0
VERTEX
8
CUT
10
154.2052
20
113.6714
0
VERTEX
8
CUT
10
154.2166
20
113.6757
0
VERTEX
8
CUT
10
154.2609
20
113.6929
0
VERTEX
8
CUT
10
154.2834
20
113.7022
0
VERTEX
8
CUT
10
154.4284
20
113.7654
0
VERTEX
8
CUT
10
154.4505
20
113.7756
0
VERTEX
8
CUT
10
154.4933
20
113.7964
0
VERTEX
8
CUT
10
154.5042
20
113.8018
0
VERTEX
8
CUT
10
154.5747
20
113.8378
0
VERTEX
8
CUT
10
154.5855
20
113.8434
0
VERTEX
8
CUT
10
156.3036
20
114.7649
0
VERTEX
8
CUT
10
156.3167
20
114.7721
0
VERTEX
8
CUT
10
156.4010
20
114.8200
0
VERTEX
8
CUT
10
156.4138
20
114.8276
0
VERTEX
8
CUT
10
156.4637
20
114.8576
0
VERTEX
8
CUT
10
156.4889
20
114.8736
0
VERTEX
8
CUT
10
156.6475
20
114.9802
0
VERTEX
8
CUT
10
156.6953
20
115.0159
0
VERTEX
8
CUT
10
156.8406
20
115.1361
0
VERTEX
8
CUT
10
156.8846
20
115.1764
0
VERTEX
8
CUT
10
157.0172
20
115.3104
0
VERTEX
8
CUT
10
157.0570
20
115.3548
0
VERTEX
8
CUT
10
157.1757
20
115.5013
0
VERTEX
8
CUT
10
157.2109
20
115.5495
0
VERTEX
8
CUT
10
157.3144
20
115.7070
0
VERTEX
8
CUT
10
157.3446
20
115.7584
0
VERTEX
8
CUT
10
157.4320
20
115.9255
0
VERTEX
8
CUT
10
157.4570
20
115.9797
0
VERTEX
8
CUT
10
157.5274
20
116.1546
0
VERTEX
8
CUT
10
157.5468
20
116.2109
0
VERTEX
8
CUT
10
157.5995
20
116.3920
0
VERTEX
8
CUT
10
157.6133
20
116.4500
0
VERTEX
8
CUT
10
157.6477
20
116.6354
0
VERTEX
8
CUT
10
157.6556
20
116.6945
0
VERTEX
8
CUT
10
157.6715
20
116.8824
0
VERTEX
8
CUT
10
157.6735
20
116.9420
0
VERTEX
8
CUT
10
157.6706
20
117.1305
0
VERTEX
8
CUT
10
157.6668
20
117.1900
0
VERTEX
8
CUT
10
157.6452
20
117.3773
0
VERTEX
8
CUT
10
157.6354
20
117.4361
0
VERTEX
8
CUT
10
157.5953
20
117.6204
0
VERTEX
8
CUT
10
157.5798
20
117.6779
0
VERTEX
8
CUT
10
157.5216
20
117.8573
0
VERTEX
8
CUT
10
157.5004
20
117.9130
0
VERTEX
8
CUT
10
157.4247
20
118.0857
0
VERTEX
8
CUT
10
157.3981
20
118.1391
0
VERTEX
8
CUT
10
157.3056
20
118.3034
0
VERTEX
8
CUT
10
157.2739
20
118.3538
0
VERTEX
8
CUT
10
157.1655
20
118.5082
0
VERTEX
8
CUT
10
157.1289
20
118.5552
0
VERTEX
8
CUT
10
157.0058
20
118.6980
0
VERTEX
8
CUT
10
156.9647
20
118.7412
0
VERTEX
8
CUT
10
156.8280
20
118.8711
0
VERTEX
8
CUT
10
156.7828
20
118.9100
0
VERTEX
8
CUT
10
156.6339
20
119.0256
0
VERTEX
8
CUT
10
156.5850
20
119.0598
0
VERTEX
8
CUT
10
156.4232
20
119.1616
0
VERTEX
8
CUT
10
156.3975
20
119.1768
0
VERTEX
8
CUT
10
156.3468
20
119.2053
0
VERTEX
8
CUT
10
156.3337
20
119.2124
0
VERTEX
8
CUT
10
156.2480
20
119.2578
0
VERTEX
8
CUT
10
156.2347
20
119.2646
0
VERTEX
8
CUT
10
152.2199
20
121.2619
0
VERTEX
8
CUT
10
152.2072
20
121.2683
0
VERTEX
8
CUT
10
152.1776
20
121.2836
0
VERTEX
8
CUT
10
152.1650
20
121.2902
0
VERTEX
8
CUT
10
152.1497
20
121.2985
0
VERTEX
8
CUT
10
152.1372
20
121.3053
0
VERTEX
8
CUT
10
152.1082
20
121.3215
0
VERTEX
8
CUT
10
152.0958
20
121.3286
0
VERTEX
8
CUT
10
152.0739
20
121.3413
0
VERTEX
8
CUT
10
152.0616
20
121.3485
0
VERTEX
8
CUT
10
152.0331
20
121.3656
0
VERTEX
8
CUT
10
152.0209
20
121.3731
0
VERTEX
8
CUT
10
152.0061
20
121.3823
0
VERTEX
8
CUT
10
151.9941
20
121.3899
0
VERTEX
8
CUT
10
151.9661
20
121.4079
0
VERTEX
8
CUT
10
151.9542
20
121.4158
0
VERTEX
8
CUT
10
149.8926
20
122.7912
0
VERTEX
8
CUT
10
149.8836
20
122.7972
0
VERTEX
8
CUT
10
149.8688
20
122.8074
0
VERTEX
8
CUT
10
149.8337
20
122.8327
0
VERTEX
8
CUT
10
149.7752
20
122.8770
0
VERTEX
8
CUT
10
149.7497
20
122.8971
0
VERTEX
8
CUT
10
149.7470
20
122.8993
0
VERTEX
8
CUT
10
149.7222
20
122.9203
0
VERTEX
8
CUT
10
149.6671
20
122.9687
0
VERTEX
8
CUT
10
149.6353
20
122.9981
0
VERTEX
8
CUT
10
149.6223
20
123.0106
0
VERTEX
8
CUT
10
149.6146
20
123.0181
0
VERTEX
8
CUT
10
147.3424
20
125.2699
0
VERTEX
8
CUT
10
146.5585
20
126.0468
0
VERTEX
8
CUT
10
146.5512
20
126.0540
0
VERTEX
8
CUT
10
146.5344
20
126.0711
0
VERTEX
8
CUT
10
146.5272
20
126.0785
0
VERTEX
8
CUT
10
146.5185
20
126.0875
0
VERTEX
8
CUT
10
146.5114
20
126.0950
0
VERTEX
8
CUT
10
146.4949
20
126.1124
0
VERTEX
8
CUT
10
146.4879
20
126.1200
0
VERTEX
8
CUT
10
146.4756
20
126.1334
0
VERTEX
8
CUT
10
146.4686
20
126.1410
0
VERTEX
8
CUT
10
146.4526
20
126.1588
0
VERTEX
8
CUT
10
146.4458
20
126.1665
0
VERTEX
8
CUT
10
146.4375
20
126.1759
0
VERTEX
8
CUT
10
146.4307
20
126.1837
0
VERTEX
8
CUT
10
146.4151
20
126.2019
0
VERTEX
8
CUT
10
146.4084
20
126.2097
0
VERTEX
8
CUT
10
143.1491
20
130.0912
0
VERTEX
8
CUT
10
143.1391
20
130.1028
0
VERTEX
8
CUT
10
143.0730
20
130.1775
0
VERTEX
8
CUT
10
143.0627
20
130.1888
0
VERTEX
8
CUT
10
143.0219
20
130.2327
0
VERTEX
8
CUT
10
143.0005
20
130.2546
0
VERTEX
8
CUT
10
142.8594
20
130.3914
0
VERTEX
8
CUT
10
142.8132
20
130.4318
0
VERTEX
8
CUT
10
142.6610
20
130.5518
0
VERTEX
8
CUT
10
142.6110
20
130.5873
0
VERTEX
8
CUT
10
142.4473
20
130.6912
0
VERTEX
8
CUT
10
142.3939
20
130.7213
0
VERTEX
8
CUT
10
142.2066
20
130.8149
0
VERTEX
8
CUT
10
142.2044
20
130.8160
0
VERTEX
8
CUT
10
142.1115
20
130.8619
0
VERTEX
8
CUT
10
142.0352
20
130.9044
0
VERTEX
8
CUT
10
141.9867
20
130.9346
0
VERTEX
8
CUT
10
141.9156
20
130.9837
0
VERTEX
8
CUT
10
141.8698
20
131.0186
0
VERTEX
8
CUT
10
141.8038
20
131.0744
0
VERTEX
8
CUT
10
141.7616
20
131.1135
0
VERTEX
8
CUT
10
141.7011
20
131.1753
0
VERTEX
8
CUT
10
141.6629
20
131.2184
0
VERTEX
8
CUT
10
141.6087
20
131.2857
0
VERTEX
8
CUT
10
141.5748
20
131.3322
0
VERTEX
8
CUT
10
141.5273
20
131.4044
0
VERTEX
8
CUT
10
141.4980
20
131.4540
0
VERTEX
8
CUT
10
141.4576
20
131.5304
0
VERTEX
8
CUT
10
141.4332
20
131.5826
0
VERTEX
8
CUT
10
141.4003
20
131.6625
0
VERTEX
8
CUT
10
141.3811
20
131.7168
0
VERTEX
8
CUT
10
141.3560
20
131.7995
0
VERTEX
8
CUT
10
141.3420
20
131.8554
0
VERTEX
8
CUT
10
141.3251
20
131.9401
0
VERTEX
8
CUT
10
141.3165
20
131.9971
0
VERTEX
8
CUT
10
141.3078
20
132.0831
0
VERTEX
8
CUT
10
141.3047
20
132.1405
0
VERTEX
8
CUT
10
141.3042
20
132.2270
0
VERTEX
8
CUT
10
141.3076
20
132.3061
0
VERTEX
8
CUT
10
141.3105
20
132.3493
0
VERTEX
8
CUT
10
141.3147
20
132.3953
0
VERTEX
8
CUT
10
141.3172
20
132.4544
0
VERTEX
8
CUT
10
141.3157
20
132.6414
0
VERTEX
8
CUT
10
141.3123
20
132.7004
0
VERTEX
8
CUT
10
141.2925
20
132.8864
0
VERTEX
8
CUT
10
141.2833
20
132.9448
0
VERTEX
8
CUT
10
141.2452
20
133.1278
0
VERTEX
8
CUT
10
141.2304
20
133.1851
0
VERTEX
8
CUT
10
141.1745
20
133.3635
0
VERTEX
8
CUT
10
141.1540
20
133.4190
0
VERTEX
8
CUT
10
141.0808
20
133.5911
0
VERTEX
8
CUT
10
141.0550
20
133.6443
0
VERTEX
8
CUT
10
140.9652
20
133.8083
0
VERTEX
8
CUT
10
140.9343
20
133.8587
0
VERTEX
8
CUT
10
140.8288
20
134.0131
0
VERTEX
8
CUT
10
140.7931
20
134.0602
0
VERTEX
8
CUT
10
140.6729
20
134.2035
0
VERTEX
8
CUT
10
140.6327
20
134.2468
0
VERTEX
8
CUT
10
140.4972
20
134.3794
0
VERTEX
8
CUT
10
140.4755
20
134.3995
0
VERTEX
8
CUT
10
140.4323
20
134.4378
0
VERTEX
8
CUT
10
140.4211
20
134.4475
0
VERTEX
8
CUT
10
140.3476
20
134.5094
0
VERTEX
8
CUT
10
140.3361
20
134.5188
0
VERTEX
8
CUT
10
139.1180
20
135.4948
0
VERTEX
8
CUT
10
139.1008
20
135.5081
0
VERTEX
8
CUT
10
138.9877
20
135.5922
0
VERTEX
8
CUT
10
138.9700
20
135.6048
0
VERTEX
8
CUT
10
138.9606
20
135.6113
0
VERTEX
8
CUT
10
138.9497
20
135.6191
0
VERTEX
8
CUT
10
138.8031
20
135.7198
0
VERTEX
8
CUT
10
138.7848
20
135.7319
0
VERTEX
8
CUT
10
138.6650
20
135.8079
0
VERTEX
8
CUT
10
138.6464
20
135.8193
0
VERTEX
8
CUT
10
137.7686
20
136.3326
0
VERTEX
8
CUT
10
136.7246
20
136.9455
0
VERTEX
8
CUT
10
136.7092
20
136.9542
0
VERTEX
8
CUT
10
136.6085
20
137.0094
0
VERTEX
8
CUT
10
136.5929
20
137.0177
0
VERTEX
8
CUT
10
136.4645
20
137.0832
0
VERTEX
8
CUT
10
136.4486
20
137.0910
0
VERTEX
8
CUT
10
136.3448
20
137.1402
0
VERTEX
8
CUT
10
136.3288
20
137.1475
0
VERTEX
8
CUT
10
135.1326
20
137.6716
0
VERTEX
8
CUT
10
135.1176
20
137.6780
0
VERTEX
8
CUT
10
135.0193
20
137.7179
0
VERTEX
8
CUT
10
135.0042
20
137.7238
0
VERTEX
8
CUT
10
134.8795
20
137.7705
0
VERTEX
8
CUT
10
134.8642
20
137.7760
0
VERTEX
8
CUT
10
134.7639
20
137.8105
0
VERTEX
8
CUT
10
134.7484
20
137.8156
0
VERTEX
8
CUT
10
134.1988
20
137.9882
0
VERTEX
8
CUT
10
134.1844
20
137.9925
0
VERTEX
8
CUT
10
134.0911
20
138.0193
0
VERTEX
8
CUT
10
134.0767
20
138.0232
0
VERTEX
8
CUT
10
134.0202
20
138.0379
0
VERTEX
8
CUT
10
133.9911
20
138.0447
0
VERTEX
8
CUT
10
133.8036
20
138.0836
0
VERTEX
8
CUT
10
133.7446
20
138.0928
0
VERTEX
8
CUT
10
133.5568
20
138.1126
0
VERTEX
8
CUT
10
133.4971
20
138.1159
0
VERTEX
8
CUT
10
133.3082
20
138.1169
0
VERTEX
8
CUT
10
133.2486
20
138.1142
0
VERTEX
8
CUT
10
133.0605
20
138.0965
0
VERTEX
8
CUT
10
133.0014
20
138.0879
0
VERTEX
8
CUT
10
132.8161
20
138.0515
0
VERTEX
8
CUT
10
132.7581
20
138.0371
0
VERTEX
8
CUT
10
132.5773
20
137.9825
0
VERTEX
8
CUT
10
132.5210
20
137.9623
0
VERTEX
8
CUT
10
132.3466
20
137.8900
0
VERTEX
8
CUT
10
132.2926
20
137.8644
0
VERTEX
8
CUT
10
132.1262
20
137.7751
0
VERTEX
8
CUT
10
132.0750
20
137.7442
0
VERTEX
8
CUT
10
131.9161
20
137.6373
0
VERTEX
8
CUT
10
131.8918
20
137.6200
0
VERTEX
8
CUT
10
131.8811
20
137.6120
0
VERTEX
8
CUT
10
131.8441
20
137.5857
0
VERTEX
8
CUT
10
131.8321
20
137.5770
0
VERTEX
8
CUT
10
131.8205
20
137.5683
0
VERTEX
8
CUT
10
131.7462
20
137.5183
0
VERTEX
8
CUT
10
131.6952
20
137.4875
0
VERTEX
8
CUT
10
131.6164
20
137.4452
0
VERTEX
8
CUT
10
131.5626
20
137.4196
0
VERTEX
8
CUT
10
131.4799
20
137.3853
0
VERTEX
8
CUT
10
131.4238
20
137.3653
0
VERTEX
8
CUT
10
131.3381
20
137.3393
0
VERTEX
8
CUT
10
131.2803
20
137.3249
0
VERTEX
8
CUT
10
131.1925
20
137.3076
0
VERTEX
8
CUT
10
131.1336
20
137.2990
0
VERTEX
8
CUT
10
131.0445
20
137.2906
0
VERTEX
8
CUT
10
130.9849
20
137.2879
0
VERTEX
8
CUT
10
130.8955
20
137.2883
0
VERTEX
8
CUT
10
130.8360
20
137.2915
0
VERTEX
8
CUT
10
130.7469
20
137.3008
0
VERTEX
8
CUT
10
130.6881
20
137.3099
0
VERTEX
8
CUT
10
130.6004
20
137.3280
0
VERTEX
8
CUT
10
130.5427
20
137.3429
0
VERTEX
8
CUT
10
130.4573
20
137.3696
0
VERTEX
8
CUT
10
130.4014
20
137.3902
0
VERTEX
8
CUT
10
130.3191
20
137.4253
0
VERTEX
8
CUT
10
130.2655
20
137.4513
0
VERTEX
8
CUT
10
130.1870
20
137.4944
0
VERTEX
8
CUT
10
130.1363
20
137.5256
0
VERTEX
8
CUT
10
130.0625
20
137.5763
0
VERTEX
8
CUT
10
130.0151
20
137.6124
0
VERTEX
8
CUT
10
129.9467
20
137.6701
0
VERTEX
8
CUT
10
129.9275
20
137.6881
0
VERTEX
8
CUT
10
129.8086
20
137.8108
0
VERTEX
8
CUT
10
129.7651
20
137.8515
0
VERTEX
8
CUT
10
129.6246
20
137.9704
0
VERTEX
8
CUT
10
129.5781
20
138.0060
0
VERTEX
8
CUT
10
129.4258
20
138.1112
0
VERTEX
8
CUT
10
129.3761
20
138.1421
0
VERTEX
8
CUT
10
129.2143
20
138.2320
0
VERTEX
8
CUT
10
129.1618
20
138.2579
0
VERTEX
8
CUT
10
128.9920
20
138.3315
0
VERTEX
8
CUT
10
128.9372
20
138.3522
0
VERTEX
8
CUT
10
128.7611
20
138.4089
0
VERTEX
8
CUT
10
128.7046
20
138.4242
0
VERTEX
8
CUT
10
128.5237
20
138.4635
0
VERTEX
8
CUT
10
128.4660
20
138.4731
0
VERTEX
8
CUT
10
128.2821
20
138.4947
0
VERTEX
8
CUT
10
128.2237
20
138.4986
0
VERTEX
8
CUT
10
128.0361
20
138.5022
0
VERTEX
8
CUT
10
128.0069
20
138.5020
0
VERTEX
8
CUT
10
127.9497
20
138.5003
0
VERTEX
8
CUT
10
127.9351
20
138.4997
0
VERTEX
8
CUT
10
127.8401
20
138.4945
0
VERTEX
8
CUT
10
127.8255
20
138.4936
0
VERTEX
8
CUT
10
127.1209
20
138.4380
0
VERTEX
8
CUT
10
127.1067
20
138.4367
0
VERTEX
8
CUT
10
127.0147
20
138.4273
0
VERTEX
8
CUT
10
127.0005
20
138.4257
0
VERTEX
8
CUT
10
126.9454
20
138.4187
0
VERTEX
8
CUT
10
126.9172
20
138.4144
0
VERTEX
8
CUT
10
126.7376
20
138.3829
0
VERTEX
8
CUT
10
126.6820
20
138.3704
0
VERTEX
8
CUT
10
126.5085
20
138.3227
0
VERTEX
8
CUT
10
126.4544
20
138.3050
0
VERTEX
8
CUT
10
126.2862
20
138.2411
0
VERTEX
8
CUT
10
126.2341
20
138.2184
0
VERTEX
8
CUT
10
126.0727
20
138.1388
0
VERTEX
8
CUT
10
126.0229
20
138.1112
0
VERTEX
8
CUT
10
125.8698
20
138.0167
0
VERTEX
8
CUT
10
125.8228
20
137.9845
0
VERTEX
8
CUT
10
125.6794
20
137.8759
0
VERTEX
8
CUT
10
125.6357
20
137.8394
0
VERTEX
8
CUT
10
125.5031
20
137.7177
0
VERTEX
8
CUT
10
125.4631
20
137.6773
0
VERTEX
8
CUT
10
125.3427
20
137.5436
0
VERTEX
8
CUT
10
125.3066
20
137.4995
0
VERTEX
8
CUT
10
125.1995
20
137.3550
0
VERTEX
8
CUT
10
125.1678
20
137.3077
0
VERTEX
8
CUT
10
125.0747
20
137.1537
0
VERTEX
8
CUT
10
125.0477
20
137.1036
0
VERTEX
8
CUT
10
124.9697
20
136.9414
0
VERTEX
8
CUT
10
124.9475
20
136.8890
0
VERTEX
8
CUT
10
124.8843
20
136.7179
0
VERTEX
8
CUT
10
124.8795
20
136.7045
0
VERTEX
8
CUT
10
124.8773
20
136.6979
0
VERTEX
8
CUT
10
124.8750
20
136.6922
0
VERTEX
8
CUT
10
124.8657
20
136.6652
0
VERTEX
8
CUT
10
124.8362
20
136.5861
0
VERTEX
8
CUT
10
124.7995
20
136.5014
0
VERTEX
8
CUT
10
124.7723
20
136.4464
0
VERTEX
8
CUT
10
124.7272
20
136.3660
0
VERTEX
8
CUT
10
124.6944
20
136.3140
0
VERTEX
8
CUT
10
124.6413
20
136.2386
0
VERTEX
8
CUT
10
124.6034
20
136.1903
0
VERTEX
8
CUT
10
124.5429
20
136.1208
0
VERTEX
8
CUT
10
124.5003
20
136.0766
0
VERTEX
8
CUT
10
124.4329
20
136.0136
0
VERTEX
8
CUT
10
124.3683
20
135.9591
0
VERTEX
8
CUT
10
124.3323
20
135.9302
0
VERTEX
8
CUT
10
123.5875
20
135.3646
0
VERTEX
8
CUT
10
123.5772
20
135.3566
0
VERTEX
8
CUT
10
123.5108
20
135.3039
0
VERTEX
8
CUT
10
123.5007
20
135.2956
0
VERTEX
8
CUT
10
123.4615
20
135.2631
0
VERTEX
8
CUT
10
123.4417
20
135.2460
0
VERTEX
8
CUT
10
123.3162
20
135.1321
0
VERTEX
8
CUT
10
123.2973
20
135.1142
0
VERTEX
8
CUT
10
123.2610
20
135.0784
0
VERTEX
8
CUT
10
123.2519
20
135.0691
0
VERTEX
8
CUT
10
123.1929
20
135.0082
0
VERTEX
8
CUT
10
123.1839
20
134.9987
0
VERTEX
8
CUT
10
123.0755
20
134.8817
0
VERTEX
8
CUT
10
123.0448
20
134.8501
0
VERTEX
8
CUT
10
122.9871
20
134.7937
0
VERTEX
8
CUT
10
122.9213
20
134.7353
0
VERTEX
8
CUT
10
122.8756
20
134.6986
0
VERTEX
8
CUT
10
122.8043
20
134.6469
0
VERTEX
8
CUT
10
122.7552
20
134.6149
0
VERTEX
8
CUT
10
122.6793
20
134.5704
0
VERTEX
8
CUT
10
122.6273
20
134.5433
0
VERTEX
8
CUT
10
122.5473
20
134.5064
0
VERTEX
8
CUT
10
122.4930
20
134.4845
0
VERTEX
8
CUT
10
122.4098
20
134.4556
0
VERTEX
8
CUT
10
122.3536
20
134.4391
0
VERTEX
8
CUT
10
122.2680
20
134.4185
0
VERTEX
8
CUT
10
122.2104
20
134.4076
0
VERTEX
8
CUT
10
122.1232
20
134.3955
0
VERTEX
8
CUT
10
122.0648
20
134.3903
0
VERTEX
8
CUT
10
121.9768
20
134.3867
0
VERTEX
8
CUT
10
121.9182
20
134.3872
0
VERTEX
8
CUT
10
121.8303
20
134.3923
0
VERTEX
8
CUT
10
121.7720
20
134.3985
0
VERTEX
8
CUT
10
121.6851
20
134.4121
0
VERTEX
8
CUT
10
121.6277
20
134.4240
0
VERTEX
8
CUT
10
121.5424
20
134.4461
0
VERTEX
8
CUT
10
121.4865
20
134.4635
0
VERTEX
8
CUT
10
121.4038
20
134.4938
0
VERTEX
8
CUT
10
121.3498
20
134.5166
0
VERTEX
8
CUT
10
121.2705
20
134.5548
0
VERTEX
8
CUT
10
121.2190
20
134.5828
0
VERTEX
8
CUT
10
121.1438
20
134.6286
0
VERTEX
8
CUT
10
121.0953
20
134.6615
0
VERTEX
8
CUT
10
121.0249
20
134.7144
0
VERTEX
8
CUT
10
120.9799
20
134.7519
0
VERTEX
8
CUT
10
120.9150
20
134.8114
0
VERTEX
8
CUT
10
120.8738
20
134.8531
0
VERTEX
8
CUT
10
120.8151
20
134.9187
0
VERTEX
8
CUT
10
120.7782
20
134.9642
0
VERTEX
8
CUT
10
120.7261
20
135.0352
0
VERTEX
8
CUT
10
120.6938
20
135.0842
0
VERTEX
8
CUT
10
120.6490
20
135.1599
0
VERTEX
8
CUT
10
120.6113
20
135.2313
0
VERTEX
8
CUT
10
120.5917
20
135.2707
0
VERTEX
8
CUT
10
120.5593
20
135.3403
0
VERTEX
8
CUT
10
120.5312
20
135.3934
0
VERTEX
8
CUT
10
120.4340
20
135.5566
0
VERTEX
8
CUT
10
120.4007
20
135.6067
0
VERTEX
8
CUT
10
120.2877
20
135.7593
0
VERTEX
8
CUT
10
120.2496
20
135.8058
0
VERTEX
8
CUT
10
120.1219
20
135.9464
0
VERTEX
8
CUT
10
120.0794
20
135.9888
0
VERTEX
8
CUT
10
119.9383
20
136.1160
0
VERTEX
8
CUT
10
119.8917
20
136.1539
0
VERTEX
8
CUT
10
119.7385
20
136.2663
0
VERTEX
8
CUT
10
119.6884
20
136.2994
0
VERTEX
8
CUT
10
119.5248
20
136.3959
0
VERTEX
8
CUT
10
119.4716
20
136.4238
0
VERTEX
8
CUT
10
119.2991
20
136.5035
0
VERTEX
8
CUT
10
119.2434
20
136.5259
0
VERTEX
8
CUT
10
119.0639
20
136.5879
0
VERTEX
8
CUT
10
119.0062
20
136.6047
0
VERTEX
8
CUT
10
118.8213
20
136.6485
0
VERTEX
8
CUT
10
118.7622
20
136.6593
0
VERTEX
8
CUT
10
118.5713
20
136.6847
0
VERTEX
8
CUT
10
118.5415
20
136.6880
0
VERTEX
8
CUT
10
118.4787
20
136.6931
0
VERTEX
8
CUT
10
118.4662
20
136.6940
0
VERTEX
8
CUT
10
118.3847
20
136.6990
0
VERTEX
8
CUT
10
118.3722
20
136.6997
0
VERTEX
8
CUT
10
118.3594
20
136.7002
0
VERTEX
8
CUT
10
118.3509
20
136.7006
0
VERTEX
8
CUT
10
118.3309
20
136.7016
0
VERTEX
8
CUT
10
118.3224
20
136.7020
0
VERTEX
8
CUT
10
115.7431
20
136.8553
0
VERTEX
8
CUT
10
115.7310
20
136.8561
0
VERTEX
8
CUT
10
115.7108
20
136.8575
0
VERTEX
8
CUT
10
115.6624
20
136.8624
0
VERTEX
8
CUT
10
115.5807
20
136.8728
0
VERTEX
8
CUT
10
115.5446
20
136.8782
0
VERTEX
8
CUT
10
115.5409
20
136.8788
0
VERTEX
8
CUT
10
115.5050
20
136.8856
0
VERTEX
8
CUT
10
115.4244
20
136.9026
0
VERTEX
8
CUT
10
115.3771
20
136.9140
0
VERTEX
8
CUT
10
115.3576
20
136.9192
0
VERTEX
8
CUT
10
115.3459
20
136.9224
0
VERTEX
8
CUT
10
112.9665
20
137.5953
0
VERTEX
8
CUT
10
112.9234
20
137.6087
0
VERTEX
8
CUT
10
112.8450
20
137.6352
0
VERTEX
8
CUT
10
112.7611
20
137.6683
0
VERTEX
8
CUT
10
112.7064
20
137.6932
0
VERTEX
8
CUT
10
112.6262
20
137.7345
0
VERTEX
8
CUT
10
112.5742
20
137.7647
0
VERTEX
8
CUT
10
112.4986
20
137.8139
0
VERTEX
8
CUT
10
112.4499
20
137.8492
0
VERTEX
8
CUT
10
112.3796
20
137.9057
0
VERTEX
8
CUT
10
112.3347
20
137.9456
0
VERTEX
8
CUT
10
112.2703
20
138.0089
0
VERTEX
8
CUT
10
112.2297
20
138.0532
0
VERTEX
8
CUT
10
112.1720
20
138.1226
0
VERTEX
8
CUT
10
112.1360
20
138.1707
0
VERTEX
8
CUT
10
112.0856
20
138.2455
0
VERTEX
8
CUT
10
112.0545
20
138.2970
0
VERTEX
8
CUT
10
112.0119
20
138.3765
0
VERTEX
8
CUT
10
111.9861
20
138.4308
0
VERTEX
8
CUT
10
111.9517
20
138.5142
0
VERTEX
8
CUT
10
111.9315
20
138.5708
0
VERTEX
8
CUT
10
111.9056
20
138.6573
0
VERTEX
8
CUT
10
111.8805
20
138.7588
0
VERTEX
8
CUT
10
111.8299
20
138.9637
0
VERTEX
8
CUT
10
111.8124
20
139.0220
0
VERTEX
8
CUT
10
111.7476
20
139.2031
0
VERTEX
8
CUT
10
111.7242
20
139.2593
0
VERTEX
8
CUT
10
111.6414
20
139.4329
0
VERTEX
8
CUT
10
111.6124
20
139.4864
0
VERTEX
8
CUT
10
111.5125
20
139.6507
0
VERTEX
8
CUT
10
111.4782
20
139.7010
0
VERTEX
8
CUT
10
111.3622
20
139.8544
0
VERTEX
8
CUT
10
111.3230
20
139.9010
0
VERTEX
8
CUT
10
111.1920
20
140.0418
0
VERTEX
8
CUT
10
111.1483
20
140.0842
0
VERTEX
8
CUT
10
111.0037
20
140.2110
0
VERTEX
8
CUT
10
110.9560
20
140.2487
0
VERTEX
8
CUT
10
110.7971
20
140.3618
0
VERTEX
8
CUT
10
110.7719
20
140.3788
0
VERTEX
8
CUT
10
110.7218
20
140.4107
0
VERTEX
8
CUT
10
110.7089
20
140.4187
0
VERTEX
8
CUT
10
110.6242
20
140.4698
0
VERTEX
8
CUT
10
110.6110
20
140.4775
0
VERTEX
8
CUT
10
109.5284
20
141.0930
0
VERTEX
8
CUT
10
109.5147
20
141.1010
0
VERTEX
8
CUT
10
109.4829
20
141.1199
0
VERTEX
8
CUT
10
109.4693
20
141.1281
0
VERTEX
8
CUT
10
109.4528
20
141.1382
0
VERTEX
8
CUT
10
109.4394
20
141.1467
0
VERTEX
8
CUT
10
109.4082
20
141.1667
0
VERTEX
8
CUT
10
109.3949
20
141.1753
0
VERTEX
8
CUT
10
109.3798
20
141.1854
0
VERTEX
8
CUT
10
109.3666
20
141.1943
0
VERTEX
8
CUT
10
109.3362
20
141.2154
0
VERTEX
8
CUT
10
109.3232
20
141.2245
0
VERTEX
8
CUT
10
109.3075
20
141.2358
0
VERTEX
8
CUT
10
109.2947
20
141.2452
0
VERTEX
8
CUT
10
109.2650
20
141.2673
0
VERTEX
8
CUT
10
109.2524
20
141.2769
0
VERTEX
8
CUT
10
105.5428
20
144.1445
0
VERTEX
8
CUT
10
105.5321
20
144.1529
0
VERTEX
8
CUT
10
105.5074
20
144.1726
0
VERTEX
8
CUT
10
105.4969
20
144.1811
0
VERTEX
8
CUT
10
105.4842
20
144.1916
0
VERTEX
8
CUT
10
105.4738
20
144.2003
0
VERTEX
8
CUT
10
105.4497
20
144.2207
0
VERTEX
8
CUT
10
105.4394
20
144.2295
0
VERTEX
8
CUT
10
105.4277
20
144.2397
0
VERTEX
8
CUT
10
105.4176
20
144.2487
0
VERTEX
8
CUT
10
105.3941
20
144.2699
0
VERTEX
8
CUT
10
105.3841
20
144.2790
0
VERTEX
8
CUT
10
105.3720
20
144.2902
0
VERTEX
8
CUT
10
105.3622
20
144.2995
0
VERTEX
8
CUT
10
105.3393
20
144.3214
0
VERTEX
8
CUT
10
105.3296
20
144.3308
0
VERTEX
8
CUT
10
105.0639
20
144.5929
0
VERTEX
8
CUT
10
105.0534
20
144.6029
0
VERTEX
8
CUT
10
104.9847
20
144.6675
0
VERTEX
8
CUT
10
104.9740
20
144.6773
0
VERTEX
8
CUT
10
104.9317
20
144.7151
0
VERTEX
8
CUT
10
104.9096
20
144.7340
0
VERTEX
8
CUT
10
104.7652
20
144.8512
0
VERTEX
8
CUT
10
104.7184
20
144.8855
0
VERTEX
8
CUT
10
104.5654
20
144.9868
0
VERTEX
8
CUT
10
104.5155
20
145.0165
0
VERTEX
8
CUT
10
104.3534
20
145.1026
0
VERTEX
8
CUT
10
104.3009
20
145.1273
0
VERTEX
8
CUT
10
104.1313
20
145.1973
0
VERTEX
8
CUT
10
104.0766
20
145.2168
0
VERTEX
8
CUT
10
103.9010
20
145.2701
0
VERTEX
8
CUT
10
103.8447
20
145.2842
0
VERTEX
8
CUT
10
103.6648
20
145.3202
0
VERTEX
8
CUT
10
103.6074
20
145.3289
0
VERTEX
8
CUT
10
103.4248
20
145.3474
0
VERTEX
8
CUT
10
103.3669
20
145.3504
0
VERTEX
8
CUT
10
103.1834
20
145.3512
0
VERTEX
8
CUT
10
103.1254
20
145.3487
0
VERTEX
8
CUT
10
102.9426
20
145.3317
0
VERTEX
8
CUT
10
102.8852
20
145.3235
0
VERTEX
8
CUT
10
102.7050
20
145.2890
0
VERTEX
8
CUT
10
102.6485
20
145.2753
0
VERTEX
8
CUT
10
102.4725
20
145.2235
0
VERTEX
8
CUT
10
102.4177
20
145.2045
0
VERTEX
8
CUT
10
102.2475
20
145.1359
0
VERTEX
8
CUT
10
102.1947
20
145.1117
0
VERTEX
8
CUT
10
102.0319
20
145.0270
0
VERTEX
8
CUT
10
101.9818
20
144.9978
0
VERTEX
8
CUT
10
101.8279
20
144.8977
0
VERTEX
8
CUT
10
101.7809
20
144.8638
0
VERTEX
8
CUT
10
101.6374
20
144.7494
0
VERTEX
8
CUT
10
101.5938
20
144.7110
0
VERTEX
8
CUT
10
101.4621
20
144.5833
0
VERTEX
8
CUT
10
101.4224
20
144.5409
0
VERTEX
8
CUT
10
101.3036
20
144.4010
0
VERTEX
8
CUT
10
101.2682
20
144.3550
0
VERTEX
8
CUT
10
101.1635
20
144.2043
0
VERTEX
8
CUT
10
101.1328
20
144.1551
0
VERTEX
8
CUT
10
101.0431
20
143.9950
0
VERTEX
8
CUT
10
101.0172
20
143.9431
0
VERTEX
8
CUT
10
100.9434
20
143.7750
0
VERTEX
8
CUT
10
100.9227
20
143.7208
0
VERTEX
8
CUT
10
100.8655
20
143.5465
0
VERTEX
8
CUT
10
100.8501
20
143.4905
0
VERTEX
8
CUT
10
100.8100
20
143.3114
0
VERTEX
8
CUT
10
100.8001
20
143.2543
0
VERTEX
8
CUT
10
100.7775
20
143.0721
0
VERTEX
8
CUT
10
100.7732
20
143.0143
0
VERTEX
8
CUT
10
100.7683
20
142.8308
0
VERTEX
8
CUT
10
100.7695
20
142.7728
0
VERTEX
8
CUT
10
100.7824
20
142.5897
0
VERTEX
8
CUT
10
100.7893
20
142.5321
0
VERTEX
8
CUT
10
100.8198
20
142.3512
0
VERTEX
8
CUT
10
100.8322
20
142.2945
0
VERTEX
8
CUT
10
100.8807
20
142.1148
0
VERTEX
8
CUT
10
100.8889
20
142.0870
0
VERTEX
8
CUT
10
100.9063
20
142.0331
0
VERTEX
8
CUT
10
100.9109
20
142.0193
0
VERTEX
8
CUT
10
100.9421
20
141.9302
0
VERTEX
8
CUT
10
100.9470
20
141.9166
0
VERTEX
8
CUT
10
101.6893
20
139.9473
0
VERTEX
8
CUT
10
101.6917
20
139.9409
0
VERTEX
8
CUT
10
101.6972
20
139.9260
0
VERTEX
8
CUT
10
101.6995
20
139.9196
0
VERTEX
8
CUT
10
101.7050
20
139.9042
0
VERTEX
8
CUT
10
101.7078
20
139.8963
0
VERTEX
8
CUT
10
101.7143
20
139.8779
0
VERTEX
8
CUT
10
101.7170
20
139.8699
0
VERTEX
8
CUT
10
101.7201
20
139.8608
0
VERTEX
8
CUT
10
101.7228
20
139.8528
0
VERTEX
8
CUT
10
101.7289
20
139.8342
0
VERTEX
8
CUT
10
101.7315
20
139.8262
0
VERTEX
8
CUT
10
101.7328
20
139.8221
0
VERTEX
8
CUT
10
101.7357
20
139.8126
0
VERTEX
8
CUT
10
101.7425
20
139.7905
0
VERTEX
8
CUT
10
101.7454
20
139.7810
0
VERTEX
8
CUT
10
102.7214
20
136.4619
0
VERTEX
8
CUT
10
102.7244
20
136.4512
0
VERTEX
8
CUT
10
102.7314
20
136.4263
0
VERTEX
8
CUT
10
102.7344
20
136.4155
0
VERTEX
8
CUT
10
102.7378
20
136.4027
0
VERTEX
8
CUT
10
102.7406
20
136.3920
0
VERTEX
8
CUT
10
102.7469
20
136.3671
0
VERTEX
8
CUT
10
102.7496
20
136.3564
0
VERTEX
8
CUT
10
102.7526
20
136.3440
0
VERTEX
8
CUT
10
102.7551
20
136.3333
0
VERTEX
8
CUT
10
102.7608
20
136.3081
0
VERTEX
8
CUT
10
102.7632
20
136.2974
0
VERTEX
8
CUT
10
102.7661
20
136.2842
0
VERTEX
8
CUT
10
102.7683
20
136.2734
0
VERTEX
8
CUT
10
102.7734
20
136.2481
0
VERTEX
8
CUT
10
102.7756
20
136.2373
0
VERTEX
8
CUT
10
103.3795
20
133.0587
0
VERTEX
8
CUT
10
103.3816
20
133.0469
0
VERTEX
8
CUT
10
103.3865
20
133.0193
0
VERTEX
8
CUT
10
103.3885
20
133.0075
0
VERTEX
8
CUT
10
103.3908
20
132.9931
0
VERTEX
8
CUT
10
103.3927
20
132.9812
0
VERTEX
8
CUT
10
103.3968
20
132.9535
0
VERTEX
8
CUT
10
103.3985
20
132.9417
0
VERTEX
8
CUT
10
103.4003
20
132.9280
0
VERTEX
8
CUT
10
103.4018
20
132.9161
0
VERTEX
8
CUT
10
103.4052
20
132.8883
0
VERTEX
8
CUT
10
103.4066
20
132.8764
0
VERTEX
8
CUT
10
103.4082
20
132.8619
0
VERTEX
8
CUT
10
103.4094
20
132.8499
0
VERTEX
8
CUT
10
103.4120
20
132.8221
0
VERTEX
8
CUT
10
103.4131
20
132.8102
0
VERTEX
8
CUT
10
103.6700
20
129.6519
0
VERTEX
8
CUT
10
103.6709
20
129.6402
0
VERTEX
8
CUT
10
103.6727
20
129.6128
0
VERTEX
8
CUT
10
103.6735
20
129.6010
0
VERTEX
8
CUT
10
103.6742
20
129.5867
0
VERTEX
8
CUT
10
103.6748
20
129.5750
0
VERTEX
8
CUT
10
103.6760
20
129.5476
0
VERTEX
8
CUT
10
103.6764
20
129.5358
0
VERTEX
8
CUT
10
103.6768
20
129.5223
0
VERTEX
8
CUT
10
103.6770
20
129.5105
0
VERTEX
8
CUT
10
103.6775
20
129.4831
0
VERTEX
8
CUT
10
103.6776
20
129.4713
0
VERTEX
8
CUT
10
103.6776
20
129.4570
0
VERTEX
8
CUT
10
103.6776
20
129.4452
0
VERTEX
8
CUT
10
103.6773
20
129.4178
0
VERTEX
8
CUT
10
103.6771
20
129.4060
0
VERTEX
8
CUT
10
103.5977
20
126.0053
0
VERTEX
8
CUT
10
103.5975
20
125.9986
0
VERTEX
8
CUT
10
103.5970
20
125.9831
0
VERTEX
8
CUT
10
103.5968
20
125.9764
0
VERTEX
8
CUT
10
103.5962
20
125.9604
0
VERTEX
8
CUT
10
103.5958
20
125.9522
0
VERTEX
8
CUT
10
103.5949
20
125.9331
0
VERTEX
8
CUT
10
103.5945
20
125.9249
0
VERTEX
8
CUT
10
103.5939
20
125.9155
0
VERTEX
8
CUT
10
103.5934
20
125.9073
0
VERTEX
8
CUT
10
103.5922
20
125.8881
0
VERTEX
8
CUT
10
103.5916
20
125.8799
0
VERTEX
8
CUT
10
103.5913
20
125.8757
0
VERTEX
8
CUT
10
103.5905
20
125.8660
0
VERTEX
8
CUT
10
103.5886
20
125.8434
0
VERTEX
8
CUT
10
103.5877
20
125.8337
0
VERTEX
8
CUT
10
103.2124
20
121.9490
0
VERTEX
8
CUT
10
103.2120
20
121.9444
0
VERTEX
8
CUT
10
103.2109
20
121.9337
0
VERTEX
8
CUT
10
103.2104
20
121.9291
0
VERTEX
8
CUT
10
103.2093
20
121.9182
0
VERTEX
8
CUT
10
103.2086
20
121.9126
0
VERTEX
8
CUT
10
103.2072
20
121.8995
0
VERTEX
8
CUT
10
103.2065
20
121.8939
0
VERTEX
8
CUT
10
103.2057
20
121.8874
0
VERTEX
8
CUT
10
103.2050
20
121.8818
0
VERTEX
8
CUT
10
103.2034
20
121.8687
0
VERTEX
8
CUT
10
103.2027
20
121.8638
0
VERTEX
8
CUT
10
103.2013
20
121.8532
0
VERTEX
8
CUT
10
103.1992
20
121.8381
0
VERTEX
8
CUT
10
103.1983
20
121.8315
0
VERTEX
8
CUT
10
101.5390
20
110.5962
0
VERTEX
8
CUT
10
101.5376
20
110.5868
0
VERTEX
8
CUT
10
101.5290
20
110.5211
0
VERTEX
8
CUT
10
101.5278
20
110.5109
0
VERTEX
8
CUT
10
101.5184
20
110.4288
0
VERTEX
8
CUT
10
101.5173
20
110.4188
0
VERTEX
8
CUT
10
101.5110
20
110.3538
0
VERTEX
8
CUT
10
101.5101
20
110.3431
0
VERTEX
8
CUT
10
101.3461
20
108.2766
0
VERTEX
8
CUT
10
101.3454
20
108.2661
0
VERTEX
8
CUT
10
101.3408
20
108.1928
0
VERTEX
8
CUT
10
101.3403
20
108.1818
0
VERTEX
8
CUT
10
101.3382
20
108.1337
0
VERTEX
8
CUT
10
101.3376
20
108.1105
0
VERTEX
8
CUT
10
101.3369
20
107.9658
0
VERTEX
8
CUT
10
101.3372
20
107.9434
0
VERTEX
8
CUT
10
101.3385
20
107.9047
0
VERTEX
8
CUT
10
101.3389
20
107.8942
0
VERTEX
8
CUT
10
101.3426
20
107.8217
0
VERTEX
8
CUT
10
101.3433
20
107.8099
0
VERTEX
8
CUT
10
101.6146
20
103.9291
0
VERTEX
8
CUT
10
101.6158
20
103.9138
0
VERTEX
8
CUT
10
101.6253
20
103.8146
0
VERTEX
8
CUT
10
101.6270
20
103.7993
0
VERTEX
8
CUT
10
101.6421
20
103.6751
0
VERTEX
8
CUT
10
101.6441
20
103.6599
0
VERTEX
8
CUT
10
101.6587
20
103.5613
0
VERTEX
8
CUT
10
101.6611
20
103.5462
0
VERTEX
8
CUT
10
102.3848
20
99.3816
0
VERTEX
8
CUT
10
102.3887
20
99.3611
0
VERTEX
8
CUT
10
102.4166
20
99.2284
0
VERTEX
8
CUT
10
102.4212
20
99.2080
0
VERTEX
8
CUT
10
102.4619
20
99.0428
0
VERTEX
8
CUT
10
102.4673
20
99.0226
0
VERTEX
8
CUT
10
102.5043
20
98.8921
0
VERTEX
8
CUT
10
102.5103
20
98.8721
0
VERTEX
8
CUT
10
102.6686
20
98.3800
0
VERTEX
8
CUT
10
102.7371
20
98.0314
0
VERTEX
8
CUT
10
102.7396
20
98.0196
0
VERTEX
8
CUT
10
102.7563
20
97.9426
0
VERTEX
8
CUT
10
102.7590
20
97.9308
0
VERTEX
8
CUT
10
102.7700
20
97.8847
0
VERTEX
8
CUT
10
102.7761
20
97.8612
0
VERTEX
8
CUT
10
102.8189
20
97.7096
0
VERTEX
8
CUT
10
102.8259
20
97.6864
0
VERTEX
8
CUT
10
102.8406
20
97.6413
0
VERTEX
8
CUT
10
102.8445
20
97.6298
0
VERTEX
8
CUT
10
102.8704
20
97.5554
0
VERTEX
8
CUT
10
102.8745
20
97.5440
0
VERTEX
8
CUT
10
103.3455
20
96.2761
0
VERTEX
8
CUT
10
103.5888
20
95.5197
0
VERTEX
8
CUT
10
103.5951
20
95.5013
0
VERTEX
8
CUT
10
103.6376
20
95.3824
0
VERTEX
8
CUT
10
103.6445
20
95.3642
0
VERTEX
8
CUT
10
103.7026
20
95.2169
0
VERTEX
8
CUT
10
103.7101
20
95.1989
0
VERTEX
8
CUT
10
103.7602
20
95.0830
0
VERTEX
8
CUT
10
103.7682
20
95.0653
0
VERTEX
8
CUT
10
103.8951
20
94.7963
0
VERTEX
8
CUT
10
104.1532
20
94.1015
0
VERTEX
8
CUT
10
104.1578
20
94.0895
0
VERTEX
8
CUT
10
104.1883
20
94.0124
0
VERTEX
8
CUT
10
104.1932
20
94.0005
0
VERTEX
8
CUT
10
104.2336
20
93.9045
0
VERTEX
8
CUT
10
104.2387
20
93.8927
0
VERTEX
8
CUT
10
104.2725
20
93.8169
0
VERTEX
8
CUT
10
104.2778
20
93.8053
0
VERTEX
8
CUT
10
105.2881
20
91.6637
0
VERTEX
8
CUT
10
105.2949
20
91.6498
0
VERTEX
8
CUT
10
105.3403
20
91.5597
0
VERTEX
8
CUT
10
105.3474
20
91.5459
0
VERTEX
8
CUT
10
105.4073
20
91.4344
0
VERTEX
8
CUT
10
105.4148
20
91.4208
0
VERTEX
8
CUT
10
105.4648
20
91.3332
0
VERTEX
8
CUT
10
105.4726
20
91.3198
0
VERTEX
8
CUT
10
105.7566
20
90.8506
0
VERTEX
8
CUT
10
105.7608
20
90.8419
0
VERTEX
8
CUT
10
105.7993
20
90.7647
0
VERTEX
8
CUT
10
105.8054
20
90.7529
0
VERTEX
8
CUT
10
105.8296
20
90.7071
0
VERTEX
8
CUT
10
105.8425
20
90.6839
0
VERTEX
8
CUT
10
105.9284
20
90.5370
0
VERTEX
8
CUT
10
105.9572
20
90.4924
0
VERTEX
8
CUT
10
106.0557
20
90.3538
0
VERTEX
8
CUT
10
106.0643
20
90.3421
0
VERTEX
8
CUT
10
106.1724
20
90.1637
0
VERTEX
8
CUT
10
106.1811
20
90.1496
0
VERTEX
8
CUT
10
106.2392
20
90.0593
0
VERTEX
8
CUT
10
106.2483
20
90.0456
0
VERTEX
8
CUT
10
106.2847
20
89.9923
0
VERTEX
8
CUT
10
106.3041
20
89.9656
0
VERTEX
8
CUT
10
106.4347
20
89.7953
0
VERTEX
8
CUT
10
106.4555
20
89.7697
0
VERTEX
8
CUT
10
106.4975
20
89.7208
0
VERTEX
8
CUT
10
106.5085
20
89.7084
0
VERTEX
8
CUT
10
106.5806
20
89.6289
0
VERTEX
8
CUT
10
106.5919
20
89.6168
0
VERTEX
8
CUT
10
107.2389
20
88.9422
0
VERTEX
8
CUT
10
107.2459
20
88.9348
0
VERTEX
8
CUT
10
107.2567
20
88.9233
0
VERTEX
8
CUT
10
107.2743
20
88.9040
0
VERTEX
8
CUT
10
107.2981
20
88.8770
0
VERTEX
8
CUT
10
107.3190
20
88.8526
0
VERTEX
8
CUT
10
107.3337
20
88.8347
0
VERTEX
8
CUT
10
107.3420
20
88.8245
0
VERTEX
8
CUT
10
107.3456
20
88.8200
0
VERTEX
8
CUT
10
107.3642
20
88.7958
0
VERTEX
8
CUT
10
107.4048
20
88.7413
0
VERTEX
8
CUT
10
107.4274
20
88.7095
0
VERTEX
8
CUT
10
107.4335
20
88.7005
0
VERTEX
8
CUT
10
107.9116
20
87.9740
0
VERTEX
8
CUT
10
107.9586
20
87.8524
0
VERTEX
8
CUT
10
107.9820
20
87.7997
0
VERTEX
8
CUT
10
108.0649
20
87.6347
0
VERTEX
8
CUT
10
108.0785
20
87.6093
0
VERTEX
8
CUT
10
108.1061
20
87.5603
0
VERTEX
8
CUT
10
108.1133
20
87.5478
0
VERTEX
8
CUT
10
108.1613
20
87.4674
0
VERTEX
8
CUT
10
108.1688
20
87.4551
0
VERTEX
8
CUT
10
108.4004
20
87.0870
0
VERTEX
8
CUT
10
108.4125
20
87.0686
0
VERTEX
8
CUT
10
108.4932
20
86.9501
0
VERTEX
8
CUT
10
108.5060
20
86.9321
0
VERTEX
8
CUT
10
108.6127
20
86.7873
0
VERTEX
8
CUT
10
108.6261
20
86.7698
0
VERTEX
8
CUT
10
108.7154
20
86.6576
0
VERTEX
8
CUT
10
108.7294
20
86.6406
0
VERTEX
8
CUT
10
109.0711
20
86.2421
0
VERTEX
8
CUT
10
109.1477
20
86.1482
0
VERTEX
8
CUT
10
109.1890
20
86.1026
0
VERTEX
8
CUT
10
109.1929
20
86.0988
0
VERTEX
8
CUT
10
109.2081
20
86.0820
0
VERTEX
8
CUT
10
109.2099
20
86.0802
0
VERTEX
8
CUT
10
109.2854
20
85.9921
0
VERTEX
8
CUT
10
109.2953
20
85.9809
0
VERTEX
8
CUT
10
109.3603
20
85.9088
0
VERTEX
8
CUT
10
109.3704
20
85.8978
0
VERTEX
8
CUT
10
109.4105
20
85.8555
0
VERTEX
8
CUT
10
109.4316
20
85.8344
0
VERTEX
8
CUT
10
109.5718
20
85.7004
0
VERTEX
8
CUT
10
109.5939
20
85.6803
0
VERTEX
8
CUT
10
109.6380
20
85.6422
0
VERTEX
8
CUT
10
109.6494
20
85.6326
0
VERTEX
8
CUT
10
109.7244
20
85.5710
0
VERTEX
8
CUT
10
109.7361
20
85.5616
0
VERTEX
8
CUT
10
111.6074
20
84.1003
0
VERTEX
8
CUT
10
111.6168
20
84.0929
0
VERTEX
8
CUT
10
111.6294
20
84.0828
0
VERTEX
8
CUT
10
111.6660
20
84.0518
0
VERTEX
8
CUT
10
111.7255
20
83.9986
0
VERTEX
8
CUT
10
111.7513
20
83.9745
0
VERTEX
8
CUT
10
111.7762
20
83.9495
0
VERTEX
8
CUT
10
111.8313
20
83.8917
0
VERTEX
8
CUT
10
111.8612
20
83.8586
0
VERTEX
8
CUT
10
111.8652
20
83.8539
0
VERTEX
8
CUT
10
111.8723
20
83.8455
0
VERTEX
8
CUT
10
112.9865
20
82.5040
0
VERTEX
8
CUT
10
112.9969
20
82.4918
0
VERTEX
8
CUT
10
113.0656
20
82.4134
0
VERTEX
8
CUT
10
113.0763
20
82.4015
0
VERTEX
8
CUT
10
113.1188
20
82.3555
0
VERTEX
8
CUT
10
113.1412
20
82.3326
0
VERTEX
8
CUT
10
113.2887
20
82.1894
0
VERTEX
8
CUT
10
113.3370
20
82.1472
0
VERTEX
8
CUT
10
113.4967
20
82.0223
0
VERTEX
8
CUT
10
113.5492
20
81.9856
0
VERTEX
8
CUT
10
113.7237
20
81.8770
0
VERTEX
8
CUT
10
113.7514
20
81.8607
0
VERTEX
8
CUT
10
113.8062
20
81.8305
0
VERTEX
8
CUT
10
113.8203
20
81.8230
0
VERTEX
8
CUT
10
113.9130
20
81.7752
0
VERTEX
8
CUT
10
113.9273
20
81.7680
0
VERTEX
8
CUT
10
115.1646
20
81.1704
0
VERTEX
8
CUT
10
115.2048
20
81.1497
0
VERTEX
8
CUT
10
115.2773
20
81.1101
0
VERTEX
8
CUT
10
115.3541
20
81.0630
0
VERTEX
8
CUT
10
115.4037
20
81.0291
0
VERTEX
8
CUT
10
115.4755
20
80.9744
0
VERTEX
8
CUT
10
115.5213
20
80.9357
0
VERTEX
8
CUT
10
115.5873
20
80.8742
0
VERTEX
8
CUT
10
115.6448
20
80.8149
0
VERTEX
8
CUT
10
115.6754
20
80.7817
0
VERTEX
8
CUT
10
116.5458
20
79.7889
0
VERTEX
8
CUT
10
117.0986
20
79.0932
0
VERTEX
8
CUT
10
117.1064
20
79.0835
0
VERTEX
8
CUT
10
117.1582
20
79.0211
0
VERTEX
8
CUT
10
117.1663
20
79.0115
0
VERTEX
8
CUT
10
117.1982
20
78.9746
0
VERTEX
8
CUT
10
117.2150
20
78.9561
0
VERTEX
8
CUT
10
117.3246
20
78.8395
0
VERTEX
8
CUT
10
117.3603
20
78.8045
0
VERTEX
8
CUT
10
117.4793
20
78.6974
0
VERTEX
8
CUT
10
117.4982
20
78.6811
0
VERTEX
8
CUT
10
117.5358
20
78.6500
0
VERTEX
8
CUT
10
117.5456
20
78.6421
0
VERTEX
8
CUT
10
117.6091
20
78.5917
0
VERTEX
8
CUT
10
117.6190
20
78.5841
0
VERTEX
8
CUT
10
117.8978
20
78.3723
0
VERTEX
8
CUT
10
117.9101
20
78.3632
0
VERTEX
8
CUT
10
117.9913
20
78.3048
0
VERTEX
8
CUT
10
118.0039
20
78.2959
0
VERTEX
8
CUT
10
118.0535
20
78.2621
0
VERTEX
8
CUT
10
118.0793
20
78.2455
0
VERTEX
8
CUT
10
118.2477
20
78.1429
0
VERTEX
8
CUT
10
118.3017
20
78.1137
0
VERTEX
8
CUT
10
118.4797
20
78.0289
0
VERTEX
8
CUT
10
118.5078
20
78.0164
0
VERTEX
8
CUT
10
118.5632
20
77.9934
0
VERTEX
8
CUT
10
118.5775
20
77.9877
0
VERTEX
8
CUT
10
118.6708
20
77.9518
0
VERTEX
8
CUT
10
118.6852
20
77.9464
0
VERTEX
8
CUT
10
119.1195
20
77.7918
0
VERTEX
8
CUT
10
119.1369
20
77.7860
0
VERTEX
8
CUT
10
119.2503
20
77.7494
0
VERTEX
8
CUT
10
119.2679
20
77.7441
0
VERTEX
8
CUT
10
119.3366
20
77.7243
0
VERTEX
8
CUT
10
119.3721
20
77.7152
0
VERTEX
8
CUT
10
119.6046
20
77.6633
0
VERTEX
8
CUT
10
119.6406
20
77.6564
0
VERTEX
8
CUT
10
119.7112
20
77.6451
0
VERTEX
8
CUT
10
119.7294
20
77.6425
0
VERTEX
8
CUT
10
119.8476
20
77.6273
0
VERTEX
8
CUT
10
119.8658
20
77.6252
0
VERTEX
8
CUT
10
120.4762
20
77.5656
0
VERTEX
8
CUT
10
120.4785
20
77.5653
0
VERTEX
8
CUT
10
120.4800
20
77.5652
0
VERTEX
8
CUT
10
120.4948
20
77.5639
0
VERTEX
8
CUT
10
120.5911
20
77.5569
0
VERTEX
8
CUT
10
120.6059
20
77.5560
0
VERTEX
8
CUT
10
120.6639
20
77.5532
0
VERTEX
8
CUT
10
120.6936
20
77.5526
0
VERTEX
8
CUT
10
120.8840
20
77.5529
0
VERTEX
8
CUT
10
120.9433
20
77.5559
0
VERTEX
8
CUT
10
121.1302
20
77.5748
0
VERTEX
8
CUT
10
121.1889
20
77.5837
0
VERTEX
8
CUT
10
121.3730
20
77.6209
0
VERTEX
8
CUT
10
121.4305
20
77.6356
0
VERTEX
8
CUT
10
121.6100
20
77.6909
0
VERTEX
8
CUT
10
121.6659
20
77.7112
0
VERTEX
8
CUT
10
121.8390
20
77.7839
0
VERTEX
8
CUT
10
121.8925
20
77.8096
0
VERTEX
8
CUT
10
122.0576
20
77.8991
0
VERTEX
8
CUT
10
122.1084
20
77.9300
0
VERTEX
8
CUT
10
122.2638
20
78.0354
0
VERTEX
8
CUT
10
122.3113
20
78.0712
0
VERTEX
8
CUT
10
122.4555
20
78.1914
0
VERTEX
8
CUT
10
122.4992
20
78.2317
0
VERTEX
8
CUT
10
122.6308
20
78.3656
0
VERTEX
8
CUT
10
122.6703
20
78.4100
0
VERTEX
8
CUT
10
122.7881
20
78.5563
0
VERTEX
8
CUT
10
122.8230
20
78.6044
0
VERTEX
8
CUT
10
122.9257
20
78.7616
0
VERTEX
8
CUT
10
122.9557
20
78.8129
0
VERTEX
8
CUT
10
123.0423
20
78.9795
0
VERTEX
8
CUT
10
123.0671
20
79.0335
0
VERTEX
8
CUT
10
123.1369
20
79.2078
0
VERTEX
8
CUT
10
123.1562
20
79.2640
0
VERTEX
8
CUT
10
123.2083
20
79.4444
0
VERTEX
8
CUT
10
123.2220
20
79.5022
0
VERTEX
8
CUT
10
123.2561
20
79.6869
0
VERTEX
8
CUT
10
123.2640
20
79.7458
0
VERTEX
8
CUT
10
123.2796
20
79.9329
0
VERTEX
8
CUT
10
123.2816
20
79.9923
0
VERTEX
8
CUT
10
123.2786
20
80.1827
0
VERTEX
8
CUT
10
123.2774
20
80.2124
0
VERTEX
8
CUT
10
123.2737
20
80.2703
0
VERTEX
8
CUT
10
123.2725
20
80.2851
0
VERTEX
8
CUT
10
123.2638
20
80.3812
0
VERTEX
8
CUT
10
123.2623
20
80.3960
0
VERTEX
8
CUT
10
123.2565
20
80.4468
0
VERTEX
8
CUT
10
123.2556
20
80.4533
0
VERTEX
8
CUT
10
123.2524
20
80.4852
0
VERTEX
8
CUT
10
123.2507
20
80.5000
0
VERTEX
8
CUT
10
123.2386
20
80.5957
0
VERTEX
8
CUT
10
123.2366
20
80.6105
0
VERTEX
8
CUT
10
123.2279
20
80.6678
0
VERTEX
8
CUT
10
123.2227
20
80.6971
0
VERTEX
8
CUT
10
123.1844
20
80.8862
0
VERTEX
8
CUT
10
123.1778
20
80.9151
0
VERTEX
8
CUT
10
123.1635
20
80.9713
0
VERTEX
8
CUT
10
123.1596
20
80.9857
0
VERTEX
8
CUT
10
123.1335
20
81.0786
0
VERTEX
8
CUT
10
123.1293
20
81.0929
0
VERTEX
8
CUT
10
122.9340
20
81.7264
0
VERTEX
8
CUT
10
122.9228
20
81.7730
0
VERTEX
8
CUT
10
122.9191
20
81.7872
0
VERTEX
8
CUT
10
122.8944
20
81.8794
0
VERTEX
8
CUT
10
122.8905
20
81.8935
0
VERTEX
8
CUT
10
122.8742
20
81.9485
0
VERTEX
8
CUT
10
122.8653
20
81.9764
0
VERTEX
8
CUT
10
122.8025
20
82.1565
0
VERTEX
8
CUT
10
122.7921
20
82.1840
0
VERTEX
8
CUT
10
122.7706
20
82.2371
0
VERTEX
8
CUT
10
122.7650
20
82.2507
0
VERTEX
8
CUT
10
122.7270
20
82.3382
0
VERTEX
8
CUT
10
122.7210
20
82.3516
0
VERTEX
8
CUT
10
122.3174
20
83.2242
0
VERTEX
8
CUT
10
122.2677
20
83.3571
0
VERTEX
8
CUT
10
122.2622
20
83.3713
0
VERTEX
8
CUT
10
122.2251
20
83.4636
0
VERTEX
8
CUT
10
122.2192
20
83.4777
0
VERTEX
8
CUT
10
122.1954
20
83.5325
0
VERTEX
8
CUT
10
122.1826
20
83.5602
0
VERTEX
8
CUT
10
122.0945
20
83.7384
0
VERTEX
8
CUT
10
122.0802
20
83.7654
0
VERTEX
8
CUT
10
122.0510
20
83.8175
0
VERTEX
8
CUT
10
122.0434
20
83.8308
0
VERTEX
8
CUT
10
122.0132
20
83.8816
0
VERTEX
8
CUT
10
121.9137
20
84.0967
0
VERTEX
8
CUT
10
121.9084
20
84.1078
0
VERTEX
8
CUT
10
121.8733
20
84.1797
0
VERTEX
8
CUT
10
121.8678
20
84.1907
0
VERTEX
8
CUT
10
121.8459
20
84.2335
0
VERTEX
8
CUT
10
121.8342
20
84.2552
0
VERTEX
8
CUT
10
121.7553
20
84.3944
0
VERTEX
8
CUT
10
121.7428
20
84.4155
0
VERTEX
8
CUT
10
121.7174
20
84.4564
0
VERTEX
8
CUT
10
121.7108
20
84.4668
0
VERTEX
8
CUT
10
121.6671
20
84.5338
0
VERTEX
8
CUT
10
121.6603
20
84.5441
0
VERTEX
8
CUT
10
121.5490
20
84.7076
0
VERTEX
8
CUT
10
121.5370
20
84.7320
0
VERTEX
8
CUT
10
121.5295
20
84.7466
0
VERTEX
8
CUT
10
121.4793
20
84.8413
0
VERTEX
8
CUT
10
121.4714
20
84.8557
0
VERTEX
8
CUT
10
121.4397
20
84.9117
0
VERTEX
8
CUT
10
121.4227
20
84.9400
0
VERTEX
8
CUT
10
121.3073
20
85.1202
0
VERTEX
8
CUT
10
121.2887
20
85.1475
0
VERTEX
8
CUT
10
121.2511
20
85.1997
0
VERTEX
8
CUT
10
121.2413
20
85.2129
0
VERTEX
8
CUT
10
121.1763
20
85.2980
0
VERTEX
8
CUT
10
121.1661
20
85.3110
0
VERTEX
8
CUT
10
120.9908
20
85.5280
0
VERTEX
8
CUT
10
120.8384
20
85.7521
0
VERTEX
8
CUT
10
120.6250
20
86.0914
0
VERTEX
8
CUT
10
120.6170
20
86.1038
0
VERTEX
8
CUT
10
120.5635
20
86.1844
0
VERTEX
8
CUT
10
120.5551
20
86.1967
0
VERTEX
8
CUT
10
120.5218
20
86.2442
0
VERTEX
8
CUT
10
120.5041
20
86.2682
0
VERTEX
8
CUT
10
120.3856
20
86.4207
0
VERTEX
8
CUT
10
120.3728
20
86.4363
0
VERTEX
8
CUT
10
120.0196
20
86.9554
0
VERTEX
8
CUT
10
120.0156
20
86.9614
0
VERTEX
8
CUT
10
120.0062
20
86.9754
0
VERTEX
8
CUT
10
120.0045
20
86.9780
0
VERTEX
8
CUT
10
119.9869
20
87.0056
0
VERTEX
8
CUT
10
119.9526
20
87.0616
0
VERTEX
8
CUT
10
119.9411
20
87.0811
0
VERTEX
8
CUT
10
119.9260
20
87.1087
0
VERTEX
8
CUT
10
119.8879
20
87.1821
0
VERTEX
8
CUT
10
119.8722
20
87.2139
0
VERTEX
8
CUT
10
119.6300
20
87.7291
0
VERTEX
8
CUT
10
119.6252
20
87.7395
0
VERTEX
8
CUT
10
119.6188
20
87.7535
0
VERTEX
8
CUT
10
119.6012
20
87.7952
0
VERTEX
8
CUT
10
119.5818
20
87.8443
0
VERTEX
8
CUT
10
119.5563
20
87.9180
0
VERTEX
8
CUT
10
119.5347
20
87.9903
0
VERTEX
8
CUT
10
119.5155
20
88.0668
0
VERTEX
8
CUT
10
119.5045
20
88.1204
0
VERTEX
8
CUT
10
119.4965
20
88.1654
0
VERTEX
8
CUT
10
119.4942
20
88.1802
0
VERTEX
8
CUT
10
119.4926
20
88.1913
0
VERTEX
8
CUT
10
118.9098
20
92.3662
0
VERTEX
8
CUT
10
118.9079
20
92.3785
0
VERTEX
8
CUT
10
118.8950
20
92.4585
0
VERTEX
8
CUT
10
118.8929
20
92.4708
0
VERTEX
8
CUT
10
118.8842
20
92.5188
0
VERTEX
8
CUT
10
118.8792
20
92.5432
0
VERTEX
8
CUT
10
118.8436
20
92.7013
0
VERTEX
8
CUT
10
118.8376
20
92.7255
0
VERTEX
8
CUT
10
118.8249
20
92.7725
0
VERTEX
8
CUT
10
118.8215
20
92.7845
0
VERTEX
8
CUT
10
118.7988
20
92.8623
0
VERTEX
8
CUT
10
118.7952
20
92.8742
0
VERTEX
8
CUT
10
118.1664
20
94.8717
0
VERTEX
8
CUT
10
118.1601
20
94.8904
0
VERTEX
8
CUT
10
118.1176
20
95.0114
0
VERTEX
8
CUT
10
118.1108
20
95.0299
0
VERTEX
8
CUT
10
118.0525
20
95.1799
0
VERTEX
8
CUT
10
118.0450
20
95.1982
0
VERTEX
8
CUT
10
117.9946
20
95.3161
0
VERTEX
8
CUT
10
117.9866
20
95.3341
0
VERTEX
8
CUT
10
117.3107
20
96.7827
0
VERTEX
8
CUT
10
117.3077
20
96.7893
0
VERTEX
8
CUT
10
117.3007
20
96.8045
0
VERTEX
8
CUT
10
117.2994
20
96.8074
0
VERTEX
8
CUT
10
117.2866
20
96.8373
0
VERTEX
8
CUT
10
117.2618
20
96.8976
0
VERTEX
8
CUT
10
117.2536
20
96.9184
0
VERTEX
8
CUT
10
117.2433
20
96.9478
0
VERTEX
8
CUT
10
117.2175
20
97.0260
0
VERTEX
8
CUT
10
117.2071
20
97.0598
0
VERTEX
8
CUT
10
116.7165
20
98.7702
0
VERTEX
8
CUT
10
116.7117
20
98.7861
0
VERTEX
8
CUT
10
116.6789
20
98.8897
0
VERTEX
8
CUT
10
116.6736
20
98.9055
0
VERTEX
8
CUT
10
116.6521
20
98.9673
0
VERTEX
8
CUT
10
116.6402
20
98.9987
0
VERTEX
8
CUT
10
116.5573
20
99.1999
0
VERTEX
8
CUT
10
116.5436
20
99.2305
0
VERTEX
8
CUT
10
116.5154
20
99.2895
0
VERTEX
8
CUT
10
116.5079
20
99.3045
0
VERTEX
8
CUT
10
116.4582
20
99.4013
0
VERTEX
8
CUT
10
116.4503
20
99.4161
0
VERTEX
8
CUT
10
114.3752
20
103.1912
0
VERTEX
8
CUT
10
114.3676
20
103.2046
0
VERTEX
8
CUT
10
114.3170
20
103.2912
0
VERTEX
8
CUT
10
114.3091
20
103.3045
0
VERTEX
8
CUT
10
114.2642
20
103.3771
0
VERTEX
8
CUT
10
114.2450
20
103.4096
0
VERTEX
8
CUT
10
114.2369
20
103.4230
0
VERTEX
8
CUT
10
114.2299
20
103.4343
0
VERTEX
8
CUT
10
114.1876
20
103.5103
0
VERTEX
8
CUT
10
114.1618
20
103.5622
0
VERTEX
8
CUT
10
114.1270
20
103.6419
0
VERTEX
8
CUT
10
114.1063
20
103.6961
0
VERTEX
8
CUT
10
114.0794
20
103.7788
0
VERTEX
8
CUT
10
114.0641
20
103.8347
0
VERTEX
8
CUT
10
114.0452
20
103.9197
0
VERTEX
8
CUT
10
114.0354
20
103.9768
0
VERTEX
8
CUT
10
114.0248
20
104.0632
0
VERTEX
8
CUT
10
114.0206
20
104.1210
0
VERTEX
8
CUT
10
114.0184
20
104.2080
0
VERTEX
8
CUT
10
114.0198
20
104.2659
0
VERTEX
8
CUT
10
114.0260
20
104.3527
0
VERTEX
8
CUT
10
114.0330
20
104.4103
0
VERTEX
8
CUT
10
114.0476
20
104.4961
0
VERTEX
8
CUT
10
114.0601
20
104.5527
0
VERTEX
8
CUT
10
114.0829
20
104.6366
0
VERTEX
8
CUT
10
114.1008
20
104.6918
0
VERTEX
8
CUT
10
114.1316
20
104.7731
0
VERTEX
8
CUT
10
114.1547
20
104.8263
0
VERTEX
8
CUT
10
114.1933
20
104.9043
0
VERTEX
8
CUT
10
114.2214
20
104.9550
0
VERTEX
8
CUT
10
114.2673
20
105.0289
0
VERTEX
8
CUT
10
114.3002
20
105.0766
0
VERTEX
8
CUT
10
114.3531
20
105.1458
0
VERTEX
8
CUT
10
114.3904
20
105.1901
0
VERTEX
8
CUT
10
114.4497
20
105.2538
0
VERTEX
8
CUT
10
114.4912
20
105.2943
0
VERTEX
8
CUT
10
114.5563
20
105.3520
0
VERTEX
8
CUT
10
114.6015
20
105.3883
0
VERTEX
8
CUT
10
114.6719
20
105.4394
0
VERTEX
8
CUT
10
114.7204
20
105.4711
0
VERTEX
8
CUT
10
114.7954
20
105.5152
0
VERTEX
8
CUT
10
114.8468
20
105.5422
0
VERTEX
8
CUT
10
114.9257
20
105.5788
0
VERTEX
8
CUT
10
114.9794
20
105.6006
0
VERTEX
8
CUT
10
115.0615
20
105.6295
0
VERTEX
8
CUT
10
115.1170
20
105.6460
0
VERTEX
8
CUT
10
115.2015
20
105.6668
0
VERTEX
8
CUT
10
115.2584
20
105.6779
0
VERTEX
8
CUT
10
115.3445
20
105.6904
0
VERTEX
8
CUT
10
115.4022
20
105.6960
0
VERTEX
8
CUT
10
115.4892
20
105.7001
0
VERTEX
8
CUT
10
115.5471
20
105.7001
0
VERTEX
8
CUT
10
115.6340
20
105.6958
0
VERTEX
8
CUT
10
115.6917
20
105.6901
0
VERTEX
8
CUT
10
115.7778
20
105.6775
0
VERTEX
8
CUT
10
115.8347
20
105.6663
0
VERTEX
8
CUT
10
115.9192
20
105.6454
0
VERTEX
8
CUT
10
115.9747
20
105.6288
0
VERTEX
8
CUT
10
116.0567
20
105.5998
0
VERTEX
8
CUT
10
116.1104
20
105.5779
0
VERTEX
8
CUT
10
116.1893
20
105.5411
0
VERTEX
8
CUT
10
116.2405
20
105.5141
0
VERTEX
8
CUT
10
116.3155
20
105.4699
0
VERTEX
8
CUT
10
116.3639
20
105.4381
0
VERTEX
8
CUT
10
116.4343
20
105.3868
0
VERTEX
8
CUT
10
116.4964
20
105.3368
0
VERTEX
8
CUT
10
116.5296
20
105.3087
0
VERTEX
8
CUT
10
117.3003
20
104.6238
0
VERTEX
8
CUT
10
117.3123
20
104.6134
0
VERTEX
8
CUT
10
117.3915
20
104.5467
0
VERTEX
8
CUT
10
117.4038
20
104.5366
0
VERTEX
8
CUT
10
117.5054
20
104.4556
0
VERTEX
8
CUT
10
117.5180
20
104.4458
0
VERTEX
8
CUT
10
117.6006
20
104.3834
0
VERTEX
8
CUT
10
117.6134
20
104.3740
0
VERTEX
8
CUT
10
119.2503
20
103.2047
0
VERTEX
8
CUT
10
119.2609
20
103.1973
0
VERTEX
8
CUT
10
119.3305
20
103.1498
0
VERTEX
8
CUT
10
119.3413
20
103.1426
0
VERTEX
8
CUT
10
119.4299
20
103.0849
0
VERTEX
8
CUT
10
119.4408
20
103.0780
0
VERTEX
8
CUT
10
119.5124
20
103.0335
0
VERTEX
8
CUT
10
119.5234
20
103.0268
0
VERTEX
8
CUT
10
122.3989
20
101.3269
0
VERTEX
8
CUT
10
122.4111
20
101.3199
0
VERTEX
8
CUT
10
122.4909
20
101.2752
0
VERTEX
8
CUT
10
122.5033
20
101.2685
0
VERTEX
8
CUT
10
122.6048
20
101.2147
0
VERTEX
8
CUT
10
122.6173
20
101.2083
0
VERTEX
8
CUT
10
122.6991
20
101.1674
0
VERTEX
8
CUT
10
122.7118
20
101.1612
0
VERTEX
8
CUT
10
124.8812
20
100.1398
0
VERTEX
8
CUT
10
124.8948
20
100.1336
0
VERTEX
8
CUT
10
124.9838
20
100.0943
0
VERTEX
8
CUT
10
124.9976
20
100.0885
0
VERTEX
8
CUT
10
125.0517
20
100.0662
0
VERTEX
8
CUT
10
125.0796
20
100.0555
0
VERTEX
8
CUT
10
125.2605
20
99.9915
0
VERTEX
8
CUT
10
125.3178
20
99.9744
0
VERTEX
8
CUT
10
125.5016
20
99.9293
0
VERTEX
8
CUT
10
125.5604
20
99.9180
0
VERTEX
8
CUT
10
125.7478
20
99.8915
0
VERTEX
8
CUT
10
125.8074
20
99.8860
0
VERTEX
8
CUT
10
125.9965
20
99.8783
0
VERTEX
8
CUT
10
126.0563
20
99.8789
0
VERTEX
8
CUT
10
126.2452
20
99.8900
0
VERTEX
8
CUT
10
126.3047
20
99.8965
0
VERTEX
8
CUT
10
126.4916
20
99.9264
0
VERTEX
8
CUT
10
126.5501
20
99.9388
0
VERTEX
8
CUT
10
126.7331
20
99.9872
0
VERTEX
8
CUT
10
126.7901
20
100.0054
0
VERTEX
8
CUT
10
126.9673
20
100.0718
0
VERTEX
8
CUT
10
127.0223
20
100.0956
0
VERTEX
8
CUT
10
127.1920
20
100.1793
0
VERTEX
8
CUT
10
127.2443
20
100.2084
0
VERTEX
8
CUT
10
127.4048
20
100.3086
0
VERTEX
8
CUT
10
127.4539
20
100.3428
0
VERTEX
8
CUT
10
127.6037
20
100.4585
0
VERTEX
8
CUT
10
127.6492
20
100.4974
0
VERTEX
8
CUT
10
127.7866
20
100.6275
0
VERTEX
8
CUT
10
127.8280
20
100.6707
0
VERTEX
8
CUT
10
127.9518
20
100.8138
0
VERTEX
8
CUT
10
127.9887
20
100.8610
0
VERTEX
8
CUT
10
128.0977
20
101.0157
0
VERTEX
8
CUT
10
128.1296
20
101.0663
0
VERTEX
8
CUT
10
128.2226
20
101.2311
0
VERTEX
8
CUT
10
128.2494
20
101.2846
0
VERTEX
8
CUT
10
128.3255
20
101.4579
0
VERTEX
8
CUT
10
128.3468
20
101.5138
0
VERTEX
8
CUT
10
128.4053
20
101.6938
0
VERTEX
8
CUT
10
128.4209
20
101.7516
0
VERTEX
8
CUT
10
128.4612
20
101.9365
0
VERTEX
8
CUT
10
128.4710
20
101.9956
0
VERTEX
8
CUT
10
128.4926
20
102.1835
0
VERTEX
8
CUT
10
128.4964
20
102.2433
0
VERTEX
8
CUT
10
128.4992
20
102.4325
0
VERTEX
8
CUT
10
128.4971
20
102.4923
0
VERTEX
8
CUT
10
128.4810
20
102.6809
0
VERTEX
8
CUT
10
128.4730
20
102.7402
0
VERTEX
8
CUT
10
128.4382
20
102.9262
0
VERTEX
8
CUT
10
128.4242
20
102.9844
0
VERTEX
8
CUT
10
128.3711
20
103.1660
0
VERTEX
8
CUT
10
128.3514
20
103.2226
0
VERTEX
8
CUT
10
128.2804
20
103.3980
0
VERTEX
8
CUT
10
128.2552
20
103.4523
0
VERTEX
8
CUT
10
128.1659
20
103.6221
0
VERTEX
8
CUT
10
128.1513
20
103.6482
0
VERTEX
8
CUT
10
128.1215
20
103.6985
0
VERTEX
8
CUT
10
128.1137
20
103.7113
0
VERTEX
8
CUT
10
128.0621
20
103.7938
0
VERTEX
8
CUT
10
128.0540
20
103.8064
0
VERTEX
8
CUT
10
125.0489
20
108.3517
0
VERTEX
8
CUT
10
125.0390
20
108.3662
0
VERTEX
8
CUT
10
124.9732
20
108.4596
0
VERTEX
8
CUT
10
124.9629
20
108.4738
0
VERTEX
8
CUT
10
124.8770
20
108.5885
0
VERTEX
8
CUT
10
124.8662
20
108.6024
0
VERTEX
8
CUT
10
124.7951
20
108.6918
0
VERTEX
8
CUT
10
124.7840
20
108.7054
0
VERTEX
8
CUT
10
121.6562
20
112.4089
0
VERTEX
8
CUT
10
121.5361
20
112.3889
0
VERTEX
8
CUT
10
121.4195
20
112.3753
0
VERTEX
8
CUT
10
121.2634
20
112.3649
0
VERTEX
8
CUT
10
121.1461
20
112.3628
0
VERTEX
8
CUT
10
120.9897
20
112.3676
0
VERTEX
8
CUT
10
120.8727
20
112.3770
0
VERTEX
8
CUT
10
120.7175
20
112.3971
0
VERTEX
8
CUT
10
120.6020
20
112.4178
0
VERTEX
8
CUT
10
120.4496
20
112.4530
0
VERTEX
8
CUT
10
120.3366
20
112.4849
0
VERTEX
8
CUT
10
120.1883
20
112.5348
0
VERTEX
8
CUT
10
120.0791
20
112.5776
0
VERTEX
8
CUT
10
119.9363
20
112.6417
0
VERTEX
8
CUT
10
119.8318
20
112.6950
0
VERTEX
8
CUT
10
119.7061
20
112.7670
0
VERTEX
8
CUT
10
119.7064
20
112.7675
0
VERTEX
8
CUT
10
119.6818
20
112.7805
0
VERTEX
8
CUT
10
119.5798
20
112.8487
0
VERTEX
8
CUT
10
119.4853
20
112.9269
0
VERTEX
8
CUT
10
119.3993
20
113.0144
0
VERTEX
8
CUT
10
119.3227
20
113.1102
0
VERTEX
8
CUT
10
119.2562
20
113.2133
0
VERTEX
8
CUT
10
119.2485
20
113.2285
0
VERTEX
8
CUT
10
119.2481
20
113.2283
0
VERTEX
8
CUT
10
119.2415
20
113.2400
0
VERTEX
8
CUT
10
119.2141
20
113.2923
0
SEQEND
0
POLYLINE
8
CUT
66
1
70
1
10
0.0
20
0.0
30
0.0
0
VERTEX
8
CUT
10
21.1322
20
63.3965
0
VERTEX
8
CUT
10
21.1435
20
63.3379
0
VERTEX
8
CUT
10
21.1500
20
63.3081
0
VERTEX
8
CUT
10
21.1972
20
63.1154
0
VERTEX
8
CUT
10
21.2053
20
63.0859
0
VERTEX
8
CUT
10
21.2224
20
63.0288
0
VERTEX
8
CUT
10
21.2270
20
63.0142
0
VERTEX
8
CUT
10
21.2579
20
62.9199
0
VERTEX
8
CUT
10
21.2628
20
62.9055
0
VERTEX
8
CUT
10
21.3133
20
62.7638
0
VERTEX
8
CUT
10
21.3259
20
62.7170
0
VERTEX
8
CUT
10
21.3298
20
62.7031
0
VERTEX
8
CUT
10
21.3458
20
62.6490
0
VERTEX
8
CUT
10
21.3546
20
62.6216
0
VERTEX
8
CUT
10
21.4162
20
62.4445
0
VERTEX
8
CUT
10
21.4263
20
62.4175
0
VERTEX
8
CUT
10
21.4474
20
62.3652
0
VERTEX
8
CUT
10
21.4529
20
62.3519
0
VERTEX
8
CUT
10
21.4900
20
62.2658
0
VERTEX
8
CUT
10
21.4939
20
62.2572
0
VERTEX
8
CUT
10
21.5097
20
62.2127
0
VERTEX
8
CUT
10
21.5159
20
62.1961
0
VERTEX
8
CUT
10
21.5577
20
62.0889
0
VERTEX
8
CUT
10
21.5644
20
62.0725
0
VERTEX
8
CUT
10
21.5914
20
62.0090
0
VERTEX
8
CUT
10
21.6062
20
61.9768
0
VERTEX
8
CUT
10
21.7083
20
61.7708
0
VERTEX
8
CUT
10
21.7250
20
61.7396
0
VERTEX
8
CUT
10
21.7592
20
61.6796
0
VERTEX
8
CUT
10
21.7599
20
61.6784
0
VERTEX
8
CUT
10
21.8428
20
61.4982
0
VERTEX
8
CUT
10
21.8492
20
61.4847
0
VERTEX
8
CUT
10
21.8920
20
61.3974
0
VERTEX
8
CUT
10
21.8988
20
61.3840
0
VERTEX
8
CUT
10
21.9258
20
61.3323
0
VERTEX
8
CUT
10
21.9403
20
61.3061
0
VERTEX
8
CUT
10
22.0386
20
61.1385
0
VERTEX
8
CUT
10
22.0544
20
61.1131
0
VERTEX
8
CUT
10
22.0864
20
61.0643
0
VERTEX
8
CUT
10
22.0948
20
61.0519
0
VERTEX
8
CUT
10
22.1501
20
60.9720
0
VERTEX
8
CUT
10
22.1588
20
60.9598
0
VERTEX
8
CUT
10
22.5966
20
60.3599
0
VERTEX
8
CUT
10
22.6072
20
60.3457
0
VERTEX
8
CUT
10
22.6778
20
60.2548
0
VERTEX
8
CUT
10
22.6889
20
60.2410
0
VERTEX
8
CUT
10
22.7328
20
60.1877
0
VERTEX
8
CUT
10
22.7561
20
60.1610
0
VERTEX
8
CUT
10
22.8182
20
60.0942
0
VERTEX
8
CUT
10
22.8937
20
60.0037
0
VERTEX
8
CUT
10
22.9170
20
59.9774
0
VERTEX
8
CUT
10
22.9640
20
59.9274
0
VERTEX
8
CUT
10
22.9762
20
59.9148
0
VERTEX
8
CUT
10
23.0569
20
59.8339
0
VERTEX
8
CUT
10
23.0694
20
59.8216
0
VERTEX
8
CUT
10
23.4132
20
59.4962
0
VERTEX
8
CUT
10
23.4261
20
59.4843
0
VERTEX
8
CUT
10
23.5113
20
59.4083
0
VERTEX
8
CUT
10
23.5245
20
59.3968
0
VERTEX
8
CUT
10
23.5769
20
59.3528
0
VERTEX
8
CUT
10
23.6045
20
59.3310
0
VERTEX
8
CUT
10
23.7872
20
59.1946
0
VERTEX
8
CUT
10
23.8160
20
59.1745
0
VERTEX
8
CUT
10
23.8732
20
59.1368
0
VERTEX
8
CUT
10
23.8880
20
59.1274
0
VERTEX
8
CUT
10
23.9800
20
59.0705
0
VERTEX
8
CUT
10
24.0710
20
58.9932
0
VERTEX
8
CUT
10
24.0850
20
58.9817
0
VERTEX
8
CUT
10
24.1771
20
58.9081
0
VERTEX
8
CUT
10
24.1914
20
58.8970
0
VERTEX
8
CUT
10
24.2480
20
58.8546
0
VERTEX
8
CUT
10
24.2777
20
58.8337
0
VERTEX
8
CUT
10
24.4742
20
58.7040
0
VERTEX
8
CUT
10
24.5051
20
58.6850
0
VERTEX
8
CUT
10
24.5664
20
58.6497
0
VERTEX
8
CUT
10
24.5822
20
58.6408
0
VERTEX
8
CUT
10
24.6861
20
58.5851
0
VERTEX
8
CUT
10
24.7022
20
58.5768
0
VERTEX
8
CUT
10
25.7654
20
58.0469
0
VERTEX
8
CUT
10
25.7811
20
58.0393
0
VERTEX
8
CUT
10
25.8844
20
57.9916
0
VERTEX
8
CUT
10
25.9004
20
57.9845
0
VERTEX
8
CUT
10
25.9631
20
57.9576
0
VERTEX
8
CUT
10
25.9957
20
57.9448
0
VERTEX
8
CUT
10
26.2095
20
57.8678
0
VERTEX
8
CUT
10
26.2428
20
57.8569
0
VERTEX
8
CUT
10
26.3082
20
57.8376
0
VERTEX
8
CUT
10
26.3251
20
57.8329
0
VERTEX
8
CUT
10
26.4351
20
57.8038
0
VERTEX
8
CUT
10
26.4520
20
57.7996
0
VERTEX
8
CUT
10
27.7275
20
57.5023
0
VERTEX
8
CUT
10
27.7434
20
57.4989
0
VERTEX
8
CUT
10
27.8466
20
57.4777
0
VERTEX
8
CUT
10
27.8625
20
57.4747
0
VERTEX
8
CUT
10
27.9248
20
57.4637
0
VERTEX
8
CUT
10
27.9569
20
57.4589
0
VERTEX
8
CUT
10
28.1659
20
57.4335
0
VERTEX
8
CUT
10
28.1981
20
57.4305
0
VERTEX
8
CUT
10
28.2612
20
57.4262
0
VERTEX
8
CUT
10
28.2774
20
57.4254
0
VERTEX
8
CUT
10
28.2915
20
57.4248
0
VERTEX
8
CUT
10
28.3026
20
57.4230
0
VERTEX
8
CUT
10
28.4700
20
57.3998
0
VERTEX
8
CUT
10
28.5225
20
57.3949
0
VERTEX
8
CUT
10
28.6913
20
57.3864
0
VERTEX
8
CUT
10
28.7176
20
57.3857
0
VERTEX
8
CUT
10
28.7692
20
57.3854
0
VERTEX
8
CUT
10
28.7823
20
57.3855
0
VERTEX
8
CUT
10
28.8680
20
57.3868
0
VERTEX
8
CUT
10
28.8812
20
57.3872
0
VERTEX
8
CUT
10
29.4190
20
57.4076
0
VERTEX
8
CUT
10
29.8865
20
57.4016
0
VERTEX
8
CUT
10
29.9011
20
57.4016
0
VERTEX
8
CUT
10
29.9963
20
57.4027
0
VERTEX
8
CUT
10
30.0109
20
57.4031
0
VERTEX
8
CUT
10
30.0681
20
57.4051
0
VERTEX
8
CUT
10
30.0973
20
57.4069
0
VERTEX
8
CUT
10
30.2868
20
57.4230
0
VERTEX
8
CUT
10
30.3159
20
57.4262
0
VERTEX
8
CUT
10
30.3726
20
57.4338
0
VERTEX
8
CUT
10
30.3871
20
57.4359
0
VERTEX
8
CUT
10
30.4574
20
57.4471
0
VERTEX
8
CUT
10
31.0125
20
57.4682
0
VERTEX
8
CUT
10
31.0291
20
57.4691
0
VERTEX
8
CUT
10
31.1369
20
57.4762
0
VERTEX
8
CUT
10
31.1535
20
57.4775
0
VERTEX
8
CUT
10
31.2180
20
57.4835
0
VERTEX
8
CUT
10
31.2510
20
57.4876
0
VERTEX
8
CUT
10
31.4646
20
57.5196
0
VERTEX
8
CUT
10
31.4973
20
57.5254
0
VERTEX
8
CUT
10
31.5608
20
57.5386
0
VERTEX
8
CUT
10
31.5771
20
57.5422
0
VERTEX
8
CUT
10
31.6822
20
57.5670
0
VERTEX
8
CUT
10
31.6984
20
57.5711
0
VERTEX
8
CUT
10
33.2075
20
57.9720
0
VERTEX
8
CUT
10
33.2197
20
57.9754
0
VERTEX
8
CUT
10
33.2985
20
57.9981
0
VERTEX
8
CUT
10
33.3106
20
58.0017
0
VERTEX
8
CUT
10
33.3577
20
58.0164
0
VERTEX
8
CUT
10
33.3816
20
58.0244
0
VERTEX
8
CUT
10
33.5360
20
58.0797
0
VERTEX
8
CUT
10
33.5596
20
58.0887
0
VERTEX
8
CUT
10
33.6053
20
58.1072
0
VERTEX
8
CUT
10
33.6169
20
58.1121
0
VERTEX
8
CUT
10
33.6923
20
58.1446
0
VERTEX
8
CUT
10
33.7038
20
58.1497
0
VERTEX
8
CUT
10
34.8394
20
58.6677
0
VERTEX
8
CUT
10
34.8571
20
58.6762
0
VERTEX
8
CUT
10
34.9715
20
58.7330
0
VERTEX
8
CUT
10
34.9890
20
58.7420
0
VERTEX
8
CUT
10
35.1301
20
58.8179
0
VERTEX
8
CUT
10
35.1473
20
58.8275
0
VERTEX
8
CUT
10
35.2577
20
58.8916
0
VERTEX
8
CUT
10
35.2745
20
58.9018
0
VERTEX
8
CUT
10
35.8689
20
59.2736
0
VERTEX
8
CUT
10
36.6620
20
59.7082
0
VERTEX
8
CUT
10
36.6719
20
59.7137
0
VERTEX
8
CUT
10
36.7401
20
59.7528
0
VERTEX
8
CUT
10
36.7502
20
59.7587
0
VERTEX
8
CUT
10
36.7945
20
59.7852
0
VERTEX
8
CUT
10
36.8155
20
59.7984
0
VERTEX
8
CUT
10
36.9450
20
59.8834
0
VERTEX
8
CUT
10
36.9647
20
59.8969
0
VERTEX
8
CUT
10
36.9985
20
59.9211
0
VERTEX
8
CUT
10
37.0075
20
59.9277
0
VERTEX
8
CUT
10
37.0699
20
59.9741
0
VERTEX
8
CUT
10
37.0800
20
59.9817
0
VERTEX
8
CUT
10
37.4183
20
60.2447
0
VERTEX
8
CUT
10
37.4828
20
60.2879
0
VERTEX
8
CUT
10
37.4979
20
60.2983
0
VERTEX
8
CUT
10
37.6194
20
60.3850
0
VERTEX
8
CUT
10
37.6342
20
60.3959
0
VERTEX
8
CUT
10
37.7288
20
60.4680
0
VERTEX
8
CUT
10
37.7432
20
60.4793
0
VERTEX
8
CUT
10
38.2839
20
60.9175
0
VERTEX
8
CUT
10
38.8241
20
61.3373
0
VERTEX
8
CUT
10
38.8339
20
61.3451
0
VERTEX
8
CUT
10
38.8969
20
61.3962
0
VERTEX
8
CUT
10
38.9065
20
61.4042
0
VERTEX
8
CUT
10
38.9438
20
61.4357
0
VERTEX
8
CUT
10
38.9625
20
61.4522
0
VERTEX
8
CUT
10
39.0819
20
61.5621
0
VERTEX
8
CUT
10
39.0999
20
61.5794
0
VERTEX
8
CUT
10
39.1344
20
61.6139
0
VERTEX
8
CUT
10
39.1431
20
61.6228
0
VERTEX
8
CUT
10
39.1993
20
61.6814
0
VERTEX
8
CUT
10
39.2079
20
61.6905
0
VERTEX
8
CUT
10
39.4034
20
61.9031
0
VERTEX
8
CUT
10
41.2088
20
63.7304
0
VERTEX
8
CUT
10
41.2180
20
63.7399
0
VERTEX
8
CUT
10
41.2768
20
63.8021
0
VERTEX
8
CUT
10
41.2858
20
63.8118
0
VERTEX
8
CUT
10
41.3579
20
63.8916
0
VERTEX
8
CUT
10
41.3667
20
63.9014
0
VERTEX
8
CUT
10
41.4227
20
63.9662
0
VERTEX
8
CUT
10
41.4313
20
63.9763
0
VERTEX
8
CUT
10
42.5273
20
65.3002
0
VERTEX
8
CUT
10
43.3645
20
66.2106
0
VERTEX
8
CUT
10
43.3704
20
66.2170
0
VERTEX
8
CUT
10
43.4105
20
66.2619
0
VERTEX
8
CUT
10
43.4166
20
66.2689
0
VERTEX
8
CUT
10
43.4657
20
66.3256
0
VERTEX
8
CUT
10
43.4716
20
66.3325
0
VERTEX
8
CUT
10
43.5098
20
66.3779
0
VERTEX
8
CUT
10
43.5159
20
66.3854
0
VERTEX
8
CUT
10
48.1913
20
72.1403
0
VERTEX
8
CUT
10
48.1956
20
72.1455
0
VERTEX
8
CUT
10
48.2057
20
72.1577
0
VERTEX
8
CUT
10
48.2100
20
72.1629
0
VERTEX
8
CUT
10
48.2204
20
72.1754
0
VERTEX
8
CUT
10
48.2258
20
72.1817
0
VERTEX
8
CUT
10
48.2384
20
72.1965
0
VERTEX
8
CUT
10
48.2438
20
72.2028
0
VERTEX
8
CUT
10
48.2502
20
72.2101
0
VERTEX
8
CUT
10
48.2557
20
72.2164
0
VERTEX
8
CUT
10
48.2686
20
72.2310
0
VERTEX
8
CUT
10
48.2742
20
72.2372
0
VERTEX
8
CUT
10
48.2770
20
72.2404
0
VERTEX
8
CUT
10
48.2837
20
72.2477
0
VERTEX
8
CUT
10
48.2994
20
72.2646
0
VERTEX
8
CUT
10
48.3061
20
72.2719
0
VERTEX
8
CUT
10
51.4359
20
75.5889
0
VERTEX
8
CUT
10
51.4407
20
75.5940
0
VERTEX
8
CUT
10
51.4520
20
75.6057
0
VERTEX
8
CUT
10
51.4569
20
75.6108
0
VERTEX
8
CUT
10
51.4685
20
75.6227
0
VERTEX
8
CUT
10
51.4745
20
75.6288
0
VERTEX
8
CUT
10
51.4875
20
75.6419
0
VERTEX
8
CUT
10
51.4882
20
75.6426
0
VERTEX
8
CUT
10
51.4952
20
75.6496
0
VERTEX
8
CUT
10
51.5014
20
75.6556
0
VERTEX
8
CUT
10
51.5157
20
75.6695
0
VERTEX
8
CUT
10
51.5219
20
75.6755
0
VERTEX
8
CUT
10
51.5251
20
75.6785
0
VERTEX
8
CUT
10
51.5325
20
75.6854
0
VERTEX
8
CUT
10
51.5498
20
75.7016
0
VERTEX
8
CUT
10
51.5573
20
75.7084
0
VERTEX
8
CUT
10
55.6915
20
79.4704
0
VERTEX
8
CUT
10
55.7024
20
79.4802
0
VERTEX
8
CUT
10
55.7280
20
79.5027
0
VERTEX
8
CUT
10
55.7306
20
79.5050
0
VERTEX
8
CUT
10
55.7400
20
79.5130
0
VERTEX
8
CUT
10
55.7892
20
79.5538
0
VERTEX
8
CUT
10
55.8063
20
79.5675
0
VERTEX
8
CUT
10
55.8308
20
79.5858
0
VERTEX
8
CUT
10
55.8965
20
79.6330
0
VERTEX
8
CUT
10
55.9251
20
79.6527
0
VERTEX
8
CUT
10
59.4493
20
81.9811
0
VERTEX
8
CUT
10
59.7149
20
82.1250
0
VERTEX
8
CUT
10
59.9436
20
82.2490
0
VERTEX
8
CUT
10
60.0170
20
82.2888
0
VERTEX
8
CUT
10
61.1791
20
82.9187
0
VERTEX
8
CUT
10
63.5702
20
84.0833
0
VERTEX
8
CUT
10
63.6416
20
84.1088
0
VERTEX
8
CUT
10
63.7947
20
84.1635
0
VERTEX
8
CUT
10
64.1911
20
84.3053
0
VERTEX
8
CUT
10
65.5463
20
84.7898
0
VERTEX
8
CUT
10
67.5884
20
85.3850
0
VERTEX
8
CUT
10
68.3661
20
85.5034
0
VERTEX
8
CUT
10
72.2456
20
85.6950
0
VERTEX
8
CUT
10
72.2528
20
85.6954
0
VERTEX
8
CUT
10
72.2697
20
85.6961
0
VERTEX
8
CUT
10
72.2728
20
85.6962
0
VERTEX
8
CUT
10
72.3056
20
85.6968
0
VERTEX
8
CUT
10
72.3712
20
85.6969
0
VERTEX
8
CUT
10
72.3938
20
85.6966
0
VERTEX
8
CUT
10
72.4251
20
85.6951
0
VERTEX
8
CUT
10
72.5078
20
85.6893
0
VERTEX
8
CUT
10
72.5433
20
85.6861
0
VERTEX
8
CUT
10
74.2866
20
85.4954
0
VERTEX
8
CUT
10
74.3000
20
85.4938
0
VERTEX
8
CUT
10
74.3310
20
85.4900
0
VERTEX
8
CUT
10
74.3443
20
85.4882
0
VERTEX
8
CUT
10
74.3601
20
85.4860
0
VERTEX
8
CUT
10
74.3732
20
85.4841
0
VERTEX
8
CUT
10
74.4037
20
85.4794
0
VERTEX
8
CUT
10
74.4168
20
85.4773
0
VERTEX
8
CUT
10
74.4318
20
85.4747
0
VERTEX
8
CUT
10
74.4449
20
85.4724
0
VERTEX
8
CUT
10
74.4754
20
85.4667
0
VERTEX
8
CUT
10
74.4884
20
85.4642
0
VERTEX
8
CUT
10
74.5043
20
85.4610
0
VERTEX
8
CUT
10
74.5173
20
85.4583
0
VERTEX
8
CUT
10
74.5476
20
85.4518
0
VERTEX
8
CUT
10
74.5606
20
85.4489
0
VERTEX
8
CUT
10
75.8618
20
85.1480
0
VERTEX
8
CUT
10
75.8796
20
85.1442
0
VERTEX
8
CUT
10
75.9959
20
85.1210
0
VERTEX
8
CUT
10
76.0138
20
85.1177
0
VERTEX
8
CUT
10
76.0840
20
85.1059
0
VERTEX
8
CUT
10
76.1202
20
85.1010
0
VERTEX
8
CUT
10
76.3558
20
85.0760
0
VERTEX
8
CUT
10
76.3922
20
85.0733
0
VERTEX
8
CUT
10
76.4633
20
85.0701
0
VERTEX
8
CUT
10
76.4815
20
85.0696
0
VERTEX
8
CUT
10
76.6001
20
85.0679
0
VERTEX
8
CUT
10
76.6183
20
85.0679
0
VERTEX
8
CUT
10
77.7023
20
85.0853
0
VERTEX
8
CUT
10
77.7460
20
85.0850
0
VERTEX
8
CUT
10
77.8260
20
85.0824
0
VERTEX
8
CUT
10
77.9131
20
85.0753
0
VERTEX
8
CUT
10
77.9708
20
85.0678
0
VERTEX
8
CUT
10
78.0569
20
85.0523
0
VERTEX
8
CUT
10
78.1136
20
85.0392
0
VERTEX
8
CUT
10
78.1977
20
85.0154
0
VERTEX
8
CUT
10
78.2736
20
84.9899
0
VERTEX
8
CUT
10
78.3147
20
84.9750
0
VERTEX
8
CUT
10
78.4068
20
84.9390
0
VERTEX
8
CUT
10
78.4517
20
84.9200
0
VERTEX
8
CUT
10
78.5330
20
84.8831
0
VERTEX
8
CUT
10
78.6193
20
84.8380
0
VERTEX
8
CUT
10
78.6751
20
84.8050
0
VERTEX
8
CUT
10
78.7561
20
84.7508
0
VERTEX
8
CUT
10
78.8079
20
84.7119
0
VERTEX
8
CUT
10
78.8826
20
84.6494
0
VERTEX
8
CUT
10
78.9478
20
84.5884
0
VERTEX
8
CUT
10
78.9825
20
84.5542
0
VERTEX
8
CUT
10
80.4386
20
83.0373
0
VERTEX
8
CUT
10
80.4492
20
83.0261
0
VERTEX
8
CUT
10
80.4736
20
82.9998
0
VERTEX
8
CUT
10
80.4840
20
82.9884
0
VERTEX
8
CUT
10
80.4966
20
82.9744
0
VERTEX
8
CUT
10
80.5068
20
82.9628
0
VERTEX
8
CUT
10
80.5303
20
82.9356
0
VERTEX
8
CUT
10
80.5403
20
82.9239
0
VERTEX
8
CUT
10
80.5516
20
82.9103
0
VERTEX
8
CUT
10
80.5614
20
82.8984
0
VERTEX
8
CUT
10
80.5840
20
82.8704
0
VERTEX
8
CUT
10
80.5936
20
82.8583
0
VERTEX
8
CUT
10
80.6051
20
82.8435
0
VERTEX
8
CUT
10
80.6145
20
82.8313
0
VERTEX
8
CUT
10
80.6361
20
82.8025
0
VERTEX
8
CUT
10
80.6453
20
82.7901
0
VERTEX
8
CUT
10
81.7540
20
81.2629
0
VERTEX
8
CUT
10
81.7576
20
81.2579
0
VERTEX
8
CUT
10
81.7660
20
81.2462
0
VERTEX
8
CUT
10
81.7695
20
81.2412
0
VERTEX
8
CUT
10
81.7780
20
81.2292
0
VERTEX
8
CUT
10
81.7824
20
81.2229
0
VERTEX
8
CUT
10
81.7924
20
81.2084
0
VERTEX
8
CUT
10
81.7967
20
81.2022
0
VERTEX
8
CUT
10
81.8016
20
81.1949
0
VERTEX
8
CUT
10
81.8059
20
81.1887
0
VERTEX
8
CUT
10
81.8157
20
81.1739
0
VERTEX
8
CUT
10
81.8199
20
81.1676
0
VERTEX
8
CUT
10
81.8220
20
81.1644
0
VERTEX
8
CUT
10
81.8269
20
81.1568
0
VERTEX
8
CUT
10
81.8382
20
81.1392
0
VERTEX
8
CUT
10
81.8431
20
81.1316
0
VERTEX
8
CUT
10
84.2841
20
77.2431
0
VERTEX
8
CUT
10
84.2895
20
77.2344
0
VERTEX
8
CUT
10
84.3020
20
77.2140
0
VERTEX
8
CUT
10
84.3073
20
77.2052
0
VERTEX
8
CUT
10
84.3136
20
77.1946
0
VERTEX
8
CUT
10
84.3188
20
77.1858
0
VERTEX
8
CUT
10
84.3308
20
77.1652
0
VERTEX
8
CUT
10
84.3358
20
77.1563
0
VERTEX
8
CUT
10
84.3416
20
77.1461
0
VERTEX
8
CUT
10
84.3466
20
77.1371
0
VERTEX
8
CUT
10
84.3581
20
77.1163
0
VERTEX
8
CUT
10
84.3630
20
77.1073
0
VERTEX
8
CUT
10
84.3689
20
77.0963
0
VERTEX
8
CUT
10
84.3737
20
77.0872
0
VERTEX
8
CUT
10
84.3847
20
77.0661
0
VERTEX
8
CUT
10
84.3894
20
77.0570
0
VERTEX
8
CUT
10
85.1909
20
75.4779
0
VERTEX
8
CUT
10
85.1957
20
75.4683
0
VERTEX
8
CUT
10
85.2031
20
75.4533
0
VERTEX
8
CUT
10
85.2149
20
75.4284
0
VERTEX
8
CUT
10
85.2302
20
75.3947
0
VERTEX
8
CUT
10
85.2432
20
75.3646
0
VERTEX
8
CUT
10
85.2532
20
75.3405
0
VERTEX
8
CUT
10
85.2587
20
75.3267
0
VERTEX
8
CUT
10
85.2607
20
75.3216
0
VERTEX
8
CUT
10
85.2720
20
75.2914
0
VERTEX
8
CUT
10
85.2958
20
75.2237
0
VERTEX
8
CUT
10
85.3091
20
75.1828
0
VERTEX
8
CUT
10
85.3132
20
75.1689
0
VERTEX
8
CUT
10
85.3163
20
75.1585
0
VERTEX
8
CUT
10
85.5747
20
74.2545
0
VERTEX
8
CUT
10
85.5786
20
74.2404
0
VERTEX
8
CUT
10
85.5875
20
74.2073
0
VERTEX
8
CUT
10
85.5912
20
74.1931
0
VERTEX
8
CUT
10
85.5955
20
74.1757
0
VERTEX
8
CUT
10
85.5990
20
74.1615
0
VERTEX
8
CUT
10
85.6068
20
74.1281
0
VERTEX
8
CUT
10
85.6100
20
74.1138
0
VERTEX
8
CUT
10
85.6136
20
74.0974
0
VERTEX
8
CUT
10
85.6165
20
74.0830
0
VERTEX
8
CUT
10
85.6232
20
74.0494
0
VERTEX
8
CUT
10
85.6260
20
74.0350
0
VERTEX
8
CUT
10
85.6292
20
74.0174
0
VERTEX
8
CUT
10
85.6317
20
74.0030
0
VERTEX
8
CUT
10
85.6373
20
73.9692
0
VERTEX
8
CUT
10
85.6396
20
73.9547
0
VERTEX
8
CUT
10
86.0703
20
71.0664
0
VERTEX
8
CUT
10
86.0721
20
71.0542
0
VERTEX
8
CUT
10
86.0759
20
71.0256
0
VERTEX
8
CUT
10
86.0775
20
71.0134
0
VERTEX
8
CUT
10
86.0793
20
70.9984
0
VERTEX
8
CUT
10
86.0807
20
70.9862
0
VERTEX
8
CUT
10
86.0838
20
70.9575
0
VERTEX
8
CUT
10
86.0850
20
70.9452
0
VERTEX
8
CUT
10
86.0864
20
70.9311
0
VERTEX
8
CUT
10
86.0874
20
70.9188
0
VERTEX
8
CUT
10
86.0897
20
70.8900
0
VERTEX
8
CUT
10
86.0906
20
70.8777
0
VERTEX
8
CUT
10
86.0916
20
70.8627
0
VERTEX
8
CUT
10
86.0923
20
70.8503
0
VERTEX
8
CUT
10
86.0938
20
70.8216
0
VERTEX
8
CUT
10
86.0944
20
70.8092
0
VERTEX
8
CUT
10
86.2615
20
66.4397
0
VERTEX
8
CUT
10
86.2727
20
65.9466
0
VERTEX
8
CUT
10
86.2755
20
65.8225
0
VERTEX
8
CUT
10
86.2760
20
65.7993
0
VERTEX
8
CUT
10
86.2784
20
65.6966
0
VERTEX
8
CUT
10
86.2779
20
65.6895
0
VERTEX
8
CUT
10
86.1942
20
64.3825
0
VERTEX
8
CUT
10
85.7685
20
59.7184
0
VERTEX
8
CUT
10
85.3336
20
57.6192
0
VERTEX
8
CUT
10
84.7265
20
55.3645
0
VERTEX
8
CUT
10
84.6723
20
55.1635
0
VERTEX
8
CUT
10
84.5423
20
54.6806
0
VERTEX
8
CUT
10
84.1395
20
53.1848
0
VERTEX
8
CUT
10
83.3061
20
50.4032
0
VERTEX
8
CUT
10
80.7595
20
42.6223
0
VERTEX
8
CUT
10
80.6228
20
42.2045
0
VERTEX
8
CUT
10
80.6049
20
42.1497
0
VERTEX
8
CUT
10
80.6036
20
42.1458
0
VERTEX
8
CUT
10
79.6922
20
39.4742
0
VERTEX
8
CUT
10
79.6897
20
39.4665
0
VERTEX
8
CUT
10
79.6721
20
39.4127
0
VERTEX
8
CUT
10
79.6695
20
39.4043
0
VERTEX
8
CUT
10
79.6486
20
39.3369
0
VERTEX
8
CUT
10
79.6461
20
39.3287
0
VERTEX
8
CUT
10
79.6303
20
39.2753
0
VERTEX
8
CUT
10
79.6278
20
39.2665
0
VERTEX
8
CUT
10
78.4890
20
35.1698
0
VERTEX
8
CUT
10
78.4836
20
35.1491
0
VERTEX
8
CUT
10
78.4512
20
35.0142
0
VERTEX
8
CUT
10
78.4466
20
34.9933
0
VERTEX
8
CUT
10
78.4120
20
34.8227
0
VERTEX
8
CUT
10
78.4082
20
34.8017
0
VERTEX
8
CUT
10
78.3855
20
34.6649
0
VERTEX
8
CUT
10
78.3824
20
34.6437
0
VERTEX
8
CUT
10
77.8994
20
30.9140
0
VERTEX
8
CUT
10
77.8979
20
30.9018
0
VERTEX
8
CUT
10
77.8893
20
30.8226
0
VERTEX
8
CUT
10
77.8881
20
30.8104
0
VERTEX
8
CUT
10
77.8839
20
30.7626
0
VERTEX
8
CUT
10
77.8823
20
30.7382
0
VERTEX
8
CUT
10
77.8748
20
30.5790
0
VERTEX
8
CUT
10
77.8741
20
30.5545
0
VERTEX
8
CUT
10
77.8738
20
30.5066
0
VERTEX
8
CUT
10
77.8739
20
30.4944
0
VERTEX
8
CUT
10
77.8750
20
30.4147
0
VERTEX
8
CUT
10
77.8753
20
30.4024
0
VERTEX
8
CUT
10
77.9916
20
27.0534
0
VERTEX
8
CUT
10
77.9921
20
27.0426
0
VERTEX
8
CUT
10
77.9961
20
26.9671
0
VERTEX
8
CUT
10
77.9968
20
26.9558
0
VERTEX
8
CUT
10
78.0003
20
26.9063
0
VERTEX
8
CUT
10
78.0025
20
26.8825
0
VERTEX
8
CUT
10
78.0190
20
26.7345
0
VERTEX
8
CUT
10
78.0220
20
26.7117
0
VERTEX
8
CUT
10
78.0280
20
26.6723
0
VERTEX
8
CUT
10
78.0297
20
26.6616
0
VERTEX
8
CUT
10
78.0422
20
26.5878
0
VERTEX
8
CUT
10
78.0443
20
26.5759
0
VERTEX
8
CUT
10
78.1423
20
26.0607
0
VERTEX
8
CUT
10
78.1451
20
26.0468
0
VERTEX
8
CUT
10
78.1642
20
25.9575
0
VERTEX
8
CUT
10
78.1673
20
25.9438
0
VERTEX
8
CUT
10
78.1801
20
25.8904
0
VERTEX
8
CUT
10
78.1873
20
25.8633
0
VERTEX
8
CUT
10
78.2380
20
25.6879
0
VERTEX
8
CUT
10
78.2465
20
25.6611
0
VERTEX
8
CUT
10
78.2642
20
25.6092
0
VERTEX
8
CUT
10
78.2689
20
25.5959
0
VERTEX
8
CUT
10
78.3004
20
25.5102
0
VERTEX
8
CUT
10
78.3054
20
25.4971
0
VERTEX
8
CUT
10
78.8296
20
24.1667
0
VERTEX
8
CUT
10
78.8344
20
24.1550
0
VERTEX
8
CUT
10
78.8661
20
24.0793
0
VERTEX
8
CUT
10
78.8711
20
24.0677
0
VERTEX
8
CUT
10
78.8911
20
24.0227
0
VERTEX
8
CUT
10
78.9018
20
23.9998
0
VERTEX
8
CUT
10
78.9745
20
23.8528
0
VERTEX
8
CUT
10
78.9862
20
23.8304
0
VERTEX
8
CUT
10
79.0099
20
23.7871
0
VERTEX
8
CUT
10
79.0161
20
23.7761
0
VERTEX
8
CUT
10
79.0571
20
23.7051
0
VERTEX
8
CUT
10
79.0635
20
23.6942
0
VERTEX
8
CUT
10
79.2481
20
23.3888
0
VERTEX
8
CUT
10
79.2561
20
23.3759
0
VERTEX
8
CUT
10
79.3094
20
23.2926
0
VERTEX
8
CUT
10
79.3178
20
23.2799
0
VERTEX
8
CUT
10
79.3510
20
23.2306
0
VERTEX
8
CUT
10
79.3687
20
23.2059
0
VERTEX
8
CUT
10
79.4876
20
23.0480
0
VERTEX
8
CUT
10
79.5065
20
23.0241
0
VERTEX
8
CUT
10
79.5445
20
22.9786
0
VERTEX
8
CUT
10
79.5544
20
22.9670
0
VERTEX
8
CUT
10
79.6197
20
22.8927
0
VERTEX
8
CUT
10
79.6299
20
22.8814
0
VERTEX
8
CUT
10
80.3958
20
22.0537
0
VERTEX
8
CUT
10
80.4043
20
22.0447
0
VERTEX
8
CUT
10
80.4602
20
21.9867
0
VERTEX
8
CUT
10
80.4688
20
21.9779
0
VERTEX
8
CUT
10
80.5032
20
21.9438
0
VERTEX
8
CUT
10
80.5211
20
21.9267
0
VERTEX
8
CUT
10
80.6382
20
21.8194
0
VERTEX
8
CUT
10
80.6760
20
21.7875
0
VERTEX
8
CUT
10
80.8016
20
21.6902
0
VERTEX
8
CUT
10
80.8215
20
21.6755
0
VERTEX
8
CUT
10
80.8609
20
21.6474
0
VERTEX
8
CUT
10
80.8711
20
21.6404
0
VERTEX
8
CUT
10
80.9376
20
21.5951
0
VERTEX
8
CUT
10
80.9480
20
21.5882
0
VERTEX
8
CUT
10
81.7076
20
21.0943
0
VERTEX
8
CUT
10
81.7186
20
21.0873
0
VERTEX
8
CUT
10
81.7905
20
21.0428
0
VERTEX
8
CUT
10
81.8016
20
21.0360
0
VERTEX
8
CUT
10
81.8454
20
21.0102
0
VERTEX
8
CUT
10
81.8681
20
20.9975
0
VERTEX
8
CUT
10
82.0154
20
20.9190
0
VERTEX
8
CUT
10
82.0623
20
20.8965
0
VERTEX
8
CUT
10
82.2158
20
20.8311
0
VERTEX
8
CUT
10
82.2400
20
20.8214
0
VERTEX
8
CUT
10
82.2876
20
20.8035
0
VERTEX
8
CUT
10
82.2998
20
20.7990
0
VERTEX
8
CUT
10
82.3796
20
20.7710
0
VERTEX
8
CUT
10
82.3919
20
20.7668
0
VERTEX
8
CUT
10
82.6141
20
20.6941
0
VERTEX
8
CUT
10
82.6277
20
20.6899
0
VERTEX
8
CUT
10
82.7167
20
20.6631
0
VERTEX
8
CUT
10
82.7304
20
20.6591
0
VERTEX
8
CUT
10
82.7843
20
20.6443
0
VERTEX
8
CUT
10
82.8120
20
20.6374
0
VERTEX
8
CUT
10
82.9933
20
20.5967
0
VERTEX
8
CUT
10
83.0213
20
20.5911
0
VERTEX
8
CUT
10
83.0763
20
20.5814
0
VERTEX
8
CUT
10
83.0904
20
20.5791
0
VERTEX
8
CUT
10
83.1823
20
20.5653
0
VERTEX
8
CUT
10
83.1965
20
20.5634
0
VERTEX
8
CUT
10
83.8065
20
20.4864
0
VERTEX
8
CUT
10
83.8213
20
20.4847
0
VERTEX
8
CUT
10
83.9176
20
20.4750
0
VERTEX
8
CUT
10
83.9324
20
20.4736
0
VERTEX
8
CUT
10
83.9904
20
20.4692
0
VERTEX
8
CUT
10
84.0201
20
20.4677
0
VERTEX
8
CUT
10
84.2135
20
20.4626
0
VERTEX
8
CUT
10
84.2433
20
20.4626
0
VERTEX
8
CUT
10
84.3014
20
20.4640
0
VERTEX
8
CUT
10
84.3163
20
20.4645
0
VERTEX
8
CUT
10
84.4129
20
20.4691
0
VERTEX
8
CUT
10
84.4278
20
20.4700
0
VERTEX
8
CUT
10
85.2489
20
20.5301
0
VERTEX
8
CUT
10
85.2639
20
20.5314
0
VERTEX
8
CUT
10
85.3610
20
20.5409
0
VERTEX
8
CUT
10
85.3759
20
20.5426
0
VERTEX
8
CUT
10
85.4341
20
20.5498
0
VERTEX
8
CUT
10
85.4638
20
20.5542
0
VERTEX
8
CUT
10
85.6558
20
20.5878
0
VERTEX
8
CUT
10
85.6853
20
20.5937
0
VERTEX
8
CUT
10
85.7424
20
20.6066
0
VERTEX
8
CUT
10
85.7570
20
20.6102
0
VERTEX
8
CUT
10
85.8516
20
20.6341
0
VERTEX
8
CUT
10
85.8661
20
20.6380
0
VERTEX
8
CUT
10
88.1301
20
21.2722
0
VERTEX
8
CUT
10
88.1435
20
21.2762
0
VERTEX
8
CUT
10
88.2305
20
21.3027
0
VERTEX
8
CUT
10
88.2438
20
21.3070
0
VERTEX
8
CUT
10
88.2957
20
21.3242
0
VERTEX
8
CUT
10
88.3221
20
21.3336
0
VERTEX
8
CUT
10
88.4895
20
21.3978
0
VERTEX
8
CUT
10
88.5408
20
21.4203
0
VERTEX
8
CUT
10
88.7015
20
21.4999
0
VERTEX
8
CUT
10
88.7263
20
21.5129
0
VERTEX
8
CUT
10
88.7741
20
21.5394
0
VERTEX
8
CUT
10
88.7863
20
21.5463
0
VERTEX
8
CUT
10
88.8648
20
21.5923
0
VERTEX
8
CUT
10
88.8768
20
21.5995
0
VERTEX
8
CUT
10
91.7680
20
23.3841
0
VERTEX
8
CUT
10
91.7848
20
23.3949
0
VERTEX
8
CUT
10
91.8929
20
23.4667
0
VERTEX
8
CUT
10
91.9093
20
23.4780
0
VERTEX
8
CUT
10
92.0418
20
23.5726
0
VERTEX
8
CUT
10
92.0579
20
23.5844
0
VERTEX
8
CUT
10
92.1610
20
23.6632
0
VERTEX
8
CUT
10
92.1766
20
23.6756
0
VERTEX
8
CUT
10
93.8584
20
25.0528
0
VERTEX
8
CUT
10
93.8677
20
25.0606
0
VERTEX
8
CUT
10
93.9281
20
25.1122
0
VERTEX
8
CUT
10
93.9373
20
25.1202
0
VERTEX
8
CUT
10
94.0119
20
25.1865
0
VERTEX
8
CUT
10
94.0209
20
25.1947
0
VERTEX
8
CUT
10
94.0792
20
25.2486
0
VERTEX
8
CUT
10
94.0880
20
25.2570
0
VERTEX
8
CUT
10
98.6198
20
29.6303
0
VERTEX
8
CUT
10
98.6265
20
29.6369
0
VERTEX
8
CUT
10
98.6726
20
29.6828
0
VERTEX
8
CUT
10
98.6797
20
29.6900
0
VERTEX
8
CUT
10
98.7363
20
29.7482
0
VERTEX
8
CUT
10
98.7431
20
29.7553
0
VERTEX
8
CUT
10
98.7870
20
29.8021
0
VERTEX
8
CUT
10
98.7942
20
29.8098
0
VERTEX
8
CUT
10
104.9096
20
36.5493
0
VERTEX
8
CUT
10
104.9120
20
36.5519
0
VERTEX
8
CUT
10
104.9283
20
36.5701
0
VERTEX
8
CUT
10
104.9308
20
36.5729
0
VERTEX
8
CUT
10
104.9510
20
36.5957
0
VERTEX
8
CUT
10
104.9534
20
36.5984
0
VERTEX
8
CUT
10
104.9692
20
36.6165
0
VERTEX
8
CUT
10
104.9718
20
36.6195
0
VERTEX
8
CUT
10
112.4146
20
45.2430
0
VERTEX
8
CUT
10
112.4234
20
45.2531
0
VERTEX
8
CUT
10
112.4325
20
45.2636
0
VERTEX
8
CUT
10
112.4356
20
45.2670
0
VERTEX
8
CUT
10
112.4431
20
45.2755
0
VERTEX
8
CUT
10
112.4463
20
45.2791
0
VERTEX
8
CUT
10
112.4501
20
45.2833
0
VERTEX
8
CUT
10
112.4534
20
45.2869
0
VERTEX
8
CUT
10
112.4610
20
45.2954
0
VERTEX
8
CUT
10
112.4639
20
45.2985
0
VERTEX
8
CUT
10
112.4701
20
45.3053
0
VERTEX
8
CUT
10
112.4791
20
45.3149
0
VERTEX
8
CUT
10
112.4830
20
45.3191
0
VERTEX
8
CUT
10
115.5266
20
48.5518
0
VERTEX
8
CUT
10
115.5311
20
48.5565
0
VERTEX
8
CUT
10
115.5416
20
48.5674
0
VERTEX
8
CUT
10
115.5461
20
48.5721
0
VERTEX
8
CUT
10
115.5569
20
48.5832
0
VERTEX
8
CUT
10
115.5624
20
48.5889
0
VERTEX
8
CUT
10
115.5755
20
48.6022
0
VERTEX
8
CUT
10
115.5811
20
48.6078
0
VERTEX
8
CUT
10
115.5877
20
48.6143
0
VERTEX
8
CUT
10
115.5933
20
48.6200
0
VERTEX
8
CUT
10
115.6067
20
48.6330
0
VERTEX
8
CUT
10
115.6124
20
48.6386
0
VERTEX
8
CUT
10
115.6153
20
48.6414
0
VERTEX
8
CUT
10
115.6222
20
48.6479
0
VERTEX
8
CUT
10
115.6383
20
48.6630
0
VERTEX
8
CUT
10
115.6452
20
48.6695
0
VERTEX
8
CUT
10
116.2053
20
49.1856
0
VERTEX
8
CUT
10
116.2065
20
49.1866
0
VERTEX
8
CUT
10
116.2505
20
49.2245
0
VERTEX
8
CUT
10
116.2617
20
49.2344
0
VERTEX
8
CUT
10
116.3333
20
49.2994
0
VERTEX
8
CUT
10
116.3442
20
49.3096
0
VERTEX
8
CUT
10
116.4690
20
49.4286
0
VERTEX
8
CUT
10
119.5676
20
52.2837
0
VERTEX
8
CUT
10
119.8769
20
52.5478
0
VERTEX
8
CUT
10
120.0989
20
52.7374
0
VERTEX
8
CUT
10
120.1647
20
52.7937
0
VERTEX
8
CUT
10
121.5461
20
53.9732
0
VERTEX
8
CUT
10
124.0117
20
56.0052
0
VERTEX
8
CUT
10
124.0189
20
56.0112
0
VERTEX
8
CUT
10
124.0689
20
56.0537
0
VERTEX
8
CUT
10
124.0765
20
56.0604
0
VERTEX
8
CUT
10
124.1380
20
56.1145
0
VERTEX
8
CUT
10
124.1454
20
56.1211
0
VERTEX
8
CUT
10
124.1932
20
56.1646
0
VERTEX
8
CUT
10
124.2010
20
56.1719
0
VERTEX
8
CUT
10
124.9668
20
56.8940
0
VERTEX
8
CUT
10
125.7884
20
57.5956
0
VERTEX
8
CUT
10
125.8010
20
57.6067
0
VERTEX
8
CUT
10
125.8825
20
57.6803
0
VERTEX
8
CUT
10
125.8949
20
57.6918
0
VERTEX
8
CUT
10
125.9945
20
57.7871
0
VERTEX
8
CUT
10
126.0065
20
57.7989
0
VERTEX
8
CUT
10
126.0837
20
57.8770
0
VERTEX
8
CUT
10
126.0954
20
57.8892
0
VERTEX
8
CUT
10
126.6389
20
58.4710
0
VERTEX
8
CUT
10
127.3016
20
59.0959
0
VERTEX
8
CUT
10
127.3092
20
59.1032
0
VERTEX
8
CUT
10
127.3620
20
59.1548
0
VERTEX
8
CUT
10
127.3698
20
59.1625
0
VERTEX
8
CUT
10
127.4038
20
59.1970
0
VERTEX
8
CUT
10
127.4198
20
59.2139
0
VERTEX
8
CUT
10
127.5178
20
59.3212
0
VERTEX
8
CUT
10
127.5326
20
59.3381
0
VERTEX
8
CUT
10
127.5578
20
59.3678
0
VERTEX
8
CUT
10
127.5645
20
59.3759
0
VERTEX
8
CUT
10
127.6107
20
59.4324
0
VERTEX
8
CUT
10
127.6181
20
59.4417
0
VERTEX
8
CUT
10
127.9964
20
59.9240
0
VERTEX
8
CUT
10
128.4538
20
60.4136
0
VERTEX
8
CUT
10
128.4679
20
60.4292
0
VERTEX
8
CUT
10
128.5577
20
60.5324
0
VERTEX
8
CUT
10
128.5713
20
60.5485
0
VERTEX
8
CUT
10
128.6794
20
60.6819
0
VERTEX
8
CUT
10
128.6923
20
60.6985
0
VERTEX
8
CUT
10
128.7747
20
60.8077
0
VERTEX
8
CUT
10
128.7871
20
60.8247
0
VERTEX
8
CUT
10
129.3672
20
61.6529
0
VERTEX
8
CUT
10
129.3759
20
61.6657
0
VERTEX
8
CUT
10
129.4313
20
61.7493
0
VERTEX
8
CUT
10
129.4397
20
61.7623
0
VERTEX
8
CUT
10
129.4717
20
61.8134
0
VERTEX
8
CUT
10
129.4874
20
61.8400
0
VERTEX
8
CUT
10
129.5032
20
61.8683
0
VERTEX
8
CUT
10
129.5645
20
61.9640
0
VERTEX
8
CUT
10
129.5793
20
61.9883
0
VERTEX
8
CUT
10
129.6071
20
62.0365
0
VERTEX
8
CUT
10
129.6140
20
62.0489
0
VERTEX
8
CUT
10
129.6583
20
62.1303
0
VERTEX
8
CUT
10
129.6650
20
62.1428
0
VERTEX
8
CUT
10
130.0293
20
62.8510
0
VERTEX
8
CUT
10
130.0387
20
62.8701
0
VERTEX
8
CUT
10
130.0974
20
62.9949
0
VERTEX
8
CUT
10
130.1061
20
63.0142
0
VERTEX
8
CUT
10
130.1742
20
63.1733
0
VERTEX
8
CUT
10
130.1822
20
63.1930
0
VERTEX
8
CUT
10
130.2319
20
63.3216
0
VERTEX
8
CUT
10
130.2392
20
63.3416
0
VERTEX
8
CUT
10
130.4751
20
64.0223
0
VERTEX
8
CUT
10
130.4807
20
64.0393
0
VERTEX
8
CUT
10
130.5154
20
64.1500
0
VERTEX
8
CUT
10
130.5205
20
64.1671
0
VERTEX
8
CUT
10
130.5394
20
64.2342
0
VERTEX
8
CUT
10
130.5480
20
64.2689
0
VERTEX
8
CUT
10
130.5623
20
64.3346
0
VERTEX
8
CUT
10
130.5668
20
64.3503
0
VERTEX
8
CUT
10
130.6050
20
64.5108
0
VERTEX
8
CUT
10
130.6104
20
64.5359
0
VERTEX
8
CUT
10
130.6199
20
64.5853
0
VERTEX
8
CUT
10
130.6222
20
64.5980
0
VERTEX
8
CUT
10
130.6363
20
64.6804
0
VERTEX
8
CUT
10
130.6383
20
64.6931
0
VERTEX
8
CUT
10
130.7753
20
65.6131
0
VERTEX
8
CUT
10
130.7772
20
65.6275
0
VERTEX
8
CUT
10
130.7889
20
65.7213
0
VERTEX
8
CUT
10
130.7905
20
65.7357
0
VERTEX
8
CUT
10
130.7961
20
65.7922
0
VERTEX
8
CUT
10
130.7983
20
65.8212
0
VERTEX
8
CUT
10
130.8078
20
66.0072
0
VERTEX
8
CUT
10
130.8079
20
66.0654
0
VERTEX
8
CUT
10
130.7994
20
66.2489
0
VERTEX
8
CUT
10
130.7940
20
66.3068
0
VERTEX
8
CUT
10
130.7678
20
66.4886
0
VERTEX
8
CUT
10
130.7567
20
66.5457
0
VERTEX
8
CUT
10
130.7131
20
66.7242
0
VERTEX
8
CUT
10
130.6965
20
66.7799
0
VERTEX
8
CUT
10
130.6358
20
66.9533
0
VERTEX
8
CUT
10
130.6140
20
67.0072
0
VERTEX
8
CUT
10
130.5368
20
67.1739
0
VERTEX
8
CUT
10
130.5098
20
67.2254
0
VERTEX
8
CUT
10
130.4169
20
67.3839
0
VERTEX
8
CUT
10
130.3851
20
67.4325
0
VERTEX
8
CUT
10
130.2772
20
67.5813
0
VERTEX
8
CUT
10
130.2408
20
67.6266
0
VERTEX
8
CUT
10
130.1191
20
67.7642
0
VERTEX
8
CUT
10
130.0785
20
67.8059
0
VERTEX
8
CUT
10
129.9440
20
67.9310
0
VERTEX
8
CUT
10
129.8996
20
67.9685
0
VERTEX
8
CUT
10
129.7536
20
68.0801
0
VERTEX
8
CUT
10
129.7058
20
68.1131
0
VERTEX
8
CUT
10
129.5497
20
68.2101
0
VERTEX
8
CUT
10
129.4989
20
68.2383
0
VERTEX
8
CUT
10
129.3318
20
68.3208
0
VERTEX
8
CUT
10
129.3055
20
68.3330
0
VERTEX
8
CUT
10
129.2534
20
68.3557
0
VERTEX
8
CUT
10
129.2400
20
68.3613
0
VERTEX
8
CUT
10
129.1525
20
68.3969
0
VERTEX
8
CUT
10
129.1390
20
68.4022
0
VERTEX
8
CUT
10
129.0735
20
68.4270
0
VERTEX
8
CUT
10
120.5816
20
71.6420
0
VERTEX
8
CUT
10
120.5769
20
71.6438
0
VERTEX
8
CUT
10
120.5659
20
71.6481
0
VERTEX
8
CUT
10
120.5612
20
71.6499
0
VERTEX
8
CUT
10
120.5500
20
71.6543
0
VERTEX
8
CUT
10
120.5443
20
71.6566
0
VERTEX
8
CUT
10
120.5308
20
71.6619
0
VERTEX
8
CUT
10
120.5251
20
71.6642
0
VERTEX
8
CUT
10
120.5185
20
71.6669
0
VERTEX
8
CUT
10
120.5127
20
71.6693
0
VERTEX
8
CUT
10
120.4993
20
71.6749
0
VERTEX
8
CUT
10
120.4943
20
71.6769
0
VERTEX
8
CUT
10
120.4836
20
71.6815
0
VERTEX
8
CUT
10
120.4682
20
71.6882
0
VERTEX
8
CUT
10
120.4615
20
71.6911
0
VERTEX
8
CUT
10
116.2134
20
73.5731
0
VERTEX
8
CUT
10
116.2085
20
73.5752
0
VERTEX
8
CUT
10
116.1973
20
73.5803
0
VERTEX
8
CUT
10
116.1925
20
73.5825
0
VERTEX
8
CUT
10
116.1811
20
73.5877
0
VERTEX
8
CUT
10
116.1752
20
73.5904
0
VERTEX
8
CUT
10
116.1616
20
73.5967
0
VERTEX
8
CUT
10
116.1557
20
73.5995
0
VERTEX
8
CUT
10
116.1490
20
73.6027
0
VERTEX
8
CUT
10
116.1431
20
73.6055
0
VERTEX
8
CUT
10
116.1295
20
73.6121
0
VERTEX
8
CUT
10
116.1244
20
73.6146
0
VERTEX
8
CUT
10
116.1134
20
73.6200
0
VERTEX
8
CUT
10
116.0978
20
73.6278
0
VERTEX
8
CUT
10
116.0910
20
73.6313
0
VERTEX
8
CUT
10
112.1448
20
75.6586
0
VERTEX
8
CUT
10
112.1392
20
75.6615
0
VERTEX
8
CUT
10
112.1261
20
75.6684
0
VERTEX
8
CUT
10
112.1205
20
75.6713
0
VERTEX
8
CUT
10
112.1072
20
75.6784
0
VERTEX
8
CUT
10
112.1004
20
75.6821
0
VERTEX
8
CUT
10
112.0844
20
75.6907
0
VERTEX
8
CUT
10
112.0776
20
75.6944
0
VERTEX
8
CUT
10
112.0698
20
75.6988
0
VERTEX
8
CUT
10
112.0630
20
75.7026
0
VERTEX
8
CUT
10
112.0472
20
75.7115
0
VERTEX
8
CUT
10
112.0404
20
75.7154
0
VERTEX
8
CUT
10
112.0370
20
75.7174
0
VERTEX
8
CUT
10
112.0291
20
75.7220
0
VERTEX
8
CUT
10
112.0106
20
75.7329
0
VERTEX
8
CUT
10
112.0027
20
75.7376
0
VERTEX
8
CUT
10
108.4495
20
77.8852
0
VERTEX
8
CUT
10
108.4433
20
77.8890
0
VERTEX
8
CUT
10
108.4288
20
77.8979
0
VERTEX
8
CUT
10
108.4227
20
77.9017
0
VERTEX
8
CUT
10
108.4080
20
77.9109
0
VERTEX
8
CUT
10
108.4005
20
77.9157
0
VERTEX
8
CUT
10
108.3830
20
77.9269
0
VERTEX
8
CUT
10
108.3755
20
77.9317
0
VERTEX
8
CUT
10
108.3669
20
77.9374
0
VERTEX
8
CUT
10
108.3594
20
77.9423
0
VERTEX
8
CUT
10
108.3421
20
77.9539
0
VERTEX
8
CUT
10
108.3347
20
77.9589
0
VERTEX
8
CUT
10
108.3309
20
77.9615
0
VERTEX
8
CUT
10
108.3222
20
77.9675
0
VERTEX
8
CUT
10
108.3020
20
77.9817
0
VERTEX
8
CUT
10
108.2934
20
77.9878
0
VERTEX
8
CUT
10
105.0734
20
80.3012
0
VERTEX
8
CUT
10
105.0677
20
80.3053
0
VERTEX
8
CUT
10
105.0544
20
80.3150
0
VERTEX
8
CUT
10
105.0487
20
80.3192
0
VERTEX
8
CUT
10
105.0353
20
80.3292
0
VERTEX
8
CUT
10
105.0284
20
80.3343
0
VERTEX
8
CUT
10
105.0124
20
80.3465
0
VERTEX
8
CUT
10
105.0055
20
80.3517
0
VERTEX
8
CUT
10
104.9976
20
80.3578
0
VERTEX
8
CUT
10
104.9908
20
80.3631
0
VERTEX
8
CUT
10
104.9749
20
80.3756
0
VERTEX
8
CUT
10
104.9682
20
80.3810
0
VERTEX
8
CUT
10
104.9647
20
80.3838
0
VERTEX
8
CUT
10
104.9568
20
80.3903
0
VERTEX
8
CUT
10
104.9384
20
80.4054
0
VERTEX
8
CUT
10
104.9305
20
80.4120
0
VERTEX
8
CUT
10
102.0631
20
82.8262
0
VERTEX
8
CUT
10
102.0558
20
82.8325
0
VERTEX
8
CUT
10
102.0387
20
82.8471
0
VERTEX
8
CUT
10
102.0315
20
82.8535
0
VERTEX
8
CUT
10
102.0228
20
82.8611
0
VERTEX
8
CUT
10
102.0156
20
82.8675
0
VERTEX
8
CUT
10
101.9991
20
82.8824
0
VERTEX
8
CUT
10
101.9920
20
82.8888
0
VERTEX
8
CUT
10
101.9838
20
82.8962
0
VERTEX
8
CUT
10
101.9768
20
82.9028
0
VERTEX
8
CUT
10
101.9605
20
82.9180
0
VERTEX
8
CUT
10
101.9536
20
82.9246
0
VERTEX
8
CUT
10
101.9451
20
82.9327
0
VERTEX
8
CUT
10
101.9382
20
82.9394
0
VERTEX
8
CUT
10
101.9223
20
82.9550
0
VERTEX
8
CUT
10
101.9155
20
82.9617
0
VERTEX
8
CUT
10
99.4317
20
85.4437
0
VERTEX
8
CUT
10
99.4230
20
85.4525
0
VERTEX
8
CUT
10
99.4027
20
85.4733
0
VERTEX
8
CUT
10
99.3941
20
85.4822
0
VERTEX
8
CUT
10
99.3837
20
85.4932
0
VERTEX
8
CUT
10
99.3752
20
85.5023
0
VERTEX
8
CUT
10
99.3556
20
85.5236
0
VERTEX
8
CUT
10
99.3473
20
85.5328
0
VERTEX
8
CUT
10
99.3377
20
85.5434
0
VERTEX
8
CUT
10
99.3295
20
85.5527
0
VERTEX
8
CUT
10
99.3105
20
85.5746
0
VERTEX
8
CUT
10
99.3024
20
85.5840
0
VERTEX
8
CUT
10
99.2926
20
85.5956
0
VERTEX
8
CUT
10
99.2846
20
85.6051
0
VERTEX
8
CUT
10
99.2662
20
85.6274
0
VERTEX
8
CUT
10
99.2584
20
85.6371
0
VERTEX
8
CUT
10
97.1676
20
88.2470
0
VERTEX
8
CUT
10
97.1615
20
88.2547
0
VERTEX
8
CUT
10
97.1474
20
88.2728
0
VERTEX
8
CUT
10
97.1414
20
88.2806
0
VERTEX
8
CUT
10
97.1341
20
88.2901
0
VERTEX
8
CUT
10
97.1281
20
88.2979
0
VERTEX
8
CUT
10
97.1144
20
88.3163
0
VERTEX
8
CUT
10
97.1085
20
88.3242
0
VERTEX
8
CUT
10
97.1019
20
88.3333
0
VERTEX
8
CUT
10
97.0961
20
88.3413
0
VERTEX
8
CUT
10
97.0828
20
88.3599
0
VERTEX
8
CUT
10
97.0771
20
88.3679
0
VERTEX
8
CUT
10
97.0702
20
88.3778
0
VERTEX
8
CUT
10
97.0646
20
88.3859
0
VERTEX
8
CUT
10
97.0517
20
88.4048
0
VERTEX
8
CUT
10
97.0462
20
88.4129
0
VERTEX
8
CUT
10
95.5763
20
90.6177
0
VERTEX
8
CUT
10
95.5711
20
90.6255
0
VERTEX
8
CUT
10
95.5592
20
90.6437
0
VERTEX
8
CUT
10
95.5541
20
90.6516
0
VERTEX
8
CUT
10
95.5480
20
90.6612
0
VERTEX
8
CUT
10
95.5430
20
90.6691
0
VERTEX
8
CUT
10
95.5315
20
90.6876
0
VERTEX
8
CUT
10
95.5266
20
90.6956
0
VERTEX
8
CUT
10
95.5210
20
90.7047
0
VERTEX
8
CUT
10
95.5162
20
90.7128
0
VERTEX
8
CUT
10
95.5051
20
90.7315
0
VERTEX
8
CUT
10
95.5004
20
90.7395
0
VERTEX
8
CUT
10
95.4946
20
90.7494
0
VERTEX
8
CUT
10
95.4900
20
90.7575
0
VERTEX
8
CUT
10
95.4792
20
90.7765
0
VERTEX
8
CUT
10
95.4747
20
90.7846
0
VERTEX
8
CUT
10
94.1280
20
93.2207
0
VERTEX
8
CUT
10
94.1229
20
93.2300
0
VERTEX
8
CUT
10
94.1112
20
93.2518
0
VERTEX
8
CUT
10
94.1062
20
93.2611
0
VERTEX
8
CUT
10
94.1002
20
93.2726
0
VERTEX
8
CUT
10
94.0954
20
93.2820
0
VERTEX
8
CUT
10
94.0842
20
93.3040
0
VERTEX
8
CUT
10
94.0795
20
93.3135
0
VERTEX
8
CUT
10
94.0741
20
93.3245
0
VERTEX
8
CUT
10
94.0694
20
93.3340
0
VERTEX
8
CUT
10
94.0588
20
93.3563
0
VERTEX
8
CUT
10
94.0543
20
93.3659
0
VERTEX
8
CUT
10
94.0488
20
93.3776
0
VERTEX
8
CUT
10
94.0444
20
93.3872
0
VERTEX
8
CUT
10
94.0343
20
93.4098
0
VERTEX
8
CUT
10
94.0300
20
93.4195
0
VERTEX
8
CUT
10
91.6935
20
98.7828
0
VERTEX
8
CUT
10
91.6880
20
98.7958
0
VERTEX
8
CUT
10
91.6753
20
98.8261
0
VERTEX
8
CUT
10
91.6700
20
98.8392
0
VERTEX
8
CUT
10
91.6636
20
98.8552
0
VERTEX
8
CUT
10
91.6585
20
98.8684
0
VERTEX
8
CUT
10
91.6467
20
98.8991
0
VERTEX
8
CUT
10
91.6418
20
98.9124
0
VERTEX
8
CUT
10
91.6363
20
98.9276
0
VERTEX
8
CUT
10
91.6316
20
98.9409
0
VERTEX
8
CUT
10
91.6208
20
98.9720
0
VERTEX
8
CUT
10
91.6163
20
98.9854
0
VERTEX
8
CUT
10
91.6110
20
99.0017
0
VERTEX
8
CUT
10
91.6067
20
99.0152
0
VERTEX
8
CUT
10
91.5969
20
99.0466
0
VERTEX
8
CUT
10
91.5928
20
99.0601
0
VERTEX
8
CUT
10
90.0218
20
104.4147
0
VERTEX
8
CUT
10
90.0182
20
104.4273
0
VERTEX
8
CUT
10
90.0101
20
104.4565
0
VERTEX
8
CUT
10
90.0067
20
104.4691
0
VERTEX
8
CUT
10
90.0026
20
104.4845
0
VERTEX
8
CUT
10
89.9994
20
104.4971
0
VERTEX
8
CUT
10
89.9921
20
104.5266
0
VERTEX
8
CUT
10
89.9891
20
104.5392
0
VERTEX
8
CUT
10
89.9857
20
104.5538
0
VERTEX
8
CUT
10
89.9829
20
104.5665
0
VERTEX
8
CUT
10
89.9765
20
104.5962
0
VERTEX
8
CUT
10
89.9738
20
104.6089
0
VERTEX
8
CUT
10
89.9707
20
104.6245
0
VERTEX
8
CUT
10
89.9682
20
104.6373
0
VERTEX
8
CUT
10
89.9626
20
104.6671
0
VERTEX
8
CUT
10
89.9603
20
104.6799
0
VERTEX
8
CUT
10
89.7046
20
106.1724
0
VERTEX
8
CUT
10
89.5601
20
107.0158
0
VERTEX
8
CUT
10
89.5575
20
107.0300
0
VERTEX
8
CUT
10
89.5394
20
107.1223
0
VERTEX
8
CUT
10
89.5364
20
107.1365
0
VERTEX
8
CUT
10
89.5242
20
107.1917
0
VERTEX
8
CUT
10
89.5173
20
107.2198
0
VERTEX
8
CUT
10
89.4685
20
107.3988
0
VERTEX
8
CUT
10
89.4506
20
107.4539
0
VERTEX
8
CUT
10
89.3856
20
107.6250
0
VERTEX
8
CUT
10
89.3625
20
107.6780
0
VERTEX
8
CUT
10
89.2814
20
107.8421
0
VERTEX
8
CUT
10
89.2532
20
107.8927
0
VERTEX
8
CUT
10
89.1567
20
108.0482
0
VERTEX
8
CUT
10
89.1238
20
108.0958
0
VERTEX
8
CUT
10
89.0127
20
108.2413
0
VERTEX
8
CUT
10
88.9754
20
108.2855
0
VERTEX
8
CUT
10
88.8508
20
108.4196
0
VERTEX
8
CUT
10
88.8094
20
108.4600
0
VERTEX
8
CUT
10
88.6725
20
108.5815
0
VERTEX
8
CUT
10
88.6274
20
108.6177
0
VERTEX
8
CUT
10
88.4794
20
108.7254
0
VERTEX
8
CUT
10
88.4310
20
108.7572
0
VERTEX
8
CUT
10
88.2733
20
108.8501
0
VERTEX
8
CUT
10
88.2220
20
108.8770
0
VERTEX
8
CUT
10
88.0561
20
108.9543
0
VERTEX
8
CUT
10
88.0025
20
108.9762
0
VERTEX
8
CUT
10
87.8300
20
109.0371
0
VERTEX
8
CUT
10
87.7745
20
109.0537
0
VERTEX
8
CUT
10
87.5969
20
109.0978
0
VERTEX
8
CUT
10
87.5401
20
109.1090
0
VERTEX
8
CUT
10
87.3590
20
109.1356
0
VERTEX
8
CUT
10
87.3014
20
109.1413
0
VERTEX
8
CUT
10
87.1186
20
109.1504
0
VERTEX
8
CUT
10
87.0607
20
109.1505
0
VERTEX
8
CUT
10
86.8779
20
109.1420
0
VERTEX
8
CUT
10
86.8203
20
109.1365
0
VERTEX
8
CUT
10
86.6391
20
109.1104
0
VERTEX
8
CUT
10
86.5823
20
109.0994
0
VERTEX
8
CUT
10
86.4045
20
109.0559
0
VERTEX
8
CUT
10
86.3490
20
109.0395
0
VERTEX
8
CUT
10
86.1762
20
108.9791
0
VERTEX
8
CUT
10
86.1226
20
108.9574
0
VERTEX
8
CUT
10
85.9564
20
108.8807
0
VERTEX
8
CUT
10
85.9051
20
108.8539
0
VERTEX
8
CUT
10
85.7471
20
108.7615
0
VERTEX
8
CUT
10
85.6986
20
108.7299
0
VERTEX
8
CUT
10
85.5503
20
108.6227
0
VERTEX
8
CUT
10
85.5051
20
108.5866
0
VERTEX
8
CUT
10
85.3677
20
108.4656
0
VERTEX
8
CUT
10
85.3262
20
108.4252
0
VERTEX
8
CUT
10
85.1995
20
108.2897
0
VERTEX
8
CUT
10
85.1802
20
108.2681
0
VERTEX
8
CUT
10
85.1436
20
108.2250
0
VERTEX
8
CUT
10
85.1344
20
108.2139
0
VERTEX
8
CUT
10
85.0772
20
108.1431
0
VERTEX
8
CUT
10
85.0640
20
108.1271
0
VERTEX
8
CUT
10
85.0044
20
108.0568
0
VERTEX
8
CUT
10
84.9451
20
107.9933
0
VERTEX
8
CUT
10
84.9042
20
107.9535
0
VERTEX
8
CUT
10
84.8396
20
107.8964
0
VERTEX
8
CUT
10
84.7948
20
107.8605
0
VERTEX
8
CUT
10
84.7249
20
107.8098
0
VERTEX
8
CUT
10
84.6769
20
107.7784
0
VERTEX
8
CUT
10
84.6026
20
107.7346
0
VERTEX
8
CUT
10
84.5517
20
107.7079
0
VERTEX
8
CUT
10
84.4736
20
107.6715
0
VERTEX
8
CUT
10
84.4204
20
107.6498
0
VERTEX
8
CUT
10
84.3391
20
107.6210
0
VERTEX
8
CUT
10
84.2841
20
107.6045
0
VERTEX
8
CUT
10
84.2004
20
107.5836
0
VERTEX
8
CUT
10
84.1229
20
107.5682
0
VERTEX
8
CUT
10
84.0804
20
107.5608
0
VERTEX
8
CUT
10
84.0022
20
107.5492
0
VERTEX
8
CUT
10
83.9751
20
107.5445
0
VERTEX
8
CUT
10
83.8058
20
107.5112
0
VERTEX
8
CUT
10
83.7532
20
107.4984
0
VERTEX
8
CUT
10
83.5890
20
107.4504
0
VERTEX
8
CUT
10
83.5379
20
107.4329
0
VERTEX
8
CUT
10
83.3787
20
107.3704
0
VERTEX
8
CUT
10
83.3293
20
107.3484
0
VERTEX
8
CUT
10
83.1743
20
107.2707
0
VERTEX
8
CUT
10
83.1504
20
107.2580
0
VERTEX
8
CUT
10
83.1043
20
107.2322
0
VERTEX
8
CUT
10
83.0925
20
107.2255
0
VERTEX
8
CUT
10
83.0647
20
107.2091
0
VERTEX
8
CUT
10
83.0247
20
107.1869
0
VERTEX
8
CUT
10
82.9504
20
107.1481
0
VERTEX
8
CUT
10
82.8672
20
107.1099
0
VERTEX
8
CUT
10
82.8106
20
107.0873
0
VERTEX
8
CUT
10
82.7240
20
107.0578
0
VERTEX
8
CUT
10
82.6654
20
107.0410
0
VERTEX
8
CUT
10
82.5762
20
107.0205
0
VERTEX
8
CUT
10
82.5162
20
107.0098
0
VERTEX
8
CUT
10
82.4254
20
106.9984
0
VERTEX
8
CUT
10
82.3646
20
106.9938
0
VERTEX
8
CUT
10
82.2731
20
106.9917
0
VERTEX
8
CUT
10
82.2122
20
106.9934
0
VERTEX
8
CUT
10
82.1210
20
107.0005
0
VERTEX
8
CUT
10
82.0605
20
107.0084
0
VERTEX
8
CUT
10
81.9705
20
107.0248
0
VERTEX
8
CUT
10
81.8878
20
107.0442
0
VERTEX
8
CUT
10
81.8498
20
107.0540
0
VERTEX
8
CUT
10
81.8420
20
107.0563
0
VERTEX
8
CUT
10
81.8319
20
107.0590
0
VERTEX
8
CUT
10
81.7787
20
107.0730
0
VERTEX
8
CUT
10
81.7498
20
107.0798
0
VERTEX
8
CUT
10
81.5634
20
107.1191
0
VERTEX
8
CUT
10
81.5047
20
107.1284
0
VERTEX
8
CUT
10
81.3179
20
107.1488
0
VERTEX
8
CUT
10
81.2586
20
107.1523
0
VERTEX
8
CUT
10
81.0707
20
107.1540
0
VERTEX
8
CUT
10
81.0114
20
107.1517
0
VERTEX
8
CUT
10
80.8242
20
107.1348
0
VERTEX
8
CUT
10
80.7654
20
107.1266
0
VERTEX
8
CUT
10
80.5809
20
107.0913
0
VERTEX
8
CUT
10
80.5231
20
107.0773
0
VERTEX
8
CUT
10
80.3430
20
107.0240
0
VERTEX
8
CUT
10
80.2869
20
107.0043
0
VERTEX
8
CUT
10
80.1129
20
106.9334
0
VERTEX
8
CUT
10
80.0591
20
106.9083
0
VERTEX
8
CUT
10
79.8906
20
106.8193
0
VERTEX
8
CUT
10
79.8647
20
106.8048
0
VERTEX
8
CUT
10
79.8148
20
106.7751
0
VERTEX
8
CUT
10
79.8021
20
106.7674
0
VERTEX
8
CUT
10
79.7678
20
106.7459
0
VERTEX
8
CUT
10
79.7266
20
106.7215
0
VERTEX
8
CUT
10
79.6500
20
106.6790
0
VERTEX
8
CUT
10
79.5641
20
106.6370
0
VERTEX
8
CUT
10
79.5054
20
106.6122
0
VERTEX
8
CUT
10
79.4155
20
106.5796
0
VERTEX
8
CUT
10
79.3545
20
106.5611
0
VERTEX
8
CUT
10
79.2617
20
106.5382
0
VERTEX
8
CUT
10
79.1991
20
106.5263
0
VERTEX
8
CUT
10
79.1043
20
106.5135
0
VERTEX
8
CUT
10
79.0170
20
106.5063
0
VERTEX
8
CUT
10
78.9692
20
106.5037
0
VERTEX
8
CUT
10
77.4022
20
106.4589
0
VERTEX
8
CUT
10
77.3870
20
106.4583
0
VERTEX
8
CUT
10
77.2887
20
106.4530
0
VERTEX
8
CUT
10
77.2736
20
106.4520
0
VERTEX
8
CUT
10
77.2147
20
106.4474
0
VERTEX
8
CUT
10
77.1845
20
106.4442
0
VERTEX
8
CUT
10
76.9921
20
106.4191
0
VERTEX
8
CUT
10
76.9325
20
106.4083
0
VERTEX
8
CUT
10
76.7461
20
106.3646
0
VERTEX
8
CUT
10
76.6879
20
106.3478
0
VERTEX
8
CUT
10
76.5069
20
106.2855
0
VERTEX
8
CUT
10
76.4507
20
106.2629
0
VERTEX
8
CUT
10
76.2769
20
106.1827
0
VERTEX
8
CUT
10
76.2233
20
106.1545
0
VERTEX
8
CUT
10
76.0584
20
106.0572
0
VERTEX
8
CUT
10
76.0079
20
106.0238
0
VERTEX
8
CUT
10
75.8537
20
105.9103
0
VERTEX
8
CUT
10
75.8068
20
105.8720
0
VERTEX
8
CUT
10
75.6648
20
105.7436
0
VERTEX
8
CUT
10
75.6220
20
105.7008
0
VERTEX
8
CUT
10
75.4937
20
105.5587
0
VERTEX
8
CUT
10
75.4554
20
105.5117
0
VERTEX
8
CUT
10
75.3421
20
105.3574
0
VERTEX
8
CUT
10
75.3088
20
105.3069
0
VERTEX
8
CUT
10
75.2116
20
105.1419
0
VERTEX
8
CUT
10
75.1835
20
105.0883
0
VERTEX
8
CUT
10
75.1023
20
104.9120
0
VERTEX
8
CUT
10
75.0904
20
104.8841
0
VERTEX
8
CUT
10
75.0684
20
104.8293
0
VERTEX
8
CUT
10
75.0629
20
104.8151
0
VERTEX
8
CUT
10
75.0273
20
104.7193
0
VERTEX
8
CUT
10
75.0133
20
104.6838
0
VERTEX
8
CUT
10
74.9861
20
104.6193
0
VERTEX
8
CUT
10
74.9535
20
104.5502
0
VERTEX
8
CUT
10
74.9299
20
104.5051
0
VERTEX
8
CUT
10
74.8916
20
104.4390
0
VERTEX
8
CUT
10
74.8539
20
104.3800
0
VERTEX
8
CUT
10
74.8327
20
104.3483
0
VERTEX
8
CUT
10
74.8321
20
104.3474
0
VERTEX
8
CUT
10
74.8280
20
104.3416
0
VERTEX
8
CUT
10
74.7725
20
104.2631
0
VERTEX
8
CUT
10
74.7586
20
104.2424
0
VERTEX
8
CUT
10
74.6716
20
104.1079
0
VERTEX
8
CUT
10
74.6463
20
104.0648
0
VERTEX
8
CUT
10
74.5707
20
103.9233
0
VERTEX
8
CUT
10
74.5594
20
103.9010
0
VERTEX
8
CUT
10
74.5382
20
103.8569
0
VERTEX
8
CUT
10
74.5329
20
103.8456
0
VERTEX
8
CUT
10
74.4992
20
103.7716
0
VERTEX
8
CUT
10
74.4941
20
103.7602
0
VERTEX
8
CUT
10
74.0934
20
102.8304
0
VERTEX
8
CUT
10
74.0753
20
102.7909
0
VERTEX
8
CUT
10
74.0403
20
102.7194
0
VERTEX
8
CUT
10
73.9984
20
102.6433
0
VERTEX
8
CUT
10
73.9681
20
102.5941
0
VERTEX
8
CUT
10
73.9190
20
102.5224
0
VERTEX
8
CUT
10
73.8841
20
102.4763
0
VERTEX
8
CUT
10
73.8283
20
102.4096
0
VERTEX
8
CUT
10
73.7891
20
102.3671
0
VERTEX
8
CUT
10
73.7272
20
102.3062
0
VERTEX
8
CUT
10
73.6841
20
102.2676
0
VERTEX
8
CUT
10
73.6166
20
102.2129
0
VERTEX
8
CUT
10
73.5700
20
102.1787
0
VERTEX
8
CUT
10
73.4975
20
102.1308
0
VERTEX
8
CUT
10
73.4478
20
102.1013
0
VERTEX
8
CUT
10
73.3710
20
102.0605
0
VERTEX
8
CUT
10
73.3187
20
102.0359
0
VERTEX
8
CUT
10
73.2384
20
102.0028
0
VERTEX
8
CUT
10
73.1839
20
101.9833
0
VERTEX
8
CUT
10
73.1008
20
101.9581
0
VERTEX
8
CUT
10
73.0236
20
101.9387
0
VERTEX
8
CUT
10
72.9812
20
101.9291
0
VERTEX
8
CUT
10
71.5280
20
101.6374
0
VERTEX
8
CUT
10
71.5177
20
101.6352
0
VERTEX
8
CUT
10
71.4456
20
101.6194
0
VERTEX
8
CUT
10
71.4349
20
101.6170
0
VERTEX
8
CUT
10
71.4244
20
101.6145
0
VERTEX
8
CUT
10
71.3725
20
101.6060
0
VERTEX
8
CUT
10
71.1898
20
101.5670
0
VERTEX
8
CUT
10
71.1615
20
101.5602
0
VERTEX
8
CUT
10
71.1065
20
101.5456
0
VERTEX
8
CUT
10
71.0924
20
101.5417
0
VERTEX
8
CUT
10
71.0015
20
101.5152
0
VERTEX
8
CUT
10
70.9875
20
101.5109
0
VERTEX
8
CUT
10
70.2481
20
101.2759
0
VERTEX
8
CUT
10
70.2281
20
101.2692
0
VERTEX
8
CUT
10
70.0986
20
101.2229
0
VERTEX
8
CUT
10
70.0788
20
101.2155
0
VERTEX
8
CUT
10
69.9185
20
101.1518
0
VERTEX
8
CUT
10
69.8990
20
101.1436
0
VERTEX
8
CUT
10
69.7731
20
101.0884
0
VERTEX
8
CUT
10
69.7539
20
101.0795
0
VERTEX
8
CUT
10
69.3433
20
100.8818
0
VERTEX
8
CUT
10
69.2427
20
100.8411
0
VERTEX
8
CUT
10
69.2226
20
100.8326
0
VERTEX
8
CUT
10
69.0599
20
100.7598
0
VERTEX
8
CUT
10
69.0401
20
100.7505
0
VERTEX
8
CUT
10
68.9126
20
100.6878
0
VERTEX
8
CUT
10
68.8931
20
100.6777
0
VERTEX
8
CUT
10
68.6671
20
100.5561
0
VERTEX
8
CUT
10
67.8334
20
100.1547
0
VERTEX
8
CUT
10
67.8236
20
100.1498
0
VERTEX
8
CUT
10
67.7552
20
100.1153
0
VERTEX
8
CUT
10
67.7447
20
100.1099
0
VERTEX
8
CUT
10
67.6603
20
100.0652
0
VERTEX
8
CUT
10
67.6502
20
100.0597
0
VERTEX
8
CUT
10
67.5842
20
100.0231
0
VERTEX
8
CUT
10
67.5734
20
100.0170
0
VERTEX
8
CUT
10
66.4415
20
99.3588
0
VERTEX
8
CUT
10
65.7212
20
98.9713
0
VERTEX
8
CUT
10
65.7032
20
98.9612
0
VERTEX
8
CUT
10
65.5876
20
98.8938
0
VERTEX
8
CUT
10
65.5700
20
98.8831
0
VERTEX
8
CUT
10
65.4279
20
98.7936
0
VERTEX
8
CUT
10
65.4107
20
98.7824
0
VERTEX
8
CUT
10
65.3000
20
98.7072
0
VERTEX
8
CUT
10
65.2831
20
98.6953
0
VERTEX
8
CUT
10
63.6423
20
97.4967
0
VERTEX
8
CUT
10
63.6288
20
97.4866
0
VERTEX
8
CUT
10
63.5743
20
97.4443
0
VERTEX
8
CUT
10
63.5571
20
97.4312
0
VERTEX
8
CUT
10
63.5440
20
97.4209
0
VERTEX
8
CUT
10
63.5428
20
97.4199
0
VERTEX
8
CUT
10
63.5420
20
97.4193
0
VERTEX
8
CUT
10
63.5288
20
97.4088
0
VERTEX
8
CUT
10
63.5145
20
97.3970
0
VERTEX
8
CUT
10
63.4383
20
97.3355
0
VERTEX
8
CUT
10
63.4255
20
97.3248
0
VERTEX
8
CUT
10
63.3432
20
97.2544
0
VERTEX
8
CUT
10
63.3307
20
97.2434
0
VERTEX
8
CUT
10
55.2855
20
89.9638
0
VERTEX
8
CUT
10
53.6898
20
88.6937
0
VERTEX
8
CUT
10
51.6761
20
87.3288
0
VERTEX
8
CUT
10
49.9393
20
86.3625
0
VERTEX
8
CUT
10
46.8663
20
84.9498
0
VERTEX
8
CUT
10
46.8553
20
84.9449
0
VERTEX
8
CUT
10
46.8297
20
84.9335
0
VERTEX
8
CUT
10
46.8186
20
84.9287
0
VERTEX
8
CUT
10
46.8051
20
84.9229
0
VERTEX
8
CUT
10
46.7941
20
84.9182
0
VERTEX
8
CUT
10
46.7681
20
84.9075
0
VERTEX
8
CUT
10
46.7570
20
84.9030
0
VERTEX
8
CUT
10
46.7441
20
84.8979
0
VERTEX
8
CUT
10
46.7329
20
84.8936
0
VERTEX
8
CUT
10
46.7154
20
84.8869
0
VERTEX
8
CUT
10
46.6996
20
84.8815
0
VERTEX
8
CUT
10
46.6896
20
84.8782
0
VERTEX
8
CUT
10
38.3095
20
82.1285
0
VERTEX
8
CUT
10
38.3026
20
82.1262
0
VERTEX
8
CUT
10
38.2548
20
82.1099
0
VERTEX
8
CUT
10
38.2475
20
82.1073
0
VERTEX
8
CUT
10
38.1881
20
82.0862
0
VERTEX
8
CUT
10
38.1809
20
82.0836
0
VERTEX
8
CUT
10
38.1342
20
82.0663
0
VERTEX
8
CUT
10
38.1265
20
82.0634
0
VERTEX
8
CUT
10
36.8825
20
81.5830
0
VERTEX
8
CUT
10
35.8803
20
81.2465
0
VERTEX
8
CUT
10
35.8678
20
81.2422
0
VERTEX
8
CUT
10
35.7873
20
81.2132
0
VERTEX
8
CUT
10
35.7750
20
81.2086
0
VERTEX
8
CUT
10
35.6747
20
81.1699
0
VERTEX
8
CUT
10
35.6625
20
81.1651
0
VERTEX
8
CUT
10
35.5834
20
81.1325
0
VERTEX
8
CUT
10
35.5712
20
81.1274
0
VERTEX
8
CUT
10
34.5706
20
80.6904
0
VERTEX
8
CUT
10
33.6753
20
80.3447
0
VERTEX
8
CUT
10
33.6612
20
80.3391
0
VERTEX
8
CUT
10
33.5703
20
80.3013
0
VERTEX
8
CUT
10
33.5564
20
80.2953
0
VERTEX
8
CUT
10
33.4434
20
80.2450
0
VERTEX
8
CUT
10
33.4297
20
80.2387
0
VERTEX
8
CUT
10
33.3407
20
80.1964
0
VERTEX
8
CUT
10
33.3271
20
80.1897
0
VERTEX
8
CUT
10
32.7287
20
79.8860
0
VERTEX
8
CUT
10
31.7909
20
79.4765
0
VERTEX
8
CUT
10
31.7730
20
79.4683
0
VERTEX
8
CUT
10
31.6575
20
79.4134
0
VERTEX
8
CUT
10
31.6399
20
79.4046
0
VERTEX
8
CUT
10
31.4974
20
79.3309
0
VERTEX
8
CUT
10
31.4801
20
79.3216
0
VERTEX
8
CUT
10
31.3685
20
79.2592
0
VERTEX
8
CUT
10
31.3515
20
79.2493
0
VERTEX
8
CUT
10
30.7069
20
78.8603
0
VERTEX
8
CUT
10
30.0516
20
78.5278
0
VERTEX
8
CUT
10
30.0422
20
78.5229
0
VERTEX
8
CUT
10
29.9767
20
78.4883
0
VERTEX
8
CUT
10
29.9670
20
78.4830
0
VERTEX
8
CUT
10
29.9246
20
78.4595
0
VERTEX
8
CUT
10
29.9043
20
78.4478
0
VERTEX
8
CUT
10
29.7796
20
78.3723
0
VERTEX
8
CUT
10
29.7606
20
78.3602
0
VERTEX
8
CUT
10
29.7280
20
78.3388
0
VERTEX
8
CUT
10
29.7192
20
78.3329
0
VERTEX
8
CUT
10
29.6588
20
78.2916
0
VERTEX
8
CUT
10
29.6490
20
78.2848
0
VERTEX
8
CUT
10
29.0773
20
77.8770
0
VERTEX
8
CUT
10
28.4119
20
77.4755
0
VERTEX
8
CUT
10
28.3968
20
77.4661
0
VERTEX
8
CUT
10
28.2996
20
77.4034
0
VERTEX
8
CUT
10
28.2848
20
77.3936
0
VERTEX
8
CUT
10
28.1652
20
77.3113
0
VERTEX
8
CUT
10
28.1507
20
77.3010
0
VERTEX
8
CUT
10
28.0574
20
77.2327
0
VERTEX
8
CUT
10
28.0432
20
77.2220
0
VERTEX
8
CUT
10
26.8938
20
76.3271
0
VERTEX
8
CUT
10
26.8820
20
76.3177
0
VERTEX
8
CUT
10
26.8059
20
76.2552
0
VERTEX
8
CUT
10
26.7943
20
76.2455
0
VERTEX
8
CUT
10
26.7007
20
76.1647
0
VERTEX
8
CUT
10
26.6894
20
76.1547
0
VERTEX
8
CUT
10
26.6165
20
76.0885
0
VERTEX
8
CUT
10
26.6054
20
76.0782
0
VERTEX
8
CUT
10
24.4920
20
74.0591
0
VERTEX
8
CUT
10
24.4830
20
74.0504
0
VERTEX
8
CUT
10
24.4252
20
73.9928
0
VERTEX
8
CUT
10
24.4164
20
73.9839
0
VERTEX
8
CUT
10
24.3824
20
73.9485
0
VERTEX
8
CUT
10
24.3653
20
73.9301
0
VERTEX
8
CUT
10
24.2573
20
73.8080
0
VERTEX
8
CUT
10
24.2533
20
73.8033
0
VERTEX
8
CUT
10
24.2340
20
73.7814
0
VERTEX
8
CUT
10
24.2177
20
73.7622
0
VERTEX
8
CUT
10
24.1866
20
73.7239
0
VERTEX
8
CUT
10
24.1788
20
73.7141
0
VERTEX
8
CUT
10
24.1285
20
73.6494
0
VERTEX
8
CUT
10
24.1209
20
73.6394
0
VERTEX
8
CUT
10
22.7910
20
71.8525
0
VERTEX
8
CUT
10
22.7788
20
71.8356
0
VERTEX
8
CUT
10
22.7018
20
71.7242
0
VERTEX
8
CUT
10
22.6902
20
71.7068
0
VERTEX
8
CUT
10
22.6785
20
71.6885
0
VERTEX
8
CUT
10
22.5984
20
71.5641
0
VERTEX
8
CUT
10
22.5875
20
71.5464
0
VERTEX
8
CUT
10
22.5184
20
71.4304
0
VERTEX
8
CUT
10
22.5081
20
71.4124
0
VERTEX
8
CUT
10
22.1418
20
70.7456
0
VERTEX
8
CUT
10
22.1357
20
70.7342
0
VERTEX
8
CUT
10
22.1018
20
70.6693
0
VERTEX
8
CUT
10
22.0897
20
70.6471
0
VERTEX
8
CUT
10
22.0821
20
70.6329
0
VERTEX
8
CUT
10
22.0345
20
70.5400
0
VERTEX
8
CUT
10
22.0273
20
70.5257
0
VERTEX
8
CUT
10
21.9707
20
70.4075
0
VERTEX
8
CUT
10
21.9639
20
70.3930
0
VERTEX
8
CUT
10
21.9213
20
70.2977
0
VERTEX
8
CUT
10
21.9150
20
70.2830
0
VERTEX
8
CUT
10
21.6156
20
69.5623
0
VERTEX
8
CUT
10
21.6106
20
69.5500
0
VERTEX
8
CUT
10
21.5792
20
69.4695
0
VERTEX
8
CUT
10
21.5746
20
69.4571
0
VERTEX
8
CUT
10
21.5568
20
69.4083
0
VERTEX
8
CUT
10
21.5482
20
69.3831
0
VERTEX
8
CUT
10
21.4963
20
69.2184
0
VERTEX
8
CUT
10
21.4889
20
69.1929
0
VERTEX
8
CUT
10
21.4755
20
69.1427
0
VERTEX
8
CUT
10
21.4722
20
69.1299
0
VERTEX
8
CUT
10
21.4518
20
69.0459
0
VERTEX
8
CUT
10
21.4488
20
69.0330
0
VERTEX
8
CUT
10
21.3477
20
68.5733
0
VERTEX
8
CUT
10
21.2762
20
68.3648
0
VERTEX
8
CUT
10
21.2726
20
68.3541
0
VERTEX
8
CUT
10
21.2485
20
68.2794
0
VERTEX
8
CUT
10
21.2451
20
68.2682
0
VERTEX
8
CUT
10
21.2302
20
68.2190
0
VERTEX
8
CUT
10
21.2236
20
68.1951
0
VERTEX
8
CUT
10
21.1852
20
68.0453
0
VERTEX
8
CUT
10
21.1797
20
68.0220
0
VERTEX
8
CUT
10
21.1710
20
67.9816
0
VERTEX
8
CUT
10
21.1688
20
67.9706
0
VERTEX
8
CUT
10
21.1539
20
67.8943
0
VERTEX
8
CUT
10
21.1517
20
67.8820
0
VERTEX
8
CUT
10
21.0149
20
67.0924
0
VERTEX
8
CUT
10
21.0131
20
67.0812
0
VERTEX
8
CUT
10
21.0012
20
67.0035
0
VERTEX
8
CUT
10
20.9995
20
66.9919
0
VERTEX
8
CUT
10
20.9927
20
66.9408
0
VERTEX
8
CUT
10
20.9899
20
66.9161
0
VERTEX
8
CUT
10
20.9757
20
66.7618
0
VERTEX
8
CUT
10
20.9740
20
66.7380
0
VERTEX
8
CUT
10
20.9718
20
66.6965
0
VERTEX
8
CUT
10
20.9714
20
66.6853
0
VERTEX
8
CUT
10
20.9688
20
66.6076
0
VERTEX
8
CUT
10
20.9685
20
66.5949
0
VERTEX
8
CUT
10
20.9489
20
64.9480
0
VERTEX
8
CUT
10
20.9489
20
64.9373
0
VERTEX
8
CUT
10
20.9493
20
64.8586
0
VERTEX
8
CUT
10
20.9495
20
64.8467
0
VERTEX
8
CUT
10
20.9506
20
64.8029
0
VERTEX
8
CUT
10
20.9516
20
64.7803
0
VERTEX
8
CUT
10
20.9609
20
64.6339
0
VERTEX
8
CUT
10
20.9628
20
64.6114
0
VERTEX
8
CUT
10
20.9667
20
64.5725
0
VERTEX
8
CUT
10
20.9679
20
64.5619
0
VERTEX
8
CUT
10
20.9766
20
64.4890
0
VERTEX
8
CUT
10
20.9781
20
64.4772
0
VERTEX
8
CUT
10
21.0272
20
64.1256
0
VERTEX
8
CUT
10
21.0299
20
64.0884
0
VERTEX
8
CUT
10
21.0332
20
64.0553
0
VERTEX
8
CUT
10
21.0607
20
63.8407
0
VERTEX
8
CUT
10
21.0659
20
63.8078
0
VERTEX
8
CUT
10
21.0777
20
63.7439
0
VERTEX
8
CUT
10
21.0809
20
63.7276
0
VERTEX
8
CUT
10
21.0860
20
63.7041
0
VERTEX
8
CUT
10
21.1110
20
63.5245
0
VERTEX
8
CUT
10
21.1133
20
63.5093
0
VERTEX
8
CUT
10
21.1295
20
63.4115
0
SEQEND
0
POLYLINE
8
CUT
66
1
70
1
10
0.0
20
0.0
30
0.0
0
VERTEX
8
CUT
10
77.8735
20
154.4031
0
VERTEX
8
CUT
10
77.9044
20
154.3541
0
VERTEX
8
CUT
10
78.0093
20
154.2040
0
VERTEX
8
CUT
10
78.0447
20
154.1583
0
VERTEX
8
CUT
10
78.1636
20
154.0191
0
VERTEX
8
CUT
10
78.2033
20
153.9769
0
VERTEX
8
CUT
10
78.3350
20
153.8498
0
VERTEX
8
CUT
10
78.3786
20
153.8116
0
VERTEX
8
CUT
10
78.5220
20
153.6978
0
VERTEX
8
CUT
10
78.5690
20
153.6641
0
VERTEX
8
CUT
10
78.7227
20
153.5646
0
VERTEX
8
CUT
10
78.7728
20
153.5355
0
VERTEX
8
CUT
10
78.9353
20
153.4514
0
VERTEX
8
CUT
10
78.9880
20
153.4272
0
VERTEX
8
CUT
10
79.1579
20
153.3591
0
VERTEX
8
CUT
10
79.2126
20
153.3402
0
VERTEX
8
CUT
10
79.3883
20
153.2888
0
VERTEX
8
CUT
10
79.4446
20
153.2752
0
VERTEX
8
CUT
10
79.6244
20
153.2410
0
VERTEX
8
CUT
10
79.6818
20
153.2329
0
VERTEX
8
CUT
10
79.8666
20
153.2159
0
VERTEX
8
CUT
10
79.8955
20
153.2140
0
VERTEX
8
CUT
10
79.9520
20
153.2115
0
VERTEX
8
CUT
10
79.9664
20
153.2110
0
VERTEX
8
CUT
10
80.0605
20
153.2092
0
VERTEX
8
CUT
10
80.0750
20
153.2091
0
VERTEX
8
CUT
10
80.4904
20
153.2112
0
VERTEX
8
CUT
10
81.1842
20
153.1616
0
VERTEX
8
CUT
10
81.1978
20
153.1608
0
VERTEX
8
CUT
10
81.2863
20
153.1565
0
VERTEX
8
CUT
10
81.2999
20
153.1560
0
VERTEX
8
CUT
10
81.4111
20
153.1531
0
VERTEX
8
CUT
10
81.4247
20
153.1529
0
VERTEX
8
CUT
10
81.5133
20
153.1526
0
VERTEX
8
CUT
10
81.5269
20
153.1527
0
VERTEX
8
CUT
10
85.8634
20
153.2374
0
VERTEX
8
CUT
10
90.3979
20
153.2596
0
VERTEX
8
CUT
10
90.4058
20
153.2597
0
VERTEX
8
CUT
10
90.4609
20
153.2607
0
VERTEX
8
CUT
10
90.4693
20
153.2609
0
VERTEX
8
CUT
10
90.5379
20
153.2631
0
VERTEX
8
CUT
10
90.5462
20
153.2634
0
VERTEX
8
CUT
10
90.6004
20
153.2659
0
VERTEX
8
CUT
10
90.6093
20
153.2664
0
VERTEX
8
CUT
10
92.1479
20
153.3602
0
VERTEX
8
CUT
10
92.4726
20
153.3665
0
VERTEX
8
CUT
10
92.4833
20
153.3668
0
VERTEX
8
CUT
10
92.5578
20
153.3696
0
VERTEX
8
CUT
10
92.5689
20
153.3701
0
VERTEX
8
CUT
10
92.6178
20
153.3729
0
VERTEX
8
CUT
10
92.6413
20
153.3746
0
VERTEX
8
CUT
10
92.7876
20
153.3886
0
VERTEX
8
CUT
10
92.8101
20
153.3912
0
VERTEX
8
CUT
10
92.8491
20
153.3964
0
VERTEX
8
CUT
10
92.8597
20
153.3979
0
VERTEX
8
CUT
10
92.9219
20
153.4074
0
VERTEX
8
CUT
10
92.9839
20
153.4111
0
VERTEX
8
CUT
10
92.9960
20
153.4120
0
VERTEX
8
CUT
10
93.0741
20
153.4184
0
VERTEX
8
CUT
10
93.0862
20
153.4195
0
VERTEX
8
CUT
10
93.1331
20
153.4242
0
VERTEX
8
CUT
10
93.1570
20
153.4271
0
VERTEX
8
CUT
10
93.3123
20
153.4492
0
VERTEX
8
CUT
10
93.3361
20
153.4531
0
VERTEX
8
CUT
10
93.3825
20
153.4616
0
VERTEX
8
CUT
10
93.3943
20
153.4639
0
VERTEX
8
CUT
10
93.4712
20
153.4796
0
VERTEX
8
CUT
10
93.4830
20
153.4822
0
VERTEX
8
CUT
10
93.5656
20
153.5008
0
VERTEX
8
CUT
10
93.5798
20
153.5042
0
VERTEX
8
CUT
10
93.6720
20
153.5274
0
VERTEX
8
CUT
10
93.6862
20
153.5311
0
VERTEX
8
CUT
10
93.7412
20
153.5464
0
VERTEX
8
CUT
10
93.7692
20
153.5549
0
VERTEX
8
CUT
10
93.9471
20
153.6137
0
VERTEX
8
CUT
10
94.0017
20
153.6347
0
VERTEX
8
CUT
10
94.1707
20
153.7096
0
VERTEX
8
CUT
10
94.2229
20
153.7358
0
VERTEX
8
CUT
10
94.3839
20
153.8268
0
VERTEX
8
CUT
10
94.4333
20
153.8580
0
VERTEX
8
CUT
10
94.5847
20
153.9641
0
VERTEX
8
CUT
10
94.6308
20
154.0000
0
VERTEX
8
CUT
10
94.7711
20
154.1204
0
VERTEX
8
CUT
10
94.8136
20
154.1606
0
VERTEX
8
CUT
10
94.9415
20
154.2941
0
VERTEX
8
CUT
10
94.9798
20
154.3382
0
VERTEX
8
CUT
10
95.0941
20
154.4835
0
VERTEX
8
CUT
10
95.1280
20
154.5312
0
VERTEX
8
CUT
10
95.2276
20
154.6869
0
VERTEX
8
CUT
10
95.2566
20
154.7376
0
VERTEX
8
CUT
10
95.3406
20
154.9023
0
VERTEX
8
CUT
10
95.3646
20
154.9556
0
VERTEX
8
CUT
10
95.4321
20
155.1277
0
VERTEX
8
CUT
10
95.4508
20
155.1831
0
VERTEX
8
CUT
10
95.5013
20
155.3610
0
VERTEX
8
CUT
10
95.5145
20
155.4179
0
VERTEX
8
CUT
10
95.5474
20
155.5998
0
VERTEX
8
CUT
10
95.5550
20
155.6578
0
VERTEX
8
CUT
10
95.5701
20
155.8420
0
VERTEX
8
CUT
10
95.5720
20
155.9005
0
VERTEX
8
CUT
10
95.5691
20
156.0853
0
VERTEX
8
CUT
10
95.5653
20
156.1437
0
VERTEX
8
CUT
10
95.5444
20
156.3273
0
VERTEX
8
CUT
10
95.5350
20
156.3850
0
VERTEX
8
CUT
10
95.4963
20
156.5658
0
VERTEX
8
CUT
10
95.4813
20
156.6223
0
VERTEX
8
CUT
10
95.4252
20
156.7984
0
VERTEX
8
CUT
10
95.4047
20
156.8532
0
VERTEX
8
CUT
10
95.3317
20
157.0231
0
VERTEX
8
CUT
10
95.3061
20
157.0756
0
VERTEX
8
CUT
10
95.3043
20
157.0788
0
VERTEX
8
CUT
10
95.2952
20
157.0973
0
VERTEX
8
CUT
10
95.2028
20
157.2636
0
VERTEX
8
CUT
10
95.1710
20
157.3147
0
VERTEX
8
CUT
10
95.0608
20
157.4731
0
VERTEX
8
CUT
10
95.0430
20
157.4974
0
VERTEX
8
CUT
10
95.0071
20
157.5439
0
VERTEX
8
CUT
10
94.9978
20
157.5557
0
VERTEX
8
CUT
10
94.9360
20
157.6316
0
VERTEX
8
CUT
10
94.9264
20
157.6432
0
VERTEX
8
CUT
10
94.6787
20
157.9326
0
VERTEX
8
CUT
10
94.6358
20
157.9838
0
VERTEX
8
CUT
10
94.6249
20
157.9964
0
VERTEX
8
CUT
10
94.6020
20
158.0221
0
VERTEX
8
CUT
10
94.5946
20
158.0306
0
VERTEX
8
CUT
10
94.5908
20
158.0348
0
VERTEX
8
CUT
10
94.5527
20
158.0777
0
VERTEX
8
CUT
10
94.5414
20
158.0900
0
VERTEX
8
CUT
10
94.5251
20
158.1074
0
VERTEX
8
CUT
10
94.5225
20
158.1102
0
VERTEX
8
CUT
10
94.5113
20
158.1223
0
VERTEX
8
CUT
10
94.4992
20
158.1349
0
VERTEX
8
CUT
10
94.4968
20
158.1376
0
VERTEX
8
CUT
10
94.4956
20
158.1387
0
VERTEX
8
CUT
10
94.4667
20
158.1689
0
VERTEX
8
CUT
10
94.4433
20
158.1922
0
VERTEX
8
CUT
10
94.2888
20
158.3369
0
VERTEX
8
CUT
10
94.2382
20
158.3793
0
VERTEX
8
CUT
10
94.0687
20
158.5062
0
VERTEX
8
CUT
10
94.0417
20
158.5253
0
VERTEX
8
CUT
10
93.9881
20
158.5610
0
VERTEX
8
CUT
10
93.9742
20
158.5700
0
VERTEX
8
CUT
10
93.8833
20
158.6270
0
VERTEX
8
CUT
10
93.8691
20
158.6356
0
VERTEX
8
CUT
10
93.6357
20
158.7731
0
VERTEX
8
CUT
10
93.6216
20
158.7812
0
VERTEX
8
CUT
10
93.5290
20
158.8324
0
VERTEX
8
CUT
10
93.5146
20
158.8401
0
VERTEX
8
CUT
10
93.4582
20
158.8694
0
VERTEX
8
CUT
10
93.4289
20
158.8836
0
VERTEX
8
CUT
10
93.2387
20
158.9694
0
VERTEX
8
CUT
10
93.1780
20
158.9930
0
VERTEX
8
CUT
10
92.9823
20
159.0568
0
VERTEX
8
CUT
10
92.9194
20
159.0736
0
VERTEX
8
CUT
10
92.7152
20
159.1164
0
VERTEX
8
CUT
10
92.6832
20
159.1222
0
VERTEX
8
CUT
10
92.6203
20
159.1319
0
VERTEX
8
CUT
10
92.6042
20
159.1342
0
VERTEX
8
CUT
10
92.4992
20
159.1474
0
VERTEX
8
CUT
10
92.4830
20
159.1492
0
VERTEX
8
CUT
10
92.4747
20
159.1500
0
VERTEX
8
CUT
10
91.1841
20
159.2772
0
VERTEX
8
CUT
10
91.1391
20
159.2827
0
VERTEX
8
CUT
10
91.0568
20
159.2951
0
VERTEX
8
CUT
10
90.9678
20
159.3130
0
VERTEX
8
CUT
10
90.9093
20
159.3279
0
VERTEX
8
CUT
10
90.8226
20
159.3548
0
VERTEX
8
CUT
10
90.7658
20
159.3755
0
VERTEX
8
CUT
10
90.6822
20
159.4110
0
VERTEX
8
CUT
10
90.6279
20
159.4373
0
VERTEX
8
CUT
10
90.5483
20
159.4810
0
VERTEX
8
CUT
10
90.4968
20
159.5127
0
VERTEX
8
CUT
10
90.4221
20
159.5642
0
VERTEX
8
CUT
10
90.3560
20
159.6147
0
VERTEX
8
CUT
10
90.3207
20
159.6432
0
VERTEX
8
CUT
10
89.5764
20
160.2748
0
VERTEX
8
CUT
10
89.5414
20
160.3062
0
VERTEX
8
CUT
10
89.4788
20
160.3652
0
VERTEX
8
CUT
10
89.4139
20
160.4331
0
VERTEX
8
CUT
10
89.3742
20
160.4793
0
VERTEX
8
CUT
10
89.3613
20
160.4958
0
VERTEX
8
CUT
10
89.3289
20
160.5377
0
VERTEX
8
CUT
10
89.3274
20
160.5396
0
VERTEX
8
CUT
10
89.3272
20
160.5399
0
VERTEX
8
CUT
10
89.3271
20
160.5400
0
VERTEX
8
CUT
10
89.2940
20
160.5873
0
VERTEX
8
CUT
10
89.2447
20
160.6663
0
VERTEX
8
CUT
10
89.2145
20
160.7206
0
VERTEX
8
CUT
10
89.1736
20
160.8043
0
VERTEX
8
CUT
10
89.1401
20
160.8828
0
VERTEX
8
CUT
10
89.1229
20
160.9262
0
VERTEX
8
CUT
10
88.9244
20
161.4678
0
VERTEX
8
CUT
10
88.9210
20
161.4772
0
VERTEX
8
CUT
10
88.9159
20
161.4917
0
VERTEX
8
CUT
10
88.9077
20
161.5158
0
VERTEX
8
CUT
10
88.8972
20
161.5483
0
VERTEX
8
CUT
10
88.8884
20
161.5774
0
VERTEX
8
CUT
10
88.8872
20
161.5815
0
VERTEX
8
CUT
10
88.8741
20
161.6332
0
VERTEX
8
CUT
10
88.8583
20
161.7041
0
VERTEX
8
CUT
10
88.8459
20
161.7720
0
VERTEX
8
CUT
10
88.8390
20
161.8203
0
VERTEX
8
CUT
10
88.8342
20
161.8605
0
VERTEX
8
CUT
10
88.8329
20
161.8735
0
VERTEX
8
CUT
10
88.8320
20
161.8834
0
VERTEX
8
CUT
10
88.6984
20
163.4272
0
VERTEX
8
CUT
10
88.6971
20
163.4408
0
VERTEX
8
CUT
10
88.6874
20
163.5288
0
VERTEX
8
CUT
10
88.6858
20
163.5423
0
VERTEX
8
CUT
10
88.6788
20
163.5951
0
VERTEX
8
CUT
10
88.6746
20
163.6220
0
VERTEX
8
CUT
10
88.6438
20
163.7939
0
VERTEX
8
CUT
10
88.6318
20
163.8471
0
VERTEX
8
CUT
10
88.5862
20
164.0132
0
VERTEX
8
CUT
10
88.5694
20
164.0651
0
VERTEX
8
CUT
10
88.5081
20
164.2286
0
VERTEX
8
CUT
10
88.4979
20
164.2539
0
VERTEX
8
CUT
10
88.4936
20
164.2640
0
VERTEX
8
CUT
10
88.4818
20
164.2898
0
VERTEX
8
CUT
10
88.4017
20
164.4551
0
VERTEX
8
CUT
10
88.3887
20
164.4803
0
VERTEX
8
CUT
10
88.3801
20
164.4961
0
VERTEX
8
CUT
10
88.3655
20
164.5215
0
VERTEX
8
CUT
10
88.2677
20
164.6820
0
VERTEX
8
CUT
10
88.2347
20
164.7305
0
VERTEX
8
CUT
10
88.1233
20
164.8786
0
VERTEX
8
CUT
10
88.0858
20
164.9236
0
VERTEX
8
CUT
10
87.9604
20
165.0602
0
VERTEX
8
CUT
10
87.9187
20
165.1013
0
VERTEX
8
CUT
10
87.7806
20
165.2250
0
VERTEX
8
CUT
10
87.7351
20
165.2619
0
VERTEX
8
CUT
10
87.5856
20
165.3714
0
VERTEX
8
CUT
10
87.5366
20
165.4037
0
VERTEX
8
CUT
10
87.3772
20
165.4982
0
VERTEX
8
CUT
10
87.3253
20
165.5255
0
VERTEX
8
CUT
10
87.1574
20
165.6040
0
VERTEX
8
CUT
10
87.1031
20
165.6261
0
VERTEX
8
CUT
10
86.9283
20
165.6878
0
VERTEX
8
CUT
10
86.8722
20
165.7046
0
VERTEX
8
CUT
10
86.6922
20
165.7489
0
VERTEX
8
CUT
10
86.6346
20
165.7601
0
VERTEX
8
CUT
10
86.4512
20
165.7866
0
VERTEX
8
CUT
10
86.3929
20
165.7922
0
VERTEX
8
CUT
10
86.2077
20
165.8007
0
VERTEX
8
CUT
10
86.1491
20
165.8005
0
VERTEX
8
CUT
10
85.9640
20
165.7909
0
VERTEX
8
CUT
10
85.9057
20
165.7850
0
VERTEX
8
CUT
10
85.7224
20
165.7574
0
VERTEX
8
CUT
10
85.6649
20
165.7458
0
VERTEX
8
CUT
10
85.4852
20
165.7005
0
VERTEX
8
CUT
10
85.4291
20
165.6833
0
VERTEX
8
CUT
10
85.2547
20
165.6207
0
VERTEX
8
CUT
10
85.2006
20
165.5981
0
VERTEX
8
CUT
10
85.0331
20
165.5187
0
VERTEX
8
CUT
10
84.9814
20
165.4910
0
VERTEX
8
CUT
10
84.8225
20
165.3957
0
VERTEX
8
CUT
10
84.7738
20
165.3631
0
VERTEX
8
CUT
10
84.6249
20
165.2526
0
VERTEX
8
CUT
10
84.5796
20
165.2154
0
VERTEX
8
CUT
10
84.4404
20
165.0893
0
VERTEX
8
CUT
10
84.4191
20
165.0691
0
VERTEX
8
CUT
10
84.3786
20
165.0286
0
VERTEX
8
CUT
10
84.3684
20
165.0181
0
VERTEX
8
CUT
10
84.3026
20
164.9491
0
VERTEX
8
CUT
10
84.2926
20
164.9384
0
VERTEX
8
CUT
10
83.3575
20
163.9080
0
VERTEX
8
CUT
10
83.3489
20
163.8983
0
VERTEX
8
CUT
10
83.2937
20
163.8347
0
VERTEX
8
CUT
10
83.2853
20
163.8249
0
VERTEX
8
CUT
10
83.2529
20
163.7859
0
VERTEX
8
CUT
10
83.2367
20
163.7656
0
VERTEX
8
CUT
10
83.1361
20
163.6333
0
VERTEX
8
CUT
10
83.1065
20
163.5908
0
VERTEX
8
CUT
10
83.0188
20
163.4522
0
VERTEX
8
CUT
10
82.9930
20
163.4072
0
VERTEX
8
CUT
10
82.9166
20
163.2596
0
VERTEX
8
CUT
10
82.9052
20
163.2363
0
VERTEX
8
CUT
10
82.8838
20
163.1903
0
VERTEX
8
CUT
10
82.8785
20
163.1785
0
VERTEX
8
CUT
10
82.8447
20
163.1013
0
VERTEX
8
CUT
10
82.8396
20
163.0894
0
VERTEX
8
CUT
10
81.7093
20
160.3490
0
VERTEX
8
CUT
10
81.6903
20
160.3060
0
VERTEX
8
CUT
10
81.6533
20
160.2282
0
VERTEX
8
CUT
10
81.6086
20
160.1455
0
VERTEX
8
CUT
10
81.5760
20
160.0921
0
VERTEX
8
CUT
10
81.5229
20
160.0145
0
VERTEX
8
CUT
10
81.4849
20
159.9647
0
VERTEX
8
CUT
10
81.4240
20
159.8931
0
VERTEX
8
CUT
10
81.3810
20
159.8476
0
VERTEX
8
CUT
10
81.3130
20
159.7828
0
VERTEX
8
CUT
10
81.2476
20
159.7267
0
VERTEX
8
CUT
10
81.2111
20
159.6970
0
VERTEX
8
CUT
10
80.6958
20
159.2995
0
VERTEX
8
CUT
10
80.6865
20
159.2925
0
VERTEX
8
CUT
10
80.6740
20
159.2831
0
VERTEX
8
CUT
10
80.6362
20
159.2562
0
VERTEX
8
CUT
10
80.5720
20
159.2130
0
VERTEX
8
CUT
10
80.5433
20
159.1945
0
VERTEX
8
CUT
10
80.5139
20
159.1771
0
VERTEX
8
CUT
10
80.4466
20
159.1389
0
VERTEX
8
CUT
10
80.4056
20
159.1171
0
VERTEX
8
CUT
10
80.3916
20
159.1101
0
VERTEX
8
CUT
10
80.3812
20
159.1050
0
VERTEX
8
CUT
10
79.4694
20
158.6637
0
VERTEX
8
CUT
10
79.3998
20
158.6300
0
VERTEX
8
CUT
10
79.3880
20
158.6242
0
VERTEX
8
CUT
10
79.3118
20
158.5852
0
VERTEX
8
CUT
10
79.3002
20
158.5791
0
VERTEX
8
CUT
10
79.2548
20
158.5546
0
VERTEX
8
CUT
10
79.2319
20
158.5416
0
VERTEX
8
CUT
10
79.0870
20
158.4550
0
VERTEX
8
CUT
10
79.0430
20
158.4260
0
VERTEX
8
CUT
10
78.9080
20
158.3283
0
VERTEX
8
CUT
10
78.8667
20
158.2956
0
VERTEX
8
CUT
10
78.7391
20
158.1850
0
VERTEX
8
CUT
10
78.7196
20
158.1673
0
VERTEX
8
CUT
10
78.6822
20
158.1319
0
VERTEX
8
CUT
10
78.6727
20
158.1227
0
VERTEX
8
CUT
10
78.6119
20
158.0625
0
VERTEX
8
CUT
10
78.6026
20
158.0531
0
VERTEX
8
CUT
10
78.4403
20
157.8853
0
VERTEX
8
CUT
10
78.4294
20
157.8737
0
VERTEX
8
CUT
10
78.3598
20
157.7978
0
VERTEX
8
CUT
10
78.3492
20
157.7860
0
VERTEX
8
CUT
10
78.3086
20
157.7393
0
VERTEX
8
CUT
10
78.2884
20
157.7148
0
VERTEX
8
CUT
10
78.1634
20
157.5548
0
VERTEX
8
CUT
10
78.1271
20
157.5028
0
VERTEX
8
CUT
10
78.0196
20
157.3304
0
VERTEX
8
CUT
10
78.0036
20
157.3031
0
VERTEX
8
CUT
10
78.0020
20
157.3002
0
VERTEX
8
CUT
10
77.9223
20
157.1872
0
VERTEX
8
CUT
10
77.8899
20
157.1362
0
VERTEX
8
CUT
10
77.7948
20
156.9676
0
VERTEX
8
CUT
10
77.7806
20
156.9410
0
VERTEX
8
CUT
10
77.7542
20
156.8882
0
VERTEX
8
CUT
10
77.7476
20
156.8746
0
VERTEX
8
CUT
10
77.7163
20
156.8079
0
VERTEX
8
CUT
10
77.7042
20
156.7802
0
VERTEX
8
CUT
10
77.6763
20
156.7120
0
VERTEX
8
CUT
10
77.6707
20
156.6979
0
VERTEX
8
CUT
10
77.6498
20
156.6428
0
VERTEX
8
CUT
10
77.6398
20
156.6143
0
VERTEX
8
CUT
10
77.5803
20
156.4302
0
VERTEX
8
CUT
10
77.5646
20
156.3719
0
VERTEX
8
CUT
10
77.5245
20
156.1853
0
VERTEX
8
CUT
10
77.5147
20
156.1257
0
VERTEX
8
CUT
10
77.4935
20
155.9360
0
VERTEX
8
CUT
10
77.4899
20
155.8757
0
VERTEX
8
CUT
10
77.4878
20
155.6849
0
VERTEX
8
CUT
10
77.4902
20
155.6246
0
VERTEX
8
CUT
10
77.5074
20
155.4345
0
VERTEX
8
CUT
10
77.5158
20
155.3747
0
VERTEX
8
CUT
10
77.5520
20
155.1873
0
VERTEX
8
CUT
10
77.5664
20
155.1286
0
VERTEX
8
CUT
10
77.6213
20
154.9458
0
VERTEX
8
CUT
10
77.6415
20
154.8889
0
VERTEX
8
CUT
10
77.6582
20
154.8486
0
VERTEX
8
CUT
10
77.6625
20
154.8356
0
VERTEX
8
CUT
10
77.6834
20
154.7816
0
VERTEX
8
CUT
10
77.7576
20
154.6142
0
VERTEX
8
CUT
10
77.7835
20
154.5625
0
SEQEND
0
POLYLINE
8
CUT
66
1
70
1
10
0.0
20
0.0
30
0.0
0
VERTEX
8
CUT
10
65.2419
20
138.4770
0
VERTEX
8
CUT
10
65.2438
20
138.4653
0
VERTEX
8
CUT
10
65.6747
20
135.8613
0
VERTEX
8
CUT
10
65.6771
20
135.8478
0
VERTEX
8
CUT
10
65.6936
20
135.7605
0
VERTEX
8
CUT
10
65.6963
20
135.7471
0
VERTEX
8
CUT
10
65.7075
20
135.6948
0
VERTEX
8
CUT
10
65.7138
20
135.6682
0
VERTEX
8
CUT
10
65.7586
20
135.4962
0
VERTEX
8
CUT
10
65.7661
20
135.4699
0
VERTEX
8
CUT
10
65.7820
20
135.4188
0
VERTEX
8
CUT
10
65.7862
20
135.4058
0
VERTEX
8
CUT
10
65.8145
20
135.3215
0
VERTEX
8
CUT
10
65.8190
20
135.3086
0
VERTEX
8
CUT
10
66.8456
20
132.4651
0
VERTEX
8
CUT
10
66.8506
20
132.4515
0
VERTEX
8
CUT
10
66.8848
20
132.3636
0
VERTEX
8
CUT
10
66.8902
20
132.3502
0
VERTEX
8
CUT
10
66.9357
20
132.2410
0
VERTEX
8
CUT
10
66.9414
20
132.2277
0
VERTEX
8
CUT
10
66.9798
20
132.1416
0
VERTEX
8
CUT
10
66.9859
20
132.1284
0
VERTEX
8
CUT
10
68.6398
20
128.6436
0
VERTEX
8
CUT
10
68.6440
20
128.6350
0
VERTEX
8
CUT
10
68.6736
20
128.5752
0
VERTEX
8
CUT
10
68.6782
20
128.5660
0
VERTEX
8
CUT
10
68.7163
20
128.4921
0
VERTEX
8
CUT
10
68.7210
20
128.4832
0
VERTEX
8
CUT
10
68.7521
20
128.4254
0
VERTEX
8
CUT
10
68.7573
20
128.4159
0
VERTEX
8
CUT
10
71.8506
20
122.8990
0
VERTEX
8
CUT
10
71.8577
20
122.8866
0
VERTEX
8
CUT
10
71.9052
20
122.8065
0
VERTEX
8
CUT
10
71.9126
20
122.7943
0
VERTEX
8
CUT
10
71.9423
20
122.7469
0
VERTEX
8
CUT
10
71.9580
20
122.7230
0
VERTEX
8
CUT
10
72.0626
20
122.5722
0
VERTEX
8
CUT
10
72.0975
20
122.5267
0
VERTEX
8
CUT
10
72.2143
20
122.3885
0
VERTEX
8
CUT
10
72.2534
20
122.3466
0
VERTEX
8
CUT
10
72.3829
20
122.2202
0
VERTEX
8
CUT
10
72.4257
20
122.1822
0
VERTEX
8
CUT
10
72.5667
20
122.0686
0
VERTEX
8
CUT
10
72.6130
20
122.0349
0
VERTEX
8
CUT
10
72.7642
20
121.9353
0
VERTEX
8
CUT
10
72.8134
20
121.9061
0
VERTEX
8
CUT
10
72.9734
20
121.8214
0
VERTEX
8
CUT
10
73.0252
20
121.7971
0
VERTEX
8
CUT
10
73.1925
20
121.7280
0
VERTEX
8
CUT
10
73.2464
20
121.7087
0
VERTEX
8
CUT
10
73.4196
20
121.6559
0
VERTEX
8
CUT
10
73.4751
20
121.6418
0
VERTEX
8
CUT
10
73.6525
20
121.6057
0
VERTEX
8
CUT
10
73.7091
20
121.5970
0
VERTEX
8
CUT
10
73.8891
20
121.5780
0
VERTEX
8
CUT
10
73.9463
20
121.5747
0
VERTEX
8
CUT
10
74.1273
20
121.5730
0
VERTEX
8
CUT
10
74.1845
20
121.5751
0
VERTEX
8
CUT
10
74.3389
20
121.5884
0
VERTEX
8
CUT
10
74.3822
20
121.5911
0
VERTEX
8
CUT
10
74.4617
20
121.5941
0
VERTEX
8
CUT
10
74.5485
20
121.5931
0
VERTEX
8
CUT
10
74.6061
20
121.5897
0
VERTEX
8
CUT
10
74.6924
20
121.5804
0
VERTEX
8
CUT
10
74.7495
20
121.5715
0
VERTEX
8
CUT
10
74.8345
20
121.5539
0
VERTEX
8
CUT
10
74.8905
20
121.5395
0
VERTEX
8
CUT
10
74.9734
20
121.5139
0
VERTEX
8
CUT
10
75.0277
20
121.4942
0
VERTEX
8
CUT
10
75.1077
20
121.4606
0
VERTEX
8
CUT
10
75.1599
20
121.4358
0
VERTEX
8
CUT
10
75.2363
20
121.3947
0
VERTEX
8
CUT
10
75.2859
20
121.3649
0
VERTEX
8
CUT
10
75.3580
20
121.3166
0
VERTEX
8
CUT
10
75.4044
20
121.2822
0
VERTEX
8
CUT
10
75.4716
20
121.2272
0
VERTEX
8
CUT
10
75.5145
20
121.1885
0
VERTEX
8
CUT
10
75.5760
20
121.1273
0
VERTEX
8
CUT
10
75.6150
20
121.0846
0
VERTEX
8
CUT
10
75.6703
20
121.0178
0
VERTEX
8
CUT
10
75.7050
20
120.9716
0
VERTEX
8
CUT
10
75.7536
20
120.8997
0
VERTEX
8
CUT
10
75.7837
20
120.8504
0
VERTEX
8
CUT
10
75.8252
20
120.7741
0
VERTEX
8
CUT
10
75.8504
20
120.7221
0
VERTEX
8
CUT
10
75.8843
20
120.6423
0
VERTEX
8
CUT
10
75.9044
20
120.5881
0
VERTEX
8
CUT
10
75.9305
20
120.5053
0
VERTEX
8
CUT
10
75.9452
20
120.4494
0
VERTEX
8
CUT
10
75.9632
20
120.3645
0
VERTEX
8
CUT
10
75.9760
20
120.2860
0
VERTEX
8
CUT
10
75.9819
20
120.2430
0
VERTEX
8
CUT
10
76.0488
20
119.6525
0
VERTEX
8
CUT
10
76.0525
20
119.6110
0
VERTEX
8
CUT
10
76.0565
20
119.5520
0
VERTEX
8
CUT
10
76.0576
20
119.5347
0
VERTEX
8
CUT
10
76.0577
20
119.5299
0
VERTEX
8
CUT
10
76.0578
20
119.5237
0
VERTEX
8
CUT
10
76.0582
20
119.5055
0
VERTEX
8
CUT
10
76.0587
20
119.4798
0
VERTEX
8
CUT
10
76.0590
20
119.4631
0
VERTEX
8
CUT
10
76.0592
20
119.4535
0
VERTEX
8
CUT
10
76.0593
20
119.4512
0
VERTEX
8
CUT
10
76.0590
20
119.4397
0
VERTEX
8
CUT
10
76.0589
20
119.4371
0
VERTEX
8
CUT
10
76.0587
20
119.4308
0
VERTEX
8
CUT
10
76.0582
20
119.4108
0
VERTEX
8
CUT
10
76.0578
20
119.3957
0
VERTEX
8
CUT
10
76.0536
20
119.3374
0
VERTEX
8
CUT
10
76.0517
20
119.3125
0
VERTEX
8
CUT
10
76.0465
20
119.2683
0
VERTEX
8
CUT
10
76.0459
20
119.2635
0
VERTEX
8
CUT
10
76.0451
20
119.2573
0
VERTEX
8
CUT
10
76.0425
20
119.2412
0
VERTEX
8
CUT
10
76.0407
20
119.2307
0
VERTEX
8
CUT
10
76.0398
20
119.2254
0
VERTEX
8
CUT
10
76.0344
20
119.1928
0
VERTEX
8
CUT
10
76.0326
20
119.1820
0
VERTEX
8
CUT
10
76.0314
20
119.1750
0
VERTEX
8
CUT
10
76.0201
20
119.1224
0
VERTEX
8
CUT
10
76.0197
20
119.1207
0
VERTEX
8
CUT
10
75.9984
20
119.0400
0
VERTEX
8
CUT
10
75.9755
20
118.9670
0
VERTEX
8
CUT
10
75.9620
20
118.9275
0
VERTEX
8
CUT
10
75.9382
20
118.8626
0
VERTEX
8
CUT
10
75.9334
20
118.8489
0
VERTEX
8
CUT
10
75.9152
20
118.7952
0
VERTEX
8
CUT
10
75.9065
20
118.7675
0
VERTEX
8
CUT
10
75.8554
20
118.5886
0
VERTEX
8
CUT
10
75.8422
20
118.5321
0
VERTEX
8
CUT
10
75.8090
20
118.3516
0
VERTEX
8
CUT
10
75.8013
20
118.2940
0
VERTEX
8
CUT
10
75.7857
20
118.1112
0
VERTEX
8
CUT
10
75.7836
20
118.0532
0
VERTEX
8
CUT
10
75.7858
20
117.8697
0
VERTEX
8
CUT
10
75.7893
20
117.8117
0
VERTEX
8
CUT
10
75.8092
20
117.6293
0
VERTEX
8
CUT
10
75.8182
20
117.5720
0
VERTEX
8
CUT
10
75.8557
20
117.3923
0
VERTEX
8
CUT
10
75.8703
20
117.3361
0
VERTEX
8
CUT
10
75.9249
20
117.1609
0
VERTEX
8
CUT
10
75.9448
20
117.1064
0
VERTEX
8
CUT
10
76.0161
20
116.9373
0
VERTEX
8
CUT
10
76.0412
20
116.8850
0
VERTEX
8
CUT
10
76.1285
20
116.7235
0
VERTEX
8
CUT
10
76.1586
20
116.6739
0
VERTEX
8
CUT
10
76.2611
20
116.5216
0
VERTEX
8
CUT
10
76.2958
20
116.4751
0
VERTEX
8
CUT
10
76.4125
20
116.3335
0
VERTEX
8
CUT
10
76.4515
20
116.2905
0
VERTEX
8
CUT
10
76.5814
20
116.1609
0
VERTEX
8
CUT
10
76.6244
20
116.1219
0
VERTEX
8
CUT
10
76.7662
20
116.0054
0
VERTEX
8
CUT
10
76.8128
20
115.9707
0
VERTEX
8
CUT
10
76.9651
20
115.8685
0
VERTEX
8
CUT
10
77.0148
20
115.8385
0
VERTEX
8
CUT
10
77.1764
20
115.7514
0
VERTEX
8
CUT
10
77.2288
20
115.7264
0
VERTEX
8
CUT
10
77.3980
20
115.6553
0
VERTEX
8
CUT
10
77.4525
20
115.6355
0
VERTEX
8
CUT
10
77.6278
20
115.5811
0
VERTEX
8
CUT
10
77.6840
20
115.5666
0
VERTEX
8
CUT
10
77.8637
20
115.5294
0
VERTEX
8
CUT
10
77.9211
20
115.5204
0
VERTEX
8
CUT
10
78.1035
20
115.5008
0
VERTEX
8
CUT
10
78.1615
20
115.4974
0
VERTEX
8
CUT
10
78.3450
20
115.4955
0
VERTEX
8
CUT
10
78.4030
20
115.4977
0
VERTEX
8
CUT
10
78.5858
20
115.5135
0
VERTEX
8
CUT
10
78.6433
20
115.5213
0
VERTEX
8
CUT
10
78.8238
20
115.5547
0
VERTEX
8
CUT
10
78.8803
20
115.5680
0
VERTEX
8
CUT
10
79.0591
20
115.6194
0
VERTEX
8
CUT
10
79.0868
20
115.6281
0
VERTEX
8
CUT
10
79.1405
20
115.6464
0
VERTEX
8
CUT
10
79.1541
20
115.6513
0
VERTEX
8
CUT
10
79.2427
20
115.6838
0
VERTEX
8
CUT
10
79.2563
20
115.6890
0
VERTEX
8
CUT
10
79.2945
20
115.7042
0
VERTEX
8
CUT
10
79.3086
20
115.7099
0
VERTEX
8
CUT
10
79.3996
20
115.7486
0
VERTEX
8
CUT
10
79.4135
20
115.7547
0
VERTEX
8
CUT
10
79.4675
20
115.7793
0
VERTEX
8
CUT
10
79.4949
20
115.7927
0
VERTEX
8
CUT
10
79.6679
20
115.8823
0
VERTEX
8
CUT
10
79.7204
20
115.9130
0
VERTEX
8
CUT
10
79.8835
20
116.0197
0
VERTEX
8
CUT
10
79.9085
20
116.0370
0
VERTEX
8
CUT
10
79.9565
20
116.0720
0
VERTEX
8
CUT
10
79.9686
20
116.0811
0
VERTEX
8
CUT
10
80.0470
20
116.1414
0
VERTEX
8
CUT
10
80.0589
20
116.1508
0
VERTEX
8
CUT
10
80.6956
20
116.6666
0
VERTEX
8
CUT
10
80.7005
20
116.6705
0
VERTEX
8
CUT
10
80.8776
20
116.8128
0
VERTEX
8
CUT
10
80.8840
20
116.8180
0
VERTEX
8
CUT
10
80.9432
20
116.8669
0
VERTEX
8
CUT
10
80.9439
20
116.8675
0
VERTEX
8
CUT
10
80.9566
20
116.8779
0
VERTEX
8
CUT
10
80.9623
20
116.8827
0
VERTEX
8
CUT
10
82.8264
20
118.3928
0
VERTEX
8
CUT
10
82.8370
20
118.4015
0
VERTEX
8
CUT
10
82.9048
20
118.4591
0
VERTEX
8
CUT
10
82.9151
20
118.4680
0
VERTEX
8
CUT
10
82.9551
20
118.5036
0
VERTEX
8
CUT
10
82.9751
20
118.5222
0
VERTEX
8
CUT
10
83.1025
20
118.6462
0
VERTEX
8
CUT
10
83.1217
20
118.6658
0
VERTEX
8
CUT
10
83.1582
20
118.7048
0
VERTEX
8
CUT
10
83.1675
20
118.7149
0
VERTEX
8
CUT
10
83.2268
20
118.7811
0
VERTEX
8
CUT
10
83.2358
20
118.7914
0
VERTEX
8
CUT
10
83.4087
20
118.9936
0
VERTEX
8
CUT
10
83.4180
20
119.0047
0
VERTEX
8
CUT
10
83.4776
20
119.0780
0
VERTEX
8
CUT
10
83.4867
20
119.0894
0
VERTEX
8
CUT
10
83.5215
20
119.1343
0
VERTEX
8
CUT
10
83.5387
20
119.1577
0
VERTEX
8
CUT
10
83.6455
20
119.3104
0
VERTEX
8
CUT
10
83.6765
20
119.3596
0
VERTEX
8
CUT
10
83.7668
20
119.5197
0
VERTEX
8
CUT
10
83.7929
20
119.5717
0
VERTEX
8
CUT
10
83.8673
20
119.7398
0
VERTEX
8
CUT
10
83.8882
20
119.7941
0
VERTEX
8
CUT
10
83.9460
20
119.9686
0
VERTEX
8
CUT
10
83.9616
20
120.0246
0
VERTEX
8
CUT
10
84.0022
20
120.2039
0
VERTEX
8
CUT
10
84.0122
20
120.2611
0
VERTEX
8
CUT
10
84.0353
20
120.4435
0
VERTEX
8
CUT
10
84.0398
20
120.5015
0
VERTEX
8
CUT
10
84.0451
20
120.6852
0
VERTEX
8
CUT
10
84.0440
20
120.7434
0
VERTEX
8
CUT
10
84.0315
20
120.9267
0
VERTEX
8
CUT
10
84.0247
20
120.9845
0
VERTEX
8
CUT
10
83.9945
20
121.1658
0
VERTEX
8
CUT
10
83.9822
20
121.2226
0
VERTEX
8
CUT
10
83.9346
20
121.4002
0
VERTEX
8
CUT
10
83.9168
20
121.4556
0
VERTEX
8
CUT
10
83.8522
20
121.6277
0
VERTEX
8
CUT
10
83.8292
20
121.6811
0
VERTEX
8
CUT
10
83.7483
20
121.8461
0
VERTEX
8
CUT
10
83.7202
20
121.8970
0
VERTEX
8
CUT
10
83.6236
20
122.0534
0
VERTEX
8
CUT
10
83.5907
20
122.1014
0
VERTEX
8
CUT
10
83.4780
20
122.2498
0
VERTEX
8
CUT
10
83.4598
20
122.2725
0
VERTEX
8
CUT
10
83.4111
20
122.3306
0
VERTEX
8
CUT
10
83.3823
20
122.3667
0
VERTEX
8
CUT
10
83.3313
20
122.4342
0
VERTEX
8
CUT
10
83.2795
20
122.5107
0
VERTEX
8
CUT
10
83.2477
20
122.5633
0
VERTEX
8
CUT
10
83.2040
20
122.6447
0
VERTEX
8
CUT
10
83.1777
20
122.7003
0
VERTEX
8
CUT
10
83.1426
20
122.7857
0
VERTEX
8
CUT
10
83.1162
20
122.8606
0
VERTEX
8
CUT
10
83.0991
20
122.9145
0
VERTEX
8
CUT
10
83.0980
20
122.9184
0
VERTEX
8
CUT
10
83.0949
20
122.9293
0
VERTEX
8
CUT
10
82.9930
20
123.3075
0
VERTEX
8
CUT
10
82.9901
20
123.3185
0
VERTEX
8
CUT
10
82.9854
20
123.3367
0
VERTEX
8
CUT
10
82.9753
20
123.3808
0
VERTEX
8
CUT
10
82.9601
20
123.4560
0
VERTEX
8
CUT
10
82.9539
20
123.4894
0
VERTEX
8
CUT
10
82.9533
20
123.4929
0
VERTEX
8
CUT
10
82.9485
20
123.5265
0
VERTEX
8
CUT
10
82.9389
20
123.6026
0
VERTEX
8
CUT
10
82.9344
20
123.6477
0
VERTEX
8
CUT
10
82.9330
20
123.6664
0
VERTEX
8
CUT
10
82.9322
20
123.6777
0
VERTEX
8
CUT
10
82.6725
20
127.8619
0
VERTEX
8
CUT
10
82.6715
20
127.8744
0
VERTEX
8
CUT
10
82.6648
20
127.9559
0
VERTEX
8
CUT
10
82.6636
20
127.9684
0
VERTEX
8
CUT
10
82.6585
20
128.0173
0
VERTEX
8
CUT
10
82.6554
20
128.0422
0
VERTEX
8
CUT
10
82.6316
20
128.2039
0
VERTEX
8
CUT
10
82.6274
20
128.2287
0
VERTEX
8
CUT
10
82.6183
20
128.2770
0
VERTEX
8
CUT
10
82.6158
20
128.2893
0
VERTEX
8
CUT
10
82.5988
20
128.3693
0
VERTEX
8
CUT
10
82.5961
20
128.3816
0
VERTEX
8
CUT
10
82.1448
20
130.3116
0
VERTEX
8
CUT
10
82.1419
20
130.3236
0
VERTEX
8
CUT
10
82.1221
20
130.4011
0
VERTEX
8
CUT
10
82.1189
20
130.4130
0
VERTEX
8
CUT
10
82.1060
20
130.4594
0
VERTEX
8
CUT
10
82.0990
20
130.4830
0
VERTEX
8
CUT
10
82.0499
20
130.6353
0
VERTEX
8
CUT
10
82.0418
20
130.6586
0
VERTEX
8
CUT
10
82.0252
20
130.7037
0
VERTEX
8
CUT
10
82.0208
20
130.7152
0
VERTEX
8
CUT
10
81.9917
20
130.7897
0
VERTEX
8
CUT
10
81.9870
20
130.8012
0
VERTEX
8
CUT
10
81.6369
20
131.6437
0
VERTEX
8
CUT
10
81.6307
20
131.6580
0
VERTEX
8
CUT
10
81.5894
20
131.7506
0
VERTEX
8
CUT
10
81.5828
20
131.7648
0
VERTEX
8
CUT
10
81.5826
20
131.7652
0
VERTEX
8
CUT
10
81.5824
20
131.7657
0
VERTEX
8
CUT
10
81.5802
20
131.7703
0
VERTEX
8
CUT
10
81.5642
20
131.8037
0
VERTEX
8
CUT
10
81.5455
20
131.8455
0
VERTEX
8
CUT
10
81.5132
20
131.9230
0
VERTEX
8
CUT
10
81.4823
20
132.0092
0
VERTEX
8
CUT
10
81.4647
20
132.0675
0
VERTEX
8
CUT
10
81.4428
20
132.1564
0
VERTEX
8
CUT
10
81.4312
20
132.2163
0
VERTEX
8
CUT
10
81.4183
20
132.3069
0
VERTEX
8
CUT
10
81.4129
20
132.3677
0
VERTEX
8
CUT
10
81.4094
20
132.4592
0
VERTEX
8
CUT
10
81.4101
20
132.5201
0
VERTEX
8
CUT
10
81.4159
20
132.6115
0
VERTEX
8
CUT
10
81.4228
20
132.6721
0
VERTEX
8
CUT
10
81.4378
20
132.7624
0
VERTEX
8
CUT
10
81.4509
20
132.8219
0
VERTEX
8
CUT
10
81.4750
20
132.9103
0
VERTEX
8
CUT
10
81.4941
20
132.9682
0
VERTEX
8
CUT
10
81.5271
20
133.0536
0
VERTEX
8
CUT
10
81.5519
20
133.1093
0
VERTEX
8
CUT
10
81.5934
20
133.1909
0
VERTEX
8
CUT
10
81.6352
20
133.2637
0
VERTEX
8
CUT
10
81.6590
20
133.3028
0
VERTEX
8
CUT
10
82.1141
20
134.0094
0
VERTEX
8
CUT
10
82.1409
20
134.0487
0
VERTEX
8
CUT
10
82.1919
20
134.1194
0
VERTEX
8
CUT
10
82.2516
20
134.1934
0
VERTEX
8
CUT
10
82.2939
20
134.2406
0
VERTEX
8
CUT
10
82.3610
20
134.3080
0
VERTEX
8
CUT
10
82.4080
20
134.3504
0
VERTEX
8
CUT
10
82.4819
20
134.4103
0
VERTEX
8
CUT
10
82.5332
20
134.4475
0
VERTEX
8
CUT
10
82.6130
20
134.4993
0
VERTEX
8
CUT
10
82.6679
20
134.5309
0
VERTEX
8
CUT
10
82.7527
20
134.5740
0
VERTEX
8
CUT
10
82.8324
20
134.6093
0
VERTEX
8
CUT
10
82.8764
20
134.6274
0
VERTEX
8
CUT
10
82.8899
20
134.6325
0
VERTEX
8
CUT
10
82.9038
20
134.6380
0
VERTEX
8
CUT
10
82.9578
20
134.6601
0
VERTEX
8
CUT
10
82.9851
20
134.6721
0
VERTEX
8
CUT
10
83.1584
20
134.7534
0
VERTEX
8
CUT
10
83.2111
20
134.7814
0
VERTEX
8
CUT
10
83.3732
20
134.8782
0
VERTEX
8
CUT
10
83.4229
20
134.9113
0
VERTEX
8
CUT
10
83.5745
20
135.0237
0
VERTEX
8
CUT
10
83.6207
20
135.0616
0
VERTEX
8
CUT
10
83.7604
20
135.1885
0
VERTEX
8
CUT
10
83.8026
20
135.2308
0
VERTEX
8
CUT
10
83.9290
20
135.3709
0
VERTEX
8
CUT
10
83.9668
20
135.4172
0
VERTEX
8
CUT
10
84.0787
20
135.5692
0
VERTEX
8
CUT
10
84.1116
20
135.6190
0
VERTEX
8
CUT
10
84.2078
20
135.7814
0
VERTEX
8
CUT
10
84.2357
20
135.8342
0
VERTEX
8
CUT
10
84.3153
20
136.0054
0
VERTEX
8
CUT
10
84.3377
20
136.0607
0
VERTEX
8
CUT
10
84.3999
20
136.2390
0
VERTEX
8
CUT
10
84.4167
20
136.2963
0
VERTEX
8
CUT
10
84.4609
20
136.4798
0
VERTEX
8
CUT
10
84.4720
20
136.5385
0
VERTEX
8
CUT
10
84.4977
20
136.7255
0
VERTEX
8
CUT
10
84.5029
20
136.7850
0
VERTEX
8
CUT
10
84.5099
20
136.9736
0
VERTEX
8
CUT
10
84.5091
20
137.0333
0
VERTEX
8
CUT
10
84.4973
20
137.2217
0
VERTEX
8
CUT
10
84.4906
20
137.2810
0
VERTEX
8
CUT
10
84.4602
20
137.4673
0
VERTEX
8
CUT
10
84.4476
20
137.5257
0
VERTEX
8
CUT
10
84.3988
20
137.7080
0
VERTEX
8
CUT
10
84.3805
20
137.7649
0
VERTEX
8
CUT
10
84.3138
20
137.9415
0
VERTEX
8
CUT
10
84.2899
20
137.9962
0
VERTEX
8
CUT
10
84.2060
20
138.1653
0
VERTEX
8
CUT
10
84.1768
20
138.2174
0
VERTEX
8
CUT
10
84.0751
20
138.3795
0
VERTEX
8
CUT
10
84.0586
20
138.4044
0
VERTEX
8
CUT
10
84.0252
20
138.4522
0
VERTEX
8
CUT
10
84.0165
20
138.4643
0
VERTEX
8
CUT
10
83.9684
20
138.5296
0
VERTEX
8
CUT
10
83.9456
20
138.5620
0
VERTEX
8
CUT
10
83.9051
20
138.6223
0
VERTEX
8
CUT
10
83.8639
20
138.6900
0
VERTEX
8
CUT
10
83.8384
20
138.7363
0
VERTEX
8
CUT
10
83.8033
20
138.8074
0
VERTEX
8
CUT
10
83.7763
20
138.8688
0
VERTEX
8
CUT
10
83.7572
20
138.9158
0
VERTEX
8
CUT
10
83.7536
20
138.9254
0
VERTEX
8
CUT
10
83.7493
20
138.9372
0
VERTEX
8
CUT
10
82.7887
20
141.6158
0
VERTEX
8
CUT
10
82.7851
20
141.6256
0
VERTEX
8
CUT
10
82.7593
20
141.6939
0
VERTEX
8
CUT
10
82.7553
20
141.7040
0
VERTEX
8
CUT
10
82.7376
20
141.7485
0
VERTEX
8
CUT
10
82.7286
20
141.7697
0
VERTEX
8
CUT
10
82.6702
20
141.9011
0
VERTEX
8
CUT
10
82.6608
20
141.9212
0
VERTEX
8
CUT
10
82.6439
20
141.9558
0
VERTEX
8
CUT
10
82.6392
20
141.9651
0
VERTEX
8
CUT
10
82.6064
20
142.0294
0
VERTEX
8
CUT
10
82.6010
20
142.0397
0
VERTEX
8
CUT
10
82.0366
20
143.0923
0
VERTEX
8
CUT
10
82.0306
20
143.1031
0
VERTEX
8
CUT
10
81.9914
20
143.1727
0
VERTEX
8
CUT
10
81.9853
20
143.1833
0
VERTEX
8
CUT
10
81.9609
20
143.2247
0
VERTEX
8
CUT
10
81.9479
20
143.2457
0
VERTEX
8
CUT
10
81.8611
20
143.3798
0
VERTEX
8
CUT
10
81.8473
20
143.4002
0
VERTEX
8
CUT
10
81.8196
20
143.4395
0
VERTEX
8
CUT
10
81.8124
20
143.4494
0
VERTEX
8
CUT
10
81.7649
20
143.5137
0
VERTEX
8
CUT
10
81.7575
20
143.5236
0
VERTEX
8
CUT
10
76.1170
20
150.8475
0
VERTEX
8
CUT
10
76.1111
20
150.8552
0
VERTEX
8
CUT
10
76.1021
20
150.8671
0
VERTEX
8
CUT
10
76.0876
20
150.8870
0
VERTEX
8
CUT
10
76.0684
20
150.9140
0
VERTEX
8
CUT
10
76.0517
20
150.9383
0
VERTEX
8
CUT
10
76.0388
20
150.9578
0
VERTEX
8
CUT
10
76.0314
20
150.9690
0
VERTEX
8
CUT
10
76.0288
20
150.9732
0
VERTEX
8
CUT
10
76.0135
20
150.9978
0
VERTEX
8
CUT
10
75.9805
20
151.0530
0
VERTEX
8
CUT
10
75.9615
20
151.0865
0
VERTEX
8
CUT
10
75.9553
20
151.0980
0
VERTEX
8
CUT
10
75.9507
20
151.1065
0
VERTEX
8
CUT
10
74.4481
20
153.9590
0
VERTEX
8
CUT
10
74.4424
20
153.9701
0
VERTEX
8
CUT
10
74.4292
20
153.9959
0
VERTEX
8
CUT
10
74.4236
20
154.0071
0
VERTEX
8
CUT
10
74.4169
20
154.0207
0
VERTEX
8
CUT
10
74.4115
20
154.0319
0
VERTEX
8
CUT
10
74.3990
20
154.0581
0
VERTEX
8
CUT
10
74.3938
20
154.0694
0
VERTEX
8
CUT
10
74.3878
20
154.0824
0
VERTEX
8
CUT
10
74.3827
20
154.0938
0
VERTEX
8
CUT
10
74.3710
20
154.1204
0
VERTEX
8
CUT
10
74.3660
20
154.1318
0
VERTEX
8
CUT
10
74.3601
20
154.1458
0
VERTEX
8
CUT
10
74.3553
20
154.1573
0
VERTEX
8
CUT
10
74.3443
20
154.1841
0
VERTEX
8
CUT
10
74.3397
20
154.1957
0
VERTEX
8
CUT
10
73.8131
20
155.5367
0
VERTEX
8
CUT
10
73.8079
20
155.5503
0
VERTEX
8
CUT
10
73.7960
20
155.5820
0
VERTEX
8
CUT
10
73.7910
20
155.5957
0
VERTEX
8
CUT
10
73.7851
20
155.6124
0
VERTEX
8
CUT
10
73.7803
20
155.6261
0
VERTEX
8
CUT
10
73.7694
20
155.6582
0
VERTEX
8
CUT
10
73.7649
20
155.6720
0
VERTEX
8
CUT
10
73.7598
20
155.6879
0
VERTEX
8
CUT
10
73.7555
20
155.7018
0
VERTEX
8
CUT
10
73.7436
20
155.7412
0
VERTEX
8
CUT
10
73.7434
20
155.7412
0
VERTEX
8
CUT
10
73.7422
20
155.7458
0
VERTEX
8
CUT
10
73.7132
20
155.8390
0
VERTEX
8
CUT
10
73.7088
20
155.8527
0
VERTEX
8
CUT
10
73.6907
20
155.9062
0
VERTEX
8
CUT
10
73.6808
20
155.9334
0
VERTEX
8
CUT
10
73.6131
20
156.1060
0
VERTEX
8
CUT
10
73.5895
20
156.1587
0
VERTEX
8
CUT
10
73.5066
20
156.3217
0
VERTEX
8
CUT
10
73.4780
20
156.3719
0
VERTEX
8
CUT
10
73.3799
20
156.5262
0
VERTEX
8
CUT
10
73.3465
20
156.5734
0
VERTEX
8
CUT
10
73.2340
20
156.7175
0
VERTEX
8
CUT
10
73.1963
20
156.7613
0
VERTEX
8
CUT
10
73.0704
20
156.8939
0
VERTEX
8
CUT
10
73.0286
20
156.9339
0
VERTEX
8
CUT
10
72.8906
20
157.0538
0
VERTEX
8
CUT
10
72.8451
20
157.0895
0
VERTEX
8
CUT
10
72.6962
20
157.1956
0
VERTEX
8
CUT
10
72.6475
20
157.2268
0
VERTEX
8
CUT
10
72.4891
20
157.3180
0
VERTEX
8
CUT
10
72.4376
20
157.3444
0
VERTEX
8
CUT
10
72.2711
20
157.4199
0
VERTEX
8
CUT
10
72.2174
20
157.4412
0
VERTEX
8
CUT
10
72.0444
20
157.5003
0
VERTEX
8
CUT
10
71.9888
20
157.5164
0
VERTEX
8
CUT
10
71.8109
20
157.5586
0
VERTEX
8
CUT
10
71.7541
20
157.5692
0
VERTEX
8
CUT
10
71.5730
20
157.5941
0
VERTEX
8
CUT
10
71.5154
20
157.5992
0
VERTEX
8
CUT
10
71.3327
20
157.6065
0
VERTEX
8
CUT
10
71.2749
20
157.6061
0
VERTEX
8
CUT
10
71.0923
20
157.5958
0
VERTEX
8
CUT
10
71.0348
20
157.5897
0
VERTEX
8
CUT
10
70.8541
20
157.5619
0
VERTEX
8
CUT
10
70.7975
20
157.5504
0
VERTEX
8
CUT
10
70.6203
20
157.5053
0
VERTEX
8
CUT
10
70.5650
20
157.4884
0
VERTEX
8
CUT
10
70.3930
20
157.4265
0
VERTEX
8
CUT
10
70.3396
20
157.4043
0
VERTEX
8
CUT
10
70.1743
20
157.3261
0
VERTEX
8
CUT
10
70.1233
20
157.2989
0
VERTEX
8
CUT
10
69.9663
20
157.2051
0
VERTEX
8
CUT
10
69.9182
20
157.1731
0
VERTEX
8
CUT
10
69.7710
20
157.0647
0
VERTEX
8
CUT
10
69.7261
20
157.0282
0
VERTEX
8
CUT
10
69.5900
20
156.9061
0
VERTEX
8
CUT
10
69.5489
20
156.8655
0
VERTEX
8
CUT
10
69.4252
20
156.7309
0
VERTEX
8
CUT
10
69.3882
20
156.6865
0
VERTEX
8
CUT
10
69.2780
20
156.5406
0
VERTEX
8
CUT
10
69.2454
20
156.4928
0
VERTEX
8
CUT
10
69.1498
20
156.3370
0
VERTEX
8
CUT
10
69.1219
20
156.2863
0
VERTEX
8
CUT
10
69.0407
20
156.1197
0
VERTEX
8
CUT
10
69.0286
20
156.0934
0
VERTEX
8
CUT
10
69.0063
20
156.0415
0
VERTEX
8
CUT
10
69.0008
20
156.0282
0
VERTEX
8
CUT
10
68.9658
20
155.9410
0
VERTEX
8
CUT
10
68.9605
20
155.9275
0
VERTEX
8
CUT
10
66.4119
20
149.1060
0
VERTEX
8
CUT
10
66.4083
20
149.0962
0
VERTEX
8
CUT
10
66.3841
20
149.0277
0
VERTEX
8
CUT
10
66.3804
20
149.0172
0
VERTEX
8
CUT
10
66.3519
20
148.9313
0
VERTEX
8
CUT
10
66.3485
20
148.9209
0
VERTEX
8
CUT
10
66.3271
20
148.8526
0
VERTEX
8
CUT
10
66.3237
20
148.8414
0
VERTEX
8
CUT
10
65.6614
20
146.5697
0
VERTEX
8
CUT
10
65.6580
20
146.5576
0
VERTEX
8
CUT
10
65.6368
20
146.4788
0
VERTEX
8
CUT
10
65.6336
20
146.4666
0
VERTEX
8
CUT
10
65.6219
20
146.4190
0
VERTEX
8
CUT
10
65.6164
20
146.3945
0
VERTEX
8
CUT
10
65.5840
20
146.2345
0
VERTEX
8
CUT
10
65.5795
20
146.2098
0
VERTEX
8
CUT
10
65.5718
20
146.1613
0
VERTEX
8
CUT
10
65.5699
20
146.1489
0
VERTEX
8
CUT
10
65.5588
20
146.0680
0
VERTEX
8
CUT
10
65.5572
20
146.0555
0
VERTEX
8
CUT
10
65.1806
20
142.8287
0
VERTEX
8
CUT
10
65.1786
20
142.8093
0
VERTEX
8
CUT
10
65.1680
20
142.6830
0
VERTEX
8
CUT
10
65.1667
20
142.6635
0
VERTEX
8
CUT
10
65.1586
20
142.5047
0
VERTEX
8
CUT
10
65.1579
20
142.4852
0
VERTEX
8
CUT
10
65.1555
20
142.3585
0
VERTEX
8
CUT
10
65.1555
20
142.3390
0
VERTEX
8
CUT
10
65.2026
20
138.9341
0
VERTEX
8
CUT
10
65.2028
20
138.9235
0
VERTEX
8
CUT
10
65.2052
20
138.8495
0
VERTEX
8
CUT
10
65.2056
20
138.8384
0
VERTEX
8
CUT
10
65.2081
20
138.7899
0
VERTEX
8
CUT
10
65.2097
20
138.7665
0
VERTEX
8
CUT
10
65.2226
20
138.6212
0
VERTEX
8
CUT
10
65.2251
20
138.5988
0
VERTEX
8
CUT
10
65.2300
20
138.5600
0
VERTEX
8
CUT
10
65.2314
20
138.5495
0
SEQEND
0
POLYLINE
8
CUT
66
1
70
1
10
0.0
20
0.0
30
0.0
0
VERTEX
8
CUT
10
8.0055
20
178.1389
0
VERTEX
8
CUT
10
8.0191
20
178.0832
0
VERTEX
8
CUT
10
8.0705
20
177.9091
0
VERTEX
8
CUT
10
8.0894
20
177.8549
0
VERTEX
8
CUT
10
8.1572
20
177.6865
0
VERTEX
8
CUT
10
8.1811
20
177.6344
0
VERTEX
8
CUT
10
8.2647
20
177.4733
0
VERTEX
8
CUT
10
8.2935
20
177.4236
0
VERTEX
8
CUT
10
8.3921
20
177.2713
0
VERTEX
8
CUT
10
8.4256
20
177.2246
0
VERTEX
8
CUT
10
8.5383
20
177.0824
0
VERTEX
8
CUT
10
8.5760
20
177.0391
0
VERTEX
8
CUT
10
8.7018
20
176.9083
0
VERTEX
8
CUT
10
8.7435
20
176.8688
0
VERTEX
8
CUT
10
8.8812
20
176.7506
0
VERTEX
8
CUT
10
8.9265
20
176.7154
0
VERTEX
8
CUT
10
9.0749
20
176.6108
0
VERTEX
8
CUT
10
9.1233
20
176.5801
0
VERTEX
8
CUT
10
9.2810
20
176.4902
0
VERTEX
8
CUT
10
9.3322
20
176.4642
0
VERTEX
8
CUT
10
9.5000
20
176.3888
0
VERTEX
8
CUT
10
9.5265
20
176.3776
0
VERTEX
8
CUT
10
9.5787
20
176.3571
0
VERTEX
8
CUT
10
9.5921
20
176.3520
0
VERTEX
8
CUT
10
9.6797
20
176.3200
0
VERTEX
8
CUT
10
9.6933
20
176.3152
0
VERTEX
8
CUT
10
12.5431
20
175.3500
0
VERTEX
8
CUT
10
12.5523
20
175.3468
0
VERTEX
8
CUT
10
12.5737
20
175.3393
0
VERTEX
8
CUT
10
12.5828
20
175.3360
0
VERTEX
8
CUT
10
12.5940
20
175.3320
0
VERTEX
8
CUT
10
12.6031
20
175.3286
0
VERTEX
8
CUT
10
12.6243
20
175.3207
0
VERTEX
8
CUT
10
12.6333
20
175.3172
0
VERTEX
8
CUT
10
12.6438
20
175.3132
0
VERTEX
8
CUT
10
12.6528
20
175.3096
0
VERTEX
8
CUT
10
12.6738
20
175.3012
0
VERTEX
8
CUT
10
12.6828
20
175.2975
0
VERTEX
8
CUT
10
12.6938
20
175.2930
0
VERTEX
8
CUT
10
12.7027
20
175.2893
0
VERTEX
8
CUT
10
12.7236
20
175.2804
0
VERTEX
8
CUT
10
12.7325
20
175.2766
0
VERTEX
8
CUT
10
15.4705
20
174.0772
0
VERTEX
8
CUT
10
15.4790
20
174.0734
0
VERTEX
8
CUT
10
15.4988
20
174.0645
0
VERTEX
8
CUT
10
15.5072
20
174.0606
0
VERTEX
8
CUT
10
15.5175
20
174.0558
0
VERTEX
8
CUT
10
15.5260
20
174.0519
0
VERTEX
8
CUT
10
15.5456
20
174.0426
0
VERTEX
8
CUT
10
15.5539
20
174.0385
0
VERTEX
8
CUT
10
15.5636
20
174.0338
0
VERTEX
8
CUT
10
15.5719
20
174.0297
0
VERTEX
8
CUT
10
15.5913
20
174.0200
0
VERTEX
8
CUT
10
15.5996
20
174.0158
0
VERTEX
8
CUT
10
15.6097
20
174.0106
0
VERTEX
8
CUT
10
15.6180
20
174.0063
0
VERTEX
8
CUT
10
15.6372
20
173.9961
0
VERTEX
8
CUT
10
15.6454
20
173.9918
0
VERTEX
8
CUT
10
18.1618
20
172.6314
0
VERTEX
8
CUT
10
18.1742
20
172.6246
0
VERTEX
8
CUT
10
18.2030
20
172.6085
0
VERTEX
8
CUT
10
18.2152
20
172.6015
0
VERTEX
8
CUT
10
18.2301
20
172.5928
0
VERTEX
8
CUT
10
18.2423
20
172.5856
0
VERTEX
8
CUT
10
18.2705
20
172.5686
0
VERTEX
8
CUT
10
18.2826
20
172.5612
0
VERTEX
8
CUT
10
18.2963
20
172.5526
0
VERTEX
8
CUT
10
18.3082
20
172.5450
0
VERTEX
8
CUT
10
18.3359
20
172.5271
0
VERTEX
8
CUT
10
18.3477
20
172.5194
0
VERTEX
8
CUT
10
18.3620
20
172.5098
0
VERTEX
8
CUT
10
18.3737
20
172.5018
0
VERTEX
8
CUT
10
18.4008
20
172.4831
0
VERTEX
8
CUT
10
18.4124
20
172.4749
0
VERTEX
8
CUT
10
22.5355
20
169.5242
0
VERTEX
8
CUT
10
22.5428
20
169.5188
0
VERTEX
8
CUT
10
22.5599
20
169.5063
0
VERTEX
8
CUT
10
22.5672
20
169.5009
0
VERTEX
8
CUT
10
22.5761
20
169.4943
0
VERTEX
8
CUT
10
22.5834
20
169.4888
0
VERTEX
8
CUT
10
22.6002
20
169.4760
0
VERTEX
8
CUT
10
22.6074
20
169.4704
0
VERTEX
8
CUT
10
22.6157
20
169.4640
0
VERTEX
8
CUT
10
22.6228
20
169.4584
0
VERTEX
8
CUT
10
22.6394
20
169.4452
0
VERTEX
8
CUT
10
22.6465
20
169.4395
0
VERTEX
8
CUT
10
22.6551
20
169.4325
0
VERTEX
8
CUT
10
22.6622
20
169.4267
0
VERTEX
8
CUT
10
22.6785
20
169.4132
0
VERTEX
8
CUT
10
22.6855
20
169.4074
0
VERTEX
8
CUT
10
31.1503
20
162.2495
0
VERTEX
8
CUT
10
31.1561
20
162.2447
0
VERTEX
8
CUT
10
31.1962
20
162.2116
0
VERTEX
8
CUT
10
31.2024
20
162.2066
0
VERTEX
8
CUT
10
31.2530
20
162.1660
0
VERTEX
8
CUT
10
31.2592
20
162.1611
0
VERTEX
8
CUT
10
31.2996
20
162.1296
0
VERTEX
8
CUT
10
31.3063
20
162.1244
0
VERTEX
8
CUT
10
34.4019
20
159.7761
0
VERTEX
8
CUT
10
34.4128
20
159.7681
0
VERTEX
8
CUT
10
34.4842
20
159.7164
0
VERTEX
8
CUT
10
34.4953
20
159.7085
0
VERTEX
8
CUT
10
34.5864
20
159.6457
0
VERTEX
8
CUT
10
34.5977
20
159.6381
0
VERTEX
8
CUT
10
34.6714
20
159.5897
0
VERTEX
8
CUT
10
34.6828
20
159.5824
0
VERTEX
8
CUT
10
37.4283
20
157.8668
0
VERTEX
8
CUT
10
37.4373
20
157.8613
0
VERTEX
8
CUT
10
37.5003
20
157.8234
0
VERTEX
8
CUT
10
37.5098
20
157.8179
0
VERTEX
8
CUT
10
37.5516
20
157.7938
0
VERTEX
8
CUT
10
37.5719
20
157.7826
0
VERTEX
8
CUT
10
37.7002
20
157.7152
0
VERTEX
8
CUT
10
37.7202
20
157.7051
0
VERTEX
8
CUT
10
37.7552
20
157.6884
0
VERTEX
8
CUT
10
37.7647
20
157.6839
0
VERTEX
8
CUT
10
37.8308
20
157.6537
0
VERTEX
8
CUT
10
37.8416
20
157.6489
0
VERTEX
8
CUT
10
41.9712
20
155.8569
0
VERTEX
8
CUT
10
41.9845
20
155.8514
0
VERTEX
8
CUT
10
42.0712
20
155.8162
0
VERTEX
8
CUT
10
42.0846
20
155.8109
0
VERTEX
8
CUT
10
42.1372
20
155.7911
0
VERTEX
8
CUT
10
42.1643
20
155.7815
0
VERTEX
8
CUT
10
42.3423
20
155.7239
0
VERTEX
8
CUT
10
42.3699
20
155.7156
0
VERTEX
8
CUT
10
42.4241
20
155.7009
0
VERTEX
8
CUT
10
42.4381
20
155.6973
0
VERTEX
8
CUT
10
42.5289
20
155.6749
0
VERTEX
8
CUT
10
42.5429
20
155.6716
0
VERTEX
8
CUT
10
44.3052
20
155.2824
0
VERTEX
8
CUT
10
44.3160
20
155.2801
0
VERTEX
8
CUT
10
44.3913
20
155.2649
0
VERTEX
8
CUT
10
44.4026
20
155.2627
0
VERTEX
8
CUT
10
44.4522
20
155.2537
0
VERTEX
8
CUT
10
44.4762
20
155.2498
0
VERTEX
8
CUT
10
44.6262
20
155.2288
0
VERTEX
8
CUT
10
44.6494
20
155.2260
0
VERTEX
8
CUT
10
44.6897
20
155.2219
0
VERTEX
8
CUT
10
44.7007
20
155.2209
0
VERTEX
8
CUT
10
44.7764
20
155.2147
0
VERTEX
8
CUT
10
44.7887
20
155.2138
0
VERTEX
8
CUT
10
47.0239
20
155.0759
0
VERTEX
8
CUT
10
47.0428
20
155.0751
0
VERTEX
8
CUT
10
47.1660
20
155.0714
0
VERTEX
8
CUT
10
47.1850
20
155.0711
0
VERTEX
8
CUT
10
47.3396
20
155.0714
0
VERTEX
8
CUT
10
47.3586
20
155.0717
0
VERTEX
8
CUT
10
47.4817
20
155.0758
0
VERTEX
8
CUT
10
47.5007
20
155.0767
0
VERTEX
8
CUT
10
49.5291
20
155.2086
0
VERTEX
8
CUT
10
49.5437
20
155.2097
0
VERTEX
8
CUT
10
49.6386
20
155.2182
0
VERTEX
8
CUT
10
49.6531
20
155.2197
0
VERTEX
8
CUT
10
49.7100
20
155.2262
0
VERTEX
8
CUT
10
49.7390
20
155.2302
0
VERTEX
8
CUT
10
49.9269
20
155.2610
0
VERTEX
8
CUT
10
49.9557
20
155.2665
0
VERTEX
8
CUT
10
50.0117
20
155.2785
0
VERTEX
8
CUT
10
50.0260
20
155.2818
0
VERTEX
8
CUT
10
50.1186
20
155.3040
0
VERTEX
8
CUT
10
50.1328
20
155.3076
0
VERTEX
8
CUT
10
51.2930
20
155.6167
0
VERTEX
8
CUT
10
51.3061
20
155.6203
0
VERTEX
8
CUT
10
51.3907
20
155.6449
0
VERTEX
8
CUT
10
51.4036
20
155.6488
0
VERTEX
8
CUT
10
51.4541
20
155.6647
0
VERTEX
8
CUT
10
51.4798
20
155.6735
0
VERTEX
8
CUT
10
51.6430
20
155.7332
0
VERTEX
8
CUT
10
51.6930
20
155.7541
0
VERTEX
8
CUT
10
51.8501
20
155.8282
0
VERTEX
8
CUT
10
51.8744
20
155.8404
0
VERTEX
8
CUT
10
51.9212
20
155.8651
0
VERTEX
8
CUT
10
51.9331
20
155.8716
0
VERTEX
8
CUT
10
52.0100
20
155.9145
0
VERTEX
8
CUT
10
52.0218
20
155.9212
0
VERTEX
8
CUT
10
53.1588
20
156.5896
0
VERTEX
8
CUT
10
53.1744
20
156.5991
0
VERTEX
8
CUT
10
53.2746
20
156.6622
0
VERTEX
8
CUT
10
53.2899
20
156.6721
0
VERTEX
8
CUT
10
53.3489
20
156.7118
0
VERTEX
8
CUT
10
53.3785
20
156.7330
0
VERTEX
8
CUT
10
53.5664
20
156.8768
0
VERTEX
8
CUT
10
53.5947
20
156.8998
0
VERTEX
8
CUT
10
53.6484
20
156.9463
0
VERTEX
8
CUT
10
53.6620
20
156.9584
0
VERTEX
8
CUT
10
53.7491
20
157.0386
0
VERTEX
8
CUT
10
53.7624
20
157.0512
0
VERTEX
8
CUT
10
54.5092
20
157.7817
0
VERTEX
8
CUT
10
54.5185
20
157.7911
0
VERTEX
8
CUT
10
54.5785
20
157.8524
0
VERTEX
8
CUT
10
54.5876
20
157.8619
0
VERTEX
8
CUT
10
54.6228
20
157.8995
0
VERTEX
8
CUT
10
54.6404
20
157.9192
0
VERTEX
8
CUT
10
54.7505
20
158.0477
0
VERTEX
8
CUT
10
54.7830
20
158.0892
0
VERTEX
8
CUT
10
54.8814
20
158.2269
0
VERTEX
8
CUT
10
54.8963
20
158.2487
0
VERTEX
8
CUT
10
54.9244
20
158.2919
0
VERTEX
8
CUT
10
54.9314
20
158.3030
0
VERTEX
8
CUT
10
54.9766
20
158.3759
0
VERTEX
8
CUT
10
54.9834
20
158.3872
0
VERTEX
8
CUT
10
55.4679
20
159.2094
0
VERTEX
8
CUT
10
55.4750
20
159.2219
0
VERTEX
8
CUT
10
55.5203
20
159.3032
0
VERTEX
8
CUT
10
55.5272
20
159.3158
0
VERTEX
8
CUT
10
55.5532
20
159.3653
0
VERTEX
8
CUT
10
55.5660
20
159.3910
0
VERTEX
8
CUT
10
55.6437
20
159.5573
0
VERTEX
8
CUT
10
55.6654
20
159.6103
0
VERTEX
8
CUT
10
55.7269
20
159.7833
0
VERTEX
8
CUT
10
55.7358
20
159.8105
0
VERTEX
8
CUT
10
55.7520
20
159.8641
0
VERTEX
8
CUT
10
55.7560
20
159.8778
0
VERTEX
8
CUT
10
55.7808
20
159.9676
0
VERTEX
8
CUT
10
55.7845
20
159.9814
0
VERTEX
8
CUT
10
56.0094
20
160.8773
0
VERTEX
8
CUT
10
56.0124
20
160.8901
0
VERTEX
8
CUT
10
56.0314
20
160.9732
0
VERTEX
8
CUT
10
56.0342
20
160.9860
0
VERTEX
8
CUT
10
56.0445
20
161.0362
0
VERTEX
8
CUT
10
56.0492
20
161.0620
0
VERTEX
8
CUT
10
56.0757
20
161.2281
0
VERTEX
8
CUT
10
56.0817
20
161.2802
0
VERTEX
8
CUT
10
56.0936
20
161.4480
0
VERTEX
8
CUT
10
56.0949
20
161.4742
0
VERTEX
8
CUT
10
56.0963
20
161.5254
0
VERTEX
8
CUT
10
56.0966
20
161.5385
0
VERTEX
8
CUT
10
56.0970
20
161.6238
0
VERTEX
8
CUT
10
56.0969
20
161.6369
0
VERTEX
8
CUT
10
56.0814
20
162.5818
0
VERTEX
8
CUT
10
56.0809
20
162.5988
0
VERTEX
8
CUT
10
56.0759
20
162.7095
0
VERTEX
8
CUT
10
56.0749
20
162.7265
0
VERTEX
8
CUT
10
56.0701
20
162.7928
0
VERTEX
8
CUT
10
56.0666
20
162.8267
0
VERTEX
8
CUT
10
56.0379
20
163.0462
0
VERTEX
8
CUT
10
56.0325
20
163.0798
0
VERTEX
8
CUT
10
56.0202
20
163.1452
0
VERTEX
8
CUT
10
56.0168
20
163.1619
0
VERTEX
8
CUT
10
55.9931
20
163.2700
0
VERTEX
8
CUT
10
55.9892
20
163.2866
0
VERTEX
8
CUT
10
55.7183
20
164.3764
0
VERTEX
8
CUT
10
55.7140
20
164.3929
0
VERTEX
8
CUT
10
55.6841
20
164.4999
0
VERTEX
8
CUT
10
55.6793
20
164.5163
0
VERTEX
8
CUT
10
55.6595
20
164.5800
0
VERTEX
8
CUT
10
55.6485
20
164.6123
0
VERTEX
8
CUT
10
55.5708
20
164.8202
0
VERTEX
8
CUT
10
55.5579
20
164.8519
0
VERTEX
8
CUT
10
55.5311
20
164.9129
0
VERTEX
8
CUT
10
55.5239
20
164.9285
0
VERTEX
8
CUT
10
55.4763
20
165.0288
0
VERTEX
8
CUT
10
55.4688
20
165.0441
0
VERTEX
8
CUT
10
54.8174
20
166.3216
0
VERTEX
8
CUT
10
54.8104
20
166.3348
0
VERTEX
8
CUT
10
54.7644
20
166.4198
0
VERTEX
8
CUT
10
54.7571
20
166.4328
0
VERTEX
8
CUT
10
54.7282
20
166.4832
0
VERTEX
8
CUT
10
54.7128
20
166.5086
0
VERTEX
8
CUT
10
54.6083
20
166.6713
0
VERTEX
8
CUT
10
54.5917
20
166.6959
0
VERTEX
8
CUT
10
54.5579
20
166.7432
0
VERTEX
8
CUT
10
54.5491
20
166.7552
0
VERTEX
8
CUT
10
54.4909
20
166.8324
0
VERTEX
8
CUT
10
54.4819
20
166.8442
0
VERTEX
8
CUT
10
53.3760
20
168.2402
0
VERTEX
8
CUT
10
53.3632
20
168.2558
0
VERTEX
8
CUT
10
53.2780
20
168.3562
0
VERTEX
8
CUT
10
53.2646
20
168.3714
0
VERTEX
8
CUT
10
53.1536
20
168.4936
0
VERTEX
8
CUT
10
53.1397
20
168.5084
0
VERTEX
8
CUT
10
53.0480
20
168.6028
0
VERTEX
8
CUT
10
53.0336
20
168.6171
0
VERTEX
8
CUT
10
51.8688
20
169.7371
0
VERTEX
8
CUT
10
51.8567
20
169.7484
0
VERTEX
8
CUT
10
51.7772
20
169.8207
0
VERTEX
8
CUT
10
51.7649
20
169.8317
0
VERTEX
8
CUT
10
51.6626
20
169.9197
0
VERTEX
8
CUT
10
51.6499
20
169.9303
0
VERTEX
8
CUT
10
51.5666
20
169.9981
0
VERTEX
8
CUT
10
51.5536
20
170.0084
0
VERTEX
8
CUT
10
50.2467
20
171.0135
0
VERTEX
8
CUT
10
50.2381
20
171.0199
0
VERTEX
8
CUT
10
50.1781
20
171.0644
0
VERTEX
8
CUT
10
50.1691
20
171.0709
0
VERTEX
8
CUT
10
50.1292
20
171.0993
0
VERTEX
8
CUT
10
50.1098
20
171.1127
0
VERTEX
8
CUT
10
49.9867
20
171.1932
0
VERTEX
8
CUT
10
49.9675
20
171.2053
0
VERTEX
8
CUT
10
49.9338
20
171.2256
0
VERTEX
8
CUT
10
49.9246
20
171.2311
0
VERTEX
8
CUT
10
49.8607
20
171.2680
0
VERTEX
8
CUT
10
49.8502
20
171.2739
0
VERTEX
8
CUT
10
46.3198
20
173.2219
0
VERTEX
8
CUT
10
46.3026
20
173.2310
0
VERTEX
8
CUT
10
46.1903
20
173.2883
0
VERTEX
8
CUT
10
46.1729
20
173.2968
0
VERTEX
8
CUT
10
46.0297
20
173.3642
0
VERTEX
8
CUT
10
46.0120
20
173.3721
0
VERTEX
8
CUT
10
45.8963
20
173.4221
0
VERTEX
8
CUT
10
45.8783
20
173.4295
0
VERTEX
8
CUT
10
43.8034
20
174.2458
0
VERTEX
8
CUT
10
43.7899
20
174.2509
0
VERTEX
8
CUT
10
43.7021
20
174.2830
0
VERTEX
8
CUT
10
43.6885
20
174.2878
0
VERTEX
8
CUT
10
43.5773
20
174.3255
0
VERTEX
8
CUT
10
43.5636
20
174.3300
0
VERTEX
8
CUT
10
43.4743
20
174.3579
0
VERTEX
8
CUT
10
43.4605
20
174.3620
0
VERTEX
8
CUT
10
37.6833
20
176.0161
0
VERTEX
8
CUT
10
37.6764
20
176.0181
0
VERTEX
8
CUT
10
37.6282
20
176.0312
0
VERTEX
8
CUT
10
37.6208
20
176.0332
0
VERTEX
8
CUT
10
37.5604
20
176.0489
0
VERTEX
8
CUT
10
37.5531
20
176.0507
0
VERTEX
8
CUT
10
37.5053
20
176.0625
0
VERTEX
8
CUT
10
37.4974
20
176.0644
0
VERTEX
8
CUT
10
28.1057
20
178.2434
0
VERTEX
8
CUT
10
28.0986
20
178.2451
0
VERTEX
8
CUT
10
28.0820
20
178.2490
0
VERTEX
8
CUT
10
28.0749
20
178.2508
0
VERTEX
8
CUT
10
28.0579
20
178.2550
0
VERTEX
8
CUT
10
28.0492
20
178.2572
0
VERTEX
8
CUT
10
28.0289
20
178.2625
0
VERTEX
8
CUT
10
28.0203
20
178.2648
0
VERTEX
8
CUT
10
28.0102
20
178.2675
0
VERTEX
8
CUT
10
28.0015
20
178.2699
0
VERTEX
8
CUT
10
27.9813
20
178.2756
0
VERTEX
8
CUT
10
27.9726
20
178.2781
0
VERTEX
8
CUT
10
27.9682
20
178.2794
0
VERTEX
8
CUT
10
27.9580
20
178.2824
0
VERTEX
8
CUT
10
27.9342
20
178.2897
0
VERTEX
8
CUT
10
27.9241
20
178.2928
0
VERTEX
8
CUT
10
25.1465
20
179.1760
0
VERTEX
8
CUT
10
25.1344
20
179.1799
0
VERTEX
8
CUT
10
25.1062
20
179.1893
0
VERTEX
8
CUT
10
25.0941
20
179.1934
0
VERTEX
8
CUT
10
25.0797
20
179.1985
0
VERTEX
8
CUT
10
25.0678
20
179.2027
0
VERTEX
8
CUT
10
25.0401
20
179.2128
0
VERTEX
8
CUT
10
25.0283
20
179.2173
0
VERTEX
8
CUT
10
25.0147
20
179.2225
0
VERTEX
8
CUT
10
25.0028
20
179.2270
0
VERTEX
8
CUT
10
24.9754
20
179.2380
0
VERTEX
8
CUT
10
24.9637
20
179.2427
0
VERTEX
8
CUT
10
24.9494
20
179.2486
0
VERTEX
8
CUT
10
24.9377
20
179.2536
0
VERTEX
8
CUT
10
24.9106
20
179.2652
0
VERTEX
8
CUT
10
24.8990
20
179.2703
0
VERTEX
8
CUT
10
21.2084
20
180.9207
0
VERTEX
8
CUT
10
21.1966
20
180.9261
0
VERTEX
8
CUT
10
21.1691
20
180.9389
0
VERTEX
8
CUT
10
21.1573
20
180.9445
0
VERTEX
8
CUT
10
21.1430
20
180.9514
0
VERTEX
8
CUT
10
21.1314
20
180.9571
0
VERTEX
8
CUT
10
21.1043
20
180.9706
0
VERTEX
8
CUT
10
21.0927
20
180.9765
0
VERTEX
8
CUT
10
21.0794
20
180.9834
0
VERTEX
8
CUT
10
21.0679
20
180.9895
0
VERTEX
8
CUT
10
21.0412
20
181.0038
0
VERTEX
8
CUT
10
21.0298
20
181.0101
0
VERTEX
8
CUT
10
21.0160
20
181.0178
0
VERTEX
8
CUT
10
21.0047
20
181.0241
0
VERTEX
8
CUT
10
20.9784
20
181.0392
0
VERTEX
8
CUT
10
20.9672
20
181.0458
0
VERTEX
8
CUT
10
17.9307
20
182.8496
0
VERTEX
8
CUT
10
17.9167
20
182.8580
0
VERTEX
8
CUT
10
17.8845
20
182.8780
0
VERTEX
8
CUT
10
17.8707
20
182.8867
0
VERTEX
8
CUT
10
17.8541
20
182.8974
0
VERTEX
8
CUT
10
17.8405
20
182.9063
0
VERTEX
8
CUT
10
17.8090
20
182.9274
0
VERTEX
8
CUT
10
17.7956
20
182.9366
0
VERTEX
8
CUT
10
17.7803
20
182.9473
0
VERTEX
8
CUT
10
17.7670
20
182.9567
0
VERTEX
8
CUT
10
17.7363
20
182.9789
0
VERTEX
8
CUT
10
17.7232
20
182.9886
0
VERTEX
8
CUT
10
17.7074
20
183.0005
0
VERTEX
8
CUT
10
17.6945
20
183.0103
0
VERTEX
8
CUT
10
17.6645
20
183.0337
0
VERTEX
8
CUT
10
17.6518
20
183.0438
0
VERTEX
8
CUT
10
14.9582
20
185.2244
0
VERTEX
8
CUT
10
14.9501
20
185.2311
0
VERTEX
8
CUT
10
14.9310
20
185.2469
0
VERTEX
8
CUT
10
14.9229
20
185.2537
0
VERTEX
8
CUT
10
14.9131
20
185.2621
0
VERTEX
8
CUT
10
14.9050
20
185.2690
0
VERTEX
8
CUT
10
14.8864
20
185.2852
0
VERTEX
8
CUT
10
14.8784
20
185.2922
0
VERTEX
8
CUT
10
14.8693
20
185.3003
0
VERTEX
8
CUT
10
14.8615
20
185.3074
0
VERTEX
8
CUT
10
14.8432
20
185.3240
0
VERTEX
8
CUT
10
14.8354
20
185.3312
0
VERTEX
8
CUT
10
14.8260
20
185.3400
0
VERTEX
8
CUT
10
14.8183
20
185.3473
0
VERTEX
8
CUT
10
14.8004
20
185.3644
0
VERTEX
8
CUT
10
14.7928
20
185.3718
0
VERTEX
8
CUT
10
13.5772
20
186.5616
0
VERTEX
8
CUT
10
13.5700
20
186.5687
0
VERTEX
8
CUT
10
13.5532
20
186.5855
0
VERTEX
8
CUT
10
13.5461
20
186.5927
0
VERTEX
8
CUT
10
13.5375
20
186.6016
0
VERTEX
8
CUT
10
13.5304
20
186.6089
0
VERTEX
8
CUT
10
13.5141
20
186.6260
0
VERTEX
8
CUT
10
13.5071
20
186.6334
0
VERTEX
8
CUT
10
13.4991
20
186.6419
0
VERTEX
8
CUT
10
13.4923
20
186.6494
0
VERTEX
8
CUT
10
13.4763
20
186.6668
0
VERTEX
8
CUT
10
13.4695
20
186.6744
0
VERTEX
8
CUT
10
13.4613
20
186.6836
0
VERTEX
8
CUT
10
13.4545
20
186.6912
0
VERTEX
8
CUT
10
13.4390
20
186.7091
0
VERTEX
8
CUT
10
13.4324
20
186.7168
0
VERTEX
8
CUT
10
12.3803
20
187.9509
0
VERTEX
8
CUT
10
12.3707
20
187.9619
0
VERTEX
8
CUT
10
12.3074
20
188.0326
0
VERTEX
8
CUT
10
12.2975
20
188.0434
0
VERTEX
8
CUT
10
12.2584
20
188.0850
0
VERTEX
8
CUT
10
12.2378
20
188.1057
0
VERTEX
8
CUT
10
12.1031
20
188.2358
0
VERTEX
8
CUT
10
12.0591
20
188.2743
0
VERTEX
8
CUT
10
11.9143
20
188.3890
0
VERTEX
8
CUT
10
11.8668
20
188.4230
0
VERTEX
8
CUT
10
11.7115
20
188.5231
0
VERTEX
8
CUT
10
11.6609
20
188.5523
0
VERTEX
8
CUT
10
11.4966
20
188.6368
0
VERTEX
8
CUT
10
11.4434
20
188.6610
0
VERTEX
8
CUT
10
11.2717
20
188.7291
0
VERTEX
8
CUT
10
11.2164
20
188.7480
0
VERTEX
8
CUT
10
11.0389
20
188.7991
0
VERTEX
8
CUT
10
10.9820
20
188.8125
0
VERTEX
8
CUT
10
10.8004
20
188.8461
0
VERTEX
8
CUT
10
10.7425
20
188.8539
0
VERTEX
8
CUT
10
10.5584
20
188.8697
0
VERTEX
8
CUT
10
10.5000
20
188.8719
0
VERTEX
8
CUT
10
10.3153
20
188.8697
0
VERTEX
8
CUT
10
10.2570
20
188.8661
0
VERTEX
8
CUT
10
10.0733
20
188.8459
0
VERTEX
8
CUT
10
10.0156
20
188.8367
0
VERTEX
8
CUT
10
9.8348
20
188.7988
0
VERTEX
8
CUT
10
9.7783
20
188.7840
0
VERTEX
8
CUT
10
9.6020
20
188.7287
0
VERTEX
8
CUT
10
9.5472
20
188.7085
0
VERTEX
8
CUT
10
9.3772
20
188.6363
0
VERTEX
8
CUT
10
9.3246
20
188.6108
0
VERTEX
8
CUT
10
9.1624
20
188.5224
0
VERTEX
8
CUT
10
9.1125
20
188.4920
0
VERTEX
8
CUT
10
8.9596
20
188.3882
0
VERTEX
8
CUT
10
8.9130
20
188.3531
0
VERTEX
8
CUT
10
8.7710
20
188.2349
0
VERTEX
8
CUT
10
8.7279
20
188.1954
0
VERTEX
8
CUT
10
8.5981
20
188.0640
0
VERTEX
8
CUT
10
8.5591
20
188.0205
0
VERTEX
8
CUT
10
8.4426
20
187.8770
0
VERTEX
8
CUT
10
8.4080
20
187.8299
0
VERTEX
8
CUT
10
8.3061
20
187.6759
0
VERTEX
8
CUT
10
8.2763
20
187.6256
0
VERTEX
8
CUT
10
8.1898
20
187.4624
0
VERTEX
8
CUT
10
8.1650
20
187.4095
0
VERTEX
8
CUT
10
8.0948
20
187.2386
0
VERTEX
8
CUT
10
8.0753
20
187.1835
0
VERTEX
8
CUT
10
8.0220
20
187.0066
0
VERTEX
8
CUT
10
8.0079
20
186.9499
0
VERTEX
8
CUT
10
7.9722
20
186.7687
0
VERTEX
8
CUT
10
7.9637
20
186.7109
0
VERTEX
8
CUT
10
7.9454
20
186.5245
0
VERTEX
8
CUT
10
7.9433
20
186.4953
0
VERTEX
8
CUT
10
7.9405
20
186.4383
0
VERTEX
8
CUT
10
7.9400
20
186.4237
0
VERTEX
8
CUT
10
7.9377
20
186.3288
0
VERTEX
8
CUT
10
7.9375
20
186.3142
0
VERTEX
8
CUT
10
7.9375
20
178.7637
0
VERTEX
8
CUT
10
7.9377
20
178.7493
0
VERTEX
8
CUT
10
7.9399
20
178.6561
0
VERTEX
8
CUT
10
7.9404
20
178.6417
0
VERTEX
8
CUT
10
7.9431
20
178.5857
0
VERTEX
8
CUT
10
7.9452
20
178.5571
0
VERTEX
8
CUT
10
7.9627
20
178.3739
0
VERTEX
8
CUT
10
7.9710
20
178.3171
0
SEQEND
0
POLYLINE
8
CUT
66
1
70
1
10
0.0
20
0.0
30
0.0
0
VERTEX
8
CUT
10
28.7301
20
33.7087
0
VERTEX
8
CUT
10
28.7300
20
33.6958
0
VERTEX
8
CUT
10
28.7297
20
33.1792
0
VERTEX
8
CUT
10
28.7299
20
33.1640
0
VERTEX
8
CUT
10
28.7324
20
33.0654
0
VERTEX
8
CUT
10
28.7329
20
33.0502
0
VERTEX
8
CUT
10
28.7359
20
32.9911
0
VERTEX
8
CUT
10
28.7382
20
32.9608
0
VERTEX
8
CUT
10
28.7577
20
32.7673
0
VERTEX
8
CUT
10
28.7669
20
32.7073
0
VERTEX
8
CUT
10
28.8059
20
32.5167
0
VERTEX
8
CUT
10
28.8127
20
32.4871
0
VERTEX
8
CUT
10
28.8275
20
32.4298
0
VERTEX
8
CUT
10
28.8315
20
32.4151
0
VERTEX
8
CUT
10
28.8586
20
32.3202
0
VERTEX
8
CUT
10
28.8629
20
32.3057
0
VERTEX
8
CUT
10
29.1560
20
31.3684
0
VERTEX
8
CUT
10
29.1611
20
31.3529
0
VERTEX
8
CUT
10
29.1956
20
31.2524
0
VERTEX
8
CUT
10
29.2011
20
31.2370
0
VERTEX
8
CUT
10
29.2235
20
31.1772
0
VERTEX
8
CUT
10
29.2357
20
31.1469
0
VERTEX
8
CUT
10
29.3196
20
30.9550
0
VERTEX
8
CUT
10
29.3490
20
30.8966
0
VERTEX
8
CUT
10
29.4533
20
30.7149
0
VERTEX
8
CUT
10
29.4704
20
30.6870
0
VERTEX
8
CUT
10
29.5051
20
30.6335
0
VERTEX
8
CUT
10
29.5142
20
30.6199
0
VERTEX
8
CUT
10
29.5744
20
30.5324
0
VERTEX
8
CUT
10
29.5839
20
30.5191
0
VERTEX
8
CUT
10
30.0841
20
29.8332
0
VERTEX
8
CUT
10
30.0925
20
29.8219
0
VERTEX
8
CUT
10
30.1484
20
29.7490
0
VERTEX
8
CUT
10
30.1571
20
29.7379
0
VERTEX
8
CUT
10
30.1917
20
29.6949
0
VERTEX
8
CUT
10
30.2099
20
29.6733
0
VERTEX
8
CUT
10
30.3299
20
29.5377
0
VERTEX
8
CUT
10
30.3693
20
29.4972
0
VERTEX
8
CUT
10
30.5015
20
29.3734
0
VERTEX
8
CUT
10
30.5225
20
29.3546
0
VERTEX
8
CUT
10
30.5646
20
29.3188
0
VERTEX
8
CUT
10
30.5754
20
29.3098
0
VERTEX
8
CUT
10
30.6467
20
29.2519
0
VERTEX
8
CUT
10
30.6578
20
29.2432
0
VERTEX
8
CUT
10
31.5355
20
28.5647
0
VERTEX
8
CUT
10
31.5478
20
28.5554
0
VERTEX
8
CUT
10
31.6287
20
28.4961
0
VERTEX
8
CUT
10
31.6412
20
28.4872
0
VERTEX
8
CUT
10
31.6907
20
28.4528
0
VERTEX
8
CUT
10
31.7165
20
28.4359
0
VERTEX
8
CUT
10
31.8844
20
28.3317
0
VERTEX
8
CUT
10
31.9384
20
28.3020
0
VERTEX
8
CUT
10
32.1137
20
28.2167
0
VERTEX
8
CUT
10
32.1705
20
28.1927
0
VERTEX
8
CUT
10
32.3562
20
28.1250
0
VERTEX
8
CUT
10
32.3854
20
28.1151
0
VERTEX
8
CUT
10
32.4430
20
28.0974
0
VERTEX
8
CUT
10
32.4578
20
28.0931
0
VERTEX
8
CUT
10
32.5543
20
28.0661
0
VERTEX
8
CUT
10
32.5692
20
28.0622
0
VERTEX
8
CUT
10
32.8395
20
27.9941
0
VERTEX
8
CUT
10
32.8535
20
27.9907
0
VERTEX
8
CUT
10
32.9445
20
27.9701
0
VERTEX
8
CUT
10
32.9585
20
27.9671
0
VERTEX
8
CUT
10
33.0135
20
27.9560
0
VERTEX
8
CUT
10
33.0418
20
27.9510
0
VERTEX
8
CUT
10
33.2262
20
27.9229
0
VERTEX
8
CUT
10
33.2547
20
27.9193
0
VERTEX
8
CUT
10
33.3105
20
27.9135
0
VERTEX
8
CUT
10
33.3248
20
27.9122
0
VERTEX
8
CUT
10
33.4178
20
27.9048
0
VERTEX
8
CUT
10
33.4321
20
27.9039
0
VERTEX
8
CUT
10
34.2329
20
27.8595
0
VERTEX
8
CUT
10
34.2475
20
27.8589
0
VERTEX
8
CUT
10
34.3420
20
27.8559
0
VERTEX
8
CUT
10
34.3566
20
27.8556
0
VERTEX
8
CUT
10
34.4134
20
27.8553
0
VERTEX
8
CUT
10
34.4425
20
27.8558
0
VERTEX
8
CUT
10
34.6314
20
27.8636
0
VERTEX
8
CUT
10
34.6604
20
27.8656
0
VERTEX
8
CUT
10
34.7170
20
27.8707
0
VERTEX
8
CUT
10
34.7315
20
27.8722
0
VERTEX
8
CUT
10
34.8254
20
27.8830
0
VERTEX
8
CUT
10
34.8399
20
27.8848
0
VERTEX
8
CUT
10
36.0092
20
28.0480
0
VERTEX
8
CUT
10
36.0243
20
28.0503
0
VERTEX
8
CUT
10
36.1219
20
28.0665
0
VERTEX
8
CUT
10
36.1369
20
28.0692
0
VERTEX
8
CUT
10
36.1953
20
28.0804
0
VERTEX
8
CUT
10
36.2251
20
28.0869
0
VERTEX
8
CUT
10
36.4147
20
28.1333
0
VERTEX
8
CUT
10
36.4730
20
28.1508
0
VERTEX
8
CUT
10
36.6544
20
28.2153
0
VERTEX
8
CUT
10
36.7107
20
28.2386
0
VERTEX
8
CUT
10
36.8870
20
28.3223
0
VERTEX
8
CUT
10
36.9141
20
28.3361
0
VERTEX
8
CUT
10
36.9665
20
28.3643
0
VERTEX
8
CUT
10
36.9798
20
28.3717
0
VERTEX
8
CUT
10
37.0657
20
28.4208
0
VERTEX
8
CUT
10
37.0789
20
28.4285
0
VERTEX
8
CUT
10
37.8628
20
28.9036
0
VERTEX
8
CUT
10
37.8761
20
28.9119
0
VERTEX
8
CUT
10
37.9618
20
28.9670
0
VERTEX
8
CUT
10
37.9749
20
28.9757
0
VERTEX
8
CUT
10
38.0255
20
29.0101
0
VERTEX
8
CUT
10
38.0509
20
29.0284
0
VERTEX
8
CUT
10
38.2110
20
29.1499
0
VERTEX
8
CUT
10
38.2588
20
29.1903
0
VERTEX
8
CUT
10
38.4033
20
29.3260
0
VERTEX
8
CUT
10
38.4467
20
29.3712
0
VERTEX
8
CUT
10
38.5780
20
29.5232
0
VERTEX
8
CUT
10
38.5979
20
29.5475
0
VERTEX
8
CUT
10
38.6354
20
29.5958
0
VERTEX
8
CUT
10
38.6448
20
29.6084
0
VERTEX
8
CUT
10
38.7052
20
29.6904
0
VERTEX
8
CUT
10
38.7143
20
29.7032
0
VERTEX
8
CUT
10
39.2933
20
30.5355
0
VERTEX
8
CUT
10
39.3023
20
30.5488
0
VERTEX
8
CUT
10
39.3594
20
30.6358
0
VERTEX
8
CUT
10
39.3680
20
30.6493
0
VERTEX
8
CUT
10
39.4010
20
30.7025
0
VERTEX
8
CUT
10
39.4171
20
30.7301
0
VERTEX
8
CUT
10
39.5157
20
30.9102
0
VERTEX
8
CUT
10
39.5434
20
30.9679
0
VERTEX
8
CUT
10
39.6212
20
31.1548
0
VERTEX
8
CUT
10
39.6426
20
31.2152
0
VERTEX
8
CUT
10
39.7007
20
31.4120
0
VERTEX
8
CUT
10
39.7090
20
31.4430
0
VERTEX
8
CUT
10
39.7235
20
31.5038
0
VERTEX
8
CUT
10
39.7270
20
31.5194
0
VERTEX
8
CUT
10
39.7484
20
31.6213
0
VERTEX
8
CUT
10
39.7515
20
31.6370
0
VERTEX
8
CUT
10
39.9771
20
32.8726
0
VERTEX
8
CUT
10
39.9799
20
32.8890
0
VERTEX
8
CUT
10
39.9963
20
32.9960
0
VERTEX
8
CUT
10
39.9987
20
33.0125
0
VERTEX
8
CUT
10
40.0068
20
33.0770
0
VERTEX
8
CUT
10
40.0100
20
33.1101
0
VERTEX
8
CUT
10
40.0248
20
33.3230
0
VERTEX
8
CUT
10
40.0258
20
33.3896
0
VERTEX
8
CUT
10
40.0169
20
33.6028
0
VERTEX
8
CUT
10
40.0146
20
33.6360
0
VERTEX
8
CUT
10
40.0083
20
33.7007
0
VERTEX
8
CUT
10
40.0065
20
33.7172
0
VERTEX
8
CUT
10
39.9930
20
33.8246
0
VERTEX
8
CUT
10
39.9907
20
33.8411
0
VERTEX
8
CUT
10
39.8283
20
34.8973
0
VERTEX
8
CUT
10
39.8257
20
34.9130
0
VERTEX
8
CUT
10
39.8073
20
35.0146
0
VERTEX
8
CUT
10
39.8043
20
35.0302
0
VERTEX
8
CUT
10
39.7916
20
35.0909
0
VERTEX
8
CUT
10
39.7843
20
35.1219
0
VERTEX
8
CUT
10
39.7322
20
35.3187
0
VERTEX
8
CUT
10
39.7128
20
35.3792
0
VERTEX
8
CUT
10
39.6412
20
35.5668
0
VERTEX
8
CUT
10
39.6154
20
35.6249
0
VERTEX
8
CUT
10
39.5231
20
35.8064
0
VERTEX
8
CUT
10
39.5080
20
35.8344
0
VERTEX
8
CUT
10
39.4770
20
35.8881
0
VERTEX
8
CUT
10
39.4689
20
35.9017
0
VERTEX
8
CUT
10
39.4149
20
35.9898
0
VERTEX
8
CUT
10
39.4064
20
36.0032
0
VERTEX
8
CUT
10
39.1198
20
36.4441
0
VERTEX
8
CUT
10
39.1111
20
36.4571
0
VERTEX
8
CUT
10
39.0537
20
36.5407
0
VERTEX
8
CUT
10
39.0446
20
36.5535
0
VERTEX
8
CUT
10
39.0088
20
36.6028
0
VERTEX
8
CUT
10
38.9898
20
36.6276
0
VERTEX
8
CUT
10
38.8622
20
36.7852
0
VERTEX
8
CUT
10
38.8419
20
36.8090
0
VERTEX
8
CUT
10
38.8012
20
36.8543
0
VERTEX
8
CUT
10
38.7906
20
36.8658
0
VERTEX
8
CUT
10
38.7208
20
36.9394
0
VERTEX
8
CUT
10
38.7099
20
36.9506
0
VERTEX
8
CUT
10
37.8899
20
37.7720
0
VERTEX
8
CUT
10
37.8794
20
37.7823
0
VERTEX
8
CUT
10
37.8103
20
37.8481
0
VERTEX
8
CUT
10
37.7996
20
37.8581
0
VERTEX
8
CUT
10
37.7572
20
37.8967
0
VERTEX
8
CUT
10
37.7349
20
37.9159
0
VERTEX
8
CUT
10
37.5896
20
38.0354
0
VERTEX
8
CUT
10
37.5425
20
38.0705
0
VERTEX
8
CUT
10
37.3862
20
38.1752
0
VERTEX
8
CUT
10
37.3614
20
38.1910
0
VERTEX
8
CUT
10
37.3123
20
38.2205
0
VERTEX
8
CUT
10
37.2996
20
38.2279
0
VERTEX
8
CUT
10
37.2167
20
38.2751
0
VERTEX
8
CUT
10
37.2038
20
38.2822
0
VERTEX
8
CUT
10
36.6364
20
38.5868
0
VERTEX
8
CUT
10
36.6246
20
38.5929
0
VERTEX
8
CUT
10
36.5481
20
38.6319
0
VERTEX
8
CUT
10
36.5363
20
38.6377
0
VERTEX
8
CUT
10
36.4897
20
38.6601
0
VERTEX
8
CUT
10
36.4657
20
38.6710
0
VERTEX
8
CUT
10
36.3100
20
38.7377
0
VERTEX
8
CUT
10
36.2605
20
38.7563
0
VERTEX
8
CUT
10
36.1017
20
38.8083
0
VERTEX
8
CUT
10
36.0508
20
38.8226
0
VERTEX
8
CUT
10
35.8858
20
38.8609
0
VERTEX
8
CUT
10
35.8600
20
38.8663
0
VERTEX
8
CUT
10
35.8092
20
38.8758
0
VERTEX
8
CUT
10
35.7962
20
38.8780
0
VERTEX
8
CUT
10
35.7115
20
38.8919
0
VERTEX
8
CUT
10
35.6984
20
38.8939
0
VERTEX
8
CUT
10
34.8769
20
39.0099
0
VERTEX
8
CUT
10
34.8635
20
39.0116
0
VERTEX
8
CUT
10
34.7768
20
39.0219
0
VERTEX
8
CUT
10
34.7635
20
39.0233
0
VERTEX
8
CUT
10
34.7112
20
39.0283
0
VERTEX
8
CUT
10
34.6844
20
39.0303
0
VERTEX
8
CUT
10
34.5124
20
39.0390
0
VERTEX
8
CUT
10
34.4587
20
39.0393
0
VERTEX
8
CUT
10
34.2866
20
39.0326
0
VERTEX
8
CUT
10
34.2598
20
39.0310
0
VERTEX
8
CUT
10
34.2075
20
39.0266
0
VERTEX
8
CUT
10
34.1941
20
39.0253
0
VERTEX
8
CUT
10
34.1073
20
39.0161
0
VERTEX
8
CUT
10
34.0940
20
39.0145
0
VERTEX
8
CUT
10
33.4269
20
38.9283
0
VERTEX
8
CUT
10
33.4090
20
38.9257
0
VERTEX
8
CUT
10
33.2928
20
38.9072
0
VERTEX
8
CUT
10
33.2750
20
38.9040
0
VERTEX
8
CUT
10
33.2056
20
38.8908
0
VERTEX
8
CUT
10
33.1703
20
38.8829
0
VERTEX
8
CUT
10
32.9425
20
38.8249
0
VERTEX
8
CUT
10
32.9077
20
38.8150
0
VERTEX
8
CUT
10
32.8404
20
38.7935
0
VERTEX
8
CUT
10
32.8233
20
38.7877
0
VERTEX
8
CUT
10
32.7124
20
38.7485
0
VERTEX
8
CUT
10
32.6954
20
38.7422
0
VERTEX
8
CUT
10
32.1026
20
38.5124
0
VERTEX
8
CUT
10
32.0860
20
38.5057
0
VERTEX
8
CUT
10
31.9786
20
38.4603
0
VERTEX
8
CUT
10
31.9622
20
38.4531
0
VERTEX
8
CUT
10
31.8986
20
38.4239
0
VERTEX
8
CUT
10
31.8664
20
38.4080
0
VERTEX
8
CUT
10
31.6608
20
38.2985
0
VERTEX
8
CUT
10
31.6297
20
38.2807
0
VERTEX
8
CUT
10
31.5700
20
38.2442
0
VERTEX
8
CUT
10
31.5549
20
38.2346
0
VERTEX
8
CUT
10
31.4573
20
38.1708
0
VERTEX
8
CUT
10
31.4424
20
38.1607
0
VERTEX
8
CUT
10
30.9077
20
37.7878
0
VERTEX
8
CUT
10
30.8937
20
37.7777
0
VERTEX
8
CUT
10
30.8036
20
37.7109
0
VERTEX
8
CUT
10
30.7899
20
37.7005
0
VERTEX
8
CUT
10
30.7370
20
37.6589
0
VERTEX
8
CUT
10
30.7106
20
37.6368
0
VERTEX
8
CUT
10
30.5428
20
37.4884
0
VERTEX
8
CUT
10
30.5176
20
37.4648
0
VERTEX
8
CUT
10
30.4698
20
37.4174
0
VERTEX
8
CUT
10
30.4578
20
37.4051
0
VERTEX
8
CUT
10
30.3805
20
37.3239
0
VERTEX
8
CUT
10
30.3688
20
37.3113
0
VERTEX
8
CUT
10
29.9860
20
36.8850
0
VERTEX
8
CUT
10
29.9743
20
36.8716
0
VERTEX
8
CUT
10
29.9000
20
36.7838
0
VERTEX
8
CUT
10
29.8888
20
36.7701
0
VERTEX
8
CUT
10
29.8458
20
36.7161
0
VERTEX
8
CUT
10
29.8245
20
36.6878
0
VERTEX
8
CUT
10
29.6921
20
36.4999
0
VERTEX
8
CUT
10
29.6726
20
36.4703
0
VERTEX
8
CUT
10
29.6362
20
36.4116
0
VERTEX
8
CUT
10
29.6271
20
36.3965
0
VERTEX
8
CUT
10
29.5694
20
36.2969
0
VERTEX
8
CUT
10
29.5608
20
36.2815
0
VERTEX
8
CUT
10
29.2530
20
35.7123
0
VERTEX
8
CUT
10
29.2447
20
35.6965
0
VERTEX
8
CUT
10
29.1925
20
35.5926
0
VERTEX
8
CUT
10
29.1847
20
35.5765
0
VERTEX
8
CUT
10
29.1552
20
35.5132
0
VERTEX
8
CUT
10
29.1411
20
35.4803
0
VERTEX
8
CUT
10
29.0557
20
35.2642
0
VERTEX
8
CUT
10
29.0435
20
35.2305
0
VERTEX
8
CUT
10
29.0218
20
35.1642
0
VERTEX
8
CUT
10
29.0164
20
35.1472
0
VERTEX
8
CUT
10
28.9835
20
35.0356
0
VERTEX
8
CUT
10
28.9787
20
35.0184
0
VERTEX
8
CUT
10
28.8260
20
34.4377
0
VERTEX
8
CUT
10
28.8229
20
34.4252
0
VERTEX
8
CUT
10
28.8034
20
34.3441
0
VERTEX
8
CUT
10
28.8006
20
34.3316
0
VERTEX
8
CUT
10
28.7899
20
34.2826
0
VERTEX
8
CUT
10
28.7850
20
34.2574
0
VERTEX
8
CUT
10
28.7569
20
34.0954
0
VERTEX
8
CUT
10
28.7503
20
34.0445
0
VERTEX
8
CUT
10
28.7362
20
33.8806
0
VERTEX
8
CUT
10
28.7345
20
33.8550
0
VERTEX
8
CUT
10
28.7324
20
33.8049
0
VERTEX
8
CUT
10
28.7319
20
33.7920
0
SEQEND
0
POLYLINE
8
CUT
66
1
70
1
10
0.0
20
0.0
30
0.0
0
VERTEX
8
CUT
10
27.1028
20
219.7671
0
VERTEX
8
CUT
10
27.1028
20
219.7527
0
VERTEX
8
CUT
10
27.1142
20
218.9844
0
VERTEX
8
CUT
10
27.1145
20
218.9704
0
VERTEX
8
CUT
10
27.1180
20
218.8798
0
VERTEX
8
CUT
10
27.1187
20
218.8659
0
VERTEX
8
CUT
10
27.1220
20
218.8115
0
VERTEX
8
CUT
10
27.1244
20
218.7837
0
VERTEX
8
CUT
10
27.1436
20
218.6060
0
VERTEX
8
CUT
10
27.1522
20
218.5508
0
VERTEX
8
CUT
10
27.1879
20
218.3756
0
VERTEX
8
CUT
10
27.1941
20
218.3484
0
VERTEX
8
CUT
10
27.2074
20
218.2956
0
VERTEX
8
CUT
10
27.2110
20
218.2821
0
VERTEX
8
CUT
10
27.2352
20
218.1947
0
VERTEX
8
CUT
10
27.2391
20
218.1813
0
VERTEX
8
CUT
10
27.5020
20
217.3124
0
VERTEX
8
CUT
10
27.5068
20
217.2972
0
VERTEX
8
CUT
10
27.5394
20
217.1990
0
VERTEX
8
CUT
10
27.5446
20
217.1840
0
VERTEX
8
CUT
10
27.5657
20
217.1256
0
VERTEX
8
CUT
10
27.5773
20
217.0959
0
VERTEX
8
CUT
10
27.6567
20
216.9081
0
VERTEX
8
CUT
10
27.6846
20
216.8509
0
VERTEX
8
CUT
10
27.7834
20
216.6725
0
VERTEX
8
CUT
10
27.7996
20
216.6451
0
VERTEX
8
CUT
10
27.8325
20
216.5924
0
VERTEX
8
CUT
10
27.8412
20
216.5790
0
VERTEX
8
CUT
10
27.8983
20
216.4928
0
VERTEX
8
CUT
10
27.9073
20
216.4797
0
VERTEX
8
CUT
10
28.4863
20
215.6550
0
VERTEX
8
CUT
10
28.4964
20
215.6411
0
VERTEX
8
CUT
10
28.5632
20
215.5515
0
VERTEX
8
CUT
10
28.5737
20
215.5379
0
VERTEX
8
CUT
10
28.6153
20
215.4853
0
VERTEX
8
CUT
10
28.6374
20
215.4589
0
VERTEX
8
CUT
10
28.7859
20
215.2920
0
VERTEX
8
CUT
10
28.8095
20
215.2669
0
VERTEX
8
CUT
10
28.8568
20
215.2194
0
VERTEX
8
CUT
10
28.8692
20
215.2074
0
VERTEX
8
CUT
10
28.9503
20
215.1306
0
VERTEX
8
CUT
10
28.9630
20
215.1189
0
VERTEX
8
CUT
10
29.1300
20
214.9697
0
VERTEX
8
CUT
10
29.1421
20
214.9592
0
VERTEX
8
CUT
10
29.2218
20
214.8917
0
VERTEX
8
CUT
10
29.2343
20
214.8814
0
VERTEX
8
CUT
10
29.2832
20
214.8422
0
VERTEX
8
CUT
10
29.3088
20
214.8228
0
VERTEX
8
CUT
10
29.4785
20
214.7011
0
VERTEX
8
CUT
10
29.5051
20
214.6831
0
VERTEX
8
CUT
10
29.5580
20
214.6493
0
VERTEX
8
CUT
10
29.5716
20
214.6408
0
VERTEX
8
CUT
10
29.6611
20
214.5870
0
VERTEX
8
CUT
10
29.6750
20
214.5789
0
VERTEX
8
CUT
10
30.6485
20
214.0279
0
VERTEX
8
CUT
10
30.6616
20
214.0208
0
VERTEX
8
CUT
10
30.7470
20
213.9752
0
VERTEX
8
CUT
10
30.7603
20
213.9683
0
VERTEX
8
CUT
10
30.8123
20
213.9422
0
VERTEX
8
CUT
10
30.8392
20
213.9295
0
VERTEX
8
CUT
10
31.0139
20
213.8524
0
VERTEX
8
CUT
10
31.0695
20
213.8311
0
VERTEX
8
CUT
10
31.2510
20
213.7717
0
VERTEX
8
CUT
10
31.2795
20
213.7631
0
VERTEX
8
CUT
10
31.3356
20
213.7478
0
VERTEX
8
CUT
10
31.3501
20
213.7441
0
VERTEX
8
CUT
10
31.4441
20
213.7209
0
VERTEX
8
CUT
10
31.4586
20
213.7175
0
VERTEX
8
CUT
10
32.4519
20
213.4985
0
VERTEX
8
CUT
10
32.4678
20
213.4952
0
VERTEX
8
CUT
10
32.5718
20
213.4753
0
VERTEX
8
CUT
10
32.5878
20
213.4724
0
VERTEX
8
CUT
10
32.6506
20
213.4621
0
VERTEX
8
CUT
10
32.6829
20
213.4577
0
VERTEX
8
CUT
10
32.8932
20
213.4348
0
VERTEX
8
CUT
10
32.9257
20
213.4322
0
VERTEX
8
CUT
10
32.9892
20
213.4287
0
VERTEX
8
CUT
10
33.0054
20
213.4281
0
VERTEX
8
CUT
10
33.1113
20
213.4252
0
VERTEX
8
CUT
10
33.1276
20
213.4250
0
VERTEX
8
CUT
10
33.3527
20
213.4251
0
VERTEX
8
CUT
10
33.3710
20
213.4254
0
VERTEX
8
CUT
10
33.4903
20
213.4290
0
VERTEX
8
CUT
10
33.5087
20
213.4299
0
VERTEX
8
CUT
10
33.5801
20
213.4343
0
VERTEX
8
CUT
10
33.6167
20
213.4377
0
VERTEX
8
CUT
10
33.8534
20
213.4669
0
VERTEX
8
CUT
10
33.8897
20
213.4725
0
VERTEX
8
CUT
10
33.9601
20
213.4856
0
VERTEX
8
CUT
10
33.9781
20
213.4892
0
VERTEX
8
CUT
10
34.0947
20
213.5146
0
VERTEX
8
CUT
10
34.1126
20
213.5188
0
VERTEX
8
CUT
10
35.0791
20
213.7606
0
VERTEX
8
CUT
10
35.0930
20
213.7642
0
VERTEX
8
CUT
10
35.1831
20
213.7891
0
VERTEX
8
CUT
10
35.1969
20
213.7931
0
VERTEX
8
CUT
10
35.2506
20
213.8093
0
VERTEX
8
CUT
10
35.2780
20
213.8182
0
VERTEX
8
CUT
10
35.4516
20
213.8799
0
VERTEX
8
CUT
10
35.5048
20
213.9017
0
VERTEX
8
CUT
10
35.6717
20
213.9796
0
VERTEX
8
CUT
10
35.6975
20
213.9924
0
VERTEX
8
CUT
10
35.7472
20
214.0186
0
VERTEX
8
CUT
10
35.7598
20
214.0254
0
VERTEX
8
CUT
10
35.8414
20
214.0709
0
VERTEX
8
CUT
10
35.8539
20
214.0781
0
VERTEX
8
CUT
10
36.4650
20
214.4383
0
VERTEX
8
CUT
10
36.4762
20
214.4451
0
VERTEX
8
CUT
10
36.5485
20
214.4899
0
VERTEX
8
CUT
10
36.5596
20
214.4969
0
VERTEX
8
CUT
10
36.6025
20
214.5248
0
VERTEX
8
CUT
10
36.6241
20
214.5395
0
VERTEX
8
CUT
10
36.7607
20
214.6370
0
VERTEX
8
CUT
10
36.8019
20
214.6692
0
VERTEX
8
CUT
10
36.9295
20
214.7783
0
VERTEX
8
CUT
10
36.9490
20
214.7957
0
VERTEX
8
CUT
10
36.9864
20
214.8306
0
VERTEX
8
CUT
10
36.9959
20
214.8397
0
VERTEX
8
CUT
10
37.0568
20
214.8991
0
VERTEX
8
CUT
10
37.0661
20
214.9083
0
VERTEX
8
CUT
10
37.5764
20
215.4280
0
VERTEX
8
CUT
10
37.5859
20
215.4379
0
VERTEX
8
CUT
10
37.6471
20
215.5031
0
VERTEX
8
CUT
10
37.6564
20
215.5133
0
VERTEX
8
CUT
10
37.6923
20
215.5533
0
VERTEX
8
CUT
10
37.7102
20
215.5742
0
VERTEX
8
CUT
10
37.8217
20
215.7109
0
VERTEX
8
CUT
10
37.8545
20
215.7551
0
VERTEX
8
CUT
10
37.9531
20
215.9014
0
VERTEX
8
CUT
10
37.9679
20
215.9246
0
VERTEX
8
CUT
10
37.9959
20
215.9705
0
VERTEX
8
CUT
10
38.0029
20
215.9823
0
VERTEX
8
CUT
10
38.0476
20
216.0597
0
VERTEX
8
CUT
10
38.0544
20
216.0717
0
VERTEX
8
CUT
10
38.4258
20
216.7499
0
VERTEX
8
CUT
10
38.4339
20
216.7652
0
VERTEX
8
CUT
10
38.4852
20
216.8658
0
VERTEX
8
CUT
10
38.4929
20
216.8813
0
VERTEX
8
CUT
10
38.5220
20
216.9425
0
VERTEX
8
CUT
10
38.5359
20
216.9743
0
VERTEX
8
CUT
10
38.6207
20
217.1834
0
VERTEX
8
CUT
10
38.6328
20
217.2159
0
VERTEX
8
CUT
10
38.6546
20
217.2801
0
VERTEX
8
CUT
10
38.6600
20
217.2966
0
VERTEX
8
CUT
10
38.6931
20
217.4045
0
VERTEX
8
CUT
10
38.6980
20
217.4212
0
VERTEX
8
CUT
10
38.8969
20
218.1413
0
VERTEX
8
CUT
10
38.9010
20
218.1570
0
VERTEX
8
CUT
10
38.9262
20
218.2589
0
VERTEX
8
CUT
10
38.9299
20
218.2747
0
VERTEX
8
CUT
10
38.9434
20
218.3363
0
VERTEX
8
CUT
10
38.9494
20
218.3680
0
VERTEX
8
CUT
10
38.9832
20
218.5752
0
VERTEX
8
CUT
10
38.9876
20
218.6072
0
VERTEX
8
CUT
10
38.9944
20
218.6699
0
VERTEX
8
CUT
10
38.9959
20
218.6860
0
VERTEX
8
CUT
10
39.0044
20
218.7907
0
VERTEX
8
CUT
10
39.0055
20
218.8068
0
VERTEX
8
CUT
10
39.0452
20
219.5419
0
VERTEX
8
CUT
10
39.0458
20
219.5554
0
VERTEX
8
CUT
10
39.0485
20
219.6432
0
VERTEX
8
CUT
10
39.0488
20
219.6567
0
VERTEX
8
CUT
10
39.0493
20
219.7095
0
VERTEX
8
CUT
10
39.0489
20
219.7366
0
VERTEX
8
CUT
10
39.0426
20
219.9097
0
VERTEX
8
CUT
10
39.0382
20
219.9636
0
VERTEX
8
CUT
10
39.0164
20
220.1354
0
VERTEX
8
CUT
10
39.0124
20
220.1622
0
VERTEX
8
CUT
10
39.0034
20
220.2142
0
VERTEX
8
CUT
10
39.0010
20
220.2275
0
VERTEX
8
CUT
10
38.9841
20
220.3137
0
VERTEX
8
CUT
10
38.9813
20
220.3269
0
VERTEX
8
CUT
10
38.8288
20
221.0207
0
VERTEX
8
CUT
10
38.8247
20
221.0380
0
VERTEX
8
CUT
10
38.7965
20
221.1504
0
VERTEX
8
CUT
10
38.7919
20
221.1676
0
VERTEX
8
CUT
10
38.7730
20
221.2345
0
VERTEX
8
CUT
10
38.7623
20
221.2685
0
VERTEX
8
CUT
10
38.6861
20
221.4871
0
VERTEX
8
CUT
10
38.6734
20
221.5204
0
VERTEX
8
CUT
10
38.6467
20
221.5845
0
VERTEX
8
CUT
10
38.6396
20
221.6009
0
VERTEX
8
CUT
10
38.5919
20
221.7064
0
VERTEX
8
CUT
10
38.5843
20
221.7226
0
VERTEX
8
CUT
10
38.2800
20
222.3461
0
VERTEX
8
CUT
10
38.2741
20
222.3579
0
VERTEX
8
CUT
10
38.2349
20
222.4339
0
VERTEX
8
CUT
10
38.2288
20
222.4456
0
VERTEX
8
CUT
10
38.2042
20
222.4908
0
VERTEX
8
CUT
10
38.1911
20
222.5136
0
VERTEX
8
CUT
10
38.1041
20
222.6582
0
VERTEX
8
CUT
10
38.0750
20
222.7021
0
VERTEX
8
CUT
10
37.9756
20
222.8386
0
VERTEX
8
CUT
10
37.9596
20
222.8595
0
VERTEX
8
CUT
10
37.9275
20
222.8997
0
VERTEX
8
CUT
10
37.9192
20
222.9099
0
VERTEX
8
CUT
10
37.8644
20
222.9756
0
VERTEX
8
CUT
10
37.8558
20
222.9856
0
VERTEX
8
CUT
10
37.3482
20
223.5675
0
VERTEX
8
CUT
10
37.3378
20
223.5791
0
VERTEX
8
CUT
10
37.2691
20
223.6538
0
VERTEX
8
CUT
10
37.2584
20
223.6652
0
VERTEX
8
CUT
10
37.2160
20
223.7089
0
VERTEX
8
CUT
10
37.1937
20
223.7308
0
VERTEX
8
CUT
10
37.0473
20
223.8670
0
VERTEX
8
CUT
10
36.9995
20
223.9071
0
VERTEX
8
CUT
10
36.8397
20
224.0274
0
VERTEX
8
CUT
10
36.8142
20
224.0455
0
VERTEX
8
CUT
10
36.7637
20
224.0796
0
VERTEX
8
CUT
10
36.7507
20
224.0881
0
VERTEX
8
CUT
10
36.6651
20
224.1426
0
VERTEX
8
CUT
10
36.6519
20
224.1509
0
VERTEX
8
CUT
10
35.6686
20
224.7419
0
VERTEX
8
CUT
10
35.6563
20
224.7491
0
VERTEX
8
CUT
10
35.5758
20
224.7949
0
VERTEX
8
CUT
10
35.5633
20
224.8019
0
VERTEX
8
CUT
10
35.5143
20
224.8282
0
VERTEX
8
CUT
10
35.4889
20
224.8411
0
VERTEX
8
CUT
10
35.3242
20
224.9200
0
VERTEX
8
CUT
10
35.2717
20
224.9421
0
VERTEX
8
CUT
10
35.1025
20
225.0041
0
VERTEX
8
CUT
10
35.0481
20
225.0211
0
VERTEX
8
CUT
10
34.8715
20
225.0674
0
VERTEX
8
CUT
10
34.8437
20
225.0740
0
VERTEX
8
CUT
10
34.7893
20
225.0855
0
VERTEX
8
CUT
10
34.7753
20
225.0883
0
VERTEX
8
CUT
10
34.6843
20
225.1053
0
VERTEX
8
CUT
10
34.6703
20
225.1078
0
VERTEX
8
CUT
10
33.5506
20
225.2899
0
VERTEX
8
CUT
10
33.5346
20
225.2923
0
VERTEX
8
CUT
10
33.4303
20
225.3064
0
VERTEX
8
CUT
10
33.4142
20
225.3083
0
VERTEX
8
CUT
10
33.3514
20
225.3151
0
VERTEX
8
CUT
10
33.3191
20
225.3177
0
VERTEX
8
CUT
10
33.1120
20
225.3287
0
VERTEX
8
CUT
10
33.0472
20
225.3287
0
VERTEX
8
CUT
10
32.8401
20
225.3174
0
VERTEX
8
CUT
10
32.8078
20
225.3147
0
VERTEX
8
CUT
10
32.7450
20
225.3079
0
VERTEX
8
CUT
10
32.7289
20
225.3059
0
VERTEX
8
CUT
10
32.6246
20
225.2917
0
VERTEX
8
CUT
10
32.6086
20
225.2893
0
VERTEX
8
CUT
10
31.5672
20
225.1184
0
VERTEX
8
CUT
10
31.5533
20
225.1160
0
VERTEX
8
CUT
10
31.4634
20
225.0990
0
VERTEX
8
CUT
10
31.4496
20
225.0963
0
VERTEX
8
CUT
10
31.3958
20
225.0848
0
VERTEX
8
CUT
10
31.3684
20
225.0783
0
VERTEX
8
CUT
10
31.1938
20
225.0325
0
VERTEX
8
CUT
10
31.1400
20
225.0157
0
VERTEX
8
CUT
10
30.9705
20
224.9538
0
VERTEX
8
CUT
10
30.9443
20
224.9435
0
VERTEX
8
CUT
10
30.8936
20
224.9222
0
VERTEX
8
CUT
10
30.8807
20
224.9166
0
VERTEX
8
CUT
10
30.7971
20
224.8792
0
VERTEX
8
CUT
10
30.7843
20
224.8733
0
VERTEX
8
CUT
10
30.0641
20
224.5304
0
VERTEX
8
CUT
10
30.0504
20
224.5237
0
VERTEX
8
CUT
10
29.9624
20
224.4791
0
VERTEX
8
CUT
10
29.9490
20
224.4721
0
VERTEX
8
CUT
10
29.8968
20
224.4439
0
VERTEX
8
CUT
10
29.8705
20
224.4288
0
VERTEX
8
CUT
10
29.7041
20
224.3279
0
VERTEX
8
CUT
10
29.6539
20
224.2938
0
VERTEX
8
CUT
10
29.4986
20
224.1765
0
VERTEX
8
CUT
10
29.4749
20
224.1576
0
VERTEX
8
CUT
10
29.4294
20
224.1196
0
VERTEX
8
CUT
10
29.4179
20
224.1097
0
VERTEX
8
CUT
10
29.3439
20
224.0444
0
VERTEX
8
CUT
10
29.3326
20
224.0342
0
VERTEX
8
CUT
10
28.7271
20
223.4725
0
VERTEX
8
CUT
10
28.7173
20
223.4632
0
VERTEX
8
CUT
10
28.6541
20
223.4018
0
VERTEX
8
CUT
10
28.6445
20
223.3923
0
VERTEX
8
CUT
10
28.6074
20
223.3545
0
VERTEX
8
CUT
10
28.5888
20
223.3348
0
VERTEX
8
CUT
10
28.4726
20
223.2057
0
VERTEX
8
CUT
10
28.4382
20
223.1638
0
VERTEX
8
CUT
10
28.3342
20
223.0247
0
VERTEX
8
CUT
10
28.3185
20
223.0026
0
VERTEX
8
CUT
10
28.2887
20
222.9588
0
VERTEX
8
CUT
10
28.2812
20
222.9475
0
VERTEX
8
CUT
10
28.2333
20
222.8736
0
VERTEX
8
CUT
10
28.2261
20
222.8621
0
VERTEX
8
CUT
10
27.7470
20
222.0838
0
VERTEX
8
CUT
10
27.7398
20
222.0718
0
VERTEX
8
CUT
10
27.6939
20
221.9932
0
VERTEX
8
CUT
10
27.6870
20
221.9811
0
VERTEX
8
CUT
10
27.6605
20
221.9332
0
VERTEX
8
CUT
10
27.6475
20
221.9084
0
VERTEX
8
CUT
10
27.5681
20
221.7475
0
VERTEX
8
CUT
10
27.5457
20
221.6962
0
VERTEX
8
CUT
10
27.4816
20
221.5286
0
VERTEX
8
CUT
10
27.4722
20
221.5022
0
VERTEX
8
CUT
10
27.4551
20
221.4503
0
VERTEX
8
CUT
10
27.4509
20
221.4369
0
VERTEX
8
CUT
10
27.4244
20
221.3499
0
VERTEX
8
CUT
10
27.4205
20
221.3365
0
VERTEX
8
CUT
10
27.2098
20
220.5805
0
VERTEX
8
CUT
10
27.2061
20
220.5667
0
VERTEX
8
CUT
10
27.1833
20
220.4764
0
VERTEX
8
CUT
10
27.1799
20
220.4625
0
VERTEX
8
CUT
10
27.1675
20
220.4079
0
VERTEX
8
CUT
10
27.1618
20
220.3798
0
VERTEX
8
CUT
10
27.1296
20
220.1990
0
VERTEX
8
CUT
10
27.1222
20
220.1421
0
VERTEX
8
CUT
10
27.1074
20
219.9591
0
VERTEX
8
CUT
10
27.1058
20
219.9305
0
VERTEX
8
CUT
10
27.1039
20
219.8745
0
VERTEX
8
CUT
10
27.1036
20
219.8602
0
SEQEND
0
POLYLINE
8
CUT
66
1
70
1
10
0.0
20
0.0
30
0.0
0
VERTEX
8
CUT
10
21.2121
20
124.4279
0
VERTEX
8
CUT
10
21.2174
20
124.4132
0
VERTEX
8
CUT
10
21.2387
20
124.3561
0
VERTEX
8
CUT
10
21.2504
20
124.3271
0
VERTEX
8
CUT
10
21.3313
20
124.1411
0
VERTEX
8
CUT
10
21.3445
20
124.1128
0
VERTEX
8
CUT
10
21.3717
20
124.0583
0
VERTEX
8
CUT
10
21.3789
20
124.0444
0
VERTEX
8
CUT
10
21.4265
20
123.9548
0
VERTEX
8
CUT
10
21.4340
20
123.9411
0
VERTEX
8
CUT
10
21.7689
20
123.3484
0
VERTEX
8
CUT
10
21.7765
20
123.3354
0
VERTEX
8
CUT
10
21.8269
20
123.2512
0
VERTEX
8
CUT
10
21.8348
20
123.2383
0
VERTEX
8
CUT
10
21.8664
20
123.1885
0
VERTEX
8
CUT
10
21.8832
20
123.1635
0
VERTEX
8
CUT
10
21.9963
20
123.0033
0
VERTEX
8
CUT
10
22.0144
20
122.9790
0
VERTEX
8
CUT
10
22.0508
20
122.9327
0
VERTEX
8
CUT
10
22.0602
20
122.9209
0
VERTEX
8
CUT
10
22.1227
20
122.8453
0
VERTEX
8
CUT
10
22.1325
20
122.8337
0
VERTEX
8
CUT
10
22.5737
20
122.3263
0
VERTEX
8
CUT
10
22.5855
20
122.3132
0
VERTEX
8
CUT
10
22.6629
20
122.2292
0
VERTEX
8
CUT
10
22.6750
20
122.2165
0
VERTEX
8
CUT
10
22.7229
20
122.1675
0
VERTEX
8
CUT
10
22.7482
20
122.1431
0
VERTEX
8
CUT
10
22.9171
20
121.9895
0
VERTEX
8
CUT
10
22.9438
20
121.9666
0
VERTEX
8
CUT
10
22.9971
20
121.9236
0
VERTEX
8
CUT
10
23.0110
20
121.9127
0
VERTEX
8
CUT
10
23.1019
20
121.8436
0
VERTEX
8
CUT
10
23.1161
20
121.8332
0
VERTEX
8
CUT
10
24.0504
20
121.1651
0
VERTEX
8
CUT
10
24.0646
20
121.1552
0
VERTEX
8
CUT
10
24.1578
20
121.0926
0
VERTEX
8
CUT
10
24.1723
20
121.0832
0
VERTEX
8
CUT
10
24.2292
20
121.0472
0
VERTEX
8
CUT
10
24.2590
20
121.0296
0
VERTEX
8
CUT
10
24.4553
20
120.9209
0
VERTEX
8
CUT
10
24.4859
20
120.9051
0
VERTEX
8
CUT
10
24.5467
20
120.8759
0
VERTEX
8
CUT
10
24.5623
20
120.8686
0
VERTEX
8
CUT
10
24.6649
20
120.8230
0
VERTEX
8
CUT
10
24.6808
20
120.8162
0
VERTEX
8
CUT
10
24.8262
20
120.7563
0
VERTEX
8
CUT
10
24.8428
20
120.7498
0
VERTEX
8
CUT
10
24.9512
20
120.7089
0
VERTEX
8
CUT
10
24.9680
20
120.7028
0
VERTEX
8
CUT
10
25.0337
20
120.6802
0
VERTEX
8
CUT
10
25.0678
20
120.6697
0
VERTEX
8
CUT
10
25.2909
20
120.6075
0
VERTEX
8
CUT
10
25.3256
20
120.5990
0
VERTEX
8
CUT
10
25.3935
20
120.5844
0
VERTEX
8
CUT
10
25.4110
20
120.5809
0
VERTEX
8
CUT
10
25.5250
20
120.5599
0
VERTEX
8
CUT
10
25.5426
20
120.5569
0
VERTEX
8
CUT
10
26.3809
20
120.4280
0
VERTEX
8
CUT
10
26.3865
20
120.4271
0
VERTEX
8
CUT
10
26.4017
20
120.4250
0
VERTEX
8
CUT
10
26.5002
20
120.4124
0
VERTEX
8
CUT
10
26.5154
20
120.4106
0
VERTEX
8
CUT
10
26.5747
20
120.4046
0
VERTEX
8
CUT
10
26.6052
20
120.4023
0
VERTEX
8
CUT
10
26.8008
20
120.3923
0
VERTEX
8
CUT
10
26.8619
20
120.3923
0
VERTEX
8
CUT
10
27.0574
20
120.4024
0
VERTEX
8
CUT
10
27.0879
20
120.4047
0
VERTEX
8
CUT
10
27.1473
20
120.4108
0
VERTEX
8
CUT
10
27.1624
20
120.4125
0
VERTEX
8
CUT
10
27.2609
20
120.4252
0
VERTEX
8
CUT
10
27.2761
20
120.4273
0
VERTEX
8
CUT
10
28.3065
20
120.5863
0
VERTEX
8
CUT
10
28.3241
20
120.5892
0
VERTEX
8
CUT
10
28.4379
20
120.6103
0
VERTEX
8
CUT
10
28.4553
20
120.6137
0
VERTEX
8
CUT
10
28.5232
20
120.6284
0
VERTEX
8
CUT
10
28.5578
20
120.6369
0
VERTEX
8
CUT
10
28.7805
20
120.6990
0
VERTEX
8
CUT
10
28.8145
20
120.7096
0
VERTEX
8
CUT
10
28.8227
20
120.7124
0
VERTEX
8
CUT
10
28.8296
20
120.7143
0
VERTEX
8
CUT
10
28.8635
20
120.7250
0
VERTEX
8
CUT
10
28.9290
20
120.7478
0
VERTEX
8
CUT
10
28.9458
20
120.7539
0
VERTEX
8
CUT
10
29.0538
20
120.7951
0
VERTEX
8
CUT
10
29.0703
20
120.8017
0
VERTEX
8
CUT
10
29.6657
20
121.0493
0
VERTEX
8
CUT
10
29.6799
20
121.0554
0
VERTEX
8
CUT
10
29.7717
20
121.0964
0
VERTEX
8
CUT
10
29.7857
20
121.1029
0
VERTEX
8
CUT
10
29.8402
20
121.1289
0
VERTEX
8
CUT
10
29.8677
20
121.1429
0
VERTEX
8
CUT
10
30.0442
20
121.2387
0
VERTEX
8
CUT
10
30.0710
20
121.2542
0
VERTEX
8
CUT
10
30.1225
20
121.2857
0
VERTEX
8
CUT
10
30.1356
20
121.2939
0
VERTEX
8
CUT
10
30.2199
20
121.3485
0
VERTEX
8
CUT
10
30.2328
20
121.3571
0
VERTEX
8
CUT
10
30.2377
20
121.3604
0
VERTEX
8
CUT
10
30.4927
20
121.5349
0
VERTEX
8
CUT
10
30.4927
20
121.5350
0
VERTEX
8
CUT
10
30.5065
20
121.5447
0
VERTEX
8
CUT
10
30.5949
20
121.6089
0
VERTEX
8
CUT
10
30.6084
20
121.6190
0
VERTEX
8
CUT
10
30.6604
20
121.6591
0
VERTEX
8
CUT
10
30.6865
20
121.6804
0
VERTEX
8
CUT
10
30.8497
20
121.8213
0
VERTEX
8
CUT
10
30.8981
20
121.8681
0
VERTEX
8
CUT
10
31.0444
20
122.0265
0
VERTEX
8
CUT
10
31.0666
20
122.0518
0
VERTEX
8
CUT
10
31.1084
20
122.1024
0
VERTEX
8
CUT
10
31.1189
20
122.1156
0
VERTEX
8
CUT
10
31.1861
20
122.2019
0
VERTEX
8
CUT
10
31.1963
20
122.2153
0
VERTEX
8
CUT
10
32.2772
20
123.6857
0
VERTEX
8
CUT
10
32.2848
20
123.6963
0
VERTEX
8
CUT
10
32.3333
20
123.7654
0
VERTEX
8
CUT
10
32.3407
20
123.7761
0
VERTEX
8
CUT
10
32.3689
20
123.8183
0
VERTEX
8
CUT
10
32.3829
20
123.8402
0
VERTEX
8
CUT
10
32.4697
20
123.9825
0
VERTEX
8
CUT
10
32.4947
20
124.0280
0
VERTEX
8
CUT
10
32.5678
20
124.1753
0
VERTEX
8
CUT
10
32.5889
20
124.2228
0
VERTEX
8
CUT
10
32.6497
20
124.3779
0
VERTEX
8
CUT
10
32.6587
20
124.4023
0
VERTEX
8
CUT
10
32.6752
20
124.4503
0
VERTEX
8
CUT
10
32.6793
20
124.4627
0
VERTEX
8
CUT
10
32.7050
20
124.5431
0
VERTEX
8
CUT
10
32.7088
20
124.5556
0
VERTEX
8
CUT
10
32.8302
20
124.9665
0
VERTEX
8
CUT
10
32.8339
20
124.9796
0
VERTEX
8
CUT
10
32.8570
20
125.0648
0
VERTEX
8
CUT
10
32.8604
20
125.0780
0
VERTEX
8
CUT
10
32.8731
20
125.1295
0
VERTEX
8
CUT
10
32.8790
20
125.1560
0
VERTEX
8
CUT
10
32.9131
20
125.3268
0
VERTEX
8
CUT
10
32.9212
20
125.3805
0
VERTEX
8
CUT
10
32.9394
20
125.5513
0
VERTEX
8
CUT
10
32.9427
20
125.6055
0
VERTEX
8
CUT
10
32.9455
20
125.7796
0
VERTEX
8
CUT
10
32.9453
20
125.8068
0
VERTEX
8
CUT
10
32.9437
20
125.8598
0
VERTEX
8
CUT
10
32.9431
20
125.8734
0
VERTEX
8
CUT
10
32.9385
20
125.9616
0
VERTEX
8
CUT
10
32.9376
20
125.9751
0
VERTEX
8
CUT
10
32.7952
20
127.8705
0
VERTEX
8
CUT
10
32.7941
20
127.8840
0
VERTEX
8
CUT
10
32.7855
20
127.9714
0
VERTEX
8
CUT
10
32.7841
20
127.9848
0
VERTEX
8
CUT
10
32.7777
20
128.0372
0
VERTEX
8
CUT
10
32.7739
20
128.0639
0
VERTEX
8
CUT
10
32.7454
20
128.2347
0
VERTEX
8
CUT
10
32.7342
20
128.2875
0
VERTEX
8
CUT
10
32.6911
20
128.4528
0
VERTEX
8
CUT
10
32.6751
20
128.5044
0
VERTEX
8
CUT
10
32.6165
20
128.6674
0
VERTEX
8
CUT
10
32.6068
20
128.6926
0
VERTEX
8
CUT
10
32.5868
20
128.7414
0
VERTEX
8
CUT
10
32.5815
20
128.7538
0
VERTEX
8
CUT
10
32.5463
20
128.8342
0
VERTEX
8
CUT
10
32.5407
20
128.8465
0
VERTEX
8
CUT
10
32.4679
20
129.0032
0
VERTEX
8
CUT
10
32.4602
20
129.0190
0
VERTEX
8
CUT
10
32.4092
20
129.1209
0
VERTEX
8
CUT
10
32.4011
20
129.1364
0
VERTEX
8
CUT
10
32.3687
20
129.1966
0
VERTEX
8
CUT
10
32.3512
20
129.2270
0
VERTEX
8
CUT
10
32.2318
20
129.4209
0
VERTEX
8
CUT
10
32.2125
20
129.4502
0
VERTEX
8
CUT
10
32.1733
20
129.5062
0
VERTEX
8
CUT
10
32.1631
20
129.5205
0
VERTEX
8
CUT
10
32.0950
20
129.6119
0
VERTEX
8
CUT
10
32.0844
20
129.6258
0
VERTEX
8
CUT
10
31.6825
20
130.1341
0
VERTEX
8
CUT
10
31.6701
20
130.1492
0
VERTEX
8
CUT
10
31.5881
20
130.2463
0
VERTEX
8
CUT
10
31.5752
20
130.2610
0
VERTEX
8
CUT
10
31.4684
20
130.3793
0
VERTEX
8
CUT
10
31.4551
20
130.3936
0
VERTEX
8
CUT
10
31.3669
20
130.4851
0
VERTEX
8
CUT
10
31.3531
20
130.4990
0
VERTEX
8
CUT
10
30.6520
20
131.1808
0
VERTEX
8
CUT
10
30.6422
20
131.1901
0
VERTEX
8
CUT
10
30.5781
20
131.2497
0
VERTEX
8
CUT
10
30.5681
20
131.2588
0
VERTEX
8
CUT
10
30.5288
20
131.2938
0
VERTEX
8
CUT
10
30.5082
20
131.3112
0
VERTEX
8
CUT
10
30.3723
20
131.4215
0
VERTEX
8
CUT
10
30.3509
20
131.4380
0
VERTEX
8
CUT
10
30.3086
20
131.4693
0
VERTEX
8
CUT
10
30.2977
20
131.4772
0
VERTEX
8
CUT
10
30.2261
20
131.5277
0
VERTEX
8
CUT
10
30.2150
20
131.5353
0
VERTEX
8
CUT
10
29.6665
20
131.9040
0
VERTEX
8
CUT
10
29.6533
20
131.9126
0
VERTEX
8
CUT
10
29.5669
20
131.9675
0
VERTEX
8
CUT
10
29.5534
20
131.9757
0
VERTEX
8
CUT
10
29.5006
20
132.0073
0
VERTEX
8
CUT
10
29.4732
20
132.0228
0
VERTEX
8
CUT
10
29.2947
20
132.1172
0
VERTEX
8
CUT
10
29.2375
20
132.1438
0
VERTEX
8
CUT
10
29.0526
20
132.2179
0
VERTEX
8
CUT
10
28.9930
20
132.2383
0
VERTEX
8
CUT
10
28.7987
20
132.2934
0
VERTEX
8
CUT
10
28.7681
20
132.3012
0
VERTEX
8
CUT
10
28.7081
20
132.3149
0
VERTEX
8
CUT
10
28.6927
20
132.3182
0
VERTEX
8
CUT
10
28.5923
20
132.3383
0
VERTEX
8
CUT
10
28.5768
20
132.3412
0
VERTEX
8
CUT
10
27.6865
20
132.4953
0
VERTEX
8
CUT
10
27.6702
20
132.4979
0
VERTEX
8
CUT
10
27.5639
20
132.5133
0
VERTEX
8
CUT
10
27.5475
20
132.5155
0
VERTEX
8
CUT
10
27.4835
20
132.5229
0
VERTEX
8
CUT
10
27.4506
20
132.5259
0
VERTEX
8
CUT
10
27.2394
20
132.5388
0
VERTEX
8
CUT
10
27.1734
20
132.5392
0
VERTEX
8
CUT
10
26.9620
20
132.5289
0
VERTEX
8
CUT
10
26.9291
20
132.5264
0
VERTEX
8
CUT
10
26.8650
20
132.5197
0
VERTEX
8
CUT
10
26.8486
20
132.5178
0
VERTEX
8
CUT
10
26.7421
20
132.5037
0
VERTEX
8
CUT
10
26.7258
20
132.5013
0
VERTEX
8
CUT
10
25.4580
20
132.2980
0
VERTEX
8
CUT
10
25.4439
20
132.2956
0
VERTEX
8
CUT
10
25.3524
20
132.2787
0
VERTEX
8
CUT
10
25.3384
20
132.2759
0
VERTEX
8
CUT
10
25.2837
20
132.2645
0
VERTEX
8
CUT
10
25.2558
20
132.2579
0
VERTEX
8
CUT
10
25.0783
20
132.2118
0
VERTEX
8
CUT
10
25.0237
20
132.1947
0
VERTEX
8
CUT
10
24.8537
20
132.1327
0
VERTEX
8
CUT
10
24.8009
20
132.1106
0
VERTEX
8
CUT
10
24.6354
20
132.0316
0
VERTEX
8
CUT
10
24.6099
20
132.0187
0
VERTEX
8
CUT
10
24.5606
20
131.9922
0
VERTEX
8
CUT
10
24.5481
20
131.9853
0
VERTEX
8
CUT
10
24.4672
20
131.9394
0
VERTEX
8
CUT
10
24.4549
20
131.9321
0
VERTEX
8
CUT
10
23.3998
20
131.2988
0
VERTEX
8
CUT
10
23.3877
20
131.2914
0
VERTEX
8
CUT
10
23.3098
20
131.2421
0
VERTEX
8
CUT
10
23.2980
20
131.2344
0
VERTEX
8
CUT
10
23.2519
20
131.2037
0
VERTEX
8
CUT
10
23.2287
20
131.1874
0
VERTEX
8
CUT
10
23.0824
20
131.0796
0
VERTEX
8
CUT
10
23.0384
20
131.0438
0
VERTEX
8
CUT
10
22.9029
20
130.9227
0
VERTEX
8
CUT
10
22.8822
20
130.9033
0
VERTEX
8
CUT
10
22.8427
20
130.8645
0
VERTEX
8
CUT
10
22.8327
20
130.8544
0
VERTEX
8
CUT
10
22.7686
20
130.7883
0
VERTEX
8
CUT
10
22.7588
20
130.7780
0
VERTEX
8
CUT
10
22.2835
20
130.2643
0
VERTEX
8
CUT
10
22.2730
20
130.2526
0
VERTEX
8
CUT
10
22.2057
20
130.1759
0
VERTEX
8
CUT
10
22.1955
20
130.1640
0
VERTEX
8
CUT
10
22.1562
20
130.1169
0
VERTEX
8
CUT
10
22.1368
20
130.0923
0
VERTEX
8
CUT
10
22.0147
20
129.9289
0
VERTEX
8
CUT
10
21.9966
20
129.9033
0
VERTEX
8
CUT
10
21.9625
20
129.8524
0
VERTEX
8
CUT
10
21.9539
20
129.8392
0
VERTEX
8
CUT
10
21.8994
20
129.7529
0
VERTEX
8
CUT
10
21.8912
20
129.7396
0
VERTEX
8
CUT
10
21.5391
20
129.1485
0
VERTEX
8
CUT
10
21.5322
20
129.1367
0
VERTEX
8
CUT
10
21.4886
20
129.0596
0
VERTEX
8
CUT
10
21.4821
20
129.0476
0
VERTEX
8
CUT
10
21.4569
20
129.0007
0
VERTEX
8
CUT
10
21.4446
20
128.9764
0
VERTEX
8
CUT
10
21.3681
20
128.8167
0
VERTEX
8
CUT
10
21.3569
20
128.7918
0
VERTEX
8
CUT
10
21.3362
20
128.7428
0
VERTEX
8
CUT
10
21.3310
20
128.7302
0
VERTEX
8
CUT
10
21.2983
20
128.6479
0
VERTEX
8
CUT
10
21.2934
20
128.6352
0
VERTEX
8
CUT
10
21.0909
20
128.0901
0
VERTEX
8
CUT
10
21.0853
20
128.0743
0
VERTEX
8
CUT
10
21.0504
20
127.9714
0
VERTEX
8
CUT
10
21.0452
20
127.9555
0
VERTEX
8
CUT
10
21.0259
20
127.8932
0
VERTEX
8
CUT
10
21.0170
20
127.8610
0
VERTEX
8
CUT
10
20.9645
20
127.6503
0
VERTEX
8
CUT
10
20.9573
20
127.6176
0
VERTEX
8
CUT
10
20.9451
20
127.5535
0
VERTEX
8
CUT
10
20.9422
20
127.5371
0
VERTEX
8
CUT
10
20.9248
20
127.4298
0
VERTEX
8
CUT
10
20.9224
20
127.4132
0
VERTEX
8
CUT
10
20.8558
20
126.9142
0
VERTEX
8
CUT
10
20.8539
20
126.8979
0
VERTEX
8
CUT
10
20.8426
20
126.7915
0
VERTEX
8
CUT
10
20.8411
20
126.7752
0
VERTEX
8
CUT
10
20.8361
20
126.7111
0
VERTEX
8
CUT
10
20.8345
20
126.6783
0
VERTEX
8
CUT
10
20.8296
20
126.4646
0
VERTEX
8
CUT
10
20.8297
20
126.4317
0
VERTEX
8
CUT
10
20.8318
20
126.3675
0
VERTEX
8
CUT
10
20.8325
20
126.3511
0
VERTEX
8
CUT
10
20.8389
20
126.2444
0
VERTEX
8
CUT
10
20.8401
20
126.2280
0
VERTEX
8
CUT
10
20.8861
20
125.6991
0
VERTEX
8
CUT
10
20.8877
20
125.6827
0
VERTEX
8
CUT
10
20.8999
20
125.5764
0
VERTEX
8
CUT
10
20.9020
20
125.5601
0
VERTEX
8
CUT
10
20.9111
20
125.4966
0
VERTEX
8
CUT
10
20.9166
20
125.4641
0
VERTEX
8
CUT
10
20.9583
20
125.2545
0
VERTEX
8
CUT
10
20.9656
20
125.2224
0
VERTEX
8
CUT
10
20.9816
20
125.1603
0
VERTEX
8
CUT
10
20.9859
20
125.1444
0
VERTEX
8
CUT
10
21.0153
20
125.0416
0
VERTEX
8
CUT
10
21.0201
20
125.0258
0
VERTEX
8
CUT
10
21.1741
20
124.5386
0
VERTEX
8
CUT
10
21.1790
20
124.5238
0
SEQEND
0
ENDSEC
0
EOF
