0
SECTION
2
HEADER
9
$ACADVER
1
AC1009
9
$INSUNITS
70
4
0
ENDSEC
0
SECTION
2
TABLES
0
TABLE
2
LAYER
70
1
0
LAYER
2
CUT
70
0
62
7
6
CONTINUOUS
0
ENDTAB
0
ENDSEC
0
SECTION
2
ENTITIES
0
POLYLINE
8
CUT
66
1
70
1
10
0.0
20
0.0
30
0.0
0
VERTEX
8
CUT
10
107.9665
20
77.5897
0
VERTEX
8
CUT
10
109.0490
20
77.4373
0
VERTEX
8
CUT
10
109.3191
20
76.5097
0
VERTEX
8
CUT
10
108.9964
20
75.3664
0
VERTEX
8
CUT
10
107.7113
20
72.6769
0
VERTEX
8
CUT
10
105.5390
20
68.9032
0
VERTEX
8
CUT
10
105.7886
20
68.5825
0
VERTEX
8
CUT
10
106.3001
20
68.6263
0
VERTEX
8
CUT
10
109.5455
20
69.8537
0
VERTEX
8
CUT
10
110.4657
20
69.9312
0
VERTEX
8
CUT
10
110.7559
20
69.3315
0
VERTEX
8
CUT
10
110.3473
20
67.5268
0
VERTEX
8
CUT
10
110.3912
20
66.2562
0
VERTEX
8
CUT
10
108.7957
20
63.9948
0
VERTEX
8
CUT
10
109.1382
20
62.6747
0
VERTEX
8
CUT
10
108.9665
20
61.9559
0
VERTEX
8
CUT
10
105.9008
20
59.1284
0
VERTEX
8
CUT
10
104.9141
20
56.7286
0
VERTEX
8
CUT
10
103.6294
20
55.0866
0
VERTEX
8
CUT
10
102.2363
20
54.9298
0
VERTEX
8
CUT
10
101.7684
20
55.0924
0
VERTEX
8
CUT
10
101.5962
20
55.3872
0
VERTEX
8
CUT
10
102.1127
20
56.3364
0
VERTEX
8
CUT
10
103.6687
20
58.0649
0
VERTEX
8
CUT
10
103.7160
20
58.3535
0
VERTEX
8
CUT
10
103.5168
20
58.6126
0
VERTEX
8
CUT
10
99.5211
20
58.2226
0
VERTEX
8
CUT
10
97.0472
20
58.4996
0
VERTEX
8
CUT
10
95.8505
20
58.8097
0
VERTEX
8
CUT
10
93.9298
20
59.6691
0
VERTEX
8
CUT
10
92.7727
20
60.3665
0
VERTEX
8
CUT
10
91.9014
20
60.9506
0
VERTEX
8
CUT
10
91.3093
20
61.6603
0
VERTEX
8
CUT
10
91.4075
20
62.0675
0
VERTEX
8
CUT
10
91.8339
20
62.2909
0
VERTEX
8
CUT
10
94.9078
20
62.6835
0
VERTEX
8
CUT
10
95.1181
20
62.6837
0
VERTEX
8
CUT
10
95.2939
20
62.7328
0
VERTEX
8
CUT
10
96.7160
20
62.9144
0
VERTEX
8
CUT
10
98.9240
20
63.6314
0
VERTEX
8
CUT
10
100.0347
20
64.3478
0
VERTEX
8
CUT
10
100.4839
20
64.5882
0
VERTEX
8
CUT
10
101.0645
20
65.0120
0
VERTEX
8
CUT
10
101.9644
20
65.5924
0
VERTEX
8
CUT
10
103.8228
20
67.2469
0
VERTEX
8
CUT
10
103.9308
20
67.5263
0
VERTEX
8
CUT
10
103.5283
20
67.9055
0
VERTEX
8
CUT
10
101.3300
20
67.5576
0
VERTEX
8
CUT
10
101.0530
20
67.5422
0
VERTEX
8
CUT
10
100.9345
20
67.5356
0
VERTEX
8
CUT
10
100.7859
20
67.5273
0
VERTEX
8
CUT
10
99.2143
20
67.5021
0
VERTEX
8
CUT
10
96.5778
20
67.9359
0
VERTEX
8
CUT
10
95.0046
20
68.5424
0
VERTEX
8
CUT
10
93.1968
20
69.5137
0
VERTEX
8
CUT
10
92.8985
20
69.7046
0
VERTEX
8
CUT
10
90.4101
20
71.8691
0
VERTEX
8
CUT
10
89.6952
20
72.8501
0
VERTEX
8
CUT
10
89.6481
20
72.9704
0
VERTEX
8
CUT
10
89.6477
20
72.9715
0
VERTEX
8
CUT
10
89.6466
20
72.9743
0
VERTEX
8
CUT
10
89.6398
20
72.9917
0
VERTEX
8
CUT
10
89.6280
20
73.5443
0
VERTEX
8
CUT
10
89.7674
20
73.7800
0
VERTEX
8
CUT
10
90.1112
20
73.9376
0
VERTEX
8
CUT
10
90.9211
20
73.7776
0
VERTEX
8
CUT
10
93.0408
20
73.2202
0
VERTEX
8
CUT
10
93.6924
20
73.2301
0
VERTEX
8
CUT
10
94.3533
20
73.0995
0
VERTEX
8
CUT
10
96.0552
20
73.1628
0
VERTEX
8
CUT
10
96.5273
20
73.2731
0
VERTEX
8
CUT
10
97.1836
20
73.2831
0
VERTEX
8
CUT
10
98.5910
20
73.7759
0
VERTEX
8
CUT
10
100.4837
20
74.7537
0
VERTEX
8
CUT
10
103.7358
20
77.0162
0
VERTEX
8
CUT
10
105.6272
20
77.1418
0
SEQEND
0
POLYLINE
8
CUT
66
1
70
1
10
0.0
20
0.0
30
0.0
0
VERTEX
8
CUT
10
190.6209
20
99.0710
0
VERTEX
8
CUT
10
190.6789
20
99.4266
0
VERTEX
8
CUT
10
190.9301
20
99.6146
0
VERTEX
8
CUT
10
191.5114
20
99.4379
0
VERTEX
8
CUT
10
192.1934
20
98.8527
0
VERTEX
8
CUT
10
195.2259
20
95.3427
0
VERTEX
8
CUT
10
196.7159
20
94.0644
0
VERTEX
8
CUT
10
199.8721
20
92.3693
0
VERTEX
8
CUT
10
202.6708
20
91.4800
0
VERTEX
8
CUT
10
205.1481
20
89.7594
0
VERTEX
8
CUT
10
207.6342
20
88.3715
0
VERTEX
8
CUT
10
210.3631
20
87.3658
0
VERTEX
8
CUT
10
213.0800
20
86.8370
0
VERTEX
8
CUT
10
215.5168
20
86.8398
0
VERTEX
8
CUT
10
220.0250
20
87.6460
0
VERTEX
8
CUT
10
220.3357
20
87.4386
0
VERTEX
8
CUT
10
220.2311
20
86.5324
0
VERTEX
8
CUT
10
219.3502
20
85.3681
0
VERTEX
8
CUT
10
217.9531
20
84.0345
0
VERTEX
8
CUT
10
215.5210
20
82.3667
0
VERTEX
8
CUT
10
211.6426
20
80.8255
0
VERTEX
8
CUT
10
209.7012
20
80.4632
0
VERTEX
8
CUT
10
206.7560
20
80.3169
0
VERTEX
8
CUT
10
206.5004
20
80.1546
0
VERTEX
8
CUT
10
206.5756
20
79.6299
0
VERTEX
8
CUT
10
207.8452
20
79.1643
0
VERTEX
8
CUT
10
209.7567
20
78.7683
0
VERTEX
8
CUT
10
210.3935
20
78.6328
0
VERTEX
8
CUT
10
210.4319
20
78.6285
0
VERTEX
8
CUT
10
211.1127
20
78.4875
0
VERTEX
8
CUT
10
214.1360
20
78.1880
0
VERTEX
8
CUT
10
214.7283
20
78.0122
0
VERTEX
8
CUT
10
215.0689
20
77.6744
0
VERTEX
8
CUT
10
214.9856
20
77.2314
0
VERTEX
8
CUT
10
214.0939
20
76.4928
0
VERTEX
8
CUT
10
210.8290
20
74.8449
0
VERTEX
8
CUT
10
209.2880
20
74.4168
0
VERTEX
8
CUT
10
205.9951
20
74.0222
0
VERTEX
8
CUT
10
204.1695
20
73.9509
0
VERTEX
8
CUT
10
203.8783
20
73.7858
0
VERTEX
8
CUT
10
203.8788
20
73.7686
0
VERTEX
8
CUT
10
203.7884
20
73.7578
0
VERTEX
8
CUT
10
203.7950
20
73.6073
0
VERTEX
8
CUT
10
203.7016
20
73.5483
0
VERTEX
8
CUT
10
203.8068
20
73.3380
0
VERTEX
8
CUT
10
203.8102
20
73.2592
0
VERTEX
8
CUT
10
203.8615
20
73.2286
0
VERTEX
8
CUT
10
203.9411
20
73.0694
0
VERTEX
8
CUT
10
204.2882
20
72.9736
0
VERTEX
8
CUT
10
204.9801
20
72.5602
0
VERTEX
8
CUT
10
207.4605
20
71.4799
0
VERTEX
8
CUT
10
208.8647
20
71.0756
0
VERTEX
8
CUT
10
209.2373
20
70.5505
0
VERTEX
8
CUT
10
209.0047
20
69.9975
0
VERTEX
8
CUT
10
207.2125
20
69.6868
0
VERTEX
8
CUT
10
203.8369
20
69.7466
0
VERTEX
8
CUT
10
201.3051
20
71.2051
0
VERTEX
8
CUT
10
200.3953
20
70.5688
0
VERTEX
8
CUT
10
199.4848
20
70.3225
0
VERTEX
8
CUT
10
198.8849
20
70.5003
0
VERTEX
8
CUT
10
198.0399
20
71.1431
0
VERTEX
8
CUT
10
198.0203
20
71.5660
0
VERTEX
8
CUT
10
198.4746
20
72.2287
0
VERTEX
8
CUT
10
198.4727
20
72.5324
0
VERTEX
8
CUT
10
198.1186
20
72.9986
0
VERTEX
8
CUT
10
194.8757
20
76.1207
0
VERTEX
8
CUT
10
192.6016
20
78.7295
0
VERTEX
8
CUT
10
190.1417
20
82.5695
0
VERTEX
8
CUT
10
189.2477
20
84.6102
0
VERTEX
8
CUT
10
189.2380
20
85.3202
0
VERTEX
8
CUT
10
189.6407
20
85.4293
0
VERTEX
8
CUT
10
193.6082
20
83.1406
0
VERTEX
8
CUT
10
196.4729
20
81.9162
0
VERTEX
8
CUT
10
198.2911
20
81.3291
0
VERTEX
8
CUT
10
200.7924
20
80.8270
0
VERTEX
8
CUT
10
201.4428
20
80.8171
0
VERTEX
8
CUT
10
201.7218
20
81.1035
0
VERTEX
8
CUT
10
201.6015
20
81.4848
0
VERTEX
8
CUT
10
199.2370
20
83.1078
0
VERTEX
8
CUT
10
197.0855
20
85.0465
0
VERTEX
8
CUT
10
195.3196
20
86.9318
0
VERTEX
8
CUT
10
194.0788
20
88.7029
0
VERTEX
8
CUT
10
192.5214
20
92.1783
0
VERTEX
8
CUT
10
191.2281
20
96.2366
0
SEQEND
0
POLYLINE
8
CUT
66
1
70
1
10
0.0
20
0.0
30
0.0
0
VERTEX
8
CUT
10
100.7015
20
106.0832
0
VERTEX
8
CUT
10
101.9727
20
107.3821
0
VERTEX
8
CUT
10
102.3660
20
108.1556
0
VERTEX
8
CUT
10
102.5514
20
108.4102
0
VERTEX
8
CUT
10
103.1632
20
109.6922
0
VERTEX
8
CUT
10
103.2200
20
109.9932
0
VERTEX
8
CUT
10
103.4906
20
110.9182
0
VERTEX
8
CUT
10
103.5486
20
111.5128
0
VERTEX
8
CUT
10
103.6293
20
111.9439
0
VERTEX
8
CUT
10
103.6251
20
112.1416
0
VERTEX
8
CUT
10
103.7208
20
112.6491
0
VERTEX
8
CUT
10
103.7099
20
113.1643
0
VERTEX
8
CUT
10
103.7502
20
113.5767
0
VERTEX
8
CUT
10
103.6574
20
114.9756
0
VERTEX
8
CUT
10
103.1058
20
117.3794
0
VERTEX
8
CUT
10
102.9668
20
118.1238
0
VERTEX
8
CUT
10
103.1105
20
118.3627
0
VERTEX
8
CUT
10
103.4188
20
118.3408
0
VERTEX
8
CUT
10
104.2698
20
117.5681
0
VERTEX
8
CUT
10
104.9657
20
116.5188
0
VERTEX
8
CUT
10
106.0150
20
113.7298
0
VERTEX
8
CUT
10
106.3558
20
111.9365
0
VERTEX
8
CUT
10
106.4459
20
109.9837
0
VERTEX
8
CUT
10
106.2655
20
107.8639
0
VERTEX
8
CUT
10
105.1942
20
102.7934
0
VERTEX
8
CUT
10
105.4298
20
100.7230
0
VERTEX
8
CUT
10
106.2869
20
98.0992
0
VERTEX
8
CUT
10
110.7107
20
88.0267
0
VERTEX
8
CUT
10
111.2353
20
86.1325
0
VERTEX
8
CUT
10
111.2940
20
85.5639
0
VERTEX
8
CUT
10
111.1142
20
85.1350
0
VERTEX
8
CUT
10
110.7051
20
85.0144
0
VERTEX
8
CUT
10
110.1796
20
85.2654
0
VERTEX
8
CUT
10
107.7650
20
87.4681
0
VERTEX
8
CUT
10
105.3500
20
90.5446
0
VERTEX
8
CUT
10
104.0776
20
92.7231
0
VERTEX
8
CUT
10
103.2179
20
94.7841
0
VERTEX
8
CUT
10
102.8500
20
96.3339
0
VERTEX
8
CUT
10
102.7272
20
97.6953
0
VERTEX
8
CUT
10
102.8005
20
98.5374
0
VERTEX
8
CUT
10
103.5407
20
99.7717
0
VERTEX
8
CUT
10
102.4419
20
101.6144
0
VERTEX
8
CUT
10
101.9292
20
101.6425
0
VERTEX
8
CUT
10
101.1252
20
100.6291
0
VERTEX
8
CUT
10
98.5555
20
96.0287
0
VERTEX
8
CUT
10
98.4906
20
95.6106
0
VERTEX
8
CUT
10
98.9883
20
94.5737
0
VERTEX
8
CUT
10
99.2589
20
93.0413
0
VERTEX
8
CUT
10
99.1936
20
92.1705
0
VERTEX
8
CUT
10
98.9803
20
91.8534
0
VERTEX
8
CUT
10
98.4362
20
91.8231
0
VERTEX
8
CUT
10
97.9741
20
92.2086
0
VERTEX
8
CUT
10
97.1409
20
94.5595
0
VERTEX
8
CUT
10
95.4956
20
94.6528
0
VERTEX
8
CUT
10
95.0091
20
95.0246
0
VERTEX
8
CUT
10
94.9568
20
96.2888
0
VERTEX
8
CUT
10
95.7564
20
99.2921
0
VERTEX
8
CUT
10
95.4068
20
99.6487
0
VERTEX
8
CUT
10
92.7170
20
99.5309
0
VERTEX
8
CUT
10
91.8526
20
99.7242
0
VERTEX
8
CUT
10
90.2906
20
100.4003
0
VERTEX
8
CUT
10
88.5690
20
101.4730
0
VERTEX
8
CUT
10
87.2401
20
102.6372
0
VERTEX
8
CUT
10
85.7017
20
104.5408
0
VERTEX
8
CUT
10
84.3428
20
106.7786
0
VERTEX
8
CUT
10
83.9111
20
107.8345
0
VERTEX
8
CUT
10
83.9526
20
108.2052
0
VERTEX
8
CUT
10
84.2529
20
108.5148
0
VERTEX
8
CUT
10
84.7659
20
108.6303
0
VERTEX
8
CUT
10
86.7739
20
108.1453
0
VERTEX
8
CUT
10
92.4511
20
105.3418
0
VERTEX
8
CUT
10
94.4265
20
104.5500
0
VERTEX
8
CUT
10
96.6897
20
104.4438
0
VERTEX
8
CUT
10
98.1131
20
104.7380
0
VERTEX
8
CUT
10
98.5299
20
104.9109
0
VERTEX
8
CUT
10
98.7287
20
104.9488
0
VERTEX
8
CUT
10
98.9200
20
105.0729
0
VERTEX
8
CUT
10
99.4445
20
105.2906
0
SEQEND
0
POLYLINE
8
CUT
66
1
70
1
10
0.0
20
0.0
30
0.0
0
VERTEX
8
CUT
10
130.5763
20
102.9431
0
VERTEX
8
CUT
10
130.9019
20
104.2008
0
VERTEX
8
CUT
10
130.8757
20
104.5410
0
VERTEX
8
CUT
10
130.9287
20
104.8239
0
VERTEX
8
CUT
10
130.7631
20
107.2613
0
VERTEX
8
CUT
10
129.6933
20
109.7063
0
VERTEX
8
CUT
10
126.0650
20
114.6015
0
VERTEX
8
CUT
10
126.0291
20
114.6508
0
VERTEX
8
CUT
10
125.9977
20
114.6939
0
VERTEX
8
CUT
10
125.9771
20
114.7221
0
VERTEX
8
CUT
10
125.8277
20
114.9271
0
VERTEX
8
CUT
10
124.2327
20
118.0683
0
VERTEX
8
CUT
10
123.7173
20
120.0891
0
VERTEX
8
CUT
10
123.6277
20
122.6173
0
VERTEX
8
CUT
10
124.0906
20
124.0811
0
VERTEX
8
CUT
10
124.1479
20
124.1605
0
VERTEX
8
CUT
10
124.3231
20
124.4030
0
VERTEX
8
CUT
10
124.3543
20
124.4462
0
VERTEX
8
CUT
10
124.4810
20
124.6217
0
VERTEX
8
CUT
10
125.0279
20
125.1916
0
VERTEX
8
CUT
10
125.5985
20
125.3569
0
VERTEX
8
CUT
10
125.6031
20
125.3569
0
VERTEX
8
CUT
10
125.6034
20
125.3569
0
VERTEX
8
CUT
10
125.6051
20
125.3568
0
VERTEX
8
CUT
10
125.6192
20
125.3566
0
VERTEX
8
CUT
10
126.3070
20
125.0164
0
VERTEX
8
CUT
10
130.0626
20
121.5909
0
VERTEX
8
CUT
10
133.0442
20
118.3673
0
VERTEX
8
CUT
10
136.8536
20
113.2087
0
VERTEX
8
CUT
10
138.6946
20
111.0456
0
VERTEX
8
CUT
10
141.6442
20
108.8972
0
VERTEX
8
CUT
10
143.5042
20
108.0252
0
VERTEX
8
CUT
10
145.5116
20
107.4264
0
VERTEX
8
CUT
10
146.5056
20
107.2894
0
VERTEX
8
CUT
10
146.7972
20
107.2287
0
VERTEX
8
CUT
10
147.0663
20
107.2122
0
VERTEX
8
CUT
10
147.6350
20
107.1338
0
VERTEX
8
CUT
10
148.2317
20
107.1407
0
VERTEX
8
CUT
10
148.7953
20
107.1061
0
VERTEX
8
CUT
10
149.2741
20
107.1526
0
VERTEX
8
CUT
10
150.5414
20
107.1671
0
VERTEX
8
CUT
10
151.5270
20
107.3715
0
VERTEX
8
CUT
10
152.0807
20
107.4253
0
VERTEX
8
CUT
10
152.4770
20
107.5685
0
VERTEX
8
CUT
10
153.6186
20
107.8053
0
VERTEX
8
CUT
10
155.0941
20
108.4214
0
VERTEX
8
CUT
10
156.6592
20
109.4288
0
VERTEX
8
CUT
10
156.9026
20
109.5457
0
VERTEX
8
CUT
10
157.2675
20
109.8204
0
VERTEX
8
CUT
10
158.2048
20
110.4238
0
VERTEX
8
CUT
10
158.9612
20
111.0955
0
VERTEX
8
CUT
10
159.0950
20
111.1963
0
VERTEX
8
CUT
10
159.4129
20
111.4967
0
VERTEX
8
CUT
10
165.9368
20
117.2909
0
VERTEX
8
CUT
10
167.0626
20
118.0407
0
VERTEX
8
CUT
10
169.0521
20
118.9583
0
VERTEX
8
CUT
10
171.9366
20
119.3295
0
VERTEX
8
CUT
10
173.2193
20
119.1621
0
VERTEX
8
CUT
10
173.9814
20
119.0388
0
VERTEX
8
CUT
10
175.4742
20
118.3522
0
VERTEX
8
CUT
10
176.5577
20
117.5696
0
VERTEX
8
CUT
10
177.3936
20
116.6658
0
VERTEX
8
CUT
10
177.7967
20
115.8263
0
VERTEX
8
CUT
10
177.7925
20
115.3162
0
VERTEX
8
CUT
10
177.4000
20
114.8733
0
VERTEX
8
CUT
10
174.2412
20
113.2442
0
VERTEX
8
CUT
10
172.5270
20
112.0930
0
VERTEX
8
CUT
10
165.7231
20
105.8304
0
VERTEX
8
CUT
10
164.4432
20
104.8573
0
VERTEX
8
CUT
10
162.3375
20
103.6844
0
VERTEX
8
CUT
10
160.8284
20
102.9474
0
VERTEX
8
CUT
10
160.1968
20
102.6893
0
VERTEX
8
CUT
10
158.6415
20
102.3458
0
VERTEX
8
CUT
10
151.9683
20
102.3449
0
VERTEX
8
CUT
10
150.9220
20
102.4450
0
VERTEX
8
CUT
10
150.5812
20
102.3061
0
VERTEX
8
CUT
10
150.5810
20
102.2172
0
VERTEX
8
CUT
10
150.5335
20
102.2029
0
VERTEX
8
CUT
10
150.5251
20
101.7000
0
VERTEX
8
CUT
10
153.2331
20
98.9593
0
VERTEX
8
CUT
10
154.5044
20
97.4302
0
VERTEX
8
CUT
10
155.4354
20
95.8786
0
VERTEX
8
CUT
10
155.5694
20
95.6554
0
VERTEX
8
CUT
10
155.7071
20
95.3942
0
VERTEX
8
CUT
10
155.8635
20
95.0734
0
VERTEX
8
CUT
10
155.8783
20
95.0367
0
VERTEX
8
CUT
10
155.8911
20
95.0050
0
VERTEX
8
CUT
10
156.4057
20
92.8984
0
VERTEX
8
CUT
10
156.5709
20
90.3092
0
VERTEX
8
CUT
10
156.5363
20
89.8334
0
VERTEX
8
CUT
10
156.3992
20
89.1445
0
VERTEX
8
CUT
10
155.7742
20
88.5834
0
VERTEX
8
CUT
10
155.3134
20
88.6192
0
VERTEX
8
CUT
10
154.6066
20
89.0936
0
VERTEX
8
CUT
10
150.0912
20
93.1862
0
VERTEX
8
CUT
10
146.7354
20
96.6020
0
VERTEX
8
CUT
10
144.8387
20
98.7026
0
VERTEX
8
CUT
10
143.7265
20
100.0011
0
VERTEX
8
CUT
10
142.9127
20
100.8358
0
VERTEX
8
CUT
10
141.7350
20
102.1401
0
VERTEX
8
CUT
10
139.7407
20
103.8329
0
VERTEX
8
CUT
10
138.0902
20
104.6382
0
VERTEX
8
CUT
10
137.7882
20
104.0636
0
VERTEX
8
CUT
10
137.9378
20
102.3673
0
VERTEX
8
CUT
10
139.0877
20
98.5365
0
VERTEX
8
CUT
10
140.5639
20
94.6455
0
VERTEX
8
CUT
10
141.3457
20
91.2771
0
VERTEX
8
CUT
10
141.3683
20
91.0258
0
VERTEX
8
CUT
10
141.6345
20
87.4869
0
VERTEX
8
CUT
10
141.6788
20
85.3759
0
VERTEX
8
CUT
10
141.6495
20
84.2495
0
VERTEX
8
CUT
10
141.6479
20
84.1877
0
VERTEX
8
CUT
10
141.6433
20
84.0127
0
VERTEX
8
CUT
10
141.6219
20
83.1892
0
VERTEX
8
CUT
10
141.6054
20
83.0386
0
VERTEX
8
CUT
10
141.5653
20
82.9696
0
VERTEX
8
CUT
10
141.2420
20
82.5546
0
VERTEX
8
CUT
10
140.0748
20
82.9764
0
VERTEX
8
CUT
10
138.7574
20
83.7790
0
VERTEX
8
CUT
10
137.7423
20
84.4118
0
VERTEX
8
CUT
10
134.8948
20
86.7715
0
VERTEX
8
CUT
10
134.8947
20
86.7716
0
VERTEX
8
CUT
10
134.8943
20
86.7720
0
VERTEX
8
CUT
10
134.8828
20
86.7835
0
VERTEX
8
CUT
10
134.6051
20
87.0616
0
VERTEX
8
CUT
10
134.5549
20
87.1119
0
VERTEX
8
CUT
10
132.3785
20
89.7025
0
VERTEX
8
CUT
10
132.3453
20
89.7488
0
VERTEX
8
CUT
10
130.6418
20
92.8823
0
VERTEX
8
CUT
10
129.8267
20
95.3667
0
VERTEX
8
CUT
10
129.5942
20
97.5685
0
VERTEX
8
CUT
10
129.6035
20
97.7190
0
VERTEX
8
CUT
10
129.6108
20
97.7892
0
SEQEND
0
POLYLINE
8
CUT
66
1
70
1
10
0.0
20
0.0
30
0.0
0
VERTEX
8
CUT
10
133.2389
20
130.1179
0
VERTEX
8
CUT
10
132.2346
20
131.3026
0
VERTEX
8
CUT
10
131.9530
20
132.3029
0
VERTEX
8
CUT
10
131.9791
20
133.3533
0
VERTEX
8
CUT
10
132.3281
20
134.4314
0
VERTEX
8
CUT
10
132.9195
20
135.4276
0
VERTEX
8
CUT
10
133.4634
20
136.0151
0
VERTEX
8
CUT
10
133.5152
20
136.0662
0
VERTEX
8
CUT
10
133.6039
20
136.1538
0
VERTEX
8
CUT
10
133.6458
20
136.1953
0
VERTEX
8
CUT
10
133.7779
20
136.3257
0
VERTEX
8
CUT
10
134.7561
20
136.9963
0
VERTEX
8
CUT
10
135.4960
20
137.2779
0
VERTEX
8
CUT
10
135.5028
20
137.2801
0
VERTEX
8
CUT
10
135.6097
20
137.3152
0
VERTEX
8
CUT
10
135.8330
20
137.3886
0
VERTEX
8
CUT
10
136.1146
20
137.4810
0
VERTEX
8
CUT
10
136.8966
20
137.4844
0
VERTEX
8
CUT
10
141.9444
20
136.2289
0
VERTEX
8
CUT
10
151.4463
20
135.3950
0
VERTEX
8
CUT
10
151.5605
20
135.3774
0
VERTEX
8
CUT
10
155.6030
20
134.6037
0
VERTEX
8
CUT
10
160.2160
20
133.0759
0
VERTEX
8
CUT
10
163.1945
20
131.8129
0
VERTEX
8
CUT
10
165.2594
20
130.5403
0
VERTEX
8
CUT
10
166.6944
20
129.2261
0
VERTEX
8
CUT
10
167.0723
20
129.3743
0
VERTEX
8
CUT
10
167.2356
20
130.2197
0
VERTEX
8
CUT
10
167.6297
20
130.5514
0
VERTEX
8
CUT
10
168.2127
20
130.7521
0
VERTEX
8
CUT
10
169.7782
20
130.8424
0
VERTEX
8
CUT
10
172.6470
20
130.3484
0
VERTEX
8
CUT
10
173.3634
20
129.9854
0
VERTEX
8
CUT
10
174.3047
20
129.1262
0
VERTEX
8
CUT
10
174.5146
20
128.0379
0
VERTEX
8
CUT
10
174.0203
20
127.1577
0
VERTEX
8
CUT
10
173.4628
20
127.1105
0
VERTEX
8
CUT
10
171.8995
20
127.7335
0
VERTEX
8
CUT
10
171.4777
20
127.4948
0
VERTEX
8
CUT
10
171.1876
20
126.6481
0
VERTEX
8
CUT
10
171.0505
20
124.7674
0
VERTEX
8
CUT
10
170.0044
20
124.1875
0
VERTEX
8
CUT
10
167.4958
20
123.3588
0
VERTEX
8
CUT
10
166.9734
20
123.3374
0
VERTEX
8
CUT
10
166.1472
20
123.7259
0
VERTEX
8
CUT
10
165.1992
20
123.6408
0
VERTEX
8
CUT
10
162.5541
20
122.3108
0
VERTEX
8
CUT
10
161.9902
20
122.6886
0
VERTEX
8
CUT
10
160.0680
20
125.8663
0
VERTEX
8
CUT
10
158.6821
20
127.4584
0
VERTEX
8
CUT
10
157.0092
20
128.8603
0
VERTEX
8
CUT
10
155.1852
20
130.0473
0
VERTEX
8
CUT
10
153.0702
20
131.0747
0
VERTEX
8
CUT
10
150.9070
20
131.8116
0
VERTEX
8
CUT
10
148.6764
20
132.2462
0
VERTEX
8
CUT
10
148.0789
20
132.2740
0
VERTEX
8
CUT
10
147.5516
20
132.3655
0
VERTEX
8
CUT
10
146.1262
20
132.3974
0
VERTEX
8
CUT
10
145.9274
20
132.3741
0
VERTEX
8
CUT
10
145.4206
20
132.3977
0
VERTEX
8
CUT
10
144.0716
20
132.1567
0
VERTEX
8
CUT
10
143.3207
20
132.0688
0
VERTEX
8
CUT
10
142.9590
20
131.9581
0
VERTEX
8
CUT
10
141.8243
20
131.7554
0
VERTEX
8
CUT
10
136.9740
20
129.7628
0
VERTEX
8
CUT
10
134.9140
20
129.4583
0
VERTEX
8
CUT
10
134.8409
20
129.4475
0
VERTEX
8
CUT
10
134.8389
20
129.4472
0
VERTEX
8
CUT
10
134.8378
20
129.4470
0
VERTEX
8
CUT
10
134.7571
20
129.4537
0
VERTEX
8
CUT
10
134.3033
20
129.5813
0
VERTEX
8
CUT
10
133.4429
20
129.9352
0
VERTEX
8
CUT
10
133.4417
20
129.9364
0
VERTEX
8
CUT
10
133.4371
20
129.9404
0
VERTEX
8
CUT
10
133.4153
20
129.9600
0
SEQEND
0
POLYLINE
8
CUT
66
1
70
1
10
0.0
20
0.0
30
0.0
0
VERTEX
8
CUT
10
49.4646
20
39.6698
0
VERTEX
8
CUT
10
48.7908
20
40.2718
0
VERTEX
8
CUT
10
48.5303
20
40.5045
0
VERTEX
8
CUT
10
48.5179
20
40.5156
0
VERTEX
8
CUT
10
41.1999
20
48.0271
0
VERTEX
8
CUT
10
40.5938
20
48.6744
0
VERTEX
8
CUT
10
39.6499
20
49.6825
0
VERTEX
8
CUT
10
39.3173
20
50.0377
0
VERTEX
8
CUT
10
39.1688
20
50.1963
0
VERTEX
8
CUT
10
32.5995
20
58.1798
0
VERTEX
8
CUT
10
30.8356
20
60.4129
0
VERTEX
8
CUT
10
25.4860
20
68.0551
0
VERTEX
8
CUT
10
24.0398
20
70.2384
0
VERTEX
8
CUT
10
23.6703
20
70.7962
0
VERTEX
8
CUT
10
23.2672
20
71.4046
0
VERTEX
8
CUT
10
23.0474
20
71.7365
0
VERTEX
8
CUT
10
18.7341
20
79.1653
0
VERTEX
8
CUT
10
18.6202
20
79.3745
0
VERTEX
8
CUT
10
18.4544
20
79.6792
0
VERTEX
8
CUT
10
17.9290
20
80.6447
0
VERTEX
8
CUT
10
16.4211
20
83.4153
0
VERTEX
8
CUT
10
13.0753
20
90.4450
0
VERTEX
8
CUT
10
10.8292
20
95.5720
0
VERTEX
8
CUT
10
8.2287
20
102.5748
0
VERTEX
8
CUT
10
8.1738
20
102.7409
0
VERTEX
8
CUT
10
8.1449
20
102.8283
0
VERTEX
8
CUT
10
7.8014
20
103.8686
0
VERTEX
8
CUT
10
6.1053
20
109.0042
0
VERTEX
8
CUT
10
5.0065
20
112.8253
0
VERTEX
8
CUT
10
3.2981
20
119.9879
0
VERTEX
8
CUT
10
1.9476
20
127.3401
0
VERTEX
8
CUT
10
1.1474
20
133.2479
0
VERTEX
8
CUT
10
0.9589
20
135.3489
0
VERTEX
8
CUT
10
0.9334
20
135.6337
0
VERTEX
8
CUT
10
0.9253
20
135.7233
0
VERTEX
8
CUT
10
0.8390
20
136.6860
0
VERTEX
8
CUT
10
0.5587
20
142.3455
0
VERTEX
8
CUT
10
0.5443
20
142.9104
0
VERTEX
8
CUT
10
0.5303
20
143.4619
0
VERTEX
8
CUT
10
0.5149
20
144.0631
0
VERTEX
8
CUT
10
0.3987
20
148.6230
0
VERTEX
8
CUT
10
0.4154
20
153.6040
0
VERTEX
8
CUT
10
0.4261
20
154.2555
0
VERTEX
8
CUT
10
0.4302
20
154.5076
0
VERTEX
8
CUT
10
0.4351
20
154.8057
0
VERTEX
8
CUT
10
0.4458
20
155.4551
0
VERTEX
8
CUT
10
0.6626
20
161.7585
0
VERTEX
8
CUT
10
0.7294
20
162.8327
0
VERTEX
8
CUT
10
0.7500
20
163.0588
0
VERTEX
8
CUT
10
1.6776
20
171.0986
0
VERTEX
8
CUT
10
2.5462
20
176.5508
0
VERTEX
8
CUT
10
3.8610
20
182.6163
0
VERTEX
8
CUT
10
5.1969
20
188.2898
0
VERTEX
8
CUT
10
5.3298
20
188.8546
0
VERTEX
8
CUT
10
5.3379
20
188.8890
0
VERTEX
8
CUT
10
5.3536
20
188.9555
0
VERTEX
8
CUT
10
5.7455
20
190.3780
0
VERTEX
8
CUT
10
6.0593
20
191.4081
0
VERTEX
8
CUT
10
6.1475
20
191.6977
0
VERTEX
8
CUT
10
6.2515
20
192.0389
0
VERTEX
8
CUT
10
6.2616
20
192.0722
0
VERTEX
8
CUT
10
6.2622
20
192.0743
0
VERTEX
8
CUT
10
6.2677
20
192.0923
0
VERTEX
8
CUT
10
6.5393
20
192.9837
0
VERTEX
8
CUT
10
6.6749
20
193.4288
0
VERTEX
8
CUT
10
9.4697
20
201.7624
0
VERTEX
8
CUT
10
14.3311
20
213.2041
0
VERTEX
8
CUT
10
14.4348
20
213.4122
0
VERTEX
8
CUT
10
14.7597
20
214.0639
0
VERTEX
8
CUT
10
14.8909
20
214.3270
0
VERTEX
8
CUT
10
15.0357
20
214.6174
0
VERTEX
8
CUT
10
17.2859
20
219.0550
0
VERTEX
8
CUT
10
17.3623
20
219.1899
0
VERTEX
8
CUT
10
18.7788
20
221.6894
0
VERTEX
8
CUT
10
19.3187
20
222.6420
0
VERTEX
8
CUT
10
20.1573
20
224.1218
0
VERTEX
8
CUT
10
22.2816
20
227.7037
0
VERTEX
8
CUT
10
24.3894
20
230.9946
0
VERTEX
8
CUT
10
27.1160
20
234.9338
0
VERTEX
8
CUT
10
28.4122
20
236.7336
0
VERTEX
8
CUT
10
28.6211
20
237.0236
0
VERTEX
8
CUT
10
29.1857
20
237.8076
0
VERTEX
8
CUT
10
29.8395
20
238.7155
0
VERTEX
8
CUT
10
31.7183
20
241.1074
0
VERTEX
8
CUT
10
35.2896
20
245.4787
0
VERTEX
8
CUT
10
37.5452
20
248.0863
0
VERTEX
8
CUT
10
37.9325
20
248.5200
0
VERTEX
8
CUT
10
38.4015
20
249.0452
0
VERTEX
8
CUT
10
38.5423
20
249.2028
0
VERTEX
8
CUT
10
39.0659
20
249.7892
0
VERTEX
8
CUT
10
43.7150
20
254.6277
0
VERTEX
8
CUT
10
53.1345
20
263.3594
0
VERTEX
8
CUT
10
62.0111
20
270.3658
0
VERTEX
8
CUT
10
62.6369
20
270.8549
0
VERTEX
8
CUT
10
62.7874
20
270.9653
0
VERTEX
8
CUT
10
62.9520
20
271.0860
0
VERTEX
8
CUT
10
63.1478
20
271.2297
0
VERTEX
8
CUT
10
63.5194
20
271.5023
0
VERTEX
8
CUT
10
73.1593
20
277.9120
0
VERTEX
8
CUT
10
73.3325
20
278.0130
0
VERTEX
8
CUT
10
73.4286
20
278.0691
0
VERTEX
8
CUT
10
73.7649
20
278.2652
0
VERTEX
8
CUT
10
74.6081
20
278.7571
0
VERTEX
8
CUT
10
84.4547
20
284.2094
0
VERTEX
8
CUT
10
95.7272
20
289.3043
0
VERTEX
8
CUT
10
107.3586
20
293.4098
0
VERTEX
8
CUT
10
119.2866
20
296.5189
0
VERTEX
8
CUT
10
131.5451
20
298.6525
0
VERTEX
8
CUT
10
139.4421
20
299.4807
0
VERTEX
8
CUT
10
139.5977
20
299.4926
0
VERTEX
8
CUT
10
142.3283
20
299.6152
0
VERTEX
8
CUT
10
149.1768
20
299.8380
0
VERTEX
8
CUT
10
150.3118
20
299.8296
0
VERTEX
8
CUT
10
154.3463
20
299.7194
0
VERTEX
8
CUT
10
156.2289
20
299.6679
0
VERTEX
8
CUT
10
157.0104
20
299.6465
0
VERTEX
8
CUT
10
158.5878
20
299.6034
0
VERTEX
8
CUT
10
163.6878
20
299.2815
0
VERTEX
8
CUT
10
171.6314
20
298.3528
0
VERTEX
8
CUT
10
179.4851
20
297.0045
0
VERTEX
8
CUT
10
185.4820
20
295.6229
0
VERTEX
8
CUT
10
188.7352
20
294.6947
0
VERTEX
8
CUT
10
192.8170
20
293.5300
0
VERTEX
8
CUT
10
193.9383
20
293.2100
0
VERTEX
8
CUT
10
195.0423
20
292.8951
0
VERTEX
8
CUT
10
196.3575
20
292.4112
0
VERTEX
8
CUT
10
202.3555
20
290.1661
0
VERTEX
8
CUT
10
209.3271
20
287.2588
0
VERTEX
8
CUT
10
213.9640
20
285.1142
0
VERTEX
8
CUT
10
219.4792
20
282.1300
0
VERTEX
8
CUT
10
222.1110
20
280.7060
0
VERTEX
8
CUT
10
222.6673
20
280.4050
0
VERTEX
8
CUT
10
227.7578
20
277.6506
0
VERTEX
8
CUT
10
230.2641
20
276.1124
0
VERTEX
8
CUT
10
231.8761
20
274.9513
0
VERTEX
8
CUT
10
233.0967
20
274.0720
0
VERTEX
8
CUT
10
237.1896
20
271.1239
0
VERTEX
8
CUT
10
242.7844
20
267.0939
0
VERTEX
8
CUT
10
246.1692
20
264.3759
0
VERTEX
8
CUT
10
257.0277
20
254.2431
0
VERTEX
8
CUT
10
259.9270
20
251.2408
0
VERTEX
8
CUT
10
261.6201
20
249.2048
0
VERTEX
8
CUT
10
263.0188
20
247.5230
0
VERTEX
8
CUT
10
264.3365
20
245.9384
0
VERTEX
8
CUT
10
270.0449
20
239.0742
0
VERTEX
8
CUT
10
271.6020
20
236.9762
0
VERTEX
8
CUT
10
280.1353
20
223.5293
0
VERTEX
8
CUT
10
281.9048
20
220.3227
0
VERTEX
8
CUT
10
288.3634
20
206.5348
0
VERTEX
8
CUT
10
289.9022
20
202.5787
0
VERTEX
8
CUT
10
294.4652
20
188.3661
0
VERTEX
8
CUT
10
295.5029
20
184.0669
0
VERTEX
8
CUT
10
296.6955
20
177.4814
0
VERTEX
8
CUT
10
297.4764
20
173.1699
0
VERTEX
8
CUT
10
297.8468
20
171.1246
0
VERTEX
8
CUT
10
298.1974
20
169.1887
0
VERTEX
8
CUT
10
299.0702
20
160.3543
0
VERTEX
8
CUT
10
299.4009
20
150.1904
0
VERTEX
8
CUT
10
299.3153
20
145.1845
0
VERTEX
8
CUT
10
299.2430
20
142.6183
0
VERTEX
8
CUT
10
299.0587
20
139.8134
0
VERTEX
8
CUT
10
298.4959
20
133.7529
0
VERTEX
8
CUT
10
298.3804
20
132.7872
0
VERTEX
8
CUT
10
298.3307
20
132.3930
0
VERTEX
8
CUT
10
297.5955
20
127.4183
0
VERTEX
8
CUT
10
297.4231
20
126.3746
0
VERTEX
8
CUT
10
296.1971
20
120.0412
0
VERTEX
8
CUT
10
295.5918
20
117.1956
0
VERTEX
8
CUT
10
294.6376
20
113.4981
0
VERTEX
8
CUT
10
294.1398
20
111.6628
0
VERTEX
8
CUT
10
291.7987
20
103.9276
0
VERTEX
8
CUT
10
290.1735
20
99.3106
0
VERTEX
8
CUT
10
286.7299
20
90.9584
0
VERTEX
8
CUT
10
286.4055
20
90.1714
0
VERTEX
8
CUT
10
286.3527
20
90.0434
0
VERTEX
8
CUT
10
284.4907
20
85.9864
0
VERTEX
8
CUT
10
283.2815
20
83.7128
0
VERTEX
8
CUT
10
281.2426
20
79.8791
0
VERTEX
8
CUT
10
279.9914
20
77.5264
0
VERTEX
8
CUT
10
279.5608
20
76.7168
0
VERTEX
8
CUT
10
277.3223
20
72.8578
0
VERTEX
8
CUT
10
275.5642
20
70.1896
0
VERTEX
8
CUT
10
274.8521
20
69.1088
0
VERTEX
8
CUT
10
273.9489
20
67.7380
0
VERTEX
8
CUT
10
272.0193
20
64.8094
0
VERTEX
8
CUT
10
267.3509
20
58.4715
0
VERTEX
8
CUT
10
265.7702
20
56.5161
0
VERTEX
8
CUT
10
263.4060
20
53.5915
0
VERTEX
8
CUT
10
262.5911
20
52.5835
0
VERTEX
8
CUT
10
262.3305
20
52.2611
0
VERTEX
8
CUT
10
260.7891
20
50.4452
0
VERTEX
8
CUT
10
257.5802
20
47.0368
0
VERTEX
8
CUT
10
255.8018
20
45.2286
0
VERTEX
8
CUT
10
254.8452
20
44.2560
0
VERTEX
8
CUT
10
254.0629
20
43.4607
0
VERTEX
8
CUT
10
254.0041
20
43.4008
0
VERTEX
8
CUT
10
252.2421
20
41.7218
0
VERTEX
8
CUT
10
245.9254
20
35.9112
0
VERTEX
8
CUT
10
244.1004
20
34.3834
0
VERTEX
8
CUT
10
238.6436
20
29.9170
0
VERTEX
8
CUT
10
238.4802
20
29.7949
0
VERTEX
8
CUT
10
238.1622
20
29.5573
0
VERTEX
8
CUT
10
229.3017
20
23.3607
0
VERTEX
8
CUT
10
220.7649
20
18.2908
0
VERTEX
8
CUT
10
218.4257
20
17.0422
0
VERTEX
8
CUT
10
218.1764
20
16.9090
0
VERTEX
8
CUT
10
209.6998
20
12.7343
0
VERTEX
8
CUT
10
199.4625
20
8.6287
0
VERTEX
8
CUT
10
199.0541
20
8.4939
0
VERTEX
8
CUT
10
199.0296
20
8.4858
0
VERTEX
8
CUT
10
199.0282
20
8.4853
0
VERTEX
8
CUT
10
189.5382
20
5.4913
0
VERTEX
8
CUT
10
188.1416
20
5.1400
0
VERTEX
8
CUT
10
187.9084
20
5.0814
0
VERTEX
8
CUT
10
187.7173
20
5.0333
0
VERTEX
8
CUT
10
186.0394
20
4.6114
0
VERTEX
8
CUT
10
179.5642
20
3.0986
0
VERTEX
8
CUT
10
177.6477
20
2.7554
0
VERTEX
8
CUT
10
176.9232
20
2.6256
0
VERTEX
8
CUT
10
175.4372
20
2.3595
0
VERTEX
8
CUT
10
172.6064
20
1.8526
0
VERTEX
8
CUT
10
163.8243
20
0.8097
0
VERTEX
8
CUT
10
155.3812
20
0.3026
0
VERTEX
8
CUT
10
153.0701
20
0.2457
0
VERTEX
8
CUT
10
150.5167
20
0.2216
0
VERTEX
8
CUT
10
148.2920
20
0.2536
0
VERTEX
8
CUT
10
146.6205
20
0.2777
0
VERTEX
8
CUT
10
146.0372
20
0.2861
0
VERTEX
8
CUT
10
141.4790
20
0.3518
0
VERTEX
8
CUT
10
139.6167
20
0.4506
0
VERTEX
8
CUT
10
132.4808
20
1.1755
0
VERTEX
8
CUT
10
132.2838
20
1.2008
0
VERTEX
8
CUT
10
132.2186
20
1.2092
0
VERTEX
8
CUT
10
132.2169
20
1.2094
0
VERTEX
8
CUT
10
128.6255
20
1.6710
0
VERTEX
8
CUT
10
121.5744
20
2.8532
0
VERTEX
8
CUT
10
120.2986
20
3.1422
0
VERTEX
8
CUT
10
117.8881
20
3.6882
0
VERTEX
8
CUT
10
116.9210
20
3.9073
0
VERTEX
8
CUT
10
114.5190
20
4.4514
0
VERTEX
8
CUT
10
111.7624
20
5.0929
0
VERTEX
8
CUT
10
107.2611
20
6.4473
0
VERTEX
8
CUT
10
105.7813
20
6.9257
0
VERTEX
8
CUT
10
104.9586
20
7.1916
0
VERTEX
8
CUT
10
104.1769
20
7.4443
0
VERTEX
8
CUT
10
100.8011
20
8.5356
0
VERTEX
8
CUT
10
95.2533
20
10.6060
0
VERTEX
8
CUT
10
93.8252
20
11.2212
0
VERTEX
8
CUT
10
92.9188
20
11.6116
0
VERTEX
8
CUT
10
90.9740
20
12.4495
0
VERTEX
8
CUT
10
89.8920
20
12.9156
0
VERTEX
8
CUT
10
88.2377
20
13.6560
0
VERTEX
8
CUT
10
81.3876
20
17.0543
0
VERTEX
8
CUT
10
75.7380
20
20.1378
0
VERTEX
8
CUT
10
69.7859
20
23.7830
0
VERTEX
8
CUT
10
68.0643
20
24.9368
0
VERTEX
8
CUT
10
58.7965
20
31.6144
0
VERTEX
8
CUT
10
58.5964
20
31.7638
0
VERTEX
8
CUT
10
58.3599
20
31.9576
0
VERTEX
8
CUT
10
49.8999
20
39.2809
0
SEQEND
0
POLYLINE
8
CUT
66
1
70
1
10
0.0
20
0.0
30
0.0
0
VERTEX
8
CUT
10
24.3817
20
174.7699
0
VERTEX
8
CUT
10
22.4746
20
173.3649
0
VERTEX
8
CUT
10
21.0753
20
171.6187
0
VERTEX
8
CUT
10
20.0353
20
169.4091
0
VERTEX
8
CUT
10
19.4234
20
166.9641
0
VERTEX
8
CUT
10
19.2497
20
164.2817
0
VERTEX
8
CUT
10
19.3389
20
163.3397
0
VERTEX
8
CUT
10
19.3390
20
163.1889
0
VERTEX
8
CUT
10
19.3710
20
163.0007
0
VERTEX
8
CUT
10
19.5159
20
161.4711
0
VERTEX
8
CUT
10
20.2673
20
158.5409
0
VERTEX
8
CUT
10
21.5093
20
155.6752
0
VERTEX
8
CUT
10
22.5358
20
154.0074
0
VERTEX
8
CUT
10
24.2755
20
151.9405
0
VERTEX
8
CUT
10
24.4805
20
151.6791
0
VERTEX
8
CUT
10
26.2831
20
149.8766
0
VERTEX
8
CUT
10
27.7561
20
148.7915
0
VERTEX
8
CUT
10
29.4913
20
147.4639
0
VERTEX
8
CUT
10
31.8522
20
146.2676
0
VERTEX
8
CUT
10
38.0955
20
143.9381
0
VERTEX
8
CUT
10
40.6464
20
142.4284
0
VERTEX
8
CUT
10
42.5332
20
140.6313
0
VERTEX
8
CUT
10
43.8143
20
138.8991
0
VERTEX
8
CUT
10
43.9659
20
138.6443
0
VERTEX
8
CUT
10
44.8334
20
136.7673
0
VERTEX
8
CUT
10
45.3569
20
134.6498
0
VERTEX
8
CUT
10
45.4099
20
131.6386
0
VERTEX
8
CUT
10
45.3605
20
130.5087
0
VERTEX
8
CUT
10
44.8203
20
128.6542
0
VERTEX
8
CUT
10
44.0725
20
126.8916
0
VERTEX
8
CUT
10
44.0365
20
126.8244
0
VERTEX
8
CUT
10
44.0115
20
126.7778
0
VERTEX
8
CUT
10
43.9452
20
126.6543
0
VERTEX
8
CUT
10
43.8511
20
126.4790
0
VERTEX
8
CUT
10
41.1557
20
122.2266
0
VERTEX
8
CUT
10
38.3467
20
118.4566
0
VERTEX
8
CUT
10
37.1830
20
116.9092
0
VERTEX
8
CUT
10
37.1338
20
116.8288
0
VERTEX
8
CUT
10
36.4206
20
115.8717
0
VERTEX
8
CUT
10
34.9642
20
113.4020
0
VERTEX
8
CUT
10
33.5533
20
110.1432
0
VERTEX
8
CUT
10
32.8951
20
107.0308
0
VERTEX
8
CUT
10
32.8761
20
106.3504
0
VERTEX
8
CUT
10
32.7800
20
105.7433
0
VERTEX
8
CUT
10
32.8157
20
104.1902
0
VERTEX
8
CUT
10
32.8075
20
103.8986
0
VERTEX
8
CUT
10
32.8254
20
103.7674
0
VERTEX
8
CUT
10
32.8389
20
103.1767
0
VERTEX
8
CUT
10
33.0433
20
102.1674
0
VERTEX
8
CUT
10
33.2164
20
100.8959
0
VERTEX
8
CUT
10
34.2058
20
98.2260
0
VERTEX
8
CUT
10
35.7655
20
96.0340
0
VERTEX
8
CUT
10
37.2372
20
94.6224
0
VERTEX
8
CUT
10
37.9286
20
94.1326
0
VERTEX
8
CUT
10
38.0096
20
94.0602
0
VERTEX
8
CUT
10
38.1291
20
93.9906
0
VERTEX
8
CUT
10
38.7697
20
93.5368
0
VERTEX
8
CUT
10
39.1704
20
93.3833
0
VERTEX
8
CUT
10
39.3733
20
93.2649
0
VERTEX
8
CUT
10
40.0632
20
93.0412
0
VERTEX
8
CUT
10
41.2264
20
92.5955
0
VERTEX
8
CUT
10
43.0484
20
92.3800
0
VERTEX
8
CUT
10
44.7730
20
92.5260
0
VERTEX
8
CUT
10
45.5787
20
92.7565
0
VERTEX
8
CUT
10
45.6774
20
92.7673
0
VERTEX
8
CUT
10
45.7912
20
92.8172
0
VERTEX
8
CUT
10
46.4074
20
92.9935
0
VERTEX
8
CUT
10
47.9244
20
93.8101
0
VERTEX
8
CUT
10
49.2385
20
94.9196
0
VERTEX
8
CUT
10
50.3486
20
96.3222
0
VERTEX
8
CUT
10
50.7149
20
97.0687
0
VERTEX
8
CUT
10
51.0618
20
97.6609
0
VERTEX
8
CUT
10
51.1303
20
97.9151
0
VERTEX
8
CUT
10
51.1809
20
98.0182
0
VERTEX
8
CUT
10
51.5806
20
99.4895
0
VERTEX
8
CUT
10
51.6029
20
101.8021
0
VERTEX
8
CUT
10
51.3147
20
102.9301
0
VERTEX
8
CUT
10
51.1707
20
103.7308
0
VERTEX
8
CUT
10
50.9493
20
104.3602
0
VERTEX
8
CUT
10
50.1133
20
107.6325
0
VERTEX
8
CUT
10
50.3007
20
109.7163
0
VERTEX
8
CUT
10
50.9578
20
110.9689
0
VERTEX
8
CUT
10
51.6178
20
111.7334
0
VERTEX
8
CUT
10
51.6515
20
111.7621
0
VERTEX
8
CUT
10
51.6676
20
111.7757
0
VERTEX
8
CUT
10
51.8421
20
111.9243
0
VERTEX
8
CUT
10
52.0363
20
112.0896
0
VERTEX
8
CUT
10
52.6702
20
112.5544
0
VERTEX
8
CUT
10
53.7590
20
113.0215
0
VERTEX
8
CUT
10
54.9988
20
113.2711
0
VERTEX
8
CUT
10
57.5433
20
113.0975
0
VERTEX
8
CUT
10
57.7609
20
113.0483
0
VERTEX
8
CUT
10
60.6840
20
112.0031
0
VERTEX
8
CUT
10
62.9713
20
110.5539
0
VERTEX
8
CUT
10
66.3427
20
107.4514
0
VERTEX
8
CUT
10
67.3472
20
106.3223
0
VERTEX
8
CUT
10
68.7999
20
104.1383
0
VERTEX
8
CUT
10
69.7819
20
101.9780
0
VERTEX
8
CUT
10
69.8408
20
101.8241
0
VERTEX
8
CUT
10
69.8929
20
101.6511
0
VERTEX
8
CUT
10
70.4294
20
99.4907
0
VERTEX
8
CUT
10
70.6446
20
96.4397
0
VERTEX
8
CUT
10
70.5488
20
88.1212
0
VERTEX
8
CUT
10
70.4960
20
87.0987
0
VERTEX
8
CUT
10
70.5307
20
86.5506
0
VERTEX
8
CUT
10
70.5243
20
85.9936
0
VERTEX
8
CUT
10
70.5903
20
85.6083
0
VERTEX
8
CUT
10
70.6183
20
85.1644
0
VERTEX
8
CUT
10
70.7007
20
84.8427
0
VERTEX
8
CUT
10
70.7029
20
84.7532
0
VERTEX
8
CUT
10
71.0237
20
82.8981
0
VERTEX
8
CUT
10
71.0862
20
82.7130
0
VERTEX
8
CUT
10
71.1509
20
82.3352
0
VERTEX
8
CUT
10
71.4514
20
81.6310
0
VERTEX
8
CUT
10
71.6122
20
81.1547
0
VERTEX
8
CUT
10
71.9331
20
80.5021
0
VERTEX
8
CUT
10
72.3454
20
79.5359
0
VERTEX
8
CUT
10
73.4685
20
77.7867
0
VERTEX
8
CUT
10
77.8896
20
72.7964
0
VERTEX
8
CUT
10
79.4790
20
70.7467
0
VERTEX
8
CUT
10
80.4100
20
69.2481
0
VERTEX
8
CUT
10
80.7632
20
68.6422
0
VERTEX
8
CUT
10
81.1852
20
67.7334
0
VERTEX
8
CUT
10
82.1599
20
64.9788
0
VERTEX
8
CUT
10
82.2777
20
64.5773
0
VERTEX
8
CUT
10
82.6088
20
62.6872
0
VERTEX
8
CUT
10
82.7429
20
61.6591
0
VERTEX
8
CUT
10
82.9167
20
59.3508
0
VERTEX
8
CUT
10
83.0077
20
52.9228
0
VERTEX
8
CUT
10
83.3368
20
47.5187
0
VERTEX
8
CUT
10
84.0232
20
43.1690
0
VERTEX
8
CUT
10
84.0664
20
43.0219
0
VERTEX
8
CUT
10
84.0854
20
42.8922
0
VERTEX
8
CUT
10
84.8751
20
40.2655
0
VERTEX
8
CUT
10
85.0956
20
39.5138
0
VERTEX
8
CUT
10
85.7797
20
38.1647
0
VERTEX
8
CUT
10
86.2086
20
37.1733
0
VERTEX
8
CUT
10
86.7453
20
36.2604
0
VERTEX
8
CUT
10
87.1884
20
35.3866
0
VERTEX
8
CUT
10
87.9580
20
34.4447
0
VERTEX
8
CUT
10
88.1248
20
34.2100
0
VERTEX
8
CUT
10
88.2803
20
34.0504
0
VERTEX
8
CUT
10
89.5721
20
32.4695
0
VERTEX
8
CUT
10
91.4547
20
31.0507
0
VERTEX
8
CUT
10
92.8712
20
30.2895
0
VERTEX
8
CUT
10
93.0049
20
30.2030
0
VERTEX
8
CUT
10
93.0785
20
30.1781
0
VERTEX
8
CUT
10
93.4950
20
29.9542
0
VERTEX
8
CUT
10
95.2706
20
29.2937
0
VERTEX
8
CUT
10
96.8570
20
29.0389
0
VERTEX
8
CUT
10
99.5573
20
29.3039
0
VERTEX
8
CUT
10
101.2211
20
29.8842
0
VERTEX
8
CUT
10
101.3675
20
29.9194
0
VERTEX
8
CUT
10
101.5017
20
29.9821
0
VERTEX
8
CUT
10
102.2666
20
30.2488
0
VERTEX
8
CUT
10
103.6311
20
30.9752
0
VERTEX
8
CUT
10
104.0747
20
31.1821
0
VERTEX
8
CUT
10
104.2079
20
31.2823
0
VERTEX
8
CUT
10
104.2857
20
31.3237
0
VERTEX
8
CUT
10
104.5679
20
31.5531
0
VERTEX
8
CUT
10
105.8805
20
32.5403
0
VERTEX
8
CUT
10
106.2557
20
32.9248
0
VERTEX
8
CUT
10
106.7931
20
33.3615
0
VERTEX
8
CUT
10
107.7738
20
34.3891
0
VERTEX
8
CUT
10
107.8736
20
34.4738
0
VERTEX
8
CUT
10
108.9641
20
35.6363
0
VERTEX
8
CUT
10
111.2013
20
37.9805
0
VERTEX
8
CUT
10
117.8986
20
46.5918
0
VERTEX
8
CUT
10
123.5508
20
53.3799
0
VERTEX
8
CUT
10
124.8464
20
54.7931
0
VERTEX
8
CUT
10
129.5688
20
59.4909
0
VERTEX
8
CUT
10
129.6075
20
59.5266
0
VERTEX
8
CUT
10
132.2609
20
61.6732
0
VERTEX
8
CUT
10
133.1626
20
62.2955
0
VERTEX
8
CUT
10
134.1364
20
62.9564
0
VERTEX
8
CUT
10
134.9756
20
63.4951
0
VERTEX
8
CUT
10
138.3791
20
65.3233
0
VERTEX
8
CUT
10
140.3759
20
66.0902
0
VERTEX
8
CUT
10
142.7561
20
66.5521
0
VERTEX
8
CUT
10
143.3201
20
66.5831
0
VERTEX
8
CUT
10
143.3746
20
66.5861
0
VERTEX
8
CUT
10
143.3953
20
66.5872
0
VERTEX
8
CUT
10
143.9279
20
66.6165
0
VERTEX
8
CUT
10
145.7955
20
66.5732
0
VERTEX
8
CUT
10
145.9472
20
66.5459
0
VERTEX
8
CUT
10
146.1012
20
66.5127
0
VERTEX
8
CUT
10
146.2146
20
66.4882
0
VERTEX
8
CUT
10
146.4792
20
66.4310
0
VERTEX
8
CUT
10
147.8620
20
66.1323
0
VERTEX
8
CUT
10
149.3093
20
65.1851
0
VERTEX
8
CUT
10
149.5189
20
65.0432
0
VERTEX
8
CUT
10
150.9769
20
63.1395
0
VERTEX
8
CUT
10
151.6131
20
60.8047
0
VERTEX
8
CUT
10
151.5600
20
58.4341
0
VERTEX
8
CUT
10
151.5596
20
58.4326
0
VERTEX
8
CUT
10
151.5574
20
58.4251
0
VERTEX
8
CUT
10
151.5465
20
58.3876
0
VERTEX
8
CUT
10
151.2101
20
57.2339
0
VERTEX
8
CUT
10
151.0148
20
56.6513
0
VERTEX
8
CUT
10
150.6588
20
55.8495
0
VERTEX
8
CUT
10
150.5527
20
55.6106
0
VERTEX
8
CUT
10
150.4672
20
55.4180
0
VERTEX
8
CUT
10
150.4274
20
55.3284
0
VERTEX
8
CUT
10
148.8818
20
51.9247
0
VERTEX
8
CUT
10
148.6833
20
50.1737
0
VERTEX
8
CUT
10
148.6877
20
50.0352
0
VERTEX
8
CUT
10
148.6829
20
50.0065
0
VERTEX
8
CUT
10
148.6887
20
49.6126
0
VERTEX
8
CUT
10
148.6549
20
49.4092
0
VERTEX
8
CUT
10
148.6991
20
48.9071
0
VERTEX
8
CUT
10
148.7136
20
47.9298
0
VERTEX
8
CUT
10
148.7631
20
47.6639
0
VERTEX
8
CUT
10
148.7757
20
47.2674
0
VERTEX
8
CUT
10
148.9692
20
46.5581
0
VERTEX
8
CUT
10
148.9792
20
46.5040
0
VERTEX
8
CUT
10
148.9918
20
46.4750
0
VERTEX
8
CUT
10
149.2720
20
45.4476
0
VERTEX
8
CUT
10
150.8393
20
42.8647
0
VERTEX
8
CUT
10
152.6030
20
41.1013
0
VERTEX
8
CUT
10
154.5739
20
39.9574
0
VERTEX
8
CUT
10
156.2911
20
39.6339
0
VERTEX
8
CUT
10
156.8097
20
39.6261
0
VERTEX
8
CUT
10
157.7213
20
39.4946
0
VERTEX
8
CUT
10
160.0131
20
39.8456
0
VERTEX
8
CUT
10
160.0925
20
39.8826
0
VERTEX
8
CUT
10
160.7039
20
39.9798
0
VERTEX
8
CUT
10
163.2137
20
41.4732
0
VERTEX
8
CUT
10
164.5919
20
42.9088
0
VERTEX
8
CUT
10
165.6892
20
44.5519
0
VERTEX
8
CUT
10
166.5405
20
46.5559
0
VERTEX
8
CUT
10
167.0367
20
48.7035
0
VERTEX
8
CUT
10
167.1400
20
49.8605
0
VERTEX
8
CUT
10
167.1818
20
50.2608
0
VERTEX
8
CUT
10
167.1800
20
50.3083
0
VERTEX
8
CUT
10
167.2400
20
50.9810
0
VERTEX
8
CUT
10
167.0888
20
53.4305
0
VERTEX
8
CUT
10
166.0156
20
59.8752
0
VERTEX
8
CUT
10
165.9552
20
62.5506
0
VERTEX
8
CUT
10
166.1141
20
63.5523
0
VERTEX
8
CUT
10
166.1670
20
63.7675
0
VERTEX
8
CUT
10
166.3760
20
64.2784
0
VERTEX
8
CUT
10
166.7903
20
65.0544
0
VERTEX
8
CUT
10
166.9179
20
65.2117
0
VERTEX
8
CUT
10
168.0902
20
66.5362
0
VERTEX
8
CUT
10
168.0905
20
66.5364
0
VERTEX
8
CUT
10
168.0924
20
66.5376
0
VERTEX
8
CUT
10
168.1028
20
66.5443
0
VERTEX
8
CUT
10
168.4715
20
66.7813
0
VERTEX
8
CUT
10
169.5673
20
67.3897
0
VERTEX
8
CUT
10
169.5784
20
67.3930
0
VERTEX
8
CUT
10
169.5878
20
67.3958
0
VERTEX
8
CUT
10
169.6689
20
67.4201
0
VERTEX
8
CUT
10
170.0596
20
67.5368
0
VERTEX
8
CUT
10
171.6077
20
67.7695
0
VERTEX
8
CUT
10
171.6080
20
67.7695
0
VERTEX
8
CUT
10
171.6083
20
67.7695
0
VERTEX
8
CUT
10
171.6089
20
67.7695
0
VERTEX
8
CUT
10
171.6100
20
67.7695
0
VERTEX
8
CUT
10
173.4790
20
67.4883
0
VERTEX
8
CUT
10
173.8254
20
67.3936
0
VERTEX
8
CUT
10
174.8747
20
66.9852
0
VERTEX
8
CUT
10
175.3695
20
66.7481
0
VERTEX
8
CUT
10
177.5626
20
65.4170
0
VERTEX
8
CUT
10
180.0154
20
63.6908
0
VERTEX
8
CUT
10
180.8983
20
62.9994
0
VERTEX
8
CUT
10
186.6642
20
57.8649
0
VERTEX
8
CUT
10
199.2171
20
45.9012
0
VERTEX
8
CUT
10
203.3086
20
41.9693
0
VERTEX
8
CUT
10
203.5242
20
41.7963
0
VERTEX
8
CUT
10
203.8649
20
41.4715
0
VERTEX
8
CUT
10
207.9180
20
38.1328
0
VERTEX
8
CUT
10
211.3371
20
35.8714
0
VERTEX
8
CUT
10
212.9311
20
35.0860
0
VERTEX
8
CUT
10
213.9416
20
34.5384
0
VERTEX
8
CUT
10
214.3338
20
34.3949
0
VERTEX
8
CUT
10
215.4687
20
33.8358
0
VERTEX
8
CUT
10
217.4117
20
33.2267
0
VERTEX
8
CUT
10
219.3848
20
32.9296
0
VERTEX
8
CUT
10
220.1685
20
32.9608
0
VERTEX
8
CUT
10
222.2778
20
32.9654
0
VERTEX
8
CUT
10
222.7714
20
33.0645
0
VERTEX
8
CUT
10
223.9278
20
33.1106
0
VERTEX
8
CUT
10
225.9588
20
33.7417
0
VERTEX
8
CUT
10
227.5579
20
34.5971
0
VERTEX
8
CUT
10
230.1796
20
36.7129
0
VERTEX
8
CUT
10
232.3384
20
39.6651
0
VERTEX
8
CUT
10
234.2721
20
43.9132
0
VERTEX
8
CUT
10
235.0774
20
46.9548
0
VERTEX
8
CUT
10
235.4915
20
50.4786
0
VERTEX
8
CUT
10
235.6409
20
55.1146
0
VERTEX
8
CUT
10
235.5448
20
57.8429
0
VERTEX
8
CUT
10
235.5516
20
58.4140
0
VERTEX
8
CUT
10
235.5021
20
59.0554
0
VERTEX
8
CUT
10
235.3423
20
63.5931
0
VERTEX
8
CUT
10
234.6535
20
71.1729
0
VERTEX
8
CUT
10
234.4614
20
76.6059
0
VERTEX
8
CUT
10
234.4639
20
77.0690
0
VERTEX
8
CUT
10
234.4647
20
77.2108
0
VERTEX
8
CUT
10
234.4650
20
77.2722
0
VERTEX
8
CUT
10
234.4652
20
77.3128
0
VERTEX
8
CUT
10
234.8933
20
81.7666
0
VERTEX
8
CUT
10
235.3196
20
83.9322
0
VERTEX
8
CUT
10
235.8347
20
85.9569
0
VERTEX
8
CUT
10
237.3167
20
89.7599
0
VERTEX
8
CUT
10
239.4721
20
93.4419
0
VERTEX
8
CUT
10
242.9470
20
98.3255
0
VERTEX
8
CUT
10
244.4340
20
100.7632
0
VERTEX
8
CUT
10
245.5982
20
103.1814
0
VERTEX
8
CUT
10
248.3208
20
110.2119
0
VERTEX
8
CUT
10
249.5862
20
112.4440
0
VERTEX
8
CUT
10
251.1593
20
114.4451
0
VERTEX
8
CUT
10
251.8389
20
115.1244
0
VERTEX
8
CUT
10
253.3847
20
116.5706
0
VERTEX
8
CUT
10
256.4458
20
118.6991
0
VERTEX
8
CUT
10
259.2795
20
120.0543
0
VERTEX
8
CUT
10
264.1684
20
121.8777
0
VERTEX
8
CUT
10
264.7941
20
122.0923
0
VERTEX
8
CUT
10
265.2101
20
122.2662
0
VERTEX
8
CUT
10
268.3422
20
123.4344
0
VERTEX
8
CUT
10
271.3155
20
124.8919
0
VERTEX
8
CUT
10
273.1397
20
126.1587
0
VERTEX
8
CUT
10
274.4206
20
127.3743
0
VERTEX
8
CUT
10
275.4631
20
128.2476
0
VERTEX
8
CUT
10
275.9894
20
128.8632
0
VERTEX
8
CUT
10
276.0264
20
128.8983
0
VERTEX
8
CUT
10
277.2182
20
130.2118
0
VERTEX
8
CUT
10
278.4397
20
131.9563
0
VERTEX
8
CUT
10
280.1409
20
135.5699
0
VERTEX
8
CUT
10
280.7295
20
137.5533
0
VERTEX
8
CUT
10
280.9607
20
139.5237
0
VERTEX
8
CUT
10
280.9090
20
140.6874
0
VERTEX
8
CUT
10
280.9291
20
140.9012
0
VERTEX
8
CUT
10
280.8847
20
141.2351
0
VERTEX
8
CUT
10
280.7865
20
143.4484
0
VERTEX
8
CUT
10
279.9467
20
146.5019
0
VERTEX
8
CUT
10
279.2981
20
147.7903
0
VERTEX
8
CUT
10
277.6377
20
149.8523
0
VERTEX
8
CUT
10
276.9713
20
150.2855
0
VERTEX
8
CUT
10
276.8834
20
150.3748
0
VERTEX
8
CUT
10
276.6788
20
150.4756
0
VERTEX
8
CUT
10
275.4244
20
151.2909
0
VERTEX
8
CUT
10
273.3984
20
151.8272
0
VERTEX
8
CUT
10
271.4669
20
151.6729
0
VERTEX
8
CUT
10
269.5226
20
150.8530
0
VERTEX
8
CUT
10
268.5549
20
150.1082
0
VERTEX
8
CUT
10
268.3236
20
149.9644
0
VERTEX
8
CUT
10
265.9296
20
148.0914
0
VERTEX
8
CUT
10
264.3629
20
147.1996
0
VERTEX
8
CUT
10
261.9787
20
146.4150
0
VERTEX
8
CUT
10
260.2661
20
146.3124
0
VERTEX
8
CUT
10
260.0653
20
146.3231
0
VERTEX
8
CUT
10
259.9494
20
146.3293
0
VERTEX
8
CUT
10
259.7615
20
146.3392
0
VERTEX
8
CUT
10
259.6220
20
146.3467
0
VERTEX
8
CUT
10
257.8125
20
146.7644
0
VERTEX
8
CUT
10
257.3516
20
146.9147
0
VERTEX
8
CUT
10
255.3090
20
148.1157
0
VERTEX
8
CUT
10
253.5938
20
149.9649
0
VERTEX
8
CUT
10
252.5503
20
151.8435
0
VERTEX
8
CUT
10
252.1998
20
152.8677
0
VERTEX
8
CUT
10
252.0004
20
153.5452
0
VERTEX
8
CUT
10
251.8788
20
154.3644
0
VERTEX
8
CUT
10
251.8420
20
155.2980
0
VERTEX
8
CUT
10
251.9800
20
156.9679
0
VERTEX
8
CUT
10
252.1072
20
157.5242
0
VERTEX
8
CUT
10
252.6816
20
159.5472
0
VERTEX
8
CUT
10
253.8327
20
161.9169
0
VERTEX
8
CUT
10
255.5094
20
164.3870
0
VERTEX
8
CUT
10
260.6754
20
170.4189
0
VERTEX
8
CUT
10
262.9254
20
173.3886
0
VERTEX
8
CUT
10
265.6564
20
177.7523
0
VERTEX
8
CUT
10
267.5126
20
181.5245
0
VERTEX
8
CUT
10
268.4066
20
183.6720
0
VERTEX
8
CUT
10
269.7750
20
187.9903
0
VERTEX
8
CUT
10
270.6374
20
192.3978
0
VERTEX
8
CUT
10
270.7414
20
193.6795
0
VERTEX
8
CUT
10
270.7521
20
193.7418
0
VERTEX
8
CUT
10
270.8775
20
195.3578
0
VERTEX
8
CUT
10
271.0235
20
197.1583
0
VERTEX
8
CUT
10
271.0221
20
197.2227
0
VERTEX
8
CUT
10
271.0228
20
197.2309
0
VERTEX
8
CUT
10
270.9639
20
200.5876
0
VERTEX
8
CUT
10
270.9474
20
200.7396
0
VERTEX
8
CUT
10
270.9056
20
202.7069
0
VERTEX
8
CUT
10
270.3375
20
205.9085
0
VERTEX
8
CUT
10
269.9729
20
206.9467
0
VERTEX
8
CUT
10
269.9451
20
207.0818
0
VERTEX
8
CUT
10
269.7238
20
207.6561
0
VERTEX
8
CUT
10
268.8066
20
210.2678
0
VERTEX
8
CUT
10
267.8058
20
212.0965
0
VERTEX
8
CUT
10
266.7038
20
213.5893
0
VERTEX
8
CUT
10
265.5352
20
214.6986
0
VERTEX
8
CUT
10
264.3588
20
215.4293
0
VERTEX
8
CUT
10
262.9753
20
215.8853
0
VERTEX
8
CUT
10
261.9878
20
215.9256
0
VERTEX
8
CUT
10
261.9027
20
215.9374
0
VERTEX
8
CUT
10
261.8953
20
215.9359
0
VERTEX
8
CUT
10
261.8730
20
215.9393
0
VERTEX
8
CUT
10
261.8374
20
215.9318
0
VERTEX
8
CUT
10
261.6108
20
215.9410
0
VERTEX
8
CUT
10
260.1587
20
215.6516
0
VERTEX
8
CUT
10
256.8570
20
214.2402
0
VERTEX
8
CUT
10
256.2331
20
214.4273
0
VERTEX
8
CUT
10
255.8254
20
215.0753
0
VERTEX
8
CUT
10
255.5174
20
216.1739
0
VERTEX
8
CUT
10
255.4628
20
218.1484
0
VERTEX
8
CUT
10
257.0770
20
224.6626
0
VERTEX
8
CUT
10
257.3730
20
227.2636
0
VERTEX
8
CUT
10
257.3111
20
228.7273
0
VERTEX
8
CUT
10
256.7774
20
231.5292
0
VERTEX
8
CUT
10
256.3591
20
232.8336
0
VERTEX
8
CUT
10
255.1910
20
235.1367
0
VERTEX
8
CUT
10
254.5596
20
235.8680
0
VERTEX
8
CUT
10
253.9553
20
236.6619
0
VERTEX
8
CUT
10
253.7238
20
236.8361
0
VERTEX
8
CUT
10
253.3249
20
237.2980
0
VERTEX
8
CUT
10
251.9395
20
238.2967
0
VERTEX
8
CUT
10
246.2219
20
233.3839
0
VERTEX
8
CUT
10
245.1661
20
232.8077
0
VERTEX
8
CUT
10
243.1286
20
232.1486
0
VERTEX
8
CUT
10
239.8664
20
231.9594
0
VERTEX
8
CUT
10
237.7341
20
232.1944
0
VERTEX
8
CUT
10
237.7006
20
232.2061
0
VERTEX
8
CUT
10
237.6728
20
232.2159
0
VERTEX
8
CUT
10
237.6172
20
232.2354
0
VERTEX
8
CUT
10
237.5451
20
232.2607
0
VERTEX
8
CUT
10
235.4595
20
233.2078
0
VERTEX
8
CUT
10
234.0194
20
234.2728
0
VERTEX
8
CUT
10
232.8390
20
235.5459
0
VERTEX
8
CUT
10
231.8291
20
237.0496
0
VERTEX
8
CUT
10
231.0354
20
238.8011
0
VERTEX
8
CUT
10
230.5863
20
240.8980
0
VERTEX
8
CUT
10
230.4923
20
244.7977
0
VERTEX
8
CUT
10
231.2794
20
251.9622
0
VERTEX
8
CUT
10
231.3276
20
252.3337
0
VERTEX
8
CUT
10
231.2922
20
252.6347
0
VERTEX
8
CUT
10
231.2679
20
254.0580
0
VERTEX
8
CUT
10
230.6002
20
257.4289
0
VERTEX
8
CUT
10
229.1317
20
260.4102
0
VERTEX
8
CUT
10
228.0415
20
261.8644
0
VERTEX
8
CUT
10
226.8031
20
262.9322
0
VERTEX
8
CUT
10
226.7116
20
263.0384
0
VERTEX
8
CUT
10
226.5497
20
263.1508
0
VERTEX
8
CUT
10
226.1877
20
263.4630
0
VERTEX
8
CUT
10
225.9253
20
263.5840
0
VERTEX
8
CUT
10
225.7876
20
263.6795
0
VERTEX
8
CUT
10
225.3447
20
263.8518
0
VERTEX
8
CUT
10
224.7695
20
264.1172
0
VERTEX
8
CUT
10
223.3107
20
264.3468
0
VERTEX
8
CUT
10
221.6632
20
264.1152
0
VERTEX
8
CUT
10
220.7686
20
263.7501
0
VERTEX
8
CUT
10
219.3680
20
262.6227
0
VERTEX
8
CUT
10
218.2853
20
260.8028
0
VERTEX
8
CUT
10
216.5240
20
255.0709
0
VERTEX
8
CUT
10
215.0640
20
252.8758
0
VERTEX
8
CUT
10
215.0469
20
252.8565
0
VERTEX
8
CUT
10
215.0329
20
252.8407
0
VERTEX
8
CUT
10
215.0293
20
252.8366
0
VERTEX
8
CUT
10
214.9330
20
252.7279
0
VERTEX
8
CUT
10
214.6265
20
252.4692
0
VERTEX
8
CUT
10
213.6911
20
251.8448
0
VERTEX
8
CUT
10
213.6185
20
251.7964
0
VERTEX
8
CUT
10
213.5768
20
251.7685
0
VERTEX
8
CUT
10
213.4062
20
251.6547
0
VERTEX
8
CUT
10
212.8721
20
251.3903
0
VERTEX
8
CUT
10
210.2842
20
250.9681
0
VERTEX
8
CUT
10
208.7605
20
251.1455
0
VERTEX
8
CUT
10
208.0007
20
251.3609
0
VERTEX
8
CUT
10
206.7739
20
251.8512
0
VERTEX
8
CUT
10
205.6890
20
252.6552
0
VERTEX
8
CUT
10
205.5175
20
252.8359
0
VERTEX
8
CUT
10
205.3687
20
252.9926
0
VERTEX
8
CUT
10
205.2653
20
253.1015
0
VERTEX
8
CUT
10
204.8457
20
253.5434
0
VERTEX
8
CUT
10
204.3051
20
254.2054
0
VERTEX
8
CUT
10
204.2645
20
254.2844
0
VERTEX
8
CUT
10
203.9503
20
254.9568
0
VERTEX
8
CUT
10
203.8875
20
255.0912
0
VERTEX
8
CUT
10
203.7988
20
255.2811
0
VERTEX
8
CUT
10
203.3322
20
256.2799
0
VERTEX
8
CUT
10
202.9269
20
257.7850
0
VERTEX
8
CUT
10
202.8565
20
258.4990
0
VERTEX
8
CUT
10
202.7736
20
259.4918
0
VERTEX
8
CUT
10
202.7878
20
260.8738
0
VERTEX
8
CUT
10
203.1626
20
265.5932
0
VERTEX
8
CUT
10
202.9237
20
269.1135
0
VERTEX
8
CUT
10
202.1303
20
271.4518
0
VERTEX
8
CUT
10
201.8848
20
272.3044
0
VERTEX
8
CUT
10
201.7575
20
272.5506
0
VERTEX
8
CUT
10
201.4755
20
273.3818
0
VERTEX
8
CUT
10
200.7837
20
274.4348
0
VERTEX
8
CUT
10
200.5433
20
274.9001
0
VERTEX
8
CUT
10
199.9227
20
275.7454
0
VERTEX
8
CUT
10
199.4356
20
276.4869
0
VERTEX
8
CUT
10
198.5242
20
277.3986
0
VERTEX
8
CUT
10
198.1824
20
277.7716
0
VERTEX
8
CUT
10
197.9728
20
277.9501
0
VERTEX
8
CUT
10
196.7102
20
279.2131
0
VERTEX
8
CUT
10
195.4258
20
280.1198
0
VERTEX
8
CUT
10
195.1533
20
280.3519
0
VERTEX
8
CUT
10
194.7516
20
280.5957
0
VERTEX
8
CUT
10
193.4140
20
281.5399
0
VERTEX
8
CUT
10
192.3521
20
282.0519
0
VERTEX
8
CUT
10
191.7110
20
282.4410
0
VERTEX
8
CUT
10
189.9619
20
283.2044
0
VERTEX
8
CUT
10
189.5805
20
283.3883
0
VERTEX
8
CUT
10
185.2757
20
284.7429
0
VERTEX
8
CUT
10
180.6665
20
285.4827
0
VERTEX
8
CUT
10
177.8439
20
285.5514
0
VERTEX
8
CUT
10
177.5902
20
285.5694
0
VERTEX
8
CUT
10
177.4284
20
285.5615
0
VERTEX
8
CUT
10
175.8495
20
285.6000
0
VERTEX
8
CUT
10
174.2007
20
285.4045
0
VERTEX
8
CUT
10
173.3608
20
285.3637
0
VERTEX
8
CUT
10
171.8196
20
285.1223
0
VERTEX
8
CUT
10
169.6017
20
284.8595
0
VERTEX
8
CUT
10
165.6236
20
283.7529
0
VERTEX
8
CUT
10
165.2508
20
283.6006
0
VERTEX
8
CUT
10
165.1334
20
283.5676
0
VERTEX
8
CUT
10
164.2396
20
283.1875
0
VERTEX
8
CUT
10
161.4059
20
282.0299
0
VERTEX
8
CUT
10
154.3033
20
278.3898
0
VERTEX
8
CUT
10
150.6282
20
275.9096
0
VERTEX
8
CUT
10
148.4760
20
274.1114
0
VERTEX
8
CUT
10
145.9268
20
271.5632
0
VERTEX
8
CUT
10
143.8917
20
268.8739
0
VERTEX
8
CUT
10
142.4111
20
266.1197
0
VERTEX
8
CUT
10
141.4762
20
263.3775
0
VERTEX
8
CUT
10
141.2409
20
261.6895
0
VERTEX
8
CUT
10
141.2034
20
261.5392
0
VERTEX
8
CUT
10
141.2052
20
261.4340
0
VERTEX
8
CUT
10
141.0854
20
260.5742
0
VERTEX
8
CUT
10
141.2299
20
257.7055
0
VERTEX
8
CUT
10
141.9801
20
254.8392
0
VERTEX
8
CUT
10
143.7633
20
251.2418
0
VERTEX
8
CUT
10
144.2575
20
250.6343
0
VERTEX
8
CUT
10
144.3554
20
250.4451
0
VERTEX
8
CUT
10
145.2002
20
249.4755
0
VERTEX
8
CUT
10
147.2743
20
246.9260
0
VERTEX
8
CUT
10
149.1583
20
245.0719
0
VERTEX
8
CUT
10
154.2635
20
240.8621
0
VERTEX
8
CUT
10
154.6309
20
240.3054
0
VERTEX
8
CUT
10
155.1606
20
240.1954
0
VERTEX
8
CUT
10
156.0549
20
239.6116
0
VERTEX
8
CUT
10
157.5821
20
237.9343
0
VERTEX
8
CUT
10
157.7820
20
237.3612
0
VERTEX
8
CUT
10
157.3789
20
236.9041
0
VERTEX
8
CUT
10
154.7584
20
236.7284
0
VERTEX
8
CUT
10
153.9006
20
237.7659
0
VERTEX
8
CUT
10
154.2052
20
238.6982
0
VERTEX
8
CUT
10
154.1011
20
239.0235
0
VERTEX
8
CUT
10
152.2084
20
239.2065
0
VERTEX
8
CUT
10
151.7668
20
238.7639
0
VERTEX
8
CUT
10
151.0283
20
238.7869
0
VERTEX
8
CUT
10
150.6347
20
237.9255
0
VERTEX
8
CUT
10
149.5950
20
237.4179
0
VERTEX
8
CUT
10
149.5398
20
236.6234
0
VERTEX
8
CUT
10
149.0990
20
235.8814
0
VERTEX
8
CUT
10
148.3383
20
235.2809
0
VERTEX
8
CUT
10
147.4196
20
234.9846
0
VERTEX
8
CUT
10
145.7753
20
235.2323
0
VERTEX
8
CUT
10
144.6665
20
236.6970
0
VERTEX
8
CUT
10
143.6831
20
237.2838
0
VERTEX
8
CUT
10
142.7260
20
237.1709
0
VERTEX
8
CUT
10
142.4233
20
236.4869
0
VERTEX
8
CUT
10
142.1542
20
236.3382
0
VERTEX
8
CUT
10
141.0390
20
236.6411
0
VERTEX
8
CUT
10
137.9228
20
238.2728
0
VERTEX
8
CUT
10
135.5430
20
239.8985
0
VERTEX
8
CUT
10
133.1799
20
242.0470
0
VERTEX
8
CUT
10
130.9373
20
244.5645
0
VERTEX
8
CUT
10
129.1869
20
247.1633
0
VERTEX
8
CUT
10
127.8692
20
249.8884
0
VERTEX
8
CUT
10
127.0183
20
252.7955
0
VERTEX
8
CUT
10
126.7411
20
254.4276
0
VERTEX
8
CUT
10
126.5920
20
256.0263
0
VERTEX
8
CUT
10
126.5920
20
256.0277
0
VERTEX
8
CUT
10
126.5920
20
256.0296
0
VERTEX
8
CUT
10
126.5920
20
256.0364
0
VERTEX
8
CUT
10
126.5920
20
256.0538
0
VERTEX
8
CUT
10
126.7410
20
259.1511
0
VERTEX
8
CUT
10
127.5017
20
262.4441
0
VERTEX
8
CUT
10
130.2522
20
269.3790
0
VERTEX
8
CUT
10
130.3789
20
269.9996
0
VERTEX
8
CUT
10
130.4864
20
270.4459
0
VERTEX
8
CUT
10
130.4918
20
270.5528
0
VERTEX
8
CUT
10
130.7209
20
271.6753
0
VERTEX
8
CUT
10
130.6904
20
273.4498
0
VERTEX
8
CUT
10
130.6380
20
273.7461
0
VERTEX
8
CUT
10
130.6350
20
273.9404
0
VERTEX
8
CUT
10
130.5549
20
274.3274
0
VERTEX
8
CUT
10
130.5393
20
274.8548
0
VERTEX
8
CUT
10
130.2493
20
275.9454
0
VERTEX
8
CUT
10
130.1988
20
276.2313
0
VERTEX
8
CUT
10
130.1407
20
276.3542
0
VERTEX
8
CUT
10
130.0555
20
276.6746
0
VERTEX
8
CUT
10
129.5795
20
277.5398
0
VERTEX
8
CUT
10
129.0496
20
278.6594
0
VERTEX
8
CUT
10
127.9310
20
279.9271
0
VERTEX
8
CUT
10
127.8291
20
280.0529
0
VERTEX
8
CUT
10
127.7827
20
280.0952
0
VERTEX
8
CUT
10
127.2788
20
280.6662
0
VERTEX
8
CUT
10
126.1333
20
281.5515
0
VERTEX
8
CUT
10
124.3747
20
282.5388
0
VERTEX
8
CUT
10
122.7427
20
283.0314
0
VERTEX
8
CUT
10
120.0227
20
283.0298
0
VERTEX
8
CUT
10
118.9310
20
282.7707
0
VERTEX
8
CUT
10
118.6648
20
282.7270
0
VERTEX
8
CUT
10
118.5820
20
282.6879
0
VERTEX
8
CUT
10
117.8366
20
282.5109
0
VERTEX
8
CUT
10
116.8241
20
282.0197
0
VERTEX
8
CUT
10
115.2403
20
280.7179
0
VERTEX
8
CUT
10
114.5072
20
279.7997
0
VERTEX
8
CUT
10
113.6242
20
278.0613
0
VERTEX
8
CUT
10
113.2167
20
276.4267
0
VERTEX
8
CUT
10
113.2110
20
275.5427
0
VERTEX
8
CUT
10
113.2555
20
275.2219
0
VERTEX
8
CUT
10
113.2409
20
275.0789
0
VERTEX
8
CUT
10
113.3900
20
274.2538
0
VERTEX
8
CUT
10
113.4815
20
273.5949
0
VERTEX
8
CUT
10
113.5390
20
273.4290
0
VERTEX
8
CUT
10
113.5400
20
273.4232
0
VERTEX
8
CUT
10
113.5729
20
273.3309
0
VERTEX
8
CUT
10
115.3531
20
268.1934
0
VERTEX
8
CUT
10
115.7207
20
266.5188
0
VERTEX
8
CUT
10
115.9014
20
263.9482
0
VERTEX
8
CUT
10
115.9014
20
263.9218
0
VERTEX
8
CUT
10
115.9014
20
263.9208
0
VERTEX
8
CUT
10
115.9014
20
263.8957
0
VERTEX
8
CUT
10
115.9014
20
263.8800
0
VERTEX
8
CUT
10
115.6050
20
260.8436
0
VERTEX
8
CUT
10
115.5782
20
260.6958
0
VERTEX
8
CUT
10
114.6377
20
257.7279
0
VERTEX
8
CUT
10
113.8622
20
256.1163
0
VERTEX
8
CUT
10
111.7097
20
252.8580
0
VERTEX
8
CUT
10
108.4952
20
248.6790
0
VERTEX
8
CUT
10
107.0592
20
246.4224
0
VERTEX
8
CUT
10
106.5271
20
245.3465
0
VERTEX
8
CUT
10
106.4890
20
245.2864
0
VERTEX
8
CUT
10
106.4547
20
245.2001
0
VERTEX
8
CUT
10
105.9591
20
244.1977
0
VERTEX
8
CUT
10
105.1450
20
241.9918
0
VERTEX
8
CUT
10
104.6758
20
239.8349
0
VERTEX
8
CUT
10
104.5018
20
237.6756
0
VERTEX
8
CUT
10
104.6533
20
235.4650
0
VERTEX
8
CUT
10
104.8100
20
234.6734
0
VERTEX
8
CUT
10
104.9490
20
233.7257
0
VERTEX
8
CUT
10
105.0881
20
233.2685
0
VERTEX
8
CUT
10
105.0977
20
233.2205
0
VERTEX
8
CUT
10
105.1818
20
232.9609
0
VERTEX
8
CUT
10
105.7871
20
230.9718
0
VERTEX
8
CUT
10
105.9395
20
230.6225
0
VERTEX
8
CUT
10
106.1247
20
230.0509
0
VERTEX
8
CUT
10
106.8184
20
228.5715
0
VERTEX
8
CUT
10
106.8755
20
228.4766
0
VERTEX
8
CUT
10
107.0144
20
228.1580
0
VERTEX
8
CUT
10
108.4513
20
225.6435
0
VERTEX
8
CUT
10
110.1276
20
223.5182
0
VERTEX
8
CUT
10
111.8743
20
221.6955
0
VERTEX
8
CUT
10
115.2901
20
217.7911
0
VERTEX
8
CUT
10
115.3304
20
217.1844
0
VERTEX
8
CUT
10
114.9408
20
216.5450
0
VERTEX
8
CUT
10
113.7609
20
215.7779
0
VERTEX
8
CUT
10
112.7110
20
215.5863
0
VERTEX
8
CUT
10
110.6491
20
215.8249
0
VERTEX
8
CUT
10
109.1532
20
215.4099
0
VERTEX
8
CUT
10
107.9035
20
215.4339
0
VERTEX
8
CUT
10
106.7345
20
214.7486
0
VERTEX
8
CUT
10
105.6520
20
215.3653
0
VERTEX
8
CUT
10
100.8561
20
219.6516
0
VERTEX
8
CUT
10
98.2179
20
222.5349
0
VERTEX
8
CUT
10
96.7408
20
224.5880
0
VERTEX
8
CUT
10
95.4756
20
226.7603
0
VERTEX
8
CUT
10
94.5396
20
228.7659
0
VERTEX
8
CUT
10
94.1812
20
229.7403
0
VERTEX
8
CUT
10
93.6481
20
231.3138
0
VERTEX
8
CUT
10
92.8822
20
235.7938
0
VERTEX
8
CUT
10
92.8786
20
235.9055
0
VERTEX
8
CUT
10
92.8773
20
235.9476
0
VERTEX
8
CUT
10
92.8720
20
236.1114
0
VERTEX
8
CUT
10
92.8636
20
236.3738
0
VERTEX
8
CUT
10
92.8853
20
238.2107
0
VERTEX
8
CUT
10
93.0703
20
240.1496
0
VERTEX
8
CUT
10
93.8286
20
243.4744
0
VERTEX
8
CUT
10
94.8238
20
245.8649
0
VERTEX
8
CUT
10
95.8986
20
247.8662
0
VERTEX
8
CUT
10
96.0956
20
248.2100
0
VERTEX
8
CUT
10
96.2926
20
248.5539
0
VERTEX
8
CUT
10
100.6729
20
254.4662
0
VERTEX
8
CUT
10
101.1178
20
255.1600
0
VERTEX
8
CUT
10
101.8059
20
256.0566
0
VERTEX
8
CUT
10
102.4645
20
257.6431
0
VERTEX
8
CUT
10
102.4517
20
257.7410
0
VERTEX
8
CUT
10
102.4943
20
257.8507
0
VERTEX
8
CUT
10
102.5874
20
258.0504
0
VERTEX
8
CUT
10
102.6068
20
258.1401
0
VERTEX
8
CUT
10
102.9754
20
259.0884
0
VERTEX
8
CUT
10
103.3579
20
261.6834
0
VERTEX
8
CUT
10
103.2430
20
263.3580
0
VERTEX
8
CUT
10
103.1188
20
263.8743
0
VERTEX
8
CUT
10
103.1194
20
263.9147
0
VERTEX
8
CUT
10
103.0848
20
264.0156
0
VERTEX
8
CUT
10
102.8619
20
264.9416
0
VERTEX
8
CUT
10
102.1985
20
266.2683
0
VERTEX
8
CUT
10
102.1716
20
266.3429
0
VERTEX
8
CUT
10
102.1389
20
266.3875
0
VERTEX
8
CUT
10
101.4242
20
267.8168
0
VERTEX
8
CUT
10
100.3699
20
269.0470
0
VERTEX
8
CUT
10
99.1093
20
270.1024
0
VERTEX
8
CUT
10
96.2790
20
271.5434
0
VERTEX
8
CUT
10
95.8286
20
271.5697
0
VERTEX
8
CUT
10
95.6544
20
271.6245
0
VERTEX
8
CUT
10
94.4980
20
271.7280
0
VERTEX
8
CUT
10
94.1229
20
271.8000
0
VERTEX
8
CUT
10
92.4265
20
271.8000
0
VERTEX
8
CUT
10
92.1420
20
271.7463
0
VERTEX
8
CUT
10
92.1361
20
271.7457
0
VERTEX
8
CUT
10
91.8122
20
271.7411
0
VERTEX
8
CUT
10
91.3456
20
271.6531
0
VERTEX
8
CUT
10
90.0513
20
271.5015
0
VERTEX
8
CUT
10
88.3871
20
270.7693
0
VERTEX
8
CUT
10
86.3749
20
269.5150
0
VERTEX
8
CUT
10
86.0609
20
269.2241
0
VERTEX
8
CUT
10
85.3963
20
268.7472
0
VERTEX
8
CUT
10
84.1338
20
267.5389
0
VERTEX
8
CUT
10
83.9240
20
267.2445
0
VERTEX
8
CUT
10
83.5485
20
266.8967
0
VERTEX
8
CUT
10
82.0701
20
264.8811
0
VERTEX
8
CUT
10
80.8380
20
262.2368
0
VERTEX
8
CUT
10
80.1538
20
260.1818
0
VERTEX
8
CUT
10
77.6118
20
250.2833
0
VERTEX
8
CUT
10
76.1243
20
246.5611
0
VERTEX
8
CUT
10
76.0324
20
246.3496
0
VERTEX
8
CUT
10
76.0036
20
246.2833
0
VERTEX
8
CUT
10
75.9779
20
246.2242
0
VERTEX
8
CUT
10
75.9705
20
246.2073
0
VERTEX
8
CUT
10
75.3395
20
245.0535
0
VERTEX
8
CUT
10
74.1296
20
243.0687
0
VERTEX
8
CUT
10
74.0685
20
242.9825
0
VERTEX
8
CUT
10
73.9668
20
242.8389
0
VERTEX
8
CUT
10
73.8856
20
242.7242
0
VERTEX
8
CUT
10
73.6268
20
242.3588
0
VERTEX
8
CUT
10
72.7963
20
241.3281
0
VERTEX
8
CUT
10
70.3077
20
238.9064
0
VERTEX
8
CUT
10
68.9429
20
237.9385
0
VERTEX
8
CUT
10
66.3457
20
236.5652
0
VERTEX
8
CUT
10
63.9285
20
235.8215
0
VERTEX
8
CUT
10
63.7240
20
235.7928
0
VERTEX
8
CUT
10
63.5286
20
235.7793
0
VERTEX
8
CUT
10
63.2815
20
235.7622
0
VERTEX
8
CUT
10
62.6007
20
235.7153
0
VERTEX
8
CUT
10
61.6684
20
235.6509
0
VERTEX
8
CUT
10
59.6581
20
235.6711
0
VERTEX
8
CUT
10
54.7522
20
236.2388
0
VERTEX
8
CUT
10
52.2654
20
235.9777
0
VERTEX
8
CUT
10
50.4008
20
235.4473
0
VERTEX
8
CUT
10
48.5417
20
234.6659
0
VERTEX
8
CUT
10
48.0022
20
234.2961
0
VERTEX
8
CUT
10
46.7893
20
233.5826
0
VERTEX
8
CUT
10
46.0045
20
232.9266
0
VERTEX
8
CUT
10
45.4830
20
232.5691
0
VERTEX
8
CUT
10
45.2337
20
232.2822
0
VERTEX
8
CUT
10
44.9886
20
232.0774
0
VERTEX
8
CUT
10
43.3465
20
230.2224
0
VERTEX
8
CUT
10
43.0325
20
229.7501
0
VERTEX
8
CUT
10
42.7827
20
229.4627
0
VERTEX
8
CUT
10
42.5114
20
228.9663
0
VERTEX
8
CUT
10
41.9290
20
228.0902
0
VERTEX
8
CUT
10
40.9806
20
226.1650
0
VERTEX
8
CUT
10
40.6575
20
225.5737
0
VERTEX
8
CUT
10
39.8577
20
223.4366
0
VERTEX
8
CUT
10
38.9150
20
219.5793
0
VERTEX
8
CUT
10
38.7050
20
216.1319
0
VERTEX
8
CUT
10
38.7560
20
214.9956
0
VERTEX
8
CUT
10
38.7349
20
213.7744
0
VERTEX
8
CUT
10
38.7693
20
213.3434
0
VERTEX
8
CUT
10
38.7674
20
213.0946
0
VERTEX
8
CUT
10
38.8253
20
212.6414
0
VERTEX
8
CUT
10
38.9089
20
211.5924
0
VERTEX
8
CUT
10
39.0340
20
208.8072
0
VERTEX
8
CUT
10
39.8009
20
205.1205
0
VERTEX
8
CUT
10
40.7437
20
202.2659
0
VERTEX
8
CUT
10
40.9334
20
201.5159
0
VERTEX
8
CUT
10
41.2553
20
200.7167
0
VERTEX
8
CUT
10
41.7827
20
199.1194
0
VERTEX
8
CUT
10
42.8069
20
196.8636
0
VERTEX
8
CUT
10
43.1680
20
195.9671
0
VERTEX
8
CUT
10
43.4789
20
195.3836
0
VERTEX
8
CUT
10
44.4096
20
193.3338
0
VERTEX
8
CUT
10
47.6924
20
187.7568
0
VERTEX
8
CUT
10
51.6029
20
182.4167
0
VERTEX
8
CUT
10
53.5065
20
180.2998
0
VERTEX
8
CUT
10
53.6027
20
180.1794
0
VERTEX
8
CUT
10
53.7865
20
179.9884
0
VERTEX
8
CUT
10
56.1091
20
177.4054
0
VERTEX
8
CUT
10
57.7274
20
175.8939
0
VERTEX
8
CUT
10
58.1402
20
175.4650
0
VERTEX
8
CUT
10
58.7947
20
174.8970
0
VERTEX
8
CUT
10
61.1265
20
172.7190
0
VERTEX
8
CUT
10
62.6795
20
171.5255
0
VERTEX
8
CUT
10
63.1259
20
171.1381
0
VERTEX
8
CUT
10
64.0819
20
170.4478
0
VERTEX
8
CUT
10
66.6784
20
168.4525
0
VERTEX
8
CUT
10
68.1187
20
167.5329
0
VERTEX
8
CUT
10
68.4967
20
167.2600
0
VERTEX
8
CUT
10
69.9559
20
166.3600
0
VERTEX
8
CUT
10
72.7086
20
164.6025
0
VERTEX
8
CUT
10
79.0301
20
161.3234
0
VERTEX
8
CUT
10
82.3148
20
159.9909
0
VERTEX
8
CUT
10
82.7366
20
160.1103
0
VERTEX
8
CUT
10
82.7861
20
160.7388
0
VERTEX
8
CUT
10
82.3674
20
161.2784
0
VERTEX
8
CUT
10
79.3943
20
162.4464
0
VERTEX
8
CUT
10
79.1510
20
162.8867
0
VERTEX
8
CUT
10
79.1034
20
163.5262
0
VERTEX
8
CUT
10
79.2490
20
163.8641
0
VERTEX
8
CUT
10
79.2078
20
164.2179
0
VERTEX
8
CUT
10
72.4442
20
170.4142
0
VERTEX
8
CUT
10
69.1572
20
173.9329
0
VERTEX
8
CUT
10
68.2502
20
174.9372
0
VERTEX
8
CUT
10
64.5241
20
179.9822
0
VERTEX
8
CUT
10
61.3102
20
185.2654
0
VERTEX
8
CUT
10
58.6662
20
190.6995
0
VERTEX
8
CUT
10
56.6679
20
196.1822
0
VERTEX
8
CUT
10
55.4465
20
201.4254
0
VERTEX
8
CUT
10
55.0201
20
206.4300
0
VERTEX
8
CUT
10
55.1165
20
208.6999
0
VERTEX
8
CUT
10
55.3325
20
209.3679
0
VERTEX
8
CUT
10
55.6624
20
209.4650
0
VERTEX
8
CUT
10
56.0997
20
208.9239
0
VERTEX
8
CUT
10
56.3281
20
208.0703
0
VERTEX
8
CUT
10
57.4424
20
202.5701
0
VERTEX
8
CUT
10
58.5745
20
198.8486
0
VERTEX
8
CUT
10
60.0082
20
194.9985
0
VERTEX
8
CUT
10
61.7678
20
191.1525
0
VERTEX
8
CUT
10
63.7983
20
187.3019
0
VERTEX
8
CUT
10
66.0684
20
183.5098
0
VERTEX
8
CUT
10
68.5463
20
179.8989
0
VERTEX
8
CUT
10
71.2317
20
176.4682
0
VERTEX
8
CUT
10
74.4811
20
172.8618
0
VERTEX
8
CUT
10
78.1879
20
169.1555
0
VERTEX
8
CUT
10
82.5307
20
165.4277
0
VERTEX
8
CUT
10
82.8598
20
165.4062
0
VERTEX
8
CUT
10
83.0907
20
165.6511
0
VERTEX
8
CUT
10
83.3324
20
168.1219
0
VERTEX
8
CUT
10
84.4997
20
169.4763
0
VERTEX
8
CUT
10
85.5487
20
170.0165
0
VERTEX
8
CUT
10
86.2809
20
170.1292
0
VERTEX
8
CUT
10
86.6808
20
170.1606
0
VERTEX
8
CUT
10
87.1338
20
170.0979
0
VERTEX
8
CUT
10
88.0957
20
169.5748
0
VERTEX
8
CUT
10
89.0484
20
168.5266
0
VERTEX
8
CUT
10
95.6399
20
158.9384
0
VERTEX
8
CUT
10
96.5335
20
156.5378
0
VERTEX
8
CUT
10
96.9027
20
153.9545
0
VERTEX
8
CUT
10
96.8978
20
153.8373
0
VERTEX
8
CUT
10
96.8970
20
153.8184
0
VERTEX
8
CUT
10
96.8968
20
153.8138
0
VERTEX
8
CUT
10
96.8927
20
153.7174
0
VERTEX
8
CUT
10
96.4628
20
152.8349
0
VERTEX
8
CUT
10
95.4423
20
152.0695
0
VERTEX
8
CUT
10
95.4055
20
151.4823
0
VERTEX
8
CUT
10
95.7276
20
150.2324
0
VERTEX
8
CUT
10
95.6600
20
149.6389
0
VERTEX
8
CUT
10
93.5916
20
146.1262
0
VERTEX
8
CUT
10
92.7472
20
142.6988
0
VERTEX
8
CUT
10
90.4801
20
139.3081
0
VERTEX
8
CUT
10
90.0139
20
138.8202
0
VERTEX
8
CUT
10
89.6966
20
138.5790
0
VERTEX
8
CUT
10
89.0286
20
138.5370
0
VERTEX
8
CUT
10
88.2511
20
138.7782
0
VERTEX
8
CUT
10
86.6588
20
139.8252
0
VERTEX
8
CUT
10
85.2500
20
141.3039
0
VERTEX
8
CUT
10
84.0239
20
143.6250
0
VERTEX
8
CUT
10
81.4486
20
145.3391
0
VERTEX
8
CUT
10
78.9286
20
147.6110
0
VERTEX
8
CUT
10
69.3117
20
147.9050
0
VERTEX
8
CUT
10
65.6743
20
148.2476
0
VERTEX
8
CUT
10
65.0852
20
148.3115
0
VERTEX
8
CUT
10
58.0318
20
149.6146
0
VERTEX
8
CUT
10
53.9935
20
150.7294
0
VERTEX
8
CUT
10
47.6925
20
152.9203
0
VERTEX
8
CUT
10
42.2060
20
155.4685
0
VERTEX
8
CUT
10
36.6349
20
158.9309
0
VERTEX
8
CUT
10
34.0622
20
160.8750
0
VERTEX
8
CUT
10
33.3371
20
161.6448
0
VERTEX
8
CUT
10
33.2415
20
162.1995
0
VERTEX
8
CUT
10
33.6380
20
162.3166
0
VERTEX
8
CUT
10
41.3926
20
158.3052
0
VERTEX
8
CUT
10
45.5039
20
156.4151
0
VERTEX
8
CUT
10
48.0932
20
155.5188
0
VERTEX
8
CUT
10
50.3668
20
154.6859
0
VERTEX
8
CUT
10
51.3445
20
154.3934
0
VERTEX
8
CUT
10
54.0155
20
153.4688
0
VERTEX
8
CUT
10
58.5468
20
152.3584
0
VERTEX
8
CUT
10
61.7221
20
151.8676
0
VERTEX
8
CUT
10
63.0039
20
151.5862
0
VERTEX
8
CUT
10
64.5974
20
151.3749
0
VERTEX
8
CUT
10
64.7358
20
151.3472
0
VERTEX
8
CUT
10
64.9915
20
151.3227
0
VERTEX
8
CUT
10
66.7935
20
151.0837
0
VERTEX
8
CUT
10
67.9919
20
150.8985
0
VERTEX
8
CUT
10
71.1929
20
150.7267
0
VERTEX
8
CUT
10
72.2156
20
150.6284
0
VERTEX
8
CUT
10
72.6286
20
150.6346
0
VERTEX
8
CUT
10
74.4428
20
150.5093
0
VERTEX
8
CUT
10
74.8599
20
150.5299
0
VERTEX
8
CUT
10
77.4776
20
150.3893
0
VERTEX
8
CUT
10
78.2040
20
150.5301
0
VERTEX
8
CUT
10
78.4797
20
150.8785
0
VERTEX
8
CUT
10
77.6925
20
152.6994
0
VERTEX
8
CUT
10
77.0062
20
152.8894
0
VERTEX
8
CUT
10
76.9734
20
152.9153
0
VERTEX
8
CUT
10
76.3141
20
153.0810
0
VERTEX
8
CUT
10
65.7457
20
156.0064
0
VERTEX
8
CUT
10
64.9010
20
156.2935
0
VERTEX
8
CUT
10
64.8743
20
156.3026
0
VERTEX
8
CUT
10
64.8632
20
156.3064
0
VERTEX
8
CUT
10
64.6540
20
156.3774
0
VERTEX
8
CUT
10
64.6099
20
156.3924
0
VERTEX
8
CUT
10
63.6434
20
156.7210
0
VERTEX
8
CUT
10
63.5420
20
156.7555
0
VERTEX
8
CUT
10
63.4200
20
156.7969
0
VERTEX
8
CUT
10
61.0001
20
157.6737
0
VERTEX
8
CUT
10
60.9935
20
157.6762
0
VERTEX
8
CUT
10
60.9826
20
157.6803
0
VERTEX
8
CUT
10
60.8743
20
157.7209
0
VERTEX
8
CUT
10
60.6011
20
157.8234
0
VERTEX
8
CUT
10
56.9147
20
159.4481
0
VERTEX
8
CUT
10
55.5571
20
160.0824
0
VERTEX
8
CUT
10
50.7595
20
162.5202
0
VERTEX
8
CUT
10
49.3887
20
163.3003
0
VERTEX
8
CUT
10
46.0541
20
165.2341
0
VERTEX
8
CUT
10
34.9970
20
172.6647
0
VERTEX
8
CUT
10
32.5492
20
174.1261
0
VERTEX
8
CUT
10
30.2707
20
175.0993
0
VERTEX
8
CUT
10
28.8860
20
175.3553
0
VERTEX
8
CUT
10
28.6274
20
175.3552
0
VERTEX
8
CUT
10
28.6208
20
175.3565
0
VERTEX
8
CUT
10
28.5835
20
175.3551
0
VERTEX
8
CUT
10
26.5913
20
175.3540
0
VERTEX
8
CUT
10
25.3675
20
175.1563
0
SEQEND
0
POLYLINE
8
CUT
66
1
70
1
10
0.0
20
0.0
30
0.0
0
VERTEX
8
CUT
10
279.6914
20
177.2358
0
VERTEX
8
CUT
10
279.5069
20
177.4195
0
VERTEX
8
CUT
10
279.4691
20
177.4957
0
VERTEX
8
CUT
10
279.0675
20
177.8568
0
VERTEX
8
CUT
10
278.9053
20
178.0182
0
VERTEX
8
CUT
10
278.1758
20
178.7810
0
VERTEX
8
CUT
10
277.3478
20
179.0993
0
VERTEX
8
CUT
10
275.4606
20
179.0291
0
VERTEX
8
CUT
10
274.1179
20
178.4800
0
VERTEX
8
CUT
10
273.8044
20
178.2049
0
VERTEX
8
CUT
10
273.6365
20
178.1194
0
VERTEX
8
CUT
10
273.3514
20
177.8073
0
VERTEX
8
CUT
10
272.9008
20
177.4119
0
VERTEX
8
CUT
10
272.7418
20
177.1401
0
VERTEX
8
CUT
10
272.5490
20
176.9290
0
VERTEX
8
CUT
10
272.4320
20
176.6105
0
VERTEX
8
CUT
10
272.0134
20
175.8948
0
VERTEX
8
CUT
10
271.6916
20
174.3500
0
VERTEX
8
CUT
10
271.8964
20
172.7616
0
VERTEX
8
CUT
10
272.5575
20
171.3871
0
VERTEX
8
CUT
10
273.0323
20
170.8732
0
VERTEX
8
CUT
10
273.1089
20
170.7573
0
VERTEX
8
CUT
10
273.2845
20
170.6003
0
VERTEX
8
CUT
10
273.5068
20
170.3597
0
VERTEX
8
CUT
10
273.6336
20
170.2882
0
VERTEX
8
CUT
10
273.8842
20
170.0642
0
VERTEX
8
CUT
10
274.8060
20
169.5964
0
VERTEX
8
CUT
10
275.9904
20
169.4061
0
VERTEX
8
CUT
10
276.1512
20
169.4266
0
VERTEX
8
CUT
10
276.2763
20
169.4028
0
VERTEX
8
CUT
10
276.3230
20
169.4210
0
VERTEX
8
CUT
10
276.5105
20
169.4725
0
VERTEX
8
CUT
10
277.1221
20
169.5505
0
VERTEX
8
CUT
10
277.7639
20
169.8171
0
VERTEX
8
CUT
10
278.3759
20
169.9854
0
VERTEX
8
CUT
10
279.6756
20
171.1354
0
VERTEX
8
CUT
10
280.3132
20
172.0776
0
VERTEX
8
CUT
10
280.7574
20
173.1939
0
VERTEX
8
CUT
10
280.8377
20
175.0169
0
VERTEX
8
CUT
10
280.1099
20
176.7588
0
VERTEX
8
CUT
10
279.7277
20
177.1584
0
SEQEND
0
POLYLINE
8
CUT
66
1
70
1
10
0.0
20
0.0
30
0.0
0
VERTEX
8
CUT
10
263.3718
20
113.8620
0
VERTEX
8
CUT
10
263.2080
20
113.8963
0
VERTEX
8
CUT
10
263.1280
20
113.9439
0
VERTEX
8
CUT
10
262.5277
20
114.0482
0
VERTEX
8
CUT
10
262.4822
20
114.0698
0
VERTEX
8
CUT
10
262.4136
20
114.0680
0
VERTEX
8
CUT
10
262.2629
20
114.0942
0
VERTEX
8
CUT
10
261.9199
20
114.1661
0
VERTEX
8
CUT
10
261.8864
20
114.1597
0
VERTEX
8
CUT
10
261.8776
20
114.1612
0
VERTEX
8
CUT
10
261.1963
20
114.0810
0
VERTEX
8
CUT
10
261.0302
20
113.9949
0
VERTEX
8
CUT
10
260.4474
20
113.8827
0
VERTEX
8
CUT
10
259.1730
20
113.0319
0
VERTEX
8
CUT
10
258.4482
20
111.9579
0
VERTEX
8
CUT
10
258.1493
20
110.8484
0
VERTEX
8
CUT
10
258.1574
20
110.6326
0
VERTEX
8
CUT
10
258.1313
20
109.4189
0
VERTEX
8
CUT
10
258.2128
20
109.1605
0
VERTEX
8
CUT
10
258.2140
20
109.1309
0
VERTEX
8
CUT
10
258.5147
20
108.1783
0
VERTEX
8
CUT
10
258.5294
20
108.1573
0
VERTEX
8
CUT
10
258.5350
20
108.1393
0
VERTEX
8
CUT
10
258.5733
20
108.0945
0
VERTEX
8
CUT
10
258.9175
20
107.6026
0
VERTEX
8
CUT
10
259.1500
20
107.4189
0
VERTEX
8
CUT
10
259.4798
20
107.0325
0
VERTEX
8
CUT
10
259.9220
20
106.8090
0
VERTEX
8
CUT
10
260.1045
20
106.6648
0
VERTEX
8
CUT
10
260.3548
20
106.5902
0
VERTEX
8
CUT
10
260.7417
20
106.3946
0
VERTEX
8
CUT
10
261.1146
20
106.3637
0
VERTEX
8
CUT
10
261.5179
20
106.2435
0
VERTEX
8
CUT
10
261.6772
20
106.2548
0
VERTEX
8
CUT
10
261.8562
20
106.2066
0
VERTEX
8
CUT
10
262.0844
20
106.2834
0
VERTEX
8
CUT
10
262.2585
20
106.2690
0
VERTEX
8
CUT
10
262.3522
20
106.3024
0
VERTEX
8
CUT
10
263.0645
20
106.3526
0
VERTEX
8
CUT
10
263.7681
20
106.6340
0
VERTEX
8
CUT
10
264.4720
20
107.1979
0
VERTEX
8
CUT
10
264.8246
20
107.7652
0
VERTEX
8
CUT
10
264.8689
20
107.8029
0
VERTEX
8
CUT
10
264.9245
20
107.9258
0
VERTEX
8
CUT
10
265.3901
20
108.6749
0
VERTEX
8
CUT
10
265.7524
20
110.1930
0
VERTEX
8
CUT
10
265.3060
20
111.8726
0
VERTEX
8
CUT
10
265.1431
20
112.0884
0
VERTEX
8
CUT
10
265.1077
20
112.2036
0
VERTEX
8
CUT
10
264.8049
20
112.5362
0
VERTEX
8
CUT
10
264.4009
20
113.0712
0
VERTEX
8
CUT
10
264.2770
20
113.1663
0
VERTEX
8
CUT
10
264.1422
20
113.3401
0
VERTEX
8
CUT
10
263.7366
20
113.5816
0
SEQEND
0
POLYLINE
8
CUT
66
1
70
1
10
0.0
20
0.0
30
0.0
0
VERTEX
8
CUT
10
254.4718
20
89.8577
0
VERTEX
8
CUT
10
253.7493
20
89.8969
0
VERTEX
8
CUT
10
253.5397
20
89.9193
0
VERTEX
8
CUT
10
253.4607
20
89.9126
0
VERTEX
8
CUT
10
253.2871
20
89.9221
0
VERTEX
8
CUT
10
251.9205
20
89.8380
0
VERTEX
8
CUT
10
250.7946
20
89.4663
0
VERTEX
8
CUT
10
248.9384
20
88.3078
0
VERTEX
8
CUT
10
248.5975
20
87.9907
0
VERTEX
8
CUT
10
248.5677
20
87.9714
0
VERTEX
8
CUT
10
248.5443
20
87.9412
0
VERTEX
8
CUT
10
248.0506
20
87.4819
0
VERTEX
8
CUT
10
246.7719
20
85.6924
0
VERTEX
8
CUT
10
246.3269
20
84.6394
0
VERTEX
8
CUT
10
245.8801
20
82.3971
0
VERTEX
8
CUT
10
245.9103
20
81.2984
0
VERTEX
8
CUT
10
246.3359
20
79.5067
0
VERTEX
8
CUT
10
247.0773
20
77.9726
0
VERTEX
8
CUT
10
247.8036
20
77.0650
0
VERTEX
8
CUT
10
247.9501
20
76.8368
0
VERTEX
8
CUT
10
248.0427
20
76.7661
0
VERTEX
8
CUT
10
248.1244
20
76.6641
0
VERTEX
8
CUT
10
249.4346
20
75.6440
0
VERTEX
8
CUT
10
249.9129
20
75.4041
0
VERTEX
8
CUT
10
250.0335
20
75.3160
0
VERTEX
8
CUT
10
250.1587
20
75.2808
0
VERTEX
8
CUT
10
250.8447
20
74.9368
0
VERTEX
8
CUT
10
252.4853
20
74.5693
0
VERTEX
8
CUT
10
254.0518
20
74.5946
0
VERTEX
8
CUT
10
255.7383
20
75.1066
0
VERTEX
8
CUT
10
255.9456
20
75.2493
0
VERTEX
8
CUT
10
256.9650
20
75.8334
0
VERTEX
8
CUT
10
257.7227
20
76.4718
0
VERTEX
8
CUT
10
258.1116
20
76.7394
0
VERTEX
8
CUT
10
259.5220
20
78.4089
0
VERTEX
8
CUT
10
260.1516
20
79.6258
0
VERTEX
8
CUT
10
260.5144
20
82.2541
0
VERTEX
8
CUT
10
260.3079
20
84.0870
0
VERTEX
8
CUT
10
259.8260
20
85.7664
0
VERTEX
8
CUT
10
259.3972
20
86.4658
0
VERTEX
8
CUT
10
259.3371
20
86.6054
0
VERTEX
8
CUT
10
259.2086
20
86.7734
0
VERTEX
8
CUT
10
258.6854
20
87.6267
0
VERTEX
8
CUT
10
258.0160
20
88.3172
0
VERTEX
8
CUT
10
256.4202
20
89.3387
0
VERTEX
8
CUT
10
255.3197
20
89.6318
0
VERTEX
8
CUT
10
254.9028
20
89.7737
0
VERTEX
8
CUT
10
254.7095
20
89.7943
0
SEQEND
0
POLYLINE
8
CUT
66
1
70
1
10
0.0
20
0.0
30
0.0
0
VERTEX
8
CUT
10
238.7032
20
249.6214
0
VERTEX
8
CUT
10
238.6371
20
249.5565
0
VERTEX
8
CUT
10
238.6101
20
249.4910
0
VERTEX
8
CUT
10
238.3210
20
249.0861
0
VERTEX
8
CUT
10
238.1778
20
248.4423
0
VERTEX
8
CUT
10
238.1348
20
248.3377
0
VERTEX
8
CUT
10
238.1291
20
248.2232
0
VERTEX
8
CUT
10
238.0392
20
247.8185
0
VERTEX
8
CUT
10
238.0931
20
247.4890
0
VERTEX
8
CUT
10
238.0760
20
247.1403
0
VERTEX
8
CUT
10
238.2368
20
246.6123
0
VERTEX
8
CUT
10
238.2953
20
246.2550
0
VERTEX
8
CUT
10
238.3928
20
246.0995
0
VERTEX
8
CUT
10
238.4115
20
246.0381
0
VERTEX
8
CUT
10
238.7299
20
245.5620
0
VERTEX
8
CUT
10
239.0622
20
245.0323
0
VERTEX
8
CUT
10
240.1433
20
244.1972
0
VERTEX
8
CUT
10
240.6854
20
244.0881
0
VERTEX
8
CUT
10
240.8058
20
244.0357
0
VERTEX
8
CUT
10
240.9999
20
244.0248
0
VERTEX
8
CUT
10
241.6027
20
243.9035
0
VERTEX
8
CUT
10
242.9195
20
244.1399
0
VERTEX
8
CUT
10
244.1399
20
245.0925
0
VERTEX
8
CUT
10
244.8551
20
246.3150
0
VERTEX
8
CUT
10
245.0972
20
247.4886
0
VERTEX
8
CUT
10
244.7745
20
248.7174
0
VERTEX
8
CUT
10
243.8890
20
249.9633
0
VERTEX
8
CUT
10
243.3217
20
250.4050
0
VERTEX
8
CUT
10
243.2797
20
250.4472
0
VERTEX
8
CUT
10
243.2512
20
250.4599
0
VERTEX
8
CUT
10
242.6647
20
250.9166
0
VERTEX
8
CUT
10
241.4950
20
251.2612
0
VERTEX
8
CUT
10
241.0815
20
251.1709
0
VERTEX
8
CUT
10
240.7905
20
251.1633
0
VERTEX
8
CUT
10
240.5863
20
251.0628
0
VERTEX
8
CUT
10
240.2171
20
250.9822
0
VERTEX
8
CUT
10
239.8569
20
250.7221
0
VERTEX
8
CUT
10
239.8365
20
250.7172
0
VERTEX
8
CUT
10
239.7846
20
250.6698
0
VERTEX
8
CUT
10
239.7773
20
250.6646
0
VERTEX
8
CUT
10
239.7553
20
250.6537
0
VERTEX
8
CUT
10
239.7357
20
250.6345
0
VERTEX
8
CUT
10
239.0973
20
250.1735
0
SEQEND
0
POLYLINE
8
CUT
66
1
70
1
10
0.0
20
0.0
30
0.0
0
VERTEX
8
CUT
10
183.2865
20
46.7336
0
VERTEX
8
CUT
10
182.8976
20
47.0069
0
VERTEX
8
CUT
10
182.6802
20
47.0536
0
VERTEX
8
CUT
10
182.1157
20
47.3515
0
VERTEX
8
CUT
10
181.4553
20
47.3567
0
VERTEX
8
CUT
10
181.2452
20
47.4156
0
VERTEX
8
CUT
10
181.0944
20
47.3688
0
VERTEX
8
CUT
10
181.0467
20
47.3599
0
VERTEX
8
CUT
10
180.4764
20
47.3643
0
VERTEX
8
CUT
10
179.6001
20
47.0517
0
VERTEX
8
CUT
10
179.3906
20
46.8792
0
VERTEX
8
CUT
10
179.2717
20
46.8275
0
VERTEX
8
CUT
10
179.0615
20
46.6083
0
VERTEX
8
CUT
10
178.7481
20
46.3502
0
VERTEX
8
CUT
10
178.5387
20
46.2252
0
VERTEX
8
CUT
10
178.4300
20
46.0882
0
VERTEX
8
CUT
10
178.2432
20
45.9345
0
VERTEX
8
CUT
10
177.9528
20
45.4870
0
VERTEX
8
CUT
10
177.8184
20
45.3177
0
VERTEX
8
CUT
10
177.7917
20
45.2388
0
VERTEX
8
CUT
10
177.6965
20
45.0921
0
VERTEX
8
CUT
10
177.3249
20
43.9296
0
VERTEX
8
CUT
10
177.3825
20
42.7345
0
VERTEX
8
CUT
10
177.4704
20
42.5061
0
VERTEX
8
CUT
10
177.4732
20
42.4789
0
VERTEX
8
CUT
10
177.5009
20
42.4267
0
VERTEX
8
CUT
10
177.8370
20
41.5534
0
VERTEX
8
CUT
10
178.6311
20
40.5625
0
VERTEX
8
CUT
10
179.5638
20
39.9251
0
VERTEX
8
CUT
10
180.6568
20
39.5624
0
VERTEX
8
CUT
10
180.8972
20
39.5586
0
VERTEX
8
CUT
10
181.0889
20
39.4874
0
VERTEX
8
CUT
10
181.4742
20
39.5494
0
VERTEX
8
CUT
10
181.8553
20
39.5433
0
VERTEX
8
CUT
10
182.1718
20
39.6617
0
VERTEX
8
CUT
10
182.3410
20
39.6889
0
VERTEX
8
CUT
10
182.5897
20
39.8179
0
VERTEX
8
CUT
10
183.1334
20
40.0212
0
VERTEX
8
CUT
10
183.4273
20
40.2523
0
VERTEX
8
CUT
10
183.4887
20
40.2842
0
VERTEX
8
CUT
10
183.5185
20
40.3240
0
VERTEX
8
CUT
10
183.9453
20
40.6596
0
VERTEX
8
CUT
10
184.8731
20
42.1976
0
VERTEX
8
CUT
10
185.0249
20
43.9835
0
VERTEX
8
CUT
10
184.7073
20
44.7972
0
VERTEX
8
CUT
10
184.7001
20
44.8660
0
VERTEX
8
CUT
10
184.6464
20
44.9531
0
VERTEX
8
CUT
10
184.3321
20
45.7582
0
VERTEX
8
CUT
10
183.6414
20
46.5463
0
SEQEND
0
POLYLINE
8
CUT
66
1
70
1
10
0.0
20
0.0
30
0.0
0
VERTEX
8
CUT
10
162.6570
20
30.5574
0
VERTEX
8
CUT
10
162.6187
20
30.5108
0
VERTEX
8
CUT
10
162.3833
20
30.3109
0
VERTEX
8
CUT
10
161.9627
20
29.7130
0
VERTEX
8
CUT
10
161.8504
20
29.5764
0
VERTEX
8
CUT
10
161.8249
20
29.5170
0
VERTEX
8
CUT
10
161.5355
20
29.1056
0
VERTEX
8
CUT
10
161.0484
20
27.7134
0
VERTEX
8
CUT
10
160.9545
20
27.4953
0
VERTEX
8
CUT
10
160.9376
20
26.2128
0
VERTEX
8
CUT
10
160.9294
20
26.0745
0
VERTEX
8
CUT
10
160.9353
20
26.0444
0
VERTEX
8
CUT
10
160.9255
20
25.3016
0
VERTEX
8
CUT
10
161.2293
20
24.5475
0
VERTEX
8
CUT
10
161.2350
20
24.5185
0
VERTEX
8
CUT
10
161.2656
20
24.4573
0
VERTEX
8
CUT
10
161.7629
20
23.2230
0
VERTEX
8
CUT
10
162.4900
20
22.2635
0
VERTEX
8
CUT
10
163.4042
20
21.4713
0
VERTEX
8
CUT
10
164.9927
20
20.6493
0
VERTEX
8
CUT
10
166.0567
20
20.3580
0
VERTEX
8
CUT
10
166.9474
20
20.3466
0
VERTEX
8
CUT
10
167.8924
20
20.6441
0
VERTEX
8
CUT
10
167.9429
20
20.6736
0
VERTEX
8
CUT
10
167.9533
20
20.6741
0
VERTEX
8
CUT
10
169.5111
20
21.4236
0
VERTEX
8
CUT
10
169.8191
20
21.7704
0
VERTEX
8
CUT
10
170.2371
20
22.0147
0
VERTEX
8
CUT
10
171.3242
20
23.2152
0
VERTEX
8
CUT
10
171.9792
20
24.5282
0
VERTEX
8
CUT
10
172.2872
20
25.8868
0
VERTEX
8
CUT
10
172.2098
20
27.4119
0
VERTEX
8
CUT
10
171.7826
20
28.8121
0
VERTEX
8
CUT
10
170.9976
20
30.0848
0
VERTEX
8
CUT
10
169.7475
20
31.2616
0
VERTEX
8
CUT
10
168.8394
20
31.7109
0
VERTEX
8
CUT
10
168.8349
20
31.7134
0
VERTEX
8
CUT
10
168.8334
20
31.7138
0
VERTEX
8
CUT
10
167.9569
20
32.1475
0
VERTEX
8
CUT
10
166.0974
20
32.3565
0
VERTEX
8
CUT
10
164.2505
20
31.7896
0
VERTEX
8
CUT
10
163.6597
20
31.3328
0
VERTEX
8
CUT
10
163.5093
20
31.2674
0
VERTEX
8
CUT
10
162.8412
20
30.6999
0
SEQEND
0
POLYLINE
8
CUT
66
1
70
1
10
0.0
20
0.0
30
0.0
0
VERTEX
8
CUT
10
127.2312
20
36.0577
0
VERTEX
8
CUT
10
129.1956
20
38.1063
0
VERTEX
8
CUT
10
129.6746
20
38.9445
0
VERTEX
8
CUT
10
129.6746
20
39.0880
0
VERTEX
8
CUT
10
129.7581
20
39.2332
0
VERTEX
8
CUT
10
129.7715
20
39.3036
0
VERTEX
8
CUT
10
129.9785
20
39.7180
0
VERTEX
8
CUT
10
130.0323
20
40.3417
0
VERTEX
8
CUT
10
130.1495
20
41.0648
0
VERTEX
8
CUT
10
130.1080
20
41.2197
0
VERTEX
8
CUT
10
130.1219
20
41.3804
0
VERTEX
8
CUT
10
129.7209
20
42.9268
0
VERTEX
8
CUT
10
128.8153
20
44.1714
0
VERTEX
8
CUT
10
127.4346
20
44.9049
0
VERTEX
8
CUT
10
125.9678
20
44.8392
0
VERTEX
8
CUT
10
124.7617
20
44.2753
0
VERTEX
8
CUT
10
124.0107
20
43.6132
0
VERTEX
8
CUT
10
121.3760
20
39.5140
0
VERTEX
8
CUT
10
117.1765
20
34.4121
0
VERTEX
8
CUT
10
116.0477
20
32.7144
0
VERTEX
8
CUT
10
115.1420
20
30.7216
0
VERTEX
8
CUT
10
114.8859
20
29.3929
0
VERTEX
8
CUT
10
114.8897
20
29.0833
0
VERTEX
8
CUT
10
114.8035
20
28.6390
0
VERTEX
8
CUT
10
114.8312
20
27.5036
0
VERTEX
8
CUT
10
114.9133
20
27.1506
0
VERTEX
8
CUT
10
114.9148
20
27.0239
0
VERTEX
8
CUT
10
115.4012
20
25.0188
0
VERTEX
8
CUT
10
115.8315
20
24.1727
0
VERTEX
8
CUT
10
116.3915
20
23.4019
0
VERTEX
8
CUT
10
117.7733
20
22.3083
0
VERTEX
8
CUT
10
119.4442
20
21.6418
0
VERTEX
8
CUT
10
120.1366
20
21.5559
0
VERTEX
8
CUT
10
121.2925
20
21.8626
0
VERTEX
8
CUT
10
122.1208
20
22.3392
0
VERTEX
8
CUT
10
123.1298
20
23.2072
0
VERTEX
8
CUT
10
123.8286
20
24.1640
0
VERTEX
8
CUT
10
123.8796
20
24.4099
0
VERTEX
8
CUT
10
124.0234
20
25.0111
0
VERTEX
8
CUT
10
124.0490
20
25.0531
0
VERTEX
8
CUT
10
124.0451
20
25.1020
0
VERTEX
8
CUT
10
124.0754
20
25.2287
0
VERTEX
8
CUT
10
124.0677
20
25.3161
0
VERTEX
8
CUT
10
124.1656
20
25.7873
0
VERTEX
8
CUT
10
123.8828
20
27.8140
0
VERTEX
8
CUT
10
123.8567
20
28.1039
0
VERTEX
8
CUT
10
123.8502
20
28.1767
0
VERTEX
8
CUT
10
123.8111
20
28.6117
0
VERTEX
8
CUT
10
123.6710
20
30.1696
0
VERTEX
8
CUT
10
123.6799
20
30.6479
0
VERTEX
8
CUT
10
123.7065
20
30.8133
0
VERTEX
8
CUT
10
123.7240
20
30.9222
0
VERTEX
8
CUT
10
123.7578
20
31.1331
0
VERTEX
8
CUT
10
123.8042
20
31.4219
0
VERTEX
8
CUT
10
123.9449
20
31.8736
0
VERTEX
8
CUT
10
124.9736
20
33.5228
0
SEQEND
0
POLYLINE
8
CUT
66
1
70
1
10
0.0
20
0.0
30
0.0
0
VERTEX
8
CUT
10
33.5791
20
203.7987
0
VERTEX
8
CUT
10
33.3989
20
203.9386
0
VERTEX
8
CUT
10
33.3761
20
203.9715
0
VERTEX
8
CUT
10
32.9473
20
204.2889
0
VERTEX
8
CUT
10
31.9088
20
205.0947
0
VERTEX
8
CUT
10
31.8386
20
205.1097
0
VERTEX
8
CUT
10
31.8182
20
205.1247
0
VERTEX
8
CUT
10
30.2343
20
205.4643
0
VERTEX
8
CUT
10
30.2080
20
205.4575
0
VERTEX
8
CUT
10
30.1805
20
205.4634
0
VERTEX
8
CUT
10
28.9699
20
205.2884
0
VERTEX
8
CUT
10
27.4984
20
204.2904
0
VERTEX
8
CUT
10
27.3389
20
204.0430
0
VERTEX
8
CUT
10
27.2289
20
203.9608
0
VERTEX
8
CUT
10
26.7461
20
203.1921
0
VERTEX
8
CUT
10
26.6519
20
203.1105
0
VERTEX
8
CUT
10
26.4636
20
202.7423
0
VERTEX
8
CUT
10
26.0815
20
202.1339
0
VERTEX
8
CUT
10
26.0657
20
202.0688
0
VERTEX
8
CUT
10
25.9707
20
201.9213
0
VERTEX
8
CUT
10
25.4431
20
200.1177
0
VERTEX
8
CUT
10
25.3843
20
197.5339
0
VERTEX
8
CUT
10
25.5597
20
195.7325
0
VERTEX
8
CUT
10
26.1862
20
193.3117
0
VERTEX
8
CUT
10
27.4714
20
190.2123
0
VERTEX
8
CUT
10
29.3428
20
186.9776
0
VERTEX
8
CUT
10
31.6971
20
183.6420
0
VERTEX
8
CUT
10
34.4816
20
180.2947
0
VERTEX
8
CUT
10
37.7529
20
176.9031
0
VERTEX
8
CUT
10
41.3649
20
173.6204
0
VERTEX
8
CUT
10
45.2879
20
170.4701
0
VERTEX
8
CUT
10
49.4972
20
167.4840
0
VERTEX
8
CUT
10
50.9708
20
166.6489
0
VERTEX
8
CUT
10
51.1416
20
166.5270
0
VERTEX
8
CUT
10
51.5157
20
166.3266
0
VERTEX
8
CUT
10
52.8422
20
165.4523
0
VERTEX
8
CUT
10
56.2732
20
163.5423
0
VERTEX
8
CUT
10
57.2010
20
163.1184
0
VERTEX
8
CUT
10
57.3606
20
163.0279
0
VERTEX
8
CUT
10
63.7171
20
160.0734
0
VERTEX
8
CUT
10
68.4890
20
158.3433
0
VERTEX
8
CUT
10
75.9417
20
156.2259
0
VERTEX
8
CUT
10
80.6068
20
155.3565
0
VERTEX
8
CUT
10
81.0673
20
155.5043
0
VERTEX
8
CUT
10
81.2819
20
155.8189
0
VERTEX
8
CUT
10
81.3588
20
156.2804
0
VERTEX
8
CUT
10
81.1852
20
156.5674
0
VERTEX
8
CUT
10
79.6361
20
156.5267
0
VERTEX
8
CUT
10
78.9523
20
156.7630
0
VERTEX
8
CUT
10
77.6308
20
158.3412
0
VERTEX
8
CUT
10
77.1168
20
158.6306
0
VERTEX
8
CUT
10
76.9000
20
158.8714
0
VERTEX
8
CUT
10
71.6527
20
161.7075
0
VERTEX
8
CUT
10
67.7086
20
163.9283
0
VERTEX
8
CUT
10
62.4529
20
167.4221
0
VERTEX
8
CUT
10
57.5340
20
171.3150
0
VERTEX
8
CUT
10
52.9719
20
175.5789
0
VERTEX
8
CUT
10
48.7904
20
180.2070
0
VERTEX
8
CUT
10
48.7446
20
180.2609
0
VERTEX
8
CUT
10
48.7394
20
180.2671
0
VERTEX
8
CUT
10
48.7380
20
180.2688
0
VERTEX
8
CUT
10
48.7110
20
180.3005
0
VERTEX
8
CUT
10
44.8300
20
185.3073
0
VERTEX
8
CUT
10
41.1827
20
190.8832
0
VERTEX
8
CUT
10
35.4811
20
201.1526
0
SEQEND
0
POLYLINE
8
CUT
66
1
70
1
10
0.0
20
0.0
30
0.0
0
VERTEX
8
CUT
10
69.0296
20
251.2672
0
VERTEX
8
CUT
10
69.1735
20
251.4321
0
VERTEX
8
CUT
10
69.5899
20
252.7178
0
VERTEX
8
CUT
10
69.5291
20
253.7742
0
VERTEX
8
CUT
10
69.3917
20
254.0545
0
VERTEX
8
CUT
10
69.3703
20
254.2584
0
VERTEX
8
CUT
10
69.0659
20
254.7199
0
VERTEX
8
CUT
10
69.0012
20
254.8520
0
VERTEX
8
CUT
10
68.9813
20
254.9215
0
VERTEX
8
CUT
10
68.9377
20
254.9815
0
VERTEX
8
CUT
10
68.8449
20
255.1712
0
VERTEX
8
CUT
10
68.6846
20
255.3302
0
VERTEX
8
CUT
10
68.4515
20
255.6512
0
VERTEX
8
CUT
10
68.4061
20
255.7200
0
VERTEX
8
CUT
10
67.8992
20
256.1094
0
VERTEX
8
CUT
10
67.6002
20
256.4061
0
VERTEX
8
CUT
10
66.3613
20
256.8909
0
VERTEX
8
CUT
10
65.1709
20
256.7634
0
VERTEX
8
CUT
10
64.7323
20
256.5064
0
VERTEX
8
CUT
10
64.6477
20
256.4992
0
VERTEX
8
CUT
10
64.3658
20
256.2917
0
VERTEX
8
CUT
10
63.9640
20
256.0563
0
VERTEX
8
CUT
10
63.8265
20
255.8949
0
VERTEX
8
CUT
10
63.6351
20
255.7541
0
VERTEX
8
CUT
10
63.6074
20
255.7132
0
VERTEX
8
CUT
10
63.5984
20
255.7069
0
VERTEX
8
CUT
10
63.2055
20
255.1659
0
VERTEX
8
CUT
10
62.8513
20
254.7499
0
VERTEX
8
CUT
10
62.7292
20
254.4172
0
VERTEX
8
CUT
10
62.6579
20
254.3120
0
VERTEX
8
CUT
10
62.6195
20
254.1182
0
VERTEX
8
CUT
10
62.4710
20
253.7135
0
VERTEX
8
CUT
10
62.4852
20
253.4409
0
VERTEX
8
CUT
10
62.4447
20
253.2366
0
VERTEX
8
CUT
10
62.5291
20
252.5959
0
VERTEX
8
CUT
10
62.5562
20
252.0759
0
VERTEX
8
CUT
10
63.2205
20
250.7679
0
VERTEX
8
CUT
10
63.8452
20
250.0835
0
VERTEX
8
CUT
10
65.2103
20
249.3709
0
VERTEX
8
CUT
10
65.7783
20
249.3763
0
VERTEX
8
CUT
10
66.0445
20
249.2916
0
VERTEX
8
CUT
10
66.3594
20
249.3818
0
VERTEX
8
CUT
10
66.6585
20
249.3846
0
VERTEX
8
CUT
10
66.9852
20
249.5608
0
VERTEX
8
CUT
10
67.0220
20
249.5714
0
VERTEX
8
CUT
10
67.0934
20
249.6193
0
VERTEX
8
CUT
10
67.5823
20
249.8830
0
VERTEX
8
CUT
10
67.7182
20
249.9141
0
VERTEX
8
CUT
10
67.8460
20
250.0253
0
VERTEX
8
CUT
10
67.8633
20
250.0346
0
VERTEX
8
CUT
10
67.8778
20
250.0407
0
VERTEX
8
CUT
10
67.8828
20
250.0451
0
VERTEX
8
CUT
10
68.0352
20
250.1273
0
VERTEX
8
CUT
10
68.2508
20
250.3745
0
VERTEX
8
CUT
10
68.3400
20
250.4543
0
VERTEX
8
CUT
10
68.4008
20
250.4950
0
VERTEX
8
CUT
10
68.4394
20
250.5416
0
VERTEX
8
CUT
10
68.5190
20
250.6109
0
VERTEX
8
CUT
10
68.5596
20
250.6866
0
VERTEX
8
CUT
10
69.0212
20
251.2435
0
SEQEND
0
POLYLINE
8
CUT
66
1
70
1
10
0.0
20
0.0
30
0.0
0
VERTEX
8
CUT
10
60.0801
20
79.7270
0
VERTEX
8
CUT
10
58.0648
20
79.8364
0
VERTEX
8
CUT
10
56.2859
20
79.3304
0
VERTEX
8
CUT
10
55.3699
20
78.6887
0
VERTEX
8
CUT
10
54.5285
20
77.7389
0
VERTEX
8
CUT
10
53.8550
20
76.5089
0
VERTEX
8
CUT
10
53.5224
20
75.3372
0
VERTEX
8
CUT
10
53.4366
20
74.1271
0
VERTEX
8
CUT
10
54.0533
20
71.8297
0
VERTEX
8
CUT
10
54.7957
20
70.7203
0
VERTEX
8
CUT
10
55.6839
20
69.9181
0
VERTEX
8
CUT
10
56.8445
20
69.2359
0
VERTEX
8
CUT
10
58.2232
20
68.8522
0
VERTEX
8
CUT
10
59.1687
20
68.8753
0
VERTEX
8
CUT
10
60.6442
20
69.3232
0
VERTEX
8
CUT
10
60.7647
20
69.3973
0
VERTEX
8
CUT
10
61.0227
20
69.4745
0
VERTEX
8
CUT
10
61.6991
20
69.9709
0
VERTEX
8
CUT
10
61.9891
20
70.1489
0
VERTEX
8
CUT
10
62.0850
20
70.2541
0
VERTEX
8
CUT
10
62.1881
20
70.3298
0
VERTEX
8
CUT
10
62.3044
20
70.4946
0
VERTEX
8
CUT
10
63.0019
20
71.2593
0
VERTEX
8
CUT
10
63.3474
20
71.9732
0
VERTEX
8
CUT
10
63.5081
20
72.2009
0
VERTEX
8
CUT
10
63.5563
20
72.4047
0
VERTEX
8
CUT
10
63.6592
20
72.6173
0
VERTEX
8
CUT
10
63.9328
20
73.9655
0
VERTEX
8
CUT
10
63.9314
20
73.9902
0
VERTEX
8
CUT
10
63.9969
20
74.2671
0
VERTEX
8
CUT
10
63.8920
20
74.6833
0
VERTEX
8
CUT
10
63.8545
20
75.3430
0
VERTEX
8
CUT
10
63.3939
20
76.7617
0
VERTEX
8
CUT
10
62.5809
20
78.0058
0
VERTEX
8
CUT
10
61.3303
20
79.1233
0
SEQEND
0
POLYLINE
8
CUT
66
1
70
1
10
0.0
20
0.0
30
0.0
0
VERTEX
8
CUT
10
28.7445
20
132.6815
0
VERTEX
8
CUT
10
28.7178
20
132.7431
0
VERTEX
8
CUT
10
28.7106
20
132.7897
0
VERTEX
8
CUT
10
28.1517
20
134.1298
0
VERTEX
8
CUT
10
27.1977
20
135.2669
0
VERTEX
8
CUT
10
26.0015
20
136.0444
0
VERTEX
8
CUT
10
24.9974
20
136.4375
0
VERTEX
8
CUT
10
23.1523
20
136.5020
0
VERTEX
8
CUT
10
22.8919
20
136.3855
0
VERTEX
8
CUT
10
22.0441
20
136.1307
0
VERTEX
8
CUT
10
21.2235
20
135.6390
0
VERTEX
8
CUT
10
20.8558
20
135.4744
0
VERTEX
8
CUT
10
19.7148
20
134.1146
0
VERTEX
8
CUT
10
19.0331
20
132.1921
0
VERTEX
8
CUT
10
19.0067
20
131.7800
0
VERTEX
8
CUT
10
18.9280
20
131.5209
0
VERTEX
8
CUT
10
18.9781
20
131.3331
0
VERTEX
8
CUT
10
18.9526
20
130.9340
0
VERTEX
8
CUT
10
19.2009
20
129.6894
0
VERTEX
8
CUT
10
19.7578
20
128.4277
0
VERTEX
8
CUT
10
20.5190
20
127.4502
0
VERTEX
8
CUT
10
21.5122
20
126.6860
0
VERTEX
8
CUT
10
22.1913
20
126.3898
0
VERTEX
8
CUT
10
22.2105
20
126.3791
0
VERTEX
8
CUT
10
22.2213
20
126.3767
0
VERTEX
8
CUT
10
22.7065
20
126.1652
0
VERTEX
8
CUT
10
23.9910
20
125.9723
0
VERTEX
8
CUT
10
24.1180
20
126.0022
0
VERTEX
8
CUT
10
24.8591
20
126.0485
0
VERTEX
8
CUT
10
25.2445
20
126.1990
0
VERTEX
8
CUT
10
25.7193
20
126.2773
0
VERTEX
8
CUT
10
26.0593
20
126.4598
0
VERTEX
8
CUT
10
26.3849
20
126.5365
0
VERTEX
8
CUT
10
26.8875
20
126.9044
0
VERTEX
8
CUT
10
26.8886
20
126.9050
0
VERTEX
8
CUT
10
26.8895
20
126.9058
0
VERTEX
8
CUT
10
27.5480
20
127.3877
0
VERTEX
8
CUT
10
28.3726
20
128.5616
0
VERTEX
8
CUT
10
28.8226
20
129.8821
0
VERTEX
8
CUT
10
28.8387
20
130.0748
0
VERTEX
8
CUT
10
28.8560
20
130.1322
0
VERTEX
8
CUT
10
28.9105
20
130.9316
0
VERTEX
8
CUT
10
28.9410
20
131.2962
0
VERTEX
8
CUT
10
28.9371
20
131.3217
0
VERTEX
8
CUT
10
28.9426
20
131.4017
0
VERTEX
8
CUT
10
28.8589
20
131.9426
0
VERTEX
8
CUT
10
28.8593
20
132.2759
0
VERTEX
8
CUT
10
28.7805
20
132.4486
0
SEQEND
0
POLYLINE
8
CUT
66
1
70
1
10
0.0
20
0.0
30
0.0
0
VERTEX
8
CUT
10
113.4192
20
178.3910
0
VERTEX
8
CUT
10
113.2510
20
177.5696
0
VERTEX
8
CUT
10
112.4684
20
176.0511
0
VERTEX
8
CUT
10
110.1445
20
173.7881
0
VERTEX
8
CUT
10
105.8027
20
170.6733
0
VERTEX
8
CUT
10
101.5453
20
167.1764
0
VERTEX
8
CUT
10
99.5323
20
166.1440
0
VERTEX
8
CUT
10
98.5959
20
165.9563
0
VERTEX
8
CUT
10
97.6711
20
166.0144
0
VERTEX
8
CUT
10
95.5810
20
166.7691
0
VERTEX
8
CUT
10
93.6775
20
168.2198
0
VERTEX
8
CUT
10
91.7767
20
170.4284
0
VERTEX
8
CUT
10
90.7710
20
172.4080
0
VERTEX
8
CUT
10
90.7692
20
172.6118
0
VERTEX
8
CUT
10
90.7968
20
173.1604
0
VERTEX
8
CUT
10
90.8122
20
173.2971
0
VERTEX
8
CUT
10
90.8174
20
173.3432
0
VERTEX
8
CUT
10
90.8411
20
173.5540
0
VERTEX
8
CUT
10
90.8895
20
173.9840
0
VERTEX
8
CUT
10
91.1860
20
175.3179
0
VERTEX
8
CUT
10
91.8608
20
177.2163
0
VERTEX
8
CUT
10
92.8335
20
179.1567
0
VERTEX
8
CUT
10
94.1199
20
181.0115
0
VERTEX
8
CUT
10
95.3090
20
182.3293
0
VERTEX
8
CUT
10
96.0268
20
182.9661
0
VERTEX
8
CUT
10
96.8242
20
183.5891
0
VERTEX
8
CUT
10
97.6358
20
183.7344
0
VERTEX
8
CUT
10
97.9709
20
183.6703
0
VERTEX
8
CUT
10
98.1237
20
183.4323
0
VERTEX
8
CUT
10
97.4887
20
181.9723
0
VERTEX
8
CUT
10
97.4401
20
180.1365
0
VERTEX
8
CUT
10
97.9662
20
179.9504
0
VERTEX
8
CUT
10
100.8869
20
181.9981
0
VERTEX
8
CUT
10
102.8885
20
183.1419
0
VERTEX
8
CUT
10
102.9383
20
183.6620
0
VERTEX
8
CUT
10
102.4425
20
183.8802
0
VERTEX
8
CUT
10
102.0492
20
184.3859
0
VERTEX
8
CUT
10
102.0176
20
185.1383
0
VERTEX
8
CUT
10
102.2469
20
185.8936
0
VERTEX
8
CUT
10
103.1633
20
186.7439
0
VERTEX
8
CUT
10
103.9817
20
187.0852
0
VERTEX
8
CUT
10
105.0223
20
187.2342
0
VERTEX
8
CUT
10
105.4986
20
187.0131
0
VERTEX
8
CUT
10
105.5338
20
186.5931
0
VERTEX
8
CUT
10
104.8597
20
185.2746
0
VERTEX
8
CUT
10
103.9450
20
184.1177
0
VERTEX
8
CUT
10
104.0128
20
183.6589
0
VERTEX
8
CUT
10
105.3001
20
183.4083
0
VERTEX
8
CUT
10
109.4582
20
183.1667
0
VERTEX
8
CUT
10
111.4192
20
182.3667
0
VERTEX
8
CUT
10
112.7771
20
181.0001
0
VERTEX
8
CUT
10
113.1782
20
180.1199
0
SEQEND
0
POLYLINE
8
CUT
66
1
70
1
10
0.0
20
0.0
30
0.0
0
VERTEX
8
CUT
10
214.5564
20
184.0626
0
VERTEX
8
CUT
10
216.2119
20
186.4550
0
VERTEX
8
CUT
10
218.6006
20
188.9010
0
VERTEX
8
CUT
10
221.3730
20
190.9791
0
VERTEX
8
CUT
10
226.7036
20
194.2743
0
VERTEX
8
CUT
10
227.2678
20
194.7434
0
VERTEX
8
CUT
10
227.3311
20
194.7831
0
VERTEX
8
CUT
10
228.1379
20
195.4627
0
VERTEX
8
CUT
10
228.2790
20
195.5622
0
VERTEX
8
CUT
10
228.6756
20
195.9138
0
VERTEX
8
CUT
10
230.3832
20
197.3337
0
VERTEX
8
CUT
10
230.4444
20
197.4054
0
VERTEX
8
CUT
10
230.5047
20
197.4562
0
VERTEX
8
CUT
10
231.8397
20
198.9132
0
VERTEX
8
CUT
10
232.2239
20
199.4896
0
VERTEX
8
CUT
10
233.3007
20
200.7508
0
VERTEX
8
CUT
10
235.0614
20
204.1519
0
VERTEX
8
CUT
10
235.9430
20
207.6376
0
VERTEX
8
CUT
10
236.0893
20
210.3036
0
VERTEX
8
CUT
10
235.9094
20
213.4824
0
VERTEX
8
CUT
10
235.6919
20
214.6532
0
VERTEX
8
CUT
10
235.6697
20
215.0014
0
VERTEX
8
CUT
10
235.5367
20
215.4887
0
VERTEX
8
CUT
10
235.3149
20
216.6829
0
VERTEX
8
CUT
10
234.3150
20
219.6829
0
VERTEX
8
CUT
10
233.6206
20
221.1915
0
VERTEX
8
CUT
10
231.3109
20
225.1293
0
VERTEX
8
CUT
10
231.2792
20
225.5214
0
VERTEX
8
CUT
10
231.5159
20
225.8487
0
VERTEX
8
CUT
10
232.5386
20
225.8707
0
VERTEX
8
CUT
10
233.9993
20
225.0942
0
VERTEX
8
CUT
10
235.7826
20
223.7630
0
VERTEX
8
CUT
10
237.6707
20
221.9949
0
VERTEX
8
CUT
10
239.6835
20
219.6832
0
VERTEX
8
CUT
10
241.4602
20
217.0794
0
VERTEX
8
CUT
10
242.8868
20
214.3451
0
VERTEX
8
CUT
10
244.0051
20
211.4803
0
VERTEX
8
CUT
10
244.8283
20
208.4897
0
VERTEX
8
CUT
10
245.2784
20
205.3773
0
VERTEX
8
CUT
10
245.3310
20
202.2045
0
VERTEX
8
CUT
10
245.0942
20
199.6979
0
VERTEX
8
CUT
10
244.1859
20
195.8363
0
VERTEX
8
CUT
10
243.5473
20
194.1397
0
VERTEX
8
CUT
10
241.7887
20
191.0242
0
VERTEX
8
CUT
10
239.1545
20
187.8513
0
VERTEX
8
CUT
10
234.1695
20
182.6586
0
VERTEX
8
CUT
10
232.2835
20
179.7507
0
VERTEX
8
CUT
10
231.2654
20
176.4317
0
VERTEX
8
CUT
10
230.3884
20
167.4337
0
VERTEX
8
CUT
10
229.2453
20
164.7571
0
VERTEX
8
CUT
10
227.5800
20
162.4195
0
VERTEX
8
CUT
10
225.3457
20
160.6772
0
VERTEX
8
CUT
10
222.3924
20
159.3737
0
VERTEX
8
CUT
10
214.2196
20
159.3417
0
VERTEX
8
CUT
10
209.3484
20
158.2317
0
VERTEX
8
CUT
10
208.9469
20
158.3831
0
VERTEX
8
CUT
10
208.9383
20
158.7871
0
VERTEX
8
CUT
10
211.3262
20
162.3382
0
VERTEX
8
CUT
10
212.3732
20
164.3998
0
VERTEX
8
CUT
10
213.3253
20
166.6927
0
VERTEX
8
CUT
10
215.0865
20
172.1560
0
VERTEX
8
CUT
10
216.2594
20
174.8054
0
VERTEX
8
CUT
10
217.6965
20
177.1615
0
VERTEX
8
CUT
10
220.6215
20
180.7809
0
VERTEX
8
CUT
10
220.3365
20
181.2506
0
VERTEX
8
CUT
10
220.2008
20
181.2330
0
VERTEX
8
CUT
10
220.1937
20
181.2422
0
VERTEX
8
CUT
10
219.9627
20
181.2022
0
VERTEX
8
CUT
10
219.2388
20
181.1085
0
VERTEX
8
CUT
10
218.9980
20
181.0351
0
VERTEX
8
CUT
10
218.9102
20
181.0199
0
VERTEX
8
CUT
10
218.2822
20
180.8170
0
VERTEX
8
CUT
10
214.6274
20
179.7031
0
VERTEX
8
CUT
10
213.4776
20
179.6018
0
VERTEX
8
CUT
10
213.1642
20
180.1379
0
VERTEX
8
CUT
10
213.1954
20
180.9055
0
SEQEND
0
POLYLINE
8
CUT
66
1
70
1
10
0.0
20
0.0
30
0.0
0
VERTEX
8
CUT
10
125.1243
20
173.9790
0
VERTEX
8
CUT
10
124.9282
20
172.8386
0
VERTEX
8
CUT
10
125.2071
20
172.5939
0
VERTEX
8
CUT
10
125.5908
20
172.7222
0
VERTEX
8
CUT
10
128.3053
20
176.5185
0
VERTEX
8
CUT
10
128.3723
20
176.5921
0
VERTEX
8
CUT
10
128.4133
20
176.6696
0
VERTEX
8
CUT
10
129.7406
20
178.5258
0
VERTEX
8
CUT
10
130.9352
20
180.4688
0
VERTEX
8
CUT
10
132.7194
20
184.0393
0
VERTEX
8
CUT
10
134.7139
20
189.4603
0
VERTEX
8
CUT
10
135.5468
20
192.8286
0
VERTEX
8
CUT
10
135.9132
20
196.7067
0
VERTEX
8
CUT
10
135.9277
20
196.7505
0
VERTEX
8
CUT
10
135.9634
20
196.8582
0
VERTEX
8
CUT
10
136.0113
20
197.0023
0
VERTEX
8
CUT
10
136.1054
20
197.2859
0
VERTEX
8
CUT
10
136.1379
20
197.3496
0
VERTEX
8
CUT
10
136.4637
20
197.5051
0
VERTEX
8
CUT
10
136.8640
20
197.2871
0
VERTEX
8
CUT
10
137.0848
20
196.8596
0
VERTEX
8
CUT
10
137.3359
20
195.4390
0
VERTEX
8
CUT
10
137.1849
20
191.1816
0
VERTEX
8
CUT
10
136.1330
20
186.3743
0
VERTEX
8
CUT
10
135.3171
20
183.8369
0
VERTEX
8
CUT
10
133.8037
20
180.1909
0
VERTEX
8
CUT
10
133.8977
20
179.8000
0
VERTEX
8
CUT
10
134.4504
20
179.7981
0
VERTEX
8
CUT
10
135.3208
20
180.7935
0
VERTEX
8
CUT
10
135.6265
20
181.1240
0
VERTEX
8
CUT
10
135.8123
20
181.3557
0
VERTEX
8
CUT
10
137.3402
20
183.1032
0
VERTEX
8
CUT
10
139.7144
20
186.4385
0
VERTEX
8
CUT
10
140.8710
20
188.3896
0
VERTEX
8
CUT
10
141.2221
20
188.9215
0
VERTEX
8
CUT
10
141.4741
20
189.4071
0
VERTEX
8
CUT
10
141.7998
20
189.9566
0
VERTEX
8
CUT
10
142.3504
20
191.0961
0
VERTEX
8
CUT
10
142.8911
20
192.1383
0
VERTEX
8
CUT
10
143.1184
20
192.6855
0
VERTEX
8
CUT
10
143.5568
20
193.5929
0
VERTEX
8
CUT
10
144.9754
20
197.2871
0
VERTEX
8
CUT
10
146.0473
20
201.0038
0
VERTEX
8
CUT
10
146.6748
20
204.6650
0
VERTEX
8
CUT
10
146.9148
20
208.1752
0
VERTEX
8
CUT
10
146.6199
20
212.5235
0
VERTEX
8
CUT
10
146.0789
20
215.7926
0
VERTEX
8
CUT
10
146.1357
20
216.1973
0
VERTEX
8
CUT
10
146.4403
20
216.3918
0
VERTEX
8
CUT
10
147.0560
20
216.0422
0
VERTEX
8
CUT
10
147.7155
20
215.1099
0
VERTEX
8
CUT
10
148.6671
20
212.7924
0
VERTEX
8
CUT
10
149.1894
20
210.9183
0
VERTEX
8
CUT
10
149.8502
20
206.8239
0
VERTEX
8
CUT
10
150.0000
20
204.6828
0
VERTEX
8
CUT
10
149.8767
20
200.6389
0
VERTEX
8
CUT
10
149.3065
20
197.6091
0
VERTEX
8
CUT
10
148.0740
20
193.8186
0
VERTEX
8
CUT
10
146.4061
20
190.2400
0
VERTEX
8
CUT
10
144.0577
20
186.8085
0
VERTEX
8
CUT
10
139.6202
20
181.4716
0
VERTEX
8
CUT
10
133.2611
20
174.3968
0
VERTEX
8
CUT
10
131.4616
20
171.8157
0
VERTEX
8
CUT
10
127.9903
20
169.2402
0
VERTEX
8
CUT
10
127.8008
20
168.7088
0
VERTEX
8
CUT
10
128.0094
20
168.1430
0
VERTEX
8
CUT
10
128.3186
20
168.0030
0
VERTEX
8
CUT
10
128.7296
20
168.1604
0
VERTEX
8
CUT
10
132.6589
20
170.9100
0
VERTEX
8
CUT
10
135.3375
20
173.1166
0
VERTEX
8
CUT
10
135.4257
20
173.1548
0
VERTEX
8
CUT
10
135.6614
20
173.1989
0
VERTEX
8
CUT
10
136.4097
20
173.7078
0
VERTEX
8
CUT
10
136.4954
20
173.9990
0
VERTEX
8
CUT
10
138.5829
20
175.7901
0
VERTEX
8
CUT
10
139.4456
20
176.5008
0
VERTEX
8
CUT
10
139.6855
20
176.7362
0
VERTEX
8
CUT
10
140.0730
20
177.0687
0
VERTEX
8
CUT
10
141.1380
20
178.1613
0
VERTEX
8
CUT
10
145.7491
20
182.6856
0
VERTEX
8
CUT
10
146.9412
20
184.1152
0
VERTEX
8
CUT
10
146.9635
20
184.1381
0
VERTEX
8
CUT
10
147.2204
20
184.4500
0
VERTEX
8
CUT
10
151.3062
20
189.3501
0
VERTEX
8
CUT
10
154.5912
20
193.9808
0
VERTEX
8
CUT
10
157.4127
20
198.6436
0
VERTEX
8
CUT
10
159.8732
20
203.4452
0
VERTEX
8
CUT
10
161.9010
20
208.3389
0
VERTEX
8
CUT
10
163.5629
20
213.4135
0
VERTEX
8
CUT
10
164.8481
20
218.6986
0
VERTEX
8
CUT
10
165.8081
20
224.2778
0
VERTEX
8
CUT
10
166.1512
20
228.6752
0
VERTEX
8
CUT
10
166.2840
20
229.4152
0
VERTEX
8
CUT
10
166.2230
20
229.8424
0
VERTEX
8
CUT
10
166.2153
20
231.4517
0
VERTEX
8
CUT
10
166.2528
20
232.0962
0
VERTEX
8
CUT
10
166.2033
20
233.9946
0
VERTEX
8
CUT
10
166.1942
20
235.8958
0
VERTEX
8
CUT
10
166.1280
20
236.8811
0
VERTEX
8
CUT
10
166.1047
20
237.7742
0
VERTEX
8
CUT
10
165.9587
20
239.3994
0
VERTEX
8
CUT
10
165.7768
20
242.1051
0
VERTEX
8
CUT
10
165.6413
20
242.9322
0
VERTEX
8
CUT
10
165.6253
20
243.1101
0
VERTEX
8
CUT
10
164.6375
20
249.1926
0
VERTEX
8
CUT
10
164.6387
20
249.3274
0
VERTEX
8
CUT
10
164.7660
20
249.7454
0
VERTEX
8
CUT
10
165.2989
20
249.8682
0
VERTEX
8
CUT
10
165.7511
20
249.4942
0
VERTEX
8
CUT
10
165.8650
20
249.3331
0
VERTEX
8
CUT
10
166.8634
20
247.1650
0
VERTEX
8
CUT
10
168.4627
20
241.2021
0
VERTEX
8
CUT
10
169.1873
20
236.7340
0
VERTEX
8
CUT
10
169.5169
20
231.2917
0
VERTEX
8
CUT
10
169.3061
20
225.3490
0
VERTEX
8
CUT
10
168.5849
20
219.2554
0
VERTEX
8
CUT
10
167.4118
20
213.4863
0
VERTEX
8
CUT
10
165.4062
20
207.1702
0
VERTEX
8
CUT
10
162.6157
20
200.6267
0
VERTEX
8
CUT
10
160.9575
20
197.3702
0
VERTEX
8
CUT
10
159.2150
20
194.2469
0
VERTEX
8
CUT
10
155.4438
20
188.5001
0
VERTEX
8
CUT
10
152.1381
20
184.3516
0
VERTEX
8
CUT
10
148.4116
20
180.1147
0
VERTEX
8
CUT
10
145.1385
20
176.8168
0
VERTEX
8
CUT
10
144.1902
20
175.8959
0
VERTEX
8
CUT
10
141.0072
20
173.0303
0
VERTEX
8
CUT
10
138.7643
20
171.0803
0
VERTEX
8
CUT
10
138.7545
20
171.0312
0
VERTEX
8
CUT
10
138.6847
20
171.0138
0
VERTEX
8
CUT
10
138.6847
20
170.4749
0
VERTEX
8
CUT
10
138.6994
20
170.4533
0
VERTEX
8
CUT
10
138.4080
20
169.2473
0
VERTEX
8
CUT
10
137.2978
20
167.6839
0
VERTEX
8
CUT
10
135.8191
20
166.3463
0
VERTEX
8
CUT
10
135.8517
20
165.8556
0
VERTEX
8
CUT
10
136.2340
20
165.7438
0
VERTEX
8
CUT
10
137.3851
20
166.2881
0
VERTEX
8
CUT
10
143.3979
20
169.5184
0
VERTEX
8
CUT
10
145.4264
20
170.7635
0
VERTEX
8
CUT
10
150.8400
20
174.0611
0
VERTEX
8
CUT
10
151.2434
20
174.3344
0
VERTEX
8
CUT
10
153.3937
20
175.6544
0
VERTEX
8
CUT
10
156.3357
20
177.7836
0
VERTEX
8
CUT
10
156.4995
20
177.8946
0
VERTEX
8
CUT
10
156.6502
20
178.0113
0
VERTEX
8
CUT
10
158.7825
20
179.5546
0
VERTEX
8
CUT
10
163.7712
20
183.6461
0
VERTEX
8
CUT
10
168.3409
20
187.9161
0
VERTEX
8
CUT
10
172.4919
20
192.3643
0
VERTEX
8
CUT
10
176.2243
20
196.9910
0
VERTEX
8
CUT
10
179.5382
20
201.7957
0
VERTEX
8
CUT
10
179.9166
20
202.4776
0
VERTEX
8
CUT
10
182.0461
20
206.0926
0
VERTEX
8
CUT
10
182.9269
20
207.9022
0
VERTEX
8
CUT
10
183.4836
20
208.9052
0
VERTEX
8
CUT
10
183.8821
20
209.8644
0
VERTEX
8
CUT
10
184.1975
20
210.5122
0
VERTEX
8
CUT
10
184.5464
20
211.4629
0
VERTEX
8
CUT
10
186.2035
20
215.4508
0
VERTEX
8
CUT
10
187.5462
20
219.7799
0
VERTEX
8
CUT
10
188.8354
20
225.9210
0
VERTEX
8
CUT
10
189.1899
20
226.8983
0
VERTEX
8
CUT
10
189.5652
20
227.1124
0
VERTEX
8
CUT
10
189.6024
20
227.0941
0
VERTEX
8
CUT
10
189.6328
20
227.0791
0
VERTEX
8
CUT
10
189.6408
20
227.0751
0
VERTEX
8
CUT
10
189.6848
20
227.0534
0
VERTEX
8
CUT
10
189.9716
20
226.7088
0
VERTEX
8
CUT
10
189.9821
20
226.6839
0
VERTEX
8
CUT
10
190.0016
20
226.5155
0
VERTEX
8
CUT
10
190.0389
20
226.0580
0
VERTEX
8
CUT
10
190.0415
20
226.0267
0
VERTEX
8
CUT
10
190.0483
20
225.9433
0
VERTEX
8
CUT
10
190.0750
20
225.6171
0
VERTEX
8
CUT
10
189.9311
20
221.4325
0
VERTEX
8
CUT
10
189.2712
20
216.7206
0
VERTEX
8
CUT
10
188.3917
20
213.4452
0
VERTEX
8
CUT
10
187.2488
20
210.1396
0
VERTEX
8
CUT
10
185.8465
20
206.8277
0
VERTEX
8
CUT
10
182.3540
20
200.1437
0
VERTEX
8
CUT
10
178.0006
20
193.6005
0
VERTEX
8
CUT
10
172.6270
20
187.1180
0
VERTEX
8
CUT
10
169.4146
20
183.8165
0
VERTEX
8
CUT
10
162.2769
20
177.5496
0
VERTEX
8
CUT
10
158.4356
20
174.6094
0
VERTEX
8
CUT
10
154.4489
20
171.8820
0
VERTEX
8
CUT
10
151.0636
20
169.7511
0
VERTEX
8
CUT
10
151.0288
20
169.7313
0
VERTEX
8
CUT
10
150.9666
20
169.6957
0
VERTEX
8
CUT
10
150.7951
20
169.5978
0
VERTEX
8
CUT
10
146.8247
20
167.3296
0
VERTEX
8
CUT
10
142.9446
20
165.1552
0
VERTEX
8
CUT
10
142.4246
20
164.8987
0
VERTEX
8
CUT
10
142.2490
20
164.6106
0
VERTEX
8
CUT
10
142.2490
20
164.5894
0
VERTEX
8
CUT
10
142.0560
20
164.3873
0
VERTEX
8
CUT
10
141.8523
20
163.3316
0
VERTEX
8
CUT
10
141.5793
20
162.8954
0
VERTEX
8
CUT
10
137.6169
20
160.4670
0
VERTEX
8
CUT
10
137.4615
20
160.2142
0
VERTEX
8
CUT
10
137.5529
20
159.8955
0
VERTEX
8
CUT
10
137.8566
20
159.7626
0
VERTEX
8
CUT
10
138.9098
20
159.9936
0
VERTEX
8
CUT
10
146.4114
20
162.0261
0
VERTEX
8
CUT
10
153.8454
20
164.2949
0
VERTEX
8
CUT
10
157.9219
20
165.7934
0
VERTEX
8
CUT
10
161.7985
20
167.4174
0
VERTEX
8
CUT
10
161.9274
20
167.4675
0
VERTEX
8
CUT
10
162.1580
20
167.5680
0
VERTEX
8
CUT
10
165.8426
20
169.1116
0
VERTEX
8
CUT
10
166.7765
20
169.5804
0
VERTEX
8
CUT
10
167.2611
20
169.7916
0
VERTEX
8
CUT
10
169.5210
20
170.9581
0
VERTEX
8
CUT
10
173.3290
20
172.8697
0
VERTEX
8
CUT
10
176.8268
20
174.9021
0
VERTEX
8
CUT
10
179.2148
20
176.4573
0
VERTEX
8
CUT
10
179.7463
20
176.7792
0
VERTEX
8
CUT
10
180.1398
20
177.0597
0
VERTEX
8
CUT
10
183.3341
20
179.1401
0
VERTEX
8
CUT
10
186.9158
20
181.8852
0
VERTEX
8
CUT
10
189.2717
20
184.0336
0
VERTEX
8
CUT
10
190.5281
20
185.0793
0
VERTEX
8
CUT
10
192.1249
20
186.6353
0
VERTEX
8
CUT
10
193.7119
20
188.0825
0
VERTEX
8
CUT
10
194.6708
20
189.1162
0
VERTEX
8
CUT
10
195.2082
20
189.6398
0
VERTEX
8
CUT
10
195.8765
20
190.4158
0
VERTEX
8
CUT
10
196.7858
20
191.3961
0
VERTEX
8
CUT
10
198.3217
20
193.2554
0
VERTEX
8
CUT
10
199.2963
20
194.3870
0
VERTEX
8
CUT
10
199.5356
20
194.7248
0
VERTEX
8
CUT
10
199.6078
20
194.8121
0
VERTEX
8
CUT
10
202.1732
20
198.3013
0
VERTEX
8
CUT
10
204.3950
20
201.8141
0
VERTEX
8
CUT
10
206.6787
20
206.0756
0
VERTEX
8
CUT
10
207.0293
20
206.5769
0
VERTEX
8
CUT
10
207.4551
20
206.7806
0
VERTEX
8
CUT
10
207.7690
20
206.4930
0
VERTEX
8
CUT
10
207.7050
20
205.3798
0
VERTEX
8
CUT
10
207.1580
20
203.4412
0
VERTEX
8
CUT
10
206.1410
20
200.9588
0
VERTEX
8
CUT
10
203.8881
20
196.5712
0
VERTEX
8
CUT
10
201.4287
20
192.6405
0
VERTEX
8
CUT
10
196.7161
20
186.8736
0
VERTEX
8
CUT
10
191.3652
20
181.5518
0
VERTEX
8
CUT
10
191.0033
20
181.2345
0
VERTEX
8
CUT
10
190.9709
20
181.2061
0
VERTEX
8
CUT
10
190.9050
20
181.1483
0
VERTEX
8
CUT
10
190.8823
20
181.1284
0
VERTEX
8
CUT
10
184.9531
20
176.3129
0
VERTEX
8
CUT
10
178.1540
20
171.7325
0
VERTEX
8
CUT
10
177.6223
20
171.4224
0
VERTEX
8
CUT
10
170.6142
20
167.4821
0
VERTEX
8
CUT
10
162.6373
20
163.7921
0
VERTEX
8
CUT
10
154.1526
20
160.6627
0
VERTEX
8
CUT
10
141.5984
20
157.1862
0
VERTEX
8
CUT
10
139.9195
20
154.9815
0
VERTEX
8
CUT
10
139.1907
20
154.1444
0
VERTEX
8
CUT
10
139.1776
20
154.1294
0
VERTEX
8
CUT
10
138.9783
20
153.9005
0
VERTEX
8
CUT
10
138.5063
20
153.3583
0
VERTEX
8
CUT
10
138.1225
20
152.9754
0
VERTEX
8
CUT
10
135.6095
20
151.0905
0
VERTEX
8
CUT
10
132.3967
20
149.5888
0
VERTEX
8
CUT
10
125.3239
20
147.5599
0
VERTEX
8
CUT
10
123.7379
20
146.8999
0
VERTEX
8
CUT
10
123.1772
20
146.3370
0
VERTEX
8
CUT
10
123.3499
20
144.6328
0
VERTEX
8
CUT
10
123.3510
20
144.6032
0
VERTEX
8
CUT
10
123.3523
20
144.5665
0
VERTEX
8
CUT
10
123.3532
20
144.5428
0
VERTEX
8
CUT
10
123.3536
20
144.5293
0
VERTEX
8
CUT
10
123.3170
20
144.3557
0
VERTEX
8
CUT
10
123.2124
20
144.0815
0
VERTEX
8
CUT
10
123.1571
20
143.9366
0
VERTEX
8
CUT
10
123.0811
20
143.7374
0
VERTEX
8
CUT
10
123.0802
20
143.7352
0
VERTEX
8
CUT
10
122.2312
20
142.7456
0
VERTEX
8
CUT
10
121.8689
20
142.3721
0
VERTEX
8
CUT
10
121.1859
20
141.7942
0
VERTEX
8
CUT
10
119.4478
20
140.8352
0
VERTEX
8
CUT
10
118.4136
20
140.5117
0
VERTEX
8
CUT
10
116.3185
20
140.2723
0
VERTEX
8
CUT
10
112.8381
20
140.7932
0
VERTEX
8
CUT
10
110.4238
20
141.6657
0
VERTEX
8
CUT
10
105.6160
20
142.9715
0
VERTEX
8
CUT
10
103.3691
20
144.1322
0
VERTEX
8
CUT
10
102.4898
20
145.0685
0
VERTEX
8
CUT
10
102.4443
20
145.1170
0
VERTEX
8
CUT
10
102.3500
20
145.2175
0
VERTEX
8
CUT
10
101.8618
20
145.7373
0
VERTEX
8
CUT
10
98.3216
20
150.3867
0
VERTEX
8
CUT
10
98.2778
20
150.4794
0
VERTEX
8
CUT
10
97.9445
20
153.2442
0
VERTEX
8
CUT
10
98.2482
20
155.8373
0
VERTEX
8
CUT
10
98.5394
20
156.7782
0
VERTEX
8
CUT
10
99.1536
20
158.0591
0
VERTEX
8
CUT
10
100.8289
20
160.3659
0
VERTEX
8
CUT
10
101.1788
20
160.7629
0
VERTEX
8
CUT
10
103.6991
20
163.1805
0
VERTEX
8
CUT
10
103.7775
20
163.2470
0
VERTEX
8
CUT
10
103.8919
20
163.3441
0
VERTEX
8
CUT
10
103.9343
20
163.3801
0
VERTEX
8
CUT
10
103.9496
20
163.3932
0
VERTEX
8
CUT
10
111.0514
20
168.7584
0
VERTEX
8
CUT
10
115.4767
20
171.5464
0
VERTEX
8
CUT
10
115.7169
20
171.6905
0
VERTEX
8
CUT
10
119.7136
20
173.5555
0
VERTEX
8
CUT
10
120.4868
20
173.7968
0
VERTEX
8
CUT
10
120.7703
20
173.8852
0
VERTEX
8
CUT
10
120.9729
20
173.9484
0
VERTEX
8
CUT
10
122.1810
20
174.3255
0
VERTEX
8
CUT
10
123.8952
20
174.6636
0
VERTEX
8
CUT
10
124.6809
20
174.5652
0
VERTEX
8
CUT
10
124.9881
20
174.3183
0
SEQEND
0
POLYLINE
8
CUT
66
1
70
1
10
0.0
20
0.0
30
0.0
0
VERTEX
8
CUT
10
116.4465
20
230.3198
0
VERTEX
8
CUT
10
115.6286
20
232.0727
0
VERTEX
8
CUT
10
114.9512
20
233.9515
0
VERTEX
8
CUT
10
114.1385
20
237.7290
0
VERTEX
8
CUT
10
113.9894
20
239.6107
0
VERTEX
8
CUT
10
114.2626
20
243.1955
0
VERTEX
8
CUT
10
115.1649
20
246.0886
0
VERTEX
8
CUT
10
116.5538
20
248.9033
0
VERTEX
8
CUT
10
116.8406
20
249.3383
0
VERTEX
8
CUT
10
116.9913
20
249.5421
0
VERTEX
8
CUT
10
117.1072
20
249.6989
0
VERTEX
8
CUT
10
117.2255
20
249.8591
0
VERTEX
8
CUT
10
117.5618
20
250.3140
0
VERTEX
8
CUT
10
118.7866
20
251.5196
0
VERTEX
8
CUT
10
119.5955
20
251.5254
0
VERTEX
8
CUT
10
119.9425
20
251.0382
0
VERTEX
8
CUT
10
120.3098
20
245.8819
0
VERTEX
8
CUT
10
120.8966
20
243.2472
0
VERTEX
8
CUT
10
121.9203
20
240.6699
0
VERTEX
8
CUT
10
122.0199
20
240.4989
0
VERTEX
8
CUT
10
122.0812
20
240.3458
0
VERTEX
8
CUT
10
122.8095
20
239.1437
0
VERTEX
8
CUT
10
123.3978
20
238.1341
0
VERTEX
8
CUT
10
123.5143
20
237.9807
0
VERTEX
8
CUT
10
123.5467
20
237.9271
0
VERTEX
8
CUT
10
123.7013
20
237.7342
0
VERTEX
8
CUT
10
125.2393
20
235.7080
0
VERTEX
8
CUT
10
127.6170
20
233.2685
0
VERTEX
8
CUT
10
130.4196
20
230.9084
0
VERTEX
8
CUT
10
136.3610
20
226.7055
0
VERTEX
8
CUT
10
140.0310
20
223.7479
0
VERTEX
8
CUT
10
144.2170
20
219.3870
0
VERTEX
8
CUT
10
144.5844
20
218.8615
0
VERTEX
8
CUT
10
145.0689
20
217.7748
0
VERTEX
8
CUT
10
144.6416
20
209.2293
0
VERTEX
8
CUT
10
144.1581
20
206.4106
0
VERTEX
8
CUT
10
142.3070
20
202.3665
0
VERTEX
8
CUT
10
141.2029
20
200.5049
0
VERTEX
8
CUT
10
140.3417
20
199.6756
0
VERTEX
8
CUT
10
139.7684
20
199.5412
0
VERTEX
8
CUT
10
138.5394
20
199.6983
0
VERTEX
8
CUT
10
137.8351
20
200.0067
0
VERTEX
8
CUT
10
137.3735
20
200.5904
0
VERTEX
8
CUT
10
137.1008
20
201.5452
0
VERTEX
8
CUT
10
136.9449
20
204.2993
0
VERTEX
8
CUT
10
136.2039
20
207.4241
0
VERTEX
8
CUT
10
135.9605
20
207.9783
0
VERTEX
8
CUT
10
135.5503
20
209.0526
0
VERTEX
8
CUT
10
135.2441
20
209.6093
0
VERTEX
8
CUT
10
134.8272
20
210.5584
0
VERTEX
8
CUT
10
134.2193
20
211.4718
0
VERTEX
8
CUT
10
133.8893
20
212.0715
0
VERTEX
8
CUT
10
133.4954
20
212.5595
0
VERTEX
8
CUT
10
132.8113
20
213.5875
0
VERTEX
8
CUT
10
131.1498
20
215.4896
0
VERTEX
8
CUT
10
129.1219
20
217.3693
0
VERTEX
8
CUT
10
127.5505
20
218.6543
0
VERTEX
8
CUT
10
124.2438
20
221.4126
0
VERTEX
8
CUT
10
122.9892
20
222.4591
0
VERTEX
8
CUT
10
122.5983
20
222.7852
0
VERTEX
8
CUT
10
122.3095
20
223.0261
0
VERTEX
8
CUT
10
121.3041
20
223.9648
0
VERTEX
8
CUT
10
120.7848
20
224.5300
0
VERTEX
8
CUT
10
120.6752
20
224.6493
0
VERTEX
8
CUT
10
120.5021
20
224.8377
0
VERTEX
8
CUT
10
119.9270
20
225.4636
0
VERTEX
8
CUT
10
118.1523
20
227.5667
0
SEQEND
0
ENDSEC
0
EOF
