0
SECTION
2
HEADER
9
$ACADVER
1
AC1009
9
$INSUNITS
70
4
0
ENDSEC
0
SECTION
2
TABLES
0
TABLE
2
LAYER
70
1
0
LAYER
2
CUT
70
0
62
7
6
CONTINUOUS
0
ENDTAB
0
ENDSEC
0
SECTION
2
ENTITIES
0
POLYLINE
8
CUT
66
1
70
1
10
0.0
20
0.0
30
0.0
0
VERTEX
8
CUT
10
70.0469
20
34.8244
0
VERTEX
8
CUT
10
64.6613
20
38.7026
0
VERTEX
8
CUT
10
59.4303
20
42.8881
0
VERTEX
8
CUT
10
54.3981
20
47.3373
0
VERTEX
8
CUT
10
49.4921
20
52.0890
0
VERTEX
8
CUT
10
44.7853
20
57.1041
0
VERTEX
8
CUT
10
40.2658
20
62.3617
0
VERTEX
8
CUT
10
34.2975
20
70.0225
0
VERTEX
8
CUT
10
30.8814
20
74.8855
0
VERTEX
8
CUT
10
26.6078
20
81.8339
0
VERTEX
8
CUT
10
20.2672
20
94.4220
0
VERTEX
8
CUT
10
18.0199
20
99.3484
0
VERTEX
8
CUT
10
15.7719
20
105.1392
0
VERTEX
8
CUT
10
13.1576
20
113.4137
0
VERTEX
8
CUT
10
10.9754
20
121.9886
0
VERTEX
8
CUT
10
9.3446
20
130.4796
0
VERTEX
8
CUT
10
8.7900
20
134.6058
0
VERTEX
8
CUT
10
8.1132
20
141.3098
0
VERTEX
8
CUT
10
7.7436
20
147.9555
0
VERTEX
8
CUT
10
7.7123
20
154.5731
0
VERTEX
8
CUT
10
7.9592
20
161.1146
0
VERTEX
8
CUT
10
8.5115
20
167.5884
0
VERTEX
8
CUT
10
9.3756
20
173.9772
0
VERTEX
8
CUT
10
10.5108
20
180.2666
0
VERTEX
8
CUT
10
11.9904
20
186.4958
0
VERTEX
8
CUT
10
14.0526
20
194.0663
0
VERTEX
8
CUT
10
15.9919
20
199.5452
0
VERTEX
8
CUT
10
18.5105
20
205.8418
0
VERTEX
8
CUT
10
21.2797
20
211.9350
0
VERTEX
8
CUT
10
24.2634
20
217.8417
0
VERTEX
8
CUT
10
27.5050
20
223.5528
0
VERTEX
8
CUT
10
31.0427
20
229.0895
0
VERTEX
8
CUT
10
34.7981
20
234.4755
0
VERTEX
8
CUT
10
38.8901
20
239.7668
0
VERTEX
8
CUT
10
43.2167
20
244.8913
0
VERTEX
8
CUT
10
47.8323
20
249.8461
0
VERTEX
8
CUT
10
52.7074
20
254.5978
0
VERTEX
8
CUT
10
57.8008
20
259.1389
0
VERTEX
8
CUT
10
63.1699
20
263.4283
0
VERTEX
8
CUT
10
68.7102
20
267.4906
0
VERTEX
8
CUT
10
74.4645
20
271.2750
0
VERTEX
8
CUT
10
80.4024
20
274.7819
0
VERTEX
8
CUT
10
86.4678
20
278.0139
0
VERTEX
8
CUT
10
95.7970
20
282.3102
0
VERTEX
8
CUT
10
105.3054
20
285.8809
0
VERTEX
8
CUT
10
114.9644
20
288.7508
0
VERTEX
8
CUT
10
124.6911
20
290.8986
0
VERTEX
8
CUT
10
134.5069
20
292.3459
0
VERTEX
8
CUT
10
144.4164
20
293.0548
0
VERTEX
8
CUT
10
154.3876
20
293.0252
0
VERTEX
8
CUT
10
164.3885
20
292.2877
0
VERTEX
8
CUT
10
174.6040
20
290.8117
0
VERTEX
8
CUT
10
184.5436
20
288.6279
0
VERTEX
8
CUT
10
194.2957
20
285.7270
0
VERTEX
8
CUT
10
203.7425
20
282.1564
0
VERTEX
8
CUT
10
212.9117
20
277.9092
0
VERTEX
8
CUT
10
221.8101
20
272.9997
0
VERTEX
8
CUT
10
230.4498
20
267.3840
0
VERTEX
8
CUT
10
240.7842
20
259.4169
0
VERTEX
8
CUT
10
250.8662
20
249.8882
0
VERTEX
8
CUT
10
255.3962
20
245.1423
0
VERTEX
8
CUT
10
258.5668
20
241.4480
0
VERTEX
8
CUT
10
262.9958
20
235.7579
0
VERTEX
8
CUT
10
266.9650
20
230.2194
0
VERTEX
8
CUT
10
274.1722
20
218.3277
0
VERTEX
8
CUT
10
279.3408
20
207.7412
0
VERTEX
8
CUT
10
283.5752
20
196.8175
0
VERTEX
8
CUT
10
286.9302
20
185.6182
0
VERTEX
8
CUT
10
289.3374
20
174.1379
0
VERTEX
8
CUT
10
290.7823
20
162.5064
0
VERTEX
8
CUT
10
291.2732
20
150.8119
0
VERTEX
8
CUT
10
290.7514
20
139.0882
0
VERTEX
8
CUT
10
290.3803
20
135.3426
0
VERTEX
8
CUT
10
289.2417
20
127.5590
0
VERTEX
8
CUT
10
287.6436
20
119.6914
0
VERTEX
8
CUT
10
285.6747
20
111.9997
0
VERTEX
8
CUT
10
283.7663
20
105.9968
0
VERTEX
8
CUT
10
280.2589
20
97.0732
0
VERTEX
8
CUT
10
277.6099
20
91.0977
0
VERTEX
8
CUT
10
275.3049
20
86.4569
0
VERTEX
8
CUT
10
270.5699
20
78.2468
0
VERTEX
8
CUT
10
265.4795
20
70.5341
0
VERTEX
8
CUT
10
260.0789
20
63.3538
0
VERTEX
8
CUT
10
254.2946
20
56.5837
0
VERTEX
8
CUT
10
248.0597
20
50.1638
0
VERTEX
8
CUT
10
241.3827
20
44.1647
0
VERTEX
8
CUT
10
234.1832
20
38.4429
0
VERTEX
8
CUT
10
223.7220
20
31.2443
0
VERTEX
8
CUT
10
217.0864
20
27.4964
0
VERTEX
8
CUT
10
209.6950
20
23.8006
0
VERTEX
8
CUT
10
199.3500
20
19.3678
0
VERTEX
8
CUT
10
193.8746
20
17.5839
0
VERTEX
8
CUT
10
183.6853
20
14.6295
0
VERTEX
8
CUT
10
178.7286
20
13.5524
0
VERTEX
8
CUT
10
173.4378
20
12.6606
0
VERTEX
8
CUT
10
167.8997
20
11.9224
0
VERTEX
8
CUT
10
156.5921
20
11.0006
0
VERTEX
8
CUT
10
145.8243
20
10.8463
0
VERTEX
8
CUT
10
140.9283
20
11.0923
0
VERTEX
8
CUT
10
131.2672
20
12.0149
0
VERTEX
8
CUT
10
125.3936
20
12.8144
0
VERTEX
8
CUT
10
113.8076
20
15.0334
0
VERTEX
8
CUT
10
107.9596
20
16.6650
0
VERTEX
8
CUT
10
101.6927
20
18.7847
0
VERTEX
8
CUT
10
95.2223
20
21.2806
0
VERTEX
8
CUT
10
86.3542
20
25.1922
0
VERTEX
8
CUT
10
75.5730
20
31.2433
0
SEQEND
0
POLYLINE
8
CUT
66
1
70
1
10
0.0
20
0.0
30
0.0
0
VERTEX
8
CUT
10
231.9355
20
161.9123
0
VERTEX
8
CUT
10
232.3002
20
161.7994
0
VERTEX
8
CUT
10
235.5888
20
162.7226
0
VERTEX
8
CUT
10
236.4581
20
162.9198
0
VERTEX
8
CUT
10
237.8100
20
163.3461
0
VERTEX
8
CUT
10
240.4631
20
164.0909
0
VERTEX
8
CUT
10
245.6451
20
165.9929
0
VERTEX
8
CUT
10
250.6801
20
168.2205
0
VERTEX
8
CUT
10
255.5884
20
170.7659
0
VERTEX
8
CUT
10
260.3683
20
173.5536
0
VERTEX
8
CUT
10
264.9363
20
176.6489
0
VERTEX
8
CUT
10
269.2922
20
180.0222
0
VERTEX
8
CUT
10
273.4578
20
183.6052
0
VERTEX
8
CUT
10
274.9304
20
185.0735
0
VERTEX
8
CUT
10
274.9699
20
185.4775
0
VERTEX
8
CUT
10
274.5513
20
185.6914
0
VERTEX
8
CUT
10
273.9064
20
185.3099
0
VERTEX
8
CUT
10
265.4152
20
178.6877
0
VERTEX
8
CUT
10
261.7669
20
176.1832
0
VERTEX
8
CUT
10
254.0843
20
171.6351
0
VERTEX
8
CUT
10
250.1406
20
169.6934
0
VERTEX
8
CUT
10
246.2638
20
167.9701
0
VERTEX
8
CUT
10
242.4413
20
166.5512
0
VERTEX
8
CUT
10
236.2411
20
164.7610
0
VERTEX
8
CUT
10
234.1158
20
164.4815
0
VERTEX
8
CUT
10
233.2487
20
164.6785
0
VERTEX
8
CUT
10
232.0556
20
165.2716
0
VERTEX
8
CUT
10
231.7334
20
165.1604
0
VERTEX
8
CUT
10
231.4190
20
164.6950
0
VERTEX
8
CUT
10
231.3574
20
164.3636
0
VERTEX
8
CUT
10
231.2204
20
164.2097
0
VERTEX
8
CUT
10
231.2551
20
163.8132
0
VERTEX
8
CUT
10
231.2050
20
163.5439
0
VERTEX
8
CUT
10
231.3218
20
163.0509
0
VERTEX
8
CUT
10
231.3342
20
162.9092
0
VERTEX
8
CUT
10
231.3640
20
162.8726
0
VERTEX
8
CUT
10
231.4552
20
162.4879
0
SEQEND
0
POLYLINE
8
CUT
66
1
70
1
10
0.0
20
0.0
30
0.0
0
VERTEX
8
CUT
10
231.5650
20
153.8349
0
VERTEX
8
CUT
10
231.9182
20
153.7750
0
VERTEX
8
CUT
10
237.0975
20
153.8351
0
VERTEX
8
CUT
10
237.1010
20
153.8353
0
VERTEX
8
CUT
10
237.5644
20
153.8354
0
VERTEX
8
CUT
10
240.0521
20
153.9992
0
VERTEX
8
CUT
10
243.7291
20
154.2035
0
VERTEX
8
CUT
10
244.5218
20
154.2937
0
VERTEX
8
CUT
10
247.3510
20
154.4800
0
VERTEX
8
CUT
10
250.8449
20
155.0320
0
VERTEX
8
CUT
10
257.5742
20
156.4696
0
VERTEX
8
CUT
10
263.9195
20
158.3694
0
VERTEX
8
CUT
10
269.8772
20
160.7035
0
VERTEX
8
CUT
10
274.2189
20
162.8439
0
VERTEX
8
CUT
10
274.8001
20
163.1971
0
VERTEX
8
CUT
10
274.9000
20
163.5142
0
VERTEX
8
CUT
10
274.5006
20
163.8507
0
VERTEX
8
CUT
10
272.6464
20
163.3554
0
VERTEX
8
CUT
10
264.5933
20
160.2824
0
VERTEX
8
CUT
10
260.9400
20
159.0754
0
VERTEX
8
CUT
10
257.2747
20
158.0902
0
VERTEX
8
CUT
10
249.9009
20
156.6462
0
VERTEX
8
CUT
10
242.1997
20
155.8751
0
VERTEX
8
CUT
10
236.8607
20
155.7205
0
VERTEX
8
CUT
10
233.5873
20
155.8798
0
VERTEX
8
CUT
10
231.2758
20
156.6350
0
VERTEX
8
CUT
10
230.4307
20
155.8020
0
VERTEX
8
CUT
10
230.3383
20
155.2547
0
VERTEX
8
CUT
10
230.2604
20
155.0227
0
VERTEX
8
CUT
10
230.2906
20
154.9716
0
VERTEX
8
CUT
10
230.2838
20
154.9312
0
VERTEX
8
CUT
10
230.7276
20
154.1068
0
VERTEX
8
CUT
10
231.0034
20
154.0063
0
VERTEX
8
CUT
10
231.1292
20
153.9087
0
VERTEX
8
CUT
10
231.3946
20
153.8638
0
VERTEX
8
CUT
10
231.4739
20
153.8349
0
SEQEND
0
POLYLINE
8
CUT
66
1
70
1
10
0.0
20
0.0
30
0.0
0
VERTEX
8
CUT
10
78.8358
20
130.1578
0
VERTEX
8
CUT
10
78.9005
20
130.1800
0
VERTEX
8
CUT
10
79.0338
20
130.2256
0
VERTEX
8
CUT
10
79.6828
20
130.2982
0
VERTEX
8
CUT
10
80.1709
20
130.1702
0
VERTEX
8
CUT
10
80.3404
20
130.1142
0
VERTEX
8
CUT
10
80.4474
20
130.0789
0
VERTEX
8
CUT
10
80.4901
20
130.0648
0
VERTEX
8
CUT
10
80.5116
20
130.0577
0
VERTEX
8
CUT
10
81.3934
20
129.3655
0
VERTEX
8
CUT
10
81.9547
20
128.3763
0
VERTEX
8
CUT
10
82.1506
20
127.1325
0
VERTEX
8
CUT
10
81.9564
20
125.6605
0
VERTEX
8
CUT
10
81.4509
20
123.9375
0
VERTEX
8
CUT
10
79.3945
20
119.8252
0
VERTEX
8
CUT
10
76.0632
20
114.6101
0
VERTEX
8
CUT
10
75.6012
20
113.7956
0
VERTEX
8
CUT
10
75.0588
20
113.3436
0
VERTEX
8
CUT
10
74.6593
20
112.2375
0
VERTEX
8
CUT
10
74.6688
20
112.1520
0
VERTEX
8
CUT
10
73.7468
20
110.5267
0
VERTEX
8
CUT
10
72.2368
20
107.1977
0
VERTEX
8
CUT
10
70.8997
20
103.5813
0
VERTEX
8
CUT
10
69.7593
20
99.6681
0
VERTEX
8
CUT
10
69.6707
20
99.2314
0
VERTEX
8
CUT
10
69.6379
20
99.1217
0
VERTEX
8
CUT
10
68.9638
20
96.1779
0
VERTEX
8
CUT
10
68.6441
20
94.1718
0
VERTEX
8
CUT
10
68.0474
20
91.2307
0
VERTEX
8
CUT
10
67.1572
20
82.0630
0
VERTEX
8
CUT
10
67.0339
20
77.3238
0
VERTEX
8
CUT
10
67.1877
20
71.5310
0
VERTEX
8
CUT
10
67.6791
20
66.5972
0
VERTEX
8
CUT
10
68.5667
20
62.3504
0
VERTEX
8
CUT
10
69.8207
20
58.7813
0
VERTEX
8
CUT
10
70.6910
20
57.1033
0
VERTEX
8
CUT
10
71.6673
20
55.7700
0
VERTEX
8
CUT
10
72.7996
20
54.6445
0
VERTEX
8
CUT
10
73.9836
20
53.8970
0
VERTEX
8
CUT
10
74.7680
20
53.6327
0
VERTEX
8
CUT
10
74.8783
20
53.5677
0
VERTEX
8
CUT
10
75.0276
20
53.5453
0
VERTEX
8
CUT
10
75.3298
20
53.4435
0
VERTEX
8
CUT
10
76.6924
20
53.2716
0
VERTEX
8
CUT
10
78.2179
20
53.3909
0
VERTEX
8
CUT
10
79.8730
20
53.8417
0
VERTEX
8
CUT
10
81.9251
20
54.7619
0
VERTEX
8
CUT
10
84.2077
20
56.1030
0
VERTEX
8
CUT
10
86.7397
20
57.9349
0
VERTEX
8
CUT
10
90.7679
20
61.5001
0
VERTEX
8
CUT
10
91.6253
20
62.2102
0
VERTEX
8
CUT
10
92.1622
20
62.7342
0
VERTEX
8
CUT
10
92.8525
20
63.3451
0
VERTEX
8
CUT
10
96.5746
20
67.0362
0
VERTEX
8
CUT
10
96.6201
20
67.0843
0
VERTEX
8
CUT
10
96.7286
20
67.1902
0
VERTEX
8
CUT
10
97.2538
20
67.7547
0
VERTEX
8
CUT
10
105.5664
20
76.5497
0
VERTEX
8
CUT
10
107.3686
20
78.6283
0
VERTEX
8
CUT
10
107.7760
20
79.0663
0
VERTEX
8
CUT
10
108.4169
20
79.8355
0
VERTEX
8
CUT
10
109.2787
20
80.8012
0
VERTEX
8
CUT
10
109.2909
20
80.8453
0
VERTEX
8
CUT
10
111.7593
20
83.6922
0
VERTEX
8
CUT
10
113.1166
20
85.5126
0
VERTEX
8
CUT
10
113.6111
20
86.3179
0
VERTEX
8
CUT
10
114.1648
20
87.1314
0
VERTEX
8
CUT
10
114.4755
20
87.7253
0
VERTEX
8
CUT
10
114.9894
20
88.5622
0
VERTEX
8
CUT
10
115.6111
20
89.9935
0
VERTEX
8
CUT
10
116.2440
20
92.2319
0
VERTEX
8
CUT
10
116.4202
20
93.7075
0
VERTEX
8
CUT
10
116.3566
20
94.4353
0
VERTEX
8
CUT
10
116.3909
20
94.6629
0
VERTEX
8
CUT
10
116.3051
20
95.0235
0
VERTEX
8
CUT
10
116.2981
20
95.1031
0
VERTEX
8
CUT
10
116.2350
20
95.3182
0
VERTEX
8
CUT
10
116.2071
20
95.4353
0
VERTEX
8
CUT
10
116.2005
20
95.4356
0
VERTEX
8
CUT
10
115.8787
20
96.5312
0
VERTEX
8
CUT
10
114.8702
20
98.6393
0
VERTEX
8
CUT
10
114.1873
20
99.5372
0
VERTEX
8
CUT
10
113.4894
20
100.0196
0
VERTEX
8
CUT
10
112.7040
20
100.1647
0
VERTEX
8
CUT
10
111.8761
20
99.9552
0
VERTEX
8
CUT
10
110.7274
20
98.4519
0
VERTEX
8
CUT
10
107.5798
20
89.8274
0
VERTEX
8
CUT
10
105.6636
20
86.2073
0
VERTEX
8
CUT
10
104.1213
20
83.8612
0
VERTEX
8
CUT
10
102.3577
20
81.6310
0
VERTEX
8
CUT
10
100.5093
20
79.5353
0
VERTEX
8
CUT
10
98.5071
20
77.6264
0
VERTEX
8
CUT
10
94.3850
20
74.5319
0
VERTEX
8
CUT
10
91.2131
20
72.9617
0
VERTEX
8
CUT
10
88.9289
20
72.3647
0
VERTEX
8
CUT
10
86.8059
20
72.2066
0
VERTEX
8
CUT
10
84.9976
20
72.5599
0
VERTEX
8
CUT
10
83.6623
20
73.3793
0
VERTEX
8
CUT
10
82.5006
20
74.9170
0
VERTEX
8
CUT
10
82.1316
20
77.1017
0
VERTEX
8
CUT
10
82.2597
20
78.9795
0
VERTEX
8
CUT
10
82.6992
20
80.9135
0
VERTEX
8
CUT
10
83.9670
20
83.8497
0
VERTEX
8
CUT
10
86.6636
20
88.1483
0
VERTEX
8
CUT
10
86.5450
20
88.5548
0
VERTEX
8
CUT
10
86.5717
20
88.6434
0
VERTEX
8
CUT
10
86.4827
20
88.7683
0
VERTEX
8
CUT
10
85.9207
20
90.6941
0
VERTEX
8
CUT
10
85.8801
20
91.7895
0
VERTEX
8
CUT
10
86.1397
20
92.8616
0
VERTEX
8
CUT
10
86.6352
20
93.8261
0
VERTEX
8
CUT
10
88.3289
20
95.4777
0
VERTEX
8
CUT
10
96.4749
20
100.3772
0
VERTEX
8
CUT
10
98.7794
20
103.0503
0
VERTEX
8
CUT
10
99.3939
20
104.1565
0
VERTEX
8
CUT
10
99.5841
20
104.8749
0
VERTEX
8
CUT
10
99.7432
20
105.1979
0
VERTEX
8
CUT
10
99.7684
20
105.6146
0
VERTEX
8
CUT
10
99.7973
20
105.7062
0
VERTEX
8
CUT
10
99.7797
20
105.8018
0
VERTEX
8
CUT
10
99.8388
20
106.7793
0
VERTEX
8
CUT
10
99.0339
20
107.7410
0
VERTEX
8
CUT
10
98.1643
20
108.0672
0
VERTEX
8
CUT
10
95.8141
20
108.2320
0
VERTEX
8
CUT
10
95.2083
20
108.4468
0
VERTEX
8
CUT
10
94.2410
20
109.2646
0
VERTEX
8
CUT
10
93.7764
20
110.3818
0
VERTEX
8
CUT
10
94.3611
20
112.3167
0
VERTEX
8
CUT
10
95.2442
20
113.4793
0
VERTEX
8
CUT
10
95.3077
20
113.5352
0
VERTEX
8
CUT
10
96.2102
20
114.2123
0
VERTEX
8
CUT
10
96.3058
20
114.2731
0
VERTEX
8
CUT
10
96.3445
20
114.2977
0
VERTEX
8
CUT
10
96.5462
20
114.4259
0
VERTEX
8
CUT
10
96.7985
20
114.5864
0
VERTEX
8
CUT
10
97.6643
20
115.0283
0
VERTEX
8
CUT
10
97.6813
20
115.0332
0
VERTEX
8
CUT
10
99.2096
20
115.4637
0
VERTEX
8
CUT
10
100.7459
20
115.6481
0
VERTEX
8
CUT
10
105.4838
20
115.4272
0
VERTEX
8
CUT
10
106.6607
20
115.1818
0
VERTEX
8
CUT
10
107.0041
20
115.3877
0
VERTEX
8
CUT
10
107.0466
20
115.8444
0
VERTEX
8
CUT
10
106.6220
20
118.1302
0
VERTEX
8
CUT
10
105.9047
20
120.2197
0
VERTEX
8
CUT
10
104.8853
20
121.5330
0
VERTEX
8
CUT
10
103.4284
20
122.7211
0
VERTEX
8
CUT
10
102.5976
20
123.0936
0
VERTEX
8
CUT
10
101.3903
20
123.1814
0
VERTEX
8
CUT
10
96.8138
20
122.6612
0
VERTEX
8
CUT
10
95.6302
20
122.7208
0
VERTEX
8
CUT
10
94.8896
20
123.0896
0
VERTEX
8
CUT
10
94.1124
20
123.8991
0
VERTEX
8
CUT
10
93.8212
20
124.4825
0
VERTEX
8
CUT
10
93.8094
20
124.9837
0
VERTEX
8
CUT
10
94.2306
20
126.1043
0
VERTEX
8
CUT
10
94.6608
20
126.8204
0
VERTEX
8
CUT
10
95.7764
20
127.9558
0
VERTEX
8
CUT
10
96.8277
20
128.7467
0
VERTEX
8
CUT
10
97.2023
20
129.2403
0
VERTEX
8
CUT
10
97.1554
20
129.8127
0
VERTEX
8
CUT
10
96.8652
20
130.1292
0
VERTEX
8
CUT
10
96.8333
20
130.1750
0
VERTEX
8
CUT
10
96.8171
20
130.1816
0
VERTEX
8
CUT
10
96.7049
20
130.3039
0
VERTEX
8
CUT
10
95.3508
20
130.9047
0
VERTEX
8
CUT
10
89.6735
20
131.5695
0
VERTEX
8
CUT
10
87.8894
20
132.0349
0
VERTEX
8
CUT
10
86.4709
20
132.7383
0
VERTEX
8
CUT
10
85.4672
20
133.6501
0
VERTEX
8
CUT
10
85.3851
20
133.7627
0
VERTEX
8
CUT
10
84.7830
20
134.8533
0
VERTEX
8
CUT
10
84.5282
20
136.2327
0
VERTEX
8
CUT
10
84.6543
20
137.8379
0
VERTEX
8
CUT
10
85.4871
20
140.9106
0
VERTEX
8
CUT
10
85.5302
20
141.8538
0
VERTEX
8
CUT
10
85.6032
20
142.1492
0
VERTEX
8
CUT
10
85.5732
20
142.7956
0
VERTEX
8
CUT
10
85.5968
20
143.3117
0
VERTEX
8
CUT
10
85.5399
20
143.5130
0
VERTEX
8
CUT
10
85.5371
20
143.5727
0
VERTEX
8
CUT
10
85.4689
20
143.7645
0
VERTEX
8
CUT
10
84.9527
20
145.5910
0
VERTEX
8
CUT
10
84.3539
20
146.7658
0
VERTEX
8
CUT
10
83.7692
20
147.5056
0
VERTEX
8
CUT
10
83.7580
20
147.5247
0
VERTEX
8
CUT
10
83.7228
20
147.5643
0
VERTEX
8
CUT
10
82.4894
20
149.1251
0
VERTEX
8
CUT
10
80.8575
20
150.6966
0
VERTEX
8
CUT
10
79.0202
20
152.1049
0
VERTEX
8
CUT
10
76.6994
20
153.5395
0
VERTEX
8
CUT
10
70.1558
20
157.0419
0
VERTEX
8
CUT
10
66.2420
20
159.5998
0
VERTEX
8
CUT
10
63.1863
20
162.3461
0
VERTEX
8
CUT
10
61.7246
20
164.0819
0
VERTEX
8
CUT
10
60.5453
20
165.8996
0
VERTEX
8
CUT
10
59.7153
20
167.6537
0
VERTEX
8
CUT
10
59.2136
20
169.3187
0
VERTEX
8
CUT
10
59.0873
20
170.9016
0
VERTEX
8
CUT
10
59.2952
20
172.2420
0
VERTEX
8
CUT
10
59.2957
20
172.2437
0
VERTEX
8
CUT
10
59.2969
20
172.2479
0
VERTEX
8
CUT
10
59.2976
20
172.2504
0
VERTEX
8
CUT
10
59.3379
20
172.3902
0
VERTEX
8
CUT
10
59.8771
20
173.5289
0
VERTEX
8
CUT
10
59.9050
20
173.5765
0
VERTEX
8
CUT
10
60.8650
20
174.4803
0
VERTEX
8
CUT
10
62.5449
20
175.2166
0
VERTEX
8
CUT
10
63.4293
20
175.2773
0
VERTEX
8
CUT
10
65.2191
20
174.7257
0
VERTEX
8
CUT
10
67.0863
20
173.5171
0
VERTEX
8
CUT
10
67.6142
20
173.1263
0
VERTEX
8
CUT
10
67.9190
20
172.9005
0
VERTEX
8
CUT
10
67.9553
20
172.8736
0
VERTEX
8
CUT
10
67.9718
20
172.8615
0
VERTEX
8
CUT
10
71.5886
20
170.0696
0
VERTEX
8
CUT
10
72.1797
20
169.7713
0
VERTEX
8
CUT
10
72.1798
20
169.7712
0
VERTEX
8
CUT
10
72.1805
20
169.7709
0
VERTEX
8
CUT
10
73.9411
20
168.8821
0
VERTEX
8
CUT
10
73.9219
20
168.8659
0
VERTEX
8
CUT
10
74.6900
20
168.4050
0
VERTEX
8
CUT
10
76.8429
20
167.9000
0
VERTEX
8
CUT
10
77.4507
20
167.7298
0
VERTEX
8
CUT
10
78.7334
20
167.6652
0
VERTEX
8
CUT
10
78.9594
20
167.7251
0
VERTEX
8
CUT
10
79.8521
20
167.8827
0
VERTEX
8
CUT
10
80.0926
20
168.0255
0
VERTEX
8
CUT
10
80.4188
20
168.1119
0
VERTEX
8
CUT
10
80.4883
20
168.1773
0
VERTEX
8
CUT
10
80.5842
20
168.2019
0
VERTEX
8
CUT
10
81.0397
20
168.6316
0
VERTEX
8
CUT
10
81.0624
20
168.7169
0
VERTEX
8
CUT
10
81.2347
20
168.8789
0
VERTEX
8
CUT
10
81.2545
20
169.1004
0
VERTEX
8
CUT
10
81.3480
20
169.2077
0
VERTEX
8
CUT
10
81.2991
20
169.5999
0
VERTEX
8
CUT
10
81.3069
20
169.6864
0
VERTEX
8
CUT
10
81.1128
20
170.2588
0
VERTEX
8
CUT
10
80.1592
20
171.3667
0
VERTEX
8
CUT
10
79.3160
20
171.9226
0
VERTEX
8
CUT
10
79.2235
20
172.0018
0
VERTEX
8
CUT
10
75.0836
20
174.7127
0
VERTEX
8
CUT
10
74.1047
20
175.3580
0
VERTEX
8
CUT
10
71.3651
20
177.4595
0
VERTEX
8
CUT
10
68.4581
20
180.3623
0
VERTEX
8
CUT
10
67.2770
20
182.0243
0
VERTEX
8
CUT
10
66.4465
20
183.6262
0
VERTEX
8
CUT
10
65.9437
20
185.1984
0
VERTEX
8
CUT
10
65.7546
20
186.7711
0
VERTEX
8
CUT
10
65.8465
20
188.1746
0
VERTEX
8
CUT
10
66.1696
20
189.3780
0
VERTEX
8
CUT
10
66.5343
20
189.9747
0
VERTEX
8
CUT
10
66.9512
20
190.4991
0
VERTEX
8
CUT
10
67.3437
20
190.8495
0
VERTEX
8
CUT
10
67.5396
20
190.9712
0
VERTEX
8
CUT
10
68.3750
20
191.3164
0
VERTEX
8
CUT
10
70.1729
20
191.6589
0
VERTEX
8
CUT
10
71.7626
20
191.3990
0
VERTEX
8
CUT
10
72.1994
20
191.3016
0
VERTEX
8
CUT
10
74.1939
20
190.3940
0
VERTEX
8
CUT
10
76.4911
20
188.8389
0
VERTEX
8
CUT
10
78.1116
20
187.0938
0
VERTEX
8
CUT
10
80.4799
20
183.3128
0
VERTEX
8
CUT
10
82.2682
20
180.8457
0
VERTEX
8
CUT
10
86.4788
20
175.9944
0
VERTEX
8
CUT
10
91.8550
20
170.9866
0
VERTEX
8
CUT
10
101.1336
20
163.6432
0
VERTEX
8
CUT
10
102.4015
20
162.4372
0
VERTEX
8
CUT
10
102.6758
20
161.8953
0
VERTEX
8
CUT
10
102.2040
20
161.2795
0
VERTEX
8
CUT
10
101.2239
20
161.2557
0
VERTEX
8
CUT
10
98.2831
20
161.7764
0
VERTEX
8
CUT
10
92.1727
20
163.2812
0
VERTEX
8
CUT
10
88.8229
20
163.6763
0
VERTEX
8
CUT
10
87.5945
20
163.4895
0
VERTEX
8
CUT
10
86.9326
20
163.1120
0
VERTEX
8
CUT
10
86.3419
20
162.4696
0
VERTEX
8
CUT
10
86.4376
20
162.0089
0
VERTEX
8
CUT
10
93.0336
20
161.0539
0
VERTEX
8
CUT
10
97.1589
20
159.9537
0
VERTEX
8
CUT
10
101.4982
20
158.1975
0
VERTEX
8
CUT
10
101.9746
20
157.9550
0
VERTEX
8
CUT
10
103.2420
20
157.2255
0
VERTEX
8
CUT
10
105.7543
20
155.5307
0
VERTEX
8
CUT
10
108.5196
20
153.0726
0
VERTEX
8
CUT
10
110.2309
20
151.1391
0
VERTEX
8
CUT
10
111.1387
20
150.0184
0
VERTEX
8
CUT
10
111.6152
20
149.3011
0
VERTEX
8
CUT
10
111.6513
20
149.2468
0
VERTEX
8
CUT
10
111.7981
20
149.0259
0
VERTEX
8
CUT
10
112.4411
20
148.0581
0
VERTEX
8
CUT
10
113.5057
20
146.0882
0
VERTEX
8
CUT
10
115.9173
20
140.3606
0
VERTEX
8
CUT
10
115.9554
20
140.1983
0
VERTEX
8
CUT
10
116.2510
20
139.5681
0
VERTEX
8
CUT
10
116.7025
20
138.4959
0
VERTEX
8
CUT
10
118.3782
20
134.9912
0
VERTEX
8
CUT
10
120.0937
20
132.2646
0
VERTEX
8
CUT
10
120.9288
20
131.2704
0
VERTEX
8
CUT
10
121.4160
20
130.5829
0
VERTEX
8
CUT
10
121.8578
20
130.1644
0
VERTEX
8
CUT
10
122.3187
20
129.6156
0
VERTEX
8
CUT
10
123.5124
20
128.5177
0
VERTEX
8
CUT
10
124.0181
20
128.1964
0
VERTEX
8
CUT
10
125.2608
20
127.3134
0
VERTEX
8
CUT
10
126.1124
20
126.8661
0
VERTEX
8
CUT
10
126.2689
20
126.7667
0
VERTEX
8
CUT
10
126.3955
20
126.7174
0
VERTEX
8
CUT
10
126.9879
20
126.4063
0
VERTEX
8
CUT
10
127.9289
20
126.1205
0
VERTEX
8
CUT
10
129.6792
20
125.4392
0
VERTEX
8
CUT
10
135.4089
20
123.7906
0
VERTEX
8
CUT
10
135.8844
20
123.5841
0
VERTEX
8
CUT
10
138.5386
20
122.3508
0
VERTEX
8
CUT
10
142.0040
20
120.0326
0
VERTEX
8
CUT
10
145.0297
20
117.7018
0
VERTEX
8
CUT
10
146.1285
20
116.7542
0
VERTEX
8
CUT
10
148.5866
20
114.9107
0
VERTEX
8
CUT
10
148.9784
20
114.6601
0
VERTEX
8
CUT
10
149.2062
20
114.4846
0
VERTEX
8
CUT
10
149.5516
20
114.2867
0
VERTEX
8
CUT
10
149.8523
20
114.0534
0
VERTEX
8
CUT
10
150.2553
20
113.8435
0
VERTEX
8
CUT
10
151.2290
20
113.2207
0
VERTEX
8
CUT
10
153.5028
20
112.1453
0
VERTEX
8
CUT
10
155.8687
20
111.6230
0
VERTEX
8
CUT
10
156.7803
20
111.5795
0
VERTEX
8
CUT
10
158.2997
20
111.4360
0
VERTEX
8
CUT
10
160.5068
20
111.5866
0
VERTEX
8
CUT
10
161.2075
20
111.7566
0
VERTEX
8
CUT
10
162.4134
20
111.9609
0
VERTEX
8
CUT
10
163.2598
20
112.3227
0
VERTEX
8
CUT
10
163.2964
20
112.3324
0
VERTEX
8
CUT
10
163.4020
20
112.3835
0
VERTEX
8
CUT
10
166.2234
20
113.5894
0
VERTEX
8
CUT
10
167.3910
20
114.3883
0
VERTEX
8
CUT
10
167.4405
20
114.4758
0
VERTEX
8
CUT
10
167.5106
20
114.5998
0
VERTEX
8
CUT
10
168.3096
20
115.1717
0
VERTEX
8
CUT
10
170.4043
20
117.2689
0
VERTEX
8
CUT
10
176.4145
20
125.4579
0
VERTEX
8
CUT
10
179.2844
20
128.7382
0
VERTEX
8
CUT
10
179.9358
20
129.2927
0
VERTEX
8
CUT
10
180.0245
20
129.3682
0
VERTEX
8
CUT
10
180.2189
20
129.5337
0
VERTEX
8
CUT
10
181.9132
20
130.9759
0
VERTEX
8
CUT
10
183.4212
20
131.8234
0
VERTEX
8
CUT
10
184.4668
20
132.0505
0
VERTEX
8
CUT
10
185.3789
20
131.7303
0
VERTEX
8
CUT
10
185.6751
20
131.8045
0
VERTEX
8
CUT
10
186.6762
20
133.4765
0
VERTEX
8
CUT
10
188.5809
20
135.7082
0
VERTEX
8
CUT
10
189.0867
20
136.7657
0
VERTEX
8
CUT
10
189.0746
20
137.4505
0
VERTEX
8
CUT
10
188.5200
20
137.6014
0
VERTEX
8
CUT
10
185.7852
20
135.1353
0
VERTEX
8
CUT
10
182.9508
20
135.9071
0
VERTEX
8
CUT
10
179.6898
20
136.0928
0
VERTEX
8
CUT
10
179.4228
20
136.2876
0
VERTEX
8
CUT
10
179.1643
20
137.7490
0
VERTEX
8
CUT
10
178.0448
20
139.5334
0
VERTEX
8
CUT
10
177.7801
20
140.6989
0
VERTEX
8
CUT
10
176.5720
20
142.1073
0
VERTEX
8
CUT
10
176.2260
20
142.2019
0
VERTEX
8
CUT
10
175.2745
20
141.8331
0
VERTEX
8
CUT
10
172.3282
20
142.5868
0
VERTEX
8
CUT
10
172.1595
20
143.0313
0
VERTEX
8
CUT
10
172.3330
20
143.4392
0
VERTEX
8
CUT
10
173.2439
20
144.3502
0
VERTEX
8
CUT
10
174.0068
20
144.7239
0
VERTEX
8
CUT
10
174.4221
20
144.7630
0
VERTEX
8
CUT
10
174.8918
20
144.4527
0
VERTEX
8
CUT
10
175.9976
20
142.9199
0
VERTEX
8
CUT
10
176.2878
20
142.7685
0
VERTEX
8
CUT
10
177.7159
20
144.0986
0
VERTEX
8
CUT
10
177.7980
20
144.4939
0
VERTEX
8
CUT
10
176.0681
20
147.3298
0
VERTEX
8
CUT
10
174.7043
20
149.0883
0
VERTEX
8
CUT
10
168.3819
20
155.5235
0
VERTEX
8
CUT
10
167.8924
20
155.8110
0
VERTEX
8
CUT
10
159.4029
20
157.8717
0
VERTEX
8
CUT
10
158.3995
20
157.8251
0
VERTEX
8
CUT
10
157.4336
20
157.0934
0
VERTEX
8
CUT
10
156.7792
20
157.0157
0
VERTEX
8
CUT
10
156.2807
20
157.3469
0
VERTEX
8
CUT
10
155.9492
20
158.4820
0
VERTEX
8
CUT
10
155.3069
20
159.0169
0
VERTEX
8
CUT
10
153.8234
20
159.1371
0
VERTEX
8
CUT
10
152.0030
20
159.7195
0
VERTEX
8
CUT
10
151.8883
20
159.8037
0
VERTEX
8
CUT
10
150.9341
20
160.0615
0
VERTEX
8
CUT
10
149.8735
20
160.4008
0
VERTEX
8
CUT
10
125.8396
20
166.9082
0
VERTEX
8
CUT
10
124.5057
20
167.0659
0
VERTEX
8
CUT
10
123.9610
20
167.1931
0
VERTEX
8
CUT
10
123.8360
20
167.1451
0
VERTEX
8
CUT
10
123.5768
20
167.1757
0
VERTEX
8
CUT
10
123.4013
20
166.9443
0
VERTEX
8
CUT
10
123.4400
20
166.5644
0
VERTEX
8
CUT
10
124.1070
20
165.3761
0
VERTEX
8
CUT
10
124.8480
20
164.6352
0
VERTEX
8
CUT
10
126.3974
20
163.6340
0
VERTEX
8
CUT
10
129.1176
20
162.5510
0
VERTEX
8
CUT
10
130.2799
20
162.3952
0
VERTEX
8
CUT
10
130.4889
20
162.3212
0
VERTEX
8
CUT
10
131.0300
20
162.2946
0
VERTEX
8
CUT
10
136.3829
20
161.5770
0
VERTEX
8
CUT
10
138.6895
20
160.9251
0
VERTEX
8
CUT
10
140.0763
20
159.9734
0
VERTEX
8
CUT
10
140.4263
20
159.3799
0
VERTEX
8
CUT
10
140.5271
20
158.7368
0
VERTEX
8
CUT
10
140.4303
20
157.7480
0
VERTEX
8
CUT
10
140.0011
20
156.9419
0
VERTEX
8
CUT
10
139.2793
20
156.3575
0
VERTEX
8
CUT
10
137.6410
20
155.5738
0
VERTEX
8
CUT
10
135.0846
20
155.0759
0
VERTEX
8
CUT
10
126.4189
20
154.4950
0
VERTEX
8
CUT
10
125.1194
20
154.0226
0
VERTEX
8
CUT
10
123.6090
20
152.8711
0
VERTEX
8
CUT
10
122.8565
20
151.3681
0
VERTEX
8
CUT
10
122.8333
20
150.2461
0
VERTEX
8
CUT
10
123.1613
20
148.9329
0
VERTEX
8
CUT
10
123.5581
20
148.2186
0
VERTEX
8
CUT
10
123.5716
20
148.1798
0
VERTEX
8
CUT
10
123.6128
20
148.1201
0
VERTEX
8
CUT
10
123.8005
20
147.7823
0
VERTEX
8
CUT
10
123.7905
20
147.5726
0
VERTEX
8
CUT
10
124.2822
20
146.8045
0
VERTEX
8
CUT
10
124.4442
20
146.6237
0
VERTEX
8
CUT
10
124.5087
20
146.5076
0
VERTEX
8
CUT
10
124.7008
20
146.3375
0
VERTEX
8
CUT
10
125.0810
20
145.9134
0
VERTEX
8
CUT
10
126.1036
20
145.0954
0
VERTEX
8
CUT
10
126.6975
20
144.5695
0
VERTEX
8
CUT
10
128.2328
20
143.8842
0
VERTEX
8
CUT
10
128.4503
20
143.7560
0
VERTEX
8
CUT
10
128.5914
20
143.7241
0
VERTEX
8
CUT
10
128.6282
20
143.7077
0
VERTEX
8
CUT
10
128.7682
20
143.6397
0
VERTEX
8
CUT
10
128.7921
20
143.6345
0
VERTEX
8
CUT
10
129.4394
20
143.3456
0
VERTEX
8
CUT
10
131.3611
20
143.0971
0
VERTEX
8
CUT
10
131.5667
20
143.0505
0
VERTEX
8
CUT
10
131.6403
20
143.0609
0
VERTEX
8
CUT
10
131.9494
20
143.0210
0
VERTEX
8
CUT
10
133.9494
20
143.1957
0
VERTEX
8
CUT
10
134.7324
20
143.4980
0
VERTEX
8
CUT
10
136.6955
20
144.1620
0
VERTEX
8
CUT
10
137.2815
20
144.4824
0
VERTEX
8
CUT
10
137.8896
20
144.7172
0
VERTEX
8
CUT
10
144.7408
20
148.1888
0
VERTEX
8
CUT
10
147.2930
20
149.0627
0
VERTEX
8
CUT
10
150.0038
20
149.5149
0
VERTEX
8
CUT
10
150.6263
20
149.5469
0
VERTEX
8
CUT
10
150.8166
20
149.5567
0
VERTEX
8
CUT
10
151.2308
20
149.5779
0
VERTEX
8
CUT
10
152.3742
20
149.6367
0
VERTEX
8
CUT
10
155.1219
20
149.5329
0
VERTEX
8
CUT
10
156.5769
20
149.0941
0
VERTEX
8
CUT
10
157.9068
20
148.3704
0
VERTEX
8
CUT
10
160.4460
20
146.4528
0
VERTEX
8
CUT
10
163.8829
20
144.3665
0
VERTEX
8
CUT
10
164.4835
20
143.6538
0
VERTEX
8
CUT
10
164.3406
20
143.2486
0
VERTEX
8
CUT
10
163.3290
20
142.8165
0
VERTEX
8
CUT
10
157.9690
20
142.2514
0
VERTEX
8
CUT
10
157.7145
20
141.9488
0
VERTEX
8
CUT
10
157.8864
20
141.5575
0
VERTEX
8
CUT
10
164.5913
20
141.7907
0
VERTEX
8
CUT
10
168.8341
20
141.4440
0
VERTEX
8
CUT
10
171.4435
20
140.6766
0
VERTEX
8
CUT
10
173.8408
20
139.5408
0
VERTEX
8
CUT
10
175.7190
20
138.1862
0
VERTEX
8
CUT
10
176.9185
20
136.6992
0
VERTEX
8
CUT
10
177.2469
20
135.9512
0
VERTEX
8
CUT
10
177.0063
20
135.3840
0
VERTEX
8
CUT
10
176.0310
20
134.8076
0
VERTEX
8
CUT
10
174.7573
20
134.6428
0
VERTEX
8
CUT
10
172.2822
20
135.1721
0
VERTEX
8
CUT
10
168.2684
20
136.8060
0
VERTEX
8
CUT
10
167.8407
20
136.8937
0
VERTEX
8
CUT
10
167.5585
20
136.7133
0
VERTEX
8
CUT
10
167.5527
20
136.3107
0
VERTEX
8
CUT
10
169.2902
20
134.1316
0
VERTEX
8
CUT
10
170.0136
20
132.6541
0
VERTEX
8
CUT
10
170.4848
20
131.0507
0
VERTEX
8
CUT
10
170.6419
20
129.3638
0
VERTEX
8
CUT
10
170.5431
20
127.6679
0
VERTEX
8
CUT
10
170.1313
20
125.9129
0
VERTEX
8
CUT
10
169.4652
20
124.2174
0
VERTEX
8
CUT
10
168.2157
20
122.0226
0
VERTEX
8
CUT
10
167.2697
20
120.9793
0
VERTEX
8
CUT
10
165.7333
20
120.4255
0
VERTEX
8
CUT
10
163.3839
20
118.2885
0
VERTEX
8
CUT
10
162.4060
20
117.7606
0
VERTEX
8
CUT
10
161.4834
20
117.7244
0
VERTEX
8
CUT
10
160.6378
20
118.3644
0
VERTEX
8
CUT
10
160.1446
20
120.2251
0
VERTEX
8
CUT
10
160.0904
20
121.0023
0
VERTEX
8
CUT
10
160.2601
20
121.4985
0
VERTEX
8
CUT
10
160.5421
20
122.0374
0
VERTEX
8
CUT
10
163.4484
20
124.9235
0
VERTEX
8
CUT
10
163.5456
20
125.2017
0
VERTEX
8
CUT
10
163.0027
20
128.6482
0
VERTEX
8
CUT
10
162.3347
20
130.7612
0
VERTEX
8
CUT
10
161.9074
20
131.6039
0
VERTEX
8
CUT
10
161.6949
20
131.8501
0
VERTEX
8
CUT
10
161.6707
20
131.8952
0
VERTEX
8
CUT
10
161.6152
20
131.9425
0
VERTEX
8
CUT
10
161.0078
20
132.6462
0
VERTEX
8
CUT
10
160.6455
20
132.7670
0
VERTEX
8
CUT
10
160.5624
20
132.8377
0
VERTEX
8
CUT
10
160.4599
20
132.8289
0
VERTEX
8
CUT
10
159.8604
20
133.0289
0
VERTEX
8
CUT
10
158.4744
20
132.1245
0
VERTEX
8
CUT
10
158.1920
20
131.8410
0
VERTEX
8
CUT
10
157.9710
20
131.6801
0
VERTEX
8
CUT
10
157.5964
20
131.2429
0
VERTEX
8
CUT
10
156.8149
20
130.4582
0
VERTEX
8
CUT
10
156.4540
20
129.9098
0
VERTEX
8
CUT
10
156.3658
20
129.8068
0
VERTEX
8
CUT
10
156.2833
20
129.6504
0
VERTEX
8
CUT
10
155.2664
20
128.1051
0
VERTEX
8
CUT
10
154.6617
20
126.7798
0
VERTEX
8
CUT
10
153.9235
20
123.9800
0
VERTEX
8
CUT
10
153.8965
20
122.1222
0
VERTEX
8
CUT
10
153.8684
20
121.8892
0
VERTEX
8
CUT
10
153.8899
20
121.6654
0
VERTEX
8
CUT
10
153.8642
20
119.8954
0
VERTEX
8
CUT
10
153.5987
20
119.1497
0
VERTEX
8
CUT
10
152.8691
20
118.9117
0
VERTEX
8
CUT
10
151.9377
20
119.3301
0
VERTEX
8
CUT
10
148.8673
20
121.0365
0
VERTEX
8
CUT
10
147.4126
20
122.0889
0
VERTEX
8
CUT
10
146.3857
20
123.4257
0
VERTEX
8
CUT
10
145.6486
20
124.9357
0
VERTEX
8
CUT
10
145.4285
20
125.9016
0
VERTEX
8
CUT
10
145.4286
20
125.9422
0
VERTEX
8
CUT
10
145.4294
20
126.2336
0
VERTEX
8
CUT
10
145.4295
20
126.2733
0
VERTEX
8
CUT
10
145.4299
20
126.4103
0
VERTEX
8
CUT
10
145.5233
20
127.4377
0
VERTEX
8
CUT
10
145.8217
20
128.6643
0
VERTEX
8
CUT
10
146.1154
20
129.6593
0
VERTEX
8
CUT
10
146.1553
20
129.7572
0
VERTEX
8
CUT
10
146.9736
20
131.5291
0
VERTEX
8
CUT
10
146.8123
20
131.9695
0
VERTEX
8
CUT
10
146.3445
20
131.9355
0
VERTEX
8
CUT
10
141.8570
20
127.7813
0
VERTEX
8
CUT
10
140.2566
20
127.6058
0
VERTEX
8
CUT
10
138.7090
20
127.9794
0
VERTEX
8
CUT
10
135.6391
20
129.2927
0
VERTEX
8
CUT
10
132.3996
20
131.2059
0
VERTEX
8
CUT
10
130.6389
20
132.8856
0
VERTEX
8
CUT
10
130.4643
20
133.3872
0
VERTEX
8
CUT
10
130.7909
20
134.0339
0
VERTEX
8
CUT
10
130.6600
20
134.4119
0
VERTEX
8
CUT
10
129.3021
20
134.3356
0
VERTEX
8
CUT
10
128.3467
20
134.7682
0
VERTEX
8
CUT
10
126.6043
20
135.9828
0
VERTEX
8
CUT
10
123.3300
20
138.8875
0
VERTEX
8
CUT
10
121.2437
20
141.0965
0
VERTEX
8
CUT
10
119.3804
20
143.4553
0
VERTEX
8
CUT
10
109.5812
20
157.2452
0
VERTEX
8
CUT
10
107.4032
20
158.6563
0
VERTEX
8
CUT
10
104.1730
20
162.4064
0
VERTEX
8
CUT
10
100.2510
20
165.9575
0
VERTEX
8
CUT
10
96.1849
20
169.0446
0
VERTEX
8
CUT
10
91.0762
20
173.3536
0
VERTEX
8
CUT
10
88.6424
20
175.6030
0
VERTEX
8
CUT
10
84.4171
20
179.9844
0
VERTEX
8
CUT
10
82.8114
20
181.9621
0
VERTEX
8
CUT
10
79.4022
20
186.8456
0
VERTEX
8
CUT
10
76.0195
20
192.1651
0
VERTEX
8
CUT
10
74.9003
20
195.1040
0
VERTEX
8
CUT
10
71.6053
20
199.3407
0
VERTEX
8
CUT
10
69.8735
20
201.9989
0
VERTEX
8
CUT
10
68.6817
20
204.4174
0
VERTEX
8
CUT
10
68.2129
20
206.2694
0
VERTEX
8
CUT
10
68.8650
20
207.5832
0
VERTEX
8
CUT
10
69.5884
20
208.1677
0
VERTEX
8
CUT
10
70.0449
20
208.2909
0
VERTEX
8
CUT
10
70.5804
20
208.1421
0
VERTEX
8
CUT
10
70.8707
20
208.0615
0
VERTEX
8
CUT
10
71.0321
20
208.0166
0
VERTEX
8
CUT
10
71.3948
20
207.9159
0
VERTEX
8
CUT
10
71.5248
20
207.8678
0
VERTEX
8
CUT
10
73.1845
20
206.7513
0
VERTEX
8
CUT
10
81.7571
20
198.9776
0
VERTEX
8
CUT
10
86.2431
20
195.1983
0
VERTEX
8
CUT
10
94.7235
20
188.8994
0
VERTEX
8
CUT
10
103.8492
20
183.0307
0
VERTEX
8
CUT
10
112.3604
20
178.4525
0
VERTEX
8
CUT
10
114.9107
20
177.3156
0
VERTEX
8
CUT
10
114.9790
20
177.3130
0
VERTEX
8
CUT
10
116.1447
20
176.7338
0
VERTEX
8
CUT
10
118.1910
20
175.8296
0
VERTEX
8
CUT
10
118.5978
20
175.4413
0
VERTEX
8
CUT
10
120.3799
20
174.7653
0
VERTEX
8
CUT
10
120.4867
20
174.8128
0
VERTEX
8
CUT
10
121.5793
20
174.3089
0
VERTEX
8
CUT
10
125.9468
20
172.6150
0
VERTEX
8
CUT
10
127.5391
20
171.8463
0
VERTEX
8
CUT
10
131.1896
20
170.5818
0
VERTEX
8
CUT
10
131.7063
20
170.3814
0
VERTEX
8
CUT
10
132.7925
20
170.0265
0
VERTEX
8
CUT
10
136.9414
20
168.5894
0
VERTEX
8
CUT
10
140.7382
20
167.4307
0
VERTEX
8
CUT
10
142.4913
20
166.8579
0
VERTEX
8
CUT
10
143.4207
20
166.6120
0
VERTEX
8
CUT
10
148.2179
20
165.1480
0
VERTEX
8
CUT
10
149.5698
20
164.9637
0
VERTEX
8
CUT
10
149.5910
20
164.9795
0
VERTEX
8
CUT
10
157.8200
20
162.8023
0
VERTEX
8
CUT
10
164.3074
20
161.2653
0
VERTEX
8
CUT
10
165.6897
20
161.0166
0
VERTEX
8
CUT
10
165.9956
20
161.1336
0
VERTEX
8
CUT
10
166.1059
20
161.6192
0
VERTEX
8
CUT
10
165.9523
20
163.1007
0
VERTEX
8
CUT
10
165.2798
20
165.7713
0
VERTEX
8
CUT
10
158.7229
20
169.7544
0
VERTEX
8
CUT
10
154.7140
20
171.6376
0
VERTEX
8
CUT
10
153.7990
20
172.3262
0
VERTEX
8
CUT
10
153.5950
20
172.6759
0
VERTEX
8
CUT
10
153.1341
20
172.8296
0
VERTEX
8
CUT
10
153.1314
20
172.8286
0
VERTEX
8
CUT
10
151.9799
20
173.6953
0
VERTEX
8
CUT
10
147.5868
20
176.2407
0
VERTEX
8
CUT
10
147.0420
20
176.2985
0
VERTEX
8
CUT
10
145.0188
20
175.5773
0
VERTEX
8
CUT
10
143.1663
20
175.4777
0
VERTEX
8
CUT
10
141.1094
20
175.5735
0
VERTEX
8
CUT
10
137.7637
20
176.3185
0
VERTEX
8
CUT
10
134.8888
20
177.3394
0
VERTEX
8
CUT
10
131.8378
20
178.7265
0
VERTEX
8
CUT
10
123.3746
20
183.4961
0
VERTEX
8
CUT
10
120.6130
20
184.7588
0
VERTEX
8
CUT
10
119.9008
20
184.7588
0
VERTEX
8
CUT
10
119.5105
20
184.5029
0
VERTEX
8
CUT
10
119.1391
20
183.9170
0
VERTEX
8
CUT
10
119.0533
20
183.0965
0
VERTEX
8
CUT
10
119.3868
20
181.8893
0
VERTEX
8
CUT
10
121.1242
20
178.6313
0
VERTEX
8
CUT
10
120.8018
20
178.2138
0
VERTEX
8
CUT
10
119.8579
20
178.4789
0
VERTEX
8
CUT
10
116.4524
20
180.0437
0
VERTEX
8
CUT
10
109.8712
20
183.3648
0
VERTEX
8
CUT
10
105.7318
20
185.8654
0
VERTEX
8
CUT
10
101.9162
20
187.8979
0
VERTEX
8
CUT
10
90.0268
20
195.9470
0
VERTEX
8
CUT
10
84.0490
20
200.8147
0
VERTEX
8
CUT
10
75.8775
20
208.3335
0
VERTEX
8
CUT
10
75.7108
20
209.0303
0
VERTEX
8
CUT
10
75.7778
20
210.0320
0
VERTEX
8
CUT
10
76.6237
20
212.3783
0
VERTEX
8
CUT
10
77.1747
20
212.9723
0
VERTEX
8
CUT
10
77.5478
20
213.0043
0
VERTEX
8
CUT
10
78.1844
20
212.6569
0
VERTEX
8
CUT
10
78.5848
20
212.9573
0
VERTEX
8
CUT
10
78.1676
20
216.7303
0
VERTEX
8
CUT
10
78.1981
20
220.6125
0
VERTEX
8
CUT
10
78.8172
20
223.6023
0
VERTEX
8
CUT
10
79.6148
20
225.5167
0
VERTEX
8
CUT
10
81.7084
20
228.5463
0
VERTEX
8
CUT
10
81.7667
20
228.6139
0
VERTEX
8
CUT
10
81.7829
20
228.6327
0
VERTEX
8
CUT
10
81.7944
20
228.6460
0
VERTEX
8
CUT
10
81.8134
20
228.6681
0
VERTEX
8
CUT
10
82.8718
20
229.6257
0
VERTEX
8
CUT
10
82.9551
20
229.6888
0
VERTEX
8
CUT
10
82.9725
20
229.7019
0
VERTEX
8
CUT
10
83.0613
20
229.7692
0
VERTEX
8
CUT
10
83.3411
20
229.9810
0
VERTEX
8
CUT
10
84.3381
20
230.6244
0
VERTEX
8
CUT
10
86.1353
20
231.3045
0
VERTEX
8
CUT
10
87.6812
20
231.4491
0
VERTEX
8
CUT
10
88.7028
20
231.3247
0
VERTEX
8
CUT
10
89.3406
20
231.1072
0
VERTEX
8
CUT
10
89.9713
20
230.6444
0
VERTEX
8
CUT
10
90.3866
20
230.2412
0
VERTEX
8
CUT
10
91.2276
20
228.8632
0
VERTEX
8
CUT
10
91.3319
20
228.5274
0
VERTEX
8
CUT
10
91.3357
20
226.7824
0
VERTEX
8
CUT
10
90.5741
20
222.5136
0
VERTEX
8
CUT
10
90.4804
20
220.8920
0
VERTEX
8
CUT
10
90.9103
20
217.7803
0
VERTEX
8
CUT
10
91.5997
20
216.1503
0
VERTEX
8
CUT
10
91.5626
20
216.0542
0
VERTEX
8
CUT
10
92.0445
20
215.0988
0
VERTEX
8
CUT
10
92.1312
20
214.8938
0
VERTEX
8
CUT
10
92.2076
20
214.7753
0
VERTEX
8
CUT
10
92.3032
20
214.5857
0
VERTEX
8
CUT
10
92.5231
20
214.2863
0
VERTEX
8
CUT
10
93.0340
20
213.4941
0
VERTEX
8
CUT
10
93.3923
20
213.1022
0
VERTEX
8
CUT
10
93.5421
20
212.8982
0
VERTEX
8
CUT
10
93.7914
20
212.6657
0
VERTEX
8
CUT
10
94.9464
20
211.4023
0
VERTEX
8
CUT
10
95.9046
20
210.6946
0
VERTEX
8
CUT
10
96.2578
20
210.3652
0
VERTEX
8
CUT
10
98.6915
20
208.6365
0
VERTEX
8
CUT
10
100.8244
20
207.0613
0
VERTEX
8
CUT
10
104.1471
20
204.0871
0
VERTEX
8
CUT
10
104.2332
20
203.9948
0
VERTEX
8
CUT
10
104.2426
20
203.9848
0
VERTEX
8
CUT
10
104.2672
20
203.9584
0
VERTEX
8
CUT
10
104.4637
20
203.7481
0
VERTEX
8
CUT
10
106.8715
20
200.6442
0
VERTEX
8
CUT
10
107.7772
20
198.9638
0
VERTEX
8
CUT
10
108.4434
20
197.2870
0
VERTEX
8
CUT
10
108.8730
20
195.3199
0
VERTEX
8
CUT
10
109.1809
20
195.1300
0
VERTEX
8
CUT
10
109.5342
20
195.3058
0
VERTEX
8
CUT
10
109.6300
20
197.3782
0
VERTEX
8
CUT
10
109.1795
20
199.8060
0
VERTEX
8
CUT
10
107.5225
20
204.1311
0
VERTEX
8
CUT
10
106.8642
20
205.2296
0
VERTEX
8
CUT
10
102.9999
20
209.3967
0
VERTEX
8
CUT
10
97.6036
20
212.6508
0
VERTEX
8
CUT
10
95.7361
20
214.0762
0
VERTEX
8
CUT
10
94.3254
20
215.6204
0
VERTEX
8
CUT
10
92.4332
20
219.1980
0
VERTEX
8
CUT
10
92.2404
20
220.6746
0
VERTEX
8
CUT
10
92.3965
20
222.6098
0
VERTEX
8
CUT
10
92.6768
20
224.3759
0
VERTEX
8
CUT
10
93.0215
20
224.7195
0
VERTEX
8
CUT
10
93.5127
20
224.4810
0
VERTEX
8
CUT
10
94.2778
20
223.4681
0
VERTEX
8
CUT
10
96.0992
20
220.2323
0
VERTEX
8
CUT
10
97.5187
20
218.6951
0
VERTEX
8
CUT
10
99.0322
20
217.4774
0
VERTEX
8
CUT
10
99.7956
20
217.0396
0
VERTEX
8
CUT
10
100.8220
20
216.7967
0
VERTEX
8
CUT
10
102.0857
20
217.0278
0
VERTEX
8
CUT
10
102.8919
20
217.6158
0
VERTEX
8
CUT
10
102.7051
20
218.1612
0
VERTEX
8
CUT
10
102.7079
20
218.1706
0
VERTEX
8
CUT
10
102.6966
20
218.1861
0
VERTEX
8
CUT
10
102.5443
20
218.6306
0
VERTEX
8
CUT
10
99.1166
20
225.0579
0
VERTEX
8
CUT
10
97.6053
20
228.3877
0
VERTEX
8
CUT
10
97.1322
20
229.5651
0
VERTEX
8
CUT
10
96.1052
20
232.4003
0
VERTEX
8
CUT
10
95.6229
20
234.0620
0
VERTEX
8
CUT
10
95.1589
20
236.8305
0
VERTEX
8
CUT
10
95.2259
20
240.2269
0
VERTEX
8
CUT
10
95.7574
20
241.4757
0
VERTEX
8
CUT
10
96.2397
20
241.9613
0
VERTEX
8
CUT
10
96.2524
20
241.9726
0
VERTEX
8
CUT
10
96.3357
20
242.0078
0
VERTEX
8
CUT
10
96.8710
20
242.2036
0
VERTEX
8
CUT
10
97.5837
20
242.0406
0
VERTEX
8
CUT
10
98.5234
20
241.4400
0
VERTEX
8
CUT
10
98.5826
20
241.3606
0
VERTEX
8
CUT
10
99.6710
20
239.8110
0
VERTEX
8
CUT
10
105.5141
20
227.7038
0
VERTEX
8
CUT
10
108.6434
20
221.9676
0
VERTEX
8
CUT
10
111.9482
20
216.6738
0
VERTEX
8
CUT
10
115.5018
20
211.6491
0
VERTEX
8
CUT
10
119.9490
20
206.1277
0
VERTEX
8
CUT
10
124.7489
20
200.8047
0
VERTEX
8
CUT
10
129.8721
20
195.7129
0
VERTEX
8
CUT
10
135.3343
20
190.8039
0
VERTEX
8
CUT
10
141.1014
20
186.1723
0
VERTEX
8
CUT
10
147.1608
20
181.7655
0
VERTEX
8
CUT
10
150.3898
20
179.6697
0
VERTEX
8
CUT
10
150.4302
20
179.5586
0
VERTEX
8
CUT
10
151.1676
20
178.9748
0
VERTEX
8
CUT
10
154.0251
20
177.1927
0
VERTEX
8
CUT
10
156.0838
20
176.0251
0
VERTEX
8
CUT
10
156.4767
20
175.9023
0
VERTEX
8
CUT
10
156.5951
20
175.8359
0
VERTEX
8
CUT
10
160.2174
20
173.7160
0
VERTEX
8
CUT
10
164.9851
20
171.2231
0
VERTEX
8
CUT
10
165.7832
20
170.9826
0
VERTEX
8
CUT
10
166.3252
20
171.1272
0
VERTEX
8
CUT
10
166.7553
20
172.6942
0
VERTEX
8
CUT
10
166.6210
20
173.4567
0
VERTEX
8
CUT
10
165.7033
20
173.9905
0
VERTEX
8
CUT
10
163.3318
20
174.7014
0
VERTEX
8
CUT
10
162.4536
20
175.2582
0
VERTEX
8
CUT
10
161.8614
20
175.9243
0
VERTEX
8
CUT
10
161.4693
20
177.1054
0
VERTEX
8
CUT
10
161.1169
20
177.4928
0
VERTEX
8
CUT
10
161.1138
20
177.5170
0
VERTEX
8
CUT
10
160.9881
20
177.6344
0
VERTEX
8
CUT
10
160.8802
20
177.7530
0
VERTEX
8
CUT
10
160.6617
20
177.9395
0
VERTEX
8
CUT
10
160.2117
20
178.3601
0
VERTEX
8
CUT
10
159.6837
20
178.7742
0
VERTEX
8
CUT
10
149.9869
20
187.0498
0
VERTEX
8
CUT
10
142.6183
20
194.4186
0
VERTEX
8
CUT
10
136.0635
20
202.2055
0
VERTEX
8
CUT
10
133.0773
20
206.2391
0
VERTEX
8
CUT
10
128.3985
20
213.4435
0
VERTEX
8
CUT
10
125.0130
20
219.7848
0
VERTEX
8
CUT
10
122.1486
20
226.1926
0
VERTEX
8
CUT
10
119.9361
20
232.4921
0
VERTEX
8
CUT
10
118.2991
20
238.8850
0
VERTEX
8
CUT
10
117.5902
20
244.0323
0
VERTEX
8
CUT
10
117.6759
20
249.9133
0
VERTEX
8
CUT
10
117.7608
20
250.5380
0
VERTEX
8
CUT
10
117.7788
20
250.6702
0
VERTEX
8
CUT
10
117.7819
20
250.6933
0
VERTEX
8
CUT
10
117.7837
20
250.7063
0
VERTEX
8
CUT
10
118.2337
20
252.3347
0
VERTEX
8
CUT
10
119.1932
20
253.8509
0
VERTEX
8
CUT
10
119.7867
20
254.2832
0
VERTEX
8
CUT
10
120.2927
20
254.3837
0
VERTEX
8
CUT
10
120.7917
20
254.2606
0
VERTEX
8
CUT
10
120.9323
20
254.1801
0
VERTEX
8
CUT
10
121.0116
20
254.1347
0
VERTEX
8
CUT
10
121.0177
20
254.1313
0
VERTEX
8
CUT
10
121.8414
20
253.1258
0
VERTEX
8
CUT
10
121.9545
20
252.8537
0
VERTEX
8
CUT
10
122.7958
20
249.6035
0
VERTEX
8
CUT
10
123.9975
20
242.8279
0
VERTEX
8
CUT
10
125.7453
20
235.1016
0
VERTEX
8
CUT
10
127.9534
20
228.1414
0
VERTEX
8
CUT
10
130.9516
20
220.9218
0
VERTEX
8
CUT
10
133.3219
20
216.1504
0
VERTEX
8
CUT
10
135.9585
20
211.5220
0
VERTEX
8
CUT
10
138.8302
20
207.0006
0
VERTEX
8
CUT
10
142.0002
20
202.5685
0
VERTEX
8
CUT
10
145.4362
20
198.2130
0
VERTEX
8
CUT
10
149.1774
20
193.9511
0
VERTEX
8
CUT
10
153.1846
20
189.7910
0
VERTEX
8
CUT
10
156.8095
20
186.4106
0
VERTEX
8
CUT
10
156.8797
20
186.3426
0
VERTEX
8
CUT
10
156.9112
20
186.3158
0
VERTEX
8
CUT
10
157.7317
20
185.5507
0
VERTEX
8
CUT
10
162.6017
20
181.4157
0
VERTEX
8
CUT
10
163.3802
20
180.8186
0
VERTEX
8
CUT
10
163.3973
20
180.8041
0
VERTEX
8
CUT
10
163.4307
20
180.7799
0
VERTEX
8
CUT
10
163.8138
20
180.4861
0
VERTEX
8
CUT
10
163.8268
20
180.3882
0
VERTEX
8
CUT
10
164.6564
20
179.6815
0
VERTEX
8
CUT
10
165.1930
20
179.4281
0
VERTEX
8
CUT
10
166.6677
20
178.2970
0
VERTEX
8
CUT
10
168.5394
20
177.2123
0
VERTEX
8
CUT
10
169.0467
20
177.3673
0
VERTEX
8
CUT
10
170.7445
20
179.8949
0
VERTEX
8
CUT
10
170.6989
20
180.7255
0
VERTEX
8
CUT
10
170.5583
20
180.8923
0
VERTEX
8
CUT
10
170.5430
20
181.2000
0
VERTEX
8
CUT
10
170.1292
20
181.4016
0
VERTEX
8
CUT
10
169.9871
20
181.5703
0
VERTEX
8
CUT
10
169.7559
20
181.9359
0
VERTEX
8
CUT
10
167.7061
20
184.2776
0
VERTEX
8
CUT
10
163.6573
20
189.0831
0
VERTEX
8
CUT
10
160.3759
20
193.3765
0
VERTEX
8
CUT
10
157.4185
20
197.7497
0
VERTEX
8
CUT
10
154.7701
20
202.1523
0
VERTEX
8
CUT
10
152.4599
20
206.5558
0
VERTEX
8
CUT
10
150.5377
20
210.9274
0
VERTEX
8
CUT
10
149.0370
20
215.1231
0
VERTEX
8
CUT
10
147.9256
20
219.2244
0
VERTEX
8
CUT
10
147.6109
20
221.5681
0
VERTEX
8
CUT
10
147.6341
20
221.7150
0
VERTEX
8
CUT
10
147.5035
20
222.3677
0
VERTEX
8
CUT
10
147.4887
20
222.4782
0
VERTEX
8
CUT
10
147.3629
20
226.1956
0
VERTEX
8
CUT
10
147.5183
20
227.5507
0
VERTEX
8
CUT
10
148.0442
20
228.3825
0
VERTEX
8
CUT
10
148.8630
20
228.9275
0
VERTEX
8
CUT
10
149.6087
20
228.4230
0
VERTEX
8
CUT
10
150.1300
20
227.4235
0
VERTEX
8
CUT
10
152.9924
20
218.1953
0
VERTEX
8
CUT
10
154.9841
20
212.6476
0
VERTEX
8
CUT
10
157.2825
20
207.3440
0
VERTEX
8
CUT
10
159.8882
20
202.2534
0
VERTEX
8
CUT
10
162.7686
20
197.3494
0
VERTEX
8
CUT
10
165.9562
20
192.6585
0
VERTEX
8
CUT
10
169.4657
20
188.1329
0
VERTEX
8
CUT
10
173.2574
20
183.8214
0
VERTEX
8
CUT
10
175.9524
20
181.0122
0
VERTEX
8
CUT
10
181.6929
20
180.8084
0
VERTEX
8
CUT
10
186.5116
20
179.8263
0
VERTEX
8
CUT
10
188.9658
20
178.9458
0
VERTEX
8
CUT
10
193.9049
20
176.4123
0
VERTEX
8
CUT
10
197.9432
20
173.6091
0
VERTEX
8
CUT
10
197.9650
20
173.5930
0
VERTEX
8
CUT
10
197.9850
20
173.5782
0
VERTEX
8
CUT
10
198.1694
20
173.4415
0
VERTEX
8
CUT
10
199.5605
20
172.4107
0
VERTEX
8
CUT
10
203.1722
20
169.2690
0
VERTEX
8
CUT
10
206.8836
20
165.4337
0
VERTEX
8
CUT
10
207.6539
20
164.4637
0
VERTEX
8
CUT
10
207.9410
20
164.0985
0
VERTEX
8
CUT
10
208.0574
20
163.9505
0
VERTEX
8
CUT
10
208.0817
20
163.9195
0
VERTEX
8
CUT
10
208.5713
20
163.2967
0
VERTEX
8
CUT
10
208.7395
20
163.0152
0
VERTEX
8
CUT
10
208.8593
20
162.7884
0
VERTEX
8
CUT
10
208.9048
20
162.7023
0
VERTEX
8
CUT
10
209.1482
20
162.2418
0
VERTEX
8
CUT
10
209.9198
20
160.7816
0
VERTEX
8
CUT
10
210.7218
20
159.0282
0
VERTEX
8
CUT
10
211.2130
20
156.9622
0
VERTEX
8
CUT
10
211.3626
20
155.4054
0
VERTEX
8
CUT
10
211.3151
20
153.7169
0
VERTEX
8
CUT
10
210.6607
20
151.7547
0
VERTEX
8
CUT
10
210.3707
20
151.1735
0
VERTEX
8
CUT
10
208.7591
20
149.0390
0
VERTEX
8
CUT
10
206.2664
20
147.0081
0
VERTEX
8
CUT
10
204.7134
20
146.0582
0
VERTEX
8
CUT
10
200.6205
20
144.2874
0
VERTEX
8
CUT
10
200.3308
20
144.1124
0
VERTEX
8
CUT
10
200.1933
20
144.0652
0
VERTEX
8
CUT
10
200.1620
20
144.0105
0
VERTEX
8
CUT
10
199.4771
20
143.5968
0
VERTEX
8
CUT
10
199.0403
20
142.6992
0
VERTEX
8
CUT
10
199.9205
20
141.2377
0
VERTEX
8
CUT
10
200.7206
20
140.6021
0
VERTEX
8
CUT
10
202.1463
20
141.3107
0
VERTEX
8
CUT
10
202.9957
20
141.4200
0
VERTEX
8
CUT
10
206.6487
20
140.1271
0
VERTEX
8
CUT
10
208.0719
20
139.9487
0
VERTEX
8
CUT
10
209.3764
20
140.0730
0
VERTEX
8
CUT
10
211.8443
20
140.9804
0
VERTEX
8
CUT
10
213.1272
20
141.1139
0
VERTEX
8
CUT
10
214.4607
20
140.8185
0
VERTEX
8
CUT
10
217.3668
20
139.4539
0
VERTEX
8
CUT
10
217.9852
20
139.4683
0
VERTEX
8
CUT
10
218.8819
20
139.7936
0
VERTEX
8
CUT
10
219.6943
20
139.6900
0
VERTEX
8
CUT
10
220.0417
20
139.3345
0
VERTEX
8
CUT
10
220.1035
20
138.2889
0
VERTEX
8
CUT
10
219.0232
20
136.4292
0
VERTEX
8
CUT
10
218.9970
20
135.9543
0
VERTEX
8
CUT
10
221.8530
20
133.8732
0
VERTEX
8
CUT
10
223.8247
20
131.1721
0
VERTEX
8
CUT
10
224.1945
20
131.2398
0
VERTEX
8
CUT
10
224.7822
20
131.8858
0
VERTEX
8
CUT
10
225.4621
20
132.8745
0
VERTEX
8
CUT
10
225.4586
20
133.2136
0
VERTEX
8
CUT
10
224.2900
20
134.2223
0
VERTEX
8
CUT
10
222.7357
20
134.7224
0
VERTEX
8
CUT
10
221.8210
20
135.2793
0
VERTEX
8
CUT
10
220.9284
20
136.2681
0
VERTEX
8
CUT
10
220.6159
20
137.2266
0
VERTEX
8
CUT
10
220.6071
20
138.1215
0
VERTEX
8
CUT
10
221.9518
20
140.2506
0
VERTEX
8
CUT
10
222.3927
20
142.5424
0
VERTEX
8
CUT
10
222.0360
20
142.7797
0
VERTEX
8
CUT
10
221.2747
20
142.4175
0
VERTEX
8
CUT
10
220.5998
20
142.5814
0
VERTEX
8
CUT
10
219.3333
20
143.3591
0
VERTEX
8
CUT
10
218.0346
20
144.6031
0
VERTEX
8
CUT
10
215.7542
20
148.4558
0
VERTEX
8
CUT
10
213.7859
20
152.2688
0
VERTEX
8
CUT
10
213.1801
20
154.0892
0
VERTEX
8
CUT
10
212.9958
20
155.5398
0
VERTEX
8
CUT
10
212.9644
20
155.9745
0
VERTEX
8
CUT
10
212.9644
20
155.9863
0
VERTEX
8
CUT
10
213.0479
20
157.4097
0
VERTEX
8
CUT
10
213.1055
20
158.3923
0
VERTEX
8
CUT
10
213.1068
20
158.4151
0
VERTEX
8
CUT
10
213.1464
20
159.0903
0
VERTEX
8
CUT
10
213.3249
20
160.1763
0
VERTEX
8
CUT
10
213.4816
20
160.6760
0
VERTEX
8
CUT
10
213.7190
20
161.3929
0
VERTEX
8
CUT
10
214.8668
20
163.8720
0
VERTEX
8
CUT
10
217.2415
20
167.8817
0
VERTEX
8
CUT
10
218.3409
20
169.7141
0
VERTEX
8
CUT
10
218.4317
20
169.8914
0
VERTEX
8
CUT
10
218.7084
20
170.3586
0
VERTEX
8
CUT
10
218.9767
20
170.9551
0
VERTEX
8
CUT
10
219.0984
20
171.1926
0
VERTEX
8
CUT
10
219.0931
20
171.2140
0
VERTEX
8
CUT
10
221.1698
20
175.8313
0
VERTEX
8
CUT
10
221.9100
20
176.8537
0
VERTEX
8
CUT
10
222.5643
20
177.2339
0
VERTEX
8
CUT
10
224.1424
20
177.0391
0
VERTEX
8
CUT
10
225.3100
20
176.5474
0
VERTEX
8
CUT
10
226.0266
20
175.9741
0
VERTEX
8
CUT
10
227.0850
20
174.8726
0
VERTEX
8
CUT
10
227.3803
20
174.5288
0
VERTEX
8
CUT
10
228.8199
20
172.3111
0
VERTEX
8
CUT
10
229.8241
20
170.6646
0
VERTEX
8
CUT
10
229.7653
20
170.3408
0
VERTEX
8
CUT
10
230.1032
20
169.8799
0
VERTEX
8
CUT
10
230.5949
20
169.5419
0
VERTEX
8
CUT
10
232.3155
20
170.2178
0
VERTEX
8
CUT
10
232.4464
20
170.3768
0
VERTEX
8
CUT
10
232.5437
20
170.4136
0
VERTEX
8
CUT
10
238.2471
20
173.6775
0
VERTEX
8
CUT
10
242.7540
20
176.6812
0
VERTEX
8
CUT
10
247.0470
20
179.9307
0
VERTEX
8
CUT
10
251.1240
20
183.3938
0
VERTEX
8
CUT
10
254.9726
20
187.0885
0
VERTEX
8
CUT
10
258.5887
20
191.0119
0
VERTEX
8
CUT
10
261.9615
20
195.0912
0
VERTEX
8
CUT
10
264.2074
20
198.2044
0
VERTEX
8
CUT
10
264.2437
20
198.5987
0
VERTEX
8
CUT
10
263.9534
20
198.8168
0
VERTEX
8
CUT
10
263.6094
20
198.7007
0
VERTEX
8
CUT
10
257.6111
20
191.5002
0
VERTEX
8
CUT
10
253.1657
20
186.7774
0
VERTEX
8
CUT
10
245.3827
20
180.3477
0
VERTEX
8
CUT
10
238.9767
20
175.9736
0
VERTEX
8
CUT
10
235.2003
20
173.8686
0
VERTEX
8
CUT
10
232.6029
20
172.8396
0
VERTEX
8
CUT
10
231.9296
20
172.7788
0
VERTEX
8
CUT
10
230.9536
20
173.1289
0
VERTEX
8
CUT
10
230.1970
20
174.0489
0
VERTEX
8
CUT
10
229.9250
20
174.8766
0
VERTEX
8
CUT
10
229.9658
20
175.8771
0
VERTEX
8
CUT
10
230.8506
20
178.1699
0
VERTEX
8
CUT
10
232.8027
20
181.1099
0
VERTEX
8
CUT
10
239.8653
20
189.4010
0
VERTEX
8
CUT
10
241.1922
20
191.2957
0
VERTEX
8
CUT
10
241.1673
20
191.7237
0
VERTEX
8
CUT
10
240.8389
20
191.8799
0
VERTEX
8
CUT
10
240.1197
20
191.6465
0
VERTEX
8
CUT
10
232.0456
20
187.5774
0
VERTEX
8
CUT
10
230.3927
20
186.9118
0
VERTEX
8
CUT
10
227.5592
20
186.3573
0
VERTEX
8
CUT
10
226.2377
20
186.3871
0
VERTEX
8
CUT
10
225.0288
20
186.6544
0
VERTEX
8
CUT
10
223.9213
20
187.1666
0
VERTEX
8
CUT
10
222.3126
20
188.4698
0
VERTEX
8
CUT
10
221.3053
20
189.8955
0
VERTEX
8
CUT
10
220.2313
20
192.5409
0
VERTEX
8
CUT
10
219.7915
20
192.5452
0
VERTEX
8
CUT
10
219.2052
20
191.7180
0
VERTEX
8
CUT
10
218.4352
20
191.4569
0
VERTEX
8
CUT
10
217.0037
20
192.1572
0
VERTEX
8
CUT
10
215.9330
20
193.0657
0
VERTEX
8
CUT
10
215.0545
20
194.1960
0
VERTEX
8
CUT
10
214.4340
20
195.4339
0
VERTEX
8
CUT
10
214.0427
20
196.8495
0
VERTEX
8
CUT
10
213.8856
20
198.3296
0
VERTEX
8
CUT
10
214.0153
20
199.9238
0
VERTEX
8
CUT
10
214.9685
20
203.0923
0
VERTEX
8
CUT
10
215.6278
20
204.3254
0
VERTEX
8
CUT
10
217.0568
20
206.3799
0
VERTEX
8
CUT
10
218.5808
20
207.8002
0
VERTEX
8
CUT
10
219.2705
20
208.1741
0
VERTEX
8
CUT
10
219.9450
20
208.2813
0
VERTEX
8
CUT
10
220.0824
20
208.2268
0
VERTEX
8
CUT
10
220.1366
20
208.3036
0
VERTEX
8
CUT
10
220.2136
20
208.3926
0
VERTEX
8
CUT
10
220.2989
20
208.4737
0
VERTEX
8
CUT
10
220.3918
20
208.5460
0
VERTEX
8
CUT
10
220.4913
20
208.6089
0
VERTEX
8
CUT
10
220.5964
20
208.6618
0
VERTEX
8
CUT
10
220.7063
20
208.7040
0
VERTEX
8
CUT
10
220.8197
20
208.7354
0
VERTEX
8
CUT
10
220.9357
20
208.7554
0
VERTEX
8
CUT
10
221.0640
20
208.7712
0
VERTEX
8
CUT
10
221.1106
20
208.7746
0
VERTEX
8
CUT
10
220.9205
20
209.1466
0
VERTEX
8
CUT
10
219.4105
20
210.2172
0
VERTEX
8
CUT
10
217.9817
20
210.6941
0
VERTEX
8
CUT
10
216.7108
20
210.6655
0
VERTEX
8
CUT
10
214.7603
20
210.0723
0
VERTEX
8
CUT
10
213.2733
20
209.1678
0
VERTEX
8
CUT
10
211.7691
20
207.9372
0
VERTEX
8
CUT
10
209.2638
20
204.6107
0
VERTEX
8
CUT
10
208.3318
20
203.6427
0
VERTEX
8
CUT
10
207.3919
20
203.0276
0
VERTEX
8
CUT
10
206.4862
20
202.7938
0
VERTEX
8
CUT
10
205.4864
20
203.1130
0
VERTEX
8
CUT
10
204.1669
20
204.4448
0
VERTEX
8
CUT
10
203.2396
20
206.4545
0
VERTEX
8
CUT
10
202.8902
20
208.3333
0
VERTEX
8
CUT
10
202.8863
20
210.3026
0
VERTEX
8
CUT
10
203.2298
20
212.3023
0
VERTEX
8
CUT
10
203.8948
20
214.2897
0
VERTEX
8
CUT
10
204.8300
20
216.2156
0
VERTEX
8
CUT
10
206.0188
20
218.0535
0
VERTEX
8
CUT
10
207.1253
20
219.3178
0
VERTEX
8
CUT
10
208.9329
20
220.8854
0
VERTEX
8
CUT
10
213.9105
20
224.7876
0
VERTEX
8
CUT
10
216.6144
20
227.2457
0
VERTEX
8
CUT
10
218.2736
20
229.5502
0
VERTEX
8
CUT
10
219.6563
20
232.1926
0
VERTEX
8
CUT
10
220.3938
20
234.3742
0
VERTEX
8
CUT
10
220.3938
20
235.0194
0
VERTEX
8
CUT
10
220.2955
20
235.1177
0
VERTEX
8
CUT
10
220.4244
20
235.7412
0
VERTEX
8
CUT
10
220.3389
20
236.3361
0
VERTEX
8
CUT
10
220.0492
20
236.5616
0
VERTEX
8
CUT
10
219.5089
20
236.3177
0
VERTEX
8
CUT
10
218.9721
20
235.6690
0
VERTEX
8
CUT
10
217.1565
20
231.6440
0
VERTEX
8
CUT
10
215.3632
20
229.2634
0
VERTEX
8
CUT
10
207.6143
20
222.7403
0
VERTEX
8
CUT
10
204.7143
20
219.5067
0
VERTEX
8
CUT
10
203.0239
20
216.0400
0
VERTEX
8
CUT
10
201.6304
20
210.9745
0
VERTEX
8
CUT
10
200.1148
20
209.6234
0
VERTEX
8
CUT
10
198.2309
20
208.7092
0
VERTEX
8
CUT
10
197.4157
20
208.6333
0
VERTEX
8
CUT
10
195.6271
20
209.2671
0
VERTEX
8
CUT
10
194.8437
20
209.8522
0
VERTEX
8
CUT
10
194.2221
20
210.6348
0
VERTEX
8
CUT
10
193.5538
20
212.4649
0
VERTEX
8
CUT
10
193.5142
20
213.5843
0
VERTEX
8
CUT
10
193.9473
20
216.0700
0
VERTEX
8
CUT
10
194.9408
20
218.8534
0
VERTEX
8
CUT
10
194.8496
20
219.1694
0
VERTEX
8
CUT
10
194.5492
20
219.3029
0
VERTEX
8
CUT
10
192.5560
20
218.2990
0
VERTEX
8
CUT
10
189.8147
20
216.3406
0
VERTEX
8
CUT
10
183.2729
20
210.1073
0
VERTEX
8
CUT
10
182.0179
20
209.1441
0
VERTEX
8
CUT
10
180.9994
20
208.5589
0
VERTEX
8
CUT
10
179.9950
20
208.2943
0
VERTEX
8
CUT
10
179.1261
20
208.3766
0
VERTEX
8
CUT
10
177.5643
20
209.3138
0
VERTEX
8
CUT
10
176.4684
20
210.7499
0
VERTEX
8
CUT
10
175.8795
20
212.4968
0
VERTEX
8
CUT
10
175.7566
20
214.6210
0
VERTEX
8
CUT
10
176.0350
20
216.8712
0
VERTEX
8
CUT
10
176.7306
20
219.2940
0
VERTEX
8
CUT
10
177.8167
20
221.7084
0
VERTEX
8
CUT
10
179.1429
20
223.9465
0
VERTEX
8
CUT
10
179.3343
20
224.2017
0
VERTEX
8
CUT
10
181.5680
20
226.8223
0
VERTEX
8
CUT
10
182.6002
20
227.8157
0
VERTEX
8
CUT
10
182.6118
20
227.8269
0
VERTEX
8
CUT
10
182.6119
20
227.8270
0
VERTEX
8
CUT
10
183.2855
20
228.4120
0
VERTEX
8
CUT
10
186.1340
20
230.3490
0
VERTEX
8
CUT
10
193.3854
20
233.9133
0
VERTEX
8
CUT
10
196.1200
20
235.6032
0
VERTEX
8
CUT
10
197.2569
20
236.4636
0
VERTEX
8
CUT
10
199.0083
20
238.2150
0
VERTEX
8
CUT
10
199.9608
20
239.6898
0
VERTEX
8
CUT
10
200.0165
20
239.8754
0
VERTEX
8
CUT
10
200.3442
20
240.3418
0
VERTEX
8
CUT
10
201.0584
20
242.1080
0
VERTEX
8
CUT
10
200.9074
20
242.7787
0
VERTEX
8
CUT
10
200.1707
20
243.1186
0
VERTEX
8
CUT
10
198.1678
20
244.6631
0
VERTEX
8
CUT
10
196.0085
20
244.3362
0
VERTEX
8
CUT
10
195.3568
20
244.5871
0
VERTEX
8
CUT
10
194.8361
20
245.0475
0
VERTEX
8
CUT
10
194.4135
20
245.6825
0
VERTEX
8
CUT
10
193.9502
20
247.4415
0
VERTEX
8
CUT
10
193.8184
20
250.2925
0
VERTEX
8
CUT
10
193.2480
20
253.4439
0
VERTEX
8
CUT
10
192.1614
20
256.3527
0
VERTEX
8
CUT
10
190.6264
20
258.7696
0
VERTEX
8
CUT
10
189.6823
20
259.7799
0
VERTEX
8
CUT
10
188.2447
20
260.9487
0
VERTEX
8
CUT
10
187.4094
20
261.1665
0
VERTEX
8
CUT
10
185.3142
20
260.9148
0
VERTEX
8
CUT
10
184.3250
20
259.7787
0
VERTEX
8
CUT
10
184.0117
20
258.8265
0
VERTEX
8
CUT
10
183.9749
20
258.8226
0
VERTEX
8
CUT
10
183.6706
20
257.9106
0
VERTEX
8
CUT
10
183.6265
20
257.6560
0
VERTEX
8
CUT
10
183.5405
20
257.3947
0
VERTEX
8
CUT
10
182.4062
20
251.5984
0
VERTEX
8
CUT
10
181.4695
20
248.6963
0
VERTEX
8
CUT
10
180.1758
20
246.0473
0
VERTEX
8
CUT
10
179.0584
20
244.3072
0
VERTEX
8
CUT
10
178.8902
20
244.0817
0
VERTEX
8
CUT
10
176.8796
20
241.7951
0
VERTEX
8
CUT
10
176.5811
20
241.5187
0
VERTEX
8
CUT
10
176.1074
20
241.6781
0
VERTEX
8
CUT
10
175.0324
20
242.6994
0
VERTEX
8
CUT
10
174.4964
20
242.9592
0
VERTEX
8
CUT
10
172.9330
20
242.9538
0
VERTEX
8
CUT
10
171.0621
20
242.2570
0
VERTEX
8
CUT
10
166.8719
20
239.5030
0
VERTEX
8
CUT
10
163.1966
20
237.8352
0
VERTEX
8
CUT
10
161.1139
20
237.6979
0
VERTEX
8
CUT
10
159.3712
20
238.3534
0
VERTEX
8
CUT
10
158.5674
20
239.2145
0
VERTEX
8
CUT
10
158.1828
20
239.9847
0
VERTEX
8
CUT
10
157.9939
20
240.7374
0
VERTEX
8
CUT
10
158.0869
20
242.5041
0
VERTEX
8
CUT
10
158.7827
20
244.7886
0
VERTEX
8
CUT
10
161.8876
20
251.2980
0
VERTEX
8
CUT
10
161.7151
20
251.7602
0
VERTEX
8
CUT
10
161.2547
20
251.7097
0
VERTEX
8
CUT
10
158.6505
20
248.4435
0
VERTEX
8
CUT
10
155.4217
20
245.5532
0
VERTEX
8
CUT
10
150.2231
20
241.3688
0
VERTEX
8
CUT
10
147.8399
20
239.0752
0
VERTEX
8
CUT
10
146.0782
20
236.8854
0
VERTEX
8
CUT
10
143.4565
20
232.0008
0
VERTEX
8
CUT
10
143.4350
20
226.8047
0
VERTEX
8
CUT
10
143.3578
20
226.6899
0
VERTEX
8
CUT
10
143.4309
20
225.8218
0
VERTEX
8
CUT
10
143.4193
20
223.0070
0
VERTEX
8
CUT
10
143.1907
20
220.9339
0
VERTEX
8
CUT
10
142.7396
20
220.0018
0
VERTEX
8
CUT
10
142.3106
20
219.7306
0
VERTEX
8
CUT
10
141.5954
20
219.7377
0
VERTEX
8
CUT
10
140.6804
20
220.2002
0
VERTEX
8
CUT
10
138.7541
20
222.1559
0
VERTEX
8
CUT
10
137.6905
20
223.8997
0
VERTEX
8
CUT
10
136.0378
20
228.2484
0
VERTEX
8
CUT
10
135.1337
20
233.2388
0
VERTEX
8
CUT
10
135.0462
20
235.5720
0
VERTEX
8
CUT
10
135.5894
20
240.0893
0
VERTEX
8
CUT
10
136.0196
20
241.9943
0
VERTEX
8
CUT
10
137.2793
20
245.4971
0
VERTEX
8
CUT
10
138.0782
20
247.1256
0
VERTEX
8
CUT
10
140.1676
20
250.4133
0
VERTEX
8
CUT
10
147.2961
20
258.7708
0
VERTEX
8
CUT
10
149.3855
20
261.8434
0
VERTEX
8
CUT
10
150.5531
20
264.3015
0
VERTEX
8
CUT
10
151.3520
20
266.6367
0
VERTEX
8
CUT
10
151.6285
20
268.3881
0
VERTEX
8
CUT
10
151.5679
20
268.8729
0
VERTEX
8
CUT
10
151.6653
20
271.4538
0
VERTEX
8
CUT
10
151.0516
20
274.6443
0
VERTEX
8
CUT
10
149.7439
20
277.5806
0
VERTEX
8
CUT
10
147.8231
20
280.1303
0
VERTEX
8
CUT
10
146.2090
20
281.8407
0
VERTEX
8
CUT
10
146.2277
20
282.1184
0
VERTEX
8
CUT
10
148.0805
20
282.0719
0
VERTEX
8
CUT
10
150.0130
20
281.3211
0
VERTEX
8
CUT
10
152.2547
20
280.0619
0
VERTEX
8
CUT
10
155.4425
20
277.6811
0
VERTEX
8
CUT
10
157.5422
20
275.5013
0
VERTEX
8
CUT
10
159.4431
20
273.1234
0
VERTEX
8
CUT
10
159.9303
20
272.4885
0
VERTEX
8
CUT
10
161.5972
20
269.6879
0
VERTEX
8
CUT
10
162.8025
20
266.8669
0
VERTEX
8
CUT
10
163.5348
20
264.0599
0
VERTEX
8
CUT
10
163.8693
20
261.3227
0
VERTEX
8
CUT
10
164.0483
20
261.0400
0
VERTEX
8
CUT
10
164.4505
20
261.0321
0
VERTEX
8
CUT
10
164.6447
20
261.3457
0
VERTEX
8
CUT
10
164.6626
20
263.1638
0
VERTEX
8
CUT
10
164.3909
20
265.2920
0
VERTEX
8
CUT
10
163.4190
20
268.6113
0
VERTEX
8
CUT
10
161.2860
20
273.5685
0
VERTEX
8
CUT
10
161.1751
20
274.3670
0
VERTEX
8
CUT
10
161.7706
20
274.7098
0
VERTEX
8
CUT
10
163.6956
20
274.2758
0
VERTEX
8
CUT
10
165.1888
20
273.4976
0
VERTEX
8
CUT
10
167.8411
20
271.1536
0
VERTEX
8
CUT
10
169.5200
20
269.0740
0
VERTEX
8
CUT
10
170.2564
20
267.9197
0
VERTEX
8
CUT
10
171.4536
20
265.3098
0
VERTEX
8
CUT
10
173.6024
20
258.4368
0
VERTEX
8
CUT
10
174.2814
20
257.2243
0
VERTEX
8
CUT
10
175.4152
20
256.6862
0
VERTEX
8
CUT
10
175.7965
20
256.7369
0
VERTEX
8
CUT
10
175.8390
20
256.7341
0
VERTEX
8
CUT
10
175.8683
20
256.7464
0
VERTEX
8
CUT
10
175.9680
20
256.7597
0
VERTEX
8
CUT
10
176.1253
20
256.8550
0
VERTEX
8
CUT
10
176.4770
20
257.0036
0
VERTEX
8
CUT
10
176.6359
20
257.1643
0
VERTEX
8
CUT
10
177.0143
20
257.3935
0
VERTEX
8
CUT
10
177.3818
20
257.9188
0
VERTEX
8
CUT
10
177.4894
20
258.0277
0
VERTEX
8
CUT
10
177.4877
20
258.0703
0
VERTEX
8
CUT
10
178.0073
20
258.8131
0
VERTEX
8
CUT
10
178.6543
20
260.7007
0
VERTEX
8
CUT
10
178.4880
20
261.0683
0
VERTEX
8
CUT
10
178.0851
20
261.0913
0
VERTEX
8
CUT
10
176.7591
20
259.6686
0
VERTEX
8
CUT
10
176.0865
20
259.3320
0
VERTEX
8
CUT
10
175.1954
20
259.6577
0
VERTEX
8
CUT
10
174.7335
20
260.0739
0
VERTEX
8
CUT
10
173.5370
20
262.0184
0
VERTEX
8
CUT
10
171.3535
20
267.8888
0
VERTEX
8
CUT
10
170.1393
20
270.0783
0
VERTEX
8
CUT
10
168.0199
20
272.7773
0
VERTEX
8
CUT
10
165.4920
20
274.9500
0
VERTEX
8
CUT
10
164.0467
20
275.6382
0
VERTEX
8
CUT
10
163.2520
20
275.8018
0
VERTEX
8
CUT
10
159.5533
20
275.6680
0
VERTEX
8
CUT
10
154.2873
20
280.3961
0
VERTEX
8
CUT
10
150.8104
20
282.6338
0
VERTEX
8
CUT
10
148.5350
20
283.5872
0
VERTEX
8
CUT
10
146.9864
20
284.0098
0
VERTEX
8
CUT
10
145.7484
20
284.0678
0
VERTEX
8
CUT
10
144.7216
20
283.7351
0
VERTEX
8
CUT
10
143.5907
20
283.0570
0
VERTEX
8
CUT
10
143.0653
20
282.1255
0
VERTEX
8
CUT
10
142.9910
20
281.4147
0
VERTEX
8
CUT
10
143.2550
20
279.6444
0
VERTEX
8
CUT
10
144.0336
20
277.0672
0
VERTEX
8
CUT
10
144.0908
20
276.1214
0
VERTEX
8
CUT
10
143.7951
20
275.4685
0
VERTEX
8
CUT
10
138.8095
20
273.1900
0
VERTEX
8
CUT
10
136.6498
20
271.7324
0
VERTEX
8
CUT
10
135.3334
20
270.6130
0
VERTEX
8
CUT
10
134.9218
20
270.2822
0
VERTEX
8
CUT
10
134.7658
20
270.1304
0
VERTEX
8
CUT
10
133.9731
20
269.4563
0
VERTEX
8
CUT
10
126.8081
20
262.6922
0
VERTEX
8
CUT
10
124.1999
20
260.6362
0
VERTEX
8
CUT
10
123.2610
20
260.0747
0
VERTEX
8
CUT
10
121.4816
20
259.4086
0
VERTEX
8
CUT
10
119.8745
20
259.0834
0
VERTEX
8
CUT
10
119.0243
20
259.0868
0
VERTEX
8
CUT
10
118.9123
20
259.0972
0
VERTEX
8
CUT
10
118.8459
20
259.1033
0
VERTEX
8
CUT
10
118.8223
20
259.1055
0
VERTEX
8
CUT
10
118.7317
20
259.1138
0
VERTEX
8
CUT
10
117.2310
20
259.5067
0
VERTEX
8
CUT
10
116.7311
20
259.8202
0
VERTEX
8
CUT
10
116.4005
20
260.0602
0
VERTEX
8
CUT
10
115.5125
20
261.4967
0
VERTEX
8
CUT
10
115.0908
20
264.9772
0
VERTEX
8
CUT
10
114.7378
20
266.0999
0
VERTEX
8
CUT
10
114.1238
20
266.9920
0
VERTEX
8
CUT
10
113.3553
20
267.5760
0
VERTEX
8
CUT
10
112.4625
20
267.8401
0
VERTEX
8
CUT
10
111.3774
20
267.8695
0
VERTEX
8
CUT
10
109.9923
20
267.6008
0
VERTEX
8
CUT
10
108.5411
20
267.0397
0
VERTEX
8
CUT
10
107.9969
20
266.6900
0
VERTEX
8
CUT
10
107.8940
20
266.6431
0
VERTEX
8
CUT
10
107.2128
20
266.1863
0
VERTEX
8
CUT
10
105.7219
20
265.2285
0
VERTEX
8
CUT
10
105.3128
20
264.8103
0
VERTEX
8
CUT
10
104.6499
20
264.2206
0
VERTEX
8
CUT
10
103.7944
20
263.2579
0
VERTEX
8
CUT
10
103.0176
20
262.4638
0
VERTEX
8
CUT
10
102.7704
20
262.1057
0
VERTEX
8
CUT
10
102.4900
20
261.7903
0
VERTEX
8
CUT
10
101.7565
20
260.6371
0
VERTEX
8
CUT
10
100.4273
20
258.7119
0
VERTEX
8
CUT
10
96.4978
20
251.1601
0
VERTEX
8
CUT
10
94.6668
20
248.5482
0
VERTEX
8
CUT
10
94.5834
20
248.4478
0
VERTEX
8
CUT
10
93.3039
20
247.3642
0
VERTEX
8
CUT
10
92.0328
20
246.7455
0
VERTEX
8
CUT
10
91.2697
20
246.5610
0
VERTEX
8
CUT
10
90.9266
20
246.4948
0
VERTEX
8
CUT
10
89.6261
20
246.7687
0
VERTEX
8
CUT
10
88.1713
20
248.0892
0
VERTEX
8
CUT
10
87.8921
20
248.6914
0
VERTEX
8
CUT
10
87.8805
20
248.7165
0
VERTEX
8
CUT
10
87.8800
20
248.7174
0
VERTEX
8
CUT
10
87.8153
20
248.9340
0
VERTEX
8
CUT
10
87.6413
20
252.8888
0
VERTEX
8
CUT
10
87.2290
20
253.9575
0
VERTEX
8
CUT
10
87.0945
20
254.1039
0
VERTEX
8
CUT
10
86.9960
20
254.3066
0
VERTEX
8
CUT
10
86.6449
20
254.5929
0
VERTEX
8
CUT
10
86.5320
20
254.7158
0
VERTEX
8
CUT
10
86.3724
20
254.8152
0
VERTEX
8
CUT
10
86.1774
20
254.9742
0
VERTEX
8
CUT
10
85.9017
20
255.1084
0
VERTEX
8
CUT
10
85.5405
20
255.3334
0
VERTEX
8
CUT
10
84.0673
20
255.6090
0
VERTEX
8
CUT
10
82.8301
20
255.4251
0
VERTEX
8
CUT
10
82.2112
20
255.1846
0
VERTEX
8
CUT
10
81.9424
20
255.1208
0
VERTEX
8
CUT
10
81.7339
20
254.9992
0
VERTEX
8
CUT
10
81.5293
20
254.9196
0
VERTEX
8
CUT
10
79.4989
20
253.6952
0
VERTEX
8
CUT
10
78.2411
20
252.5912
0
VERTEX
8
CUT
10
76.4544
20
250.3776
0
VERTEX
8
CUT
10
74.6230
20
247.4747
0
VERTEX
8
CUT
10
72.6138
20
242.5358
0
VERTEX
8
CUT
10
72.1750
20
240.7226
0
VERTEX
8
CUT
10
72.0404
20
240.2969
0
VERTEX
8
CUT
10
71.8068
20
239.2013
0
VERTEX
8
CUT
10
71.2980
20
237.0989
0
VERTEX
8
CUT
10
71.2180
20
236.9859
0
VERTEX
8
CUT
10
70.9502
20
235.6618
0
VERTEX
8
CUT
10
69.6307
20
230.2098
0
VERTEX
8
CUT
10
68.7229
20
228.0882
0
VERTEX
8
CUT
10
67.5196
20
226.7301
0
VERTEX
8
CUT
10
66.2649
20
225.9487
0
VERTEX
8
CUT
10
64.7343
20
225.5670
0
VERTEX
8
CUT
10
64.7279
20
225.5658
0
VERTEX
8
CUT
10
64.7253
20
225.5654
0
VERTEX
8
CUT
10
64.7226
20
225.5649
0
VERTEX
8
CUT
10
64.7099
20
225.5626
0
VERTEX
8
CUT
10
63.2822
20
225.9416
0
VERTEX
8
CUT
10
62.1880
20
226.6995
0
VERTEX
8
CUT
10
61.2633
20
227.6659
0
VERTEX
8
CUT
10
60.6068
20
228.8276
0
VERTEX
8
CUT
10
59.1839
20
233.3857
0
VERTEX
8
CUT
10
58.7353
20
234.0131
0
VERTEX
8
CUT
10
58.4172
20
234.6068
0
VERTEX
8
CUT
10
57.8919
20
235.1356
0
VERTEX
8
CUT
10
57.6177
20
235.2531
0
VERTEX
8
CUT
10
57.3669
20
235.4378
0
VERTEX
8
CUT
10
56.8940
20
235.5631
0
VERTEX
8
CUT
10
56.8071
20
235.6003
0
VERTEX
8
CUT
10
56.7294
20
235.6067
0
VERTEX
8
CUT
10
55.9366
20
235.8167
0
VERTEX
8
CUT
10
55.0033
20
235.6867
0
VERTEX
8
CUT
10
53.8514
20
235.1269
0
VERTEX
8
CUT
10
53.6001
20
234.8864
0
VERTEX
8
CUT
10
53.5182
20
234.8455
0
VERTEX
8
CUT
10
52.3727
20
233.7885
0
VERTEX
8
CUT
10
52.1828
20
233.5304
0
VERTEX
8
CUT
10
52.0720
20
233.4243
0
VERTEX
8
CUT
10
51.5700
20
232.6976
0
VERTEX
8
CUT
10
51.2632
20
232.2806
0
VERTEX
8
CUT
10
51.2343
20
232.2114
0
VERTEX
8
CUT
10
51.0469
20
231.9401
0
VERTEX
8
CUT
10
50.1261
20
229.7780
0
VERTEX
8
CUT
10
50.1091
20
229.7653
0
VERTEX
8
CUT
10
50.0891
20
229.6911
0
VERTEX
8
CUT
10
50.0572
20
229.6163
0
VERTEX
8
CUT
10
49.8212
20
228.6983
0
VERTEX
8
CUT
10
49.5867
20
227.8295
0
VERTEX
8
CUT
10
49.4024
20
224.7569
0
VERTEX
8
CUT
10
49.4082
20
224.6291
0
VERTEX
8
CUT
10
49.3974
20
224.4693
0
VERTEX
8
CUT
10
49.4287
20
224.1829
0
VERTEX
8
CUT
10
49.5560
20
221.4077
0
VERTEX
8
CUT
10
50.0476
20
218.8267
0
VERTEX
8
CUT
10
51.7452
20
212.6644
0
VERTEX
8
CUT
10
52.3198
20
210.3502
0
VERTEX
8
CUT
10
52.3261
20
210.2792
0
VERTEX
8
CUT
10
52.3316
20
210.2158
0
VERTEX
8
CUT
10
52.3475
20
210.0334
0
VERTEX
8
CUT
10
52.4729
20
208.5992
0
VERTEX
8
CUT
10
52.5660
20
206.6192
0
VERTEX
8
CUT
10
52.4423
20
205.4546
0
VERTEX
8
CUT
10
52.0919
20
204.0782
0
VERTEX
8
CUT
10
51.3924
20
202.9208
0
VERTEX
8
CUT
10
50.4570
20
201.9895
0
VERTEX
8
CUT
10
49.5786
20
201.5098
0
VERTEX
8
CUT
10
48.7779
20
201.6217
0
VERTEX
8
CUT
10
48.2583
20
202.6090
0
VERTEX
8
CUT
10
47.5563
20
205.3891
0
VERTEX
8
CUT
10
46.7282
20
206.9103
0
VERTEX
8
CUT
10
45.6625
20
207.9543
0
VERTEX
8
CUT
10
44.4923
20
208.3156
0
VERTEX
8
CUT
10
43.2001
20
208.0045
0
VERTEX
8
CUT
10
42.0760
20
207.0244
0
VERTEX
8
CUT
10
41.2355
20
205.3681
0
VERTEX
8
CUT
10
40.6670
20
203.0766
0
VERTEX
8
CUT
10
40.5484
20
199.3081
0
VERTEX
8
CUT
10
40.9179
20
197.3781
0
VERTEX
8
CUT
10
41.5573
20
195.4074
0
VERTEX
8
CUT
10
42.0872
20
194.3786
0
VERTEX
8
CUT
10
42.2852
20
193.8630
0
VERTEX
8
CUT
10
42.9167
20
192.7682
0
VERTEX
8
CUT
10
43.7510
20
191.1486
0
VERTEX
8
CUT
10
44.2338
20
190.4852
0
VERTEX
8
CUT
10
44.3606
20
190.2654
0
VERTEX
8
CUT
10
45.7835
20
188.3558
0
VERTEX
8
CUT
10
49.7253
20
182.9395
0
VERTEX
8
CUT
10
51.3924
20
180.2548
0
VERTEX
8
CUT
10
52.3317
20
178.0393
0
VERTEX
8
CUT
10
52.6532
20
176.0653
0
VERTEX
8
CUT
10
52.4910
20
174.7954
0
VERTEX
8
CUT
10
52.0572
20
173.7149
0
VERTEX
8
CUT
10
51.4246
20
172.9635
0
VERTEX
8
CUT
10
50.4160
20
172.7141
0
VERTEX
8
CUT
10
49.1409
20
173.7168
0
VERTEX
8
CUT
10
44.8103
20
177.9833
0
VERTEX
8
CUT
10
43.1248
20
178.7670
0
VERTEX
8
CUT
10
41.4637
20
178.6146
0
VERTEX
8
CUT
10
40.5345
20
177.9912
0
VERTEX
8
CUT
10
39.9401
20
177.1392
0
VERTEX
8
CUT
10
39.5643
20
175.9530
0
VERTEX
8
CUT
10
39.4445
20
174.5222
0
VERTEX
8
CUT
10
39.6199
20
172.8977
0
VERTEX
8
CUT
10
40.1178
20
171.0288
0
VERTEX
8
CUT
10
41.8475
20
167.5186
0
VERTEX
8
CUT
10
44.2922
20
164.3500
0
VERTEX
8
CUT
10
45.8475
20
162.7927
0
VERTEX
8
CUT
10
49.5663
20
159.7807
0
VERTEX
8
CUT
10
57.1388
20
154.9679
0
VERTEX
8
CUT
10
58.8181
20
153.2348
0
VERTEX
8
CUT
10
59.0145
20
152.7088
0
VERTEX
8
CUT
10
58.9487
20
151.8628
0
VERTEX
8
CUT
10
58.2831
20
151.1823
0
VERTEX
8
CUT
10
56.6619
20
150.9272
0
VERTEX
8
CUT
10
53.0834
20
151.3622
0
VERTEX
8
CUT
10
52.2739
20
151.0596
0
VERTEX
8
CUT
10
51.1065
20
150.1747
0
VERTEX
8
CUT
10
50.5907
20
148.8375
0
VERTEX
8
CUT
10
50.5619
20
146.6670
0
VERTEX
8
CUT
10
50.9610
20
144.9161
0
VERTEX
8
CUT
10
51.7430
20
143.2734
0
VERTEX
8
CUT
10
52.7418
20
141.9378
0
VERTEX
8
CUT
10
52.7823
20
141.7961
0
VERTEX
8
CUT
10
53.3661
20
140.9050
0
VERTEX
8
CUT
10
54.0728
20
140.1676
0
VERTEX
8
CUT
10
56.0700
20
138.7235
0
VERTEX
8
CUT
10
59.9722
20
136.8799
0
VERTEX
8
CUT
10
64.4582
20
135.3743
0
VERTEX
8
CUT
10
64.5583
20
135.3118
0
VERTEX
8
CUT
10
65.7796
20
134.4303
0
VERTEX
8
CUT
10
65.9673
20
134.2474
0
VERTEX
8
CUT
10
66.7500
20
132.7241
0
VERTEX
8
CUT
10
66.7554
20
131.8484
0
VERTEX
8
CUT
10
66.4727
20
131.0141
0
VERTEX
8
CUT
10
65.8676
20
130.3466
0
VERTEX
8
CUT
10
64.4234
20
129.5495
0
VERTEX
8
CUT
10
60.6722
20
128.5443
0
VERTEX
8
CUT
10
59.6124
20
128.0773
0
VERTEX
8
CUT
10
58.7471
20
127.2438
0
VERTEX
8
CUT
10
58.5561
20
126.4269
0
VERTEX
8
CUT
10
58.7524
20
125.5346
0
VERTEX
8
CUT
10
59.3884
20
124.4826
0
VERTEX
8
CUT
10
60.1420
20
123.7941
0
VERTEX
8
CUT
10
60.4043
20
123.5026
0
VERTEX
8
CUT
10
61.5707
20
122.4890
0
VERTEX
8
CUT
10
62.2718
20
121.8485
0
VERTEX
8
CUT
10
62.9445
20
121.0511
0
VERTEX
8
CUT
10
63.2684
20
120.5923
0
VERTEX
8
CUT
10
63.7573
20
119.7606
0
VERTEX
8
CUT
10
64.1705
20
118.5521
0
VERTEX
8
CUT
10
64.2642
20
115.6657
0
VERTEX
8
CUT
10
62.8564
20
108.4792
0
VERTEX
8
CUT
10
62.7620
20
105.6433
0
VERTEX
8
CUT
10
63.2561
20
103.3409
0
VERTEX
8
CUT
10
63.7076
20
102.4233
0
VERTEX
8
CUT
10
64.7620
20
101.2103
0
VERTEX
8
CUT
10
65.0638
20
101.2061
0
VERTEX
8
CUT
10
65.2909
20
101.4553
0
VERTEX
8
CUT
10
67.2350
20
109.5529
0
VERTEX
8
CUT
10
68.9901
20
115.1889
0
VERTEX
8
CUT
10
71.6186
20
121.7148
0
VERTEX
8
CUT
10
72.9676
20
124.3621
0
VERTEX
8
CUT
10
74.8539
20
127.1033
0
VERTEX
8
CUT
10
76.8743
20
129.1294
0
VERTEX
8
CUT
10
78.5022
20
130.0436
0
VERTEX
8
CUT
10
78.7407
20
130.1253
0
SEQEND
0
POLYLINE
8
CUT
66
1
70
1
10
0.0
20
0.0
30
0.0
0
VERTEX
8
CUT
10
257.3006
20
107.9849
0
VERTEX
8
CUT
10
257.5173
20
108.6841
0
VERTEX
8
CUT
10
257.5370
20
108.8972
0
VERTEX
8
CUT
10
257.6821
20
109.4574
0
VERTEX
8
CUT
10
257.5557
20
111.2634
0
VERTEX
8
CUT
10
256.8348
20
112.9695
0
VERTEX
8
CUT
10
255.7784
20
114.2802
0
VERTEX
8
CUT
10
254.3897
20
115.2720
0
VERTEX
8
CUT
10
252.6700
20
115.8608
0
VERTEX
8
CUT
10
250.8660
20
115.8960
0
VERTEX
8
CUT
10
248.9564
20
115.2787
0
VERTEX
8
CUT
10
248.4091
20
114.8960
0
VERTEX
8
CUT
10
248.3471
20
114.8635
0
VERTEX
8
CUT
10
248.3017
20
114.8209
0
VERTEX
8
CUT
10
247.4473
20
114.2235
0
VERTEX
8
CUT
10
246.8329
20
113.5528
0
VERTEX
8
CUT
10
246.3464
20
112.7855
0
VERTEX
8
CUT
10
245.7745
20
111.1563
0
VERTEX
8
CUT
10
245.7379
20
110.0424
0
VERTEX
8
CUT
10
245.7095
20
109.8781
0
VERTEX
8
CUT
10
245.7296
20
109.7880
0
VERTEX
8
CUT
10
245.7109
20
109.2206
0
VERTEX
8
CUT
10
246.2841
20
107.2660
0
VERTEX
8
CUT
10
246.9949
20
106.1783
0
VERTEX
8
CUT
10
247.9472
20
105.2555
0
VERTEX
8
CUT
10
248.5897
20
104.9119
0
VERTEX
8
CUT
10
249.3338
20
104.3794
0
VERTEX
8
CUT
10
249.7451
20
104.2942
0
VERTEX
8
CUT
10
249.8968
20
104.2131
0
VERTEX
8
CUT
10
250.4540
20
104.1473
0
VERTEX
8
CUT
10
251.1767
20
103.9975
0
VERTEX
8
CUT
10
251.5099
20
104.0127
0
VERTEX
8
CUT
10
251.7456
20
103.9727
0
VERTEX
8
CUT
10
251.8072
20
103.9874
0
VERTEX
8
CUT
10
252.2417
20
103.9360
0
VERTEX
8
CUT
10
253.4904
20
104.2714
0
VERTEX
8
CUT
10
253.9007
20
104.3639
0
VERTEX
8
CUT
10
253.9583
20
104.3971
0
VERTEX
8
CUT
10
254.4852
20
104.5387
0
VERTEX
8
CUT
10
255.4152
20
105.0847
0
VERTEX
8
CUT
10
256.3492
20
106.0504
0
VERTEX
8
CUT
10
256.6185
20
106.5518
0
VERTEX
8
CUT
10
257.1311
20
107.4376
0
VERTEX
8
CUT
10
257.1814
20
107.6001
0
VERTEX
8
CUT
10
257.2191
20
107.6704
0
SEQEND
0
POLYLINE
8
CUT
66
1
70
1
10
0.0
20
0.0
30
0.0
0
VERTEX
8
CUT
10
254.4233
20
222.3784
0
VERTEX
8
CUT
10
254.4232
20
222.3786
0
VERTEX
8
CUT
10
254.4227
20
222.3836
0
VERTEX
8
CUT
10
254.1000
20
223.1764
0
VERTEX
8
CUT
10
253.9472
20
223.3447
0
VERTEX
8
CUT
10
253.7083
20
223.8296
0
VERTEX
8
CUT
10
252.6308
20
224.8558
0
VERTEX
8
CUT
10
251.4130
20
225.4349
0
VERTEX
8
CUT
10
250.0712
20
225.6425
0
VERTEX
8
CUT
10
248.6146
20
225.4349
0
VERTEX
8
CUT
10
247.3599
20
224.8356
0
VERTEX
8
CUT
10
246.3343
20
223.8513
0
VERTEX
8
CUT
10
246.1236
20
223.4281
0
VERTEX
8
CUT
10
246.0440
20
223.3428
0
VERTEX
8
CUT
10
245.6831
20
222.6499
0
VERTEX
8
CUT
10
245.6743
20
222.5259
0
VERTEX
8
CUT
10
245.6297
20
222.4362
0
VERTEX
8
CUT
10
245.4029
20
221.1664
0
VERTEX
8
CUT
10
245.5273
20
220.4384
0
VERTEX
8
CUT
10
245.5207
20
220.3444
0
VERTEX
8
CUT
10
245.5790
20
220.1358
0
VERTEX
8
CUT
10
245.7484
20
219.1448
0
VERTEX
8
CUT
10
245.9478
20
218.8173
0
VERTEX
8
CUT
10
245.9597
20
218.7748
0
VERTEX
8
CUT
10
246.0039
20
218.7251
0
VERTEX
8
CUT
10
246.3103
20
218.2217
0
VERTEX
8
CUT
10
247.0056
20
217.5226
0
VERTEX
8
CUT
10
247.5465
20
217.1948
0
VERTEX
8
CUT
10
247.5522
20
217.1891
0
VERTEX
8
CUT
10
247.5652
20
217.1834
0
VERTEX
8
CUT
10
247.9844
20
216.9294
0
VERTEX
8
CUT
10
248.2736
20
216.8260
0
VERTEX
8
CUT
10
248.7265
20
216.5720
0
VERTEX
8
CUT
10
249.0163
20
216.5541
0
VERTEX
8
CUT
10
249.1044
20
216.5159
0
VERTEX
8
CUT
10
250.2223
20
216.4247
0
VERTEX
8
CUT
10
250.2494
20
216.4296
0
VERTEX
8
CUT
10
250.2819
20
216.4265
0
VERTEX
8
CUT
10
250.5650
20
216.4589
0
VERTEX
8
CUT
10
250.6749
20
216.4521
0
VERTEX
8
CUT
10
250.7644
20
216.4817
0
VERTEX
8
CUT
10
251.8161
20
216.6023
0
VERTEX
8
CUT
10
252.4680
20
217.1945
0
VERTEX
8
CUT
10
252.5989
20
217.2509
0
VERTEX
8
CUT
10
252.7738
20
217.4342
0
VERTEX
8
CUT
10
253.4160
20
217.9199
0
VERTEX
8
CUT
10
253.7857
20
218.4951
0
VERTEX
8
CUT
10
253.8241
20
218.5354
0
VERTEX
8
CUT
10
253.8363
20
218.5739
0
VERTEX
8
CUT
10
253.9642
20
218.7728
0
VERTEX
8
CUT
10
254.3387
20
219.3469
0
VERTEX
8
CUT
10
254.6589
20
220.5145
0
SEQEND
0
POLYLINE
8
CUT
66
1
70
1
10
0.0
20
0.0
30
0.0
0
VERTEX
8
CUT
10
226.8097
20
213.1969
0
VERTEX
8
CUT
10
227.0120
20
213.1668
0
VERTEX
8
CUT
10
227.2350
20
213.0732
0
VERTEX
8
CUT
10
227.5751
20
213.0831
0
VERTEX
8
CUT
10
227.6040
20
213.0787
0
VERTEX
8
CUT
10
227.6292
20
213.0846
0
VERTEX
8
CUT
10
228.3138
20
213.1046
0
VERTEX
8
CUT
10
229.4673
20
213.4310
0
VERTEX
8
CUT
10
230.9560
20
214.3849
0
VERTEX
8
CUT
10
230.9728
20
214.3941
0
VERTEX
8
CUT
10
230.9741
20
214.3965
0
VERTEX
8
CUT
10
233.7986
20
216.2063
0
VERTEX
8
CUT
10
235.2366
20
216.9271
0
VERTEX
8
CUT
10
236.1596
20
216.9976
0
VERTEX
8
CUT
10
237.4841
20
216.2030
0
VERTEX
8
CUT
10
237.7708
20
216.2668
0
VERTEX
8
CUT
10
237.9368
20
216.5499
0
VERTEX
8
CUT
10
237.0672
20
217.8926
0
VERTEX
8
CUT
10
235.8484
20
218.3981
0
VERTEX
8
CUT
10
234.8324
20
218.2419
0
VERTEX
8
CUT
10
230.6609
20
216.0902
0
VERTEX
8
CUT
10
229.1574
20
215.7012
0
VERTEX
8
CUT
10
227.9540
20
215.9829
0
VERTEX
8
CUT
10
226.9426
20
217.2305
0
VERTEX
8
CUT
10
226.4833
20
217.2987
0
VERTEX
8
CUT
10
226.0935
20
216.7558
0
VERTEX
8
CUT
10
225.7554
20
215.8344
0
VERTEX
8
CUT
10
225.6743
20
214.9181
0
VERTEX
8
CUT
10
225.7173
20
214.6217
0
VERTEX
8
CUT
10
225.6695
20
214.4845
0
VERTEX
8
CUT
10
225.7594
20
214.3318
0
VERTEX
8
CUT
10
225.7891
20
214.1275
0
VERTEX
8
CUT
10
226.1003
20
213.5497
0
VERTEX
8
CUT
10
226.5991
20
213.3402
0
SEQEND
0
POLYLINE
8
CUT
66
1
70
1
10
0.0
20
0.0
30
0.0
0
VERTEX
8
CUT
10
237.7568
20
196.6284
0
VERTEX
8
CUT
10
237.5826
20
196.9526
0
VERTEX
8
CUT
10
237.2522
20
197.0001
0
VERTEX
8
CUT
10
233.6878
20
195.2814
0
VERTEX
8
CUT
10
231.5153
20
194.8968
0
VERTEX
8
CUT
10
229.7321
20
195.2573
0
VERTEX
8
CUT
10
229.0370
20
195.6922
0
VERTEX
8
CUT
10
228.1752
20
196.7091
0
VERTEX
8
CUT
10
227.8835
20
196.7881
0
VERTEX
8
CUT
10
227.6015
20
196.6025
0
VERTEX
8
CUT
10
227.1009
20
195.5433
0
VERTEX
8
CUT
10
226.9360
20
194.6714
0
VERTEX
8
CUT
10
227.8665
20
193.4662
0
VERTEX
8
CUT
10
228.8092
20
193.1035
0
VERTEX
8
CUT
10
231.5241
20
193.3432
0
VERTEX
8
CUT
10
233.6702
20
193.9575
0
VERTEX
8
CUT
10
235.6342
20
194.9284
0
VERTEX
8
CUT
10
237.5730
20
196.2932
0
SEQEND
0
POLYLINE
8
CUT
66
1
70
1
10
0.0
20
0.0
30
0.0
0
VERTEX
8
CUT
10
227.4289
20
69.7982
0
VERTEX
8
CUT
10
227.5968
20
69.9029
0
VERTEX
8
CUT
10
227.6830
20
70.0076
0
VERTEX
8
CUT
10
228.1723
20
70.4109
0
VERTEX
8
CUT
10
228.4103
20
70.8407
0
VERTEX
8
CUT
10
228.6314
20
71.1500
0
VERTEX
8
CUT
10
228.6748
20
71.3181
0
VERTEX
8
CUT
10
229.1076
20
72.0995
0
VERTEX
8
CUT
10
229.1827
20
73.3044
0
VERTEX
8
CUT
10
228.7418
20
74.5116
0
VERTEX
8
CUT
10
227.9896
20
75.5011
0
VERTEX
8
CUT
10
227.9663
20
75.5398
0
VERTEX
8
CUT
10
227.9539
20
75.5480
0
VERTEX
8
CUT
10
227.8233
20
75.7198
0
VERTEX
8
CUT
10
226.4220
20
76.6734
0
VERTEX
8
CUT
10
225.1642
20
76.7706
0
VERTEX
8
CUT
10
225.0930
20
76.7834
0
VERTEX
8
CUT
10
225.0654
20
76.7782
0
VERTEX
8
CUT
10
224.5964
20
76.8144
0
VERTEX
8
CUT
10
223.4418
20
76.5190
0
VERTEX
8
CUT
10
222.8875
20
75.9982
0
VERTEX
8
CUT
10
222.4705
20
75.7302
0
VERTEX
8
CUT
10
222.0785
20
75.2379
0
VERTEX
8
CUT
10
221.9848
20
75.1498
0
VERTEX
8
CUT
10
221.9423
20
75.0669
0
VERTEX
8
CUT
10
221.6937
20
74.7545
0
VERTEX
8
CUT
10
221.6392
20
74.4748
0
VERTEX
8
CUT
10
221.1952
20
73.6074
0
VERTEX
8
CUT
10
221.2726
20
71.9554
0
VERTEX
8
CUT
10
221.5329
20
71.4723
0
VERTEX
8
CUT
10
221.5760
20
71.1424
0
VERTEX
8
CUT
10
222.3215
20
70.1424
0
VERTEX
8
CUT
10
222.7090
20
69.8869
0
VERTEX
8
CUT
10
222.7113
20
69.8847
0
VERTEX
8
CUT
10
222.7163
20
69.8821
0
VERTEX
8
CUT
10
223.3886
20
69.4389
0
VERTEX
8
CUT
10
223.4675
20
69.3798
0
VERTEX
8
CUT
10
223.4851
20
69.3753
0
VERTEX
8
CUT
10
223.6105
20
69.2927
0
VERTEX
8
CUT
10
224.0818
20
69.1891
0
VERTEX
8
CUT
10
224.2991
20
69.0788
0
VERTEX
8
CUT
10
224.5341
20
69.0664
0
VERTEX
8
CUT
10
224.6187
20
69.0278
0
VERTEX
8
CUT
10
224.7921
20
69.0330
0
VERTEX
8
CUT
10
225.0454
20
68.9774
0
VERTEX
8
CUT
10
225.0655
20
68.9722
0
VERTEX
8
CUT
10
225.0671
20
68.9726
0
VERTEX
8
CUT
10
225.0679
20
68.9724
0
VERTEX
8
CUT
10
225.3501
20
69.0233
0
VERTEX
8
CUT
10
225.8779
20
68.9955
0
VERTEX
8
CUT
10
226.7764
20
69.2604
0
SEQEND
0
POLYLINE
8
CUT
66
1
70
1
10
0.0
20
0.0
30
0.0
0
VERTEX
8
CUT
10
227.3867
20
239.6444
0
VERTEX
8
CUT
10
226.3137
20
241.4620
0
VERTEX
8
CUT
10
224.9313
20
243.1831
0
VERTEX
8
CUT
10
222.9842
20
244.7946
0
VERTEX
8
CUT
10
221.9676
20
244.7733
0
VERTEX
8
CUT
10
221.1371
20
244.2638
0
VERTEX
8
CUT
10
221.0430
20
243.9815
0
VERTEX
8
CUT
10
221.2056
20
243.6916
0
VERTEX
8
CUT
10
222.6231
20
243.3820
0
VERTEX
8
CUT
10
223.5586
20
242.6703
0
VERTEX
8
CUT
10
225.5040
20
240.6851
0
VERTEX
8
CUT
10
226.2650
20
239.5701
0
VERTEX
8
CUT
10
227.8517
20
236.2408
0
VERTEX
8
CUT
10
228.1365
20
236.0633
0
VERTEX
8
CUT
10
228.4536
20
236.1730
0
VERTEX
8
CUT
10
228.4930
20
236.7588
0
SEQEND
0
POLYLINE
8
CUT
66
1
70
1
10
0.0
20
0.0
30
0.0
0
VERTEX
8
CUT
10
227.7164
20
148.1948
0
VERTEX
8
CUT
10
227.1693
20
148.1770
0
VERTEX
8
CUT
10
226.5024
20
147.1467
0
VERTEX
8
CUT
10
224.3867
20
144.7665
0
VERTEX
8
CUT
10
224.5931
20
144.2959
0
VERTEX
8
CUT
10
226.1607
20
144.1189
0
VERTEX
8
CUT
10
226.8884
20
143.7387
0
VERTEX
8
CUT
10
227.3236
20
142.7794
0
VERTEX
8
CUT
10
227.5580
20
140.6909
0
VERTEX
8
CUT
10
227.8362
20
140.4491
0
VERTEX
8
CUT
10
228.1914
20
140.5476
0
VERTEX
8
CUT
10
228.3586
20
141.2113
0
VERTEX
8
CUT
10
228.3875
20
143.3925
0
VERTEX
8
CUT
10
228.0224
20
146.9823
0
SEQEND
0
POLYLINE
8
CUT
66
1
70
1
10
0.0
20
0.0
30
0.0
0
VERTEX
8
CUT
10
221.6572
20
205.4003
0
VERTEX
8
CUT
10
221.2983
20
205.7455
0
VERTEX
8
CUT
10
220.9050
20
205.4923
0
VERTEX
8
CUT
10
219.5862
20
199.5245
0
VERTEX
8
CUT
10
219.2208
20
195.8858
0
VERTEX
8
CUT
10
219.3135
20
194.7480
0
VERTEX
8
CUT
10
219.5992
20
194.4726
0
VERTEX
8
CUT
10
219.9222
20
194.5398
0
VERTEX
8
CUT
10
220.0739
20
194.7931
0
VERTEX
8
CUT
10
220.1570
20
197.3580
0
VERTEX
8
CUT
10
221.3821
20
203.2400
0
SEQEND
0
POLYLINE
8
CUT
66
1
70
1
10
0.0
20
0.0
30
0.0
0
VERTEX
8
CUT
10
220.4286
20
116.4367
0
VERTEX
8
CUT
10
220.2479
20
117.1270
0
VERTEX
8
CUT
10
217.7428
20
120.0620
0
VERTEX
8
CUT
10
216.9853
20
121.6198
0
VERTEX
8
CUT
10
216.6328
20
121.7343
0
VERTEX
8
CUT
10
216.1314
20
121.4118
0
VERTEX
8
CUT
10
215.5917
20
121.4118
0
VERTEX
8
CUT
10
214.8950
20
121.9870
0
VERTEX
8
CUT
10
214.5879
20
122.5815
0
VERTEX
8
CUT
10
214.4075
20
123.9065
0
VERTEX
8
CUT
10
214.6847
20
126.7356
0
VERTEX
8
CUT
10
214.6556
20
128.9065
0
VERTEX
8
CUT
10
214.2783
20
130.4684
0
VERTEX
8
CUT
10
214.0730
20
130.7073
0
VERTEX
8
CUT
10
214.0607
20
130.7382
0
VERTEX
8
CUT
10
214.0361
20
130.7502
0
VERTEX
8
CUT
10
213.7786
20
131.0499
0
VERTEX
8
CUT
10
213.3211
20
131.0500
0
VERTEX
8
CUT
10
213.1070
20
130.7554
0
VERTEX
8
CUT
10
213.0770
20
126.0132
0
VERTEX
8
CUT
10
213.0666
20
125.8093
0
VERTEX
8
CUT
10
212.2711
20
122.6659
0
VERTEX
8
CUT
10
210.9478
20
120.0230
0
VERTEX
8
CUT
10
210.7508
20
119.7384
0
VERTEX
8
CUT
10
209.0322
20
117.8499
0
VERTEX
8
CUT
10
207.4945
20
116.9372
0
VERTEX
8
CUT
10
206.5520
20
116.7952
0
VERTEX
8
CUT
10
205.4933
20
117.3169
0
VERTEX
8
CUT
10
205.0072
20
118.4801
0
VERTEX
8
CUT
10
205.2011
20
119.8937
0
VERTEX
8
CUT
10
205.2864
20
120.0466
0
VERTEX
8
CUT
10
205.5665
20
120.5414
0
VERTEX
8
CUT
10
205.7173
20
120.7564
0
VERTEX
8
CUT
10
205.7354
20
120.7821
0
VERTEX
8
CUT
10
205.7380
20
120.7858
0
VERTEX
8
CUT
10
205.7391
20
120.7874
0
VERTEX
8
CUT
10
206.6695
20
121.8815
0
VERTEX
8
CUT
10
208.0820
20
122.7799
0
VERTEX
8
CUT
10
208.0152
20
124.8878
0
VERTEX
8
CUT
10
207.6935
20
126.1397
0
VERTEX
8
CUT
10
207.6909
20
126.2092
0
VERTEX
8
CUT
10
207.6729
20
126.2197
0
VERTEX
8
CUT
10
207.5872
20
126.5534
0
VERTEX
8
CUT
10
206.9202
20
126.3743
0
VERTEX
8
CUT
10
204.3611
20
124.2364
0
VERTEX
8
CUT
10
204.2357
20
124.0736
0
VERTEX
8
CUT
10
204.0128
20
123.8101
0
VERTEX
8
CUT
10
203.9234
20
123.7377
0
VERTEX
8
CUT
10
202.9066
20
122.5729
0
VERTEX
8
CUT
10
202.8162
20
122.3094
0
VERTEX
8
CUT
10
202.7080
20
122.0913
0
VERTEX
8
CUT
10
202.4108
20
121.7056
0
VERTEX
8
CUT
10
202.0243
20
120.8592
0
VERTEX
8
CUT
10
201.6489
20
119.0947
0
VERTEX
8
CUT
10
201.7581
20
117.2845
0
VERTEX
8
CUT
10
201.7362
20
116.9093
0
VERTEX
8
CUT
10
201.7953
20
116.6347
0
VERTEX
8
CUT
10
201.7737
20
116.5699
0
VERTEX
8
CUT
10
201.8065
20
116.4822
0
VERTEX
8
CUT
10
201.8251
20
116.1749
0
VERTEX
8
CUT
10
201.9832
20
115.7618
0
VERTEX
8
CUT
10
202.0066
20
115.6530
0
VERTEX
8
CUT
10
202.1382
20
115.3567
0
VERTEX
8
CUT
10
202.4512
20
114.5387
0
VERTEX
8
CUT
10
203.3555
20
113.2949
0
VERTEX
8
CUT
10
204.5731
20
112.3216
0
VERTEX
8
CUT
10
206.0565
20
111.7027
0
VERTEX
8
CUT
10
207.6359
20
111.4716
0
VERTEX
8
CUT
10
209.5045
20
111.6176
0
VERTEX
8
CUT
10
211.7230
20
112.3795
0
VERTEX
8
CUT
10
217.5431
20
115.9725
0
VERTEX
8
CUT
10
217.5890
20
115.9928
0
VERTEX
8
CUT
10
217.5956
20
115.9957
0
VERTEX
8
CUT
10
217.6085
20
116.0014
0
VERTEX
8
CUT
10
217.6145
20
116.0040
0
VERTEX
8
CUT
10
218.4198
20
116.1958
0
VERTEX
8
CUT
10
220.1336
20
116.2285
0
SEQEND
0
POLYLINE
8
CUT
66
1
70
1
10
0.0
20
0.0
30
0.0
0
VERTEX
8
CUT
10
213.4496
20
242.9161
0
VERTEX
8
CUT
10
213.3575
20
243.9915
0
VERTEX
8
CUT
10
212.6815
20
246.7568
0
VERTEX
8
CUT
10
211.2681
20
250.9971
0
VERTEX
8
CUT
10
210.8686
20
251.8574
0
VERTEX
8
CUT
10
210.5306
20
252.1647
0
VERTEX
8
CUT
10
210.4385
20
251.6116
0
VERTEX
8
CUT
10
212.0670
20
244.9747
0
VERTEX
8
CUT
10
212.8351
20
242.6088
0
VERTEX
8
CUT
10
213.2960
20
242.3937
0
SEQEND
0
POLYLINE
8
CUT
66
1
70
1
10
0.0
20
0.0
30
0.0
0
VERTEX
8
CUT
10
208.1509
20
106.2887
0
VERTEX
8
CUT
10
208.0057
20
105.9853
0
VERTEX
8
CUT
10
208.1459
20
105.6017
0
VERTEX
8
CUT
10
209.2691
20
104.9222
0
VERTEX
8
CUT
10
212.9943
20
104.3157
0
VERTEX
8
CUT
10
213.4111
20
104.5770
0
VERTEX
8
CUT
10
213.4330
20
105.0770
0
VERTEX
8
CUT
10
213.1058
20
105.6029
0
VERTEX
8
CUT
10
211.6258
20
106.4759
0
VERTEX
8
CUT
10
209.7087
20
106.7709
0
VERTEX
8
CUT
10
208.8452
20
106.6517
0
SEQEND
0
POLYLINE
8
CUT
66
1
70
1
10
0.0
20
0.0
30
0.0
0
VERTEX
8
CUT
10
194.4641
20
267.1427
0
VERTEX
8
CUT
10
196.1169
20
265.2775
0
VERTEX
8
CUT
10
197.5132
20
263.3264
0
VERTEX
8
CUT
10
197.7565
20
262.8856
0
VERTEX
8
CUT
10
198.8521
20
260.7844
0
VERTEX
8
CUT
10
199.4344
20
259.3229
0
VERTEX
8
CUT
10
199.4396
20
259.3054
0
VERTEX
8
CUT
10
199.4601
20
259.2367
0
VERTEX
8
CUT
10
199.5809
20
258.8312
0
VERTEX
8
CUT
10
199.7498
20
258.2649
0
VERTEX
8
CUT
10
200.1392
20
256.7617
0
VERTEX
8
CUT
10
200.4780
20
254.3709
0
VERTEX
8
CUT
10
200.5389
20
251.9656
0
VERTEX
8
CUT
10
200.2625
20
248.0972
0
VERTEX
8
CUT
10
201.4203
20
247.8119
0
VERTEX
8
CUT
10
202.1753
20
247.2992
0
VERTEX
8
CUT
10
202.6298
20
247.4803
0
VERTEX
8
CUT
10
202.7033
20
250.0256
0
VERTEX
8
CUT
10
202.3341
20
252.1595
0
VERTEX
8
CUT
10
202.7954
20
252.8688
0
VERTEX
8
CUT
10
203.3149
20
252.9576
0
VERTEX
8
CUT
10
204.3678
20
252.4385
0
VERTEX
8
CUT
10
204.8260
20
251.9863
0
VERTEX
8
CUT
10
204.8402
20
251.9671
0
VERTEX
8
CUT
10
204.8706
20
251.9256
0
VERTEX
8
CUT
10
204.8749
20
251.9198
0
VERTEX
8
CUT
10
205.9641
20
250.4365
0
VERTEX
8
CUT
10
206.3174
20
249.9354
0
VERTEX
8
CUT
10
207.3845
20
247.7009
0
VERTEX
8
CUT
10
208.1279
20
245.2116
0
VERTEX
8
CUT
10
208.5591
20
242.5761
0
VERTEX
8
CUT
10
208.6809
20
239.8957
0
VERTEX
8
CUT
10
208.4599
20
237.0549
0
VERTEX
8
CUT
10
207.9116
20
234.3743
0
VERTEX
8
CUT
10
207.1590
20
232.0831
0
VERTEX
8
CUT
10
207.3580
20
231.6940
0
VERTEX
8
CUT
10
207.7622
20
231.7116
0
VERTEX
8
CUT
10
208.5435
20
233.2616
0
VERTEX
8
CUT
10
209.0045
20
234.6983
0
VERTEX
8
CUT
10
209.5925
20
236.8376
0
VERTEX
8
CUT
10
210.0437
20
239.5162
0
VERTEX
8
CUT
10
210.1677
20
244.1522
0
VERTEX
8
CUT
10
209.8579
20
246.8596
0
VERTEX
8
CUT
10
208.6191
20
250.5701
0
VERTEX
8
CUT
10
207.8594
20
252.2412
0
VERTEX
8
CUT
10
206.8881
20
253.5135
0
VERTEX
8
CUT
10
203.6101
20
256.8233
0
VERTEX
8
CUT
10
202.2396
20
258.6925
0
VERTEX
8
CUT
10
201.5846
20
261.4118
0
VERTEX
8
CUT
10
200.0518
20
264.1423
0
VERTEX
8
CUT
10
199.5908
20
265.5342
0
VERTEX
8
CUT
10
198.7414
20
266.0919
0
VERTEX
8
CUT
10
196.7483
20
266.7346
0
VERTEX
8
CUT
10
195.1312
20
268.3717
0
VERTEX
8
CUT
10
192.6324
20
270.3885
0
VERTEX
8
CUT
10
189.6800
20
272.1564
0
VERTEX
8
CUT
10
187.9492
20
272.8465
0
VERTEX
8
CUT
10
185.1519
20
273.1856
0
VERTEX
8
CUT
10
183.3408
20
272.9191
0
VERTEX
8
CUT
10
181.4056
20
272.1333
0
VERTEX
8
CUT
10
180.1544
20
270.9898
0
VERTEX
8
CUT
10
180.2194
20
270.6244
0
VERTEX
8
CUT
10
180.5993
20
270.4850
0
VERTEX
8
CUT
10
182.0639
20
271.3278
0
VERTEX
8
CUT
10
183.3737
20
271.6733
0
VERTEX
8
CUT
10
183.4756
20
271.5801
0
VERTEX
8
CUT
10
186.6844
20
271.5244
0
VERTEX
8
CUT
10
187.1388
20
271.4484
0
VERTEX
8
CUT
10
189.0332
20
270.7834
0
VERTEX
8
CUT
10
190.9333
20
269.8446
0
VERTEX
8
CUT
10
192.7621
20
268.6016
0
SEQEND
0
POLYLINE
8
CUT
66
1
70
1
10
0.0
20
0.0
30
0.0
0
VERTEX
8
CUT
10
200.4001
20
88.8506
0
VERTEX
8
CUT
10
200.8826
20
87.8101
0
VERTEX
8
CUT
10
201.8351
20
86.3967
0
VERTEX
8
CUT
10
202.3882
20
85.9666
0
VERTEX
8
CUT
10
202.8798
20
86.1817
0
VERTEX
8
CUT
10
202.7876
20
87.1034
0
VERTEX
8
CUT
10
201.0055
20
91.0671
0
VERTEX
8
CUT
10
200.4832
20
93.0643
0
VERTEX
8
CUT
10
199.9916
20
93.2487
0
VERTEX
8
CUT
10
199.6536
20
93.0029
0
VERTEX
8
CUT
10
199.4692
20
92.5113
0
VERTEX
8
CUT
10
199.8994
20
89.9303
0
VERTEX
8
CUT
10
200.3364
20
88.9880
0
VERTEX
8
CUT
10
200.3603
20
88.9163
0
SEQEND
0
POLYLINE
8
CUT
66
1
70
1
10
0.0
20
0.0
30
0.0
0
VERTEX
8
CUT
10
197.2262
20
75.9498
0
VERTEX
8
CUT
10
197.3184
20
76.7180
0
VERTEX
8
CUT
10
197.1033
20
77.6090
0
VERTEX
8
CUT
10
195.7513
20
81.1733
0
VERTEX
8
CUT
10
194.4916
20
83.1705
0
VERTEX
8
CUT
10
194.0921
20
82.8018
0
VERTEX
8
CUT
10
194.3072
20
81.0811
0
VERTEX
8
CUT
10
195.3826
20
78.4079
0
VERTEX
8
CUT
10
196.9189
20
75.8576
0
SEQEND
0
POLYLINE
8
CUT
66
1
70
1
10
0.0
20
0.0
30
0.0
0
VERTEX
8
CUT
10
194.5223
20
59.3269
0
VERTEX
8
CUT
10
194.7066
20
59.8493
0
VERTEX
8
CUT
10
194.6759
20
60.6482
0
VERTEX
8
CUT
10
193.5698
20
70.5420
0
VERTEX
8
CUT
10
193.3854
20
71.6482
0
VERTEX
8
CUT
10
192.9860
20
72.1090
0
VERTEX
8
CUT
10
192.6480
20
71.8018
0
VERTEX
8
CUT
10
192.5865
20
71.3716
0
VERTEX
8
CUT
10
192.7402
20
68.6984
0
VERTEX
8
CUT
10
193.8463
20
59.6342
0
VERTEX
8
CUT
10
194.0307
20
59.2655
0
SEQEND
0
POLYLINE
8
CUT
66
1
70
1
10
0.0
20
0.0
30
0.0
0
VERTEX
8
CUT
10
126.0950
20
76.5951
0
VERTEX
8
CUT
10
126.1723
20
76.9043
0
VERTEX
8
CUT
10
126.4264
20
76.9913
0
VERTEX
8
CUT
10
126.7665
20
77.6563
0
VERTEX
8
CUT
10
126.0703
20
80.2038
0
VERTEX
8
CUT
10
125.9785
20
81.3503
0
VERTEX
8
CUT
10
126.1727
20
82.7749
0
VERTEX
8
CUT
10
127.0099
20
83.6426
0
VERTEX
8
CUT
10
127.9913
20
84.0526
0
VERTEX
8
CUT
10
130.0199
20
84.3020
0
VERTEX
8
CUT
10
130.6106
20
84.1623
0
VERTEX
8
CUT
10
130.8268
20
84.0001
0
VERTEX
8
CUT
10
137.6481
20
80.6509
0
VERTEX
8
CUT
10
138.7235
20
80.4973
0
VERTEX
8
CUT
10
138.9189
20
80.5841
0
VERTEX
8
CUT
10
140.6874
20
80.6391
0
VERTEX
8
CUT
10
140.7207
20
80.5280
0
VERTEX
8
CUT
10
140.9665
20
80.4359
0
VERTEX
8
CUT
10
142.6872
20
81.0196
0
VERTEX
8
CUT
10
143.0747
20
81.4072
0
VERTEX
8
CUT
10
145.2533
20
82.2077
0
VERTEX
8
CUT
10
146.0044
20
82.3972
0
VERTEX
8
CUT
10
147.1368
20
82.3343
0
VERTEX
8
CUT
10
148.2167
20
81.7173
0
VERTEX
8
CUT
10
150.4093
20
79.2307
0
VERTEX
8
CUT
10
150.5838
20
78.8381
0
VERTEX
8
CUT
10
151.1676
20
78.1928
0
VERTEX
8
CUT
10
151.9050
20
77.5783
0
VERTEX
8
CUT
10
152.7208
20
77.1482
0
VERTEX
8
CUT
10
152.8585
20
77.0487
0
VERTEX
8
CUT
10
153.0321
20
76.9840
0
VERTEX
8
CUT
10
153.5950
20
76.6873
0
VERTEX
8
CUT
10
155.0698
20
76.3493
0
VERTEX
8
CUT
10
155.5307
20
76.4722
0
VERTEX
8
CUT
10
155.6843
20
76.8409
0
VERTEX
8
CUT
10
155.6579
20
76.8633
0
VERTEX
8
CUT
10
157.8492
20
77.6283
0
VERTEX
8
CUT
10
158.8525
20
77.4389
0
VERTEX
8
CUT
10
159.8973
20
76.5497
0
VERTEX
8
CUT
10
163.0720
20
72.9773
0
VERTEX
8
CUT
10
163.8280
20
72.4083
0
VERTEX
8
CUT
10
164.2211
20
72.7866
0
VERTEX
8
CUT
10
163.5432
20
75.3207
0
VERTEX
8
CUT
10
163.5374
20
75.3468
0
VERTEX
8
CUT
10
163.5326
20
75.3686
0
VERTEX
8
CUT
10
163.5319
20
75.3718
0
VERTEX
8
CUT
10
163.5238
20
75.4082
0
VERTEX
8
CUT
10
163.4645
20
76.6738
0
VERTEX
8
CUT
10
163.7612
20
77.7922
0
VERTEX
8
CUT
10
164.4132
20
78.7370
0
VERTEX
8
CUT
10
165.3323
20
79.4251
0
VERTEX
8
CUT
10
166.2948
20
79.6616
0
VERTEX
8
CUT
10
166.9891
20
79.4742
0
VERTEX
8
CUT
10
167.7764
20
78.9245
0
VERTEX
8
CUT
10
168.2061
20
78.6244
0
VERTEX
8
CUT
10
168.2941
20
78.5630
0
VERTEX
8
CUT
10
168.3411
20
78.5302
0
VERTEX
8
CUT
10
168.4251
20
78.4631
0
VERTEX
8
CUT
10
169.2808
20
77.2815
0
VERTEX
8
CUT
10
171.8156
20
68.9442
0
VERTEX
8
CUT
10
173.4441
20
65.0727
0
VERTEX
8
CUT
10
173.8435
20
64.3660
0
VERTEX
8
CUT
10
173.9540
20
64.2678
0
VERTEX
8
CUT
10
174.5471
20
62.9056
0
VERTEX
8
CUT
10
175.0389
20
62.0589
0
VERTEX
8
CUT
10
175.1648
20
61.6929
0
VERTEX
8
CUT
10
176.2402
20
59.7571
0
VERTEX
8
CUT
10
179.4972
20
54.9024
0
VERTEX
8
CUT
10
180.1909
20
54.1124
0
VERTEX
8
CUT
10
180.2860
20
53.9759
0
VERTEX
8
CUT
10
181.5544
20
52.5598
0
VERTEX
8
CUT
10
181.6086
20
52.4981
0
VERTEX
8
CUT
10
181.6914
20
52.3884
0
VERTEX
8
CUT
10
182.8551
20
51.0732
0
VERTEX
8
CUT
10
182.8781
20
51.0526
0
VERTEX
8
CUT
10
183.7067
20
50.1091
0
VERTEX
8
CUT
10
185.1201
20
48.8493
0
VERTEX
8
CUT
10
186.5642
20
48.1733
0
VERTEX
8
CUT
10
186.7751
20
48.2296
0
VERTEX
8
CUT
10
187.3138
20
48.1121
0
VERTEX
8
CUT
10
187.5688
20
48.0277
0
VERTEX
8
CUT
10
187.6369
20
48.0416
0
VERTEX
8
CUT
10
187.7037
20
48.0270
0
VERTEX
8
CUT
10
188.7211
20
48.2249
0
VERTEX
8
CUT
10
188.8007
20
48.2793
0
VERTEX
8
CUT
10
189.1178
20
48.3441
0
VERTEX
8
CUT
10
189.5778
20
48.8108
0
VERTEX
8
CUT
10
189.6598
20
48.8669
0
VERTEX
8
CUT
10
190.3827
20
49.8643
0
VERTEX
8
CUT
10
191.0287
20
52.0979
0
VERTEX
8
CUT
10
191.1475
20
56.9285
0
VERTEX
8
CUT
10
190.6304
20
61.6929
0
VERTEX
8
CUT
10
190.6815
20
61.7543
0
VERTEX
8
CUT
10
190.6201
20
62.8605
0
VERTEX
8
CUT
10
190.4556
20
63.3033
0
VERTEX
8
CUT
10
190.4444
20
63.4061
0
VERTEX
8
CUT
10
189.5078
20
67.9603
0
VERTEX
8
CUT
10
189.2125
20
68.3284
0
VERTEX
8
CUT
10
188.8149
20
68.2904
0
VERTEX
8
CUT
10
188.4481
20
67.7503
0
VERTEX
8
CUT
10
188.2507
20
66.9568
0
VERTEX
8
CUT
10
189.1381
20
61.2293
0
VERTEX
8
CUT
10
189.1392
20
58.8797
0
VERTEX
8
CUT
10
188.8900
20
57.1345
0
VERTEX
8
CUT
10
188.5181
20
56.3191
0
VERTEX
8
CUT
10
188.1235
20
55.9392
0
VERTEX
8
CUT
10
187.3240
20
55.6162
0
VERTEX
8
CUT
10
186.3572
20
55.7143
0
VERTEX
8
CUT
10
185.6791
20
55.9887
0
VERTEX
8
CUT
10
185.0409
20
56.5324
0
VERTEX
8
CUT
10
184.4715
20
57.2666
0
VERTEX
8
CUT
10
183.3969
20
59.4157
0
VERTEX
8
CUT
10
181.3288
20
65.3982
0
VERTEX
8
CUT
10
177.1235
20
74.9737
0
VERTEX
8
CUT
10
176.8298
20
76.9806
0
VERTEX
8
CUT
10
176.9292
20
79.7256
0
VERTEX
8
CUT
10
177.0951
20
80.4641
0
VERTEX
8
CUT
10
177.6899
20
81.5600
0
VERTEX
8
CUT
10
178.8769
20
82.5374
0
VERTEX
8
CUT
10
181.3767
20
84.1228
0
VERTEX
8
CUT
10
182.9919
20
85.5199
0
VERTEX
8
CUT
10
185.6982
20
88.8278
0
VERTEX
8
CUT
10
186.8454
20
90.8405
0
VERTEX
8
CUT
10
188.5692
20
95.1651
0
VERTEX
8
CUT
10
189.3388
20
98.5439
0
VERTEX
8
CUT
10
189.4976
20
100.6740
0
VERTEX
8
CUT
10
189.2766
20
101.2117
0
VERTEX
8
CUT
10
188.6566
20
101.8810
0
VERTEX
8
CUT
10
187.9883
20
101.6648
0
VERTEX
8
CUT
10
187.1519
20
100.6939
0
VERTEX
8
CUT
10
184.9863
20
96.9102
0
VERTEX
8
CUT
10
183.2021
20
94.2206
0
VERTEX
8
CUT
10
183.2251
20
93.7825
0
VERTEX
8
CUT
10
182.8255
20
93.7091
0
VERTEX
8
CUT
10
180.5763
20
91.2291
0
VERTEX
8
CUT
10
180.2962
20
90.5639
0
VERTEX
8
CUT
10
180.5325
20
89.5537
0
VERTEX
8
CUT
10
180.1199
20
88.8758
0
VERTEX
8
CUT
10
179.5774
20
88.5529
0
VERTEX
8
CUT
10
178.3302
20
88.9911
0
VERTEX
8
CUT
10
177.9333
20
88.8305
0
VERTEX
8
CUT
10
177.6091
20
85.7529
0
VERTEX
8
CUT
10
177.0691
20
84.3795
0
VERTEX
8
CUT
10
176.3892
20
83.9453
0
VERTEX
8
CUT
10
175.3404
20
84.0625
0
VERTEX
8
CUT
10
174.5437
20
84.8962
0
VERTEX
8
CUT
10
174.1093
20
86.3461
0
VERTEX
8
CUT
10
173.8445
20
86.4657
0
VERTEX
8
CUT
10
173.2502
20
86.3451
0
VERTEX
8
CUT
10
172.4425
20
84.7245
0
VERTEX
8
CUT
10
171.7844
20
81.7492
0
VERTEX
8
CUT
10
171.3047
20
81.2365
0
VERTEX
8
CUT
10
170.5189
20
80.8486
0
VERTEX
8
CUT
10
169.0637
20
80.9795
0
VERTEX
8
CUT
10
167.4545
20
82.2282
0
VERTEX
8
CUT
10
166.3175
20
82.7335
0
VERTEX
8
CUT
10
163.3441
20
79.7508
0
VERTEX
8
CUT
10
162.2863
20
79.2846
0
VERTEX
8
CUT
10
161.9817
20
79.5410
0
VERTEX
8
CUT
10
161.9294
20
80.0636
0
VERTEX
8
CUT
10
162.6903
20
82.8637
0
VERTEX
8
CUT
10
162.5605
20
83.1675
0
VERTEX
8
CUT
10
162.2760
20
83.2770
0
VERTEX
8
CUT
10
161.3081
20
82.6562
0
VERTEX
8
CUT
10
159.3666
20
80.3798
0
VERTEX
8
CUT
10
158.6021
20
80.0008
0
VERTEX
8
CUT
10
157.2025
20
79.7749
0
VERTEX
8
CUT
10
155.4476
20
78.8245
0
VERTEX
8
CUT
10
154.2373
20
78.4457
0
VERTEX
8
CUT
10
153.2101
20
78.7812
0
VERTEX
8
CUT
10
152.8019
20
79.4975
0
VERTEX
8
CUT
10
152.8911
20
80.1405
0
VERTEX
8
CUT
10
153.3949
20
80.6311
0
VERTEX
8
CUT
10
155.2773
20
81.0257
0
VERTEX
8
CUT
10
157.3522
20
82.0419
0
VERTEX
8
CUT
10
158.7205
20
82.3045
0
VERTEX
8
CUT
10
159.0412
20
82.6187
0
VERTEX
8
CUT
10
159.0758
20
83.5733
0
VERTEX
8
CUT
10
158.3114
20
84.9794
0
VERTEX
8
CUT
10
157.9965
20
86.0304
0
VERTEX
8
CUT
10
157.9976
20
87.2956
0
VERTEX
8
CUT
10
158.2761
20
88.5956
0
VERTEX
8
CUT
10
159.1881
20
90.4929
0
VERTEX
8
CUT
10
163.6063
20
98.0094
0
VERTEX
8
CUT
10
165.2539
20
101.4850
0
VERTEX
8
CUT
10
166.7214
20
106.3335
0
VERTEX
8
CUT
10
166.8053
20
107.3628
0
VERTEX
8
CUT
10
166.4303
20
107.6771
0
VERTEX
8
CUT
10
165.4792
20
106.8998
0
VERTEX
8
CUT
10
164.5210
20
105.2003
0
VERTEX
8
CUT
10
163.0825
20
104.7295
0
VERTEX
8
CUT
10
161.6938
20
103.5459
0
VERTEX
8
CUT
10
161.8009
20
103.0555
0
VERTEX
8
CUT
10
162.7062
20
102.8760
0
VERTEX
8
CUT
10
163.2813
20
102.4287
0
VERTEX
8
CUT
10
163.4811
20
101.5807
0
VERTEX
8
CUT
10
163.0631
20
100.8839
0
VERTEX
8
CUT
10
162.7104
20
100.6605
0
VERTEX
8
CUT
10
162.1593
20
100.7981
0
VERTEX
8
CUT
10
161.6918
20
101.5121
0
VERTEX
8
CUT
10
161.5654
20
102.6750
0
VERTEX
8
CUT
10
161.1955
20
102.8221
0
VERTEX
8
CUT
10
160.8797
20
102.5820
0
VERTEX
8
CUT
10
159.3590
20
99.2940
0
VERTEX
8
CUT
10
159.7180
20
98.9084
0
VERTEX
8
CUT
10
160.5718
20
99.3247
0
VERTEX
8
CUT
10
160.9798
20
99.1248
0
VERTEX
8
CUT
10
161.2081
20
98.6469
0
VERTEX
8
CUT
10
161.0659
20
97.7673
0
VERTEX
8
CUT
10
160.4783
20
97.1656
0
VERTEX
8
CUT
10
160.0251
20
97.0966
0
VERTEX
8
CUT
10
159.7013
20
97.2641
0
VERTEX
8
CUT
10
159.3087
20
97.9704
0
VERTEX
8
CUT
10
158.8388
20
97.9418
0
VERTEX
8
CUT
10
157.5132
20
95.0015
0
VERTEX
8
CUT
10
157.7565
20
94.5677
0
VERTEX
8
CUT
10
158.4497
20
94.6870
0
VERTEX
8
CUT
10
158.8896
20
94.5482
0
VERTEX
8
CUT
10
159.0856
20
94.3350
0
VERTEX
8
CUT
10
159.0995
20
93.8347
0
VERTEX
8
CUT
10
158.8107
20
93.5173
0
VERTEX
8
CUT
10
158.3497
20
93.4117
0
VERTEX
8
CUT
10
157.8473
20
93.7389
0
VERTEX
8
CUT
10
157.5884
20
94.2335
0
VERTEX
8
CUT
10
157.1211
20
94.2029
0
VERTEX
8
CUT
10
153.5786
20
88.5990
0
VERTEX
8
CUT
10
153.5180
20
87.4313
0
VERTEX
8
CUT
10
153.9657
20
86.5733
0
VERTEX
8
CUT
10
154.2849
20
86.3686
0
VERTEX
8
CUT
10
155.4035
20
86.2915
0
VERTEX
8
CUT
10
155.9066
20
85.8359
0
VERTEX
8
CUT
10
155.9679
20
85.2676
0
VERTEX
8
CUT
10
155.4448
20
84.7065
0
VERTEX
8
CUT
10
154.3416
20
85.0362
0
VERTEX
8
CUT
10
153.2234
20
85.9500
0
VERTEX
8
CUT
10
150.8892
20
85.9129
0
VERTEX
8
CUT
10
150.3107
20
86.5305
0
VERTEX
8
CUT
10
149.9875
20
86.6133
0
VERTEX
8
CUT
10
149.4295
20
86.3673
0
VERTEX
8
CUT
10
149.0499
20
85.9461
0
VERTEX
8
CUT
10
149.4008
20
85.1381
0
VERTEX
8
CUT
10
149.3743
20
84.7738
0
VERTEX
8
CUT
10
148.4938
20
84.2296
0
VERTEX
8
CUT
10
145.5236
20
83.7305
0
VERTEX
8
CUT
10
144.0405
20
84.7746
0
VERTEX
8
CUT
10
142.7301
20
83.5116
0
VERTEX
8
CUT
10
141.6338
20
83.2071
0
VERTEX
8
CUT
10
140.6009
20
83.5334
0
VERTEX
8
CUT
10
139.9665
20
84.2235
0
VERTEX
8
CUT
10
139.6405
20
84.3101
0
VERTEX
8
CUT
10
138.0016
20
82.8591
0
VERTEX
8
CUT
10
137.4897
20
82.6563
0
VERTEX
8
CUT
10
136.8628
20
82.8069
0
VERTEX
8
CUT
10
135.7176
20
83.5191
0
VERTEX
8
CUT
10
131.7519
20
86.8484
0
VERTEX
8
CUT
10
130.6226
20
87.3676
0
VERTEX
8
CUT
10
130.1018
20
87.4123
0
VERTEX
8
CUT
10
127.1299
20
86.5234
0
VERTEX
8
CUT
10
126.1983
20
85.7607
0
VERTEX
8
CUT
10
125.0661
20
82.7330
0
VERTEX
8
CUT
10
124.9492
20
79.7505
0
VERTEX
8
CUT
10
124.4072
20
79.1428
0
VERTEX
8
CUT
10
123.6454
20
79.0278
0
VERTEX
8
CUT
10
123.0994
20
79.1659
0
VERTEX
8
CUT
10
122.0673
20
79.9271
0
VERTEX
8
CUT
10
120.5728
20
81.9192
0
VERTEX
8
CUT
10
120.0018
20
83.1821
0
VERTEX
8
CUT
10
119.9517
20
83.8567
0
VERTEX
8
CUT
10
119.6958
20
84.0733
0
VERTEX
8
CUT
10
119.3985
20
84.0319
0
VERTEX
8
CUT
10
118.5732
20
83.3717
0
VERTEX
8
CUT
10
116.5764
20
81.1902
0
VERTEX
8
CUT
10
116.7287
20
80.6962
0
VERTEX
8
CUT
10
118.1259
20
80.5469
0
VERTEX
8
CUT
10
118.9472
20
80.2188
0
VERTEX
8
CUT
10
120.6288
20
79.1532
0
VERTEX
8
CUT
10
122.2850
20
77.9470
0
VERTEX
8
CUT
10
123.7246
20
77.1912
0
VERTEX
8
CUT
10
123.9999
20
77.0168
0
VERTEX
8
CUT
10
124.0881
20
77.0004
0
VERTEX
8
CUT
10
124.7431
20
76.6565
0
VERTEX
8
CUT
10
125.7877
20
76.4414
0
SEQEND
0
POLYLINE
8
CUT
66
1
70
1
10
0.0
20
0.0
30
0.0
0
VERTEX
8
CUT
10
179.7430
20
170.9860
0
VERTEX
8
CUT
10
180.0502
20
171.3547
0
VERTEX
8
CUT
10
180.0502
20
171.6927
0
VERTEX
8
CUT
10
178.9748
20
172.3687
0
VERTEX
8
CUT
10
177.6536
20
172.7681
0
VERTEX
8
CUT
10
176.5782
20
172.7989
0
VERTEX
8
CUT
10
176.3016
20
172.6452
0
VERTEX
8
CUT
10
176.3938
20
172.1229
0
VERTEX
8
CUT
10
176.7933
20
171.7542
0
VERTEX
8
CUT
10
178.6983
20
170.8324
0
SEQEND
0
POLYLINE
8
CUT
66
1
70
1
10
0.0
20
0.0
30
0.0
0
VERTEX
8
CUT
10
173.4614
20
159.3399
0
VERTEX
8
CUT
10
174.0078
20
159.4360
0
VERTEX
8
CUT
10
174.5456
20
160.0862
0
VERTEX
8
CUT
10
174.4430
20
160.4008
0
VERTEX
8
CUT
10
174.1264
20
160.5574
0
VERTEX
8
CUT
10
171.5286
20
160.5398
0
VERTEX
8
CUT
10
171.2969
20
160.2192
0
VERTEX
8
CUT
10
171.4652
20
159.8612
0
SEQEND
0
POLYLINE
8
CUT
66
1
70
1
10
0.0
20
0.0
30
0.0
0
VERTEX
8
CUT
10
172.5619
20
167.2820
0
VERTEX
8
CUT
10
173.6289
20
166.9680
0
VERTEX
8
CUT
10
174.3595
20
167.5116
0
VERTEX
8
CUT
10
174.2658
20
168.1683
0
VERTEX
8
CUT
10
173.6052
20
168.6410
0
VERTEX
8
CUT
10
170.0146
20
169.3485
0
VERTEX
8
CUT
10
169.6232
20
169.0889
0
VERTEX
8
CUT
10
169.7357
20
168.6654
0
SEQEND
0
POLYLINE
8
CUT
66
1
70
1
10
0.0
20
0.0
30
0.0
0
VERTEX
8
CUT
10
149.3097
20
33.4337
0
VERTEX
8
CUT
10
149.3932
20
33.7682
0
VERTEX
8
CUT
10
149.4094
20
33.7954
0
VERTEX
8
CUT
10
149.4170
20
33.8635
0
VERTEX
8
CUT
10
149.8203
20
35.4778
0
VERTEX
8
CUT
10
149.6585
20
36.9999
0
VERTEX
8
CUT
10
149.0370
20
38.4950
0
VERTEX
8
CUT
10
148.8235
20
38.7813
0
VERTEX
8
CUT
10
148.6857
20
39.0512
0
VERTEX
8
CUT
10
148.1923
20
39.6278
0
VERTEX
8
CUT
10
148.0936
20
39.7601
0
VERTEX
8
CUT
10
148.0447
20
39.8003
0
VERTEX
8
CUT
10
147.9784
20
39.8778
0
VERTEX
8
CUT
10
147.8472
20
39.9624
0
VERTEX
8
CUT
10
146.9348
20
40.7113
0
VERTEX
8
CUT
10
145.6430
20
41.3458
0
VERTEX
8
CUT
10
144.1600
20
41.6608
0
VERTEX
8
CUT
10
142.7259
20
41.5717
0
VERTEX
8
CUT
10
141.3569
20
41.1469
0
VERTEX
8
CUT
10
139.9679
20
40.2366
0
VERTEX
8
CUT
10
139.6816
20
39.8663
0
VERTEX
8
CUT
10
139.3927
20
39.6258
0
VERTEX
8
CUT
10
138.5543
20
38.4118
0
VERTEX
8
CUT
10
138.5518
20
38.4049
0
VERTEX
8
CUT
10
138.4524
20
38.2762
0
VERTEX
8
CUT
10
138.2600
20
37.5888
0
VERTEX
8
CUT
10
138.0466
20
36.9919
0
VERTEX
8
CUT
10
138.0277
20
36.7584
0
VERTEX
8
CUT
10
137.8306
20
36.0538
0
VERTEX
8
CUT
10
138.1563
20
33.8037
0
VERTEX
8
CUT
10
138.8480
20
32.6612
0
VERTEX
8
CUT
10
139.0551
20
32.2526
0
VERTEX
8
CUT
10
139.1987
20
32.0819
0
VERTEX
8
CUT
10
139.4358
20
31.6903
0
VERTEX
8
CUT
10
140.9750
20
30.4616
0
VERTEX
8
CUT
10
141.8361
20
30.0816
0
VERTEX
8
CUT
10
143.6097
20
29.7378
0
VERTEX
8
CUT
10
145.5652
20
30.0388
0
VERTEX
8
CUT
10
146.4933
20
30.4023
0
VERTEX
8
CUT
10
146.6135
20
30.4819
0
VERTEX
8
CUT
10
146.6462
20
30.4949
0
VERTEX
8
CUT
10
146.9600
20
30.7114
0
VERTEX
8
CUT
10
148.0368
20
31.4243
0
VERTEX
8
CUT
10
148.1457
20
31.5963
0
VERTEX
8
CUT
10
148.5065
20
31.9619
0
VERTEX
8
CUT
10
149.2106
20
33.2336
0
VERTEX
8
CUT
10
149.2204
20
33.2927
0
SEQEND
0
POLYLINE
8
CUT
66
1
70
1
10
0.0
20
0.0
30
0.0
0
VERTEX
8
CUT
10
147.6629
20
94.9948
0
VERTEX
8
CUT
10
146.9187
20
95.2284
0
VERTEX
8
CUT
10
145.7208
20
95.0970
0
VERTEX
8
CUT
10
140.9408
20
91.0239
0
VERTEX
8
CUT
10
139.5208
20
90.0482
0
VERTEX
8
CUT
10
138.3744
20
89.5463
0
VERTEX
8
CUT
10
138.1751
20
89.1355
0
VERTEX
8
CUT
10
138.5782
20
88.2558
0
VERTEX
8
CUT
10
140.5189
20
86.5798
0
VERTEX
8
CUT
10
141.0762
20
86.4827
0
VERTEX
8
CUT
10
141.6704
20
88.3971
0
VERTEX
8
CUT
10
142.2552
20
89.3644
0
VERTEX
8
CUT
10
143.2387
20
90.3450
0
VERTEX
8
CUT
10
147.1646
20
93.3246
0
VERTEX
8
CUT
10
147.8466
20
94.1497
0
VERTEX
8
CUT
10
147.9130
20
94.7299
0
SEQEND
0
POLYLINE
8
CUT
66
1
70
1
10
0.0
20
0.0
30
0.0
0
VERTEX
8
CUT
10
139.7087
20
135.0834
0
VERTEX
8
CUT
10
132.5596
20
135.0742
0
VERTEX
8
CUT
10
131.3322
20
134.8641
0
VERTEX
8
CUT
10
131.0931
20
134.5052
0
VERTEX
8
CUT
10
131.4417
20
134.1175
0
VERTEX
8
CUT
10
135.7977
20
133.8634
0
VERTEX
8
CUT
10
138.4521
20
134.0119
0
VERTEX
8
CUT
10
139.8970
20
134.3562
0
VERTEX
8
CUT
10
140.0750
20
134.8097
0
SEQEND
0
POLYLINE
8
CUT
66
1
70
1
10
0.0
20
0.0
30
0.0
0
VERTEX
8
CUT
10
134.5660
20
98.0611
0
VERTEX
8
CUT
10
135.2846
20
100.5262
0
VERTEX
8
CUT
10
135.2865
20
101.0254
0
VERTEX
8
CUT
10
135.0445
20
101.2595
0
VERTEX
8
CUT
10
133.5840
20
101.3186
0
VERTEX
8
CUT
10
133.1323
20
100.9835
0
VERTEX
8
CUT
10
133.1510
20
99.6030
0
VERTEX
8
CUT
10
133.7120
20
97.6329
0
VERTEX
8
CUT
10
134.2197
20
97.4768
0
SEQEND
0
POLYLINE
8
CUT
66
1
70
1
10
0.0
20
0.0
30
0.0
0
VERTEX
8
CUT
10
134.6933
20
117.5585
0
VERTEX
8
CUT
10
133.4864
20
117.3266
0
VERTEX
8
CUT
10
129.6836
20
115.6700
0
VERTEX
8
CUT
10
127.2572
20
114.0583
0
VERTEX
8
CUT
10
126.3512
20
113.2367
0
VERTEX
8
CUT
10
125.3796
20
111.8163
0
VERTEX
8
CUT
10
125.4978
20
111.4056
0
VERTEX
8
CUT
10
125.9215
20
111.3506
0
VERTEX
8
CUT
10
127.6747
20
112.9767
0
VERTEX
8
CUT
10
128.0931
20
113.2652
0
VERTEX
8
CUT
10
131.3492
20
114.8492
0
VERTEX
8
CUT
10
134.0224
20
115.7710
0
VERTEX
8
CUT
10
134.7291
20
116.1704
0
VERTEX
8
CUT
10
134.8439
20
116.4001
0
VERTEX
8
CUT
10
135.1396
20
116.6867
0
VERTEX
8
CUT
10
135.1290
20
117.3140
0
SEQEND
0
POLYLINE
8
CUT
66
1
70
1
10
0.0
20
0.0
30
0.0
0
VERTEX
8
CUT
10
130.1201
20
98.7179
0
VERTEX
8
CUT
10
129.7207
20
98.6565
0
VERTEX
8
CUT
10
128.8296
20
97.7654
0
VERTEX
8
CUT
10
127.3855
20
95.4302
0
VERTEX
8
CUT
10
129.8129
20
96.8129
0
VERTEX
8
CUT
10
130.4274
20
97.6425
0
VERTEX
8
CUT
10
130.3967
20
98.3800
0
SEQEND
0
POLYLINE
8
CUT
66
1
70
1
10
0.0
20
0.0
30
0.0
0
VERTEX
8
CUT
10
127.0168
20
94.6314
0
VERTEX
8
CUT
10
127.0782
20
95.1230
0
VERTEX
8
CUT
10
126.3715
20
94.8464
0
VERTEX
8
CUT
10
124.6816
20
93.3101
0
VERTEX
8
CUT
10
124.3436
20
92.7878
0
VERTEX
8
CUT
10
124.5894
20
92.4191
0
VERTEX
8
CUT
10
125.2961
20
92.7571
0
VERTEX
8
CUT
10
126.3715
20
93.7710
0
SEQEND
0
POLYLINE
8
CUT
66
1
70
1
10
0.0
20
0.0
30
0.0
0
VERTEX
8
CUT
10
123.5140
20
87.8716
0
VERTEX
8
CUT
10
124.2514
20
90.0224
0
VERTEX
8
CUT
10
124.2514
20
91.0057
0
VERTEX
8
CUT
10
124.0363
20
91.1593
0
VERTEX
8
CUT
10
123.7291
20
90.9749
0
VERTEX
8
CUT
10
121.3632
20
86.6425
0
VERTEX
8
CUT
10
121.3017
20
86.3046
0
VERTEX
8
CUT
10
121.5783
20
86.2431
0
VERTEX
8
CUT
10
122.7458
20
86.7962
0
SEQEND
0
POLYLINE
8
CUT
66
1
70
1
10
0.0
20
0.0
30
0.0
0
VERTEX
8
CUT
10
106.1844
20
211.9748
0
VERTEX
8
CUT
10
106.1537
20
212.8351
0
VERTEX
8
CUT
10
105.0475
20
215.0474
0
VERTEX
8
CUT
10
104.4023
20
215.7848
0
VERTEX
8
CUT
10
103.9721
20
215.9077
0
VERTEX
8
CUT
10
103.7878
20
215.7234
0
VERTEX
8
CUT
10
103.8800
20
215.2318
0
VERTEX
8
CUT
10
105.2012
20
212.3128
0
VERTEX
8
CUT
10
105.9386
20
211.6368
0
SEQEND
0
POLYLINE
8
CUT
66
1
70
1
10
0.0
20
0.0
30
0.0
0
VERTEX
8
CUT
10
100.2775
20
37.2376
0
VERTEX
8
CUT
10
100.5227
20
37.4673
0
VERTEX
8
CUT
10
100.6013
20
37.6762
0
VERTEX
8
CUT
10
100.6578
20
37.7527
0
VERTEX
8
CUT
10
101.0338
20
38.7560
0
VERTEX
8
CUT
10
101.0379
20
38.8375
0
VERTEX
8
CUT
10
101.0584
20
38.8919
0
VERTEX
8
CUT
10
101.0512
20
39.0720
0
VERTEX
8
CUT
10
101.0552
20
39.0824
0
VERTEX
8
CUT
10
101.0553
20
39.1770
0
VERTEX
8
CUT
10
101.0816
20
39.6930
0
VERTEX
8
CUT
10
101.0559
20
39.8031
0
VERTEX
8
CUT
10
101.0561
20
39.9332
0
VERTEX
8
CUT
10
101.0140
20
40.0096
0
VERTEX
8
CUT
10
100.9960
20
40.4608
0
VERTEX
8
CUT
10
100.5077
20
41.2631
0
VERTEX
8
CUT
10
100.3728
20
41.5087
0
VERTEX
8
CUT
10
99.5632
20
42.2578
0
VERTEX
8
CUT
10
99.3956
20
42.3219
0
VERTEX
8
CUT
10
99.2622
20
42.4410
0
VERTEX
8
CUT
10
98.7686
20
42.5619
0
VERTEX
8
CUT
10
97.9880
20
42.8607
0
VERTEX
8
CUT
10
96.8805
20
42.7923
0
VERTEX
8
CUT
10
95.9618
20
42.3282
0
VERTEX
8
CUT
10
95.4091
20
42.0754
0
VERTEX
8
CUT
10
94.9654
20
41.4934
0
VERTEX
8
CUT
10
94.7210
20
41.2112
0
VERTEX
8
CUT
10
94.6947
20
41.1383
0
VERTEX
8
CUT
10
94.5757
20
40.9822
0
VERTEX
8
CUT
10
94.3891
20
40.2928
0
VERTEX
8
CUT
10
94.2237
20
39.8351
0
VERTEX
8
CUT
10
94.2298
20
39.7042
0
VERTEX
8
CUT
10
94.1985
20
39.5883
0
VERTEX
8
CUT
10
94.2529
20
39.2126
0
VERTEX
8
CUT
10
94.2856
20
38.5161
0
VERTEX
8
CUT
10
94.3837
20
38.3102
0
VERTEX
8
CUT
10
94.3911
20
38.2593
0
VERTEX
8
CUT
10
94.5057
20
38.0542
0
VERTEX
8
CUT
10
94.8647
20
37.3008
0
VERTEX
8
CUT
10
94.9757
20
37.2130
0
VERTEX
8
CUT
10
95.0701
20
37.0439
0
VERTEX
8
CUT
10
95.6522
20
36.5258
0
VERTEX
8
CUT
10
96.0709
20
36.3467
0
VERTEX
8
CUT
10
96.3720
20
36.1085
0
VERTEX
8
CUT
10
97.1033
20
35.9052
0
VERTEX
8
CUT
10
97.3162
20
35.8142
0
VERTEX
8
CUT
10
97.3898
20
35.8256
0
VERTEX
8
CUT
10
97.5347
20
35.7853
0
VERTEX
8
CUT
10
98.6410
20
35.9885
0
VERTEX
8
CUT
10
99.0989
20
36.2813
0
VERTEX
8
CUT
10
99.1045
20
36.2839
0
VERTEX
8
CUT
10
99.2124
20
36.3095
0
VERTEX
8
CUT
10
99.2843
20
36.3668
0
VERTEX
8
CUT
10
99.4088
20
36.4242
0
VERTEX
8
CUT
10
99.4699
20
36.4814
0
VERTEX
8
CUT
10
99.6135
20
36.5422
0
VERTEX
8
CUT
10
99.7643
20
36.7069
0
VERTEX
8
CUT
10
99.9942
20
36.8539
0
SEQEND
0
POLYLINE
8
CUT
66
1
70
1
10
0.0
20
0.0
30
0.0
0
VERTEX
8
CUT
10
42.0035
20
106.4281
0
VERTEX
8
CUT
10
42.2446
20
106.5345
0
VERTEX
8
CUT
10
42.3907
20
106.6719
0
VERTEX
8
CUT
10
42.8242
20
106.9448
0
VERTEX
8
CUT
10
43.8426
20
108.1025
0
VERTEX
8
CUT
10
44.4726
20
109.4034
0
VERTEX
8
CUT
10
44.7643
20
110.8111
0
VERTEX
8
CUT
10
44.7624
20
110.8600
0
VERTEX
8
CUT
10
44.8577
20
111.2249
0
VERTEX
8
CUT
10
44.7915
20
111.9276
0
VERTEX
8
CUT
10
44.7121
20
112.1474
0
VERTEX
8
CUT
10
44.7071
20
112.2751
0
VERTEX
8
CUT
10
44.2793
20
113.6360
0
VERTEX
8
CUT
10
43.4190
20
114.9990
0
VERTEX
8
CUT
10
42.2277
20
116.0456
0
VERTEX
8
CUT
10
41.1830
20
116.5863
0
VERTEX
8
CUT
10
38.9614
20
116.9714
0
VERTEX
8
CUT
10
36.8310
20
116.4686
0
VERTEX
8
CUT
10
36.4877
20
116.2265
0
VERTEX
8
CUT
10
36.3814
20
116.1840
0
VERTEX
8
CUT
10
36.2066
20
116.0282
0
VERTEX
8
CUT
10
35.0289
20
115.1977
0
VERTEX
8
CUT
10
34.3126
20
114.2100
0
VERTEX
8
CUT
10
34.2038
20
113.9296
0
VERTEX
8
CUT
10
33.8696
20
113.3911
0
VERTEX
8
CUT
10
33.8094
20
112.9130
0
VERTEX
8
CUT
10
33.6245
20
112.4364
0
VERTEX
8
CUT
10
33.5162
20
110.6361
0
VERTEX
8
CUT
10
33.9828
20
108.9347
0
VERTEX
8
CUT
10
34.9515
20
107.4507
0
VERTEX
8
CUT
10
36.2266
20
106.3784
0
VERTEX
8
CUT
10
37.7455
20
105.7114
0
VERTEX
8
CUT
10
38.3321
20
105.6647
0
VERTEX
8
CUT
10
38.5913
20
105.5633
0
VERTEX
8
CUT
10
38.9590
20
105.6149
0
VERTEX
8
CUT
10
39.5151
20
105.5707
0
VERTEX
8
CUT
10
40.0310
20
105.7046
0
VERTEX
8
CUT
10
40.4411
20
105.7385
0
VERTEX
8
CUT
10
40.8401
20
105.9146
0
VERTEX
8
CUT
10
41.4316
20
106.0681
0
SEQEND
0
POLYLINE
8
CUT
66
1
70
1
10
0.0
20
0.0
30
0.0
0
VERTEX
8
CUT
10
35.3175
20
149.2841
0
VERTEX
8
CUT
10
35.3733
20
149.5607
0
VERTEX
8
CUT
10
35.4712
20
149.8196
0
VERTEX
8
CUT
10
35.5029
20
150.2029
0
VERTEX
8
CUT
10
35.6377
20
150.8712
0
VERTEX
8
CUT
10
35.5781
20
151.1125
0
VERTEX
8
CUT
10
35.5810
20
151.1466
0
VERTEX
8
CUT
10
35.4648
20
151.5713
0
VERTEX
8
CUT
10
35.2497
20
152.4423
0
VERTEX
8
CUT
10
34.7401
20
153.2121
0
VERTEX
8
CUT
10
34.7353
20
153.2161
0
VERTEX
8
CUT
10
34.5612
20
153.4801
0
VERTEX
8
CUT
10
33.8050
20
153.9837
0
VERTEX
8
CUT
10
33.3843
20
154.3309
0
VERTEX
8
CUT
10
31.9248
20
154.7921
0
VERTEX
8
CUT
10
30.4645
20
154.5341
0
VERTEX
8
CUT
10
30.2879
20
154.4127
0
VERTEX
8
CUT
10
30.1599
20
154.3995
0
VERTEX
8
CUT
10
29.2251
20
153.7349
0
VERTEX
8
CUT
10
29.1577
20
153.6360
0
VERTEX
8
CUT
10
29.0582
20
153.5677
0
VERTEX
8
CUT
10
28.0918
20
152.1613
0
VERTEX
8
CUT
10
27.8330
20
150.7710
0
VERTEX
8
CUT
10
27.9903
20
149.9305
0
VERTEX
8
CUT
10
28.4053
20
149.1935
0
VERTEX
8
CUT
10
28.5455
20
148.7492
0
VERTEX
8
CUT
10
28.7584
20
148.5664
0
VERTEX
8
CUT
10
28.7910
20
148.5086
0
VERTEX
8
CUT
10
29.9163
20
147.4857
0
VERTEX
8
CUT
10
31.0522
20
147.1122
0
VERTEX
8
CUT
10
31.3090
20
147.0140
0
VERTEX
8
CUT
10
31.3441
20
147.0163
0
VERTEX
8
CUT
10
31.4438
20
146.9835
0
VERTEX
8
CUT
10
31.9551
20
147.0461
0
VERTEX
8
CUT
10
32.2177
20
147.0370
0
VERTEX
8
CUT
10
32.3249
20
147.0807
0
VERTEX
8
CUT
10
32.3700
20
147.0836
0
VERTEX
8
CUT
10
32.4046
20
147.1012
0
VERTEX
8
CUT
10
33.0539
20
147.1808
0
VERTEX
8
CUT
10
34.3281
20
147.9166
0
VERTEX
8
CUT
10
35.0830
20
148.9599
0
VERTEX
8
CUT
10
35.2143
20
149.1400
0
VERTEX
8
CUT
10
35.2154
20
149.1430
0
SEQEND
0
POLYLINE
8
CUT
66
1
70
1
10
0.0
20
0.0
30
0.0
0
VERTEX
8
CUT
10
176.8190
20
191.7730
0
VERTEX
8
CUT
10
176.2908
20
192.8183
0
VERTEX
8
CUT
10
176.0931
20
193.8919
0
VERTEX
8
CUT
10
176.2253
20
194.8938
0
VERTEX
8
CUT
10
176.7214
20
195.8199
0
VERTEX
8
CUT
10
177.9844
20
196.8906
0
VERTEX
8
CUT
10
178.0619
20
196.9303
0
VERTEX
8
CUT
10
179.7948
20
197.3121
0
VERTEX
8
CUT
10
181.6348
20
197.0376
0
VERTEX
8
CUT
10
182.1518
20
196.9135
0
VERTEX
8
CUT
10
183.0331
20
196.5897
0
VERTEX
8
CUT
10
186.4720
20
195.1675
0
VERTEX
8
CUT
10
188.4692
20
194.6759
0
VERTEX
8
CUT
10
189.2066
20
194.8910
0
VERTEX
8
CUT
10
189.6368
20
195.4133
0
VERTEX
8
CUT
10
189.6667
20
195.5928
0
VERTEX
8
CUT
10
189.7380
20
195.6577
0
VERTEX
8
CUT
10
189.7991
20
195.9909
0
VERTEX
8
CUT
10
189.8484
20
196.0540
0
VERTEX
8
CUT
10
189.8208
20
196.1092
0
VERTEX
8
CUT
10
189.8250
20
196.1317
0
VERTEX
8
CUT
10
188.4839
20
200.2051
0
VERTEX
8
CUT
10
188.3828
20
201.3184
0
VERTEX
8
CUT
10
188.6105
20
202.3061
0
VERTEX
8
CUT
10
189.2570
20
203.4391
0
VERTEX
8
CUT
10
190.1496
20
204.2014
0
VERTEX
8
CUT
10
190.5742
20
204.4449
0
VERTEX
8
CUT
10
190.9728
20
204.6048
0
VERTEX
8
CUT
10
192.4194
20
204.7297
0
VERTEX
8
CUT
10
193.7924
20
204.3072
0
VERTEX
8
CUT
10
194.3716
20
203.8773
0
VERTEX
8
CUT
10
196.1817
20
202.1081
0
VERTEX
8
CUT
10
197.1340
20
200.9441
0
VERTEX
8
CUT
10
199.4078
20
198.7625
0
VERTEX
8
CUT
10
199.9931
20
198.3825
0
VERTEX
8
CUT
10
200.0033
20
198.3726
0
VERTEX
8
CUT
10
200.0296
20
198.3588
0
VERTEX
8
CUT
10
201.1591
20
197.6256
0
VERTEX
8
CUT
10
206.5977
20
194.7988
0
VERTEX
8
CUT
10
208.9943
20
193.3547
0
VERTEX
8
CUT
10
211.1958
20
191.4207
0
VERTEX
8
CUT
10
211.7603
20
190.8850
0
VERTEX
8
CUT
10
214.6817
20
187.5949
0
VERTEX
8
CUT
10
215.3076
20
186.7001
0
VERTEX
8
CUT
10
215.3676
20
186.5998
0
VERTEX
8
CUT
10
215.4182
20
186.5153
0
VERTEX
8
CUT
10
215.4245
20
186.5048
0
VERTEX
8
CUT
10
216.1177
20
185.3472
0
VERTEX
8
CUT
10
216.7859
20
183.9973
0
VERTEX
8
CUT
10
217.2399
20
182.8635
0
VERTEX
8
CUT
10
217.2949
20
182.7262
0
VERTEX
8
CUT
10
217.3184
20
182.6677
0
VERTEX
8
CUT
10
217.4157
20
182.4244
0
VERTEX
8
CUT
10
218.0176
20
179.7276
0
VERTEX
8
CUT
10
218.1143
20
177.9469
0
VERTEX
8
CUT
10
217.8678
20
175.0810
0
VERTEX
8
CUT
10
217.3021
20
173.6145
0
VERTEX
8
CUT
10
216.3253
20
172.2439
0
VERTEX
8
CUT
10
214.4642
20
170.6441
0
VERTEX
8
CUT
10
213.8073
20
170.2906
0
VERTEX
8
CUT
10
212.5125
20
169.9824
0
VERTEX
8
CUT
10
210.9658
20
170.0462
0
VERTEX
8
CUT
10
209.3921
20
170.4296
0
VERTEX
8
CUT
10
207.2328
20
171.6534
0
VERTEX
8
CUT
10
204.7689
20
173.7785
0
VERTEX
8
CUT
10
201.5093
20
176.9857
0
VERTEX
8
CUT
10
201.1729
20
176.9927
0
VERTEX
8
CUT
10
200.5056
20
176.5239
0
VERTEX
8
CUT
10
199.4192
20
176.7231
0
VERTEX
8
CUT
10
192.4922
20
180.6924
0
VERTEX
8
CUT
10
186.0614
20
183.8833
0
VERTEX
8
CUT
10
184.4592
20
185.3307
0
VERTEX
8
CUT
10
183.2242
20
187.1225
0
VERTEX
8
CUT
10
179.9927
20
188.8625
0
VERTEX
8
CUT
10
178.6773
20
189.7674
0
SEQEND
0
ENDSEC
0
EOF
